long,long,long,long,long,long,long,long,long,None,None,str,None,None,None,None,None,None,None,None,None,None,None,None,None,flags,long,long,long,long,long,
34,6,5,0,10,0,0,0,0,,,"Atteindre le niveau 10",,,,,,,,,,,,,,0xFF01FE,2,0,0,0,1,
35,7,5,0,20,0,0,0,0,,,"Atteindre le niveau 20",,,,,,,,,,,,,,0xFF01FE,2,0,0,0,1,
36,8,5,0,30,0,0,0,0,,,"Atteindre le niveau 30",,,,,,,,,,,,,,0xFF01FE,2,0,0,0,1,
37,9,5,0,40,0,0,0,0,,,"Atteindre le niveau 40",,,,,,,,,,,,,,0xFF01FE,2,0,0,0,1,
38,10,5,0,50,0,0,0,0,,,"Atteindre le niveau 50",,,,,,,,,,,,,,0xFF01FE,2,0,0,0,1,
39,11,5,0,60,0,0,0,0,,,"Atteindre le niveau 60",,,,,,,,,,,,,,0xFF01FE,2,0,0,0,1,
40,12,5,0,70,0,0,0,0,,,"Atteindre le niveau 70",,,,,,,,,,,,,,0xFF01FE,2,0,0,0,1,
41,13,5,0,80,0,0,0,0,,,"Atteindre le niveau 80",,,,,,,,,,,,,,0xFF01FE,2,0,0,0,1,
72,31,10,0,5,2,0,2,0,,,"Achever une quête journalière chaque jour pendant cinq jours consécutifs",,,,,,,,,,,,,,0xFF01FE,1,0,0,0,1,
73,32,9,0,2000,0,0,0,0,,,"Achever 2 000 quêtes",,,,,,,,,,,,,,0xFF01FE,1,0,0,0,1,
74,33,11,3537,130,0,0,0,0,,,"Achever 130 quêtes dans la toundra Boréenne",,,,,,,,,,,,,,0xFF01FE,3,0,0,0,1,
75,34,11,495,130,0,0,0,0,,,"Achever 130 quêtes dans le fjord Hurlant",,,,,,,,,,,,,,0xFF01FE,1,0,0,0,1,
76,35,11,65,115,0,0,0,0,,,"Achever 115 quêtes dans la Désolation des dragons",,,,,,,,,,,,,,0xFF01FE,1,0,0,0,1,
77,36,11,66,100,0,0,0,0,,,"Achever 100 quêtes à Zul'Drak",,,,,,,,,,,,,,0xFF01FE,1,0,0,0,1,
78,37,11,394,85,0,0,0,0,,,"Achever 85 quêtes dans les Grisonnes",,,,,,,,,,,,,,0xFF01FE,1,0,0,0,1,
79,38,11,67,100,0,0,0,0,,,"Achever 100 quêtes aux pics Foudroyés",,,,,,,,,,,,,,0xFF01FE,1,0,0,0,1,
80,39,11,3711,75,0,0,0,0,,,"Achever 75 quêtes dans le bassin de Sholazar",,,,,,,,,,,,,,0xFF01FE,1,0,0,0,1,
81,40,11,210,140,0,0,0,0,,,"Achever 140 quêtes sur le glacier de la Couronne de glace",,,,,,,,,,,,,,0xFF01FE,1,0,0,0,1,
82,41,8,33,1,0,0,0,0,,,"Ma tendre toundra",,,,,,,,,,,,,,0xFF01FE,0,0,0,0,1,
94,46,8,42,1,0,0,0,0,,,"Royaumes de l'est",,,,,,,,,,,,,,0xFF01FE,0,0,0,0,1,
100,49,1,30,0,0,0,0,0,,,"Victoires dans la vallée d'Alterac",,,,,,,,,,,,,,0xFF01FE,0,0,0,0,1,
102,51,1,529,0,0,0,0,0,,,"Victoires dans le bassin d'Arathi",,,,,,,,,,,,,,0xFF01FE,0,0,0,0,1,
104,53,15,30,0,0,0,0,0,,,"Batailles pour la vallée d'Alterac",,,,,,,,,,,,,,0xFF01FE,0,0,0,0,1,
105,54,15,566,0,0,0,0,0,,,"Batailles pour l'Œil du cyclone",,,,,,,,,,,,,,0xFF01FE,0,0,0,0,1,
106,55,15,529,0,0,0,0,0,,,"Batailles pour le bassin d'Arathi",,,,,,,,,,,,,,0xFF01FE,0,0,0,0,1,
107,56,16,489,0,0,0,0,0,,,"Morts dans le goulet des Chanteguerres",,,,,,,,,,,,,,0xFF01FE,0,0,0,0,1,
108,57,16,30,0,0,0,0,0,,,"Morts dans la vallée d'Alterac",,,,,,,,,,,,,,0xFF01FE,0,0,0,0,1,
110,59,16,529,0,0,0,0,0,,,"Morts dans le bassin d'Arathi",,,,,,,,,,,,,,0xFF01FE,0,0,0,0,1,
111,60,17,0,0,0,0,0,0,,,"Nombre total de morts",,,,,,,,,,,,,,0xFF01FE,0,0,0,0,1,
123,73,30,122,3,3,529,3,529,,,"Attaquer 3 bases dans une même bataille pour le bassin d'Arathi.",,,,,,,,,,,,,,0xFF01FE,10,0,0,0,1,
140,105,1,489,0,0,0,0,0,,,"Victoires dans le goulet des Chanteguerres",,,,,,,,,,,,,,0xFF01FE,0,0,0,0,1,
147,112,26,1,0,0,0,0,0,,,"Morts par noyade",,,,,,,,,,,,,,0xFF01FE,0,0,0,0,1,
148,113,26,0,0,0,0,0,0,,,"Morts de fatigue",,,,,,,,,,,,,,0xFF01FE,0,0,0,0,1,
149,114,26,2,0,0,0,0,0,,,"Morts des suites d'une chute",,,,,,,,,,,,,,0xFF01FE,0,0,0,0,1,
150,115,26,5,0,0,0,0,0,,,"Morts par le feu ou la lave",,,,,,,,,,,,,,0xFF01FE,0,0,0,0,1,
162,197,13,0,0,0,0,0,0,,,"Dégâts totaux infligés",,,,,,,,,,,,,,0xFF01FE,0,0,0,0,1,
164,281,7,171,0,0,0,0,0,,,"",,,,,,,,,,,,,,0xFF01FF,0,0,0,0,1,
166,154,1,529,1,0,0,0,0,,,"Victoire dans le bassin d'Arathi",,,,,,,,,,,,,,0xFF01FE,2,0,0,0,1,
167,16,7,162,400,0,0,0,0,,,"400 en compétence Mains nues",,,,,,,,,,,,,,0xFF01FE,1,0,0,0,1,
168,121,40,185,2,0,0,0,0,,,"Devenir un compagnon cuisinier",,,,,,,,,,,,,,0xFF01FE,2,0,0,0,1,
169,321,18,5,0,0,0,0,0,,,"Instances à 5",,,,,,,,,,,,,,0xFF01FE,0,0,0,0,1,
176,155,1,529,100,0,0,0,0,,,"100 victoires dans le bassin d'Arathi",,,,,,,,,,,,,,0xFF01FE,1,0,0,0,1,
177,166,1,489,1,0,0,0,0,,,"Victoire dans le goulet des Chanteguerres",,,,,,,,,,,,,,0xFF01FE,2,0,0,0,1,
189,477,0,23953,1,0,0,0,0,,,"Prince Keleseth",,,,,,,,,,,,,,0xFF01FE,0,0,0,0,1,
195,478,0,26731,1,0,0,0,0,,,"Grand magus Telestra",,,,,,,,,,,,,,0xFF01FE,0,0,0,0,1,
199,482,0,26630,1,0,0,0,0,,,"Trollétripe",,,,,,,,,,,,,,0xFF01FE,0,0,0,0,1,
203,487,0,27654,1,0,0,0,0,,,"Drakos l'Interrogateur",,,,,,,,,,,,,,0xFF01FE,0,0,0,0,1,
209,488,0,26693,1,0,0,0,0,,,"Skadi le Brutal",,,,,,,,,,,,,,0xFF01FE,0,0,0,0,1,
211,479,0,26529,1,0,0,0,0,,,"Grancrochet",,,,,,,,,,,,,,0xFF01FE,0,0,0,0,1,
215,485,0,27975,1,0,0,0,0,,,"Damoiselle de peine",,,,,,,,,,,,,,0xFF01FE,0,0,0,0,1,
218,486,0,28586,1,0,0,0,0,,,"Général Bjarngrim",,,,,,,,,,,,,,0xFF01FE,0,0,0,0,1,
221,167,1,489,100,0,0,0,0,,,"100 victoires dans le goulet des Chanteguerres",,,,,,,,,,,,,,0xFF01FE,1,0,0,0,1,
222,208,1,566,1,0,0,0,0,,,"Victoire dans l'Œil du cyclone",,,,,,,,,,,,,,0xFF01FE,2,0,0,0,1,
223,209,1,566,100,0,0,0,0,,,"100 victoires dans l'Œil du cyclone",,,,,,,,,,,,,,0xFF01FE,1,0,0,0,1,
224,218,1,30,1,0,0,0,0,,,"Victoire dans la vallée d'Alterac",,,,,,,,,,,,,,0xFF01FE,2,0,0,0,1,
225,219,1,30,100,0,0,0,0,,,"100 victoires dans la vallée d'Alterac",,,,,,,,,,,,,,0xFF01FE,1,0,0,0,1,
226,230,8,1167,0,0,0,0,0,,,"Maîtrise de la vallée d'Alterac",,,,,,,,,,,,,,0xFF01FE,0,0,0,0,1,
230,503,9,0,50,0,0,0,0,,,"Achever 50 quêtes",,,,,,,,,,,,,,0xFF01FE,1,0,0,0,1,
231,504,9,0,100,0,0,0,0,,,"Achever 100 quêtes",,,,,,,,,,,,,,0xFF01FE,1,0,0,0,1,
232,505,9,0,250,0,0,0,0,,,"Achever 250 quêtes",,,,,,,,,,,,,,0xFF01FE,1,0,0,0,1,
233,506,9,0,500,0,0,0,0,,,"Achever 500 quêtes",,,,,,,,,,,,,,0xFF01FE,1,0,0,0,1,
234,507,9,0,1000,0,0,0,0,,,"Achever 1 000 quêtes",,,,,,,,,,,,,,0xFF01FE,1,0,0,0,1,
236,508,9,0,1500,0,0,0,0,,,"Achever 1 500 quêtes",,,,,,,,,,,,,,0xFF01FE,1,0,0,0,1,
285,547,27,12499,1,0,0,0,0,,,"Retour à Angrathar - Alliance",,,,,,,,,,,,,,0xFF01FE,2,0,0,0,1,
306,397,37,0,1,0,0,0,0,,,"Gagner un match d'arène du championnat",,,,,,,,,,,,,,0xFF01FE,2,0,0,0,1,
307,398,37,0,100,0,0,0,0,,,"Gagner 100 matchs d'arène du championnat",,,,,,,,,,,,,,0xFF01FE,1,0,0,0,1,
308,158,30,122,50,0,0,0,0,,,"Prendre 50 drapeaux au bassin d'Arathi",,,,,,,,,,,,,,0xFF01FE,1,0,0,0,1,
318,429,36,17182,1,0,0,0,0,,,"Sulfuras, Main de Ragnaros",,,,,,,,,,,,,,0xFF01FE,2,0,0,0,1,
325,426,36,32838,1,0,0,0,0,,,"Glaive de guerre d'Azzinoth (main gauche)",,,,,,,,,,,,,,0xFF01FE,2,0,0,0,1,
328,416,27,8743,1,0,0,0,0,,,"Seigneur scarabée",,,,,,,,,,,,,,0xFF01FE,2,0,0,0,1,
329,399,39,2,1550,0,0,0,0,,,"Cote de 1550",,,,,,,,,,,,,,0xFF01FE,2,0,0,0,1,
330,402,39,3,1550,0,0,0,0,,,"Cote de 1550",,,,,,,,,,,,,,0xFF01FE,2,0,0,0,1,
331,406,39,5,1550,0,0,0,0,,,"Cote de 1550",,,,,,,,,,,,,,0xFF01FE,2,0,0,0,1,
332,400,39,2,1750,0,0,0,0,,,"Cote de 1750",,,,,,,,,,,,,,0xFF01FE,2,0,0,0,1,
333,403,39,3,1750,0,0,0,0,,,"Cote de 1750",,,,,,,,,,,,,,0xFF01FE,2,0,0,0,1,
334,407,39,5,1750,0,0,0,0,,,"Cote de 1750",,,,,,,,,,,,,,0xFF01FE,2,0,0,0,1,
335,401,39,2,2000,0,0,0,0,,,"Cote de 2000",,,,,,,,,,,,,,0xFF01FE,2,0,0,0,1,
336,405,39,3,2000,0,0,0,0,,,"Cote de 2000",,,,,,,,,,,,,,0xFF01FE,2,0,0,0,1,
337,404,39,5,2000,0,0,0,0,,,"Cote de 2000",,,,,,,,,,,,,,0xFF01FE,2,0,0,0,1,
347,561,27,11892,1,0,0,0,0,,,"Assassinat de Harold Lane",,,,,,,,,,,,,,0xFF01FE,2,0,0,0,1,
349,411,36,20371,1,0,0,0,0,,,"Oeuf de murloc bleu",,,,,,,,,,,,,,0xFF01FE,2,0,0,0,1,
350,412,36,33079,1,0,0,0,0,,,"Costume de murloc",,,,,,,,,,,,,,0xFF01FE,2,0,0,0,1,
351,562,0,15956,1,0,0,0,0,,,"Anub'Rekhan",,,,,,,,,,,,,,0xFF01FE,0,0,0,0,1,
357,564,0,16028,1,0,0,0,0,,,"Le Recousu",,,,,,,,,,,,,,0xFF01FE,0,0,0,0,1,
365,566,0,15954,1,0,0,0,0,,,"Noth le Porte-peste",,,,,,,,,,,,,,0xFF01FE,0,0,0,0,1,
372,568,0,16061,1,0,0,0,0,,,"Instructeur Razuvious",,,,,,,,,,,,,,0xFF01FE,0,0,0,0,1,
379,572,0,15989,1,0,0,0,0,,,"Saphiron",,,,,,,,,,,,,,0xFF01FE,2,0,0,0,1,
381,574,0,15990,1,0,0,0,0,,,"Kel'Thuzad",,,,,,,,,,,,,,0xFF01FE,2,0,0,0,1,
382,575,0,15990,1,0,0,0,0,,,"Kel'Thuzad",,,,,,,,,,,,,,0xFF01FE,2,0,0,0,1,
383,576,8,562,0,0,0,0,0,,,"Le quartier des Arachnides",,,,,,,,,,,,,,0xFF01FE,0,0,0,0,1,
389,577,8,563,0,0,0,0,0,,,"Le quartier des Arachnides",,,,,,,,,,,,,,0xFF01FE,0,0,0,0,1,
406,306,27,8193,1,0,0,0,0,,,"Gagner le concours de pêche de Baie-du-Butin",,,,,,,,,,,,,,0xFF01FE,2,0,0,0,1,
409,255,0,23682,1,0,0,0,0,,,"Cavalier sans tête",,,,,,,,,,,,,,0xFF01FE,2,0,0,0,1,
414,157,30,123,50,0,0,0,0,,,"Défendre 50 bases",,,,,,,,,,,,,,0xFF01FE,1,0,0,0,1,
416,199,30,42,1,0,0,0,0,,,"Capturer le drapeau",,,,,,,,,,,,,,0xFF01FE,2,0,0,0,1,
417,200,30,44,50,0,0,0,0,,,"Ramener le drapeau 50 fois",,,,,,,,,,,,,,0xFF01FE,1,0,0,0,1,
418,212,30,183,1,0,0,0,0,,,"Capturer le drapeau",,,,,,,,,,,,,,0xFF01FE,2,0,0,0,1,
419,221,30,63,50,0,0,0,0,,,"Prendre 50 cimetières",,,,,,,,,,,,,,0xFF01FE,1,0,0,0,1,
420,222,30,64,50,0,0,0,0,,,"50 tours défendues",,,,,,,,,,,,,,0xFF01FE,1,0,0,0,1,
421,582,30,63,1,3,30,3,30,,,"Attaquer un cimetière",,,,,,,,,,,,,,0xFF01FE,12,0,0,0,1,
426,583,30,122,2,3,529,3,529,,,"Attaquer 2 bases",,,,,,,,,,,,,,0xFF01FE,12,0,0,0,1,
431,584,31,3421,5,3,529,3,529,,,"Tuer 5 personnages dans la forge",,,,,,,,,,,,,,0xFF01FE,12,0,0,0,1,
436,393,30,64,0,0,0,0,0,,,"Tours défendues dans la vallée d'Alterac",,,,,,,,,,,,,,0xFF01FE,0,0,0,0,1,
437,394,30,61,0,0,0,0,0,,,"Tours capturées dans la vallée d'Alterac",,,,,,,,,,,,,,0xFF01FE,0,0,0,0,1,
438,585,30,183,0,0,0,0,0,,,"Captures de drapeaux dans l'Œil du cyclone",,,,,,,,,,,,,,0xFF01FE,0,0,0,0,1,
439,395,30,42,0,0,0,0,0,,,"Drapeaux capturés dans le goulet des Chanteguerres",,,,,,,,,,,,,,0xFF01FE,0,0,0,0,1,
440,586,30,44,0,0,0,0,0,,,"Drapeaux protégés dans le goulet des Chanteguerres",,,,,,,,,,,,,,0xFF01FE,0,0,0,0,1,
441,587,31,3870,5,3,566,3,566,,,"Tuer 5 personnages à la Tour des elfes de sang",,,,,,,,,,,,,,0xFF01FE,12,0,0,0,1,
447,595,39,3,0,0,0,0,0,,,"Plus haute cote personnelle en équipe de 3",,,,,,,,,,,,,,0xFF01FE,0,0,0,0,1,
448,374,38,2,0,0,0,0,0,,,"",,,,,,,,,,,,,,0xFF01FF,0,0,0,0,1,
449,590,38,3,0,0,0,0,0,,,"Plus haute cote d'équipe de 3",,,,,,,,,,,,,,0xFF01FE,0,0,0,0,1,
450,589,38,5,0,0,0,0,0,,,"Plus haute cote d'équipe de 5",,,,,,,,,,,,,,0xFF01FE,0,0,0,0,1,
451,370,39,2,0,0,0,0,0,,,"Plus haute cote personnelle en équipe de 2",,,,,,,,,,,,,,0xFF01FE,0,0,0,0,1,
452,596,39,5,0,0,0,0,0,,,"Plus haute cote personnelle en équipe de 5",,,,,,,,,,,,,,0xFF01FE,0,0,0,0,1,
455,594,20,448,0,0,0,0,0,,,"Morts par Lardeur",,,,,,,,,,,,,,0xFF01FE,0,0,0,0,1,
456,58,20,11946,0,0,0,0,0,,,"Tué par Drek'Thar",,,,,,,,,,,,,,0xFF01FE,0,0,0,0,1,
472,605,36,21100,1,0,0,0,0,,,"Recevoir une pièce des ancêtres",,,,,,,,,,,,,,0xFF01FE,2,0,0,0,1,
473,606,36,21100,5,0,0,0,0,,,"Recevoir 5 pièces des ancêtres",,,,,,,,,,,,,,0xFF01FE,1,0,0,0,1,
474,607,36,21100,10,0,0,0,0,,,"Recevoir 10 pièces des ancêtres",,,,,,,,,,,,,,0xFF01FE,1,0,0,0,1,
475,608,36,21100,25,0,0,0,0,,,"Recevoir 25 pièces des ancêtres",,,,,,,,,,,,,,0xFF01FE,1,0,0,0,1,
476,609,36,21100,50,0,0,0,0,,,"Recevoir 50 pièces des ancêtres",,,,,,,,,,,,,,0xFF01FE,1,0,0,0,1,
477,263,0,25740,1,0,0,0,0,,,"Ahune",,,,,,,,,,,,,,0xFF01FE,2,0,0,0,1,
478,273,27,8762,1,0,0,0,0,,,"Metzen sauvé",,,,,,,,,,,,,,0xFF01FE,2,0,0,0,1,
480,610,0,4949,1,0,0,0,0,,,"Thrall",,,,,,,,,,,,,,0xFF01FE,2,0,0,0,1,
481,611,0,3057,1,0,0,0,0,,,"Cairne Sabot-de-sang",,,,,,,,,,,,,,0xFF01FE,2,0,0,0,1,
482,612,0,10181,1,0,0,0,0,,,"Dame Sylvanas Coursevent",,,,,,,,,,,,,,0xFF01FE,2,0,0,0,1,
483,613,0,16802,1,0,0,0,0,,,"Lor'themar Theron",,,,,,,,,,,,,,0xFF01FE,2,0,0,0,1,
484,614,8,610,0,0,0,0,0,,,"Mort au chef de guerre !",,,,,,,,,,,,,,0xFF01FE,0,0,0,0,1,
489,616,0,2784,1,0,0,0,0,,,"Roi Magni Barbe-de-bronze",,,,,,,,,,,,,,0xFF01FE,2,0,0,0,1,
490,617,0,7999,1,0,0,0,0,,,"Grande prêtresse Tyrande Murmevent",,,,,,,,,,,,,,0xFF01FE,2,0,0,0,1,
491,618,0,17468,1,0,0,0,0,,,"Prophète Velen",,,,,,,,,,,,,,0xFF01FE,2,0,0,0,1,
492,619,8,615,0,0,0,0,0,,,"La prise de Hurlevent",,,,,,,,,,,,,,0xFF01FE,0,0,0,0,1,
496,626,36,21541,1,0,0,0,0,,,"Habit de fête noir",,,,,,,,,,,,,,0xFF01FE,2,0,0,0,1,
502,627,43,117,1,0,0,0,0,,,"Passe des Frigères",,,,,,,,,,,,,,0xFF01FE,0,0,0,0,1,
520,622,0,28859,1,0,0,0,0,,,"Malygos",,,,,,,,,,,,,,0xFF01FE,2,0,0,0,1,
521,623,0,28859,1,0,0,0,0,,,"Malygos",,,,,,,,,,,,,,0xFF01FE,2,0,0,0,1,
523,625,0,28860,1,0,0,0,0,,,"Sartharion le Gardien d'Onyx",,,,,,,,,,,,,,0xFF01FE,2,0,0,0,1,
524,628,0,639,1,0,0,0,0,,,"Edwin VanCleef",,,,,,,,,,,,,,0xFF01FE,2,0,0,0,1,
525,629,0,11520,1,0,0,0,0,,,"Taragaman l'Affameur",,,,,,,,,,,,,,0xFF01FE,2,0,0,0,1,
526,630,0,3654,1,0,0,0,0,,,"Mutanus le Dévoreur",,,,,,,,,,,,,,0xFF01FE,2,0,0,0,1,
527,631,0,4275,1,0,0,0,0,,,"Archimage Arugal",,,,,,,,,,,,,,0xFF01FE,2,0,0,0,1,
528,632,0,4829,1,0,0,0,0,,,"Aku'mai",,,,,,,,,,,,,,0xFF01FE,2,0,0,0,1,
529,633,0,1716,1,0,0,0,0,,,"Bazil Thredd",,,,,,,,,,,,,,0xFF01FE,2,0,0,0,1,
530,634,0,7800,1,0,0,0,0,,,"Mekgénieur Thermojoncteur",,,,,,,,,,,,,,0xFF01FE,2,0,0,0,1,
531,635,0,4421,1,0,0,0,0,,,"Charlga Trancheflanc",,,,,,,,,,,,,,0xFF01FE,2,0,0,0,1,
532,636,0,7358,1,0,0,0,0,,,"Amnennar le Porte-froid",,,,,,,,,,,,,,0xFF01FE,2,0,0,0,1,
537,637,0,4543,1,0,0,0,0,,,"Mage de sang Thalnos",,,,,,,,,,,,,,0xFF01FE,0,0,0,0,1,
538,638,0,2748,1,0,0,0,0,,,"Archaedas",,,,,,,,,,,,,,0xFF01FE,2,0,0,0,1,
539,639,0,7267,1,0,0,0,0,,,"Chef Ukorz Scalpessable",,,,,,,,,,,,,,0xFF01FE,2,0,0,0,1,
540,640,0,12201,1,0,0,0,0,,,"Princesse Theradras",,,,,,,,,,,,,,0xFF01FE,2,0,0,0,1,
541,641,0,5709,1,0,0,0,0,,,"Ombre d'Eranikus",,,,,,,,,,,,,,0xFF01FE,2,0,0,0,1,
542,642,0,9019,1,0,0,0,0,,,"Empereur Dagran Thaurissan",,,,,,,,,,,,,,0xFF01FE,2,0,0,0,1,
544,643,0,9568,1,0,0,0,0,,,"Seigneur Wyrmthalak",,,,,,,,,,,,,,0xFF01FE,2,0,0,0,1,
545,644,0,11492,1,0,0,0,0,,,"Alzzin le Modeleur",,,,,,,,,,,,,,0xFF01FE,0,0,0,0,1,
548,645,0,10508,1,0,0,0,0,,,"Ras Murmegivre",,,,,,,,,,,,,,0xFF01FE,0,0,0,0,1,
550,646,0,10813,1,0,0,0,0,,,"Balnazzar",,,,,,,,,,,,,,0xFF01FE,0,0,0,0,1,
552,647,0,17308,1,0,0,0,0,,,"Omor l'Intouché",,,,,,,,,,,,,,0xFF01FE,2,0,0,0,1,
555,648,0,17377,1,0,0,0,0,,,"Keli'dan le Briseur",,,,,,,,,,,,,,0xFF01FE,2,0,0,0,1,
556,649,0,17942,1,0,0,0,0,,,"Bourbierreux",,,,,,,,,,,,,,0xFF01FE,2,0,0,0,1,
557,650,0,17882,1,0,0,0,0,,,"La Traqueuse noire",,,,,,,,,,,,,,0xFF01FE,2,0,0,0,1,
558,651,0,18344,1,0,0,0,0,,,"Prince-nexus Shaffar",,,,,,,,,,,,,,0xFF01FE,2,0,0,0,1,
559,652,0,18096,1,0,0,0,0,,,"Chasseur d'époques",,,,,,,,,,,,,,0xFF01FE,2,0,0,0,1,
560,653,0,18473,1,0,0,0,0,,,"Roi-serre Ikiss",,,,,,,,,,,,,,0xFF01FE,2,0,0,0,1,
561,654,0,18708,1,0,0,0,0,,,"Marmon",,,,,,,,,,,,,,0xFF01FE,2,0,0,0,1,
562,655,0,17881,1,0,0,0,0,,,"Aeonus",,,,,,,,,,,,,,0xFF01FE,2,0,0,0,1,
563,656,0,17798,1,0,0,0,0,,,"Seigneur de guerre Kalithresh",,,,,,,,,,,,,,0xFF01FE,2,0,0,0,1,
564,657,0,16808,1,0,0,0,0,,,"Chef de guerre Kargath Lamepoing",,,,,,,,,,,,,,0xFF01FE,2,0,0,0,1,
565,658,0,19220,1,0,0,0,0,,,"Pathaleon le Calculateur",,,,,,,,,,,,,,0xFF01FE,2,0,0,0,1,
566,659,0,17977,1,0,0,0,0,,,"Brise-dimension",,,,,,,,,,,,,,0xFF01FE,2,0,0,0,1,
567,660,0,20912,1,0,0,0,0,,,"Messager Cieuriss",,,,,,,,,,,,,,0xFF01FE,2,0,0,0,1,
568,661,0,24664,1,0,0,0,0,,,"Kael'thas Haut-soleil",,,,,,,,,,,,,,0xFF01FE,2,0,0,0,1,
569,662,36,13584,1,0,0,0,0,,,"Pierre de Diablo",,,,,,,,,,,,,,0xFF01FE,2,0,0,0,1,
570,663,36,13583,1,0,0,0,0,,,"Collier de panda",,,,,,,,,,,,,,0xFF01FE,2,0,0,0,1,
571,664,36,13582,1,0,0,0,0,,,"Laisse de zergling",,,,,,,,,,,,,,0xFF01FE,2,0,0,0,1,
572,665,36,25535,1,0,0,0,0,,,"Collier de dragonnet du Néant",,,,,,,,,,,,,,0xFF01FE,2,0,0,0,1,
573,666,0,18373,1,0,0,0,0,,,"Exarque Maladaar",,,,,,,,,,,,,,0xFF01FE,2,0,0,0,1,
592,683,36,39286,1,0,0,0,0,,,"Collier de Frigy",,,,,,,,,,,,,,0xFF01FE,2,0,0,0,1,
594,685,0,11583,1,0,0,0,0,,,"Nefarian",,,,,,,,,,,,,,0xFF01FE,2,0,0,0,1,
595,686,0,11502,1,0,0,0,0,,,"Ragnaros",,,,,,,,,,,,,,0xFF01FE,2,0,0,0,1,
596,687,0,15727,1,0,0,0,0,,,"C'Thun",,,,,,,,,,,,,,0xFF01FE,2,0,0,0,1,
597,688,0,14834,1,0,0,0,0,,,"Hakkar",,,,,,,,,,,,,,0xFF01FE,2,0,0,0,1,
598,689,0,15339,1,0,0,0,0,,,"Ossirian l'Intouché",,,,,,,,,,,,,,0xFF01FE,2,0,0,0,1,
599,690,0,15690,1,0,0,0,0,,,"Prince Malchezaar",,,,,,,,,,,,,,0xFF01FE,2,0,0,0,1,
600,691,0,23863,1,0,0,0,0,,,"Zul'jin",,,,,,,,,,,,,,0xFF01FE,2,0,0,0,1,
601,692,0,19044,1,0,0,0,0,,,"Gruul le Tue-dragon",,,,,,,,,,,,,,0xFF01FE,2,0,0,0,1,
602,693,0,17257,1,0,0,0,0,,,"Magtheridon",,,,,,,,,,,,,,0xFF01FE,2,0,0,0,1,
603,694,0,21212,1,0,0,0,0,,,"Dame Vashj",,,,,,,,,,,,,,0xFF01FE,2,0,0,0,1,
604,695,0,17968,1,0,0,0,0,,,"Archimonde",,,,,,,,,,,,,,0xFF01FE,2,0,0,0,1,
605,696,0,19622,1,0,0,0,0,,,"Kael'thas Haut-soleil",,,,,,,,,,,,,,0xFF01FE,2,0,0,0,1,
606,697,0,22917,1,0,0,0,0,,,"Illidan Hurlorage",,,,,,,,,,,,,,0xFF01FE,2,0,0,0,1,
607,698,0,25315,1,0,0,0,0,,,"Kil'jaeden",,,,,,,,,,,,,,0xFF01FE,2,0,0,0,1,
608,699,32,562,1,0,0,0,0,,,"Arène des Tranchantes",,,,,,,,,,,,,,0xFF01FE,0,0,0,0,1,
611,165,1,529,1,3,529,3,529,,,"Grand chelem au bassin d'Arathi",,,,,,,,,,,,,,0xFF01FE,2,0,0,0,1,
612,122,40,185,3,0,0,0,0,,,"Devenir un expert cuisinier",,,,,,,,,,,,,,0xFF01FE,2,0,0,0,1,
613,123,40,185,4,0,0,0,0,,,"Devenir un artisan cuisinier",,,,,,,,,,,,,,0xFF01FE,2,0,0,0,1,
614,124,40,185,5,0,0,0,0,,,"Devenir un maître cuisinier",,,,,,,,,,,,,,0xFF01FE,2,0,0,0,1,
615,125,40,185,6,0,0,0,0,,,"Devenir un grand maître cuisinier",,,,,,,,,,,,,,0xFF01FE,2,0,0,0,1,
616,116,40,171,2,0,0,0,0,,,"Alchimie",,,,,,,,,,,,,,0xFF01FE,2,0,0,0,1,
641,705,7,44,400,0,0,0,0,,,"Haches",,,,,,,,,,,,,,0xFF01FE,0,0,0,0,1,
645,714,8,708,0,0,0,0,0,,,"Héros du clan Loup-de-givre",,,,,,,,,,,,,,0xFF01FE,0,0,0,0,1,
707,433,44,14,0,0,0,0,0,,,"Connétable",,,,,,,,,,,,,,0xFF01FE,2,0,0,0,1,
708,434,44,13,0,0,0,0,0,,,"Grand maréchal",,,,,,,,,,,,,,0xFF01FE,2,0,0,0,1,
709,473,44,12,0,0,0,0,0,,,"Maréchal",,,,,,,,,,,,,,0xFF01FE,2,0,0,0,1,
710,435,44,11,0,0,0,0,0,,,"Commandant",,,,,,,,,,,,,,0xFF01FE,2,0,0,0,1,
711,436,44,10,0,0,0,0,0,,,"Lieutenant-commandant",,,,,,,,,,,,,,0xFF01FE,2,0,0,0,1,
712,437,44,9,0,0,0,0,0,,,"Chevalier-champion",,,,,,,,,,,,,,0xFF01FE,2,0,0,0,1,
713,438,44,8,0,0,0,0,0,,,"Chevalier-capitaine",,,,,,,,,,,,,,0xFF01FE,2,0,0,0,1,
714,472,44,7,0,0,0,0,0,,,"Chevalier-lieutenant",,,,,,,,,,,,,,0xFF01FE,2,0,0,0,1,
721,439,44,6,0,0,0,0,0,,,"Chevalier",,,,,,,,,,,,,,0xFF01FE,2,0,0,0,1,
722,440,44,5,0,0,0,0,0,,,"Sergent-major",,,,,,,,,,,,,,0xFF01FE,2,0,0,0,1,
723,441,44,4,0,0,0,0,0,,,"Sergent-chef",,,,,,,,,,,,,,0xFF01FE,2,0,0,0,1,
724,471,44,3,0,0,0,0,0,,,"Sergent",,,,,,,,,,,,,,0xFF01FE,2,0,0,0,1,
725,470,44,2,0,0,0,0,0,,,"Caporal",,,,,,,,,,,,,,0xFF01FE,2,0,0,0,1,
726,442,44,1,0,0,0,0,0,,,"Soldat",,,,,,,,,,,,,,0xFF01FE,2,0,0,0,1,
727,443,44,14,0,0,0,0,0,,,"Grand seigneur de guerre",,,,,,,,,,,,,,0xFF01FE,2,0,0,0,1,
728,445,44,13,0,0,0,0,0,,,"Seigneur de guerre",,,,,,,,,,,,,,0xFF01FE,2,0,0,0,1,
729,446,44,12,0,0,0,0,0,,,"Général",,,,,,,,,,,,,,0xFF01FE,2,0,0,0,1,
730,444,44,11,0,0,0,0,0,,,"Lieutenant-général",,,,,,,,,,,,,,0xFF01FE,2,0,0,0,1,
731,447,44,10,0,0,0,0,0,,,"Champion",,,,,,,,,,,,,,0xFF01FE,2,0,0,0,1,
732,448,44,9,0,0,0,0,0,,,"Centurion",,,,,,,,,,,,,,0xFF01FE,2,0,0,0,1,
733,469,44,8,0,0,0,0,0,,,"Légionnaire",,,,,,,,,,,,,,0xFF01FE,2,0,0,0,1,
734,449,44,7,0,0,0,0,0,,,"Garde de sang",,,,,,,,,,,,,,0xFF01FE,2,0,0,0,1,
735,451,44,6,0,0,0,0,0,,,"Garde de pierre",,,,,,,,,,,,,,0xFF01FE,2,0,0,0,1,
736,452,44,5,0,0,0,0,0,,,"Adjudant",,,,,,,,,,,,,,0xFF01FE,2,0,0,0,1,
737,450,44,4,0,0,0,0,0,,,"Sergent-chef",,,,,,,,,,,,,,0xFF01FE,2,0,0,0,1,
738,453,44,3,0,0,0,0,0,,,"Sergent",,,,,,,,,,,,,,0xFF01FE,2,0,0,0,1,
739,468,44,2,0,0,0,0,0,,,"Grunt",,,,,,,,,,,,,,0xFF01FE,2,0,0,0,1,
740,454,44,1,0,0,0,0,0,,,"Eclaireur",,,,,,,,,,,,,,0xFF01FE,2,0,0,0,1,
741,725,36,34334,1,0,0,0,0,,,"Thori'dal, la Fureur des étoiles",,,,,,,,,,,,,,0xFF01FE,2,0,0,0,1,
742,432,27,10888,1,0,0,0,0,,,"L'épreuve des naaru",,,,,,,,,,,,,,0xFF01FE,2,0,0,0,1,
744,431,27,10445,1,0,0,0,0,,,"Les fioles d'éternité",,,,,,,,,,,,,,0xFF01FE,2,0,0,0,1,
746,428,27,7787,1,0,0,0,0,,,"Lame-tonnerre, épée bénie du Cherchevent",,,,,,,,,,,,,,0xFF01FE,2,0,0,0,1,
747,425,27,9269,1,0,0,0,0,,,"Atiesh, grand bâton du Gardien",,,,,,,,,,,,,,0xFF01FE,2,0,0,0,1,
752,546,45,0,7,0,0,0,0,,,"Acheter 7 emplacements à la banque",,,,,,,,,,,,,,0xFF01FE,1,0,0,0,1,
758,201,1,489,1,0,0,3,489,,,"Victoire dans le goulet des Chanteguerres en moins de 7 minutes",,,,,,,,,,,,,,0xFF01FE,2,1,8563,420,1,
759,700,36,18834,1,0,0,0,0,,,"Insigne de la Horde",,,,,,,,,,,,,,0xFF01FE,2,0,0,0,1,
779,701,36,18863,1,0,0,0,0,,,"Insigne de l'Alliance",,,,,,,,,,,,,,0xFF01FE,2,0,0,0,1,
799,726,36,27445,1,0,0,0,0,,,"Caisse d'écrevisses magiques",,,,,,,,,,,,,,0xFF01FE,2,0,0,0,1,
822,728,43,242,1,0,0,0,0,,,"Vallée des épreuves",,,,,,,,,,,,,,0xFF01FE,0,0,0,0,1,
835,126,40,356,2,0,0,0,0,,,"Devenir un compagnon pêcheur",,,,,,,,,,,,,,0xFF01FE,2,0,0,0,1,
836,127,40,356,3,0,0,0,0,,,"Devenir un expert pêcheur",,,,,,,,,,,,,,0xFF01FE,2,0,0,0,1,
837,128,40,356,4,0,0,0,0,,,"Devenir un artisan pêcheur",,,,,,,,,,,,,,0xFF01FE,2,0,0,0,1,
838,129,40,356,5,0,0,0,0,,,"Devenir un maître pêcheur",,,,,,,,,,,,,,0xFF01FE,2,0,0,0,1,
839,130,40,356,6,0,0,0,0,,,"Devenir un grand maître pêcheur",,,,,,,,,,,,,,0xFF01FE,2,0,0,0,1,
840,131,40,129,2,0,0,0,0,,,"Devenir un compagnon secouriste",,,,,,,,,,,,,,0xFF01FE,2,0,0,0,1,
841,132,40,129,3,0,0,0,0,,,"Devenir un expert secouriste",,,,,,,,,,,,,,0xFF01FE,2,0,0,0,1,
842,133,40,129,4,0,0,0,0,,,"Devenir un artisan secouriste",,,,,,,,,,,,,,0xFF01FE,2,0,0,0,1,
843,134,40,129,5,0,0,0,0,,,"Devenir un maître secouriste",,,,,,,,,,,,,,0xFF01FE,2,0,0,0,1,
844,135,40,129,6,0,0,0,0,,,"Devenir un grand maître secouriste",,,,,,,,,,,,,,0xFF01FE,2,0,0,0,1,
845,730,8,130,0,0,0,0,0,,,"Grand maître pêcheur",,,,,,,,,,,,,,0xFF01FE,0,0,0,0,1,
848,731,40,171,3,0,0,0,0,,,"Alchimie",,,,,,,,,,,,,,0xFF01FE,2,0,0,0,1,
859,732,40,171,4,0,0,0,0,,,"Alchimie",,,,,,,,,,,,,,0xFF01FE,2,0,0,0,1,
870,733,40,171,5,0,0,0,0,,,"Alchimie",,,,,,,,,,,,,,0xFF01FE,2,0,0,0,1,
881,734,40,171,6,0,0,0,0,,,"Alchimie",,,,,,,,,,,,,,0xFF01FE,2,0,0,0,1,
892,735,40,171,6,0,0,0,0,,,"Alchimie",,,,,,,,,,,,,,0xFF01FE,2,0,0,0,1,
903,736,43,182,1,0,0,0,0,,,"Mesa de Nuage rouge",,,,,,,,,,,,,,0xFF01FE,0,0,0,0,1,
917,750,43,461,1,0,0,0,0,,,"Mine des Pierriers",,,,,,,,,,,,,,0xFF01FE,0,0,0,0,1,
943,752,16,533,0,0,0,0,0,,,"Morts dans Naxxramas",,,,,,,,,,,,,,0xFF01FE,0,0,0,0,1,
944,760,43,441,1,0,0,0,0,,,"Pointe du Noroît",,,,,,,,,,,,,,0xFF01FE,0,0,0,0,1,
962,761,43,561,1,0,0,0,0,,,"Cercle de lien occidental",,,,,,,,,,,,,,0xFF01FE,0,0,0,0,1,
977,522,47,0,1,0,0,0,0,,,"Être exalté auprès d'une faction",,,,,,,,,,,,,,0xFF01FE,2,0,0,0,1,
978,523,47,0,5,0,0,0,0,,,"Être exalté auprès de 5 factions",,,,,,,,,,,,,,0xFF01FE,1,0,0,0,1,
979,524,47,0,10,0,0,0,0,,,"Être exalté auprès de 10 factions",,,,,,,,,,,,,,0xFF01FE,1,0,0,0,1,
980,521,47,0,15,0,0,0,0,,,"Être exalté auprès de 15 factions",,,,,,,,,,,,,,0xFF01FE,1,0,0,0,1,
981,520,47,0,20,0,0,0,0,,,"Être exalté auprès de 20 factions",,,,,,,,,,,,,,0xFF01FE,1,0,0,0,1,
982,377,47,0,0,0,0,0,0,,,"Réputations exaltées",,,,,,,,,,,,,,0xFF01FE,0,0,0,0,1,
984,519,47,0,25,0,0,0,0,,,"Être exalté auprès de 25 factions",,,,,,,,,,,,,,0xFF01FE,1,0,0,0,1,
985,518,47,0,30,0,0,0,0,,,"Être exalté auprès de 30 factions",,,,,,,,,,,,,,0xFF01FE,1,0,0,0,1,
986,710,46,510,42000,0,0,0,0,,,"Exalté auprès des Profanateurs",,,,,,,,,,,,,,0xFF01FE,2,0,0,0,1,
987,711,46,509,42000,0,0,0,0,,,"Exalté auprès de la ligue d'Arathor",,,,,,,,,,,,,,0xFF01FE,2,0,0,0,1,
988,712,46,889,42000,0,0,0,0,,,"Exalté auprès des voltigeurs Chanteguerre",,,,,,,,,,,,,,0xFF01FE,2,0,0,0,1,
989,713,46,890,42000,0,0,0,0,,,"Exalté auprès des sentinelles d'Aile-argent",,,,,,,,,,,,,,0xFF01FE,2,0,0,0,1,
990,708,46,729,42000,0,0,0,0,,,"Exalté auprès du clan Loup-de-givre",,,,,,,,,,,,,,0xFF01FE,2,0,0,0,1,
991,709,46,730,42000,0,0,0,0,,,"Exalté auprès de la garde Foudrepique",,,,,,,,,,,,,,0xFF01FE,2,0,0,0,1,
992,762,46,76,42000,0,0,0,0,,,"Exalté auprès d'Orgrimmar",,,,,,,,,,,,,,0xFF01FE,0,0,0,0,1,
1003,763,46,947,42000,0,0,0,0,,,"Thrallmar",,,,,,,,,,,,,,0xFF01FE,0,0,0,0,1,
1009,764,46,946,42000,0,0,0,0,,,"Bastion de l'Honneur",,,,,,,,,,,,,,0xFF01FE,0,0,0,0,1,
1014,765,43,581,1,0,0,0,0,,,"Ravin de Lethlor",,,,,,,,,,,,,,0xFF01FE,0,0,0,0,1,
1028,766,43,821,1,0,0,0,0,,,"Bastion Cognepeur",,,,,,,,,,,,,,0xFF01FE,0,0,0,0,1,
1037,768,43,236,1,0,0,0,0,,,"Le Glas",,,,,,,,,,,,,,0xFF01FE,0,0,0,0,1,
1053,769,43,301,1,0,0,0,0,,,"Verger de Malden",,,,,,,,,,,,,,0xFF01FE,0,0,0,0,1,
1068,770,43,961,1,0,0,0,0,,,"Lac Darrowmere",,,,,,,,,,,,,,0xFF01FE,0,0,0,0,1,
1081,771,43,894,1,0,0,0,0,,,"La Thondroril",,,,,,,,,,,,,,0xFF01FE,0,0,0,0,1,
1103,772,43,401,1,0,0,0,0,,,"Colline de Darrow",,,,,,,,,,,,,,0xFF01FE,0,0,0,0,1,
1115,773,43,601,1,0,0,0,0,,,"Nid-de-l'Aigle",,,,,,,,,,,,,,0xFF01FE,0,0,0,0,1,
1129,774,43,721,1,0,0,0,0,,,"Crête de Guet-du-feu",,,,,,,,,,,,,,0xFF01FE,0,0,0,0,1,
1136,775,43,781,1,0,0,0,0,,,"Rocher des Cognepeurs",,,,,,,,,,,,,,0xFF01FE,0,0,0,0,1,
1146,776,43,125,1,0,0,0,0,,,"Vallée de Comté-du-nord",,,,,,,,,,,,,,0xFF01FE,0,0,0,0,1,
1158,777,43,941,1,0,0,0,0,,,"Croisée de l'homme mort",,,,,,,,,,,,,,0xFF01FE,0,0,0,0,1,
1161,778,43,421,1,0,0,0,0,,,"La Rive silencieuse",,,,,,,,,,,,,,0xFF01FE,0,0,0,0,1,
1176,779,43,318,1,0,0,0,0,,,"Le Loch",,,,,,,,,,,,,,0xFF01FE,0,0,0,0,1,
1185,780,43,364,1,0,0,0,0,,,"Comté-du-lac",,,,,,,,,,,,,,0xFF01FE,0,0,0,0,1,
1196,781,43,503,1,0,0,0,0,,,"Baie-du-Butin",,,,,,,,,,,,,,0xFF01FE,0,0,0,0,1,
1223,782,43,541,1,0,0,0,0,,,"Caverne d'Itharius",,,,,,,,,,,,,,0xFF01FE,0,0,0,0,1,
1234,156,1,529,10,0,0,0,0,,,"10 victoires au bassin d'Arathi en possédant les 5 drapeaux",,,,,,,,,,,,,,0xFF01FE,1,0,0,0,1,
1235,162,1,529,1,3,529,3,529,,,"Victoire au bassin d'Arathi avec un score de 1 600 à 1 590",,,,,,,,,,,,,,0xFF01FE,2,0,0,0,1,
1236,168,1,489,1,3,489,3,489,,,"Victoire par grand chelem au goulet des Chanteguerres",,,,,,,,,,,,,,0xFF01FE,2,0,0,0,1,
1237,159,1,529,1,0,0,3,529,,,"Victoire en 6 minutes",,,,,,,,,,,,,,0xFF01FE,2,1,9158,360,1,
1238,783,1,566,1,3,566,3,566,,,"Victoire par 1 600 à 0",,,,,,,,,,,,,,0xFF01FE,2,0,0,0,1,
1239,784,1,566,10,0,0,0,0,,,"10 victoires dans l'Œil du cyclone en possédant les 4 bases",,,,,,,,,,,,,,0xFF01FE,1,0,0,0,1,
1240,214,1,566,1,0,0,3,566,,,"Victoire en 6 minutes",,,,,,,,,,,,,,0xFF01FE,2,1,13180,360,1,
1241,226,1,30,1,0,0,3,30,,,"Victoire en 6 minutes",,,,,,,,,,,,,,0xFF01FE,2,1,9166,360,1,
1242,220,1,30,1,3,30,3,30,,,"Balinda et Vandaar ont survécu",,,,,,,,,,,,,,0xFF01FE,6,0,0,0,1,
1243,796,28,48171,0,0,0,0,0,,,"Résurrection (Rang 7)",,,,,,,,,,,,,,0xFF01FE,0,0,0,0,1,
1244,801,29,47882,0,0,0,0,0,,,"Utilisation de pierre d'âme",,,,,,,,,,,,,,0xFF01FE,0,0,0,0,1,
1245,800,28,48950,0,0,0,0,0,,,"Rédemption",,,,,,,,,,,,,,0xFF01FE,0,0,0,0,1,
1246,799,28,49277,0,0,0,0,0,,,"Esprit ancestral",,,,,,,,,,,,,,0xFF01FE,0,0,0,0,1,
1247,798,28,48477,0,0,0,0,0,,,"Renaissance (Rang 7)",,,,,,,,,,,,,,0xFF01FE,0,0,0,0,1,
1248,802,43,288,1,0,0,0,0,,,"Colline des sentinelles",,,,,,,,,,,,,,0xFF01FE,0,0,0,0,1,
1262,841,43,381,1,0,0,0,0,,,"Port de Menethil",,,,,,,,,,,,,,0xFF01FE,0,0,0,0,1,
1285,42,8,776,1,0,0,0,0,,,"Forêt d'Elwynn",,,,,,,,,,,,,,0xFF01FE,0,0,0,0,1,
1299,842,43,91,1,0,0,0,0,,,"Sombrevallon",,,,,,,,,,,,,,0xFF01FE,0,0,0,0,1,
1310,843,43,1179,1,0,0,0,0,,,"Zone 52",,,,,,,,,,,,,,0xFF01FE,0,0,0,0,1,
1314,844,43,345,1,0,0,0,0,,,"Auberdine",,,,,,,,,,,,,,0xFF01FE,0,0,0,0,1,
1323,845,43,741,1,0,0,0,0,,,"La grève de Zoram",,,,,,,,,,,,,,0xFF01FE,0,0,0,0,1,
1341,846,43,687,1,0,0,0,0,,,"La Grande élévation",,,,,,,,,,,,,,0xFF01FE,0,0,0,0,1,
1350,847,43,931,1,0,0,0,0,,,"Camp Aparaje",,,,,,,,,,,,,,0xFF01FE,0,0,0,0,1,
1361,850,43,661,1,0,0,0,0,,,"Île de Theramore",,,,,,,,,,,,,,0xFF01FE,0,0,0,0,1,
1365,848,43,775,1,0,0,0,0,,,"Tethris Aran",,,,,,,,,,,,,,0xFF01FE,0,0,0,0,1,
1369,849,43,981,1,0,0,0,0,,,"Bosquet du rêve",,,,,,,,,,,,,,0xFF01FE,0,0,0,0,1,
1401,853,43,861,1,0,0,0,0,,,"Village de Gangrepatte",,,,,,,,,,,,,,0xFF01FE,0,0,0,0,1,
1405,851,43,658,1,0,0,0,0,,,"Gadgetzan",,,,,,,,,,,,,,0xFF01FE,0,0,0,0,1,
1409,852,43,841,1,0,0,0,0,,,"Baie des Tempêtes",,,,,,,,,,,,,,0xFF01FE,0,0,0,0,1,
1453,854,43,621,1,0,0,0,0,,,"Crête de la Fournaise",,,,,,,,,,,,,,0xFF01FE,0,0,0,0,1,
1460,856,43,1021,1,0,0,0,0,,,"La Vallée des cristaux",,,,,,,,,,,,,,0xFF01FE,0,0,0,0,1,
1464,855,43,701,1,0,0,0,0,,,"Lac Elune'ara",,,,,,,,,,,,,,0xFF01FE,0,0,0,0,1,
1473,857,43,1001,1,0,0,0,0,,,"Sources de Givrefeu",,,,,,,,,,,,,,0xFF01FE,0,0,0,0,1,
1486,43,8,728,1,0,0,0,0,,,"Durotar",,,,,,,,,,,,,,0xFF01FE,0,0,0,0,1,
1504,858,43,1148,1,0,0,0,0,,,"Tranquillien",,,,,,,,,,,,,,0xFF01FE,0,0,0,0,1,
1508,859,43,1127,1,0,0,0,0,,,"Île de Haut-soleil",,,,,,,,,,,,,,0xFF01FE,0,0,0,0,1,
1552,860,43,1364,1,0,0,0,0,,,"Val d'Ammen",,,,,,,,,,,,,,0xFF01FE,0,0,0,0,1,
1573,861,43,1328,1,0,0,0,0,,,"Passe d'Ambretoile",,,,,,,,,,,,,,0xFF01FE,0,0,0,0,1,
1603,867,43,1166,1,0,0,0,0,,,"Ruines de l'Orbite sanglante",,,,,,,,,,,,,,0xFF01FE,0,0,0,0,1,
1611,863,43,1126,1,0,0,0,0,,,"Refuge cénarien",,,,,,,,,,,,,,0xFF01FE,0,0,0,0,1,
1614,864,43,1101,1,0,0,0,0,,,"Halte de Glissentaille",,,,,,,,,,,,,,0xFF01FE,0,0,0,0,1,
1618,865,43,1288,1,0,0,0,0,,,"Point d'ancrage de Bash'ir",,,,,,,,,,,,,,0xFF01FE,0,0,0,0,1,
1622,866,43,1189,1,0,0,0,0,,,"Camp de forge : Peur",,,,,,,,,,,,,,0xFF01FE,0,0,0,0,1,
1631,862,43,1219,1,0,0,0,0,,,"L'escalier du Destin",,,,,,,,,,,,,,0xFF01FE,0,0,0,0,1,
1782,44,8,862,1,0,0,0,0,,,"Péninsule des Flammes infernales",,,,,,,,,,,,,,0xFF01FE,0,0,0,0,1,
1789,868,43,1454,1,0,0,0,0,,,"Port des Confins du soleil",,,,,,,,,,,,,,0xFF01FE,2,0,0,0,1,
1800,871,27,4621,1,0,0,0,0,,,"Achever la quête « En avant toutes, amiral ! »",,,,,,,,,,,,,,0xFF01FE,2,0,0,0,1,
1801,872,30,44,5,3,489,3,489,,,"Ramener 5 drapeaux dans une même bataille",,,,,,,,,,,,,,0xFF01FE,9,0,0,0,1,
1802,204,30,42,3,3,489,1,0,,,"3 captures sans mort",,,,,,,,,,,,,,0xFF01FE,14,0,0,0,1,
1811,873,1,30,1,3,30,3,30,,,"Galvangar et Drek'Thar survivent",,,,,,,,,,,,,,0xFF01FE,6,0,0,0,1,
1820,229,35,0,30,3,529,3,529,,,"30 victoires honorables dans le bassin d'Arathi",,,,,,,,,,,,,,0xFF01FE,2,0,0,0,1,
1829,875,37,0,200,0,0,0,0,,,"Gagner 200 matchs d'arène du championnat",,,,,,,,,,,,,,0xFF01FE,1,0,0,0,1,
1830,876,37,0,300,0,0,0,0,,,"Gagner 300 matchs d'arène du championnat",,,,,,,,,,,,,,0xFF01FE,1,0,0,0,1,
1831,137,29,45546,500,0,0,0,0,,,"Créer 500 bandages épais en tisse-givre",,,,,,,,,,,,,,0xFF01FE,1,0,0,0,1,
1832,877,29,43779,1,0,0,0,0,,,"Faire un gâteau au chocolat délicieux",,,,,,,,,,,,,,0xFF01FE,2,0,0,0,1,
1835,878,42,6360,1,0,0,0,0,,,"Poisson aux écailles d'acier",,,,,,,,,,,,,,0xFF01FE,0,0,0,0,1,
1847,879,36,13317,1,0,0,0,0,,,"Raptor ivoire",,,,,,,,,,,,,,0xFF01FE,2,0,0,0,1,
1863,882,36,30480,1,0,0,0,0,,,"Rênes de cheval de guerre embrasé",,,,,,,,,,,,,,0xFF01FE,2,0,0,0,1,
1867,886,36,30609,1,0,0,0,0,,,"Drake du Néant rapide",,,,,,,,,,,,,,0xFF01FE,2,0,0,0,1,
1868,887,36,34092,1,0,0,0,0,,,"Drake du Néant impitoyable",,,,,,,,,,,,,,0xFF01FE,2,0,0,0,1,
1869,888,36,37676,1,0,0,0,0,,,"Drake du Néant vengeur",,,,,,,,,,,,,,0xFF01FE,2,0,0,0,1,
1870,889,40,762,2,0,0,0,0,,,"Compagnon cavalier",,,,,,,,,,,,,,0xFF01FE,2,0,0,0,1,
1871,890,40,762,3,0,0,0,0,,,"Expert cavalier",,,,,,,,,,,,,,0xFF01FE,2,0,0,0,1,
1872,891,40,762,1,0,0,0,0,,,"Apprenti cavalier",,,,,,,,,,,,,,0xFF01FE,2,0,0,0,1,
1873,892,40,762,4,0,0,0,0,,,"Artisan cavalier",,,,,,,,,,,,,,0xFF01FE,2,0,0,0,1,
1874,893,36,33999,1,0,0,0,0,,,"Hippogriffe de guerre cénarien",,,,,,,,,,,,,,0xFF01FE,2,0,0,0,1,
1875,894,46,1031,42000,0,0,0,0,,,"Exalté auprès de la Garde-ciel sha'tari",,,,,,,,,,,,,,0xFF01FE,2,0,0,0,1,
1877,896,46,1038,42000,0,0,0,0,,,"Exalté auprès d'Ogri'la",,,,,,,,,,,,,,0xFF01FE,2,0,0,0,1,
1878,897,46,1077,42000,0,0,0,0,,,"Exalté auprès de l'Opération Soleil brisé",,,,,,,,,,,,,,0xFF01FE,2,0,0,0,1,
1879,898,46,1015,42000,0,0,0,0,,,"Exalté auprès de l'Aile-du-Néant",,,,,,,,,,,,,,0xFF01FE,2,0,0,0,1,
1880,899,46,978,42000,0,0,0,0,,,"Exalté auprès des Kurenaï",,,,,,,,,,,,,,0xFF01FE,2,0,0,0,1,
1881,900,46,970,42000,0,0,0,0,,,"Exalté auprès de Sporeggar",,,,,,,,,,,,,,0xFF01FE,2,0,0,0,1,
1882,901,46,941,42000,0,0,0,0,,,"Exalté auprès des Mag'har",,,,,,,,,,,,,,0xFF01FE,2,0,0,0,1,
1883,902,46,933,42000,0,0,0,0,,,"Exalté auprès du Consortium",,,,,,,,,,,,,,0xFF01FE,2,0,0,0,1,
1884,903,46,934,42000,0,0,0,0,,,"Exalté auprès des Clairvoyants",,,,,,,,,,,,,,0xFF01FE,2,0,0,0,1,
1886,905,27,11665,1,0,0,0,0,,,"Les crocilisques sont lâchés",,,,,,,,,,,,,,0xFF01FE,0,0,0,0,1,
1891,906,27,11377,1,0,0,0,0,,,"La vengeance est un plat…",,,,,,,,,,,,,,0xFF01FE,0,0,0,0,1,
1896,907,8,709,0,0,0,0,0,,,"Héros de la garde Foudrepique",,,,,,,,,,,,,,0xFF01FE,0,0,0,0,1,
1902,908,27,11335,1,0,0,0,0,,,"Appel aux armes : bassin d'Arathi",,,,,,,,,,,,,,0xFF01FE,0,0,0,0,1,
1906,909,27,11339,1,0,0,0,0,,,"Appel aux armes : bassin d'Arathi",,,,,,,,,,,,,,0xFF01FE,0,0,0,0,1,
1910,910,27,8676,1,0,0,0,0,,,"Ancienne Crin-sauvage à Zul'Farrak",,,,,,,,,,,,,,0xFF01FE,0,0,0,0,1,
1916,911,27,8670,1,0,0,0,0,,,"Ancienne Totem-runique à Tranchecolline",,,,,,,,,,,,,,0xFF01FE,0,0,0,0,1,
1922,912,27,8653,1,0,0,0,0,,,"Ancien Puits-doré à Kharanos",,,,,,,,,,,,,,0xFF01FE,0,0,0,0,1,
1934,913,8,912,0,0,0,0,0,,,"Anciens des Royaumes de l'est",,,,,,,,,,,,,,0xFF01FE,0,0,0,0,1,
1991,914,27,8677,1,0,0,0,0,,,"Ancienne Sombre-corne à Orgrimmar",,,,,,,,,,,,,,0xFF01FE,0,0,0,0,1,
1999,915,27,8718,1,0,0,0,0,,,"Ancien Lamevive à Darnassus",,,,,,,,,,,,,,0xFF01FE,0,0,0,0,1,
2002,928,45,0,0,0,0,0,0,,,"",,,,,,,,,,,,,,0xFF01FF,0,0,0,0,1,
2003,937,27,8868,1,0,0,0,0,,,"Achever La bénédiction d'Elune",,,,,,,,,,,,,,0xFF01FE,2,0,0,0,1,
2004,938,27,12614,1,0,0,0,0,,,"Agression post-partum",,,,,,,,,,,,,,0xFF01FE,2,0,0,0,1,
2005,939,27,9852,1,0,0,0,0,,,"Le plus gros des gibiers",,,,,,,,,,,,,,0xFF01FE,2,0,0,0,1,
2006,940,27,338,1,0,0,0,0,,,"Les vertes collines de Strangleronce",,,,,,,,,,,,,,0xFF01FE,0,0,0,0,1,
2008,941,8,940,0,0,0,0,0,,,"Les vertes collines de Strangleronce",,,,,,,,,,,,,,0xFF01FE,0,0,0,0,1,
2011,942,46,576,42000,0,0,0,0,,,"Exalté auprès des Grumegueules",,,,,,,,,,,,,,0xFF01FE,0,0,0,0,1,
2014,943,46,576,42000,0,0,0,0,,,"Exalté auprès des Grumegueules",,,,,,,,,,,,,,0xFF01FE,0,0,0,0,1,
2017,944,46,576,42000,0,0,0,0,,,"Exalté auprès des Grumegueules",,,,,,,,,,,,,,0xFF01FE,2,0,0,0,1,
2020,946,46,529,42000,0,0,0,0,,,"Exalté auprès de l'Aube d'argent",,,,,,,,,,,,,,0xFF01FE,2,0,0,0,1,
2022,947,46,1106,42000,0,0,0,0,,,"Exalté auprès de la Croisade d'argent",,,,,,,,,,,,,,0xFF01FE,2,0,0,0,1,
2023,945,8,946,0,0,0,0,0,,,"L'Aube d'argent",,,,,,,,,,,,,,0xFF01FE,0,0,0,0,1,
2030,948,46,72,42000,0,0,0,0,,,"Exalté auprès de Hurlevent",,,,,,,,,,,,,,0xFF01FE,0,0,0,0,1,
2035,949,46,1073,42000,0,0,0,0,,,"Exalté auprès des Kalu'aks",,,,,,,,,,,,,,0xFF01FE,2,0,0,0,1,
2036,950,46,1104,42000,0,0,0,0,,,"Exalté auprès de la tribu Frénécœur",,,,,,,,,,,,,,0xFF01FE,2,0,0,0,1,
2037,951,46,1105,42000,0,0,0,0,,,"Exalté auprès des Oracles",,,,,,,,,,,,,,0xFF01FE,2,0,0,0,1,
2039,952,8,951,0,0,0,0,0,,,"Les Oracles",,,,,,,,,,,,,,0xFF01FE,0,0,0,0,1,
2041,480,0,28684,1,0,0,0,0,,,"Krik'thir le Gardien de porte",,,,,,,,,,,,,,0xFF01FE,0,0,0,0,1,
2045,953,46,609,42000,0,0,0,0,,,"Exalté auprès du Cercle cénarien",,,,,,,,,,,,,,0xFF01FE,0,0,0,0,1,
2048,955,46,749,42000,0,0,0,0,,,"Exalté auprès des Hydraxiens",,,,,,,,,,,,,,0xFF01FE,2,0,0,0,1,
2049,956,46,910,42000,0,0,0,0,,,"Exalté auprès de la Progéniture de Nozdormu",,,,,,,,,,,,,,0xFF01FE,2,0,0,0,1,
2050,957,46,270,42000,0,0,0,0,,,"Exalté auprès de la tribu Zandalar",,,,,,,,,,,,,,0xFF01FE,2,0,0,0,1,
2051,958,46,1012,42000,0,0,0,0,,,"Exalté auprès des ligemorts cendrelangues",,,,,,,,,,,,,,0xFF01FE,2,0,0,0,1,
2052,959,46,990,42000,0,0,0,0,,,"Exalté auprès de la Balance des sables",,,,,,,,,,,,,,0xFF01FE,2,0,0,0,1,
2053,960,46,967,42000,0,0,0,0,,,"Exalté auprès de l'Œil pourpre",,,,,,,,,,,,,,0xFF01FE,2,0,0,0,1,
2054,961,27,12702,1,0,0,0,0,,,"Des poulets et des varleus",,,,,,,,,,,,,,0xFF01FE,0,0,0,0,1,
2062,962,27,12704,1,0,0,0,0,,,"Apaiser la pierre à Pluie toute-puissante",,,,,,,,,,,,,,0xFF01FE,0,0,0,0,1,
2070,288,29,42966,1,0,0,0,0,,,"Mal au ventre",,,,,,,,,,,,,,0xFF01FE,2,0,0,0,1,
2071,963,27,12345,1,0,0,0,0,,,"Orneval, Astranaar",,,,,,,,,,,,,,0xFF01FE,0,0,0,0,1,
2072,964,24,0,6500,0,0,0,0,,,"65 mètres sans mourir",,,,,,,,,,,,,,0xFF01FE,2,0,0,0,1,
2099,965,27,12396,1,0,0,0,0,,,"Les Tarides, Cabestan",,,,,,,,,,,,,,0xFF01FE,0,0,0,0,1,
2132,966,27,12332,1,0,0,0,0,,,"Dun Morogh, Kharanos",,,,,,,,,,,,,,0xFF01FE,0,0,0,0,1,
2145,967,27,12402,1,0,0,0,0,,,"Maleterres de l'est, chapelle de l'Espoir de Lumière",,,,,,,,,,,,,,0xFF01FE,0,0,0,0,1,
2195,969,27,12358,1,0,0,0,0,,,"Les Tranchantes, Sylvanaar",,,,,,,,,,,,,,0xFF01FE,0,0,0,0,1,
2217,968,27,12394,1,0,0,0,0,,,"Les Tranchantes, Mok'Nathal",,,,,,,,,,,,,,0xFF01FE,0,0,0,0,1,
2225,971,8,965,0,0,0,0,0,,,"Bonbons et blagues de Kalimdor",,,,,,,,,,,,,,0xFF01FE,0,0,0,0,1,
2228,970,8,963,0,0,0,0,0,,,"Bonbons et blagues de Kalimdor",,,,,,,,,,,,,,0xFF01FE,0,0,0,0,1,
2231,972,36,37586,1,0,0,0,0,,,"Poignée de bonbons",,,,,,,,,,,,,,0xFF01FE,2,0,0,0,1,
2232,973,14,0,5,0,0,0,0,,,"Achever 5 quêtes journalières",,,,,,,,,,,,,,0xFF01FE,1,0,0,0,1,
2233,974,14,0,50,0,0,0,0,,,"Achever 50 quêtes journalières",,,,,,,,,,,,,,0xFF01FE,1,0,0,0,1,
2234,975,14,0,200,0,0,0,0,,,"Achever 200 quêtes journalières",,,,,,,,,,,,,,0xFF01FE,1,0,0,0,1,
2235,976,14,0,500,0,0,0,0,,,"Achever 500 quêtes journalières",,,,,,,,,,,,,,0xFF01FE,1,0,0,0,1,
2236,977,14,0,1000,0,0,0,0,,,"Achever 1 000 quêtes journalières",,,,,,,,,,,,,,0xFF01FE,1,0,0,0,1,
2239,978,9,0,3000,0,0,0,0,,,"Achever 3 000 quêtes",,,,,,,,,,,,,,0xFF01FE,1,0,0,0,1,
2260,979,36,34000,1,0,0,0,0,,,"Masque d'elfe de sang fragile (F)",,,,,,,,,,,,,,0xFF01FE,2,0,0,0,1,
2281,289,27,12135,1,0,0,0,0,,,"Que viennent les flammes !",,,,,,,,,,,,,,0xFF01FE,2,0,0,0,1,
2285,981,41,37604,1,0,0,0,0,,,"Utiliser un cure-dents",,,,,,,,,,,,,,0xFF01FE,2,0,0,0,1,
2335,621,57,20132,1,0,0,0,0,,,"Tabard de bataille d'Arathor",,,,,,,,,,,,,,0xFF01FE,2,0,0,0,1,
2341,545,48,0,1,0,0,0,0,,,"Aller dans un salon de coiffure et se payer les services du coiffeur",,,,,,,,,,,,,,0xFF01FE,2,0,0,0,1,
2342,556,49,0,1,0,0,0,0,,,"Tête",,,,,,,,,,,,,,0xFF01FE,0,0,0,0,1,
2358,558,51,100,1,0,0,0,0,,,"Jet de cupidité avec un résultat de 100 pour un objet de niveau supérieur à 185",,,,,,,,,,,,,,0xFF01FE,2,0,0,0,1,
2359,245,52,6,1,0,0,0,0,,,"Chevalier de la mort",,,,,,,,,,,,,,0xFF01FE,0,0,0,0,1,
2369,246,53,10,1,0,0,0,0,,,"Elfe de sang",,,,,,,,,,,,,,0xFF01FE,0,0,0,0,1,
2374,1005,53,11,1,0,0,0,0,,,"Draeneï",,,,,,,,,,,,,,0xFF01FE,0,0,0,0,1,
2379,247,54,56,1,0,0,0,0,,,"Faire un câlin à un ennemi mort",,,,,,,,,,,,,,0xFF01FE,2,0,0,0,1,
2400,227,13,0,300000,3,30,3,30,,,"Infliger plus de 300 000 points de dégâts dans la vallée d'Alterac",,,,,,,,,,,,,,0xFF01FE,11,0,0,0,1,
2408,408,37,0,10,4,0,4,0,,,"Gagner 10 matchs d'arène sans en perdre",,,,,,,,,,,,,,0xFF01FE,1,0,0,0,1,
2412,559,50,100,1,0,0,0,0,,,"Jet de besoin avec un résultat de 100 pour un objet de niveau supérieur à 185",,,,,,,,,,,,,,0xFF01FE,2,0,0,0,1,
2415,1007,46,1091,42000,0,0,0,0,,,"Exalté auprès de l'Accord du Repos du ver",,,,,,,,,,,,,,0xFF01FE,2,0,0,0,1,
2416,1008,46,1090,42000,0,0,0,0,,,"Exalté auprès du Kirin Tor",,,,,,,,,,,,,,0xFF01FE,2,0,0,0,1,
2417,1009,46,1098,42000,0,0,0,0,,,"Exalté auprès des chevaliers de la Lame d'ébène",,,,,,,,,,,,,,0xFF01FE,2,0,0,0,1,
2418,1010,8,947,0,0,0,0,0,,,"La Croisade d'argent",,,,,,,,,,,,,,0xFF01FE,0,0,0,0,1,
2422,1011,46,1052,42000,0,0,0,0,,,"Exalté auprès de l'expédition de la Horde",,,,,,,,,,,,,,0xFF01FE,0,0,0,0,1,
2425,1012,46,1037,42000,0,0,0,0,,,"Exalté auprès de l'avant-garde de l'Alliance",,,,,,,,,,,,,,0xFF01FE,0,0,0,0,1,
2428,1014,47,0,35,0,0,0,0,,,"Exalté auprès de 35 factions",,,,,,,,,,,,,,0xFF01FE,1,0,0,0,1,
2429,1015,47,0,40,0,0,0,0,,,"Exalté auprès de 40 factions",,,,,,,,,,,,,,0xFF01FE,1,0,0,0,1,
2430,414,36,39656,1,0,0,0,0,,,"Garde de Tyraël",,,,,,,,,,,,,,0xFF01FE,2,0,0,0,1,
3063,1022,27,11804,1,0,0,0,0,,,"Hautes-terres d'Arathi",,,,,,,,,,,,,,0xFF01FE,0,0,0,0,1,
3076,1023,27,11805,1,0,0,0,0,,,"Orneval",,,,,,,,,,,,,,0xFF01FE,0,0,0,0,1,
3089,1024,27,11807,1,0,0,0,0,,,"Les Tranchantes",,,,,,,,,,,,,,0xFF01FE,0,0,0,0,1,
3101,1025,27,11840,1,0,0,0,0,,,"Hautes-terres d'Arathi",,,,,,,,,,,,,,0xFF01FE,0,0,0,0,1,
3112,1026,27,11841,1,0,0,0,0,,,"Orneval",,,,,,,,,,,,,,0xFF01FE,0,0,0,0,1,
3124,1027,27,11843,1,0,0,0,0,,,"Les Tranchantes",,,,,,,,,,,,,,0xFF01FE,0,0,0,0,1,
3131,1028,27,11764,1,0,0,0,0,,,"Hautes-terres d'Arathi",,,,,,,,,,,,,,0xFF01FE,0,0,0,0,1,
3142,1029,27,11765,1,0,0,0,0,,,"Orneval",,,,,,,,,,,,,,0xFF01FE,0,0,0,0,1,
3154,1030,27,11767,1,0,0,0,0,,,"Les Tranchantes",,,,,,,,,,,,,,0xFF01FE,0,0,0,0,1,
3161,1031,27,11732,1,0,0,0,0,,,"Hautes-terres d'Arathi",,,,,,,,,,,,,,0xFF01FE,0,0,0,0,1,
3174,1032,27,11734,1,0,0,0,0,,,"Orneval",,,,,,,,,,,,,,0xFF01FE,0,0,0,0,1,
3186,1033,27,11736,1,0,0,0,0,,,"Les Tranchantes",,,,,,,,,,,,,,0xFF01FE,0,0,0,0,1,
3193,1034,8,1022,0,0,0,0,0,,,"Gardien des flammes des Royaumes de l'est",,,,,,,,,,,,,,0xFF01FE,0,0,0,0,1,
3196,1035,8,1028,0,0,0,0,0,,,"Extinction des Royaumes de l'est",,,,,,,,,,,,,,0xFF01FE,0,0,0,0,1,
3199,1036,8,1025,0,0,0,0,0,,,"Garde-flammes des Royaumes de l'est",,,,,,,,,,,,,,0xFF01FE,0,0,0,0,1,
3202,1037,8,1031,0,0,0,0,0,,,"Extinction des Royaumes de l'est",,,,,,,,,,,,,,0xFF01FE,0,0,0,0,1,
3205,1038,8,1034,0,0,0,0,0,,,"Les feux d'Azeroth",,,,,,,,,,,,,,0xFF01FE,0,0,0,0,1,
3207,1039,8,1036,0,0,0,0,0,,,"Les feux d'Azeroth",,,,,,,,,,,,,,0xFF01FE,0,0,0,0,1,
3209,283,28,24733,1,0,0,0,0,,,"Transformé en chauve-souris",,,,,,,,,,,,,,0xFF01FE,0,0,0,0,1,
3216,1040,27,1658,1,0,0,0,0,,,"Un intrus à la Fête de l'homme d'osier",,,,,,,,,,,,,,0xFF01FE,0,0,0,0,1,
3218,1041,27,8409,1,0,0,0,0,,,"Œufs pourris et tonneaux gâtés",,,,,,,,,,,,,,0xFF01FE,0,0,0,0,1,
3220,249,42,19028,1,0,0,0,0,,,"Robe de soirée",,,,,,,,,,,,,,0xFF01FE,2,0,0,0,1,
3221,248,42,6833,1,0,0,0,0,,,"Chemise blanche de smoking",,,,,,,,,,,,,,0xFF01FE,0,0,0,0,1,
3225,389,36,18706,1,0,0,0,0,,,"Objet Maître de l'arène obtenu",,,,,,,,,,,,,,0xFF01FE,2,0,0,0,1,
3227,396,27,7838,1,0,0,0,0,,,"Quête « Grand maître de l'arène » achevée",,,,,,,,,,,,,,0xFF01FE,2,0,0,0,1,
3231,1042,54,56,0,0,0,0,0,,,"Nombre de câlins",,,,,,,,,,,,,,0xFF01FE,0,0,0,0,1,
3232,1047,54,390,0,0,0,0,0,,,"Nombre d'utilisations de l'emote /consternant",,,,,,,,,,,,,,0xFF01FE,0,0,0,0,1,
3233,1045,54,21,0,0,0,0,0,,,"Nombre total d'acclamations",,,,,,,,,,,,,,0xFF01FE,0,0,0,0,1,
3236,1065,54,101,0,0,0,0,0,,,"Nombre total de signes de la main",,,,,,,,,,,,,,0xFF01FE,0,0,0,0,1,
3237,1067,54,143,0,0,0,0,0,,,"Nombre total d'apitoiements",,,,,,,,,,,,,,0xFF01FE,0,0,0,0,1,
3238,1066,54,60,0,0,0,0,0,,,"rire",,,,,,,,,,,,,,0xFF01FE,0,0,0,0,1,
3239,1068,0,17377,1,0,0,0,0,,,"Keli'dan le Briseur",,,,,,,,,,,,,,0xFF01FE,0,0,0,0,1,
3240,1071,0,17942,1,0,0,0,0,,,"Bourbierreux",,,,,,,,,,,,,,0xFF01FE,0,0,0,0,1,
3241,1069,0,18344,1,0,0,0,0,,,"Prince-nexus Shaffar",,,,,,,,,,,,,,0xFF01FE,0,0,0,0,1,
3242,1070,0,18096,1,0,0,0,0,,,"Chasseur d'époques",,,,,,,,,,,,,,0xFF01FE,0,0,0,0,1,
3243,1072,0,17882,1,0,0,0,0,,,"La Traqueuse noire",,,,,,,,,,,,,,0xFF01FE,0,0,0,0,1,
3244,1073,0,18373,1,0,0,0,0,,,"Exarque Maladaar",,,,,,,,,,,,,,0xFF01FE,0,0,0,0,1,
3245,1074,0,18473,1,0,0,0,0,,,"Roi-serre Ikiss",,,,,,,,,,,,,,0xFF01FE,0,0,0,0,1,
3246,1075,0,18708,1,0,0,0,0,,,"Marmon",,,,,,,,,,,,,,0xFF01FE,0,0,0,0,1,
3247,1076,0,17881,1,0,0,0,0,,,"Aeonus",,,,,,,,,,,,,,0xFF01FE,0,0,0,0,1,
3248,1077,0,17798,1,0,0,0,0,,,"Seigneur de guerre Kalithresh",,,,,,,,,,,,,,0xFF01FE,0,0,0,0,1,
3249,1078,0,16808,1,0,0,0,0,,,"Chef de guerre Kargath Lamepoing",,,,,,,,,,,,,,0xFF01FE,0,0,0,0,1,
3250,1079,0,19220,1,0,0,0,0,,,"Pathaleon le Calculateur",,,,,,,,,,,,,,0xFF01FE,0,0,0,0,1,
3251,1080,0,17977,1,0,0,0,0,,,"Brise-dimension",,,,,,,,,,,,,,0xFF01FE,0,0,0,0,1,
3252,1081,0,20912,1,0,0,0,0,,,"Messager Cieuriss",,,,,,,,,,,,,,0xFF01FE,0,0,0,0,1,
3253,1082,0,24664,1,0,0,0,0,,,"Kael'thas Haut-soleil",,,,,,,,,,,,,,0xFF01FE,0,0,0,0,1,
3254,1083,0,15690,1,0,0,0,0,,,"Prince Malchezaar",,,,,,,,,,,,,,0xFF01FE,0,0,0,0,1,
3255,1084,0,23863,1,0,0,0,0,,,"Zul'jin",,,,,,,,,,,,,,0xFF01FE,0,0,0,0,1,
3256,1085,0,19044,1,0,0,0,0,,,"Gruul le Tue-dragon",,,,,,,,,,,,,,0xFF01FE,0,0,0,0,1,
3257,1086,0,17257,1,0,0,0,0,,,"Magtheridon",,,,,,,,,,,,,,0xFF01FE,0,0,0,0,1,
3258,1087,0,21212,1,0,0,0,0,,,"Dame Vashj",,,,,,,,,,,,,,0xFF01FE,0,0,0,0,1,
3259,1088,0,19622,1,0,0,0,0,,,"Kael'thas Haut-soleil",,,,,,,,,,,,,,0xFF01FE,0,0,0,0,1,
3260,1089,0,22917,1,0,0,0,0,,,"Illidan Hurlorage",,,,,,,,,,,,,,0xFF01FE,0,0,0,0,1,
3261,1090,0,25315,1,0,0,0,0,,,"Kil'jaeden",,,,,,,,,,,,,,0xFF01FE,0,0,0,0,1,
3262,1091,0,639,1,0,0,0,0,,,"Edwin VanCleef",,,,,,,,,,,,,,0xFF01FE,0,0,0,0,1,
3263,1092,0,4275,1,0,0,0,0,,,"Archimage Arugal",,,,,,,,,,,,,,0xFF01FE,0,0,0,0,1,
3264,1093,0,3976,1,0,0,0,0,,,"Commandant écarlate Mograine",,,,,,,,,,,,,,0xFF01FE,0,0,0,0,1,
3265,1094,0,7267,1,0,0,0,0,,,"Chef Ukorz Scalpessable",,,,,,,,,,,,,,0xFF01FE,0,0,0,0,1,
3266,1095,0,9019,1,0,0,0,0,,,"Empereur Dagran Thaurissan",,,,,,,,,,,,,,0xFF01FE,0,0,0,0,1,
3268,1096,0,10363,1,0,0,0,0,,,"Général Drakkisath",,,,,,,,,,,,,,0xFF01FE,0,0,0,0,1,
3270,1097,0,10440,1,0,0,0,0,,,"Baron Vaillefendre",,,,,,,,,,,,,,0xFF01FE,0,0,0,0,1,
3271,1098,0,10184,1,0,0,0,0,,,"Onyxia",,,,,,,,,,,,,,0xFF01FE,0,0,0,0,1,
3272,1099,0,11502,1,0,0,0,0,,,"Ragnaros",,,,,,,,,,,,,,0xFF01FE,0,0,0,0,1,
3273,1100,0,11583,1,0,0,0,0,,,"Nefarian",,,,,,,,,,,,,,0xFF01FE,0,0,0,0,1,
3274,1101,0,15727,1,0,0,0,0,,,"C'Thun",,,,,,,,,,,,,,0xFF01FE,0,0,0,0,1,
3275,1102,0,14834,1,0,0,0,0,,,"Hakkar",,,,,,,,,,,,,,0xFF01FE,0,0,0,0,1,
3276,1106,16,566,0,0,0,0,0,,,"Morts dans l'Œil du cyclone",,,,,,,,,,,,,,0xFF01FE,0,0,0,0,1,
3301,344,41,19307,1,0,0,0,0,,,"Bandage en étoffe runique de la vallée d'Alterac",,,,,,,,,,,,,,0xFF01FE,0,0,0,0,1,
3351,1145,27,9365,1,0,0,0,0,,,"Alliance, La récompense d'un voleur",,,,,,,,,,,,,,0xFF01FE,2,0,0,0,1,
3353,216,30,183,3,3,566,1,0,,,"3 captures et aucune mort",,,,,,,,,,,,,,0xFF01FE,10,0,0,0,1,
3354,333,67,0,0,0,0,0,0,,,"Quantité totale d'argent ramassé",,,,,,,,,,,,,,0xFF01FE,32,0,0,0,1,
3355,326,62,0,0,0,0,0,0,,,"Argent obtenu en récompense de quêtes",,,,,,,,,,,,,,0xFF01FE,32,0,0,0,1,
3356,1146,63,0,0,0,0,0,0,,,"Argent dépensé en voyages",,,,,,,,,,,,,,0xFF01FE,32,0,0,0,1,
3357,1147,65,0,0,0,0,0,0,,,"Argent dépensé chez le coiffeur",,,,,,,,,,,,,,0xFF01FE,32,0,0,0,1,
3358,1148,66,0,0,0,0,0,0,,,"Argent dépensé en envoi de courriers",,,,,,,,,,,,,,0xFF01FE,32,0,0,0,1,
3359,1149,61,0,0,0,0,0,0,,,"Respécialisations de talents",,,,,,,,,,,,,,0xFF01FE,0,0,0,0,1,
3360,1150,60,0,0,0,0,0,0,,,"Argent dépensé en respécialisations de talents",,,,,,,,,,,,,,0xFF01FE,32,0,0,0,1,
3361,921,59,0,0,0,0,0,0,,,"Argent obtenu par les marchands",,,,,,,,,,,,,,0xFF01FE,32,0,0,0,1,
3362,224,31,4407,50,0,0,0,0,,,"50 victoires honorables dans le hall des Loups-de-givre",,,,,,,,,,,,,,0xFF01FE,1,0,0,0,1,
3363,1151,31,4408,50,0,0,0,0,,,"50 victoires honorables dans le hall des Foudrepiques",,,,,,,,,,,,,,0xFF01FE,1,0,0,0,1,
3368,231,56,0,20,3,30,1,0,,,"Vallée d'Alterac",,,,,,,,,,,,,,0xFF01FE,11,0,0,0,1,
3372,1153,30,123,3,3,529,3,529,,,"Défendre 3 bases",,,,,,,,,,,,,,0xFF01FE,10,0,0,0,1,
3381,1159,39,2,2200,0,0,0,0,,,"Cote de 2200",,,,,,,,,,,,,,0xFF01FE,2,0,0,0,1,
3382,1160,39,3,2200,0,0,0,0,,,"Cote de 2200",,,,,,,,,,,,,,0xFF01FE,2,0,0,0,1,
3383,1161,39,5,2200,0,0,0,0,,,"Cote de 2200",,,,,,,,,,,,,,0xFF01FE,2,0,0,0,1,
3384,1162,37,0,10,4,0,4,0,,,"Gagner 10 matchs d'arène sans en perdre",,,,,,,,,,,,,,0xFF01FE,1,0,0,0,1,
3386,225,1,30,1,3,30,3,30,,,"Grotte des kobolds possédée",,,,,,,,,,,,,,0xFF01FE,6,0,0,0,1,
3388,1164,1,30,1,3,30,3,30,,,"Grotte des kobolds possédée",,,,,,,,,,,,,,0xFF01FE,6,0,0,0,1,
3390,1165,57,38082,1,0,0,0,0,,,"Sac ""gigantesque""",,,,,,,,,,,,,,0xFF01FE,2,0,0,0,1,
3391,1166,42,18228,1,0,0,0,0,,,"Portrait dédicacé de Dagharn & Aguilor",,,,,,,,,,,,,,0xFF01FE,2,0,0,0,1,
3392,1167,8,219,0,0,0,0,0,,,"Vétéran de la vallée d'Alterac",,,,,,,,,,,,,,0xFF01FE,0,0,0,0,1,
3404,1168,8,219,0,0,0,0,0,,,"Vétéran de la vallée d'Alterac",,,,,,,,,,,,,,0xFF01FE,0,0,0,0,1,
3416,1169,8,155,0,0,0,0,0,,,"Vétéran du bassin d'Arathi",,,,,,,,,,,,,,0xFF01FE,0,0,0,0,1,
3431,1170,8,155,0,0,0,0,0,,,"Vétéran du bassin d'Arathi",,,,,,,,,,,,,,0xFF01FE,0,0,0,0,1,
3446,1171,8,209,0,0,0,0,0,,,"Vétéran de l'Œil du cyclone",,,,,,,,,,,,,,0xFF01FE,0,0,0,0,1,
3461,1172,8,167,0,0,0,0,0,,,"Vétéran du goulet des Chanteguerres",,,,,,,,,,,,,,0xFF01FE,0,0,0,0,1,
3476,1173,8,167,0,0,0,0,0,,,"Vétéran du goulet des Chanteguerres",,,,,,,,,,,,,,0xFF01FE,0,0,0,0,1,
3488,1174,8,699,0,0,0,0,0,,,"Champion du monde",,,,,,,,,,,,,,0xFF01FE,0,0,0,0,1,
3500,1175,8,1168,0,0,0,0,0,,,"Maîtrise de la vallée d'Alterac",,,,,,,,,,,,,,0xFF01FE,0,0,0,0,1,
3506,1176,67,0,1000000,0,0,0,0,,,"100 pièces d'or en butin",,,,,,,,,,,,,,0xFF01FE,33,0,0,0,1,
3507,1177,67,0,10000000,0,0,0,0,,,"1 000 pièces d'or en butin",,,,,,,,,,,,,,0xFF01FE,33,0,0,0,1,
3510,1180,67,0,100000000,0,0,0,0,,,"10 000 pièces d'or en butin",,,,,,,,,,,,,,0xFF01FE,33,0,0,0,1,
3511,1181,67,0,250000000,0,0,0,0,,,"25 000 pièces d'or en butin",,,,,,,,,,,,,,0xFF01FE,33,0,0,0,1,
3512,1178,67,0,50000000,0,0,0,0,,,"5 000 pièces d'or en butin",,,,,,,,,,,,,,0xFF01FE,33,0,0,0,1,
3513,1182,62,0,100000000,0,0,0,0,,,"10 000 pièces d'or en récompenses de quêtes",,,,,,,,,,,,,,0xFF01FE,33,0,0,0,1,
3515,1183,28,42256,1,0,0,0,0,,,"Pilsner de l'hiver sauvage",,,,,,,,,,,,,,0xFF01FE,0,0,0,0,1,
3527,1184,41,33030,1,0,0,0,0,,,"Brasselorge blonde",,,,,,,,,,,,,,0xFF01FE,0,0,0,0,1,
3542,1185,41,34063,1,0,0,0,0,,,"Saucisse sèche",,,,,,,,,,,,,,0xFF01FE,0,0,0,0,1,
3557,1186,27,12020,1,0,0,0,0,,,"Alliance",,,,,,,,,,,,,,0xFF01FE,2,0,0,0,1,
3559,1187,36,30633,1,0,0,0,0,,,"Clé auchenaï",,,,,,,,,,,,,,0xFF01FE,0,0,0,0,1,
3572,1188,41,22200,10,0,0,0,0,,,"10 flèches en argent",,,,,,,,,,,,,,0xFF01FE,1,0,0,0,1,
3574,484,0,29304,1,0,0,0,0,,,"Slad'ran",,,,,,,,,,,,,,0xFF01FE,0,0,0,0,1,
3578,481,0,29308,1,0,0,0,0,,,"Prince Taldaram",,,,,,,,,,,,,,0xFF01FE,0,0,0,0,1,
3582,483,0,31134,1,0,0,0,0,,,"Cyanigosa",,,,,,,,,,,,,,0xFF01FE,2,0,0,0,1,
3583,1189,11,3483,80,0,0,0,0,,,"80 quêtes dans la péninsule des Flammes infernales",,,,,,,,,,,,,,0xFF01FE,1,0,0,0,1,
3584,1190,11,3521,54,0,0,0,0,,,"54 quêtes dans le marécage de Zangar",,,,,,,,,,,,,,0xFF01FE,1,0,0,0,1,
3585,1191,11,3519,63,0,0,0,0,,,"63 quêtes dans la forêt de Terokkar",,,,,,,,,,,,,,0xFF01FE,1,0,0,0,1,
3586,1192,11,3518,75,0,0,0,0,,,"75 quêtes dans Nagrand",,,,,,,,,,,,,,0xFF01FE,1,0,0,0,1,
3587,1193,11,3522,86,0,0,0,0,,,"86 quêtes dans les Tranchantes",,,,,,,,,,,,,,0xFF01FE,1,0,0,0,1,
3588,1194,11,3523,120,0,0,0,0,,,"120 quêtes à Raz-de-Néant",,,,,,,,,,,,,,0xFF01FE,1,0,0,0,1,
3589,1195,11,3520,90,0,0,0,0,,,"90 quêtes dans la vallée d'Ombrelune",,,,,,,,,,,,,,0xFF01FE,1,0,0,0,1,
3594,1203,41,34021,1,0,0,0,0,,,"Brass'vaudou magique",,,,,,,,,,,,,,0xFF01FE,0,0,0,0,1,
3615,1206,54,225,1,0,0,0,0,,,"Écureuil",,,,,,,,,,,,,,0xFF01FE,0,0,0,0,1,
3622,144,28,54587,1,0,0,0,0,,,"Pêche du Rôdeur",,,,,,,,,,,,,,0xFF01FE,2,0,0,0,1,
3623,1225,72,182954,1,0,0,0,0,,,"Banc mixte en eaux saumâtres",,,,,,,,,,,,,,0xFF01FE,0,0,0,0,1,
3629,319,76,0,0,0,0,0,0,,,"Duels gagnés",,,,,,,,,,,,,,0xFF01FE,0,0,0,0,1,
3630,320,77,0,0,0,0,0,0,,,"Duels perdus",,,,,,,,,,,,,,0xFF01FE,0,0,0,0,1,
3631,98,9,0,0,0,0,0,0,,,"Total de quêtes",,,,,,,,,,,,,,0xFF01FE,0,0,0,0,1,
3639,1231,0,26723,1,0,0,0,0,,,"Keristrasza",,,,,,,,,,,,,,0xFF01FE,0,0,0,0,1,
3643,1232,0,29120,1,0,0,0,0,,,"Anub'arak",,,,,,,,,,,,,,0xFF01FE,0,0,0,0,1,
3647,1233,0,29311,1,0,0,0,0,,,"Héraut Volazj",,,,,,,,,,,,,,0xFF01FE,0,0,0,0,1,
3651,1234,0,26632,1,0,0,0,0,,,"Le prophète Tharon'ja",,,,,,,,,,,,,,0xFF01FE,0,0,0,0,1,
3652,1235,0,31134,1,0,0,0,0,,,"Cyanigosa",,,,,,,,,,,,,,0xFF01FE,0,0,0,0,1,
3656,1236,0,29306,1,0,0,0,0,,,"Gal'darah",,,,,,,,,,,,,,0xFF01FE,0,0,0,0,1,
3659,1237,0,27978,1,0,0,0,0,,,"Sjonnir le Sculptefer",,,,,,,,,,,,,,0xFF01FE,0,0,0,0,1,
3663,1238,0,28923,1,0,0,0,0,,,"Kronus",,,,,,,,,,,,,,0xFF01FE,0,0,0,0,1,
3667,1239,0,27656,1,0,0,0,0,,,"Gardien-tellurique Eregos",,,,,,,,,,,,,,0xFF01FE,0,0,0,0,1,
3669,1240,0,26861,1,0,0,0,0,,,"Roi Ymiron",,,,,,,,,,,,,,0xFF01FE,0,0,0,0,1,
3674,1241,0,26533,1,0,0,0,0,,,"Mal'Ganis",,,,,,,,,,,,,,0xFF01FE,0,0,0,0,1,
3679,1242,0,23980,1,0,0,0,0,,,"Ingvar le Pilleur",,,,,,,,,,,,,,0xFF01FE,0,0,0,0,1,
3680,1157,76,0,1,0,0,0,0,,,"Gagner un duel",,,,,,,,,,,,,,0xFF01FE,2,0,0,0,1,
3681,1243,34,43308,0,0,0,0,0,,,"Découverte de poissons",,,,,,,,,,,,,,0xFF01FE,2,0,0,0,1,
3683,560,41,19974,1,0,0,0,0,,,"Appât au Puant de vase",,,,,,,,,,,,,,0xFF01FE,2,0,0,0,1,
3684,233,56,0,1,3,566,3,566,,,"Coup fatal sur une cible sous berserker",,,,,,,,,,,,,,0xFF01FE,2,0,0,0,1,
3685,213,70,0,5,3,566,3,566,,,"5 porteurs de drapeau",,,,,,,,,,,,,,0xFF01FE,9,0,0,0,1,
3686,1017,75,778,1,0,0,0,0,,,"Obtenir un familier",,,,,,,,,,,,,,0xFF01FE,2,0,0,0,1,
3689,15,75,778,15,0,0,0,0,,,"Obtenir 15 mascottes",,,,,,,,,,,,,,0xFF01FE,1,0,0,0,1,
3690,1248,75,778,25,0,0,0,0,,,"Obtenir 25 mascottes",,,,,,,,,,,,,,0xFF01FE,1,0,0,0,1,
3692,1250,75,778,50,0,0,0,0,,,"Obtenir 50 mascottes",,,,,,,,,,,,,,0xFF01FE,1,0,0,0,1,
3693,211,30,183,1,0,0,0,0,,,"Capturer un drapeau en possédant les 4 bases",,,,,,,,,,,,,,0xFF01FE,2,0,0,0,1,
3698,206,70,0,100,0,0,0,0,,,"Porteurs de drapeau de la Horde",,,,,,,,,,,,,,0xFF01FE,1,0,0,0,1,
3699,1252,70,0,100,0,0,0,0,,,"Porteurs de drapeaux de l'Alliance",,,,,,,,,,,,,,0xFF01FE,1,0,0,0,1,
3701,489,0,23953,1,0,0,0,0,,,"Prince Keleseth",,,,,,,,,,,,,,0xFF01FE,0,0,0,0,1,
3705,667,0,17308,1,0,0,0,0,,,"Omor l'Intouché",,,,,,,,,,,,,,0xFF01FE,0,0,0,0,1,
3708,674,0,18473,1,0,0,0,0,,,"Roi-serre Ikiss",,,,,,,,,,,,,,0xFF01FE,2,0,0,0,1,
3709,682,0,24664,1,0,0,0,0,,,"Kael'thas Haut-soleil",,,,,,,,,,,,,,0xFF01FE,2,0,0,0,1,
3710,668,0,17377,1,0,0,0,0,,,"Keli'dan le Briseur",,,,,,,,,,,,,,0xFF01FE,2,0,0,0,1,
3711,669,0,17942,1,0,0,0,0,,,"Bourbierreux",,,,,,,,,,,,,,0xFF01FE,2,0,0,0,1,
3712,670,0,17882,1,0,0,0,0,,,"La Traqueuse noire",,,,,,,,,,,,,,0xFF01FE,2,0,0,0,1,
3713,671,0,18344,1,0,0,0,0,,,"Prince-nexus Shaffar",,,,,,,,,,,,,,0xFF01FE,2,0,0,0,1,
3714,672,0,18373,1,0,0,0,0,,,"Exarque Maladaar",,,,,,,,,,,,,,0xFF01FE,2,0,0,0,1,
3715,673,0,18096,1,0,0,0,0,,,"Chasseur d'époques",,,,,,,,,,,,,,0xFF01FE,2,0,0,0,1,
3716,675,0,18708,1,0,0,0,0,,,"Marmon",,,,,,,,,,,,,,0xFF01FE,2,0,0,0,1,
3717,676,0,17881,1,0,0,0,0,,,"Aeonus",,,,,,,,,,,,,,0xFF01FE,2,0,0,0,1,
3718,677,0,17798,1,0,0,0,0,,,"Seigneur de guerre Kalithresh",,,,,,,,,,,,,,0xFF01FE,2,0,0,0,1,
3719,678,0,16808,1,0,0,0,0,,,"Chef de guerre Kargath Lamepoing",,,,,,,,,,,,,,0xFF01FE,2,0,0,0,1,
3720,679,0,19220,1,0,0,0,0,,,"Pathaleon le Calculateur",,,,,,,,,,,,,,0xFF01FE,2,0,0,0,1,
3721,680,0,17977,1,0,0,0,0,,,"Brise-dimension",,,,,,,,,,,,,,0xFF01FE,2,0,0,0,1,
3722,681,0,20912,1,0,0,0,0,,,"Messager Cieuriss",,,,,,,,,,,,,,0xFF01FE,2,0,0,0,1,
3723,557,49,0,1,0,0,0,0,,,"Tête",,,,,,,,,,,,,,0xFF01FE,0,0,0,0,1,
3762,1244,68,175738,1,0,0,0,0,,,"Aegwynn et la chasse au dragon",,,,,,,,,,,,,,0xFF01FE,0,0,0,0,1,
3804,161,1,529,1,0,0,0,0,,,"Rattraper un retard de 500 ressources",,,,,,,,,,,,,,0xFF01FE,2,0,0,0,1,
3814,1253,29,46619,0,0,0,0,0,,,"Réanimation sous forme de goule",,,,,,,,,,,,,,0xFF01FE,0,0,0,0,1,
3815,1229,28,50763,1,0,0,0,0,,,"Ressusciter (Rang 7)",,,,,,,,,,,,,,0xFF01FE,0,0,0,0,1,
3821,1254,28,25285,1,0,0,0,0,,,"15 dindes en 3 minutes",,,,,,,,,,,,,,0xFF01FE,2,0,0,0,1,
3822,409,28,26549,1,0,0,0,0,,,"Le dernier debout",,,,,,,,,,,,,,0xFF01FE,2,0,0,0,1,
3826,252,35,0,50,0,0,0,0,,,"26157",,,,,,,,,,,,,,0xFF01FE,3,0,0,0,1,
3834,563,0,15956,1,0,0,0,0,,,"Anub'Rekhan",,,,,,,,,,,,,,0xFF01FE,0,0,0,0,1,
3837,565,0,16028,1,0,0,0,0,,,"Le Recousu",,,,,,,,,,,,,,0xFF01FE,0,0,0,0,1,
3841,567,0,15954,1,0,0,0,0,,,"Noth le Porte-peste",,,,,,,,,,,,,,0xFF01FE,0,0,0,0,1,
3844,569,0,16061,1,0,0,0,0,,,"Instructeur Razuvious",,,,,,,,,,,,,,0xFF01FE,0,0,0,0,1,
3847,573,0,15989,1,0,0,0,0,,,"Saphiron",,,,,,,,,,,,,,0xFF01FE,2,0,0,0,1,
3865,153,72,182954,1,0,0,0,0,,,"Banc mixte en eaux saumâtres",,,,,,,,,,,,,,0xFF01FE,2,0,0,0,1,
3872,1257,72,182952,1,0,0,0,0,,,"Détritus de la pompe à vapeur",,,,,,,,,,,,,,0xFF01FE,0,0,0,0,1,
3879,1258,70,0,1,3,566,3,566,,,"Tué un personnage sous berserker",,,,,,,,,,,,,,0xFF01FE,2,0,0,0,1,
3880,1259,70,0,1,3,489,3,489,,,"Tué un personnage sous sprint",,,,,,,,,,,,,,0xFF01FE,2,0,0,0,1,
3881,1260,24,0,6500,0,0,0,0,,,"65 mètres sans mourir et en étant soûl",,,,,,,,,,,,,,0xFF01FE,2,0,0,0,1,
3882,1261,35,0,50,0,0,0,0,,,"50 victoires honorables avec l'amélioration B.I.G.B.A.N.G.",,,,,,,,,,,,,,0xFF01FE,1,0,0,0,1,
3883,1262,8,1189,0,0,0,0,0,,,"Les Flammes infernales des hommes",,,,,,,,,,,,,,0xFF01FE,0,0,0,0,1,
3904,45,8,1264,0,0,0,0,0,,,"Toundra Boréenne",,,,,,,,,,,,,,0xFF01FE,0,0,0,0,1,
3912,1271,11,3483,90,0,0,0,0,,,"90 quêtes dans la péninsule des Flammes infernales",,,,,,,,,,,,,,0xFF01FE,1,0,0,0,1,
3913,1272,11,3519,68,0,0,0,0,,,"68 quêtes dans la forêt de Terokkar",,,,,,,,,,,,,,0xFF01FE,1,0,0,0,1,
3914,1273,11,3518,87,0,0,0,0,,,"87 quêtes dans Nagrand",,,,,,,,,,,,,,0xFF01FE,1,0,0,0,1,
3915,1274,8,1271,0,0,0,0,0,,,"Les Flammes infernales des hommes",,,,,,,,,,,,,,0xFF01FE,0,0,0,0,1,
3922,1275,27,11008,1,0,0,10,0,,,"Un déluge de feu sur Skettis",,,,,,,,,,,,,,0xFF01FE,10,2,11008,135,1,
3923,1276,27,11023,1,0,0,10,0,,,"Bombardez-les encore !",,,,,,,,,,,,,,0xFF01FE,10,2,11023,135,1,
3924,1277,27,12372,1,0,0,10,0,,,"La défense du temple du Repos du ver",,,,,,,,,,,,,,0xFF01FE,10,2,12372,180,1,
3931,1279,54,58,1,0,0,0,0,,,"Embrasser Sraaz",,,,,,,,,,,,,,0xFF01FE,0,0,0,0,1,
3932,1281,41,21576,10,0,0,0,0,,,"Lancer 10 chapelets de fusées rouges en 25 secondes maximum",,,,,,,,,,,,,,0xFF01FE,1,9,21576,25,1,
3936,1282,27,11023,1,0,0,0,0,,,"Invocation du renne volant 3.5 (Marron) (récompence JcJ)",,,,,,,,,,,,,,0xFF01FE,2,0,0,0,1,
3939,1283,8,628,0,0,0,0,0,,,"Les Mortemines",,,,,,,,,,,,,,0xFF01FE,0,0,0,0,1,
3964,1284,8,647,0,0,0,0,0,,,"Remparts des Flammes infernales",,,,,,,,,,,,,,0xFF01FE,0,0,0,0,1,
4009,1285,8,685,0,0,0,0,0,,,"Repaire de l'Aile noire",,,,,,,,,,,,,,0xFF01FE,0,0,0,0,1,
4014,1286,8,690,0,0,0,0,0,,,"Karazhan",,,,,,,,,,,,,,0xFF01FE,0,0,0,0,1,
4023,1287,8,667,0,0,0,0,0,,,"Remparts des Flammes infernales en mode héroïque",,,,,,,,,,,,,,0xFF01FE,0,0,0,0,1,
4040,1288,8,477,0,0,0,0,0,,,"Donjon d'Utgarde",,,,,,,,,,,,,,0xFF01FE,0,0,0,0,1,
4056,1289,8,489,0,0,0,0,0,,,"Donjon d'Utgarde en mode héroïque",,,,,,,,,,,,,,0xFF01FE,0,0,0,0,1,
4071,1291,41,22236,1,0,0,0,0,,,"Délice au lait au cours d'un pique-nique romantique",,,,,,,,,,,,,,0xFF01FE,2,0,0,0,1,
4072,1292,36,32912,1,0,0,0,0,,,"Bock de la fête des Brasseurs jaune",,,,,,,,,,,,,,0xFF01FE,2,0,0,0,1,
4078,1293,36,33016,1,0,0,0,0,,,"Bock de la fête des Brasseurs bleu",,,,,,,,,,,,,,0xFF01FE,2,0,0,0,1,
4090,1295,28,49444,25,0,0,0,0,,,"Provoquer 25 collisions avec votre Cogn'Baff de course",,,,,,,,,,,,,,0xFF01FE,1,0,0,0,1,
4091,328,59,0,0,0,0,0,0,,,"Argent des ventes aux PNJ",,,,,,,,,,,,,,0xFF01FE,32,0,0,0,1,
4111,295,0,23872,1,0,0,0,0,,,"Coren Navrebière",,,,,,,,,,,,,,0xFF01FE,2,0,0,0,1,
4112,293,54,34,1,0,0,0,0,,,"/danser",,,,,,,,,,,,,,0xFF01FE,2,0,0,0,1,
4122,1264,43,1462,0,0,0,0,0,,,"Ville-temple d'En'kilah",,,,,,,,,,,,,,0xFF01FE,0,0,0,0,1,
4136,1263,43,1559,0,0,0,0,0,,,"Kamagua",,,,,,,,,,,,,,0xFF01FE,0,0,0,0,1,
4159,1265,43,1501,0,0,0,0,0,,,"Le Repos de Galakrond",,,,,,,,,,,,,,0xFF01FE,0,0,0,0,1,
4178,1266,43,1463,0,0,0,0,0,,,"Bastion de la Conquête",,,,,,,,,,,,,,0xFF01FE,0,0,0,0,1,
4192,1267,43,1530,0,0,0,0,0,,,"Gundrak",,,,,,,,,,,,,,0xFF01FE,0,0,0,0,1,
4206,1268,43,1544,0,0,0,0,0,,,"Le Cœur du fleuve",,,,,,,,,,,,,,0xFF01FE,0,0,0,0,1,
4219,919,80,0,0,0,0,0,0,,,"Argent gagné à l'hôtel des ventes",,,,,,,,,,,,,,0xFF01FE,32,0,0,0,1,
4220,329,82,0,0,0,0,0,0,,,"Mises en vente aux enchères",,,,,,,,,,,,,,0xFF01FE,0,0,0,0,1,
4221,330,84,0,0,0,0,0,0,,,"Nombre total d'achats à l'hôtel des ventes",,,,,,,,,,,,,,0xFF01FE,0,0,0,0,1,
4222,331,83,0,0,0,0,0,0,,,"Enchère la plus élevée",,,,,,,,,,,,,,0xFF01FE,32,0,0,0,1,
4223,332,85,0,0,0,0,0,0,,,"Achat direct le plus important sur une enchère",,,,,,,,,,,,,,0xFF01FE,32,0,0,0,1,
4224,334,86,0,0,0,0,0,0,,,"Plus grand montant d'or possédé",,,,,,,,,,,,,,0xFF01FE,32,0,0,0,1,
4227,1280,110,27571,1,0,0,0,0,,,"Poignée de pétales de rose sur Jeremiah Payson",,,,,,,,,,,,,,0xFF01FE,0,0,0,0,1,
4230,277,29,25990,1,0,0,0,0,,,"Gâteau aux fruits secs de Graccu",,,,,,,,,,,,,,0xFF01FE,2,0,0,0,1,
4240,1296,0,28684,1,0,0,0,0,,,"Krik'thir le Gardien de porte",,,,,,,,,,,,,,0xFF01FE,2,0,0,0,1,
4244,1297,0,28921,1,0,0,0,0,,,"Hadronox",,,,,,,,,,,,,,0xFF01FE,2,0,0,0,1,
4266,684,27,7495,1,0,0,0,0,,,"Victoire pour l'Alliance !",,,,,,,,,,,,,,0xFF01FE,2,0,0,0,1,
4288,345,41,32947,0,0,0,0,0,,,"Potion de soins auchenaï",,,,,,,,,,,,,,0xFF01FE,0,0,0,0,1,
4308,922,41,32948,0,0,0,0,0,,,"Potion de mana auchenaï",,,,,,,,,,,,,,0xFF01FE,0,0,0,0,1,
4337,923,41,20080,0,0,0,0,0,,,"Brillance de Zanza",,,,,,,,,,,,,,0xFF01FE,0,0,0,0,1,
4410,811,41,22861,0,0,0,0,0,,,"Flacon de lumière aveuglante",,,,,,,,,,,,,,0xFF01FE,0,0,0,0,1,
4439,1307,0,10363,1,0,0,0,0,,,"Général Drakkisath",,,,,,,,,,,,,,0xFF01FE,2,0,0,0,1,
4501,1308,1,607,1,0,0,0,0,,,"Victoire sur le rivage des Anciens",,,,,,,,,,,,,,0xFF01FE,2,0,0,0,1,
4502,1309,1,607,100,0,0,0,0,,,"100 victoires sur le rivage des Anciens",,,,,,,,,,,,,,0xFF01FE,1,0,0,0,1,
4504,1311,0,18695,1,0,0,0,0,,,"Ambassadeur Jerrikar",,,,,,,,,,,,,,0xFF01FE,0,0,0,0,1,
4654,346,41,32667,0,0,0,0,0,,,"Bière à baffes",,,,,,,,,,,,,,0xFF01FE,2,0,0,0,1,
4719,812,41,5510,0,0,0,0,0,,,"Pierre de soins supérieure (0)",,,,,,,,,,,,,,0xFF01FE,0,0,0,0,1,
4737,924,46,1106,42000,0,0,0,0,,,"Exalté auprès de la Croisade d'argent",,,,,,,,,,,,,,0xFF01FE,0,0,0,0,1,
4750,925,46,1012,42000,0,0,0,0,,,"Exalté auprès des ligemorts cendrelangues",,,,,,,,,,,,,,0xFF01FE,0,0,0,0,1,
4768,927,49,14,1,0,0,0,0,,,"Une cape épique !",,,,,,,,,,,,,,0xFF01FE,0,0,0,0,1,
4787,339,75,777,0,0,0,0,0,,,"Nombre de montures",,,,,,,,,,,,,,0xFF01FE,0,0,0,0,1,
4788,338,75,778,0,0,0,0,0,,,"Mascottes possédées",,,,,,,,,,,,,,0xFF01FE,0,0,0,0,1,
4943,198,55,0,0,0,0,0,0,,,"Total de soins effectués",,,,,,,,,,,,,,0xFF01FE,0,0,0,0,1,
4944,1197,78,0,0,0,0,0,0,,,"Total de PNJ tués",,,,,,,,,,,,,,0xFF01FE,0,0,0,0,1,
4946,1198,78,0,0,0,0,0,0,,,"Tuer un PNJ qui fournit de l'expérience",,,,,,,,,,,,,,0xFF01FE,0,0,0,0,1,
4948,107,78,0,0,0,0,0,0,,,"Bêtes",,,,,,,,,,,,,,0xFF01FE,0,0,0,0,1,
4958,108,78,0,0,0,0,0,0,,,"Bestioles tuées",,,,,,,,,,,,,,0xFF01FE,0,0,0,0,1,
4959,1111,70,0,0,0,0,0,0,,,"Victimes en 2c2",,,,,,,,,,,,,,0xFF01FE,0,0,0,0,1,
4960,1110,70,0,0,0,0,0,0,,,"Victimes en 3c3",,,,,,,,,,,,,,0xFF01FE,0,0,0,0,1,
4961,1109,70,0,0,0,0,0,0,,,"Victimes en 5c5",,,,,,,,,,,,,,0xFF01FE,0,0,0,0,1,
4962,1057,17,0,0,0,0,0,0,,,"Morts en 2c2",,,,,,,,,,,,,,0xFF01FE,0,0,0,0,1,
4963,1107,17,0,0,0,0,0,0,,,"Morts en 3c3",,,,,,,,,,,,,,0xFF01FE,0,0,0,0,1,
4964,1108,17,0,0,0,0,0,0,,,"Morts en 5c5",,,,,,,,,,,,,,0xFF01FE,0,0,0,0,1,
4965,593,20,11948,0,0,0,0,0,,,"Tué par Vanndar Foudrepique",,,,,,,,,,,,,,0xFF01FE,0,0,0,0,1,
4985,97,14,0,0,0,0,0,0,,,"Quêtes journalières achevées",,,,,,,,,,,,,,0xFF01FE,0,0,0,0,1,
4987,932,19,5,0,0,0,0,0,,,"Nombre d'instances à 5 joueurs",,,,,,,,,,,,,,0xFF01FE,0,0,0,0,1,
4988,933,19,10,0,0,0,0,0,,,"Nombre de raids à 10 joueurs",,,,,,,,,,,,,,0xFF01FE,0,0,0,0,1,
4989,934,19,25,0,0,0,0,0,,,"Nombre de raids à 25 joueurs",,,,,,,,,,,,,,0xFF01FE,0,0,0,0,1,
4990,178,75,333,0,0,0,0,0,,,"Formules d'enchantement connues",,,,,,,,,,,,,,0xFF01FE,0,0,0,0,1,
4991,181,29,13262,0,0,0,0,0,,,"Objets désenchantés",,,,,,,,,,,,,,0xFF01FE,0,0,0,0,1,
4992,350,68,183384,0,0,0,0,0,,,"Portail vers Shattrath",,,,,,,,,,,,,,0xFF01FE,0,0,0,0,1,
5008,353,29,8690,0,0,0,0,0,,,"Pierre de foyer",,,,,,,,,,,,,,0xFF01FE,0,0,0,0,1,
5018,460,5,0,80,0,0,0,0,,,"Atteindre le niveau 80",,,,,,,,,,,,,,0xFF01FE,2,0,0,0,1,
5020,388,70,0,50,0,0,0,0,,,"Hurlevent",,,,,,,,,,,,,,0xFF01FE,3,0,0,0,1,
5031,1006,70,0,50,0,0,0,0,,,"Orgrimmar",,,,,,,,,,,,,,0xFF01FE,3,0,0,0,1,
5040,1356,11,495,105,0,0,0,0,,,"Achever 105 quêtes dans le fjord Hurlant",,,,,,,,,,,,,,0xFF01FE,1,0,0,0,1,
5041,1357,11,394,75,0,0,0,0,,,"Achever 75 quêtes dans les Grisonnes",,,,,,,,,,,,,,0xFF01FE,1,0,0,0,1,
5042,1358,11,3537,150,0,0,0,0,,,"Achever 140 quêtes dans la toundra Boréenne",,,,,,,,,,,,,,0xFF01FE,3,0,0,0,1,
5044,1359,11,65,130,0,0,0,0,,,"Achever 130 quêtes dans la Désolation des dragons",,,,,,,,,,,,,,0xFF01FE,1,0,0,0,1,
5045,1360,8,1358,1,0,0,0,0,,,"Ma tendre toundra",,,,,,,,,,,,,,0xFF01FE,0,0,0,0,1,
5079,284,36,34000,1,0,0,0,0,,,"Masque d'elfe de sang fragile (F)",,,,,,,,,,,,,,0xFF01FE,0,0,0,0,1,
5100,1361,0,15956,1,0,0,0,0,,,"Anub'Rekhan",,,,,,,,,,,,,,0xFF01FE,0,0,0,0,1,
5101,1362,0,15953,1,0,0,0,0,,,"Grande veuve Faerlina",,,,,,,,,,,,,,0xFF01FE,0,0,0,0,1,
5102,1363,0,15952,1,0,0,0,0,,,"Maexxna",,,,,,,,,,,,,,0xFF01FE,0,0,0,0,1,
5103,1367,0,16028,1,0,0,0,0,,,"Le Recousu",,,,,,,,,,,,,,0xFF01FE,0,0,0,0,1,
5104,1365,0,15954,1,0,0,0,0,,,"Noth le Porte-peste",,,,,,,,,,,,,,0xFF01FE,0,0,0,0,1,
5108,1366,0,16060,1,0,0,0,0,,,"Gothik le Moissonneur",,,,,,,,,,,,,,0xFF01FE,0,0,0,0,1,
5110,1364,0,16028,1,0,0,0,0,,,"Le Recousu",,,,,,,,,,,,,,0xFF01FE,0,0,0,0,1,
5111,1368,0,15956,1,0,0,0,0,,,"Anub'Rekhan",,,,,,,,,,,,,,0xFF01FE,0,0,0,0,1,
5112,1369,0,15936,1,0,0,0,0,,,"Heigan l'Impur",,,,,,,,,,,,,,0xFF01FE,0,0,0,0,1,
5113,1370,0,16011,1,0,0,0,0,,,"Horreb",,,,,,,,,,,,,,0xFF01FE,0,0,0,0,1,
5114,1371,0,15931,1,0,0,0,0,,,"Grobbulus",,,,,,,,,,,,,,0xFF01FE,0,0,0,0,1,
5117,1372,0,15932,1,0,0,0,0,,,"Gluth",,,,,,,,,,,,,,0xFF01FE,0,0,0,0,1,
5119,1373,0,15928,1,0,0,0,0,,,"Thaddius",,,,,,,,,,,,,,0xFF01FE,0,0,0,0,1,
5120,1374,0,16061,1,0,0,0,0,,,"Instructeur Razuvious",,,,,,,,,,,,,,0xFF01FE,0,0,0,0,1,
5121,1375,0,16062,1,0,0,0,0,,,"<NYI> Rattacher un évènement",,,,,,,,,,,,,,0xFF01FE,0,0,0,0,1,
5122,1376,0,15989,1,0,0,0,0,,,"Saphiron",,,,,,,,,,,,,,0xFF01FE,0,0,0,0,1,
5123,1377,0,15990,1,0,0,0,0,,,"Kel'Thuzad",,,,,,,,,,,,,,0xFF01FE,0,0,0,0,1,
5124,1378,0,15932,1,0,0,0,0,,,"Gluth",,,,,,,,,,,,,,0xFF01FE,0,0,0,0,1,
5125,1379,0,16060,1,0,0,0,0,,,"Gothik le Moissonneur",,,,,,,,,,,,,,0xFF01FE,0,0,0,0,1,
5126,1380,0,15953,1,0,0,0,0,,,"Grande veuve Faerlina",,,,,,,,,,,,,,0xFF01FE,0,0,0,0,1,
5127,1381,0,15931,1,0,0,0,0,,,"Grobbulus",,,,,,,,,,,,,,0xFF01FE,0,0,0,0,1,
5128,1382,0,15936,1,0,0,0,0,,,"Heigan l'Impur",,,,,,,,,,,,,,0xFF01FE,0,0,0,0,1,
5129,1383,0,16062,1,0,0,0,0,,,"<NYI> Rattacher un évènement",,,,,,,,,,,,,,0xFF01FE,0,0,0,0,1,
5130,1384,0,16061,1,0,0,0,0,,,"Instructeur Razuvious",,,,,,,,,,,,,,0xFF01FE,0,0,0,0,1,
5131,1385,0,16011,1,0,0,0,0,,,"Horreb",,,,,,,,,,,,,,0xFF01FE,0,0,0,0,1,
5132,1386,0,15952,1,0,0,0,0,,,"Maexxna",,,,,,,,,,,,,,0xFF01FE,0,0,0,0,1,
5133,1387,0,15954,1,0,0,0,0,,,"Noth le Porte-peste",,,,,,,,,,,,,,0xFF01FE,0,0,0,0,1,
5134,1388,0,15928,1,0,0,0,0,,,"Thaddius",,,,,,,,,,,,,,0xFF01FE,0,0,0,0,1,
5135,1389,0,15989,1,0,0,0,0,,,"Saphiron",,,,,,,,,,,,,,0xFF01FE,0,0,0,0,1,
5136,1390,0,15990,1,0,0,0,0,,,"Kel'Thuzad",,,,,,,,,,,,,,0xFF01FE,0,0,0,0,1,
5137,1391,0,28859,1,0,0,0,0,,,"Malygos",,,,,,,,,,,,,,0xFF01FE,0,0,0,0,1,
5138,1392,0,28860,1,0,0,0,0,,,"Sartharion le Gardien d'Onyx",,,,,,,,,,,,,,0xFF01FE,0,0,0,0,1,
5139,1393,0,28860,1,0,0,0,0,,,"Sartharion le Gardien d'Onyx",,,,,,,,,,,,,,0xFF01FE,0,0,0,0,1,
5140,1394,0,28859,1,0,0,0,0,,,"Malygos",,,,,,,,,,,,,,0xFF01FE,0,0,0,0,1,
5141,1396,27,13012,1,0,0,0,0,,,"Ancien Sardis au donjon de la Bravoure",,,,,,,,,,,,,,0xFF01FE,0,0,0,0,1,
5203,615,0,29611,1,0,0,0,0,,,"Roi Varian Wrynn",,,,,,,,,,,,,,0xFF01FE,2,0,0,0,1,
5212,457,5,0,80,0,0,0,0,,,"Niveau 80",,,,,,,,,,,,,,0xFF01FE,2,0,0,0,1,
5213,467,5,0,80,0,0,0,0,,,"Atteindre le niveau 80",,,,,,,,,,,,,,0xFF01FE,2,0,0,0,1,
5214,466,5,0,80,0,0,0,0,,,"Atteindre le niveau 80",,,,,,,,,,,,,,0xFF01FE,2,0,0,0,1,
5215,465,5,0,80,0,0,0,0,,,"Atteindre le niveau 80",,,,,,,,,,,,,,0xFF01FE,2,0,0,0,1,
5216,464,5,0,80,0,0,0,0,,,"Atteindre le niveau 80",,,,,,,,,,,,,,0xFF01FE,2,0,0,0,1,
5217,463,5,0,80,0,0,0,0,,,"Atteindre le niveau 80",,,,,,,,,,,,,,0xFF01FE,2,0,0,0,1,
5218,462,5,0,80,0,0,0,0,,,"Atteindre le niveau 80",,,,,,,,,,,,,,0xFF01FE,2,0,0,0,1,
5219,461,5,0,80,0,0,0,0,,,"Atteindre le niveau 80",,,,,,,,,,,,,,0xFF01FE,2,0,0,0,1,
5220,459,5,0,80,0,0,0,0,,,"Atteindre le niveau 80",,,,,,,,,,,,,,0xFF01FE,2,0,0,0,1,
5221,458,5,0,80,0,0,0,0,,,"Atteindre le niveau 80",,,,,,,,,,,,,,0xFF01FE,2,0,0,0,1,
5223,1400,0,28859,1,0,0,0,0,,,"Malygos",,,,,,,,,,,,,,0xFF01FE,2,0,0,0,1,
5224,456,0,28860,1,0,0,0,0,,,"Sartharion le Gardien d'Onyx",,,,,,,,,,,,,,0xFF01FE,2,0,0,0,1,
5227,1402,0,15990,1,0,0,0,0,,,"Kel'Thuzad",,,,,,,,,,,,,,0xFF01FE,2,0,0,0,1,
5229,1404,5,0,80,0,0,0,0,,,"Atteindre le niveau 80",,,,,,,,,,,,,,0xFF01FE,2,0,0,0,1,
5230,1405,5,0,80,0,0,0,0,,,"Atteindre le niveau 80",,,,,,,,,,,,,,0xFF01FE,2,0,0,0,1,
5231,1406,5,0,80,0,0,0,0,,,"Atteindre le niveau 80",,,,,,,,,,,,,,0xFF01FE,2,0,0,0,1,
5232,1407,5,0,80,0,0,0,0,,,"Atteindre le niveau 80",,,,,,,,,,,,,,0xFF01FE,2,0,0,0,1,
5233,1408,5,0,80,0,0,0,0,,,"Atteindre le niveau 80",,,,,,,,,,,,,,0xFF01FE,2,0,0,0,1,
5234,1409,5,0,80,0,0,0,0,,,"Atteindre le niveau 80",,,,,,,,,,,,,,0xFF01FE,2,0,0,0,1,
5235,1410,5,0,80,0,0,0,0,,,"Atteindre le niveau 80",,,,,,,,,,,,,,0xFF01FE,2,0,0,0,1,
5236,1411,5,0,80,0,0,0,0,,,"Atteindre le niveau 80",,,,,,,,,,,,,,0xFF01FE,2,0,0,0,1,
5237,1412,5,0,80,0,0,0,0,,,"Atteindre le niveau 80",,,,,,,,,,,,,,0xFF01FE,2,0,0,0,1,
5238,1413,5,0,80,0,0,0,0,,,"Atteindre le niveau 80",,,,,,,,,,,,,,0xFF01FE,2,0,0,0,1,
5240,1414,7,164,450,0,0,0,0,,,"Compétence jusqu'à 450",,,,,,,,,,,,,,0xFF01FE,2,0,0,0,1,
5241,1415,7,171,450,0,0,0,0,,,"Compétence jusqu'à 450",,,,,,,,,,,,,,0xFF01FE,2,0,0,0,1,
5242,1416,7,185,450,0,0,0,0,,,"Compétence jusqu'à 450",,,,,,,,,,,,,,0xFF01FE,2,0,0,0,1,
5243,1417,7,333,450,0,0,0,0,,,"Compétence jusqu'à 450",,,,,,,,,,,,,,0xFF01FE,2,0,0,0,1,
5244,1418,7,202,450,0,0,0,0,,,"Compétence jusqu'à 450",,,,,,,,,,,,,,0xFF01FE,2,0,0,0,1,
5245,490,0,26731,1,0,0,0,0,,,"Grand magus Telestra",,,,,,,,,,,,,,0xFF01FE,0,0,0,0,1,
5249,1419,7,129,450,0,0,0,0,,,"Compétence jusqu'à 450",,,,,,,,,,,,,,0xFF01FE,2,0,0,0,1,
5250,1420,7,356,450,0,0,0,0,,,"Compétence jusqu'à 450",,,,,,,,,,,,,,0xFF01FE,2,0,0,0,1,
5251,1421,7,182,450,0,0,0,0,,,"Compétence jusqu'à 450",,,,,,,,,,,,,,0xFF01FE,2,0,0,0,1,
5252,1422,7,773,450,0,0,0,0,,,"Compétence jusqu'à 450",,,,,,,,,,,,,,0xFF01FE,2,0,0,0,1,
5253,1423,7,755,450,0,0,0,0,,,"Compétence jusqu'à 450",,,,,,,,,,,,,,0xFF01FE,2,0,0,0,1,
5254,1424,7,165,450,0,0,0,0,,,"Compétence jusqu'à 450",,,,,,,,,,,,,,0xFF01FE,2,0,0,0,1,
5255,1425,7,186,450,0,0,0,0,,,"Compétence jusqu'à 450",,,,,,,,,,,,,,0xFF01FE,2,0,0,0,1,
5256,1426,7,393,450,0,0,0,0,,,"Compétence jusqu'à 450",,,,,,,,,,,,,,0xFF01FE,2,0,0,0,1,
5257,1427,7,197,450,0,0,0,0,,,"Compétence jusqu'à 450",,,,,,,,,,,,,,0xFF01FE,2,0,0,0,1,
5258,1428,29,57064,1,0,0,0,0,,,"Mine repousseuse",,,,,,,,,,,,,,0xFF01FE,2,0,0,0,1,
5267,1436,34,49322,0,0,0,0,0,,,"Zhévra",,,,,,,,,,,,,,0xFF01FE,2,0,0,0,1,
5272,259,110,21343,1,0,0,0,0,,,"Lancer une boule de neige à Cairne Sabot-de-sang",,,,,,,,,,,,,,0xFF01FE,2,0,0,0,1,
5274,150,109,3,1,0,0,0,0,,,"Orgrimmar",,,,,,,,,,,,,,0xFF01FE,0,0,0,0,1,
5288,1456,109,3,0,0,0,0,0,,,"Poissons et autres objets pêchés",,,,,,,,,,,,,,0xFF01FE,0,0,0,0,1,
5289,94,107,0,0,0,0,0,0,,,"Quêtes abandonnées",,,,,,,,,,,,,,0xFF01FE,0,0,0,0,1,
5290,1457,43,1597,0,0,0,0,0,,,"Le front Azur",,,,,,,,,,,,,,0xFF01FE,0,0,0,0,1,
5299,378,87,0,0,0,0,0,0,,,"Factions révérées",,,,,,,,,,,,,,0xFF01FE,0,0,0,0,1,
5300,529,88,0,0,0,0,0,0,,,"Factions honorées",,,,,,,,,,,,,,0xFF01FE,0,0,0,0,1,
5301,931,89,0,0,0,0,0,0,,,"Nombre total de factions rencontrées",,,,,,,,,,,,,,0xFF01FE,0,0,0,0,1,
5304,183,109,4,0,0,0,0,0,,,"",,,,,,,,,,,,,,0xFF01FE,0,0,0,0,1,
5305,349,108,0,0,0,0,0,0,,,"Trajets aériens empruntés",,,,,,,,,,,,,,0xFF01FE,0,0,0,0,1,
5306,1463,8,947,0,0,0,0,0,,,"La Croisade d'argent",,,,,,,,,,,,,,0xFF01FE,0,0,0,0,1,
5310,1462,36,29434,0,0,0,0,0,,,"Insignes de justice obtenus",,,,,,,,,,,,,,0xFF01FE,0,0,0,0,1,
5311,1464,36,40752,0,0,0,0,0,,,"Emblèmes d'héroïsme obtenus",,,,,,,,,,,,,,0xFF01FE,0,0,0,0,1,
5312,1465,36,40753,0,0,0,0,0,,,"Emblèmes de vaillance obtenus",,,,,,,,,,,,,,0xFF01FE,0,0,0,0,1,
5313,926,46,530,42000,0,0,0,0,,,"Exalté auprès des trolls Sombrelance",,,,,,,,,,,,,,0xFF01FE,0,0,0,0,1,
5328,1466,46,69,42000,0,0,0,0,,,"Exalté auprès de Darnassus",,,,,,,,,,,,,,0xFF01FE,0,0,0,0,1,
5343,342,36,0,0,0,0,0,0,,,"",,,,,,,,,,,,,,0xFF01FE,0,0,0,0,1,
5344,341,42,0,0,0,0,0,0,,,"",,,,,,,,,,,,,,0xFF01FE,0,0,0,0,1,
5345,336,36,0,0,0,0,0,0,,,"",,,,,,,,,,,,,,0xFF01FE,0,0,0,0,1,
5371,527,102,0,0,0,0,0,0,,,"Plus gros dégâts subis",,,,,,,,,,,,,,0xFF01FE,0,0,0,0,1,
5372,528,103,0,0,0,0,0,0,,,"Dégâts totaux subis",,,,,,,,,,,,,,0xFF01FE,0,0,0,0,1,
5373,193,101,0,0,0,0,0,0,,,"Plus gros dégâts infligés",,,,,,,,,,,,,,0xFF01FE,0,0,0,0,1,
5374,829,106,0,0,0,0,0,0,,,"Plus gros soin reçu",,,,,,,,,,,,,,0xFF01FE,0,0,0,0,1,
5375,830,105,0,0,0,0,0,0,,,"Montant total des soins reçus",,,,,,,,,,,,,,0xFF01FE,0,0,0,0,1,
5376,189,104,0,0,0,0,0,0,,,"Plus gros soin",,,,,,,,,,,,,,0xFF01FE,0,0,0,0,1,
5377,1467,0,23953,1,0,0,0,0,,,"Prince Keleseth",,,,,,,,,,,,,,0xFF01FE,0,0,0,0,1,
5492,381,35,0,0,0,0,0,0,,,"Royaumes de l'est",,,,,,,,,,,,,,0xFF01FE,0,0,0,0,1,
5499,382,35,0,0,0,0,0,0,,,"Bassin d'Arathi",,,,,,,,,,,,,,0xFF01FE,0,0,0,0,1,
5507,1113,35,0,0,0,0,0,0,,,"Victoires honorables dans la vallée d'Alterac",,,,,,,,,,,,,,0xFF01FE,0,0,0,0,1,
5508,1114,35,0,0,0,0,0,0,,,"Victoires honorables dans le bassin d'Arathi",,,,,,,,,,,,,,0xFF01FE,0,0,0,0,1,
5509,1115,35,0,0,0,0,0,0,,,"Victoires honorables dans le goulet des Chanteguerres",,,,,,,,,,,,,,0xFF01FE,0,0,0,0,1,
5510,1112,35,0,0,0,0,0,0,,,"Victoires honorables dans l'Œil du cyclone",,,,,,,,,,,,,,0xFF01FE,0,0,0,0,1,
5511,1486,35,0,0,0,0,0,0,,,"Victoires honorables sur le rivage des Anciens",,,,,,,,,,,,,,0xFF01FE,0,0,0,0,1,
5512,1488,56,0,0,0,0,0,0,,,"Royaumes de l'est",,,,,,,,,,,,,,0xFF01FE,0,0,0,0,1,
5529,1487,56,0,0,0,0,0,0,,,"Nombre total de coups fatals",,,,,,,,,,,,,,0xFF01FE,0,0,0,0,1,
5533,1490,56,0,0,0,0,0,0,,,"Arène de Nagrand",,,,,,,,,,,,,,0xFF01FE,0,0,0,0,1,
5536,1491,56,0,0,0,0,0,0,,,"Vallée d'Alterac",,,,,,,,,,,,,,0xFF01FE,0,0,0,0,1,
5541,1492,56,0,0,0,0,0,0,,,"Coups fatals en arène de 2c2",,,,,,,,,,,,,,0xFF01FE,0,0,0,0,1,
5542,1493,56,0,0,0,0,0,0,,,"Coups fatals en arène de 3c3",,,,,,,,,,,,,,0xFF01FE,0,0,0,0,1,
5543,1494,56,0,0,0,0,0,0,,,"Coups fatals en arène de 5c5",,,,,,,,,,,,,,0xFF01FE,0,0,0,0,1,
5544,1495,56,0,0,0,0,0,0,,,"Coups fatals dans la vallée d'Alterac",,,,,,,,,,,,,,0xFF01FE,0,0,0,0,1,
5545,1496,56,0,0,0,0,0,0,,,"Coups fatals dans le bassin d'Arathi",,,,,,,,,,,,,,0xFF01FE,0,0,0,0,1,
5546,1497,56,0,0,0,0,0,0,,,"Coups fatals dans le goulet des Chanteguerres",,,,,,,,,,,,,,0xFF01FE,0,0,0,0,1,
5547,1498,56,0,0,0,0,0,0,,,"Coups fatals dans l'Œil du cyclone",,,,,,,,,,,,,,0xFF01FE,0,0,0,0,1,
5548,1499,56,0,0,0,0,0,0,,,"Coups fatals sur le rivage des Anciens",,,,,,,,,,,,,,0xFF01FE,0,0,0,0,1,
5549,1500,16,607,0,0,0,0,0,,,"Morts sur le rivage des Anciens",,,,,,,,,,,,,,0xFF01FE,0,0,0,0,1,
5551,1199,40,171,1,0,0,0,0,,,"Alchimie",,,,,,,,,,,,,,0xFF01FE,0,0,0,0,1,
5562,1200,7,129,450,0,0,0,0,,,"Secourisme",,,,,,,,,,,,,,0xFF01FE,0,0,0,0,1,
5565,1201,7,171,450,0,0,0,0,,,"Alchimie",,,,,,,,,,,,,,0xFF01FE,0,0,0,0,1,
5576,1202,7,43,400,0,0,0,0,,,"Épées",,,,,,,,,,,,,,0xFF01FE,0,0,0,0,1,
5593,318,17,0,0,0,0,0,0,,,"",,,,,,,,,,,,,,0xFF01FE,0,0,0,0,1,
5594,1501,23,0,0,0,0,0,0,,,"Nombre total de morts causées par d'autres personnages",,,,,,,,,,,,,,0xFF01FE,0,0,0,0,1,
5597,418,74,0,1,0,0,0,0,,,"Gladiateur impitoyable",,,,,,,,,,,,,,0xFF01FE,2,0,0,0,1,
5599,419,74,0,1,0,0,0,0,,,"Gladiateur vengeur",,,,,,,,,,,,,,0xFF01FE,2,0,0,0,1,
5600,420,74,0,1,0,0,0,0,,,"Gladiateur brutal",,,,,,,,,,,,,,0xFF01FE,2,0,0,0,1,
5601,202,69,23333,1,0,0,0,0,,,"Ramasser le drapeau alors qu'il est dans la base",,,,,,,,,,,,,,0xFF01FE,6,0,0,0,1,
5603,1502,69,23335,1,0,0,0,0,,,"Ramasser le drapeau alors qu'il est dans la base",,,,,,,,,,,,,,0xFF01FE,6,0,0,0,1,
5605,207,70,0,1,0,0,0,0,,,"Porter le drapeau de la Horde",,,,,,,,,,,,,,0xFF01FE,2,0,0,0,1,
5608,1504,0,23980,1,0,0,0,0,,,"Ingvar le Pilleur",,,,,,,,,,,,,,0xFF01FE,0,0,0,0,1,
5609,1505,0,26723,1,0,0,0,0,,,"Keristrasza",,,,,,,,,,,,,,0xFF01FE,0,0,0,0,1,
5610,1506,0,29120,1,0,0,0,0,,,"Anub'arak",,,,,,,,,,,,,,0xFF01FE,0,0,0,0,1,
5611,1507,0,29311,1,0,0,0,0,,,"Héraut Volazj",,,,,,,,,,,,,,0xFF01FE,0,0,0,0,1,
5612,1508,0,26632,1,0,0,0,0,,,"Le prophète Tharon'ja",,,,,,,,,,,,,,0xFF01FE,0,0,0,0,1,
5613,1509,0,31134,1,0,0,0,0,,,"Cyanigosa",,,,,,,,,,,,,,0xFF01FE,0,0,0,0,1,
5614,1510,0,29306,1,0,0,0,0,,,"Gal'darah",,,,,,,,,,,,,,0xFF01FE,0,0,0,0,1,
5615,1511,0,27978,1,0,0,0,0,,,"Sjonnir le Sculptefer",,,,,,,,,,,,,,0xFF01FE,0,0,0,0,1,
5616,1512,0,28923,1,0,0,0,0,,,"Kronus",,,,,,,,,,,,,,0xFF01FE,0,0,0,0,1,
5617,1513,0,27656,1,0,0,0,0,,,"Gardien-tellurique Eregos",,,,,,,,,,,,,,0xFF01FE,0,0,0,0,1,
5618,1514,0,26861,1,0,0,0,0,,,"Roi Ymiron",,,,,,,,,,,,,,0xFF01FE,0,0,0,0,1,
5620,1515,73,18716,1,0,0,0,0,,,"Mal'Ganis",,,,,,,,,,,,,,0xFF01FE,0,0,0,0,1,
5621,1103,0,23980,1,0,0,0,0,,,"Ingvar le Pilleur",,,,,,,,,,,,,,0xFF01FE,0,0,0,0,1,
5662,1516,8,130,0,0,0,0,0,,,"Grand maître pêcheur",,,,,,,,,,,,,,0xFF01FE,0,0,0,0,1,
5680,1517,72,192051,1,0,0,0,0,,,"Banc de poissons-méduses boréens",,,,,,,,,,,,,,0xFF01FE,0,0,0,0,1,
5692,1104,0,28859,1,0,0,0,0,,,"Malygos",,,,,,,,,,,,,,0xFF01FE,0,0,0,0,1,
5695,1518,109,3,0,0,0,0,0,,,"Poissons pêchés",,,,,,,,,,,,,,0xFF01FE,0,0,0,0,1,
5696,1519,7,356,450,0,0,0,0,,,"Compétence en pêche",,,,,,,,,,,,,,0xFF01FE,1,0,0,0,1,
5701,1524,7,185,450,0,0,0,0,,,"Compétence en cuisine",,,,,,,,,,,,,,0xFF01FE,1,0,0,0,1,
5702,1525,27,11377,1,0,0,0,0,,,"La vengeance est un plat…",,,,,,,,,,,,,,0xFF01FE,0,0,0,0,1,
5706,1526,27,11665,1,0,0,0,0,,,"Les crocilisques sont lâchés",,,,,,,,,,,,,,0xFF01FE,0,0,0,0,1,
5711,1527,7,171,450,0,0,0,0,,,"Compétence en alchimie",,,,,,,,,,,,,,0xFF01FE,1,0,0,0,1,
5712,1532,7,164,450,0,0,0,0,,,"Compétence en forge",,,,,,,,,,,,,,0xFF01FE,1,0,0,0,1,
5713,1535,7,333,450,0,0,0,0,,,"Compétence en enchantement",,,,,,,,,,,,,,0xFF01FE,1,0,0,0,1,
5714,1542,7,197,450,0,0,0,0,,,"Compétence en couture",,,,,,,,,,,,,,0xFF01FE,1,0,0,0,1,
5715,1538,7,182,450,0,0,0,0,,,"Compétence en herboristerie",,,,,,,,,,,,,,0xFF01FE,1,0,0,0,1,
5716,1539,7,773,450,0,0,0,0,,,"Compétence en calligraphie",,,,,,,,,,,,,,0xFF01FE,1,0,0,0,1,
5717,1540,7,755,450,0,0,0,0,,,"Compétence en joaillerie",,,,,,,,,,,,,,0xFF01FE,1,0,0,0,1,
5718,1536,7,165,450,0,0,0,0,,,"Compétence en travail du cuir",,,,,,,,,,,,,,0xFF01FE,1,0,0,0,1,
5719,1537,7,186,450,0,0,0,0,,,"Compétence en minage",,,,,,,,,,,,,,0xFF01FE,1,0,0,0,1,
5720,1541,7,393,450,0,0,0,0,,,"Compétence en dépeçage",,,,,,,,,,,,,,0xFF01FE,1,0,0,0,1,
5722,1544,7,202,450,0,0,0,0,,,"Compétence en ingénierie",,,,,,,,,,,,,,0xFF01FE,1,0,0,0,1,
5723,363,33,562,0,0,0,0,0,,,"Matchs dans les Tranchantes à 5c5",,,,,,,,,,,,,,0xFF01FE,0,0,0,0,1,
5724,365,33,562,0,0,0,0,0,,,"Matchs dans les Tranchantes à 3c3",,,,,,,,,,,,,,0xFF01FE,0,0,0,0,1,
5725,367,33,562,0,0,0,0,0,,,"Matchs dans les Tranchantes à 2c2",,,,,,,,,,,,,,0xFF01FE,0,0,0,0,1,
5726,362,32,562,0,0,0,0,0,,,"Victoires dans les Tranchantes à 5c5",,,,,,,,,,,,,,0xFF01FE,0,0,0,0,1,
5727,364,32,562,0,0,0,0,0,,,"Victoires dans les Tranchantes à 3c3",,,,,,,,,,,,,,0xFF01FE,0,0,0,0,1,
5728,366,32,562,0,0,0,0,0,,,"Victoires dans les Tranchantes à 2c2",,,,,,,,,,,,,,0xFF01FE,0,0,0,0,1,
5729,103,33,562,0,0,0,0,0,,,"Matchs dans le Cercle de sang",,,,,,,,,,,,,,0xFF01FE,0,0,0,0,1,
5730,101,33,559,0,0,0,0,0,,,"Matchs dans l'arène des épreuves",,,,,,,,,,,,,,0xFF01FE,0,0,0,0,1,
5731,1545,33,618,0,0,0,0,0,,,"Matchs dans l'arène des valeureux",,,,,,,,,,,,,,0xFF01FE,0,0,0,0,1,
5732,99,33,572,0,0,0,0,0,,,"Matchs dans les ruines de Lordaeron",,,,,,,,,,,,,,0xFF01FE,0,0,0,0,1,
5733,1547,33,617,0,0,0,0,0,,,"Matchs dans les égouts de Dalaran",,,,,,,,,,,,,,0xFF01FE,0,0,0,0,1,
5734,104,32,562,0,0,0,0,0,,,"Victoires dans le Cercle de sang",,,,,,,,,,,,,,0xFF01FE,0,0,0,0,1,
5735,100,32,559,0,0,0,0,0,,,"Victoires dans l'arène des épreuves",,,,,,,,,,,,,,0xFF01FE,0,0,0,0,1,
5736,102,32,572,0,0,0,0,0,,,"Victoires dans les ruines de Lordaeron",,,,,,,,,,,,,,0xFF01FE,0,0,0,0,1,
5737,1546,32,618,0,0,0,0,0,,,"Victoires dans l'arène des valeureux",,,,,,,,,,,,,,0xFF01FE,0,0,0,0,1,
5738,1548,32,617,0,0,0,0,0,,,"Victoires dans les égouts de Dalaran",,,,,,,,,,,,,,0xFF01FE,0,0,0,0,1,
5739,837,32,562,0,0,0,0,0,,,"Victoires dans les Tranchantes",,,,,,,,,,,,,,0xFF01FE,0,0,0,0,1,
5740,838,33,562,0,0,0,0,0,,,"Matchs dans les Tranchantes",,,,,,,,,,,,,,0xFF01FE,0,0,0,0,1,
5741,839,15,30,0,0,0,0,0,,,"Vallée d'Alterac",,,,,,,,,,,,,,0xFF01FE,0,0,0,0,1,
5742,840,1,30,0,0,0,0,0,,,"Vallée d'Alterac",,,,,,,,,,,,,,0xFF01FE,0,0,0,0,1,
5743,1549,15,607,0,0,0,0,0,,,"Rivage des Anciens",,,,,,,,,,,,,,0xFF01FE,0,0,0,0,1,
5745,50,1,566,0,0,0,0,0,,,"Victoires dans l'Œil du cyclone",,,,,,,,,,,,,,0xFF01FE,0,0,0,0,1,
5746,1550,1,607,0,0,0,0,0,,,"Rivage des Anciens",,,,,,,,,,,,,,0xFF01FE,0,0,0,0,1,
5747,52,15,489,0,0,0,0,0,,,"Goulet des Chanteguerres",,,,,,,,,,,,,,0xFF01FE,0,0,0,0,1,
5755,1552,41,21747,10,0,0,0,0,,,"Lancer 10 pétards de fête en 30 secondes maximum",,,,,,,,,,,,,,0xFF01FE,1,9,21747,30,1,
5756,1556,109,3,25,0,0,0,0,,,"Pêcher 25 poissons",,,,,,,,,,,,,,0xFF01FE,1,0,0,0,1,
5757,1557,109,3,50,0,0,0,0,,,"Pêcher 50 poissons",,,,,,,,,,,,,,0xFF01FE,1,0,0,0,1,
5758,1558,109,3,100,0,0,0,0,,,"Pêcher 100 poissons",,,,,,,,,,,,,,0xFF01FE,1,0,0,0,1,
5759,1559,109,3,250,0,0,0,0,,,"Pêcher 250 poissons",,,,,,,,,,,,,,0xFF01FE,1,0,0,0,1,
5760,1560,109,3,500,0,0,0,0,,,"Pêcher 500 poissons",,,,,,,,,,,,,,0xFF01FE,1,0,0,0,1,
5761,1561,109,3,1000,0,0,0,0,,,"Pêcher 1 000 poissons",,,,,,,,,,,,,,0xFF01FE,1,0,0,0,1,
5763,1563,8,125,0,0,0,0,0,,,"Grand maître cuisinier",,,,,,,,,,,,,,0xFF01FE,0,0,0,0,1,
5772,291,110,44212,1,0,0,0,0,,,"Gnome",,,,,,,,,,,,,,0xFF01FE,0,0,0,0,1,
5783,292,34,42609,0,0,0,0,0,,,"Sprotchelin sinistre",,,,,,,,,,,,,,0xFF01FE,0,0,0,0,1,
5798,1576,27,9977,1,0,0,0,0,,,"L'arène de sang : l'ultime défi",,,,,,,,,,,,,,0xFF01FE,0,0,0,0,1,
5802,1044,93,0,0,0,0,0,0,,,"Jets de besoin sur du butin",,,,,,,,,,,,,,0xFF01FE,0,0,0,0,1,
5803,1043,94,0,0,0,0,0,0,,,"Jets de cupidité sur du butin",,,,,,,,,,,,,,0xFF01FE,0,0,0,0,1,
5804,1596,27,12238,1,0,0,0,0,,,"La purification de Drak'Tharon",,,,,,,,,,,,,,0xFF01FE,0,0,0,0,1,
5812,1636,36,36941,1,0,0,0,0,,,"Tabard de compétition",,,,,,,,,,,,,,0xFF01FE,2,0,0,0,1,
5814,1637,34,48406,0,0,0,0,0,,,"Esprit de Compétition",,,,,,,,,,,,,,0xFF01FE,2,0,0,0,1,
5815,1638,27,11071,1,0,0,0,0,,,"Course de Fracasse-ciel",,,,,,,,,,,,,,0xFF01FE,2,0,0,0,1,
5818,1656,8,972,0,0,0,0,0,,,"Un bonbon ou une blague !",,,,,,,,,,,,,,0xFF01FE,0,0,0,0,1,
5831,1657,8,972,0,0,0,0,0,,,"Un bonbon ou une blague !",,,,,,,,,,,,,,0xFF01FE,0,0,0,0,1,
5843,1269,43,1579,0,0,0,0,0,,,"Brunnhildar",,,,,,,,,,,,,,0xFF01FE,0,0,0,0,1,
5859,1270,43,1596,0,0,0,0,0,,,"Le Bombardement",,,,,,,,,,,,,,0xFF01FE,0,0,0,0,1,
5889,1658,0,28860,1,0,0,0,0,,,"Sartharion le Gardien d'Onyx (10 ou 25 joueurs)",,,,,,,,,,,,,,0xFF01FE,0,0,0,0,1,
5900,1676,11,36,700,0,0,0,0,,,"Montagnes d'Alterac",,,,,,,,,,,,,,0xFF01FE,3,0,0,0,1,
5952,1677,11,36,550,0,0,0,0,,,"Montagnes d'Alterac",,,,,,,,,,,,,,0xFF01FE,3,0,0,0,1,
6004,1678,11,3428,700,0,0,0,0,,,"Ahn'Qiraj",,,,,,,,,,,,,,0xFF01FE,3,0,0,0,1,
6099,1680,11,3428,685,0,0,0,0,,,"Ahn'Qiraj",,,,,,,,,,,,,,0xFF01FE,3,0,0,0,1,
6143,1681,8,1676,0,0,0,0,0,,,"Maître des traditions des Royaumes de l'est",,,,,,,,,,,,,,0xFF01FE,0,0,0,0,1,
6147,1682,8,1677,0,0,0,0,0,,,"Maître des traditions des Royaumes de l'est",,,,,,,,,,,,,,0xFF01FE,0,0,0,0,1,
6159,729,34,17481,0,0,0,0,0,,,"Destrier de la mort de Vaillefendre",,,,,,,,,,,,,,0xFF01FE,2,0,0,0,1,
6160,980,34,48025,0,0,0,0,0,,,"Monture du Cavalier sans tête",,,,,,,,,,,,,,0xFF01FE,2,0,0,0,1,
6161,880,34,24252,0,0,0,0,0,,,"Tigre zulien rapide",,,,,,,,,,,,,,0xFF01FE,2,0,0,0,1,
6162,881,34,24242,0,0,0,0,0,,,"Raptor Razzashi rapide",,,,,,,,,,,,,,0xFF01FE,2,0,0,0,1,
6164,883,34,41252,0,0,0,0,0,,,"Seigneur corbeau",,,,,,,,,,,,,,0xFF01FE,2,0,0,0,1,
6165,884,34,46628,0,0,0,0,0,,,"Faucon-pérégrin blanc rapide",,,,,,,,,,,,,,0xFF01FE,2,0,0,0,1,
6166,885,34,40192,0,0,0,0,0,,,"Cendres d'Al'ar",,,,,,,,,,,,,,0xFF01FE,2,0,0,0,1,
6170,430,34,43688,0,0,0,0,0,,,"Ours de guerre amani",,,,,,,,,,,,,,0xFF01FE,2,0,0,0,1,
6174,1683,8,1185,0,0,0,0,0,,,"Le régime de la fête des Brasseurs",,,,,,,,,,,,,,0xFF01FE,0,0,0,0,1,
6181,1684,8,1185,0,0,0,0,0,,,"Le régime de la fête des Brasseurs",,,,,,,,,,,,,,0xFF01FE,0,0,0,0,1,
6207,303,34,50869,0,0,0,0,0,,,"Kodo de la fête des Brasseurs",,,,,,,,,,,,,,0xFF01FE,2,0,0,0,1,
6211,706,34,23509,0,0,0,0,0,,,"Hurleur loup-de-givre",,,,,,,,,,,,,,0xFF01FE,2,0,0,0,1,
6212,707,34,23510,0,0,0,0,0,,,"Destrier de bataille foudrepique",,,,,,,,,,,,,,0xFF01FE,2,0,0,0,1,
6213,727,34,22719,0,0,0,0,0,,,"Trotteur de bataille noir",,,,,,,,,,,,,,0xFF01FE,0,0,0,0,1,
6223,279,27,7045,1,0,0,0,0,,,"Un grand merci des Gourmandises Fumebois !",,,,,,,,,,,,,,0xFF01FE,2,0,0,0,1,
6225,1685,110,26004,1,0,0,0,0,,,"Frère Malach à Fossoyeuse",,,,,,,,,,,,,,0xFF01FE,0,0,0,0,1,
6228,1686,110,26004,1,0,0,0,0,,,"Frère Nimetz dans la vallée de Strangleronce",,,,,,,,,,,,,,0xFF01FE,0,0,0,0,1,
6237,1687,110,44755,1,0,0,0,0,,,"Chevalier de la mort orc",,,,,,,,,,,,,,0xFF01FE,0,0,0,0,1,
6247,1688,29,21143,1,0,0,0,0,,,"Biscuit en pain d'épice",,,,,,,,,,,,,,0xFF01FE,0,0,0,0,1,
6250,1689,27,11528,1,0,0,0,0,,,"Jouet unique",,,,,,,,,,,,,,0xFF01FE,2,0,0,0,1,
6261,1690,54,34,1,0,0,0,0,,,"/danser à Dalaran avec un bonhomme de neige, déguisé en bonhomme de neige",,,,,,,,,,,,,,0xFF01FE,2,0,0,0,1,
6262,1691,8,273,0,0,0,0,0,,,"Allez Metzen !",,,,,,,,,,,,,,0xFF01FE,0,0,0,0,1,
6274,1692,8,273,0,0,0,0,0,,,"Allez Metzen !",,,,,,,,,,,,,,0xFF01FE,0,0,0,0,1,
6293,1694,42,22279,1,0,0,0,0,,,"Robe noire ravissante",,,,,,,,,,,,,,0xFF01FE,2,0,0,0,1,
6294,1695,27,24658,1,0,0,0,0,,,"",,,,,,,,,,,,,,0xFF01FE,2,0,0,0,1,
6295,1696,41,34258,10,0,0,0,0,,,"Lancer 10 fusées d'amour en 20 secondes maximum",,,,,,,,,,,,,,0xFF01FE,1,9,34258,20,1,
6312,1699,110,27571,1,0,0,0,0,,,"Démoniste gnome",,,,,,,,,,,,,,0xFF01FE,0,0,0,0,1,
6322,1700,34,27570,0,0,0,0,0,,,"Colportecoeur",,,,,,,,,,,,,,0xFF01FE,2,0,0,0,1,
6324,1701,29,70577,1,0,0,0,0,,,"Sois à moi !",,,,,,,,,,,,,,0xFF01FE,0,0,0,0,1,
6332,1702,41,22236,1,0,0,0,0,,,"Délice au lait",,,,,,,,,,,,,,0xFF01FE,0,0,0,0,1,
6336,1703,36,22206,1,0,0,0,0,,,"Bouquet de roses rouges",,,,,,,,,,,,,,0xFF01FE,2,0,0,0,1,
6342,1705,27,11528,1,0,0,0,0,,,"Rob-fusée mécanique",,,,,,,,,,,,,,0xFF01FE,2,0,0,0,1,
6343,1704,54,203,1,0,0,0,0,,,"Joug-d'hiver",,,,,,,,,,,,,,0xFF01FE,0,0,0,0,1,
6351,1693,8,260,0,0,0,0,0,,,"Le charme opère",,,,,,,,,,,,,,0xFF01FE,0,0,0,0,1,
6365,1707,8,260,0,0,0,0,0,,,"Le charme opère",,,,,,,,,,,,,,0xFF01FE,0,0,0,0,1,
6384,1721,0,31125,1,0,0,0,0,,,"Archavon le Gardien des pierres",,,,,,,,,,,,,,0xFF01FE,2,0,0,0,1,
6385,1722,0,31125,1,0,0,0,0,,,"Archavon le Gardien des pierres",,,,,,,,,,,,,,0xFF01FE,2,0,0,0,1,
6386,1729,75,171,0,0,0,0,0,,,"Recettes d'alchimie connues",,,,,,,,,,,,,,0xFF01FE,0,0,0,0,1,
6387,1730,75,164,0,0,0,0,0,,,"Plans de forge connus",,,,,,,,,,,,,,0xFF01FE,0,0,0,0,1,
6388,1734,75,202,0,0,0,0,0,,,"Schémas d'ingénierie connus",,,,,,,,,,,,,,0xFF01FE,0,0,0,0,1,
6389,1735,75,773,0,0,0,0,0,,,"Calligraphies connues",,,,,,,,,,,,,,0xFF01FE,0,0,0,0,1,
6390,1738,75,755,0,0,0,0,0,,,"Dessins de joaillerie connus",,,,,,,,,,,,,,0xFF01FE,0,0,0,0,1,
6391,1740,75,165,0,0,0,0,0,,,"Patrons de travail du cuir connus",,,,,,,,,,,,,,0xFF01FE,0,0,0,0,1,
6392,1741,75,197,0,0,0,0,0,,,"Patrons de couture connus",,,,,,,,,,,,,,0xFF01FE,0,0,0,0,1,
6393,1745,75,185,0,0,0,0,0,,,"Recettes de cuisine connues",,,,,,,,,,,,,,0xFF01FE,0,0,0,0,1,
6394,1748,75,129,0,0,0,0,0,,,"Manuels de secourisme lus",,,,,,,,,,,,,,0xFF01FE,0,0,0,0,1,
6395,1753,0,31125,1,0,0,0,0,,,"Archavon le Gardien des pierres",,,,,,,,,,,,,,0xFF01FE,2,0,0,0,1,
6396,1754,0,31125,1,0,0,0,0,,,"Archavon le Gardien des pierres",,,,,,,,,,,,,,0xFF01FE,2,0,0,0,1,
6397,1756,0,15932,1,0,0,0,0,,,"Gluth",,,,,,,,,,,,,,0xFF01FE,0,0,0,0,1,
6413,1768,0,28859,1,0,0,0,0,,,"Malygos",,,,,,,,,,,,,,0xFF01FE,0,0,0,0,1,
6416,1770,0,15932,1,0,0,0,0,,,"Gluth",,,,,,,,,,,,,,0xFF01FE,0,0,0,0,1,
6436,1717,28,56902,1,0,0,0,0,,,"Victoire à Joug-d'hiver",,,,,,,,,,,,,,0xFF01FE,2,0,0,0,1,
6440,1737,0,27881,1,0,0,0,0,,,"Catapulte de Joug-d'hiver",,,,,,,,,,,,,,0xFF01FE,0,0,0,0,1,
6446,1764,70,0,100,0,0,0,0,,,"Tuer 100 personnages transportant de l'hydroglycérine",,,,,,,,,,,,,,0xFF01FE,1,0,0,0,1,
6447,1765,29,1843,5,3,607,3,607,,,"Désarmer 5 charges d'hydroglycérine au cours d'un même champ de bataille",,,,,,,,,,,,,,0xFF01FE,9,0,0,0,1,
6486,1777,29,58523,1,0,0,0,0,,,"Palourdes avariées",,,,,,,,,,,,,,0xFF01FE,0,0,0,0,1,
6600,1780,41,43491,1,0,0,0,0,,,"Palourdes avariées",,,,,,,,,,,,,,0xFF01FE,0,0,0,0,1,
6606,1781,41,43004,10,0,0,0,0,,,"Avoir 10 bestioles en 3 minutes.",,,,,,,,,,,,,,0xFF01FE,2,9,43004,180,1,
6608,1782,27,13100,1,0,0,0,0,,,"Pain de viande aux champignons infusés",,,,,,,,,,,,,,0xFF01FE,0,0,0,0,1,
6613,1783,27,13112,1,0,0,0,0,,,"Pain de viande aux champignons infusés",,,,,,,,,,,,,,0xFF01FE,0,0,0,0,1,
6618,1784,8,125,0,0,0,0,0,,,"Grand maître cuisinier",,,,,,,,,,,,,,0xFF01FE,0,0,0,0,1,
6626,1785,41,34753,1,0,0,0,0,,,"Vallée d'Alterac",,,,,,,,,,,,,,0xFF01FE,0,0,0,0,1,
6633,604,70,0,5,0,0,0,0,,,"Les Pitons du Tonnerre",,,,,,,,,,,,,,0xFF01FE,0,0,0,0,1,
6637,603,70,0,5,0,0,0,0,,,"Forgefer",,,,,,,,,,,,,,0xFF01FE,0,0,0,0,1,
6641,1786,30,183,1,0,0,0,0,,,"Capturer le drapeau dans l'Œil du cyclone",,,,,,,,,,,,,,0xFF01FE,0,0,0,0,1,
6651,1788,41,7228,1,0,0,0,0,,,"Glace à la fraise d'Aguilor et Dagharn",,,,,,,,,,,,,,0xFF01FE,0,0,0,0,1,
6659,1790,0,26861,1,0,0,0,0,,,"Roi Ymiron",,,,,,,,,,,,,,0xFF01FE,2,0,0,0,1,
6661,1792,36,23015,1,0,0,0,0,,,"Cage à rat",,,,,,,,,,,,,,0xFF01FE,2,0,0,0,1,
6674,1793,8,1791,0,0,0,0,0,,,"Maman, j'ai raté la pierre",,,,,,,,,,,,,,0xFF01FE,0,0,0,0,1,
6751,1795,112,185,25,0,0,0,0,,,"Apprendre 25 recettes de cuisine",,,,,,,,,,,,,,0xFF01FE,1,0,0,0,1,
6752,1796,112,185,50,0,0,0,0,,,"Apprendre 50 recettes de cuisine",,,,,,,,,,,,,,0xFF01FE,1,0,0,0,1,
6753,1797,112,185,75,0,0,0,0,,,"Apprendre 75 recettes de cuisine",,,,,,,,,,,,,,0xFF01FE,1,0,0,0,1,
6754,1798,112,185,100,0,0,0,0,,,"Apprendre 100 recettes de cuisine",,,,,,,,,,,,,,0xFF01FE,1,0,0,0,1,
6755,1799,112,185,160,0,0,0,0,,,"Apprendre 160 recettes de cuisine",,,,,,,,,,,,,,0xFF01FE,1,0,0,0,1,
6758,1800,29,43779,1,0,0,0,0,,,"Gâteau au chocolat délicieux",,,,,,,,,,,,,,0xFF01FE,0,0,0,0,1,
6761,1801,29,45695,1,0,0,0,0,,,"Brune du capitaine Rumsey",,,,,,,,,,,,,,0xFF01FE,2,0,0,0,1,
6790,870,113,0,100000,0,0,0,0,,,"Obtenir 100 000 victoires honorables",,,,,,,,,,,,,,0xFF01FE,1,0,0,0,1,
6791,869,113,0,50000,0,0,0,0,,,"Obtenir 50 000 victoires honorables",,,,,,,,,,,,,,0xFF01FE,1,0,0,0,1,
6792,239,113,0,25000,0,0,0,0,,,"Obtenir 25 000 victoires honorables",,,,,,,,,,,,,,0xFF01FE,1,0,0,0,1,
6793,509,113,0,10000,0,0,0,0,,,"Obtenir 10 000 victoires honorables",,,,,,,,,,,,,,0xFF01FE,1,0,0,0,1,
6794,512,113,0,5000,0,0,0,0,,,"Obtenir 5 000 victoires honorables",,,,,,,,,,,,,,0xFF01FE,1,0,0,0,1,
6795,516,113,0,1000,0,0,0,0,,,"Obtenir 1 000 victoires honorables",,,,,,,,,,,,,,0xFF01FE,1,0,0,0,1,
6796,515,113,0,500,0,0,0,0,,,"Obtenir 500 victoires honorables",,,,,,,,,,,,,,0xFF01FE,1,0,0,0,1,
6797,513,113,0,100,0,0,0,0,,,"Obtenir 100 victoires honorables",,,,,,,,,,,,,,0xFF01FE,1,0,0,0,1,
6798,238,113,0,1,0,0,0,0,,,"Obtenir une victoire honorable",,,,,,,,,,,,,,0xFF01FE,2,0,0,0,1,
6799,141,110,45544,1,0,0,0,0,,,"Secourisme en dessous de 5%",,,,,,,,,,,,,,0xFF01FE,2,0,0,0,1,
6800,223,70,0,1,0,0,0,0,,,"Tuer quelqu'un dans le Champ sanglant avant qu'il ne descende de monture",,,,,,,,,,,,,,0xFF01FE,2,0,0,0,1,
6802,578,0,15990,1,0,0,0,0,,,"Kel'Thuzad",,,,,,,,,,,,,,0xFF01FE,0,0,0,0,1,
6803,1816,0,31134,1,0,0,0,0,,,"Cyanigosa",,,,,,,,,,,,,,0xFF01FE,2,0,0,0,1,
6804,271,28,58934,1,0,0,0,0,,,"Danser au mât enrubanné pendant 60 secondes après avoir revêtu l'ensemble du solstice complet.",,,,,,,,,,,,,,0xFF01FE,2,0,0,0,1,
6805,500,0,26529,1,0,0,0,0,,,"Grancrochet",,,,,,,,,,,,,,0xFF01FE,0,0,0,0,1,
6813,493,0,26630,1,0,0,0,0,,,"Trollétripe",,,,,,,,,,,,,,0xFF01FE,0,0,0,0,1,
6817,3838,42,40752,1,0,0,0,0,,,"Emblème d'héroïsme",,,,,,,,,,,,,,0xFF01FE,3,0,0,0,1,
6819,3839,42,40752,25,0,0,0,0,,,"25 emblèmes d'héroïsme en butin",,,,,,,,,,,,,,0xFF01FE,3,0,0,0,1,
6820,3840,42,40752,50,0,0,0,0,,,"50 emblèmes d'héroïsme en butin",,,,,,,,,,,,,,0xFF01FE,3,0,0,0,1,
6821,3841,42,40752,100,0,0,0,0,,,"100 emblèmes d'héroïsme en butin",,,,,,,,,,,,,,0xFF01FE,3,0,0,0,1,
6822,3842,42,40752,250,0,0,0,0,,,"250 emblèmes d'héroïsme en butin",,,,,,,,,,,,,,0xFF01FE,3,0,0,0,1,
6823,3843,42,40752,500,0,0,0,0,,,"500 emblèmes d'héroïsme en butin",,,,,,,,,,,,,,0xFF01FE,3,0,0,0,1,
6824,3844,42,40752,1000,0,0,0,0,,,"1 000 emblèmes d'héroïsme en butin",,,,,,,,,,,,,,0xFF01FE,3,0,0,0,1,
6831,497,0,28586,1,0,0,0,0,,,"Général Bjarngrim",,,,,,,,,,,,,,0xFF01FE,0,0,0,0,1,
6835,1834,0,28586,1,0,0,0,0,,,"Général Bjarngrim",,,,,,,,,,,,,,0xFF01FE,2,0,0,0,1,
6839,495,0,29304,1,0,0,0,0,,,"Slad'ran",,,,,,,,,,,,,,0xFF01FE,0,0,0,0,1,
6845,917,18,10,0,0,0,0,0,,,"Raids à 10",,,,,,,,,,,,,,0xFF01FE,0,0,0,0,1,
6846,916,18,25,0,0,0,0,0,,,"Raids à 25",,,,,,,,,,,,,,0xFF01FE,0,0,0,0,1,
6847,918,18,5,0,0,0,0,0,,,"Instances à 5",,,,,,,,,,,,,,0xFF01FE,0,0,0,0,1,
6848,491,0,28684,1,0,0,0,0,,,"Krik'thir le Gardien de porte",,,,,,,,,,,,,,0xFF01FE,0,0,0,0,1,
6851,492,0,29308,1,0,0,0,0,,,"Prince Taldaram",,,,,,,,,,,,,,0xFF01FE,0,0,0,0,1,
6855,494,0,31134,1,0,0,0,0,,,"Cyanigosa",,,,,,,,,,,,,,0xFF01FE,2,0,0,0,1,
6856,496,0,27975,1,0,0,0,0,,,"Damoiselle de peine",,,,,,,,,,,,,,0xFF01FE,0,0,0,0,1,
6859,498,0,27654,1,0,0,0,0,,,"Drakos l'Interrogateur",,,,,,,,,,,,,,0xFF01FE,0,0,0,0,1,
6864,499,0,26668,1,0,0,0,0,,,"Svala Tristetombe",,,,,,,,,,,,,,0xFF01FE,0,0,0,0,1,
6937,272,110,45280,40,0,0,0,0,,,"40 torches",,,,,,,,,,,,,,0xFF01FE,1,5,45280,15,1,
6974,415,36,43599,1,0,0,0,0,,,"Grand ours du Blizzard",,,,,,,,,,,,,,0xFF01FE,2,0,0,0,1,
6980,1836,36,34486,1,0,0,0,0,,,"Vieux malin",,,,,,,,,,,,,,0xFF01FE,2,0,0,0,1,
6984,1837,42,34484,1,0,0,0,0,,,"Vieux gueule-de-fer",,,,,,,,,,,,,,0xFF01FE,2,0,0,0,1,
7020,203,70,0,2,3,489,3,489,,,"Tuer 2 porteurs de drapeau avant qu'ils ne quittent la salle du drapeau des Ailes-d'argent",,,,,,,,,,,,,,0xFF01FE,9,0,0,0,1,
7021,1251,70,0,2,3,489,3,489,,,"Tuer 2 porteurs de drapeau avant qu'ils ne quittent la salle du drapeau des Chanteguerres",,,,,,,,,,,,,,0xFF01FE,9,0,0,0,1,
7032,347,41,27667,0,0,0,0,0,,,"Ecrevisse épicée",,,,,,,,,,,,,,0xFF01FE,2,0,0,0,1,
7126,1856,0,16028,1,0,0,0,0,,,"Le Recousu",,,,,,,,,,,,,,0xFF01FE,10,1,10286,180,1,
7127,1857,0,16028,1,0,0,0,0,,,"Le Recousu",,,,,,,,,,,,,,0xFF01FE,10,1,10286,180,1,
7128,1858,0,15952,1,0,0,0,0,,,"Tuer Maexxna dans les 20 minutes qui suivent la mort d'Anub'Rekhan",,,,,,,,,,,,,,0xFF01FE,10,1,9891,1200,1,
7129,1859,0,15952,1,0,0,0,0,,,"Tuer Maexxna dans les 20 minutes qui suivent la mort d'Anub'Rekhan",,,,,,,,,,,,,,0xFF01FE,10,1,9891,1200,1,
7130,1860,0,29120,1,0,0,0,0,,,"Tuer Anub'arak en 4 minutes maximum",,,,,,,,,,,,,,0xFF01FE,10,1,20381,240,1,
7133,1862,0,29311,1,0,0,0,0,,,"Tuer le héraut Volazj en 2 minutes maximum en mode héroïque",,,,,,,,,,,,,,0xFF01FE,10,1,20382,120,1,
7136,1864,0,29306,1,0,0,0,0,,,"Tuer Gal'darah en étant sous l'effet du résidu d'Eck",,,,,,,,,,,,,,0xFF01FE,2,0,0,0,1,
7137,1865,0,29266,1,0,0,0,0,,,"Xevozz",,,,,,,,,,,,,,0xFF01FE,0,0,0,0,1,
7143,1866,0,27975,1,0,0,0,0,,,"Tuer la Damoiselle de peine en 1 minute maximum",,,,,,,,,,,,,,0xFF01FE,10,1,20383,60,1,
7144,1867,0,28923,1,0,0,0,0,,,"Tuer Loken en 2 minutes maximum en mode héroïque",,,,,,,,,,,,,,0xFF01FE,10,1,20384,120,1,
7145,1868,0,27656,1,0,0,0,0,,,"Tuer le gardien-tellurique Eregos dans les 20 minutes qui suivent la mort de Drakos l'interrogateur",,,,,,,,,,,,,,0xFF01FE,10,1,18153,1200,1,
7159,579,0,15956,1,0,0,0,0,,,"Anub'Rekhan",,,,,,,,,,,,,,0xFF01FE,0,0,0,0,1,
7174,1869,0,28859,1,0,0,0,0,,,"Vaincre Malygos à 8 maximum",,,,,,,,,,,,,,0xFF01FE,2,0,0,0,1,
7175,1870,0,28859,1,0,0,0,0,,,"Vaincre Malygos à 20 maximum",,,,,,,,,,,,,,0xFF01FE,2,0,0,0,1,
7177,1871,0,27656,1,0,0,0,0,,,"Drake ambre",,,,,,,,,,,,,,0xFF01FE,0,0,0,0,1,
7180,1872,0,27737,100,0,0,0,0,,,"Tuer 100 zombies ressuscités en 1 minute",,,,,,,,,,,,,,0xFF01FE,1,7,27737,60,1,
7181,1873,0,26693,1,0,0,0,0,,,"Tuer Skadi le Brutal dans les 3 minutes qui suivent le début de l'épreuve en mode héroïque",,,,,,,,,,,,,,0xFF01FE,10,1,17726,180,1,
7182,1874,0,28859,1,0,0,0,0,,,"Malygos",,,,,,,,,,,,,,0xFF01FE,10,1,20387,360,1,
7183,1875,0,28859,1,0,0,0,0,,,"Malygos",,,,,,,,,,,,,,0xFF01FE,10,1,20387,360,1,
7184,1876,0,28860,1,0,0,0,0,,,"Sartharion le Gardien d'Onyx",,,,,,,,,,,,,,0xFF01FE,2,0,0,0,1,
7185,1877,0,30449,1,0,0,0,0,,,"Vespéron",,,,,,,,,,,,,,0xFF01FE,0,0,0,0,1,
7189,624,0,30449,1,0,0,0,0,,,"Vespéron",,,,,,,,,,,,,,0xFF01FE,0,0,0,0,1,
7231,1919,0,23953,1,0,0,0,0,,,"Vaincre le prince Keleseth en mode héroïque sans briser de tombeaux de givre",,,,,,,,,,,,,,0xFF01FE,2,0,0,0,1,
7232,1936,36,32233,1,0,0,0,0,,,"Pinte de wolpertinger",,,,,,,,,,,,,,0xFF01FE,2,0,0,0,1,
7236,1956,68,192708,1,0,0,0,0,,,"Les écoles de magie des arcanes - Introduction",,,,,,,,,,,,,,0xFF01FE,0,0,0,0,1,
7244,1957,36,43641,1,0,0,0,0,,,"Pièce d'or d'Anduin Wrynn",,,,,,,,,,,,,,0xFF01FE,0,0,0,0,1,
7260,1958,36,43698,1,0,0,0,0,,,"Rat d'égout géant",,,,,,,,,,,,,,0xFF01FE,2,0,0,0,1,
7262,1976,36,43016,0,0,0,0,0,,,"Prix de cuisine de Dalaran obtenus",,,,,,,,,,,,,,0xFF01FE,0,0,0,0,1,
7263,1977,36,41596,0,0,0,0,0,,,"Marques de joaillerie de Dalaran obtenus",,,,,,,,,,,,,,0xFF01FE,0,0,0,0,1,
7264,1996,0,15936,1,0,0,0,0,,,"Vaincre Heigan l'Impur sans que personne meure",,,,,,,,,,,,,,0xFF01FE,2,0,0,0,1,
7265,1997,0,15953,1,0,0,0,0,,,"Vaincre la grande veuve Faerlina sans dissiper ou empêcher la frénésie",,,,,,,,,,,,,,0xFF01FE,2,0,0,0,1,
7266,1998,36,43016,1,0,0,0,0,,,"Prix de cuisine de Dalaran",,,,,,,,,,,,,,0xFF01FE,2,0,0,0,1,
7267,1999,36,43016,10,0,0,0,0,,,"10 prix de cuisine de Dalaran",,,,,,,,,,,,,,0xFF01FE,1,0,0,0,1,
7268,2000,36,43016,25,0,0,0,0,,,"25 prix de cuisine de Dalaran",,,,,,,,,,,,,,0xFF01FE,1,0,0,0,1,
7269,2001,36,43016,50,0,0,0,0,,,"50 prix de cuisine de Dalaran",,,,,,,,,,,,,,0xFF01FE,1,0,0,0,1,
7270,2002,36,43016,100,0,0,0,0,,,"100 prix de cuisine de Dalaran",,,,,,,,,,,,,,0xFF01FE,1,0,0,0,1,
7278,2016,27,12444,1,0,0,0,0,,,"Escarmouches sur la rivière Noire",,,,,,,,,,,,,,0xFF01FE,0,0,0,0,1,
7287,2017,27,12170,1,0,0,0,0,,,"Baston sur la rivière Noire",,,,,,,,,,,,,,0xFF01FE,0,0,0,0,1,
7296,2018,27,13240,1,0,0,0,0,,,"Timear prédit des assemblages centrifuges dans votre avenir !",,,,,,,,,,,,,,0xFF01FE,0,0,0,0,1,
7300,2019,27,13245,1,0,0,0,0,,,"Preuve de la mort d'Ingvar le Pilleur",,,,,,,,,,,,,,0xFF01FE,0,0,0,0,1,
7315,2036,0,26723,1,13,20542,9,59900,,,"Keristrasza",,,,,,,,,,,,,,0xFF01FE,2,0,0,0,1,
7316,2037,0,26763,1,0,0,0,0,,,"Anomalus",,,,,,,,,,,,,,0xFF01FE,2,0,0,0,1,
7317,2038,0,29309,1,0,0,0,0,,,"Ancien Nadox",,,,,,,,,,,,,,0xFF01FE,2,0,0,0,1,
7318,2039,0,27483,1,0,0,0,0,,,"Roi Dred",,,,,,,,,,,,,,0xFF01FE,2,0,0,0,1,
7319,2040,0,29305,1,0,0,0,0,,,"Moorabi",,,,,,,,,,,,,,0xFF01FE,2,0,0,0,1,
7320,2041,0,29313,1,0,0,0,0,,,"Ichoron",,,,,,,,,,,,,,0xFF01FE,2,0,0,0,1,
7321,2042,0,28587,1,0,0,0,0,,,"Volkhan",,,,,,,,,,,,,,0xFF01FE,2,0,0,0,1,
7322,2043,0,26555,1,0,0,0,0,,,"Butor du Fléau",,,,,,,,,,,,,,0xFF01FE,2,0,0,0,1,
7323,2044,0,27656,1,0,0,0,0,,,"Gardien-tellurique Eregos",,,,,,,,,,,,,,0xFF01FE,2,0,0,0,1,
7324,2045,0,27656,1,0,0,0,0,,,"Gardien-tellurique Eregos",,,,,,,,,,,,,,0xFF01FE,2,0,0,0,1,
7325,2046,0,27656,1,0,0,0,0,,,"Gardien-tellurique Eregos",,,,,,,,,,,,,,0xFF01FE,2,0,0,0,1,
7326,2047,0,28860,1,13,19800,9,57591,,,"Sartharion le Gardien d'Onyx",,,,,,,,,,,,,,0xFF01FE,2,0,0,0,1,
7327,2048,0,28860,1,13,19800,9,57591,,,"Sartharion le Gardien d'Onyx",,,,,,,,,,,,,,0xFF01FE,2,0,0,0,1,
7328,2049,0,28860,1,0,0,0,0,,,"Sartharion le Gardien d'Onyx",,,,,,,,,,,,,,0xFF01FE,2,0,0,0,1,
7329,2050,0,28860,1,0,0,0,0,,,"Sartharion le Gardien d'Onyx",,,,,,,,,,,,,,0xFF01FE,2,0,0,0,1,
7330,2051,0,28860,1,0,0,0,0,,,"Sartharion le Gardien d'Onyx",,,,,,,,,,,,,,0xFF01FE,2,0,0,0,1,
7331,2052,0,28860,1,0,0,0,0,,,"Sartharion le Gardien d'Onyx",,,,,,,,,,,,,,0xFF01FE,2,0,0,0,1,
7332,2053,0,28860,1,0,0,0,0,,,"Sartharion le Gardien d'Onyx",,,,,,,,,,,,,,0xFF01FE,2,0,0,0,1,
7333,2054,0,28860,1,0,0,0,0,,,"Sartharion le Gardien d'Onyx",,,,,,,,,,,,,,0xFF01FE,2,0,0,0,1,
7358,1706,36,37710,1,0,0,0,0,,,"Commande du Cogn'Baff de course",,,,,,,,,,,,,,0xFF01FE,0,0,0,0,1,
7359,2056,0,29310,1,0,0,0,0,,,"Jedoga Cherchelombre",,,,,,,,,,,,,,0xFF01FE,2,0,0,0,1,
7361,2057,0,26631,1,0,0,0,0,,,"Novos l'Invocateur",,,,,,,,,,,,,,0xFF01FE,2,0,0,0,1,
7363,2058,0,29304,1,13,20573,9,55099,,,"Slad'ran",,,,,,,,,,,,,,0xFF01FE,2,0,0,0,1,
7365,1718,28,56902,100,0,0,0,0,,,"100 victoires à Joug-d'hiver",,,,,,,,,,,,,,0xFF01FE,1,0,0,0,1,
7368,2076,34,60116,0,0,0,0,0,,,"Ours brun cuirassé",,,,,,,,,,,,,,0xFF01FE,2,0,0,0,1,
7371,2077,34,59793,0,0,0,0,0,,,"Mammouth laineux",,,,,,,,,,,,,,0xFF01FE,2,0,0,0,1,
7380,2078,34,61425,0,0,0,0,0,,,"Mammouth de voyage de la toundra",,,,,,,,,,,,,,0xFF01FE,2,0,0,0,1,
7382,2079,36,28788,1,0,0,0,0,,,"Tabard du protecteur",,,,,,,,,,,,,,0xFF01FE,2,0,0,0,1,
7387,2080,34,59788,0,0,0,0,0,,,"Mammouth de guerre noir",,,,,,,,,,,,,,0xFF01FE,2,0,0,0,1,
7391,2081,34,61465,0,0,0,0,0,,,"Grand mammouth de guerre noir",,,,,,,,,,,,,,0xFF01FE,2,0,0,0,1,
7393,2082,36,44080,1,0,0,0,0,,,"Mammouth des glaces",,,,,,,,,,,,,,0xFF01FE,2,0,0,0,1,
7397,2083,36,44086,1,0,0,0,0,,,"Grand mammouth des glaces",,,,,,,,,,,,,,0xFF01FE,2,0,0,0,1,
7401,2084,36,40586,1,0,0,0,0,,,"Bague du Kirin Tor",,,,,,,,,,,,,,0xFF01FE,2,0,0,0,1,
7403,2085,42,43228,50,0,0,0,0,,,"Ramasser 50 éclats du gardien des pierres",,,,,,,,,,,,,,0xFF01FE,1,0,0,0,1,
7404,2086,42,43228,100,0,0,0,0,,,"Ramasser 100 éclats du gardien des pierres",,,,,,,,,,,,,,0xFF01FE,1,0,0,0,1,
7405,2087,42,43228,250,0,0,0,0,,,"Ramasser 250 éclats du gardien des pierres",,,,,,,,,,,,,,0xFF01FE,1,0,0,0,1,
7406,2088,42,43228,500,0,0,0,0,,,"Ramasser 500 éclats du gardien des pierres",,,,,,,,,,,,,,0xFF01FE,1,0,0,0,1,
7407,2089,42,43228,1000,0,0,0,0,,,"Ramasser 1 000 éclats du gardien des pierres",,,,,,,,,,,,,,0xFF01FE,1,0,0,0,1,
7408,2090,74,0,1,0,0,0,0,,,"Compétiteur",,,,,,,,,,,,,,0xFF01FE,2,0,0,0,1,
7412,2091,74,0,1,0,0,0,0,,,"Gladiateur",,,,,,,,,,,,,,0xFF01FE,2,0,0,0,1,
7415,2092,74,0,1,0,0,0,0,,,"Duelliste",,,,,,,,,,,,,,0xFF01FE,2,0,0,0,1,
7418,2093,74,0,1,0,0,0,0,,,"Rival",,,,,,,,,,,,,,0xFF01FE,2,0,0,0,1,
7441,2094,42,43702,1,0,0,0,0,,,"Pièce de cuivre d'Alonsus Faol",,,,,,,,,,,,,,0xFF01FE,0,0,0,0,1,
7463,2095,42,43687,1,0,0,0,0,,,"Pièce d'argent d'Aegwynn",,,,,,,,,,,,,,0xFF01FE,0,0,0,0,1,
7486,2096,8,2094,0,0,0,0,0,,,"Une pièce de cuivre contre vos pensées",,,,,,,,,,,,,,0xFF01FE,0,0,0,0,1,
7491,2097,34,55531,0,0,0,0,0,,,"Mécabécane",,,,,,,,,,,,,,0xFF01FE,2,0,0,0,1,
7493,2116,36,22999,1,0,0,0,0,,,"Tabard de l'Aube d'argent",,,,,,,,,,,,,,0xFF01FE,2,0,0,0,1,
7494,1817,0,32273,1,0,0,0,0,,,"Corrupteur infini",,,,,,,,,,,,,,0xFF01FE,2,0,0,0,1,
7496,2136,8,1919,0,0,0,0,0,,,"Avec les glaçons",,,,,,,,,,,,,,0xFF01FE,0,0,0,0,1,
7528,2137,8,578,0,0,0,0,0,,,"Rares sont les dévoués",,,,,,,,,,,,,,0xFF01FE,0,0,0,0,1,
7538,2138,8,579,0,0,0,0,0,,,"Rares sont les dévoués (25 joueurs)",,,,,,,,,,,,,,0xFF01FE,0,0,0,0,1,
7548,2139,0,15936,1,0,0,0,0,,,"Vaincre Heigan l'Impur sans que personne meure",,,,,,,,,,,,,,0xFF01FE,2,0,0,0,1,
7549,2140,0,15953,1,0,0,0,0,,,"Vaincre la grande veuve Faerlina sans dissiper ou empêcher la frénésie",,,,,,,,,,,,,,0xFF01FE,2,0,0,0,1,
7550,2141,75,777,10,0,0,0,0,,,"Obtenir 10 montures",,,,,,,,,,,,,,0xFF01FE,1,0,0,0,1,
7551,2142,75,777,25,0,0,0,0,,,"Obtenir 25 montures",,,,,,,,,,,,,,0xFF01FE,1,0,0,0,1,
7552,2143,75,777,50,0,0,0,0,,,"Obtenir 50 montures",,,,,,,,,,,,,,0xFF01FE,1,0,0,0,1,
7553,2144,8,913,0,0,0,0,0,,,"Honorer ses Anciens",,,,,,,,,,,,,,0xFF01FE,0,0,0,0,1,
7560,2145,8,913,0,0,0,0,0,,,"Honorer ses Anciens",,,,,,,,,,,,,,0xFF01FE,0,0,0,0,1,
7567,2146,0,15989,1,0,0,0,0,,,"Le club des cent",,,,,,,,,,,,,,0xFF01FE,2,0,0,0,1,
7568,2147,0,15989,1,0,0,0,0,,,"Saphiron",,,,,,,,,,,,,,0xFF01FE,2,0,0,0,1,
7573,2148,56,0,1,0,0,0,0,,,"Infliger un coup fatal à un scion de l'Éternité tout en chevauchant un disque en suspension",,,,,,,,,,,,,,0xFF01FE,2,0,0,0,1,
7574,2149,56,0,1,0,0,0,0,,,"Infliger un coup fatal à un scion de l'Éternité tout en chevauchant un disque en suspension",,,,,,,,,,,,,,0xFF01FE,2,0,0,0,1,
7577,2150,0,26731,1,0,0,0,0,,,"Grand magus Telestra",,,,,,,,,,,,,,0xFF01FE,2,0,0,0,1,
7579,2151,0,26630,1,0,0,0,0,,,"Trollétripe",,,,,,,,,,,,,,0xFF01FE,2,0,0,0,1,
7583,2152,0,29306,1,0,0,0,0,,,"Gal'darah",,,,,,,,,,,,,,0xFF01FE,2,0,0,0,1,
7587,2153,0,29314,1,0,0,0,0,,,"Zuramat l'Oblitérateur",,,,,,,,,,,,,,0xFF01FE,2,0,0,0,1,
7590,2154,28,59046,1,0,0,0,0,,,"Le tribunal des Âges",,,,,,,,,,,,,,0xFF01FE,2,0,0,0,1,
7593,2155,0,27978,1,0,0,0,0,,,"Sjonnir le Sculptefer",,,,,,,,,,,,,,0xFF01FE,2,0,0,0,1,
7595,2156,0,26693,1,0,0,0,0,,,"Tuer Skadi le Brutal en mode héroïque",,,,,,,,,,,,,,0xFF01FE,2,0,0,0,1,
7598,2157,0,26861,1,0,0,0,0,,,"Roi Ymiron",,,,,,,,,,,,,,0xFF01FE,2,0,0,0,1,
7600,2176,28,59450,1,0,0,0,0,,,"Les quatre cavaliers",,,,,,,,,,,,,,0xFF01FE,2,0,0,0,1,
7601,2177,28,59450,1,0,0,0,0,,,"Les quatre cavaliers",,,,,,,,,,,,,,0xFF01FE,2,0,0,0,1,
7604,2178,0,15928,1,0,0,0,0,,,"Thaddius",,,,,,,,,,,,,,0xFF01FE,2,0,0,0,1,
7605,2179,0,15928,1,0,0,0,0,,,"Thaddius",,,,,,,,,,,,,,0xFF01FE,2,0,0,0,1,
7608,2180,0,15928,1,0,0,0,0,,,"Thaddius",,,,,,,,,,,,,,0xFF01FE,2,0,0,0,1,
7609,2181,0,15928,1,0,0,0,0,,,"Thaddius",,,,,,,,,,,,,,0xFF01FE,2,0,0,0,1,
7612,2182,0,16011,1,0,0,0,0,,,"Horreb",,,,,,,,,,,,,,0xFF01FE,2,0,0,0,1,
7613,2183,0,16011,1,0,0,0,0,,,"Horreb",,,,,,,,,,,,,,0xFF01FE,2,0,0,0,1,
7614,2184,0,15990,1,0,0,0,0,,,"Kel'Thuzad",,,,,,,,,,,,,,0xFF01FE,2,0,0,0,1,
7615,2185,0,15990,1,0,0,0,0,,,"Kel'Thuzad",,,,,,,,,,,,,,0xFF01FE,2,0,0,0,1,
7616,2186,0,15990,1,0,0,0,0,,,"Kel'Thuzad",,,,,,,,,,,,,,0xFF01FE,2,0,0,0,1,
7617,2187,0,15990,1,0,0,0,0,,,"Kel'Thuzad",,,,,,,,,,,,,,0xFF01FE,2,0,0,0,1,
7622,2188,0,10161,50,0,0,0,0,,,"Tuer 50 dragonnets de la colonie en 15 secondes",,,,,,,,,,,,,,0xFF01FE,1,7,10161,15,1,
7625,1763,0,28781,100,0,0,0,0,,,"Détruire 100 véhicules à l'aide d'une tourelle",,,,,,,,,,,,,,0xFF01FE,1,0,0,0,1,
7626,1762,1,607,1,0,0,0,0,,,"Gagner une bataille pour le rivage des Anciens sans perdre un seul véhicule de siège",,,,,,,,,,,,,,0xFF01FE,2,0,0,0,1,
7628,2189,0,28781,5,3,607,3,607,,,"Détruire 5 véhicules à l'aide d'une tourelle dans un même champ de bataille",,,,,,,,,,,,,,0xFF01FE,9,0,0,0,1,
7629,2190,70,0,5,3,607,3,607,,,"Tuer 5 personnages transportant de l'hydroglycérine au cours d'un même champ de bataille",,,,,,,,,,,,,,0xFF01FE,9,0,0,0,1,
7630,1766,70,0,10,3,607,3,607,,,"Tuer 10 personnages dans la cour des Anciens sur un même champ de bataille",,,,,,,,,,,,,,0xFF01FE,9,0,0,0,1,
7631,2191,70,0,100,0,0,0,0,,,"Tuer 100 personnages dans la cour des Anciens",,,,,,,,,,,,,,0xFF01FE,1,0,0,0,1,
7632,1761,28,60937,100,0,0,0,0,,,"Poser 100 charges d'hydroglycérine qui endommagent un mur avec succès",,,,,,,,,,,,,,0xFF01FE,1,0,0,0,1,
7634,2192,1,607,1,0,0,0,0,,,"Gagner une bataille pour le rivage des Anciens sans perdre un seul véhicule de siège",,,,,,,,,,,,,,0xFF01FE,2,0,0,0,1,
7635,2193,28,60937,5,3,607,3,607,,,"Poser 5 charges d'hydroglycérine qui endommagent un mur avec succès au cours d'un même champ de bataille",,,,,,,,,,,,,,0xFF01FE,9,0,0,0,1,
7636,1757,28,52459,1,0,0,0,0,,,"Défendre la plage sans perdre un seul mur",,,,,,,,,,,,,,0xFF01FE,2,0,0,0,1,
7642,2194,8,1309,0,0,0,0,0,,,"Vétéran du rivage des Anciens",,,,,,,,,,,,,,0xFF01FE,0,0,0,0,1,
7654,2195,8,1309,0,0,0,0,0,,,"Vétéran du rivage des Anciens",,,,,,,,,,,,,,0xFF01FE,0,0,0,0,1,
7666,1755,28,56902,1,0,0,0,0,,,"Attaquer Joug-d'hiver et gagner en 10 minutes maximum",,,,,,,,,,,,,,0xFF01FE,2,0,0,0,1,
7703,1751,70,0,20,0,0,0,0,,,"Tuer des personnages en monture à l'aide d'une tour-canon",,,,,,,,,,,,,,0xFF01FE,1,0,0,0,1,
7704,1723,70,0,100,0,0,0,0,,,"Véhicule",,,,,,,,,,,,,,0xFF01FE,3,0,0,0,1,
7709,2199,70,0,10,0,0,0,0,,,"Forteresse de Joug-d'hiver",,,,,,,,,,,,,,0xFF01FE,0,0,0,0,1,
7722,1752,8,1718,0,0,0,0,0,,,"Vétéran de Joug-d'hiver",,,,,,,,,,,,,,0xFF01FE,0,0,0,0,1,
7740,2200,28,52459,1,0,0,0,0,,,"Défendre la plage sans perdre un seul mur",,,,,,,,,,,,,,0xFF01FE,2,0,0,0,1,
7770,322,20,26763,0,0,0,0,0,,,"Anomalus",,,,,,,,,,,,,,0xFF01FE,0,0,0,0,1,
7807,323,20,15956,0,0,0,0,0,,,"Anub'Rekhan",,,,,,,,,,,,,,0xFF01FE,0,0,0,0,1,
7828,324,20,15956,0,0,0,0,0,,,"Anub'Rekhan",,,,,,,,,,,,,,0xFF01FE,0,0,0,0,1,
7849,2219,18,5,0,0,0,0,0,,,"Instances héroïques à 5",,,,,,,,,,,,,,0xFF01FE,0,0,0,0,1,
8100,2256,0,32517,1,0,0,0,0,,,"Loque'nahak",,,,,,,,,,,,,,0xFF01FE,0,0,0,0,1,
8586,2277,114,0,1,0,0,0,0,,,"Invocations acceptées",,,,,,,,,,,,,,0xFF01FE,0,0,0,0,1,
8758,1310,28,65246,1,0,0,3,607,,,"Victoire en 4 minutes",,,,,,,,,,,,,,0xFF01FE,10,1,23748,240,1,
8778,2316,36,43516,1,0,0,0,0,,,"Drake du Néant brutal",,,,,,,,,,,,,,0xFF01FE,2,0,0,0,1,
8818,2336,46,87,9000,0,0,0,0,,,"Honoré auprès de la Voile sanglante",,,,,,,,,,,,,,0xFF01FE,0,0,0,0,1,
8839,383,70,0,0,0,0,0,0,,,"Victimes dans l'arène des Tranchantes",,,,,,,,,,,,,,0xFF01FE,0,0,0,0,1,
8905,2357,27,7631,1,0,0,0,0,,,"Destrier de l'effroi de Xoroth",,,,,,,,,,,,,,0xFF01FE,2,0,0,0,1,
8906,2358,27,7647,1,0,0,0,0,,,"Jugement et rédemption",,,,,,,,,,,,,,0xFF01FE,2,0,0,0,1,
8908,2359,27,11001,1,0,0,0,0,,,"Triompher du dieu corbeau",,,,,,,,,,,,,,0xFF01FE,2,0,0,0,1,
9058,2398,74,0,1,0,0,0,0,,,"Connecté pendant l'évènement du 4e anniversaire",,,,,,,,,,,,,,0xFF01FE,2,0,0,0,1,
9060,1727,28,20723,1,0,0,0,0,,,"Détruire une tour",,,,,,,,,,,,,,0xFF01FE,2,0,0,0,1,
9118,2416,29,61718,1,0,0,0,0,,,"Déposer un œuf du Jardin des nobles aux Sources de Golakka",,,,,,,,,,,,,,0xFF01FE,2,0,0,0,1,
9119,2417,29,61874,25,0,0,0,0,,,"Manger 25 chocolats du Jardin des nobles",,,,,,,,,,,,,,0xFF01FE,1,0,0,0,1,
9120,2418,29,61874,100,0,0,0,0,,,"Manger 100 chocolats du Jardin des nobles",,,,,,,,,,,,,,0xFF01FE,1,0,0,0,1,
9121,2419,29,61875,1,0,0,0,0,,,"Guet d'azur",,,,,,,,,,,,,,0xFF01FE,0,0,0,0,1,
9122,2420,29,61820,1,0,0,0,0,,,"",,,,,,,,,,,,,,0xFF01FE,2,0,0,0,1,
9123,2421,29,61820,1,0,0,0,0,,,"",,,,,,,,,,,,,,0xFF01FE,2,0,0,0,1,
9124,2422,110,61815,1,0,0,0,0,,,"Elfe de sang",,,,,,,,,,,,,,0xFF01FE,0,0,0,0,1,
9138,2436,29,61818,1,0,0,0,0,,,"Terres ingrates",,,,,,,,,,,,,,0xFF01FE,0,0,0,0,1,
9158,2456,42,38658,1,0,0,0,0,,,"",,,,,,,,,,,,,,0xFF01FE,2,0,0,0,1,
9167,275,34,40634,0,0,0,0,0,,,"Cahouète",,,,,,,,,,,,,,0xFF01FE,0,0,0,0,1,
9178,2476,0,27881,1,0,0,0,0,,,"Catapulte de Joug-d'hiver",,,,,,,,,,,,,,0xFF01FE,0,0,0,0,1,
9198,2496,27,6824,1,0,0,0,0,,,"Achever les tâches des Hydraxis",,,,,,,,,,,,,,0xFF01FE,2,0,0,0,1,
9202,2497,29,61875,1,0,0,0,0,,,"Sabot-de-sang",,,,,,,,,,,,,,0xFF01FE,0,0,0,0,1,
9218,2516,75,778,75,0,0,0,0,,,"Obtenir 75 mascottes",,,,,,,,,,,,,,0xFF01FE,1,0,0,0,1,
9223,2536,75,777,100,0,0,0,0,,,"Obtenir 100 montures",,,,,,,,,,,,,,0xFF01FE,1,0,0,0,1,
9224,2537,75,777,100,0,0,0,0,,,"Obtenir 100 montures",,,,,,,,,,,,,,0xFF01FE,1,0,0,0,1,
9299,2557,54,225,1,0,0,0,0,,,"Lièvre arctique",,,,,,,,,,,,,,0xFF01FE,0,0,0,0,1,
9358,2556,0,3300,1,0,0,0,0,,,"Aspic",,,,,,,,,,,,,,0xFF01FE,0,0,0,0,1,
9420,424,34,26054,0,0,0,0,0,,,"Cristal de résonance qiraji rouge",,,,,,,,,,,,,,0xFF01FE,2,0,0,0,1,
9438,2596,0,16998,1,0,0,0,0,,,"M. Bigglesworth",,,,,,,,,,,,,,0xFF01FE,0,0,0,0,1,
9538,2676,42,45072,1,0,0,0,0,,,"",,,,,,,,,,,,,,0xFF01FE,2,0,0,0,1,
9598,2716,5,0,40,0,0,0,0,,,"Monter au niveau 40",,,,,,,,,,,,,,0xFF01FE,2,0,0,0,1,
9668,2770,8,2760,0,0,0,0,0,,,"Champion de Darnassus",,,,,,,,,,,,,,0xFF01FE,0,0,0,0,1,
9673,2771,8,2765,0,0,0,0,0,,,"Champion d'Orgrimmar",,,,,,,,,,,,,,0xFF01FE,0,0,0,0,1,
9678,2760,46,69,42000,0,0,0,0,,,"Exalté auprès de Darnassus",,,,,,,,,,,,,,0xFF01FE,0,0,0,0,1,
9679,2761,46,930,42000,0,0,0,0,,,"Exalté auprès de l'Exodar",,,,,,,,,,,,,,0xFF01FE,0,0,0,0,1,
9680,2762,46,54,42000,0,0,0,0,,,"Exalté auprès de Gnomeregan",,,,,,,,,,,,,,0xFF01FE,0,0,0,0,1,
9681,2763,46,47,42000,0,0,0,0,,,"Exalté auprès de Forgefer",,,,,,,,,,,,,,0xFF01FE,0,0,0,0,1,
9682,2764,46,72,42000,0,0,0,0,,,"Exalté auprès de Hurlevent",,,,,,,,,,,,,,0xFF01FE,0,0,0,0,1,
9683,2765,46,76,42000,0,0,0,0,,,"Exalté auprès d'Orgrimmar",,,,,,,,,,,,,,0xFF01FE,0,0,0,0,1,
9684,2766,46,530,42000,0,0,0,0,,,"Exalté auprès des trolls Sombrelance",,,,,,,,,,,,,,0xFF01FE,0,0,0,0,1,
9685,2767,46,911,42000,0,0,0,0,,,"Exalté auprès de Lune-d'argent",,,,,,,,,,,,,,0xFF01FE,0,0,0,0,1,
9686,2768,46,81,42000,0,0,0,0,,,"Exalté auprès des Pitons du Tonnerre",,,,,,,,,,,,,,0xFF01FE,0,0,0,0,1,
9687,2769,46,68,42000,0,0,0,0,,,"Exalté auprès de Fossoyeuse",,,,,,,,,,,,,,0xFF01FE,0,0,0,0,1,
9698,2756,27,13667,1,0,0,0,0,,,"",,,,,,,,,,,,,,0xFF01FE,2,0,0,0,1,
9746,2758,27,13691,1,0,0,0,0,,,"",,,,,,,,,,,,,,0xFF01FF,2,0,0,0,1,
9758,2776,8,1718,0,0,0,0,0,,,"Vétéran de Joug-d'hiver",,,,,,,,,,,,,,0xFF01FE,0,0,0,0,1,
9773,2777,27,13725,1,0,0,0,0,,,"Champion de Darnassus",,,,,,,,,,,,,,0xFF01FE,2,0,0,0,1,
9774,2778,27,13724,1,0,0,0,0,,,"Champion de l'Exodar",,,,,,,,,,,,,,0xFF01FE,2,0,0,0,1,
9775,2779,27,13723,1,0,0,0,0,,,"Champion de Gnomeregan",,,,,,,,,,,,,,0xFF01FE,2,0,0,0,1,
9776,2780,27,13713,1,0,0,0,0,,,"Champion de Forgefer",,,,,,,,,,,,,,0xFF01FE,2,0,0,0,1,
9777,2781,27,13699,1,0,0,0,0,,,"Champion de Hurlevent",,,,,,,,,,,,,,0xFF01FE,2,0,0,0,1,
9778,2782,8,2777,0,0,0,0,0,,,"Champion de Darnassus",,,,,,,,,,,,,,0xFF01FE,0,0,0,0,1,
9783,2783,27,13726,1,0,0,0,0,,,"Champion d'Orgrimmar",,,,,,,,,,,,,,0xFF01FE,2,0,0,0,1,
9784,2784,27,13727,1,0,0,0,0,,,"Champion de Sen'jin",,,,,,,,,,,,,,0xFF01FE,2,0,0,0,1,
9785,2785,27,13731,1,0,0,0,0,,,"Champion de Lune-d'argent",,,,,,,,,,,,,,0xFF01FE,2,0,0,0,1,
9786,2786,27,13728,1,0,0,0,0,,,"Champion des Pitons du Tonnerre",,,,,,,,,,,,,,0xFF01FE,2,0,0,0,1,
9787,2787,27,13729,1,0,0,0,0,,,"Champion de Fossoyeuse",,,,,,,,,,,,,,0xFF01FE,2,0,0,0,1,
9788,2788,8,2783,0,0,0,0,0,,,"Champion d'Orgrimmar",,,,,,,,,,,,,,0xFF01FE,0,0,0,0,1,
9798,2772,76,0,1,0,0,0,0,,,"",,,,,,,,,,,,,,0xFF01FE,2,0,0,0,1,
9858,2576,54,58,1,0,0,0,0,,,"",,,,,,,,,,,,,,0xFF01FE,2,0,0,0,1,
9859,2796,27,12420,1,0,0,0,0,,,"",,,,,,,,,,,,,,0xFF01FE,2,0,0,0,1,
9863,2797,8,2676,0,0,0,0,0,,,"J'en ai un !",,,,,,,,,,,,,,0xFF01FE,0,0,0,0,1,
9871,2798,8,2676,0,0,0,0,0,,,"J'en ai un !",,,,,,,,,,,,,,0xFF01FE,0,0,0,0,1,
9898,2816,8,947,0,0,0,0,0,,,"La Croisade d'argent",,,,,,,,,,,,,,0xFF01FE,0,0,0,0,1,
9904,2817,8,947,0,0,0,0,0,,,"La Croisade d'argent",,,,,,,,,,,,,,0xFF01FE,0,0,0,0,1,
9918,2836,28,64805,1,0,0,0,0,,,"Darnassus",,,,,,,,,,,,,,0xFF01FE,0,0,0,0,1,
9938,2856,0,33113,1,0,0,0,0,,,"Léviathan des flammes",,,,,,,,,,,,,,0xFF01FE,0,0,0,0,1,
9939,2857,0,33186,1,0,0,0,0,,,"Tranchécaille",,,,,,,,,,,,,,0xFF01FE,0,0,0,0,1,
9940,2858,0,33118,1,0,0,0,0,,,"Ignis le maître de la Fournaise",,,,,,,,,,,,,,0xFF01FE,0,0,0,0,1,
9941,2859,0,33293,1,0,0,0,0,,,"Déconstructeur XT-002",,,,,,,,,,,,,,0xFF01FE,0,0,0,0,1,
9943,2861,0,32930,1,0,0,0,0,,,"Kologarn",,,,,,,,,,,,,,0xFF01FE,0,0,0,0,1,
9947,2865,0,33432,1,0,0,0,0,,,"Mimiron",,,,,,,,,,,,,,0xFF01FE,0,0,0,0,1,
9948,2866,0,33271,1,0,0,0,0,,,"Général Vezax",,,,,,,,,,,,,,0xFF01FE,0,0,0,0,1,
9950,2868,0,33515,1,0,0,0,0,,,"Auriaya",,,,,,,,,,,,,,0xFF01FE,0,0,0,0,1,
9951,2869,0,33288,1,0,0,0,0,,,"Yogg-Saron",,,,,,,,,,,,,,0xFF01FE,0,0,0,0,1,
9952,2870,0,33993,1,0,0,0,0,,,"Emalon le Guetteur d'orage",,,,,,,,,,,,,,0xFF01FE,2,0,0,0,1,
9954,2872,0,33113,1,0,0,0,0,,,"Léviathan des flammes",,,,,,,,,,,,,,0xFF01FE,0,0,0,0,1,
9955,2873,0,33186,1,0,0,0,0,,,"Tranchécaille",,,,,,,,,,,,,,0xFF01FE,0,0,0,0,1,
9956,2874,0,33118,1,0,0,0,0,,,"Ignis le maître de la Fournaise",,,,,,,,,,,,,,0xFF01FE,0,0,0,0,1,
9957,2884,0,33293,1,0,0,0,0,,,"Déconstructeur XT-002",,,,,,,,,,,,,,0xFF01FE,0,0,0,0,1,
9959,2875,0,32930,1,0,0,0,0,,,"Kologarn",,,,,,,,,,,,,,0xFF01FE,0,0,0,0,1,
9963,2879,0,33432,1,0,0,0,0,,,"Mimiron",,,,,,,,,,,,,,0xFF01FE,0,0,0,0,1,
9964,2880,0,33271,1,0,0,0,0,,,"Général Vezax",,,,,,,,,,,,,,0xFF01FE,0,0,0,0,1,
9966,2882,0,33515,1,0,0,0,0,,,"Auriaya",,,,,,,,,,,,,,0xFF01FE,0,0,0,0,1,
9967,2883,0,33288,1,0,0,0,0,,,"Yogg-Saron",,,,,,,,,,,,,,0xFF01FE,0,0,0,0,1,
9999,2886,0,33113,1,0,0,0,0,,,"Léviathan des flammes",,,,,,,,,,,,,,0xFF01FE,0,0,0,0,1,
10003,2887,0,33113,1,0,0,0,0,,,"Léviathan des flammes",,,,,,,,,,,,,,0xFF01FE,0,0,0,0,1,
10023,2892,0,33271,1,0,0,0,0,,,"Général Vezax",,,,,,,,,,,,,,0xFF01FE,0,0,0,0,1,
10025,2893,0,33271,1,0,0,0,0,,,"Général Vezax",,,,,,,,,,,,,,0xFF01FE,0,0,0,0,1,
10027,2894,8,2886,0,0,0,0,0,,,"Le siège d'Ulduar",,,,,,,,,,,,,,0xFF01FE,0,0,0,0,1,
10031,2895,8,2887,0,0,0,0,0,,,"Le siège d'Ulduar : mode héroïque",,,,,,,,,,,,,,0xFF01FE,0,0,0,0,1,
10042,2903,0,33113,1,0,0,0,0,,,"Léviathan des flammes",,,,,,,,,,,,,,0xFF01FE,0,0,0,0,1,
10044,2905,0,33113,1,0,0,0,0,,,"Léviathan des flammes",,,,,,,,,,,,,,0xFF01FE,2,0,0,0,1,
10045,2906,0,33113,1,0,0,0,0,,,"Léviathan des flammes",,,,,,,,,,,,,,0xFF01FE,2,0,0,0,1,
10046,2907,0,33113,1,0,0,0,0,,,"Bécane de récupération",,,,,,,,,,,,,,0xFF01FE,0,0,0,0,1,
10049,2908,0,33113,1,0,0,0,0,,,"Bécane de récupération",,,,,,,,,,,,,,0xFF01FE,0,0,0,0,1,
10054,2911,0,33113,1,0,0,0,0,,,"Léviathan des flammes",,,,,,,,,,,,,,0xFF01FE,2,0,0,0,1,
10055,2912,0,33113,1,0,0,0,0,,,"Léviathan des flammes",,,,,,,,,,,,,,0xFF01FE,2,0,0,0,1,
10056,2913,0,33113,1,0,0,0,0,,,"Léviathan des flammes",,,,,,,,,,,,,,0xFF01FE,2,0,0,0,1,
10057,2914,0,33113,1,0,0,0,0,,,"Léviathan des flammes",,,,,,,,,,,,,,0xFF01FE,2,0,0,0,1,
10058,2915,0,33113,1,0,0,0,0,,,"Léviathan des flammes",,,,,,,,,,,,,,0xFF01FE,2,0,0,0,1,
10059,2916,0,33113,1,0,0,0,0,,,"Léviathan des flammes",,,,,,,,,,,,,,0xFF01FE,2,0,0,0,1,
10060,2917,0,33113,1,0,0,0,0,,,"Léviathan des flammes",,,,,,,,,,,,,,0xFF01FE,2,0,0,0,1,
10061,2918,0,33113,1,0,0,0,0,,,"Léviathan des flammes",,,,,,,,,,,,,,0xFF01FE,2,0,0,0,1,
10062,2919,0,33186,1,0,0,0,0,,,"Tranchécaille",,,,,,,,,,,,,,0xFF01FE,2,0,0,0,1,
10063,2921,0,33186,1,0,0,0,0,,,"Tranchécaille",,,,,,,,,,,,,,0xFF01FE,2,0,0,0,1,
10066,2923,0,33388,25,0,0,0,0,,,"Tranchécaille",,,,,,,,,,,,,,0xFF01FE,1,0,0,0,1,
10067,2924,0,33388,25,0,0,0,0,,,"Tranchécaille",,,,,,,,,,,,,,0xFF01FE,1,0,0,0,1,
10068,2925,0,33118,1,0,0,0,0,,,"Léviathan des flammes",,,,,,,,,,,,,,0xFF01FE,2,0,0,0,1,
10069,2926,0,33118,1,0,0,0,0,,,"Léviathan des flammes",,,,,,,,,,,,,,0xFF01FE,2,0,0,0,1,
10072,2929,0,33118,1,0,0,0,0,,,"Léviathan des flammes",,,,,,,,,,,,,,0xFF01FE,10,1,20951,240,1,
10073,2930,0,33118,1,0,0,0,0,,,"Léviathan des flammes",,,,,,,,,,,,,,0xFF01FE,10,1,20951,240,1,
10074,2931,0,33293,1,0,0,0,0,,,"Léviathan des flammes",,,,,,,,,,,,,,0xFF01FE,2,0,0,0,1,
10075,2932,0,33293,1,0,0,0,0,,,"Léviathan des flammes",,,,,,,,,,,,,,0xFF01FE,2,0,0,0,1,
10077,2934,0,33293,1,0,0,0,0,,,"Léviathan des flammes",,,,,,,,,,,,,,0xFF01FE,2,0,0,0,1,
10079,2936,0,33293,1,0,0,0,0,,,"Léviathan des flammes",,,,,,,,,,,,,,0xFF01FE,2,0,0,0,1,
10080,2937,0,33293,1,0,0,0,0,,,"Déconstructeur XT-002",,,,,,,,,,,,,,0xFF01FE,10,1,21027,205,1,
10081,2938,0,33293,1,0,0,0,0,,,"Tuer le XT-002",,,,,,,,,,,,,,0xFF01FE,10,1,21027,205,1,
10082,2939,0,32927,1,0,0,0,0,,,"Maître des runes Molgeim",,,,,,,,,,,,,,0xFF01FE,2,0,0,0,1,
10083,2940,0,32857,1,0,0,0,0,,,"Mande-foudre Brundir",,,,,,,,,,,,,,0xFF01FE,2,0,0,0,1,
10084,2941,0,32867,1,0,0,0,0,,,"Brise-acier",,,,,,,,,,,,,,0xFF01FE,2,0,0,0,1,
10085,2942,0,32927,1,0,0,0,0,,,"Léviathan des flammes",,,,,,,,,,,,,,0xFF01FE,2,0,0,0,1,
10086,2943,0,32857,1,0,0,0,0,,,"Léviathan des flammes",,,,,,,,,,,,,,0xFF01FE,2,0,0,0,1,
10087,2944,0,32867,1,0,0,0,0,,,"Léviathan des flammes",,,,,,,,,,,,,,0xFF01FE,2,0,0,0,1,
10088,2945,0,32927,1,0,0,0,0,,,"Maître des runes Molgeim",,,,,,,,,,,,,,0xFF01FE,2,0,0,0,1,
10089,2946,0,32857,1,0,0,0,0,,,"Léviathan des flammes",,,,,,,,,,,,,,0xFF01FE,2,0,0,0,1,
10090,2947,0,32857,1,0,0,0,0,,,"Léviathan des flammes",,,,,,,,,,,,,,0xFF01FE,2,0,0,0,1,
10091,2948,0,32857,1,0,0,0,0,,,"Léviathan des flammes",,,,,,,,,,,,,,0xFF01FE,2,0,0,0,1,
10095,2952,0,32930,1,0,0,0,0,,,"Kologarn",,,,,,,,,,,,,,0xFF01FE,2,0,0,0,1,
10099,2956,0,32930,1,0,0,0,0,,,"Kologarn",,,,,,,,,,,,,,0xFF01FE,2,0,0,0,1,
10100,2957,8,3056,0,0,0,0,0,,,"Mise en orbite",,,,,,,,,,,,,,0xFF01FE,0,0,0,0,1,
10133,2960,0,32930,1,0,0,0,0,,,"Kologarn",,,,,,,,,,,,,,0xFF01FE,2,0,0,0,1,
10173,2996,0,33271,1,0,0,0,0,,,"",,,,,,,,,,,,,,0xFF01FE,2,0,0,0,1,
10184,3007,0,33515,1,0,0,0,0,,,"Auriaya",,,,,,,,,,,,,,0xFF01FE,2,0,0,0,1,
10185,3008,0,33288,1,0,0,0,0,,,"Yogg-Saron",,,,,,,,,,,,,,0xFF01FE,2,0,0,0,1,
10187,3009,54,58,1,0,0,0,0,,,"Sara",,,,,,,,,,,,,,0xFF01FE,2,0,0,0,1,
10189,3011,54,58,1,0,0,0,0,,,"Sara",,,,,,,,,,,,,,0xFF01FE,2,0,0,0,1,
10196,3018,36,45624,0,0,0,0,0,,,"Emblèmes de conquête obtenus",,,,,,,,,,,,,,0xFF01FE,0,0,0,0,1,
10218,3056,0,33113,1,0,0,0,0,,,"Léviathan des flammes",,,,,,,,,,,,,,0xFF01FE,2,0,0,0,1,
10219,3057,0,33113,1,0,0,0,0,,,"Léviathan des flammes",,,,,,,,,,,,,,0xFF01FE,2,0,0,0,1,
10220,3059,0,33293,1,0,0,0,0,,,"Déconstructeur XT-002",,,,,,,,,,,,,,0xFF01FE,2,0,0,0,1,
10221,3058,0,33293,1,0,0,0,0,,,"Léviathan des flammes",,,,,,,,,,,,,,0xFF01FE,2,0,0,0,1,
10222,2773,27,13664,1,0,0,0,0,,,"",,,,,,,,,,,,,,0xFF01FE,2,0,0,0,1,
10223,2969,69,62821,1,0,0,0,0,,,"Hodir",,,,,,,,,,,,,,0xFF01FE,2,0,0,0,1,
10229,2970,69,62821,1,0,0,0,0,,,"Hodir",,,,,,,,,,,,,,0xFF01FE,2,0,0,0,1,
10243,3077,0,33515,1,0,0,0,0,,,"Auriaya",,,,,,,,,,,,,,0xFF01FE,2,0,0,0,1,
10247,2967,69,64899,1,13,20905,0,0,,,"Hodir",,,,,,,,,,,,,,0xFF01FE,10,0,0,0,1,
10248,2968,69,64899,1,13,20905,0,0,,,"Hodir",,,,,,,,,,,,,,0xFF01FE,10,0,0,0,1,
10258,2963,69,64899,1,13,20905,0,0,,,"Hodir",,,,,,,,,,,,,,0xFF01FE,10,0,0,0,1,
10259,2961,69,64899,1,13,20905,0,0,,,"Hodir",,,,,,,,,,,,,,0xFF01FE,10,0,0,0,1,
10260,2965,69,64899,1,13,20905,0,0,,,"Hodir",,,,,,,,,,,,,,0xFF01FE,10,0,0,0,1,
10261,2962,69,64899,1,13,20905,0,0,,,"Hodir",,,,,,,,,,,,,,0xFF01FE,10,0,0,0,1,
10262,3096,36,46708,1,0,0,0,0,,,"Wyrm de givre du gladiateur fatal",,,,,,,,,,,,,,0xFF01FE,2,0,0,0,1,
10279,3117,0,33288,1,0,0,0,0,,,"Yogg-Saron",,,,,,,,,,,,,,0xFF01FE,2,0,0,0,1,
10284,2953,0,32930,1,0,0,0,0,,,"Kologarn",,,,,,,,,,,,,,0xFF01FE,10,1,21687,12,1,
10285,2951,0,32930,1,0,0,0,0,,,"Kologarn",,,,,,,,,,,,,,0xFF01FE,2,0,0,0,1,
10286,2955,0,32930,1,0,0,0,0,,,"Kologarn",,,,,,,,,,,,,,0xFF01FE,2,0,0,0,1,
10289,2977,28,64980,1,0,0,0,0,,,"Forcer Thorim à entrer dans l'arène alors que Sif est présente",,,,,,,,,,,,,,0xFF01FE,2,0,0,0,1,
10290,2959,0,32930,1,0,0,0,0,,,"Kologarn",,,,,,,,,,,,,,0xFF01FE,2,0,0,0,1,
10291,3013,0,33288,1,0,0,0,0,,,"Yogg-Saron",,,,,,,,,,,,,,0xFF01FE,10,1,21001,420,1,
10292,3012,0,33288,1,0,0,0,0,,,"Yogg-Saron",,,,,,,,,,,,,,0xFF01FE,10,1,21001,420,1,
10293,3014,0,33136,9,0,0,0,0,,,"Vaincre 9 gardiens de Yogg-Saron en 12 secondes",,,,,,,,,,,,,,0xFF01FE,1,7,33136,12,1,
10294,3017,0,33136,9,0,0,0,0,,,"Vaincre 9 gardiens de Yogg-Saron en 12 secondes",,,,,,,,,,,,,,0xFF01FE,1,7,33136,12,1,
10296,3010,0,33288,1,0,0,0,0,,,"Yogg-Saron",,,,,,,,,,,,,,0xFF01FE,2,0,0,0,1,
10303,2973,28,64985,1,0,0,0,0,,,"Vaincre Thorim",,,,,,,,,,,,,,0xFF01FE,0,0,0,0,1,
10304,2975,28,64985,1,0,0,0,0,,,"Thorim : le tuer alors qu'Aura de célérité est active",,,,,,,,,,,,,,0xFF01FE,2,0,0,0,1,
10305,2971,28,64985,1,0,0,0,0,,,"Thorim : ne pas être touché par une charge de foudre",,,,,,,,,,,,,,0xFF01FE,2,0,0,0,1,
10306,2997,0,33271,1,0,0,0,0,,,"",,,,,,,,,,,,,,0xFF01FF,2,0,0,0,1,
10309,2972,28,64985,1,0,0,0,0,,,"Charge de foudre de Thorim évitée",,,,,,,,,,,,,,0xFF01FE,2,0,0,0,1,
10310,2974,28,64985,1,0,0,0,0,,,"Vaincre Thorim",,,,,,,,,,,,,,0xFF01FE,0,0,0,0,1,
10313,2976,28,64985,1,0,0,0,0,,,"Vaincre Thorim avec l'aura de célérité active",,,,,,,,,,,,,,0xFF01FE,2,0,0,0,1,
10314,2978,28,64980,1,0,0,0,0,,,"Forcer Thorim à entrer dans l'arène alors que Sif est présente",,,,,,,,,,,,,,0xFF01FE,2,0,0,0,1,
10321,3016,69,63988,1,0,0,0,0,,,"L'assassinat du roi Llane",,,,,,,,,,,,,,0xFF01FE,0,0,0,0,1,
10324,3015,69,63988,1,0,0,0,0,,,"L'assassinat du roi Llane",,,,,,,,,,,,,,0xFF01FE,0,0,0,0,1,
10338,3136,0,33993,1,0,0,0,0,,,"Emalon le Guetteur d'orage",,,,,,,,,,,,,,0xFF01FE,2,0,0,0,1,
10339,3137,0,33993,1,0,0,0,0,,,"Emalon le Guetteur d'orage",,,,,,,,,,,,,,0xFF01FE,2,0,0,0,1,
10352,2904,0,33113,1,0,0,0,0,,,"Léviathan des flammes",,,,,,,,,,,,,,0xFF01FE,0,0,0,0,1,
10365,2958,8,3057,0,0,0,0,0,,,"Mise en orbite (25 joueurs)",,,,,,,,,,,,,,0xFF01FE,0,0,0,0,1,
10388,3141,0,33288,1,0,0,0,0,,,"Yogg-Saron",,,,,,,,,,,,,,0xFF01FE,2,0,0,0,1,
10391,1791,29,8690,1,0,0,0,0,,,"",,,,,,,,,,,,,,0xFF01FF,2,0,0,0,1,
10394,2984,29,65015,1,0,0,0,0,,,"Freya",,,,,,,,,,,,,,0xFF01FE,2,0,0,0,1,
10396,2985,29,65015,1,0,0,0,0,,,"Freya",,,,,,,,,,,,,,0xFF01FE,2,0,0,0,1,
10399,3076,0,33515,1,0,0,0,0,,,"Auriaya",,,,,,,,,,,,,,0xFF01FE,2,0,0,0,1,
10400,3006,0,33515,1,0,0,0,0,,,"Auriaya",,,,,,,,,,,,,,0xFF01FE,2,0,0,0,1,
10401,2933,28,65037,20,0,0,0,0,,,"Tuer 20 robots-ferrailleurs XS-013 à l'aide d'un robots-boum XE-321",,,,,,,,,,,,,,0xFF01FE,1,6,65037,12,1,
10402,2935,28,65037,20,0,0,0,0,,,"Tuer 20 robots-ferrailleurs XS-013 à l'aide d'un robots-boum XE-322",,,,,,,,,,,,,,0xFF01FE,1,6,65037,12,1,
10405,2995,28,65040,1,0,0,0,0,,,"Robot d'assaut détruit",,,,,,,,,,,,,,0xFF01FE,2,0,0,0,1,
10406,3138,28,65040,1,0,0,0,0,,,"Robot d'assaut détruit",,,,,,,,,,,,,,0xFF01FE,2,0,0,0,1,
10408,2890,69,64899,1,0,0,0,0,,,"Hodir",,,,,,,,,,,,,,0xFF01FE,0,0,0,0,1,
10409,3158,0,33288,1,0,0,0,0,,,"Yogg-Saron",,,,,,,,,,,,,,0xFF01FE,2,0,0,0,1,
10410,3157,0,33288,1,0,0,0,0,,,"Yogg-Saron",,,,,,,,,,,,,,0xFF01FE,2,0,0,0,1,
10412,3159,0,33288,1,0,0,0,0,,,"Yogg-Saron",,,,,,,,,,,,,,0xFF01FE,2,0,0,0,1,
10414,3161,0,33288,1,0,0,0,0,,,"Yogg-Saron",,,,,,,,,,,,,,0xFF01FE,2,0,0,0,1,
10415,3162,0,33288,1,0,0,0,0,,,"Yogg-Saron",,,,,,,,,,,,,,0xFF01FE,2,0,0,0,1,
10416,3163,0,33288,1,0,0,0,0,,,"Yogg-Saron",,,,,,,,,,,,,,0xFF01FE,2,0,0,0,1,
10417,3164,0,33288,1,0,0,0,0,,,"Yogg-Saron",,,,,,,,,,,,,,0xFF01FE,2,0,0,0,1,
10430,2927,69,62836,1,0,0,0,0,,,"Marmite de scories",,,,,,,,,,,,,,0xFF01FE,2,0,0,0,1,
10431,2928,69,63536,1,0,0,0,0,,,"Marmite de scories",,,,,,,,,,,,,,0xFF01FE,2,0,0,0,1,
10440,3176,28,64985,1,0,0,0,0,,,"Forcer Thorim à entrer dans l'arène alors que Sif est présente",,,,,,,,,,,,,,0xFF01FE,2,0,0,0,1,
10441,1255,110,21343,1,0,0,0,0,,,"Lancer une boule de neige au roi Magni Barbe-de-bronze",,,,,,,,,,,,,,0xFF01FE,2,0,0,0,1,
10445,2982,28,65074,1,0,0,0,0,,,"Freya",,,,,,,,,,,,,,0xFF01FE,2,0,0,0,1,
10446,2980,28,65074,1,0,0,0,0,,,"Freya",,,,,,,,,,,,,,0xFF01FE,2,1,21597,1200,1,
10447,3177,28,65074,1,0,0,0,0,,,"Freya",,,,,,,,,,,,,,0xFF01FE,2,0,0,0,1,
10448,3178,28,65074,1,0,0,0,0,,,"Freya",,,,,,,,,,,,,,0xFF01FE,2,0,0,0,1,
10449,3179,28,65074,1,0,0,0,0,,,"Freya",,,,,,,,,,,,,,0xFF01FE,2,0,0,0,1,
10450,3180,0,33432,1,0,0,0,0,,,"Mimiron",,,,,,,,,,,,,,0xFF01FE,2,0,0,0,1,
10451,3181,0,33271,1,0,0,0,0,,,"Vezax",,,,,,,,,,,,,,0xFF01FE,2,0,0,0,1,
10452,3182,69,64899,1,13,20905,0,0,,,"Hodir",,,,,,,,,,,,,,0xFF01FE,10,0,0,0,1,
10453,2891,69,64899,1,0,0,0,0,,,"Hodir",,,,,,,,,,,,,,0xFF01FE,0,0,0,0,1,
10457,3183,28,64985,1,0,0,0,0,,,"Forcer Thorim à entrer dans l'arène alors que Sif est présente",,,,,,,,,,,,,,0xFF01FE,2,0,0,0,1,
10458,3184,69,64899,1,13,20905,0,0,,,"Hodir",,,,,,,,,,,,,,0xFF01FE,10,0,0,0,1,
10459,3185,28,65074,1,0,0,0,0,,,"Freya",,,,,,,,,,,,,,0xFF01FE,2,0,0,0,1,
10460,3186,28,65074,1,0,0,0,0,,,"Freya",,,,,,,,,,,,,,0xFF01FE,2,0,0,0,1,
10461,3187,28,65074,1,0,0,0,0,,,"Freya",,,,,,,,,,,,,,0xFF01FE,2,0,0,0,1,
10462,3188,0,33271,1,0,0,0,0,,,"Vezax",,,,,,,,,,,,,,0xFF01FE,2,0,0,0,1,
10463,3189,0,33432,1,0,0,0,0,,,"Mimiron",,,,,,,,,,,,,,0xFF01FE,2,0,0,0,1,
10518,3216,75,186,0,0,0,0,0,,,"Fontes connues",,,,,,,,,,,,,,0xFF01FE,0,0,0,0,1,
10520,3217,27,13830,1,0,0,0,0,,,"Poisson-fantôme",,,,,,,,,,,,,,0xFF01FE,0,0,0,0,1,
10525,3218,36,46109,1,0,0,0,0,,,"Tortue de mer",,,,,,,,,,,,,,0xFF01FE,2,0,0,0,1,
10542,3236,0,33993,1,0,0,0,0,,,"Emalon le Guetteur d'orage",,,,,,,,,,,,,,0xFF01FE,2,0,0,0,1,
10543,2989,0,33432,1,0,0,0,0,,,"Mine de proximité",,,,,,,,,,,,,,0xFF01FE,0,0,0,0,1,
10546,3237,0,33432,1,0,0,0,0,,,"Mine de proximité",,,,,,,,,,,,,,0xFF01FE,0,0,0,0,1,
10558,2863,28,64985,1,0,0,0,0,,,"Thorim",,,,,,,,,,,,,,0xFF01FE,0,0,0,0,1,
10559,2864,28,65074,1,0,0,0,0,,,"Freya",,,,,,,,,,,,,,0xFF01FE,0,0,0,0,1,
10560,2862,69,64899,1,0,0,0,0,,,"Hodir",,,,,,,,,,,,,,0xFF01FE,0,0,0,0,1,
10561,3257,28,64985,1,0,0,0,0,,,"Thorim",,,,,,,,,,,,,,0xFF01FE,0,0,0,0,1,
10562,3256,69,64899,1,0,0,0,0,,,"Hodir",,,,,,,,,,,,,,0xFF01FE,0,0,0,0,1,
10563,3258,28,65074,1,0,0,0,0,,,"Freya",,,,,,,,,,,,,,0xFF01FE,0,0,0,0,1,
10565,2867,28,65184,1,0,0,0,0,,,"Algalon l'Observateur",,,,,,,,,,,,,,0xFF01FE,0,0,0,0,1,
10566,2881,28,65184,1,0,0,0,0,,,"Algalon l'Observateur",,,,,,,,,,,,,,0xFF01FE,0,0,0,0,1,
10567,3036,28,65184,1,0,0,0,0,,,"Algalon l'Observateur",,,,,,,,,,,,,,0xFF01FE,2,0,0,0,1,
10568,3004,28,65184,1,0,0,0,0,,,"Algalon l'Observateur",,,,,,,,,,,,,,0xFF01FE,2,0,0,0,1,
10569,3037,28,65184,1,0,0,0,0,,,"Algalon l'Observateur",,,,,,,,,,,,,,0xFF01FE,2,0,0,0,1,
10570,3005,28,65184,1,0,0,0,0,,,"Algalon l'Observateur",,,,,,,,,,,,,,0xFF01FE,2,0,0,0,1,
10578,2888,28,65195,1,0,0,0,0,,,"Assemblée du Fer",,,,,,,,,,,,,,0xFF01FE,0,0,0,0,1,
10579,2889,28,65195,1,0,0,0,0,,,"Assemblée du Fer",,,,,,,,,,,,,,0xFF01FE,0,0,0,0,1,
10580,2860,28,65195,1,0,0,0,0,,,"Assemblée du Fer",,,,,,,,,,,,,,0xFF01FE,0,0,0,0,1,
10581,2885,28,65195,1,0,0,0,0,,,"Assemblée du Fer",,,,,,,,,,,,,,0xFF01FE,0,0,0,0,1,
10619,2909,56,0,1,0,0,0,0,,,"Tourelle de léviathan",,,,,,,,,,,,,,0xFF01FE,2,0,0,0,1,
10620,2910,56,0,1,0,0,0,0,,,"Tourelle de léviathan",,,,,,,,,,,,,,0xFF01FE,2,0,0,0,1,
10638,3296,36,46349,1,0,0,0,0,,,"",,,,,,,,,,,,,,0xFFEBFE,2,0,0,0,1,
10678,3316,28,65184,1,0,0,0,0,,,"Algalon l'Observateur",,,,,,,,,,,,,,0xFF01FE,2,0,0,0,1,
10698,3259,28,65184,1,0,0,0,0,,,"Algalon l'Observateur",,,,,,,,,,,,,,0xFF01FE,2,0,0,0,1,
10718,3336,74,0,1,0,0,0,0,,,"Gladiateur fatal",,,,,,,,,,,,,,0xFF01FE,2,0,0,0,1,
10720,2979,28,65296,1,0,0,0,0,,,"Ça fera du bois pour l'hiver",,,,,,,,,,,,,,0xFF01FE,2,1,21686,15,1,
10721,3118,28,65296,1,0,0,0,0,,,"Ça fera du bois pour l'hiver",,,,,,,,,,,,,,0xFF01FE,2,1,21686,15,1,
10722,2954,0,32930,1,0,0,0,0,,,"Kologarn",,,,,,,,,,,,,,0xFF01FE,10,1,21687,12,1,
10738,3356,34,17229,0,0,0,0,0,,,"",,,,,,,,,,,,,,0xFFEBFE,2,0,0,0,1,
10740,3357,34,64659,0,0,0,0,0,,,"",,,,,,,,,,,,,,0xFFEBFE,2,0,0,0,1,
10758,2983,28,65074,1,0,0,0,0,,,"Freya",,,,,,,,,,,,,,0xFF01FE,2,0,0,0,1,
10780,3003,28,65312,3,0,0,0,0,,,"Fermer 3 trous noirs en 10 secondes",,,,,,,,,,,,,,0xFF01FE,1,1,21697,10,1,
10782,3002,28,65312,3,0,0,0,0,,,"Fermer 3 trous noirs en 10 secondes",,,,,,,,,,,,,,0xFF01FE,1,1,21697,10,1,
10784,3376,28,65322,1,0,0,0,0,,,"Léviathan des flammes + 1 (10)",,,,,,,,,,,,,,0xFF01FE,2,0,0,0,1,
10785,3377,28,65323,1,0,0,0,0,,,"Léviathan des flammes + 2 (10)",,,,,,,,,,,,,,0xFF01FE,2,0,0,0,1,
10786,3378,28,65324,1,0,0,0,0,,,"Léviathan des flammes + 3 (10)",,,,,,,,,,,,,,0xFF01FE,2,0,0,0,1,
10787,3379,28,65325,1,0,0,0,0,,,"Léviathan des flammes + 4 (10)",,,,,,,,,,,,,,0xFF01FE,2,0,0,0,1,
10788,3380,28,65322,1,0,0,0,0,,,"Léviathan des flammes + 1 (25)",,,,,,,,,,,,,,0xFF01FE,2,0,0,0,1,
10789,3381,28,65323,1,0,0,0,0,,,"Léviathan des flammes + 2 (25)",,,,,,,,,,,,,,0xFF01FE,2,0,0,0,1,
10790,3382,28,65324,1,0,0,0,0,,,"Léviathan des flammes + 3 (25)",,,,,,,,,,,,,,0xFF01FE,2,0,0,0,1,
10791,3383,28,65325,1,0,0,0,0,,,"Léviathan des flammes + 4 (25)",,,,,,,,,,,,,,0xFF01FE,2,0,0,0,1,
10792,3384,28,65326,1,0,0,0,0,,,"Tuer le cœur d'XT (10)",,,,,,,,,,,,,,0xFF01FE,2,0,0,0,1,
10793,3385,28,65327,1,0,0,0,0,,,"Blesser le cœur d'XT (10)",,,,,,,,,,,,,,0xFF01FE,2,0,0,0,1,
10794,3386,28,65326,1,0,0,0,0,,,"Tuer le cœur d'XT (25)",,,,,,,,,,,,,,0xFF01FE,2,0,0,0,1,
10795,3387,28,65327,1,0,0,0,0,,,"Blesser le cœur d'XT (25)",,,,,,,,,,,,,,0xFF01FE,2,0,0,0,1,
10796,3388,28,65330,1,0,0,0,0,,,"Molgeim en dernier (10)",,,,,,,,,,,,,,0xFF01FE,2,0,0,0,1,
10797,3390,28,65331,1,0,0,0,0,,,"Brise-acier en dernier (10)",,,,,,,,,,,,,,0xFF01FE,2,0,0,0,1,
10798,3389,28,65330,1,0,0,0,0,,,"Molgeim en dernier (25)",,,,,,,,,,,,,,0xFF01FE,2,0,0,0,1,
10799,3391,28,65331,1,0,0,0,0,,,"Brise-acier en dernier (25)",,,,,,,,,,,,,,0xFF01FE,2,0,0,0,1,
10800,3392,28,64980,1,0,0,0,0,,,"Forcer Thorim à entrer dans l'arène pendant que Sif est présente",,,,,,,,,,,,,,0xFF01FE,2,0,0,0,1,
10801,3393,28,64980,1,0,0,0,0,,,"Forcer Thorim à entrer dans l'arène pendant que Sif est présente",,,,,,,,,,,,,,0xFF01FE,2,0,0,0,1,
10802,3394,28,65334,1,0,0,0,0,,,"Freya +1 (10)",,,,,,,,,,,,,,0xFF01FE,2,0,0,0,1,
10803,3396,28,65335,1,0,0,0,0,,,"Freya +1 (10)",,,,,,,,,,,,,,0xFF01FE,2,0,0,0,1,
10804,3398,28,65334,1,0,0,0,0,,,"Freya +3 (10)",,,,,,,,,,,,,,0xFF01FE,2,0,0,0,1,
10805,3395,28,65334,1,0,0,0,0,,,"Freya +1 (25)",,,,,,,,,,,,,,0xFF01FE,2,0,0,0,1,
10806,3397,28,65335,1,0,0,0,0,,,"Freya +2 (25)",,,,,,,,,,,,,,0xFF01FE,2,0,0,0,1,
10807,3399,28,65334,1,0,0,0,0,,,"Freya +3 (25)",,,,,,,,,,,,,,0xFF01FE,2,0,0,0,1,
10808,3400,28,65337,1,0,0,0,0,,,"Mimiron (10)",,,,,,,,,,,,,,0xFF01FE,2,0,0,0,1,
10809,3401,28,65337,1,0,0,0,0,,,"Mimiron (25)",,,,,,,,,,,,,,0xFF01FE,2,0,0,0,1,
10810,3402,28,65338,1,0,0,0,0,,,"Général Vezax (10)",,,,,,,,,,,,,,0xFF01FE,2,0,0,0,1,
10811,3403,28,65338,1,0,0,0,0,,,"Général Vezax (25)",,,,,,,,,,,,,,0xFF01FE,2,0,0,0,1,
10812,3404,28,65339,1,0,0,0,0,,,"Yogg + 3 (10)",,,,,,,,,,,,,,0xFF01FE,2,0,0,0,1,
10813,3405,28,65340,1,0,0,0,0,,,"Yogg + 2 (25)",,,,,,,,,,,,,,0xFF01FE,2,0,0,0,1,
10814,3406,28,65341,1,0,0,0,0,,,"Yogg + 1 (10)",,,,,,,,,,,,,,0xFF01FE,2,0,0,0,1,
10815,3407,28,65342,1,0,0,0,0,,,"Yogg + 0 (10)",,,,,,,,,,,,,,0xFF01FE,2,0,0,0,1,
10816,3408,28,65339,1,0,0,0,0,,,"Yogg + 3 (25)",,,,,,,,,,,,,,0xFF01FE,2,0,0,0,1,
10817,3409,28,65340,1,0,0,0,0,,,"Yogg + 2 (10)",,,,,,,,,,,,,,0xFF01FE,2,0,0,0,1,
10818,3410,28,65341,1,0,0,0,0,,,"Yogg + 1 (25)",,,,,,,,,,,,,,0xFF01FE,2,0,0,0,1,
10819,3411,28,65342,1,0,0,0,0,,,"Yogg + 0 (25)",,,,,,,,,,,,,,0xFF01FE,2,0,0,0,1,
10838,3142,27,13629,1,0,0,0,0,,,"Val'anyr, le marteau des anciens rois",,,,,,,,,,,,,,0xFF01FE,2,0,0,0,1,
10858,3097,28,65387,100,0,0,0,0,,,"Défenseurs d'acier forgé tués",,,,,,,,,,,,,,0xFF01FE,1,6,65387,10,1,
10860,3098,28,65387,100,0,0,0,0,,,"Défenseurs d'acier forgé tués",,,,,,,,,,,,,,0xFF01FE,1,6,65387,10,1,
10882,2981,28,65074,1,0,0,0,0,,,"Freya",,,,,,,,,,,,,,0xFF01FE,2,1,21597,1200,1,
10898,3436,74,0,1,0,0,0,0,,,"",,,,,,,,,,,,,,0xFFF7FE,2,0,0,0,1,
10918,3456,69,65386,1,0,0,0,0,,,"",,,,,,,,,,,,,,0xFFF7FE,2,0,0,0,1,
10919,3457,69,50517,1,0,0,0,0,,,"",,,,,,,,,,,,,,0xFFF3FE,2,0,0,0,1,
10940,3478,8,3579,0,0,0,0,0,,,"Bataille de nourriture !",,,,,,,,,,,,,,0xFF01FE,0,0,0,0,1,
10961,3496,34,43900,0,0,0,0,0,,,"Bélier rapide de la fête des Brasseurs",,,,,,,,,,,,,,0xFF01FE,2,0,0,0,1,
10998,3516,16,603,0,0,0,0,0,,,"Morts dans Ulduar",,,,,,,,,,,,,,0xFF01FE,2,0,0,0,1,
11038,3536,36,46802,1,0,0,0,0,,,"",,,,,,,,,,,,,,0xFFFDFE,2,0,0,0,1,
11078,3556,69,61849,1,0,0,0,0,,,"Darnassus",,,,,,,,,,,,,,0xFF01FE,0,0,0,0,1,
11082,3557,69,61849,1,0,0,0,0,,,"Orgrimmar",,,,,,,,,,,,,,0xFF01FE,0,0,0,0,1,
11086,3558,29,66376,1,0,0,0,0,,,"Patates douces confites",,,,,,,,,,,,,,0xFF01FE,0,0,0,0,1,
11119,3576,29,62051,1,0,0,0,0,,,"Patate douce confite",,,,,,,,,,,,,,0xFF01FE,0,0,0,0,1,
11123,3577,29,66034,1,0,0,0,0,,,"Patate douce confite",,,,,,,,,,,,,,0xFF01FE,0,0,0,0,1,
11128,3578,29,62021,1,0,0,0,0,,,"",,,,,,,,,,,,,,0xFF07FE,2,0,0,0,1,
11134,3580,69,65403,1,0,0,0,0,,,"Orgrimmar",,,,,,,,,,,,,,0xFF01FE,0,0,0,0,1,
11139,3581,69,65403,1,0,0,0,0,,,"Darnassus",,,,,,,,,,,,,,0xFF01FE,0,0,0,0,1,
11142,3582,0,18473,1,0,0,0,0,,,"",,,,,,,,,,,,,,0xFF09FE,2,0,0,0,1,
11163,3559,110,61781,1,0,0,0,0,,,"Voleur elfe de sang",,,,,,,,,,,,,,0xFF01FE,0,0,0,0,1,
11168,3579,110,61925,1,0,0,0,0,,,"",,,,,,,,,,,,,,0xFF75FE,2,0,0,0,1,
11201,3596,27,14048,1,0,0,0,0,,,"Il n'y aura jamais assez de dinde",,,,,,,,,,,,,,0xFF01FE,0,0,0,0,1,
11203,3597,27,14061,1,0,0,0,0,,,"Il n'y aura jamais assez de dinde",,,,,,,,,,,,,,0xFF01FE,0,0,0,0,1,
11223,3618,36,46892,1,0,0,0,0,,,"Mini-lance de Bourbimus",,,,,,,,,,,,,,0xFF01FE,2,0,0,0,1,
11238,3636,74,0,1,0,0,0,0,,,"",,,,,,,,,,,,,,0xFFEFFE,2,0,0,0,1,
11266,3656,8,3579,0,0,0,0,0,,,"Bataille de nourriture !",,,,,,,,,,,,,,0xFF01FE,0,0,0,0,1,
11278,3676,46,1094,42000,0,0,0,0,,,"Exalté auprès du Concordat argenté",,,,,,,,,,,,,,0xFF01FE,2,0,0,0,1,
11279,3677,46,1124,42000,0,0,0,0,,,"Exalté auprès des Saccage-soleil",,,,,,,,,,,,,,0xFF01FE,2,0,0,0,1,
11320,3696,27,13725,1,0,0,0,0,,,"",,,,,,,,,,,,,,0xFFF7FF,2,0,0,0,1,
11358,3736,29,67056,1,0,0,0,0,,,"",,,,,,,,,,,,,,0xFFF7FF,2,0,0,0,1,
11398,3756,36,46171,1,0,0,0,0,,,"Wyrm de givre du gladiateur furieux",,,,,,,,,,,,,,0xFF01FE,2,0,0,0,1,
11400,3757,36,47840,1,0,0,0,0,,,"",,,,,,,,,,,,,,0xFF01FE,2,0,0,0,1,
11402,3758,74,0,1,0,0,0,0,,,"",,,,,,,,,,,,,,0xFFF7FF,2,0,0,0,1,
11418,3776,1,628,1,0,0,0,0,,,"Victoire sur l'île des Conquérants",,,,,,,,,,,,,,0xFF01FE,2,0,0,0,1,
11419,3777,1,628,100,0,0,0,0,,,"Obtenir 100 victoires à l'île des Conquérants",,,,,,,,,,,,,,0xFF01FE,1,0,0,0,1,
11420,3778,28,68572,1,0,0,0,0,,,"Maréchal Jacob Alerius",,,,,,,,,,,,,,0xFF01FE,0,0,0,0,1,
11478,3836,0,35013,1,0,0,0,0,,,"Koralon le Veilleur des flammes",,,,,,,,,,,,,,0xFF01FE,2,0,0,0,1,
11479,3837,0,35013,1,0,0,0,0,,,"Koralon le Veilleur des flammes",,,,,,,,,,,,,,0xFF01FE,2,0,0,0,1,
11492,3847,28,68363,1,0,0,0,0,,,"Lanceur de glaive",,,,,,,,,,,,,,0xFF01FE,0,0,0,0,1,
11497,3856,56,0,1,0,0,0,0,,,"Lanceur de glaive",,,,,,,,,,,,,,0xFF01FE,0,0,0,0,1,
11502,3857,8,3777,0,0,0,0,0,,,"Vétéran de l'île des Conquérants",,,,,,,,,,,,,,0xFF01FE,0,0,0,0,1,
11542,3812,0,34797,1,0,0,0,0,,,"Vaincre les bêtes du Norfendre",,,,,,,,,,,,,,0xFF01FE,0,0,0,0,1,
11618,3876,42,40752,1500,0,0,0,0,,,"Emblème d'héroïsme",,,,,,,,,,,,,,0xFF01FE,3,0,0,0,1,
11638,3896,34,67527,0,0,0,0,0,,,"",,,,,,,,,,,,,,0xFFF7FF,2,0,0,0,1,
11679,3916,0,34797,1,0,0,0,0,,,"Vaincre les bêtes du Norfendre",,,,,,,,,,,,,,0xFF01FE,0,0,0,0,1,
11684,3917,0,34797,1,0,0,0,0,,,"Vaincre les bêtes du Norfendre",,,,,,,,,,,,,,0xFF01FE,0,0,0,0,1,
11689,3918,0,34797,1,0,0,0,0,,,"Vaincre les bêtes du Norfendre",,,,,,,,,,,,,,0xFF01FE,0,0,0,0,1,
11749,3957,8,3777,0,0,0,0,0,,,"Vétéran de l'île des Conquérants",,,,,,,,,,,,,,0xFF01FE,0,0,0,0,1,
11778,3799,0,34497,1,0,0,0,0,,,"Les jumelles val'kyrs",,,,,,,,,,,,,,0xFF01FE,10,1,21853,180,1,
11779,3797,0,34797,1,0,0,0,0,,,"Glace-hurlante",,,,,,,,,,,,,,0xFF01FE,2,0,0,0,1,
11780,3813,0,34797,1,0,0,0,0,,,"Glace-hurlante",,,,,,,,,,,,,,0xFF01FE,2,0,0,0,1,
11789,3804,28,68663,1,0,0,0,0,,,"Explosion de goule",,,,,,,,,,,,,,0xFF01FE,2,0,0,0,1,
11799,3814,28,68620,1,0,0,0,0,,,"Champions de faction",,,,,,,,,,,,,,0xFF01FE,2,0,0,0,1,
11803,3798,28,68620,1,0,0,0,0,,,"Champions de faction",,,,,,,,,,,,,,0xFF01FE,2,0,0,0,1,
11818,3815,0,34497,1,0,0,0,0,,,"Les jumelles val'kyrs",,,,,,,,,,,,,,0xFF01FE,10,1,21853,180,1,
11838,3996,0,34780,1,0,0,0,0,,,"Seigneur Jaraxxus",,,,,,,,,,,,,,0xFF01FE,2,0,0,0,1,
11839,3997,0,34780,1,0,0,0,0,,,"Seigneur Jaraxxus",,,,,,,,,,,,,,0xFF01FE,2,0,0,0,1,
11858,3803,28,68197,1,0,0,0,0,,,"Vaincre Eadric avec son propre marteau",,,,,,,,,,,,,,0xFF01FE,2,0,0,0,1,
11863,3802,28,68206,1,0,0,0,0,,,"Lardeur",,,,,,,,,,,,,,0xFF01FE,0,0,0,0,1,
11882,4056,28,68517,1,0,0,0,0,,,"Tentative sur les bêtes",,,,,,,,,,,,,,0xFF01FE,2,0,0,0,1,
11902,4074,0,35013,1,0,0,0,0,,,"Koralon le Veilleur des flammes",,,,,,,,,,,,,,0xFF01FE,2,0,0,0,1,
11903,4075,0,35013,1,0,0,0,0,,,"Koralon le Veilleur des flammes",,,,,,,,,,,,,,0xFF01FE,2,0,0,0,1,
11958,4096,15,628,0,0,0,0,0,,,"Île des Conquérants",,,,,,,,,,,,,,0xFF01FE,0,0,0,0,1,
11959,4097,1,628,0,0,0,0,0,,,"Victoires sur l'île des Conquérants",,,,,,,,,,,,,,0xFF01FE,0,0,0,0,1,
12018,4016,28,68308,1,0,0,0,0,,,"Boucherie sans eau",,,,,,,,,,,,,,0xFF01FE,2,0,0,0,1,
12019,4017,28,68308,1,0,0,0,0,,,"Boucherie sans eau",,,,,,,,,,,,,,0xFF01FE,2,0,0,0,1,
12059,3845,28,68357,1,3,628,3,628,,,"Détruire un véhicule",,,,,,,,,,,,,,0xFF01FE,12,0,0,0,1,
12060,3846,1,628,1,0,0,0,0,,,"Victoire sur l'île des Conquérants",,,,,,,,,,,,,,0xFF01FE,2,0,0,0,1,
12061,4176,1,628,1,0,0,0,0,,,"Victoire sur l'île des Conquérants",,,,,,,,,,,,,,0xFF01FE,2,0,0,0,1,
12062,3851,1,628,1,3,628,3,628,,,"Victoire sur l'île des Conquérants",,,,,,,,,,,,,,0xFF01FE,2,0,0,0,1,
12064,4177,1,628,1,3,628,3,628,,,"Victoire sur l'île des Conquérants",,,,,,,,,,,,,,0xFF01FE,2,0,0,0,1,
12066,3848,29,68366,5,3,628,3,628,,,"Bombes utilisées sur les portes ennemies",,,,,,,,,,,,,,0xFF01FE,13,0,0,0,1,
12067,3849,29,68367,5,3,628,3,628,,,"Bombes utilisées sur les portes ennemies",,,,,,,,,,,,,,0xFF01FE,13,0,0,0,1,
12114,3850,28,68357,10,0,0,0,0,,,"Véhicules détruits",,,,,,,,,,,,,,0xFF01FE,1,0,0,0,1,
12116,3800,28,68186,40,0,0,0,0,,,"Scarabées d'essaim tués",,,,,,,,,,,,,,0xFF01FE,1,6,68186,30,1,
12132,3852,29,1843,25,0,0,0,0,,,"Bombes désarmées",,,,,,,,,,,,,,0xFF01FE,1,0,0,0,1,
12158,3853,31,4747,1,3,628,3,628,,,"Atelier",,,,,,,,,,,,,,0xFF01FE,4,0,0,0,1,
12163,3854,28,68502,1,0,0,0,0,,,"Cour",,,,,,,,,,,,,,0xFF01FE,2,0,0,0,1,
12178,4256,56,0,1,0,0,0,0,,,"Lanceur de glaive",,,,,,,,,,,,,,0xFF01FE,0,0,0,0,1,
12183,3855,35,0,10,0,0,1,0,,,"Personnages-joueurs tués",,,,,,,,,,,,,,0xFF01FE,1,0,0,0,1,
12198,3816,28,68515,40,0,0,0,0,,,"Scarabées d'essaim tués",,,,,,,,,,,,,,0xFF01FE,1,6,68515,30,1,
12199,4276,0,34797,1,0,0,0,0,,,"Vaincre les bêtes du Norfendre",,,,,,,,,,,,,,0xFF01FE,2,0,0,0,1,
12200,4277,0,34780,1,0,0,0,0,,,"Vaincre le seigneur Jaraxxus",,,,,,,,,,,,,,0xFF01FE,2,0,0,0,1,
12201,4278,28,68184,1,0,0,0,0,,,"Vaincre les champions de faction",,,,,,,,,,,,,,0xFF01FE,2,0,0,0,1,
12202,4279,0,34496,1,0,0,0,0,,,"Vaincre les jumelles val'kyrs",,,,,,,,,,,,,,0xFF01FE,2,0,0,0,1,
12203,4280,0,34660,1,0,0,0,0,,,"Achever l'épreuve du grand croisé",,,,,,,,,,,,,,0xFF01FE,2,0,0,0,1,
12204,4281,0,34797,1,0,0,0,0,,,"Vaincre les bêtes du Norfendre",,,,,,,,,,,,,,0xFF01FE,2,0,0,0,1,
12205,4282,0,34780,1,0,0,0,0,,,"Vaincre le seigneur Jaraxxus",,,,,,,,,,,,,,0xFF01FE,2,0,0,0,1,
12206,4283,28,68184,1,0,0,0,0,,,"Vaincre les champions de faction",,,,,,,,,,,,,,0xFF01FE,2,0,0,0,1,
12207,4284,0,34496,1,0,0,0,0,,,"Vaincre les jumelles val'kyrs",,,,,,,,,,,,,,0xFF01FE,2,0,0,0,1,
12208,4285,0,34660,1,0,0,0,0,,,"Achever l'épreuve du grand croisé",,,,,,,,,,,,,,0xFF01FE,2,0,0,0,1,
12209,4057,28,68517,1,0,0,0,0,,,"Tentative sur les bêtes",,,,,,,,,,,,,,0xFF01FE,2,0,0,0,1,
12210,4058,28,68517,1,0,0,0,0,,,"Tentative sur les bêtes",,,,,,,,,,,,,,0xFF01FE,2,0,0,0,1,
12211,4059,28,68517,1,0,0,0,0,,,"Tentative sur les bêtes",,,,,,,,,,,,,,0xFF01FE,2,0,0,0,1,
12212,4060,28,68518,1,0,0,0,0,,,"Tentative sur Jaxxarus",,,,,,,,,,,,,,0xFF01FE,2,0,0,0,1,
12213,4061,28,68518,1,0,0,0,0,,,"Tentative sur Jaxxarus",,,,,,,,,,,,,,0xFF01FE,2,0,0,0,1,
12214,4063,28,68518,1,0,0,0,0,,,"Tentative sur Jaxxarus",,,,,,,,,,,,,,0xFF01FE,2,0,0,0,1,
12215,4062,28,68518,1,0,0,0,0,,,"Tentative sur Jaxxarus",,,,,,,,,,,,,,0xFF01FE,2,0,0,0,1,
12216,4064,28,68519,1,0,0,0,0,,,"Tentative sur les champions de faction",,,,,,,,,,,,,,0xFF01FE,2,0,0,0,1,
12217,4065,28,68519,1,0,0,0,0,,,"Tentative sur les champions de faction",,,,,,,,,,,,,,0xFF01FE,2,0,0,0,1,
12218,4066,28,68519,1,0,0,0,0,,,"Tentative sur les champions de faction",,,,,,,,,,,,,,0xFF01FE,2,0,0,0,1,
12219,4067,28,68519,1,0,0,0,0,,,"Tentative sur les champions de faction",,,,,,,,,,,,,,0xFF01FE,2,0,0,0,1,
12220,4068,28,68520,1,0,0,0,0,,,"Tentative sur les jumelles val'kyrs",,,,,,,,,,,,,,0xFF01FE,2,0,0,0,1,
12221,4070,28,68520,1,0,0,0,0,,,"Tentative sur les jumelles val'kyrs",,,,,,,,,,,,,,0xFF01FE,2,0,0,0,1,
12222,4069,28,68520,1,0,0,0,0,,,"Tentative sur les jumelles val'kyrs",,,,,,,,,,,,,,0xFF01FE,2,0,0,0,1,
12223,4071,28,68520,1,0,0,0,0,,,"Tentative sur les jumelles val'kyrs",,,,,,,,,,,,,,0xFF01FE,2,0,0,0,1,
12224,4072,28,68521,1,0,0,0,0,,,"Tentative sur Anub'arak",,,,,,,,,,,,,,0xFF01FE,2,0,0,0,1,
12225,4073,28,68521,1,0,0,0,0,,,"Tentative sur Anub'arak",,,,,,,,,,,,,,0xFF01FE,2,0,0,0,1,
12226,4076,28,68521,1,0,0,0,0,,,"Tentative sur Anub'arak",,,,,,,,,,,,,,0xFF01FE,2,0,0,0,1,
12227,4077,28,68521,1,0,0,0,0,,,"Tentative sur Anub'arak",,,,,,,,,,,,,,0xFF01FE,2,0,0,0,1,
12228,4028,0,34797,1,0,0,0,0,,,"Vaincre les bêtes du Norfendre",,,,,,,,,,,,,,0xFF01FE,0,0,0,0,1,
12229,4030,0,34797,1,0,0,0,0,,,"Vaincre les bêtes du Norfendre",,,,,,,,,,,,,,0xFF01FE,0,0,0,0,1,
12230,4031,0,34797,1,0,0,0,0,,,"Vaincre les bêtes du Norfendre",,,,,,,,,,,,,,0xFF01FE,0,0,0,0,1,
12231,4029,0,34797,1,0,0,0,0,,,"Vaincre les bêtes du Norfendre",,,,,,,,,,,,,,0xFF01FE,0,0,0,0,1,
12232,4032,0,34780,1,0,0,0,0,,,"Vaincre le seigneur Jaraxxus",,,,,,,,,,,,,,0xFF01FE,0,0,0,0,1,
12233,4033,0,34780,1,0,0,0,0,,,"Vaincre le seigneur Jaraxxus",,,,,,,,,,,,,,0xFF01FE,0,0,0,0,1,
12234,4034,0,34780,1,0,0,0,0,,,"Vaincre le seigneur Jaraxxus",,,,,,,,,,,,,,0xFF01FE,0,0,0,0,1,
12235,4035,0,34780,1,0,0,0,0,,,"Vaincre le seigneur Jaraxxus",,,,,,,,,,,,,,0xFF01FE,0,0,0,0,1,
12236,4036,28,68184,1,0,0,0,0,,,"Vaincre les champions de faction",,,,,,,,,,,,,,0xFF01FE,0,0,0,0,1,
12237,4037,28,68184,1,0,0,0,0,,,"Vaincre les champions de faction",,,,,,,,,,,,,,0xFF01FE,0,0,0,0,1,
12238,4038,28,68184,1,0,0,0,0,,,"Vaincre les champions de faction",,,,,,,,,,,,,,0xFF01FE,0,0,0,0,1,
12239,4039,28,68184,1,0,0,0,0,,,"Vaincre les champions de faction",,,,,,,,,,,,,,0xFF01FE,0,0,0,0,1,
12240,4040,0,34496,1,0,0,0,0,,,"Vaincre les jumelles val'kyrs",,,,,,,,,,,,,,0xFF01FE,0,0,0,0,1,
12241,4041,0,34496,1,0,0,0,0,,,"Vaincre les jumelles val'kyrs",,,,,,,,,,,,,,0xFF01FE,0,0,0,0,1,
12242,4042,0,34496,1,0,0,0,0,,,"Vaincre les jumelles val'kyrs",,,,,,,,,,,,,,0xFF01FE,0,0,0,0,1,
12243,4043,0,34496,1,0,0,0,0,,,"Vaincre les jumelles val'kyrs",,,,,,,,,,,,,,0xFF01FE,0,0,0,0,1,
12244,4044,0,34564,1,0,0,0,0,,,"Achever l'épreuve du croisé",,,,,,,,,,,,,,0xFF01FE,0,0,0,0,1,
12245,4045,0,34564,1,0,0,0,0,,,"Achever l'épreuve du croisé",,,,,,,,,,,,,,0xFF01FE,0,0,0,0,1,
12246,4046,0,34564,1,0,0,0,0,,,"Achever l'épreuve du croisé",,,,,,,,,,,,,,0xFF01FE,0,0,0,0,1,
12247,4047,0,34564,1,0,0,0,0,,,"Achever l'épreuve du croisé",,,,,,,,,,,,,,0xFF01FE,0,0,0,0,1,
12278,3937,28,68523,1,0,0,0,0,,,"Tuer Gueule-d'acide et Écaille-d'effroi à moins de 10 secondes d'intervalle",,,,,,,,,,,,,,0xFF01FE,2,0,0,0,1,
12280,3936,28,68523,1,0,0,0,0,,,"Tuer Gueule-d'acide et Écaille-d'effroi à moins de 10 secondes d'intervalle",,,,,,,,,,,,,,0xFF01FE,2,0,0,0,1,
12302,4296,28,68572,1,0,0,0,0,,,"Mokra le Brise-tête",,,,,,,,,,,,,,0xFF01FE,0,0,0,0,1,
12310,4297,28,68572,1,0,0,0,0,,,"Maréchal Jacob Alerius",,,,,,,,,,,,,,0xFF01FE,0,0,0,0,1,
12318,4298,28,68572,1,0,0,0,0,,,"Mokra le Brise-tête",,,,,,,,,,,,,,0xFF01FE,0,0,0,0,1,
12338,3817,0,34564,1,0,0,0,0,,,"Achever l'épreuve du grand croisé",,,,,,,,,,,,,,0xFF01FE,2,0,0,0,1,
12341,3818,0,34564,1,0,0,0,0,,,"Achever l'épreuve du grand croisé",,,,,,,,,,,,,,0xFF01FE,2,0,0,0,1,
12343,3819,0,34564,1,0,0,0,0,,,"Achever l'épreuve du grand croisé",,,,,,,,,,,,,,0xFF01FE,2,0,0,0,1,
12344,3808,0,34564,1,0,0,0,0,,,"Achever l'épreuve du grand croisé",,,,,,,,,,,,,,0xFF01FE,2,0,0,0,1,
12347,3809,0,34564,1,0,0,0,0,,,"Achever l'épreuve du grand croisé",,,,,,,,,,,,,,0xFF01FE,2,0,0,0,1,
12349,3810,0,34564,1,0,0,0,0,,,"Achever l'épreuve du grand croisé",,,,,,,,,,,,,,0xFF01FE,2,0,0,0,1,
12350,4078,0,34564,1,0,0,0,0,,,"Achever l'épreuve du grand croisé",,,,,,,,,,,,,,0xFF01FE,0,0,0,0,1,
12358,4079,0,34564,1,0,0,0,0,,,"Achever l'épreuve du grand croisé",,,,,,,,,,,,,,0xFF01FE,0,0,0,0,1,
12359,4156,0,34564,1,0,0,0,0,,,"Achever l'épreuve du grand croisé",,,,,,,,,,,,,,0xFF01FE,0,0,0,0,1,
12360,4080,0,34564,1,0,0,0,0,,,"Achever l'épreuve du grand croisé",,,,,,,,,,,,,,0xFF01FE,2,0,0,0,1,
12398,1789,14,0,5,0,0,0,0,,,"Achever cinq quêtes journalières en ayant sorti son orphelin.",,,,,,,,,,,,,,0xFF01FE,1,0,0,0,1,
12418,4316,42,40752,2500,0,0,0,0,,,"Emblème d'héroïsme",,,,,,,,,,,,,,0xFF01FE,3,0,0,0,1,
12519,4376,28,68663,1,0,0,0,0,,,"Le Chevalier noir",,,,,,,,,,,,,,0xFF01FE,2,0,0,0,1,
12538,4054,28,68572,1,0,0,0,0,,,"Maréchal Jacob Alerius",,,,,,,,,,,,,,0xFF01FE,0,0,0,0,1,
12539,4055,28,68572,1,0,0,0,0,,,"Maréchal Jacob Alerius",,,,,,,,,,,,,,0xFF01FE,0,0,0,0,1,
12540,4018,28,68572,1,0,0,0,0,,,"Maréchal Jacob Alerius",,,,,,,,,,,,,,0xFF01FE,0,0,0,0,1,
12541,4019,28,68572,1,0,0,0,0,,,"Maréchal Jacob Alerius",,,,,,,,,,,,,,0xFF01FE,0,0,0,0,1,
12542,4048,28,68572,1,0,0,0,0,,,"Maréchal Jacob Alerius",,,,,,,,,,,,,,0xFF01FE,0,0,0,0,1,
12543,4049,28,68572,1,0,0,0,0,,,"Maréchal Jacob Alerius",,,,,,,,,,,,,,0xFF01FE,0,0,0,0,1,
12544,4050,28,68572,1,0,0,0,0,,,"Maréchal Jacob Alerius",,,,,,,,,,,,,,0xFF01FE,0,0,0,0,1,
12545,4051,28,68572,1,0,0,0,0,,,"Maréchal Jacob Alerius",,,,,,,,,,,,,,0xFF01FE,0,0,0,0,1,
12546,4052,28,68572,1,0,0,0,0,,,"Maréchal Jacob Alerius",,,,,,,,,,,,,,0xFF01FE,0,0,0,0,1,
12547,4053,28,68572,1,0,0,0,0,,,"Maréchal Jacob Alerius",,,,,,,,,,,,,,0xFF01FE,0,0,0,0,1,
12548,4022,28,68574,1,0,0,0,0,,,"Confesseur d'argent Paletress",,,,,,,,,,,,,,0xFF01FE,0,0,0,0,1,
12549,4023,28,68574,1,0,0,0,0,,,"Confesseur d'argent Paletress",,,,,,,,,,,,,,0xFF01FE,0,0,0,0,1,
12550,4024,28,68575,1,0,0,0,0,,,"Eadric le Pur",,,,,,,,,,,,,,0xFF01FE,0,0,0,0,1,
12551,4025,28,68575,1,0,0,0,0,,,"Eadric le Pur",,,,,,,,,,,,,,0xFF01FE,0,0,0,0,1,
12552,4026,28,68663,1,0,0,0,0,,,"Le Chevalier noir",,,,,,,,,,,,,,0xFF01FE,0,0,0,0,1,
12553,4027,28,68663,1,0,0,0,0,,,"Le Chevalier noir",,,,,,,,,,,,,,0xFF01FE,0,0,0,0,1,
12558,4396,0,10184,1,0,0,0,0,,,"Onyxia",,,,,,,,,,,,,,0xFF01FE,2,0,0,0,1,
12559,4397,0,10184,1,0,0,0,0,,,"Onyxia",,,,,,,,,,,,,,0xFF01FE,2,0,0,0,1,
12562,4400,74,0,1,0,0,0,0,,,"Connecté pendant l'évènement du 5e anniversaire",,,,,,,,,,,,,,0xFF01FE,2,0,0,0,1,
12564,4402,0,10184,1,0,0,0,0,,,"Onyxia",,,,,,,,,,,,,,0xFF01FE,10,1,6601,300,1,
12565,4403,0,10184,1,0,0,0,0,,,"Onyxia",,,,,,,,,,,,,,0xFF01FE,2,0,0,0,1,
12566,4404,0,10184,1,0,0,0,0,,,"Onyxia",,,,,,,,,,,,,,0xFF01FE,2,0,0,0,1,
12567,4405,0,10184,1,0,0,0,0,,,"Onyxia",,,,,,,,,,,,,,0xFF01FE,10,1,6601,300,1,
12568,4406,0,10184,1,0,0,0,0,,,"Onyxia",,,,,,,,,,,,,,0xFF01FE,2,0,0,0,1,
12569,4407,0,10184,1,0,0,0,0,,,"Onyxia",,,,,,,,,,,,,,0xFF01FE,2,0,0,0,1,
12618,4416,34,10697,0,0,0,0,0,,,"Jeune dragonnet cramoisi",,,,,,,,,,,,,,0xFF01FE,2,0,0,0,1,
12635,4417,34,17481,0,0,0,0,0,,,"Destrier de la mort de Vaillefendre",,,,,,,,,,,,,,0xFF01FE,2,0,0,0,1,
12662,4436,110,67531,1,0,0,0,0,,,"Cairne Sabot-de-sang",,,,,,,,,,,,,,0xFF01FE,0,0,0,0,1,
12665,4437,110,67531,1,0,0,0,0,,,"Grand Bricoleur Mekkanivelle",,,,,,,,,,,,,,0xFF01FE,0,0,0,0,1,
12678,4456,0,23980,1,0,0,0,0,,,"Ingvar le Pilleur",,,,,,,,,,,,,,0xFF01FE,0,0,0,0,1,
12698,4496,115,0,0,0,0,0,0,,,"",,,,,,,,,,,,,,0xFF01FC,2,0,0,0,1,
12738,4516,0,36497,1,0,0,0,0,,,"Bronjahm",,,,,,,,,,,,,,0xFF01FE,0,0,0,0,1,
12740,4517,0,36494,1,0,0,0,0,,,"Maître-forge Gargivre",,,,,,,,,,,,,,0xFF01FE,0,0,0,0,1,
12742,4518,0,38112,1,0,0,0,0,,,"Falric",,,,,,,,,,,,,,0xFF01FE,0,0,0,0,1,
12745,4519,0,36497,1,0,0,0,0,,,"Bronjahm",,,,,,,,,,,,,,0xFF01FE,0,0,0,0,1,
12747,4520,0,36494,1,0,0,0,0,,,"Maître-forge Gargivre",,,,,,,,,,,,,,0xFF01FE,0,0,0,0,1,
12750,4521,0,38112,1,0,0,0,0,,,"Falric",,,,,,,,,,,,,,0xFF01FE,0,0,0,0,1,
12752,4522,0,36497,1,0,0,0,0,,,"Bronjahm",,,,,,,,,,,,,,0xFF01FE,2,0,0,0,1,
12756,4526,28,72830,1,0,0,0,0,,,"Explosion de goule",,,,,,,,,,,,,,0xFF01FE,10,1,22615,360,1,
12757,4527,28,72706,1,0,0,0,0,,,"Sauver Valithria Marcherêve",,,,,,,,,,,,,,0xFF01FE,0,0,0,0,1,
12759,4528,0,36626,1,0,0,0,0,,,"Pulentraille",,,,,,,,,,,,,,0xFF01FE,0,0,0,0,1,
12762,4529,0,37970,1,0,0,0,0,,,"Vaincre le conseil des princes de sang",,,,,,,,,,,,,,0xFF01FE,0,0,0,0,1,
12764,4530,0,36597,1,0,0,0,0,,,"Le roi-liche",,,,,,,,,,,,,,0xFF01FE,0,0,0,0,1,
12765,4532,8,4531,0,0,0,0,0,,,"La prise de la citadelle",,,,,,,,,,,,,,0xFF01FE,0,0,0,0,1,
12770,4531,0,36612,1,0,0,0,0,,,"Seigneur Gargamoelle",,,,,,,,,,,,,,0xFF01FE,0,0,0,0,1,
12775,4534,0,36612,1,0,0,0,0,,,"Seigneur Gargamoelle tué",,,,,,,,,,,,,,0xFF01FE,2,0,0,0,1,
12776,4535,28,72827,1,0,0,0,0,,,"Dame Murmemort",,,,,,,,,,,,,,0xFF01FE,2,0,0,0,1,
12777,4536,28,72959,1,0,0,0,0,,,"Bataille des canonnières",,,,,,,,,,,,,,0xFF01FE,2,0,0,0,1,
12778,4537,28,72928,1,0,0,0,0,,,"Porte-mort",,,,,,,,,,,,,,0xFF01FE,2,0,0,0,1,
12780,4539,0,37955,1,0,0,0,0,,,"Vaincre la reine de sang Lana'thel sans avoir été un vampire",,,,,,,,,,,,,,0xFF01FE,0,0,0,0,1,
12798,4556,0,23980,1,0,0,0,0,,,"Ingvar le Pilleur",,,,,,,,,,,,,,0xFF01FE,0,0,0,0,1,
12818,4576,0,36597,1,0,0,0,0,,,"Le roi-liche",,,,,,,,,,,,,,0xFF01FE,2,0,0,0,1,
12822,4580,0,36853,1,0,0,0,0,,,"Sindragosa",,,,,,,,,,,,,,0xFF01FE,2,0,0,0,1,
12823,4581,0,36597,1,0,0,0,0,,,"Esprits vils",,,,,,,,,,,,,,0xFF01FE,2,0,0,0,1,
12825,4583,0,36597,1,0,0,0,0,,,"Le roi-liche",,,,,,,,,,,,,,0xFF01FE,0,0,0,0,1,
12826,4584,0,36597,1,0,0,0,0,,,"Le roi-liche",,,,,,,,,,,,,,0xFF01FE,0,0,0,0,1,
12827,4585,0,38433,1,0,0,0,0,,,"Toravon la Sentinelle de glace",,,,,,,,,,,,,,0xFF01FE,2,0,0,0,1,
12828,4586,0,38433,1,0,0,0,0,,,"Toravon la Sentinelle de glace",,,,,,,,,,,,,,0xFF01FE,2,0,0,0,1,
12838,1697,27,24610,1,0,0,0,0,,,"Un cadeau pour la grande prêtresse d'Elune",,,,,,,,,,,,,,0xFF01FE,0,0,0,0,1,
12842,1698,27,24612,1,0,0,0,0,,,"Un cadeau pour le chef de guerre",,,,,,,,,,,,,,0xFF01FE,0,0,0,0,1,
12846,260,29,69531,12,0,0,0,0,,,"",,,,,,,,,,,,,,0xFF01FC,1,0,0,0,1,
12902,4596,27,24795,0,0,0,0,0,,,"",,,,,,,,,,,,,,0xFF01FC,2,0,0,0,1,
12909,4597,0,36597,1,0,0,0,0,,,"Le roi-liche",,,,,,,,,,,,,,0xFF01FE,0,0,0,0,1,
12911,4598,46,1156,42000,0,0,0,0,,,"Exalté auprès du Verdict des cendres",,,,,,,,,,,,,,0xFF01FE,2,0,0,0,1,
12912,4599,74,0,1,0,0,0,0,,,"",,,,,,,,,,,,,,0xFF01FC,2,0,0,0,1,
12913,4600,36,50435,1,0,0,0,0,,,"",,,,,,,,,,,,,,0xFF01FC,2,0,0,0,1,
12945,4604,0,36612,1,0,0,0,0,,,"Seigneur Gargamoelle",,,,,,,,,,,,,,0xFF01FE,0,0,0,0,1,
12949,4605,0,36626,1,0,0,0,0,,,"Pulentraille",,,,,,,,,,,,,,0xFF01FE,0,0,0,0,1,
12952,4606,0,37970,1,0,0,0,0,,,"Vaincre le conseil des princes de sang",,,,,,,,,,,,,,0xFF01FE,0,0,0,0,1,
12954,4607,28,72706,1,0,0,0,0,,,"Sauver Valithria Marcherêve",,,,,,,,,,,,,,0xFF01FE,0,0,0,0,1,
12956,4608,8,4604,0,0,0,0,0,,,"La prise de la citadelle",,,,,,,,,,,,,,0xFF01FE,0,0,0,0,1,
12962,4610,0,36612,1,0,0,0,0,,,"Seigneur Gargamoelle tué",,,,,,,,,,,,,,0xFF01FE,2,0,0,0,1,
12966,4614,0,36627,1,0,0,0,0,,,"Trognepus",,,,,,,,,,,,,,0xFF01FE,2,0,0,0,1,
12967,4615,0,36626,1,0,0,0,0,,,"Pulentraille",,,,,,,,,,,,,,0xFF01FE,2,0,0,0,1,
12968,4616,0,36678,1,0,0,0,0,,,"Professeur Putricide",,,,,,,,,,,,,,0xFF01FE,2,0,0,0,1,
12969,4617,0,37970,1,0,0,0,0,,,"Prince Valanar",,,,,,,,,,,,,,0xFF01FE,2,0,0,0,1,
12971,4619,28,72706,1,0,0,0,0,,,"Valithria",,,,,,,,,,,,,,0xFF01FE,2,0,0,0,1,
12972,4620,0,36853,1,0,0,0,0,,,"Sindragosa",,,,,,,,,,,,,,0xFF01FE,2,0,0,0,1,
12975,4623,27,24549,1,0,0,0,0,,,"Deuillelombre",,,,,,,,,,,,,,0xFF01FE,2,0,0,0,1,
12976,4523,0,36502,1,0,0,0,0,,,"Dévoreur d'âmes",,,,,,,,,,,,,,0xFF01FE,2,0,0,0,1,
12977,4577,0,36626,1,0,0,0,0,,,"Pulentraille",,,,,,,,,,,,,,0xFF01FE,2,0,0,0,1,
12978,4579,28,72706,1,0,0,0,0,,,"Valithria",,,,,,,,,,,,,,0xFF01FE,2,0,0,0,1,
12984,4538,0,36627,1,0,0,0,0,,,"Trognepus",,,,,,,,,,,,,,0xFF01FE,2,0,0,0,1,
12987,4578,0,36678,1,0,0,0,0,,,"Professeur Putricide",,,,,,,,,,,,,,0xFF01FE,2,0,0,0,1,
12992,4624,0,36296,1,0,0,0,0,,,"",,,,,,,,,,,,,,0xFF01FC,2,0,0,0,1,
12993,4524,0,36494,1,0,0,0,0,,,"",,,,,,,,,,,,,,0xFF01FC,2,0,0,0,1,
12994,4525,28,72845,1,0,0,0,0,,,"",,,,,,,,,,,,,,0xFF01FC,2,0,0,0,1,
12997,4611,28,72827,1,0,0,0,0,,,"Dame Murmemort",,,,,,,,,,,,,,0xFF01FE,2,0,0,0,1,
13008,4625,34,72286,0,0,0,0,0,,,"",,,,,,,,,,,,,,0xFF01FC,2,0,0,0,1,
13009,4626,34,63796,0,0,0,0,0,,,"",,,,,,,,,,,,,,0xFF01FC,2,0,0,0,1,
13010,4627,34,71342,0,0,0,0,0,,,"",,,,,,,,,,,,,,0xFF01FC,2,0,0,0,1,
13012,4618,0,37955,1,0,0,0,0,,,"Vaincre la reine de sang Lana'thel sans avoir été un vampire",,,,,,,,,,,,,,0xFF01FE,0,0,0,0,1,
13029,4476,119,0,10,0,0,0,0,,,"",,,,,,,,,,,,,,0xFF01FC,1,0,0,0,1,
13030,4477,119,0,50,0,0,0,0,,,"",,,,,,,,,,,,,,0xFF01FC,1,0,0,0,1,
13031,4478,119,0,100,0,0,0,0,,,"",,,,,,,,,,,,,,0xFF01FC,1,0,0,0,1,
13033,4582,0,37970,1,0,0,0,0,,,"Prince Valanar",,,,,,,,,,,,,,0xFF01FE,2,0,0,0,1,
13036,4613,28,72928,1,0,0,0,0,,,"Porte-mort",,,,,,,,,,,,,,0xFF01FE,2,0,0,0,1,
13039,4628,0,36612,1,0,0,0,0,,,"Seigneur Gargamoelle",,,,,,,,,,,,,,0xFF01FE,0,0,0,0,1,
13043,4629,0,36626,1,0,0,0,0,,,"Pulentraille",,,,,,,,,,,,,,0xFF01FE,0,0,0,0,1,
13046,4630,0,37970,1,0,0,0,0,,,"Vaincre le conseil des princes de sang",,,,,,,,,,,,,,0xFF01FE,0,0,0,0,1,
13048,4631,28,72706,1,0,0,0,0,,,"Sauver Valithria Marcherêve",,,,,,,,,,,,,,0xFF01FE,0,0,0,0,1,
13050,4632,0,36612,1,0,0,0,0,,,"Seigneur Gargamoelle",,,,,,,,,,,,,,0xFF01FE,0,0,0,0,1,
13054,4633,0,36626,1,0,0,0,0,,,"Pulentraille",,,,,,,,,,,,,,0xFF01FE,0,0,0,0,1,
13057,4634,0,37970,1,0,0,0,0,,,"Vaincre le conseil des princes de sang",,,,,,,,,,,,,,0xFF01FE,0,0,0,0,1,
13059,4635,28,72706,1,0,0,0,0,,,"Sauver Valithria Marcherêve",,,,,,,,,,,,,,0xFF01FE,0,0,0,0,1,
13061,4636,8,4628,0,0,0,0,0,,,"La prise de la citadelle",,,,,,,,,,,,,,0xFF01FE,0,0,0,0,1,
13066,4637,8,4632,0,0,0,0,0,,,"La prise de la citadelle",,,,,,,,,,,,,,0xFF01FE,0,0,0,0,1,
13071,4602,8,4628,0,0,0,0,0,,,"La prise de la citadelle : mode héroïque (10 joueurs)",,,,,,,,,,,,,,0xFF01FE,0,0,0,0,1,
13075,4603,8,4632,0,0,0,0,0,,,"La prise de la citadelle : mode héroïque (25 joueurs)",,,,,,,,,,,,,,0xFF01FE,0,0,0,0,1,
13080,4612,28,72959,1,0,0,0,0,,,"Bataille des canonnières",,,,,,,,,,,,,,0xFF01FE,2,0,0,0,1,
13089,4639,0,36612,1,0,0,0,0,,,"Seigneur Gargamoelle",,,,,,,,,,,,,,0xFF01FE,0,0,0,0,1,
13090,4640,0,36612,1,0,0,0,0,,,"Seigneur Gargamoelle",,,,,,,,,,,,,,0xFF01FE,0,0,0,0,1,
13091,4642,0,36612,1,0,0,0,0,,,"Seigneur Gargamoelle",,,,,,,,,,,,,,0xFF01FE,0,0,0,0,1,
13092,4641,0,36612,1,0,0,0,0,,,"Seigneur Gargamoelle",,,,,,,,,,,,,,0xFF01FE,0,0,0,0,1,
13093,4643,0,36855,1,0,0,0,0,,,"Dame Murmemort",,,,,,,,,,,,,,0xFF01FE,0,0,0,0,1,
13094,4644,28,72959,1,0,0,0,0,,,"Obtenir la victoire lors de la bataille des canonnières",,,,,,,,,,,,,,0xFF01FE,0,0,0,0,1,
13095,4645,28,72928,1,0,0,0,0,,,"Le Porte-mort",,,,,,,,,,,,,,0xFF01FE,0,0,0,0,1,
13096,4646,0,36626,1,0,0,0,0,,,"Pulentraille",,,,,,,,,,,,,,0xFF01FE,0,0,0,0,1,
13097,4647,0,36627,1,0,0,0,0,,,"Trognepus",,,,,,,,,,,,,,0xFF01FE,0,0,0,0,1,
13098,4648,0,37970,1,0,0,0,0,,,"Vaincre le conseil des princes de sang",,,,,,,,,,,,,,0xFF01FE,0,0,0,0,1,
13099,4649,28,72706,1,0,0,0,0,,,"Sauver Valithria Marcherêve",,,,,,,,,,,,,,0xFF01FE,0,0,0,0,1,
13100,4650,0,36678,1,0,0,0,0,,,"Professeur Putricide",,,,,,,,,,,,,,0xFF01FE,0,0,0,0,1,
13101,4651,0,37955,1,0,0,0,0,,,"Vaincre la reine de sang Lana'thel",,,,,,,,,,,,,,0xFF01FE,0,0,0,0,1,
13102,4652,0,36853,1,0,0,0,0,,,"Sindragosa",,,,,,,,,,,,,,0xFF01FE,0,0,0,0,1,
13103,4653,0,36597,1,0,0,0,0,,,"Le roi-liche",,,,,,,,,,,,,,0xFF01FE,0,0,0,0,1,
13104,4654,0,36855,1,0,0,0,0,,,"Dame Murmemort",,,,,,,,,,,,,,0xFF01FE,0,0,0,0,1,
13105,4655,0,36855,1,0,0,0,0,,,"Dame Murmemort",,,,,,,,,,,,,,0xFF01FE,0,0,0,0,1,
13106,4656,0,36855,1,0,0,0,0,,,"Dame Murmemort",,,,,,,,,,,,,,0xFF01FE,0,0,0,0,1,
13107,4657,0,38433,1,0,0,0,0,,,"Toravon la Sentinelle de glace",,,,,,,,,,,,,,0xFF01FE,2,0,0,0,1,
13108,4658,0,38433,1,0,0,0,0,,,"Toravon la Sentinelle de glace",,,,,,,,,,,,,,0xFF01FE,2,0,0,0,1,
13109,4660,28,72959,1,0,0,0,0,,,"Obtenir la victoire lors de la bataille des canonnières",,,,,,,,,,,,,,0xFF01FE,0,0,0,0,1,
13110,4659,28,72959,1,0,0,0,0,,,"Obtenir la victoire lors de la bataille des canonnières",,,,,,,,,,,,,,0xFF01FE,0,0,0,0,1,
13111,4661,28,72959,1,0,0,0,0,,,"Obtenir la victoire lors de la bataille des canonnières",,,,,,,,,,,,,,0xFF01FE,0,0,0,0,1,
13112,4663,28,72928,1,0,0,0,0,,,"Le Porte-mort",,,,,,,,,,,,,,0xFF01FE,0,0,0,0,1,
13113,4662,28,72928,1,0,0,0,0,,,"Le Porte-mort",,,,,,,,,,,,,,0xFF01FE,0,0,0,0,1,
13114,4664,28,72928,1,0,0,0,0,,,"Le Porte-mort",,,,,,,,,,,,,,0xFF01FE,0,0,0,0,1,
13115,4666,0,36626,1,0,0,0,0,,,"Pulentraille",,,,,,,,,,,,,,0xFF01FE,0,0,0,0,1,
13116,4665,0,36626,1,0,0,0,0,,,"Pulentraille",,,,,,,,,,,,,,0xFF01FE,0,0,0,0,1,
13117,4667,0,36626,1,0,0,0,0,,,"Pulentraille",,,,,,,,,,,,,,0xFF01FE,0,0,0,0,1,
13118,4669,0,36627,1,0,0,0,0,,,"Trognepus",,,,,,,,,,,,,,0xFF01FE,0,0,0,0,1,
13119,4668,0,36627,1,0,0,0,0,,,"Trognepus",,,,,,,,,,,,,,0xFF01FE,0,0,0,0,1,
13120,4670,0,36627,1,0,0,0,0,,,"Trognepus",,,,,,,,,,,,,,0xFF01FE,0,0,0,0,1,
13121,4672,0,37970,1,0,0,0,0,,,"Vaincre le conseil des princes de sang",,,,,,,,,,,,,,0xFF01FE,0,0,0,0,1,
13122,4671,0,37970,1,0,0,0,0,,,"Vaincre le conseil des princes de sang",,,,,,,,,,,,,,0xFF01FE,0,0,0,0,1,
13123,4673,0,37970,1,0,0,0,0,,,"Vaincre le conseil des princes de sang",,,,,,,,,,,,,,0xFF01FE,0,0,0,0,1,
13124,4675,28,72706,1,0,0,0,0,,,"Sauver Valithria Marcherêve",,,,,,,,,,,,,,0xFF01FE,0,0,0,0,1,
13125,4674,28,72706,1,0,0,0,0,,,"Sauver Valithria Marcherêve",,,,,,,,,,,,,,0xFF01FE,0,0,0,0,1,
13126,4676,28,72706,1,0,0,0,0,,,"Sauver Valithria Marcherêve",,,,,,,,,,,,,,0xFF01FE,0,0,0,0,1,
13127,4678,0,36678,1,0,0,0,0,,,"Professeur Putricide",,,,,,,,,,,,,,0xFF01FE,0,0,0,0,1,
13128,4677,0,36678,1,0,0,0,0,,,"Professeur Putricide",,,,,,,,,,,,,,0xFF01FE,0,0,0,0,1,
13129,4679,0,36678,1,0,0,0,0,,,"Professeur Putricide",,,,,,,,,,,,,,0xFF01FE,0,0,0,0,1,
13130,4681,0,37955,1,0,0,0,0,,,"Vaincre la reine de sang Lana'thel",,,,,,,,,,,,,,0xFF01FE,0,0,0,0,1,
13131,4680,0,37955,1,0,0,0,0,,,"Vaincre la reine de sang Lana'thel",,,,,,,,,,,,,,0xFF01FE,0,0,0,0,1,
13132,4682,0,37955,1,0,0,0,0,,,"Vaincre la reine de sang Lana'thel",,,,,,,,,,,,,,0xFF01FE,0,0,0,0,1,
13133,4683,0,36853,1,0,0,0,0,,,"Sindragosa",,,,,,,,,,,,,,0xFF01FE,0,0,0,0,1,
13134,4684,0,36853,1,0,0,0,0,,,"Sindragosa",,,,,,,,,,,,,,0xFF01FE,0,0,0,0,1,
13135,4685,0,36853,1,0,0,0,0,,,"Sindragosa",,,,,,,,,,,,,,0xFF01FE,0,0,0,0,1,
13136,4687,0,36597,1,0,0,0,0,,,"Le roi-liche",,,,,,,,,,,,,,0xFF01FE,0,0,0,0,1,
13137,4686,0,36597,1,0,0,0,0,,,"Le roi-liche",,,,,,,,,,,,,,0xFF01FE,0,0,0,0,1,
13138,4688,0,36597,1,0,0,0,0,,,"Le roi-liche",,,,,,,,,,,,,,0xFF01FE,0,0,0,0,1,
13139,4689,28,73045,1,0,0,0,0,,,"Gargamoelle",,,,,,,,,,,,,,0xFF01FE,2,0,0,0,1,
13140,4690,28,73045,1,0,0,0,0,,,"Gargamoelle",,,,,,,,,,,,,,0xFF01FE,2,0,0,0,1,
13141,4691,28,73047,1,0,0,0,0,,,"Murmemort",,,,,,,,,,,,,,0xFF01FE,2,0,0,0,1,
13142,4692,28,73047,1,0,0,0,0,,,"Murmemort",,,,,,,,,,,,,,0xFF01FE,2,0,0,0,1,
13143,4693,28,73048,1,0,0,0,0,,,"Canonnière",,,,,,,,,,,,,,0xFF01FE,2,0,0,0,1,
13144,4694,28,73048,1,0,0,0,0,,,"Canonnière",,,,,,,,,,,,,,0xFF01FE,2,0,0,0,1,
13145,4695,28,73049,1,0,0,0,0,,,"Porte-mort",,,,,,,,,,,,,,0xFF01FE,2,0,0,0,1,
13146,4696,28,73049,1,0,0,0,0,,,"Porte-mort",,,,,,,,,,,,,,0xFF01FE,2,0,0,0,1,
13147,4697,28,73050,1,0,0,0,0,,,"Pulentraille",,,,,,,,,,,,,,0xFF01FE,2,0,0,0,1,
13148,4698,28,73050,1,0,0,0,0,,,"Pulentraille",,,,,,,,,,,,,,0xFF01FE,2,0,0,0,1,
13149,4699,28,73051,1,0,0,0,0,,,"Trognepus",,,,,,,,,,,,,,0xFF01FE,2,0,0,0,1,
13150,4700,28,73051,1,0,0,0,0,,,"Trognepus",,,,,,,,,,,,,,0xFF01FE,2,0,0,0,1,
13151,4701,28,73052,1,0,0,0,0,,,"Princes de sang",,,,,,,,,,,,,,0xFF01FE,2,0,0,0,1,
13152,4702,28,73052,1,0,0,0,0,,,"Princes de sang",,,,,,,,,,,,,,0xFF01FE,2,0,0,0,1,
13153,4703,28,73053,1,0,0,0,0,,,"Valithria",,,,,,,,,,,,,,0xFF01FE,2,0,0,0,1,
13154,4704,28,73053,1,0,0,0,0,,,"Valithria",,,,,,,,,,,,,,0xFF01FE,2,0,0,0,1,
13155,4705,28,73054,1,0,0,0,0,,,"Putricide",,,,,,,,,,,,,,0xFF01FE,2,0,0,0,1,
13156,4706,28,73054,1,0,0,0,0,,,"Putricide",,,,,,,,,,,,,,0xFF01FE,2,0,0,0,1,
13157,4707,28,73055,1,0,0,0,0,,,"Reine de sang",,,,,,,,,,,,,,0xFF01FE,2,0,0,0,1,
13158,4708,28,73055,1,0,0,0,0,,,"Reine de sang",,,,,,,,,,,,,,0xFF01FE,2,0,0,0,1,
13159,4709,28,73056,1,0,0,0,0,,,"Sindragosa",,,,,,,,,,,,,,0xFF01FE,2,0,0,0,1,
13160,4712,28,73056,1,0,0,0,0,,,"Sindragosa",,,,,,,,,,,,,,0xFF01FE,2,0,0,0,1,
13161,4710,28,73057,1,0,0,0,0,,,"Roi-liche",,,,,,,,,,,,,,0xFF01FE,2,0,0,0,1,
13162,4711,28,73057,1,0,0,0,0,,,"Roi-liche",,,,,,,,,,,,,,0xFF01FE,2,0,0,0,1,
13166,4713,0,36497,1,0,0,0,0,,,"Bronjahm",,,,,,,,,,,,,,0xFF01FE,0,0,0,0,1,
13167,4714,0,36497,1,0,0,0,0,,,"Bronjahm",,,,,,,,,,,,,,0xFF01FE,0,0,0,0,1,
13168,4716,0,36502,1,0,0,0,0,,,"Dévoreur d'âmes",,,,,,,,,,,,,,0xFF01FE,0,0,0,0,1,
13169,4715,0,36502,1,0,0,0,0,,,"Dévoreur d'âmes",,,,,,,,,,,,,,0xFF01FE,0,0,0,0,1,
13170,4717,0,36494,1,0,0,0,0,,,"Maître-forge Gargivre",,,,,,,,,,,,,,0xFF01FE,0,0,0,0,1,
13172,4718,0,36476,1,0,0,0,0,,,"Ick et Krick",,,,,,,,,,,,,,0xFF01FE,0,0,0,0,1,
13173,4719,0,36476,1,0,0,0,0,,,"Ick et Krick",,,,,,,,,,,,,,0xFF01FE,0,0,0,0,1,
13174,4720,0,36658,1,0,0,0,0,,,"Seigneur du Fléau Tyrannus et Frigecroc",,,,,,,,,,,,,,0xFF01FE,0,0,0,0,1,
13175,4721,0,36658,1,0,0,0,0,,,"Seigneur du Fléau Tyrannus et Frigecroc",,,,,,,,,,,,,,0xFF01FE,0,0,0,0,1,
13176,4722,0,38112,1,0,0,0,0,,,"Falric",,,,,,,,,,,,,,0xFF01FE,0,0,0,0,1,
13177,4723,0,38112,1,0,0,0,0,,,"Falric",,,,,,,,,,,,,,0xFF01FE,0,0,0,0,1,
13178,4724,0,38113,1,0,0,0,0,,,"Marwyn",,,,,,,,,,,,,,0xFF01FE,0,0,0,0,1,
13179,4725,0,38113,1,0,0,0,0,,,"Marwyn",,,,,,,,,,,,,,0xFF01FE,0,0,0,0,1,
13180,4726,28,72830,1,0,0,0,0,,,"Survivre à la rencontre avec le roi-liche",,,,,,,,,,,,,,0xFF01FE,0,0,0,0,1,
13181,4727,28,72830,1,0,0,0,0,,,"Survivre à la rencontre avec le roi-liche",,,,,,,,,,,,,,0xFF01FE,0,0,0,0,1,
13182,4728,0,36494,1,0,0,0,0,,,"Maître-forge Gargivre",,,,,,,,,,,,,,0xFF01FE,0,0,0,0,1,
13183,4729,36,47241,0,0,0,0,0,,,"Emblèmes de triomphe obtenus",,,,,,,,,,,,,,0xFF01FE,0,0,0,0,1,
13184,4730,36,49426,0,0,0,0,0,,,"Emblèmes de givre obtenus",,,,,,,,,,,,,,0xFF01FE,0,0,0,0,1,
13185,4731,0,36612,1,0,0,0,0,,,"Seigneur Gargamoelle",,,,,,,,,,,,,,0xFF01FE,2,0,0,0,1,
13186,4732,0,36855,1,0,0,0,0,,,"Dame Murmemort",,,,,,,,,,,,,,0xFF01FE,2,0,0,0,1,
13187,4733,28,72959,1,0,0,0,0,,,"Obtenir la victoire lors de la bataille des canonnières",,,,,,,,,,,,,,0xFF01FE,2,0,0,0,1,
13188,4734,28,72928,1,0,0,0,0,,,"Le Porte-mort",,,,,,,,,,,,,,0xFF01FE,2,0,0,0,1,
13189,4735,0,36626,1,0,0,0,0,,,"Pulentraille",,,,,,,,,,,,,,0xFF01FE,2,0,0,0,1,
13190,4736,0,36627,1,0,0,0,0,,,"Trognepus",,,,,,,,,,,,,,0xFF01FE,2,0,0,0,1,
13191,4737,0,36678,1,0,0,0,0,,,"Professeur Putricide",,,,,,,,,,,,,,0xFF01FE,2,0,0,0,1,
13192,4738,0,37970,1,0,0,0,0,,,"Vaincre le conseil des princes de sang",,,,,,,,,,,,,,0xFF01FE,2,0,0,0,1,
13193,4739,0,37955,1,0,0,0,0,,,"Vaincre la reine de sang Lana'thel",,,,,,,,,,,,,,0xFF01FE,2,0,0,0,1,
13194,4740,28,72706,1,0,0,0,0,,,"Sauver Valithria Marcherêve",,,,,,,,,,,,,,0xFF01FE,2,0,0,0,1,
13195,4741,0,36853,1,0,0,0,0,,,"Sindragosa",,,,,,,,,,,,,,0xFF01FE,2,0,0,0,1,
13196,4742,0,36612,1,0,0,0,0,,,"Seigneur Gargamoelle",,,,,,,,,,,,,,0xFF01FE,2,0,0,0,1,
13197,4743,0,36855,1,0,0,0,0,,,"Dame Murmemort",,,,,,,,,,,,,,0xFF01FE,2,0,0,0,1,
13198,4744,28,72959,1,0,0,0,0,,,"Obtenir la victoire lors de la bataille des canonnières",,,,,,,,,,,,,,0xFF01FE,2,0,0,0,1,
13199,4745,28,72928,1,0,0,0,0,,,"Le Porte-mort",,,,,,,,,,,,,,0xFF01FE,2,0,0,0,1,
13200,4746,0,36626,1,0,0,0,0,,,"Pulentraille",,,,,,,,,,,,,,0xFF01FE,2,0,0,0,1,
13201,4747,0,36627,1,0,0,0,0,,,"Trognepus",,,,,,,,,,,,,,0xFF01FE,2,0,0,0,1,
13202,4748,0,36678,1,0,0,0,0,,,"Professeur Putricide",,,,,,,,,,,,,,0xFF01FE,2,0,0,0,1,
13203,4749,0,37970,1,0,0,0,0,,,"Vaincre le conseil des princes de sang",,,,,,,,,,,,,,0xFF01FE,2,0,0,0,1,
13204,4750,0,37955,1,0,0,0,0,,,"Vaincre la reine de sang Lana'thel",,,,,,,,,,,,,,0xFF01FE,2,0,0,0,1,
13205,4751,28,72706,1,0,0,0,0,,,"Sauver Valithria Marcherêve",,,,,,,,,,,,,,0xFF01FE,2,0,0,0,1,
13206,4752,0,36853,1,0,0,0,0,,,"Sindragosa",,,,,,,,,,,,,,0xFF01FE,2,0,0,0,1,
13207,4753,28,73045,1,0,0,0,0,,,"Gargamoelle",,,,,,,,,,,,,,0xFF01FE,2,0,0,0,1,
13208,4754,28,73045,1,0,0,0,0,,,"Gargamoelle",,,,,,,,,,,,,,0xFF01FE,2,0,0,0,1,
13209,4755,28,73047,1,0,0,0,0,,,"Murmemort",,,,,,,,,,,,,,0xFF01FE,2,0,0,0,1,
13210,4756,28,73047,1,0,0,0,0,,,"Murmemort",,,,,,,,,,,,,,0xFF01FE,2,0,0,0,1,
13211,4757,28,73048,1,0,0,0,0,,,"Canonnière",,,,,,,,,,,,,,0xFF01FE,2,0,0,0,1,
13212,4758,28,73048,1,0,0,0,0,,,"Canonnière",,,,,,,,,,,,,,0xFF01FE,2,0,0,0,1,
13213,4759,28,73049,1,0,0,0,0,,,"Porte-mort",,,,,,,,,,,,,,0xFF01FE,2,0,0,0,1,
13214,4760,28,73049,1,0,0,0,0,,,"Porte-mort",,,,,,,,,,,,,,0xFF01FE,2,0,0,0,1,
13215,4761,28,73050,1,0,0,0,0,,,"Pulentraille",,,,,,,,,,,,,,0xFF01FE,2,0,0,0,1,
13216,4762,28,73050,1,0,0,0,0,,,"Pulentraille",,,,,,,,,,,,,,0xFF01FE,2,0,0,0,1,
13217,4763,28,73051,1,0,0,0,0,,,"Trognepus",,,,,,,,,,,,,,0xFF01FE,2,0,0,0,1,
13218,4764,28,73051,1,0,0,0,0,,,"Trognepus",,,,,,,,,,,,,,0xFF01FE,2,0,0,0,1,
13219,4765,28,73052,1,0,0,0,0,,,"Princes de sang",,,,,,,,,,,,,,0xFF01FE,2,0,0,0,1,
13220,4766,28,73052,1,0,0,0,0,,,"Princes de sang",,,,,,,,,,,,,,0xFF01FE,2,0,0,0,1,
13221,4767,28,73053,1,0,0,0,0,,,"Valithria",,,,,,,,,,,,,,0xFF01FE,2,0,0,0,1,
13222,4768,28,73053,1,0,0,0,0,,,"Valithria",,,,,,,,,,,,,,0xFF01FE,2,0,0,0,1,
13223,4769,28,73054,1,0,0,0,0,,,"Putricide",,,,,,,,,,,,,,0xFF01FE,2,0,0,0,1,
13224,4770,28,73054,1,0,0,0,0,,,"Putricide",,,,,,,,,,,,,,0xFF01FE,2,0,0,0,1,
13225,4771,28,73055,1,0,0,0,0,,,"Reine de sang",,,,,,,,,,,,,,0xFF01FE,2,0,0,0,1,
13226,4772,28,73055,1,0,0,0,0,,,"Reine de sang",,,,,,,,,,,,,,0xFF01FE,2,0,0,0,1,
13227,4773,28,73056,1,0,0,0,0,,,"Sindragosa",,,,,,,,,,,,,,0xFF01FE,2,0,0,0,1,
13228,4774,28,73056,1,0,0,0,0,,,"Sindragosa",,,,,,,,,,,,,,0xFF01FE,2,0,0,0,1,
13229,4775,28,73057,1,0,0,0,0,,,"Roi-liche",,,,,,,,,,,,,,0xFF01FE,2,0,0,0,1,
13230,4776,28,73057,1,0,0,0,0,,,"Roi-liche",,,,,,,,,,,,,,0xFF01FE,2,0,0,0,1,
13243,4622,0,36597,1,0,0,0,0,,,"Esprits vils",,,,,,,,,,,,,,0xFF01FE,2,0,0,0,1,
13244,4621,0,36597,1,0,0,0,0,,,"Laisser la Peste nécrotique s'empiler 30 fois avant de vaincre le roi-liche à 25 joueurs.",,,,,,,,,,,,,,0xFF01FE,2,0,0,0,1,
13246,4601,0,36597,1,0,0,0,0,,,"Laisser la Peste nécrotique s'empiler 30 fois avant de vaincre le roi-liche à 10 joueurs.",,,,,,,,,,,,,,0xFF01FE,2,0,0,0,1,
13253,588,113,0,0,0,0,0,0,,,"Victoires honorables",,,,,,,,,,,,,,0xFF01FE,0,0,0,0,1,
13255,4777,56,0,0,0,0,0,0,,,"Coups fatals sur l'île des Conquérants",,,,,,,,,,,,,,0xFF01FE,0,0,0,0,1,
13258,4778,117,0,0,0,0,0,0,,,"Jets de désenchantement sur du butin",,,,,,,,,,,,,,0xFF01FE,0,0,0,0,1,
13261,4779,35,0,0,0,0,0,0,,,"Victoires honorables à l'Île des Conquérants",,,,,,,,,,,,,,0xFF01FE,0,0,0,0,1,
13306,4780,16,649,0,0,0,0,0,,,"Morts à l'épreuve du croisé",,,,,,,,,,,,,,0xFF01FE,0,0,0,0,1,
13307,4781,16,631,0,0,0,0,0,,,"Morts dans la citadelle de la Couronne de glace",,,,,,,,,,,,,,0xFF01FE,0,0,0,0,1,
13372,4782,36,37892,1,0,0,0,0,,,"Bock de la fête des Brasseurs vert",,,,,,,,,,,,,,0xFF01FE,2,0,0,0,1,
13379,4784,36,40752,1,0,0,0,0,,,"",,,,,,,,,,,,,,0xFF01FC,2,0,0,0,1,
13384,4785,36,40752,1,0,0,0,0,,,"",,,,,,,,,,,,,,0xFF01FC,2,0,0,0,1,
13389,4786,27,25393,1,0,0,0,0,,,"",,,,,,,,,,,,,,0xFF01FC,2,0,0,0,1,
13395,4788,46,932,42000,0,0,0,0,,,"",,,,,,,,,,,,,,0xFF01FC,0,0,0,0,1,
13409,4789,46,934,42000,0,0,0,0,,,"",,,,,,,,,,,,,,0xFF01FC,0,0,0,0,1,
13421,4790,27,25445,1,0,0,0,0,,,"",,,,,,,,,,,,,,0xFF01FC,2,0,0,0,1,
13422,4791,118,0,0,0,0,0,0,,,"",,,,,,,,,,,,,,0xFF01FC,0,0,0,0,1,
13423,4792,121,0,0,0,0,0,0,,,"",,,,,,,,,,,,,,0xFF01FC,0,0,0,0,1,
13424,4793,123,0,0,0,0,0,0,,,"",,,,,,,,,,,,,,0xFF01FC,0,0,0,0,1,
13425,4794,120,0,0,0,0,0,0,,,"",,,,,,,,,,,,,,0xFF01FC,0,0,0,0,1,
13426,4795,122,0,0,0,0,0,0,,,"",,,,,,,,,,,,,,0xFF01FC,0,0,0,0,1,
13427,1205,8,4788,1,0,0,0,0,,,"Exalté auprès de l'Aldor",,,,,,,,,,,,,,0xFF01FE,2,0,0,0,1,
13451,4815,0,39863,1,0,0,0,0,,,"Halion",,,,,,,,,,,,,,0xFF01FE,2,0,0,0,1,
13452,4816,0,39863,1,0,0,0,0,,,"Halion",,,,,,,,,,,,,,0xFF01FE,2,0,0,0,1,
13453,4817,0,39863,1,0,0,0,0,,,"Halion",,,,,,,,,,,,,,0xFF01FE,2,0,0,0,1,
13454,4818,0,39863,1,0,0,0,0,,,"Halion",,,,,,,,,,,,,,0xFF01FE,2,0,0,0,1,
13465,4820,0,39863,1,0,0,0,0,,,"Halion",,,,,,,,,,,,,,0xFF01FE,2,0,0,0,1,
13466,4821,0,39863,1,0,0,0,0,,,"Halion",,,,,,,,,,,,,,0xFF01FE,2,0,0,0,1,
13467,4823,0,39863,1,0,0,0,0,,,"Halion",,,,,,,,,,,,,,0xFF01FE,2,0,0,0,1,
13468,4822,0,39863,1,0,0,0,0,,,"Halion",,,,,,,,,,,,,,0xFF01FE,2,0,0,0,1,
13469,4824,36,56806,1,0,0,0,0,,,"",,,,,,,,,,,,,,0xFF01FC,2,0,0,0,1,
84,41,8,35,1,0,0,0,0,,,"La puissance de la Désolation des dragons",,,,,,,,,,,,,,0xFF01FE,0,0,0,0,2,
95,46,8,43,1,0,0,0,0,,,"Kalimdor",,,,,,,,,,,,,,0xFF01FE,0,0,0,0,2,
151,115,26,3,0,0,0,0,0,,,"Morts par le feu ou la lave",,,,,,,,,,,,,,0xFF01FE,0,0,0,0,2,
170,321,18,10,0,0,0,0,0,,,"Instances à 10",,,,,,,,,,,,,,0xFF01FE,0,0,0,0,2,
190,477,0,24200,1,0,0,0,0,,,"Skarvald le Constructeur",,,,,,,,,,,,,,0xFF01FE,0,0,0,0,2,
196,478,0,26763,1,0,0,0,0,,,"Anomalus",,,,,,,,,,,,,,0xFF01FE,0,0,0,0,2,
200,482,0,26631,1,0,0,0,0,,,"Novos l'Invocateur",,,,,,,,,,,,,,0xFF01FE,0,0,0,0,2,
205,487,0,27655,1,0,0,0,0,,,"Seigneur-mage Urom",,,,,,,,,,,,,,0xFF01FE,0,0,0,0,2,
207,488,0,26668,1,0,0,0,0,,,"Svala Tristetombe",,,,,,,,,,,,,,0xFF01FE,0,0,0,0,2,
213,479,0,26532,1,0,0,0,0,,,"Chronoseigneur Epoque",,,,,,,,,,,,,,0xFF01FE,0,0,0,0,2,
220,486,0,28546,1,0,0,0,0,,,"Ionar",,,,,,,,,,,,,,0xFF01FE,0,0,0,0,2,
227,230,8,1169,0,0,0,0,0,,,"Maîtrise du bassin d'Arathi",,,,,,,,,,,,,,0xFF01FE,0,0,0,0,2,
286,547,27,12500,1,0,0,0,0,,,"Retour à Angrathar - Horde",,,,,,,,,,,,,,0xFF01FE,2,0,0,0,2,
326,426,36,32837,1,0,0,0,0,,,"Glaive de guerre d'Azzinoth (main droite)",,,,,,,,,,,,,,0xFF01FE,2,0,0,0,2,
352,562,0,15953,1,0,0,0,0,,,"Grande veuve Faerlina",,,,,,,,,,,,,,0xFF01FE,0,0,0,0,2,
358,564,0,15931,1,0,0,0,0,,,"Grobbulus",,,,,,,,,,,,,,0xFF01FE,0,0,0,0,2,
366,566,0,15936,1,0,0,0,0,,,"Heigan l'Impur",,,,,,,,,,,,,,0xFF01FE,0,0,0,0,2,
373,568,0,16060,1,0,0,0,0,,,"Gothik le Moissonneur",,,,,,,,,,,,,,0xFF01FE,0,0,0,0,2,
384,576,8,564,0,0,0,0,0,,,"Le quartier des Assemblages",,,,,,,,,,,,,,0xFF01FE,0,0,0,0,2,
390,577,8,565,0,0,0,0,0,,,"Le quartier des Assemblages",,,,,,,,,,,,,,0xFF01FE,0,0,0,0,2,
422,582,30,65,1,3,30,3,30,,,"Défendre un cimetière",,,,,,,,,,,,,,0xFF01FE,12,0,0,0,2,
427,583,30,123,2,3,529,3,529,,,"Défendre 2 bases",,,,,,,,,,,,,,0xFF01FE,12,0,0,0,2,
432,584,31,3420,5,3,529,3,529,,,"Tuer 5 personnages dans la ferme",,,,,,,,,,,,,,0xFF01FE,12,0,0,0,2,
442,587,31,3871,5,3,566,3,566,,,"Tuer 5 personnages aux Ruines draeneï",,,,,,,,,,,,,,0xFF01FE,12,0,0,0,2,
479,273,27,8746,1,0,0,0,0,,,"Metzen sauvé",,,,,,,,,,,,,,0xFF01FE,2,0,0,0,2,
485,614,8,611,0,0,0,0,0,,,"Un Sabot-de-sang saignant",,,,,,,,,,,,,,0xFF01FE,0,0,0,0,2,
493,619,8,616,0,0,0,0,0,,,"Mort au roi !",,,,,,,,,,,,,,0xFF01FE,0,0,0,0,2,
497,626,36,21544,1,0,0,0,0,,,"Habit de fête bleu",,,,,,,,,,,,,,0xFF01FE,2,0,0,0,2,
503,627,43,116,1,0,0,0,0,,,"Vallée de la bise",,,,,,,,,,,,,,0xFF01FE,0,0,0,0,2,
535,637,0,6487,1,0,0,0,0,,,"Arcaniste Doan",,,,,,,,,,,,,,0xFF01FE,0,0,0,0,2,
546,644,0,11496,1,0,0,0,0,,,"Immol'thar",,,,,,,,,,,,,,0xFF01FE,0,0,0,0,2,
549,645,0,1853,1,0,0,0,0,,,"Sombre Maître Gandling",,,,,,,,,,,,,,0xFF01FE,0,0,0,0,2,
551,646,0,10440,1,0,0,0,0,,,"Baron Vaillefendre",,,,,,,,,,,,,,0xFF01FE,0,0,0,0,2,
609,699,32,559,1,0,0,0,0,,,"Arène de Nagrand",,,,,,,,,,,,,,0xFF01FE,0,0,0,0,2,
617,116,40,164,2,0,0,0,0,,,"Forge",,,,,,,,,,,,,,0xFF01FE,2,0,0,0,2,
646,714,8,710,0,0,0,0,0,,,"Profanateur",,,,,,,,,,,,,,0xFF01FE,0,0,0,0,2,
651,705,7,45,400,0,0,0,0,,,"Arcs",,,,,,,,,,,,,,0xFF01FE,0,0,0,0,2,
745,431,27,10985,1,0,0,0,0,,,"Une distraction pour Akama",,,,,,,,,,,,,,0xFF01FE,2,0,0,0,2,
748,425,27,9270,1,0,0,0,0,,,"Atiesh, grand bâton du Gardien",,,,,,,,,,,,,,0xFF01FE,2,0,0,0,2,
760,700,36,18853,1,0,0,0,0,,,"Insigne de la Horde",,,,,,,,,,,,,,0xFF01FE,2,0,0,0,2,
780,701,36,18864,1,0,0,0,0,,,"Insigne de l'Alliance",,,,,,,,,,,,,,0xFF01FE,2,0,0,0,2,
823,728,43,244,1,0,0,0,0,,,"Village de Sen'jin",,,,,,,,,,,,,,0xFF01FE,0,0,0,0,2,
846,730,8,135,0,0,0,0,0,,,"Grand maître secouriste",,,,,,,,,,,,,,0xFF01FE,0,0,0,0,2,
849,731,40,164,3,0,0,0,0,,,"Forge",,,,,,,,,,,,,,0xFF01FE,2,0,0,0,2,
860,732,40,164,4,0,0,0,0,,,"Forge",,,,,,,,,,,,,,0xFF01FE,2,0,0,0,2,
871,733,40,164,5,0,0,0,0,,,"Forge",,,,,,,,,,,,,,0xFF01FE,2,0,0,0,2,
882,734,40,164,6,0,0,0,0,,,"Forge",,,,,,,,,,,,,,0xFF01FE,2,0,0,0,2,
893,735,40,164,6,0,0,0,0,,,"Forge",,,,,,,,,,,,,,0xFF01FE,2,0,0,0,2,
904,736,43,184,1,0,0,0,0,,,"Rocher des crins-pâles",,,,,,,,,,,,,,0xFF01FE,0,0,0,0,2,
918,750,43,462,1,0,0,0,0,,,"La Videfange",,,,,,,,,,,,,,0xFF01FE,0,0,0,0,2,
945,760,43,442,1,0,0,0,0,,,"Dague de Corrahn",,,,,,,,,,,,,,0xFF01FE,0,0,0,0,2,
963,761,43,562,1,0,0,0,0,,,"Manoir de Nordclos",,,,,,,,,,,,,,0xFF01FE,0,0,0,0,2,
993,762,46,81,42000,0,0,0,0,,,"Exalté auprès des Pitons du Tonnerre",,,,,,,,,,,,,,0xFF01FE,0,0,0,0,2,
1007,763,46,942,42000,0,0,0,0,,,"Expédition cénarienne",,,,,,,,,,,,,,0xFF01FE,0,0,0,0,2,
1010,764,46,935,42000,0,0,0,0,,,"Les Sha'tar",,,,,,,,,,,,,,0xFF01FE,0,0,0,0,2,
1015,765,43,582,1,0,0,0,0,,,"Camp Boff",,,,,,,,,,,,,,0xFF01FE,0,0,0,0,2,
1029,766,43,822,1,0,0,0,0,,,"Armurerie de la garnison",,,,,,,,,,,,,,0xFF01FE,0,0,0,0,2,
1038,768,43,235,1,0,0,0,0,,,"Ferme des Solliden",,,,,,,,,,,,,,0xFF01FE,0,0,0,0,2,
1054,769,43,302,1,0,0,0,0,,,"Le Rivage rayonnant",,,,,,,,,,,,,,0xFF01FE,0,0,0,0,2,
1069,770,43,962,1,0,0,0,0,,,"Caer Darrow",,,,,,,,,,,,,,0xFF01FE,0,0,0,0,2,
1082,771,43,893,1,0,0,0,0,,,"La ferme des Marris",,,,,,,,,,,,,,0xFF01FE,0,0,0,0,2,
1104,772,43,402,1,0,0,0,0,,,"Moulin-de-Tarren",,,,,,,,,,,,,,0xFF01FE,0,0,0,0,2,
1116,773,43,602,1,0,0,0,0,,,"Ravin de Pestebrume",,,,,,,,,,,,,,0xFF01FE,0,0,0,0,2,
1130,774,43,722,1,0,0,0,0,,,"Le Chaudron",,,,,,,,,,,,,,0xFF01FE,0,0,0,0,2,
1137,775,43,782,1,0,0,0,0,,,"Veille de Morgan",,,,,,,,,,,,,,0xFF01FE,0,0,0,0,2,
1147,776,43,122,1,0,0,0,0,,,"Comté-de-l'or",,,,,,,,,,,,,,0xFF01FE,0,0,0,0,2,
1159,777,43,1061,1,0,0,0,0,,,"L'Etau",,,,,,,,,,,,,,0xFF01FE,0,0,0,0,2,
1162,778,43,422,1,0,0,0,0,,,"Ferme des Addle",,,,,,,,,,,,,,0xFF01FE,0,0,0,0,2,
1174,779,43,316,1,0,0,0,0,,,"Barrage de Formepierre",,,,,,,,,,,,,,0xFF01FE,0,0,0,0,2,
1188,780,43,363,1,0,0,0,0,,,"Lac placide",,,,,,,,,,,,,,0xFF01FE,0,0,0,0,2,
1197,781,43,524,1,0,0,0,0,,,"Expédition de Nesingwary",,,,,,,,,,,,,,0xFF01FE,0,0,0,0,2,
1224,782,43,542,1,0,0,0,0,,,"Vallée des brumes",,,,,,,,,,,,,,0xFF01FE,0,0,0,0,2,
1249,802,43,284,1,0,0,0,0,,,"Ferme des Saldean",,,,,,,,,,,,,,0xFF01FE,0,0,0,0,2,
1263,841,43,382,1,0,0,0,0,,,"Marais des eaux-noires",,,,,,,,,,,,,,0xFF01FE,0,0,0,0,2,
1277,42,8,760,1,0,0,0,0,,,"Montagnes d'Alterac",,,,,,,,,,,,,,0xFF01FE,0,0,0,0,2,
1300,842,43,84,1,0,0,0,0,,,"Creux de Ban'ethil",,,,,,,,,,,,,,0xFF01FE,0,0,0,0,2,
1311,843,43,1180,1,0,0,0,0,,,"Manaforge B'naar",,,,,,,,,,,,,,0xFF01FE,0,0,0,0,2,
1315,844,43,341,1,0,0,0,0,,,"Ruines de Mathystra",,,,,,,,,,,,,,0xFF01FE,0,0,0,0,2,
1324,845,43,742,1,0,0,0,0,,,"Lac Falathim",,,,,,,,,,,,,,0xFF01FE,0,0,0,0,2,
1342,846,43,686,1,0,0,0,0,,,"Cime de Noir-nuage",,,,,,,,,,,,,,0xFF01FE,0,0,0,0,2,
1351,847,43,930,1,0,0,0,0,,,"Poste Totem-sinistre",,,,,,,,,,,,,,0xFF01FE,0,0,0,0,2,
1362,850,43,662,1,0,0,0,0,,,"Colline des sorcières",,,,,,,,,,,,,,0xFF01FE,0,0,0,0,2,
1366,848,43,774,1,0,0,0,0,,,"Combe de Nijel",,,,,,,,,,,,,,0xFF01FE,0,0,0,0,2,
1395,849,43,997,1,0,0,0,0,,,"Étendues sauvages",,,,,,,,,,,,,,0xFF01FE,0,0,0,0,2,
1402,853,43,862,1,0,0,0,0,,,"Clairière de Griffebranche",,,,,,,,,,,,,,0xFF01FE,0,0,0,0,2,
1406,851,43,659,1,0,0,0,0,,,"Guet de Tristesable",,,,,,,,,,,,,,0xFF01FE,0,0,0,0,2,
1410,852,43,842,1,0,0,0,0,,,"La grève Fracassée",,,,,,,,,,,,,,0xFF01FE,0,0,0,0,2,
1454,854,43,622,1,0,0,0,0,,,"Sources de Golakka",,,,,,,,,,,,,,0xFF01FE,0,0,0,0,2,
1462,856,43,1023,1,0,0,0,0,,,"Le Repos des vaillants",,,,,,,,,,,,,,0xFF01FE,0,0,0,0,2,
1474,857,43,1002,1,0,0,0,0,,,"Poste des Grumegueules",,,,,,,,,,,,,,0xFF01FE,0,0,0,0,2,
1487,43,8,736,1,0,0,0,0,,,"Mulgore",,,,,,,,,,,,,,0xFF01FE,0,0,0,0,2,
1505,858,43,1150,1,0,0,0,0,,,"Solcouronne",,,,,,,,,,,,,,0xFF01FE,0,0,0,0,2,
1509,859,43,1128,1,0,0,0,0,,,"Ruines de Lune-d'argent",,,,,,,,,,,,,,0xFF01FE,0,0,0,0,2,
1553,860,43,1363,1,0,0,0,0,,,"Gué d'Ammen",,,,,,,,,,,,,,0xFF01FE,0,0,0,0,2,
1574,861,43,1329,1,0,0,0,0,,,"Axxarien",,,,,,,,,,,,,,0xFF01FE,0,0,0,0,2,
1606,862,43,1200,1,0,0,0,0,,,"Armurerie de l'expédition",,,,,,,,,,,,,,0xFF01FE,0,0,0,0,2,
1610,863,43,1125,1,0,0,0,0,,,"Terres Ango'rosh",,,,,,,,,,,,,,0xFF01FE,0,0,0,0,2,
1615,864,43,1103,1,0,0,0,0,,,"Halte de l'éclipse",,,,,,,,,,,,,,0xFF01FE,0,0,0,0,2,
1619,865,43,1289,1,0,0,0,0,,,"Goulet des Lames",,,,,,,,,,,,,,0xFF01FE,0,0,0,0,2,
1623,866,43,1190,1,0,0,0,0,,,"Garadar",,,,,,,,,,,,,,0xFF01FE,0,0,0,0,2,
1783,44,8,863,1,0,0,0,0,,,"Marécage de Zangar",,,,,,,,,,,,,,0xFF01FE,0,0,0,0,2,
1791,868,43,1456,1,0,0,0,0,,,"Aubétoile",,,,,,,,,,,,,,0xFF01FE,2,0,0,0,2,
1812,873,1,30,1,3,30,3,30,,,"Tour A1 possédée par la Horde",,,,,,,,,,,,,,0xFF01FE,6,0,0,0,2,
1821,229,35,0,30,3,30,3,30,,,"30 victoires honorables dans la vallée d'Alterac",,,,,,,,,,,,,,0xFF01FE,2,0,0,0,2,
1824,204,1,489,1,3,489,3,489,,,"Victoire dans le goulet des Chanteguerres",,,,,,,,,,,,,,0xFF01FE,14,0,0,0,2,
1825,220,1,30,1,3,30,3,30,,,"Victoire dans la vallée d'Alterac",,,,,,,,,,,,,,0xFF01FE,6,0,0,0,2,
1837,878,42,13917,1,0,0,0,0,,,"Barracuda de 103 livres",,,,,,,,,,,,,,0xFF01FE,0,0,0,0,2,
1887,905,27,11666,1,0,0,0,0,,,"Succomber à vos appâts",,,,,,,,,,,,,,0xFF01FE,0,0,0,0,2,
1892,906,27,11379,1,0,0,0,0,,,"Un ragoût très épicé",,,,,,,,,,,,,,0xFF01FE,0,0,0,0,2,
1899,907,8,711,0,0,0,0,0,,,"Chevalier d'Arathor",,,,,,,,,,,,,,0xFF01FE,0,0,0,0,2,
1903,908,27,11336,1,0,0,0,0,,,"Appel aux armes : vallée d'Alterac",,,,,,,,,,,,,,0xFF01FE,0,0,0,0,2,
1907,909,27,11340,1,0,0,0,0,,,"Appel aux armes : vallée d'Alterac",,,,,,,,,,,,,,0xFF01FE,0,0,0,0,2,
1911,910,27,8713,1,0,0,0,0,,,"Ancienne Chantétoile au Temple englouti",,,,,,,,,,,,,,0xFF01FE,0,0,0,0,2,
1917,911,27,8720,1,0,0,0,0,,,"Ancien Luireciel en Azshara",,,,,,,,,,,,,,0xFF01FE,0,0,0,0,2,
1923,912,27,8647,1,0,0,0,0,,,"Ancien Soufflet-de-rage dans les Terres foudroyées",,,,,,,,,,,,,,0xFF01FE,0,0,0,0,2,
1935,913,8,911,0,0,0,0,0,,,"Anciens de Kalimdor",,,,,,,,,,,,,,0xFF01FE,0,0,0,0,2,
1992,914,27,8678,1,0,0,0,0,,,"Ancien Sabot-de-blé aux Pitons du Tonnerre",,,,,,,,,,,,,,0xFF01FE,0,0,0,0,2,
1997,915,27,8866,1,0,0,0,0,,,"Ancien Barbe-de-bronze à Forgefer",,,,,,,,,,,,,,0xFF01FE,0,0,0,0,2,
2007,940,27,208,1,0,0,0,0,,,"La chasse au gros gibier",,,,,,,,,,,,,,0xFF01FE,0,0,0,0,2,
2009,941,8,939,0,0,0,0,0,,,"Paradis perdu",,,,,,,,,,,,,,0xFF01FE,0,0,0,0,2,
2013,942,46,978,42000,0,0,0,0,,,"Exalté auprès des Kurenaï",,,,,,,,,,,,,,0xFF01FE,0,0,0,0,2,
2016,943,46,941,42000,0,0,0,0,,,"Exalté auprès des Mag'har",,,,,,,,,,,,,,0xFF01FE,0,0,0,0,2,
2024,945,8,947,0,0,0,0,0,,,"La Croisade d'argent",,,,,,,,,,,,,,0xFF01FE,0,0,0,0,2,
2031,948,46,47,42000,0,0,0,0,,,"Exalté auprès de Forgefer",,,,,,,,,,,,,,0xFF01FE,0,0,0,0,2,
2040,952,8,950,0,0,0,0,0,,,"La tribu Frénécœur",,,,,,,,,,,,,,0xFF01FE,0,0,0,0,2,
2042,480,0,28921,1,0,0,0,0,,,"Hadronox",,,,,,,,,,,,,,0xFF01FE,0,0,0,0,2,
2046,953,46,942,42000,0,0,0,0,,,"Exalté auprès de l'Expédition cénarienne",,,,,,,,,,,,,,0xFF01FE,0,0,0,0,2,
2055,961,27,12703,1,0,0,0,0,,,"Le massacre de Kartak",,,,,,,,,,,,,,0xFF01FE,0,0,0,0,2,
2063,962,27,12705,1,0,0,0,0,,,"La volonté des titans",,,,,,,,,,,,,,0xFF01FE,0,0,0,0,2,
2073,963,27,12333,1,0,0,0,0,,,"Île de Brume-azur, Guet d'azur",,,,,,,,,,,,,,0xFF01FE,0,0,0,0,2,
2100,965,27,12398,1,0,0,0,0,,,"Marécage d'Âprefange, Bourbe-à-brac",,,,,,,,,,,,,,0xFF01FE,0,0,0,0,2,
2133,966,27,12344,1,0,0,0,0,,,"Bois de la Pénombre, Sombre-comté",,,,,,,,,,,,,,0xFF01FE,0,0,0,0,2,
2146,967,27,12397,1,0,0,0,0,,,"Vallée de Strangleronce, Baie-du-Butin",,,,,,,,,,,,,,0xFF01FE,0,0,0,0,2,
2196,969,27,12359,1,0,0,0,0,,,"Les Tranchantes, poste de Toshley",,,,,,,,,,,,,,0xFF01FE,0,0,0,0,2,
2218,968,27,12393,1,0,0,0,0,,,"Les Tranchantes, bastion des Sire-tonnerre",,,,,,,,,,,,,,0xFF01FE,0,0,0,0,2,
2226,971,8,967,0,0,0,0,0,,,"Bonbons et blagues des Royaumes de l'est",,,,,,,,,,,,,,0xFF01FE,0,0,0,0,2,
2229,970,8,966,0,0,0,0,0,,,"Bonbons et blagues des Royaumes de l'est",,,,,,,,,,,,,,0xFF01FE,0,0,0,0,2,
2261,979,36,34001,1,0,0,0,0,,,"Masque de draeneï fragile (F)",,,,,,,,,,,,,,0xFF01FE,2,0,0,0,2,
2282,289,27,12139,1,0,0,0,0,,,"Que viennent les flammes !",,,,,,,,,,,,,,0xFF01FE,2,0,0,0,2,
2336,621,57,31776,1,0,0,0,0,,,"Tabard du Consortium",,,,,,,,,,,,,,0xFF01FE,2,0,0,0,2,
2343,556,49,1,1,0,0,0,0,,,"Cou",,,,,,,,,,,,,,0xFF01FE,0,0,0,0,2,
2360,245,52,11,1,0,0,0,0,,,"Druide",,,,,,,,,,,,,,0xFF01FE,0,0,0,0,2,
2370,246,53,2,1,0,0,0,0,,,"Orc",,,,,,,,,,,,,,0xFF01FE,0,0,0,0,2,
2375,1005,53,1,1,0,0,0,0,,,"Humain",,,,,,,,,,,,,,0xFF01FE,0,0,0,0,2,
2401,227,13,0,300000,3,529,3,529,,,"Infliger 300 000 points de dégâts au bassin d'Arathi",,,,,,,,,,,,,,0xFF01FE,11,0,0,0,2,
2419,1010,8,1007,0,0,0,0,0,,,"L'Accord du Repos du ver",,,,,,,,,,,,,,0xFF01FE,0,0,0,0,2,
3064,1022,27,11808,1,0,0,0,0,,,"Terres foudroyées",,,,,,,,,,,,,,0xFF01FE,0,0,0,0,2,
3077,1023,27,11806,1,0,0,0,0,,,"Île de Brume-azur",,,,,,,,,,,,,,0xFF01FE,0,0,0,0,2,
3090,1024,27,11818,1,0,0,0,0,,,"Péninsule des Flammes infernales",,,,,,,,,,,,,,0xFF01FE,0,0,0,0,2,
3102,1025,27,11842,1,0,0,0,0,,,"Terres ingrates",,,,,,,,,,,,,,0xFF01FE,0,0,0,0,2,
3113,1026,27,11845,1,0,0,0,0,,,"Désolace",,,,,,,,,,,,,,0xFF01FE,0,0,0,0,2,
3125,1027,27,11851,1,0,0,0,0,,,"Péninsule des Flammes infernales",,,,,,,,,,,,,,0xFF01FE,0,0,0,0,2,
3132,1028,27,11766,1,0,0,0,0,,,"Terres ingrates",,,,,,,,,,,,,,0xFF01FE,0,0,0,0,2,
3143,1029,27,11769,1,0,0,0,0,,,"Désolace",,,,,,,,,,,,,,0xFF01FE,0,0,0,0,2,
3155,1030,27,11775,1,0,0,0,0,,,"Péninsule des Flammes infernales",,,,,,,,,,,,,,0xFF01FE,0,0,0,0,2,
3162,1031,27,11737,1,0,0,0,0,,,"Terres foudroyées",,,,,,,,,,,,,,0xFF01FE,0,0,0,0,2,
3175,1032,27,11735,1,0,0,0,0,,,"Île de Brume-azur",,,,,,,,,,,,,,0xFF01FE,0,0,0,0,2,
3187,1033,27,11747,1,0,0,0,0,,,"Péninsule des Flammes infernales",,,,,,,,,,,,,,0xFF01FE,0,0,0,0,2,
3194,1034,8,1023,0,0,0,0,0,,,"Gardien des flammes de Kalimdor",,,,,,,,,,,,,,0xFF01FE,0,0,0,0,2,
3197,1035,8,1029,0,0,0,0,0,,,"Extinction de Kalimdor",,,,,,,,,,,,,,0xFF01FE,0,0,0,0,2,
3200,1036,8,1026,0,0,0,0,0,,,"Garde-flammes de Kalimdor",,,,,,,,,,,,,,0xFF01FE,0,0,0,0,2,
3203,1037,8,1032,0,0,0,0,0,,,"Extinction de Kalimdor",,,,,,,,,,,,,,0xFF01FE,0,0,0,0,2,
3206,1038,8,1035,0,0,0,0,0,,,"Profanation de la Horde",,,,,,,,,,,,,,0xFF01FE,0,0,0,0,2,
3208,1039,8,1037,0,0,0,0,0,,,"Profanation de l'Alliance",,,,,,,,,,,,,,0xFF01FE,0,0,0,0,2,
3210,283,28,24737,1,0,0,0,0,,,"Transformé en fantôme",,,,,,,,,,,,,,0xFF01FE,0,0,0,0,2,
3217,1040,27,8373,1,0,0,0,0,,,"La puissance du pin",,,,,,,,,,,,,,0xFF01FE,0,0,0,0,2,
3219,1041,27,1657,1,0,0,0,0,,,"Empuantir Austrivage",,,,,,,,,,,,,,0xFF01FE,0,0,0,0,2,
3222,248,42,6835,1,0,0,0,0,,,"Pantalon de smoking noir",,,,,,,,,,,,,,0xFF01FE,0,0,0,0,2,
3228,396,36,19024,1,0,0,0,0,,,"Objet Grand maître de l'arène obtenu",,,,,,,,,,,,,,0xFF01FE,2,0,0,0,2,
3302,344,41,20065,1,0,0,0,0,,,"Bandage en tisse-mage du bassin d'Arathi",,,,,,,,,,,,,,0xFF01FE,0,0,0,0,2,
3352,1145,27,9339,1,0,0,0,0,,,"Horde, La récompense d'un voleur",,,,,,,,,,,,,,0xFF01FE,2,0,0,0,2,
3369,231,56,0,20,3,529,1,0,,,"Bassin d'Arathi",,,,,,,,,,,,,,0xFF01FE,11,0,0,0,2,
3387,225,1,30,1,3,30,3,30,,,"Grotte des troggs possédée",,,,,,,,,,,,,,0xFF01FE,6,0,0,0,2,
3389,1164,1,30,1,3,30,3,30,,,"Grotte des troggs possédée",,,,,,,,,,,,,,0xFF01FE,6,0,0,0,2,
3393,1167,8,221,0,0,0,0,0,,,"Pilleur de tombes d'Alterac",,,,,,,,,,,,,,0xFF01FE,0,0,0,0,2,
3405,1168,8,221,0,0,0,0,0,,,"Pilleur de tombes d'Alterac",,,,,,,,,,,,,,0xFF01FE,0,0,0,0,2,
3417,1169,8,165,0,0,0,0,0,,,"Bassin d'Arathi parfait",,,,,,,,,,,,,,0xFF01FE,0,0,0,0,2,
3432,1170,8,165,0,0,0,0,0,,,"Bassin d'Arathi parfait",,,,,,,,,,,,,,0xFF01FE,0,0,0,0,2,
3447,1171,8,783,0,0,0,0,0,,,"Bon pied, bon Œil",,,,,,,,,,,,,,0xFF01FE,0,0,0,0,2,
3462,1172,8,199,0,0,0,0,0,,,"Capturer le drapeau",,,,,,,,,,,,,,0xFF01FE,0,0,0,0,2,
3477,1173,8,199,0,0,0,0,0,,,"Capturer le drapeau",,,,,,,,,,,,,,0xFF01FE,0,0,0,0,2,
3489,1174,8,876,0,0,0,0,0,,,"Dévouement brutal",,,,,,,,,,,,,,0xFF01FE,0,0,0,0,2,
3501,1175,8,1170,0,0,0,0,0,,,"Maîtrise du bassin d'Arathi",,,,,,,,,,,,,,0xFF01FE,0,0,0,0,2,
3516,1183,28,43959,1,0,0,0,0,,,"Bière de Strangleronce",,,,,,,,,,,,,,0xFF01FE,0,0,0,0,2,
3528,1184,41,33029,1,0,0,0,0,,,"Brasselorge brune",,,,,,,,,,,,,,0xFF01FE,0,0,0,0,2,
3543,1185,41,33024,1,0,0,0,0,,,"Boudin blanc",,,,,,,,,,,,,,0xFF01FE,0,0,0,0,2,
3558,1186,27,12192,1,0,0,0,0,,,"Horde",,,,,,,,,,,,,,0xFF01FE,2,0,0,0,2,
3560,1187,36,18249,1,0,0,0,0,,,"Clé en croissant",,,,,,,,,,,,,,0xFF01FE,0,0,0,0,2,
3575,484,0,29305,1,0,0,0,0,,,"Moorabi",,,,,,,,,,,,,,0xFF01FE,0,0,0,0,2,
3579,481,0,29309,1,0,0,0,0,,,"Ancien Nadox",,,,,,,,,,,,,,0xFF01FE,0,0,0,0,2,
3595,1203,41,33034,1,0,0,0,0,,,"Grog gordok",,,,,,,,,,,,,,0xFF01FE,0,0,0,0,2,
3610,903,46,932,42000,0,0,0,0,,,"Exalté auprès de l'Aldor",,,,,,,,,,,,,,0xFF01FE,2,0,0,0,2,
3624,1225,72,182959,1,0,0,0,0,,,"Banc de tassergals",,,,,,,,,,,,,,0xFF01FE,0,0,0,0,2,
3702,489,0,24200,1,0,0,0,0,,,"Skarvald le Constructeur",,,,,,,,,,,,,,0xFF01FE,0,0,0,0,2,
3706,667,0,17536,1,0,0,0,0,,,"Nazan",,,,,,,,,,,,,,0xFF01FE,0,0,0,0,2,
3724,557,49,1,1,0,0,0,0,,,"Cou",,,,,,,,,,,,,,0xFF01FE,0,0,0,0,2,
3739,1206,54,225,1,0,0,0,0,,,"Grenouille de vapeur",,,,,,,,,,,,,,0xFF01FE,0,0,0,0,2,
3763,1244,68,21581,1,0,0,0,0,,,"Au lendemain de la Deuxième guerre",,,,,,,,,,,,,,0xFF01FE,0,0,0,0,2,
3805,161,1,529,1,0,0,0,0,,,"Rattraper un retard de 500 ressources",,,,,,,,,,,,,,0xFF01FE,2,0,0,0,2,
3827,252,35,0,50,0,0,0,0,,,"26272",,,,,,,,,,,,,,0xFF01FE,3,0,0,0,2,
3835,563,0,15953,1,0,0,0,0,,,"Grande veuve Faerlina",,,,,,,,,,,,,,0xFF01FE,0,0,0,0,2,
3838,565,0,15931,1,0,0,0,0,,,"Grobbulus",,,,,,,,,,,,,,0xFF01FE,0,0,0,0,2,
3842,567,0,15936,1,0,0,0,0,,,"Heigan l'Impur",,,,,,,,,,,,,,0xFF01FE,0,0,0,0,2,
3845,569,0,16060,1,0,0,0,0,,,"Gothik le Moissonneur",,,,,,,,,,,,,,0xFF01FE,0,0,0,0,2,
3853,153,72,180582,1,0,0,0,0,,,"Petit banc de bouches-noires huileux",,,,,,,,,,,,,,0xFF01FE,2,0,0,0,2,
3873,1257,72,180901,1,0,0,0,0,,,"Débris de la Voile sanglante",,,,,,,,,,,,,,0xFF01FE,0,0,0,0,2,
3884,1262,8,1190,0,0,0,0,0,,,"Les mystères du marécage",,,,,,,,,,,,,,0xFF01FE,0,0,0,0,2,
3905,45,8,1263,0,0,0,0,0,,,"Fjord Hurlant",,,,,,,,,,,,,,0xFF01FE,0,0,0,0,2,
3916,1274,8,1190,0,0,0,0,0,,,"Les mystères du marécage",,,,,,,,,,,,,,0xFF01FE,0,0,0,0,2,
3929,1280,54,58,1,0,0,0,0,,,"Embrasser Jeremiah Payson",,,,,,,,,,,,,,0xFF01FE,0,0,0,0,2,
3937,1282,27,11023,1,0,0,0,0,,,"Invocation du renne volant 3.0 (Marron)",,,,,,,,,,,,,,0xFF01FE,2,0,0,0,2,
3940,1283,8,629,0,0,0,0,0,,,"Gouffre de Ragefeu",,,,,,,,,,,,,,0xFF01FE,0,0,0,0,2,
3965,1284,8,648,0,0,0,0,0,,,"La Fournaise du sang",,,,,,,,,,,,,,0xFF01FE,0,0,0,0,2,
4010,1285,8,686,0,0,0,0,0,,,"Cœur du Magma",,,,,,,,,,,,,,0xFF01FE,0,0,0,0,2,
4015,1286,8,691,0,0,0,0,0,,,"Zul'Aman",,,,,,,,,,,,,,0xFF01FE,0,0,0,0,2,
4024,1287,8,668,0,0,0,0,0,,,"La Fournaise du sang en mode héroïque",,,,,,,,,,,,,,0xFF01FE,0,0,0,0,2,
4041,1288,8,478,0,0,0,0,0,,,"Le Nexus",,,,,,,,,,,,,,0xFF01FE,0,0,0,0,2,
4057,1289,8,490,0,0,0,0,0,,,"Le Nexus en mode héroïque",,,,,,,,,,,,,,0xFF01FE,0,0,0,0,2,
4073,1292,36,32917,1,0,0,0,0,,,"Bock de la fête des Brasseurs jaune plein",,,,,,,,,,,,,,0xFF01FE,2,0,0,0,2,
4079,1293,36,33017,1,0,0,0,0,,,"Bock de la fête des Brasseurs bleu plein",,,,,,,,,,,,,,0xFF01FE,2,0,0,0,2,
4092,328,62,0,0,0,0,0,0,,,"Argent des quêtes",,,,,,,,,,,,,,0xFF01FE,32,0,0,0,2,
4123,1264,43,1464,0,0,0,0,0,,,"Caravane de Mâchoire-d'acier",,,,,,,,,,,,,,0xFF01FE,0,0,0,0,2,
4137,1263,43,1493,0,0,0,0,0,,,"Île Calderos",,,,,,,,,,,,,,0xFF01FE,0,0,0,0,2,
4160,1265,43,1497,0,0,0,0,0,,,"Lac Indu'le",,,,,,,,,,,,,,0xFF01FE,0,0,0,0,2,
4179,1266,43,1465,0,0,0,0,0,,,"Donjon de Drak'Tharon",,,,,,,,,,,,,,0xFF01FE,0,0,0,0,2,
4193,1267,43,1531,0,0,0,0,0,,,"Champs de Drak'Sotra",,,,,,,,,,,,,,0xFF01FE,0,0,0,0,2,
4207,1268,43,1545,0,0,0,0,0,,,"Le fourré Sauvage",,,,,,,,,,,,,,0xFF01FE,0,0,0,0,2,
4238,629,27,5761,1,0,0,0,0,,,"Tuer la Bête",,,,,,,,,,,,,,0xFF01FE,2,0,0,0,2,
4239,628,27,166,1,0,0,0,0,,,"La Confrérie défias",,,,,,,,,,,,,,0xFF01FE,2,0,0,0,2,
4246,630,27,6981,1,0,0,0,0,,,"L'Éclat luminescent",,,,,,,,,,,,,,0xFF01FE,2,0,0,0,2,
4247,631,27,1014,1,0,0,0,0,,,"Arugal doit mourir",,,,,,,,,,,,,,0xFF01FE,2,0,0,0,2,
4249,633,27,391,1,0,0,0,0,,,"Les émeutes de la Prison",,,,,,,,,,,,,,0xFF01FE,2,0,0,0,2,
4250,635,27,1102,1,0,0,0,0,,,"Un destin funeste",,,,,,,,,,,,,,0xFF01FE,2,0,0,0,2,
4252,634,27,2929,1,0,0,0,0,,,"La grande trahison",,,,,,,,,,,,,,0xFF01FE,2,0,0,0,2,
4254,636,27,3636,1,0,0,0,0,,,"Apportez la Lumière",,,,,,,,,,,,,,0xFF01FE,2,0,0,0,2,
4256,638,27,2278,1,0,0,0,0,,,"Les Disques de platine",,,,,,,,,,,,,,0xFF01FE,2,0,0,0,2,
4259,640,27,7065,1,0,0,0,0,,,"Corruption de la terre et de la Graine",,,,,,,,,,,,,,0xFF01FE,2,0,0,0,2,
4261,641,27,3373,1,0,0,0,0,,,"L'Essence d'Eranikus",,,,,,,,,,,,,,0xFF01FE,2,0,0,0,2,
4262,642,27,4362,1,0,0,0,0,,,"Le destin du Royaume",,,,,,,,,,,,,,0xFF01FE,2,0,0,0,2,
4264,688,27,8183,1,0,0,0,0,,,"Le cœur d'Hakkar",,,,,,,,,,,,,,0xFF01FE,2,0,0,0,2,
4265,689,27,8791,1,0,0,0,0,,,"La chute d'Ossirian",,,,,,,,,,,,,,0xFF01FE,2,0,0,0,2,
4268,684,27,7635,1,0,0,0,0,,,"La bonne corde",,,,,,,,,,,,,,0xFF01FE,2,0,0,0,2,
4289,345,41,32905,0,0,0,0,0,,,"Vapeur de néangon en bouteille",,,,,,,,,,,,,,0xFF01FE,0,0,0,0,2,
4311,922,41,33093,0,0,0,0,0,,,"Injecteur de potion de mana",,,,,,,,,,,,,,0xFF01FE,0,0,0,0,2,
4411,811,41,13513,0,0,0,0,0,,,"Flacon de résistance chromatique",,,,,,,,,,,,,,0xFF01FE,0,0,0,0,2,
4440,643,27,5081,1,0,0,0,0,,,"Mission de Maxwell",,,,,,,,,,,,,,0xFF01FE,2,0,0,0,2,
4443,1307,27,5102,1,0,0,0,0,,,"La reddition du général Drakkisath",,,,,,,,,,,,,,0xFF01FE,2,0,0,0,2,
4447,685,27,7781,1,0,0,0,0,,,"Le seigneur de Rochenoire",,,,,,,,,,,,,,0xFF01FE,2,0,0,0,2,
4450,687,27,8656,1,0,0,0,0,,,"Haubert du Frappeur",,,,,,,,,,,,,,0xFF01FE,2,0,0,0,2,
4461,647,27,9575,1,0,0,0,0,,,"Affaiblir les remparts",,,,,,,,,,,,,,0xFF01FE,2,0,0,0,2,
4463,650,27,9719,1,0,0,0,0,,,"Traquer la traqueuse",,,,,,,,,,,,,,0xFF01FE,2,0,0,0,2,
4464,651,27,10165,1,0,0,0,0,,,"Casser les prix",,,,,,,,,,,,,,0xFF01FE,2,0,0,0,2,
4465,666,27,10167,1,0,0,0,0,,,"Auchindoun...",,,,,,,,,,,,,,0xFF01FE,2,0,0,0,2,
4467,652,27,10284,1,0,0,0,0,,,"L'évasion de Fort-de-Durn",,,,,,,,,,,,,,0xFF01FE,2,0,0,0,2,
4468,653,27,10098,1,0,0,0,0,,,"L'héritage de Terokk",,,,,,,,,,,,,,0xFF01FE,2,0,0,0,2,
4469,654,27,10095,1,0,0,0,0,,,"Au cœur du labyrinthe",,,,,,,,,,,,,,0xFF01FE,2,0,0,0,2,
4471,655,27,9836,1,0,0,0,0,,,"Le toucher du maître",,,,,,,,,,,,,,0xFF01FE,2,0,0,0,2,
4473,656,27,9763,1,0,0,0,0,,,"Le repaire du seigneur de guerre",,,,,,,,,,,,,,0xFF01FE,2,0,0,0,2,
4475,657,27,9492,1,0,0,0,0,,,"L'heure du tournant",,,,,,,,,,,,,,0xFF01FE,2,0,0,0,2,
4480,658,27,10704,1,0,0,0,0,,,"Comment pénétrer dans l'Arcatraz",,,,,,,,,,,,,,0xFF01FE,2,0,0,0,2,
4481,659,27,10704,1,0,0,0,0,,,"Comment pénétrer dans l'Arcatraz",,,,,,,,,,,,,,0xFF01FE,2,0,0,0,2,
4482,660,27,10882,1,0,0,0,0,,,"Messager funeste",,,,,,,,,,,,,,0xFF01FE,2,0,0,0,2,
4484,661,27,11492,1,0,0,0,0,,,"L'increvable",,,,,,,,,,,,,,0xFF01FE,2,0,0,0,2,
4485,675,27,10885,1,0,0,0,0,,,"L'épreuve des naaru : Force",,,,,,,,,,,,,,0xFF01FE,2,0,0,0,2,
4486,677,27,10885,1,0,0,0,0,,,"L'épreuve des naaru : Force",,,,,,,,,,,,,,0xFF01FE,2,0,0,0,2,
4487,678,27,9524,1,0,0,0,0,,,"Prisonnière de la citadelle",,,,,,,,,,,,,,0xFF01FE,2,0,0,0,2,
4490,681,27,10886,1,0,0,0,0,,,"L'épreuve des naaru : Ténacité",,,,,,,,,,,,,,0xFF01FE,2,0,0,0,2,
4491,690,27,9844,1,0,0,0,0,,,"Une présence démoniaque",,,,,,,,,,,,,,0xFF01FE,2,0,0,0,2,
4492,691,27,11178,1,0,0,0,0,,,"Le sang du seigneur de guerre",,,,,,,,,,,,,,0xFF01FE,2,0,0,0,2,
4493,692,27,10901,1,0,0,0,0,,,"Le gourdin de Kar'desh",,,,,,,,,,,,,,0xFF01FE,2,0,0,0,2,
4494,693,27,10888,1,0,0,0,0,,,"L'épreuve des naaru : Magtheridon",,,,,,,,,,,,,,0xFF01FE,2,0,0,0,2,
4497,694,27,10445,1,0,0,0,0,,,"Les fioles d'éternité",,,,,,,,,,,,,,0xFF01FE,2,0,0,0,2,
4498,696,27,10445,1,0,0,0,0,,,"Les fioles d'éternité",,,,,,,,,,,,,,0xFF01FE,2,0,0,0,2,
4500,697,27,10959,1,0,0,0,0,,,"La chute du Traître",,,,,,,,,,,,,,0xFF01FE,2,0,0,0,2,
4505,1311,0,18682,1,0,0,0,0,,,"Rôdeur des tourbières",,,,,,,,,,,,,,0xFF01FE,0,0,0,0,2,
4597,698,36,34247,1,0,0,0,0,,,"Apolyon, l’Etripeur d'âme",,,,,,,,,,,,,,0xFF01FE,2,0,0,0,2,
4618,695,36,30909,1,0,0,0,0,,,"Egide de la concentration captivée d'Antonidas",,,,,,,,,,,,,,0xFF01FE,2,0,0,0,2,
4720,812,41,19010,0,0,0,0,0,,,"Pierre de soins supérieure (1)",,,,,,,,,,,,,,0xFF01FE,0,0,0,0,2,
4738,924,46,1073,42000,0,0,0,0,,,"Exalté auprès des Kalu'aks",,,,,,,,,,,,,,0xFF01FE,0,0,0,0,2,
4751,925,46,942,42000,0,0,0,0,,,"Exalté auprès de l'Expédition cénarienne",,,,,,,,,,,,,,0xFF01FE,0,0,0,0,2,
4769,927,49,3,1,0,0,0,0,,,"Un corps épique !",,,,,,,,,,,,,,0xFF01FE,0,0,0,0,2,
4940,867,43,1161,1,0,0,0,0,,,"Bastion allérien",,,,,,,,,,,,,,0xFF01FE,0,0,0,0,2,
4949,107,78,0,0,0,0,0,0,,,"Démons",,,,,,,,,,,,,,0xFF01FE,0,0,0,0,2,
4966,796,28,25435,0,0,0,0,0,,,"Résurrection (Rang 6)",,,,,,,,,,,,,,0xFF01FE,0,0,0,0,2,
4972,798,28,26994,0,0,0,0,0,,,"Renaissance (Rang 6)",,,,,,,,,,,,,,0xFF01FE,0,0,0,0,2,
4978,1229,28,50764,0,0,0,0,0,,,"Ressusciter (Rang 6)",,,,,,,,,,,,,,0xFF01FE,0,0,0,0,2,
4984,98,14,0,0,0,0,0,0,,,"Quêtes journalières",,,,,,,,,,,,,,0xFF01FE,0,0,0,0,2,
4993,350,68,191164,0,0,0,0,0,,,"Portail vers Dalaran",,,,,,,,,,,,,,0xFF01FE,0,0,0,0,2,
5019,33,11,4024,130,0,0,0,0,,,"Achever 130 quêtes dans la toundra Boréenne",,,,,,,,,,,,,,0xFF01FE,3,0,0,0,2,
5021,388,70,0,50,0,0,0,0,,,"Forgefer",,,,,,,,,,,,,,0xFF01FE,3,0,0,0,2,
5032,1006,70,0,50,0,0,0,0,,,"Lune-d'argent",,,,,,,,,,,,,,0xFF01FE,3,0,0,0,2,
5043,1358,11,4024,150,0,0,0,0,,,"Achever 140 quêtes dans la toundra Boréenne",,,,,,,,,,,,,,0xFF01FE,3,0,0,0,2,
5046,1360,8,1359,1,0,0,0,0,,,"La puissance de la Désolation des dragons",,,,,,,,,,,,,,0xFF01FE,0,0,0,0,2,
5080,284,36,34001,1,0,0,0,0,,,"Masque de draeneï fragile (F)",,,,,,,,,,,,,,0xFF01FE,0,0,0,0,2,
5142,1396,27,13013,1,0,0,0,0,,,"Ancien Beldak à la brigade de la marche de l'Ouest",,,,,,,,,,,,,,0xFF01FE,0,0,0,0,2,
5246,490,0,26763,1,0,0,0,0,,,"Anomalus",,,,,,,,,,,,,,0xFF01FE,0,0,0,0,2,
5268,1436,34,48954,0,0,0,0,0,,,"Zhévra",,,,,,,,,,,,,,0xFF01FE,2,0,0,0,2,
5275,150,109,3,1,0,0,0,0,,,"Hurlevent",,,,,,,,,,,,,,0xFF01FE,0,0,0,0,2,
5291,1457,43,1598,0,0,0,0,0,,,"Le courant Stagnant",,,,,,,,,,,,,,0xFF01FE,0,0,0,0,2,
5307,1463,8,1007,0,0,0,0,0,,,"L'Accord du Repos du ver",,,,,,,,,,,,,,0xFF01FE,0,0,0,0,2,
5314,926,46,76,42000,0,0,0,0,,,"Exalté auprès d'Orgrimmar",,,,,,,,,,,,,,0xFF01FE,0,0,0,0,2,
5329,1466,46,54,42000,0,0,0,0,,,"Exalté auprès de Gnomeregan",,,,,,,,,,,,,,0xFF01FE,0,0,0,0,2,
5467,1467,0,26529,1,0,0,0,0,,,"Grancrochet",,,,,,,,,,,,,,0xFF01FE,0,0,0,0,2,
5493,381,35,0,0,0,0,0,0,,,"Kalimdor",,,,,,,,,,,,,,0xFF01FE,0,0,0,0,2,
5500,382,35,0,0,0,0,0,0,,,"Vallée d'Alterac",,,,,,,,,,,,,,0xFF01FE,0,0,0,0,2,
5530,1488,56,0,0,0,0,0,0,,,"Kalimdor",,,,,,,,,,,,,,0xFF01FE,0,0,0,0,2,
5534,1490,56,0,0,0,0,0,0,,,"Arène des Tranchantes",,,,,,,,,,,,,,0xFF01FE,0,0,0,0,2,
5537,1491,56,0,0,0,0,0,0,,,"Bassin d'Arathi",,,,,,,,,,,,,,0xFF01FE,0,0,0,0,2,
5552,1199,40,164,1,0,0,0,0,,,"Forge",,,,,,,,,,,,,,0xFF01FE,0,0,0,0,2,
5563,1200,7,185,450,0,0,0,0,,,"Cuisine",,,,,,,,,,,,,,0xFF01FE,0,0,0,0,2,
5568,1201,7,202,450,0,0,0,0,,,"Ingénierie",,,,,,,,,,,,,,0xFF01FE,0,0,0,0,2,
5577,1202,7,55,400,0,0,0,0,,,"Épées à deux mains",,,,,,,,,,,,,,0xFF01FE,0,0,0,0,2,
5592,281,7,129,450,0,0,0,0,,,"Compétence en secourisme",,,,,,,,,,,,,,0xFF01FE,1,0,0,0,2,
5602,202,30,42,1,0,0,0,0,,,"Capturer en 75 secondes",,,,,,,,,,,,,,0xFF01FE,10,6,61266,75,2,
5606,207,70,0,1,0,0,0,0,,,"Porter le drapeau de l'Alliance",,,,,,,,,,,,,,0xFF01FE,2,0,0,0,2,
5619,1241,73,18716,1,0,0,0,0,,,"Mal'Ganis",,,,,,,,,,,,,,0xFF01FE,0,0,0,0,2,
5631,1103,0,26861,1,0,0,0,0,,,"Roi Ymiron",,,,,,,,,,,,,,0xFF01FE,0,0,0,0,2,
5663,1516,8,153,0,0,0,0,0,,,"Le vieux gnome et la mer",,,,,,,,,,,,,,0xFF01FE,0,0,0,0,2,
5681,1517,72,192053,1,0,0,0,0,,,"Banc de baudroies abyssales",,,,,,,,,,,,,,0xFF01FE,0,0,0,0,2,
5691,1104,0,28860,1,0,0,0,0,,,"Sartharion le Gardien d'Onyx",,,,,,,,,,,,,,0xFF01FE,0,0,0,0,2,
5703,1525,27,11379,1,0,0,0,0,,,"Un ragoût très épicé",,,,,,,,,,,,,,0xFF01FE,0,0,0,0,2,
5707,1526,27,11666,1,0,0,0,0,,,"Succomber à vos appâts",,,,,,,,,,,,,,0xFF01FE,0,0,0,0,2,
5764,1563,8,877,0,0,0,0,0,,,"Le gâteau n'est pas un mensonge",,,,,,,,,,,,,,0xFF01FE,0,0,0,0,2,
5774,291,110,44212,1,0,0,0,0,,,"Elfe de sang",,,,,,,,,,,,,,0xFF01FE,0,0,0,0,2,
5787,1291,69,45123,1,0,0,0,0,,,"Pique-nique romantique",,,,,,,,,,,,,,0xFF01FE,2,0,0,0,2,
5799,1576,27,12948,1,0,0,0,0,,,"Le Champion de l'Angoisse",,,,,,,,,,,,,,0xFF01FE,0,0,0,0,2,
5805,1596,27,12713,1,0,0,0,0,,,"Trahison",,,,,,,,,,,,,,0xFF01FE,0,0,0,0,2,
5819,1656,8,288,0,0,0,0,0,,,"Vas-y, parle !",,,,,,,,,,,,,,0xFF01FE,0,0,0,0,2,
5820,288,29,42966,1,0,0,0,0,,,"Mal au ventre",,,,,,,,,,,,,,0xFF01FE,2,0,0,0,2,
5832,1657,8,288,0,0,0,0,0,,,"Vas-y, parle !",,,,,,,,,,,,,,0xFF01FE,0,0,0,0,2,
5844,1269,43,1590,0,0,0,0,0,,,"Le berceau de Narvir",,,,,,,,,,,,,,0xFF01FE,0,0,0,0,2,
5860,1270,43,1563,0,0,0,0,0,,,"Citadelle de la Couronne de glace",,,,,,,,,,,,,,0xFF01FE,0,0,0,0,2,
5888,1658,0,15990,1,0,0,0,0,,,"Kel'Thuzad (10 ou 25 joueurs)",,,,,,,,,,,,,,0xFF01FE,0,0,0,0,2,
5892,839,15,529,0,0,0,0,0,,,"Bassin d'Arathi",,,,,,,,,,,,,,0xFF01FE,0,0,0,0,2,
5896,840,1,529,0,0,0,0,0,,,"Bassin d'Arathi",,,,,,,,,,,,,,0xFF01FE,0,0,0,0,2,
5901,1676,11,45,700,0,0,0,0,,,"Hautes-terres d'Arathi",,,,,,,,,,,,,,0xFF01FE,3,0,0,0,2,
5953,1677,11,45,550,0,0,0,0,,,"Hautes-terres d'Arathi",,,,,,,,,,,,,,0xFF01FE,3,0,0,0,2,
6005,1678,11,331,700,0,0,0,0,,,"Orneval",,,,,,,,,,,,,,0xFF01FE,3,0,0,0,2,
6100,1680,11,331,685,0,0,0,0,,,"Orneval",,,,,,,,,,,,,,0xFF01FE,3,0,0,0,2,
6140,341,90,0,0,0,0,0,0,,,"Objets épiques ramassés",,,,,,,,,,,,,,0xFF01FE,0,0,0,0,2,
6141,336,91,0,0,0,0,0,0,,,"Objets légendaires obtenus",,,,,,,,,,,,,,0xFF01FE,0,0,0,0,2,
6142,342,91,0,0,0,0,0,0,,,"Objets épiques obtenus",,,,,,,,,,,,,,0xFF01FE,0,0,0,0,2,
6144,1681,8,1678,0,0,0,0,0,,,"Maître des traditions de Kalimdor",,,,,,,,,,,,,,0xFF01FE,0,0,0,0,2,
6148,1682,8,1680,0,0,0,0,0,,,"Maître des traditions de Kalimdor",,,,,,,,,,,,,,0xFF01FE,0,0,0,0,2,
6152,662,34,17708,0,0,0,0,0,,,"Mini Diablo",,,,,,,,,,,,,,0xFF01FE,2,0,0,0,2,
6153,663,34,17707,0,0,0,0,0,,,"Bébé panda",,,,,,,,,,,,,,0xFF01FE,2,0,0,0,2,
6154,664,34,17709,0,0,0,0,0,,,"Zergling",,,,,,,,,,,,,,0xFF01FE,2,0,0,0,2,
6155,665,34,32298,0,0,0,0,0,,,"Dragonnet du Néant",,,,,,,,,,,,,,0xFF01FE,2,0,0,0,2,
6156,683,34,52615,0,0,0,0,0,,,"Frigy",,,,,,,,,,,,,,0xFF01FE,2,0,0,0,2,
6157,411,34,24696,0,0,0,0,0,,,"Bourbie",,,,,,,,,,,,,,0xFF01FE,2,0,0,0,2,
6158,414,34,53082,0,0,0,0,0,,,"Tyraël",,,,,,,,,,,,,,0xFF01FE,2,0,0,0,2,
6163,882,34,36702,0,0,0,0,0,,,"Cheval de guerre embrasé",,,,,,,,,,,,,,0xFF01FE,2,0,0,0,2,
6167,886,34,37015,0,0,0,0,0,,,"Drake du Néant rapide",,,,,,,,,,,,,,0xFF01FE,2,0,0,0,2,
6168,887,34,44744,0,0,0,0,0,,,"Drake du Néant impitoyable",,,,,,,,,,,,,,0xFF01FE,2,0,0,0,2,
6169,888,34,49193,0,0,0,0,0,,,"Drake du Néant vengeur",,,,,,,,,,,,,,0xFF01FE,2,0,0,0,2,
6175,1683,8,2796,0,0,0,0,0,,,"La bière de l'année",,,,,,,,,,,,,,0xFF01FE,0,0,0,0,2,
6182,1684,8,2796,0,0,0,0,0,,,"La bière de l'année",,,,,,,,,,,,,,0xFF01FE,0,0,0,0,2,
6192,879,34,17450,0,0,0,0,0,,,"Raptor ivoire",,,,,,,,,,,,,,0xFF01FE,2,0,0,0,2,
6206,893,34,43927,0,0,0,0,0,,,"Hippogriffe de guerre cénarien",,,,,,,,,,,,,,0xFF01FE,2,0,0,0,2,
6208,303,34,43900,0,0,0,0,0,,,"Bélier rapide de la fête des Brasseurs",,,,,,,,,,,,,,0xFF01FE,2,0,0,0,2,
6214,727,34,22718,0,0,0,0,0,,,"Kodo de guerre noir",,,,,,,,,,,,,,0xFF01FE,0,0,0,0,2,
6224,279,27,6984,1,0,0,0,0,,,"Un grand merci des Gourmandises Fumebois !",,,,,,,,,,,,,,0xFF01FE,2,0,0,0,2,
6226,1685,110,26004,1,0,0,0,0,,,"Durkot Frère-loup au bastion Chanteguerre",,,,,,,,,,,,,,0xFF01FE,0,0,0,0,2,
6236,1686,110,26004,1,0,0,0,0,,,"Frère Anton dans la Combe de Nijel",,,,,,,,,,,,,,0xFF01FE,0,0,0,0,2,
6238,1687,110,44755,1,0,0,0,0,,,"Guerrier humain",,,,,,,,,,,,,,0xFF01FE,0,0,0,0,2,
6248,1688,29,21144,1,0,0,0,0,,,"Lait de poule",,,,,,,,,,,,,,0xFF01FE,0,0,0,0,2,
6251,1689,27,8744,1,0,0,0,0,,,"Un cadeau soigneusement emballé",,,,,,,,,,,,,,0xFF01FE,2,0,0,0,2,
6258,1690,41,17712,1,0,0,0,0,,,"Déguisement pour le Voile d'hiver à Dalaran",,,,,,,,,,,,,,0xFF01FE,2,0,0,0,2,
6263,1691,8,252,0,0,0,0,0,,,"Petits assistants entre amis",,,,,,,,,,,,,,0xFF01FE,0,0,0,0,2,
6275,1692,8,252,0,0,0,0,0,,,"Petits assistants entre amis",,,,,,,,,,,,,,0xFF01FE,0,0,0,0,2,
6302,1699,110,27571,1,0,0,0,0,,,"Chevalier de la mort orc",,,,,,,,,,,,,,0xFF01FE,0,0,0,0,2,
6323,1700,36,22235,1,0,0,0,0,,,"Flèche en vrai-argent",,,,,,,,,,,,,,0xFF01FE,2,0,0,0,2,
6325,1701,29,70579,1,0,0,0,0,,,"Je te suivrais dans tout Azeroth.",,,,,,,,,,,,,,0xFF01FE,0,0,0,0,2,
6333,1702,41,22237,1,0,0,0,0,,,"Désir noir",,,,,,,,,,,,,,0xFF01FE,0,0,0,0,2,
6344,1704,54,203,1,0,0,0,0,,,"Cercle de bataille de l'arène des Gurubashi",,,,,,,,,,,,,,0xFF01FE,0,0,0,0,2,
6348,1706,27,13203,1,0,0,0,0,,,"Cogn'Baff de course",,,,,,,,,,,,,,0xFF01FE,2,0,0,0,2,
6349,1705,36,34425,1,0,0,0,0,,,"Rob-fusée mécanique",,,,,,,,,,,,,,0xFF01FE,2,0,0,0,2,
6352,1693,8,1188,0,0,0,0,0,,,"En plein cœur !",,,,,,,,,,,,,,0xFF01FE,0,0,0,0,2,
6366,1707,8,1188,0,0,0,0,0,,,"En plein cœur !",,,,,,,,,,,,,,0xFF01FE,0,0,0,0,2,
6382,726,34,33050,0,0,0,0,0,,,"Ecrevisse magique",,,,,,,,,,,,,,0xFF01FE,2,0,0,0,2,
6414,1768,0,28860,1,0,0,0,0,,,"Sartharion le Gardien d'Onyx",,,,,,,,,,,,,,0xFF01FE,0,0,0,0,2,
6434,1515,28,58630,1,0,0,0,0,,,"Mal'Ganis",,,,,,,,,,,,,,0xFF01FE,0,0,0,0,2,
6441,1737,0,28094,1,0,0,0,0,,,"Démolisseur de Joug-d'hiver",,,,,,,,,,,,,,0xFF01FE,0,0,0,0,2,
6487,1777,29,45569,1,0,0,0,0,,,"Pain de raie manta",,,,,,,,,,,,,,0xFF01FE,0,0,0,0,2,
6601,1780,41,43492,1,0,0,0,0,,,"Hareng hanté",,,,,,,,,,,,,,0xFF01FE,0,0,0,0,2,
6609,1782,27,13101,1,0,0,0,0,,,"Convention à l'Abracadabar",,,,,,,,,,,,,,0xFF01FE,0,0,0,0,2,
6614,1783,27,13113,1,0,0,0,0,,,"Convention à l'Abracadabar",,,,,,,,,,,,,,0xFF01FE,0,0,0,0,2,
6619,1784,8,877,0,0,0,0,0,,,"Le gâteau n'est pas un mensonge",,,,,,,,,,,,,,0xFF01FE,0,0,0,0,2,
6627,1785,41,34753,1,0,0,0,0,,,"Bassin d'Arathi",,,,,,,,,,,,,,0xFF01FE,0,0,0,0,2,
6634,604,70,0,5,0,0,0,0,,,"Lune-d'argent",,,,,,,,,,,,,,0xFF01FE,0,0,0,0,2,
6638,603,70,0,5,0,0,0,0,,,"Darnassus",,,,,,,,,,,,,,0xFF01FE,0,0,0,0,2,
6642,1786,30,61,1,0,0,0,0,,,"Attaquer une tour dans la vallée d'Alterac",,,,,,,,,,,,,,0xFF01FE,0,0,0,0,2,
6652,1788,41,43490,1,0,0,0,0,,,"Délicieux petit four",,,,,,,,,,,,,,0xFF01FE,0,0,0,0,2,
6663,1792,34,28740,0,0,0,0,0,,,"Moustaches le rat",,,,,,,,,,,,,,0xFF01FE,2,0,0,0,2,
6744,1793,8,1788,0,0,0,0,0,,,"Montrer le mauvais exemple",,,,,,,,,,,,,,0xFF01FE,0,0,0,0,2,
6759,1800,29,33290,1,0,0,0,0,,,"Truite noircie",,,,,,,,,,,,,,0xFF01FE,0,0,0,0,2,
6789,432,74,0,1,0,0,0,0,,,"Champion des naaru",,,,,,,,,,,,,,0xFF01FE,2,0,0,0,2,
6806,500,0,26532,1,0,0,0,0,,,"Chronoseigneur Epoque",,,,,,,,,,,,,,0xFF01FE,0,0,0,0,2,
6814,493,0,26631,1,0,0,0,0,,,"Novos l'Invocateur",,,,,,,,,,,,,,0xFF01FE,0,0,0,0,2,
6818,3838,42,40753,1,0,0,0,0,,,"Emblème de vaillance",,,,,,,,,,,,,,0xFF01FE,3,0,0,0,2,
6825,3839,42,40753,25,0,0,0,0,,,"25 emblèmes de vaillance",,,,,,,,,,,,,,0xFF01FE,3,0,0,0,2,
6826,3840,42,40753,50,0,0,0,0,,,"50 emblèmes de vaillance",,,,,,,,,,,,,,0xFF01FE,3,0,0,0,2,
6827,3841,42,40753,100,0,0,0,0,,,"100 emblèmes de vaillance",,,,,,,,,,,,,,0xFF01FE,3,0,0,0,2,
6828,3842,42,40753,250,0,0,0,0,,,"250 emblèmes de vaillance",,,,,,,,,,,,,,0xFF01FE,3,0,0,0,2,
6829,3843,42,40753,500,0,0,0,0,,,"500 emblèmes de vaillance",,,,,,,,,,,,,,0xFF01FE,3,0,0,0,2,
6830,3844,42,40753,1000,0,0,0,0,,,"1 000 emblèmes de vaillance",,,,,,,,,,,,,,0xFF01FE,3,0,0,0,2,
6832,497,0,28546,1,0,0,0,0,,,"Ionar",,,,,,,,,,,,,,0xFF01FE,0,0,0,0,2,
6840,495,0,29305,1,0,0,0,0,,,"Moorabi",,,,,,,,,,,,,,0xFF01FE,0,0,0,0,2,
6849,491,0,28921,1,0,0,0,0,,,"Hadronox",,,,,,,,,,,,,,0xFF01FE,0,0,0,0,2,
6852,492,0,29309,1,0,0,0,0,,,"Ancien Nadox",,,,,,,,,,,,,,0xFF01FE,0,0,0,0,2,
6858,496,0,27978,1,0,0,0,0,,,"Sjonnir le Sculptefer",,,,,,,,,,,,,,0xFF01FE,0,0,0,0,2,
6860,498,0,27655,1,0,0,0,0,,,"Seigneur-mage Urom",,,,,,,,,,,,,,0xFF01FE,0,0,0,0,2,
6865,499,0,26687,1,0,0,0,0,,,"Gortok Pâle-sabot",,,,,,,,,,,,,,0xFF01FE,0,0,0,0,2,
6935,485,28,59046,1,0,0,0,0,,,"Le tribunal des Âges",,,,,,,,,,,,,,0xFF01FE,0,0,0,0,2,
6975,415,34,58983,0,0,0,0,0,,,"Grand ours du Blizzard",,,,,,,,,,,,,,0xFF01FE,2,0,0,0,2,
6981,1836,42,34486,1,0,0,0,0,,,"Vieux malin",,,,,,,,,,,,,,0xFF01FE,2,0,0,0,2,
6982,1837,36,34484,1,0,0,0,0,,,"Vieux gueule-de-fer",,,,,,,,,,,,,,0xFF01FE,2,0,0,0,2,
7138,1865,0,29312,1,0,0,0,0,,,"Lavanthor",,,,,,,,,,,,,,0xFF01FE,0,0,0,0,2,
7157,578,0,16060,1,0,0,0,0,,,"Gothik le Moissonneur",,,,,,,,,,,,,,0xFF01FE,0,0,0,0,2,
7167,579,0,15936,1,0,0,0,0,,,"Heigan l'Impur",,,,,,,,,,,,,,0xFF01FE,0,0,0,0,2,
7178,1871,0,27656,1,0,0,0,0,,,"Drake émeraude",,,,,,,,,,,,,,0xFF01FE,0,0,0,0,2,
7188,1877,0,30452,1,0,0,0,0,,,"Ténébron",,,,,,,,,,,,,,0xFF01FE,0,0,0,0,2,
7190,624,0,30452,1,0,0,0,0,,,"Ténébron",,,,,,,,,,,,,,0xFF01FE,0,0,0,0,2,
7195,1066,54,52,0,0,0,0,0,,,"marrade",,,,,,,,,,,,,,0xFF01FE,0,0,0,0,2,
7221,1745,112,185,0,0,0,0,0,,,"Recettes de cuisine connues",,,,,,,,,,,,,,0xFF01FE,0,0,0,0,2,
7222,1748,112,129,0,0,0,0,0,,,"Manuels de secourisme appris",,,,,,,,,,,,,,0xFF01FE,0,0,0,0,2,
7223,1729,112,171,0,0,0,0,0,,,"Recettes d'alchimie connues",,,,,,,,,,,,,,0xFF01FE,0,0,0,0,2,
7224,1730,112,164,0,0,0,0,0,,,"Plans de forge connus",,,,,,,,,,,,,,0xFF01FE,0,0,0,0,2,
7225,178,112,333,0,0,0,0,0,,,"Formules d'enchantement connues",,,,,,,,,,,,,,0xFF01FE,0,0,0,0,2,
7226,1734,112,202,0,0,0,0,0,,,"Schémas d'ingénierie connus",,,,,,,,,,,,,,0xFF01FE,0,0,0,0,2,
7227,1735,112,773,0,0,0,0,0,,,"Calligraphies connues",,,,,,,,,,,,,,0xFF01FE,0,0,0,0,2,
7228,1738,112,755,0,0,0,0,0,,,"Dessins de joaillerie connus",,,,,,,,,,,,,,0xFF01FE,0,0,0,0,2,
7229,1740,112,165,0,0,0,0,0,,,"Patrons de travail du cuir connus",,,,,,,,,,,,,,0xFF01FE,0,0,0,0,2,
7230,1741,112,197,0,0,0,0,0,,,"Patrons de couture connus",,,,,,,,,,,,,,0xFF01FE,0,0,0,0,2,
7233,1936,34,39709,0,0,0,0,0,,,"Wolpertinger",,,,,,,,,,,,,,0xFF01FE,2,0,0,0,2,
7237,1956,68,192709,1,0,0,0,0,,,"Les écoles de magie des arcanes - Abjuration",,,,,,,,,,,,,,0xFF01FE,0,0,0,0,2,
7245,1957,36,43640,1,0,0,0,0,,,"Pièce d'or d'Archimonde",,,,,,,,,,,,,,0xFF01FE,0,0,0,0,2,
7261,1958,34,59250,0,0,0,0,0,,,"Rat d'égout géant",,,,,,,,,,,,,,0xFF01FE,2,0,0,0,2,
7279,2016,27,12268,1,0,0,0,0,,,"Pour quelques bouts de ferraille de plus…",,,,,,,,,,,,,,0xFF01FE,0,0,0,0,2,
7288,2017,27,12270,1,0,0,0,0,,,"Déchiquetez l'Alliance",,,,,,,,,,,,,,0xFF01FE,0,0,0,0,2,
7297,2018,27,13241,1,0,0,0,0,,,"Timear prédit des berserkers ymirjar dans votre avenir !",,,,,,,,,,,,,,0xFF01FE,0,0,0,0,2,
7301,2019,27,13246,1,0,0,0,0,,,"Preuve de la mort de Keristrasza",,,,,,,,,,,,,,0xFF01FE,0,0,0,0,2,
7369,2076,34,60114,0,0,0,0,0,,,"Ours brun cuirassé",,,,,,,,,,,,,,0xFF01FE,2,0,0,0,2,
7372,2077,34,59791,0,0,0,0,0,,,"Mammouth laineux",,,,,,,,,,,,,,0xFF01FE,2,0,0,0,2,
7381,2078,34,61447,0,0,0,0,0,,,"Mammouth de voyage de la toundra",,,,,,,,,,,,,,0xFF01FE,2,0,0,0,2,
7388,2080,34,59785,0,0,0,0,0,,,"Mammouth de guerre noir",,,,,,,,,,,,,,0xFF01FE,2,0,0,0,2,
7392,2081,34,61467,0,0,0,0,0,,,"Grand mammouth de guerre noir",,,,,,,,,,,,,,0xFF01FE,2,0,0,0,2,
7394,2082,36,43958,1,0,0,0,0,,,"Mammouth des glaces",,,,,,,,,,,,,,0xFF01FE,2,0,0,0,2,
7398,2083,36,43961,1,0,0,0,0,,,"Grand mammouth des glaces",,,,,,,,,,,,,,0xFF01FE,2,0,0,0,2,
7402,2084,36,40585,1,0,0,0,0,,,"Chevalière du Kirin Tor",,,,,,,,,,,,,,0xFF01FE,2,0,0,0,2,
7416,2092,74,0,1,0,0,0,0,,,"Gladiateur",,,,,,,,,,,,,,0xFF01FE,2,0,0,0,2,
7419,2093,74,0,1,0,0,0,0,,,"Duelliste",,,,,,,,,,,,,,0xFF01FE,2,0,0,0,2,
7442,2094,42,43703,1,0,0,0,0,,,"Pièce de cuivre d'Ansirem",,,,,,,,,,,,,,0xFF01FE,0,0,0,0,2,
7464,2095,42,43686,1,0,0,0,0,,,"Pièce d'argent d'Alleria",,,,,,,,,,,,,,0xFF01FE,0,0,0,0,2,
7487,2096,8,2095,0,0,0,0,0,,,"L'argent coule à flots",,,,,,,,,,,,,,0xFF01FE,0,0,0,0,2,
7492,2097,34,60424,0,0,0,0,0,,,"Bécane de mekgénieur",,,,,,,,,,,,,,0xFF01FE,2,0,0,0,2,
7529,2137,8,1858,0,0,0,0,0,,,"Arachnophobie",,,,,,,,,,,,,,0xFF01FE,0,0,0,0,2,
7539,2138,8,1859,0,0,0,0,0,,,"Arachnophobie (25 joueurs)",,,,,,,,,,,,,,0xFF01FE,0,0,0,0,2,
7554,2144,8,1707,0,0,0,0,0,,,"Cœur d'artichaut",,,,,,,,,,,,,,0xFF01FE,0,0,0,0,2,
7561,2145,8,1693,0,0,0,0,0,,,"Cœur d'artichaut",,,,,,,,,,,,,,0xFF01FE,0,0,0,0,2,
7580,2136,8,2150,0,0,0,0,0,,,"Dédoublement de personnalité",,,,,,,,,,,,,,0xFF01FE,0,0,0,0,2,
7643,2194,8,1310,0,0,0,0,0,,,"Le grand débarquement",,,,,,,,,,,,,,0xFF01FE,0,0,0,0,2,
7655,2195,8,1310,0,0,0,0,0,,,"Le grand débarquement",,,,,,,,,,,,,,0xFF01FE,0,0,0,0,2,
7705,1723,70,0,100,0,0,0,0,,,"Canon",,,,,,,,,,,,,,0xFF01FE,3,0,0,0,2,
7710,2199,70,0,10,0,0,0,0,,,"Atelier de l'Estincelle",,,,,,,,,,,,,,0xFF01FE,0,0,0,0,2,
7723,1752,8,1755,0,0,0,0,0,,,"Ployez sous notre joug",,,,,,,,,,,,,,0xFF01FE,0,0,0,0,2,
7767,389,36,19024,1,0,0,0,0,,,"Objet Grand maître de l'arène obtenu",,,,,,,,,,,,,,0xFF01FE,2,0,0,0,2,
7769,1502,30,42,1,0,0,0,0,,,"Capturer en 75 secondes",,,,,,,,,,,,,,0xFF01FE,10,6,61265,75,2,
7771,322,20,26794,0,0,0,0,0,,,"Ormorok le Sculpte-arbre",,,,,,,,,,,,,,0xFF01FE,0,0,0,0,2,
7805,1375,28,59450,1,0,0,0,0,,,"Les quatre cavaliers",,,,,,,,,,,,,,0xFF01FE,0,0,0,0,2,
7806,1383,28,59450,1,0,0,0,0,,,"Les quatre cavaliers",,,,,,,,,,,,,,0xFF01FE,0,0,0,0,2,
7810,323,20,15953,0,0,0,0,0,,,"Grande veuve Faerlina",,,,,,,,,,,,,,0xFF01FE,0,0,0,0,2,
7830,324,20,16060,0,0,0,0,0,,,"Gothik le Moissonneur",,,,,,,,,,,,,,0xFF01FE,0,0,0,0,2,
7855,799,28,2008,0,0,0,0,0,,,"Esprit ancestral",,,,,,,,,,,,,,0xFF01FE,0,0,0,0,2,
7859,800,28,10324,0,0,0,0,0,,,"Rédemption",,,,,,,,,,,,,,0xFF01FE,0,0,0,0,2,
8101,2256,0,32501,1,0,0,0,0,,,"Grand thane Jorfus",,,,,,,,,,,,,,0xFF01FE,0,0,0,0,2,
8146,686,27,7787,1,0,0,0,0,,,"Lame-tonnerre, épée bénie du Cherchevent",,,,,,,,,,,,,,0xFF01FE,2,0,0,0,2,
8588,837,32,559,0,0,0,0,0,,,"Victoires en Nagrand",,,,,,,,,,,,,,0xFF01FE,0,0,0,0,2,
8591,838,33,617,0,0,0,0,0,,,"Matchs dans les égouts de Dalaran",,,,,,,,,,,,,,0xFF01FE,0,0,0,0,2,
8596,363,33,559,0,0,0,0,0,,,"Matchs en Nagrand à 5c5",,,,,,,,,,,,,,0xFF01FE,0,0,0,0,2,
8602,362,32,618,0,0,0,0,0,,,"Victoires dans l'arène des valeureux à 5c5",,,,,,,,,,,,,,0xFF01FE,0,0,0,0,2,
8604,365,33,559,0,0,0,0,0,,,"Matchs en Nagrand à 3c3",,,,,,,,,,,,,,0xFF01FE,0,0,0,0,2,
8608,364,32,559,0,0,0,0,0,,,"Victoires en Nagrand à 3c3",,,,,,,,,,,,,,0xFF01FE,0,0,0,0,2,
8612,367,33,559,0,0,0,0,0,,,"Matchs en Nagrand à 2c2",,,,,,,,,,,,,,0xFF01FE,0,0,0,0,2,
8615,366,32,617,0,0,0,0,0,,,"Victoires à Dalaran à 2c2",,,,,,,,,,,,,,0xFF01FE,0,0,0,0,2,
8648,923,41,3388,0,0,0,0,0,,,"Elixir de sang de troll fort",,,,,,,,,,,,,,0xFF01FE,0,0,0,0,2,
8699,347,41,20227,0,0,0,0,0,,,"Rations de fer des Hautes-terres",,,,,,,,,,,,,,0xFF01FE,2,0,0,0,2,
8759,1310,28,65246,1,0,0,3,607,,,"Victoire en 4 minutes",,,,,,,,,,,,,,0xFF01FE,10,1,21702,240,2,
8761,801,29,20760,0,0,0,0,0,,,"Utilisation de pierre d'âme",,,,,,,,,,,,,,0xFF01FE,0,0,0,0,2,
8779,2316,34,58615,0,0,0,0,0,,,"Drake du Néant brutal",,,,,,,,,,,,,,0xFF01FE,2,0,0,0,2,
8819,2336,46,21,42000,0,0,0,0,,,"Exalté auprès de Baie-du-Butin",,,,,,,,,,,,,,0xFF01FE,0,0,0,0,2,
8907,2358,27,9737,1,0,0,0,0,,,"Les vrais maîtres de la Lumière",,,,,,,,,,,,,,0xFF01FE,2,0,0,0,2,
9061,1727,28,60676,1,0,0,0,0,,,"Détruire une tour",,,,,,,,,,,,,,0xFF01FE,2,0,0,0,2,
9082,412,41,33079,1,0,0,0,0,,,"Costume de murloc",,,,,,,,,,,,,,0xFF01FE,2,0,0,0,2,
9139,2436,29,61818,1,0,0,0,0,,,"Désolace",,,,,,,,,,,,,,0xFF01FE,0,0,0,0,2,
9143,2422,110,61815,1,0,0,0,0,,,"Draeneï",,,,,,,,,,,,,,0xFF01FE,0,0,0,0,2,
9159,2456,34,51851,0,0,0,0,0,,,"",,,,,,,,,,,,,,0xFF01FE,2,0,0,0,2,
9160,1198,113,0,0,0,0,0,0,,,"Victoires honorables",,,,,,,,,,,,,,0xFF01FE,0,0,0,0,2,
9161,383,70,0,0,0,0,0,0,,,"Victimes dans l'arène des égoûts de Dalaran",,,,,,,,,,,,,,0xFF01FE,0,0,0,0,2,
9168,275,34,40613,0,0,0,0,0,,,"Willy",,,,,,,,,,,,,,0xFF01FE,0,0,0,0,2,
9179,2476,0,28094,1,0,0,0,0,,,"Démolisseur de Joug-d'hiver",,,,,,,,,,,,,,0xFF01FE,0,0,0,0,2,
9199,2419,29,61875,1,0,0,0,0,,,"Dolanaar",,,,,,,,,,,,,,0xFF01FE,0,0,0,0,2,
9203,2497,29,61875,1,0,0,0,0,,,"Brill",,,,,,,,,,,,,,0xFF01FE,0,0,0,0,2,
9258,1234,28,61863,1,0,0,0,0,,,"Le prophète Tharon'ja",,,,,,,,,,,,,,0xFF01FE,0,0,0,0,2,
9260,1508,28,61863,1,0,0,0,0,,,"Le prophète Tharon'ja",,,,,,,,,,,,,,0xFF01FE,0,0,0,0,2,
9300,2557,54,225,1,0,0,0,0,,,"Marmotte boréenne",,,,,,,,,,,,,,0xFF01FE,0,0,0,0,2,
9338,1703,36,44731,1,0,0,0,0,,,"Bouquet de roses ébène",,,,,,,,,,,,,,0xFF01FE,2,0,0,0,2,
9619,2716,69,63624,1,0,0,0,0,,,"Apprendre une seconde spécialisation des talents.",,,,,,,,,,,,,,0xFF01FE,2,0,0,0,2,
9658,2760,27,13725,1,0,0,0,0,,,"Champion de Darnassus",,,,,,,,,,,,,,0xFF01FE,0,0,0,0,2,
9659,2761,27,13724,1,0,0,0,0,,,"Champion de l'Exodar",,,,,,,,,,,,,,0xFF01FE,0,0,0,0,2,
9660,2762,27,13723,1,0,0,0,0,,,"Champion de Gnomeregan",,,,,,,,,,,,,,0xFF01FE,0,0,0,0,2,
9661,2763,27,13713,1,0,0,0,0,,,"Champion de Forgefer",,,,,,,,,,,,,,0xFF01FE,0,0,0,0,2,
9662,2764,27,13699,1,0,0,0,0,,,"Champion de Hurlevent",,,,,,,,,,,,,,0xFF01FE,0,0,0,0,2,
9663,2765,27,13726,1,0,0,0,0,,,"Champion d'Orgrimmar",,,,,,,,,,,,,,0xFF01FE,0,0,0,0,2,
9664,2766,27,13727,1,0,0,0,0,,,"Champion de Sen'jin",,,,,,,,,,,,,,0xFF01FE,0,0,0,0,2,
9665,2767,27,13731,1,0,0,0,0,,,"Champion de Lune-d'argent",,,,,,,,,,,,,,0xFF01FE,0,0,0,0,2,
9666,2768,27,13728,1,0,0,0,0,,,"Champion des Pitons du Tonnerre",,,,,,,,,,,,,,0xFF01FE,0,0,0,0,2,
9667,2769,27,13729,1,0,0,0,0,,,"Champion de Fossoyeuse",,,,,,,,,,,,,,0xFF01FE,0,0,0,0,2,
9669,2770,8,2761,0,0,0,0,0,,,"Champion de l'Exodar",,,,,,,,,,,,,,0xFF01FE,0,0,0,0,2,
9674,2771,8,2766,0,0,0,0,0,,,"Champion de Sen'jin",,,,,,,,,,,,,,0xFF01FE,0,0,0,0,2,
9699,2756,27,13668,1,0,0,0,0,,,"",,,,,,,,,,,,,,0xFF01FE,2,0,0,0,2,
9719,2090,74,0,1,0,0,0,0,,,"Rival",,,,,,,,,,,,,,0xFF01FE,2,0,0,0,2,
9756,2758,27,13707,1,0,0,0,0,,,"",,,,,,,,,,,,,,0xFF01FF,2,0,0,0,2,
9759,2776,8,1755,0,0,0,0,0,,,"Ployez sous notre joug",,,,,,,,,,,,,,0xFF01FE,0,0,0,0,2,
9779,2782,8,2778,0,0,0,0,0,,,"Champion de l'Exodar",,,,,,,,,,,,,,0xFF01FE,0,0,0,0,2,
9789,2788,8,2784,0,0,0,0,0,,,"Champion de Sen'jin",,,,,,,,,,,,,,0xFF01FE,0,0,0,0,2,
9818,2556,0,1412,1,0,0,0,0,,,"Écureuil",,,,,,,,,,,,,,0xFF01FE,0,0,0,0,2,
9819,2596,0,16998,1,0,0,0,0,,,"M. Bigglesworth",,,,,,,,,,,,,,0xFF01FE,0,0,0,0,2,
9839,259,110,25677,1,0,0,0,0,,,"Lancer une boule de neige à Cairne Sabot-de-sang",,,,,,,,,,,,,,0xFF01FE,2,0,0,0,2,
9860,2796,27,12278,1,0,0,0,0,,,"",,,,,,,,,,,,,,0xFF01FE,2,0,0,0,2,
9864,2797,8,2418,0,0,0,0,0,,,"C'est fort en chocolat",,,,,,,,,,,,,,0xFF01FE,0,0,0,0,2,
9872,2798,8,2418,0,0,0,0,0,,,"C'est fort en chocolat",,,,,,,,,,,,,,0xFF01FE,0,0,0,0,2,
9899,2816,8,2765,0,0,0,0,0,,,"Champion d'Orgrimmar",,,,,,,,,,,,,,0xFF01FE,0,0,0,0,2,
9905,2817,8,2760,0,0,0,0,0,,,"Champion de Darnassus",,,,,,,,,,,,,,0xFF01FE,0,0,0,0,2,
9968,1770,0,33113,1,0,0,0,0,,,"Léviathan des flammes",,,,,,,,,,,,,,0xFF01FE,0,0,0,0,2,
9969,1756,0,33113,1,0,0,0,0,,,"Léviathan des flammes",,,,,,,,,,,,,,0xFF01FE,0,0,0,0,2,
10000,2886,0,33186,1,0,0,0,0,,,"Tranchécaille",,,,,,,,,,,,,,0xFF01FE,0,0,0,0,2,
10004,2887,0,33186,1,0,0,0,0,,,"Tranchécaille",,,,,,,,,,,,,,0xFF01FE,0,0,0,0,2,
10008,2888,0,32930,1,0,0,0,0,,,"Kologarn",,,,,,,,,,,,,,0xFF01FE,0,0,0,0,2,
10016,2889,0,32930,1,0,0,0,0,,,"Kologarn",,,,,,,,,,,,,,0xFF01FE,0,0,0,0,2,
10024,2892,0,33288,1,0,0,0,0,,,"Yogg-Saron",,,,,,,,,,,,,,0xFF01FE,0,0,0,0,2,
10026,2893,0,33288,1,0,0,0,0,,,"Yogg-Saron",,,,,,,,,,,,,,0xFF01FE,0,0,0,0,2,
10028,2894,8,2888,0,0,0,0,0,,,"L'antichambre d'Ulduar",,,,,,,,,,,,,,0xFF01FE,0,0,0,0,2,
10032,2895,8,2889,0,0,0,0,0,,,"L'antichambre d'Ulduar : mode héroïque",,,,,,,,,,,,,,0xFF01FE,0,0,0,0,2,
10047,2907,0,33113,1,0,0,0,0,,,"Engin de siège de récupération",,,,,,,,,,,,,,0xFF01FE,0,0,0,0,2,
10050,2908,0,33113,1,0,0,0,0,,,"Engin de siège de récupération",,,,,,,,,,,,,,0xFF01FE,0,0,0,0,2,
10102,2957,8,2930,0,0,0,0,0,,,"En surchauffe",,,,,,,,,,,,,,0xFF01FE,0,0,0,0,2,
10224,2836,28,64808,1,0,0,0,0,,,"L'Exodar",,,,,,,,,,,,,,0xFF01FE,0,0,0,0,2,
10238,2970,69,62807,1,0,0,0,0,,,"Hodir",,,,,,,,,,,,,,0xFF01FE,2,0,0,0,2,
10240,2969,69,62807,1,0,0,0,0,,,"Hodir",,,,,,,,,,,,,,0xFF01FE,2,0,0,0,2,
10263,3096,34,64927,0,0,0,0,0,,,"Wyrm de givre du gladiateur fatal",,,,,,,,,,,,,,0xFF01FE,2,0,0,0,2,
10287,2973,0,32872,1,0,0,0,0,,,"Participer au massacre d'un colosse runique",,,,,,,,,,,,,,0xFF01FE,0,0,0,0,2,
10311,2974,0,32872,1,0,0,0,0,,,"Participer au massacre d'un colosse runique",,,,,,,,,,,,,,0xFF01FE,0,0,0,0,2,
10322,3016,69,63988,1,0,0,0,0,,,"La création de l'Âme du démon",,,,,,,,,,,,,,0xFF01FE,0,0,0,0,2,
10325,3015,69,63988,1,0,0,0,0,,,"La création de l'Âme du démon",,,,,,,,,,,,,,0xFF01FE,0,0,0,0,2,
10342,2903,0,33118,1,0,0,0,0,,,"Ignis le maître de la Fournaise",,,,,,,,,,,,,,0xFF01FE,0,0,0,0,2,
10355,2904,0,33118,1,0,0,0,0,,,"Ignis le maître de la Fournaise",,,,,,,,,,,,,,0xFF01FE,0,0,0,0,2,
10367,2958,8,2929,0,0,0,0,0,,,"En surchauffe (25 joueurs)",,,,,,,,,,,,,,0xFF01FE,0,0,0,0,2,
10395,2984,28,65015,1,0,0,0,0,,,"Freya",,,,,,,,,,,,,,0xFF01FE,2,0,0,0,2,
10397,2985,28,65015,1,0,0,0,0,,,"Freya",,,,,,,,,,,,,,0xFF01FE,2,0,0,0,2,
10418,2945,0,32857,1,0,0,0,0,,,"Mande-foudre Brundir",,,,,,,,,,,,,,0xFF01FE,2,0,0,0,2,
10420,2946,0,32867,1,0,0,0,0,,,"Léviathan des flammes",,,,,,,,,,,,,,0xFF01FE,2,0,0,0,2,
10422,2947,0,32867,1,0,0,0,0,,,"Léviathan des flammes",,,,,,,,,,,,,,0xFF01FE,2,0,0,0,2,
10424,2948,0,32867,1,0,0,0,0,,,"Léviathan des flammes",,,,,,,,,,,,,,0xFF01FE,2,0,0,0,2,
10438,2890,28,64985,1,0,0,0,0,,,"Thorim",,,,,,,,,,,,,,0xFF01FE,0,0,0,0,2,
10442,1255,110,46661,1,0,0,0,0,,,"Lancer une boule de neige au roi Magni Barbe-de-bronze",,,,,,,,,,,,,,0xFF01FE,2,0,0,0,2,
10454,2891,28,64985,1,0,0,0,0,,,"Thorim",,,,,,,,,,,,,,0xFF01FE,0,0,0,0,2,
10519,3216,112,186,0,0,0,0,0,,,"Fontes connues",,,,,,,,,,,,,,0xFF01FE,0,0,0,0,2,
10521,3217,27,13832,1,0,0,0,0,,,"Le joyau des égouts",,,,,,,,,,,,,,0xFF01FE,0,0,0,0,2,
10526,3218,34,64731,0,0,0,0,0,,,"Tortue de mer",,,,,,,,,,,,,,0xFF01FE,2,0,0,0,2,
10544,2989,0,33432,1,0,0,0,0,,,"Frappe de fusée",,,,,,,,,,,,,,0xFF01FE,0,0,0,0,2,
10547,3237,0,33432,1,0,0,0,0,,,"Frappe de fusée",,,,,,,,,,,,,,0xFF01FE,0,0,0,0,2,
10739,3356,36,13086,1,0,0,0,0,,,"",,,,,,,,,,,,,,0xFFEBFE,2,0,0,0,2,
10741,3357,36,46102,1,0,0,0,0,,,"",,,,,,,,,,,,,,0xFFEBFE,2,0,0,0,2,
10781,3003,28,65184,1,0,0,9,65311,,,"Vaincre Algalon l'Observateur",,,,,,,,,,,,,,0xFF01FE,4,0,0,0,2,
10783,3002,28,65184,1,0,0,9,65311,,,"Vaincre Algalon l'Observateur",,,,,,,,,,,,,,0xFF01FE,4,0,0,0,2,
10881,2091,74,0,1,0,0,0,0,,,"Gladiateur fatal",,,,,,,,,,,,,,0xFF01FE,2,0,0,0,2,
10965,3496,34,49379,0,0,0,0,0,,,"Grand kodo de la fête des Brasseurs",,,,,,,,,,,,,,0xFF01FE,2,0,0,0,2,
11039,3536,34,66030,0,0,0,0,0,,,"",,,,,,,,,,,,,,0xFFFDFE,2,0,0,0,2,
11080,3556,69,61849,1,0,0,0,0,,,"L'Exodar",,,,,,,,,,,,,,0xFF01FE,0,0,0,0,2,
11083,3557,69,61849,1,0,0,0,0,,,"Lune-d'argent",,,,,,,,,,,,,,0xFF01FE,0,0,0,0,2,
11118,3576,29,62049,1,0,0,0,0,,,"Sauce aux canneberges",,,,,,,,,,,,,,0xFF01FE,0,0,0,0,2,
11124,3577,29,66035,1,0,0,0,0,,,"Sauce aux canneberges",,,,,,,,,,,,,,0xFF01FE,0,0,0,0,2,
11135,3580,69,65403,1,0,0,0,0,,,"Lune-d'argent",,,,,,,,,,,,,,0xFF01FE,0,0,0,0,2,
11138,3581,69,65403,1,0,0,0,0,,,"L'Exodar",,,,,,,,,,,,,,0xFF01FE,0,0,0,0,2,
11164,3559,110,61781,1,0,0,0,0,,,"Voleur nain",,,,,,,,,,,,,,0xFF01FE,0,0,0,0,2,
11167,3558,29,66372,1,0,0,0,0,,,"Sauce aux canneberges",,,,,,,,,,,,,,0xFF01FE,0,0,0,0,2,
11178,3579,110,61926,1,0,0,0,0,,,"",,,,,,,,,,,,,,0xFF75FE,2,0,0,0,2,
11200,3596,27,14051,1,0,0,0,0,,,"N'oubliez pas la farce !",,,,,,,,,,,,,,0xFF01FE,0,0,0,0,2,
11204,3597,27,14062,1,0,0,0,0,,,"N'oubliez pas la farce !",,,,,,,,,,,,,,0xFF01FE,0,0,0,0,2,
11225,3618,36,45180,1,0,0,0,0,,,"Petite lance de Bourbimus",,,,,,,,,,,,,,0xFF01FE,2,0,0,0,2,
11258,3478,8,3576,0,0,0,0,0,,,"Maintenant, on peut cuisiner !",,,,,,,,,,,,,,0xFF01FE,0,0,0,0,2,
11267,3656,8,3577,0,0,0,0,0,,,"Maintenant, on peut cuisiner !",,,,,,,,,,,,,,0xFF01FE,0,0,0,0,2,
11321,3696,27,13724,1,0,0,0,0,,,"",,,,,,,,,,,,,,0xFFF7FF,2,0,0,0,2,
11330,3676,8,3696,0,0,0,0,0,,,"Rang au tournoi d'Argent : champion",,,,,,,,,,,,,,0xFF01FE,2,0,0,0,2,
11331,3677,8,3696,0,0,0,0,0,,,"Rang au tournoi d'Argent : champion",,,,,,,,,,,,,,0xFF01FE,2,0,0,0,2,
11399,3756,34,65439,0,0,0,0,0,,,"Wyrm de givre du gladiateur furieux",,,,,,,,,,,,,,0xFF01FE,2,0,0,0,2,
11401,3757,34,67336,0,0,0,0,0,,,"",,,,,,,,,,,,,,0xFF01FE,2,0,0,0,2,
11487,3845,30,245,1,3,628,3,628,,,"Attaquer une base",,,,,,,,,,,,,,0xFF01FE,12,0,0,0,2,
11493,3847,28,68364,1,0,0,0,0,,,"Engin de siège",,,,,,,,,,,,,,0xFF01FE,0,0,0,0,2,
11498,3856,56,0,1,0,0,0,0,,,"Démolisseur",,,,,,,,,,,,,,0xFF01FE,0,0,0,0,2,
11503,3857,8,3851,0,0,0,0,0,,,"La mine",,,,,,,,,,,,,,0xFF01FE,0,0,0,0,2,
11546,3812,0,34780,1,0,0,0,0,,,"Vaincre le seigneur Jaraxxus",,,,,,,,,,,,,,0xFF01FE,0,0,0,0,2,
11619,3876,42,40753,1500,0,0,0,0,,,"Emblème de vaillance",,,,,,,,,,,,,,0xFF01FE,3,0,0,0,2,
11639,3896,36,48527,1,0,0,0,0,,,"",,,,,,,,,,,,,,0xFFF7FF,2,0,0,0,2,
11680,3916,0,34780,1,0,0,0,0,,,"Vaincre le seigneur Jaraxxus",,,,,,,,,,,,,,0xFF01FE,0,0,0,0,2,
11685,3917,0,34780,1,0,0,0,0,,,"Vaincre le seigneur Jaraxxus",,,,,,,,,,,,,,0xFF01FE,0,0,0,0,2,
11690,3918,0,34780,1,0,0,0,0,,,"Vaincre le seigneur Jaraxxus",,,,,,,,,,,,,,0xFF01FE,0,0,0,0,2,
11718,263,0,25865,1,0,0,0,0,,,"",,,,,,,,,,,,,,0xFFF9FE,2,0,0,0,2,
11719,353,29,39937,0,0,0,0,0,,,"Souliers de rubis",,,,,,,,,,,,,,0xFF01FE,0,0,0,0,2,
11750,3957,8,4177,0,0,0,0,0,,,"Elle est à moi !",,,,,,,,,,,,,,0xFF01FE,0,0,0,0,2,
11800,3814,28,68620,1,0,0,0,0,,,"Champions de faction",,,,,,,,,,,,,,0xFF01FE,2,0,0,0,2,
11801,3813,0,34797,1,0,0,0,0,,,"Glace-hurlante",,,,,,,,,,,,,,0xFF01FE,2,0,0,0,2,
11802,3797,0,34797,1,0,0,0,0,,,"Glace-hurlante",,,,,,,,,,,,,,0xFF01FE,2,0,0,0,2,
11804,3798,28,68620,1,0,0,0,0,,,"Champions de faction",,,,,,,,,,,,,,0xFF01FE,2,0,0,0,2,
11860,3815,0,34497,1,0,0,0,0,,,"Les jumelles val'kyrs",,,,,,,,,,,,,,0xFF01FE,10,1,21853,180,2,
11861,3996,0,34780,1,0,0,0,0,,,"Seigneur Jaraxxus",,,,,,,,,,,,,,0xFF01FE,2,0,0,0,2,
11862,3997,0,34780,1,0,0,0,0,,,"Seigneur Jaraxxus",,,,,,,,,,,,,,0xFF01FE,2,0,0,0,2,
11904,3802,28,68206,1,0,0,0,0,,,"VanCleef",,,,,,,,,,,,,,0xFF01FE,0,0,0,0,2,
12038,594,20,34942,0,0,0,0,0,,,"Morts par Lardeur",,,,,,,,,,,,,,0xFF01FE,0,0,0,0,2,
12063,3851,1,628,1,3,628,3,628,,,"Victoire sur l'île des Conquérants",,,,,,,,,,,,,,0xFF01FE,2,0,0,0,2,
12065,4177,1,628,1,3,628,3,628,,,"Victoire sur l'île des Conquérants",,,,,,,,,,,,,,0xFF01FE,2,0,0,0,2,
12068,3850,35,0,100,0,0,0,0,,,"Personnages-joueurs tués",,,,,,,,,,,,,,0xFF01FE,1,0,0,0,2,
12159,3853,31,4750,1,3,628,3,628,,,"Hangar",,,,,,,,,,,,,,0xFF01FE,4,0,0,0,2,
12179,4256,56,0,1,0,0,0,0,,,"Démolisseur",,,,,,,,,,,,,,0xFF01FE,0,0,0,0,2,
12258,3799,0,34497,1,0,0,0,0,,,"Les jumelles val'kyrs",,,,,,,,,,,,,,0xFF01FE,10,1,21853,180,2,
12279,3937,28,68523,1,0,0,0,0,,,"Tuer Gueule-d'acide et Écaille-d'effroi à moins de 10 secondes d'intervalle",,,,,,,,,,,,,,0xFF01FE,2,0,0,0,2,
12281,3936,28,68523,1,0,0,0,0,,,"Tuer Gueule-d'acide et Écaille-d'effroi à moins de 10 secondes d'intervalle",,,,,,,,,,,,,,0xFF01FE,2,0,0,0,2,
12298,3778,28,68572,1,0,0,0,0,,,"Lana Rudemartel",,,,,,,,,,,,,,0xFF01FE,0,0,0,0,2,
12303,4296,28,68572,1,0,0,0,0,,,"Nécrotraqueur Viscéri",,,,,,,,,,,,,,0xFF01FE,0,0,0,0,2,
12311,4297,28,68572,1,0,0,0,0,,,"Lana Rudemartel",,,,,,,,,,,,,,0xFF01FE,0,0,0,0,2,
12319,4298,28,68572,1,0,0,0,0,,,"Nécrotraqueur Viscéri",,,,,,,,,,,,,,0xFF01FE,0,0,0,0,2,
12339,3817,0,34564,1,0,0,0,0,,,"Achever l'épreuve du grand croisé",,,,,,,,,,,,,,0xFF01FE,2,0,0,0,2,
12342,3818,0,34564,1,0,0,0,0,,,"Achever l'épreuve du grand croisé",,,,,,,,,,,,,,0xFF01FE,2,0,0,0,2,
12345,3808,0,34564,1,0,0,0,0,,,"Achever l'épreuve du grand croisé",,,,,,,,,,,,,,0xFF01FE,2,0,0,0,2,
12348,3809,0,34564,1,0,0,0,0,,,"Achever l'épreuve du grand croisé",,,,,,,,,,,,,,0xFF01FE,2,0,0,0,2,
12419,4316,42,40753,2500,0,0,0,0,,,"Emblème de vaillance",,,,,,,,,,,,,,0xFF01FE,3,0,0,0,2,
12478,429,57,17182,1,0,0,0,0,,,"",,,,,,,,,,,,,,0xFF01FE,2,0,0,0,2,
12479,428,57,19019,0,0,0,0,0,,,"",,,,,,,,,,,,,,0xFF01FE,2,0,0,0,2,
12482,725,57,34334,1,0,0,0,0,,,"",,,,,,,,,,,,,,0xFF01FE,2,0,0,0,2,
12619,4416,34,10696,0,0,0,0,0,,,"Jeune dragonnet azur",,,,,,,,,,,,,,0xFF01FE,2,0,0,0,2,
12661,4436,110,67531,1,0,0,0,0,,,"Dame Sylvanas Coursevent",,,,,,,,,,,,,,0xFF01FE,0,0,0,0,2,
12664,4437,110,67531,1,0,0,0,0,,,"Roi Magni Barbe-de-bronze",,,,,,,,,,,,,,0xFF01FE,0,0,0,0,2,
12679,4456,0,26861,1,0,0,0,0,,,"Roi Ymiron",,,,,,,,,,,,,,0xFF01FE,0,0,0,0,2,
12739,4516,0,36502,1,0,0,0,0,,,"Dévoreur d'âmes",,,,,,,,,,,,,,0xFF01FE,0,0,0,0,2,
12741,4517,0,36476,1,0,0,0,0,,,"Ick et Krick",,,,,,,,,,,,,,0xFF01FE,0,0,0,0,2,
12746,4519,0,36502,1,0,0,0,0,,,"Dévoreur d'âmes",,,,,,,,,,,,,,0xFF01FE,0,0,0,0,2,
12748,4520,0,36476,1,0,0,0,0,,,"Ick et Krick",,,,,,,,,,,,,,0xFF01FE,0,0,0,0,2,
12758,4527,0,36853,1,0,0,0,0,,,"Sindragosa",,,,,,,,,,,,,,0xFF01FE,0,0,0,0,2,
12760,4528,0,36627,1,0,0,0,0,,,"Trognepus",,,,,,,,,,,,,,0xFF01FE,0,0,0,0,2,
12763,4529,0,37955,1,0,0,0,0,,,"Vaincre la reine de sang Lana'thel",,,,,,,,,,,,,,0xFF01FE,0,0,0,0,2,
12767,4532,8,4528,0,0,0,0,0,,,"La Pesterie",,,,,,,,,,,,,,0xFF01FE,0,0,0,0,2,
12773,4531,0,36855,1,0,0,0,0,,,"Dame Murmemort",,,,,,,,,,,,,,0xFF01FE,0,0,0,0,2,
12799,4556,0,26861,1,0,0,0,0,,,"Roi Ymiron",,,,,,,,,,,,,,0xFF01FE,0,0,0,0,2,
12839,1697,27,24611,1,0,0,0,0,,,"Un cadeau pour le prophète",,,,,,,,,,,,,,0xFF01FE,0,0,0,0,2,
12843,1698,27,24615,1,0,0,0,0,,,"Un cadeau pour le seigneur régent de Quel'Thalas",,,,,,,,,,,,,,0xFF01FE,0,0,0,0,2,
12859,1279,110,27571,1,0,0,0,0,,,"Poignée de pétales de rose sur Sraaz",,,,,,,,,,,,,,0xFF01FE,0,0,0,0,2,
12878,1695,27,24659,1,0,0,0,0,,,"",,,,,,,,,,,,,,0xFF01FC,2,0,0,0,2,
12903,4596,27,24796,0,0,0,0,0,,,"",,,,,,,,,,,,,,0xFF01FC,2,0,0,0,2,
12908,292,42,33292,1,0,0,0,0,,,"Casque de la Sanssaint",,,,,,,,,,,,,,0xFF01FE,0,0,0,0,2,
12910,306,27,24803,1,0,0,0,0,,,"Gagner le tournoi de pêche kalu'ak",,,,,,,,,,,,,,0xFF01FE,2,0,0,0,2,
12914,4600,34,71810,0,0,0,0,0,,,"",,,,,,,,,,,,,,0xFF01FC,2,0,0,0,2,
12948,4604,0,36855,1,0,0,0,0,,,"Dame Murmemort",,,,,,,,,,,,,,0xFF01FE,0,0,0,0,2,
12950,4605,0,36627,1,0,0,0,0,,,"Trognepus",,,,,,,,,,,,,,0xFF01FE,0,0,0,0,2,
12953,4606,0,37955,1,0,0,0,0,,,"Vaincre la reine de sang Lana'thel",,,,,,,,,,,,,,0xFF01FE,0,0,0,0,2,
12955,4607,0,36853,1,0,0,0,0,,,"Sindragosa",,,,,,,,,,,,,,0xFF01FE,0,0,0,0,2,
12959,4608,8,4605,0,0,0,0,0,,,"La Pesterie",,,,,,,,,,,,,,0xFF01FE,0,0,0,0,2,
12979,4579,28,72706,1,0,0,0,0,,,"Valithria",,,,,,,,,,,,,,0xFF01FE,2,0,0,0,2,
12980,4619,28,72706,1,0,0,0,0,,,"Valithria",,,,,,,,,,,,,,0xFF01FE,2,0,0,0,2,
12981,4616,0,36678,1,0,0,0,0,,,"Professeur Putricide",,,,,,,,,,,,,,0xFF01FE,2,0,0,0,2,
12982,4615,0,36626,1,0,0,0,0,,,"Pulentraille",,,,,,,,,,,,,,0xFF01FE,2,0,0,0,2,
12983,4614,0,36627,1,0,0,0,0,,,"Trognepus",,,,,,,,,,,,,,0xFF01FE,2,0,0,0,2,
12985,4538,0,36627,1,0,0,0,0,,,"Trognepus",,,,,,,,,,,,,,0xFF01FE,2,0,0,0,2,
12986,4577,0,36626,1,0,0,0,0,,,"Pulentraille",,,,,,,,,,,,,,0xFF01FE,2,0,0,0,2,
12988,4578,0,36678,1,0,0,0,0,,,"Professeur Putricide",,,,,,,,,,,,,,0xFF01FE,2,0,0,0,2,
12989,4620,0,36853,1,0,0,0,0,,,"Sindragosa",,,,,,,,,,,,,,0xFF01FE,2,0,0,0,2,
12990,4518,0,38113,1,0,0,0,0,,,"Marwyn",,,,,,,,,,,,,,0xFF01FE,0,0,0,0,2,
12991,4521,0,38113,1,0,0,0,0,,,"Marwyn",,,,,,,,,,,,,,0xFF01FE,0,0,0,0,2,
12995,4535,28,72827,1,0,0,0,0,,,"Dame Murmemort",,,,,,,,,,,,,,0xFF01FE,2,0,0,0,2,
12996,4580,0,36853,1,0,0,0,0,,,"Sindragosa",,,,,,,,,,,,,,0xFF01FE,2,0,0,0,2,
12998,4611,28,72827,1,0,0,0,0,,,"Dame Murmemort",,,,,,,,,,,,,,0xFF01FE,2,0,0,0,2,
13011,4539,0,37955,1,0,0,0,0,,,"Vaincre la reine de sang Lana'thel en vampire",,,,,,,,,,,,,,0xFF01FE,0,0,0,0,2,
13013,4618,0,37955,1,0,0,0,0,,,"Vaincre la reine de sang Lana'thel en vampire",,,,,,,,,,,,,,0xFF01FE,0,0,0,0,2,
13032,4617,0,37970,1,0,0,0,0,,,"Prince Valanar",,,,,,,,,,,,,,0xFF01FE,2,0,0,0,2,
13034,4582,0,37970,1,0,0,0,0,,,"Prince Valanar",,,,,,,,,,,,,,0xFF01FE,2,0,0,0,2,
13035,4537,28,72928,1,0,0,0,0,,,"Porte-mort",,,,,,,,,,,,,,0xFF01FE,2,0,0,0,2,
13037,4613,28,72928,1,0,0,0,0,,,"Porte-mort",,,,,,,,,,,,,,0xFF01FE,2,0,0,0,2,
13040,4628,0,36855,1,0,0,0,0,,,"Dame Murmemort",,,,,,,,,,,,,,0xFF01FE,0,0,0,0,2,
13044,4629,0,36627,1,0,0,0,0,,,"Trognepus",,,,,,,,,,,,,,0xFF01FE,0,0,0,0,2,
13047,4630,0,37955,1,0,0,0,0,,,"Vaincre la reine de sang Lana'thel",,,,,,,,,,,,,,0xFF01FE,0,0,0,0,2,
13049,4631,0,36853,1,0,0,0,0,,,"Sindragosa",,,,,,,,,,,,,,0xFF01FE,0,0,0,0,2,
13051,4632,0,36855,1,0,0,0,0,,,"Dame Murmemort",,,,,,,,,,,,,,0xFF01FE,0,0,0,0,2,
13055,4633,0,36627,1,0,0,0,0,,,"Trognepus",,,,,,,,,,,,,,0xFF01FE,0,0,0,0,2,
13058,4634,0,37955,1,0,0,0,0,,,"Vaincre la reine de sang Lana'thel",,,,,,,,,,,,,,0xFF01FE,0,0,0,0,2,
13060,4635,0,36853,1,0,0,0,0,,,"Sindragosa",,,,,,,,,,,,,,0xFF01FE,0,0,0,0,2,
13062,4636,8,4629,0,0,0,0,0,,,"La Pesterie",,,,,,,,,,,,,,0xFF01FE,0,0,0,0,2,
13067,4637,8,4633,0,0,0,0,0,,,"La Pesterie",,,,,,,,,,,,,,0xFF01FE,0,0,0,0,2,
13072,4602,8,4629,0,0,0,0,0,,,"La Pesterie : mode héroïque (10 joueurs)",,,,,,,,,,,,,,0xFF01FE,0,0,0,0,2,
13076,4603,8,4633,0,0,0,0,0,,,"La Pesterie : mode héroïque (25 joueurs)",,,,,,,,,,,,,,0xFF01FE,0,0,0,0,2,
13079,4536,28,72959,1,0,0,0,0,,,"Bataille des canonnières",,,,,,,,,,,,,,0xFF01FE,2,0,0,0,2,
13081,4612,28,72959,1,0,0,0,0,,,"Bataille des canonnières",,,,,,,,,,,,,,0xFF01FE,2,0,0,0,2,
13163,4581,0,36597,1,0,0,0,0,,,"Esprits vils",,,,,,,,,,,,,,0xFF01FE,2,0,0,0,2,
13164,4622,0,36597,1,0,0,0,0,,,"Esprits vils",,,,,,,,,,,,,,0xFF01FE,2,0,0,0,2,
13233,2186,28,59450,1,0,0,0,0,,,"Les quatre cavaliers",,,,,,,,,,,,,,0xFF01FE,2,0,0,0,2,
13237,2187,28,59450,1,0,0,0,0,,,"Les quatre cavaliers",,,,,,,,,,,,,,0xFF01FE,2,0,0,0,2,
13245,4621,0,36597,1,0,0,0,0,,,"Laisser la Peste nécrotique s'empiler 30 fois avant de vaincre le roi-liche à 25 joueurs.",,,,,,,,,,,,,,0xFF01FE,2,0,0,0,2,
13247,4601,0,36597,1,0,0,0,0,,,"Laisser la Peste nécrotique s'empiler 30 fois avant de vaincre le roi-liche à 10 joueurs.",,,,,,,,,,,,,,0xFF01FE,2,0,0,0,2,
13257,346,41,43523,0,0,0,0,0,,,"Strudel de manne invoqué",,,,,,,,,,,,,,0xFF01FE,2,0,0,0,2,
13259,1197,113,0,0,0,0,0,0,,,"Victoires honorables",,,,,,,,,,,,,,0xFF01FE,0,0,0,0,2,
13373,4782,36,37895,1,0,0,0,0,,,"Bock de la fête des Brasseurs vert plein",,,,,,,,,,,,,,0xFF01FE,2,0,0,0,2,
13380,4784,36,40753,1,0,0,0,0,,,"",,,,,,,,,,,,,,0xFF01FC,2,0,0,0,2,
13385,4785,36,40753,1,0,0,0,0,,,"",,,,,,,,,,,,,,0xFF01FC,2,0,0,0,2,
13393,4534,0,36612,1,0,0,0,0,,,"Seigneur Gargamoelle tué",,,,,,,,,,,,,,0xFF01FE,2,0,0,0,2,
13394,4610,0,36612,1,0,0,0,0,,,"Seigneur Gargamoelle tué",,,,,,,,,,,,,,0xFF01FE,2,0,0,0,2,
13397,4788,36,31779,1,0,0,0,0,,,"",,,,,,,,,,,,,,0xFF01FC,0,0,0,0,2,
13410,4789,36,31780,1,0,0,0,0,,,"",,,,,,,,,,,,,,0xFF01FC,0,0,0,0,2,
13428,1205,8,4789,1,0,0,0,0,,,"Exalté auprès des Clairvoyants",,,,,,,,,,,,,,0xFF01FE,2,0,0,0,2,
13470,4824,34,78381,0,0,0,0,0,,,"Frigy",,,,,,,,,,,,,,0xFF01FE,2,0,0,0,2,
85,41,8,36,1,0,0,0,0,,,"L'empire de Zul'Drak",,,,,,,,,,,,,,0xFF01FE,0,0,0,0,3,
96,46,8,44,1,0,0,0,0,,,"Outreterre",,,,,,,,,,,,,,0xFF01FE,0,0,0,0,3,
171,321,18,25,0,0,0,0,0,,,"Instances à 25",,,,,,,,,,,,,,0xFF01FE,0,0,0,0,3,
191,477,0,24201,1,0,0,0,0,,,"Dalronn le Contrôleur",,,,,,,,,,,,,,0xFF01FE,0,0,0,0,3,
197,478,0,26794,1,0,0,0,0,,,"Ormorok le Sculpte-arbre",,,,,,,,,,,,,,0xFF01FE,0,0,0,0,3,
201,482,0,27483,1,0,0,0,0,,,"Roi Dred",,,,,,,,,,,,,,0xFF01FE,0,0,0,0,3,
204,487,0,27447,1,0,0,0,0,,,"Varos Arpentenuée",,,,,,,,,,,,,,0xFF01FE,0,0,0,0,3,
208,488,0,26687,1,0,0,0,0,,,"Gortok Pâle-sabot",,,,,,,,,,,,,,0xFF01FE,0,0,0,0,3,
212,479,0,26530,1,0,0,0,0,,,"Salramm le Façonneur de chair",,,,,,,,,,,,,,0xFF01FE,0,0,0,0,3,
216,485,0,27977,1,0,0,0,0,,,"Krystallus",,,,,,,,,,,,,,0xFF01FE,0,0,0,0,3,
219,486,0,28587,1,0,0,0,0,,,"Volkhan",,,,,,,,,,,,,,0xFF01FE,0,0,0,0,3,
229,230,8,1172,0,0,0,0,0,,,"Maîtrise du goulet des Chanteguerres",,,,,,,,,,,,,,0xFF01FE,0,0,0,0,3,
353,562,0,15952,1,0,0,0,0,,,"Maexxna",,,,,,,,,,,,,,0xFF01FE,0,0,0,0,3,
359,564,0,15932,1,0,0,0,0,,,"Gluth",,,,,,,,,,,,,,0xFF01FE,0,0,0,0,3,
367,566,0,16011,1,0,0,0,0,,,"Horreb",,,,,,,,,,,,,,0xFF01FE,0,0,0,0,3,
385,576,8,566,0,0,0,0,0,,,"Le quartier de la Peste",,,,,,,,,,,,,,0xFF01FE,0,0,0,0,3,
391,577,8,567,0,0,0,0,0,,,"Le quartier de la Peste",,,,,,,,,,,,,,0xFF01FE,0,0,0,0,3,
423,582,30,61,1,3,30,3,30,,,"Attaquer une tour",,,,,,,,,,,,,,0xFF01FE,12,0,0,0,3,
433,584,31,3423,5,3,529,3,529,,,"Tuer 5 personnages dans la mine d'or",,,,,,,,,,,,,,0xFF01FE,12,0,0,0,3,
443,587,31,3872,5,3,566,3,566,,,"Tuer 5 personnages aux Ruines des saccageurs gangrenés",,,,,,,,,,,,,,0xFF01FE,12,0,0,0,3,
486,614,8,612,0,0,0,0,0,,,"À bas la Dame noire",,,,,,,,,,,,,,0xFF01FE,0,0,0,0,3,
494,619,8,617,0,0,0,0,0,,,"L'immortalité, c'est fini",,,,,,,,,,,,,,0xFF01FE,0,0,0,0,3,
498,626,36,21543,1,0,0,0,0,,,"Habit de fête turquoise",,,,,,,,,,,,,,0xFF01FE,2,0,0,0,3,
504,627,43,115,1,0,0,0,0,,,"Crête scintillante",,,,,,,,,,,,,,0xFF01FE,0,0,0,0,3,
536,637,0,3975,1,0,0,0,0,,,"Hérode",,,,,,,,,,,,,,0xFF01FE,0,0,0,0,3,
547,644,0,11501,1,0,0,0,0,,,"Roi Gordok",,,,,,,,,,,,,,0xFF01FE,0,0,0,0,3,
610,699,32,572,1,0,0,0,0,,,"Ruines de Lordaeron",,,,,,,,,,,,,,0xFF01FE,0,0,0,0,3,
618,116,40,333,2,0,0,0,0,,,"Enchantement",,,,,,,,,,,,,,0xFF01FE,2,0,0,0,3,
648,714,8,712,0,0,0,0,0,,,"Voltigeur Chanteguerre",,,,,,,,,,,,,,0xFF01FE,0,0,0,0,3,
652,705,7,226,400,0,0,0,0,,,"Arbalètes",,,,,,,,,,,,,,0xFF01FE,0,0,0,0,3,
749,425,27,9257,1,0,0,0,0,,,"Atiesh, grand bâton du Gardien",,,,,,,,,,,,,,0xFF01FE,2,0,0,0,3,
761,700,36,18849,1,0,0,0,0,,,"Insigne de la Horde",,,,,,,,,,,,,,0xFF01FE,2,0,0,0,3,
781,701,36,18857,1,0,0,0,0,,,"Insigne de l'Alliance",,,,,,,,,,,,,,0xFF01FE,2,0,0,0,3,
824,728,43,246,1,0,0,0,0,,,"Combe des Kolkar",,,,,,,,,,,,,,0xFF01FE,0,0,0,0,3,
847,730,8,125,0,0,0,0,0,,,"Grand maître cuisinier",,,,,,,,,,,,,,0xFF01FE,0,0,0,0,3,
850,731,40,333,3,0,0,0,0,,,"Enchantement",,,,,,,,,,,,,,0xFF01FE,2,0,0,0,3,
861,732,40,333,4,0,0,0,0,,,"Enchantement",,,,,,,,,,,,,,0xFF01FE,2,0,0,0,3,
872,733,40,333,5,0,0,0,0,,,"Enchantement",,,,,,,,,,,,,,0xFF01FE,2,0,0,0,3,
883,734,40,333,6,0,0,0,0,,,"Enchantement",,,,,,,,,,,,,,0xFF01FE,2,0,0,0,3,
894,735,40,333,6,0,0,0,0,,,"Enchantement",,,,,,,,,,,,,,0xFF01FE,2,0,0,0,3,
914,736,43,186,1,0,0,0,0,,,"Sabot-de-sang",,,,,,,,,,,,,,0xFF01FE,0,0,0,0,3,
919,750,43,463,1,0,0,0,0,,,"Le Rempart de Mor'shan",,,,,,,,,,,,,,0xFF01FE,0,0,0,0,3,
949,760,43,443,1,0,0,0,0,,,"Bastion Cassecrête",,,,,,,,,,,,,,0xFF01FE,0,0,0,0,3,
994,762,46,68,42000,0,0,0,0,,,"Exalté auprès de Fossoyeuse",,,,,,,,,,,,,,0xFF01FE,0,0,0,0,3,
1006,763,46,1011,42000,0,0,0,0,,,"Ville basse",,,,,,,,,,,,,,0xFF01FE,0,0,0,0,3,
1012,764,46,942,42000,0,0,0,0,,,"Expédition cénarienne",,,,,,,,,,,,,,0xFF01FE,0,0,0,0,3,
1016,765,43,583,1,0,0,0,0,,,"Fin d'Agmond",,,,,,,,,,,,,,0xFF01FE,0,0,0,0,3,
1030,766,43,823,1,0,0,0,0,,,"Rempart-du-Néant",,,,,,,,,,,,,,0xFF01FE,0,0,0,0,3,
1039,768,43,234,1,0,0,0,0,,,"Moulins d'Agamand",,,,,,,,,,,,,,0xFF01FE,0,0,0,0,3,
1055,769,43,303,1,0,0,0,0,,,"Le Champ des morts",,,,,,,,,,,,,,0xFF01FE,0,0,0,0,3,
1070,770,43,963,1,0,0,0,0,,,"Colline des chagrins",,,,,,,,,,,,,,0xFF01FE,0,0,0,0,3,
1083,771,43,892,1,0,0,0,0,,,"Le caveau de Zaeldarr",,,,,,,,,,,,,,0xFF01FE,0,0,0,0,3,
1105,772,43,403,1,0,0,0,0,,,"Donjon de Fort-de-Durn",,,,,,,,,,,,,,0xFF01FE,0,0,0,0,3,
1117,773,43,603,1,0,0,0,0,,,"Hiri'watha",,,,,,,,,,,,,,0xFF01FE,0,0,0,0,3,
1131,774,43,723,1,0,0,0,0,,,"Caverne de Noircharbon",,,,,,,,,,,,,,0xFF01FE,0,0,0,0,3,
1138,775,43,783,1,0,0,0,0,,,"Chemin de l'Aile de la terreur",,,,,,,,,,,,,,0xFF01FE,0,0,0,0,3,
1148,776,43,124,1,0,0,0,0,,,"Mine de Fondugouffre",,,,,,,,,,,,,,0xFF01FE,0,0,0,0,3,
1160,777,43,1062,1,0,0,0,0,,,"Karazhan",,,,,,,,,,,,,,0xFF01FE,0,0,0,0,3,
1163,778,43,423,1,0,0,0,0,,,"Colline-aux-Corbeaux",,,,,,,,,,,,,,0xFF01FE,0,0,0,0,3,
1175,779,43,317,1,0,0,0,0,,,"Bastion des Mo'grosh",,,,,,,,,,,,,,0xFF01FE,0,0,0,0,3,
1186,780,43,361,1,0,0,0,0,,,"Trois chemins",,,,,,,,,,,,,,0xFF01FE,0,0,0,0,3,
1198,781,43,515,1,0,0,0,0,,,"Campement Grom'gol",,,,,,,,,,,,,,0xFF01FE,0,0,0,0,3,
1225,782,43,543,1,0,0,0,0,,,"Le Havre boueux",,,,,,,,,,,,,,0xFF01FE,0,0,0,0,3,
1250,802,43,282,1,0,0,0,0,,,"Ferme de potirons de Froncebouille",,,,,,,,,,,,,,0xFF01FE,0,0,0,0,3,
1264,841,43,383,1,0,0,0,0,,,"Marais des Branchies-bleues",,,,,,,,,,,,,,0xFF01FE,0,0,0,0,3,
1278,42,8,761,1,0,0,0,0,,,"Hautes-terres d'Arathi",,,,,,,,,,,,,,0xFF01FE,0,0,0,0,3,
1301,842,43,86,1,0,0,0,0,,,"Dolanaar",,,,,,,,,,,,,,0xFF01FE,0,0,0,0,3,
1312,843,43,1181,1,0,0,0,0,,,"Manaforge Coruu",,,,,,,,,,,,,,0xFF01FE,0,0,0,0,3,
1316,844,43,342,1,0,0,0,0,,,"Tour d'Althalaxx",,,,,,,,,,,,,,0xFF01FE,0,0,0,0,3,
1325,845,43,743,1,0,0,0,0,,,"Poste de Maestra",,,,,,,,,,,,,,0xFF01FE,0,0,0,0,3,
1343,846,43,685,1,0,0,0,0,,,"Canyon des hurlements",,,,,,,,,,,,,,0xFF01FE,0,0,0,0,3,
1352,847,43,929,1,0,0,0,0,,,"Malaka'jin",,,,,,,,,,,,,,0xFF01FE,0,0,0,0,3,
1363,850,43,663,1,0,0,0,0,,,"Mur-de-Fougères",,,,,,,,,,,,,,0xFF01FE,0,0,0,0,3,
1367,848,43,773,1,0,0,0,0,,,"Sargeron",,,,,,,,,,,,,,0xFF01FE,0,0,0,0,3,
1370,849,43,982,1,0,0,0,0,,,"Oneiros",,,,,,,,,,,,,,0xFF01FE,0,0,0,0,3,
1403,853,43,863,1,0,0,0,0,,,"Bois d'Arbrefer",,,,,,,,,,,,,,0xFF01FE,0,0,0,0,3,
1407,851,43,656,1,0,0,0,0,,,"Ruines d'Ombre-du-Zénith",,,,,,,,,,,,,,0xFF01FE,0,0,0,0,3,
1411,852,43,843,1,0,0,0,0,,,"Récif Déchiqueté",,,,,,,,,,,,,,0xFF01FE,0,0,0,0,3,
1455,854,43,623,1,0,0,0,0,,,"Coteaux de la terreur",,,,,,,,,,,,,,0xFF01FE,0,0,0,0,3,
1463,856,43,1024,1,0,0,0,0,,,"Fort cénarien",,,,,,,,,,,,,,0xFF01FE,0,0,0,0,3,
1475,857,43,1003,1,0,0,0,0,,,"Lac Kel'Theril",,,,,,,,,,,,,,0xFF01FE,0,0,0,0,3,
1488,43,8,842,1,0,0,0,0,,,"Teldrassil",,,,,,,,,,,,,,0xFF01FE,0,0,0,0,3,
1506,858,43,1151,1,0,0,0,0,,,"Brume-d'or",,,,,,,,,,,,,,0xFF01FE,0,0,0,0,3,
1510,859,43,1129,1,0,0,0,0,,,"Sanctum occidental",,,,,,,,,,,,,,0xFF01FE,0,0,0,0,3,
1554,860,43,1365,1,0,0,0,0,,,"Guet d'azur",,,,,,,,,,,,,,0xFF01FE,0,0,0,0,3,
1575,861,43,1330,1,0,0,0,0,,,"Le rivage des Vase-noire",,,,,,,,,,,,,,0xFF01FE,0,0,0,0,3,
1604,867,43,1167,1,0,0,0,0,,,"Fourré cénarien",,,,,,,,,,,,,,0xFF01FE,0,0,0,0,3,
1607,862,43,1201,1,0,0,0,0,,,"Guet de l'épervier",,,,,,,,,,,,,,0xFF01FE,0,0,0,0,3,
1612,863,43,1133,1,0,0,0,0,,,"Tourbe-farouche",,,,,,,,,,,,,,0xFF01FE,0,0,0,0,3,
1616,864,43,1104,1,0,0,0,0,,,"Bastion de la Légion",,,,,,,,,,,,,,0xFF01FE,0,0,0,0,3,
1620,865,43,1290,1,0,0,0,0,,,"Bastion de Flèchelame",,,,,,,,,,,,,,0xFF01FE,0,0,0,0,3,
1624,866,43,1191,1,0,0,0,0,,,"Halaa",,,,,,,,,,,,,,0xFF01FE,0,0,0,0,3,
1784,44,8,867,1,0,0,0,0,,,"Forêt de Terokkar",,,,,,,,,,,,,,0xFF01FE,0,0,0,0,3,
1792,868,43,1457,1,0,0,0,0,,,"Plateau du Puits de soleil",,,,,,,,,,,,,,0xFF01FE,2,0,0,0,3,
1803,220,1,30,1,3,30,3,30,,,"Tour A1 possédée par l'Alliance",,,,,,,,,,,,,,0xFF01FE,6,0,0,0,3,
1822,229,35,0,30,3,566,3,566,,,"30 victoires honorables dans l'Œil du cyclone",,,,,,,,,,,,,,0xFF01FE,2,0,0,0,3,
1826,873,1,30,1,3,30,3,30,,,"Victoire dans la vallée d'Alterac",,,,,,,,,,,,,,0xFF01FE,6,0,0,0,3,
1838,878,42,13913,1,0,0,0,0,,,"Homard de 22 livres",,,,,,,,,,,,,,0xFF01FE,0,0,0,0,3,
1848,879,36,8586,1,0,0,0,0,,,"Raptor chamaré rouge",,,,,,,,,,,,,,0xFF01FE,2,0,0,0,3,
1888,905,27,11669,1,0,0,0,0,,,"Filet de gangresang",,,,,,,,,,,,,,0xFF01FE,0,0,0,0,3,
1893,906,27,11380,1,0,0,0,0,,,"Manalicieux",,,,,,,,,,,,,,0xFF01FE,0,0,0,0,3,
1901,907,8,713,0,0,0,0,0,,,"Sentinelle d'Aile-argent",,,,,,,,,,,,,,0xFF01FE,0,0,0,0,3,
1904,908,27,11337,1,0,0,0,0,,,"Appel aux armes : Œil du cyclone",,,,,,,,,,,,,,0xFF01FE,0,0,0,0,3,
1908,909,27,11341,1,0,0,0,0,,,"Appel aux armes : Œil du cyclone",,,,,,,,,,,,,,0xFF01FE,0,0,0,0,3,
1912,910,27,8635,1,0,0,0,0,,,"Ancien Pierre-fendue à Maraudon",,,,,,,,,,,,,,0xFF01FE,0,0,0,0,3,
1918,911,27,8717,1,0,0,0,0,,,"Ancien Gardelune à la Croisée",,,,,,,,,,,,,,0xFF01FE,0,0,0,0,3,
1924,912,27,8649,1,0,0,0,0,,,"Ancien Front-de-tempête à Comté-de-l'or",,,,,,,,,,,,,,0xFF01FE,0,0,0,0,3,
1936,913,8,910,0,0,0,0,0,,,"Anciens des donjons",,,,,,,,,,,,,,0xFF01FE,0,0,0,0,3,
1993,914,27,8648,1,0,0,0,0,,,"Ancien Sombre-noyau à Fossoyeuse",,,,,,,,,,,,,,0xFF01FE,0,0,0,0,3,
1998,915,27,8646,1,0,0,0,0,,,"Ancien Cri-du-marteau à Hurlevent",,,,,,,,,,,,,,0xFF01FE,0,0,0,0,3,
2010,941,8,938,0,0,0,0,0,,,"Les neiges du Norfendre",,,,,,,,,,,,,,0xFF01FE,0,0,0,0,3,
2012,942,46,970,42000,0,0,0,0,,,"Exalté auprès de Sporeggar",,,,,,,,,,,,,,0xFF01FE,0,0,0,0,3,
2015,943,46,970,42000,0,0,0,0,,,"Exalté auprès de Sporeggar",,,,,,,,,,,,,,0xFF01FE,0,0,0,0,3,
2032,948,46,69,42000,0,0,0,0,,,"Exalté auprès de Darnassus",,,,,,,,,,,,,,0xFF01FE,0,0,0,0,3,
2043,480,0,29120,1,0,0,0,0,,,"Anub'arak",,,,,,,,,,,,,,0xFF01FE,0,0,0,0,3,
2044,761,43,563,1,0,0,0,0,,,"Roche'gor",,,,,,,,,,,,,,0xFF01FE,0,0,0,0,3,
2056,961,27,12759,1,0,0,0,0,,,"Outils de guerre",,,,,,,,,,,,,,0xFF01FE,0,0,0,0,3,
2064,962,27,12761,1,0,0,0,0,,,"La maîtrise des cristaux",,,,,,,,,,,,,,0xFF01FE,0,0,0,0,3,
2074,963,27,12341,1,0,0,0,0,,,"Île de Brume-sang, Guet du sang",,,,,,,,,,,,,,0xFF01FE,0,0,0,0,3,
2101,965,27,12401,1,0,0,0,0,,,"Silithus, fort cénarien",,,,,,,,,,,,,,0xFF01FE,0,0,0,0,3,
2134,966,27,12286,1,0,0,0,0,,,"Forêt d'Elwynn, Comté-de-l'or",,,,,,,,,,,,,,0xFF01FE,0,0,0,0,3,
2147,967,27,12380,1,0,0,0,0,,,"Hautes-terres d'Arathi, Trépas-d'Orgrim",,,,,,,,,,,,,,0xFF01FE,0,0,0,0,3,
2197,969,27,12352,1,0,0,0,0,,,"Péninsule des Flammes infernales, bastion de l'Honneur",,,,,,,,,,,,,,0xFF01FE,0,0,0,0,3,
2219,968,27,12389,1,0,0,0,0,,,"Péninsule des Flammes infernales, Guet de l'épervier",,,,,,,,,,,,,,0xFF01FE,0,0,0,0,3,
2227,971,8,968,0,0,0,0,0,,,"Bonbons et blagues d'Outreterre",,,,,,,,,,,,,,0xFF01FE,0,0,0,0,3,
2230,970,8,969,0,0,0,0,0,,,"Bonbons et blagues d'Outreterre",,,,,,,,,,,,,,0xFF01FE,0,0,0,0,3,
2262,979,36,20562,1,0,0,0,0,,,"Masque de naine fragile",,,,,,,,,,,,,,0xFF01FE,2,0,0,0,3,
2283,289,27,11131,1,0,0,0,0,,,"Éteignez les incendies !",,,,,,,,,,,,,,0xFF01FE,2,0,0,0,3,
2337,621,57,31405,1,0,0,0,0,,,"Tabard des Illidari",,,,,,,,,,,,,,0xFF01FE,2,0,0,0,3,
2344,556,49,2,1,0,0,0,0,,,"Épaule",,,,,,,,,,,,,,0xFF01FE,0,0,0,0,3,
2361,245,52,3,1,0,0,0,0,,,"Chasseur",,,,,,,,,,,,,,0xFF01FE,0,0,0,0,3,
2371,246,53,6,1,0,0,0,0,,,"Tauren",,,,,,,,,,,,,,0xFF01FE,0,0,0,0,3,
2376,1005,53,7,1,0,0,0,0,,,"Gnome",,,,,,,,,,,,,,0xFF01FE,0,0,0,0,3,
2402,227,13,0,300000,3,489,3,489,,,"Infliger 300 000 points de dégâts au goulet des Chanteguerres",,,,,,,,,,,,,,0xFF01FE,11,0,0,0,3,
2420,1010,8,1008,0,0,0,0,0,,,"Le Kirin Tor",,,,,,,,,,,,,,0xFF01FE,0,0,0,0,3,
3065,1022,27,11810,1,0,0,0,0,,,"Steppes ardentes",,,,,,,,,,,,,,0xFF01FE,0,0,0,0,3,
3078,1023,27,11809,1,0,0,0,0,,,"Île de Brume-sang",,,,,,,,,,,,,,0xFF01FE,0,0,0,0,3,
3091,1024,27,11821,1,0,0,0,0,,,"Nagrand",,,,,,,,,,,,,,0xFF01FE,0,0,0,0,3,
3103,1025,27,11844,1,0,0,0,0,,,"Steppes ardentes",,,,,,,,,,,,,,0xFF01FE,0,0,0,0,3,
3114,1026,27,11846,1,0,0,0,0,,,"Durotar",,,,,,,,,,,,,,0xFF01FE,0,0,0,0,3,
3126,1027,27,11854,1,0,0,0,0,,,"Nagrand",,,,,,,,,,,,,,0xFF01FE,0,0,0,0,3,
3133,1028,27,11768,1,0,0,0,0,,,"Steppes ardentes",,,,,,,,,,,,,,0xFF01FE,0,0,0,0,3,
3144,1029,27,11770,1,0,0,0,0,,,"Durotar",,,,,,,,,,,,,,0xFF01FE,0,0,0,0,3,
3156,1030,27,11778,1,0,0,0,0,,,"Nagrand",,,,,,,,,,,,,,0xFF01FE,0,0,0,0,3,
3163,1031,27,11739,1,0,0,0,0,,,"Steppes ardentes",,,,,,,,,,,,,,0xFF01FE,0,0,0,0,3,
3176,1032,27,11738,1,0,0,0,0,,,"Île de Brume-sang",,,,,,,,,,,,,,0xFF01FE,0,0,0,0,3,
3188,1033,27,11750,1,0,0,0,0,,,"Nagrand",,,,,,,,,,,,,,0xFF01FE,0,0,0,0,3,
3195,1034,8,1024,0,0,0,0,0,,,"Gardien des flammes d'Outreterre",,,,,,,,,,,,,,0xFF01FE,0,0,0,0,3,
3198,1035,8,1030,0,0,0,0,0,,,"Extinction de l'Outreterre",,,,,,,,,,,,,,0xFF01FE,0,0,0,0,3,
3201,1036,8,1027,0,0,0,0,0,,,"Garde-flammes d'Outreterre",,,,,,,,,,,,,,0xFF01FE,0,0,0,0,3,
3204,1037,8,1033,0,0,0,0,0,,,"Extinction de l'Outreterre",,,,,,,,,,,,,,0xFF01FE,0,0,0,0,3,
3211,283,28,24719,1,0,0,0,0,,,"Transformé en gnome lépreux",,,,,,,,,,,,,,0xFF01FE,0,0,0,0,3,
3226,389,27,7810,1,0,0,0,0,,,"Quête « Maître de l'arène » achevée",,,,,,,,,,,,,,0xFF01FE,2,0,0,0,3,
3303,344,41,20066,1,0,0,0,0,,,"Bandage en étoffe runique du bassin d'Arathi",,,,,,,,,,,,,,0xFF01FE,0,0,0,0,3,
3370,231,56,0,20,3,566,1,0,,,"Œil du cyclone",,,,,,,,,,,,,,0xFF01FE,11,0,0,0,3,
3394,1167,8,222,0,0,0,0,0,,,"Défense des tours",,,,,,,,,,,,,,0xFF01FE,0,0,0,0,3,
3406,1168,8,222,0,0,0,0,0,,,"Défense des tours",,,,,,,,,,,,,,0xFF01FE,0,0,0,0,3,
3418,1169,8,158,0,0,0,0,0,,,"Cap ou pas cap ?",,,,,,,,,,,,,,0xFF01FE,0,0,0,0,3,
3433,1170,8,158,0,0,0,0,0,,,"Cap ou pas cap ?",,,,,,,,,,,,,,0xFF01FE,0,0,0,0,3,
3448,1171,8,784,0,0,0,0,0,,,"Domination de l'Œil du cyclone",,,,,,,,,,,,,,0xFF01FE,0,0,0,0,3,
3463,1172,8,200,0,0,0,0,0,,,"Défenseur obstiné",,,,,,,,,,,,,,0xFF01FE,0,0,0,0,3,
3478,1173,8,200,0,0,0,0,0,,,"Défenseur obstiné",,,,,,,,,,,,,,0xFF01FE,0,0,0,0,3,
3490,1174,8,1159,0,0,0,0,0,,,"Rien que nous deux : 2200",,,,,,,,,,,,,,0xFF01FE,0,0,0,0,3,
3502,1175,8,1173,0,0,0,0,0,,,"Maîtrise du goulet des Chanteguerres",,,,,,,,,,,,,,0xFF01FE,0,0,0,0,3,
3517,1183,28,42263,1,0,0,0,0,,,"Brune de printemps",,,,,,,,,,,,,,0xFF01FE,0,0,0,0,3,
3529,1184,41,33028,1,0,0,0,0,,,"Brasselorge légère",,,,,,,,,,,,,,0xFF01FE,0,0,0,0,3,
3544,1185,41,33023,1,0,0,0,0,,,"Saucisse savoureuse",,,,,,,,,,,,,,0xFF01FE,0,0,0,0,3,
3562,1187,36,30635,1,0,0,0,0,,,"Clé du Temps",,,,,,,,,,,,,,0xFF01FE,0,0,0,0,3,
3576,484,0,29307,1,0,0,0,0,,,"Colosse drakkari",,,,,,,,,,,,,,0xFF01FE,0,0,0,0,3,
3580,481,0,29310,1,0,0,0,0,,,"Jedoga Cherchelombre",,,,,,,,,,,,,,0xFF01FE,0,0,0,0,3,
3596,1203,41,34020,1,0,0,0,0,,,"Flott' de jungle",,,,,,,,,,,,,,0xFF01FE,0,0,0,0,3,
3625,1225,72,182958,1,0,0,0,0,,,"Banc d'éperlans",,,,,,,,,,,,,,0xFF01FE,0,0,0,0,3,
3703,489,0,24201,1,0,0,0,0,,,"Dalronn le Contrôleur",,,,,,,,,,,,,,0xFF01FE,0,0,0,0,3,
3725,557,49,2,1,0,0,0,0,,,"Épaule",,,,,,,,,,,,,,0xFF01FE,0,0,0,0,3,
3741,1206,54,225,1,0,0,0,0,,,"Grenouille boréenne",,,,,,,,,,,,,,0xFF01FE,0,0,0,0,3,
3764,1244,68,175734,1,0,0,0,0,,,"Arathor et les Guerres trolles",,,,,,,,,,,,,,0xFF01FE,0,0,0,0,3,
3806,161,1,529,1,0,0,0,0,,,"Rattraper un retard de 500 ressources",,,,,,,,,,,,,,0xFF01FE,2,0,0,0,3,
3816,667,0,17537,1,0,0,0,0,,,"Vazruden le Héraut",,,,,,,,,,,,,,0xFF01FE,0,0,0,0,3,
3828,252,35,0,50,0,0,0,0,,,"26273",,,,,,,,,,,,,,0xFF01FE,3,0,0,0,3,
3836,563,0,15952,1,0,0,0,0,,,"Maexxna",,,,,,,,,,,,,,0xFF01FE,0,0,0,0,3,
3839,565,0,15932,1,0,0,0,0,,,"Gluth",,,,,,,,,,,,,,0xFF01FE,0,0,0,0,3,
3843,567,0,16011,1,0,0,0,0,,,"Horreb",,,,,,,,,,,,,,0xFF01FE,0,0,0,0,3,
3849,306,36,19970,1,0,0,0,0,,,"Canne à pêche en arcanite",,,,,,,,,,,,,,0xFF01FE,2,0,0,0,3,
3866,153,72,182959,1,0,0,0,0,,,"Banc de tassergals",,,,,,,,,,,,,,0xFF01FE,2,0,0,0,3,
3874,1257,72,180662,1,0,0,0,0,,,"Débris de goélette",,,,,,,,,,,,,,0xFF01FE,0,0,0,0,3,
3885,1262,8,1191,0,0,0,0,0,,,"Terreur dans Terokkar",,,,,,,,,,,,,,0xFF01FE,0,0,0,0,3,
3906,45,8,1265,0,0,0,0,0,,,"Désolation des dragons",,,,,,,,,,,,,,0xFF01FE,0,0,0,0,3,
3917,1274,8,1272,0,0,0,0,0,,,"Terreur dans Terokkar",,,,,,,,,,,,,,0xFF01FE,0,0,0,0,3,
3938,1282,27,11023,1,0,0,0,0,,,"Invocation du renne volant 2.0 (Marron)",,,,,,,,,,,,,,0xFF01FE,2,0,0,0,3,
3941,1283,8,630,0,0,0,0,0,,,"Cavernes des lamentations",,,,,,,,,,,,,,0xFF01FE,0,0,0,0,3,
3966,1284,8,649,0,0,0,0,0,,,"Les enclos aux esclaves",,,,,,,,,,,,,,0xFF01FE,0,0,0,0,3,
4011,1285,8,687,0,0,0,0,0,,,"Temple d'Ahn'Qiraj",,,,,,,,,,,,,,0xFF01FE,0,0,0,0,3,
4016,1286,8,692,0,0,0,0,0,,,"Repaire de Gruul",,,,,,,,,,,,,,0xFF01FE,0,0,0,0,3,
4025,1287,8,669,0,0,0,0,0,,,"Les enclos aux esclaves en mode héroïque",,,,,,,,,,,,,,0xFF01FE,0,0,0,0,3,
4042,1288,8,479,0,0,0,0,0,,,"Grottes du temps : Stratholme",,,,,,,,,,,,,,0xFF01FE,0,0,0,0,3,
4058,1289,8,500,0,0,0,0,0,,,"Les Grottes du temps : Stratholme en mode héroïque",,,,,,,,,,,,,,0xFF01FE,0,0,0,0,3,
4074,1292,36,32918,1,0,0,0,0,,,"Bock de la fête des Brasseurs jaune plein",,,,,,,,,,,,,,0xFF01FE,2,0,0,0,3,
4080,1293,36,33018,1,0,0,0,0,,,"Bock de la fête des Brasseurs bleu plein",,,,,,,,,,,,,,0xFF01FE,2,0,0,0,3,
4093,328,67,0,0,0,0,0,0,,,"Argent en butin sur les créatures",,,,,,,,,,,,,,0xFF01FE,32,0,0,0,3,
4124,1264,43,1467,0,0,0,0,0,,,"Grève des Courcinglants",,,,,,,,,,,,,,0xFF01FE,0,0,0,0,3,
4138,1263,43,1495,0,0,0,0,0,,,"Camp Sabot-d'hiver",,,,,,,,,,,,,,0xFF01FE,0,0,0,0,3,
4161,1265,43,1489,0,0,0,0,0,,,"Sanctuaire draconique rubis",,,,,,,,,,,,,,0xFF01FE,0,0,0,0,3,
4180,1266,43,1466,0,0,0,0,0,,,"Ruines de Drakil'jin",,,,,,,,,,,,,,0xFF01FE,0,0,0,0,3,
4194,1267,43,1532,0,0,0,0,0,,,"Amphithéâtre de l'Angoisse",,,,,,,,,,,,,,0xFF01FE,0,0,0,0,3,
4208,1268,43,1546,0,0,0,0,0,,,"Le pilier Mousselume",,,,,,,,,,,,,,0xFF01FE,0,0,0,0,3,
4251,635,27,1101,1,0,0,0,0,,,"La mégère du Kraal",,,,,,,,,,,,,,0xFF01FE,2,0,0,0,3,
4253,634,27,2841,1,0,0,0,0,,,"Guerre des plates-formes",,,,,,,,,,,,,,0xFF01FE,2,0,0,0,3,
4255,636,27,3341,1,0,0,0,0,,,"L'anéantissement",,,,,,,,,,,,,,0xFF01FE,2,0,0,0,3,
4257,638,27,2339,1,0,0,0,0,,,"Trouver les gemmes et la source d'énergie",,,,,,,,,,,,,,0xFF01FE,2,0,0,0,3,
4260,640,27,7064,1,0,0,0,0,,,"Corruption de la terre et de la Graine",,,,,,,,,,,,,,0xFF01FE,2,0,0,0,3,
4263,642,27,4003,1,0,0,0,0,,,"Un sauvetage royal",,,,,,,,,,,,,,0xFF01FE,2,0,0,0,3,
4267,684,27,7490,1,0,0,0,0,,,"Victoire pour la Horde !",,,,,,,,,,,,,,0xFF01FE,2,0,0,0,3,
4290,345,41,33934,0,0,0,0,0,,,"Potion de soins de cristal",,,,,,,,,,,,,,0xFF01FE,0,0,0,0,3,
4312,922,41,22832,0,0,0,0,0,,,"Potion de super-mana",,,,,,,,,,,,,,0xFF01FE,0,0,0,0,3,
4338,923,41,20079,0,0,0,0,0,,,"Esprit de Zanza",,,,,,,,,,,,,,0xFF01FE,0,0,0,0,3,
4408,628,27,373,1,0,0,0,0,,,"La lettre non envoyée",,,,,,,,,,,,,,0xFF01FE,2,0,0,0,3,
4412,811,41,33208,0,0,0,0,0,,,"Flacon de merveille chromatique",,,,,,,,,,,,,,0xFF01FE,0,0,0,0,3,
4437,686,27,8620,1,0,0,0,0,,,"Le seul remède",,,,,,,,,,,,,,0xFF01FE,2,0,0,0,3,
4441,643,27,4903,1,0,0,0,0,,,"Ordre du chef de guerre",,,,,,,,,,,,,,0xFF01FE,2,0,0,0,3,
4444,1307,27,6602,1,0,0,0,0,,,"Sang du Champion des dragons noirs",,,,,,,,,,,,,,0xFF01FE,2,0,0,0,3,
4448,685,27,7783,1,0,0,0,0,,,"Le seigneur de Rochenoire",,,,,,,,,,,,,,0xFF01FE,2,0,0,0,3,
4451,687,27,8638,1,0,0,0,0,,,"Gilet de dispensateur de mort",,,,,,,,,,,,,,0xFF01FE,2,0,0,0,3,
4462,647,27,9572,1,0,0,0,0,,,"Affaiblir les remparts",,,,,,,,,,,,,,0xFF01FE,2,0,0,0,3,
4466,666,27,10164,1,0,0,0,0,,,"Tout va bien se passer",,,,,,,,,,,,,,0xFF01FE,2,0,0,0,3,
4470,654,27,10885,1,0,0,0,0,,,"L'épreuve des naaru : Force",,,,,,,,,,,,,,0xFF01FE,2,0,0,0,3,
4472,655,27,10297,1,0,0,0,0,,,"L'ouverture de la Porte des ténèbres",,,,,,,,,,,,,,0xFF01FE,2,0,0,0,3,
4474,656,27,10885,1,0,0,0,0,,,"L'épreuve des naaru : Force",,,,,,,,,,,,,,0xFF01FE,2,0,0,0,3,
4476,657,27,9495,1,0,0,0,0,,,"La volonté du Chef de guerre",,,,,,,,,,,,,,0xFF01FE,2,0,0,0,3,
4483,660,27,10886,1,0,0,0,0,,,"L'épreuve des naaru : Ténacité",,,,,,,,,,,,,,0xFF01FE,2,0,0,0,3,
4488,678,27,9525,1,0,0,0,0,,,"Prisonnière de la citadelle",,,,,,,,,,,,,,0xFF01FE,2,0,0,0,3,
4499,696,27,11007,1,0,0,0,0,,,"Kael'thas et la sphère verdoyante",,,,,,,,,,,,,,0xFF01FE,2,0,0,0,3,
4506,1311,0,18697,1,0,0,0,0,,,"Ingénieur en chef Lorthander",,,,,,,,,,,,,,0xFF01FE,0,0,0,0,3,
4598,698,36,34341,1,0,0,0,0,,,"Poignes douloureuses de la région frontalière",,,,,,,,,,,,,,0xFF01FE,2,0,0,0,3,
4619,695,36,30908,1,0,0,0,0,,,"Apôtre d'Argus",,,,,,,,,,,,,,0xFF01FE,2,0,0,0,3,
4721,812,41,19011,0,0,0,0,0,,,"Pierre de soins supérieure (2)",,,,,,,,,,,,,,0xFF01FE,0,0,0,0,3,
4739,924,46,1104,42000,0,0,0,0,,,"Exalté auprès de la tribu Frénécœur",,,,,,,,,,,,,,0xFF01FE,0,0,0,0,3,
4752,925,46,946,42000,0,0,0,0,,,"Exalté auprès du bastion de l'Honneur",,,,,,,,,,,,,,0xFF01FE,0,0,0,0,3,
4770,927,49,4,1,0,0,0,0,,,"Un torse épique",,,,,,,,,,,,,,0xFF01FE,0,0,0,0,3,
4789,697,36,32838,1,0,0,0,0,,,"Glaive de guerre d'Azzinoth",,,,,,,,,,,,,,0xFF01FE,2,0,0,0,3,
4849,694,36,30106,1,0,0,0,0,,,"Ceinture des cent façons de mourir",,,,,,,,,,,,,,0xFF01FE,2,0,0,0,3,
4908,692,36,28825,1,0,0,0,0,,,"Défendeur de l'héritage aldori",,,,,,,,,,,,,,0xFF01FE,2,0,0,0,3,
4939,693,27,11116,1,0,0,0,0,,,"L'épreuve des naaru : Magtheridon",,,,,,,,,,,,,,0xFF01FE,2,0,0,0,3,
4950,107,78,0,0,0,0,0,0,,,"Draconiens",,,,,,,,,,,,,,0xFF01FE,0,0,0,0,3,
4967,796,28,20770,0,0,0,0,0,,,"Résurrection (Rang 5)",,,,,,,,,,,,,,0xFF01FE,0,0,0,0,3,
4973,798,28,20748,0,0,0,0,0,,,"Renaissance (Rang 5)",,,,,,,,,,,,,,0xFF01FE,0,0,0,0,3,
4979,1229,28,50765,0,0,0,0,0,,,"Ressusciter (Rang 5)",,,,,,,,,,,,,,0xFF01FE,0,0,0,0,3,
4994,350,68,176498,0,0,0,0,0,,,"Portail vers Darnassus",,,,,,,,,,,,,,0xFF01FE,0,0,0,0,3,
5022,388,70,0,50,0,0,0,0,,,"Darnassus",,,,,,,,,,,,,,0xFF01FE,3,0,0,0,3,
5033,1006,70,0,50,0,0,0,0,,,"Porte du Berger",,,,,,,,,,,,,,0xFF01FE,3,0,0,0,3,
5047,1360,8,36,1,0,0,0,0,,,"L'empire de Zul'Drak",,,,,,,,,,,,,,0xFF01FE,0,0,0,0,3,
5081,284,36,20562,1,0,0,0,0,,,"Masque de naine fragile",,,,,,,,,,,,,,0xFF01FE,0,0,0,0,3,
5143,1396,27,13014,1,0,0,0,0,,,"Ancien Mortie au Repos des étoiles",,,,,,,,,,,,,,0xFF01FE,0,0,0,0,3,
5247,490,0,26794,1,0,0,0,0,,,"Ormorok le Sculpte-arbre",,,,,,,,,,,,,,0xFF01FE,0,0,0,0,3,
5269,1436,36,37719,1,0,0,0,0,,,"Zhévra",,,,,,,,,,,,,,0xFF01FE,2,0,0,0,3,
5270,263,27,11972,1,0,0,0,0,,,"Quête de la mort d'Ahune",,,,,,,,,,,,,,0xFF01FE,2,0,0,0,3,
5292,1457,43,1599,0,0,0,0,0,,,"Quartier général de Saccage-soleil",,,,,,,,,,,,,,0xFF01FE,0,0,0,0,3,
5308,1463,8,1008,0,0,0,0,0,,,"Le Kirin Tor",,,,,,,,,,,,,,0xFF01FE,0,0,0,0,3,
5315,926,46,81,42000,0,0,0,0,,,"Exalté auprès des Pitons du Tonnerre",,,,,,,,,,,,,,0xFF01FE,0,0,0,0,3,
5330,1466,46,47,42000,0,0,0,0,,,"Exalté auprès de Forgefer",,,,,,,,,,,,,,0xFF01FE,0,0,0,0,3,
5459,1467,0,27654,1,0,0,0,0,,,"Drakos l'Interrogateur",,,,,,,,,,,,,,0xFF01FE,0,0,0,0,3,
5494,381,35,0,0,0,0,0,0,,,"Outreterre",,,,,,,,,,,,,,0xFF01FE,0,0,0,0,3,
5501,382,35,0,0,0,0,0,0,,,"Goulet des Chanteguerres",,,,,,,,,,,,,,0xFF01FE,0,0,0,0,3,
5531,1488,56,0,0,0,0,0,0,,,"Zones de The Burning Crusade",,,,,,,,,,,,,,0xFF01FE,0,0,0,0,3,
5535,1490,56,0,0,0,0,0,0,,,"Ruines de Lordaeron",,,,,,,,,,,,,,0xFF01FE,0,0,0,0,3,
5538,1491,56,0,0,0,0,0,0,,,"Goulet des Chanteguerres",,,,,,,,,,,,,,0xFF01FE,0,0,0,0,3,
5553,1199,40,333,1,0,0,0,0,,,"Enchantement",,,,,,,,,,,,,,0xFF01FE,0,0,0,0,3,
5564,1200,7,356,450,0,0,0,0,,,"Pêche",,,,,,,,,,,,,,0xFF01FE,0,0,0,0,3,
5566,1201,7,164,450,0,0,0,0,,,"Forge",,,,,,,,,,,,,,0xFF01FE,0,0,0,0,3,
5578,1202,7,44,400,0,0,0,0,,,"Haches",,,,,,,,,,,,,,0xFF01FE,0,0,0,0,3,
5630,1103,0,27656,1,0,0,0,0,,,"Gardien-tellurique Eregos",,,,,,,,,,,,,,0xFF01FE,0,0,0,0,3,
5647,1104,0,15990,1,0,0,0,0,,,"Kel'Thuzad",,,,,,,,,,,,,,0xFF01FE,0,0,0,0,3,
5664,1516,8,1257,0,0,0,0,0,,,"Chiffonnier",,,,,,,,,,,,,,0xFF01FE,0,0,0,0,3,
5682,1517,72,192048,1,0,0,0,0,,,"Banc de demoiselles aileron-de-dragon",,,,,,,,,,,,,,0xFF01FE,0,0,0,0,3,
5704,1525,27,11380,1,0,0,0,0,,,"Manalicieux",,,,,,,,,,,,,,0xFF01FE,0,0,0,0,3,
5708,1526,27,11669,1,0,0,0,0,,,"Filet de gangresang",,,,,,,,,,,,,,0xFF01FE,0,0,0,0,3,
5765,1563,8,906,0,0,0,0,0,,,"Relever un peu la sauce",,,,,,,,,,,,,,0xFF01FE,0,0,0,0,3,
5775,291,110,44212,1,0,0,0,0,,,"Draeneï",,,,,,,,,,,,,,0xFF01FE,0,0,0,0,3,
5821,1656,8,255,0,0,0,0,0,,,"Ramenez-moi la tête de… Oh, mince…",,,,,,,,,,,,,,0xFF01FE,0,0,0,0,3,
5833,1657,8,255,0,0,0,0,0,,,"Ramenez-moi la tête de… Oh, mince…",,,,,,,,,,,,,,0xFF01FE,0,0,0,0,3,
5845,1269,43,1576,0,0,0,0,0,,,"Dun Niffelem",,,,,,,,,,,,,,0xFF01FE,0,0,0,0,3,
5861,1270,43,1564,0,0,0,0,0,,,"Port de l'Assaut",,,,,,,,,,,,,,0xFF01FE,0,0,0,0,3,
5890,1658,0,28859,1,0,0,0,0,,,"Malygos (10 ou 25 joueurs)",,,,,,,,,,,,,,0xFF01FE,0,0,0,0,3,
5893,839,15,566,0,0,0,0,0,,,"Œil du cyclone",,,,,,,,,,,,,,0xFF01FE,0,0,0,0,3,
5897,840,1,566,0,0,0,0,0,,,"Œil du cyclone",,,,,,,,,,,,,,0xFF01FE,0,0,0,0,3,
5902,1676,11,3,700,0,0,0,0,,,"Terres ingrates",,,,,,,,,,,,,,0xFF01FE,3,0,0,0,3,
5954,1677,11,3,550,0,0,0,0,,,"Terres ingrates",,,,,,,,,,,,,,0xFF01FE,3,0,0,0,3,
6006,1678,11,16,700,0,0,0,0,,,"Azshara",,,,,,,,,,,,,,0xFF01FE,3,0,0,0,3,
6101,1680,11,16,685,0,0,0,0,,,"Azshara",,,,,,,,,,,,,,0xFF01FE,3,0,0,0,3,
6145,1681,8,1262,0,0,0,0,0,,,"Maître des traditions de l'Outreterre",,,,,,,,,,,,,,0xFF01FE,0,0,0,0,3,
6149,1682,8,1274,0,0,0,0,0,,,"Maître des traditions de l'Outreterre",,,,,,,,,,,,,,0xFF01FE,0,0,0,0,3,
6177,1683,8,295,0,0,0,0,0,,,"Faites la fête au brasseur",,,,,,,,,,,,,,0xFF01FE,0,0,0,0,3,
6184,1684,8,295,0,0,0,0,0,,,"Faites la fête au brasseur",,,,,,,,,,,,,,0xFF01FE,0,0,0,0,3,
6209,303,34,43899,0,0,0,0,0,,,"Bélier de la fête des Brasseurs",,,,,,,,,,,,,,0xFF01FE,2,0,0,0,3,
6215,727,34,22720,0,0,0,0,0,,,"Bélier de guerre noir",,,,,,,,,,,,,,0xFF01FE,0,0,0,0,3,
6229,1686,110,26004,1,0,0,0,0,,,"Frère Wilhelm à Comté-de-l'or",,,,,,,,,,,,,,0xFF01FE,0,0,0,0,3,
6239,1687,110,44755,1,0,0,0,0,,,"Chaman tauren",,,,,,,,,,,,,,0xFF01FE,0,0,0,0,3,
6249,1688,29,45022,1,0,0,0,0,,,"Cidre chaud",,,,,,,,,,,,,,0xFF01FE,0,0,0,0,3,
6252,1689,27,8767,1,0,0,0,0,,,"Un cadeau secoué doucement",,,,,,,,,,,,,,0xFF01FE,2,0,0,0,3,
6257,1690,41,17712,1,0,0,0,0,,,"Déguisement pour le Voile d'hiver",,,,,,,,,,,,,,0xFF01FE,2,0,0,0,3,
6264,1691,8,259,0,0,0,0,0,,,"Blague de Noël",,,,,,,,,,,,,,0xFF01FE,0,0,0,0,3,
6276,1692,8,1255,0,0,0,0,0,,,"Blague de Noël",,,,,,,,,,,,,,0xFF01FE,0,0,0,0,3,
6291,1038,8,263,0,0,0,0,0,,,"Tel est glacé qui croyait geler",,,,,,,,,,,,,,0xFF01FE,0,0,0,0,3,
6313,1699,110,27571,1,0,0,0,0,,,"Chevalier de la mort humain",,,,,,,,,,,,,,0xFF01FE,0,0,0,0,3,
6326,1701,29,70578,1,0,0,0,0,,,"Tout à toi",,,,,,,,,,,,,,0xFF01FE,0,0,0,0,3,
6334,1702,41,22239,1,0,0,0,0,,,"Douce surprise",,,,,,,,,,,,,,0xFF01FE,0,0,0,0,3,
6345,1704,54,203,1,0,0,0,0,,,"Forge du bassin d'Arathi",,,,,,,,,,,,,,0xFF01FE,0,0,0,0,3,
6350,1705,34,54187,0,0,0,0,0,,,"Rob-fusée mécanique",,,,,,,,,,,,,,0xFF01FE,2,0,0,0,3,
6353,1693,8,1280,0,0,0,0,0,,,"Flirter avec le désastre",,,,,,,,,,,,,,0xFF01FE,0,0,0,0,3,
6367,1707,8,1279,0,0,0,0,0,,,"Flirter avec le désastre",,,,,,,,,,,,,,0xFF01FE,0,0,0,0,3,
6415,1768,0,15990,1,0,0,0,0,,,"Kel'Thuzad",,,,,,,,,,,,,,0xFF01FE,0,0,0,0,3,
6435,1241,28,58630,1,0,0,0,0,,,"Mal'Ganis",,,,,,,,,,,,,,0xFF01FE,0,0,0,0,3,
6444,1737,0,32627,1,0,0,0,0,,,"Engin de siège de Joug-d'hiver",,,,,,,,,,,,,,0xFF01FE,0,0,0,0,3,
6461,346,41,38698,0,0,0,0,0,,,"Plasma amer",,,,,,,,,,,,,,0xFF01FE,2,0,0,0,3,
6488,1777,29,58065,1,0,0,0,0,,,"Soupe de palourdes de Dalaran",,,,,,,,,,,,,,0xFF01FE,0,0,0,0,3,
6602,1780,41,43488,1,0,0,0,0,,,"Mammouth de la semaine dernière",,,,,,,,,,,,,,0xFF01FE,0,0,0,0,3,
6610,1782,27,13102,1,0,0,0,0,,,"Le ragoût des égouts",,,,,,,,,,,,,,0xFF01FE,0,0,0,0,3,
6615,1783,27,13114,1,0,0,0,0,,,"Le ragoût des égouts",,,,,,,,,,,,,,0xFF01FE,0,0,0,0,3,
6620,1784,8,906,0,0,0,0,0,,,"Relever un peu la sauce",,,,,,,,,,,,,,0xFF01FE,0,0,0,0,3,
6628,1785,41,34753,1,0,0,0,0,,,"Goulet des Chanteguerres",,,,,,,,,,,,,,0xFF01FE,0,0,0,0,3,
6635,604,70,0,5,0,0,0,0,,,"Orgrimmar",,,,,,,,,,,,,,0xFF01FE,0,0,0,0,3,
6639,603,70,0,5,0,0,0,0,,,"L'Exodar",,,,,,,,,,,,,,0xFF01FE,0,0,0,0,3,
6643,1786,30,122,1,0,0,0,0,,,"Attaquer un drapeau au bassin d'Arathi",,,,,,,,,,,,,,0xFF01FE,0,0,0,0,3,
6653,1788,41,42429,1,0,0,0,0,,,"Petit four onctueux au chocolat",,,,,,,,,,,,,,0xFF01FE,0,0,0,0,3,
6662,1685,110,26004,1,0,0,0,0,,,"Frère Keltan dans la Couronne de glace",,,,,,,,,,,,,,0xFF01FE,0,0,0,0,3,
6668,1792,34,40634,0,0,0,0,0,,,"Cahouète",,,,,,,,,,,,,,0xFF01FE,2,0,0,0,3,
6745,1793,8,1789,0,0,0,0,0,,,"Corvées journalières",,,,,,,,,,,,,,0xFF01FE,0,0,0,0,3,
6760,1800,29,33279,1,0,0,0,0,,,"Bouchées de busard",,,,,,,,,,,,,,0xFF01FE,0,0,0,0,3,
6807,500,0,26530,1,0,0,0,0,,,"Salramm le Façonneur de chair",,,,,,,,,,,,,,0xFF01FE,0,0,0,0,3,
6815,493,0,27483,1,0,0,0,0,,,"Roi Dred",,,,,,,,,,,,,,0xFF01FE,0,0,0,0,3,
6833,497,0,28587,1,0,0,0,0,,,"Volkhan",,,,,,,,,,,,,,0xFF01FE,0,0,0,0,3,
6841,495,0,29307,1,0,0,0,0,,,"Colosse drakkari",,,,,,,,,,,,,,0xFF01FE,0,0,0,0,3,
6850,491,0,29120,1,0,0,0,0,,,"Anub'arak",,,,,,,,,,,,,,0xFF01FE,0,0,0,0,3,
6853,492,0,29310,1,0,0,0,0,,,"Jedoga Cherchelombre",,,,,,,,,,,,,,0xFF01FE,0,0,0,0,3,
6861,498,0,27447,1,0,0,0,0,,,"Varos Arpentenuée",,,,,,,,,,,,,,0xFF01FE,0,0,0,0,3,
6863,499,0,26693,1,0,0,0,0,,,"Skadi le Brutal",,,,,,,,,,,,,,0xFF01FE,0,0,0,0,3,
6936,496,28,59046,1,0,0,0,0,,,"Le tribunal des Âges",,,,,,,,,,,,,,0xFF01FE,0,0,0,0,3,
7139,1865,0,29313,1,0,0,0,0,,,"Ichoron",,,,,,,,,,,,,,0xFF01FE,0,0,0,0,3,
7146,578,0,15956,1,0,0,0,0,,,"Anub'Rekhan",,,,,,,,,,,,,,0xFF01FE,0,0,0,0,3,
7163,579,0,15931,1,0,0,0,0,,,"Grobbulus",,,,,,,,,,,,,,0xFF01FE,0,0,0,0,3,
7179,1871,0,27656,1,0,0,0,0,,,"Drake rubis",,,,,,,,,,,,,,0xFF01FE,0,0,0,0,3,
7187,1877,0,30451,1,0,0,0,0,,,"Obscuron",,,,,,,,,,,,,,0xFF01FE,0,0,0,0,3,
7191,624,0,30451,1,0,0,0,0,,,"Obscuron",,,,,,,,,,,,,,0xFF01FE,0,0,0,0,3,
7192,568,28,59450,1,0,0,0,0,,,"Les quatre cavaliers",,,,,,,,,,,,,,0xFF01FE,0,0,0,0,3,
7193,569,28,59450,1,0,0,0,0,,,"Les quatre cavaliers",,,,,,,,,,,,,,0xFF01FE,0,0,0,0,3,
7196,1066,54,76,0,0,0,0,0,,,"ptdr",,,,,,,,,,,,,,0xFF01FE,0,0,0,0,3,
7238,1956,68,192710,1,0,0,0,0,,,"Les écoles de magie des arcanes - Invocation",,,,,,,,,,,,,,0xFF01FE,0,0,0,0,3,
7246,1957,36,43639,1,0,0,0,0,,,"Pièce d'or d'Arthas",,,,,,,,,,,,,,0xFF01FE,0,0,0,0,3,
7280,2016,27,12296,1,0,0,0,0,,,"La vie ou la mort",,,,,,,,,,,,,,0xFF01FE,0,0,0,0,3,
7289,2017,27,12280,1,0,0,0,0,,,"Procéder aux réparations",,,,,,,,,,,,,,0xFF01FE,0,0,0,0,3,
7298,2018,27,13243,1,0,0,0,0,,,"Timear prédit des agents infinis dans votre avenir !",,,,,,,,,,,,,,0xFF01FE,0,0,0,0,3,
7302,2019,27,13247,1,0,0,0,0,,,"Preuve de la mort du gardien-tellurique Eregos",,,,,,,,,,,,,,0xFF01FE,0,0,0,0,3,
7338,1039,8,271,0,0,0,0,0,,,"La danse du feu",,,,,,,,,,,,,,0xFF01FE,0,0,0,0,3,
7395,2082,34,59799,0,0,0,0,0,,,"Mammouth des glaces",,,,,,,,,,,,,,0xFF01FE,2,0,0,0,3,
7399,2083,34,59804,0,0,0,0,0,,,"Grand mammouth des glaces",,,,,,,,,,,,,,0xFF01FE,2,0,0,0,3,
7443,2094,42,43704,1,0,0,0,0,,,"Pièce de cuivre d'Attumen",,,,,,,,,,,,,,0xFF01FE,0,0,0,0,3,
7465,2095,42,43678,1,0,0,0,0,,,"Pièce d'argent d'Antonidas",,,,,,,,,,,,,,0xFF01FE,0,0,0,0,3,
7488,2096,8,1957,0,0,0,0,0,,,"Une fontaine en or",,,,,,,,,,,,,,0xFF01FE,0,0,0,0,3,
7497,2136,8,2036,0,0,0,0,0,,,"Froid intense",,,,,,,,,,,,,,0xFF01FE,0,0,0,0,3,
7530,2137,8,1856,0,0,0,0,0,,,"Battez-le à plate couture",,,,,,,,,,,,,,0xFF01FE,0,0,0,0,3,
7540,2138,8,1857,0,0,0,0,0,,,"Battez-le à plate couture (25 joueurs)",,,,,,,,,,,,,,0xFF01FE,0,0,0,0,3,
7644,2194,8,1765,0,0,0,0,0,,,"Surtout, ne pas trembler",,,,,,,,,,,,,,0xFF01FE,0,0,0,0,3,
7656,2195,8,1765,0,0,0,0,0,,,"Surtout, ne pas trembler",,,,,,,,,,,,,,0xFF01FE,0,0,0,0,3,
7706,1723,70,0,100,0,0,0,0,,,"Déchiqueteur",,,,,,,,,,,,,,0xFF01FE,3,0,0,0,3,
7714,2199,70,0,10,0,0,0,0,,,"Tour Guetteflamme",,,,,,,,,,,,,,0xFF01FE,0,0,0,0,3,
7724,1752,8,2199,0,0,0,0,0,,,"Forestier de Joug-d'hiver",,,,,,,,,,,,,,0xFF01FE,0,0,0,0,3,
7772,322,20,26731,0,0,0,0,0,,,"Grand magus Telestra",,,,,,,,,,,,,,0xFF01FE,0,0,0,0,3,
7809,323,20,16060,0,0,0,0,0,,,"Gothik le Moissonneur",,,,,,,,,,,,,,0xFF01FE,0,0,0,0,3,
7832,324,20,15931,0,0,0,0,0,,,"Grobbulus",,,,,,,,,,,,,,0xFF01FE,0,0,0,0,3,
7854,799,28,20609,0,0,0,0,0,,,"Esprit ancestral",,,,,,,,,,,,,,0xFF01FE,0,0,0,0,3,
7862,800,28,7328,0,0,0,0,0,,,"Rédemption",,,,,,,,,,,,,,0xFF01FE,0,0,0,0,3,
7867,801,28,20758,0,0,0,0,0,,,"Utilisation de pierre d'âme",,,,,,,,,,,,,,0xFF01FE,0,0,0,0,3,
8102,2256,0,32495,1,0,0,0,0,,,"Hildana Voleuse-de-mort",,,,,,,,,,,,,,0xFF01FE,0,0,0,0,3,
8590,837,32,618,0,0,0,0,0,,,"Victoires dans l'arène des valeureux",,,,,,,,,,,,,,0xFF01FE,0,0,0,0,3,
8592,838,33,559,0,0,0,0,0,,,"Matchs en Nagrand",,,,,,,,,,,,,,0xFF01FE,0,0,0,0,3,
8597,363,33,572,0,0,0,0,0,,,"Matchs dans les ruines de Lordaeron à 5c5",,,,,,,,,,,,,,0xFF01FE,0,0,0,0,3,
8601,362,32,572,0,0,0,0,0,,,"Victoires dans les ruines de Lordaeron à 5c5",,,,,,,,,,,,,,0xFF01FE,0,0,0,0,3,
8606,365,33,618,0,0,0,0,0,,,"Matchs dans l'arène des valeureux à 3c3",,,,,,,,,,,,,,0xFF01FE,0,0,0,0,3,
8610,364,32,618,0,0,0,0,0,,,"Victoires dans l'arène des valeureux à 3c3",,,,,,,,,,,,,,0xFF01FE,0,0,0,0,3,
8613,367,33,572,0,0,0,0,0,,,"Matchs dans les ruines de Lordaeron à 2c2",,,,,,,,,,,,,,0xFF01FE,0,0,0,0,3,
8616,366,32,559,0,0,0,0,0,,,"Victoires en Nagrand à 2c2",,,,,,,,,,,,,,0xFF01FE,0,0,0,0,3,
8698,347,41,20226,0,0,0,0,0,,,"Rations de campagne des Hautes-terres",,,,,,,,,,,,,,0xFF01FE,2,0,0,0,3,
8820,2336,46,577,42000,0,0,0,0,,,"Exalté auprès de Long-guet",,,,,,,,,,,,,,0xFF01FE,0,0,0,0,3,
9142,2436,29,61818,1,0,0,0,0,,,"Silithus",,,,,,,,,,,,,,0xFF01FE,0,0,0,0,3,
9145,2422,110,61815,1,0,0,0,0,,,"Nain",,,,,,,,,,,,,,0xFF01FE,0,0,0,0,3,
9162,383,70,0,0,0,0,0,0,,,"Victimes dans l'arène de Nagrand",,,,,,,,,,,,,,0xFF01FE,0,0,0,0,3,
9169,275,34,40614,0,0,0,0,0,,,"Egbert",,,,,,,,,,,,,,0xFF01FE,0,0,0,0,3,
9180,2476,0,28312,1,0,0,0,0,,,"Engin de siège de Joug-d'hiver",,,,,,,,,,,,,,0xFF01FE,0,0,0,0,3,
9200,2419,29,61875,1,0,0,0,0,,,"Comté-de-l'or",,,,,,,,,,,,,,0xFF01FE,0,0,0,0,3,
9204,2497,29,61875,1,0,0,0,0,,,"Place de l'Épervier",,,,,,,,,,,,,,0xFF01FE,0,0,0,0,3,
9259,1234,69,61863,1,0,0,0,0,,,"Le prophète Tharon'ja",,,,,,,,,,,,,,0xFF01FE,0,0,0,0,3,
9261,1508,69,61863,1,0,0,0,0,,,"Le prophète Tharon'ja",,,,,,,,,,,,,,0xFF01FE,0,0,0,0,3,
9301,2557,54,225,1,0,0,0,0,,,"Pingouin du fjord",,,,,,,,,,,,,,0xFF01FE,0,0,0,0,3,
9359,2556,0,32261,1,0,0,0,0,,,"Araignée de cristal",,,,,,,,,,,,,,0xFF01FE,0,0,0,0,3,
9418,2084,36,44934,1,0,0,0,0,,,"Jonc du Kirin Tor",,,,,,,,,,,,,,0xFF01FE,2,0,0,0,3,
9670,2770,8,2762,0,0,0,0,0,,,"Champion de Gnomeregan",,,,,,,,,,,,,,0xFF01FE,0,0,0,0,3,
9675,2771,8,2767,0,0,0,0,0,,,"Champion de Lune-d'argent",,,,,,,,,,,,,,0xFF01FE,0,0,0,0,3,
9718,2093,74,0,1,0,0,0,0,,,"Gladiateur",,,,,,,,,,,,,,0xFF01FE,2,0,0,0,3,
9720,2090,74,0,1,0,0,0,0,,,"Duelliste",,,,,,,,,,,,,,0xFF01FE,2,0,0,0,3,
9757,2758,27,13693,1,0,0,0,0,,,"",,,,,,,,,,,,,,0xFF01FF,2,0,0,0,3,
9760,2776,8,2199,0,0,0,0,0,,,"Forestier de Joug-d'hiver",,,,,,,,,,,,,,0xFF01FE,0,0,0,0,3,
9780,2782,8,2779,0,0,0,0,0,,,"Champion de Gnomeregan",,,,,,,,,,,,,,0xFF01FE,0,0,0,0,3,
9790,2788,8,2785,0,0,0,0,0,,,"Champion de Lune-d'argent",,,,,,,,,,,,,,0xFF01FE,0,0,0,0,3,
9838,259,110,46661,1,0,0,0,0,,,"Lancer une boule de neige à Cairne Sabot-de-sang",,,,,,,,,,,,,,0xFF01FE,2,0,0,0,3,
9861,2796,27,12421,1,0,0,0,0,,,"",,,,,,,,,,,,,,0xFF01FE,2,0,0,0,3,
9865,2797,8,2416,0,0,0,0,0,,,"Œuf dur",,,,,,,,,,,,,,0xFF01FE,0,0,0,0,3,
9877,2798,8,2436,0,0,0,0,0,,,"Rose des sables",,,,,,,,,,,,,,0xFF01FE,0,0,0,0,3,
9879,2144,8,2797,0,0,0,0,0,,,"Noble jardinier",,,,,,,,,,,,,,0xFF01FE,0,0,0,0,3,
9880,2145,8,2798,0,0,0,0,0,,,"Noble jardinier",,,,,,,,,,,,,,0xFF01FE,0,0,0,0,3,
9900,2816,8,2766,0,0,0,0,0,,,"Champion de Sen'jin",,,,,,,,,,,,,,0xFF01FE,0,0,0,0,3,
9906,2817,8,2761,0,0,0,0,0,,,"Champion de l'Exodar",,,,,,,,,,,,,,0xFF01FE,0,0,0,0,3,
9970,1770,0,33186,1,0,0,0,0,,,"Tranchécaille",,,,,,,,,,,,,,0xFF01FE,0,0,0,0,3,
9971,1756,0,33186,1,0,0,0,0,,,"Tranchécaille",,,,,,,,,,,,,,0xFF01FE,0,0,0,0,3,
10001,2886,0,33293,1,0,0,0,0,,,"Déconstructeur XT-002",,,,,,,,,,,,,,0xFF01FE,0,0,0,0,3,
10005,2887,0,33293,1,0,0,0,0,,,"Déconstructeur XT-002",,,,,,,,,,,,,,0xFF01FE,0,0,0,0,3,
10010,2888,0,33515,1,0,0,0,0,,,"Auriaya",,,,,,,,,,,,,,0xFF01FE,0,0,0,0,3,
10018,2889,0,33515,1,0,0,0,0,,,"Auriaya",,,,,,,,,,,,,,0xFF01FE,0,0,0,0,3,
10029,2894,8,2890,0,0,0,0,0,,,"Les gardiens d'Ulduar",,,,,,,,,,,,,,0xFF01FE,0,0,0,0,3,
10033,2895,8,2891,0,0,0,0,0,,,"Les gardiens d'Ulduar : mode héroïque",,,,,,,,,,,,,,0xFF01FE,0,0,0,0,3,
10035,3838,42,45624,1,0,0,0,0,,,"Emblème de conquête",,,,,,,,,,,,,,0xFF01FE,3,0,0,0,3,
10036,3839,42,45624,25,0,0,0,0,,,"Emblème de conquête",,,,,,,,,,,,,,0xFF01FE,3,0,0,0,3,
10037,3840,42,45624,50,0,0,0,0,,,"Emblème de conquête",,,,,,,,,,,,,,0xFF01FE,3,0,0,0,3,
10038,3841,42,45624,100,0,0,0,0,,,"Emblème de conquête",,,,,,,,,,,,,,0xFF01FE,3,0,0,0,3,
10039,3842,42,45624,250,0,0,0,0,,,"Emblème de conquête",,,,,,,,,,,,,,0xFF01FE,3,0,0,0,3,
10040,3843,42,45624,500,0,0,0,0,,,"Emblème de conquête",,,,,,,,,,,,,,0xFF01FE,3,0,0,0,3,
10041,3844,42,45624,1000,0,0,0,0,,,"Emblème de conquête",,,,,,,,,,,,,,0xFF01FE,3,0,0,0,3,
10048,2907,0,33113,1,0,0,0,0,,,"Démolisseur de récupération",,,,,,,,,,,,,,0xFF01FE,0,0,0,0,3,
10051,2908,0,33113,1,0,0,0,0,,,"Démolisseur de récupération",,,,,,,,,,,,,,0xFF01FE,0,0,0,0,3,
10101,2957,8,2923,0,0,0,0,0,,,"Un nain de fer bien cuit, s'il vous plaît !",,,,,,,,,,,,,,0xFF01FE,0,0,0,0,3,
10225,2836,28,64809,1,0,0,0,0,,,"Gnomeregan",,,,,,,,,,,,,,0xFF01FE,0,0,0,0,3,
10239,2970,69,65134,1,0,0,0,0,,,"Hodir",,,,,,,,,,,,,,0xFF01FE,2,0,0,0,3,
10241,2969,69,63711,1,0,0,0,0,,,"Hodir",,,,,,,,,,,,,,0xFF01FE,2,0,0,0,3,
10288,2973,0,32873,1,0,0,0,0,,,"Participer au massacre d'un ancien géant runique",,,,,,,,,,,,,,0xFF01FE,0,0,0,0,3,
10312,2974,0,32873,1,0,0,0,0,,,"Participer au massacre d'un ancien géant runique",,,,,,,,,,,,,,0xFF01FE,0,0,0,0,3,
10323,3016,69,63988,1,0,0,0,0,,,"Le champion torturé",,,,,,,,,,,,,,0xFF01FE,0,0,0,0,3,
10326,3015,69,63988,1,0,0,0,0,,,"Le champion torturé",,,,,,,,,,,,,,0xFF01FE,0,0,0,0,3,
10340,2903,0,33186,1,0,0,0,0,,,"Tranchécaille",,,,,,,,,,,,,,0xFF01FE,0,0,0,0,3,
10353,2904,0,33186,1,0,0,0,0,,,"Tranchécaille",,,,,,,,,,,,,,0xFF01FE,0,0,0,0,3,
10366,2958,8,2924,0,0,0,0,0,,,"Un nain de fer bien cuit, s'il vous plaît ! (25 joueurs)",,,,,,,,,,,,,,0xFF01FE,0,0,0,0,3,
10419,2945,0,32867,1,0,0,0,0,,,"Brise-acier",,,,,,,,,,,,,,0xFF01FE,2,0,0,0,3,
10421,2946,0,32927,1,0,0,0,0,,,"Léviathan des flammes",,,,,,,,,,,,,,0xFF01FE,2,0,0,0,3,
10423,2947,0,32927,1,0,0,0,0,,,"Léviathan des flammes",,,,,,,,,,,,,,0xFF01FE,2,0,0,0,3,
10425,2948,0,32927,1,0,0,0,0,,,"Léviathan des flammes",,,,,,,,,,,,,,0xFF01FE,2,0,0,0,3,
10443,1255,110,25677,1,0,0,0,0,,,"Lancer une boule de neige au roi Magni Barbe-de-bronze",,,,,,,,,,,,,,0xFF01FE,2,0,0,0,3,
10444,2890,28,65074,1,0,0,0,0,,,"Freya",,,,,,,,,,,,,,0xFF01FE,0,0,0,0,3,
10455,2891,28,65074,1,0,0,0,0,,,"Freya",,,,,,,,,,,,,,0xFF01FE,0,0,0,0,3,
10522,3217,27,13834,1,0,0,0,0,,,"Dangereusement délicieux...",,,,,,,,,,,,,,0xFF01FE,0,0,0,0,3,
10545,2989,0,33432,1,0,0,0,0,,,"Robo-bombe",,,,,,,,,,,,,,0xFF01FE,0,0,0,0,3,
10548,3237,0,33432,1,0,0,0,0,,,"Robo-bombe",,,,,,,,,,,,,,0xFF01FE,0,0,0,0,3,
10742,3357,28,65302,20,0,0,0,0,,,"",,,,,,,,,,,,,,0xFFEDFE,2,0,0,0,3,
11079,3556,69,61849,1,0,0,0,0,,,"Forgefer",,,,,,,,,,,,,,0xFF01FE,0,0,0,0,3,
11084,3557,69,61849,1,0,0,0,0,,,"Les Pitons du Tonnerre",,,,,,,,,,,,,,0xFF01FE,0,0,0,0,3,
11088,3558,29,66374,1,0,0,0,0,,,"Tarte à la citrouille",,,,,,,,,,,,,,0xFF01FE,0,0,0,0,3,
11120,3576,29,62044,1,0,0,0,0,,,"Tarte à la citrouille",,,,,,,,,,,,,,0xFF01FE,0,0,0,0,3,
11125,3577,29,66036,1,0,0,0,0,,,"Tarte à la citrouille",,,,,,,,,,,,,,0xFF01FE,0,0,0,0,3,
11136,3580,69,65403,1,0,0,0,0,,,"Les Pitons du Tonnerre",,,,,,,,,,,,,,0xFF01FE,0,0,0,0,3,
11140,3581,69,65403,1,0,0,0,0,,,"Forgefer",,,,,,,,,,,,,,0xFF01FE,0,0,0,0,3,
11165,3559,110,61781,1,0,0,0,0,,,"Voleur gnome",,,,,,,,,,,,,,0xFF01FE,0,0,0,0,3,
11179,3579,110,61927,1,0,0,0,0,,,"",,,,,,,,,,,,,,0xFF75FE,2,0,0,0,3,
11202,3596,27,14054,1,0,0,0,0,,,"C'est du gâteau",,,,,,,,,,,,,,0xFF01FE,0,0,0,0,3,
11205,3597,27,14060,1,0,0,0,0,,,"C'est du gâteau",,,,,,,,,,,,,,0xFF01FE,0,0,0,0,3,
11224,3618,34,63318,0,0,0,0,0,,,"Bourbimus le Gladiateur",,,,,,,,,,,,,,0xFF01FE,2,0,0,0,3,
11259,3478,8,3556,0,0,0,0,0,,,"La panse du pèlerin",,,,,,,,,,,,,,0xFF01FE,0,0,0,0,3,
11268,3656,8,3557,0,0,0,0,0,,,"La panse du pèlerin",,,,,,,,,,,,,,0xFF01FE,0,0,0,0,3,
11322,3696,27,13723,1,0,0,0,0,,,"",,,,,,,,,,,,,,0xFFF7FF,2,0,0,0,3,
11488,3845,30,246,1,3,628,3,628,,,"Défendre une base",,,,,,,,,,,,,,0xFF01FE,12,0,0,0,3,
11494,3847,28,68365,1,0,0,0,0,,,"Démolisseur",,,,,,,,,,,,,,0xFF01FE,0,0,0,0,3,
11500,3856,56,0,1,0,0,0,0,,,"Catapulte",,,,,,,,,,,,,,0xFF01FE,0,0,0,0,3,
11504,3857,8,3847,0,0,0,0,0,,,"Collectionnite aiguë",,,,,,,,,,,,,,0xFF01FE,0,0,0,0,3,
11620,3876,42,45624,1500,0,0,0,0,,,"Emblème de conquête",,,,,,,,,,,,,,0xFF01FE,3,0,0,0,3,
11678,3812,28,68184,1,0,0,0,0,,,"Vaincre les champions de faction",,,,,,,,,,,,,,0xFF01FE,0,0,0,0,3,
11681,3916,28,68184,1,0,0,0,0,,,"Vaincre les champions de faction",,,,,,,,,,,,,,0xFF01FE,0,0,0,0,3,
11686,3917,28,68184,1,0,0,0,0,,,"Vaincre les champions de faction",,,,,,,,,,,,,,0xFF01FE,0,0,0,0,3,
11691,3918,28,68184,1,0,0,0,0,,,"Vaincre les champions de faction",,,,,,,,,,,,,,0xFF01FE,0,0,0,0,3,
11751,3957,8,3847,0,0,0,0,0,,,"Collectionnite aiguë",,,,,,,,,,,,,,0xFF01FE,0,0,0,0,3,
11905,3802,28,68206,1,0,0,0,0,,,"Mutanus",,,,,,,,,,,,,,0xFF01FE,0,0,0,0,3,
12160,3853,31,4749,1,3,628,3,628,,,"Docks",,,,,,,,,,,,,,0xFF01FE,4,0,0,0,3,
12181,4256,56,0,1,0,0,0,0,,,"Catapulte",,,,,,,,,,,,,,0xFF01FE,0,0,0,0,3,
12299,3778,28,68572,1,0,0,0,0,,,"Colossos",,,,,,,,,,,,,,0xFF01FE,0,0,0,0,3,
12304,4296,28,68572,1,0,0,0,0,,,"Runok Crin-sauvage",,,,,,,,,,,,,,0xFF01FE,0,0,0,0,3,
12312,4297,28,68572,1,0,0,0,0,,,"Colossos",,,,,,,,,,,,,,0xFF01FE,0,0,0,0,3,
12320,4298,28,68572,1,0,0,0,0,,,"Runok Crin-sauvage",,,,,,,,,,,,,,0xFF01FE,0,0,0,0,3,
12340,3817,0,34564,1,0,0,0,0,,,"Achever l'épreuve du grand croisé",,,,,,,,,,,,,,0xFF01FE,2,0,0,0,3,
12346,3808,0,34564,1,0,0,0,0,,,"Achever l'épreuve du grand croisé",,,,,,,,,,,,,,0xFF01FE,2,0,0,0,3,
12420,4316,42,45624,2500,0,0,0,0,,,"Emblème de conquête",,,,,,,,,,,,,,0xFF01FE,3,0,0,0,3,
12480,426,57,32838,1,0,0,0,0,,,"",,,,,,,,,,,,,,0xFF01FE,2,0,0,0,3,
12620,4416,34,10698,0,0,0,0,0,,,"Jeune dragonnet d'émeraude",,,,,,,,,,,,,,0xFF01FE,2,0,0,0,3,
12660,4436,110,67531,1,0,0,0,0,,,"Lor'themar Theron",,,,,,,,,,,,,,0xFF01FE,0,0,0,0,3,
12663,4437,110,67531,1,0,0,0,0,,,"Roi Varian Wrynn",,,,,,,,,,,,,,0xFF01FE,0,0,0,0,3,
12680,4456,0,27656,1,0,0,0,0,,,"Gardien-tellurique Eregos",,,,,,,,,,,,,,0xFF01FE,0,0,0,0,3,
12743,4518,28,72830,1,0,0,0,0,,,"Survivre à la rencontre avec le roi-liche",,,,,,,,,,,,,,0xFF01FE,0,0,0,0,3,
12744,4517,0,36658,1,0,0,0,0,,,"Seigneur du Fléau Tyrannus et Frigecroc",,,,,,,,,,,,,,0xFF01FE,0,0,0,0,3,
12749,4520,0,36658,1,0,0,0,0,,,"Seigneur du Fléau Tyrannus et Frigecroc",,,,,,,,,,,,,,0xFF01FE,0,0,0,0,3,
12751,4521,28,72830,1,0,0,0,0,,,"Survivre à la rencontre avec le roi-liche",,,,,,,,,,,,,,0xFF01FE,0,0,0,0,3,
12761,4528,0,36678,1,0,0,0,0,,,"Professeur Putricide",,,,,,,,,,,,,,0xFF01FE,0,0,0,0,3,
12768,4532,8,4529,0,0,0,0,0,,,"La salle Cramoisie",,,,,,,,,,,,,,0xFF01FE,0,0,0,0,3,
12771,4531,28,72959,1,0,0,0,0,,,"Obtenir la victoire lors de la bataille des canonnières",,,,,,,,,,,,,,0xFF01FE,0,0,0,0,3,
12800,4556,0,27656,1,0,0,0,0,,,"Gardien-tellurique Eregos",,,,,,,,,,,,,,0xFF01FE,0,0,0,0,3,
12840,1697,27,24609,1,0,0,0,0,,,"Un cadeau pour le seigneur de Forgefer",,,,,,,,,,,,,,0xFF01FE,0,0,0,0,3,
12844,1698,27,24614,1,0,0,0,0,,,"Un cadeau pour le grand chef",,,,,,,,,,,,,,0xFF01FE,0,0,0,0,3,
12879,1695,27,24660,1,0,0,0,0,,,"",,,,,,,,,,,,,,0xFF01FC,2,0,0,0,3,
12904,4596,27,24798,0,0,0,0,0,,,"",,,,,,,,,,,,,,0xFF01FC,2,0,0,0,3,
12947,4604,28,72959,1,0,0,0,0,,,"Obtenir la victoire lors de la bataille des canonnières",,,,,,,,,,,,,,0xFF01FE,0,0,0,0,3,
12951,4605,0,36678,1,0,0,0,0,,,"Professeur Putricide",,,,,,,,,,,,,,0xFF01FE,0,0,0,0,3,
12960,4608,8,4606,0,0,0,0,0,,,"La salle Cramoisie",,,,,,,,,,,,,,0xFF01FE,0,0,0,0,3,
12999,2091,74,0,1,0,0,0,0,,,"Gladiateur furieux",,,,,,,,,,,,,,0xFF01FE,2,0,0,0,3,
13001,2092,74,0,1,0,0,0,0,,,"Gladiateur fatal",,,,,,,,,,,,,,0xFF01FE,2,0,0,0,3,
13041,4628,28,72959,1,0,0,0,0,,,"Obtenir la victoire lors de la bataille des canonnières",,,,,,,,,,,,,,0xFF01FE,0,0,0,0,3,
13045,4629,0,36678,1,0,0,0,0,,,"Professeur Putricide",,,,,,,,,,,,,,0xFF01FE,0,0,0,0,3,
13052,4632,28,72959,1,0,0,0,0,,,"Obtenir la victoire lors de la bataille des canonnières",,,,,,,,,,,,,,0xFF01FE,0,0,0,0,3,
13056,4633,0,36678,1,0,0,0,0,,,"Professeur Putricide",,,,,,,,,,,,,,0xFF01FE,0,0,0,0,3,
13063,4636,8,4630,0,0,0,0,0,,,"La salle Cramoisie",,,,,,,,,,,,,,0xFF01FE,0,0,0,0,3,
13068,4637,8,4634,0,0,0,0,0,,,"La salle Cramoisie",,,,,,,,,,,,,,0xFF01FE,0,0,0,0,3,
13073,4602,8,4630,0,0,0,0,0,,,"La salle Cramoisie : mode héroïque (10 joueurs)",,,,,,,,,,,,,,0xFF01FE,0,0,0,0,3,
13077,4603,8,4634,0,0,0,0,0,,,"La salle Cramoisie : mode héroïque (25 joueurs)",,,,,,,,,,,,,,0xFF01FE,0,0,0,0,3,
13234,2186,0,15952,1,0,0,0,0,,,"Maexxna",,,,,,,,,,,,,,0xFF01FE,2,0,0,0,3,
13238,2187,0,15952,1,0,0,0,0,,,"Maexxna",,,,,,,,,,,,,,0xFF01FE,2,0,0,0,3,
13374,4782,36,37897,1,0,0,0,0,,,"Bock de la fête des Brasseurs vert plein",,,,,,,,,,,,,,0xFF01FE,2,0,0,0,3,
13381,4784,36,45624,1,0,0,0,0,,,"",,,,,,,,,,,,,,0xFF01FC,2,0,0,0,3,
13386,4785,36,45624,1,0,0,0,0,,,"",,,,,,,,,,,,,,0xFF01FC,2,0,0,0,3,
13398,4788,34,35535,0,0,0,0,0,,,"",,,,,,,,,,,,,,0xFF01FC,0,0,0,0,3,
13411,4789,34,35532,0,0,0,0,0,,,"",,,,,,,,,,,,,,0xFF01FC,0,0,0,0,3,
86,41,8,37,1,0,0,0,0,,,"Les Grisonnes, ça vous grise !",,,,,,,,,,,,,,0xFF01FE,0,0,0,0,4,
97,46,8,45,1,0,0,0,0,,,"Norfendre",,,,,,,,,,,,,,0xFF01FE,0,0,0,0,4,
192,477,0,23980,1,0,0,0,0,,,"Ingvar le Pilleur",,,,,,,,,,,,,,0xFF01FE,0,0,0,0,4,
198,478,0,26723,1,0,0,0,0,,,"Keristrasza",,,,,,,,,,,,,,0xFF01FE,0,0,0,0,4,
206,487,0,27656,1,0,0,0,0,,,"Gardien-tellurique Eregos",,,,,,,,,,,,,,0xFF01FE,0,0,0,0,4,
210,488,0,26861,1,0,0,0,0,,,"Roi Ymiron",,,,,,,,,,,,,,0xFF01FE,0,0,0,0,4,
217,485,0,27978,1,0,0,0,0,,,"Sjonnir le Sculptefer",,,,,,,,,,,,,,0xFF01FE,0,0,0,0,4,
228,230,8,1171,0,0,0,0,0,,,"Maîtrise de l'Œil du cyclone",,,,,,,,,,,,,,0xFF01FE,0,0,0,0,4,
360,564,0,15928,1,0,0,0,0,,,"Thaddius",,,,,,,,,,,,,,0xFF01FE,0,0,0,0,4,
386,576,8,568,0,0,0,0,0,,,"Le quartier Militaire",,,,,,,,,,,,,,0xFF01FE,0,0,0,0,4,
392,577,8,569,0,0,0,0,0,,,"Le quartier Militaire",,,,,,,,,,,,,,0xFF01FE,0,0,0,0,4,
424,582,30,64,1,3,30,3,30,,,"Défendre une tour",,,,,,,,,,,,,,0xFF01FE,12,0,0,0,4,
434,584,31,3422,5,3,529,3,529,,,"Tuer 5 personnages dans la scierie",,,,,,,,,,,,,,0xFF01FE,12,0,0,0,4,
444,587,31,3869,5,3,566,3,566,,,"Tuer 5 personnages à la Tour des mages",,,,,,,,,,,,,,0xFF01FE,12,0,0,0,4,
487,614,8,613,0,0,0,0,0,,,"Tué à Quel'Thalas",,,,,,,,,,,,,,0xFF01FE,0,0,0,0,4,
495,619,8,618,0,0,0,0,0,,,"Éteignez la Lumière",,,,,,,,,,,,,,0xFF01FE,0,0,0,0,4,
499,626,36,21157,1,0,0,0,0,,,"Robe de fête verte",,,,,,,,,,,,,,0xFF01FE,2,0,0,0,4,
505,627,43,113,1,0,0,0,0,,,"Kharanos",,,,,,,,,,,,,,0xFF01FE,0,0,0,0,4,
522,624,0,28860,1,0,0,0,0,,,"Sartharion le Gardien d'Onyx",,,,,,,,,,,,,,0xFF01FE,0,0,0,0,4,
534,637,0,3976,1,0,0,0,0,,,"Commandant écarlate Mograine",,,,,,,,,,,,,,0xFF01FE,0,0,0,0,4,
619,116,40,202,2,0,0,0,0,,,"Ingénierie",,,,,,,,,,,,,,0xFF01FE,2,0,0,0,4,
653,705,7,173,400,0,0,0,0,,,"Dagues",,,,,,,,,,,,,,0xFF01FE,0,0,0,0,4,
750,425,27,9271,1,0,0,0,0,,,"Atiesh, grand bâton du Gardien",,,,,,,,,,,,,,0xFF01FE,2,0,0,0,4,
762,700,36,18851,1,0,0,0,0,,,"Insigne de la Horde",,,,,,,,,,,,,,0xFF01FE,2,0,0,0,4,
782,701,36,18862,1,0,0,0,0,,,"Insigne de l'Alliance",,,,,,,,,,,,,,0xFF01FE,2,0,0,0,4,
825,728,43,248,1,0,0,0,0,,,"Îles de l'Écho",,,,,,,,,,,,,,0xFF01FE,0,0,0,0,4,
851,731,40,202,3,0,0,0,0,,,"Ingénierie",,,,,,,,,,,,,,0xFF01FE,2,0,0,0,4,
862,732,40,202,4,0,0,0,0,,,"Ingénierie",,,,,,,,,,,,,,0xFF01FE,2,0,0,0,4,
873,733,40,202,5,0,0,0,0,,,"Ingénierie",,,,,,,,,,,,,,0xFF01FE,2,0,0,0,4,
884,734,40,202,6,0,0,0,0,,,"Ingénierie",,,,,,,,,,,,,,0xFF01FE,2,0,0,0,4,
895,735,40,202,6,0,0,0,0,,,"Ingénierie",,,,,,,,,,,,,,0xFF01FE,2,0,0,0,4,
905,736,43,188,1,0,0,0,0,,,"Puits Sabot-d'hiver",,,,,,,,,,,,,,0xFF01FE,0,0,0,0,4,
920,750,43,464,1,0,0,0,0,,,"Pic de Brume-funeste",,,,,,,,,,,,,,0xFF01FE,0,0,0,0,4,
950,760,43,444,1,0,0,0,0,,,"Cratère de Dalaran",,,,,,,,,,,,,,0xFF01FE,0,0,0,0,4,
964,761,43,564,1,0,0,0,0,,,"Mur de Thoradin",,,,,,,,,,,,,,0xFF01FE,0,0,0,0,4,
995,762,46,530,42000,0,0,0,0,,,"Exalté auprès des trolls Sombrelance",,,,,,,,,,,,,,0xFF01FE,0,0,0,0,4,
1008,763,46,989,42000,0,0,0,0,,,"Gardiens du Temps",,,,,,,,,,,,,,0xFF01FE,0,0,0,0,4,
1011,764,46,1011,42000,0,0,0,0,,,"Ville basse",,,,,,,,,,,,,,0xFF01FE,0,0,0,0,4,
1017,765,43,584,1,0,0,0,0,,,"Vallée des mirages",,,,,,,,,,,,,,0xFF01FE,0,0,0,0,4,
1031,766,43,824,1,0,0,0,0,,,"Anneaux du serpent",,,,,,,,,,,,,,0xFF01FE,0,0,0,0,4,
1040,768,43,233,1,0,0,0,0,,,"Étang immobile",,,,,,,,,,,,,,0xFF01FE,0,0,0,0,4,
1056,769,43,304,1,0,0,0,0,,,"Le Grouillement",,,,,,,,,,,,,,0xFF01FE,0,0,0,0,4,
1071,770,43,964,1,0,0,0,0,,,"Ruines d'Andorhal",,,,,,,,,,,,,,0xFF01FE,0,0,0,0,4,
1084,771,43,891,1,0,0,0,0,,,"Tour de garde de la couronne",,,,,,,,,,,,,,0xFF01FE,0,0,0,0,4,
1106,772,43,404,1,0,0,0,0,,,"Dun Garok",,,,,,,,,,,,,,0xFF01FE,0,0,0,0,4,
1118,773,43,604,1,0,0,0,0,,,"Gîte de Quel'Danil",,,,,,,,,,,,,,0xFF01FE,0,0,0,0,4,
1132,774,43,724,1,0,0,0,0,,,"La Mer de braises",,,,,,,,,,,,,,0xFF01FE,0,0,0,0,4,
1139,775,43,784,1,0,0,0,0,,,"Défilé des Rochenoires",,,,,,,,,,,,,,0xFF01FE,0,0,0,0,4,
1149,776,43,121,1,0,0,0,0,,,"Hurlevent",,,,,,,,,,,,,,0xFF01FE,0,0,0,0,4,
1164,778,43,424,1,0,0,0,0,,,"Cimetière de Colline-aux-Corbeaux",,,,,,,,,,,,,,0xFF01FE,0,0,0,0,4,
1177,779,43,319,1,0,0,0,0,,,"Mine du Ru d'argent",,,,,,,,,,,,,,0xFF01FE,0,0,0,0,4,
1187,780,43,362,1,0,0,0,0,,,"Grand-route de la Crête du lac",,,,,,,,,,,,,,0xFF01FE,0,0,0,0,4,
1199,781,43,525,1,0,0,0,0,,,"Camp rebelle",,,,,,,,,,,,,,0xFF01FE,0,0,0,0,4,
1226,782,43,544,1,0,0,0,0,,,"Croisement de Lance-brisée",,,,,,,,,,,,,,0xFF01FE,0,0,0,0,4,
1251,802,43,281,1,0,0,0,0,,,"La ferme des Jansen",,,,,,,,,,,,,,0xFF01FE,0,0,0,0,4,
1265,841,43,384,1,0,0,0,0,,,"Excavations de Whelgar",,,,,,,,,,,,,,0xFF01FE,0,0,0,0,4,
1279,42,8,765,1,0,0,0,0,,,"Terres ingrates",,,,,,,,,,,,,,0xFF01FE,0,0,0,0,4,
1302,842,43,87,1,0,0,0,0,,,"Camp des Pins-tordus",,,,,,,,,,,,,,0xFF01FE,0,0,0,0,4,
1313,843,43,1182,1,0,0,0,0,,,"Manaforge Duro",,,,,,,,,,,,,,0xFF01FE,0,0,0,0,4,
1317,844,43,343,1,0,0,0,0,,,"La Bondissante",,,,,,,,,,,,,,0xFF01FE,0,0,0,0,4,
1326,845,43,744,1,0,0,0,0,,,"Village des Crins-de-Chardon",,,,,,,,,,,,,,0xFF01FE,0,0,0,0,4,
1344,846,43,684,1,0,0,0,0,,,"Poste de Librevent",,,,,,,,,,,,,,0xFF01FE,0,0,0,0,4,
1353,847,43,928,1,0,0,0,0,,,"Sentier des Tisseuses",,,,,,,,,,,,,,0xFF01FE,0,0,0,0,4,
1364,850,43,664,1,0,0,0,0,,,"Le Bourbier",,,,,,,,,,,,,,0xFF01FE,0,0,0,0,4,
1368,848,43,772,1,0,0,0,0,,,"Forteresse de Hache-Tonnerre",,,,,,,,,,,,,,0xFF01FE,0,0,0,0,4,
1371,849,43,983,1,0,0,0,0,,,"Ruines de Vent-du-Corbeau",,,,,,,,,,,,,,0xFF01FE,0,0,0,0,4,
1404,853,43,864,1,0,0,0,0,,,"Défilé des Jadefeu",,,,,,,,,,,,,,0xFF01FE,0,0,0,0,4,
1408,851,43,655,1,0,0,0,0,,,"Port Gentepression",,,,,,,,,,,,,,0xFF01FE,0,0,0,0,4,
1412,852,43,844,1,0,0,0,0,,,"Confins amers",,,,,,,,,,,,,,0xFF01FE,0,0,0,0,4,
1456,854,43,624,1,0,0,0,0,,,"La Balafre sinueuse",,,,,,,,,,,,,,0xFF01FE,0,0,0,0,4,
1468,856,43,1025,1,0,0,0,0,,,"Ruche'Zora",,,,,,,,,,,,,,0xFF01FE,0,0,0,0,4,
1476,857,43,1004,1,0,0,0,0,,,"Pluie-d'Étoiles",,,,,,,,,,,,,,0xFF01FE,0,0,0,0,4,
1507,858,43,1152,1,0,0,0,0,,,"Coursevent",,,,,,,,,,,,,,0xFF01FE,0,0,0,0,4,
1511,859,43,1130,1,0,0,0,0,,,"Mouillage des Voiles du soleil",,,,,,,,,,,,,,0xFF01FE,0,0,0,0,4,
1555,860,43,1366,1,0,0,0,0,,,"Village des Bras-hirsutes",,,,,,,,,,,,,,0xFF01FE,0,0,0,0,4,
1576,861,43,1331,1,0,0,0,0,,,"Bois des Lames",,,,,,,,,,,,,,0xFF01FE,0,0,0,0,4,
1600,43,8,860,1,0,0,0,0,,,"Île de Brume-azur",,,,,,,,,,,,,,0xFF01FE,0,0,0,0,4,
1605,867,43,1168,1,0,0,0,0,,,"Halte Aile-de-feu",,,,,,,,,,,,,,0xFF01FE,0,0,0,0,4,
1608,862,43,1202,1,0,0,0,0,,,"Citadelle des Flammes infernales",,,,,,,,,,,,,,0xFF01FE,0,0,0,0,4,
1613,863,43,1136,1,0,0,0,0,,,"Tourbière taillée",,,,,,,,,,,,,,0xFF01FE,0,0,0,0,4,
1617,864,43,1105,1,0,0,0,0,,,"Escarpement de l'Aile-du-Néant",,,,,,,,,,,,,,0xFF01FE,0,0,0,0,4,
1621,865,43,1291,1,0,0,0,0,,,"Camp de la Masse-sanglante",,,,,,,,,,,,,,0xFF01FE,0,0,0,0,4,
1625,866,43,1192,1,0,0,0,0,,,"Forteresse Kil'sorrau",,,,,,,,,,,,,,0xFF01FE,0,0,0,0,4,
1785,44,8,866,1,0,0,0,0,,,"Nagrand",,,,,,,,,,,,,,0xFF01FE,0,0,0,0,4,
1793,868,43,1458,1,0,0,0,0,,,"Terrasse des Magistères",,,,,,,,,,,,,,0xFF01FE,2,0,0,0,4,
1804,220,1,30,1,3,30,3,30,,,"Tour A1 possédée par l'Alliance",,,,,,,,,,,,,,0xFF01FE,6,0,0,0,4,
1813,873,1,30,1,3,30,3,30,,,"Tour A1 possédée par la Horde",,,,,,,,,,,,,,0xFF01FE,6,0,0,0,4,
1823,229,35,0,30,3,489,3,489,,,"30 victoires honorables dans le goulet des Chanteguerres",,,,,,,,,,,,,,0xFF01FE,2,0,0,0,4,
1827,486,0,28923,1,0,0,0,0,,,"Loken",,,,,,,,,,,,,,0xFF01FE,0,0,0,0,4,
1839,878,42,6295,1,0,0,0,0,,,"Lutjan de 15 livres",,,,,,,,,,,,,,0xFF01FE,0,0,0,0,4,
1889,905,27,11667,1,0,0,0,0,,,"Celui qui s'échappa",,,,,,,,,,,,,,0xFF01FE,0,0,0,0,4,
1894,906,27,11381,1,0,0,0,0,,,"Une soupe pour l'âme",,,,,,,,,,,,,,0xFF01FE,0,0,0,0,4,
1905,908,27,11338,1,0,0,0,0,,,"Appel aux armes : goulet des Chanteguerres",,,,,,,,,,,,,,0xFF01FE,0,0,0,0,4,
1909,909,27,11342,1,0,0,0,0,,,"Appel aux armes : goulet des Chanteguerres",,,,,,,,,,,,,,0xFF01FE,0,0,0,0,4,
1913,910,27,8644,1,0,0,0,0,,,"Ancien Fort-de-pierre au pic Rochenoire",,,,,,,,,,,,,,0xFF01FE,0,0,0,0,4,
1919,911,27,8686,1,0,0,0,0,,,"Ancien Haute-montagne au camp Taurajo",,,,,,,,,,,,,,0xFF01FE,0,0,0,0,4,
1925,912,27,8722,1,0,0,0,0,,,"Ancienne Courresteppe dans les Maleterres de l'ouest",,,,,,,,,,,,,,0xFF01FE,0,0,0,0,4,
2000,913,8,914,0,0,0,0,0,,,"Anciens de la Horde",,,,,,,,,,,,,,0xFF01FE,0,0,0,0,4,
2033,948,46,54,42000,0,0,0,0,,,"Exalté auprès des exilés de Gnomeregan",,,,,,,,,,,,,,0xFF01FE,0,0,0,0,4,
2057,961,27,12760,1,0,0,0,0,,,"La puissance secrète des Frénécœur",,,,,,,,,,,,,,0xFF01FE,0,0,0,0,4,
2065,962,27,12762,1,0,0,0,0,,,"Le pouvoir des Tout-puissants",,,,,,,,,,,,,,0xFF01FE,0,0,0,0,4,
2075,963,27,12338,1,0,0,0,0,,,"Sombrivage, Auberdine",,,,,,,,,,,,,,0xFF01FE,0,0,0,0,4,
2102,965,27,12399,1,0,0,0,0,,,"Tanaris, Gadgetzan",,,,,,,,,,,,,,0xFF01FE,0,0,0,0,4,
2135,966,27,12346,1,0,0,0,0,,,"Contreforts de Hautebrande, Austrivage",,,,,,,,,,,,,,0xFF01FE,0,0,0,0,4,
2148,967,27,12385,1,0,0,0,0,,,"Terres ingrates, Kargath",,,,,,,,,,,,,,0xFF01FE,0,0,0,0,4,
2198,969,27,12353,1,0,0,0,0,,,"Péninsule des Flammes infernales, temple de Telhamat",,,,,,,,,,,,,,0xFF01FE,0,0,0,0,4,
2220,968,27,12392,1,0,0,0,0,,,"Nagrand, Garadar",,,,,,,,,,,,,,0xFF01FE,0,0,0,0,4,
2263,979,36,20392,1,0,0,0,0,,,"Masque de gnome fragile (F)",,,,,,,,,,,,,,0xFF01FE,2,0,0,0,4,
2284,289,27,11219,1,0,0,0,0,,,"Éteignez les incendies !",,,,,,,,,,,,,,0xFF01FE,2,0,0,0,4,
2338,621,57,28788,1,0,0,0,0,,,"Tabard du protecteur",,,,,,,,,,,,,,0xFF01FE,2,0,0,0,4,
2345,556,49,4,1,0,0,0,0,,,"Torse",,,,,,,,,,,,,,0xFF01FE,0,0,0,0,4,
2362,245,52,8,1,0,0,0,0,,,"Mage",,,,,,,,,,,,,,0xFF01FE,0,0,0,0,4,
2372,246,53,5,1,0,0,0,0,,,"Mort-vivant",,,,,,,,,,,,,,0xFF01FE,0,0,0,0,4,
2377,1005,53,3,1,0,0,0,0,,,"Nain",,,,,,,,,,,,,,0xFF01FE,0,0,0,0,4,
2403,227,13,0,300000,3,566,3,566,,,"Infliger 300 000 points de dégâts dans l'Œil du cyclone",,,,,,,,,,,,,,0xFF01FE,11,0,0,0,4,
2421,1010,8,1009,0,0,0,0,0,,,"Chevaliers de la Lame d'ébène",,,,,,,,,,,,,,0xFF01FE,0,0,0,0,4,
3066,1022,27,11813,1,0,0,0,0,,,"Dun Morogh",,,,,,,,,,,,,,0xFF01FE,0,0,0,0,4,
3079,1023,27,11811,1,0,0,0,0,,,"Sombrivage",,,,,,,,,,,,,,0xFF01FE,0,0,0,0,4,
3092,1024,27,11830,1,0,0,0,0,,,"Raz-de-Néant",,,,,,,,,,,,,,0xFF01FE,0,0,0,0,4,
3104,1025,27,11848,1,0,0,0,0,,,"Bois des Chants éternels",,,,,,,,,,,,,,0xFF01FE,0,0,0,0,4,
3115,1026,27,11847,1,0,0,0,0,,,"Marécage d'Âprefange",,,,,,,,,,,,,,0xFF01FE,0,0,0,0,4,
3127,1027,27,11835,1,0,0,0,0,,,"Raz-de-Néant",,,,,,,,,,,,,,0xFF01FE,0,0,0,0,4,
3134,1028,27,11772,1,0,0,0,0,,,"Bois des Chants éternels",,,,,,,,,,,,,,0xFF01FE,0,0,0,0,4,
3145,1029,27,11771,1,0,0,0,0,,,"Marécage d'Âprefange",,,,,,,,,,,,,,0xFF01FE,0,0,0,0,4,
3157,1030,27,11799,1,0,0,0,0,,,"Raz-de-Néant",,,,,,,,,,,,,,0xFF01FE,0,0,0,0,4,
3164,1031,27,11742,1,0,0,0,0,,,"Dun Morogh",,,,,,,,,,,,,,0xFF01FE,0,0,0,0,4,
3177,1032,27,11740,1,0,0,0,0,,,"Sombrivage",,,,,,,,,,,,,,0xFF01FE,0,0,0,0,4,
3189,1033,27,11759,1,0,0,0,0,,,"Raz-de-Néant",,,,,,,,,,,,,,0xFF01FE,0,0,0,0,4,
3212,283,28,24718,1,0,0,0,0,,,"Transformé en ninja",,,,,,,,,,,,,,0xFF01FE,0,0,0,0,4,
3304,344,41,20067,1,0,0,0,0,,,"Bandage en soie du bassin d'Arathi",,,,,,,,,,,,,,0xFF01FE,0,0,0,0,4,
3371,231,56,0,20,3,489,1,0,,,"Goulet des Chanteguerres",,,,,,,,,,,,,,0xFF01FE,11,0,0,0,4,
3395,1167,8,1151,0,0,0,0,0,,,"Défenseur loyal",,,,,,,,,,,,,,0xFF01FE,0,0,0,0,4,
3407,1168,8,224,0,0,0,0,0,,,"Défenseur loyal",,,,,,,,,,,,,,0xFF01FE,0,0,0,0,4,
3419,1169,8,73,0,0,0,0,0,,,"Déshonorer le bassin",,,,,,,,,,,,,,0xFF01FE,0,0,0,0,4,
3434,1170,8,73,0,0,0,0,0,,,"Déshonorer le bassin",,,,,,,,,,,,,,0xFF01FE,0,0,0,0,4,
3449,1171,8,214,0,0,0,0,0,,,"Rafale",,,,,,,,,,,,,,0xFF01FE,0,0,0,0,4,
3464,1172,8,872,0,0,0,0,0,,,"Défenseur effréné",,,,,,,,,,,,,,0xFF01FE,0,0,0,0,4,
3479,1173,8,872,0,0,0,0,0,,,"Défenseur effréné",,,,,,,,,,,,,,0xFF01FE,0,0,0,0,4,
3491,1174,8,1160,0,0,0,0,0,,,"Jamais deux sans trois : 2200",,,,,,,,,,,,,,0xFF01FE,0,0,0,0,4,
3503,1175,8,1171,0,0,0,0,0,,,"Maîtrise de l'Œil du cyclone",,,,,,,,,,,,,,0xFF01FE,0,0,0,0,4,
3518,1183,28,43961,1,0,0,0,0,,,"Bock pétillant de Metok",,,,,,,,,,,,,,0xFF01FE,0,0,0,0,4,
3531,1184,41,33034,1,0,0,0,0,,,"Grog gordok",,,,,,,,,,,,,,0xFF01FE,0,0,0,0,4,
3545,1185,41,34065,1,0,0,0,0,,,"Fromage épicé aux oignons",,,,,,,,,,,,,,0xFF01FE,0,0,0,0,4,
3563,1187,36,12382,1,0,0,0,0,,,"Clé de la ville",,,,,,,,,,,,,,0xFF01FE,0,0,0,0,4,
3577,484,0,29306,1,0,0,0,0,,,"Gal'darah",,,,,,,,,,,,,,0xFF01FE,0,0,0,0,4,
3581,481,0,29311,1,0,0,0,0,,,"Héraut Volazj",,,,,,,,,,,,,,0xFF01FE,0,0,0,0,4,
3597,1203,41,34018,1,0,0,0,0,,,"Bière Grand-pas",,,,,,,,,,,,,,0xFF01FE,0,0,0,0,4,
3626,1225,72,182956,1,0,0,0,0,,,"Banc de dards",,,,,,,,,,,,,,0xFF01FE,0,0,0,0,4,
3704,489,0,23980,1,0,0,0,0,,,"Ingvar le Pilleur",,,,,,,,,,,,,,0xFF01FE,0,0,0,0,4,
3726,557,49,4,1,0,0,0,0,,,"Torse",,,,,,,,,,,,,,0xFF01FE,0,0,0,0,4,
3744,1206,54,225,1,0,0,0,0,,,"Chat",,,,,,,,,,,,,,0xFF01FE,0,0,0,0,4,
3765,1244,68,175758,1,0,0,0,0,,,"Le retour d'Archimonde et la fuite vers Kalimdor",,,,,,,,,,,,,,0xFF01FE,0,0,0,0,4,
3807,161,1,529,1,0,0,0,0,,,"Rattraper un retard de 500 ressources",,,,,,,,,,,,,,0xFF01FE,2,0,0,0,4,
3829,252,35,0,50,0,0,0,0,,,"26274",,,,,,,,,,,,,,0xFF01FE,3,0,0,0,4,
3840,565,0,15928,1,0,0,0,0,,,"Thaddius",,,,,,,,,,,,,,0xFF01FE,0,0,0,0,4,
3850,306,36,19979,1,0,0,0,0,,,"Hameçon du maître pêcheur",,,,,,,,,,,,,,0xFF01FE,2,0,0,0,4,
3856,153,72,180664,1,0,0,0,0,,,"Banc clairsemé de bouches-noires huileux",,,,,,,,,,,,,,0xFF01FE,2,0,0,0,4,
3875,1257,72,180685,1,0,0,0,0,,,"Débris trempés",,,,,,,,,,,,,,0xFF01FE,0,0,0,0,4,
3886,1262,8,1192,0,0,0,0,0,,,"Chelem en Nagrand",,,,,,,,,,,,,,0xFF01FE,0,0,0,0,4,
3907,45,8,1266,0,0,0,0,0,,,"Les Grisonnes",,,,,,,,,,,,,,0xFF01FE,0,0,0,0,4,
3918,1274,8,1273,0,0,0,0,0,,,"Chelem en Nagrand",,,,,,,,,,,,,,0xFF01FE,0,0,0,0,4,
3942,1283,8,631,0,0,0,0,0,,,"Donjon d'Ombrecroc",,,,,,,,,,,,,,0xFF01FE,0,0,0,0,4,
3967,1284,8,650,0,0,0,0,0,,,"La Basse-tourbière",,,,,,,,,,,,,,0xFF01FE,0,0,0,0,4,
4012,1285,8,688,0,0,0,0,0,,,"Zul'Gurub",,,,,,,,,,,,,,0xFF01FE,0,0,0,0,4,
4017,1286,8,693,0,0,0,0,0,,,"Le repaire de Magtheridon",,,,,,,,,,,,,,0xFF01FE,0,0,0,0,4,
4026,1287,8,670,0,0,0,0,0,,,"La Basse-tourbière en mode héroïque",,,,,,,,,,,,,,0xFF01FE,0,0,0,0,4,
4043,1288,8,480,0,0,0,0,0,,,"Azjol-Nérub",,,,,,,,,,,,,,0xFF01FE,0,0,0,0,4,
4059,1289,8,491,0,0,0,0,0,,,"Azjol-Nérub en mode héroïque",,,,,,,,,,,,,,0xFF01FE,0,0,0,0,4,
4075,1292,36,32915,1,0,0,0,0,,,"Bock de la fête des Brasseurs jaune plein",,,,,,,,,,,,,,0xFF01FE,2,0,0,0,4,
4081,1293,36,33019,1,0,0,0,0,,,"Bock de la fête des Brasseurs bleu plein",,,,,,,,,,,,,,0xFF01FE,2,0,0,0,4,
4125,1264,43,1469,0,0,0,0,0,,,"Kaskala",,,,,,,,,,,,,,0xFF01FE,0,0,0,0,4,
4139,1263,43,1496,0,0,0,0,0,,,"Camp des Apothicaires",,,,,,,,,,,,,,0xFF01FE,0,0,0,0,4,
4162,1265,43,1490,0,0,0,0,0,,,"Sanctuaire draconique obsidien",,,,,,,,,,,,,,0xFF01FE,0,0,0,0,4,
4181,1266,43,1468,0,0,0,0,0,,,"Dun Argol",,,,,,,,,,,,,,0xFF01FE,0,0,0,0,4,
4195,1267,43,1533,0,0,0,0,0,,,"Autel de Sseratus",,,,,,,,,,,,,,0xFF01FE,0,0,0,0,4,
4209,1268,43,1547,0,0,0,0,0,,,"Surplomb du Faiseur",,,,,,,,,,,,,,0xFF01FE,0,0,0,0,4,
4225,328,80,0,0,0,0,0,0,,,"Argent des ventes aux enchères",,,,,,,,,,,,,,0xFF01FE,32,0,0,0,4,
4258,638,27,2204,1,0,0,0,0,,,"Réparer le Collier",,,,,,,,,,,,,,0xFF01FE,2,0,0,0,4,
4269,684,27,8620,1,0,0,0,0,,,"Le seul remède",,,,,,,,,,,,,,0xFF01FE,2,0,0,0,4,
4291,345,41,4596,0,0,0,0,0,,,"Potion de soins décolorée",,,,,,,,,,,,,,0xFF01FE,0,0,0,0,4,
4313,922,41,32902,0,0,0,0,0,,,"Energie de néangon en bouteille",,,,,,,,,,,,,,0xFF01FE,0,0,0,0,4,
4339,923,41,20081,0,0,0,0,0,,,"Rapidité de Zanza",,,,,,,,,,,,,,0xFF01FE,0,0,0,0,4,
4409,635,27,6522,1,0,0,0,0,,,"Une alliance impie",,,,,,,,,,,,,,0xFF01FE,2,0,0,0,4,
4413,811,41,13511,0,0,0,0,0,,,"Flacon de sagesse distillée",,,,,,,,,,,,,,0xFF01FE,0,0,0,0,4,
4442,643,27,5089,1,0,0,0,0,,,"Ordres du général Drakkisath",,,,,,,,,,,,,,0xFF01FE,2,0,0,0,4,
4445,1307,27,6502,1,0,0,0,0,,,"Amulette drakefeu",,,,,,,,,,,,,,0xFF01FE,2,0,0,0,4,
4449,685,27,8730,1,0,0,0,0,,,"La corruption de Nefarius",,,,,,,,,,,,,,0xFF01FE,2,0,0,0,4,
4452,687,27,8562,1,0,0,0,0,,,"Cuirasse de conquérant",,,,,,,,,,,,,,0xFF01FE,2,0,0,0,4,
4477,657,27,9524,1,0,0,0,0,,,"Prisonnière de la citadelle",,,,,,,,,,,,,,0xFF01FE,2,0,0,0,4,
4489,678,27,10884,1,0,0,0,0,,,"L'épreuve des naaru : Miséricorde",,,,,,,,,,,,,,0xFF01FE,2,0,0,0,4,
4495,693,27,11002,1,0,0,0,0,,,"La chute de Magtheridon",,,,,,,,,,,,,,0xFF01FE,2,0,0,0,4,
4507,1311,0,18681,1,0,0,0,0,,,"Emissaire de Glissecroc",,,,,,,,,,,,,,0xFF01FE,0,0,0,0,4,
4544,686,36,19137,1,0,0,0,0,,,"Ceinturon d'assaut",,,,,,,,,,,,,,0xFF01FE,2,0,0,0,4,
4599,698,36,34241,1,0,0,0,0,,,"Cape du péché impardonnable",,,,,,,,,,,,,,0xFF01FE,2,0,0,0,4,
4620,695,36,30906,1,0,0,0,0,,,"Frappeur darde-éclairs",,,,,,,,,,,,,,0xFF01FE,2,0,0,0,4,
4722,812,41,5509,0,0,0,0,0,,,"Pierre de soins (0)",,,,,,,,,,,,,,0xFF01FE,0,0,0,0,4,
4740,924,46,1105,42000,0,0,0,0,,,"Exalté auprès des Oracles",,,,,,,,,,,,,,0xFF01FE,0,0,0,0,4,
4753,925,46,947,42000,0,0,0,0,,,"Exalté auprès de Thrallmar",,,,,,,,,,,,,,0xFF01FE,0,0,0,0,4,
4771,927,49,7,1,0,0,0,0,,,"Des pieds épiques !",,,,,,,,,,,,,,0xFF01FE,0,0,0,0,4,
4790,697,36,32837,1,0,0,0,0,,,"Glaive de guerre d'Azzinoth",,,,,,,,,,,,,,0xFF01FE,2,0,0,0,4,
4820,696,36,32458,1,0,0,0,0,,,"Cendres d'Al'ar",,,,,,,,,,,,,,0xFF01FE,2,0,0,0,4,
4850,694,36,30104,1,0,0,0,0,,,"Bottes fouette-cobra",,,,,,,,,,,,,,0xFF01FE,2,0,0,0,4,
4909,692,36,28794,1,0,0,0,0,,,"Hache des seigneurs gronns",,,,,,,,,,,,,,0xFF01FE,2,0,0,0,4,
4951,107,78,0,0,0,0,0,0,,,"Élémentaires",,,,,,,,,,,,,,0xFF01FE,0,0,0,0,4,
4968,796,28,10881,0,0,0,0,0,,,"Résurrection (Rang 4)",,,,,,,,,,,,,,0xFF01FE,0,0,0,0,4,
4974,798,28,20747,0,0,0,0,0,,,"Renaissance (Rang 4)",,,,,,,,,,,,,,0xFF01FE,0,0,0,0,4,
4980,1229,28,50766,0,0,0,0,0,,,"Ressusciter (Rang 4)",,,,,,,,,,,,,,0xFF01FE,0,0,0,0,4,
4995,350,68,182351,0,0,0,0,0,,,"Portail vers Exodar",,,,,,,,,,,,,,0xFF01FE,0,0,0,0,4,
5023,388,70,0,50,0,0,0,0,,,"Enclave cénarienne",,,,,,,,,,,,,,0xFF01FE,3,0,0,0,4,
5034,1006,70,0,50,0,0,0,0,,,"Les Pitons du Tonnerre",,,,,,,,,,,,,,0xFF01FE,3,0,0,0,4,
5048,1360,8,1357,1,0,0,0,0,,,"Les Grisonnes, ça vous grise !",,,,,,,,,,,,,,0xFF01FE,0,0,0,0,4,
5082,284,36,20392,1,0,0,0,0,,,"Masque de gnome fragile (F)",,,,,,,,,,,,,,0xFF01FE,0,0,0,0,4,
5144,1396,27,13015,1,0,0,0,0,,,"Ancien Fargal au fort du Givre",,,,,,,,,,,,,,0xFF01FE,0,0,0,0,4,
5248,490,0,26723,1,0,0,0,0,,,"Keristrasza",,,,,,,,,,,,,,0xFF01FE,0,0,0,0,4,
5293,1457,43,1600,0,0,0,0,0,,,"Bois Lugubre",,,,,,,,,,,,,,0xFF01FE,0,0,0,0,4,
5309,1463,8,1009,0,0,0,0,0,,,"Chevaliers de la Lame d'ébène",,,,,,,,,,,,,,0xFF01FE,0,0,0,0,4,
5316,926,46,68,42000,0,0,0,0,,,"Exalté auprès de Fossoyeuse",,,,,,,,,,,,,,0xFF01FE,0,0,0,0,4,
5331,1466,46,72,42000,0,0,0,0,,,"Exalté auprès de Hurlevent",,,,,,,,,,,,,,0xFF01FE,0,0,0,0,4,
5495,381,35,0,0,0,0,0,0,,,"Norfendre",,,,,,,,,,,,,,0xFF01FE,0,0,0,0,4,
5502,382,35,0,0,0,0,0,0,,,"Œil du cyclone",,,,,,,,,,,,,,0xFF01FE,0,0,0,0,4,
5532,1488,56,0,0,0,0,0,0,,,"Norfendre",,,,,,,,,,,,,,0xFF01FE,0,0,0,0,4,
5539,1491,56,0,0,0,0,0,0,,,"Œil du cyclone",,,,,,,,,,,,,,0xFF01FE,0,0,0,0,4,
5554,1199,40,202,1,0,0,0,0,,,"Ingénierie",,,,,,,,,,,,,,0xFF01FE,0,0,0,0,4,
5569,1201,7,182,450,0,0,0,0,,,"Herboristerie",,,,,,,,,,,,,,0xFF01FE,0,0,0,0,4,
5579,1202,7,172,400,0,0,0,0,,,"Haches à deux mains",,,,,,,,,,,,,,0xFF01FE,0,0,0,0,4,
5643,1104,0,33288,1,0,0,0,0,,,"Yogg-Saron",,,,,,,,,,,,,,0xFF01FE,0,0,0,0,4,
5665,1516,8,150,0,0,0,0,0,,,"Le pêcheur diplomate",,,,,,,,,,,,,,0xFF01FE,0,0,0,0,4,
5683,1517,72,192049,1,0,0,0,0,,,"Banc de harengs crocs-pointus",,,,,,,,,,,,,,0xFF01FE,0,0,0,0,4,
5705,1525,27,11381,1,0,0,0,0,,,"Une soupe pour l'âme",,,,,,,,,,,,,,0xFF01FE,0,0,0,0,4,
5709,1526,27,11667,1,0,0,0,0,,,"Celui qui s'échappa",,,,,,,,,,,,,,0xFF01FE,0,0,0,0,4,
5776,291,110,44212,1,0,0,0,0,,,"Nain",,,,,,,,,,,,,,0xFF01FE,0,0,0,0,4,
5809,699,32,618,1,0,0,0,0,,,"L'Arène des valeureux",,,,,,,,,,,,,,0xFF01FE,0,0,0,0,4,
5822,1656,8,289,0,0,0,0,0,,,"Le sauveur de la Sanssaint",,,,,,,,,,,,,,0xFF01FE,0,0,0,0,4,
5834,1657,8,289,0,0,0,0,0,,,"Le sauveur de la Sanssaint",,,,,,,,,,,,,,0xFF01FE,0,0,0,0,4,
5846,1269,43,1580,0,0,0,0,0,,,"Souffle de Bor",,,,,,,,,,,,,,0xFF01FE,0,0,0,0,4,
5862,1270,43,1568,0,0,0,0,0,,,"Le Front brisé",,,,,,,,,,,,,,0xFF01FE,0,0,0,0,4,
5878,1658,0,29120,1,0,0,0,0,,,"Anub'arak : mode héroïque",,,,,,,,,,,,,,0xFF01FE,0,0,0,0,4,
5894,839,15,607,0,0,0,0,0,,,"Rivage des Anciens",,,,,,,,,,,,,,0xFF01FE,0,0,0,0,4,
5898,840,1,607,0,0,0,0,0,,,"Rivage des Anciens",,,,,,,,,,,,,,0xFF01FE,0,0,0,0,4,
5903,1676,11,25,700,0,0,0,0,,,"Terres ingrates",,,,,,,,,,,,,,0xFF01FE,3,0,0,0,4,
5955,1677,11,25,550,0,0,0,0,,,"Terres ingrates",,,,,,,,,,,,,,0xFF01FE,3,0,0,0,4,
6007,1678,11,3524,700,0,0,0,0,,,"Île de Brume-azur",,,,,,,,,,,,,,0xFF01FE,3,0,0,0,4,
6102,1680,11,3524,685,0,0,0,0,,,"Île de Brume-azur",,,,,,,,,,,,,,0xFF01FE,3,0,0,0,4,
6146,1681,8,41,0,0,0,0,0,,,"Maître des traditions du Norfendre",,,,,,,,,,,,,,0xFF01FE,0,0,0,0,4,
6150,1682,8,1360,0,0,0,0,0,,,"Maître des traditions du Norfendre",,,,,,,,,,,,,,0xFF01FE,0,0,0,0,4,
6178,1683,8,1186,0,0,0,0,0,,,"À bas les Sombrefers !",,,,,,,,,,,,,,0xFF01FE,0,0,0,0,4,
6185,1684,8,1186,0,0,0,0,0,,,"À bas les Sombrefers !",,,,,,,,,,,,,,0xFF01FE,0,0,0,0,4,
6193,879,34,16084,0,0,0,0,0,,,"Raptor chamaré rouge",,,,,,,,,,,,,,0xFF01FE,2,0,0,0,4,
6210,303,34,49379,0,0,0,0,0,,,"Grand kodo de la fête des Brasseurs",,,,,,,,,,,,,,0xFF01FE,2,0,0,0,4,
6216,727,34,22717,0,0,0,0,0,,,"Palefroi de guerre noir",,,,,,,,,,,,,,0xFF01FE,0,0,0,0,4,
6231,1686,110,26004,1,0,0,0,0,,,"Frère Karman à Theramore",,,,,,,,,,,,,,0xFF01FE,0,0,0,0,4,
6240,1687,110,44755,1,0,0,0,0,,,"Druide elfe de la nuit",,,,,,,,,,,,,,0xFF01FE,0,0,0,0,4,
6253,1689,27,8788,1,0,0,0,0,,,"Un cadeau secoué doucement",,,,,,,,,,,,,,0xFF01FE,2,0,0,0,4,
6265,1691,8,1282,0,0,0,0,0,,,"La-la-la-la-Ogri'la",,,,,,,,,,,,,,0xFF01FE,0,0,0,0,4,
6277,1692,8,1282,0,0,0,0,0,,,"La-la-la-la-Ogri'la",,,,,,,,,,,,,,0xFF01FE,0,0,0,0,4,
6314,1699,110,27571,1,0,0,0,0,,,"Prêtre elfe de la nuit",,,,,,,,,,,,,,0xFF01FE,0,0,0,0,4,
6327,1701,29,70581,1,0,0,0,0,,,"Je suis tout à toi !",,,,,,,,,,,,,,0xFF01FE,0,0,0,0,4,
6335,1702,41,22238,1,0,0,0,0,,,"Fondant aux myrtilles",,,,,,,,,,,,,,0xFF01FE,0,0,0,0,4,
6346,1704,54,203,1,0,0,0,0,,,"L'Épuration de Stratholme",,,,,,,,,,,,,,0xFF01FE,0,0,0,0,4,
6354,1693,8,1291,0,0,0,0,0,,,"On se sent seul ?",,,,,,,,,,,,,,0xFF01FE,0,0,0,0,4,
6368,1707,8,1291,0,0,0,0,0,,,"On se sent seul ?",,,,,,,,,,,,,,0xFF01FE,0,0,0,0,4,
6381,479,28,58630,1,0,0,0,0,,,"Mal'Ganis",,,,,,,,,,,,,,0xFF01FE,0,0,0,0,4,
6432,1103,28,58630,1,0,0,0,0,,,"Mal'Ganis",,,,,,,,,,,,,,0xFF01FE,0,0,0,0,4,
6433,1467,28,58630,1,0,0,0,0,,,"Mal'Ganis",,,,,,,,,,,,,,0xFF01FE,0,0,0,0,4,
6445,1737,0,28366,1,0,0,0,0,,,"Tour-canon de Joug-d'hiver",,,,,,,,,,,,,,0xFF01FE,0,0,0,0,4,
6489,1777,29,45561,1,0,0,0,0,,,"Ossécailles grillé",,,,,,,,,,,,,,0xFF01FE,0,0,0,0,4,
6603,1780,41,43490,1,0,0,0,0,,,"Délicieux petit four",,,,,,,,,,,,,,0xFF01FE,0,0,0,0,4,
6604,1563,8,1779,0,0,0,0,0,,,"Gourmet du Norfendre",,,,,,,,,,,,,,0xFF01FE,0,0,0,0,4,
6611,1782,27,13103,1,0,0,0,0,,,"Du fromage pour Froncelor",,,,,,,,,,,,,,0xFF01FE,0,0,0,0,4,
6616,1783,27,13115,1,0,0,0,0,,,"Du fromage pour Froncelor",,,,,,,,,,,,,,0xFF01FE,0,0,0,0,4,
6621,1784,8,1779,0,0,0,0,0,,,"Gourmet du Norfendre",,,,,,,,,,,,,,0xFF01FE,0,0,0,0,4,
6629,1785,41,34753,1,0,0,0,0,,,"Rivage des Anciens",,,,,,,,,,,,,,0xFF01FE,0,0,0,0,4,
6636,604,70,0,5,0,0,0,0,,,"Fossoyeuse",,,,,,,,,,,,,,0xFF01FE,0,0,0,0,4,
6640,603,70,0,5,0,0,0,0,,,"Hurlevent",,,,,,,,,,,,,,0xFF01FE,0,0,0,0,4,
6644,1786,30,44,1,0,0,0,0,,,"Ramener un drapeau lâché dans le goulet des Chanteguerres",,,,,,,,,,,,,,0xFF01FE,0,0,0,0,4,
6654,1788,41,33924,1,0,0,0,0,,,"Gâteau au chocolat délicieux",,,,,,,,,,,,,,0xFF01FE,0,0,0,0,4,
6664,1792,36,23007,1,0,0,0,0,,,"Collier de porcelet",,,,,,,,,,,,,,0xFF01FE,2,0,0,0,4,
6746,1793,8,1792,0,0,0,0,0,,,"Ouh, qu'il est mignon !",,,,,,,,,,,,,,0xFF01FE,0,0,0,0,4,
6764,1800,29,36210,1,0,0,0,0,,,"Bâtonnet de palourdes",,,,,,,,,,,,,,0xFF01FE,0,0,0,0,4,
6808,500,28,58630,1,0,0,0,0,,,"Mal'Ganis",,,,,,,,,,,,,,0xFF01FE,0,0,0,0,4,
6834,497,0,28923,1,0,0,0,0,,,"Loken",,,,,,,,,,,,,,0xFF01FE,0,0,0,0,4,
6842,495,0,29306,1,0,0,0,0,,,"Gal'darah",,,,,,,,,,,,,,0xFF01FE,0,0,0,0,4,
6854,492,0,29311,1,0,0,0,0,,,"Héraut Volazj",,,,,,,,,,,,,,0xFF01FE,0,0,0,0,4,
6857,496,0,27977,1,0,0,0,0,,,"Krystallus",,,,,,,,,,,,,,0xFF01FE,0,0,0,0,4,
6862,498,0,27656,1,0,0,0,0,,,"Gardien-tellurique Eregos",,,,,,,,,,,,,,0xFF01FE,0,0,0,0,4,
6866,499,0,26861,1,0,0,0,0,,,"Roi Ymiron",,,,,,,,,,,,,,0xFF01FE,0,0,0,0,4,
7140,1865,0,29314,1,0,0,0,0,,,"Zuramat l'Oblitérateur",,,,,,,,,,,,,,0xFF01FE,0,0,0,0,4,
7150,578,0,15931,1,0,0,0,0,,,"Grobbulus",,,,,,,,,,,,,,0xFF01FE,0,0,0,0,4,
7170,579,0,16060,1,0,0,0,0,,,"Gothik le Moissonneur",,,,,,,,,,,,,,0xFF01FE,0,0,0,0,4,
7186,1877,0,28860,1,0,0,0,0,,,"Sartharion le Gardien d'Onyx",,,,,,,,,,,,,,0xFF01FE,0,0,0,0,4,
7197,1066,54,45,0,0,0,0,0,,,"pouffer",,,,,,,,,,,,,,0xFF01FE,0,0,0,0,4,
7239,1956,68,192711,1,0,0,0,0,,,"Les écoles de magie des arcanes - Divination",,,,,,,,,,,,,,0xFF01FE,0,0,0,0,4,
7247,1957,36,43638,1,0,0,0,0,,,"Pièce d'or d'Arugal",,,,,,,,,,,,,,0xFF01FE,0,0,0,0,4,
7281,2016,27,12244,1,0,0,0,0,,,"Réparation de déchiqueteurs",,,,,,,,,,,,,,0xFF01FE,0,0,0,0,4,
7290,2017,27,12284,1,0,0,0,0,,,"Mettez-les sur les dents",,,,,,,,,,,,,,0xFF01FE,0,0,0,0,4,
7299,2018,27,13244,1,0,0,0,0,,,"Timear prédit des avant-gardes en titane dans votre avenir !",,,,,,,,,,,,,,0xFF01FE,0,0,0,0,4,
7303,2019,27,13248,1,0,0,0,0,,,"Preuve de la mort du roi Ymiron",,,,,,,,,,,,,,0xFF01FE,0,0,0,0,4,
7334,1038,8,271,0,0,0,0,0,,,"La danse du feu",,,,,,,,,,,,,,0xFF01FE,0,0,0,0,4,
7339,1039,8,263,0,0,0,0,0,,,"Tel est glacé qui croyait geler",,,,,,,,,,,,,,0xFF01FE,0,0,0,0,4,
7396,2082,34,59797,0,0,0,0,0,,,"Mammouth des glaces",,,,,,,,,,,,,,0xFF01FE,2,0,0,0,4,
7400,2083,34,59802,0,0,0,0,0,,,"Grand mammouth des glaces",,,,,,,,,,,,,,0xFF01FE,2,0,0,0,4,
7444,2094,42,43705,1,0,0,0,0,,,"Pièce de cuivre de Danath",,,,,,,,,,,,,,0xFF01FE,0,0,0,0,4,
7466,2095,42,43676,1,0,0,0,0,,,"Pièce d'argent de l'arcaniste Doan",,,,,,,,,,,,,,0xFF01FE,0,0,0,0,4,
7498,2136,8,2037,0,0,0,0,0,,,"Théorie du chaos",,,,,,,,,,,,,,0xFF01FE,0,0,0,0,4,
7531,2137,8,1996,0,0,0,0,0,,,"La danse de la sûreté",,,,,,,,,,,,,,0xFF01FE,0,0,0,0,4,
7541,2138,8,2139,0,0,0,0,0,,,"La danse de la sûreté (25 joueurs)",,,,,,,,,,,,,,0xFF01FE,0,0,0,0,4,
7555,2144,8,1793,0,0,0,0,0,,,"Les enfants d'abord",,,,,,,,,,,,,,0xFF01FE,0,0,0,0,4,
7562,2145,8,1793,0,0,0,0,0,,,"Les enfants d'abord",,,,,,,,,,,,,,0xFF01FE,0,0,0,0,4,
7645,2194,8,1761,0,0,0,0,0,,,"Poseur de bombes",,,,,,,,,,,,,,0xFF01FE,0,0,0,0,4,
7657,2195,8,1761,0,0,0,0,0,,,"Poseur de bombes",,,,,,,,,,,,,,0xFF01FE,0,0,0,0,4,
7707,1723,70,0,100,0,0,0,0,,,"Combattant",,,,,,,,,,,,,,0xFF01FE,3,0,0,0,4,
7711,2199,70,0,10,0,0,0,0,,,"Le temple Brisé",,,,,,,,,,,,,,0xFF01FE,0,0,0,0,4,
7726,1752,8,2080,0,0,0,0,0,,,"Mammouth de guerre noir",,,,,,,,,,,,,,0xFF01FE,0,0,0,0,4,
7787,322,20,28586,0,0,0,0,0,,,"Général Bjarngrim",,,,,,,,,,,,,,0xFF01FE,0,0,0,0,4,
7808,323,20,15932,0,0,0,0,0,,,"Gluth",,,,,,,,,,,,,,0xFF01FE,0,0,0,0,4,
7848,324,20,31125,0,0,0,0,0,,,"Archavon le Gardien des pierres",,,,,,,,,,,,,,0xFF01FE,0,0,0,0,4,
7853,799,28,20610,0,0,0,0,0,,,"Esprit ancestral",,,,,,,,,,,,,,0xFF01FE,0,0,0,0,4,
7861,800,28,10322,0,0,0,0,0,,,"Rédemption",,,,,,,,,,,,,,0xFF01FE,0,0,0,0,4,
8103,2256,0,32357,1,0,0,0,0,,,"Vieil Écorce-de-cristal",,,,,,,,,,,,,,0xFF01FE,0,0,0,0,4,
8158,263,36,35280,1,0,0,0,0,,,"Tabard des flammes estivales",,,,,,,,,,,,,,0xFF01FE,2,0,0,0,4,
8587,837,32,617,0,0,0,0,0,,,"Victoires dans les égouts de Dalaran",,,,,,,,,,,,,,0xFF01FE,0,0,0,0,4,
8594,838,33,618,0,0,0,0,0,,,"Matchs dans l'arène des valeureux",,,,,,,,,,,,,,0xFF01FE,0,0,0,0,4,
8595,363,33,617,0,0,0,0,0,,,"Matchs à Dalaran à 5c5",,,,,,,,,,,,,,0xFF01FE,0,0,0,0,4,
8600,362,32,559,0,0,0,0,0,,,"Victoires en Nagrand à 5c5",,,,,,,,,,,,,,0xFF01FE,0,0,0,0,4,
8605,365,33,572,0,0,0,0,0,,,"Matchs dans les ruines de Lordaeron à 3c3",,,,,,,,,,,,,,0xFF01FE,0,0,0,0,4,
8609,364,32,572,0,0,0,0,0,,,"Victoires dans les ruines de Lordaeron à 3c3",,,,,,,,,,,,,,0xFF01FE,0,0,0,0,4,
8614,367,33,618,0,0,0,0,0,,,"Matchs dans l'arène des valeureux à 2c2",,,,,,,,,,,,,,0xFF01FE,0,0,0,0,4,
8618,366,32,618,0,0,0,0,0,,,"Victoires dans l'arène des valeureux à 2c2",,,,,,,,,,,,,,0xFF01FE,0,0,0,0,4,
8697,347,41,20225,0,0,0,0,0,,,"Rations enrichies des Hautes-terres",,,,,,,,,,,,,,0xFF01FE,2,0,0,0,4,
8763,801,29,20759,0,0,0,0,0,,,"Utilisation de pierre d'âme",,,,,,,,,,,,,,0xFF01FE,0,0,0,0,4,
8821,2336,46,369,42000,0,0,0,0,,,"Exalté auprès de Gadgetzan",,,,,,,,,,,,,,0xFF01FE,0,0,0,0,4,
8918,321,18,15,0,0,0,0,0,,,"Instances à 15",,,,,,,,,,,,,,0xFF01FE,0,0,0,0,4,
8987,346,41,4953,0,0,0,0,0,,,"Bière trogg",,,,,,,,,,,,,,0xFF01FE,2,0,0,0,4,
9098,482,69,61863,1,0,0,0,0,,,"Le prophète Tharon'ja",,,,,,,,,,,,,,0xFF01FE,0,0,0,0,4,
9099,493,69,61863,1,0,0,0,0,,,"Le prophète Tharon'ja",,,,,,,,,,,,,,0xFF01FE,0,0,0,0,4,
9140,2436,29,61818,1,0,0,0,0,,,"Tanaris",,,,,,,,,,,,,,0xFF01FE,0,0,0,0,4,
9146,2422,110,61815,1,0,0,0,0,,,"Gnome",,,,,,,,,,,,,,0xFF01FE,0,0,0,0,4,
9163,383,70,0,0,0,0,0,0,,,"Victimes dans l'arène des ruines de Lordaeron",,,,,,,,,,,,,,0xFF01FE,0,0,0,0,4,
9165,1490,56,0,0,0,0,0,0,,,"Égouts de Dalaran",,,,,,,,,,,,,,0xFF01FE,0,0,0,0,4,
9181,2476,0,28366,1,0,0,0,0,,,"Tour-canon de Joug-d'hiver",,,,,,,,,,,,,,0xFF01FE,0,0,0,0,4,
9201,2419,29,61875,1,0,0,0,0,,,"Kharanos",,,,,,,,,,,,,,0xFF01FE,0,0,0,0,4,
9205,2497,29,61875,1,0,0,0,0,,,"Tranchecolline",,,,,,,,,,,,,,0xFF01FE,0,0,0,0,4,
9302,2557,54,225,1,0,0,0,0,,,"Dinde du fjord",,,,,,,,,,,,,,0xFF01FE,0,0,0,0,4,
9360,2556,0,24270,1,0,0,0,0,,,"Asticot dévorant",,,,,,,,,,,,,,0xFF01FE,0,0,0,0,4,
9419,2084,36,44935,1,0,0,0,0,,,"Anneau du Kirin Tor",,,,,,,,,,,,,,0xFF01FE,2,0,0,0,4,
9671,2770,8,2764,0,0,0,0,0,,,"Champion de Hurlevent",,,,,,,,,,,,,,0xFF01FE,0,0,0,0,4,
9676,2771,8,2769,0,0,0,0,0,,,"Champion de Fossoyeuse",,,,,,,,,,,,,,0xFF01FE,0,0,0,0,4,
9754,2758,27,13708,1,0,0,0,0,,,"",,,,,,,,,,,,,,0xFF01FF,2,0,0,0,4,
9761,2776,8,2080,0,0,0,0,0,,,"Mammouth de guerre noir",,,,,,,,,,,,,,0xFF01FE,0,0,0,0,4,
9781,2782,8,2781,0,0,0,0,0,,,"Champion de Hurlevent",,,,,,,,,,,,,,0xFF01FE,0,0,0,0,4,
9791,2788,8,2787,0,0,0,0,0,,,"Champion de Fossoyeuse",,,,,,,,,,,,,,0xFF01FE,0,0,0,0,4,
9862,2796,27,12306,1,0,0,0,0,,,"",,,,,,,,,,,,,,0xFF01FE,2,0,0,0,4,
9866,2797,8,2419,0,0,0,0,0,,,"Amourette de printemps",,,,,,,,,,,,,,0xFF01FE,0,0,0,0,4,
9878,2798,8,2576,0,0,0,0,0,,,"Jeune mariée",,,,,,,,,,,,,,0xFF01FE,0,0,0,0,4,
9901,2816,8,2767,0,0,0,0,0,,,"Champion de Lune-d'argent",,,,,,,,,,,,,,0xFF01FE,0,0,0,0,4,
9907,2817,8,2762,0,0,0,0,0,,,"Champion de Gnomeregan",,,,,,,,,,,,,,0xFF01FE,0,0,0,0,4,
9972,1770,0,33118,1,0,0,0,0,,,"Ignis le maître de la Fournaise",,,,,,,,,,,,,,0xFF01FE,0,0,0,0,4,
9973,1756,0,33118,1,0,0,0,0,,,"Ignis le maître de la Fournaise",,,,,,,,,,,,,,0xFF01FE,0,0,0,0,4,
9998,1768,0,33288,1,0,0,0,0,,,"Yogg-Saron",,,,,,,,,,,,,,0xFF01FE,0,0,0,0,4,
10002,2886,0,33118,1,0,0,0,0,,,"Ignis le maître de la Fournaise",,,,,,,,,,,,,,0xFF01FE,0,0,0,0,4,
10006,2887,0,33118,1,0,0,0,0,,,"Ignis le maître de la Fournaise",,,,,,,,,,,,,,0xFF01FE,0,0,0,0,4,
10014,2890,0,33432,1,0,0,0,0,,,"Mimiron",,,,,,,,,,,,,,0xFF01FE,0,0,0,0,4,
10030,2894,8,2892,0,0,0,0,0,,,"La Descente dans la folie",,,,,,,,,,,,,,0xFF01FE,0,0,0,0,4,
10034,2895,8,2893,0,0,0,0,0,,,"La Descente dans la folie : mode héroïque",,,,,,,,,,,,,,0xFF01FE,0,0,0,0,4,
10103,2957,8,3058,0,0,0,0,0,,,"Bourreau des cœurs",,,,,,,,,,,,,,0xFF01FE,0,0,0,0,4,
10226,2836,28,64810,1,0,0,0,0,,,"Forgefer",,,,,,,,,,,,,,0xFF01FE,0,0,0,0,4,
10341,2903,0,33293,1,0,0,0,0,,,"Déconstructeur XT-002",,,,,,,,,,,,,,0xFF01FE,0,0,0,0,4,
10354,2904,0,33293,1,0,0,0,0,,,"Déconstructeur XT-002",,,,,,,,,,,,,,0xFF01FE,0,0,0,0,4,
10368,2958,8,3059,0,0,0,0,0,,,"Bourreau des cœurs (25 joueurs)",,,,,,,,,,,,,,0xFF01FE,0,0,0,0,4,
10456,2891,0,33432,1,0,0,0,0,,,"Mimiron",,,,,,,,,,,,,,0xFF01FE,0,0,0,0,4,
10523,3217,27,13833,1,0,0,0,0,,,"Le sang est plus épais que l'eau",,,,,,,,,,,,,,0xFF01FE,0,0,0,0,4,
11081,3556,69,61849,1,0,0,0,0,,,"Hurlevent",,,,,,,,,,,,,,0xFF01FE,0,0,0,0,4,
11085,3557,69,61849,1,0,0,0,0,,,"Fossoyeuse",,,,,,,,,,,,,,0xFF01FE,0,0,0,0,4,
11089,3558,29,66373,1,0,0,0,0,,,"Dinde rôtie",,,,,,,,,,,,,,0xFF01FE,0,0,0,0,4,
11121,3576,29,62045,1,0,0,0,0,,,"Dinde rôtie",,,,,,,,,,,,,,0xFF01FE,0,0,0,0,4,
11126,3577,29,66037,1,0,0,0,0,,,"Dinde rôtie",,,,,,,,,,,,,,0xFF01FE,0,0,0,0,4,
11137,3580,69,65403,1,0,0,0,0,,,"Fossoyeuse",,,,,,,,,,,,,,0xFF01FE,0,0,0,0,4,
11141,3581,69,65403,1,0,0,0,0,,,"Hurlevent",,,,,,,,,,,,,,0xFF01FE,0,0,0,0,4,
11158,3559,110,61781,1,0,0,0,0,,,"Voleur humain",,,,,,,,,,,,,,0xFF01FE,0,0,0,0,4,
11180,3579,110,61929,1,0,0,0,0,,,"",,,,,,,,,,,,,,0xFF75FE,2,0,0,0,4,
11198,3596,27,14055,1,0,0,0,0,,,"Des patates pour ma douce",,,,,,,,,,,,,,0xFF01FE,0,0,0,0,4,
11206,3597,27,14058,1,0,0,0,0,,,"Si vous avez la patate...",,,,,,,,,,,,,,0xFF01FE,0,0,0,0,4,
11260,3478,8,3580,0,0,0,0,0,,,"Le péril du pèlerin",,,,,,,,,,,,,,0xFF01FE,0,0,0,0,4,
11269,3656,8,3581,0,0,0,0,0,,,"Le péril du pèlerin",,,,,,,,,,,,,,0xFF01FE,0,0,0,0,4,
11323,3696,27,13713,1,0,0,0,0,,,"",,,,,,,,,,,,,,0xFFF7FF,2,0,0,0,4,
11491,3845,70,0,1,3,628,3,628,,,"Tuer un personnage-joueur",,,,,,,,,,,,,,0xFF01FE,12,0,0,0,4,
11495,3847,28,68362,1,0,0,0,0,,,"Catapulte",,,,,,,,,,,,,,0xFF01FE,0,0,0,0,4,
11501,3856,56,0,1,0,0,0,0,,,"Engin de siège",,,,,,,,,,,,,,0xFF01FE,0,0,0,0,4,
11505,3857,8,3848,0,0,0,0,0,,,"A-bomb-inable",,,,,,,,,,,,,,0xFF01FE,0,0,0,0,4,
11547,3812,0,34496,1,0,0,0,0,,,"Vaincre les jumelles val'kyrs",,,,,,,,,,,,,,0xFF01FE,0,0,0,0,4,
11552,3838,42,47241,1,0,0,0,0,,,"Emblème de triomphe",,,,,,,,,,,,,,0xFF01FE,3,0,0,0,4,
11556,3839,42,47241,25,0,0,0,0,,,"Emblème de triomphe",,,,,,,,,,,,,,0xFF01FE,3,0,0,0,4,
11601,3840,42,47241,50,0,0,0,0,,,"Emblème de triomphe",,,,,,,,,,,,,,0xFF01FE,3,0,0,0,4,
11605,3841,42,47241,100,0,0,0,0,,,"Emblème de triomphe",,,,,,,,,,,,,,0xFF01FE,3,0,0,0,4,
11609,3842,42,47241,250,0,0,0,0,,,"Emblème de triomphe",,,,,,,,,,,,,,0xFF01FE,3,0,0,0,4,
11613,3843,42,47241,500,0,0,0,0,,,"Emblème de triomphe",,,,,,,,,,,,,,0xFF01FE,3,0,0,0,4,
11617,3844,42,47241,1000,0,0,0,0,,,"Emblème de triomphe",,,,,,,,,,,,,,0xFF01FE,3,0,0,0,4,
11621,3876,42,47241,1500,0,0,0,0,,,"Emblème de triomphe",,,,,,,,,,,,,,0xFF01FE,3,0,0,0,4,
11682,3916,0,34496,1,0,0,0,0,,,"Vaincre les jumelles val'kyrs",,,,,,,,,,,,,,0xFF01FE,0,0,0,0,4,
11687,3917,0,34496,1,0,0,0,0,,,"Vaincre les jumelles val'kyrs",,,,,,,,,,,,,,0xFF01FE,0,0,0,0,4,
11692,3918,0,34496,1,0,0,0,0,,,"Vaincre les jumelles val'kyrs",,,,,,,,,,,,,,0xFF01FE,0,0,0,0,4,
11752,3957,8,3848,0,0,0,0,0,,,"A-bomb-inable",,,,,,,,,,,,,,0xFF01FE,0,0,0,0,4,
11906,3802,28,68206,1,0,0,0,0,,,"Hérode",,,,,,,,,,,,,,0xFF01FE,0,0,0,0,4,
12161,3853,31,4752,1,3,628,3,628,,,"Donjon de la Horde",,,,,,,,,,,,,,0xFF01FE,4,0,0,0,4,
12182,4256,56,0,1,0,0,0,0,,,"Engin de siège",,,,,,,,,,,,,,0xFF01FE,0,0,0,0,4,
12300,3778,28,68572,1,0,0,0,0,,,"Ambrose Étinceboulon",,,,,,,,,,,,,,0xFF01FE,0,0,0,0,4,
12305,4296,28,68572,1,0,0,0,0,,,"Eressea Chantelaube",,,,,,,,,,,,,,0xFF01FE,0,0,0,0,4,
12313,4297,28,68572,1,0,0,0,0,,,"Ambrose Étinceboulon",,,,,,,,,,,,,,0xFF01FE,0,0,0,0,4,
12321,4298,28,68572,1,0,0,0,0,,,"Eressea Chantelaube",,,,,,,,,,,,,,0xFF01FE,0,0,0,0,4,
12421,4316,42,47241,2500,0,0,0,0,,,"Emblème de triomphe",,,,,,,,,,,,,,0xFF01FE,3,0,0,0,4,
12481,426,57,32837,1,0,0,0,0,,,"",,,,,,,,,,,,,,0xFF01FE,2,0,0,0,4,
12621,4416,34,67413,0,0,0,0,0,,,"Jeune raptor véloce",,,,,,,,,,,,,,0xFF01FE,2,0,0,0,4,
12658,4436,110,67531,1,0,0,0,0,,,"Thrall",,,,,,,,,,,,,,0xFF01FE,0,0,0,0,4,
12667,4437,110,67531,1,0,0,0,0,,,"Prophète Velen",,,,,,,,,,,,,,0xFF01FE,0,0,0,0,4,
12681,4456,28,58630,1,0,0,0,0,,,"Mal'Ganis",,,,,,,,,,,,,,0xFF01FE,0,0,0,0,4,
12766,4532,8,4527,0,0,0,0,0,,,"Les salles de l'Aile de givre",,,,,,,,,,,,,,0xFF01FE,0,0,0,0,4,
12772,4531,28,72928,1,0,0,0,0,,,"Le Porte-mort",,,,,,,,,,,,,,0xFF01FE,0,0,0,0,4,
12801,4556,28,58630,1,0,0,0,0,,,"Mal'Ganis",,,,,,,,,,,,,,0xFF01FE,0,0,0,0,4,
12841,1697,27,24597,1,0,0,0,0,,,"Un cadeau pour le roi de Hurlevent",,,,,,,,,,,,,,0xFF01FE,0,0,0,0,4,
12845,1698,27,24613,1,0,0,0,0,,,"Un cadeau pour la reine banshee",,,,,,,,,,,,,,0xFF01FE,0,0,0,0,4,
12880,1695,27,24662,1,0,0,0,0,,,"",,,,,,,,,,,,,,0xFF01FC,2,0,0,0,4,
12905,4596,27,24799,0,0,0,0,0,,,"",,,,,,,,,,,,,,0xFF01FC,2,0,0,0,4,
12946,4604,28,72928,1,0,0,0,0,,,"Le Porte-mort",,,,,,,,,,,,,,0xFF01FE,0,0,0,0,4,
12958,4608,8,4607,0,0,0,0,0,,,"Les salles de l'Aile de givre",,,,,,,,,,,,,,0xFF01FE,0,0,0,0,4,
13000,2091,74,0,1,0,0,0,0,,,"Gladiateur implacable",,,,,,,,,,,,,,0xFF01FE,2,0,0,0,4,
13002,2092,74,0,1,0,0,0,0,,,"Gladiateur furieux",,,,,,,,,,,,,,0xFF01FE,2,0,0,0,4,
13004,2093,74,0,1,0,0,0,0,,,"Gladiateur furieux",,,,,,,,,,,,,,0xFF01FE,2,0,0,0,4,
13006,2090,74,0,1,0,0,0,0,,,"Gladiateur furieux",,,,,,,,,,,,,,0xFF01FE,2,0,0,0,4,
13042,4628,28,72928,1,0,0,0,0,,,"Le Porte-mort",,,,,,,,,,,,,,0xFF01FE,0,0,0,0,4,
13053,4632,28,72928,1,0,0,0,0,,,"Le Porte-mort",,,,,,,,,,,,,,0xFF01FE,0,0,0,0,4,
13064,4636,8,4631,0,0,0,0,0,,,"Les salles de l'Aile de givre",,,,,,,,,,,,,,0xFF01FE,0,0,0,0,4,
13069,4637,8,4635,0,0,0,0,0,,,"Les salles de l'Aile de givre",,,,,,,,,,,,,,0xFF01FE,0,0,0,0,4,
13074,4602,8,4631,0,0,0,0,0,,,"Les salles de l'Aile de givre : mode héroïque (10 joueurs)",,,,,,,,,,,,,,0xFF01FE,0,0,0,0,4,
13078,4603,8,4635,0,0,0,0,0,,,"Les salles de l'Aile de givre : mode héroïque (25 joueurs)",,,,,,,,,,,,,,0xFF01FE,0,0,0,0,4,
13236,2186,0,16011,1,0,0,0,0,,,"Horreb",,,,,,,,,,,,,,0xFF01FE,2,0,0,0,4,
13239,2187,0,16011,1,0,0,0,0,,,"Horreb",,,,,,,,,,,,,,0xFF01FE,2,0,0,0,4,
13375,4782,36,37896,1,0,0,0,0,,,"Bock de la fête des Brasseurs vert plein",,,,,,,,,,,,,,0xFF01FE,2,0,0,0,4,
13382,4784,36,47241,1,0,0,0,0,,,"",,,,,,,,,,,,,,0xFF01FC,2,0,0,0,4,
13387,4785,36,47241,1,0,0,0,0,,,"",,,,,,,,,,,,,,0xFF01FC,2,0,0,0,4,
13399,4788,34,37884,0,0,0,0,0,,,"",,,,,,,,,,,,,,0xFF01FC,0,0,0,0,4,
13412,4789,34,35525,0,0,0,0,0,,,"",,,,,,,,,,,,,,0xFF01FC,0,0,0,0,4,
83,41,8,34,1,0,0,0,0,,,"Tour du fjord",,,,,,,,,,,,,,0xFF01FE,0,0,0,0,5,
387,576,8,572,0,0,0,0,0,,,"Chute de Saphiron",,,,,,,,,,,,,,0xFF01FE,0,0,0,0,5,
393,577,8,573,0,0,0,0,0,,,"Chute de Saphiron",,,,,,,,,,,,,,0xFF01FE,0,0,0,0,5,
425,582,31,3057,1,3,30,3,30,,,"Tuer quelqu'un dans le Champ sanglant",,,,,,,,,,,,,,0xFF01FE,12,0,0,0,5,
435,584,31,3424,5,3,529,3,529,,,"Tuer 5 personnages dans les écuries",,,,,,,,,,,,,,0xFF01FE,12,0,0,0,5,
500,626,36,21538,1,0,0,0,0,,,"Robe de fête rose",,,,,,,,,,,,,,0xFF01FE,2,0,0,0,5,
506,627,43,111,1,0,0,0,0,,,"Refuge de Brumepins",,,,,,,,,,,,,,0xFF01FE,0,0,0,0,5,
533,637,0,3977,1,0,0,0,0,,,"Grande inquisitrice Blanchetête",,,,,,,,,,,,,,0xFF01FE,0,0,0,0,5,
620,116,40,182,2,0,0,0,0,,,"Herboristerie",,,,,,,,,,,,,,0xFF01FE,2,0,0,0,5,
654,705,7,46,400,0,0,0,0,,,"Armes à feu",,,,,,,,,,,,,,0xFF01FE,0,0,0,0,5,
763,700,36,18845,1,0,0,0,0,,,"Insigne de la Horde",,,,,,,,,,,,,,0xFF01FE,2,0,0,0,5,
783,701,36,18856,1,0,0,0,0,,,"Insigne de l'Alliance",,,,,,,,,,,,,,0xFF01FE,2,0,0,0,5,
826,728,43,250,1,0,0,0,0,,,"Donjon de Tiragarde",,,,,,,,,,,,,,0xFF01FE,0,0,0,0,5,
852,731,40,182,3,0,0,0,0,,,"Herboristerie",,,,,,,,,,,,,,0xFF01FE,2,0,0,0,5,
863,732,40,182,4,0,0,0,0,,,"Herboristerie",,,,,,,,,,,,,,0xFF01FE,2,0,0,0,5,
874,733,40,182,5,0,0,0,0,,,"Herboristerie",,,,,,,,,,,,,,0xFF01FE,2,0,0,0,5,
885,734,40,182,6,0,0,0,0,,,"Herboristerie",,,,,,,,,,,,,,0xFF01FE,2,0,0,0,5,
896,735,40,182,6,0,0,0,0,,,"Herboristerie",,,,,,,,,,,,,,0xFF01FE,2,0,0,0,5,
906,736,43,190,1,0,0,0,0,,,"Les plaines valonnées",,,,,,,,,,,,,,0xFF01FE,0,0,0,0,5,
921,750,43,465,1,0,0,0,0,,,"Les Collines arides",,,,,,,,,,,,,,0xFF01FE,0,0,0,0,5,
951,760,43,445,1,0,0,0,0,,,"Clos de Dandred",,,,,,,,,,,,,,0xFF01FE,0,0,0,0,5,
965,761,43,565,1,0,0,0,0,,,"Donjon de Stromgarde",,,,,,,,,,,,,,0xFF01FE,0,0,0,0,5,
996,762,46,911,42000,0,0,0,0,,,"Exalté auprès de Lune-d'argent",,,,,,,,,,,,,,0xFF01FE,0,0,0,0,5,
1005,763,46,935,42000,0,0,0,0,,,"Les Sha'tar",,,,,,,,,,,,,,0xFF01FE,0,0,0,0,5,
1013,764,46,989,42000,0,0,0,0,,,"Gardiens du Temps",,,,,,,,,,,,,,0xFF01FE,0,0,0,0,5,
1018,765,43,585,1,0,0,0,0,,,"Camp Cagg",,,,,,,,,,,,,,0xFF01FE,0,0,0,0,5,
1032,766,43,825,1,0,0,0,0,,,"La Porte des ténèbres",,,,,,,,,,,,,,0xFF01FE,0,0,0,0,5,
1041,768,43,232,1,0,0,0,0,,,"Vallée des cauchemars",,,,,,,,,,,,,,0xFF01FE,0,0,0,0,5,
1057,769,43,305,1,0,0,0,0,,,"Creux de la côte nord",,,,,,,,,,,,,,0xFF01FE,0,0,0,0,5,
1072,770,43,965,1,0,0,0,0,,,"La Barricade",,,,,,,,,,,,,,0xFF01FE,0,0,0,0,5,
1085,771,43,890,1,0,0,0,0,,,"La Vallée des fongus",,,,,,,,,,,,,,0xFF01FE,0,0,0,0,5,
1107,772,43,405,1,0,0,0,0,,,"Ferme des Nethander",,,,,,,,,,,,,,0xFF01FE,0,0,0,0,5,
1119,773,43,605,1,0,0,0,0,,,"Shadra'Alor",,,,,,,,,,,,,,0xFF01FE,0,0,0,0,5,
1133,774,43,725,1,0,0,0,0,,,"Camp de Tanner",,,,,,,,,,,,,,0xFF01FE,0,0,0,0,5,
1140,775,43,785,1,0,0,0,0,,,"Ruines de Thaurissan",,,,,,,,,,,,,,0xFF01FE,0,0,0,0,5,
1150,776,43,123,1,0,0,0,0,,,"La Lisière",,,,,,,,,,,,,,0xFF01FE,0,0,0,0,5,
1165,778,43,425,1,0,0,0,0,,,"Tertre des ogres Vul'Gol",,,,,,,,,,,,,,0xFF01FE,0,0,0,0,5,
1178,779,43,320,1,0,0,0,0,,,"Passage de la porte Nord",,,,,,,,,,,,,,0xFF01FE,0,0,0,0,5,
1189,780,43,365,1,0,0,0,0,,,"Canyons des Carmines",,,,,,,,,,,,,,0xFF01FE,0,0,0,0,5,
1200,781,43,526,1,0,0,0,0,,,"Base de Kurzen",,,,,,,,,,,,,,0xFF01FE,0,0,0,0,5,
1227,782,43,545,1,0,0,0,0,,,"Le Bourbier changeant",,,,,,,,,,,,,,0xFF01FE,0,0,0,0,5,
1252,802,43,283,1,0,0,0,0,,,"Mine Veine-de-Jango",,,,,,,,,,,,,,0xFF01FE,0,0,0,0,5,
1266,841,43,385,1,0,0,0,0,,,"Marais du couchant",,,,,,,,,,,,,,0xFF01FE,0,0,0,0,5,
1280,42,8,766,1,0,0,0,0,,,"Terres foudroyées",,,,,,,,,,,,,,0xFF01FE,0,0,0,0,5,
1303,842,43,88,1,0,0,0,0,,,"Lac Al'Ameth",,,,,,,,,,,,,,0xFF01FE,0,0,0,0,5,
1318,844,43,344,1,0,0,0,0,,,"Bashal'Aran",,,,,,,,,,,,,,0xFF01FE,0,0,0,0,5,
1327,845,43,745,1,0,0,0,0,,,"Le sanctuaire d'Aessina",,,,,,,,,,,,,,0xFF01FE,0,0,0,0,5,
1345,846,43,683,1,0,0,0,0,,,"Combe du Sabot fendu",,,,,,,,,,,,,,0xFF01FE,0,0,0,0,5,
1354,847,43,927,1,0,0,0,0,,,"Ravin des Éboulis",,,,,,,,,,,,,,0xFF01FE,0,0,0,0,5,
1372,849,43,984,1,0,0,0,0,,,"Les Colosses jumeaux",,,,,,,,,,,,,,0xFF01FE,0,0,0,0,5,
1373,848,43,771,1,0,0,0,0,,,"Hutte de Kormek",,,,,,,,,,,,,,0xFF01FE,0,0,0,0,5,
1396,850,43,665,1,0,0,0,0,,,"L'Antre des flammes",,,,,,,,,,,,,,0xFF01FE,0,0,0,0,5,
1413,851,43,654,1,0,0,0,0,,,"La tanière de Zalashji",,,,,,,,,,,,,,0xFF01FE,0,0,0,0,5,
1429,852,43,845,1,0,0,0,0,,,"Tour d'Eldara",,,,,,,,,,,,,,0xFF01FE,0,0,0,0,5,
1444,853,43,865,1,0,0,0,0,,,"Val Grêlé",,,,,,,,,,,,,,0xFF01FE,0,0,0,0,5,
1457,854,43,625,1,0,0,0,0,,,"La Fondrière",,,,,,,,,,,,,,0xFF01FE,0,0,0,0,5,
1469,856,43,1026,1,0,0,0,0,,,"Ruche'Regal",,,,,,,,,,,,,,0xFF01FE,0,0,0,0,5,
1477,857,43,1005,1,0,0,0,0,,,"Mazthoril",,,,,,,,,,,,,,0xFF01FE,0,0,0,0,5,
1489,43,8,750,1,0,0,0,0,,,"Les Tarides",,,,,,,,,,,,,,0xFF01FE,0,0,0,0,5,
1512,859,43,1132,1,0,0,0,0,,,"Sanctum septentrional",,,,,,,,,,,,,,0xFF01FE,0,0,0,0,5,
1536,858,43,1153,1,0,0,0,0,,,"Sanctum de la Lune",,,,,,,,,,,,,,0xFF01FE,0,0,0,0,5,
1556,860,43,1367,1,0,0,0,0,,,"Clairière de braise",,,,,,,,,,,,,,0xFF01FE,0,0,0,0,5,
1577,861,43,1332,1,0,0,0,0,,,"Île du sang maudit",,,,,,,,,,,,,,0xFF01FE,0,0,0,0,5,
1609,862,43,1203,1,0,0,0,0,,,"Bastion de l'Honneur",,,,,,,,,,,,,,0xFF01FE,0,0,0,0,5,
1647,863,43,1139,1,0,0,0,0,,,"Lac des furoles",,,,,,,,,,,,,,0xFF01FE,0,0,0,0,5,
1668,864,43,1107,1,0,0,0,0,,,"Village d'Ombrelune",,,,,,,,,,,,,,0xFF01FE,0,0,0,0,5,
1688,865,43,1292,1,0,0,0,0,,,"Avant-poste de la Masse-sanglante",,,,,,,,,,,,,,0xFF01FE,0,0,0,0,5,
1713,866,43,1193,1,0,0,0,0,,,"Ruines du Crâne ricanant",,,,,,,,,,,,,,0xFF01FE,0,0,0,0,5,
1729,867,43,1169,1,0,0,0,0,,,"Grangol'var",,,,,,,,,,,,,,0xFF01FE,0,0,0,0,5,
1762,843,43,1183,1,0,0,0,0,,,"Manaforge Ara",,,,,,,,,,,,,,0xFF01FE,0,0,0,0,5,
1786,44,8,865,1,0,0,0,0,,,"Les Tranchantes",,,,,,,,,,,,,,0xFF01FE,0,0,0,0,5,
1794,868,43,1459,1,0,0,0,0,,,"Côte de Verte-branchie",,,,,,,,,,,,,,0xFF01FE,2,0,0,0,5,
1805,220,1,30,1,3,30,3,30,,,"Tour A3 possédée par l'Alliance",,,,,,,,,,,,,,0xFF01FE,6,0,0,0,5,
1814,873,1,30,1,3,30,3,30,,,"Tour A3 possédée par la Horde",,,,,,,,,,,,,,0xFF01FE,6,0,0,0,5,
1840,878,42,13887,1,0,0,0,0,,,"Rouget de 52 livres",,,,,,,,,,,,,,0xFF01FE,0,0,0,0,5,
1849,879,36,12354,1,0,0,0,0,,,"Palomino",,,,,,,,,,,,,,0xFF01FE,2,0,0,0,5,
1890,905,27,11668,1,0,0,0,0,,,"Les crevettes, c'est pas pour les mauviettes",,,,,,,,,,,,,,0xFF01FE,0,0,0,0,5,
1914,910,27,8619,1,0,0,0,0,,,"Ancien Gouffre-du-matin dans les profondeurs de Rochenoire",,,,,,,,,,,,,,0xFF01FE,0,0,0,0,5,
1920,911,27,8680,1,0,0,0,0,,,"Ancienne Totem-de-vent à Cabestan",,,,,,,,,,,,,,0xFF01FE,0,0,0,0,5,
1926,912,27,8716,1,0,0,0,0,,,"Ancien Reflet-d'étoile à Zul'Gurub",,,,,,,,,,,,,,0xFF01FE,0,0,0,0,5,
2001,913,8,915,0,0,0,0,0,,,"Anciens de l'Alliance",,,,,,,,,,,,,,0xFF01FE,0,0,0,0,5,
2034,948,46,930,42000,0,0,0,0,,,"Exalté auprès d'Exodar",,,,,,,,,,,,,,0xFF01FE,0,0,0,0,5,
2058,961,27,12732,1,0,0,0,0,,,"La force du sang du cœur",,,,,,,,,,,,,,0xFF01FE,0,0,0,0,5,
2066,962,27,12736,1,0,0,0,0,,,"Chant de réflexion",,,,,,,,,,,,,,0xFF01FE,0,0,0,0,5,
2076,963,27,12334,1,0,0,0,0,,,"Darnassus, terrasse des Artisans",,,,,,,,,,,,,,0xFF01FE,0,0,0,0,5,
2103,965,27,12400,1,0,0,0,0,,,"Berceau-de-l'Hiver, Long-guet",,,,,,,,,,,,,,0xFF01FE,0,0,0,0,5,
2136,966,27,12351,1,0,0,0,0,,,"Hinterlands, Nid-de-l'Aigle",,,,,,,,,,,,,,0xFF01FE,0,0,0,0,5,
2149,967,27,12365,1,0,0,0,0,,,"Bois des Chants éternels, Brise-clémente",,,,,,,,,,,,,,0xFF01FE,0,0,0,0,5,
2199,969,27,12357,1,0,0,0,0,,,"Nagrand, Telaar",,,,,,,,,,,,,,0xFF01FE,0,0,0,0,5,
2221,968,27,12388,1,0,0,0,0,,,"Péninsule des Flammes infernales, Thrallmar",,,,,,,,,,,,,,0xFF01FE,0,0,0,0,5,
2264,979,36,20565,1,0,0,0,0,,,"Masque d'humaine fragile",,,,,,,,,,,,,,0xFF01FE,2,0,0,0,5,
2339,621,57,35280,1,0,0,0,0,,,"Tabard des flammes estivales",,,,,,,,,,,,,,0xFF01FE,2,0,0,0,5,
2346,556,49,5,1,0,0,0,0,,,"Taille",,,,,,,,,,,,,,0xFF01FE,0,0,0,0,5,
2363,245,52,2,1,0,0,0,0,,,"Paladin",,,,,,,,,,,,,,0xFF01FE,0,0,0,0,5,
2373,246,53,8,1,0,0,0,0,,,"Troll",,,,,,,,,,,,,,0xFF01FE,0,0,0,0,5,
2378,1005,53,4,1,0,0,0,0,,,"Elfe de la nuit",,,,,,,,,,,,,,0xFF01FE,0,0,0,0,5,
3067,1022,27,11814,1,0,0,0,0,,,"Bois de la Pénombre",,,,,,,,,,,,,,0xFF01FE,0,0,0,0,5,
3080,1023,27,11812,1,0,0,0,0,,,"Désolace",,,,,,,,,,,,,,0xFF01FE,0,0,0,0,5,
3093,1024,27,11823,1,0,0,0,0,,,"Vallée d'Ombrelune",,,,,,,,,,,,,,0xFF01FE,0,0,0,0,5,
3105,1025,27,11850,1,0,0,0,0,,,"Les Terres fantômes",,,,,,,,,,,,,,0xFF01FE,0,0,0,0,5,
3116,1026,27,11849,1,0,0,0,0,,,"Féralas",,,,,,,,,,,,,,0xFF01FE,0,0,0,0,5,
3128,1027,27,11855,1,0,0,0,0,,,"Vallée d'Ombrelune",,,,,,,,,,,,,,0xFF01FE,0,0,0,0,5,
3135,1028,27,11774,1,0,0,0,0,,,"Les Terres fantômes",,,,,,,,,,,,,,0xFF01FE,0,0,0,0,5,
3146,1029,27,11773,1,0,0,0,0,,,"Féralas",,,,,,,,,,,,,,0xFF01FE,0,0,0,0,5,
3158,1030,27,11779,1,0,0,0,0,,,"Vallée d'Ombrelune",,,,,,,,,,,,,,0xFF01FE,0,0,0,0,5,
3165,1031,27,11743,1,0,0,0,0,,,"Bois de la Pénombre",,,,,,,,,,,,,,0xFF01FE,0,0,0,0,5,
3178,1032,27,11741,1,0,0,0,0,,,"Désolace",,,,,,,,,,,,,,0xFF01FE,0,0,0,0,5,
3190,1033,27,11752,1,0,0,0,0,,,"Vallée d'Ombrelune",,,,,,,,,,,,,,0xFF01FE,0,0,0,0,5,
3213,283,28,24717,1,0,0,0,0,,,"Transformé en pirate",,,,,,,,,,,,,,0xFF01FE,0,0,0,0,5,
3305,344,41,20232,1,0,0,0,0,,,"Bandage en tisse-mage de Profanateur",,,,,,,,,,,,,,0xFF01FE,0,0,0,0,5,
3396,1167,8,225,0,0,0,0,0,,,"Chaque détail compte",,,,,,,,,,,,,,0xFF01FE,0,0,0,0,5,
3408,1168,8,1164,0,0,0,0,0,,,"Chaque détail compte",,,,,,,,,,,,,,0xFF01FE,0,0,0,0,5,
3420,1169,8,1153,0,0,0,0,0,,,"La défense à tout prix",,,,,,,,,,,,,,0xFF01FE,0,0,0,0,5,
3435,1170,8,1153,0,0,0,0,0,,,"La défense à tout prix",,,,,,,,,,,,,,0xFF01FE,0,0,0,0,5,
3450,1171,8,213,0,0,0,0,0,,,"Le cyclone détruit tout sur son passage",,,,,,,,,,,,,,0xFF01FE,0,0,0,0,5,
3465,1172,8,168,0,0,0,0,0,,,"Goulet des Chanteguerres parfait",,,,,,,,,,,,,,0xFF01FE,0,0,0,0,5,
3480,1173,8,168,0,0,0,0,0,,,"Goulet des Chanteguerres parfait",,,,,,,,,,,,,,0xFF01FE,0,0,0,0,5,
3492,1174,8,1161,0,0,0,0,0,,,"Les cinq doigts de la main : 2200",,,,,,,,,,,,,,0xFF01FE,0,0,0,0,5,
3519,1183,28,42261,1,0,0,0,0,,,"Cuvée spéciale du seigneur du Givre",,,,,,,,,,,,,,0xFF01FE,0,0,0,0,5,
3534,1184,41,33036,1,0,0,0,0,,,"Gueuze des gueux",,,,,,,,,,,,,,0xFF01FE,0,0,0,0,5,
3546,1185,41,33025,1,0,0,0,0,,,"Saucisse fumée piquante",,,,,,,,,,,,,,0xFF01FE,0,0,0,0,5,
3564,1187,36,27991,1,0,0,0,0,,,"Clé du labyrinthe des ombres",,,,,,,,,,,,,,0xFF01FE,0,0,0,0,5,
3598,1203,41,33036,1,0,0,0,0,,,"Gueuze des gueux",,,,,,,,,,,,,,0xFF01FE,0,0,0,0,5,
3627,1225,72,182957,1,0,0,0,0,,,"Banc mixte des Hautes-terres",,,,,,,,,,,,,,0xFF01FE,0,0,0,0,5,
3727,557,49,5,1,0,0,0,0,,,"Taille",,,,,,,,,,,,,,0xFF01FE,0,0,0,0,5,
3745,1206,54,225,1,0,0,0,0,,,"Poulet",,,,,,,,,,,,,,0xFF01FE,0,0,0,0,5,
3766,1244,68,21582,1,0,0,0,0,,,"Au-delà de la Porte des ténèbres",,,,,,,,,,,,,,0xFF01FE,0,0,0,0,5,
3808,161,1,529,1,0,0,0,0,,,"Rattraper un retard de 500 ressources",,,,,,,,,,,,,,0xFF01FE,2,0,0,0,5,
3867,153,72,182958,1,0,0,0,0,,,"Banc d'éperlans",,,,,,,,,,,,,,0xFF01FE,2,0,0,0,5,
3876,1257,72,180751,1,0,0,0,0,,,"Débris flottants",,,,,,,,,,,,,,0xFF01FE,0,0,0,0,5,
3887,1262,8,1193,0,0,0,0,0,,,"Sur le fil des Tranchantes",,,,,,,,,,,,,,0xFF01FE,0,0,0,0,5,
3908,45,8,1267,0,0,0,0,0,,,"Zul'Drak",,,,,,,,,,,,,,0xFF01FE,0,0,0,0,5,
3919,1274,8,1193,0,0,0,0,0,,,"Sur le fil des Tranchantes",,,,,,,,,,,,,,0xFF01FE,0,0,0,0,5,
3943,1283,8,632,0,0,0,0,0,,,"Profondeurs de Brassenoire",,,,,,,,,,,,,,0xFF01FE,0,0,0,0,5,
3968,1284,8,651,0,0,0,0,0,,,"Tombes-mana",,,,,,,,,,,,,,0xFF01FE,0,0,0,0,5,
4013,1285,8,689,0,0,0,0,0,,,"Ruines d'Ahn'Qiraj",,,,,,,,,,,,,,0xFF01FE,0,0,0,0,5,
4018,1286,8,694,0,0,0,0,0,,,"Caverne du sanctuaire du Serpent",,,,,,,,,,,,,,0xFF01FE,0,0,0,0,5,
4027,1287,8,671,0,0,0,0,0,,,"Tombes-mana en mode héroïque",,,,,,,,,,,,,,0xFF01FE,0,0,0,0,5,
4044,1288,8,481,0,0,0,0,0,,,"Ahn'kahet : l'Ancien royaume",,,,,,,,,,,,,,0xFF01FE,0,0,0,0,5,
4060,1289,8,492,0,0,0,0,0,,,"Ahn'kahet : l'Ancien royaume en mode héroïque",,,,,,,,,,,,,,0xFF01FE,0,0,0,0,5,
4076,1292,36,32920,1,0,0,0,0,,,"Bock de la fête des Brasseurs jaune plein",,,,,,,,,,,,,,0xFF01FE,2,0,0,0,5,
4082,1293,36,33020,1,0,0,0,0,,,"Bock de la fête des Brasseurs bleu plein",,,,,,,,,,,,,,0xFF01FE,2,0,0,0,5,
4126,1264,43,1473,0,0,0,0,0,,,"Point d'accostage de Garrosh",,,,,,,,,,,,,,0xFF01FE,0,0,0,0,5,
4140,1263,43,1498,0,0,0,0,0,,,"Accostage de la Vengeance",,,,,,,,,,,,,,0xFF01FE,0,0,0,0,5,
4163,1265,43,1491,0,0,0,0,0,,,"Nouvelle-Âtreval",,,,,,,,,,,,,,0xFF01FE,0,0,0,0,5,
4182,1266,43,1470,0,0,0,0,0,,,"Sources de granit",,,,,,,,,,,,,,0xFF01FE,0,0,0,0,5,
4196,1267,43,1534,0,0,0,0,0,,,"Autel de Rhunok",,,,,,,,,,,,,,0xFF01FE,0,0,0,0,5,
4210,1268,43,1548,0,0,0,0,0,,,"Perchoir du Faiseur",,,,,,,,,,,,,,0xFF01FE,0,0,0,0,5,
4270,684,27,7509,1,0,0,0,0,,,"Forger Quel'Serrar",,,,,,,,,,,,,,0xFF01FE,2,0,0,0,5,
4292,345,41,31676,0,0,0,0,0,,,"Potion de régénération gangrenée",,,,,,,,,,,,,,0xFF01FE,0,0,0,0,5,
4314,922,41,33935,0,0,0,0,0,,,"Potion de mana de cristal",,,,,,,,,,,,,,0xFF01FE,0,0,0,0,5,
4340,923,41,28103,0,0,0,0,0,,,"Elixir d'adepte",,,,,,,,,,,,,,0xFF01FE,0,0,0,0,5,
4415,811,41,22851,0,0,0,0,0,,,"Flacon de fortifiant",,,,,,,,,,,,,,0xFF01FE,0,0,0,0,5,
4446,643,27,4742,1,0,0,0,0,,,"Sceau d'ascension",,,,,,,,,,,,,,0xFF01FE,2,0,0,0,5,
4454,687,27,8666,1,0,0,0,0,,,"Gilet de la genèse",,,,,,,,,,,,,,0xFF01FE,2,0,0,0,5,
4478,657,27,9525,1,0,0,0,0,,,"Prisonnière de la citadelle",,,,,,,,,,,,,,0xFF01FE,2,0,0,0,5,
4496,693,27,11003,1,0,0,0,0,,,"La chute de Magtheridon",,,,,,,,,,,,,,0xFF01FE,2,0,0,0,5,
4508,1311,0,18694,1,0,0,0,0,,,"Collidus le Guetteur-dimensionnel",,,,,,,,,,,,,,0xFF01FE,0,0,0,0,5,
4564,685,36,19380,1,0,0,0,0,,,"Chaîne de Therazane",,,,,,,,,,,,,,0xFF01FE,2,0,0,0,5,
4600,698,36,34333,1,0,0,0,0,,,"Coiffe d'Alleria",,,,,,,,,,,,,,0xFF01FE,2,0,0,0,5,
4621,695,36,30902,1,0,0,0,0,,,"Trancheuse du cataclysme",,,,,,,,,,,,,,0xFF01FE,2,0,0,0,5,
4723,812,41,19008,0,0,0,0,0,,,"Pierre de soins (1)",,,,,,,,,,,,,,0xFF01FE,0,0,0,0,5,
4741,924,46,1091,42000,0,0,0,0,,,"Exalté auprès de l'Accord du Repos du ver",,,,,,,,,,,,,,0xFF01FE,0,0,0,0,5,
4754,925,46,978,42000,0,0,0,0,,,"Exalté auprès des Kurenai",,,,,,,,,,,,,,0xFF01FE,0,0,0,0,5,
4772,927,49,11,1,0,0,0,0,,,"Un anneau épique !",,,,,,,,,,,,,,0xFF01FE,0,0,0,0,5,
4791,697,36,32336,1,0,0,0,0,,,"Arc noir du Traître",,,,,,,,,,,,,,0xFF01FE,2,0,0,0,5,
4821,696,36,29997,1,0,0,0,0,,,"Bague du général des Forestiers",,,,,,,,,,,,,,0xFF01FE,2,0,0,0,5,
4851,694,36,33482,1,0,0,0,0,,,"Bottes fouette-cobra",,,,,,,,,,,,,,0xFF01FE,2,0,0,0,5,
4910,692,36,28802,1,0,0,0,0,,,"Lame-magus Saignegueule",,,,,,,,,,,,,,0xFF01FE,2,0,0,0,5,
4952,107,78,0,0,0,0,0,0,,,"Géants",,,,,,,,,,,,,,0xFF01FE,0,0,0,0,5,
4969,796,28,10880,0,0,0,0,0,,,"Résurrection (Rang 3)",,,,,,,,,,,,,,0xFF01FE,0,0,0,0,5,
4975,798,28,20742,0,0,0,0,0,,,"Renaissance (Rang 3)",,,,,,,,,,,,,,0xFF01FE,0,0,0,0,5,
4981,1229,28,50767,0,0,0,0,0,,,"Ressusciter (Rang 3)",,,,,,,,,,,,,,0xFF01FE,0,0,0,0,5,
4996,350,68,184594,0,0,0,0,0,,,"Portail vers Shattrath",,,,,,,,,,,,,,0xFF01FE,0,0,0,0,5,
5024,388,70,0,50,0,0,0,0,,,"Terrasse des Artisans",,,,,,,,,,,,,,0xFF01FE,3,0,0,0,5,
5035,1006,70,0,50,0,0,0,0,,,"Cime des Anciens",,,,,,,,,,,,,,0xFF01FE,3,0,0,0,5,
5049,1360,8,1356,1,0,0,0,0,,,"Tour du fjord",,,,,,,,,,,,,,0xFF01FE,0,0,0,0,5,
5053,495,0,29932,1,0,0,0,0,,,"Eck le Féroce",,,,,,,,,,,,,,0xFF01FE,0,0,0,0,5,
5054,492,0,30258,1,0,0,0,0,,,"Amanitar",,,,,,,,,,,,,,0xFF01FE,0,0,0,0,5,
5057,1307,27,9013,1,0,0,0,0,,,"Garder le meilleur pour la fin",,,,,,,,,,,,,,0xFF01FE,2,0,0,0,5,
5076,227,13,0,300000,3,607,3,607,,,"Infliger 300 000 points de dégâts sur le rivage des Anciens",,,,,,,,,,,,,,0xFF01FE,11,0,0,0,5,
5083,284,36,20565,1,0,0,0,0,,,"Masque d'humaine fragile",,,,,,,,,,,,,,0xFF01FE,0,0,0,0,5,
5145,1396,27,13033,1,0,0,0,0,,,"Ancien Arp à la SdPA",,,,,,,,,,,,,,0xFF01FE,0,0,0,0,5,
5294,1457,43,1601,0,0,0,0,0,,,"Surplomb de Coursevent",,,,,,,,,,,,,,0xFF01FE,0,0,0,0,5,
5317,926,46,911,42000,0,0,0,0,,,"Exalté auprès de Lune-d'argent",,,,,,,,,,,,,,0xFF01FE,0,0,0,0,5,
5332,1466,46,930,42000,0,0,0,0,,,"Exalté auprès de l'Exodar",,,,,,,,,,,,,,0xFF01FE,0,0,0,0,5,
5447,1467,0,31134,1,0,0,0,0,,,"Cyanigosa",,,,,,,,,,,,,,0xFF01FE,2,0,0,0,5,
5503,382,35,0,0,0,0,0,0,,,"Rivage des Anciens",,,,,,,,,,,,,,0xFF01FE,0,0,0,0,5,
5540,1491,56,0,0,0,0,0,0,,,"Rivage des Anciens",,,,,,,,,,,,,,0xFF01FE,0,0,0,0,5,
5555,1199,40,182,1,0,0,0,0,,,"Herboristerie",,,,,,,,,,,,,,0xFF01FE,0,0,0,0,5,
5570,1201,7,773,450,0,0,0,0,,,"Calligraphie",,,,,,,,,,,,,,0xFF01FE,0,0,0,0,5,
5580,1202,7,54,400,0,0,0,0,,,"Masses",,,,,,,,,,,,,,0xFF01FE,0,0,0,0,5,
5629,1103,0,28923,1,0,0,0,0,,,"Kronus",,,,,,,,,,,,,,0xFF01FE,0,0,0,0,5,
5666,1516,8,306,0,0,0,0,0,,,"Maître pêcheur de Strangleronce",,,,,,,,,,,,,,0xFF01FE,0,0,0,0,5,
5684,1517,72,192050,1,0,0,0,0,,,"Banc de saumons glaciaires",,,,,,,,,,,,,,0xFF01FE,0,0,0,0,5,
5710,1526,27,11668,1,0,0,0,0,,,"Les crevettes, c'est pas pour les mauviettes",,,,,,,,,,,,,,0xFF01FE,0,0,0,0,5,
5777,291,110,44212,1,0,0,0,0,,,"Humain",,,,,,,,,,,,,,0xFF01FE,0,0,0,0,5,
5810,699,32,617,1,0,0,0,0,,,"Égouts de Dalaran",,,,,,,,,,,,,,0xFF01FE,0,0,0,0,5,
5824,1656,8,981,0,0,0,0,0,,,"Un sourire étincelant",,,,,,,,,,,,,,0xFF01FE,0,0,0,0,5,
5836,1657,8,981,0,0,0,0,0,,,"Un sourire étincelant",,,,,,,,,,,,,,0xFF01FE,0,0,0,0,5,
5847,1269,43,1581,0,0,0,0,0,,,"Valkyrion",,,,,,,,,,,,,,0xFF01FE,0,0,0,0,5,
5863,1270,43,1570,0,0,0,0,0,,,"La Charognerie",,,,,,,,,,,,,,0xFF01FE,0,0,0,0,5,
5883,1658,0,27978,1,0,0,0,0,,,"Sjonnir le Sculptefer : mode héroïque",,,,,,,,,,,,,,0xFF01FE,0,0,0,0,5,
5895,839,15,489,0,0,0,0,0,,,"Goulet des Chanteguerres",,,,,,,,,,,,,,0xFF01FE,0,0,0,0,5,
5899,840,1,489,0,0,0,0,0,,,"Goulet des Chanteguerres",,,,,,,,,,,,,,0xFF01FE,0,0,0,0,5,
5904,1676,11,1583,700,0,0,0,0,,,"Pic Rochenoire",,,,,,,,,,,,,,0xFF01FE,3,0,0,0,5,
5956,1677,11,1583,550,0,0,0,0,,,"Pic Rochenoire",,,,,,,,,,,,,,0xFF01FE,3,0,0,0,5,
6008,1678,11,719,700,0,0,0,0,,,"Profondeurs de Brassenoire",,,,,,,,,,,,,,0xFF01FE,3,0,0,0,5,
6103,1680,11,719,685,0,0,0,0,,,"Profondeurs de Brassenoire",,,,,,,,,,,,,,0xFF01FE,3,0,0,0,5,
6190,1683,8,303,0,0,0,0,0,,,"Qui veut s'abreuver loin aménage sa monture",,,,,,,,,,,,,,0xFF01FE,0,0,0,0,5,
6217,727,34,22724,0,0,0,0,0,,,"Loup de guerre noir",,,,,,,,,,,,,,0xFF01FE,0,0,0,0,5,
6230,1686,110,26004,1,0,0,0,0,,,"Frère Kristoff à Hurlevent",,,,,,,,,,,,,,0xFF01FE,0,0,0,0,5,
6241,1687,110,44755,1,0,0,0,0,,,"Voleur mort-vivant",,,,,,,,,,,,,,0xFF01FE,0,0,0,0,5,
6254,1689,27,8803,1,0,0,0,0,,,"Un cadeau de fête",,,,,,,,,,,,,,0xFF01FE,2,0,0,0,5,
6266,1691,8,277,0,0,0,0,0,,,"Vive le vent d'hiver",,,,,,,,,,,,,,0xFF01FE,0,0,0,0,5,
6278,1692,8,277,0,0,0,0,0,,,"Vive le vent d'hiver",,,,,,,,,,,,,,0xFF01FE,0,0,0,0,5,
6315,1699,110,27571,1,0,0,0,0,,,"Chaman orc",,,,,,,,,,,,,,0xFF01FE,0,0,0,0,5,
6328,1701,29,70574,1,0,0,0,0,,,"Lèvres brûlantes",,,,,,,,,,,,,,0xFF01FE,0,0,0,0,5,
6347,1704,54,203,1,0,0,0,0,,,"Naxxramas",,,,,,,,,,,,,,0xFF01FE,0,0,0,0,5,
6356,1693,8,1695,0,0,0,0,0,,,"Les périls de l'amour",,,,,,,,,,,,,,0xFF01FE,0,0,0,0,5,
6370,1707,8,1695,0,0,0,0,0,,,"Les périls de l'amour",,,,,,,,,,,,,,0xFF01FE,0,0,0,0,5,
6490,1777,29,45563,1,0,0,0,0,,,"Rascasse grillée",,,,,,,,,,,,,,0xFF01FE,0,0,0,0,5,
6605,1563,8,1780,0,0,0,0,0,,,"La séquence émotion",,,,,,,,,,,,,,0xFF01FE,0,0,0,0,5,
6612,1782,27,13107,1,0,0,0,0,,,"Hot-dogs à la moutarde !",,,,,,,,,,,,,,0xFF01FE,0,0,0,0,5,
6617,1783,27,13116,1,0,0,0,0,,,"Hot-dogs à la moutarde !",,,,,,,,,,,,,,0xFF01FE,0,0,0,0,5,
6622,1784,8,1780,0,0,0,0,0,,,"La séquence émotion",,,,,,,,,,,,,,0xFF01FE,0,0,0,0,5,
6630,1785,41,34753,1,0,0,0,0,,,"Œil du cyclone",,,,,,,,,,,,,,0xFF01FE,0,0,0,0,5,
6655,1788,41,42434,1,0,0,0,0,,,"Part de délicieux gâteau",,,,,,,,,,,,,,0xFF01FE,0,0,0,0,5,
6665,1792,34,28739,0,0,0,0,0,,,"M. Trémousse",,,,,,,,,,,,,,0xFF01FE,2,0,0,0,5,
6747,1793,8,1786,0,0,0,0,0,,,"À la dure",,,,,,,,,,,,,,0xFF01FE,0,0,0,0,5,
6765,1800,29,33291,1,0,0,0,0,,,"Délice de gangre-queue",,,,,,,,,,,,,,0xFF01FE,0,0,0,0,5,
7141,1865,0,29315,1,0,0,0,0,,,"Erekem",,,,,,,,,,,,,,0xFF01FE,0,0,0,0,5,
7154,578,0,15936,1,0,0,0,0,,,"Heigan l'Impur",,,,,,,,,,,,,,0xFF01FE,0,0,0,0,5,
7160,579,0,15953,1,0,0,0,0,,,"Grande veuve Faerlina",,,,,,,,,,,,,,0xFF01FE,0,0,0,0,5,
7194,1066,54,23,0,0,0,0,0,,,"esclaffer",,,,,,,,,,,,,,0xFF01FE,0,0,0,0,5,
7235,1684,8,1936,0,0,0,0,0,,,"Puisque je vous dis que je l'ai vu !",,,,,,,,,,,,,,0xFF01FE,0,0,0,0,5,
7240,1956,68,192713,1,0,0,0,0,,,"Les écoles de magie des arcanes - Enchantement",,,,,,,,,,,,,,0xFF01FE,0,0,0,0,5,
7248,1957,36,43637,1,0,0,0,0,,,"Pièce d'or de Brann Barbe-de-bronze",,,,,,,,,,,,,,0xFF01FE,0,0,0,0,5,
7282,2016,27,12289,1,0,0,0,0,,,"Frappez-les tant qu'ils sont à terre",,,,,,,,,,,,,,0xFF01FE,0,0,0,0,5,
7291,2017,27,12288,1,0,0,0,0,,,"Débordée !",,,,,,,,,,,,,,0xFF01FE,0,0,0,0,5,
7304,2019,27,13249,1,0,0,0,0,,,"Preuve de la mort du prophète Tharon'ja",,,,,,,,,,,,,,0xFF01FE,0,0,0,0,5,
7336,1038,8,1145,0,0,0,0,0,,,"Le roi de la fête du Feu",,,,,,,,,,,,,,0xFF01FE,0,0,0,0,5,
7340,1039,8,1145,0,0,0,0,0,,,"Le roi de la fête du Feu",,,,,,,,,,,,,,0xFF01FE,0,0,0,0,5,
7445,2094,42,43706,1,0,0,0,0,,,"Pièce de cuivre brillante de Dornaa",,,,,,,,,,,,,,0xFF01FE,0,0,0,0,5,
7467,2095,42,43675,1,0,0,0,0,,,"Pièce d'argent de Fandral Forteramure",,,,,,,,,,,,,,0xFF01FE,0,0,0,0,5,
7499,2136,8,1296,0,0,0,0,0,,,"Regardez-le mourir",,,,,,,,,,,,,,0xFF01FE,0,0,0,0,5,
7532,2137,8,1997,0,0,0,0,0,,,"La veuve joyeuse",,,,,,,,,,,,,,0xFF01FE,0,0,0,0,5,
7542,2138,8,2140,0,0,0,0,0,,,"La veuve joyeuse (25 joueurs)",,,,,,,,,,,,,,0xFF01FE,0,0,0,0,5,
7556,2144,8,1038,0,0,0,0,0,,,"Le gardien des flammes",,,,,,,,,,,,,,0xFF01FE,0,0,0,0,5,
7563,2145,8,1039,0,0,0,0,0,,,"Le garde-flammes",,,,,,,,,,,,,,0xFF01FE,0,0,0,0,5,
7623,231,56,0,20,3,607,1,0,,,"Rivage des Anciens",,,,,,,,,,,,,,0xFF01FE,11,0,0,0,5,
7640,230,8,2194,0,0,0,0,0,,,"Maîtrise du rivage des Anciens",,,,,,,,,,,,,,0xFF01FE,0,0,0,0,5,
7641,1175,8,2195,0,0,0,0,0,,,"Maîtrise du rivage des Anciens",,,,,,,,,,,,,,0xFF01FE,0,0,0,0,5,
7646,2194,8,2193,0,0,0,0,0,,,"Expert en explosifs",,,,,,,,,,,,,,0xFF01FE,0,0,0,0,5,
7658,2195,8,2193,0,0,0,0,0,,,"Expert en explosifs",,,,,,,,,,,,,,0xFF01FE,0,0,0,0,5,
7708,1723,70,0,100,0,0,0,0,,,"Bombardier",,,,,,,,,,,,,,0xFF01FE,3,0,0,0,5,
7715,2199,70,0,10,0,0,0,0,,,"Tour d'Ombrevue",,,,,,,,,,,,,,0xFF01FE,0,0,0,0,5,
7728,1752,8,2089,0,0,0,0,0,,,"1 000 éclats du gardien des pierres",,,,,,,,,,,,,,0xFF01FE,0,0,0,0,5,
7789,322,20,28587,0,0,0,0,0,,,"Volkhan",,,,,,,,,,,,,,0xFF01FE,0,0,0,0,5,
7811,323,20,15931,0,0,0,0,0,,,"Grobbulus",,,,,,,,,,,,,,0xFF01FE,0,0,0,0,5,
7847,324,20,28859,0,0,0,0,0,,,"Malygos",,,,,,,,,,,,,,0xFF01FE,0,0,0,0,5,
7852,799,28,20776,0,0,0,0,0,,,"Esprit ancestral",,,,,,,,,,,,,,0xFF01FE,0,0,0,0,5,
7860,800,28,10324,0,0,0,0,0,,,"Rédemption",,,,,,,,,,,,,,0xFF01FE,0,0,0,0,5,
7868,801,28,3026,0,0,0,0,0,,,"Utilisation de pierre d'âme",,,,,,,,,,,,,,0xFF01FE,0,0,0,0,5,
8104,2256,0,32358,1,0,0,0,0,,,"Larmagauche Venbraye",,,,,,,,,,,,,,0xFF01FE,0,0,0,0,5,
8159,263,36,35279,1,0,0,0,0,,,"Tabard des cieux estivaux",,,,,,,,,,,,,,0xFF01FE,2,0,0,0,5,
8589,837,32,572,0,0,0,0,0,,,"Victoires dans les ruines de Lordaeron",,,,,,,,,,,,,,0xFF01FE,0,0,0,0,5,
8593,838,33,572,0,0,0,0,0,,,"Matchs dans les ruines de Lordaeron",,,,,,,,,,,,,,0xFF01FE,0,0,0,0,5,
8598,363,33,618,0,0,0,0,0,,,"Matchs dans l'arène des valeureux à 5c5",,,,,,,,,,,,,,0xFF01FE,0,0,0,0,5,
8599,362,32,617,0,0,0,0,0,,,"Victoires à Dalaran à 5c5",,,,,,,,,,,,,,0xFF01FE,0,0,0,0,5,
8603,365,33,617,0,0,0,0,0,,,"Matchs à Dalaran à 3c3",,,,,,,,,,,,,,0xFF01FE,0,0,0,0,5,
8607,364,32,617,0,0,0,0,0,,,"Victoires à Dalaran à 3c3",,,,,,,,,,,,,,0xFF01FE,0,0,0,0,5,
8611,367,33,617,0,0,0,0,0,,,"Matchs à Dalaran à 2c2",,,,,,,,,,,,,,0xFF01FE,0,0,0,0,5,
8617,366,32,572,0,0,0,0,0,,,"Victoires dans les ruines de Lordaeron à 2c2",,,,,,,,,,,,,,0xFF01FE,0,0,0,0,5,
8696,347,41,20224,0,0,0,0,0,,,"Rations de fer de Profanateur",,,,,,,,,,,,,,0xFF01FE,2,0,0,0,5,
8822,2336,46,470,42000,0,0,0,0,,,"Exalté auprès de Cabestan",,,,,,,,,,,,,,0xFF01FE,0,0,0,0,5,
8838,321,18,40,0,0,0,0,0,,,"Instances à 40",,,,,,,,,,,,,,0xFF01FE,0,0,0,0,5,
8989,346,41,15723,0,0,0,0,0,,,"Thé sucré",,,,,,,,,,,,,,0xFF01FE,2,0,0,0,5,
9141,2436,29,61818,1,0,0,0,0,,,"Mille pointes",,,,,,,,,,,,,,0xFF01FE,0,0,0,0,5,
9144,2422,110,61815,1,0,0,0,0,,,"Humain",,,,,,,,,,,,,,0xFF01FE,0,0,0,0,5,
9164,383,70,0,0,0,0,0,0,,,"Victoires honorables dans l'arène des valeureux",,,,,,,,,,,,,,0xFF01FE,0,0,0,0,5,
9166,1490,56,0,0,0,0,0,0,,,"Arène des valeureux",,,,,,,,,,,,,,0xFF01FE,0,0,0,0,5,
9303,2557,54,225,1,0,0,0,0,,,"Pingouin du glacier",,,,,,,,,,,,,,0xFF01FE,0,0,0,0,5,
9361,2556,0,9699,1,0,0,0,0,,,"Hanneton de feu",,,,,,,,,,,,,,0xFF01FE,0,0,0,0,5,
9578,686,36,17182,1,0,0,0,0,,,"Sulfuras, Main de Ragnaros",,,,,,,,,,,,,,0xFF01FE,2,0,0,0,5,
9672,2770,8,2763,0,0,0,0,0,,,"Champion de Forgefer",,,,,,,,,,,,,,0xFF01FE,0,0,0,0,5,
9677,2771,8,2768,0,0,0,0,0,,,"Champion des Pitons du Tonnerre",,,,,,,,,,,,,,0xFF01FE,0,0,0,0,5,
9721,2090,74,0,1,0,0,0,0,,,"Gladiateur",,,,,,,,,,,,,,0xFF01FE,2,0,0,0,5,
9755,2758,27,13696,1,0,0,0,0,,,"",,,,,,,,,,,,,,0xFF01FF,2,0,0,0,5,
9764,2776,8,2089,0,0,0,0,0,,,"1 000 éclats du gardien des pierres",,,,,,,,,,,,,,0xFF01FE,0,0,0,0,5,
9782,2782,8,2780,0,0,0,0,0,,,"Champion de Forgefer",,,,,,,,,,,,,,0xFF01FE,0,0,0,0,5,
9792,2788,8,2786,0,0,0,0,0,,,"Champion des Pitons du Tonnerre",,,,,,,,,,,,,,0xFF01FE,0,0,0,0,5,
9867,2797,8,2421,0,0,0,0,0,,,"Le Jardin des nobles",,,,,,,,,,,,,,0xFF01FE,0,0,0,0,5,
9873,2798,8,2416,0,0,0,0,0,,,"Œuf dur",,,,,,,,,,,,,,0xFF01FE,0,0,0,0,5,
9902,2816,8,2769,0,0,0,0,0,,,"Champion de Fossoyeuse",,,,,,,,,,,,,,0xFF01FE,0,0,0,0,5,
9908,2817,8,2764,0,0,0,0,0,,,"Champion de Hurlevent",,,,,,,,,,,,,,0xFF01FE,0,0,0,0,5,
9974,1770,0,33293,1,0,0,0,0,,,"Déconstructeur XT-002",,,,,,,,,,,,,,0xFF01FE,0,0,0,0,5,
9975,1756,0,33293,1,0,0,0,0,,,"Déconstructeur XT-002",,,,,,,,,,,,,,0xFF01FE,0,0,0,0,5,
10104,2957,8,2941,0,0,0,0,0,,,"Vous avez été choisi, Brise-acier",,,,,,,,,,,,,,0xFF01FE,0,0,0,0,5,
10227,2836,28,64811,1,0,0,0,0,,,"Orgrimmar",,,,,,,,,,,,,,0xFF01FE,0,0,0,0,5,
10369,2958,8,2944,0,0,0,0,0,,,"Vous avez été choisi, Brise-acier (25 joueurs)",,,,,,,,,,,,,,0xFF01FE,0,0,0,0,5,
10524,3217,27,13836,1,0,0,0,0,,,"Les bras lui en tombent",,,,,,,,,,,,,,0xFF01FE,0,0,0,0,5,
10598,2903,28,65195,1,0,0,0,0,,,"Assemblée du Fer",,,,,,,,,,,,,,0xFF01FE,0,0,0,0,5,
10599,2904,28,65195,1,0,0,0,0,,,"Assemblée du Fer",,,,,,,,,,,,,,0xFF01FE,0,0,0,0,5,
10879,2093,74,0,1,0,0,0,0,,,"Gladiateur fatal",,,,,,,,,,,,,,0xFF01FE,2,0,0,0,5,
10966,303,41,37750,1,0,0,0,0,,,"",,,,,,,,,,,,,,0xFFF3FE,2,0,0,0,5,
11090,3558,29,66375,1,0,0,0,0,,,"Farce au pain épicé",,,,,,,,,,,,,,0xFF01FE,0,0,0,0,5,
11122,3576,29,62050,1,0,0,0,0,,,"Farce au pain épicé",,,,,,,,,,,,,,0xFF01FE,0,0,0,0,5,
11127,3577,29,66038,1,0,0,0,0,,,"Farce au pain épicé",,,,,,,,,,,,,,0xFF01FE,0,0,0,0,5,
11159,3559,110,61781,1,0,0,0,0,,,"Voleur elfe de la nuit",,,,,,,,,,,,,,0xFF01FE,0,0,0,0,5,
11181,3579,110,61928,1,0,0,0,0,,,"",,,,,,,,,,,,,,0xFF75FE,2,0,0,0,5,
11199,3596,27,14053,1,0,0,0,0,,,"On est encore à court de sauce ?",,,,,,,,,,,,,,0xFF01FE,0,0,0,0,5,
11207,3597,27,14059,1,0,0,0,0,,,"On est encore à court de sauce ?",,,,,,,,,,,,,,0xFF01FE,0,0,0,0,5,
11261,3478,8,3596,0,0,0,0,0,,,"Le pèlerinage du pèlerin",,,,,,,,,,,,,,0xFF01FE,0,0,0,0,5,
11270,3656,8,3597,0,0,0,0,0,,,"Le pèlerinage du pèlerin",,,,,,,,,,,,,,0xFF01FE,0,0,0,0,5,
11324,3696,27,13699,1,0,0,0,0,,,"",,,,,,,,,,,,,,0xFFF7FF,2,0,0,0,5,
11506,3857,8,3849,0,0,0,0,0,,,"A-bomb-ination",,,,,,,,,,,,,,0xFF01FE,0,0,0,0,5,
11549,3812,0,34564,1,0,0,0,0,,,"Achever l'épreuve du grand croisé",,,,,,,,,,,,,,0xFF01FE,0,0,0,0,5,
11683,3916,0,34564,1,0,0,0,0,,,"Achever l'épreuve du croisé",,,,,,,,,,,,,,0xFF01FE,0,0,0,0,5,
11688,3917,0,34564,1,0,0,0,0,,,"Achever l'épreuve du croisé",,,,,,,,,,,,,,0xFF01FE,0,0,0,0,5,
11693,3918,0,34564,1,0,0,0,0,,,"Achever l'épreuve du grand croisé",,,,,,,,,,,,,,0xFF01FE,0,0,0,0,5,
11753,3957,8,3849,0,0,0,0,0,,,"A-bomb-ination",,,,,,,,,,,,,,0xFF01FE,0,0,0,0,5,
11907,3802,28,68206,1,0,0,0,0,,,"Lucifron",,,,,,,,,,,,,,0xFF01FE,0,0,0,0,5,
11960,1525,27,13100,1,0,0,0,0,,,"Pain de viande aux champignons infusés - Alliance",,,,,,,,,,,,,,0xFF01FE,0,0,0,0,5,
12162,3853,31,4753,1,3,628,3,628,,,"Donjon de l'Alliance",,,,,,,,,,,,,,0xFF01FE,4,0,0,0,5,
12301,3778,28,68572,1,0,0,0,0,,,"Jaelyne Chant-du-soir",,,,,,,,,,,,,,0xFF01FE,0,0,0,0,5,
12306,4296,28,68572,1,0,0,0,0,,,"Zul'tore",,,,,,,,,,,,,,0xFF01FE,0,0,0,0,5,
12314,4297,28,68572,1,0,0,0,0,,,"Jaelyne Chant-du-soir",,,,,,,,,,,,,,0xFF01FE,0,0,0,0,5,
12322,4298,28,68572,1,0,0,0,0,,,"Zul'tore",,,,,,,,,,,,,,0xFF01FE,0,0,0,0,5,
12498,3838,42,49426,1,0,0,0,0,,,"Emblème de givre",,,,,,,,,,,,,,0xFF01FE,3,0,0,0,5,
12499,3839,42,49426,25,0,0,0,0,,,"Emblème de givre",,,,,,,,,,,,,,0xFF01FE,3,0,0,0,5,
12500,3840,42,49426,50,0,0,0,0,,,"Emblème de givre",,,,,,,,,,,,,,0xFF01FE,3,0,0,0,5,
12501,3841,42,49426,100,0,0,0,0,,,"Emblème de givre",,,,,,,,,,,,,,0xFF01FE,3,0,0,0,5,
12502,3842,42,49426,250,0,0,0,0,,,"Emblème de givre",,,,,,,,,,,,,,0xFF01FE,3,0,0,0,5,
12503,3843,42,49426,500,0,0,0,0,,,"Emblème de givre",,,,,,,,,,,,,,0xFF01FE,3,0,0,0,5,
12504,3844,42,49426,1000,0,0,0,0,,,"Emblème de givre",,,,,,,,,,,,,,0xFF01FE,3,0,0,0,5,
12505,3876,42,49426,1500,0,0,0,0,,,"Emblème de givre",,,,,,,,,,,,,,0xFF01FE,3,0,0,0,5,
12506,4316,42,49426,2500,0,0,0,0,,,"Emblème de givre",,,,,,,,,,,,,,0xFF01FE,3,0,0,0,5,
12579,229,35,0,30,3,628,3,628,,,"30 victoires honorables sur l'île des Conquérants",,,,,,,,,,,,,,0xFF01FE,2,0,0,0,5,
12622,4416,34,67415,0,0,0,0,0,,,"Jeune raptor de Gundrak",,,,,,,,,,,,,,0xFF01FE,2,0,0,0,5,
12659,4436,110,67531,1,0,0,0,0,,,"Vol'jin",,,,,,,,,,,,,,0xFF01FE,0,0,0,0,5,
12666,4437,110,67531,1,0,0,0,0,,,"Tyrande Murmevent",,,,,,,,,,,,,,0xFF01FE,0,0,0,0,5,
12682,4456,0,28923,1,0,0,0,0,,,"Kronus",,,,,,,,,,,,,,0xFF01FE,0,0,0,0,5,
12769,4532,8,4530,0,0,0,0,0,,,"Le Trône de glace",,,,,,,,,,,,,,0xFF01FE,0,0,0,0,5,
12802,4556,0,28923,1,0,0,0,0,,,"Kronus",,,,,,,,,,,,,,0xFF01FE,0,0,0,0,5,
12881,1695,27,24663,1,0,0,0,0,,,"",,,,,,,,,,,,,,0xFF01FC,2,0,0,0,5,
12906,4596,27,24800,0,0,0,0,0,,,"",,,,,,,,,,,,,,0xFF01FC,2,0,0,0,5,
12917,4602,8,4534,0,0,0,0,0,,,"Dans l'os",,,,,,,,,,,,,,0xFF01FE,0,0,0,0,5,
12957,4608,8,4597,0,0,0,0,0,,,"Le Trône de glace",,,,,,,,,,,,,,0xFF01FE,0,0,0,0,5,
13003,2092,74,0,1,0,0,0,0,,,"Gladiateur implacable",,,,,,,,,,,,,,0xFF01FE,2,0,0,0,5,
13016,4603,8,4610,0,0,0,0,0,,,"Dans l'os",,,,,,,,,,,,,,0xFF01FE,0,0,0,0,5,
13065,4636,8,4583,0,0,0,0,0,,,"Le Trône de glace",,,,,,,,,,,,,,0xFF01FE,0,0,0,0,5,
13070,4637,8,4584,0,0,0,0,0,,,"Le Trône de glace",,,,,,,,,,,,,,0xFF01FE,0,0,0,0,5,
13235,2186,0,15928,1,0,0,0,0,,,"Thaddius",,,,,,,,,,,,,,0xFF01FE,2,0,0,0,5,
13240,2187,0,15928,1,0,0,0,0,,,"Thaddius",,,,,,,,,,,,,,0xFF01FE,2,0,0,0,5,
13308,1104,0,34564,1,0,0,0,0,,,"Anub'arak",,,,,,,,,,,,,,0xFF01FE,0,0,0,0,5,
13310,1768,0,34564,1,0,0,0,0,,,"Anub'arak",,,,,,,,,,,,,,0xFF01FE,0,0,0,0,5,
13376,4782,36,37894,1,0,0,0,0,,,"Bock de la fête des Brasseurs vert plein",,,,,,,,,,,,,,0xFF01FE,2,0,0,0,5,
13383,4784,36,49426,1,0,0,0,0,,,"",,,,,,,,,,,,,,0xFF01FC,2,0,0,0,5,
13388,4785,36,49426,1,0,0,0,0,,,"",,,,,,,,,,,,,,0xFF01FC,2,0,0,0,5,
13400,4788,34,35529,0,0,0,0,0,,,"",,,,,,,,,,,,,,0xFF01FC,0,0,0,0,5,
13413,4789,34,31432,0,0,0,0,0,,,"",,,,,,,,,,,,,,0xFF01FC,0,0,0,0,5,
88,41,8,39,1,0,0,0,0,,,"Dans le bassin",,,,,,,,,,,,,,0xFF01FE,0,0,0,0,6,
388,576,8,574,0,0,0,0,0,,,"Défaite de Kel'Thuzad",,,,,,,,,,,,,,0xFF01FE,0,0,0,0,6,
394,577,8,575,0,0,0,0,0,,,"Défaite de Kel'Thuzad",,,,,,,,,,,,,,0xFF01FE,0,0,0,0,6,
501,626,36,21539,1,0,0,0,0,,,"Robe de fête violette",,,,,,,,,,,,,,0xFF01FE,2,0,0,0,6,
507,627,43,110,1,0,0,0,0,,,"Les Collines de Tundrid",,,,,,,,,,,,,,0xFF01FE,0,0,0,0,6,
621,116,40,773,2,0,0,0,0,,,"Calligraphie",,,,,,,,,,,,,,0xFF01FE,2,0,0,0,6,
655,705,7,54,400,0,0,0,0,,,"Masses",,,,,,,,,,,,,,0xFF01FE,0,0,0,0,6,
764,700,36,29592,1,0,0,0,0,,,"Insigne de la Horde",,,,,,,,,,,,,,0xFF01FE,2,0,0,0,6,
784,701,36,18858,1,0,0,0,0,,,"Insigne de l'Alliance",,,,,,,,,,,,,,0xFF01FE,2,0,0,0,6,
827,728,43,252,1,0,0,0,0,,,"Tranchecolline",,,,,,,,,,,,,,0xFF01FE,0,0,0,0,6,
853,731,40,773,3,0,0,0,0,,,"Calligraphie",,,,,,,,,,,,,,0xFF01FE,2,0,0,0,6,
864,732,40,773,4,0,0,0,0,,,"Calligraphie",,,,,,,,,,,,,,0xFF01FE,2,0,0,0,6,
875,733,40,773,5,0,0,0,0,,,"Calligraphie",,,,,,,,,,,,,,0xFF01FE,2,0,0,0,6,
886,734,40,773,6,0,0,0,0,,,"Calligraphie",,,,,,,,,,,,,,0xFF01FE,2,0,0,0,6,
897,735,40,773,6,0,0,0,0,,,"Calligraphie",,,,,,,,,,,,,,0xFF01FE,2,0,0,0,6,
907,736,43,192,1,0,0,0,0,,,"La mine de la KapitalRisk",,,,,,,,,,,,,,0xFF01FE,0,0,0,0,6,
922,750,43,466,1,0,0,0,0,,,"Les Bassins oubliés",,,,,,,,,,,,,,0xFF01FE,0,0,0,0,6,
952,760,43,446,1,0,0,0,0,,,"Fourche du gibet",,,,,,,,,,,,,,0xFF01FE,0,0,0,0,6,
966,761,43,566,1,0,0,0,0,,,"La Crique de Faldir",,,,,,,,,,,,,,0xFF01FE,0,0,0,0,6,
1019,765,43,586,1,0,0,0,0,,,"Repos d'Apocryphan",,,,,,,,,,,,,,0xFF01FE,0,0,0,0,6,
1033,766,43,826,1,0,0,0,0,,,"Autel des tempêtes",,,,,,,,,,,,,,0xFF01FE,0,0,0,0,6,
1042,768,43,231,1,0,0,0,0,,,"Manoir du Foyer froid",,,,,,,,,,,,,,0xFF01FE,0,0,0,0,6,
1058,769,43,306,1,0,0,0,0,,,"Île de Fenris",,,,,,,,,,,,,,0xFF01FE,0,0,0,0,6,
1073,770,43,966,1,0,0,0,0,,,"Champ de Gangrepierre",,,,,,,,,,,,,,0xFF01FE,0,0,0,0,6,
1086,771,43,889,1,0,0,0,0,,,"Comté-de-Darrow",,,,,,,,,,,,,,0xFF01FE,0,0,0,0,6,
1108,772,43,406,1,0,0,0,0,,,"Rivage oriental",,,,,,,,,,,,,,0xFF01FE,0,0,0,0,6,
1120,773,43,606,1,0,0,0,0,,,"Lac Vent-vaillant",,,,,,,,,,,,,,0xFF01FE,0,0,0,0,6,
1134,774,43,726,1,0,0,0,0,,,"Site de fouilles de Crasseboue",,,,,,,,,,,,,,0xFF01FE,0,0,0,0,6,
1141,775,43,786,1,0,0,0,0,,,"Le Pilier de cendres",,,,,,,,,,,,,,0xFF01FE,0,0,0,0,6,
1151,776,43,126,1,0,0,0,0,,,"Le Débarcadère de Jerod",,,,,,,,,,,,,,0xFF01FE,0,0,0,0,6,
1166,778,43,426,1,0,0,0,0,,,"Bosquet du crépuscule",,,,,,,,,,,,,,0xFF01FE,0,0,0,0,6,
1179,779,43,321,1,0,0,0,0,,,"Le pavillon des Pérégrins",,,,,,,,,,,,,,0xFF01FE,0,0,0,0,6,
1191,780,43,367,1,0,0,0,0,,,"Scierie d'Alther",,,,,,,,,,,,,,0xFF01FE,0,0,0,0,6,
1201,781,43,502,1,0,0,0,0,,,"Le Rivage cruel",,,,,,,,,,,,,,0xFF01FE,0,0,0,0,6,
1228,782,43,546,1,0,0,0,0,,,"Pierrêche",,,,,,,,,,,,,,0xFF01FE,0,0,0,0,6,
1253,802,43,285,1,0,0,0,0,,,"La ferme des Molsen",,,,,,,,,,,,,,0xFF01FE,0,0,0,0,6,
1267,841,43,386,1,0,0,0,0,,,"Vallon des embruns",,,,,,,,,,,,,,0xFF01FE,0,0,0,0,6,
1281,42,8,775,1,0,0,0,0,,,"Steppes ardentes",,,,,,,,,,,,,,0xFF01FE,0,0,0,0,6,
1304,842,43,89,1,0,0,0,0,,,"Bassins d'Arlithrien",,,,,,,,,,,,,,0xFF01FE,0,0,0,0,6,
1319,844,43,346,1,0,0,0,0,,,"Ameth'Aran",,,,,,,,,,,,,,0xFF01FE,0,0,0,0,6,
1328,845,43,746,1,0,0,0,0,,,"Sanctuaire de Scarfeu",,,,,,,,,,,,,,0xFF01FE,0,0,0,0,6,
1346,846,43,682,1,0,0,0,0,,,"Canyon de Brisevent",,,,,,,,,,,,,,0xFF01FE,0,0,0,0,6,
1355,847,43,926,1,0,0,0,0,,,"Canyon de Sishir",,,,,,,,,,,,,,0xFF01FE,0,0,0,0,6,
1374,848,43,770,1,0,0,0,0,,,"Village des Kolkar",,,,,,,,,,,,,,0xFF01FE,0,0,0,0,6,
1384,849,43,985,1,0,0,0,0,,,"La Côte oubliée",,,,,,,,,,,,,,0xFF01FE,0,0,0,0,6,
1397,850,43,666,1,0,0,0,0,,,"Tourbière du Ver",,,,,,,,,,,,,,0xFF01FE,0,0,0,0,6,
1414,851,43,653,1,0,0,0,0,,,"Crique des Gréements",,,,,,,,,,,,,,0xFF01FE,0,0,0,0,6,
1430,852,43,846,1,0,0,0,0,,,"Temple d'Arkkoran",,,,,,,,,,,,,,0xFF01FE,0,0,0,0,6,
1445,853,43,866,1,0,0,0,0,,,"Chutes de la Vénéneuse",,,,,,,,,,,,,,0xFF01FE,0,0,0,0,6,
1458,854,43,626,1,0,0,0,0,,,"Plateau de Rochefer",,,,,,,,,,,,,,0xFF01FE,0,0,0,0,6,
1470,856,43,1027,1,0,0,0,0,,,"Le Mur du scarabée",,,,,,,,,,,,,,0xFF01FE,0,0,0,0,6,
1478,857,43,1010,1,0,0,0,0,,,"Long-guet",,,,,,,,,,,,,,0xFF01FE,0,0,0,0,6,
1490,43,8,844,1,0,0,0,0,,,"Sombrivage",,,,,,,,,,,,,,0xFF01FE,0,0,0,0,6,
1513,859,43,1134,1,0,0,0,0,,,"Sanctum oriental",,,,,,,,,,,,,,0xFF01FE,0,0,0,0,6,
1537,858,43,1155,1,0,0,0,0,,,"Sanctum du Soleil",,,,,,,,,,,,,,0xFF01FE,0,0,0,0,6,
1557,860,43,1368,1,0,0,0,0,,,"Rivage de Pontgallant",,,,,,,,,,,,,,0xFF01FE,0,0,0,0,6,
1578,861,43,1333,1,0,0,0,0,,,"Guet du sang",,,,,,,,,,,,,,0xFF01FE,0,0,0,0,6,
1626,862,43,1208,1,0,0,0,0,,,"Poste Mag'har",,,,,,,,,,,,,,0xFF01FE,0,0,0,0,6,
1648,863,43,1141,1,0,0,0,0,,,"Crête des boues",,,,,,,,,,,,,,0xFF01FE,0,0,0,0,6,
1669,864,43,1110,1,0,0,0,0,,,"Le Temple noir",,,,,,,,,,,,,,0xFF01FE,0,0,0,0,6,
1689,865,43,1293,1,0,0,0,0,,,"Landes brisées",,,,,,,,,,,,,,0xFF01FE,0,0,0,0,6,
1714,866,43,1194,1,0,0,0,0,,,"Champs des esprits",,,,,,,,,,,,,,0xFF01FE,0,0,0,0,6,
1731,867,43,1171,1,0,0,0,0,,,"Fort des Brise-pierres",,,,,,,,,,,,,,0xFF01FE,0,0,0,0,6,
1763,843,43,1184,1,0,0,0,0,,,"Manaforge Ultris",,,,,,,,,,,,,,0xFF01FE,0,0,0,0,6,
1787,44,8,843,1,0,0,0,0,,,"Raz-de-Néant",,,,,,,,,,,,,,0xFF01FE,0,0,0,0,6,
1795,868,43,1460,1,0,0,0,0,,,"La Malebrèche",,,,,,,,,,,,,,0xFF01FE,2,0,0,0,6,
1806,220,1,30,1,3,30,3,30,,,"Tour A4 possédée par l'Alliance",,,,,,,,,,,,,,0xFF01FE,6,0,0,0,6,
1815,873,1,30,1,3,30,3,30,,,"Tour A4 possédée par la Horde",,,,,,,,,,,,,,0xFF01FE,6,0,0,0,6,
1841,878,42,13905,1,0,0,0,0,,,"Saumon de 29 livres",,,,,,,,,,,,,,0xFF01FE,0,0,0,0,6,
1915,910,27,8727,1,0,0,0,0,,,"Ancien Murmeloin à Stratholme",,,,,,,,,,,,,,0xFF01FE,0,0,0,0,6,
1927,912,27,8674,1,0,0,0,0,,,"Ancien Sabot-d'hiver à Baie-du-Butin",,,,,,,,,,,,,,0xFF01FE,0,0,0,0,6,
1951,911,27,8715,1,0,0,0,0,,,"Ancien Feuillelame à Dolanaar",,,,,,,,,,,,,,0xFF01FE,0,0,0,0,6,
2059,961,27,12741,1,0,0,0,0,,,"Puissance de la tempête",,,,,,,,,,,,,,0xFF01FE,0,0,0,0,6,
2067,962,27,12726,1,0,0,0,0,,,"Chant du Vent et de l'Eau",,,,,,,,,,,,,,0xFF01FE,0,0,0,0,6,
2077,963,27,12348,1,0,0,0,0,,,"Désolace, Combe de Nijel",,,,,,,,,,,,,,0xFF01FE,0,0,0,0,6,
2105,965,27,12377,1,0,0,0,0,,,"Orneval, poste de Bois-brisé",,,,,,,,,,,,,,0xFF01FE,0,0,0,0,6,
2137,966,27,12335,1,0,0,0,0,,,"Forgefer, les communs",,,,,,,,,,,,,,0xFF01FE,0,0,0,0,6,
2150,967,27,12364,1,0,0,0,0,,,"Bois des Chants éternels, place de l'Épervier",,,,,,,,,,,,,,0xFF01FE,0,0,0,0,6,
2200,969,27,12360,1,0,0,0,0,,,"Vallée d'Ombrelune, bastion des Marteaux-hardis",,,,,,,,,,,,,,0xFF01FE,0,0,0,0,6,
2222,968,27,12395,1,0,0,0,0,,,"Vallée d'Ombrelune, Village d'Ombrelune",,,,,,,,,,,,,,0xFF01FE,0,0,0,0,6,
2265,979,36,20563,1,0,0,0,0,,,"Masque d'elfe de la nuit fragile (F)",,,,,,,,,,,,,,0xFF01FE,2,0,0,0,6,
2340,621,57,5976,1,0,0,0,0,,,"Tabard de guilde",,,,,,,,,,,,,,0xFF01FE,2,0,0,0,6,
2347,556,49,6,1,0,0,0,0,,,"Jambes",,,,,,,,,,,,,,0xFF01FE,0,0,0,0,6,
2364,245,52,5,1,0,0,0,0,,,"Prêtre",,,,,,,,,,,,,,0xFF01FE,0,0,0,0,6,
3068,1022,27,11816,1,0,0,0,0,,,"Forêt d'Elwynn",,,,,,,,,,,,,,0xFF01FE,0,0,0,0,6,
3081,1023,27,11815,1,0,0,0,0,,,"Marécage d'Âprefange",,,,,,,,,,,,,,0xFF01FE,0,0,0,0,6,
3094,1024,27,11825,1,0,0,0,0,,,"Forêt de Terokkar",,,,,,,,,,,,,,0xFF01FE,0,0,0,0,6,
3106,1025,27,11853,1,0,0,0,0,,,"Contreforts de Hautebrande",,,,,,,,,,,,,,0xFF01FE,0,0,0,0,6,
3117,1026,27,11852,1,0,0,0,0,,,"Mulgore",,,,,,,,,,,,,,0xFF01FE,0,0,0,0,6,
3129,1027,27,11858,1,0,0,0,0,,,"Forêt de Terokkar",,,,,,,,,,,,,,0xFF01FE,0,0,0,0,6,
3136,1028,27,11776,1,0,0,0,0,,,"Contreforts de Hautebrande",,,,,,,,,,,,,,0xFF01FE,0,0,0,0,6,
3147,1029,27,11777,1,0,0,0,0,,,"Mulgore",,,,,,,,,,,,,,0xFF01FE,0,0,0,0,6,
3159,1030,27,11782,1,0,0,0,0,,,"Forêt de Terokkar",,,,,,,,,,,,,,0xFF01FE,0,0,0,0,6,
3166,1031,27,11745,1,0,0,0,0,,,"Forêt d'Elwynn",,,,,,,,,,,,,,0xFF01FE,0,0,0,0,6,
3179,1032,27,11744,1,0,0,0,0,,,"Marécage d'Âprefange",,,,,,,,,,,,,,0xFF01FE,0,0,0,0,6,
3191,1033,27,11754,1,0,0,0,0,,,"Forêt de Terokkar",,,,,,,,,,,,,,0xFF01FE,0,0,0,0,6,
3214,283,28,24724,1,0,0,0,0,,,"Transformé en squelette",,,,,,,,,,,,,,0xFF01FE,0,0,0,0,6,
3306,344,41,20234,1,0,0,0,0,,,"Bandage en étoffe runique de Profanateur",,,,,,,,,,,,,,0xFF01FE,0,0,0,0,6,
3397,1167,8,226,0,0,0,0,0,,,"L'Alterac express",,,,,,,,,,,,,,0xFF01FE,0,0,0,0,6,
3409,1168,8,226,0,0,0,0,0,,,"L'Alterac express",,,,,,,,,,,,,,0xFF01FE,0,0,0,0,6,
3421,1169,8,157,0,0,0,0,0,,,"À la rescousse !",,,,,,,,,,,,,,0xFF01FE,0,0,0,0,6,
3436,1170,8,157,0,0,0,0,0,,,"À la rescousse !",,,,,,,,,,,,,,0xFF01FE,0,0,0,0,6,
3451,1171,8,212,0,0,0,0,0,,,"Au centre du cyclone",,,,,,,,,,,,,,0xFF01FE,0,0,0,0,6,
3466,1172,8,201,0,0,0,0,0,,,"Goulet expédié",,,,,,,,,,,,,,0xFF01FE,0,0,0,0,6,
3481,1173,8,201,0,0,0,0,0,,,"Goulet expédié",,,,,,,,,,,,,,0xFF01FE,0,0,0,0,6,
3493,1174,8,408,0,0,0,0,0,,,"Bonne série",,,,,,,,,,,,,,0xFF01FE,0,0,0,0,6,
3520,1183,28,42255,1,0,0,0,0,,,"Saveur suprême d'Izzard",,,,,,,,,,,,,,0xFF01FE,0,0,0,0,6,
3535,1184,41,33035,1,0,0,0,0,,,"Hydromel ogre",,,,,,,,,,,,,,0xFF01FE,0,0,0,0,6,
3547,1185,41,34064,1,0,0,0,0,,,"Saucisse succulente",,,,,,,,,,,,,,0xFF01FE,0,0,0,0,6,
3565,1187,36,11000,1,0,0,0,0,,,"Clé ombreforge",,,,,,,,,,,,,,0xFF01FE,0,0,0,0,6,
3599,1203,41,33035,1,0,0,0,0,,,"Hydromel ogre",,,,,,,,,,,,,,0xFF01FE,0,0,0,0,6,
3628,1225,72,182953,1,0,0,0,0,,,"Banc de poissons-spores",,,,,,,,,,,,,,0xFF01FE,0,0,0,0,6,
3728,557,49,6,1,0,0,0,0,,,"Jambes",,,,,,,,,,,,,,0xFF01FE,0,0,0,0,6,
3746,1206,54,225,1,0,0,0,0,,,"Vache",,,,,,,,,,,,,,0xFF01FE,0,0,0,0,6,
3767,1244,68,175726,1,0,0,0,0,,,"Le fardeau des Vols draconiques",,,,,,,,,,,,,,0xFF01FE,0,0,0,0,6,
3809,161,1,529,1,0,0,0,0,,,"Rattraper un retard de 500 ressources",,,,,,,,,,,,,,0xFF01FE,2,0,0,0,6,
3859,153,72,180682,1,0,0,0,0,,,"Banc de bouches-noires huileux",,,,,,,,,,,,,,0xFF01FE,2,0,0,0,6,
3888,1262,8,1194,0,0,0,0,0,,,"Dans le Néant",,,,,,,,,,,,,,0xFF01FE,0,0,0,0,6,
3909,45,8,1268,0,0,0,0,0,,,"Bassin de Sholazar",,,,,,,,,,,,,,0xFF01FE,0,0,0,0,6,
3920,1274,8,1194,0,0,0,0,0,,,"Dans le Néant",,,,,,,,,,,,,,0xFF01FE,0,0,0,0,6,
3944,1283,8,633,0,0,0,0,0,,,"Prison de Hurlevent",,,,,,,,,,,,,,0xFF01FE,0,0,0,0,6,
3969,1284,8,652,0,0,0,0,0,,,"L'évasion de Fort-de-Durn",,,,,,,,,,,,,,0xFF01FE,0,0,0,0,6,
4019,1286,8,695,0,0,0,0,0,,,"La bataille du mont Hyjal",,,,,,,,,,,,,,0xFF01FE,0,0,0,0,6,
4028,1287,8,673,0,0,0,0,0,,,"L'évasion de Fort-de-Durn en mode héroïque",,,,,,,,,,,,,,0xFF01FE,0,0,0,0,6,
4045,1288,8,482,0,0,0,0,0,,,"Donjon de Drak'Tharon",,,,,,,,,,,,,,0xFF01FE,0,0,0,0,6,
4061,1289,8,493,0,0,0,0,0,,,"Donjon de Drak'Tharon en mode héroïque",,,,,,,,,,,,,,0xFF01FE,0,0,0,0,6,
4077,1292,36,32919,1,0,0,0,0,,,"Bock de la fête des Brasseurs jaune plein",,,,,,,,,,,,,,0xFF01FE,2,0,0,0,6,
4083,1293,36,33021,1,0,0,0,0,,,"Bock de la fête des Brasseurs bleu plein",,,,,,,,,,,,,,0xFF01FE,2,0,0,0,6,
4127,1264,43,1475,0,0,0,0,0,,,"Le séjour de la Mort",,,,,,,,,,,,,,0xFF01FE,0,0,0,0,6,
4141,1263,43,1500,0,0,0,0,0,,,"Porte d'acier",,,,,,,,,,,,,,0xFF01FE,0,0,0,0,6,
4164,1265,43,1492,0,0,0,0,0,,,"Naxxramas",,,,,,,,,,,,,,0xFF01FE,0,0,0,0,6,
4183,1266,43,1471,0,0,0,0,0,,,"Grisegueule",,,,,,,,,,,,,,0xFF01FE,0,0,0,0,6,
4197,1267,43,1535,0,0,0,0,0,,,"Autel de Quetz'lun",,,,,,,,,,,,,,0xFF01FE,0,0,0,0,6,
4211,1268,43,1549,0,0,0,0,0,,,"Le pilier Solegrâce",,,,,,,,,,,,,,0xFF01FE,0,0,0,0,6,
4271,684,36,17966,1,0,0,0,0,,,"Sac à dos en cuir d'Onyxia",,,,,,,,,,,,,,0xFF01FE,2,0,0,0,6,
4293,345,41,1710,0,0,0,0,0,,,"Potion de soins supérieure",,,,,,,,,,,,,,0xFF01FE,0,0,0,0,6,
4315,922,41,12190,0,0,0,0,0,,,"Potion de sommeil sans rêve",,,,,,,,,,,,,,0xFF01FE,0,0,0,0,6,
4341,923,41,9155,0,0,0,0,0,,,"Elixir des arcanes",,,,,,,,,,,,,,0xFF01FE,0,0,0,0,6,
4416,811,41,22853,0,0,0,0,0,,,"Flacon de puissante restauration",,,,,,,,,,,,,,0xFF01FE,0,0,0,0,6,
4455,687,27,8622,1,0,0,0,0,,,"Haubert d'implorateur de tempête",,,,,,,,,,,,,,0xFF01FE,2,0,0,0,6,
4479,657,27,10884,1,0,0,0,0,,,"L'épreuve des naaru : Miséricorde",,,,,,,,,,,,,,0xFF01FE,2,0,0,0,6,
4509,1311,0,18689,1,0,0,0,0,,,"Estropieur",,,,,,,,,,,,,,0xFF01FE,0,0,0,0,6,
4545,686,36,19138,1,0,0,0,0,,,"Bague de Sulfuras",,,,,,,,,,,,,,0xFF01FE,2,0,0,0,6,
4565,685,36,19376,1,0,0,0,0,,,"Bague de rétorsion d'Archimtiros",,,,,,,,,,,,,,0xFF01FE,2,0,0,0,6,
4601,698,36,34245,1,0,0,0,0,,,"Couvre-chef d'Ursoc le Sage",,,,,,,,,,,,,,0xFF01FE,2,0,0,0,6,
4622,695,36,30912,1,0,0,0,0,,,"Jambières de l'éternité",,,,,,,,,,,,,,0xFF01FE,2,0,0,0,6,
4724,812,41,19009,0,0,0,0,0,,,"Pierre de soins (2)",,,,,,,,,,,,,,0xFF01FE,0,0,0,0,6,
4742,924,46,1090,42000,0,0,0,0,,,"Exalté auprès du Kirin Tor",,,,,,,,,,,,,,0xFF01FE,0,0,0,0,6,
4755,925,46,1015,42000,0,0,0,0,,,"Exalté auprès de l'Aile-du-Néant",,,,,,,,,,,,,,0xFF01FE,0,0,0,0,6,
4773,927,49,10,1,0,0,0,0,,,"Un anneau épique !",,,,,,,,,,,,,,0xFF01FE,0,0,0,0,6,
4792,697,36,32375,1,0,0,0,0,,,"Rempart d'Azzinoth",,,,,,,,,,,,,,0xFF01FE,2,0,0,0,6,
4822,696,36,29990,1,0,0,0,0,,,"Couronne du soleil",,,,,,,,,,,,,,0xFF01FE,2,0,0,0,6,
4852,694,36,30110,1,0,0,0,0,,,"Bague de corail du ranimé",,,,,,,,,,,,,,0xFF01FE,2,0,0,0,6,
4879,693,36,29458,1,0,0,0,0,,,"Egide du redresseur de torts",,,,,,,,,,,,,,0xFF01FE,2,0,0,0,6,
4911,692,36,28804,1,0,0,0,0,,,"Collerette de Cho'gall",,,,,,,,,,,,,,0xFF01FE,2,0,0,0,6,
4953,107,78,0,0,0,0,0,0,,,"Humanoïdes",,,,,,,,,,,,,,0xFF01FE,0,0,0,0,6,
4970,796,28,2010,0,0,0,0,0,,,"Résurrection (Rang 2)",,,,,,,,,,,,,,0xFF01FE,0,0,0,0,6,
4976,798,28,20739,0,0,0,0,0,,,"Renaissance (Rang 2)",,,,,,,,,,,,,,0xFF01FE,0,0,0,0,6,
4982,1229,28,50768,0,0,0,0,0,,,"Ressusciter (Rang 2)",,,,,,,,,,,,,,0xFF01FE,0,0,0,0,6,
4997,350,68,176497,0,0,0,0,0,,,"Portail vers Forgefer",,,,,,,,,,,,,,0xFF01FE,0,0,0,0,6,
5025,388,70,0,50,0,0,0,0,,,"Les Jardins du temple",,,,,,,,,,,,,,0xFF01FE,3,0,0,0,6,
5036,1006,70,0,50,0,0,0,0,,,"Cime des chasseurs",,,,,,,,,,,,,,0xFF01FE,3,0,0,0,6,
5050,1360,8,39,1,0,0,0,0,,,"Dans le bassin",,,,,,,,,,,,,,0xFF01FE,0,0,0,0,6,
5058,1307,27,8999,1,0,0,0,0,,,"Garder le meilleur pour la fin",,,,,,,,,,,,,,0xFF01FE,2,0,0,0,6,
5084,284,36,20563,1,0,0,0,0,,,"Masque d'elfe de la nuit fragile (F)",,,,,,,,,,,,,,0xFF01FE,0,0,0,0,6,
5146,1396,27,13016,1,0,0,0,0,,,"Ancien Nordal au bouclier Transitus",,,,,,,,,,,,,,0xFF01FE,0,0,0,0,6,
5162,913,8,1396,0,0,0,0,0,,,"Anciens du Norfendre",,,,,,,,,,,,,,0xFF01FE,0,0,0,0,6,
5295,1457,43,1603,0,0,0,0,0,,,"Le grand Arbre",,,,,,,,,,,,,,0xFF01FE,0,0,0,0,6,
5318,926,46,510,42000,0,0,0,0,,,"Exalté auprès des Profanateurs",,,,,,,,,,,,,,0xFF01FE,0,0,0,0,6,
5333,1466,46,509,42000,0,0,0,0,,,"Exalté auprès de la ligue d'Arathor",,,,,,,,,,,,,,0xFF01FE,0,0,0,0,6,
5448,1467,0,29304,1,0,0,0,0,,,"Slad'ran",,,,,,,,,,,,,,0xFF01FE,0,0,0,0,6,
5556,1199,40,773,1,0,0,0,0,,,"Calligraphie",,,,,,,,,,,,,,0xFF01FE,0,0,0,0,6,
5567,1201,7,333,450,0,0,0,0,,,"Enchantement",,,,,,,,,,,,,,0xFF01FE,0,0,0,0,6,
5581,1202,7,160,400,0,0,0,0,,,"Masses à deux mains",,,,,,,,,,,,,,0xFF01FE,0,0,0,0,6,
5628,1103,0,27978,1,0,0,0,0,,,"Sjonnir le Sculptefer",,,,,,,,,,,,,,0xFF01FE,0,0,0,0,6,
5667,1516,8,726,0,0,0,0,0,,,"Caisse d'écrevisses magiques de M. Pince-mi",,,,,,,,,,,,,,0xFF01FE,0,0,0,0,6,
5685,1517,72,192059,1,0,0,0,0,,,"Banc de vairons nageverres",,,,,,,,,,,,,,0xFF01FE,0,0,0,0,6,
5778,291,110,44212,1,0,0,0,0,,,"Elfe de la nuit",,,,,,,,,,,,,,0xFF01FE,0,0,0,0,6,
5825,1656,8,1040,0,0,0,0,0,,,"Sanssaint ruinée",,,,,,,,,,,,,,0xFF01FE,0,0,0,0,6,
5837,1657,8,1041,0,0,0,0,0,,,"Sanssaint ruinée",,,,,,,,,,,,,,0xFF01FE,0,0,0,0,6,
5848,1269,43,1584,0,0,0,0,0,,,"Terrasse des Faiseurs",,,,,,,,,,,,,,0xFF01FE,0,0,0,0,6,
5864,1270,43,1572,0,0,0,0,0,,,"Aldur'thar : la Porte de la Désolation",,,,,,,,,,,,,,0xFF01FE,0,0,0,0,6,
5877,1658,0,26723,1,0,0,0,0,,,"Keristrasza : mode héroïque",,,,,,,,,,,,,,0xFF01FE,0,0,0,0,6,
5905,1676,11,1584,700,0,0,0,0,,,"Profondeurs de Rochenoire",,,,,,,,,,,,,,0xFF01FE,3,0,0,0,6,
5957,1677,11,1584,550,0,0,0,0,,,"Profondeurs de Rochenoire",,,,,,,,,,,,,,0xFF01FE,3,0,0,0,6,
6009,1678,11,3525,700,0,0,0,0,,,"Île de Brume-sang",,,,,,,,,,,,,,0xFF01FE,3,0,0,0,6,
6104,1680,11,3525,685,0,0,0,0,,,"Île de Brume-sang",,,,,,,,,,,,,,0xFF01FE,3,0,0,0,6,
6194,879,34,16082,0,0,0,0,0,,,"Palomino",,,,,,,,,,,,,,0xFF01FE,2,0,0,0,6,
6218,727,34,48027,0,0,0,0,0,,,"Elekk de guerre noir",,,,,,,,,,,,,,0xFF01FE,0,0,0,0,6,
6232,1686,110,26004,1,0,0,0,0,,,"Frère Joshua à Hurlevent",,,,,,,,,,,,,,0xFF01FE,0,0,0,0,6,
6242,1687,110,44755,1,0,0,0,0,,,"Chasseur troll",,,,,,,,,,,,,,0xFF01FE,0,0,0,0,6,
6255,1689,27,8768,1,0,0,0,0,,,"Un cadeau à l'emballage multicolore",,,,,,,,,,,,,,0xFF01FE,2,0,0,0,6,
6268,1691,8,279,0,0,0,0,0,,,"A-BO-MI-NA-BLE !",,,,,,,,,,,,,,0xFF01FE,0,0,0,0,6,
6280,1692,8,279,0,0,0,0,0,,,"A-BO-MI-NA-BLE !",,,,,,,,,,,,,,0xFF01FE,0,0,0,0,6,
6316,1699,110,27571,1,0,0,0,0,,,"Druide tauren",,,,,,,,,,,,,,0xFF01FE,0,0,0,0,6,
6329,1701,29,70575,1,0,0,0,0,,,"Tu es à moi !",,,,,,,,,,,,,,0xFF01FE,0,0,0,0,6,
6357,1693,8,1696,0,0,0,0,0,,,"Feu d'artifice rose",,,,,,,,,,,,,,0xFF01FE,0,0,0,0,6,
6372,1707,8,1697,0,0,0,0,0,,,"Nation d'adoration",,,,,,,,,,,,,,0xFF01FE,0,0,0,0,6,
6491,1777,29,58525,1,0,0,0,0,,,"Hareng hanté",,,,,,,,,,,,,,0xFF01FE,0,0,0,0,6,
6607,1563,8,1781,0,0,0,0,0,,,"Les petites bébêtes",,,,,,,,,,,,,,0xFF01FE,0,0,0,0,6,
6623,1784,8,1781,0,0,0,0,0,,,"Les petites bébêtes",,,,,,,,,,,,,,0xFF01FE,0,0,0,0,6,
6656,1788,41,42431,1,0,0,0,0,,,"Brownie de Dalaran",,,,,,,,,,,,,,0xFF01FE,0,0,0,0,6,
6666,1792,36,23002,1,0,0,0,0,,,"Bip-bip",,,,,,,,,,,,,,0xFF01FE,2,0,0,0,6,
6749,1793,8,1790,0,0,0,0,0,,,"Salut au roi, bébé !",,,,,,,,,,,,,,0xFF01FE,0,0,0,0,6,
6766,1800,29,33284,1,0,0,0,0,,,"Croque-ravageur",,,,,,,,,,,,,,0xFF01FE,0,0,0,0,6,
7142,1865,0,29316,1,0,0,0,0,,,"Moragg",,,,,,,,,,,,,,0xFF01FE,0,0,0,0,6,
7147,578,0,15953,1,0,0,0,0,,,"Grande veuve Faerlina",,,,,,,,,,,,,,0xFF01FE,0,0,0,0,6,
7172,579,0,15990,1,0,0,0,0,,,"Kel'Thuzad",,,,,,,,,,,,,,0xFF01FE,0,0,0,0,6,
7234,1683,8,1936,0,0,0,0,0,,,"Puisque je vous dis que je l'ai vu !",,,,,,,,,,,,,,0xFF01FE,0,0,0,0,6,
7241,1956,68,192865,1,0,0,0,0,,,"Les écoles de magie des arcanes - Illusion",,,,,,,,,,,,,,0xFF01FE,0,0,0,0,6,
7249,1957,36,43636,1,0,0,0,0,,,"Pièce d'or de Chromie",,,,,,,,,,,,,,0xFF01FE,0,0,0,0,6,
7283,2016,27,12316,1,0,0,0,0,,,"Ra-baie-ssez l'ennemi",,,,,,,,,,,,,,0xFF01FE,0,0,0,0,6,
7292,2017,27,12432,1,0,0,0,0,,,"À cheval sur la fusée…",,,,,,,,,,,,,,0xFF01FE,0,0,0,0,6,
7305,2019,27,13250,1,0,0,0,0,,,"Preuve de la mort de Gal'darah",,,,,,,,,,,,,,0xFF01FE,0,0,0,0,6,
7337,1038,8,272,0,0,0,0,0,,,"Jongleur",,,,,,,,,,,,,,0xFF01FE,0,0,0,0,6,
7341,1039,8,272,0,0,0,0,0,,,"Jongleur",,,,,,,,,,,,,,0xFF01FE,0,0,0,0,6,
7446,2094,42,43707,1,0,0,0,0,,,"Pièce de cuivre d'Eitrigg",,,,,,,,,,,,,,0xFF01FE,0,0,0,0,6,
7468,2095,42,43677,1,0,0,0,0,,,"Pièce d'argent du Grand Bricoleur Mekkanivelle",,,,,,,,,,,,,,0xFF01FE,0,0,0,0,6,
7500,2136,8,1297,0,0,0,0,0,,,"Hadronox contesté",,,,,,,,,,,,,,0xFF01FE,0,0,0,0,6,
7557,2144,8,1684,0,0,0,0,0,,,"Maître brasseur",,,,,,,,,,,,,,0xFF01FE,0,0,0,0,6,
7564,2145,8,1683,0,0,0,0,0,,,"Maître brasseur",,,,,,,,,,,,,,0xFF01FE,0,0,0,0,6,
7603,2138,8,2186,0,0,0,0,0,,,"Il en restera plus d'un",,,,,,,,,,,,,,0xFF01FE,0,0,0,0,6,
7606,2137,8,2178,0,0,0,0,0,,,"Et c'est le choc !",,,,,,,,,,,,,,0xFF01FE,0,0,0,0,6,
7647,2194,8,1762,0,0,0,0,0,,,"Même pas mal",,,,,,,,,,,,,,0xFF01FE,0,0,0,0,6,
7659,2195,8,2192,0,0,0,0,0,,,"Même pas mal",,,,,,,,,,,,,,0xFF01FE,0,0,0,0,6,
7718,2199,70,0,10,0,0,0,0,,,"Le Chaudron des flammes",,,,,,,,,,,,,,0xFF01FE,0,0,0,0,6,
7729,1752,8,1722,0,0,0,0,0,,,"Archavon le Gardien des pierres",,,,,,,,,,,,,,0xFF01FE,0,0,0,0,6,
7785,322,20,27975,0,0,0,0,0,,,"Damoiselle de peine",,,,,,,,,,,,,,0xFF01FE,0,0,0,0,6,
7813,323,20,16061,0,0,0,0,0,,,"Instructeur Razuvious",,,,,,,,,,,,,,0xFF01FE,0,0,0,0,6,
7846,324,20,28860,0,0,0,0,0,,,"Sartharion",,,,,,,,,,,,,,0xFF01FE,0,0,0,0,6,
7851,799,28,20777,0,0,0,0,0,,,"Esprit ancestral",,,,,,,,,,,,,,0xFF01FE,0,0,0,0,6,
7858,800,28,20772,0,0,0,0,0,,,"Rédemption",,,,,,,,,,,,,,0xFF01FE,0,0,0,0,6,
8105,2256,0,32361,1,0,0,0,0,,,"Corneglace",,,,,,,,,,,,,,0xFF01FE,0,0,0,0,6,
8160,1684,8,303,0,0,0,0,0,,,"Qui veut s'abreuver loin aménage sa monture",,,,,,,,,,,,,,0xFF01FE,0,0,0,0,6,
8695,347,41,20223,0,0,0,0,0,,,"Rations de campagne de Profanateur",,,,,,,,,,,,,,0xFF01FE,2,0,0,0,6,
8765,801,29,20758,0,0,0,0,0,,,"Utilisation de pierre d'âme",,,,,,,,,,,,,,0xFF01FE,0,0,0,0,6,
8823,2336,46,909,42000,0,0,0,0,,,"Exalté auprès de la foire de Sombrelune",,,,,,,,,,,,,,0xFF01FE,0,0,0,0,6,
8919,321,18,20,0,0,0,0,0,,,"Instances à 20",,,,,,,,,,,,,,0xFF01FE,0,0,0,0,6,
8991,346,41,18269,0,0,0,0,0,,,"Grog vert gordok",,,,,,,,,,,,,,0xFF01FE,2,0,0,0,6,
9147,2422,110,61815,1,0,0,0,0,,,"Elfe de la nuit",,,,,,,,,,,,,,0xFF01FE,0,0,0,0,6,
9304,2557,54,225,1,0,0,0,0,,,"Écureuil des Grisonnes",,,,,,,,,,,,,,0xFF01FE,0,0,0,0,6,
9362,2556,0,24174,1,0,0,0,0,,,"Rat du fjord",,,,,,,,,,,,,,0xFF01FE,0,0,0,0,6,
9752,2758,27,13711,1,0,0,0,0,,,"",,,,,,,,,,,,,,0xFF01FF,2,0,0,0,6,
9765,2776,8,1722,0,0,0,0,0,,,"Archavon le Gardien des pierres",,,,,,,,,,,,,,0xFF01FE,0,0,0,0,6,
9868,2797,8,2422,0,0,0,0,0,,,"C'est moi qui pose les lapins",,,,,,,,,,,,,,0xFF01FE,0,0,0,0,6,
9874,2798,8,2497,0,0,0,0,0,,,"Amourette de printemps",,,,,,,,,,,,,,0xFF01FE,0,0,0,0,6,
9903,2816,8,2768,0,0,0,0,0,,,"Champion des Pitons du Tonnerre",,,,,,,,,,,,,,0xFF01FE,0,0,0,0,6,
9909,2817,8,2763,0,0,0,0,0,,,"Champion de Forgefer",,,,,,,,,,,,,,0xFF01FE,0,0,0,0,6,
9919,2836,28,64812,1,0,0,0,0,,,"Sen'jin",,,,,,,,,,,,,,0xFF01FE,0,0,0,0,6,
9976,1770,0,32867,1,0,0,0,0,,,"Assemblée du Fer",,,,,,,,,,,,,,0xFF01FE,0,0,0,0,6,
9977,1756,0,32867,1,0,0,0,0,,,"Assemblée du Fer",,,,,,,,,,,,,,0xFF01FE,0,0,0,0,6,
10105,2957,8,2953,0,0,0,0,0,,,"Pas de bras, pas de chocolat",,,,,,,,,,,,,,0xFF01FE,0,0,0,0,6,
10348,2903,0,32930,1,0,0,0,0,,,"Kologarn",,,,,,,,,,,,,,0xFF01FE,0,0,0,0,6,
10357,2904,0,32930,1,0,0,0,0,,,"Kologarn",,,,,,,,,,,,,,0xFF01FE,0,0,0,0,6,
10370,2958,8,2954,0,0,0,0,0,,,"Pas de bras, pas de chocolat (25 joueurs)",,,,,,,,,,,,,,0xFF01FE,0,0,0,0,6,
10967,303,41,39477,1,0,0,0,0,,,"",,,,,,,,,,,,,,0xFFF3FE,2,0,0,0,6,
11160,3559,110,61781,1,0,0,0,0,,,"Voleur orc",,,,,,,,,,,,,,0xFF01FE,0,0,0,0,6,
11262,3478,8,3558,0,0,0,0,0,,,"La part du pèlerin",,,,,,,,,,,,,,0xFF01FE,0,0,0,0,6,
11271,3656,8,3558,0,0,0,0,0,,,"La part du pèlerin",,,,,,,,,,,,,,0xFF01FE,0,0,0,0,6,
11325,3696,27,13726,1,0,0,0,0,,,"",,,,,,,,,,,,,,0xFFF7FF,2,0,0,0,6,
11507,3857,8,3850,0,0,0,0,0,,,"Fauchés",,,,,,,,,,,,,,0xFF01FE,0,0,0,0,6,
11559,3778,28,68574,1,0,0,0,0,,,"Confesseur d'argent Paletress",,,,,,,,,,,,,,0xFF01FE,0,0,0,0,6,
11754,3957,8,3850,0,0,0,0,0,,,"Fauchés",,,,,,,,,,,,,,0xFF01FE,0,0,0,0,6,
11908,3802,28,68206,1,0,0,0,0,,,"Tonneraan",,,,,,,,,,,,,,0xFF01FE,0,0,0,0,6,
12078,1525,27,13101,1,0,0,0,0,,,"Festin pour l'Abracadabar - Alliance",,,,,,,,,,,,,,0xFF01FE,0,0,0,0,6,
12307,4296,28,68574,1,0,0,0,0,,,"Confesseur d'argent Paletress",,,,,,,,,,,,,,0xFF01FE,0,0,0,0,6,
12315,4297,28,68574,1,0,0,0,0,,,"Confesseur d'argent Paletress",,,,,,,,,,,,,,0xFF01FE,0,0,0,0,6,
12323,4298,28,68574,1,0,0,0,0,,,"Confesseur d'argent Paletress",,,,,,,,,,,,,,0xFF01FE,0,0,0,0,6,
12379,227,13,0,300000,3,628,3,628,,,"Infliger 300 000 points de dégâts sur l'île des Conquérants",,,,,,,,,,,,,,0xFF01FE,11,0,0,0,6,
12578,231,56,0,20,3,628,1,0,,,"Île des Conquérants",,,,,,,,,,,,,,0xFF01FE,11,0,0,0,6,
12623,4416,34,67418,0,0,0,0,0,,,"Jeune ravasaure",,,,,,,,,,,,,,0xFF01FE,2,0,0,0,6,
12683,4456,0,27978,1,0,0,0,0,,,"Sjonnir le Sculptefer",,,,,,,,,,,,,,0xFF01FE,0,0,0,0,6,
12803,4556,0,27978,1,0,0,0,0,,,"Sjonnir le Sculptefer",,,,,,,,,,,,,,0xFF01FE,0,0,0,0,6,
12882,1695,27,24664,1,0,0,0,0,,,"",,,,,,,,,,,,,,0xFF01FC,2,0,0,0,6,
12907,4596,27,24801,0,0,0,0,0,,,"",,,,,,,,,,,,,,0xFF01FC,2,0,0,0,6,
12918,4602,8,4535,0,0,0,0,0,,,"La fête à la maison",,,,,,,,,,,,,,0xFF01FE,0,0,0,0,6,
13005,2093,74,0,1,0,0,0,0,,,"Gladiateur implacable",,,,,,,,,,,,,,0xFF01FE,2,0,0,0,6,
13007,2090,74,0,1,0,0,0,0,,,"Gladiateur implacable",,,,,,,,,,,,,,0xFF01FE,2,0,0,0,6,
13017,4603,8,4611,0,0,0,0,0,,,"La fête à la maison",,,,,,,,,,,,,,0xFF01FE,0,0,0,0,6,
13254,1491,56,0,0,0,0,0,0,,,"Île des Conquérants",,,,,,,,,,,,,,0xFF01FE,0,0,0,0,6,
13260,382,35,0,0,0,0,0,0,,,"Île des Conquérants",,,,,,,,,,,,,,0xFF01FE,0,0,0,0,6,
13309,1104,0,36597,1,0,0,0,0,,,"Le roi-liche",,,,,,,,,,,,,,0xFF01FE,0,0,0,0,6,
13311,1768,0,36597,1,0,0,0,0,,,"Anub'arak",,,,,,,,,,,,,,0xFF01FE,0,0,0,0,6,
13363,1526,27,13830,0,0,0,0,0,,,"Poisson-fantôme",,,,,,,,,,,,,,0xFF01FE,0,0,0,0,6,
13368,839,15,628,0,0,0,0,0,,,"Île des Conquérants",,,,,,,,,,,,,,0xFF01FE,0,0,0,0,6,
13369,840,1,628,0,0,0,0,0,,,"Île des Conquérants",,,,,,,,,,,,,,0xFF01FE,0,0,0,0,6,
13377,4782,36,37893,1,0,0,0,0,,,"Bock de la fête des Brasseurs vert plein",,,,,,,,,,,,,,0xFF01FE,2,0,0,0,6,
13401,4788,34,31433,0,0,0,0,0,,,"",,,,,,,,,,,,,,0xFF01FC,0,0,0,0,6,
13414,4789,34,29613,0,0,0,0,0,,,"",,,,,,,,,,,,,,0xFF01FC,0,0,0,0,6,
87,41,8,38,1,0,0,0,0,,,"Le sommet des pics Foudroyés",,,,,,,,,,,,,,0xFF01FE,0,0,0,0,7,
508,627,43,109,1,0,0,0,0,,,"Ferme des Distillambre",,,,,,,,,,,,,,0xFF01FE,0,0,0,0,7,
622,116,40,755,2,0,0,0,0,,,"Joaillerie",,,,,,,,,,,,,,0xFF01FE,2,0,0,0,7,
656,705,7,229,400,0,0,0,0,,,"Armes d'hast",,,,,,,,,,,,,,0xFF01FE,0,0,0,0,7,
765,700,36,18852,1,0,0,0,0,,,"Insigne de la Horde",,,,,,,,,,,,,,0xFF01FE,2,0,0,0,7,
785,701,36,18859,1,0,0,0,0,,,"Insigne de l'Alliance",,,,,,,,,,,,,,0xFF01FE,2,0,0,0,7,
828,728,43,254,1,0,0,0,0,,,"Terres des Tranchecrins",,,,,,,,,,,,,,0xFF01FE,0,0,0,0,7,
854,731,40,755,3,0,0,0,0,,,"Joaillerie",,,,,,,,,,,,,,0xFF01FE,2,0,0,0,7,
865,732,40,755,4,0,0,0,0,,,"Joaillerie",,,,,,,,,,,,,,0xFF01FE,2,0,0,0,7,
876,733,40,755,5,0,0,0,0,,,"Joaillerie",,,,,,,,,,,,,,0xFF01FE,2,0,0,0,7,
887,734,40,755,6,0,0,0,0,,,"Joaillerie",,,,,,,,,,,,,,0xFF01FE,2,0,0,0,7,
898,735,40,755,6,0,0,0,0,,,"Joaillerie",,,,,,,,,,,,,,0xFF01FE,2,0,0,0,7,
908,736,43,194,1,0,0,0,0,,,"Caravane dévastée",,,,,,,,,,,,,,0xFF01FE,0,0,0,0,7,
923,750,43,467,1,0,0,0,0,,,"Le lieu de l'Honneur",,,,,,,,,,,,,,0xFF01FE,0,0,0,0,7,
953,760,43,447,1,0,0,0,0,,,"Promontoire de Gavin",,,,,,,,,,,,,,0xFF01FE,0,0,0,0,7,
967,761,43,567,1,0,0,0,0,,,"Cercle de lien intérieur",,,,,,,,,,,,,,0xFF01FE,0,0,0,0,7,
1020,765,43,587,1,0,0,0,0,,,"Kargath",,,,,,,,,,,,,,0xFF01FE,0,0,0,0,7,
1034,766,43,827,1,0,0,0,0,,,"Poste Cognepeur",,,,,,,,,,,,,,0xFF01FE,0,0,0,0,7,
1043,768,43,230,1,0,0,0,0,,,"Brill",,,,,,,,,,,,,,0xFF01FE,0,0,0,0,7,
1059,769,43,307,1,0,0,0,0,,,"Le bac délabré",,,,,,,,,,,,,,0xFF01FE,0,0,0,0,7,
1074,770,43,967,1,0,0,0,0,,,"Larmes de Dalson",,,,,,,,,,,,,,0xFF01FE,0,0,0,0,7,
1087,771,43,888,1,0,0,0,0,,,"Balafre pestilentielle",,,,,,,,,,,,,,0xFF01FE,0,0,0,0,7,
1109,772,43,407,1,0,0,0,0,,,"Austrivage",,,,,,,,,,,,,,0xFF01FE,0,0,0,0,7,
1121,773,43,607,1,0,0,0,0,,,"Agol'watha",,,,,,,,,,,,,,0xFF01FE,0,0,0,0,7,
1135,774,43,727,1,0,0,0,0,,,"Vallée des Escarbilles",,,,,,,,,,,,,,0xFF01FE,0,0,0,0,7,
1142,775,43,787,1,0,0,0,0,,,"Bastion des Rochenoires",,,,,,,,,,,,,,0xFF01FE,0,0,0,0,7,
1152,776,43,127,1,0,0,0,0,,,"Tour d'Azora",,,,,,,,,,,,,,0xFF01FE,0,0,0,0,7,
1167,778,43,427,1,0,0,0,0,,,"La ferme des Yorgen",,,,,,,,,,,,,,0xFF01FE,0,0,0,0,7,
1180,779,43,322,1,0,0,0,0,,,"Excavations de Baguefer",,,,,,,,,,,,,,0xFF01FE,0,0,0,0,7,
1192,780,43,368,1,0,0,0,0,,,"Guet-de-pierre",,,,,,,,,,,,,,0xFF01FE,0,0,0,0,7,
1202,781,43,504,1,0,0,0,0,,,"Fontaine des Nek'mani",,,,,,,,,,,,,,0xFF01FE,0,0,0,0,7,
1229,782,43,547,1,0,0,0,0,,,"Bassin des larmes",,,,,,,,,,,,,,0xFF01FE,0,0,0,0,7,
1254,802,43,286,1,0,0,0,0,,,"Carrière de la côte de l'Or",,,,,,,,,,,,,,0xFF01FE,0,0,0,0,7,
1268,841,43,387,1,0,0,0,0,,,"Tombe de Barbe-de-fer",,,,,,,,,,,,,,0xFF01FE,0,0,0,0,7,
1283,42,8,627,1,0,0,0,0,,,"Dun Morogh",,,,,,,,,,,,,,0xFF01FE,0,0,0,0,7,
1305,842,43,92,1,0,0,0,0,,,"Brise-stellaire",,,,,,,,,,,,,,0xFF01FE,0,0,0,0,7,
1320,844,43,347,1,0,0,0,0,,,"Bosquet des Anciens",,,,,,,,,,,,,,0xFF01FE,0,0,0,0,7,
1329,845,43,747,1,0,0,0,0,,,"Astranaar",,,,,,,,,,,,,,0xFF01FE,0,0,0,0,7,
1347,846,43,681,1,0,0,0,0,,,"Les Salines",,,,,,,,,,,,,,0xFF01FE,0,0,0,0,7,
1356,847,43,925,1,0,0,0,0,,,"Combe des Cisailles",,,,,,,,,,,,,,0xFF01FE,0,0,0,0,7,
1375,848,43,769,1,0,0,0,0,,,"Ethel Rethor",,,,,,,,,,,,,,0xFF01FE,0,0,0,0,7,
1385,849,43,986,1,0,0,0,0,,,"Hache-tripes",,,,,,,,,,,,,,0xFF01FE,0,0,0,0,7,
1398,850,43,667,1,0,0,0,0,,,"Île d'Alcaz",,,,,,,,,,,,,,0xFF01FE,0,0,0,0,7,
1415,851,43,652,1,0,0,0,0,,,"Champ des puisatiers",,,,,,,,,,,,,,0xFF01FE,0,0,0,0,7,
1431,852,43,847,1,0,0,0,0,,,"Campement Legashi",,,,,,,,,,,,,,0xFF01FE,0,0,0,0,7,
1446,853,43,867,1,0,0,0,0,,,"Jaedenar",,,,,,,,,,,,,,0xFF01FE,0,0,0,0,7,
1459,854,43,627,1,0,0,0,0,,,"Fosses de goudron de Lakkari",,,,,,,,,,,,,,0xFF01FE,0,0,0,0,7,
1472,856,43,1417,1,0,0,0,0,,,"Halte de Forteramure",,,,,,,,,,,,,,0xFF01FE,0,0,0,0,7,
1481,857,43,1008,1,0,0,0,0,,,"Fourré de l'Aile de la chouette",,,,,,,,,,,,,,0xFF01FE,0,0,0,0,7,
1514,859,43,1135,1,0,0,0,0,,,"Retraite des Pérégrins",,,,,,,,,,,,,,0xFF01FE,0,0,0,0,7,
1538,858,43,1157,1,0,0,0,0,,,"Flèche d'Aubétoile",,,,,,,,,,,,,,0xFF01FE,0,0,0,0,7,
1558,860,43,1369,1,0,0,0,0,,,"Camp de Geezle",,,,,,,,,,,,,,0xFF01FE,0,0,0,0,7,
1579,861,43,1334,1,0,0,0,0,,,"L'enclave des Bras-hirsutes",,,,,,,,,,,,,,0xFF01FE,0,0,0,0,7,
1601,43,8,861,1,0,0,0,0,,,"Île de Brume-sang",,,,,,,,,,,,,,0xFF01FE,0,0,0,0,7,
1627,862,43,1215,1,0,0,0,0,,,"Bassins d'Aggonar",,,,,,,,,,,,,,0xFF01FE,0,0,0,0,7,
1649,863,43,1146,1,0,0,0,0,,,"Telredor",,,,,,,,,,,,,,0xFF01FE,0,0,0,0,7,
1670,864,43,1112,1,0,0,0,0,,,"La Forgemort",,,,,,,,,,,,,,0xFF01FE,0,0,0,0,7,
1690,865,43,1294,1,0,0,0,0,,,"Cercle de sang",,,,,,,,,,,,,,0xFF01FE,0,0,0,0,7,
1715,866,43,1195,1,0,0,0,0,,,"Poste de Berceau-de-l'Été",,,,,,,,,,,,,,0xFF01FE,0,0,0,0,7,
1732,867,43,1173,1,0,0,0,0,,,"Tuurem",,,,,,,,,,,,,,0xFF01FE,0,0,0,0,7,
1764,843,43,1185,1,0,0,0,0,,,"Ruines de Farahlon",,,,,,,,,,,,,,0xFF01FE,0,0,0,0,7,
1788,44,8,864,1,0,0,0,0,,,"Vallée d'Ombrelune",,,,,,,,,,,,,,0xFF01FE,0,0,0,0,7,
1807,220,1,30,1,3,30,3,30,,,"Tour H1 possédée par l'Alliance",,,,,,,,,,,,,,0xFF01FE,6,0,0,0,7,
1816,873,1,30,1,3,30,3,30,,,"Tour H1 possédée par la Horde",,,,,,,,,,,,,,0xFF01FE,6,0,0,0,7,
1842,878,42,13880,1,0,0,0,0,,,"Mérou de 68 livres",,,,,,,,,,,,,,0xFF01FE,0,0,0,0,7,
1850,879,36,12353,1,0,0,0,0,,,"Etalon blanc",,,,,,,,,,,,,,0xFF01FE,2,0,0,0,7,
1937,912,27,8642,1,0,0,0,0,,,"Ancien Veine-argent à Thelsamar",,,,,,,,,,,,,,0xFF01FE,0,0,0,0,7,
1952,911,27,8721,1,0,0,0,0,,,"Ancienne Tissétoile à Auberdine",,,,,,,,,,,,,,0xFF01FE,0,0,0,0,7,
2060,961,27,12734,1,0,0,0,0,,,"Rejek : Premier sang",,,,,,,,,,,,,,0xFF01FE,0,0,0,0,7,
2068,962,27,12735,1,0,0,0,0,,,"Chant de purification",,,,,,,,,,,,,,0xFF01FE,0,0,0,0,7,
2078,963,27,12349,1,0,0,0,0,,,"Marécage d'Âprefange, île de Theramore",,,,,,,,,,,,,,0xFF01FE,0,0,0,0,7,
2106,965,27,12375,1,0,0,0,0,,,"Les Tarides, camp Taurajo",,,,,,,,,,,,,,0xFF01FE,0,0,0,0,7,
2138,966,27,12339,1,0,0,0,0,,,"Loch Modan, Thelsamar",,,,,,,,,,,,,,0xFF01FE,0,0,0,0,7,
2151,967,27,12373,1,0,0,0,0,,,"Les Terres fantômes, Tranquillien",,,,,,,,,,,,,,0xFF01FE,0,0,0,0,7,
2201,969,27,12356,1,0,0,0,0,,,"Forêt de Terokkar, bastion allérien",,,,,,,,,,,,,,0xFF01FE,0,0,0,0,7,
2223,968,27,12391,1,0,0,0,0,,,"Forêt de Terokkar, fort des Brise-pierres",,,,,,,,,,,,,,0xFF01FE,0,0,0,0,7,
2266,979,36,20569,1,0,0,0,0,,,"Masque d'orque fragile",,,,,,,,,,,,,,0xFF01FE,2,0,0,0,7,
2348,556,49,7,1,0,0,0,0,,,"Pieds",,,,,,,,,,,,,,0xFF01FE,0,0,0,0,7,
2365,245,52,4,1,0,0,0,0,,,"Voleur",,,,,,,,,,,,,,0xFF01FE,0,0,0,0,7,
2893,621,57,31779,1,0,0,0,0,,,"Tabard de l'Aldor",,,,,,,,,,,,,,0xFF01FE,2,0,0,0,7,
3069,1022,27,11819,1,0,0,0,0,,,"Contreforts de Hautebrande",,,,,,,,,,,,,,0xFF01FE,0,0,0,0,7,
3082,1023,27,11817,1,0,0,0,0,,,"Féralas",,,,,,,,,,,,,,0xFF01FE,0,0,0,0,7,
3095,1024,27,11829,1,0,0,0,0,,,"Marécage de Zangar",,,,,,,,,,,,,,0xFF01FE,0,0,0,0,7,
3107,1025,27,11584,1,0,0,0,0,,,"Forêt des Pins argentés",,,,,,,,,,,,,,0xFF01FE,0,0,0,0,7,
3118,1026,27,11836,1,0,0,0,0,,,"Silithus",,,,,,,,,,,,,,0xFF01FE,0,0,0,0,7,
3130,1027,27,11863,1,0,0,0,0,,,"Marécage de Zangar",,,,,,,,,,,,,,0xFF01FE,0,0,0,0,7,
3137,1028,27,11580,1,0,0,0,0,,,"Forêt des Pins argentés",,,,,,,,,,,,,,0xFF01FE,0,0,0,0,7,
3148,1029,27,11800,1,0,0,0,0,,,"Silithus",,,,,,,,,,,,,,0xFF01FE,0,0,0,0,7,
3160,1030,27,11787,1,0,0,0,0,,,"Marécage de Zangar",,,,,,,,,,,,,,0xFF01FE,0,0,0,0,7,
3167,1031,27,11748,1,0,0,0,0,,,"Contreforts de Hautebrande",,,,,,,,,,,,,,0xFF01FE,0,0,0,0,7,
3180,1032,27,11746,1,0,0,0,0,,,"Féralas",,,,,,,,,,,,,,0xFF01FE,0,0,0,0,7,
3192,1033,27,11758,1,0,0,0,0,,,"Marécage de Zangar",,,,,,,,,,,,,,0xFF01FE,0,0,0,0,7,
3215,283,28,24741,1,0,0,0,0,,,"Transformé en feu follet",,,,,,,,,,,,,,0xFF01FE,0,0,0,0,7,
3307,344,41,20235,1,0,0,0,0,,,"Bandage en soie de Profanateur",,,,,,,,,,,,,,0xFF01FE,0,0,0,0,7,
3364,227,55,0,300000,3,30,3,30,,,"300 000 points de vie rendus dans la vallée d'Alterac",,,,,,,,,,,,,,0xFF01FE,11,0,0,0,7,
3398,1167,8,223,0,0,0,0,0,,,"La proie la plus faible",,,,,,,,,,,,,,0xFF01FE,0,0,0,0,7,
3410,1168,8,223,0,0,0,0,0,,,"La proie la plus faible",,,,,,,,,,,,,,0xFF01FE,0,0,0,0,7,
3422,1169,8,161,0,0,0,0,0,,,"Victoire arrachée",,,,,,,,,,,,,,0xFF01FE,0,0,0,0,7,
3437,1170,8,161,0,0,0,0,0,,,"Victoire arrachée",,,,,,,,,,,,,,0xFF01FE,0,0,0,0,7,
3452,1171,8,216,0,0,0,0,0,,,"En route pour la gloire",,,,,,,,,,,,,,0xFF01FE,0,0,0,0,7,
3467,1172,8,204,0,0,0,0,0,,,"L'homme de fer",,,,,,,,,,,,,,0xFF01FE,0,0,0,0,7,
3482,1173,8,204,0,0,0,0,0,,,"L'homme de fer",,,,,,,,,,,,,,0xFF01FE,0,0,0,0,7,
3494,1174,8,1162,0,0,0,0,0,,,"Meilleure série",,,,,,,,,,,,,,0xFF01FE,0,0,0,0,7,
3521,1183,28,42264,1,0,0,0,0,,,"Bière ambrée draenique",,,,,,,,,,,,,,0xFF01FE,0,0,0,0,7,
3539,1184,41,33031,1,0,0,0,0,,,"Tonnerre 45",,,,,,,,,,,,,,0xFF01FE,0,0,0,0,7,
3548,1185,41,33043,1,0,0,0,0,,,"Le Bretzel ultime de la fête des Brasseurs",,,,,,,,,,,,,,0xFF01FE,0,0,0,0,7,
3566,1187,36,28395,1,0,0,0,0,,,"Clé des Salles brisées",,,,,,,,,,,,,,0xFF01FE,0,0,0,0,7,
3600,1203,41,34019,1,0,0,0,0,,,"Route-de-la-bière",,,,,,,,,,,,,,0xFF01FE,0,0,0,0,7,
3729,557,49,7,1,0,0,0,0,,,"Pieds",,,,,,,,,,,,,,0xFF01FE,0,0,0,0,7,
3747,1206,54,225,1,0,0,0,0,,,"Crabe",,,,,,,,,,,,,,0xFF01FE,0,0,0,0,7,
3768,1244,68,175761,1,0,0,0,0,,,"Guerre civile dans les Maleterres",,,,,,,,,,,,,,0xFF01FE,0,0,0,0,7,
3810,161,1,529,1,0,0,0,0,,,"Rattraper un retard de 500 ressources",,,,,,,,,,,,,,0xFF01FE,2,0,0,0,7,
3868,153,72,182956,1,0,0,0,0,,,"Banc de dards",,,,,,,,,,,,,,0xFF01FE,2,0,0,0,7,
3889,1262,8,1195,0,0,0,0,0,,,"L'ombre du Traître",,,,,,,,,,,,,,0xFF01FE,0,0,0,0,7,
3921,1274,8,1195,0,0,0,0,0,,,"L'ombre du Traître",,,,,,,,,,,,,,0xFF01FE,0,0,0,0,7,
3945,1283,8,634,0,0,0,0,0,,,"Gnomeregan",,,,,,,,,,,,,,0xFF01FE,0,0,0,0,7,
3970,1284,8,653,0,0,0,0,0,,,"Les salles des Sethekk",,,,,,,,,,,,,,0xFF01FE,0,0,0,0,7,
4020,1286,8,696,0,0,0,0,0,,,"Donjon de la Tempête",,,,,,,,,,,,,,0xFF01FE,0,0,0,0,7,
4029,1287,8,674,0,0,0,0,0,,,"Les salles des Sethekk en mode héroïque",,,,,,,,,,,,,,0xFF01FE,0,0,0,0,7,
4046,1288,8,483,0,0,0,0,0,,,"Le fort Pourpre",,,,,,,,,,,,,,0xFF01FE,0,0,0,0,7,
4062,1289,8,494,0,0,0,0,0,,,"Le fort Pourpre en mode héroïque",,,,,,,,,,,,,,0xFF01FE,0,0,0,0,7,
4128,1264,43,1476,0,0,0,0,0,,,"Frimarra",,,,,,,,,,,,,,0xFF01FE,0,0,0,0,7,
4142,1263,43,1502,0,0,0,0,0,,,"Cap du Forban",,,,,,,,,,,,,,0xFF01FE,0,0,0,0,7,
4165,1265,43,1494,0,0,0,0,0,,,"La Confiance de Lumière",,,,,,,,,,,,,,0xFF01FE,0,0,0,0,7,
4184,1266,43,1472,0,0,0,0,0,,,"Sanctuaire du Croc rageur",,,,,,,,,,,,,,0xFF01FE,0,0,0,0,7,
4198,1267,43,1536,0,0,0,0,0,,,"Autel de Mam'toth",,,,,,,,,,,,,,0xFF01FE,0,0,0,0,7,
4212,1268,43,1550,0,0,0,0,0,,,"La canopée Parlepluie",,,,,,,,,,,,,,0xFF01FE,0,0,0,0,7,
4272,684,36,17067,1,0,0,0,0,,,"Grimoire antique de la pierre angulaire",,,,,,,,,,,,,,0xFF01FE,2,0,0,0,7,
4294,345,41,929,0,0,0,0,0,,,"Potion de soins",,,,,,,,,,,,,,0xFF01FE,0,0,0,0,7,
4316,922,41,20002,0,0,0,0,0,,,"Potion de sommeil sans rêve supérieure",,,,,,,,,,,,,,0xFF01FE,0,0,0,0,7,
4342,923,41,34537,0,0,0,0,0,,,"Elixir de sangrelle",,,,,,,,,,,,,,0xFF01FE,0,0,0,0,7,
4414,811,41,40084,0,0,0,0,0,,,"Flacon de la rage infinie",,,,,,,,,,,,,,0xFF01FE,0,0,0,0,7,
4453,687,27,8627,1,0,0,0,0,,,"Cuirasse de vengeur",,,,,,,,,,,,,,0xFF01FE,2,0,0,0,7,
4510,1311,0,18686,1,0,0,0,0,,,"Auspice funeste Jurim",,,,,,,,,,,,,,0xFF01FE,0,0,0,0,7,
4546,686,36,18814,1,0,0,0,0,,,"Sautoir du seigneur du feu",,,,,,,,,,,,,,0xFF01FE,2,0,0,0,7,
4566,685,36,19364,1,0,0,0,0,,,"Ashkandi, estramaçon de la Confrérie",,,,,,,,,,,,,,0xFF01FE,2,0,0,0,7,
4602,698,36,34332,1,0,0,0,0,,,"Capuche de Gul'dan",,,,,,,,,,,,,,0xFF01FE,2,0,0,0,7,
4623,695,36,30903,1,0,0,0,0,,,"Garde-jambes de la rage infinie",,,,,,,,,,,,,,0xFF01FE,2,0,0,0,7,
4725,812,41,5511,0,0,0,0,0,,,"Pierre de soins inférieure (0)",,,,,,,,,,,,,,0xFF01FE,0,0,0,0,7,
4743,924,46,1098,42000,0,0,0,0,,,"Exalté auprès des chevaliers de la Lame d'ébène",,,,,,,,,,,,,,0xFF01FE,0,0,0,0,7,
4756,925,46,1038,42000,0,0,0,0,,,"Exalté auprès d'Ogri'la",,,,,,,,,,,,,,0xFF01FE,0,0,0,0,7,
4774,927,49,9,1,0,0,0,0,,,"Des gants épiques !",,,,,,,,,,,,,,0xFF01FE,0,0,0,0,7,
4793,697,36,32525,1,0,0,0,0,,,"Capuche de généralissime illidari",,,,,,,,,,,,,,0xFF01FE,2,0,0,0,7,
4823,696,36,29987,1,0,0,0,0,,,"Gantelets du roi-soleil",,,,,,,,,,,,,,0xFF01FE,2,0,0,0,7,
4853,694,36,30103,1,0,0,0,0,,,"Croc de Vashj",,,,,,,,,,,,,,0xFF01FE,2,0,0,0,7,
4880,693,36,28777,1,0,0,0,0,,,"Cape du traqueur des puits",,,,,,,,,,,,,,0xFF01FE,2,0,0,0,7,
4912,692,36,28803,1,0,0,0,0,,,"Capuche du souffle de la nature",,,,,,,,,,,,,,0xFF01FE,2,0,0,0,7,
4954,107,78,0,0,0,0,0,0,,,"Machines",,,,,,,,,,,,,,0xFF01FE,0,0,0,0,7,
4971,796,28,2006,0,0,0,0,0,,,"Résurrection (Rang 1)",,,,,,,,,,,,,,0xFF01FE,0,0,0,0,7,
4977,798,28,20484,0,0,0,0,0,,,"Renaissance (Rang 1)",,,,,,,,,,,,,,0xFF01FE,0,0,0,0,7,
4983,1229,28,50769,0,0,0,0,0,,,"Ressusciter (Rang 1)",,,,,,,,,,,,,,0xFF01FE,0,0,0,0,7,
4998,350,68,176499,0,0,0,0,0,,,"Portail vers Orgrimmar",,,,,,,,,,,,,,0xFF01FE,0,0,0,0,7,
5026,388,70,0,50,0,0,0,0,,,"Terrasse des Marchands",,,,,,,,,,,,,,0xFF01FE,3,0,0,0,7,
5037,1006,70,0,50,0,0,0,0,,,"Cime des Esprits",,,,,,,,,,,,,,0xFF01FE,3,0,0,0,7,
5051,1360,8,38,1,0,0,0,0,,,"Le sommet des pics Foudroyés",,,,,,,,,,,,,,0xFF01FE,0,0,0,0,7,
5059,1307,27,9000,1,0,0,0,0,,,"Garder le meilleur pour la fin",,,,,,,,,,,,,,0xFF01FE,2,0,0,0,7,
5085,284,36,20569,1,0,0,0,0,,,"Masque d'orque fragile",,,,,,,,,,,,,,0xFF01FE,0,0,0,0,7,
5147,1396,27,13018,1,0,0,0,0,,,"Ancien Sablon au terrain d'atterrissage de Rive-du-lac",,,,,,,,,,,,,,0xFF01FE,0,0,0,0,7,
5259,910,27,13017,1,0,0,0,0,,,"Ancien Jarten au donjon d'Utgarde",,,,,,,,,,,,,,0xFF01FE,0,0,0,0,7,
5296,1457,43,1602,0,0,0,0,0,,,"Le Séjour pourpre",,,,,,,,,,,,,,0xFF01FE,0,0,0,0,7,
5298,45,8,1457,0,0,0,0,0,,,"Forêt du Chant de cristal",,,,,,,,,,,,,,0xFF01FE,0,0,0,0,7,
5319,926,46,889,42000,0,0,0,0,,,"Exalté auprès des voltigeurs Chanteguerre",,,,,,,,,,,,,,0xFF01FE,0,0,0,0,7,
5334,1466,46,890,42000,0,0,0,0,,,"Exalté auprès des sentinelles d'Aile-argent",,,,,,,,,,,,,,0xFF01FE,0,0,0,0,7,
5463,1467,0,26693,1,0,0,0,0,,,"Skadi le Brutal",,,,,,,,,,,,,,0xFF01FE,0,0,0,0,7,
5557,1199,40,755,1,0,0,0,0,,,"Joaillerie",,,,,,,,,,,,,,0xFF01FE,0,0,0,0,7,
5571,1201,7,755,450,0,0,0,0,,,"Joaillerie",,,,,,,,,,,,,,0xFF01FE,0,0,0,0,7,
5582,1202,7,473,400,0,0,0,0,,,"Armes de pugilat",,,,,,,,,,,,,,0xFF01FE,0,0,0,0,7,
5623,1103,0,29120,1,0,0,0,0,,,"Anub'arak",,,,,,,,,,,,,,0xFF01FE,0,0,0,0,7,
5668,1516,8,878,0,0,0,0,0,,,"Ça mord !",,,,,,,,,,,,,,0xFF01FE,0,0,0,0,7,
5686,1517,72,192052,1,0,0,0,0,,,"Banc de raies manta impériales",,,,,,,,,,,,,,0xFF01FE,0,0,0,0,7,
5779,291,110,44212,1,0,0,0,0,,,"Orc",,,,,,,,,,,,,,0xFF01FE,0,0,0,0,7,
5826,1656,8,1261,0,0,0,0,0,,,"B.I.G.B.A.N.G.",,,,,,,,,,,,,,0xFF01FE,0,0,0,0,7,
5838,1657,8,1261,0,0,0,0,0,,,"B.I.G.B.A.N.G.",,,,,,,,,,,,,,0xFF01FE,0,0,0,0,7,
5849,1269,43,1587,0,0,0,0,0,,,"Champ de mines de Grilledouille",,,,,,,,,,,,,,0xFF01FE,0,0,0,0,7,
5865,1270,43,1566,0,0,0,0,0,,,"La chute de Sindragosa",,,,,,,,,,,,,,0xFF01FE,0,0,0,0,7,
5879,1658,0,29311,1,0,0,0,0,,,"Héraut Volazj : mode héroïque",,,,,,,,,,,,,,0xFF01FE,0,0,0,0,7,
5906,1676,11,4,700,0,0,0,0,,,"Terres foudroyées",,,,,,,,,,,,,,0xFF01FE,3,0,0,0,7,
5958,1677,11,4,550,0,0,0,0,,,"Terres foudroyées",,,,,,,,,,,,,,0xFF01FE,3,0,0,0,7,
6010,1678,11,148,700,0,0,0,0,,,"Sombrivage",,,,,,,,,,,,,,0xFF01FE,3,0,0,0,7,
6105,1680,11,148,685,0,0,0,0,,,"Sombrivage",,,,,,,,,,,,,,0xFF01FE,3,0,0,0,7,
6219,727,34,22723,0,0,0,0,0,,,"Tigre de guerre noir",,,,,,,,,,,,,,0xFF01FE,0,0,0,0,7,
6233,1686,110,26004,1,0,0,0,0,,,"Frère Crowley à Hurlevent",,,,,,,,,,,,,,0xFF01FE,0,0,0,0,7,
6243,1687,110,44755,1,0,0,0,0,,,"Mage gnome",,,,,,,,,,,,,,0xFF01FE,0,0,0,0,7,
6256,1689,27,8769,1,0,0,0,0,,,"Un cadeau tic-taquant",,,,,,,,,,,,,,0xFF01FE,2,0,0,0,7,
6269,1691,8,1687,0,0,0,0,0,,,"Oh ! Il neige !",,,,,,,,,,,,,,0xFF01FE,0,0,0,0,7,
6281,1692,8,1687,0,0,0,0,0,,,"Oh ! Il neige !",,,,,,,,,,,,,,0xFF01FE,0,0,0,0,7,
6286,913,8,609,0,0,0,0,0,,,"50 pièces des ancêtres",,,,,,,,,,,,,,0xFF01FE,0,0,0,0,7,
6318,1699,110,27571,1,0,0,0,0,,,"Guerrier mort-vivant",,,,,,,,,,,,,,0xFF01FE,0,0,0,0,7,
6330,1701,29,70576,1,0,0,0,0,,,"Tu es irremplaçable !",,,,,,,,,,,,,,0xFF01FE,0,0,0,0,7,
6358,1693,8,1698,0,0,0,0,0,,,"Nation d'adoration",,,,,,,,,,,,,,0xFF01FE,0,0,0,0,7,
6371,1707,8,1696,0,0,0,0,0,,,"Feu d'artifice rose",,,,,,,,,,,,,,0xFF01FE,0,0,0,0,7,
6492,1777,29,58521,1,0,0,0,0,,,"Mammouth de la semaine dernière",,,,,,,,,,,,,,0xFF01FE,0,0,0,0,7,
6624,1563,8,1782,0,0,0,0,0,,,"Les petites bébêtes",,,,,,,,,,,,,,0xFF01FE,0,0,0,0,7,
6625,1784,8,1783,0,0,0,0,0,,,"Les petites bébêtes",,,,,,,,,,,,,,0xFF01FE,0,0,0,0,7,
6657,1788,41,42430,1,0,0,0,0,,,"Beignet de Dalaran",,,,,,,,,,,,,,0xFF01FE,0,0,0,0,7,
6667,1792,34,28738,0,0,0,0,0,,,"Bip-bip",,,,,,,,,,,,,,0xFF01FE,2,0,0,0,7,
6767,1800,29,43758,1,0,0,0,0,,,"Côtelettes foudroyantes",,,,,,,,,,,,,,0xFF01FE,0,0,0,0,7,
7148,578,0,15952,1,0,0,0,0,,,"Maexxna",,,,,,,,,,,,,,0xFF01FE,0,0,0,0,7,
7161,579,0,15952,1,0,0,0,0,,,"Maexxna",,,,,,,,,,,,,,0xFF01FE,0,0,0,0,7,
7242,1956,68,192866,1,0,0,0,0,,,"Les écoles de magie des arcanes - Nécromancie",,,,,,,,,,,,,,0xFF01FE,0,0,0,0,7,
7250,1957,36,43635,1,0,0,0,0,,,"Pièce d'or de Kel'Thuzad",,,,,,,,,,,,,,0xFF01FE,0,0,0,0,7,
7284,2016,27,12314,1,0,0,0,0,,,"Mort au capitaine Zorna !",,,,,,,,,,,,,,0xFF01FE,0,0,0,0,7,
7293,2017,27,12315,1,0,0,0,0,,,"Abattez le capitaine Brilleflot !",,,,,,,,,,,,,,0xFF01FE,0,0,0,0,7,
7306,2019,27,13251,1,0,0,0,0,,,"Preuve de la mort de Mal'Ganis",,,,,,,,,,,,,,0xFF01FE,0,0,0,0,7,
7447,2094,42,43708,1,0,0,0,0,,,"Pièce de cuivre d'Elling Trias",,,,,,,,,,,,,,0xFF01FE,0,0,0,0,7,
7469,2095,42,43683,1,0,0,0,0,,,"Pièce d'argent de Khadgar",,,,,,,,,,,,,,0xFF01FE,0,0,0,0,7,
7501,2136,8,1860,0,0,0,0,0,,,"Quand faut y aller !",,,,,,,,,,,,,,0xFF01FE,0,0,0,0,7,
7558,2144,8,1656,0,0,0,0,0,,,"Que ton nom soit sanssainctifié",,,,,,,,,,,,,,0xFF01FE,0,0,0,0,7,
7565,2145,8,1657,0,0,0,0,0,,,"Que ton nom soit sanssainctifié",,,,,,,,,,,,,,0xFF01FE,0,0,0,0,7,
7607,2138,8,2179,0,0,0,0,0,,,"Et c'est le choc ! (25 joueurs)",,,,,,,,,,,,,,0xFF01FE,0,0,0,0,7,
7610,2137,8,2180,0,0,0,0,0,,,"Soustraction",,,,,,,,,,,,,,0xFF01FE,0,0,0,0,7,
7648,2194,8,1763,0,0,0,0,0,,,"Vétéran de l'artillerie",,,,,,,,,,,,,,0xFF01FE,0,0,0,0,7,
7660,2195,8,1763,0,0,0,0,0,,,"Vétéran de l'artillerie",,,,,,,,,,,,,,0xFF01FE,0,0,0,0,7,
7712,2199,70,0,10,0,0,0,0,,,"L'arène Engloutie",,,,,,,,,,,,,,0xFF01FE,0,0,0,0,7,
7730,1752,8,1721,0,0,0,0,0,,,"Archavon le Gardien des pierres : mode héroïque",,,,,,,,,,,,,,0xFF01FE,0,0,0,0,7,
7788,322,20,28546,0,0,0,0,0,,,"Ionar",,,,,,,,,,,,,,0xFF01FE,0,0,0,0,7,
7815,323,20,15952,0,0,0,0,0,,,"Maexxna",,,,,,,,,,,,,,0xFF01FE,0,0,0,0,7,
7845,324,20,16064,0,0,0,0,0,,,"Thane Korth'azz",,,,,,,,,,,,,,0xFF01FE,0,0,0,0,7,
7850,799,28,25590,0,0,0,0,0,,,"Esprit ancestral",,,,,,,,,,,,,,0xFF01FE,0,0,0,0,7,
7856,800,28,48949,0,0,0,0,0,,,"Rédemption",,,,,,,,,,,,,,0xFF01FE,0,0,0,0,7,
7866,801,28,20759,0,0,0,0,0,,,"Utilisation de pierre d'âme",,,,,,,,,,,,,,0xFF01FE,0,0,0,0,7,
8106,2256,0,32377,1,0,0,0,0,,,"Perobas le Carnassier",,,,,,,,,,,,,,0xFF01FE,0,0,0,0,7,
8694,347,41,20222,0,0,0,0,0,,,"Rations enrichies de Profanateur",,,,,,,,,,,,,,0xFF01FE,2,0,0,0,7,
8824,2336,46,349,42000,0,0,0,0,,,"Exalté auprès de Ravenholdt",,,,,,,,,,,,,,0xFF01FE,0,0,0,0,7,
8993,346,41,19318,0,0,0,0,0,,,"Bouteille d'eau de source d'Alterac",,,,,,,,,,,,,,0xFF01FE,2,0,0,0,7,
9148,2422,110,61815,1,0,0,0,0,,,"Orc",,,,,,,,,,,,,,0xFF01FE,0,0,0,0,7,
9305,2557,54,225,1,0,0,0,0,,,"Crapaud énorme",,,,,,,,,,,,,,0xFF01FE,0,0,0,0,7,
9363,2556,0,32258,1,0,0,0,0,,,"Hanneton doré",,,,,,,,,,,,,,0xFF01FE,0,0,0,0,7,
9753,2758,27,13694,1,0,0,0,0,,,"",,,,,,,,,,,,,,0xFF01FF,2,0,0,0,7,
9766,2776,8,1721,0,0,0,0,0,,,"Archavon le Gardien des pierres : mode héroïque",,,,,,,,,,,,,,0xFF01FE,0,0,0,0,7,
9869,2797,8,2436,0,0,0,0,0,,,"Rose des sables",,,,,,,,,,,,,,0xFF01FE,0,0,0,0,7,
9875,2798,8,2420,0,0,0,0,0,,,"Le Jardin des nobles",,,,,,,,,,,,,,0xFF01FE,0,0,0,0,7,
9920,2836,28,64813,1,0,0,0,0,,,"Lune-d'argent",,,,,,,,,,,,,,0xFF01FE,0,0,0,0,7,
9978,1770,0,32930,1,0,0,0,0,,,"Kologarn",,,,,,,,,,,,,,0xFF01FE,0,0,0,0,7,
9979,1756,0,32930,1,0,0,0,0,,,"Kologarn",,,,,,,,,,,,,,0xFF01FE,0,0,0,0,7,
10111,2957,8,3006,0,0,0,0,0,,,"La vieille dame aux chats",,,,,,,,,,,,,,0xFF01FE,0,0,0,0,7,
10351,2903,0,33515,1,0,0,0,0,,,"Auriaya",,,,,,,,,,,,,,0xFF01FE,0,0,0,0,7,
10363,2904,0,33515,1,0,0,0,0,,,"Auriaya",,,,,,,,,,,,,,0xFF01FE,0,0,0,0,7,
10376,2958,8,3007,0,0,0,0,0,,,"La vieille dame aux chats (25 joueurs)",,,,,,,,,,,,,,0xFF01FE,0,0,0,0,7,
10878,2090,74,0,1,0,0,0,0,,,"Gladiateur fatal",,,,,,,,,,,,,,0xFF01FE,2,0,0,0,7,
10968,303,41,39476,1,0,0,0,0,,,"",,,,,,,,,,,,,,0xFFF3FE,2,0,0,0,7,
11161,3559,110,61781,1,0,0,0,0,,,"Voleur troll",,,,,,,,,,,,,,0xFF01FE,0,0,0,0,7,
11263,3478,8,3582,0,0,0,0,0,,,"La dinde de Draenor",,,,,,,,,,,,,,0xFF01FE,0,0,0,0,7,
11272,3656,8,3582,0,0,0,0,0,,,"La dinde de Draenor",,,,,,,,,,,,,,0xFF01FE,0,0,0,0,7,
11326,3696,27,13727,1,0,0,0,0,,,"",,,,,,,,,,,,,,0xFFF7FF,2,0,0,0,7,
11508,3857,8,3852,0,0,0,0,0,,,"Le fil vert sur le bouton vert, le fil rouge…",,,,,,,,,,,,,,0xFF01FE,0,0,0,0,7,
11560,3778,28,68575,1,0,0,0,0,,,"Eadric le Pur",,,,,,,,,,,,,,0xFF01FE,0,0,0,0,7,
11755,3957,8,3852,0,0,0,0,0,,,"Le fil vert sur le bouton vert, le fil rouge…",,,,,,,,,,,,,,0xFF01FE,0,0,0,0,7,
11909,3802,28,68206,1,0,0,0,0,,,"Chromaggus",,,,,,,,,,,,,,0xFF01FE,0,0,0,0,7,
12079,1525,27,13113,1,0,0,0,0,,,"Festin pour l'Abracadabar - Horde",,,,,,,,,,,,,,0xFF01FE,0,0,0,0,7,
12308,4296,28,68575,1,0,0,0,0,,,"Eadric le Pur",,,,,,,,,,,,,,0xFF01FE,0,0,0,0,7,
12316,4297,28,68575,1,0,0,0,0,,,"Eadric le Pur",,,,,,,,,,,,,,0xFF01FE,0,0,0,0,7,
12324,4298,28,68575,1,0,0,0,0,,,"Eadric le Pur",,,,,,,,,,,,,,0xFF01FE,0,0,0,0,7,
12624,4416,34,67419,0,0,0,0,0,,,"Jeune tranchegueule",,,,,,,,,,,,,,0xFF01FE,2,0,0,0,7,
12684,4456,0,29120,1,0,0,0,0,,,"Anub'arak",,,,,,,,,,,,,,0xFF01FE,0,0,0,0,7,
12804,4556,0,29120,1,0,0,0,0,,,"Anub'arak",,,,,,,,,,,,,,0xFF01FE,0,0,0,0,7,
12883,1695,27,24665,1,0,0,0,0,,,"",,,,,,,,,,,,,,0xFF01FC,2,0,0,0,7,
12919,4602,8,4536,0,0,0,0,0,,,"Je suis sur un bateau",,,,,,,,,,,,,,0xFF01FE,0,0,0,0,7,
13018,4603,8,4612,0,0,0,0,0,,,"Je suis sur un bateau",,,,,,,,,,,,,,0xFF01FE,0,0,0,0,7,
13364,1526,27,13832,0,0,0,0,0,,,"Le joyau des égouts",,,,,,,,,,,,,,0xFF01FE,0,0,0,0,7,
13402,4788,34,29615,0,0,0,0,0,,,"",,,,,,,,,,,,,,0xFF01FC,0,0,0,0,7,
13415,4789,36,29125,1,0,0,0,0,,,"",,,,,,,,,,,,,,0xFF01FC,0,0,0,0,7,
89,41,8,40,1,0,0,0,0,,,"La Couronne de glace : l'objectif final",,,,,,,,,,,,,,0xFF01FE,0,0,0,0,8,
509,627,43,108,1,0,0,0,0,,,"Lac du Lit d'Helm",,,,,,,,,,,,,,0xFF01FE,0,0,0,0,8,
623,116,40,165,2,0,0,0,0,,,"Travail du cuir",,,,,,,,,,,,,,0xFF01FE,2,0,0,0,8,
657,705,7,136,400,0,0,0,0,,,"Bâtons",,,,,,,,,,,,,,0xFF01FE,0,0,0,0,8,
766,700,36,18846,1,0,0,0,0,,,"Insigne de la Horde",,,,,,,,,,,,,,0xFF01FE,2,0,0,0,8,
786,701,36,18854,1,0,0,0,0,,,"Insigne de l'Alliance",,,,,,,,,,,,,,0xFF01FE,2,0,0,0,8,
829,728,43,256,1,0,0,0,0,,,"Falaises du Tonnerre",,,,,,,,,,,,,,0xFF01FE,0,0,0,0,8,
855,731,40,165,3,0,0,0,0,,,"Travail du cuir",,,,,,,,,,,,,,0xFF01FE,2,0,0,0,8,
866,732,40,165,4,0,0,0,0,,,"Travail du cuir",,,,,,,,,,,,,,0xFF01FE,2,0,0,0,8,
877,733,40,165,5,0,0,0,0,,,"Travail du cuir",,,,,,,,,,,,,,0xFF01FE,2,0,0,0,8,
888,734,40,165,6,0,0,0,0,,,"Travail du cuir",,,,,,,,,,,,,,0xFF01FE,2,0,0,0,8,
899,735,40,165,6,0,0,0,0,,,"Travail du cuir",,,,,,,,,,,,,,0xFF01FE,2,0,0,0,8,
916,736,43,196,1,0,0,0,0,,,"Les plaines dorées",,,,,,,,,,,,,,0xFF01FE,0,0,0,0,8,
924,750,43,468,1,0,0,0,0,,,"Ferme de Grol'dom",,,,,,,,,,,,,,0xFF01FE,0,0,0,0,8,
954,760,43,448,1,0,0,0,0,,,"Caverne stérile",,,,,,,,,,,,,,0xFF01FE,0,0,0,0,8,
968,761,43,568,1,0,0,0,0,,,"Viaduc de Thandol",,,,,,,,,,,,,,0xFF01FE,0,0,0,0,8,
1021,765,43,588,1,0,0,0,0,,,"Vallée de la Poussière",,,,,,,,,,,,,,0xFF01FE,0,0,0,0,8,
1035,766,43,828,1,0,0,0,0,,,"La Balafre impure",,,,,,,,,,,,,,0xFF01FE,0,0,0,0,8,
1044,768,43,229,1,0,0,0,0,,,"Antre de Garren",,,,,,,,,,,,,,0xFF01FE,0,0,0,0,8,
1060,769,43,308,1,0,0,0,0,,,"Le Sépulcre",,,,,,,,,,,,,,0xFF01FE,0,0,0,0,8,
1075,770,43,968,1,0,0,0,0,,,"Le Repaire putride",,,,,,,,,,,,,,0xFF01FE,0,0,0,0,8,
1088,771,43,887,1,0,0,0,0,,,"La Croisée de Corin",,,,,,,,,,,,,,0xFF01FE,0,0,0,0,8,
1110,772,43,408,1,0,0,0,0,,,"Champs de Hautebrande",,,,,,,,,,,,,,0xFF01FE,0,0,0,0,8,
1122,773,43,608,1,0,0,0,0,,,"La Ruine aux rampants",,,,,,,,,,,,,,0xFF01FE,0,0,0,0,8,
1143,775,43,788,1,0,0,0,0,,,"Draco'dar",,,,,,,,,,,,,,0xFF01FE,0,0,0,0,8,
1153,776,43,128,1,0,0,0,0,,,"Champ de potirons des Saumepuits",,,,,,,,,,,,,,0xFF01FE,0,0,0,0,8,
1168,778,43,428,1,0,0,0,0,,,"Bosquet de Clairbois",,,,,,,,,,,,,,0xFF01FE,0,0,0,0,8,
1181,779,43,323,1,0,0,0,0,,,"Falaise de Vieillegriffe",,,,,,,,,,,,,,0xFF01FE,0,0,0,0,8,
1193,780,43,369,1,0,0,0,0,,,"Vallée des Etripeurs",,,,,,,,,,,,,,0xFF01FE,0,0,0,0,8,
1203,781,43,505,1,0,0,0,0,,,"Valbrume",,,,,,,,,,,,,,0xFF01FE,0,0,0,0,8,
1230,782,43,548,1,0,0,0,0,,,"Stagalbog",,,,,,,,,,,,,,0xFF01FE,0,0,0,0,8,
1255,802,43,287,1,0,0,0,0,,,"L'acre mort",,,,,,,,,,,,,,0xFF01FE,0,0,0,0,8,
1269,841,43,388,1,0,0,0,0,,,"Dun Modr",,,,,,,,,,,,,,0xFF01FE,0,0,0,0,8,
1284,42,8,778,1,0,0,0,0,,,"Bois de la Pénombre",,,,,,,,,,,,,,0xFF01FE,0,0,0,0,8,
1306,842,43,93,1,0,0,0,0,,,"La Clairière de l'Oracle",,,,,,,,,,,,,,0xFF01FE,0,0,0,0,8,
1321,844,43,348,1,0,0,0,0,,,"Excavations de Songerrance",,,,,,,,,,,,,,0xFF01FE,0,0,0,0,8,
1330,845,43,748,1,0,0,0,0,,,"Lac Iris",,,,,,,,,,,,,,0xFF01FE,0,0,0,0,8,
1348,846,43,688,1,0,0,0,0,,,"Camp E'thok",,,,,,,,,,,,,,0xFF01FE,0,0,0,0,8,
1357,847,43,924,1,0,0,0,0,,,"Retraite de Roche-Soleil",,,,,,,,,,,,,,0xFF01FE,0,0,0,0,8,
1376,848,43,768,1,0,0,0,0,,,"Vallée des Lances",,,,,,,,,,,,,,0xFF01FE,0,0,0,0,8,
1386,849,43,987,1,0,0,0,0,,,"Val des Griffes farouches",,,,,,,,,,,,,,0xFF01FE,0,0,0,0,8,
1416,851,43,651,1,0,0,0,0,,,"Désert Abysséen",,,,,,,,,,,,,,0xFF01FE,0,0,0,0,8,
1432,852,43,848,1,0,0,0,0,,,"Camp de base thalassien",,,,,,,,,,,,,,0xFF01FE,0,0,0,0,8,
1447,853,43,868,1,0,0,0,0,,,"Ruines de Constellas",,,,,,,,,,,,,,0xFF01FE,0,0,0,0,8,
1482,857,43,1009,1,0,0,0,0,,,"Collines des Chardons de glace",,,,,,,,,,,,,,0xFF01FE,0,0,0,0,8,
1491,43,8,845,1,0,0,0,0,,,"Orneval",,,,,,,,,,,,,,0xFF01FE,0,0,0,0,8,
1515,859,43,1137,1,0,0,0,0,,,"Étang des Murmures-sereins",,,,,,,,,,,,,,0xFF01FE,0,0,0,0,8,
1539,858,43,1158,1,0,0,0,0,,,"Enclave des Pérégrins",,,,,,,,,,,,,,0xFF01FE,0,0,0,0,8,
1559,860,43,1370,1,0,0,0,0,,,"Bois frôle-lune",,,,,,,,,,,,,,0xFF01FE,0,0,0,0,8,
1580,861,43,1335,1,0,0,0,0,,,"La croisée de Kessel",,,,,,,,,,,,,,0xFF01FE,0,0,0,0,8,
1628,862,43,1216,1,0,0,0,0,,,"Ruines de Sha'naar",,,,,,,,,,,,,,0xFF01FE,0,0,0,0,8,
1650,863,43,1147,1,0,0,0,0,,,"La Morte-bourbe",,,,,,,,,,,,,,0xFF01FE,0,0,0,0,8,
1671,864,43,1116,1,0,0,0,0,,,"La main de Gul'dan",,,,,,,,,,,,,,0xFF01FE,0,0,0,0,8,
1691,865,43,1295,1,0,0,0,0,,,"Porte de la mort",,,,,,,,,,,,,,0xFF01FE,0,0,0,0,8,
1716,866,43,1196,1,0,0,0,0,,,"Telaar",,,,,,,,,,,,,,0xFF01FE,0,0,0,0,8,
1733,867,43,1176,1,0,0,0,0,,,"Shattrath",,,,,,,,,,,,,,0xFF01FE,0,0,0,0,8,
1765,843,43,1186,1,0,0,0,0,,,"Donjon de la Tempête",,,,,,,,,,,,,,0xFF01FE,0,0,0,0,8,
1808,220,1,30,1,3,30,3,30,,,"Tour A2 possédée par l'Alliance",,,,,,,,,,,,,,0xFF01FE,6,0,0,0,8,
1817,873,1,30,1,3,30,3,30,,,"Tour A2 possédée par la Horde",,,,,,,,,,,,,,0xFF01FE,6,0,0,0,8,
1846,878,42,44703,1,0,0,0,0,,,"Hareng sombre",,,,,,,,,,,,,,0xFF01FE,0,0,0,0,8,
1938,912,27,8675,1,0,0,0,0,,,"Ancienne Chasse-le-ciel sur la colline des Sentinelles",,,,,,,,,,,,,,0xFF01FE,0,0,0,0,8,
1953,911,27,8673,1,0,0,0,0,,,"Ancien Sabot-de-sang à Sabot-de-sang",,,,,,,,,,,,,,0xFF01FE,0,0,0,0,8,
2061,961,27,12758,1,0,0,0,0,,,"Un couvre-chef de héros",,,,,,,,,,,,,,0xFF01FE,0,0,0,0,8,
2069,962,27,12737,1,0,0,0,0,,,"Chant de fécondité",,,,,,,,,,,,,,0xFF01FE,0,0,0,0,8,
2079,963,27,12337,1,0,0,0,0,,,"L'Exodar, Siège du naaru",,,,,,,,,,,,,,0xFF01FE,0,0,0,0,8,
2107,965,27,12374,1,0,0,0,0,,,"Les Tarides, La Croisée",,,,,,,,,,,,,,0xFF01FE,0,0,0,0,8,
2139,966,27,12342,1,0,0,0,0,,,"Les Carmines, Comté-du-lac",,,,,,,,,,,,,,0xFF01FE,0,0,0,0,8,
2152,967,27,12376,1,0,0,0,0,,,"Contreforts de Hautebrande, Moulin-de-Tarren",,,,,,,,,,,,,,0xFF01FE,0,0,0,0,8,
2202,969,27,12355,1,0,0,0,0,,,"Marécage de Zangar, havre d'Orebor",,,,,,,,,,,,,,0xFF01FE,0,0,0,0,8,
2224,968,27,12390,1,0,0,0,0,,,"Marécage de Zangar, Zabra'jin",,,,,,,,,,,,,,0xFF01FE,0,0,0,0,8,
2267,979,36,20571,1,0,0,0,0,,,"Masque de taurène fragile",,,,,,,,,,,,,,0xFF01FE,2,0,0,0,8,
2349,556,49,8,1,0,0,0,0,,,"Poignets",,,,,,,,,,,,,,0xFF01FE,0,0,0,0,8,
2366,245,52,7,1,0,0,0,0,,,"Chaman",,,,,,,,,,,,,,0xFF01FE,0,0,0,0,8,
2894,621,57,20131,1,0,0,0,0,,,"Tabard de bataille des Profanateurs",,,,,,,,,,,,,,0xFF01FE,2,0,0,0,8,
3070,1022,27,11820,1,0,0,0,0,,,"Loch Modan",,,,,,,,,,,,,,0xFF01FE,0,0,0,0,8,
3083,1023,27,11831,1,0,0,0,0,,,"Silithus",,,,,,,,,,,,,,0xFF01FE,0,0,0,0,8,
3108,1025,27,11837,1,0,0,0,0,,,"Vallée de Strangleronce",,,,,,,,,,,,,,0xFF01FE,0,0,0,0,8,
3119,1026,27,11856,1,0,0,0,0,,,"Les Serres-Rocheuses",,,,,,,,,,,,,,0xFF01FE,0,0,0,0,8,
3138,1028,27,11801,1,0,0,0,0,,,"Vallée de Strangleronce",,,,,,,,,,,,,,0xFF01FE,0,0,0,0,8,
3149,1029,27,11780,1,0,0,0,0,,,"Les Serres-Rocheuses",,,,,,,,,,,,,,0xFF01FE,0,0,0,0,8,
3168,1031,27,11749,1,0,0,0,0,,,"Loch Modan",,,,,,,,,,,,,,0xFF01FE,0,0,0,0,8,
3181,1032,27,11760,1,0,0,0,0,,,"Silithus",,,,,,,,,,,,,,0xFF01FE,0,0,0,0,8,
3308,344,41,38640,1,0,0,0,0,,,"Bandage dense en tisse-givre",,,,,,,,,,,,,,0xFF01FE,0,0,0,0,8,
3365,227,55,0,300000,3,529,3,529,,,"300 000 points de vie rendus dans le bassin d'Arathi",,,,,,,,,,,,,,0xFF01FE,11,0,0,0,8,
3399,1167,8,220,0,0,0,0,0,,,"La perfection selon les Foudrepiques",,,,,,,,,,,,,,0xFF01FE,0,0,0,0,8,
3411,1168,8,873,0,0,0,0,0,,,"La perfection selon les Loups-de-givre",,,,,,,,,,,,,,0xFF01FE,0,0,0,0,8,
3423,1169,8,156,0,0,0,0,0,,,"Domination territoriale",,,,,,,,,,,,,,0xFF01FE,0,0,0,0,8,
3438,1170,8,156,0,0,0,0,0,,,"Domination territoriale",,,,,,,,,,,,,,0xFF01FE,0,0,0,0,8,
3453,1171,8,233,0,0,0,0,0,,,"Berserker assoiffé de sang",,,,,,,,,,,,,,0xFF01FE,0,0,0,0,8,
3469,1172,8,203,0,0,0,0,0,,,"Pas de ça chez moi",,,,,,,,,,,,,,0xFF01FE,0,0,0,0,8,
3484,1173,8,1251,0,0,0,0,0,,,"Pas de ça chez moi",,,,,,,,,,,,,,0xFF01FE,0,0,0,0,8,
3496,1174,8,409,0,0,0,0,0,,,"Le dernier debout",,,,,,,,,,,,,,0xFF01FE,0,0,0,0,8,
3522,1183,28,42257,1,0,0,0,0,,,"Brune rochenoire",,,,,,,,,,,,,,0xFF01FE,0,0,0,0,8,
3540,1184,41,33032,1,0,0,0,0,,,"Tonnebière blonde",,,,,,,,,,,,,,0xFF01FE,0,0,0,0,8,
3549,1185,41,33026,1,0,0,0,0,,,"L'Andouille d'or",,,,,,,,,,,,,,0xFF01FE,0,0,0,0,8,
3567,1187,36,7146,1,0,0,0,0,,,"La Clé écarlate",,,,,,,,,,,,,,0xFF01FE,0,0,0,0,8,
3601,1203,41,34017,1,0,0,0,0,,,"Bière Petit-pied",,,,,,,,,,,,,,0xFF01FE,0,0,0,0,8,
3730,557,49,8,1,0,0,0,0,,,"Poignets",,,,,,,,,,,,,,0xFF01FE,0,0,0,0,8,
3748,1206,54,225,1,0,0,0,0,,,"Daim",,,,,,,,,,,,,,0xFF01FE,0,0,0,0,8,
3769,1244,68,175855,1,0,0,0,0,,,"La chute de l'empire",,,,,,,,,,,,,,0xFF01FE,0,0,0,0,8,
3811,161,1,529,1,0,0,0,0,,,"Rattraper un retard de 500 ressources",,,,,,,,,,,,,,0xFF01FE,2,0,0,0,8,
3851,153,72,180900,1,0,0,0,0,,,"Banc abondant de bouches-noires huileux",,,,,,,,,,,,,,0xFF01FE,2,0,0,0,8,
3910,45,8,1269,0,0,0,0,0,,,"Les pics Foudroyés",,,,,,,,,,,,,,0xFF01FE,0,0,0,0,8,
3946,1283,8,635,0,0,0,0,0,,,"Kraal de Tranchebauge",,,,,,,,,,,,,,0xFF01FE,0,0,0,0,8,
3971,1284,8,654,0,0,0,0,0,,,"Labyrinthe des ombres",,,,,,,,,,,,,,0xFF01FE,0,0,0,0,8,
4021,1286,8,697,0,0,0,0,0,,,"Le Temple noir",,,,,,,,,,,,,,0xFF01FE,0,0,0,0,8,
4030,1287,8,675,0,0,0,0,0,,,"Labyrinthe des ombres en mode héroïque",,,,,,,,,,,,,,0xFF01FE,0,0,0,0,8,
4047,1288,8,484,0,0,0,0,0,,,"Gundrak",,,,,,,,,,,,,,0xFF01FE,0,0,0,0,8,
4063,1289,8,495,0,0,0,0,0,,,"Gundrak en mode héroïque",,,,,,,,,,,,,,0xFF01FE,0,0,0,0,8,
4129,1264,43,1480,0,0,0,0,0,,,"Avant-poste de Bor'gorok",,,,,,,,,,,,,,0xFF01FE,0,0,0,0,8,
4143,1263,43,1503,0,0,0,0,0,,,"Nifflevar",,,,,,,,,,,,,,0xFF01FE,0,0,0,0,8,
4166,1265,43,1499,0,0,0,0,0,,,"Brume-glace",,,,,,,,,,,,,,0xFF01FE,0,0,0,0,8,
4185,1266,43,1474,0,0,0,0,0,,,"Thor Modan",,,,,,,,,,,,,,0xFF01FE,0,0,0,0,8,
4199,1267,43,1537,0,0,0,0,0,,,"Autel de Har'koa",,,,,,,,,,,,,,0xFF01FE,0,0,0,0,8,
4213,1268,43,1551,0,0,0,0,0,,,"Le pilier Sang-de-vie",,,,,,,,,,,,,,0xFF01FE,0,0,0,0,8,
4282,684,36,17068,1,0,0,0,0,,,"Porte-mort",,,,,,,,,,,,,,0xFF01FE,2,0,0,0,8,
4295,345,41,858,0,0,0,0,0,,,"Potion de soins inférieure",,,,,,,,,,,,,,0xFF01FE,0,0,0,0,8,
4317,922,41,22836,0,0,0,0,0,,,"Potion de sommeil sans rêve majeure",,,,,,,,,,,,,,0xFF01FE,0,0,0,0,8,
4343,923,41,10592,0,0,0,0,0,,,"Elixir d'oeil de chat",,,,,,,,,,,,,,0xFF01FE,0,0,0,0,8,
4456,687,27,8661,1,0,0,0,0,,,"Robe d'implorateur funeste",,,,,,,,,,,,,,0xFF01FE,2,0,0,0,8,
4511,1311,0,18698,1,0,0,0,0,,,"Permacoeur le Punisseur",,,,,,,,,,,,,,0xFF01FE,0,0,0,0,8,
4547,686,36,18815,1,0,0,0,0,,,"Essence de la Flamme pure",,,,,,,,,,,,,,0xFF01FE,2,0,0,0,8,
4567,685,36,19381,1,0,0,0,0,,,"Bottes de la flamme d'ombre",,,,,,,,,,,,,,0xFF01FE,2,0,0,0,8,
4603,698,36,34339,1,0,0,0,0,,,"Capuche de la pureté de la Lumière",,,,,,,,,,,,,,0xFF01FE,2,0,0,0,8,
4624,695,36,30907,1,0,0,0,0,,,"Cotte de mailles de la poursuite fiévreuse",,,,,,,,,,,,,,0xFF01FE,2,0,0,0,8,
4726,812,41,19006,0,0,0,0,0,,,"Pierre de soins inférieure (1)",,,,,,,,,,,,,,0xFF01FE,0,0,0,0,8,
4744,924,46,1085,42000,0,0,0,0,,,"Exalté auprès de l'Offensive chanteguerre",,,,,,,,,,,,,,0xFF01FE,0,0,0,0,8,
4757,925,46,970,42000,0,0,0,0,,,"Exalté auprès de Sporeggar",,,,,,,,,,,,,,0xFF01FE,0,0,0,0,8,
4775,927,49,0,1,0,0,0,0,,,"Un casque épique !",,,,,,,,,,,,,,0xFF01FE,0,0,0,0,8,
4794,697,36,32500,1,0,0,0,0,,,"Cime de Karabor en cristal",,,,,,,,,,,,,,0xFF01FE,2,0,0,0,8,
4824,696,36,29995,1,0,0,0,0,,,"Jambières des intentions meurtrières",,,,,,,,,,,,,,0xFF01FE,2,0,0,0,8,
4854,694,36,30112,1,0,0,0,0,,,"Gantelets glorieux de découragement",,,,,,,,,,,,,,0xFF01FE,2,0,0,0,8,
4881,693,36,28782,1,0,0,0,0,,,"Bâton coeur-de-cristal à impulsions",,,,,,,,,,,,,,0xFF01FE,2,0,0,0,8,
4913,692,36,28830,1,0,0,0,0,,,"Trophée Epine-de-dragon",,,,,,,,,,,,,,0xFF01FE,2,0,0,0,8,
4955,107,78,0,0,0,0,0,0,,,"Mort-vivant",,,,,,,,,,,,,,0xFF01FE,0,0,0,0,8,
4999,350,68,182352,0,0,0,0,0,,,"Portail vers Lune-d'argent",,,,,,,,,,,,,,0xFF01FE,0,0,0,0,8,
5027,388,70,0,50,0,0,0,0,,,"Terrasse des Guerriers",,,,,,,,,,,,,,0xFF01FE,3,0,0,0,8,
5038,1006,70,0,50,0,0,0,0,,,"Les Bassins de la Vision",,,,,,,,,,,,,,0xFF01FE,3,0,0,0,8,
5052,1360,8,40,1,0,0,0,0,,,"La Couronne de glace : l'objectif final",,,,,,,,,,,,,,0xFF01FE,0,0,0,0,8,
5060,1307,27,9001,1,0,0,0,0,,,"Garder le meilleur pour la fin",,,,,,,,,,,,,,0xFF01FE,2,0,0,0,8,
5086,284,36,20571,1,0,0,0,0,,,"Masque de taurène fragile",,,,,,,,,,,,,,0xFF01FE,0,0,0,0,8,
5148,1396,27,13024,1,0,0,0,0,,,"Ancien Wanikaya aux rapides Parlepluie",,,,,,,,,,,,,,0xFF01FE,0,0,0,0,8,
5260,910,27,13021,1,0,0,0,0,,,"Ancien Igasho au Nexus",,,,,,,,,,,,,,0xFF01FE,0,0,0,0,8,
5297,1457,43,1604,0,0,0,0,0,,,"Le fourré Délié",,,,,,,,,,,,,,0xFF01FE,0,0,0,0,8,
5320,926,46,729,42000,0,0,0,0,,,"Exalté auprès du clan Loup-de-givre",,,,,,,,,,,,,,0xFF01FE,0,0,0,0,8,
5335,1466,46,730,42000,0,0,0,0,,,"Exalté auprès de la garde Foudrepique",,,,,,,,,,,,,,0xFF01FE,0,0,0,0,8,
5436,1467,0,28684,1,0,0,0,0,,,"Krik'thir le Gardien de porte",,,,,,,,,,,,,,0xFF01FE,0,0,0,0,8,
5558,1199,40,165,1,0,0,0,0,,,"Travail du cuir",,,,,,,,,,,,,,0xFF01FE,0,0,0,0,8,
5572,1201,7,165,450,0,0,0,0,,,"Travail du cuir",,,,,,,,,,,,,,0xFF01FE,0,0,0,0,8,
5583,1202,7,46,400,0,0,0,0,,,"Armes à feu",,,,,,,,,,,,,,0xFF01FE,0,0,0,0,8,
5624,1103,0,29311,1,0,0,0,0,,,"Héraut Volazj",,,,,,,,,,,,,,0xFF01FE,0,0,0,0,8,
5669,1516,8,905,0,0,0,0,0,,,"Le vieux Barlo",,,,,,,,,,,,,,0xFF01FE,0,0,0,0,8,
5687,1517,72,192054,1,0,0,0,0,,,"Banc de seiches lueur-de-lune",,,,,,,,,,,,,,0xFF01FE,0,0,0,0,8,
5780,291,110,44212,1,0,0,0,0,,,"Tauren",,,,,,,,,,,,,,0xFF01FE,0,0,0,0,8,
5827,1656,8,291,0,0,0,0,0,,,"Attention à la tête",,,,,,,,,,,,,,0xFF01FE,0,0,0,0,8,
5839,1657,8,291,0,0,0,0,0,,,"Attention à la tête",,,,,,,,,,,,,,0xFF01FE,0,0,0,0,8,
5850,1269,43,1593,0,0,0,0,0,,,"Moteur des Faiseurs",,,,,,,,,,,,,,0xFF01FE,0,0,0,0,8,
5866,1270,43,1573,0,0,0,0,0,,,"Le Valhalas",,,,,,,,,,,,,,0xFF01FE,0,0,0,0,8,
5884,1658,0,28923,1,0,0,0,0,,,"Loken : mode héroïque",,,,,,,,,,,,,,0xFF01FE,0,0,0,0,8,
5907,1676,11,46,700,0,0,0,0,,,"Steppes ardentes",,,,,,,,,,,,,,0xFF01FE,3,0,0,0,8,
5959,1677,11,46,550,0,0,0,0,,,"Steppes ardentes",,,,,,,,,,,,,,0xFF01FE,3,0,0,0,8,
6011,1678,11,405,700,0,0,0,0,,,"Désolace",,,,,,,,,,,,,,0xFF01FE,3,0,0,0,8,
6106,1680,11,405,685,0,0,0,0,,,"Désolace",,,,,,,,,,,,,,0xFF01FE,3,0,0,0,8,
6195,879,34,16083,0,0,0,0,0,,,"Etalon blanc",,,,,,,,,,,,,,0xFF01FE,2,0,0,0,8,
6220,727,34,22721,0,0,0,0,0,,,"Raptor de guerre noir",,,,,,,,,,,,,,0xFF01FE,0,0,0,0,8,
6234,1686,110,26004,1,0,0,0,0,,,"Frère Cassius à Hurlevent",,,,,,,,,,,,,,0xFF01FE,0,0,0,0,8,
6244,1687,110,44755,1,0,0,0,0,,,"Paladin nain",,,,,,,,,,,,,,0xFF01FE,0,0,0,0,8,
6270,1691,8,1685,0,0,0,0,0,,,"Un Voile d'hiver en famille",,,,,,,,,,,,,,0xFF01FE,0,0,0,0,8,
6282,1692,8,1686,0,0,0,0,0,,,"Un Voile d'hiver en famille",,,,,,,,,,,,,,0xFF01FE,0,0,0,0,8,
6287,913,8,626,0,0,0,0,0,,,"Parure de la fête lunaire",,,,,,,,,,,,,,0xFF01FE,0,0,0,0,8,
6317,1699,110,27571,1,0,0,0,0,,,"Voleur troll",,,,,,,,,,,,,,0xFF01FE,0,0,0,0,8,
6331,1701,29,70580,1,0,0,0,0,,,"JE VOUS AIME",,,,,,,,,,,,,,0xFF01FE,0,0,0,0,8,
6359,1693,8,1699,0,0,0,0,0,,,"Poignées d'amour",,,,,,,,,,,,,,0xFF01FE,0,0,0,0,8,
6373,1707,8,1699,0,0,0,0,0,,,"Poignées d'amour",,,,,,,,,,,,,,0xFF01FE,0,0,0,0,8,
6493,1777,29,45549,1,0,0,0,0,,,"Menu de mammouth",,,,,,,,,,,,,,0xFF01FE,0,0,0,0,8,
6631,1563,8,1785,0,0,0,0,0,,,"Un dîner presque parfait",,,,,,,,,,,,,,0xFF01FE,0,0,0,0,8,
6632,1784,8,1785,0,0,0,0,0,,,"Un dîner presque parfait",,,,,,,,,,,,,,0xFF01FE,0,0,0,0,8,
6669,1792,36,32616,1,0,0,0,0,,,"Oeuf d'Egbert",,,,,,,,,,,,,,0xFF01FE,2,0,0,0,8,
6768,1800,29,33292,1,0,0,0,0,,,"Poisson-spore noirci",,,,,,,,,,,,,,0xFF01FE,0,0,0,0,8,
7158,578,0,15989,1,0,0,0,0,,,"Saphiron",,,,,,,,,,,,,,0xFF01FE,0,0,0,0,8,
7171,579,0,15989,1,0,0,0,0,,,"Saphiron",,,,,,,,,,,,,,0xFF01FE,0,0,0,0,8,
7243,1956,68,192867,1,0,0,0,0,,,"Les écoles de magie des arcanes - Transmutation",,,,,,,,,,,,,,0xFF01FE,0,0,0,0,8,
7251,1957,36,43628,1,0,0,0,0,,,"Pièce d'or de Jaina Portvaillant",,,,,,,,,,,,,,0xFF01FE,0,0,0,0,8,
7285,2016,27,12323,1,0,0,0,0,,,"Enfumez-les",,,,,,,,,,,,,,0xFF01FE,0,0,0,0,8,
7294,2017,27,12317,1,0,0,0,0,,,"Ra-baie-ssez l'ennemi",,,,,,,,,,,,,,0xFF01FE,0,0,0,0,8,
7307,2019,27,13252,1,0,0,0,0,,,"Preuve de la mort de Sjonnir le Sculptefer",,,,,,,,,,,,,,0xFF01FE,0,0,0,0,8,
7448,2094,42,43709,1,0,0,0,0,,,"Pièce de cuivre de Falstad Marteau-hardi",,,,,,,,,,,,,,0xFF01FE,0,0,0,0,8,
7470,2095,42,43682,1,0,0,0,0,,,"Pièce d'argent du roi Anasterian Haut-soleil",,,,,,,,,,,,,,0xFF01FE,0,0,0,0,8,
7503,2136,8,1862,0,0,0,0,0,,,"La chute rapide de Volazj",,,,,,,,,,,,,,0xFF01FE,0,0,0,0,8,
7533,2137,8,622,0,0,0,0,0,,,"La défaite du Tisse-sort",,,,,,,,,,,,,,0xFF01FE,0,0,0,0,8,
7559,2144,8,1692,0,0,0,0,0,,,"Joyeuses fêtes !",,,,,,,,,,,,,,0xFF01FE,0,0,0,0,8,
7566,2145,8,1691,0,0,0,0,0,,,"Joyeuses fêtes !",,,,,,,,,,,,,,0xFF01FE,0,0,0,0,8,
7619,2138,8,2177,0,0,0,0,0,,,"Jusqu'à ce que mort s'ensuive (25 joueurs)",,,,,,,,,,,,,,0xFF01FE,0,0,0,0,8,
7649,2194,8,2189,0,0,0,0,0,,,"Expert en artillerie",,,,,,,,,,,,,,0xFF01FE,0,0,0,0,8,
7661,2195,8,2189,0,0,0,0,0,,,"Expert en artillerie",,,,,,,,,,,,,,0xFF01FE,0,0,0,0,8,
7716,2199,70,0,10,0,0,0,0,,,"Tour Bornehiver",,,,,,,,,,,,,,0xFF01FE,0,0,0,0,8,
7732,1752,8,1737,0,0,0,0,0,,,"Derby destructeur",,,,,,,,,,,,,,0xFF01FE,0,0,0,0,8,
7764,322,20,24201,0,0,0,0,0,,,"Dalronn le Contrôleur",,,,,,,,,,,,,,0xFF01FE,0,0,0,0,8,
7824,323,20,16064,0,0,0,0,0,,,"Thane Korth'azz",,,,,,,,,,,,,,0xFF01FE,0,0,0,0,8,
7844,324,20,16063,0,0,0,0,0,,,"Sire Zeliek",,,,,,,,,,,,,,0xFF01FE,0,0,0,0,8,
7857,800,28,20773,0,0,0,0,0,,,"Rédemption",,,,,,,,,,,,,,0xFF01FE,0,0,0,0,8,
8107,2256,0,32386,1,0,0,0,0,,,"Vigdis la Vierge de guerre",,,,,,,,,,,,,,0xFF01FE,0,0,0,0,8,
8693,347,41,20064,0,0,0,0,0,,,"Rations de fer du bassin d'Arathi",,,,,,,,,,,,,,0xFF01FE,2,0,0,0,8,
8739,1689,27,13203,1,0,0,0,0,,,"Cadeau du Voile d'hiver",,,,,,,,,,,,,,0xFF01FE,2,0,0,0,8,
8764,801,29,3026,0,0,0,0,0,,,"Utilisation de pierre d'âme",,,,,,,,,,,,,,0xFF01FE,0,0,0,0,8,
8825,2336,46,809,42000,0,0,0,0,,,"Exalté auprès des Shen'dralar",,,,,,,,,,,,,,0xFF01FE,0,0,0,0,8,
8995,346,41,21241,0,0,0,0,0,,,"Lait de poule du Voile d'hiver",,,,,,,,,,,,,,0xFF01FE,2,0,0,0,8,
9149,2422,110,61815,1,0,0,0,0,,,"Tauren",,,,,,,,,,,,,,0xFF01FE,0,0,0,0,8,
9306,2557,54,225,1,0,0,0,0,,,"Crabe de lave",,,,,,,,,,,,,,0xFF01FE,0,0,0,0,8,
9364,2556,0,16068,1,0,0,0,0,,,"Larve",,,,,,,,,,,,,,0xFF01FE,0,0,0,0,8,
9750,2758,27,13709,1,0,0,0,0,,,"",,,,,,,,,,,,,,0xFF01FF,2,0,0,0,8,
9767,2776,8,2476,0,0,0,0,0,,,"Derby destructeur",,,,,,,,,,,,,,0xFF01FE,0,0,0,0,8,
9870,2797,8,2576,0,0,0,0,0,,,"Jeune mariée",,,,,,,,,,,,,,0xFF01FE,0,0,0,0,8,
9876,2798,8,2422,0,0,0,0,0,,,"C'est moi qui pose les lapins",,,,,,,,,,,,,,0xFF01FE,0,0,0,0,8,
9980,1770,0,33411,1,0,0,0,0,,,"Hodir",,,,,,,,,,,,,,0xFF01FE,0,0,0,0,8,
9981,1756,0,33411,1,0,0,0,0,,,"Hodir",,,,,,,,,,,,,,0xFF01FE,0,0,0,0,8,
10106,2957,8,3182,0,0,0,0,0,,,"Jouons à casse-cache",,,,,,,,,,,,,,0xFF01FE,0,0,0,0,8,
10228,2836,28,64814,1,0,0,0,0,,,"Hurlevent",,,,,,,,,,,,,,0xFF01FE,0,0,0,0,8,
10371,2958,8,3184,0,0,0,0,0,,,"Jouons à casse-cache (25 joueurs)",,,,,,,,,,,,,,0xFF01FE,0,0,0,0,8,
10439,2903,69,64899,1,0,0,0,0,,,"Hodir",,,,,,,,,,,,,,0xFF01FE,0,0,0,0,8,
10719,2904,69,64899,1,0,0,0,0,,,"Hodir",,,,,,,,,,,,,,0xFF01FE,0,0,0,0,8,
10969,303,41,37816,1,0,0,0,0,,,"",,,,,,,,,,,,,,0xFFF5FE,2,0,0,0,8,
11162,3559,110,61781,1,0,0,0,0,,,"Voleur mort-vivant",,,,,,,,,,,,,,0xFF01FE,0,0,0,0,8,
11264,3478,8,3578,0,0,0,0,0,,,"Le dindonator",,,,,,,,,,,,,,0xFF01FE,0,0,0,0,8,
11273,3656,8,3578,0,0,0,0,0,,,"Le dindonator",,,,,,,,,,,,,,0xFF01FE,0,0,0,0,8,
11327,3696,27,13731,1,0,0,0,0,,,"",,,,,,,,,,,,,,0xFFF7FF,2,0,0,0,8,
11509,3857,8,3853,0,0,0,0,0,,,"Présent sur toute l'île",,,,,,,,,,,,,,0xFF01FE,0,0,0,0,8,
11561,3778,28,68663,1,0,0,0,0,,,"Le Chevalier noir",,,,,,,,,,,,,,0xFF01FE,0,0,0,0,8,
11756,3957,8,3853,0,0,0,0,0,,,"Présent sur toute l'île",,,,,,,,,,,,,,0xFF01FE,0,0,0,0,8,
11910,3802,28,68206,1,0,0,0,0,,,"Hakkar",,,,,,,,,,,,,,0xFF01FE,0,0,0,0,8,
12080,1525,27,13102,1,0,0,0,0,,,"Pain de viande aux champignons infusés - Alliance",,,,,,,,,,,,,,0xFF01FE,0,0,0,0,8,
12309,4296,28,68663,1,0,0,0,0,,,"Le Chevalier noir",,,,,,,,,,,,,,0xFF01FE,0,0,0,0,8,
12317,4297,28,68663,1,0,0,0,0,,,"Le Chevalier noir",,,,,,,,,,,,,,0xFF01FE,0,0,0,0,8,
12439,4298,28,68663,1,0,0,0,0,,,"Le Chevalier noir",,,,,,,,,,,,,,0xFF01FE,0,0,0,0,8,
12625,4416,34,67420,0,0,0,0,0,,,"Jeune razzashi",,,,,,,,,,,,,,0xFF01FE,2,0,0,0,8,
12685,4456,0,29311,1,0,0,0,0,,,"Héraut Volazj",,,,,,,,,,,,,,0xFF01FE,0,0,0,0,8,
12805,4556,0,29311,1,0,0,0,0,,,"Héraut Volazj",,,,,,,,,,,,,,0xFF01FE,0,0,0,0,8,
12884,1695,27,24666,1,0,0,0,0,,,"",,,,,,,,,,,,,,0xFF01FC,2,0,0,0,8,
12920,4602,8,4537,0,0,0,0,0,,,"J'ai fait un beau gâchis",,,,,,,,,,,,,,0xFF01FE,0,0,0,0,8,
13019,4603,8,4613,0,0,0,0,0,,,"J'ai fait un beau gâchis",,,,,,,,,,,,,,0xFF01FE,0,0,0,0,8,
13248,811,41,46377,0,0,0,0,0,,,"Flacon de la rage infinie",,,,,,,,,,,,,,0xFF01FE,0,0,0,0,8,
13365,1526,27,13834,0,0,0,0,0,,,"Dangereusement délicieux...",,,,,,,,,,,,,,0xFF01FE,0,0,0,0,8,
13403,4788,36,29123,1,0,0,0,0,,,"",,,,,,,,,,,,,,0xFF01FC,0,0,0,0,8,
13416,4789,36,29126,1,0,0,0,0,,,"",,,,,,,,,,,,,,0xFF01FC,0,0,0,0,8,
510,627,43,107,1,0,0,0,0,,,"Carrière de Gol'Bolar",,,,,,,,,,,,,,0xFF01FE,0,0,0,0,9,
624,116,40,186,2,0,0,0,0,,,"Minage",,,,,,,,,,,,,,0xFF01FE,2,0,0,0,9,
753,705,7,43,400,0,0,0,0,,,"Épées",,,,,,,,,,,,,,0xFF01FE,0,0,0,0,9,
767,700,36,18850,1,0,0,0,0,,,"Insigne de la Horde",,,,,,,,,,,,,,0xFF01FE,2,0,0,0,9,
787,701,36,29593,1,0,0,0,0,,,"Insigne de l'Alliance",,,,,,,,,,,,,,0xFF01FE,2,0,0,0,9,
830,728,43,258,1,0,0,0,0,,,"Ravin asséché",,,,,,,,,,,,,,0xFF01FE,0,0,0,0,9,
856,731,40,186,3,0,0,0,0,,,"Minage",,,,,,,,,,,,,,0xFF01FE,2,0,0,0,9,
867,732,40,186,4,0,0,0,0,,,"Minage",,,,,,,,,,,,,,0xFF01FE,2,0,0,0,9,
878,733,40,186,5,0,0,0,0,,,"Minage",,,,,,,,,,,,,,0xFF01FE,2,0,0,0,9,
889,734,40,186,6,0,0,0,0,,,"Minage",,,,,,,,,,,,,,0xFF01FE,2,0,0,0,9,
900,735,40,186,6,0,0,0,0,,,"Minage",,,,,,,,,,,,,,0xFF01FE,2,0,0,0,9,
909,736,43,198,1,0,0,0,0,,,"Puits Corne-tonnerre",,,,,,,,,,,,,,0xFF01FE,0,0,0,0,9,
925,750,43,469,1,0,0,0,0,,,"Poste de garde extérieur",,,,,,,,,,,,,,0xFF01FE,0,0,0,0,9,
955,760,43,449,1,0,0,0,0,,,"Camp d'internement de Lordamere",,,,,,,,,,,,,,0xFF01FE,0,0,0,0,9,
969,761,43,569,1,0,0,0,0,,,"Hall Rochepoing",,,,,,,,,,,,,,0xFF01FE,0,0,0,0,9,
1022,765,43,589,1,0,0,0,0,,,"Vallée des crocs",,,,,,,,,,,,,,0xFF01FE,0,0,0,0,9,
1036,766,43,829,1,0,0,0,0,,,"Cime du Souilleur",,,,,,,,,,,,,,0xFF01FE,0,0,0,0,9,
1046,768,43,227,1,0,0,0,0,,,"Lac Etincelant",,,,,,,,,,,,,,0xFF01FE,0,0,0,0,9,
1061,769,43,309,1,0,0,0,0,,,"Mine du gouffre d'Elem",,,,,,,,,,,,,,0xFF01FE,0,0,0,0,9,
1076,770,43,969,1,0,0,0,0,,,"Camp de bûcherons de la Crête du nord",,,,,,,,,,,,,,0xFF01FE,0,0,0,0,9,
1089,771,43,886,1,0,0,0,0,,,"Lac Mereldar",,,,,,,,,,,,,,0xFF01FE,0,0,0,0,9,
1111,772,43,409,1,0,0,0,0,,,"Rivage occidental",,,,,,,,,,,,,,0xFF01FE,0,0,0,0,9,
1123,773,43,609,1,0,0,0,0,,,"L'Autel de Zul",,,,,,,,,,,,,,0xFF01FE,0,0,0,0,9,
1144,775,43,789,1,0,0,0,0,,,"Autel des tempêtes",,,,,,,,,,,,,,0xFF01FE,0,0,0,0,9,
1154,776,43,129,1,0,0,0,0,,,"Camp de bûcherons du Val d'est",,,,,,,,,,,,,,0xFF01FE,0,0,0,0,9,
1169,778,43,429,1,0,0,0,0,,,"Le verger pourrissant",,,,,,,,,,,,,,0xFF01FE,0,0,0,0,9,
1182,779,43,324,1,0,0,0,0,,,"Thelsamar",,,,,,,,,,,,,,0xFF01FE,0,0,0,0,9,
1190,780,43,366,1,0,0,0,0,,,"Camp des Etripeurs",,,,,,,,,,,,,,0xFF01FE,0,0,0,0,9,
1204,781,43,506,1,0,0,0,0,,,"Base de la Voile sanglante",,,,,,,,,,,,,,0xFF01FE,0,0,0,0,9,
1231,782,43,549,1,0,0,0,0,,,"Noirchagrin",,,,,,,,,,,,,,0xFF01FE,0,0,0,0,9,
1256,802,43,289,1,0,0,0,0,,,"Ruisselune",,,,,,,,,,,,,,0xFF01FE,0,0,0,0,9,
1270,841,43,389,1,0,0,0,0,,,"Campement de Hargnecroc",,,,,,,,,,,,,,0xFF01FE,0,0,0,0,9,
1287,42,8,772,1,0,0,0,0,,,"Contreforts de Hautebrande",,,,,,,,,,,,,,0xFF01FE,0,0,0,0,9,
1307,842,43,94,1,0,0,0,0,,,"Lac d'Aigue-vive",,,,,,,,,,,,,,0xFF01FE,0,0,0,0,9,
1322,844,43,349,1,0,0,0,0,,,"Le Glaive du Maître",,,,,,,,,,,,,,0xFF01FE,0,0,0,0,9,
1331,845,43,749,1,0,0,0,0,,,"Les ruines de Chimétoile",,,,,,,,,,,,,,0xFF01FE,0,0,0,0,9,
1349,846,43,689,1,0,0,0,0,,,"Haut-perchoir",,,,,,,,,,,,,,0xFF01FE,0,0,0,0,9,
1358,847,43,923,1,0,0,0,0,,,"Le Val calciné",,,,,,,,,,,,,,0xFF01FE,0,0,0,0,9,
1377,848,43,767,1,0,0,0,0,,,"Cimetière des kodos",,,,,,,,,,,,,,0xFF01FE,0,0,0,0,9,
1387,849,43,988,1,0,0,0,0,,,"Hautes-terres des Aigreplumes",,,,,,,,,,,,,,0xFF01FE,0,0,0,0,9,
1417,851,43,650,1,0,0,0,0,,,"Pilier brisé",,,,,,,,,,,,,,0xFF01FE,0,0,0,0,9,
1433,852,43,849,1,0,0,0,0,,,"Ursolan",,,,,,,,,,,,,,0xFF01FE,0,0,0,0,9,
1448,853,43,869,1,0,0,0,0,,,"Vallon des Jadefeu",,,,,,,,,,,,,,0xFF01FE,0,0,0,0,9,
1483,857,43,1011,1,0,0,0,0,,,"Village Tombe-hiver",,,,,,,,,,,,,,0xFF01FE,0,0,0,0,9,
1492,43,8,846,1,0,0,0,0,,,"Mille pointes",,,,,,,,,,,,,,0xFF01FE,0,0,0,0,9,
1516,859,43,1138,1,0,0,0,0,,,"Terres de Ternesoir",,,,,,,,,,,,,,0xFF01FE,0,0,0,0,9,
1540,858,43,1162,1,0,0,0,0,,,"Ziggourat hurlante",,,,,,,,,,,,,,0xFF01FE,0,0,0,0,9,
1560,860,43,1371,1,0,0,0,0,,,"Point d'accostage d'Odesyus",,,,,,,,,,,,,,0xFF01FE,0,0,0,0,9,
1581,861,43,1336,1,0,0,0,0,,,"Ordeval",,,,,,,,,,,,,,0xFF01FE,0,0,0,0,9,
1629,862,43,1217,1,0,0,0,0,,,"Temple de Telhamat",,,,,,,,,,,,,,0xFF01FE,0,0,0,0,9,
1651,863,43,1149,1,0,0,0,0,,,"Le Lagon",,,,,,,,,,,,,,0xFF01FE,0,0,0,0,9,
1672,864,43,1118,1,0,0,0,0,,,"La Cage de la gardienne",,,,,,,,,,,,,,0xFF01FE,0,0,0,0,9,
1692,865,43,1297,1,0,0,0,0,,,"Camp de forge : Colère",,,,,,,,,,,,,,0xFF01FE,0,0,0,0,9,
1717,866,43,1197,1,0,0,0,0,,,"L'arène des épreuves",,,,,,,,,,,,,,0xFF01FE,0,0,0,0,9,
1734,867,43,1276,1,0,0,0,0,,,"Clairière de Raastok",,,,,,,,,,,,,,0xFF01FE,0,0,0,0,9,
1766,843,43,1187,1,0,0,0,0,,,"Le Monceau",,,,,,,,,,,,,,0xFF01FE,0,0,0,0,9,
1809,220,1,30,1,3,30,3,30,,,"Tour H3 possédée par l'Alliance",,,,,,,,,,,,,,0xFF01FE,6,0,0,0,9,
1818,873,1,30,1,3,30,3,30,,,"Tour H3 possédée par la Horde",,,,,,,,,,,,,,0xFF01FE,6,0,0,0,9,
1843,878,42,6364,1,0,0,0,0,,,"Poisson-chat de 32 livres",,,,,,,,,,,,,,0xFF01FE,0,0,0,0,9,
1851,879,36,12330,1,0,0,0,0,,,"Loup rouge",,,,,,,,,,,,,,0xFF01FE,2,0,0,0,9,
1939,912,27,8636,1,0,0,0,0,,,"Ancien Pierre-grondante dans les Steppes ardentes",,,,,,,,,,,,,,0xFF01FE,0,0,0,0,9,
1954,911,27,8725,1,0,0,0,0,,,"Ancienne Chantelonde à Astranaar",,,,,,,,,,,,,,0xFF01FE,0,0,0,0,9,
2080,963,27,12350,1,0,0,0,0,,,"Féralas, bastion de Pennelune",,,,,,,,,,,,,,0xFF01FE,0,0,0,0,9,
2108,965,27,12381,1,0,0,0,0,,,"Désolace, Proie-de-l'Ombre",,,,,,,,,,,,,,0xFF01FE,0,0,0,0,9,
2140,966,27,12336,1,0,0,0,0,,,"Hurlevent, quartier commerçant",,,,,,,,,,,,,,0xFF01FE,0,0,0,0,9,
2153,967,27,12387,1,0,0,0,0,,,"Hinterlands, Village des Vengebroches",,,,,,,,,,,,,,0xFF01FE,0,0,0,0,9,
2203,969,27,12354,1,0,0,0,0,,,"Marécage de Zangar, Telredor",,,,,,,,,,,,,,0xFF01FE,0,0,0,0,9,
2211,968,27,12406,1,0,0,0,0,,,"Les Tranchantes, Bosquet éternel",,,,,,,,,,,,,,0xFF01FE,0,0,0,0,9,
2268,979,36,20567,1,0,0,0,0,,,"Masque de trollesse fragile",,,,,,,,,,,,,,0xFF01FE,2,0,0,0,9,
2350,556,49,9,1,0,0,0,0,,,"Mains",,,,,,,,,,,,,,0xFF01FE,0,0,0,0,9,
2367,245,52,9,1,0,0,0,0,,,"Démoniste",,,,,,,,,,,,,,0xFF01FE,0,0,0,0,9,
2895,621,57,25549,1,0,0,0,0,,,"Tabard de chevalier de sang",,,,,,,,,,,,,,0xFF01FE,2,0,0,0,9,
3071,1022,27,11822,1,0,0,0,0,,,"Les Carmines",,,,,,,,,,,,,,0xFF01FE,0,0,0,0,9,
3084,1023,27,11833,1,0,0,0,0,,,"Tanaris",,,,,,,,,,,,,,0xFF01FE,0,0,0,0,9,
3109,1025,27,11857,1,0,0,0,0,,,"Marais des Chagrins",,,,,,,,,,,,,,0xFF01FE,0,0,0,0,9,
3120,1026,27,11838,1,0,0,0,0,,,"Tanaris",,,,,,,,,,,,,,0xFF01FE,0,0,0,0,9,
3139,1028,27,11781,1,0,0,0,0,,,"Marais des Chagrins",,,,,,,,,,,,,,0xFF01FE,0,0,0,0,9,
3150,1029,27,11802,1,0,0,0,0,,,"Tanaris",,,,,,,,,,,,,,0xFF01FE,0,0,0,0,9,
3169,1031,27,11751,1,0,0,0,0,,,"Les Carmines",,,,,,,,,,,,,,0xFF01FE,0,0,0,0,9,
3182,1032,27,11762,1,0,0,0,0,,,"Tanaris",,,,,,,,,,,,,,0xFF01FE,0,0,0,0,9,
3309,344,41,34721,1,0,0,0,0,,,"Bandage en tisse-givre",,,,,,,,,,,,,,0xFF01FE,0,0,0,0,9,
3366,227,55,0,300000,3,566,3,566,,,"300 000 points de vie rendus dans l'Œil du cyclone",,,,,,,,,,,,,,0xFF01FE,11,0,0,0,9,
3400,1167,8,582,0,0,0,0,0,,,"Vedette de la vallée d'Alterac",,,,,,,,,,,,,,0xFF01FE,0,0,0,0,9,
3412,1168,8,582,0,0,0,0,0,,,"Vedette de la vallée d'Alterac",,,,,,,,,,,,,,0xFF01FE,0,0,0,0,9,
3424,1169,8,159,0,0,0,0,0,,,"Une formalité à régler",,,,,,,,,,,,,,0xFF01FE,0,0,0,0,9,
3439,1170,8,159,0,0,0,0,0,,,"Une formalité à régler",,,,,,,,,,,,,,0xFF01FE,0,0,0,0,9,
3470,1172,8,202,0,0,0,0,0,,,"À toute vitesse",,,,,,,,,,,,,,0xFF01FE,0,0,0,0,9,
3485,1173,8,1502,0,0,0,0,0,,,"À toute vitesse",,,,,,,,,,,,,,0xFF01FE,0,0,0,0,9,
3523,1183,28,42259,1,0,0,0,0,,,"Bière binaire",,,,,,,,,,,,,,0xFF01FE,0,0,0,0,9,
3541,1184,41,33033,1,0,0,0,0,,,"Tonnebière brune",,,,,,,,,,,,,,0xFF01FE,0,0,0,0,9,
3569,1187,36,13704,1,0,0,0,0,,,"Clé squelette",,,,,,,,,,,,,,0xFF01FE,0,0,0,0,9,
3602,1203,41,34022,1,0,0,0,0,,,"Tête-réduite brune",,,,,,,,,,,,,,0xFF01FE,0,0,0,0,9,
3731,557,49,9,1,0,0,0,0,,,"Mains",,,,,,,,,,,,,,0xFF01FE,0,0,0,0,9,
3749,1206,54,225,1,0,0,0,0,,,"Brebis",,,,,,,,,,,,,,0xFF01FE,0,0,0,0,9,
3770,1244,68,175731,1,0,0,0,0,,,"L'exil des hauts-elfes",,,,,,,,,,,,,,0xFF01FE,0,0,0,0,9,
3812,161,1,529,1,0,0,0,0,,,"Rattraper un retard de 500 ressources",,,,,,,,,,,,,,0xFF01FE,2,0,0,0,9,
3862,153,72,180750,1,0,0,0,0,,,"Banc grouillant de bouches-noires huileux",,,,,,,,,,,,,,0xFF01FE,2,0,0,0,9,
3911,45,8,1270,0,0,0,0,0,,,"La Couronne de glace",,,,,,,,,,,,,,0xFF01FE,0,0,0,0,9,
3947,1283,8,636,0,0,0,0,0,,,"Souilles de Tranchebauge",,,,,,,,,,,,,,0xFF01FE,0,0,0,0,9,
3973,1284,8,655,0,0,0,0,0,,,"Ouverture de la Porte des ténèbres",,,,,,,,,,,,,,0xFF01FE,0,0,0,0,9,
4022,1286,8,698,0,0,0,0,0,,,"Plateau du Puits de soleil",,,,,,,,,,,,,,0xFF01FE,0,0,0,0,9,
4032,1287,8,676,0,0,0,0,0,,,"Ouverture de la Porte des ténèbres en mode héroïque",,,,,,,,,,,,,,0xFF01FE,0,0,0,0,9,
4048,1288,8,485,0,0,0,0,0,,,"Les salles de Pierre",,,,,,,,,,,,,,0xFF01FE,0,0,0,0,9,
4064,1289,8,496,0,0,0,0,0,,,"Les salles de Pierre en mode héroïque",,,,,,,,,,,,,,0xFF01FE,0,0,0,0,9,
4130,1264,43,1483,0,0,0,0,0,,,"Escarpement d'Ambre",,,,,,,,,,,,,,0xFF01FE,0,0,0,0,9,
4144,1263,43,1505,0,0,0,0,0,,,"Gjalerbron",,,,,,,,,,,,,,0xFF01FE,0,0,0,0,9,
4167,1265,43,1504,0,0,0,0,0,,,"Sanctuaire draconique émeraude",,,,,,,,,,,,,,0xFF01FE,0,0,0,0,9,
4186,1266,43,1477,0,0,0,0,0,,,"Baie de la KapitalRisk",,,,,,,,,,,,,,0xFF01FE,0,0,0,0,9,
4200,1267,43,1538,0,0,0,0,0,,,"Zim'Torga",,,,,,,,,,,,,,0xFF01FE,0,0,0,0,9,
4214,1268,43,1552,0,0,0,0,0,,,"L'Avalanche",,,,,,,,,,,,,,0xFF01FE,0,0,0,0,9,
4283,684,36,17075,1,0,0,0,0,,,"Vis'kag le Saigneur",,,,,,,,,,,,,,0xFF01FE,2,0,0,0,9,
4296,345,41,17348,0,0,0,0,0,,,"Breuvage de soins majeur",,,,,,,,,,,,,,0xFF01FE,0,0,0,0,9,
4321,922,41,31677,0,0,0,0,0,,,"Potion de mana gangrenée",,,,,,,,,,,,,,0xFF01FE,0,0,0,0,9,
4344,923,41,8423,0,0,0,0,0,,,"Potion de cortex cérébral",,,,,,,,,,,,,,0xFF01FE,0,0,0,0,9,
4417,811,41,13506,0,0,0,0,0,,,"Flacon de pétrification",,,,,,,,,,,,,,0xFF01FE,0,0,0,0,9,
4457,687,27,8633,1,0,0,0,0,,,"Robe de l'énigme",,,,,,,,,,,,,,0xFF01FE,2,0,0,0,9,
4512,1311,0,18678,1,0,0,0,0,,,"Goinfreplein",,,,,,,,,,,,,,0xFF01FE,0,0,0,0,9,
4548,686,36,18816,1,0,0,0,0,,,"Perdition's Blade",,,,,,,,,,,,,,0xFF01FE,2,0,0,0,9,
4568,685,36,19378,1,0,0,0,0,,,"Cape du seigneur des couvées",,,,,,,,,,,,,,0xFF01FE,2,0,0,0,9,
4604,698,36,34345,1,0,0,0,0,,,"Couronne d'Anasterian",,,,,,,,,,,,,,0xFF01FE,2,0,0,0,9,
4625,695,36,30905,1,0,0,0,0,,,"Corselet de minuit",,,,,,,,,,,,,,0xFF01FE,2,0,0,0,9,
4727,812,41,19007,0,0,0,0,0,,,"Pierre de soins inférieure (2)",,,,,,,,,,,,,,0xFF01FE,0,0,0,0,9,
4745,924,46,1067,42000,0,0,0,0,,,"Exalté auprès de la Main de la vengeance",,,,,,,,,,,,,,0xFF01FE,0,0,0,0,9,
4758,925,46,933,42000,0,0,0,0,,,"Exalté auprès du Consortium",,,,,,,,,,,,,,0xFF01FE,0,0,0,0,9,
4776,927,49,6,1,0,0,0,0,,,"Des jambes épiques !",,,,,,,,,,,,,,0xFF01FE,0,0,0,0,9,
4795,697,36,32235,1,0,0,0,0,,,"Vision maudite de Sargeras",,,,,,,,,,,,,,0xFF01FE,2,0,0,0,9,
4825,696,36,29996,1,0,0,0,0,,,"Bâtonnet du roi-soleil",,,,,,,,,,,,,,0xFF01FE,2,0,0,0,9,
4855,694,36,30102,1,0,0,0,0,,,"Cuirasse coeur-de-kraken",,,,,,,,,,,,,,0xFF01FE,2,0,0,0,9,
4882,693,36,28783,1,0,0,0,0,,,"Baguette d'oblitération érédar",,,,,,,,,,,,,,0xFF01FE,2,0,0,0,9,
4914,692,36,28823,1,0,0,0,0,,,"Œil de Gruul",,,,,,,,,,,,,,0xFF01FE,2,0,0,0,9,
4956,107,78,0,0,0,0,0,0,,,"Non spécifiés",,,,,,,,,,,,,,0xFF01FE,0,0,0,0,9,
5000,350,68,189994,0,0,0,0,0,,,"Portail vers Pierrêche",,,,,,,,,,,,,,0xFF01FE,0,0,0,0,9,
5028,388,70,0,50,0,0,0,0,,,"L'Exodar",,,,,,,,,,,,,,0xFF01FE,3,0,0,0,9,
5039,1006,70,0,50,0,0,0,0,,,"Fossoyeuse",,,,,,,,,,,,,,0xFF01FE,3,0,0,0,9,
5061,1307,27,9002,1,0,0,0,0,,,"Garder le meilleur pour la fin",,,,,,,,,,,,,,0xFF01FE,2,0,0,0,9,
5087,284,36,20567,1,0,0,0,0,,,"Masque de trollesse fragile",,,,,,,,,,,,,,0xFF01FE,0,0,0,0,9,
5149,1396,27,13025,1,0,0,0,0,,,"Ancien Lunaro dans les ruines de Téthys",,,,,,,,,,,,,,0xFF01FE,0,0,0,0,9,
5261,910,27,13022,1,0,0,0,0,,,"Ancien Nurgen à Azjol-Nérub",,,,,,,,,,,,,,0xFF01FE,0,0,0,0,9,
5321,926,46,941,42000,0,0,0,0,,,"Exalté auprès des Mag'har",,,,,,,,,,,,,,0xFF01FE,0,0,0,0,9,
5336,1466,46,946,42000,0,0,0,0,,,"Exalté auprès du bastion de l'Honneur",,,,,,,,,,,,,,0xFF01FE,0,0,0,0,9,
5455,1467,0,28586,1,0,0,0,0,,,"Général Bjarngrim",,,,,,,,,,,,,,0xFF01FE,0,0,0,0,9,
5559,1199,40,186,1,0,0,0,0,,,"Minage",,,,,,,,,,,,,,0xFF01FE,0,0,0,0,9,
5573,1201,7,186,450,0,0,0,0,,,"Minage",,,,,,,,,,,,,,0xFF01FE,0,0,0,0,9,
5584,1202,7,45,400,0,0,0,0,,,"Coups",,,,,,,,,,,,,,0xFF01FE,0,0,0,0,9,
5625,1103,0,26632,1,0,0,0,0,,,"Le prophète Tharon'ja",,,,,,,,,,,,,,0xFF01FE,0,0,0,0,9,
5670,1516,8,560,0,0,0,0,0,,,"Prise mortelle",,,,,,,,,,,,,,0xFF01FE,0,0,0,0,9,
5688,1517,72,192046,1,0,0,0,0,,,"Banc de rascasses dos-de-moule",,,,,,,,,,,,,,0xFF01FE,0,0,0,0,9,
5781,291,110,44212,1,0,0,0,0,,,"Troll",,,,,,,,,,,,,,0xFF01FE,0,0,0,0,9,
5828,1656,8,283,0,0,0,0,0,,,"La grande mascarade",,,,,,,,,,,,,,0xFF01FE,0,0,0,0,9,
5840,1657,8,283,0,0,0,0,0,,,"La grande mascarade",,,,,,,,,,,,,,0xFF01FE,0,0,0,0,9,
5851,1269,43,1577,0,0,0,0,0,,,"Temple de la Vie",,,,,,,,,,,,,,0xFF01FE,0,0,0,0,9,
5867,1270,43,1574,0,0,0,0,0,,,"Vallée des Échos",,,,,,,,,,,,,,0xFF01FE,0,0,0,0,9,
5885,1658,0,27656,1,0,0,0,0,,,"Gardien-tellurique Eregos : mode héroïque",,,,,,,,,,,,,,0xFF01FE,0,0,0,0,9,
5908,1676,11,41,700,0,0,0,0,,,"Défilé de Deuillevent",,,,,,,,,,,,,,0xFF01FE,3,0,0,0,9,
5960,1677,11,41,550,0,0,0,0,,,"Défilé de Deuillevent",,,,,,,,,,,,,,0xFF01FE,3,0,0,0,9,
6012,1678,11,2557,700,0,0,0,0,,,"Hache-tripes",,,,,,,,,,,,,,0xFF01FE,3,0,0,0,9,
6107,1680,11,2557,685,0,0,0,0,,,"Hache-tripes",,,,,,,,,,,,,,0xFF01FE,3,0,0,0,9,
6221,727,34,35028,0,0,0,0,0,,,"Faucon de guerre rapide",,,,,,,,,,,,,,0xFF01FE,0,0,0,0,9,
6235,1686,110,26004,1,0,0,0,0,,,"Frère Benjamin à Hurlevent",,,,,,,,,,,,,,0xFF01FE,0,0,0,0,9,
6245,1687,110,44755,1,0,0,0,0,,,"Démoniste elfe de sang",,,,,,,,,,,,,,0xFF01FE,0,0,0,0,9,
6271,1691,8,1688,0,0,0,0,0,,,"Gourmet du Voile d'hiver",,,,,,,,,,,,,,0xFF01FE,0,0,0,0,9,
6283,1692,8,1688,0,0,0,0,0,,,"Gourmet du Voile d'hiver",,,,,,,,,,,,,,0xFF01FE,0,0,0,0,9,
6288,913,8,1281,0,0,0,0,0,,,"Feu d'artifice rouge",,,,,,,,,,,,,,0xFF01FE,0,0,0,0,9,
6319,1699,110,27571,1,0,0,0,0,,,"Mage elfe de sang",,,,,,,,,,,,,,0xFF01FE,0,0,0,0,9,
6361,1693,8,1702,0,0,0,0,0,,,"Bec sucré",,,,,,,,,,,,,,0xFF01FE,0,0,0,0,9,
6375,1707,8,1702,0,0,0,0,0,,,"Bec sucré",,,,,,,,,,,,,,0xFF01FE,0,0,0,0,9,
6494,1777,29,57421,1,0,0,0,0,,,"Ragoût nordique",,,,,,,,,,,,,,0xFF01FE,0,0,0,0,9,
6670,1792,36,32617,1,0,0,0,0,,,"Willy l'Endormi",,,,,,,,,,,,,,0xFF01FE,2,0,0,0,9,
6756,1563,8,1798,0,0,0,0,0,,,"Sous chef",,,,,,,,,,,,,,0xFF01FE,0,0,0,0,9,
6757,1784,8,1798,0,0,0,0,0,,,"Sous chef",,,,,,,,,,,,,,0xFF01FE,0,0,0,0,9,
6769,1800,29,33285,1,0,0,0,0,,,"En-cas sporelin",,,,,,,,,,,,,,0xFF01FE,0,0,0,0,9,
7155,578,0,16011,1,0,0,0,0,,,"Horreb",,,,,,,,,,,,,,0xFF01FE,0,0,0,0,9,
7168,579,0,16011,1,0,0,0,0,,,"Horreb",,,,,,,,,,,,,,0xFF01FE,0,0,0,0,9,
7252,1957,36,43634,1,0,0,0,0,,,"Pièce d'or de dame Katrana Prestor",,,,,,,,,,,,,,0xFF01FE,0,0,0,0,9,
7286,2016,27,12437,1,0,0,0,0,,,"À cheval sur la fusée…",,,,,,,,,,,,,,0xFF01FE,0,0,0,0,9,
7295,2017,27,12324,1,0,0,0,0,,,"Enfumez-les",,,,,,,,,,,,,,0xFF01FE,0,0,0,0,9,
7308,2019,27,13253,1,0,0,0,0,,,"Preuve de la mort de Loken",,,,,,,,,,,,,,0xFF01FE,0,0,0,0,9,
7449,2094,42,43710,1,0,0,0,0,,,"Pièce de cuivre de Genn",,,,,,,,,,,,,,0xFF01FE,0,0,0,0,9,
7471,2095,42,43681,1,0,0,0,0,,,"PIèce d'argent du roi Terenas Menethil",,,,,,,,,,,,,,0xFF01FE,0,0,0,0,9,
7505,2136,8,2038,0,0,0,0,0,,,"Respecter ses anciens",,,,,,,,,,,,,,0xFF01FE,0,0,0,0,9,
7534,2137,8,1874,0,0,0,0,0,,,"L'éternité derrière vous",,,,,,,,,,,,,,0xFF01FE,0,0,0,0,9,
7611,2138,8,2181,0,0,0,0,0,,,"Soustraction (25 joueurs)",,,,,,,,,,,,,,0xFF01FE,0,0,0,0,9,
7650,2194,8,1764,0,0,0,0,0,,,"Lâche ça !",,,,,,,,,,,,,,0xFF01FE,0,0,0,0,9,
7662,2195,8,1764,0,0,0,0,0,,,"Lâche ça !",,,,,,,,,,,,,,0xFF01FE,0,0,0,0,9,
7713,2199,70,0,10,0,0,0,0,,,"Atelier de l'Ouestincelle",,,,,,,,,,,,,,0xFF01FE,0,0,0,0,9,
7734,1752,8,1723,0,0,0,0,0,,,"Massacre à la déchiqueteuse",,,,,,,,,,,,,,0xFF01FE,0,0,0,0,9,
7804,322,20,26533,0,0,0,0,0,,,"Mal'Ganis",,,,,,,,,,,,,,0xFF01FE,0,0,0,0,9,
7823,323,20,16063,0,0,0,0,0,,,"Sire Zeliek",,,,,,,,,,,,,,0xFF01FE,0,0,0,0,9,
7843,324,20,30549,0,0,0,0,0,,,"Baron Vaillefendre",,,,,,,,,,,,,,0xFF01FE,0,0,0,0,9,
7863,801,28,27240,0,0,0,0,0,,,"Utilisation de pierre d'âme",,,,,,,,,,,,,,0xFF01FE,0,0,0,0,9,
8108,2256,0,32398,1,0,0,0,0,,,"Roi Ping",,,,,,,,,,,,,,0xFF01FE,0,0,0,0,9,
8692,347,41,20062,0,0,0,0,0,,,"Rations enrichies du bassin d'Arathi",,,,,,,,,,,,,,0xFF01FE,2,0,0,0,9,
9004,346,41,24006,0,0,0,0,0,,,"Outre de grunt",,,,,,,,,,,,,,0xFF01FE,2,0,0,0,9,
9150,2422,110,61815,1,0,0,0,0,,,"Troll",,,,,,,,,,,,,,0xFF01FE,0,0,0,0,9,
9307,2557,54,225,1,0,0,0,0,,,"Putois des montagnes",,,,,,,,,,,,,,0xFF01FE,0,0,0,0,9,
9365,2556,0,16030,1,0,0,0,0,,,"Asticot",,,,,,,,,,,,,,0xFF01FE,0,0,0,0,9,
9751,2758,27,13695,1,0,0,0,0,,,"",,,,,,,,,,,,,,0xFF01FF,2,0,0,0,9,
9769,2776,8,1723,0,0,0,0,0,,,"Massacre à la déchiqueteuse",,,,,,,,,,,,,,0xFF01FE,0,0,0,0,9,
9921,2836,28,64815,1,0,0,0,0,,,"Les Pitons du Tonnerre",,,,,,,,,,,,,,0xFF01FE,0,0,0,0,9,
9982,1770,0,33413,1,0,0,0,0,,,"Thorim",,,,,,,,,,,,,,0xFF01FE,0,0,0,0,9,
9983,1756,0,33413,1,0,0,0,0,,,"Thorim",,,,,,,,,,,,,,0xFF01FE,0,0,0,0,9,
10107,2957,8,3176,0,0,0,0,0,,,"Bercés d'illusions",,,,,,,,,,,,,,0xFF01FE,0,0,0,0,9,
10372,2958,8,3183,0,0,0,0,0,,,"Bercés d'illusions (25 joueurs)",,,,,,,,,,,,,,0xFF01FE,0,0,0,0,9,
10403,2903,28,64985,1,0,0,0,0,,,"Thorim",,,,,,,,,,,,,,0xFF01FE,0,0,0,0,9,
10404,2904,28,64985,1,0,0,0,0,,,"Thorim",,,,,,,,,,,,,,0xFF01FE,0,0,0,0,9,
11265,3478,8,3559,0,0,0,0,0,,,"Dindonisés",,,,,,,,,,,,,,0xFF01FE,0,0,0,0,9,
11274,3656,8,3559,0,0,0,0,0,,,"Dindonisés",,,,,,,,,,,,,,0xFF01FE,0,0,0,0,9,
11328,3696,27,13728,1,0,0,0,0,,,"",,,,,,,,,,,,,,0xFFF7FF,2,0,0,0,9,
11510,3857,8,3854,0,0,0,0,0,,,"Entrons par la petite porte",,,,,,,,,,,,,,0xFF01FE,0,0,0,0,9,
11757,3957,8,3854,0,0,0,0,0,,,"Entrons par la petite porte",,,,,,,,,,,,,,0xFF01FE,0,0,0,0,9,
11911,3802,28,68206,1,0,0,0,0,,,"Vek'nilash",,,,,,,,,,,,,,0xFF01FE,0,0,0,0,9,
12081,1525,27,13114,1,0,0,0,0,,,"Pain de viande aux champignons infusés - Alliance",,,,,,,,,,,,,,0xFF01FE,0,0,0,0,9,
12626,4416,34,46426,0,0,0,0,0,,,"Chuck",,,,,,,,,,,,,,0xFF01FE,2,0,0,0,9,
12686,4456,69,61863,1,0,0,0,0,,,"Le prophète Tharon'ja",,,,,,,,,,,,,,0xFF01FE,0,0,0,0,9,
12806,4556,69,61863,1,0,0,0,0,,,"Le prophète Tharon'ja",,,,,,,,,,,,,,0xFF01FE,0,0,0,0,9,
12885,1695,27,24638,1,0,0,0,0,,,"",,,,,,,,,,,,,,0xFF01FC,2,0,0,0,9,
12921,4602,8,4538,0,0,0,0,0,,,"Danse avec les limons",,,,,,,,,,,,,,0xFF01FE,0,0,0,0,9,
13020,4603,8,4614,0,0,0,0,0,,,"Danse avec les limons",,,,,,,,,,,,,,0xFF01FE,0,0,0,0,9,
13256,1689,27,13966,1,0,0,0,0,,,"Cadeau du Voile d'hiver",,,,,,,,,,,,,,0xFF01FE,2,0,0,0,9,
13366,1526,27,13836,0,0,0,0,0,,,"Un appétit d'ogre",,,,,,,,,,,,,,0xFF01FE,0,0,0,0,9,
13404,4788,36,29124,1,0,0,0,0,,,"",,,,,,,,,,,,,,0xFF01FC,0,0,0,0,9,
13417,4789,36,28910,1,0,0,0,0,,,"",,,,,,,,,,,,,,0xFF01FC,0,0,0,0,9,
511,627,43,105,1,0,0,0,0,,,"Avant-poste de la porte Nord",,,,,,,,,,,,,,0xFF01FE,0,0,0,0,10,
625,116,40,393,2,0,0,0,0,,,"Dépeçage",,,,,,,,,,,,,,0xFF01FE,2,0,0,0,10,
754,705,7,172,400,0,0,0,0,,,"Haches à deux mains",,,,,,,,,,,,,,0xFF01FE,0,0,0,0,10,
768,700,36,28239,1,0,0,0,0,,,"Médaillon de la Horde",,,,,,,,,,,,,,0xFF01FE,2,0,0,0,10,
788,701,36,28234,1,0,0,0,0,,,"Médaillon de l'Alliance",,,,,,,,,,,,,,0xFF01FE,2,0,0,0,10,
831,728,43,260,1,0,0,0,0,,,"Rocher du crâne",,,,,,,,,,,,,,0xFF01FE,0,0,0,0,10,
857,731,40,393,3,0,0,0,0,,,"Dépeçage",,,,,,,,,,,,,,0xFF01FE,2,0,0,0,10,
868,732,40,393,4,0,0,0,0,,,"Dépeçage",,,,,,,,,,,,,,0xFF01FE,2,0,0,0,10,
879,733,40,393,5,0,0,0,0,,,"Dépeçage",,,,,,,,,,,,,,0xFF01FE,2,0,0,0,10,
890,734,40,393,6,0,0,0,0,,,"Dépeçage",,,,,,,,,,,,,,0xFF01FE,2,0,0,0,10,
901,735,40,393,6,0,0,0,0,,,"Dépeçage",,,,,,,,,,,,,,0xFF01FE,2,0,0,0,10,
910,736,43,200,1,0,0,0,0,,,"Site de fouilles de Bael'Dun",,,,,,,,,,,,,,0xFF01FE,0,0,0,0,10,
926,750,43,470,1,0,0,0,0,,,"Colline des épines",,,,,,,,,,,,,,0xFF01FE,0,0,0,0,10,
956,760,43,450,1,0,0,0,0,,,"Rivage brumeux",,,,,,,,,,,,,,0xFF01FE,0,0,0,0,10,
970,761,43,570,1,0,0,0,0,,,"Refuge de l'Ornière",,,,,,,,,,,,,,0xFF01FE,0,0,0,0,10,
1023,765,43,590,1,0,0,0,0,,,"Forteresse d'Angor",,,,,,,,,,,,,,0xFF01FE,0,0,0,0,10,
1047,768,43,226,1,0,0,0,0,,,"Ferme des Balnir",,,,,,,,,,,,,,0xFF01FE,0,0,0,0,10,
1062,769,43,310,1,0,0,0,0,,,"Ferme des Olsen",,,,,,,,,,,,,,0xFF01FE,0,0,0,0,10,
1077,770,43,970,1,0,0,0,0,,,"Âtreval",,,,,,,,,,,,,,0xFF01FE,0,0,0,0,10,
1090,771,43,885,1,0,0,0,0,,,"Main de Tyr",,,,,,,,,,,,,,0xFF01FE,0,0,0,0,10,
1112,772,43,410,1,0,0,0,0,,,"Mine de Veine-azur",,,,,,,,,,,,,,0xFF01FE,0,0,0,0,10,
1124,773,43,610,1,0,0,0,0,,,"Seradane",,,,,,,,,,,,,,0xFF01FE,0,0,0,0,10,
1145,775,43,901,1,0,0,0,0,,,"Mont Rochenoire",,,,,,,,,,,,,,0xFF01FE,0,0,0,0,10,
1155,776,43,130,1,0,0,0,0,,,"Tour de la Crête",,,,,,,,,,,,,,0xFF01FE,0,0,0,0,10,
1170,778,43,430,1,0,0,0,0,,,"Cimetière des jardins paisibles",,,,,,,,,,,,,,0xFF01FE,0,0,0,0,10,
1183,779,43,325,1,0,0,0,0,,,"Vallée des Brisepierre",,,,,,,,,,,,,,0xFF01FE,0,0,0,0,10,
1194,780,43,370,1,0,0,0,0,,,"Chutes de Guet-de-pierre",,,,,,,,,,,,,,0xFF01FE,0,0,0,0,10,
1205,781,43,507,1,0,0,0,0,,,"Ruines d'Aboraz",,,,,,,,,,,,,,0xFF01FE,0,0,0,0,10,
1232,782,43,550,1,0,0,0,0,,,"Sanctuaire des friches",,,,,,,,,,,,,,0xFF01FE,0,0,0,0,10,
1257,802,43,290,1,0,0,0,0,,,"Ferme des Alexston",,,,,,,,,,,,,,0xFF01FE,0,0,0,0,10,
1271,841,43,390,1,0,0,0,0,,,"Dun Algaz",,,,,,,,,,,,,,0xFF01FE,0,0,0,0,10,
1288,42,8,779,1,0,0,0,0,,,"Loch Modan",,,,,,,,,,,,,,0xFF01FE,0,0,0,0,10,
1308,842,43,85,1,0,0,0,0,,,"Darnassus",,,,,,,,,,,,,,0xFF01FE,0,0,0,0,10,
1332,845,43,750,1,0,0,0,0,,,"Lac Mystral",,,,,,,,,,,,,,0xFF01FE,0,0,0,0,10,
1359,847,43,922,1,0,0,0,0,,,"Lac Mirkfallon",,,,,,,,,,,,,,0xFF01FE,0,0,0,0,10,
1378,848,43,766,1,0,0,0,0,,,"Proie-de-l'Ombre",,,,,,,,,,,,,,0xFF01FE,0,0,0,0,10,
1388,849,43,989,1,0,0,0,0,,,"Ruines d'Isildien",,,,,,,,,,,,,,0xFF01FE,0,0,0,0,10,
1418,851,43,649,1,0,0,0,0,,,"Le Repaire nuisible",,,,,,,,,,,,,,0xFF01FE,0,0,0,0,10,
1434,852,43,850,1,0,0,0,0,,,"Repaire des Grumegueules",,,,,,,,,,,,,,0xFF01FE,0,0,0,0,10,
1449,853,43,870,1,0,0,0,0,,,"Sanctuaire d'émeraude",,,,,,,,,,,,,,0xFF01FE,0,0,0,0,10,
1484,857,43,1012,1,0,0,0,0,,,"Le Bosquet caché",,,,,,,,,,,,,,0xFF01FE,0,0,0,0,10,
1493,43,8,847,1,0,0,0,0,,,"Les Serres-Rocheuses",,,,,,,,,,,,,,0xFF01FE,0,0,0,0,10,
1517,859,43,1140,1,0,0,0,0,,,"Brise-clémente",,,,,,,,,,,,,,0xFF01FE,0,0,0,0,10,
1541,858,43,1163,1,0,0,0,0,,,"Mortholme",,,,,,,,,,,,,,0xFF01FE,0,0,0,0,10,
1561,860,43,1372,1,0,0,0,0,,,"Grappe de capsules",,,,,,,,,,,,,,0xFF01FE,0,0,0,0,10,
1582,861,43,1337,1,0,0,0,0,,,"Bois brumeux",,,,,,,,,,,,,,0xFF01FE,0,0,0,0,10,
1630,862,43,1218,1,0,0,0,0,,,"Le front de la Légion",,,,,,,,,,,,,,0xFF01FE,0,0,0,0,10,
1652,863,43,1154,1,0,0,0,0,,,"Ruines des flèches jumelles",,,,,,,,,,,,,,0xFF01FE,0,0,0,0,10,
1673,864,43,1121,1,0,0,0,0,,,"Bastion des Marteaux-hardis",,,,,,,,,,,,,,0xFF01FE,0,0,0,0,10,
1693,865,43,1298,1,0,0,0,0,,,"Camp de forge : Terreur",,,,,,,,,,,,,,0xFF01FE,0,0,0,0,10,
1718,866,43,1198,1,0,0,0,0,,,"Trône des éléments",,,,,,,,,,,,,,0xFF01FE,0,0,0,0,10,
1735,867,43,1277,1,0,0,0,0,,,"La Barrière",,,,,,,,,,,,,,0xFF01FE,0,0,0,0,10,
1767,843,43,1260,1,0,0,0,0,,,"Ruines Arklon",,,,,,,,,,,,,,0xFF01FE,0,0,0,0,10,
1810,220,1,30,1,3,30,3,30,,,"Tour H4 possédée par l'Alliance",,,,,,,,,,,,,,0xFF01FE,6,0,0,0,10,
1819,873,1,30,1,3,30,3,30,,,"Tour H4 possédée par la Horde",,,,,,,,,,,,,,0xFF01FE,6,0,0,0,10,
1844,878,42,19808,1,0,0,0,0,,,"Morwong rocailleux",,,,,,,,,,,,,,0xFF01FE,0,0,0,0,10,
1940,912,27,8683,1,0,0,0,0,,,"Ancienne Aube-glorieuse sur la Corniche des flammes",,,,,,,,,,,,,,0xFF01FE,0,0,0,0,10,
1955,911,27,8679,1,0,0,0,0,,,"Ancien Totem-sinistre à Féralas",,,,,,,,,,,,,,0xFF01FE,0,0,0,0,10,
2081,963,27,12347,1,0,0,0,0,,,"Les Serres-Rocheuses, pic des Serres-Rocheuses",,,,,,,,,,,,,,0xFF01FE,0,0,0,0,10,
2109,965,27,12361,1,0,0,0,0,,,"Durotar, Tranchecolline",,,,,,,,,,,,,,0xFF01FE,0,0,0,0,10,
2141,966,27,12340,1,0,0,0,0,,,"Marche de l'Ouest, Colline des sentinelles",,,,,,,,,,,,,,0xFF01FE,0,0,0,0,10,
2154,967,27,12370,1,0,0,0,0,,,"Lune-d'argent, le Bazar",,,,,,,,,,,,,,0xFF01FE,0,0,0,0,10,
2204,969,27,12406,1,0,0,0,0,,,"Les Tranchantes, Bosquet éternel",,,,,,,,,,,,,,0xFF01FE,0,0,0,0,10,
2212,968,27,12407,1,0,0,0,0,,,"Raz-de-Néant, Zone 52",,,,,,,,,,,,,,0xFF01FE,0,0,0,0,10,
2269,979,36,20574,1,0,0,0,0,,,"Masque de morte-vivante fragile",,,,,,,,,,,,,,0xFF01FE,2,0,0,0,10,
2351,556,49,10,1,0,0,0,0,,,"Anneau gauche",,,,,,,,,,,,,,0xFF01FE,0,0,0,0,10,
2368,245,52,1,1,0,0,0,0,,,"Guerrier",,,,,,,,,,,,,,0xFF01FE,0,0,0,0,10,
2896,621,57,31804,1,0,0,0,0,,,"Tabard de l'Expédition cénarienne",,,,,,,,,,,,,,0xFF01FE,2,0,0,0,10,
3072,1022,27,11832,1,0,0,0,0,,,"Vallée de Strangleronce",,,,,,,,,,,,,,0xFF01FE,0,0,0,0,10,
3085,1023,27,11824,1,0,0,0,0,,,"Teldrassil",,,,,,,,,,,,,,0xFF01FE,0,0,0,0,10,
3110,1025,27,11860,1,0,0,0,0,,,"Les Hinterlands",,,,,,,,,,,,,,0xFF01FE,0,0,0,0,10,
3121,1026,27,11859,1,0,0,0,0,,,"Les Tarides",,,,,,,,,,,,,,0xFF01FE,0,0,0,0,10,
3140,1028,27,11784,1,0,0,0,0,,,"Les Hinterlands",,,,,,,,,,,,,,0xFF01FE,0,0,0,0,10,
3151,1029,27,11783,1,0,0,0,0,,,"Les Tarides",,,,,,,,,,,,,,0xFF01FE,0,0,0,0,10,
3170,1031,27,11761,1,0,0,0,0,,,"Vallée de Strangleronce",,,,,,,,,,,,,,0xFF01FE,0,0,0,0,10,
3183,1032,27,11753,1,0,0,0,0,,,"Teldrassil",,,,,,,,,,,,,,0xFF01FE,0,0,0,0,10,
3310,344,41,34722,1,0,0,0,0,,,"Bandage épais en tisse-givre",,,,,,,,,,,,,,0xFF01FE,0,0,0,0,10,
3367,227,55,0,300000,3,489,3,489,,,"300 000 points de vie rendus dans le goulet des Chanteguerres",,,,,,,,,,,,,,0xFF01FE,11,0,0,0,10,
3401,1167,8,707,0,0,0,0,0,,,"Destrier de bataille foudrepique",,,,,,,,,,,,,,0xFF01FE,0,0,0,0,10,
3413,1168,8,706,0,0,0,0,0,,,"Hurleur loup-de-givre",,,,,,,,,,,,,,0xFF01FE,0,0,0,0,10,
3427,1169,8,162,0,0,0,0,0,,,"C'était gagné d'avance *hum hum*",,,,,,,,,,,,,,0xFF01FE,0,0,0,0,10,
3442,1170,8,162,0,0,0,0,0,,,"C'était gagné d'avance *hum hum*",,,,,,,,,,,,,,0xFF01FE,0,0,0,0,10,
3471,1172,8,206,0,0,0,0,0,,,"Défenseur suprême",,,,,,,,,,,,,,0xFF01FE,0,0,0,0,10,
3486,1173,8,1252,0,0,0,0,0,,,"Défenseur suprême",,,,,,,,,,,,,,0xFF01FE,0,0,0,0,10,
3524,1183,28,42258,1,0,0,0,0,,,"Bière amère de Barlett",,,,,,,,,,,,,,0xFF01FE,0,0,0,0,10,
3568,1187,36,6893,1,0,0,0,0,,,"Clé d'atelier",,,,,,,,,,,,,,0xFF01FE,0,0,0,0,10,
3732,557,49,10,1,0,0,0,0,,,"Anneau gauche",,,,,,,,,,,,,,0xFF01FE,0,0,0,0,10,
3750,1206,54,225,1,0,0,0,0,,,"Faon",,,,,,,,,,,,,,0xFF01FE,0,0,0,0,10,
3771,1244,68,175749,1,0,0,0,0,,,"La Couronne et le Trône de glace",,,,,,,,,,,,,,0xFF01FE,0,0,0,0,10,
3813,161,1,529,1,0,0,0,0,,,"Rattraper un retard de 500 ressources",,,,,,,,,,,,,,0xFF01FE,2,0,0,0,10,
3869,153,72,182957,1,0,0,0,0,,,"Banc mixte des Hautes-terres",,,,,,,,,,,,,,0xFF01FE,2,0,0,0,10,
3948,1283,8,637,0,0,0,0,0,,,"Monastère écarlate",,,,,,,,,,,,,,0xFF01FE,0,0,0,0,10,
3974,1284,8,656,0,0,0,0,0,,,"Le Caveau de la vapeur",,,,,,,,,,,,,,0xFF01FE,0,0,0,0,10,
4033,1287,8,677,0,0,0,0,0,,,"Le Caveau de la vapeur en mode héroïque",,,,,,,,,,,,,,0xFF01FE,0,0,0,0,10,
4049,1288,8,486,0,0,0,0,0,,,"Les salles de Foudre",,,,,,,,,,,,,,0xFF01FE,0,0,0,0,10,
4065,1289,8,497,0,0,0,0,0,,,"Les salles de Foudre en mode héroïque",,,,,,,,,,,,,,0xFF01FE,0,0,0,0,10,
4131,1264,43,1484,0,0,0,0,0,,,"Bastion Chanteguerre",,,,,,,,,,,,,,0xFF01FE,0,0,0,0,10,
4146,1263,43,1508,0,0,0,0,0,,,"Étreinte de braise",,,,,,,,,,,,,,0xFF01FE,0,0,0,0,10,
4168,1265,43,1506,0,0,0,0,0,,,"Hauts de Vent-froid",,,,,,,,,,,,,,0xFF01FE,0,0,0,0,10,
4187,1266,43,1478,0,0,0,0,0,,,"Voldrune",,,,,,,,,,,,,,0xFF01FE,0,0,0,0,10,
4201,1267,43,1539,0,0,0,0,0,,,"Zeramas",,,,,,,,,,,,,,0xFF01FE,0,0,0,0,10,
4215,1268,43,1553,0,0,0,0,0,,,"Le pilier Scintillant",,,,,,,,,,,,,,0xFF01FE,0,0,0,0,10,
4284,684,36,18813,1,0,0,0,0,,,"Anneau de lien",,,,,,,,,,,,,,0xFF01FE,2,0,0,0,10,
4297,345,41,13446,0,0,0,0,0,,,"Potion de soins majeure",,,,,,,,,,,,,,0xFF01FE,0,0,0,0,10,
4322,922,41,6149,0,0,0,0,0,,,"Potion de mana supérieure",,,,,,,,,,,,,,0xFF01FE,0,0,0,0,10,
4345,923,41,32063,0,0,0,0,0,,,"Elixir terrestre",,,,,,,,,,,,,,0xFF01FE,0,0,0,0,10,
4458,687,27,8603,1,0,0,0,0,,,"Les habits de l'Oracle",,,,,,,,,,,,,,0xFF01FE,2,0,0,0,10,
4513,1311,0,17144,1,0,0,0,0,,,"Sangredent",,,,,,,,,,,,,,0xFF01FE,0,0,0,0,10,
4549,686,36,18817,1,0,0,0,0,,,"Couronne de destruction",,,,,,,,,,,,,,0xFF01FE,2,0,0,0,10,
4569,685,36,19363,1,0,0,0,0,,,"Crul'shorukh, le tranchant du chaos",,,,,,,,,,,,,,0xFF01FE,2,0,0,0,10,
4605,698,36,34329,1,0,0,0,0,,,"Cœur de l'Apocalypse",,,,,,,,,,,,,,0xFF01FE,2,0,0,0,10,
4626,695,36,30913,1,0,0,0,0,,,"Robes de Rhonin",,,,,,,,,,,,,,0xFF01FE,2,0,0,0,10,
4728,812,41,9421,0,0,0,0,0,,,"Pierre de soins majeure (0)",,,,,,,,,,,,,,0xFF01FE,0,0,0,0,10,
4746,924,46,1064,42000,0,0,0,0,,,"Exalté auprès des Taunkas",,,,,,,,,,,,,,0xFF01FE,0,0,0,0,10,
4759,925,46,1011,42000,0,0,0,0,,,"Exalté auprès de la Ville basse",,,,,,,,,,,,,,0xFF01FE,0,0,0,0,10,
4777,927,49,15,1,0,0,0,0,,,"Une arme épique !",,,,,,,,,,,,,,0xFF01FE,0,0,0,0,10,
4796,697,36,32521,1,0,0,0,0,,,"Mézail de l'impénétrable",,,,,,,,,,,,,,0xFF01FE,2,0,0,0,10,
4826,696,36,29992,1,0,0,0,0,,,"Cape royale des Haut-soleil",,,,,,,,,,,,,,0xFF01FE,2,0,0,0,10,
4856,694,36,30108,1,0,0,0,0,,,"Sceptre Sondelumière",,,,,,,,,,,,,,0xFF01FE,2,0,0,0,10,
4883,693,36,28789,1,0,0,0,0,,,"Œil de Magtheridon",,,,,,,,,,,,,,0xFF01FE,2,0,0,0,10,
4915,692,36,28824,1,0,0,0,0,,,"Gantelets de la perfection martiale",,,,,,,,,,,,,,0xFF01FE,2,0,0,0,10,
4957,107,78,0,0,0,0,0,0,,,"Totems",,,,,,,,,,,,,,0xFF01FE,0,0,0,0,10,
5001,350,68,176296,0,0,0,0,0,,,"Portail vers Hurlevent",,,,,,,,,,,,,,0xFF01FE,0,0,0,0,10,
5029,388,70,0,50,0,0,0,0,,,"Vallée des Héros",,,,,,,,,,,,,,0xFF01FE,3,0,0,0,10,
5062,1307,27,9003,1,0,0,0,0,,,"Garder le meilleur pour la fin",,,,,,,,,,,,,,0xFF01FE,2,0,0,0,10,
5088,284,36,20574,1,0,0,0,0,,,"Masque de morte-vivante fragile",,,,,,,,,,,,,,0xFF01FE,0,0,0,0,10,
5150,1396,27,13026,1,0,0,0,0,,,"Ancien Loup-bleu à Joug-d'hiver",,,,,,,,,,,,,,0xFF01FE,0,0,0,0,10,
5262,910,27,13023,1,0,0,0,0,,,"Ancien Kilias dans le donjon de Drak'Tharon",,,,,,,,,,,,,,0xFF01FE,0,0,0,0,10,
5322,926,46,947,42000,0,0,0,0,,,"Exalté auprès de Thrallmar",,,,,,,,,,,,,,0xFF01FE,0,0,0,0,10,
5337,1466,46,978,42000,0,0,0,0,,,"Exalté auprès des Kurenaï",,,,,,,,,,,,,,0xFF01FE,0,0,0,0,10,
5443,1467,0,26630,1,0,0,0,0,,,"Trollétripe",,,,,,,,,,,,,,0xFF01FE,0,0,0,0,10,
5560,1199,40,393,1,0,0,0,0,,,"Dépeçage",,,,,,,,,,,,,,0xFF01FE,0,0,0,0,10,
5574,1201,7,393,450,0,0,0,0,,,"Dépeçage",,,,,,,,,,,,,,0xFF01FE,0,0,0,0,10,
5585,1202,7,173,400,0,0,0,0,,,"Dagues",,,,,,,,,,,,,,0xFF01FE,0,0,0,0,10,
5627,1103,0,29306,1,0,0,0,0,,,"Gal'darah",,,,,,,,,,,,,,0xFF01FE,0,0,0,0,10,
5671,1516,8,144,0,0,0,0,0,,,"Le Rôdeur d'En haut",,,,,,,,,,,,,,0xFF01FE,0,0,0,0,10,
5689,1517,72,192057,1,0,0,0,0,,,"Banc de méduses",,,,,,,,,,,,,,0xFF01FE,0,0,0,0,10,
5782,291,110,44212,1,0,0,0,0,,,"Mort-vivant",,,,,,,,,,,,,,0xFF01FE,0,0,0,0,10,
5829,1656,8,292,0,0,0,0,0,,,"L'appel sinistre",,,,,,,,,,,,,,0xFF01FE,0,0,0,0,10,
5841,1657,8,292,0,0,0,0,0,,,"L'appel sinistre",,,,,,,,,,,,,,0xFF01FE,0,0,0,0,10,
5852,1269,43,1582,0,0,0,0,0,,,"Ulduar",,,,,,,,,,,,,,0xFF01FE,0,0,0,0,10,
5868,1270,43,1575,0,0,0,0,0,,,"Ymirheim",,,,,,,,,,,,,,0xFF01FE,0,0,0,0,10,
5876,1658,0,23980,1,0,0,0,0,,,"Ingvar le Pilleur : mode héroïque",,,,,,,,,,,,,,0xFF01FE,0,0,0,0,10,
5909,1676,11,2257,700,0,0,0,0,,,"Tram des profondeurs",,,,,,,,,,,,,,0xFF01FE,3,0,0,0,10,
5961,1677,11,2257,550,0,0,0,0,,,"Tram des profondeurs",,,,,,,,,,,,,,0xFF01FE,3,0,0,0,10,
6013,1678,11,14,700,0,0,0,0,,,"Durotar",,,,,,,,,,,,,,0xFF01FE,3,0,0,0,10,
6108,1680,11,14,685,0,0,0,0,,,"Durotar",,,,,,,,,,,,,,0xFF01FE,3,0,0,0,10,
6196,879,34,16080,0,0,0,0,0,,,"Loup rouge",,,,,,,,,,,,,,0xFF01FE,2,0,0,0,10,
6222,727,34,22722,0,0,0,0,0,,,"Cheval de guerre squelette rouge",,,,,,,,,,,,,,0xFF01FE,0,0,0,0,10,
6246,1687,110,44755,1,0,0,0,0,,,"Prêtre draeneï",,,,,,,,,,,,,,0xFF01FE,0,0,0,0,10,
6272,1691,8,1689,0,0,0,0,0,,,"Avez-vous été sage, cette année ?",,,,,,,,,,,,,,0xFF01FE,0,0,0,0,10,
6284,1692,8,1689,0,0,0,0,0,,,"Avez-vous été sage, cette année ?",,,,,,,,,,,,,,0xFF01FE,0,0,0,0,10,
6289,913,8,1552,0,0,0,0,0,,,"Pétards pétaradants",,,,,,,,,,,,,,0xFF01FE,0,0,0,0,10,
6320,1699,110,27571,1,0,0,0,0,,,"Paladin draeneï",,,,,,,,,,,,,,0xFF01FE,0,0,0,0,10,
6362,1693,8,1701,0,0,0,0,0,,,"Sois à moi !",,,,,,,,,,,,,,0xFF01FE,0,0,0,0,10,
6376,1707,8,1701,0,0,0,0,0,,,"Sois à moi !",,,,,,,,,,,,,,0xFF01FE,0,0,0,0,10,
6495,1777,29,45566,1,0,0,0,0,,,"Croc-pointu mariné",,,,,,,,,,,,,,0xFF01FE,0,0,0,0,10,
6671,1792,36,32622,1,0,0,0,0,,,"Collier de dressage d'elekk",,,,,,,,,,,,,,0xFF01FE,2,0,0,0,10,
6762,1563,8,1801,0,0,0,0,0,,,"Brune du capitaine Rumsey",,,,,,,,,,,,,,0xFF01FE,0,0,0,0,10,
6763,1784,8,1801,0,0,0,0,0,,,"Brune du capitaine Rumsey",,,,,,,,,,,,,,0xFF01FE,0,0,0,0,10,
6770,1800,29,33286,1,0,0,0,0,,,"Basilic noirci",,,,,,,,,,,,,,0xFF01FE,0,0,0,0,10,
7151,578,0,15932,1,0,0,0,0,,,"Gluth",,,,,,,,,,,,,,0xFF01FE,0,0,0,0,10,
7164,579,0,15932,1,0,0,0,0,,,"Gluth",,,,,,,,,,,,,,0xFF01FE,0,0,0,0,10,
7253,1957,36,43633,1,0,0,0,0,,,"Pièce d'or du prince Kael'thas Haut-soleil",,,,,,,,,,,,,,0xFF01FE,0,0,0,0,10,
7309,2019,27,13254,1,0,0,0,0,,,"Preuve de la mort d'Anub'arak",,,,,,,,,,,,,,0xFF01FE,0,0,0,0,10,
7450,2094,42,43711,1,0,0,0,0,,,"Pièce de cuivre d'Inigo",,,,,,,,,,,,,,0xFF01FE,0,0,0,0,10,
7472,2095,42,43680,1,0,0,0,0,,,"Pièce d'argent du roi Varian Wrynn",,,,,,,,,,,,,,0xFF01FE,0,0,0,0,10,
7506,2136,8,2056,0,0,0,0,0,,,"Sur la base du volontariat",,,,,,,,,,,,,,0xFF01FE,0,0,0,0,10,
7535,2137,8,1869,0,0,0,0,0,,,"Un petit rien",,,,,,,,,,,,,,0xFF01FE,0,0,0,0,10,
7543,2138,8,623,0,0,0,0,0,,,"La défaite du Tisse-sort (25 joueurs)",,,,,,,,,,,,,,0xFF01FE,0,0,0,0,10,
7651,2194,8,2190,0,0,0,0,0,,,"Lâche ça tout de suite !",,,,,,,,,,,,,,0xFF01FE,0,0,0,0,10,
7663,2195,8,2190,0,0,0,0,0,,,"Lâche ça tout de suite !",,,,,,,,,,,,,,0xFF01FE,0,0,0,0,10,
7719,2199,70,0,10,0,0,0,0,,,"Le bourbier Glacial",,,,,,,,,,,,,,0xFF01FE,0,0,0,0,10,
7735,1752,8,1727,0,0,0,0,0,,,"La tour penchée de Joug-d'hiver",,,,,,,,,,,,,,0xFF01FE,0,0,0,0,10,
7803,322,20,26530,0,0,0,0,0,,,"Salramm le Façonneur de chair",,,,,,,,,,,,,,0xFF01FE,0,0,0,0,10,
7822,323,20,30549,0,0,0,0,0,,,"Baron Vaillefendre",,,,,,,,,,,,,,0xFF01FE,0,0,0,0,10,
7842,324,20,16065,0,0,0,0,0,,,"Dame Blaumeux",,,,,,,,,,,,,,0xFF01FE,0,0,0,0,10,
8109,2256,0,32400,1,0,0,0,0,,,"Tukemuth",,,,,,,,,,,,,,0xFF01FE,0,0,0,0,10,
8691,347,41,20063,0,0,0,0,0,,,"Rations de campagne du bassin d'Arathi",,,,,,,,,,,,,,0xFF01FE,2,0,0,0,10,
8762,801,29,27240,0,0,0,0,0,,,"Utilisation de pierre d'âme",,,,,,,,,,,,,,0xFF01FE,0,0,0,0,10,
9003,346,41,23585,0,0,0,0,0,,,"Rudemartel légère",,,,,,,,,,,,,,0xFF01FE,2,0,0,0,10,
9151,2422,110,61815,1,0,0,0,0,,,"Mort-vivant",,,,,,,,,,,,,,0xFF01FE,0,0,0,0,10,
9308,2557,54,225,1,0,0,0,0,,,"Grenouille des forbans",,,,,,,,,,,,,,0xFF01FE,0,0,0,0,10,
9366,2556,0,4953,1,0,0,0,0,,,"Mocassin d'eau",,,,,,,,,,,,,,0xFF01FE,0,0,0,0,10,
9748,2758,27,13710,1,0,0,0,0,,,"",,,,,,,,,,,,,,0xFF01FF,2,0,0,0,10,
9770,2776,8,1727,0,0,0,0,0,,,"La tour penchée de Joug-d'hiver",,,,,,,,,,,,,,0xFF01FE,0,0,0,0,10,
9922,2836,28,64816,1,0,0,0,0,,,"Fossoyeuse",,,,,,,,,,,,,,0xFF01FE,0,0,0,0,10,
9984,1770,0,33410,1,0,0,0,0,,,"Freya",,,,,,,,,,,,,,0xFF01FE,0,0,0,0,10,
9985,1756,0,33410,1,0,0,0,0,,,"Freya",,,,,,,,,,,,,,0xFF01FE,0,0,0,0,10,
10108,2957,8,3179,0,0,0,0,0,,,"Tous les arbres qui cachent la Freya",,,,,,,,,,,,,,0xFF01FE,0,0,0,0,10,
10373,2958,8,3187,0,0,0,0,0,,,"Tous les arbres qui cachent la Freya (25 joueurs)",,,,,,,,,,,,,,0xFF01FE,0,0,0,0,10,
10582,2903,28,65074,1,0,0,0,0,,,"Freya",,,,,,,,,,,,,,0xFF01FE,0,0,0,0,10,
10583,2904,28,65074,1,0,0,0,0,,,"Freya",,,,,,,,,,,,,,0xFF01FE,0,0,0,0,10,
11329,3696,27,13729,1,0,0,0,0,,,"",,,,,,,,,,,,,,0xFFF7FF,2,0,0,0,10,
11511,3857,8,3856,0,0,0,0,0,,,"Derby démolisseur",,,,,,,,,,,,,,0xFF01FE,0,0,0,0,10,
11758,3957,8,4256,0,0,0,0,0,,,"Derby démolisseur",,,,,,,,,,,,,,0xFF01FE,0,0,0,0,10,
11912,3802,28,68206,1,0,0,0,0,,,"Kalithresh",,,,,,,,,,,,,,0xFF01FE,0,0,0,0,10,
12082,1525,27,13103,1,0,0,0,0,,,"Pain de viande aux champignons infusés - Alliance",,,,,,,,,,,,,,0xFF01FE,0,0,0,0,10,
12627,4416,34,67414,0,0,0,0,0,,,"Jeune raptor déviant",,,,,,,,,,,,,,0xFF01FE,2,0,0,0,10,
12687,4456,0,29306,1,0,0,0,0,,,"Gal'darah",,,,,,,,,,,,,,0xFF01FE,0,0,0,0,10,
12807,4556,0,29306,1,0,0,0,0,,,"Gal'darah",,,,,,,,,,,,,,0xFF01FE,0,0,0,0,10,
12886,1695,27,24645,1,0,0,0,0,,,"",,,,,,,,,,,,,,0xFF01FC,2,0,0,0,10,
12922,4602,8,4577,0,0,0,0,0,,,"Pénurie de vaccins",,,,,,,,,,,,,,0xFF01FE,0,0,0,0,10,
13021,4603,8,4615,0,0,0,0,0,,,"Pénurie de vaccins",,,,,,,,,,,,,,0xFF01FE,0,0,0,0,10,
13249,811,41,46378,0,0,0,0,0,,,"Flacon de pur mojo",,,,,,,,,,,,,,0xFF01FE,0,0,0,0,10,
13367,1526,27,13833,0,0,0,0,0,,,"Le sang est plus épais que l'eau",,,,,,,,,,,,,,0xFF01FE,0,0,0,0,10,
13405,4788,36,28886,1,0,0,0,0,,,"",,,,,,,,,,,,,,0xFF01FC,0,0,0,0,10,
13418,4789,36,28911,1,0,0,0,0,,,"",,,,,,,,,,,,,,0xFF01FC,0,0,0,0,10,
512,627,43,104,1,0,0,0,0,,,"Repaire de Crins-de-givre",,,,,,,,,,,,,,0xFF01FE,0,0,0,0,11,
626,116,40,197,2,0,0,0,0,,,"Couture",,,,,,,,,,,,,,0xFF01FE,2,0,0,0,11,
755,705,7,55,400,0,0,0,0,,,"Épées à deux mains",,,,,,,,,,,,,,0xFF01FE,0,0,0,0,11,
769,700,36,38588,1,0,0,0,0,,,"Médaillon de la Horde",,,,,,,,,,,,,,0xFF01FE,2,0,0,0,11,
789,701,36,28235,1,0,0,0,0,,,"Médaillon de l'Alliance",,,,,,,,,,,,,,0xFF01FE,2,0,0,0,11,
832,728,43,262,1,0,0,0,0,,,"Orgrimmar",,,,,,,,,,,,,,0xFF01FE,0,0,0,0,11,
858,731,40,197,3,0,0,0,0,,,"Couture",,,,,,,,,,,,,,0xFF01FE,2,0,0,0,11,
869,732,40,197,4,0,0,0,0,,,"Couture",,,,,,,,,,,,,,0xFF01FE,2,0,0,0,11,
880,733,40,197,5,0,0,0,0,,,"Couture",,,,,,,,,,,,,,0xFF01FE,2,0,0,0,11,
891,734,40,197,6,0,0,0,0,,,"Couture",,,,,,,,,,,,,,0xFF01FE,2,0,0,0,11,
902,735,40,197,6,0,0,0,0,,,"Couture",,,,,,,,,,,,,,0xFF01FE,2,0,0,0,11,
912,736,43,206,1,0,0,0,0,,,"Rochers rouges",,,,,,,,,,,,,,0xFF01FE,0,0,0,0,11,
927,750,43,471,1,0,0,0,0,,,"La Croisée",,,,,,,,,,,,,,0xFF01FE,0,0,0,0,11,
957,760,43,451,1,0,0,0,0,,,"Ruines d'Alterac",,,,,,,,,,,,,,0xFF01FE,0,0,0,0,11,
971,761,43,571,1,0,0,0,0,,,"Cercle de lien extérieur",,,,,,,,,,,,,,0xFF01FE,0,0,0,0,11,
1024,765,43,591,1,0,0,0,0,,,"Goulet de la Bourrasque",,,,,,,,,,,,,,0xFF01FE,0,0,0,0,11,
1048,768,43,225,1,0,0,0,0,,,"Avant-poste des Croisés",,,,,,,,,,,,,,0xFF01FE,0,0,0,0,11,
1063,769,43,311,1,0,0,0,0,,,"Moulin-de-l'Ambre",,,,,,,,,,,,,,0xFF01FE,0,0,0,0,11,
1078,770,43,971,1,0,0,0,0,,,"La Flétrissure de Gahrron",,,,,,,,,,,,,,0xFF01FE,0,0,0,0,11,
1091,771,43,884,1,0,0,0,0,,,"Chapelle de l'Espoir de Lumière",,,,,,,,,,,,,,0xFF01FE,0,0,0,0,11,
1113,772,43,411,1,0,0,0,0,,,"Tour de la Pointe du Midi",,,,,,,,,,,,,,0xFF01FE,0,0,0,0,11,
1125,773,43,611,1,0,0,0,0,,,"Rocher de l'Affût",,,,,,,,,,,,,,0xFF01FE,0,0,0,0,11,
1156,776,43,131,1,0,0,0,0,,,"Lac de Cristal",,,,,,,,,,,,,,0xFF01FE,0,0,0,0,11,
1171,778,43,431,1,0,0,0,0,,,"Sombre-comté",,,,,,,,,,,,,,0xFF01FE,0,0,0,0,11,
1184,779,43,326,1,0,0,0,0,,,"Vallée des rois",,,,,,,,,,,,,,0xFF01FE,0,0,0,0,11,
1195,780,43,371,1,0,0,0,0,,,"Vallée de Galardell",,,,,,,,,,,,,,0xFF01FE,0,0,0,0,11,
1206,781,43,508,1,0,0,0,0,,,"Ruines de Jubuwal",,,,,,,,,,,,,,0xFF01FE,0,0,0,0,11,
1233,782,43,551,1,0,0,0,0,,,"Grève de Brumejonc",,,,,,,,,,,,,,0xFF01FE,0,0,0,0,11,
1258,802,43,291,1,0,0,0,0,,,"Maison de Demont",,,,,,,,,,,,,,0xFF01FE,0,0,0,0,11,
1272,841,43,391,1,0,0,0,0,,,"La Ceinture verte",,,,,,,,,,,,,,0xFF01FE,0,0,0,0,11,
1289,42,8,780,1,0,0,0,0,,,"Les Carmines",,,,,,,,,,,,,,0xFF01FE,0,0,0,0,11,
1309,842,43,90,1,0,0,0,0,,,"Rut'theran",,,,,,,,,,,,,,0xFF01FE,0,0,0,0,11,
1333,845,43,751,1,0,0,0,0,,,"Le Val hurlant",,,,,,,,,,,,,,0xFF01FE,0,0,0,0,11,
1360,847,43,921,1,0,0,0,0,,,"Pic des Serres-Rocheuses",,,,,,,,,,,,,,0xFF01FE,0,0,0,0,11,
1379,848,43,765,1,0,0,0,0,,,"Village des Gelkis",,,,,,,,,,,,,,0xFF01FE,0,0,0,0,11,
1389,849,43,990,1,0,0,0,0,,,"Gouffre grouillant",,,,,,,,,,,,,,0xFF01FE,0,0,0,0,11,
1419,851,43,648,1,0,0,0,0,,,"Base des Cognedunes",,,,,,,,,,,,,,0xFF01FE,0,0,0,0,11,
1435,852,43,851,1,0,0,0,0,,,"Valormok",,,,,,,,,,,,,,0xFF01FE,0,0,0,0,11,
1450,853,43,871,1,0,0,0,0,,,"Village des Mort-bois",,,,,,,,,,,,,,0xFF01FE,0,0,0,0,11,
1485,857,43,1013,1,0,0,0,0,,,"Roc des Sabres-de-givre",,,,,,,,,,,,,,0xFF01FE,0,0,0,0,11,
1494,43,8,848,1,0,0,0,0,,,"Désolace",,,,,,,,,,,,,,0xFF01FE,0,0,0,0,11,
1518,859,43,1142,1,0,0,0,0,,,"Le bois vivant",,,,,,,,,,,,,,0xFF01FE,0,0,0,0,11,
1542,858,43,1164,1,0,0,0,0,,,"Zeb'Nowa",,,,,,,,,,,,,,0xFF01FE,0,0,0,0,11,
1562,860,43,1373,1,0,0,0,0,,,"Débris de capsule",,,,,,,,,,,,,,0xFF01FE,0,0,0,0,11,
1583,861,43,1338,1,0,0,0,0,,,"Nazzivian",,,,,,,,,,,,,,0xFF01FE,0,0,0,0,11,
1632,862,43,1220,1,0,0,0,0,,,"Thrallmar",,,,,,,,,,,,,,0xFF01FE,0,0,0,0,11,
1653,863,43,1156,1,0,0,0,0,,,"Umbretourbe",,,,,,,,,,,,,,0xFF01FE,0,0,0,0,11,
1674,864,43,1273,1,0,0,0,0,,,"Autel de Sha'tar",,,,,,,,,,,,,,0xFF01FE,0,0,0,0,11,
1694,865,43,1299,1,0,0,0,0,,,"Camp de forge : Courroux",,,,,,,,,,,,,,0xFF01FE,0,0,0,0,11,
1719,866,43,1199,1,0,0,0,0,,,"Colline des Cogneguerre",,,,,,,,,,,,,,0xFF01FE,0,0,0,0,11,
1736,867,43,1280,1,0,0,0,0,,,"Saillie de Tranchépine",,,,,,,,,,,,,,0xFF01FE,0,0,0,0,11,
1768,843,43,1261,1,0,0,0,0,,,"Crête céleste",,,,,,,,,,,,,,0xFF01FE,0,0,0,0,11,
1852,879,36,12351,1,0,0,0,0,,,"Loup arctique",,,,,,,,,,,,,,0xFF01FE,2,0,0,0,11,
1941,912,27,8643,1,0,0,0,0,,,"Ancien Haut-pic dans les Hinterlands",,,,,,,,,,,,,,0xFF01FE,0,0,0,0,11,
1956,911,27,8685,1,0,0,0,0,,,"Ancienne Marche-brume dans Hache-tripes",,,,,,,,,,,,,,0xFF01FE,0,0,0,0,11,
2082,963,27,12331,1,0,0,0,0,,,"Teldrassil, Dolanaar",,,,,,,,,,,,,,0xFF01FE,0,0,0,0,11,
2110,965,27,12383,1,0,0,0,0,,,"Marécage d'Âprefange, Mur-de-fougères",,,,,,,,,,,,,,0xFF01FE,0,0,0,0,11,
2142,966,27,12343,1,0,0,0,0,,,"Les Paluns, port de Menethil",,,,,,,,,,,,,,0xFF01FE,0,0,0,0,11,
2155,967,27,12369,1,0,0,0,0,,,"Lune-d'argent, la Bourse royale",,,,,,,,,,,,,,0xFF01FE,0,0,0,0,11,
2205,969,27,12407,1,0,0,0,0,,,"Raz-de-Néant, Zone 52",,,,,,,,,,,,,,0xFF01FE,0,0,0,0,11,
2213,968,27,12408,1,0,0,0,0,,,"Raz-de-Néant, la Foudreflèche",,,,,,,,,,,,,,0xFF01FE,0,0,0,0,11,
2270,979,36,34002,1,0,0,0,0,,,"Masque d'elfe de sang fragile (M)",,,,,,,,,,,,,,0xFF01FE,2,0,0,0,11,
2897,621,57,36941,1,0,0,0,0,,,"Tabard de compétition",,,,,,,,,,,,,,0xFF01FE,2,0,0,0,11,
3073,1022,27,11826,1,0,0,0,0,,,"Les Hinterlands",,,,,,,,,,,,,,0xFF01FE,0,0,0,0,11,
3087,1023,27,11834,1,0,0,0,0,,,"Berceau-de-l'Hiver",,,,,,,,,,,,,,0xFF01FE,0,0,0,0,11,
3111,1025,27,11862,1,0,0,0,0,,,"Clairières de Tirisfal",,,,,,,,,,,,,,0xFF01FE,0,0,0,0,11,
3122,1026,27,11861,1,0,0,0,0,,,"Mille pointes",,,,,,,,,,,,,,0xFF01FE,0,0,0,0,11,
3141,1028,27,11786,1,0,0,0,0,,,"Clairières de Tirisfal",,,,,,,,,,,,,,0xFF01FE,0,0,0,0,11,
3152,1029,27,11785,1,0,0,0,0,,,"Mille pointes",,,,,,,,,,,,,,0xFF01FE,0,0,0,0,11,
3171,1031,27,11755,1,0,0,0,0,,,"Les Hinterlands",,,,,,,,,,,,,,0xFF01FE,0,0,0,0,11,
3185,1032,27,11763,1,0,0,0,0,,,"Berceau-de-l'Hiver",,,,,,,,,,,,,,0xFF01FE,0,0,0,0,11,
3311,344,41,2581,1,0,0,0,0,,,"Bandage épais en lin",,,,,,,,,,,,,,0xFF01FE,0,0,0,0,11,
3403,1167,8,1166,0,0,0,0,0,,,"Tout vient à point à qui sait ramasser",,,,,,,,,,,,,,0xFF01FE,0,0,0,0,11,
3415,1168,8,1166,0,0,0,0,0,,,"Tout vient à point à qui sait ramasser",,,,,,,,,,,,,,0xFF01FE,0,0,0,0,11,
3429,1169,8,583,0,0,0,0,0,,,"Vedette du bassin d'Arathi",,,,,,,,,,,,,,0xFF01FE,0,0,0,0,11,
3444,1170,8,583,0,0,0,0,0,,,"Vedette du bassin d'Arathi",,,,,,,,,,,,,,0xFF01FE,0,0,0,0,11,
3472,1172,8,207,0,0,0,0,0,,,"Sauveur du jour",,,,,,,,,,,,,,0xFF01FE,0,0,0,0,11,
3487,1173,8,207,0,0,0,0,0,,,"Sauveur du jour",,,,,,,,,,,,,,0xFF01FE,0,0,0,0,11,
3525,1183,28,42260,1,0,0,0,0,,,"Bière de gland d'automne",,,,,,,,,,,,,,0xFF01FE,0,0,0,0,11,
3733,557,49,11,1,0,0,0,0,,,"Anneau droit",,,,,,,,,,,,,,0xFF01FE,0,0,0,0,11,
3751,1206,54,225,1,0,0,0,0,,,"Grenouille",,,,,,,,,,,,,,0xFF01FE,0,0,0,0,11,
3772,1244,68,175736,1,0,0,0,0,,,"Forgefer - l'Eveil des Nains",,,,,,,,,,,,,,0xFF01FE,0,0,0,0,11,
3870,153,72,182953,1,0,0,0,0,,,"Banc de poissons-spores",,,,,,,,,,,,,,0xFF01FE,2,0,0,0,11,
3949,1283,8,638,0,0,0,0,0,,,"Uldaman",,,,,,,,,,,,,,0xFF01FE,0,0,0,0,11,
3975,1284,8,657,0,0,0,0,0,,,"Les salles Brisées",,,,,,,,,,,,,,0xFF01FE,0,0,0,0,11,
4034,1287,8,678,0,0,0,0,0,,,"Les Salles brisées en mode héroïque",,,,,,,,,,,,,,0xFF01FE,0,0,0,0,11,
4050,1288,8,487,0,0,0,0,0,,,"L'Oculus",,,,,,,,,,,,,,0xFF01FE,0,0,0,0,11,
4066,1289,8,498,0,0,0,0,0,,,"L'Oculus en mode héroïque",,,,,,,,,,,,,,0xFF01FE,0,0,0,0,11,
4132,1264,43,1485,0,0,0,0,0,,,"Donjon de la Bravoure",,,,,,,,,,,,,,0xFF01FE,0,0,0,0,11,
4147,1263,43,1509,0,0,0,0,0,,,"La piste des Géants",,,,,,,,,,,,,,0xFF01FE,0,0,0,0,11,
4170,1265,43,1514,0,0,0,0,0,,,"Angrathar le portail du Courroux",,,,,,,,,,,,,,0xFF01FE,0,0,0,0,11,
4188,1266,43,1479,0,0,0,0,0,,,"Gîte Ambrepin",,,,,,,,,,,,,,0xFF01FE,0,0,0,0,11,
4202,1267,43,1540,0,0,0,0,0,,,"Voltarus",,,,,,,,,,,,,,0xFF01FE,0,0,0,0,11,
4217,1268,43,1555,0,0,0,0,0,,,"Bastion de Kartak",,,,,,,,,,,,,,0xFF01FE,0,0,0,0,11,
4285,684,36,17078,1,0,0,0,0,,,"Drapé de Saphiron",,,,,,,,,,,,,,0xFF01FE,2,0,0,0,11,
4298,345,41,18253,0,0,0,0,0,,,"Potion de régénération majeure",,,,,,,,,,,,,,0xFF01FE,0,0,0,0,11,
4323,922,41,3385,0,0,0,0,0,,,"Potion de mana inférieure",,,,,,,,,,,,,,0xFF01FE,0,0,0,0,11,
4346,923,41,8949,0,0,0,0,0,,,"Elixir d'Agilité",,,,,,,,,,,,,,0xFF01FE,0,0,0,0,11,
4459,687,27,8801,1,0,0,0,0,,,"L'héritage de C'Thun",,,,,,,,,,,,,,0xFF01FE,2,0,0,0,11,
4514,1311,0,18692,1,0,0,0,0,,,"Hemathion",,,,,,,,,,,,,,0xFF01FE,0,0,0,0,11,
4550,686,36,16922,1,0,0,0,0,,,"Jambières de transcendance",,,,,,,,,,,,,,0xFF01FE,2,0,0,0,11,
4570,685,36,19360,1,0,0,0,0,,,"Lok'amir il Romathis",,,,,,,,,,,,,,0xFF01FE,2,0,0,0,11,
4606,698,36,34340,1,0,0,0,0,,,"Collerette de sombre conjurateur",,,,,,,,,,,,,,0xFF01FE,2,0,0,0,11,
4627,695,36,30904,1,0,0,0,0,,,"Emprise du sauveur",,,,,,,,,,,,,,0xFF01FE,2,0,0,0,11,
4729,812,41,19012,0,0,0,0,0,,,"Pierre de soins majeure (1)",,,,,,,,,,,,,,0xFF01FE,0,0,0,0,11,
4747,924,46,1050,42000,0,0,0,0,,,"Exalté auprès de l'expédition de la Bravoure",,,,,,,,,,,,,,0xFF01FE,0,0,0,0,11,
4760,925,46,1031,42000,0,0,0,0,,,"Exalté auprès de la Garde-ciel sha'tari",,,,,,,,,,,,,,0xFF01FE,0,0,0,0,11,
4778,927,49,1,1,0,0,0,0,,,"Un collier épique !",,,,,,,,,,,,,,0xFF01FE,0,0,0,0,11,
4797,697,36,32496,1,0,0,0,0,,,"Souvenir de Tyrande",,,,,,,,,,,,,,0xFF01FE,2,0,0,0,11,
4827,696,36,29998,1,0,0,0,0,,,"Gantelets royaux de Lune-d'argent",,,,,,,,,,,,,,0xFF01FE,2,0,0,0,11,
4857,694,36,30621,1,0,0,0,0,,,"Prisme du calme intérieur",,,,,,,,,,,,,,0xFF01FE,2,0,0,0,11,
4884,693,36,28774,1,0,0,0,0,,,"Couteau de brèche de la fosse",,,,,,,,,,,,,,0xFF01FE,2,0,0,0,11,
4916,692,36,28827,1,0,0,0,0,,,"Gantelets du tueur de dragon",,,,,,,,,,,,,,0xFF01FE,2,0,0,0,11,
5002,350,68,189993,0,0,0,0,0,,,"Portail vers Theramore",,,,,,,,,,,,,,0xFF01FE,0,0,0,0,11,
5030,388,70,0,50,0,0,0,0,,,"Port de Hurlevent",,,,,,,,,,,,,,0xFF01FE,3,0,0,0,11,
5063,1307,27,9004,1,0,0,0,0,,,"Garder le meilleur pour la fin",,,,,,,,,,,,,,0xFF01FE,2,0,0,0,11,
5077,227,55,0,300000,3,607,3,607,,,"300 000 points de vie rendus sur le rivage des Anciens",,,,,,,,,,,,,,0xFF01FE,11,0,0,0,11,
5089,284,36,34002,1,0,0,0,0,,,"Masque d'elfe de sang fragile (M)",,,,,,,,,,,,,,0xFF01FE,0,0,0,0,11,
5099,1187,36,42482,1,0,0,0,0,,,"La clé du fort Pourpre",,,,,,,,,,,,,,0xFF01FE,0,0,0,0,11,
5151,1396,27,13027,1,0,0,0,0,,,"Ancien Tauros à Zim'Torga",,,,,,,,,,,,,,0xFF01FE,0,0,0,0,11,
5263,910,27,13065,1,0,0,0,0,,,"Ancien Ohanzee à Gundrak",,,,,,,,,,,,,,0xFF01FE,0,0,0,0,11,
5323,926,46,922,42000,0,0,0,0,,,"Exalté auprès de Tranquillien",,,,,,,,,,,,,,0xFF01FE,0,0,0,0,11,
5338,1466,46,589,42000,0,0,0,0,,,"Exalté auprès des Éleveurs de sabres-d'hiver",,,,,,,,,,,,,,0xFF01FE,0,0,0,0,11,
5452,1467,0,27975,1,0,0,0,0,,,"Damoiselle de peine",,,,,,,,,,,,,,0xFF01FE,0,0,0,0,11,
5561,1199,40,197,1,0,0,0,0,,,"Couture",,,,,,,,,,,,,,0xFF01FE,0,0,0,0,11,
5575,1201,7,197,450,0,0,0,0,,,"Couture",,,,,,,,,,,,,,0xFF01FE,0,0,0,0,11,
5586,1202,7,228,400,0,0,0,0,,,"Baguettes",,,,,,,,,,,,,,0xFF01FE,0,0,0,0,11,
5626,1103,0,31134,1,0,0,0,0,,,"Cyanigosa",,,,,,,,,,,,,,0xFF01FE,0,0,0,0,11,
5672,1516,8,1225,0,0,0,0,0,,,"Pêcheur en Outreterre",,,,,,,,,,,,,,0xFF01FE,0,0,0,0,11,
5816,556,49,11,1,0,0,0,0,,,"Anneau droit",,,,,,,,,,,,,,0xFF01FE,0,0,0,0,11,
5830,1656,8,970,0,0,0,0,0,,,"Bonbons et blagues d'Azeroth",,,,,,,,,,,,,,0xFF01FE,0,0,0,0,11,
5842,1657,8,971,0,0,0,0,0,,,"Bonbons et blagues d'Azeroth",,,,,,,,,,,,,,0xFF01FE,0,0,0,0,11,
5853,1269,43,1583,0,0,0,0,0,,,"Chute-tonnerre",,,,,,,,,,,,,,0xFF01FE,0,0,0,0,11,
5869,1270,43,1594,0,0,0,0,0,,,"La Déflagration",,,,,,,,,,,,,,0xFF01FE,0,0,0,0,11,
5886,1658,0,26861,1,0,0,0,0,,,"Roi Ymiron : mode héroïque",,,,,,,,,,,,,,0xFF01FE,0,0,0,0,11,
5910,1676,11,269,700,0,0,0,0,,,"Dun Algaz",,,,,,,,,,,,,,0xFF01FE,3,0,0,0,11,
5962,1677,11,269,550,0,0,0,0,,,"Dun Algaz",,,,,,,,,,,,,,0xFF01FE,3,0,0,0,11,
6014,1678,11,15,700,0,0,0,0,,,"Marécage d'Âprefange",,,,,,,,,,,,,,0xFF01FE,3,0,0,0,11,
6109,1680,11,15,685,0,0,0,0,,,"Marécage d'Âprefange",,,,,,,,,,,,,,0xFF01FE,3,0,0,0,11,
6273,1691,8,1690,0,0,0,0,0,,,"Briser la glace",,,,,,,,,,,,,,0xFF01FE,0,0,0,0,11,
6285,1692,8,1690,0,0,0,0,0,,,"Briser la glace",,,,,,,,,,,,,,0xFF01FE,0,0,0,0,11,
6290,913,8,937,0,0,0,0,0,,,"La bénédiction d'Elune",,,,,,,,,,,,,,0xFF01FE,0,0,0,0,11,
6321,1699,110,27571,1,0,0,0,0,,,"Chasseur nain",,,,,,,,,,,,,,0xFF01FE,0,0,0,0,11,
6363,1693,8,1703,0,0,0,0,0,,,"Mignonne, allons voir la rose",,,,,,,,,,,,,,0xFF01FE,0,0,0,0,11,
6377,1707,8,1703,0,0,0,0,0,,,"Mignonne, allons voir la rose",,,,,,,,,,,,,,0xFF01FE,0,0,0,0,11,
6496,1777,29,45565,1,0,0,0,0,,,"Méduse pochée",,,,,,,,,,,,,,0xFF01FE,0,0,0,0,11,
6672,1792,34,40614,0,0,0,0,0,,,"Egbert",,,,,,,,,,,,,,0xFF01FE,2,0,0,0,11,
6771,1800,29,33293,1,0,0,0,0,,,"Eperlan grillé",,,,,,,,,,,,,,0xFF01FE,0,0,0,0,11,
6787,1784,8,1800,0,0,0,0,0,,,"Gourmet de l'Outreterre",,,,,,,,,,,,,,0xFF01FE,0,0,0,0,11,
6788,1563,8,1800,0,0,0,0,0,,,"Gourmet de l'Outreterre",,,,,,,,,,,,,,0xFF01FE,0,0,0,0,11,
7152,578,0,15928,1,0,0,0,0,,,"Thaddius",,,,,,,,,,,,,,0xFF01FE,0,0,0,0,11,
7162,579,0,16028,1,0,0,0,0,,,"Le Recousu",,,,,,,,,,,,,,0xFF01FE,0,0,0,0,11,
7254,1957,36,43632,1,0,0,0,0,,,"Pièce d'or de Sylvanas Coursevent",,,,,,,,,,,,,,0xFF01FE,0,0,0,0,11,
7310,2019,27,13255,1,0,0,0,0,,,"Preuve de la mort du héraut Volazj",,,,,,,,,,,,,,0xFF01FE,0,0,0,0,11,
7451,2094,42,43712,1,0,0,0,0,,,"Pièce de cuivre de Krasus",,,,,,,,,,,,,,0xFF01FE,0,0,0,0,11,
7473,2095,42,43685,1,0,0,0,0,,,"Pièce d'argent de Maiev Chantelombre",,,,,,,,,,,,,,0xFF01FE,0,0,0,0,11,
7536,2137,8,2047,0,0,0,0,0,,,"Éruption volcanique",,,,,,,,,,,,,,0xFF01FE,0,0,0,0,11,
7544,2138,8,1875,0,0,0,0,0,,,"L'éternité derrière vous (25 joueurs)",,,,,,,,,,,,,,0xFF01FE,0,0,0,0,11,
7581,2136,8,2151,0,0,0,0,0,,,"Consumé par l'ambition",,,,,,,,,,,,,,0xFF01FE,0,0,0,0,11,
7652,2194,8,1766,0,0,0,0,0,,,"Protecteur des Anciens",,,,,,,,,,,,,,0xFF01FE,0,0,0,0,11,
7664,2195,8,1766,0,0,0,0,0,,,"Protecteur des Anciens",,,,,,,,,,,,,,0xFF01FE,0,0,0,0,11,
7736,1752,8,1751,0,0,0,0,0,,,"Gagné d'avance",,,,,,,,,,,,,,0xFF01FE,0,0,0,0,11,
7802,322,20,26532,0,0,0,0,0,,,"Chronoseigneur Epoque",,,,,,,,,,,,,,0xFF01FE,0,0,0,0,11,
7821,323,20,16065,0,0,0,0,0,,,"Dame Blaumeux",,,,,,,,,,,,,,0xFF01FE,0,0,0,0,11,
7841,324,20,15990,0,0,0,0,0,,,"Kel'Thuzad",,,,,,,,,,,,,,0xFF01FE,0,0,0,0,11,
7865,801,28,20760,0,0,0,0,0,,,"Utilisation de pierre d'âme",,,,,,,,,,,,,,0xFF01FE,0,0,0,0,11,
8110,2256,0,32409,1,0,0,0,0,,,"Survivant d'Indu'le affolé",,,,,,,,,,,,,,0xFF01FE,0,0,0,0,11,
8707,347,41,22238,0,0,0,0,0,,,"Fondant aux myrtilles",,,,,,,,,,,,,,0xFF01FE,2,0,0,0,11,
9002,346,41,23584,0,0,0,0,0,,,"Brune de Loch Modan",,,,,,,,,,,,,,0xFF01FE,2,0,0,0,11,
9309,2557,54,225,1,0,0,0,0,,,"Pique-bœuf de Sholazar",,,,,,,,,,,,,,0xFF01FE,0,0,0,0,11,
9367,2556,0,6271,1,0,0,0,0,,,"Souris",,,,,,,,,,,,,,0xFF01FE,0,0,0,0,11,
9749,2758,27,13689,1,0,0,0,0,,,"",,,,,,,,,,,,,,0xFF01FF,2,0,0,0,11,
9771,2776,8,1751,0,0,0,0,0,,,"Gagné d'avance",,,,,,,,,,,,,,0xFF01FE,0,0,0,0,11,
9986,1770,0,33412,1,0,0,0,0,,,"Mimiron",,,,,,,,,,,,,,0xFF01FE,0,0,0,0,11,
9987,1756,0,33412,1,0,0,0,0,,,"Mimiron",,,,,,,,,,,,,,0xFF01FE,0,0,0,0,11,
10347,2903,0,33432,1,0,0,0,0,,,"Mimiron",,,,,,,,,,,,,,0xFF01FE,0,0,0,0,11,
10361,2904,0,33432,1,0,0,0,0,,,"Mimiron",,,,,,,,,,,,,,0xFF01FE,0,0,0,0,11,
10464,2957,8,3180,0,0,0,0,0,,,"Ne jamais toucher au bouton rouge",,,,,,,,,,,,,,0xFF01FE,0,0,0,0,11,
10465,2958,8,3189,0,0,0,0,0,,,"Ne jamais toucher au bouton rouge (25 joueurs)",,,,,,,,,,,,,,0xFF01FE,0,0,0,0,11,
11512,3857,8,3855,0,0,0,0,0,,,"Le glaive sonne le glas",,,,,,,,,,,,,,0xFF01FE,0,0,0,0,11,
11759,3957,8,3855,0,0,0,0,0,,,"Le glaive sonne le glas",,,,,,,,,,,,,,0xFF01FE,0,0,0,0,11,
11913,3802,28,68206,1,0,0,0,0,,,"Malchezaar",,,,,,,,,,,,,,0xFF01FE,0,0,0,0,11,
12083,1525,27,13115,1,0,0,0,0,,,"Pain de viande aux champignons infusés - Alliance",,,,,,,,,,,,,,0xFF01FE,0,0,0,0,11,
12628,4416,34,25162,0,0,0,0,0,,,"Suinteux dégoûtant",,,,,,,,,,,,,,0xFF01FE,2,0,0,0,11,
12688,4456,0,31134,1,0,0,0,0,,,"Cyanigosa",,,,,,,,,,,,,,0xFF01FE,0,0,0,0,11,
12808,4556,0,31134,1,0,0,0,0,,,"Cyanigosa",,,,,,,,,,,,,,0xFF01FE,0,0,0,0,11,
12887,1695,27,24647,1,0,0,0,0,,,"",,,,,,,,,,,,,,0xFF01FC,2,0,0,0,11,
12923,4602,8,4578,0,0,0,0,0,,,"Nausées, brûlures d'estomac, indigestions...",,,,,,,,,,,,,,0xFF01FE,0,0,0,0,11,
13022,4603,8,4616,0,0,0,0,0,,,"Nausées, brûlures d'estomac, indigestions...",,,,,,,,,,,,,,0xFF01FE,0,0,0,0,11,
13250,811,41,46379,0,0,0,0,0,,,"Flacon de sang de pierre",,,,,,,,,,,,,,0xFF01FE,0,0,0,0,11,
13406,4788,36,28887,1,0,0,0,0,,,"",,,,,,,,,,,,,,0xFF01FC,0,0,0,0,11,
13419,4789,36,28912,1,0,0,0,0,,,"",,,,,,,,,,,,,,0xFF01FC,0,0,0,0,11,
513,627,43,103,1,0,0,0,0,,,"Brassetout",,,,,,,,,,,,,,0xFF01FE,0,0,0,0,12,
770,700,36,37865,1,0,0,0,0,,,"Médaillon de la Horde",,,,,,,,,,,,,,0xFF01FE,2,0,0,0,12,
790,701,36,28236,1,0,0,0,0,,,"Médaillon de l'Alliance",,,,,,,,,,,,,,0xFF01FE,2,0,0,0,12,
834,705,7,160,400,0,0,0,0,,,"Masses à deux mains",,,,,,,,,,,,,,0xFF01FE,0,0,0,0,12,
913,736,43,208,1,0,0,0,0,,,"Crête des Furies-des-vents",,,,,,,,,,,,,,0xFF01FE,0,0,0,0,12,
928,750,43,472,1,0,0,0,0,,,"L'oasis stagnante",,,,,,,,,,,,,,0xFF01FE,0,0,0,0,12,
958,760,43,452,1,0,0,0,0,,,"Promontoire de Sofera",,,,,,,,,,,,,,0xFF01FE,0,0,0,0,12,
972,761,43,572,1,0,0,0,0,,,"Village Fânécorce",,,,,,,,,,,,,,0xFF01FE,0,0,0,0,12,
1025,765,43,592,1,0,0,0,0,,,"Site de fouilles de Martèlorteil",,,,,,,,,,,,,,0xFF01FE,0,0,0,0,12,
1049,768,43,224,1,0,0,0,0,,,"Poste de garde de la Croisade",,,,,,,,,,,,,,0xFF01FE,0,0,0,0,12,
1064,769,43,312,1,0,0,0,0,,,"Donjon d'Ombrecroc",,,,,,,,,,,,,,0xFF01FE,0,0,0,0,12,
1079,770,43,972,1,0,0,0,0,,,"La grotte des Pleurs",,,,,,,,,,,,,,0xFF01FE,0,0,0,0,12,
1092,771,43,883,1,0,0,0,0,,,"La Balafre infecte",,,,,,,,,,,,,,0xFF01FE,0,0,0,0,12,
1114,772,43,456,1,0,0,0,0,,,"Île de la purification",,,,,,,,,,,,,,0xFF01FE,0,0,0,0,12,
1126,773,43,612,1,0,0,0,0,,,"Shaol'watha",,,,,,,,,,,,,,0xFF01FE,0,0,0,0,12,
1157,776,43,132,1,0,0,0,0,,,"Lac du Cairn",,,,,,,,,,,,,,0xFF01FE,0,0,0,0,12,
1172,778,43,432,1,0,0,0,0,,,"Manoir Mantebrume",,,,,,,,,,,,,,0xFF01FE,0,0,0,0,12,
1207,781,43,509,1,0,0,0,0,,,"Mine aux cristaux",,,,,,,,,,,,,,0xFF01FE,0,0,0,0,12,
1259,802,43,292,1,0,0,0,0,,,"Phare de l'Ouest",,,,,,,,,,,,,,0xFF01FE,0,0,0,0,12,
1273,841,43,392,1,0,0,0,0,,,"Marais des Poils-moussus",,,,,,,,,,,,,,0xFF01FE,0,0,0,0,12,
1290,42,8,768,1,0,0,0,0,,,"Clairières de Tirisfal",,,,,,,,,,,,,,0xFF01FE,0,0,0,0,12,
1334,845,43,752,1,0,0,0,0,,,"Retraite de Raynebois",,,,,,,,,,,,,,0xFF01FE,0,0,0,0,12,
1380,848,43,764,1,0,0,0,0,,,"Convent de Mannoroc",,,,,,,,,,,,,,0xFF01FE,0,0,0,0,12,
1390,849,43,991,1,0,0,0,0,,,"Camp Mojache",,,,,,,,,,,,,,0xFF01FE,0,0,0,0,12,
1420,851,43,647,1,0,0,0,0,,,"Rivage de Brisesud",,,,,,,,,,,,,,0xFF01FE,0,0,0,0,12,
1436,852,43,852,1,0,0,0,0,,,"Campement des Haldarr",,,,,,,,,,,,,,0xFF01FE,0,0,0,0,12,
1451,853,43,872,1,0,0,0,0,,,"Morlos'Aran",,,,,,,,,,,,,,0xFF01FE,0,0,0,0,12,
1479,857,43,1006,1,0,0,0,0,,,"Gorge du Blanc murmure",,,,,,,,,,,,,,0xFF01FE,0,0,0,0,12,
1495,43,8,850,1,0,0,0,0,,,"Marécage d'Âprefange",,,,,,,,,,,,,,0xFF01FE,0,0,0,0,12,
1519,859,43,1143,1,0,0,0,0,,,"Tor'Watha",,,,,,,,,,,,,,0xFF01FE,0,0,0,0,12,
1543,858,43,1165,1,0,0,0,0,,,"Passage des Amani",,,,,,,,,,,,,,0xFF01FE,0,0,0,0,12,
1563,860,43,1374,1,0,0,0,0,,,"Rivage envasé",,,,,,,,,,,,,,0xFF01FE,0,0,0,0,12,
1584,861,43,1339,1,0,0,0,0,,,"Crête des Rageplumes",,,,,,,,,,,,,,0xFF01FE,0,0,0,0,12,
1633,862,43,1221,1,0,0,0,0,,,"Trône de Kil'jaeden",,,,,,,,,,,,,,0xFF01FE,0,0,0,0,12,
1654,863,43,1178,1,0,0,0,0,,,"Sporeggar",,,,,,,,,,,,,,0xFF01FE,0,0,0,0,12,
1675,864,43,1274,1,0,0,0,0,,,"Halte Illidari",,,,,,,,,,,,,,0xFF01FE,0,0,0,0,12,
1695,865,43,1300,1,0,0,0,0,,,"Grishnath",,,,,,,,,,,,,,0xFF01FE,0,0,0,0,12,
1720,866,43,1226,1,0,0,0,0,,,"Ruines de la Lame ardente",,,,,,,,,,,,,,0xFF01FE,0,0,0,0,12,
1737,867,43,1316,1,0,0,0,0,,,"Ruines Mâche-les-os",,,,,,,,,,,,,,0xFF01FE,0,0,0,0,12,
1770,843,43,1263,1,0,0,0,0,,,"Kirin'Var",,,,,,,,,,,,,,0xFF01FE,0,0,0,0,12,
1942,912,27,8651,1,0,0,0,0,,,"Ancien Baguefer dans la gorge des Vents brûlants",,,,,,,,,,,,,,0xFF01FE,0,0,0,0,12,
1957,911,27,8723,1,0,0,0,0,,,"Ancien Ventenuit à Gangrebois",,,,,,,,,,,,,,0xFF01FE,0,0,0,0,12,
2083,963,27,12396,1,0,0,0,0,,,"Les Tarides, Cabestan",,,,,,,,,,,,,,0xFF01FE,0,0,0,0,12,
2111,965,27,12386,1,0,0,0,0,,,"Féralas, Camp Mojache",,,,,,,,,,,,,,0xFF01FE,0,0,0,0,12,
2143,966,27,12402,1,0,0,0,0,,,"Maleterres de l'est, chapelle de l'Espoir de Lumière",,,,,,,,,,,,,,0xFF01FE,0,0,0,0,12,
2156,967,27,12371,1,0,0,0,0,,,"Forêt des Pins argentés, le Sépulcre",,,,,,,,,,,,,,0xFF01FE,0,0,0,0,12,
2206,969,27,12408,1,0,0,0,0,,,"Raz-de-Néant, la Foudreflèche",,,,,,,,,,,,,,0xFF01FE,0,0,0,0,12,
2214,968,27,12404,1,0,0,0,0,,,"Shattrath, Éminence de l'Aldor ou Degré des Clairvoyants",,,,,,,,,,,,,,0xFF01FE,0,0,0,0,12,
2271,979,36,34003,1,0,0,0,0,,,"Masque de draeneï fragile (M)",,,,,,,,,,,,,,0xFF01FE,2,0,0,0,12,
2353,556,49,12,1,0,0,0,0,,,"Premier bijou",,,,,,,,,,,,,,0xFF01FE,0,0,0,0,12,
2898,621,57,19160,1,0,0,0,0,,,"Tabard du vainqueur de l'affrontement",,,,,,,,,,,,,,0xFF01FE,2,0,0,0,12,
3123,1026,27,11839,1,0,0,0,0,,,"Berceau-de-l'Hiver",,,,,,,,,,,,,,0xFF01FE,0,0,0,0,12,
3153,1029,27,11803,1,0,0,0,0,,,"Berceau-de-l'Hiver",,,,,,,,,,,,,,0xFF01FE,0,0,0,0,12,
3312,344,41,8545,1,0,0,0,0,,,"Bandage épais en tisse-mage",,,,,,,,,,,,,,0xFF01FE,0,0,0,0,12,
3430,1169,8,584,0,0,0,0,0,,,"Assassin du bassin d'Arathi",,,,,,,,,,,,,,0xFF01FE,0,0,0,0,12,
3445,1170,8,584,0,0,0,0,0,,,"Assassin du bassin d'Arathi",,,,,,,,,,,,,,0xFF01FE,0,0,0,0,12,
3526,1183,28,42254,1,0,0,0,0,,,"Bière aromatisée au miel",,,,,,,,,,,,,,0xFF01FE,0,0,0,0,12,
3734,557,49,12,1,0,0,0,0,,,"Premier bijou",,,,,,,,,,,,,,0xFF01FE,0,0,0,0,12,
3752,1206,54,225,1,0,0,0,0,,,"Gazelle",,,,,,,,,,,,,,0xFF01FE,0,0,0,0,12,
3773,1244,68,175754,1,0,0,0,0,,,"Kel'Thuzad et l'avènement du Fléau",,,,,,,,,,,,,,0xFF01FE,0,0,0,0,12,
3857,153,72,180657,1,0,0,0,0,,,"Banc clairsemé de lutjans de nagefeu",,,,,,,,,,,,,,0xFF01FE,2,0,0,0,12,
3950,1283,8,639,0,0,0,0,0,,,"Zul'Farrak",,,,,,,,,,,,,,0xFF01FE,0,0,0,0,12,
3976,1284,8,658,0,0,0,0,0,,,"Le Méchanar",,,,,,,,,,,,,,0xFF01FE,0,0,0,0,12,
4035,1287,8,679,0,0,0,0,0,,,"Le Méchanar en mode héroïque",,,,,,,,,,,,,,0xFF01FE,0,0,0,0,12,
4051,1288,8,488,0,0,0,0,0,,,"Cime d'Utgarde",,,,,,,,,,,,,,0xFF01FE,0,0,0,0,12,
4067,1289,8,499,0,0,0,0,0,,,"Cime d'Utgarde en mode héroïque",,,,,,,,,,,,,,0xFF01FE,0,0,0,0,12,
4134,1264,43,1487,0,0,0,0,0,,,"Les champs de Geysers",,,,,,,,,,,,,,0xFF01FE,0,0,0,0,12,
4148,1263,43,1510,0,0,0,0,0,,,"Fort Hardivar",,,,,,,,,,,,,,0xFF01FE,0,0,0,0,12,
4171,1265,43,1516,0,0,0,0,0,,,"Marteau d'Agmar",,,,,,,,,,,,,,0xFF01FE,0,0,0,0,12,
4189,1266,43,1481,0,0,0,0,0,,,"Chantier d'abattage du Ciel bleu",,,,,,,,,,,,,,0xFF01FE,0,0,0,0,12,
4203,1267,43,1541,0,0,0,0,0,,,"Fin de Thrym",,,,,,,,,,,,,,0xFF01FE,0,0,0,0,12,
4218,1268,43,1556,0,0,0,0,0,,,"La saillie de Forgetempête",,,,,,,,,,,,,,0xFF01FE,0,0,0,0,12,
4286,684,36,18205,1,0,0,0,0,,,"Torque d'Eskhandar",,,,,,,,,,,,,,0xFF01FE,2,0,0,0,12,
4299,345,41,118,0,0,0,0,0,,,"Potion de soins mineure",,,,,,,,,,,,,,0xFF01FE,0,0,0,0,12,
4324,922,41,34440,0,0,0,0,0,,,"Potion de l'alchimiste fou",,,,,,,,,,,,,,0xFF01FE,0,0,0,0,12,
4347,923,41,13453,0,0,0,0,0,,,"Elixir de force de brute",,,,,,,,,,,,,,0xFF01FE,0,0,0,0,12,
4418,811,41,22866,0,0,0,0,0,,,"Flacon de pure mort",,,,,,,,,,,,,,0xFF01FE,0,0,0,0,12,
4460,687,27,9251,1,0,0,0,0,,,"Atiesh, le grand bâton souillé",,,,,,,,,,,,,,0xFF01FE,2,0,0,0,12,
4515,1311,0,18696,1,0,0,0,0,,,"Kraator",,,,,,,,,,,,,,0xFF01FE,0,0,0,0,12,
4551,686,36,16938,1,0,0,0,0,,,"Garde-jambes de traqueur de dragon",,,,,,,,,,,,,,0xFF01FE,2,0,0,0,12,
4571,685,36,19375,1,0,0,0,0,,,"Mish'undare, coiffure du flagelleur mental",,,,,,,,,,,,,,0xFF01FE,2,0,0,0,12,
4607,698,36,34244,1,0,0,0,0,,,"Semblance fourbe",,,,,,,,,,,,,,0xFF01FE,2,0,0,0,12,
4628,695,36,30911,1,0,0,0,0,,,"Sceptre de purification",,,,,,,,,,,,,,0xFF01FE,2,0,0,0,12,
4730,812,41,19013,0,0,0,0,0,,,"Pierre de soins majeure (2)",,,,,,,,,,,,,,0xFF01FE,0,0,0,0,12,
4748,924,46,1068,42000,0,0,0,0,,,"Exalté auprès de la Ligue des explorateurs",,,,,,,,,,,,,,0xFF01FE,0,0,0,0,12,
4761,925,46,1077,42000,0,0,0,0,,,"Exalté auprès de l'Opération Soleil brisé",,,,,,,,,,,,,,0xFF01FE,0,0,0,0,12,
4779,927,49,16,1,0,0,0,0,,,"Un objet en main gauche épique !",,,,,,,,,,,,,,0xFF01FE,0,0,0,0,12,
4798,697,36,32471,1,0,0,0,0,,,"Eclat d'Azzinoth",,,,,,,,,,,,,,0xFF01FE,2,0,0,0,12,
4828,696,36,29991,1,0,0,0,0,,,"Jambières d'Epervier du soleil",,,,,,,,,,,,,,0xFF01FE,2,0,0,0,12,
4858,694,36,30109,1,0,0,0,0,,,"Anneau des ondulations infinies",,,,,,,,,,,,,,0xFF01FE,2,0,0,0,12,
4885,693,36,28781,1,0,0,0,0,,,"Talisman karaborien",,,,,,,,,,,,,,0xFF01FE,2,0,0,0,12,
4917,692,36,28828,1,0,0,0,0,,,"Ceinturon cousu de Gronn",,,,,,,,,,,,,,0xFF01FE,2,0,0,0,12,
5003,350,68,176500,0,0,0,0,0,,,"Portail vers les Pitons du Tonnerre",,,,,,,,,,,,,,0xFF01FE,0,0,0,0,12,
5064,1307,27,9005,1,0,0,0,0,,,"Garder le meilleur pour la fin",,,,,,,,,,,,,,0xFF01FE,2,0,0,0,12,
5078,1022,27,11828,1,0,0,0,0,,,"Les Paluns",,,,,,,,,,,,,,0xFF01FE,0,0,0,0,12,
5090,284,36,34003,1,0,0,0,0,,,"Masque de draeneï fragile (M)",,,,,,,,,,,,,,0xFF01FE,0,0,0,0,12,
5154,1396,27,13019,1,0,0,0,0,,,"Ancien Thoim à Port-Moa'ki",,,,,,,,,,,,,,0xFF01FE,0,0,0,0,12,
5264,910,27,13066,1,0,0,0,0,,,"Ancien Yurauk dans les salles de Pierre",,,,,,,,,,,,,,0xFF01FE,0,0,0,0,12,
5266,1031,27,11757,1,0,0,0,0,,,"Les Paluns",,,,,,,,,,,,,,0xFF01FE,0,0,0,0,12,
5324,926,46,1085,42000,0,0,0,0,,,"Exalté auprès de l'Offensive chanteguerre",,,,,,,,,,,,,,0xFF01FE,0,0,0,0,12,
5339,1466,46,1050,42000,0,0,0,0,,,"Exalté auprès de l'expédition de la Bravoure",,,,,,,,,,,,,,0xFF01FE,0,0,0,0,12,
5439,1467,0,29308,1,0,0,0,0,,,"Prince Taldaram",,,,,,,,,,,,,,0xFF01FE,0,0,0,0,12,
5587,1202,7,176,400,0,0,0,0,,,"Armes de jet",,,,,,,,,,,,,,0xFF01FE,0,0,0,0,12,
5622,1103,0,26723,1,0,0,0,0,,,"Keristrasza",,,,,,,,,,,,,,0xFF01FE,0,0,0,0,12,
5690,1516,8,1517,0,0,0,0,0,,,"Pêcheur en Norfendre",,,,,,,,,,,,,,0xFF01FE,0,0,0,0,12,
5854,1269,43,1585,0,0,0,0,0,,,"Temple des Tempêtes",,,,,,,,,,,,,,0xFF01FE,0,0,0,0,12,
5871,1270,43,1561,0,0,0,0,0,,,"Corp'rethar : la Porte de l'Horreur",,,,,,,,,,,,,,0xFF01FE,0,0,0,0,12,
5887,1658,28,58630,1,0,0,0,0,,,"Mal'Ganis : mode héroïque",,,,,,,,,,,,,,0xFF01FE,0,0,0,0,12,
5911,1676,11,1,700,0,0,0,0,,,"Dun Morogh",,,,,,,,,,,,,,0xFF01FE,3,0,0,0,12,
5963,1677,11,1,550,0,0,0,0,,,"Dun Morogh",,,,,,,,,,,,,,0xFF01FE,3,0,0,0,12,
6015,1678,11,361,700,0,0,0,0,,,"Gangrebois",,,,,,,,,,,,,,0xFF01FE,3,0,0,0,12,
6110,1680,11,361,685,0,0,0,0,,,"Gangrebois",,,,,,,,,,,,,,0xFF01FE,3,0,0,0,12,
6197,879,34,16081,0,0,0,0,0,,,"Loup arctique",,,,,,,,,,,,,,0xFF01FE,2,0,0,0,12,
6364,1693,8,1704,0,0,0,0,0,,,"Pas de pitié pour les artichauts",,,,,,,,,,,,,,0xFF01FE,0,0,0,0,12,
6378,1707,8,1704,0,0,0,0,0,,,"Pas de pitié pour les artichauts",,,,,,,,,,,,,,0xFF01FE,0,0,0,0,12,
6497,1777,29,45553,1,0,0,0,0,,,"Saucisses de rhinocéros",,,,,,,,,,,,,,0xFF01FE,0,0,0,0,12,
6673,1792,34,40613,0,0,0,0,0,,,"Willy",,,,,,,,,,,,,,0xFF01FE,2,0,0,0,12,
6772,1800,29,33294,1,0,0,0,0,,,"Tassergal poché",,,,,,,,,,,,,,0xFF01FE,0,0,0,0,12,
7149,578,0,16028,1,0,0,0,0,,,"Le Recousu",,,,,,,,,,,,,,0xFF01FE,0,0,0,0,12,
7165,579,0,15928,1,0,0,0,0,,,"Thaddius",,,,,,,,,,,,,,0xFF01FE,0,0,0,0,12,
7255,1957,36,43631,1,0,0,0,0,,,"Pièce d'or de Teron",,,,,,,,,,,,,,0xFF01FE,0,0,0,0,12,
7311,2019,27,13256,1,0,0,0,0,,,"Preuve de la mort de Cyanigosa",,,,,,,,,,,,,,0xFF01FE,0,0,0,0,12,
7452,2094,42,43713,1,0,0,0,0,,,"Pièce de cuivre de Kryll",,,,,,,,,,,,,,0xFF01FE,0,0,0,0,12,
7474,2095,42,43684,1,0,0,0,0,,,"Pièce d'argent de Medivh",,,,,,,,,,,,,,0xFF01FE,0,0,0,0,12,
7507,2136,8,2039,0,0,0,0,0,,,"Tombé Dred mort",,,,,,,,,,,,,,0xFF01FE,0,0,0,0,12,
7537,2137,8,2051,0,0,0,0,0,,,"Les chroniques des crépusculaires",,,,,,,,,,,,,,0xFF01FE,0,0,0,0,12,
7545,2138,8,1870,0,0,0,0,0,,,"Un petit rien (25 joueurs)",,,,,,,,,,,,,,0xFF01FE,0,0,0,0,12,
7653,2194,8,2191,0,0,0,0,0,,,"Protecteur de la cour des Anciens",,,,,,,,,,,,,,0xFF01FE,0,0,0,0,12,
7665,2195,8,2191,0,0,0,0,0,,,"Protecteur de la cour des Anciens",,,,,,,,,,,,,,0xFF01FE,0,0,0,0,12,
7801,322,20,26529,0,0,0,0,0,,,"Grancrochet",,,,,,,,,,,,,,0xFF01FE,0,0,0,0,12,
7820,323,20,15990,0,0,0,0,0,,,"Kel'Thuzad",,,,,,,,,,,,,,0xFF01FE,0,0,0,0,12,
7840,324,20,15989,0,0,0,0,0,,,"Saphiron",,,,,,,,,,,,,,0xFF01FE,0,0,0,0,12,
8111,2256,0,32417,1,0,0,0,0,,,"Généralissime écarlate Daion",,,,,,,,,,,,,,0xFF01FE,0,0,0,0,12,
8706,347,41,22237,0,0,0,0,0,,,"Désir noir",,,,,,,,,,,,,,0xFF01FE,2,0,0,0,12,
8760,801,29,20761,0,0,0,0,0,,,"Utilisation de pierre d'âme",,,,,,,,,,,,,,0xFF01FE,0,0,0,0,12,
9001,346,41,23246,0,0,0,0,0,,,"Bière de fête flamboyante",,,,,,,,,,,,,,0xFF01FE,2,0,0,0,12,
9310,2557,54,225,1,0,0,0,0,,,"Pingouin de la toundra",,,,,,,,,,,,,,0xFF01FE,0,0,0,0,12,
9368,2556,0,4075,1,0,0,0,0,,,"Rat",,,,,,,,,,,,,,0xFF01FE,0,0,0,0,12,
9747,2758,27,13706,1,0,0,0,0,,,"",,,,,,,,,,,,,,0xFF01FF,2,0,0,0,12,
9988,1770,0,33271,1,0,0,0,0,,,"Général Vezax",,,,,,,,,,,,,,0xFF01FE,0,0,0,0,12,
9989,1756,0,33271,1,0,0,0,0,,,"Général Vezax",,,,,,,,,,,,,,0xFF01FE,0,0,0,0,12,
10110,2957,8,3181,0,0,0,0,0,,,"J'aime l'odeur de la saronite au petit matin",,,,,,,,,,,,,,0xFF01FE,0,0,0,0,12,
10349,2903,0,33271,1,0,0,0,0,,,"Général Vezax",,,,,,,,,,,,,,0xFF01FE,0,0,0,0,12,
10362,2904,0,33271,1,0,0,0,0,,,"Général Vezax",,,,,,,,,,,,,,0xFF01FE,0,0,0,0,12,
10375,2958,8,3188,0,0,0,0,0,,,"J'aime l'odeur de la saronite au petit matin (25 joueurs)",,,,,,,,,,,,,,0xFF01FE,0,0,0,0,12,
11914,3802,28,68206,1,0,0,0,0,,,"Gruul",,,,,,,,,,,,,,0xFF01FE,0,0,0,0,12,
12084,1525,27,13107,1,0,0,0,0,,,"Pain de viande aux champignons infusés - Alliance",,,,,,,,,,,,,,0xFF01FE,0,0,0,0,12,
12378,227,55,0,300000,3,628,3,628,,,"300 000 points de vie rendus sur l'île des Conquérants",,,,,,,,,,,,,,0xFF01FE,11,0,0,0,12,
12629,4416,34,10682,0,0,0,0,0,,,"Ara jacinthe",,,,,,,,,,,,,,0xFF01FE,2,0,0,0,12,
12689,4456,0,26723,1,0,0,0,0,,,"Keristrasza",,,,,,,,,,,,,,0xFF01FE,0,0,0,0,12,
12809,4556,0,26723,1,0,0,0,0,,,"Keristrasza",,,,,,,,,,,,,,0xFF01FE,0,0,0,0,12,
12888,1695,27,24648,1,0,0,0,0,,,"",,,,,,,,,,,,,,0xFF01FC,2,0,0,0,12,
12924,4602,8,4582,0,0,0,0,0,,,"L'orbe qui murmurait à l'oreille des nobliaux",,,,,,,,,,,,,,0xFF01FE,0,0,0,0,12,
13023,4603,8,4617,0,0,0,0,0,,,"L'orbe qui murmurait à l'oreille des nobliaux",,,,,,,,,,,,,,0xFF01FE,0,0,0,0,12,
13407,4788,36,28888,1,0,0,0,0,,,"",,,,,,,,,,,,,,0xFF01FC,0,0,0,0,12,
13420,4789,36,28909,1,0,0,0,0,,,"",,,,,,,,,,,,,,0xFF01FC,0,0,0,0,12,
514,627,43,161,1,0,0,0,0,,,"Courbenclume",,,,,,,,,,,,,,0xFF01FE,0,0,0,0,13,
756,705,7,162,400,0,0,0,0,,,"Mains nues",,,,,,,,,,,,,,0xFF01FE,0,0,0,0,13,
771,700,36,30346,1,0,0,0,0,,,"Médaillon de la Horde",,,,,,,,,,,,,,0xFF01FE,2,0,0,0,13,
791,701,36,28237,1,0,0,0,0,,,"Médaillon de l'Alliance",,,,,,,,,,,,,,0xFF01FE,2,0,0,0,13,
915,736,43,204,1,0,0,0,0,,,"Puits Crin-sauvage",,,,,,,,,,,,,,0xFF01FE,0,0,0,0,13,
929,750,43,473,1,0,0,0,0,,,"Cabestan",,,,,,,,,,,,,,0xFF01FE,0,0,0,0,13,
959,760,43,453,1,0,0,0,0,,,"Strahnbrande",,,,,,,,,,,,,,0xFF01FE,0,0,0,0,13,
973,761,43,573,1,0,0,0,0,,,"Ferme de Go'Shek",,,,,,,,,,,,,,0xFF01FE,0,0,0,0,13,
1026,765,43,593,1,0,0,0,0,,,"La Terrasse du Faiseur",,,,,,,,,,,,,,0xFF01FE,0,0,0,0,13,
1050,768,43,223,1,0,0,0,0,,,"Jardins des murmures",,,,,,,,,,,,,,0xFF01FE,0,0,0,0,13,
1065,769,43,313,1,0,0,0,0,,,"Bois-du-Bûcher",,,,,,,,,,,,,,0xFF01FE,0,0,0,0,13,
1080,770,43,973,1,0,0,0,0,,,"La Thondroril",,,,,,,,,,,,,,0xFF01FE,0,0,0,0,13,
1093,771,43,882,1,0,0,0,0,,,"La Clairière nocive",,,,,,,,,,,,,,0xFF01FE,0,0,0,0,13,
1127,773,43,613,1,0,0,0,0,,,"Jintha'Alor",,,,,,,,,,,,,,0xFF01FE,0,0,0,0,13,
1173,778,43,433,1,0,0,0,0,,,"La Rive sombre",,,,,,,,,,,,,,0xFF01FE,0,0,0,0,13,
1208,781,43,510,1,0,0,0,0,,,"Ruines de Ziata'jai",,,,,,,,,,,,,,0xFF01FE,0,0,0,0,13,
1260,802,43,293,1,0,0,0,0,,,"Les collines de la Dague",,,,,,,,,,,,,,0xFF01FE,0,0,0,0,13,
1274,841,43,393,1,0,0,0,0,,,"Colline de Morneforge",,,,,,,,,,,,,,0xFF01FE,0,0,0,0,13,
1335,845,43,753,1,0,0,0,0,,,"Lac Tombeciel",,,,,,,,,,,,,,0xFF01FE,0,0,0,0,13,
1381,848,43,763,1,0,0,0,0,,,"Village des Magram",,,,,,,,,,,,,,0xFF01FE,0,0,0,0,13,
1391,849,43,992,1,0,0,0,0,,,"Base des Totems-sinistres",,,,,,,,,,,,,,0xFF01FE,0,0,0,0,13,
1421,851,43,646,1,0,0,0,0,,,"Le Gouffre béant",,,,,,,,,,,,,,0xFF01FE,0,0,0,0,13,
1437,852,43,853,1,0,0,0,0,,,"Sanctuaire de Chantelombre",,,,,,,,,,,,,,0xFF01FE,0,0,0,0,13,
1480,857,43,1007,1,0,0,0,0,,,"Gorge du Sombre murmure",,,,,,,,,,,,,,0xFF01FE,0,0,0,0,13,
1496,43,8,849,1,0,0,0,0,,,"Féralas",,,,,,,,,,,,,,0xFF01FE,0,0,0,0,13,
1520,859,43,1145,1,0,0,0,0,,,"Le bosquet incendié",,,,,,,,,,,,,,0xFF01FE,0,0,0,0,13,
1544,858,43,1174,1,0,0,0,0,,,"Flèche de Coursevent",,,,,,,,,,,,,,0xFF01FE,0,0,0,0,13,
1550,42,8,859,1,0,0,0,0,,,"Bois des Chants éternels",,,,,,,,,,,,,,0xFF01FE,0,0,0,0,13,
1564,860,43,1375,1,0,0,0,0,,,"Île de Brume-argent",,,,,,,,,,,,,,0xFF01FE,0,0,0,0,13,
1585,861,43,1340,1,0,0,0,0,,,"Ruines de Loreth'Aran",,,,,,,,,,,,,,0xFF01FE,0,0,0,0,13,
1634,862,43,1222,1,0,0,0,0,,,"Zeth'Gor",,,,,,,,,,,,,,0xFF01FE,0,0,0,0,13,
1655,863,43,1234,1,0,0,0,0,,,"Bastion Ango'rosh",,,,,,,,,,,,,,0xFF01FE,0,0,0,0,13,
1679,864,43,1420,1,0,0,0,0,,,"Champs de l'Aile-du-Néant",,,,,,,,,,,,,,0xFF01FE,0,0,0,0,13,
1696,865,43,1301,1,0,0,0,0,,,"Repaire de Gruul",,,,,,,,,,,,,,0xFF01FE,0,0,0,0,13,
1721,866,43,1227,1,0,0,0,0,,,"Guet des clans",,,,,,,,,,,,,,0xFF01FE,0,0,0,0,13,
1738,867,43,1390,1,0,0,0,0,,,"Terres Auchenaï",,,,,,,,,,,,,,0xFF01FE,0,0,0,0,13,
1771,843,43,1265,1,0,0,0,0,,,"Pierre-de-Néant",,,,,,,,,,,,,,0xFF01FE,0,0,0,0,13,
1853,879,36,12302,1,0,0,0,0,,,"Sabre-de-givre",,,,,,,,,,,,,,0xFF01FE,2,0,0,0,13,
1944,912,27,8652,1,0,0,0,0,,,"Ancien Né-au-tombeau à Brill",,,,,,,,,,,,,,0xFF01FE,0,0,0,0,13,
1958,911,27,8682,1,0,0,0,0,,,"Ancien Œil-des-cieux au poste de Librevent",,,,,,,,,,,,,,0xFF01FE,0,0,0,0,13,
2084,963,27,12398,1,0,0,0,0,,,"Marécage d'Âprefange, Bourbe-à-brac",,,,,,,,,,,,,,0xFF01FE,0,0,0,0,13,
2112,965,27,12362,1,0,0,0,0,,,"Mulgore, Sabot-de-sang",,,,,,,,,,,,,,0xFF01FE,0,0,0,0,13,
2144,966,27,12397,1,0,0,0,0,,,"Vallée de Strangleronce, Baie-du-Butin",,,,,,,,,,,,,,0xFF01FE,0,0,0,0,13,
2157,967,27,12382,1,0,0,0,0,,,"Vallée de Strangleronce, campement Grom'gol",,,,,,,,,,,,,,0xFF01FE,0,0,0,0,13,
2207,969,27,12404,1,0,0,0,0,,,"Shattrath, Éminence de l'Aldor ou Degré des Clairvoyants",,,,,,,,,,,,,,0xFF01FE,0,0,0,0,13,
2215,968,27,12403,1,0,0,0,0,,,"Marécage de Zangar, refuge cénarien",,,,,,,,,,,,,,0xFF01FE,0,0,0,0,13,
2272,979,36,20561,1,0,0,0,0,,,"Masque de nain fragile",,,,,,,,,,,,,,0xFF01FE,2,0,0,0,13,
2899,621,57,19031,1,0,0,0,0,,,"Tabard de bataille loup-de-givre",,,,,,,,,,,,,,0xFF01FE,2,0,0,0,13,
3074,1022,27,11827,1,0,0,0,0,,,"Maleterres de l'ouest",,,,,,,,,,,,,,0xFF01FE,0,0,0,0,13,
3172,1031,27,11756,1,0,0,0,0,,,"Maleterres de l'ouest",,,,,,,,,,,,,,0xFF01FE,0,0,0,0,13,
3313,344,41,21991,1,0,0,0,0,,,"Bandage épais en tisse-néant",,,,,,,,,,,,,,0xFF01FE,0,0,0,0,13,
3735,557,49,13,1,0,0,0,0,,,"Second bijou",,,,,,,,,,,,,,0xFF01FE,0,0,0,0,13,
3753,1206,54,225,1,0,0,0,0,,,"Lièvre",,,,,,,,,,,,,,0xFF01FE,0,0,0,0,13,
3774,1244,68,175741,1,0,0,0,0,,,"Kil'jaeden et le Pacte des ombres",,,,,,,,,,,,,,0xFF01FE,0,0,0,0,13,
3860,153,72,180683,1,0,0,0,0,,,"Banc de lutjans de nagefeu",,,,,,,,,,,,,,0xFF01FE,2,0,0,0,13,
3951,1283,8,640,0,0,0,0,0,,,"Maraudon",,,,,,,,,,,,,,0xFF01FE,0,0,0,0,13,
3977,1284,8,659,0,0,0,0,0,,,"La Botanica",,,,,,,,,,,,,,0xFF01FE,0,0,0,0,13,
4036,1287,8,680,0,0,0,0,0,,,"La Botanica en mode héroïque",,,,,,,,,,,,,,0xFF01FE,0,0,0,0,13,
4135,1264,43,1488,0,0,0,0,0,,,"Les tanières du Trépas",,,,,,,,,,,,,,0xFF01FE,0,0,0,0,13,
4149,1263,43,1512,0,0,0,0,0,,,"Ruines d'Ivald",,,,,,,,,,,,,,0xFF01FE,0,0,0,0,13,
4172,1265,43,1519,0,0,0,0,0,,,"Temple du Repos du ver",,,,,,,,,,,,,,0xFF01FE,0,0,0,0,13,
4190,1266,43,1482,0,0,0,0,0,,,"Camp Oneqwah",,,,,,,,,,,,,,0xFF01FE,0,0,0,0,13,
4204,1267,43,1542,0,0,0,0,0,,,"La Brèche de Lumière",,,,,,,,,,,,,,0xFF01FE,0,0,0,0,13,
4287,684,36,17064,1,0,0,0,0,,,"Eclat de l'écaille",,,,,,,,,,,,,,0xFF01FE,2,0,0,0,13,
4300,345,41,2456,0,0,0,0,0,,,"Potion de régénération mineure",,,,,,,,,,,,,,0xFF01FE,0,0,0,0,13,
4326,922,41,17351,0,0,0,0,0,,,"Breuvage de mana majeur",,,,,,,,,,,,,,0xFF01FE,0,0,0,0,13,
4348,923,41,22823,0,0,0,0,0,,,"Elixir de dissimulation",,,,,,,,,,,,,,0xFF01FE,0,0,0,0,13,
4419,811,41,40404,0,0,0,0,0,,,"Flacon de pur mojo",,,,,,,,,,,,,,0xFF01FE,0,0,0,0,13,
4516,1311,0,18680,1,0,0,0,0,,,"Marticar",,,,,,,,,,,,,,0xFF01FE,0,0,0,0,13,
4552,686,36,16954,1,0,0,0,0,,,"Cuissards du jugement",,,,,,,,,,,,,,0xFF01FE,2,0,0,0,13,
4572,685,36,19379,1,0,0,0,0,,,"Larme de Neltharion",,,,,,,,,,,,,,0xFF01FE,2,0,0,0,13,
4585,687,36,21586,1,0,0,0,0,,,"Ceinture d'agonie sans fin",,,,,,,,,,,,,,0xFF01FE,2,0,0,0,13,
4608,698,36,34337,1,0,0,0,0,,,"Bâton doré des Sin'dorei",,,,,,,,,,,,,,0xFF01FE,2,0,0,0,13,
4629,695,36,30910,1,0,0,0,0,,,"Tempête de chaos",,,,,,,,,,,,,,0xFF01FE,2,0,0,0,13,
4731,812,41,5512,0,0,0,0,0,,,"Pierre de soins mineure (0)",,,,,,,,,,,,,,0xFF01FE,0,0,0,0,13,
4749,924,46,1094,42000,0,0,0,0,,,"Exalté auprès du Concordat argenté",,,,,,,,,,,,,,0xFF01FE,0,0,0,0,13,
4762,925,46,932,42000,0,0,0,0,,,"Exalté auprès de l'Aldor",,,,,,,,,,,,,,0xFF01FE,0,0,0,0,13,
4780,927,49,17,1,0,0,0,0,,,"Une arme à distance/baguette/relique épique !",,,,,,,,,,,,,,0xFF01FE,0,0,0,0,13,
4799,697,36,32524,1,0,0,0,0,,,"Voile des Bien-nés",,,,,,,,,,,,,,0xFF01FE,2,0,0,0,13,
4829,696,36,29989,1,0,0,0,0,,,"Cape légère de la bruine solaire",,,,,,,,,,,,,,0xFF01FE,2,0,0,0,13,
4859,694,36,30111,1,0,0,0,0,,,"Mantelet du totem runique",,,,,,,,,,,,,,0xFF01FE,2,0,0,0,13,
4886,693,36,28776,1,0,0,0,0,,,"Gants langue-de-vipère",,,,,,,,,,,,,,0xFF01FE,2,0,0,0,13,
4918,692,36,28826,1,0,0,0,0,,,"Shuriken de négation",,,,,,,,,,,,,,0xFF01FE,2,0,0,0,13,
5004,350,68,176501,0,0,0,0,0,,,"Portail vers Fossoyeuse",,,,,,,,,,,,,,0xFF01FE,0,0,0,0,13,
5065,1307,27,9006,1,0,0,0,0,,,"Garder le meilleur pour la fin",,,,,,,,,,,,,,0xFF01FE,2,0,0,0,13,
5091,284,36,20561,1,0,0,0,0,,,"Masque de nain fragile",,,,,,,,,,,,,,0xFF01FE,0,0,0,0,13,
5155,1396,27,13028,1,0,0,0,0,,,"Ancien Crin-gris à K3",,,,,,,,,,,,,,0xFF01FE,0,0,0,0,13,
5265,910,27,13067,1,0,0,0,0,,,"Ancien Chogan'gada à la Cime d'Utgarde",,,,,,,,,,,,,,0xFF01FE,0,0,0,0,13,
5325,926,46,1067,42000,0,0,0,0,,,"Exalté auprès de la Main de la vengeance",,,,,,,,,,,,,,0xFF01FE,0,0,0,0,13,
5340,1466,46,1094,42000,0,0,0,0,,,"Exalté auprès du Concordat argenté",,,,,,,,,,,,,,0xFF01FE,0,0,0,0,13,
5381,1467,0,26731,1,0,0,0,0,,,"Grand magus Telestra",,,,,,,,,,,,,,0xFF01FE,0,0,0,0,13,
5588,1202,7,226,400,0,0,0,0,,,"Arbalètes",,,,,,,,,,,,,,0xFF01FE,0,0,0,0,13,
5632,1103,73,18716,1,0,0,0,0,,,"Mal'Ganis",,,,,,,,,,,,,,0xFF01FE,0,0,0,0,13,
5673,1516,8,1243,0,0,0,0,0,,,"Les poissons ne laissent pas de traces",,,,,,,,,,,,,,0xFF01FE,0,0,0,0,13,
5817,556,49,13,1,0,0,0,0,,,"Second bijou",,,,,,,,,,,,,,0xFF01FE,0,0,0,0,13,
5855,1269,43,1588,0,0,0,0,0,,,"Plaines des Congères",,,,,,,,,,,,,,0xFF01FE,0,0,0,0,13,
5872,1270,43,1562,0,0,0,0,0,,,"Jotunheim",,,,,,,,,,,,,,0xFF01FE,0,0,0,0,13,
5880,1658,69,61863,1,0,0,0,0,,,"Le prophète Tharon'ja : mode héroïque",,,,,,,,,,,,,,0xFF01FE,0,0,0,0,13,
5912,1676,11,10,700,0,0,0,0,,,"Bois de la Pénombre",,,,,,,,,,,,,,0xFF01FE,3,0,0,0,13,
5964,1677,11,10,550,0,0,0,0,,,"Bois de la Pénombre",,,,,,,,,,,,,,0xFF01FE,3,0,0,0,13,
6016,1678,11,357,700,0,0,0,0,,,"Féralas",,,,,,,,,,,,,,0xFF01FE,3,0,0,0,13,
6111,1680,11,357,685,0,0,0,0,,,"Féralas",,,,,,,,,,,,,,0xFF01FE,3,0,0,0,13,
6498,1777,29,45552,1,0,0,0,0,,,"Worg rôti",,,,,,,,,,,,,,0xFF01FE,0,0,0,0,13,
6773,1800,29,43761,1,0,0,0,0,,,"Aileron-de-sang grillé",,,,,,,,,,,,,,0xFF01FE,0,0,0,0,13,
7156,578,0,16061,1,0,0,0,0,,,"Instructeur Razuvious",,,,,,,,,,,,,,0xFF01FE,0,0,0,0,13,
7169,579,0,16061,1,0,0,0,0,,,"Instructeur Razuvious",,,,,,,,,,,,,,0xFF01FE,0,0,0,0,13,
7256,1957,36,43627,1,0,0,0,0,,,"Pièce d'or de Thrall",,,,,,,,,,,,,,0xFF01FE,0,0,0,0,13,
7453,2094,42,43714,1,0,0,0,0,,,"Pièce de cuivre de Landro Tirauloin",,,,,,,,,,,,,,0xFF01FE,0,0,0,0,13,
7475,2095,42,43679,1,0,0,0,0,,,"Pièce d'argent de Muradin Barbe-de-bronze",,,,,,,,,,,,,,0xFF01FE,0,0,0,0,13,
7508,2136,8,2057,0,0,0,0,0,,,"Novos l'Invocateur",,,,,,,,,,,,,,0xFF01FE,0,0,0,0,13,
7546,2138,8,2048,0,0,0,0,0,,,"Éruption volcanique (25 joueurs)",,,,,,,,,,,,,,0xFF01FE,0,0,0,0,13,
7570,2137,8,2146,0,0,0,0,0,,,"Le club des cent",,,,,,,,,,,,,,0xFF01FE,0,0,0,0,13,
7741,2194,8,1757,0,0,0,0,0,,,"La défense des anciens",,,,,,,,,,,,,,0xFF01FE,0,0,0,0,13,
7742,2195,8,2200,0,0,0,0,0,,,"La défense des anciens",,,,,,,,,,,,,,0xFF01FE,0,0,0,0,13,
7800,322,20,26861,0,0,0,0,0,,,"Roi Ymiron",,,,,,,,,,,,,,0xFF01FE,0,0,0,0,13,
7819,323,20,15989,0,0,0,0,0,,,"Saphiron",,,,,,,,,,,,,,0xFF01FE,0,0,0,0,13,
7839,324,20,15928,0,0,0,0,0,,,"Thaddius",,,,,,,,,,,,,,0xFF01FE,0,0,0,0,13,
7864,801,28,20761,0,0,0,0,0,,,"Utilisation de pierre d'âme",,,,,,,,,,,,,,0xFF01FE,0,0,0,0,13,
8112,2256,0,32422,1,0,0,0,0,,,"Grocklar",,,,,,,,,,,,,,0xFF01FE,0,0,0,0,13,
8705,347,41,22236,0,0,0,0,0,,,"Délice au lait",,,,,,,,,,,,,,0xFF01FE,2,0,0,0,13,
9000,346,41,23176,0,0,0,0,0,,,"Boisson gazeuse énergétique",,,,,,,,,,,,,,0xFF01FE,2,0,0,0,13,
9311,2557,54,225,1,0,0,0,0,,,"Lièvre",,,,,,,,,,,,,,0xFF01FE,0,0,0,0,13,
9369,2556,0,4076,1,0,0,0,0,,,"Blatte",,,,,,,,,,,,,,0xFF01FE,0,0,0,0,13,
9744,2758,27,13690,1,0,0,0,0,,,"",,,,,,,,,,,,,,0xFF01FF,2,0,0,0,13,
9990,1770,0,32871,1,0,0,0,0,,,"Algalon l'Observateur",,,,,,,,,,,,,,0xFF01FE,0,0,0,0,13,
9991,1756,0,32871,1,0,0,0,0,,,"Algalon l'Observateur",,,,,,,,,,,,,,0xFF01FE,0,0,0,0,13,
10112,2957,8,3158,0,0,0,0,0,,,"Une lumière dans la nuit",,,,,,,,,,,,,,0xFF01FE,0,0,0,0,13,
10350,2903,0,33288,1,0,0,0,0,,,"Yogg-Saron",,,,,,,,,,,,,,0xFF01FE,0,0,0,0,13,
10364,2904,0,33288,1,0,0,0,0,,,"Yogg-Saron",,,,,,,,,,,,,,0xFF01FE,0,0,0,0,13,
10377,2958,8,3163,0,0,0,0,0,,,"Une lumière dans la nuit (25 joueurs)",,,,,,,,,,,,,,0xFF01FE,0,0,0,0,13,
11915,3802,28,68206,1,0,0,0,0,,,"Vashj",,,,,,,,,,,,,,0xFF01FE,0,0,0,0,13,
12085,1525,27,13116,1,0,0,0,0,,,"Pain de viande aux champignons infusés - Alliance",,,,,,,,,,,,,,0xFF01FE,0,0,0,0,13,
12630,4416,34,67416,0,0,0,0,0,,,"Jeune raptor sauteur",,,,,,,,,,,,,,0xFF01FE,2,0,0,0,13,
12889,1695,27,24649,1,0,0,0,0,,,"",,,,,,,,,,,,,,0xFF01FC,2,0,0,0,13,
12898,1792,36,46545,1,0,0,0,0,,,"Têtard oracle curieux",,,,,,,,,,,,,,0xFF01FE,2,0,0,0,13,
12925,4602,8,4539,0,0,0,0,0,,,"J'ai les dents longues",,,,,,,,,,,,,,0xFF01FE,0,0,0,0,13,
13024,4603,8,4618,0,0,0,0,0,,,"J'ai les dents longues",,,,,,,,,,,,,,0xFF01FE,0,0,0,0,13,
13408,4788,36,28889,1,0,0,0,0,,,"",,,,,,,,,,,,,,0xFF01FC,0,0,0,0,13,
515,627,43,114,1,0,0,0,0,,,"L'antre Gris",,,,,,,,,,,,,,0xFF01FE,0,0,0,0,14,
757,705,7,228,400,0,0,0,0,,,"Baguettes",,,,,,,,,,,,,,0xFF01FE,0,0,0,0,14,
772,700,36,30345,1,0,0,0,0,,,"Médaillon de la Horde",,,,,,,,,,,,,,0xFF01FE,2,0,0,0,14,
792,701,36,30349,1,0,0,0,0,,,"Médaillon de l'Alliance",,,,,,,,,,,,,,0xFF01FE,2,0,0,0,14,
911,736,43,202,1,0,0,0,0,,,"Les Pitons du Tonnerre",,,,,,,,,,,,,,0xFF01FE,0,0,0,0,14,
930,750,43,474,1,0,0,0,0,,,"La Côte des marchands",,,,,,,,,,,,,,0xFF01FE,0,0,0,0,14,
960,760,43,454,1,0,0,0,0,,,"L'Avancée",,,,,,,,,,,,,,0xFF01FE,0,0,0,0,14,
974,761,43,574,1,0,0,0,0,,,"Ferme des Dabyrie",,,,,,,,,,,,,,0xFF01FE,0,0,0,0,14,
1027,765,43,594,1,0,0,0,0,,,"Camp Kosh",,,,,,,,,,,,,,0xFF01FE,0,0,0,0,14,
1051,768,43,222,1,0,0,0,0,,,"Vallée de Tissevenin",,,,,,,,,,,,,,0xFF01FE,0,0,0,0,14,
1066,769,43,314,1,0,0,0,0,,,"Le mur de Grisetête",,,,,,,,,,,,,,0xFF01FE,0,0,0,0,14,
1094,771,43,881,1,0,0,0,0,,,"Tour du Mur d'est",,,,,,,,,,,,,,0xFF01FE,0,0,0,0,14,
1128,773,43,614,1,0,0,0,0,,,"Les Hauts-Surplombs",,,,,,,,,,,,,,0xFF01FE,0,0,0,0,14,
1209,781,43,511,1,0,0,0,0,,,"Arène des Gurubashi",,,,,,,,,,,,,,0xFF01FE,0,0,0,0,14,
1261,802,43,294,1,0,0,0,0,,,"Les plaines de Poussière",,,,,,,,,,,,,,0xFF01FE,0,0,0,0,14,
1275,841,43,394,1,0,0,0,0,,,"Crête des raptors",,,,,,,,,,,,,,0xFF01FE,0,0,0,0,14,
1291,42,8,774,1,0,0,0,0,,,"Gorge des Vents brûlants",,,,,,,,,,,,,,0xFF01FE,0,0,0,0,14,
1336,845,43,754,1,0,0,0,0,,,"Poste de Bois-brisé",,,,,,,,,,,,,,0xFF01FE,0,0,0,0,14,
1382,848,43,762,1,0,0,0,0,,,"Ravin de Brèche-de-l'Ombre",,,,,,,,,,,,,,0xFF01FE,0,0,0,0,14,
1392,849,43,993,1,0,0,0,0,,,"Avant-poste des Gordunni",,,,,,,,,,,,,,0xFF01FE,0,0,0,0,14,
1422,851,43,645,1,0,0,0,0,,,"Ruines d'Estelune",,,,,,,,,,,,,,0xFF01FE,0,0,0,0,14,
1438,852,43,854,1,0,0,0,0,,,"Ruines d'Eldarath",,,,,,,,,,,,,,0xFF01FE,0,0,0,0,14,
1497,43,8,851,1,0,0,0,0,,,"Désert de Tanaris",,,,,,,,,,,,,,0xFF01FE,0,0,0,0,14,
1521,859,43,1175,1,0,0,0,0,,,"Lune-d'argent",,,,,,,,,,,,,,0xFF01FE,0,0,0,0,14,
1545,858,43,1177,1,0,0,0,0,,,"Ziggourat sanguinolente",,,,,,,,,,,,,,0xFF01FE,0,0,0,0,14,
1565,860,43,1376,1,0,0,0,0,,,"Repaire des Calmepins",,,,,,,,,,,,,,0xFF01FE,0,0,0,0,14,
1586,861,43,1341,1,0,0,0,0,,,"Le lieu des serres",,,,,,,,,,,,,,0xFF01FE,0,0,0,0,14,
1635,862,43,1281,1,0,0,0,0,,,"Tanière des haal'esh",,,,,,,,,,,,,,0xFF01FE,0,0,0,0,14,
1656,863,43,1236,1,0,0,0,0,,,"Terres des écailles-sanglantes",,,,,,,,,,,,,,0xFF01FE,0,0,0,0,14,
1697,865,43,1302,1,0,0,0,0,,,"La crête dentelée",,,,,,,,,,,,,,0xFF01FE,0,0,0,0,14,
1722,866,43,1228,1,0,0,0,0,,,"Camp de forge : Haine",,,,,,,,,,,,,,0xFF01FE,0,0,0,0,14,
1739,867,43,1391,1,0,0,0,0,,,"Colline des charognes",,,,,,,,,,,,,,0xFF01FE,0,0,0,0,14,
1772,843,43,1266,1,0,0,0,0,,,"Ruines d'Enkaat",,,,,,,,,,,,,,0xFF01FE,0,0,0,0,14,
1945,912,27,8645,1,0,0,0,0,,,"Ancien Obsidien au Sépulcre",,,,,,,,,,,,,,0xFF01FE,0,0,0,0,14,
1959,911,27,8724,1,0,0,0,0,,,"Ancienne Rosée-du-matin sur la piste des Mirages",,,,,,,,,,,,,,0xFF01FE,0,0,0,0,14,
2085,963,27,12401,1,0,0,0,0,,,"Silithus, fort cénarien",,,,,,,,,,,,,,0xFF01FE,0,0,0,0,14,
2113,965,27,12366,1,0,0,0,0,,,"Orgrimmar, vallée de la Force",,,,,,,,,,,,,,0xFF01FE,0,0,0,0,14,
2158,967,27,12384,1,0,0,0,0,,,"Marais des Chagrins, Pierrêche",,,,,,,,,,,,,,0xFF01FE,0,0,0,0,14,
2209,969,27,12403,1,0,0,0,0,,,"Marécage de Zangar, refuge cénarien",,,,,,,,,,,,,,0xFF01FE,0,0,0,0,14,
2216,968,27,12409,1,0,0,0,0,,,"Vallée d'Ombrelune, autel de Sha'tar ou sanctum des Étoiles",,,,,,,,,,,,,,0xFF01FE,0,0,0,0,14,
2273,979,36,20391,1,0,0,0,0,,,"Masque de gnome fragile (H)",,,,,,,,,,,,,,0xFF01FE,2,0,0,0,14,
2355,556,49,14,1,0,0,0,0,,,"Cape",,,,,,,,,,,,,,0xFF01FE,0,0,0,0,14,
2900,621,57,31404,1,0,0,0,0,,,"Tabard trophée des Illidari vert",,,,,,,,,,,,,,0xFF01FE,2,0,0,0,14,
3075,1022,27,11583,1,0,0,0,0,,,"Marche de l'Ouest",,,,,,,,,,,,,,0xFF01FE,0,0,0,0,14,
3173,1031,27,11581,1,0,0,0,0,,,"Marche de l'Ouest",,,,,,,,,,,,,,0xFF01FE,0,0,0,0,14,
3314,344,41,14530,1,0,0,0,0,,,"Bandage épais en étoffe runique",,,,,,,,,,,,,,0xFF01FE,0,0,0,0,14,
3736,557,49,14,1,0,0,0,0,,,"Cape",,,,,,,,,,,,,,0xFF01FE,0,0,0,0,14,
3754,1206,54,225,1,0,0,0,0,,,"Perroquet",,,,,,,,,,,,,,0xFF01FE,0,0,0,0,14,
3775,1244,68,175751,1,0,0,0,0,,,"La léthargie des orcs",,,,,,,,,,,,,,0xFF01FE,0,0,0,0,14,
3852,153,72,180902,1,0,0,0,0,,,"Banc abondant de lutjans de nagefeu",,,,,,,,,,,,,,0xFF01FE,2,0,0,0,14,
3952,1283,8,641,0,0,0,0,0,,,"Temple englouti",,,,,,,,,,,,,,0xFF01FE,0,0,0,0,14,
3978,1284,8,660,0,0,0,0,0,,,"L'Arcatraz",,,,,,,,,,,,,,0xFF01FE,0,0,0,0,14,
4037,1287,8,681,0,0,0,0,0,,,"L'Arcatraz en mode héroïque",,,,,,,,,,,,,,0xFF01FE,0,0,0,0,14,
4150,1263,43,1513,0,0,0,0,0,,,"Halegrince",,,,,,,,,,,,,,0xFF01FE,0,0,0,0,14,
4173,1265,43,1521,0,0,0,0,0,,,"Camp de réfugiés de Ponevent",,,,,,,,,,,,,,0xFF01FE,0,0,0,0,14,
4191,1266,43,1558,0,0,0,0,0,,,"Campement de la brigade de la marche de l'Ouest",,,,,,,,,,,,,,0xFF01FE,0,0,0,0,14,
4205,1267,43,1543,0,0,0,0,0,,,"Kolramas",,,,,,,,,,,,,,0xFF01FE,0,0,0,0,14,
4301,345,41,32763,0,0,0,0,0,,,"Sauce secrète de Rulk",,,,,,,,,,,,,,0xFF01FE,0,0,0,0,14,
4327,922,41,17352,0,0,0,0,0,,,"Breuvage de mana excellent",,,,,,,,,,,,,,0xFF01FE,0,0,0,0,14,
4349,923,41,3389,0,0,0,0,0,,,"Elixir de défense",,,,,,,,,,,,,,0xFF01FE,0,0,0,0,14,
4420,811,41,22854,0,0,0,0,0,,,"Flacon d'attaque implacable",,,,,,,,,,,,,,0xFF01FE,0,0,0,0,14,
4517,1311,0,18677,1,0,0,0,0,,,"Mekthorg le Sauvage",,,,,,,,,,,,,,0xFF01FE,0,0,0,0,14,
4553,686,36,16962,1,0,0,0,0,,,"Cuissards de courroux",,,,,,,,,,,,,,0xFF01FE,2,0,0,0,14,
4573,685,36,19377,1,0,0,0,0,,,"Talisman de perfidie de Prestor",,,,,,,,,,,,,,0xFF01FE,2,0,0,0,14,
4586,687,36,21583,1,0,0,0,0,,,"Cape de clarté",,,,,,,,,,,,,,0xFF01FE,2,0,0,0,14,
4609,698,36,34335,1,0,0,0,0,,,"Marteau de sanctification",,,,,,,,,,,,,,0xFF01FE,2,0,0,0,14,
4630,695,36,31063,1,0,0,0,0,,,"Capuche d'absolution",,,,,,,,,,,,,,0xFF01FE,2,0,0,0,14,
4732,812,41,19004,0,0,0,0,0,,,"Pierre de soins mineure (1)",,,,,,,,,,,,,,0xFF01FE,0,0,0,0,14,
4763,925,46,934,42000,0,0,0,0,,,"Exalté auprès des Clairvoyants",,,,,,,,,,,,,,0xFF01FE,0,0,0,0,14,
4781,927,49,2,1,0,0,0,0,,,"Des épaules épiques !",,,,,,,,,,,,,,0xFF01FE,0,0,0,0,14,
4800,697,36,32497,1,0,0,0,0,,,"Chevalière de Hurlorage",,,,,,,,,,,,,,0xFF01FE,2,0,0,0,14,
4830,696,36,29994,1,0,0,0,0,,,"Cape sauvage thalassienne",,,,,,,,,,,,,,0xFF01FE,2,0,0,0,14,
4860,694,36,30105,1,0,0,0,0,,,"Arc long en échine de serpent",,,,,,,,,,,,,,0xFF01FE,2,0,0,0,14,
4887,693,36,28780,1,0,0,0,0,,,"Protège-mains de dévoreur d'âmes",,,,,,,,,,,,,,0xFF01FE,2,0,0,0,14,
4919,692,36,28822,1,0,0,0,0,,,"Dent de Gruul",,,,,,,,,,,,,,0xFF01FE,2,0,0,0,14,
5066,1307,27,9007,1,0,0,0,0,,,"Garder le meilleur pour la fin",,,,,,,,,,,,,,0xFF01FE,2,0,0,0,14,
5092,284,36,20391,1,0,0,0,0,,,"Masque de gnome fragile (H)",,,,,,,,,,,,,,0xFF01FE,0,0,0,0,14,
5156,1396,27,13020,1,0,0,0,0,,,"Ancien Barbe-de-pierre au refuge de Rochecombe",,,,,,,,,,,,,,0xFF01FE,0,0,0,0,14,
5326,926,46,1064,42000,0,0,0,0,,,"Exalté auprès des Taunkas",,,,,,,,,,,,,,0xFF01FE,0,0,0,0,14,
5341,1466,46,1068,42000,0,0,0,0,,,"Exalté auprès de la Ligue des explorateurs",,,,,,,,,,,,,,0xFF01FE,0,0,0,0,14,
5378,1467,0,24200,1,0,0,0,0,,,"Skarvald le Constructeur",,,,,,,,,,,,,,0xFF01FE,0,0,0,0,14,
5589,1202,7,162,400,0,0,0,0,,,"Mains nues",,,,,,,,,,,,,,0xFF01FE,0,0,0,0,14,
5762,1516,8,1561,0,0,0,0,0,,,"1 000 prises",,,,,,,,,,,,,,0xFF01FE,0,0,0,0,14,
5856,1269,43,1591,0,0,0,0,0,,,"Plaie-de-Garm",,,,,,,,,,,,,,0xFF01FE,0,0,0,0,14,
5873,1270,43,1565,0,0,0,0,0,,,"Fléaulme",,,,,,,,,,,,,,0xFF01FE,0,0,0,0,14,
5881,1658,0,31134,1,0,0,0,0,,,"Cyanigosa : mode héroïque",,,,,,,,,,,,,,0xFF01FE,0,0,0,0,14,
5913,1676,11,139,700,0,0,0,0,,,"Maleterres de l'est",,,,,,,,,,,,,,0xFF01FE,3,0,0,0,14,
5965,1677,11,139,550,0,0,0,0,,,"Maleterres de l'est",,,,,,,,,,,,,,0xFF01FE,3,0,0,0,14,
6017,1678,11,3478,700,0,0,0,0,,,"Portes d'Ahn'Qiraj",,,,,,,,,,,,,,0xFF01FE,3,0,0,0,14,
6112,1680,11,3478,685,0,0,0,0,,,"Portes d'Ahn'Qiraj",,,,,,,,,,,,,,0xFF01FE,3,0,0,0,14,
6198,879,34,16056,0,0,0,0,0,,,"Ancien sabre-de-givre",,,,,,,,,,,,,,0xFF01FE,2,0,0,0,14,
6499,1777,29,45562,1,0,0,0,0,,,"Gobie sauté",,,,,,,,,,,,,,0xFF01FE,0,0,0,0,14,
6774,1800,29,33295,1,0,0,0,0,,,"Bâtonnets de poisson doré",,,,,,,,,,,,,,0xFF01FE,0,0,0,0,14,
7153,578,0,15954,1,0,0,0,0,,,"Noth le Porte-peste",,,,,,,,,,,,,,0xFF01FE,0,0,0,0,14,
7166,579,0,15954,1,0,0,0,0,,,"Noth le Porte-peste",,,,,,,,,,,,,,0xFF01FE,0,0,0,0,14,
7257,1957,36,43630,1,0,0,0,0,,,"Pièce d'or de Tirion Fordring",,,,,,,,,,,,,,0xFF01FE,0,0,0,0,14,
7454,2094,42,43715,1,0,0,0,0,,,"Pièce de cuivre de Molok",,,,,,,,,,,,,,0xFF01FE,0,0,0,0,14,
7476,2095,42,43643,1,0,0,0,0,,,"Pièce d'argent du prince Magni Barbe-de-bronze",,,,,,,,,,,,,,0xFF01FE,0,0,0,0,14,
7509,2136,8,1816,0,0,0,0,0,,,"Sans défenses",,,,,,,,,,,,,,0xFF01FE,0,0,0,0,14,
7575,2138,8,2149,0,0,0,0,0,,,"La répression des scions (25 joueurs)",,,,,,,,,,,,,,0xFF01FE,0,0,0,0,14,
7602,2137,8,2176,0,0,0,0,0,,,"Jusqu'à ce que mort s'ensuive",,,,,,,,,,,,,,0xFF01FE,0,0,0,0,14,
7799,322,20,26687,0,0,0,0,0,,,"Gortok Pâle-sabot",,,,,,,,,,,,,,0xFF01FE,0,0,0,0,14,
7818,323,20,15928,0,0,0,0,0,,,"Thaddius",,,,,,,,,,,,,,0xFF01FE,0,0,0,0,14,
7838,324,20,16028,0,0,0,0,0,,,"Le Recousu",,,,,,,,,,,,,,0xFF01FE,0,0,0,0,14,
8113,2256,0,32429,1,0,0,0,0,,,"Haine vengeresse",,,,,,,,,,,,,,0xFF01FE,0,0,0,0,14,
8704,347,41,21537,0,0,0,0,0,,,"Raviolis de fête",,,,,,,,,,,,,,0xFF01FE,2,0,0,0,14,
8999,346,41,23164,0,0,0,0,0,,,"Boisson pétillante",,,,,,,,,,,,,,0xFF01FE,2,0,0,0,14,
9370,2556,0,15476,1,0,0,0,0,,,"Scorpion",,,,,,,,,,,,,,0xFF01FE,0,0,0,0,14,
9745,2758,27,13705,1,0,0,0,0,,,"",,,,,,,,,,,,,,0xFF01FF,2,0,0,0,14,
9992,1770,0,33515,1,0,0,0,0,,,"Auriaya",,,,,,,,,,,,,,0xFF01FE,0,0,0,0,14,
9993,1756,0,33515,1,0,0,0,0,,,"Auriaya",,,,,,,,,,,,,,0xFF01FE,0,0,0,0,14,
11916,3802,28,68206,1,0,0,0,0,,,"Archimonde",,,,,,,,,,,,,,0xFF01FE,0,0,0,0,14,
11961,1525,27,13112,1,0,0,0,0,,,"Pain de viande aux champignons infusés - Horde",,,,,,,,,,,,,,0xFF01FE,0,0,0,0,14,
12631,4416,34,43918,0,0,0,0,0,,,"Mojo",,,,,,,,,,,,,,0xFF01FE,2,0,0,0,14,
12890,1695,27,24650,1,0,0,0,0,,,"",,,,,,,,,,,,,,0xFF01FC,2,0,0,0,14,
12899,1792,34,65381,0,0,0,0,0,,,"Têtard oracle curieux",,,,,,,,,,,,,,0xFF01FE,2,0,0,0,14,
12926,4602,8,4579,0,0,0,0,0,,,"Portail à portail",,,,,,,,,,,,,,0xFF01FE,0,0,0,0,14,
13025,4603,8,4619,0,0,0,0,0,,,"Portail à portail",,,,,,,,,,,,,,0xFF01FE,0,0,0,0,14,
516,627,43,106,1,0,0,0,0,,,"Avant-poste de la porte Sud",,,,,,,,,,,,,,0xFF01FE,0,0,0,0,15,
773,700,36,30344,1,0,0,0,0,,,"Médaillon de la Horde",,,,,,,,,,,,,,0xFF01FE,2,0,0,0,15,
793,701,36,30351,1,0,0,0,0,,,"Médaillon de l'Alliance",,,,,,,,,,,,,,0xFF01FE,2,0,0,0,15,
931,750,43,475,1,0,0,0,0,,,"Fort du Nord",,,,,,,,,,,,,,0xFF01FE,0,0,0,0,15,
961,760,43,455,1,0,0,0,0,,,"Les Hauteurs",,,,,,,,,,,,,,0xFF01FE,0,0,0,0,15,
975,761,43,575,1,0,0,0,0,,,"Cercle de lien oriental",,,,,,,,,,,,,,0xFF01FE,0,0,0,0,15,
1052,768,43,221,1,0,0,0,0,,,"La Barricade",,,,,,,,,,,,,,0xFF01FE,0,0,0,0,15,
1067,769,43,315,1,0,0,0,0,,,"Péril de Beren",,,,,,,,,,,,,,0xFF01FE,0,0,0,0,15,
1095,771,43,880,1,0,0,0,0,,,"Lac de Noirbois",,,,,,,,,,,,,,0xFF01FE,0,0,0,0,15,
1210,781,43,512,1,0,0,0,0,,,"Ruines de Zul'Mamwe",,,,,,,,,,,,,,0xFF01FE,0,0,0,0,15,
1276,841,43,395,1,0,0,0,0,,,"Grim Batol",,,,,,,,,,,,,,0xFF01FE,0,0,0,0,15,
1292,42,8,769,1,0,0,0,0,,,"Forêt des Pins argentés",,,,,,,,,,,,,,0xFF01FE,0,0,0,0,15,
1337,845,43,755,1,0,0,0,0,,,"Satyrnaar",,,,,,,,,,,,,,0xFF01FE,0,0,0,0,15,
1383,848,43,761,1,0,0,0,0,,,"Île de Ranazjar",,,,,,,,,,,,,,0xFF01FE,0,0,0,0,15,
1393,849,43,995,1,0,0,0,0,,,"Île de Sardor",,,,,,,,,,,,,,0xFF01FE,0,0,0,0,15,
1423,851,43,644,1,0,0,0,0,,,"Plage du Bout-du-Monde",,,,,,,,,,,,,,0xFF01FE,0,0,0,0,15,
1439,852,43,855,1,0,0,0,0,,,"Plage des Crêtes du sud",,,,,,,,,,,,,,0xFF01FE,0,0,0,0,15,
1498,43,8,852,1,0,0,0,0,,,"Azshara",,,,,,,,,,,,,,0xFF01FE,0,0,0,0,15,
1522,859,43,1356,1,0,0,0,0,,,"Côte de Brise-d'Azur",,,,,,,,,,,,,,0xFF01FE,0,0,0,0,15,
1546,858,43,1225,1,0,0,0,0,,,"Passage de l'Elrendar",,,,,,,,,,,,,,0xFF01FE,0,0,0,0,15,
1566,860,43,1377,1,0,0,0,0,,,"L'Exodar",,,,,,,,,,,,,,0xFF01FE,0,0,0,0,15,
1587,861,43,1342,1,0,0,0,0,,,"Camp de Tel'athion",,,,,,,,,,,,,,0xFF01FE,0,0,0,0,15,
1636,862,43,1282,1,0,0,0,0,,,"Crête Tombeciel",,,,,,,,,,,,,,0xFF01FE,0,0,0,0,15,
1657,863,43,1237,1,0,0,0,0,,,"Havre d'Orebor",,,,,,,,,,,,,,0xFF01FE,0,0,0,0,15,
1698,865,43,1303,1,0,0,0,0,,,"Mok'Nathal",,,,,,,,,,,,,,0xFF01FE,0,0,0,0,15,
1723,866,43,1229,1,0,0,0,0,,,"Faille de Sudevent",,,,,,,,,,,,,,0xFF01FE,0,0,0,0,15,
1740,867,43,1392,1,0,0,0,0,,,"Caravane de réfugiés",,,,,,,,,,,,,,0xFF01FE,0,0,0,0,15,
1773,843,43,1267,1,0,0,0,0,,,"Bastion des Solfurie",,,,,,,,,,,,,,0xFF01FE,0,0,0,0,15,
1854,879,36,12303,1,0,0,0,0,,,"Sabre-de-nuit",,,,,,,,,,,,,,0xFF01FE,2,0,0,0,15,
1946,912,27,8688,1,0,0,0,0,,,"Ancien Tracevent dans les Maleterres de l'est",,,,,,,,,,,,,,0xFF01FE,0,0,0,0,15,
1960,911,27,8671,1,0,0,0,0,,,"Ancienne Totem-de-rage dans Tanaris",,,,,,,,,,,,,,0xFF01FE,0,0,0,0,15,
2086,963,27,12399,1,0,0,0,0,,,"Tanaris, Gadgetzan",,,,,,,,,,,,,,0xFF01FE,0,0,0,0,15,
2114,965,27,12378,1,0,0,0,0,,,"Les Serres-Rocheuses, Retraite de Roche-Soleil",,,,,,,,,,,,,,0xFF01FE,0,0,0,0,15,
2159,967,27,12363,1,0,0,0,0,,,"Clairières de Tirisfal, Brill",,,,,,,,,,,,,,0xFF01FE,0,0,0,0,15,
2210,969,27,12409,1,0,0,0,0,,,"Vallée d'Ombrelune, autel de Sha'tar ou sanctum des Étoiles",,,,,,,,,,,,,,0xFF01FE,0,0,0,0,15,
2274,979,36,20566,1,0,0,0,0,,,"Masque d'humain fragile",,,,,,,,,,,,,,0xFF01FE,2,0,0,0,15,
2356,556,49,15,1,0,0,0,0,,,"Arme",,,,,,,,,,,,,,0xFF01FE,0,0,0,0,15,
2901,621,57,23999,1,0,0,0,0,,,"Tabard du bastion de l'Honneur",,,,,,,,,,,,,,0xFF01FE,2,0,0,0,15,
3315,344,41,6451,1,0,0,0,0,,,"Bandage épais en soie",,,,,,,,,,,,,,0xFF01FE,0,0,0,0,15,
3737,557,49,15,1,0,0,0,0,,,"Arme",,,,,,,,,,,,,,0xFF01FE,0,0,0,0,15,
3755,1206,54,225,1,0,0,0,0,,,"Lapin",,,,,,,,,,,,,,0xFF01FE,0,0,0,0,15,
3776,1244,68,175729,1,0,0,0,0,,,"Le mont Hyjal et le cadeau d'Illidan",,,,,,,,,,,,,,0xFF01FE,0,0,0,0,15,
3863,153,72,180752,1,0,0,0,0,,,"Banc grouillant de lutjans de nagefeu",,,,,,,,,,,,,,0xFF01FE,2,0,0,0,15,
3953,1283,8,642,0,0,0,0,0,,,"Profondeurs de Rochenoire",,,,,,,,,,,,,,0xFF01FE,0,0,0,0,15,
3979,1284,8,661,0,0,0,0,0,,,"Terrasse des magistères",,,,,,,,,,,,,,0xFF01FE,0,0,0,0,15,
4038,1287,8,682,0,0,0,0,0,,,"Terrasse des magistères en mode héroïque",,,,,,,,,,,,,,0xFF01FE,0,0,0,0,15,
4151,1263,43,1515,0,0,0,0,0,,,"Nouvelle-Agamand",,,,,,,,,,,,,,0xFF01FE,0,0,0,0,15,
4174,1265,43,1523,0,0,0,0,0,,,"Vexevenin",,,,,,,,,,,,,,0xFF01FE,0,0,0,0,15,
4302,345,41,22829,0,0,0,0,0,,,"Potion de super-soins",,,,,,,,,,,,,,0xFF01FE,0,0,0,0,15,
4328,922,41,13444,0,0,0,0,0,,,"Potion de mana majeure",,,,,,,,,,,,,,0xFF01FE,0,0,0,0,15,
4350,923,41,9224,0,0,0,0,0,,,"Elixir de tueur de démon",,,,,,,,,,,,,,0xFF01FE,0,0,0,0,15,
4421,811,41,40083,0,0,0,0,0,,,"Flacon de sang de pierre",,,,,,,,,,,,,,0xFF01FE,0,0,0,0,15,
4518,1311,0,18690,1,0,0,0,0,,,"Morcrase",,,,,,,,,,,,,,0xFF01FE,0,0,0,0,15,
4554,686,36,16946,1,0,0,0,0,,,"Cuissards des dix tempêtes",,,,,,,,,,,,,,0xFF01FE,2,0,0,0,15,
4574,685,36,19382,1,0,0,0,0,,,"Bague d'élémentium pur",,,,,,,,,,,,,,0xFF01FE,2,0,0,0,15,
4587,687,36,21134,1,0,0,0,0,,,"Sombre tranchante de la démence",,,,,,,,,,,,,,0xFF01FE,2,0,0,0,15,
4610,698,36,34331,1,0,0,0,0,,,"Main du trompeur",,,,,,,,,,,,,,0xFF01FE,2,0,0,0,15,
4631,695,36,31064,1,0,0,0,0,,,"Chaperon d'absolution",,,,,,,,,,,,,,0xFF01FE,2,0,0,0,15,
4733,812,41,19005,0,0,0,0,0,,,"Pierre de soins mineure (2)",,,,,,,,,,,,,,0xFF01FE,0,0,0,0,15,
4764,925,46,935,42000,0,0,0,0,,,"Exalté auprès des Sha'tar",,,,,,,,,,,,,,0xFF01FE,0,0,0,0,15,
4782,927,49,18,1,0,0,0,0,,,"Un tabard épique !",,,,,,,,,,,,,,0xFF01FE,0,0,0,0,15,
4801,697,36,32483,1,0,0,0,0,,,"Le crâne de Gul'dan",,,,,,,,,,,,,,0xFF01FE,2,0,0,0,15,
4831,696,36,29988,1,0,0,0,0,,,"La clé du Nexus",,,,,,,,,,,,,,0xFF01FE,2,0,0,0,15,
4861,694,36,30107,1,0,0,0,0,,,"Habit de la sorcière des mers",,,,,,,,,,,,,,0xFF01FE,2,0,0,0,15,
4888,693,36,28778,1,0,0,0,0,,,"Ceinturon du puits de la terreur",,,,,,,,,,,,,,0xFF01FE,2,0,0,0,15,
4920,692,36,28810,1,0,0,0,0,,,"Bottes des Cisailles",,,,,,,,,,,,,,0xFF01FE,2,0,0,0,15,
5067,1307,27,9008,1,0,0,0,0,,,"Garder le meilleur pour la fin",,,,,,,,,,,,,,0xFF01FE,2,0,0,0,15,
5093,284,36,20566,1,0,0,0,0,,,"Masque d'humain fragile",,,,,,,,,,,,,,0xFF01FE,0,0,0,0,15,
5157,1396,27,13029,1,0,0,0,0,,,"Ancien Pamuya au bastion Chanteguerre",,,,,,,,,,,,,,0xFF01FE,0,0,0,0,15,
5327,926,46,1124,42000,0,0,0,0,,,"Exalté auprès des Saccage-soleil",,,,,,,,,,,,,,0xFF01FE,0,0,0,0,15,
5342,1466,46,1124,42000,0,0,0,0,,,"Exalté auprès des Saccage-soleil",,,,,,,,,,,,,,0xFF01FE,0,0,0,0,15,
5460,1467,0,27655,1,0,0,0,0,,,"Seigneur-mage Urom",,,,,,,,,,,,,,0xFF01FE,0,0,0,0,15,
5590,1202,7,229,400,0,0,0,0,,,"Armes d'hast",,,,,,,,,,,,,,0xFF01FE,0,0,0,0,15,
5857,1269,43,1592,0,0,0,0,0,,,"Fort du Givre",,,,,,,,,,,,,,0xFF01FE,0,0,0,0,15,
5874,1270,43,1571,0,0,0,0,0,,,"Le caveau des Ombres",,,,,,,,,,,,,,0xFF01FE,0,0,0,0,15,
5882,1658,0,29306,1,0,0,0,0,,,"Gal'darah : mode héroïque",,,,,,,,,,,,,,0xFF01FE,0,0,0,0,15,
5914,1676,11,12,700,0,0,0,0,,,"Forêt d'Elwynn",,,,,,,,,,,,,,0xFF01FE,3,0,0,0,15,
5966,1677,11,12,550,0,0,0,0,,,"Forêt d'Elwynn",,,,,,,,,,,,,,0xFF01FE,3,0,0,0,15,
6018,1678,11,2100,700,0,0,0,0,,,"Maraudon",,,,,,,,,,,,,,0xFF01FE,3,0,0,0,15,
6113,1680,11,2100,685,0,0,0,0,,,"Maraudon",,,,,,,,,,,,,,0xFF01FE,3,0,0,0,15,
6501,1777,29,45550,1,0,0,0,0,,,"Steak de brochepelle",,,,,,,,,,,,,,0xFF01FE,0,0,0,0,15,
6775,1800,29,43772,1,0,0,0,0,,,"Croquettes de Kibler",,,,,,,,,,,,,,0xFF01FE,0,0,0,0,15,
7258,1957,36,43629,1,0,0,0,0,,,"Pièce d'or d'Uther le Porteur de Lumière",,,,,,,,,,,,,,0xFF01FE,0,0,0,0,15,
7455,2094,42,43716,1,0,0,0,0,,,"Pièce de cuivre de Bourbie",,,,,,,,,,,,,,0xFF01FE,0,0,0,0,15,
7477,2095,42,43644,1,0,0,0,0,,,"Pièce d'argent d'un paysan",,,,,,,,,,,,,,0xFF01FE,0,0,0,0,15,
7495,1516,8,2096,0,0,0,0,0,,,"Le maître des pièces",,,,,,,,,,,,,,0xFF01FE,0,0,0,0,15,
7510,2136,8,1865,0,0,0,0,0,,,"Enfermés !",,,,,,,,,,,,,,0xFF01FE,0,0,0,0,15,
7547,2138,8,2054,0,0,0,0,0,,,"Les chroniques des crépusculaires (25 joueurs)",,,,,,,,,,,,,,0xFF01FE,0,0,0,0,15,
7576,2137,8,2148,0,0,0,0,0,,,"La répression des scions",,,,,,,,,,,,,,0xFF01FE,0,0,0,0,15,
7798,322,20,26668,0,0,0,0,0,,,"Svala Tristetombe",,,,,,,,,,,,,,0xFF01FE,0,0,0,0,15,
7817,323,20,16028,0,0,0,0,0,,,"Le Recousu",,,,,,,,,,,,,,0xFF01FE,0,0,0,0,15,
7837,324,20,15954,0,0,0,0,0,,,"Noth le Porte-peste",,,,,,,,,,,,,,0xFF01FE,0,0,0,0,15,
8114,2256,0,32438,1,0,0,0,0,,,"Syreian la Sculpteuse d'os",,,,,,,,,,,,,,0xFF01FE,0,0,0,0,15,
8703,347,41,20557,0,0,0,0,0,,,"Bonbon à la citrouille de la Sanssaint",,,,,,,,,,,,,,0xFF01FE,2,0,0,0,15,
8998,346,41,23161,0,0,0,0,0,,,"Citronnade fraîchement pressée",,,,,,,,,,,,,,0xFF01FE,2,0,0,0,15,
9371,2556,0,2914,1,0,0,0,0,,,"Serpent",,,,,,,,,,,,,,0xFF01FE,0,0,0,0,15,
9378,705,7,176,400,0,0,0,0,,,"Armes de jet",,,,,,,,,,,,,,0xFF01FE,0,0,0,0,15,
9740,2758,27,13685,1,0,0,0,0,,,"",,,,,,,,,,,,,,0xFF01FE,2,0,0,0,15,
9994,1770,0,33288,1,0,0,0,0,,,"Yogg-Saron",,,,,,,,,,,,,,0xFF01FE,0,0,0,0,15,
9995,1756,0,33288,1,0,0,0,0,,,"Yogg-Saron",,,,,,,,,,,,,,0xFF01FE,0,0,0,0,15,
11917,3802,28,68206,1,0,0,0,0,,,"Illidan",,,,,,,,,,,,,,0xFF01FE,0,0,0,0,15,
12632,4416,34,45890,0,0,0,0,0,,,"Brûletin",,,,,,,,,,,,,,0xFF01FE,2,0,0,0,15,
12891,1695,27,24651,1,0,0,0,0,,,"",,,,,,,,,,,,,,0xFF01FC,2,0,0,0,15,
12900,1792,36,46544,1,0,0,0,0,,,"Louveteau varleu curieux",,,,,,,,,,,,,,0xFF01FE,2,0,0,0,15,
12927,4602,8,4580,0,0,0,0,0,,,"Tout ce que vous pouvez rafler",,,,,,,,,,,,,,0xFF01FE,0,0,0,0,15,
13026,4603,8,4620,0,0,0,0,0,,,"Tout ce que vous pouvez rafler",,,,,,,,,,,,,,0xFF01FE,0,0,0,0,15,
517,627,43,102,1,0,0,0,0,,,"Lac glacial",,,,,,,,,,,,,,0xFF01FE,0,0,0,0,16,
774,700,36,30343,1,0,0,0,0,,,"Médaillon de la Horde",,,,,,,,,,,,,,0xFF01FE,2,0,0,0,16,
794,701,36,38589,1,0,0,0,0,,,"Médaillon de l'Alliance",,,,,,,,,,,,,,0xFF01FE,2,0,0,0,16,
932,750,43,476,1,0,0,0,0,,,"Terres des Raptors",,,,,,,,,,,,,,0xFF01FE,0,0,0,0,16,
976,761,43,576,1,0,0,0,0,,,"Trépas-d'Orgrim",,,,,,,,,,,,,,0xFF01FE,0,0,0,0,16,
1045,768,43,228,1,0,0,0,0,,,"Fossoyeuse",,,,,,,,,,,,,,0xFF01FE,0,0,0,0,16,
1096,771,43,879,1,0,0,0,0,,,"Valnord",,,,,,,,,,,,,,0xFF01FE,0,0,0,0,16,
1211,781,43,513,1,0,0,0,0,,,"Ruines de Balia'mah",,,,,,,,,,,,,,0xFF01FE,0,0,0,0,16,
1338,845,43,756,1,0,0,0,0,,,"L'Ombrage",,,,,,,,,,,,,,0xFF01FE,0,0,0,0,16,
1394,849,43,996,1,0,0,0,0,,,"Île de l'effroi",,,,,,,,,,,,,,0xFF01FE,0,0,0,0,16,
1424,851,43,643,1,0,0,0,0,,,"Ruines de Sudelune",,,,,,,,,,,,,,0xFF01FE,0,0,0,0,16,
1440,852,43,856,1,0,0,0,0,,,"Colosse de Crête-du-corbeau",,,,,,,,,,,,,,0xFF01FE,0,0,0,0,16,
1499,43,8,853,1,0,0,0,0,,,"Gangrebois",,,,,,,,,,,,,,0xFF01FE,0,0,0,0,16,
1523,859,43,1357,1,0,0,0,0,,,"Chutes de l'Elrendar",,,,,,,,,,,,,,0xFF01FE,0,0,0,0,16,
1548,858,43,1241,1,0,0,0,0,,,"Passe thalassienne",,,,,,,,,,,,,,0xFF01FE,0,0,0,0,16,
1551,42,8,858,1,0,0,0,0,,,"Les Terres fantômes",,,,,,,,,,,,,,0xFF01FE,0,0,0,0,16,
1567,860,43,1378,1,0,0,0,0,,,"Amarrage de Valaar",,,,,,,,,,,,,,0xFF01FE,0,0,0,0,16,
1588,861,43,1343,1,0,0,0,0,,,"Le récif du sang maudit",,,,,,,,,,,,,,0xFF01FE,0,0,0,0,16,
1638,862,43,1285,1,0,0,0,0,,,"Crête du Vide",,,,,,,,,,,,,,0xFF01FE,0,0,0,0,16,
1658,863,43,1238,1,0,0,0,0,,,"Le vallon des pontes",,,,,,,,,,,,,,0xFF01FE,0,0,0,0,16,
1699,865,43,1304,1,0,0,0,0,,,"Bois aux corbeaux",,,,,,,,,,,,,,0xFF01FE,0,0,0,0,16,
1724,866,43,1230,1,0,0,0,0,,,"La crête du Crépuscule",,,,,,,,,,,,,,0xFF01FE,0,0,0,0,16,
1741,867,43,1393,1,0,0,0,0,,,"Cercle d'observance",,,,,,,,,,,,,,0xFF01FE,0,0,0,0,16,
1775,843,43,1269,1,0,0,0,0,,,"La Foudreflèche",,,,,,,,,,,,,,0xFF01FE,0,0,0,0,16,
1947,912,27,8650,1,0,0,0,0,,,"Ancien Couronne-de-neige à la chapelle de l'Espoir de Lumière",,,,,,,,,,,,,,0xFF01FE,0,0,0,0,16,
1961,911,27,8684,1,0,0,0,0,,,"Ancien Œil-des-rêves à Gadgetzan",,,,,,,,,,,,,,0xFF01FE,0,0,0,0,16,
2087,963,27,12400,1,0,0,0,0,,,"Berceau-de-l'Hiver, Long-guet",,,,,,,,,,,,,,0xFF01FE,0,0,0,0,16,
2115,965,27,12367,1,0,0,0,0,,,"Les Pitons du Tonnerre, Côte inférieure",,,,,,,,,,,,,,0xFF01FE,0,0,0,0,16,
2160,967,27,12368,1,0,0,0,0,,,"Fossoyeuse, quartier des marchands",,,,,,,,,,,,,,0xFF01FE,0,0,0,0,16,
2275,979,36,20564,1,0,0,0,0,,,"Masque d'elfe de la nuit fragile (H)",,,,,,,,,,,,,,0xFF01FE,2,0,0,0,16,
2357,556,49,17,1,0,0,0,0,,,"Distance",,,,,,,,,,,,,,0xFF01FE,0,0,0,0,16,
2902,621,57,31777,1,0,0,0,0,,,"Tabard des gardiens du Temps",,,,,,,,,,,,,,0xFF01FE,2,0,0,0,16,
3316,344,41,1251,1,0,0,0,0,,,"Bandage en lin",,,,,,,,,,,,,,0xFF01FE,0,0,0,0,16,
3738,557,49,17,1,0,0,0,0,,,"Distance",,,,,,,,,,,,,,0xFF01FE,0,0,0,0,16,
3756,1206,54,225,1,0,0,0,0,,,"Bélier",,,,,,,,,,,,,,0xFF01FE,0,0,0,0,16,
3777,1244,68,175763,1,0,0,0,0,,,"Anciennes haines - La colonisation de Kalimdor",,,,,,,,,,,,,,0xFF01FE,0,0,0,0,16,
3854,153,72,180658,1,0,0,0,0,,,"Banc de poissons déviants",,,,,,,,,,,,,,0xFF01FE,2,0,0,0,16,
3954,1283,8,643,0,0,0,0,0,,,"Pic Rochenoire",,,,,,,,,,,,,,0xFF01FE,0,0,0,0,16,
3980,1284,8,666,0,0,0,0,0,,,"Cryptes Auchenaï",,,,,,,,,,,,,,0xFF01FE,0,0,0,0,16,
4039,1287,8,672,0,0,0,0,0,,,"Cryptes Auchenaï en mode héroïque",,,,,,,,,,,,,,0xFF01FE,0,0,0,0,16,
4152,1263,43,1517,0,0,0,0,0,,,"Mörg",,,,,,,,,,,,,,0xFF01FE,0,0,0,0,16,
4175,1265,43,1525,0,0,0,0,0,,,"La côte Oubliée",,,,,,,,,,,,,,0xFF01FE,0,0,0,0,16,
4303,345,41,22850,0,0,0,0,0,,,"Potion de super-régénération",,,,,,,,,,,,,,0xFF01FE,0,0,0,0,16,
4329,922,41,18253,0,0,0,0,0,,,"Potion de régénération majeure",,,,,,,,,,,,,,0xFF01FE,0,0,0,0,16,
4351,923,41,9233,0,0,0,0,0,,,"Elixir de détection des démons",,,,,,,,,,,,,,0xFF01FE,0,0,0,0,16,
4422,811,41,13512,0,0,0,0,0,,,"Flacon de pouvoir suprême",,,,,,,,,,,,,,0xFF01FE,0,0,0,0,16,
4519,1311,0,20932,1,0,0,0,0,,,"Nuramoc",,,,,,,,,,,,,,0xFF01FE,0,0,0,0,16,
4555,686,36,16909,1,0,0,0,0,,,"Pantalon Croc-de-sang",,,,,,,,,,,,,,0xFF01FE,2,0,0,0,16,
4575,685,36,19356,1,0,0,0,0,,,"Bâton de la flamme d'ombre",,,,,,,,,,,,,,0xFF01FE,2,0,0,0,16,
4588,687,36,21585,1,0,0,0,0,,,"Gantelets du sombre orage",,,,,,,,,,,,,,0xFF01FE,2,0,0,0,16,
4611,698,36,34344,1,0,0,0,0,,,"Garde-mains des mondes profanés",,,,,,,,,,,,,,0xFF01FE,2,0,0,0,16,
4632,695,36,31051,1,0,0,0,0,,,"Chaperon du maléfice",,,,,,,,,,,,,,0xFF01FE,2,0,0,0,16,
4734,812,41,22103,0,0,0,0,0,,,"Pierre de soins magistrale (0)",,,,,,,,,,,,,,0xFF01FE,0,0,0,0,16,
4765,925,46,989,42000,0,0,0,0,,,"Exalté auprès des gardiens du Temps",,,,,,,,,,,,,,0xFF01FE,0,0,0,0,16,
4783,927,49,12,1,0,0,0,0,,,"Un bijou épique !",,,,,,,,,,,,,,0xFF01FE,0,0,0,0,16,
4802,697,36,32374,1,0,0,0,0,,,"Zhar'doom, grand bâton du Dévoreur",,,,,,,,,,,,,,0xFF01FE,2,0,0,0,16,
4832,696,36,29993,1,0,0,0,0,,,"Lames-jumelles du phénix",,,,,,,,,,,,,,0xFF01FE,2,0,0,0,16,
4862,694,36,30166,1,0,0,0,0,,,"Protège-front du cataclysme",,,,,,,,,,,,,,0xFF01FE,2,0,0,0,16,
4889,693,36,28775,1,0,0,0,0,,,"Grand heaume de tonnerre",,,,,,,,,,,,,,0xFF01FE,2,0,0,0,16,
4921,692,36,29030,1,0,0,0,0,,,"Kilt de cyclone",,,,,,,,,,,,,,0xFF01FE,2,0,0,0,16,
5068,1307,27,9009,1,0,0,0,0,,,"Garder le meilleur pour la fin",,,,,,,,,,,,,,0xFF01FE,2,0,0,0,16,
5094,284,36,20564,1,0,0,0,0,,,"Masque d'elfe de la nuit fragile (H)",,,,,,,,,,,,,,0xFF01FE,0,0,0,0,16,
5158,1396,27,13030,1,0,0,0,0,,,"Ancien Whurain au camp Oneqwah",,,,,,,,,,,,,,0xFF01FE,0,0,0,0,16,
5456,1467,0,28546,1,0,0,0,0,,,"Ionar",,,,,,,,,,,,,,0xFF01FE,0,0,0,0,16,
5591,1202,7,136,400,0,0,0,0,,,"Bâtons",,,,,,,,,,,,,,0xFF01FE,0,0,0,0,16,
5858,1269,43,1589,0,0,0,0,0,,,"Nidavelir",,,,,,,,,,,,,,0xFF01FE,0,0,0,0,16,
5915,1676,11,3430,700,0,0,0,0,,,"Bois des Chants éternels",,,,,,,,,,,,,,0xFF01FE,3,0,0,0,16,
5967,1677,11,3430,550,0,0,0,0,,,"Bois des Chants éternels",,,,,,,,,,,,,,0xFF01FE,3,0,0,0,16,
6019,1678,11,493,700,0,0,0,0,,,"Reflet-de-Lune",,,,,,,,,,,,,,0xFF01FE,3,0,0,0,16,
6114,1680,11,493,685,0,0,0,0,,,"Reflet-de-Lune",,,,,,,,,,,,,,0xFF01FE,3,0,0,0,16,
6199,879,34,16055,0,0,0,0,0,,,"Sabre-de-nuit",,,,,,,,,,,,,,0xFF01FE,2,0,0,0,16,
6502,1777,29,45560,1,0,0,0,0,,,"Nagepierre fumé",,,,,,,,,,,,,,0xFF01FE,0,0,0,0,16,
6776,1800,29,33287,1,0,0,0,0,,,"Sabot-fourchu rôti",,,,,,,,,,,,,,0xFF01FE,0,0,0,0,16,
7456,2094,42,43717,1,0,0,0,0,,,"Pièce de cuivre de la princesse Calia Menethil",,,,,,,,,,,,,,0xFF01FE,0,0,0,0,16,
7511,2136,8,2041,0,0,0,0,0,,,"Déshydratation",,,,,,,,,,,,,,0xFF01FE,0,0,0,0,16,
7569,2138,8,2147,0,0,0,0,0,,,"Le club des cent (25 joueurs)",,,,,,,,,,,,,,0xFF01FE,0,0,0,0,16,
7618,2137,8,2187,0,0,0,0,0,,,"Increvables",,,,,,,,,,,,,,0xFF01FE,0,0,0,0,16,
7797,322,20,26693,0,0,0,0,0,,,"Skadi le Brutal",,,,,,,,,,,,,,0xFF01FE,0,0,0,0,16,
7816,323,20,15954,0,0,0,0,0,,,"Noth le Porte-peste",,,,,,,,,,,,,,0xFF01FE,0,0,0,0,16,
7836,324,20,15952,0,0,0,0,0,,,"Maexxna",,,,,,,,,,,,,,0xFF01FE,0,0,0,0,16,
8115,2256,0,32447,1,0,0,0,0,,,"Sentinelle de Zul'Drak",,,,,,,,,,,,,,0xFF01FE,0,0,0,0,16,
8702,347,41,20390,0,0,0,0,0,,,"Barre de chocolat",,,,,,,,,,,,,,0xFF01FE,2,0,0,0,16,
8997,346,41,22779,0,0,0,0,0,,,"Breuvage de plaie-du-Fléau",,,,,,,,,,,,,,0xFF01FE,2,0,0,0,16,
9372,2556,0,14881,1,0,0,0,0,,,"Araignée",,,,,,,,,,,,,,0xFF01FE,0,0,0,0,16,
9741,2758,27,13703,1,0,0,0,0,,,"",,,,,,,,,,,,,,0xFF01FE,2,0,0,0,16,
9996,1770,0,33993,1,0,0,0,0,,,"Emalon le Guetteur d'orage",,,,,,,,,,,,,,0xFF01FE,2,0,0,0,16,
9997,1756,0,33993,1,0,0,0,0,,,"Emalon le Guetteur d'orage",,,,,,,,,,,,,,0xFF01FE,2,0,0,0,16,
11918,3802,28,68206,1,0,0,0,0,,,"Delrissa",,,,,,,,,,,,,,0xFF01FE,0,0,0,0,16,
12633,4416,34,43697,0,0,0,0,0,,,"Chicot",,,,,,,,,,,,,,0xFF01FE,2,0,0,0,16,
12892,1695,27,24652,1,0,0,0,0,,,"",,,,,,,,,,,,,,0xFF01FC,2,0,0,0,16,
12901,1792,34,65382,0,0,0,0,0,,,"Louveteau varleu curieux",,,,,,,,,,,,,,0xFF01FE,2,0,0,0,16,
12928,4602,8,4601,0,0,0,0,0,,,"J'ai attendu ce moment pendant longtemps",,,,,,,,,,,,,,0xFF01FE,0,0,0,0,16,
13027,4603,8,4621,0,0,0,0,0,,,"J'ai attendu ce moment pendant longtemps",,,,,,,,,,,,,,0xFF01FE,0,0,0,0,16,
518,627,43,101,1,0,0,0,0,,,"Gnomeregan",,,,,,,,,,,,,,0xFF01FE,0,0,0,0,17,
775,700,36,28241,1,0,0,0,0,,,"Médaillon de la Horde",,,,,,,,,,,,,,0xFF01FE,2,0,0,0,17,
795,701,36,37864,1,0,0,0,0,,,"Médaillon de l'Alliance",,,,,,,,,,,,,,0xFF01FE,2,0,0,0,17,
933,750,43,477,1,0,0,0,0,,,"Oasis luxuriante",,,,,,,,,,,,,,0xFF01FE,0,0,0,0,17,
1097,771,43,878,1,0,0,0,0,,,"Zul'Mashar",,,,,,,,,,,,,,0xFF01FE,0,0,0,0,17,
1212,781,43,514,1,0,0,0,0,,,"Ruines de Mizjah",,,,,,,,,,,,,,0xFF01FE,0,0,0,0,17,
1293,42,8,781,1,0,0,0,0,,,"Vallée de Strangleronce",,,,,,,,,,,,,,0xFF01FE,0,0,0,0,17,
1339,845,43,757,1,0,0,0,0,,,"Camp de bûcherons chanteguerre",,,,,,,,,,,,,,0xFF01FE,0,0,0,0,17,
1425,851,43,642,1,0,0,0,0,,,"Vallée des guetteurs",,,,,,,,,,,,,,0xFF01FE,0,0,0,0,17,
1441,852,43,857,1,0,0,0,0,,,"Lac Mennar",,,,,,,,,,,,,,0xFF01FE,0,0,0,0,17,
1500,43,8,854,1,0,0,0,0,,,"Cratère d'Un'Goro",,,,,,,,,,,,,,0xFF01FE,0,0,0,0,17,
1524,859,43,1358,1,0,0,0,0,,,"Passe du Rameau d'or",,,,,,,,,,,,,,0xFF01FE,0,0,0,0,17,
1568,860,43,1379,1,0,0,0,0,,,"Cap des Irécailles",,,,,,,,,,,,,,0xFF01FE,0,0,0,0,17,
1589,861,43,1344,1,0,0,0,0,,,"Le Reflux sanglant",,,,,,,,,,,,,,0xFF01FE,0,0,0,0,17,
1639,862,43,1286,1,0,0,0,0,,,"Les champs de distorsion",,,,,,,,,,,,,,0xFF01FE,0,0,0,0,17,
1659,863,43,1239,1,0,0,0,0,,,"Zabra'jin",,,,,,,,,,,,,,0xFF01FE,0,0,0,0,17,
1700,865,43,1305,1,0,0,0,0,,,"Tranchecrête",,,,,,,,,,,,,,0xFF01FE,0,0,0,0,17,
1725,866,43,1231,1,0,0,0,0,,,"Passe de Ventejonc",,,,,,,,,,,,,,0xFF01FE,0,0,0,0,17,
1742,867,43,1394,1,0,0,0,0,,,"Tombe des ombres",,,,,,,,,,,,,,0xFF01FE,0,0,0,0,17,
1776,843,43,1270,1,0,0,0,0,,,"Pont de gyro-passerelles",,,,,,,,,,,,,,0xFF01FE,0,0,0,0,17,
1855,879,36,15292,1,0,0,0,0,,,"Kodo vert",,,,,,,,,,,,,,0xFF01FE,2,0,0,0,17,
1950,912,27,8714,1,0,0,0,0,,,"Ancienne Heurtelune dans la Scholomance",,,,,,,,,,,,,,0xFF01FE,0,0,0,0,17,
1962,911,27,8681,1,0,0,0,0,,,"Ancien Corne-tonnerre dans le cratère d'Un'Goro",,,,,,,,,,,,,,0xFF01FE,0,0,0,0,17,
2161,965,27,12379,1,0,0,0,0,,,"Mille pointes, poste de Librevent",,,,,,,,,,,,,,0xFF01FE,0,0,0,0,17,
2276,979,36,20570,1,0,0,0,0,,,"Masque d'orc fragile",,,,,,,,,,,,,,0xFF01FE,2,0,0,0,17,
2903,621,57,15198,1,0,0,0,0,,,"Couleurs de chevalier",,,,,,,,,,,,,,0xFF01FE,2,0,0,0,17,
3317,344,41,8544,1,0,0,0,0,,,"Bandage en tisse-mage",,,,,,,,,,,,,,0xFF01FE,0,0,0,0,17,
3757,1206,54,225,1,0,0,0,0,,,"Mouton",,,,,,,,,,,,,,0xFF01FE,0,0,0,0,17,
3778,1244,68,175760,1,0,0,0,0,,,"La montée des elfes de sang",,,,,,,,,,,,,,0xFF01FE,0,0,0,0,17,
3855,153,72,180656,1,0,0,0,0,,,"Petit banc de sagerelles",,,,,,,,,,,,,,0xFF01FE,2,0,0,0,17,
3955,1283,8,644,0,0,0,0,0,,,"Roi de Haches-tripes",,,,,,,,,,,,,,0xFF01FE,0,0,0,0,17,
4153,1263,43,1518,0,0,0,0,0,,,"La clairière Tordue",,,,,,,,,,,,,,0xFF01FE,0,0,0,0,17,
4176,1265,43,1528,0,0,0,0,0,,,"L'Étau de cristal",,,,,,,,,,,,,,0xFF01FE,0,0,0,0,17,
4304,345,41,17349,0,0,0,0,0,,,"Breuvage de soins excellent",,,,,,,,,,,,,,0xFF01FE,0,0,0,0,17,
4330,922,41,3827,0,0,0,0,0,,,"Potion de mana",,,,,,,,,,,,,,0xFF01FE,0,0,0,0,17,
4352,923,41,3828,0,0,0,0,0,,,"Elixir de détection de l'invisibilité inférieure",,,,,,,,,,,,,,0xFF01FE,0,0,0,0,17,
4423,811,41,40082,0,0,0,0,0,,,"Flacon du wyrm de givre",,,,,,,,,,,,,,0xFF01FE,0,0,0,0,17,
4520,1311,0,18685,1,0,0,0,0,,,"Okrek",,,,,,,,,,,,,,0xFF01FE,0,0,0,0,17,
4556,686,36,16930,1,0,0,0,0,,,"Jambières de Némésis",,,,,,,,,,,,,,0xFF01FE,2,0,0,0,17,
4576,685,36,16905,1,0,0,0,0,,,"Plastron Croc-de-sang",,,,,,,,,,,,,,0xFF01FE,2,0,0,0,17,
4589,687,36,21126,1,0,0,0,0,,,"Dard de la mort",,,,,,,,,,,,,,0xFF01FE,2,0,0,0,17,
4612,698,36,34342,1,0,0,0,0,,,"Garde-mains de l'aube",,,,,,,,,,,,,,0xFF01FE,2,0,0,0,17,
4633,695,36,30987,1,0,0,0,0,,,"Ventaille du porteur de lumière",,,,,,,,,,,,,,0xFF01FE,2,0,0,0,17,
4735,812,41,22104,0,0,0,0,0,,,"Pierre de soins magistrale (1)",,,,,,,,,,,,,,0xFF01FE,0,0,0,0,17,
4766,925,46,990,42000,0,0,0,0,,,"Exalté auprès de la Balance des sables",,,,,,,,,,,,,,0xFF01FE,0,0,0,0,17,
4784,927,49,13,1,0,0,0,0,,,"Un bijou épique !",,,,,,,,,,,,,,0xFF01FE,0,0,0,0,17,
4803,697,36,30990,1,0,0,0,0,,,"Cuirasse du porteur de Lumière",,,,,,,,,,,,,,0xFF01FE,2,0,0,0,17,
4833,696,36,30164,1,0,0,0,0,,,"Corselet du cataclysme",,,,,,,,,,,,,,0xFF01FE,2,0,0,0,17,
4863,694,36,30171,1,0,0,0,0,,,"Chapel du cataclysme",,,,,,,,,,,,,,0xFF01FE,2,0,0,0,17,
4890,693,36,29038,1,0,0,0,0,,,"Cuirasse de cyclone",,,,,,,,,,,,,,0xFF01FE,2,0,0,0,17,
4922,692,36,29036,1,0,0,0,0,,,"Garde-jambes de cyclone",,,,,,,,,,,,,,0xFF01FE,2,0,0,0,17,
5069,1307,27,9010,1,0,0,0,0,,,"Garder le meilleur pour la fin",,,,,,,,,,,,,,0xFF01FE,2,0,0,0,17,
5095,284,36,20570,1,0,0,0,0,,,"Masque d'orc fragile",,,,,,,,,,,,,,0xFF01FE,0,0,0,0,17,
5159,1396,27,13031,1,0,0,0,0,,,"Ancien Garde-ciel au Marteau d'Agmar",,,,,,,,,,,,,,0xFF01FE,0,0,0,0,17,
5468,1467,0,26532,1,0,0,0,0,,,"Chronoseigneur Epoque",,,,,,,,,,,,,,0xFF01FE,0,0,0,0,17,
5916,1676,11,3433,700,0,0,0,0,,,"Les Terres fantômes",,,,,,,,,,,,,,0xFF01FE,3,0,0,0,17,
5968,1677,11,3433,550,0,0,0,0,,,"Les Terres fantômes",,,,,,,,,,,,,,0xFF01FE,3,0,0,0,17,
6020,1678,11,215,700,0,0,0,0,,,"Mulgore",,,,,,,,,,,,,,0xFF01FE,3,0,0,0,17,
6115,1680,11,215,685,0,0,0,0,,,"Mulgore",,,,,,,,,,,,,,0xFF01FE,3,0,0,0,17,
6503,1777,29,45564,1,0,0,0,0,,,"Saumon fumé",,,,,,,,,,,,,,0xFF01FE,0,0,0,0,17,
6777,1800,29,33289,1,0,0,0,0,,,"Steak de talbuk",,,,,,,,,,,,,,0xFF01FE,0,0,0,0,17,
7457,2094,42,43718,1,0,0,0,0,,,"Pièce de cuivre du soldat Marcus Jonathan",,,,,,,,,,,,,,0xFF01FE,0,0,0,0,17,
7588,2136,8,2153,0,0,0,0,0,,,"La danse du vide",,,,,,,,,,,,,,0xFF01FE,0,0,0,0,17,
7620,2137,8,2184,0,0,0,0,0,,,"On n'en a jamais assez",,,,,,,,,,,,,,0xFF01FE,0,0,0,0,17,
7621,2138,8,2185,0,0,0,0,0,,,"On n'en a jamais assez (25 joueurs)",,,,,,,,,,,,,,0xFF01FE,0,0,0,0,17,
7796,322,20,27656,0,0,0,0,0,,,"Gardien-tellurique Eregos",,,,,,,,,,,,,,0xFF01FE,0,0,0,0,17,
7827,323,20,31125,0,0,0,0,0,,,"Archavon le Gardien des pierres",,,,,,,,,,,,,,0xFF01FE,0,0,0,0,17,
7835,324,20,16011,0,0,0,0,0,,,"Horreb",,,,,,,,,,,,,,0xFF01FE,0,0,0,0,17,
8116,2256,0,32471,1,0,0,0,0,,,"Griegen",,,,,,,,,,,,,,0xFF01FE,0,0,0,0,17,
8701,347,41,20389,0,0,0,0,0,,,"Bonbons",,,,,,,,,,,,,,0xFF01FE,2,0,0,0,17,
8745,1756,0,31125,1,0,0,0,0,,,"Archavon le Gardien des pierres",,,,,,,,,,,,,,0xFF01FE,2,0,0,0,17,
8746,1770,28,59450,1,0,0,0,0,,,"Les quatre cavaliers",,,,,,,,,,,,,,0xFF01FE,0,0,0,0,17,
8996,346,41,22778,0,0,0,0,0,,,"Infusion de plaie-du-Fléau",,,,,,,,,,,,,,0xFF01FE,2,0,0,0,17,
9373,2556,0,32428,1,0,0,0,0,,,"Rat des Entrailles",,,,,,,,,,,,,,0xFF01FE,0,0,0,0,17,
9742,2758,27,13688,1,0,0,0,0,,,"",,,,,,,,,,,,,,0xFF01FE,2,0,0,0,17,
11919,3802,28,68206,1,0,0,0,0,,,"M'uru",,,,,,,,,,,,,,0xFF01FE,0,0,0,0,17,
12634,4416,34,43698,0,0,0,0,0,,,"Bourbe-haleine",,,,,,,,,,,,,,0xFF01FE,2,0,0,0,17,
13028,4603,8,4622,0,0,0,0,0,,,"Un acte vil",,,,,,,,,,,,,,0xFF01FE,0,0,0,0,17,
519,627,43,1041,1,0,0,0,0,,,"Portes de Forgefer",,,,,,,,,,,,,,0xFF01FE,0,0,0,0,18,
776,700,36,28242,1,0,0,0,0,,,"Médaillon de la Horde",,,,,,,,,,,,,,0xFF01FE,2,0,0,0,18,
796,701,36,30350,1,0,0,0,0,,,"Médaillon de l'Alliance",,,,,,,,,,,,,,0xFF01FE,2,0,0,0,18,
934,750,43,478,1,0,0,0,0,,,"Agama'gor",,,,,,,,,,,,,,0xFF01FE,0,0,0,0,18,
1098,771,43,877,1,0,0,0,0,,,"Tour du Col du nord",,,,,,,,,,,,,,0xFF01FE,0,0,0,0,18,
1213,781,43,516,1,0,0,0,0,,,"Tertre des ogres Mosh'Ogg",,,,,,,,,,,,,,0xFF01FE,0,0,0,0,18,
1294,42,8,782,1,0,0,0,0,,,"Marais des Chagrins",,,,,,,,,,,,,,0xFF01FE,0,0,0,0,18,
1340,845,43,758,1,0,0,0,0,,,"Colline Gangrefeu",,,,,,,,,,,,,,0xFF01FE,0,0,0,0,18,
1426,851,43,641,1,0,0,0,0,,,"Vallée des Chardonniers",,,,,,,,,,,,,,0xFF01FE,0,0,0,0,18,
1442,852,43,858,1,0,0,0,0,,,"Les Confins dévastés",,,,,,,,,,,,,,0xFF01FE,0,0,0,0,18,
1501,43,8,855,1,0,0,0,0,,,"Reflet-de-Lune",,,,,,,,,,,,,,0xFF01FE,0,0,0,0,18,
1525,859,43,1359,1,0,0,0,0,,,"Lac Elrendar",,,,,,,,,,,,,,0xFF01FE,0,0,0,0,18,
1590,861,43,1345,1,0,0,0,0,,,"Les confins cramoisis",,,,,,,,,,,,,,0xFF01FE,0,0,0,0,18,
1641,862,43,1283,1,0,0,0,0,,,"Camp de forge : Mageddon",,,,,,,,,,,,,,0xFF01FE,0,0,0,0,18,
1667,863,43,1432,1,0,0,0,0,,,"Rivage des Sombrecrêtes",,,,,,,,,,,,,,0xFF01FE,0,0,0,0,18,
1701,865,43,1307,1,0,0,0,0,,,"Sylve Ruuan",,,,,,,,,,,,,,0xFF01FE,0,0,0,0,18,
1726,866,43,1232,1,0,0,0,0,,,"Ventejonc",,,,,,,,,,,,,,0xFF01FE,0,0,0,0,18,
1743,867,43,1395,1,0,0,0,0,,,"Caravane abandonnée",,,,,,,,,,,,,,0xFF01FE,0,0,0,0,18,
1777,843,43,1317,1,0,0,0,0,,,"Écodôme Champlointain",,,,,,,,,,,,,,0xFF01FE,0,0,0,0,18,
1963,911,27,8726,1,0,0,0,0,,,"Ancienne Brillelance au Berceau-de-l'Hiver",,,,,,,,,,,,,,0xFF01FE,0,0,0,0,18,
2277,979,36,20572,1,0,0,0,0,,,"Masque de tauren fragile",,,,,,,,,,,,,,0xFF01FE,2,0,0,0,18,
2904,621,57,31774,1,0,0,0,0,,,"Tabard kurenaï",,,,,,,,,,,,,,0xFF01FE,2,0,0,0,18,
3318,344,41,21990,1,0,0,0,0,,,"Bandage en tisse-néant",,,,,,,,,,,,,,0xFF01FE,0,0,0,0,18,
3758,1206,54,225,1,0,0,0,0,,,"Mouffette",,,,,,,,,,,,,,0xFF01FE,0,0,0,0,18,
3779,1244,68,175742,1,0,0,0,0,,,"La montée de la Horde",,,,,,,,,,,,,,0xFF01FE,0,0,0,0,18,
3858,153,72,180663,1,0,0,0,0,,,"Banc de sagerelles",,,,,,,,,,,,,,0xFF01FE,2,0,0,0,18,
3956,1283,8,645,0,0,0,0,0,,,"Scholomance",,,,,,,,,,,,,,0xFF01FE,0,0,0,0,18,
4154,1263,43,1520,0,0,0,0,0,,,"Donjon d'Utgarde",,,,,,,,,,,,,,0xFF01FE,0,0,0,0,18,
4177,1265,43,1529,0,0,0,0,0,,,"Halte Ecarlate",,,,,,,,,,,,,,0xFF01FE,0,0,0,0,18,
4305,345,41,3928,0,0,0,0,0,,,"Potion de soins excellente",,,,,,,,,,,,,,0xFF01FE,0,0,0,0,18,
4331,922,41,2455,0,0,0,0,0,,,"Potion de mana mineure",,,,,,,,,,,,,,0xFF01FE,0,0,0,0,18,
4353,923,41,9154,0,0,0,0,0,,,"Elixir de détection des morts-vivants",,,,,,,,,,,,,,0xFF01FE,0,0,0,0,18,
4424,811,41,13510,0,0,0,0,0,,,"Flacon des titans",,,,,,,,,,,,,,0xFF01FE,0,0,0,0,18,
4521,1311,0,18693,1,0,0,0,0,,,"Porte-parole Mar'grom",,,,,,,,,,,,,,0xFF01FE,0,0,0,0,18,
4557,686,36,16915,1,0,0,0,0,,,"Pantalon de vent du Néant",,,,,,,,,,,,,,0xFF01FE,2,0,0,0,18,
4577,685,36,16950,1,0,0,0,0,,,"Cuirasse des dix tempêtes",,,,,,,,,,,,,,0xFF01FE,2,0,0,0,18,
4590,687,36,21581,1,0,0,0,0,,,"Gantelets d'annihilation",,,,,,,,,,,,,,0xFF01FE,2,0,0,0,18,
4613,698,36,34243,1,0,0,0,0,,,"Heaume de la piété ardente",,,,,,,,,,,,,,0xFF01FE,2,0,0,0,18,
4634,695,36,30988,1,0,0,0,0,,,"Grand heaume du porteur de Lumière",,,,,,,,,,,,,,0xFF01FE,2,0,0,0,18,
4736,812,41,22105,0,0,0,0,0,,,"Pierre de soins magistrale (2)",,,,,,,,,,,,,,0xFF01FE,0,0,0,0,18,
4767,925,46,967,42000,0,0,0,0,,,"Exalté auprès de l'Œil pourpre",,,,,,,,,,,,,,0xFF01FE,0,0,0,0,18,
4785,927,49,5,1,0,0,0,0,,,"Une ceinture épique !",,,,,,,,,,,,,,0xFF01FE,0,0,0,0,18,
4804,697,36,30991,1,0,0,0,0,,,"Corselet du porteur de Lumière",,,,,,,,,,,,,,0xFF01FE,2,0,0,0,18,
4834,696,36,30169,1,0,0,0,0,,,"Plastron du cataclysme",,,,,,,,,,,,,,0xFF01FE,2,0,0,0,18,
4864,694,36,30190,1,0,0,0,0,,,"Heaume du cataclysme",,,,,,,,,,,,,,0xFF01FE,2,0,0,0,18,
4891,693,36,29033,1,0,0,0,0,,,"Corselet de cyclone",,,,,,,,,,,,,,0xFF01FE,2,0,0,0,18,
4923,692,36,29042,1,0,0,0,0,,,"Kilt de guerre de cyclone",,,,,,,,,,,,,,0xFF01FE,2,0,0,0,18,
5070,1307,27,9011,1,0,0,0,0,,,"Garder le meilleur pour la fin",,,,,,,,,,,,,,0xFF01FE,2,0,0,0,18,
5096,284,36,20572,1,0,0,0,0,,,"Masque de tauren fragile",,,,,,,,,,,,,,0xFF01FE,0,0,0,0,18,
5160,1396,27,13032,1,0,0,0,0,,,"Ancien Muraco au camp Tunka'lo",,,,,,,,,,,,,,0xFF01FE,0,0,0,0,18,
5464,1467,0,26861,1,0,0,0,0,,,"Roi Ymiron",,,,,,,,,,,,,,0xFF01FE,0,0,0,0,18,
5917,1676,11,721,700,0,0,0,0,,,"Gnomeregan",,,,,,,,,,,,,,0xFF01FE,3,0,0,0,18,
5969,1677,11,721,550,0,0,0,0,,,"Gnomeregan",,,,,,,,,,,,,,0xFF01FE,3,0,0,0,18,
6021,1678,11,2159,700,0,0,0,0,,,"Le repaire d'Onyxia",,,,,,,,,,,,,,0xFF01FE,3,0,0,0,18,
6116,1680,11,2159,685,0,0,0,0,,,"Le repaire d'Onyxia",,,,,,,,,,,,,,0xFF01FE,3,0,0,0,18,
6200,879,34,18991,0,0,0,0,0,,,"Kodo vert",,,,,,,,,,,,,,0xFF01FE,2,0,0,0,18,
6505,1777,29,58512,1,0,0,0,0,,,"Délicieux petit four",,,,,,,,,,,,,,0xFF01FE,0,0,0,0,18,
6778,1800,29,33288,1,0,0,0,0,,,"Steak dimensionnel",,,,,,,,,,,,,,0xFF01FE,0,0,0,0,18,
7458,2094,42,43719,1,0,0,0,0,,,"Pièce de cuivre brillante de Salandria",,,,,,,,,,,,,,0xFF01FE,0,0,0,0,18,
7512,2136,8,1864,0,0,0,0,0,,,"Quelle odeur !",,,,,,,,,,,,,,0xFF01FE,0,0,0,0,18,
7795,322,20,27447,0,0,0,0,0,,,"Varos Arpentenuée",,,,,,,,,,,,,,0xFF01FE,0,0,0,0,18,
7826,323,20,28859,0,0,0,0,0,,,"Malygos",,,,,,,,,,,,,,0xFF01FE,0,0,0,0,18,
7834,324,20,16061,0,0,0,0,0,,,"Instructeur Razuvious",,,,,,,,,,,,,,0xFF01FE,0,0,0,0,18,
8117,2256,0,32475,1,0,0,0,0,,,"Tisseuse de terreur",,,,,,,,,,,,,,0xFF01FE,0,0,0,0,18,
8700,347,41,20388,0,0,0,0,0,,,"Sucette",,,,,,,,,,,,,,0xFF01FE,2,0,0,0,18,
8744,1770,0,31125,1,0,0,0,0,,,"Archavon le Gardien des pierres",,,,,,,,,,,,,,0xFF01FE,2,0,0,0,18,
8747,1756,28,59450,1,0,0,0,0,,,"Les quatre cavaliers",,,,,,,,,,,,,,0xFF01FE,0,0,0,0,18,
9021,346,41,37905,0,0,0,0,0,,,"Bière ambrée draenique",,,,,,,,,,,,,,0xFF01FE,2,0,0,0,18,
9374,2556,0,28202,1,0,0,0,0,,,"Rat de Zul'Drak",,,,,,,,,,,,,,0xFF01FE,0,0,0,0,18,
9743,2758,27,13704,1,0,0,0,0,,,"",,,,,,,,,,,,,,0xFF01FE,2,0,0,0,18,
11920,3802,28,68206,1,0,0,0,0,,,"Ingvar",,,,,,,,,,,,,,0xFF01FE,0,0,0,0,18,
12636,4416,34,46425,0,0,0,0,0,,,"Patibulle",,,,,,,,,,,,,,0xFF01FE,2,0,0,0,18,
777,700,36,28240,1,0,0,0,0,,,"Médaillon de la Horde",,,,,,,,,,,,,,0xFF01FE,2,0,0,0,19,
797,701,36,30348,1,0,0,0,0,,,"Médaillon de l'Alliance",,,,,,,,,,,,,,0xFF01FE,2,0,0,0,19,
935,750,43,479,1,0,0,0,0,,,"Ronceplaie",,,,,,,,,,,,,,0xFF01FE,0,0,0,0,19,
1099,771,43,876,1,0,0,0,0,,,"Gîte de Quel'Lithien",,,,,,,,,,,,,,0xFF01FE,0,0,0,0,19,
1214,781,43,517,1,0,0,0,0,,,"Campement de la KapitalRisk",,,,,,,,,,,,,,0xFF01FE,0,0,0,0,19,
1295,42,8,773,1,0,0,0,0,,,"Les Hinterlands",,,,,,,,,,,,,,0xFF01FE,0,0,0,0,19,
1427,851,43,660,1,0,0,0,0,,,"Zul'Farrak",,,,,,,,,,,,,,0xFF01FE,0,0,0,0,19,
1443,852,43,859,1,0,0,0,0,,,"La crête Lugubre",,,,,,,,,,,,,,0xFF01FE,0,0,0,0,19,
1502,43,8,856,1,0,0,0,0,,,"Silithus",,,,,,,,,,,,,,0xFF01FE,0,0,0,0,19,
1526,859,43,1360,1,0,0,0,0,,,"Pierre runique Falithas",,,,,,,,,,,,,,0xFF01FE,0,0,0,0,19,
1702,865,43,1308,1,0,0,0,0,,,"Skald",,,,,,,,,,,,,,0xFF01FE,0,0,0,0,19,
1727,866,43,1233,1,0,0,0,0,,,"Crête de Zangar",,,,,,,,,,,,,,0xFF01FE,0,0,0,0,19,
1745,867,43,1397,1,0,0,0,0,,,"Voile Rhaze",,,,,,,,,,,,,,0xFF01FE,0,0,0,0,19,
1778,843,43,1318,1,0,0,0,0,,,"Lieu de rassemblement de l'Ethereum",,,,,,,,,,,,,,0xFF01FE,0,0,0,0,19,
1856,879,36,15293,1,0,0,0,0,,,"Kodo bleu",,,,,,,,,,,,,,0xFF01FE,2,0,0,0,19,
1964,911,27,8672,1,0,0,0,0,,,"Ancien Cime-de-pierre à Long-guet",,,,,,,,,,,,,,0xFF01FE,0,0,0,0,19,
2104,861,43,1346,1,0,0,0,0,,,"Le cryocœur",,,,,,,,,,,,,,0xFF01FE,0,0,0,0,19,
2278,979,36,20568,1,0,0,0,0,,,"Masque de troll fragile",,,,,,,,,,,,,,0xFF01FE,2,0,0,0,19,
2905,621,57,31778,1,0,0,0,0,,,"Tabard de la Ville basse",,,,,,,,,,,,,,0xFF01FE,2,0,0,0,19,
3319,344,41,14529,1,0,0,0,0,,,"Bandage en étoffe runique",,,,,,,,,,,,,,0xFF01FE,0,0,0,0,19,
3759,1206,54,225,1,0,0,0,0,,,"Pourceau",,,,,,,,,,,,,,0xFF01FE,0,0,0,0,19,
3780,1244,68,175724,1,0,0,0,0,,,"Sargeras et la trahison",,,,,,,,,,,,,,0xFF01FE,0,0,0,0,19,
3861,153,72,180684,1,0,0,0,0,,,"Banc de grandes sagerelles",,,,,,,,,,,,,,0xFF01FE,2,0,0,0,19,
3957,1283,8,646,0,0,0,0,0,,,"Stratholme",,,,,,,,,,,,,,0xFF01FE,0,0,0,0,19,
4155,1263,43,1522,0,0,0,0,0,,,"Donjon de la Garde de l'ouest",,,,,,,,,,,,,,0xFF01FE,0,0,0,0,19,
4306,345,41,28100,0,0,0,0,0,,,"Potion de soins volatile",,,,,,,,,,,,,,0xFF01FE,0,0,0,0,19,
4332,922,41,32762,0,0,0,0,0,,,"Jus de cerveau de Rulk",,,,,,,,,,,,,,0xFF01FE,0,0,0,0,19,
4354,923,41,32067,0,0,0,0,0,,,"Elixir de sagesse draenique",,,,,,,,,,,,,,0xFF01FE,0,0,0,0,19,
4425,811,41,35717,0,0,0,0,0,,,"Flacon de lumière aveuglante de Shattrath",,,,,,,,,,,,,,0xFF01FE,0,0,0,0,19,
4522,1311,0,18683,1,0,0,0,0,,,"Chasseur du Vide Yar",,,,,,,,,,,,,,0xFF01FE,0,0,0,0,19,
4558,686,36,16901,1,0,0,0,0,,,"Garde-jambes de Hurlorage",,,,,,,,,,,,,,0xFF01FE,2,0,0,0,19,
4578,685,36,16966,1,0,0,0,0,,,"Cuirasse de courroux",,,,,,,,,,,,,,0xFF01FE,2,0,0,0,19,
4591,687,36,21582,1,0,0,0,0,,,"Torsade du Dieu très ancien",,,,,,,,,,,,,,0xFF01FE,2,0,0,0,19,
4614,698,36,34336,1,0,0,0,0,,,"Solembrase",,,,,,,,,,,,,,0xFF01FE,2,0,0,0,19,
4635,695,36,30989,1,0,0,0,0,,,"Heaume de guerre du porteur de Lumière",,,,,,,,,,,,,,0xFF01FE,2,0,0,0,19,
4786,927,49,8,1,0,0,0,0,,,"Des brassards épiques !",,,,,,,,,,,,,,0xFF01FE,0,0,0,0,19,
4805,697,36,30992,1,0,0,0,0,,,"Plastron du porteur de Lumière",,,,,,,,,,,,,,0xFF01FE,2,0,0,0,19,
4835,696,36,30129,1,0,0,0,0,,,"Cuirasse de Cristalforge",,,,,,,,,,,,,,0xFF01FE,2,0,0,0,19,
4865,694,36,30125,1,0,0,0,0,,,"Ventaille de Cristalforge",,,,,,,,,,,,,,0xFF01FE,2,0,0,0,19,
4892,693,36,29029,1,0,0,0,0,,,"Haubert de cyclone",,,,,,,,,,,,,,0xFF01FE,2,0,0,0,19,
4924,692,36,29074,1,0,0,0,0,,,"Grèves de justicier",,,,,,,,,,,,,,0xFF01FE,2,0,0,0,19,
5071,1307,27,9012,1,0,0,0,0,,,"Garder le meilleur pour la fin",,,,,,,,,,,,,,0xFF01FE,2,0,0,0,19,
5097,284,36,20568,1,0,0,0,0,,,"Masque de troll fragile",,,,,,,,,,,,,,0xFF01FE,0,0,0,0,19,
5453,1467,0,27977,1,0,0,0,0,,,"Krystallus",,,,,,,,,,,,,,0xFF01FE,0,0,0,0,19,
6022,1678,11,1637,700,0,0,0,0,,,"Orgrimmar",,,,,,,,,,,,,,0xFF01FE,3,0,0,0,19,
6117,1680,11,1637,685,0,0,0,0,,,"Orgrimmar",,,,,,,,,,,,,,0xFF01FE,3,0,0,0,19,
6506,1777,29,45551,1,0,0,0,0,,,"Délice de ver",,,,,,,,,,,,,,0xFF01FE,0,0,0,0,19,
6779,1800,29,38868,1,0,0,0,0,,,"Serpent croustillant",,,,,,,,,,,,,,0xFF01FE,0,0,0,0,19,
7459,2094,42,43720,1,0,0,0,0,,,"Pièce de cuivre de l'écuyer Rowe",,,,,,,,,,,,,,0xFF01FE,0,0,0,0,19,
7584,2136,8,2152,0,0,0,0,0,,,"L'amour est partout",,,,,,,,,,,,,,0xFF01FE,0,0,0,0,19,
7792,322,20,27655,0,0,0,0,0,,,"Seigneur-mage Urom",,,,,,,,,,,,,,0xFF01FE,0,0,0,0,19,
7825,323,20,28860,0,0,0,0,0,,,"Sartharion",,,,,,,,,,,,,,0xFF01FE,0,0,0,0,19,
7833,324,20,15936,0,0,0,0,0,,,"Heigan l'Impur",,,,,,,,,,,,,,0xFF01FE,0,0,0,0,19,
8118,2256,0,32481,1,0,0,0,0,,,"Aotona",,,,,,,,,,,,,,0xFF01FE,0,0,0,0,19,
8690,347,41,19062,0,0,0,0,0,,,"Rations de campagne du goulet des Chanteguerres",,,,,,,,,,,,,,0xFF01FE,2,0,0,0,19,
8742,1770,0,15956,1,0,0,0,0,,,"Anub'Rekhan",,,,,,,,,,,,,,0xFF01FE,0,0,0,0,19,
8743,1756,0,15956,1,0,0,0,0,,,"Anub'Rekhan",,,,,,,,,,,,,,0xFF01FE,0,0,0,0,19,
9020,346,41,37494,0,0,0,0,0,,,"Bière de Strangleronce",,,,,,,,,,,,,,0xFF01FE,2,0,0,0,19,
9039,812,41,36890,0,0,0,0,0,,,"Pierre de soins démoniaque",,,,,,,,,,,,,,0xFF01FE,0,0,0,0,19,
9424,1676,11,133,700,0,0,0,0,,,"Gnomeregan",,,,,,,,,,,,,,0xFF01FE,3,0,0,0,19,
9425,1677,11,133,550,0,0,0,0,,,"Gnomeregan",,,,,,,,,,,,,,0xFF01FE,3,0,0,0,19,
9738,2758,27,13684,1,0,0,0,0,,,"",,,,,,,,,,,,,,0xFF01FE,2,0,0,0,19,
11921,3802,28,68206,1,0,0,0,0,,,"Cyanigosa",,,,,,,,,,,,,,0xFF01FE,0,0,0,0,19,
778,700,36,28243,1,0,0,0,0,,,"Médaillon de la Horde",,,,,,,,,,,,,,0xFF01FE,2,0,0,0,20,
798,701,36,28238,1,0,0,0,0,,,"Médaillon de l'Alliance",,,,,,,,,,,,,,0xFF01FE,2,0,0,0,20,
936,750,43,480,1,0,0,0,0,,,"Camp Taurajo",,,,,,,,,,,,,,0xFF01FE,0,0,0,0,20,
1100,771,43,875,1,0,0,0,0,,,"Val-Terreur",,,,,,,,,,,,,,0xFF01FE,0,0,0,0,20,
1215,781,43,518,1,0,0,0,0,,,"Lac Nazfériti",,,,,,,,,,,,,,0xFF01FE,0,0,0,0,20,
1297,42,8,802,1,0,0,0,0,,,"Marche de l'Ouest",,,,,,,,,,,,,,0xFF01FE,0,0,0,0,20,
1428,851,43,657,1,0,0,0,0,,,"Grottes du temps",,,,,,,,,,,,,,0xFF01FE,0,0,0,0,20,
1503,43,8,857,1,0,0,0,0,,,"Berceau-de-l'Hiver",,,,,,,,,,,,,,0xFF01FE,0,0,0,0,20,
1527,859,43,1361,1,0,0,0,0,,,"Pierre runique Shan'dor",,,,,,,,,,,,,,0xFF01FE,0,0,0,0,20,
1591,861,43,1347,1,0,0,0,0,,,"Le bassin souillé",,,,,,,,,,,,,,0xFF01FE,0,0,0,0,20,
1703,865,43,1309,1,0,0,0,0,,,"Sylvanaar",,,,,,,,,,,,,,0xFF01FE,0,0,0,0,20,
1746,867,43,1398,1,0,0,0,0,,,"Monticule grouillant",,,,,,,,,,,,,,0xFF01FE,0,0,0,0,20,
1779,843,43,1319,1,0,0,0,0,,,"Siège de Socrethar",,,,,,,,,,,,,,0xFF01FE,0,0,0,0,20,
1965,911,27,8654,1,0,0,0,0,,,"Ancien Prime-pierre en Silithus",,,,,,,,,,,,,,0xFF01FE,0,0,0,0,20,
2279,979,36,20573,1,0,0,0,0,,,"Masque de mort-vivant fragile",,,,,,,,,,,,,,0xFF01FE,2,0,0,0,20,
2906,621,57,31773,1,0,0,0,0,,,"Tabard de Mag'har",,,,,,,,,,,,,,0xFF01FE,2,0,0,0,20,
3320,344,41,6450,1,0,0,0,0,,,"Bandage en soie",,,,,,,,,,,,,,0xFF01FE,0,0,0,0,20,
3760,1206,54,225,1,0,0,0,0,,,"Crapaud",,,,,,,,,,,,,,0xFF01FE,0,0,0,0,20,
3781,1244,68,175757,1,0,0,0,0,,,"Puits de soleil - La chute de Quel'Thalas",,,,,,,,,,,,,,0xFF01FE,0,0,0,0,20,
3864,153,72,180712,1,0,0,0,0,,,"Banc d'anguilles pierre-écaille",,,,,,,,,,,,,,0xFF01FE,2,0,0,0,20,
4157,1263,43,1526,0,0,0,0,0,,,"Excavations de Baelgun",,,,,,,,,,,,,,0xFF01FE,0,0,0,0,20,
4307,345,41,9144,0,0,0,0,0,,,"Potion de sauvageonne",,,,,,,,,,,,,,0xFF01FE,0,0,0,0,20,
4333,922,41,13443,0,0,0,0,0,,,"Potion de mana excellente",,,,,,,,,,,,,,0xFF01FE,0,0,0,0,20,
4355,923,41,9197,0,0,0,0,0,,,"Elixir de vision de rêve",,,,,,,,,,,,,,0xFF01FE,0,0,0,0,20,
4426,811,41,32898,0,0,0,0,0,,,"Flacon de fortifiant de Shattrath",,,,,,,,,,,,,,0xFF01FE,0,0,0,0,20,
4523,1311,0,18679,1,0,0,0,0,,,"Vorakem Parleruine",,,,,,,,,,,,,,0xFF01FE,0,0,0,0,20,
4559,686,36,17106,1,0,0,0,0,,,"Défenseur de Malistar",,,,,,,,,,,,,,0xFF01FE,2,0,0,0,20,
4579,685,36,16942,1,0,0,0,0,,,"Cuirasse de traqueur de dragon",,,,,,,,,,,,,,0xFF01FE,2,0,0,0,20,
4592,687,36,21596,1,0,0,0,0,,,"Anneau du tueur de dieu",,,,,,,,,,,,,,0xFF01FE,2,0,0,0,20,
4615,698,36,34242,1,0,0,0,0,,,"Cape d'Antonidas rapiécée",,,,,,,,,,,,,,0xFF01FE,2,0,0,0,20,
4636,695,36,31003,1,0,0,0,0,,,"Casque de traqueur de gronn",,,,,,,,,,,,,,0xFF01FE,2,0,0,0,20,
4806,697,36,31052,1,0,0,0,0,,,"Robe du maléfice",,,,,,,,,,,,,,0xFF01FE,2,0,0,0,20,
4836,696,36,30123,1,0,0,0,0,,,"Corselet de Cristalforge",,,,,,,,,,,,,,0xFF01FE,2,0,0,0,20,
4866,694,36,30136,1,0,0,0,0,,,"Grand heaume de Cristalforge",,,,,,,,,,,,,,0xFF01FE,2,0,0,0,20,
4893,693,36,29071,1,0,0,0,0,,,"Cuirasse de justicier",,,,,,,,,,,,,,0xFF01FE,2,0,0,0,20,
4925,692,36,29063,1,0,0,0,0,,,"Jambières de justicier",,,,,,,,,,,,,,0xFF01FE,2,0,0,0,20,
5072,1307,27,9013,1,0,0,0,0,,,"Garder le meilleur pour la fin",,,,,,,,,,,,,,0xFF01FE,2,0,0,0,20,
5098,284,36,20573,1,0,0,0,0,,,"Masque de mort-vivant fragile",,,,,,,,,,,,,,0xFF01FE,0,0,0,0,20,
5449,1467,0,29305,1,0,0,0,0,,,"Moorabi",,,,,,,,,,,,,,0xFF01FE,0,0,0,0,20,
5918,1676,11,267,700,0,0,0,0,,,"Contreforts de Hautebrande",,,,,,,,,,,,,,0xFF01FE,3,0,0,0,20,
5970,1677,11,267,550,0,0,0,0,,,"Contreforts de Hautebrande",,,,,,,,,,,,,,0xFF01FE,3,0,0,0,20,
6023,1678,11,2437,700,0,0,0,0,,,"Gouffre de Ragefeu",,,,,,,,,,,,,,0xFF01FE,3,0,0,0,20,
6118,1680,11,2437,685,0,0,0,0,,,"Gouffre de Ragefeu",,,,,,,,,,,,,,0xFF01FE,3,0,0,0,20,
6201,879,34,18992,0,0,0,0,0,,,"Kodo bleu",,,,,,,,,,,,,,0xFF01FE,2,0,0,0,20,
6398,1756,0,28860,1,0,0,0,0,,,"Sartharion le Gardien d'Onyx",,,,,,,,,,,,,,0xFF01FE,0,0,0,0,20,
6417,1770,0,28860,1,0,0,0,0,,,"Sartharion le Gardien d'Onyx",,,,,,,,,,,,,,0xFF01FE,0,0,0,0,20,
6507,1777,29,45554,1,0,0,0,0,,,"Grand festin",,,,,,,,,,,,,,0xFF01FE,0,0,0,0,20,
6780,1800,29,38867,1,0,0,0,0,,,"Côtelettes mok'nathal",,,,,,,,,,,,,,0xFF01FE,0,0,0,0,20,
7460,2094,42,43721,1,0,0,0,0,,,"Pièce de cuivre de Stalvan",,,,,,,,,,,,,,0xFF01FE,0,0,0,0,20,
7513,2136,8,2040,0,0,0,0,0,,,"Moin-rabi",,,,,,,,,,,,,,0xFF01FE,0,0,0,0,20,
7791,322,20,27654,0,0,0,0,0,,,"Drakos l'Interrogateur",,,,,,,,,,,,,,0xFF01FE,0,0,0,0,20,
7814,323,20,16011,0,0,0,0,0,,,"Horreb",,,,,,,,,,,,,,0xFF01FE,0,0,0,0,20,
7831,324,20,15953,0,0,0,0,0,,,"Grande veuve Faerlina",,,,,,,,,,,,,,0xFF01FE,0,0,0,0,20,
8119,2256,0,32485,1,0,0,0,0,,,"Roi Krush",,,,,,,,,,,,,,0xFF01FE,0,0,0,0,20,
8689,347,41,19061,0,0,0,0,0,,,"Rations de fer du goulet des Chanteguerres",,,,,,,,,,,,,,0xFF01FE,2,0,0,0,20,
9019,346,41,36748,0,0,0,0,0,,,"Sombrebière de la vierge",,,,,,,,,,,,,,0xFF01FE,2,0,0,0,20,
9038,812,41,36889,0,0,0,0,0,,,"Pierre de soins démoniaque",,,,,,,,,,,,,,0xFF01FE,0,0,0,0,20,
9739,2758,27,13593,1,0,0,0,0,,,"",,,,,,,,,,,,,,0xFF01FE,2,0,0,0,20,
11922,3802,28,68206,1,0,0,0,0,,,"Eck",,,,,,,,,,,,,,0xFF01FE,0,0,0,0,20,
937,750,43,481,1,0,0,0,0,,,"Champ des Géants",,,,,,,,,,,,,,0xFF01FE,0,0,0,0,21,
1101,771,43,874,1,0,0,0,0,,,"Tour de Pestebois",,,,,,,,,,,,,,0xFF01FE,0,0,0,0,21,
1216,781,43,519,1,0,0,0,0,,,"Ruines de Kal'ai",,,,,,,,,,,,,,0xFF01FE,0,0,0,0,21,
1298,42,8,841,1,0,0,0,0,,,"Les Paluns",,,,,,,,,,,,,,0xFF01FE,0,0,0,0,21,
1528,859,43,1362,1,0,0,0,0,,,"Havre de Saltheril",,,,,,,,,,,,,,0xFF01FE,0,0,0,0,21,
1592,861,43,1348,1,0,0,0,0,,,"Le récif caché",,,,,,,,,,,,,,0xFF01FE,0,0,0,0,21,
1704,865,43,1310,1,0,0,0,0,,,"Éperon de cristal",,,,,,,,,,,,,,0xFF01FE,0,0,0,0,21,
1747,867,43,1170,1,0,0,0,0,,,"Skettis",,,,,,,,,,,,,,0xFF01FE,0,0,0,0,21,
1780,843,43,1326,1,0,0,0,0,,,"Base de forge : Oubli",,,,,,,,,,,,,,0xFF01FE,0,0,0,0,21,
1857,879,36,13328,1,0,0,0,0,,,"Bélier noir",,,,,,,,,,,,,,0xFF01FE,2,0,0,0,21,
1966,911,27,8719,1,0,0,0,0,,,"Ancienne Lamechant au Fort cénarien",,,,,,,,,,,,,,0xFF01FE,0,0,0,0,21,
2907,621,57,32828,1,0,0,0,0,,,"Tabard d'Ogri'la",,,,,,,,,,,,,,0xFF01FE,2,0,0,0,21,
3321,344,41,38643,1,0,0,0,0,,,"Bandage renforcé en tisse-givre",,,,,,,,,,,,,,0xFF01FE,0,0,0,0,21,
3761,1206,54,225,1,0,0,0,0,,,"Chien de prairie",,,,,,,,,,,,,,0xFF01FE,0,0,0,0,21,
3782,1244,68,175746,1,0,0,0,0,,,"L'Alliance de Lordaeron",,,,,,,,,,,,,,0xFF01FE,0,0,0,0,21,
4158,1263,43,1527,0,0,0,0,0,,,"Torvheim",,,,,,,,,,,,,,0xFF01FE,0,0,0,0,21,
4309,345,41,33092,0,0,0,0,0,,,"Injecteur de potion de soins",,,,,,,,,,,,,,0xFF01FE,0,0,0,0,21,
4334,922,41,22850,0,0,0,0,0,,,"Potion de super-régénération",,,,,,,,,,,,,,0xFF01FE,0,0,0,0,21,
4356,923,41,22848,0,0,0,0,0,,,"Elixir de renforcement",,,,,,,,,,,,,,0xFF01FE,0,0,0,0,21,
4427,811,41,32899,0,0,0,0,0,,,"Flacon de puissante restauration de Shattrath",,,,,,,,,,,,,,0xFF01FE,0,0,0,0,21,
4560,686,36,17063,1,0,0,0,0,,,"Bague de Précisia",,,,,,,,,,,,,,0xFF01FE,2,0,0,0,21,
4580,685,36,16958,1,0,0,0,0,,,"Cuirasse du jugement",,,,,,,,,,,,,,0xFF01FE,2,0,0,0,21,
4593,687,36,21839,1,0,0,0,0,,,"Sceptre du faux prophète",,,,,,,,,,,,,,0xFF01FE,2,0,0,0,21,
4616,698,36,34343,1,0,0,0,0,,,"Gantelets de forestier thalassien",,,,,,,,,,,,,,0xFF01FE,2,0,0,0,21,
4637,695,36,30972,1,0,0,0,0,,,"Heaume de bataille d'assaut",,,,,,,,,,,,,,0xFF01FE,2,0,0,0,21,
4807,697,36,31065,1,0,0,0,0,,,"Voile d'absolution",,,,,,,,,,,,,,0xFF01FE,2,0,0,0,21,
4837,696,36,30134,1,0,0,0,0,,,"Plastron de Cristalforge",,,,,,,,,,,,,,0xFF01FE,2,0,0,0,21,
4867,694,36,30131,1,0,0,0,0,,,"Heaume de guerre de Cristalforge",,,,,,,,,,,,,,0xFF01FE,2,0,0,0,21,
4894,693,36,29066,1,0,0,0,0,,,"Corselet de justicier",,,,,,,,,,,,,,0xFF01FE,2,0,0,0,21,
4926,692,36,29069,1,0,0,0,0,,,"Garde-jambes de justicier",,,,,,,,,,,,,,0xFF01FE,2,0,0,0,21,
5073,1307,27,9014,1,0,0,0,0,,,"Garder le meilleur pour la fin",,,,,,,,,,,,,,0xFF01FE,2,0,0,0,21,
5278,153,72,192051,1,0,0,0,0,,,"Banc de poissons-méduses boréens",,,,,,,,,,,,,,0xFF01FE,2,0,0,0,21,
5444,1467,0,26631,1,0,0,0,0,,,"Novos l'Invocateur",,,,,,,,,,,,,,0xFF01FE,0,0,0,0,21,
5919,1676,11,1537,700,0,0,0,0,,,"Forgefer",,,,,,,,,,,,,,0xFF01FE,3,0,0,0,21,
5971,1677,11,1537,550,0,0,0,0,,,"Forgefer",,,,,,,,,,,,,,0xFF01FE,3,0,0,0,21,
6024,1678,11,722,700,0,0,0,0,,,"Souilles de Tranchebauge",,,,,,,,,,,,,,0xFF01FE,3,0,0,0,21,
6119,1680,11,722,685,0,0,0,0,,,"Souilles de Tranchebauge",,,,,,,,,,,,,,0xFF01FE,3,0,0,0,21,
6399,1756,0,28859,1,0,0,0,0,,,"Malygos",,,,,,,,,,,,,,0xFF01FE,0,0,0,0,21,
6418,1770,0,28859,1,0,0,0,0,,,"Malygos",,,,,,,,,,,,,,0xFF01FE,0,0,0,0,21,
6508,1777,29,53056,1,0,0,0,0,,,"Kungaloosh",,,,,,,,,,,,,,0xFF01FE,0,0,0,0,21,
6781,1800,29,42302,1,0,0,0,0,,,"Festin du pêcheur",,,,,,,,,,,,,,0xFF01FE,0,0,0,0,21,
7461,2094,42,43722,1,0,0,0,0,,,"Pièce de cuivre de Vereesa",,,,,,,,,,,,,,0xFF01FE,0,0,0,0,21,
7514,2136,8,2058,0,0,0,0,0,,,"Des serpents, fallait que ce soit des serpents !",,,,,,,,,,,,,,0xFF01FE,0,0,0,0,21,
7790,322,20,28923,0,0,0,0,0,,,"Loken",,,,,,,,,,,,,,0xFF01FE,0,0,0,0,21,
7812,323,20,15936,0,0,0,0,0,,,"Heigan l'Impur",,,,,,,,,,,,,,0xFF01FE,0,0,0,0,21,
7829,324,20,15932,0,0,0,0,0,,,"Gluth",,,,,,,,,,,,,,0xFF01FE,0,0,0,0,21,
7869,700,36,42122,1,0,0,0,0,,,"Médaillon de la Horde",,,,,,,,,,,,,,0xFF01FE,2,0,0,0,21,
7870,701,36,42123,1,0,0,0,0,,,"Médaillon de l'Alliance",,,,,,,,,,,,,,0xFF01FE,2,0,0,0,21,
8120,2256,0,32630,1,0,0,0,0,,,"Vyragosa",,,,,,,,,,,,,,0xFF01FE,0,0,0,0,21,
8688,347,41,19060,0,0,0,0,0,,,"Rations enrichies du goulet des Chanteguerres",,,,,,,,,,,,,,0xFF01FE,2,0,0,0,21,
9018,346,41,34412,0,0,0,0,0,,,"Cidre pétillant",,,,,,,,,,,,,,0xFF01FE,2,0,0,0,21,
9040,812,41,36891,0,0,0,0,0,,,"Pierre de soins démoniaque",,,,,,,,,,,,,,0xFF01FE,0,0,0,0,21,
11923,3802,28,68206,1,0,0,0,0,,,"Onyxia",,,,,,,,,,,,,,0xFF01FE,0,0,0,0,21,
938,750,43,482,1,0,0,0,0,,,"Crête de Noirépine",,,,,,,,,,,,,,0xFF01FE,0,0,0,0,22,
1102,771,43,873,1,0,0,0,0,,,"Stratholme",,,,,,,,,,,,,,0xFF01FE,0,0,0,0,22,
1217,781,43,520,1,0,0,0,0,,,"Ruines de Bal'lal",,,,,,,,,,,,,,0xFF01FE,0,0,0,0,22,
1282,42,8,777,1,0,0,0,0,,,"Défilé de Deuillevent",,,,,,,,,,,,,,0xFF01FE,0,0,0,0,22,
1529,859,43,1380,1,0,0,0,0,,,"Grève dorée",,,,,,,,,,,,,,0xFF01FE,0,0,0,0,22,
1593,861,43,1349,1,0,0,0,0,,,"Le Repli perdu",,,,,,,,,,,,,,0xFF01FE,0,0,0,0,22,
1705,865,43,1311,1,0,0,0,0,,,"Bastion des Sire-tonnerre",,,,,,,,,,,,,,0xFF01FE,0,0,0,0,22,
1781,843,43,1327,1,0,0,0,0,,,"Écodôme Terres-médianes",,,,,,,,,,,,,,0xFF01FE,0,0,0,0,22,
2908,621,57,15196,1,0,0,0,0,,,"Tabard de soldat",,,,,,,,,,,,,,0xFF01FE,2,0,0,0,22,
3322,344,41,19067,1,0,0,0,0,,,"Bandage en tisse-mage du goulet des Chanteguerres",,,,,,,,,,,,,,0xFF01FE,0,0,0,0,22,
3783,1244,68,175750,1,0,0,0,0,,,"La bataille de Grim Batol",,,,,,,,,,,,,,0xFF01FE,0,0,0,0,22,
4318,345,41,12190,0,0,0,0,0,,,"Potion de sommeil sans rêve",,,,,,,,,,,,,,0xFF01FE,0,0,0,0,22,
4335,922,41,28101,0,0,0,0,0,,,"Potion de mana instable",,,,,,,,,,,,,,0xFF01FE,0,0,0,0,22,
4357,923,41,6373,0,0,0,0,0,,,"Elixir de maîtrise du Feu",,,,,,,,,,,,,,0xFF01FE,0,0,0,0,22,
4428,811,41,35716,0,0,0,0,0,,,"Flacon de pure mort de Shattrath",,,,,,,,,,,,,,0xFF01FE,0,0,0,0,22,
4561,686,36,17102,1,0,0,0,0,,,"Cape du voile de brume",,,,,,,,,,,,,,0xFF01FE,2,0,0,0,22,
4581,685,36,16897,1,0,0,0,0,,,"Corselet de Hurlorage",,,,,,,,,,,,,,0xFF01FE,2,0,0,0,22,
4594,687,36,21579,1,0,0,0,0,,,"Tentacule de C'Thun vaincu",,,,,,,,,,,,,,0xFF01FE,2,0,0,0,22,
4617,698,36,34334,1,0,0,0,0,,,"Thori'dal, la Fureur des étoiles",,,,,,,,,,,,,,0xFF01FE,2,0,0,0,22,
4638,695,36,30974,1,0,0,0,0,,,"Grand heaume d'assaut",,,,,,,,,,,,,,0xFF01FE,2,0,0,0,22,
4808,697,36,31066,1,0,0,0,0,,,"Habits d'absolution",,,,,,,,,,,,,,0xFF01FE,2,0,0,0,22,
4838,696,36,30144,1,0,0,0,0,,,"Corselet de mantemort",,,,,,,,,,,,,,0xFF01FE,2,0,0,0,22,
4868,694,36,30146,1,0,0,0,0,,,"Casque de mantemort",,,,,,,,,,,,,,0xFF01FE,2,0,0,0,22,
4895,693,36,29062,1,0,0,0,0,,,"Plastron de justicier",,,,,,,,,,,,,,0xFF01FE,2,0,0,0,22,
4927,692,36,29046,1,0,0,0,0,,,"Braies de la Lame-néant",,,,,,,,,,,,,,0xFF01FE,2,0,0,0,22,
5074,1307,27,10498,1,0,0,0,0,,,"Garder le meilleur pour la fin",,,,,,,,,,,,,,0xFF01FE,2,0,0,0,22,
5276,153,72,192056,1,0,0,0,0,,,"Banc de gobies tête-de-tonneau",,,,,,,,,,,,,,0xFF01FE,2,0,0,0,22,
5440,1467,0,29309,1,0,0,0,0,,,"Ancien Nadox",,,,,,,,,,,,,,0xFF01FE,0,0,0,0,22,
5920,1676,11,4080,700,0,0,0,0,,,"Île de Quel'Danas",,,,,,,,,,,,,,0xFF01FE,3,0,0,0,22,
5972,1677,11,4080,550,0,0,0,0,,,"Île de Quel'Danas",,,,,,,,,,,,,,0xFF01FE,3,0,0,0,22,
6025,1678,11,1717,700,0,0,0,0,,,"Kraal de Tranchebauge",,,,,,,,,,,,,,0xFF01FE,3,0,0,0,22,
6120,1680,11,1717,685,0,0,0,0,,,"Kraal de Tranchebauge",,,,,,,,,,,,,,0xFF01FE,3,0,0,0,22,
6202,879,34,17461,0,0,0,0,0,,,"Bélier noir",,,,,,,,,,,,,,0xFF01FE,2,0,0,0,22,
6400,1756,0,15990,1,0,0,0,0,,,"Kel'Thuzad",,,,,,,,,,,,,,0xFF01FE,0,0,0,0,22,
6419,1770,0,15990,1,0,0,0,0,,,"Kel'Thuzad",,,,,,,,,,,,,,0xFF01FE,0,0,0,0,22,
6509,1777,29,57441,1,0,0,0,0,,,"Aileron-de-dragon noirci",,,,,,,,,,,,,,0xFF01FE,0,0,0,0,22,
6782,1800,29,42305,1,0,0,0,0,,,"Truite au beurre blanc",,,,,,,,,,,,,,0xFF01FE,0,0,0,0,22,
7462,2094,42,43723,1,0,0,0,0,,,"Pièce de cuivre de Vargoth",,,,,,,,,,,,,,0xFF01FE,0,0,0,0,22,
7515,2136,8,1866,0,0,0,0,0,,,"Pour la peine",,,,,,,,,,,,,,0xFF01FE,0,0,0,0,22,
7784,322,20,29306,0,0,0,0,0,,,"Gal'darah",,,,,,,,,,,,,,0xFF01FE,0,0,0,0,22,
8121,2256,0,32500,1,0,0,0,0,,,"Dirkee",,,,,,,,,,,,,,0xFF01FE,0,0,0,0,22,
8687,347,41,14894,0,0,0,0,0,,,"Racine de lis",,,,,,,,,,,,,,0xFF01FE,2,0,0,0,22,
9017,346,41,33956,0,0,0,0,0,,,"Bière maison de Harkor",,,,,,,,,,,,,,0xFF01FE,2,0,0,0,22,
9043,812,41,36894,0,0,0,0,0,,,"Pierre de soins gangrenée",,,,,,,,,,,,,,0xFF01FE,0,0,0,0,22,
10999,323,20,33113,0,0,0,0,0,,,"Léviathan des flammes",,,,,,,,,,,,,,0xFF01FE,0,0,0,0,22,
11016,324,20,33113,0,0,0,0,0,,,"Léviathan des flammes",,,,,,,,,,,,,,0xFF01FE,0,0,0,0,22,
11924,3802,28,68206,1,0,0,0,0,,,"Heigan",,,,,,,,,,,,,,0xFF01FE,0,0,0,0,22,
12638,701,36,42124,1,0,0,0,0,,,"Médaillon de l'Alliance",,,,,,,,,,,,,,0xFF01FE,2,0,0,0,22,
12639,700,36,42126,1,0,0,0,0,,,"Médaillon de la Horde",,,,,,,,,,,,,,0xFF01FE,2,0,0,0,22,
939,750,43,483,1,0,0,0,0,,,"Bael Modan",,,,,,,,,,,,,,0xFF01FE,0,0,0,0,23,
1218,781,43,521,1,0,0,0,0,,,"Le Récif infâme",,,,,,,,,,,,,,0xFF01FE,0,0,0,0,23,
1296,42,8,770,1,0,0,0,0,,,"Maleterres de l'ouest",,,,,,,,,,,,,,0xFF01FE,0,0,0,0,23,
1530,859,43,1381,1,0,0,0,0,,,"Écurie de Thuron",,,,,,,,,,,,,,0xFF01FE,0,0,0,0,23,
1594,861,43,1350,1,0,0,0,0,,,"La bobine vectorielle",,,,,,,,,,,,,,0xFF01FE,0,0,0,0,23,
1706,865,43,1312,1,0,0,0,0,,,"Voile Lashh",,,,,,,,,,,,,,0xFF01FE,0,0,0,0,23,
1858,879,36,13329,1,0,0,0,0,,,"Bélier de givre",,,,,,,,,,,,,,0xFF01FE,2,0,0,0,23,
2909,621,57,15197,1,0,0,0,0,,,"Tabard d'éclaireur",,,,,,,,,,,,,,0xFF01FE,2,0,0,0,23,
3323,344,41,19066,1,0,0,0,0,,,"Bandage en étoffe runique du goulet des Chanteguerres",,,,,,,,,,,,,,0xFF01FE,0,0,0,0,23,
3784,1244,68,175759,1,0,0,0,0,,,"Les Parents du traître",,,,,,,,,,,,,,0xFF01FE,0,0,0,0,23,
4310,345,41,22829,0,0,0,0,0,,,"Potion de super-soins",,,,,,,,,,,,,,0xFF01FE,0,0,0,0,23,
4336,922,41,9144,0,0,0,0,0,,,"Potion de sauvageonne",,,,,,,,,,,,,,0xFF01FE,0,0,0,0,23,
4358,923,41,3825,0,0,0,0,0,,,"Elixir de robustesse",,,,,,,,,,,,,,0xFF01FE,0,0,0,0,23,
4429,811,41,32901,0,0,0,0,0,,,"Flacon d'attaque implacable de Shattrath",,,,,,,,,,,,,,0xFF01FE,0,0,0,0,23,
4562,686,36,17076,1,0,0,0,0,,,"Tranchant dilacérateur",,,,,,,,,,,,,,0xFF01FE,2,0,0,0,23,
4582,685,36,16931,1,0,0,0,0,,,"Robe de Némésis",,,,,,,,,,,,,,0xFF01FE,2,0,0,0,23,
4595,687,36,22731,1,0,0,0,0,,,"Cape du dévoré",,,,,,,,,,,,,,0xFF01FE,2,0,0,0,23,
4639,695,36,31014,1,0,0,0,0,,,"Protège-front Brise-ciel",,,,,,,,,,,,,,0xFF01FE,2,0,0,0,23,
4647,698,36,34403,1,0,0,0,0,,,"Couvre-chef d'Ursoc le Puissant",,,,,,,,,,,,,,0xFF01FE,2,0,0,0,23,
4809,697,36,31004,1,0,0,0,0,,,"Corselet de traqueur de gronn",,,,,,,,,,,,,,0xFF01FE,2,0,0,0,23,
4839,696,36,30118,1,0,0,0,0,,,"Cuirasse de destructeur",,,,,,,,,,,,,,0xFF01FE,2,0,0,0,23,
4869,694,36,30152,1,0,0,0,0,,,"Capuche de l'avatar",,,,,,,,,,,,,,0xFF01FE,2,0,0,0,23,
4896,693,36,29045,1,0,0,0,0,,,"Plastron de la Lame-néant",,,,,,,,,,,,,,0xFF01FE,2,0,0,0,23,
4928,692,36,29094,1,0,0,0,0,,,"Braies de Malorne",,,,,,,,,,,,,,0xFF01FE,2,0,0,0,23,
5075,1307,27,10499,1,0,0,0,0,,,"Garder le meilleur pour la fin",,,,,,,,,,,,,,0xFF01FE,2,0,0,0,23,
5279,153,72,192053,1,0,0,0,0,,,"Banc de baudroies abyssales",,,,,,,,,,,,,,0xFF01FE,2,0,0,0,23,
5437,1467,0,28921,1,0,0,0,0,,,"Hadronox",,,,,,,,,,,,,,0xFF01FE,0,0,0,0,23,
5921,1676,11,3457,700,0,0,0,0,,,"Karazhan",,,,,,,,,,,,,,0xFF01FE,3,0,0,0,23,
5973,1677,11,3457,550,0,0,0,0,,,"Karazhan",,,,,,,,,,,,,,0xFF01FE,3,0,0,0,23,
6026,1678,11,3429,700,0,0,0,0,,,"Ruines d'Ahn'Qiraj",,,,,,,,,,,,,,0xFF01FE,3,0,0,0,23,
6121,1680,11,3429,685,0,0,0,0,,,"Ruines d'Ahn'Qiraj",,,,,,,,,,,,,,0xFF01FE,3,0,0,0,23,
6401,1756,0,15989,1,0,0,0,0,,,"Saphiron",,,,,,,,,,,,,,0xFF01FE,0,0,0,0,23,
6420,1770,0,15989,1,0,0,0,0,,,"Saphiron",,,,,,,,,,,,,,0xFF01FE,0,0,0,0,23,
6510,1777,29,57438,1,0,0,0,0,,,"Steak de worg noirci",,,,,,,,,,,,,,0xFF01FE,0,0,0,0,23,
6783,1800,29,43707,1,0,0,0,0,,,"Soupe de poisson-crâne",,,,,,,,,,,,,,0xFF01FE,0,0,0,0,23,
7591,2136,8,2154,0,0,0,0,0,,,"Au nez et à la barbe de Brann",,,,,,,,,,,,,,0xFF01FE,0,0,0,0,23,
7783,322,20,29307,0,0,0,0,0,,,"Colosse drakkari",,,,,,,,,,,,,,0xFF01FE,0,0,0,0,23,
8122,2256,0,32487,1,0,0,0,0,,,"Putridus l'Antique",,,,,,,,,,,,,,0xFF01FE,0,0,0,0,23,
8724,347,41,42350,0,0,0,0,0,,,"Sachet de cacahuètes",,,,,,,,,,,,,,0xFF01FE,2,0,0,0,23,
8749,771,43,1557,1,0,0,0,0,,,"Ruines de l'enclave Écarlate",,,,,,,,,,,,,,0xFF01FE,0,0,0,0,23,
9016,346,41,33236,0,0,0,0,0,,,"Boisson gazeuse de la foire ""classique""",,,,,,,,,,,,,,0xFF01FE,2,0,0,0,23,
9042,812,41,36893,0,0,0,0,0,,,"Pierre de soins gangrenée",,,,,,,,,,,,,,0xFF01FE,0,0,0,0,23,
11000,323,20,33186,0,0,0,0,0,,,"Tranchécaille",,,,,,,,,,,,,,0xFF01FE,0,0,0,0,23,
11017,324,20,33186,0,0,0,0,0,,,"Tranchécaille",,,,,,,,,,,,,,0xFF01FE,0,0,0,0,23,
11925,3802,28,68206,1,0,0,0,0,,,"Ignis",,,,,,,,,,,,,,0xFF01FE,0,0,0,0,23,
13370,700,36,51378,1,0,0,0,0,,,"Médaillon de la Horde",,,,,,,,,,,,,,0xFF01FE,2,0,0,0,23,
13371,701,36,51377,1,0,0,0,0,,,"Médaillon de l'Alliance",,,,,,,,,,,,,,0xFF01FE,2,0,0,0,23,
940,750,43,484,1,0,0,0,0,,,"Kraal de Tranchebauge",,,,,,,,,,,,,,0xFF01FE,0,0,0,0,24,
1219,781,43,522,1,0,0,0,0,,,"Ruines de Zuuldaia",,,,,,,,,,,,,,0xFF01FE,0,0,0,0,24,
1286,42,8,771,1,0,0,0,0,,,"Maleterres de l'est",,,,,,,,,,,,,,0xFF01FE,0,0,0,0,24,
1531,859,43,1382,1,0,0,0,0,,,"Rivage paisible",,,,,,,,,,,,,,0xFF01FE,0,0,0,0,24,
1595,861,43,1351,1,0,0,0,0,,,"Le piston de distorsion",,,,,,,,,,,,,,0xFF01FE,0,0,0,0,24,
2238,865,43,1313,1,0,0,0,0,,,"Voile Ruuan",,,,,,,,,,,,,,0xFF01FE,0,0,0,0,24,
2910,621,57,31780,1,0,0,0,0,,,"Tabard d'éclaireur",,,,,,,,,,,,,,0xFF01FE,2,0,0,0,24,
3324,344,41,19068,1,0,0,0,0,,,"Bandage en soie du goulet des Chanteguerres",,,,,,,,,,,,,,0xFF01FE,0,0,0,0,24,
3785,1244,68,175748,1,0,0,0,0,,,"La Naissance du roi-liche",,,,,,,,,,,,,,0xFF01FE,0,0,0,0,24,
4319,345,41,20002,0,0,0,0,0,,,"Potion de sommeil sans rêve supérieure",,,,,,,,,,,,,,0xFF01FE,0,0,0,0,24,
4359,923,41,17708,0,0,0,0,0,,,"Elixir de puissance du Givre",,,,,,,,,,,,,,0xFF01FE,0,0,0,0,24,
4430,811,41,32900,0,0,0,0,0,,,"Flacon de pouvoir suprême de Shattrath",,,,,,,,,,,,,,0xFF01FE,0,0,0,0,24,
4563,686,36,17104,1,0,0,0,0,,,"Faucheuse spinale",,,,,,,,,,,,,,0xFF01FE,2,0,0,0,24,
4583,685,36,16916,1,0,0,0,0,,,"Robe de vent du Néant",,,,,,,,,,,,,,0xFF01FE,2,0,0,0,24,
4596,687,36,22730,1,0,0,0,0,,,"Corde de pédoncule cintrée",,,,,,,,,,,,,,0xFF01FE,2,0,0,0,24,
4640,695,36,31012,1,0,0,0,0,,,"Casque Brise-ciel",,,,,,,,,,,,,,0xFF01FE,2,0,0,0,24,
4648,698,36,34400,1,0,0,0,0,,,"Couronne de Dath'Remar",,,,,,,,,,,,,,0xFF01FE,2,0,0,0,24,
4810,697,36,30975,1,0,0,0,0,,,"Cuirasse d'assaut",,,,,,,,,,,,,,0xFF01FE,2,0,0,0,24,
4840,696,36,30113,1,0,0,0,0,,,"Corselet de destructeur",,,,,,,,,,,,,,0xFF01FE,2,0,0,0,24,
4870,694,36,30120,1,0,0,0,0,,,"Heaume de bataille de destructeur",,,,,,,,,,,,,,0xFF01FE,2,0,0,0,24,
4897,693,36,29096,1,0,0,0,0,,,"Cuirasse de Malorne",,,,,,,,,,,,,,0xFF01FE,2,0,0,0,24,
4929,692,36,29099,1,0,0,0,0,,,"Grèves de Malorne",,,,,,,,,,,,,,0xFF01FE,2,0,0,0,24,
5184,922,41,33448,0,0,0,0,0,,,"Potion de mana runique",,,,,,,,,,,,,,0xFF01FE,0,0,0,0,24,
5280,153,72,192048,1,0,0,0,0,,,"Banc de demoiselles aileron-de-dragon",,,,,,,,,,,,,,0xFF01FE,2,0,0,0,24,
5382,1467,0,26763,1,0,0,0,0,,,"Anomalus",,,,,,,,,,,,,,0xFF01FE,0,0,0,0,24,
5922,1676,11,38,700,0,0,0,0,,,"Loch Modan",,,,,,,,,,,,,,0xFF01FE,3,0,0,0,24,
5974,1677,11,38,550,0,0,0,0,,,"Loch Modan",,,,,,,,,,,,,,0xFF01FE,3,0,0,0,24,
6028,1678,11,1377,700,0,0,0,0,,,"Silithus",,,,,,,,,,,,,,0xFF01FE,3,0,0,0,24,
6123,1680,11,1377,685,0,0,0,0,,,"Silithus",,,,,,,,,,,,,,0xFF01FE,3,0,0,0,24,
6203,879,34,17460,0,0,0,0,0,,,"Bélier de givre",,,,,,,,,,,,,,0xFF01FE,2,0,0,0,24,
6402,1756,0,15928,1,0,0,0,0,,,"Thaddius",,,,,,,,,,,,,,0xFF01FE,0,0,0,0,24,
6421,1770,0,15928,1,0,0,0,0,,,"Thaddius",,,,,,,,,,,,,,0xFF01FE,0,0,0,0,24,
6511,1777,29,57435,1,0,0,0,0,,,"Bouchées de bestiole",,,,,,,,,,,,,,0xFF01FE,0,0,0,0,24,
6784,1800,29,33296,1,0,0,0,0,,,"Ecrevisse épicée",,,,,,,,,,,,,,0xFF01FE,0,0,0,0,24,
7594,2136,8,2155,0,0,0,0,0,,,"Éliminons les limons",,,,,,,,,,,,,,0xFF01FE,0,0,0,0,24,
7782,322,20,29305,0,0,0,0,0,,,"Moorabi",,,,,,,,,,,,,,0xFF01FE,0,0,0,0,24,
8723,347,41,42342,0,0,0,0,0,,,"Sachet de pop-corn",,,,,,,,,,,,,,0xFF01FE,2,0,0,0,24,
8740,700,36,40477,1,0,0,0,0,,,"Insigne de la Horde",,,,,,,,,,,,,,0xFF01FE,2,0,0,0,24,
8741,701,36,40476,1,0,0,0,0,,,"Insigne de l'Alliance",,,,,,,,,,,,,,0xFF01FE,2,0,0,0,24,
9015,346,41,33234,0,0,0,0,0,,,"Granité de myrtilles",,,,,,,,,,,,,,0xFF01FE,2,0,0,0,24,
9041,812,41,36892,0,0,0,0,0,,,"Pierre de soins gangrenée",,,,,,,,,,,,,,0xFF01FE,0,0,0,0,24,
11001,323,20,33118,0,0,0,0,0,,,"Ignis le maître de la Fournaise",,,,,,,,,,,,,,0xFF01FE,0,0,0,0,24,
11018,324,20,33118,0,0,0,0,0,,,"Ignis le maître de la Fournaise",,,,,,,,,,,,,,0xFF01FE,0,0,0,0,24,
11926,3802,28,68206,1,0,0,0,0,,,"Vezax",,,,,,,,,,,,,,0xFF01FE,0,0,0,0,24,
941,750,43,485,1,0,0,0,0,,,"Souilles de Tranchebauge",,,,,,,,,,,,,,0xFF01FE,0,0,0,0,25,
1220,781,43,523,1,0,0,0,0,,,"Ruines de Zul'Kunda",,,,,,,,,,,,,,0xFF01FE,0,0,0,0,25,
1532,859,43,1383,1,0,0,0,0,,,"Zeb'Watha",,,,,,,,,,,,,,0xFF01FE,0,0,0,0,25,
1596,861,43,1352,1,0,0,0,0,,,"Cap viridien",,,,,,,,,,,,,,0xFF01FE,0,0,0,0,25,
1707,865,43,1314,1,0,0,0,0,,,"Le séjour de Vekhaar",,,,,,,,,,,,,,0xFF01FE,0,0,0,0,25,
1796,42,8,868,1,0,0,0,0,,,"Île de Quel'Danas",,,,,,,,,,,,,,0xFF01FE,0,0,0,0,25,
1859,879,36,13327,1,0,0,0,0,,,"Mécanotrotteur bleu clair modèle A",,,,,,,,,,,,,,0xFF01FE,2,0,0,0,25,
2911,621,57,31781,1,0,0,0,0,,,"Tabard de Sha'tar",,,,,,,,,,,,,,0xFF01FE,2,0,0,0,25,
3325,344,41,3530,1,0,0,0,0,,,"Bandage en laine",,,,,,,,,,,,,,0xFF01FE,0,0,0,0,25,
3786,1244,68,175745,1,0,0,0,0,,,"La Porte des ténèbres et la chute de Hurlevent",,,,,,,,,,,,,,0xFF01FE,0,0,0,0,25,
4320,345,41,22836,0,0,0,0,0,,,"Potion de sommeil sans rêve majeure",,,,,,,,,,,,,,0xFF01FE,0,0,0,0,25,
4360,923,41,6662,0,0,0,0,0,,,"Elixir de taille de géant",,,,,,,,,,,,,,0xFF01FE,0,0,0,0,25,
4431,811,41,32599,0,0,0,0,0,,,"Flacon instable du bandit",,,,,,,,,,,,,,0xFF01FE,0,0,0,0,25,
4584,685,36,16923,1,0,0,0,0,,,"Robe de transcendance",,,,,,,,,,,,,,0xFF01FE,2,0,0,0,25,
4641,695,36,31015,1,0,0,0,0,,,"Couvre-chef Brise-ciel",,,,,,,,,,,,,,0xFF01FE,2,0,0,0,25,
4649,698,36,34406,1,0,0,0,0,,,"Gants du pouvoir de Tyri",,,,,,,,,,,,,,0xFF01FE,2,0,0,0,25,
4811,697,36,30976,1,0,0,0,0,,,"Corselet d'assaut",,,,,,,,,,,,,,0xFF01FE,2,0,0,0,25,
4841,696,36,30139,1,0,0,0,0,,,"Haubert de traqueur des failles",,,,,,,,,,,,,,0xFF01FE,2,0,0,0,25,
4871,694,36,30115,1,0,0,0,0,,,"Grand heaume de destructeur",,,,,,,,,,,,,,0xFF01FE,2,0,0,0,25,
4898,693,36,29087,1,0,0,0,0,,,"Corselet de Malorne",,,,,,,,,,,,,,0xFF01FE,2,0,0,0,25,
4930,692,36,29088,1,0,0,0,0,,,"Garde-jambes de Malorne",,,,,,,,,,,,,,0xFF01FE,2,0,0,0,25,
4941,687,36,22732,1,0,0,0,0,,,"Marque de C'Thun",,,,,,,,,,,,,,0xFF01FE,2,0,0,0,25,
5055,686,36,17107,1,0,0,0,0,,,"Cape sang-de-dragon",,,,,,,,,,,,,,0xFF01FE,2,0,0,0,25,
5185,922,41,31840,0,0,0,0,0,,,"Potion de mana de combat majeure",,,,,,,,,,,,,,0xFF01FE,0,0,0,0,25,
5281,153,72,192049,1,0,0,0,0,,,"Banc de harengs crocs-pointus",,,,,,,,,,,,,,0xFF01FE,2,0,0,0,25,
5379,1467,0,24201,1,0,0,0,0,,,"Dalronn le Contrôleur",,,,,,,,,,,,,,0xFF01FE,0,0,0,0,25,
5923,1676,11,170,700,0,0,0,0,,,"Lac Lordamere",,,,,,,,,,,,,,0xFF01FE,3,0,0,0,25,
5975,1677,11,170,550,0,0,0,0,,,"Lac Lordamere",,,,,,,,,,,,,,0xFF01FE,3,0,0,0,25,
6030,1678,11,377,700,0,0,0,0,,,"La Furie-du-Sud",,,,,,,,,,,,,,0xFF01FE,3,0,0,0,25,
6125,1680,11,377,685,0,0,0,0,,,"La Furie-du-Sud",,,,,,,,,,,,,,0xFF01FE,3,0,0,0,25,
6403,1756,0,16028,1,0,0,0,0,,,"Le Recousu",,,,,,,,,,,,,,0xFF01FE,0,0,0,0,25,
6422,1770,0,16028,1,0,0,0,0,,,"Le Recousu",,,,,,,,,,,,,,0xFF01FE,0,0,0,0,25,
6512,1777,29,57439,1,0,0,0,0,,,"Steak de seiche",,,,,,,,,,,,,,0xFF01FE,0,0,0,0,25,
6785,1800,29,43765,1,0,0,0,0,,,"Talbuk extra piquant",,,,,,,,,,,,,,0xFF01FE,0,0,0,0,25,
7516,2136,8,1867,0,0,0,0,0,,,"Une mort chronométrée",,,,,,,,,,,,,,0xFF01FE,0,0,0,0,25,
7781,322,20,29304,0,0,0,0,0,,,"Slad'ran",,,,,,,,,,,,,,0xFF01FE,0,0,0,0,25,
8722,347,41,37585,0,0,0,0,0,,,"Gangrecaramel mou",,,,,,,,,,,,,,0xFF01FE,2,0,0,0,25,
9014,346,41,33036,0,0,0,0,0,,,"Gueuze des gueux",,,,,,,,,,,,,,0xFF01FE,2,0,0,0,25,
9044,812,41,36889,0,0,0,0,0,,,"Pierre de soins démoniaque",,,,,,,,,,,,,,0xFF01FE,0,0,0,0,25,
11003,323,20,33293,0,0,0,0,0,,,"Déconstructeur XT-001",,,,,,,,,,,,,,0xFF01FE,0,0,0,0,25,
11019,324,20,33293,0,0,0,0,0,,,"Déconstructeur XT-000",,,,,,,,,,,,,,0xFF01FE,0,0,0,0,25,
11927,3802,28,68206,1,0,0,0,0,,,"Algalon",,,,,,,,,,,,,,0xFF01FE,0,0,0,0,25,
1221,781,43,501,1,0,0,0,0,,,"Île aux jagueros",,,,,,,,,,,,,,0xFF01FE,0,0,0,0,26,
1597,861,43,1353,1,0,0,0,0,,,"Repos du redresseur de torts",,,,,,,,,,,,,,0xFF01FE,0,0,0,0,26,
1708,865,43,1315,1,0,0,0,0,,,"Cime du vortex",,,,,,,,,,,,,,0xFF01FE,0,0,0,0,26,
2912,621,57,19506,1,0,0,0,0,,,"Tabard de bataille Aile-argent",,,,,,,,,,,,,,0xFF01FE,2,0,0,0,26,
3787,1244,68,175733,1,0,0,0,0,,,"La fondation de Quel'Thalas",,,,,,,,,,,,,,0xFF01FE,0,0,0,0,26,
4325,345,41,34440,0,0,0,0,0,,,"Potion de l'alchimiste fou",,,,,,,,,,,,,,0xFF01FE,0,0,0,0,26,
4361,923,41,9206,0,0,0,0,0,,,"Elixir des géants",,,,,,,,,,,,,,0xFF01FE,0,0,0,0,26,
4432,811,41,32598,0,0,0,0,0,,,"Flacon instable de la bête",,,,,,,,,,,,,,0xFF01FE,0,0,0,0,26,
4642,695,36,31027,1,0,0,0,0,,,"Heaume de tueur",,,,,,,,,,,,,,0xFF01FE,2,0,0,0,26,
4650,698,36,34405,1,0,0,0,0,,,"Collerette de pureté des arcanes",,,,,,,,,,,,,,0xFF01FE,2,0,0,0,26,
4812,697,36,31017,1,0,0,0,0,,,"Cuirasse Brise-ciel",,,,,,,,,,,,,,0xFF01FE,2,0,0,0,26,
4842,696,36,30214,1,0,0,0,0,,,"Robe du corrupteur",,,,,,,,,,,,,,0xFF01FE,2,0,0,0,26,
4872,694,36,30161,1,0,0,0,0,,,"Chaperon de l'avatar",,,,,,,,,,,,,,0xFF01FE,2,0,0,0,26,
4899,693,36,29091,1,0,0,0,0,,,"Plastron de Malorne",,,,,,,,,,,,,,0xFF01FE,2,0,0,0,26,
4931,692,36,29059,1,0,0,0,0,,,"Jambières des incarnés",,,,,,,,,,,,,,0xFF01FE,2,0,0,0,26,
5056,686,36,17082,1,0,0,0,0,,,"Fragment de la Flamme",,,,,,,,,,,,,,0xFF01FE,2,0,0,0,26,
5282,153,72,192050,1,0,0,0,0,,,"Banc de saumons glaciaires",,,,,,,,,,,,,,0xFF01FE,2,0,0,0,26,
5450,1467,0,29307,1,0,0,0,0,,,"Colosse drakkari",,,,,,,,,,,,,,0xFF01FE,0,0,0,0,26,
5924,1676,11,4131,700,0,0,0,0,,,"Terrasse des magistères",,,,,,,,,,,,,,0xFF01FE,3,0,0,0,26,
5976,1677,11,4131,550,0,0,0,0,,,"Terrasse des magistères",,,,,,,,,,,,,,0xFF01FE,3,0,0,0,26,
6031,1678,11,406,700,0,0,0,0,,,"Les Serres-Rocheuses",,,,,,,,,,,,,,0xFF01FE,3,0,0,0,26,
6126,1680,11,406,685,0,0,0,0,,,"Les Serres-Rocheuses",,,,,,,,,,,,,,0xFF01FE,3,0,0,0,26,
6204,879,34,17459,0,0,0,0,0,,,"Mécanotrotteur bleu clair modèle A",,,,,,,,,,,,,,0xFF01FE,2,0,0,0,26,
6404,1756,0,15954,1,0,0,0,0,,,"Noth le Porte-peste",,,,,,,,,,,,,,0xFF01FE,0,0,0,0,26,
6423,1770,0,15954,1,0,0,0,0,,,"Noth le Porte-peste",,,,,,,,,,,,,,0xFF01FE,0,0,0,0,26,
6513,1777,29,57442,1,0,0,0,0,,,"Filet d'aileron-de-dragon",,,,,,,,,,,,,,0xFF01FE,0,0,0,0,26,
6786,1800,29,42296,1,0,0,0,0,,,"Fricassée de truite",,,,,,,,,,,,,,0xFF01FE,0,0,0,0,26,
7517,2136,8,1834,0,0,0,0,0,,,"Coup de foudre",,,,,,,,,,,,,,0xFF01FE,0,0,0,0,26,
7780,322,20,27483,0,0,0,0,0,,,"Roi Dred",,,,,,,,,,,,,,0xFF01FE,0,0,0,0,26,
7902,344,41,20237,1,0,0,0,0,,,"Bandage en tisse-mage des Hautes-terres",,,,,,,,,,,,,,0xFF01FE,0,0,0,0,26,
7906,922,41,43530,1,0,0,0,0,,,"Potion de mana de l'Aube d'argent",,,,,,,,,,,,,,0xFF01FE,0,0,0,0,26,
8721,347,41,37584,0,0,0,0,0,,,"Bonbon à la menthe verte apaisant",,,,,,,,,,,,,,0xFF01FE,2,0,0,0,26,
8894,687,36,21331,1,0,0,0,0,,,"Cuirasse de conquérant",,,,,,,,,,,,,,0xFF01FE,2,0,0,0,26,
9013,346,41,32424,0,0,0,0,0,,,"Breuvage ogre des Tranchantes",,,,,,,,,,,,,,0xFF01FE,2,0,0,0,26,
9047,812,41,36892,0,0,0,0,0,,,"Pierre de soins gangrenée",,,,,,,,,,,,,,0xFF01FE,0,0,0,0,26,
11004,323,20,32867,0,0,0,0,0,,,"Brise-acier",,,,,,,,,,,,,,0xFF01FE,0,0,0,0,26,
11020,324,20,32867,0,0,0,0,0,,,"Brise-acier",,,,,,,,,,,,,,0xFF01FE,0,0,0,0,26,
1222,781,43,527,1,0,0,0,0,,,"Zul'Gurub",,,,,,,,,,,,,,0xFF01FE,0,0,0,0,27,
1598,861,43,1354,1,0,0,0,0,,,"Repaire des Irécailles",,,,,,,,,,,,,,0xFF01FE,0,0,0,0,27,
1860,879,36,13326,1,0,0,0,0,,,"Mécanotrotteur blanc modèle B",,,,,,,,,,,,,,0xFF01FE,2,0,0,0,27,
2913,621,57,32445,1,0,0,0,0,,,"Tabard de la Garde-ciel",,,,,,,,,,,,,,0xFF01FE,2,0,0,0,27,
3788,1244,68,175735,1,0,0,0,0,,,"Les Gardiens de Tirisfal",,,,,,,,,,,,,,0xFF01FE,0,0,0,0,27,
4362,923,41,9187,0,0,0,0,0,,,"Elixir d'agilité supérieure",,,,,,,,,,,,,,0xFF01FE,0,0,0,0,27,
4433,811,41,32596,0,0,0,0,0,,,"Flacon instable de l'ancien",,,,,,,,,,,,,,0xFF01FE,0,0,0,0,27,
4643,695,36,31056,1,0,0,0,0,,,"Capuche de la tempête",,,,,,,,,,,,,,0xFF01FE,2,0,0,0,27,
4651,698,36,34401,1,0,0,0,0,,,"Heaume de la résolution d'Uther",,,,,,,,,,,,,,0xFF01FE,2,0,0,0,27,
4813,697,36,31016,1,0,0,0,0,,,"Corselet Brise-ciel",,,,,,,,,,,,,,0xFF01FE,2,0,0,0,27,
4843,696,36,30196,1,0,0,0,0,,,"Robe de Tirisfal",,,,,,,,,,,,,,0xFF01FE,2,0,0,0,27,
4873,694,36,30212,1,0,0,0,0,,,"Chaperon du corrupteur",,,,,,,,,,,,,,0xFF01FE,2,0,0,0,27,
4900,693,36,29050,1,0,0,0,0,,,"Robes des incarnés",,,,,,,,,,,,,,0xFF01FE,2,0,0,0,27,
4932,692,36,29053,1,0,0,0,0,,,"Chausses des incarnés",,,,,,,,,,,,,,0xFF01FE,2,0,0,0,27,
5283,153,72,192059,1,0,0,0,0,,,"Banc de vairons nageverres",,,,,,,,,,,,,,0xFF01FE,2,0,0,0,27,
5457,1467,0,28587,1,0,0,0,0,,,"Volkhan",,,,,,,,,,,,,,0xFF01FE,0,0,0,0,27,
5925,1676,11,2717,700,0,0,0,0,,,"Cœur du Magma",,,,,,,,,,,,,,0xFF01FE,3,0,0,0,27,
5977,1677,11,2717,550,0,0,0,0,,,"Cœur du Magma",,,,,,,,,,,,,,0xFF01FE,3,0,0,0,27,
6032,1678,11,440,700,0,0,0,0,,,"Tanaris",,,,,,,,,,,,,,0xFF01FE,3,0,0,0,27,
6127,1680,11,440,685,0,0,0,0,,,"Tanaris",,,,,,,,,,,,,,0xFF01FE,3,0,0,0,27,
6405,1756,0,15952,1,0,0,0,0,,,"Maexxna",,,,,,,,,,,,,,0xFF01FE,0,0,0,0,27,
6424,1770,0,15952,1,0,0,0,0,,,"Maexxna",,,,,,,,,,,,,,0xFF01FE,0,0,0,0,27,
6514,1777,29,45568,1,0,0,0,0,,,"Saumon brûle-langue",,,,,,,,,,,,,,0xFF01FE,0,0,0,0,27,
7518,2136,8,2042,0,0,0,0,0,,,"Incassables",,,,,,,,,,,,,,0xFF01FE,0,0,0,0,27,
7779,322,20,26631,0,0,0,0,0,,,"Novos l'Invocateur",,,,,,,,,,,,,,0xFF01FE,0,0,0,0,27,
7903,344,41,20243,1,0,0,0,0,,,"Bandage en étoffe runique des Hautes-terres",,,,,,,,,,,,,,0xFF01FE,0,0,0,0,27,
7907,922,41,43570,1,0,0,0,0,,,"Potion de mana infinie",,,,,,,,,,,,,,0xFF01FE,0,0,0,0,27,
7910,345,41,43569,1,0,0,0,0,,,"Potion de soins infinie",,,,,,,,,,,,,,0xFF01FE,0,0,0,0,27,
8720,347,41,37583,0,0,0,0,0,,,"B.I.G.B.A.N.G.",,,,,,,,,,,,,,0xFF01FE,2,0,0,0,27,
8893,686,36,19017,1,0,0,0,0,,,"Essence du seigneur du feu",,,,,,,,,,,,,,0xFF01FE,2,0,0,0,27,
8895,687,36,21389,1,0,0,0,0,,,"Cuirasse de vengeur",,,,,,,,,,,,,,0xFF01FE,2,0,0,0,27,
9031,346,41,43696,0,0,0,0,0,,,"Bouteille de tord-boyaux de prisonnier à moitié vide",,,,,,,,,,,,,,0xFF01FE,2,0,0,0,27,
9048,812,41,36893,0,0,0,0,0,,,"Pierre de soins gangrenée",,,,,,,,,,,,,,0xFF01FE,0,0,0,0,27,
11005,323,20,32927,0,0,0,0,0,,,"Maître des runes Molgeim",,,,,,,,,,,,,,0xFF01FE,0,0,0,0,27,
11021,324,20,32927,0,0,0,0,0,,,"Maître des runes Molgeim",,,,,,,,,,,,,,0xFF01FE,0,0,0,0,27,
1599,861,43,1355,1,0,0,0,0,,,"Île Balafre-du-ver",,,,,,,,,,,,,,0xFF01FE,0,0,0,0,28,
2914,621,57,31775,1,0,0,0,0,,,"Tabard de Sporeggar",,,,,,,,,,,,,,0xFF01FE,2,0,0,0,28,
3789,1244,68,175747,1,0,0,0,0,,,"L'invasion de Draenor",,,,,,,,,,,,,,0xFF01FE,0,0,0,0,28,
4363,923,41,8951,0,0,0,0,0,,,"Elixir de défense supérieure",,,,,,,,,,,,,,0xFF01FE,0,0,0,0,28,
4434,811,41,32600,0,0,0,0,0,,,"Flacon instable du médecin",,,,,,,,,,,,,,0xFF01FE,0,0,0,0,28,
4644,695,36,31039,1,0,0,0,0,,,"Couvre-chef Coeur-de-tonnerre",,,,,,,,,,,,,,0xFF01FE,2,0,0,0,28,
4652,698,36,34404,1,0,0,0,0,,,"Masque de chasseur furieux",,,,,,,,,,,,,,0xFF01FE,2,0,0,0,28,
4814,697,36,31018,1,0,0,0,0,,,"Tunique Brise-ciel",,,,,,,,,,,,,,0xFF01FE,2,0,0,0,28,
4844,696,36,30159,1,0,0,0,0,,,"Voile de l'avatar",,,,,,,,,,,,,,0xFF01FE,2,0,0,0,28,
4874,694,36,30141,1,0,0,0,0,,,"Heaume de traqueur des failles",,,,,,,,,,,,,,0xFF01FE,2,0,0,0,28,
4901,693,36,29056,1,0,0,0,0,,,"Voile des incarnés",,,,,,,,,,,,,,0xFF01FE,2,0,0,0,28,
4933,692,36,29022,1,0,0,0,0,,,"Grèves de porteguerre",,,,,,,,,,,,,,0xFF01FE,2,0,0,0,28,
5284,153,72,192052,1,0,0,0,0,,,"Banc de raies manta impériales",,,,,,,,,,,,,,0xFF01FE,2,0,0,0,28,
5445,1467,0,27483,1,0,0,0,0,,,"Roi Dred",,,,,,,,,,,,,,0xFF01FE,0,0,0,0,28,
5926,1676,11,2159,700,0,0,0,0,,,"Le repaire d'Onyxia",,,,,,,,,,,,,,0xFF01FE,3,0,0,0,28,
5979,1677,11,4298,550,0,0,0,0,,,"Maleterres : l'enclave Écarlate",,,,,,,,,,,,,,0xFF01FE,3,0,0,0,28,
6033,1678,11,141,700,0,0,0,0,,,"Teldrassil",,,,,,,,,,,,,,0xFF01FE,3,0,0,0,28,
6128,1680,11,141,685,0,0,0,0,,,"Teldrassil",,,,,,,,,,,,,,0xFF01FE,3,0,0,0,28,
6205,879,34,15779,0,0,0,0,0,,,"Mécanotrotteur blanc modèle B",,,,,,,,,,,,,,0xFF01FE,2,0,0,0,28,
6406,1756,0,15931,1,0,0,0,0,,,"Grobbulus",,,,,,,,,,,,,,0xFF01FE,0,0,0,0,28,
6425,1770,0,15931,1,0,0,0,0,,,"Grobbulus",,,,,,,,,,,,,,0xFF01FE,0,0,0,0,28,
6515,1777,29,57423,1,0,0,0,0,,,"Festin de poisson",,,,,,,,,,,,,,0xFF01FE,0,0,0,0,28,
7364,686,36,21110,1,0,0,0,0,,,"Le draconique pour les nuls",,,,,,,,,,,,,,0xFF01FE,2,0,0,0,28,
7519,2136,8,1817,0,0,0,0,0,,,"L'épuration du temps",,,,,,,,,,,,,,0xFF01FE,0,0,0,0,28,
7778,322,20,26630,0,0,0,0,0,,,"Trollétripe",,,,,,,,,,,,,,0xFF01FE,0,0,0,0,28,
7901,344,41,20244,1,0,0,0,0,,,"Bandage en soie des Hautes-terres",,,,,,,,,,,,,,0xFF01FE,0,0,0,0,28,
7905,922,41,18841,1,0,0,0,0,,,"Potion de mana de combat",,,,,,,,,,,,,,0xFF01FE,0,0,0,0,28,
7911,345,41,39327,1,0,0,0,0,,,"Cuvée spéciale de Noth",,,,,,,,,,,,,,0xFF01FE,0,0,0,0,28,
8719,347,41,37582,0,0,0,0,0,,,"Bonbon à la cannelle pyrotechnique",,,,,,,,,,,,,,0xFF01FE,2,0,0,0,28,
8896,687,36,21364,1,0,0,0,0,,,"Gilet de dispensateur de mort",,,,,,,,,,,,,,0xFF01FE,2,0,0,0,28,
9030,346,41,43695,0,0,0,0,0,,,"Bouteille de tord-boyaux de prisonnier à moitié pleine",,,,,,,,,,,,,,0xFF01FE,2,0,0,0,28,
9046,812,41,36891,0,0,0,0,0,,,"Pierre de soins démoniaque",,,,,,,,,,,,,,0xFF01FE,0,0,0,0,28,
11006,323,20,32857,0,0,0,0,0,,,"Mande-foudre Brundir",,,,,,,,,,,,,,0xFF01FE,0,0,0,0,28,
11022,324,20,32857,0,0,0,0,0,,,"Mande-foudre Brundir",,,,,,,,,,,,,,0xFF01FE,0,0,0,0,28,
2915,621,57,15199,1,0,0,0,0,,,"Héraut du Garde de pierre",,,,,,,,,,,,,,0xFF01FE,2,0,0,0,29,
3790,1244,68,21583,1,0,0,0,0,,,"Les Kaldorei et le Puits d'Eternité",,,,,,,,,,,,,,0xFF01FE,0,0,0,0,29,
4364,923,41,21546,0,0,0,0,0,,,"Elixir de maîtrise du Feu supérieure",,,,,,,,,,,,,,0xFF01FE,0,0,0,0,29,
4645,695,36,31040,1,0,0,0,0,,,"Protège-front Coeur-de-tonnerre",,,,,,,,,,,,,,0xFF01FE,2,0,0,0,29,
4653,698,36,34402,1,0,0,0,0,,,"Voile du chef Ner'zhul",,,,,,,,,,,,,,0xFF01FE,2,0,0,0,29,
4815,697,36,31057,1,0,0,0,0,,,"Robe de la tempête",,,,,,,,,,,,,,0xFF01FE,2,0,0,0,29,
4845,696,36,30150,1,0,0,0,0,,,"Habits de l'avatar",,,,,,,,,,,,,,0xFF01FE,2,0,0,0,29,
4875,694,36,30228,1,0,0,0,0,,,"Coiffure de Nordrassil",,,,,,,,,,,,,,0xFF01FE,2,0,0,0,29,
4902,693,36,29019,1,0,0,0,0,,,"Cuirasse de porteguerre",,,,,,,,,,,,,,0xFF01FE,2,0,0,0,29,
4934,692,36,29015,1,0,0,0,0,,,"Garde-jambes de porteguerre",,,,,,,,,,,,,,0xFF01FE,2,0,0,0,29,
5186,922,41,31855,0,0,0,0,0,,,"Potion de mana de combat majeure",,,,,,,,,,,,,,0xFF01FE,0,0,0,0,29,
5285,153,72,192054,1,0,0,0,0,,,"Banc de seiches lueur-de-lune",,,,,,,,,,,,,,0xFF01FE,2,0,0,0,29,
5465,1467,0,26668,1,0,0,0,0,,,"Svala Tristetombe",,,,,,,,,,,,,,0xFF01FE,0,0,0,0,29,
5927,1676,11,4298,700,0,0,0,0,,,"Maleterres : l'enclave Écarlate",,,,,,,,,,,,,,0xFF01FE,3,0,0,0,29,
5978,1677,11,2159,550,0,0,0,0,,,"Le repaire d'Onyxia",,,,,,,,,,,,,,0xFF01FE,3,0,0,0,29,
6034,1678,11,17,700,0,0,0,0,,,"Les Tarides",,,,,,,,,,,,,,0xFF01FE,3,0,0,0,29,
6129,1680,11,17,685,0,0,0,0,,,"Les Tarides",,,,,,,,,,,,,,0xFF01FE,3,0,0,0,29,
6407,1756,0,15936,1,0,0,0,0,,,"Heigan l'Impur",,,,,,,,,,,,,,0xFF01FE,0,0,0,0,29,
6426,1770,0,15936,1,0,0,0,0,,,"Heigan l'Impur",,,,,,,,,,,,,,0xFF01FE,0,0,0,0,29,
6516,1777,29,58527,1,0,0,0,0,,,"Festin gigantesque",,,,,,,,,,,,,,0xFF01FE,0,0,0,0,29,
7520,2136,8,1872,0,0,0,0,0,,,"Foire aux zombies !",,,,,,,,,,,,,,0xFF01FE,0,0,0,0,29,
7777,322,20,29310,0,0,0,0,0,,,"Jedoga Cherchelombre",,,,,,,,,,,,,,0xFF01FE,0,0,0,0,29,
7900,344,41,3531,1,0,0,0,0,,,"Bandage épais en laine",,,,,,,,,,,,,,0xFF01FE,0,0,0,0,29,
7908,345,41,18839,1,0,0,0,0,,,"Potion de soins de combat",,,,,,,,,,,,,,0xFF01FE,0,0,0,0,29,
8718,347,41,33226,0,0,0,0,0,,,"Bonbons farceurs",,,,,,,,,,,,,,0xFF01FE,2,0,0,0,29,
8897,687,36,21334,1,0,0,0,0,,,"Robe d'implorateur funeste",,,,,,,,,,,,,,0xFF01FE,2,0,0,0,29,
9029,346,41,42381,0,0,0,0,0,,,"Bière de l'angoisse",,,,,,,,,,,,,,0xFF01FE,2,0,0,0,29,
9045,812,41,36890,0,0,0,0,0,,,"Pierre de soins démoniaque",,,,,,,,,,,,,,0xFF01FE,0,0,0,0,29,
11007,323,20,32930,0,0,0,0,0,,,"Kologarn",,,,,,,,,,,,,,0xFF01FE,0,0,0,0,29,
11023,324,20,32930,0,0,0,0,0,,,"Kologarn",,,,,,,,,,,,,,0xFF01FE,0,0,0,0,29,
13252,811,41,46376,0,0,0,0,0,,,"Flacon du wyrm de givre",,,,,,,,,,,,,,0xFF01FE,0,0,0,0,29,
2916,621,57,19032,1,0,0,0,0,,,"Tabard de bataille foudrepique",,,,,,,,,,,,,,0xFF01FE,2,0,0,0,30,
3791,1244,68,175740,1,0,0,0,0,,,"Le dernier gardien",,,,,,,,,,,,,,0xFF01FE,0,0,0,0,30,
4365,923,41,9179,0,0,0,0,0,,,"Elixir d'intelligence supérieure",,,,,,,,,,,,,,0xFF01FE,0,0,0,0,30,
4646,695,36,31037,1,0,0,0,0,,,"Casque Coeur-de-tonnerre",,,,,,,,,,,,,,0xFF01FE,2,0,0,0,30,
4816,697,36,31028,1,0,0,0,0,,,"Corselet de tueur",,,,,,,,,,,,,,0xFF01FE,2,0,0,0,30,
4846,696,36,30216,1,0,0,0,0,,,"Corselet de Nordrassil",,,,,,,,,,,,,,0xFF01FE,2,0,0,0,30,
4876,694,36,30219,1,0,0,0,0,,,"Protège-front de Nordrassil",,,,,,,,,,,,,,0xFF01FE,2,0,0,0,30,
4903,693,36,29012,1,0,0,0,0,,,"Corselet de porteguerre",,,,,,,,,,,,,,0xFF01FE,2,0,0,0,30,
4935,692,36,29083,1,0,0,0,0,,,"Grèves de traqueur de démons",,,,,,,,,,,,,,0xFF01FE,2,0,0,0,30,
5187,922,41,31854,0,0,0,0,0,,,"Potion de mana de combat majeure",,,,,,,,,,,,,,0xFF01FE,0,0,0,0,30,
5286,153,72,192046,1,0,0,0,0,,,"Banc de rascasses dos-de-moule",,,,,,,,,,,,,,0xFF01FE,2,0,0,0,30,
5461,1467,0,27447,1,0,0,0,0,,,"Varos Arpentenuée",,,,,,,,,,,,,,0xFF01FE,0,0,0,0,30,
5928,1676,11,2037,700,0,0,0,0,,,"Quel'thalas",,,,,,,,,,,,,,0xFF01FE,3,0,0,0,30,
5980,1677,11,2037,550,0,0,0,0,,,"Quel'thalas",,,,,,,,,,,,,,0xFF01FE,3,0,0,0,30,
6035,1678,11,400,700,0,0,0,0,,,"Mille pointes",,,,,,,,,,,,,,0xFF01FE,3,0,0,0,30,
6130,1680,11,400,685,0,0,0,0,,,"Mille pointes",,,,,,,,,,,,,,0xFF01FE,3,0,0,0,30,
6409,1756,0,16011,1,0,0,0,0,,,"Horreb",,,,,,,,,,,,,,0xFF01FE,0,0,0,0,30,
6428,1770,0,16011,1,0,0,0,0,,,"Horreb",,,,,,,,,,,,,,0xFF01FE,0,0,0,0,30,
6517,1777,29,57436,1,0,0,0,0,,,"Rhinocéros sain",,,,,,,,,,,,,,0xFF01FE,0,0,0,0,30,
7521,2136,8,2043,0,0,0,0,0,,,"Butez le butor",,,,,,,,,,,,,,0xFF01FE,0,0,0,0,30,
7776,322,20,29309,0,0,0,0,0,,,"Ancien Nadox",,,,,,,,,,,,,,0xFF01FE,0,0,0,0,30,
7904,344,41,16991,1,0,0,0,0,,,"Bandage de Triage",,,,,,,,,,,,,,0xFF01FE,0,0,0,0,30,
7909,345,41,43531,1,0,0,0,0,,,"Potion de soins de l'Aube d'argent",,,,,,,,,,,,,,0xFF01FE,0,0,0,0,30,
8717,347,41,33218,0,0,0,0,0,,,"Gumbo gobelin",,,,,,,,,,,,,,0xFF01FE,2,0,0,0,30,
8898,687,36,21343,1,0,0,0,0,,,"Robe de l'énigme",,,,,,,,,,,,,,0xFF01FE,2,0,0,0,30,
9028,346,41,39738,0,0,0,0,0,,,"Tonnebière raide",,,,,,,,,,,,,,0xFF01FE,2,0,0,0,30,
9049,812,41,36894,0,0,0,0,0,,,"Pierre de soins gangrenée",,,,,,,,,,,,,,0xFF01FE,0,0,0,0,30,
11002,323,20,33515,0,0,0,0,0,,,"Auriaya",,,,,,,,,,,,,,0xFF01FE,0,0,0,0,30,
11024,324,20,33515,0,0,0,0,0,,,"Auriaya",,,,,,,,,,,,,,0xFF01FE,0,0,0,0,30,
13251,811,41,47499,0,0,0,0,0,,,"Flacon du Grand Nord",,,,,,,,,,,,,,0xFF01FE,0,0,0,0,30,
2917,621,57,38312,1,0,0,0,0,,,"Tabard de la brillance",,,,,,,,,,,,,,0xFF01FE,2,0,0,0,31,
3792,1244,68,175762,1,0,0,0,0,,,"Le triomphe du roi-liche",,,,,,,,,,,,,,0xFF01FE,0,0,0,0,31,
4366,923,41,18294,0,0,0,0,0,,,"Elixir de respiration aquatique supérieure",,,,,,,,,,,,,,0xFF01FE,0,0,0,0,31,
4435,811,41,32597,0,0,0,0,0,,,"Flacon instable du soldat",,,,,,,,,,,,,,0xFF01FE,0,0,0,0,31,
4817,697,36,31042,1,0,0,0,0,,,"Corselet Coeur-de-tonnerre",,,,,,,,,,,,,,0xFF01FE,2,0,0,0,31,
4847,696,36,30231,1,0,0,0,0,,,"Plastron de Nordrassil",,,,,,,,,,,,,,0xFF01FE,2,0,0,0,31,
4877,694,36,30233,1,0,0,0,0,,,"Chapel de Nordrassil",,,,,,,,,,,,,,0xFF01FE,2,0,0,0,31,
4904,693,36,29082,1,0,0,0,0,,,"Harnais de traqueur de démons",,,,,,,,,,,,,,0xFF01FE,2,0,0,0,31,
4936,692,36,29078,1,0,0,0,0,,,"Jambards de l'Aldor",,,,,,,,,,,,,,0xFF01FE,2,0,0,0,31,
5178,345,41,31839,0,0,0,0,0,,,"Potion de soins de combat majeure",,,,,,,,,,,,,,0xFF01FE,0,0,0,0,31,
5188,922,41,31841,0,0,0,0,0,,,"Potion de mana de combat majeure",,,,,,,,,,,,,,0xFF01FE,0,0,0,0,31,
5287,153,72,192057,1,0,0,0,0,,,"Banc de méduses",,,,,,,,,,,,,,0xFF01FE,2,0,0,0,31,
5454,1467,0,27978,1,0,0,0,0,,,"Sjonnir le Sculptefer",,,,,,,,,,,,,,0xFF01FE,0,0,0,0,31,
5929,1676,11,44,700,0,0,0,0,,,"Les Carmines",,,,,,,,,,,,,,0xFF01FE,3,0,0,0,31,
5981,1677,11,44,550,0,0,0,0,,,"Les Carmines",,,,,,,,,,,,,,0xFF01FE,3,0,0,0,31,
6036,1678,11,1638,700,0,0,0,0,,,"Les Pitons du Tonnerre",,,,,,,,,,,,,,0xFF01FE,3,0,0,0,31,
6131,1680,11,1638,685,0,0,0,0,,,"Les Pitons du Tonnerre",,,,,,,,,,,,,,0xFF01FE,3,0,0,0,31,
6410,1756,0,16061,1,0,0,0,0,,,"Instructeur Razuvious",,,,,,,,,,,,,,0xFF01FE,0,0,0,0,31,
6429,1770,0,16061,1,0,0,0,0,,,"Instructeur Razuvious",,,,,,,,,,,,,,0xFF01FE,0,0,0,0,31,
6518,1777,29,45570,1,0,0,0,0,,,"Steak de raie manta impériale",,,,,,,,,,,,,,0xFF01FE,0,0,0,0,31,
7522,2136,8,1873,0,0,0,0,0,,,"Le ska de Skadi",,,,,,,,,,,,,,0xFF01FE,0,0,0,0,31,
7775,322,20,29308,0,0,0,0,0,,,"Prince Taldaram",,,,,,,,,,,,,,0xFF01FE,0,0,0,0,31,
8716,347,41,24540,0,0,0,0,0,,,"Fougère comestible",,,,,,,,,,,,,,0xFF01FE,2,0,0,0,31,
8899,687,36,21357,1,0,0,0,0,,,"Gilet de la genèse",,,,,,,,,,,,,,0xFF01FE,2,0,0,0,31,
9027,346,41,38320,0,0,0,0,0,,,"Navre-bière",,,,,,,,,,,,,,0xFF01FE,2,0,0,0,31,
11008,323,20,33411,0,0,0,0,0,,,"Hodir",,,,,,,,,,,,,,0xFF01FE,0,0,0,0,31,
11025,324,20,33411,0,0,0,0,0,,,"Hodir",,,,,,,,,,,,,,0xFF01FE,0,0,0,0,31,
2918,621,57,23705,1,0,0,0,0,,,"Tabard de flammes",,,,,,,,,,,,,,0xFF01FE,2,0,0,0,32,
3793,1244,68,175752,1,0,0,0,0,,,"La nouvelle Horde",,,,,,,,,,,,,,0xFF01FE,0,0,0,0,32,
4367,923,41,22825,0,0,0,0,0,,,"Elixir de pouvoir de guérison",,,,,,,,,,,,,,0xFF01FE,0,0,0,0,32,
4436,811,41,32601,0,0,0,0,0,,,"Flacon instable du sorcier",,,,,,,,,,,,,,0xFF01FE,0,0,0,0,32,
4818,697,36,31041,1,0,0,0,0,,,"Tunique Coeur-de-tonnerre",,,,,,,,,,,,,,0xFF01FE,2,0,0,0,32,
4848,696,36,30222,1,0,0,0,0,,,"Pansière de Nordrassil",,,,,,,,,,,,,,0xFF01FE,2,0,0,0,32,
4878,694,36,30206,1,0,0,0,0,,,"Capuche de Tirisfal",,,,,,,,,,,,,,0xFF01FE,2,0,0,0,32,
4905,693,36,29077,1,0,0,0,0,,,"Habit de l'Aldor",,,,,,,,,,,,,,0xFF01FE,2,0,0,0,32,
4937,692,36,28966,1,0,0,0,0,,,"Jambières Coeur-du-vide",,,,,,,,,,,,,,0xFF01FE,2,0,0,0,32,
5179,345,41,31838,0,0,0,0,0,,,"Potion de soins de combat majeure",,,,,,,,,,,,,,0xFF01FE,0,0,0,0,32,
5189,922,41,40067,0,0,0,0,0,,,"Potion de mana glaciale",,,,,,,,,,,,,,0xFF01FE,0,0,0,0,32,
5441,1467,0,29310,1,0,0,0,0,,,"Jedoga Cherchelombre",,,,,,,,,,,,,,0xFF01FE,0,0,0,0,32,
5930,1676,11,796,700,0,0,0,0,,,"Monastère écarlate",,,,,,,,,,,,,,0xFF01FE,3,0,0,0,32,
5982,1677,11,796,550,0,0,0,0,,,"Monastère écarlate",,,,,,,,,,,,,,0xFF01FE,3,0,0,0,32,
6037,1678,11,490,700,0,0,0,0,,,"Cratère d'Un'Goro",,,,,,,,,,,,,,0xFF01FE,3,0,0,0,32,
6132,1680,11,490,685,0,0,0,0,,,"Cratère d'Un'Goro",,,,,,,,,,,,,,0xFF01FE,3,0,0,0,32,
6411,1756,0,15953,1,0,0,0,0,,,"Grande veuve Faerlina",,,,,,,,,,,,,,0xFF01FE,0,0,0,0,32,
6430,1770,0,15953,1,0,0,0,0,,,"Grande veuve Faerlina",,,,,,,,,,,,,,0xFF01FE,0,0,0,0,32,
6587,1777,29,45555,1,0,0,0,0,,,"Méga-menu de mammouth",,,,,,,,,,,,,,0xFF01FE,0,0,0,0,32,
7596,2136,8,2156,0,0,0,0,0,,,"La cascade de Skadi",,,,,,,,,,,,,,0xFF01FE,0,0,0,0,32,
7774,322,20,28921,0,0,0,0,0,,,"Hadronox",,,,,,,,,,,,,,0xFF01FE,0,0,0,0,32,
8715,347,41,24421,0,0,0,0,0,,,"Cerise de Nagrand",,,,,,,,,,,,,,0xFF01FE,2,0,0,0,32,
8900,687,36,21374,1,0,0,0,0,,,"Haubert d'implorateur de tempête",,,,,,,,,,,,,,0xFF01FE,2,0,0,0,32,
9026,346,41,38300,0,0,0,0,0,,,"Essence de l'Ethereum diluée",,,,,,,,,,,,,,0xFF01FE,2,0,0,0,32,
11009,323,20,33413,0,0,0,0,0,,,"Thorim",,,,,,,,,,,,,,0xFF01FE,0,0,0,0,32,
11026,324,20,33413,0,0,0,0,0,,,"Thorim",,,,,,,,,,,,,,0xFF01FE,0,0,0,0,32,
2919,621,57,23709,1,0,0,0,0,,,"Tabard de givre",,,,,,,,,,,,,,0xFF01FE,2,0,0,0,33,
3794,1244,68,175725,1,0,0,0,0,,,"Les Dieux très anciens et l'ordonnancement d'Azeroth",,,,,,,,,,,,,,0xFF01FE,0,0,0,0,33,
4368,923,41,32068,0,0,0,0,0,,,"Elixir peau-de-fer",,,,,,,,,,,,,,0xFF01FE,0,0,0,0,33,
4819,697,36,31043,1,0,0,0,0,,,"Gilet Coeur-de-tonnerre",,,,,,,,,,,,,,0xFF01FE,2,0,0,0,33,
4906,693,36,28964,1,0,0,0,0,,,"Robe Coeur-du-vide",,,,,,,,,,,,,,0xFF01FE,2,0,0,0,33,
5180,345,41,31853,0,0,0,0,0,,,"Potion de soins de combat majeure",,,,,,,,,,,,,,0xFF01FE,0,0,0,0,33,
5438,1467,0,29120,1,0,0,0,0,,,"Anub'arak",,,,,,,,,,,,,,0xFF01FE,0,0,0,0,33,
5931,1676,11,2057,700,0,0,0,0,,,"Scholomance",,,,,,,,,,,,,,0xFF01FE,3,0,0,0,33,
5983,1677,11,2057,550,0,0,0,0,,,"Scholomance",,,,,,,,,,,,,,0xFF01FE,3,0,0,0,33,
6038,1678,11,718,700,0,0,0,0,,,"Cavernes des lamentations",,,,,,,,,,,,,,0xFF01FE,3,0,0,0,33,
6133,1680,11,718,685,0,0,0,0,,,"Cavernes des lamentations",,,,,,,,,,,,,,0xFF01FE,3,0,0,0,33,
6379,922,41,42545,0,0,0,0,0,,,"Injecteur de mana runique",,,,,,,,,,,,,,0xFF01FE,0,0,0,0,33,
6412,1756,0,16060,1,0,0,0,0,,,"Gothik le Moissonneur",,,,,,,,,,,,,,0xFF01FE,0,0,0,0,33,
6431,1770,0,16060,1,0,0,0,0,,,"Gothik le Moissonneur",,,,,,,,,,,,,,0xFF01FE,0,0,0,0,33,
6588,1777,29,45559,1,0,0,0,0,,,"Saucisses de rhinocéros puissant",,,,,,,,,,,,,,0xFF01FE,0,0,0,0,33,
7599,2136,8,2157,0,0,0,0,0,,,"La plaie des rois",,,,,,,,,,,,,,0xFF01FE,0,0,0,0,33,
7773,322,20,28684,0,0,0,0,0,,,"Krik'thir le Gardien de porte",,,,,,,,,,,,,,0xFF01FE,0,0,0,0,33,
7871,694,36,29906,1,0,0,0,0,,,"Reste de la fiole de Vashj",,,,,,,,,,,,,,0xFF01FE,2,0,0,0,33,
8714,347,41,24408,0,0,0,0,0,,,"Tiges comestibles",,,,,,,,,,,,,,0xFF01FE,2,0,0,0,33,
8901,687,36,21370,1,0,0,0,0,,,"Haubert du Frappeur",,,,,,,,,,,,,,0xFF01FE,2,0,0,0,33,
9025,346,41,38294,0,0,0,0,0,,,"Liqueur éthérienne",,,,,,,,,,,,,,0xFF01FE,2,0,0,0,33,
9079,692,36,31750,1,0,0,0,0,,,"Chevalière terrestre",,,,,,,,,,,,,,0xFF01FE,2,0,0,0,33,
11010,323,20,33410,0,0,0,0,0,,,"Freya",,,,,,,,,,,,,,0xFF01FE,0,0,0,0,33,
11027,324,20,33410,0,0,0,0,0,,,"Freya",,,,,,,,,,,,,,0xFF01FE,0,0,0,0,33,
2920,621,57,38313,1,0,0,0,0,,,"Tabard de la fureur",,,,,,,,,,,,,,0xFF01FE,2,0,0,0,34,
3795,1244,68,175756,1,0,0,0,0,,,"Le Fléau de Lordaeron",,,,,,,,,,,,,,0xFF01FE,0,0,0,0,34,
4369,923,41,3390,0,0,0,0,0,,,"Elixir d'agilité inférieure",,,,,,,,,,,,,,0xFF01FE,0,0,0,0,34,
4907,693,36,34845,1,0,0,0,0,,,"Sacoche de seigneur des abîmes",,,,,,,,,,,,,,0xFF01FE,2,0,0,0,34,
5181,345,41,31852,0,0,0,0,0,,,"Potion de soins de combat majeure",,,,,,,,,,,,,,0xFF01FE,0,0,0,0,34,
5383,1467,0,26794,1,0,0,0,0,,,"Ormorok le Sculpte-arbre",,,,,,,,,,,,,,0xFF01FE,0,0,0,0,34,
5932,1676,11,51,700,0,0,0,0,,,"Gorge des Vents brûlants",,,,,,,,,,,,,,0xFF01FE,3,0,0,0,34,
5984,1677,11,51,550,0,0,0,0,,,"Gorge des Vents brûlants",,,,,,,,,,,,,,0xFF01FE,3,0,0,0,34,
6039,1678,11,618,700,0,0,0,0,,,"Berceau-de-l'Hiver",,,,,,,,,,,,,,0xFF01FE,3,0,0,0,34,
6134,1680,11,618,685,0,0,0,0,,,"Berceau-de-l'Hiver",,,,,,,,,,,,,,0xFF01FE,3,0,0,0,34,
6589,1777,29,45567,1,0,0,0,0,,,"Rascasse nordique pochée",,,,,,,,,,,,,,0xFF01FE,0,0,0,0,34,
7420,922,41,2456,0,0,0,0,0,,,"Potion de régénération mineure",,,,,,,,,,,,,,0xFF01FE,0,0,0,0,34,
7523,2136,8,1871,0,0,0,0,0,,,"Chevaucheur de drakes chevronné",,,,,,,,,,,,,,0xFF01FE,0,0,0,0,34,
7786,322,20,27978,0,0,0,0,0,,,"Sjonnir le Sculptefer",,,,,,,,,,,,,,0xFF01FE,0,0,0,0,34,
8713,347,41,23435,0,0,0,0,0,,,"Tarte au sureau",,,,,,,,,,,,,,0xFF01FE,2,0,0,0,34,
8902,687,36,21351,1,0,0,0,0,,,"Les habits de l'Oracle",,,,,,,,,,,,,,0xFF01FE,2,0,0,0,34,
9024,346,41,37909,0,0,0,0,0,,,"Cuvée spéciale du seigneur du Givre",,,,,,,,,,,,,,0xFF01FE,2,0,0,0,34,
11011,323,20,33412,0,0,0,0,0,,,"Mimiron",,,,,,,,,,,,,,0xFF01FE,0,0,0,0,34,
11028,324,20,33412,0,0,0,0,0,,,"Mimiron",,,,,,,,,,,,,,0xFF01FE,0,0,0,0,34,
13324,1770,0,38433,1,0,0,0,0,,,"Toravon la Sentinelle de glace",,,,,,,,,,,,,,0xFF01FE,0,0,0,0,34,
13343,1756,0,38433,1,0,0,0,0,,,"Toravon la Sentinelle de glace",,,,,,,,,,,,,,0xFF01FE,0,0,0,0,34,
2921,621,57,38309,1,0,0,0,0,,,"Tabard de la nature",,,,,,,,,,,,,,0xFF01FE,2,0,0,0,35,
3796,1244,68,175732,1,0,0,0,0,,,"Les Sentinelles et la longue veille",,,,,,,,,,,,,,0xFF01FE,0,0,0,0,35,
4370,923,41,2454,0,0,0,0,0,,,"Elixir de force du lion",,,,,,,,,,,,,,0xFF01FE,0,0,0,0,35,
4942,693,36,28779,1,0,0,0,0,,,"Ceinturon du puits sans fond",,,,,,,,,,,,,,0xFF01FE,2,0,0,0,35,
5182,345,41,39671,0,0,0,0,0,,,"Potion de soins résurgente",,,,,,,,,,,,,,0xFF01FE,0,0,0,0,35,
5469,1467,0,26530,1,0,0,0,0,,,"Salramm le Façonneur de chair",,,,,,,,,,,,,,0xFF01FE,0,0,0,0,35,
5933,1676,11,3487,700,0,0,0,0,,,"Lune-d'argent",,,,,,,,,,,,,,0xFF01FE,3,0,0,0,35,
5985,1677,11,3487,550,0,0,0,0,,,"Lune-d'argent",,,,,,,,,,,,,,0xFF01FE,3,0,0,0,35,
6040,1678,11,978,700,0,0,0,0,,,"Zul'Farrak",,,,,,,,,,,,,,0xFF01FE,3,0,0,0,35,
6135,1680,11,978,685,0,0,0,0,,,"Zul'Farrak",,,,,,,,,,,,,,0xFF01FE,3,0,0,0,35,
6590,1777,29,57434,1,0,0,0,0,,,"Steak de ver rhinolicieux",,,,,,,,,,,,,,0xFF01FE,0,0,0,0,35,
7421,922,41,40081,0,0,0,0,0,,,"Potion des cauchemars",,,,,,,,,,,,,,0xFF01FE,0,0,0,0,35,
7524,2136,8,1868,0,0,0,0,0,,,"Comptez là-dessus",,,,,,,,,,,,,,0xFF01FE,0,0,0,0,35,
7765,322,20,24200,0,0,0,0,0,,,"Skarvald le Constructeur",,,,,,,,,,,,,,0xFF01FE,0,0,0,0,35,
8712,347,41,23327,0,0,0,0,0,,,"Petit pain grillé",,,,,,,,,,,,,,0xFF01FE,2,0,0,0,35,
8903,687,36,20933,1,0,0,0,0,,,"Carcasse du Dieu très ancien",,,,,,,,,,,,,,0xFF01FE,2,0,0,0,35,
9023,346,41,37908,0,0,0,0,0,,,"Bière amère de Barlett",,,,,,,,,,,,,,0xFF01FE,2,0,0,0,35,
11012,323,20,33271,0,0,0,0,0,,,"Général Vezax",,,,,,,,,,,,,,0xFF01FE,0,0,0,0,35,
11029,324,20,33271,0,0,0,0,0,,,"Général Vezax",,,,,,,,,,,,,,0xFF01FE,0,0,0,0,35,
13325,1770,0,35013,1,0,0,0,0,,,"Koralon le Veilleur des flammes",,,,,,,,,,,,,,0xFF01FE,0,0,0,0,35,
13344,1756,0,35013,1,0,0,0,0,,,"Koralon le Veilleur des flammes",,,,,,,,,,,,,,0xFF01FE,0,0,0,0,35,
2922,621,57,11364,1,0,0,0,0,,,"Tabard de Hurlevent",,,,,,,,,,,,,,0xFF01FE,2,0,0,0,36,
3797,1244,68,175737,1,0,0,0,0,,,"Les sept royaumes",,,,,,,,,,,,,,0xFF01FE,0,0,0,0,36,
4371,923,41,22831,0,0,0,0,0,,,"Elixir d'agilité majeure",,,,,,,,,,,,,,0xFF01FE,0,0,0,0,36,
5183,345,41,33447,0,0,0,0,0,,,"Potion de soins runique",,,,,,,,,,,,,,0xFF01FE,0,0,0,0,36,
5380,1467,0,23980,1,0,0,0,0,,,"Ingvar le Pilleur",,,,,,,,,,,,,,0xFF01FE,0,0,0,0,36,
5934,1676,11,1519,700,0,0,0,0,,,"Hurlevent",,,,,,,,,,,,,,0xFF01FE,3,0,0,0,36,
5986,1677,11,1519,550,0,0,0,0,,,"Hurlevent",,,,,,,,,,,,,,0xFF01FE,3,0,0,0,36,
6043,1678,11,2079,700,0,0,0,0,,,"Île d'Alcaz",,,,,,,,,,,,,,0xFF01FE,3,0,0,0,36,
6136,1680,11,2079,685,0,0,0,0,,,"Île d'Alcaz",,,,,,,,,,,,,,0xFF01FE,3,0,0,0,36,
6591,1777,29,58528,1,0,0,0,0,,,"Petit festin",,,,,,,,,,,,,,0xFF01FE,0,0,0,0,36,
7422,922,41,40087,0,0,0,0,0,,,"Potion de régénération puissante",,,,,,,,,,,,,,0xFF01FE,0,0,0,0,36,
7525,2136,8,2044,0,0,0,0,0,,,"Vide rubis",,,,,,,,,,,,,,0xFF01FE,0,0,0,0,36,
7758,322,20,23980,0,0,0,0,0,,,"Ingvar le Pilleur",,,,,,,,,,,,,,0xFF01FE,0,0,0,0,36,
8711,347,41,23326,0,0,0,0,0,,,"Saucisse du solstice d'été",,,,,,,,,,,,,,0xFF01FE,2,0,0,0,36,
9022,346,41,37907,0,0,0,0,0,,,"Bière de gland d'automne",,,,,,,,,,,,,,0xFF01FE,2,0,0,0,36,
9078,687,36,20929,1,0,0,0,0,,,"Carcasse du Dieu très ancien",,,,,,,,,,,,,,0xFF01FE,2,0,0,0,36,
11013,323,20,33552,0,0,0,0,0,,,"Yogg-Saron",,,,,,,,,,,,,,0xFF01FE,0,0,0,0,36,
11030,324,20,33552,0,0,0,0,0,,,"Yogg-Saron",,,,,,,,,,,,,,0xFF01FE,0,0,0,0,36,
13326,1770,0,34797,1,0,0,0,0,,,"Glace-hurlante",,,,,,,,,,,,,,0xFF01FE,0,0,0,0,36,
13345,1756,0,10184,1,0,0,0,0,,,"Onyxia",,,,,,,,,,,,,,0xFF01FE,0,0,0,0,36,
2923,621,57,35279,1,0,0,0,0,,,"Tabard des cieux estivaux",,,,,,,,,,,,,,0xFF01FE,2,0,0,0,37,
3798,1244,68,175854,1,0,0,0,0,,,"Les empires jumeaux",,,,,,,,,,,,,,0xFF01FE,0,0,0,0,37,
4372,923,41,22834,0,0,0,0,0,,,"Elixir de défense majeure",,,,,,,,,,,,,,0xFF01FE,0,0,0,0,37,
5451,1467,0,29306,1,0,0,0,0,,,"Gal'darah",,,,,,,,,,,,,,0xFF01FE,0,0,0,0,37,
5935,1676,11,33,700,0,0,0,0,,,"Vallée de Strangleronce",,,,,,,,,,,,,,0xFF01FE,3,0,0,0,37,
5987,1677,11,33,550,0,0,0,0,,,"Vallée de Strangleronce",,,,,,,,,,,,,,0xFF01FE,3,0,0,0,37,
6044,1678,11,1769,700,0,0,0,0,,,"Repaire des Grumegueules",,,,,,,,,,,,,,0xFF01FE,3,0,0,0,37,
6137,1680,11,1769,685,0,0,0,0,,,"Repaire des Grumegueules",,,,,,,,,,,,,,0xFF01FE,3,0,0,0,37,
6380,345,41,41166,0,0,0,0,0,,,"Injecteur de soins runique",,,,,,,,,,,,,,0xFF01FE,0,0,0,0,37,
6592,1777,29,57437,1,0,0,0,0,,,"Lutjan extrême",,,,,,,,,,,,,,0xFF01FE,0,0,0,0,37,
7526,2136,8,2045,0,0,0,0,0,,,"Vide émeraude",,,,,,,,,,,,,,0xFF01FE,0,0,0,0,37,
7766,322,20,23953,0,0,0,0,0,,,"Prince Keleseth",,,,,,,,,,,,,,0xFF01FE,0,0,0,0,37,
8710,347,41,23211,0,0,0,0,0,,,"S'morc grillé",,,,,,,,,,,,,,0xFF01FE,2,0,0,0,37,
9012,346,41,31451,0,0,0,0,0,,,"Energie pure",,,,,,,,,,,,,,0xFF01FE,2,0,0,0,37,
11014,323,20,32871,0,0,0,0,0,,,"Algalon l'Observateur",,,,,,,,,,,,,,0xFF01FE,0,0,0,0,37,
11031,324,20,32871,0,0,0,0,0,,,"Algalon l'Observateur",,,,,,,,,,,,,,0xFF01FE,0,0,0,0,37,
13327,1770,0,34780,1,0,0,0,0,,,"Seigneur Jaraxxus",,,,,,,,,,,,,,0xFF01FE,0,0,0,0,37,
13346,1756,0,34797,1,0,0,0,0,,,"Glace-hurlante",,,,,,,,,,,,,,0xFF01FE,0,0,0,0,37,
2924,621,57,38310,1,0,0,0,0,,,"Tabard des arcanes",,,,,,,,,,,,,,0xFF01FE,2,0,0,0,38,
3799,1244,68,175727,1,0,0,0,0,,,"La guerre des Anciens",,,,,,,,,,,,,,0xFF01FE,0,0,0,0,38,
4373,923,41,22833,0,0,0,0,0,,,"Elixir de maîtrise du Feu majeure",,,,,,,,,,,,,,0xFF01FE,0,0,0,0,38,
5442,1467,0,29311,1,0,0,0,0,,,"Héraut Volazj",,,,,,,,,,,,,,0xFF01FE,0,0,0,0,38,
5936,1676,11,2017,700,0,0,0,0,,,"Stratholme",,,,,,,,,,,,,,0xFF01FE,3,0,0,0,38,
5988,1677,11,2017,550,0,0,0,0,,,"Stratholme",,,,,,,,,,,,,,0xFF01FE,3,0,0,0,38,
6045,1678,11,1116,700,0,0,0,0,,,"Bastion de Pennelune",,,,,,,,,,,,,,0xFF01FE,3,0,0,0,38,
6138,1680,11,1116,685,0,0,0,0,,,"Bastion de Pennelune",,,,,,,,,,,,,,0xFF01FE,3,0,0,0,38,
6593,1777,29,57440,1,0,0,0,0,,,"Friandises de mammouth épicées",,,,,,,,,,,,,,0xFF01FE,0,0,0,0,38,
7423,345,41,40087,0,0,0,0,0,,,"Potion de régénération puissante",,,,,,,,,,,,,,0xFF01FE,0,0,0,0,38,
7527,2136,8,2046,0,0,0,0,0,,,"Vide ambre",,,,,,,,,,,,,,0xFF01FE,0,0,0,0,38,
7760,322,20,29120,0,0,0,0,0,,,"Anub'arak",,,,,,,,,,,,,,0xFF01FE,0,0,0,0,38,
8709,347,41,23175,0,0,0,0,0,,,"Délicieux bonbon d'été",,,,,,,,,,,,,,0xFF01FE,2,0,0,0,38,
9011,346,41,30858,0,0,0,0,0,,,"Potion de sommeil de péon",,,,,,,,,,,,,,0xFF01FE,2,0,0,0,38,
11015,323,20,33993,0,0,0,0,0,,,"Emalon le Guetteur d'orage",,,,,,,,,,,,,,0xFF01FE,0,0,0,0,38,
11032,324,20,33993,0,0,0,0,0,,,"Emalon le Guetteur d'orage",,,,,,,,,,,,,,0xFF01FE,0,0,0,0,38,
13328,1770,28,68184,1,0,0,0,0,,,"Champions de faction",,,,,,,,,,,,,,0xFF01FE,0,0,0,0,38,
13347,1756,0,34780,1,0,0,0,0,,,"Seigneur Jaraxxus",,,,,,,,,,,,,,0xFF01FE,0,0,0,0,38,
2925,621,57,22999,1,0,0,0,0,,,"Tabard de l'Aube d'argent",,,,,,,,,,,,,,0xFF01FE,2,0,0,0,39,
3800,1244,68,175730,1,0,0,0,0,,,"L'Arbre monde et le Rêve d'émeraude",,,,,,,,,,,,,,0xFF01FE,0,0,0,0,39,
4374,923,41,32062,0,0,0,0,0,,,"Elixir de robustesse majeure",,,,,,,,,,,,,,0xFF01FE,0,0,0,0,39,
5446,1467,0,26632,1,0,0,0,0,,,"Le prophète Tharon'ja",,,,,,,,,,,,,,0xFF01FE,0,0,0,0,39,
5937,1676,11,1417,700,0,0,0,0,,,"Temple englouti",,,,,,,,,,,,,,0xFF01FE,3,0,0,0,39,
5989,1677,11,1417,550,0,0,0,0,,,"Temple englouti",,,,,,,,,,,,,,0xFF01FE,3,0,0,0,39,
6046,1678,11,702,700,0,0,0,0,,,"Rut'theran",,,,,,,,,,,,,,0xFF01FE,3,0,0,0,39,
6139,1680,11,702,685,0,0,0,0,,,"Rut'theran",,,,,,,,,,,,,,0xFF01FE,3,0,0,0,39,
6594,1777,29,45557,1,0,0,0,0,,,"Steak de ver épicé",,,,,,,,,,,,,,0xFF01FE,0,0,0,0,39,
7424,345,41,40081,0,0,0,0,0,,,"Potion des cauchemars",,,,,,,,,,,,,,0xFF01FE,0,0,0,0,39,
7762,322,20,26632,0,0,0,0,0,,,"Le prophète Tharon'ja",,,,,,,,,,,,,,0xFF01FE,0,0,0,0,39,
8708,347,41,22239,0,0,0,0,0,,,"Douce surprise",,,,,,,,,,,,,,0xFF01FE,2,0,0,0,39,
9010,346,41,30615,0,0,0,0,0,,,"Whisky halaani",,,,,,,,,,,,,,0xFF01FE,2,0,0,0,39,
13274,323,20,35013,0,0,0,0,0,,,"Koralon le Veilleur des flammes",,,,,,,,,,,,,,0xFF01FE,0,0,0,0,39,
13291,324,20,38433,0,0,0,0,0,,,"Toravon la Sentinelle de glace",,,,,,,,,,,,,,0xFF01FE,0,0,0,0,39,
13329,1770,0,34496,1,0,0,0,0,,,"Les jumelles val'kyrs",,,,,,,,,,,,,,0xFF01FE,0,0,0,0,39,
13348,1756,28,68184,1,0,0,0,0,,,"Champions de faction",,,,,,,,,,,,,,0xFF01FE,0,0,0,0,39,
2926,621,57,38314,1,0,0,0,0,,,"Tabard du défenseur",,,,,,,,,,,,,,0xFF01FE,2,0,0,0,40,
3801,1244,68,175753,1,0,0,0,0,,,"La guerre de l'Araignée",,,,,,,,,,,,,,0xFF01FE,0,0,0,0,40,
4375,923,41,22827,0,0,0,0,0,,,"Elixir de puissance du Givre majeure",,,,,,,,,,,,,,0xFF01FE,0,0,0,0,40,
5458,1467,0,28923,1,0,0,0,0,,,"Loken",,,,,,,,,,,,,,0xFF01FE,0,0,0,0,40,
5938,1676,11,4075,700,0,0,0,0,,,"Plateau du Puits de soleil",,,,,,,,,,,,,,0xFF01FE,3,0,0,0,40,
5990,1677,11,4075,550,0,0,0,0,,,"Plateau du Puits de soleil",,,,,,,,,,,,,,0xFF01FE,3,0,0,0,40,
6595,1777,29,45571,1,0,0,0,0,,,"Méduse bleue piquante",,,,,,,,,,,,,,0xFF01FE,0,0,0,0,40,
7763,322,20,29317,0,0,0,0,0,,,"Cyanigosa",,,,,,,,,,,,,,0xFF01FE,0,0,0,0,40,
7892,1678,11,363,700,0,0,0,0,,,"Vallée des épreuves",,,,,,,,,,,,,,0xFF01FE,3,0,0,0,40,
7896,1680,11,363,685,0,0,0,0,,,"Vallée des épreuves",,,,,,,,,,,,,,0xFF01FE,3,0,0,0,40,
7976,347,41,21071,1,0,0,0,0,,,"Sagerelle crue",,,,,,,,,,,,,,0xFF01FE,2,0,0,0,40,
9009,346,41,30499,0,0,0,0,0,,,"Vin de Brillechant",,,,,,,,,,,,,,0xFF01FE,2,0,0,0,40,
13275,323,20,38433,0,0,0,0,0,,,"Toravon la Sentinelle de glace",,,,,,,,,,,,,,0xFF01FE,0,0,0,0,40,
13292,324,20,34797,0,0,0,0,0,,,"Glace-hurlante",,,,,,,,,,,,,,0xFF01FE,0,0,0,0,40,
13330,1770,0,34564,1,0,0,0,0,,,"Anub'arak",,,,,,,,,,,,,,0xFF01FE,0,0,0,0,40,
13349,1756,0,34496,1,0,0,0,0,,,"Les jumelles val'kyrs",,,,,,,,,,,,,,0xFF01FE,0,0,0,0,40,
2927,621,57,24344,1,0,0,0,0,,,"Tabard de la Main",,,,,,,,,,,,,,0xFF01FE,2,0,0,0,41,
3802,1244,68,175739,1,0,0,0,0,,,"La guerre des Trois clans",,,,,,,,,,,,,,0xFF01FE,0,0,0,0,41,
4376,923,41,22840,0,0,0,0,0,,,"Elixir magesang majeur",,,,,,,,,,,,,,0xFF01FE,0,0,0,0,41,
5466,1467,0,26687,1,0,0,0,0,,,"Gortok Pâle-sabot",,,,,,,,,,,,,,0xFF01FE,0,0,0,0,41,
5939,1676,11,8,700,0,0,0,0,,,"Marais des Chagrins",,,,,,,,,,,,,,0xFF01FE,3,0,0,0,41,
5991,1677,11,8,550,0,0,0,0,,,"Marais des Chagrins",,,,,,,,,,,,,,0xFF01FE,3,0,0,0,41,
6596,1777,29,57433,1,0,0,0,0,,,"Hareng frit piquant",,,,,,,,,,,,,,0xFF01FE,0,0,0,0,41,
7761,322,20,29311,0,0,0,0,0,,,"Héraut Volazj",,,,,,,,,,,,,,0xFF01FE,0,0,0,0,41,
7893,1678,11,220,700,0,0,0,0,,,"Mesa de Nuage rouge",,,,,,,,,,,,,,0xFF01FE,3,0,0,0,41,
7897,1680,11,220,685,0,0,0,0,,,"Mesa de Nuage rouge",,,,,,,,,,,,,,0xFF01FE,3,0,0,0,41,
7975,347,41,6362,1,0,0,0,0,,,"Morue rochécaille crue",,,,,,,,,,,,,,0xFF01FE,2,0,0,0,41,
9008,346,41,30309,0,0,0,0,0,,,"Bière brise-pierres",,,,,,,,,,,,,,0xFF01FE,2,0,0,0,41,
13276,323,20,10184,0,0,0,0,0,,,"Onyxia",,,,,,,,,,,,,,0xFF01FE,0,0,0,0,41,
13293,324,20,34780,0,0,0,0,0,,,"Seigneur Jaraxxus",,,,,,,,,,,,,,0xFF01FE,0,0,0,0,41,
13331,1770,0,36612,1,0,0,0,0,,,"Seigneur Gargamoelle",,,,,,,,,,,,,,0xFF01FE,0,0,0,0,41,
13350,1756,0,34564,1,0,0,0,0,,,"Anub'arak",,,,,,,,,,,,,,0xFF01FE,0,0,0,0,41,
2928,621,57,23192,1,0,0,0,0,,,"Tabard de la Croisade écarlate",,,,,,,,,,,,,,0xFF01FE,2,0,0,0,42,
3803,1244,68,175856,1,0,0,0,0,,,"La colère du fléau des âmes",,,,,,,,,,,,,,0xFF01FE,0,0,0,0,42,
4377,923,41,22835,0,0,0,0,0,,,"Elixir de puissance de l'Ombre majeure",,,,,,,,,,,,,,0xFF01FE,0,0,0,0,42,
5940,1676,11,330,700,0,0,0,0,,,"Viaduc de Thandol",,,,,,,,,,,,,,0xFF01FE,3,0,0,0,42,
5992,1677,11,330,550,0,0,0,0,,,"Viaduc de Thandol",,,,,,,,,,,,,,0xFF01FE,3,0,0,0,42,
6597,1777,29,45556,1,0,0,0,0,,,"Steak de brochepelle tendre",,,,,,,,,,,,,,0xFF01FE,0,0,0,0,42,
7759,322,20,26723,0,0,0,0,0,,,"Keristrasza",,,,,,,,,,,,,,0xFF01FE,0,0,0,0,42,
7894,1678,11,188,700,0,0,0,0,,,"Sombrevallon",,,,,,,,,,,,,,0xFF01FE,3,0,0,0,42,
7898,1680,11,188,685,0,0,0,0,,,"Sombrevallon",,,,,,,,,,,,,,0xFF01FE,3,0,0,0,42,
7974,347,41,13758,1,0,0,0,0,,,"Rouget cru",,,,,,,,,,,,,,0xFF01FE,2,0,0,0,42,
8802,1467,0,29315,1,0,0,0,0,,,"Erekem",,,,,,,,,,,,,,0xFF01FE,0,0,0,0,42,
9007,346,41,29482,0,0,0,0,0,,,"Essence de l'Ethereum",,,,,,,,,,,,,,0xFF01FE,2,0,0,0,42,
13277,323,20,34797,0,0,0,0,0,,,"Glace-hurlante",,,,,,,,,,,,,,0xFF01FE,0,0,0,0,42,
13294,324,20,34497,0,0,0,0,0,,,"Fjola Plaie-lumineuse",,,,,,,,,,,,,,0xFF01FE,0,0,0,0,42,
13332,1770,0,36855,1,0,0,0,0,,,"Dame Murmemort",,,,,,,,,,,,,,0xFF01FE,0,0,0,0,42,
13351,1756,0,36612,1,0,0,0,0,,,"Seigneur Gargamoelle",,,,,,,,,,,,,,0xFF01FE,0,0,0,0,42,
2929,621,57,35221,1,0,0,0,0,,,"Tabard du Soleil brisé",,,,,,,,,,,,,,0xFF01FE,2,0,0,0,43,
4378,923,41,22824,0,0,0,0,0,,,"Elixir de force majeure",,,,,,,,,,,,,,0xFF01FE,0,0,0,0,43,
5462,1467,0,27656,1,0,0,0,0,,,"Gardien-tellurique Eregos",,,,,,,,,,,,,,0xFF01FE,0,0,0,0,43,
5941,1676,11,1581,700,0,0,0,0,,,"Les Mortemines",,,,,,,,,,,,,,0xFF01FE,3,0,0,0,43,
5993,1677,11,1581,550,0,0,0,0,,,"Les Mortemines",,,,,,,,,,,,,,0xFF01FE,3,0,0,0,43,
6598,1777,29,57443,1,0,0,0,0,,,"En-cas du pisteur",,,,,,,,,,,,,,0xFF01FE,0,0,0,0,43,
7895,1678,11,3527,700,0,0,0,0,,,"Point d'impact",,,,,,,,,,,,,,0xFF01FE,3,0,0,0,43,
7899,1680,11,3527,685,0,0,0,0,,,"Point d'impact",,,,,,,,,,,,,,0xFF01FE,3,0,0,0,43,
7973,347,41,6361,1,0,0,0,0,,,"Thon arc-en-ciel cru",,,,,,,,,,,,,,0xFF01FE,2,0,0,0,43,
9006,346,41,27553,0,0,0,0,0,,,"Boisson énergétique du bœuf cramoisi",,,,,,,,,,,,,,0xFF01FE,2,0,0,0,43,
13262,322,20,35451,1,0,0,0,0,,,"Le Chevalier noir",,,,,,,,,,,,,,0xFF01FE,0,0,0,0,43,
13278,323,20,34780,0,0,0,0,0,,,"Seigneur Jaraxxus",,,,,,,,,,,,,,0xFF01FE,0,0,0,0,43,
13295,324,20,34496,0,0,0,0,0,,,"Eydis Plaie-sombre",,,,,,,,,,,,,,0xFF01FE,0,0,0,0,43,
13333,1770,28,72959,1,0,0,0,0,,,"Rencontre des canonnières",,,,,,,,,,,,,,0xFF01FE,0,0,0,0,43,
13352,1756,0,36855,1,0,0,0,0,,,"Dame Murmemort",,,,,,,,,,,,,,0xFF01FE,0,0,0,0,43,
2930,621,57,38311,1,0,0,0,0,,,"Tabard du Vide",,,,,,,,,,,,,,0xFF01FE,2,0,0,0,44,
4379,923,41,28104,0,0,0,0,0,,,"Elixir de maîtrise",,,,,,,,,,,,,,0xFF01FE,0,0,0,0,44,
5942,1676,11,47,700,0,0,0,0,,,"Les Hinterlands",,,,,,,,,,,,,,0xFF01FE,3,0,0,0,44,
5994,1677,11,47,550,0,0,0,0,,,"Les Hinterlands",,,,,,,,,,,,,,0xFF01FE,3,0,0,0,44,
6599,1777,29,45558,1,0,0,0,0,,,"Worg cuit",,,,,,,,,,,,,,0xFF01FE,0,0,0,0,44,
7972,347,41,13759,1,0,0,0,0,,,"Lutjan nagenuit cru",,,,,,,,,,,,,,0xFF01FE,2,0,0,0,44,
8098,1678,11,3526,700,0,0,0,0,,,"Val d'Ammen",,,,,,,,,,,,,,0xFF01FE,3,0,0,0,44,
8099,1680,11,3526,685,0,0,0,0,,,"Val d'Ammen",,,,,,,,,,,,,,0xFF01FE,3,0,0,0,44,
8803,1467,0,29316,1,0,0,0,0,,,"Moragg",,,,,,,,,,,,,,0xFF01FE,0,0,0,0,44,
9005,346,41,24007,0,0,0,0,0,,,"Outre de fantassin",,,,,,,,,,,,,,0xFF01FE,2,0,0,0,44,
13263,322,20,34928,0,0,0,0,0,,,"Confesseur d'argent Paletress",,,,,,,,,,,,,,0xFF01FE,0,0,0,0,44,
13279,323,20,34496,0,0,0,0,0,,,"Eydis Plaie-sombre",,,,,,,,,,,,,,0xFF01FE,0,0,0,0,44,
13296,324,20,34564,0,0,0,0,0,,,"Anub'arak",,,,,,,,,,,,,,0xFF01FE,0,0,0,0,44,
13334,1770,28,72928,1,0,0,0,0,,,"Porte-mort Saurcroc",,,,,,,,,,,,,,0xFF01FE,0,0,0,0,44,
13353,1756,28,72959,1,0,0,0,0,,,"Rencontre des canonnières",,,,,,,,,,,,,,0xFF01FE,0,0,0,0,44,
2931,621,57,24004,1,0,0,0,0,,,"Tabard de Thrallmar",,,,,,,,,,,,,,0xFF01FE,2,0,0,0,45,
4380,923,41,39666,0,0,0,0,0,,,"Elixir d'agilité puissante",,,,,,,,,,,,,,0xFF01FE,0,0,0,0,45,
5384,1467,0,26723,1,0,0,0,0,,,"Keristrasza",,,,,,,,,,,,,,0xFF01FE,0,0,0,0,45,
5943,1676,11,717,700,0,0,0,0,,,"La Prison",,,,,,,,,,,,,,0xFF01FE,3,0,0,0,45,
5995,1677,11,717,550,0,0,0,0,,,"La Prison",,,,,,,,,,,,,,0xFF01FE,3,0,0,0,45,
7971,347,41,8365,1,0,0,0,0,,,"Truite tête-mithril crue",,,,,,,,,,,,,,0xFF01FE,2,0,0,0,45,
8994,346,41,19997,0,0,0,0,0,,,"Nectar de la moisson",,,,,,,,,,,,,,0xFF01FE,2,0,0,0,45,
9219,1678,11,1657,700,0,0,0,0,,,"Darnassus",,,,,,,,,,,,,,0xFF01FE,3,0,0,0,45,
9221,1680,11,1657,685,0,0,0,0,,,"Darnassus",,,,,,,,,,,,,,0xFF01FE,3,0,0,0,45,
9421,1777,29,62350,1,0,0,0,0,,,"Tartare de worg",,,,,,,,,,,,,,0xFF01FE,0,0,0,0,45,
13264,322,20,35119,0,0,0,0,0,,,"Eadric le Pur",,,,,,,,,,,,,,0xFF01FE,0,0,0,0,45,
13280,323,20,34497,0,0,0,0,0,,,"Fjola Plaie-lumineuse",,,,,,,,,,,,,,0xFF01FE,0,0,0,0,45,
13297,324,20,36612,0,0,0,0,0,,,"Seigneur Gargamoelle",,,,,,,,,,,,,,0xFF01FE,0,0,0,0,45,
13335,1770,28,72706,1,0,0,0,0,,,"Valithria Marcherêve",,,,,,,,,,,,,,0xFF01FE,0,0,0,0,45,
13354,1756,28,72928,1,0,0,0,0,,,"Porte-mort Saurcroc",,,,,,,,,,,,,,0xFF01FE,0,0,0,0,45,
2932,621,57,23388,1,0,0,0,0,,,"Tabard de Tranquillien",,,,,,,,,,,,,,0xFF01FE,2,0,0,0,46,
4381,923,41,40097,0,0,0,0,0,,,"Elixir de défense puissante",,,,,,,,,,,,,,0xFF01FE,0,0,0,0,46,
5944,1676,11,1477,700,0,0,0,0,,,"Le temple d'Atal'Hakkar",,,,,,,,,,,,,,0xFF01FE,3,0,0,0,46,
5996,1677,11,1477,550,0,0,0,0,,,"Le temple d'Atal'Hakkar",,,,,,,,,,,,,,0xFF01FE,3,0,0,0,46,
7970,347,41,6289,1,0,0,0,0,,,"Lutjan à longue mâchoire cru",,,,,,,,,,,,,,0xFF01FE,2,0,0,0,46,
8798,1467,0,29266,1,0,0,0,0,,,"Xevozz",,,,,,,,,,,,,,0xFF01FE,0,0,0,0,46,
8992,346,41,18284,0,0,0,0,0,,,"Bière-massue de Kreeg",,,,,,,,,,,,,,0xFF01FE,2,0,0,0,46,
9220,1678,11,3557,700,0,0,0,0,,,"Exodar",,,,,,,,,,,,,,0xFF01FE,3,0,0,0,46,
9222,1680,11,3557,685,0,0,0,0,,,"Exodar",,,,,,,,,,,,,,0xFF01FE,3,0,0,0,46,
13265,322,20,36497,0,0,0,0,0,,,"Bronjahm",,,,,,,,,,,,,,0xFF01FE,0,0,0,0,46,
13281,323,20,34564,0,0,0,0,0,,,"Anub'arak",,,,,,,,,,,,,,0xFF01FE,0,0,0,0,46,
13298,324,20,36855,0,0,0,0,0,,,"Dame Murmemort",,,,,,,,,,,,,,0xFF01FE,0,0,0,0,46,
13336,1770,0,36626,1,0,0,0,0,,,"Pulentraille",,,,,,,,,,,,,,0xFF01FE,0,0,0,0,46,
13355,1756,28,72706,1,0,0,0,0,,,"Valithria Marcherêve",,,,,,,,,,,,,,0xFF01FE,0,0,0,0,46,
2933,621,57,19505,1,0,0,0,0,,,"Tabard de bataille chanteguerre",,,,,,,,,,,,,,0xFF01FE,2,0,0,0,47,
4382,923,41,40078,0,0,0,0,0,,,"Elixir de robustesse puissante",,,,,,,,,,,,,,0xFF01FE,0,0,0,0,47,
5945,1676,11,85,700,0,0,0,0,,,"Clairières de Tirisfal",,,,,,,,,,,,,,0xFF01FE,3,0,0,0,47,
5997,1677,11,85,550,0,0,0,0,,,"Clairières de Tirisfal",,,,,,,,,,,,,,0xFF01FE,3,0,0,0,47,
7969,347,41,6317,1,0,0,0,0,,,"Furie du loch crue",,,,,,,,,,,,,,0xFF01FE,2,0,0,0,47,
8799,1467,0,29312,1,0,0,0,0,,,"Lavanthor",,,,,,,,,,,,,,0xFF01FE,0,0,0,0,47,
8990,346,41,17048,0,0,0,0,0,,,"Rhum de Rumsey",,,,,,,,,,,,,,0xFF01FE,2,0,0,0,47,
9242,1678,11,1941,700,0,0,0,0,,,"Grottes du temps",,,,,,,,,,,,,,0xFF01FE,3,0,0,0,47,
9243,1680,11,1941,685,0,0,0,0,,,"Grottes du temps",,,,,,,,,,,,,,0xFF01FE,3,0,0,0,47,
13266,322,20,36502,0,0,0,0,0,,,"Dévoreur d'âmes",,,,,,,,,,,,,,0xFF01FE,0,0,0,0,47,
13282,323,20,36612,0,0,0,0,0,,,"Seigneur Gargamoelle",,,,,,,,,,,,,,0xFF01FE,0,0,0,0,47,
13299,324,20,37813,0,0,0,0,0,,,"Porte-mort Saurcroc",,,,,,,,,,,,,,0xFF01FE,0,0,0,0,47,
13337,1770,0,36627,1,0,0,0,0,,,"Trognepus",,,,,,,,,,,,,,0xFF01FE,0,0,0,0,47,
13356,1756,0,36626,1,0,0,0,0,,,"Pulentraille",,,,,,,,,,,,,,0xFF01FE,0,0,0,0,47,
4383,923,41,40109,0,0,0,0,0,,,"Elixir de magesang puissant",,,,,,,,,,,,,,0xFF01FE,0,0,0,0,48,
5946,1676,11,1497,700,0,0,0,0,,,"Fossoyeuse",,,,,,,,,,,,,,0xFF01FE,3,0,0,0,48,
5998,1677,11,1497,550,0,0,0,0,,,"Fossoyeuse",,,,,,,,,,,,,,0xFF01FE,3,0,0,0,48,
6151,621,57,43300,1,0,0,0,0,,,"Couleurs du maître des traditions",,,,,,,,,,,,,,0xFF01FE,2,0,0,0,48,
7968,347,41,21153,1,0,0,0,0,,,"Grande sagerelle crue",,,,,,,,,,,,,,0xFF01FE,2,0,0,0,48,
8800,1467,0,29313,1,0,0,0,0,,,"Ichoron",,,,,,,,,,,,,,0xFF01FE,0,0,0,0,48,
8988,346,41,13813,0,0,0,0,0,,,"Jus de fruit solaire béni",,,,,,,,,,,,,,0xFF01FE,2,0,0,0,48,
13267,322,20,36494,0,0,0,0,0,,,"Maître-forge Gargivre",,,,,,,,,,,,,,0xFF01FE,0,0,0,0,48,
13283,323,20,36855,0,0,0,0,0,,,"Dame Murmemort",,,,,,,,,,,,,,0xFF01FE,0,0,0,0,48,
13300,324,20,37955,0,0,0,0,0,,,"Reine de sang Lana'thel",,,,,,,,,,,,,,0xFF01FE,0,0,0,0,48,
13338,1770,0,36678,1,0,0,0,0,,,"Professeur Putricide",,,,,,,,,,,,,,0xFF01FE,0,0,0,0,48,
13357,1756,0,36627,1,0,0,0,0,,,"Trognepus",,,,,,,,,,,,,,0xFF01FE,0,0,0,0,48,
4384,923,41,40073,0,0,0,0,0,,,"Elixir de force puissante",,,,,,,,,,,,,,0xFF01FE,0,0,0,0,49,
5947,1676,11,28,700,0,0,0,0,,,"Maleterres de l'ouest",,,,,,,,,,,,,,0xFF01FE,3,0,0,0,49,
5999,1677,11,28,550,0,0,0,0,,,"Maleterres de l'ouest",,,,,,,,,,,,,,0xFF01FE,3,0,0,0,49,
6171,621,57,43348,1,0,0,0,0,,,"Tabard de l'explorateur",,,,,,,,,,,,,,0xFF01FE,2,0,0,0,49,
7984,347,41,43647,1,0,0,0,0,,,"Vairon chatoyant",,,,,,,,,,,,,,0xFF01FE,2,0,0,0,49,
8801,1467,0,29314,1,0,0,0,0,,,"Zuramat l'Oblitérateur",,,,,,,,,,,,,,0xFF01FE,0,0,0,0,49,
8986,346,41,4952,0,0,0,0,0,,,"Brune-d'orage",,,,,,,,,,,,,,0xFF01FE,2,0,0,0,49,
13268,322,20,36476,0,0,0,0,0,,,"Ick",,,,,,,,,,,,,,0xFF01FE,0,0,0,0,49,
13284,323,20,37813,0,0,0,0,0,,,"Porte-mort Saurcroc",,,,,,,,,,,,,,0xFF01FE,0,0,0,0,49,
13301,324,20,36853,0,0,0,0,0,,,"Sindragosa",,,,,,,,,,,,,,0xFF01FE,0,0,0,0,49,
13339,1770,0,37970,1,0,0,0,0,,,"Princes de sang",,,,,,,,,,,,,,0xFF01FE,0,0,0,0,49,
13358,1756,0,36678,1,0,0,0,0,,,"Professeur Putricide",,,,,,,,,,,,,,0xFF01FE,0,0,0,0,49,
4385,923,41,2457,0,0,0,0,0,,,"Elixir d'agilité mineure",,,,,,,,,,,,,,0xFF01FE,0,0,0,0,50,
5948,1676,11,40,700,0,0,0,0,,,"Marche de l'Ouest",,,,,,,,,,,,,,0xFF01FE,3,0,0,0,50,
6000,1677,11,40,550,0,0,0,0,,,"Marche de l'Ouest",,,,,,,,,,,,,,0xFF01FE,3,0,0,0,50,
6172,621,57,43349,1,0,0,0,0,,,"Tabard de la force brute",,,,,,,,,,,,,,0xFF01FE,2,0,0,0,50,
7983,347,41,44072,1,0,0,0,0,,,"Bête mystérieuse rôtie",,,,,,,,,,,,,,0xFF01FE,2,0,0,0,50,
8985,346,41,1322,0,0,0,0,0,,,"Huile de foie de poisson",,,,,,,,,,,,,,0xFF01FE,2,0,0,0,50,
13269,322,20,36477,0,0,0,0,0,,,"Krik",,,,,,,,,,,,,,0xFF01FE,0,0,0,0,50,
13285,323,20,36626,0,0,0,0,0,,,"Pulentraille",,,,,,,,,,,,,,0xFF01FE,0,0,0,0,50,
13302,324,20,36597,0,0,0,0,0,,,"Le roi-liche",,,,,,,,,,,,,,0xFF01FE,0,0,0,0,50,
13312,1467,28,68574,1,0,0,0,0,,,"Confesseur d'argent Paletress",,,,,,,,,,,,,,0xFF01FE,0,0,0,0,50,
13340,1770,0,37955,1,0,0,0,0,,,"Reine de sang Lana'thel",,,,,,,,,,,,,,0xFF01FE,0,0,0,0,50,
13359,1756,0,37970,1,0,0,0,0,,,"Princes de sang",,,,,,,,,,,,,,0xFF01FE,0,0,0,0,50,
4386,923,41,5997,0,0,0,0,0,,,"Elixir de défense mineure",,,,,,,,,,,,,,0xFF01FE,0,0,0,0,51,
5949,1676,11,11,700,0,0,0,0,,,"Les Paluns",,,,,,,,,,,,,,0xFF01FE,3,0,0,0,51,
6001,1677,11,11,550,0,0,0,0,,,"Les Paluns",,,,,,,,,,,,,,0xFF01FE,3,0,0,0,51,
6976,621,57,43154,1,0,0,0,0,,,"Tabard de la Croisade d'argent",,,,,,,,,,,,,,0xFF01FE,2,0,0,0,51,
7982,347,41,13889,1,0,0,0,0,,,"Saumon blanchécaille cru",,,,,,,,,,,,,,0xFF01FE,2,0,0,0,51,
8890,346,41,34022,0,0,0,0,0,,,"Tête-réduite brune",,,,,,,,,,,,,,0xFF01FE,2,0,0,0,51,
13270,322,20,36658,0,0,0,0,0,,,"Seigneur du Fléau Tyrannus",,,,,,,,,,,,,,0xFF01FE,0,0,0,0,51,
13286,323,20,36627,0,0,0,0,0,,,"Trognepus",,,,,,,,,,,,,,0xFF01FE,0,0,0,0,51,
13303,324,20,36626,0,0,0,0,0,,,"Pulentraille",,,,,,,,,,,,,,0xFF01FE,0,0,0,0,51,
13313,1467,28,68575,1,0,0,0,0,,,"Eadric le Pur",,,,,,,,,,,,,,0xFF01FE,0,0,0,0,51,
13341,1770,0,36853,1,0,0,0,0,,,"Sindragosa",,,,,,,,,,,,,,0xFF01FE,0,0,0,0,51,
13360,1756,0,37955,1,0,0,0,0,,,"Reine de sang Lana'thel",,,,,,,,,,,,,,0xFF01FE,0,0,0,0,51,
4387,923,41,2458,0,0,0,0,0,,,"Elixir de robustesse mineure",,,,,,,,,,,,,,0xFF01FE,0,0,0,0,52,
6977,621,57,43155,1,0,0,0,0,,,"Tabard de la Lame d'ébène",,,,,,,,,,,,,,0xFF01FE,2,0,0,0,52,
8004,347,41,44071,1,0,0,0,0,,,"Anguille rôtie",,,,,,,,,,,,,,0xFF01FE,2,0,0,0,52,
8866,346,41,41731,0,0,0,0,0,,,"Lait de yéti",,,,,,,,,,,,,,0xFF01FE,2,0,0,0,52,
9422,1676,11,19,700,0,0,0,0,,,"Zul'Gurub",,,,,,,,,,,,,,0xFF01FE,3,0,0,0,52,
9423,1677,11,19,550,0,0,0,0,,,"Zul'Gurub",,,,,,,,,,,,,,0xFF01FE,3,0,0,0,52,
13271,322,20,38112,0,0,0,0,0,,,"Falric",,,,,,,,,,,,,,0xFF01FE,0,0,0,0,52,
13287,323,20,36678,0,0,0,0,0,,,"Professeur Putricide",,,,,,,,,,,,,,0xFF01FE,0,0,0,0,52,
13304,324,20,36627,0,0,0,0,0,,,"Trognepus",,,,,,,,,,,,,,0xFF01FE,0,0,0,0,52,
13314,1467,28,68663,1,0,0,0,0,,,"Le Chevalier noir",,,,,,,,,,,,,,0xFF01FE,0,0,0,0,52,
13342,1770,0,36597,1,0,0,0,0,,,"Le roi-liche",,,,,,,,,,,,,,0xFF01FE,0,0,0,0,52,
13361,1756,0,36853,1,0,0,0,0,,,"Sindragosa",,,,,,,,,,,,,,0xFF01FE,0,0,0,0,52,
4388,923,41,3391,0,0,0,0,0,,,"Elixir de force d'ogre",,,,,,,,,,,,,,0xFF01FE,0,0,0,0,53,
6041,1676,11,1337,700,0,0,0,0,,,"Uldaman",,,,,,,,,,,,,,0xFF01FE,3,0,0,0,53,
6042,1677,11,1337,550,0,0,0,0,,,"Uldaman",,,,,,,,,,,,,,0xFF01FE,3,0,0,0,53,
6978,621,57,43156,1,0,0,0,0,,,"Tabard de l'Accord du Repos du ver",,,,,,,,,,,,,,0xFF01FE,2,0,0,0,53,
7981,347,41,13760,1,0,0,0,0,,,"Saumon solécaille cru",,,,,,,,,,,,,,0xFF01FE,2,0,0,0,53,
8868,346,41,44617,0,0,0,0,0,,,"Verre de Dalaran rouge",,,,,,,,,,,,,,0xFF01FE,2,0,0,0,53,
13272,322,20,38113,0,0,0,0,0,,,"Marwyn",,,,,,,,,,,,,,0xFF01FE,0,0,0,0,53,
13288,323,20,37955,0,0,0,0,0,,,"Reine de sang Lana'thel",,,,,,,,,,,,,,0xFF01FE,0,0,0,0,53,
13305,324,20,36678,0,0,0,0,0,,,"Professeur Putricide",,,,,,,,,,,,,,0xFF01FE,0,0,0,0,53,
13315,1467,0,36497,1,0,0,0,0,,,"Bronjahm",,,,,,,,,,,,,,0xFF01FE,0,0,0,0,53,
13362,1756,0,36597,1,0,0,0,0,,,"Le roi-liche",,,,,,,,,,,,,,0xFF01FE,0,0,0,0,53,
4389,923,41,9264,0,0,0,0,0,,,"Elixir de puissance de l'Ombre",,,,,,,,,,,,,,0xFF01FE,0,0,0,0,54,
5950,1676,11,1977,700,0,0,0,0,,,"Zul'Gurub",,,,,,,,,,,,,,0xFF01FE,3,0,0,0,54,
6002,1677,11,1977,550,0,0,0,0,,,"Zul'Gurub",,,,,,,,,,,,,,0xFF01FE,3,0,0,0,54,
6979,621,57,43157,1,0,0,0,0,,,"Tabard du Kirin Tor",,,,,,,,,,,,,,0xFF01FE,2,0,0,0,54,
7980,347,41,13756,1,0,0,0,0,,,"Perche estivale crue",,,,,,,,,,,,,,0xFF01FE,2,0,0,0,54,
8870,346,41,44619,0,0,0,0,0,,,"Verre de Dalaran rouge épanoui",,,,,,,,,,,,,,0xFF01FE,2,0,0,0,54,
13273,322,20,36954,0,0,0,0,0,,,"Le roi-liche",,,,,,,,,,,,,,0xFF01FE,0,0,0,0,54,
13289,323,20,36853,0,0,0,0,0,,,"Sindragosa",,,,,,,,,,,,,,0xFF01FE,0,0,0,0,54,
13316,1467,0,36502,1,0,0,0,0,,,"Dévoreur d'âmes",,,,,,,,,,,,,,0xFF01FE,0,0,0,0,54,
4390,923,41,40072,0,0,0,0,0,,,"Elixir d'esprit",,,,,,,,,,,,,,0xFF01FE,0,0,0,0,55,
7884,1676,11,9,700,0,0,0,0,,,"Vallée de Comté-du-nord",,,,,,,,,,,,,,0xFF01FE,3,0,0,0,55,
7888,1677,11,9,550,0,0,0,0,,,"Vallée de Comté-du-nord",,,,,,,,,,,,,,0xFF01FE,3,0,0,0,55,
7979,347,41,4603,1,0,0,0,0,,,"Jaune-queue tacheté cru",,,,,,,,,,,,,,0xFF01FE,2,0,0,0,55,
8872,346,41,44570,0,0,0,0,0,,,"Verre de vin des Chants éternels",,,,,,,,,,,,,,0xFF01FE,2,0,0,0,55,
11298,621,57,45585,1,0,0,0,0,,,"Tabard de Lune-d'argent",,,,,,,,,,,,,,0xFF01FE,2,0,0,0,55,
13290,323,20,36597,0,0,0,0,0,,,"Le roi-liche",,,,,,,,,,,,,,0xFF01FE,0,0,0,0,55,
13317,1467,0,36494,1,0,0,0,0,,,"Maître-forge Gargivre",,,,,,,,,,,,,,0xFF01FE,0,0,0,0,55,
4391,923,41,13445,0,0,0,0,0,,,"Elixir de défense excellente",,,,,,,,,,,,,,0xFF01FE,0,0,0,0,56,
7885,1676,11,132,700,0,0,0,0,,,"Vallée des Frigères",,,,,,,,,,,,,,0xFF01FE,3,0,0,0,56,
7889,1677,11,132,550,0,0,0,0,,,"Vallée des Frigères",,,,,,,,,,,,,,0xFF01FE,3,0,0,0,56,
7978,347,41,8959,1,0,0,0,0,,,"Flétan épineux cru",,,,,,,,,,,,,,0xFF01FE,2,0,0,0,56,
8881,346,41,33033,0,0,0,0,0,,,"Tonnebière brune",,,,,,,,,,,,,,0xFF01FE,2,0,0,0,56,
11299,621,57,45582,1,0,0,0,0,,,"Tabard de Sen'jin",,,,,,,,,,,,,,0xFF01FE,2,0,0,0,56,
13318,1467,0,36476,1,0,0,0,0,,,"Ick",,,,,,,,,,,,,,0xFF01FE,0,0,0,0,56,
4392,923,41,40079,0,0,0,0,0,,,"Elixir de résistance",,,,,,,,,,,,,,0xFF01FE,0,0,0,0,57,
5951,1676,11,1977,700,0,0,0,0,,,"Zul'Gurub",,,,,,,,,,,,,,0xFF01FE,3,0,0,0,57,
6003,1677,11,1977,550,0,0,0,0,,,"Zul'Gurub",,,,,,,,,,,,,,0xFF01FE,3,0,0,0,57,
7977,347,41,6303,1,0,0,0,0,,,"Maquereau ombré cru",,,,,,,,,,,,,,0xFF01FE,2,0,0,0,57,
8880,346,41,33032,0,0,0,0,0,,,"Tonnebière blonde",,,,,,,,,,,,,,0xFF01FE,2,0,0,0,57,
11300,621,57,45583,1,0,0,0,0,,,"Tabard de Fossoyeuse",,,,,,,,,,,,,,0xFF01FE,2,0,0,0,57,
13319,1467,0,36658,1,0,0,0,0,,,"Seigneur du Fléau Tyrannus",,,,,,,,,,,,,,0xFF01FE,0,0,0,0,57,
4393,923,41,5996,0,0,0,0,0,,,"Elixir de respiration aquatique",,,,,,,,,,,,,,0xFF01FE,0,0,0,0,58,
7886,1676,11,154,700,0,0,0,0,,,"Le Glas",,,,,,,,,,,,,,0xFF01FE,3,0,0,0,58,
7890,1677,11,154,550,0,0,0,0,,,"Le Glas",,,,,,,,,,,,,,0xFF01FE,3,0,0,0,58,
7967,347,41,13754,1,0,0,0,0,,,"Barracuda luisant cru",,,,,,,,,,,,,,0xFF01FE,2,0,0,0,58,
8879,346,41,33031,0,0,0,0,0,,,"Tonnerre 45",,,,,,,,,,,,,,0xFF01FE,2,0,0,0,58,
11301,621,57,45584,1,0,0,0,0,,,"Tabard des Pitons du Tonnerre",,,,,,,,,,,,,,0xFF01FE,2,0,0,0,58,
13320,1467,0,38112,1,0,0,0,0,,,"Falric",,,,,,,,,,,,,,0xFF01FE,0,0,0,0,58,
4394,923,41,8827,0,0,0,0,0,,,"Elixir de marche sur l'eau",,,,,,,,,,,,,,0xFF01FE,0,0,0,0,59,
7887,1676,11,3431,700,0,0,0,0,,,"Île de Haut-soleil",,,,,,,,,,,,,,0xFF01FE,3,0,0,0,59,
7891,1677,11,3431,550,0,0,0,0,,,"Île de Haut-soleil",,,,,,,,,,,,,,0xFF01FE,3,0,0,0,59,
7966,347,41,6308,1,0,0,0,0,,,"Poisson-chat moustachu cru",,,,,,,,,,,,,,0xFF01FE,2,0,0,0,59,
8878,346,41,33034,0,0,0,0,0,,,"Grog gordok",,,,,,,,,,,,,,0xFF01FE,2,0,0,0,59,
11302,621,57,45579,1,0,0,0,0,,,"Tabard de Darnassus",,,,,,,,,,,,,,0xFF01FE,2,0,0,0,59,
13321,1467,0,38113,1,0,0,0,0,,,"Marwyn",,,,,,,,,,,,,,0xFF01FE,0,0,0,0,59,
4395,923,41,3383,0,0,0,0,0,,,"Elixir de sagesse",,,,,,,,,,,,,,0xFF01FE,0,0,0,0,60,
7965,347,41,6291,1,0,0,0,0,,,"Goujon brillant cru",,,,,,,,,,,,,,0xFF01FE,2,0,0,0,60,
8877,346,41,44574,0,0,0,0,0,,,"Outre d'eau-de-feu de Mulgore",,,,,,,,,,,,,,0xFF01FE,2,0,0,0,60,
9080,1677,11,130,550,0,0,0,0,,,"Forêt des Pins argentés",,,,,,,,,,,,,,0xFF01FE,3,0,0,0,60,
9081,1676,11,130,700,0,0,0,0,,,"Forêt des Pins argentés",,,,,,,,,,,,,,0xFF01FE,3,0,0,0,60,
11303,621,57,45580,1,0,0,0,0,,,"Tabard de l'Exodar",,,,,,,,,,,,,,0xFF01FE,2,0,0,0,60,
13323,1467,28,72830,1,0,0,0,0,,,"Le roi-liche",,,,,,,,,,,,,,0xFF01FE,0,0,0,0,60,
4396,923,41,13452,0,0,0,0,0,,,"Elixir de la mangouste",,,,,,,,,,,,,,0xFF01FE,0,0,0,0,61,
7964,347,41,6458,1,0,0,0,0,,,"Poisson huileux",,,,,,,,,,,,,,0xFF01FE,2,0,0,0,61,
8876,346,41,44716,0,0,0,0,0,,,"Liquide fermenté mystérieux",,,,,,,,,,,,,,0xFF01FE,2,0,0,0,61,
9238,1676,11,209,700,0,0,0,0,,,"Donjon d'Ombrecroc",,,,,,,,,,,,,,0xFF01FE,3,0,0,0,61,
9239,1677,11,209,550,0,0,0,0,,,"Donjon d'Ombrecroc",,,,,,,,,,,,,,0xFF01FE,3,0,0,0,61,
11304,621,57,45578,1,0,0,0,0,,,"Tabard de Gnomeregan",,,,,,,,,,,,,,0xFF01FE,2,0,0,0,61,
4397,923,41,13447,0,0,0,0,0,,,"Elixir des sages",,,,,,,,,,,,,,0xFF01FE,0,0,0,0,62,
7963,347,41,11952,1,0,0,0,0,,,"Souffle de dragon nocturne",,,,,,,,,,,,,,0xFF01FE,2,0,0,0,62,
8875,346,41,44573,0,0,0,0,0,,,"Tasse de philtre au venin de grenouille",,,,,,,,,,,,,,0xFF01FE,2,0,0,0,62,
9240,1676,11,3805,700,0,0,0,0,,,"Zul'Aman",,,,,,,,,,,,,,0xFF01FE,3,0,0,0,62,
9241,1677,11,3805,550,0,0,0,0,,,"Zul'Aman",,,,,,,,,,,,,,0xFF01FE,3,0,0,0,62,
11305,621,57,45577,1,0,0,0,0,,,"Tabard de Forgefer",,,,,,,,,,,,,,0xFF01FE,2,0,0,0,62,
4398,923,41,22830,0,0,0,0,0,,,"Elixir de l'oeil inquisiteur",,,,,,,,,,,,,,0xFF01FE,0,0,0,0,63,
7962,347,41,43572,1,0,0,0,0,,,"Mange-magie",,,,,,,,,,,,,,0xFF01FE,2,0,0,0,63,
8874,346,41,44571,0,0,0,0,0,,,"Bouteille de porto de Lune-d'argent",,,,,,,,,,,,,,0xFF01FE,2,0,0,0,63,
9398,1676,11,721,700,0,0,0,0,,,"Gnomeregan",,,,,,,,,,,,,,0xFF01FE,3,0,0,0,63,
11306,621,57,45574,1,0,0,0,0,,,"Tabard de Hurlevent",,,,,,,,,,,,,,0xFF01FE,2,0,0,0,63,
4399,923,41,31679,0,0,0,0,0,,,"Elixir de force gangrené",,,,,,,,,,,,,,0xFF01FE,0,0,0,0,64,
7961,347,41,35287,1,0,0,0,0,,,"Guppy lumineux",,,,,,,,,,,,,,0xFF01FE,2,0,0,0,64,
8873,346,41,44575,0,0,0,0,0,,,"Flacon de cidre de cactus amer",,,,,,,,,,,,,,0xFF01FE,2,0,0,0,64,
11378,621,57,45581,1,0,0,0,0,,,"Tabard d'Orgrimmar",,,,,,,,,,,,,,0xFF01FE,2,0,0,0,64,
4400,923,41,9088,0,0,0,0,0,,,"Don d'Arthas",,,,,,,,,,,,,,0xFF01FE,0,0,0,0,65,
7960,347,41,13893,1,0,0,0,0,,,"Grand barracuda cru",,,,,,,,,,,,,,0xFF01FE,2,0,0,0,65,
8889,346,41,34021,0,0,0,0,0,,,"Brass'vaudou magique",,,,,,,,,,,,,,0xFF01FE,2,0,0,0,65,
11307,621,57,46817,1,0,0,0,0,,,"Tabard du Concordat argenté",,,,,,,,,,,,,,0xFF01FE,2,0,0,0,65,
4401,923,41,8424,0,0,0,0,0,,,"Gomme de gésier",,,,,,,,,,,,,,0xFF01FE,0,0,0,0,66,
7957,347,41,33246,1,0,0,0,0,,,"Beignet",,,,,,,,,,,,,,0xFF01FE,2,0,0,0,66,
8888,346,41,34020,0,0,0,0,0,,,"Flott' de jungle",,,,,,,,,,,,,,0xFF01FE,2,0,0,0,66,
11308,621,57,46818,1,0,0,0,0,,,"Tabard saccage-soleil",,,,,,,,,,,,,,0xFF01FE,2,0,0,0,66,
4402,923,41,13454,0,0,0,0,0,,,"Elixir des arcanes supérieur",,,,,,,,,,,,,,0xFF01FE,0,0,0,0,67,
7959,347,41,34410,1,0,0,0,0,,,"Jambon au miel de fête",,,,,,,,,,,,,,0xFF01FE,2,0,0,0,67,
8887,346,41,34019,0,0,0,0,0,,,"Route-de-la-bière",,,,,,,,,,,,,,0xFF01FE,2,0,0,0,67,
11309,621,57,46874,1,0,0,0,0,,,"Tabard de croisé d'argent",,,,,,,,,,,,,,0xFF01FE,2,0,0,0,67,
4403,923,41,8412,0,0,0,0,0,,,"Poudre de scorpok terrestre",,,,,,,,,,,,,,0xFF01FE,0,0,0,0,68,
7958,347,41,35285,1,0,0,0,0,,,"Poisson-lune géant",,,,,,,,,,,,,,0xFF01FE,2,0,0,0,68,
8886,346,41,34018,0,0,0,0,0,,,"Bière Grand-pas",,,,,,,,,,,,,,0xFF01FE,2,0,0,0,68,
11760,621,57,49052,1,0,0,0,0,,,"Tabard de conquête (Alliance)",,,,,,,,,,,,,,0xFF01FE,2,0,0,0,68,
4404,923,41,8411,0,0,0,0,0,,,"Cocktail de jus de poumon",,,,,,,,,,,,,,0xFF01FE,0,0,0,0,69,
7956,347,41,44049,1,0,0,0,0,,,"Saumon impérial fraîchement harponné",,,,,,,,,,,,,,0xFF01FE,2,0,0,0,69,
8885,346,41,33030,0,0,0,0,0,,,"Brasselorge blonde",,,,,,,,,,,,,,0xFF01FE,2,0,0,0,69,
11761,621,57,49054,1,0,0,0,0,,,"Tabard de conquête (Horde)",,,,,,,,,,,,,,0xFF01FE,2,0,0,0,69,
4405,923,41,8410,0,0,0,0,0,,,"R.O.I.D.S.",,,,,,,,,,,,,,0xFF01FE,0,0,0,0,70,
7955,347,41,32722,1,0,0,0,0,,,"Jus de terocône enrichi",,,,,,,,,,,,,,0xFF01FE,2,0,0,0,70,
8884,346,41,33029,0,0,0,0,0,,,"Brasselorge brune",,,,,,,,,,,,,,0xFF01FE,2,0,0,0,70,
12598,621,57,45983,1,0,0,0,0,,,"Tabard du gladiateur furieux",,,,,,,,,,,,,,0xFF01FE,2,0,0,0,70,
4406,923,41,8529,0,0,0,0,0,,,"Elixir Brouillecaboche",,,,,,,,,,,,,,0xFF01FE,0,0,0,0,71,
7954,347,41,17198,1,0,0,0,0,,,"Lait de poule",,,,,,,,,,,,,,0xFF01FE,2,0,0,0,71,
8883,346,41,33028,0,0,0,0,0,,,"Brasselorge légère",,,,,,,,,,,,,,0xFF01FE,2,0,0,0,71,
12599,621,57,49086,1,0,0,0,0,,,"Tabard du gladiateur implacable",,,,,,,,,,,,,,0xFF01FE,2,0,0,0,71,
4407,923,41,28102,0,0,0,0,0,,,"Elixir d'assaut",,,,,,,,,,,,,,0xFF01FE,0,0,0,0,72,
7953,347,41,13888,1,0,0,0,0,,,"Homard Pince-noire",,,,,,,,,,,,,,0xFF01FE,2,0,0,0,72,
8882,346,41,33035,0,0,0,0,0,,,"Hydromel ogre",,,,,,,,,,,,,,0xFF01FE,2,0,0,0,72,
12600,621,57,40643,1,0,0,0,0,,,"Tabard des hauts faits",,,,,,,,,,,,,,0xFF01FE,2,0,0,0,72,
7952,347,41,43088,1,0,0,0,0,,,"Bol de pommes de Dalaran",,,,,,,,,,,,,,0xFF01FE,2,0,0,0,73,
8062,923,41,44328,0,0,0,0,0,,,"Elixir de défense puissante",,,,,,,,,,,,,,0xFF01FE,0,0,0,0,73,
8871,346,41,44620,0,0,0,0,0,,,"Verre de Dalaran rouge millésimé",,,,,,,,,,,,,,0xFF01FE,2,0,0,0,73,
13241,621,57,52252,1,0,0,0,0,,,"Tabard du porteur de Lumière",,,,,,,,,,,,,,0xFF01FE,2,0,0,0,73,
7989,347,41,11950,1,0,0,0,0,,,"Baies de fleur-de-vent",,,,,,,,,,,,,,0xFF01FE,2,0,0,0,74,
8066,923,41,44332,0,0,0,0,0,,,"Elixir des pensées puissantes",,,,,,,,,,,,,,0xFF01FE,0,0,0,0,74,
8869,346,41,44618,0,0,0,0,0,,,"Verre de Dalaran rouge grand cru",,,,,,,,,,,,,,0xFF01FE,2,0,0,0,74,
13242,621,57,51534,1,0,0,0,0,,,"Tabard du gladiateur courroucé",,,,,,,,,,,,,,0xFF01FE,2,0,0,0,74,
7988,347,41,8543,1,0,0,0,0,,,"Champignon sous-marin",,,,,,,,,,,,,,0xFF01FE,2,0,0,0,75,
8068,923,41,11564,0,0,0,0,0,,,"Cristal de protection",,,,,,,,,,,,,,0xFF01FE,0,0,0,0,75,
8867,346,41,44616,0,0,0,0,0,,,"Verre de Dalaran blanc",,,,,,,,,,,,,,0xFF01FE,2,0,0,0,75,
7987,347,41,33043,1,0,0,0,0,,,"Le Bretzel ultime de la fête des Brasseurs",,,,,,,,,,,,,,0xFF01FE,2,0,0,0,76,
8070,923,41,12457,0,0,0,0,0,,,"Frisson de Juju",,,,,,,,,,,,,,0xFF01FE,0,0,0,0,76,
8891,346,41,34017,0,0,0,0,0,,,"Bière Petit-pied",,,,,,,,,,,,,,0xFF01FE,2,0,0,0,76,
6485,346,41,40042,0,0,0,0,0,,,"Hypocras au cumin",,,,,,,,,,,,,,0xFF01FE,2,0,0,0,77,
7986,347,41,6887,1,0,0,0,0,,,"Jaune-queue tacheté cru",,,,,,,,,,,,,,0xFF01FE,2,0,0,0,77,
8072,923,41,12460,0,0,0,0,0,,,"Puissance de Juju",,,,,,,,,,,,,,0xFF01FE,0,0,0,0,77,
6452,346,41,17199,0,0,0,0,0,,,"Lait de poule tourné",,,,,,,,,,,,,,0xFF01FE,2,0,0,0,78,
8030,347,41,33254,1,0,0,0,0,,,"Pilon de trotteur des forêts Afrazi",,,,,,,,,,,,,,0xFF01FE,2,0,0,0,78,
8074,923,41,20004,0,0,0,0,0,,,"Elixir de sang de troll majeur",,,,,,,,,,,,,,0xFF01FE,0,0,0,0,78,
4655,346,41,33042,0,0,0,0,0,,,"Café noir",,,,,,,,,,,,,,0xFF01FE,2,0,0,0,79,
7951,347,41,17199,1,0,0,0,0,,,"Lait de poule tourné",,,,,,,,,,,,,,0xFF01FE,2,0,0,0,79,
8032,923,41,44327,0,0,0,0,0,,,"Elixir des frappes mortelles",,,,,,,,,,,,,,0xFF01FE,0,0,0,0,79,
4656,346,41,38431,0,0,0,0,0,,,"Eau enrichie rochenoire",,,,,,,,,,,,,,0xFF01FE,2,0,0,0,80,
7087,347,41,30458,0,0,0,0,0,,,"Munster de Stromgarde",,,,,,,,,,,,,,0xFF01FE,2,0,0,0,80,
8031,923,41,44325,0,0,0,0,0,,,"Elixir de précision",,,,,,,,,,,,,,0xFF01FE,0,0,0,0,80,
4657,346,41,38430,0,0,0,0,0,,,"Eau minérale rochenoire",,,,,,,,,,,,,,0xFF01FE,2,0,0,0,81,
7088,347,41,18633,0,0,0,0,0,,,"Sucette amère de Styleen",,,,,,,,,,,,,,0xFF01FE,2,0,0,0,81,
8090,923,41,37570,0,0,0,0,0,,,"Elixir de tourbeline",,,,,,,,,,,,,,0xFF01FE,0,0,0,0,81,
4658,346,41,38429,0,0,0,0,0,,,"Eau de source rochenoire",,,,,,,,,,,,,,0xFF01FE,2,0,0,0,82,
7042,347,41,42779,0,0,0,0,0,,,"Soupe de poulet fumante",,,,,,,,,,,,,,0xFF01FE,2,0,0,0,82,
8089,923,41,36769,0,0,0,0,0,,,"Elixir protecteur de Zort",,,,,,,,,,,,,,0xFF01FE,0,0,0,0,82,
4659,346,41,17404,0,0,0,0,0,,,"Bière mélangée",,,,,,,,,,,,,,0xFF01FE,2,0,0,0,83,
7027,347,41,2680,0,0,0,0,0,,,"Viande de loup épicée",,,,,,,,,,,,,,0xFF01FE,2,0,0,0,83,
8088,923,41,36770,0,0,0,0,0,,,"Elixir protecteur de Zort",,,,,,,,,,,,,,0xFF01FE,0,0,0,0,83,
4660,346,41,2723,0,0,0,0,0,,,"Bouteille de pinot noir",,,,,,,,,,,,,,0xFF01FE,2,0,0,0,84,
7089,347,41,39691,0,0,0,0,0,,,"Un ragoût d'épaulard succulent",,,,,,,,,,,,,,0xFF01FE,2,0,0,0,84,
8087,923,41,35797,0,0,0,0,0,,,"Elixir de Drakuru",,,,,,,,,,,,,,0xFF01FE,0,0,0,0,84,
4661,346,41,19300,0,0,0,0,0,,,"Bouteille d'eau de Berceau-de-l'Hiver",,,,,,,,,,,,,,0xFF01FE,2,0,0,0,85,
6571,347,41,4607,0,0,0,0,0,,,"Délicieux humus des grottes",,,,,,,,,,,,,,0xFF01FE,2,0,0,0,85,
8086,923,41,32446,0,0,0,0,0,,,"Elixir des ombres",,,,,,,,,,,,,,0xFF01FE,0,0,0,0,85,
4662,346,41,9451,0,0,0,0,0,,,"Eau bouillonnante",,,,,,,,,,,,,,0xFF01FE,2,0,0,0,86,
7090,347,41,2685,0,0,0,0,0,,,"Côtes de porc aux herbes",,,,,,,,,,,,,,0xFF01FE,2,0,0,0,86,
8085,923,41,24428,0,0,0,0,0,,,"Elixir d'Ahuurn",,,,,,,,,,,,,,0xFF01FE,0,0,0,0,86,
4663,346,41,34832,0,0,0,0,0,,,"Brune du capitaine Rumsey",,,,,,,,,,,,,,0xFF01FE,2,0,0,0,87,
7037,347,41,4606,0,0,0,0,0,,,"Morilles spongieuses",,,,,,,,,,,,,,0xFF01FE,2,0,0,0,87,
8084,923,41,11243,0,0,0,0,0,,,"Elixir de Videre",,,,,,,,,,,,,,0xFF01FE,0,0,0,0,87,
4664,346,41,29112,0,0,0,0,0,,,"Esprit-de-vin cénarien",,,,,,,,,,,,,,0xFF01FE,2,0,0,0,88,
7091,347,41,35950,0,0,0,0,0,,,"Pain de patates douces",,,,,,,,,,,,,,0xFF01FE,2,0,0,0,88,
8083,923,41,22193,0,0,0,0,0,,,"Elixir de résistance de varech de sang",,,,,,,,,,,,,,0xFF01FE,0,0,0,0,88,
4665,346,41,19222,0,0,0,0,0,,,"Bière bon marché",,,,,,,,,,,,,,0xFF01FE,2,0,0,0,89,
7033,347,41,42993,0,0,0,0,0,,,"Hareng frit piquant",,,,,,,,,,,,,,0xFF01FE,2,0,0,0,89,
8082,923,41,22192,0,0,0,0,0,,,"Elixir d'esquive de varech de sang",,,,,,,,,,,,,,0xFF01FE,0,0,0,0,89,
4666,346,41,4600,0,0,0,0,0,,,"Grog à la cerise",,,,,,,,,,,,,,0xFF01FE,2,0,0,0,90,
7092,347,41,27660,0,0,0,0,0,,,"Steak de talbuk",,,,,,,,,,,,,,0xFF01FE,2,0,0,0,90,
8081,923,41,37878,0,0,0,0,0,,,"Elixir de sang de worg",,,,,,,,,,,,,,0xFF01FE,0,0,0,0,90,
4667,346,41,8079,0,0,0,0,0,,,"Eau cristalline invoquée",,,,,,,,,,,,,,0xFF01FE,2,0,0,0,91,
7028,347,41,12211,0,0,0,0,0,,,"Côtes de loup épicées",,,,,,,,,,,,,,0xFF01FE,2,0,0,0,91,
8080,923,41,40076,0,0,0,0,0,,,"Elixir de gourou",,,,,,,,,,,,,,0xFF01FE,0,0,0,0,91,
4668,346,41,2288,0,0,0,0,0,,,"Eau fraîche invoquée",,,,,,,,,,,,,,0xFF01FE,2,0,0,0,92,
7093,347,41,43490,0,0,0,0,0,,,"Délicieux petit four",,,,,,,,,,,,,,0xFF01FE,2,0,0,0,92,
8079,923,41,40070,0,0,0,0,0,,,"Elixir de puissance des sorts",,,,,,,,,,,,,,0xFF01FE,0,0,0,0,92,
4669,346,41,22018,0,0,0,0,0,,,"Eau des glaciers invoquée",,,,,,,,,,,,,,0xFF01FE,2,0,0,0,93,
7094,347,41,18045,0,0,0,0,0,,,"Steak de loup tendre",,,,,,,,,,,,,,0xFF01FE,2,0,0,0,93,
8078,923,41,40068,0,0,0,0,0,,,"Elixir de courroux",,,,,,,,,,,,,,0xFF01FE,0,0,0,0,93,
4670,346,41,34062,0,0,0,0,0,,,"Biscuit de manne invoqué",,,,,,,,,,,,,,0xFF01FE,2,0,0,0,94,
7043,347,41,41729,0,0,0,0,0,,,"Fricassée de viande de drake",,,,,,,,,,,,,,0xFF01FE,2,0,0,0,94,
8077,923,41,3826,0,0,0,0,0,,,"Elixir de sang de troll puissant",,,,,,,,,,,,,,0xFF01FE,0,0,0,0,94,
4671,346,41,8077,0,0,0,0,0,,,"Eau minérale invoquée",,,,,,,,,,,,,,0xFF01FE,2,0,0,0,95,
7095,347,41,34757,0,0,0,0,0,,,"Worg cuit",,,,,,,,,,,,,,0xFF01FE,2,0,0,0,95,
8076,923,41,3382,0,0,0,0,0,,,"Elixir de sang de troll faible",,,,,,,,,,,,,,0xFF01FE,0,0,0,0,95,
4672,346,41,30703,0,0,0,0,0,,,"Eau de source des montagnes invoquée",,,,,,,,,,,,,,0xFF01FE,2,0,0,0,96,
6867,347,41,7806,0,0,0,0,0,,,"Sucette",,,,,,,,,,,,,,0xFF01FE,2,0,0,0,96,
8075,923,41,20007,0,0,0,0,0,,,"Elixir magesang",,,,,,,,,,,,,,0xFF01FE,0,0,0,0,96,
4673,346,41,2136,0,0,0,0,0,,,"Eau purifiée invoquée",,,,,,,,,,,,,,0xFF01FE,2,0,0,0,97,
7038,347,41,29453,0,0,0,0,0,,,"Champignon de Sporeggar",,,,,,,,,,,,,,0xFF01FE,2,0,0,0,97,
8073,923,41,12820,0,0,0,0,0,,,"Eau-de-feu des Tombe-hiver",,,,,,,,,,,,,,0xFF01FE,0,0,0,0,97,
4674,346,41,8078,0,0,0,0,0,,,"Eau pétillante invoquée",,,,,,,,,,,,,,0xFF01FE,2,0,0,0,98,
7096,347,41,16167,0,0,0,0,0,,,"Friandise versicolore",,,,,,,,,,,,,,0xFF01FE,2,0,0,0,98,
8071,923,41,12459,0,0,0,0,0,,,"Fuite de Juju",,,,,,,,,,,,,,0xFF01FE,0,0,0,0,98,
4675,346,41,3772,0,0,0,0,0,,,"Eau de source invoquée",,,,,,,,,,,,,,0xFF01FE,2,0,0,0,99,
7034,347,41,33872,0,0,0,0,0,,,"Talbuk extra piquant",,,,,,,,,,,,,,0xFF01FE,2,0,0,0,99,
8069,923,41,12455,0,0,0,0,0,,,"Braise de Juju",,,,,,,,,,,,,,0xFF01FE,0,0,0,0,99,
4676,346,41,5350,0,0,0,0,0,,,"Eau invoquée",,,,,,,,,,,,,,0xFF01FE,2,0,0,0,100,
7097,347,41,28112,0,0,0,0,0,,,"Cosse de sporielle",,,,,,,,,,,,,,0xFF01FE,2,0,0,0,100,
8067,923,41,11563,0,0,0,0,0,,,"Cristal de concentration",,,,,,,,,,,,,,0xFF01FE,0,0,0,0,100,
4677,346,41,12003,0,0,0,0,0,,,"Bière brune naine",,,,,,,,,,,,,,0xFF01FE,2,0,0,0,101,
6694,347,41,5527,0,0,0,0,0,,,"Palourdes gobelines",,,,,,,,,,,,,,0xFF01FE,2,0,0,0,101,
8065,923,41,44331,0,0,0,0,0,,,"Elixir de vitesse de l'éclair",,,,,,,,,,,,,,0xFF01FE,0,0,0,0,101,
4678,346,41,19221,0,0,0,0,0,,,"Réserve spéciale de Sombrelune",,,,,,,,,,,,,,0xFF01FE,2,0,0,0,102,
7098,347,41,16766,0,0,0,0,0,,,"Soupe de palourdes de Terremine",,,,,,,,,,,,,,0xFF01FE,2,0,0,0,102,
8064,923,41,44330,0,0,0,0,0,,,"Elixir crève-armure",,,,,,,,,,,,,,0xFF01FE,0,0,0,0,102,
4679,346,41,28284,0,0,0,0,0,,,"Tequila de don Carlos",,,,,,,,,,,,,,0xFF01FE,2,0,0,0,103,
7099,347,41,12763,0,0,0,0,0,,,"Fruit éthéré Un'Goro",,,,,,,,,,,,,,0xFF01FE,2,0,0,0,103,
8063,923,41,44329,0,0,0,0,0,,,"Elixir d'expertise",,,,,,,,,,,,,,0xFF01FE,0,0,0,0,103,
4680,346,41,32668,0,0,0,0,0,,,"Dos Ogris",,,,,,,,,,,,,,0xFF01FE,2,0,0,0,104,
7044,347,41,33048,0,0,0,0,0,,,"Fricassée de truite",,,,,,,,,,,,,,0xFF01FE,2,0,0,0,104,
4681,346,41,17198,0,0,0,0,0,,,"Lait de poule",,,,,,,,,,,,,,0xFF01FE,2,0,0,0,105,
7029,347,41,34756,0,0,0,0,0,,,"Steak de wyrm épicé",,,,,,,,,,,,,,0xFF01FE,2,0,0,0,105,
4682,346,41,4791,0,0,0,0,0,,,"Eau enchantée",,,,,,,,,,,,,,0xFF01FE,2,0,0,0,106,
7100,347,41,35949,0,0,0,0,0,,,"Baies de la toundra",,,,,,,,,,,,,,0xFF01FE,2,0,0,0,106,
4683,346,41,32722,0,0,0,0,0,,,"Jus de terocône enrichi",,,,,,,,,,,,,,0xFF01FE,2,0,0,0,107,
7039,347,41,27656,0,0,0,0,0,,,"En-cas sporelin",,,,,,,,,,,,,,0xFF01FE,2,0,0,0,107,
4684,346,41,29395,0,0,0,0,0,,,"Ethermiel",,,,,,,,,,,,,,0xFF01FE,2,0,0,0,108,
7101,347,41,43001,0,0,0,0,0,,,"En-cas du pisteur",,,,,,,,,,,,,,0xFF01FE,2,0,0,0,108,
4685,346,41,18287,0,0,0,0,0,,,"Bourbe",,,,,,,,,,,,,,0xFF01FE,2,0,0,0,109,
7035,347,41,17222,0,0,0,0,0,,,"Saucisse d'araignée",,,,,,,,,,,,,,0xFF01FE,2,0,0,0,109,
4686,346,41,28399,0,0,0,0,0,,,"Eau draenique filtrée",,,,,,,,,,,,,,0xFF01FE,2,0,0,0,110,
7102,347,41,117,0,0,0,0,0,,,"Viande séchée coriace",,,,,,,,,,,,,,0xFF01FE,2,0,0,0,110,
4687,346,41,19299,0,0,0,0,0,,,"Boisson gazeuse de la foire",,,,,,,,,,,,,,0xFF01FE,2,0,0,0,111,
7103,347,41,34755,0,0,0,0,0,,,"Steak de brochepelle tendre",,,,,,,,,,,,,,0xFF01FE,2,0,0,0,111,
4688,346,41,2594,0,0,0,0,0,,,"Cruche d'hydromel",,,,,,,,,,,,,,0xFF01FE,2,0,0,0,112,
6868,347,41,4592,0,0,0,0,0,,,"Lutjan à longue mâchoire",,,,,,,,,,,,,,0xFF01FE,2,0,0,0,112,
4689,346,41,2593,0,0,0,0,0,,,"Flacon de porto",,,,,,,,,,,,,,0xFF01FE,2,0,0,0,113,
7104,347,41,29452,0,0,0,0,0,,,"Truite zangari",,,,,,,,,,,,,,0xFF01FE,2,0,0,0,113,
4690,346,41,30457,0,0,0,0,0,,,"Eau pétillante de Gilnéas",,,,,,,,,,,,,,0xFF01FE,2,0,0,0,114,
7045,347,41,36831,0,0,0,0,0,,,"Côtelettes volées",,,,,,,,,,,,,,0xFF01FE,2,0,0,0,114,
4691,346,41,10841,0,0,0,0,0,,,"Thé de dorépine",,,,,,,,,,,,,,0xFF01FE,2,0,0,0,115,
7105,347,41,27859,0,0,0,0,0,,,"Chapeaux de Zangar",,,,,,,,,,,,,,0xFF01FE,2,0,0,0,115,
4692,346,41,17402,0,0,0,0,0,,,"Bière du Grandpère Hiver",,,,,,,,,,,,,,0xFF01FE,2,0,0,0,116,
7040,347,41,23495,0,0,0,0,0,,,"Hors-d'oeuvre preste-patte",,,,,,,,,,,,,,0xFF01FE,2,0,0,0,116,
4693,346,41,17196,0,0,0,0,0,,,"Eau-de-vie spéciale",,,,,,,,,,,,,,0xFF01FE,2,0,0,0,117,
7030,347,41,17408,0,0,0,0,0,,,"Brochette de Boeuf épicé",,,,,,,,,,,,,,0xFF01FE,2,0,0,0,117,
4694,346,41,34411,0,0,0,0,0,,,"Cidre chaud",,,,,,,,,,,,,,0xFF01FE,2,0,0,0,118,
7106,347,41,34750,0,0,0,0,0,,,"Délice de wyrm",,,,,,,,,,,,,,0xFF01FE,2,0,0,0,118,
4695,346,41,1179,0,0,0,0,0,,,"Lait glacé",,,,,,,,,,,,,,0xFF01FE,2,0,0,0,119,
7036,347,41,8957,0,0,0,0,0,,,"Flétan épineux",,,,,,,,,,,,,,0xFF01FE,2,0,0,0,119,
4696,346,41,4595,0,0,0,0,0,,,"Vin de Junglevine",,,,,,,,,,,,,,0xFF01FE,2,0,0,0,120,
7107,347,41,21235,0,0,0,0,0,,,"Rôti du Voile d'hiver",,,,,,,,,,,,,,0xFF01FE,2,0,0,0,120,
4697,346,41,1205,0,0,0,0,0,,,"Jus de melon",,,,,,,,,,,,,,0xFF01FE,2,0,0,0,121,
7031,347,41,34768,0,0,0,0,0,,,"Méduse bleue piquante",,,,,,,,,,,,,,0xFF01FE,2,0,0,0,121,
4698,346,41,18288,0,0,0,0,0,,,"Eau-de-feu de mélasse",,,,,,,,,,,,,,0xFF01FE,2,0,0,0,122,
7108,347,41,21236,0,0,0,0,0,,,"Pain du Voile d'hiver",,,,,,,,,,,,,,0xFF01FE,2,0,0,0,122,
4699,346,41,1645,0,0,0,0,0,,,"Jus de baie lunaire",,,,,,,,,,,,,,0xFF01FE,2,0,0,0,123,
7041,347,41,16170,0,0,0,0,0,,,"Mandu vapeur",,,,,,,,,,,,,,0xFF01FE,2,0,0,0,123,
4700,346,41,21721,0,0,0,0,0,,,"Lueur de la lune",,,,,,,,,,,,,,0xFF01FE,2,0,0,0,124,
7109,347,41,21254,0,0,0,0,0,,,"Biscuit du Voile d'hiver",,,,,,,,,,,,,,0xFF01FE,2,0,0,0,124,
4701,346,41,8766,0,0,0,0,0,,,"Soupe de rosée matinale",,,,,,,,,,,,,,0xFF01FE,2,0,0,0,125,
6869,347,41,42434,0,0,0,0,0,,,"Part de délicieux gâteau",,,,,,,,,,,,,,0xFF01FE,2,0,0,0,125,
4702,346,41,23848,0,0,0,0,0,,,"Bière amère de Rempart-du-Néant",,,,,,,,,,,,,,0xFF01FE,2,0,0,0,126,
7110,347,41,21240,0,0,0,0,0,,,"Bonbon du Voile d'hiver",,,,,,,,,,,,,,0xFF01FE,2,0,0,0,126,
4703,346,41,38432,0,0,0,0,0,,,"Bière rochenoire de Lanfiche",,,,,,,,,,,,,,0xFF01FE,2,0,0,0,127,
7046,347,41,33866,0,0,0,0,0,,,"Côtelettes foudroyantes",,,,,,,,,,,,,,0xFF01FE,2,0,0,0,127,
4704,346,41,27860,0,0,0,0,0,,,"Eau de Draenor purifiée",,,,,,,,,,,,,,0xFF01FE,2,0,0,0,128,
7111,347,41,13755,0,0,0,0,0,,,"Calmar hivernal",,,,,,,,,,,,,,0xFF01FE,2,0,0,0,128,
4705,346,41,159,0,0,0,0,0,,,"Eau de source",,,,,,,,,,,,,,0xFF01FE,2,0,0,0,129,
7112,347,41,22324,0,0,0,0,0,,,"Kimchi d'hiver",,,,,,,,,,,,,,0xFF01FE,2,0,0,0,129,
4706,346,41,21151,0,0,0,0,0,,,"Rhum de Rumsey label noir",,,,,,,,,,,,,,0xFF01FE,2,0,0,0,130,
6448,347,41,19301,0,0,0,0,0,,,"Biscuit de manne d'Alterac",,,,,,,,,,,,,,0xFF01FE,2,0,0,0,130,
4707,346,41,21114,0,0,0,0,0,,,"Rhum brun de Rumsey",,,,,,,,,,,,,,0xFF01FE,2,0,0,0,131,
6695,347,41,27666,0,0,0,0,0,,,"Bâtonnets de poisson doré",,,,,,,,,,,,,,0xFF01FE,2,0,0,0,131,
4708,346,41,20709,0,0,0,0,0,,,"Rhum doux de Rumsey",,,,,,,,,,,,,,0xFF01FE,2,0,0,0,132,
7113,347,41,16169,0,0,0,0,0,,,"Gâteau de riz sauvage",,,,,,,,,,,,,,0xFF01FE,2,0,0,0,132,
4709,346,41,29454,0,0,0,0,0,,,"Vin d'argent",,,,,,,,,,,,,,0xFF01FE,2,0,0,0,133,
6870,347,41,27635,0,0,0,0,0,,,"Steak de lynx",,,,,,,,,,,,,,0xFF01FE,2,0,0,0,133,
4710,346,41,2596,0,0,0,0,0,,,"Outre de bière brune naine",,,,,,,,,,,,,,0xFF01FE,2,0,0,0,134,
7114,347,41,3771,0,0,0,0,0,,,"Jarret de cochon sauvage",,,,,,,,,,,,,,0xFF01FE,2,0,0,0,134,
4711,346,41,3703,0,0,0,0,0,,,"Bière brune d’Austrivage",,,,,,,,,,,,,,0xFF01FE,2,0,0,0,135,
6696,347,41,4539,0,0,0,0,0,,,"Pomme dorette",,,,,,,,,,,,,,0xFF01FE,2,0,0,0,135,
4712,346,41,29401,0,0,0,0,0,,,"Cidre pétillant d'Austrivage",,,,,,,,,,,,,,0xFF01FE,2,0,0,0,136,
7115,347,41,21552,0,0,0,0,0,,,"Jaune-queue rayé",,,,,,,,,,,,,,0xFF01FE,2,0,0,0,136,
4713,346,41,32455,0,0,0,0,0,,,"Lamentation de l'étoile",,,,,,,,,,,,,,0xFF01FE,2,0,0,0,137,
6871,347,41,29394,0,0,0,0,0,,,"Lyripain",,,,,,,,,,,,,,0xFF01FE,2,0,0,0,137,
6942,346,41,1119,0,0,0,0,0,,,"Esprits en bouteille",,,,,,,,,,,,,,0xFF01FE,2,0,0,0,138,
7116,347,41,11951,0,0,0,0,0,,,"Tubercule de navetille",,,,,,,,,,,,,,0xFF01FE,2,0,0,0,138,
6872,347,41,27855,0,0,0,0,0,,,"Pain aux céréales des Mag'har",,,,,,,,,,,,,,0xFF01FE,2,0,0,0,139,
6955,346,41,33444,0,0,0,0,0,,,"Petit-lait de phoque aigre",,,,,,,,,,,,,,0xFF01FE,2,0,0,0,139,
4714,346,41,32453,0,0,0,0,0,,,"Larmes de l'étoile",,,,,,,,,,,,,,0xFF01FE,2,0,0,0,140,
7117,347,41,733,0,0,0,0,0,,,"Ragoût de la marche de l'Ouest",,,,,,,,,,,,,,0xFF01FE,2,0,0,0,140,
6943,346,41,2595,0,0,0,0,0,,,"Bidon de bourbon",,,,,,,,,,,,,,0xFF01FE,2,0,0,0,141,
7118,347,41,27659,0,0,0,0,0,,,"Steak dimensionnel",,,,,,,,,,,,,,0xFF01FE,2,0,0,0,141,
6555,347,41,42778,0,0,0,0,0,,,"Rations de croisé",,,,,,,,,,,,,,0xFF01FE,2,0,0,0,142,
6956,346,41,33445,0,0,0,0,0,,,"Thé à la menthe au miel",,,,,,,,,,,,,,0xFF01FE,2,0,0,0,142,
4715,346,41,17403,0,0,0,0,0,,,"Mousseux de Gentepression",,,,,,,,,,,,,,0xFF01FE,2,0,0,0,143,
7119,347,41,29450,0,0,0,0,0,,,"Raisins telaari",,,,,,,,,,,,,,0xFF01FE,2,0,0,0,143,
6572,347,41,33924,0,0,0,0,0,,,"Gâteau au chocolat délicieux",,,,,,,,,,,,,,0xFF01FE,2,0,0,0,144,
6944,346,41,2686,0,0,0,0,0,,,"Tonneblonde",,,,,,,,,,,,,,0xFF01FE,2,0,0,0,144,
6873,347,41,29448,0,0,0,0,0,,,"Fromage doux des Mag'har",,,,,,,,,,,,,,0xFF01FE,2,0,0,0,145,
6957,346,41,35720,0,0,0,0,0,,,"Cuvée spéciale du seigneur du Givre",,,,,,,,,,,,,,0xFF01FE,2,0,0,0,145,
4716,346,41,38466,0,0,0,0,0,,,"Casse-pattes de sulfuron",,,,,,,,,,,,,,0xFF01FE,2,0,0,0,146,
7120,347,41,4537,0,0,0,0,0,,,"Banane de Tel'Abim",,,,,,,,,,,,,,0xFF01FE,2,0,0,0,146,
6697,347,41,3666,0,0,0,0,0,,,"Tourte d'araignée fondante",,,,,,,,,,,,,,0xFF01FE,2,0,0,0,147,
6945,346,41,2894,0,0,0,0,0,,,"Bière au malt Rhapsody",,,,,,,,,,,,,,0xFF01FE,2,0,0,0,147,
6958,346,41,35954,0,0,0,0,0,,,"Lait de chèvre sucré",,,,,,,,,,,,,,0xFF01FE,2,0,0,0,148,
7121,347,41,3728,0,0,0,0,0,,,"Délicieux steak de lion",,,,,,,,,,,,,,0xFF01FE,2,0,0,0,148,
4717,346,41,1708,0,0,0,0,0,,,"Nectar sucré",,,,,,,,,,,,,,0xFF01FE,2,0,0,0,149,
7122,347,41,27858,0,0,0,0,0,,,"Carpe de Berceau-de-l'Été",,,,,,,,,,,,,,0xFF01FE,2,0,0,0,149,
6874,347,41,34748,0,0,0,0,0,,,"Menu de mammouth",,,,,,,,,,,,,,0xFF01FE,2,0,0,0,150,
6959,346,41,37253,0,0,0,0,0,,,"Jus de givrelle",,,,,,,,,,,,,,0xFF01FE,2,0,0,0,150,
6698,347,41,724,0,0,0,0,0,,,"Tourte au foie de broche-tripes",,,,,,,,,,,,,,0xFF01FE,2,0,0,0,151,
6946,346,41,5265,0,0,0,0,0,,,"Bière coupée",,,,,,,,,,,,,,0xFF01FE,2,0,0,0,151,
4718,346,41,7676,0,0,0,0,0,,,"Thé de chardon",,,,,,,,,,,,,,0xFF01FE,2,0,0,0,152,
7123,347,41,5477,0,0,0,0,0,,,"Brouet de trotteur",,,,,,,,,,,,,,0xFF01FE,2,0,0,0,152,
6875,347,41,24539,0,0,0,0,0,,,"Lichen des marais",,,,,,,,,,,,,,0xFF01FE,2,0,0,0,153,
6960,346,41,38350,0,0,0,0,0,,,"""Grenade sous-marine"" aileron-d'hiver",,,,,,,,,,,,,,0xFF01FE,2,0,0,0,153,
6947,346,41,5342,0,0,0,0,0,,,"Punch du raptor",,,,,,,,,,,,,,0xFF01FE,2,0,0,0,154,
7124,347,41,7228,0,0,0,0,0,,,"Glace à la fraise d'Aguilor et Dagharn",,,,,,,,,,,,,,0xFF01FE,2,0,0,0,154,
5190,346,41,23586,0,0,0,0,0,,,"Bière ambrée du Nid-de-l'Aigle",,,,,,,,,,,,,,0xFF01FE,2,0,0,0,155,
6876,347,41,35953,0,0,0,0,0,,,"Caribou arrosé d'hydromel",,,,,,,,,,,,,,0xFF01FE,2,0,0,0,155,
6948,346,41,9260,0,0,0,0,0,,,"Rhum explosif",,,,,,,,,,,,,,0xFF01FE,2,0,0,0,156,
7125,347,41,4540,0,0,0,0,0,,,"Morceau de pain rassis",,,,,,,,,,,,,,0xFF01FE,2,0,0,0,156,
6556,347,41,33449,0,0,0,0,0,,,"Galette croustillante",,,,,,,,,,,,,,0xFF01FE,2,0,0,0,157,
6961,346,41,38698,0,0,0,0,0,,,"Plasma amer",,,,,,,,,,,,,,0xFF01FE,2,0,0,0,157,
5191,346,41,37900,0,0,0,0,0,,,"Bière aromatisée au miel",,,,,,,,,,,,,,0xFF01FE,2,0,0,0,158,
6699,347,41,17407,0,0,0,0,0,,,"Tourte à la viande maison de Graccu",,,,,,,,,,,,,,0xFF01FE,2,0,0,0,158,
6877,347,41,34754,0,0,0,0,0,,,"Méga-menu de mammouth",,,,,,,,,,,,,,0xFF01FE,2,0,0,0,159,
6949,346,41,9360,0,0,0,0,0,,,"Or de Cuergo",,,,,,,,,,,,,,0xFF01FE,2,0,0,0,159,
6878,347,41,13934,0,0,0,0,0,,,"Steak de barracuda",,,,,,,,,,,,,,0xFF01FE,2,0,0,0,160,
6962,346,41,39520,0,0,0,0,0,,,"Kungaloosh",,,,,,,,,,,,,,0xFF01FE,2,0,0,0,160,
5192,346,41,37490,0,0,0,0,0,,,"Bière aromatisée au miel",,,,,,,,,,,,,,0xFF01FE,2,0,0,0,161,
6451,347,41,42942,0,0,0,0,0,,,"Pain de raie manta",,,,,,,,,,,,,,0xFF01FE,2,0,0,0,161,
6573,347,41,6522,0,0,0,0,0,,,"Poisson déviant",,,,,,,,,,,,,,0xFF01FE,2,0,0,0,162,
6950,346,41,9361,0,0,0,0,0,,,"Or de Cuergo avec un ver",,,,,,,,,,,,,,0xFF01FE,2,0,0,0,162,
6879,347,41,34758,0,0,0,0,0,,,"Saucisses de rhinocéros puissant",,,,,,,,,,,,,,0xFF01FE,2,0,0,0,163,
6963,346,41,40035,0,0,0,0,0,,,"Chouchen",,,,,,,,,,,,,,0xFF01FE,2,0,0,0,163,
5193,346,41,37903,0,0,0,0,0,,,"Brune rochenoire",,,,,,,,,,,,,,0xFF01FE,2,0,0,0,164,
6700,347,41,21215,0,0,0,0,0,,,"Gâteau aux fruits secs de Graccu",,,,,,,,,,,,,,0xFF01FE,2,0,0,0,164,
6880,347,41,32686,0,0,0,0,0,,,"Entrailles divinatoires de Mingo",,,,,,,,,,,,,,0xFF01FE,2,0,0,0,165,
6964,346,41,40036,0,0,0,0,0,,,"Eau-de-vie de prune des neiges",,,,,,,,,,,,,,0xFF01FE,2,0,0,0,165,
6701,347,41,34753,0,0,0,0,0,,,"Grand festin",,,,,,,,,,,,,,0xFF01FE,2,0,0,0,166,
6951,346,41,11846,0,0,0,0,0,,,"Bière spéciale de Crackboum",,,,,,,,,,,,,,0xFF01FE,2,0,0,0,166,
5194,346,41,37493,0,0,0,0,0,,,"Brune rochenoire",,,,,,,,,,,,,,0xFF01FE,2,0,0,0,167,
6881,347,41,8364,0,0,0,0,0,,,"Truite tête-mithril",,,,,,,,,,,,,,0xFF01FE,2,0,0,0,167,
5195,346,41,37906,0,0,0,0,0,,,"Bière binaire",,,,,,,,,,,,,,0xFF01FE,2,0,0,0,168,
6882,347,41,11415,0,0,0,0,0,,,"Mélange de baies",,,,,,,,,,,,,,0xFF01FE,2,0,0,0,168,
6557,347,41,4599,0,0,0,0,0,,,"Jambonneau traité",,,,,,,,,,,,,,0xFF01FE,2,0,0,0,169,
6968,346,41,43086,0,0,0,0,0,,,"Jus de pomme frais",,,,,,,,,,,,,,0xFF01FE,2,0,0,0,169,
6702,347,41,34760,0,0,0,0,0,,,"Ossécailles grillé",,,,,,,,,,,,,,0xFF01FE,2,0,0,0,170,
6953,346,41,18300,0,0,0,0,0,,,"Nectar d'Hyjal",,,,,,,,,,,,,,0xFF01FE,2,0,0,0,170,
6883,347,41,4542,0,0,0,0,0,,,"Pain de maïs moelleux",,,,,,,,,,,,,,0xFF01FE,2,0,0,0,171,
6966,346,41,40357,0,0,0,0,0,,,"Jus de griseilles",,,,,,,,,,,,,,0xFF01FE,2,0,0,0,171,
5196,346,41,37496,0,0,0,0,0,,,"Bière binaire",,,,,,,,,,,,,,0xFF01FE,2,0,0,0,172,
6884,347,41,31672,0,0,0,0,0,,,"Côtelettes mok'nathal",,,,,,,,,,,,,,0xFF01FE,2,0,0,0,172,
6454,347,41,27636,0,0,0,0,0,,,"Bouchées à la chauve-souris",,,,,,,,,,,,,,0xFF01FE,2,0,0,0,173,
6954,346,41,23704,0,0,0,0,0,,,"Porto des Chants éternels",,,,,,,,,,,,,,0xFF01FE,2,0,0,0,173,
6574,347,41,29393,0,0,0,0,0,,,"Airelle diamant",,,,,,,,,,,,,,0xFF01FE,2,0,0,0,174,
6967,346,41,42777,0,0,0,0,0,,,"Outre de croisé",,,,,,,,,,,,,,0xFF01FE,2,0,0,0,174,
6885,347,41,12218,0,0,0,0,0,,,"Omelette monstrueuse",,,,,,,,,,,,,,0xFF01FE,2,0,0,0,175,
9498,346,41,1262,0,0,0,0,0,,,"Tonneau de Tonnebière",,,,,,,,,,,,,,0xFF01FE,2,0,0,0,175,
6703,347,41,9681,0,0,0,0,0,,,"Pattes de roi clampant grillées",,,,,,,,,,,,,,0xFF01FE,2,0,0,0,176,
9499,346,41,37898,0,0,0,0,0,,,"Pilsner de l'hiver sauvage",,,,,,,,,,,,,,0xFF01FE,2,0,0,0,176,
6886,347,41,4602,0,0,0,0,0,,,"Citrouille lunaire",,,,,,,,,,,,,,0xFF01FE,2,0,0,0,177,
9500,346,41,37901,0,0,0,0,0,,,"Bock pétillant de Metok",,,,,,,,,,,,,,0xFF01FE,2,0,0,0,177,
6704,347,41,27664,0,0,0,0,0,,,"Eperlan grillé",,,,,,,,,,,,,,0xFF01FE,2,0,0,0,178,
9501,346,41,37902,0,0,0,0,0,,,"Brune de printemps",,,,,,,,,,,,,,0xFF01FE,2,0,0,0,178,
6887,347,41,18632,0,0,0,0,0,,,"Caramel de Ruisselune",,,,,,,,,,,,,,0xFF01FE,2,0,0,0,179,
9502,346,41,37904,0,0,0,0,0,,,"Bière de Strangleronce",,,,,,,,,,,,,,0xFF01FE,2,0,0,0,179,
6888,347,41,28486,0,0,0,0,0,,,"Muffin magnifique de Moser",,,,,,,,,,,,,,0xFF01FE,2,0,0,0,180,
10498,346,41,37497,0,0,0,0,0,,,"Bière de gland d'automne",,,,,,,,,,,,,,0xFF01FE,2,0,0,0,180,
6558,347,41,3665,0,0,0,0,0,,,"Omelette au goût étrange",,,,,,,,,,,,,,0xFF01FE,2,0,0,0,181,
10499,346,41,37498,0,0,0,0,0,,,"Bière amère de Barlett",,,,,,,,,,,,,,0xFF01FE,2,0,0,0,181,
6705,347,41,34762,0,0,0,0,0,,,"Rascasse grillée",,,,,,,,,,,,,,0xFF01FE,2,0,0,0,182,
10500,346,41,37495,0,0,0,0,0,,,"Bière ambrée draenique",,,,,,,,,,,,,,0xFF01FE,2,0,0,0,182,
6889,347,41,4544,0,0,0,0,0,,,"Pain épicé de Mulgore",,,,,,,,,,,,,,0xFF01FE,2,0,0,0,183,
10501,346,41,37489,0,0,0,0,0,,,"Saveur suprême d'Izzard",,,,,,,,,,,,,,0xFF01FE,2,0,0,0,183,
6890,347,41,3663,0,0,0,0,0,,,"Soupe aux ailerons de murloc",,,,,,,,,,,,,,0xFF01FE,2,0,0,0,184,
10502,346,41,37899,0,0,0,0,0,,,"Saveur suprême d'Izzard",,,,,,,,,,,,,,0xFF01FE,2,0,0,0,184,
6456,347,41,2888,0,0,0,0,0,,,"Côtes de sanglier à la bière",,,,,,,,,,,,,,0xFF01FE,2,0,0,0,185,
10503,346,41,37499,0,0,0,0,0,,,"Cuvée spéciale du seigneur du Givre",,,,,,,,,,,,,,0xFF01FE,2,0,0,0,185,
6575,347,41,5478,0,0,0,0,0,,,"Brouet de rat",,,,,,,,,,,,,,0xFF01FE,2,0,0,0,186,
10504,346,41,37491,0,0,0,0,0,,,"Bock pétillant de Metok",,,,,,,,,,,,,,0xFF01FE,2,0,0,0,186,
6891,347,41,3770,0,0,0,0,0,,,"Côtelette de mouton",,,,,,,,,,,,,,0xFF01FE,2,0,0,0,187,
10505,346,41,23492,0,0,0,0,0,,,"Cuvée spéciale de Solegrâce",,,,,,,,,,,,,,0xFF01FE,2,0,0,0,187,
6706,347,41,30355,0,0,0,0,0,,,"Tubercule d'Ombrelune grillé",,,,,,,,,,,,,,0xFF01FE,2,0,0,0,188,
10506,346,41,37492,0,0,0,0,0,,,"Brune de printemps",,,,,,,,,,,,,,0xFF01FE,2,0,0,0,188,
6892,347,41,12214,0,0,0,0,0,,,"Ragoût mystère",,,,,,,,,,,,,,0xFF01FE,2,0,0,0,189,
10618,346,41,46319,0,0,0,0,0,,,"Cuvée du tournoi",,,,,,,,,,,,,,0xFF01FE,2,0,0,0,189,
6707,347,41,13928,0,0,0,0,0,,,"Calmar grillé",,,,,,,,,,,,,,0xFF01FE,2,0,0,0,190,
10978,346,41,37488,0,0,0,0,0,,,"Pilsner de l'hiver sauvage",,,,,,,,,,,,,,0xFF01FE,2,0,0,0,190,
6893,347,41,34780,0,0,0,0,0,,,"Ration naaru",,,,,,,,,,,,,,0xFF01FE,2,0,0,0,191,
6894,347,41,13931,0,0,0,0,0,,,"Soupe de lutjan nagenuit",,,,,,,,,,,,,,0xFF01FE,2,0,0,0,192,
6559,347,41,42998,0,0,0,0,0,,,"Steak de seiche",,,,,,,,,,,,,,0xFF01FE,2,0,0,0,193,
6708,347,41,11444,0,0,0,0,0,,,"Sanglier du sinistre écluseur",,,,,,,,,,,,,,0xFF01FE,2,0,0,0,194,
6895,347,41,34747,0,0,0,0,0,,,"Ragoût nordique",,,,,,,,,,,,,,0xFF01FE,2,0,0,0,195,
6896,347,41,32685,0,0,0,0,0,,,"Doigts de poulet d'Ogri'la",,,,,,,,,,,,,,0xFF01FE,2,0,0,0,196,
6484,347,41,12213,0,0,0,0,0,,,"Tourte surprise",,,,,,,,,,,,,,0xFF01FE,2,0,0,0,197,
6576,347,41,21023,0,0,0,0,0,,,"Pyro-côtelettes de chimaerok à la Dirge",,,,,,,,,,,,,,0xFF01FE,2,0,0,0,198,
6897,347,41,30358,0,0,0,0,0,,,"Tubercule d'agilité d'Oronok",,,,,,,,,,,,,,0xFF01FE,2,0,0,0,199,
6709,347,41,40356,0,0,0,0,0,,,"Griseilles",,,,,,,,,,,,,,0xFF01FE,2,0,0,0,200,
6898,347,41,30357,0,0,0,0,0,,,"Tubercule d'agilité d'Oronok",,,,,,,,,,,,,,0xFF01FE,2,0,0,0,201,
6710,347,41,19995,0,0,0,0,0,,,"Sanglier de la moisson",,,,,,,,,,,,,,0xFF01FE,2,0,0,0,202,
6899,347,41,30361,0,0,0,0,0,,,"Tubercule de puissance des sorts d'Oronok",,,,,,,,,,,,,,0xFF01FE,2,0,0,0,203,
6900,347,41,30359,0,0,0,0,0,,,"Tubercule de force d'Oronok",,,,,,,,,,,,,,0xFF01FE,2,0,0,0,204,
6560,347,41,42431,0,0,0,0,0,,,"Brownie de Dalaran",,,,,,,,,,,,,,0xFF01FE,2,0,0,0,205,
6711,347,41,19696,0,0,0,0,0,,,"Pain de la moisson",,,,,,,,,,,,,,0xFF01FE,2,0,0,0,206,
6901,347,41,38427,0,0,0,0,0,,,"Oeuf mariné",,,,,,,,,,,,,,0xFF01FE,2,0,0,0,207,
6902,347,41,34765,0,0,0,0,0,,,"Croc-pointu mariné",,,,,,,,,,,,,,0xFF01FE,2,0,0,0,208,
6483,347,41,17344,0,0,0,0,0,,,"Sucre d'orge",,,,,,,,,,,,,,0xFF01FE,2,0,0,0,209,
6561,347,41,43268,0,0,0,0,0,,,"Soupe de palourdes de Dalaran",,,,,,,,,,,,,,0xFF01FE,2,0,0,0,210,
6903,347,41,19305,0,0,0,0,0,,,"Pied de kodo mariné",,,,,,,,,,,,,,0xFF01FE,2,0,0,0,211,
6712,347,41,19996,0,0,0,0,0,,,"Poisson de la moisson",,,,,,,,,,,,,,0xFF01FE,2,0,0,0,212,
6904,347,41,27665,0,0,0,0,0,,,"Tassergal poché",,,,,,,,,,,,,,0xFF01FE,2,0,0,0,213,
6577,347,41,12217,0,0,0,0,0,,,"Chili de souffle de dragon",,,,,,,,,,,,,,0xFF01FE,2,0,0,0,214,
6905,347,41,35951,0,0,0,0,0,,,"Saumon impérial poché",,,,,,,,,,,,,,0xFF01FE,2,0,0,0,215,
6906,347,41,34764,0,0,0,0,0,,,"Méduse pochée",,,,,,,,,,,,,,0xFF01FE,2,0,0,0,216,
6713,347,41,19994,0,0,0,0,0,,,"Fruit de la moisson",,,,,,,,,,,,,,0xFF01FE,2,0,0,0,217,
6714,347,41,2287,0,0,0,0,0,,,"Cuissot",,,,,,,,,,,,,,0xFF01FE,2,0,0,0,218,
6907,347,41,34766,0,0,0,0,0,,,"Rascasse nordique pochée",,,,,,,,,,,,,,0xFF01FE,2,0,0,0,219,
6908,347,41,13932,0,0,0,0,0,,,"Saumon solécaille poché",,,,,,,,,,,,,,0xFF01FE,2,0,0,0,220,
6482,347,41,7807,0,0,0,0,0,,,"Barre de chocolat",,,,,,,,,,,,,,0xFF01FE,2,0,0,0,221,
6562,347,41,42430,0,0,0,0,0,,,"Beignet de Dalaran",,,,,,,,,,,,,,0xFF01FE,2,0,0,0,222,
6909,347,41,21033,0,0,0,0,0,,,"Kimchi de radis",,,,,,,,,,,,,,0xFF01FE,2,0,0,0,223,
6715,347,41,43492,0,0,0,0,0,,,"Hareng hanté",,,,,,,,,,,,,,0xFF01FE,2,0,0,0,224,
6910,347,41,5095,0,0,0,0,0,,,"Thon arc-en-ciel",,,,,,,,,,,,,,0xFF01FE,2,0,0,0,225,
6716,347,41,961,0,0,0,0,0,,,"Herbe de soins",,,,,,,,,,,,,,0xFF01FE,2,0,0,0,226,
6911,347,41,27655,0,0,0,0,0,,,"Croque-ravageur",,,,,,,,,,,,,,0xFF01FE,2,0,0,0,227,
6912,347,41,28501,0,0,0,0,0,,,"Omelette d'oeufs de ravageur",,,,,,,,,,,,,,0xFF01FE,2,0,0,0,228,
6481,347,41,11584,0,0,0,0,0,,,"Surprise aux pommes de cactus",,,,,,,,,,,,,,0xFF01FE,2,0,0,0,229,
6578,347,41,43000,0,0,0,0,0,,,"Filet d'aileron-de-dragon",,,,,,,,,,,,,,0xFF01FE,2,0,0,0,230,
6913,347,41,4608,0,0,0,0,0,,,"Truffe noire brute",,,,,,,,,,,,,,0xFF01FE,2,0,0,0,231,
6717,347,41,42995,0,0,0,0,0,,,"Rhinocéros sain",,,,,,,,,,,,,,0xFF01FE,2,0,0,0,232,
6914,347,41,40358,0,0,0,0,0,,,"Morceau de haute-ramure cru",,,,,,,,,,,,,,0xFF01FE,2,0,0,0,233,
6563,347,41,414,0,0,0,0,0,,,"Dalaran piquant",,,,,,,,,,,,,,0xFF01FE,2,0,0,0,234,
6915,347,41,19224,0,0,0,0,0,,,"Ailes de poulet pimentées",,,,,,,,,,,,,,0xFF01FE,2,0,0,0,235,
6718,347,41,16168,0,0,0,0,0,,,"Pêche céleste",,,,,,,,,,,,,,0xFF01FE,2,0,0,0,236,
6916,347,41,42429,0,0,0,0,0,,,"Petit four onctueux au chocolat",,,,,,,,,,,,,,0xFF01FE,2,0,0,0,237,
6719,347,41,20074,0,0,0,0,0,,,"Ragoût épais de crocilisque",,,,,,,,,,,,,,0xFF01FE,2,0,0,0,238,
6917,347,41,4605,0,0,0,0,0,,,"Champignon à pois rouges",,,,,,,,,,,,,,0xFF01FE,2,0,0,0,239,
6918,347,41,1082,0,0,0,0,0,,,"Goulash des Carmines",,,,,,,,,,,,,,0xFF01FE,2,0,0,0,240,
6480,347,41,21031,0,0,0,0,0,,,"Kimchi de chou",,,,,,,,,,,,,,0xFF01FE,2,0,0,0,241,
6579,347,41,24009,0,0,0,0,0,,,"Rations de fruits secs",,,,,,,,,,,,,,0xFF01FE,2,0,0,0,242,
6919,347,41,23172,0,0,0,0,0,,,"Pomme rouge rafraîchissante",,,,,,,,,,,,,,0xFF01FE,2,0,0,0,243,
6720,347,41,12215,0,0,0,0,0,,,"Ragoût épais de kodo",,,,,,,,,,,,,,0xFF01FE,2,0,0,0,244,
6920,347,41,34752,0,0,0,0,0,,,"Saucisses de rhinocéros",,,,,,,,,,,,,,0xFF01FE,2,0,0,0,245,
6564,347,41,12238,0,0,0,0,0,,,"Mérou de Sombrivage",,,,,,,,,,,,,,0xFF01FE,2,0,0,0,246,
6921,347,41,42994,0,0,0,0,0,,,"Steak de wyrm rhinolicieux",,,,,,,,,,,,,,0xFF01FE,2,0,0,0,247,
6721,347,41,29292,0,0,0,0,0,,,"Bacon de sanglier infernal",,,,,,,,,,,,,,0xFF01FE,2,0,0,0,248,
6922,347,41,5057,0,0,0,0,0,,,"Pastèque mûre",,,,,,,,,,,,,,0xFF01FE,2,0,0,0,249,
6722,347,41,24338,0,0,0,0,0,,,"Atric des Flammes infernales",,,,,,,,,,,,,,0xFF01FE,2,0,0,0,250,
6923,347,41,12210,0,0,0,0,0,,,"Rôti de raptor",,,,,,,,,,,,,,0xFF01FE,2,0,0,0,251,
6924,347,41,2681,0,0,0,0,0,,,"Viande de sanglier rôtie",,,,,,,,,,,,,,0xFF01FE,2,0,0,0,252,
6479,347,41,27651,0,0,0,0,0,,,"Bouchées de busard",,,,,,,,,,,,,,0xFF01FE,2,0,0,0,253,
6580,347,41,8948,0,0,0,0,0,,,"Cèpe des rois séché",,,,,,,,,,,,,,0xFF01FE,2,0,0,0,254,
6925,347,41,27658,0,0,0,0,0,,,"Sabot-fourchu rôti",,,,,,,,,,,,,,0xFF01FE,2,0,0,0,255,
6723,347,41,6888,0,0,0,0,0,,,"Oeufs aux herbes",,,,,,,,,,,,,,0xFF01FE,2,0,0,0,256,
6926,347,41,5474,0,0,0,0,0,,,"Viande de kodo rôtie",,,,,,,,,,,,,,0xFF01FE,2,0,0,0,257,
6565,347,41,2070,0,0,0,0,0,,,"Bleu de Darnassus",,,,,,,,,,,,,,0xFF01FE,2,0,0,0,258,
6927,347,41,24105,0,0,0,0,0,,,"Filet de frôle-lune rôti",,,,,,,,,,,,,,0xFF01FE,2,0,0,0,259,
6724,347,41,17406,0,0,0,0,0,,,"Roue de fromage de fête",,,,,,,,,,,,,,0xFF01FE,2,0,0,0,260,
6928,347,41,8952,0,0,0,0,0,,,"Poulet rôti",,,,,,,,,,,,,,0xFF01FE,2,0,0,0,261,
6725,347,41,8950,0,0,0,0,0,,,"Tarte aux cerises maison",,,,,,,,,,,,,,0xFF01FE,2,0,0,0,262,
7047,347,41,1707,0,0,0,0,0,,,"Brie de Hurlevent",,,,,,,,,,,,,,0xFF01FE,2,0,0,0,263,
6929,347,41,34751,0,0,0,0,0,,,"Worg rôti",,,,,,,,,,,,,,0xFF01FE,2,0,0,0,264,
6930,347,41,38428,0,0,0,0,0,,,"Bretzel au sel gemme",,,,,,,,,,,,,,0xFF01FE,2,0,0,0,265,
6478,347,41,33867,0,0,0,0,0,,,"Aileron-de-sang grillé",,,,,,,,,,,,,,0xFF01FE,2,0,0,0,266,
6581,347,41,24008,0,0,0,0,0,,,"Rations de champignons séchés",,,,,,,,,,,,,,0xFF01FE,2,0,0,0,267,
6931,347,41,4594,0,0,0,0,0,,,"Morue rochécaille",,,,,,,,,,,,,,0xFF01FE,2,0,0,0,268,
6726,347,41,20857,0,0,0,0,0,,,"Pain au miel",,,,,,,,,,,,,,0xFF01FE,2,0,0,0,269,
6932,347,41,18255,0,0,0,0,0,,,"Racine de Courante",,,,,,,,,,,,,,0xFF01FE,2,0,0,0,270,
6566,347,41,21030,0,0,0,0,0,,,"Tourte au kimchi de Darnassus",,,,,,,,,,,,,,0xFF01FE,2,0,0,0,271,
6933,347,41,18254,0,0,0,0,0,,,"Courante-surprise",,,,,,,,,,,,,,0xFF01FE,2,0,0,0,272,
6727,347,41,33452,0,0,0,0,0,,,"Lichen épicé au miel",,,,,,,,,,,,,,0xFF01FE,2,0,0,0,273,
6934,347,41,21217,0,0,0,0,0,,,"Délice de sagerelle",,,,,,,,,,,,,,0xFF01FE,2,0,0,0,274,
6728,347,41,33053,0,0,0,0,0,,,"Truite au beurre blanc",,,,,,,,,,,,,,0xFF01FE,2,0,0,0,275,
6477,347,41,4593,0,0,0,0,0,,,"Poisson-chat moustachu",,,,,,,,,,,,,,0xFF01FE,2,0,0,0,276,
6582,347,41,2687,0,0,0,0,0,,,"Côtes de porc séchées",,,,,,,,,,,,,,0xFF01FE,2,0,0,0,277,
6729,347,41,3727,0,0,0,0,0,,,"Côtelettes de lion épicées",,,,,,,,,,,,,,0xFF01FE,2,0,0,0,278,
6567,347,41,19225,0,0,0,0,0,,,"Confiserie grillée",,,,,,,,,,,,,,0xFF01FE,2,0,0,0,279,
6730,347,41,13929,0,0,0,0,0,,,"Perche fumée",,,,,,,,,,,,,,0xFF01FE,2,0,0,0,280,
6731,347,41,13851,0,0,0,0,0,,,"Côtes de loup épicées",,,,,,,,,,,,,,0xFF01FE,2,0,0,0,281,
6476,347,41,35952,0,0,0,0,0,,,"Vieux salé",,,,,,,,,,,,,,0xFF01FE,2,0,0,0,282,
6583,347,41,13724,0,0,0,0,0,,,"Biscuit de manne enrichi",,,,,,,,,,,,,,0xFF01FE,2,0,0,0,283,
6732,347,41,34769,0,0,0,0,0,,,"Steak de raie manta impériale",,,,,,,,,,,,,,0xFF01FE,2,0,0,0,284,
6568,347,41,8953,0,0,0,0,0,,,"Bananes frites",,,,,,,,,,,,,,0xFF01FE,2,0,0,0,285,
6733,347,41,29412,0,0,0,0,0,,,"Paté spécial de Jessen",,,,,,,,,,,,,,0xFF01FE,2,0,0,0,286,
6734,347,41,35565,0,0,0,0,0,,,"Steak d'ours juteux",,,,,,,,,,,,,,0xFF01FE,2,0,0,0,287,
6466,347,41,42997,0,0,0,0,0,,,"Steak de worg noirci",,,,,,,,,,,,,,0xFF01FE,2,0,0,0,288,
6584,347,41,20031,0,0,0,0,0,,,"Mangue d'essence",,,,,,,,,,,,,,0xFF01FE,2,0,0,0,289,
6735,347,41,12212,0,0,0,0,0,,,"Ragoût de la jungle",,,,,,,,,,,,,,0xFF01FE,2,0,0,0,290,
6569,347,41,17119,0,0,0,0,0,,,"Kébab de Rat des profondeurs",,,,,,,,,,,,,,0xFF01FE,2,0,0,0,291,
6736,347,41,5472,0,0,0,0,0,,,"Kébab d'araignée kaldorei",,,,,,,,,,,,,,0xFF01FE,2,0,0,0,292,
6585,347,41,37452,0,0,0,0,0,,,"Grondin charnu",,,,,,,,,,,,,,0xFF01FE,2,0,0,0,293,
6737,347,41,33874,0,0,0,0,0,,,"Croquettes de Kibler",,,,,,,,,,,,,,0xFF01FE,2,0,0,0,294,
6738,347,41,43488,0,0,0,0,0,,,"Mammouth de la semaine dernière",,,,,,,,,,,,,,0xFF01FE,2,0,0,0,295,
6465,347,41,27661,0,0,0,0,0,,,"Truite noircie",,,,,,,,,,,,,,0xFF01FE,2,0,0,0,296,
6570,347,41,35710,0,0,0,0,0,,,"Délicieux jambon braisé",,,,,,,,,,,,,,0xFF01FE,2,0,0,0,297,
6739,347,41,5480,0,0,0,0,0,,,"Venaison dégraissée",,,,,,,,,,,,,,0xFF01FE,2,0,0,0,298,
6586,347,41,27662,0,0,0,0,0,,,"Délice de gangre-queue",,,,,,,,,,,,,,0xFF01FE,2,0,0,0,299,
6740,347,41,12209,0,0,0,0,0,,,"Steak de loup",,,,,,,,,,,,,,0xFF01FE,2,0,0,0,300,
6741,347,41,7097,0,0,0,0,0,,,"Viande de mollet",,,,,,,,,,,,,,0xFF01FE,2,0,0,0,301,
6464,347,41,27663,0,0,0,0,0,,,"Poisson-spore noirci",,,,,,,,,,,,,,0xFF01FE,2,0,0,0,302,
6742,347,41,13933,0,0,0,0,0,,,"Ragoût de homard",,,,,,,,,,,,,,0xFF01FE,2,0,0,0,303,
6463,347,41,42999,0,0,0,0,0,,,"Aileron-de-dragon noirci",,,,,,,,,,,,,,0xFF01FE,2,0,0,0,304,
6743,347,41,6316,0,0,0,0,0,,,"Délice de furie du loch",,,,,,,,,,,,,,0xFF01FE,2,0,0,0,305,
6462,347,41,27657,0,0,0,0,0,,,"Basilic noirci",,,,,,,,,,,,,,0xFF01FE,2,0,0,0,306,
6460,347,41,41751,0,0,0,0,0,,,"Champignon noir",,,,,,,,,,,,,,0xFF01FE,2,0,0,0,307,
6459,347,41,3726,0,0,0,0,0,,,"Steak de grand ours",,,,,,,,,,,,,,0xFF01FE,2,0,0,0,308,
6458,347,41,42432,0,0,0,0,0,,,"Part de tarte aux baies",,,,,,,,,,,,,,0xFF01FE,2,0,0,0,309,
6457,347,41,18635,0,0,0,0,0,,,"Barre aux noisettes de Bellara",,,,,,,,,,,,,,0xFF01FE,2,0,0,0,310,
6475,347,41,6290,0,0,0,0,0,,,"Goujon brillant",,,,,,,,,,,,,,0xFF01FE,2,0,0,0,311,
6474,347,41,38706,0,0,0,0,0,,,"Boyaux & Cervelles",,,,,,,,,,,,,,0xFF01FE,2,0,0,0,312,
6473,347,41,29293,0,0,0,0,0,,,"Ailes épicées de busard gratte-les-os",,,,,,,,,,,,,,0xFF01FE,2,0,0,0,313,
6472,347,41,5525,0,0,0,0,0,,,"Palourdes bouillies",,,,,,,,,,,,,,0xFF01FE,2,0,0,0,314,
6471,347,41,20516,0,0,0,0,0,,,"Pomme d'amour",,,,,,,,,,,,,,0xFF01FE,2,0,0,0,315,
6470,347,41,13546,0,0,0,0,0,,,"Ventre-rouge",,,,,,,,,,,,,,0xFF01FE,2,0,0,0,316,
6469,347,41,3220,0,0,0,0,0,,,"Boudin",,,,,,,,,,,,,,0xFF01FE,2,0,0,0,317,
6468,347,41,13810,0,0,0,0,0,,,"Fruit solaire béni",,,,,,,,,,,,,,0xFF01FE,2,0,0,0,318,
6467,347,41,29449,0,0,0,0,0,,,"Bagel flèchelame",,,,,,,,,,,,,,0xFF01FE,2,0,0,0,319,
6455,347,41,16166,0,0,0,0,0,,,"Soupe de haricots",,,,,,,,,,,,,,0xFF01FE,2,0,0,0,320,
6453,347,41,4457,0,0,0,0,0,,,"Ailes de busard grillées",,,,,,,,,,,,,,0xFF01FE,2,0,0,0,321,
6450,347,41,43491,0,0,0,0,0,,,"Palourdes avariées",,,,,,,,,,,,,,0xFF01FE,2,0,0,0,322,
6519,347,41,42428,0,0,0,0,0,,,"Petit four à la carotte",,,,,,,,,,,,,,0xFF01FE,2,0,0,0,323,
6546,347,41,43087,0,0,0,0,0,,,"Pomme croquante de Dalaran",,,,,,,,,,,,,,0xFF01FE,2,0,0,0,324,
6545,347,41,2683,0,0,0,0,0,,,"Beignet de crabe",,,,,,,,,,,,,,0xFF01FE,2,0,0,0,325,
6544,347,41,2684,0,0,0,0,0,,,"Steak de coyote",,,,,,,,,,,,,,0xFF01FE,2,0,0,0,326,
6543,347,41,23756,0,0,0,0,0,,,"Jumbo gumbo du cuistot",,,,,,,,,,,,,,0xFF01FE,2,0,0,0,327,
6542,347,41,34770,0,0,0,0,0,,,"<PH> Poisson cuit du Norfendre",,,,,,,,,,,,,,0xFF01FE,2,0,0,0,328,
6541,347,41,13927,0,0,0,0,0,,,"Barracuda luisant cuit",,,,,,,,,,,,,,0xFF01FE,2,0,0,0,329,
6540,347,41,2682,0,0,0,0,0,,,"Pince de crabe farcie",,,,,,,,,,,,,,0xFF01FE,2,0,0,0,330,
6539,347,41,8076,0,0,0,0,0,,,"Pain au lait invoqué",,,,,,,,,,,,,,0xFF01FE,2,0,0,0,331,
6538,347,41,8075,0,0,0,0,0,,,"Pain de route invoqué",,,,,,,,,,,,,,0xFF01FE,2,0,0,0,332,
6554,347,41,22645,0,0,0,0,0,,,"Surprise d'araignée croustillante",,,,,,,,,,,,,,0xFF01FE,2,0,0,0,333,
6553,347,41,31673,0,0,0,0,0,,,"Serpent croustillant",,,,,,,,,,,,,,0xFF01FE,2,0,0,0,334,
6552,347,41,19306,0,0,0,0,0,,,"Grenouille croustillante",,,,,,,,,,,,,,0xFF01FE,2,0,0,0,335,
6551,347,41,3662,0,0,0,0,0,,,"Steak de crocilisque",,,,,,,,,,,,,,0xFF01FE,2,0,0,0,336,
6550,347,41,3664,0,0,0,0,0,,,"Gombo de crocilisque",,,,,,,,,,,,,,0xFF01FE,2,0,0,0,337,
6549,347,41,43004,0,0,0,0,0,,,"Bouchées de bestiole",,,,,,,,,,,,,,0xFF01FE,2,0,0,0,338,
6548,347,41,5479,0,0,0,0,0,,,"Queue de lézard croquante",,,,,,,,,,,,,,0xFF01FE,2,0,0,0,339,
6547,347,41,12224,0,0,0,0,0,,,"Aile de chauve-souris croustillante",,,,,,,,,,,,,,0xFF01FE,2,0,0,0,340,
6537,347,41,1114,0,0,0,0,0,,,"Pain de seigle invoqué",,,,,,,,,,,,,,0xFF01FE,2,0,0,0,341,
6536,347,41,1487,0,0,0,0,0,,,"Pain noir invoqué",,,,,,,,,,,,,,0xFF01FE,2,0,0,0,342,
6535,347,41,5349,0,0,0,0,0,,,"Muffin invoqué",,,,,,,,,,,,,,0xFF01FE,2,0,0,0,343,
6534,347,41,43523,0,0,0,0,0,,,"Strudel de manne invoqué",,,,,,,,,,,,,,0xFF01FE,2,0,0,0,344,
6533,347,41,43518,0,0,0,0,0,,,"Gâteau de manne invoqué",,,,,,,,,,,,,,0xFF01FE,2,0,0,0,345,
6532,347,41,34062,0,0,0,0,0,,,"Biscuit de manne invoqué",,,,,,,,,,,,,,0xFF01FE,2,0,0,0,346,
6531,347,41,22019,0,0,0,0,0,,,"Croissant invoqué",,,,,,,,,,,,,,0xFF01FE,2,0,0,0,347,
6530,347,41,22895,0,0,0,0,0,,,"Roulés à la cannelle invoqués",,,,,,,,,,,,,,0xFF01FE,2,0,0,0,348,
6529,347,41,1113,0,0,0,0,0,,,"Pain invoqué",,,,,,,,,,,,,,0xFF01FE,2,0,0,0,349,
6528,347,41,29451,0,0,0,0,0,,,"Côtelettes de sabot-fourchu",,,,,,,,,,,,,,0xFF01FE,2,0,0,0,350,
6527,347,41,33004,0,0,0,0,0,,,"Surprise de palourdes",,,,,,,,,,,,,,0xFF01FE,2,0,0,0,351,
6526,347,41,16971,0,0,0,0,0,,,"Surprise de palourdes",,,,,,,,,,,,,,0xFF01FE,2,0,0,0,352,
6525,347,41,5526,0,0,0,0,0,,,"Soupe de palourdes",,,,,,,,,,,,,,0xFF01FE,2,0,0,0,353,
6676,347,41,13930,0,0,0,0,0,,,"Filet de rouget",,,,,,,,,,,,,,0xFF01FE,2,0,0,0,354,
6449,347,41,8932,0,0,0,0,0,,,"Emmental d'Alterac",,,,,,,,,,,,,,0xFF01FE,2,0,0,0,355,
6688,347,41,6807,0,0,0,0,0,,,"Brouet de cuisses de grenouille",,,,,,,,,,,,,,0xFF01FE,2,0,0,0,356,
6682,347,41,33052,0,0,0,0,0,,,"Festin du pêcheur",,,,,,,,,,,,,,0xFF01FE,2,0,0,0,357,
6677,347,41,5476,0,0,0,0,0,,,"Filet de furie",,,,,,,,,,,,,,0xFF01FE,2,0,0,0,358,
6689,347,41,37252,0,0,0,0,0,,,"Givrelles",,,,,,,,,,,,,,0xFF01FE,2,0,0,0,359,
6520,347,41,35563,0,0,0,0,0,,,"Kébab d'ours grillé",,,,,,,,,,,,,,0xFF01FE,2,0,0,0,360,
6683,347,41,5066,0,0,0,0,0,,,"Plante des crevasses",,,,,,,,,,,,,,0xFF01FE,2,0,0,0,361,
6678,347,41,33451,0,0,0,0,0,,,"Filet de nageglace",,,,,,,,,,,,,,0xFF01FE,2,0,0,0,362,
6690,347,41,27857,0,0,0,0,0,,,"Garadar piquant",,,,,,,,,,,,,,0xFF01FE,2,0,0,0,363,
6521,347,41,2679,0,0,0,0,0,,,"Viande de loup grillée",,,,,,,,,,,,,,0xFF01FE,2,0,0,0,364,
6684,347,41,4604,0,0,0,0,0,,,"Tête de champignon sylvestre",,,,,,,,,,,,,,0xFF01FE,2,0,0,0,365,
6679,347,41,3927,0,0,0,0,0,,,"Cheddar affiné",,,,,,,,,,,,,,0xFF01FE,2,0,0,0,366,
6522,347,41,42433,0,0,0,0,0,,,"Part de gâteau au chocolat",,,,,,,,,,,,,,0xFF01FE,2,0,0,0,367,
6691,347,41,6038,0,0,0,0,0,,,"Ardeur de palourde géante",,,,,,,,,,,,,,0xFF01FE,2,0,0,0,368,
6685,347,41,40359,0,0,0,0,0,,,"Viande d'aigle fraîche",,,,,,,,,,,,,,0xFF01FE,2,0,0,0,369,
6680,347,41,34767,0,0,0,0,0,,,"Saumon brûle-langue",,,,,,,,,,,,,,0xFF01FE,2,0,0,0,370,
6686,347,41,4541,0,0,0,0,0,,,"Pain sorti du four",,,,,,,,,,,,,,0xFF01FE,2,0,0,0,371,
6692,347,41,43478,0,0,0,0,0,,,"Festin gigantesque",,,,,,,,,,,,,,0xFF01FE,2,0,0,0,372,
6524,347,41,30155,0,0,0,0,0,,,"Bâtonnet de palourdes",,,,,,,,,,,,,,0xFF01FE,2,0,0,0,373,
6969,347,41,33454,0,0,0,0,0,,,"Venaison salée",,,,,,,,,,,,,,0xFF01FE,2,0,0,0,374,
6681,347,41,43015,0,0,0,0,0,,,"Festin de poisson",,,,,,,,,,,,,,0xFF01FE,2,0,0,0,375,
6970,347,41,24072,0,0,0,0,0,,,"Tarte aux poires des sables",,,,,,,,,,,,,,0xFF01FE,2,0,0,0,376,
6687,347,41,23160,0,0,0,0,0,,,"Pain de l'amitié",,,,,,,,,,,,,,0xFF01FE,2,0,0,0,377,
7005,347,41,34759,0,0,0,0,0,,,"Nagepierre fumé",,,,,,,,,,,,,,0xFF01FE,2,0,0,0,378,
6985,347,41,35948,0,0,0,0,0,,,"Prune des neiges savoureuse",,,,,,,,,,,,,,0xFF01FE,2,0,0,0,379,
6995,347,41,40202,0,0,0,0,0,,,"Flanchet de grizzly grésillant",,,,,,,,,,,,,,0xFF01FE,2,0,0,0,380,
6971,347,41,34761,0,0,0,0,0,,,"Gobie sauté",,,,,,,,,,,,,,0xFF01FE,2,0,0,0,381,
7000,347,41,43480,0,0,0,0,0,,,"Petit festin",,,,,,,,,,,,,,0xFF01FE,2,0,0,0,382,
6990,347,41,16171,0,0,0,0,0,,,"Shinsollo",,,,,,,,,,,,,,0xFF01FE,2,0,0,0,383,
7015,347,41,11109,0,0,0,0,0,,,"Nourriture spéciale pour poulet",,,,,,,,,,,,,,0xFF01FE,2,0,0,0,384,
7010,347,41,4538,0,0,0,0,0,,,"Pastèque claquevigne",,,,,,,,,,,,,,0xFF01FE,2,0,0,0,385,
6693,347,41,17197,0,0,0,0,0,,,"Biscuit en pain d'épice",,,,,,,,,,,,,,0xFF01FE,2,0,0,0,386,
7011,347,41,4601,0,0,0,0,0,,,"Pain de banane doux",,,,,,,,,,,,,,0xFF01FE,2,0,0,0,387,
7006,347,41,21072,0,0,0,0,0,,,"Sagerelle fumée",,,,,,,,,,,,,,0xFF01FE,2,0,0,0,388,
7001,347,41,4656,0,0,0,0,0,,,"Petite citrouille",,,,,,,,,,,,,,0xFF01FE,2,0,0,0,389,
6996,347,41,27856,0,0,0,0,0,,,"Baies de Skethyl",,,,,,,,,,,,,,0xFF01FE,2,0,0,0,390,
6991,347,41,4536,0,0,0,0,0,,,"Pomme rouge rutilante",,,,,,,,,,,,,,0xFF01FE,2,0,0,0,391,
6986,347,41,8243,0,0,0,0,0,,,"Scoubiscuits",,,,,,,,,,,,,,0xFF01FE,2,0,0,0,392,
7016,347,41,30816,0,0,0,0,0,,,"Pain épicé",,,,,,,,,,,,,,0xFF01FE,2,0,0,0,393,
7007,347,41,34763,0,0,0,0,0,,,"Saumon fumé",,,,,,,,,,,,,,0xFF01FE,2,0,0,0,394,
7002,347,41,6890,0,0,0,0,0,,,"Viande d'ours fumée",,,,,,,,,,,,,,0xFF01FE,2,0,0,0,395,
6972,347,41,1326,0,0,0,0,0,,,"Poisson-lune sauté",,,,,,,,,,,,,,0xFF01FE,2,0,0,0,396,
6997,347,41,33825,0,0,0,0,0,,,"Soupe de poisson-crâne",,,,,,,,,,,,,,0xFF01FE,2,0,0,0,397,
6992,347,41,34125,0,0,0,0,0,,,"Soupe de brochepelle",,,,,,,,,,,,,,0xFF01FE,2,0,0,0,398,
6987,347,41,5473,0,0,0,0,0,,,"Surprise du scorpide",,,,,,,,,,,,,,0xFF01FE,2,0,0,0,399,
7017,347,41,19304,0,0,0,0,0,,,"Boeuf séché épicé",,,,,,,,,,,,,,0xFF01FE,2,0,0,0,400,
7012,347,41,3729,0,0,0,0,0,,,"Bisque de tortue apaisante",,,,,,,,,,,,,,0xFF01FE,2,0,0,0,401,
6523,347,41,7808,0,0,0,0,0,,,"Carré de chocolat",,,,,,,,,,,,,,0xFF01FE,2,0,0,0,402,
7018,347,41,12216,0,0,0,0,0,,,"Chili de crabe épicé",,,,,,,,,,,,,,0xFF01FE,2,0,0,0,403,
7003,347,41,30610,0,0,0,0,0,,,"Viande d'ours noir fumée",,,,,,,,,,,,,,0xFF01FE,2,0,0,0,404,
6998,347,41,32721,0,0,0,0,0,,,"Rations de la Garde-ciel",,,,,,,,,,,,,,0xFF01FE,2,0,0,0,405,
6993,347,41,34749,0,0,0,0,0,,,"Steak de brochepelle",,,,,,,,,,,,,,0xFF01FE,2,0,0,0,406,
6988,347,41,1017,0,0,0,0,0,,,"Kébab de loup assaisonné",,,,,,,,,,,,,,0xFF01FE,2,0,0,0,407,
7013,347,41,33443,0,0,0,0,0,,,"Fromage de chèvre aigre",,,,,,,,,,,,,,0xFF01FE,2,0,0,0,408,
7008,347,41,27854,0,0,0,0,0,,,"Venaison de talbuk fumée",,,,,,,,,,,,,,0xFF01FE,2,0,0,0,409,
7004,347,41,20452,0,0,0,0,0,,,"Boulettes fumées du désert",,,,,,,,,,,,,,0xFF01FE,2,0,0,0,410,
6973,347,41,6657,0,0,0,0,0,,,"Délice de déviant",,,,,,,,,,,,,,0xFF01FE,2,0,0,0,411,
6994,347,41,6299,0,0,0,0,0,,,"Poisson maladif",,,,,,,,,,,,,,0xFF01FE,2,0,0,0,412,
6999,347,41,787,0,0,0,0,0,,,"Maquereau ombré",,,,,,,,,,,,,,0xFF01FE,2,0,0,0,413,
6989,347,41,3448,0,0,0,0,0,,,"Racine de Senggin",,,,,,,,,,,,,,0xFF01FE,2,0,0,0,414,
7312,347,41,13935,0,0,0,0,0,,,"Pain de saumon",,,,,,,,,,,,,,0xFF01FE,2,0,0,0,415,
7019,347,41,43005,0,0,0,0,0,,,"Friandises de mammouth épicées",,,,,,,,,,,,,,0xFF01FE,2,0,0,0,416,
7014,347,41,35947,0,0,0,0,0,,,"Chapegivre étincelant",,,,,,,,,,,,,,0xFF01FE,2,0,0,0,417,
7313,347,41,19223,0,0,0,0,0,,,"Casse-croûte de Sombrelune",,,,,,,,,,,,,,0xFF01FE,2,0,0,0,418,
7009,347,41,42996,0,0,0,0,0,,,"Lutjan extrême",,,,,,,,,,,,,,0xFF01FE,2,0,0,0,419,
7314,347,41,422,0,0,0,0,0,,,"Caprice des nains",,,,,,,,,,,,,,0xFF01FE,2,0,0,0,420,
9518,347,41,43571,0,0,0,0,0,,,"Carpe des égouts",,,,,,,,,,,,,,0xFF01FE,2,0,0,0,421,
10658,347,41,45932,0,0,0,0,0,,,"Méduse noire",,,,,,,,,,,,,,0xFF01FE,2,0,0,0,422,
19204,6752,5,0,80,0,0,0,0,,,"Atteindre le niveau 80",,,,,,,,,,,,,,0xFF01FE,2,0,0,0,423,
19205,6753,5,0,80,0,0,0,0,,,"Atteindre le niveau 80",,,,,,,,,,,,,,0xFF01FE,2,0,0,0,424,
19206,6753,5,0,80,0,0,0,0,,,"Atteindre le niveau 80",,,,,,,,,,,,,,0xFF01FE,2,0,0,0,425,
