long,long,long,long,None,None,str,None,None,None,None,None,None,None,None,None,None,None,None,None,flags,None,None,str,None,None,None,None,None,None,None,None,None,None,None,None,None,flags,long,flags,long,flags,long,None,None,str,None,None,None,None,None,None,None,None,None,None,None,None,None,flags,long,long,
6,-1,-1,0,,,"Niveau 10",,,,,,,,,,,,,,0xFF01FE,,,"Atteindre le niveau 10.",,,,,,,,,,,,,,0xFF01FE,92,0xA,1,0x4,3268,,,"",,,,,,,,,,,,,,0xFF01EE,0,0,
33,1,-1,0,,,"Ma tendre toundra",,,,,,,,,,,,,,0xFF01FE,,,"Achever 130 quêtes dans la toundra Boréenne.",,,,,,,,,,,,,,0xFF01FE,14863,0xA,1,0x88,3336,,,"",,,,,,,,,,,,,,0xFF01EE,0,0,
42,-1,-1,0,,,"Exploration des Royaumes de l'est",,,,,,,,,,,,,,0xFF01FE,,,"Explorer les régions des Royaumes de l'est.",,,,,,,,,,,,,,0xFF01FE,97,0x19,1,0x0,3490,,,"",,,,,,,,,,,,,,0xFF01EE,0,0,
57,-1,30,0,,,"Morts dans la Vallée d'Alterac",,,,,,,,,,,,,,0xFF01FE,,,"Morts dans la Vallée d'Alterac",,,,,,,,,,,,,,0xFF01FE,124,0x0,1,0x1,1,,,"",,,,,,,,,,,,,,0xFF01EE,0,0,
60,-1,-1,0,,,"Nombre total de morts",,,,,,,,,,,,,,0xFF01FE,,,"Nombre total de morts",,,,,,,,,,,,,,0xFF01FE,122,0x0,1,0x1,1,,,"",,,,,,,,,,,,,,0xFF01EE,0,0,
98,-1,-1,0,,,"Quêtes achevées",,,,,,,,,,,,,,0xFF01FE,,,"Quêtes achevées",,,,,,,,,,,,,,0xFF01FE,133,0x0,1,0x9,0,,,"",,,,,,,,,,,,,,0xFF01EE,0,0,
107,-1,-1,0,,,"Créatures tuées",,,,,,,,,,,,,,0xFF01FE,,,"Créatures tuées",,,,,,,,,,,,,,0xFF01FE,135,0x0,1,0x9,4,,,"",,,,,,,,,,,,,,0xFF01EE,0,0,
112,-1,-1,0,,,"Morts par noyade",,,,,,,,,,,,,,0xFF01FE,,,"Morts par noyade",,,,,,,,,,,,,,0xFF01FE,126,0x0,1,0x1,4,,,"",,,,,,,,,,,,,,0xFF01EE,0,0,
116,-1,-1,0,,,"Compagnon de métier",,,,,,,,,,,,,,0xFF01FE,,,"Devenir un compagnon dans un métier.",,,,,,,,,,,,,,0xFF01FE,169,0xA,1,0x0,2846,,,"",,,,,,,,,,,,,,0xFF01EE,1,0,
121,-1,-1,0,,,"Compagnon cuisinier",,,,,,,,,,,,,,0xFF01FE,,,"Devenir un compagnon cuisinier.",,,,,,,,,,,,,,0xFF01FE,170,0xA,1,0x0,1467,,,"",,,,,,,,,,,,,,0xFF01EE,0,0,
126,-1,-1,0,,,"Compagnon pêcheur",,,,,,,,,,,,,,0xFF01FE,,,"Devenir un compagnon pêcheur.",,,,,,,,,,,,,,0xFF01FE,171,0xA,1,0x0,580,,,"",,,,,,,,,,,,,,0xFF01EE,0,0,
131,-1,-1,0,,,"Compagnon secouriste",,,,,,,,,,,,,,0xFF01FE,,,"Devenir un compagnon secouriste.",,,,,,,,,,,,,,0xFF01FE,172,0xA,1,0x0,504,,,"",,,,,,,,,,,,,,0xFF01EE,0,0,
154,-1,529,0,,,"Victoire dans le bassin d'Arathi",,,,,,,,,,,,,,0xFF01FE,,,"Gagner dans le bassin d'Arathi.",,,,,,,,,,,,,,0xFF01FE,14802,0xA,1,0x0,3381,,,"",,,,,,,,,,,,,,0xFF01EE,0,0,
166,-1,489,0,,,"Victoire dans le goulet des Chanteguerres",,,,,,,,,,,,,,0xFF01FE,,,"Gagner dans le goulet des Chanteguerres.",,,,,,,,,,,,,,0xFF01FE,14804,0xA,1,0x0,3387,,,"",,,,,,,,,,,,,,0xFF01EE,0,0,
193,-1,-1,0,,,"Plus gros dégâts effectués",,,,,,,,,,,,,,0xFF01FE,,,"Plus gros dégâts effectués",,,,,,,,,,,,,,0xFF01FE,141,0x0,1,0x1,4,,,"",,,,,,,,,,,,,,0xFF01EE,0,0,
208,-1,566,0,,,"Victoire dans l'Œil du cyclone",,,,,,,,,,,,,,0xFF01FE,,,"Gagner dans l'Œil du cyclone.",,,,,,,,,,,,,,0xFF01FE,14803,0xA,1,0x0,3384,,,"",,,,,,,,,,,,,,0xFF01EE,0,0,
218,-1,30,0,,,"Victoire dans la vallée d'Alterac",,,,,,,,,,,,,,0xFF01FE,,,"Gagner dans la vallée d'Alterac.",,,,,,,,,,,,,,0xFF01FE,14801,0xA,1,0x0,3377,,,"",,,,,,,,,,,,,,0xFF01EE,0,0,
238,-1,-1,0,,,"Une victoire honorable",,,,,,,,,,,,,,0xFF01FE,,,"Obtenir une victoire honorable.",,,,,,,,,,,,,,0xFF01FE,95,0xA,1,0x0,3454,,,"",,,,,,,,,,,,,,0xFF01EE,0,0,
263,-1,-1,0,,,"Tel est glacé qui croyait geler",,,,,,,,,,,,,,0xFF01FE,,,"Tuer Ahune dans les enclos aux esclaves.",,,,,,,,,,,,,,0xFF01FE,161,0xA,1,0x0,94,,,"",,,,,,,,,,,,,,0xFF01EE,1,0,
273,-1,-1,0,,,"Allez Metzen !",,,,,,,,,,,,,,0xFF01FE,,,"Sauver Metzen le renne",,,,,,,,,,,,,,0xFF01FE,156,0xA,1,0x0,3703,,,"",,,,,,,,,,,,,,0xFF01EE,1,0,
319,-1,-1,0,,,"Duels gagnés",,,,,,,,,,,,,,0xFF01FE,,,"Duels gagnés",,,,,,,,,,,,,,0xFF01FE,154,0x0,1,0x1,4,,,"",,,,,,,,,,,,,,0xFF01EE,0,0,
321,-1,-1,0,,,"Nombre total de morts en donjons et raids",,,,,,,,,,,,,,0xFF01FE,,,"Nombre total de morts en donjons et raids",,,,,,,,,,,,,,0xFF01FE,125,0x0,1,0x9,4,,,"",,,,,,,,,,,,,,0xFF01EE,0,0,
328,-1,-1,0,,,"Quantité totale d'argent obtenu",,,,,,,,,,,,,,0xFF01FE,,,"Quantité totale d'argent obtenu",,,,,,,,,,,,,,0xFF01FE,140,0x0,1,0x9,4,,,"",,,,,,,,,,,,,,0xFF01EE,0,0,
344,-1,-1,0,,,"Bandages utilisés",,,,,,,,,,,,,,0xFF01FE,,,"Bandages utilisés",,,,,,,,,,,,,,0xFF01FE,145,0x0,1,0x9,4,,,"",,,,,,,,,,,,,,0xFF01EE,0,0,
349,-1,-1,0,,,"Trajets aériens empruntés",,,,,,,,,,,,,,0xFF01FE,,,"Trajets aériens empruntés",,,,,,,,,,,,,,0xFF01FE,134,0x0,1,0x1,4,,,"",,,,,,,,,,,,,,0xFF01EE,0,0,
377,-1,-1,0,,,"Plus grand nombre de réputations exaltées",,,,,,,,,,,,,,0xFF01FE,,,"Plus grand nombre de réputations exaltées",,,,,,,,,,,,,,0xFF01FE,147,0x0,1,0x1,4,,,"",,,,,,,,,,,,,,0xFF01EE,0,0,
397,-1,-1,0,,,"Un pied dans l'arène",,,,,,,,,,,,,,0xFF01FE,,,"Gagner un match d'arène du championnat au niveau 80.",,,,,,,,,,,,,,0xFF01FE,165,0xA,1,0x0,3601,,,"",,,,,,,,,,,,,,0xFF01EE,0,0,
457,-1,-1,0,,,"« Prem's » au niveau 80 sur le royaume",,,,,,,,,,,,,,0xFF01FE,,,"Première personne du royaume à atteindre le niveau 80.",,,,,,,,,,,,,,0xFF01FE,81,0x0,1,0x100,3275,,,"",,,,,,,,,,,,,,0xFF01EE,0,0,
477,-1,574,0,,,"Donjon d'Utgarde",,,,,,,,,,,,,,0xFF01FE,,,"Vaincre les boss du donjon d'Utgarde.",,,,,,,,,,,,,,0xFF01FE,14806,0xA,1,0x0,3226,,,"",,,,,,,,,,,,,,0xFF01EE,0,0,
489,-1,574,0,,,"Donjon d'Utgarde : mode héroïque",,,,,,,,,,,,,,0xFF01FE,,,"Vaincre les boss du donjon d'Utgarde en mode héroïque.",,,,,,,,,,,,,,0xFF01FE,14921,0xA,1,0x0,3225,,,"",,,,,,,,,,,,,,0xFF01EC,0,0,
503,-1,-1,0,,,"50 quêtes achevées",,,,,,,,,,,,,,0xFF01FE,,,"Achever 50 quêtes.",,,,,,,,,,,,,,0xFF01FE,96,0xA,1,0x0,3421,,,"",,,,,,,,,,,,,,0xFF01EE,0,0,
522,-1,-1,0,,,"Quelqu'un m'aime",,,,,,,,,,,,,,0xFF01FE,,,"Monter une réputation jusqu'à Exalté.",,,,,,,,,,,,,,0xFF01FE,201,0xA,1,0x0,3609,,,"",,,,,,,,,,,,,,0xFF01EE,0,0,
588,-1,-1,0,,,"Nombre total de victoires honorables",,,,,,,,,,,,,,0xFF01FE,,,"Nombre total de victoires honorables",,,,,,,,,,,,,,0xFF01FE,136,0x0,1,0x1,1,,,"",,,,,,,,,,,,,,0xFF01EE,0,0,
605,-1,-1,0,,,"Une pièce des ancêtres",,,,,,,,,,,,,,0xFF01FE,,,"Recevoir une pièce des ancêtres.",,,,,,,,,,,,,,0xFF01FE,160,0xA,1,0x0,2717,,,"",,,,,,,,,,,,,,0xFF01EE,0,0,
625,-1,615,0,,,"Vaincre le vol draconique noir (25 joueurs)",,,,,,,,,,,,,,0xFF01FE,,,"Vaincre Sartharion le Gardien d'Onyx en mode 25 joueurs.",,,,,,,,,,,,,,0xFF01FE,14923,0x19,1,0x0,3255,,,"",,,,,,,,,,,,,,0xFF01EC,0,0,
629,-1,-1,0,,,"Gouffre de Ragefeu",,,,,,,,,,,,,,0xFF01FE,,,"Vaincre Taragaman l'Affameur.",,,,,,,,,,,,,,0xFF01FE,14808,0xA,1,0x0,1983,,,"",,,,,,,,,,,,,,0xFF01EC,1,0,
647,-1,-1,0,,,"Remparts des Flammes infernales",,,,,,,,,,,,,,0xFF01FE,,,"Vaincre Omor l'Intouché.",,,,,,,,,,,,,,0xFF01FE,14805,0xA,1,0x0,3680,,,"",,,,,,,,,,,,,,0xFF01EE,1,0,
728,-1,-1,0,,,"Exploration de Durotar",,,,,,,,,,,,,,0xFF01FE,,,"Explorer Durotar et révéler les zones voilées de la carte du monde.",,,,,,,,,,,,,,0xFF01FE,14778,0xA,1,0x0,3532,,,"",,,,,,,,,,,,,,0xFF01EE,0,0,
763,0,-1,0,,,"Le croisé ardent",,,,,,,,,,,,,,0xFF01FE,,,"Être exalté auprès de toutes les factions relatives aux donjons de The Burning Crusade.",,,,,,,,,,,,,,0xFF01FE,14865,0x14,1,0x0,2365,,,"",,,,,,,,,,,,,,0xFF01EE,0,0,
776,-1,-1,0,,,"Exploration de la forêt d'Elwynn",,,,,,,,,,,,,,0xFF01FE,,,"Explorer la forêt d'Elwynn et révéler les zones voilées de la carte du monde.",,,,,,,,,,,,,,0xFF01FE,14777,0xA,1,0x0,3536,,,"",,,,,,,,,,,,,,0xFF01EE,0,0,
796,-1,-1,0,,,"Résurrections par des prêtres",,,,,,,,,,,,,,0xFF01FE,,,"Résurrections par des prêtres",,,,,,,,,,,,,,0xFF01FE,127,0x0,1,0x9,1,,,"",,,,,,,,,,,,,,0xFF01EE,0,0,
837,-1,-1,0,,,"Matchs d'arènes gagnés",,,,,,,,,,,,,,0xFF01FE,,,"Matchs d'arènes gagnés",,,,,,,,,,,,,,0xFF01FE,152,0x0,1,0x9,1,,,"",,,,,,,,,,,,,,0xFF01EE,0,0,
839,-1,-1,0,,,"Participations à des champs de bataille",,,,,,,,,,,,,,0xFF01FE,,,"Participations à des champs de bataille",,,,,,,,,,,,,,0xFF01FE,153,0x0,1,0x9,1,,,"",,,,,,,,,,,,,,0xFF01EE,0,0,
862,-1,-1,0,,,"Exploration de la péninsule des Flammes infernales",,,,,,,,,,,,,,0xFF01FE,,,"Explorer la péninsule des Flammes infernales et révéler les zones voilées de la carte du monde.",,,,,,,,,,,,,,0xFF01FE,14779,0xA,1,0x0,3554,,,"",,,,,,,,,,,,,,0xFF01EE,0,0,
913,-1,-1,0,,,"Honorer ses Anciens",,,,,,,,,,,,,,0xFF01FE,,,"Accomplir les hauts faits de la fête lunaire listés ci-dessous.",,,,,,,,,,,,,,0xFF01FE,155,0x1E,1,0x0,3698,,,"Titre : ancien",,,,,,,,,,,,,,0xFF01FE,0,0,
927,-1,-1,0,,,"Objets épiques équipés dans des emplacements d'objets",,,,,,,,,,,,,,0xFF01FE,,,"Objets épiques équipés dans des emplacements d'objets",,,,,,,,,,,,,,0xFF01FE,191,0x0,1,0x21,1,,,"",,,,,,,,,,,,,,0xFF01EE,0,0,
932,-1,-1,0,,,"Nombre d'entrées dans des donjons à 5",,,,,,,,,,,,,,0xFF01FE,,,"Nombre d'entrées dans des donjons à 5",,,,,,,,,,,,,,0xFF01FE,14807,0x0,1,0x1,1,,,"",,,,,,,,,,,,,,0xFF01EE,0,0,
939,-1,-1,0,,,"Paradis perdu",,,,,,,,,,,,,,0xFF01FE,,,"Achever toutes les quêtes d'Hemet Nesingwary en Outreterre, y compris « Le plus gros des gibiers ».",,,,,,,,,,,,,,0xFF01FE,14862,0xA,1,0x0,2165,,,"",,,,,,,,,,,,,,0xFF01EE,0,0,
940,-1,-1,0,,,"Les vertes collines de Strangleronce",,,,,,,,,,,,,,0xFF01FE,,,"Achever toutes les quêtes d'Hemet Nesingwary dans la vallée de Strangleronce, y compris « Les vertes collines de Strangleronce » et « La chasse au gros gibier ».",,,,,,,,,,,,,,0xFF01FE,14861,0xA,1,0x0,916,,,"",,,,,,,,,,,,,,0xFF01EE,0,0,
946,-1,-1,0,,,"L'Aube d'argent",,,,,,,,,,,,,,0xFF01FE,,,"Être exalté auprès de l'Aube d'argent.",,,,,,,,,,,,,,0xFF01FE,14864,0xF,1,0x0,1608,,,"",,,,,,,,,,,,,,0xFF01EE,0,0,
947,-1,-1,0,,,"La Croisade d'argent",,,,,,,,,,,,,,0xFF01FE,,,"Être exalté auprès de la Croisade d'argent.",,,,,,,,,,,,,,0xFF01FE,14866,0xF,1,0x0,1672,,,"",,,,,,,,,,,,,,0xFF01EE,0,0,
972,-1,-1,0,,,"Un bonbon ou une blague !",,,,,,,,,,,,,,0xFF01FE,,,"Piocher une poignée de bonbons dans l'un des seaux de bonbons se trouvant dans les auberges.",,,,,,,,,,,,,,0xFF01FE,158,0xA,1,0x0,2652,,,"",,,,,,,,,,,,,,0xFF01EE,0,0,
1042,-1,-1,0,,,"Nombre de câlins",,,,,,,,,,,,,,0xFF01FE,,,"Nombre de câlins",,,,,,,,,,,,,,0xFF01FE,131,0x0,1,0x1,1,,,"",,,,,,,,,,,,,,0xFF01EE,0,0,
1057,-1,-1,0,,,"Morts en 2c2",,,,,,,,,,,,,,0xFF01FE,,,"Morts en 2c2",,,,,,,,,,,,,,0xFF01FE,123,0x0,1,0x1,1,,,"",,,,,,,,,,,,,,0xFF01EE,0,0,
1068,-1,542,0,,,"Morts de Keli'dan le Briseur (la Fournaise du sang)",,,,,,,,,,,,,,0xFF01FE,,,"Morts de Keli'dan le Briseur (la Fournaise du sang)",,,,,,,,,,,,,,0xFF01FE,14822,0x5,1,0x1,541,,,"",,,,,,,,,,,,,,0xFF01EE,0,0,
1091,-1,36,0,,,"Morts d'Edwin VanCleef (Les Mortemines)",,,,,,,,,,,,,,0xFF01FE,,,"Morts d'Edwin VanCleef (Les Mortemines)",,,,,,,,,,,,,,0xFF01FE,14821,0x5,1,0x1,2692,,,"",,,,,,,,,,,,,,0xFF01EE,0,0,
1149,-1,-1,0,,,"Respécialisations de talents",,,,,,,,,,,,,,0xFF01FE,,,"Respécialisations de talents",,,,,,,,,,,,,,0xFF01FE,130,0x0,1,0x1,1,,,"",,,,,,,,,,,,,,0xFF01EE,0,0,
1184,1,-1,0,,,"Bière étrange",,,,,,,,,,,,,,0xFF01FE,,,"Boire les bières de la fête des Brasseurs listées ci-dessous.",,,,,,,,,,,,,,0xFF01FE,162,0xA,1,0x0,1780,,,"",,,,,,,,,,,,,,0xFF01EE,0,0,
1197,-1,-1,0,,,"Nombre total de victimes",,,,,,,,,,,,,,0xFF01FE,,,"Nombre total de victimes",,,,,,,,,,,,,,0xFF01FE,128,0x0,1,0x9,1,,,"",,,,,,,,,,,,,,0xFF01EE,0,0,
1199,-1,-1,0,,,"Métiers appris",,,,,,,,,,,,,,0xFF01FE,,,"Métiers appris",,,,,,,,,,,,,,0xFF01FE,132,0x0,1,0x21,1,,,"",,,,,,,,,,,,,,0xFF01EE,0,0,
1242,-1,574,0,,,"Morts d'Ingvar le Pilleur (Donjon d'Utgarde)",,,,,,,,,,,,,,0xFF01FE,,,"Morts d'Ingvar le Pilleur (Donjon d'Utgarde)",,,,,,,,,,,,,,0xFF01FE,14823,0x5,1,0x1,2813,,,"",,,,,,,,,,,,,,0x7DFF01EE,0,0,
1264,-1,-1,0,,,"Exploration de la toundra Boréenne",,,,,,,,,,,,,,0xFF01FE,,,"Explorer la toundra Boréenne et révéler les zones voilées de la carte du monde.",,,,,,,,,,,,,,0xFF01FE,14780,0xA,1,0x0,3330,,,"",,,,,,,,,,,,,,0x7DFF01EE,0,0,
1283,-1,-1,0,,,"Maître des vieux donjons",,,,,,,,,,,,,,0xFF01FE,,,"Accomplir les hauts faits dans les donjons classiques listés ci-dessous.",,,,,,,,,,,,,,0xFF01FE,168,0xA,1,0x0,1949,,,"",,,,,,,,,,,,,,0x7DFF01EE,0,0,
1308,-1,607,0,,,"Victoire au rivage des Anciens",,,,,,,,,,,,,,0xFF01FE,,,"Gagner la bataille pour le rivage des Anciens.",,,,,,,,,,,,,,0xFF01FE,14881,0xA,1,0x0,3402,,,"",,,,,,,,,,,,,,0x7DFF01EC,0,0,
1487,-1,-1,0,,,"Nombre total de coups fatals",,,,,,,,,,,,,,0xFF01FE,,,"Nombre total de coups fatals",,,,,,,,,,,,,,0xFF01FE,137,0x0,1,0x1,1,,,"",,,,,,,,,,,,,,0x7BFF01EC,0,0,
1501,-1,-1,0,,,"Nombre total de morts causées par d'autres personnages",,,,,,,,,,,,,,0xFF01FE,,,"Nombre total de morts causées par d'autres personnages",,,,,,,,,,,,,,0xFF01FE,21,0x0,1,0x1,1,,,"",,,,,,,,,,,,,,0x7DFF01EC,0,0,
1524,-1,-1,0,,,"Compétence en cuisine",,,,,,,,,,,,,,0xFF01FE,,,"Compétence en cuisine",,,,,,,,,,,,,,0xFF01FE,178,0x0,1,0x1,1,,,"",,,,,,,,,,,,,,0x7BFF01EC,0,0,
1527,-1,-1,0,,,"Plus haut score de compétence en alchimie",,,,,,,,,,,,,,0xFF01FE,,,"Plus haut score de compétence en alchimie",,,,,,,,,,,,,,0xFF01FE,173,0x0,1,0x1,1,,,"",,,,,,,,,,,,,,0x7BFF01EC,0,0,
1701,-1,-1,0,,,"Sois à moi !",,,,,,,,,,,,,,0xFF01FE,,,"Manger les huit bonbons en forme de cœur du « sachet de bonbons » listés ci-dessous.",,,,,,,,,,,,,,0xFF01FE,187,0xA,1,0x0,3196,,,"",,,,,,,,,,,,,,0x7AFF01EC,0,0,
1717,-1,571,0,,,"Victoire à Joug-d'hiver",,,,,,,,,,,,,,0xFF01FE,,,"Gagner la bataille pour Joug-d'hiver.",,,,,,,,,,,,,,0xFF01FE,14901,0xA,1,0x0,187,,,"",,,,,,,,,,,,,,0x7EFF01EC,0,0,
1791,-1,-1,0,,,"Maman, j'ai raté la pierre",,,,,,,,,,,,,,0xFF01FE,,,"Utiliser votre pierre de foyer alors que votre orphelin est près de vous.",,,,,,,,,,,,,,0xFF01FE,163,0xA,1,0x0,776,,,"",,,,,,,,,,,,,,0x7BFF01EC,0,0,
1876,-1,615,0,,,"Vaincre le vol draconique noir (10 joueurs)",,,,,,,,,,,,,,0xFF01FE,,,"Vaincre Sartharion le Gardien d'Onyx en mode 10 joueurs.",,,,,,,,,,,,,,0xFF01FE,14922,0xA,1,0x0,3254,,,"",,,,,,,,,,,,,,0x7EFF01EC,0,0,
2676,-1,-1,0,,,"J'en ai un !",,,,,,,,,,,,,,0xFF01FE,,,"Trouvez un œuf vivement coloré.",,,,,,,,,,,,,,0xFF01FE,159,0xA,1,0x0,3202,,,"",,,,,,,,,,,,,,0x7DFF01EC,0,0,
2756,-1,-1,0,,,"L'aspiration à l'Argent",,,,,,,,,,,,,,0xFF01FE,,,"S'entraîner pour concourir au tournoi d'Argent en devenant un aspirant pour la faction de votre race.",,,,,,,,,,,,,,0xFF01FE,14941,0xA,1,0x0,3805,,,"",,,,,,,,,,,,,,0x7DFF01EC,1,0,
2856,-1,603,0,,,"Morts du léviathan des flammes (Ulduar à 10)",,,,,,,,,,,,,,0xFF01FE,,,"Morts du léviathan des flammes (Ulduar à 10)",,,,,,,,,,,,,,0xFF01FE,14963,0xA,1,0x1,1700,,,"",,,,,,,,,,,,,,0x7DFF01EC,0,0,
2886,-1,603,0,,,"Le siège d'Ulduar (10 joueurs)",,,,,,,,,,,,,,0xFF01FE,,,"Vaincre les boss dans la zone de siège d'Ulduar en mode 10 joueurs.",,,,,,,,,,,,,,0xFF01FE,14961,0xA,1,0x0,3844,,,"",,,,,,,,,,,,,,0x7DFF01EC,0,0,
2887,-1,603,0,,,"Le siège d'Ulduar (25 joueurs)",,,,,,,,,,,,,,0xFF01FE,,,"Vaincre les boss dans la zone de siège d'Ulduar en mode 25 joueurs.",,,,,,,,,,,,,,0xFF01FE,14962,0xA,1,0x0,3844,,,"",,,,,,,,,,,,,,0x7DFF01EC,0,0,
3579,-1,-1,0,,,"Bataille de nourriture !",,,,,,,,,,,,,,0xFF01FE,,,"Jetez de la nourriture au visage d'un convive installé autour de la table des Bienfaits.",,,,,,,,,,,,,,0xFF01FE,14981,0xA,1,0x0,456,,,"",,,,,,,,,,,,,,0xFFF7EE,1,0,
3776,-1,628,0,,,"Victoire à l'île des Conquérants",,,,,,,,,,,,,,0xFF01FE,,,"Gagner la bataille pour l'île des Conquérants",,,,,,,,,,,,,,0xFF01FE,15003,0xA,1,0x0,4002,,,"",,,,,,,,,,,,,,0xFF1BFE,0,0,
3916,-1,-1,0,,,"L'appel de la Croisade (25 joueurs)",,,,,,,,,,,,,,0xFF01FE,,,"Vaincre tous les boss de l'épreuve du croisé en mode 25 joueurs.",,,,,,,,,,,,,,0xFF01FE,15002,0xA,1,0x0,3744,,,"",,,,,,,,,,,,,,0x8FFA9FC,0,0,
3917,-1,-1,0,,,"L'appel de la Croisade (10 joueurs)",,,,,,,,,,,,,,0xFF01FE,,,"Vaincre tous les boss de l'épreuve du croisé en mode 10 joueurs.",,,,,,,,,,,,,,0xFF01FE,15001,0xA,1,0x0,3744,,,"",,,,,,,,,,,,,,0x8FFA9EC,0,0,
4018,-1,-1,0,,,"Victoires sur le champion chasseur (L'épreuve du champion)",,,,,,,,,,,,,,0xFF01FE,,,"Victoires sur le champion chasseur (L'épreuve du champion)",,,,,,,,,,,,,,0xFF01FE,15021,0x0,1,0x1,1,,,"",,,,,,,,,,,,,,0xFF01EC,0,0,
4531,-1,631,0,,,"La prise de la citadelle (10 joueurs)",,,,,,,,,,,,,,0xFF01FE,,,"Vaincre les quatre premiers boss de la citadelle de la Couronne de glace en mode 10 joueurs.",,,,,,,,,,,,,,0xFF01FE,15041,0xA,1,0x0,4167,,,"",,,,,,,,,,,,,,0xFF01EC,0,0,
4604,-1,631,0,,,"La prise de la citadelle (25 joueurs)",,,,,,,,,,,,,,0xFF01FE,,,"Vaincre les quatre premiers boss de la citadelle de la Couronne de glace en mode 25 joueurs.",,,,,,,,,,,,,,0xFF01FE,15042,0xA,1,0x0,4167,,,"",,,,,,,,,,,,,,0xFF01FC,0,0,
4713,-1,-1,0,,,"Morts de Bronjahm (Forge des âmes)",,,,,,,,,,,,,,0xFF01FE,,,"",,,,,,,,,,,,,,0xFF01FC,15062,0x0,1,0x5,1,,,"",,,,,,,,,,,,,,0xFF01FC,0,0,
7,-1,-1,6,,,"Niveau 20",,,,,,,,,,,,,,0xFF01FE,,,"Atteindre le niveau 20.",,,,,,,,,,,,,,0xFF01FE,92,0xA,2,0x4,3269,,,"",,,,,,,,,,,,,,0xFF01EE,0,0,
43,-1,-1,0,,,"Exploration de Kalimdor",,,,,,,,,,,,,,0xFF01FE,,,"Explorer les régions de Kalimdor.",,,,,,,,,,,,,,0xFF01FE,97,0x19,2,0x0,3491,,,"",,,,,,,,,,,,,,0xFF01EE,0,0,
59,-1,529,0,,,"Morts dans le bassin d'Arathi",,,,,,,,,,,,,,0xFF01FE,,,"Morts dans le bassin d'Arathi",,,,,,,,,,,,,,0xFF01FE,124,0x0,2,0x1,1,,,"",,,,,,,,,,,,,,0xFF01EE,0,0,
95,-1,-1,0,,,"Nombre moyen de quêtes achevées par jour",,,,,,,,,,,,,,0xFF01FE,,,"Nombre moyen de quêtes achevées par jour",,,,,,,,,,,,,,0xFF01FE,133,0x0,2,0x49,0,,,"",,,,,,,,,,,,,,0xFF01EE,0,98,
122,-1,-1,121,,,"Expert cuisinier",,,,,,,,,,,,,,0xFF01FE,,,"Devenir un expert cuisinier.",,,,,,,,,,,,,,0xFF01FE,170,0xA,2,0x0,1467,,,"",,,,,,,,,,,,,,0xFF01EE,0,0,
127,-1,-1,126,,,"Expert pêcheur",,,,,,,,,,,,,,0xFF01FE,,,"Devenir un expert pêcheur.",,,,,,,,,,,,,,0xFF01FE,171,0xA,2,0x0,580,,,"",,,,,,,,,,,,,,0xFF01EE,0,0,
132,-1,-1,131,,,"Expert secouriste",,,,,,,,,,,,,,0xFF01FE,,,"Devenir expert secouriste.",,,,,,,,,,,,,,0xFF01FE,172,0xA,2,0x0,504,,,"",,,,,,,,,,,,,,0xFF01EE,0,0,
155,-1,529,154,,,"Vétéran du bassin d'Arathi",,,,,,,,,,,,,,0xFF01FE,,,"Obtenir 100 victoires au bassin d'Arathi.",,,,,,,,,,,,,,0xFF01FE,14802,0xA,2,0x0,3382,,,"",,,,,,,,,,,,,,0xFF01EE,0,0,
167,-1,489,166,,,"Vétéran du goulet des Chanteguerres",,,,,,,,,,,,,,0xFF01FE,,,"Obtenir 100 victoires dans le goulet des Chanteguerres.",,,,,,,,,,,,,,0xFF01FE,14804,0xA,2,0x0,3388,,,"",,,,,,,,,,,,,,0xFF01EE,0,0,
209,-1,566,208,,,"Vétéran de l'Œil du cyclone",,,,,,,,,,,,,,0xFF01FE,,,"Obtenir 100 victoires dans l'Œil du cyclone.",,,,,,,,,,,,,,0xFF01FE,14803,0xA,2,0x0,3385,,,"",,,,,,,,,,,,,,0xFF01EE,0,0,
219,-1,30,218,,,"Vétéran de la vallée d'Alterac",,,,,,,,,,,,,,0xFF01FE,,,"Obtenir 100 victoires dans la vallée d'Alterac.",,,,,,,,,,,,,,0xFF01FE,14801,0xA,2,0x0,3378,,,"",,,,,,,,,,,,,,0xFF01EE,0,0,
252,-1,-1,0,,,"Petits assistants entre amis",,,,,,,,,,,,,,0xFF01FE,,,"Obtenir 50 victoires honorables en étant déguisé en petit assistant grâce au Fabulovolt PX-238 Hiver.",,,,,,,,,,,,,,0xFF01FE,156,0xA,2,0x88,3679,,,"",,,,,,,,,,,,,,0xFF01EE,0,0,
260,-1,-1,0,,,"Le charme opère",,,,,,,,,,,,,,0xFF01FE,,,"Fabriquer 12 bracelets de breloques ravissantes.",,,,,,,,,,,,,,0xFF01FE,187,0xA,2,0x0,4134,,,"",,,,,,,,,,,,,,0xFF01EE,0,0,
271,-1,-1,0,,,"La danse du feu",,,,,,,,,,,,,,0xFF01FE,,,"Danser au mât enrubanné pendant 60 secondes après avoir revêtu l'ensemble du solstice complet.",,,,,,,,,,,,,,0xFF01FE,161,0xA,2,0x0,3262,,,"",,,,,,,,,,,,,,0xFF01EE,0,0,
288,-1,-1,0,,,"Vas-y, parle !",,,,,,,,,,,,,,0xFF01FE,,,"Manger tellement de bonbons farceurs que vous en attrapez mal au ventre.",,,,,,,,,,,,,,0xFF01FE,158,0xA,2,0x0,97,,,"",,,,,,,,,,,,,,0xFF01EE,0,0,
318,-1,-1,0,,,"Nombre total de morts causées par la faction adverse",,,,,,,,,,,,,,0xFF01FE,,,"",,,,,,,,,,,,,,0xFF01FE,21,0x0,2,0x1,4,,,"",,,,,,,,,,,,,,0xFF01EE,0,0,
320,-1,-1,0,,,"Duels perdus",,,,,,,,,,,,,,0xFF01FE,,,"Duels perdus",,,,,,,,,,,,,,0xFF01FE,154,0x0,2,0x1,4,,,"",,,,,,,,,,,,,,0xFF01EE,0,0,
342,-1,-1,0,,,"Objets épiques obtenus",,,,,,,,,,,,,,0xFF01FE,,,"Objets épiques obtenus",,,,,,,,,,,,,,0xFF01FE,191,0x0,2,0x1,4,,,"",,,,,,,,,,,,,,0xFF01EE,0,0,
378,-1,-1,0,,,"Plus grand nombre de réputations révérées ou supérieures",,,,,,,,,,,,,,0xFF01FE,,,"Plus grand nombre de réputations révérées ou supérieures",,,,,,,,,,,,,,0xFF01FE,147,0x0,2,0x1,4,,,"",,,,,,,,,,,,,,0xFF01EE,0,0,
381,-1,-1,0,,,"Victoires honorables en extérieur",,,,,,,,,,,,,,0xFF01FE,,,"Victoires honorables en extérieur",,,,,,,,,,,,,,0xFF01FE,136,0x0,2,0x9,4,,,"",,,,,,,,,,,,,,0xFF01EE,0,0,
398,-1,-1,397,,,"Dévouement impitoyable",,,,,,,,,,,,,,0xFF01FE,,,"Gagner 100 matchs d'arène du championnat au niveau 80.",,,,,,,,,,,,,,0xFF01FE,165,0xA,2,0x0,3593,,,"",,,,,,,,,,,,,,0xFF01EE,0,0,
467,-1,-1,0,,,"Chaman « Prem's » au niveau 80 sur le royaume",,,,,,,,,,,,,,0xFF01FE,,,"Premier chaman du royaume à atteindre le niveau 80.",,,,,,,,,,,,,,0xFF01FE,81,0x0,2,0x100,38,,,"",,,,,,,,,,,,,,0xFF01EE,0,0,
478,-1,576,0,,,"Le Nexus",,,,,,,,,,,,,,0xFF01FE,,,"Vaincre les boss du Nexus.",,,,,,,,,,,,,,0xFF01FE,14806,0xA,2,0x0,3227,,,"",,,,,,,,,,,,,,0xFF01EE,0,0,
490,-1,576,0,,,"Le Nexus : mode héroïque",,,,,,,,,,,,,,0xFF01FE,,,"Vaincre les boss du Nexus en mode héroïque.",,,,,,,,,,,,,,0xFF01FE,14921,0xA,2,0x0,3228,,,"",,,,,,,,,,,,,,0xFF01EC,0,0,
504,-1,-1,503,,,"100 quêtes achevées",,,,,,,,,,,,,,0xFF01FE,,,"Achever 100 quêtes.",,,,,,,,,,,,,,0xFF01FE,96,0xA,2,0x0,3420,,,"",,,,,,,,,,,,,,0xFF01EE,0,0,
513,-1,-1,238,,,"100 victoires honorables",,,,,,,,,,,,,,0xFF01FE,,,"Obtenir 100 victoires honorables.",,,,,,,,,,,,,,0xFF01FE,95,0xA,2,0x0,3455,,,"",,,,,,,,,,,,,,0xFF01EE,0,0,
523,-1,-1,522,,,"5 réputations exaltées",,,,,,,,,,,,,,0xFF01FE,,,"Monter 5 réputations jusqu'à Exalté.",,,,,,,,,,,,,,0xFF01FE,201,0xA,2,0x0,3609,,,"",,,,,,,,,,,,,,0xFF01EE,0,0,
527,-1,-1,0,,,"Plus gros dégâts subis",,,,,,,,,,,,,,0xFF01FE,,,"Plus gros dégâts subis",,,,,,,,,,,,,,0xFF01FE,141,0x0,2,0x1,1,,,"",,,,,,,,,,,,,,0xFF01EE,0,0,
594,-1,-1,0,,,"Morts causées par Lardeur",,,,,,,,,,,,,,0xFF01FE,,,"Morts causées par Lardeur",,,,,,,,,,,,,,0xFF01FE,126,0x0,2,0x1,1,,,"",,,,,,,,,,,,,,0xFF01EE,0,0,
606,-1,-1,605,,,"5 pièces des ancêtres",,,,,,,,,,,,,,0xFF01FE,,,"Recevoir 5 pièces des ancêtres.",,,,,,,,,,,,,,0xFF01FE,160,0xA,2,0x0,2717,,,"",,,,,,,,,,,,,,0xFF01EE,0,0,
624,-1,615,0,,,"Quand y en a plus, y en a encore (10 joueurs)",,,,,,,,,,,,,,0xFF01FE,,,"Vaincre Sartharion le Gardien d'Onyx et les drakes crépusculaires à 8 maximum en mode 10 joueurs.",,,,,,,,,,,,,,0xFF01FE,14922,0xA,2,0x0,3253,,,"",,,,,,,,,,,,,,0xFF01EC,0,0,
627,-1,-1,0,,,"Exploration de Dun Morogh",,,,,,,,,,,,,,0xFF01FE,,,"Explorer Dun Morogh et révéler les zones voilées de la carte du monde.",,,,,,,,,,,,,,0xFF01FE,14777,0xA,2,0x0,3531,,,"",,,,,,,,,,,,,,0xFF01EE,0,0,
628,-1,-1,0,,,"Mortemines",,,,,,,,,,,,,,0xFF01FE,,,"Vaincre Edwin VanCleef.",,,,,,,,,,,,,,0xFF01FE,14808,0xA,2,0x0,3627,,,"",,,,,,,,,,,,,,0xFF01EC,1,0,
648,-1,542,0,,,"La Fournaise du sang",,,,,,,,,,,,,,0xFF01FE,,,"Vaincre Keli'dan le Briseur.",,,,,,,,,,,,,,0xFF01FE,14805,0xA,2,0x0,3629,,,"",,,,,,,,,,,,,,0xFF01EE,0,0,
731,-1,-1,116,,,"Expert de métier",,,,,,,,,,,,,,0xFF01FE,,,"Devenir un expert dans un métier.",,,,,,,,,,,,,,0xFF01FE,169,0xA,2,0x0,2846,,,"",,,,,,,,,,,,,,0xFF01EE,1,0,
736,-1,-1,0,,,"Exploration de Mulgore",,,,,,,,,,,,,,0xFF01FE,,,"Explorer Mulgore et révéler les zones voilées de la carte du monde.",,,,,,,,,,,,,,0xFF01FE,14778,0xA,2,0x0,3562,,,"",,,,,,,,,,,,,,0xFF01EE,0,0,
753,-1,-1,0,,,"Argent gagné en moyenne par jour",,,,,,,,,,,,,,0xFF01FE,,,"Argent gagné en moyenne par jour",,,,,,,,,,,,,,0xFF01FE,140,0x0,2,0x49,1,,,"",,,,,,,,,,,,,,0xFF01EE,0,328,
764,1,-1,0,,,"Le croisé ardent",,,,,,,,,,,,,,0xFF01FE,,,"Être exalté auprès de toutes les factions relatives aux donjons de The Burning Crusade.",,,,,,,,,,,,,,0xFF01FE,14865,0x14,2,0x0,2365,,,"",,,,,,,,,,,,,,0xFF01EE,0,0,
798,-1,-1,0,,,"Renaissances par des druides",,,,,,,,,,,,,,0xFF01FE,,,"Renaissances par des druides",,,,,,,,,,,,,,0xFF01FE,127,0x0,2,0x9,1,,,"",,,,,,,,,,,,,,0xFF01EE,0,0,
838,-1,-1,0,,,"Nombre de matchs d'arènes",,,,,,,,,,,,,,0xFF01FE,,,"Nombre de matchs d'arènes",,,,,,,,,,,,,,0xFF01FE,152,0x0,2,0x9,1,,,"",,,,,,,,,,,,,,0xFF01EE,0,0,
863,-1,-1,0,,,"Exploration du marécage de Zangar",,,,,,,,,,,,,,0xFF01FE,,,"Explorer le marécage de Zangar et révéler les zones voilées de la carte du monde.",,,,,,,,,,,,,,0xFF01FE,14779,0xA,2,0x0,3585,,,"",,,,,,,,,,,,,,0xFF01EE,0,0,
918,-1,-1,0,,,"Morts dans des donjons à 5",,,,,,,,,,,,,,0xFF01FE,,,"Morts dans des donjons à 5",,,,,,,,,,,,,,0xFF01FE,125,0x0,2,0x1,1,,,"",,,,,,,,,,,,,,0xFF01EE,0,0,
944,-1,-1,0,,,"Il y a de l'amour dans ce tunnel",,,,,,,,,,,,,,0xFF01FE,,,"Être exalté auprès des Grumegueules.",,,,,,,,,,,,,,0xFF01FE,14864,0xF,2,0x0,3685,,,"",,,,,,,,,,,,,,0xFF01EE,0,0,
949,-1,-1,0,,,"Rohart-mageddon",,,,,,,,,,,,,,0xFF01FE,,,"Être exalté auprès des Kalu'aks.",,,,,,,,,,,,,,0xFF01FE,14866,0xF,2,0x0,3702,,,"",,,,,,,,,,,,,,0xFF01EE,0,0,
1047,-1,-1,0,,,"Nombre d'utilisations de l'emote /consternant.",,,,,,,,,,,,,,0xFF01FE,,,"Nombre d'utilisations de l'emote /consternant.",,,,,,,,,,,,,,0xFF01FE,131,0x0,2,0x1,1,,,"",,,,,,,,,,,,,,0xFF01EE,0,0,
1069,-1,557,0,,,"Morts du prince-nexus Shaffar (Tombes-mana)",,,,,,,,,,,,,,0xFF01FE,,,"Morts du prince-nexus Shaffar (Tombes-mana)",,,,,,,,,,,,,,0xFF01FE,14822,0x5,2,0x1,1677,,,"",,,,,,,,,,,,,,0xFF01EE,0,0,
1092,-1,33,0,,,"Morts de l'archimage Arugal (Donjon d'Ombrecroc)",,,,,,,,,,,,,,0xFF01FE,,,"Morts de l'archimage Arugal (Donjon d'Ombrecroc)",,,,,,,,,,,,,,0xFF01FE,14821,0x5,2,0x1,2126,,,"",,,,,,,,,,,,,,0xFF01EE,0,0,
1107,-1,-1,0,,,"Morts en 3c3",,,,,,,,,,,,,,0xFF01FE,,,"Morts en 3c3",,,,,,,,,,,,,,0xFF01FE,123,0x0,2,0x1,1,,,"",,,,,,,,,,,,,,0xFF01EE,0,0,
1125,-1,-1,0,,,"Bandage le plus utilisé",,,,,,,,,,,,,,0xFF01FE,,,"Bandage le plus utilisé",,,,,,,,,,,,,,0xFF01FE,145,0x0,2,0x11,4,,,"",,,,,,,,,,,,,,0xFF01EE,0,344,
1189,1,-1,0,,,"Les Flammes infernales des hommes",,,,,,,,,,,,,,0xFF01FE,,,"Achever 80 quêtes dans la péninsule des Flammes infernales.",,,,,,,,,,,,,,0xFF01FE,14862,0xA,2,0x0,3554,,,"",,,,,,,,,,,,,,0xFF01EE,0,0,
1198,-1,-1,0,,,"Victimes apportant de l'expérience ou de l'honneur",,,,,,,,,,,,,,0xFF01FE,,,"Victimes apportant de l'expérience ou de l'honneur",,,,,,,,,,,,,,0xFF01FE,128,0x0,2,0x9,1,,,"",,,,,,,,,,,,,,0xFF01EE,0,0,
1201,-1,-1,0,,,"Métiers au niveau maximum",,,,,,,,,,,,,,0xFF01FE,,,"Métiers au niveau maximum",,,,,,,,,,,,,,0xFF01FE,132,0x0,2,0x21,1,,,"",,,,,,,,,,,,,,0xFF01EE,0,0,
1203,0,-1,0,,,"Bière étrange",,,,,,,,,,,,,,0xFF01FE,,,"Boire les bières de la fête des Brasseurs listées ci-dessous.",,,,,,,,,,,,,,0xFF01FE,162,0xA,2,0x0,1780,,,"",,,,,,,,,,,,,,0xFF01EE,0,0,
1263,-1,-1,0,,,"Exploration du fjord Hurlant",,,,,,,,,,,,,,0xFF01FE,,,"Explorer le fjord Hurlant et révéler les zones voilées de la carte du monde.",,,,,,,,,,,,,,0xFF01FE,14780,0xA,2,0x0,3331,,,"",,,,,,,,,,,,,,0x7EFF01EE,0,0,
1285,-1,-1,0,,,"Écumeur des raids classiques",,,,,,,,,,,,,,0xFF01FE,,,"Accomplir les hauts faits dans les raids classiques listés ci-dessous.",,,,,,,,,,,,,,0xFF01FE,168,0x14,2,0x0,3203,,,"",,,,,,,,,,,,,,0x7DFF01EE,0,0,
1309,-1,607,1308,,,"Vétéran du rivage des Anciens",,,,,,,,,,,,,,0xFF01FE,,,"Obtenir 100 victoires au rivage des Anciens.",,,,,,,,,,,,,,0xFF01FE,14881,0xA,2,0x0,3402,,,"",,,,,,,,,,,,,,0x7DFF01EC,0,0,
1337,-1,-1,0,,,"Types de créatures différentes tuées",,,,,,,,,,,,,,0xFF01FE,,,"Types de créatures différentes tuées",,,,,,,,,,,,,,0xFF01FE,135,0x0,2,0x21,1,,,"",,,,,,,,,,,,,,0xFEFF01EC,0,107,
1358,0,-1,0,,,"Ma tendre toundra",,,,,,,,,,,,,,0xFF01FE,,,"Achever 150 quêtes dans la toundra Boréenne.",,,,,,,,,,,,,,0xFF01FE,14863,0xA,2,0x88,3336,,,"",,,,,,,,,,,,,,0x7DFF01EC,0,0,
1462,-1,-1,0,,,"Insignes de justice obtenus",,,,,,,,,,,,,,0xFF01FE,,,"Insignes de justice obtenus",,,,,,,,,,,,,,0xFF01FE,130,0x0,2,0x1,1,,,"",,,,,,,,,,,,,,0x7DFF01EC,0,0,
1488,-1,-1,0,,,"Coups fatals en extérieur",,,,,,,,,,,,,,0xFF01FE,,,"Cumul d'Azeroth, du Norfendre, etc.",,,,,,,,,,,,,,0xFF01FE,137,0x0,2,0x9,4,,,"",,,,,,,,,,,,,,0x7BFF01EC,0,0,
1504,-1,574,0,,,"Morts d'Ingvar le Pilleur (Donjon d'Utgarde en mode héroïque)",,,,,,,,,,,,,,0xFF01FE,,,"Morts d'Ingvar le Pilleur (Donjon d'Utgarde en mode héroïque)",,,,,,,,,,,,,,0xFF01FE,14823,0x5,2,0x1,2813,,,"",,,,,,,,,,,,,,0x7EFF01EC,0,0,
1525,-1,-1,0,,,"Quêtes journalières de cuisine achevées",,,,,,,,,,,,,,0xFF01FE,,,"Quêtes journalières de cuisine achevées",,,,,,,,,,,,,,0xFF01FE,178,0xA,2,0x9,2923,,,"",,,,,,,,,,,,,,0x7BFF01EC,0,0,
1676,1,-1,0,,,"Maître des traditions des Royaumes de l'est",,,,,,,,,,,,,,0xFF01FE,,,"Achever 700 quêtes dans les Royaumes de l'est.",,,,,,,,,,,,,,0xFF01FE,14861,0xA,2,0x88,3490,,,"",,,,,,,,,,,,,,0x7DFF01EC,0,0,
1693,0,-1,0,,,"Cœur d'artichaut",,,,,,,,,,,,,,0xFF01FE,,,"Accomplir les hauts faits de la fête De l'amour dans l'air listés ci-dessous.",,,,,,,,,,,,,,0xFF01FE,155,0xA,2,0x0,3699,,,"Titre : au cœur d'artichaut",,,,,,,,,,,,,,0xFF01FE,0,0,
1718,-1,571,1717,,,"Vétéran de Joug-d'hiver",,,,,,,,,,,,,,0xFF01FE,,,"Gagner 100 batailles pour Joug-d'hiver.",,,,,,,,,,,,,,0xFF01FE,14901,0xA,2,0x0,187,,,"",,,,,,,,,,,,,,0x7EFF01EC,0,0,
1729,-1,-1,0,,,"Recettes d'alchimie apprises",,,,,,,,,,,,,,0xFF01FE,,,"Recettes d'alchimie apprises",,,,,,,,,,,,,,0xFF01FE,173,0x0,2,0x1,4,,,"",,,,,,,,,,,,,,0x7DFF01EC,0,0,
1788,-1,-1,0,,,"Montrer le mauvais exemple",,,,,,,,,,,,,,0xFF01FE,,,"Manger les friandises listées ci-dessous pendant que votre orphelin vous regarde.",,,,,,,,,,,,,,0xFF01FE,163,0xA,2,0x0,1519,,,"",,,,,,,,,,,,,,0x7BFF01EC,0,0,
1877,-1,615,0,,,"Quand y en a plus, y en a encore (25 joueurs)",,,,,,,,,,,,,,0xFF01FE,,,"Vaincre Sartharion le Gardien d'Onyx et les drakes crépusculaires à 20 maximum en mode 25 joueurs.",,,,,,,,,,,,,,0xFF01FE,14923,0xA,2,0x0,3308,,,"",,,,,,,,,,,,,,0x7EFF01EC,0,0,
2277,-1,-1,0,,,"Invocations acceptées",,,,,,,,,,,,,,0xFF01FE,,,"Invocations acceptées",,,,,,,,,,,,,,0xFF01FE,134,0x0,2,0x1,1,,,"",,,,,,,,,,,,,,0x7BFF01EC,0,0,
2396,-1,-1,0,,,"Champ de bataille le plus disputé",,,,,,,,,,,,,,0xFF01FE,,,"Champ de bataille le plus disputé",,,,,,,,,,,,,,0xFF01FE,153,0x0,2,0x11,1,,,"",,,,,,,,,,,,,,0x7EFF01EC,0,839,
2417,-1,-1,0,,,"Tendrement chocolat",,,,,,,,,,,,,,0xFF01FE,,,"Manger 25 chocolats du Jardin des nobles pendant la fête du Jardin des nobles.",,,,,,,,,,,,,,0xFF01FE,159,0xA,2,0x0,3706,,,"",,,,,,,,,,,,,,0x7DFF01EC,0,0,
2758,-1,-1,2756,,,"La valeur de l'Argent",,,,,,,,,,,,,,0xFF01FE,,,"S'entraîner pour concourir au tournoi d'Argent en devenant un vaillant pour la faction de votre race.",,,,,,,,,,,,,,0xFF01FE,14941,0xA,2,0x0,3744,,,"",,,,,,,,,,,,,,0x7DFF01EC,1,0,
2857,-1,603,0,,,"Morts de Tranchécaille (Ulduar à 10)",,,,,,,,,,,,,,0xFF01FE,,,"Morts de Tranchécaille (Ulduar à 10)",,,,,,,,,,,,,,0xFF01FE,14963,0xA,2,0x1,1700,,,"",,,,,,,,,,,,,,0x7DFF01EC,0,0,
2888,-1,603,0,,,"L'antichambre d'Ulduar (10 joueurs)",,,,,,,,,,,,,,0xFF01FE,,,"Vaincre les boss de l'antichambre d'Ulduar en mode 10 joueurs.",,,,,,,,,,,,,,0xFF01FE,14961,0xA,2,0x0,3846,,,"",,,,,,,,,,,,,,0x7DFF01EC,0,0,
2889,-1,603,0,,,"L'antichambre d'Ulduar (25 joueurs)",,,,,,,,,,,,,,0xFF01FE,,,"Vaincre les boss de l'antichambre d'Ulduar en mode 25 joueurs.",,,,,,,,,,,,,,0xFF01FE,14962,0xA,2,0x0,3846,,,"",,,,,,,,,,,,,,0x7DFF01EC,0,0,
3576,1,-1,0,,,"Maintenant, on peut cuisiner !",,,,,,,,,,,,,,0xFF01FE,,,"Cuisiner chacun des plats des Bienfaits du pèlerin.",,,,,,,,,,,,,,0xFF01FE,14981,0xA,2,0x0,3678,,,"",,,,,,,,,,,,,,0xFFF7EE,0,0,
3777,-1,628,3776,,,"Vétéran de l'île des Conquérants",,,,,,,,,,,,,,0xFF01FE,,,"Obtenir 100 victoires sur l'île des Conquérants.",,,,,,,,,,,,,,0xFF01FE,15003,0xA,2,0x0,3378,,,"",,,,,,,,,,,,,,0xFF1BFE,0,0,
3812,-1,-1,0,,,"L'appel de la grande Croisade (25 joueurs)",,,,,,,,,,,,,,0xFF01FE,,,"Vaincre tous les boss de l'épreuve du grand croisé en mode héroïque à 25.",,,,,,,,,,,,,,0xFF01FE,15002,0xA,2,0x0,3744,,,"",,,,,,,,,,,,,,0xFF1BFD,0,0,
3918,-1,-1,0,,,"L'appel de la grande Croisade (10 joueurs)",,,,,,,,,,,,,,0xFF01FE,,,"Vaincre tous les boss de l'épreuve du grand croisé en mode héroïque à 10.",,,,,,,,,,,,,,0xFF01FE,15001,0xA,2,0x0,3744,,,"",,,,,,,,,,,,,,0x8FFA9EC,0,0,
4019,-1,-1,0,,,"Victoires sur le champion chasseur (L'épreuve du champion héroïque)",,,,,,,,,,,,,,0xFF01FE,,,"Victoires sur le champion chasseur (L'épreuve du champion héroïque)",,,,,,,,,,,,,,0xFF01FE,15021,0x0,2,0x1,1,,,"",,,,,,,,,,,,,,0xFF01EC,0,0,
4628,-1,631,4531,,,"La prise de la citadelle : mode héroïque (10 joueurs)",,,,,,,,,,,,,,0xFF01FE,,,"Vaincre les quatre premiers boss de la citadelle de la Couronne de glace en mode héroïque à 10 joueurs.",,,,,,,,,,,,,,0xFF01FE,15041,0xA,2,0x0,4167,,,"",,,,,,,,,,,,,,0xFF01FC,0,0,
4632,-1,631,4604,,,"La prise de la citadelle : mode héroïque (25 joueurs)",,,,,,,,,,,,,,0xFF01FE,,,"Vaincre les quatre premiers boss de la citadelle de la Couronne de glace en mode héroïque à 25 joueurs.",,,,,,,,,,,,,,0xFF01FE,15042,0xA,2,0x0,4167,,,"",,,,,,,,,,,,,,0xFF01FC,0,0,
4714,-1,-1,0,,,"Morts de Bronjahm (Forge des âmes héroïque)",,,,,,,,,,,,,,0xFF01FE,,,"",,,,,,,,,,,,,,0xFF01FC,15062,0x0,2,0x1,1,,,"",,,,,,,,,,,,,,0xFF01FC,0,0,
8,-1,-1,7,,,"Niveau 30",,,,,,,,,,,,,,0xFF01FE,,,"Atteindre le niveau 30.",,,,,,,,,,,,,,0xFF01FE,92,0xA,3,0x4,3270,,,"",,,,,,,,,,,,,,0xFF01EE,0,0,
34,1,-1,0,,,"Tour du fjord",,,,,,,,,,,,,,0xFF01FE,,,"Achever 130 quêtes dans le fjord Hurlant.",,,,,,,,,,,,,,0xFF01FE,14863,0xA,3,0x0,3337,,,"",,,,,,,,,,,,,,0xFF01EE,0,0,
44,-1,-1,0,,,"Exploration de l'Outreterre",,,,,,,,,,,,,,0xFF01FE,,,"Explorer les régions de l'Outreterre.",,,,,,,,,,,,,,0xFF01FE,97,0x19,3,0x0,3492,,,"",,,,,,,,,,,,,,0xFF01EE,0,0,
56,-1,489,0,,,"Morts dans le goulet des Chanteguerres",,,,,,,,,,,,,,0xFF01FE,,,"Morts dans le goulet des Chanteguerres",,,,,,,,,,,,,,0xFF01FE,124,0x0,3,0x1,1,,,"",,,,,,,,,,,,,,0xFF01EE,0,0,
97,-1,-1,0,,,"Quêtes journalières achevées",,,,,,,,,,,,,,0xFF01FE,,,"Quêtes journalières achevées",,,,,,,,,,,,,,0xFF01FE,133,0x0,3,0x1,0,,,"",,,,,,,,,,,,,,0xFF01EE,0,0,
113,-1,-1,0,,,"Morts de fatigue",,,,,,,,,,,,,,0xFF01FE,,,"Morts de fatigue",,,,,,,,,,,,,,0xFF01FE,126,0x0,3,0x1,4,,,"",,,,,,,,,,,,,,0xFF01EE,0,0,
123,-1,-1,122,,,"Artisan cuisinier",,,,,,,,,,,,,,0xFF01FE,,,"Devenir un artisan cuisinier.",,,,,,,,,,,,,,0xFF01FE,170,0xA,3,0x0,1467,,,"",,,,,,,,,,,,,,0xFF01EE,0,0,
128,-1,-1,127,,,"Artisan pêcheur",,,,,,,,,,,,,,0xFF01FE,,,"Devenir un artisan pêcheur.",,,,,,,,,,,,,,0xFF01FE,171,0xA,3,0x0,580,,,"",,,,,,,,,,,,,,0xFF01EE,0,0,
133,-1,-1,132,,,"Artisan secouriste",,,,,,,,,,,,,,0xFF01FE,,,"Devenir artisan secouriste.",,,,,,,,,,,,,,0xFF01FE,172,0xA,3,0x0,504,,,"",,,,,,,,,,,,,,0xFF01EE,0,0,
165,-1,529,0,,,"Bassin d'Arathi parfait",,,,,,,,,,,,,,0xFF01FE,,,"Gagner dans le bassin d'Arathi par 1600 à 0.",,,,,,,,,,,,,,0xFF01FE,14802,0x14,3,0x0,3469,,,"",,,,,,,,,,,,,,0xFF01FE,0,0,
197,-1,-1,0,,,"Dégâts totaux infligés",,,,,,,,,,,,,,0xFF01FE,,,"Dégâts totaux infligés",,,,,,,,,,,,,,0xFF01FE,141,0x0,3,0x1,4,,,"",,,,,,,,,,,,,,0xFF01EE,0,0,
199,-1,489,0,,,"Capture du drapeau",,,,,,,,,,,,,,0xFF01FE,,,"Porter et capturer soi-même le drapeau dans le goulet des Chanteguerres.",,,,,,,,,,,,,,0xFF01FE,14804,0xA,3,0x0,3390,,,"",,,,,,,,,,,,,,0xFF01EE,0,0,
221,-1,30,0,,,"Pilleur de tombes d'Alterac",,,,,,,,,,,,,,0xFF01FE,,,"Prendre 50 cimetières dans la vallée d'Alterac.",,,,,,,,,,,,,,0xFF01FE,14801,0xA,3,0x0,3379,,,"",,,,,,,,,,,,,,0xFF01EE,0,0,
255,-1,-1,0,,,"Ramenez-moi la tête de… Oh, mince…",,,,,,,,,,,,,,0xFF01FE,,,"Tuer le Cavalier sans tête.",,,,,,,,,,,,,,0xFF01FE,158,0xA,3,0x0,1817,,,"",,,,,,,,,,,,,,0xFF01EE,0,0,
259,0,-1,0,,,"Blague de Noël",,,,,,,,,,,,,,0xFF01FE,,,"Lancer une boule de neige sur Cairne Sabot-de-sang pendant la fête du Voile d'hiver.",,,,,,,,,,,,,,0xFF01FE,156,0xA,3,0x0,1665,,,"",,,,,,,,,,,,,,0xFF01EE,1,0,
333,-1,-1,0,,,"Argent ramassé",,,,,,,,,,,,,,0xFF01FE,,,"Argent ramassé",,,,,,,,,,,,,,0xFF01FE,140,0x0,3,0x1,4,,,"",,,,,,,,,,,,,,0xFF01EE,0,0,
341,-1,-1,0,,,"Objets épiques ramassés",,,,,,,,,,,,,,0xFF01FE,,,"Objets épiques ramassés",,,,,,,,,,,,,,0xFF01FE,191,0x0,3,0x1,4,,,"",,,,,,,,,,,,,,0xFF01EE,0,0,
350,-1,-1,0,,,"Portails de mages empruntés",,,,,,,,,,,,,,0xFF01FE,,,"Portails de mages empruntés",,,,,,,,,,,,,,0xFF01FE,134,0x0,3,0x9,4,,,"",,,,,,,,,,,,,,0xFF01EE,0,0,
363,-1,-1,0,,,"Matchs en 5c5",,,,,,,,,,,,,,0xFF01FE,,,"Matchs en 5c5",,,,,,,,,,,,,,0xFF01FE,152,0x0,3,0x9,4,,,"",,,,,,,,,,,,,,0xFF01EE,0,0,
466,-1,-1,0,,,"Druide « Prem's » au niveau 80 sur le royaume",,,,,,,,,,,,,,0xFF01FE,,,"Premier druide du royaume à atteindre le niveau 80.",,,,,,,,,,,,,,0xFF01FE,81,0x0,3,0x100,261,,,"",,,,,,,,,,,,,,0xFF01EE,0,0,
480,-1,601,0,,,"Azjol-Nérub",,,,,,,,,,,,,,0xFF01FE,,,"Vaincre les boss d'Azjol-Nérub.",,,,,,,,,,,,,,0xFF01FE,14806,0xA,3,0x0,3229,,,"",,,,,,,,,,,,,,0xFF01EE,0,0,
491,-1,601,0,,,"Azjol-Nérub : mode héroïque",,,,,,,,,,,,,,0xFF01FE,,,"Vaincre les boss d'Azjol-Nérub en mode héroïque.",,,,,,,,,,,,,,0xFF01FE,14921,0xA,3,0x0,3230,,,"",,,,,,,,,,,,,,0xFF01EC,0,0,
505,-1,-1,504,,,"250 quêtes achevées",,,,,,,,,,,,,,0xFF01FE,,,"Achever 250 quêtes.",,,,,,,,,,,,,,0xFF01FE,96,0xA,3,0x0,3419,,,"",,,,,,,,,,,,,,0xFF01EE,0,0,
515,-1,-1,513,,,"500 victoires honorables",,,,,,,,,,,,,,0xFF01FE,,,"Obtenir 500 victoires honorables.",,,,,,,,,,,,,,0xFF01FE,95,0xA,3,0x0,3456,,,"",,,,,,,,,,,,,,0xFF01EE,0,0,
524,-1,-1,523,,,"10 réputations exaltées",,,,,,,,,,,,,,0xFF01FE,,,"Monter 10 réputations jusqu'à Exalté.",,,,,,,,,,,,,,0xFF01FE,201,0xA,3,0x0,3608,,,"",,,,,,,,,,,,,,0xFF01EE,0,0,
529,-1,-1,0,,,"Plus grand nombre de réputations honorées ou supérieures",,,,,,,,,,,,,,0xFF01FE,,,"Plus grand nombre de réputations honorées ou supérieures",,,,,,,,,,,,,,0xFF01FE,147,0x0,3,0x1,1,,,"",,,,,,,,,,,,,,0xFF01EE,0,0,
562,-1,533,0,,,"Le quartier des Arachnides (10 joueurs)",,,,,,,,,,,,,,0xFF01FE,,,"Vaincre les boss du quartier des Arachnides à Naxxramas en mode 10 joueurs.",,,,,,,,,,,,,,0xFF01FE,14922,0xA,3,0x0,1899,,,"",,,,,,,,,,,,,,0xFF01EC,0,0,
563,-1,533,0,,,"Le quartier des Arachnides (25 joueurs)",,,,,,,,,,,,,,0xFF01FE,,,"Vaincre les boss du quartier des Arachnides à Naxxramas en mode 25 joueurs.",,,,,,,,,,,,,,0xFF01FE,14923,0xA,3,0x0,1899,,,"",,,,,,,,,,,,,,0xFF01EC,0,0,
607,-1,-1,606,,,"10 pièces des ancêtres",,,,,,,,,,,,,,0xFF01FE,,,"Recevoir 10 pièces des ancêtres.",,,,,,,,,,,,,,0xFF01FE,160,0xA,3,0x0,2717,,,"",,,,,,,,,,,,,,0xFF01EE,0,0,
630,-1,-1,0,,,"Cavernes des lamentations",,,,,,,,,,,,,,0xFF01FE,,,"Vaincre Mutanus le Dévoreur.",,,,,,,,,,,,,,0xFF01FE,14808,0xA,3,0x0,3654,,,"",,,,,,,,,,,,,,0xFF01EE,1,0,
649,-1,547,0,,,"Les enclos aux esclaves",,,,,,,,,,,,,,0xFF01FE,,,"Vaincre Bourbierreux.",,,,,,,,,,,,,,0xFF01FE,14805,0xA,3,0x0,3591,,,"",,,,,,,,,,,,,,0xFF01EE,0,0,
732,-1,-1,731,,,"Artisan de métier",,,,,,,,,,,,,,0xFF01FE,,,"Devenir un artisan dans un métier.",,,,,,,,,,,,,,0xFF01FE,169,0xA,3,0x0,2846,,,"",,,,,,,,,,,,,,0xFF01EE,1,0,
768,-1,-1,0,,,"Exploration des clairières de Tirisfal",,,,,,,,,,,,,,0xFF01FE,,,"Explorer les clairières de Tirisfal et révéler les zones voilées de la carte du monde.",,,,,,,,,,,,,,0xFF01FE,14777,0xA,3,0x0,3570,,,"",,,,,,,,,,,,,,0xFF01EE,0,0,
783,-1,566,0,,,"Bon pied, bon Œil",,,,,,,,,,,,,,0xFF01FE,,,"Gagner dans l'Œil du cyclone par 1600 à 0.",,,,,,,,,,,,,,0xFF01FE,14803,0xA,3,0x0,2830,,,"",,,,,,,,,,,,,,0xFF01FE,0,0,
840,-1,-1,0,,,"Champs de bataille gagnés",,,,,,,,,,,,,,0xFF01FE,,,"Champs de bataille gagnés",,,,,,,,,,,,,,0xFF01FE,153,0x0,3,0x9,1,,,"",,,,,,,,,,,,,,0xFF01EE,0,0,
842,-1,-1,0,,,"Exploration de Teldrassil",,,,,,,,,,,,,,0xFF01FE,,,"Explorer Teldrassil et révéler les zones voilées de la carte du monde.",,,,,,,,,,,,,,0xFF01FE,14778,0xA,3,0x0,3528,,,"",,,,,,,,,,,,,,0xFF01EE,0,0,
867,-1,-1,0,,,"Exploration de la forêt de Terokkar",,,,,,,,,,,,,,0xFF01FE,,,"Explorer la forêt de Terokkar et révéler les zones voilées de la carte du monde.",,,,,,,,,,,,,,0xFF01FE,14779,0xA,3,0x0,3586,,,"",,,,,,,,,,,,,,0xFF01EE,0,0,
875,-1,-1,398,,,"Dévouement vengeur",,,,,,,,,,,,,,0xFF01FE,,,"Gagner 200 matchs d'arène du championnat au niveau 80.",,,,,,,,,,,,,,0xFF01FE,165,0xA,3,0x0,3594,,,"",,,,,,,,,,,,,,0xFF01EE,0,0,
893,-1,-1,0,,,"Hippogriffe de guerre cénarien",,,,,,,,,,,,,,0xFF01FE,,,"Obtenir l'hippogriffe de guerre cénarien auprès de l'Expédition cénarienne dans le marécage de Zangar.",,,,,,,,,,,,,,0xFF01FE,14865,0xA,3,0x0,2554,,,"",,,,,,,,,,,,,,0xFF01EE,1,0,
950,-1,-1,0,,,"La tribu Frénécœur",,,,,,,,,,,,,,0xFF01FE,,,"Être exalté auprès de la tribu Frénécœur.",,,,,,,,,,,,,,0xFF01FE,14866,0xA,3,0x0,956,,,"",,,,,,,,,,,,,,0xFF01EE,0,0,
957,-1,-1,0,,,"Héros de la tribu Zandalar",,,,,,,,,,,,,,0xFF01FE,,,"Être exalté auprès de la tribu Zandalar.",,,,,,,,,,,,,,0xFF01FE,14864,0xA,3,0x0,2745,,,"",,,,,,,,,,,,,,0xFF01EE,0,0,
1067,-1,-1,0,,,"Nombre total d'apitoiements",,,,,,,,,,,,,,0xFF01FE,,,"Nombre total d'apitoiements",,,,,,,,,,,,,,0xFF01FE,131,0x0,3,0x1,1,,,"",,,,,,,,,,,,,,0xFF01EE,0,0,
1070,-1,560,0,,,"Morts du chasseur d'époques (L'évasion de Fort-de-Durn)",,,,,,,,,,,,,,0xFF01FE,,,"Morts du chasseur d'époques (L'évasion de Fort-de-Durn)",,,,,,,,,,,,,,0xFF01FE,14822,0x5,3,0x1,1701,,,"",,,,,,,,,,,,,,0xFF01EE,0,0,
1093,-1,189,0,,,"Morts du commandant écarlate Mograine (Monastère écarlate)",,,,,,,,,,,,,,0xFF01FE,,,"Morts du commandant écarlate Mograine (Monastère écarlate)",,,,,,,,,,,,,,0xFF01FE,14821,0x5,3,0x1,2792,,,"",,,,,,,,,,,,,,0xFF01EE,0,0,
1108,-1,-1,0,,,"Morts en 5c5",,,,,,,,,,,,,,0xFF01FE,,,"Morts en 5c5",,,,,,,,,,,,,,0xFF01FE,123,0x0,3,0x1,1,,,"",,,,,,,,,,,,,,0xFF01EE,0,0,
1145,-1,-1,0,,,"Le roi de la fête du Feu",,,,,,,,,,,,,,0xFF01FE,,,"Achever la quête « La récompense d'un voleur » en volant les flammes des capitales ennemies.",,,,,,,,,,,,,,0xFF01FE,161,0xA,3,0x0,1599,,,"",,,,,,,,,,,,,,0xFF01EE,1,0,
1200,-1,-1,0,,,"Compétences secondaires au niveau maximum",,,,,,,,,,,,,,0xFF01FE,,,"Compétences secondaires au niveau maximum",,,,,,,,,,,,,,0xFF01FE,132,0x0,3,0x21,1,,,"",,,,,,,,,,,,,,0xFF01EE,0,0,
1229,-1,-1,0,,,"Ressuscité par des druides",,,,,,,,,,,,,,0xFF01FE,,,"Ressuscité par des druides",,,,,,,,,,,,,,0xFF01FE,127,0x0,3,0x9,1,,,"",,,,,,,,,,,,,,0x7DFF01EE,0,0,
1231,-1,576,0,,,"Morts de Keristrasza (Le Nexus)",,,,,,,,,,,,,,0xFF01FE,,,"Morts de Keristrasza (Le Nexus)",,,,,,,,,,,,,,0xFF01FE,14823,0x5,3,0x1,56,,,"",,,,,,,,,,,,,,0x7DFF01EE,0,0,
1265,-1,-1,0,,,"Exploration de la Désolation des dragons",,,,,,,,,,,,,,0xFF01FE,,,"Explorer la Désolation des dragons et révéler les zones voilées de la carte du monde.",,,,,,,,,,,,,,0xFF01FE,14780,0xA,3,0x0,3332,,,"",,,,,,,,,,,,,,0x7DFF01EE,0,0,
1271,0,-1,0,,,"Les Flammes infernales des hommes",,,,,,,,,,,,,,0xFF01FE,,,"Achever 90 quêtes dans la péninsule des Flammes infernales.",,,,,,,,,,,,,,0xFF01FE,14862,0xA,3,0x0,3554,,,"",,,,,,,,,,,,,,0x7DFF01EE,0,0,
1284,-1,-1,0,,,"Maître des donjons de l'Outreterre",,,,,,,,,,,,,,0xFF01FE,,,"Accomplir les hauts faits dans les donjons de The Burning Crusade listés ci-dessous.",,,,,,,,,,,,,,0xFF01FE,168,0xA,3,0x0,1948,,,"",,,,,,,,,,,,,,0x7DFF01EE,0,0,
1298,-1,-1,0,,,"Types différents de bandages utilisés",,,,,,,,,,,,,,0xFF01FE,,,"Types différents de bandages utilisés",,,,,,,,,,,,,,0xFF01FE,145,0x0,3,0x21,1,,,"",,,,,,,,,,,,,,0xFEFF01EC,0,344,
1310,-1,607,0,,,"Le grand débarquement",,,,,,,,,,,,,,0xFF01FE,,,"Capturer la relique des titans en moins de 4 minutes.",,,,,,,,,,,,,,0xFF01FE,14881,0x14,3,0x0,3403,,,"",,,,,,,,,,,,,,0x7DFF01EC,1,0,
1336,-1,-1,0,,,"Type de créature le plus tué",,,,,,,,,,,,,,0xFF01FE,,,"Type de créature le plus tué",,,,,,,,,,,,,,0xFF01FE,135,0x0,3,0x11,1,,,"",,,,,,,,,,,,,,0xFEFF01EC,0,107,
1458,-1,-1,0,,,"Continent où vous avez obtenu le plus de victoires honorables",,,,,,,,,,,,,,0xFF01FE,,,"Continent où vous avez obtenu le plus de victoires honorables",,,,,,,,,,,,,,0xFF01FE,136,0x0,3,0x11,1,,,"",,,,,,,,,,,,,,0x7DFF01EC,0,381,
1464,-1,-1,0,,,"Emblèmes d'héroïsme obtenus",,,,,,,,,,,,,,0xFF01FE,,,"Emblèmes d'héroïsme obtenus",,,,,,,,,,,,,,0xFF01FE,130,0x0,3,0x1,1,,,"",,,,,,,,,,,,,,0x7EFF01EC,0,0,
1489,-1,-1,0,,,"Continent où vous avez infligé le plus de coups fatals",,,,,,,,,,,,,,0xFF01FE,,,"Continent où vous avez infligé le plus de coups fatals",,,,,,,,,,,,,,0xFF01FE,137,0x0,3,0x11,1,,,"",,,,,,,,,,,,,,0x7BFF01EC,0,1488,
1532,-1,-1,0,,,"Plus haut score de compétence en forge",,,,,,,,,,,,,,0xFF01FE,,,"Plus haut score de compétence en forge",,,,,,,,,,,,,,0xFF01FE,173,0x0,3,0x1,1,,,"",,,,,,,,,,,,,,0x7BFF01EC,0,0,
1677,0,-1,0,,,"Maître des traditions des Royaumes de l'est",,,,,,,,,,,,,,0xFF01FE,,,"Achever 550 quêtes dans les Royaumes de l'est.",,,,,,,,,,,,,,0xFF01FE,14861,0xA,3,0x88,3490,,,"",,,,,,,,,,,,,,0x7BFF01EC,0,0,
1695,-1,-1,0,,,"Un amour dangereux",,,,,,,,,,,,,,0xFF01FE,,,"Aider le cartel Gentepression à déjouer le complot de la sinistre Compagnie de Chimie La Royale.",,,,,,,,,,,,,,0xFF01FE,187,0xA,3,0x0,1853,,,"",,,,,,,,,,,,,,0x7AFF01EC,1,0,
1707,1,-1,0,,,"Cœur d'artichaut",,,,,,,,,,,,,,0xFF01FE,,,"Accomplir les hauts faits de la fête De l'amour dans l'air listés ci-dessous.",,,,,,,,,,,,,,0xFF01FE,155,0xA,3,0x0,3699,,,"Titre : au cœur d'artichaut",,,,,,,,,,,,,,0xFF01FE,0,0,
1745,-1,-1,0,,,"Recettes de cuisine connues",,,,,,,,,,,,,,0xFF01FE,,,"Recettes de cuisine connues",,,,,,,,,,,,,,0xFF01FE,178,0x0,3,0x1,4,,,"",,,,,,,,,,,,,,0x7DFF01EC,0,0,
1755,-1,571,0,,,"Ployez sous notre joug",,,,,,,,,,,,,,0xFF01FE,,,"Attaquer Joug-d'hiver et vaincre en 10 minutes maximum.",,,,,,,,,,,,,,0xFF01FE,14901,0xA,3,0x0,145,,,"",,,,,,,,,,,,,,0x7EFF01EC,0,0,
1789,-1,-1,0,,,"Corvées journalières",,,,,,,,,,,,,,0xFF01FE,,,"Achever cinq quêtes journalières en ayant sorti son orphelin.",,,,,,,,,,,,,,0xFF01FE,163,0xA,3,0x0,162,,,"",,,,,,,,,,,,,,0x7EFF01EC,0,0,
1936,-1,-1,0,,,"Puisque je vous dis que je l'ai vu !",,,,,,,,,,,,,,0xFF01FE,,,"Obtenir un wolpertinger.",,,,,,,,,,,,,,0xFF01FE,162,0xA,3,0x0,1312,,,"",,,,,,,,,,,,,,0x7EFF01EC,1,0,
2219,-1,-1,0,,,"Morts dans des donjons héroïques à 5",,,,,,,,,,,,,,0xFF01FE,,,"Morts dans des donjons héroïques à 5",,,,,,,,,,,,,,0xFF01FE,125,0x0,3,0x1,1,,,"",,,,,,,,,,,,,,0x7AFF01EC,0,0,
2418,-1,-1,2417,,,"C'est fort en chocolat",,,,,,,,,,,,,,0xFF01FE,,,"Manger 100 chocolats du Jardin des nobles pendant la fête du Jardin des nobles.",,,,,,,,,,,,,,0xFF01FE,159,0xA,3,0x0,3706,,,"",,,,,,,,,,,,,,0x7EFF01EC,0,0,
2772,-1,-1,0,,,"Désarçonné !",,,,,,,,,,,,,,0xFF01FE,,,"Vaincre un personnage-joueur en duel monté au tournoi d'Argent.",,,,,,,,,,,,,,0xFF01FE,14941,0xA,3,0x0,370,,,"",,,,,,,,,,,,,,0x7DFF01EC,0,0,
2858,-1,603,0,,,"Morts d'Ignis le maître de la Fournaise (Ulduar à 10)",,,,,,,,,,,,,,0xFF01FE,,,"Morts d'Ignis le maître de la Fournaise (Ulduar à 10)",,,,,,,,,,,,,,0xFF01FE,14963,0xA,3,0x1,1700,,,"",,,,,,,,,,,,,,0x7DFF01EC,0,0,
2890,-1,603,0,,,"Les gardiens d'Ulduar (10 joueurs)",,,,,,,,,,,,,,0xFF01FE,,,"Vaincre les gardiens d'Ulduar en mode 10 joueurs.",,,,,,,,,,,,,,0xFF01FE,14961,0xA,3,0x0,3847,,,"",,,,,,,,,,,,,,0x7DFF01EC,0,0,
2891,-1,603,0,,,"Les gardiens d'Ulduar (25 joueurs)",,,,,,,,,,,,,,0xFF01FE,,,"Vaincre les gardiens d'Ulduar en mode 25 joueurs.",,,,,,,,,,,,,,0xFF01FE,14962,0xA,3,0x0,3847,,,"",,,,,,,,,,,,,,0x7DFF01EC,0,0,
3577,0,-1,0,,,"Maintenant, on peut cuisiner !",,,,,,,,,,,,,,0xFF01FE,,,"Cuisiner chacun des plats des Bienfaits du pèlerin.",,,,,,,,,,,,,,0xFF01FE,14981,0xA,3,0x0,3678,,,"",,,,,,,,,,,,,,0xFFF7EE,0,0,
3797,-1,-1,0,,,"Mal de dos (10 joueurs)",,,,,,,,,,,,,,0xFF01FE,,,"Vaincre Glace-hurlante avec 2 frigbolds toujours vivants en mode 10 joueurs.",,,,,,,,,,,,,,0xFF01FE,15001,0xA,3,0x0,1665,,,"",,,,,,,,,,,,,,0xFF1BFF,1,0,
3813,-1,-1,0,,,"Mal de dos (25 joueurs)",,,,,,,,,,,,,,0xFF01FE,,,"Vaincre Glace-hurlante avec 4 frigbolds toujours vivants en mode 25 joueurs.",,,,,,,,,,,,,,0xFF01FE,15002,0xA,3,0x0,1665,,,"",,,,,,,,,,,,,,0xFF1BFD,1,0,
3845,-1,628,0,,,"Vedette de l'île des Conquérants",,,,,,,,,,,,,,0xFF01FE,,,"Dans une même bataille pour l'île des Conquérants, attaquer une base, en défendre une, détruire un véhicule et tuer un personnage-joueur.",,,,,,,,,,,,,,0xFF01FE,15003,0x14,3,0x0,2268,,,"",,,,,,,,,,,,,,0xFF1BFF,0,0,
4048,-1,-1,0,,,"Victoires sur le champion mage (L'épreuve du champion)",,,,,,,,,,,,,,0xFF01FE,,,"Victoires sur le champion mage (L'épreuve du champion)",,,,,,,,,,,,,,0xFF01FE,15021,0x0,3,0x1,1,,,"",,,,,,,,,,,,,,0xFF01EC,0,0,
4528,-1,631,0,,,"La Pesterie (10 joueurs)",,,,,,,,,,,,,,0xFF01FE,,,"Vaincre les boss de la Pesterie dans la citadelle de la Couronne de glace en mode 10 joueurs.",,,,,,,,,,,,,,0xFF01FE,15041,0xA,3,0x0,4177,,,"",,,,,,,,,,,,,,0xFF01EC,0,0,
4605,-1,631,0,,,"La Pesterie (25 joueurs)",,,,,,,,,,,,,,0xFF01FE,,,"Vaincre les boss de la Pesterie dans la citadelle de la Couronne de glace en mode 25 joueurs.",,,,,,,,,,,,,,0xFF01FE,15042,0xA,3,0x0,4177,,,"",,,,,,,,,,,,,,0xFF01FC,0,0,
4715,-1,-1,0,,,"Morts du Dévoreur d'âmes (Forge des âmes)",,,,,,,,,,,,,,0xFF01FE,,,"",,,,,,,,,,,,,,0xFF01FC,15062,0x0,3,0x1,1,,,"",,,,,,,,,,,,,,0xFF01FC,0,0,
9,-1,-1,8,,,"Niveau 40",,,,,,,,,,,,,,0xFF01FE,,,"Atteindre le niveau 40.",,,,,,,,,,,,,,0xFF01FE,92,0xA,4,0x4,3271,,,"",,,,,,,,,,,,,,0xFF01EE,0,0,
45,-1,-1,0,,,"Exploration du Norfendre",,,,,,,,,,,,,,0xFF01FE,,,"Explorer les régions du Norfendre.",,,,,,,,,,,,,,0xFF01FE,97,0x19,4,0x0,3493,,,"Récompense : tabard de l'explorateur",,,,,,,,,,,,,,0xFF01FE,0,0,
108,-1,-1,0,,,"Bestioles tuées",,,,,,,,,,,,,,0xFF01FE,,,"Bestioles tuées",,,,,,,,,,,,,,0xFF01FE,135,0x0,4,0x1,4,,,"",,,,,,,,,,,,,,0xFF01EE,0,0,
114,-1,-1,0,,,"Morts par chute",,,,,,,,,,,,,,0xFF01FE,,,"Morts par chute",,,,,,,,,,,,,,0xFF01FE,126,0x0,4,0x1,4,,,"",,,,,,,,,,,,,,0xFF01EE,0,0,
124,-1,-1,123,,,"Maître cuisinier",,,,,,,,,,,,,,0xFF01FE,,,"Devenir un maître cuisinier.",,,,,,,,,,,,,,0xFF01FE,170,0xA,4,0x0,1467,,,"",,,,,,,,,,,,,,0xFF01EE,0,0,
129,-1,-1,128,,,"Maître pêcheur",,,,,,,,,,,,,,0xFF01FE,,,"Devenir un maître pêcheur.",,,,,,,,,,,,,,0xFF01FE,171,0xA,4,0x0,580,,,"",,,,,,,,,,,,,,0xFF01EE,0,0,
134,-1,-1,133,,,"Maître secouriste",,,,,,,,,,,,,,0xFF01FE,,,"Devenir un maître secouriste.",,,,,,,,,,,,,,0xFF01FE,172,0xA,4,0x0,504,,,"",,,,,,,,,,,,,,0xFF01EE,0,0,
158,-1,529,0,,,"Cap ou pas cap ?",,,,,,,,,,,,,,0xFF01FE,,,"Capturer 50 drapeaux au bassin d'Arathi.",,,,,,,,,,,,,,0xFF01FE,14802,0xA,4,0x0,3470,,,"",,,,,,,,,,,,,,0xFF01EE,0,0,
200,-1,489,0,,,"Défenseur obstiné",,,,,,,,,,,,,,0xFF01FE,,,"Ramener 50 drapeaux en défense dans le goulet des Chanteguerres.",,,,,,,,,,,,,,0xFF01FE,14804,0xA,4,0x0,3398,,,"",,,,,,,,,,,,,,0xFF01EE,0,0,
222,-1,30,0,,,"Défense des tours",,,,,,,,,,,,,,0xFF01FE,,,"Défendre 50 tours dans la vallée d'Alterac.",,,,,,,,,,,,,,0xFF01FE,14801,0xA,4,0x0,3581,,,"",,,,,,,,,,,,,,0xFF01EE,0,0,
248,-1,-1,0,,,"Habits du dimanche",,,,,,,,,,,,,,0xFF01FE,,,"Découvrir la chemise blanche de smoking et le pantalon de smoking noir en ouvrant des œufs vivement colorés pendant la fête du Jardin des nobles.",,,,,,,,,,,,,,0xFF01FE,159,0xA,4,0x0,3712,,,"",,,,,,,,,,,,,,0xFF01EE,0,0,
289,-1,-1,0,,,"Le sauveur de la Sanssaint",,,,,,,,,,,,,,0xFF01FE,,,"Achever l'une des quêtes demandant de sauver un village du Cavalier sans tête.",,,,,,,,,,,,,,0xFF01FE,158,0xA,4,0x0,3512,,,"",,,,,,,,,,,,,,0xFF01EE,1,0,
326,-1,-1,0,,,"Argent obtenu en récompense de quêtes",,,,,,,,,,,,,,0xFF01FE,,,"Argent obtenu en récompense de quêtes",,,,,,,,,,,,,,0xFF01FE,140,0x0,4,0x1,4,,,"",,,,,,,,,,,,,,0xFF01EE,0,0,
336,-1,-1,0,,,"Objets légendaires obtenus",,,,,,,,,,,,,,0xFF01FE,,,"Objets légendaires obtenus",,,,,,,,,,,,,,0xFF01FE,191,0x0,4,0x1,4,,,"",,,,,,,,,,,,,,0xFF01EE,0,0,
345,-1,-1,0,,,"Potions de soins consommées",,,,,,,,,,,,,,0xFF01FE,,,"Potions de soins consommées",,,,,,,,,,,,,,0xFF01FE,145,0x0,4,0x9,4,,,"",,,,,,,,,,,,,,0xFF01EE,0,0,
362,-1,-1,0,,,"Victoires en 5c5",,,,,,,,,,,,,,0xFF01FE,,,"Victoires en 5c5",,,,,,,,,,,,,,0xFF01FE,152,0x0,4,0x9,4,,,"",,,,,,,,,,,,,,0xFF01EE,0,0,
383,-1,-1,0,,,"Victoires honorables en arène",,,,,,,,,,,,,,0xFF01FE,,,"Victoires honorables en arène",,,,,,,,,,,,,,0xFF01FE,136,0x0,4,0x9,4,,,"",,,,,,,,,,,,,,0xFF01EE,0,0,
465,-1,-1,0,,,"Paladin « Prem's » au niveau 80 sur le royaume",,,,,,,,,,,,,,0xFF01FE,,,"Premier paladin du royaume à atteindre le niveau 80.",,,,,,,,,,,,,,0xFF01FE,81,0x0,4,0x100,25,,,"",,,,,,,,,,,,,,0xFF01EE,0,0,
481,-1,619,0,,,"Ahn'kahet : l'Ancien royaume",,,,,,,,,,,,,,0xFF01FE,,,"Vaincre les boss d'Ahn'kahet : l'Ancien royaume.",,,,,,,,,,,,,,0xFF01FE,14806,0xA,4,0x0,3231,,,"",,,,,,,,,,,,,,0xFF01EC,0,0,
492,-1,619,0,,,"Ahn'kahet : l'Ancien royaume : mode héroïque",,,,,,,,,,,,,,0xFF01FE,,,"Vaincre les boss d'Ahn'kahet : l'Ancien royaume en mode héroïque.",,,,,,,,,,,,,,0xFF01FE,14921,0xA,4,0x0,3232,,,"",,,,,,,,,,,,,,0xFF01EC,0,0,
506,-1,-1,505,,,"500 quêtes achevées",,,,,,,,,,,,,,0xFF01FE,,,"Achever 500 quêtes.",,,,,,,,,,,,,,0xFF01FE,96,0xA,4,0x0,3418,,,"",,,,,,,,,,,,,,0xFF01EE,0,0,
516,-1,-1,515,,,"1 000 victoires honorables",,,,,,,,,,,,,,0xFF01FE,,,"Obtenir 1 000 victoires honorables.",,,,,,,,,,,,,,0xFF01FE,95,0xA,4,0x0,3457,,,"",,,,,,,,,,,,,,0xFF01EE,0,0,
521,-1,-1,524,,,"15 réputations exaltées",,,,,,,,,,,,,,0xFF01FE,,,"Monter 15 réputations jusqu'à Exalté.",,,,,,,,,,,,,,0xFF01FE,201,0xA,4,0x0,3607,,,"",,,,,,,,,,,,,,0xFF01EE,0,0,
528,-1,-1,0,,,"Dégâts totaux subis",,,,,,,,,,,,,,0xFF01FE,,,"Dégâts totaux subis",,,,,,,,,,,,,,0xFF01FE,141,0x0,4,0x1,1,,,"",,,,,,,,,,,,,,0xFF01EE,0,0,
564,-1,533,0,,,"Le quartier des Assemblages (10 joueurs)",,,,,,,,,,,,,,0xFF01FE,,,"Vaincre les boss du quartier des Assemblages à Naxxramas en mode 10 joueurs.",,,,,,,,,,,,,,0xFF01FE,14922,0xA,4,0x0,2956,,,"",,,,,,,,,,,,,,0xFF01EC,0,0,
565,-1,533,0,,,"Le quartier des Assemblages (25 joueurs)",,,,,,,,,,,,,,0xFF01FE,,,"Vaincre les boss du quartier des Assemblages à Naxxramas en mode 25 joueurs.",,,,,,,,,,,,,,0xFF01FE,14923,0xA,4,0x0,2956,,,"",,,,,,,,,,,,,,0xFF01EC,0,0,
608,-1,-1,607,,,"25 pièces des ancêtres",,,,,,,,,,,,,,0xFF01FE,,,"Recevoir 25 pièces des ancêtres.",,,,,,,,,,,,,,0xFF01FE,160,0xA,4,0x0,2717,,,"",,,,,,,,,,,,,,0xFF01EE,0,0,
631,-1,-1,0,,,"Donjon d'Ombrecroc",,,,,,,,,,,,,,0xFF01FE,,,"Vaincre l'archimage Arugal.",,,,,,,,,,,,,,0xFF01FE,14808,0xA,4,0x0,3822,,,"",,,,,,,,,,,,,,0xFF01EE,1,0,
650,-1,-1,0,,,"La Basse-tourbière",,,,,,,,,,,,,,0xFF01FE,,,"Vaincre la Traqueuse noire.",,,,,,,,,,,,,,0xFF01FE,14805,0xA,4,0x0,3823,,,"",,,,,,,,,,,,,,0xFF01EE,1,0,
733,-1,-1,732,,,"Maître de métier",,,,,,,,,,,,,,0xFF01FE,,,"Devenir maître dans un métier.",,,,,,,,,,,,,,0xFF01FE,169,0xA,4,0x0,2846,,,"",,,,,,,,,,,,,,0xFF01EE,1,0,
759,-1,-1,0,,,"Nombre moyen de quêtes journalières achevées chaque jour",,,,,,,,,,,,,,0xFF01FE,,,"Nombre moyen de quêtes journalières achevées chaque jour",,,,,,,,,,,,,,0xFF01FE,133,0x0,4,0x41,1,,,"",,,,,,,,,,,,,,0xFF01EE,0,97,
784,-1,566,0,,,"Domination de l'Œil du cyclone",,,,,,,,,,,,,,0xFF01FE,,,"Gagner 10 fois dans l'Œil du cyclone en possédant 4 bases.",,,,,,,,,,,,,,0xFF01FE,14803,0xA,4,0x0,2830,,,"",,,,,,,,,,,,,,0xFF01EE,0,0,
799,-1,-1,0,,,"Esprits ancestraux par des chamans",,,,,,,,,,,,,,0xFF01FE,,,"Esprits ancestraux par des chamans",,,,,,,,,,,,,,0xFF01FE,127,0x0,4,0x9,1,,,"",,,,,,,,,,,,,,0xFF01EE,0,0,
859,-1,-1,0,,,"Exploration du bois des Chants éternels",,,,,,,,,,,,,,0xFF01FE,,,"Explorer le bois des Chants éternels et révéler les zones voilées de la carte du monde.",,,,,,,,,,,,,,0xFF01FE,14777,0xA,4,0x0,3537,,,"",,,,,,,,,,,,,,0xFF01EE,0,0,
860,-1,-1,0,,,"Exploration de l'île de Brume-azur",,,,,,,,,,,,,,0xFF01FE,,,"Explorer l'île de Brume-azur et révéler les zones voilées de la carte du monde.",,,,,,,,,,,,,,0xFF01FE,14778,0xA,4,0x0,3545,,,"",,,,,,,,,,,,,,0xFF01EE,0,0,
866,-1,-1,0,,,"Exploration de Nagrand",,,,,,,,,,,,,,0xFF01FE,,,"Explorer Nagrand et révéler les zones voilées de la carte du monde.",,,,,,,,,,,,,,0xFF01FE,14779,0xA,4,0x0,3563,,,"",,,,,,,,,,,,,,0xFF01EE,0,0,
876,-1,-1,875,,,"Dévouement brutal",,,,,,,,,,,,,,0xFF01FE,,,"Gagner 300 matchs d'arène du championnat au niveau 80.",,,,,,,,,,,,,,0xFF01FE,165,0xA,4,0x0,3595,,,"Récompense : tabard de la force brute",,,,,,,,,,,,,,0xFF01FE,0,0,
894,-1,-1,0,,,"Belle vue sur Skettis",,,,,,,,,,,,,,0xFF01FE,,,"Être exalté auprès de la garde-ciel sha'tari.",,,,,,,,,,,,,,0xFF01FE,14865,0xA,4,0x0,2422,,,"",,,,,,,,,,,,,,0xFF01EE,0,0,
917,-1,-1,0,,,"Morts dans des raids à 10",,,,,,,,,,,,,,0xFF01FE,,,"Morts dans des raids à 10",,,,,,,,,,,,,,0xFF01FE,125,0x0,4,0x9,1,,,"",,,,,,,,,,,,,,0xFF01EE,0,0,
924,-1,-1,0,,,"Plus grand nombre de réputations exaltées en Norfendre",,,,,,,,,,,,,,0xFF01FE,,,"Plus grand nombre de réputations exaltées en Norfendre",,,,,,,,,,,,,,0xFF01FE,147,0x0,4,0x21,1,,,"",,,,,,,,,,,,,,0xFF01EE,0,0,
951,-1,-1,0,,,"Les Oracles",,,,,,,,,,,,,,0xFF01FE,,,"Être exalté auprès des Oracles.",,,,,,,,,,,,,,0xFF01FE,14866,0xA,4,0x0,1751,,,"",,,,,,,,,,,,,,0xFF01EE,0,0,
955,-1,-1,0,,,"Les Hydraxiens",,,,,,,,,,,,,,0xFF01FE,,,"Être exalté auprès des Hydraxiens.",,,,,,,,,,,,,,0xFF01FE,14864,0xA,4,0x0,2134,,,"",,,,,,,,,,,,,,0xFF01EE,0,0,
1022,1,-1,0,,,"Gardien des flammes des Royaumes de l'est",,,,,,,,,,,,,,0xFF01FE,,,"Honorer les flammes des Royaumes de l'est.",,,,,,,,,,,,,,0xFF01FE,161,0xA,4,0x0,1923,,,"",,,,,,,,,,,,,,0xFF01EE,0,0,
1066,-1,-1,0,,,"Nombre de MDR",,,,,,,,,,,,,,0xFF01FE,,,"Nombre de MDR",,,,,,,,,,,,,,0xFF01FE,131,0x0,4,0x9,1,,,"",,,,,,,,,,,,,,0xFF01EE,0,0,
1071,-1,547,0,,,"Morts de Bourbierreux (Les enclos aux esclaves)",,,,,,,,,,,,,,0xFF01FE,,,"Morts de Bourbierreux (Les enclos aux esclaves)",,,,,,,,,,,,,,0xFF01FE,14822,0x5,4,0x1,2051,,,"",,,,,,,,,,,,,,0xFF01EE,0,0,
1094,-1,209,0,,,"Morts du chef Ukorz Scalpessable (Zul'Farrak)",,,,,,,,,,,,,,0xFF01FE,,,"Morts du chef Ukorz Scalpessable (Zul'Farrak)",,,,,,,,,,,,,,0xFF01FE,14821,0x5,4,0x1,1698,,,"",,,,,,,,,,,,,,0xFF01EE,0,0,
1106,-1,-1,0,,,"Morts dans l'Œil du cyclone",,,,,,,,,,,,,,0xFF01FE,,,"Morts dans l'Œil du cyclone",,,,,,,,,,,,,,0xFF01FE,124,0x0,4,0x1,1,,,"",,,,,,,,,,,,,,0xFF01EE,0,0,
1185,-1,-1,0,,,"Le régime de la fête des Brasseurs",,,,,,,,,,,,,,0xFF01FE,,,"Manger 8 denrées de la fête des Brasseurs listées ci-dessous.",,,,,,,,,,,,,,0xFF01FE,162,0xA,4,0x0,2996,,,"",,,,,,,,,,,,,,0xFF01EE,0,0,
1190,-1,-1,0,,,"Les mystères du marécage",,,,,,,,,,,,,,0xFF01FE,,,"Achever 54 quêtes dans le marécage de Zangar.",,,,,,,,,,,,,,0xFF01FE,14862,0xA,4,0x0,3585,,,"",,,,,,,,,,,,,,0xFF01EE,0,0,
1202,-1,-1,0,,,"Compétences d'armes au niveau maximum",,,,,,,,,,,,,,0xFF01FE,,,"Compétences d'armes au niveau maximum",,,,,,,,,,,,,,0xFF01FE,132,0x0,4,0x21,1,,,"",,,,,,,,,,,,,,0xFF01EE,0,0,
1255,1,-1,0,,,"Blague de Noël",,,,,,,,,,,,,,0xFF01FE,,,"Lancer une boule de neige sur le roi Magni Barbe-de-bronze pendant la fête du Voile d'hiver.",,,,,,,,,,,,,,0xFF01FE,156,0xA,4,0x0,1665,,,"",,,,,,,,,,,,,,0x7DFF01EE,1,0,
1266,-1,-1,0,,,"Exploration des Grisonnes",,,,,,,,,,,,,,0xFF01FE,,,"Explorer les Grisonnes et révéler les zones voilées de la carte du monde.",,,,,,,,,,,,,,0xFF01FE,14780,0xA,4,0x0,3333,,,"",,,,,,,,,,,,,,0x7DFF01EE,0,0,
1287,-1,-1,0,,,"Héros des donjons de l'Outreterre",,,,,,,,,,,,,,0xFF01FE,,,"Accomplir les hauts faits dans les donjons héroïques de The Burning Crusade listés ci-dessous.",,,,,,,,,,,,,,0xFF01FE,168,0x14,4,0x0,1762,,,"",,,,,,,,,,,,,,0x7DFF01EE,0,0,
1339,-1,-1,0,,,"Portail de mage le plus emprunté",,,,,,,,,,,,,,0xFF01FE,,,"Portail de mage le plus emprunté",,,,,,,,,,,,,,0xFF01FE,134,0x0,4,0x11,1,,,"",,,,,,,,,,,,,,0xFEFF01EC,0,350,
1356,0,-1,0,,,"Tour du fjord",,,,,,,,,,,,,,0xFF01FE,,,"Achever 105 quêtes dans le fjord Hurlant.",,,,,,,,,,,,,,0xFF01FE,14863,0xA,4,0x0,3337,,,"",,,,,,,,,,,,,,0x7DFF01EC,0,0,
1465,-1,-1,0,,,"Emblèmes de vaillance obtenus",,,,,,,,,,,,,,0xFF01FE,,,"Emblèmes de vaillance obtenus",,,,,,,,,,,,,,0xFF01FE,130,0x0,4,0x1,1,,,"",,,,,,,,,,,,,,0x7EFF01EC,0,0,
1490,-1,-1,0,,,"Coups fatals en arène",,,,,,,,,,,,,,0xFF01FE,,,"Coups fatals en arène",,,,,,,,,,,,,,0xFF01FE,137,0x0,4,0x9,4,,,"",,,,,,,,,,,,,,0x7BFF01EC,0,0,
1505,-1,576,0,,,"Morts de Keristrasza (Le Nexus en mode héroïque)",,,,,,,,,,,,,,0xFF01FE,,,"Morts de Keristrasza (Le Nexus en mode héroïque)",,,,,,,,,,,,,,0xFF01FE,14823,0x5,4,0x1,56,,,"",,,,,,,,,,,,,,0x7EFF01EC,0,0,
1678,1,-1,0,,,"Maître des traditions de Kalimdor",,,,,,,,,,,,,,0xFF01FE,,,"Achever 700 quêtes en Kalimdor.",,,,,,,,,,,,,,0xFF01FE,14861,0xA,4,0x88,3491,,,"",,,,,,,,,,,,,,0x7DFF01EC,0,0,
1699,-1,-1,0,,,"Poignées d'amour",,,,,,,,,,,,,,0xFF01FE,,,"Lancer une poignée de pétales de rose sur les personnages des classes ET des races listées ci-dessous.",,,,,,,,,,,,,,0xFF01FE,187,0xA,4,0x0,1848,,,"",,,,,,,,,,,,,,0x7BFF01EC,0,0,
1730,-1,-1,0,,,"Plans de forge appris",,,,,,,,,,,,,,0xFF01FE,,,"Plans de forge appris",,,,,,,,,,,,,,0xFF01FE,173,0x0,4,0x1,4,,,"",,,,,,,,,,,,,,0x7DFF01EC,0,0,
1765,-1,607,0,,,"Surtout, ne pas trembler",,,,,,,,,,,,,,0xFF01FE,,,"Désarmer 5 charges d'hydroglycérine dans un même champ de bataille.",,,,,,,,,,,,,,0xFF01FE,14881,0xA,4,0x0,1755,,,"",,,,,,,,,,,,,,0x7EFF01EC,0,0,
1792,-1,-1,0,,,"Ouh, qu'il est mignon !",,,,,,,,,,,,,,0xFF01FE,,,"Obtenir l'un des familiers en récompense de la semaine des enfants.",,,,,,,,,,,,,,0xFF01FE,163,0xA,4,0x0,1588,,,"",,,,,,,,,,,,,,0x7BFF01EC,1,0,
1976,-1,-1,0,,,"Prix de cuisine de Dalaran obtenus",,,,,,,,,,,,,,0xFF01FE,,,"Prix de cuisine de Dalaran obtenus",,,,,,,,,,,,,,0xFF01FE,178,0x0,4,0x1,1,,,"",,,,,,,,,,,,,,0x7EFF01EC,0,0,
2199,-1,571,0,,,"Forestier de Joug-d'hiver",,,,,,,,,,,,,,0xFF01FE,,,"Tuer 10 personnages dans chacune des zones de Joug-d'hiver listées ci-dessous.",,,,,,,,,,,,,,0xFF01FE,14901,0xA,4,0x0,2945,,,"",,,,,,,,,,,,,,0x6BFF01EC,0,0,
2397,-1,-1,0,,,"Champ de bataille le plus remporté",,,,,,,,,,,,,,0xFF01FE,,,"Champ de bataille le plus remporté",,,,,,,,,,,,,,0xFF01FE,153,0x0,4,0x11,1,,,"",,,,,,,,,,,,,,0x7EFF01EC,0,840,
2797,1,-1,0,,,"Noble jardinier",,,,,,,,,,,,,,0xFF01FE,,,"Accomplir les hauts faits du Jardin des nobles listés ci-dessous.",,,,,,,,,,,,,,0xFF01FE,155,0xA,4,0x0,3202,,,"Titre : noble",,,,,,,,,,,,,,0xFF01FE,0,0,
2836,-1,-1,0,,,"Jouter n'est pas tuer",,,,,,,,,,,,,,0xFF01FE,,,"Vaincre un cavalier de chaque race au tournoi d'Argent.",,,,,,,,,,,,,,0xFF01FE,14941,0xA,4,0x0,370,,,"",,,,,,,,,,,,,,0x7AFF01EC,0,0,
2859,-1,603,0,,,"Morts du déconstructeur XT-002 (Ulduar à 10)",,,,,,,,,,,,,,0xFF01FE,,,"Morts du déconstructeur XT-002 (Ulduar à 10)",,,,,,,,,,,,,,0xFF01FE,14963,0xA,4,0x1,1700,,,"",,,,,,,,,,,,,,0x7DFF01EC,0,0,
2892,-1,603,0,,,"La Descente dans la folie (10 joueurs)",,,,,,,,,,,,,,0xFF01FE,,,"Vaincre les boss de la Descente dans la folie dans Ulduar en mode 10 joueurs.",,,,,,,,,,,,,,0xFF01FE,14961,0xA,4,0x0,3848,,,"",,,,,,,,,,,,,,0x7DFF01EC,0,0,
2893,-1,603,0,,,"La Descente dans la folie (25 joueurs)",,,,,,,,,,,,,,0xFF01FE,,,"Vaincre les boss de la Descente dans la folie dans Ulduar en mode 25 joueurs.",,,,,,,,,,,,,,0xFF01FE,14962,0xA,4,0x0,3848,,,"",,,,,,,,,,,,,,0x7DFF01EC,0,0,
3556,1,-1,0,,,"La panse du pèlerin",,,,,,,,,,,,,,0xFF01FE,,,"Acquérir l'Esprit du partage grâce à un festin complet à la table des Bienfaits dans chaque capitale de l'Alliance.",,,,,,,,,,,,,,0xFF01FE,14981,0xA,4,0x0,3709,,,"",,,,,,,,,,,,,,0xFFF7EE,0,0,
3846,1,628,0,,,"Gavage de ressources",,,,,,,,,,,,,,0xFF01FE,,,"Gagner sur l'île des Conquérants alors que votre équipe contrôle la carrière et la raffinerie.",,,,,,,,,,,,,,0xFF01FE,15003,0xA,4,0x0,3736,,,"",,,,,,,,,,,,,,0xFF1BFF,0,0,
3936,-1,-1,0,,,"Pas un, mais deux jormungars (10 joueurs)",,,,,,,,,,,,,,0xFF01FE,,,"Vaincre Gueule-d'acide et Écaille-d'effroi à moins de 10 secondes d'intervalle en mode 10 joueurs.",,,,,,,,,,,,,,0xFF01FE,15001,0xA,4,0x0,4025,,,"",,,,,,,,,,,,,,0xFF01EC,1,0,
3937,-1,-1,0,,,"Pas un, mais deux jormungars (25 joueurs)",,,,,,,,,,,,,,0xFF01FE,,,"Vaincre Gueule-d'acide et Écaille-d'effroi à moins de 10 secondes d'intervalle en mode 25 joueurs.",,,,,,,,,,,,,,0xFF01FE,15002,0xA,4,0x0,4025,,,"",,,,,,,,,,,,,,0xFFF7EC,1,0,
4049,-1,-1,0,,,"Victoires sur le champion mage (L'épreuve du champion héroïque)",,,,,,,,,,,,,,0xFF01FE,,,"Victoires sur le champion mage (L'épreuve du champion héroïque)",,,,,,,,,,,,,,0xFF01FE,15021,0x0,4,0x1,1,,,"",,,,,,,,,,,,,,0xFF01EC,0,0,
4629,-1,631,4528,,,"La Pesterie : mode héroïque (10 joueurs)",,,,,,,,,,,,,,0xFF01FE,,,"Vaincre les boss de la Pesterie dans la citadelle de la Couronne de glace en mode héroïque à 10 joueurs.",,,,,,,,,,,,,,0xFF01FE,15041,0xA,4,0x0,4177,,,"",,,,,,,,,,,,,,0xFF01FC,0,0,
4633,-1,631,4605,,,"La Pesterie : mode héroïque (25 joueurs)",,,,,,,,,,,,,,0xFF01FE,,,"Vaincre les boss de la Pesterie dans la citadelle de la Couronne de glace en mode héroïque à 25 joueurs.",,,,,,,,,,,,,,0xFF01FE,15042,0xA,4,0x0,4177,,,"",,,,,,,,,,,,,,0xFF01FC,0,0,
4716,-1,-1,0,,,"Morts du Dévoreur d'âmes (Forge des âmes héroïque)",,,,,,,,,,,,,,0xFF01FE,,,"",,,,,,,,,,,,,,0xFF01FC,15062,0x0,4,0x1,1,,,"",,,,,,,,,,,,,,0xFF01FC,0,0,
10,-1,-1,9,,,"Niveau 50",,,,,,,,,,,,,,0xFF01FE,,,"Atteindre le niveau 50.",,,,,,,,,,,,,,0xFF01FE,92,0xA,5,0x4,3272,,,"",,,,,,,,,,,,,,0xFF01EE,0,0,
35,1,-1,0,,,"La puissance de la Désolation des dragons",,,,,,,,,,,,,,0xFF01FE,,,"Achever 115 quêtes dans la Désolation des dragons.",,,,,,,,,,,,,,0xFF01FE,14863,0xA,5,0x0,3338,,,"",,,,,,,,,,,,,,0xFF01EE,0,0,
46,-1,-1,0,,,"Grand explorateur",,,,,,,,,,,,,,0xFF01FE,,,"Explorer les Royaumes de l'est, Kalimdor, l'Outreterre et le Norfendre.",,,,,,,,,,,,,,0xFF01FE,97,0x32,5,0x0,2759,,,"Titre : explorateur",,,,,,,,,,,,,,0xFF01FE,0,0,
53,-1,30,0,,,"Batailles pour la vallée d'Alterac",,,,,,,,,,,,,,0xFF01FE,,,"Batailles pour la vallée d'Alterac",,,,,,,,,,,,,,0xFF01FE,153,0x0,5,0x1,1,,,"",,,,,,,,,,,,,,0xFF01EE,0,0,
73,-1,529,0,,,"Déshonorer le bassin",,,,,,,,,,,,,,0xFF01FE,,,"Attaquer 3 bases dans une même bataille pour le bassin d'Arathi.",,,,,,,,,,,,,,0xFF01FE,14802,0xA,5,0x0,456,,,"",,,,,,,,,,,,,,0xFF01EE,0,0,
94,-1,-1,0,,,"Quêtes abandonnées",,,,,,,,,,,,,,0xFF01FE,,,"Quêtes abandonnées",,,,,,,,,,,,,,0xFF01FE,133,0x0,5,0x1,0,,,"",,,,,,,,,,,,,,0xFF01EE,0,0,
115,-1,-1,0,,,"Morts par le feu et la lave",,,,,,,,,,,,,,0xFF01FE,,,"Morts par le feu et la lave",,,,,,,,,,,,,,0xFF01FE,126,0x0,5,0x9,4,,,"",,,,,,,,,,,,,,0xFF01EE,0,0,
125,-1,-1,124,,,"Grand maître cuisinier",,,,,,,,,,,,,,0xFF01FE,,,"Devenir un grand maître cuisinier.",,,,,,,,,,,,,,0xFF01FE,170,0xA,5,0x0,1467,,,"",,,,,,,,,,,,,,0xFF01EE,0,0,
130,-1,-1,129,,,"Grand maître pêcheur",,,,,,,,,,,,,,0xFF01FE,,,"Devenir un grand maître pêcheur.",,,,,,,,,,,,,,0xFF01FE,171,0xA,5,0x0,580,,,"",,,,,,,,,,,,,,0xFF01EE,0,0,
135,-1,-1,134,,,"Grand maître secouriste",,,,,,,,,,,,,,0xFF01FE,,,"Devenir un grand maître secouriste.",,,,,,,,,,,,,,0xFF01FE,172,0xA,5,0x0,504,,,"",,,,,,,,,,,,,,0xFF01EE,0,0,
189,-1,-1,0,,,"Plus gros soin",,,,,,,,,,,,,,0xFF01FE,,,"Plus gros soin",,,,,,,,,,,,,,0xFF01FE,141,0x0,5,0x1,4,,,"",,,,,,,,,,,,,,0xFF01EE,0,0,
214,-1,566,0,,,"Rafale",,,,,,,,,,,,,,0xFF01FE,,,"Gagner une bataille pour l'Œil du cyclone en moins de 6 minutes.",,,,,,,,,,,,,,0xFF01FE,14803,0xA,5,0x0,3386,,,"",,,,,,,,,,,,,,0xFF01EE,0,0,
224,0,30,0,,,"Défenseur loyal",,,,,,,,,,,,,,0xFF01FE,,,"Dans la vallée d'Alterac, tuer 50 ennemis dans le hall des Loups-de-givre.",,,,,,,,,,,,,,0xFF01FE,14801,0xA,5,0x0,3582,,,"",,,,,,,,,,,,,,0xFF01EE,0,0,
249,-1,-1,0,,,"Tenue de soirée",,,,,,,,,,,,,,0xFF01FE,,,"Découvrir une robe de soirée en ouvrant des œufs vivement colorés pendant la fête du Jardin des nobles.",,,,,,,,,,,,,,0xFF01FE,159,0xA,5,0x0,3713,,,"",,,,,,,,,,,,,,0xFF01EE,0,0,
281,-1,-1,0,,,"Compétence en secourisme",,,,,,,,,,,,,,0xFF01FE,,,"Compétence en secourisme",,,,,,,,,,,,,,0xFF01FE,178,0x0,5,0x1,1,,,"",,,,,,,,,,,,,,0xFF01EE,0,0,
339,-1,-1,0,,,"Montures possédées",,,,,,,,,,,,,,0xFF01FE,,,"Montures possédées",,,,,,,,,,,,,,0xFF01FE,191,0x0,5,0x1,4,,,"",,,,,,,,,,,,,,0xFF01EE,0,0,
353,-1,-1,0,,,"Nombre d'utilisations de la pierre de foyer",,,,,,,,,,,,,,0xFF01FE,,,"Nombre d'utilisations de la pierre de foyer",,,,,,,,,,,,,,0xFF01FE,134,0x0,5,0x1,4,,,"",,,,,,,,,,,,,,0xFF01EE,0,0,
365,-1,-1,0,,,"Matchs en 3c3",,,,,,,,,,,,,,0xFF01FE,,,"Matchs en 3c3",,,,,,,,,,,,,,0xFF01FE,152,0x0,5,0x9,4,,,"",,,,,,,,,,,,,,0xFF01EE,0,0,
382,-1,-1,0,,,"Victoires honorables en champs de bataille",,,,,,,,,,,,,,0xFF01FE,,,"Victoires honorables en champs de bataille",,,,,,,,,,,,,,0xFF01FE,136,0x0,5,0x9,4,,,"",,,,,,,,,,,,,,0xFF01EE,0,0,
464,-1,-1,0,,,"Prêtre « Prem's » au niveau 80 sur le royaume",,,,,,,,,,,,,,0xFF01FE,,,"Premier prêtre du royaume à atteindre le niveau 80.",,,,,,,,,,,,,,0xFF01FE,81,0x0,5,0x100,1523,,,"",,,,,,,,,,,,,,0xFF01EE,0,0,
482,-1,600,0,,,"Donjon de Drak'Tharon",,,,,,,,,,,,,,0xFF01FE,,,"Vaincre les boss du donjon de Drak'Tharon.",,,,,,,,,,,,,,0xFF01FE,14806,0xA,5,0x0,3233,,,"",,,,,,,,,,,,,,0xFF01EC,0,0,
493,-1,600,0,,,"Donjon de Drak'Tharon : mode héroïque",,,,,,,,,,,,,,0xFF01FE,,,"Vaincre les boss du donjon de Drak'Tharon en mode héroïque.",,,,,,,,,,,,,,0xFF01FE,14921,0xA,5,0x0,3234,,,"",,,,,,,,,,,,,,0xFF01EC,0,0,
507,-1,-1,506,,,"1 000 quêtes achevées",,,,,,,,,,,,,,0xFF01FE,,,"Achever 1 000 quêtes.",,,,,,,,,,,,,,0xFF01FE,96,0xA,5,0x0,3417,,,"",,,,,,,,,,,,,,0xFF01EE,0,0,
512,-1,-1,516,,,"5 000 victoires honorables",,,,,,,,,,,,,,0xFF01FE,,,"Obtenir 5 000 victoires honorables.",,,,,,,,,,,,,,0xFF01FE,95,0xA,5,0x0,3459,,,"",,,,,,,,,,,,,,0xFF01EE,0,0,
520,-1,-1,521,,,"20 réputations exaltées",,,,,,,,,,,,,,0xFF01FE,,,"Monter 20 réputations jusqu'à Exalté.",,,,,,,,,,,,,,0xFF01FE,201,0xA,5,0x0,3606,,,"",,,,,,,,,,,,,,0xFF01EE,0,0,
566,-1,533,0,,,"Le quartier de la Peste (10 joueurs)",,,,,,,,,,,,,,0xFF01FE,,,"Vaincre les boss du quartier de la Peste à Naxxramas en mode 10 joueurs.",,,,,,,,,,,,,,0xFF01FE,14922,0xA,5,0x0,2997,,,"",,,,,,,,,,,,,,0xFF01EC,0,0,
567,-1,533,0,,,"Le quartier de la Peste (25 joueurs)",,,,,,,,,,,,,,0xFF01FE,,,"Vaincre les boss du quartier de la Peste à Naxxramas en mode 25 joueurs.",,,,,,,,,,,,,,0xFF01FE,14923,0xA,5,0x0,2997,,,"",,,,,,,,,,,,,,0xFF01EC,0,0,
609,-1,-1,608,,,"50 pièces des ancêtres",,,,,,,,,,,,,,0xFF01FE,,,"Recevoir 50 pièces des ancêtres.",,,,,,,,,,,,,,0xFF01FE,160,0xA,5,0x0,2717,,,"",,,,,,,,,,,,,,0xFF01EE,0,0,
632,-1,-1,0,,,"Profondeurs de Brassenoire",,,,,,,,,,,,,,0xFF01FE,,,"Vaincre Aku'mai.",,,,,,,,,,,,,,0xFF01FE,14808,0xA,5,0x0,3653,,,"",,,,,,,,,,,,,,0xFF01EE,0,0,
651,-1,-1,0,,,"Tombes-mana",,,,,,,,,,,,,,0xFF01FE,,,"Vaincre le prince-nexus Shaffar.",,,,,,,,,,,,,,0xFF01FE,14805,0xA,5,0x0,3666,,,"",,,,,,,,,,,,,,0xFF01EE,1,0,
699,-1,-1,0,,,"Champion du monde",,,,,,,,,,,,,,0xFF01FE,,,"Gagner un match d'arène du championnat dans les arènes des Tranchantes, de Nagrand, l'arène des valeureux, les égouts de Dalaran et dans les ruines de Lordaeron au niveau 80.",,,,,,,,,,,,,,0xFF01FE,165,0xA,5,0x0,535,,,"",,,,,,,,,,,,,,0xFF01EE,0,0,
734,-1,-1,733,,,"Grand maître de métier",,,,,,,,,,,,,,0xFF01FE,,,"Devenir grand maître dans un métier.",,,,,,,,,,,,,,0xFF01FE,169,0xA,5,0x0,2846,,,"",,,,,,,,,,,,,,0xFF01EE,1,0,
750,-1,-1,0,,,"Exploration des Tarides",,,,,,,,,,,,,,0xFF01FE,,,"Explorer les Tarides et révéler les zones voilées de la carte du monde.",,,,,,,,,,,,,,0xFF01FE,14778,0xA,5,0x0,3547,,,"",,,,,,,,,,,,,,0xFF01EE,0,0,
779,-1,-1,0,,,"Exploration du Loch Modan",,,,,,,,,,,,,,0xFF01FE,,,"Explorer le Loch Modan et révéler les zones voilées de la carte du monde.",,,,,,,,,,,,,,0xFF01FE,14777,0xA,5,0x0,3558,,,"",,,,,,,,,,,,,,0xFF01EE,0,0,
800,-1,-1,0,,,"Rédemptions par des paladins",,,,,,,,,,,,,,0xFF01FE,,,"Rédemptions par des paladins",,,,,,,,,,,,,,0xFF01FE,127,0x0,5,0x9,1,,,"",,,,,,,,,,,,,,0xFF01EE,0,0,
865,-1,-1,0,,,"Exploration des Tranchantes",,,,,,,,,,,,,,0xFF01FE,,,"Explorer les Tranchantes et révéler les zones voilées de la carte du monde.",,,,,,,,,,,,,,0xFF01FE,14779,0xA,5,0x0,3549,,,"",,,,,,,,,,,,,,0xFF01EE,0,0,
872,-1,489,0,,,"Défenseur effréné",,,,,,,,,,,,,,0xFF01FE,,,"Ramener 5 drapeaux dans une même bataille pour le goulet des Chanteguerres.",,,,,,,,,,,,,,0xFF01FE,14804,0xA,5,0x0,3484,,,"",,,,,,,,,,,,,,0xFF01EE,0,0,
896,-1,-1,0,,,"Une quête par jour pour leur amour",,,,,,,,,,,,,,0xFF01FE,,,"Être exalté auprès d'Ogri'la.",,,,,,,,,,,,,,0xFF01FE,14865,0xA,5,0x0,2448,,,"",,,,,,,,,,,,,,0xFF01EE,0,0,
916,-1,-1,0,,,"Morts dans des raids à 25",,,,,,,,,,,,,,0xFF01FE,,,"Morts dans des raids à 25",,,,,,,,,,,,,,0xFF01FE,125,0x0,5,0x9,1,,,"",,,,,,,,,,,,,,0xFF01EE,0,0,
919,-1,-1,0,,,"Argent gagné à l'hôtel des ventes",,,,,,,,,,,,,,0xFF01FE,,,"Argent gagné à l'hôtel des ventes",,,,,,,,,,,,,,0xFF01FE,140,0x0,5,0x1,1,,,"",,,,,,,,,,,,,,0xFF01EE,0,0,
925,-1,-1,0,,,"Plus grand nombre de réputations exaltées en Outreterre",,,,,,,,,,,,,,0xFF01FE,,,"Plus grand nombre de réputations exaltées en Outreterre",,,,,,,,,,,,,,0xFF01FE,147,0x0,5,0x21,1,,,"",,,,,,,,,,,,,,0xFF01EE,0,0,
952,-1,-1,0,,,"Mercenaire de Sholazar",,,,,,,,,,,,,,0xFF01FE,,,"Être exalté auprès des Oracles et de la tribu Frénécœur.",,,,,,,,,,,,,,0xFF01FE,14866,0xA,5,0x0,229,,,"",,,,,,,,,,,,,,0xFF01EE,0,0,
956,-1,-1,0,,,"Progéniture de Nozdormu",,,,,,,,,,,,,,0xFF01FE,,,"Être exalté auprès de la Progéniture de Nozdormu.",,,,,,,,,,,,,,0xFF01FE,14864,0xA,5,0x0,1701,,,"",,,,,,,,,,,,,,0xFF01EE,0,0,
979,-1,-1,0,,,"Le masque au rade",,,,,,,,,,,,,,0xFF01FE,,,"Obtenir un masque fragile pendant la Sanssaint.",,,,,,,,,,,,,,0xFF01FE,158,0xA,5,0x0,2954,,,"",,,,,,,,,,,,,,0xFF01EE,1,0,
1023,1,-1,0,,,"Gardien des flammes de Kalimdor",,,,,,,,,,,,,,0xFF01FE,,,"Honorer les flammes de Kalimdor.",,,,,,,,,,,,,,0xFF01FE,161,0xA,5,0x0,1923,,,"",,,,,,,,,,,,,,0xFF01EE,0,0,
1045,-1,-1,0,,,"Nombre total d'acclamations",,,,,,,,,,,,,,0xFF01FE,,,"Nombre total d'acclamations",,,,,,,,,,,,,,0xFF01FE,131,0x0,5,0x1,1,,,"",,,,,,,,,,,,,,0xFF01EE,0,0,
1072,-1,546,0,,,"Morts de la Traqueuse noire (La Basse-tourbière)",,,,,,,,,,,,,,0xFF01FE,,,"Morts de la Traqueuse noire (La Basse-tourbière)",,,,,,,,,,,,,,0xFF01FE,14822,0x5,5,0x1,2603,,,"",,,,,,,,,,,,,,0xFF01EE,0,0,
1095,-1,230,0,,,"Morts de Dagran Thaurissan (Profondeurs de Rochenoire)",,,,,,,,,,,,,,0xFF01FE,,,"Morts de Dagran Thaurissan (Profondeurs de Rochenoire)",,,,,,,,,,,,,,0xFF01FE,14821,0x5,5,0x1,2302,,,"",,,,,,,,,,,,,,0xFF01EE,0,0,
1191,1,-1,0,,,"Terreur dans Terokkar",,,,,,,,,,,,,,0xFF01FE,,,"Achever 63 quêtes dans la forêt de Terokkar.",,,,,,,,,,,,,,0xFF01FE,14862,0xA,5,0x0,3586,,,"",,,,,,,,,,,,,,0xFF01EE,0,0,
1232,-1,601,0,,,"Morts d'Anub'arak (Azjol-Nérub)",,,,,,,,,,,,,,0xFF01FE,,,"Morts d'Anub'arak (Azjol-Nérub)",,,,,,,,,,,,,,0xFF01FE,14823,0x5,5,0x1,1899,,,"",,,,,,,,,,,,,,0x7DFF01EE,0,0,
1267,-1,-1,0,,,"Exploration de Zul'Drak",,,,,,,,,,,,,,0xFF01FE,,,"Explorer Zul'Drak et révéler les zones voilées de la carte du monde.",,,,,,,,,,,,,,0xFF01FE,14780,0xA,5,0x0,3334,,,"",,,,,,,,,,,,,,0x7DFF01EE,0,0,
1279,1,-1,0,,,"Flirter avec le désastre",,,,,,,,,,,,,,0xFF01FE,,,"Se soûler, mettre son meilleur parfum, lancer une poignée de pétales de rose sur Sraaz, puis l'embrasser. Vous le regretterez le lendemain matin.",,,,,,,,,,,,,,0xFF01FE,187,0xA,5,0x0,1846,,,"",,,,,,,,,,,,,,0x7DFF01EE,0,0,
1282,-1,-1,0,,,"La-la-la-la-Ogri'la",,,,,,,,,,,,,,0xFF01FE,,,"Achever la quête « Bombardez-les encore ! » en chevauchant un renne volant pendant la fête du Voile d'hiver.",,,,,,,,,,,,,,0xFF01FE,156,0xA,5,0x0,3700,,,"",,,,,,,,,,,,,,0x7DFF01EE,1,0,
1286,-1,-1,0,,,"Écumeur des raids de l'Outreterre",,,,,,,,,,,,,,0xFF01FE,,,"Accomplir les hauts faits dans les raids de The Burning Crusade listés ci-dessous.",,,,,,,,,,,,,,0xFF01FE,168,0x14,5,0x0,3204,,,"",,,,,,,,,,,,,,0x7DFF01EE,0,0,
1299,-1,-1,0,,,"Potions de soins les plus utilisées",,,,,,,,,,,,,,0xFF01FE,,,"Potions de soins les plus utilisées",,,,,,,,,,,,,,0xFF01FE,145,0x0,5,0x11,1,,,"",,,,,,,,,,,,,,0xFEFF01EC,0,345,
1491,-1,-1,0,,,"Coups fatals en champs de bataille",,,,,,,,,,,,,,0xFF01FE,,,"Coups fatals en champs de bataille",,,,,,,,,,,,,,0xFF01FE,137,0x0,5,0x9,4,,,"",,,,,,,,,,,,,,0x7BFF01EC,0,0,
1500,-1,-1,0,,,"Morts sur le rivage des Anciens",,,,,,,,,,,,,,0xFF01FE,,,"Morts sur le rivage des Anciens",,,,,,,,,,,,,,0xFF01FE,124,0x0,5,0x1,1,,,"",,,,,,,,,,,,,,0x7BFF01EC,0,0,
1535,-1,-1,0,,,"Plus haut score de compétence en enchantement",,,,,,,,,,,,,,0xFF01FE,,,"Plus haut score de compétence en enchantement",,,,,,,,,,,,,,0xFF01FE,173,0x0,5,0x1,1,,,"",,,,,,,,,,,,,,0x7BFF01EC,0,0,
1680,0,-1,0,,,"Maître des traditions de Kalimdor",,,,,,,,,,,,,,0xFF01FE,,,"Achever 685 quêtes en Kalimdor.",,,,,,,,,,,,,,0xFF01FE,14861,0xA,5,0x88,3491,,,"",,,,,,,,,,,,,,0x7BFF01EC,0,0,
1737,1,571,0,,,"Derby destructeur",,,,,,,,,,,,,,0xFF01FE,,,"Détruire chacun des véhicules listés ci-dessous.",,,,,,,,,,,,,,0xFF01FE,14901,0xA,5,0x0,3505,,,"",,,,,,,,,,,,,,0x7EFF01EC,0,0,
1757,1,607,0,,,"La défense des anciens",,,,,,,,,,,,,,0xFF01FE,,,"Défendre la plage sans perdre un seul mur",,,,,,,,,,,,,,0xFF01FE,14881,0xA,5,0x0,276,,,"",,,,,,,,,,,,,,0x7EFF01EC,0,0,
1786,-1,-1,0,,,"À la dure",,,,,,,,,,,,,,0xFF01FE,,,"Emmener votre orphelin sur un champ de bataille et achever les hauts faits listés ci-dessous.",,,,,,,,,,,,,,0xFF01FE,163,0xA,5,0x0,1511,,,"",,,,,,,,,,,,,,0x7EFF01EC,0,0,
2773,-1,-1,0,,,"Une simple blessure",,,,,,,,,,,,,,0xFF01FE,,,"Démasquer et vaincre le Chevalier noir au tournoi d'Argent",,,,,,,,,,,,,,0xFF01FE,14941,0xA,5,0x0,2737,,,"",,,,,,,,,,,,,,0x7DFF01EC,0,0,
2796,-1,-1,0,,,"La bière du mois",,,,,,,,,,,,,,0xFF01FE,,,"S'abonner au club de la bière du mois",,,,,,,,,,,,,,0xFF01FE,162,0xA,5,0x0,3082,,,"",,,,,,,,,,,,,,0x7BFF01EC,1,0,
2798,0,-1,0,,,"Noble jardinier",,,,,,,,,,,,,,0xFF01FE,,,"Accomplir les hauts faits du Jardin des nobles listés ci-dessous.",,,,,,,,,,,,,,0xFF01FE,155,0xA,5,0x0,3202,,,"Titre : noble",,,,,,,,,,,,,,0xFF01FE,0,0,
2860,-1,603,0,,,"Morts de l'assemblée du Fer (Ulduar à 10)",,,,,,,,,,,,,,0xFF01FE,,,"Morts de l'assemblée du Fer (Ulduar à 10)",,,,,,,,,,,,,,0xFF01FE,14963,0xA,5,0x1,1700,,,"",,,,,,,,,,,,,,0x7DFF01EC,0,0,
2894,-1,-1,0,,,"Les secrets d'Ulduar (10 joueurs)",,,,,,,,,,,,,,0xFF01FE,,,"Tuer tous les boss d'Ulduar en mode 10 joueurs.",,,,,,,,,,,,,,0xFF01FE,14961,0x19,5,0x0,3849,,,"",,,,,,,,,,,,,,0x7DFF01EC,0,0,
2895,-1,-1,0,,,"Les secrets d'Ulduar (25 joueurs)",,,,,,,,,,,,,,0xFF01FE,,,"Tuer tous les boss d'Ulduar en mode 25 joueurs.",,,,,,,,,,,,,,0xFF01FE,14962,0x19,5,0x0,3849,,,"",,,,,,,,,,,,,,0x7DFF01EC,0,0,
3018,-1,-1,0,,,"Emblèmes de conquête obtenus",,,,,,,,,,,,,,0xFF01FE,,,"Emblèmes de conquête obtenus",,,,,,,,,,,,,,0xFF01FE,130,0x0,5,0x1,1,,,"",,,,,,,,,,,,,,0x7BFF01EC,0,0,
3557,0,-1,0,,,"La panse du pèlerin",,,,,,,,,,,,,,0xFF01FE,,,"Acquérir l'Esprit du partage grâce à un festin complet à la table des Bienfaits dans chaque capitale de la Horde.",,,,,,,,,,,,,,0xFF01FE,14981,0xA,5,0x0,3709,,,"",,,,,,,,,,,,,,0xFFF7EE,0,0,
3851,1,628,3846,,,"Elle est à moi !",,,,,,,,,,,,,,0xFF01FE,,,"Gagner sur l'île des Conquérants en ayant le contrôle de la carrière, de la raffinerie, des docks, de l'atelier de siège et du hangar.",,,,,,,,,,,,,,0xFF01FE,15003,0xA,5,0x0,4016,,,"",,,,,,,,,,,,,,0xFF1BFF,0,0,
3996,-1,-1,0,,,"Pointe de douleur aiguë (10 joueurs)",,,,,,,,,,,,,,0xFF01FE,,,"Vaincre le seigneur Jaraxxus alors qu'au moins deux maîtresses de Douleur sont toujours vivantes en mode 10 joueurs.",,,,,,,,,,,,,,0xFF01FE,15001,0xA,5,0x0,1942,,,"",,,,,,,,,,,,,,0xFF01EC,1,0,
3997,-1,-1,0,,,"Pointe de douleur aiguë (25 joueurs)",,,,,,,,,,,,,,0xFF01FE,,,"Vaincre le seigneur Jaraxxus alors qu'au moins deux maîtresses de Douleur sont toujours vivantes en mode 25 joueurs.",,,,,,,,,,,,,,0xFF01FE,15002,0xA,5,0x0,1942,,,"",,,,,,,,,,,,,,0xFF01EC,1,0,
4050,-1,-1,0,,,"Victoires sur le champion voleur (L'épreuve du champion)",,,,,,,,,,,,,,0xFF01FE,,,"Victoires sur le champion voleur (L'épreuve du champion)",,,,,,,,,,,,,,0xFF01FE,15021,0x0,5,0x1,1,,,"",,,,,,,,,,,,,,0xFF01EC,0,0,
4529,-1,631,0,,,"La salle Cramoisie (10 joueurs)",,,,,,,,,,,,,,0xFF01FE,,,"Vaincre les boss de la salle Cramoisie dans la citadelle de la Couronne de glace en mode 10 joueurs.",,,,,,,,,,,,,,0xFF01FE,15041,0xA,5,0x0,4178,,,"",,,,,,,,,,,,,,0xFF01EC,0,0,
4606,-1,631,0,,,"La salle Cramoisie (25 joueurs)",,,,,,,,,,,,,,0xFF01FE,,,"Vaincre les boss de la salle Cramoisie dans la citadelle de la Couronne de glace en mode 25 joueurs.",,,,,,,,,,,,,,0xFF01FE,15042,0xA,5,0x0,4178,,,"",,,,,,,,,,,,,,0xFF01FC,0,0,
4717,-1,-1,0,,,"Morts du maître-forge Gargivre (Fosse de Saron)",,,,,,,,,,,,,,0xFF01FE,,,"",,,,,,,,,,,,,,0xFF01FC,15062,0x0,5,0x1,1,,,"",,,,,,,,,,,,,,0xFF01FC,0,0,
11,-1,-1,10,,,"Niveau 60",,,,,,,,,,,,,,0xFF01FE,,,"Atteindre le niveau 60.",,,,,,,,,,,,,,0xFF01FE,92,0xA,6,0x4,3273,,,"",,,,,,,,,,,,,,0xFF01EE,0,0,
49,-1,30,0,,,"Victoires dans la vallée d'Alterac",,,,,,,,,,,,,,0xFF01FE,,,"Victoires dans la vallée d'Alterac",,,,,,,,,,,,,,0xFF01FE,153,0x0,6,0x1,1,,,"",,,,,,,,,,,,,,0xFF01EE,0,0,
58,1,30,0,,,"Morts causées par Drek'Thar",,,,,,,,,,,,,,0xFF01FE,,,"Morts causées par Drek'Thar",,,,,,,,,,,,,,0xFF01FE,124,0x0,6,0x1,1,,,"",,,,,,,,,,,,,,0xFF01EE,0,0,
137,-1,-1,0,,,"Réserves",,,,,,,,,,,,,,0xFF01FE,,,"Créer 500 bandages épais en tisse-givre.",,,,,,,,,,,,,,0xFF01FE,172,0xA,6,0x0,2497,,,"",,,,,,,,,,,,,,0xFF01EE,0,0,
153,-1,-1,0,,,"Le vieux gnome et la mer",,,,,,,,,,,,,,0xFF01FE,,,"Pêcher un poisson dans un banc de poissons.",,,,,,,,,,,,,,0xFF01FE,171,0xA,6,0x0,3694,,,"",,,,,,,,,,,,,,0xFF01EE,1,0,
178,-1,-1,0,,,"Formules d'enchantement apprises",,,,,,,,,,,,,,0xFF01FE,,,"Formules d'enchantement apprises",,,,,,,,,,,,,,0xFF01FE,173,0x0,6,0x1,4,,,"",,,,,,,,,,,,,,0xFF01EE,0,0,
206,1,489,0,,,"Défenseur suprême",,,,,,,,,,,,,,0xFF01FE,,,"Tuer 100 porteurs de drapeau dans le goulet des Chanteguerres.",,,,,,,,,,,,,,0xFF01FE,14804,0xA,6,0x0,3400,,,"",,,,,,,,,,,,,,0xFF01EE,0,0,
213,-1,566,0,,,"Le cyclone détruit tout sur son passage",,,,,,,,,,,,,,0xFF01FE,,,"Tuer 5 porteurs de drapeau dans une même bataille pour l'Œil du cyclone.",,,,,,,,,,,,,,0xFF01FE,14803,0xA,6,0x0,3401,,,"",,,,,,,,,,,,,,0xFF01EE,0,0,
277,-1,-1,0,,,"Vive le vent d'hiver",,,,,,,,,,,,,,0xFF01FE,,,"Pendant la fête du Voile d'hiver, porter 3 pièces des atours d'hiver et manger un gâteau aux fruits secs de Graccu.",,,,,,,,,,,,,,0xFF01FE,156,0xA,6,0x0,1789,,,"",,,,,,,,,,,,,,0xFF01EE,0,0,
284,-1,-1,0,,,"Un masque en toutes occasions",,,,,,,,,,,,,,0xFF01FE,,,"Collecter les 20 différents masques fragiles listés ci-dessous.",,,,,,,,,,,,,,0xFF01FE,158,0x14,6,0x0,2953,,,"",,,,,,,,,,,,,,0xFF01EE,0,0,
322,-1,-1,0,,,"Morts sur des boss de donjons de Wrath of the Lich King",,,,,,,,,,,,,,0xFF01FE,,,"Morts sur des boss de donjons de Wrath of the Lich King",,,,,,,,,,,,,,0xFF01FE,125,0x0,6,0x9,4,,,"",,,,,,,,,,,,,,0xFF01EE,0,0,
329,-1,-1,0,,,"Mises en vente à l'hôtel des ventes",,,,,,,,,,,,,,0xFF01FE,,,"Mises en vente à l'hôtel des ventes",,,,,,,,,,,,,,0xFF01FE,140,0x0,6,0x1,4,,,"",,,,,,,,,,,,,,0xFF01EE,0,0,
338,-1,-1,0,,,"Mascottes possédées",,,,,,,,,,,,,,0xFF01FE,,,"Mascottes possédées",,,,,,,,,,,,,,0xFF01FE,191,0x0,6,0x1,4,,,"",,,,,,,,,,,,,,0xFF01EE,0,0,
364,-1,-1,0,,,"Victoires en 3c3",,,,,,,,,,,,,,0xFF01FE,,,"Victoires en 3c3",,,,,,,,,,,,,,0xFF01FE,152,0x0,6,0x9,4,,,"",,,,,,,,,,,,,,0xFF01EE,0,0,
399,-1,-1,0,,,"Rien que nous deux : 1550",,,,,,,,,,,,,,0xFF01FE,,,"Obtenir une cote personnelle de 1550 en équipe d'arène de 2c2 au niveau 80.",,,,,,,,,,,,,,0xFF01FE,165,0xA,6,0x0,3039,,,"",,,,,,,,,,,,,,0xFF01EE,0,0,
463,-1,-1,0,,,"Démoniste « Prem's » au niveau 80 sur le royaume",,,,,,,,,,,,,,0xFF01FE,,,"Premier démoniste du royaume à atteindre le niveau 80.",,,,,,,,,,,,,,0xFF01FE,81,0x0,6,0x100,155,,,"",,,,,,,,,,,,,,0xFF01EE,0,0,
483,-1,608,0,,,"Le fort Pourpre",,,,,,,,,,,,,,0xFF01FE,,,"Vaincre Cyanigosa dans le fort Pourpre.",,,,,,,,,,,,,,0xFF01FE,14806,0xA,6,0x0,3235,,,"",,,,,,,,,,,,,,0xFF01EC,0,0,
494,-1,608,0,,,"Le fort Pourpre : mode héroïque",,,,,,,,,,,,,,0xFF01FE,,,"Vaincre Cyanigosa dans le fort Pourpre en mode héroïque.",,,,,,,,,,,,,,0xFF01FE,14921,0xA,6,0x0,3236,,,"",,,,,,,,,,,,,,0xFF01EC,0,0,
508,-1,-1,507,,,"1 500 quêtes achevées",,,,,,,,,,,,,,0xFF01FE,,,"Achever 1 500 quêtes.",,,,,,,,,,,,,,0xFF01FE,96,0xA,6,0x0,3416,,,"",,,,,,,,,,,,,,0xFF01EE,0,0,
509,-1,-1,512,,,"10 000 victoires honorables",,,,,,,,,,,,,,0xFF01FE,,,"Obtenir 10 000 victoires honorables.",,,,,,,,,,,,,,0xFF01FE,95,0xA,6,0x0,3462,,,"",,,,,,,,,,,,,,0xFF01EE,0,0,
519,-1,-1,520,,,"25 réputations exaltées",,,,,,,,,,,,,,0xFF01FE,,,"Monter 25 réputations jusqu'à Exalté.",,,,,,,,,,,,,,0xFF01FE,201,0xA,6,0x0,3605,,,"",,,,,,,,,,,,,,0xFF01EE,0,0,
568,-1,533,0,,,"Le quartier Militaire (10 joueurs)",,,,,,,,,,,,,,0xFF01FE,,,"Vaincre les boss du quartier Militaire à Naxxramas en mode 10 joueurs.",,,,,,,,,,,,,,0xFF01FE,14922,0xA,6,0x0,2639,,,"",,,,,,,,,,,,,,0xFF01EC,0,0,
569,-1,533,0,,,"Le quartier Militaire (25 joueurs)",,,,,,,,,,,,,,0xFF01FE,,,"Vaincre les boss du quartier Militaire à Naxxramas en mode 25 joueurs.",,,,,,,,,,,,,,0xFF01FE,14923,0xA,6,0x0,2639,,,"",,,,,,,,,,,,,,0xFF01EC,0,0,
626,-1,-1,0,,,"Parure de la fête lunaire",,,,,,,,,,,,,,0xFF01FE,,,"Acheter un habit de fête ou une robe de fête avec les pièces des ancêtres.",,,,,,,,,,,,,,0xFF01FE,160,0xA,6,0x0,2789,,,"",,,,,,,,,,,,,,0xFF01EE,1,0,
633,-1,-1,0,,,"Prison de Hurlevent",,,,,,,,,,,,,,0xFF01FE,,,"Vaincre Bazil Thredd.",,,,,,,,,,,,,,0xFF01FE,14808,0xA,6,0x0,3652,,,"",,,,,,,,,,,,,,0xFF01EE,1,0,
666,-1,-1,0,,,"Cryptes Auchenaï",,,,,,,,,,,,,,0xFF01FE,,,"Vaincre l'exarque Maladaar.",,,,,,,,,,,,,,0xFF01FE,14805,0xA,6,0x0,3590,,,"",,,,,,,,,,,,,,0xFF01EE,1,0,
735,-1,-1,0,,,"Bourreau de travail",,,,,,,,,,,,,,0xFF01FE,,,"Devenir grand maître dans deux métiers.",,,,,,,,,,,,,,0xFF01FE,169,0xA,6,0x0,162,,,"",,,,,,,,,,,,,,0xFF01EE,2,0,
801,-1,-1,0,,,"Résurrections par pierres d'âmes",,,,,,,,,,,,,,0xFF01FE,,,"Résurrections par pierres d'âmes",,,,,,,,,,,,,,0xFF01FE,127,0x0,6,0x9,1,,,"",,,,,,,,,,,,,,0xFF01EE,0,0,
802,-1,-1,0,,,"Exploration de la marche de l'Ouest",,,,,,,,,,,,,,0xFF01FE,,,"Explorer la marche de l'Ouest et révéler les zones voilées de la carte du monde.",,,,,,,,,,,,,,0xFF01FE,14777,0xA,6,0x0,3572,,,"",,,,,,,,,,,,,,0xFF01EE,0,0,
829,-1,-1,0,,,"Plus gros soin reçu",,,,,,,,,,,,,,0xFF01FE,,,"Plus gros soin reçu",,,,,,,,,,,,,,0xFF01FE,141,0x0,6,0x1,1,,,"",,,,,,,,,,,,,,0xFF01EE,0,0,
843,-1,-1,0,,,"Exploration de Raz-de-Néant",,,,,,,,,,,,,,0xFF01FE,,,"Explorer Raz-de-Néant et révéler les zones voilées de la carte du monde.",,,,,,,,,,,,,,0xFF01FE,14779,0xA,6,0x0,3564,,,"",,,,,,,,,,,,,,0xFF01EE,0,0,
844,-1,-1,0,,,"Exploration de Sombrivage",,,,,,,,,,,,,,0xFF01FE,,,"Explorer Sombrivage et révéler les zones voilées de la carte du monde.",,,,,,,,,,,,,,0xFF01FE,14778,0xA,6,0x0,3553,,,"",,,,,,,,,,,,,,0xFF01EE,0,0,
877,-1,-1,0,,,"Le gâteau n'est pas un mensonge",,,,,,,,,,,,,,0xFF01FE,,,"Cuisiner un gâteau au chocolat délicieux.",,,,,,,,,,,,,,0xFF01FE,170,0xA,6,0x0,2917,,,"",,,,,,,,,,,,,,0xFF01EE,0,0,
897,-1,-1,0,,,"Chef des opérations",,,,,,,,,,,,,,0xFF01FE,,,"Être exalté auprès de l'opération Soleil brisé.",,,,,,,,,,,,,,0xFF01FE,14865,0xA,6,0x0,2807,,,"",,,,,,,,,,,,,,0xFF01EE,0,0,
1007,-1,-1,0,,,"L'Accord du Repos du ver",,,,,,,,,,,,,,0xFF01FE,,,"Être exalté auprès de l'Accord du Repos du ver.",,,,,,,,,,,,,,0xFF01FE,14866,0xA,6,0x0,3684,,,"",,,,,,,,,,,,,,0xFF01EE,0,0,
1024,1,530,0,,,"Gardien des flammes d'Outreterre",,,,,,,,,,,,,,0xFF01FE,,,"Honorer les flammes d'Outreterre.",,,,,,,,,,,,,,0xFF01FE,161,0xA,6,0x0,1923,,,"",,,,,,,,,,,,,,0xFF01EE,0,0,
1065,-1,-1,0,,,"Nombre total de signes de la main",,,,,,,,,,,,,,0xFF01FE,,,"Nombre total de signes de la main",,,,,,,,,,,,,,0xFF01FE,131,0x0,6,0x1,1,,,"",,,,,,,,,,,,,,0xFF01EE,0,0,
1073,-1,558,0,,,"Morts de l'exarque Maladaar (Cryptes Auchenaï)",,,,,,,,,,,,,,0xFF01FE,,,"Morts de l'exarque Maladaar (Cryptes Auchenaï)",,,,,,,,,,,,,,0xFF01FE,14822,0x5,6,0x1,2796,,,"",,,,,,,,,,,,,,0xFF01EE,0,0,
1097,-1,329,0,,,"Morts du baron Vaillefendre (Stratholme)",,,,,,,,,,,,,,0xFF01FE,,,"Morts du baron Vaillefendre (Stratholme)",,,,,,,,,,,,,,0xFF01FE,14821,0x5,6,0x1,2718,,,"",,,,,,,,,,,,,,0xFF01EE,0,0,
1151,1,30,0,,,"Défenseur loyal",,,,,,,,,,,,,,0xFF01FE,,,"Dans la vallée d'Alterac, tuer 50 ennemis dans le hall des Foudrepiques.",,,,,,,,,,,,,,0xFF01FE,14801,0xA,6,0x0,3582,,,"",,,,,,,,,,,,,,0xFF01EE,0,0,
1153,-1,-1,0,,,"La défense à tout prix",,,,,,,,,,,,,,0xFF01FE,,,"Défendre 3 bases dans une même bataille pour le bassin d'Arathi.",,,,,,,,,,,,,,0xFF01FE,14802,0xA,6,0x0,3397,,,"",,,,,,,,,,,,,,0xFF01EE,0,0,
1183,-1,-1,0,,,"La bière de l'année",,,,,,,,,,,,,,0xFF01FE,,,"Goûter 12 bières présentées par le club de la bière du mois.",,,,,,,,,,,,,,0xFF01FE,162,0xA,6,0x0,2535,,,"",,,,,,,,,,,,,,0xFF01EE,0,0,
1268,-1,-1,0,,,"Exploration du bassin de Sholazar",,,,,,,,,,,,,,0xFF01FE,,,"Explorer le bassin de Sholazar et révéler les zones voilées de la carte du monde.",,,,,,,,,,,,,,0xFF01FE,14780,0xA,6,0x0,3335,,,"",,,,,,,,,,,,,,0x7DFF01EE,0,0,
1272,0,-1,0,,,"Terreur dans Terokkar",,,,,,,,,,,,,,0xFF01FE,,,"Achever 68 quêtes dans la forêt de Terokkar.",,,,,,,,,,,,,,0xFF01FE,14862,0xA,6,0x0,3586,,,"",,,,,,,,,,,,,,0x7DFF01EE,0,0,
1280,0,-1,0,,,"Flirter avec le désastre",,,,,,,,,,,,,,0xFF01FE,,,"Se soûler, mettre son meilleur parfum, lancer une poignée de pétales de rose sur Jeremiah Payson, puis l'embrasser. Vous le regretterez le lendemain matin.",,,,,,,,,,,,,,0xFF01FE,187,0xA,6,0x0,1846,,,"",,,,,,,,,,,,,,0x7DFF01EE,0,0,
1288,-1,-1,0,,,"Maître des donjons du Norfendre",,,,,,,,,,,,,,0xFF01FE,,,"Accomplir les hauts faits dans les donjons du Norfendre listés ci-dessous.",,,,,,,,,,,,,,0xFF01FE,168,0xA,6,0x0,1947,,,"",,,,,,,,,,,,,,0x7DFF01EC,0,0,
1300,-1,-1,0,,,"Potions de soins différentes utilisées",,,,,,,,,,,,,,0xFF01FE,,,"Potions de soins différentes utilisées",,,,,,,,,,,,,,0xFF01FE,145,0x0,6,0x21,1,,,"",,,,,,,,,,,,,,0xFEFF01EC,0,345,
1359,0,-1,0,,,"La puissance de la Désolation des dragons",,,,,,,,,,,,,,0xFF01FE,,,"Achever 130 quêtes dans la Désolation des dragons.",,,,,,,,,,,,,,0xFF01FE,14863,0xA,6,0x0,3338,,,"",,,,,,,,,,,,,,0x7DFF01EC,0,0,
1466,1,-1,0,,,"Plus grand nombre de réputations de l'Alliance exaltées",,,,,,,,,,,,,,0xFF01FE,,,"Plus grand nombre de réputations de l'Alliance exaltées",,,,,,,,,,,,,,0xFF01FE,147,0x0,6,0x21,1,,,"",,,,,,,,,,,,,,0x7BFF01EC,0,0,
1506,-1,601,0,,,"Morts d'Anub'arak (Azjol-Nérub en mode héroïque)",,,,,,,,,,,,,,0xFF01FE,,,"Morts d'Anub'arak (Azjol-Nérub en mode héroïque)",,,,,,,,,,,,,,0xFF01FE,14823,0x5,6,0x1,1899,,,"",,,,,,,,,,,,,,0x7EFF01EC,0,0,
1716,-1,-1,0,,,"Champ de bataille avec le plus de coups fatals",,,,,,,,,,,,,,0xFF01FE,,,"Champ de bataille avec le plus de coups fatals",,,,,,,,,,,,,,0xFF01FE,137,0x0,6,0x11,1,,,"",,,,,,,,,,,,,,0x7DFF01EC,0,1491,
1719,-1,-1,0,,,"Champ de bataille avec le plus de victoires honorables",,,,,,,,,,,,,,0xFF01FE,,,"Champ de bataille avec le plus de victoires honorables",,,,,,,,,,,,,,0xFF01FE,136,0x0,6,0x11,1,,,"",,,,,,,,,,,,,,0x7EFF01EC,0,382,
1748,-1,-1,0,,,"Manuels de secourisme appris",,,,,,,,,,,,,,0xFF01FE,,,"Manuels de secourisme appris",,,,,,,,,,,,,,0xFF01FE,178,0x0,6,0x1,4,,,"",,,,,,,,,,,,,,0x7DFF01EC,0,0,
1790,-1,-1,0,,,"Salut au roi, bébé !",,,,,,,,,,,,,,0xFF01FE,,,"Vaincre le roi Ymiron sur la cime d'Utgarde en ayant sorti son orphelin.",,,,,,,,,,,,,,0xFF01FE,163,0xA,6,0x0,3320,,,"",,,,,,,,,,,,,,0x7BFF01EC,0,0,
1793,-1,-1,0,,,"Les enfants d'abord",,,,,,,,,,,,,,0xFF01FE,,,"Accomplir les hauts faits de la semaine des enfants listés ci-dessous.",,,,,,,,,,,,,,0xFF01FE,155,0xA,6,0x0,2523,,,"Titre : parrain",,,,,,,,,,,,,,0xFF01FE,0,0,
2200,0,607,0,,,"La défense des anciens",,,,,,,,,,,,,,0xFF01FE,,,"Défendre la plage sans perdre un seul mur",,,,,,,,,,,,,,0xFF01FE,14881,0xA,6,0x0,276,,,"",,,,,,,,,,,,,,0x7DFF01EC,0,0,
2416,-1,-1,0,,,"Œuf dur",,,,,,,,,,,,,,0xFF01FE,,,"Pondre un œuf aux sources de Golakka dans le cratère d'Un'Goro en étant déguisé en lapin, pendant les festivités du Jardin des nobles.",,,,,,,,,,,,,,0xFF01FE,159,0xA,6,0x0,3711,,,"",,,,,,,,,,,,,,0x7BFF01EC,0,0,
2476,0,571,0,,,"Derby destructeur",,,,,,,,,,,,,,0xFF01FE,,,"Détruire chacun des véhicules listés ci-dessous.",,,,,,,,,,,,,,0xFF01FE,14901,0xA,6,0x0,3505,,,"",,,,,,,,,,,,,,0x7BFF01EC,0,0,
2861,-1,603,0,,,"Morts de Kologarn (Ulduar à 10)",,,,,,,,,,,,,,0xFF01FE,,,"Morts de Kologarn (Ulduar à 10)",,,,,,,,,,,,,,0xFF01FE,14963,0xA,6,0x1,1700,,,"",,,,,,,,,,,,,,0x7DFF01EC,0,0,
3097,-1,603,0,,,"Exterminaintion (10 joueurs)",,,,,,,,,,,,,,0xFF01FE,,,"Détruire 100 défenseurs d'acier forgé en 10 secondes au cours de l'épreuve d'Ulduar en mode 10 joueurs.",,,,,,,,,,,,,,0xFF01FE,14961,0xA,6,0x0,3779,,,"",,,,,,,,,,,,,,0x7DFF01EC,0,0,
3098,-1,603,0,,,"Exterminaintion (25 joueurs)",,,,,,,,,,,,,,0xFF01FE,,,"Détruire 100 défenseurs d'acier forgé en 10 secondes au cours de l'épreuve d'Ulduar en mode 25 joueurs.",,,,,,,,,,,,,,0xFF01FE,14962,0xA,6,0x0,3779,,,"",,,,,,,,,,,,,,0x7DFF01EC,0,0,
3580,1,-1,0,,,"Le péril du pèlerin",,,,,,,,,,,,,,0xFF01FE,,,"Vêtu d'une tenue, d'une robe ou d'un costume de pèlerin, prenez place autour de la table des Bienfaits de chaque capitale ennemie.",,,,,,,,,,,,,,0xFF01FE,14981,0xA,6,0x0,1703,,,"",,,,,,,,,,,,,,0xFFF7EE,0,0,
3736,-1,-1,0,,,"Mon joli poney",,,,,,,,,,,,,,0xFF01FE,,,"Acheter un poney d'Argent à Dame Evniki Kapsalis, l'intendante du croisé, et l'utiliser.",,,,,,,,,,,,,,0xFF01FE,14941,0xA,6,0x0,1176,,,"",,,,,,,,,,,,,,0xFF1BFD,0,0,
3798,-1,-1,0,,,"La résilience va arranger ça (10 joueurs)",,,,,,,,,,,,,,0xFF01FE,,,"Vaincre les héros ennemis en 60 secondes après que le premier a été tué en mode 10 joueurs.",,,,,,,,,,,,,,0xFF01FE,15001,0xA,6,0x0,4007,,,"",,,,,,,,,,,,,,0xFF1BFF,1,0,
3814,-1,-1,0,,,"La résilience va arranger ça (25 joueurs)",,,,,,,,,,,,,,0xFF01FE,,,"Vaincre les héros ennemis en 60 secondes après que le premier a été tué en mode 25 joueurs.",,,,,,,,,,,,,,0xFF01FE,15002,0xA,6,0x0,4007,,,"",,,,,,,,,,,,,,0xFF1BFD,1,0,
4051,-1,-1,0,,,"Victoires sur le champion voleur (L'épreuve du champion héroïque)",,,,,,,,,,,,,,0xFF01FE,,,"Victoires sur le champion voleur (L'épreuve du champion héroïque)",,,,,,,,,,,,,,0xFF01FE,15021,0x0,6,0x1,1,,,"",,,,,,,,,,,,,,0xFF01EC,0,0,
4176,0,628,0,,,"Gavage de ressources",,,,,,,,,,,,,,0xFF01FE,,,"Gagner sur l'île des Conquérants alors que votre équipe contrôle la carrière et la raffinerie.",,,,,,,,,,,,,,0xFF01FE,15003,0xA,6,0x0,3736,,,"",,,,,,,,,,,,,,0xFF01EC,0,0,
4630,-1,631,4529,,,"La salle Cramoisie : mode héroïque (10 joueurs)",,,,,,,,,,,,,,0xFF01FE,,,"Vaincre les boss de la salle Cramoisie dans la citadelle de la Couronne de glace en mode héroïque à 10 joueurs.",,,,,,,,,,,,,,0xFF01FE,15041,0xA,6,0x0,4178,,,"",,,,,,,,,,,,,,0xFF01FC,0,0,
4634,-1,631,4606,,,"La salle Cramoisie : mode héroïque (25 joueurs)",,,,,,,,,,,,,,0xFF01FE,,,"Vaincre les boss de la salle Cramoisie dans la citadelle de la Couronne de glace en mode héroïque à 25 joueurs.",,,,,,,,,,,,,,0xFF01FE,15042,0xA,6,0x0,4178,,,"",,,,,,,,,,,,,,0xFF01FC,0,0,
4728,-1,-1,0,,,"Morts du maître-forge Gargivre (Fosse de Saron héroïque)",,,,,,,,,,,,,,0xFF01FE,,,"",,,,,,,,,,,,,,0xFF01FC,15062,0x0,6,0x1,1,,,"",,,,,,,,,,,,,,0xFF01FC,0,0,
4729,-1,-1,0,,,"Emblèmes de triomphe obtenus",,,,,,,,,,,,,,0xFF01FE,,,"Emblèmes de triomphe obtenus",,,,,,,,,,,,,,0xFF01FE,130,0x0,6,0x1,1,,,"",,,,,,,,,,,,,,0xFF01FC,0,0,
12,-1,-1,11,,,"Niveau 70",,,,,,,,,,,,,,0xFF01FE,,,"Atteindre le niveau 70.",,,,,,,,,,,,,,0xFF01FE,92,0xA,7,0x4,3274,,,"",,,,,,,,,,,,,,0xFF01EE,0,0,
32,-1,-1,508,,,"2 000 quêtes achevées",,,,,,,,,,,,,,0xFF01FE,,,"Achever 2 000 quêtes.",,,,,,,,,,,,,,0xFF01FE,96,0xA,7,0x0,3415,,,"",,,,,,,,,,,,,,0xFF01EE,0,0,
37,1,-1,0,,,"Les Grisonnes, ça vous grise !",,,,,,,,,,,,,,0xFF01FE,,,"Achever 85 quêtes dans les Grisonnes.",,,,,,,,,,,,,,0xFF01FE,14863,0xA,7,0x0,3339,,,"",,,,,,,,,,,,,,0xFF01EE,0,0,
55,-1,529,0,,,"Batailles pour le bassin d'Arathi",,,,,,,,,,,,,,0xFF01FE,,,"Batailles pour le bassin d'Arathi",,,,,,,,,,,,,,0xFF01FE,153,0x0,7,0x1,1,,,"",,,,,,,,,,,,,,0xFF01EE,0,0,
141,-1,-1,0,,,"Triage ultime",,,,,,,,,,,,,,0xFF01FE,,,"Soigner un autre personnage ou soi-même avec un bandage épais en tisse-givre lorsqu'il reste moins de 5% de vie au blessé.",,,,,,,,,,,,,,0xFF01FE,172,0xA,7,0x0,2741,,,"",,,,,,,,,,,,,,0xFF01EE,0,0,
157,-1,529,0,,,"À la rescousse !",,,,,,,,,,,,,,0xFF01FE,,,"Venir 50 fois à la rescousse d'une base du bassin d'Arathi en récupérant le drapeau.",,,,,,,,,,,,,,0xFF01FE,14802,0xA,7,0x0,2205,,,"",,,,,,,,,,,,,,0xFF01EE,0,0,
183,-1,-1,0,,,"Matériaux obtenus par désenchantement",,,,,,,,,,,,,,0xFF01FE,,,"Matériaux obtenus par désenchantement",,,,,,,,,,,,,,0xFF01FE,173,0x0,7,0x1,4,,,"",,,,,,,,,,,,,,0xFF01EE,0,0,
198,-1,-1,0,,,"Total de soins effectués",,,,,,,,,,,,,,0xFF01FE,,,"Total de soins effectués",,,,,,,,,,,,,,0xFF01FE,141,0x0,7,0x1,4,,,"",,,,,,,,,,,,,,0xFF01EE,0,0,
212,-1,566,0,,,"Au centre du cyclone",,,,,,,,,,,,,,0xFF01FE,,,"Porter et capturer soi-même le drapeau dans l'Œil du cyclone.",,,,,,,,,,,,,,0xFF01FE,14803,0xA,7,0x0,3391,,,"",,,,,,,,,,,,,,0xFF01EE,0,0,
225,1,30,0,,,"Chaque détail compte",,,,,,,,,,,,,,0xFF01FE,,,"Gagner dans la vallée d'Alterac tandis que votre équipe contrôle les deux mines.",,,,,,,,,,,,,,0xFF01FE,14801,0xA,7,0x0,3433,,,"",,,,,,,,,,,,,,0xFF01EE,0,0,
239,-1,-1,509,,,"25 000 victoires honorables",,,,,,,,,,,,,,0xFF01FE,,,"Obtenir 25 000 victoires honorables.",,,,,,,,,,,,,,0xFF01FE,95,0xA,7,0x0,3460,,,"",,,,,,,,,,,,,,0xFF01EE,0,0,
275,-1,-1,0,,,"Nounou chevronnée",,,,,,,,,,,,,,0xFF01FE,,,"Obtenir l'Œuf d'Egbert, Willy l'Endormi et le Collier de dressage d'elekk sur un même personnage.",,,,,,,,,,,,,,0xFF01FE,163,0x32,7,0x0,2525,,,"",,,,,,,,,,,,,,0xFF01EE,0,0,
330,-1,-1,0,,,"Nombre d'achats à l'hôtel des ventes",,,,,,,,,,,,,,0xFF01FE,,,"Nombre d'achats à l'hôtel des ventes",,,,,,,,,,,,,,0xFF01FE,140,0x0,7,0x1,4,,,"",,,,,,,,,,,,,,0xFF01EE,0,0,
367,-1,-1,0,,,"Matchs en 2c2",,,,,,,,,,,,,,0xFF01FE,,,"Matchs en 2c2",,,,,,,,,,,,,,0xFF01FE,152,0x0,7,0x9,4,,,"",,,,,,,,,,,,,,0xFF01EE,0,0,
400,-1,-1,399,,,"Rien que nous deux : 1750",,,,,,,,,,,,,,0xFF01FE,,,"Obtenir une cote personnelle de 1750 en équipe d'arène de 2c2 au niveau 80.",,,,,,,,,,,,,,0xFF01FE,165,0xA,7,0x0,3038,,,"",,,,,,,,,,,,,,0xFF01EE,0,0,
462,-1,-1,0,,,"Chasseur « Prem's » au niveau 80 sur le royaume",,,,,,,,,,,,,,0xFF01FE,,,"Premier chasseur du royaume à atteindre le niveau 80.",,,,,,,,,,,,,,0xFF01FE,81,0x0,7,0x100,2831,,,"",,,,,,,,,,,,,,0xFF01EE,0,0,
484,-1,604,0,,,"Gundrak",,,,,,,,,,,,,,0xFF01FE,,,"Vaincre les boss de Gundrak.",,,,,,,,,,,,,,0xFF01FE,14806,0xA,7,0x0,3237,,,"",,,,,,,,,,,,,,0xFF01EC,0,0,
495,-1,604,0,,,"Gundrak : mode héroïque",,,,,,,,,,,,,,0xFF01FE,,,"Vaincre les boss de Gundrak en mode héroïque.",,,,,,,,,,,,,,0xFF01FE,14921,0xA,7,0x0,3238,,,"",,,,,,,,,,,,,,0xFF01EC,0,0,
518,-1,-1,519,,,"30 réputations exaltées",,,,,,,,,,,,,,0xFF01FE,,,"Monter 30 réputations jusqu'à Exalté.",,,,,,,,,,,,,,0xFF01FE,201,0xA,7,0x0,3604,,,"",,,,,,,,,,,,,,0xFF01EE,0,0,
572,-1,533,0,,,"Chute de Saphiron (10 joueurs)",,,,,,,,,,,,,,0xFF01FE,,,"Vaincre Saphiron à Naxxramas en mode 10 joueurs.",,,,,,,,,,,,,,0xFF01FE,14922,0xA,7,0x0,1700,,,"",,,,,,,,,,,,,,0xFF01EC,0,0,
573,-1,533,0,,,"Chute de Saphiron (25 joueurs)",,,,,,,,,,,,,,0xFF01FE,,,"Vaincre Saphiron à Naxxramas en mode 25 joueurs.",,,,,,,,,,,,,,0xFF01FE,14923,0xA,7,0x0,1700,,,"",,,,,,,,,,,,,,0xFF01EC,0,0,
593,0,-1,0,,,"Morts causées par Vanndar Foudrepique",,,,,,,,,,,,,,0xFF01FE,,,"Morts causées par Vanndar Foudrepique",,,,,,,,,,,,,,0xFF01FE,124,0x0,7,0x1,1,,,"",,,,,,,,,,,,,,0xFF01EE,0,0,
635,-1,-1,0,,,"Kraal de Tranchebauge",,,,,,,,,,,,,,0xFF01FE,,,"Vaincre Charlga Trancheflanc.",,,,,,,,,,,,,,0xFF01FE,14808,0xA,7,0x0,3686,,,"",,,,,,,,,,,,,,0xFF01EE,1,0,
652,-1,-1,0,,,"L'évasion de Fort-de-Durn",,,,,,,,,,,,,,0xFF01FE,,,"Vaincre le Chasseur d'époques.",,,,,,,,,,,,,,0xFF01FE,14805,0xA,7,0x0,3824,,,"",,,,,,,,,,,,,,0xFF01EE,1,0,
730,-1,-1,0,,,"Boulots alimentaires",,,,,,,,,,,,,,0xFF01FE,,,"Devenir un grand maître en pêche, secourisme et cuisine.",,,,,,,,,,,,,,0xFF01FE,169,0xA,7,0x0,1657,,,"",,,,,,,,,,,,,,0xFF01EE,0,0,
841,-1,-1,0,,,"Exploration des Paluns",,,,,,,,,,,,,,0xFF01FE,,,"Explorer les Paluns et révéler les zones voilées de la carte du monde.",,,,,,,,,,,,,,0xFF01FE,14777,0xA,7,0x0,3573,,,"",,,,,,,,,,,,,,0xFF01EE,0,0,
861,-1,-1,0,,,"Exploration de l'île de Brume-sang",,,,,,,,,,,,,,0xFF01FE,,,"Explorer l'île de Brume-sang et révéler les zones voilées de la carte du monde.",,,,,,,,,,,,,,0xFF01FE,14778,0xA,7,0x0,3551,,,"",,,,,,,,,,,,,,0xFF01EE,0,0,
864,-1,-1,0,,,"Exploration de la vallée d'Ombrelune",,,,,,,,,,,,,,0xFF01FE,,,"Explorer la vallée d'Ombrelune et révéler les zones voilées de la carte du monde.",,,,,,,,,,,,,,0xFF01FE,14779,0xA,7,0x0,3584,,,"",,,,,,,,,,,,,,0xFF01EE,0,0,
898,-1,-1,0,,,"Sur les ailes du néant",,,,,,,,,,,,,,0xFF01FE,,,"Être exalté auprès de l'Aile-du-Néant.",,,,,,,,,,,,,,0xFF01FE,14865,0xA,7,0x0,1928,,,"",,,,,,,,,,,,,,0xFF01EE,0,0,
906,-1,-1,0,,,"Relever un peu la sauce",,,,,,,,,,,,,,0xFF01FE,,,"Achever chacune des 4 quêtes journalières de cuisine du Rokk listées ci-dessous.",,,,,,,,,,,,,,0xFF01FE,170,0xA,7,0x0,2923,,,"",,,,,,,,,,,,,,0xFF01EE,0,0,
922,-1,-1,0,,,"Potions de mana consommées",,,,,,,,,,,,,,0xFF01FE,,,"Potions de mana consommées",,,,,,,,,,,,,,0xFF01FE,145,0x0,7,0x9,1,,,"",,,,,,,,,,,,,,0xFF01EE,0,0,
926,0,-1,0,,,"Plus grand nombre de réputations de la Horde exaltées",,,,,,,,,,,,,,0xFF01FE,,,"Plus grand nombre de réputations de la Horde exaltées",,,,,,,,,,,,,,0xFF01FE,147,0x0,7,0x21,1,,,"",,,,,,,,,,,,,,0xFF01EE,0,0,
928,-1,-1,0,,,"Emplacements en banque supplémentaires achetés",,,,,,,,,,,,,,0xFF01FE,,,"Emplacements en banque supplémentaires achetés",,,,,,,,,,,,,,0xFF01FE,191,0x0,7,0x1,1,,,"",,,,,,,,,,,,,,0xFF01EE,0,0,
933,-1,-1,0,,,"Nombre d'entrées dans des raids à 10",,,,,,,,,,,,,,0xFF01FE,,,"Nombre d'entrées dans des raids à 10",,,,,,,,,,,,,,0xFF01FE,14807,0x0,7,0x1,1,,,"",,,,,,,,,,,,,,0xFF01EE,0,0,
981,-1,-1,0,,,"Un sourire étincelant",,,,,,,,,,,,,,0xFF01FE,,,"Montrez votre sourire étincelant en utilisant un cure-dents.",,,,,,,,,,,,,,0xFF01FE,158,0xA,7,0x0,3510,,,"",,,,,,,,,,,,,,0xFF01EE,0,0,
1008,-1,-1,0,,,"Le Kirin Tor",,,,,,,,,,,,,,0xFF01FE,,,"Être exalté auprès du Kirin Tor.",,,,,,,,,,,,,,0xFF01FE,14866,0xA,7,0x0,3682,,,"",,,,,,,,,,,,,,0xFF01EE,0,0,
1034,1,-1,0,,,"Les feux d'Azeroth",,,,,,,,,,,,,,0xFF01FE,,,"Accomplir les hauts faits Responsable de la flamme des Royaumes de l'est, de Kalimdor et d'Outreterre.",,,,,,,,,,,,,,0xFF01FE,161,0xA,7,0x0,12,,,"",,,,,,,,,,,,,,0xFF01EE,0,0,
1038,1,-1,0,,,"Le gardien des flammes",,,,,,,,,,,,,,0xFF01FE,,,"Accomplir les hauts faits du Solstice listés ci-dessous.",,,,,,,,,,,,,,0xFF01FE,155,0x14,7,0x0,2974,,,"Titre : gardien des flammes",,,,,,,,,,,,,,0xFF01FE,0,0,
1074,-1,556,0,,,"Morts du roi-serre Ikiss (Les salles des Sethekk)",,,,,,,,,,,,,,0xFF01FE,,,"Morts du roi-serre Ikiss (Les salles des Sethekk)",,,,,,,,,,,,,,0xFF01FE,14822,0x5,7,0x1,2378,,,"",,,,,,,,,,,,,,0xFF01EE,0,0,
1096,-1,229,0,,,"Morts du général Drakkisath (Pic Rochenoire)",,,,,,,,,,,,,,0xFF01FE,,,"Morts du général Drakkisath (Pic Rochenoire)",,,,,,,,,,,,,,0xFF01FE,14821,0x5,7,0x1,1551,,,"",,,,,,,,,,,,,,0xFF01EE,0,0,
1111,-1,-1,0,,,"Victoires honorables en arène de 2c2",,,,,,,,,,,,,,0xFF01FE,,,"Victoires honorables en arène de 2c2",,,,,,,,,,,,,,0xFF01FE,136,0x0,7,0x1,1,,,"",,,,,,,,,,,,,,0xFF01EE,0,0,
1192,1,-1,0,,,"Chelem en Nagrand",,,,,,,,,,,,,,0xFF01FE,,,"Achever 75 quêtes en Nagrand.",,,,,,,,,,,,,,0xFF01FE,14862,0xA,7,0x0,3563,,,"",,,,,,,,,,,,,,0xFF01EE,0,0,
1233,-1,619,0,,,"Morts du héraut Volazj (Ahn'kahet : l'Ancien royaume)",,,,,,,,,,,,,,0xFF01FE,,,"Morts du héraut Volazj (Ahn'kahet : l'Ancien royaume)",,,,,,,,,,,,,,0xFF01FE,14823,0x5,7,0x1,1256,,,"",,,,,,,,,,,,,,0x7DFF01EE,0,0,
1252,0,489,0,,,"Défenseur suprême",,,,,,,,,,,,,,0xFF01FE,,,"Tuer 100 porteurs de drapeau dans le goulet des Chanteguerres.",,,,,,,,,,,,,,0xFF01FE,14804,0xA,7,0x0,3400,,,"",,,,,,,,,,,,,,0x7DFF01EE,0,0,
1253,-1,-1,0,,,"Réanimation sous forme de goule",,,,,,,,,,,,,,0xFF01FE,,,"Réanimation sous forme de goule",,,,,,,,,,,,,,0xFF01FE,127,0x0,7,0x1,221,,,"",,,,,,,,,,,,,,0x7EFF01EE,0,0,
1257,-1,-1,0,,,"Chiffonnier",,,,,,,,,,,,,,0xFF01FE,,,"Pêcher avec succès dans chacun des débris listés ci-dessous.",,,,,,,,,,,,,,0xFF01FE,171,0xA,7,0x0,3068,,,"",,,,,,,,,,,,,,0x7DFF01EE,0,0,
1260,-1,-1,0,,,"Hébété par l'alcool",,,,,,,,,,,,,,0xFF01FE,,,"Faire une chute de 65 mètres sans mourir et en étant complètement bourré pendant la fête de Brasseurs.",,,,,,,,,,,,,,0xFF01FE,162,0xA,7,0x0,2402,,,"",,,,,,,,,,,,,,0x7DFF01EE,0,0,
1281,-1,-1,0,,,"Feu d'artifice rouge",,,,,,,,,,,,,,0xFF01FE,,,"Lancer 10 chapelets de fusées rouges en 25 secondes maximum.",,,,,,,,,,,,,,0xFF01FE,160,0xA,7,0x0,2368,,,"",,,,,,,,,,,,,,0x7DFF01EE,0,0,
1289,-1,-1,0,,,"Héros des donjons du Norfendre",,,,,,,,,,,,,,0xFF01FE,,,"Accomplir les hauts faits dans les donjons héroïques du Norfendre listés ci-dessous.",,,,,,,,,,,,,,0xFF01FE,168,0x14,7,0x0,857,,,"",,,,,,,,,,,,,,0x7DFF01EC,0,0,
1295,-1,-1,0,,,"Le Cogn'Baff",,,,,,,,,,,,,,0xFF01FE,,,"Provoquer 25 collisions avec votre Cogn'Baff de course pendant la fête du Voile d'hiver.",,,,,,,,,,,,,,0xFF01FE,156,0xA,7,0x0,2367,,,"",,,,,,,,,,,,,,0x7DFF01EE,0,0,
1457,-1,-1,0,,,"Exploration de la forêt du Chant de cristal",,,,,,,,,,,,,,0xFF01FE,,,"Explorer la forêt du Chant de cristal et révéler les zones voilées de la carte du monde.",,,,,,,,,,,,,,0xFF01FE,14780,0xA,7,0x0,3471,,,"",,,,,,,,,,,,,,0x7BFF01EC,0,0,
1492,-1,-1,0,,,"Coups fatals en arène de 2c2",,,,,,,,,,,,,,0xFF01FE,,,"Coups fatals en arène de 2c2",,,,,,,,,,,,,,0xFF01FE,137,0x0,7,0x1,1,,,"",,,,,,,,,,,,,,0x7BFF01EC,0,0,
1519,-1,-1,0,,,"Compétence en pêche",,,,,,,,,,,,,,0xFF01FE,,,"Compétence en pêche",,,,,,,,,,,,,,0xFF01FE,178,0x0,7,0x1,1,,,"",,,,,,,,,,,,,,0x7BFF01EC,0,0,
1704,-1,-1,0,,,"Pas de pitié pour les artichauts",,,,,,,,,,,,,,0xFF01FE,,,"/Plaindre les cœurs d'artichaut dans les endroits listés ci-dessous.",,,,,,,,,,,,,,0xFF01FE,187,0xA,7,0x0,2339,,,"",,,,,,,,,,,,,,0x7BFF01EC,0,0,
1723,-1,571,0,,,"Massacre à la déchiqueteuse",,,,,,,,,,,,,,0xFF01FE,,,"Tuer 100 personnages à Joug-d'hiver à l'aide d'un véhicule ou d'un canon.",,,,,,,,,,,,,,0xFF01FE,14901,0xA,7,0x88,2547,,,"",,,,,,,,,,,,,,0x7EFF01EC,0,0,
1761,-1,607,0,,,"Poseur de bombes",,,,,,,,,,,,,,0xFF01FE,,,"Poser 100 charges d'hydroglycérine qui endommagent un mur avec succès.",,,,,,,,,,,,,,0xFF01FE,14881,0xA,7,0x0,2565,,,"",,,,,,,,,,,,,,0x7EFF01EC,0,0,
2216,-1,-1,0,,,"Boss de donjon de Lich King le plus mortel",,,,,,,,,,,,,,0xFF01FE,,,"Boss de donjon de Lich King le plus mortel",,,,,,,,,,,,,,0xFF01FE,125,0x0,7,0x11,1,,,"",,,,,,,,,,,,,,0x7BFF01EC,0,322,
2419,1,-1,0,,,"Amourette de printemps",,,,,,,,,,,,,,0xFF01FE,,,"Trouvez à votre compagnon lapin du printemps une âme soeur dans chacune des villes ci-dessous.",,,,,,,,,,,,,,0xFF01FE,159,0xA,7,0x0,3202,,,"",,,,,,,,,,,,,,0x7DFF01EC,0,0,
2777,1,-1,0,,,"Champion de Darnassus",,,,,,,,,,,,,,0xFF01FE,,,"Obtenir le droit de représenter Darnassus au tournoi d'Argent",,,,,,,,,,,,,,0xFF01FE,14941,0xA,7,0x0,3801,,,"",,,,,,,,,,,,,,0x7BFF01EC,0,0,
2868,-1,603,0,,,"Morts d'Auriaya (Ulduar à 10)",,,,,,,,,,,,,,0xFF01FE,,,"Morts d'Auriaya (Ulduar à 10)",,,,,,,,,,,,,,0xFF01FE,14963,0xA,7,0x1,1700,,,"",,,,,,,,,,,,,,0x7DFF01EC,0,0,
2905,-1,603,0,,,"Véhicule flambant neuf (10 joueurs)",,,,,,,,,,,,,,0xFF01FE,,,"Vaincre le léviathan des flammes dès le premier essai et sans qu'un seul membre du raid répare son véhicule en mode 10 joueurs.",,,,,,,,,,,,,,0xFF01FE,14961,0xA,7,0x0,325,,,"",,,,,,,,,,,,,,0x7BFF01EC,0,0,
2906,-1,603,0,,,"Véhicule flambant neuf (25 joueurs)",,,,,,,,,,,,,,0xFF01FE,,,"Vaincre le léviathan des flammes dès le premier essai et sans qu'un seul membre du raid répare son véhicule en mode 25 joueurs.",,,,,,,,,,,,,,0xFF01FE,14962,0xA,7,0x0,325,,,"",,,,,,,,,,,,,,0x7BFF01EC,0,0,
3581,0,-1,0,,,"Le péril du pèlerin",,,,,,,,,,,,,,0xFF01FE,,,"Vêtu d'une tenue, d'une robe ou d'un costume de pèlerin, prenez place autour de la table des Bienfaits de chaque capitale ennemie.",,,,,,,,,,,,,,0xFF01FE,14981,0xA,7,0x0,1704,,,"",,,,,,,,,,,,,,0xFFF7EE,0,0,
3799,-1,-1,0,,,"Poivre et sel (10 joueurs)",,,,,,,,,,,,,,0xFF01FE,,,"Vaincre les jumelles val'kyrs en 3 minutes maximum en mode 10 joueurs.",,,,,,,,,,,,,,0xFF01FE,15001,0xA,7,0x0,4005,,,"",,,,,,,,,,,,,,0xFF1BFF,1,0,
3815,-1,-1,0,,,"Poivre et sel (25 joueurs)",,,,,,,,,,,,,,0xFF01FE,,,"Vaincre les jumelles val'kyrs en 3 minutes maximum en mode 25 joueurs.",,,,,,,,,,,,,,0xFF01FE,15002,0xA,7,0x0,4005,,,"",,,,,,,,,,,,,,0xFF1BFD,1,0,
4052,-1,-1,0,,,"Victoires sur le champion chaman (L'épreuve du champion)",,,,,,,,,,,,,,0xFF01FE,,,"Victoires sur le champion chaman (L'épreuve du champion)",,,,,,,,,,,,,,0xFF01FE,15021,0x0,7,0x1,1,,,"",,,,,,,,,,,,,,0xFF01EC,0,0,
4177,0,628,4176,,,"Elle est à moi !",,,,,,,,,,,,,,0xFF01FE,,,"Gagner sur l'île des Conquérants en ayant le contrôle de la carrière, de la raffinerie, des docks, de l'atelier de siège et du hangar.",,,,,,,,,,,,,,0xFF01FE,15003,0xA,7,0x0,4016,,,"",,,,,,,,,,,,,,0xFF01EC,0,0,
4527,-1,631,0,,,"Les salles de l'Aile de givre (10 joueurs)",,,,,,,,,,,,,,0xFF01FE,,,"Vaincre les boss des salles de l'Aile de givre dans la citadelle de la Couronne de glace en mode 10 joueurs.",,,,,,,,,,,,,,0xFF01FE,15041,0xA,7,0x0,4158,,,"",,,,,,,,,,,,,,0xFF01EC,0,0,
4607,-1,631,0,,,"Les salles de l'Aile de givre (25 joueurs)",,,,,,,,,,,,,,0xFF01FE,,,"Vaincre les boss des salles de l'Aile de givre dans la citadelle de la Couronne de glace en mode 25 joueurs.",,,,,,,,,,,,,,0xFF01FE,15042,0xA,7,0x0,4158,,,"",,,,,,,,,,,,,,0xFF01FC,0,0,
4718,-1,-1,0,,,"Morts d'Ick et Krick (Fosse de Saron)",,,,,,,,,,,,,,0xFF01FE,,,"",,,,,,,,,,,,,,0xFF01FC,15062,0x0,7,0x1,1,,,"",,,,,,,,,,,,,,0xFF01FC,0,0,
4730,-1,-1,0,,,"Emblèmes de givre obtenus",,,,,,,,,,,,,,0xFF01FE,,,"Emblèmes de givre obtenus",,,,,,,,,,,,,,0xFF01FE,130,0x0,7,0x1,1,,,"",,,,,,,,,,,,,,0xFF01FC,0,0,
13,-1,-1,12,,,"Niveau 80",,,,,,,,,,,,,,0xFF01FE,,,"Atteindre le niveau 80.",,,,,,,,,,,,,,0xFF01FE,92,0xA,8,0x4,3275,,,"",,,,,,,,,,,,,,0xFF01EE,0,0,
51,-1,529,0,,,"Victoires dans le bassin d'Arathi",,,,,,,,,,,,,,0xFF01FE,,,"Victoires dans le bassin d'Arathi",,,,,,,,,,,,,,0xFF01FE,153,0x0,8,0x1,1,,,"",,,,,,,,,,,,,,0xFF01EE,0,0,
150,-1,-1,0,,,"Le pêcheur diplomate",,,,,,,,,,,,,,0xFF01FE,,,"Pêcher quelque chose dans Orgrimmar et Hurlevent",,,,,,,,,,,,,,0xFF01FE,171,0xA,8,0x0,2737,,,"",,,,,,,,,,,,,,0xFF01EE,0,0,
161,-1,529,0,,,"Victoire arrachée",,,,,,,,,,,,,,0xFF01FE,,,"Rattraper un retard de 500 ressources dans une bataille pour le bassin d'Arathi et obtenir la victoire.",,,,,,,,,,,,,,0xFF01FE,14802,0xA,8,0x0,3468,,,"",,,,,,,,,,,,,,0xFF01EE,1,0,
168,-1,489,0,,,"Goulet des Chanteguerres parfait",,,,,,,,,,,,,,0xFF01FE,,,"Gagner une bataille pour le goulet des Chanteguerres par 3 à 0.",,,,,,,,,,,,,,0xFF01FE,14804,0xA,8,0x0,3485,,,"",,,,,,,,,,,,,,0xFF01EE,0,0,
181,-1,-1,0,,,"Objets désenchantés",,,,,,,,,,,,,,0xFF01FE,,,"Objets désenchantés",,,,,,,,,,,,,,0xFF01FE,173,0x0,8,0x1,4,,,"",,,,,,,,,,,,,,0xFF01EE,0,0,
216,-1,566,0,,,"En route pour la gloire",,,,,,,,,,,,,,0xFF01FE,,,"Dans une même bataille pour l'Œil du cyclone, capturer le drapeau 3 fois sans mourir.",,,,,,,,,,,,,,0xFF01FE,14803,0xA,8,0x0,2267,,,"",,,,,,,,,,,,,,0xFF01EE,0,0,
279,-1,-1,0,,,"A-BO-MI-NA-BLE !",,,,,,,,,,,,,,0xFF01FE,,,"Achever la quête de récupération des friandises volées des Gourmandises Fumebois et recevoir un grand merci des Gourmandises Fumebois.",,,,,,,,,,,,,,0xFF01FE,156,0xA,8,0x0,3190,,,"",,,,,,,,,,,,,,0xFF01EE,1,0,
295,-1,230,0,,,"Faites la fête au brasseur",,,,,,,,,,,,,,0xFF01FE,,,"Tuer Coren Navrebière.",,,,,,,,,,,,,,0xFF01FE,162,0xA,8,0x0,2788,,,"",,,,,,,,,,,,,,0xFF01EE,0,0,
323,-1,-1,0,,,"Morts sur des boss de raids à 10 de Wrath of the Lich King",,,,,,,,,,,,,,0xFF01FE,,,"Morts sur des boss de raids à 10 de Wrath of the Lich King",,,,,,,,,,,,,,0xFF01FE,125,0x0,8,0x9,4,,,"",,,,,,,,,,,,,,0xFF01EE,0,0,
331,-1,-1,0,,,"Enchère la plus importante à l'hôtel des ventes",,,,,,,,,,,,,,0xFF01FE,,,"Enchère la plus importante à l'hôtel des ventes",,,,,,,,,,,,,,0xFF01FE,140,0x0,8,0x1,4,,,"",,,,,,,,,,,,,,0xFF01EE,0,0,
366,-1,-1,0,,,"Victoires en 2c2",,,,,,,,,,,,,,0xFF01FE,,,"Victoires en 2c2",,,,,,,,,,,,,,0xFF01FE,152,0x0,8,0x9,4,,,"",,,,,,,,,,,,,,0xFF01EE,0,0,
401,-1,-1,400,,,"Rien que nous deux : 2000",,,,,,,,,,,,,,0xFF01FE,,,"Obtenir une cote personnelle de 2000 en équipe d'arène de 2c2 au niveau 80.",,,,,,,,,,,,,,0xFF01FE,165,0xA,8,0x0,3037,,,"",,,,,,,,,,,,,,0xFF01EE,0,0,
461,-1,-1,0,,,"Chevalier de la mort « Prem's » au niveau 80 sur le royaume",,,,,,,,,,,,,,0xFF01FE,,,"Premier chevalier de la mort du royaume à atteindre le niveau 80.",,,,,,,,,,,,,,0xFF01FE,81,0x0,8,0x100,2639,,,"",,,,,,,,,,,,,,0xFF01EE,0,0,
485,-1,599,0,,,"Les salles de Pierre",,,,,,,,,,,,,,0xFF01FE,,,"Vaincre les boss des salles de Pierre.",,,,,,,,,,,,,,0xFF01FE,14806,0xA,8,0x0,3239,,,"",,,,,,,,,,,,,,0xFF01EC,0,0,
496,-1,599,0,,,"Les salles de Pierre : mode héroïque",,,,,,,,,,,,,,0xFF01FE,,,"Vaincre les boss des salles de Pierre en mode héroïque.",,,,,,,,,,,,,,0xFF01FE,14921,0xA,8,0x0,3240,,,"",,,,,,,,,,,,,,0xFF01EC,0,0,
574,-1,533,0,,,"Défaite de Kel'Thuzad (10 joueurs)",,,,,,,,,,,,,,0xFF01FE,,,"Vaincre Kel'Thuzad à Naxxramas en mode 10 joueurs.",,,,,,,,,,,,,,0xFF01FE,14922,0xA,8,0x0,1898,,,"",,,,,,,,,,,,,,0xFF01EC,0,0,
575,-1,533,0,,,"Défaite de Kel'Thuzad (25 joueurs)",,,,,,,,,,,,,,0xFF01FE,,,"Vaincre Kel'Thuzad à Naxxramas en mode 25 joueurs.",,,,,,,,,,,,,,0xFF01FE,14923,0xA,8,0x0,1898,,,"",,,,,,,,,,,,,,0xFF01EC,0,0,
634,-1,-1,0,,,"Gnomeregan",,,,,,,,,,,,,,0xFF01FE,,,"Vaincre le mekgénieur Thermojoncteur.",,,,,,,,,,,,,,0xFF01FE,14808,0xA,8,0x0,3641,,,"",,,,,,,,,,,,,,0xFF01EE,1,0,
653,-1,-1,0,,,"Les salles des Sethekk",,,,,,,,,,,,,,0xFF01FE,,,"Vaincre le roi-serre Ikiss.",,,,,,,,,,,,,,0xFF01FE,14805,0xA,8,0x0,3631,,,"",,,,,,,,,,,,,,0xFF01EE,1,0,
769,-1,-1,0,,,"Exploration de la forêt des Pins argentés",,,,,,,,,,,,,,0xFF01FE,,,"Explorer la forêt des Pins argentés et révéler les zones voilées de la carte du monde.",,,,,,,,,,,,,,0xFF01FE,14777,0xA,8,0x0,3576,,,"",,,,,,,,,,,,,,0xFF01EE,0,0,
830,-1,-1,0,,,"Montant total des soins reçus",,,,,,,,,,,,,,0xFF01FE,,,"Montant total des soins reçus",,,,,,,,,,,,,,0xFF01FE,141,0x0,8,0x1,1,,,"",,,,,,,,,,,,,,0xFF01EE,0,0,
845,-1,-1,0,,,"Exploration d'Orneval",,,,,,,,,,,,,,0xFF01FE,,,"Explorer Orneval et révéler les zones voilées de la carte du monde.",,,,,,,,,,,,,,0xFF01FE,14778,0xA,8,0x0,3543,,,"",,,,,,,,,,,,,,0xFF01EE,0,0,
869,-1,-1,239,,,"50 000 victoires honorables",,,,,,,,,,,,,,0xFF01FE,,,"Obtenir 50 000 victoires honorables.",,,,,,,,,,,,,,0xFF01FE,95,0xA,8,0x0,3461,,,"",,,,,,,,,,,,,,0xFF01EE,0,0,
899,1,-1,0,,,"Il n'y a que les Kurenaï qui m'aillent",,,,,,,,,,,,,,0xFF01FE,,,"Être exalté auprès des Kurenaï.",,,,,,,,,,,,,,0xFF01FE,14865,0xF,8,0x0,2208,,,"",,,,,,,,,,,,,,0xFF01EE,0,0,
931,-1,-1,0,,,"Nombre total de factions rencontrées",,,,,,,,,,,,,,0xFF01FE,,,"Nombre total de factions rencontrées",,,,,,,,,,,,,,0xFF01FE,147,0x0,8,0x1,1,,,"",,,,,,,,,,,,,,0xFF01EE,0,0,
934,-1,-1,0,,,"Nombre d'entrées dans des raids à 25",,,,,,,,,,,,,,0xFF01FE,,,"Nombre d'entrées dans des raids à 25",,,,,,,,,,,,,,0xFF01FE,14807,0x0,8,0x1,1,,,"",,,,,,,,,,,,,,0xFF01EE,0,0,
978,-1,-1,32,,,"3 000 quêtes achevées",,,,,,,,,,,,,,0xFF01FE,,,"Achever 3 000 quêtes.",,,,,,,,,,,,,,0xFF01FE,96,0x32,8,0x0,3414,,,"Titre : chercheur",,,,,,,,,,,,,,0xFF01FE,0,0,
1009,-1,-1,0,,,"Chevaliers de la Lame d'ébène",,,,,,,,,,,,,,0xFF01FE,,,"Être exalté auprès des chevaliers de la Lame d'ébène.",,,,,,,,,,,,,,0xFF01FE,14866,0xA,8,0x0,3683,,,"",,,,,,,,,,,,,,0xFF01EE,0,0,
1014,-1,-1,518,,,"35 réputations exaltées",,,,,,,,,,,,,,0xFF01FE,,,"Être exalté auprès de 35 factions.",,,,,,,,,,,,,,0xFF01FE,201,0xA,8,0x0,3603,,,"",,,,,,,,,,,,,,0xFF01EE,0,0,
1028,1,-1,0,,,"Extinction des Royaumes de l'est",,,,,,,,,,,,,,0xFF01FE,,,"Piétiner les feux de joie de la Horde dans les Royaumes de l'est.",,,,,,,,,,,,,,0xFF01FE,161,0xA,8,0x0,1920,,,"",,,,,,,,,,,,,,0xFF01EE,0,0,
1039,0,-1,0,,,"Le garde-flammes",,,,,,,,,,,,,,0xFF01FE,,,"Accomplir les hauts faits du Solstice listés ci-dessous.",,,,,,,,,,,,,,0xFF01FE,155,0x14,8,0x0,2975,,,"Titre : garde-flammes",,,,,,,,,,,,,,0xFF01FE,0,0,
1040,1,-1,0,,,"Sanssaint ruinée",,,,,,,,,,,,,,0xFF01FE,,,"Ruiner la Sanssaint de la Horde en achevant les quêtes du sergent Hartman, qui incluent la perturbation de la Fête de l'homme d'osier et le nettoyage des boules puantes à Austrivage.",,,,,,,,,,,,,,0xFF01FE,158,0xA,8,0x0,3480,,,"",,,,,,,,,,,,,,0xFF01EE,0,0,
1043,-1,-1,0,,,"Nombre de jets de cupidité sur du butin",,,,,,,,,,,,,,0xFF01FE,,,"Nombre de jets de cupidité sur du butin",,,,,,,,,,,,,,0xFF01FE,191,0x0,8,0x1,1,,,"",,,,,,,,,,,,,,0xFF01EE,0,0,
1075,-1,555,0,,,"Morts de Marmon (Labyrinthe des ombres)",,,,,,,,,,,,,,0xFF01FE,,,"Morts de Marmon (Labyrinthe des ombres)",,,,,,,,,,,,,,0xFF01FE,14822,0x5,8,0x1,2793,,,"",,,,,,,,,,,,,,0xFF01EE,0,0,
1102,-1,309,0,,,"Morts d'Hakkar (Zul'Gurub)",,,,,,,,,,,,,,0xFF01FE,,,"Morts d'Hakkar (Zul'Gurub)",,,,,,,,,,,,,,0xFF01FE,14821,0x5,8,0x1,2804,,,"",,,,,,,,,,,,,,0xFF01EE,0,0,
1110,-1,-1,0,,,"Victoires honorables en arène de 3c3",,,,,,,,,,,,,,0xFF01FE,,,"Victoires honorables en arène de 3c3",,,,,,,,,,,,,,0xFF01FE,136,0x0,8,0x1,1,,,"",,,,,,,,,,,,,,0xFF01EE,0,0,
1164,0,30,0,,,"Chaque détail compte",,,,,,,,,,,,,,0xFF01FE,,,"Gagner dans la vallée d'Alterac tandis que votre équipe contrôle les deux mines.",,,,,,,,,,,,,,0xFF01FE,14801,0xA,8,0x0,3433,,,"",,,,,,,,,,,,,,0xFF01EE,0,0,
1269,-1,-1,0,,,"Exploration des pics Foudroyés",,,,,,,,,,,,,,0xFF01FE,,,"Explorer les pics Foudroyés et révéler les zones voilées de la carte du monde.",,,,,,,,,,,,,,0xFF01FE,14780,0xA,8,0x0,3404,,,"",,,,,,,,,,,,,,0x7DFF01EE,0,0,
1273,0,-1,0,,,"Chelem en Nagrand",,,,,,,,,,,,,,0xFF01FE,,,"Achever 87 quêtes dans Nagrand.",,,,,,,,,,,,,,0xFF01FE,14862,0xA,8,0x0,3563,,,"",,,,,,,,,,,,,,0x7DFF01EE,0,0,
1291,-1,-1,0,,,"On se sent seul ?",,,,,,,,,,,,,,0xFF01FE,,,"Savourer un délice au lait au cours d'un pique-nique romantique avec quelqu'un à Dalaran pendant la fête De l'amour dans l'air.",,,,,,,,,,,,,,0xFF01FE,187,0xA,8,0x0,2545,,,"",,,,,,,,,,,,,,0x7DFF01EE,0,0,
1301,-1,-1,0,,,"Potions de mana les plus utilisées",,,,,,,,,,,,,,0xFF01FE,,,"Potions de mana les plus utilisées",,,,,,,,,,,,,,0xFF01FE,145,0x0,8,0x11,1,,,"",,,,,,,,,,,,,,0xFEFF01EC,0,922,
1311,-1,530,0,,,"La rareté du fait donne du prix à la chose.",,,,,,,,,,,,,,0xFF01FE,,,"Tuer l'une des créatures de l'Outreterre très rares et difficiles à trouver listées ci-dessous.",,,,,,,,,,,,,,0xFF01FE,14779,0xA,8,0x0,134,,,"",,,,,,,,,,,,,,0x7DFF01EC,1,0,
1357,0,-1,0,,,"Les Grisonnes, ça vous grise !",,,,,,,,,,,,,,0xFF01FE,,,"Achever 75 quêtes dans les Grisonnes.",,,,,,,,,,,,,,0xFF01FE,14863,0xA,8,0x0,3339,,,"",,,,,,,,,,,,,,0x7DFF01EC,0,0,
1493,-1,-1,0,,,"Coups fatals en arène de 3c3",,,,,,,,,,,,,,0xFF01FE,,,"Coups fatals en arène de 3c3",,,,,,,,,,,,,,0xFF01FE,137,0x0,8,0x1,1,,,"",,,,,,,,,,,,,,0x7BFF01EC,0,0,
1507,-1,619,0,,,"Morts du héraut Volazj (Ahn'kahet en mode héroïque)",,,,,,,,,,,,,,0xFF01FE,,,"Morts du héraut Volazj (Ahn'kahet en mode héroïque)",,,,,,,,,,,,,,0xFF01FE,14823,0x5,8,0x1,1256,,,"",,,,,,,,,,,,,,0x7EFF01EC,0,0,
1518,-1,-1,0,,,"Poissons pêchés",,,,,,,,,,,,,,0xFF01FE,,,"Poissons pêchés",,,,,,,,,,,,,,0xFF01FE,178,0x0,8,0x1,1,,,"",,,,,,,,,,,,,,0x7BFF01EC,0,0,
1552,-1,-1,0,,,"Pétards pétaradants",,,,,,,,,,,,,,0xFF01FE,,,"Lancer 10 pétards de fête en 30 secondes maximum.",,,,,,,,,,,,,,0xFF01FE,160,0xA,8,0x0,355,,,"",,,,,,,,,,,,,,0x7BFF01EC,0,0,
1727,-1,571,0,,,"La tour penchée de Joug-d'hiver",,,,,,,,,,,,,,0xFF01FE,,,"Détruire une tour à Joug-d'hiver.",,,,,,,,,,,,,,0xFF01FE,14901,0xA,8,0x0,2661,,,"",,,,,,,,,,,,,,0x7EFF01EC,1,0,
1800,-1,-1,0,,,"Gourmet de l'Outreterre",,,,,,,,,,,,,,0xFF01FE,,,"Préparer toutes les recettes de l'Outreterre listées ci-dessous.",,,,,,,,,,,,,,0xFF01FE,170,0xA,8,0x0,3162,,,"",,,,,,,,,,,,,,0x7BFF01EC,0,0,
2193,-1,607,0,,,"Expert en explosifs",,,,,,,,,,,,,,0xFF01FE,,,"Poser 5 charges d'hydroglycérine qui endommagent un mur avec succès au cours d'un même champ de bataille.",,,,,,,,,,,,,,0xFF01FE,14881,0xA,8,0x0,355,,,"",,,,,,,,,,,,,,0x7DFF01EC,0,0,
2497,0,-1,0,,,"Amourette de printemps",,,,,,,,,,,,,,0xFF01FE,,,"Trouvez à votre compagnon lapin du printemps une âme soeur dans chacune des villes ci-dessous.",,,,,,,,,,,,,,0xFF01FE,159,0xA,8,0x0,3202,,,"",,,,,,,,,,,,,,0x7BFF01EC,0,0,
2760,1,-1,2777,,,"Champion exalté de Darnassus",,,,,,,,,,,,,,0xFF01FE,,,"Être exalté auprès de Darnassus et obtenir le droit de représenter la faction au tournoi d'Argent.",,,,,,,,,,,,,,0xFF01FE,14941,0xA,8,0x0,3801,,,"Titre : de Darnassus",,,,,,,,,,,,,,0xFF01FE,0,0,
2862,-1,603,0,,,"Victoires contre Hodir (Ulduar à 10)",,,,,,,,,,,,,,0xFF01FE,,,"Victoires contre Hodir (Ulduar à 10)",,,,,,,,,,,,,,0xFF01FE,14963,0xA,8,0x1,1700,,,"",,,,,,,,,,,,,,0x7DFF01EC,0,0,
2907,-1,603,0,,,"Collectionneur (10 joueurs)",,,,,,,,,,,,,,0xFF01FE,,,"Vaincre le léviathan des flammes en étant dans chacun des véhicules listés ci-dessous en mode 10 joueurs.",,,,,,,,,,,,,,0xFF01FE,14961,0xA,8,0x0,656,,,"",,,,,,,,,,,,,,0x7BFF01EC,0,0,
2908,-1,603,0,,,"Collectionneur (25 joueurs)",,,,,,,,,,,,,,0xFF01FE,,,"Vaincre le léviathan des flammes en étant dans chacun des véhicules listés ci-dessous en mode 25 joueurs.",,,,,,,,,,,,,,0xFF01FE,14962,0xA,8,0x0,656,,,"",,,,,,,,,,,,,,0x7BFF01EC,0,0,
3596,1,-1,0,,,"Le pèlerinage du pèlerin",,,,,,,,,,,,,,0xFF01FE,,,"Achever chacune des quêtes journalières des Bienfaits du pèlerin.",,,,,,,,,,,,,,0xFF01FE,14981,0xA,8,0x0,3966,,,"",,,,,,,,,,,,,,0xFFF7EE,0,0,
3800,-1,-1,0,,,"Le roi traître (10 joueurs)",,,,,,,,,,,,,,0xFF01FE,,,"Tuer 40 scarabées d'essaim en 30 secondes en mode 10 joueurs.",,,,,,,,,,,,,,0xFF01FE,15001,0xA,8,0x0,4006,,,"",,,,,,,,,,,,,,0xFF1BFF,0,0,
3816,-1,-1,0,,,"Le roi traître (25 joueurs)",,,,,,,,,,,,,,0xFF01FE,,,"Tuer 40 scarabées d'essaim en 30 secondes en mode 25 joueurs.",,,,,,,,,,,,,,0xFF01FE,15002,0xA,8,0x0,4006,,,"",,,,,,,,,,,,,,0xFF1BFD,0,0,
3838,-1,-1,0,,,"Emblème de donjon ou de raid",,,,,,,,,,,,,,0xFF01FE,,,"Ramasser un emblème d'héroïsme, de vaillance, de conquête, de triomphe ou de givre.",,,,,,,,,,,,,,0xFF01FE,168,0xA,8,0x8,1950,,,"",,,,,,,,,,,,,,0xFF1BFC,0,0,
3847,-1,628,0,,,"Collectionnite aiguë",,,,,,,,,,,,,,0xFF01FE,,,"Sur l'île des Conquérants, contrôler les véhicules suivants :",,,,,,,,,,,,,,0xFF01FE,15003,0xA,8,0x0,656,,,"",,,,,,,,,,,,,,0xFF1BFF,0,0,
4053,-1,-1,0,,,"Victoires sur le champion chaman (L'épreuve du champion héroïque)",,,,,,,,,,,,,,0xFF01FE,,,"Victoires sur le champion chaman (L'épreuve du champion héroïque)",,,,,,,,,,,,,,0xFF01FE,15021,0x0,8,0x1,1,,,"",,,,,,,,,,,,,,0xFF01EC,0,0,
4631,-1,631,4527,,,"Les salles de l'Aile de givre : mode héroïque (10 joueurs)",,,,,,,,,,,,,,0xFF01FE,,,"Vaincre les boss des salles de l'Aile de givre dans la citadelle de la Couronne de glace en mode héroïque à 10 joueurs.",,,,,,,,,,,,,,0xFF01FE,15041,0xA,8,0x0,4158,,,"",,,,,,,,,,,,,,0xFF01FC,0,0,
4635,-1,631,4607,,,"Les salles de l'Aile de givre : mode héroïque (25 joueurs)",,,,,,,,,,,,,,0xFF01FE,,,"Vaincre les boss des salles de l'Aile de givre dans la citadelle de la Couronne de glace en mode héroïque à 25 joueurs.",,,,,,,,,,,,,,0xFF01FE,15042,0xA,8,0x0,4158,,,"",,,,,,,,,,,,,,0xFF01FC,0,0,
4719,-1,-1,0,,,"Morts d'Ick et Krick (Fosse de Saron héroïque)",,,,,,,,,,,,,,0xFF01FE,,,"",,,,,,,,,,,,,,0xFF01FC,15062,0x0,8,0x1,1,,,"",,,,,,,,,,,,,,0xFF01FC,0,0,
36,-1,-1,0,,,"L'empire de Zul'Drak",,,,,,,,,,,,,,0xFF01FE,,,"Achever 100 quêtes à Zul'Drak.",,,,,,,,,,,,,,0xFF01FE,14863,0xA,9,0x0,3340,,,"",,,,,,,,,,,,,,0xFF01EE,0,0,
54,-1,566,0,,,"Batailles pour l'Œil du cyclone",,,,,,,,,,,,,,0xFF01FE,,,"Batailles pour l'Œil du cyclone",,,,,,,,,,,,,,0xFF01FE,153,0x0,9,0x1,1,,,"",,,,,,,,,,,,,,0xFF01EE,0,0,
103,-1,-1,0,,,"Matchs dans le Cercle de sang",,,,,,,,,,,,,,0xFF01FE,,,"Matchs dans le Cercle de sang",,,,,,,,,,,,,,0xFF01FE,152,0x0,9,0x1,4,,,"",,,,,,,,,,,,,,0xFF01EE,0,0,
156,-1,529,0,,,"Domination territoriale",,,,,,,,,,,,,,0xFF01FE,,,"Gagner 10 batailles dans le bassin d'Arathi en contrôlant les 5 drapeaux.",,,,,,,,,,,,,,0xFF01FE,14802,0xA,9,0x0,3452,,,"",,,,,,,,,,,,,,0xFF01EE,0,0,
201,-1,489,0,,,"Goulet expédié",,,,,,,,,,,,,,0xFF01FE,,,"Gagner une bataille pour le goulet des Chanteguerres en moins de 7 minutes.",,,,,,,,,,,,,,0xFF01FE,14804,0xA,9,0x0,3389,,,"",,,,,,,,,,,,,,0xFF01EE,0,0,
226,-1,30,0,,,"L'Alterac express",,,,,,,,,,,,,,0xFF01FE,,,"Gagner dans la vallée d'Alterac en 6 minutes.",,,,,,,,,,,,,,0xFF01FE,14801,0x14,9,0x0,3380,,,"",,,,,,,,,,,,,,0xFF01EE,0,0,
306,-1,-1,0,,,"Maître pêcheur d'Azeroth",,,,,,,,,,,,,,0xFF01FE,,,"Gagner le concours de pêche de Baie-du-Butin ou le tournoi de pêche kalu'ak.",,,,,,,,,,,,,,0xFF01FE,171,0x14,9,0x0,577,,,"",,,,,,,,,,,,,,0xFF01EE,1,0,
332,-1,-1,0,,,"Plus grosse vente à l'hôtel des ventes",,,,,,,,,,,,,,0xFF01FE,,,"Plus grosse vente à l'hôtel des ventes",,,,,,,,,,,,,,0xFF01FE,140,0x0,9,0x1,4,,,"",,,,,,,,,,,,,,0xFF01EE,0,0,
460,-1,-1,0,,,"Mage « Prem's » au niveau 80 sur le royaume",,,,,,,,,,,,,,0xFF01FE,,,"Premier mage du royaume à atteindre le niveau 80.",,,,,,,,,,,,,,0xFF01FE,81,0x0,9,0x100,2832,,,"",,,,,,,,,,,,,,0xFF01EE,0,0,
486,-1,602,0,,,"Les salles de Foudre",,,,,,,,,,,,,,0xFF01FE,,,"Vaincre les boss des salles de Foudre.",,,,,,,,,,,,,,0xFF01FE,14806,0xA,9,0x0,3241,,,"",,,,,,,,,,,,,,0xFF01EC,0,0,
497,-1,602,0,,,"Les salles de Foudre : mode héroïque",,,,,,,,,,,,,,0xFF01FE,,,"Vaincre les boss des salles de Foudre en mode héroïque.",,,,,,,,,,,,,,0xFF01FE,14921,0xA,9,0x0,3242,,,"",,,,,,,,,,,,,,0xFF01EC,0,0,
576,-1,-1,0,,,"La chute de Naxxramas (10 joueurs)",,,,,,,,,,,,,,0xFF01FE,,,"Tuer tous les boss de Naxxramas en mode 10 joueurs.",,,,,,,,,,,,,,0xFF01FE,14922,0x19,9,0x0,3258,,,"",,,,,,,,,,,,,,0xFF01EC,0,0,
577,-1,-1,0,,,"La chute de Naxxramas (25 joueurs)",,,,,,,,,,,,,,0xFF01FE,,,"Tuer tous les boss de Naxxramas en mode 25 joueurs.",,,,,,,,,,,,,,0xFF01FE,14923,0x32,9,0x0,3259,,,"",,,,,,,,,,,,,,0xFF01EC,0,0,
587,-1,566,0,,,"Assassin à l'Œil",,,,,,,,,,,,,,0xFF01FE,,,"Dans une même bataille pour l'Œil du cyclone, obtenir 5 victoires honorables dans chacune des bases.",,,,,,,,,,,,,,0xFF01FE,14803,0xA,9,0x0,2837,,,"",,,,,,,,,,,,,,0xFF01EE,0,0,
636,-1,-1,0,,,"Souilles de Tranchebauge",,,,,,,,,,,,,,0xFF01FE,,,"Vaincre Amnennar le Porte-froid.",,,,,,,,,,,,,,0xFF01FE,14808,0xA,9,0x0,3655,,,"",,,,,,,,,,,,,,0xFF01EE,1,0,
654,-1,-1,0,,,"Labyrinthe des ombres",,,,,,,,,,,,,,0xFF01FE,,,"Vaincre Marmon.",,,,,,,,,,,,,,0xFF01FE,14805,0xA,9,0x0,3825,,,"",,,,,,,,,,,,,,0xFF01EE,1,0,
705,-1,-1,0,,,"Maître d'armes",,,,,,,,,,,,,,0xFF01FE,,,"Obtenir un score de 400 dans 4 compétences d'armes.",,,,,,,,,,,,,,0xFF01FE,92,0x19,9,0x0,279,,,"",,,,,,,,,,,,,,0xFF01EE,4,0,
846,-1,-1,0,,,"Exploration des Mille pointes",,,,,,,,,,,,,,0xFF01FE,,,"Explorer les Mille pointes et révéler les zones voilées de la carte du monde.",,,,,,,,,,,,,,0xFF01FE,14778,0xA,9,0x0,3580,,,"",,,,,,,,,,,,,,0xFF01EE,0,0,
858,-1,-1,0,,,"Exploration des Terres fantômes",,,,,,,,,,,,,,0xFF01FE,,,"Explorer les Terres fantômes et révéler les zones voilées de la carte du monde.",,,,,,,,,,,,,,0xFF01FE,14777,0xA,9,0x0,3540,,,"",,,,,,,,,,,,,,0xFF01EE,0,0,
870,-1,-1,869,,,"100 000 victoires honorables",,,,,,,,,,,,,,0xFF01FE,,,"Obtenir 100 000 victoires honorables.",,,,,,,,,,,,,,0xFF01FE,95,0xA,9,0x0,3453,,,"Titre : de la Horde ou de l'Alliance",,,,,,,,,,,,,,0xFF01FE,0,0,
901,0,-1,0,,,"Les Mag'har de Draenor",,,,,,,,,,,,,,0xFF01FE,,,"Être exalté auprès des Mag'har.",,,,,,,,,,,,,,0xFF01FE,14865,0xF,9,0x0,2208,,,"",,,,,,,,,,,,,,0xFF01EE,0,0,
937,-1,-1,0,,,"La bénédiction d'Elune",,,,,,,,,,,,,,0xFF01FE,,,"Achever la quête « La bénédiction d'Elune » en venant à bout de Présage.",,,,,,,,,,,,,,0xFF01FE,160,0xA,9,0x0,2821,,,"",,,,,,,,,,,,,,0xFF01EE,0,0,
973,-1,-1,0,,,"5 quêtes journalières achevées",,,,,,,,,,,,,,0xFF01FE,,,"Achever 5 quêtes journalières.",,,,,,,,,,,,,,0xFF01FE,96,0xA,9,0x0,3424,,,"",,,,,,,,,,,,,,0xFF01EE,0,0,
1010,-1,-1,0,,,"Avant-garde du Norfendre",,,,,,,,,,,,,,0xFF01FE,,,"Être exalté auprès de la Croisade d'argent, de l'Accord du Repos du ver, du Kirin Tor et des chevaliers de la Lame d'ébène.",,,,,,,,,,,,,,0xFF01FE,14866,0x14,9,0x0,2207,,,"",,,,,,,,,,,,,,0xFF01EE,0,0,
1015,-1,-1,1014,,,"40 réputations exaltées",,,,,,,,,,,,,,0xFF01FE,,,"Être exalté auprès de 40 factions.",,,,,,,,,,,,,,0xFF01FE,201,0xA,9,0x0,3602,,,"Titre : exalté",,,,,,,,,,,,,,0xFF01FE,0,0,
1029,1,-1,0,,,"Extinction de Kalimdor",,,,,,,,,,,,,,0xFF01FE,,,"Piétiner les feux de joie de la Horde en Kalimdor.",,,,,,,,,,,,,,0xFF01FE,161,0xA,9,0x0,1920,,,"",,,,,,,,,,,,,,0xFF01EE,0,0,
1041,0,-1,0,,,"Sanssaint ruinée",,,,,,,,,,,,,,0xFF01FE,,,"Ruiner la Sanssaint de l'Alliance en achevant les quêtes de la sombre imploratrice Yanka, qui incluent la dégradation des tonneaux avec des œufs pourris et le largage de boules puantes en ville.",,,,,,,,,,,,,,0xFF01FE,158,0xA,9,0x0,3480,,,"",,,,,,,,,,,,,,0xFF01EE,0,0,
1044,-1,-1,0,,,"Nombre de jets de besoin sur du butin",,,,,,,,,,,,,,0xFF01FE,,,"Nombre de jets de besoin sur du butin",,,,,,,,,,,,,,0xFF01FE,191,0x0,9,0x1,1,,,"",,,,,,,,,,,,,,0xFF01EE,0,0,
1076,-1,269,0,,,"Morts d'Aeonus (Ouverture de la Porte des ténèbres)",,,,,,,,,,,,,,0xFF01FE,,,"Morts d'Aeonus (Ouverture de la Porte des ténèbres)",,,,,,,,,,,,,,0xFF01FE,14822,0x5,9,0x1,1699,,,"",,,,,,,,,,,,,,0xFF01EE,0,0,
1098,-1,249,0,,,"Morts d'Onyxia (Repaire d'Onyxia)",,,,,,,,,,,,,,0xFF01FE,,,"Morts d'Onyxia (Repaire d'Onyxia)",,,,,,,,,,,,,,0xFF01FE,14821,0x5,9,0x1,1548,,,"",,,,,,,,,,,,,,0xFF01EE,0,0,
1103,-1,-1,0,,,"Donjons à 5 de Wrath of the Lich King terminés (boss de fin tué)",,,,,,,,,,,,,,0xFF01FE,,,"Donjons à 5 de Wrath of the Lich King terminés (boss de fin tué)",,,,,,,,,,,,,,0xFF01FE,14807,0x0,9,0x9,1,,,"",,,,,,,,,,,,,,0xFF01EE,0,0,
1109,-1,-1,0,,,"Victoires honorables en arène de 5c5",,,,,,,,,,,,,,0xFF01FE,,,"Victoires honorables en arène de 5c5",,,,,,,,,,,,,,0xFF01FE,136,0x0,9,0x1,1,,,"",,,,,,,,,,,,,,0xFF01EE,0,0,
1159,-1,-1,401,,,"Rien que nous deux : 2200",,,,,,,,,,,,,,0xFF01FE,,,"Obtenir une cote personnelle de 2200 en équipe d'arène de 2c2 au niveau 80.",,,,,,,,,,,,,,0xFF01FE,165,0xA,9,0x0,3036,,,"",,,,,,,,,,,,,,0xFF01EE,0,0,
1186,-1,-1,0,,,"À bas les Sombrefers !",,,,,,,,,,,,,,0xFF01FE,,,"Défendre le camp de la fête des Brasseurs contre l'attaque des Sombrefers et achever la quête « Et une fois, quand j'étais ivre… ».",,,,,,,,,,,,,,0xFF01FE,162,0xA,9,0x0,3072,,,"",,,,,,,,,,,,,,0xFF01EE,1,0,
1193,-1,-1,0,,,"Sur le fil des Tranchantes",,,,,,,,,,,,,,0xFF01FE,,,"Achever 86 quêtes dans les Tranchantes.",,,,,,,,,,,,,,0xFF01FE,14862,0xA,9,0x0,3549,,,"",,,,,,,,,,,,,,0xFF01EE,0,0,
1234,-1,600,0,,,"Morts du prophète Tharon'ja (Donjon de Drak'Tharon)",,,,,,,,,,,,,,0xFF01FE,,,"Morts du prophète Tharon'ja (Donjon de Drak'Tharon)",,,,,,,,,,,,,,0xFF01FE,14823,0x5,9,0x1,2912,,,"",,,,,,,,,,,,,,0x7DFF01EE,0,0,
1270,-1,-1,0,,,"Exploration de la Couronne de glace",,,,,,,,,,,,,,0xFF01FE,,,"Explorer la Couronne de glace et révéler les zones voilées de la carte du monde.",,,,,,,,,,,,,,0xFF01FE,14780,0xA,9,0x0,3473,,,"",,,,,,,,,,,,,,0x7DFF01EE,0,0,
1302,-1,-1,0,,,"Potions de mana différentes utilisées",,,,,,,,,,,,,,0xFF01FE,,,"Potions de mana différentes utilisées",,,,,,,,,,,,,,0xFF01FE,145,0x0,9,0x21,1,,,"",,,,,,,,,,,,,,0xFEFF01EC,0,922,
1312,-1,530,1311,,,"Sacrément rare",,,,,,,,,,,,,,0xFF01FE,,,"Tuer toutes les créatures de l'Outreterre très rares et difficiles à trouver listées ci-dessous.",,,,,,,,,,,,,,0xFF01FE,14779,0x19,9,0x0,134,,,"",,,,,,,,,,,,,,0x7DFF01EC,0,1311,
1456,-1,-1,0,,,"Poissons et autres objets pêchés",,,,,,,,,,,,,,0xFF01FE,,,"Poissons et autres objets pêchés",,,,,,,,,,,,,,0xFF01FE,178,0x0,9,0x1,1,,,"",,,,,,,,,,,,,,0x7BFF01EC,0,0,
1494,-1,-1,0,,,"Coups fatals en arène de 5c5",,,,,,,,,,,,,,0xFF01FE,,,"Coups fatals en arène de 5c5",,,,,,,,,,,,,,0xFF01FE,137,0x0,9,0x1,1,,,"",,,,,,,,,,,,,,0x7BFF01EC,0,0,
1544,-1,-1,0,,,"Plus haut score de compétence en ingénierie",,,,,,,,,,,,,,0xFF01FE,,,"Plus haut score de compétence en ingénierie",,,,,,,,,,,,,,0xFF01FE,173,0x0,9,0x1,1,,,"",,,,,,,,,,,,,,0x7BFF01EC,0,0,
1687,-1,-1,0,,,"Oh ! Il neige !",,,,,,,,,,,,,,0xFF01FE,,,"Pendant la fête du Voile d'hiver, lancer une poignée de flocons de neige sur les personnages des classes ET des races listées ci-dessous.",,,,,,,,,,,,,,0xFF01FE,156,0xA,9,0x0,976,,,"",,,,,,,,,,,,,,0x7AFF01EC,0,0,
1694,-1,-1,0,,,"T'as une belle robe, tu sais",,,,,,,,,,,,,,0xFF01FE,,,"Ouvrir une boîte de robe ravissante et obtenir une robe noire ravissante.",,,,,,,,,,,,,,0xFF01FE,187,0xA,9,0x0,3193,,,"",,,,,,,,,,,,,,0x7BFF01EC,0,0,
1751,-1,571,0,,,"Gagné d'avance",,,,,,,,,,,,,,0xFF01FE,,,"Tuer 20 personnages en monture à l'aide d'une tour-canon.",,,,,,,,,,,,,,0xFF01FE,14901,0xA,9,0x0,3434,,,"",,,,,,,,,,,,,,0x7EFF01EC,0,0,
1762,1,607,0,,,"Même pas mal",,,,,,,,,,,,,,0xFF01FE,,,"Gagner une bataille pour le rivage des Anciens sans perdre un seul véhicule de siège.",,,,,,,,,,,,,,0xFF01FE,14881,0xA,9,0x0,457,,,"",,,,,,,,,,,,,,0x7EFF01EC,0,0,
1777,-1,-1,0,,,"Gourmet du Norfendre",,,,,,,,,,,,,,0xFF01FE,,,"Préparer 15 recettes du Norfendre parmi celles listées ci-dessous.",,,,,,,,,,,,,,0xFF01FE,170,0xA,9,0x0,3211,,,"",,,,,,,,,,,,,,0x7BFF01EC,15,0,
2217,-1,-1,0,,,"Boss de raid à 10 de Lich King le plus mortel",,,,,,,,,,,,,,0xFF01FE,,,"Boss de raid à 10 de Lich King le plus mortel",,,,,,,,,,,,,,0xFF01FE,125,0x0,9,0x11,1,,,"",,,,,,,,,,,,,,0x7BFF01EC,0,323,
2420,0,-1,0,,,"Le Jardin des nobles",,,,,,,,,,,,,,0xFF01FE,,,"Cacher un œuf vivement coloré à Lune-d'argent.",,,,,,,,,,,,,,0xFF01FE,159,0xA,9,0x0,3329,,,"",,,,,,,,,,,,,,0x7DFF01EC,0,0,
2778,1,-1,0,,,"Champion de l'Exodar",,,,,,,,,,,,,,0xFF01FE,,,"Obtenir le droit de représenter l'Exodar au tournoi d'Argent",,,,,,,,,,,,,,0xFF01FE,14941,0xA,9,0x0,3796,,,"",,,,,,,,,,,,,,0x7BFF01EC,0,0,
2863,-1,603,0,,,"Victoires contre Thorim (Ulduar à 10)",,,,,,,,,,,,,,0xFF01FE,,,"Victoires contre Thorim (Ulduar à 10)",,,,,,,,,,,,,,0xFF01FE,14963,0xA,9,0x1,1700,,,"",,,,,,,,,,,,,,0x7DFF01EC,0,0,
2909,-1,603,0,,,"Enlevez-moi ces tourelles (10 joueurs)",,,,,,,,,,,,,,0xFF01FE,,,"Détruire une tourelle de défense de léviathan en mode 10 joueurs.",,,,,,,,,,,,,,0xFF01FE,14961,0xA,9,0x0,3854,,,"",,,,,,,,,,,,,,0x7BFF01EC,0,0,
2910,-1,603,0,,,"Enlevez-moi ces tourelles (25 joueurs)",,,,,,,,,,,,,,0xFF01FE,,,"Détruire une tourelle de défense de léviathan en mode 25 joueurs.",,,,,,,,,,,,,,0xFF01FE,14962,0xA,9,0x0,2589,,,"",,,,,,,,,,,,,,0x7BFF01EC,0,0,
3457,-1,-1,0,,,"Le butin du capitaine",,,,,,,,,,,,,,0xFF01FE,,,"Boire avec le capitaine DeMeza de l'effroi pour rejoindre son équipage pendant le Jour des pirates.",,,,,,,,,,,,,,0xFF01FE,155,0xA,9,0x0,2421,,,"",,,,,,,,,,,,,,0xFFF7EE,0,0,
3597,0,-1,0,,,"Le pèlerinage du pèlerin",,,,,,,,,,,,,,0xFF01FE,,,"Achever chacune des quêtes journalières des Bienfaits du pèlerin.",,,,,,,,,,,,,,0xFF01FE,14981,0xA,9,0x0,3966,,,"",,,,,,,,,,,,,,0xFFF7EE,0,0,
3808,-1,-1,0,,,"Une offrande au talent (10 joueurs)",,,,,,,,,,,,,,0xFF01FE,,,"Durant l'épreuve du grand croisé, atteindre un coffre d'offrande alors qu'il vous reste 25 tentatives en mode 10 joueurs.",,,,,,,,,,,,,,0xFF01FE,15001,0xA,9,0x0,3293,,,"",,,,,,,,,,,,,,0xFF1BFD,1,0,
3817,-1,-1,0,,,"Une offrande au talent (25 joueurs)",,,,,,,,,,,,,,0xFF01FE,,,"Durant l'épreuve du grand croisé, atteindre un coffre d'offrande alors qu'il vous reste 25 tentatives en mode 25 joueurs.",,,,,,,,,,,,,,0xFF01FE,15002,0xA,9,0x0,3293,,,"",,,,,,,,,,,,,,0xFF1BFD,1,0,
3839,-1,-1,3838,,,"25 emblèmes de donjon ou de raid",,,,,,,,,,,,,,0xFF01FE,,,"Ramasser 25 emblèmes d'héroïsme, de vaillance, de conquête, de triomphe ou de givre.",,,,,,,,,,,,,,0xFF01FE,168,0xA,9,0x88,1950,,,"",,,,,,,,,,,,,,0xFF1BFD,0,0,
3848,-1,628,0,,,"A-bomb-inable",,,,,,,,,,,,,,0xFF01FE,,,"Dans une même bataille pour l'île des Conquérants, utiliser 5 bombes d'hydroglycérine contre les portes ennemies.",,,,,,,,,,,,,,0xFF01FE,15003,0xA,9,0x0,2565,,,"",,,,,,,,,,,,,,0xFF1BFF,0,0,
4054,-1,-1,0,,,"Victoires sur le champion guerrier (L'épreuve du champion)",,,,,,,,,,,,,,0xFF01FE,,,"Victoires sur le champion guerrier (L'épreuve du champion)",,,,,,,,,,,,,,0xFF01FE,15021,0x0,9,0x1,1,,,"",,,,,,,,,,,,,,0xFF01EC,0,0,
4530,-1,631,0,,,"Le Trône de glace (10 joueurs)",,,,,,,,,,,,,,0xFF01FE,,,"Vaincre le roi-liche dans la citadelle de la Couronne de glace en mode 10 joueurs.",,,,,,,,,,,,,,0xFF01FE,15041,0xA,9,0x0,4179,,,"Titre : le régicide",,,,,,,,,,,,,,0xFF01FE,0,0,
4597,-1,631,0,,,"Le Trône de glace (25 joueurs)",,,,,,,,,,,,,,0xFF01FE,,,"Vaincre le roi-liche dans la citadelle de la Couronne de glace à 25 joueurs.",,,,,,,,,,,,,,0xFF01FE,15042,0xA,9,0x0,4179,,,"Titre : le régicide",,,,,,,,,,,,,,0xFF01FE,0,0,
4720,-1,-1,0,,,"Morts du seigneur du Fléau Tyrannus (Fosse de Saron)",,,,,,,,,,,,,,0xFF01FE,,,"",,,,,,,,,,,,,,0xFF01FC,15062,0x0,9,0x1,1,,,"",,,,,,,,,,,,,,0xFF01FC,0,0,
16,-1,-1,0,,,"Qui a commandé une salade de phalanges ?",,,,,,,,,,,,,,0xFF01FE,,,"Obtenir un score de 400 avec la compétence Mains nues.",,,,,,,,,,,,,,0xFF01FE,92,0xA,10,0x0,1997,,,"",,,,,,,,,,,,,,0xFF01EE,0,0,
39,-1,-1,0,,,"Dans le bassin",,,,,,,,,,,,,,0xFF01FE,,,"Achever 75 quêtes dans le bassin de Sholazar.",,,,,,,,,,,,,,0xFF01FE,14863,0xA,10,0x0,3341,,,"",,,,,,,,,,,,,,0xFF01EE,0,0,
50,-1,566,0,,,"Victoires dans l'Œil du cyclone",,,,,,,,,,,,,,0xFF01FE,,,"Victoires dans l'Œil du cyclone",,,,,,,,,,,,,,0xFF01FE,153,0x0,10,0x1,1,,,"",,,,,,,,,,,,,,0xFF01EE,0,0,
104,-1,-1,0,,,"Victoires dans le Cercle de sang",,,,,,,,,,,,,,0xFF01FE,,,"Victoires dans le Cercle de sang",,,,,,,,,,,,,,0xFF01FE,152,0x0,10,0x1,4,,,"",,,,,,,,,,,,,,0xFF01EE,0,0,
159,-1,529,0,,,"Une formalité à régler",,,,,,,,,,,,,,0xFF01FE,,,"Gagner dans le bassin d'Arathi en 6 minutes.",,,,,,,,,,,,,,0xFF01FE,14802,0xA,10,0x0,3383,,,"",,,,,,,,,,,,,,0xFF01EE,0,0,
204,-1,489,0,,,"L'homme de fer",,,,,,,,,,,,,,0xFF01FE,,,"Dans une même bataille pour le goulet des Chanteguerres, porter et capturer 3 fois le drapeau sans mourir.",,,,,,,,,,,,,,0xFF01FE,14804,0xA,10,0x0,3482,,,"",,,,,,,,,,,,,,0xFF01EE,0,0,
223,-1,30,0,,,"La proie la plus faible",,,,,,,,,,,,,,0xFF01FE,,,"Dans la vallée d'Alterac, tuer un ennemi dans le Champ sanglant avant qu'il ne soit descendu de monture.",,,,,,,,,,,,,,0xFF01FE,14801,0xA,10,0x0,3434,,,"",,,,,,,,,,,,,,0xFF01EE,0,0,
293,-1,571,0,,,"Trouble-fête",,,,,,,,,,,,,,0xFF01FE,,,"Rassembler 3 pièces de la tenue de la fête des Brasseurs, se soûler et danser à Dalaran.",,,,,,,,,,,,,,0xFF01FE,162,0xA,10,0x0,2518,,,"",,,,,,,,,,,,,,0xFF01EE,0,0,
324,-1,-1,0,,,"Morts sur des boss de raids à 25 de Wrath of the Lich King",,,,,,,,,,,,,,0xFF01FE,,,"Morts sur des boss de raids à 25 de Wrath of the Lich King",,,,,,,,,,,,,,0xFF01FE,125,0x0,10,0x9,4,,,"",,,,,,,,,,,,,,0xFF01EE,0,0,
402,-1,-1,0,,,"Jamais deux sans trois : 1550",,,,,,,,,,,,,,0xFF01FE,,,"Obtenir une cote personnelle de 1550 en équipe d'arène de 3c3 au niveau 80.",,,,,,,,,,,,,,0xFF01FE,165,0xA,10,0x0,3050,,,"",,,,,,,,,,,,,,0xFF01EE,0,0,
459,-1,-1,0,,,"Guerrier « Prem's » au niveau 80 sur le royaume",,,,,,,,,,,,,,0xFF01FE,,,"Premier guerrier du royaume à atteindre le niveau 80.",,,,,,,,,,,,,,0xFF01FE,81,0x0,10,0x100,1462,,,"",,,,,,,,,,,,,,0xFF01EE,0,0,
487,-1,578,0,,,"L'Oculus",,,,,,,,,,,,,,0xFF01FE,,,"Vaincre les boss de l'Oculus.",,,,,,,,,,,,,,0xFF01FE,14806,0xA,10,0x0,3243,,,"",,,,,,,,,,,,,,0xFF01EC,0,0,
498,-1,578,0,,,"L'Oculus : mode héroïque",,,,,,,,,,,,,,0xFF01FE,,,"Vaincre les boss de l'Oculus en mode héroïque.",,,,,,,,,,,,,,0xFF01FE,14921,0xA,10,0x0,3244,,,"",,,,,,,,,,,,,,0xFF01EC,0,0,
578,-1,533,0,,,"Rares sont les dévoués (10 joueurs)",,,,,,,,,,,,,,0xFF01FE,,,"Vaincre les boss de Naxxramas à 8 maximum dans la zone en mode 10 joueurs.",,,,,,,,,,,,,,0xFF01FE,14922,0x19,10,0x0,61,,,"",,,,,,,,,,,,,,0xFF01EC,0,0,
579,-1,533,0,,,"Rares sont les dévoués (25 joueurs)",,,,,,,,,,,,,,0xFF01FE,,,"Vaincre les boss de Naxxramas à 20 maximum dans la zone en mode 25 joueurs.",,,,,,,,,,,,,,0xFF01FE,14923,0x32,10,0x0,61,,,"",,,,,,,,,,,,,,0xFF01EC,0,0,
637,-1,189,0,,,"Monastère écarlate",,,,,,,,,,,,,,0xFF01FE,,,"Vaincre la Croisade écarlate au Monastère écarlate.",,,,,,,,,,,,,,0xFF01FE,14808,0xA,10,0x0,2792,,,"",,,,,,,,,,,,,,0xFF01EE,0,0,
655,-1,-1,0,,,"Ouverture de la Porte des ténèbres",,,,,,,,,,,,,,0xFF01FE,,,"Vaincre Aeonus.",,,,,,,,,,,,,,0xFF01FE,14805,0xA,10,0x0,3826,,,"",,,,,,,,,,,,,,0xFF01EE,1,0,
726,-1,-1,0,,,"Caisse d'écrevisses magiques de M. Pince-mi",,,,,,,,,,,,,,0xFF01FE,,,"Pêcher la caisse d'écrevisses magiques de M. Pince-mi.",,,,,,,,,,,,,,0xFF01FE,171,0xA,10,0x0,2105,,,"",,,,,,,,,,,,,,0xFF01EE,1,0,
762,0,-1,0,,,"Ambassadeur de la Horde",,,,,,,,,,,,,,0xFF01FE,,,"Être exalté auprès des 5 races de sa faction.",,,,,,,,,,,,,,0xFF01FE,201,0xA,10,0x0,3374,,,"Titre : ambassadeur",,,,,,,,,,,,,,0xFF01FE,0,0,
780,-1,-1,0,,,"Exploration des Carmines",,,,,,,,,,,,,,0xFF01FE,,,"Explorer les Carmines et révéler les zones voilées de la carte du monde.",,,,,,,,,,,,,,0xFF01FE,14777,0xA,10,0x0,3565,,,"",,,,,,,,,,,,,,0xFF01EE,0,0,
847,-1,-1,0,,,"Exploration des Serres-Rocheuses",,,,,,,,,,,,,,0xFF01FE,,,"Explorer les Serres-Rocheuses et révéler les zones voilées de la carte du monde.",,,,,,,,,,,,,,0xFF01FE,14778,0xA,10,0x0,3578,,,"",,,,,,,,,,,,,,0xFF01EE,0,0,
902,-1,-1,0,,,"Président directeur exalté",,,,,,,,,,,,,,0xFF01FE,,,"Être exalté auprès du Consortium.",,,,,,,,,,,,,,0xFF01FE,14865,0xA,10,0x0,2558,,,"",,,,,,,,,,,,,,0xFF01EE,0,0,
912,-1,-1,0,,,"Les Anciens des Royaumes de l'est",,,,,,,,,,,,,,0xFF01FE,,,"Honorer les Anciens situés dans les Royaumes de l'est.",,,,,,,,,,,,,,0xFF01FE,160,0xA,10,0x0,2218,,,"",,,,,,,,,,,,,,0xFF01EE,0,0,
921,-1,-1,0,,,"Argent obtenu par les marchands",,,,,,,,,,,,,,0xFF01FE,,,"Argent obtenu par les marchands",,,,,,,,,,,,,,0xFF01FE,140,0x0,10,0x1,1,,,"",,,,,,,,,,,,,,0xFF01EE,0,0,
923,-1,-1,0,,,"Élixirs consommés",,,,,,,,,,,,,,0xFF01FE,,,"Élixirs consommés",,,,,,,,,,,,,,0xFF01FE,145,0x0,10,0x9,1,,,"",,,,,,,,,,,,,,0xFF01EE,0,0,
974,-1,-1,973,,,"50 quêtes journalières achevées",,,,,,,,,,,,,,0xFF01FE,,,"Achever 50 quêtes journalières.",,,,,,,,,,,,,,0xFF01FE,96,0xA,10,0x0,3425,,,"",,,,,,,,,,,,,,0xFF01EE,0,0,
1011,0,-1,0,,,"Les vents du Nord",,,,,,,,,,,,,,0xFF01FE,,,"Être exalté auprès de l'expédition de la Horde.",,,,,,,,,,,,,,0xFF01FE,14866,0x14,10,0x0,2625,,,"",,,,,,,,,,,,,,0xFF01EE,0,0,
1030,1,-1,0,,,"Extinction de l'Outreterre",,,,,,,,,,,,,,0xFF01FE,,,"Piétiner les feux de joie de la Horde en Outreterre.",,,,,,,,,,,,,,0xFF01FE,161,0xA,10,0x0,1920,,,"",,,,,,,,,,,,,,0xFF01EE,0,0,
1077,-1,545,0,,,"Morts du seigneur de guerre Kalithresh (Le Caveau de la vapeur)",,,,,,,,,,,,,,0xFF01FE,,,"Morts du seigneur de guerre Kalithresh (Le Caveau de la vapeur)",,,,,,,,,,,,,,0xFF01FE,14822,0x5,10,0x1,1647,,,"",,,,,,,,,,,,,,0xFF01EE,0,0,
1099,-1,409,0,,,"Morts de Ragnaros (Cœur du Magma)",,,,,,,,,,,,,,0xFF01FE,,,"Morts de Ragnaros (Cœur du Magma)",,,,,,,,,,,,,,0xFF01FE,14821,0x5,10,0x1,2290,,,"",,,,,,,,,,,,,,0xFF01EE,0,0,
1104,-1,-1,0,,,"Raids à 10 de Wrath of the Lich King terminés (boss de fin tué)",,,,,,,,,,,,,,0xFF01FE,,,"Raids à 10 de Wrath of the Lich King terminés (boss de fin tué)",,,,,,,,,,,,,,0xFF01FE,14807,0x0,10,0x9,1,,,"",,,,,,,,,,,,,,0xFF01EE,0,0,
1113,-1,-1,0,,,"Victoires honorables dans la vallée d'Alterac",,,,,,,,,,,,,,0xFF01FE,,,"Victoires honorables dans la vallée d'Alterac",,,,,,,,,,,,,,0xFF01FE,136,0x0,10,0x1,1,,,"",,,,,,,,,,,,,,0xFF01EE,0,0,
1157,-1,-1,0,,,"Duel-icieux",,,,,,,,,,,,,,0xFF01FE,,,"Gagner un duel contre un autre personnage.",,,,,,,,,,,,,,0xFF01FE,95,0xA,10,0x0,2023,,,"",,,,,,,,,,,,,,0xFF01EE,0,0,
1194,-1,-1,0,,,"Dans le Néant",,,,,,,,,,,,,,0xFF01FE,,,"Achever 120 quêtes à Raz-de-Néant.",,,,,,,,,,,,,,0xFF01FE,14862,0xA,10,0x0,3564,,,"",,,,,,,,,,,,,,0xFF01EE,0,0,
1258,-1,566,0,,,"Prends un calmant",,,,,,,,,,,,,,0xFF01FE,,,"Dans l'Œil du cyclone, tuer un personnage bénéficiant d'une amélioration Berserker.",,,,,,,,,,,,,,0xFF01FE,14803,0xA,10,0x0,3423,,,"",,,,,,,,,,,,,,0x7DFF01EE,0,0,
1261,-1,-1,0,,,"B.I.G.B.A.N.G.",,,,,,,,,,,,,,0xFF01FE,,,"Obtenir 50 victoires honorables en étant sous l'influence de l'amélioration B.I.G.B.A.N.G. Une claque en pleine figure.",,,,,,,,,,,,,,0xFF01FE,158,0xA,10,0x0,2006,,,"",,,,,,,,,,,,,,0x7DFF01EE,0,0,
1495,-1,-1,0,,,"Coups fatals dans la vallée d'Alterac",,,,,,,,,,,,,,0xFF01FE,,,"Coups fatals dans la vallée d'Alterac",,,,,,,,,,,,,,0xFF01FE,137,0x0,10,0x1,1,,,"",,,,,,,,,,,,,,0x7BFF01EC,0,0,
1508,-1,600,0,,,"Morts du prophète Tharon'ja (Donjon de Drak'Tharon en mode héroïque)",,,,,,,,,,,,,,0xFF01FE,,,"Morts du prophète Tharon'ja (Donjon de Drak'Tharon en mode héroïque)",,,,,,,,,,,,,,0xFF01FE,14823,0x5,10,0x1,2912,,,"",,,,,,,,,,,,,,0x7EFF01EC,0,0,
1526,-1,-1,0,,,"Quêtes journalières de pêche achevées",,,,,,,,,,,,,,0xFF01FE,,,"Quêtes journalières de pêche achevées",,,,,,,,,,,,,,0xFF01FE,178,0xA,10,0x9,2736,,,"",,,,,,,,,,,,,,0x7BFF01EC,0,0,
1683,0,-1,0,,,"Maître brasseur",,,,,,,,,,,,,,0xFF01FE,,,"Accomplir les hauts faits de la fête des Brasseurs listés ci-dessous.",,,,,,,,,,,,,,0xFF01FE,155,0xA,10,0x0,3697,,,"Titre : maître brasseur",,,,,,,,,,,,,,0xFF01FE,0,0,
1685,0,-1,0,,,"Un Voile d'hiver en famille",,,,,,,,,,,,,,0xFF01FE,,,"Lancer du gui sur les « frères » de la Horde pendant la fête du Voile d'hiver.",,,,,,,,,,,,,,0xFF01FE,156,0xA,10,0x0,1793,,,"",,,,,,,,,,,,,,0x7BFF01EC,0,0,
1703,-1,-1,0,,,"Mignonne, allons voir la rose",,,,,,,,,,,,,,0xFF01FE,,,"Obtenir un bouquet de roses rouges ou ébène pendant la fête De l'amour dans l'air.",,,,,,,,,,,,,,0xFF01FE,187,0xA,10,0x0,1937,,,"",,,,,,,,,,,,,,0x7BFF01EC,1,0,
1734,-1,-1,0,,,"Schémas d'ingénierie appris",,,,,,,,,,,,,,0xFF01FE,,,"Schémas d'ingénierie appris",,,,,,,,,,,,,,0xFF01FE,173,0x0,10,0x1,4,,,"",,,,,,,,,,,,,,0x7DFF01EC,0,0,
1778,-1,-1,1777,,,"Gourmet du Norfendre",,,,,,,,,,,,,,0xFF01FE,,,"Préparer 30 recettes du Norfendre parmi celles listées ci-dessous.",,,,,,,,,,,,,,0xFF01FE,170,0xA,10,0x0,3212,,,"",,,,,,,,,,,,,,0x7EFF01EC,30,1777,
2080,-1,-1,0,,,"Mammouth de guerre noir",,,,,,,,,,,,,,0xFF01FE,,,"Obtenir un mammouth de guerre noir.",,,,,,,,,,,,,,0xFF01FE,14901,0xA,10,0x0,3444,,,"",,,,,,,,,,,,,,0x7BFF01EC,1,0,
2192,0,607,0,,,"Même pas mal",,,,,,,,,,,,,,0xFF01FE,,,"Gagner une bataille pour le rivage des Anciens sans perdre un seul véhicule de siège.",,,,,,,,,,,,,,0xFF01FE,14881,0xA,10,0x0,457,,,"",,,,,,,,,,,,,,0x7DFF01EC,0,0,
2256,-1,-1,0,,,"Exposition nord",,,,,,,,,,,,,,0xFF01FE,,,"Tuer l'une des créatures du Norfendre très rares et difficiles à trouver listées ci-dessous.",,,,,,,,,,,,,,0xFF01FE,14780,0xA,10,0x0,3637,,,"",,,,,,,,,,,,,,0x7EFF01EC,1,0,
2421,1,-1,0,,,"Le Jardin des nobles",,,,,,,,,,,,,,0xFF01FE,,,"Cacher un œuf vivement coloré à Hurlevent.",,,,,,,,,,,,,,0xFF01FE,159,0xA,10,0x0,3329,,,"",,,,,,,,,,,,,,0x7DFF01EC,0,0,
2761,1,-1,2778,,,"Champion exalté de l'Exodar",,,,,,,,,,,,,,0xFF01FE,,,"Être exalté auprès de l'Exodar et obtenir le droit de représenter la faction au tournoi d'Argent.",,,,,,,,,,,,,,0xFF01FE,14941,0xA,10,0x0,3796,,,"Titre : de l'Exodar",,,,,,,,,,,,,,0xFF01FE,0,0,
2864,-1,603,0,,,"Victoires contre Freya (Ulduar à 10)",,,,,,,,,,,,,,0xFF01FE,,,"Victoires contre Freya (Ulduar à 10)",,,,,,,,,,,,,,0xFF01FE,14963,0xA,10,0x1,1700,,,"",,,,,,,,,,,,,,0x7DFF01EC,0,0,
2911,-1,603,0,,,"Échec critique (10 joueurs)",,,,,,,,,,,,,,0xFF01FE,,,"Vaincre le léviathan des flammes sans provoquer d'extinction des systèmes en mode 10 joueurs.",,,,,,,,,,,,,,0xFF01FE,14961,0xA,10,0x0,3504,,,"",,,,,,,,,,,,,,0x7BFF01EC,0,0,
2912,-1,603,0,,,"Échec critique (25 joueurs)",,,,,,,,,,,,,,0xFF01FE,,,"Vaincre le léviathan des flammes sans provoquer d'extinction des systèmes en mode 25 joueurs.",,,,,,,,,,,,,,0xFF01FE,14962,0xA,10,0x0,3504,,,"",,,,,,,,,,,,,,0x7BFF01EC,0,0,
3558,-1,-1,0,,,"La part du pèlerin",,,,,,,,,,,,,,0xFF01FE,,,"Faire passer chacun des plats de la table des Bienfaits.",,,,,,,,,,,,,,0xFF01FE,14981,0xA,10,0x0,79,,,"",,,,,,,,,,,,,,0xFFF7EE,0,0,
3809,-1,-1,3808,,,"Une offrande au talent fou (10 joueurs)",,,,,,,,,,,,,,0xFF01FE,,,"Durant l'épreuve du grand croisé, atteindre un coffre d'offrande alors qu'il vous reste 45 tentatives en mode 10 joueurs.",,,,,,,,,,,,,,0xFF01FE,15001,0xA,10,0x0,4008,,,"",,,,,,,,,,,,,,0xFF1BFD,1,0,
3818,-1,-1,3817,,,"Une offrande au talent fou (25 joueurs)",,,,,,,,,,,,,,0xFF01FE,,,"Durant l'épreuve du grand croisé, atteindre un coffre d'offrande alors qu'il vous reste 45 tentatives en mode 25 joueurs.",,,,,,,,,,,,,,0xFF01FE,15002,0xA,10,0x0,4008,,,"",,,,,,,,,,,,,,0xFF1BFD,1,0,
3840,-1,-1,3839,,,"50 emblèmes de donjon ou de raid",,,,,,,,,,,,,,0xFF01FE,,,"Ramasser 50 emblèmes d'héroïsme, de vaillance, de conquête, de triomphe ou de givre.",,,,,,,,,,,,,,0xFF01FE,168,0xA,10,0x88,1950,,,"",,,,,,,,,,,,,,0xFF1BFE,0,0,
3849,-1,628,0,,,"A-bomb-ination",,,,,,,,,,,,,,0xFF01FE,,,"Dans une même bataille pour l'île des Conquérants, utiliser 5 énormes bombes d'hydroglycérine contre les portes ennemies.",,,,,,,,,,,,,,0xFF01FE,15003,0xA,10,0x0,1755,,,"",,,,,,,,,,,,,,0xFF1BFF,0,0,
4055,-1,-1,0,,,"Victoires sur le champion guerrier (L'épreuve du champion héroïque)",,,,,,,,,,,,,,0xFF01FE,,,"Victoires sur le champion guerrier (L'épreuve du champion héroïque)",,,,,,,,,,,,,,0xFF01FE,15021,0x0,10,0x1,1,,,"",,,,,,,,,,,,,,0xFF01EC,0,0,
4583,-1,631,4530,,,"Le tourment du roi déchu",,,,,,,,,,,,,,0xFF01FE,,,"Vaincre le roi-liche dans la citadelle de la Couronne de glace en mode héroïque à 10 joueurs.",,,,,,,,,,,,,,0xFF01FE,15041,0xA,10,0x0,4148,,,"Titre : tourment du roi déchu",,,,,,,,,,,,,,0xFF01FE,0,0,
4584,-1,631,4597,,,"La lumière de l'aube",,,,,,,,,,,,,,0xFF01FE,,,"Vaincre le roi-liche dans la citadelle de la Couronne de glace en mode héroïque à 25 joueurs.",,,,,,,,,,,,,,0xFF01FE,15042,0xA,10,0x0,2821,,,"Titre : lumière de l'aube",,,,,,,,,,,,,,0xFF01FE,0,0,
4721,-1,-1,0,,,"Morts du seigneur du Fléau Tyrannus (Fosse de Saron héroïque)",,,,,,,,,,,,,,0xFF01FE,,,"",,,,,,,,,,,,,,0xFF01FC,15062,0x0,10,0x1,1,,,"",,,,,,,,,,,,,,0xFF01FC,0,0,
4778,-1,-1,0,,,"Nombre de jets de désenchantement sur du butin",,,,,,,,,,,,,,0xFF01FE,,,"Nombre de jets de désenchantement sur du butin",,,,,,,,,,,,,,0xFF01FE,191,0x0,10,0x1,1,,,"",,,,,,,,,,,,,,0xFF01FC,0,0,
38,-1,-1,0,,,"Le sommet des pics Foudroyés",,,,,,,,,,,,,,0xFF01FE,,,"Achever 100 quêtes dans les pics Foudroyés.",,,,,,,,,,,,,,0xFF01FE,14863,0xA,11,0x0,3405,,,"",,,,,,,,,,,,,,0xFF01EE,0,0,
162,-1,529,0,,,"C'était gagné d'avance *hum hum*",,,,,,,,,,,,,,0xFF01FE,,,"Gagner dans le bassin d'Arathi avec une différence de 10 points (1600 à 1590).",,,,,,,,,,,,,,0xFF01FE,14802,0xA,11,0x0,1876,,,"",,,,,,,,,,,,,,0xFF01FE,0,0,
220,1,30,0,,,"La perfection selon les Foudrepiques",,,,,,,,,,,,,,0xFF01FE,,,"Gagner la bataille pour la vallée d'Alterac sans perdre une tour ou un capitaine. Vous devez également contrôler toutes les tours de la Horde.",,,,,,,,,,,,,,0xFF01FE,14801,0x14,11,0x0,2897,,,"",,,,,,,,,,,,,,0xFF01EE,0,0,
233,-1,566,0,,,"Berserker assoiffé de sang",,,,,,,,,,,,,,0xFF01FE,,,"Asséner un coup fatal sous berserker dans l'Œil du cyclone.",,,,,,,,,,,,,,0xFF01FE,14803,0xA,11,0x0,38,,,"",,,,,,,,,,,,,,0xFF01EE,0,0,
245,-1,-1,0,,,"Ça, c'est la classe",,,,,,,,,,,,,,0xFF01FE,,,"Asséner un coup fatal apportant une victoire honorable sur un membre de chaque classe.",,,,,,,,,,,,,,0xFF01FE,95,0xA,11,0x0,244,,,"",,,,,,,,,,,,,,0xFF01EE,0,0,
291,-1,-1,0,,,"Attention à la tête",,,,,,,,,,,,,,0xFF01FE,,,"Utiliser des citrouilles de la Sanssaint lestées pour mettre des têtes de citrouilles sur chacune des races listées ci-dessous.",,,,,,,,,,,,,,0xFF01FE,158,0xA,11,0x0,2528,,,"",,,,,,,,,,,,,,0xFF01EE,0,0,
303,-1,-1,0,,,"Qui veut s'abreuver loin aménage sa monture",,,,,,,,,,,,,,0xFF01FE,,,"Obtenir une monture de la fête des Brasseurs ou transformer la vôtre à l'aide de houblon de la fête des Brasseurs.",,,,,,,,,,,,,,0xFF01FE,162,0xA,11,0x0,354,,,"",,,,,,,,,,,,,,0xFF01EE,1,0,
403,-1,-1,402,,,"Jamais deux sans trois : 1750",,,,,,,,,,,,,,0xFF01FE,,,"Obtenir une cote personnelle de 1750 en équipe d'arène de 3c3 au niveau 80.",,,,,,,,,,,,,,0xFF01FE,165,0xA,11,0x0,3049,,,"",,,,,,,,,,,,,,0xFF01EE,0,0,
458,-1,-1,0,,,"Voleur « Prem's » au niveau 80 sur le royaume",,,,,,,,,,,,,,0xFF01FE,,,"Premier voleur du royaume à atteindre le niveau 80.",,,,,,,,,,,,,,0xFF01FE,81,0x0,11,0x100,1834,,,"",,,,,,,,,,,,,,0xFF01EE,0,0,
488,-1,575,0,,,"Cime d'Utgarde",,,,,,,,,,,,,,0xFF01FE,,,"Vaincre les boss de la cime d'Utgarde.",,,,,,,,,,,,,,0xFF01FE,14806,0xA,11,0x0,3245,,,"",,,,,,,,,,,,,,0xFF01EC,0,0,
499,-1,575,0,,,"Cime d'Utgarde : mode héroïque",,,,,,,,,,,,,,0xFF01FE,,,"Vaincre les boss de la cime d'Utgarde en mode héroïque.",,,,,,,,,,,,,,0xFF01FE,14921,0xA,11,0x0,3246,,,"",,,,,,,,,,,,,,0xFF01EC,0,0,
546,-1,-1,0,,,"Chambre forte",,,,,,,,,,,,,,0xFF01FE,,,"Acheter 7 emplacements de sac supplémentaires.",,,,,,,,,,,,,,0xFF01FE,92,0xA,11,0x0,2492,,,"",,,,,,,,,,,,,,0xFF01EE,0,0,
638,-1,-1,0,,,"Uldaman",,,,,,,,,,,,,,0xFF01FE,,,"Vaincre Archaedas.",,,,,,,,,,,,,,0xFF01FE,14808,0xA,11,0x0,3656,,,"",,,,,,,,,,,,,,0xFF01EE,1,0,
656,-1,-1,0,,,"Le Caveau de la vapeur",,,,,,,,,,,,,,0xFF01FE,,,"Vaincre le seigneur de guerre Kalithresh.",,,,,,,,,,,,,,0xFF01FE,14805,0xA,11,0x0,3657,,,"",,,,,,,,,,,,,,0xFF01EE,1,0,
712,0,-1,0,,,"Voltigeur Chanteguerre",,,,,,,,,,,,,,0xFF01FE,,,"Être exalté auprès des voltigeurs Chanteguerre.",,,,,,,,,,,,,,0xFF01FE,14804,0xA,11,0x0,282,,,"",,,,,,,,,,,,,,0xFF01EE,0,0,
778,-1,-1,0,,,"Exploration du bois de la Pénombre",,,,,,,,,,,,,,0xFF01FE,,,"Explorer le bois de la Pénombre et révéler les zones voilées de la carte du monde.",,,,,,,,,,,,,,0xFF01FE,14777,0xA,11,0x0,3533,,,"",,,,,,,,,,,,,,0xFF01EE,0,0,
848,-1,-1,0,,,"Exploration de Désolace",,,,,,,,,,,,,,0xFF01FE,,,"Explorer Désolace et révéler les zones voilées de la carte du monde.",,,,,,,,,,,,,,0xFF01FE,14778,0xA,11,0x0,3530,,,"",,,,,,,,,,,,,,0xFF01EE,0,0,
878,-1,-1,0,,,"Ça mord !",,,,,,,,,,,,,,0xFF01FE,,,"Pêcher l'un des poissons rares listés ci-dessous.",,,,,,,,,,,,,,0xFF01FE,171,0xA,11,0x0,2918,,,"",,,,,,,,,,,,,,0xFF01EE,1,0,
900,-1,-1,0,,,"Le tsar de Sporeggar",,,,,,,,,,,,,,0xFF01FE,,,"Être exalté auprès de Sporeggar.",,,,,,,,,,,,,,0xFF01FE,14865,0xF,11,0x0,2920,,,"",,,,,,,,,,,,,,0xFF01EE,0,0,
911,-1,-1,0,,,"Les Anciens de Kalimdor",,,,,,,,,,,,,,0xFF01FE,,,"Honorer les Anciens situés en Kalimdor.",,,,,,,,,,,,,,0xFF01FE,160,0xA,11,0x0,2218,,,"",,,,,,,,,,,,,,0xFF01EE,0,0,
948,1,-1,0,,,"Ambassadeur de l'Alliance",,,,,,,,,,,,,,0xFF01FE,,,"Être exalté auprès des 5 races de sa faction.",,,,,,,,,,,,,,0xFF01FE,201,0xA,11,0x0,3375,,,"Titre : ambassadeur",,,,,,,,,,,,,,0xFF01FE,0,0,
975,-1,-1,974,,,"200 quêtes journalières achevées",,,,,,,,,,,,,,0xFF01FE,,,"Achever 200 quêtes journalières.",,,,,,,,,,,,,,0xFF01FE,96,0xA,11,0x0,3426,,,"",,,,,,,,,,,,,,0xFF01EE,0,0,
1012,1,-1,0,,,"Les vents du Nord",,,,,,,,,,,,,,0xFF01FE,,,"Être exalté auprès de l'avant-garde de l'Alliance.",,,,,,,,,,,,,,0xFF01FE,14866,0x14,11,0x0,2413,,,"",,,,,,,,,,,,,,0xFF01EE,0,0,
1035,1,-1,0,,,"Profanation de la Horde",,,,,,,,,,,,,,0xFF01FE,,,"Accomplir les hauts faits Extinction des Royaumes de l'est, de Kalimdor et d'Outreterre.",,,,,,,,,,,,,,0xFF01FE,161,0xA,11,0x0,1920,,,"",,,,,,,,,,,,,,0xFF01EE,0,0,
1078,-1,540,0,,,"Morts du chef de guerre Kargath Lamepoing (Les Salles brisées)",,,,,,,,,,,,,,0xFF01FE,,,"Morts du chef de guerre Kargath Lamepoing (Les Salles brisées)",,,,,,,,,,,,,,0xFF01FE,14822,0x5,11,0x1,1962,,,"",,,,,,,,,,,,,,0xFF01EE,0,0,
1100,-1,469,0,,,"Morts de Nefarian (Repaire de l'Aile noire)",,,,,,,,,,,,,,0xFF01FE,,,"Morts de Nefarian (Repaire de l'Aile noire)",,,,,,,,,,,,,,0xFF01FE,14821,0x5,11,0x1,1699,,,"",,,,,,,,,,,,,,0xFF01EE,0,0,
1114,-1,-1,0,,,"Victoires honorables dans le bassin d'Arathi",,,,,,,,,,,,,,0xFF01FE,,,"Victoires honorables dans le bassin d'Arathi",,,,,,,,,,,,,,0xFF01FE,136,0x0,11,0x1,1,,,"",,,,,,,,,,,,,,0xFF01EE,0,0,
1146,-1,-1,0,,,"Argent dépensé en voyages",,,,,,,,,,,,,,0xFF01FE,,,"Argent dépensé en voyages",,,,,,,,,,,,,,0xFF01FE,140,0x0,11,0x1,1,,,"",,,,,,,,,,,,,,0xFF01EE,0,0,
1195,-1,-1,0,,,"L'ombre du Traître",,,,,,,,,,,,,,0xFF01FE,,,"Achever 90 quêtes dans la vallée d'Ombrelune.",,,,,,,,,,,,,,0xFF01FE,14862,0xA,11,0x0,3584,,,"",,,,,,,,,,,,,,0xFF01EE,0,0,
1235,-1,608,0,,,"Morts de Cyanigosa (Le fort Pourpre)",,,,,,,,,,,,,,0xFF01FE,,,"Morts de Cyanigosa (Le fort Pourpre)",,,,,,,,,,,,,,0xFF01FE,14823,0x5,11,0x1,1955,,,"",,,,,,,,,,,,,,0x7DFF01EE,0,0,
1303,-1,-1,0,,,"Élixir le plus consommé",,,,,,,,,,,,,,0xFF01FE,,,"Élixir le plus consommé",,,,,,,,,,,,,,0xFF01FE,145,0x0,11,0x11,1,,,"",,,,,,,,,,,,,,0xFEFF01EC,0,923,
1496,-1,-1,0,,,"Coups fatals dans le bassin d'Arathi",,,,,,,,,,,,,,0xFF01FE,,,"Coups fatals dans le bassin d'Arathi",,,,,,,,,,,,,,0xFF01FE,137,0x0,11,0x1,1,,,"",,,,,,,,,,,,,,0x7BFF01EC,0,0,
1538,-1,-1,0,,,"Plus haut score de compétence en herboristerie",,,,,,,,,,,,,,0xFF01FE,,,"Plus haut score de compétence en herboristerie",,,,,,,,,,,,,,0xFF01FE,173,0x0,11,0x1,1,,,"",,,,,,,,,,,,,,0x7BFF01EC,0,0,
1547,-1,-1,0,,,"Matchs dans les égouts de Dalaran",,,,,,,,,,,,,,0xFF01FE,,,"Matchs dans les égouts de Dalaran",,,,,,,,,,,,,,0xFF01FE,152,0x0,11,0x1,4,,,"",,,,,,,,,,,,,,0x7BFF01EC,0,0,
1549,-1,607,0,,,"Batailles pour le rivage des Anciens",,,,,,,,,,,,,,0xFF01FE,,,"",,,,,,,,,,,,,,0xFFF7FE,153,0x0,11,0x1,1,,,"",,,,,,,,,,,,,,0x7BFF01EE,0,0,
1684,1,-1,0,,,"Maître brasseur",,,,,,,,,,,,,,0xFF01FE,,,"Accomplir les hauts faits de la fête des Brasseurs listés ci-dessous.",,,,,,,,,,,,,,0xFF01FE,155,0xA,11,0x0,3697,,,"Titre : maître brasseur",,,,,,,,,,,,,,0xFF01FE,0,0,
1686,1,-1,0,,,"Un Voile d'hiver en famille",,,,,,,,,,,,,,0xFF01FE,,,"Lancer du gui sur les « frères » de l'Alliance pendant la fête du Voile d'hiver.",,,,,,,,,,,,,,0xFF01FE,156,0xA,11,0x0,1793,,,"",,,,,,,,,,,,,,0x7BFF01EC,0,0,
1697,1,-1,0,,,"Nation d'adoration",,,,,,,,,,,,,,0xFF01FE,,,"Achever la quête journalière du bracelet de breloques ravissantes pour chaque capitale de l'Alliance.",,,,,,,,,,,,,,0xFF01FE,187,0xA,11,0x0,3192,,,"",,,,,,,,,,,,,,0x7AFF01EC,0,0,
1763,-1,607,0,,,"Vétéran de l'artillerie",,,,,,,,,,,,,,0xFF01FE,,,"Détruire 100 véhicules à l'aide d'une tourelle.",,,,,,,,,,,,,,0xFF01FE,14881,0xA,11,0x0,2244,,,"",,,,,,,,,,,,,,0x7EFF01EC,0,0,
1768,-1,-1,0,,,"Raids à 25 de Wrath of the Lich King terminés (boss de fin tué)",,,,,,,,,,,,,,0xFF01FE,,,"Raids à 25 de Wrath of the Lich King terminés (boss de fin tué)",,,,,,,,,,,,,,0xFF01FE,14807,0x0,11,0x9,1,,,"",,,,,,,,,,,,,,0x7DFF01EC,0,0,
1779,-1,-1,1778,,,"Gourmet du Norfendre",,,,,,,,,,,,,,0xFF01FE,,,"Préparer 45 recettes du Norfendre parmi celles listées ci-dessous.",,,,,,,,,,,,,,0xFF01FE,170,0xA,11,0x0,3213,,,"",,,,,,,,,,,,,,0x7EFF01EC,45,1777,
1858,-1,533,0,,,"Arachnophobie (10 joueurs)",,,,,,,,,,,,,,0xFF01FE,,,"Tuer Maexxna à Naxxramas dans les 20 minutes qui suivent la mort d'Anub'Rekhan en mode 10 joueurs.",,,,,,,,,,,,,,0xFF01FE,14922,0xA,11,0x0,3515,,,"",,,,,,,,,,,,,,0x7BFF01EC,0,0,
1859,-1,533,0,,,"Arachnophobie (25 joueurs)",,,,,,,,,,,,,,0xFF01FE,,,"Tuer Maexxna dans les 20 minutes qui suivent la mort d'Anub'Rekhan en mode 25 joueurs.",,,,,,,,,,,,,,0xFF01FE,14923,0xA,11,0x0,3515,,,"",,,,,,,,,,,,,,0x7BFF01EC,0,0,
2085,-1,-1,0,,,"50 éclats du gardien des pierres",,,,,,,,,,,,,,0xFF01FE,,,"Ramasser 50 éclats du gardien des pierres.",,,,,,,,,,,,,,0xFF01FE,14901,0xA,11,0x0,3448,,,"",,,,,,,,,,,,,,0x7DFF01EC,0,0,
2218,-1,-1,0,,,"Boss de raid à 25 de Lich King le plus mortel",,,,,,,,,,,,,,0xFF01FE,,,"Boss de raid à 25 de Lich King le plus mortel",,,,,,,,,,,,,,0xFF01FE,125,0x0,11,0x11,1,,,"",,,,,,,,,,,,,,0x7BFF01EC,0,324,
2257,-1,-1,2256,,,"Froid mordant",,,,,,,,,,,,,,0xFF01FE,,,"Tuer toutes les créatures du Norfendre très rares et difficiles à trouver listées ci-dessous.",,,,,,,,,,,,,,0xFF01FE,14780,0x19,11,0x0,3638,,,"",,,,,,,,,,,,,,0x7EFF01EC,0,2256,
2422,-1,-1,0,,,"C'est moi qui pose les lapins",,,,,,,,,,,,,,0xFF01FE,,,"Utiliser les fleurs printanières pour placer des oreilles de lapin sur des personnages féminins de niveau 18 minimum.",,,,,,,,,,,,,,0xFF01FE,159,0xA,11,0x0,1216,,,"",,,,,,,,,,,,,,0x7DFF01EC,0,0,
2779,1,-1,0,,,"Champion de Gnomeregan",,,,,,,,,,,,,,0xFF01FE,,,"Obtenir le droit de représenter les exilés de Gnomeregan au tournoi d'Argent",,,,,,,,,,,,,,0xFF01FE,14941,0xA,11,0x0,3799,,,"",,,,,,,,,,,,,,0x7BFF01EC,0,0,
2865,-1,603,0,,,"Victoires contre Mimiron (Ulduar à 10)",,,,,,,,,,,,,,0xFF01FE,,,"Victoires contre Mimiron (Ulduar à 10)",,,,,,,,,,,,,,0xFF01FE,14963,0xA,11,0x1,1700,,,"",,,,,,,,,,,,,,0x7DFF01EC,0,0,
2913,-1,603,0,,,"Bombardement orbital (10 joueurs)",,,,,,,,,,,,,,0xFF01FE,,,"Vaincre le léviathan des flammes alors qu'au moins un système de défense orbital est encore actif en mode 10 joueurs.",,,,,,,,,,,,,,0xFF01FE,14961,0xA,11,0x0,554,,,"",,,,,,,,,,,,,,0x7BFF01EC,0,0,
2918,-1,603,0,,,"Bombardement orbital (25 joueurs)",,,,,,,,,,,,,,0xFF01FE,,,"Vaincre le léviathan des flammes alors qu'un système de défense orbital est encore actif en mode 25 joueurs.",,,,,,,,,,,,,,0xFF01FE,14962,0xA,11,0x0,554,,,"",,,,,,,,,,,,,,0x7BFF01EC,0,0,
3582,-1,-1,0,,,"La dinde de Draenor",,,,,,,,,,,,,,0xFF01FE,,,"Vaincre le roi-serre Ikiss, coiffé d'un chapeau de pélerin et vêtu d'une tenue, d'une robe ou d'un costume de pèlerin.",,,,,,,,,,,,,,0xFF01FE,14981,0xA,11,0x0,3631,,,"",,,,,,,,,,,,,,0xFFF7EE,0,0,
3810,-1,-1,3809,,,"Une offrande à la démence (10 joueurs)",,,,,,,,,,,,,,0xFF01FE,,,"Durant l'épreuve du grand croisé, atteindre un coffre d'offrande alors qu'il vous reste 50 tentatives en mode 10 joueurs.",,,,,,,,,,,,,,0xFF01FE,15001,0xA,11,0x0,3916,,,"",,,,,,,,,,,,,,0xFF1BFD,0,0,
3819,-1,-1,3818,,,"Une offrande à la démence (25 joueurs)",,,,,,,,,,,,,,0xFF01FE,,,"Durant l'épreuve du grand croisé, atteindre un coffre d'offrande alors qu'il vous reste 50 tentatives en mode 25 joueurs.",,,,,,,,,,,,,,0xFF01FE,15002,0xA,11,0x0,3916,,,"",,,,,,,,,,,,,,0xFF1BFD,0,0,
3841,-1,-1,3840,,,"100 emblèmes de donjon ou de raid",,,,,,,,,,,,,,0xFF01FE,,,"Ramasser 100 emblèmes d'héroïsme, de vaillance, de conquête, de triomphe ou de givre.",,,,,,,,,,,,,,0xFF01FE,168,0xA,11,0x88,1950,,,"",,,,,,,,,,,,,,0xFF1BFF,0,0,
3850,-1,628,0,,,"Fauchés",,,,,,,,,,,,,,0xFF01FE,,,"Sur l'île des Conquérants, détruire 10 véhicules et tuer 100 personnages-joueurs à l'aide de tourelles.",,,,,,,,,,,,,,0xFF01FE,15003,0xA,11,0x0,3435,,,"",,,,,,,,,,,,,,0xFF1BFF,0,0,
4022,-1,-1,0,,,"Victoires sur le confesseur d'argent Paletress (L'épreuve du champion héroïque)",,,,,,,,,,,,,,0xFF01FE,,,"Victoires sur le confesseur d'argent Paletress (L'épreuve du champion héroïque)",,,,,,,,,,,,,,0xFF01FE,15021,0x0,11,0x1,1,,,"",,,,,,,,,,,,,,0xFF01EC,0,0,
4532,-1,-1,0,,,"La chute du roi-liche (10 joueurs)",,,,,,,,,,,,,,0xFF01FE,,,"Vaincre chaque boss de la citadelle de la Couronne de glace en mode 10 joueurs.",,,,,,,,,,,,,,0xFF01FE,15041,0x19,11,0x0,4157,,,"",,,,,,,,,,,,,,0xFF01FC,0,0,
4608,-1,-1,0,,,"La chute du roi-liche (25 joueurs)",,,,,,,,,,,,,,0xFF01FE,,,"Vaincre chaque boss de la citadelle de la Couronne de glace en mode 25 joueurs.",,,,,,,,,,,,,,0xFF01FE,15042,0x19,11,0x0,4157,,,"",,,,,,,,,,,,,,0xFF01FC,0,0,
4722,-1,-1,0,,,"Morts de Falric (Salles des Reflets)",,,,,,,,,,,,,,0xFF01FE,,,"",,,,,,,,,,,,,,0xFF01FC,15062,0x0,11,0x1,1,,,"",,,,,,,,,,,,,,0xFF01FC,0,0,
40,-1,-1,0,,,"La Couronne de glace : l'objectif final",,,,,,,,,,,,,,0xFF01FE,,,"Achever 140 quêtes dans la Couronne de glace.",,,,,,,,,,,,,,0xFF01FE,14863,0xA,12,0x0,3474,,,"",,,,,,,,,,,,,,0xFF01EE,0,0,
211,-1,566,0,,,"Fierté du cyclone",,,,,,,,,,,,,,0xFF01FE,,,"Pendant que votre équipe possède 4 bases dans l'Œil du cyclone, prendre soi-même le drapeau et le capturer.",,,,,,,,,,,,,,0xFF01FE,14803,0xA,12,0x0,3508,,,"",,,,,,,,,,,,,,0xFF01EE,0,0,
246,1,-1,0,,,"Connais ton ennemi...",,,,,,,,,,,,,,0xFF01FE,,,"Asséner un coup fatal apportant une victoire honorable sur cinq représentants de différentes races.",,,,,,,,,,,,,,0xFF01FE,95,0xA,12,0x0,245,,,"",,,,,,,,,,,,,,0xFF01EE,0,0,
283,-1,-1,0,,,"La grande mascarade",,,,,,,,,,,,,,0xFF01FE,,,"Être transformé sous tous les costumes listés ci-dessous.",,,,,,,,,,,,,,0xFF01FE,158,0xA,12,0x0,3513,,,"",,,,,,,,,,,,,,0xFF01EE,0,0,
405,-1,-1,403,,,"Jamais deux sans trois : 2000",,,,,,,,,,,,,,0xFF01FE,,,"Obtenir une cote personnelle de 2000 en équipe d'arène de 3c3 au niveau 80.",,,,,,,,,,,,,,0xFF01FE,165,0xA,12,0x0,3048,,,"",,,,,,,,,,,,,,0xFF01EE,0,0,
479,-1,595,0,,,"L'épuration de Stratholme",,,,,,,,,,,,,,0xFF01FE,,,"Vaincre les boss des Grottes du temps : Stratholme.",,,,,,,,,,,,,,0xFF01FE,14806,0xA,12,0x0,3248,,,"",,,,,,,,,,,,,,0xFF01EC,0,0,
500,-1,595,0,,,"L'épuration de Stratholme : mode héroïque",,,,,,,,,,,,,,0xFF01FE,,,"Vaincre les boss des Grottes du temps : Stratholme en mode héroïque.",,,,,,,,,,,,,,0xFF01FE,14921,0xA,12,0x0,3249,,,"",,,,,,,,,,,,,,0xFF01EC,0,0,
639,-1,209,0,,,"Zul'Farrak",,,,,,,,,,,,,,0xFF01FE,,,"Vaincre le chef Ukorz Scalpessable.",,,,,,,,,,,,,,0xFF01FE,14808,0xA,12,0x0,3687,,,"",,,,,,,,,,,,,,0xFF01EE,0,0,
657,-1,-1,0,,,"Les Salles brisées",,,,,,,,,,,,,,0xFF01FE,,,"Vaincre le chef de guerre Kargath Lamepoing.",,,,,,,,,,,,,,0xFF01FE,14805,0xA,12,0x0,3827,,,"",,,,,,,,,,,,,,0xFF01EE,1,0,
710,0,-1,0,,,"Profanateur",,,,,,,,,,,,,,0xFF01FE,,,"Être exalté auprès des Profanateurs réprouvés.",,,,,,,,,,,,,,0xFF01FE,14802,0xA,12,0x0,2847,,,"",,,,,,,,,,,,,,0xFF01EE,0,0,
713,1,-1,0,,,"Sentinelle d'Aile-argent",,,,,,,,,,,,,,0xFF01FE,,,"Être exalté auprès des sentinelles d'Aile-argent.",,,,,,,,,,,,,,0xFF01FE,14804,0xA,12,0x0,131,,,"",,,,,,,,,,,,,,0xFF01EE,0,0,
752,-1,-1,0,,,"Morts à Naxxramas",,,,,,,,,,,,,,0xFF01FE,,,"Morts à Naxxramas",,,,,,,,,,,,,,0xFF01FE,125,0x0,12,0x1,1,,,"",,,,,,,,,,,,,,0xFF01EE,0,0,
772,-1,-1,0,,,"Exploration des contreforts de Hautebrande",,,,,,,,,,,,,,0xFF01FE,,,"Explorer les contreforts de Hautebrande et révéler les zones voilées de la carte du monde.",,,,,,,,,,,,,,0xFF01FE,14777,0xA,12,0x0,3555,,,"",,,,,,,,,,,,,,0xFF01EE,0,0,
850,-1,-1,0,,,"Exploration du marécage d'Âprefange",,,,,,,,,,,,,,0xFF01FE,,,"Explorer le marécage d'Âprefange et révéler les zones voilées de la carte du monde.",,,,,,,,,,,,,,0xFF01FE,14778,0xA,12,0x0,3534,,,"",,,,,,,,,,,,,,0xFF01EE,0,0,
873,0,30,0,,,"La perfection selon les Loups-de-givre",,,,,,,,,,,,,,0xFF01FE,,,"Gagner une bataille pour la vallée d'Alterac sans perdre une tour ou un capitaine. Vous devez également contrôler toutes les tours de l'Alliance.",,,,,,,,,,,,,,0xFF01FE,14801,0x14,12,0x0,2898,,,"",,,,,,,,,,,,,,0xFF01EE,0,0,
903,-1,-1,0,,,"Shattrath divisée",,,,,,,,,,,,,,0xFF01FE,,,"Être exalté auprès des Clairvoyants ou de l'Aldor.",,,,,,,,,,,,,,0xFF01FE,14865,0xA,12,0x0,2174,,,"",,,,,,,,,,,,,,0xFF01EE,1,0,
942,1,-1,0,,,"Diplomate",,,,,,,,,,,,,,0xFF01FE,,,"Augmenter votre réputation d'inamical à exalté auprès des Grumegueules, de Sporeggar et des Kurenaï.",,,,,,,,,,,,,,0xFF01FE,201,0x19,12,0x0,2737,,,"Titre : diplomate",,,,,,,,,,,,,,0xFF01FE,0,0,
976,-1,-1,975,,,"500 quêtes journalières achevées",,,,,,,,,,,,,,0xFF01FE,,,"Achever 500 quêtes journalières.",,,,,,,,,,,,,,0xFF01FE,96,0xA,12,0x0,3427,,,"",,,,,,,,,,,,,,0xFF01EE,0,0,
1025,0,-1,0,,,"Garde-flammes des Royaumes de l'est",,,,,,,,,,,,,,0xFF01FE,,,"Honorer les flammes des Royaumes de l'est.",,,,,,,,,,,,,,0xFF01FE,161,0xA,12,0x0,1923,,,"",,,,,,,,,,,,,,0xFF01EE,0,0,
1079,-1,554,0,,,"Morts de Pathaleon le Calculateur (Le Méchanar)",,,,,,,,,,,,,,0xFF01FE,,,"Morts de Pathaleon le Calculateur (Le Méchanar)",,,,,,,,,,,,,,0xFF01FE,14822,0x5,12,0x1,2529,,,"",,,,,,,,,,,,,,0xFF01EE,0,0,
1101,-1,531,0,,,"Morts de C'Thun (Temple d'Ahn'Qiraj)",,,,,,,,,,,,,,0xFF01FE,,,"Morts de C'Thun (Temple d'Ahn'Qiraj)",,,,,,,,,,,,,,0xFF01FE,14821,0x5,12,0x1,1826,,,"",,,,,,,,,,,,,,0xFF01EE,0,0,
1115,-1,-1,0,,,"Victoires honorables dans le goulet des Chanteguerres",,,,,,,,,,,,,,0xFF01FE,,,"Victoires honorables dans le goulet des Chanteguerres",,,,,,,,,,,,,,0xFF01FE,136,0x0,12,0x1,1,,,"",,,,,,,,,,,,,,0xFF01EE,0,0,
1147,-1,-1,0,,,"Argent dépensé chez le coiffeur",,,,,,,,,,,,,,0xFF01FE,,,"Argent dépensé chez le coiffeur",,,,,,,,,,,,,,0xFF01FE,140,0x0,12,0x1,1,,,"",,,,,,,,,,,,,,0xFF01EE,0,0,
1176,-1,-1,0,,,"Le fric, c'est chic",,,,,,,,,,,,,,0xFF01FE,,,"Ramasser 100 pièces d'or en butin.",,,,,,,,,,,,,,0xFF01FE,92,0xA,12,0x0,2992,,,"",,,,,,,,,,,,,,0xFF01EE,0,0,
1275,-1,-1,0,,,"Larguez les bombes",,,,,,,,,,,,,,0xFF01FE,,,"Achever la quête « Un déluge de feu sur Skettis » en moins de 2 minutes et 15 secondes, sans être en groupe.",,,,,,,,,,,,,,0xFF01FE,14862,0xA,12,0x0,2505,,,"",,,,,,,,,,,,,,0x7DFF01EE,0,0,
1304,-1,-1,0,,,"Élixirs différents utilisés",,,,,,,,,,,,,,0xFF01FE,,,"Élixirs différents utilisés",,,,,,,,,,,,,,0xFF01FE,145,0x0,12,0x21,1,,,"",,,,,,,,,,,,,,0xFEFF01EC,0,923,
1396,-1,571,0,,,"Anciens du Norfendre",,,,,,,,,,,,,,0xFF01FE,,,"Honorer les Anciens situés en Norfendre.",,,,,,,,,,,,,,0xFF01FE,160,0xA,12,0x0,2218,,,"",,,,,,,,,,,,,,0x7DFF01EC,0,0,
1404,-1,-1,0,,,"Gnome « Prem's » au niveau 80 sur le royaume",,,,,,,,,,,,,,0xFF01FE,,,"Premier gnome du royaume à atteindre le niveau 80.",,,,,,,,,,,,,,0xFF01FE,81,0x0,12,0x100,3283,,,"",,,,,,,,,,,,,,0xFF01EE,0,0,
1467,-1,-1,0,,,"Boss de donjons à 5 de Wrath of the Lich King tués",,,,,,,,,,,,,,0xFF01FE,,,"Boss de donjons à 5 de Wrath of the Lich King tués",,,,,,,,,,,,,,0xFF01FE,14807,0xA,12,0x9,2813,,,"",,,,,,,,,,,,,,0x7BFF01EC,0,0,
1497,-1,-1,0,,,"Coups fatals dans le goulet des Chanteguerres",,,,,,,,,,,,,,0xFF01FE,,,"Coups fatals dans le goulet des Chanteguerres",,,,,,,,,,,,,,0xFF01FE,137,0x0,12,0x1,1,,,"",,,,,,,,,,,,,,0x7BFF01EC,0,0,
1509,-1,608,0,,,"Morts de Cyanigosa (Le fort Pourpre en mode héroïque)",,,,,,,,,,,,,,0xFF01FE,,,"Morts de Cyanigosa (Le fort Pourpre en mode héroïque)",,,,,,,,,,,,,,0xFF01FE,14823,0x5,12,0x1,1955,,,"",,,,,,,,,,,,,,0x7EFF01EC,0,0,
1539,-1,-1,0,,,"Plus haut score de compétence en calligraphie",,,,,,,,,,,,,,0xFF01FE,,,"Plus haut score de compétence en calligraphie",,,,,,,,,,,,,,0xFF01FE,173,0x0,12,0x1,1,,,"",,,,,,,,,,,,,,0x7BFF01EC,0,0,
1548,-1,-1,0,,,"Victoires dans les égouts de Dalaran",,,,,,,,,,,,,,0xFF01FE,,,"Victoires dans les égouts de Dalaran",,,,,,,,,,,,,,0xFF01FE,152,0x0,12,0x1,4,,,"",,,,,,,,,,,,,,0x7BFF01EC,0,0,
1550,-1,607,0,,,"Victoires au rivage des Anciens",,,,,,,,,,,,,,0xFF01FE,,,"",,,,,,,,,,,,,,0xFFF7FE,153,0x0,12,0x1,1,,,"",,,,,,,,,,,,,,0x7BFF01EE,0,0,
1656,1,-1,0,,,"Que ton nom soit sanssainctifié",,,,,,,,,,,,,,0xFF01FE,,,"Accomplir les hauts faits de la Sanssaint listés ci-dessous.",,,,,,,,,,,,,,0xFF01FE,155,0xA,12,0x0,3514,,,"Titre : le Sanssaint",,,,,,,,,,,,,,0xFF01FE,0,0,
1688,-1,-1,0,,,"Gourmet du Voile d'hiver",,,,,,,,,,,,,,0xFF01FE,,,"Pendant la fête du Voile d'hiver, utiliser vos compétences culinaires pour préparer un biscuit en pain d'épice, du lait de poule et du cidre chaud.",,,,,,,,,,,,,,0xFF01FE,156,0xA,12,0x0,3191,,,"",,,,,,,,,,,,,,0x7BFF01EC,0,0,
1698,0,-1,0,,,"Nation d'adoration",,,,,,,,,,,,,,0xFF01FE,,,"Achever la quête journalière du bracelet de breloques ravissantes pour chaque capitale de la Horde.",,,,,,,,,,,,,,0xFF01FE,187,0xA,12,0x0,3192,,,"",,,,,,,,,,,,,,0x7AFF01EC,0,0,
1836,-1,-1,0,,,"Vieux malin",,,,,,,,,,,,,,0xFF01FE,,,"Pêcher Vieux malin à Orgrimmar.",,,,,,,,,,,,,,0xFF01FE,171,0xA,12,0x0,2918,,,"",,,,,,,,,,,,,,0x7DFF01EC,1,0,
1856,-1,533,0,,,"Battez-le à plate couture (10 joueurs)",,,,,,,,,,,,,,0xFF01FE,,,"Tuer le Recousu en 3 minutes maximum en mode 10 joueurs.",,,,,,,,,,,,,,0xFF01FE,14922,0xA,12,0x0,313,,,"",,,,,,,,,,,,,,0x7EFF01EC,0,0,
1857,-1,533,0,,,"Battez-le à plate couture (25 joueurs)",,,,,,,,,,,,,,0xFF01FE,,,"Tuer le Recousu en 3 minutes maximum en mode 25 joueurs.",,,,,,,,,,,,,,0xFF01FE,14923,0xA,12,0x0,97,,,"",,,,,,,,,,,,,,0x7BFF01EC,0,0,
1998,-1,-1,0,,,"Prix de cuisine de Dalaran",,,,,,,,,,,,,,0xFF01FE,,,"Obtenir un prix de cuisine de Dalaran.",,,,,,,,,,,,,,0xFF01FE,170,0xA,12,0x0,2468,,,"",,,,,,,,,,,,,,0x7EFF01EC,0,0,
2082,-1,-1,0,,,"Mammouth des glaces",,,,,,,,,,,,,,0xFF01FE,,,"Obtenir un mammouth des glaces.",,,,,,,,,,,,,,0xFF01FE,14866,0xA,12,0x0,3446,,,"",,,,,,,,,,,,,,0x7BFF01EC,1,0,
2086,-1,-1,2085,,,"100 éclats du gardien des pierres",,,,,,,,,,,,,,0xFF01FE,,,"Ramasser 100 éclats du gardien des pierres.",,,,,,,,,,,,,,0xFF01FE,14901,0xA,12,0x0,3448,,,"",,,,,,,,,,,,,,0x7DFF01EC,0,0,
2189,-1,607,0,,,"Expert en artillerie",,,,,,,,,,,,,,0xFF01FE,,,"Détruire 5 véhicules à l'aide d'une tourelle dans un même champ de bataille.",,,,,,,,,,,,,,0xFF01FE,14881,0xA,12,0x0,1617,,,"",,,,,,,,,,,,,,0x7EFF01EC,0,0,
2436,-1,-1,0,,,"Rose des sables",,,,,,,,,,,,,,0xFF01FE,,,"Utiliser la Robe du printemps pour planter une fleur dans chacun des déserts cités ci-dessous.",,,,,,,,,,,,,,0xFF01FE,159,0xA,12,0x0,3060,,,"",,,,,,,,,,,,,,0x7BFF01EC,0,0,
2762,1,-1,2779,,,"Champion exalté de Gnomeregan",,,,,,,,,,,,,,0xFF01FE,,,"Être exalté auprès des exilés de Gnomeregan et obtenir le droit de représenter la faction au tournoi d'Argent.",,,,,,,,,,,,,,0xFF01FE,14941,0xA,12,0x0,3799,,,"Titre : de Gnomeregan",,,,,,,,,,,,,,0xFF01FE,0,0,
2866,-1,603,0,,,"Morts du général Vezax (Ulduar à 10)",,,,,,,,,,,,,,0xFF01FE,,,"Morts du général Vezax (Ulduar à 10)",,,,,,,,,,,,,,0xFF01FE,14963,0xA,12,0x1,1700,,,"",,,,,,,,,,,,,,0x7DFF01EC,0,0,
2914,-1,603,2913,,,"Dévastation orbitale (10 joueurs)",,,,,,,,,,,,,,0xFF01FE,,,"Vaincre le léviathan des flammes alors qu'au moins 2 systèmes de défense orbitaux sont encore actifs en mode 10 joueurs.",,,,,,,,,,,,,,0xFF01FE,14961,0xA,12,0x0,287,,,"",,,,,,,,,,,,,,0x7BFF01EC,0,0,
2916,-1,603,2918,,,"Dévastation orbitale (25 joueurs)",,,,,,,,,,,,,,0xFF01FE,,,"Vaincre le léviathan des flammes alors que 2 systèmes de défense orbitaux sont encore actifs en mode 25 joueurs.",,,,,,,,,,,,,,0xFF01FE,14962,0xA,12,0x0,287,,,"",,,,,,,,,,,,,,0x7BFF01EC,0,0,
3578,-1,-1,0,,,"Le dindonator",,,,,,,,,,,,,,0xFF01FE,,,"Chasser suffisamment de dindes sauvages pour obtenir le Dindocide !",,,,,,,,,,,,,,0xFF01FE,14981,0xA,12,0x0,2221,,,"",,,,,,,,,,,,,,0xFFF7EE,0,0,
3842,-1,-1,3841,,,"250 emblèmes de donjon ou de raid",,,,,,,,,,,,,,0xFF01FE,,,"Ramasser 250 emblèmes d'héroïsme, de vaillance, de conquête, de triomphe ou de givre.",,,,,,,,,,,,,,0xFF01FE,168,0xA,12,0x88,1950,,,"",,,,,,,,,,,,,,0xFF1BFC,0,0,
3852,-1,628,0,,,"Le fil vert sur le bouton vert, le fil rouge…",,,,,,,,,,,,,,0xFF01FE,,,"Désarmer 25 bombes sur l'île des Conquérants.",,,,,,,,,,,,,,0xFF01FE,15003,0xA,12,0x0,355,,,"",,,,,,,,,,,,,,0xFF1BFF,0,0,
4023,-1,-1,0,,,"Victoires sur le confesseur d'argent Paletress (L'épreuve du champion héroïque)",,,,,,,,,,,,,,0xFF01FE,,,"Victoires sur le confesseur d'argent Paletress (L'épreuve du champion héroïque)",,,,,,,,,,,,,,0xFF01FE,15021,0x0,12,0x1,1,,,"",,,,,,,,,,,,,,0xFF01EC,0,0,
4080,-1,-1,3810,,,"Une offrande à la démence fervente",,,,,,,,,,,,,,0xFF01FE,,,"Remplir les conditions du haut fait Une offrande à la démence, sans qu'un seul membre du raid se soit équipé d'un objet du colisée (25 joueurs) ou d'objets plus puissants.",,,,,,,,,,,,,,0xFF01FE,15001,0xA,12,0x0,3805,,,"Titre : défenseur d'argent",,,,,,,,,,,,,,0xFF01FE,0,0,
4636,-1,-1,4532,,,"La chute du roi-liche : mode héroïque (10 joueurs)",,,,,,,,,,,,,,0xFF01FE,,,"Vaincre chaque boss de la citadelle de la Couronne de glace en mode héroïque à 10 joueurs.",,,,,,,,,,,,,,0xFF01FE,15041,0x19,12,0x0,4157,,,"",,,,,,,,,,,,,,0xFF01FC,0,0,
4637,-1,-1,4608,,,"La chute du roi-liche : mode héroïque (25 joueurs)",,,,,,,,,,,,,,0xFF01FE,,,"Vaincre chaque boss de la citadelle de la Couronne de glace en mode héroïque 25 joueurs.",,,,,,,,,,,,,,0xFF01FE,15042,0x19,12,0x0,4157,,,"",,,,,,,,,,,,,,0xFF01FC,0,0,
4723,-1,-1,0,,,"Morts de Falric (Salles des Reflets héroïque)",,,,,,,,,,,,,,0xFF01FE,,,"",,,,,,,,,,,,,,0xFF01FC,15062,0x0,12,0x5,1,,,"",,,,,,,,,,,,,,0xFF01FC,0,0,
52,-1,489,0,,,"Batailles pour le goulet des Chanteguerres",,,,,,,,,,,,,,0xFF01FE,,,"Batailles pour le goulet des Chanteguerres",,,,,,,,,,,,,,0xFF01FE,153,0x0,13,0x1,1,,,"",,,,,,,,,,,,,,0xFF01EE,0,0,
101,-1,-1,0,,,"Matchs dans l'arène des épreuves",,,,,,,,,,,,,,0xFF01FE,,,"Matchs dans l'arène des épreuves",,,,,,,,,,,,,,0xFF01FE,152,0x0,13,0x1,4,,,"",,,,,,,,,,,,,,0xFF01EE,0,0,
292,-1,-1,0,,,"L'appel sinistre",,,,,,,,,,,,,,0xFF01FE,,,"Obtenir un sprotchelin sinistre et le casque de la Sanssaint.",,,,,,,,,,,,,,0xFF01FE,158,0xA,13,0x0,3511,,,"",,,,,,,,,,,,,,0xFF01EE,0,0,
561,-1,-1,0,,,"Trente millions d'ennemis",,,,,,,,,,,,,,0xFF01FE,,,"Soutenir la cause de la SdPA en achevant toutes les quêtes, y compris « L'assassinat de Harold Lane ».",,,,,,,,,,,,,,0xFF01FE,14863,0xA,13,0x0,3476,,,"",,,,,,,,,,,,,,0xFF01EE,0,0,
582,-1,30,0,,,"Vedette de la vallée d'Alterac",,,,,,,,,,,,,,0xFF01FE,,,"Dans une même bataille pour la vallée d'Alterac, attaquer un cimetière, défendre un cimetière, attaquer une tour, défendre une tour et tuer quelqu'un sur le Champ sanglant.",,,,,,,,,,,,,,0xFF01FE,14801,0x14,13,0x0,2268,,,"",,,,,,,,,,,,,,0xFF01EE,0,0,
640,-1,-1,0,,,"Maraudon",,,,,,,,,,,,,,0xFF01FE,,,"Vaincre la princesse Theradras.",,,,,,,,,,,,,,0xFF01FE,14808,0xA,13,0x0,3689,,,"",,,,,,,,,,,,,,0xFF01EE,1,0,
658,-1,-1,0,,,"Le Méchanar",,,,,,,,,,,,,,0xFF01FE,,,"Vaincre Pathaleon le Calculateur.",,,,,,,,,,,,,,0xFF01FE,14805,0xA,13,0x0,3688,,,"",,,,,,,,,,,,,,0xFF01EE,1,0,
711,1,-1,0,,,"Chevalier d'Arathor",,,,,,,,,,,,,,0xFF01FE,,,"Être exalté auprès de la ligue d'Arathor.",,,,,,,,,,,,,,0xFF01FE,14802,0xA,13,0x0,1934,,,"",,,,,,,,,,,,,,0xFF01EE,0,0,
782,-1,-1,0,,,"Exploration du marais des Chagrins",,,,,,,,,,,,,,0xFF01FE,,,"Explorer le marais des Chagrins et révéler les zones voilées de la carte du monde.",,,,,,,,,,,,,,0xFF01FE,14777,0xA,13,0x0,3569,,,"",,,,,,,,,,,,,,0xFF01EE,0,0,
811,-1,-1,0,,,"Flacons consommés",,,,,,,,,,,,,,0xFF01FE,,,"Flacons consommés",,,,,,,,,,,,,,0xFF01FE,145,0x0,13,0x9,1,,,"",,,,,,,,,,,,,,0xFF01EE,0,0,
849,-1,-1,0,,,"Exploration de Féralas",,,,,,,,,,,,,,0xFF01FE,,,"Explorer Féralas et révéler les zones voilées de la carte du monde.",,,,,,,,,,,,,,0xFF01FE,14778,0xA,13,0x0,3539,,,"",,,,,,,,,,,,,,0xFF01EE,0,0,
910,-1,-1,0,,,"Les Anciens des donjons",,,,,,,,,,,,,,0xFF01FE,,,"Honorer les Anciens situés dans les donjons.",,,,,,,,,,,,,,0xFF01FE,160,0xA,13,0x0,2218,,,"",,,,,,,,,,,,,,0xFF01EE,0,0,
943,0,-1,0,,,"Diplomate",,,,,,,,,,,,,,0xFF01FE,,,"Augmenter votre réputation d'inamical à exalté auprès des Grumegueules, de Sporeggar et des Mag'har.",,,,,,,,,,,,,,0xFF01FE,201,0x19,13,0x0,2737,,,"Titre : diplomate",,,,,,,,,,,,,,0xFF01FE,0,0,
958,-1,-1,0,,,"Lié aux ligemorts",,,,,,,,,,,,,,0xFF01FE,,,"Être exalté auprès des ligemorts cendrelangues.",,,,,,,,,,,,,,0xFF01FE,14865,0xA,13,0x0,3696,,,"",,,,,,,,,,,,,,0xFF01EE,0,0,
977,-1,-1,976,,,"1 000 quêtes journalières achevées",,,,,,,,,,,,,,0xFF01FE,,,"Achever 1 000 quêtes journalières.",,,,,,,,,,,,,,0xFF01FE,96,0xA,13,0x0,3428,,,"",,,,,,,,,,,,,,0xFF01EE,0,0,
1005,0,-1,0,,,"Connaître son ennemi",,,,,,,,,,,,,,0xFF01FE,,,"Asséner un coup fatal apportant une victoire honorable sur cinq races différentes.",,,,,,,,,,,,,,0xFF01FE,95,0xA,13,0x0,245,,,"",,,,,,,,,,,,,,0xFF01EE,0,0,
1026,0,-1,0,,,"Garde-flammes de Kalimdor",,,,,,,,,,,,,,0xFF01FE,,,"Honorer les flammes de Kalimdor.",,,,,,,,,,,,,,0xFF01FE,161,0xA,13,0x0,1923,,,"",,,,,,,,,,,,,,0xFF01EE,0,0,
1080,-1,553,0,,,"Morts de Brise-dimension (La Botanica)",,,,,,,,,,,,,,0xFF01FE,,,"Morts de Brise-dimension (La Botanica)",,,,,,,,,,,,,,0xFF01FE,14822,0x5,13,0x1,2794,,,"",,,,,,,,,,,,,,0xFF01EE,0,0,
1112,-1,-1,0,,,"Victoires honorables dans l'Œil du cyclone",,,,,,,,,,,,,,0xFF01FE,,,"Victoires honorables dans l'Œil du cyclone",,,,,,,,,,,,,,0xFF01FE,136,0x0,13,0x1,1,,,"",,,,,,,,,,,,,,0xFF01EE,0,0,
1148,-1,-1,0,,,"Argent dépensé en envoi de courriers",,,,,,,,,,,,,,0xFF01FE,,,"Argent dépensé en envoi de courriers",,,,,,,,,,,,,,0xFF01FE,140,0x0,13,0x1,1,,,"",,,,,,,,,,,,,,0xFF01EE,0,0,
1160,-1,-1,405,,,"Jamais deux sans trois : 2200",,,,,,,,,,,,,,0xFF01FE,,,"Obtenir une cote personnelle de 2200 en équipe d'arène de 3c3 au niveau 80.",,,,,,,,,,,,,,0xFF01FE,165,0xA,13,0x0,3047,,,"",,,,,,,,,,,,,,0xFF01EE,0,0,
1171,-1,-1,0,,,"Maîtrise de l'Œil du cyclone",,,,,,,,,,,,,,0xFF01FE,,,"Accomplir les hauts faits de l'Œil du cyclone listés ci-dessous.",,,,,,,,,,,,,,0xFF01FE,14803,0x19,13,0x0,1931,,,"",,,,,,,,,,,,,,0xFF01EE,0,0,
1177,-1,-1,1176,,,"Le fric, c'est chic",,,,,,,,,,,,,,0xFF01FE,,,"Ramasser 1 000 pièces d'or en butin.",,,,,,,,,,,,,,0xFF01FE,92,0xA,13,0x0,2802,,,"",,,,,,,,,,,,,,0xFF01EE,0,0,
1236,-1,604,0,,,"Morts de Gal'darah (Gundrak)",,,,,,,,,,,,,,0xFF01FE,,,"Morts de Gal'darah (Gundrak)",,,,,,,,,,,,,,0xFF01FE,14823,0x5,13,0x1,2914,,,"",,,,,,,,,,,,,,0x7DFF01EE,0,0,
1259,-1,489,0,,,"Pas si vite",,,,,,,,,,,,,,0xFF01FE,,,"Dans le goulet des Chanteguerres, tuer un personnage bénéficiant d'une augmentation de vitesse.",,,,,,,,,,,,,,0xFF01FE,14804,0xA,13,0x0,517,,,"",,,,,,,,,,,,,,0x7DFF01EE,0,0,
1276,-1,-1,0,,,"Bombardier des Tranchantes",,,,,,,,,,,,,,0xFF01FE,,,"Achever la quête « Bombardez-les encore ! » en moins de 2 minutes et 15 secondes, sans être en groupe.",,,,,,,,,,,,,,0xFF01FE,14862,0xA,13,0x0,1696,,,"",,,,,,,,,,,,,,0x7DFF01EE,0,0,
1405,-1,-1,0,,,"Elfe de sang « Prem's » au niveau 80 sur le royaume",,,,,,,,,,,,,,0xFF01FE,,,"Premier elfe de sang du royaume à atteindre le niveau 80.",,,,,,,,,,,,,,0xFF01FE,81,0x0,13,0x100,3323,,,"",,,,,,,,,,,,,,0xFF01EE,0,0,
1485,-1,-1,0,,,"Boss différents de donjons à 5 de Wrath of the Lich King tués",,,,,,,,,,,,,,0xFF01FE,,,"Boss différents de donjons à 5 de Wrath of the Lich King tués",,,,,,,,,,,,,,0xFF01FE,14807,0x0,13,0x21,1,,,"",,,,,,,,,,,,,,0x7BFF01EC,0,1467,
1498,-1,-1,0,,,"Coups fatals dans l'Œil du cyclone",,,,,,,,,,,,,,0xFF01FE,,,"Coups fatals dans l'Œil du cyclone",,,,,,,,,,,,,,0xFF01FE,137,0x0,13,0x1,1,,,"",,,,,,,,,,,,,,0x7BFF01EC,0,0,
1657,0,-1,0,,,"Que ton nom soit sanssainctifié",,,,,,,,,,,,,,0xFF01FE,,,"Accomplir les hauts faits de la Sanssaint listés ci-dessous.",,,,,,,,,,,,,,0xFF01FE,155,0xA,13,0x0,3514,,,"Titre : le Sanssaint",,,,,,,,,,,,,,0xFF01FE,0,0,
1689,-1,-1,0,,,"Avez-vous été sage, cette année ?",,,,,,,,,,,,,,0xFF01FE,,,"Ouvrir l'un des cadeaux sous l'arbre du Voile d'hiver lorsqu'ils sont disponibles.",,,,,,,,,,,,,,0xFF01FE,156,0xA,13,0x0,1859,,,"",,,,,,,,,,,,,,0x7AFF01EC,1,0,
1700,-1,-1,0,,,"Amour, toujours",,,,,,,,,,,,,,0xFF01FE,,,"Obtenir un colportecœur permanent en vous procurant une flèche en vrai-argent.",,,,,,,,,,,,,,0xFF01FE,187,0xA,13,0x0,288,,,"",,,,,,,,,,,,,,0x7AFF01EC,1,0,
1735,-1,-1,0,,,"Calligraphies apprises",,,,,,,,,,,,,,0xFF01FE,,,"Calligraphies apprises",,,,,,,,,,,,,,0xFF01FE,173,0x0,13,0x1,4,,,"",,,,,,,,,,,,,,0x7DFF01EC,0,0,
1764,-1,607,0,,,"Lâche ça !",,,,,,,,,,,,,,0xFF01FE,,,"Tuer 100 personnages transportant de l'hydroglycérine.",,,,,,,,,,,,,,0xFF01FE,14881,0xA,13,0x0,454,,,"",,,,,,,,,,,,,,0x7EFF01EC,0,0,
1837,-1,-1,0,,,"Vieux gueule-de-fer",,,,,,,,,,,,,,0xFF01FE,,,"Pêcher Vieux gueule-de-fer dans Forgefer.",,,,,,,,,,,,,,0xFF01FE,171,0xA,13,0x0,1881,,,"",,,,,,,,,,,,,,0x7DFF01EC,1,0,
1996,-1,533,0,,,"La danse de la sûreté (10 joueurs)",,,,,,,,,,,,,,0xFF01FE,,,"Vaincre Heigan l'Impur à Naxxramas sans que quiconque meure en mode 10 joueurs.",,,,,,,,,,,,,,0xFF01FE,14922,0xA,13,0x0,2116,,,"",,,,,,,,,,,,,,0x7EFF01EC,0,0,
1999,-1,-1,1998,,,"10 prix de cuisine de Dalaran",,,,,,,,,,,,,,0xFF01FE,,,"Obtenir 10 prix de cuisine de Dalaran.",,,,,,,,,,,,,,0xFF01FE,170,0xA,13,0x0,2468,,,"",,,,,,,,,,,,,,0x7EFF01EC,0,0,
2083,-1,-1,0,,,"Grand mammouth des glaces",,,,,,,,,,,,,,0xFF01FE,,,"Obtenir un grand mammouth des glaces.",,,,,,,,,,,,,,0xFF01FE,14866,0xA,13,0x0,3446,,,"",,,,,,,,,,,,,,0x7BFF01EC,1,0,
2087,-1,-1,2086,,,"250 éclats du gardien des pierres",,,,,,,,,,,,,,0xFF01FE,,,"Ramasser 250 éclats du gardien des pierres.",,,,,,,,,,,,,,0xFF01FE,14901,0xA,13,0x0,3448,,,"",,,,,,,,,,,,,,0x7DFF01EC,0,0,
2139,-1,533,0,,,"La danse de la sûreté (25 joueurs)",,,,,,,,,,,,,,0xFF01FE,,,"Vaincre Heigan l'Impur à Naxxramas sans que quiconque meure en mode 25 joueurs.",,,,,,,,,,,,,,0xFF01FE,14923,0xA,13,0x0,2116,,,"",,,,,,,,,,,,,,0x7AFF01EC,0,0,
2576,-1,-1,0,,,"Jeune mariée",,,,,,,,,,,,,,0xFF01FE,,,"Embrasser quelqu'un portant une robe de soirée alors que vous portez une chemise blanche de smoking et un pantalon de smoking noir.",,,,,,,,,,,,,,0xFF01FE,159,0xA,13,0x0,694,,,"",,,,,,,,,,,,,,0x7BFF01EC,0,0,
2780,1,-1,0,,,"Champion de Forgefer",,,,,,,,,,,,,,0xFF01FE,,,"Obtenir le droit de représenter Forgefer au tournoi d'Argent",,,,,,,,,,,,,,0xFF01FE,14941,0xA,13,0x0,3797,,,"",,,,,,,,,,,,,,0x7BFF01EC,0,0,
2869,-1,603,0,,,"Morts de Yogg-Saron (Ulduar à 10)",,,,,,,,,,,,,,0xFF01FE,,,"Morts de Yogg-Saron (Ulduar à 10)",,,,,,,,,,,,,,0xFF01FE,14963,0xA,13,0x1,1700,,,"",,,,,,,,,,,,,,0x7DFF01EC,0,0,
2915,-1,603,2914,,,"Aux chiottes l'orbite (10 joueurs)",,,,,,,,,,,,,,0xFF01FE,,,"Vaincre le léviathan des flammes alors qu'au moins 3 systèmes de défense orbitaux sont encore actifs en mode 10 joueurs.",,,,,,,,,,,,,,0xFF01FE,14961,0xA,13,0x0,3850,,,"",,,,,,,,,,,,,,0x7BFF01EC,0,0,
2917,-1,603,2916,,,"Aux chiottes l'orbite (25 joueurs)",,,,,,,,,,,,,,0xFF01FE,,,"Vaincre le léviathan des flammes alors que 3 systèmes de défense orbitaux sont encore actifs en mode 25 joueurs.",,,,,,,,,,,,,,0xFF01FE,14962,0xA,13,0x0,3850,,,"",,,,,,,,,,,,,,0x7BFF01EC,0,0,
3516,-1,-1,0,,,"Morts dans Ulduar",,,,,,,,,,,,,,0xFF01FE,,,"Morts dans Ulduar",,,,,,,,,,,,,,0xFF01FE,125,0x0,13,0x1,1,,,"",,,,,,,,,,,,,,0xFFF7EE,0,0,
3559,-1,-1,0,,,"Dindonisés",,,,,,,,,,,,,,0xFF01FE,,,"Canardez ces sales petits voleurs avec votre dindoflingue.",,,,,,,,,,,,,,0xFF01FE,14981,0xA,13,0x0,3589,,,"",,,,,,,,,,,,,,0xFFF7EE,0,0,
3778,0,650,0,,,"L'épreuve du champion",,,,,,,,,,,,,,0xFF01FE,,,"Vaincre les boss de L'épreuve du champion",,,,,,,,,,,,,,0xFF01FE,14806,0xA,13,0x0,370,,,"",,,,,,,,,,,,,,0xFF1BFE,0,0,
3843,-1,-1,3842,,,"500 emblèmes de donjon ou de raid",,,,,,,,,,,,,,0xFF01FE,,,"Ramasser 500 emblèmes d'héroïsme, de vaillance, de conquête, de triomphe ou de givre.",,,,,,,,,,,,,,0xFF01FE,168,0xA,13,0x88,1950,,,"",,,,,,,,,,,,,,0xFF1BFD,0,0,
3853,-1,628,0,,,"Présent sur toute l'île",,,,,,,,,,,,,,0xFF01FE,,,"Dans une même bataille pour l'île des Conquérants, tuer un personnage-joueur dans chacun des lieux suivants :",,,,,,,,,,,,,,0xFF01FE,15003,0xA,13,0x0,4017,,,"",,,,,,,,,,,,,,0xFF1BFC,0,0,
4024,-1,-1,0,,,"Victoires sur Eadric le Pur (L'épreuve du champion)",,,,,,,,,,,,,,0xFF01FE,,,"Victoires sur Eadric le Pur (L'épreuve du champion)",,,,,,,,,,,,,,0xFF01FE,15021,0x0,13,0x1,1,,,"",,,,,,,,,,,,,,0xFF01EC,0,0,
4297,0,650,0,,,"L'épreuve des champions : mode héroïque",,,,,,,,,,,,,,0xFF01FE,,,"Vaincre les boss de l'épreuve du champion en mode héroïque.",,,,,,,,,,,,,,0xFF01FE,14921,0xA,13,0x0,370,,,"",,,,,,,,,,,,,,0xFF01EC,0,0,
4534,-1,631,0,,,"Dans l'os (10 joueurs)",,,,,,,,,,,,,,0xFF01FE,,,"Vaincre le seigneur Gargamoelle sans qu'un seul membre reste empalé plus de 8 secondes en mode 10 joueurs.",,,,,,,,,,,,,,0xFF01FE,15041,0xA,13,0x0,4159,,,"",,,,,,,,,,,,,,0xFF01FC,1,0,
4610,-1,631,0,,,"Dans l'os (25 joueurs)",,,,,,,,,,,,,,0xFF01FE,,,"Vaincre le seigneur Gargamoelle sans qu'un seul membre reste empalé plus de 8 secondes en mode 25 joueurs.",,,,,,,,,,,,,,0xFF01FE,15042,0xA,13,0x0,4159,,,"",,,,,,,,,,,,,,0xFF01FC,1,0,
4724,-1,-1,0,,,"Morts de Marwyn (Salles des Reflets)",,,,,,,,,,,,,,0xFF01FE,,,"",,,,,,,,,,,,,,0xFF01FC,15062,0x0,13,0x1,1,,,"",,,,,,,,,,,,,,0xFF01FC,0,0,
31,-1,-1,0,,,"Une simple re-quête",,,,,,,,,,,,,,0xFF01FE,,,"Achever une quête journalière tous les jours pendant cinq jours consécutifs.",,,,,,,,,,,,,,0xFF01FE,96,0xA,14,0x0,3481,,,"",,,,,,,,,,,,,,0xFF01EE,0,0,
100,-1,-1,0,,,"Victoires dans l'arène des épreuves",,,,,,,,,,,,,,0xFF01FE,,,"Victoires dans l'arène des épreuves",,,,,,,,,,,,,,0xFF01FE,152,0x0,14,0x1,4,,,"",,,,,,,,,,,,,,0xFF01EE,0,0,
105,-1,-1,0,,,"Victoires dans le goulet des Chanteguerres",,,,,,,,,,,,,,0xFF01FE,,,"Victoires dans le goulet des Chanteguerres",,,,,,,,,,,,,,0xFF01FE,153,0x0,14,0x1,4,,,"",,,,,,,,,,,,,,0xFF01EE,0,0,
110,-1,-1,0,,,"Boss de donjon à 5 de Lich King le plus tué",,,,,,,,,,,,,,0xFF01FE,,,"Boss de donjon à 5 de Lich King le plus tué",,,,,,,,,,,,,,0xFF01FE,14807,0x0,14,0x11,4,,,"",,,,,,,,,,,,,,0xFF01EE,0,1467,
203,1,489,0,,,"Pas de ça chez moi",,,,,,,,,,,,,,0xFF01FE,,,"Dans un même goulet des Chanteguerres, tuer 2 porteurs de drapeau avant qu'ils ne quittent la salle du drapeau des Ailes-d'argent.",,,,,,,,,,,,,,0xFF01FE,14804,0xA,14,0x0,3583,,,"",,,,,,,,,,,,,,0xFF01EE,0,0,
247,-1,-1,0,,,"Faites l'amour, pas la guerre",,,,,,,,,,,,,,0xFF01FE,,,"Faire l'emote /serrer sur un ennemi mort avant qu'il ne libère l'esprit.",,,,,,,,,,,,,,0xFF01FE,95,0xA,14,0x0,1853,,,"",,,,,,,,,,,,,,0xFF01EE,0,0,
406,-1,-1,0,,,"Les cinq doigts de la main : 1550",,,,,,,,,,,,,,0xFF01FE,,,"Obtenir une cote personnelle de 1550 en équipe d'arène de 5c5 au niveau 80.",,,,,,,,,,,,,,0xFF01FE,165,0xA,14,0x0,3046,,,"",,,,,,,,,,,,,,0xFF01EE,0,0,
547,-1,-1,0,,,"Vétéran du portail du Courroux",,,,,,,,,,,,,,0xFF01FE,,,"Achever les quêtes de la Désolation des dragons menant à et incluant « Retour à Angrathar ».",,,,,,,,,,,,,,0xFF01FE,14863,0xA,14,0x0,3475,,,"",,,,,,,,,,,,,,0xFF01EE,1,0,
560,-1,-1,0,,,"Prise mortelle",,,,,,,,,,,,,,0xFF01FE,,,"Pêcher Gahz'ranka à Zul'Gurub en utilisant l'appât au Puant de vase.",,,,,,,,,,,,,,0xFF01FE,171,0xA,14,0x0,1751,,,"",,,,,,,,,,,,,,0xFF01EE,0,0,
583,-1,529,0,,,"Vedette du bassin d'Arathi",,,,,,,,,,,,,,0xFF01FE,,,"Attaquer et défendre 2 bases dans une même bataille pour le bassin d'Arathi.",,,,,,,,,,,,,,0xFF01FE,14802,0x14,14,0x0,2729,,,"",,,,,,,,,,,,,,0xFF01EE,0,0,
641,-1,-1,0,,,"Temple englouti",,,,,,,,,,,,,,0xFF01FE,,,"Vaincre l'Ombre d'Eranikus.",,,,,,,,,,,,,,0xFF01FE,14808,0xA,14,0x0,3690,,,"",,,,,,,,,,,,,,0xFF01EE,1,0,
659,-1,-1,0,,,"La Botanica",,,,,,,,,,,,,,0xFF01FE,,,"Vaincre Brise-dimension.",,,,,,,,,,,,,,0xFF01FE,14805,0xA,14,0x0,3642,,,"",,,,,,,,,,,,,,0xFF01EE,1,0,
706,0,-1,0,,,"Hurleur loup-de-givre",,,,,,,,,,,,,,0xFF01FE,,,"Obtenir un hurleur loup-de-givre.",,,,,,,,,,,,,,0xFF01FE,14801,0xA,14,0x0,2826,,,"",,,,,,,,,,,,,,0xFF01EE,0,0,
765,-1,-1,0,,,"Exploration des Terres ingrates",,,,,,,,,,,,,,0xFF01FE,,,"Explorer les Terres ingrates et révéler les zones voilées de la carte du monde.",,,,,,,,,,,,,,0xFF01FE,14777,0xA,14,0x0,3546,,,"",,,,,,,,,,,,,,0xFF01EE,0,0,
851,-1,-1,0,,,"Exploration du désert de Tanaris",,,,,,,,,,,,,,0xFF01FE,,,"Explorer le désert de Tanaris et révéler les zones voilées de la carte du monde.",,,,,,,,,,,,,,0xFF01FE,14778,0xA,14,0x0,3577,,,"",,,,,,,,,,,,,,0xFF01EE,0,0,
914,-1,-1,0,,,"Les Anciens de la Horde",,,,,,,,,,,,,,0xFF01FE,,,"Honorer les anciens situés dans les capitales de la Horde.",,,,,,,,,,,,,,0xFF01FE,160,0xA,14,0x0,2218,,,"",,,,,,,,,,,,,,0xFF01EE,0,0,
945,-1,-1,0,,,"Le champion d'argent",,,,,,,,,,,,,,0xFF01FE,,,"Être exalté auprès de l'Aube d'argent et de la Croisade d'argent.",,,,,,,,,,,,,,0xFF01FE,201,0x19,14,0x0,2139,,,"Titre : champion d'argent",,,,,,,,,,,,,,0xFF01FE,0,0,
959,-1,-1,0,,,"La Balance des sables",,,,,,,,,,,,,,0xFF01FE,,,"Être exalté auprès de la Balance des sables.",,,,,,,,,,,,,,0xFF01FE,14865,0xA,14,0x0,2937,,,"",,,,,,,,,,,,,,0xFF01EE,0,0,
965,0,-1,0,,,"Bonbons et blagues de Kalimdor",,,,,,,,,,,,,,0xFF01FE,,,"Piocher dans les seaux de bonbons de Kalimdor.",,,,,,,,,,,,,,0xFF01FE,158,0xA,14,0x0,3509,,,"",,,,,,,,,,,,,,0xFF01EE,0,0,
1027,0,530,0,,,"Garde-flammes d'Outreterre",,,,,,,,,,,,,,0xFF01FE,,,"Honorer les flammes d'Outreterre.",,,,,,,,,,,,,,0xFF01FE,161,0xA,14,0x0,1923,,,"",,,,,,,,,,,,,,0xFF01EE,0,0,
1081,-1,552,0,,,"Morts du messager Cieuriss (L'Arcatraz)",,,,,,,,,,,,,,0xFF01FE,,,"Morts du messager Cieuriss (L'Arcatraz)",,,,,,,,,,,,,,0xFF01FE,14822,0x5,14,0x1,2313,,,"",,,,,,,,,,,,,,0xFF01EE,0,0,
1150,-1,-1,0,,,"Argent dépensé en respécialisations de talents",,,,,,,,,,,,,,0xFF01FE,,,"Argent dépensé en respécialisations de talents",,,,,,,,,,,,,,0xFF01FE,140,0x0,14,0x1,1,,,"",,,,,,,,,,,,,,0xFF01EE,0,0,
1178,-1,-1,1177,,,"Le fric, c'est chic",,,,,,,,,,,,,,0xFF01FE,,,"Ramasser 5 000 pièces d'or en butin.",,,,,,,,,,,,,,0xFF01FE,92,0xA,14,0x0,2994,,,"",,,,,,,,,,,,,,0xFF01EE,0,0,
1262,1,-1,0,,,"Maître des traditions de l'Outreterre",,,,,,,,,,,,,,0xFF01FE,,,"Accomplir les hauts faits relatifs aux quêtes de l'Outreterre listés ci-dessous.",,,,,,,,,,,,,,0xFF01FE,14862,0xA,14,0x0,3492,,,"",,,,,,,,,,,,,,0x7EFF01EE,0,0,
1305,-1,-1,0,,,"Flacon le plus consommé",,,,,,,,,,,,,,0xFF01FE,,,"Flacon le plus consommé",,,,,,,,,,,,,,0xFF01FE,145,0x0,14,0x11,1,,,"",,,,,,,,,,,,,,0xFEFF01EC,0,811,
1406,-1,-1,0,,,"Draeneï « Prem's » au niveau 80 sur le royaume",,,,,,,,,,,,,,0xFF01FE,,,"Premier draeneï du royaume à atteindre le niveau 80.",,,,,,,,,,,,,,0xFF01FE,81,0x0,14,0x100,3324,,,"",,,,,,,,,,,,,,0xFF01EE,0,0,
1486,-1,-1,0,,,"Victoires honorables sur le rivage des Anciens",,,,,,,,,,,,,,0xFF01FE,,,"Victoires honorables sur le rivage des Anciens",,,,,,,,,,,,,,0xFF01FE,136,0x0,14,0x1,1,,,"",,,,,,,,,,,,,,0x7BFF01EC,0,0,
1499,-1,-1,0,,,"Coups fatals sur le rivage des Anciens",,,,,,,,,,,,,,0xFF01FE,,,"Coups fatals sur le rivage des Anciens",,,,,,,,,,,,,,0xFF01FE,137,0x0,14,0x1,1,,,"",,,,,,,,,,,,,,0x7BFF01EC,0,0,
1510,-1,604,0,,,"Morts de Gal'darah (Gundrak en mode héroïque)",,,,,,,,,,,,,,0xFF01FE,,,"Morts de Gal'darah (Gundrak en mode héroïque)",,,,,,,,,,,,,,0xFF01FE,14823,0x5,14,0x1,2914,,,"",,,,,,,,,,,,,,0x7EFF01EC,0,0,
1540,-1,-1,0,,,"Plus haut score de compétence en joaillerie",,,,,,,,,,,,,,0xFF01FE,,,"Plus haut score de compétence en joaillerie",,,,,,,,,,,,,,0xFF01FE,173,0x0,14,0x1,1,,,"",,,,,,,,,,,,,,0x7BFF01EC,0,0,
1690,-1,-1,0,,,"Briser la glace",,,,,,,,,,,,,,0xFF01FE,,,"Pendant la fête du Voile d'hiver, utiliser votre déguisement pour le Voile d'hiver pour vous transformer en bonhomme de neige, puis danser avec un autre bonhomme de neige dans Dalaran.",,,,,,,,,,,,,,0xFF01FE,156,0xA,14,0x0,501,,,"",,,,,,,,,,,,,,0x7BFF01EC,0,0,
1696,-1,-1,0,,,"Feu d'artifice rose",,,,,,,,,,,,,,0xFF01FE,,,"Lancer 10 fusées d'amour en 20 secondes maximum.",,,,,,,,,,,,,,0xFF01FE,187,0xA,14,0x0,3195,,,"",,,,,,,,,,,,,,0x7AFF01EC,0,0,
1997,-1,-1,0,,,"La veuve joyeuse (10 joueurs)",,,,,,,,,,,,,,0xFF01FE,,,"Vaincre la grande veuve Faerlina à Naxxramas sans dissiper ou empêcher la frénésie en mode 10 joueurs.",,,,,,,,,,,,,,0xFF01FE,14922,0xA,14,0x0,543,,,"",,,,,,,,,,,,,,0x7EFF01EC,0,0,
2000,-1,-1,1999,,,"25 prix de cuisine de Dalaran",,,,,,,,,,,,,,0xFF01FE,,,"Obtenir 25 prix de cuisine de Dalaran.",,,,,,,,,,,,,,0xFF01FE,170,0xA,14,0x0,2468,,,"",,,,,,,,,,,,,,0x7EFF01EC,0,0,
2088,-1,-1,2087,,,"500 éclats du gardien des pierres",,,,,,,,,,,,,,0xFF01FE,,,"Ramasser 500 éclats du gardien des pierres.",,,,,,,,,,,,,,0xFF01FE,14901,0xA,14,0x0,3448,,,"",,,,,,,,,,,,,,0x7DFF01EC,0,0,
2140,-1,-1,0,,,"La veuve joyeuse (25 joueurs)",,,,,,,,,,,,,,0xFF01FE,,,"Vaincre la grande veuve Faerlina à Naxxramas sans dissiper ou empêcher la frénésie en mode 25 joueurs.",,,,,,,,,,,,,,0xFF01FE,14923,0xA,14,0x0,543,,,"",,,,,,,,,,,,,,0x7AFF01EC,0,0,
2190,-1,607,0,,,"Lâche ça tout de suite !",,,,,,,,,,,,,,0xFF01FE,,,"Tuer 5 personnages transportant de l'hydroglycérine au cours d'un même champ de bataille.",,,,,,,,,,,,,,0xFF01FE,14881,0xA,14,0x0,2908,,,"",,,,,,,,,,,,,,0x7EFF01EC,0,0,
2763,1,-1,2780,,,"Champion exalté de Forgefer",,,,,,,,,,,,,,0xFF01FE,,,"Être exalté auprès de Forgefer et obtenir le droit de représenter la faction au tournoi d'Argent.",,,,,,,,,,,,,,0xFF01FE,14941,0xA,14,0x0,3797,,,"Titre : de Forgefer",,,,,,,,,,,,,,0xFF01FE,0,0,
2867,-1,603,0,,,"Morts d'Algalon l'Observateur (Ulduar à 10)",,,,,,,,,,,,,,0xFF01FE,,,"Morts d'Algalon l'Observateur (Ulduar à 10)",,,,,,,,,,,,,,0xFF01FE,14963,0xA,14,0x1,1700,,,"",,,,,,,,,,,,,,0x7DFF01EC,0,0,
3056,-1,603,2915,,,"Laissez l'orbite tranquille (10 joueurs)",,,,,,,,,,,,,,0xFF01FE,,,"Vaincre le léviathan des flammes alors que les 4 systèmes de défense orbitaux sont encore actifs en mode 10 joueurs.",,,,,,,,,,,,,,0xFF01FE,14961,0xA,14,0x0,1521,,,"",,,,,,,,,,,,,,0x7EFF01EC,0,0,
3057,-1,603,2917,,,"Laissez l'orbite tranquille (25 joueurs)",,,,,,,,,,,,,,0xFF01FE,,,"Vaincre le léviathan des flammes alors que 4 systèmes de défense orbitaux sont encore actifs en mode 25 joueurs.",,,,,,,,,,,,,,0xFF01FE,14962,0xA,14,0x0,1521,,,"",,,,,,,,,,,,,,0x7EFF01EC,0,0,
3456,-1,-1,0,,,"La fête du mort",,,,,,,,,,,,,,0xFF01FE,,,"Danser avec Catrina pour être transformé en squelette au cours du Jour des morts.",,,,,,,,,,,,,,0xFF01FE,155,0xA,14,0x0,3932,,,"",,,,,,,,,,,,,,0x78FF2DFD,0,0,
3844,-1,-1,3843,,,"1 000 emblèmes de donjon ou de raid",,,,,,,,,,,,,,0xFF01FE,,,"Ramasser 1 000 emblèmes d'héroïsme, de vaillance, de conquête, de triomphe ou de givre.",,,,,,,,,,,,,,0xFF01FE,168,0xA,14,0x88,1950,,,"",,,,,,,,,,,,,,0xFF1BFE,0,0,
3854,-1,-1,0,,,"Entrons par la petite porte",,,,,,,,,,,,,,0xFF01FE,,,"Sur l'île des Conquérants, pénétrer dans la cour ennemie alors que la porte tient toujours.",,,,,,,,,,,,,,0xFF01FE,15003,0xA,14,0x0,3768,,,"",,,,,,,,,,,,,,0xFF1BFC,0,0,
4025,-1,-1,0,,,"Victoires sur Eadric le Pur (L'épreuve du champion héroïque)",,,,,,,,,,,,,,0xFF01FE,,,"Victoires sur Eadric le Pur (L'épreuve du champion héroïque)",,,,,,,,,,,,,,0xFF01FE,15021,0x0,14,0x1,1,,,"",,,,,,,,,,,,,,0xFF01EC,0,0,
4296,1,650,0,,,"L'épreuve des champions",,,,,,,,,,,,,,0xFF01FE,,,"Vaincre les boss de l'épreuve du champion.",,,,,,,,,,,,,,0xFF01FE,14806,0xA,14,0x0,370,,,"",,,,,,,,,,,,,,0xFF01EC,0,0,
4298,1,650,0,,,"L'épreuve des champions : mode héroïque",,,,,,,,,,,,,,0xFF01FE,,,"Vaincre les boss de l'épreuve du champion en mode héroïque.",,,,,,,,,,,,,,0xFF01FE,14921,0xA,14,0x0,370,,,"",,,,,,,,,,,,,,0xFF01EC,0,0,
4535,-1,631,0,,,"La fête à la maison (10 joueurs)",,,,,,,,,,,,,,0xFF01FE,,,"Vaincre dame Murmemort alors que cinq différents types de sectateurs sont actifs au moment de sa mort en mode 10 joueurs.",,,,,,,,,,,,,,0xFF01FE,15041,0xA,14,0x0,4160,,,"",,,,,,,,,,,,,,0xFF01FC,1,0,
4598,-1,-1,0,,,"Le Verdict des cendres",,,,,,,,,,,,,,0xFF01FE,,,"Être exalté auprès du Verdict des cendres.",,,,,,,,,,,,,,0xFF01FE,14866,0xF,14,0x0,1672,,,"Titre : du Verdict des cendres",,,,,,,,,,,,,,0xFF01FE,0,0,
4611,-1,631,0,,,"La fête à la maison (25 joueurs)",,,,,,,,,,,,,,0xFF01FE,,,"Vaincre dame Murmemort alors que cinq différents types de sectateurs sont actifs au moment de sa mort en mode 25 joueurs.",,,,,,,,,,,,,,0xFF01FE,15042,0xA,14,0x0,4160,,,"",,,,,,,,,,,,,,0xFF01FC,1,0,
4725,-1,-1,0,,,"Morts de Marwyn (Salles des Reflets héroïque)",,,,,,,,,,,,,,0xFF01FE,,,"",,,,,,,,,,,,,,0xFF01FC,15062,0x0,14,0x1,1,,,"",,,,,,,,,,,,,,0xFF01FC,0,0,
4780,-1,-1,0,,,"Morts lors de l'épreuve du croisé",,,,,,,,,,,,,,0xFF01FE,,,"Morts lors de l'épreuve du croisé",,,,,,,,,,,,,,0xFF01FE,125,0x0,14,0x1,1,,,"",,,,,,,,,,,,,,0xFF01FC,0,0,
144,-1,-1,0,,,"Le Rôdeur d'En haut",,,,,,,,,,,,,,0xFF01FE,,,"Pêcher le Rôdeur d'En bas dans la caverne du sanctuaire du Serpent.",,,,,,,,,,,,,,0xFF01FE,171,0xA,15,0x0,1734,,,"",,,,,,,,,,,,,,0xFF01EE,0,0,
334,-1,-1,0,,,"Plus grande quantité d'argent possédée",,,,,,,,,,,,,,0xFF01FE,,,"Plus grande quantité d'argent possédée",,,,,,,,,,,,,,0xFF01FE,140,0x0,15,0x1,4,,,"",,,,,,,,,,,,,,0xFF01EE,0,0,
389,-1,-1,0,,,"Maître de l'arène des Gurubashi",,,,,,,,,,,,,,0xFF01FE,,,"Obtenir le bijou Maître de l'arène dans l'arène des Gurubashi.",,,,,,,,,,,,,,0xFF01FE,95,0xA,15,0x0,2977,,,"",,,,,,,,,,,,,,0xFF01EE,1,0,
407,-1,-1,406,,,"Les cinq doigts de la main : 1750",,,,,,,,,,,,,,0xFF01FE,,,"Obtenir une cote personnelle de 1750 en équipe d'arène de 5c5 au niveau 80.",,,,,,,,,,,,,,0xFF01FE,165,0xA,15,0x0,3045,,,"",,,,,,,,,,,,,,0xFF01EE,0,0,
584,-1,529,0,,,"Assassin du bassin d'Arathi",,,,,,,,,,,,,,0xFF01FE,,,"Obtenir 5 victoires honorables dans chacune des bases dans une même bataille pour le bassin d'Arathi.",,,,,,,,,,,,,,0xFF01FE,14802,0x14,15,0x0,2285,,,"",,,,,,,,,,,,,,0xFF01EE,0,0,
642,-1,-1,0,,,"Profondeurs de Rochenoire",,,,,,,,,,,,,,0xFF01FE,,,"Vaincre l'empereur Dagran Thaurissan.",,,,,,,,,,,,,,0xFF01FE,14808,0xA,15,0x0,3662,,,"",,,,,,,,,,,,,,0xFF01EE,1,0,
660,-1,-1,0,,,"L'Arcatraz",,,,,,,,,,,,,,0xFF01FE,,,"Vaincre le messager Cieuriss.",,,,,,,,,,,,,,0xFF01FE,14805,0xA,15,0x0,3659,,,"",,,,,,,,,,,,,,0xFF01EE,1,0,
707,1,-1,0,,,"Destrier de bataille foudrepique",,,,,,,,,,,,,,0xFF01FE,,,"Obtenir un destrier de bataille foudrepique.",,,,,,,,,,,,,,0xFF01FE,14801,0xA,15,0x0,2827,,,"",,,,,,,,,,,,,,0xFF01EE,0,0,
781,-1,-1,0,,,"Exploration de la vallée de Strangleronce",,,,,,,,,,,,,,0xFF01FE,,,"Explorer la vallée de Strangleronce et révéler les zones voilées de la carte du monde.",,,,,,,,,,,,,,0xFF01FE,14777,0xA,15,0x0,3568,,,"",,,,,,,,,,,,,,0xFF01EE,0,0,
852,-1,-1,0,,,"Exploration d'Azshara",,,,,,,,,,,,,,0xFF01FE,,,"Explorer Azshara et révéler les zones voilées de la carte du monde.",,,,,,,,,,,,,,0xFF01FE,14778,0xA,15,0x0,3544,,,"",,,,,,,,,,,,,,0xFF01EE,0,0,
915,-1,-1,0,,,"Les Anciens de l'Alliance",,,,,,,,,,,,,,0xFF01FE,,,"Honorer les anciens situés dans les capitales de l'Alliance.",,,,,,,,,,,,,,0xFF01FE,160,0xA,15,0x0,2218,,,"",,,,,,,,,,,,,,0xFF01EE,0,0,
941,-1,-1,0,,,"Hemet Nesingwary : l'intégrale",,,,,,,,,,,,,,0xFF01FE,,,"Accomplir les hauts faits « Les vertes collines de Strangleronce », « Paradis perdu » et « Les neiges du Norfendre ».",,,,,,,,,,,,,,0xFF01FE,96,0xA,15,0x0,2926,,,"",,,,,,,,,,,,,,0xFF01EE,0,0,
953,-1,-1,0,,,"Gardien de Cénarius",,,,,,,,,,,,,,0xFF01FE,,,"Être exalté auprès du Cercle cénarien et de l'Expédition cénarienne.",,,,,,,,,,,,,,0xFF01FE,201,0x19,15,0x0,553,,,"Titre : gardien de Cénarius",,,,,,,,,,,,,,0xFF01FE,0,0,
960,-1,-1,0,,,"L'Œil pourpre",,,,,,,,,,,,,,0xFF01FE,,,"Être exalté auprès de l'Œil pourpre.",,,,,,,,,,,,,,0xFF01FE,14865,0xA,15,0x0,1487,,,"",,,,,,,,,,,,,,0xFF01EE,0,0,
961,-1,-1,0,,,"Membre d'honneur des Frénécœurs",,,,,,,,,,,,,,0xFF01FE,,,"Achever les 8 quêtes journalières chez les Frénécœurs listées ci-dessous.",,,,,,,,,,,,,,0xFF01FE,14863,0xA,15,0x0,3477,,,"",,,,,,,,,,,,,,0xFF01EE,0,0,
967,0,-1,0,,,"Bonbons et blagues des Royaumes de l'est",,,,,,,,,,,,,,0xFF01FE,,,"Piocher dans les seaux de bonbons des Royaumes de l'est.",,,,,,,,,,,,,,0xFF01FE,158,0xA,15,0x0,2951,,,"",,,,,,,,,,,,,,0xFF01EE,0,0,
1036,0,-1,0,,,"Les feux d'Azeroth",,,,,,,,,,,,,,0xFF01FE,,,"Accomplir les hauts faits Gardien de la flamme des Royaumes de l'est, de Kalimdor et d'Outreterre.",,,,,,,,,,,,,,0xFF01FE,161,0xA,15,0x0,12,,,"",,,,,,,,,,,,,,0xFF01EE,0,0,
1082,-1,585,0,,,"Morts de Kael'thas Haut-soleil (terrasse des Magistères)",,,,,,,,,,,,,,0xFF01FE,,,"Morts de Kael'thas Haut-soleil (terrasse des Magistères)",,,,,,,,,,,,,,0xFF01FE,14822,0x5,15,0x1,2787,,,"",,,,,,,,,,,,,,0xFF01EE,0,0,
1180,-1,-1,1178,,,"Le fric, c'est chic",,,,,,,,,,,,,,0xFF01FE,,,"Ramasser 10 000 pièces d'or en butin.",,,,,,,,,,,,,,0xFF01FE,92,0xA,15,0x0,2993,,,"",,,,,,,,,,,,,,0xFF01EE,0,0,
1188,-1,-1,0,,,"En plein cœur !",,,,,,,,,,,,,,0xFF01FE,,,"Toucher 10 personnages avec des flèches en argent.",,,,,,,,,,,,,,0xFF01FE,187,0xA,15,0x0,288,,,"",,,,,,,,,,,,,,0xFF01EE,0,0,
1237,-1,599,0,,,"Morts de Sjonnir le Sculptefer (Les salles de Pierre)",,,,,,,,,,,,,,0xFF01FE,,,"Morts de Sjonnir le Sculptefer (Les salles de Pierre)",,,,,,,,,,,,,,0xFF01FE,14823,0x5,15,0x1,2325,,,"",,,,,,,,,,,,,,0x7DFF01EE,0,0,
1251,0,489,0,,,"Pas de ça chez moi",,,,,,,,,,,,,,0xFF01FE,,,"Dans un même goulet des Chanteguerres, tuer 2 porteurs de drapeau avant qu'ils ne quittent la salle du drapeau des Chanteguerres.",,,,,,,,,,,,,,0xFF01FE,14804,0xA,15,0x0,3583,,,"",,,,,,,,,,,,,,0x7DFF01EE,0,0,
1274,0,-1,0,,,"Maître des traditions de l'Outreterre",,,,,,,,,,,,,,0xFF01FE,,,"Accomplir les hauts faits relatifs aux quêtes de l'Outreterre listés ci-dessous.",,,,,,,,,,,,,,0xFF01FE,14862,0xA,15,0x0,3492,,,"",,,,,,,,,,,,,,0x7DFF01EE,0,0,
1306,-1,-1,0,,,"Flacons différents utilisés",,,,,,,,,,,,,,0xFF01FE,,,"Flacons différents utilisés",,,,,,,,,,,,,,0xFF01FE,145,0x0,15,0x21,1,,,"",,,,,,,,,,,,,,0xFEFF01EC,0,811,
1407,-1,-1,0,,,"Nain « Prem's » au niveau 80 sur le royaume",,,,,,,,,,,,,,0xFF01FE,,,"Premier nain du royaume à atteindre le niveau 80.",,,,,,,,,,,,,,0xFF01FE,81,0x0,15,0x100,3286,,,"",,,,,,,,,,,,,,0xFF01EE,0,0,
1545,-1,-1,0,,,"Match dans l'arène des valeureux",,,,,,,,,,,,,,0xFF01FE,,,"Match dans l'arène des valeureux",,,,,,,,,,,,,,0xFF01FE,152,0x0,15,0x1,4,,,"",,,,,,,,,,,,,,0x7BFF01EC,0,0,
1738,-1,-1,0,,,"Dessins de joaillerie appris",,,,,,,,,,,,,,0xFF01FE,,,"Dessins de joaillerie appris",,,,,,,,,,,,,,0xFF01FE,173,0x0,15,0x1,4,,,"",,,,,,,,,,,,,,0x7DFF01EC,0,0,
1766,-1,607,0,,,"Protecteur des Anciens",,,,,,,,,,,,,,0xFF01FE,,,"Tuer 10 personnages dans la cour des Anciens au cours d'un même champ de bataille.",,,,,,,,,,,,,,0xFF01FE,14881,0xA,15,0x0,2957,,,"",,,,,,,,,,,,,,0x7EFF01EC,0,0,
1770,-1,-1,0,,,"Boss de raids à 10 de Wrath of the Lich King tués",,,,,,,,,,,,,,0xFF01FE,,,"Boss de raids à 10 de Wrath of the Lich King tués",,,,,,,,,,,,,,0xFF01FE,14807,0x0,15,0x9,1,,,"",,,,,,,,,,,,,,0x7DFF01EC,0,0,
2001,-1,-1,2000,,,"50 prix de cuisine de Dalaran",,,,,,,,,,,,,,0xFF01FE,,,"Obtenir 50 prix de cuisine de Dalaran.",,,,,,,,,,,,,,0xFF01FE,170,0xA,15,0x0,2468,,,"",,,,,,,,,,,,,,0x7EFF01EC,0,0,
2089,-1,-1,2088,,,"1 000 éclats du gardien des pierres",,,,,,,,,,,,,,0xFF01FE,,,"Ramasser 1 000 éclats du gardien des pierres.",,,,,,,,,,,,,,0xFF01FE,14901,0xA,15,0x0,3448,,,"",,,,,,,,,,,,,,0x7DFF01EC,0,0,
2178,-1,533,0,,,"Et c'est le choc ! (10 joueurs)",,,,,,,,,,,,,,0xFF01FE,,,"Vaincre Thaddius à Naxxramas sans que quiconque traverse les charges positives et négatives en mode 10 joueurs.",,,,,,,,,,,,,,0xFF01FE,14922,0xA,15,0x0,1886,,,"",,,,,,,,,,,,,,0x7BFF01EC,0,0,
2179,-1,533,0,,,"Et c'est le choc ! (25 joueurs)",,,,,,,,,,,,,,0xFF01FE,,,"Vaincre Thaddius à Naxxramas sans que quiconque traverse les charges positives et négatives en mode 25 joueurs.",,,,,,,,,,,,,,0xFF01FE,14923,0xA,15,0x0,1886,,,"",,,,,,,,,,,,,,0x7BFF01EC,0,0,
2781,1,-1,0,,,"Champion de Hurlevent",,,,,,,,,,,,,,0xFF01FE,,,"Obtenir le droit de représenter Hurlevent au tournoi d'Argent",,,,,,,,,,,,,,0xFF01FE,14941,0xA,15,0x0,3800,,,"",,,,,,,,,,,,,,0x7BFF01EC,0,0,
2872,-1,603,0,,,"Morts du léviathan des flammes (Ulduar à 25)",,,,,,,,,,,,,,0xFF01FE,,,"Morts du léviathan des flammes (Ulduar à 25)",,,,,,,,,,,,,,0xFF01FE,14963,0xA,15,0x1,1700,,,"",,,,,,,,,,,,,,0x7DFF01EC,0,0,
2919,-1,603,0,,,"Ça va trancher (10 joueurs)",,,,,,,,,,,,,,0xFF01FE,,,"Vaincre Tranchécaille sans lui permettre de s'envoler plus d'une fois en mode 10 joueurs.",,,,,,,,,,,,,,0xFF01FE,14961,0xA,15,0x0,3851,,,"",,,,,,,,,,,,,,0x7BFF01EC,0,0,
2921,-1,603,0,,,"Ça va trancher (25 joueurs)",,,,,,,,,,,,,,0xFF01FE,,,"Vaincre Tranchécaille sans lui permettre de s'envoler plus d'une fois en mode 25 joueurs.",,,,,,,,,,,,,,0xFF01FE,14962,0xA,15,0x0,3851,,,"",,,,,,,,,,,,,,0x7BFF01EC,0,0,
3478,1,-1,0,,,"Pèlerin",,,,,,,,,,,,,,0xFF01FE,,,"Accomplir les hauts faits des Bienfaits du pèlerin listés ci-dessous.",,,,,,,,,,,,,,0xFF01FE,155,0xA,15,0x0,3936,,,"Récompenses : titre de pèlerin et cage à dinde",,,,,,,,,,,,,,0xFF01FE,0,0,
3856,1,-1,0,,,"Derby démolisseur",,,,,,,,,,,,,,0xFF01FE,,,"Détruire les véhicules suivants sur l'île des Conquérants.",,,,,,,,,,,,,,0xFF01FE,15003,0xA,15,0x0,2306,,,"",,,,,,,,,,,,,,0xFF1BFD,0,0,
3876,-1,-1,3844,,,"1500 emblèmes de donjon ou de raid",,,,,,,,,,,,,,0xFF01FE,,,"Ramasser 1 500 emblèmes d'héroïsme, de vaillance, de conquête, de triomphe ou de givre.",,,,,,,,,,,,,,0xFF01FE,168,0xA,15,0x88,1950,,,"",,,,,,,,,,,,,,0xFF1BFD,0,0,
4026,-1,-1,0,,,"Morts du Chevalier noir (L'épreuve du champion)",,,,,,,,,,,,,,0xFF01FE,,,"Morts du Chevalier noir (L'épreuve du champion)",,,,,,,,,,,,,,0xFF01FE,15021,0x0,15,0x1,1,,,"",,,,,,,,,,,,,,0xFF01EC,0,0,
4096,-1,628,0,,,"Batailles pour l'île des Conquérants",,,,,,,,,,,,,,0xFF01FE,,,"Batailles pour l'île des Conquérants",,,,,,,,,,,,,,0xFF01FE,153,0x0,15,0x1,1,,,"",,,,,,,,,,,,,,0xFF01EC,0,0,
4436,1,-1,0,,,"La Foire des trônes",,,,,,,,,,,,,,0xFF01FE,,,"Plomber les chefs ennemis listés ci-dessous.",,,,,,,,,,,,,,0xFF01FE,156,0xA,15,0x0,393,,,"",,,,,,,,,,,,,,0xFF01EC,0,0,
4516,-1,632,0,,,"La Forge des âmes",,,,,,,,,,,,,,0xFF01FE,,,"Vaincre les boss de la Forge des âmes.",,,,,,,,,,,,,,0xFF01FE,14806,0xA,15,0x0,4149,,,"",,,,,,,,,,,,,,0xFF01EC,0,0,
4519,-1,632,0,,,"La Forge des âmes : mode héroïque",,,,,,,,,,,,,,0xFF01FE,,,"Vaincre les boss de la Forge des âmes en mode héroïque.",,,,,,,,,,,,,,0xFF01FE,14921,0xA,15,0x0,4149,,,"",,,,,,,,,,,,,,0xFF01EC,0,0,
4536,-1,631,0,,,"Je suis sur un bateau (10 joueurs)",,,,,,,,,,,,,,0xFF01FE,,,"Obtenir la victoire lors de la bataille des canonnières alors que les membres du raid ont abordé la canonnière ennemie deux fois maximum en mode 10 joueurs.",,,,,,,,,,,,,,0xFF01FE,15041,0xA,15,0x0,4145,,,"",,,,,,,,,,,,,,0xFF01EC,1,0,
4612,-1,631,0,,,"Je suis sur un bateau (25 joueurs)",,,,,,,,,,,,,,0xFF01FE,,,"Obtenir la victoire lors de la bataille des canonnières alors que tous les membres du raid n'ont abordé la canonnière ennemie qu'une seule fois en mode 25 joueurs.",,,,,,,,,,,,,,0xFF01FE,15042,0xA,15,0x0,4145,,,"",,,,,,,,,,,,,,0xFF01FC,1,0,
4726,-1,-1,0,,,"Fuites du roi-liche (Salles des Reflets)",,,,,,,,,,,,,,0xFF01FE,,,"",,,,,,,,,,,,,,0xFF01FC,15062,0x0,15,0x1,1,,,"",,,,,,,,,,,,,,0xFF01FC,0,0,
4777,-1,-1,0,,,"Coups fatals sur l'île des Conquérants",,,,,,,,,,,,,,0xFF01FE,,,"Coups fatals sur l'île des Conquérants",,,,,,,,,,,,,,0xFF01FE,137,0x0,15,0x1,1,,,"",,,,,,,,,,,,,,0xFF01FC,0,0,
4779,-1,-1,0,,,"Victoires honorables sur l'île des Conquérants",,,,,,,,,,,,,,0xFF01FE,,,"Victoires honorables sur l'île des Conquérants",,,,,,,,,,,,,,0xFF01FE,136,0x0,15,0x1,1,,,"",,,,,,,,,,,,,,0xFF01FC,0,0,
4781,-1,-1,0,,,"Morts dans la citadelle de la Couronne de glace",,,,,,,,,,,,,,0xFF01FE,,,"Morts dans la citadelle de la Couronne de glace",,,,,,,,,,,,,,0xFF01FE,125,0x0,15,0x1,1,,,"",,,,,,,,,,,,,,0xFF01FC,0,0,
202,1,489,0,,,"À toute vitesse",,,,,,,,,,,,,,0xFF01FE,,,"Prendre le drapeau et le capturer en moins de 75 secondes.",,,,,,,,,,,,,,0xFF01FE,14804,0xA,16,0x0,3483,,,"",,,,,,,,,,,,,,0xFF01EE,0,0,
346,-1,-1,0,,,"Boissons consommées",,,,,,,,,,,,,,0xFF01FE,,,"Boissons consommées",,,,,,,,,,,,,,0xFF01FE,145,0x0,16,0x9,4,,,"",,,,,,,,,,,,,,0xFF01EE,0,0,
396,-1,-1,0,,,"Grand maître de l'arène des Gurubashi",,,,,,,,,,,,,,0xFF01FE,,,"Achever la quête de Court John Mithril pour obtenir le bijou Grand maître de l'arène.",,,,,,,,,,,,,,0xFF01FE,95,0xA,16,0x0,2555,,,"",,,,,,,,,,,,,,0xFF01EE,1,0,
404,-1,-1,407,,,"Les cinq doigts de la main : 2000",,,,,,,,,,,,,,0xFF01FE,,,"Obtenir une cote personnelle de 2000 en équipe d'arène de 5c5 au niveau 80.",,,,,,,,,,,,,,0xFF01FE,165,0xA,16,0x0,3044,,,"",,,,,,,,,,,,,,0xFF01EE,0,0,
643,-1,-1,0,,,"Bas du pic Rochenoire",,,,,,,,,,,,,,0xFF01FE,,,"Vaincre le seigneur Wyrmthalak.",,,,,,,,,,,,,,0xFF01FE,14808,0xA,16,0x0,3650,,,"",,,,,,,,,,,,,,0xFF01EE,1,0,
661,-1,-1,0,,,"Terrasse des Magistères",,,,,,,,,,,,,,0xFF01FE,,,"Vaincre Kael'thas Haut-soleil.",,,,,,,,,,,,,,0xFF01FE,14805,0xA,16,0x0,3665,,,"",,,,,,,,,,,,,,0xFF01EE,1,0,
708,0,-1,0,,,"Héros du clan Loup-de-givre",,,,,,,,,,,,,,0xFF01FE,,,"Être exalté auprès du clan Loup-de-givre.",,,,,,,,,,,,,,0xFF01FE,14801,0xA,16,0x0,2828,,,"",,,,,,,,,,,,,,0xFF01EE,0,0,
760,-1,-1,0,,,"Exploration des montagnes d'Alterac",,,,,,,,,,,,,,0xFF01FE,,,"Explorer les montagnes d'Alterac et révéler les zones voilées de la carte du monde.",,,,,,,,,,,,,,0xFF01FE,14777,0xA,16,0x0,3541,,,"",,,,,,,,,,,,,,0xFF01EE,0,0,
853,-1,-1,0,,,"Exploration de Gangrebois",,,,,,,,,,,,,,0xFF01FE,,,"Explorer Gangrebois et révéler les zones voilées de la carte du monde.",,,,,,,,,,,,,,0xFF01FE,14778,0xA,16,0x0,3538,,,"",,,,,,,,,,,,,,0xFF01EE,0,0,
905,-1,-1,0,,,"Le vieux Barlo",,,,,,,,,,,,,,0xFF01FE,,,"Achever chacune des 5 quêtes journalières de pêche du vieux Barlo listées ci-dessous.",,,,,,,,,,,,,,0xFF01FE,171,0xA,16,0x0,3693,,,"",,,,,,,,,,,,,,0xFF01EE,0,0,
962,-1,-1,0,,,"Sauveur des Oracles",,,,,,,,,,,,,,0xFF01FE,,,"Achever les 8 quêtes journalières chez les Oracles listées ci-dessous.",,,,,,,,,,,,,,0xFF01FE,14863,0xA,16,0x0,3478,,,"",,,,,,,,,,,,,,0xFF01EE,0,0,
968,0,-1,0,,,"Bonbons et blagues d'Outreterre",,,,,,,,,,,,,,0xFF01FE,,,"Piocher dans les seaux de bonbons d'Outreterre.",,,,,,,,,,,,,,0xFF01FE,158,0xA,16,0x0,2952,,,"",,,,,,,,,,,,,,0xFF01EE,0,0,
1031,0,-1,0,,,"Extinction des Royaumes de l'est",,,,,,,,,,,,,,0xFF01FE,,,"Piétiner les feux de joie de l'Alliance dans les Royaumes de l'est.",,,,,,,,,,,,,,0xFF01FE,161,0xA,16,0x0,1920,,,"",,,,,,,,,,,,,,0xFF01EE,0,0,
1083,-1,532,0,,,"Morts du prince Malchezaar (Karazhan)",,,,,,,,,,,,,,0xFF01FE,,,"Morts du prince Malchezaar (Karazhan)",,,,,,,,,,,,,,0xFF01FE,14822,0x5,16,0x1,2294,,,"",,,,,,,,,,,,,,0xFF01EE,0,0,
1169,1,-1,0,,,"Maîtrise du bassin d'Arathi",,,,,,,,,,,,,,0xFF01FE,,,"Accomplir les hauts faits du bassin d'Arathi listés ci-dessous.",,,,,,,,,,,,,,0xFF01FE,14802,0x19,16,0x0,1156,,,"",,,,,,,,,,,,,,0xFF01EE,0,0,
1181,-1,-1,1180,,,"Le fric, c'est chic",,,,,,,,,,,,,,0xFF01FE,,,"Ramasser 25 000 pièces d'or en butin.",,,,,,,,,,,,,,0xFF01FE,92,0xA,16,0x0,2801,,,"",,,,,,,,,,,,,,0xFF01EE,0,0,
1408,-1,-1,0,,,"Humain « Prem's » au niveau 80 sur le royaume",,,,,,,,,,,,,,0xFF01FE,,,"Premier humain du royaume à atteindre le niveau 80.",,,,,,,,,,,,,,0xFF01FE,81,0x0,16,0x100,3325,,,"",,,,,,,,,,,,,,0xFF01EE,0,0,
1511,-1,599,0,,,"Morts de Sjonnir le Sculptefer (Les salles de Pierre en mode héroïque)",,,,,,,,,,,,,,0xFF01FE,,,"Morts de Sjonnir le Sculptefer (Les salles de Pierre en mode héroïque)",,,,,,,,,,,,,,0xFF01FE,14823,0x5,16,0x1,2325,,,"",,,,,,,,,,,,,,0x7EFF01EC,0,0,
1546,-1,-1,0,,,"Victoires dans l'arène des valeureux",,,,,,,,,,,,,,0xFF01FE,,,"Victoires dans l'arène des valeureux",,,,,,,,,,,,,,0xFF01FE,152,0x0,16,0x1,4,,,"",,,,,,,,,,,,,,0x7BFF01EC,0,0,
1576,-1,-1,0,,,"De sang et d'angoisse",,,,,,,,,,,,,,0xFF01FE,,,"Achever les quêtes de l'arène de sang à Nagrand et les quêtes de l'amphithéatre de l'Angoisse à Zul'Drak.",,,,,,,,,,,,,,0xFF01FE,96,0xA,16,0x0,1599,,,"",,,,,,,,,,,,,,0x7DFF01EC,0,0,
1638,-1,-1,0,,,"Fracassé",,,,,,,,,,,,,,0xFF01FE,,,"Vaincre le capitaine Fracasse-ciel pendant la course Gueule-de-dragon sur l'escarpement de l'Aile-du-Néant.",,,,,,,,,,,,,,0xFF01FE,14865,0xA,16,0x0,1928,,,"",,,,,,,,,,,,,,0x7DFF01EC,0,0,
1702,-1,-1,0,,,"Bec sucré",,,,,,,,,,,,,,0xFF01FE,,,"Goûter les friandises de la fête De l'amour dans l'air listées ci-dessous.",,,,,,,,,,,,,,0xFF01FE,187,0xA,16,0x0,1855,,,"",,,,,,,,,,,,,,0x7BFF01EC,0,0,
1722,-1,624,0,,,"Archavon le Gardien des pierres (10 joueurs)",,,,,,,,,,,,,,0xFF01FE,,,"Vaincre Archavon le Gardien des pierres à 10.",,,,,,,,,,,,,,0xFF01FE,14901,0xA,16,0x0,2351,,,"",,,,,,,,,,,,,,0x7EFF01EC,0,0,
1771,-1,-1,0,,,"Boss différents de raids à 10 de Wrath of the Lich King tués",,,,,,,,,,,,,,0xFF01FE,,,"Boss différents de raids à 10 de Wrath of the Lich King tués",,,,,,,,,,,,,,0xFF01FE,14807,0x0,16,0x21,1,,,"",,,,,,,,,,,,,,0x7DFF01EC,0,1770,
1977,-1,-1,0,,,"Marques de joaillerie de Dalaran obtenues",,,,,,,,,,,,,,0xFF01FE,,,"Marques de joaillerie de Dalaran obtenues",,,,,,,,,,,,,,0xFF01FE,173,0x0,16,0x1,1,,,"",,,,,,,,,,,,,,0x7EFF01EC,0,0,
2002,-1,-1,2001,,,"100 prix de cuisine de Dalaran",,,,,,,,,,,,,,0xFF01FE,,,"Obtenir 100 prix de cuisine de Dalaran.",,,,,,,,,,,,,,0xFF01FE,170,0xA,16,0x0,2468,,,"",,,,,,,,,,,,,,0x7EFF01EC,0,0,
2180,-1,533,0,,,"Soustraction (10 joueurs)",,,,,,,,,,,,,,0xFF01FE,,,"Vaincre Thaddius à Naxxramas à 8 maximum en mode 10 joueurs.",,,,,,,,,,,,,,0xFF01FE,14922,0xA,16,0x0,1885,,,"",,,,,,,,,,,,,,0x7BFF01EC,0,0,
2181,-1,533,0,,,"Soustraction (25 joueurs)",,,,,,,,,,,,,,0xFF01FE,,,"Vaincre Thaddius à Naxxramas à 20 maximum en mode 25 joueurs.",,,,,,,,,,,,,,0xFF01FE,14923,0xA,16,0x0,1885,,,"",,,,,,,,,,,,,,0x7BFF01EC,0,0,
2191,-1,607,0,,,"Protecteur de la cour des Anciens",,,,,,,,,,,,,,0xFF01FE,,,"Tuer 100 personnages dans la cour des Anciens.",,,,,,,,,,,,,,0xFF01FE,14881,0xA,16,0x0,856,,,"",,,,,,,,,,,,,,0x7EFF01EC,0,0,
2764,1,-1,2781,,,"Champion exalté de Hurlevent",,,,,,,,,,,,,,0xFF01FE,,,"Être exalté auprès de Hurlevent et obtenir le droit de représenter la faction au tournoi d'Argent.",,,,,,,,,,,,,,0xFF01FE,14941,0xA,16,0x0,3800,,,"Titre : de Hurlevent",,,,,,,,,,,,,,0xFF01FE,0,0,
2873,-1,603,0,,,"Morts de Tranchécaille (Ulduar à 25)",,,,,,,,,,,,,,0xFF01FE,,,"Morts de Tranchécaille (Ulduar à 25)",,,,,,,,,,,,,,0xFF01FE,14963,0xA,16,0x1,1700,,,"",,,,,,,,,,,,,,0x7DFF01EC,0,0,
2923,-1,603,0,,,"Un nain de fer bien cuit, s'il vous plaît ! (10 joueurs)",,,,,,,,,,,,,,0xFF01FE,,,"Vaincre 25 gardiens sombre-rune avec le souffle de flammes de Tranchécaille en mode 10 joueurs.",,,,,,,,,,,,,,0xFF01FE,14961,0xA,16,0x0,3853,,,"",,,,,,,,,,,,,,0x7BFF01EC,0,0,
2924,-1,603,0,,,"Un nain de fer bien cuit, s'il vous plaît ! (25 joueurs)",,,,,,,,,,,,,,0xFF01FE,,,"Vaincre 25 gardiens sombre-rune avec le souffle de flammes de Tranchécaille en mode 25 joueurs.",,,,,,,,,,,,,,0xFF01FE,14962,0xA,16,0x0,3853,,,"",,,,,,,,,,,,,,0x7BFF01EC,0,0,
3656,0,-1,0,,,"Pèlerin",,,,,,,,,,,,,,0xFF01FE,,,"Accomplir les hauts faits des Bienfaits du pèlerin listés ci-dessous.",,,,,,,,,,,,,,0xFF01FE,155,0xA,16,0x0,3936,,,"Récompenses : titre de pèlerin et cage à dinde",,,,,,,,,,,,,,0xFF01FE,0,0,
4027,-1,-1,0,,,"Morts du Chevalier noir (L'épreuve du champion héroïque)",,,,,,,,,,,,,,0xFF01FE,,,"Morts du Chevalier noir (L'épreuve du champion héroïque)",,,,,,,,,,,,,,0xFF01FE,15021,0x0,16,0x1,1,,,"",,,,,,,,,,,,,,0xFF01EC,0,0,
4097,-1,-1,0,,,"Victoires sur l'île des Conquérants",,,,,,,,,,,,,,0xFF01FE,,,"Victoires sur l'île des Conquérants",,,,,,,,,,,,,,0xFF01FE,153,0x0,16,0x1,4,,,"",,,,,,,,,,,,,,0xFF01EC,0,0,
4256,0,-1,0,,,"Derby démolisseur",,,,,,,,,,,,,,0xFF01FE,,,"Détruire les véhicules suivants sur l'île des Conquérants.",,,,,,,,,,,,,,0xFF01FE,15003,0xA,16,0x0,2306,,,"",,,,,,,,,,,,,,0xFF01EC,0,0,
4316,-1,-1,3876,,,"2 500 emblèmes de donjon ou de raid",,,,,,,,,,,,,,0xFF01FE,,,"Ramasser 2 500 emblèmes d'héroïsme, de vaillance, de conquête, de triomphe ou de givre.",,,,,,,,,,,,,,0xFF01FE,168,0xA,16,0x88,1950,,,"",,,,,,,,,,,,,,0xFF01FC,0,0,
4437,0,-1,0,,,"La Foire des trônes",,,,,,,,,,,,,,0xFF01FE,,,"Plomber les chefs ennemis listés ci-dessous.",,,,,,,,,,,,,,0xFF01FE,156,0xA,16,0x0,393,,,"",,,,,,,,,,,,,,0xFF01EC,0,0,
4517,-1,658,0,,,"La fosse de Saron",,,,,,,,,,,,,,0xFF01FE,,,"Vaincre les boss de la fosse de Saron.",,,,,,,,,,,,,,0xFF01FE,14806,0xA,16,0x0,4150,,,"",,,,,,,,,,,,,,0xFF01EC,0,0,
4520,-1,658,0,,,"La fosse de Saron : mode héroïque",,,,,,,,,,,,,,0xFF01FE,,,"Vaincre les boss de la fosse de Saron en mode héroïque.",,,,,,,,,,,,,,0xFF01FE,14921,0xA,16,0x0,4150,,,"",,,,,,,,,,,,,,0xFF01EC,0,0,
4537,-1,631,0,,,"J'ai fait un beau gâchis (10 joueurs)",,,,,,,,,,,,,,0xFF01FE,,,"Vaincre le Porte-mort avant que la marque du champion déchu ait été lancée trois fois en mode 10 joueurs.",,,,,,,,,,,,,,0xFF01FE,15041,0xA,16,0x0,4161,,,"",,,,,,,,,,,,,,0xFF01EC,1,0,
4613,-1,631,0,,,"J'ai fait un beau gâchis (25 joueurs)",,,,,,,,,,,,,,0xFF01FE,,,"Vaincre le Porte-mort avant que la marque du champion déchu ait été lancée cinq fois en mode 25 joueurs.",,,,,,,,,,,,,,0xFF01FE,15042,0xA,16,0x0,4161,,,"",,,,,,,,,,,,,,0xFF01EC,1,0,
4727,-1,-1,0,,,"Fuites du roi-liche (Salles des Reflets héroïque)",,,,,,,,,,,,,,0xFF01FE,,,"",,,,,,,,,,,,,,0xFF01FC,15062,0x0,16,0x1,1,,,"",,,,,,,,,,,,,,0xFF01FC,0,0,
99,-1,-1,0,,,"Matchs dans les ruines de Lordaeron",,,,,,,,,,,,,,0xFF01FE,,,"Matchs dans les ruines de Lordaeron",,,,,,,,,,,,,,0xFF01FE,152,0x0,17,0x1,4,,,"",,,,,,,,,,,,,,0xFF01EE,0,0,
388,1,-1,0,,,"Défenseur de la ville",,,,,,,,,,,,,,0xFF01FE,,,"Tuer 50 personnages ennemis dans n'importe laquelle de vos capitales.",,,,,,,,,,,,,,0xFF01FE,95,0xA,17,0x88,3574,,,"",,,,,,,,,,,,,,0xFF01EE,0,0,
393,-1,-1,0,,,"Tours de la vallée d'Alterac défendues",,,,,,,,,,,,,,0xFF01FE,,,"Tours de la vallée d'Alterac défendues",,,,,,,,,,,,,,0xFF01FE,153,0x0,17,0x1,1243604,,,"",,,,,,,,,,,,,,0xFF01EE,0,0,
667,-1,543,0,,,"Remparts des Flammes infernales : mode héroïque",,,,,,,,,,,,,,0xFF01FE,,,"Vaincre les chefs des remparts des Flammes infernales en mode héroïque.",,,,,,,,,,,,,,0xFF01FE,14805,0xA,17,0x0,3680,,,"",,,,,,,,,,,,,,0xFF01EE,0,0,
709,1,-1,0,,,"Héros de la garde Foudrepique",,,,,,,,,,,,,,0xFF01FE,,,"Être exalté auprès de la garde Foudrepique.",,,,,,,,,,,,,,0xFF01FE,14801,0xA,17,0x0,2829,,,"",,,,,,,,,,,,,,0xFF01EE,0,0,
761,-1,-1,0,,,"Exploration des hautes-terres d'Arathi",,,,,,,,,,,,,,0xFF01FE,,,"Explorer les hautes-terres d'Arathi et révéler les zones voilées de la carte du monde.",,,,,,,,,,,,,,0xFF01FE,14777,0xA,17,0x0,3542,,,"",,,,,,,,,,,,,,0xFF01EE,0,0,
854,-1,-1,0,,,"Exploration du cratère d'Un'Goro",,,,,,,,,,,,,,0xFF01FE,,,"Explorer le cratère d'Un'Goro et révéler les zones voilées de la carte du monde.",,,,,,,,,,,,,,0xFF01FE,14778,0xA,17,0x0,3588,,,"",,,,,,,,,,,,,,0xFF01EE,0,0,
891,-1,-1,0,,,"En selle !",,,,,,,,,,,,,,0xFF01FE,,,"Apprendre la compétence Apprenti cavalier.",,,,,,,,,,,,,,0xFF01FE,92,0xA,17,0x0,1176,,,"",,,,,,,,,,,,,,0xFF01EE,0,0,
938,-1,-1,0,,,"Les neiges du Norfendre",,,,,,,,,,,,,,0xFF01FE,,,"Achever toutes les quêtes d'Hemet Nesingwary en Norfendre, y compris « Agression post-partum ».",,,,,,,,,,,,,,0xFF01FE,14863,0xA,17,0x0,1581,,,"",,,,,,,,,,,,,,0xFF01EE,0,0,
971,0,-1,0,,,"Bonbons et blagues d'Azeroth",,,,,,,,,,,,,,0xFF01FE,,,"Accomplir les hauts faits Bonbons et blagues de Kalimdor, des Royaumes de l'est et d'Outreterre.",,,,,,,,,,,,,,0xFF01FE,158,0x14,17,0x0,1743,,,"",,,,,,,,,,,,,,0xFF01EE,0,0,
1032,0,-1,0,,,"Extinction de Kalimdor",,,,,,,,,,,,,,0xFF01FE,,,"Piétiner les feux de joie de l'Alliance en Kalimdor.",,,,,,,,,,,,,,0xFF01FE,161,0xA,17,0x0,1920,,,"",,,,,,,,,,,,,,0xFF01EE,0,0,
1084,-1,568,0,,,"Morts de Zul'jin (Zul'Aman)",,,,,,,,,,,,,,0xFF01FE,,,"Morts de Zul'jin (Zul'Aman)",,,,,,,,,,,,,,0xFF01FE,14822,0x5,17,0x1,2806,,,"",,,,,,,,,,,,,,0xFF01EE,0,0,
1161,-1,-1,404,,,"Les cinq doigts de la main : 2200",,,,,,,,,,,,,,0xFF01FE,,,"Obtenir une cote personnelle de 2200 en équipe d'arène de 5c5 au niveau 80.",,,,,,,,,,,,,,0xFF01FE,165,0xA,17,0x0,3043,,,"",,,,,,,,,,,,,,0xFF01EE,0,0,
1170,0,-1,0,,,"Maîtrise du bassin d'Arathi",,,,,,,,,,,,,,0xFF01FE,,,"Accomplir les hauts faits du bassin d'Arathi listés ci-dessous.",,,,,,,,,,,,,,0xFF01FE,14802,0x19,17,0x0,1156,,,"",,,,,,,,,,,,,,0xFF01EE,0,0,
1182,-1,-1,0,,,"Gagne-pain",,,,,,,,,,,,,,0xFF01FE,,,"Obtenir 10 000 pièces d'or en récompenses de quêtes.",,,,,,,,,,,,,,0xFF01FE,96,0xA,17,0x0,2995,,,"",,,,,,,,,,,,,,0xFF01EE,0,0,
1225,-1,530,0,,,"Pêcheur en Outreterre",,,,,,,,,,,,,,0xFF01FE,,,"Pêcher un poisson dans chacun des bancs de poissons listés ci-dessous.",,,,,,,,,,,,,,0xFF01FE,171,0xA,17,0x0,3691,,,"",,,,,,,,,,,,,,0x7DFF01EE,0,0,
1238,-1,602,0,,,"Morts de Loken (Les salles de Foudre)",,,,,,,,,,,,,,0xFF01FE,,,"Morts de Loken (Les salles de Foudre)",,,,,,,,,,,,,,0xFF01FE,14823,0x5,17,0x1,320,,,"",,,,,,,,,,,,,,0x7DFF01EE,0,0,
1307,-1,-1,0,,,"Sommet du pic Rochenoire",,,,,,,,,,,,,,0xFF01FE,,,"Vaincre le général Drakkisath.",,,,,,,,,,,,,,0xFF01FE,14808,0xA,17,0x0,3821,,,"",,,,,,,,,,,,,,0x7DFF01EC,1,0,
1409,-1,-1,0,,,"Elfe de la nuit « Prem's » au niveau 80 sur le royaume",,,,,,,,,,,,,,0xFF01FE,,,"Premier elfe de la nuit du royaume à atteindre le niveau 80.",,,,,,,,,,,,,,0xFF01FE,81,0x0,17,0x100,3288,,,"",,,,,,,,,,,,,,0xFF01EE,0,0,
1502,0,489,0,,,"À toute vitesse",,,,,,,,,,,,,,0xFF01FE,,,"Prendre le drapeau et le capturer en moins de 75 secondes.",,,,,,,,,,,,,,0xFF01FE,14804,0xA,17,0x0,3483,,,"",,,,,,,,,,,,,,0x7DFF01EC,0,0,
1536,-1,-1,0,,,"Plus haut score de compétence en travail du cuir",,,,,,,,,,,,,,0xFF01FE,,,"Plus haut score de compétence en travail du cuir",,,,,,,,,,,,,,0xFF01FE,173,0x0,17,0x1,1,,,"",,,,,,,,,,,,,,0x7BFF01EC,0,0,
1658,-1,-1,0,,,"Champion des terres gelées",,,,,,,,,,,,,,0xFF01FE,,,"Vaincre les boss des donjons et raids listés ci-dessous.",,,,,,,,,,,,,,0xFF01FE,168,0xA,17,0x0,182,,,"Titre : champion des terres gelées",,,,,,,,,,,,,,0xFF01FE,0,0,
1691,0,-1,0,,,"Joyeuses fêtes !",,,,,,,,,,,,,,0xFF01FE,,,"Accomplir les hauts faits du Voile d'hiver listés ci-dessous.",,,,,,,,,,,,,,0xFF01FE,155,0xA,17,0x0,3695,,,"Titre : le joyeux",,,,,,,,,,,,,,0xFF01FE,0,0,
1721,-1,624,0,,,"Archavon le Gardien des pierres (25 joueurs)",,,,,,,,,,,,,,0xFF01FE,,,"Vaincre Archavon le Gardien des pierres à 25.",,,,,,,,,,,,,,0xFF01FE,14901,0xA,17,0x0,2351,,,"",,,,,,,,,,,,,,0x7EFF01EC,0,0,
1772,-1,-1,0,,,"Boss de raid à 10 de Lich King le plus tué",,,,,,,,,,,,,,0xFF01FE,,,"Boss de raid à 10 de Lich King le plus tué",,,,,,,,,,,,,,0xFF01FE,14807,0x0,17,0x11,1,,,"",,,,,,,,,,,,,,0x7DFF01EC,0,1770,
1773,-1,-1,0,,,"Boisson la plus consommée",,,,,,,,,,,,,,0xFF01FE,,,"Boisson la plus consommée",,,,,,,,,,,,,,0xFF01FE,145,0x0,17,0x11,1,,,"",,,,,,,,,,,,,,0x7BFF01EC,0,346,
1780,-1,-1,0,,,"La séquence émotion",,,,,,,,,,,,,,0xFF01FE,,,"Manger chacune des denrées à émotion listées ci-dessous.",,,,,,,,,,,,,,0xFF01FE,170,0xA,17,0x0,1854,,,"",,,,,,,,,,,,,,0x7EFF01EC,0,0,
2182,-1,533,0,,,"On ne plaisante pas avec les spores (10 joueurs)",,,,,,,,,,,,,,0xFF01FE,,,"Vaincre Horreb à Naxxramas sans tuer une seule spore en mode 10 joueurs.",,,,,,,,,,,,,,0xFF01FE,14922,0xA,17,0x0,3099,,,"",,,,,,,,,,,,,,0x7BFF01EC,0,0,
2183,-1,533,0,,,"On ne plaisante pas avec les spores (25 joueurs)",,,,,,,,,,,,,,0xFF01FE,,,"Vaincre Horreb à Naxxramas sans tuer une seule spore en mode 25 joueurs.",,,,,,,,,,,,,,0xFF01FE,14923,0xA,17,0x0,3099,,,"",,,,,,,,,,,,,,0x7BFF01EC,0,0,
2194,1,-1,0,,,"Maîtrise du rivage des Anciens",,,,,,,,,,,,,,0xFF01FE,,,"Accomplir les hauts faits du rivage des Anciens listés ci-dessous.",,,,,,,,,,,,,,0xFF01FE,14881,0x19,17,0x0,3402,,,"",,,,,,,,,,,,,,0x7DFF01EC,0,0,
2782,1,-1,0,,,"Champion de l'Alliance",,,,,,,,,,,,,,0xFF01FE,,,"Obtenir le droit de représenter chaque race de l'Alliance au tournoi d'Argent",,,,,,,,,,,,,,0xFF01FE,14941,0xA,17,0x0,3807,,,"",,,,,,,,,,,,,,0x7BFF01EC,0,0,
2874,-1,603,0,,,"Morts d'Ignis le maître de la Fournaise (Ulduar à 25)",,,,,,,,,,,,,,0xFF01FE,,,"Morts d'Ignis le maître de la Fournaise (Ulduar à 25)",,,,,,,,,,,,,,0xFF01FE,14963,0xA,17,0x1,1700,,,"",,,,,,,,,,,,,,0x7DFF01EC,0,0,
2925,-1,603,0,,,"Brisés (10 joueurs)",,,,,,,,,,,,,,0xFF01FE,,,"Vaincre Ignis le maître de la Fournaise après avoir brisé 2 assemblages de fer en 5 secondes en mode 10 joueurs.",,,,,,,,,,,,,,0xFF01FE,14961,0xA,17,0x0,976,,,"",,,,,,,,,,,,,,0x7BFF01EC,0,0,
2926,-1,603,0,,,"Brisés (25 joueurs)",,,,,,,,,,,,,,0xFF01FE,,,"Vaincre Ignis le maître de la Fournaise après avoir brisé 2 assemblages de fer en 5 secondes en mode 25 joueurs.",,,,,,,,,,,,,,0xFF01FE,14962,0xA,17,0x0,976,,,"",,,,,,,,,,,,,,0x7BFF01EC,0,0,
3855,-1,628,0,,,"Le glaive sonne le glas",,,,,,,,,,,,,,0xFF01FE,,,"Sur l'île des Conquérants, tuer 10 personnages-joueurs à l'aide d'un lanceur de glaive sans mourir.",,,,,,,,,,,,,,0xFF01FE,15003,0xA,17,0x0,85,,,"",,,,,,,,,,,,,,0xFFF7FC,0,0,
4028,-1,-1,0,,,"Victoires sur les bêtes du Norfendre (L'épreuve du croisé à 10 joueurs)",,,,,,,,,,,,,,0xFF01FE,,,"Victoires sur les bêtes du Norfendre (L'épreuve du croisé à 10 joueurs)",,,,,,,,,,,,,,0xFF01FE,15021,0x0,17,0x1,1,,,"",,,,,,,,,,,,,,0xFF01EC,0,0,
4518,-1,668,0,,,"Les salles des Reflets",,,,,,,,,,,,,,0xFF01FE,,,"Vaincre les boss des salles des Reflets.",,,,,,,,,,,,,,0xFF01FE,14806,0xA,17,0x0,4151,,,"",,,,,,,,,,,,,,0xFF01EC,0,0,
4521,-1,668,0,,,"Les salles des Reflets : mode héroïque",,,,,,,,,,,,,,0xFF01FE,,,"Vaincre les boss des salles des Reflets en mode héroïque.",,,,,,,,,,,,,,0xFF01FE,14921,0xA,17,0x0,4151,,,"",,,,,,,,,,,,,,0xFF01EC,0,0,
4538,-1,631,0,,,"Danse avec les limons (10 joueurs)",,,,,,,,,,,,,,0xFF01FE,,,"Vaincre Trognepus sans qu'un grand limon ait lancé une explosion de limon instable en mode 10 joueurs.",,,,,,,,,,,,,,0xFF01FE,15041,0xA,17,0x0,636,,,"",,,,,,,,,,,,,,0xFF01EC,1,0,
4614,-1,631,0,,,"Danse avec les limons (25 joueurs)",,,,,,,,,,,,,,0xFF01FE,,,"Vaincre Trognepus sans qu'un grand limon ait lancé une explosion de limon instable en mode 25 joueurs.",,,,,,,,,,,,,,0xFF01FE,15042,0xA,17,0x0,636,,,"",,,,,,,,,,,,,,0xFF01EC,1,0,
4624,-1,-1,0,,,"Méthode douce... mais ferme",,,,,,,,,,,,,,0xFF01FE,,,"Vaincre le trio d'apothicaires de la Compagnie de Chimie La Royale dans le donjon d'Ombrecroc.",,,,,,,,,,,,,,0xFF01FE,187,0xA,17,0x0,1076,,,"",,,,,,,,,,,,,,0xFF01FC,0,0,
4639,-1,-1,0,,,"Morts du seigneur Gargamoelle (Couronne de glace à 10)",,,,,,,,,,,,,,0xFF01FE,,,"Morts du seigneur Gargamoelle (Couronne de glace à 10)",,,,,,,,,,,,,,0xFF01FE,15062,0x0,17,0x1,1,,,"",,,,,,,,,,,,,,0xFF01FC,0,0,
102,-1,-1,0,,,"Victoires dans les ruines de Lordaeron",,,,,,,,,,,,,,0xFF01FE,,,"Victoires dans les ruines de Lordaeron",,,,,,,,,,,,,,0xFF01FE,152,0x0,18,0x1,4,,,"",,,,,,,,,,,,,,0xFF01EE,0,0,
207,-1,489,0,,,"Sauveur du jour",,,,,,,,,,,,,,0xFF01FE,,,"Tuer l'ennemi qui porte le drapeau dans la pièce du drapeau du camp ennemi, alors que le drapeau ennemi est dans leur base et sous leur contrôle.",,,,,,,,,,,,,,0xFF01FE,14804,0xA,18,0x0,2119,,,"",,,,,,,,,,,,,,0xFF01EE,1,0,
394,-1,-1,0,,,"Tours de la vallée d'Alterac capturées",,,,,,,,,,,,,,0xFF01FE,,,"Tours de la vallée d'Alterac capturées",,,,,,,,,,,,,,0xFF01FE,153,0x0,18,0x1,1243604,,,"",,,,,,,,,,,,,,0xFF01EE,0,0,
408,-1,-1,0,,,"Bonne série",,,,,,,,,,,,,,0xFF01FE,,,"Gagner 10 matchs d'arène du championnat consécutifs au niveau 80.",,,,,,,,,,,,,,0xFF01FE,165,0xA,18,0x0,11,,,"",,,,,,,,,,,,,,0xFF01EE,0,0,
644,-1,429,0,,,"Le roi de Hache-tripes",,,,,,,,,,,,,,0xFF01FE,,,"Triompher de chaque aile de Hache-tripes.",,,,,,,,,,,,,,0xFF01FE,14808,0xA,18,0x0,559,,,"",,,,,,,,,,,,,,0xFF01EE,0,0,
668,-1,542,0,,,"La Fournaise du sang : mode héroïque",,,,,,,,,,,,,,0xFF01FE,,,"Vaincre Keli'dan le Briseur en mode héroïque.",,,,,,,,,,,,,,0xFF01FE,14805,0xA,18,0x0,3629,,,"",,,,,,,,,,,,,,0xFF01EE,0,0,
773,-1,-1,0,,,"Exploration des Hinterlands",,,,,,,,,,,,,,0xFF01FE,,,"Explorer les Hinterlands et révéler les zones voilées de la carte du monde.",,,,,,,,,,,,,,0xFF01FE,14777,0xA,18,0x0,3556,,,"",,,,,,,,,,,,,,0xFF01EE,0,0,
855,-1,-1,0,,,"Exploration de Reflet-de-Lune",,,,,,,,,,,,,,0xFF01FE,,,"Explorer Reflet-de-Lune et révéler les zones voilées de la carte du monde.",,,,,,,,,,,,,,0xFF01FE,14778,0xA,18,0x0,1660,,,"",,,,,,,,,,,,,,0xFF01EE,0,0,
889,-1,-1,891,,,"L'équipée sauvage",,,,,,,,,,,,,,0xFF01FE,,,"Apprendre la compétence Compagnon cavalier.",,,,,,,,,,,,,,0xFF01FE,92,0xA,18,0x0,836,,,"",,,,,,,,,,,,,,0xFF01EE,0,0,
963,1,-1,0,,,"Bonbons et blagues de Kalimdor",,,,,,,,,,,,,,0xFF01FE,,,"Piocher dans les seaux de bonbons de Kalimdor.",,,,,,,,,,,,,,0xFF01FE,158,0xA,18,0x0,3509,,,"",,,,,,,,,,,,,,0xFF01EE,0,0,
1006,0,-1,0,,,"Défenseur de la ville",,,,,,,,,,,,,,0xFF01FE,,,"Tuer 50 personnages ennemis dans n'importe laquelle de vos capitales.",,,,,,,,,,,,,,0xFF01FE,95,0xA,18,0x88,3575,,,"",,,,,,,,,,,,,,0xFF01EE,0,0,
1033,0,-1,0,,,"Extinction de l'Outreterre",,,,,,,,,,,,,,0xFF01FE,,,"Piétiner les feux de joie de l'Alliance en Outreterre.",,,,,,,,,,,,,,0xFF01FE,161,0xA,18,0x0,1920,,,"",,,,,,,,,,,,,,0xFF01EE,0,0,
1085,-1,565,0,,,"Morts de Gruul (Repaire de Gruul)",,,,,,,,,,,,,,0xFF01FE,,,"Morts de Gruul (Repaire de Gruul)",,,,,,,,,,,,,,0xFF01FE,14822,0x5,18,0x1,2798,,,"",,,,,,,,,,,,,,0xFF01EE,0,0,
1166,-1,30,0,,,"Tout vient à point à qui sait ramasser",,,,,,,,,,,,,,0xFF01FE,,,"Ramasser le portrait dédicacé de Dagharn & Aguilor dans la vallée d'Alterac.",,,,,,,,,,,,,,0xFF01FE,14801,0xA,18,0x0,2990,,,"",,,,,,,,,,,,,,0xFF01EE,0,0,
1410,-1,-1,0,,,"Orc « Prem's » au niveau 80 sur le royaume",,,,,,,,,,,,,,0xFF01FE,,,"Premier orc du royaume à atteindre le niveau 80.",,,,,,,,,,,,,,0xFF01FE,81,0x0,18,0x100,3289,,,"",,,,,,,,,,,,,,0xFF01EE,0,0,
1512,-1,602,0,,,"Morts de Loken (Les salles de Foudre en mode héroïque)",,,,,,,,,,,,,,0xFF01FE,,,"Morts de Loken (Les salles de Foudre en mode héroïque)",,,,,,,,,,,,,,0xFF01FE,14823,0x5,18,0x1,320,,,"",,,,,,,,,,,,,,0x7EFF01EC,0,0,
1517,-1,571,0,,,"Pêcheur en Norfendre",,,,,,,,,,,,,,0xFF01FE,,,"Pêcher un poisson dans chacun des bancs de poissons listés ci-dessous.",,,,,,,,,,,,,,0xFF01FE,171,0xA,18,0x0,3692,,,"",,,,,,,,,,,,,,0x7BFF01EC,0,0,
1596,-1,-1,0,,,"Gourou de Drakuru",,,,,,,,,,,,,,0xFF01FE,,,"Achever la suite de quêtes impliquant Drakuru listées ci-dessous.",,,,,,,,,,,,,,0xFF01FE,14863,0xA,18,0x0,3479,,,"",,,,,,,,,,,,,,0x7DFF01EC,0,0,
1681,1,-1,0,,,"Maître des traditions",,,,,,,,,,,,,,0xFF01FE,,,"Accomplir les hauts faits de quêtes listés ci-dessous.",,,,,,,,,,,,,,0xFF01FE,96,0xA,18,0x0,1644,,,"Récompenses : titre et tabard de maître des traditions",,,,,,,,,,,,,,0xFF01FE,0,0,
1692,1,-1,0,,,"Joyeuses fêtes !",,,,,,,,,,,,,,0xFF01FE,,,"Accomplir les hauts faits du Voile d'hiver listés ci-dessous.",,,,,,,,,,,,,,0xFF01FE,155,0xA,18,0x0,3695,,,"Titre : le joyeux",,,,,,,,,,,,,,0xFF01FE,0,0,
1740,-1,-1,0,,,"Patrons de travail du cuir appris",,,,,,,,,,,,,,0xFF01FE,,,"Patrons de travail du cuir appris",,,,,,,,,,,,,,0xFF01FE,173,0x0,18,0x1,4,,,"",,,,,,,,,,,,,,0x7DFF01EC,0,0,
1756,-1,-1,0,,,"Boss de raids à 25 de Wrath of the Lich King tués",,,,,,,,,,,,,,0xFF01FE,,,"Boss de raids à 25 de Wrath of the Lich King tués",,,,,,,,,,,,,,0xFF01FE,14807,0x0,18,0x9,1,,,"",,,,,,,,,,,,,,0x7DFF01EC,0,0,
1774,-1,-1,0,,,"Boissons différentes consommées",,,,,,,,,,,,,,0xFF01FE,,,"Boissons différentes consommées",,,,,,,,,,,,,,0xFF01FE,145,0x0,18,0x21,1,,,"",,,,,,,,,,,,,,0x7BFF01EC,0,346,
1781,-1,-1,0,,,"Les petites bébêtes",,,,,,,,,,,,,,0xFF01FE,,,"Utiliser des bouchées de bestiole pour contraindre 10 bestioles à être vos familiers en 3 minutes maximum.",,,,,,,,,,,,,,0xFF01FE,170,0xA,18,0x0,2482,,,"",,,,,,,,,,,,,,0x7EFF01EC,0,0,
1919,-1,574,0,,,"Avec les glaçons",,,,,,,,,,,,,,0xFF01FE,,,"Vaincre le prince Keleseth au donjon d'Utgarde sans briser de tombeaux de givre en mode héroïque.",,,,,,,,,,,,,,0xFF01FE,14921,0xA,18,0x0,3260,,,"",,,,,,,,,,,,,,0x7EFF01EC,0,0,
2136,-1,-1,0,,,"Gloire au héros",,,,,,,,,,,,,,0xFF01FE,,,"Accomplir les hauts faits dans les donjons héroïques listés ci-dessous.",,,,,,,,,,,,,,0xFF01FE,168,0x19,18,0x0,3494,,,"Récompense : proto-drake rouge",,,,,,,,,,,,,,0xFF01FE,0,0,
2176,-1,533,0,,,"Jusqu'à ce que mort s'ensuive (10 joueurs)",,,,,,,,,,,,,,0xFF01FE,,,"Vaincre les 4 cavaliers à Naxxramas à moins de 15 secondes d'intervalle les uns des autres en mode 10 joueurs.",,,,,,,,,,,,,,0xFF01FE,14922,0xA,18,0x0,3005,,,"",,,,,,,,,,,,,,0x7EFF01EC,0,0,
2177,-1,533,0,,,"Jusqu'à ce que mort s'ensuive (25 joueurs)",,,,,,,,,,,,,,0xFF01FE,,,"Vaincre les 4 cavaliers à Naxxramas à moins de 15 secondes d'intervalle les uns des autres en mode 25 joueurs.",,,,,,,,,,,,,,0xFF01FE,14923,0xA,18,0x0,3005,,,"",,,,,,,,,,,,,,0x7EFF01EC,0,0,
2195,0,-1,0,,,"Maîtrise du rivage des Anciens",,,,,,,,,,,,,,0xFF01FE,,,"Accomplir les hauts faits du rivage des Anciens listés ci-dessous.",,,,,,,,,,,,,,0xFF01FE,14881,0x19,18,0x0,3402,,,"",,,,,,,,,,,,,,0x7DFF01EC,0,0,
2770,1,-1,2782,,,"Champion exalté de l'Alliance",,,,,,,,,,,,,,0xFF01FE,,,"Être exalté auprès de l'Alliance et obtenir le droit d'en représenter chaque race au tournoi d'Argent.",,,,,,,,,,,,,,0xFF01FE,14941,0xA,18,0x0,3807,,,"",,,,,,,,,,,,,,0x7DFF01EC,0,0,
2884,-1,603,0,,,"Morts du déconstructeur XT-002 (Ulduar à 25)",,,,,,,,,,,,,,0xFF01FE,,,"Morts du déconstructeur XT-002 (Ulduar à 25)",,,,,,,,,,,,,,0xFF01FE,14963,0xA,18,0x1,1700,,,"",,,,,,,,,,,,,,0x7DFF01EC,0,0,
2927,-1,603,0,,,"Chaud devant (10 joueurs)",,,,,,,,,,,,,,0xFF01FE,,,"Survivre en ayant été jeté dans la marmite de scories d'Ignis le maître de la Fournaise en mode 10 joueurs.",,,,,,,,,,,,,,0xFF01FE,14961,0xA,18,0x0,31,,,"",,,,,,,,,,,,,,0x7BFF01EC,0,0,
2928,-1,603,0,,,"Chaud devant (25 joueurs)",,,,,,,,,,,,,,0xFF01FE,,,"Survivre en ayant été jeté dans la marmite de scories d'Ignis le maître de la Fournaise en mode 25 joueurs.",,,,,,,,,,,,,,0xFF01FE,14962,0xA,18,0x0,31,,,"",,,,,,,,,,,,,,0x7BFF01EC,0,0,
3136,-1,624,0,,,"Emalon le Guetteur d'orage (10 joueurs)",,,,,,,,,,,,,,0xFF01FE,,,"Vaincre Emalon le Guetteur d'orage à 10.",,,,,,,,,,,,,,0xFF01FE,14901,0xA,18,0x0,2350,,,"",,,,,,,,,,,,,,0x7EFF01EC,0,0,
3857,1,-1,0,,,"Maître de l'île des Conquérants",,,,,,,,,,,,,,0xFF01FE,,,"Accomplir les hauts faits de l'île des Conquérants listés ci-dessous.",,,,,,,,,,,,,,0xFF01FE,15003,0x19,18,0x0,3387,,,"Récompense : tabard de conquête",,,,,,,,,,,,,,0xFF01FE,0,0,
4030,-1,-1,0,,,"Victoires sur les bêtes du Norfendre (L'épreuve du grand croisé à 10 joueurs)",,,,,,,,,,,,,,0xFF01FE,,,"Victoires sur les bêtes du Norfendre (L'épreuve du grand croisé à 10 joueurs)",,,,,,,,,,,,,,0xFF01FE,15021,0x0,18,0x1,1,,,"",,,,,,,,,,,,,,0xFF01EC,0,0,
4577,-1,631,0,,,"Pénurie de vaccins (10 joueurs)",,,,,,,,,,,,,,0xFF01FE,,,"Vaincre Pulentraille sans qu'un seul membre du raid ait plus de 2 charges d'Inoculé en mode 10 joueurs.",,,,,,,,,,,,,,0xFF01FE,15041,0xA,18,0x0,4162,,,"",,,,,,,,,,,,,,0xFF01FC,1,0,
4615,-1,631,0,,,"Pénurie de vaccins (25 joueurs)",,,,,,,,,,,,,,0xFF01FE,,,"Vaincre Pulentraille sans qu'un seul membre du raid ait plus de 2 charges d'Inoculé en mode 25 joueurs.",,,,,,,,,,,,,,0xFF01FE,15042,0xA,18,0x0,4162,,,"",,,,,,,,,,,,,,0xFF01FC,1,0,
4640,-1,-1,0,,,"Morts du seigneur Gargamoelle (Couronne de glace héroïque à 10)",,,,,,,,,,,,,,0xFF01FE,,,"Morts du seigneur Gargamoelle (Couronne de glace héroïque à 10)",,,,,,,,,,,,,,0xFF01FE,15062,0x0,18,0x1,1,,,"",,,,,,,,,,,,,,0xFF01FC,0,0,
347,-1,-1,0,,,"Denrées consommées",,,,,,,,,,,,,,0xFF01FE,,,"Denrées consommées",,,,,,,,,,,,,,0xFF01FE,145,0x0,19,0x9,4,,,"",,,,,,,,,,,,,,0xFF01EE,0,0,
585,-1,-1,0,,,"Drapeaux de l'Œil du cyclone capturés",,,,,,,,,,,,,,0xFF01FE,,,"Drapeaux de l'Œil du cyclone capturés",,,,,,,,,,,,,,0xFF01FE,153,0x0,19,0x1,1,,,"",,,,,,,,,,,,,,0xFF01EE,0,0,
596,-1,-1,0,,,"Plus haute cote personnelle en 5c5",,,,,,,,,,,,,,0xFF01FE,,,"Plus haute cote personnelle en 5c5",,,,,,,,,,,,,,0xFF01FE,152,0x0,19,0x1,1,,,"",,,,,,,,,,,,,,0xFF01EE,0,0,
603,0,-1,0,,,"Courroux de la Horde",,,,,,,,,,,,,,0xFF01FE,,,"Tuer 5 personnages de l'Alliance dans chacune des villes listées ci-dessous.",,,,,,,,,,,,,,0xFF01FE,95,0xA,19,0x0,2815,,,"",,,,,,,,,,,,,,0xFF01EE,0,0,
645,-1,289,0,,,"Scholomance",,,,,,,,,,,,,,0xFF01FE,,,"Vaincre les chefs de la Scholomance.",,,,,,,,,,,,,,0xFF01FE,14808,0xA,19,0x0,308,,,"",,,,,,,,,,,,,,0xFF01EE,0,0,
669,-1,547,0,,,"Les enclos aux esclaves : mode héroïque",,,,,,,,,,,,,,0xFF01FE,,,"Vaincre Bourbierreux en mode héroïque.",,,,,,,,,,,,,,0xFF01FE,14805,0xA,19,0x0,3591,,,"",,,,,,,,,,,,,,0xFF01EE,0,0,
774,-1,-1,0,,,"Exploration de la gorge des Vents brûlants",,,,,,,,,,,,,,0xFF01FE,,,"Explorer la gorge des Vents brûlants et révéler les zones voilées de la carte du monde.",,,,,,,,,,,,,,0xFF01FE,14777,0xA,19,0x0,3566,,,"",,,,,,,,,,,,,,0xFF01EE,0,0,
856,-1,-1,0,,,"Exploration de Silithus",,,,,,,,,,,,,,0xFF01FE,,,"Explorer Silithus et révéler les zones voilées de la carte du monde.",,,,,,,,,,,,,,0xFF01FE,14778,0xA,19,0x0,3567,,,"",,,,,,,,,,,,,,0xFF01EE,0,0,
890,-1,-1,889,,,"La charge héroïque",,,,,,,,,,,,,,0xFF01FE,,,"Apprendre la compétence Expert cavalier.",,,,,,,,,,,,,,0xFF01FE,92,0xA,19,0x0,2054,,,"",,,,,,,,,,,,,,0xFF01EE,0,0,
966,1,-1,0,,,"Bonbons et blagues des Royaumes de l'est",,,,,,,,,,,,,,0xFF01FE,,,"Piocher dans les seaux de bonbons des Royaumes de l'est.",,,,,,,,,,,,,,0xFF01FE,158,0xA,19,0x0,2951,,,"",,,,,,,,,,,,,,0xFF01EE,0,0,
1037,0,-1,0,,,"Profanation de l'Alliance",,,,,,,,,,,,,,0xFF01FE,,,"Accomplir les hauts faits Extinction des Royaumes de l'est, de Kalimdor et d'Outreterre.",,,,,,,,,,,,,,0xFF01FE,161,0xA,19,0x0,1920,,,"",,,,,,,,,,,,,,0xFF01EE,0,0,
1086,-1,544,0,,,"Morts de Magtheridon (Le repaire de Magtheridon)",,,,,,,,,,,,,,0xFF01FE,,,"Morts de Magtheridon (Le repaire de Magtheridon)",,,,,,,,,,,,,,0xFF01FE,14822,0x5,19,0x1,2675,,,"",,,,,,,,,,,,,,0xFF01EE,0,0,
1162,-1,-1,0,,,"Meilleure série",,,,,,,,,,,,,,0xFF01FE,,,"Gagner 10 matchs d'arène du championnat consécutifs avec une cote supérieure à 1800 au niveau 80.",,,,,,,,,,,,,,0xFF01FE,165,0xA,19,0x0,11,,,"",,,,,,,,,,,,,,0xFF01EE,0,0,
1167,1,-1,0,,,"Maîtrise de la vallée d'Alterac",,,,,,,,,,,,,,0xFF01FE,,,"Accomplir les hauts faits de la vallée d'Alterac listés ci-dessous.",,,,,,,,,,,,,,0xFF01FE,14801,0x19,19,0x0,2839,,,"",,,,,,,,,,,,,,0xFF01EE,0,0,
1172,1,-1,0,,,"Maîtrise du goulet des Chanteguerres",,,,,,,,,,,,,,0xFF01FE,,,"Achever les hauts faits du goulet des Chanteguerres listés ci-dessous.",,,,,,,,,,,,,,0xFF01FE,14804,0x19,19,0x0,2835,,,"",,,,,,,,,,,,,,0xFF01EE,0,0,
1239,-1,578,0,,,"Morts du gardien-tellurique Eregos (L'Oculus)",,,,,,,,,,,,,,0xFF01FE,,,"Morts du gardien-tellurique Eregos (L'Oculus)",,,,,,,,,,,,,,0xFF01FE,14823,0x5,19,0x1,180,,,"",,,,,,,,,,,,,,0x7DFF01EE,0,0,
1277,-1,-1,0,,,"Défense rapide",,,,,,,,,,,,,,0xFF01FE,,,"Achever la quête « La défense du temple du Repos du ver » en moins de 3 minutes et sans être en groupe.",,,,,,,,,,,,,,0xFF01FE,14863,0xA,19,0x0,1700,,,"",,,,,,,,,,,,,,0x7DFF01EE,0,0,
1411,-1,-1,0,,,"Tauren « Prem's » au niveau 80 sur le royaume",,,,,,,,,,,,,,0xFF01FE,,,"Premier tauren du royaume à atteindre le niveau 80.",,,,,,,,,,,,,,0xFF01FE,81,0x0,19,0x100,3326,,,"",,,,,,,,,,,,,,0xFF01EE,0,0,
1537,-1,-1,0,,,"Plus haut score de compétence en minage",,,,,,,,,,,,,,0xFF01FE,,,"Plus haut score de compétence en minage",,,,,,,,,,,,,,0xFF01FE,173,0x0,19,0x1,1,,,"",,,,,,,,,,,,,,0x7BFF01EC,0,0,
1682,0,-1,0,,,"Maître des traditions",,,,,,,,,,,,,,0xFF01FE,,,"Accomplir les hauts faits de quêtes listés ci-dessous.",,,,,,,,,,,,,,0xFF01FE,96,0xA,19,0x0,1644,,,"Récompenses : titre et tabard de maître des traditions",,,,,,,,,,,,,,0xFF01FE,0,0,
1759,-1,-1,0,,,"Boss différents de raids à 25 de Wrath of the Lich King tués",,,,,,,,,,,,,,0xFF01FE,,,"Boss différents de raids à 25 de Wrath of the Lich King tués",,,,,,,,,,,,,,0xFF01FE,14807,0x0,19,0x21,1,,,"",,,,,,,,,,,,,,0x7DFF01EC,0,1756,
1785,-1,-1,0,,,"Un dîner presque parfait",,,,,,,,,,,,,,0xFF01FE,,,"Proposez un grand festin dans chacun des champs de bataille listés ci-dessous.",,,,,,,,,,,,,,0xFF01FE,170,0xA,19,0x0,1578,,,"",,,,,,,,,,,,,,0x7DFF01EC,0,0,
2137,-1,-1,0,,,"Gloire à l'écumeur de raids (10 joueurs)",,,,,,,,,,,,,,0xFF01FE,,,"Accomplir les hauts faits dans les raids à 10 listés ci-dessous.",,,,,,,,,,,,,,0xFF01FE,168,0x19,19,0x0,3499,,,"",,,,,,,,,,,,,,0xFF01FE,0,0,
2144,1,-1,0,,,"Voyages au bout du monde",,,,,,,,,,,,,,0xFF01FE,,,"Accomplir les hauts faits des évènements mondiaux listés ci-dessous.",,,,,,,,,,,,,,0xFF01FE,155,0x32,19,0x0,3500,,,"Récompense : proto-drake pourpre",,,,,,,,,,,,,,0xFF01FE,0,0,
2146,-1,533,0,,,"Le club des cent (10 joueurs)",,,,,,,,,,,,,,0xFF01FE,,,"Vaincre Saphiron à Naxxramas sans qu'un seul membre du raid ait plus de 100 à la résistance au givre en mode 10 joueurs.",,,,,,,,,,,,,,0xFF01FE,14922,0xA,19,0x0,1700,,,"",,,,,,,,,,,,,,0x7DFF01EC,0,0,
2147,-1,533,0,,,"Le club des cent (25 joueurs)",,,,,,,,,,,,,,0xFF01FE,,,"Vaincre Saphiron à Naxxramas sans qu'un seul membre du raid ait plus de 100 à la résistance au givre en mode 25 joueurs.",,,,,,,,,,,,,,0xFF01FE,14923,0xA,19,0x0,1700,,,"",,,,,,,,,,,,,,0x7DFF01EC,0,0,
2150,-1,-1,0,,,"Dédoublement de personnalité",,,,,,,,,,,,,,0xFF01FE,,,"Vaincre le grand magus Telestra dans le Nexus après avoir tué ses images à 5 secondes d'intervalle pendant ses deux dédoublements en mode héroïque.",,,,,,,,,,,,,,0xFF01FE,14921,0xA,19,0x0,3392,,,"",,,,,,,,,,,,,,0x7BFF01EC,0,0,
2817,1,-1,2770,,,"Champion d'Argent exalté de l'Alliance",,,,,,,,,,,,,,0xFF01FE,,,"Être exalté auprès de l'Alliance et obtenir le droit d'en représenter chaque race au tournoi d'Argent.",,,,,,,,,,,,,,0xFF01FE,14941,0xA,19,0x0,3807,,,"Titre : croisé. Débloque des quêtes journalières auprès des Croisés au tournoi d'Argent.",,,,,,,,,,,,,,0xFF01FE,0,0,
2885,-1,603,0,,,"Morts de l'assemblée du Fer (Ulduar à 25)",,,,,,,,,,,,,,0xFF01FE,,,"Morts de l'assemblée du Fer (Ulduar à 25)",,,,,,,,,,,,,,0xFF01FE,14963,0xA,19,0x1,1700,,,"",,,,,,,,,,,,,,0x7DFF01EC,0,0,
2929,-1,603,0,,,"En surchauffe (25 joueurs)",,,,,,,,,,,,,,0xFF01FE,,,"Vaincre Ignis le maître de la Fournaise en 4 minutes en mode 25 joueurs.",,,,,,,,,,,,,,0xFF01FE,14962,0xA,19,0x0,3855,,,"",,,,,,,,,,,,,,0x7BFF01EC,0,0,
2930,-1,603,0,,,"En surchauffe (10 joueurs)",,,,,,,,,,,,,,0xFF01FE,,,"Vaincre Ignis le maître de la Fournaise en 4 minutes en mode 10 joueurs.",,,,,,,,,,,,,,0xFF01FE,14961,0xA,19,0x0,3855,,,"",,,,,,,,,,,,,,0x7BFF01EC,0,0,
3137,-1,624,0,,,"Emalon le Guetteur d'orage (25 joueurs)",,,,,,,,,,,,,,0xFF01FE,,,"Vaincre Emalon le Guetteur d'orage à 25.",,,,,,,,,,,,,,0xFF01FE,14901,0xA,19,0x0,2350,,,"",,,,,,,,,,,,,,0x7EFF01EC,0,0,
3217,-1,-1,0,,,"Marcia, elle pêche",,,,,,,,,,,,,,0xFF01FE,,,"Achever chacune des 5 quêtes journalières de pêche de Marcia Chase listées ci-dessous.",,,,,,,,,,,,,,0xFF01FE,171,0xA,19,0x0,2933,,,"",,,,,,,,,,,,,,0x7DFF01EC,0,0,
3957,0,-1,0,,,"Maître de l'île des Conquérants",,,,,,,,,,,,,,0xFF01FE,,,"Accomplir les hauts faits de l'île des Conquérants listés ci-dessous.",,,,,,,,,,,,,,0xFF01FE,15003,0x19,19,0x0,3387,,,"Récompense : tabard de conquête",,,,,,,,,,,,,,0xFF01FE,0,0,
4031,-1,-1,0,,,"Victoires sur les bêtes du Norfendre (L'épreuve du croisé à 25 joueurs)",,,,,,,,,,,,,,0xFF01FE,,,"Victoires sur les bêtes du Norfendre (L'épreuve du croisé à 25 joueurs)",,,,,,,,,,,,,,0xFF01FE,15021,0x0,19,0x1,1,,,"",,,,,,,,,,,,,,0xFF01EC,0,0,
4578,-1,631,0,,,"Nausées, brûlures d'estomac, indigestions... (10 joueurs)",,,,,,,,,,,,,,0xFF01FE,,,"Vaincre le professeur Putricide sans utiliser Limon régurgité sur l'abomination en mode 10 joueurs.",,,,,,,,,,,,,,0xFF01FE,15041,0xA,19,0x0,4163,,,"",,,,,,,,,,,,,,0xFF01FC,1,0,
4616,-1,631,0,,,"Nausées, brûlures d'estomac, indigestions... (25 joueurs)",,,,,,,,,,,,,,0xFF01FE,,,"Vaincre le professeur Putricide sans utiliser Limon régurgité sur l'abomination en mode 25 joueurs.",,,,,,,,,,,,,,0xFF01FE,15042,0xA,19,0x0,4163,,,"",,,,,,,,,,,,,,0xFF01FC,1,0,
4641,-1,-1,0,,,"Morts du seigneur Gargamoelle (Couronne de glace à 25)",,,,,,,,,,,,,,0xFF01FE,,,"Morts du seigneur Gargamoelle (Couronne de glace à 25)",,,,,,,,,,,,,,0xFF01FE,15062,0x0,19,0x1,1,,,"",,,,,,,,,,,,,,0xFF01FC,0,0,
272,-1,-1,0,,,"Jongleur",,,,,,,,,,,,,,0xFF01FE,,,"Jongler avec 40 torches en 15 secondes à Dalaran.",,,,,,,,,,,,,,0xFF01FE,161,0xA,20,0x0,2944,,,"",,,,,,,,,,,,,,0xFF01EE,0,0,
395,-1,-1,0,,,"Drapeaux du goulet des Chanteguerres capturés",,,,,,,,,,,,,,0xFF01FE,,,"Drapeaux du goulet des Chanteguerres capturés",,,,,,,,,,,,,,0xFF01FE,153,0x0,20,0x1,1243604,,,"",,,,,,,,,,,,,,0xFF01EE,0,0,
409,-1,-1,0,,,"Le dernier debout",,,,,,,,,,,,,,0xFF01FE,,,"Être le seul survivant à la fin d'un match d'arène du championnat en 5c5 au niveau 80.",,,,,,,,,,,,,,0xFF01FE,165,0xA,20,0x0,2176,,,"",,,,,,,,,,,,,,0xFF01EE,0,0,
595,-1,-1,0,,,"Plus haute cote personnelle en 3c3",,,,,,,,,,,,,,0xFF01FE,,,"Plus haute cote personnelle en 3c3",,,,,,,,,,,,,,0xFF01FE,152,0x0,20,0x1,1,,,"",,,,,,,,,,,,,,0xFF01EE,0,0,
604,1,-1,0,,,"Courroux de l'Alliance",,,,,,,,,,,,,,0xFF01FE,,,"Tuer 5 personnages de la Horde dans chacune des villes listées ci-dessous.",,,,,,,,,,,,,,0xFF01FE,95,0xA,20,0x0,2503,,,"",,,,,,,,,,,,,,0xFF01EE,0,0,
646,-1,329,0,,,"Stratholme",,,,,,,,,,,,,,0xFF01FE,,,"Triompher des pièges maléfiques qui hantent Stratholme.",,,,,,,,,,,,,,0xFF01FE,14808,0xA,20,0x0,2718,,,"",,,,,,,,,,,,,,0xFF01EE,0,0,
670,-1,546,0,,,"La Basse-tourbière : mode héroïque",,,,,,,,,,,,,,0xFF01FE,,,"Vaincre la Traqueuse noire en mode héroïque.",,,,,,,,,,,,,,0xFF01FE,14805,0xA,20,0x0,3823,,,"",,,,,,,,,,,,,,0xFF01EE,0,0,
766,-1,-1,0,,,"Exploration des Terres foudroyées",,,,,,,,,,,,,,0xFF01FE,,,"Explorer les Terres foudroyées et révéler les zones voilées de la carte du monde.",,,,,,,,,,,,,,0xFF01FE,14777,0xA,20,0x0,3550,,,"",,,,,,,,,,,,,,0xFF01EE,0,0,
857,-1,-1,0,,,"Exploration du Berceau-de-l'Hiver",,,,,,,,,,,,,,0xFF01FE,,,"Explorer le Berceau-de-l'Hiver et révéler les zones voilées de la carte du monde.",,,,,,,,,,,,,,0xFF01FE,14778,0xA,20,0x0,3587,,,"",,,,,,,,,,,,,,0xFF01EE,0,0,
892,-1,-1,890,,,"L'étoffe des héros",,,,,,,,,,,,,,0xFF01FE,,,"Apprendre la compétence Artisan cavalier.",,,,,,,,,,,,,,0xFF01FE,92,0xA,20,0x0,2055,,,"",,,,,,,,,,,,,,0xFF01EE,0,0,
969,1,-1,0,,,"Bonbons et blagues d'Outreterre",,,,,,,,,,,,,,0xFF01FE,,,"Piocher dans les seaux de bonbons d'Outreterre.",,,,,,,,,,,,,,0xFF01FE,158,0xA,20,0x0,2952,,,"",,,,,,,,,,,,,,0xFF01EE,0,0,
1087,-1,548,0,,,"Morts de dame Vashj (Caverne du sanctuaire du Serpent)",,,,,,,,,,,,,,0xFF01FE,,,"Morts de dame Vashj (Caverne du sanctuaire du Serpent)",,,,,,,,,,,,,,0xFF01FE,14822,0x5,20,0x1,2379,,,"",,,,,,,,,,,,,,0xFF01EE,0,0,
1168,0,-1,0,,,"Maîtrise de la vallée d'Alterac",,,,,,,,,,,,,,0xFF01FE,,,"Accomplir les hauts faits de la vallée d'Alterac listés ci-dessous.",,,,,,,,,,,,,,0xFF01FE,14801,0x19,20,0x0,2839,,,"",,,,,,,,,,,,,,0xFF01EE,0,0,
1173,0,-1,0,,,"Maîtrise du goulet des Chanteguerres",,,,,,,,,,,,,,0xFF01FE,,,"Achever les hauts faits du goulet des Chanteguerres listés ci-dessous.",,,,,,,,,,,,,,0xFF01FE,14804,0x19,20,0x0,2835,,,"",,,,,,,,,,,,,,0xFF01EE,0,0,
1243,-1,-1,0,,,"Les poissons ne laissent pas de traces",,,,,,,,,,,,,,0xFF01FE,,,"Apprendre la découverte de poissons.",,,,,,,,,,,,,,0xFF01FE,171,0xA,20,0x0,3701,,,"",,,,,,,,,,,,,,0x7CFF01EE,0,0,
1412,-1,-1,0,,,"Troll « Prem's » au niveau 80 sur le royaume",,,,,,,,,,,,,,0xFF01FE,,,"Premier troll du royaume à atteindre le niveau 80.",,,,,,,,,,,,,,0xFF01FE,81,0x0,20,0x100,3291,,,"",,,,,,,,,,,,,,0xFF01EE,0,0,
1428,-1,-1,0,,,"Démineur",,,,,,,,,,,,,,0xFF01FE,,,"Être pris dans 10 explosions de mines consécutives au champ de mines de Grilledouille, sans atterrir.",,,,,,,,,,,,,,0xFF01FE,14863,0xA,20,0x0,1755,,,"",,,,,,,,,,,,,,0x7DFF01EC,0,0,
1513,-1,578,0,,,"Morts du gardien-tellurique Eregos (L'Oculus en mode héroïque)",,,,,,,,,,,,,,0xFF01FE,,,"Morts du gardien-tellurique Eregos (L'Oculus en mode héroïque)",,,,,,,,,,,,,,0xFF01FE,14823,0x5,20,0x1,180,,,"",,,,,,,,,,,,,,0x7EFF01EC,0,0,
1760,-1,-1,0,,,"Boss de raid à 25 de Lich King le plus tué",,,,,,,,,,,,,,0xFF01FE,,,"Boss de raid à 25 de Lich King le plus tué",,,,,,,,,,,,,,0xFF01FE,14807,0x0,20,0x11,1,,,"",,,,,,,,,,,,,,0x7DFF01EC,0,1756,
1775,-1,-1,0,,,"Denrées différentes consommées",,,,,,,,,,,,,,0xFF01FE,,,"Denrées différentes consommées",,,,,,,,,,,,,,0xFF01FE,145,0x0,20,0x21,1,,,"",,,,,,,,,,,,,,0x7BFF01EC,0,347,
1795,-1,-1,0,,,"Commis",,,,,,,,,,,,,,0xFF01FE,,,"Apprendre 25 recettes de cuisine.",,,,,,,,,,,,,,0xFF01FE,170,0xA,20,0x0,2353,,,"",,,,,,,,,,,,,,0x7EFF01EC,0,0,
2036,-1,576,0,,,"Froid intense",,,,,,,,,,,,,,0xFF01FE,,,"Vaincre Keristrasza dans le Nexus sans que Froid intense s'empile plus de deux fois en mode héroïque.",,,,,,,,,,,,,,0xFF01FE,14921,0xA,20,0x0,2965,,,"",,,,,,,,,,,,,,0x7DFF01EC,0,0,
2138,-1,-1,0,,,"Gloire à l'écumeur de raids (25 joueurs)",,,,,,,,,,,,,,0xFF01FE,,,"Accomplir les hauts faits dans les raids à 25 listés ci-dessous.",,,,,,,,,,,,,,0xFF01FE,168,0x19,20,0x0,2044,,,"",,,,,,,,,,,,,,0xFF01FE,0,0,
2145,0,-1,0,,,"Voyages au bout du monde",,,,,,,,,,,,,,0xFF01FE,,,"Accomplir les hauts faits des évènements mondiaux listés ci-dessous.",,,,,,,,,,,,,,0xFF01FE,155,0x32,20,0x0,3500,,,"Récompense : proto-drake pourpre",,,,,,,,,,,,,,0xFF01FE,0,0,
2184,-1,533,0,,,"On n'en a jamais assez (10 joueurs)",,,,,,,,,,,,,,0xFF01FE,,,"Vaincre Kel'Thuzad en ayant tué au moins 18 abominations dans sa chambre en mode 10 joueurs.",,,,,,,,,,,,,,0xFF01FE,14922,0xA,20,0x0,2623,,,"",,,,,,,,,,,,,,0x7BFF01EC,0,0,
2185,-1,533,0,,,"On n'en a jamais assez (25 joueurs)",,,,,,,,,,,,,,0xFF01FE,,,"Vaincre Kel'Thuzad en ayant tué au moins 18 abominations dans sa chambre en mode 25 joueurs.",,,,,,,,,,,,,,0xFF01FE,14923,0xA,20,0x0,2623,,,"",,,,,,,,,,,,,,0x7BFF01EC,0,0,
2783,0,-1,0,,,"Champion d'Orgrimmar",,,,,,,,,,,,,,0xFF01FE,,,"Obtenir le droit de représenter Orgrimmar au tournoi d'Argent",,,,,,,,,,,,,,0xFF01FE,14941,0xA,20,0x0,3802,,,"",,,,,,,,,,,,,,0x7BFF01EC,0,0,
2875,-1,603,0,,,"Morts de Kologarn (Ulduar à 25)",,,,,,,,,,,,,,0xFF01FE,,,"Morts de Kologarn (Ulduar à 25)",,,,,,,,,,,,,,0xFF01FE,14963,0xA,20,0x1,1700,,,"",,,,,,,,,,,,,,0x7DFF01EC,0,0,
2931,-1,603,0,,,"À bas la technologie (10 joueurs)",,,,,,,,,,,,,,0xFF01FE,,,"Vaincre le déconstructeur XT-002 sans qu'il regagne des points de vie à l'aide des robots-ferrailleurs XS-013 en mode 10 joueurs.",,,,,,,,,,,,,,0xFF01FE,14961,0xA,20,0x0,3857,,,"",,,,,,,,,,,,,,0x7BFF01EC,0,0,
2932,-1,603,0,,,"À bas la technologie (25 joueurs)",,,,,,,,,,,,,,0xFF01FE,,,"Vaincre le déconstructeur XT-002 sans qu'il regagne des points de vie à l'aide des robots-ferrailleurs XS-013 en mode 25 joueurs.",,,,,,,,,,,,,,0xFF01FE,14962,0xA,20,0x0,3857,,,"",,,,,,,,,,,,,,0x7BFF01EC,0,0,
3216,-1,-1,0,,,"Fontes apprises",,,,,,,,,,,,,,0xFF01FE,,,"Fontes apprises",,,,,,,,,,,,,,0xFF01FE,173,0x0,20,0x1,4,,,"",,,,,,,,,,,,,,0xFEFF01EC,0,0,
3836,-1,624,0,,,"Koralon le gardien des flammes (10 joueurs)",,,,,,,,,,,,,,0xFF01FE,,,"Vaincre Koralon le gardien des flammes à 10.",,,,,,,,,,,,,,0xFF01FE,14901,0xA,20,0x0,2019,,,"",,,,,,,,,,,,,,0xFF1BFF,0,0,
4029,-1,-1,0,,,"Victoires sur les bêtes du Norfendre (L'épreuve du grand croisé à 25 joueurs)",,,,,,,,,,,,,,0xFF01FE,,,"Victoires sur les bêtes du Norfendre (L'épreuve du grand croisé à 25 joueurs)",,,,,,,,,,,,,,0xFF01FE,15021,0x0,20,0x1,1,,,"",,,,,,,,,,,,,,0xFF01EC,0,0,
4582,-1,631,0,,,"L'orbe qui murmurait à l'oreille des nobliaux (10 joueurs)",,,,,,,,,,,,,,0xFF01FE,,,"Vaincre le Conseil de sang sans qu'un seul membre du raid subisse plus de 23 000 points de dégâts des sorts en un seul coup.",,,,,,,,,,,,,,0xFF01FE,15041,0xA,20,0x0,4164,,,"",,,,,,,,,,,,,,0xFF01FC,1,0,
4617,-1,631,0,,,"L'orbe qui murmurait à l'oreille des nobliaux (25 joueurs)",,,,,,,,,,,,,,0xFF01FE,,,"Vaincre le Conseil de sang sans qu'un seul membre du raid subisse plus de 25 000 points de dégâts des sorts en un seul coup.",,,,,,,,,,,,,,0xFF01FE,15042,0xA,20,0x0,4164,,,"",,,,,,,,,,,,,,0xFF01FC,1,0,
4642,-1,-1,0,,,"Morts du seigneur Gargamoelle (Couronne de glace héroïque à 25)",,,,,,,,,,,,,,0xFF01FE,,,"Morts du seigneur Gargamoelle (Couronne de glace héroïque à 25)",,,,,,,,,,,,,,0xFF01FE,15062,0x0,20,0x1,1,,,"",,,,,,,,,,,,,,0xFF01FC,0,0,
41,1,-1,0,,,"Maître des traditions du Norfendre",,,,,,,,,,,,,,0xFF01FE,,,"Accomplir les hauts faits relatifs aux quêtes du Norfendre listés ci-dessous.",,,,,,,,,,,,,,0xFF01FE,14863,0xA,21,0x0,3493,,,"",,,,,,,,,,,,,,0xFF01EE,0,0,
370,-1,-1,0,,,"Plus haute cote personnelle en 2c2",,,,,,,,,,,,,,0xFF01FE,,,"Plus haute cote personnelle en 2c2",,,,,,,,,,,,,,0xFF01FE,152,0x0,21,0x1,4,,,"",,,,,,,,,,,,,,0xFF01EE,0,0,
586,-1,-1,0,,,"Drapeaux du goulet des Chanteguerres ramenés",,,,,,,,,,,,,,0xFF01FE,,,"Drapeaux du goulet des Chanteguerres ramenés",,,,,,,,,,,,,,0xFF01FE,153,0x0,21,0x1,1,,,"",,,,,,,,,,,,,,0xFF01EE,0,0,
610,1,1,0,,,"Mort au chef de guerre !",,,,,,,,,,,,,,0xFF01FE,,,"Tuer Thrall.",,,,,,,,,,,,,,0xFF01FE,95,0xA,21,0x0,3660,,,"",,,,,,,,,,,,,,0xFF01EE,0,0,
671,-1,557,0,,,"Tombes-mana : mode héroïque",,,,,,,,,,,,,,0xFF01FE,,,"Vaincre le prince-nexus Shaffar en mode héroïque.",,,,,,,,,,,,,,0xFF01FE,14805,0xA,21,0x0,3666,,,"",,,,,,,,,,,,,,0xFF01EE,0,0,
688,-1,-1,0,,,"Zul'Gurub",,,,,,,,,,,,,,0xFF01FE,,,"Vaincre Hakkar.",,,,,,,,,,,,,,0xFF01FE,14808,0xA,21,0x0,3651,,,"",,,,,,,,,,,,,,0xFF01EE,1,0,
775,-1,-1,0,,,"Exploration des Steppes ardentes",,,,,,,,,,,,,,0xFF01FE,,,"Explorer les Steppes ardentes et révéler les zones voilées de la carte du monde.",,,,,,,,,,,,,,0xFF01FE,14777,0xA,21,0x0,3552,,,"",,,,,,,,,,,,,,0xFF01EE,0,0,
964,-1,-1,0,,,"On descend ?",,,,,,,,,,,,,,0xFF01FE,,,"Faire une chute de 65 mètres sans mourir.",,,,,,,,,,,,,,0xFF01FE,92,0xA,21,0x0,2901,,,"",,,,,,,,,,,,,,0xFF01EE,0,0,
970,1,-1,0,,,"Bonbons et blagues d'Azeroth",,,,,,,,,,,,,,0xFF01FE,,,"Accomplir les hauts faits Bonbons et blagues de Kalimdor, des Royaumes de l'est et d'Outreterre.",,,,,,,,,,,,,,0xFF01FE,158,0x14,21,0x0,1743,,,"",,,,,,,,,,,,,,0xFF01EE,0,0,
1088,-1,550,0,,,"Morts de Kael'thas Haut-soleil (Donjon de la Tempête)",,,,,,,,,,,,,,0xFF01FE,,,"Morts de Kael'thas Haut-soleil (Donjon de la Tempête)",,,,,,,,,,,,,,0xFF01FE,14822,0x5,21,0x1,2800,,,"",,,,,,,,,,,,,,0xFF01EE,0,0,
1240,-1,575,0,,,"Morts du roi Ymiron (Cime d'Utgarde)",,,,,,,,,,,,,,0xFF01FE,,,"Morts du roi Ymiron (Cime d'Utgarde)",,,,,,,,,,,,,,0xFF01FE,14823,0x5,21,0x1,2885,,,"",,,,,,,,,,,,,,0x7DFF01EE,0,0,
1413,-1,-1,0,,,"Réprouvé « Prem's » au niveau 80 sur le royaume",,,,,,,,,,,,,,0xFF01FE,,,"Premier réprouvé du royaume à atteindre le niveau 80.",,,,,,,,,,,,,,0xFF01FE,81,0x0,21,0x100,3292,,,"",,,,,,,,,,,,,,0xFF01EE,0,0,
1541,-1,-1,0,,,"Plus haut score de compétence en dépeçage",,,,,,,,,,,,,,0xFF01FE,,,"Plus haut score de compétence en dépeçage",,,,,,,,,,,,,,0xFF01FE,173,0x0,21,0x1,1,,,"",,,,,,,,,,,,,,0x7BFF01EC,0,0,
1776,-1,-1,0,,,"Denrée la plus consommée",,,,,,,,,,,,,,0xFF01FE,,,"Denrée la plus consommée",,,,,,,,,,,,,,0xFF01FE,145,0x0,21,0x11,1,,,"",,,,,,,,,,,,,,0x7BFF01EC,0,347,
1796,-1,-1,1795,,,"Cuistot",,,,,,,,,,,,,,0xFF01FE,,,"Apprendre 50 recettes de cuisine.",,,,,,,,,,,,,,0xFF01FE,170,0xA,21,0x0,1788,,,"",,,,,,,,,,,,,,0x7EFF01EC,0,0,
2037,-1,576,0,,,"La théorie du chaos",,,,,,,,,,,,,,0xFF01FE,,,"Vaincre Anomalus dans le Nexus sans détruire de failles chaotiques en mode héroïque.",,,,,,,,,,,,,,0xFF01FE,14921,0xA,21,0x0,3392,,,"",,,,,,,,,,,,,,0x7BFF01EC,0,0,
2090,-1,-1,0,,,"Compétiteur",,,,,,,,,,,,,,0xFF01FE,,,"Obtenir le titre de compétiteur lors d'une saison d'arène au niveau 80.",,,,,,,,,,,,,,0xFF01FE,165,0xA,21,0x0,3596,,,"",,,,,,,,,,,,,,0x7EFF01EC,1,0,
2094,-1,571,0,,,"Une pièce de cuivre contre vos pensées",,,,,,,,,,,,,,0xFF01FE,,,"Pêcher les pièces de cuivre listées ci-dessous dans la fontaine de Dalaran.",,,,,,,,,,,,,,0xFF01FE,171,0xA,21,0x0,3451,,,"",,,,,,,,,,,,,,0xFEFF01EC,0,0,
2186,-1,533,0,,,"Il en restera plus d'un",,,,,,,,,,,,,,0xFF01FE,,,"Entre deux réinitialisations de raids, vaincre chaque boss de Naxxramas sans qu'un seul membre du raid meure au cours des combats contre les boss en mode 25 joueurs.",,,,,,,,,,,,,,0xFF01FE,14923,0xA,21,0x0,2143,,,"Titre : l'immortel",,,,,,,,,,,,,,0xFF01FE,1,0,
2187,-1,533,0,,,"Increvables",,,,,,,,,,,,,,0xFF01FE,,,"Entre deux réinitialisations de raids, vaincre chaque boss de Naxxramas sans qu'un seul membre du raid meure au cours des combats contre les boss en mode 10 joueurs.",,,,,,,,,,,,,,0xFF01FE,14922,0xA,21,0x0,2292,,,"Titre : l'increvable",,,,,,,,,,,,,,0xFF01FE,1,0,
2765,0,-1,2783,,,"Champion exalté d'Orgrimmar",,,,,,,,,,,,,,0xFF01FE,,,"Être exalté auprès d'Orgrimmar et obtenir le droit de représenter la faction au tournoi d'Argent.",,,,,,,,,,,,,,0xFF01FE,14941,0xA,21,0x0,3802,,,"Titre : d'Orgrimmar",,,,,,,,,,,,,,0xFF01FE,0,0,
2882,-1,603,0,,,"Morts d'Auriaya (Ulduar à 25)",,,,,,,,,,,,,,0xFF01FE,,,"Morts d'Auriaya (Ulduar à 25)",,,,,,,,,,,,,,0xFF01FE,14963,0xA,21,0x1,1700,,,"",,,,,,,,,,,,,,0x7DFF01EC,0,0,
2933,-1,603,0,,,"À la casse (10 joueurs)",,,,,,,,,,,,,,0xFF01FE,,,"Vaincre 20 robots-ferrailleurs XS-013 en 12 secondes à l'aide de robots-boums XE-321 en mode 10 joueurs.",,,,,,,,,,,,,,0xFF01FE,14961,0xA,21,0x0,2565,,,"",,,,,,,,,,,,,,0x7BFF01EC,0,0,
2935,-1,603,0,,,"À la casse (25 joueurs)",,,,,,,,,,,,,,0xFF01FE,,,"Vaincre 20 robots-ferrailleurs XS-013 en 12 secondes à l'aide de robots-boums XE-321 en mode 25 joueurs.",,,,,,,,,,,,,,0xFF01FE,14962,0xA,21,0x0,2565,,,"",,,,,,,,,,,,,,0x7BFF01EC,0,0,
2957,-1,-1,0,,,"Gloire à l'écumeur de raids (10 joueurs)",,,,,,,,,,,,,,0xFF01FE,,,"Accomplir les hauts faits dans les raids à 10 listés ci-dessous.",,,,,,,,,,,,,,0xFF01FE,168,0x19,21,0x0,3876,,,"Récompense : proto-drake rouillé",,,,,,,,,,,,,,0xFF01FE,0,0,
3837,-1,624,0,,,"Koralon le gardien des flammes (25 joueurs)",,,,,,,,,,,,,,0xFF01FE,,,"Vaincre Koralon le gardien des flammes à 25.",,,,,,,,,,,,,,0xFF01FE,14901,0xA,21,0x0,2019,,,"",,,,,,,,,,,,,,0xFF1BFF,0,0,
4032,-1,-1,0,,,"Morts du seigneur Jaraxxus (L'épreuve du croisé à 10 joueurs)",,,,,,,,,,,,,,0xFF01FE,,,"Morts du seigneur Jaraxxus (L'épreuve du croisé à 10 joueurs)",,,,,,,,,,,,,,0xFF01FE,15021,0x0,21,0x1,1,,,"",,,,,,,,,,,,,,0xFF01EC,0,0,
4456,-1,-1,0,,,"Donjons aléatoires normaux de Lich King terminés",,,,,,,,,,,,,,0xFF01FE,,,"Donjons aléatoires normaux de Lich King terminés avec l'outil Donjons.",,,,,,,,,,,,,,0xFF01FE,14807,0x0,21,0x9,1,,,"",,,,,,,,,,,,,,0xFF01FC,0,0,
4539,-1,603,0,,,"J'ai les dents longues (10 joueurs)",,,,,,,,,,,,,,0xFF01FE,,,"Vaincre la reine de sang une première fois en tant que vampire, puis sans avoir subi de transformation, en mode 10 joueurs.",,,,,,,,,,,,,,0xFF01FE,15041,0xA,21,0x0,4165,,,"",,,,,,,,,,,,,,0xFF01EC,0,0,
4618,-1,631,0,,,"J'ai les dents longues (25 joueurs)",,,,,,,,,,,,,,0xFF01FE,,,"Vaincre la reine de sang une première fois en tant que vampire, puis sans avoir subi de transformation, en mode 25 joueurs.",,,,,,,,,,,,,,0xFF01FE,15042,0xA,21,0x0,4165,,,"",,,,,,,,,,,,,,0xFF01EC,0,0,
4643,-1,-1,0,,,"Morts de dame Murmemort (Couronne de glace à 10)",,,,,,,,,,,,,,0xFF01FE,,,"Morts de dame Murmemort (Couronne de glace à 10)",,,,,,,,,,,,,,0xFF01FE,15062,0x0,21,0x1,1,,,"",,,,,,,,,,,,,,0xFF01FC,0,0,
545,-1,-1,0,,,"Coupe et brushing",,,,,,,,,,,,,,0xFF01FE,,,"Aller dans un salon de coiffure et changer de coupe.",,,,,,,,,,,,,,0xFF01FE,92,0xA,22,0x0,2766,,,"",,,,,,,,,,,,,,0xFF01EE,0,0,
589,-1,-1,0,,,"Plus haute cote équipe en 5c5",,,,,,,,,,,,,,0xFF01FE,,,"Plus haute cote équipe en 5c5",,,,,,,,,,,,,,0xFF01FE,152,0x0,22,0x1,1,,,"",,,,,,,,,,,,,,0xFF01EE,0,0,
611,1,1,0,,,"Un Sabot-de-sang saignant",,,,,,,,,,,,,,0xFF01FE,,,"Tuer Cairne Sabot-de-sang.",,,,,,,,,,,,,,0xFF01FE,95,0xA,22,0x0,3669,,,"",,,,,,,,,,,,,,0xFF01EE,0,0,
622,-1,616,0,,,"La défaite du Tisse-sort (10 joueurs)",,,,,,,,,,,,,,0xFF01FE,,,"Vaincre Malygos en mode 10 joueurs.",,,,,,,,,,,,,,0xFF01FE,14922,0xA,22,0x0,3256,,,"",,,,,,,,,,,,,,0xFF01EC,0,0,
623,-1,616,0,,,"La défaite du Tisse-sort (25 joueurs)",,,,,,,,,,,,,,0xFF01FE,,,"Vaincre Malygos en mode 25 joueurs.",,,,,,,,,,,,,,0xFF01FE,14923,0x19,22,0x0,3257,,,"",,,,,,,,,,,,,,0xFF01EC,0,0,
672,-1,558,0,,,"Cryptes Auchenaï : mode héroïque",,,,,,,,,,,,,,0xFF01FE,,,"Vaincre l'exarque Maladaar en mode héroïque.",,,,,,,,,,,,,,0xFF01FE,14805,0xA,22,0x0,3590,,,"",,,,,,,,,,,,,,0xFF01EE,0,0,
689,-1,-1,0,,,"Ruines d'Ahn'Qiraj",,,,,,,,,,,,,,0xFF01FE,,,"Vaincre Ossirian l'Intouché.",,,,,,,,,,,,,,0xFF01FE,14808,0xA,22,0x0,3681,,,"",,,,,,,,,,,,,,0xFF01EE,1,0,
777,-1,-1,0,,,"Exploration du défilé de Deuillevent",,,,,,,,,,,,,,0xFF01FE,,,"Explorer le défilé de Deuillevent et révéler les zones voilées de la carte du monde.",,,,,,,,,,,,,,0xFF01FE,14777,0xA,22,0x0,3529,,,"",,,,,,,,,,,,,,0xFF01EE,0,0,
812,-1,-1,0,,,"Pierres de soins utilisées",,,,,,,,,,,,,,0xFF01FE,,,"Pierres de soins utilisées",,,,,,,,,,,,,,0xFF01FE,145,0x0,22,0x9,1,,,"",,,,,,,,,,,,,,0xFF01EE,0,0,
1089,-1,564,0,,,"Morts d'Illidan Hurlorage (Le Temple noir)",,,,,,,,,,,,,,0xFF01FE,,,"Morts d'Illidan Hurlorage (Le Temple noir)",,,,,,,,,,,,,,0xFF01FE,14822,0x5,22,0x1,2596,,,"",,,,,,,,,,,,,,0xFF01EE,0,0,
1296,-1,601,0,,,"Regardez-le mourir",,,,,,,,,,,,,,0xFF01FE,,,"Vaincre Krik'thir le Gardien de porte à Azjol-Nérub alors que le gardien Gashra, le gardien Narjil et le gardien Silthik sont toujours vivants en mode héroïque.",,,,,,,,,,,,,,0xFF01FE,14921,0xA,22,0x0,3250,,,"",,,,,,,,,,,,,,0x7DFF01EC,0,0,
1360,0,-1,0,,,"Maître des traditions du Norfendre",,,,,,,,,,,,,,0xFF01FE,,,"Accomplir les hauts faits relatifs aux quêtes du Norfendre listés ci-dessous.",,,,,,,,,,,,,,0xFF01FE,14863,0xA,22,0x0,3493,,,"",,,,,,,,,,,,,,0x7DFF01EC,0,0,
1415,-1,-1,0,,,"Grand maître alchimiste « Prem's » du royaume",,,,,,,,,,,,,,0xFF01FE,,,"Première personne du royaume à atteindre 450 en alchimie.",,,,,,,,,,,,,,0xFF01FE,81,0x0,22,0x100,339,,,"",,,,,,,,,,,,,,0xFF01EE,0,0,
1514,-1,575,0,,,"Morts du roi Ymiron (Cime d'Utgarde en mode héroïque)",,,,,,,,,,,,,,0xFF01FE,,,"Morts du roi Ymiron (Cime d'Utgarde en mode héroïque)",,,,,,,,,,,,,,0xFF01FE,14823,0x5,22,0x1,2885,,,"",,,,,,,,,,,,,,0x7EFF01EC,0,0,
1542,-1,-1,0,,,"Plus haut score de compétence en couture",,,,,,,,,,,,,,0xFF01FE,,,"Plus haut score de compétence en couture",,,,,,,,,,,,,,0xFF01FE,173,0x0,22,0x1,1,,,"",,,,,,,,,,,,,,0x7BFF01EC,0,0,
1797,-1,-1,1796,,,"Chef de partie",,,,,,,,,,,,,,0xFF01FE,,,"Apprendre 75 recettes de cuisine.",,,,,,,,,,,,,,0xFF01FE,170,0xA,22,0x0,2485,,,"",,,,,,,,,,,,,,0x7EFF01EC,0,0,
2093,-1,-1,0,,,"Rival",,,,,,,,,,,,,,0xFF01FE,,,"Obtenir le titre de rival lors d'une saison d'arène au niveau 80.",,,,,,,,,,,,,,0xFF01FE,165,0xA,22,0x0,3597,,,"",,,,,,,,,,,,,,0x7EFF01EC,1,0,
2095,-1,571,0,,,"L'argent coule à flots",,,,,,,,,,,,,,0xFF01FE,,,"Pêcher les pièces d'argent listées ci-dessous dans la fontaine de Dalaran.",,,,,,,,,,,,,,0xFF01FE,171,0xA,22,0x0,3450,,,"",,,,,,,,,,,,,,0xFEFF01EC,0,0,
2784,0,-1,0,,,"Champion de Sen'jin",,,,,,,,,,,,,,0xFF01FE,,,"Obtenir le droit de représenter Sen'jin au tournoi d'Argent",,,,,,,,,,,,,,0xFF01FE,14941,0xA,22,0x0,3804,,,"",,,,,,,,,,,,,,0x7BFF01EC,0,0,
2934,-1,603,0,,,"Gravité sans gravité (10 joueurs)",,,,,,,,,,,,,,0xFF01FE,,,"Vaincre le déconstructeur XT-002 sans qu'un seul membre du raid meure à cause d'une bombe à gravité en mode 10 joueurs.",,,,,,,,,,,,,,0xFF01FE,14961,0xA,22,0x0,1755,,,"",,,,,,,,,,,,,,0x7BFF01EC,0,0,
2936,-1,603,0,,,"Gravité sans gravité (25 joueurs)",,,,,,,,,,,,,,0xFF01FE,,,"Vaincre le déconstructeur XT-002 sans qu'un seul membre du raid meure à cause d'une bombe à gravité en mode 25 joueurs.",,,,,,,,,,,,,,0xFF01FE,14962,0xA,22,0x0,1755,,,"",,,,,,,,,,,,,,0x7BFF01EC,0,0,
2958,-1,-1,0,,,"Gloire à l'écumeur de raids (25 joueurs)",,,,,,,,,,,,,,0xFF01FE,,,"Accomplir les hauts faits dans les raids à 25 listés ci-dessous.",,,,,,,,,,,,,,0xFF01FE,168,0x19,22,0x0,3877,,,"Récompense : proto-drake bardé de fer",,,,,,,,,,,,,,0xFF01FE,0,0,
3256,-1,603,0,,,"Victoires contre Hodir (Ulduar à 25)",,,,,,,,,,,,,,0xFF01FE,,,"Victoires contre Hodir (Ulduar à 25)",,,,,,,,,,,,,,0xFF01FE,14963,0xA,22,0x1,1700,,,"",,,,,,,,,,,,,,0x8FFA3FC,0,0,
4033,-1,-1,0,,,"Morts du seigneur Jaraxxus (L'épreuve du grand croisé à 10 joueurs)",,,,,,,,,,,,,,0xFF01FE,,,"Morts du seigneur Jaraxxus (L'épreuve du grand croisé à 10 joueurs)",,,,,,,,,,,,,,0xFF01FE,15021,0x0,22,0x1,1,,,"",,,,,,,,,,,,,,0xFF01EC,0,0,
4556,-1,-1,0,,,"Donjons aléatoires héroïques de Lich King terminés",,,,,,,,,,,,,,0xFF01FE,,,"Donjons aléatoires héroïques de Lich King terminés avec l'outil Donjons.",,,,,,,,,,,,,,0xFF01FE,14807,0x0,22,0x9,1,,,"",,,,,,,,,,,,,,0xFF01FC,0,0,
4579,-1,631,0,,,"Portail à portail (10 joueurs)",,,,,,,,,,,,,,0xFF01FE,,,"Entrer dans chaque portail ouvert par Valithria Marcherêve avant de la soigner complètement en mode 10 joueurs.",,,,,,,,,,,,,,0xFF01FE,15041,0xA,22,0x0,3690,,,"",,,,,,,,,,,,,,0xFF01FC,1,0,
4585,-1,624,0,,,"Toravon la Sentinelle de glace (10 joueurs)",,,,,,,,,,,,,,0xFF01FE,,,"Vaincre Toravon la Sentinelle de glace en mode 10 joueurs.",,,,,,,,,,,,,,0xFF01FE,14901,0xA,22,0x0,681,,,"",,,,,,,,,,,,,,0xFF01FC,0,0,
4619,-1,631,0,,,"Portail à portail (25 joueurs)",,,,,,,,,,,,,,0xFF01FE,,,"Entrer dans chaque portail ouvert par Valithria Marcherêve avant de la soigner complètement en mode 25 joueurs.",,,,,,,,,,,,,,0xFF01FE,15042,0xA,22,0x0,3690,,,"",,,,,,,,,,,,,,0xFF01FC,1,0,
4654,-1,-1,0,,,"Morts de dame Murmemort (Couronne de glace héroïque à 10)",,,,,,,,,,,,,,0xFF01FE,,,"Morts de dame Murmemort (Couronne de glace héroïque à 10)",,,,,,,,,,,,,,0xFF01FE,15062,0x0,22,0x1,1,,,"",,,,,,,,,,,,,,0xFF01FC,0,0,
590,-1,-1,0,,,"Plus haute cote équipe en 3c3",,,,,,,,,,,,,,0xFF01FE,,,"Plus haute cote équipe en 3c3",,,,,,,,,,,,,,0xFF01FE,152,0x0,23,0x1,1,,,"",,,,,,,,,,,,,,0xFF01EE,0,0,
612,1,-1,0,,,"À bas la Dame noire",,,,,,,,,,,,,,0xFF01FE,,,"Tuer Dame Sylvanas Coursevent.",,,,,,,,,,,,,,0xFF01FE,95,0xA,23,0x0,3661,,,"",,,,,,,,,,,,,,0xFF01EE,0,0,
673,-1,560,0,,,"L'évasion de Fort-de-Durn : mode héroïque",,,,,,,,,,,,,,0xFF01FE,,,"Vaincre le Chasseur d'époques en mode héroïque.",,,,,,,,,,,,,,0xFF01FE,14805,0xA,23,0x0,3824,,,"",,,,,,,,,,,,,,0xFF01EE,0,0,
686,-1,-1,0,,,"Cœur du Magma",,,,,,,,,,,,,,0xFF01FE,,,"Vaincre Ragnaros.",,,,,,,,,,,,,,0xFF01FE,14808,0xA,23,0x0,3819,,,"",,,,,,,,,,,,,,0xFF01EE,1,0,
770,-1,-1,0,,,"Exploration des Maleterres de l'ouest",,,,,,,,,,,,,,0xFF01FE,,,"Explorer les Maleterres de l'ouest et révéler les zones voilées de la carte du monde.",,,,,,,,,,,,,,0xFF01FE,14777,0xA,23,0x0,3571,,,"",,,,,,,,,,,,,,0xFF01EE,0,0,
1017,-1,-1,0,,,"Je peux le garder ?",,,,,,,,,,,,,,0xFF01FE,,,"Obtenir une mascotte.",,,,,,,,,,,,,,0xFF01FE,92,0xA,23,0x0,1522,,,"",,,,,,,,,,,,,,0xFF01EE,0,0,
1090,-1,580,0,,,"Morts de Kil'jaeden (Plateau du Puits de soleil)",,,,,,,,,,,,,,0xFF01FE,,,"Morts de Kil'jaeden (Plateau du Puits de soleil)",,,,,,,,,,,,,,0xFF01FE,14822,0x5,23,0x1,2807,,,"",,,,,,,,,,,,,,0xFF01EE,0,0,
1241,-1,595,0,,,"Morts de Mal'Ganis (Grottes du temps : Stratholme)",,,,,,,,,,,,,,0xFF01FE,,,"Morts de Mal'Ganis (Grottes du temps : Stratholme)",,,,,,,,,,,,,,0xFF01FE,14823,0x5,23,0x1,2413,,,"",,,,,,,,,,,,,,0x7DFF01EE,0,0,
1297,-1,601,0,,,"Hadronox contesté",,,,,,,,,,,,,,0xFF01FE,,,"Vaincre Hadronox à Azjol-Nérub avant qu'il n'entoile les portes supérieures et qu'il n'empêche d'autres créatures d'apparaître en mode héroïque.",,,,,,,,,,,,,,0xFF01FE,14921,0xA,23,0x0,3251,,,"",,,,,,,,,,,,,,0x7DFF01EC,0,0,
1414,-1,-1,0,,,"Grand maître forgeron « Prem's » du royaume",,,,,,,,,,,,,,0xFF01FE,,,"Première personne du royaume à atteindre 450 en forge.",,,,,,,,,,,,,,0xFF01FE,81,0x0,23,0x100,335,,,"",,,,,,,,,,,,,,0xFF01EE,0,0,
1741,-1,-1,0,,,"Patrons de couture appris",,,,,,,,,,,,,,0xFF01FE,,,"Patrons de couture appris",,,,,,,,,,,,,,0xFF01FE,173,0x0,23,0x1,4,,,"",,,,,,,,,,,,,,0x7DFF01EC,0,0,
1798,-1,-1,1797,,,"Sous chef",,,,,,,,,,,,,,0xFF01FE,,,"Apprendre 100 recettes de cuisine.",,,,,,,,,,,,,,0xFF01FE,170,0xA,23,0x0,3218,,,"",,,,,,,,,,,,,,0x7EFF01EC,0,0,
1874,-1,616,0,,,"L'éternité derrière vous (10 joueurs)",,,,,,,,,,,,,,0xFF01FE,,,"Vaincre Malygos en 6 minutes maximum en mode 10 joueurs.",,,,,,,,,,,,,,0xFF01FE,14922,0xA,23,0x0,3256,,,"",,,,,,,,,,,,,,0x7EFF01EC,0,0,
1875,-1,616,0,,,"L'éternité derrière vous (25 joueurs)",,,,,,,,,,,,,,0xFF01FE,,,"Vaincre Malygos en 6 minutes maximum en mode 25 joueurs.",,,,,,,,,,,,,,0xFF01FE,14923,0xA,23,0x0,3256,,,"",,,,,,,,,,,,,,0x7EFF01EC,0,0,
1957,-1,571,0,,,"Une fontaine en or",,,,,,,,,,,,,,0xFF01FE,,,"Pêcher les pièces d'or listées ci-dessous dans la fontaine de Dalaran.",,,,,,,,,,,,,,0xFF01FE,171,0xA,23,0x0,3328,,,"",,,,,,,,,,,,,,0x7CFF01EC,0,0,
2092,-1,-1,0,,,"Duelliste",,,,,,,,,,,,,,0xFF01FE,,,"Obtenir le titre de duelliste lors d'une saison d'arène au niveau 80.",,,,,,,,,,,,,,0xFF01FE,165,0xA,23,0x0,3598,,,"",,,,,,,,,,,,,,0x7EFF01EC,1,0,
2766,0,-1,2784,,,"Champion exalté de Sen'jin",,,,,,,,,,,,,,0xFF01FE,,,"Être exalté auprès de Sen'jin et obtenir le droit de représenter la faction au tournoi d'Argent.",,,,,,,,,,,,,,0xFF01FE,14941,0xA,23,0x0,3804,,,"Titre : de Sen'jin",,,,,,,,,,,,,,0xFF01FE,0,0,
2937,-1,603,0,,,"Casser est plus rapide que construire (10 joueurs)",,,,,,,,,,,,,,0xFF01FE,,,"Vaincre le déconstructeur XT-002 en 205 secondes en mode 10 joueurs.",,,,,,,,,,,,,,0xFF01FE,14961,0xA,23,0x0,3811,,,"",,,,,,,,,,,,,,0x7BFF01EC,0,0,
2938,-1,603,0,,,"Casser est plus rapide que construire (25 joueurs)",,,,,,,,,,,,,,0xFF01FE,,,"Vaincre le déconstructeur XT-002 en 205 secondes en mode 25 joueurs.",,,,,,,,,,,,,,0xFF01FE,14962,0xA,23,0x0,3811,,,"",,,,,,,,,,,,,,0x7BFF01EC,0,0,
3257,-1,603,0,,,"Victoires contre Thorim (Ulduar à 25)",,,,,,,,,,,,,,0xFF01FE,,,"Victoires contre Thorim (Ulduar à 25)",,,,,,,,,,,,,,0xFF01FE,14963,0xA,23,0x1,1700,,,"",,,,,,,,,,,,,,0x8FFA3FC,0,0,
4034,-1,-1,0,,,"Morts du seigneur Jaraxxus (L'épreuve du croisé à 25 joueurs)",,,,,,,,,,,,,,0xFF01FE,,,"Morts du seigneur Jaraxxus (L'épreuve du croisé à 25 joueurs)",,,,,,,,,,,,,,0xFF01FE,15021,0x0,23,0x1,1,,,"",,,,,,,,,,,,,,0xFF01EC,0,0,
4580,-1,631,0,,,"Tout ce que vous pouvez rafler (10 joueurs)",,,,,,,,,,,,,,0xFF01FE,,,"Vaincre Sindragosa sans qu'un seul membre du raid ait cumulé plus de 5 charges de Rafale mystique en mode 10 joueurs.",,,,,,,,,,,,,,0xFF01FE,15041,0xA,23,0x0,4166,,,"",,,,,,,,,,,,,,0xFF01FC,1,0,
4586,-1,624,0,,,"Toravon la Sentinelle de glace (25 joueurs)",,,,,,,,,,,,,,0xFF01FE,,,"Vaincre Toravon la Sentinelle de glace en mode 25 joueurs.",,,,,,,,,,,,,,0xFF01FE,14901,0xA,23,0x0,681,,,"",,,,,,,,,,,,,,0xFF01FC,0,0,
4602,-1,-1,0,,,"Gloire à l'écumeur de raids de la Couronne de glace (10 joueurs)",,,,,,,,,,,,,,0xFF01FE,,,"Accomplir les hauts faits dans les raids à 10 listés ci-dessous.",,,,,,,,,,,,,,0xFF01FE,168,0x19,23,0x0,3203,,,"Récompense : vainqueur couvegivre baigné de sang",,,,,,,,,,,,,,0xFF01FE,0,0,
4620,-1,631,0,,,"Tout ce que vous pouvez rafler (25 joueurs)",,,,,,,,,,,,,,0xFF01FE,,,"Vaincre Sindragosa sans qu'un seul membre du raid ait cumulé plus de 5 charges de Rafale mystique en mode 25 joueurs.",,,,,,,,,,,,,,0xFF01FE,15042,0xA,23,0x0,4166,,,"",,,,,,,,,,,,,,0xFF01FC,1,0,
4655,-1,-1,0,,,"Morts de dame Murmemort (Couronne de glace à 25)",,,,,,,,,,,,,,0xFF01FE,,,"Morts de dame Murmemort (Couronne de glace à 25)",,,,,,,,,,,,,,0xFF01FE,15062,0x0,23,0x1,1,,,"",,,,,,,,,,,,,,0xFF01FC,0,0,
15,-1,-1,1017,,,"De nombreux familiers",,,,,,,,,,,,,,0xFF01FE,,,"Collecter 15 mascottes différentes.",,,,,,,,,,,,,,0xFF01FE,92,0xA,24,0x0,1522,,,"",,,,,,,,,,,,,,0xFF01EE,0,0,
374,-1,-1,0,,,"Plus haute cote équipe en 2c2",,,,,,,,,,,,,,0xFF01FE,,,"Plus haute cote équipe en 2c2",,,,,,,,,,,,,,0xFF01FE,152,0x0,24,0x1,4,,,"",,,,,,,,,,,,,,0xFF01EE,0,0,
613,1,530,0,,,"Tué à Quel'Thalas",,,,,,,,,,,,,,0xFF01FE,,,"Tuer Lor'themar Theron.",,,,,,,,,,,,,,0xFF01FE,95,0xA,24,0x0,3670,,,"",,,,,,,,,,,,,,0xFF01EE,0,0,
674,-1,556,0,,,"Les salles des Sethekk : mode héroïque",,,,,,,,,,,,,,0xFF01FE,,,"Vaincre le roi-serre Ikiss en mode héroïque.",,,,,,,,,,,,,,0xFF01FE,14805,0xA,24,0x0,3631,,,"",,,,,,,,,,,,,,0xFF01EE,0,0,
685,-1,-1,0,,,"Repaire de l'Aile noire",,,,,,,,,,,,,,0xFF01FE,,,"Vaincre Nefarian.",,,,,,,,,,,,,,0xFF01FE,14808,0xA,24,0x0,3817,,,"",,,,,,,,,,,,,,0xFF01EE,1,0,
771,-1,-1,0,,,"Exploration des Maleterres de l'est",,,,,,,,,,,,,,0xFF01FE,,,"Explorer les Maleterres de l'est et révéler les zones voilées de la carte du monde.",,,,,,,,,,,,,,0xFF01FE,14777,0xA,24,0x0,3535,,,"",,,,,,,,,,,,,,0xFF01EE,0,0,
1416,-1,-1,0,,,"Grand maître cuisinier « Prem's » du royaume",,,,,,,,,,,,,,0xFF01FE,,,"Première personne du royaume à atteindre 450 en cuisine.",,,,,,,,,,,,,,0xFF01FE,81,0x0,24,0x100,1467,,,"",,,,,,,,,,,,,,0xFF01EE,0,0,
1515,-1,595,0,,,"Morts de Mal'Ganis (Grottes du temps : Stratholme en mode héroïque)",,,,,,,,,,,,,,0xFF01FE,,,"Morts de Mal'Ganis (Grottes du temps : Stratholme en mode héroïque)",,,,,,,,,,,,,,0xFF01FE,14823,0x5,24,0x1,2413,,,"",,,,,,,,,,,,,,0x7EFF01EC,0,0,
1752,1,-1,0,,,"Maîtrise de Joug-d'hiver",,,,,,,,,,,,,,0xFF01FE,,,"Accomplir les hauts faits de Joug-d'hiver listés ci-dessous.",,,,,,,,,,,,,,0xFF01FE,14901,0xA,24,0x0,187,,,"",,,,,,,,,,,,,,0x7EFF01EC,0,0,
1799,-1,-1,1798,,,"Chef de cuisine",,,,,,,,,,,,,,0xFF01FE,,,"Apprendre 160 recettes de cuisine.",,,,,,,,,,,,,,0xFF01FE,170,0xA,24,0x0,3219,,,"",,,,,,,,,,,,,,0x7EFF01EC,0,0,
1860,-1,601,0,,,"Quand faut y aller !",,,,,,,,,,,,,,0xFF01FE,,,"Vaincre Anub'arak à Azjol-Nérub en 4 minutes maximum en mode héroïque.",,,,,,,,,,,,,,0xFF01FE,14921,0xA,24,0x0,3295,,,"",,,,,,,,,,,,,,0x7BFF01EC,0,0,
1869,-1,616,0,,,"Un petit rien (10 joueurs)",,,,,,,,,,,,,,0xFF01FE,,,"Vaincre Malygos à 8 maximum en mode 10 joueurs.",,,,,,,,,,,,,,0xFF01FE,14922,0xA,24,0x0,3304,,,"",,,,,,,,,,,,,,0x7AFF01EC,0,0,
1870,-1,616,0,,,"Un petit rien (25 joueurs)",,,,,,,,,,,,,,0xFF01FE,,,"Vaincre Malygos à 20 maximum en mode 25 joueurs.",,,,,,,,,,,,,,0xFF01FE,14923,0xA,24,0x0,3305,,,"",,,,,,,,,,,,,,0x7AFF01EC,0,0,
1958,-1,-1,0,,,"Z'ai cru voir un gros rat",,,,,,,,,,,,,,0xFF01FE,,,"Pêcher le rat d'égout géant dans les Entrailles de Dalaran.",,,,,,,,,,,,,,0xFF01FE,171,0xA,24,0x0,1781,,,"",,,,,,,,,,,,,,0x7CFF01EC,1,0,
2091,-1,-1,0,,,"Gladiateur",,,,,,,,,,,,,,0xFF01FE,,,"Obtenir le titre de gladiateur lors d'une saison d'arène au niveau 80.",,,,,,,,,,,,,,0xFF01FE,165,0xA,24,0x0,3599,,,"",,,,,,,,,,,,,,0x7EFF01EC,1,0,
2785,0,-1,0,,,"Champion de Lune-d'argent",,,,,,,,,,,,,,0xFF01FE,,,"Obtenir le droit de représenter Lune-d'argent au tournoi d'Argent",,,,,,,,,,,,,,0xFF01FE,14941,0xA,24,0x0,3795,,,"",,,,,,,,,,,,,,0x7BFF01EC,0,0,
3058,-1,603,0,,,"Bourreau des cœurs (10 joueurs)",,,,,,,,,,,,,,0xFF01FE,,,"Vaincre le déconstructeur XT-002 après avoir détruit son cœur en mode 10 joueurs.",,,,,,,,,,,,,,0xFF01FE,14961,0xA,24,0x0,3875,,,"",,,,,,,,,,,,,,0x7EFF01EC,0,0,
3059,-1,603,0,,,"Bourreau des cœurs (25 joueurs)",,,,,,,,,,,,,,0xFF01FE,,,"Vaincre le déconstructeur XT-002 après avoir détruit son cœur en mode 25 joueurs.",,,,,,,,,,,,,,0xFF01FE,14962,0xA,24,0x0,3875,,,"",,,,,,,,,,,,,,0x7EFF01EC,0,0,
3258,-1,603,0,,,"Victoires contre Freya (Ulduar à 25)",,,,,,,,,,,,,,0xFF01FE,,,"Victoires contre Freya (Ulduar à 25)",,,,,,,,,,,,,,0xFF01FE,14963,0xA,24,0x1,1700,,,"",,,,,,,,,,,,,,0x8FFA3FC,0,0,
4035,-1,-1,0,,,"Morts du seigneur Jaraxxus (L'épreuve du grand croisé à 25 joueurs)",,,,,,,,,,,,,,0xFF01FE,,,"Morts du seigneur Jaraxxus (L'épreuve du grand croisé à 25 joueurs)",,,,,,,,,,,,,,0xFF01FE,15021,0x0,24,0x1,1,,,"",,,,,,,,,,,,,,0xFF01EC,0,0,
4601,-1,631,0,,,"J'ai attendu ce moment pendant longtemps (10 joueurs)",,,,,,,,,,,,,,0xFF01FE,,,"Laisser la Peste nécrotique s'empiler 30 fois avant de vaincre le roi-liche à 10 joueurs.",,,,,,,,,,,,,,0xFF01FE,15041,0xA,24,0x0,3141,,,"",,,,,,,,,,,,,,0xFF01FC,1,0,
4603,-1,-1,0,,,"Gloire à l'écumeur de raids de la Couronne de glace (25 joueurs)",,,,,,,,,,,,,,0xFF01FE,,,"Accomplir les hauts faits dans les raids à 25 listés ci-dessous.",,,,,,,,,,,,,,0xFF01FE,168,0x19,24,0x0,4156,,,"Récompense : vainqueur couvegivre lié aux glaces",,,,,,,,,,,,,,0xFF01FE,0,0,
4621,-1,631,0,,,"J'ai attendu ce moment pendant longtemps (25 joueurs)",,,,,,,,,,,,,,0xFF01FE,,,"Laisser la Peste nécrotique s'empiler 30 fois avant de vaincre le roi-liche à 25 joueurs.",,,,,,,,,,,,,,0xFF01FE,15042,0xA,24,0x0,3141,,,"",,,,,,,,,,,,,,0xFF01FC,1,0,
4656,-1,-1,0,,,"Morts de dame Murmemort (Couronne de glace héroïque à 25)",,,,,,,,,,,,,,0xFF01FE,,,"Morts de dame Murmemort (Couronne de glace héroïque à 25)",,,,,,,,,,,,,,0xFF01FE,15062,0x0,24,0x1,1,,,"",,,,,,,,,,,,,,0xFF01FC,0,0,
614,1,-1,0,,,"Pour l'Alliance !",,,,,,,,,,,,,,0xFF01FE,,,"Tuer les chefs de la Horde.",,,,,,,,,,,,,,0xFF01FE,95,0x14,25,0x0,1704,,,"Récompense : ours de guerre noir",,,,,,,,,,,,,,0xFF01FE,0,0,
675,-1,-1,0,,,"Labyrinthe des ombres : mode héroïque",,,,,,,,,,,,,,0xFF01FE,,,"Vaincre Marmon en mode héroïque.",,,,,,,,,,,,,,0xFF01FE,14805,0xA,25,0x0,3825,,,"",,,,,,,,,,,,,,0xFF01EE,1,0,
687,-1,-1,0,,,"Temple d'Ahn'Qiraj",,,,,,,,,,,,,,0xFF01FE,,,"Vaincre C'Thun.",,,,,,,,,,,,,,0xFF01FE,14808,0xA,25,0x0,3677,,,"",,,,,,,,,,,,,,0xFF01EE,1,0,
868,-1,-1,0,,,"Exploration de l'île de Quel'Danas",,,,,,,,,,,,,,0xFF01FE,,,"Explorer l'île de Quel'Danas et révéler les zones voilées de la carte du monde.",,,,,,,,,,,,,,0xFF01FE,14777,0xA,25,0x0,3557,,,"",,,,,,,,,,,,,,0xFF01EE,1,0,
1174,-1,-1,0,,,"Maîtrise de l'arène",,,,,,,,,,,,,,0xFF01FE,,,"Accomplir les hauts faits d'arène listés ci-dessous.",,,,,,,,,,,,,,0xFF01FE,165,0x32,25,0x0,3600,,,"Titre : maître de l'arène",,,,,,,,,,,,,,0xFF01FE,0,0,
1248,-1,-1,15,,,"Pléthore de familiers",,,,,,,,,,,,,,0xFF01FE,,,"Collecter 25 mascottes différentes.",,,,,,,,,,,,,,0xFF01FE,92,0xA,25,0x0,1522,,,"",,,,,,,,,,,,,,0x7DFF01EE,0,0,
1361,-1,533,0,,,"Morts d'Anub'Rekhan (Naxxramas à 10)",,,,,,,,,,,,,,0xFF01FE,,,"Morts d'Anub'Rekhan (Naxxramas à 10)",,,,,,,,,,,,,,0xFF01FE,14823,0xA,25,0x1,1899,,,"",,,,,,,,,,,,,,0x7BFF01EC,0,0,
1417,-1,-1,0,,,"Grand maître enchanteur « Prem's » du royaume",,,,,,,,,,,,,,0xFF01FE,,,"Première personne du royaume à atteindre 450 en enchantement.",,,,,,,,,,,,,,0xFF01FE,81,0x0,25,0x100,578,,,"",,,,,,,,,,,,,,0xFF01EE,0,0,
1862,-1,619,0,,,"La chute rapide de Volazj",,,,,,,,,,,,,,0xFF01FE,,,"Vaincre le héraut Volazj à Ahn'kahet en 2 minutes maximum en mode héroïque.",,,,,,,,,,,,,,0xFF01FE,14921,0xA,25,0x0,3296,,,"",,,,,,,,,,,,,,0x7BFF01EC,0,0,
2148,-1,616,0,,,"La répression des scions (10 joueurs)",,,,,,,,,,,,,,0xFF01FE,,,"Infliger un coup fatal à un scion de l'Éternité tout en chevauchant un disque en suspension en mode 10 joueurs.",,,,,,,,,,,,,,0xFF01FE,14922,0xA,25,0x0,3501,,,"",,,,,,,,,,,,,,0x7EFF01EC,0,0,
2149,-1,616,0,,,"La répression des scions (25 joueurs)",,,,,,,,,,,,,,0xFF01FE,,,"Infliger un coup fatal à un scion de l'Éternité tout en chevauchant un disque en suspension en mode 25 joueurs.",,,,,,,,,,,,,,0xFF01FE,14923,0xA,25,0x0,3501,,,"",,,,,,,,,,,,,,0x7EFF01EC,0,0,
2767,0,-1,2785,,,"Champion exalté de Lune-d'argent",,,,,,,,,,,,,,0xFF01FE,,,"Être exalté auprès de Lune-d'argent et obtenir le droit de représenter la faction au tournoi d'Argent.",,,,,,,,,,,,,,0xFF01FE,14941,0xA,25,0x0,3795,,,"Titre : de Lune-d'argent",,,,,,,,,,,,,,0xFF01FE,0,0,
2776,0,-1,0,,,"Maîtrise de Joug-d'hiver",,,,,,,,,,,,,,0xFF01FE,,,"Accomplir les hauts faits de Joug-d'hiver listés ci-dessous.",,,,,,,,,,,,,,0xFF01FE,14901,0xA,25,0x0,187,,,"",,,,,,,,,,,,,,0xFCFF01EC,0,0,
2879,-1,603,0,,,"Victoires contre Mimiron (Ulduar à 25)",,,,,,,,,,,,,,0xFF01FE,,,"Victoires contre Mimiron (Ulduar à 25)",,,,,,,,,,,,,,0xFF01FE,14963,0xA,25,0x1,1700,,,"",,,,,,,,,,,,,,0x7DFF01EC,0,0,
2939,-1,603,0,,,"Vous avez été choisi, maître Molgeim (10 joueurs)",,,,,,,,,,,,,,0xFF01FE,,,"Vaincre l'assemblée du Fer alors que le maître des runes Molgeim en est le dernier membre vivant en mode 10 joueurs.",,,,,,,,,,,,,,0xFF01FE,14961,0xA,25,0x0,3858,,,"",,,,,,,,,,,,,,0x7BFF01EC,0,0,
2942,-1,603,0,,,"Vous avez été choisi, maître Molgeim (25 joueurs)",,,,,,,,,,,,,,0xFF01FE,,,"Vaincre l'assemblée du Fer alors que le maître des runes Molgeim en est le dernier membre vivant en mode 25 joueurs.",,,,,,,,,,,,,,0xFF01FE,14962,0xA,25,0x0,3858,,,"",,,,,,,,,,,,,,0x7BFF01EC,0,0,
3218,-1,-1,0,,,"À la pêche à la tortue",,,,,,,,,,,,,,0xFF01FE,,,"Pêcher une monture tortue de mer dans n'importe quel banc de poissons du Norfendre.",,,,,,,,,,,,,,0xFF01FE,171,0xA,25,0x0,3890,,,"",,,,,,,,,,,,,,0x7DFF01EC,1,0,
3296,-1,-1,0,,,"Cuisiner avec classe",,,,,,,,,,,,,,0xFF01FE,,,"Obtenir une toque de chef.",,,,,,,,,,,,,,0xFF01FE,170,0xA,25,0x0,3678,,,"",,,,,,,,,,,,,,0xFFF7EE,0,0,
4036,-1,-1,0,,,"Victoires sur les champions de faction (L'épreuve du croisé à 10 joueurs)",,,,,,,,,,,,,,0xFF01FE,,,"Victoires sur les champions de faction (L'épreuve du croisé à 10 joueurs)",,,,,,,,,,,,,,0xFF01FE,15021,0x0,25,0x1,1,,,"",,,,,,,,,,,,,,0xFF01EC,0,0,
4476,-1,-1,0,,,"Recherche de compagnons",,,,,,,,,,,,,,0xFF01FE,,,"Utilisez l'outil Donjons pour terminer des donjons aléatoires héroïques jusqu'à ce que vous ayez groupé avec un total de 10 joueurs au hasard.",,,,,,,,,,,,,,0xFF01FE,168,0xA,25,0x0,3168,,,"",,,,,,,,,,,,,,0xFF01FC,0,0,
4581,-1,631,0,,,"Un acte vil (10 joueurs)",,,,,,,,,,,,,,0xFF01FE,,,"Tuer chaque esprit vil qui apparaît avant qu'il n'explose et vaincre ensuite le roi-liche en mode 10 joueurs.",,,,,,,,,,,,,,0xFF01FE,15041,0xA,25,0x0,3789,,,"",,,,,,,,,,,,,,0xFF01FC,1,0,
4622,-1,631,0,,,"Un acte vil (25 joueurs)",,,,,,,,,,,,,,0xFF01FE,,,"Tuer chaque esprit vil qui apparaît avant qu'il n'explose et vaincre ensuite le roi-liche en mode 25 joueurs.",,,,,,,,,,,,,,0xFF01FE,15042,0xA,25,0x0,3789,,,"",,,,,,,,,,,,,,0xFF01FC,1,0,
4644,-1,-1,0,,,"Victoire dans la bataille des canonnières (Couronne de glace à 10)",,,,,,,,,,,,,,0xFF01FE,,,"Victoire dans la bataille des canonnières (Couronne de glace à 10)",,,,,,,,,,,,,,0xFF01FE,15062,0x0,25,0x1,1,,,"",,,,,,,,,,,,,,0xFF01FC,0,0,
615,0,0,0,,,"La prise de Hurlevent",,,,,,,,,,,,,,0xFF01FE,,,"Tuer le roi Varian Wrynn.",,,,,,,,,,,,,,0xFF01FE,95,0xA,26,0x0,3671,,,"",,,,,,,,,,,,,,0xFF01EE,0,0,
676,-1,269,0,,,"Ouverture de la Porte des ténèbres : mode héroïque",,,,,,,,,,,,,,0xFF01FE,,,"Vaincre Aeonus en mode héroïque.",,,,,,,,,,,,,,0xFF01FE,14805,0xA,26,0x0,3826,,,"",,,,,,,,,,,,,,0xFF01EE,0,0,
1250,-1,-1,1248,,,"Les aimer comme ils vous aiment",,,,,,,,,,,,,,0xFF01FE,,,"Collecter 50 mascottes différentes.",,,,,,,,,,,,,,0xFF01FE,92,0xA,26,0x0,1522,,,"Récompense : cage à compagnon nauséabonde",,,,,,,,,,,,,,0xFF01FE,0,0,
1372,-1,533,0,,,"Morts de Gluth (Naxxramas à 10)",,,,,,,,,,,,,,0xFF01FE,,,"Morts de Gluth (Naxxramas à 10)",,,,,,,,,,,,,,0xFF01FE,14823,0xA,26,0x1,97,,,"",,,,,,,,,,,,,,0x7BFF01EC,0,0,
1418,-1,-1,0,,,"Grand maître Ingénieur « Prem's » du royaume",,,,,,,,,,,,,,0xFF01FE,,,"Première personne du royaume à atteindre 450 en ingénierie.",,,,,,,,,,,,,,0xFF01FE,81,0x0,26,0x100,333,,,"",,,,,,,,,,,,,,0xFF01EE,0,0,
1556,-1,-1,0,,,"25 poissons",,,,,,,,,,,,,,0xFF01FE,,,"Pêcher 25 objets.",,,,,,,,,,,,,,0xFF01FE,171,0xA,26,0x0,3179,,,"",,,,,,,,,,,,,,0x7DFF01EC,0,0,
1801,-1,-1,0,,,"Auprès de ma brune",,,,,,,,,,,,,,0xFF01FE,,,"Brasser de la brune du capitaine Rumsey.",,,,,,,,,,,,,,0xFF01FE,170,0xA,26,0x0,1513,,,"",,,,,,,,,,,,,,0x7BFF01EC,0,0,
2038,-1,619,0,,,"Respecter ses anciens",,,,,,,,,,,,,,0xFF01FE,,,"Vaincre l'ancien Nadox à Ahn'kahet sans tuer de gardien ahn'kahar en mode héroïque.",,,,,,,,,,,,,,0xFF01FE,14921,0xA,26,0x0,3393,,,"",,,,,,,,,,,,,,0x7BFF01EC,0,0,
2047,-1,615,0,,,"Éruption volcanique (10 joueurs)",,,,,,,,,,,,,,0xFF01FE,,,"Vaincre Sartharion le Gardien d'Onyx sans être touché par Frappe de lave en mode 10 joueurs.",,,,,,,,,,,,,,0xFF01FE,14922,0xA,26,0x0,3087,,,"",,,,,,,,,,,,,,0x7EFF01EC,0,0,
2048,-1,615,0,,,"Éruption volcanique (25 joueurs)",,,,,,,,,,,,,,0xFF01FE,,,"Vaincre Sartharion le Gardien d'Onyx sans être touché par Frappe de lave en mode 25 joueurs.",,,,,,,,,,,,,,0xFF01FE,14923,0xA,26,0x0,3087,,,"",,,,,,,,,,,,,,0x7EFF01EC,0,0,
2188,-1,229,0,,,"Leeeeeeeeeeeeeroy !",,,,,,,,,,,,,,0xFF01FE,,,"Tuer 50 dragonnets de la colonie en 15 secondes.",,,,,,,,,,,,,,0xFF01FE,14808,0xA,26,0x0,3495,,,"Titre : Jenkins",,,,,,,,,,,,,,0xFF01FE,0,0,
2786,0,-1,0,,,"Champion des Pitons du Tonnerre",,,,,,,,,,,,,,0xFF01FE,,,"Obtenir le droit de représenter les Pitons du Tonnerre au tournoi d'Argent",,,,,,,,,,,,,,0xFF01FE,14941,0xA,26,0x0,3803,,,"",,,,,,,,,,,,,,0x7BFF01EC,0,0,
2880,-1,603,0,,,"Morts du général Vezax (Ulduar à 25)",,,,,,,,,,,,,,0xFF01FE,,,"Morts du général Vezax (Ulduar à 25)",,,,,,,,,,,,,,0xFF01FE,14963,0xA,26,0x1,1700,,,"",,,,,,,,,,,,,,0x7DFF01EC,0,0,
2940,-1,603,0,,,"Vous avez été choisi, mande-foudre Brundir (10 joueurs)",,,,,,,,,,,,,,0xFF01FE,,,"Vaincre l'assemblée du Fer alors que le mande-foudre Brundir en est le dernier membre vivant en mode 10 joueurs.",,,,,,,,,,,,,,0xFF01FE,14961,0xA,26,0x0,3858,,,"",,,,,,,,,,,,,,0x7BFF01EC,0,0,
2943,-1,603,0,,,"Vous avez été choisi, mande-foudre Brundir (25 joueurs)",,,,,,,,,,,,,,0xFF01FE,,,"Vaincre l'assemblée du Fer alors que le mande-foudre Brundir en est le dernier membre vivant en mode 25 joueurs.",,,,,,,,,,,,,,0xFF01FE,14962,0xA,26,0x0,3858,,,"",,,,,,,,,,,,,,0x7BFF01EC,0,0,
4037,-1,-1,0,,,"Victoires sur les champions de faction (L'épreuve du grand croisé à 10 joueurs)",,,,,,,,,,,,,,0xFF01FE,,,"Victoires sur les champions de faction (L'épreuve du grand croisé à 10 joueurs)",,,,,,,,,,,,,,0xFF01FE,15021,0x0,26,0x1,1,,,"",,,,,,,,,,,,,,0xFF01EC,0,0,
4477,-1,-1,4476,,,"Recherche débridée de compagnons",,,,,,,,,,,,,,0xFF01FE,,,"Utilisez l'outil Donjons pour terminer des donjons aléatoires héroïques jusqu'à ce que vous ayez groupé avec un total de 50 joueurs au hasard.",,,,,,,,,,,,,,0xFF01FE,168,0xA,26,0x0,3049,,,"Titre : l'assidu",,,,,,,,,,,,,,0xFF01FE,0,0,
4659,-1,-1,0,,,"Victoire dans la bataille des canonnières (Couronne de glace héroïque à 10)",,,,,,,,,,,,,,0xFF01FE,,,"Victoire dans la bataille des canonnières (Couronne de glace héroïque à 10)",,,,,,,,,,,,,,0xFF01FE,15062,0x0,26,0x1,1,,,"",,,,,,,,,,,,,,0xFF01FC,0,0,
616,0,0,0,,,"Mort au roi !",,,,,,,,,,,,,,0xFF01FE,,,"Tuer le roi Magni Barbe-de-bronze.",,,,,,,,,,,,,,0xFF01FE,95,0xA,27,0x0,3672,,,"",,,,,,,,,,,,,,0xFF01EE,0,0,
677,-1,-1,0,,,"Le Caveau de la vapeur : mode héroïque",,,,,,,,,,,,,,0xFF01FE,,,"Vaincre le seigneur de guerre Kalithresh en mode héroïque.",,,,,,,,,,,,,,0xFF01FE,14805,0xA,27,0x0,3657,,,"",,,,,,,,,,,,,,0xFF01EE,1,0,
1366,-1,533,0,,,"Morts de Gothik le Moissonneur (Naxxramas à 10)",,,,,,,,,,,,,,0xFF01FE,,,"Morts de Gothik le Moissonneur (Naxxramas à 10)",,,,,,,,,,,,,,0xFF01FE,14823,0xA,27,0x1,2639,,,"",,,,,,,,,,,,,,0x7BFF01EC,0,0,
1419,-1,-1,0,,,"Grand maître secouriste « Prem's » du royaume",,,,,,,,,,,,,,0xFF01FE,,,"Première personne du royaume à atteindre 450 en secourisme.",,,,,,,,,,,,,,0xFF01FE,81,0x0,27,0x100,504,,,"",,,,,,,,,,,,,,0xFF01EE,0,0,
1557,-1,-1,1556,,,"50 poissons",,,,,,,,,,,,,,0xFF01FE,,,"Pêcher 50 objets.",,,,,,,,,,,,,,0xFF01FE,171,0xA,27,0x0,3179,,,"",,,,,,,,,,,,,,0x7BFF01EC,0,0,
1782,1,-1,0,,,"Notre pain quotidien",,,,,,,,,,,,,,0xFF01FE,,,"Achever chacune des quêtes journalières de cuisine proposées par Katherine Lee à Dalaran.",,,,,,,,,,,,,,0xFF01FE,170,0xA,27,0x0,259,,,"",,,,,,,,,,,,,,0x7DFF01EC,0,0,
2049,-1,615,0,,,"Aide crépusculaire (10 joueurs)",,,,,,,,,,,,,,0xFF01FE,,,"Attaquer et vaincre Sartharion le Gardien d'Onyx, alors qu'au moins un drake crépusculaire est toujours vivant en mode 10 joueurs.",,,,,,,,,,,,,,0xFF01FE,14922,0xA,27,0x0,3252,,,"",,,,,,,,,,,,,,0x7EFF01EC,0,0,
2052,-1,615,0,,,"Aide crépusculaire (25 joueurs)",,,,,,,,,,,,,,0xFF01FE,,,"Attaquer et vaincre Sartharion le Gardien d'Onyx, alors qu'au moins un drake crépusculaire est toujours vivant en mode 25 joueurs.",,,,,,,,,,,,,,0xFF01FE,14923,0xA,27,0x0,3252,,,"",,,,,,,,,,,,,,0xFF01EC,0,0,
2056,-1,619,0,,,"Sur la base du volontariat",,,,,,,,,,,,,,0xFF01FE,,,"Vaincre Jedoga Cherchelombre à Ahn'kahet sans tuer de volontaires du crépuscule en mode héroïque.",,,,,,,,,,,,,,0xFF01FE,14921,0xA,27,0x0,3436,,,"",,,,,,,,,,,,,,0x7EFF01EC,0,0,
2516,-1,-1,1250,,,"La chasse au p'tit gibier",,,,,,,,,,,,,,0xFF01FE,,,"Collecter 75 mascottes différentes.",,,,,,,,,,,,,,0xFF01FE,92,0xA,27,0x0,1522,,,"Récompense : morceau de sel du petit faon",,,,,,,,,,,,,,0xFF01FE,0,0,
2768,0,-1,2786,,,"Champion exalté des Pitons du Tonnerre",,,,,,,,,,,,,,0xFF01FE,,,"Être exalté auprès des Pitons du Tonnerre et obtenir le droit de représenter la faction au tournoi d'Argent.",,,,,,,,,,,,,,0xFF01FE,14941,0xA,27,0x0,3803,,,"Titre : des Pitons du Tonnerre",,,,,,,,,,,,,,0xFF01FE,0,0,
2883,-1,603,0,,,"Morts de Yogg-Saron (Ulduar à 25)",,,,,,,,,,,,,,0xFF01FE,,,"Morts de Yogg-Saron (Ulduar à 25)",,,,,,,,,,,,,,0xFF01FE,14963,0xA,27,0x1,1700,,,"",,,,,,,,,,,,,,0x7DFF01EC,0,0,
2941,-1,603,0,,,"Vous avez été choisi, Brise-acier (10 joueurs)",,,,,,,,,,,,,,0xFF01FE,,,"Vaincre l'assemblée du Fer alors que Brise-acier en est le dernier membre vivant en mode 10 joueurs.",,,,,,,,,,,,,,0xFF01FE,14961,0xA,27,0x0,3858,,,"",,,,,,,,,,,,,,0x7BFF01EC,0,0,
2944,-1,603,0,,,"Vous avez été choisi, Brise-acier (25 joueurs)",,,,,,,,,,,,,,0xFF01FE,,,"Vaincre l'assemblée du Fer alors que Brise-acier en est le dernier membre vivant en mode 25 joueurs.",,,,,,,,,,,,,,0xFF01FE,14962,0xA,27,0x0,3858,,,"",,,,,,,,,,,,,,0x7BFF01EC,0,0,
4038,-1,-1,0,,,"Victoires sur les champions de faction (L'épreuve du croisé à 25 joueurs)",,,,,,,,,,,,,,0xFF01FE,,,"Victoires sur les champions de faction (L'épreuve du croisé à 25 joueurs)",,,,,,,,,,,,,,0xFF01FE,15021,0x0,27,0x1,1,,,"",,,,,,,,,,,,,,0xFF01EC,0,0,
4478,-1,-1,4477,,,"Recherche démentielle de compagnons",,,,,,,,,,,,,,0xFF01FE,,,"Utilisez l'outil Donjons pour terminer des donjons aléatoires héroïques jusqu'à ce que vous ayez groupé avec un total de 100 joueurs au hasard.",,,,,,,,,,,,,,0xFF01FE,168,0xA,27,0x0,4007,,,"Récompense : Groopy",,,,,,,,,,,,,,0xFF01FE,0,0,
4660,-1,-1,0,,,"Victoire dans la bataille des canonnières (Couronne de glace à 25)",,,,,,,,,,,,,,0xFF01FE,,,"Victoire dans la bataille des canonnières (Couronne de glace à 25)",,,,,,,,,,,,,,0xFF01FE,15062,0x0,27,0x1,1,,,"",,,,,,,,,,,,,,0xFF01FC,0,0,
617,0,1,0,,,"L'immortalité, c'est fini",,,,,,,,,,,,,,0xFF01FE,,,"Tuer la grande prêtresse Tyrande Murmevent.",,,,,,,,,,,,,,0xFF01FE,95,0xA,28,0x0,3673,,,"",,,,,,,,,,,,,,0xFF01EE,0,0,
621,-1,-1,0,,,"Représentant",,,,,,,,,,,,,,0xFF01FE,,,"Equiper un tabard.",,,,,,,,,,,,,,0xFF01FE,92,0xA,28,0x0,2637,,,"",,,,,,,,,,,,,,0xFF01EE,1,0,
678,-1,-1,0,,,"Les Salles brisées : mode héroïque",,,,,,,,,,,,,,0xFF01FE,,,"Vaincre le chef de guerre Kargath Lamepoing en mode héroïque.",,,,,,,,,,,,,,0xFF01FE,14805,0xA,28,0x0,3827,,,"",,,,,,,,,,,,,,0xFF01EE,1,0,
1362,-1,533,0,,,"Morts de la grande veuve Faerlina (Naxxramas à 10)",,,,,,,,,,,,,,0xFF01FE,,,"Morts de la grande veuve Faerlina (Naxxramas à 10)",,,,,,,,,,,,,,0xFF01FE,14823,0xA,28,0x1,1899,,,"",,,,,,,,,,,,,,0x7BFF01EC,0,0,
1420,-1,-1,0,,,"Grand maître pêcheur « Prem's » du royaume",,,,,,,,,,,,,,0xFF01FE,,,"Première personne du royaume à atteindre 450 en pêche.",,,,,,,,,,,,,,0xFF01FE,81,0x0,28,0x100,580,,,"",,,,,,,,,,,,,,0xFF01EE,0,0,
1558,-1,-1,1557,,,"100 poissons",,,,,,,,,,,,,,0xFF01FE,,,"Pêcher 100 objets.",,,,,,,,,,,,,,0xFF01FE,171,0xA,28,0x0,3179,,,"",,,,,,,,,,,,,,0x7BFF01EC,0,0,
1783,0,-1,0,,,"Notre pain quotidien",,,,,,,,,,,,,,0xFF01FE,,,"Achever chacune des quêtes journalières de cuisine proposées par Awilo Lon'gomba à Dalaran.",,,,,,,,,,,,,,0xFF01FE,170,0xA,28,0x0,259,,,"",,,,,,,,,,,,,,0x7BFF01EC,0,0,
2050,-1,615,0,,,"Duo crépusculaire (10 joueurs)",,,,,,,,,,,,,,0xFF01FE,,,"Attaquer et vaincre Sartharion le Gardien d'Onyx, alors qu'au moins deux drakes crépusculaires sont toujours vivants en mode 10 joueurs.",,,,,,,,,,,,,,0xFF01FE,14922,0xA,28,0x0,3252,,,"",,,,,,,,,,,,,,0x7EFF01EC,0,0,
2053,-1,615,0,,,"Duo crépusculaire (25 joueurs)",,,,,,,,,,,,,,0xFF01FE,,,"Attaquer et vaincre Sartharion le Gardien d'Onyx, alors qu'au moins deux drakes crépusculaires sont toujours vivants en mode 25 joueurs.",,,,,,,,,,,,,,0xFF01FE,14923,0xA,28,0x0,3252,,,"",,,,,,,,,,,,,,0x7EFF01EC,0,0,
2151,-1,600,0,,,"Consumé par l'ambition",,,,,,,,,,,,,,0xFF01FE,,,"Vaincre Trollétripe dans le donjon de Drak'Tharon avant que Consumer ne s'empile dix fois en mode héroïque.",,,,,,,,,,,,,,0xFF01FE,14921,0xA,28,0x0,3502,,,"",,,,,,,,,,,,,,0x7BFF01EC,0,0,
2787,0,-1,0,,,"Champion de Fossoyeuse",,,,,,,,,,,,,,0xFF01FE,,,"Obtenir le droit de représenter Fossoyeuse au tournoi d'Argent",,,,,,,,,,,,,,0xFF01FE,14941,0xA,28,0x0,3798,,,"",,,,,,,,,,,,,,0x7BFF01EC,0,0,
2881,-1,603,0,,,"Morts d'Algalon l'Observateur (Ulduar à 25)",,,,,,,,,,,,,,0xFF01FE,,,"Morts d'Algalon l'Observateur (Ulduar à 25)",,,,,,,,,,,,,,0xFF01FE,14963,0xA,28,0x1,1700,,,"",,,,,,,,,,,,,,0x7DFF01EC,0,0,
2945,-1,603,0,,,"Mais je suis de votre côté (10 joueurs)",,,,,,,,,,,,,,0xFF01FE,,,"Vaincre l'assemblée du Fer en étant sous l'effet d'un flacon de botte de fer en mode 10 joueurs.",,,,,,,,,,,,,,0xFF01FE,14961,0xA,28,0x0,1763,,,"",,,,,,,,,,,,,,0x7BFF01EC,1,0,
2946,-1,603,0,,,"Mais je suis de votre côté (25 joueurs)",,,,,,,,,,,,,,0xFF01FE,,,"Vaincre l'assemblée du Fer en étant sous l'effet d'un flacon de botte de fer en mode 25 joueurs.",,,,,,,,,,,,,,0xFF01FE,14962,0xA,28,0x0,1763,,,"",,,,,,,,,,,,,,0x7BFF01EC,1,0,
4039,-1,-1,0,,,"Victoires sur les champions de faction (L'épreuve du grand croisé à 25 joueurs)",,,,,,,,,,,,,,0xFF01FE,,,"Victoires sur les champions de faction (L'épreuve du grand croisé à 25 joueurs)",,,,,,,,,,,,,,0xFF01FE,15021,0x0,28,0x1,1,,,"",,,,,,,,,,,,,,0xFF01EC,0,0,
4661,-1,-1,0,,,"Victoire dans la bataille des canonnières (Couronne de glace héroïque à 25)",,,,,,,,,,,,,,0xFF01FE,,,"Victoire dans la bataille des canonnières (Couronne de glace héroïque à 25)",,,,,,,,,,,,,,0xFF01FE,15062,0x0,28,0x1,1,,,"",,,,,,,,,,,,,,0xFF01FC,0,0,
618,0,530,0,,,"Éteignez la Lumière",,,,,,,,,,,,,,0xFF01FE,,,"Tuer le prophète Velen.",,,,,,,,,,,,,,0xFF01FE,95,0xA,29,0x0,3674,,,"",,,,,,,,,,,,,,0xFF01EE,0,0,
679,-1,554,0,,,"Le Méchanar : mode héroïque",,,,,,,,,,,,,,0xFF01FE,,,"Vaincre Pathaleon le Calculateur en mode héroïque.",,,,,,,,,,,,,,0xFF01FE,14805,0xA,29,0x0,3688,,,"",,,,,,,,,,,,,,0xFF01EE,0,0,
1020,-1,-1,621,,,"Dix tabards",,,,,,,,,,,,,,0xFF01FE,,,"Equiper 10 tabards différents.",,,,,,,,,,,,,,0xFF01FE,92,0xA,29,0xA0,2637,,,"",,,,,,,,,,,,,,0xFF01EE,10,621,
1371,-1,533,0,,,"Morts de Grobbulus (Naxxramas à 10)",,,,,,,,,,,,,,0xFF01FE,,,"Morts de Grobbulus (Naxxramas à 10)",,,,,,,,,,,,,,0xFF01FE,14823,0xA,29,0x1,97,,,"",,,,,,,,,,,,,,0x7BFF01EC,0,0,
1421,-1,-1,0,,,"Grand maître herboriste « Prem's » du royaume",,,,,,,,,,,,,,0xFF01FE,,,"Première personne du royaume à atteindre 450 en herboristerie.",,,,,,,,,,,,,,0xFF01FE,81,0x0,29,0x100,345,,,"",,,,,,,,,,,,,,0xFF01EE,0,0,
1559,-1,-1,1558,,,"250 poissons",,,,,,,,,,,,,,0xFF01FE,,,"Pêcher 250 objets.",,,,,,,,,,,,,,0xFF01FE,171,0xA,29,0x0,3179,,,"",,,,,,,,,,,,,,0x7BFF01EC,0,0,
1563,1,-1,0,,,"Gloire au chef",,,,,,,,,,,,,,0xFF01FE,,,"Accomplir les hauts faits de cuisine listés ci-dessous.",,,,,,,,,,,,,,0xFF01FE,170,0xA,29,0x0,3678,,,"Titre : chef",,,,,,,,,,,,,,0xFF01FE,0,0,
2039,-1,600,0,,,"Tombé Dred mort",,,,,,,,,,,,,,0xFF01FE,,,"Attaquer le roi Dred dans le donjon de Drak'Tharon et tuer 6 arrache-tripes drakkari ou faucheurs drakkari pendant le combat en mode héroïque.",,,,,,,,,,,,,,0xFF01FE,14921,0xA,29,0x0,3313,,,"",,,,,,,,,,,,,,0x7BFF01EC,0,0,
2051,-1,615,0,,,"Les chroniques des crépusculaires (10 joueurs)",,,,,,,,,,,,,,0xFF01FE,,,"Attaquer et vaincre Sartharion le Gardien d'Onyx, alors que les trois drakes crépusculaires sont toujours vivants en mode 10 joueurs.",,,,,,,,,,,,,,0xFF01FE,14922,0xA,29,0x0,3252,,,"Titre : du crépuscule",,,,,,,,,,,,,,0xFF01FE,0,0,
2054,-1,615,0,,,"Les chroniques des crépusculaires (25 joueurs)",,,,,,,,,,,,,,0xFF01FE,,,"Attaquer et vaincre Sartharion le Gardien d'Onyx, alors que les trois drakes crépusculaires sont toujours vivants en mode 25 joueurs.",,,,,,,,,,,,,,0xFF01FE,14923,0xA,29,0x0,3252,,,"Titre : vainqueur du crépuscule",,,,,,,,,,,,,,0xFF01FE,0,0,
2769,0,-1,2787,,,"Champion exalté de Fossoyeuse",,,,,,,,,,,,,,0xFF01FE,,,"Être exalté auprès de Fossoyeuse et obtenir le droit de représenter la faction au tournoi d'Argent.",,,,,,,,,,,,,,0xFF01FE,14941,0xA,29,0x0,3798,,,"Titre : de Fossoyeuse",,,,,,,,,,,,,,0xFF01FE,0,0,
2870,-1,624,0,,,"Morts d'Emalon le Guetteur d'orage (Joug-d'hiver à 10)",,,,,,,,,,,,,,0xFF01FE,,,"Morts d'Emalon le Guetteur d'orage (Joug-d'hiver à 10)",,,,,,,,,,,,,,0xFF01FE,14963,0xA,29,0x1,187,,,"",,,,,,,,,,,,,,0x7DFF01EC,0,0,
2947,-1,603,0,,,"Impossible quand étourdi (10 joueurs)",,,,,,,,,,,,,,0xFF01FE,,,"Vaincre l'assemblée du Fer en empêchant le mande-foudre Brundir d'infliger des dégâts à qui que ce soit avec des chaînes d'éclairs ou des éclairs tourbillonnants en mode 10 joueurs.",,,,,,,,,,,,,,0xFF01FE,14961,0xA,29,0x0,320,,,"",,,,,,,,,,,,,,0x7BFF01EC,1,0,
2948,-1,603,0,,,"Impossible quand étourdi (25 joueurs)",,,,,,,,,,,,,,0xFF01FE,,,"Vaincre l'assemblée du Fer en empêchant le mande-foudre Brundir d'infliger des dégâts à qui que ce soit avec des chaînes d'éclairs ou des éclairs tourbillonnants en mode 25 joueurs.",,,,,,,,,,,,,,0xFF01FE,14962,0xA,29,0x0,320,,,"",,,,,,,,,,,,,,0x7BFF01EC,1,0,
4040,-1,-1,0,,,"Morts des jumelles val'kyrs (L'épreuve du croisé à 10 joueurs)",,,,,,,,,,,,,,0xFF01FE,,,"Morts des jumelles val'kyrs (L'épreuve du croisé à 10 joueurs)",,,,,,,,,,,,,,0xFF01FE,15021,0x0,29,0x1,1,,,"",,,,,,,,,,,,,,0xFF01EC,0,0,
4645,-1,-1,0,,,"Morts du Porte-mort (Couronne de glace à 10)",,,,,,,,,,,,,,0xFF01FE,,,"Morts du Porte-mort (Couronne de glace à 10)",,,,,,,,,,,,,,0xFF01FE,15062,0x0,29,0x1,1,,,"",,,,,,,,,,,,,,0xFF01FC,0,0,
619,0,-1,0,,,"Pour la Horde !",,,,,,,,,,,,,,0xFF01FE,,,"Tuer les chefs de l'Alliance.",,,,,,,,,,,,,,0xFF01FE,95,0x14,30,0x0,1703,,,"Récompense : ours de guerre noir",,,,,,,,,,,,,,0xFF01FE,0,0,
680,-1,553,0,,,"La Botanica : mode héroïque",,,,,,,,,,,,,,0xFF01FE,,,"Vaincre Brise-dimension en mode héroïque.",,,,,,,,,,,,,,0xFF01FE,14805,0xA,30,0x0,3642,,,"",,,,,,,,,,,,,,0xFF01EE,0,0,
1021,-1,-1,1020,,,"Timbré de tabards",,,,,,,,,,,,,,0xFF01FE,,,"Equiper 25 tabards différents.",,,,,,,,,,,,,,0xFF01FE,92,0xA,30,0xA0,3040,,,"Récompense : tabard des hauts faits",,,,,,,,,,,,,,0xFF01FE,25,621,
1369,-1,533,0,,,"Morts de Heigan l'Impur (Naxxramas à 10)",,,,,,,,,,,,,,0xFF01FE,,,"Morts de Heigan l'Impur (Naxxramas à 10)",,,,,,,,,,,,,,0xFF01FE,14823,0xA,30,0x1,2997,,,"",,,,,,,,,,,,,,0x7BFF01EC,0,0,
1422,-1,-1,0,,,"Grand maître scribe « Prem's » du royaume",,,,,,,,,,,,,,0xFF01FE,,,"Première personne du royaume à atteindre 450 en calligraphie.",,,,,,,,,,,,,,0xFF01FE,81,0x0,30,0x100,2557,,,"",,,,,,,,,,,,,,0xFF01EE,0,0,
1560,-1,-1,1559,,,"500 poissons",,,,,,,,,,,,,,0xFF01FE,,,"Pêcher 500 objets.",,,,,,,,,,,,,,0xFF01FE,171,0xA,30,0x0,3179,,,"",,,,,,,,,,,,,,0x7BFF01EC,0,0,
1784,0,-1,0,,,"Gloire au chef",,,,,,,,,,,,,,0xFF01FE,,,"Accomplir les hauts faits de cuisine listés ci-dessous.",,,,,,,,,,,,,,0xFF01FE,170,0xA,30,0x0,3678,,,"Titre : chef",,,,,,,,,,,,,,0xFF01FE,0,0,
2057,-1,600,0,,,"Novos l'Invocateur",,,,,,,,,,,,,,0xFF01FE,,,"Vaincre Novos l'Invocateur dans le donjon de Drak'Tharon sans que des sbires morts-vivants atteignent le sol en mode héroïque.",,,,,,,,,,,,,,0xFF01FE,14921,0xA,30,0x0,2718,,,"",,,,,,,,,,,,,,0x7BFF01EC,0,0,
2788,0,-1,0,,,"Champion de la Horde",,,,,,,,,,,,,,0xFF01FE,,,"Obtenir le droit de représenter chaque race de la Horde au tournoi d'Argent",,,,,,,,,,,,,,0xFF01FE,14941,0xA,30,0x0,3806,,,"",,,,,,,,,,,,,,0x7BFF01EC,0,0,
2951,-1,603,0,,,"Dans mes bras (10 joueurs)",,,,,,,,,,,,,,0xFF01FE,,,"Vaincre Kologarn sans détruire un seul de ses bras en mode 10 joueurs.",,,,,,,,,,,,,,0xFF01FE,14961,0xA,30,0x0,3859,,,"",,,,,,,,,,,,,,0x7BFF01EC,0,0,
2952,-1,603,0,,,"Dans mes bras (25 joueurs)",,,,,,,,,,,,,,0xFF01FE,,,"Vaincre Kologarn sans détruire un seul de ses bras en mode 25 joueurs.",,,,,,,,,,,,,,0xFF01FE,14962,0xA,30,0x0,3859,,,"",,,,,,,,,,,,,,0x7BFF01EC,0,0,
3236,-1,624,0,,,"Morts d'Emalon le Guetteur d'orage (Joug-d'hiver à 25)",,,,,,,,,,,,,,0xFF01FE,,,"Morts d'Emalon le Guetteur d'orage (Joug-d'hiver à 25)",,,,,,,,,,,,,,0xFF01FE,14963,0xA,30,0x1,187,,,"",,,,,,,,,,,,,,0x8FFA3FC,0,0,
4041,-1,-1,0,,,"Morts des jumelles val'kyrs (L'épreuve du grand croisé à 10 joueurs)",,,,,,,,,,,,,,0xFF01FE,,,"Morts des jumelles val'kyrs (L'épreuve du grand croisé à 10 joueurs)",,,,,,,,,,,,,,0xFF01FE,15021,0x0,30,0x1,1,,,"",,,,,,,,,,,,,,0xFF01EC,0,0,
4396,-1,249,0,,,"Le repaire d'Onyxia (10 joueurs)",,,,,,,,,,,,,,0xFF01FE,,,"Vaincre Onyxia en mode 10 joueurs.",,,,,,,,,,,,,,0xFF01FE,14922,0xA,30,0x0,3820,,,"",,,,,,,,,,,,,,0xFF01EC,0,0,
4397,-1,249,0,,,"Le repaire d'Onyxia (25 joueurs)",,,,,,,,,,,,,,0xFF01FE,,,"Vaincre Onyxia en mode 25 joueurs.",,,,,,,,,,,,,,0xFF01FE,14923,0xA,30,0x0,3820,,,"",,,,,,,,,,,,,,0xFF01EC,0,0,
4662,-1,-1,0,,,"Morts du Porte-mort (Couronne de glace héroïque à 10)",,,,,,,,,,,,,,0xFF01FE,,,"Morts du Porte-mort (Couronne de glace héroïque à 10)",,,,,,,,,,,,,,0xFF01FE,15062,0x0,30,0x1,1,,,"",,,,,,,,,,,,,,0xFF01FC,0,0,
556,-1,-1,0,,,"Qualité épique",,,,,,,,,,,,,,0xFF01FE,,,"Équiper un objet de niveau 213 et de qualité épique dans chaque emplacement.",,,,,,,,,,,,,,0xFF01FE,92,0x19,31,0x0,2808,,,"",,,,,,,,,,,,,,0xFF01EE,0,0,
681,-1,-1,0,,,"L'Arcatraz : mode héroïque",,,,,,,,,,,,,,0xFF01FE,,,"Vaincre le messager Cieuriss en mode héroïque.",,,,,,,,,,,,,,0xFF01FE,14805,0xA,31,0x0,3659,,,"",,,,,,,,,,,,,,0xFF01EE,1,0,
700,0,-1,0,,,"Liberté de la Horde",,,,,,,,,,,,,,0xFF01FE,,,"Obtenir un insigne ou un médaillon de la Horde.",,,,,,,,,,,,,,0xFF01FE,95,0xA,31,0x0,2811,,,"",,,,,,,,,,,,,,0xFF01EE,1,0,
1375,-1,533,0,,,"Morts des quatre cavaliers (Naxxramas à 10)",,,,,,,,,,,,,,0xFF01FE,,,"Morts des quatre cavaliers (Naxxramas à 10)",,,,,,,,,,,,,,0xFF01FE,14823,0xA,31,0x1,2639,,,"",,,,,,,,,,,,,,0x7BFF01EC,0,0,
1423,-1,-1,0,,,"Grand maître joaillier « Prem's » du royaume",,,,,,,,,,,,,,0xFF01FE,,,"Première personne du royaume à atteindre 450 en joaillerie.",,,,,,,,,,,,,,0xFF01FE,81,0x0,31,0x100,1768,,,"",,,,,,,,,,,,,,0xFF01EE,0,0,
1561,-1,-1,1560,,,"1 000 poissons",,,,,,,,,,,,,,0xFF01FE,,,"Pêcher 1 000 objets.",,,,,,,,,,,,,,0xFF01FE,171,0xA,31,0x0,3179,,,"",,,,,,,,,,,,,,0x7BFF01EC,0,0,
1816,-1,608,0,,,"Sans défenses",,,,,,,,,,,,,,0xFF01FE,,,"Vaincre Cyanigosa dans le fort Pourpre sans utiliser les cristaux de contrôle de défense et avec la résistance de la porte de la prison à 100% en mode héroïque.",,,,,,,,,,,,,,0xFF01FE,14921,0xA,31,0x0,3264,,,"",,,,,,,,,,,,,,0x7DFF01EC,0,0,
2771,0,-1,2788,,,"Champion exalté de la Horde",,,,,,,,,,,,,,0xFF01FE,,,"Être exalté auprès de la Horde et obtenir le droit d'en représenter chaque race au tournoi d'Argent.",,,,,,,,,,,,,,0xFF01FE,14941,0xA,31,0x0,3806,,,"",,,,,,,,,,,,,,0x7DFF01EC,0,0,
2953,-1,603,0,,,"Pas de bras, pas de chocolat (10 joueurs)",,,,,,,,,,,,,,0xFF01FE,,,"Détruire les deux bras de Kologarn et Kologarn lui-même en 12 secondes en mode 10 joueurs.",,,,,,,,,,,,,,0xFF01FE,14961,0xA,31,0x0,560,,,"",,,,,,,,,,,,,,0x7BFF01EC,1,0,
2954,-1,603,0,,,"Pas de bras, pas de chocolat (25 joueurs)",,,,,,,,,,,,,,0xFF01FE,,,"Détruire les deux bras de Kologarn et Kologarn lui-même en 12 secondes en mode 25 joueurs.",,,,,,,,,,,,,,0xFF01FE,14962,0xA,31,0x0,560,,,"",,,,,,,,,,,,,,0x7BFF01EC,1,0,
4042,-1,-1,0,,,"Morts des jumelles val'kyrs (L'épreuve du croisé à 25 joueurs)",,,,,,,,,,,,,,0xFF01FE,,,"Morts des jumelles val'kyrs (L'épreuve du croisé à 25 joueurs)",,,,,,,,,,,,,,0xFF01FE,15021,0x0,31,0x1,1,,,"",,,,,,,,,,,,,,0xFF01EC,0,0,
4402,-1,249,0,,,"Plus de dots ! (10 joueurs)",,,,,,,,,,,,,,0xFF01FE,,,"Vaincre Onyxia en moins de 5 minutes en mode 10 joueurs.",,,,,,,,,,,,,,0xFF01FE,14922,0xA,31,0x0,3821,,,"",,,,,,,,,,,,,,0xFF01EC,0,0,
4405,-1,249,0,,,"Plus de dots ! (25 joueurs)",,,,,,,,,,,,,,0xFF01FE,,,"Vaincre Onyxia en moins de 5 minutes en mode 25 joueurs.",,,,,,,,,,,,,,0xFF01FE,14923,0xA,31,0x0,3821,,,"",,,,,,,,,,,,,,0xFF01EC,0,0,
4663,-1,-1,0,,,"Morts du Porte-mort (Couronne de glace à 25)",,,,,,,,,,,,,,0xFF01FE,,,"Morts du Porte-mort (Couronne de glace à 25)",,,,,,,,,,,,,,0xFF01FE,15062,0x0,31,0x1,1,,,"",,,,,,,,,,,,,,0xFF01FC,0,0,
557,-1,-1,0,,,"Qualité supérieure",,,,,,,,,,,,,,0xFF01FE,,,"Équiper un objet de niveau 187 et de qualité supérieure dans chaque emplacement.",,,,,,,,,,,,,,0xFF01FE,92,0xA,32,0x0,133,,,"",,,,,,,,,,,,,,0xFF01EE,0,0,
682,-1,585,0,,,"Terrasse des Magistères : mode héroïque",,,,,,,,,,,,,,0xFF01FE,,,"Vaincre Kael'thas Haut-soleil en mode héroïque.",,,,,,,,,,,,,,0xFF01FE,14805,0xA,32,0x0,3664,,,"",,,,,,,,,,,,,,0xFF01EE,0,0,
701,1,-1,0,,,"Liberté de l'Alliance",,,,,,,,,,,,,,0xFF01FE,,,"Obtenir un insigne ou un médaillon de l'Alliance.",,,,,,,,,,,,,,0xFF01FE,95,0xA,32,0x0,2812,,,"",,,,,,,,,,,,,,0xFF01EE,1,0,
1374,-1,533,0,,,"Morts de l'instructeur Razuvious (Naxxramas à 10)",,,,,,,,,,,,,,0xFF01FE,,,"Morts de l'instructeur Razuvious (Naxxramas à 10)",,,,,,,,,,,,,,0xFF01FE,14823,0xA,32,0x1,2639,,,"",,,,,,,,,,,,,,0x7BFF01EC,0,0,
1424,-1,-1,0,,,"Grand maître travailleur du cuir « Prem's » du royaume",,,,,,,,,,,,,,0xFF01FE,,,"Première personne du royaume à atteindre 450 en travail du cuir.",,,,,,,,,,,,,,0xFF01FE,81,0x0,32,0x100,346,,,"",,,,,,,,,,,,,,0xFF01EE,0,0,
1865,-1,608,0,,,"Enfermés !",,,,,,,,,,,,,,0xFF01FE,,,"Vaincre Xevozz, Lavanthor, Ichoron, Zuramat l'Oblitérateur, Erekem et Moragg dans le fort Pourpre en mode héroïque.",,,,,,,,,,,,,,0xFF01FE,14921,0xA,32,0x0,3300,,,"",,,,,,,,,,,,,,0x7AFF01EC,0,0,
2096,-1,-1,0,,,"Le maître des pièces",,,,,,,,,,,,,,0xFF01FE,,,"Accomplir les hauts faits de pêche de pièces listés ci-dessous.",,,,,,,,,,,,,,0xFF01FE,171,0xA,32,0x0,2993,,,"Récompense : sceau de Dalaran en titane",,,,,,,,,,,,,,0xFF01FE,0,0,
2816,0,-1,2771,,,"Champion d'Argent exalté de la Horde",,,,,,,,,,,,,,0xFF01FE,,,"Être exalté auprès de la Horde et obtenir le droit d'en représenter chaque race au tournoi d'Argent.",,,,,,,,,,,,,,0xFF01FE,14941,0xA,32,0x0,3806,,,"Titre : croisé. Débloque des quêtes journalières auprès des Croisés au tournoi d'Argent.",,,,,,,,,,,,,,0xFF01FE,0,0,
2955,-1,603,0,,,"Si on pouvait tuer d'un simple regard (10 joueurs)",,,,,,,,,,,,,,0xFF01FE,,,"Vaincre Kologarn sans qu'un seul membre du raid soit touché par ses rayons de l'œil focalisé en mode 10 joueurs.",,,,,,,,,,,,,,0xFF01FE,14961,0xA,32,0x0,2446,,,"",,,,,,,,,,,,,,0x7BFF01EC,0,0,
2956,-1,603,0,,,"Si on pouvait tuer d'un simple regard (25 joueurs)",,,,,,,,,,,,,,0xFF01FE,,,"Vaincre Kologarn sans qu'un seul membre du raid soit touché par ses rayons de l'œil focalisé en mode 25 joueurs.",,,,,,,,,,,,,,0xFF01FE,14962,0xA,32,0x0,2446,,,"",,,,,,,,,,,,,,0x7BFF01EC,0,0,
4043,-1,-1,0,,,"Morts des jumelles val'kyrs (L'épreuve du grand croisé à 25 joueurs)",,,,,,,,,,,,,,0xFF01FE,,,"Morts des jumelles val'kyrs (L'épreuve du grand croisé à 25 joueurs)",,,,,,,,,,,,,,0xFF01FE,15021,0x0,32,0x1,1,,,"",,,,,,,,,,,,,,0xFF01EC,0,0,
4403,-1,249,0,,,"Les dragonnets ! Butez-les ! (10 joueurs)",,,,,,,,,,,,,,0xFF01FE,,,"Provoquer l'éclosion de 50 jeunes dragonnets onyxiens dans les 10 secondes qui suivent le décollage d'Onyxia, puis la vaincre en mode 10 joueurs.",,,,,,,,,,,,,,0xFF01FE,14922,0xA,32,0x0,1699,,,"",,,,,,,,,,,,,,0xFF01EC,0,0,
4406,-1,249,0,,,"Les dragonnets ! Butez-les ! (25 joueurs)",,,,,,,,,,,,,,0xFF01FE,,,"Provoquer l'éclosion de 50 jeunes dragonnets onyxiens dans les 10 secondes qui suivent le décollage d'Onyxia, puis la vaincre en mode 25 joueurs.",,,,,,,,,,,,,,0xFF01FE,14923,0xA,32,0x0,1699,,,"",,,,,,,,,,,,,,0xFF01EC,0,0,
4664,-1,-1,0,,,"Morts du Porte-mort (Couronne de glace héroïque à 25)",,,,,,,,,,,,,,0xFF01FE,,,"Morts du Porte-mort (Couronne de glace héroïque à 25)",,,,,,,,,,,,,,0xFF01FE,15062,0x0,32,0x1,1,,,"",,,,,,,,,,,,,,0xFF01FC,0,0,
558,-1,-1,0,,,"Cupide",,,,,,,,,,,,,,0xFF01FE,,,"Gagner un jet de cupidité sur un objet supérieur au niveau 185 et de qualité supérieure ou mieux en obtenant 100.",,,,,,,,,,,,,,0xFF01FE,92,0xA,33,0x0,2802,,,"",,,,,,,,,,,,,,0xFF01EE,0,0,
690,-1,-1,0,,,"Karazhan",,,,,,,,,,,,,,0xFF01FE,,,"Vaincre le prince Malchezaar à Kharazan.",,,,,,,,,,,,,,0xFF01FE,14805,0xA,33,0x0,3828,,,"",,,,,,,,,,,,,,0xFF01EE,1,0,
727,-1,-1,0,,,"Voilà la cavalerie",,,,,,,,,,,,,,0xFF01FE,,,"Obtenir l'une des montures de guerre par le système d'honneur.",,,,,,,,,,,,,,0xFF01FE,95,0xA,33,0x0,1178,,,"",,,,,,,,,,,,,,0xFF01EE,1,0,
1370,-1,533,0,,,"Morts de Horreb (Naxxramas à 10)",,,,,,,,,,,,,,0xFF01FE,,,"Morts de Horreb (Naxxramas à 10)",,,,,,,,,,,,,,0xFF01FE,14823,0xA,33,0x1,2997,,,"",,,,,,,,,,,,,,0x7BFF01EC,0,0,
1425,-1,-1,0,,,"Grand maître mineur « Prem's » du royaume",,,,,,,,,,,,,,0xFF01FE,,,"Première personne du royaume à atteindre 450 en minage.",,,,,,,,,,,,,,0xFF01FE,81,0x0,33,0x100,336,,,"",,,,,,,,,,,,,,0xFF01EE,0,0,
1516,-1,-1,0,,,"Pêcheur accompli",,,,,,,,,,,,,,0xFF01FE,,,"Accomplir les hauts faits de pêche listés ci-dessous.",,,,,,,,,,,,,,0xFF01FE,171,0xA,33,0x0,580,,,"Titre : loup de mer",,,,,,,,,,,,,,0xFF01FE,0,0,
2041,-1,608,0,,,"Déshydratation",,,,,,,,,,,,,,0xFF01FE,,,"Vaincre Ichoron dans le fort Pourpre sans que des globules d'ichor fusionnent en mode héroïque.",,,,,,,,,,,,,,0xFF01FE,14921,0xA,33,0x0,2134,,,"",,,,,,,,,,,,,,0x7EFF01EC,0,0,
2959,-1,603,0,,,"Débris, c'est fini (10 joueurs)",,,,,,,,,,,,,,0xFF01FE,,,"Vaincre Kologarn après avoir fait apparaître au moins 25 débris en mode 10 joueurs.",,,,,,,,,,,,,,0xFF01FE,14961,0xA,33,0x0,2380,,,"",,,,,,,,,,,,,,0x7DFF01EC,0,0,
2960,-1,603,0,,,"Débris, c'est fini (25 joueurs)",,,,,,,,,,,,,,0xFF01FE,,,"Vaincre Kologarn après avoir fait apparaître au moins 25 débris en mode 25 joueurs.",,,,,,,,,,,,,,0xFF01FE,14962,0xA,33,0x0,2380,,,"",,,,,,,,,,,,,,0x7DFF01EC,0,0,
3676,1,-1,0,,,"Le confident argenté",,,,,,,,,,,,,,0xFF01FE,,,"Être exalté auprès du Concordat argenté et obtenir le droit de représenter une ville au tournoi d'Argent.",,,,,,,,,,,,,,0xFF01FE,14941,0xA,33,0x0,2383,,,"Nouvelles quêtes journalières auprès du Concordat argenté au tournoi d'Argent",,,,,,,,,,,,,,0xFF01FE,0,0,
4044,-1,-1,0,,,"Nombre de victoires de l'épreuve du croisé (10 joueurs)",,,,,,,,,,,,,,0xFF01FE,,,"Nombre de victoires de l'épreuve du croisé (10 joueurs)",,,,,,,,,,,,,,0xFF01FE,15021,0x0,33,0x1,1,,,"",,,,,,,,,,,,,,0xFF01EC,0,0,
4404,-1,249,0,,,"Elle inspire plus profondément (10 joueurs)",,,,,,,,,,,,,,0xFF01FE,,,"Vaincre Onyxia, sans que quiconque subisse des dégâts de son inspiration profonde en mode 10 joueurs.",,,,,,,,,,,,,,0xFF01FE,14922,0xA,33,0x0,2128,,,"",,,,,,,,,,,,,,0xFF01EC,0,0,
4407,-1,249,0,,,"Elle inspire plus profondément (25 joueurs)",,,,,,,,,,,,,,0xFF01FE,,,"Vaincre Onyxia, sans que quiconque subisse des dégâts de son inspiration profonde en mode 25 joueurs.",,,,,,,,,,,,,,0xFF01FE,14923,0xA,33,0x0,2128,,,"",,,,,,,,,,,,,,0xFF01EC,0,0,
4646,-1,-1,0,,,"Morts de Pulentraille (Couronne de glace à 10)",,,,,,,,,,,,,,0xFF01FE,,,"Morts de Pulentraille (Couronne de glace à 10)",,,,,,,,,,,,,,0xFF01FE,15062,0x0,33,0x1,1,,,"",,,,,,,,,,,,,,0xFF01FC,0,0,
229,-1,-1,0,,,"Le Faucheur",,,,,,,,,,,,,,0xFF01FE,,,"Obtenir 30 victoires honorables au cours d'un même champ de bataille.",,,,,,,,,,,,,,0xFF01FE,95,0xA,34,0x0,1933,,,"",,,,,,,,,,,,,,0xFF01EE,1,0,
559,-1,-1,0,,,"Nécessiteux",,,,,,,,,,,,,,0xFF01FE,,,"Gagner un jet de besoin sur un objet supérieur au niveau 185 et de qualité supérieure ou mieux en obtenant 100.",,,,,,,,,,,,,,0xFF01FE,92,0xA,34,0x0,2801,,,"",,,,,,,,,,,,,,0xFF01EE,0,0,
691,-1,-1,0,,,"Zul'Aman",,,,,,,,,,,,,,0xFF01FE,,,"Vaincre Zul'jin à Zul'Aman.",,,,,,,,,,,,,,0xFF01FE,14805,0xA,34,0x0,3630,,,"",,,,,,,,,,,,,,0xFF01EE,1,0,
1363,-1,533,0,,,"Morts de Maexxna (Naxxramas à 10)",,,,,,,,,,,,,,0xFF01FE,,,"Morts de Maexxna (Naxxramas à 10)",,,,,,,,,,,,,,0xFF01FE,14823,0xA,34,0x1,1899,,,"",,,,,,,,,,,,,,0x7BFF01EC,0,0,
1426,-1,-1,0,,,"Grand maître dépeceur « Prem's » du royaume",,,,,,,,,,,,,,0xFF01FE,,,"Première personne du royaume à atteindre 450 en dépeçage.",,,,,,,,,,,,,,0xFF01FE,81,0x0,34,0x100,736,,,"",,,,,,,,,,,,,,0xFF01EE,0,0,
2153,-1,608,0,,,"La danse du vide",,,,,,,,,,,,,,0xFF01FE,,,"Vaincre Zuramat l'Oblitérateur dans le fort Pourpre sans tuer de factionnaire du Vide en mode héroïque.",,,,,,,,,,,,,,0xFF01FE,14921,0xA,34,0x0,2242,,,"",,,,,,,,,,,,,,0x7EFF01EC,0,0,
3006,-1,603,0,,,"La vieille dame aux chats (10 joueurs)",,,,,,,,,,,,,,0xFF01FE,,,"Vaincre Auriaya sans détruire ses factionnaires du sanctum en mode 10 joueurs.",,,,,,,,,,,,,,0xFF01FE,14961,0xA,34,0x0,3870,,,"",,,,,,,,,,,,,,0x7BFF01EC,0,0,
3007,-1,603,0,,,"La vieille dame aux chats (25 joueurs)",,,,,,,,,,,,,,0xFF01FE,,,"Vaincre Auriaya sans détruire ses factionnaires du sanctum en mode 25 joueurs.",,,,,,,,,,,,,,0xFF01FE,14962,0xA,34,0x0,3870,,,"",,,,,,,,,,,,,,0x7BFF01EC,0,0,
3677,0,-1,0,,,"Les Saccage-soleil",,,,,,,,,,,,,,0xFF01FE,,,"Être exalté auprès des Saccage-soleil et obtenir le droit de représenter une ville au tournoi d'Argent.",,,,,,,,,,,,,,0xFF01FE,14941,0xA,34,0x0,3976,,,"Nouvelles quêtes journalières auprès des Saccage-soleil au tournoi d'Argent",,,,,,,,,,,,,,0xFF01FE,0,0,
4016,-1,-1,0,,,"Boucherie sans eau (10 joueurs)",,,,,,,,,,,,,,0xFF01FE,,,"Vaincre Archavon le Gardien des pierres, Emalon le Guetteur d'orage et Koralon le Veilleur des flammes à 60 secondes d'intervalle en mode 10 joueurs.",,,,,,,,,,,,,,0xFF01FE,14922,0xA,34,0x0,2603,,,"",,,,,,,,,,,,,,0xFF01EC,0,0,
4017,-1,-1,0,,,"Boucherie sans eau (25 joueurs)",,,,,,,,,,,,,,0xFF01FE,,,"Vaincre Archavon le Gardien des pierres, Emalon le Guetteur d'orage et Koralon le Veilleur des flammes à 60 secondes d'intervalle en mode 25joueurs.",,,,,,,,,,,,,,0xFF01FE,14923,0xA,34,0x0,2603,,,"",,,,,,,,,,,,,,0xFF01EC,0,0,
4045,-1,-1,0,,,"Nombre de victoires de l'épreuve du grand croisé (10 joueurs)",,,,,,,,,,,,,,0xFF01FE,,,"Nombre de victoires de l'épreuve du grand croisé (10 joueurs)",,,,,,,,,,,,,,0xFF01FE,15021,0x0,34,0x1,1,,,"",,,,,,,,,,,,,,0xFF01EC,0,0,
4665,-1,-1,0,,,"Morts de Pulentraille (Couronne de glace héroïque à 10)",,,,,,,,,,,,,,0xFF01FE,,,"Morts de Pulentraille (Couronne de glace héroïque à 10)",,,,,,,,,,,,,,0xFF01FE,15062,0x0,34,0x1,1,,,"",,,,,,,,,,,,,,0xFF01FC,0,0,
692,-1,-1,0,,,"Repaire de Gruul",,,,,,,,,,,,,,0xFF01FE,,,"Vaincre Gruul le Tue-dragon dans le repaire de Gruul.",,,,,,,,,,,,,,0xFF01FE,14805,0xA,35,0x0,3628,,,"",,,,,,,,,,,,,,0xFF01EE,1,0,
714,0,-1,0,,,"Conquérant",,,,,,,,,,,,,,0xFF01FE,,,"Être exalté auprès des factions du goulet des Chanteguerres, du bassin d'Arathi et de la vallée d'Alterac.",,,,,,,,,,,,,,0xFF01FE,95,0x14,35,0x0,2563,,,"Titre : conquérant",,,,,,,,,,,,,,0xFF01FE,0,0,
1165,-1,-1,0,,,"Mon sac est gigantesque !",,,,,,,,,,,,,,0xFF01FE,,,"Équiper le Sac ""gigantesque"" de Haris Pilton.",,,,,,,,,,,,,,0xFF01FE,92,0xA,35,0x0,2989,,,"",,,,,,,,,,,,,,0xFF01EE,0,0,
1365,-1,533,0,,,"Morts de Noth le Porte-peste (Naxxramas à 10)",,,,,,,,,,,,,,0xFF01FE,,,"Morts de Noth le Porte-peste (Naxxramas à 10)",,,,,,,,,,,,,,0xFF01FE,14823,0xA,35,0x1,2997,,,"",,,,,,,,,,,,,,0x7BFF01EC,0,0,
1427,-1,-1,0,,,"Grand maître tailleur « Prem's » du royaume",,,,,,,,,,,,,,0xFF01FE,,,"Première personne du royaume à atteindre 450 en couture.",,,,,,,,,,,,,,0xFF01FE,81,0x0,35,0x100,341,,,"",,,,,,,,,,,,,,0xFF01EE,0,0,
1864,-1,604,0,,,"Quelle odeur !",,,,,,,,,,,,,,0xFF01FE,,,"Vaincre Gal'darah à Gundrak en étant sous l'effet du résidu d'Eck en mode héroïque.",,,,,,,,,,,,,,0xFF01FE,14921,0xA,35,0x0,3299,,,"",,,,,,,,,,,,,,0x7BFF01EC,0,0,
3076,-1,603,0,,,"Neuf vies (10 joueurs)",,,,,,,,,,,,,,0xFF01FE,,,"Vaincre le défenseur farouche pendant le combat contre Auriaya en mode 10 joueurs.",,,,,,,,,,,,,,0xFF01FE,14961,0xA,35,0x0,836,,,"",,,,,,,,,,,,,,0x7DFF01EC,0,0,
3077,-1,603,0,,,"Neuf vies (25 joueurs)",,,,,,,,,,,,,,0xFF01FE,,,"Vaincre le défenseur farouche pendant le combat contre Auriaya en mode 25 joueurs.",,,,,,,,,,,,,,0xFF01FE,14962,0xA,35,0x0,836,,,"",,,,,,,,,,,,,,0x7DFF01EC,0,0,
4046,-1,-1,0,,,"Nombre de victoires de l'épreuve du croisé (25 joueurs)",,,,,,,,,,,,,,0xFF01FE,,,"Nombre de victoires de l'épreuve du croisé (25 joueurs)",,,,,,,,,,,,,,0xFF01FE,15021,0x0,35,0x1,1,,,"",,,,,,,,,,,,,,0xFF01EC,0,0,
4596,-1,-1,0,,,"L'épée du crâne",,,,,,,,,,,,,,0xFF01FE,,,"Retrouver la poignée manquante de Quel'Delar, retirer la lame de son logement, reforger l'arme, la purifier dans le Puits de soleil et la présenter pour en obtenir une juste récompense.",,,,,,,,,,,,,,0xFF01FE,14941,0xA,35,0x0,4143,,,"",,,,,,,,,,,,,,0xFF01FC,1,0,
4666,-1,-1,0,,,"Morts de Pulentraille (Couronne de glace à 25)",,,,,,,,,,,,,,0xFF01FE,,,"Morts de Pulentraille (Couronne de glace à 25)",,,,,,,,,,,,,,0xFF01FE,15062,0x0,35,0x1,1,,,"",,,,,,,,,,,,,,0xFF01FC,0,0,
4815,-1,-1,0,,,"Le destructeur du Crépuscule (25 joueurs)",,,,,,,,,,,,,,0xFF01FE,,,"Vaincre Halion au sanctum Rubis en mode 25 joueurs.",,,,,,,,,,,,,,0xFF01FE,14923,0xA,35,0x0,164,,,"",,,,,,,,,,,,,,0xFF01EC,0,0,
4817,-1,-1,0,,,"Le destructeur du Crépuscule (10 joueurs)",,,,,,,,,,,,,,0xFF01FE,,,"Vaincre Halion au sanctum Rubis en mode 10 joueurs.",,,,,,,,,,,,,,0xFF01FE,14922,0xA,35,0x0,164,,,"",,,,,,,,,,,,,,0xFF01EC,0,0,
693,-1,-1,0,,,"Repaire de Magtheridon",,,,,,,,,,,,,,0xFF01FE,,,"Vaincre Magtheridon dans le repaire de Magtheridon.",,,,,,,,,,,,,,0xFF01FE,14805,0xA,36,0x0,3640,,,"",,,,,,,,,,,,,,0xFF01EE,1,0,
907,1,-1,0,,,"Le justicier",,,,,,,,,,,,,,0xFF01FE,,,"Être exalté auprès des factions du goulet des Chanteguerres, du bassin d'Arathi et de la vallée d'Alterac.",,,,,,,,,,,,,,0xFF01FE,95,0x14,36,0x0,2924,,,"Titre : justicier",,,,,,,,,,,,,,0xFF01FE,0,0,
1187,-1,-1,0,,,"Le maître des clés",,,,,,,,,,,,,,0xFF01FE,,,"Obtenir les clés listées ci-dessous.",,,,,,,,,,,,,,0xFF01FE,92,0xA,36,0x0,2502,,,"",,,,,,,,,,,,,,0xFF01EE,0,0,
1364,-1,533,0,,,"Morts du Recousu (Naxxramas à 10)",,,,,,,,,,,,,,0xFF01FE,,,"Morts du Recousu (Naxxramas à 10)",,,,,,,,,,,,,,0xFF01FE,14823,0xA,36,0x1,97,,,"",,,,,,,,,,,,,,0x7BFF01EC,0,0,
1400,-1,616,0,,,"Cherche-magie « Prem's » du royaume",,,,,,,,,,,,,,0xFF01FE,,,"Avoir participé au premier raid du royaume ayant vaincu Malygos en mode 25 joueurs.",,,,,,,,,,,,,,0xFF01FE,81,0x0,36,0x300,1700,,,"Titre : cherche-magie",,,,,,,,,,,,,,0xFF01FE,0,0,
2152,-1,604,0,,,"L'amour est partout",,,,,,,,,,,,,,0xFF01FE,,,"Vaincre Gal'darah à Gundrak alors que les cinq personnages du groupe se sont fait empaler au cours du combat en mode héroïque.",,,,,,,,,,,,,,0xFF01FE,14921,0xA,36,0x0,2714,,,"",,,,,,,,,,,,,,0x7BFF01EC,0,0,
2961,-1,603,0,,,"Gare au gel (10 joueurs)",,,,,,,,,,,,,,0xFF01FE,,,"Vaincre Hodir sans qu'un seul membre du raid soit touché par son gel instantané en mode 10 joueurs.",,,,,,,,,,,,,,0xFF01FE,14961,0xA,36,0x0,56,,,"",,,,,,,,,,,,,,0x7DFF01EC,0,0,
2962,-1,603,0,,,"Gare au gel (25 joueurs)",,,,,,,,,,,,,,0xFF01FE,,,"Vaincre Hodir sans qu'un seul membre du raid soit touché par son gel instantané en mode 25 joueurs.",,,,,,,,,,,,,,0xFF01FE,14962,0xA,36,0x0,56,,,"",,,,,,,,,,,,,,0x7DFF01EC,0,0,
4047,-1,-1,0,,,"Nombre de victoires de l'épreuve du grand croisé (25 joueurs)",,,,,,,,,,,,,,0xFF01FE,,,"Nombre de victoires de l'épreuve du grand croisé (25 joueurs)",,,,,,,,,,,,,,0xFF01FE,15021,0x0,36,0x1,1,,,"",,,,,,,,,,,,,,0xFF01EC,0,0,
4667,-1,-1,0,,,"Morts de Pulentraille (Couronne de glace héroïque à 25)",,,,,,,,,,,,,,0xFF01FE,,,"Morts de Pulentraille (Couronne de glace héroïque à 25)",,,,,,,,,,,,,,0xFF01FE,15062,0x0,36,0x1,1,,,"",,,,,,,,,,,,,,0xFF01FC,0,0,
4816,-1,-1,4815,,,"Le destructeur du Crépuscule : mode héroïque (25 joueurs)",,,,,,,,,,,,,,0xFF01FE,,,"Vaincre Halion au sanctum Rubis en mode héroïque à 25 joueurs.",,,,,,,,,,,,,,0xFF01FE,14923,0xA,36,0x0,164,,,"",,,,,,,,,,,,,,0xFF01EC,0,0,
4818,-1,-1,4817,,,"Le destructeur du Crépuscule : mode héroïque (10 joueurs)",,,,,,,,,,,,,,0xFF01FE,,,"Vaincre Halion au sanctum Rubis en mode héroïque à 10 joueurs.",,,,,,,,,,,,,,0xFF01FE,14922,0xA,36,0x0,164,,,"",,,,,,,,,,,,,,0xFF01EC,0,0,
456,-1,615,0,,,"Tueur de l'obsidien « Prem's » du royaume",,,,,,,,,,,,,,0xFF01FE,,,"Avoir participé au premier raid du royaume ayant vaincu Sartharion le Gardien d'Onyx en mode 25 joueurs.",,,,,,,,,,,,,,0xFF01FE,81,0x0,37,0x300,3308,,,"Titre : tueur de l'obsidien",,,,,,,,,,,,,,0xFF01FE,0,0,
694,-1,-1,0,,,"Caverne du sanctuaire du Serpent",,,,,,,,,,,,,,0xFF01FE,,,"Vaincre Dame Vashj dans la caverne du sanctuaire du Serpent.",,,,,,,,,,,,,,0xFF01FE,14805,0xA,37,0x0,3658,,,"",,,,,,,,,,,,,,0xFF01EE,1,0,
908,1,-1,0,,,"Appel aux armes !",,,,,,,,,,,,,,0xFF01FE,,,"Achever les versions de niveau 80 de chacune des quêtes journalières de champ de bataille Appel aux armes listées ci-dessous.",,,,,,,,,,,,,,0xFF01FE,95,0xA,37,0x0,2841,,,"",,,,,,,,,,,,,,0xFF01EE,0,0,
1206,-1,-1,0,,,"À tous les écureuils que j'ai aimés, avant",,,,,,,,,,,,,,0xFF01FE,,,"Montrer tout votre /amour aux bestioles d'Azeroth.",,,,,,,,,,,,,,0xFF01FE,92,0xA,37,0x0,3132,,,"",,,,,,,,,,,,,,0xFF01EE,0,0,
1373,-1,533,0,,,"Morts de Thaddius (Naxxramas à 10)",,,,,,,,,,,,,,0xFF01FE,,,"Morts de Thaddius (Naxxramas à 10)",,,,,,,,,,,,,,0xFF01FE,14823,0xA,37,0x1,97,,,"",,,,,,,,,,,,,,0x7BFF01EC,0,0,
2040,-1,604,0,,,"Moin-rabi",,,,,,,,,,,,,,0xFF01FE,,,"Vaincre Moorabi à Gundrak en l'empêchant de se transformer en mammouth tout au long du combat en mode héroïque.",,,,,,,,,,,,,,0xFF01FE,14921,0xA,37,0x0,3394,,,"",,,,,,,,,,,,,,0x7BFF01EC,0,0,
2963,-1,603,0,,,"Les meilleurs amis du monde (10 joueurs)",,,,,,,,,,,,,,0xFF01FE,,,"Vaincre Hodir sans qu'un seul PNJ allié meure en mode 10 joueurs.",,,,,,,,,,,,,,0xFF01FE,14961,0xA,37,0x0,36,,,"",,,,,,,,,,,,,,0x7DFF01EC,0,0,
2965,-1,603,0,,,"Les meilleurs amis du monde (25 joueurs)",,,,,,,,,,,,,,0xFF01FE,,,"Vaincre Hodir sans qu'un seul PNJ allié meure en mode 25 joueurs.",,,,,,,,,,,,,,0xFF01FE,14962,0xA,37,0x0,36,,,"",,,,,,,,,,,,,,0x7DFF01EC,0,0,
4074,-1,624,0,,,"Morts de Koralon le Veilleur des flammes (Joug-d'hiver à 10 joueurs)",,,,,,,,,,,,,,0xFF01FE,,,"Morts de Koralon le Veilleur des flammes (Joug-d'hiver à 10 joueurs)",,,,,,,,,,,,,,0xFF01FE,15021,0xA,37,0x1,187,,,"",,,,,,,,,,,,,,0xFF01EC,0,0,
4647,-1,-1,0,,,"Morts de Trognepus (Couronne de glace à 10)",,,,,,,,,,,,,,0xFF01FE,,,"Morts de Trognepus (Couronne de glace à 10)",,,,,,,,,,,,,,0xFF01FE,15062,0x0,37,0x1,1,,,"",,,,,,,,,,,,,,0xFF01FC,0,0,
696,-1,-1,0,,,"Donjon de la Tempête",,,,,,,,,,,,,,0xFF01FE,,,"Vaincre Kael'thas Haut-soleil au donjon de la Tempête.",,,,,,,,,,,,,,0xFF01FE,14805,0xA,38,0x0,3284,,,"",,,,,,,,,,,,,,0xFF01EE,1,0,
909,0,-1,0,,,"Appel aux armes !",,,,,,,,,,,,,,0xFF01FE,,,"Achever les versions de niveau 80 de chacune des quêtes journalières de champ de bataille Appel aux armes listées ci-dessous.",,,,,,,,,,,,,,0xFF01FE,95,0xA,38,0x0,2841,,,"",,,,,,,,,,,,,,0xFF01EE,0,0,
1376,-1,533,0,,,"Morts de Saphiron (Naxxramas à 10)",,,,,,,,,,,,,,0xFF01FE,,,"Morts de Saphiron (Naxxramas à 10)",,,,,,,,,,,,,,0xFF01FE,14823,0xA,38,0x1,1700,,,"",,,,,,,,,,,,,,0x7BFF01EC,0,0,
1402,-1,533,0,,,"Conquérant de Naxxramas « Prem's »",,,,,,,,,,,,,,0xFF01FE,,,"Avoir participé au premier raid du royaume ayant vaincu Kel'Thuzad en mode 25 joueurs.",,,,,,,,,,,,,,0xFF01FE,81,0x0,38,0x300,1898,,,"Titre : conquérant de Naxxramas",,,,,,,,,,,,,,0xFF01FE,0,0,
2058,-1,604,0,,,"Des serpents, fallait que ce soit des serpents !",,,,,,,,,,,,,,0xFF01FE,,,"Vaincre Slad'ran à Gundrak sans se faire enrouler par des serpents en mode héroïque.",,,,,,,,,,,,,,0xFF01FE,14921,0xA,38,0x0,2936,,,"",,,,,,,,,,,,,,0x7BFF01EC,0,0,
2557,-1,-1,0,,,"À tous les écureuils qui ont partagé ma vie",,,,,,,,,,,,,,0xFF01FE,,,"Montrer tout votre /amour à encore plus de bestioles d'Azeroth.",,,,,,,,,,,,,,0xFF01FE,92,0xA,38,0x0,3132,,,"",,,,,,,,,,,,,,0x64FF01EC,0,0,
2967,-1,603,0,,,"Ça caille ici (10 joueurs)",,,,,,,,,,,,,,0xFF01FE,,,"Vaincre Hodir sans que son froid mordant s'empile plus de 2 fois sur les membres du raid en mode 10 joueurs.",,,,,,,,,,,,,,0xFF01FE,14961,0xA,38,0x0,3862,,,"",,,,,,,,,,,,,,0x7DFF01EC,0,0,
2968,-1,603,0,,,"Ça caille ici (25 joueurs)",,,,,,,,,,,,,,0xFF01FE,,,"Vaincre Hodir sans que son froid mordant s'empile plus de 2 fois sur les membres du raid en mode 25 joueurs.",,,,,,,,,,,,,,0xFF01FE,14962,0xA,38,0x0,501,,,"",,,,,,,,,,,,,,0x7DFF01EC,0,0,
4075,-1,624,0,,,"Morts de Koralon le Veilleur des flammes (Joug-d'hiver à 25 joueurs)",,,,,,,,,,,,,,0xFF01FE,,,"Morts de Koralon le Veilleur des flammes (Joug-d'hiver à 25 joueurs)",,,,,,,,,,,,,,0xFF01FE,15021,0xA,38,0x1,187,,,"",,,,,,,,,,,,,,0xFF01EC,0,0,
4668,-1,-1,0,,,"Morts de Trognepus (Couronne de glace héroïque à 10)",,,,,,,,,,,,,,0xFF01FE,,,"Morts de Trognepus (Couronne de glace héroïque à 10)",,,,,,,,,,,,,,0xFF01FE,15062,0x0,38,0x1,1,,,"",,,,,,,,,,,,,,0xFF01FC,0,0,
227,-1,-1,0,,,"Contrôle des dégâts",,,,,,,,,,,,,,0xFF01FE,,,"Infliger 300 000 points de dégâts ou prodiguer 300 000 points de soins au cours d'un même champ de bataille. Les dégâts ou les soins doivent cibler des personnages-joueurs.",,,,,,,,,,,,,,0xFF01FE,95,0xA,39,0x0,3422,,,"",,,,,,,,,,,,,,0xFF01EE,1,0,
695,-1,-1,0,,,"La bataille du mont Hyjal",,,,,,,,,,,,,,0xFF01FE,,,"Vaincre Archimonde au cours de la bataille du mont Hyjal.",,,,,,,,,,,,,,0xFF01FE,14805,0xA,39,0x0,3639,,,"",,,,,,,,,,,,,,0xFF01EE,1,0,
1377,-1,533,0,,,"Morts de Kel'Thuzad (Naxxramas à 10)",,,,,,,,,,,,,,0xFF01FE,,,"Morts de Kel'Thuzad (Naxxramas à 10)",,,,,,,,,,,,,,0xFF01FE,14823,0xA,39,0x1,1898,,,"",,,,,,,,,,,,,,0x7BFF01EC,0,0,
1866,-1,599,0,,,"Pour la peine",,,,,,,,,,,,,,0xFF01FE,,,"Vaincre la Damoiselle de peine dans les salles de Pierre en 1 minute maximum en mode héroïque.",,,,,,,,,,,,,,0xFF01FE,14921,0xA,39,0x0,3301,,,"",,,,,,,,,,,,,,0x7AFF01EC,0,0,
2556,-1,-1,0,,,"Désinsectisation",,,,,,,,,,,,,,0xFF01FE,,,"Tuer les nuisibles listés ci-dessous.",,,,,,,,,,,,,,0xFF01FE,92,0xA,39,0x0,1586,,,"",,,,,,,,,,,,,,0x64FF01EC,0,0,
2970,-1,603,0,,,"Paré pour l'hiver (25 joueurs)",,,,,,,,,,,,,,0xFF01FE,,,"Posséder les effets de Feu douillet, Puissance de la tempête et Lumière stellaire en même temps en mode 25 joueurs.",,,,,,,,,,,,,,0xFF01FE,14962,0xA,39,0x0,11,,,"",,,,,,,,,,,,,,0x7DFF01EC,1,0,
3117,-1,603,0,,,"Faucheur de la Mort « Prem's » du royaume",,,,,,,,,,,,,,0xFF01FE,,,"Avoir participé au premier raid du royaume ayant vaincu Yogg-Saron sans l'aide des gardiens en mode 25 joueurs.",,,,,,,,,,,,,,0xFF01FE,81,0x0,39,0x300,3848,,,"Titre : faucheur de la Mort",,,,,,,,,,,,,,0xFF01FE,0,0,
3182,-1,603,0,,,"Jouons à casse-cache (10 joueurs)",,,,,,,,,,,,,,0xFF01FE,,,"Vaincre Hodir avant qu'il ne détruise sa cache rare en mode 10 joueurs.",,,,,,,,,,,,,,0xFF01FE,14961,0xA,39,0x0,3927,,,"",,,,,,,,,,,,,,0xFDFF01EC,0,0,
4669,-1,-1,0,,,"Morts de Trognepus (Couronne de glace à 25)",,,,,,,,,,,,,,0xFF01FE,,,"Morts de Trognepus (Couronne de glace à 25)",,,,,,,,,,,,,,0xFF01FE,15062,0x0,39,0x1,1,,,"",,,,,,,,,,,,,,0xFF01FC,0,0,
231,-1,-1,0,,,"Boulet de démolition",,,,,,,,,,,,,,0xFF01FE,,,"Asséner 20 coups fatals sans mourir au cours de la même bataille sur n'importe quel champ de bataille.",,,,,,,,,,,,,,0xFF01FE,95,0xA,40,0x10,2770,,,"",,,,,,,,,,,,,,0xFF01EE,1,0,
697,-1,-1,0,,,"Le Temple noir",,,,,,,,,,,,,,0xFF01FE,,,"Vaincre Illidan Hurlorage au Temple noir.",,,,,,,,,,,,,,0xFF01FE,14805,0xA,40,0x0,3663,,,"",,,,,,,,,,,,,,0xFF01EE,1,0,
1254,-1,-1,0,,,"Le dindon de la farce",,,,,,,,,,,,,,0xFF01FE,,,"Tuer 15 dindes en 3 minutes.",,,,,,,,,,,,,,0xFF01FE,92,0xA,40,0x0,1467,,,"",,,,,,,,,,,,,,0x7DFF01EE,0,0,
2155,-1,599,0,,,"Éliminons les limons",,,,,,,,,,,,,,0xFF01FE,,,"Vaincre Sjonnir le Sculptefer dans les salles de Pierre et tuer 5 vases de fer pendant la rencontre en mode héroïque.",,,,,,,,,,,,,,0xFF01FE,14921,0xA,40,0x0,1541,,,"",,,,,,,,,,,,,,0x7EFF01EC,0,0,
2596,-1,533,0,,,"Morts de M. Bigglesworth",,,,,,,,,,,,,,0xFF01FE,,,"Morts de M. Bigglesworth",,,,,,,,,,,,,,0xFF01FE,14823,0xA,40,0x21,1700,,,"",,,,,,,,,,,,,,0x7BFF01EC,0,0,
2969,-1,603,0,,,"Paré pour l'hiver (10 joueurs)",,,,,,,,,,,,,,0xFF01FE,,,"Posséder les effets de Feu douillet, Puissance de la tempête et Lumière stellaire en même temps en mode 10 joueurs.",,,,,,,,,,,,,,0xFF01FE,14961,0xA,40,0x0,11,,,"",,,,,,,,,,,,,,0x7DFF01EC,1,0,
3184,-1,603,0,,,"Jouons à casse-cache (25joueurs)",,,,,,,,,,,,,,0xFF01FE,,,"Vaincre Hodir avant qu'il ne détruise sa cache rare en mode 25 joueurs.",,,,,,,,,,,,,,0xFF01FE,14962,0xA,40,0x0,3927,,,"",,,,,,,,,,,,,,0xE8FF01EC,0,0,
3259,-1,603,0,,,"Défenseur céleste « Prem's » du royaume",,,,,,,,,,,,,,0xFF01FE,,,"Avoir participé au premier raid du royaume ayant vaincu Algalon l'Observateur en mode 25 joueurs.",,,,,,,,,,,,,,0xFF01FE,81,0x0,40,0x300,3869,,,"Titre : défenseur céleste",,,,,,,,,,,,,,0xFF01FE,0,0,
4670,-1,-1,0,,,"Morts de Trognepus (Couronne de glace héroïque à 25)",,,,,,,,,,,,,,0xFF01FE,,,"Morts de Trognepus (Couronne de glace héroïque à 25)",,,,,,,,,,,,,,0xFF01FE,15062,0x0,40,0x1,1,,,"",,,,,,,,,,,,,,0xFF01FC,0,0,
698,-1,-1,0,,,"Plateau du Puits de soleil",,,,,,,,,,,,,,0xFF01FE,,,"Vaincre Kil'jaeden sur le Plateau du Puits de soleil.",,,,,,,,,,,,,,0xFF01FE,14805,0xA,41,0x0,3592,,,"",,,,,,,,,,,,,,0xFF01EE,1,0,
1244,-1,-1,0,,,"Bonne lecture",,,,,,,,,,,,,,0xFF01FE,,,"Lire les livres listés ci-dessous.",,,,,,,,,,,,,,0xFF01FE,92,0xA,41,0x0,2892,,,"",,,,,,,,,,,,,,0x7DFF01EE,0,0,
1368,-1,533,0,,,"Morts d'Anub'Rekhan (Naxxramas à 25)",,,,,,,,,,,,,,0xFF01FE,,,"Morts d'Anub'Rekhan (Naxxramas à 25)",,,,,,,,,,,,,,0xFF01FE,14823,0xA,41,0x1,1899,,,"",,,,,,,,,,,,,,0x7BFF01EC,0,0,
2016,1,-1,0,,,"Vétéran grisé",,,,,,,,,,,,,,0xFF01FE,,,"Achever les quêtes JcJ journalières des Grisonnes listées ci-dessous.",,,,,,,,,,,,,,0xFF01FE,95,0xA,41,0x0,3343,,,"",,,,,,,,,,,,,,0x7EFF01EC,0,0,
2154,-1,599,0,,,"Au nez et à la barbe de Brann",,,,,,,,,,,,,,0xFF01FE,,,"Vaincre les ennemis du tribunal des Âges dans les salles de Pierre sans que Brann Barbe-de-bronze subisse des dégâts en mode héroïque.",,,,,,,,,,,,,,0xFF01FE,14921,0xA,41,0x0,3286,,,"",,,,,,,,,,,,,,0x7EFF01EC,0,0,
2971,-1,603,0,,,"Foudres de guerre, de foudre guère (10 joueurs)",,,,,,,,,,,,,,0xFF01FE,,,"Vaincre Thorim sans qu'un seul membre du raid soit touché par une charge de foudre en mode 10 joueurs.",,,,,,,,,,,,,,0xFF01FE,14961,0xA,41,0x0,320,,,"",,,,,,,,,,,,,,0x7DFF01EC,0,0,
2972,-1,603,0,,,"Foudres de guerre, de foudre guère (25 joueurs)",,,,,,,,,,,,,,0xFF01FE,,,"Vaincre Thorim sans qu'un seul membre du raid soit touché par une charge de foudre en mode 25 joueurs.",,,,,,,,,,,,,,0xFF01FE,14962,0xA,41,0x0,320,,,"",,,,,,,,,,,,,,0x7BFF01EC,0,0,
4078,-1,649,0,,,"Grand croisé « Prem's » du royaume",,,,,,,,,,,,,,0xFF01FE,,,"Avoir participé au premier raid du royaume ayant remporté l'épreuve du grand croisé alors qu'il reste 50 tentatives en mode 25 joueurs.",,,,,,,,,,,,,,0xFF01FE,81,0x0,41,0x300,3805,,,"Titre : grand croisé",,,,,,,,,,,,,,0xFF01FE,0,0,
4648,-1,-1,0,,,"Morts du conseil des princes de sang (Couronne de glace à 10)",,,,,,,,,,,,,,0xFF01FE,,,"Morts du conseil des princes de sang (Couronne de glace à 10)",,,,,,,,,,,,,,0xFF01FE,15062,0x0,41,0x1,1,,,"",,,,,,,,,,,,,,0xFF01FC,0,0,
1378,-1,533,0,,,"Morts de Gluth (Naxxramas à 25)",,,,,,,,,,,,,,0xFF01FE,,,"Morts de Gluth (Naxxramas à 25)",,,,,,,,,,,,,,0xFF01FE,14823,0xA,42,0x1,97,,,"",,,,,,,,,,,,,,0x7BFF01EC,0,0,
1867,-1,602,0,,,"Une mort chronométrée",,,,,,,,,,,,,,0xFF01FE,,,"Vaincre Loken dans les salles de Foudre en 2 minutes maximum en mode héroïque.",,,,,,,,,,,,,,0xFF01FE,14921,0xA,42,0x0,3302,,,"",,,,,,,,,,,,,,0x7AFF01EC,0,0,
1956,-1,571,0,,,"Lectures studieuses",,,,,,,,,,,,,,0xFF01FE,,,"Lire les volumes de « Les écoles de magie des arcanes » trouvés à Dalaran et listés ci-dessous.",,,,,,,,,,,,,,0xFF01FE,92,0xA,42,0x0,1865,,,"Récompense : Les écoles de magie des arcanes - Maîtrise",,,,,,,,,,,,,,0xFF01FE,0,0,
2017,0,-1,0,,,"Vétéran grisé",,,,,,,,,,,,,,0xFF01FE,,,"Achever les quêtes JcJ journalières des Grisonnes listées ci-dessous.",,,,,,,,,,,,,,0xFF01FE,95,0xA,42,0x0,3343,,,"",,,,,,,,,,,,,,0x7EFF01EC,0,0,
2973,-1,603,0,,,"Vous allez tous y passer (10 joueurs)",,,,,,,,,,,,,,0xFF01FE,,,"Vaincre Thorim, l'ancien géant runique et le colosse runique en mode 10 joueurs.",,,,,,,,,,,,,,0xFF01FE,14961,0xA,42,0x0,3864,,,"",,,,,,,,,,,,,,0x7BFF01EC,0,0,
2974,-1,603,0,,,"Vous allez tous y passer (25 joueurs)",,,,,,,,,,,,,,0xFF01FE,,,"Vaincre Thorim, l'ancien géant runique et le colosse runique en mode 25 joueurs.",,,,,,,,,,,,,,0xFF01FE,14962,0xA,42,0x0,3864,,,"",,,,,,,,,,,,,,0x7BFF01EC,0,0,
4576,-1,631,0,,,"La chute du roi-liche « Prem's » du royaume",,,,,,,,,,,,,,0xFF01FE,,,"Avoir participé au premier raid du royaume ayant vaincu le roi-liche à 25 joueurs en mode héroïque.",,,,,,,,,,,,,,0xFF01FE,81,0x0,42,0x300,4127,,,"",,,,,,,,,,,,,,0xFF01FE,0,0,
4671,-1,-1,0,,,"Morts du conseil des princes de sang (Couronne de glace héroïque à 10)",,,,,,,,,,,,,,0xFF01FE,,,"Morts du conseil des princes de sang (Couronne de glace héroïque à 10)",,,,,,,,,,,,,,0xFF01FE,15062,0x0,42,0x1,1,,,"",,,,,,,,,,,,,,0xFF01FC,0,0,
230,1,-1,0,,,"Maître de guerre",,,,,,,,,,,,,,0xFF01FE,,,"Accomplir les hauts faits de champ de bataille listés ci-dessous.",,,,,,,,,,,,,,0xFF01FE,95,0x32,43,0x0,3372,,,"Titre : maître de guerre",,,,,,,,,,,,,,0xFF01FE,0,0,
1379,-1,533,0,,,"Morts de Gothik le Moissonneur (Naxxramas à 25)",,,,,,,,,,,,,,0xFF01FE,,,"Morts de Gothik le Moissonneur (Naxxramas à 25)",,,,,,,,,,,,,,0xFF01FE,14823,0xA,43,0x1,2639,,,"",,,,,,,,,,,,,,0x7BFF01EC,0,0,
1463,-1,-1,0,,,"Avant-garde du Norfendre « Prem's » du royaume",,,,,,,,,,,,,,0xFF01FE,,,"Première personne du royaume à être exaltée auprès de la Croisade d'argent, de l'Accord du Repos du ver, du Kirin Tor et des chevaliers de la Lame d'ébène.",,,,,,,,,,,,,,0xFF01FE,81,0x0,43,0x100,2207,,,"",,,,,,,,,,,,,,0xFF01EE,0,0,
1833,-1,-1,0,,,"C'est ma tournée !",,,,,,,,,,,,,,0xFF01FE,,,"Boire 25 boissons différentes.",,,,,,,,,,,,,,0xFF01FE,92,0xA,43,0xA0,3083,,,"",,,,,,,,,,,,,,0x7AFF01EC,25,346,
1834,-1,602,0,,,"Coup de foudre",,,,,,,,,,,,,,0xFF01FE,,,"Vaincre le général Bjarngrin dans les salles de Foudre alors qu'il est sous l'effet d'une charge électrique temporaire en mode héroïque.",,,,,,,,,,,,,,0xFF01FE,14921,0xA,43,0x0,3242,,,"",,,,,,,,,,,,,,0x7EFF01EC,0,0,
2975,-1,603,0,,,"Son quart d'heure de célérité (10 joueurs)",,,,,,,,,,,,,,0xFF01FE,,,"Vaincre Thorim en étant sous l'effet de l'aura de célérité en mode 10 joueurs.",,,,,,,,,,,,,,0xFF01FE,14961,0xA,43,0x0,122,,,"",,,,,,,,,,,,,,0x7BFF01EC,0,0,
2976,-1,603,0,,,"Son quart d'heure de célérité (25 joueurs)",,,,,,,,,,,,,,0xFF01FE,,,"Vaincre Thorim en étant sous l'effet de l'aura de célérité en mode 25 joueurs.",,,,,,,,,,,,,,0xFF01FE,14962,0xA,43,0x0,122,,,"",,,,,,,,,,,,,,0x7BFF01EC,0,0,
4672,-1,-1,0,,,"Morts du conseil des princes de sang (Couronne de glace à 25)",,,,,,,,,,,,,,0xFF01FE,,,"Morts du conseil des princes de sang (Couronne de glace à 25)",,,,,,,,,,,,,,0xFF01FE,15062,0x0,43,0x1,1,,,"",,,,,,,,,,,,,,0xFF01FC,0,0,
662,-1,-1,0,,,"Édition collector : mini Diablo",,,,,,,,,,,,,,0xFF01FE,,,"Posséder le mini Diablo de l'édition collector de World of Warcraft.",,,,,,,,,,,,,,0xFF01FE,81,0x0,44,0x0,2795,,,"",,,,,,,,,,,,,,0xFF01EE,1,0,
1175,0,-1,0,,,"Maître de guerre",,,,,,,,,,,,,,0xFF01FE,,,"Accomplir les hauts faits de champ de bataille listés ci-dessous.",,,,,,,,,,,,,,0xFF01FE,95,0x32,44,0x0,3373,,,"Titre : maître de guerre",,,,,,,,,,,,,,0xFF01FE,0,0,
1380,-1,533,0,,,"Morts de la grande veuve Faerlina (Naxxramas à 25)",,,,,,,,,,,,,,0xFF01FE,,,"Morts de la grande veuve Faerlina (Naxxramas à 25)",,,,,,,,,,,,,,0xFF01FE,14823,0xA,44,0x1,1899,,,"",,,,,,,,,,,,,,0x7BFF01EC,0,0,
1832,-1,-1,0,,,"On dirait du poulet",,,,,,,,,,,,,,0xFF01FE,,,"Goûter 50 types de délicieux plats d'Azeroth.",,,,,,,,,,,,,,0xFF01FE,92,0xA,44,0xA0,3266,,,"",,,,,,,,,,,,,,0x7AFF01EC,50,347,
2042,-1,602,0,,,"Incassables",,,,,,,,,,,,,,0xFF01FE,,,"Vaincre Volkhan dans les salles de Foudre sans qu'il brise plus de 4 golems vermoulus en mode héroïque.",,,,,,,,,,,,,,0xFF01FE,14921,0xA,44,0x0,937,,,"",,,,,,,,,,,,,,0x7EFF01EC,0,0,
2977,-1,603,0,,,"Sifonné (10 joueurs)",,,,,,,,,,,,,,0xFF01FE,,,"Forcer Thorim à entrer dans l'arène alors que Sif est présente en mode 10 joueurs.",,,,,,,,,,,,,,0xFF01FE,14961,0xA,44,0x0,3863,,,"",,,,,,,,,,,,,,0x7BFF01EC,0,0,
2978,-1,603,0,,,"Sifonné (25 joueurs)",,,,,,,,,,,,,,0xFF01FE,,,"Forcer Thorim à entrer dans l'arène alors que Sif est présente en mode 25 joueurs.",,,,,,,,,,,,,,0xFF01FE,14962,0xA,44,0x0,3863,,,"",,,,,,,,,,,,,,0x7BFF01EC,0,0,
4673,-1,-1,0,,,"Morts du conseil des princes de sang (Couronne de glace héroïque à 25)",,,,,,,,,,,,,,0xFF01FE,,,"Morts du conseil des princes de sang (Couronne de glace héroïque à 25)",,,,,,,,,,,,,,0xFF01FE,15062,0x0,44,0x1,1,,,"",,,,,,,,,,,,,,0xFF01FC,0,0,
663,-1,-1,0,,,"Édition collector : panda",,,,,,,,,,,,,,0xFF01FE,,,"Posséder le bébé panda de l'édition collector de World of Warcraft.",,,,,,,,,,,,,,0xFF01FE,81,0x0,45,0x0,2531,,,"",,,,,,,,,,,,,,0xFF01EE,1,0,
1381,-1,533,0,,,"Morts de Grobbulus (Naxxramas à 25)",,,,,,,,,,,,,,0xFF01FE,,,"Morts de Grobbulus (Naxxramas à 25)",,,,,,,,,,,,,,0xFF01FE,14823,0xA,45,0x1,97,,,"",,,,,,,,,,,,,,0x7BFF01EC,0,0,
1817,-1,595,0,,,"L'épuration du temps",,,,,,,,,,,,,,0xFF01FE,,,"Vaincre le corrupteur infini au cours de l'épuration de Stratholme en mode héroïque.",,,,,,,,,,,,,,0xFF01FE,14921,0xA,45,0x0,3265,,,"",,,,,,,,,,,,,,0x7EFF01EC,0,0,
2076,-1,-1,0,,,"Ours brun cuirassé",,,,,,,,,,,,,,0xFF01FE,,,"Obtenir un ours brun cuirassé auprès de Mei Francis à Dalaran.",,,,,,,,,,,,,,0xFF01FE,92,0xA,45,0x0,3497,,,"",,,,,,,,,,,,,,0x7BFF01EC,1,0,
3176,-1,603,2977,,,"Bercés d'illusions (10 joueurs)",,,,,,,,,,,,,,0xFF01FE,,,"Vaincre Thorim alors que Sif est présente en mode 10 joueurs.",,,,,,,,,,,,,,0xFF01FE,14961,0xA,45,0x0,3863,,,"",,,,,,,,,,,,,,0xE8FF01EC,0,0,
3183,-1,603,2978,,,"Bercés d'illusions (25 joueurs)",,,,,,,,,,,,,,0xFF01FE,,,"Vaincre Thorim alors que Sif est présente en mode 25 joueurs.",,,,,,,,,,,,,,0xFF01FE,14962,0xA,45,0x0,3863,,,"",,,,,,,,,,,,,,0xE8FF01EC,0,0,
4649,-1,-1,0,,,"Valithria Marcherêve sauvée (Couronne de glace à 10)",,,,,,,,,,,,,,0xFF01FE,,,"Valithria Marcherêve sauvée (Couronne de glace à 10)",,,,,,,,,,,,,,0xFF01FE,15062,0x0,45,0x1,1,,,"",,,,,,,,,,,,,,0xFF01FC,0,0,
664,-1,-1,0,,,"Édition collector : zergling",,,,,,,,,,,,,,0xFF01FE,,,"Posséder le zergling de l'édition collector de World of Warcraft.",,,,,,,,,,,,,,0xFF01FE,81,0x0,46,0x0,214,,,"",,,,,,,,,,,,,,0xFF01EE,1,0,
1382,-1,533,0,,,"Morts de Heigan l'Impur (Naxxramas à 25)",,,,,,,,,,,,,,0xFF01FE,,,"Morts de Heigan l'Impur (Naxxramas à 25)",,,,,,,,,,,,,,0xFF01FE,14823,0xA,46,0x1,2997,,,"",,,,,,,,,,,,,,0x7BFF01EC,0,0,
1872,-1,595,0,,,"Foire aux zombies !",,,,,,,,,,,,,,0xFF01FE,,,"Tuer 100 zombies ressuscités en 1 minute dans l'Épuration de Stratholme en mode héroïque.",,,,,,,,,,,,,,0xFF01FE,14921,0xA,46,0x0,3012,,,"",,,,,,,,,,,,,,0x7EFF01EC,0,0,
2077,-1,-1,0,,,"Mammouth laineux",,,,,,,,,,,,,,0xFF01FE,,,"Obtenir un mammouth laineux auprès de Mei Francis à Dalaran.",,,,,,,,,,,,,,0xFF01FE,92,0xA,46,0x0,3443,,,"",,,,,,,,,,,,,,0x7BFF01EC,1,0,
2979,-1,603,0,,,"Ça fera du bois pour l'hiver (10 joueurs)",,,,,,,,,,,,,,0xFF01FE,,,"Vaincre l'ancien Brillefeuille, l'ancien Branchefer et l'ancien Ecorcepierre à 15 secondes d'intervalle les uns des autres en mode 10 joueurs.",,,,,,,,,,,,,,0xFF01FE,14961,0xA,46,0x0,2258,,,"",,,,,,,,,,,,,,0x7BFF01EC,1,0,
3118,-1,603,0,,,"Ça fera du bois pour l'hiver (25 joueurs)",,,,,,,,,,,,,,0xFF01FE,,,"Vaincre l'ancien Brillefeuille, l'ancien Branchefer et l'ancien Ecorcepierre à 15 secondes d'intervalle les uns des autres en mode 25 joueurs.",,,,,,,,,,,,,,0xFF01FE,14962,0xA,46,0x0,2258,,,"",,,,,,,,,,,,,,0xFEFF01EC,1,0,
4674,-1,-1,0,,,"Valithria Marcherêve sauvée (Couronne de glace héroïque à 10)",,,,,,,,,,,,,,0xFF01FE,,,"Valithria Marcherêve sauvée (Couronne de glace héroïque à 10)",,,,,,,,,,,,,,0xFF01FE,15062,0x0,46,0x1,1,,,"",,,,,,,,,,,,,,0xFF01FC,0,0,
665,-1,-1,0,,,"Édition collector : dragonnet du néant",,,,,,,,,,,,,,0xFF01FE,,,"Posséder le dragonnet du néant de l'édition collector de The Burning Crusade.",,,,,,,,,,,,,,0xFF01FE,81,0x0,47,0x0,2449,,,"",,,,,,,,,,,,,,0xFF01EE,1,0,
1383,-1,533,0,,,"Morts des quatre cavaliers (Naxxramas à 25)",,,,,,,,,,,,,,0xFF01FE,,,"Morts des quatre cavaliers (Naxxramas à 25)",,,,,,,,,,,,,,0xFF01FE,14823,0xA,47,0x1,2639,,,"",,,,,,,,,,,,,,0x7BFF01EC,0,0,
2043,-1,575,0,,,"Butez le butor",,,,,,,,,,,,,,0xFF01FE,,,"Forcer Svala Tristetombe à tuer un butor du Fléau sur la cime d'Utgarde en mode héroïque.",,,,,,,,,,,,,,0xFF01FE,14921,0xA,47,0x0,460,,,"",,,,,,,,,,,,,,0x7EFF01EC,0,0,
2078,-1,-1,0,,,"Mammouth de voyage de la toundra",,,,,,,,,,,,,,0xFF01FE,,,"Obtenir un mammouth de voyage de la toundra auprès de Mei Francis à Dalaran.",,,,,,,,,,,,,,0xFF01FE,92,0xA,47,0x0,3443,,,"",,,,,,,,,,,,,,0x7BFF01EC,1,0,
2980,-1,603,0,,,"Le jardin de la Vie-tesse (10 joueurs)",,,,,,,,,,,,,,0xFF01FE,,,"Vaincre Freya dans les 20 minutes après avoir tué une première créature dans le jardin de la Vie en mode 10 joueurs.",,,,,,,,,,,,,,0xFF01FE,14961,0xA,47,0x0,2864,,,"",,,,,,,,,,,,,,0x7BFF01EC,0,0,
2981,-1,603,0,,,"Le jardin de la Vie-tesse (25 joueurs)",,,,,,,,,,,,,,0xFF01FE,,,"Vaincre Freya dans les 20 minutes après avoir tué une première créature dans le jardin de la Vie en mode 25 joueurs.",,,,,,,,,,,,,,0xFF01FE,14962,0xA,47,0x0,2864,,,"",,,,,,,,,,,,,,0x7BFF01EC,0,0,
4675,-1,-1,0,,,"Valithria Marcherêve sauvée (Couronne de glace à 25)",,,,,,,,,,,,,,0xFF01FE,,,"Valithria Marcherêve sauvée (Couronne de glace à 25)",,,,,,,,,,,,,,0xFF01FE,15062,0x0,47,0x1,1,,,"",,,,,,,,,,,,,,0xFF01FC,0,0,
683,-1,-1,0,,,"Édition collector : wyrmelet de givre",,,,,,,,,,,,,,0xFF01FE,,,"Posséder le wyrmelet de givre de l'édition collector de Wrath of the Lich King.",,,,,,,,,,,,,,0xFF01FE,81,0x0,48,0x0,3752,,,"",,,,,,,,,,,,,,0xFF01EE,1,0,
1384,-1,533,0,,,"Morts de l'instructeur Razuvious (Naxxramas à 25)",,,,,,,,,,,,,,0xFF01FE,,,"Morts de l'instructeur Razuvious (Naxxramas à 25)",,,,,,,,,,,,,,0xFF01FE,14823,0xA,48,0x1,2639,,,"",,,,,,,,,,,,,,0x7BFF01EC,0,0,
1873,-1,575,0,,,"Le ska de Skadi",,,,,,,,,,,,,,0xFF01FE,,,"Vaincre Skadi le Brutal sur la cime d'Utgarde dans les 3 minutes qui suivent le début de l'épreuve en mode héroïque.",,,,,,,,,,,,,,0xFF01FE,14921,0xA,48,0x0,3307,,,"",,,,,,,,,,,,,,0x7EFF01EC,0,0,
2097,-1,-1,0,,,"T'as vu ma bécane !",,,,,,,,,,,,,,0xFF01FE,,,"Obtenir une bécane de mekgénieur ou une mécabécane.",,,,,,,,,,,,,,0xFF01FE,92,0xA,48,0x0,1101,,,"",,,,,,,,,,,,,,0x7EFF01EC,1,0,
2984,-1,603,0,,,"Déforestation (25joueurs)",,,,,,,,,,,,,,0xFF01FE,,,"Vaincre 2 esprits de l'eau anciens, 2 flagellants des tempêtes et 2 flagellants mordants en 10 secondes en mode 25 joueurs.",,,,,,,,,,,,,,0xFF01FE,14962,0xA,48,0x0,40,,,"",,,,,,,,,,,,,,0x7BFF01EC,1,0,
2985,-1,603,0,,,"Déforestation (10 joueurs)",,,,,,,,,,,,,,0xFF01FE,,,"Vaincre 2 esprits de l'eau anciens, 2 flagellants des tempêtes et 2 flagellants mordants en 10 secondes en mode 10 joueurs.",,,,,,,,,,,,,,0xFF01FE,14961,0xA,48,0x0,40,,,"",,,,,,,,,,,,,,0x7BFF01EC,1,0,
4676,-1,-1,0,,,"Valithria Marcherêve sauvée (Couronne de glace héroïque à 25)",,,,,,,,,,,,,,0xFF01FE,,,"Valithria Marcherêve sauvée (Couronne de glace héroïque à 25)",,,,,,,,,,,,,,0xFF01FE,15062,0x0,48,0x1,1,,,"",,,,,,,,,,,,,,0xFF01FC,0,0,
1385,-1,533,0,,,"Morts de Horreb (Naxxramas à 25)",,,,,,,,,,,,,,0xFF01FE,,,"Morts de Horreb (Naxxramas à 25)",,,,,,,,,,,,,,0xFF01FE,14823,0xA,49,0x1,2997,,,"",,,,,,,,,,,,,,0x7BFF01EC,0,0,
2084,-1,-1,0,,,"Anneau du Kirin Tor",,,,,,,,,,,,,,0xFF01FE,,,"Acheter une chevalière du Kirin Tor, une bague du Kirin Tor, un jonc du Kirin Tor ou un anneau du Kirin Tor à Dalaran.",,,,,,,,,,,,,,0xFF01FE,92,0xA,49,0x0,3447,,,"",,,,,,,,,,,,,,0x7DFF01EC,1,0,
2156,-1,575,0,,,"La cascade de Skadi",,,,,,,,,,,,,,0xFF01FE,,,"Vaincre Skadi le Brutal sur la cime d'Utgarde après avoir tué Grauf en une seule phase en mode héroïque.",,,,,,,,,,,,,,0xFF01FE,14921,0xA,49,0x0,3319,,,"",,,,,,,,,,,,,,0x7EFF01EC,0,0,
2982,-1,603,0,,,"Chassez le naturel (10 joueurs)",,,,,,,,,,,,,,0xFF01FE,,,"Vaincre Freya alors qu'elle est affectée par 25 empilements d'En harmonie avec la nature en mode 10 joueurs.",,,,,,,,,,,,,,0xFF01FE,14961,0xA,49,0x0,3865,,,"",,,,,,,,,,,,,,0x7BFF01EC,0,0,
2983,-1,603,0,,,"Chassez le naturel (25 joueurs)",,,,,,,,,,,,,,0xFF01FE,,,"Vaincre Freya alors qu'elle est affectée par 25 empilements d'En harmonie avec la nature en mode 25 joueurs.",,,,,,,,,,,,,,0xFF01FE,14962,0xA,49,0x0,3865,,,"",,,,,,,,,,,,,,0x7BFF01EC,0,0,
4650,-1,-1,0,,,"Morts du professeur Putricide (Couronne de glace à 10)",,,,,,,,,,,,,,0xFF01FE,,,"Morts du professeur Putricide (Couronne de glace à 10)",,,,,,,,,,,,,,0xFF01FE,15062,0x0,49,0x1,1,,,"",,,,,,,,,,,,,,0xFF01FC,0,0,
4824,-1,-1,0,,,"Édition collector : mini Thor",,,,,,,,,,,,,,0xFF01FE,,,"Posséder le mini Thor de l'édition collector de StarCraft II.",,,,,,,,,,,,,,0xFF01FE,81,0x0,49,0x0,4347,,,"",,,,,,,,,,,,,,0xFF01EC,1,0,
411,-1,-1,0,,,"Bourbie",,,,,,,,,,,,,,0xFF01FE,,,"Être l'heureux propriétaire de Bourbie, obtenu lors de la BlizzCon 2005 à Anaheim, en Californie.",,,,,,,,,,,,,,0xFF01FE,81,0x0,50,0x0,2316,,,"",,,,,,,,,,,,,,0xFF01EE,1,0,
1386,-1,533,0,,,"Morts de Maexxna (Naxxramas à 25)",,,,,,,,,,,,,,0xFF01FE,,,"Morts de Maexxna (Naxxramas à 25)",,,,,,,,,,,,,,0xFF01FE,14823,0xA,50,0x1,1899,,,"",,,,,,,,,,,,,,0x7BFF01EC,0,0,
2157,-1,575,0,,,"La plaie des rois",,,,,,,,,,,,,,0xFF01FE,,,"Vaincre le roi Ymiron sur la cime d'Utgarde sans qu'un seul membre du groupe déclenche Plaie en mode héroïque.",,,,,,,,,,,,,,0xFF01FE,14921,0xA,50,0x0,3321,,,"",,,,,,,,,,,,,,0x7EFF01EC,0,0,
2716,-1,-1,0,,,"Double spécialisation des talents",,,,,,,,,,,,,,0xFF01FE,,,"Rendez-vous auprès de votre maître de classe à partir du niveau 40 et activez la double spécialisation des talents.",,,,,,,,,,,,,,0xFF01FE,92,0xA,50,0x0,2970,,,"",,,,,,,,,,,,,,0xFEFF01EC,0,0,
3177,-1,603,0,,,"L'arbre qui cache la Freya (10 joueurs)",,,,,,,,,,,,,,0xFF01FE,,,"Vaincre Freya alors qu'au moins un ancien est encore vivant en mode 10 joueurs.",,,,,,,,,,,,,,0xFF01FE,14961,0xA,50,0x0,3642,,,"",,,,,,,,,,,,,,0xE8FF01EC,0,0,
3185,-1,603,0,,,"L'arbre qui cache la Freya (25 joueurs)",,,,,,,,,,,,,,0xFF01FE,,,"Vaincre Freya alors qu'au moins un ancien est encore vivant en mode 25 joueurs.",,,,,,,,,,,,,,0xFF01FE,14962,0xA,50,0x0,3642,,,"",,,,,,,,,,,,,,0xE8FF01EC,0,0,
4677,-1,-1,0,,,"Morts du professeur Putricide (Couronne de glace héroïque à 10)",,,,,,,,,,,,,,0xFF01FE,,,"Morts du professeur Putricide (Couronne de glace héroïque à 10)",,,,,,,,,,,,,,0xFF01FE,15062,0x0,50,0x1,1,,,"",,,,,,,,,,,,,,0xFF01FC,0,0,
412,-1,-1,0,,,"Costume de murloc",,,,,,,,,,,,,,0xFF01FE,,,"Être l'heureux propriétaire du costume de murloc, obtenu lors de la BlizzCon 2007 à Anaheim, en Californie.",,,,,,,,,,,,,,0xFF01FE,81,0x0,51,0x0,1751,,,"",,,,,,,,,,,,,,0xFF01EE,1,0,
1387,-1,533,0,,,"Morts de Noth le Porte-peste (Naxxramas à 25)",,,,,,,,,,,,,,0xFF01FE,,,"Morts de Noth le Porte-peste (Naxxramas à 25)",,,,,,,,,,,,,,0xFF01FE,14823,0xA,51,0x1,2997,,,"",,,,,,,,,,,,,,0x7BFF01EC,0,0,
1871,-1,578,0,,,"Chevaucheur de drakes chevronné",,,,,,,,,,,,,,0xFF01FE,,,"Au cours de trois visites différentes de l'Oculus, tuer le gardien-tellurique Eregos en chevauchant un drake rubis, un drake émeraude et un drake ambre en mode héroïque.",,,,,,,,,,,,,,0xFF01FE,14921,0xA,51,0x0,3306,,,"",,,,,,,,,,,,,,0x7AFF01EC,0,0,
2141,-1,-1,0,,,"Gardien d'écuries",,,,,,,,,,,,,,0xFF01FE,,,"Obtenir 10 montures.",,,,,,,,,,,,,,0xFF01FE,92,0xA,51,0x0,2165,,,"",,,,,,,,,,,,,,0x7AFF01EC,0,0,
3178,-1,603,3177,,,"Les arbres qui cachent la Freya (10 joueurs)",,,,,,,,,,,,,,0xFF01FE,,,"Vaincre Freya alors qu'au moins deux anciens sont encore vivants en mode 10 joueurs.",,,,,,,,,,,,,,0xFF01FE,14961,0xA,51,0x0,3642,,,"",,,,,,,,,,,,,,0xE8FF01EC,0,0,
3186,-1,603,3185,,,"Les arbres qui cachent la Freya (25 joueurs)",,,,,,,,,,,,,,0xFF01FE,,,"Vaincre Freya alors qu'au moins deux anciens sont encore vivants en mode 25 joueurs.",,,,,,,,,,,,,,0xFF01FE,14962,0xA,51,0x0,3642,,,"",,,,,,,,,,,,,,0xE8FF01EC,0,0,
4678,-1,-1,0,,,"Morts du professeur Putricide (Couronne de glace à 25)",,,,,,,,,,,,,,0xFF01FE,,,"Morts du professeur Putricide (Couronne de glace à 25)",,,,,,,,,,,,,,0xFF01FE,15062,0x0,51,0x1,1,,,"",,,,,,,,,,,,,,0xFF01FC,0,0,
415,-1,-1,0,,,"Grand ours du Blizzard",,,,,,,,,,,,,,0xFF01FE,,,"Être l'heureux propriétaire du grand ours du Blizzard, obtenu lors de la BlizzCon 2008.",,,,,,,,,,,,,,0xFF01FE,81,0x0,52,0x0,3895,,,"",,,,,,,,,,,,,,0xFF01EE,1,0,
1367,-1,533,0,,,"Morts du Recousu (Naxxramas à 25)",,,,,,,,,,,,,,0xFF01FE,,,"Morts du Recousu (Naxxramas à 25)",,,,,,,,,,,,,,0xFF01FE,14823,0xA,52,0x1,97,,,"",,,,,,,,,,,,,,0x7BFF01EC,0,0,
1868,-1,578,0,,,"Comptez là-dessus",,,,,,,,,,,,,,0xFF01FE,,,"Vaincre le gardien-tellurique Eregos dans l'Oculus dans les 20 minutes qui suivent la mort de Drakos l'interrogateur en mode héroïque.",,,,,,,,,,,,,,0xFF01FE,14921,0xA,52,0x0,3303,,,"",,,,,,,,,,,,,,0x7AFF01EC,0,0,
2142,-1,-1,2141,,,"L'écurie se remplit",,,,,,,,,,,,,,0xFF01FE,,,"Obtenir 25 montures.",,,,,,,,,,,,,,0xFF01FE,92,0xA,52,0x0,2406,,,"",,,,,,,,,,,,,,0x7AFF01EC,0,0,
3179,-1,603,3178,,,"Tous les arbres qui cachent la Freya (10 joueurs)",,,,,,,,,,,,,,0xFF01FE,,,"Vaincre Freya alors que les trois anciens sont encore vivants en mode 10 joueurs.",,,,,,,,,,,,,,0xFF01FE,14961,0xA,52,0x0,3642,,,"",,,,,,,,,,,,,,0xE8FF01EC,0,0,
3187,-1,603,3186,,,"Tous les arbres qui cachent la Freya (25 joueurs)",,,,,,,,,,,,,,0xFF01FE,,,"Vaincre Freya alors que les trois anciens sont encore vivants en mode 25 joueurs.",,,,,,,,,,,,,,0xFF01FE,14962,0xA,52,0x0,3642,,,"",,,,,,,,,,,,,,0xE8FF01EC,0,0,
4679,-1,-1,0,,,"Morts du professeur Putricide (Couronne de glace héroïque à 25)",,,,,,,,,,,,,,0xFF01FE,,,"Morts du professeur Putricide (Couronne de glace héroïque à 25)",,,,,,,,,,,,,,0xFF01FE,15062,0x0,52,0x1,1,,,"",,,,,,,,,,,,,,0xFF01FC,0,0,
1388,-1,533,0,,,"Morts de Thaddius (Naxxramas à 25)",,,,,,,,,,,,,,0xFF01FE,,,"Morts de Thaddius (Naxxramas à 25)",,,,,,,,,,,,,,0xFF01FE,14823,0xA,53,0x1,97,,,"",,,,,,,,,,,,,,0x7BFF01EC,0,0,
2044,-1,578,0,,,"Le vide rubis",,,,,,,,,,,,,,0xFF01FE,,,"Vaincre le gardien-tellurique Eregos dans l'Oculus sans qu'un seul membre du groupe utilise de drake rubis en mode héroïque.",,,,,,,,,,,,,,0xFF01FE,14921,0xA,53,0x0,3495,,,"",,,,,,,,,,,,,,0x7EFF01EC,0,0,
2143,-1,-1,2142,,,"À la tête de la cavalerie",,,,,,,,,,,,,,0xFF01FE,,,"Obtenir 50 montures.",,,,,,,,,,,,,,0xFF01FE,92,0xA,53,0x0,3444,,,"Récompense : drake albinos",,,,,,,,,,,,,,0xFF01FE,0,0,
2989,-1,603,0,,,"Bombe aisée réussie (10 joueurs)",,,,,,,,,,,,,,0xFF01FE,,,"Vaincre Mimiron sans qu'un seul membre du raid soit victime de ce qui suit, en mode 10 joueurs.",,,,,,,,,,,,,,0xFF01FE,14961,0xA,53,0x0,3261,,,"",,,,,,,,,,,,,,0x7BFF01EC,0,0,
3237,-1,603,0,,,"Bombe aisée réussie (25 joueurs)",,,,,,,,,,,,,,0xFF01FE,,,"Vaincre Mimiron sans qu'un seul membre du raid soit victime de ce qui suit, en mode 25 joueurs.",,,,,,,,,,,,,,0xFF01FE,14962,0xA,53,0x0,3261,,,"",,,,,,,,,,,,,,0x7FF79FC,0,0,
3536,-1,-1,0,,,"Le marine marin",,,,,,,,,,,,,,0xFF01FE,,,"Être l'heureux propriétaire de l'œuf de murloc lourd de Grognie, obtenu lors de la Blizzcon 2009.",,,,,,,,,,,,,,0xFF01FE,81,0x0,53,0x0,2316,,,"",,,,,,,,,,,,,,0xFFF7EE,1,0,
4651,-1,-1,0,,,"Morts de la reine de sang Lana'thel (Couronne de glace à 10)",,,,,,,,,,,,,,0xFF01FE,,,"Morts de la reine de sang Lana'thel (Couronne de glace à 10)",,,,,,,,,,,,,,0xFF01FE,15062,0x0,53,0x1,1,,,"",,,,,,,,,,,,,,0xFF01FC,0,0,
414,-1,-1,0,,,"La garde de Tyraël",,,,,,,,,,,,,,0xFF01FE,,,"Être l'heureux propriétaire de la garde de Tyraël, du Worldwide Invitational 2008 à Paris, en France.",,,,,,,,,,,,,,0xFF01FE,81,0x0,54,0x0,2657,,,"",,,,,,,,,,,,,,0xFF01EE,1,0,
1389,-1,533,0,,,"Morts de Saphiron (Naxxramas à 25)",,,,,,,,,,,,,,0xFF01FE,,,"Morts de Saphiron (Naxxramas à 25)",,,,,,,,,,,,,,0xFF01FE,14823,0xA,54,0x1,1700,,,"",,,,,,,,,,,,,,0x7BFF01EC,0,0,
2045,-1,578,0,,,"Le vide émeraude",,,,,,,,,,,,,,0xFF01FE,,,"Vaincre le gardien-tellurique Eregos dans l'Oculus sans qu'un seul membre du groupe utilise de drake émeraude en mode héroïque.",,,,,,,,,,,,,,0xFF01FE,14921,0xA,54,0x0,3441,,,"",,,,,,,,,,,,,,0x7EFF01EC,0,0,
2536,1,-1,2143,,,"Une montagne de montures",,,,,,,,,,,,,,0xFF01FE,,,"Obtenir 100 montures.",,,,,,,,,,,,,,0xFF01FE,92,0xA,54,0x0,2328,,,"Récompense : faucon-dragon de monte bleu",,,,,,,,,,,,,,0xFF01FE,0,0,
2995,-1,603,0,,,"Un tir pas si amical que ça (25 joueurs)",,,,,,,,,,,,,,0xFF01FE,,,"Forcer Mimiron à tuer un robot d'assaut avec une frappe de fusée en mode 25 joueurs.",,,,,,,,,,,,,,0xFF01FE,14962,0xA,54,0x0,2665,,,"",,,,,,,,,,,,,,0x7BFF01EC,0,0,
3138,-1,603,0,,,"Un tir pas si amical que ça (10 joueurs)",,,,,,,,,,,,,,0xFF01FE,,,"Forcer Mimiron à tuer un robot d'assaut avec une frappe de fusée en mode 10 joueurs.",,,,,,,,,,,,,,0xFF01FE,14961,0xA,54,0x0,2665,,,"",,,,,,,,,,,,,,0x7BFF01EC,0,0,
4680,-1,-1,0,,,"Morts de la reine de sang Lana'thel (Couronne de glace héroïque à 10)",,,,,,,,,,,,,,0xFF01FE,,,"Morts de la reine de sang Lana'thel (Couronne de glace héroïque à 10)",,,,,,,,,,,,,,0xFF01FE,15062,0x0,54,0x1,1,,,"",,,,,,,,,,,,,,0xFF01FC,0,0,
454,0,-1,0,,,"Éclaireur",,,,,,,,,,,,,,0xFF01FE,,,"Avoir obtenu le titre d'éclaireur",,,,,,,,,,,,,,0xFF01FE,81,0x0,55,0x0,3344,,,"",,,,,,,,,,,,,,0xFF01EE,0,0,
1390,-1,533,0,,,"Morts de Kel'Thuzad (Naxxramas à 25)",,,,,,,,,,,,,,0xFF01FE,,,"Morts de Kel'Thuzad (Naxxramas à 25)",,,,,,,,,,,,,,0xFF01FE,14823,0xA,55,0x1,1898,,,"",,,,,,,,,,,,,,0x7BFF01EC,0,0,
2046,-1,578,0,,,"Le vide ambre",,,,,,,,,,,,,,0xFF01FE,,,"Vaincre le gardien-tellurique Eregos dans l'Oculus sans qu'un seul membre du groupe utilise de drake ambre en mode héroïque.",,,,,,,,,,,,,,0xFF01FE,14921,0xA,55,0x0,3440,,,"",,,,,,,,,,,,,,0x7EFF01EC,0,0,
2537,0,-1,2143,,,"Une montagne de montures",,,,,,,,,,,,,,0xFF01FE,,,"Obtenir 100 montures.",,,,,,,,,,,,,,0xFF01FE,92,0xA,55,0x0,2328,,,"Récompense : faucon-dragon de monte rouge",,,,,,,,,,,,,,0xFF01FE,0,0,
3180,-1,603,0,,,"Ne jamais toucher au bouton rouge (10 joueurs)",,,,,,,,,,,,,,0xFF01FE,,,"Vaincre Mimiron après avoir activé son mécanisme d'autodestruction en mode 10 joueurs.",,,,,,,,,,,,,,0xFF01FE,14961,0xA,55,0x0,1696,,,"",,,,,,,,,,,,,,0xE8FF01EC,0,0,
3189,-1,603,0,,,"Ne jamais toucher au bouton rouge (25 joueurs)",,,,,,,,,,,,,,0xFF01FE,,,"Vaincre Mimiron après avoir activé son mécanisme d'autodestruction en mode 25 joueurs.",,,,,,,,,,,,,,0xFF01FE,14962,0xA,55,0x0,1696,,,"",,,,,,,,,,,,,,0xE8FF01EC,0,0,
4681,-1,-1,0,,,"Morts de la reine de sang Lana'thel (Couronne de glace à 25)",,,,,,,,,,,,,,0xFF01FE,,,"Morts de la reine de sang Lana'thel (Couronne de glace à 25)",,,,,,,,,,,,,,0xFF01FE,15062,0x0,55,0x1,1,,,"",,,,,,,,,,,,,,0xFF01FC,0,0,
468,0,-1,0,,,"Grunt",,,,,,,,,,,,,,0xFF01FE,,,"Avoir obtenu le titre de grunt.",,,,,,,,,,,,,,0xFF01FE,81,0x0,56,0x0,3345,,,"",,,,,,,,,,,,,,0xFF01EE,0,0,
1392,-1,615,0,,,"Morts de Sartharion (Chambre des Aspects à 10)",,,,,,,,,,,,,,0xFF01FE,,,"Morts de Sartharion (Chambre des Aspects à 10)",,,,,,,,,,,,,,0xFF01FE,14823,0xA,56,0x1,1699,,,"",,,,,,,,,,,,,,0x7BFF01EC,0,0,
2996,-1,603,0,,,"Marche pas à l'ombre (10 joueurs)",,,,,,,,,,,,,,0xFF01FE,,,"Vaincre le général Vezax sans qu'un seul membre du raid soit touché par sa déferlante d'ombre en mode 10 joueurs.",,,,,,,,,,,,,,0xFF01FE,14961,0xA,56,0x0,1939,,,"",,,,,,,,,,,,,,0x7BFF01EC,0,0,
2997,-1,603,0,,,"Marche pas à l'ombre (25 joueurs)",,,,,,,,,,,,,,0xFF01FE,,,"Vaincre le général Vezax sans qu'un seul membre du raid soit touché par sa déferlante d'ombre en mode 25 joueurs.",,,,,,,,,,,,,,0xFF01FE,14962,0xA,56,0x0,1939,,,"",,,,,,,,,,,,,,0x7BFF01EC,0,0,
3802,-1,-1,0,,,"Confesseur d'argent",,,,,,,,,,,,,,0xFF01FE,,,"Au cours de différentes tentatives de l'épreuve du croisé, vaincre le confesseur d'argent Paletress après avoir supprimé cinq différents souvenirs du passé en mode héroïque.",,,,,,,,,,,,,,0xFF01FE,14921,0xA,56,0x0,2792,,,"",,,,,,,,,,,,,,0xFF1BFF,5,0,
4682,-1,-1,0,,,"Morts de la reine de sang Lana'thel (Couronne de glace héroïque à 25)",,,,,,,,,,,,,,0xFF01FE,,,"Morts de la reine de sang Lana'thel (Couronne de glace héroïque à 25)",,,,,,,,,,,,,,0xFF01FE,15062,0x0,56,0x1,1,,,"",,,,,,,,,,,,,,0xFF01FC,0,0,
453,0,-1,0,,,"Sergent",,,,,,,,,,,,,,0xFF01FE,,,"Avoir obtenu le titre de sergent.",,,,,,,,,,,,,,0xFF01FE,81,0x0,57,0x0,3346,,,"",,,,,,,,,,,,,,0xFF01EE,0,0,
1393,-1,615,0,,,"Morts de Sartharion (Chambre des Aspects à 25)",,,,,,,,,,,,,,0xFF01FE,,,"Morts de Sartharion (Chambre des Aspects à 25)",,,,,,,,,,,,,,0xFF01FE,14823,0xA,57,0x1,1699,,,"",,,,,,,,,,,,,,0x7BFF01EC,0,0,
3181,-1,603,0,,,"J'aime l'odeur de la saronite au petit matin (10 joueurs)",,,,,,,,,,,,,,0xFF01FE,,,"Vaincre le général Vezax après avoir tué l'animus de saronite en mode 10 joueurs.",,,,,,,,,,,,,,0xFF01FE,14961,0xA,57,0x0,3868,,,"",,,,,,,,,,,,,,0xE8FF01EC,0,0,
3188,-1,603,0,,,"J'aime l'odeur de la saronite au petit matin (25 joueurs)",,,,,,,,,,,,,,0xFF01FE,,,"Vaincre le général Vezax après avoir tué l'animus de saronite en mode 25 joueurs.",,,,,,,,,,,,,,0xFF01FE,14962,0xA,57,0x0,3868,,,"",,,,,,,,,,,,,,0xE8FF01EC,0,0,
3803,-1,-1,0,,,"Un marteau pour les pwner tous",,,,,,,,,,,,,,0xFF01FE,,,"Vaincre Eadric le Pur dans l'épreuve du champion avec son propre marteau en mode héroïque.",,,,,,,,,,,,,,0xFF01FE,14921,0xA,57,0x0,42,,,"",,,,,,,,,,,,,,0xFF1BFF,0,0,
4652,-1,-1,0,,,"Morts de Sindragosa (Couronne de glace à 10)",,,,,,,,,,,,,,0xFF01FE,,,"Morts de Sindragosa (Couronne de glace à 10)",,,,,,,,,,,,,,0xFF01FE,15062,0x0,57,0x1,1,,,"",,,,,,,,,,,,,,0xFF01FC,0,0,
450,0,-1,0,,,"Sergent-chef",,,,,,,,,,,,,,0xFF01FE,,,"Avoir obtenu le titre de sergent-chef.",,,,,,,,,,,,,,0xFF01FE,81,0x0,58,0x0,3347,,,"",,,,,,,,,,,,,,0xFF01EE,0,0,
1391,-1,616,0,,,"Morts de Malygos (à 10)",,,,,,,,,,,,,,0xFF01FE,,,"Morts de Malygos (à 10)",,,,,,,,,,,,,,0xFF01FE,14823,0xA,58,0x1,1700,,,"",,,,,,,,,,,,,,0x7BFF01EC,0,0,
3009,-1,603,0,,,"On se fait la bise et on oublie (10 joueurs)",,,,,,,,,,,,,,0xFF01FE,,,"/Embrasser Sara dans Ulduar alors qu'elle est en colère contre vous en mode 10 joueurs.",,,,,,,,,,,,,,0xFF01FE,14961,0xA,58,0x0,3192,,,"",,,,,,,,,,,,,,0x7BFF01EC,0,0,
3011,-1,603,0,,,"On se fait la bise et on oublie (25 joueurs)",,,,,,,,,,,,,,0xFF01FE,,,"/Embrasser Sara dans Ulduar alors qu'elle est en colère contre vous en mode 25 joueurs.",,,,,,,,,,,,,,0xFF01FE,14962,0xA,58,0x0,3192,,,"",,,,,,,,,,,,,,0x7BFF01EC,0,0,
3804,-1,-1,0,,,"J'ai connu pire",,,,,,,,,,,,,,0xFF01FE,,,"Vaincre le Chevalier noir dans l'épreuve du croisé en mode héroïque sans qu'un seul joueur du groupe soit touché par une explosion de goule.",,,,,,,,,,,,,,0xFF01FE,14921,0xA,58,0x0,1652,,,"",,,,,,,,,,,,,,0xFF1BFF,0,0,
4684,-1,-1,0,,,"Morts de Sindragosa (Couronne de glace héroïque à 10)",,,,,,,,,,,,,,0xFF01FE,,,"Morts de Sindragosa (Couronne de glace héroïque à 10)",,,,,,,,,,,,,,0xFF01FE,15062,0x0,58,0x1,1,,,"",,,,,,,,,,,,,,0xFF01FC,0,0,
452,0,-1,0,,,"Adjudant",,,,,,,,,,,,,,0xFF01FE,,,"Avoir obtenu le titre d'adjudant.",,,,,,,,,,,,,,0xFF01FE,81,0x0,59,0x0,3348,,,"",,,,,,,,,,,,,,0xFF01EE,0,0,
1394,-1,616,0,,,"Morts de Malygos (à 25)",,,,,,,,,,,,,,0xFF01FE,,,"Morts de Malygos (à 25)",,,,,,,,,,,,,,0xFF01FE,14823,0xA,59,0x1,1700,,,"",,,,,,,,,,,,,,0x7BFF01EC,0,0,
3157,-1,603,0,,,"Trois lumières dans la nuit (10 joueurs)",,,,,,,,,,,,,,0xFF01FE,,,"Vaincre Yogg-Saron avec l'aide de trois gardiens ou moins en mode 10 joueurs.",,,,,,,,,,,,,,0xFF01FE,14961,0xA,59,0x0,2206,,,"",,,,,,,,,,,,,,0xFDFF01EC,0,0,
3161,-1,603,0,,,"Trois lumières dans la nuit (25 joueurs)",,,,,,,,,,,,,,0xFF01FE,,,"Vaincre Yogg-Saron avec l'aide de trois gardiens ou moins en mode 25 joueurs.",,,,,,,,,,,,,,0xFF01FE,14962,0xA,59,0x0,2206,,,"",,,,,,,,,,,,,,0xFDFF01EC,0,0,
4522,-1,632,0,,,"Le pouvoir de l'âme",,,,,,,,,,,,,,0xFF01FE,,,"Vaincre Bronjahm dans la Forge des âmes alors qu'au moins 4 fragments d'âmes corrompues sont en vie en mode héroïque.",,,,,,,,,,,,,,0xFF01FE,14921,0xA,59,0x0,4152,,,"",,,,,,,,,,,,,,0xFF01FC,0,0,
4683,-1,-1,0,,,"Morts de Sindragosa (Couronne de glace à 25)",,,,,,,,,,,,,,0xFF01FE,,,"Morts de Sindragosa (Couronne de glace à 25)",,,,,,,,,,,,,,0xFF01FE,15062,0x0,59,0x1,1,,,"",,,,,,,,,,,,,,0xFF01FC,0,0,
451,0,-1,0,,,"Garde de pierre",,,,,,,,,,,,,,0xFF01FE,,,"Avoir obtenu le titre de garde de pierre.",,,,,,,,,,,,,,0xFF01FE,81,0x0,60,0x0,3349,,,"",,,,,,,,,,,,,,0xFF01EE,0,0,
1753,-1,624,0,,,"Morts d'Archavon le Gardien des pierres (Joug-d'hiver à 10)",,,,,,,,,,,,,,0xFF01FE,,,"Morts d'Archavon le Gardien des pierres (Joug-d'hiver à 10)",,,,,,,,,,,,,,0xFF01FE,14823,0xA,60,0x1,187,,,"",,,,,,,,,,,,,,0x7DFF01EC,0,0,
3141,-1,603,3157,,,"Deux lumières dans la nuit (10 joueurs)",,,,,,,,,,,,,,0xFF01FE,,,"Vaincre Yogg-Saron avec l'aide de deux gardiens ou moins en mode 10 joueurs.",,,,,,,,,,,,,,0xFF01FE,14961,0xA,60,0x0,2206,,,"",,,,,,,,,,,,,,0xF1FF01EC,0,0,
3162,-1,603,3161,,,"Deux lumières dans la nuit (25 joueurs)",,,,,,,,,,,,,,0xFF01FE,,,"Vaincre Yogg-Saron avec l'aide de deux gardiens ou moins en mode 25 joueurs.",,,,,,,,,,,,,,0xFF01FE,14962,0xA,60,0x0,2206,,,"",,,,,,,,,,,,,,0xFDFF01EC,0,0,
4523,-1,632,0,,,"Tricéphale",,,,,,,,,,,,,,0xFF01FE,,,"Vaincre le Dévoreur d'âmes dans la Forge des âmes sans lui laisser le temps de lancer Déflagration fantôme en mode héroïque.",,,,,,,,,,,,,,0xFF01FE,14921,0xA,60,0x0,4153,,,"",,,,,,,,,,,,,,0xFF01FC,0,0,
4685,-1,-1,0,,,"Morts de Sindragosa (Couronne de glace héroïque à 25)",,,,,,,,,,,,,,0xFF01FE,,,"Morts de Sindragosa (Couronne de glace héroïque à 25)",,,,,,,,,,,,,,0xFF01FE,15062,0x0,60,0x1,1,,,"",,,,,,,,,,,,,,0xFF01FC,0,0,
449,0,-1,0,,,"Garde de sang",,,,,,,,,,,,,,0xFF01FE,,,"Avoir obtenu le titre de garde de sang.",,,,,,,,,,,,,,0xFF01FE,81,0x0,61,0x0,3350,,,"",,,,,,,,,,,,,,0xFF01EE,0,0,
1754,-1,624,0,,,"Morts d'Archavon le Gardien des pierres (Joug-d'hiver à 25)",,,,,,,,,,,,,,0xFF01FE,,,"Morts d'Archavon le Gardien des pierres (Joug-d'hiver à 25)",,,,,,,,,,,,,,0xFF01FE,14823,0xA,61,0x1,187,,,"",,,,,,,,,,,,,,0x7DFF01EC,0,0,
3158,-1,603,3141,,,"Une lumière dans la nuit (10 joueurs)",,,,,,,,,,,,,,0xFF01FE,,,"Vaincre Yogg-Saron avec l'aide d'un seul gardien ou moins en mode 10 joueurs.",,,,,,,,,,,,,,0xFF01FE,14961,0xA,61,0x0,2206,,,"",,,,,,,,,,,,,,0xFDFF01EC,0,0,
3163,-1,603,3162,,,"Une lumière dans la nuit (25 joueurs)",,,,,,,,,,,,,,0xFF01FE,,,"Vaincre Yogg-Saron avec l'aide d'un seul gardien ou moins en mode 25 joueurs.",,,,,,,,,,,,,,0xFF01FE,14962,0xA,61,0x0,2206,,,"",,,,,,,,,,,,,,0xFDFF01EC,0,0,
4524,-1,658,0,,,"Ça ne va pas jusqu'à onze",,,,,,,,,,,,,,0xFF01FE,,,"Vaincre le maître-forge Gargivre dans la fosse de Saron sans qu'un seul membre ait cumulé plus de 10 charges de Gel prolongé en mode héroïque.",,,,,,,,,,,,,,0xFF01FE,14921,0xA,61,0x0,4154,,,"",,,,,,,,,,,,,,0xFF01FC,0,0,
4653,-1,-1,0,,,"Victoires sur le roi-liche (Couronne de glace à 10)",,,,,,,,,,,,,,0xFF01FE,,,"Victoires sur le roi-liche (Couronne de glace à 10)",,,,,,,,,,,,,,0xFF01FE,15062,0x0,61,0x1,1,,,"",,,,,,,,,,,,,,0xFF01FC,0,0,
469,0,-1,0,,,"Légionnaire",,,,,,,,,,,,,,0xFF01FE,,,"Avoir obtenu le titre de légionnaire.",,,,,,,,,,,,,,0xFF01FE,81,0x0,62,0x0,3351,,,"",,,,,,,,,,,,,,0xFF01EE,0,0,
3159,-1,603,3158,,,"Dans la nuit noire (10 joueurs)",,,,,,,,,,,,,,0xFF01FE,,,"Vaincre Yogg-Saron sans l'aide d'un seul gardien en mode 10 joueurs.",,,,,,,,,,,,,,0xFF01FE,14961,0xA,62,0x0,2206,,,"",,,,,,,,,,,,,,0xFDFF01EC,0,0,
3164,-1,603,3163,,,"Dans la nuit noire (25 joueurs)",,,,,,,,,,,,,,0xFF01FE,,,"Vaincre Yogg-Saron sans l'aide d'un seul gardien en mode 25 joueurs.",,,,,,,,,,,,,,0xFF01FE,14962,0xA,62,0x0,2206,,,"",,,,,,,,,,,,,,0xFDFF01EC,0,0,
4525,-1,658,0,,,"Ne regardez pas en l'air",,,,,,,,,,,,,,0xFF01FE,,,"Nettoyer le corridor précédant le seigneur du Fléau Tyrannus dans la fosse de Saron en mode héroïque sans que quiconque subisse des dégâts des glaçons dès le premier essai.",,,,,,,,,,,,,,0xFF01FE,14921,0xA,62,0x0,4155,,,"",,,,,,,,,,,,,,0xFF01EC,0,0,
4686,-1,-1,0,,,"Victoires sur le roi-liche (Couronne de glace héroïque à 10)",,,,,,,,,,,,,,0xFF01FE,,,"Victoires sur le roi-liche (Couronne de glace héroïque à 10)",,,,,,,,,,,,,,0xFF01FE,15062,0x0,62,0x1,1,,,"",,,,,,,,,,,,,,0xFF01FC,0,0,
448,0,-1,0,,,"Centurion",,,,,,,,,,,,,,0xFF01FE,,,"Avoir obtenu le titre de centurion.",,,,,,,,,,,,,,0xFF01FE,81,0x0,63,0x0,3352,,,"",,,,,,,,,,,,,,0xFF01EE,0,0,
3008,-1,603,0,,,"Fou à lier (10 joueurs)",,,,,,,,,,,,,,0xFF01FE,,,"Vaincre Yogg-Saron sans qu'un seul membre du raid devienne fou en mode 10 joueurs.",,,,,,,,,,,,,,0xFF01FE,14961,0xA,63,0x0,77,,,"",,,,,,,,,,,,,,0x7BFF01EC,0,0,
3010,-1,603,0,,,"Fou à lier (25 joueurs)",,,,,,,,,,,,,,0xFF01FE,,,"Vaincre Yogg-Saron sans qu'un seul membre du raid devienne fou en mode 25 joueurs.",,,,,,,,,,,,,,0xFF01FE,14962,0xA,63,0x0,77,,,"",,,,,,,,,,,,,,0x7BFF01EC,0,0,
4526,-1,668,0,,,"On bat pas en retraite, on avance dans une autre direction !",,,,,,,,,,,,,,0xFF01FE,,,"Échapper au roi-liche en moins de six minutes.",,,,,,,,,,,,,,0xFF01FE,14921,0xA,63,0x0,4148,,,"",,,,,,,,,,,,,,0xFF01FC,0,0,
4687,-1,-1,0,,,"Victoires sur le roi-liche (Couronne de glace à 25)",,,,,,,,,,,,,,0xFF01FE,,,"Victoires sur le roi-liche (Couronne de glace à 25)",,,,,,,,,,,,,,0xFF01FE,15062,0x0,63,0x1,1,,,"",,,,,,,,,,,,,,0xFF01FC,0,0,
447,0,-1,0,,,"Champion",,,,,,,,,,,,,,0xFF01FE,,,"Avoir obtenu le titre de champion.",,,,,,,,,,,,,,0xFF01FE,81,0x0,64,0x0,3353,,,"",,,,,,,,,,,,,,0xFF01EE,0,0,
3012,-1,603,0,,,"Il a fait son temps (10 joueurs)",,,,,,,,,,,,,,0xFF01FE,,,"Vaincre Yogg-Saron en 7 minutes en mode 10 joueurs.",,,,,,,,,,,,,,0xFF01FE,14961,0xA,64,0x0,3848,,,"",,,,,,,,,,,,,,0x7BFF01EC,0,0,
3013,-1,603,0,,,"Il a fait son temps (25 joueurs)",,,,,,,,,,,,,,0xFF01FE,,,"Vaincre Yogg-Saron en 7 minutes en mode 25 joueurs.",,,,,,,,,,,,,,0xFF01FE,14962,0xA,64,0x0,3848,,,"",,,,,,,,,,,,,,0x7BFF01EC,0,0,
4688,-1,-1,0,,,"Victoires sur le roi-liche (Couronne de glace héroïque à 25)",,,,,,,,,,,,,,0xFF01FE,,,"Victoires sur le roi-liche (Couronne de glace héroïque à 25)",,,,,,,,,,,,,,0xFF01FE,15062,0x0,64,0x1,1,,,"",,,,,,,,,,,,,,0xFF01FC,0,0,
444,0,-1,0,,,"Lieutenant-général",,,,,,,,,,,,,,0xFF01FE,,,"Avoir obtenu le titre de lieutenant-général.",,,,,,,,,,,,,,0xFF01FE,81,0x0,65,0x0,3354,,,"",,,,,,,,,,,,,,0xFF01EE,0,0,
3014,-1,603,0,,,"Ils sortent des murs (10 joueurs)",,,,,,,,,,,,,,0xFF01FE,,,"Vaincre 9 gardiens de Yogg-Saron en 12 secondes en mode 10 joueurs.",,,,,,,,,,,,,,0xFF01FE,14961,0xA,65,0x0,3871,,,"",,,,,,,,,,,,,,0x7BFF01EC,0,0,
3017,-1,603,0,,,"Ils sortent des murs (25 joueurs)",,,,,,,,,,,,,,0xFF01FE,,,"Vaincre 9 gardiens de Yogg-Saron en 12 secondes en mode 25 joueurs.",,,,,,,,,,,,,,0xFF01FE,14962,0xA,65,0x0,3871,,,"",,,,,,,,,,,,,,0x7BFF01EC,0,0,
4657,-1,-1,0,,,"Morts de Toravon la Sentinelle de glace (Joug-d'hiver à 10)",,,,,,,,,,,,,,0xFF01FE,,,"Morts de Toravon la Sentinelle de glace (Joug-d'hiver à 10)",,,,,,,,,,,,,,0xFF01FE,15062,0x0,65,0x1,1,,,"",,,,,,,,,,,,,,0xFF01FC,0,0,
446,0,-1,0,,,"Général",,,,,,,,,,,,,,0xFF01FE,,,"Avoir obtenu le titre de général.",,,,,,,,,,,,,,0xFF01FE,81,0x0,66,0x0,3355,,,"",,,,,,,,,,,,,,0xFF01EE,0,0,
3015,-1,603,0,,,"Dans sa demeure, il rêve et attend (10 joueurs)",,,,,,,,,,,,,,0xFF01FE,,,"S'aventurer dans les 3 visions de l'esprit de Yogg-Saron en mode 10 joueurs.",,,,,,,,,,,,,,0xFF01FE,14961,0xA,66,0x0,1940,,,"",,,,,,,,,,,,,,0x7BFF01EC,0,0,
3016,-1,603,0,,,"Dans sa demeure, il rêve et attend (25 joueurs)",,,,,,,,,,,,,,0xFF01FE,,,"S'aventurer dans les 3 visions de l'esprit de Yogg-Saron en mode 25 joueurs.",,,,,,,,,,,,,,0xFF01FE,14962,0xA,66,0x0,1940,,,"",,,,,,,,,,,,,,0x7BFF01EC,0,0,
4658,-1,-1,0,,,"Morts de Toravon la Sentinelle de glace (Joug-d'hiver à 25)",,,,,,,,,,,,,,0xFF01FE,,,"Morts de Toravon la Sentinelle de glace (Joug-d'hiver à 25)",,,,,,,,,,,,,,0xFF01FE,15062,0x0,66,0x1,1,,,"",,,,,,,,,,,,,,0xFF01FC,0,0,
445,0,-1,0,,,"Seigneur de guerre",,,,,,,,,,,,,,0xFF01FE,,,"Avoir obtenu le titre de seigneur de guerre.",,,,,,,,,,,,,,0xFF01FE,81,0x0,67,0x0,3356,,,"",,,,,,,,,,,,,,0xFF01EE,0,0,
3036,-1,603,0,,,"On nous observe (10 joueurs)",,,,,,,,,,,,,,0xFF01FE,,,"Vaincre Algalon l'Observateur en mode 10 joueurs.",,,,,,,,,,,,,,0xFF01FE,14961,0xA,67,0x0,3869,,,"Titre : mande-étoile",,,,,,,,,,,,,,0xFF01FE,0,0,
3037,-1,603,0,,,"On nous observe (25 joueurs)",,,,,,,,,,,,,,0xFF01FE,,,"Vaincre Algalon l'Observateur en mode 25 joueurs.",,,,,,,,,,,,,,0xFF01FE,14962,0xA,67,0x0,3869,,,"Titre : le marcheur astral",,,,,,,,,,,,,,0xFF01FE,0,0,
4821,-1,-1,0,,,"Morts de Halion (Sanctum Rubis à 10)",,,,,,,,,,,,,,0xFF01FE,,,"Morts de Halion (sanctum Rubis à 10)",,,,,,,,,,,,,,0xFF01FE,15062,0x0,67,0x1,1,,,"",,,,,,,,,,,,,,0xFF01EC,0,0,
443,0,-1,0,,,"Grand seigneur de guerre",,,,,,,,,,,,,,0xFF01FE,,,"Avoir obtenu le titre de grand seigneur de guerre.",,,,,,,,,,,,,,0xFF01FE,81,0x0,68,0x0,3357,,,"",,,,,,,,,,,,,,0xFF01EE,0,0,
3002,-1,603,0,,,"Supermassif (25 joueurs)",,,,,,,,,,,,,,0xFF01FE,,,"Vaincre Algalon l'Observateur après avoir refermé 3 trous noirs en 10 secondes en mode 25 joueurs.",,,,,,,,,,,,,,0xFF01FE,14962,0xA,68,0x0,2848,,,"",,,,,,,,,,,,,,0x7BFF01EC,0,0,
3003,-1,603,0,,,"Supermassif (10 joueurs)",,,,,,,,,,,,,,0xFF01FE,,,"Vaincre Algalon l'Observateur après avoir refermé 3 trous noirs en 10 secondes en mode 10 joueurs.",,,,,,,,,,,,,,0xFF01FE,14961,0xA,68,0x0,2848,,,"",,,,,,,,,,,,,,0x7BFF01EC,0,0,
4822,-1,-1,0,,,"Morts de Halion (Sanctum Rubis héroïque à 10)",,,,,,,,,,,,,,0xFF01FE,,,"Morts de Halion (sanctum Rubis héroïque à 10)",,,,,,,,,,,,,,0xFF01FE,15062,0x0,68,0x1,1,,,"",,,,,,,,,,,,,,0xFF01EC,0,0,
442,1,-1,0,,,"Soldat",,,,,,,,,,,,,,0xFF01FE,,,"Avoir obtenu le titre de soldat.",,,,,,,,,,,,,,0xFF01FE,81,0x0,69,0x0,3358,,,"",,,,,,,,,,,,,,0xFF01EE,0,0,
3004,-1,603,0,,,"Il se nourrit de vos larmes (10 joueurs)",,,,,,,,,,,,,,0xFF01FE,,,"Vaincre Algalon l'Observateur sans qu'un seul membre du raid meure au cours du combat entre deux réinitialisations de raid, en mode 10 joueurs.",,,,,,,,,,,,,,0xFF01FE,14961,0xA,69,0x0,3197,,,"",,,,,,,,,,,,,,0x7BFF01EC,0,0,
3005,-1,603,0,,,"Il se nourrit de vos larmes (25 joueurs)",,,,,,,,,,,,,,0xFF01FE,,,"Vaincre Algalon l'Observateur  en mode 25 joueurs sans qu'un seul membre du raid meure au cours du combat entre deux réinitialisations de raid.",,,,,,,,,,,,,,0xFF01FE,14962,0xA,69,0x0,3197,,,"",,,,,,,,,,,,,,0x7BFF01EC,0,0,
4820,-1,-1,0,,,"Morts de Halion (Sanctum Rubis à 25)",,,,,,,,,,,,,,0xFF01FE,,,"Morts de Halion (sanctum Rubis à 25)",,,,,,,,,,,,,,0xFF01FE,15062,0x0,69,0x1,1,,,"",,,,,,,,,,,,,,0xFF01EC,0,0,
470,1,-1,0,,,"Caporal",,,,,,,,,,,,,,0xFF01FE,,,"Avoir obtenu le titre de caporal.",,,,,,,,,,,,,,0xFF01FE,81,0x0,70,0x0,3359,,,"",,,,,,,,,,,,,,0xFF01EE,0,0,
2904,-1,603,0,,,"Conquérant d'Ulduar",,,,,,,,,,,,,,0xFF01FE,,,"Vaincre chaque boss d'Ulduar sans qu'un seul membre du raid meure au cours du combat contre le boss entre deux réinitialisations, en mode 25 joueurs.",,,,,,,,,,,,,,0xFF01FE,14962,0xA,70,0x0,2143,,,"Titre : conquérant d'Ulduar",,,,,,,,,,,,,,0xFF01FE,0,0,
3316,-1,603,0,,,"Héraut des titans",,,,,,,,,,,,,,0xFF01FE,,,"Vaincre Algalon l'observateur à 10 sans qu'un seul membre du raid porte d'équipement avec un niveau d'objet supérieur à ce qui est disponible dans Ulduar pour 10.",,,,,,,,,,,,,,0xFF01FE,14961,0xA,70,0x0,3869,,,"Titre : héraut des titans",,,,,,,,,,,,,,0xFF01FE,0,0,
4823,-1,-1,0,,,"Morts de Halion (Sanctum Rubis héroïque à 25)",,,,,,,,,,,,,,0xFF01FE,,,"Morts de Halion (sanctum Rubis héroïque à 25)",,,,,,,,,,,,,,0xFF01FE,15062,0x0,70,0x1,1,,,"",,,,,,,,,,,,,,0xFF01EC,0,0,
471,1,-1,0,,,"Sergent",,,,,,,,,,,,,,0xFF01FE,,,"Avoir obtenu le titre de sergent.",,,,,,,,,,,,,,0xFF01FE,81,0x0,71,0x0,3360,,,"",,,,,,,,,,,,,,0xFF01EE,0,0,
2903,-1,603,0,,,"Champion d'Ulduar",,,,,,,,,,,,,,0xFF01FE,,,"Vaincre chaque boss d'Ulduar sans qu'un seul membre du raid meure au cours du combat contre le boss entre deux réinitialisations, en mode 10 joueurs.",,,,,,,,,,,,,,0xFF01FE,14961,0xA,71,0x0,2292,,,"Titre : champion d'Ulduar",,,,,,,,,,,,,,0xFF01FE,0,0,
441,1,-1,0,,,"Sergent-chef",,,,,,,,,,,,,,0xFF01FE,,,"Avoir obtenu le titre de sergent-chef.",,,,,,,,,,,,,,0xFF01FE,81,0x0,72,0x0,3361,,,"",,,,,,,,,,,,,,0xFF01EE,0,0,
440,1,-1,0,,,"Sergent-major",,,,,,,,,,,,,,0xFF01FE,,,"Avoir obtenu le titre de sergent-major.",,,,,,,,,,,,,,0xFF01FE,81,0x0,73,0x0,3362,,,"",,,,,,,,,,,,,,0xFF01EE,0,0,
439,1,-1,0,,,"Chevalier",,,,,,,,,,,,,,0xFF01FE,,,"Avoir obtenu le titre de chevalier.",,,,,,,,,,,,,,0xFF01FE,81,0x0,74,0x0,3363,,,"",,,,,,,,,,,,,,0xFF01EE,0,0,
472,1,-1,0,,,"Chevalier-lieutenant",,,,,,,,,,,,,,0xFF01FE,,,"Avoir obtenu le titre de chevalier-lieutenant.",,,,,,,,,,,,,,0xFF01FE,81,0x0,75,0x0,3364,,,"",,,,,,,,,,,,,,0xFF01EE,0,0,
438,1,-1,0,,,"Chevalier-capitaine",,,,,,,,,,,,,,0xFF01FE,,,"Avoir obtenu le titre de chevalier-capitaine.",,,,,,,,,,,,,,0xFF01FE,81,0x0,76,0x0,3365,,,"",,,,,,,,,,,,,,0xFF01EE,0,0,
437,1,-1,0,,,"Chevalier-champion",,,,,,,,,,,,,,0xFF01FE,,,"Avoir obtenu le titre de chevalier-champion.",,,,,,,,,,,,,,0xFF01FE,81,0x0,77,0x0,3366,,,"",,,,,,,,,,,,,,0xFF01EE,0,0,
436,1,-1,0,,,"Lieutenant-commandant",,,,,,,,,,,,,,0xFF01FE,,,"Avoir obtenu le titre de lieutenant-commandant.",,,,,,,,,,,,,,0xFF01FE,81,0x0,78,0x0,3367,,,"",,,,,,,,,,,,,,0xFF01EE,0,0,
435,1,-1,0,,,"Commandant",,,,,,,,,,,,,,0xFF01FE,,,"Avoir obtenu le titre de commandant.",,,,,,,,,,,,,,0xFF01FE,81,0x0,79,0x0,3368,,,"",,,,,,,,,,,,,,0xFF01EE,0,0,
473,1,-1,0,,,"Maréchal",,,,,,,,,,,,,,0xFF01FE,,,"Avoir obtenu le titre de maréchal.",,,,,,,,,,,,,,0xFF01FE,81,0x0,80,0x0,3369,,,"",,,,,,,,,,,,,,0xFF01EE,0,0,
434,1,-1,0,,,"Grand maréchal",,,,,,,,,,,,,,0xFF01FE,,,"Avoir obtenu le titre de grand maréchal.",,,,,,,,,,,,,,0xFF01FE,81,0x0,81,0x0,3370,,,"",,,,,,,,,,,,,,0xFF01EE,0,0,
433,1,-1,0,,,"Connétable",,,,,,,,,,,,,,0xFF01FE,,,"Avoir obtenu le titre de connétable.",,,,,,,,,,,,,,0xFF01FE,81,0x0,82,0x0,3371,,,"",,,,,,,,,,,,,,0xFF01EE,0,0,
432,-1,-1,0,,,"Champion des naaru",,,,,,,,,,,,,,0xFF01FE,,,"Avoir obtenu le titre de champion des naaru.",,,,,,,,,,,,,,0xFF01FE,81,0x0,83,0x0,2843,,,"",,,,,,,,,,,,,,0xFF01EE,0,0,
431,-1,-1,0,,,"Main d'A'dal",,,,,,,,,,,,,,0xFF01FE,,,"Avoir obtenu le titre de main d'A'dal.",,,,,,,,,,,,,,0xFF01FE,81,0x0,84,0x0,2570,,,"",,,,,,,,,,,,,,0xFF01EE,0,0,
1205,-1,-1,0,,,"Héros de Shattrath",,,,,,,,,,,,,,0xFF01FE,,,"Avoir été exalté auprès des Clairvoyants et de l'Aldor.",,,,,,,,,,,,,,0xFF01FE,81,0x0,85,0x0,2175,,,"",,,,,,,,,,,,,,0xFF01EE,0,0,
871,-1,-1,0,,,"En avant toutes, Amiral !",,,,,,,,,,,,,,0xFF01FE,,,"Obtenir le bicorne d'amiral de la Voile sanglante… et essayer de prendre l'air de temps en temps.",,,,,,,,,,,,,,0xFF01FE,81,0x0,88,0x0,2421,,,"Titre : amiral de la Voile sanglante",,,,,,,,,,,,,,0xFF01FE,0,0,
879,-1,-1,0,,,"Monture de la vieille école",,,,,,,,,,,,,,0xFF01FE,,,"Être propriétaire de l'une des anciennes montures épiques qui ne sont plus accessibles.",,,,,,,,,,,,,,0xFF01FE,81,0x0,89,0x0,1177,,,"",,,,,,,,,,,,,,0xFF01EE,1,0,
729,-1,-1,0,,,"Rênes de destrier de la mort",,,,,,,,,,,,,,0xFF01FE,,,"Obtenir les rênes de destrier de la mort sur le baron Vaillefendre à Stratholme.",,,,,,,,,,,,,,0xFF01FE,81,0x0,90,0x0,1241,,,"",,,,,,,,,,,,,,0xFF01EE,1,0,
980,-1,-1,0,,,"Les rênes du Cavalier",,,,,,,,,,,,,,0xFF01FE,,,"Obtenir les rênes du Cavalier sur le Cavalier sans tête au Monastère écarlate pendant la Sanssaint.",,,,,,,,,,,,,,0xFF01FE,81,0x0,91,0x0,2628,,,"",,,,,,,,,,,,,,0xFF01EE,1,0,
880,-1,-1,0,,,"Tigre zulien rapide",,,,,,,,,,,,,,0xFF01FE,,,"Obtenir le tigre zulien rapide sur le grand prêtre Thekal à Zul'Gurub.",,,,,,,,,,,,,,0xFF01FE,81,0x0,92,0x0,1181,,,"",,,,,,,,,,,,,,0xFF01EE,1,0,
881,-1,-1,0,,,"Raptor Razzashi rapide",,,,,,,,,,,,,,0xFF01FE,,,"Obtenir le raptor Razzashi rapide sur le seigneur sanglant Mandokir à Zul'Gurub.",,,,,,,,,,,,,,0xFF01FE,81,0x0,93,0x0,1180,,,"",,,,,,,,,,,,,,0xFF01EE,1,0,
882,-1,-1,0,,,"Rênes de cheval de guerre embrasé",,,,,,,,,,,,,,0xFF01FE,,,"Obtenir les rênes de cheval de guerre embrasé sur Attumen à Karazhan.",,,,,,,,,,,,,,0xFF01FE,81,0x0,94,0x0,1715,,,"",,,,,,,,,,,,,,0xFF01EE,1,0,
883,-1,-1,0,,,"Rênes du seigneur corbeau",,,,,,,,,,,,,,0xFF01FE,,,"Obtenir les rênes du seigneur corbeau sur Anzu dans les salles des Sethekk.",,,,,,,,,,,,,,0xFF01FE,81,0x0,95,0x0,2467,,,"",,,,,,,,,,,,,,0xFF01EE,1,0,
884,-1,-1,0,,,"Faucon-pérégrin blanc rapide",,,,,,,,,,,,,,0xFF01FE,,,"Obtenir le faucon-pérégrin blanc rapide sur Kael'thas Haut-soleil sur la terrasse des Magistères.",,,,,,,,,,,,,,0xFF01FE,81,0x0,96,0x0,2399,,,"",,,,,,,,,,,,,,0xFF01EE,1,0,
885,-1,-1,0,,,"Cendres d'Al'ar",,,,,,,,,,,,,,0xFF01FE,,,"Obtenir les cendres d'Al'ar sur Kael'thas Haut-soleil dans le donjon de la Tempête.",,,,,,,,,,,,,,0xFF01FE,81,0x0,97,0x0,1927,,,"",,,,,,,,,,,,,,0xFF01EE,1,0,
4626,-1,-1,0,,,"Et je forme la tête !",,,,,,,,,,,,,,0xFF01FE,,,"Obtenir la tête de Mimiron sur Yogg-Saron sans qu'un gardien vous assiste en mode 25 joueurs.",,,,,,,,,,,,,,0xFF01FE,81,0x0,98,0x0,1815,,,"",,,,,,,,,,,,,,0xFF01EC,1,0,
4627,-1,-1,0,,,"Grande fusée d'amour",,,,,,,,,,,,,,0xFF01FE,,,"Obtenir la grande fusée d'amour de l'apothicaire Hummel dans le donjon d'Ombrecroc pendant les festivités De l'amour dans l'air.",,,,,,,,,,,,,,0xFF01FE,81,0x0,99,0x0,3195,,,"",,,,,,,,,,,,,,0xFF01FC,1,0,
4625,-1,-1,0,,,"Reines d'Invincible",,,,,,,,,,,,,,0xFF01FE,,,"Obtenir Invincible sur Arthas dans la citadelle de la Couronne de glace.",,,,,,,,,,,,,,0xFF01FE,81,0x0,100,0x0,3005,,,"",,,,,,,,,,,,,,0xFF01FC,1,0,
4079,0,-1,0,,,"Une offrande à l'immortalité",,,,,,,,,,,,,,0xFF01FE,,,"Durant l'épreuve du grand croisé, atteindre un coffre d'offrande alors qu'il vous reste 50 tentatives et sans qu'un seul membre du raid meure au cours des combats contre les boss en mode 25 joueurs.",,,,,,,,,,,,,,0xFF01FE,81,0x0,101,0x0,3744,,,"Récompense : cheval de guerre noir de croisé",,,,,,,,,,,,,,0xFF01FE,0,0,
4156,1,-1,0,,,"Une offrande à l'immortalité",,,,,,,,,,,,,,0xFF01FE,,,"Durant l'épreuve du grand croisé, atteindre un coffre d'offrande avec 50 tentatives restantes sans qu'un seul membre du raid meure dans les combats contre les boss à 25.",,,,,,,,,,,,,,0xFF01FE,81,0x0,102,0x0,3744,,,"Récompense : cheval de guerre blanc de croisé",,,,,,,,,,,,,,0xFF01FE,0,0,
886,-1,-1,0,,,"Drake du Néant rapide",,,,,,,,,,,,,,0xFF01FE,,,"Obtenir le drake du Néant rapide de la saison 1 de The Burning Crusade.",,,,,,,,,,,,,,0xFF01FE,81,0x0,103,0x0,2333,,,"",,,,,,,,,,,,,,0xFF01EE,1,0,
887,-1,-1,0,,,"Drake du Néant impitoyable",,,,,,,,,,,,,,0xFF01FE,,,"Obtenir le drake du Néant impitoyable de la deuxième saison de The Burning Crusade.",,,,,,,,,,,,,,0xFF01FE,81,0x0,104,0x0,2333,,,"",,,,,,,,,,,,,,0xFF01EE,1,0,
888,-1,-1,0,,,"Drake du Néant vengeur",,,,,,,,,,,,,,0xFF01FE,,,"Obtenir le drake du Néant vengeur de la troisième saison d'arène de The Burning Crusade.",,,,,,,,,,,,,,0xFF01FE,81,0x0,105,0x0,2333,,,"",,,,,,,,,,,,,,0xFF01EE,1,0,
2316,-1,-1,0,,,"Drake du Néant brutal",,,,,,,,,,,,,,0xFF01FE,,,"Obtenir le drake du Néant brutal de la quatrième saison d'arène de The Burning Crusade.",,,,,,,,,,,,,,0xFF01FE,81,0x0,106,0x0,2333,,,"",,,,,,,,,,,,,,0x7EFF01EC,1,0,
3096,-1,-1,0,,,"Wyrm de givre du gladiateur fatal",,,,,,,,,,,,,,0xFF01FE,,,"Obtenir le wyrm de givre du gladiateur fatal de la cinquième saison d'arène de Wrath of the Lich King.",,,,,,,,,,,,,,0xFF01FE,81,0x0,107,0x0,3913,,,"",,,,,,,,,,,,,,0x7DFF01EC,1,0,
3756,-1,-1,0,,,"Wyrm de givre du gladiateur furieux",,,,,,,,,,,,,,0xFF01FE,,,"Obtenir le wyrm de givre du gladiateur furieux de la sixième saison d'arène de Wrath of the Lich King.",,,,,,,,,,,,,,0xFF01FE,81,0x0,108,0x0,3913,,,"",,,,,,,,,,,,,,0xFFF7FC,1,0,
3757,-1,-1,0,,,"Wyrm de givre du gladiateur implacable",,,,,,,,,,,,,,0xFF01FE,,,"Obtenir le wyrm de givre du gladiateur implacable de la septième saison d'arène de Wrath of the Lich King.",,,,,,,,,,,,,,0xFF01FE,81,0x0,109,0x0,3913,,,"",,,,,,,,,,,,,,0xFF1BFF,1,0,
4600,-1,-1,0,,,"Wyrm de givre du gladiateur courroucé",,,,,,,,,,,,,,0xFF01FE,,,"Obtenir le wyrm de givre du gladiateur courroucé de la huitième saison d'arène de Wrath of the Lich King.",,,,,,,,,,,,,,0xFF01FE,81,0x0,110,0x0,3913,,,"",,,,,,,,,,,,,,0xFF01FC,1,0,
430,-1,-1,0,,,"Ours de guerre amani",,,,,,,,,,,,,,0xFF01FE,,,"Posséder un ours de guerre amani",,,,,,,,,,,,,,0xFF01FE,81,0x0,111,0x0,957,,,"",,,,,,,,,,,,,,0xFF01EE,1,0,
424,-1,-1,0,,,"Pourquoi ? Parce que !!!",,,,,,,,,,,,,,0xFF01FE,,,"Obtenir un cristal de résonance qiraji rouge.",,,,,,,,,,,,,,0xFF01FE,81,0x0,112,0x0,1812,,,"",,,,,,,,,,,,,,0xFF01EE,1,0,
429,-1,-1,0,,,"Sulfuras, Main de Ragnaros",,,,,,,,,,,,,,0xFF01FE,,,"S'équiper de Sulfuras, Main de Ragnaros.",,,,,,,,,,,,,,0xFF01FE,81,0x0,113,0x0,2444,,,"",,,,,,,,,,,,,,0xFF01EE,0,0,
428,-1,-1,0,,,"Lame-tonnerre, épée bénie du Cherchevent",,,,,,,,,,,,,,0xFF01FE,,,"S'équiper de la Lame-tonnerre, épée bénie du Cherchevent.",,,,,,,,,,,,,,0xFF01FE,81,0x0,114,0x0,2756,,,"",,,,,,,,,,,,,,0xFF01EE,0,0,
425,-1,-1,0,,,"Atiesh, grand bâton du Gardien",,,,,,,,,,,,,,0xFF01FE,,,"S'équiper d'Atiesh, grand bâton du Gardien.",,,,,,,,,,,,,,0xFF01FE,81,0x0,115,0x0,2757,,,"",,,,,,,,,,,,,,0xFF01EE,1,0,
426,-1,-1,0,,,"Glaives de guerre d'Azzinoth",,,,,,,,,,,,,,0xFF01FE,,,"S'équiper des glaives de guerre d'Azzinoth.",,,,,,,,,,,,,,0xFF01FE,81,0x0,116,0x0,2596,,,"",,,,,,,,,,,,,,0xFF01EE,0,0,
725,-1,-1,0,,,"Thori'dal, la Fureur des étoiles",,,,,,,,,,,,,,0xFF01FE,,,"S'équiper de Thori'dal, la Fureur des étoiles.",,,,,,,,,,,,,,0xFF01FE,81,0x0,117,0x0,2842,,,"",,,,,,,,,,,,,,0xFF01EE,0,0,
3142,-1,-1,0,,,"Val'anyr, le marteau des anciens rois",,,,,,,,,,,,,,0xFF01FE,,,"S'équiper de Val'anyr, le marteau des anciens rois.",,,,,,,,,,,,,,0xFF01FE,81,0x0,118,0x0,3818,,,"",,,,,,,,,,,,,,0xFBFF01EC,0,0,
4623,-1,-1,0,,,"Deuillelombre",,,,,,,,,,,,,,0xFF01FE,,,"S'équiper de Deuillelombre.",,,,,,,,,,,,,,0xFF01FE,81,0x0,119,0x0,4182,,,"",,,,,,,,,,,,,,0xFF01EC,0,0,
418,-1,-1,0,,,"Gladiateur impitoyable",,,,,,,,,,,,,,0xFF01FE,,,"Avoir obtenu le titre de gladiateur impitoyable.",,,,,,,,,,,,,,0xFF01FE,81,0x0,120,0x0,3593,,,"",,,,,,,,,,,,,,0xFF01EE,0,0,
419,-1,-1,0,,,"Gladiateur vengeur",,,,,,,,,,,,,,0xFF01FE,,,"Avoir obtenu le titre de gladiateur vengeur.",,,,,,,,,,,,,,0xFF01FE,81,0x0,121,0x0,3594,,,"",,,,,,,,,,,,,,0xFF01EE,0,0,
420,-1,-1,0,,,"Gladiateur brutal",,,,,,,,,,,,,,0xFF01FE,,,"Avoir obtenu le titre de gladiateur brutal.",,,,,,,,,,,,,,0xFF01FE,81,0x0,122,0x0,3595,,,"",,,,,,,,,,,,,,0xFF01EE,0,0,
3336,-1,-1,0,,,"Gladiateur fatal",,,,,,,,,,,,,,0xFF01FE,,,"Avoir obtenu le titre de gladiateur fatal.",,,,,,,,,,,,,,0xFF01FE,81,0x0,123,0x0,3596,,,"",,,,,,,,,,,,,,0xFFF7EE,0,0,
3436,-1,-1,0,,,"Gladiateur furieux",,,,,,,,,,,,,,0xFF01FE,,,"Avoir obtenu le titre de gladiateur furieux.",,,,,,,,,,,,,,0xFF01FE,81,0x0,124,0x0,3597,,,"",,,,,,,,,,,,,,0xFFF7EE,0,0,
3758,-1,-1,0,,,"Gladiateur implacable",,,,,,,,,,,,,,0xFF01FE,,,"Avoir obtenu le titre de gladiateur implacable.",,,,,,,,,,,,,,0xFF01FE,81,0x0,125,0x0,3598,,,"",,,,,,,,,,,,,,0xFF1BFC,0,0,
4599,-1,-1,0,,,"Gladiateur courroucé",,,,,,,,,,,,,,0xFF01FE,,,"Avoir obtenu le titre de gladiateur courroucé.",,,,,,,,,,,,,,0xFF01FE,81,0x0,126,0x0,3599,,,"",,,,,,,,,,,,,,0xFF01EC,0,0,
416,-1,-1,0,,,"Seigneur scarabée",,,,,,,,,,,,,,0xFF01FE,,,"Avoir ouvert les portes d'Ahn'Qiraj.",,,,,,,,,,,,,,0xFF01FE,81,0x0,127,0x0,3567,,,"",,,,,,,,,,,,,,0xFF01EE,0,0,
1292,-1,-1,0,,,"Bock de la fête des Brasseurs jaune",,,,,,,,,,,,,,0xFF01FE,,,"Être l'heureux propriétaire du bock de collection de la fête des Brasseurs jaune (2007).",,,,,,,,,,,,,,0xFF01FE,81,0x0,128,0x0,3082,,,"",,,,,,,,,,,,,,0x7DFF01EE,1,0,
1293,-1,-1,0,,,"Bock de la fête des Brasseurs bleu",,,,,,,,,,,,,,0xFF01FE,,,"Être l'heureux propriétaire du bock de collection de la fête des Brasseurs bleu (2008).",,,,,,,,,,,,,,0xFF01FE,81,0x0,129,0x0,3083,,,"",,,,,,,,,,,,,,0x7DFF01EE,1,0,
4782,-1,-1,0,,,"Bock de la fête des Brasseurs vert",,,,,,,,,,,,,,0xFF01FE,,,"Être l'heureux propriétaire du bock de collection de la fête des Brasseurs vert (2009).",,,,,,,,,,,,,,0xFF01FE,81,0x0,130,0x0,4223,,,"",,,,,,,,,,,,,,0xFF01FC,1,0,
1636,-1,-1,0,,,"Tabard de compétition",,,,,,,,,,,,,,0xFF01FE,,,"Être l'heureux propriétaire d'un tabard de compétition de l'évènement des esprits de compétition 2008.",,,,,,,,,,,,,,0xFF01FE,81,0x0,131,0x0,2970,,,"",,,,,,,,,,,,,,0x7DFF01EC,0,0,
1637,-1,-1,0,,,"Esprit de compétition",,,,,,,,,,,,,,0xFF01FE,,,"Être l'heureux propriétaire d'un esprit de compétition de l'évènement des esprits de compétition 2008.",,,,,,,,,,,,,,0xFF01FE,81,0x0,132,0x0,2970,,,"",,,,,,,,,,,,,,0x7DFF01EC,0,0,
1705,-1,-1,0,,,"Rob-fusée mécanique",,,,,,,,,,,,,,0xFF01FE,,,"Être l'heureux propriétaire du cadeau de collection de la fête du Voile d'hiver 2007, le rob-fusée mécanique.",,,,,,,,,,,,,,0xFF01FE,81,0x0,133,0x0,1859,,,"",,,,,,,,,,,,,,0x7CFF01EC,1,0,
1706,-1,-1,0,,,"Cogn'Baff de course",,,,,,,,,,,,,,0xFF01FE,,,"Être l'heureux propriétaire du cadeau de collection de la fête du Voile d'hiver 2008, le cogn'Baff de course.",,,,,,,,,,,,,,0xFF01FE,81,0x0,134,0x0,1859,,,"",,,,,,,,,,,,,,0x7BFF01EC,0,0,
1436,-1,-1,0,,,"Amis haut placés",,,,,,,,,,,,,,0xFF01FE,,,"Obtenir la monture Zhévra grâce au programme « Parrainez un ami ».",,,,,,,,,,,,,,0xFF01FE,81,0x0,135,0x0,1716,,,"",,,,,,,,,,,,,,0x7BFF01EC,1,0,
2079,-1,-1,0,,,"Tabard du protecteur",,,,,,,,,,,,,,0xFF01FE,,,"Avoir obtenu un tabard du protecteur lors de l'ouverture de la Porte des ténèbres.",,,,,,,,,,,,,,0xFF01FE,81,0x0,136,0x0,2637,,,"",,,,,,,,,,,,,,0x7BFF01EC,0,0,
2116,-1,-1,0,,,"Tabard de l'Aube d'argent",,,,,,,,,,,,,,0xFF01FE,,,"Avoir obtenu un tabard de l'Aube d'argent lors de l'invasion du Fléau.",,,,,,,,,,,,,,0xFF01FE,81,0x0,137,0x0,2637,,,"",,,,,,,,,,,,,,0x7EFF01EC,0,0,
2398,-1,-1,0,,,"4e anniversaire de WoW",,,,,,,,,,,,,,0xFF01FE,,,"Se connecter pendant le 4e anniversaire de WoW.",,,,,,,,,,,,,,0xFF01FE,81,0x0,138,0x0,2917,,,"",,,,,,,,,,,,,,0x7EFF01EC,0,0,
4400,-1,-1,0,,,"5e anniversaire de WoW",,,,,,,,,,,,,,0xFF01FE,,,"Se connecter pendant le 5e anniversaire de WoW.",,,,,,,,,,,,,,0xFF01FE,81,0x0,139,0x0,2917,,,"",,,,,,,,,,,,,,0xFF01EC,0,0,
2336,-1,-1,0,,,"Tous des malades",,,,,,,,,,,,,,0xFF01FE,,,"Améliorer votre réputation dans les zones listées ci-dessous.",,,,,,,,,,,,,,0xFF01FE,81,0x0,140,0x0,2938,,,"Titre : le grand malade",,,,,,,,,,,,,,0xFF01FE,0,0,
2456,-1,-1,0,,,"Tueur de vampires",,,,,,,,,,,,,,0xFF01FE,,,"Avoir tué le prince Tenris Bourbassang et obtenu son familier, la chauve-souricette vampirique.",,,,,,,,,,,,,,0xFF01FE,81,0x0,141,0x0,1577,,,"",,,,,,,,,,,,,,0x7EFF01EC,1,0,
2357,-1,-1,0,,,"Destrier de l'effroi de Xoroth",,,,,,,,,,,,,,0xFF01FE,,,"Avoir achevé la quête de démoniste « Le destrier de l'effroi de Xoroth ».",,,,,,,,,,,,,,0xFF01FE,81,0x0,142,0x0,1715,,,"",,,,,,,,,,,,,,0x7BFF01EC,0,0,
2496,-1,-1,0,,,"Le cinquième élément",,,,,,,,,,,,,,0xFF01FE,,,"Obtenir une quintessence aquatique.",,,,,,,,,,,,,,0xFF01FE,81,0x0,143,0x0,2134,,,"",,,,,,,,,,,,,,0x7DFF01EC,0,0,
2358,-1,-1,0,,,"Destrier",,,,,,,,,,,,,,0xFF01FE,,,"Avoir achevé la quête de paladin pour obtenir un destrier.",,,,,,,,,,,,,,0xFF01FE,81,0x0,144,0x0,1716,,,"",,,,,,,,,,,,,,0x7BFF01EC,1,0,
2359,-1,-1,0,,,"Forme de vol rapide",,,,,,,,,,,,,,0xFF01FE,,,"Avoir achevé la quête de druide pour obtenir la forme de vol rapide.",,,,,,,,,,,,,,0xFF01FE,81,0x0,145,0x0,2274,,,"",,,,,,,,,,,,,,0x7BFF01EC,0,0,
3618,-1,-1,0,,,"Bourbimus le Gladiateur",,,,,,,,,,,,,,0xFF01FE,,,"Être l'heureux propriétaire de Bourbimus le Gladiateur.",,,,,,,,,,,,,,0xFF01FE,81,0x0,146,0x0,370,,,"",,,,,,,,,,,,,,0xFFF7EE,1,0,
3636,-1,-1,0,,,"Tigre de jade",,,,,,,,,,,,,,0xFF01FE,,,"Se connecter pendant l'offre du tigre de jade.",,,,,,,,,,,,,,0xFF01FE,81,0x0,147,0x0,283,,,"",,,,,,,,,,,,,,0xFFF7EE,0,0,
3896,-1,-1,0,,,"Panthère onyx",,,,,,,,,,,,,,0xFF01FE,,,"Être l'heureux propriétaire d'une panthère onyx.",,,,,,,,,,,,,,0xFF01FE,81,0x0,148,0x0,1809,,,"",,,,,,,,,,,,,,0xFF1BEC,0,0,
2081,-1,-1,0,,,"Grand mammouth de guerre noir",,,,,,,,,,,,,,0xFF01FE,,,"Obtenir un grand mammouth de guerre noir.",,,,,,,,,,,,,,0xFF01FE,81,0x0,149,0x0,3444,,,"",,,,,,,,,,,,,,0x7BFF01EC,1,0,
3496,-1,-1,0,,,"Monture dé-bourrée",,,,,,,,,,,,,,0xFF01FE,,,"Obtenir une monture épique de la fête des Brasseurs.",,,,,,,,,,,,,,0xFF01FE,81,0x0,150,0x0,354,,,"",,,,,,,,,,,,,,0xFFF7EE,1,0,
3356,1,-1,0,,,"Sabre-de-givre de Berceau-de-l'Hiver",,,,,,,,,,,,,,0xFF01FE,,,"Obtenir un sabre-de-givre de Berceau-de-l'Hiver.",,,,,,,,,,,,,,0xFF01FE,81,0x0,151,0x0,1510,,,"",,,,,,,,,,,,,,0xFFF7EE,1,0,
3357,0,-1,0,,,"Ravasaure peau-de-venin",,,,,,,,,,,,,,0xFF01FE,,,"Obtenir un Ravasaure peau-de-venin.",,,,,,,,,,,,,,0xFF01FE,81,0x0,152,0x0,1584,,,"",,,,,,,,,,,,,,0xFFF7EE,2,0,
4496,-1,-1,0,,,"Il est largement au-delà des neuf mille !",,,,,,,,,,,,,,0xFF01FE,,,"Obtenir plus de 9 000 points de hauts faits.",,,,,,,,,,,,,,0xFF01FE,81,0x0,153,0x0,561,,,"",,,,,,,,,,,,,,0xFF01EC,0,0,
684,-1,-1,0,,,"Le repaire d'Onyxia (niveau 60)",,,,,,,,,,,,,,0xFF01FE,,,"Vaincre la version classique de niveau 60 d'Onyxia.",,,,,,,,,,,,,,0xFF01FE,81,0x0,154,0x0,3820,,,"",,,,,,,,,,,,,,0xFF01EE,1,0,
2018,-1,-1,0,,,"Prévisions de Timear",,,,,,,,,,,,,,0xFF01FE,,,"Achever les quêtes journalières en donjons du Norfendre listées ci-dessous.",,,,,,,,,,,,,,0xFF01FE,81,0x0,155,0x0,2215,,,"",,,,,,,,,,,,,,0x7EFF01EC,0,0,
2019,-1,-1,0,,,"Preuves de la mort",,,,,,,,,,,,,,0xFF01FE,,,"Avoir achevé les quêtes journalières en donjons du Norfendre listées ci-dessous.",,,,,,,,,,,,,,0xFF01FE,81,0x0,156,0x0,3028,,,"",,,,,,,,,,,,,,0x7EFF01EC,0,0,
4784,1,-1,0,,,"Emblématique",,,,,,,,,,,,,,0xFF01FE,,,"Obtenir n'importe quel type d'emblème.",,,,,,,,,,,,,,0xFF01FE,81,0x0,157,0x0,4234,,,"",,,,,,,,,,,,,,0xFF01FC,1,0,
4785,0,-1,0,,,"Emblématique",,,,,,,,,,,,,,0xFF01FE,,,"Obtenir n'importe quel type d'emblème.",,,,,,,,,,,,,,0xFF01FE,81,0x0,158,0x0,4234,,,"",,,,,,,,,,,,,,0xFF01FC,1,0,
4786,1,-1,0,,,"Opération Gnomeregan",,,,,,,,,,,,,,0xFF01FE,,,"Avoir aidé le Grand Bricoleur Mekkanivelle et les exilés de Gnomeregan à reprendre la surface de Gnomeregan.",,,,,,,,,,,,,,0xFF01FE,81,0x0,159,0x0,3799,,,"",,,,,,,,,,,,,,0xFF01EC,0,0,
4790,0,-1,0,,,"La chute de Zalazane",,,,,,,,,,,,,,0xFF01FE,,,"Avoir aidé Vol'jin à vaincre Zalazane et à reprendre les îles de l'Écho pour les trolls sombrelances.",,,,,,,,,,,,,,0xFF01FE,81,0x0,160,0x0,2513,,,"",,,,,,,,,,,,,,0xFF01FC,0,0,
6752,-1,-1,0,,,"Moine « Prem's » au niveau 80 sur le royaume",,,,,,,,,,,,,,0xFF01FE,,,"Premier moine du royaume à atteindre le niveau 80.",,,,,,,,,,,,,,0xFF01FE,81,0x0,161,0x100,7598,,,"",,,,,,,,,,,,,,0xFF01EE,0,0,
6753,-1,-1,0,,,"Pandaren « Prem's » au niveau 80 sur le royaume",,,,,,,,,,,,,,0xFF01FE,,,"Premier pandaren du royaume à atteindre le niveau 80.",,,,,,,,,,,,,,0xFF01FE,81,0x0,162,0x100,6584,,,"",,,,,,,,,,,,,,0xFF01EE,0,0,
