long,long,long,long,flags,long,long,long,long,long,long,None,None,str,None,None,None,None,None,None,None,None,None,None,None,None,None,flags,flags,long,None,None,long,float,float,None,
1,0,0,119,0x41,0,11,42,8,0,0,,,"Dun Morogh",,,,,,,,,,,,,,0xFF01FE,0x2,0,,,0,-500.0,0.300000011921,,
2,0,40,120,0x40000040,0,11,0,9,0,0,,,"Longrivage",,,,,,,,,,,,,,0xFF01FE,0x0,0,,,0,-500.0,0.0,,
3,0,0,121,0x40,0,11,25,7,0,0,,,"Terres ingrates",,,,,,,,,,,,,,0xFF01FE,0x0,0,,,0,-500.0,0.10000000149,,
4,0,0,122,0x40,0,11,210,7,0,0,,,"Terres foudroyées",,,,,,,,,,,,,,0xFF01FE,0x0,0,,,0,-500.0,0.0,,
7,0,33,123,0x40000040,0,11,0,3,0,0,,,"Crique des Flots noirs",,,,,,,,,,,,,,0xFF01FE,0x0,0,,,0,-500.0,0.0,,
8,0,0,124,0x40,0,11,33,223,0,0,,,"Marais des Chagrins",,,,,,,,,,,,,,0xFF01FE,0x0,0,,,0,-500.0,0.300000011921,,
9,0,12,125,0x40300000,0,11,35,1,0,0,,,"Vallée de Comté-du-nord",,,,,,,,,,,,,,0xFF01FE,0x0,0,,,0,-500.0,0.0,,
10,0,0,617,0x40,0,11,40,2,0,0,,,"Bois de la Pénombre",,,,,,,,,,,,,,0xFF01FE,0x0,0,,,0,-500.0,0.300000011921,,
11,0,0,618,0x40,0,11,44,227,0,0,,,"Les Paluns",,,,,,,,,,,,,,0xFF01FE,0x0,0,,,0,-500.0,0.300000011921,,
12,0,0,126,0x40,0,11,35,1,0,0,,,"Forêt d'Elwynn",,,,,,,,,,,,,,0xFF01FE,0x2,0,,,0,-500.0,0.0,,
13,0,10,555,0x40000040,0,11,48,11,0,0,,,"L'Arbre-monde",,,,,,,,,,,,,,0xFF01FE,0x0,0,,,0,-500.0,0.0,,
14,1,0,127,0x40,0,11,25,9,0,0,,,"Durotar",,,,,,,,,,,,,,0xFF01FE,0x4,0,,,0,-500.0,0.40000000596,,
15,1,0,128,0x40,0,11,33,227,0,0,,,"Marécage d'Âprefange",,,,,,,,,,,,,,0xFF01FE,0x0,0,,,0,-500.0,0.40000000596,,
16,1,0,129,0x40,0,11,31,205,0,0,,,"Azshara",,,,,,,,,,,,,,0xFF01FE,0x0,0,,,0,-500.0,0.300000011921,,
17,1,0,130,0x40,0,11,38,7,0,0,,,"Les Tarides",,,,,,,,,,,,,,0xFF01FE,0x4,0,,,0,-500.0,0.300000011921,,
18,0,12,131,0x40000040,0,11,35,1,0,7,,,"Lac de Cristal",,,,,,,,,,,,,,0xFF01FE,0x0,0,,,0,-500.0,0.0,,
19,0,33,574,0x40000040,0,11,32,3,0,40,,,"Zul'Gurub",,,,,,,,,,,,,,0xFF01FE,0x0,0,,,0,-500.0,0.0,,
20,0,40,132,0x40000040,0,11,0,9,0,14,,,"Ruisselune",,,,,,,,,,,,,,0xFF01FE,0x0,0,,,0,-500.0,0.0,,
21,0,0,133,0x40,0,11,0,8,0,0,,,"Kul Tiras",,,,,,,,,,,,,,0xFF01FE,0x0,0,,,0,-500.0,0.0,,
22,451,0,547,0x4440,0,11,38,2,0,0,,,"Île des programmeurs",,,,,,,,,,,,,,0xFF01FE,0x0,1,,,0,-500.0,0.0,,
23,0,12,134,0x40100040,0,11,35,0,0,0,,,"Fleuve Comté-du-nord",,,,,,,,,,,,,,0xFF01FE,0x0,0,,,0,-500.0,0.0,,
24,0,12,135,0x40300000,73,11,35,1,67,0,,,"Abbaye de Comté-du-nord",,,,,,,,,,,,,,0xFF01FE,0x0,0,,,0,-500.0,0.0,,
25,0,0,136,0x40,0,11,46,10,0,0,,,"Mont Rochenoire",,,,,,,,,,,,,,0xFF01FE,0x0,0,,,0,-500.0,0.0,,
26,0,40,602,0x40000040,0,11,0,7,0,0,,,"Phare",,,,,,,,,,,,,,0xFF01FE,0x0,0,,,0,-500.0,0.0,,
28,0,0,137,0x40,0,11,37,205,0,0,,,"Maleterres de l'ouest",,,,,,,,,,,,,,0xFF01FE,0x0,0,,,0,-500.0,0.300000011921,,
30,0,0,138,0x40,0,11,0,0,0,0,,,"Neuf",,,,,,,,,,,,,,0xFF01FE,0x0,0,,,0,-500.0,0.0,,
32,0,10,139,0x40000040,0,11,0,2,0,0,,,"Le cimetière",,,,,,,,,,,,,,0xFF01FE,0x0,0,,,0,-500.0,0.0,,
33,0,0,140,0x40,0,11,32,3,0,0,,,"Vallée de Strangleronce",,,,,,,,,,,,,,0xFF01FE,0x0,0,,,0,-500.0,0.300000011921,,
34,0,12,141,0x40000000,0,11,35,1,0,0,,,"Mine de la crête aux échos",,,,,,,,,,,,,,0xFF01FE,0x0,0,,,0,-500.0,0.0,,
35,0,33,142,0x40200040,0,11,0,3,0,42,,,"Baie-du-Butin",,,,,,,,,,,,,,0xFF01FE,0x0,0,,,0,-500.0,0.0,,
36,0,0,143,0x40,0,11,31,1,0,0,,,"Montagnes d'Alterac",,,,,,,,,,,,,,0xFF01FE,0x0,0,,,0,-500.0,0.5,,
37,0,33,144,0x40000040,0,11,0,3,0,36,,,"Lac Nazfériti",,,,,,,,,,,,,,0xFF01FE,0x0,0,,,0,-500.0,0.0,,
38,0,0,145,0x40,0,11,31,1,0,0,,,"Loch Modan",,,,,,,,,,,,,,0xFF01FE,0x2,0,,,0,-500.0,0.10000000149,,
40,0,0,146,0x40,0,11,47,9,0,0,,,"Marche de l'Ouest",,,,,,,,,,,,,,0xFF01FE,0x2,0,,,0,-500.0,0.10000000149,,
41,0,0,556,0x40,0,11,49,2,0,0,,,"Défilé de Deuillevent",,,,,,,,,,,,,,0xFF01FE,0x0,0,,,0,-500.0,0.300000011921,,
42,0,10,147,0x40200040,0,11,0,2,0,25,,,"Sombre-comté",,,,,,,,,,,,,,0xFF01FE,0x0,0,,,0,-500.0,0.0,,
43,0,33,148,0x40000040,0,11,0,3,0,42,,,"Le Rivage cruel",,,,,,,,,,,,,,0xFF01FE,0x0,0,,,0,-500.0,0.0,,
44,0,0,149,0x40,0,11,31,1,0,0,,,"Les Carmines",,,,,,,,,,,,,,0xFF01FE,0x0,0,,,0,-500.0,0.20000000298,,
45,0,0,150,0x40,0,11,30,8,0,0,,,"Hautes-terres d'Arathi",,,,,,,,,,,,,,0xFF01FE,0x0,0,,,0,-500.0,0.20000000298,,
46,0,0,151,0x40,0,11,46,10,0,0,,,"Steppes ardentes",,,,,,,,,,,,,,0xFF01FE,0x0,0,,,0,-500.0,0.10000000149,,
47,0,0,152,0x40,0,11,31,1,0,0,,,"Les Hinterlands",,,,,,,,,,,,,,0xFF01FE,0x0,0,,,0,-500.0,0.40000000596,,
49,451,22,153,0x40000040,0,11,0,0,0,0,,,"Gouffre du mort",,,,,,,,,,,,,,0xFF01FE,0x0,0,,,0,-500.0,0.0,,
51,0,0,154,0x40,0,11,46,10,0,0,,,"Gorge des Vents brûlants",,,,,,,,,,,,,,0xFF01FE,0x0,0,,,0,-500.0,0.10000000149,,
53,0,12,155,0x40000040,0,11,35,1,0,0,,,"Camp des voleurs",,,,,,,,,,,,,,0xFF01FE,0x0,0,,,0,-500.0,0.0,,
54,0,12,550,0x40000040,0,11,35,1,0,8,,,"Mine Veine-de-jaspe",,,,,,,,,,,,,,0xFF01FE,0x0,0,,,0,-500.0,0.0,,
55,0,12,156,0x40000040,0,11,35,13,61,0,,,"Vallée des Héros",,,,,,,,,,,,,,0xFF01FE,0x0,0,,,0,-500.0,0.0,,
56,0,12,157,0x40000040,0,11,35,1,303,0,,,"Veillée des héros",,,,,,,,,,,,,,0xFF01FE,0x0,0,,,0,-500.0,0.0,,
57,0,12,158,0x40000040,0,11,35,1,0,5,,,"Mine de Fondugouffre",,,,,,,,,,,,,,0xFF01FE,0x0,0,,,0,-500.0,0.0,,
59,0,12,159,0x40100000,0,11,35,1,0,0,,,"Vignoble de Comté-du-nord",,,,,,,,,,,,,,0xFF01FE,0x0,0,,,0,-500.0,0.0,,
60,0,12,606,0x40000040,0,11,35,1,0,8,,,"La Lisière",,,,,,,,,,,,,,0xFF01FE,0x0,0,,,0,-500.0,0.0,,
61,0,12,160,0x40000040,0,11,35,1,0,0,,,"Chutes du Tonnerre",,,,,,,,,,,,,,0xFF01FE,0x0,0,,,0,-500.0,0.0,,
62,0,12,161,0x40000040,0,11,35,1,0,8,,,"Champ de potirons des Saumepuits",,,,,,,,,,,,,,0xFF01FE,0x0,0,,,0,-500.0,0.0,,
63,0,12,162,0x40000040,0,11,35,1,0,6,,,"La ferme des Champierreux",,,,,,,,,,,,,,0xFF01FE,0x0,0,,,0,-500.0,0.0,,
64,0,12,163,0x40000040,0,11,35,1,0,6,,,"Les Vignes des Maclure",,,,,,,,,,,,,,0xFF01FE,0x0,0,,,0,-500.0,0.0,,
65,571,0,164,0x4444,0,11,439,412,545,0,,,"Désolation des dragons",,,,,,,,,,,,,,0xFF01FE,0x0,0,,,0,-500.0,0.0,,
66,571,0,165,0x4444,0,11,441,423,544,76,,,"Zul'Drak",,,,,,,,,,,,,,0xFF01FE,0x0,0,,,0,-500.0,0.0,,
67,571,0,166,0x4441,0,11,465,420,0,77,,,"Les pics Foudroyés",,,,,,,,,,,,,,0xFF01FE,0x0,0,,,0,-500.0,0.600000023842,,
68,0,44,557,0x40000040,0,11,0,1,0,16,,,"Lac placide",,,,,,,,,,,,,,0xFF01FE,0x0,0,,,0,-500.0,0.0,,
69,0,44,167,0x40200040,0,11,0,1,0,15,,,"Comté-du-lac",,,,,,,,,,,,,,0xFF01FE,0x0,0,,,0,-500.0,0.0,,
70,0,44,168,0x40000040,0,11,0,1,0,24,,,"Guet-de-pierre",,,,,,,,,,,,,,0xFF01FE,0x0,0,,,0,-500.0,0.0,,
71,0,44,627,0x40000040,0,11,0,1,0,20,,,"Chutes de Guet-de-pierre",,,,,,,,,,,,,,0xFF01FE,0x0,0,,,0,-500.0,0.0,,
72,0,4,169,0x40000040,0,11,210,7,0,63,,,"La Porte des ténèbres",,,,,,,,,,,,,,0xFF01FE,0x0,0,,,0,-500.0,0.0,,
73,0,4,170,0x40000040,0,11,0,7,0,50,,,"La Balafre impure",,,,,,,,,,,,,,0xFF01FE,0x0,0,,,0,-500.0,0.0,,
74,0,8,171,0x40000040,0,11,0,0,0,43,,,"Bassin des larmes",,,,,,,,,,,,,,0xFF01FE,0x0,0,,,0,-500.0,0.0,,
75,0,8,172,0x40200040,0,11,0,0,0,37,,,"Pierrêche",,,,,,,,,,,,,,0xFF01FE,0x0,0,,,0,-500.0,0.0,,
76,0,8,173,0x40000040,0,11,0,0,0,37,,,"Sanctuaire des friches",,,,,,,,,,,,,,0xFF01FE,0x0,0,,,0,-500.0,0.0,,
77,0,1,174,0x40300000,0,11,0,8,0,0,,,"Courbenclume",,,,,,,,,,,,,,0xFF01FE,0x0,0,,,0,-500.0,0.0,,
80,0,12,175,0x40000040,0,11,35,17,0,10,,,"Monts Hurlevent",,,,,,,,,,,,,,0xFF01FE,0x2,0,,,0,-500.0,0.0,,
81,451,22,575,0x40000040,0,11,0,0,0,0,,,"Quadrant NE de Jeff modifié",,,,,,,,,,,,,,0xFF01FE,0x0,0,,,0,-500.0,0.0,,
82,451,22,176,0x40000040,0,11,0,0,0,0,,,"Quadrant de Jeff NO",,,,,,,,,,,,,,0xFF01FE,0x0,0,,,0,-500.0,0.0,,
83,451,22,177,0x40000040,0,11,0,0,0,0,,,"Quadrant de Jeff SE",,,,,,,,,,,,,,0xFF01FE,0x0,0,,,0,-500.0,0.0,,
84,451,22,178,0x40000040,0,11,0,0,0,0,,,"Quadrant de Jeff SO",,,,,,,,,,,,,,0xFF01FE,0x0,0,,,0,-500.0,0.0,,
85,0,0,179,0x40,0,11,40,2,0,0,,,"Clairières de Tirisfal",,,,,,,,,,,,,,0xFF01FE,0x4,0,,,0,-500.0,0.300000011921,,
86,0,12,180,0x40000040,0,11,35,1,0,8,,,"Lac du Cairn",,,,,,,,,,,,,,0xFF01FE,0x0,0,,,0,-500.0,0.0,,
87,0,12,548,0x40300040,0,11,35,1,0,5,,,"Comté-de-l’or",,,,,,,,,,,,,,0xFF01FE,0x0,0,,,0,-500.0,0.0,,
88,0,12,181,0x40000040,0,11,35,1,0,6,,,"Camp de bûcherons du Val d'est",,,,,,,,,,,,,,0xFF01FE,0x0,0,,,0,-500.0,0.0,,
89,0,12,182,0x40000040,0,11,35,1,0,0,,,"Verger du lac Miroir",,,,,,,,,,,,,,0xFF01FE,0x0,0,,,0,-500.0,0.0,,
91,0,12,183,0x40000040,0,11,35,1,0,8,,,"Tour d'Azora",,,,,,,,,,,,,,0xFF01FE,0x0,0,,,0,-500.0,0.0,,
92,0,12,558,0x40000040,0,11,35,1,0,0,,,"Lac Miroir",,,,,,,,,,,,,,0xFF01FE,0x0,0,,,0,-500.0,0.0,,
93,0,10,628,0x40000040,0,11,0,214,0,28,,,"Tertre des ogres Vul'Gol",,,,,,,,,,,,,,0xFF01FE,0x0,0,,,0,-500.0,0.0,,
94,0,10,184,0x40000040,0,11,0,2,0,24,,,"Colline-aux-Corbeaux",,,,,,,,,,,,,,0xFF01FE,0x0,0,,,0,-500.0,0.0,,
95,0,44,185,0x40000040,0,11,0,1,0,20,,,"Canyons des Carmines",,,,,,,,,,,,,,0xFF01FE,0x0,0,,,0,-500.0,0.0,,
96,0,44,186,0x40000040,0,11,0,1,0,25,,,"Tour d'Ilgalar",,,,,,,,,,,,,,0xFF01FE,0x0,0,,,0,-500.0,0.0,,
97,0,44,187,0x40000040,0,11,0,1,0,19,,,"Scierie d'Alther",,,,,,,,,,,,,,0xFF01FE,0x0,0,,,0,-500.0,0.0,,
98,0,44,188,0x40000040,0,11,0,1,0,17,,,"Cavernes de Rethban",,,,,,,,,,,,,,0xFF01FE,0x0,0,,,0,-500.0,0.0,,
99,0,33,189,0x40200040,0,11,0,3,0,30,,,"Camp rebelle",,,,,,,,,,,,,,0xFF01FE,0x0,0,,,0,-500.0,0.0,,
100,0,33,585,0x40000040,0,11,0,3,0,31,,,"Expédition de Nesingwary",,,,,,,,,,,,,,0xFF01FE,0x0,0,,,0,-500.0,0.0,,
101,0,33,190,0x40000040,0,11,0,3,0,32,,,"Base de Kurzen",,,,,,,,,,,,,,0xFF01FE,0x0,0,,,0,-500.0,0.0,,
102,0,33,586,0x40000040,0,11,0,3,0,41,,,"Ruines de Zul'Kunda",,,,,,,,,,,,,,0xFF01FE,0x0,0,,,0,-500.0,0.0,,
103,0,33,191,0x40000040,0,11,0,3,0,40,,,"Ruines de Zul'Mamwe",,,,,,,,,,,,,,0xFF01FE,0x0,0,,,0,-500.0,0.0,,
104,0,33,192,0x40000040,0,11,0,3,0,37,,,"Le Récif infâme",,,,,,,,,,,,,,0xFF01FE,0x0,0,,,0,-500.0,0.0,,
105,0,33,193,0x40000040,0,11,0,3,0,42,,,"Tertre des ogres Mosh'Ogg",,,,,,,,,,,,,,0xFF01FE,0x0,0,,,0,-500.0,0.0,,
106,0,33,194,0x40000040,0,11,0,3,0,0,,,"La réserve",,,,,,,,,,,,,,0xFF01FE,0x0,0,,,0,-500.0,0.0,,
107,0,40,195,0x40000040,0,11,0,9,0,14,,,"Ferme des Saldean",,,,,,,,,,,,,,0xFF01FE,0x0,0,,,0,-500.0,0.0,,
108,0,40,196,0x40300040,0,11,0,9,0,15,,,"Colline des sentinelles",,,,,,,,,,,,,,0xFF01FE,0x0,0,,,0,-500.0,0.0,,
109,0,40,197,0x40000040,0,11,0,9,0,15,,,"Ferme de potirons de Froncebouille",,,,,,,,,,,,,,0xFF01FE,0x0,0,,,0,-500.0,0.0,,
111,0,40,198,0x40000040,0,11,0,9,0,12,,,"Mine Veine-de-Jango",,,,,,,,,,,,,,0xFF01FE,0x0,0,,,0,-500.0,0.0,,
113,0,40,576,0x40000040,0,11,0,9,0,15,,,"Carrière de la côte de l'Or",,,,,,,,,,,,,,0xFF01FE,0x0,0,,,0,-500.0,0.0,,
115,0,40,199,0x40000040,0,11,24,9,0,17,,,"Phare de l'Ouest",,,,,,,,,,,,,,0xFF01FE,0x0,0,,,0,-500.0,0.0,,
116,0,8,200,0x40000040,0,11,0,0,0,39,,,"Vallée des brumes",,,,,,,,,,,,,,0xFF01FE,0x0,0,,,0,-500.0,0.0,,
117,0,33,629,0x40200040,0,11,0,228,0,35,,,"Campement Grom'gol",,,,,,,,,,,,,,0xFF01FE,0x0,0,,,0,-500.0,0.0,,
118,0,11,201,0x40000040,0,11,0,191,0,22,,,"Excavations de Whelgar",,,,,,,,,,,,,,0xFF01FE,0x0,0,,,0,-500.0,0.0,,
120,0,12,559,0x40200040,0,11,35,0,0,8,,,"Garnison du ruisseau de l'ouest",,,,,,,,,,,,,,0xFF01FE,0x0,0,,,0,-500.0,0.0,,
121,0,10,202,0x40000040,0,11,0,15,0,28,,,"Cimetière des jardins paisibles",,,,,,,,,,,,,,0xFF01FE,0x0,0,,,0,-500.0,0.0,,
122,0,33,203,0x40000040,0,11,0,3,0,37,,,"Ruines de Zuuldaia",,,,,,,,,,,,,,0xFF01FE,0x0,0,,,0,-500.0,0.0,,
123,0,33,204,0x40000040,0,11,0,3,0,34,,,"Ruines de Bal'lal",,,,,,,,,,,,,,0xFF01FE,0x0,0,,,0,-500.0,0.0,,
125,0,33,205,0x40000040,0,11,0,3,0,35,,,"Ruines de Kal'ai",,,,,,,,,,,,,,0xFF01FE,0x0,0,,,0,-500.0,0.0,,
126,0,33,206,0x40000040,0,11,0,3,0,0,,,"Ruines de Tkashi",,,,,,,,,,,,,,0xFF01FE,0x0,0,,,0,-500.0,0.0,,
127,0,33,207,0x40000040,0,11,0,3,0,40,,,"Ruines de Balia'mah",,,,,,,,,,,,,,0xFF01FE,0x0,0,,,0,-500.0,0.0,,
128,0,33,208,0x40000040,0,11,0,3,0,36,,,"Ruines de Ziata'jai",,,,,,,,,,,,,,0xFF01FE,0x0,0,,,0,-500.0,0.0,,
129,0,33,209,0x40000040,0,11,0,3,0,37,,,"Ruines de Mizjah",,,,,,,,,,,,,,0xFF01FE,0x0,0,,,0,-500.0,0.0,,
130,0,0,210,0x40,0,11,28,2,0,0,,,"Forêt des Pins argentés",,,,,,,,,,,,,,0xFF01FE,0x4,0,,,0,-500.0,0.40000000596,,
131,0,1,211,0x40300040,0,11,0,0,0,5,,,"Kharanos",,,,,,,,,,,,,,0xFF01FE,0x0,0,,,0,-500.0,0.0,,
132,0,1,212,0x40100000,0,11,0,0,0,0,,,"Vallée des Frigères",,,,,,,,,,,,,,0xFF01FE,0x0,0,,,0,-500.0,0.0,,
133,0,1,213,0x40000040,0,11,42,8,0,10,,,"Gnomeregan",,,,,,,,,,,,,,0xFF01FE,0x0,0,,,0,-500.0,0.0,,
134,0,1,214,0x40000040,0,11,0,8,0,10,,,"Carrière de Gol'Bolar",,,,,,,,,,,,,,0xFF01FE,0x0,0,,,0,-500.0,0.0,,
135,0,1,215,0x40000040,0,11,0,0,121,7,,,"Repaire des Crins-de-givre",,,,,,,,,,,,,,0xFF01FE,0x0,0,,,0,-500.0,0.0,,
136,0,1,216,0x40000040,0,11,0,0,0,5,,,"L'antre Gris",,,,,,,,,,,,,,0xFF01FE,0x0,0,,,0,-500.0,0.0,,
137,0,1,217,0x40200040,0,11,0,0,0,7,,,"Brassetout",,,,,,,,,,,,,,0xFF01FE,0x0,0,,,0,-500.0,0.0,,
138,0,1,218,0x40000040,0,11,0,8,0,7,,,"Refuge de Brumepins",,,,,,,,,,,,,,0xFF01FE,0x0,0,,,0,-500.0,0.0,,
139,0,0,219,0x40,0,11,37,205,0,0,,,"Maleterres de l'est",,,,,,,,,,,,,,0xFF01FE,0x0,0,,,0,-500.0,0.5,,
141,1,0,220,0x40,0,11,48,11,0,0,,,"Teldrassil",,,,,,,,,,,,,,0xFF01FE,0x2,0,,,0,-500.0,0.40000000596,,
142,0,38,221,0x40000040,0,11,0,1,0,15,,,"Excavations de Baguefer",,,,,,,,,,,,,,0xFF01FE,0x0,0,,,0,-500.0,0.0,,
143,0,38,222,0x40000040,0,11,0,14,0,18,,,"Bastion des Mo'grosh",,,,,,,,,,,,,,0xFF01FE,0x0,0,,,0,-500.0,0.0,,
144,0,38,223,0x40300040,0,11,0,1,0,10,,,"Thelsamar",,,,,,,,,,,,,,0xFF01FE,0x0,0,,,0,-500.0,0.0,,
145,0,38,224,0x40000040,0,11,0,1,0,18,,,"Porte d'Algaz",,,,,,,,,,,,,,0xFF01FE,0x0,0,,,0,-500.0,0.0,,
146,0,38,225,0x40200040,0,11,230,1,0,15,,,"Barrage de Formepierre",,,,,,,,,,,,,,0xFF01FE,0x0,0,,,0,-500.0,0.0,,
147,0,38,226,0x40000040,0,11,0,1,0,15,,,"Le pavillon des Pérégrins",,,,,,,,,,,,,,0xFF01FE,0x0,0,,,0,-500.0,0.0,,
148,1,0,227,0x40,0,11,28,191,0,0,,,"Sombrivage",,,,,,,,,,,,,,0xFF01FE,0x2,0,,,0,-500.0,0.600000023842,,
149,0,38,228,0x40000040,0,11,0,1,0,12,,,"Mine du Ru d'argent",,,,,,,,,,,,,,0xFF01FE,0x0,0,,,0,-500.0,0.0,,
150,0,11,229,0x40200040,0,11,0,191,0,20,,,"Port de Menethil",,,,,,,,,,,,,,0xFF01FE,0x0,0,,,0,-500.0,0.0,,
151,451,0,560,0x4440,0,11,47,226,0,0,,,"Île des concepteurs",,,,,,,,,,,,,,0xFF01FE,0x0,0,,,0,-500.0,0.0,,
152,0,85,230,0x40200040,0,11,0,2,0,9,,,"La Barricade",,,,,,,,,,,,,,0xFF01FE,0x0,0,,,0,-500.0,0.0,,
153,0,85,607,0x40000040,0,11,0,2,0,10,,,"Ruines de Lordaeron",,,,,,,,,,,,,,0xFF01FE,0x0,0,,,0,-500.0,0.0,,
154,0,85,231,0x40300000,0,11,0,15,0,0,,,"Le Glas",,,,,,,,,,,,,,0xFF01FE,0x0,0,,,0,-500.0,0.0,,
155,0,85,232,0x40000000,0,11,0,2,0,0,,,"Grottes des Tisse-nuit",,,,,,,,,,,,,,0xFF01FE,0x0,0,,,0,-500.0,0.0,,
156,0,85,233,0x40000040,0,11,0,2,0,6,,,"Ferme des Solliden",,,,,,,,,,,,,,0xFF01FE,0x0,0,,,0,-500.0,0.0,,
157,0,85,234,0x40000040,0,11,0,15,0,8,,,"Moulins d'Agamand",,,,,,,,,,,,,,0xFF01FE,0x0,0,,,0,-500.0,0.0,,
158,0,85,235,0x40000040,0,11,0,15,0,0,,,"Crypte de la famille Agamand",,,,,,,,,,,,,,0xFF01FE,0x0,0,,,0,-500.0,0.0,,
159,0,85,236,0x40300040,0,11,0,15,0,5,,,"Brill",,,,,,,,,,,,,,0xFF01FE,0x0,0,,,0,-500.0,0.0,,
160,0,85,237,0x40000040,0,11,0,2,0,12,,,"Jardins des murmures",,,,,,,,,,,,,,0xFF01FE,0x0,0,,,0,-500.0,0.0,,
161,0,85,238,0x40000040,0,11,0,2,0,10,,,"Terrasse de la quiétude",,,,,,,,,,,,,,0xFF01FE,0x0,0,,,0,-500.0,0.0,,
162,0,85,239,0x40000040,0,11,0,2,0,7,,,"Lac Étincelant",,,,,,,,,,,,,,0xFF01FE,0x0,0,,,0,-500.0,0.0,,
163,0,85,240,0x40000040,0,11,0,2,0,0,,,"Retraite de Gunther",,,,,,,,,,,,,,0xFF01FE,0x0,0,,,0,-500.0,0.0,,
164,0,85,241,0x40000040,0,11,0,2,0,7,,,"Antre de Garren",,,,,,,,,,,,,,0xFF01FE,0x0,0,,,0,-500.0,0.0,,
165,0,85,242,0x40000040,0,11,0,15,0,5,,,"Ferme des Balnir",,,,,,,,,,,,,,0xFF01FE,0x0,0,,,0,-500.0,0.0,,
166,0,85,243,0x40000040,0,11,0,2,0,5,,,"Manoir du Foyer froid",,,,,,,,,,,,,,0xFF01FE,0x0,0,,,0,-500.0,0.0,,
167,0,85,244,0x40000040,0,11,0,2,0,8,,,"Avant-poste des Croisés",,,,,,,,,,,,,,0xFF01FE,0x0,0,,,0,-500.0,0.0,,
168,0,85,245,0x40000040,0,11,0,2,0,0,,,"La Côte nord",,,,,,,,,,,,,,0xFF01FE,0x0,0,,,0,-500.0,0.0,,
169,0,85,577,0x40000040,0,11,0,0,0,0,,,"Rivage des Murmures",,,,,,,,,,,,,,0xFF01FE,0x0,0,,,0,-500.0,0.0,,
170,0,0,246,0x40,0,11,31,2,0,0,,,"Lac Lordamere",,,,,,,,,,,,,,0xFF01FE,0x0,0,,,0,-500.0,0.0,,
172,0,130,247,0x40000040,0,11,0,2,0,18,,,"Île de Fenris",,,,,,,,,,,,,,0xFF01FE,0x0,0,,,0,-500.0,0.0,,
173,0,85,620,0x40000040,0,11,0,2,0,0,,,"Repos de Faol",,,,,,,,,,,,,,0xFF01FE,0x0,0,,,0,-500.0,0.0,,
186,1,141,622,0x40300040,0,11,0,11,0,5,,,"Dolanaar",,,,,,,,,,,,,,0xFF01FE,0x0,0,,,0,-500.0,0.0,,
187,1,141,248,0x40000040,0,11,48,76,63,7,,,"Darnassus",,,,,,,,,,,,,,0xFF01FE,0x0,0,,,0,-500.0,0.0,,
188,1,141,561,0x40300000,0,11,0,11,0,0,,,"Sombrevallon",,,,,,,,,,,,,,0xFF01FE,0x0,0,,,0,-500.0,0.0,,
189,0,1,249,0x40000040,0,11,0,8,0,5,,,"Dépôt de Grillacier",,,,,,,,,,,,,,0xFF01FE,0x0,0,,,0,-500.0,0.0,,
190,0,28,250,0x40000040,0,11,0,0,0,56,,,"Âtreval",,,,,,,,,,,,,,0xFF01FE,0x0,0,,,0,-500.0,0.0,,
192,0,28,251,0x40000040,0,11,0,0,0,55,,,"Camp de bûcherons de la Crête du nord",,,,,,,,,,,,,,0xFF01FE,0x0,0,,,0,-500.0,0.0,,
193,0,28,252,0x40000040,0,11,0,15,0,55,,,"Ruines d'Andorhal",,,,,,,,,,,,,,0xFF01FE,0x0,0,,,0,-500.0,0.0,,
195,0,28,253,0x40000040,0,11,0,0,0,0,,,"École de nécromancie",,,,,,,,,,,,,,0xFF01FE,0x0,0,,,0,-500.0,0.0,,
196,0,28,578,0x40000040,0,11,0,15,0,0,,,"Tombeau d'Uther",,,,,,,,,,,,,,0xFF01FE,0x0,0,,,0,-500.0,0.0,,
197,0,28,254,0x40000040,0,11,0,0,0,50,,,"Colline des chagrins",,,,,,,,,,,,,,0xFF01FE,0x0,0,,,0,-500.0,0.0,,
198,0,28,255,0x40000040,0,11,0,0,0,55,,,"La grotte des Pleurs",,,,,,,,,,,,,,0xFF01FE,0x0,0,,,0,-500.0,0.0,,
199,0,28,256,0x40000040,0,11,0,10,0,50,,,"Champ de Gangrepierre",,,,,,,,,,,,,,0xFF01FE,0x0,0,,,0,-500.0,0.0,,
200,0,28,257,0x40000040,0,11,0,10,0,54,,,"Larmes de Dalson",,,,,,,,,,,,,,0xFF01FE,0x0,0,,,0,-500.0,0.0,,
201,0,28,258,0x40000040,0,11,0,10,0,57,,,"La Flétrissure de Gahrron",,,,,,,,,,,,,,0xFF01FE,0x0,0,,,0,-500.0,0.0,,
202,0,28,259,0x40000040,0,11,0,10,0,46,,,"Le Repaire putride",,,,,,,,,,,,,,0xFF01FE,0x0,0,,,0,-500.0,0.0,,
203,0,28,260,0x40000040,0,11,37,193,0,0,,,"Donjon de Mardenholde",,,,,,,,,,,,,,0xFF01FE,0x0,0,,,0,-500.0,0.0,,
204,0,130,261,0x40000040,0,11,0,191,301,15,,,"Bois-du-Bûcher",,,,,,,,,,,,,,0xFF01FE,0x0,0,,,0,-500.0,0.0,,
205,0,11,262,0x40000040,0,11,0,191,0,28,,,"Dun Modr",,,,,,,,,,,,,,0xFF01FE,0x0,0,,,0,-500.0,0.0,,
206,574,0,263,0x0,0,11,429,0,0,0,,,"Donjon d'Utgarde",,,,,,,,,,,,,,0xFF01FE,0x0,0,,,0,-500.0,0.699999988079,,
207,36,0,264,0x40,0,11,0,9,0,0,,,"La Grande mer",,,,,,,,,,,,,,0xFF01FE,0x0,0,,,0,-500.0,0.0,,
208,36,0,265,0x40,76,11,34,0,0,0,,,"Crique du cuirassé",,,,,,,,,,,,,,0xFF01FE,0x0,0,,,0,-500.0,0.0,,
209,33,0,266,0x0,0,11,28,2,0,16,,,"Donjon d'Ombrecroc",,,,,,,,,,,,,,0xFF01FE,0x4,0,,,0,-500.0,0.0,,
210,571,0,267,0x445,0,11,466,421,543,80,,,"La Couronne de glace",,,,,,,,,,,,,,0xFF01FE,0x0,0,,,0,-500.0,0.75,,
211,0,1,268,0x40000040,0,11,0,8,0,7,,,"Lac glacial",,,,,,,,,,,,,,0xFF01FE,0x0,0,,,0,-500.0,0.0,,
212,0,1,269,0x40000040,0,11,0,8,0,8,,,"Lac du Lit d'Helm",,,,,,,,,,,,,,0xFF01FE,0x0,0,,,0,-500.0,0.0,,
213,0,130,270,0x40000040,0,11,0,2,324,13,,,"Mine du gouffre d'Elem",,,,,,,,,,,,,,0xFF01FE,0x0,0,,,0,-500.0,0.0,,
214,0,0,271,0x40,0,11,0,9,0,0,,,"La Grande mer",,,,,,,,,,,,,,0xFF01FE,0x0,0,,,0,-500.0,0.0,,
215,1,0,272,0x40,0,11,30,9,0,0,,,"Mulgore",,,,,,,,,,,,,,0xFF01FE,0x4,0,,,0,-500.0,0.300000011921,,
219,0,40,273,0x40000040,0,11,0,9,0,15,,,"Ferme des Alexston",,,,,,,,,,,,,,0xFF01FE,0x0,0,,,0,-500.0,0.0,,
220,1,215,562,0x40200000,0,11,0,9,0,0,,,"Mesa de Nuage rouge",,,,,,,,,,,,,,0xFF01FE,0x0,0,,,0,-500.0,0.0,,
221,1,215,274,0x40100000,0,11,0,9,0,0,,,"Camp Narache",,,,,,,,,,,,,,0xFF01FE,0x0,0,,,0,-500.0,0.0,,
222,1,215,275,0x40300040,0,11,0,226,0,5,,,"Sabot-de-sang",,,,,,,,,,,,,,0xFF01FE,0x0,0,,,0,-500.0,0.0,,
223,1,215,276,0x40000040,0,11,0,9,0,0,,,"Lac Taureau-de-pierre",,,,,,,,,,,,,,0xFF01FE,0x0,0,,,0,-500.0,0.0,,
224,1,215,277,0x40000040,0,11,0,9,0,7,,,"Caravane dévastée",,,,,,,,,,,,,,0xFF01FE,0x0,0,,,0,-500.0,0.0,,
225,1,215,278,0x40000040,0,11,0,9,0,9,,,"Rochers rouges",,,,,,,,,,,,,,0xFF01FE,0x0,0,,,0,-500.0,0.0,,
226,0,130,551,0x40000040,0,11,0,0,0,11,,,"Le Grouillement",,,,,,,,,,,,,,0xFF01FE,0x0,0,,,0,-500.0,0.0,,
227,0,130,279,0x40000040,0,11,0,2,0,11,,,"Champ de Valgan",,,,,,,,,,,,,,0xFF01FE,0x0,0,,,0,-500.0,0.0,,
228,0,130,280,0x40300040,0,11,0,15,0,10,,,"Le Sépulcre",,,,,,,,,,,,,,0xFF01FE,0x0,0,,,0,-500.0,0.0,,
229,0,130,281,0x40000040,0,11,0,0,161,12,,,"Ferme des Olsen",,,,,,,,,,,,,,0xFF01FE,0x0,0,,,0,-500.0,0.0,,
230,0,130,282,0x40000040,0,11,0,0,0,18,,,"Le mur de Grisetête",,,,,,,,,,,,,,0xFF01FE,0x0,0,,,0,-500.0,0.0,,
231,0,130,283,0x40000040,0,11,0,191,0,20,,,"Péril de Beren",,,,,,,,,,,,,,0xFF01FE,0x0,0,,,0,-500.0,0.0,,
232,0,130,284,0x40000040,0,11,0,2,0,0,,,"Les îles de l'aube",,,,,,,,,,,,,,0xFF01FE,0x0,0,,,0,-500.0,0.0,,
233,0,130,285,0x40000040,0,11,0,191,301,15,,,"Moulin-de-l'Ambre",,,,,,,,,,,,,,0xFF01FE,0x0,0,,,0,-500.0,0.0,,
235,0,130,608,0x40000040,0,11,0,219,0,0,,,"Donjon de Fenris",,,,,,,,,,,,,,0xFF01FE,0x0,0,,,0,-500.0,0.0,,
236,0,130,286,0x40000040,0,11,28,2,0,16,,,"Donjon d'Ombrecroc",,,,,,,,,,,,,,0xFF01FE,0x0,0,,,0,-500.0,0.0,,
237,0,130,287,0x40000040,0,11,0,2,0,16,,,"Le bac délabré",,,,,,,,,,,,,,0xFF01FE,0x0,0,,,0,-500.0,0.0,,
238,0,130,587,0x40000040,0,11,0,2,0,0,,,"Verger de Malden",,,,,,,,,,,,,,0xFF01FE,0x0,0,,,0,-500.0,0.0,,
239,0,130,588,0x40000040,0,11,0,2,0,11,,,"Le lopin d'Ivar",,,,,,,,,,,,,,0xFF01FE,0x0,0,,,0,-500.0,0.0,,
240,0,130,288,0x40000040,0,11,0,2,0,12,,,"Le Champ des morts",,,,,,,,,,,,,,0xFF01FE,0x0,0,,,0,-500.0,0.0,,
241,0,10,289,0x40000040,0,11,0,2,0,26,,,"Le verger pourrissant",,,,,,,,,,,,,,0xFF01FE,0x0,0,,,0,-500.0,0.0,,
242,0,10,290,0x40000040,0,11,0,2,0,28,,,"Bosquet de Clairbois",,,,,,,,,,,,,,0xFF01FE,0x0,0,,,0,-500.0,0.0,,
243,0,10,291,0x40000040,0,11,0,2,0,0,,,"La masure lugubre",,,,,,,,,,,,,,0xFF01FE,0x0,0,,,0,-500.0,0.0,,
244,0,10,292,0x40000040,0,11,0,2,0,0,,,"Le domaine de Whipple",,,,,,,,,,,,,,0xFF01FE,0x0,0,,,0,-500.0,0.0,,
245,0,10,563,0x40000040,0,11,0,2,0,25,,,"La ferme des Yorgen",,,,,,,,,,,,,,0xFF01FE,0x0,0,,,0,-500.0,0.0,,
246,0,51,293,0x40000040,0,11,0,10,0,48,,,"Le Chaudron",,,,,,,,,,,,,,0xFF01FE,0x0,0,,,0,-500.0,0.0,,
247,0,51,294,0x40000040,0,11,0,0,0,45,,,"Site de fouilles de Crasseboue",,,,,,,,,,,,,,0xFF01FE,0x0,0,,,0,-500.0,0.0,,
249,0,46,1,0x40000040,0,11,0,10,0,50,,,"Rocher des Cognepeurs",,,,,,,,,,,,,,0xFF01FE,0x0,0,,,0,-500.0,0.0,,
250,0,46,579,0x40000040,0,11,0,0,0,54,,,"Ruines de Thaurissan",,,,,,,,,,,,,,0xFF01FE,0x0,0,,,0,-500.0,0.0,,
251,0,46,2,0x40000040,0,11,0,0,0,0,,,"Corniche des flammes",,,,,,,,,,,,,,0xFF01FE,0x0,0,,,0,-500.0,0.0,,
252,0,46,3,0x40000040,0,11,0,0,301,57,,,"Bastion des Rochenoires",,,,,,,,,,,,,,0xFF01FE,0x0,0,,,0,-500.0,0.0,,
253,0,46,4,0x40000040,0,11,0,0,0,56,,,"Le Pilier de cendres",,,,,,,,,,,,,,0xFF01FE,0x0,0,,,0,-500.0,0.0,,
254,0,46,630,0x40000040,0,11,0,10,0,55,,,"Mont Rochenoire",,,,,,,,,,,,,,0xFF01FE,0x0,0,,,0,-500.0,0.0,,
255,0,46,5,0x40000040,0,11,0,10,0,59,,,"Autel des tempêtes",,,,,,,,,,,,,,0xFF01FE,0x0,0,,,0,-500.0,0.0,,
256,1,141,6,0x40000000,0,11,0,11,0,0,,,"Aldrassil",,,,,,,,,,,,,,0xFF01FE,0x0,0,,,0,-500.0,0.0,,
257,1,141,7,0x40000000,0,11,0,11,0,0,,,"Grotte de Sombrefil",,,,,,,,,,,,,,0xFF01FE,0x0,0,,,0,-500.0,0.0,,
258,1,141,8,0x40000040,0,11,0,11,0,0,,,"Gangreroche",,,,,,,,,,,,,,0xFF01FE,0x0,0,,,0,-500.0,0.0,,
259,1,141,9,0x40000040,0,11,0,11,0,5,,,"Lac Al'Ameth",,,,,,,,,,,,,,0xFF01FE,0x0,0,,,0,-500.0,0.0,,
260,1,141,10,0x40000040,0,11,0,11,0,6,,,"Brise-stellaire",,,,,,,,,,,,,,0xFF01FE,0x0,0,,,0,-500.0,0.0,,
261,1,141,11,0x40000040,0,11,0,0,0,8,,,"Camp des Pins-tordus",,,,,,,,,,,,,,0xFF01FE,0x0,0,,,0,-500.0,0.0,,
262,1,141,12,0x40000040,0,11,0,11,0,0,,,"Refuge des saisons de Ban'ethil",,,,,,,,,,,,,,0xFF01FE,0x0,0,,,0,-500.0,0.0,,
263,1,141,13,0x40000040,0,11,0,0,0,0,,,"La Faille",,,,,,,,,,,,,,0xFF01FE,0x0,0,,,0,-500.0,0.0,,
264,1,141,14,0x40000040,0,11,0,11,0,9,,,"La Clairière de l'Oracle",,,,,,,,,,,,,,0xFF01FE,0x0,0,,,0,-500.0,0.0,,
265,1,141,15,0x40000040,0,11,0,0,0,11,,,"L'Aigue-vive",,,,,,,,,,,,,,0xFF01FE,0x0,0,,,0,-500.0,0.0,,
266,1,141,16,0x40000040,0,11,0,0,0,9,,,"Lac d'Aigue-vive",,,,,,,,,,,,,,0xFF01FE,0x0,0,,,0,-500.0,0.0,,
267,0,0,17,0x40,0,11,31,1,0,0,,,"Contreforts de Hautebrande",,,,,,,,,,,,,,0xFF01FE,0x0,0,,,0,-500.0,0.300000011921,,
268,37,0,580,0x40,0,11,42,0,0,0,,,"Cratère d'Azshara",,,,,,,,,,,,,,0xFF01FE,0x0,0,,,0,-500.0,0.0,,
269,0,0,18,0x40,0,11,31,0,0,18,,,"Dun Algaz",,,,,,,,,,,,,,0xFF01FE,0x0,0,,,0,-500.0,0.0,,
271,0,267,615,0x40200040,0,11,0,1,0,22,,,"Austrivage",,,,,,,,,,,,,,0xFF01FE,0x0,0,,,0,-500.0,0.0,,
272,0,267,19,0x40200040,0,11,0,182,0,20,,,"Moulin-de-Tarren",,,,,,,,,,,,,,0xFF01FE,0x0,0,,,0,-500.0,0.0,,
275,0,267,20,0x40000040,0,11,0,191,302,21,,,"Donjon de Fort-de-Durn",,,,,,,,,,,,,,0xFF01FE,0x0,0,,,0,-500.0,0.0,,
276,0,0,564,0x40,0,11,31,0,0,0,,,"Passage de Formepierre",,,,,,,,,,,,,,0xFF01FE,0x0,0,,,0,-500.0,0.0,,
277,0,36,21,0x40000040,0,11,0,1,0,0,,,"Les cavernes des contreforts",,,,,,,,,,,,,,0xFF01FE,0x0,0,,,0,-500.0,0.0,,
278,0,36,22,0x40000040,0,11,0,1,301,32,,,"Camp d'internement de Lordamere",,,,,,,,,,,,,,0xFF01FE,0x0,0,,,0,-500.0,0.0,,
279,0,36,23,0x40000040,0,11,0,0,81,30,,,"Cratère de Dalaran",,,,,,,,,,,,,,0xFF01FE,0x0,0,,,0,-500.0,0.0,,
280,0,36,24,0x40000040,0,11,37,10,301,34,,,"Strahnbrande",,,,,,,,,,,,,,0xFF01FE,0x0,0,,,0,-500.0,0.0,,
281,0,36,25,0x40000040,0,11,37,10,301,36,,,"Ruines d'Alterac",,,,,,,,,,,,,,0xFF01FE,0x0,0,,,0,-500.0,0.0,,
282,0,36,26,0x40000040,0,11,37,10,0,35,,,"Bastion Cassecrête",,,,,,,,,,,,,,0xFF01FE,0x0,0,,,0,-500.0,0.0,,
283,0,36,27,0x40000040,0,11,37,10,0,35,,,"Creux du massacre",,,,,,,,,,,,,,0xFF01FE,0x0,0,,,0,-500.0,0.0,,
284,0,36,28,0x40000040,0,11,0,1,0,27,,,"Les Hauteurs",,,,,,,,,,,,,,0xFF01FE,0x0,0,,,0,-500.0,0.0,,
285,0,267,29,0x40000040,0,11,0,2,0,21,,,"Tour de la Pointe du Midi",,,,,,,,,,,,,,0xFF01FE,0x0,0,,,0,-500.0,0.0,,
286,0,267,30,0x40000040,0,11,0,1,0,22,,,"Champs de Hautebrande",,,,,,,,,,,,,,0xFF01FE,0x0,0,,,0,-500.0,0.0,,
287,0,267,31,0x40000040,0,11,0,1,0,0,,,"Hautebrande",,,,,,,,,,,,,,0xFF01FE,0x0,0,,,0,-500.0,0.0,,
288,0,267,32,0x40000040,0,11,0,0,301,27,,,"Mine de Veine-azur",,,,,,,,,,,,,,0xFF01FE,0x0,0,,,0,-500.0,0.0,,
289,0,267,33,0x40000040,0,11,0,1,0,26,,,"Ferme des Nethander",,,,,,,,,,,,,,0xFF01FE,0x0,0,,,0,-500.0,0.0,,
290,0,267,34,0x40000040,0,11,0,1,0,30,,,"Dun Garok",,,,,,,,,,,,,,0xFF01FE,0x0,0,,,0,-500.0,0.0,,
293,0,0,35,0x40,0,11,31,1,0,30,,,"Mur de Thoradin",,,,,,,,,,,,,,0xFF01FE,0x0,0,,,0,-500.0,0.0,,
294,0,267,36,0x40000040,0,11,0,1,0,30,,,"Rivage oriental",,,,,,,,,,,,,,0xFF01FE,0x0,0,,,0,-500.0,0.0,,
295,0,267,616,0x40000040,0,11,0,1,0,30,,,"Rivage occidental",,,,,,,,,,,,,,0xFF01FE,0x0,0,,,0,-500.0,0.0,,
296,0,0,37,0x40,0,11,24,0,122,0,,,"Mers du Sud",,,,,,,,,,,,,,0xFF01FE,0x0,0,,,0,-500.0,0.0,,
297,0,33,38,0x40000040,0,11,0,0,0,50,,,"Île aux jagueros",,,,,,,,,,,,,,0xFF01FE,0x0,0,,,0,-500.0,0.0,,
298,0,11,39,0x40000040,0,11,0,3,0,0,,,"Baie de Baradin",,,,,,,,,,,,,,0xFF01FE,0x0,0,,,0,-500.0,0.0,,
299,0,11,40,0x40000040,0,11,0,0,0,0,,,"Baie de Menethil",,,,,,,,,,,,,,0xFF01FE,0x0,0,,,0,-500.0,0.0,,
300,0,8,41,0x40000040,0,11,0,0,0,41,,,"Grève de Brumejonc",,,,,,,,,,,,,,0xFF01FE,0x0,0,,,0,-500.0,0.0,,
301,0,33,42,0x40000040,0,11,0,3,0,0,,,"La Côte sauvage",,,,,,,,,,,,,,0xFF01FE,0x0,0,,,0,-500.0,0.0,,
302,0,33,565,0x40000040,0,11,0,0,0,0,,,"Le Rivage de cristal",,,,,,,,,,,,,,0xFF01FE,0x0,0,,,0,-500.0,0.0,,
303,0,33,43,0x40000040,0,11,0,0,0,0,,,"Plage aux coquillages",,,,,,,,,,,,,,0xFF01FE,0x0,0,,,0,-500.0,0.0,,
305,0,130,44,0x40000040,0,11,0,0,0,0,,,"La côte nord",,,,,,,,,,,,,,0xFF01FE,0x0,0,,,0,-500.0,0.0,,
306,0,130,45,0x40000040,0,11,0,0,0,0,,,"La côte sud",,,,,,,,,,,,,,0xFF01FE,0x0,0,,,0,-500.0,0.0,,
307,0,47,46,0x40000040,0,11,0,1,0,48,,,"Les Hauts-Surplombs",,,,,,,,,,,,,,0xFF01FE,0x0,0,,,0,-500.0,0.0,,
308,0,0,631,0x40,0,11,0,1,0,0,,,"La Mer interdite",,,,,,,,,,,,,,0xFF01FE,0x0,0,,,0,-500.0,0.0,,
309,0,11,47,0x40000040,0,11,0,0,0,24,,,"Tombe de Barbe-de-fer",,,,,,,,,,,,,,0xFF01FE,0x0,0,,,0,-500.0,0.0,,
310,0,33,48,0x40000040,0,11,0,0,0,41,,,"Mine aux cristaux",,,,,,,,,,,,,,0xFF01FE,0x0,0,,,0,-500.0,0.0,,
311,0,33,589,0x40000040,0,11,0,0,0,44,,,"Ruines d'Aboraz",,,,,,,,,,,,,,0xFF01FE,0x0,0,,,0,-500.0,0.0,,
312,0,33,49,0x40000040,0,11,0,0,0,0,,,"Cap Janeiro",,,,,,,,,,,,,,0xFF01FE,0x0,0,,,0,-500.0,0.0,,
313,0,45,632,0x40000040,0,11,0,0,302,31,,,"Manoir de Nordclos",,,,,,,,,,,,,,0xFF01FE,0x0,0,,,0,-500.0,0.0,,
314,0,45,50,0x40200040,0,11,0,0,301,33,,,"Ferme de Go'Shek",,,,,,,,,,,,,,0xFF01FE,0x0,0,,,0,-500.0,0.0,,
315,0,45,590,0x40000040,0,11,0,0,301,31,,,"Ferme des Dabyrie",,,,,,,,,,,,,,0xFF01FE,0x0,0,,,0,-500.0,0.0,,
316,0,45,51,0x40000040,0,11,31,0,0,35,,,"Hall Rochepoing",,,,,,,,,,,,,,0xFF01FE,0x0,0,,,0,-500.0,0.0,,
317,0,45,609,0x40000040,0,11,0,3,0,33,,,"Village Fânécorce",,,,,,,,,,,,,,0xFF01FE,0x0,0,,,0,-500.0,0.0,,
318,0,45,52,0x40000040,0,11,0,0,0,36,,,"Gorge des Sèches-moustaches",,,,,,,,,,,,,,0xFF01FE,0x0,0,,,0,-500.0,0.0,,
320,0,45,53,0x40200040,0,11,0,0,123,30,,,"Refuge de l'Ornière",,,,,,,,,,,,,,0xFF01FE,0x0,0,,,0,-500.0,0.0,,
321,0,45,54,0x40200040,0,11,0,14,0,30,,,"Trépas-d'Orgrim",,,,,,,,,,,,,,0xFF01FE,0x0,0,,,0,-500.0,0.0,,
322,0,45,581,0x40000040,0,11,0,8,0,0,,,"Épaves des Flots noirs",,,,,,,,,,,,,,0xFF01FE,0x0,0,,,0,-500.0,0.0,,
323,0,45,55,0x40000040,0,11,0,0,0,0,,,"Camp de O'Breen",,,,,,,,,,,,,,0xFF01FE,0x0,0,,,0,-500.0,0.0,,
324,0,45,56,0x40200040,0,11,0,186,182,36,,,"Donjon de Stromgarde",,,,,,,,,,,,,,0xFF01FE,0x0,0,,,0,-500.0,0.0,,
325,0,45,57,0x40000040,0,11,0,0,0,0,,,"La Tour d'Arathor",,,,,,,,,,,,,,0xFF01FE,0x0,0,,,0,-500.0,0.0,,
326,0,45,58,0x40000040,0,11,0,0,0,0,,,"Le Sanctuaire",,,,,,,,,,,,,,0xFF01FE,0x0,0,,,0,-500.0,0.0,,
327,0,45,59,0x40000040,0,11,0,3,0,40,,,"La Crique de Faldir",,,,,,,,,,,,,,0xFF01FE,0x0,0,,,0,-500.0,0.0,,
328,0,45,566,0x40000040,0,11,0,192,0,0,,,"Le récif englouti",,,,,,,,,,,,,,0xFF01FE,0x0,0,,,0,-500.0,0.0,,
330,0,0,60,0x40,0,11,44,3,0,0,,,"Viaduc de Thandol",,,,,,,,,,,,,,0xFF01FE,0x0,0,,,0,-500.0,0.0,,
331,1,0,61,0x40,0,11,48,11,0,0,,,"Orneval",,,,,,,,,,,,,,0xFF01FE,0x0,0,,,0,-500.0,0.40000000596,,
332,1,0,62,0x40,0,11,0,9,0,0,,,"La Grande mer",,,,,,,,,,,,,,0xFF01FE,0x0,0,,,0,-500.0,0.0,,
333,0,45,63,0x40000040,0,11,0,0,0,38,,,"Cercle de lien oriental",,,,,,,,,,,,,,0xFF01FE,0x0,0,,,0,-500.0,0.0,,
334,0,45,64,0x40000040,0,11,0,0,0,38,,,"Cercle de lien occidental",,,,,,,,,,,,,,0xFF01FE,0x0,0,,,0,-500.0,0.0,,
335,0,45,65,0x40000040,0,11,0,0,0,38,,,"Cercle de lien intérieur",,,,,,,,,,,,,,0xFF01FE,0x0,0,,,0,-500.0,0.0,,
336,0,45,66,0x40000040,0,11,0,0,0,38,,,"Cercle de lien extérieur",,,,,,,,,,,,,,0xFF01FE,0x0,0,,,0,-500.0,0.0,,
337,0,3,67,0x40000040,0,11,25,7,0,36,,,"Repos d'Apocryphan",,,,,,,,,,,,,,0xFF01FE,0x0,0,,,0,-500.0,0.0,,
338,0,3,633,0x40000040,0,11,25,7,0,39,,,"Forteresse d'Angor",,,,,,,,,,,,,,0xFF01FE,0x0,0,,,0,-500.0,0.0,,
339,0,3,634,0x40000040,0,11,25,0,0,45,,,"Ravin de Lethlor",,,,,,,,,,,,,,0xFF01FE,0x0,0,,,0,-500.0,0.0,,
340,0,3,68,0x40200040,0,11,25,0,0,38,,,"Kargath",,,,,,,,,,,,,,0xFF01FE,0x0,0,,,0,-500.0,0.0,,
341,0,3,69,0x40000040,0,11,25,0,0,36,,,"Camp Kosh",,,,,,,,,,,,,,0xFF01FE,0x0,0,,,0,-500.0,0.0,,
342,0,3,70,0x40000040,0,11,25,0,0,39,,,"Camp Boff",,,,,,,,,,,,,,0xFF01FE,0x0,0,,,0,-500.0,0.0,,
343,0,3,71,0x40000040,0,11,25,0,0,0,,,"Camp Wurg",,,,,,,,,,,,,,0xFF01FE,0x0,0,,,0,-500.0,0.0,,
344,0,3,72,0x40000040,0,11,25,0,0,43,,,"Camp Cagg",,,,,,,,,,,,,,0xFF01FE,0x0,0,,,0,-500.0,0.0,,
345,0,3,73,0x40000040,0,11,25,7,0,39,,,"Fin d'Agmond",,,,,,,,,,,,,,0xFF01FE,0x0,0,,,0,-500.0,0.0,,
346,0,3,74,0x40000040,0,11,25,0,0,36,,,"Site de fouilles de Martèlorteil",,,,,,,,,,,,,,0xFF01FE,0x0,0,,,0,-500.0,0.0,,
347,0,3,75,0x40000040,0,11,25,0,0,43,,,"Grotte de Crache-poussière",,,,,,,,,,,,,,0xFF01FE,0x0,0,,,0,-500.0,0.0,,
348,0,47,76,0x40200040,0,11,0,1,0,41,,,"Nid-de-l'Aigle",,,,,,,,,,,,,,0xFF01FE,0x0,0,,,0,-500.0,0.0,,
349,0,47,77,0x40000040,0,11,0,1,0,0,,,"Donjon des Marteaux-hardis",,,,,,,,,,,,,,0xFF01FE,0x0,0,,,0,-500.0,0.0,,
350,0,47,78,0x40000040,0,11,0,1,0,45,,,"Gîte de Quel'Danil",,,,,,,,,,,,,,0xFF01FE,0x0,0,,,0,-500.0,0.0,,
351,0,47,79,0x40000040,0,11,0,1,0,48,,,"Rocher de l'Affût",,,,,,,,,,,,,,0xFF01FE,0x0,0,,,0,-500.0,0.0,,
352,0,47,80,0x40000040,0,11,0,1,0,0,,,"Zun'watha",,,,,,,,,,,,,,0xFF01FE,0x0,0,,,0,-500.0,0.0,,
353,0,47,81,0x40000040,0,11,0,3,0,44,,,"Shadra'Alor",,,,,,,,,,,,,,0xFF01FE,0x0,0,,,0,-500.0,0.0,,
354,0,47,591,0x40000040,0,11,0,227,0,45,,,"Jintha'Alor",,,,,,,,,,,,,,0xFF01FE,0x0,0,,,0,-500.0,0.0,,
355,0,47,592,0x40000040,0,11,0,176,0,46,,,"L'Autel de Zul",,,,,,,,,,,,,,0xFF01FE,0x0,0,,,0,-500.0,0.0,,
356,0,47,82,0x40000040,0,11,0,76,0,41,,,"Seradane",,,,,,,,,,,,,,0xFF01FE,0x0,0,,,0,-500.0,0.0,,
357,1,0,83,0x40,0,11,48,3,0,0,,,"Féralas",,,,,,,,,,,,,,0xFF01FE,0x0,0,,,0,-500.0,0.40000000596,,
358,1,215,84,0x40000000,0,11,25,9,0,0,,,"Ravin de Roncelame",,,,,,,,,,,,,,0xFF01FE,0x0,0,,,0,-500.0,0.0,,
359,1,17,85,0x40000040,0,11,0,7,0,25,,,"Bael Modan",,,,,,,,,,,,,,0xFF01FE,0x0,0,,,0,-500.0,0.0,,
360,1,215,86,0x40000040,0,11,0,9,0,7,,,"Mine de la KapitalRisk",,,,,,,,,,,,,,0xFF01FE,0x0,0,,,0,-500.0,0.0,,
361,1,0,87,0x40,0,11,28,193,0,0,,,"Gangrebois",,,,,,,,,,,,,,0xFF01FE,0x0,0,,,0,-500.0,0.40000000596,,
362,1,14,88,0x40300040,0,11,0,9,421,5,,,"Tranchecolline",,,,,,,,,,,,,,0xFF01FE,0x0,0,,,0,-500.0,0.0,,
363,1,14,89,0x40300000,0,11,0,9,0,0,,,"Vallée des épreuves",,,,,,,,,,,,,,0xFF01FE,0x0,0,,,0,-500.0,0.0,,
364,1,14,90,0x40000040,75,11,0,9,0,0,,,"L'Antre",,,,,,,,,,,,,,0xFF01FE,0x0,0,,,0,-500.0,0.0,,
365,1,14,91,0x40000000,0,11,0,9,0,0,,,"Convent de la Lame ardente",,,,,,,,,,,,,,0xFF01FE,0x0,0,,,0,-500.0,0.0,,
366,1,14,92,0x40000040,0,11,0,9,0,7,,,"Combe des Kolkar",,,,,,,,,,,,,,0xFF01FE,0x0,0,,,0,-500.0,0.0,,
367,1,14,93,0x40300040,0,11,0,185,0,6,,,"Village de Sen'jin",,,,,,,,,,,,,,0xFF01FE,0x0,0,,,0,-500.0,0.0,,
368,1,14,94,0x40000040,0,11,32,3,68,7,,,"Îles de l'Écho",,,,,,,,,,,,,,0xFF01FE,0x0,0,,,0,-500.0,0.0,,
369,1,14,95,0x40000040,0,11,0,9,0,9,,,"Falaises du Tonnerre",,,,,,,,,,,,,,0xFF01FE,0x0,0,,,0,-500.0,0.0,,
370,1,14,96,0x40000040,0,11,0,9,0,8,,,"Ravin asséché",,,,,,,,,,,,,,0xFF01FE,0x0,0,,,0,-500.0,0.0,,
371,1,14,567,0x40000040,0,11,0,9,0,0,,,"Caverne des Terrevent",,,,,,,,,,,,,,0xFF01FE,0x0,0,,,0,-500.0,0.0,,
372,1,14,97,0x40000040,0,11,0,186,301,6,,,"Donjon de Tiragarde",,,,,,,,,,,,,,0xFF01FE,0x0,0,,,0,-500.0,0.0,,
373,1,14,98,0x40000040,0,11,0,9,0,0,,,"Côte des naufrages",,,,,,,,,,,,,,0xFF01FE,0x0,0,,,0,-500.0,0.0,,
374,1,14,99,0x40000040,0,11,0,9,0,0,,,"Baie de Lamepoing",,,,,,,,,,,,,,0xFF01FE,0x0,0,,,0,-500.0,0.0,,
375,1,14,100,0x40000040,0,11,0,9,0,0,,,"Rivage d'Œil-mort",,,,,,,,,,,,,,0xFF01FE,0x0,0,,,0,-500.0,0.0,,
377,1,0,101,0x40,0,11,0,9,0,9,,,"La Furie-du-Sud",,,,,,,,,,,,,,0xFF01FE,0x0,0,,,0,-500.0,0.0,,
378,1,17,102,0x40300040,0,11,0,226,0,10,,,"Camp Taurajo",,,,,,,,,,,,,,0xFF01FE,0x0,0,,,0,-500.0,0.0,,
379,1,17,103,0x40000040,0,11,0,7,0,10,,,"Poste de garde extérieur",,,,,,,,,,,,,,0xFF01FE,0x0,0,,,0,-500.0,0.0,,
380,1,17,104,0x40300040,0,11,0,228,0,15,,,"La Croisée",,,,,,,,,,,,,,0xFF01FE,0x0,0,,,0,-500.0,0.0,,
381,1,17,105,0x40000040,0,11,0,0,0,17,,,"Mine des Pierriers",,,,,,,,,,,,,,0xFF01FE,0x0,0,,,0,-500.0,0.0,,
382,1,17,552,0x40000040,0,11,0,3,0,15,,,"La Videfange",,,,,,,,,,,,,,0xFF01FE,0x0,0,,,0,-500.0,0.0,,
383,1,17,106,0x40000040,0,11,0,0,0,14,,,"Les Collines arides",,,,,,,,,,,,,,0xFF01FE,0x0,0,,,0,-500.0,0.0,,
384,1,17,107,0x40000040,0,11,46,10,0,11,,,"Pic de Brume-funeste",,,,,,,,,,,,,,0xFF01FE,0x0,0,,,0,-500.0,0.0,,
385,1,17,108,0x40000040,0,11,0,3,301,15,,,"Fort du Nord",,,,,,,,,,,,,,0xFF01FE,0x0,0,,,0,-500.0,0.0,,
386,1,17,109,0x40000040,0,11,32,3,0,12,,,"Les Bassins oubliés",,,,,,,,,,,,,,0xFF01FE,0x0,0,,,0,-500.0,0.0,,
387,1,17,582,0x40000040,0,11,32,3,0,12,,,"Oasis luxuriante",,,,,,,,,,,,,,0xFF01FE,0x0,0,,,0,-500.0,0.0,,
388,1,17,110,0x40000040,0,11,32,3,0,15,,,"L'oasis stagnante",,,,,,,,,,,,,,0xFF01FE,0x0,0,,,0,-500.0,0.0,,
390,1,17,111,0x40000040,0,11,0,0,0,20,,,"Champ des Géants",,,,,,,,,,,,,,0xFF01FE,0x0,0,,,0,-500.0,0.0,,
391,1,17,112,0x40000040,0,11,32,3,0,12,,,"La Côte des marchands",,,,,,,,,,,,,,0xFF01FE,0x0,0,,,0,-500.0,0.0,,
392,1,17,113,0x40200040,0,11,0,3,0,15,,,"Cabestan",,,,,,,,,,,,,,0xFF01FE,0x0,0,,,0,-500.0,0.0,,
393,1,14,114,0x40000040,0,11,0,9,0,0,,,"Grève des Sombrelances",,,,,,,,,,,,,,0xFF01FE,0x0,0,,,0,-500.0,0.0,,
394,571,0,115,0x4440,0,11,437,417,563,0,,,"Les Grisonnes",,,,,,,,,,,,,,0xFF01FE,0x0,0,,,0,-500.0,0.0,,
395,571,394,116,0x40004440,0,11,0,460,564,74,,,"Grisegueule",,,,,,,,,,,,,,0xFF01FE,0x0,0,,,0,-500.0,0.0,,
396,1,215,117,0x40000040,0,11,0,9,0,6,,,"Puits Sabot-d'hiver",,,,,,,,,,,,,,0xFF01FE,0x0,0,,,0,-500.0,0.0,,
397,1,215,118,0x40000040,0,11,0,9,0,7,,,"Puits Corne-tonnerre",,,,,,,,,,,,,,0xFF01FE,0x0,0,,,0,-500.0,0.0,,
398,1,215,441,0x40000040,0,11,0,9,0,8,,,"Puits Crin-sauvage",,,,,,,,,,,,,,0xFF01FE,0x0,0,,,0,-500.0,0.0,,
399,1,215,610,0x40000040,0,11,0,9,0,6,,,"Crête de Skyline",,,,,,,,,,,,,,0xFF01FE,0x0,0,,,0,-500.0,0.0,,
400,1,0,442,0x40,0,11,25,9,0,0,,,"Mille pointes",,,,,,,,,,,,,,0xFF01FE,0x0,0,,,0,-500.0,0.5,,
401,1,17,443,0x40000040,0,11,32,3,0,0,,,"L'Escalier des marées",,,,,,,,,,,,,,0xFF01FE,0x0,0,,,0,-500.0,0.0,,
403,1,15,568,0x40000040,0,11,0,0,0,0,,,"Auberge du Repos ombragé",,,,,,,,,,,,,,0xFF01FE,0x0,0,,,0,-500.0,0.0,,
404,1,215,444,0x40000040,0,11,0,9,102,8,,,"Site de fouilles de Bael'Dun",,,,,,,,,,,,,,0xFF01FE,0x0,0,,,0,-500.0,0.0,,
405,1,0,445,0x40,0,11,39,7,0,0,,,"Désolace",,,,,,,,,,,,,,0xFF01FE,0x0,0,,,0,-500.0,0.300000011921,,
406,1,0,446,0x40,0,11,25,7,0,0,,,"Les Serres-Rocheuses",,,,,,,,,,,,,,0xFF01FE,0x0,0,,,0,-500.0,0.300000011921,,
407,1,14,447,0x40000040,0,11,0,14,62,10,,,"Orgrimmar",,,,,,,,,,,,,,0xFF01FE,0x0,0,,,0,-500.0,0.0,,
408,0,0,448,0x40,0,11,0,0,0,0,,,"Île de Gillijim",,,,,,,,,,,,,,0xFF01FE,0x0,0,,,0,-500.0,0.0,,
409,0,0,449,0x40,0,11,32,0,0,0,,,"Île du docteur Lapidis",,,,,,,,,,,,,,0xFF01FE,0x0,0,,,0,-500.0,0.0,,
410,1,14,450,0x40000040,0,11,0,9,0,8,,,"Canyon de Tranchevent",,,,,,,,,,,,,,0xFF01FE,0x0,0,,,0,-500.0,0.0,,
411,1,331,451,0x40000040,0,11,0,205,0,0,,,"Repaire de Bathran",,,,,,,,,,,,,,0xFF01FE,0x0,0,,,0,-500.0,0.0,,
412,1,331,625,0x40000040,0,11,0,205,0,0,,,"Les Ruines d'Ordil'Aran",,,,,,,,,,,,,,0xFF01FE,0x0,0,,,0,-500.0,0.0,,
413,1,331,452,0x40000040,0,11,0,0,0,19,,,"Poste de Maestra",,,,,,,,,,,,,,0xFF01FE,0x0,0,,,0,-500.0,0.0,,
414,1,331,453,0x40000040,0,11,24,176,0,20,,,"La grève de Zoram",,,,,,,,,,,,,,0xFF01FE,0x0,0,,,0,-500.0,0.0,,
415,1,331,454,0x40200040,0,11,0,11,81,20,,,"Astranaar",,,,,,,,,,,,,,0xFF01FE,0x0,0,,,0,-500.0,0.0,,
416,1,331,455,0x40000040,0,11,0,199,0,23,,,"Le sanctuaire d'Aessina",,,,,,,,,,,,,,0xFF01FE,0x0,0,,,0,-500.0,0.0,,
417,1,331,456,0x40000040,0,11,28,193,0,25,,,"Sanctuaire de Scarfeu",,,,,,,,,,,,,,0xFF01FE,0x0,0,,,0,-500.0,0.0,,
418,1,331,457,0x40000040,0,11,28,193,0,23,,,"Les ruines de Chimétoile",,,,,,,,,,,,,,0xFF01FE,0x0,0,,,0,-500.0,0.0,,
419,1,331,458,0x40000040,0,11,0,204,0,28,,,"Le Val hurlant",,,,,,,,,,,,,,0xFF01FE,0x0,0,,,0,-500.0,0.0,,
420,1,331,459,0x40200040,0,11,0,0,81,25,,,"Refuge de Vent-argent",,,,,,,,,,,,,,0xFF01FE,0x0,0,,,0,-500.0,0.0,,
421,1,331,460,0x40000040,0,11,0,0,0,25,,,"Lac Mystral",,,,,,,,,,,,,,0xFF01FE,0x0,0,,,0,-500.0,0.0,,
422,1,331,461,0x40000040,0,11,0,0,0,26,,,"Lac Tombeciel",,,,,,,,,,,,,,0xFF01FE,0x0,0,,,0,-500.0,0.0,,
424,1,331,462,0x40000040,0,11,28,194,0,22,,,"Lac Iris",,,,,,,,,,,,,,0xFF01FE,0x0,0,,,0,-500.0,0.0,,
425,1,331,549,0x40000040,0,11,0,199,71,0,,,"Puits de lune",,,,,,,,,,,,,,0xFF01FE,0x0,0,,,0,-500.0,0.0,,
426,1,331,463,0x40000040,0,11,0,0,0,24,,,"Retraite de Raynebois",,,,,,,,,,,,,,0xFF01FE,0x0,0,,,0,-500.0,0.0,,
427,1,331,464,0x40000040,0,11,0,11,0,0,,,"Le creux ombragé",,,,,,,,,,,,,,0xFF01FE,0x0,0,,,0,-500.0,0.0,,
428,1,331,569,0x40000040,0,11,0,3,121,25,,,"Défilé de la nuit",,,,,,,,,,,,,,0xFF01FE,0x0,0,,,0,-500.0,0.0,,
429,1,331,611,0x40000040,0,11,0,3,121,0,,,"Xavian",,,,,,,,,,,,,,0xFF01FE,0x0,0,,,0,-500.0,0.0,,
430,1,331,465,0x40000040,0,11,0,3,121,28,,,"Satyrnaar",,,,,,,,,,,,,,0xFF01FE,0x0,0,,,0,-500.0,0.0,,
431,1,331,553,0x40200040,0,11,0,228,0,25,,,"Poste de Bois-brisé",,,,,,,,,,,,,,0xFF01FE,0x0,0,,,0,-500.0,0.0,,
432,1,331,466,0x40000040,0,11,0,205,0,30,,,"Le Refuge des saisons de Dor'danil",,,,,,,,,,,,,,0xFF01FE,0x0,0,,,0,-500.0,0.0,,
433,1,331,467,0x40000040,0,11,0,0,0,0,,,"La Falfarren",,,,,,,,,,,,,,0xFF01FE,0x0,0,,,0,-500.0,0.0,,
434,1,331,570,0x40000040,0,11,48,193,0,29,,,"Colline Gangrefeu",,,,,,,,,,,,,,0xFF01FE,0x0,0,,,0,-500.0,0.0,,
435,1,331,468,0x40000040,0,11,49,193,0,0,,,"Canyon de la Malechute",,,,,,,,,,,,,,0xFF01FE,0x0,0,,,0,-500.0,0.0,,
436,1,331,469,0x40000040,0,11,49,193,0,0,,,"Crête de la Malechute",,,,,,,,,,,,,,0xFF01FE,0x0,0,,,0,-500.0,0.0,,
437,1,331,612,0x40200040,0,11,28,228,0,22,,,"Camp de bûcherons chanteguerre",,,,,,,,,,,,,,0xFF01FE,0x0,0,,,0,-500.0,0.0,,
438,1,331,470,0x40000040,0,11,0,188,301,20,,,"L'Ombrage",,,,,,,,,,,,,,0xFF01FE,0x0,0,,,0,-500.0,0.0,,
439,1,400,471,0x40000040,0,11,39,0,0,35,,,"Les Salines",,,,,,,,,,,,,,0xFF01FE,0x0,0,,,0,-500.0,0.0,,
440,1,0,472,0x40,0,11,39,176,0,0,,,"Tanaris",,,,,,,,,,,,,,0xFF01FE,0x0,0,,,0,-500.0,0.5,,
441,1,331,473,0x40000040,0,11,48,0,0,20,,,"Lac Falathim",,,,,,,,,,,,,,0xFF01FE,0x0,0,,,0,-500.0,0.0,,
442,1,148,474,0x40300040,0,11,0,0,81,12,,,"Auberdine",,,,,,,,,,,,,,0xFF01FE,0x0,0,,,0,-500.0,0.0,,
443,1,148,475,0x40000040,0,11,0,176,0,19,,,"Ruines de Mathystra",,,,,,,,,,,,,,0xFF01FE,0x0,0,,,0,-500.0,0.0,,
444,1,148,476,0x40000040,0,11,0,0,0,16,,,"Tour d'Althalaxx",,,,,,,,,,,,,,0xFF01FE,0x0,0,,,0,-500.0,0.0,,
445,1,148,477,0x40000040,0,11,0,0,0,14,,,"Chutes de la Bondissante",,,,,,,,,,,,,,0xFF01FE,0x0,0,,,0,-500.0,0.0,,
446,1,148,478,0x40000040,0,11,0,0,0,11,,,"Bashal'Aran",,,,,,,,,,,,,,0xFF01FE,0x0,0,,,0,-500.0,0.0,,
447,1,148,479,0x40000040,0,11,0,15,0,11,,,"Ameth'Aran",,,,,,,,,,,,,,0xFF01FE,0x0,0,,,0,-500.0,0.0,,
448,1,148,480,0x40000040,0,11,0,0,302,15,,,"Bosquet des Anciens",,,,,,,,,,,,,,0xFF01FE,0x0,0,,,0,-500.0,0.0,,
449,1,148,481,0x40000040,0,11,0,0,0,16,,,"Le Glaive du Maître",,,,,,,,,,,,,,0xFF01FE,0x0,0,,,0,-500.0,0.0,,
450,1,148,482,0x40000040,0,11,0,0,0,19,,,"Excavations de Songerrance",,,,,,,,,,,,,,0xFF01FE,0x0,0,,,0,-500.0,0.0,,
452,1,148,483,0x40000040,0,11,0,0,0,0,,,"La lisière des brumes",,,,,,,,,,,,,,0xFF01FE,0x0,0,,,0,-500.0,0.0,,
453,1,148,583,0x40000040,0,11,0,0,0,0,,,"Le Lent reflux",,,,,,,,,,,,,,0xFF01FE,0x0,0,,,0,-500.0,0.0,,
454,1,148,484,0x40000040,0,11,0,0,0,0,,,"La Sinueuse",,,,,,,,,,,,,,0xFF01FE,0x0,0,,,0,-500.0,0.0,,
455,1,148,485,0x40000040,0,11,0,0,0,0,,,"Tanière des Noirbois",,,,,,,,,,,,,,0xFF01FE,0x0,0,,,0,-500.0,0.0,,
456,1,148,486,0x40000040,0,11,0,0,0,14,,,"La Bondissante",,,,,,,,,,,,,,0xFF01FE,0x0,0,,,0,-500.0,0.0,,
457,1,0,571,0x40,0,11,24,200,201,0,,,"La Mer voilée",,,,,,,,,,,,,,0xFF01FE,0x0,0,,,0,-500.0,0.0,,
458,1,17,487,0x40000040,0,11,0,7,0,0,,,"Route de l'or",,,,,,,,,,,,,,0xFF01FE,0x0,0,,,0,-500.0,0.0,,
459,0,85,375,0x40000040,0,11,0,0,0,10,,,"Poste de garde de la Croisade",,,,,,,,,,,,,,0xFF01FE,0x0,0,,,0,-500.0,0.0,,
460,1,406,488,0x40200040,0,11,0,228,0,20,,,"Retraite de Roche-Soleil",,,,,,,,,,,,,,0xFF01FE,0x0,0,,,0,-500.0,0.0,,
461,1,406,489,0x40000040,0,11,0,7,0,20,,,"Combe des Cisailles",,,,,,,,,,,,,,0xFF01FE,0x0,0,,,0,-500.0,0.0,,
463,1,406,490,0x40000040,0,11,0,7,0,0,,,"Lac de la Combe",,,,,,,,,,,,,,0xFF01FE,0x0,0,,,0,-500.0,0.0,,
464,1,406,491,0x40000040,0,11,0,7,0,21,,,"Lac Mirkfallon",,,,,,,,,,,,,,0xFF01FE,0x0,0,,,0,-500.0,0.0,,
465,1,406,492,0x40000040,0,11,0,7,0,25,,,"Le Val calciné",,,,,,,,,,,,,,0xFF01FE,0x0,0,,,0,-500.0,0.0,,
466,1,406,493,0x40000040,0,11,0,7,0,0,,,"Vallée des Rouges-furies",,,,,,,,,,,,,,0xFF01FE,0x0,0,,,0,-500.0,0.0,,
467,1,406,613,0x40000040,0,11,29,11,201,25,,,"Pic des Serres-Rocheuses",,,,,,,,,,,,,,0xFF01FE,0x0,0,,,0,-500.0,0.0,,
468,1,406,494,0x40000040,0,11,29,11,0,0,,,"L'antre des Serres",,,,,,,,,,,,,,0xFF01FE,0x0,0,,,0,-500.0,0.0,,
469,1,406,495,0x40000040,0,11,0,7,0,0,,,"Val de Grandbois",,,,,,,,,,,,,,0xFF01FE,0x0,0,,,0,-500.0,0.0,,
470,1,215,496,0x40000040,0,11,45,9,0,10,,,"Les Pitons du Tonnerre",,,,,,,,,,,,,,0xFF01FE,0x0,0,,,0,-500.0,0.0,,
471,1,215,497,0x40000040,0,11,0,9,0,0,,,"Mesa de Brave-vent",,,,,,,,,,,,,,0xFF01FE,0x0,0,,,0,-500.0,0.0,,
472,1,215,498,0x40000040,0,11,0,9,0,0,,,"Mesa de Pierrefeu",,,,,,,,,,,,,,0xFF01FE,0x0,0,,,0,-500.0,0.0,,
473,1,215,554,0x40000040,0,11,0,9,0,0,,,"Roche du manteau",,,,,,,,,,,,,,0xFF01FE,0x0,0,,,0,-500.0,0.0,,
474,1,215,499,0x40000040,0,11,0,9,0,0,,,"Cime des chasseurs",,,,,,,,,,,,,,0xFF01FE,0x0,0,,,0,-500.0,0.0,,
475,1,215,500,0x40000040,0,11,0,9,0,0,,,"Cime des Esprits",,,,,,,,,,,,,,0xFF01FE,0x0,0,,,0,-500.0,0.0,,
476,1,215,501,0x40000040,0,11,0,9,0,0,,,"Cime des Anciens",,,,,,,,,,,,,,0xFF01FE,0x0,0,,,0,-500.0,0.0,,
477,0,33,502,0x40000040,0,11,0,3,0,43,,,"Ruines de Jubuwal",,,,,,,,,,,,,,0xFF01FE,0x0,0,,,0,-500.0,0.0,,
478,1,141,503,0x40000040,0,11,0,11,0,8,,,"Bassins d'Arlithrien",,,,,,,,,,,,,,0xFF01FE,0x0,0,,,0,-500.0,0.0,,
479,1,400,504,0x40000040,0,11,0,9,0,0,,,"Site de fouilles de Cognerouille",,,,,,,,,,,,,,0xFF01FE,0x0,0,,,0,-500.0,0.0,,
480,1,400,505,0x40000040,0,11,0,9,0,30,,,"Camp E'thok",,,,,,,,,,,,,,0xFF01FE,0x0,0,,,0,-500.0,0.0,,
481,1,400,572,0x40000040,0,11,0,9,0,24,,,"Combe du Sabot fendu",,,,,,,,,,,,,,0xFF01FE,0x0,0,,,0,-500.0,0.0,,
482,1,400,506,0x40000040,0,11,0,9,0,29,,,"Haut-perchoir",,,,,,,,,,,,,,0xFF01FE,0x0,0,,,0,-500.0,0.0,,
483,1,400,507,0x40000040,0,11,0,9,0,30,,,"Canyon des hurlements",,,,,,,,,,,,,,0xFF01FE,0x0,0,,,0,-500.0,0.0,,
484,1,400,508,0x40200040,0,11,0,226,0,26,,,"Poste de Librevent",,,,,,,,,,,,,,0xFF01FE,0x0,0,,,0,-500.0,0.0,,
485,1,400,509,0x40000040,0,11,0,9,0,25,,,"La Grande élévation",,,,,,,,,,,,,,0xFF01FE,0x0,0,,,0,-500.0,0.0,,
486,1,400,510,0x40000040,0,11,0,9,0,0,,,"Repaire des Galak",,,,,,,,,,,,,,0xFF01FE,0x0,0,,,0,-500.0,0.0,,
487,1,400,511,0x40000040,0,11,0,9,0,0,,,"Tanière des Volplumes",,,,,,,,,,,,,,0xFF01FE,0x0,0,,,0,-500.0,0.0,,
488,1,400,512,0x40000040,0,11,0,9,0,0,,,"La niche érodée",,,,,,,,,,,,,,0xFF01FE,0x0,0,,,0,-500.0,0.0,,
489,1,357,513,0x40000040,0,11,0,0,0,0,,,"Thalanaar",,,,,,,,,,,,,,0xFF01FE,0x0,0,,,0,-500.0,0.0,,
490,1,0,514,0x40,0,11,33,223,0,0,,,"Cratère d'Un'Goro",,,,,,,,,,,,,,0xFF01FE,0x0,0,,,0,-500.0,0.600000023842,,
491,47,0,515,0x0,0,11,0,0,0,0,,,"Kraal de Tranchebauge",,,,,,,,,,,,,,0xFF01FE,0x4,0,,,0,-500.0,0.0,,
492,0,10,516,0x40000040,0,11,0,15,0,26,,,"Cimetière de Colline-aux-Corbeaux",,,,,,,,,,,,,,0xFF01FE,0x0,0,,,0,-500.0,0.0,,
493,1,0,517,0x40,0,11,28,191,201,0,,,"Reflet-de-Lune",,,,,,,,,,,,,,0xFF01FE,0x0,0,,,0,-500.0,0.5,,
495,571,0,519,0x441,0,11,429,415,0,70,,,"Fjord Hurlant",,,,,,,,,,,,,,0xFF01FE,0x0,0,,,0,-500.0,0.0,,
496,1,15,518,0x40000040,0,11,0,214,0,36,,,"Mur-de-Fougères",,,,,,,,,,,,,,0xFF01FE,0x0,0,,,0,-500.0,0.0,,
497,1,15,520,0x40000040,0,11,0,0,0,0,,,"Manoir des Flammeroles",,,,,,,,,,,,,,0xFF01FE,0x0,0,,,0,-500.0,0.0,,
498,1,15,521,0x40000040,0,11,0,0,0,0,,,"Terrier des Rougefanges",,,,,,,,,,,,,,0xFF01FE,0x0,0,,,0,-500.0,0.0,,
499,1,15,522,0x40000040,0,11,0,0,0,0,,,"Caverne de Sombrebrume",,,,,,,,,,,,,,0xFF01FE,0x0,0,,,0,-500.0,0.0,,
500,1,15,623,0x40000040,0,11,0,0,0,0,,,"Cap Moggle",,,,,,,,,,,,,,0xFF01FE,0x0,0,,,0,-500.0,0.0,,
501,1,15,614,0x40000040,0,11,0,3,0,0,,,"Épave de Beezil",,,,,,,,,,,,,,0xFF01FE,0x0,0,,,0,-500.0,0.0,,
502,1,15,624,0x40000040,0,11,0,0,0,36,,,"Colline des sorcières",,,,,,,,,,,,,,0xFF01FE,0x0,0,,,0,-500.0,0.0,,
503,1,15,573,0x40000040,0,11,0,191,0,0,,,"Halte de la Vigie",,,,,,,,,,,,,,0xFF01FE,0x0,0,,,0,-500.0,0.0,,
504,1,15,523,0x40000040,0,11,0,191,0,0,,,"Tour de la halte nord",,,,,,,,,,,,,,0xFF01FE,0x0,0,,,0,-500.0,0.0,,
505,1,15,524,0x40000040,0,11,0,0,0,0,,,"Tour du cap ouest",,,,,,,,,,,,,,0xFF01FE,0x0,0,,,0,-500.0,0.0,,
506,1,15,525,0x40000040,0,11,0,191,0,0,,,"Halte perdue",,,,,,,,,,,,,,0xFF01FE,0x0,0,,,0,-500.0,0.0,,
507,1,15,526,0x40000040,0,11,0,0,0,36,,,"Marais bleu",,,,,,,,,,,,,,0xFF01FE,0x0,0,,,0,-500.0,0.0,,
508,1,15,527,0x40000040,0,11,0,0,0,0,,,"Ruines Cognepierres",,,,,,,,,,,,,,0xFF01FE,0x0,0,,,0,-500.0,0.0,,
509,1,15,528,0x40000040,0,11,0,0,0,38,,,"L'Antre des flammes",,,,,,,,,,,,,,0xFF01FE,0x0,0,,,0,-500.0,0.0,,
510,1,15,584,0x40000040,0,11,0,0,0,0,,,"Le cloaque aux dragons",,,,,,,,,,,,,,0xFF01FE,0x0,0,,,0,-500.0,0.0,,
511,1,15,529,0x40000040,0,11,0,0,0,43,,,"Tourbière du Ver",,,,,,,,,,,,,,0xFF01FE,0x0,0,,,0,-500.0,0.0,,
512,1,15,530,0x40200040,0,11,0,0,0,36,,,"Sabot-noir",,,,,,,,,,,,,,0xFF01FE,0x0,0,,,0,-500.0,0.0,,
513,1,15,531,0x40200040,0,11,43,13,401,36,,,"Île de Theramore",,,,,,,,,,,,,,0xFF01FE,0x0,0,,,0,-500.0,0.0,,
514,1,15,532,0x40000040,0,11,0,0,0,0,,,"Citadelle de Theramore",,,,,,,,,,,,,,0xFF01FE,0x0,0,,,0,-500.0,0.0,,
515,1,15,533,0x40000040,0,11,0,0,0,0,,,"Prison du cuirassé",,,,,,,,,,,,,,0xFF01FE,0x0,0,,,0,-500.0,0.0,,
516,1,15,534,0x40000040,0,11,0,0,0,0,,,"Baie d'Âprefange",,,,,,,,,,,,,,0xFF01FE,0x0,0,,,0,-500.0,0.0,,
517,1,15,535,0x40000040,0,11,0,0,0,0,,,"Crique du Mascaret",,,,,,,,,,,,,,0xFF01FE,0x0,0,,,0,-500.0,0.0,,
518,1,15,536,0x40000040,0,11,0,0,0,36,,,"Rivage de Troubleffroi",,,,,,,,,,,,,,0xFF01FE,0x0,0,,,0,-500.0,0.0,,
536,0,10,537,0x40000040,0,11,0,2,0,24,,,"Ferme des Addle",,,,,,,,,,,,,,0xFF01FE,0x0,0,,,0,-500.0,0.0,,
537,1,490,538,0x40000040,0,11,0,0,0,55,,,"Crête de la Fournaise",,,,,,,,,,,,,,0xFF01FE,0x0,0,,,0,-500.0,0.0,,
538,1,490,539,0x40000040,0,11,0,0,0,49,,,"Fosses de goudron de Lakkari",,,,,,,,,,,,,,0xFF01FE,0x0,0,,,0,-500.0,0.0,,
539,1,490,540,0x40000040,0,11,0,0,0,53,,,"Coteaux de la terreur",,,,,,,,,,,,,,0xFF01FE,0x0,0,,,0,-500.0,0.0,,
540,1,490,541,0x40000040,0,11,0,0,0,51,,,"La Balafre sinueuse",,,,,,,,,,,,,,0xFF01FE,0x0,0,,,0,-500.0,0.0,,
541,1,490,542,0x40000040,0,11,0,0,0,0,,,"Refuge des Marshal",,,,,,,,,,,,,,0xFF01FE,0x0,0,,,0,-500.0,0.0,,
542,1,490,543,0x40000040,0,11,0,0,0,0,,,"Rocher fongique",,,,,,,,,,,,,,0xFF01FE,0x0,0,,,0,-500.0,0.0,,
543,1,490,544,0x40000040,0,11,0,0,0,53,,,"Sources de Golakka",,,,,,,,,,,,,,0xFF01FE,0x0,0,,,0,-500.0,0.0,,
556,0,38,545,0x40000040,0,11,0,1,0,12,,,"Le Loch",,,,,,,,,,,,,,0xFF01FE,0x0,0,,,0,-500.0,0.0,,
576,0,10,546,0x40000040,0,11,0,2,0,25,,,"Repaire des mendiants",,,,,,,,,,,,,,0xFF01FE,0x0,0,,,0,-500.0,0.0,,
596,1,405,593,0x40000040,0,11,0,7,0,35,,,"Cimetière des kodos",,,,,,,,,,,,,,0xFF01FE,0x0,0,,,0,-500.0,0.0,,
597,1,405,594,0x40200040,0,11,0,226,0,0,,,"Poste de Rôdeur-fantôme",,,,,,,,,,,,,,0xFF01FE,0x0,0,,,0,-500.0,0.0,,
598,1,405,595,0x40000040,0,11,31,227,0,0,,,"Grève de Sar'theris",,,,,,,,,,,,,,0xFF01FE,0x0,0,,,0,-500.0,0.0,,
599,1,405,596,0x40000040,0,11,0,193,301,30,,,"Forteresse de Hache-Tonnerre",,,,,,,,,,,,,,0xFF01FE,0x0,0,,,0,-500.0,0.0,,
600,1,405,597,0x40000040,0,11,0,7,0,0,,,"Trou de Bolgan",,,,,,,,,,,,,,0xFF01FE,0x0,0,,,0,-500.0,0.0,,
602,1,405,599,0x40000040,0,11,0,193,0,39,,,"Convent de Mannoroc",,,,,,,,,,,,,,0xFF01FE,0x0,0,,,0,-500.0,0.0,,
603,1,405,600,0x40000040,0,11,0,76,0,31,,,"Sargeron",,,,,,,,,,,,,,0xFF01FE,0x0,0,,,0,-500.0,0.0,,
604,1,405,601,0x40000040,0,11,0,7,0,36,,,"Village des Magram",,,,,,,,,,,,,,0xFF01FE,0x0,0,,,0,-500.0,0.0,,
606,1,405,603,0x40000040,0,11,0,7,0,34,,,"Village des Gelkis",,,,,,,,,,,,,,0xFF01FE,0x0,0,,,0,-500.0,0.0,,
607,1,405,604,0x40000040,0,11,0,7,0,37,,,"Vallée des Lances",,,,,,,,,,,,,,0xFF01FE,0x0,0,,,0,-500.0,0.0,,
608,1,405,605,0x40200040,0,11,0,206,103,30,,,"Combe de Nijel",,,,,,,,,,,,,,0xFF01FE,0x0,0,,,0,-500.0,0.0,,
609,1,405,598,0x40000040,0,11,0,7,0,32,,,"Village des Kolkar",,,,,,,,,,,,,,0xFF01FE,0x0,0,,,0,-500.0,0.0,,
616,1,0,619,0x40,0,11,31,0,0,0,,,"Hyjal",,,,,,,,,,,,,,0xFF01FE,0x0,0,,,0,-500.0,0.0,,
618,1,0,621,0x41,0,11,42,8,0,0,,,"Berceau-de-l'Hiver",,,,,,,,,,,,,,0xFF01FE,0x0,0,,,0,-500.0,0.300000011921,,
636,1,406,626,0x40000040,0,11,0,7,0,0,,,"Fleuve Loup-noir",,,,,,,,,,,,,,0xFF01FE,0x0,0,,,0,-500.0,0.0,,
637,1,215,635,0x40000000,0,11,0,9,121,0,,,"Rocher des kodos",,,,,,,,,,,,,,0xFF01FE,0x0,0,,,0,-500.0,0.0,,
638,1,14,636,0x40000040,0,11,0,0,0,0,,,"Chemin secret",,,,,,,,,,,,,,0xFF01FE,0x0,0,,,0,-500.0,0.0,,
639,1,14,637,0x40000040,0,11,0,0,0,0,,,"Rocher des esprits",,,,,,,,,,,,,,0xFF01FE,0x0,0,,,0,-500.0,0.0,,
640,1,14,638,0x40000040,0,11,0,0,0,0,,,"Autel de la flamme dormante",,,,,,,,,,,,,,0xFF01FE,0x0,0,,,0,-500.0,0.0,,
656,1,493,295,0x40000040,0,11,0,0,0,15,,,"Lac Elune'ara",,,,,,,,,,,,,,0xFF01FE,0x0,0,,,0,-500.0,0.0,,
657,0,8,296,0x40000040,0,11,0,0,0,37,,,"Le Havre boueux",,,,,,,,,,,,,,0xFF01FE,0x0,0,,,0,-500.0,0.0,,
676,150,0,297,0x40,0,11,46,0,0,0,,,"Outreterre",,,,,,,,,,,,,,0xFF01FE,0x0,0,,,0,-500.0,0.600000023842,,
696,1,141,298,0x40000040,0,11,48,76,0,0,,,"Terrasse des Artisans",,,,,,,,,,,,,,0xFF01FE,0x0,0,,,0,-500.0,0.0,,
697,1,141,299,0x40000040,0,11,48,76,0,0,,,"Terrasse des Marchands",,,,,,,,,,,,,,0xFF01FE,0x0,0,,,0,-500.0,0.0,,
698,1,141,300,0x40000040,0,11,48,76,0,0,,,"Les Jardins du temple",,,,,,,,,,,,,,0xFF01FE,0x0,0,,,0,-500.0,0.0,,
699,1,141,301,0x40000040,0,11,48,76,0,0,,,"Temple d'Elune",,,,,,,,,,,,,,0xFF01FE,0x0,0,,,0,-500.0,0.0,,
700,1,141,302,0x40000040,0,11,48,76,65,0,,,"Enclave cénarienne",,,,,,,,,,,,,,0xFF01FE,0x0,0,,,0,-500.0,0.0,,
701,1,141,303,0x40000040,0,11,48,76,0,0,,,"Terrasse des Guerriers",,,,,,,,,,,,,,0xFF01FE,0x0,0,,,0,-500.0,0.0,,
702,1,141,304,0x40300040,0,11,0,0,0,11,,,"Rut'theran",,,,,,,,,,,,,,0xFF01FE,0x0,0,,,0,-500.0,0.0,,
716,0,1,639,0x40000040,0,11,0,0,0,0,,,"Base de Baguefer",,,,,,,,,,,,,,0xFF01FE,0x0,0,,,0,-500.0,0.0,,
717,34,0,640,0x0,0,11,0,0,0,0,,,"La Prison",,,,,,,,,,,,,,0xFF01FE,0x2,0,,,0,-500.0,0.0,,
718,43,0,641,0x0,0,11,0,0,0,0,,,"Cavernes des lamentations",,,,,,,,,,,,,,0xFF01FE,0x4,0,,,0,-500.0,0.0,,
719,48,0,642,0x0,75,11,0,176,0,0,,,"Profondeurs de Brassenoire",,,,,,,,,,,,,,0xFF01FE,0x0,0,,,0,-500.0,0.0,,
720,1,17,643,0x40000040,0,11,32,3,121,0,,,"Île de la Dispute",,,,,,,,,,,,,,0xFF01FE,0x0,0,,,0,-500.0,0.0,,
721,90,0,305,0x0,0,11,42,0,0,0,,,"Gnomeregan",,,,,,,,,,,,,,0xFF01FE,0x2,0,,,0,-500.0,0.0,,
722,129,0,644,0x3,0,11,38,0,0,0,,,"Souilles de Tranchebauge",,,,,,,,,,,,,,0xFF01FE,0x4,0,,,0,-500.0,0.0,,
736,1,141,645,0x40000040,0,11,0,0,0,8,,,"Creux de Ban'ethil",,,,,,,,,,,,,,0xFF01FE,0x0,0,,,0,-500.0,0.0,,
796,189,0,646,0x0,0,11,0,205,0,0,,,"Monastère écarlate",,,,,,,,,,,,,,0xFF01FE,0x4,0,,,0,-500.0,0.0,,
797,0,12,647,0x40000040,0,11,35,0,301,8,,,"Le Débarcadère de Jerod",,,,,,,,,,,,,,0xFF01FE,0x0,0,,,0,-500.0,0.0,,
798,0,12,648,0x40000040,0,11,35,0,0,8,,,"Tour de la Crête",,,,,,,,,,,,,,0xFF01FE,0x0,0,,,0,-500.0,0.0,,
799,0,10,649,0x40000040,0,11,0,2,0,10,,,"La Rive sombre",,,,,,,,,,,,,,0xFF01FE,0x0,0,,,0,-500.0,0.0,,
800,0,1,650,0x40100040,0,11,0,0,0,4,,,"Passe des Frigères",,,,,,,,,,,,,,0xFF01FE,0x0,0,,,0,-500.0,0.0,,
801,0,1,651,0x40000040,0,11,0,0,0,8,,,"Vallée de la bise",,,,,,,,,,,,,,0xFF01FE,0x0,0,,,0,-500.0,0.0,,
802,0,1,652,0x40000040,0,11,0,0,121,8,,,"Crête scintillante",,,,,,,,,,,,,,0xFF01FE,0x0,0,,,0,-500.0,0.0,,
803,0,1,653,0x40000040,0,11,0,0,0,7,,,"Ferme des Distillambre",,,,,,,,,,,,,,0xFF01FE,0x0,0,,,0,-500.0,0.0,,
804,0,1,654,0x40000040,0,11,0,0,0,8,,,"Les Collines de Tundrid",,,,,,,,,,,,,,0xFF01FE,0x0,0,,,0,-500.0,0.0,,
805,0,1,655,0x40000040,0,11,0,0,0,0,,,"Passage de la porte Sud",,,,,,,,,,,,,,0xFF01FE,0x0,0,,,0,-500.0,0.0,,
806,0,1,656,0x40200040,0,11,0,0,0,12,,,"Avant-poste de la porte Sud",,,,,,,,,,,,,,0xFF01FE,0x0,0,,,0,-500.0,0.0,,
807,0,1,657,0x40000040,0,11,0,0,0,0,,,"Passage de la porte Nord",,,,,,,,,,,,,,0xFF01FE,0x0,0,,,0,-500.0,0.0,,
808,0,1,658,0x40200040,0,11,0,0,0,11,,,"Avant-poste de la porte Nord",,,,,,,,,,,,,,0xFF01FE,0x0,0,,,0,-500.0,0.0,,
809,0,1,659,0x40200040,0,11,0,0,0,7,,,"Portes de Forgefer",,,,,,,,,,,,,,0xFF01FE,0x0,0,,,0,-500.0,0.0,,
810,0,85,660,0x40000040,0,11,0,0,0,7,,,"Étang immobile",,,,,,,,,,,,,,0xFF01FE,0x0,0,,,0,-500.0,0.0,,
811,0,85,661,0x40000040,0,11,0,0,0,5,,,"Vallée des cauchemars",,,,,,,,,,,,,,0xFF01FE,0x0,0,,,0,-500.0,0.0,,
812,0,85,662,0x40000040,0,11,0,0,0,10,,,"Vallée de Tissevenin",,,,,,,,,,,,,,0xFF01FE,0x0,0,,,0,-500.0,0.0,,
813,0,28,663,0x40000040,0,11,0,0,0,52,,,"La Barricade",,,,,,,,,,,,,,0xFF01FE,0x0,0,,,0,-500.0,0.0,,
814,1,14,664,0x40000040,0,11,0,0,0,0,,,"La Furie-du-Sud",,,,,,,,,,,,,,0xFF01FE,0x0,0,,,0,-500.0,0.0,,
815,1,17,665,0x40000040,0,11,0,0,0,0,,,"La Furie-du-Sud",,,,,,,,,,,,,,0xFF01FE,0x0,0,,,0,-500.0,0.0,,
816,1,14,666,0x40000040,0,11,0,0,0,8,,,"Terres des Tranchecrins",,,,,,,,,,,,,,0xFF01FE,0x0,0,,,0,-500.0,0.0,,
817,1,14,667,0x40000040,0,11,0,0,0,10,,,"Rocher du crâne",,,,,,,,,,,,,,0xFF01FE,0x0,0,,,0,-500.0,0.0,,
818,1,215,668,0x40000040,0,11,0,0,0,5,,,"Rocher des crins-pâles",,,,,,,,,,,,,,0xFF01FE,0x0,0,,,0,-500.0,0.0,,
819,1,215,669,0x40000040,0,11,0,0,0,9,,,"Crête des Furies-des-vents",,,,,,,,,,,,,,0xFF01FE,0x0,0,,,0,-500.0,0.0,,
820,1,215,670,0x40000040,0,11,0,0,0,5,,,"Les plaines dorées",,,,,,,,,,,,,,0xFF01FE,0x0,0,,,0,-500.0,0.0,,
821,1,215,671,0x40000040,0,11,0,0,0,8,,,"Les plaines vallonnées",,,,,,,,,,,,,,0xFF01FE,0x0,0,,,0,-500.0,0.0,,
836,0,11,672,0x40000040,0,11,0,0,0,20,,,"Dun Algaz",,,,,,,,,,,,,,0xFF01FE,0x0,0,,,0,-500.0,0.0,,
837,0,38,673,0x40000040,0,11,0,0,0,0,,,"Dun Algaz",,,,,,,,,,,,,,0xFF01FE,0x0,0,,,0,-500.0,0.0,,
838,0,38,306,0x40000040,0,11,0,0,0,0,,,"Passage de la porte Nord",,,,,,,,,,,,,,0xFF01FE,0x0,0,,,0,-500.0,0.0,,
839,0,38,307,0x40000040,0,11,0,0,0,0,,,"Passage de la porte Sud",,,,,,,,,,,,,,0xFF01FE,0x0,0,,,0,-500.0,0.0,,
856,0,10,674,0x40000040,0,11,0,2,0,19,,,"Bosquet du crépuscule",,,,,,,,,,,,,,0xFF01FE,0x0,0,,,0,-500.0,0.0,,
876,1,0,675,0x40,0,11,0,0,0,0,,,"Île des MJ",,,,,,,,,,,,,,0xFF01FE,0x0,0,,,0,-500.0,0.0,,
877,1,17,676,0x40000040,0,11,0,0,0,0,,,"Supprimez-MOI",,,,,,,,,,,,,,0xFF01FE,0x0,0,,,0,-500.0,0.0,,
878,1,16,677,0x40000040,0,11,0,8,0,0,,,"La Furie-du-Sud",,,,,,,,,,,,,,0xFF01FE,0x0,0,,,0,-500.0,0.0,,
879,1,331,678,0x40000040,0,11,0,0,0,0,,,"La Furie-du-Sud",,,,,,,,,,,,,,0xFF01FE,0x0,0,,,0,-500.0,0.0,,
880,0,45,679,0x40000040,0,11,0,0,0,30,,,"Viaduc de Thandol",,,,,,,,,,,,,,0xFF01FE,0x0,0,,,0,-500.0,0.0,,
881,0,11,680,0x40000040,0,11,0,0,0,0,,,"Viaduc de Thandol",,,,,,,,,,,,,,0xFF01FE,0x0,0,,,0,-500.0,0.0,,
896,0,267,308,0x40000040,0,11,40,193,0,30,,,"Île de la purification",,,,,,,,,,,,,,0xFF01FE,0x0,0,,,0,-500.0,0.0,,
916,0,40,681,0x40000040,0,11,0,0,0,9,,,"La ferme des Jansen",,,,,,,,,,,,,,0xFF01FE,0x0,0,,,0,-500.0,0.0,,
917,0,40,682,0x40000040,0,11,0,0,0,18,,,"L'acre mort",,,,,,,,,,,,,,0xFF01FE,0x0,0,,,0,-500.0,0.0,,
918,0,40,683,0x40000040,0,11,0,0,0,14,,,"La ferme des Molsen",,,,,,,,,,,,,,0xFF01FE,0x0,0,,,0,-500.0,0.0,,
919,0,40,684,0x40000040,0,11,0,0,0,14,,,"Étang de Stendel",,,,,,,,,,,,,,0xFF01FE,0x0,0,,,0,-500.0,0.0,,
920,0,40,309,0x40000040,0,11,0,0,0,17,,,"Les collines de la Dague",,,,,,,,,,,,,,0xFF01FE,0x0,0,,,0,-500.0,0.0,,
921,0,40,310,0x40000040,0,11,0,0,0,16,,,"Maison de Demont",,,,,,,,,,,,,,0xFF01FE,0x0,0,,,0,-500.0,0.0,,
922,0,40,311,0x40000040,0,11,0,0,0,18,,,"Les plaines de Poussière",,,,,,,,,,,,,,0xFF01FE,0x0,0,,,0,-500.0,0.0,,
923,0,38,312,0x40000040,0,11,0,0,0,13,,,"Vallée des Brisepierre",,,,,,,,,,,,,,0xFF01FE,0x0,0,,,0,-500.0,0.0,,
924,0,38,313,0x40200040,0,11,0,0,0,11,,,"Vallée des rois",,,,,,,,,,,,,,0xFF01FE,0x0,0,,,0,-500.0,0.0,,
925,0,38,314,0x40200040,0,11,0,0,0,12,,,"Poste d'Algaz",,,,,,,,,,,,,,0xFF01FE,0x0,0,,,0,-500.0,0.0,,
926,0,130,315,0x40000040,0,11,0,0,0,0,,,"Ferme des Bucklebree",,,,,,,,,,,,,,0xFF01FE,0x0,0,,,0,-500.0,0.0,,
927,0,130,316,0x40000040,0,11,0,0,0,14,,,"Le Rivage rayonnant",,,,,,,,,,,,,,0xFF01FE,0x0,0,,,0,-500.0,0.0,,
928,0,130,317,0x40000040,0,11,0,0,0,0,,,"Creux de la côte nord",,,,,,,,,,,,,,0xFF01FE,0x0,0,,,0,-500.0,0.0,,
936,0,38,318,0x40000040,0,11,0,0,0,12,,,"Falaise de Vieillegriffe",,,,,,,,,,,,,,0xFF01FE,0x0,0,,,0,-500.0,0.0,,
956,169,0,319,0x40,0,11,0,0,0,0,,,"Les Champs verdoyants",,,,,,,,,,,,,,0xFF01FE,0x0,0,,,0,-500.0,0.0,,
976,1,440,320,0x40200040,0,0,0,0,0,40,,,"Gadgetzan",,,,,,,,,,,,,,0xFF01FE,0x0,0,,,0,-500.0,0.0,,
977,1,440,390,0x40000040,0,0,0,3,0,40,,,"Port Gentepression",,,,,,,,,,,,,,0xFF01FE,0x0,0,,,0,-500.0,0.0,,
978,1,440,321,0x40000040,0,0,25,176,0,45,,,"Zul'Farrak",,,,,,,,,,,,,,0xFF01FE,0x0,0,,,0,-500.0,0.0,,
979,1,440,322,0x40000040,0,0,0,0,0,44,,,"Guet de Tristesable",,,,,,,,,,,,,,0xFF01FE,0x0,0,,,0,-500.0,0.0,,
980,1,440,323,0x40000040,0,0,0,0,0,49,,,"Vallée des Chardonniers",,,,,,,,,,,,,,0xFF01FE,0x0,0,,,0,-500.0,0.0,,
981,1,440,324,0x40000040,0,0,0,0,0,48,,,"Le Gouffre béant",,,,,,,,,,,,,,0xFF01FE,0x0,0,,,0,-500.0,0.0,,
982,1,440,325,0x40000040,0,0,0,0,0,48,,,"Le Repaire nuisible",,,,,,,,,,,,,,0xFF01FE,0x0,0,,,0,-500.0,0.0,,
983,1,440,326,0x40000040,0,0,0,0,0,47,,,"Base des Cognedunes",,,,,,,,,,,,,,0xFF01FE,0x0,0,,,0,-500.0,0.0,,
984,1,440,327,0x40000040,0,0,0,0,0,47,,,"Ruines d'Estelune",,,,,,,,,,,,,,0xFF01FE,0x0,0,,,0,-500.0,0.0,,
985,1,440,328,0x40000040,0,0,0,0,0,44,,,"Champ des puisatiers",,,,,,,,,,,,,,0xFF01FE,0x0,0,,,0,-500.0,0.0,,
986,1,440,329,0x40000040,0,0,0,0,0,45,,,"La tanière de Zalashji",,,,,,,,,,,,,,0xFF01FE,0x0,0,,,0,-500.0,0.0,,
987,1,440,330,0x40000040,0,0,0,0,0,48,,,"Plage du Bout-du-Monde",,,,,,,,,,,,,,0xFF01FE,0x0,0,,,0,-500.0,0.0,,
988,1,440,331,0x40000040,0,0,0,0,0,0,,,"Plage des Déferlantes",,,,,,,,,,,,,,0xFF01FE,0x0,0,,,0,-500.0,0.0,,
989,1,440,332,0x40000040,0,0,0,0,0,0,,,"Uldum",,,,,,,,,,,,,,0xFF01FE,0x0,0,,,0,-500.0,0.0,,
990,1,440,333,0x40000040,0,0,0,0,0,50,,,"Vallée des guetteurs",,,,,,,,,,,,,,0xFF01FE,0x0,0,,,0,-500.0,0.0,,
991,1,440,334,0x40000040,0,0,0,0,0,0,,,"Poste de Gunstan",,,,,,,,,,,,,,0xFF01FE,0x0,0,,,0,-500.0,0.0,,
992,1,440,335,0x40000040,0,0,0,0,0,47,,,"Ruines de Sudelune",,,,,,,,,,,,,,0xFF01FE,0x0,0,,,0,-500.0,0.0,,
996,0,44,408,0x40000040,0,0,0,0,0,22,,,"Camp des Etripeurs",,,,,,,,,,,,,,0xFF01FE,0x0,0,,,0,-500.0,0.0,,
997,0,44,409,0x40000040,0,0,0,0,0,20,,,"Vallée des Etripeurs",,,,,,,,,,,,,,0xFF01FE,0x0,0,,,0,-500.0,0.0,,
998,0,44,410,0x40000040,0,0,0,0,0,25,,,"Rocher des Etripeurs",,,,,,,,,,,,,,0xFF01FE,0x0,0,,,0,-500.0,0.0,,
999,0,44,411,0x40000040,0,0,0,0,0,0,,,"Tour de Guet-de-pierre",,,,,,,,,,,,,,0xFF01FE,0x0,0,,,0,-500.0,0.0,,
1000,0,44,412,0x40000040,0,0,0,0,0,22,,,"Vallée de Galardell",,,,,,,,,,,,,,0xFF01FE,0x0,0,,,0,-500.0,0.0,,
1001,0,44,336,0x40000040,0,0,0,0,0,16,,,"Grand-route de la Crête du lac",,,,,,,,,,,,,,0xFF01FE,0x0,0,,,0,-500.0,0.0,,
1002,0,44,337,0x40000040,0,0,0,0,0,16,,,"Trois chemins",,,,,,,,,,,,,,0xFF01FE,0x0,0,,,0,-500.0,0.0,,
1016,0,11,338,0x40000040,0,0,0,0,0,28,,,"Colline de Morneforge",,,,,,,,,,,,,,0xFF01FE,0x0,0,,,0,-500.0,0.0,,
1017,0,11,339,0x40000040,0,0,0,0,0,30,,,"Crête des raptors",,,,,,,,,,,,,,0xFF01FE,0x0,0,,,0,-500.0,0.0,,
1018,0,11,340,0x40000040,0,0,0,0,0,25,,,"Marais des eaux-noires",,,,,,,,,,,,,,0xFF01FE,0x0,0,,,0,-500.0,0.0,,
1019,0,139,341,0x40000040,0,0,0,0,0,0,,,"La Ceinture verte",,,,,,,,,,,,,,0xFF01FE,0x0,0,,,0,-500.0,0.0,,
1020,0,11,342,0x40000040,0,0,0,0,0,22,,,"Marais des Poils-moussus",,,,,,,,,,,,,,0xFF01FE,0x0,0,,,0,-500.0,0.0,,
1021,0,11,343,0x40000040,0,0,0,0,0,22,,,"Rocher de Thelgen",,,,,,,,,,,,,,0xFF01FE,0x0,0,,,0,-500.0,0.0,,
1022,0,11,344,0x40000040,0,0,0,0,0,24,,,"Marais des Branchies-bleues",,,,,,,,,,,,,,0xFF01FE,0x0,0,,,0,-500.0,0.0,,
1023,0,11,345,0x40000040,0,0,0,0,0,25,,,"Vallon des embruns",,,,,,,,,,,,,,0xFF01FE,0x0,0,,,0,-500.0,0.0,,
1024,0,11,346,0x40000040,0,0,0,0,0,20,,,"Marais du couchant",,,,,,,,,,,,,,0xFF01FE,0x0,0,,,0,-500.0,0.0,,
1025,0,11,347,0x40000040,0,0,0,0,0,21,,,"La Ceinture verte",,,,,,,,,,,,,,0xFF01FE,0x0,0,,,0,-500.0,0.0,,
1036,0,11,391,0x40000040,0,0,0,0,0,28,,,"Campement de Hargnecroc",,,,,,,,,,,,,,0xFF01FE,0x0,0,,,0,-500.0,0.0,,
1037,0,11,392,0x40000040,0,0,0,0,0,25,,,"Grim Batol",,,,,,,,,,,,,,0xFF01FE,0x0,0,,,0,-500.0,0.0,,
1038,0,11,393,0x40000040,0,0,0,0,0,25,,,"Portes des Gueules-de-dragon",,,,,,,,,,,,,,0xFF01FE,0x0,0,,,0,-500.0,0.0,,
1039,0,11,394,0x40000040,0,0,0,0,0,25,,,"La flotte perdue",,,,,,,,,,,,,,0xFF01FE,0x0,0,,,0,-500.0,0.0,,
1056,0,267,348,0x40000040,0,0,31,0,0,31,,,"Colline de Darrow",,,,,,,,,,,,,,0xFF01FE,0x0,0,,,0,-500.0,0.0,,
1057,0,267,349,0x40000040,0,0,31,0,0,0,,,"Mur de Thoradin",,,,,,,,,,,,,,0xFF01FE,0x0,0,,,0,-500.0,0.0,,
1076,1,406,368,0x40000040,0,0,0,0,0,21,,,"Sentier des Tisseuses",,,,,,,,,,,,,,0xFF01FE,0x0,0,,,0,-500.0,0.0,,
1097,0,10,351,0x40000040,0,0,0,0,0,19,,,"La Rive silencieuse",,,,,,,,,,,,,,0xFF01FE,0x0,0,,,0,-500.0,0.0,,
1098,0,10,352,0x40000040,0,0,0,0,0,30,,,"Manoir Mantebrume",,,,,,,,,,,,,,0xFF01FE,0x0,0,,,0,-500.0,0.0,,
1099,1,357,353,0x40200040,0,0,0,226,0,42,,,"Camp Mojache",,,,,,,,,,,,,,0xFF01FE,0x0,0,,,0,-500.0,0.0,,
1100,1,357,395,0x40000040,0,0,0,0,0,41,,,"Base des Totems-sinistres",,,,,,,,,,,,,,0xFF01FE,0x0,0,,,0,-500.0,0.0,,
1101,1,357,396,0x40000040,0,0,0,0,0,44,,,"Gouffre grouillant",,,,,,,,,,,,,,0xFF01FE,0x0,0,,,0,-500.0,0.0,,
1102,1,357,350,0x40000040,0,0,0,0,0,0,,,"Lac des rafales",,,,,,,,,,,,,,0xFF01FE,0x0,0,,,0,-500.0,0.0,,
1103,1,357,397,0x40000040,0,0,0,0,0,42,,,"Avant-poste des Gordunni",,,,,,,,,,,,,,0xFF01FE,0x0,0,,,0,-500.0,0.0,,
1104,1,357,398,0x40000040,0,0,0,0,0,0,,,"Mok'Gordun",,,,,,,,,,,,,,0xFF01FE,0x0,0,,,0,-500.0,0.0,,
1105,1,357,354,0x40000040,0,0,0,0,0,44,,,"Val des Griffes farouches",,,,,,,,,,,,,,0xFF01FE,0x0,0,,,0,-500.0,0.0,,
1106,1,357,399,0x40000040,0,0,0,0,0,46,,,"Hautes-terres des Aigreplumes",,,,,,,,,,,,,,0xFF01FE,0x0,0,,,0,-500.0,0.0,,
1107,1,357,400,0x40000040,0,0,0,0,0,0,,,"Lac Idlewind",,,,,,,,,,,,,,0xFF01FE,0x0,0,,,0,-500.0,0.0,,
1108,1,357,355,0x40000040,0,0,0,0,0,49,,,"La Côte oubliée",,,,,,,,,,,,,,0xFF01FE,0x0,0,,,0,-500.0,0.0,,
1109,1,357,401,0x40000040,0,0,0,0,0,0,,,"Pilier Est",,,,,,,,,,,,,,0xFF01FE,0x0,0,,,0,-500.0,0.0,,
1110,1,357,402,0x40000040,0,0,0,0,0,0,,,"Pilier Ouest",,,,,,,,,,,,,,0xFF01FE,0x0,0,,,0,-500.0,0.0,,
1111,1,357,403,0x40000040,0,0,0,0,0,60,,,"Bosquet du rêve",,,,,,,,,,,,,,0xFF01FE,0x0,0,,,0,-500.0,0.0,,
1112,1,357,404,0x40000040,0,0,0,0,0,0,,,"Lac Jademir",,,,,,,,,,,,,,0xFF01FE,0x0,0,,,0,-500.0,0.0,,
1113,1,357,405,0x40000040,0,0,0,0,0,60,,,"Oneiros",,,,,,,,,,,,,,0xFF01FE,0x0,0,,,0,-500.0,0.0,,
1114,1,357,356,0x40000040,0,0,0,0,0,49,,,"Ruines de Vent-du-Corbeau",,,,,,,,,,,,,,0xFF01FE,0x0,0,,,0,-500.0,0.0,,
1115,1,357,357,0x40000040,0,0,0,0,0,0,,,"Repaire des Griffes féroces",,,,,,,,,,,,,,0xFF01FE,0x0,0,,,0,-500.0,0.0,,
1116,1,357,358,0x40200040,0,0,0,0,0,0,,,"Bastion de Pennelune",,,,,,,,,,,,,,0xFF01FE,0x0,0,,,0,-500.0,0.0,,
1117,1,357,359,0x40000040,0,0,0,0,0,0,,,"Ruines de Solarsal",,,,,,,,,,,,,,0xFF01FE,0x0,0,,,0,-500.0,0.0,,
1118,1,357,360,0x40000040,0,0,0,0,0,0,,,"Étendues sauvages",,,,,,,,,,,,,,0xFF01FE,0x0,0,,,0,-500.0,0.0,,
1119,1,357,369,0x40000040,0,0,0,0,0,48,,,"Les Colosses jumeaux",,,,,,,,,,,,,,0xFF01FE,0x0,0,,,0,-500.0,0.0,,
1120,1,357,413,0x40000040,0,0,0,0,0,43,,,"Île de Sardor",,,,,,,,,,,,,,0xFF01FE,0x0,0,,,0,-500.0,0.0,,
1121,1,357,414,0x40000040,0,0,0,0,0,44,,,"Île de l'effroi",,,,,,,,,,,,,,0xFF01FE,0x0,0,,,0,-500.0,0.0,,
1136,1,357,361,0x40000040,0,0,0,0,0,0,,,"Les plateaux sauvages",,,,,,,,,,,,,,0xFF01FE,0x0,0,,,0,-500.0,0.0,,
1137,1,357,370,0x40000040,0,0,0,0,0,42,,,"Étendues sauvages",,,,,,,,,,,,,,0xFF01FE,0x0,0,,,0,-500.0,0.0,,
1156,1,17,362,0x40000040,0,0,0,0,0,0,,,"Tarides du sud",,,,,,,,,,,,,,0xFF01FE,0x0,0,,,0,-500.0,0.0,,
1157,1,17,406,0x40000040,0,0,0,0,0,0,,,"Route de l'or méridionale",,,,,,,,,,,,,,0xFF01FE,0x0,0,,,0,-500.0,0.0,,
1176,209,0,371,0x0,0,0,25,176,0,0,,,"Zul'Farrak",,,,,,,,,,,,,,0xFF01FE,0x0,0,,,0,-500.0,0.0,,
1196,575,0,363,0x0,0,0,0,0,0,0,,,"Cime d'Utgarde",,,,,,,,,,,,,,0xFF01FE,0x0,0,,,0,-500.0,0.699999988079,,
1216,1,16,364,0x40000040,0,0,0,0,0,49,,,"Repaire des Grumegueules",,,,,,,,,,,,,,0xFF01FE,0x0,0,,,0,-500.0,0.0,,
1217,1,16,365,0x40000040,0,0,0,0,0,0,,,"Campement de Vanndir",,,,,,,,,,,,,,0xFF01FE,0x0,0,,,0,-500.0,0.0,,
1218,1,16,366,0x40000040,0,0,0,0,0,0,,,"TESTAzshara",,,,,,,,,,,,,,0xFF01FE,0x0,0,,,0,-500.0,0.0,,
1219,1,16,367,0x40000040,0,0,0,0,0,52,,,"Campement Legashi",,,,,,,,,,,,,,0xFF01FE,0x0,0,,,0,-500.0,0.0,,
1220,1,16,415,0x40000040,0,0,0,76,302,52,,,"Camp de base thalassien",,,,,,,,,,,,,,0xFF01FE,0x0,0,,,0,-500.0,0.0,,
1221,1,16,416,0x40000040,0,0,0,176,0,48,,,"Ruines d'Eldarath",,,,,,,,,,,,,,0xFF01FE,0x0,0,,,0,-500.0,0.0,,
1222,1,16,417,0x40000040,0,0,0,176,0,0,,,"Frai d'Hetaera",,,,,,,,,,,,,,0xFF01FE,0x0,0,,,0,-500.0,0.0,,
1223,1,16,418,0x40000040,0,0,0,15,0,0,,,"Temple de Zin-Malor",,,,,,,,,,,,,,0xFF01FE,0x0,0,,,0,-500.0,0.0,,
1224,1,16,419,0x40000040,0,0,0,0,0,0,,,"Tête d'ours",,,,,,,,,,,,,,0xFF01FE,0x0,0,,,0,-500.0,0.0,,
1225,1,16,420,0x40000040,0,0,0,0,0,49,,,"Ursolan",,,,,,,,,,,,,,0xFF01FE,0x0,0,,,0,-500.0,0.0,,
1226,1,16,421,0x40000040,0,0,0,176,0,55,,,"Temple d'Arkkoran",,,,,,,,,,,,,,0xFF01FE,0x0,0,,,0,-500.0,0.0,,
1227,1,16,422,0x40000040,0,0,0,176,0,50,,,"Baie des Tempêtes",,,,,,,,,,,,,,0xFF01FE,0x0,0,,,0,-500.0,0.0,,
1228,1,16,423,0x40000040,0,0,0,176,0,52,,,"La grève Fracassée",,,,,,,,,,,,,,0xFF01FE,0x0,0,,,0,-500.0,0.0,,
1229,1,16,424,0x40000040,0,0,0,176,0,53,,,"Tour d'Eldara",,,,,,,,,,,,,,0xFF01FE,0x0,0,,,0,-500.0,0.0,,
1230,1,16,425,0x40000040,0,0,0,176,0,51,,,"Récif Déchiqueté",,,,,,,,,,,,,,0xFF01FE,0x0,0,,,0,-500.0,0.0,,
1231,1,16,426,0x40000040,0,0,0,176,0,52,,,"Plage des Crêtes du sud",,,,,,,,,,,,,,0xFF01FE,0x0,0,,,0,-500.0,0.0,,
1232,1,16,427,0x40000040,0,0,0,176,0,54,,,"Colosse de Crête-du-corbeau",,,,,,,,,,,,,,0xFF01FE,0x0,0,,,0,-500.0,0.0,,
1233,1,16,428,0x40000040,0,0,0,215,301,49,,,"La crête Lugubre",,,,,,,,,,,,,,0xFF01FE,0x0,0,,,0,-500.0,0.0,,
1234,1,16,429,0x40000040,0,0,0,0,0,52,,,"Lac Mennar",,,,,,,,,,,,,,0xFF01FE,0x0,0,,,0,-500.0,0.0,,
1235,1,16,430,0x40000040,0,0,0,15,0,46,,,"Sanctuaire de Chantelombre",,,,,,,,,,,,,,0xFF01FE,0x0,0,,,0,-500.0,0.0,,
1236,1,16,431,0x40000040,0,0,0,3,121,45,,,"Campement des Haldarr",,,,,,,,,,,,,,0xFF01FE,0x0,0,,,0,-500.0,0.0,,
1237,1,16,432,0x40000040,0,0,0,228,0,49,,,"Valormok",,,,,,,,,,,,,,0xFF01FE,0x0,0,,,0,-500.0,0.0,,
1256,1,16,433,0x40000040,0,0,0,176,0,42,,,"Les Confins dévastés",,,,,,,,,,,,,,0xFF01FE,0x0,0,,,0,-500.0,0.0,,
1276,1,331,434,0x40000040,0,0,0,0,0,0,,,"La Perce des Serres",,,,,,,,,,,,,,0xFF01FE,0x0,0,,,0,-500.0,0.0,,
1277,1,406,435,0x40000040,0,0,0,0,0,20,,,"La Perce des Serres",,,,,,,,,,,,,,0xFF01FE,0x0,0,,,0,-500.0,0.0,,
1296,1,14,372,0x40000040,0,0,0,0,0,0,,,"Ferme Brochepierre",,,,,,,,,,,,,,0xFF01FE,0x0,0,,,0,-500.0,0.0,,
1297,1,14,407,0x40000040,0,0,0,0,0,0,,,"Ferme Rêche-pourceau",,,,,,,,,,,,,,0xFF01FE,0x0,0,,,0,-500.0,0.0,,
1316,1,17,436,0x40000040,0,0,70,176,0,33,,,"Souilles de Tranchebauge",,,,,,,,,,,,,,0xFF01FE,0x0,0,,,0,-500.0,0.0,,
1336,1,440,373,0x40000040,0,0,0,0,0,45,,,"Crique des Gréements",,,,,,,,,,,,,,0xFF01FE,0x0,0,,,0,-500.0,0.0,,
1337,70,0,437,0x0,0,0,0,0,0,0,,,"Uldaman",,,,,,,,,,,,,,0xFF01FE,0x0,0,,,0,-500.0,0.0,,
1338,0,130,438,0x40000040,0,0,0,0,0,0,,,"Lac Lordamere",,,,,,,,,,,,,,0xFF01FE,0x0,0,,,0,-500.0,0.0,,
1339,0,36,439,0x40000040,0,0,0,0,0,0,,,"Lac Lordamere",,,,,,,,,,,,,,0xFF01FE,0x0,0,,,0,-500.0,0.0,,
1357,0,36,440,0x40000040,0,0,37,10,0,36,,,"Fourche du gibet",,,,,,,,,,,,,,0xFF01FE,0x0,0,,,0,-500.0,0.0,,
1377,1,0,374,0x40,0,0,38,176,0,0,,,"Silithus",,,,,,,,,,,,,,0xFF01FE,0x0,0,,,0,-500.0,0.300000011921,,
1397,169,0,376,0x40,0,0,0,0,0,0,,,"Forêt d'émeraude",,,,,,,,,,,,,,0xFF01FE,0x0,0,,,0,-500.0,0.0,,
1417,109,0,377,0x0,0,0,0,0,0,0,,,"Temple englouti",,,,,,,,,,,,,,0xFF01FE,0x0,0,,,0,-500.0,0.0,,
1437,0,4,378,0x40000040,0,0,0,0,0,47,,,"Bastion Cognepeur",,,,,,,,,,,,,,0xFF01FE,0x0,0,,,0,-500.0,0.0,,
1438,0,4,379,0x40200040,0,0,0,205,303,50,,,"Rempart-du-Néant",,,,,,,,,,,,,,0xFF01FE,0x0,0,,,0,-500.0,0.0,,
1439,0,4,380,0x40000040,0,0,0,0,0,55,,,"Poste Cognepeur",,,,,,,,,,,,,,0xFF01FE,0x0,0,,,0,-500.0,0.0,,
1440,0,4,381,0x40000040,0,0,0,0,0,51,,,"Anneaux du serpent",,,,,,,,,,,,,,0xFF01FE,0x0,0,,,0,-500.0,0.0,,
1441,0,4,382,0x40000040,0,0,0,10,0,54,,,"Autel des tempêtes",,,,,,,,,,,,,,0xFF01FE,0x0,0,,,0,-500.0,0.0,,
1442,0,51,383,0x40000040,0,0,0,0,0,48,,,"Crête de Guet-du-feu",,,,,,,,,,,,,,0xFF01FE,0x0,0,,,0,-500.0,0.0,,
1443,0,51,384,0x40000040,0,0,0,0,0,0,,,"La Fosse aux scories",,,,,,,,,,,,,,0xFF01FE,0x0,0,,,0,-500.0,0.0,,
1444,0,51,385,0x40000040,0,0,0,0,0,56,,,"La Mer de braises",,,,,,,,,,,,,,0xFF01FE,0x0,0,,,0,-500.0,0.0,,
1445,0,51,386,0x40000040,0,0,0,0,0,0,,,"Mont Rochenoire",,,,,,,,,,,,,,0xFF01FE,0x0,0,,,0,-500.0,0.0,,
1446,0,51,387,0x40200040,0,0,0,0,0,0,,,"Halte du Thorium",,,,,,,,,,,,,,0xFF01FE,0x0,0,,,0,-500.0,0.0,,
1457,0,4,388,0x40000040,0,0,0,0,0,47,,,"Armurerie de la garnison",,,,,,,,,,,,,,0xFF01FE,0x0,0,,,0,-500.0,0.0,,
1477,109,0,389,0x0,0,0,33,3,0,0,,,"Le temple d'Atal'Hakkar",,,,,,,,,,,,,,0xFF01FE,0x0,0,,,0,-500.0,0.0,,
1497,0,0,685,0x4200138,0,0,40,0,0,10,,,"Fossoyeuse",,,,,,,,,,,,,,0xFF01FE,0x4,0,,,0,-500.0,0.0,,
1517,0,3,686,0x40000040,0,0,0,0,0,0,,,"Uldaman",,,,,,,,,,,,,,0xFF01FE,0x0,0,,,0,-500.0,0.0,,
1518,0,40,687,0x40000040,0,0,0,0,0,0,,,"Mortemines non utilisé",,,,,,,,,,,,,,0xFF01FE,0x0,0,,,0,-500.0,0.0,,
1519,0,0,688,0x200138,0,0,31,13,61,10,,,"Hurlevent",,,,,,,,,,,,,,0xFF01FE,0x2,0,,,0,-500.0,0.0,,
1537,0,0,689,0x200138,0,0,42,0,0,10,,,"Forgefer",,,,,,,,,,,,,,0xFF01FE,0x2,0,,,0,-500.0,0.0,,
1557,1,400,690,0x40000040,0,0,0,0,0,0,,,"Bastion du Sabot fendu",,,,,,,,,,,,,,0xFF01FE,0x0,0,,,0,-500.0,0.0,,
1577,0,33,691,0x40000040,0,0,0,0,0,0,,,"Le cap Strangleronce",,,,,,,,,,,,,,0xFF01FE,0x0,0,,,0,-500.0,0.0,,
1578,0,33,692,0x40000040,0,0,0,0,0,0,,,"Côte sauvage du sud",,,,,,,,,,,,,,0xFF01FE,0x0,0,,,0,-500.0,0.0,,
1579,0,0,693,0x40,0,0,0,0,0,0,,,"Les Mortemines",,,,,,,,,,,,,,0xFF01FE,0x2,0,,,0,-500.0,0.0,,
1580,0,1579,694,0x40000040,0,0,0,0,0,0,,,"Crique du cuirassé",,,,,,,,,,,,,,0xFF01FE,0x0,0,,,0,-500.0,0.0,,
1581,36,0,695,0x0,76,0,53,204,0,0,,,"Les Mortemines",,,,,,,,,,,,,,0xFF01FE,0x2,0,,,0,-500.0,0.0,,
1582,36,1581,696,0x40000000,76,0,53,204,181,0,,,"Crique du cuirassé",,,,,,,,,,,,,,0xFF01FE,0x2,0,,,0,-500.0,0.0,,
1583,229,0,697,0x0,0,0,0,0,0,0,,,"Pic Rochenoire",,,,,,,,,,,,,,0xFF01FE,0x0,0,,,0,-500.0,0.0,,
1584,230,0,698,0x0,0,0,0,0,0,0,,,"Profondeurs de Rochenoire",,,,,,,,,,,,,,0xFF01FE,0x0,0,,,0,-500.0,0.0,,
1597,1,17,699,0x40000040,0,0,0,0,0,0,,,"Terres des Raptors",,,,,,,,,,,,,,0xFF01FE,0x4,0,,,0,-500.0,0.0,,
1598,1,17,700,0x40000040,0,0,0,0,0,0,,,"Ferme de Grol'dom",,,,,,,,,,,,,,0xFF01FE,0x4,0,,,0,-500.0,0.0,,
1599,1,17,701,0x40000040,0,0,0,0,0,0,,,"Campement de Mor'shan",,,,,,,,,,,,,,0xFF01FE,0x4,0,,,0,-500.0,0.0,,
1600,1,17,702,0x40000040,0,0,0,0,0,0,,,"Le lieu de l'Honneur",,,,,,,,,,,,,,0xFF01FE,0x4,0,,,0,-500.0,0.0,,
1601,1,17,703,0x40000040,0,0,0,0,0,0,,,"Crête de Noirépine",,,,,,,,,,,,,,0xFF01FE,0x4,0,,,0,-500.0,0.0,,
1602,1,17,704,0x40000040,0,0,0,0,0,0,,,"Ronceplaie",,,,,,,,,,,,,,0xFF01FE,0x4,0,,,0,-500.0,0.0,,
1603,1,17,705,0x40000040,0,0,0,0,0,0,,,"Agama'gor",,,,,,,,,,,,,,0xFF01FE,0x4,0,,,0,-500.0,0.0,,
1617,0,1519,706,0x40000040,0,0,43,13,61,0,,,"Vallée des Héros",,,,,,,,,,,,,,0xFF01FE,0x2,0,,,0,-500.0,0.0,,
1637,1,0,707,0x200138,0,0,25,7,62,10,,,"Orgrimmar",,,,,,,,,,,,,,0xFF01FE,0x4,0,,,0,-500.0,0.0,,
1638,1,0,708,0x200138,0,0,45,226,381,10,,,"Les Pitons du Tonnerre",,,,,,,,,,,,,,0xFF01FE,0x4,0,,,0,-500.0,0.0,,
1639,1,1638,709,0x40000040,0,0,0,0,0,0,,,"Cime des Anciens",,,,,,,,,,,,,,0xFF01FE,0x4,0,,,0,-500.0,0.0,,
1640,1,1638,710,0x40000040,0,0,0,0,0,0,,,"Cime des Esprits",,,,,,,,,,,,,,0xFF01FE,0x4,0,,,0,-500.0,0.0,,
1641,1,1638,711,0x40000040,0,0,0,0,0,0,,,"Cime des chasseurs",,,,,,,,,,,,,,0xFF01FE,0x4,0,,,0,-500.0,0.0,,
1657,1,0,712,0x200138,0,0,48,76,63,10,,,"Darnassus",,,,,,,,,,,,,,0xFF01FE,0x2,0,,,0,-500.0,0.0,,
1658,1,1657,713,0x40000040,0,0,0,0,103,0,,,"Enclave cénarienne",,,,,,,,,,,,,,0xFF01FE,0x2,0,,,0,-500.0,0.0,,
1659,1,1657,714,0x40000040,0,0,0,0,0,0,,,"Terrasse des Artisans",,,,,,,,,,,,,,0xFF01FE,0x2,0,,,0,-500.0,0.0,,
1660,1,1657,715,0x40000040,0,0,0,0,0,0,,,"Terrasse des Guerriers",,,,,,,,,,,,,,0xFF01FE,0x2,0,,,0,-500.0,0.0,,
1661,1,1657,716,0x40000040,0,0,0,0,0,0,,,"Les Jardins du temple",,,,,,,,,,,,,,0xFF01FE,0x2,0,,,0,-500.0,0.0,,
1662,1,1657,717,0x40000040,0,0,0,0,0,0,,,"Terrasse des Marchands",,,,,,,,,,,,,,0xFF01FE,0x2,0,,,0,-500.0,0.0,,
1677,0,36,718,0x40000040,0,0,0,0,0,33,,,"Promontoire de Gavin",,,,,,,,,,,,,,0xFF01FE,0x0,0,,,0,-500.0,0.0,,
1678,0,36,719,0x40000040,0,0,0,0,0,33,,,"Promontoire de Sofera",,,,,,,,,,,,,,0xFF01FE,0x0,0,,,0,-500.0,0.0,,
1679,0,36,720,0x40000040,0,0,0,0,0,33,,,"Dague de Corrahn",,,,,,,,,,,,,,0xFF01FE,0x0,0,,,0,-500.0,0.0,,
1680,0,36,721,0x40000040,0,0,0,0,0,34,,,"L'Avancée",,,,,,,,,,,,,,0xFF01FE,0x0,0,,,0,-500.0,0.0,,
1681,0,36,722,0x40000040,0,0,0,0,0,31,,,"Rivage brumeux",,,,,,,,,,,,,,0xFF01FE,0x0,0,,,0,-500.0,0.0,,
1682,0,36,723,0x40000040,0,0,0,0,0,39,,,"Clos de Dandred",,,,,,,,,,,,,,0xFF01FE,0x0,0,,,0,-500.0,0.0,,
1683,0,36,724,0x40000040,0,0,37,10,0,34,,,"Caverne stérile",,,,,,,,,,,,,,0xFF01FE,0x0,0,,,0,-500.0,0.0,,
1684,0,36,725,0x40000040,0,0,0,0,0,30,,,"Pointe du Noroît",,,,,,,,,,,,,,0xFF01FE,0x0,0,,,0,-500.0,0.0,,
1697,1,17,726,0x40000040,0,0,0,0,0,18,,,"Terres des Raptors",,,,,,,,,,,,,,0xFF01FE,0x4,0,,,0,-500.0,0.0,,
1698,1,17,727,0x40000040,0,0,0,0,0,20,,,"Ronceplaie",,,,,,,,,,,,,,0xFF01FE,0x4,0,,,0,-500.0,0.0,,
1699,1,17,728,0x40000040,0,0,0,0,0,13,,,"Colline des épines",,,,,,,,,,,,,,0xFF01FE,0x4,0,,,0,-500.0,0.0,,
1700,1,17,729,0x40000040,0,0,0,0,0,19,,,"Agama'gor",,,,,,,,,,,,,,0xFF01FE,0x4,0,,,0,-500.0,0.0,,
1701,1,17,730,0x40000040,0,0,0,0,0,20,,,"Crête de Noirépine",,,,,,,,,,,,,,0xFF01FE,0x4,0,,,0,-500.0,0.0,,
1702,1,17,731,0x40200040,0,0,0,0,0,18,,,"Le lieu de l'Honneur",,,,,,,,,,,,,,0xFF01FE,0x4,0,,,0,-500.0,0.0,,
1703,1,17,732,0x40200040,0,0,0,0,0,17,,,"Le Rempart de Mor'shan",,,,,,,,,,,,,,0xFF01FE,0x4,0,,,0,-500.0,0.0,,
1704,1,17,733,0x40000040,0,0,0,0,0,11,,,"Ferme de Grol'dom",,,,,,,,,,,,,,0xFF01FE,0x4,0,,,0,-500.0,0.0,,
1717,1,17,734,0x40000040,0,0,0,0,0,24,,,"Kraal de Tranchebauge",,,,,,,,,,,,,,0xFF01FE,0x4,0,,,0,-500.0,0.0,,
1718,1,17,735,0x40200040,0,0,0,0,0,0,,,"La Grande élévation",,,,,,,,,,,,,,0xFF01FE,0x4,0,,,0,-500.0,0.0,,
1737,0,33,736,0x40000040,0,0,0,0,0,40,,,"Valbrume",,,,,,,,,,,,,,0xFF01FE,0x0,0,,,0,-500.0,0.0,,
1738,0,33,737,0x40000040,0,0,0,0,0,43,,,"Fontaine des Nek'mani",,,,,,,,,,,,,,0xFF01FE,0x0,0,,,0,-500.0,0.0,,
1739,0,33,738,0x40000040,0,0,0,0,0,42,,,"Base de la Voile sanglante",,,,,,,,,,,,,,0xFF01FE,0x0,0,,,0,-500.0,0.0,,
1740,0,33,739,0x40000040,0,0,0,0,0,36,,,"Campement de la KapitalRisk",,,,,,,,,,,,,,0xFF01FE,0x0,0,,,0,-500.0,0.0,,
1741,0,33,740,0x40000040,0,0,0,0,0,43,,,"Arène des Gurubashi",,,,,,,,,,,,,,0xFF01FE,0x0,0,,,0,-500.0,0.0,,
1742,0,33,741,0x40000040,0,0,0,0,0,0,,,"Antre des esprits",,,,,,,,,,,,,,0xFF01FE,0x0,0,,,0,-500.0,0.0,,
1757,0,33,742,0x40000040,0,0,0,0,0,0,,,"Le Voile cramoisi",,,,,,,,,,,,,,0xFF01FE,0x0,0,,,0,-500.0,0.0,,
1758,0,33,743,0x40000040,0,0,0,0,0,0,,,"Le Courant",,,,,,,,,,,,,,0xFF01FE,0x0,0,,,0,-500.0,0.0,,
1759,0,33,744,0x40000040,0,0,0,0,0,0,,,"La Chance de la demoiselle",,,,,,,,,,,,,,0xFF01FE,0x0,0,,,0,-500.0,0.0,,
1760,0,33,745,0x40000040,0,0,0,0,0,0,,,"Centre d'opérations de la KapitalRisk",,,,,,,,,,,,,,0xFF01FE,0x0,0,,,0,-500.0,0.0,,
1761,1,361,746,0x40000040,0,0,0,194,0,47,,,"Village des Mort-bois",,,,,,,,,,,,,,0xFF01FE,0x0,0,,,0,-500.0,0.0,,
1762,1,361,747,0x40000040,0,0,0,194,0,54,,,"Village de Gangrepatte",,,,,,,,,,,,,,0xFF01FE,0x0,0,,,0,-500.0,0.0,,
1763,1,361,748,0x40000040,0,0,0,193,161,51,,,"Jaedenar",,,,,,,,,,,,,,0xFF01FE,0x0,0,,,0,-500.0,0.0,,
1764,1,361,749,0x40000040,0,0,0,193,0,0,,,"La Vénéneuse",,,,,,,,,,,,,,0xFF01FE,0x0,0,,,0,-500.0,0.0,,
1765,1,361,750,0x40000040,0,0,0,193,0,52,,,"Chutes de la Vénéneuse",,,,,,,,,,,,,,0xFF01FE,0x0,0,,,0,-500.0,0.0,,
1766,1,361,751,0x40000040,0,0,0,0,0,53,,,"Val Grêlé",,,,,,,,,,,,,,0xFF01FE,0x0,0,,,0,-500.0,0.0,,
1767,1,361,752,0x40000040,0,0,0,0,0,53,,,"Bois d'Arbrefer",,,,,,,,,,,,,,0xFF01FE,0x0,0,,,0,-500.0,0.0,,
1768,1,361,753,0x40000040,0,0,0,0,0,0,,,"Caverne d'Arbrefer",,,,,,,,,,,,,,0xFF01FE,0x0,0,,,0,-500.0,0.0,,
1769,1,361,754,0x40000040,0,0,0,0,0,54,,,"Repaire des Grumegueules",,,,,,,,,,,,,,0xFF01FE,0x0,0,,,0,-500.0,0.0,,
1770,1,361,755,0x40000040,0,0,0,0,0,0,,,"Fort des ombres",,,,,,,,,,,,,,0xFF01FE,0x0,0,,,0,-500.0,0.0,,
1771,1,361,756,0x40000040,0,0,0,0,0,0,,,"Sanctuaire du Trompeur",,,,,,,,,,,,,,0xFF01FE,0x0,0,,,0,-500.0,0.0,,
1777,0,8,757,0x40000040,0,0,0,0,0,36,,,"Caverne d'Itharius",,,,,,,,,,,,,,0xFF01FE,0x0,0,,,0,-500.0,0.0,,
1778,0,8,758,0x40000040,0,0,0,0,0,41,,,"Noirchagrin",,,,,,,,,,,,,,0xFF01FE,0x0,0,,,0,-500.0,0.0,,
1779,0,8,759,0x40000040,0,0,0,0,0,0,,,"Village de Draenil'dur",,,,,,,,,,,,,,0xFF01FE,0x0,0,,,0,-500.0,0.0,,
1780,0,8,760,0x40000040,0,0,0,0,0,36,,,"Croisement de Lance-brisée",,,,,,,,,,,,,,0xFF01FE,0x0,0,,,0,-500.0,0.0,,
1797,0,8,761,0x40000040,0,0,0,0,0,41,,,"Stagalbog",,,,,,,,,,,,,,0xFF01FE,0x0,0,,,0,-500.0,0.0,,
1798,0,8,762,0x40000040,0,0,0,0,0,36,,,"Le Bourbier changeant",,,,,,,,,,,,,,0xFF01FE,0x0,0,,,0,-500.0,0.0,,
1817,0,8,763,0x40000040,0,0,0,0,0,0,,,"Caverne de Stagalbog",,,,,,,,,,,,,,0xFF01FE,0x0,0,,,0,-500.0,0.0,,
1837,0,45,764,0x40000040,0,0,0,3,0,0,,,"Cavernes Fânécorce",,,,,,,,,,,,,,0xFF01FE,0x0,0,,,0,-500.0,0.0,,
1857,0,45,765,0x40000040,0,0,0,0,0,32,,,"Mur de Thoradin",,,,,,,,,,,,,,0xFF01FE,0x0,0,,,0,-500.0,0.0,,
1858,0,45,766,0x40000040,0,0,0,0,0,32,,,"Roche'gor",,,,,,,,,,,,,,0xFF01FE,0x0,0,,,0,-500.0,0.0,,
1877,0,3,767,0x40000040,0,0,0,0,0,42,,,"Vallée des crocs",,,,,,,,,,,,,,0xFF01FE,0x0,0,,,0,-500.0,0.0,,
1878,0,3,768,0x40000040,0,0,0,0,0,39,,,"Vallée de la poussière",,,,,,,,,,,,,,0xFF01FE,0x0,0,,,0,-500.0,0.0,,
1879,0,3,769,0x40000040,0,0,0,0,0,40,,,"Vallée des mirages",,,,,,,,,,,,,,0xFF01FE,0x0,0,,,0,-500.0,0.0,,
1880,0,47,770,0x40000040,0,0,0,0,0,0,,,"Taudis de Barbe-de-plumes",,,,,,,,,,,,,,0xFF01FE,0x0,0,,,0,-500.0,0.0,,
1881,0,47,771,0x40000040,0,0,0,0,0,0,,,"Camp de Croquejarret",,,,,,,,,,,,,,0xFF01FE,0x0,0,,,0,-500.0,0.0,,
1882,0,47,772,0x40000040,0,0,0,0,0,45,,,"Ravin de Pestebrume",,,,,,,,,,,,,,0xFF01FE,0x0,0,,,0,-500.0,0.0,,
1883,0,47,773,0x40000040,0,0,0,0,0,48,,,"Lac Vent-vaillant",,,,,,,,,,,,,,0xFF01FE,0x0,0,,,0,-500.0,0.0,,
1884,0,47,774,0x40000040,0,0,0,0,0,46,,,"Agol'watha",,,,,,,,,,,,,,0xFF01FE,0x0,0,,,0,-500.0,0.0,,
1885,0,47,775,0x40000040,0,0,0,0,0,42,,,"Hiri'watha",,,,,,,,,,,,,,0xFF01FE,0x0,0,,,0,-500.0,0.0,,
1886,0,47,776,0x40000040,0,0,0,0,0,47,,,"La Ruine aux rampants",,,,,,,,,,,,,,0xFF01FE,0x0,0,,,0,-500.0,0.0,,
1887,0,47,777,0x40000040,0,0,0,0,0,0,,,"Escarpement de Bogen",,,,,,,,,,,,,,0xFF01FE,0x0,0,,,0,-500.0,0.0,,
1897,0,3,778,0x40000040,0,0,0,0,0,36,,,"La Terrasse du Faiseur",,,,,,,,,,,,,,0xFF01FE,0x0,0,,,0,-500.0,0.0,,
1898,0,3,779,0x40000040,0,0,0,0,0,39,,,"Goulet de la Bourrasque",,,,,,,,,,,,,,0xFF01FE,0x0,0,,,0,-500.0,0.0,,
1917,0,47,780,0x40000040,0,0,0,0,0,49,,,"Shaol'watha",,,,,,,,,,,,,,0xFF01FE,0x0,0,,,0,-500.0,0.0,,
1937,1,440,781,0x40000040,0,0,0,0,0,42,,,"Ruines d'Ombre-du-Zénith",,,,,,,,,,,,,,0xFF01FE,0x0,0,,,0,-500.0,0.0,,
1938,1,440,782,0x40000040,0,0,0,0,0,45,,,"Pilier brisé",,,,,,,,,,,,,,0xFF01FE,0x0,0,,,0,-500.0,0.0,,
1939,1,440,783,0x40000040,0,0,0,0,0,45,,,"Désert Abysséen",,,,,,,,,,,,,,0xFF01FE,0x0,0,,,0,-500.0,0.0,,
1940,1,440,784,0x40000040,0,0,0,0,0,49,,,"Rivage de Brisesud",,,,,,,,,,,,,,0xFF01FE,0x0,0,,,0,-500.0,0.0,,
1941,1,0,785,0x40,0,0,0,0,0,0,,,"Grottes du temps",,,,,,,,,,,,,,0xFF01FE,0x0,0,,,0,-500.0,1.0,,
1942,1,490,786,0x40000040,0,0,0,0,0,48,,,"La Fondrière",,,,,,,,,,,,,,0xFF01FE,0x0,0,,,0,-500.0,0.0,,
1943,1,490,787,0x40000040,0,0,0,0,0,50,,,"Plateau de Rochefer",,,,,,,,,,,,,,0xFF01FE,0x0,0,,,0,-500.0,0.0,,
1957,0,51,788,0x40000040,0,0,0,0,0,47,,,"Caverne de Noircharbon",,,,,,,,,,,,,,0xFF01FE,0x0,0,,,0,-500.0,0.0,,
1958,0,51,789,0x40000040,0,0,0,0,0,43,,,"Camp de Tanner",,,,,,,,,,,,,,0xFF01FE,0x0,0,,,0,-500.0,0.0,,
1959,0,51,790,0x40000040,0,0,0,0,0,45,,,"Vallée des Escarbilles",,,,,,,,,,,,,,0xFF01FE,0x0,0,,,0,-500.0,0.0,,
1977,309,0,791,0x0,0,11,32,3,0,0,,,"Zul'Gurub",,,,,,,,,,,,,,0xFF01FE,0x0,0,,,0,-500.0,0.0,,
1978,0,8,792,0x40000040,0,0,0,0,0,41,,,"Poste de Brumejonc",,,,,,,,,,,,,,0xFF01FE,0x0,0,,,0,-500.0,0.0,,
1997,1,361,793,0x40200040,0,0,0,0,0,0,,,"Poste de la Vénéneuse",,,,,,,,,,,,,,0xFF01FE,0x0,0,,,0,-500.0,0.0,,
1998,1,361,794,0x40000040,0,0,0,0,0,53,,,"Clairière de Griffebranche",,,,,,,,,,,,,,0xFF01FE,0x0,0,,,0,-500.0,0.0,,
2017,329,0,795,0x0,0,0,37,0,0,0,,,"Stratholme",,,,,,,,,,,,,,0xFF01FE,0x0,0,,,0,-500.0,0.0,,
2037,0,0,796,0x40,0,0,0,0,0,0,,,"Quel'thalas",,,,,,,,,,,,,,0xFF01FE,0x0,0,,,0,-500.0,0.0,,
2057,289,0,797,0x0,0,0,37,15,0,0,,,"Scholomance",,,,,,,,,,,,,,0xFF01FE,0x0,0,,,0,-500.0,0.0,,
2077,1,148,798,0x40000040,0,0,0,0,0,0,,,"Vallée du crépuscule",,,,,,,,,,,,,,0xFF01FE,0x0,0,,,0,-500.0,0.0,,
2078,1,148,799,0x40000040,0,0,0,0,0,0,,,"Rivage du crépuscule",,,,,,,,,,,,,,0xFF01FE,0x0,0,,,0,-500.0,0.0,,
2079,1,15,800,0x40000040,0,0,32,3,0,61,,,"Île d'Alcaz",,,,,,,,,,,,,,0xFF01FE,0x0,0,,,0,-500.0,0.0,,
2097,1,400,801,0x40000040,0,0,0,226,0,26,,,"Cime de Noir-nuage",,,,,,,,,,,,,,0xFF01FE,0x0,0,,,0,-500.0,0.0,,
2098,0,10,802,0x40000040,0,0,0,0,0,0,,,"Catacombes du Bois-de-l'Aube",,,,,,,,,,,,,,0xFF01FE,0x0,0,,,0,-500.0,0.0,,
2099,0,44,803,0x40000040,0,0,0,0,0,0,,,"Donjon de Guet-de-pierre",,,,,,,,,,,,,,0xFF01FE,0x0,0,,,0,-500.0,0.0,,
2100,349,0,804,0x0,0,0,0,7,0,0,,,"Maraudon",,,,,,,,,,,,,,0xFF01FE,0x0,0,,,0,-500.0,0.0,,
2101,0,38,805,0x40000040,0,0,0,0,0,0,,,"Auberge de la Fortebière",,,,,,,,,,,,,,0xFF01FE,0x0,0,,,0,-500.0,0.0,,
2102,0,1,806,0x40000040,0,0,0,0,0,0,,,"Distillerie Tonnebière",,,,,,,,,,,,,,0xFF01FE,0x0,0,,,0,-500.0,0.0,,
2103,0,11,807,0x40000040,0,0,0,0,0,0,,,"Donjon de Menethil",,,,,,,,,,,,,,0xFF01FE,0x0,0,,,0,-500.0,0.0,,
2104,0,11,808,0x40000040,0,0,0,0,0,0,,,"Taverne de l'Eau-profonde",,,,,,,,,,,,,,0xFF01FE,0x0,0,,,0,-500.0,0.0,,
2117,0,85,809,0x40000000,0,0,0,0,0,0,,,"Tombeau des ombres",,,,,,,,,,,,,,0xFF01FE,0x0,0,,,0,-500.0,0.0,,
2118,0,85,810,0x40000040,0,0,0,0,0,0,,,"Hôtel de ville de Brill",,,,,,,,,,,,,,0xFF01FE,0x0,0,,,0,-500.0,0.0,,
2119,0,85,811,0x40000040,0,0,0,0,0,0,,,"Taverne des Pendus",,,,,,,,,,,,,,0xFF01FE,0x0,0,,,0,-500.0,0.0,,
2137,1,215,812,0x40000040,0,0,0,0,0,0,,,"Les Bassins de la Vision",,,,,,,,,,,,,,0xFF01FE,0x0,0,,,0,-500.0,0.0,,
2138,1,17,813,0x40000040,0,0,0,10,0,0,,,"Refuge de Brume-funeste",,,,,,,,,,,,,,0xFF01FE,0x0,0,,,0,-500.0,0.0,,
2157,1,17,814,0x40000040,0,0,0,0,0,0,,,"Donjon de Bael'dun",,,,,,,,,,,,,,0xFF01FE,0x0,0,,,0,-500.0,0.0,,
2158,1,15,815,0x40000040,0,0,0,0,0,0,,,"Tanière de Brandeguerre",,,,,,,,,,,,,,0xFF01FE,0x0,0,,,0,-500.0,0.0,,
2159,1,0,816,0x0,0,0,33,237,0,0,,,"Repaire d'Onyxia",,,,,,,,,,,,,,0xFF01FE,0x0,0,,,0,-500.0,0.0,,
2160,1,406,817,0x40000040,0,0,0,0,0,0,,,"Mine des Cisailles",,,,,,,,,,,,,,0xFF01FE,0x0,0,,,0,-500.0,0.0,,
2161,0,10,818,0x40000040,0,0,0,0,0,0,,,"Destin de Roland",,,,,,,,,,,,,,0xFF01FE,0x0,0,,,0,-500.0,0.0,,
2177,0,33,819,0x400000D0,0,0,0,0,325,0,,,"L'arène",,,,,,,,,,,,,,0xFF01FE,0x0,0,,,0,-500.0,0.0,,
2197,1,1638,820,0x40000040,0,0,0,0,0,0,,,"Les Bassins de la Vision",,,,,,,,,,,,,,0xFF01FE,0x4,0,,,0,-500.0,0.0,,
2198,1,405,821,0x40000040,0,0,0,237,0,30,,,"Ravin de Brèche-de-l'Ombre",,,,,,,,,,,,,,0xFF01FE,0x0,0,,,0,-500.0,0.0,,
2217,1,405,822,0x40000040,0,0,0,0,0,0,,,"Village de la Lance brisée",,,,,,,,,,,,,,0xFF01FE,0x0,0,,,0,-500.0,0.0,,
2237,1,400,823,0x40000040,0,0,0,0,0,28,,,"Poste de Blanc-relais",,,,,,,,,,,,,,0xFF01FE,0x0,0,,,0,-500.0,0.0,,
2238,1,400,824,0x40000040,0,0,0,0,0,0,,,"Gornia",,,,,,,,,,,,,,0xFF01FE,0x0,0,,,0,-500.0,0.0,,
2239,1,400,825,0x40000040,0,0,0,0,0,0,,,"Cratère de l'Oeil de Zane",,,,,,,,,,,,,,0xFF01FE,0x0,0,,,0,-500.0,0.0,,
2240,1,400,826,0x40000040,0,0,0,0,0,0,,,"Piste des mirages",,,,,,,,,,,,,,0xFF01FE,0x0,0,,,0,-500.0,0.0,,
2241,1,618,827,0x40000040,0,0,0,0,0,57,,,"Roc des Sabres-de-Givre",,,,,,,,,,,,,,0xFF01FE,0x0,0,,,0,-500.0,0.0,,
2242,1,618,828,0x40000040,0,0,0,0,0,58,,,"Le Bosquet caché",,,,,,,,,,,,,,0xFF01FE,0x0,0,,,0,-500.0,0.0,,
2243,1,618,829,0x40000040,0,0,0,0,0,55,,,"Poste des Grumegueules",,,,,,,,,,,,,,0xFF01FE,0x0,0,,,0,-500.0,0.0,,
2244,1,618,830,0x40000040,0,0,0,0,0,57,,,"Village Tombe-hiver",,,,,,,,,,,,,,0xFF01FE,0x0,0,,,0,-500.0,0.0,,
2245,1,618,831,0x40000040,0,0,0,223,301,56,,,"Mazthoril",,,,,,,,,,,,,,0xFF01FE,0x0,0,,,0,-500.0,0.0,,
2246,1,618,832,0x40000040,0,0,0,0,0,55,,,"Sources de Givrefeu",,,,,,,,,,,,,,0xFF01FE,0x0,0,,,0,-500.0,0.0,,
2247,1,618,833,0x40000040,0,0,0,0,0,56,,,"Collines des Chardons de glace",,,,,,,,,,,,,,0xFF01FE,0x0,0,,,0,-500.0,0.0,,
2248,1,618,834,0x40000040,0,0,0,0,0,0,,,"Dun Mandarr",,,,,,,,,,,,,,0xFF01FE,0x0,0,,,0,-500.0,0.0,,
2249,1,618,835,0x40000040,0,0,0,0,0,60,,,"Gorge du Blanc murmure",,,,,,,,,,,,,,0xFF01FE,0x0,0,,,0,-500.0,0.0,,
2250,1,618,836,0x40000040,0,0,0,0,0,56,,,"Fourré de l'Aile de la chouette",,,,,,,,,,,,,,0xFF01FE,0x0,0,,,0,-500.0,0.0,,
2251,1,618,837,0x40000040,0,0,0,0,0,56,,,"Lac Kel'Theril",,,,,,,,,,,,,,0xFF01FE,0x0,0,,,0,-500.0,0.0,,
2252,1,618,838,0x40000040,0,0,0,0,0,0,,,"Les ruines de Kel'Theril",,,,,,,,,,,,,,0xFF01FE,0x0,0,,,0,-500.0,0.0,,
2253,1,618,839,0x40000040,0,0,0,76,103,55,,,"Pluie-d'Étoiles",,,,,,,,,,,,,,0xFF01FE,0x0,0,,,0,-500.0,0.0,,
2254,1,618,840,0x40000040,0,0,0,0,0,0,,,"Refuge des saisons de Ban'Thallow",,,,,,,,,,,,,,0xFF01FE,0x0,0,,,0,-500.0,0.0,,
2255,1,618,841,0x40200040,0,0,0,235,0,55,,,"Long-guet",,,,,,,,,,,,,,0xFF01FE,0x0,0,,,0,-500.0,0.0,,
2256,1,618,842,0x40000040,0,0,37,205,0,60,,,"Gorge du Sombre murmure",,,,,,,,,,,,,,0xFF01FE,0x0,0,,,0,-500.0,0.0,,
2257,369,0,843,0x0,0,0,0,0,0,0,,,"Tram des profondeurs",,,,,,,,,,,,,,0xFF01FE,0x2,0,,,0,-500.0,0.0,,
2258,0,139,844,0x40000040,0,0,0,0,0,58,,,"La Vallée des fongus",,,,,,,,,,,,,,0xFF01FE,0x0,0,,,0,-500.0,0.0,,
2259,0,139,845,0x40000040,0,0,0,0,0,0,,,"La ferme des Marris",,,,,,,,,,,,,,0xFF01FE,0x0,0,,,0,-500.0,0.0,,
2260,0,139,846,0x40000040,0,0,0,0,0,54,,,"La ferme des Marris",,,,,,,,,,,,,,0xFF01FE,0x0,0,,,0,-500.0,0.0,,
2261,0,139,847,0x40000040,0,0,0,0,0,54,,,"Le caveau de Zaeldarr",,,,,,,,,,,,,,0xFF01FE,0x0,0,,,0,-500.0,0.0,,
2262,0,139,848,0x40000040,0,0,0,0,0,55,,,"Comté-de-Darrow",,,,,,,,,,,,,,0xFF01FE,0x0,0,,,0,-500.0,0.0,,
2263,0,139,849,0x40008040,0,0,0,0,0,55,,,"Tour de garde de la couronne",,,,,,,,,,,,,,0xFF01FE,0x0,0,,,0,-500.0,0.0,,
2264,0,139,850,0x40000040,0,0,0,0,0,57,,,"La Croisée de Corin",,,,,,,,,,,,,,0xFF01FE,0x0,0,,,0,-500.0,0.0,,
2265,0,139,851,0x40000040,0,0,0,0,0,0,,,"Camp de la Croisade",,,,,,,,,,,,,,0xFF01FE,0x0,0,,,0,-500.0,0.0,,
2266,0,139,852,0x40000040,0,0,0,193,0,55,,,"Main de Tyr",,,,,,,,,,,,,,0xFF01FE,0x0,0,,,0,-500.0,0.0,,
2267,0,139,853,0x40000040,0,0,0,0,0,0,,,"La Basilique écarlate",,,,,,,,,,,,,,0xFF01FE,0x0,0,,,0,-500.0,0.0,,
2268,0,139,854,0x40200040,0,0,0,0,0,58,,,"Chapelle de l'Espoir de Lumière",,,,,,,,,,,,,,0xFF01FE,0x0,0,,,0,-500.0,0.0,,
2269,0,139,855,0x40000040,0,0,0,0,0,0,,,"Scierie de Browman",,,,,,,,,,,,,,0xFF01FE,0x0,0,,,0,-500.0,0.0,,
2270,0,139,856,0x40000040,0,0,0,0,0,58,,,"La Clairière nocive",,,,,,,,,,,,,,0xFF01FE,0x0,0,,,0,-500.0,0.0,,
2271,0,139,857,0x40008040,0,0,0,0,0,56,,,"Tour du Mur d'est",,,,,,,,,,,,,,0xFF01FE,0x0,0,,,0,-500.0,0.0,,
2272,0,139,858,0x40000040,0,0,0,0,0,58,,,"Valnord",,,,,,,,,,,,,,0xFF01FE,0x0,0,,,0,-500.0,0.0,,
2273,0,139,859,0x40000040,0,0,0,227,0,57,,,"Zul'Mashar",,,,,,,,,,,,,,0xFF01FE,0x0,0,,,0,-500.0,0.0,,
2274,0,139,860,0x40000040,0,0,0,0,0,0,,,"Mazra'Alor",,,,,,,,,,,,,,0xFF01FE,0x0,0,,,0,-500.0,0.0,,
2275,0,139,861,0x40008040,0,0,0,0,0,56,,,"Tour du Col du nord",,,,,,,,,,,,,,0xFF01FE,0x0,0,,,0,-500.0,0.0,,
2276,0,139,862,0x40000040,0,0,0,76,0,59,,,"Gîte de Quel'Lithien",,,,,,,,,,,,,,0xFF01FE,0x0,0,,,0,-500.0,0.0,,
2277,0,139,863,0x40000040,0,0,0,0,0,55,,,"Pestebois",,,,,,,,,,,,,,0xFF01FE,0x0,0,,,0,-500.0,0.0,,
2278,0,139,864,0x40000040,0,0,0,0,0,0,,,"Fort-Fléau",,,,,,,,,,,,,,0xFF01FE,0x0,0,,,0,-500.0,0.0,,
2279,0,139,865,0x40000040,0,0,37,0,0,55,,,"Stratholme",,,,,,,,,,,,,,0xFF01FE,0x0,0,,,0,-500.0,0.0,,
2280,0,0,866,0x40,0,0,0,0,0,0,,,"[NE PAS UTILISER]",,,,,,,,,,,,,,0xFF01FE,0x0,0,,,0,-500.0,0.0,,
2297,0,28,867,0x40000040,0,0,0,0,0,55,,,"Lac Darrowmere",,,,,,,,,,,,,,0xFF01FE,0x0,0,,,0,-500.0,0.0,,
2298,0,28,868,0x40000040,0,0,0,0,0,55,,,"Caer Darrow",,,,,,,,,,,,,,0xFF01FE,0x0,0,,,0,-500.0,0.0,,
2299,0,139,869,0x40000040,0,0,0,0,0,0,,,"Lac Darrowmere",,,,,,,,,,,,,,0xFF01FE,0x0,0,,,0,-500.0,0.0,,
2300,1,440,870,0x40000040,0,0,0,0,0,50,,,"Grottes du temps",,,,,,,,,,,,,,0xFF01FE,0x0,0,,,0,-500.0,0.0,,
2301,1,331,871,0x40000040,0,0,28,194,0,23,,,"Village des Crins-de-Chardon",,,,,,,,,,,,,,0xFF01FE,0x0,0,,,0,-500.0,0.0,,
2302,1,15,872,0x40000040,0,0,0,0,0,39,,,"Le Bourbier",,,,,,,,,,,,,,0xFF01FE,0x0,0,,,0,-500.0,0.0,,
2303,1,400,873,0x40000040,0,0,0,0,0,27,,,"Canyon de Brisevent",,,,,,,,,,,,,,0xFF01FE,0x0,0,,,0,-500.0,0.0,,
2317,1,440,874,0x40000040,0,0,24,0,0,0,,,"Mers du Sud",,,,,,,,,,,,,,0xFF01FE,0x0,0,,,0,-500.0,0.0,,
2318,1,15,875,0x40000040,0,0,0,0,0,0,,,"La Grande mer",,,,,,,,,,,,,,0xFF01FE,0x0,0,,,0,-500.0,0.0,,
2319,1,17,876,0x40000040,0,0,0,0,0,0,,,"La Grande mer",,,,,,,,,,,,,,0xFF01FE,0x0,0,,,0,-500.0,0.0,,
2320,1,14,877,0x40000040,0,0,0,0,0,0,,,"La Grande mer",,,,,,,,,,,,,,0xFF01FE,0x0,0,,,0,-500.0,0.0,,
2321,1,16,878,0x40000040,0,0,0,0,0,0,,,"La Grande mer",,,,,,,,,,,,,,0xFF01FE,0x0,0,,,0,-500.0,0.0,,
2322,1,141,879,0x40000040,0,0,0,0,0,0,,,"La Mer voilée",,,,,,,,,,,,,,0xFF01FE,0x2,0,,,0,-500.0,0.0,,
2323,1,357,880,0x40000040,0,0,0,0,0,0,,,"La Mer voilée",,,,,,,,,,,,,,0xFF01FE,0x0,0,,,0,-500.0,0.0,,
2324,1,405,881,0x40000040,0,0,0,0,0,0,,,"La Mer voilée",,,,,,,,,,,,,,0xFF01FE,0x0,0,,,0,-500.0,0.0,,
2325,1,331,882,0x40000040,0,0,0,0,0,0,,,"La Mer voilée",,,,,,,,,,,,,,0xFF01FE,0x0,0,,,0,-500.0,0.0,,
2326,1,148,883,0x40000040,0,0,0,0,0,0,,,"La Mer voilée",,,,,,,,,,,,,,0xFF01FE,0x2,0,,,0,-500.0,0.0,,
2337,1,14,884,0x40100040,0,0,0,0,0,0,,,"Caserne de Tranchecolline",,,,,,,,,,,,,,0xFF01FE,0x4,0,,,0,-500.0,0.0,,
2338,0,33,885,0x40000040,0,0,24,0,122,0,,,"Mers du Sud",,,,,,,,,,,,,,0xFF01FE,0x0,0,,,0,-500.0,0.0,,
2339,0,33,886,0x40000040,0,0,0,0,0,0,,,"La Grande mer",,,,,,,,,,,,,,0xFF01FE,0x0,0,,,0,-500.0,0.0,,
2357,1,331,887,0x40000040,0,0,0,0,0,0,,,"Camp de Dent-rouge",,,,,,,,,,,,,,0xFF01FE,0x0,0,,,0,-500.0,0.0,,
2358,1,331,888,0x40000040,0,0,0,188,0,0,,,"Chant des forêts",,,,,,,,,,,,,,0xFF01FE,0x0,0,,,0,-500.0,0.0,,
2359,1,331,889,0x40000040,0,0,0,0,0,24,,,"Village des Pattes-vertes",,,,,,,,,,,,,,0xFF01FE,0x0,0,,,0,-500.0,0.0,,
2360,1,331,890,0x40200040,0,0,0,0,0,0,,,"Avant-poste d'Aile-argent",,,,,,,,,,,,,,0xFF01FE,0x0,0,,,0,-500.0,0.0,,
2361,1,493,891,0x40200040,0,0,0,0,0,15,,,"Havrenuit",,,,,,,,,,,,,,0xFF01FE,0x0,0,,,0,-500.0,0.0,,
2362,1,493,892,0x40000040,0,0,0,0,0,0,,,"Sanctuaire de Remulos",,,,,,,,,,,,,,0xFF01FE,0x0,0,,,0,-500.0,0.0,,
2363,1,493,893,0x40000040,0,0,0,0,0,0,,,"Refuge des saisons de Malfurion",,,,,,,,,,,,,,0xFF01FE,0x0,0,,,0,-500.0,0.0,,
2364,0,40,894,0x40000040,0,0,0,0,0,0,,,"La Grande mer",,,,,,,,,,,,,,0xFF01FE,0x0,0,,,0,-500.0,0.0,,
2365,0,11,895,0x40000040,0,0,0,0,0,0,,,"La Grande mer",,,,,,,,,,,,,,0xFF01FE,0x0,0,,,0,-500.0,0.0,,
2366,269,0,896,0x0,0,0,411,318,0,0,,,"Le Noir Marécage",,,,,,,,,,,,,,0xFF01FE,0x0,0,,,0,-500.0,0.600000023842,,
2367,560,0,897,0x0,0,0,31,325,513,0,,,"Contreforts de Hautebrande d'antan",,,,,,,,,,,,,,0xFF01FE,0x0,0,,,0,-500.0,0.300000011921,,
2368,560,2367,898,0x40000000,0,0,31,324,0,0,,,"Moulin-de-Tarren",,,,,,,,,,,,,,0xFF01FE,0x0,0,,,0,-500.0,0.600000023842,,
2369,560,2367,899,0x40000000,0,0,31,0,0,0,,,"Austrivage",,,,,,,,,,,,,,0xFF01FE,0x0,0,,,0,-500.0,0.600000023842,,
2370,560,2367,900,0x40000000,0,0,31,323,0,0,,,"Donjon de Fort-de-Durn",,,,,,,,,,,,,,0xFF01FE,0x0,0,,,0,-500.0,0.600000023842,,
2371,560,2367,901,0x40000000,0,0,31,0,0,0,,,"Dun Garok",,,,,,,,,,,,,,0xFF01FE,0x0,0,,,0,-500.0,0.600000023842,,
2372,560,2367,902,0x40000000,0,0,31,0,0,0,,,"Champs de Hautebrande",,,,,,,,,,,,,,0xFF01FE,0x0,0,,,0,-500.0,0.600000023842,,
2373,560,2367,903,0x40000000,0,0,31,0,0,0,,,"Rivage oriental",,,,,,,,,,,,,,0xFF01FE,0x0,0,,,0,-500.0,0.600000023842,,
2374,560,2367,904,0x40000000,0,0,31,0,0,0,,,"Ferme des Nethander",,,,,,,,,,,,,,0xFF01FE,0x0,0,,,0,-500.0,0.600000023842,,
2375,560,2367,905,0x40000000,0,0,31,0,0,0,,,"Colline de Darrow",,,,,,,,,,,,,,0xFF01FE,0x0,0,,,0,-500.0,0.600000023842,,
2376,560,2367,906,0x40000000,0,0,31,0,0,0,,,"Tour de la Pointe du Midi",,,,,,,,,,,,,,0xFF01FE,0x0,0,,,0,-500.0,0.600000023842,,
2377,560,2367,907,0x40000000,0,0,31,0,0,0,,,"Mur de Thoradin",,,,,,,,,,,,,,0xFF01FE,0x0,0,,,0,-500.0,0.600000023842,,
2378,560,2367,908,0x40000000,0,0,31,0,0,0,,,"Rivage occidental",,,,,,,,,,,,,,0xFF01FE,0x0,0,,,0,-500.0,0.600000023842,,
2379,560,2367,909,0x40000000,0,0,31,0,0,0,,,"Mine de Veine-azur",,,,,,,,,,,,,,0xFF01FE,0x0,0,,,0,-500.0,0.600000023842,,
2397,0,267,910,0x40000040,0,0,31,0,0,0,,,"La Grande mer",,,,,,,,,,,,,,0xFF01FE,0x0,0,,,0,-500.0,0.0,,
2398,0,130,911,0x40000040,0,0,0,0,0,0,,,"La Grande mer",,,,,,,,,,,,,,0xFF01FE,0x0,0,,,0,-500.0,0.0,,
2399,0,85,912,0x40000040,0,0,0,0,0,0,,,"La Grande mer",,,,,,,,,,,,,,0xFF01FE,0x0,0,,,0,-500.0,0.0,,
2400,0,47,913,0x40000040,0,0,0,0,0,0,,,"La Mer interdite",,,,,,,,,,,,,,0xFF01FE,0x0,0,,,0,-500.0,0.0,,
2401,0,45,914,0x40000040,0,0,0,0,0,0,,,"La Mer interdite",,,,,,,,,,,,,,0xFF01FE,0x0,0,,,0,-500.0,0.0,,
2402,0,11,915,0x40000040,0,0,0,0,0,0,,,"La Mer interdite",,,,,,,,,,,,,,0xFF01FE,0x0,0,,,0,-500.0,0.0,,
2403,0,8,916,0x40000040,0,0,0,0,0,0,,,"La Mer interdite",,,,,,,,,,,,,,0xFF01FE,0x0,0,,,0,-500.0,0.0,,
2404,1,405,917,0x40000040,0,0,0,0,0,30,,,"Tethris Aran",,,,,,,,,,,,,,0xFF01FE,0x0,0,,,0,-500.0,0.0,,
2405,1,405,918,0x40000040,0,0,0,227,0,32,,,"Ethel Rethor",,,,,,,,,,,,,,0xFF01FE,0x0,0,,,0,-500.0,0.0,,
2406,1,405,919,0x40000040,0,0,0,0,0,35,,,"Île de Ranazjar",,,,,,,,,,,,,,0xFF01FE,0x0,0,,,0,-500.0,0.0,,
2407,1,405,920,0x40000040,0,0,0,0,0,32,,,"Hutte de Kormek",,,,,,,,,,,,,,0xFF01FE,0x0,0,,,0,-500.0,0.0,,
2408,1,405,921,0x40200040,0,0,0,185,0,33,,,"Proie-de-l'Ombre",,,,,,,,,,,,,,0xFF01FE,0x0,0,,,0,-500.0,0.0,,
2417,0,46,922,0x40000040,0,0,0,0,0,54,,,"Défilé des Rochenoires",,,,,,,,,,,,,,0xFF01FE,0x0,0,,,0,-500.0,0.0,,
2418,0,46,923,0x40000040,0,0,0,0,0,55,,,"Veille de Morgan",,,,,,,,,,,,,,0xFF01FE,0x0,0,,,0,-500.0,0.0,,
2419,0,46,924,0x40000040,0,0,0,0,0,0,,,"Roc sinueux",,,,,,,,,,,,,,0xFF01FE,0x0,0,,,0,-500.0,0.0,,
2420,0,46,925,0x40000040,0,0,0,0,0,52,,,"Chemin de l'Aile de la terreur",,,,,,,,,,,,,,0xFF01FE,0x0,0,,,0,-500.0,0.0,,
2421,0,46,926,0x40000040,0,0,0,0,0,54,,,"Draco'dar",,,,,,,,,,,,,,0xFF01FE,0x0,0,,,0,-500.0,0.0,,
2437,389,0,927,0x0,0,0,0,0,0,0,,,"Gouffre de Ragefeu",,,,,,,,,,,,,,0xFF01FE,0x4,0,,,0,-500.0,0.0,,
2457,1,331,928,0x40000040,0,0,0,0,0,0,,,"Bois de Chantenuit",,,,,,,,,,,,,,0xFF01FE,0x0,0,,,0,-500.0,0.0,,
2477,1,1377,929,0x40000040,0,0,0,0,0,0,,,"La Mer voilée",,,,,,,,,,,,,,0xFF01FE,0x0,0,,,0,-500.0,0.0,,
2478,1,361,930,0x40000040,0,0,0,0,0,47,,,"Morlos'Aran",,,,,,,,,,,,,,0xFF01FE,0x0,0,,,0,-500.0,0.0,,
2479,1,361,931,0x40200040,0,0,0,0,0,48,,,"Sanctuaire d'émeraude",,,,,,,,,,,,,,0xFF01FE,0x0,0,,,0,-500.0,0.0,,
2480,1,361,932,0x40000040,0,0,0,0,0,50,,,"Vallon des Jadefeu",,,,,,,,,,,,,,0xFF01FE,0x0,0,,,0,-500.0,0.0,,
2481,1,361,933,0x40000040,0,0,0,0,0,51,,,"Ruines de Constellas",,,,,,,,,,,,,,0xFF01FE,0x0,0,,,0,-500.0,0.0,,
2497,1,16,934,0x40000040,0,0,0,0,0,53,,,"Confins amers",,,,,,,,,,,,,,0xFF01FE,0x0,0,,,0,-500.0,0.0,,
2517,0,4,935,0x40000040,0,0,0,0,0,46,,,"Cime du Souilleur",,,,,,,,,,,,,,0xFF01FE,0x0,0,,,0,-500.0,0.0,,
2518,1,357,936,0x40000040,0,0,0,0,0,0,,,"Pavillon de Lariss",,,,,,,,,,,,,,0xFF01FE,0x0,0,,,0,-500.0,0.0,,
2519,1,357,937,0x40000040,0,0,0,0,0,41,,,"Collines des Griffebois",,,,,,,,,,,,,,0xFF01FE,0x0,0,,,0,-500.0,0.0,,
2520,1,357,938,0x40000040,0,0,0,0,0,0,,,"Tanière des Griffebois",,,,,,,,,,,,,,0xFF01FE,0x0,0,,,0,-500.0,0.0,,
2521,1,357,939,0x40000040,0,0,0,0,0,-1,,,"La Verdantis",,,,,,,,,,,,,,0xFF01FE,0x0,0,,,0,-500.0,0.0,,
2522,1,357,940,0x40000040,0,0,0,0,0,45,,,"Ruines d'Isildien",,,,,,,,,,,,,,0xFF01FE,0x0,0,,,0,-500.0,0.0,,
2537,1,406,941,0x40000040,0,0,0,226,0,15,,,"Poste Totem-sinistre",,,,,,,,,,,,,,0xFF01FE,0x0,0,,,0,-500.0,0.0,,
2538,1,406,942,0x40000040,0,0,0,226,0,15,,,"Camp Aparaje",,,,,,,,,,,,,,0xFF01FE,0x0,0,,,0,-500.0,0.0,,
2539,1,406,943,0x40200040,0,0,0,185,0,15,,,"Malaka'jin",,,,,,,,,,,,,,0xFF01FE,0x0,0,,,0,-500.0,0.0,,
2540,1,406,944,0x40000040,0,0,0,0,0,16,,,"Ravin des Éboulis",,,,,,,,,,,,,,0xFF01FE,0x0,0,,,0,-500.0,0.0,,
2541,1,406,945,0x40000040,0,0,0,229,0,18,,,"Canyon de Sishir",,,,,,,,,,,,,,0xFF01FE,0x0,0,,,0,-500.0,0.0,,
2557,429,0,946,0x0,0,0,29,11,0,0,,,"Hache-tripes",,,,,,,,,,,,,,0xFF01FE,0x0,0,,,0,-500.0,0.0,,
2558,0,41,947,0x40000040,0,0,0,0,0,0,,,"Ravin de Deuillevent",,,,,,,,,,,,,,0xFF01FE,0x0,0,,,0,-500.0,0.0,,
2559,0,41,948,0x40000040,0,0,0,0,0,0,,,"Rivière Diamondhead",,,,,,,,,,,,,,0xFF01FE,0x0,0,,,0,-500.0,0.0,,
2560,0,41,949,0x40000040,0,0,0,0,0,0,,,"Camp d'Ariden",,,,,,,,,,,,,,0xFF01FE,0x0,0,,,0,-500.0,0.0,,
2561,0,41,950,0x40000040,0,0,0,0,0,57,,,"L'Etau",,,,,,,,,,,,,,0xFF01FE,0x0,0,,,0,-500.0,0.0,,
2562,0,41,951,0x40000040,0,0,49,0,0,60,,,"Karazhan",,,,,,,,,,,,,,0xFF01FE,0x0,0,,,0,-500.0,0.0,,
2563,0,41,952,0x40000040,0,0,0,0,0,0,,,"Le lopin de Morgan",,,,,,,,,,,,,,0xFF01FE,0x0,0,,,0,-500.0,0.0,,
2577,1,357,953,0x40000040,0,0,29,11,0,44,,,"Hache-tripes",,,,,,,,,,,,,,0xFF01FE,0x0,0,,,0,-500.0,0.0,,
2597,30,0,954,0x4000,0,0,42,242,0,0,,,"Vallée d'Alterac",,,,,,,,,,,,,,0xFF01FE,0x0,0,,,0,-500.0,0.5,,
2617,1,405,955,0x40000040,0,0,0,226,0,0,,,"Camp de Fouillevis",,,,,,,,,,,,,,0xFF01FE,0x0,0,,,0,-500.0,0.0,,
2618,1,361,956,0x40000040,0,0,0,0,0,50,,,"Défilé des Jadefeu",,,,,,,,,,,,,,0xFF01FE,0x0,0,,,0,-500.0,0.0,,
2619,0,139,957,0x40000040,0,0,0,0,0,55,,,"La Thondroril",,,,,,,,,,,,,,0xFF01FE,0x0,0,,,0,-500.0,0.0,,
2620,0,28,958,0x40000040,0,0,0,0,0,0,,,"La Thondroril",,,,,,,,,,,,,,0xFF01FE,0x0,0,,,0,-500.0,0.0,,
2621,0,139,959,0x40000040,0,0,0,0,0,54,,,"Lac Mereldar",,,,,,,,,,,,,,0xFF01FE,0x0,0,,,0,-500.0,0.0,,
2622,0,139,960,0x40000040,0,0,0,0,0,55,,,"Balafre pestilentielle",,,,,,,,,,,,,,0xFF01FE,0x0,0,,,0,-500.0,0.0,,
2623,0,139,961,0x40000040,0,0,0,0,0,59,,,"La Balafre infecte",,,,,,,,,,,,,,0xFF01FE,0x0,0,,,0,-500.0,0.0,,
2624,0,139,962,0x40000040,0,0,0,0,0,58,,,"Lac de Noirbois",,,,,,,,,,,,,,0xFF01FE,0x0,0,,,0,-500.0,0.0,,
2625,0,139,963,0x40000040,0,0,0,0,0,0,,,"Porte du Mur d'est",,,,,,,,,,,,,,0xFF01FE,0x0,0,,,0,-500.0,0.0,,
2626,0,139,964,0x40000040,0,0,0,0,0,0,,,"Tunnel de Tisse-terreur",,,,,,,,,,,,,,0xFF01FE,0x0,0,,,0,-500.0,0.0,,
2627,0,139,965,0x40000040,0,0,0,0,0,55,,,"Val-Terreur",,,,,,,,,,,,,,0xFF01FE,0x0,0,,,0,-500.0,0.0,,
2637,1,331,966,0x40200040,0,0,28,228,0,0,,,"Donjon de Kargathia",,,,,,,,,,,,,,0xFF01FE,0x0,0,,,0,-500.0,0.0,,
2657,1,405,967,0x40000040,0,0,0,193,0,0,,,"Vallée des ossements",,,,,,,,,,,,,,0xFF01FE,0x0,0,,,0,-500.0,0.0,,
2677,469,0,968,0x0,0,0,0,0,0,0,,,"Repaire de l'Aile noire",,,,,,,,,,,,,,0xFF01FE,0x0,0,,,0,-500.0,0.0,,
2697,0,41,969,0x40000040,0,0,0,0,0,50,,,"Croisée de l'homme mort",,,,,,,,,,,,,,0xFF01FE,0x0,0,,,0,-500.0,0.0,,
2717,409,0,970,0x0,0,0,0,0,0,0,,,"Cœur du Magma",,,,,,,,,,,,,,0xFF01FE,0x0,0,,,0,-500.0,0.0,,
2737,1,1377,971,0x40000040,0,0,0,0,0,55,,,"Le Mur du scarabée",,,,,,,,,,,,,,0xFF01FE,0x0,0,,,0,-500.0,0.0,,
2738,1,1377,972,0x40000040,0,0,0,0,0,55,,,"Village de Sudevent",,,,,,,,,,,,,,0xFF01FE,0x0,0,,,0,-500.0,0.0,,
2739,1,1377,973,0x40000040,0,0,0,0,0,55,,,"Camp de base du Crépuscule",,,,,,,,,,,,,,0xFF01FE,0x0,0,,,0,-500.0,0.0,,
2740,1,1377,974,0x40000040,0,0,0,0,0,55,,,"La Vallée des cristaux",,,,,,,,,,,,,,0xFF01FE,0x0,0,,,0,-500.0,0.0,,
2741,1,1377,975,0x40000040,0,0,0,0,0,0,,,"L'Estrade du scarabée",,,,,,,,,,,,,,0xFF01FE,0x0,0,,,0,-500.0,0.0,,
2742,1,1377,976,0x40000040,0,0,0,0,0,55,,,"Ruche'Ashi",,,,,,,,,,,,,,0xFF01FE,0x0,0,,,0,-500.0,0.0,,
2743,1,1377,977,0x40000040,0,0,0,0,0,55,,,"Ruche'Zora",,,,,,,,,,,,,,0xFF01FE,0x0,0,,,0,-500.0,0.0,,
2744,1,1377,978,0x40000040,0,0,0,0,0,55,,,"Ruche'Regal",,,,,,,,,,,,,,0xFF01FE,0x0,0,,,0,-500.0,0.0,,
2757,1,17,979,0x40000040,0,0,0,0,0,0,,,"Autel du Guerrier mort",,,,,,,,,,,,,,0xFF01FE,0x0,0,,,0,-500.0,0.0,,
2777,0,267,980,0x40000040,0,0,0,0,0,0,,,"Vallée d'Alterac",,,,,,,,,,,,,,0xFF01FE,0x0,0,,,0,-500.0,0.0,,
2797,1,331,981,0x40000040,0,0,24,176,0,0,,,"Profondeurs de Brassenoire",,,,,,,,,,,,,,0xFF01FE,0x0,0,,,0,-500.0,0.0,,
2817,571,0,1593,0x4444,0,11,464,430,0,77,,,"Forêt du Chant de cristal",,,,,,,,,,,,,,0xFF01FE,0x0,0,,,0,-500.0,0.0,,
2837,0,41,982,0x40000040,0,0,0,0,0,0,,,"La cave du maître",,,,,,,,,,,,,,0xFF01FE,0x0,0,,,0,-500.0,0.0,,
2838,0,51,983,0x40000040,0,0,0,0,0,0,,,"Passage de Formepierre",,,,,,,,,,,,,,0xFF01FE,0x0,0,,,0,-500.0,0.0,,
2839,0,36,984,0x40000040,0,0,38,0,0,0,,,"Vallée d'Alterac",,,,,,,,,,,,,,0xFF01FE,0x0,0,,,0,-500.0,0.0,,
2857,1,440,985,0x40000080,0,0,0,0,0,0,,,"La Cage des grondements",,,,,,,,,,,,,,0xFF01FE,0x0,0,,,0,-500.0,0.0,,
2877,451,22,986,0x40000000,0,0,0,0,0,60,,,"Test de Chunk",,,,,,,,,,,,,,0xFF01FE,0x0,0,,,0,-500.0,0.0,,
2897,1,331,987,0x40000040,0,0,24,185,0,0,,,"Avant-poste de Zoram'gar",,,,,,,,,,,,,,0xFF01FE,0x0,0,,,0,-500.0,0.0,,
2917,1,0,988,0x20,0,0,0,0,0,0,,,"Hall des Légendes",,,,,,,,,,,,,,0xFF01FE,0x4,0,,,0,-500.0,0.0,,
2918,449,0,989,0x20,0,0,0,0,0,0,,,"Hall des Champions",,,,,,,,,,,,,,0xFF01FE,0x2,0,,,0,-500.0,0.0,,
2937,0,41,990,0x40000040,0,0,0,0,0,0,,,"Base des Grosh'gok",,,,,,,,,,,,,,0xFF01FE,0x0,0,,,0,-500.0,0.0,,
2938,0,41,991,0x40000040,0,0,0,0,0,50,,,"Gorge endormie",,,,,,,,,,,,,,0xFF01FE,0x0,0,,,0,-500.0,0.0,,
2957,30,2597,992,0x40000000,0,0,0,0,0,0,,,"Mine de Gouffrefer",,,,,,,,,,,,,,0xFF01FE,0x0,0,,,0,-500.0,0.0,,
2958,30,2597,993,0x40000000,0,0,0,0,0,0,,,"Avant-poste de Gîtepierre",,,,,,,,,,,,,,0xFF01FE,0x0,0,,,0,-500.0,0.0,,
2959,30,2597,994,0x40000000,0,0,0,0,0,0,,,"Dun Baldar",,,,,,,,,,,,,,0xFF01FE,0x0,0,,,0,-500.0,0.0,,
2960,30,2597,995,0x40000000,0,0,0,0,0,0,,,"Défilé de l'Aile de glace",,,,,,,,,,,,,,0xFF01FE,0x0,0,,,0,-500.0,0.0,,
2961,30,2597,996,0x40000000,0,0,0,0,0,0,,,"Village Loup-de-givre",,,,,,,,,,,,,,0xFF01FE,0x0,0,,,0,-500.0,0.0,,
2962,30,2597,997,0x40000000,0,0,0,0,0,0,,,"Tour de la halte",,,,,,,,,,,,,,0xFF01FE,0x0,0,,,0,-500.0,0.0,,
2963,30,2597,998,0x40000000,0,0,0,0,0,0,,,"Mine de Froide-dent",,,,,,,,,,,,,,0xFF01FE,0x0,0,,,0,-500.0,0.0,,
2964,30,2597,999,0x40000000,0,0,0,0,0,0,,,"Repaire des Haches-d’hiver",,,,,,,,,,,,,,0xFF01FE,0x0,0,,,0,-500.0,0.0,,
2977,30,2597,1000,0x40000000,0,0,0,0,0,0,,,"Garnison de Glace-sang",,,,,,,,,,,,,,0xFF01FE,0x0,0,,,0,-500.0,0.0,,
2978,30,2597,1001,0x40000000,0,0,0,0,0,0,,,"Donjon Loup-de-givre",,,,,,,,,,,,,,0xFF01FE,0x0,0,,,0,-500.0,0.0,,
2979,1,14,1002,0x40000040,0,0,0,0,0,0,,,"Ferme de Tor'kren",,,,,,,,,,,,,,0xFF01FE,0x0,0,,,0,-500.0,0.0,,
3017,30,2597,1003,0x40000000,0,0,0,0,0,0,,,"Défilé de la Dague de givre",,,,,,,,,,,,,,0xFF01FE,0x0,0,,,0,-500.0,0.0,,
3037,1,400,1004,0x40000040,0,0,0,0,0,0,,,"Camp Rochefer",,,,,,,,,,,,,,0xFF01FE,0x0,0,,,0,-500.0,0.0,,
3038,1,400,1005,0x40000040,0,0,0,0,0,0,,,"Cratère de Fouignard",,,,,,,,,,,,,,0xFF01FE,0x0,0,,,0,-500.0,0.0,,
3039,1,400,1006,0x40000040,0,0,0,0,0,0,,,"Ruines de Tahonda",,,,,,,,,,,,,,0xFF01FE,0x0,0,,,0,-500.0,0.0,,
3057,30,2597,1007,0x40000000,0,0,0,0,0,0,,,"Champ sanglant",,,,,,,,,,,,,,0xFF01FE,0x0,0,,,0,-500.0,0.0,,
3058,30,2597,1008,0x40000000,0,0,0,0,0,0,,,"Caverne de l'Aile de glace",,,,,,,,,,,,,,0xFF01FE,0x0,0,,,0,-500.0,0.0,,
3077,1,1377,1009,0x40000040,0,0,0,0,0,55,,,"Le Repos des vaillants",,,,,,,,,,,,,,0xFF01FE,0x0,0,,,0,-500.0,0.0,,
3097,1,1377,1010,0x40000040,0,0,0,0,0,0,,,"Le pilier grouillant",,,,,,,,,,,,,,0xFF01FE,0x0,0,,,0,-500.0,0.0,,
3098,1,1377,1011,0x40000040,0,0,0,0,0,57,,,"Poste du Crépuscule",,,,,,,,,,,,,,0xFF01FE,0x0,0,,,0,-500.0,0.0,,
3099,1,1377,1012,0x40000040,0,0,0,0,0,59,,,"Avant-poste du Crépuscule",,,,,,,,,,,,,,0xFF01FE,0x0,0,,,0,-500.0,0.0,,
3100,1,1377,1013,0x40000040,0,0,0,0,0,0,,,"Camp du Crépuscule ravagé",,,,,,,,,,,,,,0xFF01FE,0x0,0,,,0,-500.0,0.0,,
3117,1,357,1014,0x40000040,0,0,0,0,0,0,,,"Antre de Shalzaru",,,,,,,,,,,,,,0xFF01FE,0x0,0,,,0,-500.0,0.0,,
3137,1,16,1015,0x40200040,0,0,0,0,0,0,,,"Halte de Talrendis",,,,,,,,,,,,,,0xFF01FE,0x0,0,,,0,-500.0,0.0,,
3138,1,16,1016,0x40000040,0,0,0,0,0,0,,,"Sanctuaire de Rethress",,,,,,,,,,,,,,0xFF01FE,0x0,0,,,0,-500.0,0.0,,
3139,1,618,1017,0x40000040,0,0,0,0,0,0,,,"Antre de l'Horreur lunaire",,,,,,,,,,,,,,0xFF01FE,0x0,0,,,0,-500.0,0.0,,
3140,1,16,1018,0x40000040,0,0,0,0,0,0,,,"Caverne de Barbe-d'écailles",,,,,,,,,,,,,,0xFF01FE,0x0,0,,,0,-500.0,0.0,,
3157,1,406,1019,0x40000040,0,0,0,0,0,0,,,"Caverne des Eboulis",,,,,,,,,,,,,,0xFF01FE,0x0,0,,,0,-500.0,0.0,,
3177,1,331,1020,0x40200040,0,0,0,0,0,0,,,"Camp de travail chanteguerre",,,,,,,,,,,,,,0xFF01FE,0x0,0,,,0,-500.0,0.0,,
3197,0,28,1021,0x40000040,0,0,0,0,0,0,,,"Camp du Noroît",,,,,,,,,,,,,,0xFF01FE,0x0,0,,,0,-500.0,0.0,,
3217,429,2557,1022,0x40000080,0,0,0,0,0,0,,,"L'Etripoir",,,,,,,,,,,,,,0xFF01FE,0x0,0,,,0,-500.0,0.0,,
3237,429,2557,1023,0x40000080,0,0,0,0,0,0,,,"L'Etripoir",,,,,,,,,,,,,,0xFF01FE,0x0,0,,,0,-500.0,0.0,,
3257,1,1377,1024,0x40000040,0,0,0,0,0,0,,,"Restes de Grakkarond",,,,,,,,,,,,,,0xFF01FE,0x0,0,,,0,-500.0,0.0,,
3277,489,0,1025,0x4000,0,0,38,243,0,0,,,"Goulet des Chanteguerres",,,,,,,,,,,,,,0xFF01FE,0x0,0,,,0,-500.0,0.0,,
3297,30,2597,1026,0x40000000,0,0,0,0,0,0,,,"Cimetière Loup-de-givre",,,,,,,,,,,,,,0xFF01FE,0x0,0,,,0,-500.0,0.0,,
3298,30,2597,1027,0x40000000,0,0,0,0,0,0,,,"Col Loup-de-givre",,,,,,,,,,,,,,0xFF01FE,0x0,0,,,0,-500.0,0.0,,
3299,30,2597,1028,0x40000000,0,0,0,0,0,0,,,"Col de Dun Baldar",,,,,,,,,,,,,,0xFF01FE,0x0,0,,,0,-500.0,0.0,,
3300,30,2597,1029,0x40000000,0,0,0,0,0,0,,,"Cimetière de Glace-sang",,,,,,,,,,,,,,0xFF01FE,0x0,0,,,0,-500.0,0.0,,
3301,30,2597,1030,0x40000000,0,0,0,0,0,0,,,"Cimetière des neiges",,,,,,,,,,,,,,0xFF01FE,0x0,0,,,0,-500.0,0.0,,
3302,30,2597,1031,0x40000000,0,0,0,0,0,0,,,"Cimetière de Gîtepierre",,,,,,,,,,,,,,0xFF01FE,0x0,0,,,0,-500.0,0.0,,
3303,30,2597,1032,0x40000000,0,0,0,0,0,0,,,"Cimetière Foudrepique",,,,,,,,,,,,,,0xFF01FE,0x0,0,,,0,-500.0,0.0,,
3304,30,2597,1033,0x40000000,0,0,0,0,0,0,,,"Fortin de l'Aile de glace",,,,,,,,,,,,,,0xFF01FE,0x0,0,,,0,-500.0,0.0,,
3305,30,2597,1034,0x40000000,0,0,0,0,0,0,,,"Fortin de Gîtepierre",,,,,,,,,,,,,,0xFF01FE,0x0,0,,,0,-500.0,0.0,,
3306,30,2597,1035,0x40000000,0,0,0,0,0,0,,,"Crête des Follepattes",,,,,,,,,,,,,,0xFF01FE,0x0,0,,,0,-500.0,0.0,,
3317,0,47,1036,0x40200040,0,0,0,0,0,0,,,"Village des Vengebroches",,,,,,,,,,,,,,0xFF01FE,0x0,0,,,0,-500.0,0.0,,
3318,30,2597,1037,0x40000000,0,0,0,0,0,0,,,"Rocher de Durotan",,,,,,,,,,,,,,0xFF01FE,0x0,0,,,0,-500.0,0.0,,
3319,1,331,1038,0x40200040,0,0,0,0,0,0,,,"Bosquet d'Aile-argent",,,,,,,,,,,,,,0xFF01FE,0x0,0,,,0,-500.0,0.0,,
3320,489,3277,1039,0x40000000,0,0,0,0,0,0,,,"Scierie des Chanteguerres",,,,,,,,,,,,,,0xFF01FE,0x0,0,,,0,-500.0,0.0,,
3321,489,3277,1040,0x40000000,0,0,0,0,0,0,,,"Fort d'Aile-argent",,,,,,,,,,,,,,0xFF01FE,0x0,0,,,0,-500.0,0.0,,
3337,30,2597,1041,0x40000000,0,0,0,0,0,0,,,"Caverne des Follepattes",,,,,,,,,,,,,,0xFF01FE,0x0,0,,,0,-500.0,0.0,,
3338,30,2597,1042,0x40000000,0,0,0,0,0,0,,,"La Faille voilée",,,,,,,,,,,,,,0xFF01FE,0x0,0,,,0,-500.0,0.0,,
3357,0,33,1043,0x40000040,0,0,0,245,0,0,,,"Île de Yojamba",,,,,,,,,,,,,,0xFF01FE,0x0,0,,,0,-500.0,0.0,,
3358,529,0,1044,0x4000,0,11,37,219,0,0,,,"Bassin d'Arathi",,,,,,,,,,,,,,0xFF01FE,0x0,0,,,0,-500.0,0.0,,
3377,309,1977,1045,0x40000000,0,0,0,0,0,0,,,"L'Anneau",,,,,,,,,,,,,,0xFF01FE,0x0,0,,,0,-500.0,0.0,,
3378,309,1977,1046,0x40000000,0,0,0,0,0,0,,,"Autel d'Hir'eek",,,,,,,,,,,,,,0xFF01FE,0x0,0,,,0,-500.0,0.0,,
3379,309,1977,1047,0x40000000,0,0,0,0,0,0,,,"Shadra'zaar",,,,,,,,,,,,,,0xFF01FE,0x0,0,,,0,-500.0,0.0,,
3380,309,1977,1048,0x40000000,0,0,0,0,0,0,,,"Terres hakkari",,,,,,,,,,,,,,0xFF01FE,0x0,0,,,0,-500.0,0.0,,
3381,309,1977,1049,0x40000000,0,0,0,0,0,0,,,"Promontoire de Shirvallah",,,,,,,,,,,,,,0xFF01FE,0x0,0,,,0,-500.0,0.0,,
3382,309,1977,1050,0x40000000,0,0,0,0,0,0,,,"Temple de Bethekk",,,,,,,,,,,,,,0xFF01FE,0x0,0,,,0,-500.0,0.0,,
3383,309,1977,1051,0x40000000,0,0,0,245,0,0,,,"Fosse du Sang igné",,,,,,,,,,,,,,0xFF01FE,0x0,0,,,0,-500.0,0.0,,
3384,309,1977,1052,0x40000000,0,0,0,0,0,0,,,"Autel du Dieu sanglant",,,,,,,,,,,,,,0xFF01FE,0x0,0,,,0,-500.0,0.0,,
3397,309,1977,1053,0x40000000,0,0,0,0,0,0,,,"Cime de Zanza",,,,,,,,,,,,,,0xFF01FE,0x0,0,,,0,-500.0,0.0,,
3398,309,1977,1054,0x40000000,0,0,0,0,0,0,,,"Frontière de la folie",,,,,,,,,,,,,,0xFF01FE,0x0,0,,,0,-500.0,0.0,,
3417,529,3358,1055,0x40004000,0,0,0,0,0,0,,,"Manoir de Trollemort",,,,,,,,,,,,,,0xFF01FE,0x0,0,,,0,-500.0,0.0,,
3418,529,3358,1056,0x40004000,0,0,0,0,0,0,,,"L'antre des Profanateurs",,,,,,,,,,,,,,0xFF01FE,0x0,0,,,0,-500.0,0.0,,
3419,309,1977,1057,0x40000000,0,0,0,0,0,0,,,"Pointe de Pagle",,,,,,,,,,,,,,0xFF01FE,0x0,0,,,0,-500.0,0.0,,
3420,529,3358,1058,0x40004000,0,0,0,0,0,0,,,"Ferme",,,,,,,,,,,,,,0xFF01FE,0x0,0,,,0,-500.0,0.0,,
3421,529,3358,1059,0x40004000,0,0,0,0,0,0,,,"Forge",,,,,,,,,,,,,,0xFF01FE,0x0,0,,,0,-500.0,0.0,,
3422,529,3358,1060,0x40004000,0,0,0,0,0,0,,,"Scierie",,,,,,,,,,,,,,0xFF01FE,0x0,0,,,0,-500.0,0.0,,
3423,529,3358,1061,0x40004000,0,0,0,0,0,0,,,"Mine d'or",,,,,,,,,,,,,,0xFF01FE,0x0,0,,,0,-500.0,0.0,,
3424,529,3358,1062,0x40004000,0,0,0,0,0,0,,,"Écuries",,,,,,,,,,,,,,0xFF01FE,0x0,0,,,0,-500.0,0.0,,
3425,1,1377,1063,0x40200040,0,0,0,0,0,55,,,"Fort cénarien",,,,,,,,,,,,,,0xFF01FE,0x0,0,,,0,-500.0,0.0,,
3426,1,1377,1064,0x40000040,0,0,0,0,0,59,,,"Halte de Forteramure",,,,,,,,,,,,,,0xFF01FE,0x0,0,,,0,-500.0,0.0,,
3427,1,1377,1065,0x40000040,0,0,0,0,0,0,,,"Campement de Barbe-de-bronze",,,,,,,,,,,,,,0xFF01FE,0x0,0,,,0,-500.0,0.0,,
3428,531,0,1579,0x4000000,0,0,352,248,0,0,,,"Ahn'Qiraj",,,,,,,,,,,,,,0xFF01FE,0x0,0,,,0,-500.0,0.0,,
3429,509,0,1580,0x0,0,0,352,248,0,0,,,"Ruines d'Ahn'Qiraj",,,,,,,,,,,,,,0xFF01FE,0x0,0,,,0,-500.0,0.0,,
3430,530,0,1581,0x40,0,0,351,268,0,0,,,"Bois des Chants éternels",,,,,,,,,,,,,,0xFF01FE,0x4,0,,,0,-500.0,0.600000023842,,
3431,530,3430,1582,0x40300000,0,0,0,295,0,0,,,"Île de Haut-soleil",,,,,,,,,,,,,,0xFF01FE,0x0,0,,,0,-500.0,0.600000023842,,
3432,530,3430,1583,0x40000000,0,0,0,295,0,0,,,"Sanctuaire de Dath'Remar",,,,,,,,,,,,,,0xFF01FE,0x0,0,,,0,-500.0,0.600000023842,,
3433,530,0,1584,0x40,0,0,364,300,0,0,,,"Les Terres fantômes",,,,,,,,,,,,,,0xFF01FE,0x4,0,,,0,-500.0,0.75,,
3434,531,3428,1072,0x40000000,0,0,0,0,0,0,,,"Terrasse du scarabée",,,,,,,,,,,,,,0xFF01FE,0x0,0,,,0,-500.0,0.0,,
3435,531,3428,1586,0x40000000,0,0,0,0,0,0,,,"Terrasse du général",,,,,,,,,,,,,,0xFF01FE,0x0,0,,,0,-500.0,0.0,,
3436,531,3428,1587,0x40000000,0,0,0,0,0,0,,,"Le réservoir",,,,,,,,,,,,,,0xFF01FE,0x0,0,,,0,-500.0,0.0,,
3437,531,3428,1589,0x40000000,0,0,0,0,0,0,,,"La chambre des œufs",,,,,,,,,,,,,,0xFF01FE,0x0,0,,,0,-500.0,0.0,,
3438,531,3428,1590,0x40000000,0,0,0,0,0,0,,,"Les rayons",,,,,,,,,,,,,,0xFF01FE,0x0,0,,,0,-500.0,0.0,,
3439,531,3428,1077,0x40000000,0,0,0,0,0,0,,,"Terrasse des guetteurs",,,,,,,,,,,,,,0xFF01FE,0x0,0,,,0,-500.0,0.0,,
3440,509,3429,1078,0x40000000,0,0,0,0,0,0,,,"Terrasse du scarabée",,,,,,,,,,,,,,0xFF01FE,0x0,0,,,0,-500.0,0.0,,
3441,509,3429,1079,0x40000000,0,0,0,0,0,0,,,"Terrasse du général",,,,,,,,,,,,,,0xFF01FE,0x0,0,,,0,-500.0,0.0,,
3442,509,3429,1080,0x40000000,0,0,0,0,0,0,,,"Le réservoir",,,,,,,,,,,,,,0xFF01FE,0x0,0,,,0,-500.0,0.0,,
3443,509,3429,1081,0x40000000,0,0,0,0,0,0,,,"La chambre des œufs",,,,,,,,,,,,,,0xFF01FE,0x0,0,,,0,-500.0,0.0,,
3444,509,3429,1082,0x40000000,0,0,0,0,0,0,,,"Les rayons",,,,,,,,,,,,,,0xFF01FE,0x0,0,,,0,-500.0,0.0,,
3445,509,3429,1083,0x40000000,0,0,0,0,0,0,,,"Terrasse des guetteurs",,,,,,,,,,,,,,0xFF01FE,0x0,0,,,0,-500.0,0.0,,
3446,1,1377,1066,0x40000040,0,0,0,0,0,0,,,"Défilé du Crépuscule",,,,,,,,,,,,,,0xFF01FE,0x0,0,,,0,-500.0,0.0,,
3447,1,1377,1067,0x40000040,0,0,0,0,0,0,,,"La planque d'Ortell",,,,,,,,,,,,,,0xFF01FE,0x0,0,,,0,-500.0,0.0,,
3448,509,3429,1068,0x40000000,0,0,0,0,0,0,,,"Terrasse du scarabée",,,,,,,,,,,,,,0xFF01FE,0x0,0,,,0,-500.0,0.0,,
3449,509,3429,1069,0x40000000,0,0,0,0,0,0,,,"Terrasse du général",,,,,,,,,,,,,,0xFF01FE,0x0,0,,,0,-500.0,0.0,,
3450,509,3429,1070,0x40000000,0,0,0,0,0,0,,,"Le réservoir",,,,,,,,,,,,,,0xFF01FE,0x0,0,,,0,-500.0,0.0,,
3451,509,3429,1071,0x40000000,0,0,0,0,0,0,,,"La chambre des œufs",,,,,,,,,,,,,,0xFF01FE,0x0,0,,,0,-500.0,0.0,,
3452,509,3429,1585,0x40000000,0,0,0,0,0,0,,,"Les rayons",,,,,,,,,,,,,,0xFF01FE,0x0,0,,,0,-500.0,0.0,,
3453,509,3429,1073,0x40000000,0,0,0,0,0,0,,,"Terrasse des guetteurs",,,,,,,,,,,,,,0xFF01FE,0x0,0,,,0,-500.0,0.0,,
3454,1,1377,1074,0x40000040,0,0,0,0,0,0,,,"Ruines d'Ahn'Qiraj",,,,,,,,,,,,,,0xFF01FE,0x0,0,,,0,-500.0,0.0,,
3455,530,0,1084,0x40,0,0,24,268,0,0,,,"La mer Boréale",,,,,,,,,,,,,,0xFF01FE,0x4,0,,,0,-500.0,0.600000023842,,
3456,533,0,1588,0x1003,0,0,0,0,0,0,,,"Naxxramas",,,,,,,,,,,,,,0xFF01FE,0x0,0,,,21,-500.0,0.5,,
3457,532,0,1085,0x0,0,0,49,0,0,0,,,"Karazhan",,,,,,,,,,,,,,0xFF01FE,0x0,0,,,0,-500.0,0.600000023842,,
3459,0,0,0,0x200,3,11,0,0,0,0,,,"Capitales",,,,,,,,,,,,,,0xFF01FE,0x0,0,,,0,-500.0,0.0,,
3460,530,3430,1086,0x40000040,0,0,365,0,0,6,,,"Grève dorée",,,,,,,,,,,,,,0xFF01FE,0x0,0,,,0,-500.0,0.600000023842,,
3461,530,3430,1087,0x40000040,0,0,0,0,0,7,,,"Mouillage des Voiles du soleil",,,,,,,,,,,,,,0xFF01FE,0x0,0,,,0,-500.0,0.600000023842,,
3462,530,3430,1088,0x40300040,0,0,0,0,0,6,,,"Brise-clémente",,,,,,,,,,,,,,0xFF01FE,0x0,0,,,0,-500.0,0.600000023842,,
3463,530,3430,1089,0x40000040,0,0,0,0,0,5,,,"Porte du Magistère",,,,,,,,,,,,,,0xFF01FE,0x0,0,,,0,-500.0,0.600000023842,,
3464,530,3430,1090,0x40000040,0,0,0,297,484,7,,,"Retraite des Pérégrins",,,,,,,,,,,,,,0xFF01FE,0x0,0,,,0,-500.0,0.600000023842,,
3465,530,3430,1091,0x40000040,0,0,0,297,0,5,,,"Sanctum septentrional",,,,,,,,,,,,,,0xFF01FE,0x0,0,,,0,-500.0,0.600000023842,,
3466,530,3430,1092,0x40000040,0,0,0,297,0,6,,,"Sanctum occidental",,,,,,,,,,,,,,0xFF01FE,0x0,0,,,0,-500.0,0.600000023842,,
3467,530,3430,1093,0x40000040,0,0,363,297,0,7,,,"Sanctum oriental",,,,,,,,,,,,,,0xFF01FE,0x0,0,,,0,-500.0,0.600000023842,,
3468,530,3430,1094,0x40000040,0,0,0,0,0,7,,,"Havre de Saltheril",,,,,,,,,,,,,,0xFF01FE,0x0,0,,,0,-500.0,0.600000023842,,
3469,530,3430,1095,0x40200040,0,0,0,0,0,5,,,"Écurie de Thuron",,,,,,,,,,,,,,0xFF01FE,0x0,0,,,0,-500.0,0.600000023842,,
3470,530,3430,1096,0x40000040,0,0,0,0,0,6,,,"Étang des Murmures-sereins",,,,,,,,,,,,,,0xFF01FE,0x0,0,,,0,-500.0,0.600000023842,,
3471,530,3430,1097,0x40000040,0,0,0,0,0,9,,,"Le bois vivant",,,,,,,,,,,,,,0xFF01FE,0x0,0,,,0,-500.0,0.600000023842,,
3472,530,3430,1098,0x40000040,0,0,365,0,0,10,,,"Côte de Brise-d'Azur",,,,,,,,,,,,,,0xFF01FE,0x0,0,,,0,-500.0,0.600000023842,,
3473,530,3430,1099,0x40000040,0,0,0,0,0,8,,,"Lac Elrendar",,,,,,,,,,,,,,0xFF01FE,0x0,0,,,0,-500.0,0.600000023842,,
3474,530,3430,1100,0x40000040,0,0,363,0,0,9,,,"Le bosquet incendié",,,,,,,,,,,,,,0xFF01FE,0x0,0,,,0,-500.0,0.600000023842,,
3475,530,3430,1101,0x40000040,0,0,394,0,0,10,,,"Zeb'Watha",,,,,,,,,,,,,,0xFF01FE,0x0,0,,,0,-500.0,0.600000023842,,
3476,530,3430,1102,0x40000040,0,0,394,0,0,10,,,"Tor'Watha",,,,,,,,,,,,,,0xFF01FE,0x0,0,,,0,-500.0,0.600000023842,,
3477,571,0,1103,0x4400,0,0,0,0,0,73,,,"Azjol-Nérub",,,,,,,,,,,,,,0xFF01FE,0x0,0,,,0,-500.0,0.600000023842,,
3478,1,0,1075,0x0,0,0,38,176,0,0,,,"Portes d'Ahn'Qiraj",,,,,,,,,,,,,,0xFF01FE,0x0,0,,,0,-500.0,0.0,,
3479,530,0,1104,0x40,0,0,24,305,0,0,,,"La Mer voilée",,,,,,,,,,,,,,0xFF01FE,0x2,0,,,0,-500.0,0.600000023842,,
3480,530,3430,1105,0x40000040,0,0,365,0,0,9,,,"Terres de Ternesoir",,,,,,,,,,,,,,0xFF01FE,0x0,0,,,0,-500.0,0.600000023842,,
3481,530,3430,1106,0x40000040,0,0,0,0,0,10,,,"Flèche de Ternesoir",,,,,,,,,,,,,,0xFF01FE,0x0,0,,,0,-500.0,0.600000023842,,
3482,530,3430,1107,0x40000040,0,0,363,0,0,5,,,"La Malebrèche",,,,,,,,,,,,,,0xFF01FE,0x0,0,,,0,-500.0,0.600000023842,,
3483,530,0,1108,0x4440,0,0,370,277,0,0,,,"Péninsule des Flammes infernales",,,,,,,,,,,,,,0xFF01FE,0x0,0,,,0,-500.0,0.600000023842,,
3484,530,3430,1109,0x40000000,0,0,0,0,0,0,,,"La flèche solaire",,,,,,,,,,,,,,0xFF01FE,0x0,0,,,0,-500.0,0.600000023842,,
3485,530,3430,1110,0x40000000,0,0,0,295,0,0,,,"Académie de Falthrien",,,,,,,,,,,,,,0xFF01FE,0x0,0,,,0,-500.0,0.600000023842,,
3486,0,36,1076,0x40000040,0,0,0,0,0,30,,,"Manoir de Ravenholdt",,,,,,,,,,,,,,0xFF01FE,0x0,0,,,0,-500.0,0.0,,
3487,530,0,1111,0x200138,0,0,351,296,483,10,,,"Lune-d'argent",,,,,,,,,,,,,,0xFF01FE,0x4,0,,,0,-500.0,0.600000023842,,
3488,530,3433,1112,0x40300040,0,0,0,0,0,10,,,"Tranquillien",,,,,,,,,,,,,,0xFF01FE,0x0,0,,,0,-500.0,0.600000023842,,
3489,530,3433,1113,0x40000040,0,0,0,0,0,10,,,"Solcouronne",,,,,,,,,,,,,,0xFF01FE,0x0,0,,,0,-500.0,0.600000023842,,
3490,530,3433,1114,0x40000040,0,0,392,0,0,11,,,"Brume-d'or",,,,,,,,,,,,,,0xFF01FE,0x0,0,,,0,-500.0,0.600000023842,,
3491,530,3433,1115,0x40000040,0,0,392,0,0,14,,,"Coursevent",,,,,,,,,,,,,,0xFF01FE,0x0,0,,,0,-500.0,0.600000023842,,
3492,530,3433,1116,0x40000040,0,0,392,0,0,16,,,"Flèche de Coursevent",,,,,,,,,,,,,,0xFF01FE,0x0,0,,,0,-500.0,0.600000023842,,
3493,530,3433,1117,0x40200040,0,0,0,297,0,12,,,"Sanctum du Soleil",,,,,,,,,,,,,,0xFF01FE,0x0,0,,,0,-500.0,0.600000023842,,
3494,530,3433,1118,0x40000040,0,0,392,297,0,13,,,"Sanctum de la Lune",,,,,,,,,,,,,,0xFF01FE,0x0,0,,,0,-500.0,0.600000023842,,
3495,530,3433,1119,0x40000040,0,0,0,0,0,14,,,"Flèche d'Aubétoile",,,,,,,,,,,,,,0xFF01FE,0x0,0,,,0,-500.0,0.600000023842,,
3496,530,3433,1120,0x40000040,0,0,0,297,484,14,,,"Enclave des Pérégrins",,,,,,,,,,,,,,0xFF01FE,0x0,0,,,0,-500.0,0.600000023842,,
3497,530,3433,1121,0x40000040,0,0,392,338,0,10,,,"An'daroth",,,,,,,,,,,,,,0xFF01FE,0x0,0,,,0,-500.0,0.600000023842,,
3498,530,3433,1122,0x40000040,0,0,0,338,0,13,,,"An'telas",,,,,,,,,,,,,,0xFF01FE,0x0,0,,,0,-500.0,0.600000023842,,
3499,530,3433,1123,0x40000040,0,0,394,338,0,16,,,"An'owyn",,,,,,,,,,,,,,0xFF01FE,0x0,0,,,0,-500.0,0.600000023842,,
3500,530,3433,1124,0x40000040,0,0,37,301,0,19,,,"Mortholme",,,,,,,,,,,,,,0xFF01FE,0x0,0,,,0,-500.0,0.75,,
3501,530,3433,1125,0x40000040,0,0,392,338,0,18,,,"Ziggourat sanguinolente",,,,,,,,,,,,,,0xFF01FE,0x0,0,,,0,-500.0,0.600000023842,,
3502,530,3433,1126,0x40000040,0,0,0,338,0,18,,,"Ziggourat hurlante",,,,,,,,,,,,,,0xFF01FE,0x0,0,,,0,-500.0,0.600000023842,,
3503,530,3433,1127,0x40000040,0,0,393,343,0,14,,,"Île de Shalandis",,,,,,,,,,,,,,0xFF01FE,0x0,0,,,0,-500.0,0.600000023842,,
3504,530,3433,1128,0x40000040,0,0,0,0,0,10,,,"Domaine de Toryl",,,,,,,,,,,,,,0xFF01FE,0x0,0,,,0,-500.0,0.600000023842,,
3505,530,3433,1129,0x40000040,0,0,392,338,0,13,,,"Mines de Terradiance",,,,,,,,,,,,,,0xFF01FE,0x0,0,,,0,-500.0,0.600000023842,,
3506,530,3433,1130,0x40000040,0,0,0,0,0,15,,,"Domaine d'Andilien",,,,,,,,,,,,,,0xFF01FE,0x0,0,,,0,-500.0,0.600000023842,,
3507,530,3433,1131,0x40040040,0,0,394,338,0,11,,,"Collines de la Cognée",,,,,,,,,,,,,,0xFF01FE,0x0,0,,,0,-500.0,0.600000023842,,
3508,530,3433,1132,0x40040040,0,0,394,0,0,18,,,"Passage des Amani",,,,,,,,,,,,,,0xFF01FE,0x0,0,,,0,-500.0,0.600000023842,,
3509,530,3433,1133,0x40000040,0,0,0,338,0,10,,,"Pic de Frôle-soleil",,,,,,,,,,,,,,0xFF01FE,0x0,0,,,0,-500.0,0.600000023842,,
3510,530,3433,1134,0x40000040,0,0,0,338,0,15,,,"Catacombes des Amani",,,,,,,,,,,,,,0xFF01FE,0x0,0,,,0,-500.0,0.600000023842,,
3511,530,3433,1135,0x40000040,0,0,0,0,0,20,,,"Tour des damnés",,,,,,,,,,,,,,0xFF01FE,0x0,0,,,0,-500.0,0.600000023842,,
3512,530,3433,1136,0x40000040,0,0,394,0,0,11,,,"Zeb'Sora",,,,,,,,,,,,,,0xFF01FE,0x0,0,,,0,-500.0,0.600000023842,,
3513,530,3433,1137,0x40000040,0,0,0,0,0,13,,,"Lac Elrendar",,,,,,,,,,,,,,0xFF01FE,0x0,0,,,0,-500.0,0.600000023842,,
3514,530,3433,1138,0x40000040,0,0,363,0,0,10,,,"La Malebrèche",,,,,,,,,,,,,,0xFF01FE,0x0,0,,,0,-500.0,0.600000023842,,
3515,530,3433,1139,0x40000040,0,0,0,0,0,11,,,"L'Elrendar",,,,,,,,,,,,,,0xFF01FE,0x0,0,,,0,-500.0,0.600000023842,,
3516,530,3433,1140,0x40000040,0,0,394,0,0,17,,,"Zeb'Tela",,,,,,,,,,,,,,0xFF01FE,0x0,0,,,0,-500.0,0.600000023842,,
3517,530,3433,1141,0x40000040,0,0,394,0,0,18,,,"Zeb'Nowa",,,,,,,,,,,,,,0xFF01FE,0x0,0,,,0,-500.0,0.600000023842,,
3518,530,0,1142,0x4440,0,0,369,267,0,0,,,"Nagrand",,,,,,,,,,,,,,0xFF01FE,0x0,0,,,0,-500.0,0.5,,
3519,530,0,1143,0x4440,0,0,368,270,0,0,,,"Forêt de Terokkar",,,,,,,,,,,,,,0xFF01FE,0x0,0,,,0,-500.0,0.600000023842,,
3520,530,0,1144,0x4440,0,0,405,273,0,0,,,"Vallée d'Ombrelune",,,,,,,,,,,,,,0xFF01FE,0x0,0,,,0,-500.0,0.5,,
3521,530,0,1145,0x4440,0,0,400,269,0,0,,,"Marécage de Zangar",,,,,,,,,,,,,,0xFF01FE,0x0,0,,,0,-500.0,0.75,,
3522,530,0,1146,0x4440,0,0,406,266,0,0,,,"Les Tranchantes",,,,,,,,,,,,,,0xFF01FE,0x0,0,,,0,-500.0,0.300000011921,,
3523,530,0,1147,0x4440,0,0,401,272,0,0,,,"Raz-de-Néant",,,,,,,,,,,,,,0xFF01FE,0x0,0,,,0,-500.0,0.5,,
3524,530,0,1148,0x40,0,0,366,305,0,0,,,"Île de Brume-azur",,,,,,,,,,,,,,0xFF01FE,0x2,0,,,0,-500.0,0.600000023842,,
3525,530,0,1149,0x40,0,0,397,276,0,0,,,"Île de Brume-sang",,,,,,,,,,,,,,0xFF01FE,0x2,0,,,0,-500.0,0.600000023842,,
3526,530,3524,1150,0x40200010,0,0,366,274,0,0,,,"Val d'Ammen",,,,,,,,,,,,,,0xFF01FE,0x0,0,,,0,-500.0,0.600000023842,,
3527,530,3524,1151,0x40100010,0,0,376,274,0,0,,,"Point d'impact",,,,,,,,,,,,,,0xFF01FE,0x0,0,,,0,-500.0,0.600000023842,,
3528,530,3524,1152,0x40000000,0,0,0,274,0,0,,,"Lac Rivargent",,,,,,,,,,,,,,0xFF01FE,0x0,0,,,0,-500.0,0.600000023842,,
3529,530,3524,1153,0x40000000,0,0,0,308,0,0,,,"Fourré des Nidebois",,,,,,,,,,,,,,0xFF01FE,0x0,0,,,0,-500.0,0.600000023842,,
3530,530,3524,1154,0x40000000,0,0,0,309,0,0,,,"Ombrecrête",,,,,,,,,,,,,,0xFF01FE,0x0,0,,,0,-500.0,0.600000023842,,
3531,530,3430,1155,0x40000040,0,0,395,0,0,5,,,"Allée de la rôdaille",,,,,,,,,,,,,,0xFF01FE,0x0,0,,,0,-500.0,0.600000023842,,
3532,530,3430,1156,0x40000040,0,0,395,297,483,5,,,"Allée du Point-du-jour",,,,,,,,,,,,,,0xFF01FE,0x0,0,,,0,-500.0,0.600000023842,,
3533,530,3430,1157,0x40000040,0,0,395,298,0,5,,,"Ruines de Lune-d'argent",,,,,,,,,,,,,,0xFF01FE,0x0,0,,,0,-500.0,0.600000023842,,
3534,530,3430,1158,0x40000040,0,0,395,298,0,5,,,"Voie de Feth",,,,,,,,,,,,,,0xFF01FE,0x0,0,,,0,-500.0,0.600000023842,,
3535,540,0,1159,0x0,0,0,0,0,0,0,,,"Citadelle des Flammes infernales",,,,,,,,,,,,,,0xFF01FE,0x0,0,,,0,-500.0,0.600000023842,,
3536,530,3483,1160,0x40204440,0,0,0,342,0,0,,,"Thrallmar",,,,,,,,,,,,,,0xFF01FE,0x0,0,,,0,-500.0,0.600000023842,,
3537,571,0,1161,0x4441,0,0,438,413,0,0,,,"Toundra Boréenne",,,,,,,,,,,,,,0xFF01FE,0x0,0,,,0,-500.0,0.600000023842,,
3538,530,3483,1162,0x40204440,0,0,0,279,0,0,,,"Bastion de l'Honneur",,,,,,,,,,,,,,0xFF01FE,0x0,0,,,0,-500.0,0.600000023842,,
3539,530,3483,1163,0x40004C00,0,0,0,0,473,58,,,"L'escalier du Destin",,,,,,,,,,,,,,0xFF01FE,0x0,0,,,0,-500.0,0.600000023842,,
3540,530,0,1164,0x4400,0,0,370,0,0,0,,,"Le Néant distordu",,,,,,,,,,,,,,0xFF01FE,0x0,0,,,0,-500.0,0.600000023842,,
3541,530,3483,1165,0x40004440,0,0,0,0,487,61,,,"Camp de forge : Mageddon",,,,,,,,,,,,,,0xFF01FE,0x0,0,,,0,-500.0,0.600000023842,,
3542,530,3483,1166,0x40004440,0,0,0,0,472,58,,,"Le sentier de la Gloire",,,,,,,,,,,,,,0xFF01FE,0x0,0,,,0,-500.0,0.600000023842,,
3543,530,3483,1167,0x40004440,0,0,0,0,479,61,,,"La Grande fissure",,,,,,,,,,,,,,0xFF01FE,0x0,0,,,0,-500.0,0.600000023842,,
3544,530,3483,1168,0x40004440,0,0,0,0,0,61,,,"Plaine des éclats",,,,,,,,,,,,,,0xFF01FE,0x0,0,,,0,-500.0,0.600000023842,,
3545,530,3483,1169,0x40004440,0,0,0,0,0,62,,,"Citadelle des Flammes infernales",,,,,,,,,,,,,,0xFF01FE,0x0,0,,,0,-500.0,0.600000023842,,
3546,530,3483,1170,0x40004440,0,0,0,0,475,59,,,"Armurerie de l'expédition",,,,,,,,,,,,,,0xFF01FE,0x0,0,,,0,-500.0,0.600000023842,,
3547,530,3483,1171,0x40004440,0,0,0,0,489,70,,,"Trône de Kil'jaeden",,,,,,,,,,,,,,0xFF01FE,0x0,0,,,0,-500.0,0.600000023842,,
3548,530,3483,1172,0x40004440,0,0,0,0,488,60,,,"Camp de forge : Rage",,,,,,,,,,,,,,0xFF01FE,0x0,0,,,0,-500.0,0.600000023842,,
3549,530,3483,1173,0x40004440,0,0,0,0,487,60,,,"Site d'invasion : Annihilateur",,,,,,,,,,,,,,0xFF01FE,0x0,0,,,0,-500.0,0.600000023842,,
3550,530,3483,1174,0x40004440,0,0,0,0,0,58,,,"Ruines de Borune",,,,,,,,,,,,,,0xFF01FE,0x0,0,,,0,-500.0,0.600000023842,,
3551,530,3483,1175,0x40004440,0,0,0,0,471,62,,,"Ruines de Sha'naar",,,,,,,,,,,,,,0xFF01FE,0x0,0,,,0,-500.0,0.600000023842,,
3552,530,3483,1176,0x40204440,0,0,0,310,0,0,,,"Temple de Telhamat",,,,,,,,,,,,,,0xFF01FE,0x0,0,,,0,-500.0,0.600000023842,,
3553,530,3483,1177,0x40004440,0,0,0,0,471,61,,,"Bassins d'Aggonar",,,,,,,,,,,,,,0xFF01FE,0x0,0,,,0,-500.0,0.600000023842,,
3554,530,3483,1178,0x40204440,0,0,0,309,0,0,,,"Guet de l'épervier",,,,,,,,,,,,,,0xFF01FE,0x0,0,,,0,-500.0,0.600000023842,,
3555,530,3483,1179,0x40004440,0,0,0,0,503,0,,,"Poste Mag'har",,,,,,,,,,,,,,0xFF01FE,0x0,0,,,0,-500.0,0.600000023842,,
3556,530,3483,1180,0x40004440,0,0,0,0,480,62,,,"Tanière des Haal'esh",,,,,,,,,,,,,,0xFF01FE,0x0,0,,,0,-500.0,0.600000023842,,
3557,530,0,1181,0x200138,0,0,366,305,0,10,,,"L'Exodar",,,,,,,,,,,,,,0xFF01FE,0x2,0,,,0,-5000.0,0.600000023842,,
3558,530,3430,1182,0x40000040,0,0,0,0,0,7,,,"Chutes de l'Elrendar",,,,,,,,,,,,,,0xFF01FE,0x0,0,,,0,-500.0,0.600000023842,,
3559,530,3524,1183,0x40000000,0,0,0,308,0,0,,,"Collines des Nidebois",,,,,,,,,,,,,,0xFF01FE,0x0,0,,,0,-500.0,0.600000023842,,
3560,530,3524,1184,0x40000010,0,0,0,274,0,0,,,"Champs d'Ammen",,,,,,,,,,,,,,0xFF01FE,0x0,0,,,0,-500.0,0.600000023842,,
3561,530,3524,1185,0x40000040,0,0,0,274,0,0,,,"Le Bosquet sacré",,,,,,,,,,,,,,0xFF01FE,0x0,0,,,0,-500.0,0.600000023842,,
3562,543,0,1186,0x0,0,0,370,293,0,0,,,"Remparts des Flammes infernales",,,,,,,,,,,,,,0xFF01FE,0x0,0,,,0,-500.0,0.40000000596,,
3563,543,3562,1187,0x40000000,0,0,0,0,0,0,,,"Citadelle des Flammes infernales",,,,,,,,,,,,,,0xFF01FE,0x0,0,,,0,-500.0,0.600000023842,,
3564,530,3524,1188,0x40000040,0,0,0,0,0,0,,,"Clairière de braise",,,,,,,,,,,,,,0xFF01FE,0x0,0,,,0,-500.0,0.600000023842,,
3565,530,3521,1189,0x40204440,0,0,0,0,494,0,,,"Refuge cénarien",,,,,,,,,,,,,,0xFF01FE,0x0,0,,,0,-500.0,0.600000023842,,
3566,530,3524,1190,0x40000040,0,0,0,308,0,10,,,"Tanière Aile-de-lune",,,,,,,,,,,,,,0xFF01FE,0x0,0,,,0,-500.0,0.600000023842,,
3567,530,3524,1191,0x40000040,0,0,0,0,0,6,,,"Grappe de capsules",,,,,,,,,,,,,,0xFF01FE,0x0,0,,,0,-500.0,0.600000023842,,
3568,530,3524,1192,0x40000040,0,0,0,0,0,6,,,"Débris de capsule",,,,,,,,,,,,,,0xFF01FE,0x0,0,,,0,-500.0,0.600000023842,,
3569,530,3524,1193,0x40000040,0,0,0,275,0,7,,,"Creux des marées",,,,,,,,,,,,,,0xFF01FE,0x0,0,,,0,-500.0,0.600000023842,,
3570,530,3524,1194,0x40000040,0,0,0,275,0,6,,,"Cap des Irécailles",,,,,,,,,,,,,,0xFF01FE,0x0,0,,,0,-500.0,0.600000023842,,
3571,530,3524,1195,0x40000040,0,0,0,308,0,8,,,"Village des Bras-hirsutes",,,,,,,,,,,,,,0xFF01FE,0x0,0,,,0,-500.0,0.600000023842,,
3572,530,3524,1196,0x40000040,0,0,0,308,0,7,,,"Repaire des Calmepins",,,,,,,,,,,,,,0xFF01FE,0x0,0,,,0,-500.0,0.600000023842,,
3573,530,3524,1197,0x40200040,0,0,0,279,0,6,,,"Point d'accostage d'Odesyus",,,,,,,,,,,,,,0xFF01FE,0x0,0,,,0,-500.0,0.600000023842,,
3574,530,3524,1198,0x40000040,0,0,0,0,0,0,,,"Amarrage de Valaar",,,,,,,,,,,,,,0xFF01FE,0x0,0,,,0,-500.0,0.600000023842,,
3575,530,3524,1199,0x40000040,0,0,0,0,0,10,,,"Rivage envasé",,,,,,,,,,,,,,0xFF01FE,0x0,0,,,0,-500.0,0.600000023842,,
3576,530,3524,1200,0x40300040,0,0,0,0,0,5,,,"Guet d'azur",,,,,,,,,,,,,,0xFF01FE,0x0,0,,,0,-500.0,0.600000023842,,
3577,530,3524,1201,0x40000040,0,0,0,0,0,6,,,"Camp de Geezle",,,,,,,,,,,,,,0xFF01FE,0x0,0,,,0,-500.0,0.600000023842,,
3578,530,3524,1202,0x40000040,0,0,0,0,0,8,,,"Débris de la ménagerie",,,,,,,,,,,,,,0xFF01FE,0x0,0,,,0,-500.0,0.600000023842,,
3579,530,3524,1203,0x40000040,0,0,0,0,0,9,,,"Crique du traître",,,,,,,,,,,,,,0xFF01FE,0x0,0,,,0,-500.0,0.600000023842,,
3580,530,3524,1204,0x40000040,0,0,0,0,0,9,,,"Pic Vent-sauvage",,,,,,,,,,,,,,0xFF01FE,0x0,0,,,0,-500.0,0.600000023842,,
3581,530,3524,1205,0x40000040,0,0,0,0,0,8,,,"Sentier du Vent-sauvage",,,,,,,,,,,,,,0xFF01FE,0x0,0,,,0,-500.0,0.600000023842,,
3582,530,3483,1206,0x40004440,0,0,0,0,502,60,,,"Zeth'Gor",,,,,,,,,,,,,,0xFF01FE,0x0,0,,,0,-500.0,0.600000023842,,
3583,530,3525,1207,0x40000040,0,0,0,0,0,10,,,"La côte de Béryl",,,,,,,,,,,,,,0xFF01FE,0x0,0,,,0,-500.0,0.600000023842,,
3584,530,3525,1208,0x40300040,0,0,0,0,0,10,,,"Guet du sang",,,,,,,,,,,,,,0xFF01FE,0x0,0,,,0,-500.0,0.600000023842,,
3585,530,3525,1209,0x40000040,0,0,0,0,0,14,,,"Bois des Lames",,,,,,,,,,,,,,0xFF01FE,0x0,0,,,0,-500.0,0.600000023842,,
3586,530,3525,1210,0x40000040,0,0,0,0,0,19,,,"La bobine vectorielle",,,,,,,,,,,,,,0xFF01FE,0x0,0,,,0,-500.0,0.600000023842,,
3587,530,3525,1211,0x40000040,0,0,0,0,0,15,,,"Le piston de distorsion",,,,,,,,,,,,,,0xFF01FE,0x0,0,,,0,-500.0,0.600000023842,,
3588,530,3525,1212,0x40000040,0,0,0,0,0,16,,,"Le cryocœur",,,,,,,,,,,,,,0xFF01FE,0x0,0,,,0,-500.0,0.600000023842,,
3589,530,3525,1213,0x40000040,0,0,0,275,0,13,,,"Les confins cramoisis",,,,,,,,,,,,,,0xFF01FE,0x0,0,,,0,-500.0,0.600000023842,,
3590,530,3525,1214,0x40000040,0,0,0,275,0,12,,,"Repaire des Irécailles",,,,,,,,,,,,,,0xFF01FE,0x0,0,,,0,-500.0,0.600000023842,,
3591,530,3525,1215,0x40000040,0,0,0,275,0,13,,,"Ruines de Loreth'Aran",,,,,,,,,,,,,,0xFF01FE,0x0,0,,,0,-500.0,0.600000023842,,
3592,530,3525,1216,0x40000040,0,0,0,0,0,13,,,"Nazzivian",,,,,,,,,,,,,,0xFF01FE,0x0,0,,,0,-500.0,0.600000023842,,
3593,530,3525,1217,0x40000040,0,0,0,0,0,16,,,"Axxarien",,,,,,,,,,,,,,0xFF01FE,0x0,0,,,0,-500.0,0.600000023842,,
3594,530,3525,1218,0x40000040,0,0,0,0,0,12,,,"Le rivage des Vase-noire",,,,,,,,,,,,,,0xFF01FE,0x0,0,,,0,-500.0,0.600000023842,,
3595,530,3525,1219,0x40000040,0,0,0,0,0,17,,,"Le bassin souillé",,,,,,,,,,,,,,0xFF01FE,0x0,0,,,0,-500.0,0.600000023842,,
3596,530,3525,1220,0x40000040,0,0,0,0,0,16,,,"Le récif caché",,,,,,,,,,,,,,0xFF01FE,0x0,0,,,0,-500.0,0.600000023842,,
3597,530,3525,1221,0x40000040,0,0,0,0,0,17,,,"Passe d'Ambretoile",,,,,,,,,,,,,,0xFF01FE,0x0,0,,,0,-500.0,0.600000023842,,
3598,530,3525,1222,0x40000040,0,0,0,0,0,17,,,"Île Balafre-du-ver",,,,,,,,,,,,,,0xFF01FE,0x0,0,,,0,-500.0,0.600000023842,,
3599,530,3525,1223,0x40000040,0,0,0,0,0,0,,,"Le lieu des serres",,,,,,,,,,,,,,0xFF01FE,0x0,0,,,0,-500.0,0.600000023842,,
3600,530,3525,1224,0x40000040,0,0,0,0,0,10,,,"L'enclave des Bras-hirsutes",,,,,,,,,,,,,,0xFF01FE,0x0,0,,,0,-500.0,0.600000023842,,
3601,530,3525,1225,0x40000040,0,0,0,0,0,14,,,"Crête des Rageplumes",,,,,,,,,,,,,,0xFF01FE,0x0,0,,,0,-500.0,0.600000023842,,
3602,530,3525,1226,0x40200040,0,0,0,0,0,0,,,"La croisée de Kessel",,,,,,,,,,,,,,0xFF01FE,0x0,0,,,0,-500.0,0.600000023842,,
3603,530,3525,1227,0x40000040,0,0,0,0,0,0,,,"Camp de Tel'athion",,,,,,,,,,,,,,0xFF01FE,0x0,0,,,0,-500.0,0.600000023842,,
3604,530,3525,1228,0x40000040,0,0,0,0,0,9,,,"Le récif du sang maudit",,,,,,,,,,,,,,0xFF01FE,0x0,0,,,0,-500.0,0.600000023842,,
3605,560,0,1229,0x40,0,0,410,320,521,0,,,"Passé d'Hyjal",,,,,,,,,,,,,,0xFF01FE,0x0,0,,,0,-500.0,0.600000023842,,
3606,534,0,1230,0x0,0,0,410,349,0,0,,,"Sommet d'Hyjal",,,,,,,,,,,,,,0xFF01FE,0x0,61,,,0,-500.0,0.600000023842,,
3607,548,0,1231,0x0,0,0,0,0,0,0,,,"Caverne du sanctuaire du Serpent",,,,,,,,,,,,,,0xFF01FE,0x0,41,,,0,-5000.0,0.600000023842,,
3608,530,3525,1232,0x40000040,0,0,0,0,0,0,,,"Repos du redresseur de torts",,,,,,,,,,,,,,0xFF01FE,0x0,0,,,0,-500.0,0.600000023842,,
3609,530,3518,1233,0x40004440,0,0,0,0,0,0,,,"Inutilisé3",,,,,,,,,,,,,,0xFF01FE,0x0,0,,,0,-500.0,0.600000023842,,
3610,530,3518,1234,0x40004440,0,0,0,0,508,64,,,"Ruines de la Lame ardente",,,,,,,,,,,,,,0xFF01FE,0x0,0,,,0,-500.0,0.600000023842,,
3611,530,3518,1235,0x40004440,0,0,0,0,0,64,,,"Guet des clans",,,,,,,,,,,,,,0xFF01FE,0x0,0,,,0,-500.0,0.600000023842,,
3612,530,3525,1236,0x40000040,0,0,0,275,470,16,,,"Île du sang maudit",,,,,,,,,,,,,,0xFF01FE,0x0,0,,,0,-500.0,0.600000023842,,
3613,530,3518,1237,0x40204440,0,0,0,278,0,0,,,"Garadar",,,,,,,,,,,,,,0xFF01FE,0x0,0,,,0,-500.0,0.600000023842,,
3614,530,3518,1238,0x40004440,0,0,0,0,0,64,,,"Lac Chanteciel",,,,,,,,,,,,,,0xFF01FE,0x0,0,,,0,-500.0,0.600000023842,,
3615,530,3518,1239,0x40004440,0,0,0,0,0,65,,,"Trône des éléments",,,,,,,,,,,,,,0xFF01FE,0x0,0,,,0,-500.0,0.600000023842,,
3616,530,3518,1240,0x40004440,0,0,0,0,508,64,,,"Ruines du Crâne ricanant",,,,,,,,,,,,,,0xFF01FE,0x0,0,,,0,-500.0,0.600000023842,,
3617,530,3518,1241,0x40004440,0,0,0,0,508,66,,,"Colline des Cogneguerre",,,,,,,,,,,,,,0xFF01FE,0x0,0,,,0,-500.0,0.600000023842,,
3618,530,3518,1242,0x40004440,0,0,0,0,0,0,,,"Repaire de Gruul",,,,,,,,,,,,,,0xFF01FE,0x0,0,,,0,-500.0,0.600000023842,,
3619,530,3518,1243,0x40004440,0,0,0,0,0,64,,,"Crête d'Auren",,,,,,,,,,,,,,0xFF01FE,0x0,0,,,0,-500.0,0.600000023842,,
3620,530,3518,1244,0x40004440,0,0,0,0,0,0,,,"Chutes d'Auren",,,,,,,,,,,,,,0xFF01FE,0x0,0,,,0,-500.0,0.600000023842,,
3621,530,3518,1245,0x40004440,0,0,0,0,0,65,,,"Lac Berceau-de-l'Été",,,,,,,,,,,,,,0xFF01FE,0x0,0,,,0,-500.0,0.600000023842,,
3622,530,3518,1246,0x40004440,0,0,0,310,519,0,,,"Poste de Berceau-de-l'Été",,,,,,,,,,,,,,0xFF01FE,0x0,0,,,0,-500.0,0.600000023842,,
3623,530,3518,1247,0x40004440,0,0,0,0,0,0,,,"Point d'ancrage Aeris",,,,,,,,,,,,,,0xFF01FE,0x0,0,,,0,-500.0,0.600000023842,,
3624,530,3518,1248,0x40004440,0,0,0,0,488,66,,,"Camp de forge : Peur",,,,,,,,,,,,,,0xFF01FE,0x0,0,,,0,-500.0,0.600000023842,,
3625,530,3518,1249,0x40004440,0,0,0,0,487,66,,,"Camp de forge : Haine",,,,,,,,,,,,,,0xFF01FE,0x0,0,,,0,-500.0,0.600000023842,,
3626,530,3518,1250,0x40204440,0,0,0,310,0,0,,,"Telaar",,,,,,,,,,,,,,0xFF01FE,0x0,0,,,0,-500.0,0.600000023842,,
3627,530,3518,1251,0x40004440,0,0,0,0,0,65,,,"Faille de Norsevent",,,,,,,,,,,,,,0xFF01FE,0x0,0,,,0,-500.0,0.600000023842,,
3628,530,3518,1252,0x4000C440,0,0,0,0,0,0,,,"Halaa",,,,,,,,,,,,,,0xFF01FE,0x0,0,,,0,-500.0,0.600000023842,,
3629,530,3518,1253,0x40004440,0,0,0,0,0,65,,,"Faille de Sudevent",,,,,,,,,,,,,,0xFF01FE,0x0,0,,,0,-500.0,0.600000023842,,
3630,530,3518,1254,0x40004440,0,0,0,0,0,65,,,"Oshu'gun",,,,,,,,,,,,,,0xFF01FE,0x0,0,,,0,-500.0,0.600000023842,,
3631,530,3518,1255,0x40004440,0,0,0,0,500,65,,,"Champs des esprits",,,,,,,,,,,,,,0xFF01FE,0x0,0,,,0,-500.0,0.600000023842,,
3632,530,3518,1256,0x40004440,0,0,0,0,0,0,,,"Shamanar",,,,,,,,,,,,,,0xFF01FE,0x0,0,,,0,-500.0,0.600000023842,,
3633,530,3518,1257,0x40004440,0,0,0,0,506,66,,,"Terres ancestrales",,,,,,,,,,,,,,0xFF01FE,0x0,0,,,0,-500.0,0.600000023842,,
3634,530,3518,1258,0x40004440,0,0,0,0,0,64,,,"Ventejonc",,,,,,,,,,,,,,0xFF01FE,0x0,0,,,0,-500.0,0.600000023842,,
3635,530,3518,1259,0x40004440,0,0,0,0,0,0,,,"Inutilisé2",,,,,,,,,,,,,,0xFF01FE,0x0,0,,,0,-500.0,0.600000023842,,
3636,530,3518,1260,0x40004440,0,0,0,0,0,69,,,"Plateau élémentaire",,,,,,,,,,,,,,0xFF01FE,0x0,0,,,0,-500.0,0.600000023842,,
3637,530,3518,1261,0x40004440,0,0,0,0,505,65,,,"Forteresse Kil'sorrau",,,,,,,,,,,,,,0xFF01FE,0x0,0,,,0,-500.0,0.600000023842,,
3638,530,3518,1262,0x40004440,0,0,0,0,0,64,,,"L'arène des épreuves",,,,,,,,,,,,,,0xFF01FE,0x0,0,,,0,-500.0,0.600000023842,,
3639,530,3524,1263,0x40000040,0,0,0,0,0,0,,,"Île de Brume-argent",,,,,,,,,,,,,,0xFF01FE,0x0,0,,,0,-500.0,0.600000023842,,
3640,530,3521,1264,0x40004440,0,0,0,0,0,62,,,"Tourbedague",,,,,,,,,,,,,,0xFF01FE,0x0,0,,,0,-500.0,0.600000023842,,
3641,530,3521,1265,0x40004440,0,0,0,0,0,60,,,"Umbretourbe",,,,,,,,,,,,,,0xFF01FE,0x0,0,,,0,-500.0,0.600000023842,,
3642,530,3521,1266,0x40004440,0,0,0,0,0,61,,,"Tourbe-farouche",,,,,,,,,,,,,,0xFF01FE,0x0,0,,,0,-500.0,0.600000023842,,
3643,530,3521,1267,0x40004440,0,0,0,0,0,63,,,"Enclave des écailles-sanglantes",,,,,,,,,,,,,,0xFF01FE,0x0,0,,,0,-500.0,0.600000023842,,
3644,530,3521,1268,0x40204440,0,0,0,310,0,0,,,"Telredor",,,,,,,,,,,,,,0xFF01FE,0x0,0,,,0,-500.0,0.600000023842,,
3645,530,3521,1269,0x40204440,0,0,0,278,0,0,,,"Zabra'jin",,,,,,,,,,,,,,0xFF01FE,0x0,0,,,0,-500.0,0.600000023842,,
3646,530,3521,1270,0x40004440,0,0,0,0,0,63,,,"Crête des boues",,,,,,,,,,,,,,0xFF01FE,0x0,0,,,0,-500.0,0.600000023842,,
3647,530,3521,1271,0x40004440,0,0,404,0,489,62,,,"Le vallon des pontes",,,,,,,,,,,,,,0xFF01FE,0x0,0,,,0,-500.0,0.600000023842,,
3648,530,3521,1272,0x40004440,0,0,403,0,0,61,,,"La Morte-bourbe",,,,,,,,,,,,,,0xFF01FE,0x0,0,,,0,-500.0,0.600000023842,,
3649,530,3521,1273,0x40204440,0,0,0,0,0,0,,,"Sporeggar",,,,,,,,,,,,,,0xFF01FE,0x0,0,,,0,-500.0,0.600000023842,,
3650,530,3521,1274,0x40004440,0,0,403,0,0,62,,,"Terres Ango'rosh",,,,,,,,,,,,,,0xFF01FE,0x0,0,,,0,-500.0,0.600000023842,,
3651,530,3521,1275,0x40004440,0,0,403,0,510,63,,,"Bastion Ango'rosh",,,,,,,,,,,,,,0xFF01FE,0x0,0,,,0,-500.0,0.600000023842,,
3652,530,3521,1276,0x40004440,0,0,0,0,0,61,,,"Caverne de Funggor",,,,,,,,,,,,,,0xFF01FE,0x0,0,,,0,-500.0,0.600000023842,,
3653,530,3521,1277,0x40004440,0,0,0,0,0,62,,,"Lac des Serpents",,,,,,,,,,,,,,0xFF01FE,0x0,0,,,0,-500.0,0.600000023842,,
3654,530,3521,1278,0x40004440,0,0,0,0,0,63,,,"La Vidange",,,,,,,,,,,,,,0xFF01FE,0x0,0,,,0,-500.0,0.600000023842,,
3655,530,3521,1279,0x40004440,0,0,0,0,0,60,,,"Lac Umbretourbe",,,,,,,,,,,,,,0xFF01FE,0x0,0,,,0,-500.0,0.600000023842,,
3656,530,3521,1280,0x40004440,0,0,0,0,0,62,,,"Lac des furoles",,,,,,,,,,,,,,0xFF01FE,0x0,0,,,0,-500.0,0.600000023842,,
3657,530,3521,1281,0x40004440,0,0,0,0,475,0,,,"Clairière du portail",,,,,,,,,,,,,,0xFF01FE,0x0,0,,,0,-500.0,0.600000023842,,
3658,530,3521,1282,0x40004440,0,0,0,0,0,62,,,"Lac Ventespore",,,,,,,,,,,,,,0xFF01FE,0x0,0,,,0,-500.0,0.600000023842,,
3659,530,3521,1283,0x40004440,0,0,0,0,0,60,,,"Le Lagon",,,,,,,,,,,,,,0xFF01FE,0x0,0,,,0,-500.0,0.600000023842,,
3660,530,3521,1284,0x40004440,0,0,0,0,0,0,,,"Défilé des lames",,,,,,,,,,,,,,0xFF01FE,0x0,0,,,0,-500.0,0.600000023842,,
3661,530,3521,1285,0x40004440,0,0,0,0,0,0,,,"Canyon de Lamecroc",,,,,,,,,,,,,,0xFF01FE,0x0,0,,,0,-500.0,0.600000023842,,
3662,530,3430,1286,0x40000040,0,0,0,0,0,0,,,"Communs",,,,,,,,,,,,,,0xFF01FE,0x0,0,,,0,-500.0,0.600000023842,,
3663,530,3430,1287,0x40000040,0,0,0,0,0,0,,,"Manoir abandonné",,,,,,,,,,,,,,0xFF01FE,0x0,0,,,0,-500.0,0.600000023842,,
3664,530,3430,1288,0x40000040,0,0,0,0,0,0,,,"Chasseresse du soleil",,,,,,,,,,,,,,0xFF01FE,0x0,0,,,0,-500.0,0.600000023842,,
3665,530,3430,1289,0x40300040,0,0,0,0,0,6,,,"Place de l'Épervier",,,,,,,,,,,,,,0xFF01FE,0x0,0,,,0,-500.0,0.600000023842,,
3666,530,3518,1290,0x40004440,0,0,0,0,0,64,,,"Bassin halaani",,,,,,,,,,,,,,0xFF01FE,0x0,0,,,0,-500.0,0.600000023842,,
3667,530,3521,1291,0x40004440,0,0,0,0,0,62,,,"Tourbière taillée",,,,,,,,,,,,,,0xFF01FE,0x0,0,,,0,-500.0,0.600000023842,,
3668,530,3521,1292,0x40004440,0,0,0,0,0,62,,,"Ruines de Boha'mu",,,,,,,,,,,,,,0xFF01FE,0x0,0,,,0,-500.0,0.600000023842,,
3669,530,3483,1293,0x4000C440,0,0,0,0,479,0,,,"Le Stade",,,,,,,,,,,,,,0xFF01FE,0x0,0,,,0,-500.0,0.600000023842,,
3670,530,3483,1294,0x4000C440,0,0,0,0,478,0,,,"Le Surplomb",,,,,,,,,,,,,,0xFF01FE,0x0,0,,,0,-500.0,0.600000023842,,
3671,530,3483,1295,0x4000C440,0,0,0,0,478,58,,,"Colline brisée",,,,,,,,,,,,,,0xFF01FE,0x0,0,,,0,-500.0,0.600000023842,,
3672,530,3518,1296,0x40004440,0,0,0,0,0,0,,,"Procession Mag'hari",,,,,,,,,,,,,,0xFF01FE,0x0,0,,,0,-500.0,0.600000023842,,
3673,530,3518,1297,0x40004440,0,0,0,0,0,64,,,"Safari de Nesingwary",,,,,,,,,,,,,,0xFF01FE,0x0,0,,,0,-500.0,0.600000023842,,
3674,530,3519,1298,0x40004440,0,0,0,0,495,62,,,"Fourré cénarien",,,,,,,,,,,,,,0xFF01FE,0x0,0,,,0,-500.0,0.600000023842,,
3675,530,3519,1299,0x40004440,0,0,0,310,519,62,,,"Tuurem",,,,,,,,,,,,,,0xFF01FE,0x0,0,,,0,-500.0,0.600000023842,,
3676,530,3519,1300,0x40004440,0,0,0,0,480,62,,,"Voile Shienor",,,,,,,,,,,,,,0xFF01FE,0x0,0,,,0,-500.0,0.600000023842,,
3677,530,3519,1301,0x40004440,0,0,0,0,481,62,,,"Voile Skith",,,,,,,,,,,,,,0xFF01FE,0x0,0,,,0,-500.0,0.600000023842,,
3678,530,3519,1302,0x40004440,0,0,0,0,481,62,,,"Voile Shalas",,,,,,,,,,,,,,0xFF01FE,0x0,0,,,0,-500.0,0.600000023842,,
3679,530,3519,1303,0x40004440,0,0,0,0,481,70,,,"Skettis",,,,,,,,,,,,,,0xFF01FE,0x0,0,,,0,-500.0,0.600000023842,,
3680,530,3519,1304,0x40004440,0,0,0,0,481,70,,,"Vallée de Noirvent",,,,,,,,,,,,,,0xFF01FE,0x0,0,,,0,-500.0,0.600000023842,,
3681,530,3519,1305,0x40004440,0,0,0,337,0,63,,,"Halte Aile-de-feu",,,,,,,,,,,,,,0xFF01FE,0x0,0,,,0,-500.0,0.600000023842,,
3682,530,3519,1306,0x40004440,0,0,0,0,0,64,,,"Grangol'var",,,,,,,,,,,,,,0xFF01FE,0x0,0,,,0,-500.0,0.600000023842,,
3683,530,3519,1307,0x40204440,0,0,0,278,0,0,,,"Fort des Brise-pierres",,,,,,,,,,,,,,0xFF01FE,0x0,0,,,0,-500.0,0.600000023842,,
3684,530,3519,1308,0x40204440,0,0,0,279,0,0,,,"Bastion allérien",,,,,,,,,,,,,,0xFF01FE,0x0,0,,,0,-500.0,0.600000023842,,
3685,530,3519,1309,0x40004440,0,0,0,0,501,63,,,"Ruines Mâche-les-os",,,,,,,,,,,,,,0xFF01FE,0x0,0,,,0,-500.0,0.600000023842,,
3686,530,3519,1310,0x40004440,0,0,0,0,480,64,,,"Voile Lithic",,,,,,,,,,,,,,0xFF01FE,0x0,0,,,0,-500.0,0.600000023842,,
3687,530,3519,1311,0x40004440,0,0,0,0,0,62,,,"Olembas",,,,,,,,,,,,,,0xFF01FE,0x0,0,,,0,-500.0,0.600000023842,,
3688,530,3519,1312,0x40004440,0,0,402,306,0,65,,,"Auchindoun",,,,,,,,,,,,,,0xFF01FE,0x0,0,,,0,-500.0,0.600000023842,,
3689,530,3519,1313,0x40004440,0,0,0,0,0,63,,,"Voile Reskk",,,,,,,,,,,,,,0xFF01FE,0x0,0,,,0,-500.0,0.600000023842,,
3690,530,3519,1314,0x40004440,0,0,0,0,480,70,,,"Lac Noirvent",,,,,,,,,,,,,,0xFF01FE,0x0,0,,,0,-500.0,0.600000023842,,
3691,530,3519,1315,0x40004440,0,0,0,0,0,62,,,"Lac Ere'Noru",,,,,,,,,,,,,,0xFF01FE,0x0,0,,,0,-500.0,0.600000023842,,
3692,530,3519,1316,0x40004440,0,0,0,0,0,62,,,"Lac Jorune",,,,,,,,,,,,,,0xFF01FE,0x0,0,,,0,-500.0,0.600000023842,,
3693,530,3519,1317,0x40004440,0,0,0,0,0,62,,,"Monts Skethyl",,,,,,,,,,,,,,0xFF01FE,0x0,0,,,0,-500.0,0.600000023842,,
3694,530,3519,1318,0x40004440,0,0,0,0,0,62,,,"Crête brumeuse",,,,,,,,,,,,,,0xFF01FE,0x0,0,,,0,-500.0,0.600000023842,,
3695,530,3519,1319,0x40004440,0,0,0,0,0,62,,,"Les Collines brisées",,,,,,,,,,,,,,0xFF01FE,0x0,0,,,0,-500.0,0.600000023842,,
3696,530,3519,1320,0x40004440,0,0,0,0,508,62,,,"La Barrière",,,,,,,,,,,,,,0xFF01FE,0x0,0,,,0,-500.0,0.600000023842,,
3697,530,3519,1321,0x4000C440,0,0,402,306,0,64,,,"Le désert des Ossements",,,,,,,,,,,,,,0xFF01FE,0x0,0,,,0,-500.0,0.600000023842,,
3698,559,0,1322,0x10080,0,0,369,243,512,0,,,"Arène de Nagrand",,,,,,,,,,,,,,0xFF01FE,0x0,0,,,0,-500.0,0.600000023842,,
3699,530,3518,1323,0x40004440,0,0,0,0,510,65,,,"Cour du Crâne ricanant",,,,,,,,,,,,,,0xFF01FE,0x0,0,,,0,-500.0,0.600000023842,,
3700,530,3518,1324,0x40004440,0,0,0,0,510,0,,,"L'arène de sang",,,,,,,,,,,,,,0xFF01FE,0x0,0,,,0,-500.0,0.600000023842,,
3701,530,3518,1325,0x40004480,0,0,0,0,0,0,,,"Sol de l'arène",,,,,,,,,,,,,,0xFF01FE,0x0,0,,,0,-500.0,0.600000023842,,
3702,562,0,1326,0x10080,0,0,406,243,0,0,,,"Arène des Tranchantes",,,,,,,,,,,,,,0xFF01FE,0x0,0,,,0,-500.0,0.600000023842,,
3703,530,0,1327,0x4D28,0,0,409,311,0,0,,,"Shattrath",,,,,,,,,,,,,,0xFF01FE,0x6,0,,,0,-500.0,0.600000023842,,
3704,530,3487,1328,0x40000118,0,0,0,0,0,0,,,"Porte du Berger",,,,,,,,,,,,,,0xFF01FE,0x0,0,,,0,-500.0,0.600000023842,,
3705,530,3518,1329,0x40004440,0,0,0,0,0,64,,,"Bassin telaari",,,,,,,,,,,,,,0xFF01FE,0x0,0,,,0,-500.0,0.600000023842,,
3706,269,2366,1330,0x40000000,0,0,0,0,512,0,,,"La Porte des ténèbres",,,,,,,,,,,,,,0xFF01FE,0x0,0,,,0,-500.0,0.600000023842,,
3707,534,3606,1331,0x40000000,0,0,0,346,521,0,,,"Base de l'Alliance",,,,,,,,,,,,,,0xFF01FE,0x0,0,,,0,-500.0,0.600000023842,,
3708,534,3606,1332,0x40000000,0,0,0,347,522,0,,,"Campement de la Horde",,,,,,,,,,,,,,0xFF01FE,0x0,0,,,0,-500.0,0.600000023842,,
3709,534,3606,1333,0x40000000,0,0,0,0,0,0,,,"Village elfe de la nuit",,,,,,,,,,,,,,0xFF01FE,0x0,0,,,0,-500.0,0.600000023842,,
3710,534,3606,1334,0x40000000,0,0,0,348,523,0,,,"Nordrassil",,,,,,,,,,,,,,0xFF01FE,0x0,0,,,0,-500.0,0.600000023842,,
3711,571,0,1335,0x4440,0,0,461,424,0,76,,,"Bassin de Sholazar",,,,,,,,,,,,,,0xFF01FE,0x0,0,,,0,-500.0,0.600000023842,,
3712,530,3523,1336,0x40204440,0,0,0,0,475,0,,,"Zone 52",,,,,,,,,,,,,,0xFF01FE,0x0,0,,,0,-500.0,0.600000023842,,
3713,542,0,1337,0x0,0,0,0,0,0,0,,,"La Fournaise du sang",,,,,,,,,,,,,,0xFF01FE,0x0,0,,,0,-500.0,0.600000023842,,
3714,540,0,1338,0x0,0,0,0,0,0,0,,,"Les Salles brisées",,,,,,,,,,,,,,0xFF01FE,0x0,0,,,0,-500.0,0.5,,
3715,545,0,1339,0x0,0,0,0,0,0,0,,,"Le Caveau de la vapeur",,,,,,,,,,,,,,0xFF01FE,0x0,0,,,0,-500.0,0.600000023842,,
3716,546,0,1340,0x0,0,0,0,0,0,0,,,"La Basse-tourbière",,,,,,,,,,,,,,0xFF01FE,0x0,0,,,0,-500.0,0.40000000596,,
3717,547,0,1341,0x0,0,0,0,0,0,0,,,"Les enclos aux esclaves",,,,,,,,,,,,,,0xFF01FE,0x0,0,,,0,-500.0,0.5,,
3718,530,3521,1342,0x40204440,0,0,0,278,0,0,,,"Poste du Rat des marais",,,,,,,,,,,,,,0xFF01FE,0x0,0,,,0,-500.0,0.600000023842,,
3719,530,3519,1343,0x40004440,0,0,0,0,510,63,,,"Ruines de l'Orbite sanglante",,,,,,,,,,,,,,0xFF01FE,0x0,0,,,0,-500.0,0.600000023842,,
3720,530,3521,1344,0x4000C440,0,0,0,0,0,0,,,"Ruines des flèches jumelles",,,,,,,,,,,,,,0xFF01FE,0x0,0,,,0,-500.0,0.600000023842,,
3721,530,3523,1345,0x40004440,0,0,0,0,0,66,,,"La Désagrégation",,,,,,,,,,,,,,0xFF01FE,0x0,0,,,0,-500.0,0.600000023842,,
3722,530,3523,1346,0x40004440,0,0,0,0,496,67,,,"Manaforge Ara",,,,,,,,,,,,,,0xFF01FE,0x0,0,,,0,-500.0,0.600000023842,,
3723,530,3523,1347,0x40004440,0,0,0,0,0,67,,,"Ruines Arklon",,,,,,,,,,,,,,0xFF01FE,0x0,0,,,0,-500.0,0.600000023842,,
3724,530,3523,1348,0x40204440,0,0,0,0,475,67,,,"Cosmovrille",,,,,,,,,,,,,,0xFF01FE,0x0,0,,,0,-500.0,0.600000023842,,
3725,530,3523,1349,0x40004440,0,0,0,310,519,67,,,"Ruines d'Enkaat",,,,,,,,,,,,,,0xFF01FE,0x0,0,,,0,-500.0,0.600000023842,,
3726,530,3523,1350,0x40004440,0,0,0,0,497,67,,,"Manaforge B'naar",,,,,,,,,,,,,,0xFF01FE,0x0,0,,,0,-500.0,0.600000023842,,
3727,530,3523,1351,0x40004440,0,0,0,0,487,68,,,"La Ferraille",,,,,,,,,,,,,,0xFF01FE,0x0,0,,,0,-500.0,0.600000023842,,
3728,530,3523,1352,0x40004440,0,0,0,0,0,68,,,"Les champs du vortex",,,,,,,,,,,,,,0xFF01FE,0x0,0,,,0,-500.0,0.600000023842,,
3729,530,3523,1353,0x40004440,0,0,0,0,0,67,,,"Le Monceau",,,,,,,,,,,,,,0xFF01FE,0x0,0,,,0,-500.0,0.600000023842,,
3730,530,3523,1354,0x40004440,0,0,0,0,498,68,,,"Manaforge Coruu",,,,,,,,,,,,,,0xFF01FE,0x0,0,,,0,-500.0,0.600000023842,,
3731,530,3523,1355,0x40004440,0,0,0,0,0,69,,,"La Faille des tempêtes",,,,,,,,,,,,,,0xFF01FE,0x0,0,,,0,-500.0,0.600000023842,,
3732,530,3523,1356,0x40004440,0,0,0,0,0,69,,,"Kirin'Var",,,,,,,,,,,,,,0xFF01FE,0x0,0,,,0,-500.0,0.600000023842,,
3733,530,3523,1357,0x40004440,0,0,0,0,0,0,,,"La Tour pourpre",,,,,,,,,,,,,,0xFF01FE,0x0,0,,,0,-500.0,0.600000023842,,
3734,530,3523,1358,0x40004440,0,0,0,0,499,69,,,"Manaforge Duro",,,,,,,,,,,,,,0xFF01FE,0x0,0,,,0,-500.0,0.600000023842,,
3735,530,3523,1359,0x40004440,0,0,0,0,0,68,,,"Le plateau Vent-du-Vide",,,,,,,,,,,,,,0xFF01FE,0x0,0,,,0,-500.0,0.600000023842,,
3736,530,3523,1360,0x40004440,0,0,0,0,496,0,,,"Manaforge Ultris",,,,,,,,,,,,,,0xFF01FE,0x0,0,,,0,-500.0,0.600000023842,,
3737,530,3523,1361,0x40004440,0,0,0,0,492,69,,,"Crête céleste",,,,,,,,,,,,,,0xFF01FE,0x0,0,,,0,-500.0,0.600000023842,,
3738,530,3523,1362,0x40204440,0,0,423,335,489,0,,,"La Foudreflèche",,,,,,,,,,,,,,0xFF01FE,0x0,0,,,0,-500.0,0.600000023842,,
3739,530,3523,1363,0x40004440,0,0,0,0,488,68,,,"Base de forge : Oubli",,,,,,,,,,,,,,0xFF01FE,0x0,0,,,0,-500.0,0.600000023842,,
3740,530,3523,1364,0x40004440,0,0,0,0,487,68,,,"Base de forge : Géhenne",,,,,,,,,,,,,,0xFF01FE,0x0,0,,,0,-500.0,0.600000023842,,
3741,530,3523,1365,0x40004440,0,0,0,0,0,68,,,"Ruines de Farahlon",,,,,,,,,,,,,,0xFF01FE,0x0,0,,,0,-500.0,0.600000023842,,
3742,530,3523,1366,0x40005440,0,0,0,0,0,70,,,"Siège de Socrethar",,,,,,,,,,,,,,0xFF01FE,0x0,0,,,0,-500.0,0.600000023842,,
3743,530,3520,1367,0x40004440,0,0,0,0,488,67,,,"Bastion de la Légion",,,,,,,,,,,,,,0xFF01FE,0x0,0,,,0,-500.0,0.600000023842,,
3744,530,3520,1368,0x40204440,0,0,0,278,0,0,,,"Village d'Ombrelune",,,,,,,,,,,,,,0xFF01FE,0x0,0,,,0,-500.0,0.600000023842,,
3745,530,3520,1369,0x40204440,0,0,0,279,0,0,,,"Bastion des Marteaux-hardis",,,,,,,,,,,,,,0xFF01FE,0x0,0,,,0,-500.0,0.600000023842,,
3746,530,3520,1370,0x40004440,0,0,0,0,0,67,,,"La main de Gul'dan",,,,,,,,,,,,,,0xFF01FE,0x0,0,,,0,-500.0,0.600000023842,,
3747,530,3520,1371,0x40004440,0,0,0,0,0,67,,,"Les Gangrefosses",,,,,,,,,,,,,,0xFF01FE,0x0,0,,,0,-500.0,0.600000023842,,
3748,530,3520,1372,0x40004440,0,0,0,0,0,68,,,"La Forgemort",,,,,,,,,,,,,,0xFF01FE,0x0,0,,,0,-500.0,0.600000023842,,
3749,530,3520,1373,0x40004440,0,0,0,0,0,68,,,"Citerne de Glissentaille",,,,,,,,,,,,,,0xFF01FE,0x0,0,,,0,-500.0,0.600000023842,,
3750,530,3520,1374,0x40004440,0,0,0,0,0,68,,,"Halte de Glissentaille",,,,,,,,,,,,,,0xFF01FE,0x0,0,,,0,-500.0,0.600000023842,,
3751,530,3520,1375,0x40004440,0,0,0,0,0,67,,,"Halte du Feu solaire",,,,,,,,,,,,,,0xFF01FE,0x0,0,,,0,-500.0,0.600000023842,,
3752,530,3520,1376,0x40004440,0,0,0,0,507,67,,,"Halte Illidari",,,,,,,,,,,,,,0xFF01FE,0x0,0,,,0,-500.0,0.600000023842,,
3753,530,3520,1377,0x40004440,0,0,0,0,0,67,,,"Ruines de Baa'ri",,,,,,,,,,,,,,0xFF01FE,0x0,0,,,0,-500.0,0.600000023842,,
3754,530,3520,1378,0x40204440,0,0,0,310,0,0,,,"Autel de Sha'tar",,,,,,,,,,,,,,0xFF01FE,0x0,0,,,0,-500.0,0.600000023842,,
3755,530,3520,1379,0x40004440,0,0,0,0,0,69,,,"L'escalier de la Fatalité",,,,,,,,,,,,,,0xFF01FE,0x0,0,,,0,-500.0,0.600000023842,,
3756,530,3520,1380,0x40004440,0,0,0,0,0,67,,,"Ruines de Karabor",,,,,,,,,,,,,,0xFF01FE,0x0,0,,,0,-500.0,0.600000023842,,
3757,530,3520,1381,0x40004440,0,0,0,0,0,69,,,"Terrasse Ata'mal",,,,,,,,,,,,,,0xFF01FE,0x0,0,,,0,-500.0,0.600000023842,,
3758,530,3520,1382,0x40004440,0,0,0,0,491,67,,,"Champs de l'Aile-du-Néant",,,,,,,,,,,,,,0xFF01FE,0x0,0,,,0,-500.0,0.600000023842,,
3759,530,3520,1383,0x40005440,0,0,0,0,492,70,,,"Escarpement de l'Aile-du-Néant",,,,,,,,,,,,,,0xFF01FE,0x0,0,,,0,-500.0,0.600000023842,,
3760,530,3518,1384,0x40004440,0,0,0,0,0,64,,,"La Barrière",,,,,,,,,,,,,,0xFF01FE,0x0,0,,,0,-500.0,0.600000023842,,
3761,530,3518,1385,0x40004440,0,0,0,0,0,0,,,"Le Haut chemin",,,,,,,,,,,,,,0xFF01FE,0x0,0,,,0,-500.0,0.600000023842,,
3762,530,3518,1386,0x40004440,0,0,0,0,0,0,,,"Passe de Ventejonc",,,,,,,,,,,,,,0xFF01FE,0x0,0,,,0,-500.0,0.600000023842,,
3763,530,3518,1387,0x40004440,0,0,0,0,0,0,,,"Crête de Zangar",,,,,,,,,,,,,,0xFF01FE,0x0,0,,,0,-500.0,0.600000023842,,
3764,530,3518,1388,0x40004440,0,0,0,0,487,70,,,"La crête du Crépuscule",,,,,,,,,,,,,,0xFF01FE,0x0,0,,,0,-500.0,0.600000023842,,
3765,530,3483,1389,0x40004440,0,0,0,0,0,61,,,"Piste de Tranchépine",,,,,,,,,,,,,,0xFF01FE,0x0,0,,,0,-500.0,0.600000023842,,
3766,530,3521,1390,0x40204440,0,0,0,310,0,0,,,"Havre d'Orebor",,,,,,,,,,,,,,0xFF01FE,0x0,0,,,0,-500.0,0.600000023842,,
3767,530,3522,1391,0x40004440,0,0,406,0,0,0,,,"Le défilé des lames",,,,,,,,,,,,,,0xFF01FE,0x0,0,,,0,-500.0,0.600000023842,,
3768,530,3522,1392,0x40004440,0,0,407,312,0,69,,,"La crête dentelée",,,,,,,,,,,,,,0xFF01FE,0x0,0,,,0,-500.0,0.600000023842,,
3769,530,3522,1393,0x40204440,0,0,407,278,0,0,,,"Bastion des Sire-tonnerre",,,,,,,,,,,,,,0xFF01FE,0x0,0,,,0,-500.0,0.600000023842,,
3770,530,3522,1394,0x40004440,0,0,403,0,0,0,,,"Canyon de Lamecroc",,,,,,,,,,,,,,0xFF01FE,0x0,0,,,0,-500.0,0.600000023842,,
3771,530,3522,1395,0x40004440,0,0,408,307,0,65,,,"Le Bosquet vivant",,,,,,,,,,,,,,0xFF01FE,0x0,0,,,0,-500.0,0.600000023842,,
3772,530,3522,1396,0x40204440,0,0,408,307,511,0,,,"Sylvanaar",,,,,,,,,,,,,,0xFF01FE,0x0,0,,,0,-500.0,0.600000023842,,
3773,530,3522,1397,0x40004440,0,0,406,0,508,67,,,"Bastion de Flèchelame",,,,,,,,,,,,,,0xFF01FE,0x0,0,,,0,-500.0,0.600000023842,,
3774,530,3522,1398,0x40004440,0,0,406,0,0,67,,,"Repaire de Gruul",,,,,,,,,,,,,,0xFF01FE,0x0,0,,,0,-500.0,0.40000000596,,
3775,530,3522,1399,0x40004440,0,0,406,0,0,66,,,"Cercle de sang",,,,,,,,,,,,,,0xFF01FE,0x0,0,,,0,-500.0,0.600000023842,,
3776,530,3522,1400,0x40004440,0,0,406,0,508,66,,,"Avant-poste de la Masse-sanglante",,,,,,,,,,,,,,0xFF01FE,0x0,0,,,0,-500.0,0.600000023842,,
3777,530,3522,1401,0x40004440,0,0,406,0,508,67,,,"Camp de la Masse-sanglante",,,,,,,,,,,,,,0xFF01FE,0x0,0,,,0,-500.0,0.600000023842,,
3778,530,3522,1402,0x40004440,0,0,406,0,510,66,,,"Mine de draenéthyste",,,,,,,,,,,,,,0xFF01FE,0x0,0,,,0,-500.0,0.600000023842,,
3779,530,3522,1403,0x40004440,0,0,406,0,510,67,,,"La prétention de Trogma",,,,,,,,,,,,,,0xFF01FE,0x0,0,,,0,-500.0,0.600000023842,,
3780,530,3522,1404,0x40004440,0,0,406,0,510,67,,,"Convent de l'Aile noire",,,,,,,,,,,,,,0xFF01FE,0x0,0,,,0,-500.0,0.600000023842,,
3781,530,3522,1405,0x40004440,0,0,407,312,481,67,,,"Grishnath",,,,,,,,,,,,,,0xFF01FE,0x0,0,,,0,-500.0,0.600000023842,,
3782,530,3522,1406,0x40004440,0,0,407,312,480,65,,,"Voile Lashh",,,,,,,,,,,,,,0xFF01FE,0x0,0,,,0,-500.0,0.600000023842,,
3783,530,3522,1407,0x40004440,0,0,407,312,481,67,,,"Voile Vekh",,,,,,,,,,,,,,0xFF01FE,0x0,0,,,0,-500.0,0.600000023842,,
3784,530,3522,1408,0x40004440,0,0,406,0,487,70,,,"Camp de forge : Terreur",,,,,,,,,,,,,,0xFF01FE,0x0,0,,,0,-500.0,0.600000023842,,
3785,530,3522,1409,0x40004440,0,0,406,0,488,70,,,"Camp de forge : Courroux",,,,,,,,,,,,,,0xFF01FE,0x0,0,,,0,-500.0,0.600000023842,,
3786,530,3522,1410,0x40204440,0,0,406,0,533,66,,,"Ogri'la",,,,,,,,,,,,,,0xFF01FE,0x0,0,,,0,-500.0,0.600000023842,,
3787,530,3522,1411,0x40004440,0,0,406,0,487,70,,,"Camp de forge : Colère",,,,,,,,,,,,,,0xFF01FE,0x0,0,,,0,-500.0,0.600000023842,,
3788,530,3518,1412,0x40004440,0,0,0,0,0,0,,,"Le Bas chemin",,,,,,,,,,,,,,0xFF01FE,0x0,0,,,0,-500.0,0.600000023842,,
3789,555,0,1413,0x0,0,0,0,0,0,0,,,"Labyrinthe des ombres",,,,,,,,,,,,,,0xFF01FE,0x0,0,,,0,-500.0,0.600000023842,,
3790,558,0,1414,0x0,0,0,0,0,0,0,,,"Cryptes Auchenaï",,,,,,,,,,,,,,0xFF01FE,0x0,0,,,0,-500.0,0.600000023842,,
3791,556,0,1415,0x0,0,0,0,0,0,0,,,"Les salles des Sethekk",,,,,,,,,,,,,,0xFF01FE,0x0,0,,,0,-500.0,0.75,,
3792,557,0,1416,0x0,0,0,0,0,0,0,,,"Tombes-mana",,,,,,,,,,,,,,0xFF01FE,0x0,0,,,0,-500.0,0.75,,
3793,530,3483,1417,0x40004440,0,0,0,0,0,58,,,"Ravin de Gangrétincelle",,,,,,,,,,,,,,0xFF01FE,0x0,0,,,0,-500.0,0.600000023842,,
3794,530,3483,1418,0x40004440,0,0,0,0,0,58,,,"Vallée des ossements",,,,,,,,,,,,,,0xFF01FE,0x0,0,,,0,-500.0,0.600000023842,,
3795,530,3483,1419,0x40004440,0,0,0,0,0,61,,,"Le désert Sha'naari",,,,,,,,,,,,,,0xFF01FE,0x0,0,,,0,-500.0,0.600000023842,,
3796,530,3483,1420,0x40004440,0,0,0,0,0,60,,,"Les champs de distorsion",,,,,,,,,,,,,,0xFF01FE,0x0,0,,,0,-500.0,0.600000023842,,
3797,530,3483,1421,0x40004440,0,0,0,0,491,62,,,"Crête Tombeciel",,,,,,,,,,,,,,0xFF01FE,0x0,0,,,0,-500.0,0.600000023842,,
3798,530,3483,1422,0x40004440,0,0,0,0,480,62,,,"Gorge Haal'eshi",,,,,,,,,,,,,,0xFF01FE,0x0,0,,,0,-500.0,0.600000023842,,
3799,530,3483,1423,0x40004440,0,0,0,0,0,60,,,"Canyon de la Muraille",,,,,,,,,,,,,,0xFF01FE,0x0,0,,,0,-500.0,0.600000023842,,
3800,530,3483,1424,0x40004440,0,0,0,0,0,62,,,"Colline de Roncecroc",,,,,,,,,,,,,,0xFF01FE,0x0,0,,,0,-500.0,0.600000023842,,
3801,530,3483,1425,0x40004440,0,0,0,0,504,62,,,"Terres Mag'har",,,,,,,,,,,,,,0xFF01FE,0x0,0,,,0,-500.0,0.600000023842,,
3802,530,3483,1426,0x40004440,0,0,0,0,0,61,,,"Crête du Vide",,,,,,,,,,,,,,0xFF01FE,0x0,0,,,0,-500.0,0.600000023842,,
3803,530,3483,1427,0x40004440,0,0,0,0,488,70,,,"La Saillie abyssale",,,,,,,,,,,,,,0xFF01FE,0x0,0,,,0,-500.0,0.600000023842,,
3804,530,3483,1428,0x40004440,0,0,0,0,0,59,,,"Le front de la Légion",,,,,,,,,,,,,,0xFF01FE,0x0,0,,,0,-500.0,0.600000023842,,
3805,568,0,1429,0x0,0,0,394,371,0,0,,,"Zul'Aman",,,,,,,,,,,,,,0xFF01FE,0x0,0,,,0,-500.0,0.600000023842,,
3806,530,3483,1430,0x40004440,0,0,0,278,0,0,,,"Caravane de ravitaillement",,,,,,,,,,,,,,0xFF01FE,0x0,0,,,0,-500.0,0.600000023842,,
3807,530,3483,1431,0x40204440,0,0,0,278,0,0,,,"Le Trépas du saccageur",,,,,,,,,,,,,,0xFF01FE,0x0,0,,,0,-500.0,0.600000023842,,
3808,530,3483,1432,0x40004440,0,0,0,0,493,0,,,"Poste cénarien",,,,,,,,,,,,,,0xFF01FE,0x0,0,,,0,-500.0,0.600000023842,,
3809,530,3483,1433,0x40004440,0,0,0,0,502,61,,,"Rempart du sud",,,,,,,,,,,,,,0xFF01FE,0x0,0,,,0,-500.0,0.600000023842,,
3810,530,3483,1434,0x40004440,0,0,0,0,501,61,,,"Rempart du nord",,,,,,,,,,,,,,0xFF01FE,0x0,0,,,0,-500.0,0.600000023842,,
3811,530,3483,1435,0x40004440,0,0,0,0,501,58,,,"Avant-poste de Gor'gaz",,,,,,,,,,,,,,0xFF01FE,0x0,0,,,0,-500.0,0.600000023842,,
3812,530,3483,1436,0x40204440,0,0,0,278,0,0,,,"Poste de Brise-échine",,,,,,,,,,,,,,0xFF01FE,0x0,0,,,0,-500.0,0.600000023842,,
3813,530,3483,1437,0x40004440,0,0,0,0,0,58,,,"Le chemin de l'Angoisse",,,,,,,,,,,,,,0xFF01FE,0x0,0,,,0,-500.0,0.600000023842,,
3814,530,3483,1438,0x40004440,0,0,0,279,0,58,,,"Caravane de ravitaillement de l'est",,,,,,,,,,,,,,0xFF01FE,0x0,0,,,0,-500.0,0.600000023842,,
3815,530,3483,1439,0x40204440,0,0,0,279,0,0,,,"Halte de l'expédition",,,,,,,,,,,,,,0xFF01FE,0x0,0,,,0,-500.0,0.600000023842,,
3816,530,3483,1440,0x40004440,0,0,0,0,0,0,,,"L'épave du zeppelin",,,,,,,,,,,,,,0xFF01FE,0x0,0,,,0,-500.0,0.600000023842,,
3817,13,0,1441,0x4440,0,0,0,0,0,0,,,"Test",,,,,,,,,,,,,,0xFF01FE,0x0,0,,,0,-5000.0,0.0,,
3818,530,3521,1442,0x40004440,0,0,0,0,0,63,,,"Terres des écailles-sanglantes",,,,,,,,,,,,,,0xFF01FE,0x0,0,,,0,-500.0,0.600000023842,,
3819,530,3521,1443,0x40004440,0,0,0,0,0,62,,,"Enclave des sombrecrêtes",,,,,,,,,,,,,,0xFF01FE,0x0,0,,,0,-500.0,0.600000023842,,
3820,566,0,1444,0x4000,0,0,401,243,0,0,,,"L'Œil du cyclone",,,,,,,,,,,,,,0xFF01FE,0x0,0,,,0,-500.0,0.600000023842,,
3821,530,3520,1445,0x40004440,0,0,0,0,0,68,,,"La Cage de la gardienne",,,,,,,,,,,,,,0xFF01FE,0x0,0,,,0,-500.0,0.600000023842,,
3822,530,3520,1446,0x40004440,0,0,0,0,507,67,,,"Halte de l'éclipse",,,,,,,,,,,,,,0xFF01FE,0x0,0,,,0,-500.0,0.600000023842,,
3823,530,3433,1447,0x40000050,0,0,0,0,0,10,,,"Île des Tribulations",,,,,,,,,,,,,,0xFF01FE,0x0,0,,,0,-500.0,0.600000023842,,
3824,530,3522,1448,0x40004440,0,0,406,0,0,65,,,"Ravin de la Masse-sanglante",,,,,,,,,,,,,,0xFF01FE,0x0,0,,,0,-500.0,0.600000023842,,
3825,530,3522,1449,0x40004440,0,0,406,0,0,65,,,"Fin des dragons",,,,,,,,,,,,,,0xFF01FE,0x0,0,,,0,-500.0,0.600000023842,,
3826,530,3522,1450,0x40004440,0,0,406,0,0,65,,,"Canyon des Crocs-lames",,,,,,,,,,,,,,0xFF01FE,0x0,0,,,0,-500.0,0.600000023842,,
3827,530,3522,1451,0x40004440,0,0,407,312,0,66,,,"Le séjour de Vekhaar",,,,,,,,,,,,,,0xFF01FE,0x0,0,,,0,-500.0,0.600000023842,,
3828,530,3522,1452,0x40004440,0,0,407,312,0,66,,,"Sylve Ruuan",,,,,,,,,,,,,,0xFF01FE,0x0,0,,,0,-500.0,0.600000023842,,
3829,530,3522,1453,0x40004440,0,0,407,312,480,67,,,"Voile Ruuan",,,,,,,,,,,,,,0xFF01FE,0x0,0,,,0,-500.0,0.600000023842,,
3830,530,3522,1454,0x40004440,0,0,407,312,0,65,,,"Bois aux corbeaux",,,,,,,,,,,,,,0xFF01FE,0x0,0,,,0,-500.0,0.600000023842,,
3831,530,3522,1455,0x4000C440,0,0,406,0,488,67,,,"Porte de la mort",,,,,,,,,,,,,,0xFF01FE,0x0,0,,,0,-500.0,0.600000023842,,
3832,530,3522,1456,0x40004440,0,0,406,0,0,69,,,"Cime du vortex",,,,,,,,,,,,,,0xFF01FE,0x0,0,,,0,-500.0,0.600000023842,,
3833,530,3522,1457,0x40004440,0,0,406,0,0,0,,,"Tranchecrête",,,,,,,,,,,,,,0xFF01FE,0x0,0,,,0,-500.0,0.600000023842,,
3834,530,3522,1458,0x40004440,0,0,406,0,0,69,,,"Crête de la folie",,,,,,,,,,,,,,0xFF01FE,0x0,0,,,0,-500.0,0.600000023842,,
3835,530,3483,1459,0x40004440,0,0,0,0,0,62,,,"Ravin de Plumepoussière",,,,,,,,,,,,,,0xFF01FE,0x0,0,,,0,-500.0,0.600000023842,,
3836,544,0,1460,0x0,0,0,0,0,0,0,,,"Le repaire de Magtheridon",,,,,,,,,,,,,,0xFF01FE,0x0,0,,,0,-500.0,0.75,,
3837,530,3523,1461,0x40004440,0,0,0,337,0,69,,,"Bastion des Solfurie",,,,,,,,,,,,,,0xFF01FE,0x0,0,,,0,-500.0,0.600000023842,,
3838,530,3483,1462,0x40004440,0,0,0,0,0,60,,,"Montagnes Brise-échine",,,,,,,,,,,,,,0xFF01FE,0x0,0,,,0,-500.0,0.600000023842,,
3839,530,3518,1463,0x40004440,0,0,0,0,0,0,,,"Armurerie abandonnée",,,,,,,,,,,,,,0xFF01FE,0x0,0,,,0,-500.0,0.600000023842,,
3840,530,3520,1464,0x40004440,0,0,0,0,0,70,,,"Le Temple noir",,,,,,,,,,,,,,0xFF01FE,0x0,0,,,0,-500.0,0.600000023842,,
3841,530,3521,1465,0x40004440,0,0,0,0,0,61,,,"Rivage des Sombrecrêtes",,,,,,,,,,,,,,0xFF01FE,0x0,0,,,0,-500.0,0.0,,
3842,530,3523,1466,0x40005440,0,0,0,0,0,70,,,"Donjon de la Tempête",,,,,,,,,,,,,,0xFF01FE,0x0,0,,,0,-500.0,0.0,,
3844,530,3522,1468,0x40204440,0,0,407,312,510,65,,,"Mok'Nathal",,,,,,,,,,,,,,0xFF01FE,0x0,0,,,0,-500.0,0.0,,
3845,550,0,1469,0x1000,0,0,0,0,0,0,,,"Donjon de la Tempête",,,,,,,,,,,,,,0xFF01FE,0x0,0,,,0,-5000.0,1.0,,
3846,530,3525,1470,0x40000050,0,0,0,0,0,0,,,"L'Arcatraz",,,,,,,,,,,,,,0xFF01FE,0x0,0,,,0,-5000.0,0.0,,
3847,553,0,1471,0x1000,0,0,0,0,0,0,,,"La Botanica",,,,,,,,,,,,,,0xFF01FE,0x0,0,,,0,-5000.0,1.0,,
3848,552,0,1472,0x1000,0,0,0,0,0,0,,,"L'Arcatraz",,,,,,,,,,,,,,0xFF01FE,0x0,0,,,0,-5000.0,1.0,,
3849,554,0,1473,0x1000,0,0,0,0,0,0,,,"Le Méchanar",,,,,,,,,,,,,,0xFF01FE,0x0,0,,,0,-5000.0,1.0,,
3850,530,3523,1474,0x40004440,0,0,0,0,490,68,,,"Pierre-de-Néant",,,,,,,,,,,,,,0xFF01FE,0x0,0,,,0,-500.0,0.0,,
3851,530,3523,1475,0x40004440,0,0,423,0,0,0,,,"Comptoir des Terres-médianes",,,,,,,,,,,,,,0xFF01FE,0x0,0,,,0,-500.0,0.0,,
3852,530,3523,1476,0x40004440,0,0,0,0,0,0,,,"Point d'ancrage de Tuluman",,,,,,,,,,,,,,0xFF01FE,0x0,0,,,0,-500.0,0.0,,
3854,530,3523,1477,0x40004440,0,0,0,0,0,0,,,"Poste de garde du Protectorat",,,,,,,,,,,,,,0xFF01FE,0x0,0,,,0,-500.0,0.0,,
3855,530,3522,1478,0x400044D0,0,0,406,266,0,0,,,"Arène du Cercle de sang",,,,,,,,,,,,,,0xFF01FE,0x0,0,,,0,-500.0,0.0,,
3856,530,3433,1479,0x40000050,0,0,0,0,0,10,,,"Passage de l'Elrendar",,,,,,,,,,,,,,0xFF01FE,0x0,0,,,0,-500.0,0.0,,
3857,530,3524,1480,0x40000050,0,0,0,0,0,5,,,"Gué d'Ammen",,,,,,,,,,,,,,0xFF01FE,0x0,0,,,0,-500.0,0.0,,
3858,530,3519,1481,0x40004440,0,0,0,0,0,63,,,"Saillie de Tranchépine",,,,,,,,,,,,,,0xFF01FE,0x0,0,,,0,-500.0,0.0,,
3859,530,3519,1482,0x40004440,0,0,0,0,0,63,,,"Lac Silmyr",,,,,,,,,,,,,,0xFF01FE,0x0,0,,,0,-500.0,0.0,,
3860,530,3519,1483,0x40004440,0,0,0,0,0,63,,,"Clairière de Raastok",,,,,,,,,,,,,,0xFF01FE,0x0,0,,,0,-500.0,0.0,,
3861,530,3433,1484,0x40000050,0,0,0,0,0,20,,,"Passe thalassienne",,,,,,,,,,,,,,0xFF01FE,0x0,0,,,0,-500.0,0.0,,
3862,530,3522,1485,0x40004440,0,0,0,0,0,67,,,"Goulet bouillonnant",,,,,,,,,,,,,,0xFF01FE,0x0,0,,,0,-500.0,0.0,,
3863,530,3522,1486,0x40004440,0,0,0,0,0,67,,,"Landes brisées",,,,,,,,,,,,,,0xFF01FE,0x0,0,,,0,-500.0,0.0,,
3864,530,3522,1487,0x40004440,0,0,0,0,0,70,,,"Point d'ancrage de Bash'ir",,,,,,,,,,,,,,0xFF01FE,0x0,0,,,0,-500.0,0.0,,
3865,530,3522,1488,0x40004440,0,0,0,0,492,70,,,"Éperon de cristal",,,,,,,,,,,,,,0xFF01FE,0x0,0,,,0,-500.0,0.0,,
3866,530,3522,1489,0x40004440,0,0,0,0,0,66,,,"Skald",,,,,,,,,,,,,,0xFF01FE,0x0,0,,,0,-500.0,0.0,,
3867,530,3522,1490,0x40004440,0,0,0,0,0,66,,,"Goulet des Lames",,,,,,,,,,,,,,0xFF01FE,0x0,0,,,0,-500.0,0.0,,
3868,530,3523,1491,0x40004440,0,0,0,0,0,67,,,"Pont de gyro-passerelles",,,,,,,,,,,,,,0xFF01FE,0x0,0,,,0,-500.0,0.0,,
3869,566,3820,1492,0x40000000,0,0,0,0,0,0,,,"Tour des mages",,,,,,,,,,,,,,0xFF01FE,0x0,0,,,0,-500.0,0.0,,
3870,566,3820,1493,0x40000000,0,0,0,0,0,0,,,"Tour des elfes de sang",,,,,,,,,,,,,,0xFF01FE,0x0,0,,,0,-500.0,0.0,,
3871,566,3820,1494,0x40000000,0,0,0,0,0,0,,,"Ruines draeneï",,,,,,,,,,,,,,0xFF01FE,0x0,0,,,0,-500.0,0.0,,
3872,566,3820,1495,0x40000000,0,0,0,0,0,0,,,"Ruines des saccageurs gangrenés",,,,,,,,,,,,,,0xFF01FE,0x0,0,,,0,-500.0,0.0,,
3873,530,3523,1496,0x40004440,0,0,0,0,0,0,,,"Le Terrain d'essai",,,,,,,,,,,,,,0xFF01FE,0x0,0,,,0,-500.0,0.0,,
3874,530,3523,1497,0x40004440,0,0,423,335,489,68,,,"Écodôme Champlointain",,,,,,,,,,,,,,0xFF01FE,0x0,0,,,0,-500.0,0.0,,
3875,530,3523,1498,0x40004440,0,0,423,335,489,68,,,"Écodôme Percheciel",,,,,,,,,,,,,,0xFF01FE,0x0,0,,,0,-500.0,0.0,,
3876,530,3523,1499,0x40004440,0,0,423,335,489,68,,,"Écodôme Sudron",,,,,,,,,,,,,,0xFF01FE,0x0,0,,,0,-500.0,0.0,,
3877,530,3523,1500,0x40004440,0,0,423,335,489,68,,,"Écodôme Terres-médianes",,,,,,,,,,,,,,0xFF01FE,0x0,0,,,0,-500.0,0.0,,
3878,530,3523,1501,0x40004440,0,0,0,0,0,69,,,"Lieu de rassemblement de l'Ethereum",,,,,,,,,,,,,,0xFF01FE,0x0,0,,,0,-500.0,0.0,,
3879,530,3523,1502,0x40004440,0,0,0,0,0,69,,,"Cour de la chapelle",,,,,,,,,,,,,,0xFF01FE,0x0,0,,,0,-500.0,0.0,,
3880,530,3523,1503,0x40004440,0,0,0,0,0,69,,,"Puits d'accès Zéon",,,,,,,,,,,,,,0xFF01FE,0x0,0,,,0,-500.0,0.0,,
3881,530,3523,1504,0x40004440,0,0,0,0,0,69,,,"Mine de Trelleum",,,,,,,,,,,,,,0xFF01FE,0x0,0,,,0,-500.0,0.0,,
3882,530,3523,1505,0x40004440,0,0,0,0,488,68,,,"Site d'invasion : Destructeur",,,,,,,,,,,,,,0xFF01FE,0x0,0,,,0,-500.0,0.0,,
3883,530,3523,1506,0x40004440,0,0,0,0,0,67,,,"Camp de Boum",,,,,,,,,,,,,,0xFF01FE,0x0,0,,,0,-500.0,0.0,,
3884,530,3483,1507,0x40004440,0,0,0,0,0,60,,,"Passage des Brise-échine",,,,,,,,,,,,,,0xFF01FE,0x0,0,,,0,-500.0,0.0,,
3885,530,3519,1508,0x40004440,0,0,0,0,0,65,,,"Crête de Toile-néant",,,,,,,,,,,,,,0xFF01FE,0x0,0,,,0,-500.0,0.0,,
3886,530,3519,1509,0x40004440,0,0,0,0,0,65,,,"Caravane abandonnée",,,,,,,,,,,,,,0xFF01FE,0x0,0,,,0,-500.0,0.0,,
3887,530,3519,1510,0x40004440,0,0,0,0,0,65,,,"Caravane de réfugiés",,,,,,,,,,,,,,0xFF01FE,0x0,0,,,0,-500.0,0.0,,
3888,530,3519,1511,0x40004440,0,0,402,306,0,65,,,"Tombe des ombres",,,,,,,,,,,,,,0xFF01FE,0x0,0,,,0,-500.0,0.0,,
3889,530,3519,1512,0x40004440,0,0,0,0,0,65,,,"Voile Rhaze",,,,,,,,,,,,,,0xFF01FE,0x0,0,,,0,-500.0,0.0,,
3890,530,3519,1513,0x40004440,0,0,0,0,0,65,,,"Tombeau des lumières",,,,,,,,,,,,,,0xFF01FE,0x0,0,,,0,-500.0,0.0,,
3891,530,3519,1514,0x40004440,0,0,0,0,0,65,,,"Colline des charognes",,,,,,,,,,,,,,0xFF01FE,0x0,0,,,0,-500.0,0.0,,
3892,530,3519,1515,0x40004440,0,0,402,306,0,65,,,"Monticule grouillant",,,,,,,,,,,,,,0xFF01FE,0x0,0,,,0,-500.0,0.0,,
3893,530,3519,1516,0x40004440,0,0,402,0,0,65,,,"Cercle d'observance",,,,,,,,,,,,,,0xFF01FE,0x0,0,,,0,-500.0,0.0,,
3894,530,3519,1517,0x40004440,0,0,402,0,0,65,,,"Terres Auchenaï",,,,,,,,,,,,,,0xFF01FE,0x0,0,,,0,-500.0,0.0,,
3895,530,3521,1518,0x40004440,0,0,0,0,0,0,,,"Poste de garde cénarien",,,,,,,,,,,,,,0xFF01FE,0x0,0,,,0,-500.0,0.0,,
3896,530,3703,1591,0x40204C28,0,0,0,0,0,0,,,"Éminence de l'Aldor",,,,,,,,,,,,,,0xFF01FE,0x0,0,,,0,-500.0,0.0,,
3897,530,3703,1592,0x40004C28,0,0,0,0,0,0,,,"Terrasse de la Lumière",,,,,,,,,,,,,,0xFF01FE,0x0,0,,,0,-500.0,0.0,,
3898,530,3703,1521,0x40204C28,0,0,0,0,0,0,,,"Degré des Clairvoyants",,,,,,,,,,,,,,0xFF01FE,0x0,0,,,0,-500.0,0.0,,
3899,530,3703,1522,0x40004C28,0,0,0,0,0,0,,,"Ville basse",,,,,,,,,,,,,,0xFF01FE,0x0,0,,,0,-500.0,0.0,,
3900,530,3523,1523,0x40004440,0,0,0,0,0,69,,,"Site d'invasion : Suzerain",,,,,,,,,,,,,,0xFF01FE,0x0,0,,,0,-500.0,0.0,,
3901,530,3519,1524,0x40004440,0,0,0,0,0,63,,,"Poste allérien",,,,,,,,,,,,,,0xFF01FE,0x0,0,,,0,-500.0,0.0,,
3902,530,3519,1525,0x40004440,0,0,0,0,0,63,,,"Camp des Brise-pierres",,,,,,,,,,,,,,0xFF01FE,0x0,0,,,0,-500.0,0.0,,
3903,530,3522,1526,0x40004440,0,0,0,0,0,67,,,"Roche'mok",,,,,,,,,,,,,,0xFF01FE,0x0,0,,,0,-500.0,0.0,,
3904,530,3522,1527,0x40004440,0,0,0,0,0,0,,,"Creux maudit",,,,,,,,,,,,,,0xFF01FE,0x0,0,,,0,-500.0,0.0,,
3905,530,3521,1528,0x40004440,0,0,0,0,0,63,,,"Réservoir de Glissecroc",,,,,,,,,,,,,,0xFF01FE,0x0,0,,,0,-500.0,0.0,,
3906,530,3525,1529,0x40000040,0,0,0,0,0,16,,,"Le Reflux sanglant",,,,,,,,,,,,,,0xFF01FE,0x0,0,,,0,-500.0,0.0,,
3907,530,3525,1530,0x40000040,0,0,0,0,0,18,,,"Cap viridien",,,,,,,,,,,,,,0xFF01FE,0x0,0,,,0,-500.0,0.0,,
3908,530,3525,1531,0x40000040,0,0,0,0,0,13,,,"Ordeval",,,,,,,,,,,,,,0xFF01FE,0x0,0,,,0,-500.0,0.0,,
3909,530,3525,1532,0x40000040,0,0,0,0,0,11,,,"Le Repli perdu",,,,,,,,,,,,,,0xFF01FE,0x0,0,,,0,-500.0,0.0,,
3910,530,3525,1533,0x40000040,0,0,0,0,0,13,,,"Bois brumeux",,,,,,,,,,,,,,0xFF01FE,0x0,0,,,0,-500.0,0.0,,
3911,530,3430,1534,0x40000040,0,0,0,0,0,7,,,"Rivage paisible",,,,,,,,,,,,,,0xFF01FE,0x0,0,,,0,-500.0,0.0,,
3912,530,3430,1535,0x40000040,0,0,0,0,0,8,,,"Passe du Rameau d'or",,,,,,,,,,,,,,0xFF01FE,0x0,0,,,0,-500.0,0.0,,
3913,530,3430,1536,0x40000040,0,0,0,0,0,9,,,"Pierre runique Falithas",,,,,,,,,,,,,,0xFF01FE,0x0,0,,,0,-500.0,0.0,,
3914,530,3430,1537,0x40000040,0,0,0,0,0,9,,,"Pierre runique Shan'dor",,,,,,,,,,,,,,0xFF01FE,0x0,0,,,0,-500.0,0.0,,
3915,530,3524,1519,0x40000040,0,0,0,0,0,9,,,"Rivage de Pontgallant",,,,,,,,,,,,,,0xFF01FE,0x0,0,,,0,-500.0,0.0,,
3916,530,3524,1520,0x40000040,0,0,0,0,0,6,,,"Bois frôle-lune",,,,,,,,,,,,,,0xFF01FE,0x0,0,,,0,-500.0,0.0,,
3917,530,0,1538,0x40,0,0,0,0,0,70,,,"Auchindoun",,,,,,,,,,,,,,0xFF01FE,0x0,0,,,0,-500.0,0.0,,
3918,530,3522,1539,0x40204440,0,0,0,0,0,65,,,"Poste de Toshley",,,,,,,,,,,,,,0xFF01FE,0x0,0,,,0,-500.0,0.0,,
3919,530,3522,1540,0x40004440,0,0,0,0,0,67,,,"Crête chantante",,,,,,,,,,,,,,0xFF01FE,0x0,0,,,0,-500.0,0.0,,
3920,530,3483,1467,0x40004440,0,0,0,0,0,58,,,"Halte du Fracas",,,,,,,,,,,,,,0xFF01FE,0x0,0,,,0,-500.0,0.0,,
3921,530,3523,1541,0x40004440,0,0,0,0,0,67,,,"Crête d'Arklonis",,,,,,,,,,,,,,0xFF01FE,0x0,0,,,0,-500.0,0.0,,
3922,530,3522,1542,0x40004440,0,0,0,0,0,0,,,"Avant-poste Flèchelame",,,,,,,,,,,,,,0xFF01FE,0x0,0,,,0,-500.0,0.0,,
3923,565,0,1543,0x0,0,0,0,0,0,0,,,"Repaire de Gruul",,,,,,,,,,,,,,0xFF01FE,0x0,0,,,0,-500.0,0.0,,
3924,530,3522,1544,0x40004440,0,0,0,0,0,0,,,"Tour Nord-sanglante",,,,,,,,,,,,,,0xFF01FE,0x0,0,,,0,-500.0,0.0,,
3925,530,3522,1545,0x40004440,0,0,0,0,0,0,,,"Tour Sud-sanglante",,,,,,,,,,,,,,0xFF01FE,0x0,0,,,0,-500.0,0.0,,
3926,530,3520,1546,0x40004440,0,0,0,0,0,67,,,"Les plaines brisées",,,,,,,,,,,,,,0xFF01FE,0x0,0,,,0,-500.0,0.0,,
3927,530,3520,1547,0x40004440,0,0,0,0,0,67,,,"Ferme d'Oronok",,,,,,,,,,,,,,0xFF01FE,0x0,0,,,0,-500.0,0.0,,
3928,530,3520,1548,0x40004440,0,0,0,0,0,67,,,"L'Autel de la damnation",,,,,,,,,,,,,,0xFF01FE,0x0,0,,,0,-500.0,0.0,,
3929,530,3520,1549,0x40004440,0,0,0,0,0,68,,,"La voie de la Conquête",,,,,,,,,,,,,,0xFF01FE,0x0,0,,,0,-500.0,0.0,,
3930,530,3520,1550,0x40004440,0,0,0,0,0,69,,,"Champs éclipsions",,,,,,,,,,,,,,0xFF01FE,0x0,0,,,0,-500.0,0.0,,
3931,530,3522,1551,0x40004440,0,0,0,0,0,0,,,"Terres de la Flèchelame",,,,,,,,,,,,,,0xFF01FE,0x0,0,,,0,-500.0,0.0,,
3932,530,3520,1552,0x40004440,0,0,0,0,0,67,,,"Campement Sketh'lon",,,,,,,,,,,,,,0xFF01FE,0x0,0,,,0,-500.0,0.0,,
3933,530,3520,1553,0x40004440,0,0,0,0,0,67,,,"Débris sketh'lon",,,,,,,,,,,,,,0xFF01FE,0x0,0,,,0,-500.0,0.0,,
3934,530,3523,1554,0x40004440,0,0,0,0,0,68,,,"Place centrale",,,,,,,,,,,,,,0xFF01FE,0x0,0,,,0,-500.0,0.0,,
3935,530,3523,1555,0x40004440,0,0,0,0,0,68,,,"Allée des sorciers",,,,,,,,,,,,,,0xFF01FE,0x0,0,,,0,-500.0,0.0,,
3936,530,3520,1556,0x40004440,0,0,0,0,0,67,,,"Tour de la Forgemort",,,,,,,,,,,,,,0xFF01FE,0x0,0,,,0,-500.0,0.0,,
3937,530,3520,1557,0x40004440,0,0,0,0,0,67,,,"Guet des scories",,,,,,,,,,,,,,0xFF01FE,0x0,0,,,0,-500.0,0.0,,
3938,530,3520,1558,0x40204440,0,0,0,0,0,0,,,"Sanctum des Étoiles",,,,,,,,,,,,,,0xFF01FE,0x0,0,,,0,-500.0,0.0,,
3939,530,3520,1559,0x40004440,0,0,0,0,0,0,,,"Forteresse Gueule-de-dragon",,,,,,,,,,,,,,0xFF01FE,0x0,0,,,0,-500.0,0.0,,
3940,530,3520,1560,0x40004440,0,0,0,0,0,67,,,"Le Bassin fétide",,,,,,,,,,,,,,0xFF01FE,0x0,0,,,0,-500.0,0.0,,
3941,530,3520,1561,0x40004440,0,0,0,0,0,0,,,"Test",,,,,,,,,,,,,,0xFF01FE,0x0,0,,,0,-500.0,0.0,,
3942,530,3522,1562,0x40004440,0,0,0,0,0,66,,,"Point d'ancrage de Razaan",,,,,,,,,,,,,,0xFF01FE,0x0,0,,,0,-500.0,0.0,,
3943,530,3520,1563,0x40004440,0,0,0,0,0,68,,,"Site d'invasion : Cataclysme",,,,,,,,,,,,,,0xFF01FE,0x0,0,,,0,-500.0,0.0,,
3944,530,3520,1564,0x40004440,0,0,0,0,0,0,,,"L'autel des Ombres",,,,,,,,,,,,,,0xFF01FE,0x0,0,,,0,-500.0,0.0,,
3945,530,3520,1565,0x40004440,0,0,0,0,0,0,,,"Défilé de l'Aile-du-Néant",,,,,,,,,,,,,,0xFF01FE,0x0,0,,,0,-500.0,0.0,,
3946,530,3519,1566,0x40004440,0,0,0,0,0,64,,,"Refuge de Wayne",,,,,,,,,,,,,,0xFF01FE,0x0,0,,,0,-500.0,0.0,,
3947,530,3520,1567,0x40004440,0,0,0,0,0,70,,,"Les bassins Brûlants",,,,,,,,,,,,,,0xFF01FE,0x0,0,,,0,-500.0,0.0,,
3948,451,0,1568,0x40,0,0,0,0,0,0,,,"Test de Brian et Pat",,,,,,,,,,,,,,0xFF01FE,0x0,0,,,0,-500.0,0.0,,
3949,530,3520,1569,0x40004440,0,0,0,0,0,67,,,"Champs de magma",,,,,,,,,,,,,,0xFF01FE,0x0,0,,,0,-500.0,0.0,,
3950,530,3520,1570,0x40004440,0,0,0,0,0,70,,,"Guet cramoisi",,,,,,,,,,,,,,0xFF01FE,0x0,0,,,0,-500.0,0.0,,
3951,530,3522,1571,0x40204440,0,0,0,0,0,67,,,"Bosquet éternel",,,,,,,,,,,,,,0xFF01FE,0x0,0,,,0,-500.0,0.0,,
3952,530,3522,1572,0x40004440,0,0,0,0,0,67,,,"Pont Crâne-du-ver",,,,,,,,,,,,,,0xFF01FE,0x0,0,,,0,-500.0,0.0,,
3953,530,3522,1573,0x40004440,0,0,0,0,0,66,,,"Saillie ailécaille",,,,,,,,,,,,,,0xFF01FE,0x0,0,,,0,-500.0,0.0,,
3954,530,3522,1574,0x40004440,0,0,0,0,0,66,,,"Tunnel Crâne-du-ver",,,,,,,,,,,,,,0xFF01FE,0x0,0,,,0,-500.0,0.0,,
3955,530,3483,1575,0x40004440,0,0,0,0,0,58,,,"Bassin des Flammes infernales",,,,,,,,,,,,,,0xFF01FE,0x0,0,,,0,-500.0,0.0,,
3956,530,3519,1576,0x40004440,0,0,0,0,0,64,,,"L'escalier de l'Ombre",,,,,,,,,,,,,,0xFF01FE,0x0,0,,,0,-500.0,0.0,,
3957,530,3519,1577,0x40004440,0,0,0,0,0,64,,,"Avant-poste sha'tari",,,,,,,,,,,,,,0xFF01FE,0x0,0,,,0,-500.0,0.0,,
3958,530,3519,1578,0x40004440,0,0,0,0,0,65,,,"Camp de base sha'tari",,,,,,,,,,,,,,0xFF01FE,0x0,0,,,0,-500.0,0.0,,
3959,564,0,1594,0x0,0,0,428,350,0,0,,,"Temple noir",,,,,,,,,,,,,,0xFF01FE,0x0,0,,,0,-500.0,0.300000011921,,
3960,530,3522,1595,0x40004440,0,0,0,0,0,67,,,"Le refuge du Broyeur-d'âme",,,,,,,,,,,,,,0xFF01FE,0x0,0,,,0,-500.0,0.0,,
3961,530,3519,1596,0x40005440,0,0,0,0,0,70,,,"Halte Aile-du-chagrin",,,,,,,,,,,,,,0xFF01FE,0x0,0,,,0,-500.0,0.0,,
3962,530,3522,1597,0x40004440,0,0,0,0,0,-1,,,"Le cercle de Vim'gol",,,,,,,,,,,,,,0xFF01FE,0x0,0,,,0,-500.0,0.0,,
3963,530,3522,1598,0x40005440,0,0,0,0,0,-1,,,"Crête d'Epine-de-dragon",,,,,,,,,,,,,,0xFF01FE,0x0,0,,,0,-500.0,0.0,,
3964,530,3522,1599,0x40004440,0,0,0,0,534,0,,,"Avant-poste de la Garde-ciel",,,,,,,,,,,,,,0xFF01FE,0x0,0,,,0,-500.0,0.0,,
3965,530,3520,1600,0x40005440,0,0,0,0,0,70,,,"Mines de l'Aile-du-Néant",,,,,,,,,,,,,,0xFF01FE,0x0,0,,,0,-500.0,0.0,,
3966,530,3520,1601,0x40005440,0,0,0,0,0,70,,,"Campement des Gueules-de-dragon",,,,,,,,,,,,,,0xFF01FE,0x0,0,,,0,-500.0,0.0,,
3967,530,3520,1602,0x40005440,0,0,0,0,0,70,,,"Couloir aérien des Gueules-de-dragon",,,,,,,,,,,,,,0xFF01FE,0x0,0,,,0,-500.0,0.0,,
3968,572,0,1603,0x10080,0,0,0,0,0,0,,,"Ruines de Lordaeron",,,,,,,,,,,,,,0xFF01FE,0x0,0,,,0,-500.0,0.0,,
3969,530,3522,1604,0x40004440,0,0,0,0,0,0,,,"Perchoir de Clivenuit",,,,,,,,,,,,,,0xFF01FE,0x0,0,,,0,-500.0,0.0,,
3970,530,3522,1605,0x40004440,0,0,0,0,0,0,,,"Perchoir d'Obsidia",,,,,,,,,,,,,,0xFF01FE,0x0,0,,,0,-500.0,0.0,,
3971,530,3522,1606,0x40004440,0,0,0,0,0,0,,,"Perchoir d'Insidion",,,,,,,,,,,,,,0xFF01FE,0x0,0,,,0,-500.0,0.0,,
3972,530,3522,1607,0x40004440,0,0,0,0,0,0,,,"Perchoir d'Aile-furie",,,,,,,,,,,,,,0xFF01FE,0x0,0,,,0,-500.0,0.0,,
3973,530,3519,1608,0x40004440,0,0,0,0,534,0,,,"Le Raie'odrome de Noirvent",,,,,,,,,,,,,,0xFF01FE,0x0,0,,,0,-500.0,0.0,,
3974,530,3519,1609,0x40004440,0,0,0,0,0,-1,,,"Voile Harr'ik",,,,,,,,,,,,,,0xFF01FE,0x0,0,,,0,-500.0,0.0,,
3975,530,3519,1610,0x40004440,0,0,0,0,0,-1,,,"Repos de Terokk",,,,,,,,,,,,,,0xFF01FE,0x0,0,,,0,-500.0,0.0,,
3976,530,3519,1611,0x40004440,0,0,0,0,0,-1,,,"Voile Ala'rak",,,,,,,,,,,,,,0xFF01FE,0x0,0,,,0,-500.0,0.0,,
3977,530,3519,1612,0x40004440,0,0,0,0,0,-1,,,"Voile Shil'ak supérieur",,,,,,,,,,,,,,0xFF01FE,0x0,0,,,0,-500.0,0.0,,
3978,530,3519,1613,0x40004440,0,0,0,0,0,-1,,,"Voile Shil'ak inférieur",,,,,,,,,,,,,,0xFF01FE,0x0,0,,,0,-500.0,0.0,,
3979,571,0,1614,0x4441,0,0,440,411,0,70,,,"La mer Gelée",,,,,,,,,,,,,,0xFF01FE,0x0,0,,,0,-500.0,0.0,,
3980,571,495,1615,0x40004441,0,0,0,0,0,70,,,"Baie de Coiffedague",,,,,,,,,,,,,,0xFF01FE,0x0,0,,,0,-500.0,0.0,,
3981,571,495,1616,0x40084441,0,0,0,458,0,70,,,"Valgarde",,,,,,,,,,,,,,0xFF01FE,0x0,0,,,0,-500.0,0.0,,
3982,571,495,1617,0x40004441,0,0,0,458,0,70,,,"Crâne-du-ver",,,,,,,,,,,,,,0xFF01FE,0x0,0,,,0,-500.0,0.0,,
3983,571,495,1618,0x40004441,0,0,429,0,0,70,,,"Donjon d'Utgarde",,,,,,,,,,,,,,0xFF01FE,0x0,0,,,0,-500.0,0.0,,
3984,571,495,1619,0x40004441,0,0,0,458,0,70,,,"Nifflevar",,,,,,,,,,,,,,0xFF01FE,0x0,0,,,0,-500.0,0.0,,
3985,571,495,1620,0x40004441,0,0,0,0,0,70,,,"Chutes d'Ymiron",,,,,,,,,,,,,,0xFF01FE,0x0,0,,,0,-500.0,0.0,,
3986,571,495,1621,0x40004441,0,0,0,0,0,70,,,"Les confins de l'écho",,,,,,,,,,,,,,0xFF01FE,0x0,0,,,0,-500.0,0.0,,
3987,571,495,1622,0x40004441,0,0,0,409,0,70,,,"L'île des Lances",,,,,,,,,,,,,,0xFF01FE,0x0,0,,,0,-500.0,0.0,,
3988,571,495,1623,0x40004441,0,0,440,409,0,70,,,"Kamagua",,,,,,,,,,,,,,0xFF01FE,0x0,0,,,0,-500.0,0.0,,
3989,571,495,1624,0x40004441,0,0,440,0,0,70,,,"Récif de Garvan",,,,,,,,,,,,,,0xFF01FE,0x0,0,,,0,-500.0,0.0,,
3990,571,495,1625,0x40004441,0,0,440,0,0,70,,,"Cap du Forban",,,,,,,,,,,,,,0xFF01FE,0x0,0,,,0,-500.0,0.0,,
3991,571,495,1626,0x40004441,0,0,447,0,0,70,,,"Nouvelle-Agamand",,,,,,,,,,,,,,0xFF01FE,0x0,0,,,0,-500.0,0.0,,
3992,571,495,1627,0x40004441,0,0,0,0,0,70,,,"L'antique élévateur",,,,,,,,,,,,,,0xFF01FE,0x0,0,,,0,-500.0,0.0,,
3993,571,495,1628,0x40004441,0,0,0,0,0,70,,,"Tourelle de la Garde de l'ouest",,,,,,,,,,,,,,0xFF01FE,0x0,0,,,0,-500.0,0.0,,
3994,571,495,1629,0x40004441,0,0,447,0,0,70,,,"Halegrince",,,,,,,,,,,,,,0xFF01FE,0x0,0,,,0,-500.0,0.0,,
3995,571,495,1630,0x40004441,0,0,0,0,0,70,,,"La grève Rieuse",,,,,,,,,,,,,,0xFF01FE,0x0,0,,,0,-500.0,0.0,,
3996,571,495,1631,0x40004441,0,0,440,419,0,70,,,"Excavations de Baelgun",,,,,,,,,,,,,,0xFF01FE,0x0,0,,,0,-500.0,0.0,,
3997,571,495,1632,0x40004441,0,0,0,0,0,70,,,"Avant-poste de la Ligue des explorateurs",,,,,,,,,,,,,,0xFF01FE,0x0,0,,,0,-500.0,0.0,,
3998,571,495,1633,0x40204441,0,0,0,0,0,70,,,"Donjon de la Garde de l'ouest",,,,,,,,,,,,,,0xFF01FE,0x0,0,,,0,-500.0,0.0,,
3999,571,495,1634,0x40004441,0,0,0,419,0,70,,,"Porte d'acier",,,,,,,,,,,,,,0xFF01FE,0x0,0,,,0,-500.0,0.0,,
4000,571,495,1635,0x40204441,0,0,447,0,0,70,,,"Accostage de la Vengeance",,,,,,,,,,,,,,0xFF01FE,0x0,0,,,0,-500.0,0.0,,
4001,571,495,1636,0x40004441,0,0,0,458,0,70,,,"Torvheim",,,,,,,,,,,,,,0xFF01FE,0x0,0,,,0,-500.0,0.0,,
4002,571,495,1637,0x40004441,0,0,0,458,0,70,,,"Mörg",,,,,,,,,,,,,,0xFF01FE,0x0,0,,,0,-500.0,0.0,,
4003,571,495,1638,0x40204441,0,0,450,453,0,70,,,"Fort Hardivar",,,,,,,,,,,,,,0xFF01FE,0x0,0,,,0,-500.0,0.0,,
4004,571,495,1639,0x40000041,0,0,0,0,0,70,,,"Vileproie",,,,,,,,,,,,,,0xFF01FE,0x0,0,,,0,-500.0,0.0,,
4005,571,495,1640,0x40004441,0,0,0,419,0,70,,,"Ruines d'Ivald",,,,,,,,,,,,,,0xFF01FE,0x0,0,,,0,-500.0,0.0,,
4006,571,495,1641,0x40004441,0,0,447,458,0,70,,,"Gjalerbron",,,,,,,,,,,,,,0xFF01FE,0x0,0,,,0,-500.0,0.0,,
4007,571,495,1642,0x40004441,0,0,0,0,0,70,,,"Tombeau des Rois perdus",,,,,,,,,,,,,,0xFF01FE,0x0,0,,,0,-500.0,0.0,,
4008,530,3522,1643,0x40004440,0,0,0,0,0,70,,,"Transporteur de Shartuul",,,,,,,,,,,,,,0xFF01FE,0x0,0,,,0,-500.0,0.0,,
4009,564,3959,1644,0x40000000,0,0,0,0,0,0,,,"Terrain d'entraînement Illidari",,,,,,,,,,,,,,0xFF01FE,0x0,0,,,0,-500.0,0.0,,
4010,1,15,1645,0x40200040,0,0,0,0,0,38,,,"Bourbe-à-brac",,,,,,,,,,,,,,0xFF01FE,0x0,0,,,0,-500.0,0.0,,
4018,571,495,1646,0x40204441,0,0,450,416,0,70,,,"Camp Sabot-d'hiver",,,,,,,,,,,,,,0xFF01FE,0x0,0,,,0,-500.0,0.0,,
4019,451,0,1647,0x4440,0,0,0,0,0,0,,,"Terrain en développement",,,,,,,,,,,,,,0xFF01FE,0x0,0,,,0,-500.0,0.0,,
4020,571,3537,1648,0x40004440,0,0,0,461,565,70,,,"Carrière de pierres de pouvoir",,,,,,,,,,,,,,0xFF01FE,0x0,0,,,0,-500.0,0.0,,
4021,571,3537,1649,0x40004440,0,0,0,0,0,70,,,"Plaines de Spore-sang",,,,,,,,,,,,,,0xFF01FE,0x0,0,,,0,-500.0,0.0,,
4022,571,3537,1650,0x40004440,0,0,0,465,0,70,,,"Gammoth",,,,,,,,,,,,,,0xFF01FE,0x0,0,,,0,-500.0,0.0,,
4023,571,3537,1651,0x40004440,0,0,0,413,0,70,,,"Escarpement d'Ambre",,,,,,,,,,,,,,0xFF01FE,0x0,0,,,0,-500.0,0.0,,
4024,571,3537,1652,0x40004440,0,0,452,447,0,70,,,"Frimarra",,,,,,,,,,,,,,0xFF01FE,0x0,0,,,0,-500.0,0.0,,
4025,571,3537,1653,0x40004440,0,0,440,413,0,70,,,"La Faille-Ouest",,,,,,,,,,,,,,0xFF01FE,0x0,0,,,0,-500.0,0.0,,
4026,571,3537,1654,0x40004440,0,0,0,0,0,70,,,"L'escalier Transitus",,,,,,,,,,,,,,0xFF01FE,0x0,0,,,0,-500.0,0.0,,
4027,571,3537,1655,0x40004440,0,0,440,0,0,70,,,"Côte des Échos",,,,,,,,,,,,,,0xFF01FE,0x0,0,,,0,-500.0,0.0,,
4028,571,3537,1656,0x40004440,0,0,440,462,567,70,,,"Grève des Courcinglants",,,,,,,,,,,,,,0xFF01FE,0x0,0,,,0,-500.0,0.0,,
4029,571,3537,1657,0x40004440,0,0,440,462,567,70,,,"Ruines des Courcinglants",,,,,,,,,,,,,,0xFF01FE,0x0,0,,,0,-500.0,0.0,,
4030,571,3537,1658,0x40004440,0,0,0,0,0,70,,,"Côte des Idoles",,,,,,,,,,,,,,0xFF01FE,0x0,0,,,0,-500.0,0.0,,
4031,571,3537,1659,0x40004440,0,0,0,462,567,70,,,"Pal'ea",,,,,,,,,,,,,,0xFF01FE,0x0,0,,,0,-500.0,0.0,,
4032,571,3537,1660,0x40204440,0,0,446,413,0,70,,,"Donjon de la Bravoure",,,,,,,,,,,,,,0xFF01FE,0x0,0,,,0,-500.0,0.0,,
4033,571,3537,1661,0x40004440,0,0,440,0,0,70,,,"Aileron-d'hiver",,,,,,,,,,,,,,0xFF01FE,0x0,0,,,0,-500.0,0.0,,
4034,571,3537,1662,0x40004440,0,0,450,0,0,70,,,"Le mur Boréen",,,,,,,,,,,,,,0xFF01FE,0x0,0,,,0,-500.0,0.0,,
4035,571,3537,1663,0x40004440,0,0,0,496,0,70,,,"Les champs de Geysers",,,,,,,,,,,,,,0xFF01FE,0x0,0,,,0,-500.0,0.0,,
4036,571,3537,1664,0x40004440,0,0,0,496,0,70,,,"Station de pompage de Spumelevier",,,,,,,,,,,,,,0xFF01FE,0x0,0,,,0,-500.0,0.0,,
4037,571,3537,1665,0x40204440,0,0,0,416,0,70,,,"Taunka'le",,,,,,,,,,,,,,0xFF01FE,0x0,0,,,0,-500.0,0.0,,
4038,571,3537,1666,0x40004440,0,0,0,0,0,70,,,"Cavernes de Magnamoth",,,,,,,,,,,,,,0xFF01FE,0x0,0,,,0,-500.0,0.0,,
4039,571,3537,1667,0x40004440,0,0,0,0,0,70,,,"Carrière de Rochefroide",,,,,,,,,,,,,,0xFF01FE,0x0,0,,,0,-500.0,0.0,,
4040,571,3537,1668,0x40004440,0,0,440,410,0,70,,,"Baie du Souffle de Njord",,,,,,,,,,,,,,0xFF01FE,0x0,0,,,0,-500.0,0.0,,
4041,571,3537,1669,0x40004440,0,0,440,410,0,70,,,"Kaskala",,,,,,,,,,,,,,0xFF01FE,0x0,0,,,0,-500.0,0.0,,
4042,571,3537,1670,0x40004440,0,0,450,0,0,70,,,"Transborée",,,,,,,,,,,,,,0xFF01FE,0x0,0,,,0,-500.0,0.0,,
4043,571,3537,1671,0x40004440,0,0,0,0,0,70,,,"Les plaines Inondées",,,,,,,,,,,,,,0xFF01FE,0x0,0,,,0,-500.0,0.0,,
4046,1,15,1672,0x40000040,0,0,0,0,0,37,,,"Poste de Navrecorne",,,,,,,,,,,,,,0xFF01FE,0x0,0,,,0,-500.0,0.0,,
4047,1,15,1673,0x40000040,0,0,0,0,0,35,,,"Point d'accostage de Nat",,,,,,,,,,,,,,0xFF01FE,0x0,0,,,0,-500.0,0.0,,
4048,571,495,1674,0x40004441,0,0,430,458,0,71,,,"Étreinte de braise",,,,,,,,,,,,,,0xFF01FE,0x0,0,,,0,-500.0,0.0,,
4049,1,15,1675,0x40000040,0,0,0,0,0,36,,,"Ferme de Tabetha",,,,,,,,,,,,,,0xFF01FE,0x0,0,,,0,-500.0,0.0,,
4050,571,495,1676,0x40004441,0,0,440,0,0,68,,,"Grève des Épaves",,,,,,,,,,,,,,0xFF01FE,0x0,0,,,0,-500.0,0.0,,
4051,571,495,1677,0x40004441,0,0,0,0,0,70,,,"La clairière Gelée",,,,,,,,,,,,,,0xFF01FE,0x0,0,,,0,-500.0,0.0,,
4052,571,495,1678,0x40004441,0,0,449,0,0,70,,,"La clairière Vibrante",,,,,,,,,,,,,,0xFF01FE,0x0,0,,,0,-500.0,0.0,,
4053,571,495,1679,0x40004441,0,0,0,0,0,70,,,"La clairière Tordue",,,,,,,,,,,,,,0xFF01FE,0x0,0,,,0,-500.0,0.0,,
4054,571,495,1680,0x40004441,0,0,447,0,0,70,,,"Clivebois",,,,,,,,,,,,,,0xFF01FE,0x0,0,,,0,-500.0,0.0,,
4055,571,495,1681,0x40004441,0,0,450,0,0,70,,,"Lac Caldemere",,,,,,,,,,,,,,0xFF01FE,0x0,0,,,0,-500.0,0.0,,
4056,571,495,1682,0x40004441,0,0,429,0,0,70,,,"Catacombes d'Utgarde",,,,,,,,,,,,,,0xFF01FE,0x0,0,,,0,-500.0,0.0,,
4057,571,495,1683,0x40004441,0,0,0,0,0,70,,,"Colline du Bouclier",,,,,,,,,,,,,,0xFF01FE,0x0,0,,,0,-500.0,0.0,,
4058,571,495,1684,0x40004441,0,0,0,0,0,70,,,"Lac Calderos",,,,,,,,,,,,,,0xFF01FE,0x0,0,,,0,-500.0,0.0,,
4059,571,495,1685,0x40004441,0,0,0,0,0,70,,,"Île Calderos",,,,,,,,,,,,,,0xFF01FE,0x0,0,,,0,-500.0,0.0,,
4060,571,495,1686,0x40004441,0,0,440,0,0,68,,,"Val Sanglant",,,,,,,,,,,,,,0xFF01FE,0x0,0,,,0,-500.0,0.0,,
4061,571,495,1687,0x40004441,0,0,0,419,0,70,,,"La piste des Géants",,,,,,,,,,,,,,0xFF01FE,0x0,0,,,0,-500.0,0.0,,
4062,571,495,1688,0x40004441,0,0,0,0,0,70,,,"Camp des Apothicaires",,,,,,,,,,,,,,0xFF01FE,0x0,0,,,0,-500.0,0.0,,
4063,571,495,1689,0x40004441,0,0,0,0,0,70,,,"Tour de la Lance de braise",,,,,,,,,,,,,,0xFF01FE,0x0,0,,,0,-500.0,0.0,,
4064,571,495,1690,0x40004441,0,0,440,0,0,70,,,"Les détroits Fracassés",,,,,,,,,,,,,,0xFF01FE,0x0,0,,,0,-500.0,0.0,,
4065,571,495,1691,0x40004441,0,0,450,0,0,71,,,"Gjalercorne",,,,,,,,,,,,,,0xFF01FE,0x0,0,,,0,-500.0,0.0,,
4066,571,495,1692,0x40004441,0,0,450,0,0,71,,,"Pic de Givrelame",,,,,,,,,,,,,,0xFF01FE,0x0,0,,,0,-500.0,0.0,,
4067,0,139,1693,0x40008040,0,0,0,0,0,56,,,"Tour de Pestebois",,,,,,,,,,,,,,0xFF01FE,0x0,0,,,0,-500.0,0.0,,
4068,571,495,1694,0x40004441,0,0,0,0,0,70,,,"Tour de la Lance de l'ouest",,,,,,,,,,,,,,0xFF01FE,0x0,0,,,0,-500.0,0.0,,
4069,571,495,1695,0x40004441,0,0,0,0,0,70,,,"Tour de la Lance du nord",,,,,,,,,,,,,,0xFF01FE,0x0,0,,,0,-500.0,0.0,,
4070,571,495,1696,0x40004441,0,0,440,0,0,71,,,"Côte de Frissonde",,,,,,,,,,,,,,0xFF01FE,0x0,0,,,0,-500.0,0.0,,
4071,571,495,1697,0x40004441,84,0,448,419,0,70,,,"Goulet des Murmures",,,,,,,,,,,,,,0xFF01FE,0x0,0,,,0,-500.0,0.0,,
4072,451,151,1698,0x40004440,0,0,0,0,0,0,,,"Sous-zone",,,,,,,,,,,,,,0xFF01FE,0x0,0,,,0,-500.0,0.0,,
4073,571,495,1699,0x40004441,0,0,0,0,0,70,,,"Terrasse de l'Hiver",,,,,,,,,,,,,,0xFF01FE,0x0,0,,,0,-500.0,0.0,,
4074,571,495,1700,0x40004441,0,0,0,0,0,70,,,"Les salles de l'Éveil",,,,,,,,,,,,,,0xFF01FE,0x0,0,,,0,-500.0,0.0,,
4075,580,0,1701,0x0,0,0,0,0,0,0,,,"Plateau du Puits de soleil",,,,,,,,,,,,,,0xFF01FE,0x0,0,,,0,-500.0,0.0,,
4076,598,0,1702,0x0,0,0,0,0,0,0,,,"Reuse Me 7",,,,,,,,,,,,,,0xFF01FE,0x0,0,,,0,-500.0,0.0,,
4077,571,495,1703,0x40004441,0,0,440,0,0,70,,,"La grève de Sorlof",,,,,,,,,,,,,,0xFF01FE,0x0,0,,,0,-500.0,0.0,,
4078,530,3519,1704,0x40004440,0,0,0,0,0,70,,,"Éminence de Tranchépine",,,,,,,,,,,,,,0xFF01FE,0x0,0,,,0,-500.0,0.0,,
4079,571,495,1705,0x40004441,0,0,0,0,0,70,,,"Passe de Givrelame",,,,,,,,,,,,,,0xFF01FE,0x0,0,,,0,-500.0,0.0,,
4080,530,0,1706,0x40,0,0,351,402,0,70,,,"Île de Quel'Danas",,,,,,,,,,,,,,0xFF01FE,0x0,0,,,0,-500.0,0.0,,
4081,530,4080,1707,0x40000040,0,0,351,0,0,0,,,"Le Chasselaube",,,,,,,,,,,,,,0xFF01FE,0x0,0,,,0,-500.0,0.0,,
4082,530,4080,1708,0x40000040,0,0,351,0,0,0,,,"Le Sin'loren",,,,,,,,,,,,,,0xFF01FE,0x0,0,,,0,-500.0,0.0,,
4083,530,4080,1709,0x40000040,0,0,351,0,0,0,,,"La Fierté de Lune-d'argent",,,,,,,,,,,,,,0xFF01FE,0x0,0,,,0,-500.0,0.0,,
4084,530,4080,1710,0x40000040,0,0,351,0,0,0,,,"Le Serment de sang",,,,,,,,,,,,,,0xFF01FE,0x0,0,,,0,-500.0,0.0,,
4085,530,4080,1711,0x40200040,0,0,351,0,0,70,,,"Zone de rassemblement du Soleil brisé",,,,,,,,,,,,,,0xFF01FE,0x0,0,,,0,-500.0,0.0,,
4086,530,4080,1712,0x40000040,0,0,351,0,0,0,,,"Sanctum des Confins du soleil",,,,,,,,,,,,,,0xFF01FE,0x0,0,,,0,-500.0,0.0,,
4087,530,4080,1713,0x40000040,0,0,351,0,0,0,,,"Port des Confins du soleil",,,,,,,,,,,,,,0xFF01FE,0x0,0,,,0,-500.0,0.0,,
4088,530,4080,1714,0x40000040,0,0,351,0,0,0,,,"Armurerie des Confins du soleil",,,,,,,,,,,,,,0xFF01FE,0x0,0,,,0,-500.0,0.0,,
4089,530,4080,1715,0x40000040,0,0,351,0,0,0,,,"Aubétoile",,,,,,,,,,,,,,0xFF01FE,0x0,0,,,0,-500.0,0.0,,
4090,530,4080,1716,0x40000040,0,0,351,0,0,0,,,"Place du Point-du-jour",,,,,,,,,,,,,,0xFF01FE,0x0,0,,,0,-500.0,0.0,,
4091,530,4080,1717,0x40000040,0,0,351,0,0,0,,,"Côte de Verte-branchie",,,,,,,,,,,,,,0xFF01FE,0x0,0,,,0,-500.0,0.0,,
4092,530,4080,1718,0x40000040,0,0,363,300,0,0,,,"La Malebrèche",,,,,,,,,,,,,,0xFF01FE,0x0,0,,,0,-500.0,0.0,,
4093,530,4080,1719,0x40000040,0,0,0,0,0,0,,,"La forge du Soleil",,,,,,,,,,,,,,0xFF01FE,0x0,0,,,0,-500.0,0.0,,
4094,530,4080,1720,0x40000040,0,0,351,0,0,0,,,"Plateau du Puits de soleil",,,,,,,,,,,,,,0xFF01FE,0x0,0,,,0,-500.0,0.0,,
4095,530,4080,1721,0x40000040,0,0,351,0,0,0,,,"Terrasse des Magistères",,,,,,,,,,,,,,0xFF01FE,0x0,0,,,0,-500.0,0.0,,
4096,451,4019,1722,0x40004440,0,0,0,0,0,0,,,"Claytön's WoWEdit Land",,,,,,,,,,,,,,0xFF01FE,0x0,0,,,0,-500.0,0.0,,
4097,571,3537,1723,0x40004440,0,0,440,462,0,71,,,"Cavernes des Ailerons-d'hiver",,,,,,,,,,,,,,0xFF01FE,0x0,0,,,0,-500.0,0.0,,
4098,571,3537,1724,0x40004440,0,0,440,413,0,70,,,"Baie Scintillante",,,,,,,,,,,,,,0xFF01FE,0x0,0,,,0,-500.0,0.0,,
4099,571,3537,1725,0x40004440,0,0,440,462,0,71,,,"Retraite des Ailerons-d'hiver",,,,,,,,,,,,,,0xFF01FE,0x0,0,,,0,-500.0,0.0,,
4100,595,0,1726,0x0,0,0,35,438,0,0,,,"L'Épuration de Stratholme",,,,,,,,,,,,,,0xFF01FE,0x0,0,,,0,-500.0,0.5,,
4101,571,3537,1727,0x40004440,0,0,440,0,0,70,,,"Sables de Nasam",,,,,,,,,,,,,,0xFF01FE,0x0,0,,,0,-500.0,0.0,,
4102,571,3537,1728,0x40004440,0,0,440,0,0,70,,,"Point d'ancrage de Krom",,,,,,,,,,,,,,0xFF01FE,0x0,0,,,0,-500.0,0.0,,
4103,571,3537,1729,0x40004440,0,0,440,0,0,70,,,"La serre de Nasam",,,,,,,,,,,,,,0xFF01FE,0x0,0,,,0,-500.0,0.0,,
4104,571,3537,1730,0x40004440,0,0,440,0,0,71,,,"Crique de l'Écho",,,,,,,,,,,,,,0xFF01FE,0x0,0,,,0,-500.0,0.0,,
4105,571,3537,1731,0x40004440,0,0,0,413,0,70,,,"Halte de Béryl",,,,,,,,,,,,,,0xFF01FE,0x0,0,,,0,-500.0,0.0,,
4106,571,3537,1732,0x40004440,0,0,0,462,566,70,,,"Point d'accostage de Garrosh",,,,,,,,,,,,,,0xFF01FE,0x0,0,,,0,-500.0,0.0,,
4107,571,3537,1733,0x40004440,0,0,440,0,0,70,,,"Jetée chanteguerre",,,,,,,,,,,,,,0xFF01FE,0x0,0,,,0,-500.0,0.0,,
4108,571,3537,1734,0x40004440,0,0,0,496,0,70,,,"Piste d'atterrissage de Spumelevier",,,,,,,,,,,,,,0xFF01FE,0x0,0,,,0,-500.0,0.0,,
4109,571,3537,1735,0x40004440,0,0,0,0,0,70,,,"Lac Kum'uya",,,,,,,,,,,,,,0xFF01FE,0x0,0,,,0,-500.0,0.0,,
4110,571,3537,1736,0x40004440,0,0,0,0,0,70,,,"Champs de Comté-lointaine",,,,,,,,,,,,,,0xFF01FE,0x0,0,,,0,-500.0,0.0,,
4111,571,3537,1737,0x40004440,0,0,0,0,0,70,,,"Comté-lointaine",,,,,,,,,,,,,,0xFF01FE,0x0,0,,,0,-500.0,0.0,,
4112,571,3537,1738,0x40004440,0,0,0,0,0,70,,,"Phare de Comté-lointaine",,,,,,,,,,,,,,0xFF01FE,0x0,0,,,0,-500.0,0.0,,
4113,571,3537,1739,0x40004440,0,0,450,410,0,70,,,"Unu'pe",,,,,,,,,,,,,,0xFF01FE,0x0,0,,,0,-500.0,0.0,,
4114,571,3537,1740,0x40004440,0,0,450,0,0,71,,,"Le séjour de la Mort",,,,,,,,,,,,,,0xFF01FE,0x0,0,,,0,-500.0,0.0,,
4115,571,3537,1741,0x40004440,0,0,440,0,0,70,,,"Les confins Abandonnés",,,,,,,,,,,,,,0xFF01FE,0x0,0,,,0,-500.0,0.0,,
4116,571,3537,1742,0x40004440,0,0,0,496,0,70,,,"Bassins Brûlants",,,,,,,,,,,,,,0xFF01FE,0x0,0,,,0,-500.0,0.0,,
4117,571,3537,1743,0x40004440,0,0,0,496,0,70,,,"Sources de vapeur",,,,,,,,,,,,,,0xFF01FE,0x0,0,,,0,-500.0,0.0,,
4118,571,3537,1744,0x40004440,0,0,0,0,0,71,,,"Talramas",,,,,,,,,,,,,,0xFF01FE,0x0,0,,,0,-500.0,0.0,,
4119,571,3537,1745,0x40004440,0,0,0,496,0,71,,,"Les bassins Purulents",,,,,,,,,,,,,,0xFF01FE,0x0,0,,,0,-500.0,0.0,,
4120,571,3537,1746,0x40004440,0,0,452,466,0,71,,,"Le Nexus",,,,,,,,,,,,,,0xFF01FE,0x0,0,,,0,-500.0,0.0,,
4121,571,3537,1747,0x40004440,0,0,0,0,0,71,,,"Bouclier Transitus",,,,,,,,,,,,,,0xFF01FE,0x0,0,,,0,-500.0,0.0,,
4122,571,3537,1748,0x40204440,0,0,0,461,565,71,,,"Avant-poste de Bor'gorok",,,,,,,,,,,,,,0xFF01FE,0x0,0,,,0,-500.0,0.0,,
4123,571,3537,1749,0x40004440,0,0,0,465,0,71,,,"Magmoth",,,,,,,,,,,,,,0xFF01FE,0x0,0,,,0,-500.0,0.0,,
4124,571,3537,1750,0x40004440,0,0,450,0,0,71,,,"Les tanières du Trépas",,,,,,,,,,,,,,0xFF01FE,0x0,0,,,0,-500.0,0.0,,
4125,571,3537,1751,0x40004440,0,0,0,464,0,71,,,"Ville-temple d'En'kilah",,,,,,,,,,,,,,0xFF01FE,0x0,0,,,0,-500.0,0.0,,
4126,571,3537,1752,0x40004440,0,0,439,0,0,71,,,"La ziggourat Gémissante",,,,,,,,,,,,,,0xFF01FE,0x0,0,,,0,-500.0,0.0,,
4127,571,3537,1753,0x40004440,0,0,0,0,0,71,,,"Caravane de Mâchoire-d'acier",,,,,,,,,,,,,,0xFF01FE,0x0,0,,,0,-500.0,0.0,,
4128,571,3537,1754,0x40005440,0,0,0,0,0,72,,,"Naxxanar",,,,,,,,,,,,,,0xFF01FE,0x0,0,,,0,-500.0,0.0,,
4129,571,3537,1755,0x44604400,0,0,0,461,565,70,,,"Bastion Chanteguerre",,,,,,,,,,,,,,0xFF01FE,0x0,0,,,0,-500.0,0.0,,
4130,571,3537,1756,0x40005440,0,0,0,0,0,70,,,"Les plaines de Nasam",,,,,,,,,,,,,,0xFF01FE,0x0,0,,,0,-500.0,0.0,,
4131,585,0,1757,0x0,0,0,0,0,0,0,,,"Terrasse des Magistères",,,,,,,,,,,,,,0xFF01FE,0x0,0,,,0,-500.0,0.699999988079,,
4132,571,3537,1758,0x40004440,0,0,0,462,566,71,,,"Ruines d'Eldra'nath",,,,,,,,,,,,,,0xFF01FE,0x0,0,,,0,-500.0,0.0,,
4133,571,3537,1759,0x40004440,0,0,0,0,0,70,,,"Cime Calcinée",,,,,,,,,,,,,,0xFF01FE,0x0,0,,,0,-500.0,0.0,,
4134,571,3537,1760,0x40004440,0,0,0,0,0,70,,,"Bassin Caustique",,,,,,,,,,,,,,0xFF01FE,0x0,0,,,0,-500.0,0.0,,
4135,571,3537,1761,0x40004440,0,0,0,464,0,71,,,"Flèche du Sang",,,,,,,,,,,,,,0xFF01FE,0x0,0,,,0,-500.0,0.0,,
4136,571,3537,1762,0x40004440,0,0,0,464,0,71,,,"Flèche de la Décomposition",,,,,,,,,,,,,,0xFF01FE,0x0,0,,,0,-500.0,0.0,,
4137,571,3537,1763,0x40004440,0,0,0,464,0,71,,,"Flèche de la Douleur",,,,,,,,,,,,,,0xFF01FE,0x0,0,,,0,-500.0,0.0,,
4138,571,3537,1764,0x40004440,0,0,450,0,0,70,,,"Les confins Gelés",,,,,,,,,,,,,,0xFF01FE,0x0,0,,,0,-500.0,0.0,,
4139,580,4075,1765,0x40000000,0,0,351,407,0,0,,,"Place Parhélion",,,,,,,,,,,,,,0xFF01FE,0x0,0,,,0,-500.0,0.0,,
4140,580,4075,1768,0x40000000,0,0,363,407,0,0,,,"La Malebrèche",,,,,,,,,,,,,,0xFF01FE,0x0,0,,,0,-500.0,0.0,,
4141,571,3537,1771,0x40004440,0,0,0,0,0,70,,,"Ferme de Torp",,,,,,,,,,,,,,0xFF01FE,0x0,0,,,0,-500.0,0.0,,
4142,571,3537,1772,0x40004440,0,0,0,0,0,70,,,"Grenier chanteguerre",,,,,,,,,,,,,,0xFF01FE,0x0,0,,,0,-500.0,0.0,,
4143,571,3537,1773,0x40004440,0,0,0,0,0,70,,,"Abattoir chanteguerre",,,,,,,,,,,,,,0xFF01FE,0x0,0,,,0,-500.0,0.0,,
4144,571,3537,1774,0x40004440,0,0,0,0,0,70,,,"Avant-poste des fermes chanteguerres",,,,,,,,,,,,,,0xFF01FE,0x0,0,,,0,-500.0,0.0,,
4145,571,3537,1775,0x40004440,0,0,0,0,0,70,,,"Poste de la Halte de l'ouest",,,,,,,,,,,,,,0xFF01FE,0x0,0,,,0,-500.0,0.0,,
4146,571,3537,1776,0x40004440,0,0,0,496,0,70,,,"Poste de la Halte du nord",,,,,,,,,,,,,,0xFF01FE,0x0,0,,,0,-500.0,0.0,,
4147,571,3537,1777,0x40004440,0,0,0,0,0,70,,,"Poste de la Halte du centre",,,,,,,,,,,,,,0xFF01FE,0x0,0,,,0,-500.0,0.0,,
4148,571,3537,1778,0x40004440,0,0,0,0,0,71,,,"Poste de la Halte du sud",,,,,,,,,,,,,,0xFF01FE,0x0,0,,,0,-500.0,0.0,,
4149,571,3537,1779,0x40004440,0,0,0,0,0,70,,,"Campement de la SdPA",,,,,,,,,,,,,,0xFF01FE,0x0,0,,,0,-500.0,0.0,,
4150,571,3537,1780,0x40004440,0,0,0,0,0,71,,,"Perchoir de Kaw",,,,,,,,,,,,,,0xFF01FE,0x0,0,,,0,-500.0,0.0,,
4151,571,65,1781,0x40004440,0,0,0,416,0,72,,,"Camp de réfugiés de Ponevent",,,,,,,,,,,,,,0xFF01FE,0x0,0,,,0,-500.0,0.0,,
4152,571,65,1782,0x40004444,0,0,440,411,0,71,,,"Port-Moa'ki",,,,,,,,,,,,,,0xFF01FE,0x0,0,,,0,-500.0,0.0,,
4153,571,65,1783,0x40004444,0,0,0,411,0,71,,,"Indu'le",,,,,,,,,,,,,,0xFF01FE,0x0,0,,,0,-500.0,0.0,,
4154,571,65,1784,0x40004444,0,0,0,0,0,71,,,"Clairière de Tombeneige",,,,,,,,,,,,,,0xFF01FE,0x0,0,,,0,-500.0,0.0,,
4155,571,65,1785,0x40004444,0,0,0,0,0,73,,,"La demi-coquille",,,,,,,,,,,,,,0xFF01FE,0x0,0,,,0,-500.0,0.0,,
4156,571,65,1786,0x40004444,0,0,453,0,0,71,,,"Capteur tellurique",,,,,,,,,,,,,,0xFF01FE,0x0,0,,,0,-500.0,0.0,,
4157,571,65,1787,0x40004444,0,0,453,462,567,71,,,"Jardins de Repos-de-Lune",,,,,,,,,,,,,,0xFF01FE,0x0,0,,,0,-500.0,0.0,,
4158,571,65,1788,0x40204444,0,0,0,462,567,71,,,"Repos des étoiles",,,,,,,,,,,,,,0xFF01FE,0x0,0,,,0,-500.0,0.0,,
4159,571,394,1789,0x40204440,0,0,0,453,564,74,,,"Campement de la brigade de la marche de l'Ouest",,,,,,,,,,,,,,0xFF01FE,0x0,0,,,0,-500.0,0.0,,
4160,571,65,1790,0x40004444,0,0,0,0,0,71,,,"Forêt de Lothalor",,,,,,,,,,,,,,0xFF01FE,0x0,0,,,0,-500.0,0.0,,
4161,571,65,1791,0x40204461,0,0,453,0,0,73,,,"Temple du Repos du ver",,,,,,,,,,,,,,0xFF01FE,0x0,0,,,0,-500.0,0.0,,
4162,571,65,1792,0x40004440,0,0,0,0,0,72,,,"Chutes de Brume-glace",,,,,,,,,,,,,,0xFF01FE,0x0,0,,,0,-500.0,0.0,,
4163,571,65,1793,0x40004440,0,0,0,416,0,72,,,"Brume-glace",,,,,,,,,,,,,,0xFF01FE,0x0,0,,,0,-500.0,0.0,,
4164,571,65,1794,0x40004440,0,0,0,491,0,72,,,"La fosse de Narjun",,,,,,,,,,,,,,0xFF01FE,0x0,0,,,0,-500.0,0.75,,
4165,571,65,1795,0x40004440,0,0,0,461,565,72,,,"Marteau d'Agmar",,,,,,,,,,,,,,0xFF01FE,0x0,0,,,0,-500.0,0.0,,
4166,571,65,1796,0x40004440,0,0,0,464,0,72,,,"Lac Indu'le",,,,,,,,,,,,,,0xFF01FE,0x0,0,,,0,-500.0,0.0,,
4167,571,65,1797,0x40004440,0,0,430,465,0,72,,,"Sanctuaire draconique obsidien",,,,,,,,,,,,,,0xFF01FE,0x0,0,,,0,-500.0,0.0,,
4168,571,65,1798,0x40004440,0,0,455,424,0,72,,,"Sanctuaire draconique rubis",,,,,,,,,,,,,,0xFF01FE,0x0,0,,,0,-500.0,0.0,,
4169,571,65,1799,0x40004440,0,0,0,453,0,72,,,"Bastion Fordragon",,,,,,,,,,,,,,0xFF01FE,0x0,0,,,0,-500.0,0.0,,
4170,571,65,1800,0x40004440,0,0,453,461,565,72,,,"Avant-garde kor'kronne",,,,,,,,,,,,,,0xFF01FE,0x0,0,,,0,-500.0,0.0,,
4171,571,65,1801,0x40004440,0,0,453,452,0,72,,,"La cour des Crânes",,,,,,,,,,,,,,0xFF01FE,0x0,0,,,0,-500.0,0.0,,
4172,571,65,1802,0x40004440,0,0,453,452,0,72,,,"Angrathar, le portail du Courroux",,,,,,,,,,,,,,0xFF01FE,0x0,0,,,0,-500.0,0.0,,
4173,571,65,1803,0x40005440,0,0,453,412,0,73,,,"Le Repos de Galakrond",,,,,,,,,,,,,,0xFF01FE,0x0,0,,,0,-500.0,0.0,,
4174,571,65,1804,0x40004440,0,0,453,0,0,73,,,"La Spirale pernicieuse",,,,,,,,,,,,,,0xFF01FE,0x0,0,,,0,-500.0,0.0,,
4175,571,65,1805,0x40004440,0,0,453,465,0,73,,,"Sanctuaire draconique bronze",,,,,,,,,,,,,,0xFF01FE,0x0,0,,,0,-500.0,0.0,,
4176,571,65,1806,0x40004440,0,0,453,0,0,73,,,"Le Miroir de l'aube",,,,,,,,,,,,,,0xFF01FE,0x0,0,,,0,-500.0,0.0,,
4177,571,65,1807,0x40004440,0,0,0,452,0,73,,,"Donjon de Garde-hiver",,,,,,,,,,,,,,0xFF01FE,0x0,0,,,0,-500.0,0.0,,
4178,571,65,1808,0x40004440,0,0,0,464,0,73,,,"Mine de Garde-hiver",,,,,,,,,,,,,,0xFF01FE,0x0,0,,,0,-500.0,0.0,,
4179,571,65,1809,0x40004440,0,0,454,424,0,73,,,"Sanctuaire draconique émeraude",,,,,,,,,,,,,,0xFF01FE,0x0,0,,,0,-500.0,0.0,,
4180,571,65,1810,0x40004440,0,0,456,412,0,73,,,"Nouvelle-Âtreval",,,,,,,,,,,,,,0xFF01FE,0x0,0,,,0,-500.0,0.0,,
4181,571,65,1811,0x40004440,0,0,440,0,0,73,,,"L'accostage du Croisé",,,,,,,,,,,,,,0xFF01FE,0x0,0,,,0,-500.0,0.0,,
4182,571,65,1812,0x40004440,0,0,0,0,0,73,,,"Folie du pécheur",,,,,,,,,,,,,,0xFF01FE,0x0,0,,,0,-500.0,0.0,,
4183,571,65,1813,0x40004440,0,0,0,465,0,72,,,"Sanctuaire draconique azur",,,,,,,,,,,,,,0xFF01FE,0x0,0,,,0,-500.0,0.0,,
4184,571,65,1814,0x40004440,0,0,453,0,0,73,,,"La voie des Titans",,,,,,,,,,,,,,0xFF01FE,0x0,0,,,0,-500.0,0.0,,
4185,571,65,1815,0x40004440,0,0,440,412,0,73,,,"La côte Oubliée",,,,,,,,,,,,,,0xFF01FE,0x0,0,,,0,-500.0,0.0,,
4186,571,65,1816,0x40204440,0,0,0,464,0,73,,,"Vexevenin",,,,,,,,,,,,,,0xFF01FE,0x0,0,,,0,-500.0,0.0,,
4187,571,65,1817,0x40004440,0,0,0,0,0,73,,,"L'Étau de cristal",,,,,,,,,,,,,,0xFF01FE,0x0,0,,,0,-500.0,0.0,,
4188,571,65,1818,0x40004440,0,0,453,464,0,74,,,"Les champs de la Charogne",,,,,,,,,,,,,,0xFF01FE,0x0,0,,,0,-500.0,0.0,,
4189,571,65,1819,0x40004440,0,0,0,412,0,74,,,"Camp de base de l'Assaut",,,,,,,,,,,,,,0xFF01FE,0x0,0,,,0,-500.0,0.0,,
4190,571,65,1820,0x40004440,0,0,0,0,0,74,,,"Poste de Thorson",,,,,,,,,,,,,,0xFF01FE,0x0,0,,,0,-500.0,0.0,,
4191,571,65,1821,0x40004440,0,0,0,0,0,74,,,"La Confiance de Lumière",,,,,,,,,,,,,,0xFF01FE,0x0,0,,,0,-500.0,0.0,,
4192,571,65,1822,0x40004440,0,0,0,0,0,73,,,"Caverne de Deuillegivre",,,,,,,,,,,,,,0xFF01FE,0x0,0,,,0,-500.0,0.0,,
4193,571,65,1823,0x40004440,0,0,0,0,0,73,,,"Halte Ecarlate",,,,,,,,,,,,,,0xFF01FE,0x0,0,,,0,-500.0,0.0,,
4194,571,65,1824,0x40004440,0,0,0,463,0,74,,,"Jintha'kalar",,,,,,,,,,,,,,0xFF01FE,0x0,0,,,0,-500.0,0.0,,
4195,571,65,1825,0x40004440,0,0,0,0,0,74,,,"Caverne du Cœur de glace",,,,,,,,,,,,,,0xFF01FE,0x0,0,,,0,-500.0,0.0,,
4196,600,0,1826,0x0,0,0,441,483,0,0,,,"Donjon de Drak'Tharon",,,,,,,,,,,,,,0xFF01FE,0x0,0,,,0,-500.0,0.699999988079,,
4197,571,0,1827,0x9004441,0,0,463,445,0,-1,,,"Joug-d'hiver",,,,,,,,,,,,,,0xFF01FE,0x0,81,,,0,1000.0,0.0,,
4198,571,65,1828,0x40004444,0,0,0,0,0,72,,,"Atoll de Kili'ua",,,,,,,,,,,,,,0xFF01FE,0x0,0,,,0,-500.0,0.0,,
4199,571,394,1829,0x40004440,0,0,0,459,563,74,,,"Ruissargent",,,,,,,,,,,,,,0xFF01FE,0x0,0,,,0,-500.0,0.0,,
4200,571,394,1830,0x40004440,0,0,0,460,564,74,,,"Cœur de Vordrassil",,,,,,,,,,,,,,0xFF01FE,0x0,0,,,0,-500.0,0.0,,
4201,571,0,1831,0x40,0,0,0,0,0,75,,,"Larmes de Vordrassil",,,,,,,,,,,,,,0xFF01FE,0x0,0,,,0,-500.0,0.0,,
4202,571,394,1832,0x40004440,0,0,0,459,563,74,,,"Larmes de Vordrassil",,,,,,,,,,,,,,0xFF01FE,0x0,0,,,0,-500.0,0.0,,
4203,571,394,1833,0x40004440,0,0,0,0,0,74,,,"Branche de Vordrassil",,,,,,,,,,,,,,0xFF01FE,0x0,0,,,0,-500.0,0.0,,
4204,571,394,1834,0x40004440,0,0,0,453,0,73,,,"Gîte Ambrepin",,,,,,,,,,,,,,0xFF01FE,0x0,0,,,0,-500.0,0.0,,
4205,571,394,1835,0x40004440,0,0,0,460,564,75,,,"Solstice",,,,,,,,,,,,,,0xFF01FE,0x0,0,,,0,-500.0,0.0,,
4206,571,394,1836,0x40004440,0,0,457,461,565,74,,,"Bastion de la Conquête",,,,,,,,,,,,,,0xFF01FE,0x0,0,,,0,-500.0,0.0,,
4207,571,394,1837,0x40004440,0,0,0,458,0,74,,,"Voldrune",,,,,,,,,,,,,,0xFF01FE,0x0,0,,,0,-500.0,0.0,,
4208,571,394,1838,0x40004440,0,0,0,459,563,73,,,"Sources de granit",,,,,,,,,,,,,,0xFF01FE,0x0,0,,,0,-500.0,0.0,,
4209,571,394,1839,0x40004440,0,0,0,463,0,74,,,"Zeb'Halak",,,,,,,,,,,,,,0xFF01FE,0x0,0,,,0,-500.0,0.0,,
4210,571,394,1840,0x40004440,0,0,441,463,0,73,,,"Donjon de Drak'Tharon",,,,,,,,,,,,,,0xFF01FE,0x0,0,,,0,-500.0,0.0,,
4211,571,394,1841,0x40204440,0,0,0,416,0,74,,,"Camp Oneqwah",,,,,,,,,,,,,,0xFF01FE,0x0,0,,,0,-500.0,0.0,,
4212,571,394,1842,0x40004440,0,0,0,459,563,74,,,"Rivage d'Estevent",,,,,,,,,,,,,,0xFF01FE,0x0,0,,,0,-500.0,0.0,,
4213,571,394,1843,0x40004440,0,0,0,0,0,74,,,"Les pitons Brisés",,,,,,,,,,,,,,0xFF01FE,0x0,0,,,0,-500.0,0.0,,
4214,571,394,1844,0x40004440,0,0,0,0,0,74,,,"Collines du Rocher",,,,,,,,,,,,,,0xFF01FE,0x0,0,,,0,-500.0,0.0,,
4215,571,394,1845,0x40004440,0,0,450,460,564,74,,,"Sanctuaire du Croc rageur",,,,,,,,,,,,,,0xFF01FE,0x0,0,,,0,-500.0,0.0,,
4216,571,394,1846,0x40004440,0,0,457,463,0,74,,,"Ruines de Drakil'jin",,,,,,,,,,,,,,0xFF01FE,0x0,0,,,0,-500.0,0.0,,
4217,571,394,1847,0x40004440,0,0,458,459,563,74,,,"Camp de bûcherons de la rivière Noire",,,,,,,,,,,,,,0xFF01FE,0x0,0,,,0,-500.0,0.0,,
4218,571,394,1848,0x40004440,0,0,0,0,0,74,,,"Sanctuaire du Sang du cœur",,,,,,,,,,,,,,0xFF01FE,0x0,0,,,0,-500.0,0.0,,
4219,571,394,1849,0x40004440,0,0,0,0,0,74,,,"Mine de la Pierre creuse",,,,,,,,,,,,,,0xFF01FE,0x0,0,,,0,-500.0,0.0,,
4220,571,394,1850,0x40004440,0,0,457,419,0,74,,,"Dun Argol",,,,,,,,,,,,,,0xFF01FE,0x0,0,,,0,-500.0,0.0,,
4221,571,394,1851,0x40004440,0,0,0,419,0,74,,,"Thor Modan",,,,,,,,,,,,,,0xFF01FE,0x0,0,,,0,-500.0,0.0,,
4222,571,394,1852,0x40004440,0,0,458,459,563,74,,,"Chantier d'abattage du Ciel bleu",,,,,,,,,,,,,,0xFF01FE,0x0,0,,,0,-500.0,0.0,,
4223,571,65,1853,0x40004440,0,0,0,465,0,72,,,"Gueule de Neltharion",,,,,,,,,,,,,,0xFF01FE,0x0,0,,,0,-500.0,0.0,,
4224,571,65,1854,0x40004444,0,0,0,411,0,71,,,"Cime Saumâtre",,,,,,,,,,,,,,0xFF01FE,0x0,0,,,0,-500.0,0.0,,
4225,571,65,1855,0x40004444,0,0,440,0,0,71,,,"Grève Lumineuse",,,,,,,,,,,,,,0xFF01FE,0x0,0,,,0,-500.0,0.0,,
4226,571,495,1856,0x40004441,0,0,440,0,0,71,,,"Iskaal",,,,,,,,,,,,,,0xFF01FE,0x0,0,,,0,-500.0,0.0,,
4227,571,65,1857,0x40004444,0,0,0,0,0,73,,,"Chute du dragon",,,,,,,,,,,,,,0xFF01FE,0x0,0,,,0,-500.0,0.0,,
4228,578,0,1858,0x4000,0,0,452,0,0,0,,,"L'Oculus",,,,,,,,,,,,,,0xFF01FE,0x0,0,,,0,-500.0,1.0,,
4229,571,394,1859,0x40004440,0,0,0,0,0,75,,,"Pointe du Prospecteur",,,,,,,,,,,,,,0xFF01FE,0x0,0,,,0,-500.0,0.0,,
4230,571,65,1860,0x40004444,0,0,0,0,0,74,,,"Hauts de Vent-froid",,,,,,,,,,,,,,0xFF01FE,0x0,0,,,0,-500.0,0.0,,
4231,571,394,1861,0x40004440,0,0,0,0,0,74,,,"Comptoir du Cèdre",,,,,,,,,,,,,,0xFF01FE,0x0,0,,,0,-500.0,0.0,,
4232,571,65,1862,0x40004444,0,0,0,412,0,72,,,"Défilé de la Vengeance",,,,,,,,,,,,,,0xFF01FE,0x0,0,,,0,-500.0,0.0,,
4233,571,65,1863,0x40004444,0,0,0,0,0,72,,,"Confins de l'Aube",,,,,,,,,,,,,,0xFF01FE,0x0,0,,,0,-500.0,0.0,,
4234,571,65,1864,0x40005444,0,0,453,0,0,80,,,"Naxxramas",,,,,,,,,,,,,,0xFF01FE,0x0,0,,,0,-500.0,0.0,,
4235,571,394,1865,0x40004440,0,0,0,460,564,74,,,"Comptoir de Cœur-du-bois",,,,,,,,,,,,,,0xFF01FE,0x0,0,,,0,-500.0,0.0,,
4236,571,394,1866,0x40004440,0,0,0,459,563,74,,,"Comptoir des Conifères",,,,,,,,,,,,,,0xFF01FE,0x0,0,,,0,-500.0,0.0,,
4237,571,394,1867,0x40004040,0,0,0,0,0,74,,,"Poste du cap de l'Epicéa",,,,,,,,,,,,,,0xFF01FE,0x0,0,,,0,-500.0,0.0,,
4238,571,394,1868,0x40004440,0,0,0,0,0,74,,,"Comptoir du Pin blanc",,,,,,,,,,,,,,0xFF01FE,0x0,0,,,0,-500.0,0.0,,
4239,571,394,1869,0x40004440,0,0,0,0,0,74,,,"Poste de la Tremblaie",,,,,,,,,,,,,,0xFF01FE,0x0,0,,,0,-500.0,0.0,,
4240,571,394,1870,0x40004440,0,0,0,459,563,74,,,"Poste de la Lisière",,,,,,,,,,,,,,0xFF01FE,0x0,0,,,0,-500.0,0.0,,
4241,571,65,1871,0x40004444,0,0,0,0,0,72,,,"Les hauts Surréels",,,,,,,,,,,,,,0xFF01FE,0x0,0,,,0,-500.0,0.0,,
4242,571,394,1873,0x40004440,0,0,440,459,563,74,,,"Baie de la KapitalRisk",,,,,,,,,,,,,,0xFF01FE,0x0,0,,,0,-500.0,0.0,,
4243,571,65,1875,0x40004444,0,0,0,0,0,72,,,"Crypte de Garde-hiver",,,,,,,,,,,,,,0xFF01FE,0x0,0,,,0,-500.0,0.0,,
4244,571,394,1877,0x40004440,0,0,0,0,0,74,,,"Île de la Lune sanguine",,,,,,,,,,,,,,0xFF01FE,0x0,0,,,0,-500.0,0.0,,
4245,571,394,1879,0x40004440,0,0,0,0,0,75,,,"Tour d'Ombrecroc",,,,,,,,,,,,,,0xFF01FE,0x0,0,,,0,-500.0,0.0,,
4246,571,65,1881,0x40004444,0,0,0,0,0,73,,,"Mausolée de Garde-hiver",,,,,,,,,,,,,,0xFF01FE,0x0,0,,,0,-500.0,0.0,,
4247,571,394,1883,0x40004440,0,0,0,0,0,74,,,"Tanière des Hurlesoir",,,,,,,,,,,,,,0xFF01FE,0x0,0,,,0,-500.0,0.0,,
4248,571,394,1885,0x40004440,0,0,457,461,0,73,,,"La fosse des Conquérants",,,,,,,,,,,,,,0xFF01FE,0x0,0,,,0,-500.0,0.0,,
4249,571,394,1887,0x40004440,0,0,457,459,563,75,,,"Le sentier du Fer",,,,,,,,,,,,,,0xFF01FE,0x0,0,,,0,-500.0,0.0,,
4250,571,394,1889,0x40004440,0,0,457,462,566,75,,,"Ruines de Téthys",,,,,,,,,,,,,,0xFF01FE,0x0,0,,,0,-500.0,0.0,,
4251,571,394,1891,0x40004440,0,0,0,459,563,74,,,"Collines de Ruissargent",,,,,,,,,,,,,,0xFF01FE,0x0,0,,,0,-500.0,0.0,,
4252,571,495,1893,0x40004441,0,0,0,0,0,72,,,"Les pitons Brisés",,,,,,,,,,,,,,0xFF01FE,0x0,0,,,0,-500.0,0.0,,
4253,571,65,1895,0x40004444,0,0,0,0,0,73,,,"Front de la 7e Légion",,,,,,,,,,,,,,0xFF01FE,0x0,0,,,0,-500.0,0.0,,
4254,571,65,1897,0x40004444,0,0,453,0,0,74,,,"Le désert des Dragons",,,,,,,,,,,,,,0xFF01FE,0x0,0,,,0,-500.0,0.0,,
4255,571,394,1899,0x40004440,0,0,0,459,563,74,,,"Ruines de Drak'Zin",,,,,,,,,,,,,,0xFF01FE,0x0,0,,,0,-500.0,0.0,,
4256,571,65,1901,0x40004444,0,0,0,0,0,74,,,"Lac Drak'Mar",,,,,,,,,,,,,,0xFF01FE,0x0,0,,,0,-500.0,0.0,,
4257,571,65,1903,0x40004444,0,0,0,0,0,74,,,"Affluent de l'Epine-de-dragon",,,,,,,,,,,,,,0xFF01FE,0x0,0,,,0,-500.0,0.0,,
4258,571,0,1905,0x4441,0,0,440,0,0,70,,,"La mer Boréale",,,,,,,,,,,,,,0xFF01FE,0x0,0,,,0,-500.0,0.0,,
4259,571,394,1907,0x40004440,0,0,0,0,0,74,,,"Drak'ural",,,,,,,,,,,,,,0xFF01FE,0x0,0,,,0,-500.0,0.0,,
4260,571,495,1909,0x40004441,0,0,0,0,0,70,,,"Camp de Thorvald",,,,,,,,,,,,,,0xFF01FE,0x0,0,,,0,-500.0,0.0,,
4261,571,495,1911,0x40004441,0,0,0,0,0,70,,,"Poste de la Lame-fantôme",,,,,,,,,,,,,,0xFF01FE,0x0,0,,,0,-500.0,0.0,,
4262,571,394,1913,0x40004440,0,0,0,460,564,74,,,"Poste du Frêne",,,,,,,,,,,,,,0xFF01FE,0x0,0,,,0,-500.0,0.0,,
4263,571,495,1915,0x40004441,0,0,0,0,0,70,,,"Embuscade de Lydell",,,,,,,,,,,,,,0xFF01FE,0x0,0,,,0,-500.0,0.0,,
4264,599,0,1917,0x0,0,0,0,0,0,0,,,"Les salles de Pierre",,,,,,,,,,,,,,0xFF01FE,0x0,0,,,0,-500.0,0.699999988079,,
4265,576,0,1919,0x0,0,0,0,0,0,0,,,"Le Nexus",,,,,,,,,,,,,,0xFF01FE,0x0,0,,,0,-500.0,0.699999988079,,
4266,571,394,1921,0x40004440,0,0,0,459,563,75,,,"Camp de Harkor",,,,,,,,,,,,,,0xFF01FE,0x0,0,,,0,-500.0,0.0,,
4267,571,394,1923,0x40004440,0,0,0,0,0,74,,,"Passe de Vordrassil",,,,,,,,,,,,,,0xFF01FE,0x0,0,,,0,-500.0,0.0,,
4268,571,394,1925,0x40004440,0,0,0,0,0,74,,,"Camp de Ruuna",,,,,,,,,,,,,,0xFF01FE,0x0,0,,,0,-500.0,0.0,,
4269,571,3537,1927,0x40004440,0,0,0,462,566,70,,,"Sanctuaire des Écailles",,,,,,,,,,,,,,0xFF01FE,0x0,0,,,0,-500.0,0.0,,
4270,571,394,1929,0x40004440,0,0,0,463,0,75,,,"Passage de Drak'atal",,,,,,,,,,,,,,0xFF01FE,0x0,0,,,0,-500.0,0.0,,
4271,571,495,1931,0x40004441,0,0,0,0,0,71,,,"Cime d'Utgarde",,,,,,,,,,,,,,0xFF01FE,0x0,0,,,0,-500.0,0.0,,
4272,602,0,1933,0x0,0,0,0,0,0,0,,,"Les salles de Foudre",,,,,,,,,,,,,,0xFF01FE,0x0,0,,,0,-500.0,0.699999988079,,
4273,603,0,1935,0x4000,0,0,465,522,0,0,,,"Ulduar",,,,,,,,,,,,,,0xFF01FE,0x0,0,,,0,-500.0,0.5,,
4275,571,66,1938,0x40204444,0,0,0,0,0,75,,,"Le séjour d'Argent",,,,,,,,,,,,,,0xFF01FE,0x0,0,,,0,-500.0,0.0,,
4276,571,66,1940,0x40004444,0,0,0,500,0,75,,,"Autel de Sseratus",,,,,,,,,,,,,,0xFF01FE,0x0,0,,,0,-500.0,0.0,,
4277,601,0,1942,0x0,0,0,0,0,0,76,,,"Azjol-Nérub",,,,,,,,,,,,,,0xFF01FE,0x0,0,,,0,-500.0,0.699999988079,,
4278,571,66,1944,0x40004444,0,0,0,0,0,75,,,"Champs de Drak'Sotra",,,,,,,,,,,,,,0xFF01FE,0x0,0,,,0,-500.0,0.0,,
4279,571,66,1946,0x40004444,0,0,0,0,0,75,,,"Drak'Sotra",,,,,,,,,,,,,,0xFF01FE,0x0,0,,,0,-500.0,0.0,,
4280,571,66,1948,0x40004444,0,0,0,0,0,75,,,"Drak'Agal",,,,,,,,,,,,,,0xFF01FE,0x0,0,,,0,-500.0,0.0,,
4281,0,139,1950,0x40C8192B,0,0,0,451,0,55,,,"Achérus : le fort d'Ébène",,,,,,,,,,,,,,0xFF01FE,0x0,0,,,0,-500.0,0.0,,
4282,571,3711,1952,0x40005440,0,0,0,0,0,78,,,"L'Avalanche",,,,,,,,,,,,,,0xFF01FE,0x0,0,,,0,-500.0,0.0,,
4283,571,3711,1954,0x40004440,0,0,0,426,0,77,,,"Les terres Perdues",,,,,,,,,,,,,,0xFF01FE,0x0,0,,,0,-500.0,0.0,,
4284,571,3711,1956,0x40204440,0,0,0,0,0,75,,,"Camp de base de Nesingwary",,,,,,,,,,,,,,0xFF01FE,0x0,0,,,0,-500.0,0.0,,
4285,571,3711,1958,0x40004440,0,0,0,0,0,77,,,"Le courant de la Brèche",,,,,,,,,,,,,,0xFF01FE,0x0,0,,,0,-500.0,0.0,,
4286,571,3711,1960,0x40004440,0,0,0,0,0,77,,,"Les os de Nozronn",,,,,,,,,,,,,,0xFF01FE,0x0,0,,,0,-500.0,0.0,,
4287,571,3711,1962,0x40004440,0,0,0,0,0,78,,,"Bastion de Kartak",,,,,,,,,,,,,,0xFF01FE,0x0,0,,,0,-500.0,0.0,,
4288,571,3711,1964,0x40004440,0,0,0,0,0,78,,,"Le havre Touchétincelle",,,,,,,,,,,,,,0xFF01FE,0x0,0,,,0,-500.0,0.0,,
4289,571,3711,1966,0x40004440,0,0,0,428,0,76,,,"Le chemin de la Gardienne de la vie",,,,,,,,,,,,,,0xFF01FE,0x0,0,,,0,-500.0,0.0,,
4290,571,3711,1968,0x40004440,0,0,0,0,0,76,,,"Le Cœur du fleuve",,,,,,,,,,,,,,0xFF01FE,0x0,0,,,0,-500.0,0.0,,
4291,571,3711,1970,0x40004440,0,0,0,0,0,76,,,"La canopée Parlepluie",,,,,,,,,,,,,,0xFF01FE,0x0,0,,,0,-500.0,0.0,,
4292,571,3711,1972,0x40004440,0,0,0,0,0,76,,,"Colline de Frénécœur",,,,,,,,,,,,,,0xFF01FE,0x0,0,,,0,-500.0,0.0,,
4293,571,3711,1974,0x40004440,0,0,0,0,0,76,,,"Mangrove de la Croissance sauvage",,,,,,,,,,,,,,0xFF01FE,0x0,0,,,0,-500.0,0.0,,
4294,571,66,1976,0x40004444,0,0,0,0,0,75,,,"Heb'Valok",,,,,,,,,,,,,,0xFF01FE,0x0,0,,,0,-500.0,0.0,,
4295,571,3711,1978,0x40004440,0,0,0,0,0,77,,,"L'Éclat scindé",,,,,,,,,,,,,,0xFF01FE,0x0,0,,,0,-500.0,0.0,,
4296,571,3711,1980,0x40004440,0,0,0,427,0,77,,,"Le pilier Sang-de-vie",,,,,,,,,,,,,,0xFF01FE,0x0,0,,,0,-500.0,0.0,,
4297,571,3711,1982,0x40004440,0,0,0,0,0,77,,,"Marchemousse",,,,,,,,,,,,,,0xFF01FE,0x0,0,,,0,-500.0,0.0,,
4298,609,0,1984,0x4040,0,0,37,205,0,0,,,"Maleterres : l'enclave Écarlate",,,,,,,,,,,,,,0xFF01FE,0x0,0,,,0,-500.0,0.0,,
4299,571,66,1986,0x40004444,0,0,0,0,0,75,,,"Kolramas",,,,,,,,,,,,,,0xFF01FE,0x0,0,,,0,-500.0,0.0,,
4300,571,3711,1988,0x40004440,0,0,0,428,0,78,,,"Portail d'accès",,,,,,,,,,,,,,0xFF01FE,0x0,0,,,0,-500.0,0.0,,
4302,571,3711,1992,0x40005440,0,0,0,427,0,77,,,"Le pilier Confins-du-ciel",,,,,,,,,,,,,,0xFF01FE,0x0,0,,,0,-500.0,0.0,,
4303,571,3711,1994,0x40004440,0,0,0,0,0,77,,,"Clairière des Poings-durs",,,,,,,,,,,,,,0xFF01FE,0x0,0,,,0,-500.0,0.0,,
4304,571,3711,1996,0x40004440,0,0,0,0,0,77,,,"La ruche de Saphir",,,,,,,,,,,,,,0xFF01FE,0x0,0,,,0,-500.0,0.0,,
4306,571,3711,2000,0x40004440,0,0,0,0,0,77,,,"Le refuge de Murmebrume",,,,,,,,,,,,,,0xFF01FE,0x0,0,,,0,-500.0,0.0,,
4307,571,3711,2002,0x40005440,0,0,0,427,0,77,,,"Le pilier Scintillant",,,,,,,,,,,,,,0xFF01FE,0x0,0,,,0,-500.0,0.0,,
4308,571,3711,2004,0x40004440,0,0,0,0,0,77,,,"Campement Né-des-lances",,,,,,,,,,,,,,0xFF01FE,0x0,0,,,0,-500.0,0.0,,
4309,571,66,2006,0x40004444,0,0,0,0,0,74,,,"Donjon de Drak'Tharon",,,,,,,,,,,,,,0xFF01FE,0x0,0,,,0,-500.0,0.0,,
4310,571,66,2008,0x40004444,0,0,0,0,0,74,,,"Zeramas",,,,,,,,,,,,,,0xFF01FE,0x0,0,,,0,-500.0,0.0,,
4311,571,66,2010,0x40004444,0,0,0,0,0,74,,,"Reliquaire d'agonie",,,,,,,,,,,,,,0xFF01FE,0x0,0,,,0,-500.0,0.0,,
4312,571,66,2012,0x40204444,0,0,0,452,0,74,,,"Guet d'Ébène",,,,,,,,,,,,,,0xFF01FE,0x0,0,,,0,-500.0,0.0,,
4313,571,66,2014,0x40004444,0,0,0,464,0,74,,,"Fin de Thrym",,,,,,,,,,,,,,0xFF01FE,0x0,0,,,0,-500.0,0.0,,
4314,571,66,2016,0x40005444,0,0,0,0,0,75,,,"Voltarus",,,,,,,,,,,,,,0xFF01FE,0x0,0,,,0,-500.0,0.0,,
4315,571,66,2018,0x40004444,0,0,0,0,0,75,,,"Reliquaire de souffrance",,,,,,,,,,,,,,0xFF01FE,0x0,0,,,0,-500.0,0.0,,
4316,571,66,2020,0x40004444,0,0,0,0,0,75,,,"Tanière Grifferage",,,,,,,,,,,,,,0xFF01FE,0x0,0,,,0,-500.0,0.0,,
4317,571,66,2022,0x40204444,0,0,0,0,0,75,,,"La Brèche de Lumière",,,,,,,,,,,,,,0xFF01FE,0x0,0,,,0,-500.0,0.0,,
4318,571,66,2024,0x40004444,0,0,0,0,0,75,,,"Bassins de Zha'Jin",,,,,,,,,,,,,,0xFF01FE,0x0,0,,,0,-500.0,0.0,,
4319,571,66,2026,0x40004444,0,0,0,0,0,75,,,"Zim'Abwa",,,,,,,,,,,,,,0xFF01FE,0x0,0,,,0,-500.0,0.0,,
4320,571,66,2028,0x40004444,0,0,0,0,0,75,,,"Amphithéâtre de l'Angoisse",,,,,,,,,,,,,,0xFF01FE,0x0,0,,,0,-500.0,0.0,,
4321,571,66,2030,0x40004444,0,0,0,499,0,76,,,"Autel de Rhunok",,,,,,,,,,,,,,0xFF01FE,0x0,0,,,0,-500.0,0.0,,
4322,571,66,2032,0x40004444,0,0,0,500,0,76,,,"Autel de Har'koa",,,,,,,,,,,,,,0xFF01FE,0x0,0,,,0,-500.0,0.0,,
4323,571,66,2034,0x40204444,0,0,0,0,0,76,,,"Zim'Torga",,,,,,,,,,,,,,0xFF01FE,0x0,0,,,0,-500.0,0.0,,
4324,571,66,2036,0x40004444,0,0,0,0,0,76,,,"Bassins de Jin'Alai",,,,,,,,,,,,,,0xFF01FE,0x0,0,,,0,-500.0,0.0,,
4325,571,66,2038,0x40004444,0,0,0,498,0,76,,,"Autel de Quetz'lun",,,,,,,,,,,,,,0xFF01FE,0x0,0,,,0,-500.0,0.0,,
4326,571,66,2040,0x40004444,0,0,0,0,0,76,,,"Heb'Drakkar",,,,,,,,,,,,,,0xFF01FE,0x0,0,,,0,-500.0,0.0,,
4327,571,66,2042,0x40004444,0,0,0,0,0,76,,,"Drak'Mabwa",,,,,,,,,,,,,,0xFF01FE,0x0,0,,,0,-500.0,0.0,,
4328,571,66,2044,0x40004444,0,0,0,0,0,76,,,"Zim'Rhuk",,,,,,,,,,,,,,0xFF01FE,0x0,0,,,0,-500.0,0.0,,
4329,571,66,2046,0x40004444,0,0,0,497,0,77,,,"Autel de Mam'toth",,,,,,,,,,,,,,0xFF01FE,0x0,0,,,0,-500.0,0.0,,
4342,609,4298,2048,0x40C81023,0,0,0,451,0,55,,,"Achérus : le fort d'Ébène",,,,,,,,,,,,,,0xFF01FE,0x0,0,,,0,-500.0,0.0,,
4343,609,4298,2050,0x40000040,0,0,0,453,0,55,,,"Nouvelle-Avalon",,,,,,,,,,,,,,0xFF01FE,0x0,0,,,0,-500.0,0.0,,
4344,609,4298,2052,0x40000040,0,0,0,453,0,55,,,"Champs de la Nouvelle-Avalon",,,,,,,,,,,,,,0xFF01FE,0x0,0,,,0,-500.0,0.0,,
4345,609,4298,2054,0x40000040,0,0,0,453,0,55,,,"Vergers de la Nouvelle-Avalon",,,,,,,,,,,,,,0xFF01FE,0x0,0,,,0,-500.0,0.0,,
4346,609,4298,2056,0x40000040,0,0,0,453,0,55,,,"Hôtel de ville de la Nouvelle-Avalon",,,,,,,,,,,,,,0xFF01FE,0x0,0,,,0,-500.0,0.0,,
4347,609,4298,2058,0x40000040,0,0,0,450,0,55,,,"Havre-comté",,,,,,,,,,,,,,0xFF01FE,0x0,0,,,0,-500.0,0.0,,
4348,609,4298,2060,0x40000040,0,0,0,450,0,55,,,"Fermes de Havre-comté",,,,,,,,,,,,,,0xFF01FE,0x0,0,,,0,-500.0,0.0,,
4349,609,4298,2062,0x40000040,0,0,0,450,0,55,,,"Scierie de Havre-comté",,,,,,,,,,,,,,0xFF01FE,0x0,0,,,0,-500.0,0.0,,
4350,609,4298,2064,0x40000040,0,0,0,450,0,55,,,"Écurie de Havre-comté",,,,,,,,,,,,,,0xFF01FE,0x0,0,,,0,-500.0,0.0,,
4351,609,4298,2066,0x40000040,0,0,0,453,0,55,,,"Fort écarlate",,,,,,,,,,,,,,0xFF01FE,0x0,0,,,0,-500.0,0.0,,
4352,609,4298,2068,0x40000040,0,0,0,453,0,55,,,"Chapelle de la Flamme cramoisie",,,,,,,,,,,,,,0xFF01FE,0x0,0,,,0,-500.0,0.0,,
4353,609,4298,2070,0x40000040,0,0,0,454,0,55,,,"Tour de la halte de la Lumière",,,,,,,,,,,,,,0xFF01FE,0x0,0,,,0,-500.0,0.0,,
4354,609,4298,2072,0x40000040,0,0,0,454,0,55,,,"Halte de la Lumière",,,,,,,,,,,,,,0xFF01FE,0x0,0,,,0,-500.0,0.0,,
4355,609,4298,2074,0x40000040,0,0,0,450,0,55,,,"La crypte du Souvenir",,,,,,,,,,,,,,0xFF01FE,0x0,0,,,0,-500.0,0.0,,
4356,609,4298,2076,0x40000040,0,0,0,452,0,55,,,"Brèche-de-Mort",,,,,,,,,,,,,,0xFF01FE,0x0,0,,,0,-500.0,0.0,,
4357,609,4298,2078,0x40000040,0,0,0,205,0,58,,,"La Clairière nocive",,,,,,,,,,,,,,0xFF01FE,0x0,0,,,0,-500.0,0.0,,
4358,609,4298,2080,0x40000040,0,0,0,455,0,55,,,"Main de Tyr",,,,,,,,,,,,,,0xFF01FE,0x0,0,,,0,-500.0,0.0,,
4359,609,4298,2082,0x40000040,0,0,0,453,0,55,,,"Port-royal",,,,,,,,,,,,,,0xFF01FE,0x0,0,,,0,-500.0,0.0,,
4360,609,4298,2084,0x40000040,0,0,0,453,0,55,,,"Le surplomb Écarlate",,,,,,,,,,,,,,0xFF01FE,0x0,0,,,0,-500.0,0.0,,
4361,609,4298,2086,0x40000040,0,0,0,455,0,58,,,"Chapelle de l'Espoir de Lumière",,,,,,,,,,,,,,0xFF01FE,0x0,0,,,0,-500.0,0.0,,
4362,609,4298,2088,0x40000040,0,0,0,0,0,55,,,"Folie du pécheur",,,,,,,,,,,,,,0xFF01FE,0x0,0,,,0,-500.0,0.0,,
4363,609,4298,2090,0x40000040,0,0,0,205,0,55,,,"Balafre pestilentielle",,,,,,,,,,,,,,0xFF01FE,0x0,0,,,0,-500.0,0.0,,
4364,609,4298,2092,0x40000040,0,0,0,205,0,55,,,"Scierie de Browman",,,,,,,,,,,,,,0xFF01FE,0x0,0,,,0,-500.0,0.0,,
4365,609,4298,2094,0x40000040,0,0,0,450,0,55,,,"Mine de Havre-comté",,,,,,,,,,,,,,0xFF01FE,0x0,0,,,0,-500.0,0.0,,
4366,571,394,2096,0x40004440,0,0,0,0,0,74,,,"Tanière d'Ursoc",,,,,,,,,,,,,,0xFF01FE,0x0,0,,,0,-500.0,0.0,,
4367,571,3711,2098,0x40004440,0,0,0,0,0,77,,,"La Ligne de la désolation",,,,,,,,,,,,,,0xFF01FE,0x0,0,,,0,-500.0,0.0,,
4368,571,3711,2100,0x40004440,0,0,0,0,0,77,,,"Les champs d'Ossements",,,,,,,,,,,,,,0xFF01FE,0x0,0,,,0,-500.0,0.0,,
4369,571,3711,2102,0x40004440,0,0,0,0,0,77,,,"Avant-poste de Dorian",,,,,,,,,,,,,,0xFF01FE,0x0,0,,,0,-500.0,0.0,,
4371,571,66,2105,0x40004444,0,0,0,497,0,77,,,"Cratère de Mam'toth",,,,,,,,,,,,,,0xFF01FE,0x0,0,,,0,-500.0,0.0,,
4372,571,66,2107,0x40004444,0,0,0,0,0,77,,,"Bastion de Zol'Maz",,,,,,,,,,,,,,0xFF01FE,0x0,0,,,0,-500.0,0.0,,
4373,571,66,2109,0x40004444,0,0,0,0,0,77,,,"Zol'Heb",,,,,,,,,,,,,,0xFF01FE,0x0,0,,,0,-500.0,0.0,,
4374,571,66,2111,0x40004444,0,0,0,0,0,75,,,"Lac Grifferage",,,,,,,,,,,,,,0xFF01FE,0x0,0,,,0,-500.0,0.0,,
4375,571,66,2113,0x40004444,0,0,0,0,0,77,,,"Gundrak",,,,,,,,,,,,,,0xFF01FE,0x0,0,,,0,-500.0,0.0,,
4376,571,3711,2115,0x40004440,0,0,0,426,0,77,,,"Le fourré Sauvage",,,,,,,,,,,,,,0xFF01FE,0x0,0,,,0,-500.0,0.0,,
4377,609,4298,2117,0x40000040,0,0,0,453,0,55,,,"Forge de la Nouvelle-Avalon",,,,,,,,,,,,,,0xFF01FE,0x0,0,,,0,-500.0,0.0,,
4378,617,0,2119,0x4010080,0,0,0,0,0,0,,,"Arène de Dalaran",,,,,,,,,,,,,,0xFF01FE,0x0,0,,,0,-500.0,0.0,,
4379,571,495,2121,0x40A04461,0,0,0,458,0,70,,,"Valgarde",,,,,,,,,,,,,,0xFF01FE,0x0,0,,,0,-500.0,0.0,,
4380,571,495,2123,0x40804460,0,0,0,0,0,70,,,"Auberge de la Garde de l'ouest",,,,,,,,,,,,,,0xFF01FE,0x0,0,,,0,-500.0,0.0,,
4381,1,490,2125,0x40000040,0,0,0,0,0,0,,,"Portail d'accès",,,,,,,,,,,,,,0xFF01FE,0x0,0,,,0,-500.0,0.0,,
4382,1,490,2127,0x40000040,0,0,0,0,0,0,,,"La terrasse du Façonneur",,,,,,,,,,,,,,0xFF01FE,0x0,0,,,0,-500.0,0.0,,
4383,571,3711,2129,0x40004440,0,0,0,0,0,77,,,"Terrain d'atterrissage de Rive-du-lac",,,,,,,,,,,,,,0xFF01FE,0x0,0,,,0,-500.0,0.0,,
4384,607,0,2131,0x10,0,0,463,243,0,0,,,"Rivage des Anciens",,,,,,,,,,,,,,0xFF01FE,0x0,0,,,0,-500.0,0.0,,
4385,571,3711,2133,0x40004440,0,0,0,428,0,77,,,"Lac de Flot-amer",,,,,,,,,,,,,,0xFF01FE,0x0,0,,,0,-500.0,0.0,,
4386,571,3711,2135,0x40004440,0,0,0,0,0,77,,,"Rapides parlepluie",,,,,,,,,,,,,,0xFF01FE,0x0,0,,,0,-500.0,0.0,,
4387,571,3711,2137,0x40004440,0,0,0,0,0,77,,,"Rivière de Frénécœur",,,,,,,,,,,,,,0xFF01FE,0x0,0,,,0,-500.0,0.0,,
4388,571,3711,2139,0x40004440,0,0,0,0,0,77,,,"Le Joug-d'hiver",,,,,,,,,,,,,,0xFF01FE,0x0,0,,,0,-500.0,0.0,,
4389,571,3711,2141,0x40005440,0,0,0,427,0,77,,,"Le pilier Solegrâce",,,,,,,,,,,,,,0xFF01FE,0x0,0,,,0,-500.0,0.0,,
4390,571,66,2143,0x40004444,0,0,0,0,0,75,,,"Brèche algide",,,,,,,,,,,,,,0xFF01FE,0x0,0,,,0,-500.0,0.0,,
4391,571,3711,2145,0x40004440,0,0,0,0,0,77,,,"Site de fouilles de Ricarnaque",,,,,,,,,,,,,,0xFF01FE,0x0,0,,,0,-500.0,0.0,,
4392,571,3711,2147,0x40004440,0,0,0,0,0,80,,,"La saillie de Forgetempête",,,,,,,,,,,,,,0xFF01FE,0x0,0,,,0,-500.0,0.0,,
4393,571,3711,2149,0x40004440,0,0,0,0,0,77,,,"Campement de la Main de Mort",,,,,,,,,,,,,,0xFF01FE,0x0,0,,,0,-500.0,0.0,,
4394,609,4298,2151,0x40000040,0,0,0,453,0,55,,,"Taverne écarlate",,,,,,,,,,,,,,0xFF01FE,0x0,0,,,0,-500.0,0.0,,
4395,571,0,2153,0x20004D28,0,0,468,431,546,75,,,"Dalaran",,,,,,,,,,,,,,0xFF01FE,0x6,0,,,0,-500.0,0.0,,
4396,571,65,2155,0x40004444,0,0,0,0,0,73,,,"Poste de Rouilletuyère",,,,,,,,,,,,,,0xFF01FE,0x0,0,,,0,-500.0,0.0,,
4399,571,3537,2161,0x40004441,0,0,0,0,0,70,,,"Mine de Comté-lointaine",,,,,,,,,,,,,,0xFF01FE,0x0,0,,,0,-500.0,0.0,,
4400,571,3711,2163,0x40005440,0,0,0,427,0,77,,,"Le pilier Mousselume",,,,,,,,,,,,,,0xFF01FE,0x0,0,,,0,-500.0,0.0,,
4401,571,3537,2165,0x40005441,0,0,0,0,0,71,,,"Aire de Saragosa",,,,,,,,,,,,,,0xFF01FE,0x0,0,,,0,-500.0,0.0,,
4402,571,495,2167,0x40004441,0,0,0,0,0,70,,,"Ascenseur de la vengeance",,,,,,,,,,,,,,0xFF01FE,0x0,0,,,0,-500.0,0.0,,
4403,571,495,2169,0x40004441,0,0,0,0,0,70,,,"Guet de Balejar",,,,,,,,,,,,,,0xFF01FE,0x0,0,,,0,-500.0,0.0,,
4404,571,495,2171,0x40404461,0,0,0,0,0,70,,,"Auberge de la Nouvelle-Agamand",,,,,,,,,,,,,,0xFF01FE,0x0,0,,,0,-500.0,0.0,,
4405,601,4277,2173,0x40000000,0,0,0,0,0,73,,,"Passage des démons perdus",,,,,,,,,,,,,,0xFF01FE,0x0,0,,,0,-500.0,0.0,,
4406,618,0,2175,0x4010080,0,0,25,243,0,0,,,"L'Arène des valeureux",,,,,,,,,,,,,,0xFF01FE,0x0,0,,,0,-500.0,0.0,,
4407,30,2597,2177,0x40004000,0,0,0,0,0,0,,,"Hall des Loups-de-givre",,,,,,,,,,,,,,0xFF01FE,0x0,0,,,0,-500.0,0.0,,
4408,30,2597,2179,0x40004000,0,0,0,0,0,0,,,"Hall des Foudrepiques",,,,,,,,,,,,,,0xFF01FE,0x0,0,,,0,-500.0,0.0,,
4411,0,1519,2185,0x40000138,0,0,446,0,0,0,,,"Port de Hurlevent",,,,,,,,,,,,,,0xFF01FE,0x0,0,,,0,-500.0,0.0,,
4412,571,3711,2187,0x40005440,0,0,0,425,0,77,,,"Le surplomb du Faiseur",,,,,,,,,,,,,,0xFF01FE,0x0,0,,,0,-500.0,0.0,,
4413,571,3711,2189,0x40005440,0,0,0,425,0,77,,,"Perchoir du Faiseur",,,,,,,,,,,,,,0xFF01FE,0x0,0,,,0,-500.0,0.0,,
4414,571,65,2191,0x40004444,0,0,0,0,0,74,,,"Tour écarlate",,,,,,,,,,,,,,0xFF01FE,0x0,0,,,0,-500.0,0.0,,
4415,608,0,2193,0x0,0,0,0,0,0,0,,,"Le fort Pourpre",,,,,,,,,,,,,,0xFF01FE,0x0,0,,,0,-500.0,0.0,,
4416,604,0,2195,0x0,0,0,0,0,0,0,,,"Gundrak",,,,,,,,,,,,,,0xFF01FE,0x0,0,,,0,-500.0,0.699999988079,,
4417,571,210,2197,0x40004445,0,0,0,447,0,80,,,"Port de l'Assaut",,,,,,,,,,,,,,0xFF01FE,0x0,0,,,0,-500.0,0.0,,
4418,571,67,2199,0x40204441,0,0,0,0,0,77,,,"K3",,,,,,,,,,,,,,0xFF01FE,0x0,0,,,0,-500.0,0.0,,
4419,571,67,2201,0x40004441,0,0,0,0,0,77,,,"Collines du Voile blanc",,,,,,,,,,,,,,0xFF01FE,0x0,0,,,0,-500.0,0.0,,
4420,571,67,2203,0x40004441,0,0,0,0,0,77,,,"Terrasse du Voile blanc",,,,,,,,,,,,,,0xFF01FE,0x0,0,,,0,-500.0,0.0,,
4421,571,67,2205,0x40004441,0,0,0,0,0,77,,,"Garm",,,,,,,,,,,,,,0xFF01FE,0x0,0,,,0,-500.0,0.0,,
4422,571,67,2207,0x40004441,0,0,0,458,0,77,,,"Brunnhildar",,,,,,,,,,,,,,0xFF01FE,0x0,0,,,0,-500.0,0.0,,
4423,571,67,2209,0x40004441,0,0,0,458,0,78,,,"Sifreldar",,,,,,,,,,,,,,0xFF01FE,0x0,0,,,0,-500.0,0.0,,
4424,571,67,2211,0x40004441,0,0,0,458,0,78,,,"Valkyrion",,,,,,,,,,,,,,0xFF01FE,0x0,0,,,0,-500.0,0.0,,
4425,571,67,2213,0x40004441,0,0,0,0,0,78,,,"La mine Lugubre",,,,,,,,,,,,,,0xFF01FE,0x0,0,,,0,-500.0,0.0,,
4426,571,67,2215,0x40004441,0,0,0,0,0,77,,,"Le Souffle de Bor",,,,,,,,,,,,,,0xFF01FE,0x0,0,,,0,-500.0,0.0,,
4427,571,67,2217,0x40004441,0,0,0,453,0,77,,,"L'avant-garde d'Argent",,,,,,,,,,,,,,0xFF01FE,0x0,0,,,0,-500.0,0.0,,
4428,571,67,2219,0x40204441,0,0,0,0,0,78,,,"Fort du Givre",,,,,,,,,,,,,,0xFF01FE,0x0,0,,,0,-500.0,0.0,,
4429,571,67,2221,0x40204441,0,0,0,0,0,78,,,"Point d'impact de Grom'arsh",,,,,,,,,,,,,,0xFF01FE,0x0,0,,,0,-500.0,0.0,,
4430,571,67,2223,0x40004441,0,0,0,458,0,80,,,"Temple des Tempêtes",,,,,,,,,,,,,,0xFF01FE,0x0,0,,,0,-500.0,0.0,,
4431,571,67,2225,0x44004441,0,0,0,0,0,78,,,"Moteur des Faiseurs",,,,,,,,,,,,,,0xFF01FE,0x0,0,,,0,-500.0,0.0,,
4432,571,67,2227,0x40004441,0,0,0,0,0,78,,,"Le Pied-mont",,,,,,,,,,,,,,0xFF01FE,0x0,0,,,0,-500.0,0.0,,
4433,571,67,2229,0x40004441,0,0,0,0,0,78,,,"Pics de l'Epine-de-dragon",,,,,,,,,,,,,,0xFF01FE,0x0,0,,,0,-500.0,0.0,,
4434,571,67,2231,0x40004441,0,0,0,0,0,79,,,"Nidavelir",,,,,,,,,,,,,,0xFF01FE,0x0,0,,,0,-500.0,0.0,,
4435,571,67,2233,0x40004441,0,0,0,0,0,79,,,"Le berceau de Narvir",,,,,,,,,,,,,,0xFF01FE,0x0,0,,,0,-500.0,0.0,,
4436,571,67,2235,0x40004441,0,0,0,0,0,79,,,"Plaines des Congères",,,,,,,,,,,,,,0xFF01FE,0x0,0,,,0,-500.0,0.0,,
4437,571,67,2237,0x40004441,0,0,0,0,0,79,,,"La vallée des Anciens hivers",,,,,,,,,,,,,,0xFF01FE,0x0,0,,,0,-500.0,0.0,,
4438,571,67,2239,0x40004441,0,0,0,458,0,80,,,"Dun Niffelem",,,,,,,,,,,,,,0xFF01FE,0x0,0,,,0,-500.0,0.0,,
4439,571,67,2241,0x40004441,0,0,0,0,0,80,,,"Lac du Champ-gelé",,,,,,,,,,,,,,0xFF01FE,0x0,0,,,0,-500.0,0.0,,
4440,571,67,2243,0x40004441,0,0,0,0,0,80,,,"Chute-tonnerre",,,,,,,,,,,,,,0xFF01FE,0x0,0,,,0,-500.0,0.0,,
4441,571,67,2245,0x40204441,0,0,0,0,0,80,,,"Camp Tunka'lo",,,,,,,,,,,,,,0xFF01FE,0x0,0,,,0,-500.0,0.0,,
4442,571,67,2247,0x40004441,0,0,0,0,0,80,,,"Campement de Brann",,,,,,,,,,,,,,0xFF01FE,0x0,0,,,0,-500.0,0.0,,
4443,571,67,2249,0x40004441,0,0,0,0,0,80,,,"Porte des Échos",,,,,,,,,,,,,,0xFF01FE,0x0,0,,,0,-500.0,0.0,,
4444,571,67,2251,0x40004441,0,0,0,419,0,80,,,"Plaine des Échos",,,,,,,,,,,,,,0xFF01FE,0x0,0,,,0,-500.0,0.0,,
4445,571,67,2253,0x40004441,0,0,0,0,0,80,,,"Ulduar",,,,,,,,,,,,,,0xFF01FE,0x0,0,,,0,-500.0,0.0,,
4446,571,67,2255,0x40004441,0,0,0,236,0,80,,,"Terrasse des Faiseurs",,,,,,,,,,,,,,0xFF01FE,0x0,0,,,0,-500.0,0.0,,
4447,571,67,2257,0x40004441,0,0,0,0,0,80,,,"Porte de la Foudre",,,,,,,,,,,,,,0xFF01FE,0x0,0,,,0,-500.0,0.0,,
4448,571,67,2259,0x40004441,0,0,0,0,0,80,,,"Voie des Titans",,,,,,,,,,,,,,0xFF01FE,0x0,0,,,0,-500.0,0.0,,
4449,571,67,2261,0x40004441,0,0,0,0,0,80,,,"Uldis",,,,,,,,,,,,,,0xFF01FE,0x0,0,,,0,-500.0,0.0,,
4450,571,67,2263,0x40004441,0,0,0,0,0,80,,,"Marché de Loken",,,,,,,,,,,,,,0xFF01FE,0x0,0,,,0,-500.0,0.0,,
4451,571,67,2265,0x40004441,0,0,0,0,0,77,,,"Chute de Bor",,,,,,,,,,,,,,0xFF01FE,0x0,0,,,0,-500.0,0.0,,
4452,571,67,2267,0x40004441,0,0,0,0,0,77,,,"Souffle de Bor",,,,,,,,,,,,,,0xFF01FE,0x0,0,,,0,-500.0,0.0,,
4453,571,67,2269,0x40004441,0,0,0,0,0,77,,,"Passe de Rohemdal",,,,,,,,,,,,,,0xFF01FE,0x0,0,,,0,-500.0,0.0,,
4454,571,67,2271,0x40004441,0,0,0,0,0,78,,,"La Fonderie des tempêtes",,,,,,,,,,,,,,0xFF01FE,0x0,0,,,0,-500.0,0.0,,
4455,571,67,2273,0x40004441,0,0,0,0,0,79,,,"Caverne de l'hibernation",,,,,,,,,,,,,,0xFF01FE,0x0,0,,,0,-500.0,0.0,,
4456,571,394,2275,0x40004440,0,0,0,0,0,74,,,"Logis de Voldrune",,,,,,,,,,,,,,0xFF01FE,0x0,0,,,0,-500.0,0.0,,
4457,571,67,2277,0x40004441,0,0,0,0,0,77,,,"Le Repos de Torseg",,,,,,,,,,,,,,0xFF01FE,0x0,0,,,0,-500.0,0.0,,
4458,571,67,2279,0x40004441,0,0,0,0,0,77,,,"Champ de mines de Grilledouille",,,,,,,,,,,,,,0xFF01FE,0x0,0,,,0,-500.0,0.0,,
4459,571,67,2281,0x40004441,0,0,0,0,0,77,,,"La Folie de Ricket",,,,,,,,,,,,,,0xFF01FE,0x0,0,,,0,-500.0,0.0,,
4460,571,67,2283,0x40004441,0,0,0,0,0,77,,,"Plaie-de-Garm",,,,,,,,,,,,,,0xFF01FE,0x0,0,,,0,-500.0,0.0,,
4461,571,67,2285,0x40004441,0,0,0,0,0,77,,,"Cime de Garm",,,,,,,,,,,,,,0xFF01FE,0x0,0,,,0,-500.0,0.0,,
4462,571,67,2287,0x40004441,0,0,0,0,0,77,,,"Caverne de la Toile cristalline",,,,,,,,,,,,,,0xFF01FE,0x0,0,,,0,-500.0,0.0,,
4463,571,67,2289,0x40004441,0,0,0,0,0,80,,,"Temple de la Vie",,,,,,,,,,,,,,0xFF01FE,0x0,0,,,0,-500.0,0.0,,
4464,571,67,2291,0x40004441,0,0,0,0,0,80,,,"Temple de l'Ordre",,,,,,,,,,,,,,0xFF01FE,0x0,0,,,0,-500.0,0.0,,
4465,571,67,2293,0x40004441,0,0,0,0,0,80,,,"Temple de l'Hiver",,,,,,,,,,,,,,0xFF01FE,0x0,0,,,0,-500.0,0.0,,
4466,571,67,2295,0x40004441,0,0,0,0,0,80,,,"Temple de l'Innovation",,,,,,,,,,,,,,0xFF01FE,0x0,0,,,0,-500.0,0.0,,
4467,571,210,2297,0x40004445,0,0,0,0,0,80,,,"Cime de la Mort",,,,,,,,,,,,,,0xFF01FE,0x0,0,,,0,-500.0,0.0,,
4468,571,66,2299,0x40004444,0,0,0,0,0,75,,,"Les champs des Morts",,,,,,,,,,,,,,0xFF01FE,0x0,0,,,0,-500.0,0.0,,
4469,571,66,2301,0x40004444,0,0,0,0,0,75,,,"La Fin de Dargath",,,,,,,,,,,,,,0xFF01FE,0x0,0,,,0,-500.0,0.0,,
4470,571,210,2303,0x40004445,0,0,0,0,0,80,,,"Le creux Caché",,,,,,,,,,,,,,0xFF01FE,0x0,0,,,0,-500.0,0.0,,
4471,451,4019,2305,0x40004440,0,0,400,269,483,0,,,"Pays du bonheur de Bernau",,,,,,,,,,,,,,0xFF01FE,0x0,0,,,0,-500.0,0.0,,
4472,571,67,2307,0x40004441,0,0,0,0,0,77,,,"Creux de Poignegivre",,,,,,,,,,,,,,0xFF01FE,0x0,0,,,0,-500.0,0.0,,
4473,571,67,2309,0x40004441,0,0,0,0,0,78,,,"La tombe Algide",,,,,,,,,,,,,,0xFF01FE,0x0,0,,,0,-500.0,0.0,,
4474,571,495,2311,0x40004441,0,0,0,0,0,70,,,"Rivages jumeaux",,,,,,,,,,,,,,0xFF01FE,0x0,0,,,0,-500.0,0.0,,
4475,571,394,2313,0x40004440,0,0,0,0,0,74,,,"Planque de Zim'bo",,,,,,,,,,,,,,0xFF01FE,0x0,0,,,0,-500.0,0.0,,
4476,571,67,2315,0x40004441,0,0,0,0,0,77,,,"Camp abandonné",,,,,,,,,,,,,,0xFF01FE,0x0,0,,,0,-500.0,0.0,,
4477,571,210,2317,0x40004445,0,0,0,0,0,80,,,"Le caveau des Ombres",,,,,,,,,,,,,,0xFF01FE,0x0,0,,,0,-500.0,0.0,,
4478,571,65,2319,0x40004444,0,0,0,0,0,71,,,"Passe de Vent-froid",,,,,,,,,,,,,,0xFF01FE,0x0,0,,,0,-500.0,0.0,,
4479,571,495,2321,0x40004441,0,0,0,0,0,71,,,"Lac du Souffle de l'hiver",,,,,,,,,,,,,,0xFF01FE,0x0,0,,,0,-500.0,0.0,,
4480,571,394,2323,0x40004440,0,0,0,0,0,73,,,"Le surplomb Oublié",,,,,,,,,,,,,,0xFF01FE,0x0,0,,,0,-500.0,0.0,,
4481,571,66,2325,0x40004444,0,0,0,0,0,74,,,"Passage de Jintha'kalar",,,,,,,,,,,,,,0xFF01FE,0x0,0,,,0,-500.0,0.0,,
4482,571,394,2327,0x40004440,0,0,0,0,0,73,,,"Passerelle Arriga",,,,,,,,,,,,,,0xFF01FE,0x0,0,,,0,-500.0,0.0,,
4483,571,3711,2329,0x40004440,0,0,0,0,0,76,,,"Le passage perdu",,,,,,,,,,,,,,0xFF01FE,0x0,0,,,0,-500.0,0.0,,
4484,571,67,2331,0x40004441,0,0,0,0,0,78,,,"Refuge de Rochecombe",,,,,,,,,,,,,,0xFF01FE,0x0,0,,,0,-500.0,0.0,,
4485,571,67,2333,0x40004441,0,0,0,0,0,78,,,"Bibliothèque de l'inventeur",,,,,,,,,,,,,,0xFF01FE,0x0,0,,,0,-500.0,0.0,,
4486,571,67,2335,0x40004441,0,0,0,0,0,80,,,"La mine Gelée",,,,,,,,,,,,,,0xFF01FE,0x0,0,,,0,-500.0,0.0,,
4487,571,67,2337,0x40004441,0,0,0,0,0,80,,,"Gouffre du Sérac",,,,,,,,,,,,,,0xFF01FE,0x0,0,,,0,-500.0,0.0,,
4488,571,67,2339,0x40004441,0,0,0,0,0,80,,,"Le creux Hurlant",,,,,,,,,,,,,,0xFF01FE,0x0,0,,,0,-500.0,0.0,,
4489,571,66,2341,0x40004444,0,0,0,0,0,75,,,"Camp avancé des croisés",,,,,,,,,,,,,,0xFF01FE,0x0,0,,,0,-500.0,0.0,,
4490,571,67,2343,0x40004441,0,0,0,0,0,78,,,"Foudrecrête",,,,,,,,,,,,,,0xFF01FE,0x0,0,,,0,-500.0,0.0,,
4491,571,394,2345,0x40004440,0,0,0,0,0,74,,,"Camp de Bris'os",,,,,,,,,,,,,,0xFF01FE,0x0,0,,,0,-500.0,0.0,,
4492,571,210,2347,0x40004445,0,0,0,0,0,80,,,"Salle d'Ufrang",,,,,,,,,,,,,,0xFF01FE,0x0,0,,,0,-500.0,0.0,,
4493,615,0,2349,0x0,0,0,405,477,568,0,,,"Le sanctum Obsidien",,,,,,,,,,,,,,0xFF01FE,0x0,0,,,0,-500.0,0.5,,
4494,619,0,2351,0x2004000,75,0,467,495,0,0,,,"Ahn'kahet : l'Ancien royaume",,,,,,,,,,,,,,0xFF01FE,0x0,0,,,0,-500.0,0.600000023842,,
4495,571,67,2353,0x40004441,0,0,0,0,0,80,,,"L'enclume de Fjorn",,,,,,,,,,,,,,0xFF01FE,0x0,0,,,0,-500.0,0.0,,
4496,571,210,2355,0x40004445,0,0,0,0,0,80,,,"Jotunheim",,,,,,,,,,,,,,0xFF01FE,0x0,0,,,0,-500.0,0.0,,
4497,571,210,2357,0x40004445,0,0,0,0,0,80,,,"L'escarpement Sauvage",,,,,,,,,,,,,,0xFF01FE,0x0,0,,,0,-500.0,0.0,,
4498,571,210,2359,0x40004445,0,0,0,0,0,80,,,"Salles des Ancêtres",,,,,,,,,,,,,,0xFF01FE,0x0,0,,,0,-500.0,0.0,,
4499,571,67,2361,0x40004441,0,0,0,0,0,78,,,"L'étang Chancreux",,,,,,,,,,,,,,0xFF01FE,0x0,0,,,0,-500.0,0.0,,
4500,616,0,2363,0x4000,0,0,482,0,0,0,,,"L'Œil de l'éternité",,,,,,,,,,,,,,0xFF01FE,0x0,0,,,0,-500.0,0.5,,
4501,571,210,2365,0x40004445,0,0,0,453,0,77,,,"L'avant-garde d'Argent",,,,,,,,,,,,,,0xFF01FE,0x0,0,,,0,-500.0,0.0,,
4502,571,67,2367,0x40004441,0,0,0,0,0,80,,,"Atelier de Mimir",,,,,,,,,,,,,,0xFF01FE,0x0,0,,,0,-500.0,0.0,,
4503,571,210,2369,0x40004445,0,0,0,0,0,77,,,"Barrage Mur-de-fer",,,,,,,,,,,,,,0xFF01FE,0x0,0,,,0,-500.0,0.0,,
4504,571,210,2371,0x40004445,0,0,0,0,0,77,,,"Vallée des Échos",,,,,,,,,,,,,,0xFF01FE,0x0,0,,,0,-500.0,0.0,,
4505,571,210,2373,0x40004445,0,0,0,465,0,77,,,"La Brèche",,,,,,,,,,,,,,0xFF01FE,0x0,0,,,0,-500.0,0.0,,
4506,571,210,2375,0x40004445,0,0,0,464,0,77,,,"Fléaulme",,,,,,,,,,,,,,0xFF01FE,0x0,0,,,0,-500.0,0.0,,
4507,571,210,2377,0x40004445,0,0,0,0,0,77,,,"Le Front brisé",,,,,,,,,,,,,,0xFF01FE,0x0,0,,,0,-500.0,0.0,,
4508,571,210,2379,0x40004445,0,0,0,0,0,78,,,"Mord'rethar : la Porte de la Mort",,,,,,,,,,,,,,0xFF01FE,0x0,0,,,0,-500.0,0.0,,
4509,571,210,2381,0x40004445,0,0,0,0,0,78,,,"Le Bombardement",,,,,,,,,,,,,,0xFF01FE,0x0,0,,,0,-500.0,0.0,,
4510,571,210,2383,0x40004445,0,0,0,0,0,78,,,"Aldur'thar : la Porte de la Désolation",,,,,,,,,,,,,,0xFF01FE,0x0,0,,,0,-500.0,0.0,,
4511,571,210,2385,0x40004445,0,0,0,0,0,80,,,"Le Brise-ciel",,,,,,,,,,,,,,0xFF01FE,0x0,0,,,0,-500.0,0.0,,
4512,571,210,2387,0x40004445,0,0,0,0,0,80,,,"Le Marteau d'Orgrim",,,,,,,,,,,,,,0xFF01FE,0x0,0,,,0,-500.0,0.0,,
4513,571,210,2389,0x40004445,0,0,0,458,0,80,,,"Ymirheim",,,,,,,,,,,,,,0xFF01FE,0x0,0,,,0,-500.0,0.0,,
4514,571,210,2391,0x40004445,0,0,0,0,0,80,,,"Mines de saronite",,,,,,,,,,,,,,0xFF01FE,0x0,0,,,0,-500.0,0.0,,
4515,571,210,2393,0x40004445,0,0,0,0,0,80,,,"La Déflagration",,,,,,,,,,,,,,0xFF01FE,0x0,0,,,0,-500.0,0.0,,
4516,571,210,2395,0x40004445,0,0,0,0,0,80,,,"Rempart Mur-de-fer",,,,,,,,,,,,,,0xFF01FE,0x0,0,,,0,-500.0,0.0,,
4517,571,210,2397,0x40004445,0,0,0,0,0,80,,,"Carrière des Larmes",,,,,,,,,,,,,,0xFF01FE,0x0,0,,,0,-500.0,0.0,,
4518,571,210,2399,0x40004445,0,0,0,0,0,80,,,"Corp'rethar : la Porte de l'Horreur",,,,,,,,,,,,,,0xFF01FE,0x0,0,,,0,-500.0,0.0,,
4519,571,210,2401,0x40004445,0,0,0,0,0,80,,,"La cour des Ossements",,,,,,,,,,,,,,0xFF01FE,0x0,0,,,0,-500.0,0.0,,
4520,571,210,2403,0x40004445,0,0,0,0,0,80,,,"Malykriss : le Fort infâme",,,,,,,,,,,,,,0xFF01FE,0x0,0,,,0,-500.0,0.0,,
4521,571,210,2405,0x40004445,0,0,0,0,0,80,,,"Cathédrale des ténèbres",,,,,,,,,,,,,,0xFF01FE,0x0,0,,,0,-500.0,0.0,,
4522,571,210,2407,0x40004445,0,0,0,542,0,80,,,"Citadelle de la Couronne de glace",,,,,,,,,,,,,,0xFF01FE,0x0,0,,,0,-500.0,0.0,,
4523,571,210,2409,0x40004445,0,0,0,0,0,79,,,"Glacier de la Couronne de glace",,,,,,,,,,,,,,0xFF01FE,0x0,0,,,0,-500.0,0.0,,
4524,571,210,2411,0x40004445,0,0,0,0,0,80,,,"Valhalas",,,,,,,,,,,,,,0xFF01FE,0x0,0,,,0,-500.0,0.0,,
4525,571,210,2413,0x40004445,0,0,0,0,0,80,,,"Les Basses-salles",,,,,,,,,,,,,,0xFF01FE,0x0,0,,,0,-500.0,0.0,,
4526,571,210,2415,0x40004445,0,0,0,458,0,80,,,"Njorndar",,,,,,,,,,,,,,0xFF01FE,0x0,0,,,0,-500.0,0.0,,
4527,571,210,2417,0x40004445,0,0,0,0,0,80,,,"Forteresse de Balargarde",,,,,,,,,,,,,,0xFF01FE,0x0,0,,,0,-500.0,0.0,,
4528,571,210,2419,0x40004445,0,0,0,0,0,80,,,"Donjon de Kul'galar",,,,,,,,,,,,,,0xFF01FE,0x0,0,,,0,-500.0,0.0,,
4529,571,210,2421,0x40004445,0,0,0,0,0,80,,,"La Cathédrale cramoisie",,,,,,,,,,,,,,0xFF01FE,0x0,0,,,0,-500.0,0.0,,
4530,571,210,2423,0x40004445,0,0,0,0,0,80,,,"Sanctum de réanimation",,,,,,,,,,,,,,0xFF01FE,0x0,0,,,0,-500.0,0.0,,
4531,571,210,2425,0x40004445,0,0,0,0,0,80,,,"La Charognerie",,,,,,,,,,,,,,0xFF01FE,0x0,0,,,0,-500.0,0.0,,
4532,571,495,2427,0x40404441,0,0,0,0,0,70,,,"Auberge de l'accostage de la Vengeance",,,,,,,,,,,,,,0xFF01FE,0x0,0,,,0,-500.0,0.0,,
4533,571,210,2429,0x40004445,0,0,0,0,0,78,,,"La chute de Sindragosa",,,,,,,,,,,,,,0xFF01FE,0x0,0,,,0,-500.0,0.0,,
4534,571,495,2431,0x40004441,0,0,0,0,0,71,,,"Mine Hardivar",,,,,,,,,,,,,,0xFF01FE,0x0,0,,,0,-500.0,0.0,,
4535,571,67,2433,0x40004441,0,0,0,0,0,78,,,"La Fosse du croc",,,,,,,,,,,,,,0xFF01FE,0x0,0,,,0,-500.0,0.0,,
4536,571,67,2435,0x40004441,0,0,0,0,0,80,,,"Caverne des Hurlegivres",,,,,,,,,,,,,,0xFF01FE,0x0,0,,,0,-500.0,0.0,,
4537,571,210,2437,0x40004445,0,0,0,0,0,78,,,"La vallée de l'Espoir perdu",,,,,,,,,,,,,,0xFF01FE,0x0,0,,,0,-500.0,0.0,,
4538,571,4197,2439,0x41004441,0,0,0,0,0,80,,,"L'arène Engloutie",,,,,,,,,,,,,,0xFF01FE,0x0,0,,,0,-500.0,0.0,,
4539,571,4197,2441,0x49004441,0,0,0,0,0,80,,,"Le temple Brisé",,,,,,,,,,,,,,0xFF01FE,0x0,0,,,0,-500.0,0.0,,
4540,571,210,2443,0x40004445,0,0,0,0,0,79,,,"La vallée des Héros défunts",,,,,,,,,,,,,,0xFF01FE,0x0,0,,,0,-500.0,0.0,,
4541,571,210,2445,0x40004445,0,0,0,0,0,77,,,"Infirmerie de l'avant-garde",,,,,,,,,,,,,,0xFF01FE,0x0,0,,,0,-500.0,0.0,,
4542,571,67,2447,0x40004441,0,0,0,0,0,80,,,"Hall du Façonneur",,,,,,,,,,,,,,0xFF01FE,0x0,0,,,0,-500.0,0.0,,
4543,571,67,2451,0x40004441,0,0,0,0,0,80,,,"Temple de la Sagesse",,,,,,,,,,,,,,0xFF01FE,0x0,0,,,0,-500.0,0.0,,
4544,0,139,2456,0x40000040,0,0,0,452,0,55,,,"Brèche-de-Mort",,,,,,,,,,,,,,0xFF01FE,0x0,0,,,0,-500.0,0.0,,
4545,0,139,2460,0x40000040,0,0,0,0,0,55,,,"Mine abandonnée",,,,,,,,,,,,,,0xFF01FE,0x0,0,,,0,-500.0,0.0,,
4546,0,139,2464,0x40000040,0,0,0,0,0,55,,,"Ruines de l'enclave Écarlate",,,,,,,,,,,,,,0xFF01FE,0x0,0,,,0,-500.0,0.0,,
4547,571,67,2468,0x40004441,0,0,0,0,0,80,,,"Les salles de Pierre",,,,,,,,,,,,,,0xFF01FE,0x0,0,,,0,-500.0,0.0,,
4548,571,67,2472,0x40004441,0,0,0,0,0,80,,,"Les salles de Foudre",,,,,,,,,,,,,,0xFF01FE,0x0,0,,,0,-500.0,0.0,,
4549,571,2817,2476,0x40004444,0,0,0,0,0,80,,,"Le grand Arbre",,,,,,,,,,,,,,0xFF01FE,0x0,0,,,0,-500.0,0.0,,
4550,571,2817,2480,0x40004444,0,0,0,0,0,80,,,"Le Miroir du crépuscule",,,,,,,,,,,,,,0xFF01FE,0x0,0,,,0,-500.0,0.0,,
4551,571,2817,2484,0x40004444,0,0,0,0,0,80,,,"Le ruisselet du Crépuscule",,,,,,,,,,,,,,0xFF01FE,0x0,0,,,0,-500.0,0.0,,
4552,571,2817,2488,0x40004444,0,0,0,0,0,80,,,"Le courant Stagnant",,,,,,,,,,,,,,0xFF01FE,0x0,0,,,0,-500.0,0.0,,
4553,571,2817,2492,0x40004444,0,0,0,0,0,80,,,"Bois Lugubre",,,,,,,,,,,,,,0xFF01FE,0x0,0,,,0,-500.0,0.0,,
4554,571,2817,2496,0x40004444,0,0,0,0,0,80,,,"Ruines de Shandaral",,,,,,,,,,,,,,0xFF01FE,0x0,0,,,0,-500.0,0.0,,
4555,571,2817,2500,0x40004444,0,0,0,0,0,80,,,"Le front Azur",,,,,,,,,,,,,,0xFF01FE,0x0,0,,,0,-500.0,0.0,,
4556,571,2817,2504,0x40004444,0,0,0,0,0,80,,,"Le Séjour pourpre",,,,,,,,,,,,,,0xFF01FE,0x0,0,,,0,-500.0,0.0,,
4557,571,2817,2508,0x40004444,0,0,0,0,0,80,,,"Le fourré Délié",,,,,,,,,,,,,,0xFF01FE,0x0,0,,,0,-500.0,0.0,,
4558,571,2817,2512,0x40004444,0,0,0,0,0,80,,,"Quartier général de Saccage-soleil",,,,,,,,,,,,,,0xFF01FE,0x0,0,,,0,-500.0,0.0,,
4559,571,2817,2516,0x40004444,0,0,0,0,0,80,,,"Surplomb de Coursevent",,,,,,,,,,,,,,0xFF01FE,0x0,0,,,0,-500.0,0.0,,
4560,571,4395,2519,0x60004928,0,0,0,0,0,0,,,"Les Entrailles",,,,,,,,,,,,,,0xFF01FE,0x0,0,,,0,-500.0,0.0,,
4564,571,4395,2531,0x40004D28,0,0,0,0,0,0,,,"Aire de Krasus",,,,,,,,,,,,,,0xFF01FE,0x0,0,,,0,-500.0,0.0,,
4567,571,4395,2540,0x60004D28,0,0,0,433,0,0,,,"Le fort Pourpre",,,,,,,,,,,,,,0xFF01FE,0x0,0,,,0,-500.0,0.0,,
4568,571,4395,2543,0x60004D28,0,0,0,0,0,0,,,"Le Brunant",,,,,,,,,,,,,,0xFF01FE,0x0,0,,,0,-500.0,0.0,,
4569,571,4395,2546,0x40004D28,0,0,0,0,0,0,,,"Tunnel de sortie des égouts",,,,,,,,,,,,,,0xFF01FE,0x0,0,,,0,-500.0,0.0,,
4570,571,4395,2549,0x60004968,0,0,0,0,0,0,,,"Le cercle des Volontés",,,,,,,,,,,,,,0xFF01FE,0x0,0,,,0,-500.0,0.0,,
4571,489,3277,2552,0x40000000,0,0,0,0,0,0,,,"Salle du drapeau des Ailes-d'argent",,,,,,,,,,,,,,0xFF01FE,0x0,0,,,0,-500.0,0.0,,
4572,489,3277,2556,0x40000000,0,0,0,0,0,0,,,"Salle du drapeau des Chanteguerres",,,,,,,,,,,,,,0xFF01FE,0x0,0,,,0,-500.0,0.0,,
4575,571,4197,2564,0x49004441,0,0,0,0,0,80,,,"Forteresse de Joug-d'hiver",,,,,,,,,,,,,,0xFF01FE,0x0,0,,,0,-500.0,0.0,,
4576,571,4197,2567,0x49004441,0,0,0,0,0,80,,,"Pont central",,,,,,,,,,,,,,0xFF01FE,0x0,0,,,0,-500.0,0.0,,
4577,571,4197,2570,0x49004441,0,0,0,0,0,80,,,"Pont de l'est",,,,,,,,,,,,,,0xFF01FE,0x0,0,,,0,-500.0,0.0,,
4578,571,4197,2573,0x41004441,0,0,0,0,0,80,,,"Pont de l'ouest",,,,,,,,,,,,,,0xFF01FE,0x0,0,,,0,-500.0,0.0,,
4579,571,66,2577,0x40004444,0,0,0,0,0,77,,,"Dubra'Jin",,,,,,,,,,,,,,0xFF01FE,0x0,0,,,0,-500.0,0.0,,
4580,571,210,2579,0x40004445,0,0,0,0,0,80,,,"Cime des Croisés",,,,,,,,,,,,,,0xFF01FE,0x0,0,,,0,-500.0,0.0,,
4581,571,4197,2582,0x49004441,0,0,0,0,0,80,,,"Tour Guetteflamme",,,,,,,,,,,,,,0xFF01FE,0x0,0,,,0,-500.0,0.0,,
4582,571,4197,2585,0x49004441,0,0,0,0,0,80,,,"Tour Bornehiver",,,,,,,,,,,,,,0xFF01FE,0x0,0,,,0,-500.0,0.0,,
4583,571,4197,2588,0x49004441,0,0,0,0,0,80,,,"Tour d'Ombrevue",,,,,,,,,,,,,,0xFF01FE,0x0,0,,,0,-500.0,0.0,,
4584,571,4197,2591,0x49004441,0,0,0,0,0,80,,,"Le Chaudron des flammes",,,,,,,,,,,,,,0xFF01FE,0x0,0,,,0,-500.0,0.0,,
4585,571,4197,2594,0x49004441,0,0,0,0,0,80,,,"Chutes Glaciales",,,,,,,,,,,,,,0xFF01FE,0x0,0,,,0,-500.0,0.0,,
4586,571,4197,2597,0x49004441,0,0,0,0,0,80,,,"Les pitons Venteux",,,,,,,,,,,,,,0xFF01FE,0x0,0,,,0,-500.0,0.0,,
4587,571,4197,2600,0x49004441,0,0,0,0,0,80,,,"La forêt des Ombres",,,,,,,,,,,,,,0xFF01FE,0x0,0,,,0,-500.0,0.0,,
4588,571,210,2603,0x40004445,0,0,0,0,0,80,,,"Guet Noir",,,,,,,,,,,,,,0xFF01FE,0x0,0,,,0,-500.0,0.0,,
4589,571,4197,2606,0x49000441,0,0,0,0,0,80,,,"Le bourbier Glacial",,,,,,,,,,,,,,0xFF01FE,0x0,0,,,0,-500.0,0.0,,
4590,571,4197,2609,0x49004441,0,0,0,0,0,80,,,"Les steppes de la Vie",,,,,,,,,,,,,,0xFF01FE,0x0,0,,,0,-500.0,0.0,,
4591,571,210,2613,0x40004445,0,0,0,0,0,80,,,"Veille Silencieuse",,,,,,,,,,,,,,0xFF01FE,0x0,0,,,0,-500.0,0.0,,
4592,571,67,2615,0x40004441,0,0,0,0,0,80,,,"Tanière de Gimorak",,,,,,,,,,,,,,0xFF01FE,0x0,0,,,0,-500.0,0.0,,
4593,571,210,2619,0x40004445,0,0,0,0,0,79,,,"La fosse aux Démons",,,,,,,,,,,,,,0xFF01FE,0x0,0,,,0,-500.0,0.0,,
4594,571,210,2622,0x40004445,0,0,0,0,0,80,,,"Flèche de la Balafre",,,,,,,,,,,,,,0xFF01FE,0x0,0,,,0,-500.0,0.0,,
4595,571,210,2625,0x40004445,0,0,0,0,0,80,,,"Salle des Horreurs",,,,,,,,,,,,,,0xFF01FE,0x0,0,,,0,-500.0,0.0,,
4596,571,210,2628,0x40004445,0,0,0,0,0,80,,,"Cercle de Souffrance",,,,,,,,,,,,,,0xFF01FE,0x0,0,,,0,-500.0,0.0,,
4597,571,210,2630,0x40004445,0,0,0,0,0,80,,,"Cime de Souffrance",,,,,,,,,,,,,,0xFF01FE,0x0,0,,,0,-500.0,0.0,,
4598,571,4395,2633,0x64004928,0,0,0,0,0,0,,,"Aire de Krasus",,,,,,,,,,,,,,0xFF01FE,0x0,0,,,0,-500.0,0.0,,
4599,571,4395,2636,0x44004D28,0,0,0,0,0,0,,,"Tunnel de sortie des égouts",,,,,,,,,,,,,,0xFF01FE,0x0,0,,,0,-500.0,0.0,,
4601,571,4395,2642,0x40004D28,0,0,0,0,0,0,,,"Île de Dalaran",,,,,,,,,,,,,,0xFF01FE,0x0,0,,,0,-500.0,0.0,,
4602,571,0,2646,0x2000000,0,0,0,0,0,0,,,"Force intérieure",,,,,,,,,,,,,,0xFF01FE,0x0,0,,,0,-500.0,0.0,,
4603,624,0,2648,0x0,0,0,0,0,0,0,,,"Caveau d'Archavon",,,,,,,,,,,,,,0xFF01FE,0x0,0,,,0,-500.0,0.0,,
4604,607,4384,2651,0x40000050,0,0,0,0,0,-1,,,"Porte du Soleil rouge",,,,,,,,,,,,,,0xFF01FE,0x0,0,,,0,-500.0,0.0,,
4605,607,4384,2654,0x40000010,0,0,0,0,0,-1,,,"Porte du Saphir bleu",,,,,,,,,,,,,,0xFF01FE,0x0,0,,,0,-500.0,0.0,,
4606,607,4384,2657,0x40000010,0,0,0,0,0,-1,,,"Porte de l'Émeraude verte",,,,,,,,,,,,,,0xFF01FE,0x0,0,,,0,-500.0,0.0,,
4607,607,4384,2660,0x40000010,0,0,0,0,0,-1,,,"Porte de l'Améthyste violette",,,,,,,,,,,,,,0xFF01FE,0x0,0,,,0,-500.0,0.0,,
4608,607,4384,2663,0x40000010,0,0,0,0,0,-1,,,"Porte de la Lune jaune",,,,,,,,,,,,,,0xFF01FE,0x0,0,,,0,-500.0,0.0,,
4609,607,4384,2667,0x40000010,0,0,0,0,0,-1,,,"Cour des Anciens",,,,,,,,,,,,,,0xFF01FE,0x0,0,,,0,-500.0,0.0,,
4610,607,4384,2670,0x40000010,0,0,0,0,0,-1,,,"Plage de débarquement",,,,,,,,,,,,,,0xFF01FE,0x0,0,,,0,-500.0,0.0,,
4611,571,4197,2672,0x49004441,0,0,0,0,0,-1,,,"Atelier de l'Ouestincelle",,,,,,,,,,,,,,0xFF01FE,0x0,0,,,0,-500.0,0.0,,
4612,571,4197,2675,0x49004441,0,0,0,0,0,-1,,,"Atelier de l'Estincelle",,,,,,,,,,,,,,0xFF01FE,0x0,0,,,0,-500.0,0.0,,
4613,571,4395,2678,0x60004D28,0,0,0,0,0,0,,,"Dalaran",,,,,,,,,,,,,,0xFF01FE,0x0,0,,,0,-500.0,0.0,,
4614,571,4395,2681,0x60004D28,0,0,0,0,0,0,,,"Fléche de la citadelle Pourpre",,,,,,,,,,,,,,0xFF01FE,0x0,0,,,0,-500.0,0.0,,
4615,571,210,2685,0x40005445,0,0,0,0,0,80,,,"Naz'anak : les profondeurs oubliées",,,,,,,,,,,,,,0xFF01FE,0x0,0,,,0,-500.0,0.0,,
4616,571,4395,2687,0x60004D28,0,0,0,0,0,0,,,"Sanctuaire de Saccage-soleil",,,,,,,,,,,,,,0xFF01FE,0x0,0,,,0,-500.0,0.0,,
4617,0,1497,2690,0x44200138,0,0,0,0,0,-1,,,"Ascenseur",,,,,,,,,,,,,,0xFF01FE,0x0,0,,,0,-500.0,0.0,,
4618,571,4395,2693,0x60004D28,0,0,0,0,0,0,,,"Monument à Antonidas",,,,,,,,,,,,,,0xFF01FE,0x0,0,,,0,-500.0,0.0,,
4619,571,4395,2696,0x60004D28,0,0,0,0,0,0,,,"Citadelle Pourpre",,,,,,,,,,,,,,0xFF01FE,0x0,0,,,0,-500.0,0.0,,
4620,571,4395,2699,0x60004D28,0,0,0,0,0,0,,,"La halle des mages",,,,,,,,,,,,,,0xFF01FE,0x0,0,,,0,-500.0,0.0,,
4621,571,67,2702,0x40004441,0,0,0,0,0,80,,,"INUTILISÉ",,,,,,,,,,,,,,0xFF01FE,0x0,0,,,0,-500.0,0.0,,
4622,571,210,2705,0x40004445,0,0,0,0,0,80,,,"Camp avancé de la Première légion",,,,,,,,,,,,,,0xFF01FE,0x0,0,,,0,-500.0,0.0,,
4623,619,4494,2708,0x42004000,0,0,0,495,0,0,,,"Salle des Rois conquis",,,,,,,,,,,,,,0xFF01FE,0x0,0,,,0,-500.0,0.0,,
4624,619,4494,2711,0x42004000,0,0,0,495,0,0,,,"Terrasse Souillée",,,,,,,,,,,,,,0xFF01FE,0x0,0,,,0,-500.0,0.0,,
4625,619,4494,2714,0x42004000,0,0,0,493,0,0,,,"L'autel désacralisé",,,,,,,,,,,,,,0xFF01FE,0x0,0,,,0,-500.0,0.0,,
4626,619,4494,2717,0x42004000,0,0,0,494,0,0,,,"La tourbière Chatoyante",,,,,,,,,,,,,,0xFF01FE,0x0,0,,,0,-500.0,0.0,,
4627,619,4494,2720,0x42004000,0,0,0,494,573,0,,,"Temple déchu d'Ahn'kahet",,,,,,,,,,,,,,0xFF01FE,0x0,0,,,0,-500.0,0.0,,
4628,229,1583,2724,0x40000000,0,0,0,0,0,60,,,"Salles de lien",,,,,,,,,,,,,,0xFF01FE,0x0,0,,,0,-500.0,0.0,,
4629,571,67,2726,0x40004441,0,0,0,0,0,0,,,"Cœur de l'hiver",,,,,,,,,,,,,,0xFF01FE,0x0,0,,,0,-500.0,0.0,,
4630,571,0,2729,0x40,0,0,440,0,0,0,,,"La mer Boréale",,,,,,,,,,,,,,0xFF01FE,0x0,0,,,0,-500.0,0.0,,
4631,571,67,2732,0x40004441,0,0,0,0,0,79,,,"Le nid de la mère des couvées",,,,,,,,,,,,,,0xFF01FE,0x0,0,,,0,-500.0,0.0,,
4632,571,4395,2735,0x40004D28,0,0,0,0,0,0,,,"Rochers flottants de Dalaran",,,,,,,,,,,,,,0xFF01FE,0x0,0,,,0,-500.0,0.0,,
4633,600,4196,2738,0x40000000,0,0,0,0,0,-1,,,"Enclos à raptors",,,,,,,,,,,,,,0xFF01FE,0x0,0,,,0,-500.0,0.0,,
4635,571,66,2742,0x40004444,0,0,0,0,0,73,,,"Donjon de Drak'Tharon",,,,,,,,,,,,,,0xFF01FE,0x0,0,,,0,-500.0,0.0,,
4636,609,4298,2746,0x40004040,0,0,0,0,0,0,,,"La passe Nocive",,,,,,,,,,,,,,0xFF01FE,0x0,0,,,0,-500.0,0.0,,
4637,571,4395,2748,0x60004928,0,0,0,0,0,0,,,"Retraite de Vargoth",,,,,,,,,,,,,,0xFF01FE,0x0,0,,,0,-500.0,0.0,,
4638,571,4395,2751,0x40004D28,0,0,0,0,0,0,,,"Balcon de la citadelle Pourpre",,,,,,,,,,,,,,0xFF01FE,0x0,0,,,0,-500.0,0.0,,
4639,571,3537,2755,0x40005441,0,0,0,0,0,0,,,"Bague de variance",,,,,,,,,,,,,,0xFF01FE,0x0,0,,,0,-500.0,0.0,,
4640,571,3537,2760,0x40005441,0,0,0,0,0,0,,,"Bague d'accélération",,,,,,,,,,,,,,0xFF01FE,0x0,0,,,0,-500.0,0.0,,
4641,571,3537,2765,0x40005441,0,0,0,0,0,0,,,"Bague de transmutation",,,,,,,,,,,,,,0xFF01FE,0x0,0,,,0,-500.0,0.0,,
4642,571,3537,2770,0x40004441,0,0,0,0,0,0,,,"Bague d'alignement",,,,,,,,,,,,,,0xFF01FE,0x0,0,,,0,-500.0,0.0,,
4646,571,394,2779,0x40004440,0,0,0,0,0,0,,,"Lac du Frêne",,,,,,,,,,,,,,0xFF01FE,0x0,0,,,0,-500.0,0.0,,
4650,603,4273,2788,0x44000000,0,0,465,521,581,-1,,,"Corridor de Fer",,,,,,,,,,,,,,0xFF01FE,0x0,0,,,0,-500.0,0.0,,
4652,603,4273,2793,0x44004000,0,0,465,522,582,-1,,,"Champ d'entraînement",,,,,,,,,,,,,,0xFF01FE,0x0,0,,,0,-500.0,0.0,,
4653,603,4273,2797,0x44004000,0,0,465,524,584,-1,,,"Nichoir de Tranchécaille",,,,,,,,,,,,,,0xFF01FE,0x0,0,,,0,-500.0,0.0,,
4654,603,4273,2801,0x44004000,0,0,465,523,583,-1,,,"La Forge colossale",,,,,,,,,,,,,,0xFF01FE,0x0,0,,,0,-500.0,0.0,,
4655,603,4273,2805,0x44004000,0,0,465,525,585,-1,,,"La Ferraillerie",,,,,,,,,,,,,,0xFF01FE,0x0,0,,,0,-500.0,0.0,,
4656,603,4273,2809,0x40000000,0,0,492,510,578,-1,,,"Le jardin de la Vie",,,,,,,,,,,,,,0xFF01FE,0x0,0,,,0,-500.0,0.0,,
4657,603,4273,2813,0x40000000,0,0,465,0,0,-1,,,"L'Archivum",,,,,,,,,,,,,,0xFF01FE,0x0,0,,,0,-500.0,0.0,,
4658,571,210,2817,0x40000C45,0,0,42,506,0,0,,,"Enceinte du tournoi d'Argent",,,,,,,,,,,,,,0xFF01FE,0x0,0,,,0,-500.0,0.0,,
4665,603,4273,2833,0x44004000,0,0,465,520,580,-1,,,"Camp de base de l'expédition",,,,,,,,,,,,,,0xFF01FE,0x0,0,,,0,-500.0,0.0,,
4666,571,210,2837,0x40400C04,0,0,0,0,0,0,,,"Pavillon de Saccage-soleil",,,,,,,,,,,,,,0xFF01FE,0x0,0,,,0,-500.0,0.0,,
4667,571,210,2841,0x40800C04,0,0,0,0,0,0,,,"Pavillon du Concordat argenté",,,,,,,,,,,,,,0xFF01FE,0x0,0,,,0,-500.0,0.0,,
4668,0,40,2846,0x40000040,0,0,0,0,0,0,,,"La résidence des Tonnelier",,,,,,,,,,,,,,0xFF01FE,0x0,0,,,0,-500.0,0.0,,
4669,571,210,2849,0x40000C45,0,0,0,506,0,0,,,"La lice des champions",,,,,,,,,,,,,,0xFF01FE,0x0,0,,,0,-500.0,0.0,,
4670,571,210,2853,0x40000C45,0,0,0,506,0,0,,,"La lice des aspirants",,,,,,,,,,,,,,0xFF01FE,0x0,0,,,0,-500.0,0.0,,
4671,571,210,2857,0x40000C45,0,0,0,506,0,0,,,"La lice des vaillants d'Argent",,,,,,,,,,,,,,0xFF01FE,0x0,0,,,0,-500.0,0.0,,
4672,571,210,2861,0x40000C45,0,0,0,506,0,0,,,"La lice des vaillants de l'Alliance",,,,,,,,,,,,,,0xFF01FE,0x0,0,,,0,-500.0,0.0,,
4673,571,210,2865,0x40000C45,0,0,0,506,0,0,,,"La lice des vaillants de la Horde",,,,,,,,,,,,,,0xFF01FE,0x0,0,,,0,-500.0,0.0,,
4674,571,210,2869,0x40000C04,0,0,0,0,0,0,,,"Pavillon d'Argent",,,,,,,,,,,,,,0xFF01FE,0x0,0,,,0,-500.0,0.0,,
4676,571,210,2875,0x40000C45,0,0,0,0,0,0,,,"Pavillon de Saccage-soleil",,,,,,,,,,,,,,0xFF01FE,0x0,0,,,0,-500.0,0.0,,
4677,571,210,2879,0x40000C45,0,0,0,0,0,0,,,"Pavillon du Concordat argenté",,,,,,,,,,,,,,0xFF01FE,0x0,0,,,0,-500.0,0.0,,
4679,0,1537,2884,0x40200138,0,0,0,0,0,0,,,"La Caverne lugubre",,,,,,,,,,,,,,0xFF01FE,0x0,0,,,0,-500.0,0.0,,
4688,451,151,2896,0x40004440,0,0,0,0,0,0,,,"claytonio test area",,,,,,,,,,,,,,0xFF01FE,0x0,0,,,0,-500.0,0.0,,
4692,571,210,2905,0x40000445,0,0,0,0,0,0,,,"Repos de Quel'Delar",,,,,,,,,,,,,,0xFF01FE,0x0,0,,,0,-500.0,0.0,,
4710,628,0,2938,0x0,0,0,496,243,0,0,,,"Île des Conquérants",,,,,,,,,,,,,,0xFF01FE,0x0,0,,,0,-500.0,0.0,,
4722,649,0,2964,0x2000000,0,0,0,0,0,0,,,"L'épreuve du croisé",,,,,,,,,,,,,,0xFF01FE,0x0,0,,,0,-500.0,0.800000011921,,
4723,650,0,2968,0x2000000,0,0,0,0,0,0,,,"L'épreuve du champion",,,,,,,,,,,,,,0xFF01FE,0x0,0,,,0,-500.0,0.800000011921,,
4739,571,4395,3002,0x60004D28,0,0,0,0,0,0,,,"Place Tisserune",,,,,,,,,,,,,,0xFF01FE,0x0,0,,,0,-500.0,0.0,,
4740,571,4395,3007,0x60004D28,0,0,0,0,0,0,,,"L'enclave Argentée",,,,,,,,,,,,,,0xFF01FE,0x0,0,,,0,-500.0,0.0,,
4741,628,4710,3010,0x40000000,0,0,0,0,0,0,,,"No man's land de l'île des Conquérants",,,,,,,,,,,,,,0xFF01FE,0x0,0,,,0,-500.0,0.0,,
4742,571,0,3014,0x445,0,0,465,462,0,80,,,"Accostage de Hrothgar",,,,,,,,,,,,,,0xFF01FE,0x0,0,,,0,-500.0,0.0,,
4743,571,210,3018,0x40004445,0,0,0,0,0,80,,,"Le Guet du nécrorateur",,,,,,,,,,,,,,0xFF01FE,0x0,0,,,0,-500.0,0.0,,
4747,628,4710,3027,0x40000000,0,0,0,0,0,0,,,"Atelier",,,,,,,,,,,,,,0xFF01FE,0x0,0,,,0,-500.0,0.0,,
4748,628,4710,3031,0x40000000,0,0,0,0,0,0,,,"Carrière",,,,,,,,,,,,,,0xFF01FE,0x0,0,,,0,-500.0,0.0,,
4749,628,4710,3035,0x40000000,0,0,0,0,0,0,,,"Docks",,,,,,,,,,,,,,0xFF01FE,0x0,0,,,0,-500.0,0.0,,
4750,628,4710,3039,0x40000000,0,0,0,0,0,0,,,"Hangar",,,,,,,,,,,,,,0xFF01FE,0x0,0,,,0,-500.0,0.0,,
4751,628,4710,3043,0x40000000,0,0,0,0,0,0,,,"Raffinerie",,,,,,,,,,,,,,0xFF01FE,0x0,0,,,0,-500.0,0.0,,
4752,628,4710,3047,0x40000000,0,0,0,0,0,0,,,"Donjon de la Horde",,,,,,,,,,,,,,0xFF01FE,0x0,0,,,0,-500.0,0.0,,
4753,628,4710,3051,0x40000000,0,0,0,0,0,0,,,"Donjon de l'Alliance",,,,,,,,,,,,,,0xFF01FE,0x0,0,,,0,-500.0,0.0,,
4760,571,4742,3067,0x40000445,0,0,0,0,0,0,,,"Le trajet du Saccageur des mers",,,,,,,,,,,,,,0xFF01FE,0x0,0,,,0,-500.0,0.0,,
4763,641,0,3075,0x2000000,0,0,0,0,0,0,,,"Transport : canonnière de l'Alliance",,,,,,,,,,,,,,0xFF01FE,0x0,0,,,0,-500.0,0.0,,
4764,642,0,3080,0x2000000,0,0,0,0,0,0,,,"Transport : canonnière de la Horde",,,,,,,,,,,,,,0xFF01FE,0x0,0,,,0,-500.0,0.0,,
4769,571,4742,3091,0x40000445,0,0,0,0,0,0,,,"Accostage de Hrothgar",,,,,,,,,,,,,,0xFF01FE,0x0,0,,,0,-500.0,0.0,,
4809,632,0,3173,0x4001,0,0,0,541,0,-1,,,"La Forge des âmes",,,,,,,,,,,,,,0xFF01FE,0x0,0,,,0,-500.0,0.0,,
4812,631,0,3180,0x4001,0,0,499,0,0,-1,,,"Citadelle de la Couronne de glace",,,,,,,,,,,,,,0xFF01FE,0x0,0,,,0,-500.0,0.40000000596,,
4813,658,0,3183,0x4001,0,0,499,554,593,-1,,,"Fosse de Saron",,,,,,,,,,,,,,0xFF01FE,0x0,0,,,0,-500.0,0.40000000596,,
4820,668,0,3198,0x4001,0,0,466,542,587,-1,,,"Salles des Reflets",,,,,,,,,,,,,,0xFF01FE,0x0,0,,,0,-500.0,0.0,,
4832,672,0,3223,0x2000000,0,0,0,0,0,0,,,"Transport: canonnière de l'Alliance (IGB)",,,,,,,,,,,,,,0xFF01FE,0x0,0,,,0,-500.0,0.0,,
4833,673,0,3228,0x2000000,0,0,0,0,0,0,,,"Transport : canonnière de la Horde(IGB)",,,,,,,,,,,,,,0xFF01FE,0x0,0,,,0,-500.0,0.0,,
4859,631,4812,3283,0x42004001,0,0,0,0,0,-1,,,"Le Trône de glace",,,,,,,,,,,,,,0xFF01FE,0x0,0,,,0,-500.0,0.40000000596,,
4862,571,210,3292,0x40000C45,0,0,0,0,0,80,,,"Les salles Gelées",,,,,,,,,,,,,,0xFF01FE,0x0,0,,,0,-500.0,0.0,,
4889,631,4812,3349,0x40004001,0,0,0,0,0,-1,,,"Le repaire de la reine du Givre",,,,,,,,,,,,,,0xFF01FE,0x0,0,,,0,-500.0,0.0,,
4890,631,4812,3356,0x40004001,0,0,0,0,0,-1,,,"Laboratoire des désopilantes atrocités alchimiques de Putricide",,,,,,,,,,,,,,0xFF01FE,0x0,0,,,0,-500.0,0.0,,
4891,631,4812,3363,0x40004001,0,0,0,0,0,-1,,,"Le sanctum du Sang",,,,,,,,,,,,,,0xFF01FE,0x0,0,,,0,-500.0,0.0,,
4892,631,4812,3370,0x40004001,0,0,0,0,0,-1,,,"La salle Cramoisie",,,,,,,,,,,,,,0xFF01FE,0x0,0,,,0,-500.0,0.0,,
4893,631,0,3377,0x4001,0,0,0,0,0,-1,,,"Le repaire de la reine du Givre",,,,,,,,,,,,,,0xFF01FE,0x0,0,,,0,-500.0,0.40000000596,,
4894,631,0,3384,0x4001,0,0,0,0,0,-1,,,"Laboratoire des désopilantes atrocités alchimiques de Putricide",,,,,,,,,,,,,,0xFF01FE,0x0,0,,,0,-500.0,0.40000000596,,
4895,631,0,3394,0x4001,0,0,0,0,0,-1,,,"La salle Cramoisie",,,,,,,,,,,,,,0xFF01FE,0x0,0,,,0,-500.0,0.0,,
4896,631,0,3401,0x4001,0,0,0,0,0,-1,,,"Le Trône de glace",,,,,,,,,,,,,,0xFF01FE,0x0,0,,,0,-500.0,0.40000000596,,
4897,631,0,3408,0x4001,0,0,0,0,0,-1,,,"Le sanctum de Sang",,,,,,,,,,,,,,0xFF01FE,0x0,0,,,0,-500.0,0.40000000596,,
4898,631,4896,3412,0x40004001,0,0,504,0,0,-1,,,"Deuillegivre",,,,,,,,,,,,,,0xFF01FE,0x0,0,,,0,-500.0,0.0,,
4904,658,4813,3429,0x40004001,0,0,0,563,600,-1,,,"La Sombre marche",,,,,,,,,,,,,,0xFF01FE,0x0,0,,,0,-500.0,0.40000000596,,
4905,658,4813,3436,0x40004001,0,0,0,564,601,-1,,,"Quartier général du seigneur du Fléau",,,,,,,,,,,,,,0xFF01FE,0x0,0,,,0,-500.0,0.40000000596,,
4906,668,4820,3443,0x40004001,0,0,0,0,0,-1,,,"Le trône des Ombres",,,,,,,,,,,,,,0xFF01FE,0x0,0,,,0,-500.0,0.0,,
4908,668,4820,3451,0x40004001,0,0,0,0,0,-1,,,"Le passage secret",,,,,,,,,,,,,,0xFF01FE,0x0,0,,,0,-500.0,0.0,,
4910,631,4812,3461,0x42004001,0,0,0,0,0,-1,,,"Deuillegivre",,,,,,,,,,,,,,0xFF01FE,0x0,0,,,0,-500.0,0.0,,
4987,724,0,3617,0x0,0,0,363,566,0,0,,,"Le sanctum Rubis",,,,,,,,,,,,,,0xFF01FE,0x0,0,,,0,-500.0,1.0,,
5005,726,0,3705,0x4000,0,0,38,243,0,0,,,"Les Pics Jumeaux",,,,,,,,,,,,,,0xFF01FE,0x0,0,,,0,-500.0,0.0,,
5449,761,0,3706,0x4000,0,0,38,243,0,0,,,"La bataille de Gilnéas",,,,,,,,,,,,,,0xFF01FE,0x0,0,,,0,-500.0,0.0,,
5450,761,5449,3707,0x4000,0,0,38,243,0,0,,,"Phare",,,,,,,,,,,,,,0xFF01FE,0x0,0,,,0,-500.0,0.0,,
5451,761,5449,3708,0x4000,0,0,38,243,0,0,,,"Moulin à eau",,,,,,,,,,,,,,0xFF01FE,0x0,0,,,0,-500.0,0.0,,
5452,761,5449,3709,0x4000,0,0,38,243,0,0,,,"Les Mines",,,,,,,,,,,,,,0xFF01FE,0x0,0,,,0,-500.0,0.0,,
5453,761,5449,3710,0x4000,0,0,38,243,0,0,,,"Arrivée de la Horde",,,,,,,,,,,,,,0xFF01FE,0x0,0,,,0,-500.0,0.0,,
5454,761,5449,3711,0x4000,0,0,38,243,0,0,,,"Bastion Gilnéen",,,,,,,,,,,,,,0xFF01FE,0x0,0,,,0,-500.0,0.0,,
5457,761,5449,3712,0x4000,0,0,38,243,0,0,,,"Le Surplomb",,,,,,,,,,,,,,0xFF01FE,0x0,0,,,0,-500.0,0.0,,
5468,761,5449,3713,0x4000,0,0,38,243,0,0,,,"Côte Gilnéenne",,,,,,,,,,,,,,0xFF01FE,0x0,0,,,0,-500.0,0.0,,
5683,761,5449,3714,0x4000,0,0,38,243,0,0,,,"Sous le double arc-en-ciel",,,,,,,,,,,,,,0xFF01FE,0x0,0,,,0,-500.0,0.0,,
6061,774,6051,4779,0x4000,0,0,922,0,0,-1,,,"Temple de Kotmogu",,,,,,,,,,,,,,0xFF01FE,0x0,0,,,0,-500.0,0.0,,
6051,774,0,3775,0x4000,0,0,922,1188,0,-1,,,"Temple de Kotmogu",,,,,,,,,,,,,,0xFF01FE,0x0,0,,,0,-500.0,0.0,,
6060,774,6051,4778,0x4000,0,0,922,1310,0,-1,,,"Temple de Kotmogu",,,,,,,,,,,,,,0xFF01FE,0x0,0,,,0,-500.0,0.0,,
50707,807,0,3749,0x0,0,0,0,582,0,0,,,"Les Ports Oubliés",,,,,,,,,,,,,,0xFF01FE,0x0,0,,,0,-500.0,0.0,,
5179,823,0,3762,0x0,0,0,0,585,0,0,,,"Temple de la Terre",,,,,,,,,,,,,,0xFF01FE,0x0,0,,,0,-500.0,0.0,,
5190,823,0,3762,0x0,0,0,0,585,0,0,,,"Temple du Temps",,,,,,,,,,,,,,0xFF01FE,0x0,0,,,0,-500.0,0.0,,
5181,825,0,3764,0x0,0,0,0,583,0,0,,,"Forêt Mystérieuse",,,,,,,,,,,,,,0xFF01FE,0x0,0,,,0,-500.0,0.0,,
5222,850,0,3900,0x0,0,0,0,585,0,0,,,"Temple de la Terre",,,,,,,,,,,,,,0xFF01FE,0x0,0,,,0,-500.0,0.0,,
5223,850,0,3900,0x0,0,0,0,585,0,0,,,"Temple du Temps",,,,,,,,,,,,,,0xFF01FE,0x0,0,,,0,-500.0,0.0,,
6296,853,0,3715,0x10080,0,0,369,243,512,0,,,"Arène Tol'Viron",,,,,,,,,,,,,,0xFF01FE,0x0,0,,,0,-500.0,0.0,,
6732,854,0,3716,0x10080,0,0,369,243,512,0,,,"Le croc du Tigre",,,,,,,,,,,,,,0xFF01FE,0x0,0,,,0,-500.0,0.0,,
5736,860,0,3618,0x4000,0,86,0,930,1050,0,,,"L’île Vagabonde",,,,,,,,,,,,,,0xFF01FE,0x0,0,,,0,-500.0,0.0,,
