long,long,None,None,None,None,None,None,None,None,None,None,None,None,None,None,None,None,flags,None,None,None,None,None,None,None,None,None,None,None,None,None,None,None,None,flags,float,long,bool,long,
1,0,,,,,,,,,,,,,,,,,0xFF01FE,,,,,,,,,,,,,,,,,0xFF01CC,1.0,1,0,0,
2,0,,,,,,,,,,,,,,,,,0xFF01FE,,,,,,,,,,,,,,,,,0xFF01CC,1.0,1,0,1,
3,0,,,,,,,,,,,,,,,,,0xFF01FE,,,,,,,,,,,,,,,,,0xFF01CC,1.0,1,0,2,
4,0,,,,,,,,,,,,,,,,,0xFF01FE,,,,,,,,,,,,,,,,,0xFF01CC,1.0,1,0,3,
5,0,,,,,,,,,,,,,,,,,0xFF01FE,,,,,,,,,,,,,,,,,0xFF01CC,1.0,1,0,4,
6,0,,,,,,,,,,,,,,,,,0xFF01FE,,,,,,,,,,,,,,,,,0xFF01CC,1.0,1,0,5,
7,0,,,,,,,,,,,,,,,,,0xFF01FE,,,,,,,,,,,,,,,,,0xFF01CC,1.0,1,0,6,
8,0,,,,,,,,,,,,,,,,,0xFF01FE,,,,,,,,,,,,,,,,,0xFF01CC,1.0,1,0,7,
9,0,,,,,,,,,,,,,,,,,0xFF01FE,,,,,,,,,,,,,,,,,0xFF01CC,1.0,1,0,8,
10,0,,,,,,,,,,,,,,,,,0xFF01FE,,,,,,,,,,,,,,,,,0xFF01CC,1.0,1,0,9,
11,0,,,,,,,,,,,,,,,,,0xFF01FE,,,,,,,,,,,,,,,,,0xFF01CC,1.0,1,0,10,
12,0,,,,,,,,,,,,,,,,,0xFF01FE,,,,,,,,,,,,,,,,,0xFF01CC,1.0,1,0,11,
13,0,,,,,,,,,,,,,,,,,0xFF01FE,,,,,,,,,,,,,,,,,0x39FF97FC,1.0,1,0,12,
14,0,,,,,,,,,,,,,,,,,0xFF01FE,,,,,,,,,,,,,,,,,0x39FF97FC,1.0,1,0,13,
15,0,,,,,,,,,,,,,,,,,0xFF01FE,,,,,,,,,,,,,,,,,0x39FF97FC,1.0,1,0,14,
16,0,,,,,,,,,,,,,,,,,0xFF01FE,,,,,,,,,,,,,,,,,0x39FF97FC,1.0,1,0,15,
17,0,,,,,,,,,,,,,,,,,0xFF01FE,,,,,,,,,,,,,,,,,0x39FF97FC,1.0,1,0,16,
18,0,,,,,,,,,,,,,,,,,0xFF01FE,,,,,,,,,,,,,,,,,0x39FF97FC,1.0,1,0,17,
19,0,,,,,,,,,,,,,,,,,0xFF01FE,,,,,,,,,,,,,,,,,0x39FF97FC,1.0,1,0,18,
20,0,,,,,,,,,,,,,,,,,0xFF01FE,,,,,,,,,,,,,,,,,0x39FF97FC,1.0,1,0,19,
21,0,,,,,,,,,,,,,,,,,0xFF01FE,,,,,,,,,,,,,,,,,0x39FF97FC,1.0,1,0,20,
22,0,,,,,,,,,,,,,,,,,0xFF01FE,,,,,,,,,,,,,,,,,0x39FF97FC,1.0,1,0,21,
23,0,,,,,,,,,,,,,,,,,0xFF01FE,,,,,,,,,,,,,,,,,0x39FF97FC,1.0,1,0,22,
24,0,,,,,,,,,,,,,,,,,0xFF01FE,,,,,,,,,,,,,,,,,0x39FF97FC,1.0,1,0,23,
25,0,,,,,,,,,,,,,,,,,0xFF01FE,,,,,,,,,,,,,,,,,0x39FF97FC,1.0,1,0,24,
26,0,,,,,,,,,,,,,,,,,0xFF01FE,,,,,,,,,,,,,,,,,0x39FF97FC,1.0,1,0,25,
27,0,,,,,,,,,,,,,,,,,0xFF01FE,,,,,,,,,,,,,,,,,0x39FF97FC,1.0,1,0,26,
28,2,,,,,,,,,,,,,,,,,0xFF01FE,,,,,,,,,,,,,,,,,0xFF01CC,1.0,1,0,0,
29,2,,,,,,,,,,,,,,,,,0xFF01FE,,,,,,,,,,,,,,,,,0xFF01CC,1.0,1,0,1,
30,2,,,,,,,,,,,,,,,,,0xFF01FE,,,,,,,,,,,,,,,,,0xFF01CC,1.0,1,0,2,
31,2,,,,,,,,,,,,,,,,,0xFF01FE,,,,,,,,,,,,,,,,,0xFF01CC,1.0,1,0,3,
32,2,,,,,,,,,,,,,,,,,0xFF01FE,,,,,,,,,,,,,,,,,0xFF01CC,1.0,1,0,4,
33,2,,,,,,,,,,,,,,,,,0xFF01FE,,,,,,,,,,,,,,,,,0xFF01CC,1.0,1,0,5,
34,2,,,,,,,,,,,,,,,,,0xFF01FE,,,,,,,,,,,,,,,,,0xFF01CC,1.0,1,0,6,
35,2,,,,,,,,,,,,,,,,,0xFF01FE,,,,,,,,,,,,,,,,,0xFF01CC,1.0,1,0,7,
36,2,,,,,,,,,,,,,,,,,0xFF01FE,,,,,,,,,,,,,,,,,0xFF01CC,1.0,1,0,8,
37,2,,,,,,,,,,,,,,,,,0xFF01FE,,,,,,,,,,,,,,,,,0xFF01CC,1.0,1,0,9,
38,2,,,,,,,,,,,,,,,,,0xFF01FE,,,,,,,,,,,,,,,,,0xFF01CC,1.0,1,0,10,
39,2,,,,,,,,,,,,,,,,,0xFF01FE,,,,,,,,,,,,,,,,,0xFF01CC,1.0,1,0,11,
40,2,,,,,,,,,,,,,,,,,0xFF01FE,,,,,,,,,,,,,,,,,0xFF01CC,1.0,1,0,12,
41,2,,,,,,,,,,,,,,,,,0xFF01FE,,,,,,,,,,,,,,,,,0xFF01CC,1.0,1,0,13,
42,2,,,,,,,,,,,,,,,,,0xFF01FE,,,,,,,,,,,,,,,,,0xFF01CC,1.0,1,0,14,
43,2,,,,,,,,,,,,,,,,,0xFF01FE,,,,,,,,,,,,,,,,,0xFF01CC,1.0,1,0,15,
44,2,,,,,,,,,,,,,,,,,0xFF01FE,,,,,,,,,,,,,,,,,0xFF01CC,1.0,1,0,16,
45,2,,,,,,,,,,,,,,,,,0xFF01FE,,,,,,,,,,,,,,,,,0xFF01CC,1.0,1,0,17,
46,2,,,,,,,,,,,,,,,,,0xFF01FE,,,,,,,,,,,,,,,,,0xFF01CC,1.0,1,0,18,
47,2,,,,,,,,,,,,,,,,,0xFF01FE,,,,,,,,,,,,,,,,,0xFF01CC,1.0,1,0,19,
48,2,,,,,,,,,,,,,,,,,0xFF01FE,,,,,,,,,,,,,,,,,0xFF01CC,1.0,1,0,20,
49,2,,,,,,,,,,,,,,,,,0xFF01FE,,,,,,,,,,,,,,,,,0xFF01CC,1.0,1,0,21,
50,2,,,,,,,,,,,,,,,,,0xFF01FE,,,,,,,,,,,,,,,,,0xFF01CC,1.0,1,0,22,
51,2,,,,,,,,,,,,,,,,,0xFF01FE,,,,,,,,,,,,,,,,,0xFF01CC,1.0,1,0,23,
52,2,,,,,,,,,,,,,,,,,0xFF01FE,,,,,,,,,,,,,,,,,0xFF01CC,1.0,1,0,24,
53,2,,,,,,,,,,,,,,,,,0xFF01FE,,,,,,,,,,,,,,,,,0xFF01CC,1.0,1,0,25,
54,2,,,,,,,,,,,,,,,,,0xFF01FE,,,,,,,,,,,,,,,,,0xFF01CC,1.0,1,0,26,
55,2,,,,,,,,,,,,,,,,,0xFF01FE,,,,,,,,,,,,,,,,,0xFF01CC,1.0,1,0,27,
56,2,,,,,,,,,,,,,,,,,0xFF01FE,,,,,,,,,,,,,,,,,0xFF01CC,1.0,1,0,28,
57,2,,,,,,,,,,,,,,,,,0xFF01FE,,,,,,,,,,,,,,,,,0xFF01CC,1.0,1,0,29,
58,2,,,,,,,,,,,,,,,,,0xFF01FE,,,,,,,,,,,,,,,,,0xFF01CC,1.0,1,0,30,
59,2,,,,,,,,,,,,,,,,,0xFF01FE,,,,,,,,,,,,,,,,,0xFF01CC,1.0,1,0,31,
60,2,,,,,,,,,,,,,,,,,0xFF01FE,,,,,,,,,,,,,,,,,0xFF01CC,1.0,1,0,32,
61,2,,,,,,,,,,,,,,,,,0xFF01FE,,,,,,,,,,,,,,,,,0xFF01CC,1.0,1,0,33,
62,2,,,,,,,,,,,,,,,,,0xFF01FE,,,,,,,,,,,,,,,,,0xFF01CC,1.0,1,0,34,
63,2,,,,,,,,,,,,,,,,,0xFF01FE,,,,,,,,,,,,,,,,,0xFF01CC,1.0,1,0,35,
64,2,,,,,,,,,,,,,,,,,0xFF01FE,,,,,,,,,,,,,,,,,0xFF01CC,1.0,1,0,36,
65,2,,,,,,,,,,,,,,,,,0xFF01FE,,,,,,,,,,,,,,,,,0xFF01CC,1.0,1,0,37,
66,2,,,,,,,,,,,,,,,,,0xFF01FE,,,,,,,,,,,,,,,,,0xFF01CC,1.0,1,0,38,
67,2,,,,,,,,,,,,,,,,,0xFF01FE,,,,,,,,,,,,,,,,,0xFF01CC,1.0,1,0,39,
68,2,,,,,,,,,,,,,,,,,0xFF01FE,,,,,,,,,,,,,,,,,0xFF01CC,1.0,1,0,40,
69,2,,,,,,,,,,,,,,,,,0xFF01FE,,,,,,,,,,,,,,,,,0xFF01CC,1.0,1,0,41,
70,2,,,,,,,,,,,,,,,,,0xFF01FE,,,,,,,,,,,,,,,,,0xFF01CC,1.0,1,0,42,
71,2,,,,,,,,,,,,,,,,,0xFF01FE,,,,,,,,,,,,,,,,,0xFF01CC,1.0,1,0,43,
72,2,,,,,,,,,,,,,,,,,0xFF01FE,,,,,,,,,,,,,,,,,0xFF01CC,1.0,1,0,44,
73,2,,,,,,,,,,,,,,,,,0xFF01FE,,,,,,,,,,,,,,,,,0xFF01CC,1.0,1,0,45,
74,2,,,,,,,,,,,,,,,,,0xFF01FE,,,,,,,,,,,,,,,,,0xFF01CC,1.0,1,0,46,
75,2,,,,,,,,,,,,,,,,,0xFF01FE,,,,,,,,,,,,,,,,,0xFF01CC,1.0,1,0,47,
76,2,,,,,,,,,,,,,,,,,0xFF01FE,,,,,,,,,,,,,,,,,0xFF01CC,1.0,1,0,48,
77,2,,,,,,,,,,,,,,,,,0xFF01FE,,,,,,,,,,,,,,,,,0xFF01CC,1.0,1,0,49,
78,2,,,,,,,,,,,,,,,,,0xFF01FE,,,,,,,,,,,,,,,,,0xFF01CC,1.0,1,0,50,
79,2,,,,,,,,,,,,,,,,,0xFF01FE,,,,,,,,,,,,,,,,,0xFF01CC,1.0,1,0,51,
80,2,,,,,,,,,,,,,,,,,0xFF01FE,,,,,,,,,,,,,,,,,0xFF01CC,1.0,1,0,52,
81,2,,,,,,,,,,,,,,,,,0xFF01FE,,,,,,,,,,,,,,,,,0xFF01CC,1.0,1,0,53,
82,2,,,,,,,,,,,,,,,,,0xFF01FE,,,,,,,,,,,,,,,,,0xFF01CC,1.0,1,0,54,
83,2,,,,,,,,,,,,,,,,,0xFF01FE,,,,,,,,,,,,,,,,,0xFF01CC,1.0,1,0,55,
84,2,,,,,,,,,,,,,,,,,0xFF01FE,,,,,,,,,,,,,,,,,0xFF01CC,1.0,1,0,56,
85,2,,,,,,,,,,,,,,,,,0xFF01FE,,,,,,,,,,,,,,,,,0xFF01CC,1.0,1,0,57,
86,2,,,,,,,,,,,,,,,,,0xFF01FE,,,,,,,,,,,,,,,,,0xFF01CC,1.0,1,0,58,
87,2,,,,,,,,,,,,,,,,,0xFF01FE,,,,,,,,,,,,,,,,,0xFF01CC,1.0,1,0,59,
88,2,,,,,,,,,,,,,,,,,0xFF01FE,,,,,,,,,,,,,,,,,0xFF01CC,1.0,1,0,60,
89,2,,,,,,,,,,,,,,,,,0xFF01FE,,,,,,,,,,,,,,,,,0xFF01CC,1.0,1,0,61,
90,2,,,,,,,,,,,,,,,,,0xFF01FE,,,,,,,,,,,,,,,,,0xFF01CC,1.0,1,0,62,
91,2,,,,,,,,,,,,,,,,,0xFF01FE,,,,,,,,,,,,,,,,,0xFF01CC,1.0,1,0,63,
92,2,,,,,,,,,,,,,,,,,0xFF01FE,,,,,,,,,,,,,,,,,0xFF01CC,1.0,1,0,64,
93,2,,,,,,,,,,,,,,,,,0xFF01FE,,,,,,,,,,,,,,,,,0xFF01CC,1.0,1,0,65,
94,2,,,,,,,,,,,,,,,,,0xFF01FE,,,,,,,,,,,,,,,,,0xFF01CC,1.0,1,0,66,
95,2,,,,,,,,,,,,,,,,,0xFF01FE,,,,,,,,,,,,,,,,,0xFF01CC,1.0,1,0,67,
96,2,,,,,,,,,,,,,,,,,0xFF01FE,,,,,,,,,,,,,,,,,0xFF01CC,1.0,1,0,68,
97,2,,,,,,,,,,,,,,,,,0xFF01FE,,,,,,,,,,,,,,,,,0xFF01CC,1.0,1,0,69,
98,2,,,,,,,,,,,,,,,,,0xFF01FE,,,,,,,,,,,,,,,,,0xFF01CC,1.0,1,0,70,
99,2,,,,,,,,,,,,,,,,,0xFF01FE,,,,,,,,,,,,,,,,,0xFF01CC,1.0,1,0,71,
100,2,,,,,,,,,,,,,,,,,0xFF01FE,,,,,,,,,,,,,,,,,0xFF01CC,1.0,1,0,72,
101,2,,,,,,,,,,,,,,,,,0xFF01FE,,,,,,,,,,,,,,,,,0xFF01CC,1.0,1,0,73,
102,2,,,,,,,,,,,,,,,,,0xFF01FE,,,,,,,,,,,,,,,,,0xFF01CC,1.0,1,0,74,
103,2,,,,,,,,,,,,,,,,,0xFF01FE,,,,,,,,,,,,,,,,,0xFF01CC,1.0,1,0,75,
104,2,,,,,,,,,,,,,,,,,0xFF01FE,,,,,,,,,,,,,,,,,0xFF01CC,1.0,1,0,76,
105,2,,,,,,,,,,,,,,,,,0xFF01FE,,,,,,,,,,,,,,,,,0xFF01CC,1.0,1,0,77,
106,2,,,,,,,,,,,,,,,,,0xFF01FE,,,,,,,,,,,,,,,,,0xFF01CC,1.0,1,0,78,
107,2,,,,,,,,,,,,,,,,,0xFF01FE,,,,,,,,,,,,,,,,,0xFF01CC,1.0,1,0,79,
108,2,,,,,,,,,,,,,,,,,0xFF01FE,,,,,,,,,,,,,,,,,0xFF01CC,1.0,1,0,80,
109,2,,,,,,,,,,,,,,,,,0xFF01FE,,,,,,,,,,,,,,,,,0xFF01CC,1.0,1,0,81,
110,2,,,,,,,,,,,,,,,,,0xFF01FE,,,,,,,,,,,,,,,,,0xFF01CC,1.0,1,0,82,
111,2,,,,,,,,,,,,,,,,,0xFF01FE,,,,,,,,,,,,,,,,,0xFF01CC,1.0,1,0,83,
112,2,,,,,,,,,,,,,,,,,0xFF01FE,,,,,,,,,,,,,,,,,0xFF01CC,1.0,1,0,84,
113,2,,,,,,,,,,,,,,,,,0xFF01FE,,,,,,,,,,,,,,,,,0xFF01CC,1.0,1,0,85,
114,2,,,,,,,,,,,,,,,,,0xFF01FE,,,,,,,,,,,,,,,,,0xFF01CC,1.0,1,0,86,
115,2,,,,,,,,,,,,,,,,,0xFF01FE,,,,,,,,,,,,,,,,,0xFF01CC,1.0,1,0,87,
116,2,,,,,,,,,,,,,,,,,0xFF01FE,,,,,,,,,,,,,,,,,0xFF01CC,1.0,1,0,88,
117,2,,,,,,,,,,,,,,,,,0xFF01FE,,,,,,,,,,,,,,,,,0xFF01CC,1.0,1,0,89,
118,2,,,,,,,,,,,,,,,,,0xFF01FE,,,,,,,,,,,,,,,,,0xFF01CC,1.0,1,0,90,
119,2,,,,,,,,,,,,,,,,,0xFF01FE,,,,,,,,,,,,,,,,,0xFF01CC,1.0,1,0,91,
120,2,,,,,,,,,,,,,,,,,0xFF01FE,,,,,,,,,,,,,,,,,0xFF01CC,1.0,1,0,92,
121,2,,,,,,,,,,,,,,,,,0xFF01FE,,,,,,,,,,,,,,,,,0xFF01CC,1.0,1,0,93,
122,2,,,,,,,,,,,,,,,,,0xFF01FE,,,,,,,,,,,,,,,,,0xFF01CC,1.0,1,0,94,
123,2,,,,,,,,,,,,,,,,,0xFF01FE,,,,,,,,,,,,,,,,,0xFF01CC,1.0,1,0,95,
124,2,,,,,,,,,,,,,,,,,0xFF01FE,,,,,,,,,,,,,,,,,0xFF01CC,1.0,1,0,96,
125,2,,,,,,,,,,,,,,,,,0xFF01FE,,,,,,,,,,,,,,,,,0xFF01CC,1.0,1,0,97,
126,2,,,,,,,,,,,,,,,,,0xFF01FE,,,,,,,,,,,,,,,,,0xFF01CC,1.0,1,0,98,
127,2,,,,,,,,,,,,,,,,,0xFF01FE,,,,,,,,,,,,,,,,,0xFF01CC,1.0,1,0,99,
128,2,,,,,,,,,,,,,,,,,0xFF01FE,,,,,,,,,,,,,,,,,0xFF01CC,1.0,1,0,100,
129,2,,,,,,,,,,,,,,,,,0xFF01FE,,,,,,,,,,,,,,,,,0xFF01CC,1.0,1,0,101,
130,2,,,,,,,,,,,,,,,,,0xFF01FE,,,,,,,,,,,,,,,,,0xFF01CC,1.0,1,0,102,
131,2,,,,,,,,,,,,,,,,,0xFF01FE,,,,,,,,,,,,,,,,,0xFF01CC,1.0,1,0,103,
132,2,,,,,,,,,,,,,,,,,0xFF01FE,,,,,,,,,,,,,,,,,0xFF01CC,1.0,1,0,104,
133,2,,,,,,,,,,,,,,,,,0xFF01FE,,,,,,,,,,,,,,,,,0xFF01CC,1.0,1,0,105,
134,2,,,,,,,,,,,,,,,,,0xFF01FE,,,,,,,,,,,,,,,,,0xFF01CC,1.0,1,0,106,
135,2,,,,,,,,,,,,,,,,,0xFF01FE,,,,,,,,,,,,,,,,,0xFF01CC,1.0,1,0,107,
136,2,,,,,,,,,,,,,,,,,0xFF01FE,,,,,,,,,,,,,,,,,0xFF01CC,1.0,1,0,108,
137,2,,,,,,,,,,,,,,,,,0xFF01FE,,,,,,,,,,,,,,,,,0xFF01CC,1.0,1,0,109,
138,2,,,,,,,,,,,,,,,,,0xFF01FE,,,,,,,,,,,,,,,,,0xFF01CC,1.0,1,0,110,
139,2,,,,,,,,,,,,,,,,,0xFF01FE,,,,,,,,,,,,,,,,,0xFF01CC,1.0,1,0,111,
140,2,,,,,,,,,,,,,,,,,0xFF01FE,,,,,,,,,,,,,,,,,0xFF01CC,1.0,1,0,112,
141,2,,,,,,,,,,,,,,,,,0xFF01FE,,,,,,,,,,,,,,,,,0xFF01CC,1.0,1,0,113,
142,2,,,,,,,,,,,,,,,,,0xFF01FE,,,,,,,,,,,,,,,,,0xFF01CC,1.0,1,0,114,
143,2,,,,,,,,,,,,,,,,,0xFF01FE,,,,,,,,,,,,,,,,,0xFF01CC,1.0,1,0,115,
144,2,,,,,,,,,,,,,,,,,0xFF01FE,,,,,,,,,,,,,,,,,0xFF01CC,1.0,1,0,116,
145,2,,,,,,,,,,,,,,,,,0xFF01FE,,,,,,,,,,,,,,,,,0xFF01CC,1.0,1,0,117,
146,2,,,,,,,,,,,,,,,,,0xFF01FE,,,,,,,,,,,,,,,,,0xFF01CC,1.0,1,0,118,
147,2,,,,,,,,,,,,,,,,,0xFF01FE,,,,,,,,,,,,,,,,,0xFF01CC,1.0,1,0,119,
148,2,,,,,,,,,,,,,,,,,0xFF01FE,,,,,,,,,,,,,,,,,0xFF01CC,1.0,1,0,120,
149,2,,,,,,,,,,,,,,,,,0xFF01FE,,,,,,,,,,,,,,,,,0xFF01CC,1.0,1,0,121,
150,2,,,,,,,,,,,,,,,,,0xFF01FE,,,,,,,,,,,,,,,,,0xFF01CC,1.0,1,0,122,
151,2,,,,,,,,,,,,,,,,,0xFF01FE,,,,,,,,,,,,,,,,,0xFF01CC,1.0,1,0,123,
152,2,,,,,,,,,,,,,,,,,0xFF01FE,,,,,,,,,,,,,,,,,0xFF01CC,1.0,1,0,124,
153,2,,,,,,,,,,,,,,,,,0xFF01FE,,,,,,,,,,,,,,,,,0xFF01CC,1.0,1,0,125,
154,2,,,,,,,,,,,,,,,,,0xFF01FE,,,,,,,,,,,,,,,,,0xFF01CC,1.0,1,0,126,
155,2,,,,,,,,,,,,,,,,,0xFF01FE,,,,,,,,,,,,,,,,,0xFF01CC,1.0,1,0,127,
156,2,,,,,,,,,,,,,,,,,0xFF01FE,,,,,,,,,,,,,,,,,0xFF01CC,1.0,1,0,128,
157,2,,,,,,,,,,,,,,,,,0xFF01FE,,,,,,,,,,,,,,,,,0xFF01CC,1.0,1,0,129,
158,2,,,,,,,,,,,,,,,,,0xFF01FE,,,,,,,,,,,,,,,,,0xFF01CC,1.0,1,0,130,
159,2,,,,,,,,,,,,,,,,,0xFF01FE,,,,,,,,,,,,,,,,,0xFF01CC,1.0,1,0,131,
160,2,,,,,,,,,,,,,,,,,0xFF01FE,,,,,,,,,,,,,,,,,0xFF01CC,1.0,1,0,132,
161,2,,,,,,,,,,,,,,,,,0xFF01FE,,,,,,,,,,,,,,,,,0xFF01CC,1.0,1,0,133,
162,2,,,,,,,,,,,,,,,,,0xFF01FE,,,,,,,,,,,,,,,,,0xFF01CC,1.0,1,0,134,
163,2,,,,,,,,,,,,,,,,,0xFF01FE,,,,,,,,,,,,,,,,,0xFF01CC,1.0,1,0,135,
164,2,,,,,,,,,,,,,,,,,0xFF01FE,,,,,,,,,,,,,,,,,0xFF01CC,1.0,1,0,136,
165,2,,,,,,,,,,,,,,,,,0xFF01FE,,,,,,,,,,,,,,,,,0xFF01CC,1.0,1,0,137,
166,2,,,,,,,,,,,,,,,,,0xFF01FE,,,,,,,,,,,,,,,,,0xFF01CC,1.0,1,0,138,
167,2,,,,,,,,,,,,,,,,,0xFF01FE,,,,,,,,,,,,,,,,,0xFF01CC,1.0,1,0,139,
168,2,,,,,,,,,,,,,,,,,0xFF01FE,,,,,,,,,,,,,,,,,0xFF01CC,1.0,1,0,140,
169,2,,,,,,,,,,,,,,,,,0xFF01FE,,,,,,,,,,,,,,,,,0xFF01CC,1.0,1,0,141,
170,2,,,,,,,,,,,,,,,,,0xFF01FE,,,,,,,,,,,,,,,,,0xFF01CC,1.0,1,0,142,
171,2,,,,,,,,,,,,,,,,,0xFF01FE,,,,,,,,,,,,,,,,,0xFF01CC,1.0,1,0,143,
172,2,,,,,,,,,,,,,,,,,0xFF01FE,,,,,,,,,,,,,,,,,0xFF01CC,1.0,1,0,144,
173,2,,,,,,,,,,,,,,,,,0xFF01FE,,,,,,,,,,,,,,,,,0xFF01CC,1.0,1,0,145,
174,2,,,,,,,,,,,,,,,,,0xFF01FE,,,,,,,,,,,,,,,,,0xFF01CC,1.0,1,0,146,
175,2,,,,,,,,,,,,,,,,,0xFF01FE,,,,,,,,,,,,,,,,,0xFF01CC,1.0,1,0,147,
176,2,,,,,,,,,,,,,,,,,0xFF01FE,,,,,,,,,,,,,,,,,0xFF01CC,1.0,1,0,148,
177,2,,,,,,,,,,,,,,,,,0xFF01FE,,,,,,,,,,,,,,,,,0xFF01CC,1.0,1,0,149,
178,2,,,,,,,,,,,,,,,,,0xFF01FE,,,,,,,,,,,,,,,,,0xFF01CC,1.0,1,0,150,
179,2,,,,,,,,,,,,,,,,,0xFF01FE,,,,,,,,,,,,,,,,,0xFF01CC,1.0,1,0,151,
180,2,,,,,,,,,,,,,,,,,0xFF01FE,,,,,,,,,,,,,,,,,0xFF01CC,1.0,1,0,152,
181,2,,,,,,,,,,,,,,,,,0xFF01FE,,,,,,,,,,,,,,,,,0xFF01CC,1.0,1,0,153,
182,2,,,,,,,,,,,,,,,,,0xFF01FE,,,,,,,,,,,,,,,,,0xFF01CC,1.0,1,0,154,
183,2,,,,,,,,,,,,,,,,,0xFF01FE,,,,,,,,,,,,,,,,,0xFF01CC,1.0,1,0,155,
184,2,,,,,,,,,,,,,,,,,0xFF01FE,,,,,,,,,,,,,,,,,0xFF01CC,1.0,1,0,156,
185,2,,,,,,,,,,,,,,,,,0xFF01FE,,,,,,,,,,,,,,,,,0xFF01CC,1.0,1,0,157,
186,2,,,,,,,,,,,,,,,,,0xFF01FE,,,,,,,,,,,,,,,,,0xFF01CC,1.0,1,0,158,
187,2,,,,,,,,,,,,,,,,,0xFF01FE,,,,,,,,,,,,,,,,,0xFF01CC,1.0,1,0,159,
188,2,,,,,,,,,,,,,,,,,0xFF01FE,,,,,,,,,,,,,,,,,0xFF01CC,1.0,1,0,160,
189,2,,,,,,,,,,,,,,,,,0xFF01FE,,,,,,,,,,,,,,,,,0xFF01CC,1.0,1,0,161,
190,2,,,,,,,,,,,,,,,,,0xFF01FE,,,,,,,,,,,,,,,,,0xFF01CC,1.0,1,0,162,
191,2,,,,,,,,,,,,,,,,,0xFF01FE,,,,,,,,,,,,,,,,,0xFF01CC,1.0,1,0,163,
192,2,,,,,,,,,,,,,,,,,0xFF01FE,,,,,,,,,,,,,,,,,0xFF01CC,1.0,1,0,164,
193,2,,,,,,,,,,,,,,,,,0xFF01FE,,,,,,,,,,,,,,,,,0xFF01CC,1.0,1,0,165,
194,2,,,,,,,,,,,,,,,,,0xFF01FE,,,,,,,,,,,,,,,,,0xFF01CC,1.0,1,0,166,
195,2,,,,,,,,,,,,,,,,,0xFF01FE,,,,,,,,,,,,,,,,,0xFF01CC,1.0,1,0,167,
196,2,,,,,,,,,,,,,,,,,0xFF01FE,,,,,,,,,,,,,,,,,0xFF01CC,1.0,1,0,168,
197,2,,,,,,,,,,,,,,,,,0xFF01FE,,,,,,,,,,,,,,,,,0xFF01CC,1.0,1,0,169,
198,2,,,,,,,,,,,,,,,,,0xFF01FE,,,,,,,,,,,,,,,,,0xFF01CC,1.0,1,0,170,
199,2,,,,,,,,,,,,,,,,,0xFF01FE,,,,,,,,,,,,,,,,,0xFF01CC,1.0,1,0,171,
200,2,,,,,,,,,,,,,,,,,0xFF01FE,,,,,,,,,,,,,,,,,0xFF01CC,1.0,1,0,172,
201,2,,,,,,,,,,,,,,,,,0xFF01FE,,,,,,,,,,,,,,,,,0xFF01CC,1.0,1,0,173,
202,2,,,,,,,,,,,,,,,,,0xFF01FE,,,,,,,,,,,,,,,,,0xFF01CC,1.0,1,0,174,
203,2,,,,,,,,,,,,,,,,,0xFF01FE,,,,,,,,,,,,,,,,,0xFF01CC,1.0,1,0,175,
204,2,,,,,,,,,,,,,,,,,0xFF01FE,,,,,,,,,,,,,,,,,0xFF01CC,1.0,1,0,176,
205,2,,,,,,,,,,,,,,,,,0xFF01FE,,,,,,,,,,,,,,,,,0xFF01CC,1.0,1,0,177,
206,2,,,,,,,,,,,,,,,,,0xFF01FE,,,,,,,,,,,,,,,,,0xFF01CC,1.0,1,0,178,
207,2,,,,,,,,,,,,,,,,,0xFF01FE,,,,,,,,,,,,,,,,,0xFF01CC,1.0,1,0,179,
208,2,,,,,,,,,,,,,,,,,0xFF01FE,,,,,,,,,,,,,,,,,0xFF01CC,1.0,1,0,180,
209,2,,,,,,,,,,,,,,,,,0xFF01FE,,,,,,,,,,,,,,,,,0xFF01CC,1.0,1,0,181,
210,2,,,,,,,,,,,,,,,,,0xFF01FE,,,,,,,,,,,,,,,,,0xFF01CC,1.0,1,0,182,
211,2,,,,,,,,,,,,,,,,,0xFF01FE,,,,,,,,,,,,,,,,,0xFF01CC,1.0,1,0,183,
212,2,,,,,,,,,,,,,,,,,0xFF01FE,,,,,,,,,,,,,,,,,0xFF01CC,1.0,1,0,184,
213,2,,,,,,,,,,,,,,,,,0xFF01FE,,,,,,,,,,,,,,,,,0xFF01CC,1.0,1,0,185,
214,2,,,,,,,,,,,,,,,,,0xFF01FE,,,,,,,,,,,,,,,,,0xFF01CC,1.0,1,0,186,
215,2,,,,,,,,,,,,,,,,,0xFF01FE,,,,,,,,,,,,,,,,,0xFF01CC,1.0,1,0,187,
216,2,,,,,,,,,,,,,,,,,0xFF01FE,,,,,,,,,,,,,,,,,0xFF01CC,1.0,1,0,188,
217,2,,,,,,,,,,,,,,,,,0xFF01FE,,,,,,,,,,,,,,,,,0xFF01CC,1.0,1,0,189,
218,2,,,,,,,,,,,,,,,,,0xFF01FE,,,,,,,,,,,,,,,,,0xFF01CC,1.0,1,0,190,
219,2,,,,,,,,,,,,,,,,,0xFF01FE,,,,,,,,,,,,,,,,,0xFF01CC,1.0,1,0,191,
220,2,,,,,,,,,,,,,,,,,0xFF01FE,,,,,,,,,,,,,,,,,0xFF01CC,1.0,1,0,192,
221,2,,,,,,,,,,,,,,,,,0xFF01FE,,,,,,,,,,,,,,,,,0xFF01CC,1.0,1,0,193,
222,2,,,,,,,,,,,,,,,,,0xFF01FE,,,,,,,,,,,,,,,,,0xFF01CC,1.0,1,0,194,
223,2,,,,,,,,,,,,,,,,,0xFF01FE,,,,,,,,,,,,,,,,,0xFF01CC,1.0,1,0,195,
224,2,,,,,,,,,,,,,,,,,0xFF01FE,,,,,,,,,,,,,,,,,0xFF01CC,1.0,1,0,196,
225,2,,,,,,,,,,,,,,,,,0xFF01FE,,,,,,,,,,,,,,,,,0xFF01CC,1.0,1,0,197,
226,2,,,,,,,,,,,,,,,,,0xFF01FE,,,,,,,,,,,,,,,,,0xFF01CC,1.0,1,0,198,
227,2,,,,,,,,,,,,,,,,,0xFF01FE,,,,,,,,,,,,,,,,,0xFF01CC,1.0,1,0,199,
228,2,,,,,,,,,,,,,,,,,0xFF01FE,,,,,,,,,,,,,,,,,0xFF01CC,1.0,1,0,200,
229,2,,,,,,,,,,,,,,,,,0xFF01FE,,,,,,,,,,,,,,,,,0xFF01CC,1.0,1,0,201,
230,2,,,,,,,,,,,,,,,,,0xFF01FE,,,,,,,,,,,,,,,,,0xFF01CC,1.0,1,0,202,
231,2,,,,,,,,,,,,,,,,,0xFF01FE,,,,,,,,,,,,,,,,,0xFF01CC,1.0,1,0,203,
232,2,,,,,,,,,,,,,,,,,0xFF01FE,,,,,,,,,,,,,,,,,0xFF01CC,1.0,1,0,204,
233,2,,,,,,,,,,,,,,,,,0xFF01FE,,,,,,,,,,,,,,,,,0xFF01CC,1.0,1,0,205,
234,2,,,,,,,,,,,,,,,,,0xFF01FE,,,,,,,,,,,,,,,,,0xFF01CC,1.0,1,0,206,
235,2,,,,,,,,,,,,,,,,,0xFF01FE,,,,,,,,,,,,,,,,,0xFF01CC,1.0,1,0,207,
236,2,,,,,,,,,,,,,,,,,0xFF01FE,,,,,,,,,,,,,,,,,0xFF01CC,1.0,1,0,208,
237,2,,,,,,,,,,,,,,,,,0xFF01FE,,,,,,,,,,,,,,,,,0xFF01CC,1.0,1,0,209,
238,0,,,,,,,,,,,,,,,,,0xFF01FE,,,,,,,,,,,,,,,,,0xFF01CC,1.0,1,1,0,
239,0,,,,,,,,,,,,,,,,,0xFF01FE,,,,,,,,,,,,,,,,,0xFF01CC,1.0,1,1,1,
240,0,,,,,,,,,,,,,,,,,0xFF01FE,,,,,,,,,,,,,,,,,0xFF01CC,1.0,1,1,2,
241,0,,,,,,,,,,,,,,,,,0xFF01FE,,,,,,,,,,,,,,,,,0xFF01CC,1.0,1,1,3,
242,0,,,,,,,,,,,,,,,,,0xFF01FE,,,,,,,,,,,,,,,,,0xFF01CC,1.0,1,1,4,
243,0,,,,,,,,,,,,,,,,,0xFF01FE,,,,,,,,,,,,,,,,,0xFF01CC,1.0,1,1,5,
244,0,,,,,,,,,,,,,,,,,0xFF01FE,,,,,,,,,,,,,,,,,0xFF01CC,1.0,1,1,6,
245,0,,,,,,,,,,,,,,,,,0xFF01FE,,,,,,,,,,,,,,,,,0xFF01CC,1.0,1,1,7,
246,0,,,,,,,,,,,,,,,,,0xFF01FE,,,,,,,,,,,,,,,,,0xFF01CC,1.0,1,1,8,
247,0,,,,,,,,,,,,,,,,,0xFF01FE,,,,,,,,,,,,,,,,,0xFF01CC,1.0,1,1,9,
248,0,,,,,,,,,,,,,,,,,0xFF01FE,,,,,,,,,,,,,,,,,0xFF01CC,1.0,1,1,10,
249,0,,,,,,,,,,,,,,,,,0xFF01FE,,,,,,,,,,,,,,,,,0xFF01CC,1.0,1,1,11,
250,0,,,,,,,,,,,,,,,,,0xFF01FE,,,,,,,,,,,,,,,,,0xFF01CC,1.0,1,1,12,
251,0,,,,,,,,,,,,,,,,,0xFF01FE,,,,,,,,,,,,,,,,,0xFF01CC,1.0,1,1,13,
252,0,,,,,,,,,,,,,,,,,0xFF01FE,,,,,,,,,,,,,,,,,0xFF01CC,1.0,1,1,14,
253,0,,,,,,,,,,,,,,,,,0xFF01FE,,,,,,,,,,,,,,,,,0xFF01CC,1.0,1,1,15,
254,0,,,,,,,,,,,,,,,,,0xFF01FE,,,,,,,,,,,,,,,,,0xFF01CC,1.0,1,1,16,
255,0,,,,,,,,,,,,,,,,,0xFF01FE,,,,,,,,,,,,,,,,,0xFF01CC,1.0,1,1,17,
256,0,,,,,,,,,,,,,,,,,0xFF01FE,,,,,,,,,,,,,,,,,0xFF01CC,1.0,1,1,18,
257,0,,,,,,,,,,,,,,,,,0xFF01FE,,,,,,,,,,,,,,,,,0xFF01CC,1.0,1,1,19,
258,0,,,,,,,,,,,,,,,,,0xFF01FE,,,,,,,,,,,,,,,,,0xFF01CC,1.0,1,1,20,
259,0,,,,,,,,,,,,,,,,,0xFF01FE,,,,,,,,,,,,,,,,,0xFF01CC,1.0,1,1,21,
260,0,,,,,,,,,,,,,,,,,0xFF01FE,,,,,,,,,,,,,,,,,0xFF01CC,1.0,1,1,22,
261,0,,,,,,,,,,,,,,,,,0xFF01FE,,,,,,,,,,,,,,,,,0xFF01CC,1.0,1,1,23,
262,0,,,,,,,,,,,,,,,,,0xFF01FE,,,,,,,,,,,,,,,,,0xFF01CC,1.0,1,1,24,
263,0,,,,,,,,,,,,,,,,,0xFF01FE,,,,,,,,,,,,,,,,,0xFF01CC,1.0,1,1,25,
264,0,,,,,,,,,,,,,,,,,0xFF01FE,,,,,,,,,,,,,,,,,0xFF01CC,1.0,1,1,26,
265,0,,,,,,,,,,,,,,,,,0xFF01FE,,,,,,,,,,,,,,,,,0xFF01CC,1.0,1,1,27,
266,0,,,,,,,,,,,,,,,,,0xFF01FE,,,,,,,,,,,,,,,,,0xFF01CC,1.0,1,1,28,
267,0,,,,,,,,,,,,,,,,,0xFF01FE,,,,,,,,,,,,,,,,,0xFF01CC,1.0,1,1,29,
268,0,,,,,,,,,,,,,,,,,0xFF01FE,,,,,,,,,,,,,,,,,0xFF01CC,1.0,1,1,30,
269,0,,,,,,,,,,,,,,,,,0xFF01FE,,,,,,,,,,,,,,,,,0xFF01CC,1.0,1,1,31,
270,0,,,,,,,,,,,,,,,,,0xFF01FE,,,,,,,,,,,,,,,,,0xFF01CC,1.0,1,1,32,
271,2,,,,,,,,,,,,,,,,,0xFF01FE,,,,,,,,,,,,,,,,,0xFF01CC,1.0,1,1,0,
272,2,,,,,,,,,,,,,,,,,0xFF01FE,,,,,,,,,,,,,,,,,0xFF01CC,1.0,1,1,1,
273,2,,,,,,,,,,,,,,,,,0xFF01FE,,,,,,,,,,,,,,,,,0xFF01CC,1.0,1,1,2,
274,2,,,,,,,,,,,,,,,,,0xFF01FE,,,,,,,,,,,,,,,,,0xFF01CC,1.0,1,1,3,
275,2,,,,,,,,,,,,,,,,,0xFF01FE,,,,,,,,,,,,,,,,,0xFF01CC,1.0,1,1,4,
276,2,,,,,,,,,,,,,,,,,0xFF01FE,,,,,,,,,,,,,,,,,0xFF01CC,1.0,1,1,5,
277,2,,,,,,,,,,,,,,,,,0xFF01FE,,,,,,,,,,,,,,,,,0xFF01CC,1.0,1,1,6,
278,2,,,,,,,,,,,,,,,,,0xFF01FE,,,,,,,,,,,,,,,,,0xFF01CC,1.0,1,1,7,
279,2,,,,,,,,,,,,,,,,,0xFF01FE,,,,,,,,,,,,,,,,,0xFF01CC,1.0,1,1,8,
280,2,,,,,,,,,,,,,,,,,0xFF01FE,,,,,,,,,,,,,,,,,0xFF01CC,1.0,1,1,9,
281,2,,,,,,,,,,,,,,,,,0xFF01FE,,,,,,,,,,,,,,,,,0xFF01CC,1.0,1,1,10,
282,2,,,,,,,,,,,,,,,,,0xFF01FE,,,,,,,,,,,,,,,,,0xFF01CC,1.0,1,1,11,
283,2,,,,,,,,,,,,,,,,,0xFF01FE,,,,,,,,,,,,,,,,,0xFF01CC,1.0,1,1,12,
284,2,,,,,,,,,,,,,,,,,0xFF01FE,,,,,,,,,,,,,,,,,0xFF01CC,1.0,1,1,13,
285,2,,,,,,,,,,,,,,,,,0xFF01FE,,,,,,,,,,,,,,,,,0xFF01CC,1.0,1,1,14,
286,2,,,,,,,,,,,,,,,,,0xFF01FE,,,,,,,,,,,,,,,,,0xFF01CC,1.0,1,1,15,
287,2,,,,,,,,,,,,,,,,,0xFF01FE,,,,,,,,,,,,,,,,,0xFF01CC,1.0,1,1,16,
288,2,,,,,,,,,,,,,,,,,0xFF01FE,,,,,,,,,,,,,,,,,0xFF01CC,1.0,1,1,17,
289,2,,,,,,,,,,,,,,,,,0xFF01FE,,,,,,,,,,,,,,,,,0xFF01CC,1.0,1,1,18,
290,2,,,,,,,,,,,,,,,,,0xFF01FE,,,,,,,,,,,,,,,,,0xFF01CC,1.0,1,1,19,
291,2,,,,,,,,,,,,,,,,,0xFF01FE,,,,,,,,,,,,,,,,,0xFF01CC,1.0,1,1,20,
292,2,,,,,,,,,,,,,,,,,0xFF01FE,,,,,,,,,,,,,,,,,0xFF01CC,1.0,1,1,21,
293,2,,,,,,,,,,,,,,,,,0xFF01FE,,,,,,,,,,,,,,,,,0xFF01CC,1.0,1,1,22,
294,2,,,,,,,,,,,,,,,,,0xFF01FE,,,,,,,,,,,,,,,,,0xFF01CC,1.0,1,1,23,
295,2,,,,,,,,,,,,,,,,,0xFF01FE,,,,,,,,,,,,,,,,,0xFF01CC,1.0,1,1,24,
296,2,,,,,,,,,,,,,,,,,0xFF01FE,,,,,,,,,,,,,,,,,0xFF01CC,1.0,1,1,25,
297,2,,,,,,,,,,,,,,,,,0xFF01FE,,,,,,,,,,,,,,,,,0xFF01CC,1.0,1,1,26,
298,2,,,,,,,,,,,,,,,,,0xFF01FE,,,,,,,,,,,,,,,,,0xFF01CC,1.0,1,1,27,
299,2,,,,,,,,,,,,,,,,,0xFF01FE,,,,,,,,,,,,,,,,,0xFF01CC,1.0,1,1,28,
300,2,,,,,,,,,,,,,,,,,0xFF01FE,,,,,,,,,,,,,,,,,0xFF01CC,1.0,1,1,29,
301,2,,,,,,,,,,,,,,,,,0xFF01FE,,,,,,,,,,,,,,,,,0xFF01CC,1.0,1,1,30,
302,2,,,,,,,,,,,,,,,,,0xFF01FE,,,,,,,,,,,,,,,,,0xFF01CC,1.0,1,1,31,
303,2,,,,,,,,,,,,,,,,,0xFF01FE,,,,,,,,,,,,,,,,,0xFF01CC,1.0,1,1,32,
304,2,,,,,,,,,,,,,,,,,0xFF01FE,,,,,,,,,,,,,,,,,0xFF01CC,1.0,1,1,33,
305,2,,,,,,,,,,,,,,,,,0xFF01FE,,,,,,,,,,,,,,,,,0xFF01CC,1.0,1,1,34,
306,2,,,,,,,,,,,,,,,,,0xFF01FE,,,,,,,,,,,,,,,,,0xFF01CC,1.0,1,1,35,
307,2,,,,,,,,,,,,,,,,,0xFF01FE,,,,,,,,,,,,,,,,,0xFF01CC,1.0,1,1,36,
308,2,,,,,,,,,,,,,,,,,0xFF01FE,,,,,,,,,,,,,,,,,0xFF01CC,1.0,1,1,37,
309,2,,,,,,,,,,,,,,,,,0xFF01FE,,,,,,,,,,,,,,,,,0xFF01CC,1.0,1,1,38,
310,2,,,,,,,,,,,,,,,,,0xFF01FE,,,,,,,,,,,,,,,,,0xFF01CC,1.0,1,1,39,
311,2,,,,,,,,,,,,,,,,,0xFF01FE,,,,,,,,,,,,,,,,,0xFF01CC,1.0,1,1,40,
312,2,,,,,,,,,,,,,,,,,0xFF01FE,,,,,,,,,,,,,,,,,0xFF01CC,1.0,1,1,41,
313,2,,,,,,,,,,,,,,,,,0xFF01FE,,,,,,,,,,,,,,,,,0xFF01CC,1.0,1,1,42,
314,2,,,,,,,,,,,,,,,,,0xFF01FE,,,,,,,,,,,,,,,,,0xFF01CC,1.0,1,1,43,
315,2,,,,,,,,,,,,,,,,,0xFF01FE,,,,,,,,,,,,,,,,,0xFF01CC,1.0,1,1,44,
316,2,,,,,,,,,,,,,,,,,0xFF01FE,,,,,,,,,,,,,,,,,0xFF01CC,1.0,1,1,45,
317,2,,,,,,,,,,,,,,,,,0xFF01FE,,,,,,,,,,,,,,,,,0xFF01CC,1.0,1,1,46,
318,2,,,,,,,,,,,,,,,,,0xFF01FE,,,,,,,,,,,,,,,,,0xFF01CC,1.0,1,1,47,
319,2,,,,,,,,,,,,,,,,,0xFF01FE,,,,,,,,,,,,,,,,,0xFF01CC,1.0,1,1,48,
320,2,,,,,,,,,,,,,,,,,0xFF01FE,,,,,,,,,,,,,,,,,0xFF01CC,1.0,1,1,49,
321,2,,,,,,,,,,,,,,,,,0xFF01FE,,,,,,,,,,,,,,,,,0xFF01CC,1.0,1,1,50,
322,2,,,,,,,,,,,,,,,,,0xFF01FE,,,,,,,,,,,,,,,,,0xFF01CC,1.0,1,1,51,
323,2,,,,,,,,,,,,,,,,,0xFF01FE,,,,,,,,,,,,,,,,,0xFF01CC,1.0,1,1,52,
324,2,,,,,,,,,,,,,,,,,0xFF01FE,,,,,,,,,,,,,,,,,0xFF01CC,1.0,1,1,53,
325,2,,,,,,,,,,,,,,,,,0xFF01FE,,,,,,,,,,,,,,,,,0xFF01CC,1.0,1,1,54,
326,2,,,,,,,,,,,,,,,,,0xFF01FE,,,,,,,,,,,,,,,,,0xFF01CC,1.0,1,1,55,
327,2,,,,,,,,,,,,,,,,,0xFF01FE,,,,,,,,,,,,,,,,,0xFF01CC,1.0,1,1,56,
328,2,,,,,,,,,,,,,,,,,0xFF01FE,,,,,,,,,,,,,,,,,0xFF01CC,1.0,1,1,57,
329,2,,,,,,,,,,,,,,,,,0xFF01FE,,,,,,,,,,,,,,,,,0xFF01CC,1.0,1,1,58,
330,2,,,,,,,,,,,,,,,,,0xFF01FE,,,,,,,,,,,,,,,,,0xFF01CC,1.0,1,1,59,
331,2,,,,,,,,,,,,,,,,,0xFF01FE,,,,,,,,,,,,,,,,,0xFF01CC,1.0,1,1,60,
332,2,,,,,,,,,,,,,,,,,0xFF01FE,,,,,,,,,,,,,,,,,0xFF01CC,1.0,1,1,61,
333,2,,,,,,,,,,,,,,,,,0xFF01FE,,,,,,,,,,,,,,,,,0xFF01CC,1.0,1,1,62,
334,2,,,,,,,,,,,,,,,,,0xFF01FE,,,,,,,,,,,,,,,,,0xFF01CC,1.0,1,1,63,
335,2,,,,,,,,,,,,,,,,,0xFF01FE,,,,,,,,,,,,,,,,,0xFF01CC,1.0,1,1,64,
336,2,,,,,,,,,,,,,,,,,0xFF01FE,,,,,,,,,,,,,,,,,0xFF01CC,1.0,1,1,65,
337,2,,,,,,,,,,,,,,,,,0xFF01FE,,,,,,,,,,,,,,,,,0xFF01CC,1.0,1,1,66,
338,2,,,,,,,,,,,,,,,,,0xFF01FE,,,,,,,,,,,,,,,,,0xFF01CC,1.0,1,1,67,
339,2,,,,,,,,,,,,,,,,,0xFF01FE,,,,,,,,,,,,,,,,,0xFF01CC,1.0,1,1,68,
340,2,,,,,,,,,,,,,,,,,0xFF01FE,,,,,,,,,,,,,,,,,0xFF01CC,1.0,1,1,69,
341,2,,,,,,,,,,,,,,,,,0xFF01FE,,,,,,,,,,,,,,,,,0xFF01CC,1.0,1,1,70,
342,2,,,,,,,,,,,,,,,,,0xFF01FE,,,,,,,,,,,,,,,,,0xFF01CC,1.0,1,1,71,
343,2,,,,,,,,,,,,,,,,,0xFF01FE,,,,,,,,,,,,,,,,,0xFF01CC,1.0,1,1,72,
344,2,,,,,,,,,,,,,,,,,0xFF01FE,,,,,,,,,,,,,,,,,0xFF01CC,1.0,1,1,73,
345,2,,,,,,,,,,,,,,,,,0xFF01FE,,,,,,,,,,,,,,,,,0xFF01CC,1.0,1,1,74,
346,2,,,,,,,,,,,,,,,,,0xFF01FE,,,,,,,,,,,,,,,,,0xFF01CC,1.0,1,1,75,
347,2,,,,,,,,,,,,,,,,,0xFF01FE,,,,,,,,,,,,,,,,,0xFF01CC,1.0,1,1,76,
348,2,,,,,,,,,,,,,,,,,0xFF01FE,,,,,,,,,,,,,,,,,0xFF01CC,1.0,1,1,77,
349,2,,,,,,,,,,,,,,,,,0xFF01FE,,,,,,,,,,,,,,,,,0xFF01CC,1.0,1,1,78,
350,2,,,,,,,,,,,,,,,,,0xFF01FE,,,,,,,,,,,,,,,,,0xFF01CC,1.0,1,1,79,
351,2,,,,,,,,,,,,,,,,,0xFF01FE,,,,,,,,,,,,,,,,,0xFF01CC,1.0,1,1,80,
352,2,,,,,,,,,,,,,,,,,0xFF01FE,,,,,,,,,,,,,,,,,0xFF01CC,1.0,1,1,81,
353,2,,,,,,,,,,,,,,,,,0xFF01FE,,,,,,,,,,,,,,,,,0xFF01CC,1.0,1,1,82,
354,2,,,,,,,,,,,,,,,,,0xFF01FE,,,,,,,,,,,,,,,,,0xFF01CC,1.0,1,1,83,
355,2,,,,,,,,,,,,,,,,,0xFF01FE,,,,,,,,,,,,,,,,,0xFF01CC,1.0,1,1,84,
356,2,,,,,,,,,,,,,,,,,0xFF01FE,,,,,,,,,,,,,,,,,0xFF01CC,1.0,1,1,85,
357,2,,,,,,,,,,,,,,,,,0xFF01FE,,,,,,,,,,,,,,,,,0xFF01CC,1.0,1,1,86,
358,2,,,,,,,,,,,,,,,,,0xFF01FE,,,,,,,,,,,,,,,,,0xFF01CC,1.0,1,1,87,
359,2,,,,,,,,,,,,,,,,,0xFF01FE,,,,,,,,,,,,,,,,,0xFF01CC,1.0,1,1,88,
360,2,,,,,,,,,,,,,,,,,0xFF01FE,,,,,,,,,,,,,,,,,0xFF01CC,1.0,1,1,89,
361,2,,,,,,,,,,,,,,,,,0xFF01FE,,,,,,,,,,,,,,,,,0xFF01CC,1.0,1,1,90,
362,2,,,,,,,,,,,,,,,,,0xFF01FE,,,,,,,,,,,,,,,,,0xFF01CC,1.0,1,1,91,
363,2,,,,,,,,,,,,,,,,,0xFF01FE,,,,,,,,,,,,,,,,,0xFF01CC,1.0,1,1,92,
364,2,,,,,,,,,,,,,,,,,0xFF01FE,,,,,,,,,,,,,,,,,0xFF01CC,1.0,1,1,93,
365,2,,,,,,,,,,,,,,,,,0xFF01FE,,,,,,,,,,,,,,,,,0xFF01CC,1.0,1,1,94,
366,2,,,,,,,,,,,,,,,,,0xFF01FE,,,,,,,,,,,,,,,,,0xFF01CC,1.0,1,1,95,
367,2,,,,,,,,,,,,,,,,,0xFF01FE,,,,,,,,,,,,,,,,,0xFF01CC,1.0,1,1,96,
368,2,,,,,,,,,,,,,,,,,0xFF01FE,,,,,,,,,,,,,,,,,0xFF01CC,1.0,1,1,97,
369,2,,,,,,,,,,,,,,,,,0xFF01FE,,,,,,,,,,,,,,,,,0xFF01CC,1.0,1,1,98,
370,2,,,,,,,,,,,,,,,,,0xFF01FE,,,,,,,,,,,,,,,,,0xFF01CC,1.0,1,1,99,
371,2,,,,,,,,,,,,,,,,,0xFF01FE,,,,,,,,,,,,,,,,,0xFF01CC,1.0,1,1,100,
372,2,,,,,,,,,,,,,,,,,0xFF01FE,,,,,,,,,,,,,,,,,0xFF01CC,1.0,1,1,101,
373,2,,,,,,,,,,,,,,,,,0xFF01FE,,,,,,,,,,,,,,,,,0xFF01CC,1.0,1,1,102,
374,2,,,,,,,,,,,,,,,,,0xFF01FE,,,,,,,,,,,,,,,,,0xFF01CC,1.0,1,1,103,
375,2,,,,,,,,,,,,,,,,,0xFF01FE,,,,,,,,,,,,,,,,,0xFF01CC,1.0,1,1,104,
376,2,,,,,,,,,,,,,,,,,0xFF01FE,,,,,,,,,,,,,,,,,0xFF01CC,1.0,1,1,105,
377,2,,,,,,,,,,,,,,,,,0xFF01FE,,,,,,,,,,,,,,,,,0xFF01CC,1.0,1,1,106,
378,2,,,,,,,,,,,,,,,,,0xFF01FE,,,,,,,,,,,,,,,,,0xFF01CC,1.0,1,1,107,
379,2,,,,,,,,,,,,,,,,,0xFF01FE,,,,,,,,,,,,,,,,,0xFF01CC,1.0,1,1,108,
380,2,,,,,,,,,,,,,,,,,0xFF01FE,,,,,,,,,,,,,,,,,0xFF01CC,1.0,1,1,109,
381,2,,,,,,,,,,,,,,,,,0xFF01FE,,,,,,,,,,,,,,,,,0xFF01CC,1.0,1,1,110,
382,2,,,,,,,,,,,,,,,,,0xFF01FE,,,,,,,,,,,,,,,,,0xFF01CC,1.0,1,1,111,
383,2,,,,,,,,,,,,,,,,,0xFF01FE,,,,,,,,,,,,,,,,,0xFF01CC,1.0,1,1,112,
384,2,,,,,,,,,,,,,,,,,0xFF01FE,,,,,,,,,,,,,,,,,0xFF01CC,1.0,1,1,113,
385,2,,,,,,,,,,,,,,,,,0xFF01FE,,,,,,,,,,,,,,,,,0xFF01CC,1.0,1,1,114,
386,2,,,,,,,,,,,,,,,,,0xFF01FE,,,,,,,,,,,,,,,,,0xFF01CC,1.0,1,1,115,
387,2,,,,,,,,,,,,,,,,,0xFF01FE,,,,,,,,,,,,,,,,,0xFF01CC,1.0,1,1,116,
388,2,,,,,,,,,,,,,,,,,0xFF01FE,,,,,,,,,,,,,,,,,0xFF01CC,1.0,1,1,117,
389,2,,,,,,,,,,,,,,,,,0xFF01FE,,,,,,,,,,,,,,,,,0xFF01CC,1.0,1,1,118,
390,2,,,,,,,,,,,,,,,,,0xFF01FE,,,,,,,,,,,,,,,,,0xFF01CC,1.0,1,1,119,
391,2,,,,,,,,,,,,,,,,,0xFF01FE,,,,,,,,,,,,,,,,,0xFF01CC,1.0,1,1,120,
392,2,,,,,,,,,,,,,,,,,0xFF01FE,,,,,,,,,,,,,,,,,0xFF01CC,1.0,1,1,121,
393,2,,,,,,,,,,,,,,,,,0xFF01FE,,,,,,,,,,,,,,,,,0xFF01CC,1.0,1,1,122,
394,2,,,,,,,,,,,,,,,,,0xFF01FE,,,,,,,,,,,,,,,,,0xFF01CC,1.0,1,1,123,
395,2,,,,,,,,,,,,,,,,,0xFF01FE,,,,,,,,,,,,,,,,,0xFF01CC,1.0,1,1,124,
396,2,,,,,,,,,,,,,,,,,0xFF01FE,,,,,,,,,,,,,,,,,0xFF01CC,1.0,1,1,125,
397,2,,,,,,,,,,,,,,,,,0xFF01FE,,,,,,,,,,,,,,,,,0xFF01CC,1.0,1,1,126,
398,2,,,,,,,,,,,,,,,,,0xFF01FE,,,,,,,,,,,,,,,,,0xFF01CC,1.0,1,1,127,
399,2,,,,,,,,,,,,,,,,,0xFF01FE,,,,,,,,,,,,,,,,,0xFF01CC,1.0,1,1,128,
400,2,,,,,,,,,,,,,,,,,0xFF01FE,,,,,,,,,,,,,,,,,0xFF01CC,1.0,1,1,129,
401,2,,,,,,,,,,,,,,,,,0xFF01FE,,,,,,,,,,,,,,,,,0xFF01CC,1.0,1,1,130,
402,2,,,,,,,,,,,,,,,,,0xFF01FE,,,,,,,,,,,,,,,,,0xFF01CC,1.0,1,1,131,
403,2,,,,,,,,,,,,,,,,,0xFF01FE,,,,,,,,,,,,,,,,,0xFF01CC,1.0,1,1,132,
404,2,,,,,,,,,,,,,,,,,0xFF01FE,,,,,,,,,,,,,,,,,0xFF01CC,1.0,1,1,133,
405,2,,,,,,,,,,,,,,,,,0xFF01FE,,,,,,,,,,,,,,,,,0xFF01CC,1.0,1,1,134,
406,2,,,,,,,,,,,,,,,,,0xFF01FE,,,,,,,,,,,,,,,,,0xFF01CC,1.0,1,1,135,
407,2,,,,,,,,,,,,,,,,,0xFF01FE,,,,,,,,,,,,,,,,,0xFF01CC,1.0,1,1,136,
408,2,,,,,,,,,,,,,,,,,0xFF01FE,,,,,,,,,,,,,,,,,0xFF01CC,1.0,1,1,137,
409,2,,,,,,,,,,,,,,,,,0xFF01FE,,,,,,,,,,,,,,,,,0xFF01CC,1.0,1,1,138,
410,2,,,,,,,,,,,,,,,,,0xFF01FE,,,,,,,,,,,,,,,,,0xFF01CC,1.0,1,1,139,
411,2,,,,,,,,,,,,,,,,,0xFF01FE,,,,,,,,,,,,,,,,,0xFF01CC,1.0,1,1,140,
412,2,,,,,,,,,,,,,,,,,0xFF01FE,,,,,,,,,,,,,,,,,0xFF01CC,1.0,1,1,141,
413,2,,,,,,,,,,,,,,,,,0xFF01FE,,,,,,,,,,,,,,,,,0xFF01CC,1.0,1,1,142,
414,2,,,,,,,,,,,,,,,,,0xFF01FE,,,,,,,,,,,,,,,,,0xFF01CC,1.0,1,1,143,
415,2,,,,,,,,,,,,,,,,,0xFF01FE,,,,,,,,,,,,,,,,,0xFF01CC,1.0,1,1,144,
416,2,,,,,,,,,,,,,,,,,0xFF01FE,,,,,,,,,,,,,,,,,0xFF01CC,1.0,1,1,145,
417,2,,,,,,,,,,,,,,,,,0xFF01FE,,,,,,,,,,,,,,,,,0xFF01CC,1.0,1,1,146,
418,2,,,,,,,,,,,,,,,,,0xFF01FE,,,,,,,,,,,,,,,,,0xFF01CC,1.0,1,1,147,
419,2,,,,,,,,,,,,,,,,,0xFF01FE,,,,,,,,,,,,,,,,,0xFF01CC,1.0,1,1,148,
420,2,,,,,,,,,,,,,,,,,0xFF01FE,,,,,,,,,,,,,,,,,0xFF01CC,1.0,1,1,149,
421,2,,,,,,,,,,,,,,,,,0xFF01FE,,,,,,,,,,,,,,,,,0xFF01CC,1.0,1,1,150,
422,2,,,,,,,,,,,,,,,,,0xFF01FE,,,,,,,,,,,,,,,,,0xFF01CC,1.0,1,1,151,
423,2,,,,,,,,,,,,,,,,,0xFF01FE,,,,,,,,,,,,,,,,,0xFF01CC,1.0,1,1,152,
424,2,,,,,,,,,,,,,,,,,0xFF01FE,,,,,,,,,,,,,,,,,0xFF01CC,1.0,1,1,153,
425,2,,,,,,,,,,,,,,,,,0xFF01FE,,,,,,,,,,,,,,,,,0xFF01CC,1.0,1,1,154,
426,2,,,,,,,,,,,,,,,,,0xFF01FE,,,,,,,,,,,,,,,,,0xFF01CC,1.0,1,1,155,
427,2,,,,,,,,,,,,,,,,,0xFF01FE,,,,,,,,,,,,,,,,,0xFF01CC,1.0,1,1,156,
428,2,,,,,,,,,,,,,,,,,0xFF01FE,,,,,,,,,,,,,,,,,0xFF01CC,1.0,1,1,157,
429,2,,,,,,,,,,,,,,,,,0xFF01FE,,,,,,,,,,,,,,,,,0xFF01CC,1.0,1,1,158,
430,2,,,,,,,,,,,,,,,,,0xFF01FE,,,,,,,,,,,,,,,,,0xFF01CC,1.0,1,1,159,
431,2,,,,,,,,,,,,,,,,,0xFF01FE,,,,,,,,,,,,,,,,,0xFF01CC,1.0,1,1,160,
432,2,,,,,,,,,,,,,,,,,0xFF01FE,,,,,,,,,,,,,,,,,0xFF01CC,1.0,1,1,161,
433,2,,,,,,,,,,,,,,,,,0xFF01FE,,,,,,,,,,,,,,,,,0xFF01CC,1.0,1,1,162,
434,2,,,,,,,,,,,,,,,,,0xFF01FE,,,,,,,,,,,,,,,,,0xFF01CC,1.0,1,1,163,
435,2,,,,,,,,,,,,,,,,,0xFF01FE,,,,,,,,,,,,,,,,,0xFF01CC,1.0,1,1,164,
436,2,,,,,,,,,,,,,,,,,0xFF01FE,,,,,,,,,,,,,,,,,0xFF01CC,1.0,1,1,165,
437,2,,,,,,,,,,,,,,,,,0xFF01FE,,,,,,,,,,,,,,,,,0xFF01CC,1.0,1,1,166,
438,2,,,,,,,,,,,,,,,,,0xFF01FE,,,,,,,,,,,,,,,,,0xFF01CC,1.0,1,1,167,
439,2,,,,,,,,,,,,,,,,,0xFF01FE,,,,,,,,,,,,,,,,,0xFF01CC,1.0,1,1,168,
440,2,,,,,,,,,,,,,,,,,0xFF01FE,,,,,,,,,,,,,,,,,0xFF01CC,1.0,1,1,169,
441,2,,,,,,,,,,,,,,,,,0xFF01FE,,,,,,,,,,,,,,,,,0xFF01CC,1.0,1,1,170,
442,2,,,,,,,,,,,,,,,,,0xFF01FE,,,,,,,,,,,,,,,,,0xFF01CC,1.0,1,1,171,
443,2,,,,,,,,,,,,,,,,,0xFF01FE,,,,,,,,,,,,,,,,,0xFF01CC,1.0,1,1,172,
444,2,,,,,,,,,,,,,,,,,0xFF01FE,,,,,,,,,,,,,,,,,0xFF01CC,1.0,1,1,173,
445,2,,,,,,,,,,,,,,,,,0xFF01FE,,,,,,,,,,,,,,,,,0xFF01CC,1.0,1,1,174,
446,2,,,,,,,,,,,,,,,,,0xFF01FE,,,,,,,,,,,,,,,,,0xFF01CC,1.0,1,1,175,
447,2,,,,,,,,,,,,,,,,,0xFF01FE,,,,,,,,,,,,,,,,,0xFF01CC,1.0,1,1,176,
448,2,,,,,,,,,,,,,,,,,0xFF01FE,,,,,,,,,,,,,,,,,0xFF01CC,1.0,1,1,177,
449,2,,,,,,,,,,,,,,,,,0xFF01FE,,,,,,,,,,,,,,,,,0xFF01CC,1.0,1,1,178,
450,2,,,,,,,,,,,,,,,,,0xFF01FE,,,,,,,,,,,,,,,,,0xFF01CC,1.0,1,1,179,
451,2,,,,,,,,,,,,,,,,,0xFF01FE,,,,,,,,,,,,,,,,,0xFF01CC,1.0,1,1,180,
452,2,,,,,,,,,,,,,,,,,0xFF01FE,,,,,,,,,,,,,,,,,0xFF01CC,1.0,1,1,181,
453,2,,,,,,,,,,,,,,,,,0xFF01FE,,,,,,,,,,,,,,,,,0xFF01CC,1.0,1,1,182,
454,2,,,,,,,,,,,,,,,,,0xFF01FE,,,,,,,,,,,,,,,,,0xFF01CC,1.0,1,1,183,
455,2,,,,,,,,,,,,,,,,,0xFF01FE,,,,,,,,,,,,,,,,,0xFF01CC,1.0,1,1,184,
456,2,,,,,,,,,,,,,,,,,0xFF01FE,,,,,,,,,,,,,,,,,0xFF01CC,1.0,1,1,185,
457,2,,,,,,,,,,,,,,,,,0xFF01FE,,,,,,,,,,,,,,,,,0xFF01CC,1.0,1,1,186,
458,2,,,,,,,,,,,,,,,,,0xFF01FE,,,,,,,,,,,,,,,,,0xFF01CC,1.0,1,1,187,
459,2,,,,,,,,,,,,,,,,,0xFF01FE,,,,,,,,,,,,,,,,,0xFF01CC,1.0,1,1,188,
460,2,,,,,,,,,,,,,,,,,0xFF01FE,,,,,,,,,,,,,,,,,0xFF01CC,1.0,1,1,189,
461,2,,,,,,,,,,,,,,,,,0xFF01FE,,,,,,,,,,,,,,,,,0xFF01CC,1.0,1,1,190,
462,2,,,,,,,,,,,,,,,,,0xFF01FE,,,,,,,,,,,,,,,,,0xFF01CC,1.0,1,1,191,
463,2,,,,,,,,,,,,,,,,,0xFF01FE,,,,,,,,,,,,,,,,,0xFF01CC,1.0,1,1,192,
464,2,,,,,,,,,,,,,,,,,0xFF01FE,,,,,,,,,,,,,,,,,0xFF01CC,1.0,1,1,193,
465,2,,,,,,,,,,,,,,,,,0xFF01FE,,,,,,,,,,,,,,,,,0xFF01CC,1.0,1,1,194,
466,2,,,,,,,,,,,,,,,,,0xFF01FE,,,,,,,,,,,,,,,,,0xFF01CC,1.0,1,1,195,
467,2,,,,,,,,,,,,,,,,,0xFF01FE,,,,,,,,,,,,,,,,,0xFF01CC,1.0,1,1,196,
468,2,,,,,,,,,,,,,,,,,0xFF01FE,,,,,,,,,,,,,,,,,0xFF01CC,1.0,1,1,197,
469,2,,,,,,,,,,,,,,,,,0xFF01FE,,,,,,,,,,,,,,,,,0xFF01CC,1.0,1,1,198,
470,2,,,,,,,,,,,,,,,,,0xFF01FE,,,,,,,,,,,,,,,,,0xFF01CC,1.0,1,1,199,
471,2,,,,,,,,,,,,,,,,,0xFF01FE,,,,,,,,,,,,,,,,,0xFF01CC,1.0,1,1,200,
472,2,,,,,,,,,,,,,,,,,0xFF01FE,,,,,,,,,,,,,,,,,0xFF01CC,1.0,1,1,201,
473,2,,,,,,,,,,,,,,,,,0xFF01FE,,,,,,,,,,,,,,,,,0xFF01CC,1.0,1,1,202,
474,2,,,,,,,,,,,,,,,,,0xFF01FE,,,,,,,,,,,,,,,,,0xFF01CC,1.0,1,1,203,
475,2,,,,,,,,,,,,,,,,,0xFF01FE,,,,,,,,,,,,,,,,,0xFF01CC,1.0,1,1,204,
476,2,,,,,,,,,,,,,,,,,0xFF01FE,,,,,,,,,,,,,,,,,0xFF01CC,1.0,1,1,205,
477,2,,,,,,,,,,,,,,,,,0xFF01FE,,,,,,,,,,,,,,,,,0xFF01CC,1.0,1,1,206,
478,2,,,,,,,,,,,,,,,,,0xFF01FE,,,,,,,,,,,,,,,,,0xFF01CC,1.0,1,1,207,
479,2,,,,,,,,,,,,,,,,,0xFF01FE,,,,,,,,,,,,,,,,,0xFF01CC,1.0,1,1,208,
480,2,,,,,,,,,,,,,,,,,0xFF01FE,,,,,,,,,,,,,,,,,0xFF01CC,1.0,1,1,209,
481,2,,,,,,,,,,,,,,,,,0xFF01FE,,,,,,,,,,,,,,,,,0xFF01CC,1.0,1,1,210,
482,2,,,,,,,,,,,,,,,,,0xFF01FE,,,,,,,,,,,,,,,,,0xFF01CC,1.0,1,1,211,
483,2,,,,,,,,,,,,,,,,,0xFF01FE,,,,,,,,,,,,,,,,,0xFF01CC,1.0,1,1,212,
484,2,,,,,,,,,,,,,,,,,0xFF01FE,,,,,,,,,,,,,,,,,0xFF01CC,1.0,1,1,213,
485,2,,,,,,,,,,,,,,,,,0xFF01FE,,,,,,,,,,,,,,,,,0xFF01CC,1.0,1,1,214,
486,2,,,,,,,,,,,,,,,,,0xFF01FE,,,,,,,,,,,,,,,,,0xFF01CC,1.0,1,1,215,
487,2,,,,,,,,,,,,,,,,,0xFF01FE,,,,,,,,,,,,,,,,,0xFF01CC,1.0,1,1,216,
488,2,,,,,,,,,,,,,,,,,0xFF01FE,,,,,,,,,,,,,,,,,0xFF01CC,1.0,1,1,217,
489,2,,,,,,,,,,,,,,,,,0xFF01FE,,,,,,,,,,,,,,,,,0xFF01CC,1.0,1,1,218,
490,2,,,,,,,,,,,,,,,,,0xFF01FE,,,,,,,,,,,,,,,,,0xFF01CC,1.0,1,1,219,
491,2,,,,,,,,,,,,,,,,,0xFF01FE,,,,,,,,,,,,,,,,,0xFF01CC,1.0,1,1,220,
492,2,,,,,,,,,,,,,,,,,0xFF01FE,,,,,,,,,,,,,,,,,0xFF01CC,1.0,1,1,221,
493,2,,,,,,,,,,,,,,,,,0xFF01FE,,,,,,,,,,,,,,,,,0xFF01CC,1.0,1,1,222,
494,2,,,,,,,,,,,,,,,,,0xFF01FE,,,,,,,,,,,,,,,,,0xFF01CC,1.0,1,1,223,
495,2,,,,,,,,,,,,,,,,,0xFF01FE,,,,,,,,,,,,,,,,,0xFF01CC,1.0,1,1,224,
496,2,,,,,,,,,,,,,,,,,0xFF01FE,,,,,,,,,,,,,,,,,0xFF01CC,1.0,1,1,225,
497,2,,,,,,,,,,,,,,,,,0xFF01FE,,,,,,,,,,,,,,,,,0xFF01CC,1.0,1,1,226,
498,2,,,,,,,,,,,,,,,,,0xFF01FE,,,,,,,,,,,,,,,,,0xFF01CC,1.0,1,1,227,
499,2,,,,,,,,,,,,,,,,,0xFF01FE,,,,,,,,,,,,,,,,,0xFF01CC,1.0,1,1,228,
500,2,,,,,,,,,,,,,,,,,0xFF01FE,,,,,,,,,,,,,,,,,0xFF01CC,1.0,1,1,229,
501,2,,,,,,,,,,,,,,,,,0xFF01FE,,,,,,,,,,,,,,,,,0xFF01CC,1.0,1,1,230,
502,2,,,,,,,,,,,,,,,,,0xFF01FE,,,,,,,,,,,,,,,,,0xFF01CC,1.0,1,1,231,
503,2,,,,,,,,,,,,,,,,,0xFF01FE,,,,,,,,,,,,,,,,,0xFF01CC,1.0,1,1,232,
504,2,,,,,,,,,,,,,,,,,0xFF01FE,,,,,,,,,,,,,,,,,0xFF01CC,1.0,1,1,233,
505,2,,,,,,,,,,,,,,,,,0xFF01FE,,,,,,,,,,,,,,,,,0xFF01CC,1.0,1,1,234,
506,2,,,,,,,,,,,,,,,,,0xFF01FE,,,,,,,,,,,,,,,,,0xFF01CC,1.0,1,1,235,
507,2,,,,,,,,,,,,,,,,,0xFF01FE,,,,,,,,,,,,,,,,,0xFF01CC,1.0,1,1,236,
508,2,,,,,,,,,,,,,,,,,0xFF01FE,,,,,,,,,,,,,,,,,0xFF01CC,1.0,1,1,237,
509,2,,,,,,,,,,,,,,,,,0xFF01FE,,,,,,,,,,,,,,,,,0xFF01CC,1.0,1,1,238,
510,2,,,,,,,,,,,,,,,,,0xFF01FE,,,,,,,,,,,,,,,,,0xFF01CC,1.0,1,1,239,
511,2,,,,,,,,,,,,,,,,,0xFF01FE,,,,,,,,,,,,,,,,,0xFF01CC,1.0,1,1,240,
512,2,,,,,,,,,,,,,,,,,0xFF01FE,,,,,,,,,,,,,,,,,0xFF01CC,1.0,1,1,241,
513,2,,,,,,,,,,,,,,,,,0xFF01FE,,,,,,,,,,,,,,,,,0xFF01CC,1.0,1,1,242,
514,2,,,,,,,,,,,,,,,,,0xFF01FE,,,,,,,,,,,,,,,,,0xFF01CC,1.0,1,1,243,
515,2,,,,,,,,,,,,,,,,,0xFF01FE,,,,,,,,,,,,,,,,,0xFF01CC,1.0,1,1,244,
516,2,,,,,,,,,,,,,,,,,0xFF01FE,,,,,,,,,,,,,,,,,0xFF01CC,1.0,1,1,245,
517,2,,,,,,,,,,,,,,,,,0xFF01FE,,,,,,,,,,,,,,,,,0xFF01CC,1.0,1,1,246,
518,2,,,,,,,,,,,,,,,,,0xFF01FE,,,,,,,,,,,,,,,,,0xFF01CC,1.0,1,1,247,
519,2,,,,,,,,,,,,,,,,,0xFF01FE,,,,,,,,,,,,,,,,,0xFF01CC,1.0,1,1,248,
520,2,,,,,,,,,,,,,,,,,0xFF01FE,,,,,,,,,,,,,,,,,0xFF01CC,1.0,1,1,249,
521,2,,,,,,,,,,,,,,,,,0xFF01FE,,,,,,,,,,,,,,,,,0xFF01CC,1.0,1,1,250,
522,2,,,,,,,,,,,,,,,,,0xFF01FE,,,,,,,,,,,,,,,,,0xFF01CC,1.0,1,1,251,
523,0,,,,,,,,,,,,,,,,,0xFF01FE,,,,,,,,,,,,,,,,,0xFF01CC,1.0,2,0,0,
524,0,,,,,,,,,,,,,,,,,0xFF01FE,,,,,,,,,,,,,,,,,0xFF01CC,1.0,2,0,1,
525,0,,,,,,,,,,,,,,,,,0xFF01FE,,,,,,,,,,,,,,,,,0xFF01CC,1.0,2,0,2,
526,0,,,,,,,,,,,,,,,,,0xFF01FE,,,,,,,,,,,,,,,,,0xFF01CC,1.0,2,0,3,
527,0,,,,,,,,,,,,,,,,,0xFF01FE,,,,,,,,,,,,,,,,,0xFF01CC,1.0,2,0,4,
528,0,,,,,,,,,,,,,,,,,0xFF01FE,,,,,,,,,,,,,,,,,0xFF01CC,1.0,2,0,5,
529,0,,,,,,,,,,,,,,,,,0xFF01FE,,,,,,,,,,,,,,,,,0xFF01CC,1.0,2,0,6,
530,0,,,,,,,,,,,,,,,,,0xFF01FE,,,,,,,,,,,,,,,,,0xD3FF83DE,1.0,2,0,7,
531,0,,,,,,,,,,,,,,,,,0xFF01FE,,,,,,,,,,,,,,,,,0xD3FF83DE,1.0,2,0,8,
532,0,,,,,,,,,,,,,,,,,0xFF01FE,,,,,,,,,,,,,,,,,0xD3FF83DE,1.0,2,0,9,
533,0,,,,,,,,,,,,,,,,,0xFF01FE,,,,,,,,,,,,,,,,,0xFEFFCFCD,1.0,2,0,10,
534,0,,,,,,,,,,,,,,,,,0xFF01FE,,,,,,,,,,,,,,,,,0xFEFFCFCD,1.0,2,0,11,
535,0,,,,,,,,,,,,,,,,,0xFF01FE,,,,,,,,,,,,,,,,,0xFEFFCFCD,1.0,2,0,12,
536,0,,,,,,,,,,,,,,,,,0xFF01FE,,,,,,,,,,,,,,,,,0xFEFFCFCD,1.0,2,0,13,
537,0,,,,,,,,,,,,,,,,,0xFF01FE,,,,,,,,,,,,,,,,,0xFEFFCFCD,1.0,2,0,14,
538,0,,,,,,,,,,,,,,,,,0xFF01FE,,,,,,,,,,,,,,,,,0xFEFFCFCD,1.0,2,0,15,
539,0,,,,,,,,,,,,,,,,,0xFF01FE,,,,,,,,,,,,,,,,,0xFEFFCFCD,1.0,2,0,16,
540,0,,,,,,,,,,,,,,,,,0xFF01FE,,,,,,,,,,,,,,,,,0xFEFFCFCD,1.0,2,0,17,
541,0,,,,,,,,,,,,,,,,,0xFF01FE,,,,,,,,,,,,,,,,,0xFEFFCFCD,1.0,2,0,18,
542,0,,,,,,,,,,,,,,,,,0xFF01FE,,,,,,,,,,,,,,,,,0xFEFFCFCD,1.0,2,0,19,
543,0,,,,,,,,,,,,,,,,,0xFF01FE,,,,,,,,,,,,,,,,,0xFEFFCFCD,1.0,2,0,20,
544,2,,,,,,,,,,,,,,,,,0xFF01FE,,,,,,,,,,,,,,,,,0xFF01CC,1.0,2,0,0,
545,2,,,,,,,,,,,,,,,,,0xFF01FE,,,,,,,,,,,,,,,,,0xFF01CC,1.0,2,0,1,
546,2,,,,,,,,,,,,,,,,,0xFF01FE,,,,,,,,,,,,,,,,,0xFF01CC,1.0,2,0,2,
547,2,,,,,,,,,,,,,,,,,0xFF01FE,,,,,,,,,,,,,,,,,0xFF01CC,1.0,2,0,3,
548,2,,,,,,,,,,,,,,,,,0xFF01FE,,,,,,,,,,,,,,,,,0xFF01CC,1.0,2,0,4,
549,2,,,,,,,,,,,,,,,,,0xFF01FE,,,,,,,,,,,,,,,,,0xFF01CC,1.0,2,0,5,
550,2,,,,,,,,,,,,,,,,,0xFF01FE,,,,,,,,,,,,,,,,,0xFF01CC,1.0,2,0,6,
551,2,,,,,,,,,,,,,,,,,0xFF01FE,,,,,,,,,,,,,,,,,0xFF01CC,1.0,2,0,7,
552,2,,,,,,,,,,,,,,,,,0xFF01FE,,,,,,,,,,,,,,,,,0xFF01CC,1.0,2,0,8,
553,2,,,,,,,,,,,,,,,,,0xFF01FE,,,,,,,,,,,,,,,,,0xFF01CC,1.0,2,0,9,
554,2,,,,,,,,,,,,,,,,,0xFF01FE,,,,,,,,,,,,,,,,,0xFF01CC,1.0,2,0,10,
555,2,,,,,,,,,,,,,,,,,0xFF01FE,,,,,,,,,,,,,,,,,0xFF01CC,1.0,2,0,11,
556,2,,,,,,,,,,,,,,,,,0xFF01FE,,,,,,,,,,,,,,,,,0xFF01CC,1.0,2,0,12,
557,2,,,,,,,,,,,,,,,,,0xFF01FE,,,,,,,,,,,,,,,,,0xFF01CC,1.0,2,0,13,
558,2,,,,,,,,,,,,,,,,,0xFF01FE,,,,,,,,,,,,,,,,,0xFF01CC,1.0,2,0,14,
559,2,,,,,,,,,,,,,,,,,0xFF01FE,,,,,,,,,,,,,,,,,0xFF01CC,1.0,2,0,15,
560,2,,,,,,,,,,,,,,,,,0xFF01FE,,,,,,,,,,,,,,,,,0xFF01CC,1.0,2,0,16,
561,2,,,,,,,,,,,,,,,,,0xFF01FE,,,,,,,,,,,,,,,,,0xFF01CC,1.0,2,0,17,
562,2,,,,,,,,,,,,,,,,,0xFF01FE,,,,,,,,,,,,,,,,,0xFF01CC,1.0,2,0,18,
563,2,,,,,,,,,,,,,,,,,0xFF01FE,,,,,,,,,,,,,,,,,0xFF01CC,1.0,2,0,19,
564,2,,,,,,,,,,,,,,,,,0xFF01FE,,,,,,,,,,,,,,,,,0xFF01CC,1.0,2,0,20,
565,2,,,,,,,,,,,,,,,,,0xFF01FE,,,,,,,,,,,,,,,,,0xFF01CC,1.0,2,0,21,
566,2,,,,,,,,,,,,,,,,,0xFF01FE,,,,,,,,,,,,,,,,,0xFF01CC,1.0,2,0,22,
567,2,,,,,,,,,,,,,,,,,0xFF01FE,,,,,,,,,,,,,,,,,0xFF01CC,1.0,2,0,23,
568,2,,,,,,,,,,,,,,,,,0xFF01FE,,,,,,,,,,,,,,,,,0xFF01CC,1.0,2,0,24,
569,2,,,,,,,,,,,,,,,,,0xFF01FE,,,,,,,,,,,,,,,,,0xFF01CC,1.0,2,0,25,
570,2,,,,,,,,,,,,,,,,,0xFF01FE,,,,,,,,,,,,,,,,,0xFF01CC,1.0,2,0,26,
571,2,,,,,,,,,,,,,,,,,0xFF01FE,,,,,,,,,,,,,,,,,0xFF01CC,1.0,2,0,27,
572,2,,,,,,,,,,,,,,,,,0xFF01FE,,,,,,,,,,,,,,,,,0xFF01CC,1.0,2,0,28,
573,2,,,,,,,,,,,,,,,,,0xFF01FE,,,,,,,,,,,,,,,,,0xFF01CC,1.0,2,0,29,
574,2,,,,,,,,,,,,,,,,,0xFF01FE,,,,,,,,,,,,,,,,,0xFF01CC,1.0,2,0,30,
575,2,,,,,,,,,,,,,,,,,0xFF01FE,,,,,,,,,,,,,,,,,0xFF01CC,1.0,2,0,31,
576,2,,,,,,,,,,,,,,,,,0xFF01FE,,,,,,,,,,,,,,,,,0xFF01CC,1.0,2,0,32,
577,2,,,,,,,,,,,,,,,,,0xFF01FE,,,,,,,,,,,,,,,,,0xFF01CC,1.0,2,0,33,
578,2,,,,,,,,,,,,,,,,,0xFF01FE,,,,,,,,,,,,,,,,,0xFF01CC,1.0,2,0,34,
579,2,,,,,,,,,,,,,,,,,0xFF01FE,,,,,,,,,,,,,,,,,0xFF01CC,1.0,2,0,35,
580,2,,,,,,,,,,,,,,,,,0xFF01FE,,,,,,,,,,,,,,,,,0xFF01CC,1.0,2,0,36,
581,2,,,,,,,,,,,,,,,,,0xFF01FE,,,,,,,,,,,,,,,,,0xFF01CC,1.0,2,0,37,
582,2,,,,,,,,,,,,,,,,,0xFF01FE,,,,,,,,,,,,,,,,,0xFF01CC,1.0,2,0,38,
583,2,,,,,,,,,,,,,,,,,0xFF01FE,,,,,,,,,,,,,,,,,0xFF01CC,1.0,2,0,39,
584,2,,,,,,,,,,,,,,,,,0xFF01FE,,,,,,,,,,,,,,,,,0xFF01CC,1.0,2,0,40,
585,2,,,,,,,,,,,,,,,,,0xFF01FE,,,,,,,,,,,,,,,,,0xFF01CC,1.0,2,0,41,
586,2,,,,,,,,,,,,,,,,,0xFF01FE,,,,,,,,,,,,,,,,,0xFF01CC,1.0,2,0,42,
587,2,,,,,,,,,,,,,,,,,0xFF01FE,,,,,,,,,,,,,,,,,0xFF01CC,1.0,2,0,43,
588,2,,,,,,,,,,,,,,,,,0xFF01FE,,,,,,,,,,,,,,,,,0xFF01CC,1.0,2,0,44,
589,2,,,,,,,,,,,,,,,,,0xFF01FE,,,,,,,,,,,,,,,,,0xFF01CC,1.0,2,0,45,
590,2,,,,,,,,,,,,,,,,,0xFF01FE,,,,,,,,,,,,,,,,,0xFF01CC,1.0,2,0,46,
591,2,,,,,,,,,,,,,,,,,0xFF01FE,,,,,,,,,,,,,,,,,0xFF01CC,1.0,2,0,47,
592,2,,,,,,,,,,,,,,,,,0xFF01FE,,,,,,,,,,,,,,,,,0xFF01CC,1.0,2,0,48,
593,2,,,,,,,,,,,,,,,,,0xFF01FE,,,,,,,,,,,,,,,,,0xFF01CC,1.0,2,0,49,
594,2,,,,,,,,,,,,,,,,,0xFF01FE,,,,,,,,,,,,,,,,,0xFF01CC,1.0,2,0,50,
595,2,,,,,,,,,,,,,,,,,0xFF01FE,,,,,,,,,,,,,,,,,0xFF01CC,1.0,2,0,51,
596,2,,,,,,,,,,,,,,,,,0xFF01FE,,,,,,,,,,,,,,,,,0xFF01CC,1.0,2,0,52,
597,2,,,,,,,,,,,,,,,,,0xFF01FE,,,,,,,,,,,,,,,,,0xFF01CC,1.0,2,0,53,
598,2,,,,,,,,,,,,,,,,,0xFF01FE,,,,,,,,,,,,,,,,,0xFF01CC,1.0,2,0,54,
599,2,,,,,,,,,,,,,,,,,0xFF01FE,,,,,,,,,,,,,,,,,0xFF01CC,1.0,2,0,55,
600,2,,,,,,,,,,,,,,,,,0xFF01FE,,,,,,,,,,,,,,,,,0xFF01CC,1.0,2,0,56,
601,2,,,,,,,,,,,,,,,,,0xFF01FE,,,,,,,,,,,,,,,,,0xFF01CC,1.0,2,0,57,
602,2,,,,,,,,,,,,,,,,,0xFF01FE,,,,,,,,,,,,,,,,,0xFF01CC,1.0,2,0,58,
603,2,,,,,,,,,,,,,,,,,0xFF01FE,,,,,,,,,,,,,,,,,0xFF01CC,1.0,2,0,59,
604,2,,,,,,,,,,,,,,,,,0xFF01FE,,,,,,,,,,,,,,,,,0xFF01CC,1.0,2,0,60,
605,2,,,,,,,,,,,,,,,,,0xFF01FE,,,,,,,,,,,,,,,,,0xFF01CC,1.0,2,0,61,
606,2,,,,,,,,,,,,,,,,,0xFF01FE,,,,,,,,,,,,,,,,,0xFF01CC,1.0,2,0,62,
607,2,,,,,,,,,,,,,,,,,0xFF01FE,,,,,,,,,,,,,,,,,0xFF01CC,1.0,2,0,63,
608,2,,,,,,,,,,,,,,,,,0xFF01FE,,,,,,,,,,,,,,,,,0xFF01CC,1.0,2,0,64,
609,2,,,,,,,,,,,,,,,,,0xFF01FE,,,,,,,,,,,,,,,,,0xFF01CC,1.0,2,0,65,
610,2,,,,,,,,,,,,,,,,,0xFF01FE,,,,,,,,,,,,,,,,,0xFF01CC,1.0,2,0,66,
611,2,,,,,,,,,,,,,,,,,0xFF01FE,,,,,,,,,,,,,,,,,0xFF01CC,1.0,2,0,67,
612,2,,,,,,,,,,,,,,,,,0xFF01FE,,,,,,,,,,,,,,,,,0xFF01CC,1.0,2,0,68,
613,2,,,,,,,,,,,,,,,,,0xFF01FE,,,,,,,,,,,,,,,,,0xFF01CC,1.0,2,0,69,
614,2,,,,,,,,,,,,,,,,,0xFF01FE,,,,,,,,,,,,,,,,,0xFF01CC,1.0,2,0,70,
615,2,,,,,,,,,,,,,,,,,0xFF01FE,,,,,,,,,,,,,,,,,0xFF01CC,1.0,2,0,71,
616,2,,,,,,,,,,,,,,,,,0xFF01FE,,,,,,,,,,,,,,,,,0xFF01CC,1.0,2,0,72,
617,2,,,,,,,,,,,,,,,,,0xFF01FE,,,,,,,,,,,,,,,,,0xFF01CC,1.0,2,0,73,
618,2,,,,,,,,,,,,,,,,,0xFF01FE,,,,,,,,,,,,,,,,,0xFF01CC,1.0,2,0,74,
619,2,,,,,,,,,,,,,,,,,0xFF01FE,,,,,,,,,,,,,,,,,0xFF01CC,1.0,2,0,75,
620,2,,,,,,,,,,,,,,,,,0xFF01FE,,,,,,,,,,,,,,,,,0xFF01CC,1.0,2,0,76,
621,2,,,,,,,,,,,,,,,,,0xFF01FE,,,,,,,,,,,,,,,,,0xFF01CC,1.0,2,0,77,
622,2,,,,,,,,,,,,,,,,,0xFF01FE,,,,,,,,,,,,,,,,,0xFF01CC,1.0,2,0,78,
623,2,,,,,,,,,,,,,,,,,0xFF01FE,,,,,,,,,,,,,,,,,0xFF01CC,1.0,2,0,79,
624,2,,,,,,,,,,,,,,,,,0xFF01FE,,,,,,,,,,,,,,,,,0xFF01CC,1.0,2,0,80,
625,2,,,,,,,,,,,,,,,,,0xFF01FE,,,,,,,,,,,,,,,,,0xFF01CC,1.0,2,0,81,
626,2,,,,,,,,,,,,,,,,,0xFF01FE,,,,,,,,,,,,,,,,,0xFF01CC,1.0,2,0,82,
627,2,,,,,,,,,,,,,,,,,0xFF01FE,,,,,,,,,,,,,,,,,0xFF01CC,1.0,2,0,83,
628,2,,,,,,,,,,,,,,,,,0xFF01FE,,,,,,,,,,,,,,,,,0xFF01CC,1.0,2,0,84,
629,2,,,,,,,,,,,,,,,,,0xFF01FE,,,,,,,,,,,,,,,,,0xFF01CC,1.0,2,0,85,
630,2,,,,,,,,,,,,,,,,,0xFF01FE,,,,,,,,,,,,,,,,,0xFF01CC,1.0,2,0,86,
631,2,,,,,,,,,,,,,,,,,0xFF01FE,,,,,,,,,,,,,,,,,0xFF01CC,1.0,2,0,87,
632,2,,,,,,,,,,,,,,,,,0xFF01FE,,,,,,,,,,,,,,,,,0xFF01CC,1.0,2,0,88,
633,2,,,,,,,,,,,,,,,,,0xFF01FE,,,,,,,,,,,,,,,,,0xFF01CC,1.0,2,0,89,
634,2,,,,,,,,,,,,,,,,,0xFF01FE,,,,,,,,,,,,,,,,,0xFF01CC,1.0,2,0,90,
635,2,,,,,,,,,,,,,,,,,0xFF01FE,,,,,,,,,,,,,,,,,0xFF01CC,1.0,2,0,91,
636,2,,,,,,,,,,,,,,,,,0xFF01FE,,,,,,,,,,,,,,,,,0xFF01CC,1.0,2,0,92,
637,2,,,,,,,,,,,,,,,,,0xFF01FE,,,,,,,,,,,,,,,,,0xFF01CC,1.0,2,0,93,
638,2,,,,,,,,,,,,,,,,,0xFF01FE,,,,,,,,,,,,,,,,,0xFF01CC,1.0,2,0,94,
639,2,,,,,,,,,,,,,,,,,0xFF01FE,,,,,,,,,,,,,,,,,0xFF01CC,1.0,2,0,95,
640,2,,,,,,,,,,,,,,,,,0xFF01FE,,,,,,,,,,,,,,,,,0xFF01CC,1.0,2,0,96,
641,2,,,,,,,,,,,,,,,,,0xFF01FE,,,,,,,,,,,,,,,,,0xFF01CC,1.0,2,0,97,
642,2,,,,,,,,,,,,,,,,,0xFF01FE,,,,,,,,,,,,,,,,,0xFF01CC,1.0,2,0,98,
643,2,,,,,,,,,,,,,,,,,0xFF01FE,,,,,,,,,,,,,,,,,0xFF01CC,1.0,2,0,99,
644,2,,,,,,,,,,,,,,,,,0xFF01FE,,,,,,,,,,,,,,,,,0xFF01CC,1.0,2,0,100,
645,2,,,,,,,,,,,,,,,,,0xFF01FE,,,,,,,,,,,,,,,,,0xFF01CC,1.0,2,0,101,
646,2,,,,,,,,,,,,,,,,,0xFF01FE,,,,,,,,,,,,,,,,,0xFF01CC,1.0,2,0,102,
647,2,,,,,,,,,,,,,,,,,0xFF01FE,,,,,,,,,,,,,,,,,0xFF01CC,1.0,2,0,103,
648,2,,,,,,,,,,,,,,,,,0xFF01FE,,,,,,,,,,,,,,,,,0xFF01CC,1.0,2,0,104,
649,2,,,,,,,,,,,,,,,,,0xFF01FE,,,,,,,,,,,,,,,,,0xFF01CC,1.0,2,0,105,
650,2,,,,,,,,,,,,,,,,,0xFF01FE,,,,,,,,,,,,,,,,,0xFF01CC,1.0,2,0,106,
651,2,,,,,,,,,,,,,,,,,0xFF01FE,,,,,,,,,,,,,,,,,0xFF01CC,1.0,2,0,107,
652,2,,,,,,,,,,,,,,,,,0xFF01FE,,,,,,,,,,,,,,,,,0xFF01CC,1.0,2,0,108,
653,2,,,,,,,,,,,,,,,,,0xFF01FE,,,,,,,,,,,,,,,,,0xFF01CC,1.0,2,0,109,
654,2,,,,,,,,,,,,,,,,,0xFF01FE,,,,,,,,,,,,,,,,,0xFF01CC,1.0,2,0,110,
655,2,,,,,,,,,,,,,,,,,0xFF01FE,,,,,,,,,,,,,,,,,0xFF01CC,1.0,2,0,111,
656,2,,,,,,,,,,,,,,,,,0xFF01FE,,,,,,,,,,,,,,,,,0xFF01CC,1.0,2,0,112,
657,2,,,,,,,,,,,,,,,,,0xFF01FE,,,,,,,,,,,,,,,,,0xFF01CC,1.0,2,0,113,
658,2,,,,,,,,,,,,,,,,,0xFF01FE,,,,,,,,,,,,,,,,,0xFF01CC,1.0,2,0,114,
659,2,,,,,,,,,,,,,,,,,0xFF01FE,,,,,,,,,,,,,,,,,0xFF01CC,1.0,2,0,115,
660,2,,,,,,,,,,,,,,,,,0xFF01FE,,,,,,,,,,,,,,,,,0xFF01CC,1.0,2,0,116,
661,2,,,,,,,,,,,,,,,,,0xFF01FE,,,,,,,,,,,,,,,,,0xFF01CC,1.0,2,0,117,
662,2,,,,,,,,,,,,,,,,,0xFF01FE,,,,,,,,,,,,,,,,,0xFF01CC,1.0,2,0,118,
663,2,,,,,,,,,,,,,,,,,0xFF01FE,,,,,,,,,,,,,,,,,0xFF01CC,1.0,2,0,119,
664,2,,,,,,,,,,,,,,,,,0xFF01FE,,,,,,,,,,,,,,,,,0xFF01CC,1.0,2,0,120,
665,2,,,,,,,,,,,,,,,,,0xFF01FE,,,,,,,,,,,,,,,,,0xFF01CC,1.0,2,0,121,
666,2,,,,,,,,,,,,,,,,,0xFF01FE,,,,,,,,,,,,,,,,,0xFF01CC,1.0,2,0,122,
667,2,,,,,,,,,,,,,,,,,0xFF01FE,,,,,,,,,,,,,,,,,0xFF01CC,1.0,2,0,123,
668,2,,,,,,,,,,,,,,,,,0xFF01FE,,,,,,,,,,,,,,,,,0xFF01CC,1.0,2,0,124,
669,2,,,,,,,,,,,,,,,,,0xFF01FE,,,,,,,,,,,,,,,,,0xFF01CC,1.0,2,0,125,
670,2,,,,,,,,,,,,,,,,,0xFF01FE,,,,,,,,,,,,,,,,,0xFF01CC,1.0,2,0,126,
671,2,,,,,,,,,,,,,,,,,0xFF01FE,,,,,,,,,,,,,,,,,0xFF01CC,1.0,2,0,127,
672,2,,,,,,,,,,,,,,,,,0xFF01FE,,,,,,,,,,,,,,,,,0xFF01CC,1.0,2,0,128,
673,2,,,,,,,,,,,,,,,,,0xFF01FE,,,,,,,,,,,,,,,,,0xFF01CC,1.0,2,0,129,
674,2,,,,,,,,,,,,,,,,,0xFF01FE,,,,,,,,,,,,,,,,,0xFF01CC,1.0,2,0,130,
675,2,,,,,,,,,,,,,,,,,0xFF01FE,,,,,,,,,,,,,,,,,0xFF01CC,1.0,2,0,131,
676,2,,,,,,,,,,,,,,,,,0xFF01FE,,,,,,,,,,,,,,,,,0xFF01CC,1.0,2,0,132,
677,2,,,,,,,,,,,,,,,,,0xFF01FE,,,,,,,,,,,,,,,,,0xFF01CC,1.0,2,0,133,
678,2,,,,,,,,,,,,,,,,,0xFF01FE,,,,,,,,,,,,,,,,,0xFF01CC,1.0,2,0,134,
679,2,,,,,,,,,,,,,,,,,0xFF01FE,,,,,,,,,,,,,,,,,0xFF01CC,1.0,2,0,135,
680,2,,,,,,,,,,,,,,,,,0xFF01FE,,,,,,,,,,,,,,,,,0xFF01CC,1.0,2,0,136,
681,2,,,,,,,,,,,,,,,,,0xFF01FE,,,,,,,,,,,,,,,,,0xFF01CC,1.0,2,0,137,
682,2,,,,,,,,,,,,,,,,,0xFF01FE,,,,,,,,,,,,,,,,,0xFF01CC,1.0,2,0,138,
683,2,,,,,,,,,,,,,,,,,0xFF01FE,,,,,,,,,,,,,,,,,0xFF01CC,1.0,2,0,139,
684,2,,,,,,,,,,,,,,,,,0xFF01FE,,,,,,,,,,,,,,,,,0xFF01CC,1.0,2,0,140,
685,2,,,,,,,,,,,,,,,,,0xFF01FE,,,,,,,,,,,,,,,,,0xFF01CC,1.0,2,0,141,
686,2,,,,,,,,,,,,,,,,,0xFF01FE,,,,,,,,,,,,,,,,,0xFF01CC,1.0,2,0,142,
687,2,,,,,,,,,,,,,,,,,0xFF01FE,,,,,,,,,,,,,,,,,0xFF01CC,1.0,2,0,143,
688,2,,,,,,,,,,,,,,,,,0xFF01FE,,,,,,,,,,,,,,,,,0xFF01CC,1.0,2,0,144,
689,2,,,,,,,,,,,,,,,,,0xFF01FE,,,,,,,,,,,,,,,,,0xFF01CC,1.0,2,0,145,
690,2,,,,,,,,,,,,,,,,,0xFF01FE,,,,,,,,,,,,,,,,,0xFF01CC,1.0,2,0,146,
691,2,,,,,,,,,,,,,,,,,0xFF01FE,,,,,,,,,,,,,,,,,0xFF01CC,1.0,2,0,147,
692,2,,,,,,,,,,,,,,,,,0xFF01FE,,,,,,,,,,,,,,,,,0xFF01CC,1.0,2,0,148,
693,2,,,,,,,,,,,,,,,,,0xFF01FE,,,,,,,,,,,,,,,,,0xFF01CC,1.0,2,0,149,
694,2,,,,,,,,,,,,,,,,,0xFF01FE,,,,,,,,,,,,,,,,,0xFF01CC,1.0,2,0,150,
695,2,,,,,,,,,,,,,,,,,0xFF01FE,,,,,,,,,,,,,,,,,0xFF01CC,1.0,2,0,151,
696,2,,,,,,,,,,,,,,,,,0xFF01FE,,,,,,,,,,,,,,,,,0xFF01CC,1.0,2,0,152,
697,2,,,,,,,,,,,,,,,,,0xFF01FE,,,,,,,,,,,,,,,,,0xFF01CC,1.0,2,0,153,
698,2,,,,,,,,,,,,,,,,,0xFF01FE,,,,,,,,,,,,,,,,,0xFF01CC,1.0,2,0,154,
699,2,,,,,,,,,,,,,,,,,0xFF01FE,,,,,,,,,,,,,,,,,0xFF01CC,1.0,2,0,155,
700,2,,,,,,,,,,,,,,,,,0xFF01FE,,,,,,,,,,,,,,,,,0xFF01CC,1.0,2,0,156,
701,2,,,,,,,,,,,,,,,,,0xFF01FE,,,,,,,,,,,,,,,,,0xFF01CC,1.0,2,0,157,
702,2,,,,,,,,,,,,,,,,,0xFF01FE,,,,,,,,,,,,,,,,,0xFF01CC,1.0,2,0,158,
703,2,,,,,,,,,,,,,,,,,0xFF01FE,,,,,,,,,,,,,,,,,0xFF01CC,1.0,2,0,159,
704,2,,,,,,,,,,,,,,,,,0xFF01FE,,,,,,,,,,,,,,,,,0xFF01CC,1.0,2,0,160,
705,2,,,,,,,,,,,,,,,,,0xFF01FE,,,,,,,,,,,,,,,,,0xFF01CC,1.0,2,0,161,
706,2,,,,,,,,,,,,,,,,,0xFF01FE,,,,,,,,,,,,,,,,,0xFF01CC,1.0,2,0,162,
707,2,,,,,,,,,,,,,,,,,0xFF01FE,,,,,,,,,,,,,,,,,0xFF01CC,1.0,2,0,163,
708,2,,,,,,,,,,,,,,,,,0xFF01FE,,,,,,,,,,,,,,,,,0xFF01CC,1.0,2,0,164,
709,2,,,,,,,,,,,,,,,,,0xFF01FE,,,,,,,,,,,,,,,,,0xFF01CC,1.0,2,0,165,
710,2,,,,,,,,,,,,,,,,,0xFF01FE,,,,,,,,,,,,,,,,,0xFF01CC,1.0,2,0,166,
711,2,,,,,,,,,,,,,,,,,0xFF01FE,,,,,,,,,,,,,,,,,0xFF01CC,1.0,2,0,167,
712,2,,,,,,,,,,,,,,,,,0xFF01FE,,,,,,,,,,,,,,,,,0xFF01CC,1.0,2,0,168,
713,2,,,,,,,,,,,,,,,,,0xFF01FE,,,,,,,,,,,,,,,,,0xFF01CC,1.0,2,0,169,
714,2,,,,,,,,,,,,,,,,,0xFF01FE,,,,,,,,,,,,,,,,,0xFF01CC,1.0,2,0,170,
715,2,,,,,,,,,,,,,,,,,0xFF01FE,,,,,,,,,,,,,,,,,0xFF01CC,1.0,2,0,171,
716,2,,,,,,,,,,,,,,,,,0xFF01FE,,,,,,,,,,,,,,,,,0xFF01CC,1.0,2,0,172,
717,2,,,,,,,,,,,,,,,,,0xFF01FE,,,,,,,,,,,,,,,,,0xFF01CC,1.0,2,0,173,
718,2,,,,,,,,,,,,,,,,,0xFF01FE,,,,,,,,,,,,,,,,,0xFF01CC,1.0,2,0,174,
719,2,,,,,,,,,,,,,,,,,0xFF01FE,,,,,,,,,,,,,,,,,0xFF01CC,1.0,2,0,175,
720,2,,,,,,,,,,,,,,,,,0xFF01FE,,,,,,,,,,,,,,,,,0xFF01CC,1.0,2,0,176,
721,2,,,,,,,,,,,,,,,,,0xFF01FE,,,,,,,,,,,,,,,,,0xFF01CC,1.0,2,0,177,
722,2,,,,,,,,,,,,,,,,,0xFF01FE,,,,,,,,,,,,,,,,,0xFF01CC,1.0,2,0,178,
723,2,,,,,,,,,,,,,,,,,0xFF01FE,,,,,,,,,,,,,,,,,0xFF01CC,1.0,2,0,179,
724,2,,,,,,,,,,,,,,,,,0xFF01FE,,,,,,,,,,,,,,,,,0xFF01CC,1.0,2,0,180,
725,2,,,,,,,,,,,,,,,,,0xFF01FE,,,,,,,,,,,,,,,,,0xFF01CC,1.0,2,0,181,
726,2,,,,,,,,,,,,,,,,,0xFF01FE,,,,,,,,,,,,,,,,,0xFF01CC,1.0,2,0,182,
727,2,,,,,,,,,,,,,,,,,0xFF01FE,,,,,,,,,,,,,,,,,0xFF01CC,1.0,2,0,183,
728,2,,,,,,,,,,,,,,,,,0xFF01FE,,,,,,,,,,,,,,,,,0xFF01CC,1.0,2,0,184,
729,2,,,,,,,,,,,,,,,,,0xFF01FE,,,,,,,,,,,,,,,,,0xFF01CC,1.0,2,0,185,
730,2,,,,,,,,,,,,,,,,,0xFF01FE,,,,,,,,,,,,,,,,,0xFF01CC,1.0,2,0,186,
731,2,,,,,,,,,,,,,,,,,0xFF01FE,,,,,,,,,,,,,,,,,0xFF01CC,1.0,2,0,187,
732,2,,,,,,,,,,,,,,,,,0xFF01FE,,,,,,,,,,,,,,,,,0xFF01CC,1.0,2,0,188,
733,2,,,,,,,,,,,,,,,,,0xFF01FE,,,,,,,,,,,,,,,,,0xFF01CC,1.0,2,0,189,
734,2,,,,,,,,,,,,,,,,,0xFF01FE,,,,,,,,,,,,,,,,,0xFF01CC,1.0,2,0,190,
735,2,,,,,,,,,,,,,,,,,0xFF01FE,,,,,,,,,,,,,,,,,0xFF01CC,1.0,2,0,191,
736,2,,,,,,,,,,,,,,,,,0xFF01FE,,,,,,,,,,,,,,,,,0xFF01CC,1.0,2,0,192,
737,2,,,,,,,,,,,,,,,,,0xFF01FE,,,,,,,,,,,,,,,,,0xFF01CC,1.0,2,0,193,
738,2,,,,,,,,,,,,,,,,,0xFF01FE,,,,,,,,,,,,,,,,,0xFF01CC,1.0,2,0,194,
739,2,,,,,,,,,,,,,,,,,0xFF01FE,,,,,,,,,,,,,,,,,0xFF01CC,1.0,2,0,195,
740,2,,,,,,,,,,,,,,,,,0xFF01FE,,,,,,,,,,,,,,,,,0xFF01CC,1.0,2,0,196,
741,2,,,,,,,,,,,,,,,,,0xFF01FE,,,,,,,,,,,,,,,,,0xFF01CC,1.0,2,0,197,
742,2,,,,,,,,,,,,,,,,,0xFF01FE,,,,,,,,,,,,,,,,,0xFF01CC,1.0,2,0,198,
743,2,,,,,,,,,,,,,,,,,0xFF01FE,,,,,,,,,,,,,,,,,0xFF01CC,1.0,2,0,199,
744,2,,,,,,,,,,,,,,,,,0xFF01FE,,,,,,,,,,,,,,,,,0xFF01CC,1.0,2,0,200,
745,2,,,,,,,,,,,,,,,,,0xFF01FE,,,,,,,,,,,,,,,,,0xFF01CC,1.0,2,0,201,
746,2,,,,,,,,,,,,,,,,,0xFF01FE,,,,,,,,,,,,,,,,,0xFF01CC,1.0,2,0,202,
747,2,,,,,,,,,,,,,,,,,0xFF01FE,,,,,,,,,,,,,,,,,0xFF01CC,1.0,2,0,203,
748,2,,,,,,,,,,,,,,,,,0xFF01FE,,,,,,,,,,,,,,,,,0xFF01CC,1.0,2,0,204,
749,2,,,,,,,,,,,,,,,,,0xFF01FE,,,,,,,,,,,,,,,,,0xFF01CC,1.0,2,0,205,
750,2,,,,,,,,,,,,,,,,,0xFF01FE,,,,,,,,,,,,,,,,,0xFF01CC,1.0,2,0,206,
751,2,,,,,,,,,,,,,,,,,0xFF01FE,,,,,,,,,,,,,,,,,0xFF01CC,1.0,2,0,207,
752,2,,,,,,,,,,,,,,,,,0xFF01FE,,,,,,,,,,,,,,,,,0xFF01CC,1.0,2,0,208,
753,2,,,,,,,,,,,,,,,,,0xFF01FE,,,,,,,,,,,,,,,,,0xFF01CC,1.0,2,0,209,
754,2,,,,,,,,,,,,,,,,,0xFF01FE,,,,,,,,,,,,,,,,,0xFF01CC,1.0,2,0,210,
755,2,,,,,,,,,,,,,,,,,0xFF01FE,,,,,,,,,,,,,,,,,0xFF01CC,1.0,2,0,211,
756,2,,,,,,,,,,,,,,,,,0xFF01FE,,,,,,,,,,,,,,,,,0xFF01CC,1.0,2,0,212,
757,2,,,,,,,,,,,,,,,,,0xFF01FE,,,,,,,,,,,,,,,,,0xFF01CC,1.0,2,0,213,
758,2,,,,,,,,,,,,,,,,,0xFF01FE,,,,,,,,,,,,,,,,,0xFF01CC,1.0,2,0,214,
759,2,,,,,,,,,,,,,,,,,0xFF01FE,,,,,,,,,,,,,,,,,0xFF01CC,1.0,2,0,215,
760,2,,,,,,,,,,,,,,,,,0xFF01FE,,,,,,,,,,,,,,,,,0xFF01CC,1.0,2,0,216,
761,2,,,,,,,,,,,,,,,,,0xFF01FE,,,,,,,,,,,,,,,,,0xFF01CC,1.0,2,0,217,
762,2,,,,,,,,,,,,,,,,,0xFF01FE,,,,,,,,,,,,,,,,,0xFF01CC,1.0,2,0,218,
763,2,,,,,,,,,,,,,,,,,0xFF01FE,,,,,,,,,,,,,,,,,0xFF01CC,1.0,2,0,219,
764,2,,,,,,,,,,,,,,,,,0xFF01FE,,,,,,,,,,,,,,,,,0xFF01CC,1.0,2,0,220,
765,2,,,,,,,,,,,,,,,,,0xFF01FE,,,,,,,,,,,,,,,,,0xFF01CC,1.0,2,0,221,
766,2,,,,,,,,,,,,,,,,,0xFF01FE,,,,,,,,,,,,,,,,,0xFF01CC,1.0,2,0,222,
767,2,,,,,,,,,,,,,,,,,0xFF01FE,,,,,,,,,,,,,,,,,0xFF01CC,1.0,2,0,223,
768,2,,,,,,,,,,,,,,,,,0xFF01FE,,,,,,,,,,,,,,,,,0xFF01CC,1.0,2,0,224,
769,2,,,,,,,,,,,,,,,,,0xFF01FE,,,,,,,,,,,,,,,,,0xFF01CC,1.0,2,0,225,
770,2,,,,,,,,,,,,,,,,,0xFF01FE,,,,,,,,,,,,,,,,,0xFF01CC,1.0,2,0,226,
771,2,,,,,,,,,,,,,,,,,0xFF01FE,,,,,,,,,,,,,,,,,0xFF01CC,1.0,2,0,227,
772,2,,,,,,,,,,,,,,,,,0xFF01FE,,,,,,,,,,,,,,,,,0xFF01CC,1.0,2,0,228,
773,2,,,,,,,,,,,,,,,,,0xFF01FE,,,,,,,,,,,,,,,,,0xFF01CC,1.0,2,0,229,
774,2,,,,,,,,,,,,,,,,,0xFF01FE,,,,,,,,,,,,,,,,,0xFF01CC,1.0,2,0,230,
775,2,,,,,,,,,,,,,,,,,0xFF01FE,,,,,,,,,,,,,,,,,0xFF01CC,1.0,2,0,231,
776,2,,,,,,,,,,,,,,,,,0xFF01FE,,,,,,,,,,,,,,,,,0xFF01CC,1.0,2,0,232,
777,2,,,,,,,,,,,,,,,,,0xFF01FE,,,,,,,,,,,,,,,,,0xFF01CC,1.0,2,0,233,
778,2,,,,,,,,,,,,,,,,,0xFF01FE,,,,,,,,,,,,,,,,,0xFF01CC,1.0,2,0,234,
779,2,,,,,,,,,,,,,,,,,0xFF01FE,,,,,,,,,,,,,,,,,0xFF01CC,1.0,2,0,235,
780,2,,,,,,,,,,,,,,,,,0xFF01FE,,,,,,,,,,,,,,,,,0xFF01CC,1.0,2,0,236,
781,2,,,,,,,,,,,,,,,,,0xFF01FE,,,,,,,,,,,,,,,,,0xFF01CC,1.0,2,0,237,
782,2,,,,,,,,,,,,,,,,,0xFF01FE,,,,,,,,,,,,,,,,,0xFF01CC,1.0,2,0,238,
783,2,,,,,,,,,,,,,,,,,0xFF01FE,,,,,,,,,,,,,,,,,0xFF01CC,1.0,2,0,239,
784,2,,,,,,,,,,,,,,,,,0xFF01FE,,,,,,,,,,,,,,,,,0xFF01CC,1.0,2,0,240,
785,2,,,,,,,,,,,,,,,,,0xFF01FE,,,,,,,,,,,,,,,,,0xFF01CC,1.0,2,0,241,
786,2,,,,,,,,,,,,,,,,,0xFF01FE,,,,,,,,,,,,,,,,,0xFF01CC,1.0,2,0,242,
787,2,,,,,,,,,,,,,,,,,0xFF01FE,,,,,,,,,,,,,,,,,0xFF01CC,1.0,2,0,243,
788,2,,,,,,,,,,,,,,,,,0xFF01FE,,,,,,,,,,,,,,,,,0xFF01CC,1.0,2,0,244,
789,2,,,,,,,,,,,,,,,,,0xFF01FE,,,,,,,,,,,,,,,,,0xFF01CC,1.0,2,0,245,
790,2,,,,,,,,,,,,,,,,,0xFF01FE,,,,,,,,,,,,,,,,,0xFF01CC,1.0,2,0,246,
791,2,,,,,,,,,,,,,,,,,0xFF01FE,,,,,,,,,,,,,,,,,0xFF01CC,1.0,2,0,247,
792,2,,,,,,,,,,,,,,,,,0xFF01FE,,,,,,,,,,,,,,,,,0xFF01CC,1.0,2,0,248,
793,2,,,,,,,,,,,,,,,,,0xFF01FE,,,,,,,,,,,,,,,,,0xFF01CC,1.0,2,0,249,
794,2,,,,,,,,,,,,,,,,,0xFF01FE,,,,,,,,,,,,,,,,,0xFF01CC,1.0,2,0,250,
795,2,,,,,,,,,,,,,,,,,0xFF01FE,,,,,,,,,,,,,,,,,0xFF01CC,1.0,2,0,251,
796,0,,,,,,,,,,,,,,,,,0xFF01FE,,,,,,,,,,,,,,,,,0xFF01CC,1.0,2,1,0,
797,0,,,,,,,,,,,,,,,,,0xFF01FE,,,,,,,,,,,,,,,,,0xFF01CC,1.0,2,1,1,
798,0,,,,,,,,,,,,,,,,,0xFF01FE,,,,,,,,,,,,,,,,,0xFF01CC,1.0,2,1,2,
799,0,,,,,,,,,,,,,,,,,0xFF01FE,,,,,,,,,,,,,,,,,0xFF01CC,1.0,2,1,3,
800,0,,,,,,,,,,,,,,,,,0xFF01FE,,,,,,,,,,,,,,,,,0xFF01CC,1.0,2,1,4,
801,0,,,,,,,,,,,,,,,,,0xFF01FE,,,,,,,,,,,,,,,,,0xFF01CC,1.0,2,1,5,
802,0,,,,,,,,,,,,,,,,,0xFF01FE,,,,,,,,,,,,,,,,,0xFF01CC,1.0,2,1,6,
803,0,,,,,,,,,,,,,,,,,0xFF01FE,,,,,,,,,,,,,,,,,0xFF01CC,1.0,2,1,7,
804,0,,,,,,,,,,,,,,,,,0xFF01FE,,,,,,,,,,,,,,,,,0xFEFFCFCD,1.0,2,1,8,
805,0,,,,,,,,,,,,,,,,,0xFF01FE,,,,,,,,,,,,,,,,,0xFEFFCFCD,1.0,2,1,9,
806,0,,,,,,,,,,,,,,,,,0xFF01FE,,,,,,,,,,,,,,,,,0xFEFFCFCD,1.0,2,1,10,
807,0,,,,,,,,,,,,,,,,,0xFF01FE,,,,,,,,,,,,,,,,,0xFEFFCFCD,1.0,2,1,11,
808,0,,,,,,,,,,,,,,,,,0xFF01FE,,,,,,,,,,,,,,,,,0x92FF1FFC,1.0,2,1,12,
809,0,,,,,,,,,,,,,,,,,0xFF01FE,,,,,,,,,,,,,,,,,0x92FF1FFC,1.0,2,1,13,
810,0,,,,,,,,,,,,,,,,,0xFF01FE,,,,,,,,,,,,,,,,,0x92FF1FFC,1.0,2,1,14,
811,0,,,,,,,,,,,,,,,,,0xFF01FE,,,,,,,,,,,,,,,,,0x92FF1FFC,1.0,2,1,15,
812,0,,,,,,,,,,,,,,,,,0xFF01FE,,,,,,,,,,,,,,,,,0x92FF1FFC,1.0,2,1,16,
813,0,,,,,,,,,,,,,,,,,0xFF01FE,,,,,,,,,,,,,,,,,0x92FF1FFC,1.0,2,1,17,
814,0,,,,,,,,,,,,,,,,,0xFF01FE,,,,,,,,,,,,,,,,,0x92FF1FFC,1.0,2,1,18,
815,0,,,,,,,,,,,,,,,,,0xFF01FE,,,,,,,,,,,,,,,,,0x92FF1FFC,1.0,2,1,19,
816,0,,,,,,,,,,,,,,,,,0xFF01FE,,,,,,,,,,,,,,,,,0x92FF1FFC,1.0,2,1,20,
817,0,,,,,,,,,,,,,,,,,0xFF01FE,,,,,,,,,,,,,,,,,0x92FF1FFC,1.0,2,1,21,
818,0,,,,,,,,,,,,,,,,,0xFF01FE,,,,,,,,,,,,,,,,,0x92FF1FFC,1.0,2,1,22,
819,0,,,,,,,,,,,,,,,,,0xFF01FE,,,,,,,,,,,,,,,,,0x92FF1FFC,1.0,2,1,23,
820,2,,,,,,,,,,,,,,,,,0xFF01FE,,,,,,,,,,,,,,,,,0xFF01CC,1.0,2,1,0,
821,2,,,,,,,,,,,,,,,,,0xFF01FE,,,,,,,,,,,,,,,,,0xFF01CC,1.0,2,1,1,
822,2,,,,,,,,,,,,,,,,,0xFF01FE,,,,,,,,,,,,,,,,,0xFF01CC,1.0,2,1,2,
823,2,,,,,,,,,,,,,,,,,0xFF01FE,,,,,,,,,,,,,,,,,0xFF01CC,1.0,2,1,3,
824,2,,,,,,,,,,,,,,,,,0xFF01FE,,,,,,,,,,,,,,,,,0xFF01CC,1.0,2,1,4,
825,2,,,,,,,,,,,,,,,,,0xFF01FE,,,,,,,,,,,,,,,,,0xFF01CC,1.0,2,1,5,
826,2,,,,,,,,,,,,,,,,,0xFF01FE,,,,,,,,,,,,,,,,,0xFF01CC,1.0,2,1,6,
827,2,,,,,,,,,,,,,,,,,0xFF01FE,,,,,,,,,,,,,,,,,0xFF01CC,1.0,2,1,7,
828,2,,,,,,,,,,,,,,,,,0xFF01FE,,,,,,,,,,,,,,,,,0xFF01CC,1.0,2,1,8,
829,2,,,,,,,,,,,,,,,,,0xFF01FE,,,,,,,,,,,,,,,,,0xFF01CC,1.0,2,1,9,
830,2,,,,,,,,,,,,,,,,,0xFF01FE,,,,,,,,,,,,,,,,,0xFF01CC,1.0,2,1,10,
831,2,,,,,,,,,,,,,,,,,0xFF01FE,,,,,,,,,,,,,,,,,0xFF01CC,1.0,2,1,11,
832,2,,,,,,,,,,,,,,,,,0xFF01FE,,,,,,,,,,,,,,,,,0xFF01CC,1.0,2,1,12,
833,2,,,,,,,,,,,,,,,,,0xFF01FE,,,,,,,,,,,,,,,,,0xFF01CC,1.0,2,1,13,
834,2,,,,,,,,,,,,,,,,,0xFF01FE,,,,,,,,,,,,,,,,,0xFF01CC,1.0,2,1,14,
835,2,,,,,,,,,,,,,,,,,0xFF01FE,,,,,,,,,,,,,,,,,0xFF01CC,1.0,2,1,15,
836,2,,,,,,,,,,,,,,,,,0xFF01FE,,,,,,,,,,,,,,,,,0xFF01CC,1.0,2,1,16,
837,2,,,,,,,,,,,,,,,,,0xFF01FE,,,,,,,,,,,,,,,,,0xFF01CC,1.0,2,1,17,
838,2,,,,,,,,,,,,,,,,,0xFF01FE,,,,,,,,,,,,,,,,,0xFF01CC,1.0,2,1,18,
839,2,,,,,,,,,,,,,,,,,0xFF01FE,,,,,,,,,,,,,,,,,0xFF01CC,1.0,2,1,19,
840,2,,,,,,,,,,,,,,,,,0xFF01FE,,,,,,,,,,,,,,,,,0xFF01CC,1.0,2,1,20,
841,2,,,,,,,,,,,,,,,,,0xFF01FE,,,,,,,,,,,,,,,,,0xFF01CC,1.0,2,1,21,
842,2,,,,,,,,,,,,,,,,,0xFF01FE,,,,,,,,,,,,,,,,,0xFF01CC,1.0,2,1,22,
843,2,,,,,,,,,,,,,,,,,0xFF01FE,,,,,,,,,,,,,,,,,0xFF01CC,1.0,2,1,23,
844,2,,,,,,,,,,,,,,,,,0xFF01FE,,,,,,,,,,,,,,,,,0xFF01CC,1.0,2,1,24,
845,2,,,,,,,,,,,,,,,,,0xFF01FE,,,,,,,,,,,,,,,,,0xFF01CC,1.0,2,1,25,
846,2,,,,,,,,,,,,,,,,,0xFF01FE,,,,,,,,,,,,,,,,,0xFF01CC,1.0,2,1,26,
847,2,,,,,,,,,,,,,,,,,0xFF01FE,,,,,,,,,,,,,,,,,0xFF01CC,1.0,2,1,27,
848,2,,,,,,,,,,,,,,,,,0xFF01FE,,,,,,,,,,,,,,,,,0xFF01CC,1.0,2,1,28,
849,2,,,,,,,,,,,,,,,,,0xFF01FE,,,,,,,,,,,,,,,,,0xFF01CC,1.0,2,1,29,
850,2,,,,,,,,,,,,,,,,,0xFF01FE,,,,,,,,,,,,,,,,,0xFF01CC,1.0,2,1,30,
851,2,,,,,,,,,,,,,,,,,0xFF01FE,,,,,,,,,,,,,,,,,0xFF01CC,1.0,2,1,31,
852,2,,,,,,,,,,,,,,,,,0xFF01FE,,,,,,,,,,,,,,,,,0xFF01CC,1.0,2,1,32,
853,2,,,,,,,,,,,,,,,,,0xFF01FE,,,,,,,,,,,,,,,,,0xFF01CC,1.0,2,1,33,
854,2,,,,,,,,,,,,,,,,,0xFF01FE,,,,,,,,,,,,,,,,,0xFF01CC,1.0,2,1,34,
855,2,,,,,,,,,,,,,,,,,0xFF01FE,,,,,,,,,,,,,,,,,0xFF01CC,1.0,2,1,35,
856,2,,,,,,,,,,,,,,,,,0xFF01FE,,,,,,,,,,,,,,,,,0xFF01CC,1.0,2,1,36,
857,2,,,,,,,,,,,,,,,,,0xFF01FE,,,,,,,,,,,,,,,,,0xFF01CC,1.0,2,1,37,
858,2,,,,,,,,,,,,,,,,,0xFF01FE,,,,,,,,,,,,,,,,,0xFF01CC,1.0,2,1,38,
859,2,,,,,,,,,,,,,,,,,0xFF01FE,,,,,,,,,,,,,,,,,0xFF01CC,1.0,2,1,39,
860,2,,,,,,,,,,,,,,,,,0xFF01FE,,,,,,,,,,,,,,,,,0xFF01CC,1.0,2,1,40,
861,2,,,,,,,,,,,,,,,,,0xFF01FE,,,,,,,,,,,,,,,,,0xFF01CC,1.0,2,1,41,
862,2,,,,,,,,,,,,,,,,,0xFF01FE,,,,,,,,,,,,,,,,,0xFF01CC,1.0,2,1,42,
863,2,,,,,,,,,,,,,,,,,0xFF01FE,,,,,,,,,,,,,,,,,0xFF01CC,1.0,2,1,43,
864,2,,,,,,,,,,,,,,,,,0xFF01FE,,,,,,,,,,,,,,,,,0xFF01CC,1.0,2,1,44,
865,2,,,,,,,,,,,,,,,,,0xFF01FE,,,,,,,,,,,,,,,,,0xFF01CC,1.0,2,1,45,
866,2,,,,,,,,,,,,,,,,,0xFF01FE,,,,,,,,,,,,,,,,,0xFF01CC,1.0,2,1,46,
867,2,,,,,,,,,,,,,,,,,0xFF01FE,,,,,,,,,,,,,,,,,0xFF01CC,1.0,2,1,47,
868,2,,,,,,,,,,,,,,,,,0xFF01FE,,,,,,,,,,,,,,,,,0xFF01CC,1.0,2,1,48,
869,2,,,,,,,,,,,,,,,,,0xFF01FE,,,,,,,,,,,,,,,,,0xFF01CC,1.0,2,1,49,
870,2,,,,,,,,,,,,,,,,,0xFF01FE,,,,,,,,,,,,,,,,,0xFF01CC,1.0,2,1,50,
871,2,,,,,,,,,,,,,,,,,0xFF01FE,,,,,,,,,,,,,,,,,0xFF01CC,1.0,2,1,51,
872,2,,,,,,,,,,,,,,,,,0xFF01FE,,,,,,,,,,,,,,,,,0xFF01CC,1.0,2,1,52,
873,2,,,,,,,,,,,,,,,,,0xFF01FE,,,,,,,,,,,,,,,,,0xFF01CC,1.0,2,1,53,
874,2,,,,,,,,,,,,,,,,,0xFF01FE,,,,,,,,,,,,,,,,,0xFF01CC,1.0,2,1,54,
875,2,,,,,,,,,,,,,,,,,0xFF01FE,,,,,,,,,,,,,,,,,0xFF01CC,1.0,2,1,55,
876,2,,,,,,,,,,,,,,,,,0xFF01FE,,,,,,,,,,,,,,,,,0xFF01CC,1.0,2,1,56,
877,2,,,,,,,,,,,,,,,,,0xFF01FE,,,,,,,,,,,,,,,,,0xFF01CC,1.0,2,1,57,
878,2,,,,,,,,,,,,,,,,,0xFF01FE,,,,,,,,,,,,,,,,,0xFF01CC,1.0,2,1,58,
879,2,,,,,,,,,,,,,,,,,0xFF01FE,,,,,,,,,,,,,,,,,0xFF01CC,1.0,2,1,59,
880,2,,,,,,,,,,,,,,,,,0xFF01FE,,,,,,,,,,,,,,,,,0xFF01CC,1.0,2,1,60,
881,2,,,,,,,,,,,,,,,,,0xFF01FE,,,,,,,,,,,,,,,,,0xFF01CC,1.0,2,1,61,
882,2,,,,,,,,,,,,,,,,,0xFF01FE,,,,,,,,,,,,,,,,,0xFF01CC,1.0,2,1,62,
883,2,,,,,,,,,,,,,,,,,0xFF01FE,,,,,,,,,,,,,,,,,0xFF01CC,1.0,2,1,63,
884,2,,,,,,,,,,,,,,,,,0xFF01FE,,,,,,,,,,,,,,,,,0xFF01CC,1.0,2,1,64,
885,2,,,,,,,,,,,,,,,,,0xFF01FE,,,,,,,,,,,,,,,,,0xFF01CC,1.0,2,1,65,
886,2,,,,,,,,,,,,,,,,,0xFF01FE,,,,,,,,,,,,,,,,,0xFF01CC,1.0,2,1,66,
887,2,,,,,,,,,,,,,,,,,0xFF01FE,,,,,,,,,,,,,,,,,0xFF01CC,1.0,2,1,67,
888,2,,,,,,,,,,,,,,,,,0xFF01FE,,,,,,,,,,,,,,,,,0xFF01CC,1.0,2,1,68,
889,2,,,,,,,,,,,,,,,,,0xFF01FE,,,,,,,,,,,,,,,,,0xFF01CC,1.0,2,1,69,
890,2,,,,,,,,,,,,,,,,,0xFF01FE,,,,,,,,,,,,,,,,,0xFF01CC,1.0,2,1,70,
891,2,,,,,,,,,,,,,,,,,0xFF01FE,,,,,,,,,,,,,,,,,0xFF01CC,1.0,2,1,71,
892,2,,,,,,,,,,,,,,,,,0xFF01FE,,,,,,,,,,,,,,,,,0xFF01CC,1.0,2,1,72,
893,2,,,,,,,,,,,,,,,,,0xFF01FE,,,,,,,,,,,,,,,,,0xFF01CC,1.0,2,1,73,
894,2,,,,,,,,,,,,,,,,,0xFF01FE,,,,,,,,,,,,,,,,,0xFF01CC,1.0,2,1,74,
895,2,,,,,,,,,,,,,,,,,0xFF01FE,,,,,,,,,,,,,,,,,0xFF01CC,1.0,2,1,75,
896,2,,,,,,,,,,,,,,,,,0xFF01FE,,,,,,,,,,,,,,,,,0xFF01CC,1.0,2,1,76,
897,2,,,,,,,,,,,,,,,,,0xFF01FE,,,,,,,,,,,,,,,,,0xFF01CC,1.0,2,1,77,
898,2,,,,,,,,,,,,,,,,,0xFF01FE,,,,,,,,,,,,,,,,,0xFF01CC,1.0,2,1,78,
899,2,,,,,,,,,,,,,,,,,0xFF01FE,,,,,,,,,,,,,,,,,0xFF01CC,1.0,2,1,79,
900,2,,,,,,,,,,,,,,,,,0xFF01FE,,,,,,,,,,,,,,,,,0xFF01CC,1.0,2,1,80,
901,2,,,,,,,,,,,,,,,,,0xFF01FE,,,,,,,,,,,,,,,,,0xFF01CC,1.0,2,1,81,
902,2,,,,,,,,,,,,,,,,,0xFF01FE,,,,,,,,,,,,,,,,,0xFF01CC,1.0,2,1,82,
903,2,,,,,,,,,,,,,,,,,0xFF01FE,,,,,,,,,,,,,,,,,0xFF01CC,1.0,2,1,83,
904,2,,,,,,,,,,,,,,,,,0xFF01FE,,,,,,,,,,,,,,,,,0xFF01CC,1.0,2,1,84,
905,2,,,,,,,,,,,,,,,,,0xFF01FE,,,,,,,,,,,,,,,,,0xFF01CC,1.0,2,1,85,
906,2,,,,,,,,,,,,,,,,,0xFF01FE,,,,,,,,,,,,,,,,,0xFF01CC,1.0,2,1,86,
907,2,,,,,,,,,,,,,,,,,0xFF01FE,,,,,,,,,,,,,,,,,0xFF01CC,1.0,2,1,87,
908,2,,,,,,,,,,,,,,,,,0xFF01FE,,,,,,,,,,,,,,,,,0xFF01CC,1.0,2,1,88,
909,2,,,,,,,,,,,,,,,,,0xFF01FE,,,,,,,,,,,,,,,,,0xFF01CC,1.0,2,1,89,
910,2,,,,,,,,,,,,,,,,,0xFF01FE,,,,,,,,,,,,,,,,,0xFF01CC,1.0,2,1,90,
911,2,,,,,,,,,,,,,,,,,0xFF01FE,,,,,,,,,,,,,,,,,0xFF01CC,1.0,2,1,91,
912,2,,,,,,,,,,,,,,,,,0xFF01FE,,,,,,,,,,,,,,,,,0xFF01CC,1.0,2,1,92,
913,2,,,,,,,,,,,,,,,,,0xFF01FE,,,,,,,,,,,,,,,,,0xFF01CC,1.0,2,1,93,
914,2,,,,,,,,,,,,,,,,,0xFF01FE,,,,,,,,,,,,,,,,,0xFF01CC,1.0,2,1,94,
915,2,,,,,,,,,,,,,,,,,0xFF01FE,,,,,,,,,,,,,,,,,0xFF01CC,1.0,2,1,95,
916,2,,,,,,,,,,,,,,,,,0xFF01FE,,,,,,,,,,,,,,,,,0xFF01CC,1.0,2,1,96,
917,2,,,,,,,,,,,,,,,,,0xFF01FE,,,,,,,,,,,,,,,,,0xFF01CC,1.0,2,1,97,
918,2,,,,,,,,,,,,,,,,,0xFF01FE,,,,,,,,,,,,,,,,,0xFF01CC,1.0,2,1,98,
919,2,,,,,,,,,,,,,,,,,0xFF01FE,,,,,,,,,,,,,,,,,0xFF01CC,1.0,2,1,99,
920,2,,,,,,,,,,,,,,,,,0xFF01FE,,,,,,,,,,,,,,,,,0xFF01CC,1.0,2,1,100,
921,2,,,,,,,,,,,,,,,,,0xFF01FE,,,,,,,,,,,,,,,,,0xFF01CC,1.0,2,1,101,
922,2,,,,,,,,,,,,,,,,,0xFF01FE,,,,,,,,,,,,,,,,,0xFF01CC,1.0,2,1,102,
923,2,,,,,,,,,,,,,,,,,0xFF01FE,,,,,,,,,,,,,,,,,0xFF01CC,1.0,2,1,103,
924,2,,,,,,,,,,,,,,,,,0xFF01FE,,,,,,,,,,,,,,,,,0xFF01CC,1.0,2,1,104,
925,2,,,,,,,,,,,,,,,,,0xFF01FE,,,,,,,,,,,,,,,,,0xFF01CC,1.0,2,1,105,
926,2,,,,,,,,,,,,,,,,,0xFF01FE,,,,,,,,,,,,,,,,,0xFF01CC,1.0,2,1,106,
927,2,,,,,,,,,,,,,,,,,0xFF01FE,,,,,,,,,,,,,,,,,0xFF01CC,1.0,2,1,107,
928,2,,,,,,,,,,,,,,,,,0xFF01FE,,,,,,,,,,,,,,,,,0xFF01CC,1.0,2,1,108,
929,2,,,,,,,,,,,,,,,,,0xFF01FE,,,,,,,,,,,,,,,,,0xFF01CC,1.0,2,1,109,
930,2,,,,,,,,,,,,,,,,,0xFF01FE,,,,,,,,,,,,,,,,,0xFF01CC,1.0,2,1,110,
931,2,,,,,,,,,,,,,,,,,0xFF01FE,,,,,,,,,,,,,,,,,0xFF01CC,1.0,2,1,111,
932,2,,,,,,,,,,,,,,,,,0xFF01FE,,,,,,,,,,,,,,,,,0xFF01CC,1.0,2,1,112,
933,2,,,,,,,,,,,,,,,,,0xFF01FE,,,,,,,,,,,,,,,,,0xFF01CC,1.0,2,1,113,
934,2,,,,,,,,,,,,,,,,,0xFF01FE,,,,,,,,,,,,,,,,,0xFF01CC,1.0,2,1,114,
935,2,,,,,,,,,,,,,,,,,0xFF01FE,,,,,,,,,,,,,,,,,0xFF01CC,1.0,2,1,115,
936,2,,,,,,,,,,,,,,,,,0xFF01FE,,,,,,,,,,,,,,,,,0xFF01CC,1.0,2,1,116,
937,2,,,,,,,,,,,,,,,,,0xFF01FE,,,,,,,,,,,,,,,,,0xFF01CC,1.0,2,1,117,
938,2,,,,,,,,,,,,,,,,,0xFF01FE,,,,,,,,,,,,,,,,,0xFF01CC,1.0,2,1,118,
939,2,,,,,,,,,,,,,,,,,0xFF01FE,,,,,,,,,,,,,,,,,0xFF01CC,1.0,2,1,119,
940,2,,,,,,,,,,,,,,,,,0xFF01FE,,,,,,,,,,,,,,,,,0xFF01CC,1.0,2,1,120,
941,2,,,,,,,,,,,,,,,,,0xFF01FE,,,,,,,,,,,,,,,,,0xFF01CC,1.0,2,1,121,
942,2,,,,,,,,,,,,,,,,,0xFF01FE,,,,,,,,,,,,,,,,,0xFF01CC,1.0,2,1,122,
943,2,,,,,,,,,,,,,,,,,0xFF01FE,,,,,,,,,,,,,,,,,0xFF01CC,1.0,2,1,123,
944,2,,,,,,,,,,,,,,,,,0xFF01FE,,,,,,,,,,,,,,,,,0xFF01CC,1.0,2,1,124,
945,2,,,,,,,,,,,,,,,,,0xFF01FE,,,,,,,,,,,,,,,,,0xFF01CC,1.0,2,1,125,
946,2,,,,,,,,,,,,,,,,,0xFF01FE,,,,,,,,,,,,,,,,,0xFF01CC,1.0,2,1,126,
947,2,,,,,,,,,,,,,,,,,0xFF01FE,,,,,,,,,,,,,,,,,0xFF01CC,1.0,2,1,127,
948,2,,,,,,,,,,,,,,,,,0xFF01FE,,,,,,,,,,,,,,,,,0xFF01CC,1.0,2,1,128,
949,2,,,,,,,,,,,,,,,,,0xFF01FE,,,,,,,,,,,,,,,,,0xFF01CC,1.0,2,1,129,
950,2,,,,,,,,,,,,,,,,,0xFF01FE,,,,,,,,,,,,,,,,,0xFF01CC,1.0,2,1,130,
951,2,,,,,,,,,,,,,,,,,0xFF01FE,,,,,,,,,,,,,,,,,0xFF01CC,1.0,2,1,131,
952,2,,,,,,,,,,,,,,,,,0xFF01FE,,,,,,,,,,,,,,,,,0xFF01CC,1.0,2,1,132,
953,2,,,,,,,,,,,,,,,,,0xFF01FE,,,,,,,,,,,,,,,,,0xFF01CC,1.0,2,1,133,
954,2,,,,,,,,,,,,,,,,,0xFF01FE,,,,,,,,,,,,,,,,,0xFF01CC,1.0,2,1,134,
955,2,,,,,,,,,,,,,,,,,0xFF01FE,,,,,,,,,,,,,,,,,0xFF01CC,1.0,2,1,135,
956,2,,,,,,,,,,,,,,,,,0xFF01FE,,,,,,,,,,,,,,,,,0xFF01CC,1.0,2,1,136,
957,2,,,,,,,,,,,,,,,,,0xFF01FE,,,,,,,,,,,,,,,,,0xFF01CC,1.0,2,1,137,
958,2,,,,,,,,,,,,,,,,,0xFF01FE,,,,,,,,,,,,,,,,,0xFF01CC,1.0,2,1,138,
959,2,,,,,,,,,,,,,,,,,0xFF01FE,,,,,,,,,,,,,,,,,0xFF01CC,1.0,2,1,139,
960,2,,,,,,,,,,,,,,,,,0xFF01FE,,,,,,,,,,,,,,,,,0xFF01CC,1.0,2,1,140,
961,2,,,,,,,,,,,,,,,,,0xFF01FE,,,,,,,,,,,,,,,,,0xFF01CC,1.0,2,1,141,
962,2,,,,,,,,,,,,,,,,,0xFF01FE,,,,,,,,,,,,,,,,,0xFF01CC,1.0,2,1,142,
963,2,,,,,,,,,,,,,,,,,0xFF01FE,,,,,,,,,,,,,,,,,0xFF01CC,1.0,2,1,143,
964,2,,,,,,,,,,,,,,,,,0xFF01FE,,,,,,,,,,,,,,,,,0xFF01CC,1.0,2,1,144,
965,2,,,,,,,,,,,,,,,,,0xFF01FE,,,,,,,,,,,,,,,,,0xFF01CC,1.0,2,1,145,
966,2,,,,,,,,,,,,,,,,,0xFF01FE,,,,,,,,,,,,,,,,,0xFF01CC,1.0,2,1,146,
967,2,,,,,,,,,,,,,,,,,0xFF01FE,,,,,,,,,,,,,,,,,0xFF01CC,1.0,2,1,147,
968,2,,,,,,,,,,,,,,,,,0xFF01FE,,,,,,,,,,,,,,,,,0xFF01CC,1.0,2,1,148,
969,2,,,,,,,,,,,,,,,,,0xFF01FE,,,,,,,,,,,,,,,,,0xFF01CC,1.0,2,1,149,
970,2,,,,,,,,,,,,,,,,,0xFF01FE,,,,,,,,,,,,,,,,,0xFF01CC,1.0,2,1,150,
971,2,,,,,,,,,,,,,,,,,0xFF01FE,,,,,,,,,,,,,,,,,0xFF01CC,1.0,2,1,151,
972,2,,,,,,,,,,,,,,,,,0xFF01FE,,,,,,,,,,,,,,,,,0xFF01CC,1.0,2,1,152,
973,2,,,,,,,,,,,,,,,,,0xFF01FE,,,,,,,,,,,,,,,,,0xFF01CC,1.0,2,1,153,
974,2,,,,,,,,,,,,,,,,,0xFF01FE,,,,,,,,,,,,,,,,,0xFF01CC,1.0,2,1,154,
975,2,,,,,,,,,,,,,,,,,0xFF01FE,,,,,,,,,,,,,,,,,0xFF01CC,1.0,2,1,155,
976,2,,,,,,,,,,,,,,,,,0xFF01FE,,,,,,,,,,,,,,,,,0xFF01CC,1.0,2,1,156,
977,2,,,,,,,,,,,,,,,,,0xFF01FE,,,,,,,,,,,,,,,,,0xFF01CC,1.0,2,1,157,
978,2,,,,,,,,,,,,,,,,,0xFF01FE,,,,,,,,,,,,,,,,,0xFF01CC,1.0,2,1,158,
979,2,,,,,,,,,,,,,,,,,0xFF01FE,,,,,,,,,,,,,,,,,0xFF01CC,1.0,2,1,159,
980,2,,,,,,,,,,,,,,,,,0xFF01FE,,,,,,,,,,,,,,,,,0xFF01CC,1.0,2,1,160,
981,2,,,,,,,,,,,,,,,,,0xFF01FE,,,,,,,,,,,,,,,,,0xFF01CC,1.0,2,1,161,
982,2,,,,,,,,,,,,,,,,,0xFF01FE,,,,,,,,,,,,,,,,,0xFF01CC,1.0,2,1,162,
983,2,,,,,,,,,,,,,,,,,0xFF01FE,,,,,,,,,,,,,,,,,0xFF01CC,1.0,2,1,163,
984,2,,,,,,,,,,,,,,,,,0xFF01FE,,,,,,,,,,,,,,,,,0xFF01CC,1.0,2,1,164,
985,2,,,,,,,,,,,,,,,,,0xFF01FE,,,,,,,,,,,,,,,,,0xFF01CC,1.0,2,1,165,
986,2,,,,,,,,,,,,,,,,,0xFF01FE,,,,,,,,,,,,,,,,,0xFF01CC,1.0,2,1,166,
987,2,,,,,,,,,,,,,,,,,0xFF01FE,,,,,,,,,,,,,,,,,0xFF01CC,1.0,2,1,167,
988,2,,,,,,,,,,,,,,,,,0xFF01FE,,,,,,,,,,,,,,,,,0xFF01CC,1.0,2,1,168,
989,2,,,,,,,,,,,,,,,,,0xFF01FE,,,,,,,,,,,,,,,,,0xFF01CC,1.0,2,1,169,
990,2,,,,,,,,,,,,,,,,,0xFF01FE,,,,,,,,,,,,,,,,,0xFF01CC,1.0,2,1,170,
991,2,,,,,,,,,,,,,,,,,0xFF01FE,,,,,,,,,,,,,,,,,0xFF01CC,1.0,2,1,171,
992,2,,,,,,,,,,,,,,,,,0xFF01FE,,,,,,,,,,,,,,,,,0xFF01CC,1.0,2,1,172,
993,2,,,,,,,,,,,,,,,,,0xFF01FE,,,,,,,,,,,,,,,,,0xFF01CC,1.0,2,1,173,
994,2,,,,,,,,,,,,,,,,,0xFF01FE,,,,,,,,,,,,,,,,,0xFF01CC,1.0,2,1,174,
995,2,,,,,,,,,,,,,,,,,0xFF01FE,,,,,,,,,,,,,,,,,0xFF01CC,1.0,2,1,175,
996,2,,,,,,,,,,,,,,,,,0xFF01FE,,,,,,,,,,,,,,,,,0xFF01CC,1.0,2,1,176,
997,2,,,,,,,,,,,,,,,,,0xFF01FE,,,,,,,,,,,,,,,,,0xFF01CC,1.0,2,1,177,
998,2,,,,,,,,,,,,,,,,,0xFF01FE,,,,,,,,,,,,,,,,,0xFF01CC,1.0,2,1,178,
999,2,,,,,,,,,,,,,,,,,0xFF01FE,,,,,,,,,,,,,,,,,0xFF01CC,1.0,2,1,179,
1000,2,,,,,,,,,,,,,,,,,0xFF01FE,,,,,,,,,,,,,,,,,0xFF01CC,1.0,2,1,180,
1001,2,,,,,,,,,,,,,,,,,0xFF01FE,,,,,,,,,,,,,,,,,0xFF01CC,1.0,2,1,181,
1002,2,,,,,,,,,,,,,,,,,0xFF01FE,,,,,,,,,,,,,,,,,0xFF01CC,1.0,2,1,182,
1003,2,,,,,,,,,,,,,,,,,0xFF01FE,,,,,,,,,,,,,,,,,0xFF01CC,1.0,2,1,183,
1004,2,,,,,,,,,,,,,,,,,0xFF01FE,,,,,,,,,,,,,,,,,0xFF01CC,1.0,2,1,184,
1005,2,,,,,,,,,,,,,,,,,0xFF01FE,,,,,,,,,,,,,,,,,0xFF01CC,1.0,2,1,185,
1006,2,,,,,,,,,,,,,,,,,0xFF01FE,,,,,,,,,,,,,,,,,0xFF01CC,1.0,2,1,186,
1007,2,,,,,,,,,,,,,,,,,0xFF01FE,,,,,,,,,,,,,,,,,0xFF01CC,1.0,2,1,187,
1008,2,,,,,,,,,,,,,,,,,0xFF01FE,,,,,,,,,,,,,,,,,0xFF01CC,1.0,2,1,188,
1009,2,,,,,,,,,,,,,,,,,0xFF01FE,,,,,,,,,,,,,,,,,0xFF01CC,1.0,2,1,189,
1010,2,,,,,,,,,,,,,,,,,0xFF01FE,,,,,,,,,,,,,,,,,0xFF01CC,1.0,2,1,190,
1011,2,,,,,,,,,,,,,,,,,0xFF01FE,,,,,,,,,,,,,,,,,0xFF01CC,1.0,2,1,191,
1012,2,,,,,,,,,,,,,,,,,0xFF01FE,,,,,,,,,,,,,,,,,0xFF01CC,1.0,2,1,192,
1013,2,,,,,,,,,,,,,,,,,0xFF01FE,,,,,,,,,,,,,,,,,0xFF01CC,1.0,2,1,193,
1014,2,,,,,,,,,,,,,,,,,0xFF01FE,,,,,,,,,,,,,,,,,0xFF01CC,1.0,2,1,194,
1015,2,,,,,,,,,,,,,,,,,0xFF01FE,,,,,,,,,,,,,,,,,0xFF01CC,1.0,2,1,195,
1016,2,,,,,,,,,,,,,,,,,0xFF01FE,,,,,,,,,,,,,,,,,0xFF01CC,1.0,2,1,196,
1017,2,,,,,,,,,,,,,,,,,0xFF01FE,,,,,,,,,,,,,,,,,0xFF01CC,1.0,2,1,197,
1018,2,,,,,,,,,,,,,,,,,0xFF01FE,,,,,,,,,,,,,,,,,0xFF01CC,1.0,2,1,198,
1019,2,,,,,,,,,,,,,,,,,0xFF01FE,,,,,,,,,,,,,,,,,0xFF01CC,1.0,2,1,199,
1020,2,,,,,,,,,,,,,,,,,0xFF01FE,,,,,,,,,,,,,,,,,0xFF01CC,1.0,2,1,200,
1021,2,,,,,,,,,,,,,,,,,0xFF01FE,,,,,,,,,,,,,,,,,0xFF01CC,1.0,2,1,201,
1022,2,,,,,,,,,,,,,,,,,0xFF01FE,,,,,,,,,,,,,,,,,0xFF01CC,1.0,2,1,202,
1023,2,,,,,,,,,,,,,,,,,0xFF01FE,,,,,,,,,,,,,,,,,0xFF01CC,1.0,2,1,203,
1024,2,,,,,,,,,,,,,,,,,0xFF01FE,,,,,,,,,,,,,,,,,0xFF01CC,1.0,2,1,204,
1025,2,,,,,,,,,,,,,,,,,0xFF01FE,,,,,,,,,,,,,,,,,0xFF01CC,1.0,2,1,205,
1026,2,,,,,,,,,,,,,,,,,0xFF01FE,,,,,,,,,,,,,,,,,0xFF01CC,1.0,2,1,206,
1027,2,,,,,,,,,,,,,,,,,0xFF01FE,,,,,,,,,,,,,,,,,0xFF01CC,1.0,2,1,207,
1028,2,,,,,,,,,,,,,,,,,0xFF01FE,,,,,,,,,,,,,,,,,0xFF01CC,1.0,2,1,208,
1029,2,,,,,,,,,,,,,,,,,0xFF01FE,,,,,,,,,,,,,,,,,0xFF01CC,1.0,2,1,209,
1030,2,,,,,,,,,,,,,,,,,0xFF01FE,,,,,,,,,,,,,,,,,0xFF01CC,1.0,2,1,210,
1031,2,,,,,,,,,,,,,,,,,0xFF01FE,,,,,,,,,,,,,,,,,0xFF01CC,1.0,2,1,211,
1032,2,,,,,,,,,,,,,,,,,0xFF01FE,,,,,,,,,,,,,,,,,0xFF01CC,1.0,2,1,212,
1033,2,,,,,,,,,,,,,,,,,0xFF01FE,,,,,,,,,,,,,,,,,0xFF01CC,1.0,2,1,213,
1034,2,,,,,,,,,,,,,,,,,0xFF01FE,,,,,,,,,,,,,,,,,0xFF01CC,1.0,2,1,214,
1035,2,,,,,,,,,,,,,,,,,0xFF01FE,,,,,,,,,,,,,,,,,0xFF01CC,1.0,2,1,215,
1036,2,,,,,,,,,,,,,,,,,0xFF01FE,,,,,,,,,,,,,,,,,0xFF01CC,1.0,2,1,216,
1037,2,,,,,,,,,,,,,,,,,0xFF01FE,,,,,,,,,,,,,,,,,0xFF01CC,1.0,2,1,217,
1038,2,,,,,,,,,,,,,,,,,0xFF01FE,,,,,,,,,,,,,,,,,0xFF01CC,1.0,2,1,218,
1039,2,,,,,,,,,,,,,,,,,0xFF01FE,,,,,,,,,,,,,,,,,0xFF01CC,1.0,2,1,219,
1040,2,,,,,,,,,,,,,,,,,0xFF01FE,,,,,,,,,,,,,,,,,0xFF01CC,1.0,2,1,220,
1041,2,,,,,,,,,,,,,,,,,0xFF01FE,,,,,,,,,,,,,,,,,0xFF01CC,1.0,2,1,221,
1042,2,,,,,,,,,,,,,,,,,0xFF01FE,,,,,,,,,,,,,,,,,0xFF01CC,1.0,2,1,222,
1043,2,,,,,,,,,,,,,,,,,0xFF01FE,,,,,,,,,,,,,,,,,0xFF01CC,1.0,2,1,223,
1044,2,,,,,,,,,,,,,,,,,0xFF01FE,,,,,,,,,,,,,,,,,0xFF01CC,1.0,2,1,224,
1045,2,,,,,,,,,,,,,,,,,0xFF01FE,,,,,,,,,,,,,,,,,0xFF01CC,1.0,2,1,225,
1046,2,,,,,,,,,,,,,,,,,0xFF01FE,,,,,,,,,,,,,,,,,0xFF01CC,1.0,2,1,226,
1047,2,,,,,,,,,,,,,,,,,0xFF01FE,,,,,,,,,,,,,,,,,0xFF01CC,1.0,2,1,227,
1048,2,,,,,,,,,,,,,,,,,0xFF01FE,,,,,,,,,,,,,,,,,0xFF01CC,1.0,2,1,228,
1049,2,,,,,,,,,,,,,,,,,0xFF01FE,,,,,,,,,,,,,,,,,0xFF01CC,1.0,2,1,229,
1050,2,,,,,,,,,,,,,,,,,0xFF01FE,,,,,,,,,,,,,,,,,0xFF01CC,1.0,2,1,230,
1051,2,,,,,,,,,,,,,,,,,0xFF01FE,,,,,,,,,,,,,,,,,0xFF01CC,1.0,2,1,231,
1052,2,,,,,,,,,,,,,,,,,0xFF01FE,,,,,,,,,,,,,,,,,0xFF01CC,1.0,2,1,232,
1053,2,,,,,,,,,,,,,,,,,0xFF01FE,,,,,,,,,,,,,,,,,0xFF01CC,1.0,2,1,233,
1054,2,,,,,,,,,,,,,,,,,0xFF01FE,,,,,,,,,,,,,,,,,0xFF01CC,1.0,2,1,234,
1055,2,,,,,,,,,,,,,,,,,0xFF01FE,,,,,,,,,,,,,,,,,0xFF01CC,1.0,2,1,235,
1056,2,,,,,,,,,,,,,,,,,0xFF01FE,,,,,,,,,,,,,,,,,0xFF01CC,1.0,2,1,236,
1057,2,,,,,,,,,,,,,,,,,0xFF01FE,,,,,,,,,,,,,,,,,0xFF01CC,1.0,2,1,237,
1058,2,,,,,,,,,,,,,,,,,0xFF01FE,,,,,,,,,,,,,,,,,0xFF01CC,1.0,2,1,238,
1059,2,,,,,,,,,,,,,,,,,0xFF01FE,,,,,,,,,,,,,,,,,0xFF01CC,1.0,2,1,239,
1060,2,,,,,,,,,,,,,,,,,0xFF01FE,,,,,,,,,,,,,,,,,0xFF01CC,1.0,2,1,240,
1061,2,,,,,,,,,,,,,,,,,0xFF01FE,,,,,,,,,,,,,,,,,0xFF01CC,1.0,2,1,241,
1062,2,,,,,,,,,,,,,,,,,0xFF01FE,,,,,,,,,,,,,,,,,0xFF01CC,1.0,2,1,242,
1063,2,,,,,,,,,,,,,,,,,0xFF01FE,,,,,,,,,,,,,,,,,0xFF01CC,1.0,2,1,243,
1064,2,,,,,,,,,,,,,,,,,0xFF01FE,,,,,,,,,,,,,,,,,0xFF01CC,1.0,2,1,244,
1065,2,,,,,,,,,,,,,,,,,0xFF01FE,,,,,,,,,,,,,,,,,0xFF01CC,1.0,2,1,245,
1066,2,,,,,,,,,,,,,,,,,0xFF01FE,,,,,,,,,,,,,,,,,0xFF01CC,1.0,2,1,246,
1067,2,,,,,,,,,,,,,,,,,0xFF01FE,,,,,,,,,,,,,,,,,0xFF01CC,1.0,2,1,247,
1068,2,,,,,,,,,,,,,,,,,0xFF01FE,,,,,,,,,,,,,,,,,0xFF01CC,1.0,2,1,248,
1069,2,,,,,,,,,,,,,,,,,0xFF01FE,,,,,,,,,,,,,,,,,0xFF01CC,1.0,2,1,249,
1070,2,,,,,,,,,,,,,,,,,0xFF01FE,,,,,,,,,,,,,,,,,0xFF01CC,1.0,2,1,250,
1071,2,,,,,,,,,,,,,,,,,0xFF01FE,,,,,,,,,,,,,,,,,0xFF01CC,1.0,2,1,251,
1072,2,,,,,,,,,,,,,,,,,0xFF01FE,,,,,,,,,,,,,,,,,0xFF01CC,1.0,2,1,252,
1073,2,,,,,,,,,,,,,,,,,0xFF01FE,,,,,,,,,,,,,,,,,0xFF01CC,1.0,2,1,253,
1074,2,,,,,,,,,,,,,,,,,0xFF01FE,,,,,,,,,,,,,,,,,0xFF01CC,1.0,2,1,254,
1075,2,,,,,,,,,,,,,,,,,0xFF01FE,,,,,,,,,,,,,,,,,0xFF01CC,1.0,2,1,255,
1076,0,,,,,,,,,,,,,,,,,0xFF01FE,,,,,,,,,,,,,,,,,0xFF01CC,1.0,3,0,0,
1077,0,,,,,,,,,,,,,,,,,0xFF01FE,,,,,,,,,,,,,,,,,0xFF01CC,1.0,3,0,1,
1078,0,,,,,,,,,,,,,,,,,0xFF01FE,,,,,,,,,,,,,,,,,0xFF01CC,1.0,3,0,2,
1079,0,,,,,,,,,,,,,,,,,0xFF01FE,,,,,,,,,,,,,,,,,0xFF01CC,1.0,3,0,3,
1080,0,,,,,,,,,,,,,,,,,0xFF01FE,,,,,,,,,,,,,,,,,0xFF01CC,1.0,3,0,4,
1081,0,,,,,,,,,,,,,,,,,0xFF01FE,,,,,,,,,,,,,,,,,0xFF01CC,1.0,3,0,5,
1082,0,,,,,,,,,,,,,,,,,0xFF01FE,,,,,,,,,,,,,,,,,0xFF01CC,1.0,3,0,6,
1083,0,,,,,,,,,,,,,,,,,0xFF01FE,,,,,,,,,,,,,,,,,0xFF01CC,1.0,3,0,7,
1084,0,,,,,,,,,,,,,,,,,0xFF01FE,,,,,,,,,,,,,,,,,0xFF01CC,1.0,3,0,8,
1085,0,,,,,,,,,,,,,,,,,0xFF01FE,,,,,,,,,,,,,,,,,0xFF01CC,1.0,3,0,9,
1086,0,,,,,,,,,,,,,,,,,0xFF01FE,,,,,,,,,,,,,,,,,0xFF01CC,1.0,3,0,10,
1087,0,,,,,,,,,,,,,,,,,0xFF01FE,,,,,,,,,,,,,,,,,0x11FFB7FC,1.0,3,0,11,
1088,0,,,,,,,,,,,,,,,,,0xFF01FE,,,,,,,,,,,,,,,,,0x11FFB7FC,1.0,3,0,12,
1089,0,,,,,,,,,,,,,,,,,0xFF01FE,,,,,,,,,,,,,,,,,0x11FFB7FC,1.0,3,0,13,
1090,0,,,,,,,,,,,,,,,,,0xFF01FE,,,,,,,,,,,,,,,,,0x11FFB7FC,1.0,3,0,14,
1091,0,,,,,,,,,,,,,,,,,0xFF01FE,,,,,,,,,,,,,,,,,0x11FFB7FC,1.0,3,0,15,
1092,0,,,,,,,,,,,,,,,,,0xFF01FE,,,,,,,,,,,,,,,,,0x11FFB7FC,1.0,3,0,16,
1093,0,,,,,,,,,,,,,,,,,0xFF01FE,,,,,,,,,,,,,,,,,0x11FFB7FC,1.0,3,0,17,
1094,0,,,,,,,,,,,,,,,,,0xFF01FE,,,,,,,,,,,,,,,,,0x11FFB7FC,1.0,3,0,18,
1095,0,,,,,,,,,,,,,,,,,0xFF01FE,,,,,,,,,,,,,,,,,0x11FFB7FC,1.0,3,0,19,
1096,0,,,,,,,,,,,,,,,,,0xFF01FE,,,,,,,,,,,,,,,,,0x11FFB7FC,1.0,3,0,20,
1097,0,,,,,,,,,,,,,,,,,0xFF01FE,,,,,,,,,,,,,,,,,0x11FFB7FC,1.0,3,0,21,
1098,0,,,,,,,,,,,,,,,,,0xFF01FE,,,,,,,,,,,,,,,,,0x11FFB7FC,1.0,3,0,22,
1099,2,,,,,,,,,,,,,,,,,0xFF01FE,,,,,,,,,,,,,,,,,0xFF01CC,1.0,3,0,0,
1100,2,,,,,,,,,,,,,,,,,0xFF01FE,,,,,,,,,,,,,,,,,0xFF01CC,1.0,3,0,1,
1101,2,,,,,,,,,,,,,,,,,0xFF01FE,,,,,,,,,,,,,,,,,0xFF01CC,1.0,3,0,2,
1102,2,,,,,,,,,,,,,,,,,0xFF01FE,,,,,,,,,,,,,,,,,0xFF01CC,1.0,3,0,3,
1103,2,,,,,,,,,,,,,,,,,0xFF01FE,,,,,,,,,,,,,,,,,0xFF01CC,1.0,3,0,4,
1104,2,,,,,,,,,,,,,,,,,0xFF01FE,,,,,,,,,,,,,,,,,0xFF01CC,1.0,3,0,5,
1105,2,,,,,,,,,,,,,,,,,0xFF01FE,,,,,,,,,,,,,,,,,0xFF01CC,1.0,3,0,6,
1106,2,,,,,,,,,,,,,,,,,0xFF01FE,,,,,,,,,,,,,,,,,0xFF01CC,1.0,3,0,7,
1107,2,,,,,,,,,,,,,,,,,0xFF01FE,,,,,,,,,,,,,,,,,0xFF01CC,1.0,3,0,8,
1108,2,,,,,,,,,,,,,,,,,0xFF01FE,,,,,,,,,,,,,,,,,0xFF01CC,1.0,3,0,9,
1109,2,,,,,,,,,,,,,,,,,0xFF01FE,,,,,,,,,,,,,,,,,0xFF01CC,1.0,3,0,10,
1110,2,,,,,,,,,,,,,,,,,0xFF01FE,,,,,,,,,,,,,,,,,0xFF01CC,1.0,3,0,11,
1111,2,,,,,,,,,,,,,,,,,0xFF01FE,,,,,,,,,,,,,,,,,0xFF01CC,1.0,3,0,12,
1112,2,,,,,,,,,,,,,,,,,0xFF01FE,,,,,,,,,,,,,,,,,0xFF01CC,1.0,3,0,13,
1113,2,,,,,,,,,,,,,,,,,0xFF01FE,,,,,,,,,,,,,,,,,0xFF01CC,1.0,3,0,14,
1114,2,,,,,,,,,,,,,,,,,0xFF01FE,,,,,,,,,,,,,,,,,0xFF01CC,1.0,3,0,15,
1115,2,,,,,,,,,,,,,,,,,0xFF01FE,,,,,,,,,,,,,,,,,0xFF01CC,1.0,3,0,16,
1116,2,,,,,,,,,,,,,,,,,0xFF01FE,,,,,,,,,,,,,,,,,0xFF01CC,1.0,3,0,17,
1117,2,,,,,,,,,,,,,,,,,0xFF01FE,,,,,,,,,,,,,,,,,0xFF01CC,1.0,3,0,18,
1118,2,,,,,,,,,,,,,,,,,0xFF01FE,,,,,,,,,,,,,,,,,0xFF01CC,1.0,3,0,19,
1119,2,,,,,,,,,,,,,,,,,0xFF01FE,,,,,,,,,,,,,,,,,0xFF01CC,1.0,3,0,20,
1120,2,,,,,,,,,,,,,,,,,0xFF01FE,,,,,,,,,,,,,,,,,0xFF01CC,1.0,3,0,21,
1121,2,,,,,,,,,,,,,,,,,0xFF01FE,,,,,,,,,,,,,,,,,0xFF01CC,1.0,3,0,22,
1122,2,,,,,,,,,,,,,,,,,0xFF01FE,,,,,,,,,,,,,,,,,0xFF01CC,1.0,3,0,23,
1123,2,,,,,,,,,,,,,,,,,0xFF01FE,,,,,,,,,,,,,,,,,0xFF01CC,1.0,3,0,24,
1124,2,,,,,,,,,,,,,,,,,0xFF01FE,,,,,,,,,,,,,,,,,0xFF01CC,1.0,3,0,25,
1125,2,,,,,,,,,,,,,,,,,0xFF01FE,,,,,,,,,,,,,,,,,0xFF01CC,1.0,3,0,26,
1126,2,,,,,,,,,,,,,,,,,0xFF01FE,,,,,,,,,,,,,,,,,0xFF01CC,1.0,3,0,27,
1127,2,,,,,,,,,,,,,,,,,0xFF01FE,,,,,,,,,,,,,,,,,0xFF01CC,1.0,3,0,28,
1128,2,,,,,,,,,,,,,,,,,0xFF01FE,,,,,,,,,,,,,,,,,0xFF01CC,1.0,3,0,29,
1129,2,,,,,,,,,,,,,,,,,0xFF01FE,,,,,,,,,,,,,,,,,0xFF01CC,1.0,3,0,30,
1130,2,,,,,,,,,,,,,,,,,0xFF01FE,,,,,,,,,,,,,,,,,0xFF01CC,1.0,3,0,31,
1131,2,,,,,,,,,,,,,,,,,0xFF01FE,,,,,,,,,,,,,,,,,0xFF01CC,1.0,3,0,32,
1132,2,,,,,,,,,,,,,,,,,0xFF01FE,,,,,,,,,,,,,,,,,0xFF01CC,1.0,3,0,33,
1133,2,,,,,,,,,,,,,,,,,0xFF01FE,,,,,,,,,,,,,,,,,0xFF01CC,1.0,3,0,34,
1134,2,,,,,,,,,,,,,,,,,0xFF01FE,,,,,,,,,,,,,,,,,0xFF01CC,1.0,3,0,35,
1135,2,,,,,,,,,,,,,,,,,0xFF01FE,,,,,,,,,,,,,,,,,0xFF01CC,1.0,3,0,36,
1136,2,,,,,,,,,,,,,,,,,0xFF01FE,,,,,,,,,,,,,,,,,0xFF01CC,1.0,3,0,37,
1137,2,,,,,,,,,,,,,,,,,0xFF01FE,,,,,,,,,,,,,,,,,0xFF01CC,1.0,3,0,38,
1138,2,,,,,,,,,,,,,,,,,0xFF01FE,,,,,,,,,,,,,,,,,0xFF01CC,1.0,3,0,39,
1139,2,,,,,,,,,,,,,,,,,0xFF01FE,,,,,,,,,,,,,,,,,0xFF01CC,1.0,3,0,40,
1140,2,,,,,,,,,,,,,,,,,0xFF01FE,,,,,,,,,,,,,,,,,0xFF01CC,1.0,3,0,41,
1141,2,,,,,,,,,,,,,,,,,0xFF01FE,,,,,,,,,,,,,,,,,0xFF01CC,1.0,3,0,42,
1142,2,,,,,,,,,,,,,,,,,0xFF01FE,,,,,,,,,,,,,,,,,0xFF01CC,1.0,3,0,43,
1143,2,,,,,,,,,,,,,,,,,0xFF01FE,,,,,,,,,,,,,,,,,0xFF01CC,1.0,3,0,44,
1144,2,,,,,,,,,,,,,,,,,0xFF01FE,,,,,,,,,,,,,,,,,0xFF01CC,1.0,3,0,45,
1145,2,,,,,,,,,,,,,,,,,0xFF01FE,,,,,,,,,,,,,,,,,0xFF01CC,1.0,3,0,46,
1146,2,,,,,,,,,,,,,,,,,0xFF01FE,,,,,,,,,,,,,,,,,0xFF01CC,1.0,3,0,47,
1147,2,,,,,,,,,,,,,,,,,0xFF01FE,,,,,,,,,,,,,,,,,0xFF01CC,1.0,3,0,48,
1148,2,,,,,,,,,,,,,,,,,0xFF01FE,,,,,,,,,,,,,,,,,0xFF01CC,1.0,3,0,49,
1149,2,,,,,,,,,,,,,,,,,0xFF01FE,,,,,,,,,,,,,,,,,0xFF01CC,1.0,3,0,50,
1150,2,,,,,,,,,,,,,,,,,0xFF01FE,,,,,,,,,,,,,,,,,0xFF01CC,1.0,3,0,51,
1151,2,,,,,,,,,,,,,,,,,0xFF01FE,,,,,,,,,,,,,,,,,0xFF01CC,1.0,3,0,52,
1152,2,,,,,,,,,,,,,,,,,0xFF01FE,,,,,,,,,,,,,,,,,0xFF01CC,1.0,3,0,53,
1153,2,,,,,,,,,,,,,,,,,0xFF01FE,,,,,,,,,,,,,,,,,0xFF01CC,1.0,3,0,54,
1154,2,,,,,,,,,,,,,,,,,0xFF01FE,,,,,,,,,,,,,,,,,0xFF01CC,1.0,3,0,55,
1155,2,,,,,,,,,,,,,,,,,0xFF01FE,,,,,,,,,,,,,,,,,0xFF01CC,1.0,3,0,56,
1156,2,,,,,,,,,,,,,,,,,0xFF01FE,,,,,,,,,,,,,,,,,0xFF01CC,1.0,3,0,57,
1157,2,,,,,,,,,,,,,,,,,0xFF01FE,,,,,,,,,,,,,,,,,0xFF01CC,1.0,3,0,58,
1158,2,,,,,,,,,,,,,,,,,0xFF01FE,,,,,,,,,,,,,,,,,0xFF01CC,1.0,3,0,59,
1159,2,,,,,,,,,,,,,,,,,0xFF01FE,,,,,,,,,,,,,,,,,0xFF01CC,1.0,3,0,60,
1160,2,,,,,,,,,,,,,,,,,0xFF01FE,,,,,,,,,,,,,,,,,0xFF01CC,1.0,3,0,61,
1161,2,,,,,,,,,,,,,,,,,0xFF01FE,,,,,,,,,,,,,,,,,0xFF01CC,1.0,3,0,62,
1162,2,,,,,,,,,,,,,,,,,0xFF01FE,,,,,,,,,,,,,,,,,0xFF01CC,1.0,3,0,63,
1163,2,,,,,,,,,,,,,,,,,0xFF01FE,,,,,,,,,,,,,,,,,0xFF01CC,1.0,3,0,64,
1164,2,,,,,,,,,,,,,,,,,0xFF01FE,,,,,,,,,,,,,,,,,0xFF01CC,1.0,3,0,65,
1165,2,,,,,,,,,,,,,,,,,0xFF01FE,,,,,,,,,,,,,,,,,0xFF01CC,1.0,3,0,66,
1166,2,,,,,,,,,,,,,,,,,0xFF01FE,,,,,,,,,,,,,,,,,0xFF01CC,1.0,3,0,67,
1167,2,,,,,,,,,,,,,,,,,0xFF01FE,,,,,,,,,,,,,,,,,0xFF01CC,1.0,3,0,68,
1168,2,,,,,,,,,,,,,,,,,0xFF01FE,,,,,,,,,,,,,,,,,0xFF01CC,1.0,3,0,69,
1169,2,,,,,,,,,,,,,,,,,0xFF01FE,,,,,,,,,,,,,,,,,0xFF01CC,1.0,3,0,70,
1170,2,,,,,,,,,,,,,,,,,0xFF01FE,,,,,,,,,,,,,,,,,0xFF01CC,1.0,3,0,71,
1171,2,,,,,,,,,,,,,,,,,0xFF01FE,,,,,,,,,,,,,,,,,0xFF01CC,1.0,3,0,72,
1172,2,,,,,,,,,,,,,,,,,0xFF01FE,,,,,,,,,,,,,,,,,0xFF01CC,1.0,3,0,73,
1173,2,,,,,,,,,,,,,,,,,0xFF01FE,,,,,,,,,,,,,,,,,0xFF01CC,1.0,3,0,74,
1174,2,,,,,,,,,,,,,,,,,0xFF01FE,,,,,,,,,,,,,,,,,0xFF01CC,1.0,3,0,75,
1175,2,,,,,,,,,,,,,,,,,0xFF01FE,,,,,,,,,,,,,,,,,0xFF01CC,1.0,3,0,76,
1176,2,,,,,,,,,,,,,,,,,0xFF01FE,,,,,,,,,,,,,,,,,0xFF01CC,1.0,3,0,77,
1177,2,,,,,,,,,,,,,,,,,0xFF01FE,,,,,,,,,,,,,,,,,0xFF01CC,1.0,3,0,78,
1178,2,,,,,,,,,,,,,,,,,0xFF01FE,,,,,,,,,,,,,,,,,0xFF01CC,1.0,3,0,79,
1179,2,,,,,,,,,,,,,,,,,0xFF01FE,,,,,,,,,,,,,,,,,0xFF01CC,1.0,3,0,80,
1180,2,,,,,,,,,,,,,,,,,0xFF01FE,,,,,,,,,,,,,,,,,0xFF01CC,1.0,3,0,81,
1181,2,,,,,,,,,,,,,,,,,0xFF01FE,,,,,,,,,,,,,,,,,0xFF01CC,1.0,3,0,82,
1182,2,,,,,,,,,,,,,,,,,0xFF01FE,,,,,,,,,,,,,,,,,0xFF01CC,1.0,3,0,83,
1183,2,,,,,,,,,,,,,,,,,0xFF01FE,,,,,,,,,,,,,,,,,0xFF01CC,1.0,3,0,84,
1184,2,,,,,,,,,,,,,,,,,0xFF01FE,,,,,,,,,,,,,,,,,0xFF01CC,1.0,3,0,85,
1185,2,,,,,,,,,,,,,,,,,0xFF01FE,,,,,,,,,,,,,,,,,0xFF01CC,1.0,3,0,86,
1186,2,,,,,,,,,,,,,,,,,0xFF01FE,,,,,,,,,,,,,,,,,0xFF01CC,1.0,3,0,87,
1187,2,,,,,,,,,,,,,,,,,0xFF01FE,,,,,,,,,,,,,,,,,0xFF01CC,1.0,3,0,88,
1188,2,,,,,,,,,,,,,,,,,0xFF01FE,,,,,,,,,,,,,,,,,0xFF01CC,1.0,3,0,89,
1189,2,,,,,,,,,,,,,,,,,0xFF01FE,,,,,,,,,,,,,,,,,0xFF01CC,1.0,3,0,90,
1190,2,,,,,,,,,,,,,,,,,0xFF01FE,,,,,,,,,,,,,,,,,0xFF01CC,1.0,3,0,91,
1191,2,,,,,,,,,,,,,,,,,0xFF01FE,,,,,,,,,,,,,,,,,0xFF01CC,1.0,3,0,92,
1192,2,,,,,,,,,,,,,,,,,0xFF01FE,,,,,,,,,,,,,,,,,0xFF01CC,1.0,3,0,93,
1193,2,,,,,,,,,,,,,,,,,0xFF01FE,,,,,,,,,,,,,,,,,0xFF01CC,1.0,3,0,94,
1194,2,,,,,,,,,,,,,,,,,0xFF01FE,,,,,,,,,,,,,,,,,0xFF01CC,1.0,3,0,95,
1195,2,,,,,,,,,,,,,,,,,0xFF01FE,,,,,,,,,,,,,,,,,0xFF01CC,1.0,3,0,96,
1196,2,,,,,,,,,,,,,,,,,0xFF01FE,,,,,,,,,,,,,,,,,0xFF01CC,1.0,3,0,97,
1197,2,,,,,,,,,,,,,,,,,0xFF01FE,,,,,,,,,,,,,,,,,0xFF01CC,1.0,3,0,98,
1198,2,,,,,,,,,,,,,,,,,0xFF01FE,,,,,,,,,,,,,,,,,0xFF01CC,1.0,3,0,99,
1199,2,,,,,,,,,,,,,,,,,0xFF01FE,,,,,,,,,,,,,,,,,0xFF01CC,1.0,3,0,100,
1200,2,,,,,,,,,,,,,,,,,0xFF01FE,,,,,,,,,,,,,,,,,0xFF01CC,1.0,3,0,101,
1201,2,,,,,,,,,,,,,,,,,0xFF01FE,,,,,,,,,,,,,,,,,0xFF01CC,1.0,3,0,102,
1202,2,,,,,,,,,,,,,,,,,0xFF01FE,,,,,,,,,,,,,,,,,0xFF01CC,1.0,3,0,103,
1203,2,,,,,,,,,,,,,,,,,0xFF01FE,,,,,,,,,,,,,,,,,0xFF01CC,1.0,3,0,104,
1204,2,,,,,,,,,,,,,,,,,0xFF01FE,,,,,,,,,,,,,,,,,0xFF01CC,1.0,3,0,105,
1205,2,,,,,,,,,,,,,,,,,0xFF01FE,,,,,,,,,,,,,,,,,0xFF01CC,1.0,3,0,106,
1206,2,,,,,,,,,,,,,,,,,0xFF01FE,,,,,,,,,,,,,,,,,0xFF01CC,1.0,3,0,107,
1207,2,,,,,,,,,,,,,,,,,0xFF01FE,,,,,,,,,,,,,,,,,0xFF01CC,1.0,3,0,108,
1208,2,,,,,,,,,,,,,,,,,0xFF01FE,,,,,,,,,,,,,,,,,0xFF01CC,1.0,3,0,109,
1209,2,,,,,,,,,,,,,,,,,0xFF01FE,,,,,,,,,,,,,,,,,0xFF01CC,1.0,3,0,110,
1210,2,,,,,,,,,,,,,,,,,0xFF01FE,,,,,,,,,,,,,,,,,0xFF01CC,1.0,3,0,111,
1211,2,,,,,,,,,,,,,,,,,0xFF01FE,,,,,,,,,,,,,,,,,0xFF01CC,1.0,3,0,112,
1212,2,,,,,,,,,,,,,,,,,0xFF01FE,,,,,,,,,,,,,,,,,0xFF01CC,1.0,3,0,113,
1213,2,,,,,,,,,,,,,,,,,0xFF01FE,,,,,,,,,,,,,,,,,0xFF01CC,1.0,3,0,114,
1214,2,,,,,,,,,,,,,,,,,0xFF01FE,,,,,,,,,,,,,,,,,0xFF01CC,1.0,3,0,115,
1215,2,,,,,,,,,,,,,,,,,0xFF01FE,,,,,,,,,,,,,,,,,0xFF01CC,1.0,3,0,116,
1216,2,,,,,,,,,,,,,,,,,0xFF01FE,,,,,,,,,,,,,,,,,0xFF01CC,1.0,3,0,117,
1217,2,,,,,,,,,,,,,,,,,0xFF01FE,,,,,,,,,,,,,,,,,0xFF01CC,1.0,3,0,118,
1218,2,,,,,,,,,,,,,,,,,0xFF01FE,,,,,,,,,,,,,,,,,0xFF01CC,1.0,3,0,119,
1219,2,,,,,,,,,,,,,,,,,0xFF01FE,,,,,,,,,,,,,,,,,0xFF01CC,1.0,3,0,120,
1220,2,,,,,,,,,,,,,,,,,0xFF01FE,,,,,,,,,,,,,,,,,0xFF01CC,1.0,3,0,121,
1221,2,,,,,,,,,,,,,,,,,0xFF01FE,,,,,,,,,,,,,,,,,0xFF01CC,1.0,3,0,122,
1222,2,,,,,,,,,,,,,,,,,0xFF01FE,,,,,,,,,,,,,,,,,0xFF01CC,1.0,3,0,123,
1223,2,,,,,,,,,,,,,,,,,0xFF01FE,,,,,,,,,,,,,,,,,0xFF01CC,1.0,3,0,124,
1224,2,,,,,,,,,,,,,,,,,0xFF01FE,,,,,,,,,,,,,,,,,0xFF01CC,1.0,3,0,125,
1225,2,,,,,,,,,,,,,,,,,0xFF01FE,,,,,,,,,,,,,,,,,0xFF01CC,1.0,3,0,126,
1226,2,,,,,,,,,,,,,,,,,0xFF01FE,,,,,,,,,,,,,,,,,0xFF01CC,1.0,3,0,127,
1227,2,,,,,,,,,,,,,,,,,0xFF01FE,,,,,,,,,,,,,,,,,0xFF01CC,1.0,3,0,128,
1228,2,,,,,,,,,,,,,,,,,0xFF01FE,,,,,,,,,,,,,,,,,0xFF01CC,1.0,3,0,129,
1229,2,,,,,,,,,,,,,,,,,0xFF01FE,,,,,,,,,,,,,,,,,0xFF01CC,1.0,3,0,130,
1230,2,,,,,,,,,,,,,,,,,0xFF01FE,,,,,,,,,,,,,,,,,0xFF01CC,1.0,3,0,131,
1231,2,,,,,,,,,,,,,,,,,0xFF01FE,,,,,,,,,,,,,,,,,0xFF01CC,1.0,3,0,132,
1232,2,,,,,,,,,,,,,,,,,0xFF01FE,,,,,,,,,,,,,,,,,0xFF01CC,1.0,3,0,133,
1233,2,,,,,,,,,,,,,,,,,0xFF01FE,,,,,,,,,,,,,,,,,0xFF01CC,1.0,3,0,134,
1234,2,,,,,,,,,,,,,,,,,0xFF01FE,,,,,,,,,,,,,,,,,0xFF01CC,1.0,3,0,135,
1235,2,,,,,,,,,,,,,,,,,0xFF01FE,,,,,,,,,,,,,,,,,0xFF01CC,1.0,3,0,136,
1236,2,,,,,,,,,,,,,,,,,0xFF01FE,,,,,,,,,,,,,,,,,0xFF01CC,1.0,3,0,137,
1237,2,,,,,,,,,,,,,,,,,0xFF01FE,,,,,,,,,,,,,,,,,0xFF01CC,1.0,3,0,138,
1238,2,,,,,,,,,,,,,,,,,0xFF01FE,,,,,,,,,,,,,,,,,0xFF01CC,1.0,3,0,139,
1239,2,,,,,,,,,,,,,,,,,0xFF01FE,,,,,,,,,,,,,,,,,0xFF01CC,1.0,3,0,140,
1240,2,,,,,,,,,,,,,,,,,0xFF01FE,,,,,,,,,,,,,,,,,0xFF01CC,1.0,3,0,141,
1241,2,,,,,,,,,,,,,,,,,0xFF01FE,,,,,,,,,,,,,,,,,0xFF01CC,1.0,3,0,142,
1242,2,,,,,,,,,,,,,,,,,0xFF01FE,,,,,,,,,,,,,,,,,0xFF01CC,1.0,3,0,143,
1243,2,,,,,,,,,,,,,,,,,0xFF01FE,,,,,,,,,,,,,,,,,0xFF01CC,1.0,3,0,144,
1244,2,,,,,,,,,,,,,,,,,0xFF01FE,,,,,,,,,,,,,,,,,0xFF01CC,1.0,3,0,145,
1245,2,,,,,,,,,,,,,,,,,0xFF01FE,,,,,,,,,,,,,,,,,0xFF01CC,1.0,3,0,146,
1246,2,,,,,,,,,,,,,,,,,0xFF01FE,,,,,,,,,,,,,,,,,0xFF01CC,1.0,3,0,147,
1247,2,,,,,,,,,,,,,,,,,0xFF01FE,,,,,,,,,,,,,,,,,0xFF01CC,1.0,3,0,148,
1248,2,,,,,,,,,,,,,,,,,0xFF01FE,,,,,,,,,,,,,,,,,0xFF01CC,1.0,3,0,149,
1249,2,,,,,,,,,,,,,,,,,0xFF01FE,,,,,,,,,,,,,,,,,0xFF01CC,1.0,3,0,150,
1250,2,,,,,,,,,,,,,,,,,0xFF01FE,,,,,,,,,,,,,,,,,0xFF01CC,1.0,3,0,151,
1251,2,,,,,,,,,,,,,,,,,0xFF01FE,,,,,,,,,,,,,,,,,0xFF01CC,1.0,3,0,152,
1252,2,,,,,,,,,,,,,,,,,0xFF01FE,,,,,,,,,,,,,,,,,0xFF01CC,1.0,3,0,153,
1253,2,,,,,,,,,,,,,,,,,0xFF01FE,,,,,,,,,,,,,,,,,0xFF01CC,1.0,3,0,154,
1254,2,,,,,,,,,,,,,,,,,0xFF01FE,,,,,,,,,,,,,,,,,0xFF01CC,1.0,3,0,155,
1255,2,,,,,,,,,,,,,,,,,0xFF01FE,,,,,,,,,,,,,,,,,0xFF01CC,1.0,3,0,156,
1256,2,,,,,,,,,,,,,,,,,0xFF01FE,,,,,,,,,,,,,,,,,0xFF01CC,1.0,3,0,157,
1257,2,,,,,,,,,,,,,,,,,0xFF01FE,,,,,,,,,,,,,,,,,0xFF01CC,1.0,3,0,158,
1258,2,,,,,,,,,,,,,,,,,0xFF01FE,,,,,,,,,,,,,,,,,0xFF01CC,1.0,3,0,159,
1259,2,,,,,,,,,,,,,,,,,0xFF01FE,,,,,,,,,,,,,,,,,0xFF01CC,1.0,3,0,160,
1260,2,,,,,,,,,,,,,,,,,0xFF01FE,,,,,,,,,,,,,,,,,0xFF01CC,1.0,3,0,161,
1261,2,,,,,,,,,,,,,,,,,0xFF01FE,,,,,,,,,,,,,,,,,0xFF01CC,1.0,3,0,162,
1262,2,,,,,,,,,,,,,,,,,0xFF01FE,,,,,,,,,,,,,,,,,0xFF01CC,1.0,3,0,163,
1263,2,,,,,,,,,,,,,,,,,0xFF01FE,,,,,,,,,,,,,,,,,0xFF01CC,1.0,3,0,164,
1264,2,,,,,,,,,,,,,,,,,0xFF01FE,,,,,,,,,,,,,,,,,0xFF01CC,1.0,3,0,165,
1265,2,,,,,,,,,,,,,,,,,0xFF01FE,,,,,,,,,,,,,,,,,0xFF01CC,1.0,3,0,166,
1266,2,,,,,,,,,,,,,,,,,0xFF01FE,,,,,,,,,,,,,,,,,0xFF01CC,1.0,3,0,167,
1267,2,,,,,,,,,,,,,,,,,0xFF01FE,,,,,,,,,,,,,,,,,0xFF01CC,1.0,3,0,168,
1268,2,,,,,,,,,,,,,,,,,0xFF01FE,,,,,,,,,,,,,,,,,0xFF01CC,1.0,3,0,169,
1269,2,,,,,,,,,,,,,,,,,0xFF01FE,,,,,,,,,,,,,,,,,0xFF01CC,1.0,3,0,170,
1270,2,,,,,,,,,,,,,,,,,0xFF01FE,,,,,,,,,,,,,,,,,0xFF01CC,1.0,3,0,171,
1271,2,,,,,,,,,,,,,,,,,0xFF01FE,,,,,,,,,,,,,,,,,0xFF01CC,1.0,3,0,172,
1272,2,,,,,,,,,,,,,,,,,0xFF01FE,,,,,,,,,,,,,,,,,0xFF01CC,1.0,3,0,173,
1273,2,,,,,,,,,,,,,,,,,0xFF01FE,,,,,,,,,,,,,,,,,0xFF01CC,1.0,3,0,174,
1274,2,,,,,,,,,,,,,,,,,0xFF01FE,,,,,,,,,,,,,,,,,0xFF01CC,1.0,3,0,175,
1275,2,,,,,,,,,,,,,,,,,0xFF01FE,,,,,,,,,,,,,,,,,0xFF01CC,1.0,3,0,176,
1276,2,,,,,,,,,,,,,,,,,0xFF01FE,,,,,,,,,,,,,,,,,0xFF01CC,1.0,3,0,177,
1277,2,,,,,,,,,,,,,,,,,0xFF01FE,,,,,,,,,,,,,,,,,0xFF01CC,1.0,3,0,178,
1278,2,,,,,,,,,,,,,,,,,0xFF01FE,,,,,,,,,,,,,,,,,0xFF01CC,1.0,3,0,179,
1279,2,,,,,,,,,,,,,,,,,0xFF01FE,,,,,,,,,,,,,,,,,0xFF01CC,1.0,3,0,180,
1280,2,,,,,,,,,,,,,,,,,0xFF01FE,,,,,,,,,,,,,,,,,0xFF01CC,1.0,3,0,181,
1281,2,,,,,,,,,,,,,,,,,0xFF01FE,,,,,,,,,,,,,,,,,0xFF01CC,1.0,3,0,182,
1282,2,,,,,,,,,,,,,,,,,0xFF01FE,,,,,,,,,,,,,,,,,0xFF01CC,1.0,3,0,183,
1283,2,,,,,,,,,,,,,,,,,0xFF01FE,,,,,,,,,,,,,,,,,0xFF01CC,1.0,3,0,184,
1284,2,,,,,,,,,,,,,,,,,0xFF01FE,,,,,,,,,,,,,,,,,0xFF01CC,1.0,3,0,185,
1285,2,,,,,,,,,,,,,,,,,0xFF01FE,,,,,,,,,,,,,,,,,0xFF01CC,1.0,3,0,186,
1286,2,,,,,,,,,,,,,,,,,0xFF01FE,,,,,,,,,,,,,,,,,0xFF01CC,1.0,3,0,187,
1287,2,,,,,,,,,,,,,,,,,0xFF01FE,,,,,,,,,,,,,,,,,0xFF01CC,1.0,3,0,188,
1288,2,,,,,,,,,,,,,,,,,0xFF01FE,,,,,,,,,,,,,,,,,0xFF01CC,1.0,3,0,189,
1289,2,,,,,,,,,,,,,,,,,0xFF01FE,,,,,,,,,,,,,,,,,0xFF01CC,1.0,3,0,190,
1290,2,,,,,,,,,,,,,,,,,0xFF01FE,,,,,,,,,,,,,,,,,0xFF01CC,1.0,3,0,191,
1291,2,,,,,,,,,,,,,,,,,0xFF01FE,,,,,,,,,,,,,,,,,0xFF01CC,1.0,3,0,192,
1292,2,,,,,,,,,,,,,,,,,0xFF01FE,,,,,,,,,,,,,,,,,0xFF01CC,1.0,3,0,193,
1293,2,,,,,,,,,,,,,,,,,0xFF01FE,,,,,,,,,,,,,,,,,0xFF01CC,1.0,3,0,194,
1294,2,,,,,,,,,,,,,,,,,0xFF01FE,,,,,,,,,,,,,,,,,0xFF01CC,1.0,3,0,195,
1295,2,,,,,,,,,,,,,,,,,0xFF01FE,,,,,,,,,,,,,,,,,0xFF01CC,1.0,3,0,196,
1296,2,,,,,,,,,,,,,,,,,0xFF01FE,,,,,,,,,,,,,,,,,0xFF01CC,1.0,3,0,197,
1297,2,,,,,,,,,,,,,,,,,0xFF01FE,,,,,,,,,,,,,,,,,0xFF01CC,1.0,3,0,198,
1298,2,,,,,,,,,,,,,,,,,0xFF01FE,,,,,,,,,,,,,,,,,0xFF01CC,1.0,3,0,199,
1299,2,,,,,,,,,,,,,,,,,0xFF01FE,,,,,,,,,,,,,,,,,0xFF01CC,1.0,3,0,200,
1300,2,,,,,,,,,,,,,,,,,0xFF01FE,,,,,,,,,,,,,,,,,0xFF01CC,1.0,3,0,201,
1301,2,,,,,,,,,,,,,,,,,0xFF01FE,,,,,,,,,,,,,,,,,0xFF01CC,1.0,3,0,202,
1302,2,,,,,,,,,,,,,,,,,0xFF01FE,,,,,,,,,,,,,,,,,0xFF01CC,1.0,3,0,203,
1303,2,,,,,,,,,,,,,,,,,0xFF01FE,,,,,,,,,,,,,,,,,0xFF01CC,1.0,3,0,204,
1304,2,,,,,,,,,,,,,,,,,0xFF01FE,,,,,,,,,,,,,,,,,0xFF01CC,1.0,3,0,205,
1305,2,,,,,,,,,,,,,,,,,0xFF01FE,,,,,,,,,,,,,,,,,0xFF01CC,1.0,3,0,206,
1306,2,,,,,,,,,,,,,,,,,0xFF01FE,,,,,,,,,,,,,,,,,0xFF01CC,1.0,3,0,207,
1307,2,,,,,,,,,,,,,,,,,0xFF01FE,,,,,,,,,,,,,,,,,0xFF01CC,1.0,3,0,208,
1308,2,,,,,,,,,,,,,,,,,0xFF01FE,,,,,,,,,,,,,,,,,0xFF01CC,1.0,3,0,209,
1309,2,,,,,,,,,,,,,,,,,0xFF01FE,,,,,,,,,,,,,,,,,0xFF01CC,1.0,3,0,210,
1310,2,,,,,,,,,,,,,,,,,0xFF01FE,,,,,,,,,,,,,,,,,0xFF01CC,1.0,3,0,211,
1311,2,,,,,,,,,,,,,,,,,0xFF01FE,,,,,,,,,,,,,,,,,0xFF01CC,1.0,3,0,212,
1312,2,,,,,,,,,,,,,,,,,0xFF01FE,,,,,,,,,,,,,,,,,0xFF01CC,1.0,3,0,213,
1313,2,,,,,,,,,,,,,,,,,0xFF01FE,,,,,,,,,,,,,,,,,0xFF01CC,1.0,3,0,214,
1314,2,,,,,,,,,,,,,,,,,0xFF01FE,,,,,,,,,,,,,,,,,0xFF01CC,1.0,3,0,215,
1315,2,,,,,,,,,,,,,,,,,0xFF01FE,,,,,,,,,,,,,,,,,0xFF01CC,1.0,3,0,216,
1316,2,,,,,,,,,,,,,,,,,0xFF01FE,,,,,,,,,,,,,,,,,0xFF01CC,1.0,3,0,217,
1317,2,,,,,,,,,,,,,,,,,0xFF01FE,,,,,,,,,,,,,,,,,0xFF01CC,1.0,3,0,218,
1318,2,,,,,,,,,,,,,,,,,0xFF01FE,,,,,,,,,,,,,,,,,0xFF01CC,1.0,3,0,219,
1319,2,,,,,,,,,,,,,,,,,0xFF01FE,,,,,,,,,,,,,,,,,0xFF01CC,1.0,3,0,220,
1320,2,,,,,,,,,,,,,,,,,0xFF01FE,,,,,,,,,,,,,,,,,0xFF01CC,1.0,3,0,221,
1321,2,,,,,,,,,,,,,,,,,0xFF01FE,,,,,,,,,,,,,,,,,0xFF01CC,1.0,3,0,222,
1322,2,,,,,,,,,,,,,,,,,0xFF01FE,,,,,,,,,,,,,,,,,0xFF01CC,1.0,3,0,223,
1323,2,,,,,,,,,,,,,,,,,0xFF01FE,,,,,,,,,,,,,,,,,0xFF01CC,1.0,3,0,224,
1324,2,,,,,,,,,,,,,,,,,0xFF01FE,,,,,,,,,,,,,,,,,0xFF01CC,1.0,3,0,225,
1325,2,,,,,,,,,,,,,,,,,0xFF01FE,,,,,,,,,,,,,,,,,0xFF01CC,1.0,3,0,226,
1326,2,,,,,,,,,,,,,,,,,0xFF01FE,,,,,,,,,,,,,,,,,0xFF01CC,1.0,3,0,227,
1327,2,,,,,,,,,,,,,,,,,0xFF01FE,,,,,,,,,,,,,,,,,0xFF01CC,1.0,3,0,228,
1328,2,,,,,,,,,,,,,,,,,0xFF01FE,,,,,,,,,,,,,,,,,0xFF01CC,1.0,3,0,229,
1329,2,,,,,,,,,,,,,,,,,0xFF01FE,,,,,,,,,,,,,,,,,0xFF01CC,1.0,3,0,230,
1330,2,,,,,,,,,,,,,,,,,0xFF01FE,,,,,,,,,,,,,,,,,0xFF01CC,1.0,3,0,231,
1331,2,,,,,,,,,,,,,,,,,0xFF01FE,,,,,,,,,,,,,,,,,0xFF01CC,1.0,3,0,232,
1332,2,,,,,,,,,,,,,,,,,0xFF01FE,,,,,,,,,,,,,,,,,0xFF01CC,1.0,3,0,233,
1333,2,,,,,,,,,,,,,,,,,0xFF01FE,,,,,,,,,,,,,,,,,0xFF01CC,1.0,3,0,234,
1334,2,,,,,,,,,,,,,,,,,0xFF01FE,,,,,,,,,,,,,,,,,0xFF01CC,1.0,3,0,235,
1335,2,,,,,,,,,,,,,,,,,0xFF01FE,,,,,,,,,,,,,,,,,0xFF01CC,1.0,3,0,236,
1336,2,,,,,,,,,,,,,,,,,0xFF01FE,,,,,,,,,,,,,,,,,0xFF01CC,1.0,3,0,237,
1337,2,,,,,,,,,,,,,,,,,0xFF01FE,,,,,,,,,,,,,,,,,0xFF01CC,1.0,3,0,238,
1338,2,,,,,,,,,,,,,,,,,0xFF01FE,,,,,,,,,,,,,,,,,0xFF01CC,1.0,3,0,239,
1339,0,,,,,,,,,,,,,,,,,0xFF01FE,,,,,,,,,,,,,,,,,0xFF01CC,1.0,3,1,0,
1340,0,,,,,,,,,,,,,,,,,0xFF01FE,,,,,,,,,,,,,,,,,0xFF01CC,1.0,3,1,1,
1341,0,,,,,,,,,,,,,,,,,0xFF01FE,,,,,,,,,,,,,,,,,0xFF01CC,1.0,3,1,2,
1342,0,,,,,,,,,,,,,,,,,0xFF01FE,,,,,,,,,,,,,,,,,0xFF01CC,1.0,3,1,3,
1343,0,,,,,,,,,,,,,,,,,0xFF01FE,,,,,,,,,,,,,,,,,0xFF01CC,1.0,3,1,4,
1344,0,,,,,,,,,,,,,,,,,0xFF01FE,,,,,,,,,,,,,,,,,0xFF01CC,1.0,3,1,5,
1345,0,,,,,,,,,,,,,,,,,0xFF01FE,,,,,,,,,,,,,,,,,0xFF01CC,1.0,3,1,6,
1346,0,,,,,,,,,,,,,,,,,0xFF01FE,,,,,,,,,,,,,,,,,0xFF01CC,1.0,3,1,7,
1347,0,,,,,,,,,,,,,,,,,0xFF01FE,,,,,,,,,,,,,,,,,0xFF01CC,1.0,3,1,8,
1348,0,,,,,,,,,,,,,,,,,0xFF01FE,,,,,,,,,,,,,,,,,0xFF01CC,1.0,3,1,9,
1349,0,,,,,,,,,,,,,,,,,0xFF01FE,,,,,,,,,,,,,,,,,0xFF01CC,1.0,3,1,10,
1350,0,,,,,,,,,,,,,,,,,0xFF01FE,,,,,,,,,,,,,,,,,0xFF01CC,1.0,3,1,11,
1351,0,,,,,,,,,,,,,,,,,0xFF01FE,,,,,,,,,,,,,,,,,0xFF01CC,1.0,3,1,12,
1352,0,,,,,,,,,,,,,,,,,0xFF01FE,,,,,,,,,,,,,,,,,0xFF01CC,1.0,3,1,13,
1353,0,,,,,,,,,,,,,,,,,0xFF01FE,,,,,,,,,,,,,,,,,0x11FFB7FC,1.0,3,1,14,
1354,0,,,,,,,,,,,,,,,,,0xFF01FE,,,,,,,,,,,,,,,,,0x11FFB7FC,1.0,3,1,15,
1355,0,,,,,,,,,,,,,,,,,0xFF01FE,,,,,,,,,,,,,,,,,0x11FFB7FC,1.0,3,1,16,
1356,0,,,,,,,,,,,,,,,,,0xFF01FE,,,,,,,,,,,,,,,,,0x11FFB7FC,1.0,3,1,17,
1357,0,,,,,,,,,,,,,,,,,0xFF01FE,,,,,,,,,,,,,,,,,0x11FFB7FC,1.0,3,1,18,
1358,0,,,,,,,,,,,,,,,,,0xFF01FE,,,,,,,,,,,,,,,,,0x11FFB7FC,1.0,3,1,19,
1359,0,,,,,,,,,,,,,,,,,0xFF01FE,,,,,,,,,,,,,,,,,0x11FFB7FC,1.0,3,1,20,
1360,0,,,,,,,,,,,,,,,,,0xFF01FE,,,,,,,,,,,,,,,,,0x11FFB7FC,1.0,3,1,21,
1361,0,,,,,,,,,,,,,,,,,0xFF01FE,,,,,,,,,,,,,,,,,0x11FFB7FC,1.0,3,1,22,
1362,0,,,,,,,,,,,,,,,,,0xFF01FE,,,,,,,,,,,,,,,,,0x11FFB7FC,1.0,3,1,23,
1363,0,,,,,,,,,,,,,,,,,0xFF01FE,,,,,,,,,,,,,,,,,0x11FFB7FC,1.0,3,1,24,
1364,0,,,,,,,,,,,,,,,,,0xFF01FE,,,,,,,,,,,,,,,,,0x11FFB7FC,1.0,3,1,25,
1365,2,,,,,,,,,,,,,,,,,0xFF01FE,,,,,,,,,,,,,,,,,0xFF01CC,1.0,3,1,0,
1366,2,,,,,,,,,,,,,,,,,0xFF01FE,,,,,,,,,,,,,,,,,0xFF01CC,1.0,3,1,1,
1367,2,,,,,,,,,,,,,,,,,0xFF01FE,,,,,,,,,,,,,,,,,0xFF01CC,1.0,3,1,2,
1368,2,,,,,,,,,,,,,,,,,0xFF01FE,,,,,,,,,,,,,,,,,0xFF01CC,1.0,3,1,3,
1369,2,,,,,,,,,,,,,,,,,0xFF01FE,,,,,,,,,,,,,,,,,0xFF01CC,1.0,3,1,4,
1370,2,,,,,,,,,,,,,,,,,0xFF01FE,,,,,,,,,,,,,,,,,0xFF01CC,1.0,3,1,5,
1371,2,,,,,,,,,,,,,,,,,0xFF01FE,,,,,,,,,,,,,,,,,0xFF01CC,1.0,3,1,6,
1372,2,,,,,,,,,,,,,,,,,0xFF01FE,,,,,,,,,,,,,,,,,0xFF01CC,1.0,3,1,7,
1373,2,,,,,,,,,,,,,,,,,0xFF01FE,,,,,,,,,,,,,,,,,0xFF01CC,1.0,3,1,8,
1374,2,,,,,,,,,,,,,,,,,0xFF01FE,,,,,,,,,,,,,,,,,0xFF01CC,1.0,3,1,9,
1375,2,,,,,,,,,,,,,,,,,0xFF01FE,,,,,,,,,,,,,,,,,0xFF01CC,1.0,3,1,10,
1376,2,,,,,,,,,,,,,,,,,0xFF01FE,,,,,,,,,,,,,,,,,0xFF01CC,1.0,3,1,11,
1377,2,,,,,,,,,,,,,,,,,0xFF01FE,,,,,,,,,,,,,,,,,0xFF01CC,1.0,3,1,12,
1378,2,,,,,,,,,,,,,,,,,0xFF01FE,,,,,,,,,,,,,,,,,0xFF01CC,1.0,3,1,13,
1379,2,,,,,,,,,,,,,,,,,0xFF01FE,,,,,,,,,,,,,,,,,0xFF01CC,1.0,3,1,14,
1380,2,,,,,,,,,,,,,,,,,0xFF01FE,,,,,,,,,,,,,,,,,0xFF01CC,1.0,3,1,15,
1381,2,,,,,,,,,,,,,,,,,0xFF01FE,,,,,,,,,,,,,,,,,0xFF01CC,1.0,3,1,16,
1382,2,,,,,,,,,,,,,,,,,0xFF01FE,,,,,,,,,,,,,,,,,0xFF01CC,1.0,3,1,17,
1383,2,,,,,,,,,,,,,,,,,0xFF01FE,,,,,,,,,,,,,,,,,0xFF01CC,1.0,3,1,18,
1384,2,,,,,,,,,,,,,,,,,0xFF01FE,,,,,,,,,,,,,,,,,0xFF01CC,1.0,3,1,19,
1385,2,,,,,,,,,,,,,,,,,0xFF01FE,,,,,,,,,,,,,,,,,0xFF01CC,1.0,3,1,20,
1386,2,,,,,,,,,,,,,,,,,0xFF01FE,,,,,,,,,,,,,,,,,0xFF01CC,1.0,3,1,21,
1387,2,,,,,,,,,,,,,,,,,0xFF01FE,,,,,,,,,,,,,,,,,0xFF01CC,1.0,3,1,22,
1388,2,,,,,,,,,,,,,,,,,0xFF01FE,,,,,,,,,,,,,,,,,0xFF01CC,1.0,3,1,23,
1389,2,,,,,,,,,,,,,,,,,0xFF01FE,,,,,,,,,,,,,,,,,0xFF01CC,1.0,3,1,24,
1390,2,,,,,,,,,,,,,,,,,0xFF01FE,,,,,,,,,,,,,,,,,0xFF01CC,1.0,3,1,25,
1391,2,,,,,,,,,,,,,,,,,0xFF01FE,,,,,,,,,,,,,,,,,0xFF01CC,1.0,3,1,26,
1392,2,,,,,,,,,,,,,,,,,0xFF01FE,,,,,,,,,,,,,,,,,0xFF01CC,1.0,3,1,27,
1393,2,,,,,,,,,,,,,,,,,0xFF01FE,,,,,,,,,,,,,,,,,0xFF01CC,1.0,3,1,28,
1394,2,,,,,,,,,,,,,,,,,0xFF01FE,,,,,,,,,,,,,,,,,0xFF01CC,1.0,3,1,29,
1395,2,,,,,,,,,,,,,,,,,0xFF01FE,,,,,,,,,,,,,,,,,0xFF01CC,1.0,3,1,30,
1396,2,,,,,,,,,,,,,,,,,0xFF01FE,,,,,,,,,,,,,,,,,0xFF01CC,1.0,3,1,31,
1397,2,,,,,,,,,,,,,,,,,0xFF01FE,,,,,,,,,,,,,,,,,0xFF01CC,1.0,3,1,32,
1398,2,,,,,,,,,,,,,,,,,0xFF01FE,,,,,,,,,,,,,,,,,0xFF01CC,1.0,3,1,33,
1399,2,,,,,,,,,,,,,,,,,0xFF01FE,,,,,,,,,,,,,,,,,0xFF01CC,1.0,3,1,34,
1400,2,,,,,,,,,,,,,,,,,0xFF01FE,,,,,,,,,,,,,,,,,0xFF01CC,1.0,3,1,35,
1401,2,,,,,,,,,,,,,,,,,0xFF01FE,,,,,,,,,,,,,,,,,0xFF01CC,1.0,3,1,36,
1402,2,,,,,,,,,,,,,,,,,0xFF01FE,,,,,,,,,,,,,,,,,0xFF01CC,1.0,3,1,37,
1403,2,,,,,,,,,,,,,,,,,0xFF01FE,,,,,,,,,,,,,,,,,0xFF01CC,1.0,3,1,38,
1404,2,,,,,,,,,,,,,,,,,0xFF01FE,,,,,,,,,,,,,,,,,0xFF01CC,1.0,3,1,39,
1405,2,,,,,,,,,,,,,,,,,0xFF01FE,,,,,,,,,,,,,,,,,0xFF01CC,1.0,3,1,40,
1406,2,,,,,,,,,,,,,,,,,0xFF01FE,,,,,,,,,,,,,,,,,0xFF01CC,1.0,3,1,41,
1407,2,,,,,,,,,,,,,,,,,0xFF01FE,,,,,,,,,,,,,,,,,0xFF01CC,1.0,3,1,42,
1408,2,,,,,,,,,,,,,,,,,0xFF01FE,,,,,,,,,,,,,,,,,0xFF01CC,1.0,3,1,43,
1409,2,,,,,,,,,,,,,,,,,0xFF01FE,,,,,,,,,,,,,,,,,0xFF01CC,1.0,3,1,44,
1410,2,,,,,,,,,,,,,,,,,0xFF01FE,,,,,,,,,,,,,,,,,0xFF01CC,1.0,3,1,45,
1411,2,,,,,,,,,,,,,,,,,0xFF01FE,,,,,,,,,,,,,,,,,0xFF01CC,1.0,3,1,46,
1412,2,,,,,,,,,,,,,,,,,0xFF01FE,,,,,,,,,,,,,,,,,0xFF01CC,1.0,3,1,47,
1413,0,,,,,,,,,,,,,,,,,0xFF01FE,,,,,,,,,,,,,,,,,0xFF01CC,1.0,4,0,0,
1414,0,,,,,,,,,,,,,,,,,0xFF01FE,,,,,,,,,,,,,,,,,0xFF01CC,1.0,4,0,1,
1415,0,,,,,,,,,,,,,,,,,0xFF01FE,,,,,,,,,,,,,,,,,0xFF01CC,1.0,4,0,2,
1416,0,,,,,,,,,,,,,,,,,0xFF01FE,,,,,,,,,,,,,,,,,0xFF01CC,1.0,4,0,3,
1417,0,,,,,,,,,,,,,,,,,0xFF01FE,,,,,,,,,,,,,,,,,0xFF01CC,1.0,4,0,4,
1418,0,,,,,,,,,,,,,,,,,0xFF01FE,,,,,,,,,,,,,,,,,0xFF01CC,1.0,4,0,5,
1419,0,,,,,,,,,,,,,,,,,0xFF01FE,,,,,,,,,,,,,,,,,0xFF01CC,1.0,4,0,6,
1420,0,,,,,,,,,,,,,,,,,0xFF01FE,,,,,,,,,,,,,,,,,0xD3FF83DE,1.0,4,0,7,
1421,0,,,,,,,,,,,,,,,,,0xFF01FE,,,,,,,,,,,,,,,,,0xD3FF83DE,1.0,4,0,8,
1422,0,,,,,,,,,,,,,,,,,0xFF01FE,,,,,,,,,,,,,,,,,0xD3FF83DE,1.0,4,0,9,
1423,0,,,,,,,,,,,,,,,,,0xFF01FE,,,,,,,,,,,,,,,,,0xD3FF83DE,1.0,4,0,10,
1424,0,,,,,,,,,,,,,,,,,0xFF01FE,,,,,,,,,,,,,,,,,0xD3FF83DE,1.0,4,0,11,
1425,0,,,,,,,,,,,,,,,,,0xFF01FE,,,,,,,,,,,,,,,,,0xD3FF83DE,1.0,4,0,11,
1426,0,,,,,,,,,,,,,,,,,0xFF01FE,,,,,,,,,,,,,,,,,0xD3FF83DE,1.0,4,0,12,
1427,0,,,,,,,,,,,,,,,,,0xFF01FE,,,,,,,,,,,,,,,,,0xD3FF83DE,1.0,4,0,13,
1428,0,,,,,,,,,,,,,,,,,0xFF01FE,,,,,,,,,,,,,,,,,0xD3FF83DE,1.0,4,0,14,
1429,0,,,,,,,,,,,,,,,,,0xFF01FE,,,,,,,,,,,,,,,,,0xD3FF83DE,1.0,4,0,15,
1430,0,,,,,,,,,,,,,,,,,0xFF01FE,,,,,,,,,,,,,,,,,0xD3FF83DE,1.0,4,0,16,
1431,0,,,,,,,,,,,,,,,,,0xFF01FE,,,,,,,,,,,,,,,,,0xD3FF83DE,1.0,4,0,17,
1432,2,,,,,,,,,,,,,,,,,0xFF01FE,,,,,,,,,,,,,,,,,0xFF01CC,1.0,4,0,0,
1433,2,,,,,,,,,,,,,,,,,0xFF01FE,,,,,,,,,,,,,,,,,0xFF01CC,1.0,4,0,1,
1434,2,,,,,,,,,,,,,,,,,0xFF01FE,,,,,,,,,,,,,,,,,0xFF01CC,1.0,4,0,2,
1435,2,,,,,,,,,,,,,,,,,0xFF01FE,,,,,,,,,,,,,,,,,0xFF01CC,1.0,4,0,3,
1436,2,,,,,,,,,,,,,,,,,0xFF01FE,,,,,,,,,,,,,,,,,0xFF01CC,1.0,4,0,4,
1437,2,,,,,,,,,,,,,,,,,0xFF01FE,,,,,,,,,,,,,,,,,0xFF01CC,1.0,4,0,5,
1438,2,,,,,,,,,,,,,,,,,0xFF01FE,,,,,,,,,,,,,,,,,0xFF01CC,1.0,4,0,6,
1439,2,,,,,,,,,,,,,,,,,0xFF01FE,,,,,,,,,,,,,,,,,0xFF01CC,1.0,4,0,7,
1440,2,,,,,,,,,,,,,,,,,0xFF01FE,,,,,,,,,,,,,,,,,0xFF01CC,1.0,4,0,8,
1441,2,,,,,,,,,,,,,,,,,0xFF01FE,,,,,,,,,,,,,,,,,0xFF01CC,1.0,4,0,9,
1442,2,,,,,,,,,,,,,,,,,0xFF01FE,,,,,,,,,,,,,,,,,0xFF01CC,1.0,4,0,10,
1443,2,,,,,,,,,,,,,,,,,0xFF01FE,,,,,,,,,,,,,,,,,0xFF01CC,1.0,4,0,11,
1444,2,,,,,,,,,,,,,,,,,0xFF01FE,,,,,,,,,,,,,,,,,0xFF01CC,1.0,4,0,12,
1445,2,,,,,,,,,,,,,,,,,0xFF01FE,,,,,,,,,,,,,,,,,0xFF01CC,1.0,4,0,13,
1446,2,,,,,,,,,,,,,,,,,0xFF01FE,,,,,,,,,,,,,,,,,0xFF01CC,1.0,4,0,14,
1447,2,,,,,,,,,,,,,,,,,0xFF01FE,,,,,,,,,,,,,,,,,0xFF01CC,1.0,4,0,15,
1448,2,,,,,,,,,,,,,,,,,0xFF01FE,,,,,,,,,,,,,,,,,0xFF01CC,1.0,4,0,16,
1449,2,,,,,,,,,,,,,,,,,0xFF01FE,,,,,,,,,,,,,,,,,0xFF01CC,1.0,4,0,17,
1450,2,,,,,,,,,,,,,,,,,0xFF01FE,,,,,,,,,,,,,,,,,0xFF01CC,1.0,4,0,18,
1451,2,,,,,,,,,,,,,,,,,0xFF01FE,,,,,,,,,,,,,,,,,0xFF01CC,1.0,4,0,19,
1452,2,,,,,,,,,,,,,,,,,0xFF01FE,,,,,,,,,,,,,,,,,0xFF01CC,1.0,4,0,20,
1453,2,,,,,,,,,,,,,,,,,0xFF01FE,,,,,,,,,,,,,,,,,0xFF01CC,1.0,4,0,21,
1454,2,,,,,,,,,,,,,,,,,0xFF01FE,,,,,,,,,,,,,,,,,0xFF01CC,1.0,4,0,22,
1455,2,,,,,,,,,,,,,,,,,0xFF01FE,,,,,,,,,,,,,,,,,0xFF01CC,1.0,4,0,23,
1456,2,,,,,,,,,,,,,,,,,0xFF01FE,,,,,,,,,,,,,,,,,0xFF01CC,1.0,4,0,24,
1457,2,,,,,,,,,,,,,,,,,0xFF01FE,,,,,,,,,,,,,,,,,0xFF01CC,1.0,4,0,25,
1458,2,,,,,,,,,,,,,,,,,0xFF01FE,,,,,,,,,,,,,,,,,0xFF01CC,1.0,4,0,26,
1459,2,,,,,,,,,,,,,,,,,0xFF01FE,,,,,,,,,,,,,,,,,0xFF01CC,1.0,4,0,27,
1460,2,,,,,,,,,,,,,,,,,0xFF01FE,,,,,,,,,,,,,,,,,0xFF01CC,1.0,4,0,28,
1461,2,,,,,,,,,,,,,,,,,0xFF01FE,,,,,,,,,,,,,,,,,0xFF01CC,1.0,4,0,29,
1462,2,,,,,,,,,,,,,,,,,0xFF01FE,,,,,,,,,,,,,,,,,0xFF01CC,1.0,4,0,30,
1463,2,,,,,,,,,,,,,,,,,0xFF01FE,,,,,,,,,,,,,,,,,0xFF01CC,1.0,4,0,31,
1464,2,,,,,,,,,,,,,,,,,0xFF01FE,,,,,,,,,,,,,,,,,0xFF01CC,1.0,4,0,32,
1465,2,,,,,,,,,,,,,,,,,0xFF01FE,,,,,,,,,,,,,,,,,0xFF01CC,1.0,4,0,33,
1466,2,,,,,,,,,,,,,,,,,0xFF01FE,,,,,,,,,,,,,,,,,0xFF01CC,1.0,4,0,34,
1467,2,,,,,,,,,,,,,,,,,0xFF01FE,,,,,,,,,,,,,,,,,0xFF01CC,1.0,4,0,35,
1468,2,,,,,,,,,,,,,,,,,0xFF01FE,,,,,,,,,,,,,,,,,0xFF01CC,1.0,4,0,36,
1469,2,,,,,,,,,,,,,,,,,0xFF01FE,,,,,,,,,,,,,,,,,0xFF01CC,1.0,4,0,37,
1470,2,,,,,,,,,,,,,,,,,0xFF01FE,,,,,,,,,,,,,,,,,0xFF01CC,1.0,4,0,38,
1471,2,,,,,,,,,,,,,,,,,0xFF01FE,,,,,,,,,,,,,,,,,0xFF01CC,1.0,4,0,39,
1472,2,,,,,,,,,,,,,,,,,0xFF01FE,,,,,,,,,,,,,,,,,0xFF01CC,1.0,4,0,40,
1473,2,,,,,,,,,,,,,,,,,0xFF01FE,,,,,,,,,,,,,,,,,0xFF01CC,1.0,4,0,41,
1474,2,,,,,,,,,,,,,,,,,0xFF01FE,,,,,,,,,,,,,,,,,0xFF01CC,1.0,4,0,42,
1475,2,,,,,,,,,,,,,,,,,0xFF01FE,,,,,,,,,,,,,,,,,0xFF01CC,1.0,4,0,43,
1476,2,,,,,,,,,,,,,,,,,0xFF01FE,,,,,,,,,,,,,,,,,0xFF01CC,1.0,4,0,44,
1477,2,,,,,,,,,,,,,,,,,0xFF01FE,,,,,,,,,,,,,,,,,0xFF01CC,1.0,4,0,45,
1478,2,,,,,,,,,,,,,,,,,0xFF01FE,,,,,,,,,,,,,,,,,0xFF01CC,1.0,4,0,46,
1479,2,,,,,,,,,,,,,,,,,0xFF01FE,,,,,,,,,,,,,,,,,0xFF01CC,1.0,4,0,47,
1480,2,,,,,,,,,,,,,,,,,0xFF01FE,,,,,,,,,,,,,,,,,0xFF01CC,1.0,4,0,48,
1481,2,,,,,,,,,,,,,,,,,0xFF01FE,,,,,,,,,,,,,,,,,0xFF01CC,1.0,4,0,49,
1482,2,,,,,,,,,,,,,,,,,0xFF01FE,,,,,,,,,,,,,,,,,0xFF01CC,1.0,4,0,50,
1483,2,,,,,,,,,,,,,,,,,0xFF01FE,,,,,,,,,,,,,,,,,0xFF01CC,1.0,4,0,51,
1484,2,,,,,,,,,,,,,,,,,0xFF01FE,,,,,,,,,,,,,,,,,0xFF01CC,1.0,4,0,52,
1485,2,,,,,,,,,,,,,,,,,0xFF01FE,,,,,,,,,,,,,,,,,0xFF01CC,1.0,4,0,53,
1486,2,,,,,,,,,,,,,,,,,0xFF01FE,,,,,,,,,,,,,,,,,0xFF01CC,1.0,4,0,54,
1487,2,,,,,,,,,,,,,,,,,0xFF01FE,,,,,,,,,,,,,,,,,0xFF01CC,1.0,4,0,55,
1488,2,,,,,,,,,,,,,,,,,0xFF01FE,,,,,,,,,,,,,,,,,0xFF01CC,1.0,4,0,56,
1489,2,,,,,,,,,,,,,,,,,0xFF01FE,,,,,,,,,,,,,,,,,0xFF01CC,1.0,4,0,57,
1490,2,,,,,,,,,,,,,,,,,0xFF01FE,,,,,,,,,,,,,,,,,0xFF01CC,1.0,4,0,58,
1491,2,,,,,,,,,,,,,,,,,0xFF01FE,,,,,,,,,,,,,,,,,0xFF01CC,1.0,4,0,59,
1492,2,,,,,,,,,,,,,,,,,0xFF01FE,,,,,,,,,,,,,,,,,0xFF01CC,1.0,4,0,60,
1493,2,,,,,,,,,,,,,,,,,0xFF01FE,,,,,,,,,,,,,,,,,0xFF01CC,1.0,4,0,61,
1494,2,,,,,,,,,,,,,,,,,0xFF01FE,,,,,,,,,,,,,,,,,0xFF01CC,1.0,4,0,62,
1495,2,,,,,,,,,,,,,,,,,0xFF01FE,,,,,,,,,,,,,,,,,0xFF01CC,1.0,4,0,63,
1496,2,,,,,,,,,,,,,,,,,0xFF01FE,,,,,,,,,,,,,,,,,0xFF01CC,1.0,4,0,64,
1497,2,,,,,,,,,,,,,,,,,0xFF01FE,,,,,,,,,,,,,,,,,0xFF01CC,1.0,4,0,65,
1498,2,,,,,,,,,,,,,,,,,0xFF01FE,,,,,,,,,,,,,,,,,0xFF01CC,1.0,4,0,66,
1499,2,,,,,,,,,,,,,,,,,0xFF01FE,,,,,,,,,,,,,,,,,0xFF01CC,1.0,4,0,67,
1500,2,,,,,,,,,,,,,,,,,0xFF01FE,,,,,,,,,,,,,,,,,0xFF01CC,1.0,4,0,68,
1501,2,,,,,,,,,,,,,,,,,0xFF01FE,,,,,,,,,,,,,,,,,0xFF01CC,1.0,4,0,69,
1502,2,,,,,,,,,,,,,,,,,0xFF01FE,,,,,,,,,,,,,,,,,0xFF01CC,1.0,4,0,70,
1503,2,,,,,,,,,,,,,,,,,0xFF01FE,,,,,,,,,,,,,,,,,0xFF01CC,1.0,4,0,71,
1504,2,,,,,,,,,,,,,,,,,0xFF01FE,,,,,,,,,,,,,,,,,0xFF01CC,1.0,4,0,72,
1505,2,,,,,,,,,,,,,,,,,0xFF01FE,,,,,,,,,,,,,,,,,0xFF01CC,1.0,4,0,73,
1506,2,,,,,,,,,,,,,,,,,0xFF01FE,,,,,,,,,,,,,,,,,0xFF01CC,1.0,4,0,74,
1507,2,,,,,,,,,,,,,,,,,0xFF01FE,,,,,,,,,,,,,,,,,0xFF01CC,1.0,4,0,75,
1508,2,,,,,,,,,,,,,,,,,0xFF01FE,,,,,,,,,,,,,,,,,0xFF01CC,1.0,4,0,76,
1509,2,,,,,,,,,,,,,,,,,0xFF01FE,,,,,,,,,,,,,,,,,0xFF01CC,1.0,4,0,77,
1510,2,,,,,,,,,,,,,,,,,0xFF01FE,,,,,,,,,,,,,,,,,0xFF01CC,1.0,4,0,78,
1511,2,,,,,,,,,,,,,,,,,0xFF01FE,,,,,,,,,,,,,,,,,0xFF01CC,1.0,4,0,79,
1512,2,,,,,,,,,,,,,,,,,0xFF01FE,,,,,,,,,,,,,,,,,0xFF01CC,1.0,4,0,80,
1513,2,,,,,,,,,,,,,,,,,0xFF01FE,,,,,,,,,,,,,,,,,0xFF01CC,1.0,4,0,81,
1514,2,,,,,,,,,,,,,,,,,0xFF01FE,,,,,,,,,,,,,,,,,0xFF01CC,1.0,4,0,82,
1515,2,,,,,,,,,,,,,,,,,0xFF01FE,,,,,,,,,,,,,,,,,0xFF01CC,1.0,4,0,83,
1516,2,,,,,,,,,,,,,,,,,0xFF01FE,,,,,,,,,,,,,,,,,0xFF01CC,1.0,4,0,84,
1517,2,,,,,,,,,,,,,,,,,0xFF01FE,,,,,,,,,,,,,,,,,0xFF01CC,1.0,4,0,85,
1518,2,,,,,,,,,,,,,,,,,0xFF01FE,,,,,,,,,,,,,,,,,0xFF01CC,1.0,4,0,86,
1519,2,,,,,,,,,,,,,,,,,0xFF01FE,,,,,,,,,,,,,,,,,0xFF01CC,1.0,4,0,87,
1520,2,,,,,,,,,,,,,,,,,0xFF01FE,,,,,,,,,,,,,,,,,0xFF01CC,1.0,4,0,88,
1521,2,,,,,,,,,,,,,,,,,0xFF01FE,,,,,,,,,,,,,,,,,0xFF01CC,1.0,4,0,89,
1522,2,,,,,,,,,,,,,,,,,0xFF01FE,,,,,,,,,,,,,,,,,0xFF01CC,1.0,4,0,90,
1523,2,,,,,,,,,,,,,,,,,0xFF01FE,,,,,,,,,,,,,,,,,0xFF01CC,1.0,4,0,91,
1524,2,,,,,,,,,,,,,,,,,0xFF01FE,,,,,,,,,,,,,,,,,0xFF01CC,1.0,4,0,92,
1525,2,,,,,,,,,,,,,,,,,0xFF01FE,,,,,,,,,,,,,,,,,0xFF01CC,1.0,4,0,93,
1526,2,,,,,,,,,,,,,,,,,0xFF01FE,,,,,,,,,,,,,,,,,0xFF01CC,1.0,4,0,94,
1527,2,,,,,,,,,,,,,,,,,0xFF01FE,,,,,,,,,,,,,,,,,0xFF01CC,1.0,4,0,95,
1528,2,,,,,,,,,,,,,,,,,0xFF01FE,,,,,,,,,,,,,,,,,0xFF01CC,1.0,4,0,96,
1529,2,,,,,,,,,,,,,,,,,0xFF01FE,,,,,,,,,,,,,,,,,0xFF01CC,1.0,4,0,97,
1530,2,,,,,,,,,,,,,,,,,0xFF01FE,,,,,,,,,,,,,,,,,0xFF01CC,1.0,4,0,98,
1531,2,,,,,,,,,,,,,,,,,0xFF01FE,,,,,,,,,,,,,,,,,0xFF01CC,1.0,4,0,99,
1532,2,,,,,,,,,,,,,,,,,0xFF01FE,,,,,,,,,,,,,,,,,0xFF01CC,1.0,4,0,100,
1533,2,,,,,,,,,,,,,,,,,0xFF01FE,,,,,,,,,,,,,,,,,0xFF01CC,1.0,4,0,101,
1534,2,,,,,,,,,,,,,,,,,0xFF01FE,,,,,,,,,,,,,,,,,0xFF01CC,1.0,4,0,102,
1535,2,,,,,,,,,,,,,,,,,0xFF01FE,,,,,,,,,,,,,,,,,0xFF01CC,1.0,4,0,103,
1536,2,,,,,,,,,,,,,,,,,0xFF01FE,,,,,,,,,,,,,,,,,0xFF01CC,1.0,4,0,104,
1537,2,,,,,,,,,,,,,,,,,0xFF01FE,,,,,,,,,,,,,,,,,0xFF01CC,1.0,4,0,105,
1538,2,,,,,,,,,,,,,,,,,0xFF01FE,,,,,,,,,,,,,,,,,0xFF01CC,1.0,4,0,106,
1539,2,,,,,,,,,,,,,,,,,0xFF01FE,,,,,,,,,,,,,,,,,0xFF01CC,1.0,4,0,107,
1540,2,,,,,,,,,,,,,,,,,0xFF01FE,,,,,,,,,,,,,,,,,0xFF01CC,1.0,4,0,108,
1541,2,,,,,,,,,,,,,,,,,0xFF01FE,,,,,,,,,,,,,,,,,0xFF01CC,1.0,4,0,109,
1542,2,,,,,,,,,,,,,,,,,0xFF01FE,,,,,,,,,,,,,,,,,0xFF01CC,1.0,4,0,110,
1543,2,,,,,,,,,,,,,,,,,0xFF01FE,,,,,,,,,,,,,,,,,0xFF01CC,1.0,4,0,111,
1544,2,,,,,,,,,,,,,,,,,0xFF01FE,,,,,,,,,,,,,,,,,0xFF01CC,1.0,4,0,112,
1545,2,,,,,,,,,,,,,,,,,0xFF01FE,,,,,,,,,,,,,,,,,0xFF01CC,1.0,4,0,113,
1546,2,,,,,,,,,,,,,,,,,0xFF01FE,,,,,,,,,,,,,,,,,0xFF01CC,1.0,4,0,114,
1547,2,,,,,,,,,,,,,,,,,0xFF01FE,,,,,,,,,,,,,,,,,0xFF01CC,1.0,4,0,115,
1548,2,,,,,,,,,,,,,,,,,0xFF01FE,,,,,,,,,,,,,,,,,0xFF01CC,1.0,4,0,116,
1549,2,,,,,,,,,,,,,,,,,0xFF01FE,,,,,,,,,,,,,,,,,0xFF01CC,1.0,4,0,117,
1550,2,,,,,,,,,,,,,,,,,0xFF01FE,,,,,,,,,,,,,,,,,0xFF01CC,1.0,4,0,118,
1551,2,,,,,,,,,,,,,,,,,0xFF01FE,,,,,,,,,,,,,,,,,0xFF01CC,1.0,4,0,119,
1552,2,,,,,,,,,,,,,,,,,0xFF01FE,,,,,,,,,,,,,,,,,0xFF01CC,1.0,4,0,120,
1553,2,,,,,,,,,,,,,,,,,0xFF01FE,,,,,,,,,,,,,,,,,0xFF01CC,1.0,4,0,121,
1554,2,,,,,,,,,,,,,,,,,0xFF01FE,,,,,,,,,,,,,,,,,0xFF01CC,1.0,4,0,122,
1555,2,,,,,,,,,,,,,,,,,0xFF01FE,,,,,,,,,,,,,,,,,0xFF01CC,1.0,4,0,123,
1556,2,,,,,,,,,,,,,,,,,0xFF01FE,,,,,,,,,,,,,,,,,0xFF01CC,1.0,4,0,124,
1557,2,,,,,,,,,,,,,,,,,0xFF01FE,,,,,,,,,,,,,,,,,0xFF01CC,1.0,4,0,125,
1558,2,,,,,,,,,,,,,,,,,0xFF01FE,,,,,,,,,,,,,,,,,0xFF01CC,1.0,4,0,126,
1559,2,,,,,,,,,,,,,,,,,0xFF01FE,,,,,,,,,,,,,,,,,0xFF01CC,1.0,4,0,127,
1560,2,,,,,,,,,,,,,,,,,0xFF01FE,,,,,,,,,,,,,,,,,0xFF01CC,1.0,4,0,128,
1561,2,,,,,,,,,,,,,,,,,0xFF01FE,,,,,,,,,,,,,,,,,0xFF01CC,1.0,4,0,129,
1562,2,,,,,,,,,,,,,,,,,0xFF01FE,,,,,,,,,,,,,,,,,0xFF01CC,1.0,4,0,130,
1563,2,,,,,,,,,,,,,,,,,0xFF01FE,,,,,,,,,,,,,,,,,0xFF01CC,1.0,4,0,131,
1564,2,,,,,,,,,,,,,,,,,0xFF01FE,,,,,,,,,,,,,,,,,0xFF01CC,1.0,4,0,132,
1565,2,,,,,,,,,,,,,,,,,0xFF01FE,,,,,,,,,,,,,,,,,0xFF01CC,1.0,4,0,133,
1566,2,,,,,,,,,,,,,,,,,0xFF01FE,,,,,,,,,,,,,,,,,0xFF01CC,1.0,4,0,134,
1567,2,,,,,,,,,,,,,,,,,0xFF01FE,,,,,,,,,,,,,,,,,0xFF01CC,1.0,4,0,135,
1568,2,,,,,,,,,,,,,,,,,0xFF01FE,,,,,,,,,,,,,,,,,0xFF01CC,1.0,4,0,136,
1569,2,,,,,,,,,,,,,,,,,0xFF01FE,,,,,,,,,,,,,,,,,0xFF01CC,1.0,4,0,137,
1570,2,,,,,,,,,,,,,,,,,0xFF01FE,,,,,,,,,,,,,,,,,0xFF01CC,1.0,4,0,138,
1571,2,,,,,,,,,,,,,,,,,0xFF01FE,,,,,,,,,,,,,,,,,0xFF01CC,1.0,4,0,139,
1572,2,,,,,,,,,,,,,,,,,0xFF01FE,,,,,,,,,,,,,,,,,0xFF01CC,1.0,4,0,140,
1573,2,,,,,,,,,,,,,,,,,0xFF01FE,,,,,,,,,,,,,,,,,0xFF01CC,1.0,4,0,141,
1574,2,,,,,,,,,,,,,,,,,0xFF01FE,,,,,,,,,,,,,,,,,0xFF01CC,1.0,4,0,142,
1575,2,,,,,,,,,,,,,,,,,0xFF01FE,,,,,,,,,,,,,,,,,0xFF01CC,1.0,4,0,143,
1576,2,,,,,,,,,,,,,,,,,0xFF01FE,,,,,,,,,,,,,,,,,0xFF01CC,1.0,4,0,144,
1577,2,,,,,,,,,,,,,,,,,0xFF01FE,,,,,,,,,,,,,,,,,0xFF01CC,1.0,4,0,145,
1578,2,,,,,,,,,,,,,,,,,0xFF01FE,,,,,,,,,,,,,,,,,0xFF01CC,1.0,4,0,146,
1579,2,,,,,,,,,,,,,,,,,0xFF01FE,,,,,,,,,,,,,,,,,0xFF01CC,1.0,4,0,147,
1580,2,,,,,,,,,,,,,,,,,0xFF01FE,,,,,,,,,,,,,,,,,0xFF01CC,1.0,4,0,148,
1581,2,,,,,,,,,,,,,,,,,0xFF01FE,,,,,,,,,,,,,,,,,0xFF01CC,1.0,4,0,149,
1582,2,,,,,,,,,,,,,,,,,0xFF01FE,,,,,,,,,,,,,,,,,0xFF01CC,1.0,4,0,150,
1583,2,,,,,,,,,,,,,,,,,0xFF01FE,,,,,,,,,,,,,,,,,0xFF01CC,1.0,4,0,151,
1584,2,,,,,,,,,,,,,,,,,0xFF01FE,,,,,,,,,,,,,,,,,0xFF01CC,1.0,4,0,152,
1585,2,,,,,,,,,,,,,,,,,0xFF01FE,,,,,,,,,,,,,,,,,0xFF01CC,1.0,4,0,153,
1586,2,,,,,,,,,,,,,,,,,0xFF01FE,,,,,,,,,,,,,,,,,0xFF01CC,1.0,4,0,154,
1587,2,,,,,,,,,,,,,,,,,0xFF01FE,,,,,,,,,,,,,,,,,0xFF01CC,1.0,4,0,155,
1588,2,,,,,,,,,,,,,,,,,0xFF01FE,,,,,,,,,,,,,,,,,0xFF01CC,1.0,4,0,156,
1589,2,,,,,,,,,,,,,,,,,0xFF01FE,,,,,,,,,,,,,,,,,0xFF01CC,1.0,4,0,157,
1590,2,,,,,,,,,,,,,,,,,0xFF01FE,,,,,,,,,,,,,,,,,0xFF01CC,1.0,4,0,158,
1591,2,,,,,,,,,,,,,,,,,0xFF01FE,,,,,,,,,,,,,,,,,0xFF01CC,1.0,4,0,159,
1592,2,,,,,,,,,,,,,,,,,0xFF01FE,,,,,,,,,,,,,,,,,0xFF01CC,1.0,4,0,160,
1593,2,,,,,,,,,,,,,,,,,0xFF01FE,,,,,,,,,,,,,,,,,0xFF01CC,1.0,4,0,161,
1594,2,,,,,,,,,,,,,,,,,0xFF01FE,,,,,,,,,,,,,,,,,0xFF01CC,1.0,4,0,162,
1595,2,,,,,,,,,,,,,,,,,0xFF01FE,,,,,,,,,,,,,,,,,0xFF01CC,1.0,4,0,163,
1596,2,,,,,,,,,,,,,,,,,0xFF01FE,,,,,,,,,,,,,,,,,0xFF01CC,1.0,4,0,164,
1597,2,,,,,,,,,,,,,,,,,0xFF01FE,,,,,,,,,,,,,,,,,0xFF01CC,1.0,4,0,165,
1598,2,,,,,,,,,,,,,,,,,0xFF01FE,,,,,,,,,,,,,,,,,0xFF01CC,1.0,4,0,166,
1599,2,,,,,,,,,,,,,,,,,0xFF01FE,,,,,,,,,,,,,,,,,0xFF01CC,1.0,4,0,167,
1600,2,,,,,,,,,,,,,,,,,0xFF01FE,,,,,,,,,,,,,,,,,0xFF01CC,1.0,4,0,168,
1601,2,,,,,,,,,,,,,,,,,0xFF01FE,,,,,,,,,,,,,,,,,0xFF01CC,1.0,4,0,169,
1602,2,,,,,,,,,,,,,,,,,0xFF01FE,,,,,,,,,,,,,,,,,0xFF01CC,1.0,4,0,170,
1603,2,,,,,,,,,,,,,,,,,0xFF01FE,,,,,,,,,,,,,,,,,0xFF01CC,1.0,4,0,171,
1604,2,,,,,,,,,,,,,,,,,0xFF01FE,,,,,,,,,,,,,,,,,0xFF01CC,1.0,4,0,172,
1605,2,,,,,,,,,,,,,,,,,0xFF01FE,,,,,,,,,,,,,,,,,0xFF01CC,1.0,4,0,173,
1606,2,,,,,,,,,,,,,,,,,0xFF01FE,,,,,,,,,,,,,,,,,0xFF01CC,1.0,4,0,174,
1607,2,,,,,,,,,,,,,,,,,0xFF01FE,,,,,,,,,,,,,,,,,0xFF01CC,1.0,4,0,175,
1608,2,,,,,,,,,,,,,,,,,0xFF01FE,,,,,,,,,,,,,,,,,0xFF01CC,1.0,4,0,176,
1609,2,,,,,,,,,,,,,,,,,0xFF01FE,,,,,,,,,,,,,,,,,0xFF01CC,1.0,4,0,177,
1610,2,,,,,,,,,,,,,,,,,0xFF01FE,,,,,,,,,,,,,,,,,0xFF01CC,1.0,4,0,178,
1611,2,,,,,,,,,,,,,,,,,0xFF01FE,,,,,,,,,,,,,,,,,0xFF01CC,1.0,4,0,179,
1612,2,,,,,,,,,,,,,,,,,0xFF01FE,,,,,,,,,,,,,,,,,0xFF01CC,1.0,4,0,180,
1613,2,,,,,,,,,,,,,,,,,0xFF01FE,,,,,,,,,,,,,,,,,0xFF01CC,1.0,4,0,181,
1614,2,,,,,,,,,,,,,,,,,0xFF01FE,,,,,,,,,,,,,,,,,0xFF01CC,1.0,4,0,182,
1615,2,,,,,,,,,,,,,,,,,0xFF01FE,,,,,,,,,,,,,,,,,0xFF01CC,1.0,4,0,183,
1616,2,,,,,,,,,,,,,,,,,0xFF01FE,,,,,,,,,,,,,,,,,0xFF01CC,1.0,4,0,184,
1617,2,,,,,,,,,,,,,,,,,0xFF01FE,,,,,,,,,,,,,,,,,0xFF01CC,1.0,4,0,185,
1618,2,,,,,,,,,,,,,,,,,0xFF01FE,,,,,,,,,,,,,,,,,0xFF01CC,1.0,4,0,186,
1619,2,,,,,,,,,,,,,,,,,0xFF01FE,,,,,,,,,,,,,,,,,0xFF01CC,1.0,4,0,187,
1620,2,,,,,,,,,,,,,,,,,0xFF01FE,,,,,,,,,,,,,,,,,0xFF01CC,1.0,4,0,188,
1621,2,,,,,,,,,,,,,,,,,0xFF01FE,,,,,,,,,,,,,,,,,0xFF01CC,1.0,4,0,189,
1622,2,,,,,,,,,,,,,,,,,0xFF01FE,,,,,,,,,,,,,,,,,0xFF01CC,1.0,4,0,190,
1623,2,,,,,,,,,,,,,,,,,0xFF01FE,,,,,,,,,,,,,,,,,0xFF01CC,1.0,4,0,191,
1624,2,,,,,,,,,,,,,,,,,0xFF01FE,,,,,,,,,,,,,,,,,0xFF01CC,1.0,4,0,192,
1625,2,,,,,,,,,,,,,,,,,0xFF01FE,,,,,,,,,,,,,,,,,0xFF01CC,1.0,4,0,193,
1626,2,,,,,,,,,,,,,,,,,0xFF01FE,,,,,,,,,,,,,,,,,0xFF01CC,1.0,4,0,194,
1627,2,,,,,,,,,,,,,,,,,0xFF01FE,,,,,,,,,,,,,,,,,0xFF01CC,1.0,4,0,195,
1628,2,,,,,,,,,,,,,,,,,0xFF01FE,,,,,,,,,,,,,,,,,0xFF01CC,1.0,4,0,196,
1629,2,,,,,,,,,,,,,,,,,0xFF01FE,,,,,,,,,,,,,,,,,0xFF01CC,1.0,4,0,197,
1630,2,,,,,,,,,,,,,,,,,0xFF01FE,,,,,,,,,,,,,,,,,0xFF01CC,1.0,4,0,198,
1631,2,,,,,,,,,,,,,,,,,0xFF01FE,,,,,,,,,,,,,,,,,0xFF01CC,1.0,4,0,199,
1632,2,,,,,,,,,,,,,,,,,0xFF01FE,,,,,,,,,,,,,,,,,0xFF01CC,1.0,4,0,200,
1633,2,,,,,,,,,,,,,,,,,0xFF01FE,,,,,,,,,,,,,,,,,0xFF01CC,1.0,4,0,201,
1634,2,,,,,,,,,,,,,,,,,0xFF01FE,,,,,,,,,,,,,,,,,0xFF01CC,1.0,4,0,202,
1635,2,,,,,,,,,,,,,,,,,0xFF01FE,,,,,,,,,,,,,,,,,0xFF01CC,1.0,4,0,203,
1636,2,,,,,,,,,,,,,,,,,0xFF01FE,,,,,,,,,,,,,,,,,0xFF01CC,1.0,4,0,204,
1637,2,,,,,,,,,,,,,,,,,0xFF01FE,,,,,,,,,,,,,,,,,0xFF01CC,1.0,4,0,205,
1638,2,,,,,,,,,,,,,,,,,0xFF01FE,,,,,,,,,,,,,,,,,0xFF01CC,1.0,4,0,206,
1639,2,,,,,,,,,,,,,,,,,0xFF01FE,,,,,,,,,,,,,,,,,0xFF01CC,1.0,4,0,207,
1640,2,,,,,,,,,,,,,,,,,0xFF01FE,,,,,,,,,,,,,,,,,0xFF01CC,1.0,4,0,208,
1641,2,,,,,,,,,,,,,,,,,0xFF01FE,,,,,,,,,,,,,,,,,0xFF01CC,1.0,4,0,209,
1642,2,,,,,,,,,,,,,,,,,0xFF01FE,,,,,,,,,,,,,,,,,0xFF01CC,1.0,4,0,210,
1643,2,,,,,,,,,,,,,,,,,0xFF01FE,,,,,,,,,,,,,,,,,0xFF01CC,1.0,4,0,211,
1644,2,,,,,,,,,,,,,,,,,0xFF01FE,,,,,,,,,,,,,,,,,0xFF01CC,1.0,4,0,212,
1645,2,,,,,,,,,,,,,,,,,0xFF01FE,,,,,,,,,,,,,,,,,0xFF01CC,1.0,4,0,213,
1646,2,,,,,,,,,,,,,,,,,0xFF01FE,,,,,,,,,,,,,,,,,0xFF01CC,1.0,4,0,214,
1647,2,,,,,,,,,,,,,,,,,0xFF01FE,,,,,,,,,,,,,,,,,0xFF01CC,1.0,4,0,215,
1648,2,,,,,,,,,,,,,,,,,0xFF01FE,,,,,,,,,,,,,,,,,0xFF01CC,1.0,4,0,216,
1649,2,,,,,,,,,,,,,,,,,0xFF01FE,,,,,,,,,,,,,,,,,0xFF01CC,1.0,4,0,217,
1650,2,,,,,,,,,,,,,,,,,0xFF01FE,,,,,,,,,,,,,,,,,0xFF01CC,1.0,4,0,218,
1651,2,,,,,,,,,,,,,,,,,0xFF01FE,,,,,,,,,,,,,,,,,0xFF01CC,1.0,4,0,219,
1652,2,,,,,,,,,,,,,,,,,0xFF01FE,,,,,,,,,,,,,,,,,0xFF01CC,1.0,4,0,220,
1653,2,,,,,,,,,,,,,,,,,0xFF01FE,,,,,,,,,,,,,,,,,0xFF01CC,1.0,4,0,221,
1654,2,,,,,,,,,,,,,,,,,0xFF01FE,,,,,,,,,,,,,,,,,0xFF01CC,1.0,4,0,222,
1655,2,,,,,,,,,,,,,,,,,0xFF01FE,,,,,,,,,,,,,,,,,0xFF01CC,1.0,4,0,223,
1656,2,,,,,,,,,,,,,,,,,0xFF01FE,,,,,,,,,,,,,,,,,0xFF01CC,1.0,4,0,224,
1657,2,,,,,,,,,,,,,,,,,0xFF01FE,,,,,,,,,,,,,,,,,0xFF01CC,1.0,4,0,225,
1658,2,,,,,,,,,,,,,,,,,0xFF01FE,,,,,,,,,,,,,,,,,0xFF01CC,1.0,4,0,226,
1659,2,,,,,,,,,,,,,,,,,0xFF01FE,,,,,,,,,,,,,,,,,0xFF01CC,1.0,4,0,227,
1660,2,,,,,,,,,,,,,,,,,0xFF01FE,,,,,,,,,,,,,,,,,0xFF01CC,1.0,4,0,228,
1661,2,,,,,,,,,,,,,,,,,0xFF01FE,,,,,,,,,,,,,,,,,0xFF01CC,1.0,4,0,229,
1662,2,,,,,,,,,,,,,,,,,0xFF01FE,,,,,,,,,,,,,,,,,0xFF01CC,1.0,4,0,230,
1663,2,,,,,,,,,,,,,,,,,0xFF01FE,,,,,,,,,,,,,,,,,0xFF01CC,1.0,4,0,231,
1664,2,,,,,,,,,,,,,,,,,0xFF01FE,,,,,,,,,,,,,,,,,0xFF01CC,1.0,4,0,232,
1665,2,,,,,,,,,,,,,,,,,0xFF01FE,,,,,,,,,,,,,,,,,0xFF01CC,1.0,4,0,233,
1666,2,,,,,,,,,,,,,,,,,0xFF01FE,,,,,,,,,,,,,,,,,0xFF01CC,1.0,4,0,234,
1667,2,,,,,,,,,,,,,,,,,0xFF01FE,,,,,,,,,,,,,,,,,0xFF01CC,1.0,4,0,235,
1668,2,,,,,,,,,,,,,,,,,0xFF01FE,,,,,,,,,,,,,,,,,0xFF01CC,1.0,4,0,236,
1669,2,,,,,,,,,,,,,,,,,0xFF01FE,,,,,,,,,,,,,,,,,0xFF01CC,1.0,4,0,237,
1670,2,,,,,,,,,,,,,,,,,0xFF01FE,,,,,,,,,,,,,,,,,0xFF01CC,1.0,4,0,238,
1671,2,,,,,,,,,,,,,,,,,0xFF01FE,,,,,,,,,,,,,,,,,0xFF01CC,1.0,4,0,239,
1672,0,,,,,,,,,,,,,,,,,0xFF01FE,,,,,,,,,,,,,,,,,0xFF01CC,1.0,4,1,0,
1673,0,,,,,,,,,,,,,,,,,0xFF01FE,,,,,,,,,,,,,,,,,0xFF01CC,1.0,4,1,1,
1674,0,,,,,,,,,,,,,,,,,0xFF01FE,,,,,,,,,,,,,,,,,0xFF01CC,1.0,4,1,2,
1675,0,,,,,,,,,,,,,,,,,0xFF01FE,,,,,,,,,,,,,,,,,0xFF01CC,1.0,4,1,3,
1676,0,,,,,,,,,,,,,,,,,0xFF01FE,,,,,,,,,,,,,,,,,0xFF01CC,1.0,4,1,4,
1677,0,,,,,,,,,,,,,,,,,0xFF01FE,,,,,,,,,,,,,,,,,0xFF01CC,1.0,4,1,5,
1678,0,,,,,,,,,,,,,,,,,0xFF01FE,,,,,,,,,,,,,,,,,0xFF01CC,1.0,4,1,6,
1679,0,,,,,,,,,,,,,,,,,0xFF01FE,,,,,,,,,,,,,,,,,0xD3FF83DE,1.0,4,1,7,
1680,0,,,,,,,,,,,,,,,,,0xFF01FE,,,,,,,,,,,,,,,,,0xD3FF83DE,1.0,4,1,8,
1681,0,,,,,,,,,,,,,,,,,0xFF01FE,,,,,,,,,,,,,,,,,0xD3FF83DE,1.0,4,1,9,
1682,0,,,,,,,,,,,,,,,,,0xFF01FE,,,,,,,,,,,,,,,,,0xD3FF83DE,1.0,4,1,10,
1683,0,,,,,,,,,,,,,,,,,0xFF01FE,,,,,,,,,,,,,,,,,0xD3FF83DE,1.0,4,1,11,
1684,0,,,,,,,,,,,,,,,,,0xFF01FE,,,,,,,,,,,,,,,,,0xD3FF83DE,1.0,4,1,12,
1685,0,,,,,,,,,,,,,,,,,0xFF01FE,,,,,,,,,,,,,,,,,0xD3FF83DE,1.0,4,1,13,
1686,0,,,,,,,,,,,,,,,,,0xFF01FE,,,,,,,,,,,,,,,,,0xD3FF83DE,1.0,4,1,14,
1687,0,,,,,,,,,,,,,,,,,0xFF01FE,,,,,,,,,,,,,,,,,0xD3FF83DE,1.0,4,1,15,
1688,0,,,,,,,,,,,,,,,,,0xFF01FE,,,,,,,,,,,,,,,,,0xD3FF83DE,1.0,4,1,16,
1689,0,,,,,,,,,,,,,,,,,0xFF01FE,,,,,,,,,,,,,,,,,0xD3FF83DE,1.0,4,1,17,
1690,0,,,,,,,,,,,,,,,,,0xFF01FE,,,,,,,,,,,,,,,,,0xD3FF83DE,1.0,4,1,18,
1691,0,,,,,,,,,,,,,,,,,0xFF01FE,,,,,,,,,,,,,,,,,0xD3FF83DE,1.0,4,1,19,
1692,2,,,,,,,,,,,,,,,,,0xFF01FE,,,,,,,,,,,,,,,,,0xFF01CC,1.0,4,1,0,
1693,2,,,,,,,,,,,,,,,,,0xFF01FE,,,,,,,,,,,,,,,,,0xFF01CC,1.0,4,1,1,
1694,2,,,,,,,,,,,,,,,,,0xFF01FE,,,,,,,,,,,,,,,,,0xFF01CC,1.0,4,1,2,
1695,2,,,,,,,,,,,,,,,,,0xFF01FE,,,,,,,,,,,,,,,,,0xFF01CC,1.0,4,1,3,
1696,2,,,,,,,,,,,,,,,,,0xFF01FE,,,,,,,,,,,,,,,,,0xFF01CC,1.0,4,1,4,
1697,2,,,,,,,,,,,,,,,,,0xFF01FE,,,,,,,,,,,,,,,,,0xFF01CC,1.0,4,1,5,
1698,2,,,,,,,,,,,,,,,,,0xFF01FE,,,,,,,,,,,,,,,,,0xFF01CC,1.0,4,1,6,
1699,2,,,,,,,,,,,,,,,,,0xFF01FE,,,,,,,,,,,,,,,,,0xFF01CC,1.0,4,1,7,
1700,2,,,,,,,,,,,,,,,,,0xFF01FE,,,,,,,,,,,,,,,,,0xFF01CC,1.0,4,1,8,
1701,2,,,,,,,,,,,,,,,,,0xFF01FE,,,,,,,,,,,,,,,,,0xFF01CC,1.0,4,1,9,
1702,2,,,,,,,,,,,,,,,,,0xFF01FE,,,,,,,,,,,,,,,,,0xFF01CC,1.0,4,1,10,
1703,2,,,,,,,,,,,,,,,,,0xFF01FE,,,,,,,,,,,,,,,,,0xFF01CC,1.0,4,1,11,
1704,2,,,,,,,,,,,,,,,,,0xFF01FE,,,,,,,,,,,,,,,,,0xFF01CC,1.0,4,1,12,
1705,2,,,,,,,,,,,,,,,,,0xFF01FE,,,,,,,,,,,,,,,,,0xFF01CC,1.0,4,1,13,
1706,2,,,,,,,,,,,,,,,,,0xFF01FE,,,,,,,,,,,,,,,,,0xFF01CC,1.0,4,1,14,
1707,2,,,,,,,,,,,,,,,,,0xFF01FE,,,,,,,,,,,,,,,,,0xFF01CC,1.0,4,1,15,
1708,2,,,,,,,,,,,,,,,,,0xFF01FE,,,,,,,,,,,,,,,,,0xFF01CC,1.0,4,1,16,
1709,2,,,,,,,,,,,,,,,,,0xFF01FE,,,,,,,,,,,,,,,,,0xFF01CC,1.0,4,1,17,
1710,2,,,,,,,,,,,,,,,,,0xFF01FE,,,,,,,,,,,,,,,,,0xFF01CC,1.0,4,1,18,
1711,2,,,,,,,,,,,,,,,,,0xFF01FE,,,,,,,,,,,,,,,,,0xFF01CC,1.0,4,1,19,
1712,2,,,,,,,,,,,,,,,,,0xFF01FE,,,,,,,,,,,,,,,,,0xFF01CC,1.0,4,1,20,
1713,2,,,,,,,,,,,,,,,,,0xFF01FE,,,,,,,,,,,,,,,,,0xFF01CC,1.0,4,1,21,
1714,2,,,,,,,,,,,,,,,,,0xFF01FE,,,,,,,,,,,,,,,,,0xFF01CC,1.0,4,1,22,
1715,2,,,,,,,,,,,,,,,,,0xFF01FE,,,,,,,,,,,,,,,,,0xFF01CC,1.0,4,1,23,
1716,2,,,,,,,,,,,,,,,,,0xFF01FE,,,,,,,,,,,,,,,,,0xFF01CC,1.0,4,1,24,
1717,2,,,,,,,,,,,,,,,,,0xFF01FE,,,,,,,,,,,,,,,,,0xFF01CC,1.0,4,1,25,
1718,2,,,,,,,,,,,,,,,,,0xFF01FE,,,,,,,,,,,,,,,,,0xFF01CC,1.0,4,1,26,
1719,2,,,,,,,,,,,,,,,,,0xFF01FE,,,,,,,,,,,,,,,,,0xFF01CC,1.0,4,1,27,
1720,2,,,,,,,,,,,,,,,,,0xFF01FE,,,,,,,,,,,,,,,,,0xFF01CC,1.0,4,1,28,
1721,2,,,,,,,,,,,,,,,,,0xFF01FE,,,,,,,,,,,,,,,,,0xFF01CC,1.0,4,1,29,
1722,2,,,,,,,,,,,,,,,,,0xFF01FE,,,,,,,,,,,,,,,,,0xFF01CC,1.0,4,1,30,
1723,2,,,,,,,,,,,,,,,,,0xFF01FE,,,,,,,,,,,,,,,,,0xFF01CC,1.0,4,1,31,
1724,2,,,,,,,,,,,,,,,,,0xFF01FE,,,,,,,,,,,,,,,,,0xFF01CC,1.0,4,1,32,
1725,2,,,,,,,,,,,,,,,,,0xFF01FE,,,,,,,,,,,,,,,,,0xFF01CC,1.0,4,1,33,
1726,2,,,,,,,,,,,,,,,,,0xFF01FE,,,,,,,,,,,,,,,,,0xFF01CC,1.0,4,1,34,
1727,2,,,,,,,,,,,,,,,,,0xFF01FE,,,,,,,,,,,,,,,,,0xFF01CC,1.0,4,1,35,
1728,2,,,,,,,,,,,,,,,,,0xFF01FE,,,,,,,,,,,,,,,,,0xFF01CC,1.0,4,1,36,
1729,2,,,,,,,,,,,,,,,,,0xFF01FE,,,,,,,,,,,,,,,,,0xFF01CC,1.0,4,1,37,
1730,2,,,,,,,,,,,,,,,,,0xFF01FE,,,,,,,,,,,,,,,,,0xFF01CC,1.0,4,1,38,
1731,2,,,,,,,,,,,,,,,,,0xFF01FE,,,,,,,,,,,,,,,,,0xFF01CC,1.0,4,1,39,
1732,2,,,,,,,,,,,,,,,,,0xFF01FE,,,,,,,,,,,,,,,,,0xFF01CC,1.0,4,1,40,
1733,2,,,,,,,,,,,,,,,,,0xFF01FE,,,,,,,,,,,,,,,,,0xFF01CC,1.0,4,1,41,
1734,2,,,,,,,,,,,,,,,,,0xFF01FE,,,,,,,,,,,,,,,,,0xFF01CC,1.0,4,1,42,
1735,2,,,,,,,,,,,,,,,,,0xFF01FE,,,,,,,,,,,,,,,,,0xFF01CC,1.0,4,1,43,
1736,2,,,,,,,,,,,,,,,,,0xFF01FE,,,,,,,,,,,,,,,,,0xFF01CC,1.0,4,1,44,
1737,2,,,,,,,,,,,,,,,,,0xFF01FE,,,,,,,,,,,,,,,,,0xFF01CC,1.0,4,1,45,
1738,2,,,,,,,,,,,,,,,,,0xFF01FE,,,,,,,,,,,,,,,,,0xFF01CC,1.0,4,1,46,
1739,2,,,,,,,,,,,,,,,,,0xFF01FE,,,,,,,,,,,,,,,,,0xFF01CC,1.0,4,1,47,
1740,2,,,,,,,,,,,,,,,,,0xFF01FE,,,,,,,,,,,,,,,,,0xFF01CC,1.0,4,1,48,
1741,2,,,,,,,,,,,,,,,,,0xFF01FE,,,,,,,,,,,,,,,,,0xFF01CC,1.0,4,1,49,
1742,2,,,,,,,,,,,,,,,,,0xFF01FE,,,,,,,,,,,,,,,,,0xFF01CC,1.0,4,1,50,
1743,2,,,,,,,,,,,,,,,,,0xFF01FE,,,,,,,,,,,,,,,,,0xFF01CC,1.0,4,1,51,
1744,2,,,,,,,,,,,,,,,,,0xFF01FE,,,,,,,,,,,,,,,,,0xFF01CC,1.0,4,1,52,
1745,2,,,,,,,,,,,,,,,,,0xFF01FE,,,,,,,,,,,,,,,,,0xFF01CC,1.0,4,1,53,
1746,2,,,,,,,,,,,,,,,,,0xFF01FE,,,,,,,,,,,,,,,,,0xFF01CC,1.0,4,1,54,
1747,2,,,,,,,,,,,,,,,,,0xFF01FE,,,,,,,,,,,,,,,,,0xFF01CC,1.0,4,1,55,
1748,2,,,,,,,,,,,,,,,,,0xFF01FE,,,,,,,,,,,,,,,,,0xFF01CC,1.0,4,1,56,
1749,2,,,,,,,,,,,,,,,,,0xFF01FE,,,,,,,,,,,,,,,,,0xFF01CC,1.0,4,1,57,
1750,2,,,,,,,,,,,,,,,,,0xFF01FE,,,,,,,,,,,,,,,,,0xFF01CC,1.0,4,1,58,
1751,2,,,,,,,,,,,,,,,,,0xFF01FE,,,,,,,,,,,,,,,,,0xFF01CC,1.0,4,1,59,
1752,2,,,,,,,,,,,,,,,,,0xFF01FE,,,,,,,,,,,,,,,,,0xFF01CC,1.0,4,1,60,
1753,2,,,,,,,,,,,,,,,,,0xFF01FE,,,,,,,,,,,,,,,,,0xFF01CC,1.0,4,1,61,
1754,2,,,,,,,,,,,,,,,,,0xFF01FE,,,,,,,,,,,,,,,,,0xFF01CC,1.0,4,1,62,
1755,2,,,,,,,,,,,,,,,,,0xFF01FE,,,,,,,,,,,,,,,,,0xFF01CC,1.0,4,1,63,
1756,2,,,,,,,,,,,,,,,,,0xFF01FE,,,,,,,,,,,,,,,,,0xFF01CC,1.0,4,1,64,
1757,2,,,,,,,,,,,,,,,,,0xFF01FE,,,,,,,,,,,,,,,,,0xFF01CC,1.0,4,1,65,
1758,2,,,,,,,,,,,,,,,,,0xFF01FE,,,,,,,,,,,,,,,,,0xFF01CC,1.0,4,1,66,
1759,2,,,,,,,,,,,,,,,,,0xFF01FE,,,,,,,,,,,,,,,,,0xFF01CC,1.0,4,1,67,
1760,2,,,,,,,,,,,,,,,,,0xFF01FE,,,,,,,,,,,,,,,,,0xFF01CC,1.0,4,1,68,
1761,2,,,,,,,,,,,,,,,,,0xFF01FE,,,,,,,,,,,,,,,,,0xFF01CC,1.0,4,1,69,
1762,2,,,,,,,,,,,,,,,,,0xFF01FE,,,,,,,,,,,,,,,,,0xFF01CC,1.0,4,1,70,
1763,2,,,,,,,,,,,,,,,,,0xFF01FE,,,,,,,,,,,,,,,,,0xFF01CC,1.0,4,1,71,
1764,2,,,,,,,,,,,,,,,,,0xFF01FE,,,,,,,,,,,,,,,,,0xFF01CC,1.0,4,1,72,
1765,2,,,,,,,,,,,,,,,,,0xFF01FE,,,,,,,,,,,,,,,,,0xFF01CC,1.0,4,1,73,
1766,2,,,,,,,,,,,,,,,,,0xFF01FE,,,,,,,,,,,,,,,,,0xFF01CC,1.0,4,1,74,
1767,2,,,,,,,,,,,,,,,,,0xFF01FE,,,,,,,,,,,,,,,,,0xFF01CC,1.0,4,1,75,
1768,2,,,,,,,,,,,,,,,,,0xFF01FE,,,,,,,,,,,,,,,,,0xFF01CC,1.0,4,1,76,
1769,2,,,,,,,,,,,,,,,,,0xFF01FE,,,,,,,,,,,,,,,,,0xFF01CC,1.0,4,1,77,
1770,2,,,,,,,,,,,,,,,,,0xFF01FE,,,,,,,,,,,,,,,,,0xFF01CC,1.0,4,1,78,
1771,2,,,,,,,,,,,,,,,,,0xFF01FE,,,,,,,,,,,,,,,,,0xFF01CC,1.0,4,1,79,
1772,2,,,,,,,,,,,,,,,,,0xFF01FE,,,,,,,,,,,,,,,,,0xFF01CC,1.0,4,1,80,
1773,2,,,,,,,,,,,,,,,,,0xFF01FE,,,,,,,,,,,,,,,,,0xFF01CC,1.0,4,1,81,
1774,2,,,,,,,,,,,,,,,,,0xFF01FE,,,,,,,,,,,,,,,,,0xFF01CC,1.0,4,1,82,
1775,2,,,,,,,,,,,,,,,,,0xFF01FE,,,,,,,,,,,,,,,,,0xFF01CC,1.0,4,1,83,
1776,2,,,,,,,,,,,,,,,,,0xFF01FE,,,,,,,,,,,,,,,,,0xFF01CC,1.0,4,1,84,
1777,2,,,,,,,,,,,,,,,,,0xFF01FE,,,,,,,,,,,,,,,,,0xFF01CC,1.0,4,1,85,
1778,2,,,,,,,,,,,,,,,,,0xFF01FE,,,,,,,,,,,,,,,,,0xFF01CC,1.0,4,1,86,
1779,2,,,,,,,,,,,,,,,,,0xFF01FE,,,,,,,,,,,,,,,,,0xFF01CC,1.0,4,1,87,
1780,2,,,,,,,,,,,,,,,,,0xFF01FE,,,,,,,,,,,,,,,,,0xFF01CC,1.0,4,1,88,
1781,2,,,,,,,,,,,,,,,,,0xFF01FE,,,,,,,,,,,,,,,,,0xFF01CC,1.0,4,1,89,
1782,2,,,,,,,,,,,,,,,,,0xFF01FE,,,,,,,,,,,,,,,,,0xFF01CC,1.0,4,1,90,
1783,2,,,,,,,,,,,,,,,,,0xFF01FE,,,,,,,,,,,,,,,,,0xFF01CC,1.0,4,1,91,
1784,2,,,,,,,,,,,,,,,,,0xFF01FE,,,,,,,,,,,,,,,,,0xFF01CC,1.0,4,1,92,
1785,2,,,,,,,,,,,,,,,,,0xFF01FE,,,,,,,,,,,,,,,,,0xFF01CC,1.0,4,1,93,
1786,2,,,,,,,,,,,,,,,,,0xFF01FE,,,,,,,,,,,,,,,,,0xFF01CC,1.0,4,1,94,
1787,2,,,,,,,,,,,,,,,,,0xFF01FE,,,,,,,,,,,,,,,,,0xFF01CC,1.0,4,1,95,
1788,2,,,,,,,,,,,,,,,,,0xFF01FE,,,,,,,,,,,,,,,,,0xFF01CC,1.0,4,1,96,
1789,2,,,,,,,,,,,,,,,,,0xFF01FE,,,,,,,,,,,,,,,,,0xFF01CC,1.0,4,1,97,
1790,2,,,,,,,,,,,,,,,,,0xFF01FE,,,,,,,,,,,,,,,,,0xFF01CC,1.0,4,1,98,
1791,2,,,,,,,,,,,,,,,,,0xFF01FE,,,,,,,,,,,,,,,,,0xFF01CC,1.0,4,1,99,
1792,2,,,,,,,,,,,,,,,,,0xFF01FE,,,,,,,,,,,,,,,,,0xFF01CC,1.0,4,1,100,
1793,2,,,,,,,,,,,,,,,,,0xFF01FE,,,,,,,,,,,,,,,,,0xFF01CC,1.0,4,1,101,
1794,2,,,,,,,,,,,,,,,,,0xFF01FE,,,,,,,,,,,,,,,,,0xFF01CC,1.0,4,1,102,
1795,2,,,,,,,,,,,,,,,,,0xFF01FE,,,,,,,,,,,,,,,,,0xFF01CC,1.0,4,1,103,
1796,2,,,,,,,,,,,,,,,,,0xFF01FE,,,,,,,,,,,,,,,,,0xFF01CC,1.0,4,1,104,
1797,2,,,,,,,,,,,,,,,,,0xFF01FE,,,,,,,,,,,,,,,,,0xFF01CC,1.0,4,1,105,
1798,2,,,,,,,,,,,,,,,,,0xFF01FE,,,,,,,,,,,,,,,,,0xFF01CC,1.0,4,1,106,
1799,2,,,,,,,,,,,,,,,,,0xFF01FE,,,,,,,,,,,,,,,,,0xFF01CC,1.0,4,1,107,
1800,2,,,,,,,,,,,,,,,,,0xFF01FE,,,,,,,,,,,,,,,,,0xFF01CC,1.0,4,1,108,
1801,2,,,,,,,,,,,,,,,,,0xFF01FE,,,,,,,,,,,,,,,,,0xFF01CC,1.0,4,1,109,
1802,2,,,,,,,,,,,,,,,,,0xFF01FE,,,,,,,,,,,,,,,,,0xFF01CC,1.0,4,1,110,
1803,2,,,,,,,,,,,,,,,,,0xFF01FE,,,,,,,,,,,,,,,,,0xFF01CC,1.0,4,1,111,
1804,2,,,,,,,,,,,,,,,,,0xFF01FE,,,,,,,,,,,,,,,,,0xFF01CC,1.0,4,1,112,
1805,2,,,,,,,,,,,,,,,,,0xFF01FE,,,,,,,,,,,,,,,,,0xFF01CC,1.0,4,1,113,
1806,2,,,,,,,,,,,,,,,,,0xFF01FE,,,,,,,,,,,,,,,,,0xFF01CC,1.0,4,1,114,
1807,2,,,,,,,,,,,,,,,,,0xFF01FE,,,,,,,,,,,,,,,,,0xFF01CC,1.0,4,1,115,
1808,2,,,,,,,,,,,,,,,,,0xFF01FE,,,,,,,,,,,,,,,,,0xFF01CC,1.0,4,1,116,
1809,2,,,,,,,,,,,,,,,,,0xFF01FE,,,,,,,,,,,,,,,,,0xFF01CC,1.0,4,1,117,
1810,2,,,,,,,,,,,,,,,,,0xFF01FE,,,,,,,,,,,,,,,,,0xFF01CC,1.0,4,1,118,
1811,2,,,,,,,,,,,,,,,,,0xFF01FE,,,,,,,,,,,,,,,,,0xFF01CC,1.0,4,1,119,
1812,2,,,,,,,,,,,,,,,,,0xFF01FE,,,,,,,,,,,,,,,,,0xFF01CC,1.0,4,1,120,
1813,2,,,,,,,,,,,,,,,,,0xFF01FE,,,,,,,,,,,,,,,,,0xFF01CC,1.0,4,1,121,
1814,2,,,,,,,,,,,,,,,,,0xFF01FE,,,,,,,,,,,,,,,,,0xFF01CC,1.0,4,1,122,
1815,2,,,,,,,,,,,,,,,,,0xFF01FE,,,,,,,,,,,,,,,,,0xFF01CC,1.0,4,1,123,
1816,2,,,,,,,,,,,,,,,,,0xFF01FE,,,,,,,,,,,,,,,,,0xFF01CC,1.0,4,1,124,
1817,2,,,,,,,,,,,,,,,,,0xFF01FE,,,,,,,,,,,,,,,,,0xFF01CC,1.0,4,1,125,
1818,2,,,,,,,,,,,,,,,,,0xFF01FE,,,,,,,,,,,,,,,,,0xFF01CC,1.0,4,1,126,
1819,2,,,,,,,,,,,,,,,,,0xFF01FE,,,,,,,,,,,,,,,,,0xFF01CC,1.0,4,1,127,
1820,2,,,,,,,,,,,,,,,,,0xFF01FE,,,,,,,,,,,,,,,,,0xFF01CC,1.0,4,1,128,
1821,2,,,,,,,,,,,,,,,,,0xFF01FE,,,,,,,,,,,,,,,,,0xFF01CC,1.0,4,1,129,
1822,2,,,,,,,,,,,,,,,,,0xFF01FE,,,,,,,,,,,,,,,,,0xFF01CC,1.0,4,1,130,
1823,2,,,,,,,,,,,,,,,,,0xFF01FE,,,,,,,,,,,,,,,,,0xFF01CC,1.0,4,1,131,
1824,2,,,,,,,,,,,,,,,,,0xFF01FE,,,,,,,,,,,,,,,,,0xFF01CC,1.0,4,1,132,
1825,2,,,,,,,,,,,,,,,,,0xFF01FE,,,,,,,,,,,,,,,,,0xFF01CC,1.0,4,1,133,
1826,2,,,,,,,,,,,,,,,,,0xFF01FE,,,,,,,,,,,,,,,,,0xFF01CC,1.0,4,1,134,
1827,2,,,,,,,,,,,,,,,,,0xFF01FE,,,,,,,,,,,,,,,,,0xFF01CC,1.0,4,1,135,
1828,2,,,,,,,,,,,,,,,,,0xFF01FE,,,,,,,,,,,,,,,,,0xFF01CC,1.0,4,1,136,
1829,2,,,,,,,,,,,,,,,,,0xFF01FE,,,,,,,,,,,,,,,,,0xFF01CC,1.0,4,1,137,
1830,2,,,,,,,,,,,,,,,,,0xFF01FE,,,,,,,,,,,,,,,,,0xFF01CC,1.0,4,1,138,
1831,2,,,,,,,,,,,,,,,,,0xFF01FE,,,,,,,,,,,,,,,,,0xFF01CC,1.0,4,1,139,
1832,2,,,,,,,,,,,,,,,,,0xFF01FE,,,,,,,,,,,,,,,,,0xFF01CC,1.0,4,1,140,
1833,2,,,,,,,,,,,,,,,,,0xFF01FE,,,,,,,,,,,,,,,,,0xFF01CC,1.0,4,1,141,
1834,2,,,,,,,,,,,,,,,,,0xFF01FE,,,,,,,,,,,,,,,,,0xFF01CC,1.0,4,1,142,
1835,2,,,,,,,,,,,,,,,,,0xFF01FE,,,,,,,,,,,,,,,,,0xFF01CC,1.0,4,1,143,
1836,2,,,,,,,,,,,,,,,,,0xFF01FE,,,,,,,,,,,,,,,,,0xFF01CC,1.0,4,1,144,
1837,2,,,,,,,,,,,,,,,,,0xFF01FE,,,,,,,,,,,,,,,,,0xFF01CC,1.0,4,1,145,
1838,2,,,,,,,,,,,,,,,,,0xFF01FE,,,,,,,,,,,,,,,,,0xFF01CC,1.0,4,1,146,
1839,2,,,,,,,,,,,,,,,,,0xFF01FE,,,,,,,,,,,,,,,,,0xFF01CC,1.0,4,1,147,
1840,2,,,,,,,,,,,,,,,,,0xFF01FE,,,,,,,,,,,,,,,,,0xFF01CC,1.0,4,1,148,
1841,2,,,,,,,,,,,,,,,,,0xFF01FE,,,,,,,,,,,,,,,,,0xFF01CC,1.0,4,1,149,
1842,2,,,,,,,,,,,,,,,,,0xFF01FE,,,,,,,,,,,,,,,,,0xFF01CC,1.0,4,1,150,
1843,2,,,,,,,,,,,,,,,,,0xFF01FE,,,,,,,,,,,,,,,,,0xFF01CC,1.0,4,1,151,
1844,2,,,,,,,,,,,,,,,,,0xFF01FE,,,,,,,,,,,,,,,,,0xFF01CC,1.0,4,1,152,
1845,2,,,,,,,,,,,,,,,,,0xFF01FE,,,,,,,,,,,,,,,,,0xFF01CC,1.0,4,1,153,
1846,2,,,,,,,,,,,,,,,,,0xFF01FE,,,,,,,,,,,,,,,,,0xFF01CC,1.0,4,1,154,
1847,2,,,,,,,,,,,,,,,,,0xFF01FE,,,,,,,,,,,,,,,,,0xFF01CC,1.0,4,1,155,
1848,2,,,,,,,,,,,,,,,,,0xFF01FE,,,,,,,,,,,,,,,,,0xFF01CC,1.0,4,1,156,
1849,2,,,,,,,,,,,,,,,,,0xFF01FE,,,,,,,,,,,,,,,,,0xFF01CC,1.0,4,1,157,
1850,2,,,,,,,,,,,,,,,,,0xFF01FE,,,,,,,,,,,,,,,,,0xFF01CC,1.0,4,1,158,
1851,2,,,,,,,,,,,,,,,,,0xFF01FE,,,,,,,,,,,,,,,,,0xFF01CC,1.0,4,1,159,
1852,2,,,,,,,,,,,,,,,,,0xFF01FE,,,,,,,,,,,,,,,,,0xFF01CC,1.0,4,1,160,
1853,2,,,,,,,,,,,,,,,,,0xFF01FE,,,,,,,,,,,,,,,,,0xFF01CC,1.0,4,1,161,
1854,2,,,,,,,,,,,,,,,,,0xFF01FE,,,,,,,,,,,,,,,,,0xFF01CC,1.0,4,1,162,
1855,2,,,,,,,,,,,,,,,,,0xFF01FE,,,,,,,,,,,,,,,,,0xFF01CC,1.0,4,1,163,
1856,2,,,,,,,,,,,,,,,,,0xFF01FE,,,,,,,,,,,,,,,,,0xFF01CC,1.0,4,1,164,
1857,2,,,,,,,,,,,,,,,,,0xFF01FE,,,,,,,,,,,,,,,,,0xFF01CC,1.0,4,1,165,
1858,2,,,,,,,,,,,,,,,,,0xFF01FE,,,,,,,,,,,,,,,,,0xFF01CC,1.0,4,1,166,
1859,2,,,,,,,,,,,,,,,,,0xFF01FE,,,,,,,,,,,,,,,,,0xFF01CC,1.0,4,1,167,
1860,2,,,,,,,,,,,,,,,,,0xFF01FE,,,,,,,,,,,,,,,,,0xFF01CC,1.0,4,1,168,
1861,2,,,,,,,,,,,,,,,,,0xFF01FE,,,,,,,,,,,,,,,,,0xFF01CC,1.0,4,1,169,
1862,2,,,,,,,,,,,,,,,,,0xFF01FE,,,,,,,,,,,,,,,,,0xFF01CC,1.0,4,1,170,
1863,2,,,,,,,,,,,,,,,,,0xFF01FE,,,,,,,,,,,,,,,,,0xFF01CC,1.0,4,1,171,
1864,2,,,,,,,,,,,,,,,,,0xFF01FE,,,,,,,,,,,,,,,,,0xFF01CC,1.0,4,1,172,
1865,2,,,,,,,,,,,,,,,,,0xFF01FE,,,,,,,,,,,,,,,,,0xFF01CC,1.0,4,1,173,
1866,2,,,,,,,,,,,,,,,,,0xFF01FE,,,,,,,,,,,,,,,,,0xFF01CC,1.0,4,1,174,
1867,2,,,,,,,,,,,,,,,,,0xFF01FE,,,,,,,,,,,,,,,,,0xFF01CC,1.0,4,1,175,
1868,2,,,,,,,,,,,,,,,,,0xFF01FE,,,,,,,,,,,,,,,,,0xFF01CC,1.0,4,1,176,
1869,2,,,,,,,,,,,,,,,,,0xFF01FE,,,,,,,,,,,,,,,,,0xFF01CC,1.0,4,1,177,
1870,2,,,,,,,,,,,,,,,,,0xFF01FE,,,,,,,,,,,,,,,,,0xFF01CC,1.0,4,1,178,
1871,2,,,,,,,,,,,,,,,,,0xFF01FE,,,,,,,,,,,,,,,,,0xFF01CC,1.0,4,1,179,
1872,2,,,,,,,,,,,,,,,,,0xFF01FE,,,,,,,,,,,,,,,,,0xFF01CC,1.0,4,1,180,
1873,2,,,,,,,,,,,,,,,,,0xFF01FE,,,,,,,,,,,,,,,,,0xFF01CC,1.0,4,1,181,
1874,2,,,,,,,,,,,,,,,,,0xFF01FE,,,,,,,,,,,,,,,,,0xFF01CC,1.0,4,1,182,
1875,2,,,,,,,,,,,,,,,,,0xFF01FE,,,,,,,,,,,,,,,,,0xFF01CC,1.0,4,1,183,
1876,2,,,,,,,,,,,,,,,,,0xFF01FE,,,,,,,,,,,,,,,,,0xFF01CC,1.0,4,1,184,
1877,2,,,,,,,,,,,,,,,,,0xFF01FE,,,,,,,,,,,,,,,,,0xFF01CC,1.0,4,1,185,
1878,2,,,,,,,,,,,,,,,,,0xFF01FE,,,,,,,,,,,,,,,,,0xFF01CC,1.0,4,1,186,
1879,2,,,,,,,,,,,,,,,,,0xFF01FE,,,,,,,,,,,,,,,,,0xFF01CC,1.0,4,1,187,
1880,2,,,,,,,,,,,,,,,,,0xFF01FE,,,,,,,,,,,,,,,,,0xFF01CC,1.0,4,1,188,
1881,2,,,,,,,,,,,,,,,,,0xFF01FE,,,,,,,,,,,,,,,,,0xFF01CC,1.0,4,1,189,
1882,2,,,,,,,,,,,,,,,,,0xFF01FE,,,,,,,,,,,,,,,,,0xFF01CC,1.0,4,1,190,
1883,2,,,,,,,,,,,,,,,,,0xFF01FE,,,,,,,,,,,,,,,,,0xFF01CC,1.0,4,1,191,
1884,2,,,,,,,,,,,,,,,,,0xFF01FE,,,,,,,,,,,,,,,,,0xFF01CC,1.0,4,1,192,
1885,2,,,,,,,,,,,,,,,,,0xFF01FE,,,,,,,,,,,,,,,,,0xFF01CC,1.0,4,1,193,
1886,2,,,,,,,,,,,,,,,,,0xFF01FE,,,,,,,,,,,,,,,,,0xFF01CC,1.0,4,1,194,
1887,2,,,,,,,,,,,,,,,,,0xFF01FE,,,,,,,,,,,,,,,,,0xFF01CC,1.0,4,1,195,
1888,2,,,,,,,,,,,,,,,,,0xFF01FE,,,,,,,,,,,,,,,,,0xFF01CC,1.0,4,1,196,
1889,2,,,,,,,,,,,,,,,,,0xFF01FE,,,,,,,,,,,,,,,,,0xFF01CC,1.0,4,1,197,
1890,2,,,,,,,,,,,,,,,,,0xFF01FE,,,,,,,,,,,,,,,,,0xFF01CC,1.0,4,1,198,
1891,2,,,,,,,,,,,,,,,,,0xFF01FE,,,,,,,,,,,,,,,,,0xFF01CC,1.0,4,1,199,
1892,2,,,,,,,,,,,,,,,,,0xFF01FE,,,,,,,,,,,,,,,,,0xFF01CC,1.0,4,1,200,
1893,2,,,,,,,,,,,,,,,,,0xFF01FE,,,,,,,,,,,,,,,,,0xFF01CC,1.0,4,1,201,
1894,2,,,,,,,,,,,,,,,,,0xFF01FE,,,,,,,,,,,,,,,,,0xFF01CC,1.0,4,1,202,
1895,2,,,,,,,,,,,,,,,,,0xFF01FE,,,,,,,,,,,,,,,,,0xFF01CC,1.0,4,1,203,
1896,2,,,,,,,,,,,,,,,,,0xFF01FE,,,,,,,,,,,,,,,,,0xFF01CC,1.0,4,1,204,
1897,2,,,,,,,,,,,,,,,,,0xFF01FE,,,,,,,,,,,,,,,,,0xFF01CC,1.0,4,1,205,
1898,2,,,,,,,,,,,,,,,,,0xFF01FE,,,,,,,,,,,,,,,,,0xFF01CC,1.0,4,1,206,
1899,2,,,,,,,,,,,,,,,,,0xFF01FE,,,,,,,,,,,,,,,,,0xFF01CC,1.0,4,1,207,
1900,2,,,,,,,,,,,,,,,,,0xFF01FE,,,,,,,,,,,,,,,,,0xFF01CC,1.0,4,1,208,
1901,2,,,,,,,,,,,,,,,,,0xFF01FE,,,,,,,,,,,,,,,,,0xFF01CC,1.0,4,1,209,
1902,2,,,,,,,,,,,,,,,,,0xFF01FE,,,,,,,,,,,,,,,,,0xFF01CC,1.0,4,1,210,
1903,2,,,,,,,,,,,,,,,,,0xFF01FE,,,,,,,,,,,,,,,,,0xFF01CC,1.0,4,1,211,
1904,2,,,,,,,,,,,,,,,,,0xFF01FE,,,,,,,,,,,,,,,,,0xFF01CC,1.0,4,1,212,
1905,2,,,,,,,,,,,,,,,,,0xFF01FE,,,,,,,,,,,,,,,,,0xFF01CC,1.0,4,1,213,
1906,2,,,,,,,,,,,,,,,,,0xFF01FE,,,,,,,,,,,,,,,,,0xFF01CC,1.0,4,1,214,
1907,2,,,,,,,,,,,,,,,,,0xFF01FE,,,,,,,,,,,,,,,,,0xFF01CC,1.0,4,1,215,
1908,2,,,,,,,,,,,,,,,,,0xFF01FE,,,,,,,,,,,,,,,,,0xFF01CC,1.0,4,1,216,
1909,2,,,,,,,,,,,,,,,,,0xFF01FE,,,,,,,,,,,,,,,,,0xFF01CC,1.0,4,1,217,
1910,2,,,,,,,,,,,,,,,,,0xFF01FE,,,,,,,,,,,,,,,,,0xFF01CC,1.0,4,1,218,
1911,2,,,,,,,,,,,,,,,,,0xFF01FE,,,,,,,,,,,,,,,,,0xFF01CC,1.0,4,1,219,
1912,2,,,,,,,,,,,,,,,,,0xFF01FE,,,,,,,,,,,,,,,,,0xFF01CC,1.0,4,1,220,
1913,2,,,,,,,,,,,,,,,,,0xFF01FE,,,,,,,,,,,,,,,,,0xFF01CC,1.0,4,1,221,
1914,2,,,,,,,,,,,,,,,,,0xFF01FE,,,,,,,,,,,,,,,,,0xFF01CC,1.0,4,1,222,
1915,2,,,,,,,,,,,,,,,,,0xFF01FE,,,,,,,,,,,,,,,,,0xFF01CC,1.0,4,1,223,
1916,2,,,,,,,,,,,,,,,,,0xFF01FE,,,,,,,,,,,,,,,,,0xFF01CC,1.0,4,1,224,
1917,2,,,,,,,,,,,,,,,,,0xFF01FE,,,,,,,,,,,,,,,,,0xFF01CC,1.0,4,1,225,
1918,2,,,,,,,,,,,,,,,,,0xFF01FE,,,,,,,,,,,,,,,,,0xFF01CC,1.0,4,1,226,
1919,2,,,,,,,,,,,,,,,,,0xFF01FE,,,,,,,,,,,,,,,,,0xFF01CC,1.0,4,1,227,
1920,2,,,,,,,,,,,,,,,,,0xFF01FE,,,,,,,,,,,,,,,,,0xFF01CC,1.0,4,1,228,
1921,2,,,,,,,,,,,,,,,,,0xFF01FE,,,,,,,,,,,,,,,,,0xFF01CC,1.0,4,1,229,
1922,2,,,,,,,,,,,,,,,,,0xFF01FE,,,,,,,,,,,,,,,,,0xFF01CC,1.0,4,1,230,
1923,2,,,,,,,,,,,,,,,,,0xFF01FE,,,,,,,,,,,,,,,,,0xFF01CC,1.0,4,1,231,
1924,2,,,,,,,,,,,,,,,,,0xFF01FE,,,,,,,,,,,,,,,,,0xFF01CC,1.0,4,1,232,
1925,2,,,,,,,,,,,,,,,,,0xFF01FE,,,,,,,,,,,,,,,,,0xFF01CC,1.0,4,1,233,
1926,2,,,,,,,,,,,,,,,,,0xFF01FE,,,,,,,,,,,,,,,,,0xFF01CC,1.0,4,1,234,
1927,2,,,,,,,,,,,,,,,,,0xFF01FE,,,,,,,,,,,,,,,,,0xFF01CC,1.0,4,1,235,
1928,2,,,,,,,,,,,,,,,,,0xFF01FE,,,,,,,,,,,,,,,,,0xFF01CC,1.0,4,1,236,
1929,2,,,,,,,,,,,,,,,,,0xFF01FE,,,,,,,,,,,,,,,,,0xFF01CC,1.0,4,1,237,
1930,2,,,,,,,,,,,,,,,,,0xFF01FE,,,,,,,,,,,,,,,,,0xFF01CC,1.0,4,1,238,
1931,2,,,,,,,,,,,,,,,,,0xFF01FE,,,,,,,,,,,,,,,,,0xFF01CC,1.0,4,1,239,
1932,0,,,,,,,,,,,,,,,,,0xFF01FE,,,,,,,,,,,,,,,,,0xFF01CC,1.0,5,0,0,
1933,0,,,,,,,,,,,,,,,,,0xFF01FE,,,,,,,,,,,,,,,,,0xFF01CC,1.0,5,0,1,
1934,0,,,,,,,,,,,,,,,,,0xFF01FE,,,,,,,,,,,,,,,,,0xFF01CC,1.0,5,0,2,
1935,0,,,,,,,,,,,,,,,,,0xFF01FE,,,,,,,,,,,,,,,,,0xFF01CC,1.0,5,0,3,
1936,0,,,,,,,,,,,,,,,,,0xFF01FE,,,,,,,,,,,,,,,,,0xFF01CC,1.0,5,0,4,
1937,0,,,,,,,,,,,,,,,,,0xFF01FE,,,,,,,,,,,,,,,,,0xFF01CC,1.0,5,0,5,
1938,0,,,,,,,,,,,,,,,,,0xFF01FE,,,,,,,,,,,,,,,,,0xFF01CC,1.0,5,0,6,
1939,0,,,,,,,,,,,,,,,,,0xFF01FE,,,,,,,,,,,,,,,,,0xFF01CC,1.0,5,0,7,
1940,0,,,,,,,,,,,,,,,,,0xFF01FE,,,,,,,,,,,,,,,,,0xFF01CC,1.0,5,0,8,
1941,0,,,,,,,,,,,,,,,,,0xFF01FE,,,,,,,,,,,,,,,,,0xFF01CC,1.0,5,0,9,
1942,0,,,,,,,,,,,,,,,,,0xFF01FE,,,,,,,,,,,,,,,,,0xFEFFCFCD,1.0,5,0,10,
1943,0,,,,,,,,,,,,,,,,,0xFF01FE,,,,,,,,,,,,,,,,,0xFEFFCFCD,1.0,5,0,11,
1944,0,,,,,,,,,,,,,,,,,0xFF01FE,,,,,,,,,,,,,,,,,0xFEFFCFCD,1.0,5,0,12,
1945,0,,,,,,,,,,,,,,,,,0xFF01FE,,,,,,,,,,,,,,,,,0xFEFFCFCD,1.0,5,0,13,
1946,0,,,,,,,,,,,,,,,,,0xFF01FE,,,,,,,,,,,,,,,,,0xFEFFCFCD,1.0,5,0,14,
1947,0,,,,,,,,,,,,,,,,,0xFF01FE,,,,,,,,,,,,,,,,,0xFEFFCFCD,1.0,5,0,15,
1948,0,,,,,,,,,,,,,,,,,0xFF01FE,,,,,,,,,,,,,,,,,0xFEFFCFCD,1.0,5,0,16,
1949,0,,,,,,,,,,,,,,,,,0xFF01FE,,,,,,,,,,,,,,,,,0xFEFFCFCD,1.0,5,0,17,
1950,0,,,,,,,,,,,,,,,,,0xFF01FE,,,,,,,,,,,,,,,,,0xFEFFCFCD,1.0,5,0,18,
1951,0,,,,,,,,,,,,,,,,,0xFF01FE,,,,,,,,,,,,,,,,,0xFEFFCFCD,1.0,5,0,19,
1952,0,,,,,,,,,,,,,,,,,0xFF01FE,,,,,,,,,,,,,,,,,0xFEFFCFCD,1.0,5,0,20,
1953,0,,,,,,,,,,,,,,,,,0xFF01FE,,,,,,,,,,,,,,,,,0xFEFFCFCD,1.0,5,0,21,
1954,2,,,,,,,,,,,,,,,,,0xFF01FE,,,,,,,,,,,,,,,,,0xFF01CC,1.0,5,0,0,
1955,2,,,,,,,,,,,,,,,,,0xFF01FE,,,,,,,,,,,,,,,,,0xFF01CC,1.0,5,0,1,
1956,2,,,,,,,,,,,,,,,,,0xFF01FE,,,,,,,,,,,,,,,,,0xFF01CC,1.0,5,0,2,
1957,2,,,,,,,,,,,,,,,,,0xFF01FE,,,,,,,,,,,,,,,,,0xFF01CC,1.0,5,0,3,
1958,2,,,,,,,,,,,,,,,,,0xFF01FE,,,,,,,,,,,,,,,,,0xFF01CC,1.0,5,0,4,
1959,2,,,,,,,,,,,,,,,,,0xFF01FE,,,,,,,,,,,,,,,,,0xFF01CC,1.0,5,0,5,
1960,2,,,,,,,,,,,,,,,,,0xFF01FE,,,,,,,,,,,,,,,,,0xFF01CC,1.0,5,0,6,
1961,2,,,,,,,,,,,,,,,,,0xFF01FE,,,,,,,,,,,,,,,,,0xFF01CC,1.0,5,0,7,
1962,2,,,,,,,,,,,,,,,,,0xFF01FE,,,,,,,,,,,,,,,,,0xFF01CC,1.0,5,0,8,
1963,2,,,,,,,,,,,,,,,,,0xFF01FE,,,,,,,,,,,,,,,,,0xFF01CC,1.0,5,0,9,
1964,2,,,,,,,,,,,,,,,,,0xFF01FE,,,,,,,,,,,,,,,,,0xFF01CC,1.0,5,0,10,
1965,2,,,,,,,,,,,,,,,,,0xFF01FE,,,,,,,,,,,,,,,,,0xFF01CC,1.0,5,0,11,
1966,2,,,,,,,,,,,,,,,,,0xFF01FE,,,,,,,,,,,,,,,,,0xFF01CC,1.0,5,0,12,
1967,2,,,,,,,,,,,,,,,,,0xFF01FE,,,,,,,,,,,,,,,,,0xFF01CC,1.0,5,0,13,
1968,2,,,,,,,,,,,,,,,,,0xFF01FE,,,,,,,,,,,,,,,,,0xFF01CC,1.0,5,0,14,
1969,2,,,,,,,,,,,,,,,,,0xFF01FE,,,,,,,,,,,,,,,,,0xFF01CC,1.0,5,0,15,
1970,2,,,,,,,,,,,,,,,,,0xFF01FE,,,,,,,,,,,,,,,,,0xFF01CC,1.0,5,0,16,
1971,2,,,,,,,,,,,,,,,,,0xFF01FE,,,,,,,,,,,,,,,,,0xFF01CC,1.0,5,0,17,
1972,2,,,,,,,,,,,,,,,,,0xFF01FE,,,,,,,,,,,,,,,,,0xFF01CC,1.0,5,0,18,
1973,2,,,,,,,,,,,,,,,,,0xFF01FE,,,,,,,,,,,,,,,,,0xFF01CC,1.0,5,0,19,
1974,2,,,,,,,,,,,,,,,,,0xFF01FE,,,,,,,,,,,,,,,,,0xFF01CC,1.0,5,0,20,
1975,2,,,,,,,,,,,,,,,,,0xFF01FE,,,,,,,,,,,,,,,,,0xFF01CC,1.0,5,0,21,
1976,2,,,,,,,,,,,,,,,,,0xFF01FE,,,,,,,,,,,,,,,,,0xFF01CC,1.0,5,0,22,
1977,2,,,,,,,,,,,,,,,,,0xFF01FE,,,,,,,,,,,,,,,,,0xFF01CC,1.0,5,0,23,
1978,2,,,,,,,,,,,,,,,,,0xFF01FE,,,,,,,,,,,,,,,,,0xFF01CC,1.0,5,0,24,
1979,2,,,,,,,,,,,,,,,,,0xFF01FE,,,,,,,,,,,,,,,,,0xFF01CC,1.0,5,0,25,
1980,2,,,,,,,,,,,,,,,,,0xFF01FE,,,,,,,,,,,,,,,,,0xFF01CC,1.0,5,0,26,
1981,2,,,,,,,,,,,,,,,,,0xFF01FE,,,,,,,,,,,,,,,,,0xFF01CC,1.0,5,0,27,
1982,2,,,,,,,,,,,,,,,,,0xFF01FE,,,,,,,,,,,,,,,,,0xFF01CC,1.0,5,0,28,
1983,2,,,,,,,,,,,,,,,,,0xFF01FE,,,,,,,,,,,,,,,,,0xFF01CC,1.0,5,0,29,
1984,2,,,,,,,,,,,,,,,,,0xFF01FE,,,,,,,,,,,,,,,,,0xFF01CC,1.0,5,0,30,
1985,2,,,,,,,,,,,,,,,,,0xFF01FE,,,,,,,,,,,,,,,,,0xFF01CC,1.0,5,0,31,
1986,2,,,,,,,,,,,,,,,,,0xFF01FE,,,,,,,,,,,,,,,,,0xFF01CC,1.0,5,0,32,
1987,2,,,,,,,,,,,,,,,,,0xFF01FE,,,,,,,,,,,,,,,,,0xFF01CC,1.0,5,0,33,
1988,2,,,,,,,,,,,,,,,,,0xFF01FE,,,,,,,,,,,,,,,,,0xFF01CC,1.0,5,0,34,
1989,2,,,,,,,,,,,,,,,,,0xFF01FE,,,,,,,,,,,,,,,,,0xFF01CC,1.0,5,0,35,
1990,2,,,,,,,,,,,,,,,,,0xFF01FE,,,,,,,,,,,,,,,,,0xFF01CC,1.0,5,0,36,
1991,2,,,,,,,,,,,,,,,,,0xFF01FE,,,,,,,,,,,,,,,,,0xFF01CC,1.0,5,0,37,
1992,2,,,,,,,,,,,,,,,,,0xFF01FE,,,,,,,,,,,,,,,,,0xFF01CC,1.0,5,0,38,
1993,2,,,,,,,,,,,,,,,,,0xFF01FE,,,,,,,,,,,,,,,,,0xFF01CC,1.0,5,0,39,
1994,2,,,,,,,,,,,,,,,,,0xFF01FE,,,,,,,,,,,,,,,,,0xFF01CC,1.0,5,0,40,
1995,2,,,,,,,,,,,,,,,,,0xFF01FE,,,,,,,,,,,,,,,,,0xFF01CC,1.0,5,0,41,
1996,2,,,,,,,,,,,,,,,,,0xFF01FE,,,,,,,,,,,,,,,,,0xFF01CC,1.0,5,0,42,
1997,2,,,,,,,,,,,,,,,,,0xFF01FE,,,,,,,,,,,,,,,,,0xFF01CC,1.0,5,0,43,
1998,2,,,,,,,,,,,,,,,,,0xFF01FE,,,,,,,,,,,,,,,,,0xFF01CC,1.0,5,0,44,
1999,2,,,,,,,,,,,,,,,,,0xFF01FE,,,,,,,,,,,,,,,,,0xFF01CC,1.0,5,0,45,
2000,2,,,,,,,,,,,,,,,,,0xFF01FE,,,,,,,,,,,,,,,,,0xFF01CC,1.0,5,0,46,
2001,2,,,,,,,,,,,,,,,,,0xFF01FE,,,,,,,,,,,,,,,,,0xFF01CC,1.0,5,0,47,
2002,2,,,,,,,,,,,,,,,,,0xFF01FE,,,,,,,,,,,,,,,,,0xFF01CC,1.0,5,0,48,
2003,2,,,,,,,,,,,,,,,,,0xFF01FE,,,,,,,,,,,,,,,,,0xFF01CC,1.0,5,0,49,
2004,2,,,,,,,,,,,,,,,,,0xFF01FE,,,,,,,,,,,,,,,,,0xFF01CC,1.0,5,0,50,
2005,2,,,,,,,,,,,,,,,,,0xFF01FE,,,,,,,,,,,,,,,,,0xFF01CC,1.0,5,0,51,
2006,2,,,,,,,,,,,,,,,,,0xFF01FE,,,,,,,,,,,,,,,,,0xFF01CC,1.0,5,0,52,
2007,2,,,,,,,,,,,,,,,,,0xFF01FE,,,,,,,,,,,,,,,,,0xFF01CC,1.0,5,0,53,
2008,2,,,,,,,,,,,,,,,,,0xFF01FE,,,,,,,,,,,,,,,,,0xFF01CC,1.0,5,0,54,
2009,2,,,,,,,,,,,,,,,,,0xFF01FE,,,,,,,,,,,,,,,,,0xFF01CC,1.0,5,0,55,
2010,2,,,,,,,,,,,,,,,,,0xFF01FE,,,,,,,,,,,,,,,,,0xFF01CC,1.0,5,0,56,
2011,2,,,,,,,,,,,,,,,,,0xFF01FE,,,,,,,,,,,,,,,,,0xFF01CC,1.0,5,0,57,
2012,2,,,,,,,,,,,,,,,,,0xFF01FE,,,,,,,,,,,,,,,,,0xFF01CC,1.0,5,0,58,
2013,2,,,,,,,,,,,,,,,,,0xFF01FE,,,,,,,,,,,,,,,,,0xFF01CC,1.0,5,0,59,
2014,0,,,,,,,,,,,,,,,,,0xFF01FE,,,,,,,,,,,,,,,,,0xFF01CC,1.0,5,1,0,
2015,0,,,,,,,,,,,,,,,,,0xFF01FE,,,,,,,,,,,,,,,,,0xFF01CC,1.0,5,1,1,
2016,0,,,,,,,,,,,,,,,,,0xFF01FE,,,,,,,,,,,,,,,,,0xFF01CC,1.0,5,1,2,
2017,0,,,,,,,,,,,,,,,,,0xFF01FE,,,,,,,,,,,,,,,,,0xFF01CC,1.0,5,1,3,
2018,0,,,,,,,,,,,,,,,,,0xFF01FE,,,,,,,,,,,,,,,,,0xFF01CC,1.0,5,1,4,
2019,0,,,,,,,,,,,,,,,,,0xFF01FE,,,,,,,,,,,,,,,,,0xFF01CC,1.0,5,1,5,
2020,0,,,,,,,,,,,,,,,,,0xFF01FE,,,,,,,,,,,,,,,,,0xFF01CC,1.0,5,1,6,
2021,0,,,,,,,,,,,,,,,,,0xFF01FE,,,,,,,,,,,,,,,,,0xFF01CC,1.0,5,1,7,
2022,0,,,,,,,,,,,,,,,,,0xFF01FE,,,,,,,,,,,,,,,,,0xFF01CC,1.0,5,1,8,
2023,0,,,,,,,,,,,,,,,,,0xFF01FE,,,,,,,,,,,,,,,,,0xFF01CC,1.0,5,1,9,
2024,0,,,,,,,,,,,,,,,,,0xFF01FE,,,,,,,,,,,,,,,,,0xFEFFCFCD,1.0,5,1,10,
2025,0,,,,,,,,,,,,,,,,,0xFF01FE,,,,,,,,,,,,,,,,,0xFEFFCFCD,1.0,5,1,11,
2026,0,,,,,,,,,,,,,,,,,0xFF01FE,,,,,,,,,,,,,,,,,0xFEFFCFCD,1.0,5,1,12,
2027,0,,,,,,,,,,,,,,,,,0xFF01FE,,,,,,,,,,,,,,,,,0xFEFFCFCD,1.0,5,1,13,
2028,0,,,,,,,,,,,,,,,,,0xFF01FE,,,,,,,,,,,,,,,,,0xFEFFCFCD,1.0,5,1,14,
2029,0,,,,,,,,,,,,,,,,,0xFF01FE,,,,,,,,,,,,,,,,,0xFEFFCFCD,1.0,5,1,15,
2030,0,,,,,,,,,,,,,,,,,0xFF01FE,,,,,,,,,,,,,,,,,0xFEFFCFCD,1.0,5,1,16,
2031,0,,,,,,,,,,,,,,,,,0xFF01FE,,,,,,,,,,,,,,,,,0xFEFFCFCD,1.0,5,1,17,
2032,0,,,,,,,,,,,,,,,,,0xFF01FE,,,,,,,,,,,,,,,,,0xFEFFCFCD,1.0,5,1,18,
2033,0,,,,,,,,,,,,,,,,,0xFF01FE,,,,,,,,,,,,,,,,,0xFEFFCFCD,1.0,5,1,19,
2034,2,,,,,,,,,,,,,,,,,0xFF01FE,,,,,,,,,,,,,,,,,0xFF01CC,1.0,5,1,0,
2035,2,,,,,,,,,,,,,,,,,0xFF01FE,,,,,,,,,,,,,,,,,0xFF01CC,1.0,5,1,1,
2036,2,,,,,,,,,,,,,,,,,0xFF01FE,,,,,,,,,,,,,,,,,0xFF01CC,1.0,5,1,2,
2037,2,,,,,,,,,,,,,,,,,0xFF01FE,,,,,,,,,,,,,,,,,0xFF01CC,1.0,5,1,3,
2038,2,,,,,,,,,,,,,,,,,0xFF01FE,,,,,,,,,,,,,,,,,0xFF01CC,1.0,5,1,4,
2039,2,,,,,,,,,,,,,,,,,0xFF01FE,,,,,,,,,,,,,,,,,0xFF01CC,1.0,5,1,5,
2040,2,,,,,,,,,,,,,,,,,0xFF01FE,,,,,,,,,,,,,,,,,0xFF01CC,1.0,5,1,6,
2041,2,,,,,,,,,,,,,,,,,0xFF01FE,,,,,,,,,,,,,,,,,0xFF01CC,1.0,5,1,7,
2042,2,,,,,,,,,,,,,,,,,0xFF01FE,,,,,,,,,,,,,,,,,0xFF01CC,1.0,5,1,8,
2043,2,,,,,,,,,,,,,,,,,0xFF01FE,,,,,,,,,,,,,,,,,0xFF01CC,1.0,5,1,9,
2044,2,,,,,,,,,,,,,,,,,0xFF01FE,,,,,,,,,,,,,,,,,0xFF01CC,1.0,5,1,10,
2045,2,,,,,,,,,,,,,,,,,0xFF01FE,,,,,,,,,,,,,,,,,0xFF01CC,1.0,5,1,11,
2046,2,,,,,,,,,,,,,,,,,0xFF01FE,,,,,,,,,,,,,,,,,0xFF01CC,1.0,5,1,12,
2047,2,,,,,,,,,,,,,,,,,0xFF01FE,,,,,,,,,,,,,,,,,0xFF01CC,1.0,5,1,13,
2048,2,,,,,,,,,,,,,,,,,0xFF01FE,,,,,,,,,,,,,,,,,0xFF01CC,1.0,5,1,14,
2049,2,,,,,,,,,,,,,,,,,0xFF01FE,,,,,,,,,,,,,,,,,0xFF01CC,1.0,5,1,15,
2050,2,,,,,,,,,,,,,,,,,0xFF01FE,,,,,,,,,,,,,,,,,0xFF01CC,1.0,5,1,16,
2051,2,,,,,,,,,,,,,,,,,0xFF01FE,,,,,,,,,,,,,,,,,0xFF01CC,1.0,5,1,17,
2052,2,,,,,,,,,,,,,,,,,0xFF01FE,,,,,,,,,,,,,,,,,0xFF01CC,1.0,5,1,18,
2053,2,,,,,,,,,,,,,,,,,0xFF01FE,,,,,,,,,,,,,,,,,0xFF01CC,1.0,5,1,19,
2054,0,,,,,,,,,,,,,,,,,0xFF01FE,,,,,,,,,,,,,,,,,0xFF01CC,1.0,6,0,0,
2055,0,,,,,,,,,,,,,,,,,0xFF01FE,,,,,,,,,,,,,,,,,0xFF01CC,1.0,6,0,1,
2056,0,,,,,,,,,,,,,,,,,0xFF01FE,,,,,,,,,,,,,,,,,0xFF01CC,1.0,6,0,2,
2057,0,,,,,,,,,,,,,,,,,0xFF01FE,,,,,,,,,,,,,,,,,0xFF01CC,1.0,6,0,3,
2058,0,,,,,,,,,,,,,,,,,0xFF01FE,,,,,,,,,,,,,,,,,0xFF01CC,1.0,6,0,4,
2059,0,,,,,,,,,,,,,,,,,0xFF01FE,,,,,,,,,,,,,,,,,0xFF01CC,1.0,6,0,5,
2060,0,,,,,,,,,,,,,,,,,0xFF01FE,,,,,,,,,,,,,,,,,0xFF01CC,1.0,6,0,6,
2061,0,,,,,,,,,,,,,,,,,0xFF01FE,,,,,,,,,,,,,,,,,0xFF01CC,1.0,6,0,7,
2062,0,,,,,,,,,,,,,,,,,0xFF01FE,,,,,,,,,,,,,,,,,0xFF01CC,1.0,6,0,8,
2063,0,,,,,,,,,,,,,,,,,0xFF01FE,,,,,,,,,,,,,,,,,0xFF01CC,1.0,6,0,9,
2064,0,,,,,,,,,,,,,,,,,0xFF01FE,,,,,,,,,,,,,,,,,0xFF01CC,1.0,6,0,10,
2065,0,,,,,,,,,,,,,,,,,0xFF01FE,,,,,,,,,,,,,,,,,0xFF01CC,1.0,6,0,11,
2066,0,,,,,,,,,,,,,,,,,0xFF01FE,,,,,,,,,,,,,,,,,0xFF01CC,1.0,6,0,12,
2067,0,,,,,,,,,,,,,,,,,0xFF01FE,,,,,,,,,,,,,,,,,0xFF01CC,1.0,6,0,13,
2068,0,,,,,,,,,,,,,,,,,0xFF01FE,,,,,,,,,,,,,,,,,0xFF01CC,1.0,6,0,14,
2069,0,,,,,,,,,,,,,,,,,0xFF01FE,,,,,,,,,,,,,,,,,0xFF01CC,1.0,6,0,15,
2070,0,,,,,,,,,,,,,,,,,0xFF01FE,,,,,,,,,,,,,,,,,0xFF01CC,1.0,6,0,16,
2071,0,,,,,,,,,,,,,,,,,0xFF01FE,,,,,,,,,,,,,,,,,0xFF01CC,1.0,6,0,17,
2072,0,,,,,,,,,,,,,,,,,0xFF01FE,,,,,,,,,,,,,,,,,0xFF01CC,1.0,6,0,18,
2073,0,,,,,,,,,,,,,,,,,0xFF01FE,,,,,,,,,,,,,,,,,0xFF01CC,1.0,6,0,19,
2074,1,,,,,,,,,,,,,,,,,0xFF01FE,,,,,,,,,,,,,,,,,0xFF01CC,1.0,6,0,0,
2075,1,,,,,,,,,,,,,,,,,0xFF01FE,,,,,,,,,,,,,,,,,0xFF01CC,1.0,6,0,1,
2076,1,,,,,,,,,,,,,,,,,0xFF01FE,,,,,,,,,,,,,,,,,0xFF01CC,1.0,6,0,2,
2077,1,,,,,,,,,,,,,,,,,0xFF01FE,,,,,,,,,,,,,,,,,0xFF01CC,1.0,6,0,3,
2078,1,,,,,,,,,,,,,,,,,0xFF01FE,,,,,,,,,,,,,,,,,0xFF01CC,1.0,6,0,4,
2079,1,,,,,,,,,,,,,,,,,0xFF01FE,,,,,,,,,,,,,,,,,0xFF01CC,1.0,6,0,5,
2080,1,,,,,,,,,,,,,,,,,0xFF01FE,,,,,,,,,,,,,,,,,0xFF01CC,1.0,6,0,6,
2081,1,,,,,,,,,,,,,,,,,0xFF01FE,,,,,,,,,,,,,,,,,0xFF01CC,1.0,6,0,7,
2082,1,,,,,,,,,,,,,,,,,0xFF01FE,,,,,,,,,,,,,,,,,0xFF01CC,1.0,6,0,8,
2083,1,,,,,,,,,,,,,,,,,0xFF01FE,,,,,,,,,,,,,,,,,0xFF01CC,1.0,6,0,9,
2084,1,,,,,,,,,,,,,,,,,0xFF01FE,,,,,,,,,,,,,,,,,0xFF01CC,1.0,6,0,10,
2085,1,,,,,,,,,,,,,,,,,0xFF01FE,,,,,,,,,,,,,,,,,0xFF01CC,1.0,6,0,11,
2086,1,,,,,,,,,,,,,,,,,0xFF01FE,,,,,,,,,,,,,,,,,0xFF01CC,1.0,6,0,12,
2087,1,,,,,,,,,,,,,,,,,0xFF01FE,,,,,,,,,,,,,,,,,0xFF01CC,1.0,6,0,13,
2088,1,,,,,,,,,,,,,,,,,0xFF01FE,,,,,,,,,,,,,,,,,0xFF01CC,1.0,6,0,14,
2089,1,,,,,,,,,,,,,,,,,0xFF01FE,,,,,,,,,,,,,,,,,0xFF01CC,1.0,6,0,15,
2090,1,,,,,,,,,,,,,,,,,0xFF01FE,,,,,,,,,,,,,,,,,0xFF01CC,1.0,6,0,16,
2091,1,,,,,,,,,,,,,,,,,0xFF01FE,,,,,,,,,,,,,,,,,0xFF01CC,1.0,6,0,17,
2092,1,,,,,,,,,,,,,,,,,0xFF01FE,,,,,,,,,,,,,,,,,0xFF01CC,1.0,6,0,18,
2093,1,,,,,,,,,,,,,,,,,0xFF01FE,,,,,,,,,,,,,,,,,0xFF01CC,1.0,6,0,19,
2094,1,,,,,,,,,,,,,,,,,0xFF01FE,,,,,,,,,,,,,,,,,0xFF01CC,1.0,6,0,20,
2095,2,,,,,,,,,,,,,,,,,0xFF01FE,,,,,,,,,,,,,,,,,0xFF01CC,1.0,6,0,0,
2096,2,,,,,,,,,,,,,,,,,0xFF01FE,,,,,,,,,,,,,,,,,0xFF01CC,1.0,6,0,1,
2097,2,,,,,,,,,,,,,,,,,0xFF01FE,,,,,,,,,,,,,,,,,0xFF01CC,1.0,6,0,2,
2098,2,,,,,,,,,,,,,,,,,0xFF01FE,,,,,,,,,,,,,,,,,0xFF01CC,1.0,6,0,3,
2099,2,,,,,,,,,,,,,,,,,0xFF01FE,,,,,,,,,,,,,,,,,0xFF01CC,1.0,6,0,4,
2100,2,,,,,,,,,,,,,,,,,0xFF01FE,,,,,,,,,,,,,,,,,0xFF01CC,1.0,6,0,5,
2101,2,,,,,,,,,,,,,,,,,0xFF01FE,,,,,,,,,,,,,,,,,0xFF01CC,1.0,6,0,6,
2102,2,,,,,,,,,,,,,,,,,0xFF01FE,,,,,,,,,,,,,,,,,0xFF01CC,1.0,6,0,7,
2103,2,,,,,,,,,,,,,,,,,0xFF01FE,,,,,,,,,,,,,,,,,0xFF01CC,1.0,6,0,8,
2104,2,,,,,,,,,,,,,,,,,0xFF01FE,,,,,,,,,,,,,,,,,0xFF01CC,1.0,6,0,9,
2105,2,,,,,,,,,,,,,,,,,0xFF01FE,,,,,,,,,,,,,,,,,0xFF01CC,1.0,6,0,10,
2106,2,,,,,,,,,,,,,,,,,0xFF01FE,,,,,,,,,,,,,,,,,0xFF01CC,1.0,6,0,11,
2107,2,,,,,,,,,,,,,,,,,0xFF01FE,,,,,,,,,,,,,,,,,0xFF01CC,1.0,6,0,12,
2108,2,,,,,,,,,,,,,,,,,0xFF01FE,,,,,,,,,,,,,,,,,0xFF01CC,1.0,6,0,13,
2109,2,,,,,,,,,,,,,,,,,0xFF01FE,,,,,,,,,,,,,,,,,0xFF01CC,1.0,6,0,14,
2110,2,,,,,,,,,,,,,,,,,0xFF01FE,,,,,,,,,,,,,,,,,0xFF01CC,1.0,6,0,15,
2111,2,,,,,,,,,,,,,,,,,0xFF01FE,,,,,,,,,,,,,,,,,0xFF01CC,1.0,6,0,16,
2112,2,,,,,,,,,,,,,,,,,0xFF01FE,,,,,,,,,,,,,,,,,0xFF01CC,1.0,6,0,17,
2113,2,,,,,,,,,,,,,,,,,0xFF01FE,,,,,,,,,,,,,,,,,0xFF01CC,1.0,6,0,18,
2114,2,,,,,,,,,,,,,,,,,0xFF01FE,,,,,,,,,,,,,,,,,0xFF01CC,1.0,6,0,19,
2115,2,,,,,,,,,,,,,,,,,0xFF01FE,,,,,,,,,,,,,,,,,0xFF01CC,1.0,6,0,20,
2116,2,,,,,,,,,,,,,,,,,0xFF01FE,,,,,,,,,,,,,,,,,0xFF01CC,1.0,6,0,21,
2117,2,,,,,,,,,,,,,,,,,0xFF01FE,,,,,,,,,,,,,,,,,0xFF01CC,1.0,6,0,22,
2118,2,,,,,,,,,,,,,,,,,0xFF01FE,,,,,,,,,,,,,,,,,0xFF01CC,1.0,6,0,23,
2119,2,,,,,,,,,,,,,,,,,0xFF01FE,,,,,,,,,,,,,,,,,0xFF01CC,1.0,6,0,24,
2120,2,,,,,,,,,,,,,,,,,0xFF01FE,,,,,,,,,,,,,,,,,0xFF01CC,1.0,6,0,25,
2121,2,,,,,,,,,,,,,,,,,0xFF01FE,,,,,,,,,,,,,,,,,0xFF01CC,1.0,6,0,26,
2122,2,,,,,,,,,,,,,,,,,0xFF01FE,,,,,,,,,,,,,,,,,0xFF01CC,1.0,6,0,27,
2123,2,,,,,,,,,,,,,,,,,0xFF01FE,,,,,,,,,,,,,,,,,0xFF01CC,1.0,6,0,28,
2124,2,,,,,,,,,,,,,,,,,0xFF01FE,,,,,,,,,,,,,,,,,0xFF01CC,1.0,6,0,29,
2125,2,,,,,,,,,,,,,,,,,0xFF01FE,,,,,,,,,,,,,,,,,0xFF01CC,1.0,6,0,30,
2126,2,,,,,,,,,,,,,,,,,0xFF01FE,,,,,,,,,,,,,,,,,0xFF01CC,1.0,6,0,31,
2127,2,,,,,,,,,,,,,,,,,0xFF01FE,,,,,,,,,,,,,,,,,0xFF01CC,1.0,6,0,32,
2128,2,,,,,,,,,,,,,,,,,0xFF01FE,,,,,,,,,,,,,,,,,0xFF01CC,1.0,6,0,33,
2129,2,,,,,,,,,,,,,,,,,0xFF01FE,,,,,,,,,,,,,,,,,0xFF01CC,1.0,6,0,34,
2130,2,,,,,,,,,,,,,,,,,0xFF01FE,,,,,,,,,,,,,,,,,0xFF01CC,1.0,6,0,35,
2131,2,,,,,,,,,,,,,,,,,0xFF01FE,,,,,,,,,,,,,,,,,0xFF01CC,1.0,6,0,36,
2132,2,,,,,,,,,,,,,,,,,0xFF01FE,,,,,,,,,,,,,,,,,0xFF01CC,1.0,6,0,37,
2133,2,,,,,,,,,,,,,,,,,0xFF01FE,,,,,,,,,,,,,,,,,0xFF01CC,1.0,6,0,38,
2134,2,,,,,,,,,,,,,,,,,0xFF01FE,,,,,,,,,,,,,,,,,0xFF01CC,1.0,6,0,39,
2135,2,,,,,,,,,,,,,,,,,0xFF01FE,,,,,,,,,,,,,,,,,0xFF01CC,1.0,6,0,40,
2136,2,,,,,,,,,,,,,,,,,0xFF01FE,,,,,,,,,,,,,,,,,0xFF01CC,1.0,6,0,41,
2137,2,,,,,,,,,,,,,,,,,0xFF01FE,,,,,,,,,,,,,,,,,0xFF01CC,1.0,6,0,42,
2138,2,,,,,,,,,,,,,,,,,0xFF01FE,,,,,,,,,,,,,,,,,0xFF01CC,1.0,6,0,43,
2139,2,,,,,,,,,,,,,,,,,0xFF01FE,,,,,,,,,,,,,,,,,0xFF01CC,1.0,6,0,44,
2140,2,,,,,,,,,,,,,,,,,0xFF01FE,,,,,,,,,,,,,,,,,0xFF01CC,1.0,6,0,45,
2141,2,,,,,,,,,,,,,,,,,0xFF01FE,,,,,,,,,,,,,,,,,0xFF01CC,1.0,6,0,46,
2142,2,,,,,,,,,,,,,,,,,0xFF01FE,,,,,,,,,,,,,,,,,0xFF01CC,1.0,6,0,47,
2143,2,,,,,,,,,,,,,,,,,0xFF01FE,,,,,,,,,,,,,,,,,0xFF01CC,1.0,6,0,48,
2144,2,,,,,,,,,,,,,,,,,0xFF01FE,,,,,,,,,,,,,,,,,0xFF01CC,1.0,6,0,49,
2145,2,,,,,,,,,,,,,,,,,0xFF01FE,,,,,,,,,,,,,,,,,0xFF01CC,1.0,6,0,50,
2146,2,,,,,,,,,,,,,,,,,0xFF01FE,,,,,,,,,,,,,,,,,0xFF01CC,1.0,6,0,51,
2147,2,,,,,,,,,,,,,,,,,0xFF01FE,,,,,,,,,,,,,,,,,0xFF01CC,1.0,6,0,52,
2148,2,,,,,,,,,,,,,,,,,0xFF01FE,,,,,,,,,,,,,,,,,0xFF01CC,1.0,6,0,53,
2149,2,,,,,,,,,,,,,,,,,0xFF01FE,,,,,,,,,,,,,,,,,0xFF01CC,1.0,6,0,54,
2150,2,,,,,,,,,,,,,,,,,0xFF01FE,,,,,,,,,,,,,,,,,0xFF01CC,1.0,6,0,55,
2151,2,,,,,,,,,,,,,,,,,0xFF01FE,,,,,,,,,,,,,,,,,0xFF01CC,1.0,6,0,56,
2152,2,,,,,,,,,,,,,,,,,0xFF01FE,,,,,,,,,,,,,,,,,0xFF01CC,1.0,6,0,57,
2153,2,,,,,,,,,,,,,,,,,0xFF01FE,,,,,,,,,,,,,,,,,0xFF01CC,1.0,6,0,58,
2154,2,,,,,,,,,,,,,,,,,0xFF01FE,,,,,,,,,,,,,,,,,0xFF01CC,1.0,6,0,59,
2155,2,,,,,,,,,,,,,,,,,0xFF01FE,,,,,,,,,,,,,,,,,0xFF01CC,1.0,6,0,60,
2156,2,,,,,,,,,,,,,,,,,0xFF01FE,,,,,,,,,,,,,,,,,0xFF01CC,1.0,6,0,61,
2157,2,,,,,,,,,,,,,,,,,0xFF01FE,,,,,,,,,,,,,,,,,0xFF01CC,1.0,6,0,62,
2158,2,,,,,,,,,,,,,,,,,0xFF01FE,,,,,,,,,,,,,,,,,0xFF01CC,1.0,6,0,63,
2159,2,,,,,,,,,,,,,,,,,0xFF01FE,,,,,,,,,,,,,,,,,0xFF01CC,1.0,6,0,64,
2160,2,,,,,,,,,,,,,,,,,0xFF01FE,,,,,,,,,,,,,,,,,0xFF01CC,1.0,6,0,65,
2161,2,,,,,,,,,,,,,,,,,0xFF01FE,,,,,,,,,,,,,,,,,0xFF01CC,1.0,6,0,66,
2162,2,,,,,,,,,,,,,,,,,0xFF01FE,,,,,,,,,,,,,,,,,0xFF01CC,1.0,6,0,67,
2163,2,,,,,,,,,,,,,,,,,0xFF01FE,,,,,,,,,,,,,,,,,0xFF01CC,1.0,6,0,68,
2164,2,,,,,,,,,,,,,,,,,0xFF01FE,,,,,,,,,,,,,,,,,0xFF01CC,1.0,6,0,69,
2165,2,,,,,,,,,,,,,,,,,0xFF01FE,,,,,,,,,,,,,,,,,0xFF01CC,1.0,6,0,70,
2166,2,,,,,,,,,,,,,,,,,0xFF01FE,,,,,,,,,,,,,,,,,0xFF01CC,1.0,6,0,71,
2167,2,,,,,,,,,,,,,,,,,0xFF01FE,,,,,,,,,,,,,,,,,0xFF01CC,1.0,6,0,72,
2168,2,,,,,,,,,,,,,,,,,0xFF01FE,,,,,,,,,,,,,,,,,0xFF01CC,1.0,6,0,73,
2169,2,,,,,,,,,,,,,,,,,0xFF01FE,,,,,,,,,,,,,,,,,0xFF01CC,1.0,6,0,74,
2170,2,,,,,,,,,,,,,,,,,0xFF01FE,,,,,,,,,,,,,,,,,0xFF01CC,1.0,6,0,75,
2171,2,,,,,,,,,,,,,,,,,0xFF01FE,,,,,,,,,,,,,,,,,0xFF01CC,1.0,6,0,76,
2172,2,,,,,,,,,,,,,,,,,0xFF01FE,,,,,,,,,,,,,,,,,0xFF01CC,1.0,6,0,77,
2173,2,,,,,,,,,,,,,,,,,0xFF01FE,,,,,,,,,,,,,,,,,0xFF01CC,1.0,6,0,78,
2174,2,,,,,,,,,,,,,,,,,0xFF01FE,,,,,,,,,,,,,,,,,0xFF01CC,1.0,6,0,79,
2175,2,,,,,,,,,,,,,,,,,0xFF01FE,,,,,,,,,,,,,,,,,0xFF01CC,1.0,6,0,80,
2176,2,,,,,,,,,,,,,,,,,0xFF01FE,,,,,,,,,,,,,,,,,0xFF01CC,1.0,6,0,81,
2177,2,,,,,,,,,,,,,,,,,0xFF01FE,,,,,,,,,,,,,,,,,0xFF01CC,1.0,6,0,82,
2178,2,,,,,,,,,,,,,,,,,0xFF01FE,,,,,,,,,,,,,,,,,0xFF01CC,1.0,6,0,83,
2179,2,,,,,,,,,,,,,,,,,0xFF01FE,,,,,,,,,,,,,,,,,0xFF01CC,1.0,6,0,84,
2180,2,,,,,,,,,,,,,,,,,0xFF01FE,,,,,,,,,,,,,,,,,0xFF01CC,1.0,6,0,85,
2181,2,,,,,,,,,,,,,,,,,0xFF01FE,,,,,,,,,,,,,,,,,0xFF01CC,1.0,6,0,86,
2182,2,,,,,,,,,,,,,,,,,0xFF01FE,,,,,,,,,,,,,,,,,0xFF01CC,1.0,6,0,87,
2183,2,,,,,,,,,,,,,,,,,0xFF01FE,,,,,,,,,,,,,,,,,0xFF01CC,1.0,6,0,88,
2184,2,,,,,,,,,,,,,,,,,0xFF01FE,,,,,,,,,,,,,,,,,0xFF01CC,1.0,6,0,89,
2185,2,,,,,,,,,,,,,,,,,0xFF01FE,,,,,,,,,,,,,,,,,0xFF01CC,1.0,6,0,90,
2186,2,,,,,,,,,,,,,,,,,0xFF01FE,,,,,,,,,,,,,,,,,0xFF01CC,1.0,6,0,91,
2187,2,,,,,,,,,,,,,,,,,0xFF01FE,,,,,,,,,,,,,,,,,0xFF01CC,1.0,6,0,92,
2188,2,,,,,,,,,,,,,,,,,0xFF01FE,,,,,,,,,,,,,,,,,0xFF01CC,1.0,6,0,93,
2189,2,,,,,,,,,,,,,,,,,0xFF01FE,,,,,,,,,,,,,,,,,0xFF01CC,1.0,6,0,94,
2190,2,,,,,,,,,,,,,,,,,0xFF01FE,,,,,,,,,,,,,,,,,0xFF01CC,1.0,6,0,95,
2191,2,,,,,,,,,,,,,,,,,0xFF01FE,,,,,,,,,,,,,,,,,0xFF01CC,1.0,6,0,96,
2192,2,,,,,,,,,,,,,,,,,0xFF01FE,,,,,,,,,,,,,,,,,0xFF01CC,1.0,6,0,97,
2193,2,,,,,,,,,,,,,,,,,0xFF01FE,,,,,,,,,,,,,,,,,0xFF01CC,1.0,6,0,98,
2194,2,,,,,,,,,,,,,,,,,0xFF01FE,,,,,,,,,,,,,,,,,0xFF01CC,1.0,6,0,99,
2195,2,,,,,,,,,,,,,,,,,0xFF01FE,,,,,,,,,,,,,,,,,0xFF01CC,1.0,6,0,100,
2196,2,,,,,,,,,,,,,,,,,0xFF01FE,,,,,,,,,,,,,,,,,0xFF01CC,1.0,6,0,101,
2197,2,,,,,,,,,,,,,,,,,0xFF01FE,,,,,,,,,,,,,,,,,0xFF01CC,1.0,6,0,102,
2198,2,,,,,,,,,,,,,,,,,0xFF01FE,,,,,,,,,,,,,,,,,0xFF01CC,1.0,6,0,103,
2199,2,,,,,,,,,,,,,,,,,0xFF01FE,,,,,,,,,,,,,,,,,0xFF01CC,1.0,6,0,104,
2200,2,,,,,,,,,,,,,,,,,0xFF01FE,,,,,,,,,,,,,,,,,0xFF01CC,1.0,6,0,105,
2201,2,,,,,,,,,,,,,,,,,0xFF01FE,,,,,,,,,,,,,,,,,0xFF01CC,1.0,6,0,106,
2202,2,,,,,,,,,,,,,,,,,0xFF01FE,,,,,,,,,,,,,,,,,0xFF01CC,1.0,6,0,107,
2203,2,,,,,,,,,,,,,,,,,0xFF01FE,,,,,,,,,,,,,,,,,0xFF01CC,1.0,6,0,108,
2204,2,,,,,,,,,,,,,,,,,0xFF01FE,,,,,,,,,,,,,,,,,0xFF01CC,1.0,6,0,109,
2205,2,,,,,,,,,,,,,,,,,0xFF01FE,,,,,,,,,,,,,,,,,0xFF01CC,1.0,6,0,110,
2206,2,,,,,,,,,,,,,,,,,0xFF01FE,,,,,,,,,,,,,,,,,0xFF01CC,1.0,6,0,111,
2207,2,,,,,,,,,,,,,,,,,0xFF01FE,,,,,,,,,,,,,,,,,0xFF01CC,1.0,6,0,112,
2208,2,,,,,,,,,,,,,,,,,0xFF01FE,,,,,,,,,,,,,,,,,0xFF01CC,1.0,6,0,113,
2209,2,,,,,,,,,,,,,,,,,0xFF01FE,,,,,,,,,,,,,,,,,0xFF01CC,1.0,6,0,114,
2210,2,,,,,,,,,,,,,,,,,0xFF01FE,,,,,,,,,,,,,,,,,0xFF01CC,1.0,6,0,115,
2211,2,,,,,,,,,,,,,,,,,0xFF01FE,,,,,,,,,,,,,,,,,0xFF01CC,1.0,6,0,116,
2212,2,,,,,,,,,,,,,,,,,0xFF01FE,,,,,,,,,,,,,,,,,0xFF01CC,1.0,6,0,117,
2213,2,,,,,,,,,,,,,,,,,0xFF01FE,,,,,,,,,,,,,,,,,0xFF01CC,1.0,6,0,118,
2214,2,,,,,,,,,,,,,,,,,0xFF01FE,,,,,,,,,,,,,,,,,0xFF01CC,1.0,6,0,119,
2215,2,,,,,,,,,,,,,,,,,0xFF01FE,,,,,,,,,,,,,,,,,0xFF01CC,1.0,6,0,120,
2216,2,,,,,,,,,,,,,,,,,0xFF01FE,,,,,,,,,,,,,,,,,0xFF01CC,1.0,6,0,121,
2217,2,,,,,,,,,,,,,,,,,0xFF01FE,,,,,,,,,,,,,,,,,0xFF01CC,1.0,6,0,122,
2218,2,,,,,,,,,,,,,,,,,0xFF01FE,,,,,,,,,,,,,,,,,0xFF01CC,1.0,6,0,123,
2219,2,,,,,,,,,,,,,,,,,0xFF01FE,,,,,,,,,,,,,,,,,0xFF01CC,1.0,6,0,124,
2220,2,,,,,,,,,,,,,,,,,0xFF01FE,,,,,,,,,,,,,,,,,0xFF01CC,1.0,6,0,125,
2221,2,,,,,,,,,,,,,,,,,0xFF01FE,,,,,,,,,,,,,,,,,0xFF01CC,1.0,6,0,126,
2222,2,,,,,,,,,,,,,,,,,0xFF01FE,,,,,,,,,,,,,,,,,0xFF01CC,1.0,6,0,127,
2223,2,,,,,,,,,,,,,,,,,0xFF01FE,,,,,,,,,,,,,,,,,0xFF01CC,1.0,6,0,128,
2224,2,,,,,,,,,,,,,,,,,0xFF01FE,,,,,,,,,,,,,,,,,0xFF01CC,1.0,6,0,129,
2225,2,,,,,,,,,,,,,,,,,0xFF01FE,,,,,,,,,,,,,,,,,0xFF01CC,1.0,6,0,130,
2226,2,,,,,,,,,,,,,,,,,0xFF01FE,,,,,,,,,,,,,,,,,0xFF01CC,1.0,6,0,131,
2227,2,,,,,,,,,,,,,,,,,0xFF01FE,,,,,,,,,,,,,,,,,0xFF01CC,1.0,6,0,132,
2228,2,,,,,,,,,,,,,,,,,0xFF01FE,,,,,,,,,,,,,,,,,0xFF01CC,1.0,6,0,133,
2229,2,,,,,,,,,,,,,,,,,0xFF01FE,,,,,,,,,,,,,,,,,0xFF01CC,1.0,6,0,134,
2230,2,,,,,,,,,,,,,,,,,0xFF01FE,,,,,,,,,,,,,,,,,0xFF01CC,1.0,6,0,135,
2231,2,,,,,,,,,,,,,,,,,0xFF01FE,,,,,,,,,,,,,,,,,0xFF01CC,1.0,6,0,136,
2232,2,,,,,,,,,,,,,,,,,0xFF01FE,,,,,,,,,,,,,,,,,0xFF01CC,1.0,6,0,137,
2233,2,,,,,,,,,,,,,,,,,0xFF01FE,,,,,,,,,,,,,,,,,0xFF01CC,1.0,6,0,138,
2234,2,,,,,,,,,,,,,,,,,0xFF01FE,,,,,,,,,,,,,,,,,0xFF01CC,1.0,6,0,139,
2235,2,,,,,,,,,,,,,,,,,0xFF01FE,,,,,,,,,,,,,,,,,0xFF01CC,1.0,6,0,140,
2236,2,,,,,,,,,,,,,,,,,0xFF01FE,,,,,,,,,,,,,,,,,0xFF01CC,1.0,6,0,141,
2237,2,,,,,,,,,,,,,,,,,0xFF01FE,,,,,,,,,,,,,,,,,0xFF01CC,1.0,6,0,142,
2238,2,,,,,,,,,,,,,,,,,0xFF01FE,,,,,,,,,,,,,,,,,0xFF01CC,1.0,6,0,143,
2239,2,,,,,,,,,,,,,,,,,0xFF01FE,,,,,,,,,,,,,,,,,0xFF01CC,1.0,6,0,144,
2240,2,,,,,,,,,,,,,,,,,0xFF01FE,,,,,,,,,,,,,,,,,0xFF01CC,1.0,6,0,145,
2241,2,,,,,,,,,,,,,,,,,0xFF01FE,,,,,,,,,,,,,,,,,0xFF01CC,1.0,6,0,146,
2242,2,,,,,,,,,,,,,,,,,0xFF01FE,,,,,,,,,,,,,,,,,0xFF01CC,1.0,6,0,147,
2243,2,,,,,,,,,,,,,,,,,0xFF01FE,,,,,,,,,,,,,,,,,0xFF01CC,1.0,6,0,148,
2244,2,,,,,,,,,,,,,,,,,0xFF01FE,,,,,,,,,,,,,,,,,0xFF01CC,1.0,6,0,149,
2245,2,,,,,,,,,,,,,,,,,0xFF01FE,,,,,,,,,,,,,,,,,0xFF01CC,1.0,6,0,150,
2246,2,,,,,,,,,,,,,,,,,0xFF01FE,,,,,,,,,,,,,,,,,0xFF01CC,1.0,6,0,151,
2247,2,,,,,,,,,,,,,,,,,0xFF01FE,,,,,,,,,,,,,,,,,0xFF01CC,1.0,6,0,152,
2248,2,,,,,,,,,,,,,,,,,0xFF01FE,,,,,,,,,,,,,,,,,0xFF01CC,1.0,6,0,153,
2249,2,,,,,,,,,,,,,,,,,0xFF01FE,,,,,,,,,,,,,,,,,0xFF01CC,1.0,6,0,154,
2250,2,,,,,,,,,,,,,,,,,0xFF01FE,,,,,,,,,,,,,,,,,0xFF01CC,1.0,6,0,155,
2251,2,,,,,,,,,,,,,,,,,0xFF01FE,,,,,,,,,,,,,,,,,0xFF01CC,1.0,6,0,156,
2252,2,,,,,,,,,,,,,,,,,0xFF01FE,,,,,,,,,,,,,,,,,0xFF01CC,1.0,6,0,157,
2253,2,,,,,,,,,,,,,,,,,0xFF01FE,,,,,,,,,,,,,,,,,0xFF01CC,1.0,6,0,158,
2254,2,,,,,,,,,,,,,,,,,0xFF01FE,,,,,,,,,,,,,,,,,0xFF01CC,1.0,6,0,159,
2255,2,,,,,,,,,,,,,,,,,0xFF01FE,,,,,,,,,,,,,,,,,0xFF01CC,1.0,6,0,160,
2256,2,,,,,,,,,,,,,,,,,0xFF01FE,,,,,,,,,,,,,,,,,0xFF01CC,1.0,6,0,161,
2257,2,,,,,,,,,,,,,,,,,0xFF01FE,,,,,,,,,,,,,,,,,0xFF01CC,1.0,6,0,162,
2258,2,,,,,,,,,,,,,,,,,0xFF01FE,,,,,,,,,,,,,,,,,0xFF01CC,1.0,6,0,163,
2259,2,,,,,,,,,,,,,,,,,0xFF01FE,,,,,,,,,,,,,,,,,0xFF01CC,1.0,6,0,164,
2260,2,,,,,,,,,,,,,,,,,0xFF01FE,,,,,,,,,,,,,,,,,0xFF01CC,1.0,6,0,165,
2261,2,,,,,,,,,,,,,,,,,0xFF01FE,,,,,,,,,,,,,,,,,0xFF01CC,1.0,6,0,166,
2262,2,,,,,,,,,,,,,,,,,0xFF01FE,,,,,,,,,,,,,,,,,0xFF01CC,1.0,6,0,167,
2263,2,,,,,,,,,,,,,,,,,0xFF01FE,,,,,,,,,,,,,,,,,0xFF01CC,1.0,6,0,168,
2264,2,,,,,,,,,,,,,,,,,0xFF01FE,,,,,,,,,,,,,,,,,0xFF01CC,1.0,6,0,169,
2265,2,,,,,,,,,,,,,,,,,0xFF01FE,,,,,,,,,,,,,,,,,0xFF01CC,1.0,6,0,170,
2266,2,,,,,,,,,,,,,,,,,0xFF01FE,,,,,,,,,,,,,,,,,0xFF01CC,1.0,6,0,171,
2267,2,,,,,,,,,,,,,,,,,0xFF01FE,,,,,,,,,,,,,,,,,0xFF01CC,1.0,6,0,172,
2268,2,,,,,,,,,,,,,,,,,0xFF01FE,,,,,,,,,,,,,,,,,0xFF01CC,1.0,6,0,173,
2269,2,,,,,,,,,,,,,,,,,0xFF01FE,,,,,,,,,,,,,,,,,0xFF01CC,1.0,6,0,174,
2270,2,,,,,,,,,,,,,,,,,0xFF01FE,,,,,,,,,,,,,,,,,0xFF01CC,1.0,6,0,175,
2271,2,,,,,,,,,,,,,,,,,0xFF01FE,,,,,,,,,,,,,,,,,0xFF01CC,1.0,6,0,176,
2272,2,,,,,,,,,,,,,,,,,0xFF01FE,,,,,,,,,,,,,,,,,0xFF01CC,1.0,6,0,177,
2273,2,,,,,,,,,,,,,,,,,0xFF01FE,,,,,,,,,,,,,,,,,0xFF01CC,1.0,6,0,178,
2274,2,,,,,,,,,,,,,,,,,0xFF01FE,,,,,,,,,,,,,,,,,0xFF01CC,1.0,6,0,179,
2275,2,,,,,,,,,,,,,,,,,0xFF01FE,,,,,,,,,,,,,,,,,0xFF01CC,1.0,6,0,180,
2276,2,,,,,,,,,,,,,,,,,0xFF01FE,,,,,,,,,,,,,,,,,0xFF01CC,1.0,6,0,181,
2277,2,,,,,,,,,,,,,,,,,0xFF01FE,,,,,,,,,,,,,,,,,0xFF01CC,1.0,6,0,182,
2278,2,,,,,,,,,,,,,,,,,0xFF01FE,,,,,,,,,,,,,,,,,0xFF01CC,1.0,6,0,183,
2279,2,,,,,,,,,,,,,,,,,0xFF01FE,,,,,,,,,,,,,,,,,0xFF01CC,1.0,6,0,184,
2280,2,,,,,,,,,,,,,,,,,0xFF01FE,,,,,,,,,,,,,,,,,0xFF01CC,1.0,6,0,185,
2281,2,,,,,,,,,,,,,,,,,0xFF01FE,,,,,,,,,,,,,,,,,0xFF01CC,1.0,6,0,186,
2282,2,,,,,,,,,,,,,,,,,0xFF01FE,,,,,,,,,,,,,,,,,0xFF01CC,1.0,6,0,187,
2283,2,,,,,,,,,,,,,,,,,0xFF01FE,,,,,,,,,,,,,,,,,0xFF01CC,1.0,6,0,188,
2284,2,,,,,,,,,,,,,,,,,0xFF01FE,,,,,,,,,,,,,,,,,0xFF01CC,1.0,6,0,189,
2285,2,,,,,,,,,,,,,,,,,0xFF01FE,,,,,,,,,,,,,,,,,0xFF01CC,1.0,6,0,190,
2286,2,,,,,,,,,,,,,,,,,0xFF01FE,,,,,,,,,,,,,,,,,0xFF01CC,1.0,6,0,191,
2287,2,,,,,,,,,,,,,,,,,0xFF01FE,,,,,,,,,,,,,,,,,0xFF01CC,1.0,6,0,192,
2288,2,,,,,,,,,,,,,,,,,0xFF01FE,,,,,,,,,,,,,,,,,0xFF01CC,1.0,6,0,193,
2289,2,,,,,,,,,,,,,,,,,0xFF01FE,,,,,,,,,,,,,,,,,0xFF01CC,1.0,6,0,194,
2290,2,,,,,,,,,,,,,,,,,0xFF01FE,,,,,,,,,,,,,,,,,0xFF01CC,1.0,6,0,195,
2291,2,,,,,,,,,,,,,,,,,0xFF01FE,,,,,,,,,,,,,,,,,0xFF01CC,1.0,6,0,196,
2292,2,,,,,,,,,,,,,,,,,0xFF01FE,,,,,,,,,,,,,,,,,0xFF01CC,1.0,6,0,197,
2293,2,,,,,,,,,,,,,,,,,0xFF01FE,,,,,,,,,,,,,,,,,0xFF01CC,1.0,6,0,198,
2294,2,,,,,,,,,,,,,,,,,0xFF01FE,,,,,,,,,,,,,,,,,0xFF01CC,1.0,6,0,199,
2295,2,,,,,,,,,,,,,,,,,0xFF01FE,,,,,,,,,,,,,,,,,0xFF01CC,1.0,6,0,200,
2296,2,,,,,,,,,,,,,,,,,0xFF01FE,,,,,,,,,,,,,,,,,0xFF01CC,1.0,6,0,201,
2297,2,,,,,,,,,,,,,,,,,0xFF01FE,,,,,,,,,,,,,,,,,0xFF01CC,1.0,6,0,202,
2298,2,,,,,,,,,,,,,,,,,0xFF01FE,,,,,,,,,,,,,,,,,0xFF01CC,1.0,6,0,203,
2299,2,,,,,,,,,,,,,,,,,0xFF01FE,,,,,,,,,,,,,,,,,0xFF01CC,1.0,6,0,204,
2300,2,,,,,,,,,,,,,,,,,0xFF01FE,,,,,,,,,,,,,,,,,0xFF01CC,1.0,6,0,205,
2301,2,,,,,,,,,,,,,,,,,0xFF01FE,,,,,,,,,,,,,,,,,0xFF01CC,1.0,6,0,206,
2302,2,,,,,,,,,,,,,,,,,0xFF01FE,,,,,,,,,,,,,,,,,0xFF01CC,1.0,6,0,207,
2303,2,,,,,,,,,,,,,,,,,0xFF01FE,,,,,,,,,,,,,,,,,0xFF01CC,1.0,6,0,208,
2304,2,,,,,,,,,,,,,,,,,0xFF01FE,,,,,,,,,,,,,,,,,0xFF01CC,1.0,6,0,209,
2305,2,,,,,,,,,,,,,,,,,0xFF01FE,,,,,,,,,,,,,,,,,0xFF01CC,1.0,6,0,210,
2306,2,,,,,,,,,,,,,,,,,0xFF01FE,,,,,,,,,,,,,,,,,0xFF01CC,1.0,6,0,211,
2307,2,,,,,,,,,,,,,,,,,0xFF01FE,,,,,,,,,,,,,,,,,0xFF01CC,1.0,6,0,212,
2308,2,,,,,,,,,,,,,,,,,0xFF01FE,,,,,,,,,,,,,,,,,0xFF01CC,1.0,6,0,213,
2309,2,,,,,,,,,,,,,,,,,0xFF01FE,,,,,,,,,,,,,,,,,0xFF01CC,1.0,6,0,214,
2310,2,,,,,,,,,,,,,,,,,0xFF01FE,,,,,,,,,,,,,,,,,0xFF01CC,1.0,6,0,215,
2311,2,,,,,,,,,,,,,,,,,0xFF01FE,,,,,,,,,,,,,,,,,0xFF01CC,1.0,6,0,216,
2312,2,,,,,,,,,,,,,,,,,0xFF01FE,,,,,,,,,,,,,,,,,0xFF01CC,1.0,6,0,217,
2313,2,,,,,,,,,,,,,,,,,0xFF01FE,,,,,,,,,,,,,,,,,0xFF01CC,1.0,6,0,218,
2314,2,,,,,,,,,,,,,,,,,0xFF01FE,,,,,,,,,,,,,,,,,0xFF01CC,1.0,6,0,219,
2315,2,,,,,,,,,,,,,,,,,0xFF01FE,,,,,,,,,,,,,,,,,0xFF01CC,1.0,6,0,220,
2316,2,,,,,,,,,,,,,,,,,0xFF01FE,,,,,,,,,,,,,,,,,0xFF01CC,1.0,6,0,221,
2317,2,,,,,,,,,,,,,,,,,0xFF01FE,,,,,,,,,,,,,,,,,0xFF01CC,1.0,6,0,222,
2318,2,,,,,,,,,,,,,,,,,0xFF01FE,,,,,,,,,,,,,,,,,0xFF01CC,1.0,6,0,223,
2319,2,,,,,,,,,,,,,,,,,0xFF01FE,,,,,,,,,,,,,,,,,0xFF01CC,1.0,6,0,224,
2320,2,,,,,,,,,,,,,,,,,0xFF01FE,,,,,,,,,,,,,,,,,0xFF01CC,1.0,6,0,225,
2321,2,,,,,,,,,,,,,,,,,0xFF01FE,,,,,,,,,,,,,,,,,0xFF01CC,1.0,6,0,226,
2322,2,,,,,,,,,,,,,,,,,0xFF01FE,,,,,,,,,,,,,,,,,0xFF01CC,1.0,6,0,227,
2323,2,,,,,,,,,,,,,,,,,0xFF01FE,,,,,,,,,,,,,,,,,0xFF01CC,1.0,6,0,228,
2324,2,,,,,,,,,,,,,,,,,0xFF01FE,,,,,,,,,,,,,,,,,0xFF01CC,1.0,6,0,229,
2325,2,,,,,,,,,,,,,,,,,0xFF01FE,,,,,,,,,,,,,,,,,0xFF01CC,1.0,6,0,230,
2326,2,,,,,,,,,,,,,,,,,0xFF01FE,,,,,,,,,,,,,,,,,0xFF01CC,1.0,6,0,231,
2327,2,,,,,,,,,,,,,,,,,0xFF01FE,,,,,,,,,,,,,,,,,0xFF01CC,1.0,6,0,232,
2328,2,,,,,,,,,,,,,,,,,0xFF01FE,,,,,,,,,,,,,,,,,0xFF01CC,1.0,6,0,233,
2329,2,,,,,,,,,,,,,,,,,0xFF01FE,,,,,,,,,,,,,,,,,0xFF01CC,1.0,6,0,234,
2330,2,,,,,,,,,,,,,,,,,0xFF01FE,,,,,,,,,,,,,,,,,0xFF01CC,1.0,6,0,235,
2331,2,,,,,,,,,,,,,,,,,0xFF01FE,,,,,,,,,,,,,,,,,0xFF01CC,1.0,6,0,236,
2332,2,,,,,,,,,,,,,,,,,0xFF01FE,,,,,,,,,,,,,,,,,0xFF01CC,1.0,6,0,237,
2333,2,,,,,,,,,,,,,,,,,0xFF01FE,,,,,,,,,,,,,,,,,0xFF01CC,1.0,6,0,238,
2334,2,,,,,,,,,,,,,,,,,0xFF01FE,,,,,,,,,,,,,,,,,0xFF01CC,1.0,6,0,239,
2335,2,,,,,,,,,,,,,,,,,0xFF01FE,,,,,,,,,,,,,,,,,0xFF01CC,1.0,6,0,240,
2336,2,,,,,,,,,,,,,,,,,0xFF01FE,,,,,,,,,,,,,,,,,0xFF01CC,1.0,6,0,241,
2337,2,,,,,,,,,,,,,,,,,0xFF01FE,,,,,,,,,,,,,,,,,0xFF01CC,1.0,6,0,242,
2338,2,,,,,,,,,,,,,,,,,0xFF01FE,,,,,,,,,,,,,,,,,0xFF01CC,1.0,6,0,243,
2339,2,,,,,,,,,,,,,,,,,0xFF01FE,,,,,,,,,,,,,,,,,0xFF01CC,1.0,6,0,244,
2340,2,,,,,,,,,,,,,,,,,0xFF01FE,,,,,,,,,,,,,,,,,0xFF01CC,1.0,6,0,245,
2341,2,,,,,,,,,,,,,,,,,0xFF01FE,,,,,,,,,,,,,,,,,0xFF01CC,1.0,6,0,246,
2342,2,,,,,,,,,,,,,,,,,0xFF01FE,,,,,,,,,,,,,,,,,0xFF01CC,1.0,6,0,247,
2343,2,,,,,,,,,,,,,,,,,0xFF01FE,,,,,,,,,,,,,,,,,0xFF01CC,1.0,6,0,248,
2344,2,,,,,,,,,,,,,,,,,0xFF01FE,,,,,,,,,,,,,,,,,0xFF01CC,1.0,6,0,249,
2345,2,,,,,,,,,,,,,,,,,0xFF01FE,,,,,,,,,,,,,,,,,0xFF01CC,1.0,6,0,250,
2346,2,,,,,,,,,,,,,,,,,0xFF01FE,,,,,,,,,,,,,,,,,0xFF01CC,1.0,6,0,251,
2347,2,,,,,,,,,,,,,,,,,0xFF01FE,,,,,,,,,,,,,,,,,0xFF01CC,1.0,6,0,252,
2348,2,,,,,,,,,,,,,,,,,0xFF01FE,,,,,,,,,,,,,,,,,0xFF01CC,1.0,6,0,253,
2349,2,,,,,,,,,,,,,,,,,0xFF01FE,,,,,,,,,,,,,,,,,0xFF01CC,1.0,6,0,254,
2350,2,,,,,,,,,,,,,,,,,0xFF01FE,,,,,,,,,,,,,,,,,0xFF01CC,1.0,6,0,255,
2351,0,,,,,,,,,,,,,,,,,0xFF01FE,,,,,,,,,,,,,,,,,0xFF01CC,1.0,6,1,0,
2352,0,,,,,,,,,,,,,,,,,0xFF01FE,,,,,,,,,,,,,,,,,0xFF01CC,1.0,6,1,1,
2353,0,,,,,,,,,,,,,,,,,0xFF01FE,,,,,,,,,,,,,,,,,0xFF01CC,1.0,6,1,2,
2354,0,,,,,,,,,,,,,,,,,0xFF01FE,,,,,,,,,,,,,,,,,0xFF01CC,1.0,6,1,3,
2355,0,,,,,,,,,,,,,,,,,0xFF01FE,,,,,,,,,,,,,,,,,0xFF01CC,1.0,6,1,4,
2356,0,,,,,,,,,,,,,,,,,0xFF01FE,,,,,,,,,,,,,,,,,0xFF01CC,1.0,6,1,5,
2357,0,,,,,,,,,,,,,,,,,0xFF01FE,,,,,,,,,,,,,,,,,0xFF01CC,1.0,6,1,6,
2358,0,,,,,,,,,,,,,,,,,0xFF01FE,,,,,,,,,,,,,,,,,0xFF01CC,1.0,6,1,7,
2359,0,,,,,,,,,,,,,,,,,0xFF01FE,,,,,,,,,,,,,,,,,0xFF01CC,1.0,6,1,8,
2360,0,,,,,,,,,,,,,,,,,0xFF01FE,,,,,,,,,,,,,,,,,0xFF01CC,1.0,6,1,9,
2361,0,,,,,,,,,,,,,,,,,0xFF01FE,,,,,,,,,,,,,,,,,0xFF01CC,1.0,6,1,10,
2362,0,,,,,,,,,,,,,,,,,0xFF01FE,,,,,,,,,,,,,,,,,0xFF01CC,1.0,6,1,11,
2363,0,,,,,,,,,,,,,,,,,0xFF01FE,,,,,,,,,,,,,,,,,0xFF01CC,1.0,6,1,12,
2364,0,,,,,,,,,,,,,,,,,0xFF01FE,,,,,,,,,,,,,,,,,0xFF01CC,1.0,6,1,13,
2365,0,,,,,,,,,,,,,,,,,0xFF01FE,,,,,,,,,,,,,,,,,0xFF01CC,1.0,6,1,14,
2366,0,,,,,,,,,,,,,,,,,0xFF01FE,,,,,,,,,,,,,,,,,0xFF01CC,1.0,6,1,15,
2367,0,,,,,,,,,,,,,,,,,0xFF01FE,,,,,,,,,,,,,,,,,0xFF01CC,1.0,6,1,16,
2368,0,,,,,,,,,,,,,,,,,0xFF01FE,,,,,,,,,,,,,,,,,0xFF01CC,1.0,6,1,17,
2369,0,,,,,,,,,,,,,,,,,0xFF01FE,,,,,,,,,,,,,,,,,0xFF01CC,1.0,6,1,18,
2370,0,,,,,,,,,,,,,,,,,0xFF01FE,,,,,,,,,,,,,,,,,0xFF01CC,1.0,6,1,19,
2371,0,,,,,,,,,,,,,,,,,0xFF01FE,,,,,,,,,,,,,,,,,0xFF01CC,1.0,6,1,20,
2372,0,,,,,,,,,,,,,,,,,0xFF01FE,,,,,,,,,,,,,,,,,0xFF01CC,1.0,6,1,21,
2373,0,,,,,,,,,,,,,,,,,0xFF01FE,,,,,,,,,,,,,,,,,0xFF01CC,1.0,6,1,22,
2374,1,,,,,,,,,,,,,,,,,0xFF01FE,,,,,,,,,,,,,,,,,0xFF01CC,1.0,6,1,0,
2375,1,,,,,,,,,,,,,,,,,0xFF01FE,,,,,,,,,,,,,,,,,0xFF01CC,1.0,6,1,1,
2376,1,,,,,,,,,,,,,,,,,0xFF01FE,,,,,,,,,,,,,,,,,0xFF01CC,1.0,6,1,2,
2377,1,,,,,,,,,,,,,,,,,0xFF01FE,,,,,,,,,,,,,,,,,0xFF01CC,1.0,6,1,3,
2378,1,,,,,,,,,,,,,,,,,0xFF01FE,,,,,,,,,,,,,,,,,0xFF01CC,1.0,6,1,4,
2379,1,,,,,,,,,,,,,,,,,0xFF01FE,,,,,,,,,,,,,,,,,0xFF01CC,1.0,6,1,5,
2380,1,,,,,,,,,,,,,,,,,0xFF01FE,,,,,,,,,,,,,,,,,0xFF01CC,1.0,6,1,6,
2381,1,,,,,,,,,,,,,,,,,0xFF01FE,,,,,,,,,,,,,,,,,0xFF01CC,1.0,6,1,7,
2382,1,,,,,,,,,,,,,,,,,0xFF01FE,,,,,,,,,,,,,,,,,0xFF01CC,1.0,6,1,8,
2383,1,,,,,,,,,,,,,,,,,0xFF01FE,,,,,,,,,,,,,,,,,0xFF01CC,1.0,6,1,9,
2384,1,,,,,,,,,,,,,,,,,0xFF01FE,,,,,,,,,,,,,,,,,0xFF01CC,1.0,6,1,10,
2385,1,,,,,,,,,,,,,,,,,0xFF01FE,,,,,,,,,,,,,,,,,0xFF01CC,1.0,6,1,11,
2386,1,,,,,,,,,,,,,,,,,0xFF01FE,,,,,,,,,,,,,,,,,0xFF01CC,1.0,6,1,12,
2387,1,,,,,,,,,,,,,,,,,0xFF01FE,,,,,,,,,,,,,,,,,0xFF01CC,1.0,6,1,13,
2388,1,,,,,,,,,,,,,,,,,0xFF01FE,,,,,,,,,,,,,,,,,0xFF01CC,1.0,6,1,14,
2389,1,,,,,,,,,,,,,,,,,0xFF01FE,,,,,,,,,,,,,,,,,0xFF01CC,1.0,6,1,15,
2390,1,,,,,,,,,,,,,,,,,0xFF01FE,,,,,,,,,,,,,,,,,0xFF01CC,1.0,6,1,16,
2391,1,,,,,,,,,,,,,,,,,0xFF01FE,,,,,,,,,,,,,,,,,0xFF01CC,1.0,6,1,17,
2392,1,,,,,,,,,,,,,,,,,0xFF01FE,,,,,,,,,,,,,,,,,0xFF01CC,1.0,6,1,18,
2393,1,,,,,,,,,,,,,,,,,0xFF01FE,,,,,,,,,,,,,,,,,0xFF01CC,1.0,6,1,19,
2394,1,,,,,,,,,,,,,,,,,0xFF01FE,,,,,,,,,,,,,,,,,0xFF01CC,1.0,6,1,20,
2395,2,,,,,,,,,,,,,,,,,0xFF01FE,,,,,,,,,,,,,,,,,0xFF01CC,1.0,6,1,0,
2396,2,,,,,,,,,,,,,,,,,0xFF01FE,,,,,,,,,,,,,,,,,0xFF01CC,1.0,6,1,1,
2397,2,,,,,,,,,,,,,,,,,0xFF01FE,,,,,,,,,,,,,,,,,0xFF01CC,1.0,6,1,2,
2398,2,,,,,,,,,,,,,,,,,0xFF01FE,,,,,,,,,,,,,,,,,0xFF01CC,1.0,6,1,3,
2399,2,,,,,,,,,,,,,,,,,0xFF01FE,,,,,,,,,,,,,,,,,0xFF01CC,1.0,6,1,4,
2400,2,,,,,,,,,,,,,,,,,0xFF01FE,,,,,,,,,,,,,,,,,0xFF01CC,1.0,6,1,5,
2401,2,,,,,,,,,,,,,,,,,0xFF01FE,,,,,,,,,,,,,,,,,0xFF01CC,1.0,6,1,6,
2402,2,,,,,,,,,,,,,,,,,0xFF01FE,,,,,,,,,,,,,,,,,0xFF01CC,1.0,6,1,7,
2403,2,,,,,,,,,,,,,,,,,0xFF01FE,,,,,,,,,,,,,,,,,0xFF01CC,1.0,6,1,8,
2404,2,,,,,,,,,,,,,,,,,0xFF01FE,,,,,,,,,,,,,,,,,0xFF01CC,1.0,6,1,9,
2405,2,,,,,,,,,,,,,,,,,0xFF01FE,,,,,,,,,,,,,,,,,0xFF01CC,1.0,6,1,10,
2406,2,,,,,,,,,,,,,,,,,0xFF01FE,,,,,,,,,,,,,,,,,0xFF01CC,1.0,6,1,11,
2407,2,,,,,,,,,,,,,,,,,0xFF01FE,,,,,,,,,,,,,,,,,0xFF01CC,1.0,6,1,12,
2408,2,,,,,,,,,,,,,,,,,0xFF01FE,,,,,,,,,,,,,,,,,0xFF01CC,1.0,6,1,13,
2409,2,,,,,,,,,,,,,,,,,0xFF01FE,,,,,,,,,,,,,,,,,0xFF01CC,1.0,6,1,14,
2410,2,,,,,,,,,,,,,,,,,0xFF01FE,,,,,,,,,,,,,,,,,0xFF01CC,1.0,6,1,15,
2411,2,,,,,,,,,,,,,,,,,0xFF01FE,,,,,,,,,,,,,,,,,0xFF01CC,1.0,6,1,16,
2412,2,,,,,,,,,,,,,,,,,0xFF01FE,,,,,,,,,,,,,,,,,0xFF01CC,1.0,6,1,17,
2413,2,,,,,,,,,,,,,,,,,0xFF01FE,,,,,,,,,,,,,,,,,0xFF01CC,1.0,6,1,18,
2414,2,,,,,,,,,,,,,,,,,0xFF01FE,,,,,,,,,,,,,,,,,0xFF01CC,1.0,6,1,19,
2415,2,,,,,,,,,,,,,,,,,0xFF01FE,,,,,,,,,,,,,,,,,0xFF01CC,1.0,6,1,20,
2416,2,,,,,,,,,,,,,,,,,0xFF01FE,,,,,,,,,,,,,,,,,0xFF01CC,1.0,6,1,21,
2417,2,,,,,,,,,,,,,,,,,0xFF01FE,,,,,,,,,,,,,,,,,0xFF01CC,1.0,6,1,22,
2418,2,,,,,,,,,,,,,,,,,0xFF01FE,,,,,,,,,,,,,,,,,0xFF01CC,1.0,6,1,23,
2419,2,,,,,,,,,,,,,,,,,0xFF01FE,,,,,,,,,,,,,,,,,0xFF01CC,1.0,6,1,24,
2420,2,,,,,,,,,,,,,,,,,0xFF01FE,,,,,,,,,,,,,,,,,0xFF01CC,1.0,6,1,25,
2421,2,,,,,,,,,,,,,,,,,0xFF01FE,,,,,,,,,,,,,,,,,0xFF01CC,1.0,6,1,26,
2422,2,,,,,,,,,,,,,,,,,0xFF01FE,,,,,,,,,,,,,,,,,0xFF01CC,1.0,6,1,27,
2423,2,,,,,,,,,,,,,,,,,0xFF01FE,,,,,,,,,,,,,,,,,0xFF01CC,1.0,6,1,28,
2424,2,,,,,,,,,,,,,,,,,0xFF01FE,,,,,,,,,,,,,,,,,0xFF01CC,1.0,6,1,29,
2425,2,,,,,,,,,,,,,,,,,0xFF01FE,,,,,,,,,,,,,,,,,0xFF01CC,1.0,6,1,30,
2426,2,,,,,,,,,,,,,,,,,0xFF01FE,,,,,,,,,,,,,,,,,0xFF01CC,1.0,6,1,31,
2427,2,,,,,,,,,,,,,,,,,0xFF01FE,,,,,,,,,,,,,,,,,0xFF01CC,1.0,6,1,32,
2428,2,,,,,,,,,,,,,,,,,0xFF01FE,,,,,,,,,,,,,,,,,0xFF01CC,1.0,6,1,33,
2429,2,,,,,,,,,,,,,,,,,0xFF01FE,,,,,,,,,,,,,,,,,0xFF01CC,1.0,6,1,34,
2430,2,,,,,,,,,,,,,,,,,0xFF01FE,,,,,,,,,,,,,,,,,0xFF01CC,1.0,6,1,35,
2431,2,,,,,,,,,,,,,,,,,0xFF01FE,,,,,,,,,,,,,,,,,0xFF01CC,1.0,6,1,36,
2432,2,,,,,,,,,,,,,,,,,0xFF01FE,,,,,,,,,,,,,,,,,0xFF01CC,1.0,6,1,37,
2433,2,,,,,,,,,,,,,,,,,0xFF01FE,,,,,,,,,,,,,,,,,0xFF01CC,1.0,6,1,38,
2434,2,,,,,,,,,,,,,,,,,0xFF01FE,,,,,,,,,,,,,,,,,0xFF01CC,1.0,6,1,39,
2435,2,,,,,,,,,,,,,,,,,0xFF01FE,,,,,,,,,,,,,,,,,0xFF01CC,1.0,6,1,40,
2436,2,,,,,,,,,,,,,,,,,0xFF01FE,,,,,,,,,,,,,,,,,0xFF01CC,1.0,6,1,41,
2437,2,,,,,,,,,,,,,,,,,0xFF01FE,,,,,,,,,,,,,,,,,0xFF01CC,1.0,6,1,42,
2438,2,,,,,,,,,,,,,,,,,0xFF01FE,,,,,,,,,,,,,,,,,0xFF01CC,1.0,6,1,43,
2439,2,,,,,,,,,,,,,,,,,0xFF01FE,,,,,,,,,,,,,,,,,0xFF01CC,1.0,6,1,44,
2440,2,,,,,,,,,,,,,,,,,0xFF01FE,,,,,,,,,,,,,,,,,0xFF01CC,1.0,6,1,45,
2441,2,,,,,,,,,,,,,,,,,0xFF01FE,,,,,,,,,,,,,,,,,0xFF01CC,1.0,6,1,46,
2442,2,,,,,,,,,,,,,,,,,0xFF01FE,,,,,,,,,,,,,,,,,0xFF01CC,1.0,6,1,47,
2443,2,,,,,,,,,,,,,,,,,0xFF01FE,,,,,,,,,,,,,,,,,0xFF01CC,1.0,6,1,48,
2444,2,,,,,,,,,,,,,,,,,0xFF01FE,,,,,,,,,,,,,,,,,0xFF01CC,1.0,6,1,49,
2445,2,,,,,,,,,,,,,,,,,0xFF01FE,,,,,,,,,,,,,,,,,0xFF01CC,1.0,6,1,50,
2446,2,,,,,,,,,,,,,,,,,0xFF01FE,,,,,,,,,,,,,,,,,0xFF01CC,1.0,6,1,51,
2447,2,,,,,,,,,,,,,,,,,0xFF01FE,,,,,,,,,,,,,,,,,0xFF01CC,1.0,6,1,52,
2448,2,,,,,,,,,,,,,,,,,0xFF01FE,,,,,,,,,,,,,,,,,0xFF01CC,1.0,6,1,53,
2449,2,,,,,,,,,,,,,,,,,0xFF01FE,,,,,,,,,,,,,,,,,0xFF01CC,1.0,6,1,54,
2450,2,,,,,,,,,,,,,,,,,0xFF01FE,,,,,,,,,,,,,,,,,0xFF01CC,1.0,6,1,55,
2451,2,,,,,,,,,,,,,,,,,0xFF01FE,,,,,,,,,,,,,,,,,0xFF01CC,1.0,6,1,56,
2452,2,,,,,,,,,,,,,,,,,0xFF01FE,,,,,,,,,,,,,,,,,0xFF01CC,1.0,6,1,57,
2453,2,,,,,,,,,,,,,,,,,0xFF01FE,,,,,,,,,,,,,,,,,0xFF01CC,1.0,6,1,58,
2454,2,,,,,,,,,,,,,,,,,0xFF01FE,,,,,,,,,,,,,,,,,0xFF01CC,1.0,6,1,59,
2455,2,,,,,,,,,,,,,,,,,0xFF01FE,,,,,,,,,,,,,,,,,0xFF01CC,1.0,6,1,60,
2456,2,,,,,,,,,,,,,,,,,0xFF01FE,,,,,,,,,,,,,,,,,0xFF01CC,1.0,6,1,61,
2457,2,,,,,,,,,,,,,,,,,0xFF01FE,,,,,,,,,,,,,,,,,0xFF01CC,1.0,6,1,62,
2458,2,,,,,,,,,,,,,,,,,0xFF01FE,,,,,,,,,,,,,,,,,0xFF01CC,1.0,6,1,63,
2459,2,,,,,,,,,,,,,,,,,0xFF01FE,,,,,,,,,,,,,,,,,0xFF01CC,1.0,6,1,64,
2460,2,,,,,,,,,,,,,,,,,0xFF01FE,,,,,,,,,,,,,,,,,0xFF01CC,1.0,6,1,65,
2461,2,,,,,,,,,,,,,,,,,0xFF01FE,,,,,,,,,,,,,,,,,0xFF01CC,1.0,6,1,66,
2462,2,,,,,,,,,,,,,,,,,0xFF01FE,,,,,,,,,,,,,,,,,0xFF01CC,1.0,6,1,67,
2463,2,,,,,,,,,,,,,,,,,0xFF01FE,,,,,,,,,,,,,,,,,0xFF01CC,1.0,6,1,68,
2464,2,,,,,,,,,,,,,,,,,0xFF01FE,,,,,,,,,,,,,,,,,0xFF01CC,1.0,6,1,69,
2465,2,,,,,,,,,,,,,,,,,0xFF01FE,,,,,,,,,,,,,,,,,0xFF01CC,1.0,6,1,70,
2466,2,,,,,,,,,,,,,,,,,0xFF01FE,,,,,,,,,,,,,,,,,0xFF01CC,1.0,6,1,71,
2467,2,,,,,,,,,,,,,,,,,0xFF01FE,,,,,,,,,,,,,,,,,0xFF01CC,1.0,6,1,72,
2468,2,,,,,,,,,,,,,,,,,0xFF01FE,,,,,,,,,,,,,,,,,0xFF01CC,1.0,6,1,73,
2469,2,,,,,,,,,,,,,,,,,0xFF01FE,,,,,,,,,,,,,,,,,0xFF01CC,1.0,6,1,74,
2470,2,,,,,,,,,,,,,,,,,0xFF01FE,,,,,,,,,,,,,,,,,0xFF01CC,1.0,6,1,75,
2471,2,,,,,,,,,,,,,,,,,0xFF01FE,,,,,,,,,,,,,,,,,0xFF01CC,1.0,6,1,76,
2472,2,,,,,,,,,,,,,,,,,0xFF01FE,,,,,,,,,,,,,,,,,0xFF01CC,1.0,6,1,77,
2473,2,,,,,,,,,,,,,,,,,0xFF01FE,,,,,,,,,,,,,,,,,0xFF01CC,1.0,6,1,78,
2474,2,,,,,,,,,,,,,,,,,0xFF01FE,,,,,,,,,,,,,,,,,0xFF01CC,1.0,6,1,79,
2475,2,,,,,,,,,,,,,,,,,0xFF01FE,,,,,,,,,,,,,,,,,0xFF01CC,1.0,6,1,80,
2476,2,,,,,,,,,,,,,,,,,0xFF01FE,,,,,,,,,,,,,,,,,0xFF01CC,1.0,6,1,81,
2477,2,,,,,,,,,,,,,,,,,0xFF01FE,,,,,,,,,,,,,,,,,0xFF01CC,1.0,6,1,82,
2478,2,,,,,,,,,,,,,,,,,0xFF01FE,,,,,,,,,,,,,,,,,0xFF01CC,1.0,6,1,83,
2479,2,,,,,,,,,,,,,,,,,0xFF01FE,,,,,,,,,,,,,,,,,0xFF01CC,1.0,6,1,84,
2480,2,,,,,,,,,,,,,,,,,0xFF01FE,,,,,,,,,,,,,,,,,0xFF01CC,1.0,6,1,85,
2481,2,,,,,,,,,,,,,,,,,0xFF01FE,,,,,,,,,,,,,,,,,0xFF01CC,1.0,6,1,86,
2482,2,,,,,,,,,,,,,,,,,0xFF01FE,,,,,,,,,,,,,,,,,0xFF01CC,1.0,6,1,87,
2483,2,,,,,,,,,,,,,,,,,0xFF01FE,,,,,,,,,,,,,,,,,0xFF01CC,1.0,6,1,88,
2484,2,,,,,,,,,,,,,,,,,0xFF01FE,,,,,,,,,,,,,,,,,0xFF01CC,1.0,6,1,89,
2485,2,,,,,,,,,,,,,,,,,0xFF01FE,,,,,,,,,,,,,,,,,0xFF01CC,1.0,6,1,90,
2486,2,,,,,,,,,,,,,,,,,0xFF01FE,,,,,,,,,,,,,,,,,0xFF01CC,1.0,6,1,91,
2487,2,,,,,,,,,,,,,,,,,0xFF01FE,,,,,,,,,,,,,,,,,0xFF01CC,1.0,6,1,92,
2488,2,,,,,,,,,,,,,,,,,0xFF01FE,,,,,,,,,,,,,,,,,0xFF01CC,1.0,6,1,93,
2489,2,,,,,,,,,,,,,,,,,0xFF01FE,,,,,,,,,,,,,,,,,0xFF01CC,1.0,6,1,94,
2490,2,,,,,,,,,,,,,,,,,0xFF01FE,,,,,,,,,,,,,,,,,0xFF01CC,1.0,6,1,95,
2491,2,,,,,,,,,,,,,,,,,0xFF01FE,,,,,,,,,,,,,,,,,0xFF01CC,1.0,6,1,96,
2492,2,,,,,,,,,,,,,,,,,0xFF01FE,,,,,,,,,,,,,,,,,0xFF01CC,1.0,6,1,97,
2493,2,,,,,,,,,,,,,,,,,0xFF01FE,,,,,,,,,,,,,,,,,0xFF01CC,1.0,6,1,98,
2494,2,,,,,,,,,,,,,,,,,0xFF01FE,,,,,,,,,,,,,,,,,0xFF01CC,1.0,6,1,99,
2495,2,,,,,,,,,,,,,,,,,0xFF01FE,,,,,,,,,,,,,,,,,0xFF01CC,1.0,6,1,100,
2496,2,,,,,,,,,,,,,,,,,0xFF01FE,,,,,,,,,,,,,,,,,0xFF01CC,1.0,6,1,101,
2497,2,,,,,,,,,,,,,,,,,0xFF01FE,,,,,,,,,,,,,,,,,0xFF01CC,1.0,6,1,102,
2498,2,,,,,,,,,,,,,,,,,0xFF01FE,,,,,,,,,,,,,,,,,0xFF01CC,1.0,6,1,103,
2499,2,,,,,,,,,,,,,,,,,0xFF01FE,,,,,,,,,,,,,,,,,0xFF01CC,1.0,6,1,104,
2500,2,,,,,,,,,,,,,,,,,0xFF01FE,,,,,,,,,,,,,,,,,0xFF01CC,1.0,6,1,105,
2501,2,,,,,,,,,,,,,,,,,0xFF01FE,,,,,,,,,,,,,,,,,0xFF01CC,1.0,6,1,106,
2502,2,,,,,,,,,,,,,,,,,0xFF01FE,,,,,,,,,,,,,,,,,0xFF01CC,1.0,6,1,107,
2503,2,,,,,,,,,,,,,,,,,0xFF01FE,,,,,,,,,,,,,,,,,0xFF01CC,1.0,6,1,108,
2504,2,,,,,,,,,,,,,,,,,0xFF01FE,,,,,,,,,,,,,,,,,0xFF01CC,1.0,6,1,109,
2505,2,,,,,,,,,,,,,,,,,0xFF01FE,,,,,,,,,,,,,,,,,0xFF01CC,1.0,6,1,110,
2506,2,,,,,,,,,,,,,,,,,0xFF01FE,,,,,,,,,,,,,,,,,0xFF01CC,1.0,6,1,111,
2507,2,,,,,,,,,,,,,,,,,0xFF01FE,,,,,,,,,,,,,,,,,0xFF01CC,1.0,6,1,112,
2508,2,,,,,,,,,,,,,,,,,0xFF01FE,,,,,,,,,,,,,,,,,0xFF01CC,1.0,6,1,113,
2509,2,,,,,,,,,,,,,,,,,0xFF01FE,,,,,,,,,,,,,,,,,0xFF01CC,1.0,6,1,114,
2510,2,,,,,,,,,,,,,,,,,0xFF01FE,,,,,,,,,,,,,,,,,0xFF01CC,1.0,6,1,115,
2511,2,,,,,,,,,,,,,,,,,0xFF01FE,,,,,,,,,,,,,,,,,0xFF01CC,1.0,6,1,116,
2512,2,,,,,,,,,,,,,,,,,0xFF01FE,,,,,,,,,,,,,,,,,0xFF01CC,1.0,6,1,117,
2513,2,,,,,,,,,,,,,,,,,0xFF01FE,,,,,,,,,,,,,,,,,0xFF01CC,1.0,6,1,118,
2514,2,,,,,,,,,,,,,,,,,0xFF01FE,,,,,,,,,,,,,,,,,0xFF01CC,1.0,6,1,119,
2515,2,,,,,,,,,,,,,,,,,0xFF01FE,,,,,,,,,,,,,,,,,0xFF01CC,1.0,6,1,120,
2516,2,,,,,,,,,,,,,,,,,0xFF01FE,,,,,,,,,,,,,,,,,0xFF01CC,1.0,6,1,121,
2517,2,,,,,,,,,,,,,,,,,0xFF01FE,,,,,,,,,,,,,,,,,0xFF01CC,1.0,6,1,122,
2518,2,,,,,,,,,,,,,,,,,0xFF01FE,,,,,,,,,,,,,,,,,0xFF01CC,1.0,6,1,123,
2519,2,,,,,,,,,,,,,,,,,0xFF01FE,,,,,,,,,,,,,,,,,0xFF01CC,1.0,6,1,124,
2520,2,,,,,,,,,,,,,,,,,0xFF01FE,,,,,,,,,,,,,,,,,0xFF01CC,1.0,6,1,125,
2521,2,,,,,,,,,,,,,,,,,0xFF01FE,,,,,,,,,,,,,,,,,0xFF01CC,1.0,6,1,126,
2522,2,,,,,,,,,,,,,,,,,0xFF01FE,,,,,,,,,,,,,,,,,0xFF01CC,1.0,6,1,127,
2523,2,,,,,,,,,,,,,,,,,0xFF01FE,,,,,,,,,,,,,,,,,0xFF01CC,1.0,6,1,128,
2524,2,,,,,,,,,,,,,,,,,0xFF01FE,,,,,,,,,,,,,,,,,0xFF01CC,1.0,6,1,129,
2525,2,,,,,,,,,,,,,,,,,0xFF01FE,,,,,,,,,,,,,,,,,0xFF01CC,1.0,6,1,130,
2526,2,,,,,,,,,,,,,,,,,0xFF01FE,,,,,,,,,,,,,,,,,0xFF01CC,1.0,6,1,131,
2527,2,,,,,,,,,,,,,,,,,0xFF01FE,,,,,,,,,,,,,,,,,0xFF01CC,1.0,6,1,132,
2528,2,,,,,,,,,,,,,,,,,0xFF01FE,,,,,,,,,,,,,,,,,0xFF01CC,1.0,6,1,133,
2529,2,,,,,,,,,,,,,,,,,0xFF01FE,,,,,,,,,,,,,,,,,0xFF01CC,1.0,6,1,134,
2530,2,,,,,,,,,,,,,,,,,0xFF01FE,,,,,,,,,,,,,,,,,0xFF01CC,1.0,6,1,135,
2531,2,,,,,,,,,,,,,,,,,0xFF01FE,,,,,,,,,,,,,,,,,0xFF01CC,1.0,6,1,136,
2532,2,,,,,,,,,,,,,,,,,0xFF01FE,,,,,,,,,,,,,,,,,0xFF01CC,1.0,6,1,137,
2533,2,,,,,,,,,,,,,,,,,0xFF01FE,,,,,,,,,,,,,,,,,0xFF01CC,1.0,6,1,138,
2534,2,,,,,,,,,,,,,,,,,0xFF01FE,,,,,,,,,,,,,,,,,0xFF01CC,1.0,6,1,139,
2535,2,,,,,,,,,,,,,,,,,0xFF01FE,,,,,,,,,,,,,,,,,0xFF01CC,1.0,6,1,140,
2536,2,,,,,,,,,,,,,,,,,0xFF01FE,,,,,,,,,,,,,,,,,0xFF01CC,1.0,6,1,141,
2537,2,,,,,,,,,,,,,,,,,0xFF01FE,,,,,,,,,,,,,,,,,0xFF01CC,1.0,6,1,142,
2538,2,,,,,,,,,,,,,,,,,0xFF01FE,,,,,,,,,,,,,,,,,0xFF01CC,1.0,6,1,143,
2539,2,,,,,,,,,,,,,,,,,0xFF01FE,,,,,,,,,,,,,,,,,0xFF01CC,1.0,6,1,144,
2540,2,,,,,,,,,,,,,,,,,0xFF01FE,,,,,,,,,,,,,,,,,0xFF01CC,1.0,6,1,145,
2541,2,,,,,,,,,,,,,,,,,0xFF01FE,,,,,,,,,,,,,,,,,0xFF01CC,1.0,6,1,146,
2542,2,,,,,,,,,,,,,,,,,0xFF01FE,,,,,,,,,,,,,,,,,0xFF01CC,1.0,6,1,147,
2543,2,,,,,,,,,,,,,,,,,0xFF01FE,,,,,,,,,,,,,,,,,0xFF01CC,1.0,6,1,148,
2544,2,,,,,,,,,,,,,,,,,0xFF01FE,,,,,,,,,,,,,,,,,0xFF01CC,1.0,6,1,149,
2545,2,,,,,,,,,,,,,,,,,0xFF01FE,,,,,,,,,,,,,,,,,0xFF01CC,1.0,6,1,150,
2546,2,,,,,,,,,,,,,,,,,0xFF01FE,,,,,,,,,,,,,,,,,0xFF01CC,1.0,6,1,151,
2547,2,,,,,,,,,,,,,,,,,0xFF01FE,,,,,,,,,,,,,,,,,0xFF01CC,1.0,6,1,152,
2548,2,,,,,,,,,,,,,,,,,0xFF01FE,,,,,,,,,,,,,,,,,0xFF01CC,1.0,6,1,153,
2549,2,,,,,,,,,,,,,,,,,0xFF01FE,,,,,,,,,,,,,,,,,0xFF01CC,1.0,6,1,154,
2550,2,,,,,,,,,,,,,,,,,0xFF01FE,,,,,,,,,,,,,,,,,0xFF01CC,1.0,6,1,155,
2551,2,,,,,,,,,,,,,,,,,0xFF01FE,,,,,,,,,,,,,,,,,0xFF01CC,1.0,6,1,156,
2552,2,,,,,,,,,,,,,,,,,0xFF01FE,,,,,,,,,,,,,,,,,0xFF01CC,1.0,6,1,157,
2553,2,,,,,,,,,,,,,,,,,0xFF01FE,,,,,,,,,,,,,,,,,0xFF01CC,1.0,6,1,158,
2554,2,,,,,,,,,,,,,,,,,0xFF01FE,,,,,,,,,,,,,,,,,0xFF01CC,1.0,6,1,159,
2555,2,,,,,,,,,,,,,,,,,0xFF01FE,,,,,,,,,,,,,,,,,0xFF01CC,1.0,6,1,160,
2556,2,,,,,,,,,,,,,,,,,0xFF01FE,,,,,,,,,,,,,,,,,0xFF01CC,1.0,6,1,161,
2557,2,,,,,,,,,,,,,,,,,0xFF01FE,,,,,,,,,,,,,,,,,0xFF01CC,1.0,6,1,162,
2558,2,,,,,,,,,,,,,,,,,0xFF01FE,,,,,,,,,,,,,,,,,0xFF01CC,1.0,6,1,163,
2559,2,,,,,,,,,,,,,,,,,0xFF01FE,,,,,,,,,,,,,,,,,0xFF01CC,1.0,6,1,164,
2560,2,,,,,,,,,,,,,,,,,0xFF01FE,,,,,,,,,,,,,,,,,0xFF01CC,1.0,6,1,165,
2561,2,,,,,,,,,,,,,,,,,0xFF01FE,,,,,,,,,,,,,,,,,0xFF01CC,1.0,6,1,166,
2562,2,,,,,,,,,,,,,,,,,0xFF01FE,,,,,,,,,,,,,,,,,0xFF01CC,1.0,6,1,167,
2563,2,,,,,,,,,,,,,,,,,0xFF01FE,,,,,,,,,,,,,,,,,0xFF01CC,1.0,6,1,168,
2564,2,,,,,,,,,,,,,,,,,0xFF01FE,,,,,,,,,,,,,,,,,0xFF01CC,1.0,6,1,169,
2565,2,,,,,,,,,,,,,,,,,0xFF01FE,,,,,,,,,,,,,,,,,0xFF01CC,1.0,6,1,170,
2566,2,,,,,,,,,,,,,,,,,0xFF01FE,,,,,,,,,,,,,,,,,0xFF01CC,1.0,6,1,171,
2567,2,,,,,,,,,,,,,,,,,0xFF01FE,,,,,,,,,,,,,,,,,0xFF01CC,1.0,6,1,172,
2568,2,,,,,,,,,,,,,,,,,0xFF01FE,,,,,,,,,,,,,,,,,0xFF01CC,1.0,6,1,173,
2569,2,,,,,,,,,,,,,,,,,0xFF01FE,,,,,,,,,,,,,,,,,0xFF01CC,1.0,6,1,174,
2570,2,,,,,,,,,,,,,,,,,0xFF01FE,,,,,,,,,,,,,,,,,0xFF01CC,1.0,6,1,175,
2571,2,,,,,,,,,,,,,,,,,0xFF01FE,,,,,,,,,,,,,,,,,0xFF01CC,1.0,6,1,176,
2572,2,,,,,,,,,,,,,,,,,0xFF01FE,,,,,,,,,,,,,,,,,0xFF01CC,1.0,6,1,177,
2573,2,,,,,,,,,,,,,,,,,0xFF01FE,,,,,,,,,,,,,,,,,0xFF01CC,1.0,6,1,178,
2574,2,,,,,,,,,,,,,,,,,0xFF01FE,,,,,,,,,,,,,,,,,0xFF01CC,1.0,6,1,179,
2575,2,,,,,,,,,,,,,,,,,0xFF01FE,,,,,,,,,,,,,,,,,0xFF01CC,1.0,6,1,180,
2576,2,,,,,,,,,,,,,,,,,0xFF01FE,,,,,,,,,,,,,,,,,0xFF01CC,1.0,6,1,181,
2577,2,,,,,,,,,,,,,,,,,0xFF01FE,,,,,,,,,,,,,,,,,0xFF01CC,1.0,6,1,182,
2578,2,,,,,,,,,,,,,,,,,0xFF01FE,,,,,,,,,,,,,,,,,0xFF01CC,1.0,6,1,183,
2579,2,,,,,,,,,,,,,,,,,0xFF01FE,,,,,,,,,,,,,,,,,0xFF01CC,1.0,6,1,184,
2580,2,,,,,,,,,,,,,,,,,0xFF01FE,,,,,,,,,,,,,,,,,0xFF01CC,1.0,6,1,185,
2581,2,,,,,,,,,,,,,,,,,0xFF01FE,,,,,,,,,,,,,,,,,0xFF01CC,1.0,6,1,186,
2582,2,,,,,,,,,,,,,,,,,0xFF01FE,,,,,,,,,,,,,,,,,0xFF01CC,1.0,6,1,187,
2583,2,,,,,,,,,,,,,,,,,0xFF01FE,,,,,,,,,,,,,,,,,0xFF01CC,1.0,6,1,188,
2584,2,,,,,,,,,,,,,,,,,0xFF01FE,,,,,,,,,,,,,,,,,0xFF01CC,1.0,6,1,189,
2585,2,,,,,,,,,,,,,,,,,0xFF01FE,,,,,,,,,,,,,,,,,0xFF01CC,1.0,6,1,190,
2586,2,,,,,,,,,,,,,,,,,0xFF01FE,,,,,,,,,,,,,,,,,0xFF01CC,1.0,6,1,191,
2587,2,,,,,,,,,,,,,,,,,0xFF01FE,,,,,,,,,,,,,,,,,0xFF01CC,1.0,6,1,192,
2588,2,,,,,,,,,,,,,,,,,0xFF01FE,,,,,,,,,,,,,,,,,0xFF01CC,1.0,6,1,193,
2589,2,,,,,,,,,,,,,,,,,0xFF01FE,,,,,,,,,,,,,,,,,0xFF01CC,1.0,6,1,194,
2590,2,,,,,,,,,,,,,,,,,0xFF01FE,,,,,,,,,,,,,,,,,0xFF01CC,1.0,6,1,195,
2591,2,,,,,,,,,,,,,,,,,0xFF01FE,,,,,,,,,,,,,,,,,0xFF01CC,1.0,6,1,196,
2592,2,,,,,,,,,,,,,,,,,0xFF01FE,,,,,,,,,,,,,,,,,0xFF01CC,1.0,6,1,197,
2593,2,,,,,,,,,,,,,,,,,0xFF01FE,,,,,,,,,,,,,,,,,0xFF01CC,1.0,6,1,198,
2594,2,,,,,,,,,,,,,,,,,0xFF01FE,,,,,,,,,,,,,,,,,0xFF01CC,1.0,6,1,199,
2595,2,,,,,,,,,,,,,,,,,0xFF01FE,,,,,,,,,,,,,,,,,0xFF01CC,1.0,6,1,200,
2596,2,,,,,,,,,,,,,,,,,0xFF01FE,,,,,,,,,,,,,,,,,0xFF01CC,1.0,6,1,201,
2597,2,,,,,,,,,,,,,,,,,0xFF01FE,,,,,,,,,,,,,,,,,0xFF01CC,1.0,6,1,202,
2598,2,,,,,,,,,,,,,,,,,0xFF01FE,,,,,,,,,,,,,,,,,0xFF01CC,1.0,6,1,203,
2599,2,,,,,,,,,,,,,,,,,0xFF01FE,,,,,,,,,,,,,,,,,0xFF01CC,1.0,6,1,204,
2600,2,,,,,,,,,,,,,,,,,0xFF01FE,,,,,,,,,,,,,,,,,0xFF01CC,1.0,6,1,205,
2601,2,,,,,,,,,,,,,,,,,0xFF01FE,,,,,,,,,,,,,,,,,0xFF01CC,1.0,6,1,206,
2602,2,,,,,,,,,,,,,,,,,0xFF01FE,,,,,,,,,,,,,,,,,0xFF01CC,1.0,6,1,207,
2603,2,,,,,,,,,,,,,,,,,0xFF01FE,,,,,,,,,,,,,,,,,0xFF01CC,1.0,6,1,208,
2604,2,,,,,,,,,,,,,,,,,0xFF01FE,,,,,,,,,,,,,,,,,0xFF01CC,1.0,6,1,209,
2605,2,,,,,,,,,,,,,,,,,0xFF01FE,,,,,,,,,,,,,,,,,0xFF01CC,1.0,6,1,210,
2606,2,,,,,,,,,,,,,,,,,0xFF01FE,,,,,,,,,,,,,,,,,0xFF01CC,1.0,6,1,211,
2607,2,,,,,,,,,,,,,,,,,0xFF01FE,,,,,,,,,,,,,,,,,0xFF01CC,1.0,6,1,212,
2608,2,,,,,,,,,,,,,,,,,0xFF01FE,,,,,,,,,,,,,,,,,0xFF01CC,1.0,6,1,213,
2609,2,,,,,,,,,,,,,,,,,0xFF01FE,,,,,,,,,,,,,,,,,0xFF01CC,1.0,6,1,214,
2610,2,,,,,,,,,,,,,,,,,0xFF01FE,,,,,,,,,,,,,,,,,0xFF01CC,1.0,6,1,215,
2611,2,,,,,,,,,,,,,,,,,0xFF01FE,,,,,,,,,,,,,,,,,0xFF01CC,1.0,6,1,216,
2612,2,,,,,,,,,,,,,,,,,0xFF01FE,,,,,,,,,,,,,,,,,0xFF01CC,1.0,6,1,217,
2613,2,,,,,,,,,,,,,,,,,0xFF01FE,,,,,,,,,,,,,,,,,0xFF01CC,1.0,6,1,218,
2614,2,,,,,,,,,,,,,,,,,0xFF01FE,,,,,,,,,,,,,,,,,0xFF01CC,1.0,6,1,219,
2615,2,,,,,,,,,,,,,,,,,0xFF01FE,,,,,,,,,,,,,,,,,0xFF01CC,1.0,6,1,220,
2616,2,,,,,,,,,,,,,,,,,0xFF01FE,,,,,,,,,,,,,,,,,0xFF01CC,1.0,6,1,221,
2617,2,,,,,,,,,,,,,,,,,0xFF01FE,,,,,,,,,,,,,,,,,0xFF01CC,1.0,6,1,222,
2618,2,,,,,,,,,,,,,,,,,0xFF01FE,,,,,,,,,,,,,,,,,0xFF01CC,1.0,6,1,223,
2619,2,,,,,,,,,,,,,,,,,0xFF01FE,,,,,,,,,,,,,,,,,0xFF01CC,1.0,6,1,224,
2620,2,,,,,,,,,,,,,,,,,0xFF01FE,,,,,,,,,,,,,,,,,0xFF01CC,1.0,6,1,225,
2621,2,,,,,,,,,,,,,,,,,0xFF01FE,,,,,,,,,,,,,,,,,0xFF01CC,1.0,6,1,226,
2622,2,,,,,,,,,,,,,,,,,0xFF01FE,,,,,,,,,,,,,,,,,0xFF01CC,1.0,6,1,227,
2623,2,,,,,,,,,,,,,,,,,0xFF01FE,,,,,,,,,,,,,,,,,0xFF01CC,1.0,6,1,228,
2624,2,,,,,,,,,,,,,,,,,0xFF01FE,,,,,,,,,,,,,,,,,0xFF01CC,1.0,6,1,229,
2625,2,,,,,,,,,,,,,,,,,0xFF01FE,,,,,,,,,,,,,,,,,0xFF01CC,1.0,6,1,230,
2626,2,,,,,,,,,,,,,,,,,0xFF01FE,,,,,,,,,,,,,,,,,0xFF01CC,1.0,6,1,231,
2627,2,,,,,,,,,,,,,,,,,0xFF01FE,,,,,,,,,,,,,,,,,0xFF01CC,1.0,6,1,232,
2628,2,,,,,,,,,,,,,,,,,0xFF01FE,,,,,,,,,,,,,,,,,0xFF01CC,1.0,6,1,233,
2629,2,,,,,,,,,,,,,,,,,0xFF01FE,,,,,,,,,,,,,,,,,0xFF01CC,1.0,6,1,234,
2630,2,,,,,,,,,,,,,,,,,0xFF01FE,,,,,,,,,,,,,,,,,0xFF01CC,1.0,6,1,235,
2631,2,,,,,,,,,,,,,,,,,0xFF01FE,,,,,,,,,,,,,,,,,0xFF01CC,1.0,6,1,236,
2632,2,,,,,,,,,,,,,,,,,0xFF01FE,,,,,,,,,,,,,,,,,0xFF01CC,1.0,6,1,237,
2633,2,,,,,,,,,,,,,,,,,0xFF01FE,,,,,,,,,,,,,,,,,0xFF01CC,1.0,6,1,238,
2634,2,,,,,,,,,,,,,,,,,0xFF01FE,,,,,,,,,,,,,,,,,0xFF01CC,1.0,6,1,239,
2635,2,,,,,,,,,,,,,,,,,0xFF01FE,,,,,,,,,,,,,,,,,0xFF01CC,1.0,6,1,240,
2636,2,,,,,,,,,,,,,,,,,0xFF01FE,,,,,,,,,,,,,,,,,0xFF01CC,1.0,6,1,241,
2637,2,,,,,,,,,,,,,,,,,0xFF01FE,,,,,,,,,,,,,,,,,0xFF01CC,1.0,6,1,242,
2638,2,,,,,,,,,,,,,,,,,0xFF01FE,,,,,,,,,,,,,,,,,0xFF01CC,1.0,6,1,243,
2639,2,,,,,,,,,,,,,,,,,0xFF01FE,,,,,,,,,,,,,,,,,0xFF01CC,1.0,6,1,244,
2640,2,,,,,,,,,,,,,,,,,0xFF01FE,,,,,,,,,,,,,,,,,0xFF01CC,1.0,6,1,245,
2641,2,,,,,,,,,,,,,,,,,0xFF01FE,,,,,,,,,,,,,,,,,0xFF01CC,1.0,6,1,246,
2642,2,,,,,,,,,,,,,,,,,0xFF01FE,,,,,,,,,,,,,,,,,0xFF01CC,1.0,6,1,247,
2643,2,,,,,,,,,,,,,,,,,0xFF01FE,,,,,,,,,,,,,,,,,0xFF01CC,1.0,6,1,248,
2644,2,,,,,,,,,,,,,,,,,0xFF01FE,,,,,,,,,,,,,,,,,0xFF01CC,1.0,6,1,249,
2645,2,,,,,,,,,,,,,,,,,0xFF01FE,,,,,,,,,,,,,,,,,0xFF01CC,1.0,6,1,250,
2646,2,,,,,,,,,,,,,,,,,0xFF01FE,,,,,,,,,,,,,,,,,0xFF01CC,1.0,6,1,251,
2647,0,,,,,,,,,,,,,,,,,0xFF01FE,,,,,,,,,,,,,,,,,0xFF01CC,1.0,7,0,0,
2648,0,,,,,,,,,,,,,,,,,0xFF01FE,,,,,,,,,,,,,,,,,0xFF01CC,1.0,7,0,1,
2649,0,,,,,,,,,,,,,,,,,0xFF01FE,,,,,,,,,,,,,,,,,0xFF01CC,1.0,7,0,2,
2650,0,,,,,,,,,,,,,,,,,0xFF01FE,,,,,,,,,,,,,,,,,0xFF01CC,1.0,7,0,3,
2651,0,,,,,,,,,,,,,,,,,0xFF01FE,,,,,,,,,,,,,,,,,0xFF01CC,1.0,7,0,4,
2652,0,,,,,,,,,,,,,,,,,0xFF01FE,,,,,,,,,,,,,,,,,0xFF01CC,1.0,7,0,5,
2653,0,,,,,,,,,,,,,,,,,0xFF01FE,,,,,,,,,,,,,,,,,0xFF01CC,1.0,7,0,6,
2654,0,,,,,,,,,,,,,,,,,0xFF01FE,,,,,,,,,,,,,,,,,0xFF01CC,1.0,7,0,7,
2655,0,,,,,,,,,,,,,,,,,0xFF01FE,,,,,,,,,,,,,,,,,0xFF01CC,1.0,7,0,8,
2656,0,,,,,,,,,,,,,,,,,0xFF01FE,,,,,,,,,,,,,,,,,0xFF01CC,1.0,7,0,9,
2657,0,,,,,,,,,,,,,,,,,0xFF01FE,,,,,,,,,,,,,,,,,0xFF01CC,1.0,7,0,10,
2658,0,,,,,,,,,,,,,,,,,0xFF01FE,,,,,,,,,,,,,,,,,0xFF01CC,1.0,7,0,11,
2659,0,,,,,,,,,,,,,,,,,0xFF01FE,,,,,,,,,,,,,,,,,0xFF01CC,1.0,7,0,12,
2660,0,,,,,,,,,,,,,,,,,0xFF01FE,,,,,,,,,,,,,,,,,0xFF01CC,1.0,7,0,13,
2661,0,,,,,,,,,,,,,,,,,0xFF01FE,,,,,,,,,,,,,,,,,0xFF01CC,1.0,7,0,14,
2662,0,,,,,,,,,,,,,,,,,0xFF01FE,,,,,,,,,,,,,,,,,0xFF01CC,1.0,7,0,15,
2663,0,,,,,,,,,,,,,,,,,0xFF01FE,,,,,,,,,,,,,,,,,0xFF01CC,1.0,7,0,16,
2664,0,,,,,,,,,,,,,,,,,0xFF01FE,,,,,,,,,,,,,,,,,0xFF01CC,1.0,7,0,17,
2665,1,,,,,,,,,,,,,,,,,0xFF01FE,,,,,,,,,,,,,,,,,0xFF01CC,1.0,7,0,0,
2666,1,,,,,,,,,,,,,,,,,0xFF01FE,,,,,,,,,,,,,,,,,0xFF01CC,1.0,7,0,1,
2667,1,,,,,,,,,,,,,,,,,0xFF01FE,,,,,,,,,,,,,,,,,0xFF01CC,1.0,7,0,2,
2668,1,,,,,,,,,,,,,,,,,0xFF01FE,,,,,,,,,,,,,,,,,0xFF01CC,1.0,7,0,3,
2669,1,,,,,,,,,,,,,,,,,0xFF01FE,,,,,,,,,,,,,,,,,0xFF01CC,1.0,7,0,4,
2670,1,,,,,,,,,,,,,,,,,0xFF01FE,,,,,,,,,,,,,,,,,0xFF01CC,1.0,7,0,5,
2671,1,,,,,,,,,,,,,,,,,0xFF01FE,,,,,,,,,,,,,,,,,0xFF01CC,1.0,7,0,6,
2672,1,,,,,,,,,,,,,,,,,0xFF01FE,,,,,,,,,,,,,,,,,0xFF01CC,1.0,7,0,7,
2673,1,,,,,,,,,,,,,,,,,0xFF01FE,,,,,,,,,,,,,,,,,0xFF01CC,1.0,7,0,8,
2674,1,,,,,,,,,,,,,,,,,0xFF01FE,,,,,,,,,,,,,,,,,0xFF01CC,1.0,7,0,9,
2675,1,,,,,,,,,,,,,,,,,0xFF01FE,,,,,,,,,,,,,,,,,0xFF01CC,1.0,7,0,10,
2676,1,,,,,,,,,,,,,,,,,0xFF01FE,,,,,,,,,,,,,,,,,0xFF01CC,1.0,7,0,11,
2677,1,,,,,,,,,,,,,,,,,0xFF01FE,,,,,,,,,,,,,,,,,0xFF01CC,1.0,7,0,12,
2678,1,,,,,,,,,,,,,,,,,0xFF01FE,,,,,,,,,,,,,,,,,0xFF01CC,1.0,7,0,13,
2679,1,,,,,,,,,,,,,,,,,0xFF01FE,,,,,,,,,,,,,,,,,0xFF01CC,1.0,7,0,14,
2680,1,,,,,,,,,,,,,,,,,0xFF01FE,,,,,,,,,,,,,,,,,0xFF01CC,1.0,7,0,15,
2681,1,,,,,,,,,,,,,,,,,0xFF01FE,,,,,,,,,,,,,,,,,0xFF01CC,1.0,7,0,16,
2682,1,,,,,,,,,,,,,,,,,0xFF01FE,,,,,,,,,,,,,,,,,0xFF01CC,1.0,7,0,17,
2683,1,,,,,,,,,,,,,,,,,0xFF01FE,,,,,,,,,,,,,,,,,0xFF01CC,1.0,7,0,18,
2684,2,,,,,,,,,,,,,,,,,0xFF01FE,,,,,,,,,,,,,,,,,0xFF01CC,1.0,7,0,0,
2685,2,,,,,,,,,,,,,,,,,0xFF01FE,,,,,,,,,,,,,,,,,0xFF01CC,1.0,7,0,1,
2686,2,,,,,,,,,,,,,,,,,0xFF01FE,,,,,,,,,,,,,,,,,0xFF01CC,1.0,7,0,2,
2687,2,,,,,,,,,,,,,,,,,0xFF01FE,,,,,,,,,,,,,,,,,0xFF01CC,1.0,7,0,3,
2688,2,,,,,,,,,,,,,,,,,0xFF01FE,,,,,,,,,,,,,,,,,0xFF01CC,1.0,7,0,4,
2689,2,,,,,,,,,,,,,,,,,0xFF01FE,,,,,,,,,,,,,,,,,0xFF01CC,1.0,7,0,5,
2690,2,,,,,,,,,,,,,,,,,0xFF01FE,,,,,,,,,,,,,,,,,0xFF01CC,1.0,7,0,6,
2691,2,,,,,,,,,,,,,,,,,0xFF01FE,,,,,,,,,,,,,,,,,0xFF01CC,1.0,7,0,7,
2692,2,,,,,,,,,,,,,,,,,0xFF01FE,,,,,,,,,,,,,,,,,0xFF01CC,1.0,7,0,8,
2693,2,,,,,,,,,,,,,,,,,0xFF01FE,,,,,,,,,,,,,,,,,0xFF01CC,1.0,7,0,9,
2694,2,,,,,,,,,,,,,,,,,0xFF01FE,,,,,,,,,,,,,,,,,0xFF01CC,1.0,7,0,10,
2695,2,,,,,,,,,,,,,,,,,0xFF01FE,,,,,,,,,,,,,,,,,0xFF01CC,1.0,7,0,11,
2696,2,,,,,,,,,,,,,,,,,0xFF01FE,,,,,,,,,,,,,,,,,0xFF01CC,1.0,7,0,12,
2697,2,,,,,,,,,,,,,,,,,0xFF01FE,,,,,,,,,,,,,,,,,0xFF01CC,1.0,7,0,13,
2698,2,,,,,,,,,,,,,,,,,0xFF01FE,,,,,,,,,,,,,,,,,0xFF01CC,1.0,7,0,14,
2699,2,,,,,,,,,,,,,,,,,0xFF01FE,,,,,,,,,,,,,,,,,0xFF01CC,1.0,7,0,15,
2700,2,,,,,,,,,,,,,,,,,0xFF01FE,,,,,,,,,,,,,,,,,0xFF01CC,1.0,7,0,16,
2701,2,,,,,,,,,,,,,,,,,0xFF01FE,,,,,,,,,,,,,,,,,0xFF01CC,1.0,7,0,17,
2702,2,,,,,,,,,,,,,,,,,0xFF01FE,,,,,,,,,,,,,,,,,0xFF01CC,1.0,7,0,18,
2703,2,,,,,,,,,,,,,,,,,0xFF01FE,,,,,,,,,,,,,,,,,0xFF01CC,1.0,7,0,19,
2704,2,,,,,,,,,,,,,,,,,0xFF01FE,,,,,,,,,,,,,,,,,0xFF01CC,1.0,7,0,20,
2705,2,,,,,,,,,,,,,,,,,0xFF01FE,,,,,,,,,,,,,,,,,0xFF01CC,1.0,7,0,21,
2706,2,,,,,,,,,,,,,,,,,0xFF01FE,,,,,,,,,,,,,,,,,0xFF01CC,1.0,7,0,22,
2707,2,,,,,,,,,,,,,,,,,0xFF01FE,,,,,,,,,,,,,,,,,0xFF01CC,1.0,7,0,23,
2708,2,,,,,,,,,,,,,,,,,0xFF01FE,,,,,,,,,,,,,,,,,0xFF01CC,1.0,7,0,24,
2709,2,,,,,,,,,,,,,,,,,0xFF01FE,,,,,,,,,,,,,,,,,0xFF01CC,1.0,7,0,25,
2710,2,,,,,,,,,,,,,,,,,0xFF01FE,,,,,,,,,,,,,,,,,0xFF01CC,1.0,7,0,26,
2711,2,,,,,,,,,,,,,,,,,0xFF01FE,,,,,,,,,,,,,,,,,0xFF01CC,1.0,7,0,27,
2712,2,,,,,,,,,,,,,,,,,0xFF01FE,,,,,,,,,,,,,,,,,0xFF01CC,1.0,7,0,28,
2713,2,,,,,,,,,,,,,,,,,0xFF01FE,,,,,,,,,,,,,,,,,0xFF01CC,1.0,7,0,29,
2714,2,,,,,,,,,,,,,,,,,0xFF01FE,,,,,,,,,,,,,,,,,0xFF01CC,1.0,7,0,30,
2715,2,,,,,,,,,,,,,,,,,0xFF01FE,,,,,,,,,,,,,,,,,0xFF01CC,1.0,7,0,31,
2716,2,,,,,,,,,,,,,,,,,0xFF01FE,,,,,,,,,,,,,,,,,0xFF01CC,1.0,7,0,32,
2717,2,,,,,,,,,,,,,,,,,0xFF01FE,,,,,,,,,,,,,,,,,0xFF01CC,1.0,7,0,33,
2718,2,,,,,,,,,,,,,,,,,0xFF01FE,,,,,,,,,,,,,,,,,0xFF01CC,1.0,7,0,34,
2719,2,,,,,,,,,,,,,,,,,0xFF01FE,,,,,,,,,,,,,,,,,0xFF01CC,1.0,7,0,35,
2720,2,,,,,,,,,,,,,,,,,0xFF01FE,,,,,,,,,,,,,,,,,0xFF01CC,1.0,7,0,36,
2721,2,,,,,,,,,,,,,,,,,0xFF01FE,,,,,,,,,,,,,,,,,0xFF01CC,1.0,7,0,37,
2722,2,,,,,,,,,,,,,,,,,0xFF01FE,,,,,,,,,,,,,,,,,0xFF01CC,1.0,7,0,38,
2723,2,,,,,,,,,,,,,,,,,0xFF01FE,,,,,,,,,,,,,,,,,0xFF01CC,1.0,7,0,39,
2724,2,,,,,,,,,,,,,,,,,0xFF01FE,,,,,,,,,,,,,,,,,0xFF01CC,1.0,7,0,40,
2725,2,,,,,,,,,,,,,,,,,0xFF01FE,,,,,,,,,,,,,,,,,0xFF01CC,1.0,7,0,41,
2726,2,,,,,,,,,,,,,,,,,0xFF01FE,,,,,,,,,,,,,,,,,0xFF01CC,1.0,7,0,42,
2727,2,,,,,,,,,,,,,,,,,0xFF01FE,,,,,,,,,,,,,,,,,0xFF01CC,1.0,7,0,43,
2728,2,,,,,,,,,,,,,,,,,0xFF01FE,,,,,,,,,,,,,,,,,0xFF01CC,1.0,7,0,44,
2729,2,,,,,,,,,,,,,,,,,0xFF01FE,,,,,,,,,,,,,,,,,0xFF01CC,1.0,7,0,45,
2730,2,,,,,,,,,,,,,,,,,0xFF01FE,,,,,,,,,,,,,,,,,0xFF01CC,1.0,7,0,46,
2731,2,,,,,,,,,,,,,,,,,0xFF01FE,,,,,,,,,,,,,,,,,0xFF01CC,1.0,7,0,47,
2732,2,,,,,,,,,,,,,,,,,0xFF01FE,,,,,,,,,,,,,,,,,0xFF01CC,1.0,7,0,48,
2733,2,,,,,,,,,,,,,,,,,0xFF01FE,,,,,,,,,,,,,,,,,0xFF01CC,1.0,7,0,49,
2734,2,,,,,,,,,,,,,,,,,0xFF01FE,,,,,,,,,,,,,,,,,0xFF01CC,1.0,7,0,50,
2735,2,,,,,,,,,,,,,,,,,0xFF01FE,,,,,,,,,,,,,,,,,0xFF01CC,1.0,7,0,51,
2736,2,,,,,,,,,,,,,,,,,0xFF01FE,,,,,,,,,,,,,,,,,0xFF01CC,1.0,7,0,52,
2737,2,,,,,,,,,,,,,,,,,0xFF01FE,,,,,,,,,,,,,,,,,0xFF01CC,1.0,7,0,53,
2738,2,,,,,,,,,,,,,,,,,0xFF01FE,,,,,,,,,,,,,,,,,0xFF01CC,1.0,7,0,54,
2739,2,,,,,,,,,,,,,,,,,0xFF01FE,,,,,,,,,,,,,,,,,0xFF01CC,1.0,7,0,55,
2740,2,,,,,,,,,,,,,,,,,0xFF01FE,,,,,,,,,,,,,,,,,0xFF01CC,1.0,7,0,56,
2741,2,,,,,,,,,,,,,,,,,0xFF01FE,,,,,,,,,,,,,,,,,0xFF01CC,1.0,7,0,57,
2742,2,,,,,,,,,,,,,,,,,0xFF01FE,,,,,,,,,,,,,,,,,0xFF01CC,1.0,7,0,58,
2743,2,,,,,,,,,,,,,,,,,0xFF01FE,,,,,,,,,,,,,,,,,0xFF01CC,1.0,7,0,59,
2744,2,,,,,,,,,,,,,,,,,0xFF01FE,,,,,,,,,,,,,,,,,0xFF01CC,1.0,7,0,60,
2745,2,,,,,,,,,,,,,,,,,0xFF01FE,,,,,,,,,,,,,,,,,0xFF01CC,1.0,7,0,61,
2746,2,,,,,,,,,,,,,,,,,0xFF01FE,,,,,,,,,,,,,,,,,0xFF01CC,1.0,7,0,62,
2747,2,,,,,,,,,,,,,,,,,0xFF01FE,,,,,,,,,,,,,,,,,0xFF01CC,1.0,7,0,63,
2748,2,,,,,,,,,,,,,,,,,0xFF01FE,,,,,,,,,,,,,,,,,0xFF01CC,1.0,7,0,64,
2749,2,,,,,,,,,,,,,,,,,0xFF01FE,,,,,,,,,,,,,,,,,0xFF01CC,1.0,7,0,65,
2750,2,,,,,,,,,,,,,,,,,0xFF01FE,,,,,,,,,,,,,,,,,0xFF01CC,1.0,7,0,66,
2751,2,,,,,,,,,,,,,,,,,0xFF01FE,,,,,,,,,,,,,,,,,0xFF01CC,1.0,7,0,67,
2752,2,,,,,,,,,,,,,,,,,0xFF01FE,,,,,,,,,,,,,,,,,0xFF01CC,1.0,7,0,68,
2753,2,,,,,,,,,,,,,,,,,0xFF01FE,,,,,,,,,,,,,,,,,0xFF01CC,1.0,7,0,69,
2754,2,,,,,,,,,,,,,,,,,0xFF01FE,,,,,,,,,,,,,,,,,0xFF01CC,1.0,7,0,70,
2755,2,,,,,,,,,,,,,,,,,0xFF01FE,,,,,,,,,,,,,,,,,0xFF01CC,1.0,7,0,71,
2756,2,,,,,,,,,,,,,,,,,0xFF01FE,,,,,,,,,,,,,,,,,0xFF01CC,1.0,7,0,72,
2757,2,,,,,,,,,,,,,,,,,0xFF01FE,,,,,,,,,,,,,,,,,0xFF01CC,1.0,7,0,73,
2758,2,,,,,,,,,,,,,,,,,0xFF01FE,,,,,,,,,,,,,,,,,0xFF01CC,1.0,7,0,74,
2759,2,,,,,,,,,,,,,,,,,0xFF01FE,,,,,,,,,,,,,,,,,0xFF01CC,1.0,7,0,75,
2760,2,,,,,,,,,,,,,,,,,0xFF01FE,,,,,,,,,,,,,,,,,0xFF01CC,1.0,7,0,76,
2761,2,,,,,,,,,,,,,,,,,0xFF01FE,,,,,,,,,,,,,,,,,0xFF01CC,1.0,7,0,77,
2762,2,,,,,,,,,,,,,,,,,0xFF01FE,,,,,,,,,,,,,,,,,0xFF01CC,1.0,7,0,78,
2763,2,,,,,,,,,,,,,,,,,0xFF01FE,,,,,,,,,,,,,,,,,0xFF01CC,1.0,7,0,79,
2764,2,,,,,,,,,,,,,,,,,0xFF01FE,,,,,,,,,,,,,,,,,0xFF01CC,1.0,7,0,80,
2765,2,,,,,,,,,,,,,,,,,0xFF01FE,,,,,,,,,,,,,,,,,0xFF01CC,1.0,7,0,81,
2766,2,,,,,,,,,,,,,,,,,0xFF01FE,,,,,,,,,,,,,,,,,0xFF01CC,1.0,7,0,82,
2767,2,,,,,,,,,,,,,,,,,0xFF01FE,,,,,,,,,,,,,,,,,0xFF01CC,1.0,7,0,83,
2768,2,,,,,,,,,,,,,,,,,0xFF01FE,,,,,,,,,,,,,,,,,0xFF01CC,1.0,7,0,84,
2769,2,,,,,,,,,,,,,,,,,0xFF01FE,,,,,,,,,,,,,,,,,0xFF01CC,1.0,7,0,85,
2770,2,,,,,,,,,,,,,,,,,0xFF01FE,,,,,,,,,,,,,,,,,0xFF01CC,1.0,7,0,86,
2771,2,,,,,,,,,,,,,,,,,0xFF01FE,,,,,,,,,,,,,,,,,0xFF01CC,1.0,7,0,87,
2772,2,,,,,,,,,,,,,,,,,0xFF01FE,,,,,,,,,,,,,,,,,0xFF01CC,1.0,7,0,88,
2773,2,,,,,,,,,,,,,,,,,0xFF01FE,,,,,,,,,,,,,,,,,0xFF01CC,1.0,7,0,89,
2774,2,,,,,,,,,,,,,,,,,0xFF01FE,,,,,,,,,,,,,,,,,0xFF01CC,1.0,7,0,90,
2775,2,,,,,,,,,,,,,,,,,0xFF01FE,,,,,,,,,,,,,,,,,0xFF01CC,1.0,7,0,91,
2776,2,,,,,,,,,,,,,,,,,0xFF01FE,,,,,,,,,,,,,,,,,0xFF01CC,1.0,7,0,92,
2777,2,,,,,,,,,,,,,,,,,0xFF01FE,,,,,,,,,,,,,,,,,0xFF01CC,1.0,7,0,93,
2778,2,,,,,,,,,,,,,,,,,0xFF01FE,,,,,,,,,,,,,,,,,0xFF01CC,1.0,7,0,94,
2779,2,,,,,,,,,,,,,,,,,0xFF01FE,,,,,,,,,,,,,,,,,0xFF01CC,1.0,7,0,95,
2780,2,,,,,,,,,,,,,,,,,0xFF01FE,,,,,,,,,,,,,,,,,0xFF01CC,1.0,7,0,96,
2781,2,,,,,,,,,,,,,,,,,0xFF01FE,,,,,,,,,,,,,,,,,0xFF01CC,1.0,7,0,97,
2782,2,,,,,,,,,,,,,,,,,0xFF01FE,,,,,,,,,,,,,,,,,0xFF01CC,1.0,7,0,98,
2783,0,,,,,,,,,,,,,,,,,0xFF01FE,,,,,,,,,,,,,,,,,0xFF01CC,1.0,7,1,0,
2784,0,,,,,,,,,,,,,,,,,0xFF01FE,,,,,,,,,,,,,,,,,0xFF01CC,1.0,7,1,1,
2785,0,,,,,,,,,,,,,,,,,0xFF01FE,,,,,,,,,,,,,,,,,0xFF01CC,1.0,7,1,2,
2786,0,,,,,,,,,,,,,,,,,0xFF01FE,,,,,,,,,,,,,,,,,0xFF01CC,1.0,7,1,3,
2787,0,,,,,,,,,,,,,,,,,0xFF01FE,,,,,,,,,,,,,,,,,0xFF01CC,1.0,7,1,4,
2788,0,,,,,,,,,,,,,,,,,0xFF01FE,,,,,,,,,,,,,,,,,0xFF01CC,1.0,7,1,5,
2789,0,,,,,,,,,,,,,,,,,0xFF01FE,,,,,,,,,,,,,,,,,0xFF01CC,1.0,7,1,6,
2790,0,,,,,,,,,,,,,,,,,0xFF01FE,,,,,,,,,,,,,,,,,0xFF01CC,1.0,7,1,7,
2791,0,,,,,,,,,,,,,,,,,0xFF01FE,,,,,,,,,,,,,,,,,0xFF01CC,1.0,7,1,8,
2792,0,,,,,,,,,,,,,,,,,0xFF01FE,,,,,,,,,,,,,,,,,0xFF01CC,1.0,7,1,9,
2793,0,,,,,,,,,,,,,,,,,0xFF01FE,,,,,,,,,,,,,,,,,0xFF01CC,1.0,7,1,10,
2794,0,,,,,,,,,,,,,,,,,0xFF01FE,,,,,,,,,,,,,,,,,0xFF01CC,1.0,7,1,11,
2795,0,,,,,,,,,,,,,,,,,0xFF01FE,,,,,,,,,,,,,,,,,0xFF01CC,1.0,7,1,12,
2796,0,,,,,,,,,,,,,,,,,0xFF01FE,,,,,,,,,,,,,,,,,0xFF01CC,1.0,7,1,13,
2797,0,,,,,,,,,,,,,,,,,0xFF01FE,,,,,,,,,,,,,,,,,0xFF01CC,1.0,7,1,14,
2798,0,,,,,,,,,,,,,,,,,0xFF01FE,,,,,,,,,,,,,,,,,0xFF01CC,1.0,7,1,15,
2799,0,,,,,,,,,,,,,,,,,0xFF01FE,,,,,,,,,,,,,,,,,0xFF01CC,1.0,7,1,16,
2800,0,,,,,,,,,,,,,,,,,0xFF01FE,,,,,,,,,,,,,,,,,0xFF01CC,1.0,7,1,17,
2801,0,,,,,,,,,,,,,,,,,0xFF01FE,,,,,,,,,,,,,,,,,0xFF01CC,1.0,7,1,18,
2802,1,,,,,,,,,,,,,,,,,0xFF01FE,,,,,,,,,,,,,,,,,0xFF01CC,1.0,7,1,0,
2803,1,,,,,,,,,,,,,,,,,0xFF01FE,,,,,,,,,,,,,,,,,0xFF01CC,1.0,7,1,1,
2804,1,,,,,,,,,,,,,,,,,0xFF01FE,,,,,,,,,,,,,,,,,0xFF01CC,1.0,7,1,2,
2805,1,,,,,,,,,,,,,,,,,0xFF01FE,,,,,,,,,,,,,,,,,0xFF01CC,1.0,7,1,3,
2806,1,,,,,,,,,,,,,,,,,0xFF01FE,,,,,,,,,,,,,,,,,0xFF01CC,1.0,7,1,4,
2807,1,,,,,,,,,,,,,,,,,0xFF01FE,,,,,,,,,,,,,,,,,0xFF01CC,1.0,7,1,5,
2808,1,,,,,,,,,,,,,,,,,0xFF01FE,,,,,,,,,,,,,,,,,0xFF01CC,1.0,7,1,6,
2809,1,,,,,,,,,,,,,,,,,0xFF01FE,,,,,,,,,,,,,,,,,0xFF01CC,1.0,7,1,7,
2810,1,,,,,,,,,,,,,,,,,0xFF01FE,,,,,,,,,,,,,,,,,0xFF01CC,1.0,7,1,8,
2811,1,,,,,,,,,,,,,,,,,0xFF01FE,,,,,,,,,,,,,,,,,0xFF01CC,1.0,7,1,9,
2812,1,,,,,,,,,,,,,,,,,0xFF01FE,,,,,,,,,,,,,,,,,0xFF01CC,1.0,7,1,10,
2813,1,,,,,,,,,,,,,,,,,0xFF01FE,,,,,,,,,,,,,,,,,0xFF01CC,1.0,7,1,11,
2814,1,,,,,,,,,,,,,,,,,0xFF01FE,,,,,,,,,,,,,,,,,0xFF01CC,1.0,7,1,12,
2815,1,,,,,,,,,,,,,,,,,0xFF01FE,,,,,,,,,,,,,,,,,0xFF01CC,1.0,7,1,13,
2816,1,,,,,,,,,,,,,,,,,0xFF01FE,,,,,,,,,,,,,,,,,0xFF01CC,1.0,7,1,14,
2817,1,,,,,,,,,,,,,,,,,0xFF01FE,,,,,,,,,,,,,,,,,0xFF01CC,1.0,7,1,15,
2818,1,,,,,,,,,,,,,,,,,0xFF01FE,,,,,,,,,,,,,,,,,0xFF01CC,1.0,7,1,16,
2819,1,,,,,,,,,,,,,,,,,0xFF01FE,,,,,,,,,,,,,,,,,0xFF01CC,1.0,7,1,17,
2820,1,,,,,,,,,,,,,,,,,0xFF01FE,,,,,,,,,,,,,,,,,0xFF01CC,1.0,7,1,18,
2821,1,,,,,,,,,,,,,,,,,0xFF01FE,,,,,,,,,,,,,,,,,0xFF01CC,1.0,7,1,19,
2822,1,,,,,,,,,,,,,,,,,0xFF01FE,,,,,,,,,,,,,,,,,0xFF01CC,1.0,7,1,20,
2823,1,,,,,,,,,,,,,,,,,0xFF01FE,,,,,,,,,,,,,,,,,0xFF01CC,1.0,7,1,21,
2824,1,,,,,,,,,,,,,,,,,0xFF01FE,,,,,,,,,,,,,,,,,0xFF01CC,1.0,7,1,22,
2825,1,,,,,,,,,,,,,,,,,0xFF01FE,,,,,,,,,,,,,,,,,0xFF01CC,1.0,7,1,23,
2826,1,,,,,,,,,,,,,,,,,0xFF01FE,,,,,,,,,,,,,,,,,0xFF01CC,1.0,7,1,24,
2827,1,,,,,,,,,,,,,,,,,0xFF01FE,,,,,,,,,,,,,,,,,0xFF01CC,1.0,7,1,25,
2828,1,,,,,,,,,,,,,,,,,0xFF01FE,,,,,,,,,,,,,,,,,0xFF01CC,1.0,7,1,26,
2829,1,,,,,,,,,,,,,,,,,0xFF01FE,,,,,,,,,,,,,,,,,0xFF01CC,1.0,7,1,27,
2830,1,,,,,,,,,,,,,,,,,0xFF01FE,,,,,,,,,,,,,,,,,0xFF01CC,1.0,7,1,28,
2831,1,,,,,,,,,,,,,,,,,0xFF01FE,,,,,,,,,,,,,,,,,0xFF01CC,1.0,7,1,29,
2832,1,,,,,,,,,,,,,,,,,0xFF01FE,,,,,,,,,,,,,,,,,0xFF01CC,1.0,7,1,30,
2833,1,,,,,,,,,,,,,,,,,0xFF01FE,,,,,,,,,,,,,,,,,0xFF01CC,1.0,7,1,31,
2834,1,,,,,,,,,,,,,,,,,0xFF01FE,,,,,,,,,,,,,,,,,0xFF01CC,1.0,7,1,32,
2835,1,,,,,,,,,,,,,,,,,0xFF01FE,,,,,,,,,,,,,,,,,0xFF01CC,1.0,7,1,33,
2836,1,,,,,,,,,,,,,,,,,0xFF01FE,,,,,,,,,,,,,,,,,0xFF01CC,1.0,7,1,34,
2837,1,,,,,,,,,,,,,,,,,0xFF01FE,,,,,,,,,,,,,,,,,0xFF01CC,1.0,7,1,35,
2838,1,,,,,,,,,,,,,,,,,0xFF01FE,,,,,,,,,,,,,,,,,0xFF01CC,1.0,7,1,36,
2839,1,,,,,,,,,,,,,,,,,0xFF01FE,,,,,,,,,,,,,,,,,0xFF01CC,1.0,7,1,37,
2840,1,,,,,,,,,,,,,,,,,0xFF01FE,,,,,,,,,,,,,,,,,0xFF01CC,1.0,7,1,38,
2841,1,,,,,,,,,,,,,,,,,0xFF01FE,,,,,,,,,,,,,,,,,0xFF01CC,1.0,7,1,39,
2842,1,,,,,,,,,,,,,,,,,0xFF01FE,,,,,,,,,,,,,,,,,0xFF01CC,1.0,7,1,40,
2843,1,,,,,,,,,,,,,,,,,0xFF01FE,,,,,,,,,,,,,,,,,0xFF01CC,1.0,7,1,41,
2844,1,,,,,,,,,,,,,,,,,0xFF01FE,,,,,,,,,,,,,,,,,0xFF01CC,1.0,7,1,42,
2845,1,,,,,,,,,,,,,,,,,0xFF01FE,,,,,,,,,,,,,,,,,0xFF01CC,1.0,7,1,43,
2846,1,,,,,,,,,,,,,,,,,0xFF01FE,,,,,,,,,,,,,,,,,0xFF01CC,1.0,7,1,44,
2847,1,,,,,,,,,,,,,,,,,0xFF01FE,,,,,,,,,,,,,,,,,0xFF01CC,1.0,7,1,45,
2848,1,,,,,,,,,,,,,,,,,0xFF01FE,,,,,,,,,,,,,,,,,0xFF01CC,1.0,7,1,46,
2849,1,,,,,,,,,,,,,,,,,0xFF01FE,,,,,,,,,,,,,,,,,0xFF01CC,1.0,7,1,47,
2850,1,,,,,,,,,,,,,,,,,0xFF01FE,,,,,,,,,,,,,,,,,0xFF01CC,1.0,7,1,48,
2851,1,,,,,,,,,,,,,,,,,0xFF01FE,,,,,,,,,,,,,,,,,0xFF01CC,1.0,7,1,49,
2852,1,,,,,,,,,,,,,,,,,0xFF01FE,,,,,,,,,,,,,,,,,0xFF01CC,1.0,7,1,50,
2853,1,,,,,,,,,,,,,,,,,0xFF01FE,,,,,,,,,,,,,,,,,0xFF01CC,1.0,7,1,51,
2854,1,,,,,,,,,,,,,,,,,0xFF01FE,,,,,,,,,,,,,,,,,0xFF01CC,1.0,7,1,52,
2855,1,,,,,,,,,,,,,,,,,0xFF01FE,,,,,,,,,,,,,,,,,0xFF01CC,1.0,7,1,53,
2856,1,,,,,,,,,,,,,,,,,0xFF01FE,,,,,,,,,,,,,,,,,0xFF01CC,1.0,7,1,54,
2857,1,,,,,,,,,,,,,,,,,0xFF01FE,,,,,,,,,,,,,,,,,0xFF01CC,1.0,7,1,55,
2858,1,,,,,,,,,,,,,,,,,0xFF01FE,,,,,,,,,,,,,,,,,0xFF01CC,1.0,7,1,56,
2859,1,,,,,,,,,,,,,,,,,0xFF01FE,,,,,,,,,,,,,,,,,0xFF01CC,1.0,7,1,57,
2860,1,,,,,,,,,,,,,,,,,0xFF01FE,,,,,,,,,,,,,,,,,0xFF01CC,1.0,7,1,58,
2861,1,,,,,,,,,,,,,,,,,0xFF01FE,,,,,,,,,,,,,,,,,0xFF01CC,1.0,7,1,59,
2862,1,,,,,,,,,,,,,,,,,0xFF01FE,,,,,,,,,,,,,,,,,0xFF01CC,1.0,7,1,60,
2863,1,,,,,,,,,,,,,,,,,0xFF01FE,,,,,,,,,,,,,,,,,0xFF01CC,1.0,7,1,61,
2864,1,,,,,,,,,,,,,,,,,0xFF01FE,,,,,,,,,,,,,,,,,0xFF01CC,1.0,7,1,62,
2865,1,,,,,,,,,,,,,,,,,0xFF01FE,,,,,,,,,,,,,,,,,0xFF01CC,1.0,7,1,63,
2866,1,,,,,,,,,,,,,,,,,0xFF01FE,,,,,,,,,,,,,,,,,0xFF01CC,1.0,7,1,64,
2867,1,,,,,,,,,,,,,,,,,0xFF01FE,,,,,,,,,,,,,,,,,0xFF01CC,1.0,7,1,65,
2868,1,,,,,,,,,,,,,,,,,0xFF01FE,,,,,,,,,,,,,,,,,0xFF01CC,1.0,7,1,66,
2869,1,,,,,,,,,,,,,,,,,0xFF01FE,,,,,,,,,,,,,,,,,0xFF01CC,1.0,7,1,67,
2870,1,,,,,,,,,,,,,,,,,0xFF01FE,,,,,,,,,,,,,,,,,0xFF01CC,1.0,7,1,68,
2871,1,,,,,,,,,,,,,,,,,0xFF01FE,,,,,,,,,,,,,,,,,0xFF01CC,1.0,7,1,69,
2872,1,,,,,,,,,,,,,,,,,0xFF01FE,,,,,,,,,,,,,,,,,0xFF01CC,1.0,7,1,70,
2873,1,,,,,,,,,,,,,,,,,0xFF01FE,,,,,,,,,,,,,,,,,0xFF01CC,1.0,7,1,71,
2874,1,,,,,,,,,,,,,,,,,0xFF01FE,,,,,,,,,,,,,,,,,0xFF01CC,1.0,7,1,72,
2875,1,,,,,,,,,,,,,,,,,0xFF01FE,,,,,,,,,,,,,,,,,0xFF01CC,1.0,7,1,73,
2876,1,,,,,,,,,,,,,,,,,0xFF01FE,,,,,,,,,,,,,,,,,0xFF01CC,1.0,7,1,74,
2877,1,,,,,,,,,,,,,,,,,0xFF01FE,,,,,,,,,,,,,,,,,0xFF01CC,1.0,7,1,75,
2878,1,,,,,,,,,,,,,,,,,0xFF01FE,,,,,,,,,,,,,,,,,0xFF01CC,1.0,7,1,76,
2879,1,,,,,,,,,,,,,,,,,0xFF01FE,,,,,,,,,,,,,,,,,0xFF01CC,1.0,7,1,77,
2880,1,,,,,,,,,,,,,,,,,0xFF01FE,,,,,,,,,,,,,,,,,0xFF01CC,1.0,7,1,78,
2881,1,,,,,,,,,,,,,,,,,0xFF01FE,,,,,,,,,,,,,,,,,0xFF01CC,1.0,7,1,79,
2882,1,,,,,,,,,,,,,,,,,0xFF01FE,,,,,,,,,,,,,,,,,0xFF01CC,1.0,7,1,80,
2883,1,,,,,,,,,,,,,,,,,0xFF01FE,,,,,,,,,,,,,,,,,0xFF01CC,1.0,7,1,81,
2884,1,,,,,,,,,,,,,,,,,0xFF01FE,,,,,,,,,,,,,,,,,0xFF01CC,1.0,7,1,82,
2885,1,,,,,,,,,,,,,,,,,0xFF01FE,,,,,,,,,,,,,,,,,0xFF01CC,1.0,7,1,83,
2886,1,,,,,,,,,,,,,,,,,0xFF01FE,,,,,,,,,,,,,,,,,0xFF01CC,1.0,7,1,84,
2887,1,,,,,,,,,,,,,,,,,0xFF01FE,,,,,,,,,,,,,,,,,0xFF01CC,1.0,7,1,85,
2888,1,,,,,,,,,,,,,,,,,0xFF01FE,,,,,,,,,,,,,,,,,0xFF01CC,1.0,7,1,86,
2889,1,,,,,,,,,,,,,,,,,0xFF01FE,,,,,,,,,,,,,,,,,0xFF01CC,1.0,7,1,87,
2890,1,,,,,,,,,,,,,,,,,0xFF01FE,,,,,,,,,,,,,,,,,0xFF01CC,1.0,7,1,88,
2891,1,,,,,,,,,,,,,,,,,0xFF01FE,,,,,,,,,,,,,,,,,0xFF01CC,1.0,7,1,89,
2892,1,,,,,,,,,,,,,,,,,0xFF01FE,,,,,,,,,,,,,,,,,0xFF01CC,1.0,7,1,90,
2893,1,,,,,,,,,,,,,,,,,0xFF01FE,,,,,,,,,,,,,,,,,0xFF01CC,1.0,7,1,91,
2894,1,,,,,,,,,,,,,,,,,0xFF01FE,,,,,,,,,,,,,,,,,0xFF01CC,1.0,7,1,92,
2895,1,,,,,,,,,,,,,,,,,0xFF01FE,,,,,,,,,,,,,,,,,0xFF01CC,1.0,7,1,93,
2896,1,,,,,,,,,,,,,,,,,0xFF01FE,,,,,,,,,,,,,,,,,0xFF01CC,1.0,7,1,94,
2897,2,,,,,,,,,,,,,,,,,0xFF01FE,,,,,,,,,,,,,,,,,0xFF01CC,1.0,7,1,0,
2898,2,,,,,,,,,,,,,,,,,0xFF01FE,,,,,,,,,,,,,,,,,0xFF01CC,1.0,7,1,1,
2899,2,,,,,,,,,,,,,,,,,0xFF01FE,,,,,,,,,,,,,,,,,0xFF01CC,1.0,7,1,2,
2900,2,,,,,,,,,,,,,,,,,0xFF01FE,,,,,,,,,,,,,,,,,0xFF01CC,1.0,7,1,3,
2901,2,,,,,,,,,,,,,,,,,0xFF01FE,,,,,,,,,,,,,,,,,0xFF01CC,1.0,7,1,4,
2902,2,,,,,,,,,,,,,,,,,0xFF01FE,,,,,,,,,,,,,,,,,0xFF01CC,1.0,7,1,5,
2903,2,,,,,,,,,,,,,,,,,0xFF01FE,,,,,,,,,,,,,,,,,0xFF01CC,1.0,7,1,6,
2904,2,,,,,,,,,,,,,,,,,0xFF01FE,,,,,,,,,,,,,,,,,0xFF01CC,1.0,7,1,7,
2905,2,,,,,,,,,,,,,,,,,0xFF01FE,,,,,,,,,,,,,,,,,0xFF01CC,1.0,7,1,8,
2906,2,,,,,,,,,,,,,,,,,0xFF01FE,,,,,,,,,,,,,,,,,0xFF01CC,1.0,7,1,9,
2907,2,,,,,,,,,,,,,,,,,0xFF01FE,,,,,,,,,,,,,,,,,0xFF01CC,1.0,7,1,10,
2908,2,,,,,,,,,,,,,,,,,0xFF01FE,,,,,,,,,,,,,,,,,0xFF01CC,1.0,7,1,11,
2909,2,,,,,,,,,,,,,,,,,0xFF01FE,,,,,,,,,,,,,,,,,0xFF01CC,1.0,7,1,12,
2910,2,,,,,,,,,,,,,,,,,0xFF01FE,,,,,,,,,,,,,,,,,0xFF01CC,1.0,7,1,13,
2911,2,,,,,,,,,,,,,,,,,0xFF01FE,,,,,,,,,,,,,,,,,0xFF01CC,1.0,7,1,14,
2912,0,,,,,,,,,,,,,,,,,0xFF01FE,,,,,,,,,,,,,,,,,0xFF01CC,1.0,8,0,0,
2913,0,,,,,,,,,,,,,,,,,0xFF01FE,,,,,,,,,,,,,,,,,0xFF01CC,1.0,8,0,1,
2914,0,,,,,,,,,,,,,,,,,0xFF01FE,,,,,,,,,,,,,,,,,0xFF01CC,1.0,8,0,2,
2915,0,,,,,,,,,,,,,,,,,0xFF01FE,,,,,,,,,,,,,,,,,0xFF01CC,1.0,8,0,3,
2916,0,,,,,,,,,,,,,,,,,0xFF01FE,,,,,,,,,,,,,,,,,0xFF01CC,1.0,8,0,4,
2917,0,,,,,,,,,,,,,,,,,0xFF01FE,,,,,,,,,,,,,,,,,0xFF01CC,1.0,8,0,5,
2918,0,,,,,,,,,,,,,,,,,0xFF01FE,,,,,,,,,,,,,,,,,0xFEFFCFCD,1.0,8,0,6,
2919,0,,,,,,,,,,,,,,,,,0xFF01FE,,,,,,,,,,,,,,,,,0xFEFFCFCD,1.0,8,0,7,
2920,0,,,,,,,,,,,,,,,,,0xFF01FE,,,,,,,,,,,,,,,,,0xFEFFCFCD,1.0,8,0,8,
2921,0,,,,,,,,,,,,,,,,,0xFF01FE,,,,,,,,,,,,,,,,,0xFEFFCFCD,1.0,8,0,9,
2922,0,,,,,,,,,,,,,,,,,0xFF01FE,,,,,,,,,,,,,,,,,0xFEFFCFCD,1.0,8,0,10,
2923,0,,,,,,,,,,,,,,,,,0xFF01FE,,,,,,,,,,,,,,,,,0xFEFFCFCD,1.0,8,0,11,
2924,0,,,,,,,,,,,,,,,,,0xFF01FE,,,,,,,,,,,,,,,,,0xFEFFCFCD,1.0,8,0,12,
2925,0,,,,,,,,,,,,,,,,,0xFF01FE,,,,,,,,,,,,,,,,,0xFEFFCFCD,1.0,8,0,13,
2926,0,,,,,,,,,,,,,,,,,0xFF01FE,,,,,,,,,,,,,,,,,0xFEFFCFCD,1.0,8,0,14,
2927,0,,,,,,,,,,,,,,,,,0xFF01FE,,,,,,,,,,,,,,,,,0xFEFFCFCD,1.0,8,0,15,
2928,0,,,,,,,,,,,,,,,,,0xFF01FE,,,,,,,,,,,,,,,,,0xFEFFCFCD,1.0,8,0,16,
2929,0,,,,,,,,,,,,,,,,,0xFF01FE,,,,,,,,,,,,,,,,,0xFEFFCFCD,1.0,8,0,17,
2930,0,,,,,,,,,,,,,,,,,0xFF01FE,,,,,,,,,,,,,,,,,0xFEFFCFCD,1.0,8,0,18,
2931,2,,,,,,,,,,,,,,,,,0xFF01FE,,,,,,,,,,,,,,,,,0xFF01CC,1.0,8,0,0,
2932,2,,,,,,,,,,,,,,,,,0xFF01FE,,,,,,,,,,,,,,,,,0xFF01CC,1.0,8,0,1,
2933,2,,,,,,,,,,,,,,,,,0xFF01FE,,,,,,,,,,,,,,,,,0xFF01CC,1.0,8,0,2,
2934,2,,,,,,,,,,,,,,,,,0xFF01FE,,,,,,,,,,,,,,,,,0xFF01CC,1.0,8,0,3,
2935,2,,,,,,,,,,,,,,,,,0xFF01FE,,,,,,,,,,,,,,,,,0xFF01CC,1.0,8,0,4,
2936,2,,,,,,,,,,,,,,,,,0xFF01FE,,,,,,,,,,,,,,,,,0xFF01CC,1.0,8,0,5,
2937,2,,,,,,,,,,,,,,,,,0xFF01FE,,,,,,,,,,,,,,,,,0xFF01CC,1.0,8,0,6,
2938,2,,,,,,,,,,,,,,,,,0xFF01FE,,,,,,,,,,,,,,,,,0xFF01CC,1.0,8,0,7,
2939,2,,,,,,,,,,,,,,,,,0xFF01FE,,,,,,,,,,,,,,,,,0xFF01CC,1.0,8,0,8,
2940,2,,,,,,,,,,,,,,,,,0xFF01FE,,,,,,,,,,,,,,,,,0xFF01CC,1.0,8,0,9,
2941,2,,,,,,,,,,,,,,,,,0xFF01FE,,,,,,,,,,,,,,,,,0xFF01CC,1.0,8,0,10,
2942,2,,,,,,,,,,,,,,,,,0xFF01FE,,,,,,,,,,,,,,,,,0xFF01CC,1.0,8,0,11,
2943,2,,,,,,,,,,,,,,,,,0xFF01FE,,,,,,,,,,,,,,,,,0xFF01CC,1.0,8,0,12,
2944,2,,,,,,,,,,,,,,,,,0xFF01FE,,,,,,,,,,,,,,,,,0xFF01CC,1.0,8,0,13,
2945,2,,,,,,,,,,,,,,,,,0xFF01FE,,,,,,,,,,,,,,,,,0xFF01CC,1.0,8,0,14,
2946,2,,,,,,,,,,,,,,,,,0xFF01FE,,,,,,,,,,,,,,,,,0xFF01CC,1.0,8,0,15,
2947,2,,,,,,,,,,,,,,,,,0xFF01FE,,,,,,,,,,,,,,,,,0xFF01CC,1.0,8,0,16,
2948,2,,,,,,,,,,,,,,,,,0xFF01FE,,,,,,,,,,,,,,,,,0xFF01CC,1.0,8,0,17,
2949,2,,,,,,,,,,,,,,,,,0xFF01FE,,,,,,,,,,,,,,,,,0xFF01CC,1.0,8,0,18,
2950,2,,,,,,,,,,,,,,,,,0xFF01FE,,,,,,,,,,,,,,,,,0xFF01CC,1.0,8,0,19,
2951,2,,,,,,,,,,,,,,,,,0xFF01FE,,,,,,,,,,,,,,,,,0xFF01CC,1.0,8,0,20,
2952,2,,,,,,,,,,,,,,,,,0xFF01FE,,,,,,,,,,,,,,,,,0xFF01CC,1.0,8,0,21,
2953,2,,,,,,,,,,,,,,,,,0xFF01FE,,,,,,,,,,,,,,,,,0xFF01CC,1.0,8,0,22,
2954,2,,,,,,,,,,,,,,,,,0xFF01FE,,,,,,,,,,,,,,,,,0xFF01CC,1.0,8,0,23,
2955,2,,,,,,,,,,,,,,,,,0xFF01FE,,,,,,,,,,,,,,,,,0xFF01CC,1.0,8,0,24,
2956,2,,,,,,,,,,,,,,,,,0xFF01FE,,,,,,,,,,,,,,,,,0xFF01CC,1.0,8,0,25,
2957,2,,,,,,,,,,,,,,,,,0xFF01FE,,,,,,,,,,,,,,,,,0xFF01CC,1.0,8,0,26,
2958,2,,,,,,,,,,,,,,,,,0xFF01FE,,,,,,,,,,,,,,,,,0xFF01CC,1.0,8,0,27,
2959,2,,,,,,,,,,,,,,,,,0xFF01FE,,,,,,,,,,,,,,,,,0xFF01CC,1.0,8,0,28,
2960,2,,,,,,,,,,,,,,,,,0xFF01FE,,,,,,,,,,,,,,,,,0xFF01CC,1.0,8,0,29,
2961,2,,,,,,,,,,,,,,,,,0xFF01FE,,,,,,,,,,,,,,,,,0xFF01CC,1.0,8,0,30,
2962,2,,,,,,,,,,,,,,,,,0xFF01FE,,,,,,,,,,,,,,,,,0xFF01CC,1.0,8,0,31,
2963,2,,,,,,,,,,,,,,,,,0xFF01FE,,,,,,,,,,,,,,,,,0xFF01CC,1.0,8,0,32,
2964,2,,,,,,,,,,,,,,,,,0xFF01FE,,,,,,,,,,,,,,,,,0xFF01CC,1.0,8,0,33,
2965,2,,,,,,,,,,,,,,,,,0xFF01FE,,,,,,,,,,,,,,,,,0xFF01CC,1.0,8,0,34,
2966,2,,,,,,,,,,,,,,,,,0xFF01FE,,,,,,,,,,,,,,,,,0xFF01CC,1.0,8,0,35,
2967,2,,,,,,,,,,,,,,,,,0xFF01FE,,,,,,,,,,,,,,,,,0xFF01CC,1.0,8,0,36,
2968,2,,,,,,,,,,,,,,,,,0xFF01FE,,,,,,,,,,,,,,,,,0xFF01CC,1.0,8,0,37,
2969,2,,,,,,,,,,,,,,,,,0xFF01FE,,,,,,,,,,,,,,,,,0xFF01CC,1.0,8,0,38,
2970,2,,,,,,,,,,,,,,,,,0xFF01FE,,,,,,,,,,,,,,,,,0xFF01CC,1.0,8,0,39,
2971,2,,,,,,,,,,,,,,,,,0xFF01FE,,,,,,,,,,,,,,,,,0xFF01CC,1.0,8,0,40,
2972,2,,,,,,,,,,,,,,,,,0xFF01FE,,,,,,,,,,,,,,,,,0xFF01CC,1.0,8,0,41,
2973,2,,,,,,,,,,,,,,,,,0xFF01FE,,,,,,,,,,,,,,,,,0xFF01CC,1.0,8,0,42,
2974,2,,,,,,,,,,,,,,,,,0xFF01FE,,,,,,,,,,,,,,,,,0xFF01CC,1.0,8,0,43,
2975,2,,,,,,,,,,,,,,,,,0xFF01FE,,,,,,,,,,,,,,,,,0xFF01CC,1.0,8,0,44,
2976,2,,,,,,,,,,,,,,,,,0xFF01FE,,,,,,,,,,,,,,,,,0xFF01CC,1.0,8,0,45,
2977,2,,,,,,,,,,,,,,,,,0xFF01FE,,,,,,,,,,,,,,,,,0xFF01CC,1.0,8,0,46,
2978,2,,,,,,,,,,,,,,,,,0xFF01FE,,,,,,,,,,,,,,,,,0xFF01CC,1.0,8,0,47,
2979,2,,,,,,,,,,,,,,,,,0xFF01FE,,,,,,,,,,,,,,,,,0xFF01CC,1.0,8,0,48,
2980,2,,,,,,,,,,,,,,,,,0xFF01FE,,,,,,,,,,,,,,,,,0xFF01CC,1.0,8,0,49,
2981,2,,,,,,,,,,,,,,,,,0xFF01FE,,,,,,,,,,,,,,,,,0xFF01CC,1.0,8,0,50,
2982,2,,,,,,,,,,,,,,,,,0xFF01FE,,,,,,,,,,,,,,,,,0xFF01CC,1.0,8,0,51,
2983,2,,,,,,,,,,,,,,,,,0xFF01FE,,,,,,,,,,,,,,,,,0xFF01CC,1.0,8,0,52,
2984,2,,,,,,,,,,,,,,,,,0xFF01FE,,,,,,,,,,,,,,,,,0xFF01CC,1.0,8,0,53,
2985,2,,,,,,,,,,,,,,,,,0xFF01FE,,,,,,,,,,,,,,,,,0xFF01CC,1.0,8,0,54,
2986,2,,,,,,,,,,,,,,,,,0xFF01FE,,,,,,,,,,,,,,,,,0xFF01CC,1.0,8,0,55,
2987,2,,,,,,,,,,,,,,,,,0xFF01FE,,,,,,,,,,,,,,,,,0xFF01CC,1.0,8,0,56,
2988,2,,,,,,,,,,,,,,,,,0xFF01FE,,,,,,,,,,,,,,,,,0xFF01CC,1.0,8,0,57,
2989,2,,,,,,,,,,,,,,,,,0xFF01FE,,,,,,,,,,,,,,,,,0xFF01CC,1.0,8,0,58,
2990,2,,,,,,,,,,,,,,,,,0xFF01FE,,,,,,,,,,,,,,,,,0xFF01CC,1.0,8,0,59,
2991,2,,,,,,,,,,,,,,,,,0xFF01FE,,,,,,,,,,,,,,,,,0xFF01CC,1.0,8,0,60,
2992,2,,,,,,,,,,,,,,,,,0xFF01FE,,,,,,,,,,,,,,,,,0xFF01CC,1.0,8,0,61,
2993,2,,,,,,,,,,,,,,,,,0xFF01FE,,,,,,,,,,,,,,,,,0xFF01CC,1.0,8,0,62,
2994,2,,,,,,,,,,,,,,,,,0xFF01FE,,,,,,,,,,,,,,,,,0xFF01CC,1.0,8,0,63,
2995,2,,,,,,,,,,,,,,,,,0xFF01FE,,,,,,,,,,,,,,,,,0xFF01CC,1.0,8,0,64,
2996,2,,,,,,,,,,,,,,,,,0xFF01FE,,,,,,,,,,,,,,,,,0xFF01CC,1.0,8,0,65,
2997,2,,,,,,,,,,,,,,,,,0xFF01FE,,,,,,,,,,,,,,,,,0xFF01CC,1.0,8,0,66,
2998,2,,,,,,,,,,,,,,,,,0xFF01FE,,,,,,,,,,,,,,,,,0xFF01CC,1.0,8,0,67,
2999,2,,,,,,,,,,,,,,,,,0xFF01FE,,,,,,,,,,,,,,,,,0xFF01CC,1.0,8,0,68,
3000,2,,,,,,,,,,,,,,,,,0xFF01FE,,,,,,,,,,,,,,,,,0xFF01CC,1.0,8,0,69,
3001,2,,,,,,,,,,,,,,,,,0xFF01FE,,,,,,,,,,,,,,,,,0xFF01CC,1.0,8,0,70,
3002,2,,,,,,,,,,,,,,,,,0xFF01FE,,,,,,,,,,,,,,,,,0xFF01CC,1.0,8,0,71,
3003,2,,,,,,,,,,,,,,,,,0xFF01FE,,,,,,,,,,,,,,,,,0xFF01CC,1.0,8,0,72,
3004,2,,,,,,,,,,,,,,,,,0xFF01FE,,,,,,,,,,,,,,,,,0xFF01CC,1.0,8,0,73,
3005,2,,,,,,,,,,,,,,,,,0xFF01FE,,,,,,,,,,,,,,,,,0xFF01CC,1.0,8,0,74,
3006,2,,,,,,,,,,,,,,,,,0xFF01FE,,,,,,,,,,,,,,,,,0xFF01CC,1.0,8,0,75,
3007,2,,,,,,,,,,,,,,,,,0xFF01FE,,,,,,,,,,,,,,,,,0xFF01CC,1.0,8,0,76,
3008,2,,,,,,,,,,,,,,,,,0xFF01FE,,,,,,,,,,,,,,,,,0xFF01CC,1.0,8,0,77,
3009,2,,,,,,,,,,,,,,,,,0xFF01FE,,,,,,,,,,,,,,,,,0xFF01CC,1.0,8,0,78,
3010,2,,,,,,,,,,,,,,,,,0xFF01FE,,,,,,,,,,,,,,,,,0xFF01CC,1.0,8,0,79,
3011,2,,,,,,,,,,,,,,,,,0xFF01FE,,,,,,,,,,,,,,,,,0xFF01CC,1.0,8,0,80,
3012,2,,,,,,,,,,,,,,,,,0xFF01FE,,,,,,,,,,,,,,,,,0xFF01CC,1.0,8,0,81,
3013,2,,,,,,,,,,,,,,,,,0xFF01FE,,,,,,,,,,,,,,,,,0xFF01CC,1.0,8,0,82,
3014,2,,,,,,,,,,,,,,,,,0xFF01FE,,,,,,,,,,,,,,,,,0xFF01CC,1.0,8,0,83,
3015,2,,,,,,,,,,,,,,,,,0xFF01FE,,,,,,,,,,,,,,,,,0xFF01CC,1.0,8,0,84,
3016,2,,,,,,,,,,,,,,,,,0xFF01FE,,,,,,,,,,,,,,,,,0xFF01CC,1.0,8,0,85,
3017,2,,,,,,,,,,,,,,,,,0xFF01FE,,,,,,,,,,,,,,,,,0xFF01CC,1.0,8,0,86,
3018,2,,,,,,,,,,,,,,,,,0xFF01FE,,,,,,,,,,,,,,,,,0xFF01CC,1.0,8,0,87,
3019,2,,,,,,,,,,,,,,,,,0xFF01FE,,,,,,,,,,,,,,,,,0xFF01CC,1.0,8,0,88,
3020,2,,,,,,,,,,,,,,,,,0xFF01FE,,,,,,,,,,,,,,,,,0xFF01CC,1.0,8,0,89,
3021,2,,,,,,,,,,,,,,,,,0xFF01FE,,,,,,,,,,,,,,,,,0xFF01CC,1.0,8,0,90,
3022,2,,,,,,,,,,,,,,,,,0xFF01FE,,,,,,,,,,,,,,,,,0xFF01CC,1.0,8,0,91,
3023,2,,,,,,,,,,,,,,,,,0xFF01FE,,,,,,,,,,,,,,,,,0xFF01CC,1.0,8,0,92,
3024,2,,,,,,,,,,,,,,,,,0xFF01FE,,,,,,,,,,,,,,,,,0xFF01CC,1.0,8,0,93,
3025,2,,,,,,,,,,,,,,,,,0xFF01FE,,,,,,,,,,,,,,,,,0xFF01CC,1.0,8,0,94,
3026,2,,,,,,,,,,,,,,,,,0xFF01FE,,,,,,,,,,,,,,,,,0xFF01CC,1.0,8,0,95,
3027,2,,,,,,,,,,,,,,,,,0xFF01FE,,,,,,,,,,,,,,,,,0xFF01CC,1.0,8,0,96,
3028,2,,,,,,,,,,,,,,,,,0xFF01FE,,,,,,,,,,,,,,,,,0xFF01CC,1.0,8,0,97,
3029,2,,,,,,,,,,,,,,,,,0xFF01FE,,,,,,,,,,,,,,,,,0xFF01CC,1.0,8,0,98,
3030,2,,,,,,,,,,,,,,,,,0xFF01FE,,,,,,,,,,,,,,,,,0xFF01CC,1.0,8,0,99,
3031,2,,,,,,,,,,,,,,,,,0xFF01FE,,,,,,,,,,,,,,,,,0xFF01CC,1.0,8,0,100,
3032,2,,,,,,,,,,,,,,,,,0xFF01FE,,,,,,,,,,,,,,,,,0xFF01CC,1.0,8,0,101,
3033,2,,,,,,,,,,,,,,,,,0xFF01FE,,,,,,,,,,,,,,,,,0xFF01CC,1.0,8,0,102,
3034,2,,,,,,,,,,,,,,,,,0xFF01FE,,,,,,,,,,,,,,,,,0xFF01CC,1.0,8,0,103,
3035,2,,,,,,,,,,,,,,,,,0xFF01FE,,,,,,,,,,,,,,,,,0xFF01CC,1.0,8,0,104,
3036,2,,,,,,,,,,,,,,,,,0xFF01FE,,,,,,,,,,,,,,,,,0xFF01CC,1.0,8,0,105,
3037,2,,,,,,,,,,,,,,,,,0xFF01FE,,,,,,,,,,,,,,,,,0xFF01CC,1.0,8,0,106,
3038,2,,,,,,,,,,,,,,,,,0xFF01FE,,,,,,,,,,,,,,,,,0xFF01CC,1.0,8,0,107,
3039,2,,,,,,,,,,,,,,,,,0xFF01FE,,,,,,,,,,,,,,,,,0xFF01CC,1.0,8,0,108,
3040,2,,,,,,,,,,,,,,,,,0xFF01FE,,,,,,,,,,,,,,,,,0xFF01CC,1.0,8,0,109,
3041,2,,,,,,,,,,,,,,,,,0xFF01FE,,,,,,,,,,,,,,,,,0xFF01CC,1.0,8,0,110,
3042,2,,,,,,,,,,,,,,,,,0xFF01FE,,,,,,,,,,,,,,,,,0xFF01CC,1.0,8,0,111,
3043,2,,,,,,,,,,,,,,,,,0xFF01FE,,,,,,,,,,,,,,,,,0xFF01CC,1.0,8,0,112,
3044,2,,,,,,,,,,,,,,,,,0xFF01FE,,,,,,,,,,,,,,,,,0xFF01CC,1.0,8,0,113,
3045,2,,,,,,,,,,,,,,,,,0xFF01FE,,,,,,,,,,,,,,,,,0xFF01CC,1.0,8,0,114,
3046,2,,,,,,,,,,,,,,,,,0xFF01FE,,,,,,,,,,,,,,,,,0xFF01CC,1.0,8,0,115,
3047,2,,,,,,,,,,,,,,,,,0xFF01FE,,,,,,,,,,,,,,,,,0xFF01CC,1.0,8,0,116,
3048,2,,,,,,,,,,,,,,,,,0xFF01FE,,,,,,,,,,,,,,,,,0xFF01CC,1.0,8,0,117,
3049,2,,,,,,,,,,,,,,,,,0xFF01FE,,,,,,,,,,,,,,,,,0xFF01CC,1.0,8,0,118,
3050,2,,,,,,,,,,,,,,,,,0xFF01FE,,,,,,,,,,,,,,,,,0xFF01CC,1.0,8,0,119,
3051,2,,,,,,,,,,,,,,,,,0xFF01FE,,,,,,,,,,,,,,,,,0xFF01CC,1.0,8,0,120,
3052,2,,,,,,,,,,,,,,,,,0xFF01FE,,,,,,,,,,,,,,,,,0xFF01CC,1.0,8,0,121,
3053,2,,,,,,,,,,,,,,,,,0xFF01FE,,,,,,,,,,,,,,,,,0xFF01CC,1.0,8,0,122,
3054,2,,,,,,,,,,,,,,,,,0xFF01FE,,,,,,,,,,,,,,,,,0xFF01CC,1.0,8,0,123,
3055,2,,,,,,,,,,,,,,,,,0xFF01FE,,,,,,,,,,,,,,,,,0xFF01CC,1.0,8,0,124,
3056,2,,,,,,,,,,,,,,,,,0xFF01FE,,,,,,,,,,,,,,,,,0xFF01CC,1.0,8,0,125,
3057,2,,,,,,,,,,,,,,,,,0xFF01FE,,,,,,,,,,,,,,,,,0xFF01CC,1.0,8,0,126,
3058,2,,,,,,,,,,,,,,,,,0xFF01FE,,,,,,,,,,,,,,,,,0xFF01CC,1.0,8,0,127,
3059,2,,,,,,,,,,,,,,,,,0xFF01FE,,,,,,,,,,,,,,,,,0xFF01CC,1.0,8,0,128,
3060,2,,,,,,,,,,,,,,,,,0xFF01FE,,,,,,,,,,,,,,,,,0xFF01CC,1.0,8,0,129,
3061,2,,,,,,,,,,,,,,,,,0xFF01FE,,,,,,,,,,,,,,,,,0xFF01CC,1.0,8,0,130,
3062,2,,,,,,,,,,,,,,,,,0xFF01FE,,,,,,,,,,,,,,,,,0xFF01CC,1.0,8,0,131,
3063,2,,,,,,,,,,,,,,,,,0xFF01FE,,,,,,,,,,,,,,,,,0xFF01CC,1.0,8,0,132,
3064,2,,,,,,,,,,,,,,,,,0xFF01FE,,,,,,,,,,,,,,,,,0xFF01CC,1.0,8,0,133,
3065,2,,,,,,,,,,,,,,,,,0xFF01FE,,,,,,,,,,,,,,,,,0xFF01CC,1.0,8,0,134,
3066,2,,,,,,,,,,,,,,,,,0xFF01FE,,,,,,,,,,,,,,,,,0xFF01CC,1.0,8,0,135,
3067,2,,,,,,,,,,,,,,,,,0xFF01FE,,,,,,,,,,,,,,,,,0xFF01CC,1.0,8,0,136,
3068,2,,,,,,,,,,,,,,,,,0xFF01FE,,,,,,,,,,,,,,,,,0xFF01CC,1.0,8,0,137,
3069,2,,,,,,,,,,,,,,,,,0xFF01FE,,,,,,,,,,,,,,,,,0xFF01CC,1.0,8,0,138,
3070,2,,,,,,,,,,,,,,,,,0xFF01FE,,,,,,,,,,,,,,,,,0xFF01CC,1.0,8,0,139,
3071,2,,,,,,,,,,,,,,,,,0xFF01FE,,,,,,,,,,,,,,,,,0xFF01CC,1.0,8,0,140,
3072,2,,,,,,,,,,,,,,,,,0xFF01FE,,,,,,,,,,,,,,,,,0xFF01CC,1.0,8,0,141,
3073,2,,,,,,,,,,,,,,,,,0xFF01FE,,,,,,,,,,,,,,,,,0xFF01CC,1.0,8,0,142,
3074,2,,,,,,,,,,,,,,,,,0xFF01FE,,,,,,,,,,,,,,,,,0xFF01CC,1.0,8,0,143,
3075,2,,,,,,,,,,,,,,,,,0xFF01FE,,,,,,,,,,,,,,,,,0xFF01CC,1.0,8,0,144,
3076,2,,,,,,,,,,,,,,,,,0xFF01FE,,,,,,,,,,,,,,,,,0xFF01CC,1.0,8,0,145,
3077,2,,,,,,,,,,,,,,,,,0xFF01FE,,,,,,,,,,,,,,,,,0xFF01CC,1.0,8,0,146,
3078,2,,,,,,,,,,,,,,,,,0xFF01FE,,,,,,,,,,,,,,,,,0xFF01CC,1.0,8,0,147,
3079,2,,,,,,,,,,,,,,,,,0xFF01FE,,,,,,,,,,,,,,,,,0xFF01CC,1.0,8,0,148,
3080,2,,,,,,,,,,,,,,,,,0xFF01FE,,,,,,,,,,,,,,,,,0xFF01CC,1.0,8,0,149,
3081,2,,,,,,,,,,,,,,,,,0xFF01FE,,,,,,,,,,,,,,,,,0xFF01CC,1.0,8,0,150,
3082,2,,,,,,,,,,,,,,,,,0xFF01FE,,,,,,,,,,,,,,,,,0xFF01CC,1.0,8,0,151,
3083,2,,,,,,,,,,,,,,,,,0xFF01FE,,,,,,,,,,,,,,,,,0xFF01CC,1.0,8,0,152,
3084,2,,,,,,,,,,,,,,,,,0xFF01FE,,,,,,,,,,,,,,,,,0xFF01CC,1.0,8,0,153,
3085,2,,,,,,,,,,,,,,,,,0xFF01FE,,,,,,,,,,,,,,,,,0xFF01CC,1.0,8,0,154,
3086,2,,,,,,,,,,,,,,,,,0xFF01FE,,,,,,,,,,,,,,,,,0xFF01CC,1.0,8,0,155,
3087,2,,,,,,,,,,,,,,,,,0xFF01FE,,,,,,,,,,,,,,,,,0xFF01CC,1.0,8,0,156,
3088,2,,,,,,,,,,,,,,,,,0xFF01FE,,,,,,,,,,,,,,,,,0xFF01CC,1.0,8,0,157,
3089,2,,,,,,,,,,,,,,,,,0xFF01FE,,,,,,,,,,,,,,,,,0xFF01CC,1.0,8,0,158,
3090,2,,,,,,,,,,,,,,,,,0xFF01FE,,,,,,,,,,,,,,,,,0xFF01CC,1.0,8,0,159,
3091,2,,,,,,,,,,,,,,,,,0xFF01FE,,,,,,,,,,,,,,,,,0xFF01CC,1.0,8,0,160,
3092,2,,,,,,,,,,,,,,,,,0xFF01FE,,,,,,,,,,,,,,,,,0xFF01CC,1.0,8,0,161,
3093,2,,,,,,,,,,,,,,,,,0xFF01FE,,,,,,,,,,,,,,,,,0xFF01CC,1.0,8,0,162,
3094,2,,,,,,,,,,,,,,,,,0xFF01FE,,,,,,,,,,,,,,,,,0xFF01CC,1.0,8,0,163,
3095,2,,,,,,,,,,,,,,,,,0xFF01FE,,,,,,,,,,,,,,,,,0xFF01CC,1.0,8,0,164,
3096,2,,,,,,,,,,,,,,,,,0xFF01FE,,,,,,,,,,,,,,,,,0xFF01CC,1.0,8,0,165,
3097,2,,,,,,,,,,,,,,,,,0xFF01FE,,,,,,,,,,,,,,,,,0xFF01CC,1.0,8,0,166,
3098,2,,,,,,,,,,,,,,,,,0xFF01FE,,,,,,,,,,,,,,,,,0xFF01CC,1.0,8,0,167,
3099,2,,,,,,,,,,,,,,,,,0xFF01FE,,,,,,,,,,,,,,,,,0xFF01CC,1.0,8,0,168,
3100,2,,,,,,,,,,,,,,,,,0xFF01FE,,,,,,,,,,,,,,,,,0xFF01CC,1.0,8,0,169,
3101,2,,,,,,,,,,,,,,,,,0xFF01FE,,,,,,,,,,,,,,,,,0xFF01CC,1.0,8,0,170,
3102,2,,,,,,,,,,,,,,,,,0xFF01FE,,,,,,,,,,,,,,,,,0xFF01CC,1.0,8,0,171,
3103,2,,,,,,,,,,,,,,,,,0xFF01FE,,,,,,,,,,,,,,,,,0xFF01CC,1.0,8,0,172,
3104,2,,,,,,,,,,,,,,,,,0xFF01FE,,,,,,,,,,,,,,,,,0xFF01CC,1.0,8,0,173,
3105,2,,,,,,,,,,,,,,,,,0xFF01FE,,,,,,,,,,,,,,,,,0xFF01CC,1.0,8,0,174,
3106,2,,,,,,,,,,,,,,,,,0xFF01FE,,,,,,,,,,,,,,,,,0xFF01CC,1.0,8,0,175,
3107,2,,,,,,,,,,,,,,,,,0xFF01FE,,,,,,,,,,,,,,,,,0xFF01CC,1.0,8,0,176,
3108,2,,,,,,,,,,,,,,,,,0xFF01FE,,,,,,,,,,,,,,,,,0xFF01CC,1.0,8,0,177,
3109,2,,,,,,,,,,,,,,,,,0xFF01FE,,,,,,,,,,,,,,,,,0xFF01CC,1.0,8,0,178,
3110,2,,,,,,,,,,,,,,,,,0xFF01FE,,,,,,,,,,,,,,,,,0xFF01CC,1.0,8,0,179,
3111,0,,,,,,,,,,,,,,,,,0xFF01FE,,,,,,,,,,,,,,,,,0xFF01CC,1.0,8,1,0,
3112,0,,,,,,,,,,,,,,,,,0xFF01FE,,,,,,,,,,,,,,,,,0xFF01CC,1.0,8,1,1,
3113,0,,,,,,,,,,,,,,,,,0xFF01FE,,,,,,,,,,,,,,,,,0xFF01CC,1.0,8,1,2,
3114,0,,,,,,,,,,,,,,,,,0xFF01FE,,,,,,,,,,,,,,,,,0xFF01CC,1.0,8,1,3,
3115,0,,,,,,,,,,,,,,,,,0xFF01FE,,,,,,,,,,,,,,,,,0xFF01CC,1.0,8,1,4,
3116,0,,,,,,,,,,,,,,,,,0xFF01FE,,,,,,,,,,,,,,,,,0xFEFFCFCD,1.0,8,1,5,
3117,0,,,,,,,,,,,,,,,,,0xFF01FE,,,,,,,,,,,,,,,,,0xFEFFCFCD,1.0,8,1,6,
3118,0,,,,,,,,,,,,,,,,,0xFF01FE,,,,,,,,,,,,,,,,,0xFEFFCFCD,1.0,8,1,7,
3119,0,,,,,,,,,,,,,,,,,0xFF01FE,,,,,,,,,,,,,,,,,0xFEFFCFCD,1.0,8,1,8,
3120,0,,,,,,,,,,,,,,,,,0xFF01FE,,,,,,,,,,,,,,,,,0xFEFFCFCD,1.0,8,1,9,
3121,0,,,,,,,,,,,,,,,,,0xFF01FE,,,,,,,,,,,,,,,,,0xFEFFCFCD,1.0,8,1,10,
3122,0,,,,,,,,,,,,,,,,,0xFF01FE,,,,,,,,,,,,,,,,,0xFEFFCFCD,1.0,8,1,11,
3123,0,,,,,,,,,,,,,,,,,0xFF01FE,,,,,,,,,,,,,,,,,0xFEFFCFCD,1.0,8,1,12,
3124,0,,,,,,,,,,,,,,,,,0xFF01FE,,,,,,,,,,,,,,,,,0xFEFFCFCD,1.0,8,1,13,
3125,0,,,,,,,,,,,,,,,,,0xFF01FE,,,,,,,,,,,,,,,,,0xFEFFCFCD,1.0,8,1,14,
3126,0,,,,,,,,,,,,,,,,,0xFF01FE,,,,,,,,,,,,,,,,,0xFEFFCFCD,1.0,8,1,15,
3127,0,,,,,,,,,,,,,,,,,0xFF01FE,,,,,,,,,,,,,,,,,0xFEFFCFCD,1.0,8,1,16,
3128,2,,,,,,,,,,,,,,,,,0xFF01FE,,,,,,,,,,,,,,,,,0xFF01CC,1.0,8,1,0,
3129,2,,,,,,,,,,,,,,,,,0xFF01FE,,,,,,,,,,,,,,,,,0xFF01CC,1.0,8,1,1,
3130,2,,,,,,,,,,,,,,,,,0xFF01FE,,,,,,,,,,,,,,,,,0xFF01CC,1.0,8,1,2,
3131,2,,,,,,,,,,,,,,,,,0xFF01FE,,,,,,,,,,,,,,,,,0xFF01CC,1.0,8,1,3,
3132,2,,,,,,,,,,,,,,,,,0xFF01FE,,,,,,,,,,,,,,,,,0xFF01CC,1.0,8,1,4,
3133,2,,,,,,,,,,,,,,,,,0xFF01FE,,,,,,,,,,,,,,,,,0xFF01CC,1.0,8,1,5,
3134,2,,,,,,,,,,,,,,,,,0xFF01FE,,,,,,,,,,,,,,,,,0xFF01CC,1.0,8,1,6,
3135,2,,,,,,,,,,,,,,,,,0xFF01FE,,,,,,,,,,,,,,,,,0xFF01CC,1.0,8,1,7,
3136,2,,,,,,,,,,,,,,,,,0xFF01FE,,,,,,,,,,,,,,,,,0xFF01CC,1.0,8,1,8,
3137,2,,,,,,,,,,,,,,,,,0xFF01FE,,,,,,,,,,,,,,,,,0xFF01CC,1.0,8,1,9,
3138,2,,,,,,,,,,,,,,,,,0xFF01FE,,,,,,,,,,,,,,,,,0xFF01CC,1.0,8,1,10,
3139,2,,,,,,,,,,,,,,,,,0xFF01FE,,,,,,,,,,,,,,,,,0xFF01CC,1.0,8,1,11,
3140,2,,,,,,,,,,,,,,,,,0xFF01FE,,,,,,,,,,,,,,,,,0xFF01CC,1.0,8,1,12,
3141,2,,,,,,,,,,,,,,,,,0xFF01FE,,,,,,,,,,,,,,,,,0xFF01CC,1.0,8,1,13,
3142,2,,,,,,,,,,,,,,,,,0xFF01FE,,,,,,,,,,,,,,,,,0xFF01CC,1.0,8,1,14,
3143,2,,,,,,,,,,,,,,,,,0xFF01FE,,,,,,,,,,,,,,,,,0xFF01CC,1.0,8,1,15,
3144,2,,,,,,,,,,,,,,,,,0xFF01FE,,,,,,,,,,,,,,,,,0xFF01CC,1.0,8,1,16,
3145,2,,,,,,,,,,,,,,,,,0xFF01FE,,,,,,,,,,,,,,,,,0xFF01CC,1.0,8,1,17,
3146,2,,,,,,,,,,,,,,,,,0xFF01FE,,,,,,,,,,,,,,,,,0xFF01CC,1.0,8,1,18,
3147,2,,,,,,,,,,,,,,,,,0xFF01FE,,,,,,,,,,,,,,,,,0xFF01CC,1.0,8,1,19,
3148,2,,,,,,,,,,,,,,,,,0xFF01FE,,,,,,,,,,,,,,,,,0xFF01CC,1.0,8,1,20,
3149,2,,,,,,,,,,,,,,,,,0xFF01FE,,,,,,,,,,,,,,,,,0xFF01CC,1.0,8,1,21,
3150,2,,,,,,,,,,,,,,,,,0xFF01FE,,,,,,,,,,,,,,,,,0xFF01CC,1.0,8,1,22,
3151,2,,,,,,,,,,,,,,,,,0xFF01FE,,,,,,,,,,,,,,,,,0xFF01CC,1.0,8,1,23,
3152,2,,,,,,,,,,,,,,,,,0xFF01FE,,,,,,,,,,,,,,,,,0xFF01CC,1.0,8,1,24,
3153,2,,,,,,,,,,,,,,,,,0xFF01FE,,,,,,,,,,,,,,,,,0xFF01CC,1.0,8,1,25,
3154,2,,,,,,,,,,,,,,,,,0xFF01FE,,,,,,,,,,,,,,,,,0xFF01CC,1.0,8,1,26,
3155,2,,,,,,,,,,,,,,,,,0xFF01FE,,,,,,,,,,,,,,,,,0xFF01CC,1.0,8,1,27,
3156,2,,,,,,,,,,,,,,,,,0xFF01FE,,,,,,,,,,,,,,,,,0xFF01CC,1.0,8,1,28,
3157,2,,,,,,,,,,,,,,,,,0xFF01FE,,,,,,,,,,,,,,,,,0xFF01CC,1.0,8,1,29,
3158,2,,,,,,,,,,,,,,,,,0xFF01FE,,,,,,,,,,,,,,,,,0xFF01CC,1.0,8,1,30,
3159,2,,,,,,,,,,,,,,,,,0xFF01FE,,,,,,,,,,,,,,,,,0xFF01CC,1.0,8,1,31,
3160,2,,,,,,,,,,,,,,,,,0xFF01FE,,,,,,,,,,,,,,,,,0xFF01CC,1.0,8,1,32,
3161,2,,,,,,,,,,,,,,,,,0xFF01FE,,,,,,,,,,,,,,,,,0xFF01CC,1.0,8,1,33,
3162,2,,,,,,,,,,,,,,,,,0xFF01FE,,,,,,,,,,,,,,,,,0xFF01CC,1.0,8,1,34,
3163,2,,,,,,,,,,,,,,,,,0xFF01FE,,,,,,,,,,,,,,,,,0xFF01CC,1.0,8,1,35,
3164,2,,,,,,,,,,,,,,,,,0xFF01FE,,,,,,,,,,,,,,,,,0xFF01CC,1.0,8,1,36,
3165,2,,,,,,,,,,,,,,,,,0xFF01FE,,,,,,,,,,,,,,,,,0xFF01CC,1.0,8,1,37,
3166,2,,,,,,,,,,,,,,,,,0xFF01FE,,,,,,,,,,,,,,,,,0xFF01CC,1.0,8,1,38,
3167,2,,,,,,,,,,,,,,,,,0xFF01FE,,,,,,,,,,,,,,,,,0xFF01CC,1.0,8,1,39,
3168,2,,,,,,,,,,,,,,,,,0xFF01FE,,,,,,,,,,,,,,,,,0xFF01CC,1.0,8,1,40,
3169,2,,,,,,,,,,,,,,,,,0xFF01FE,,,,,,,,,,,,,,,,,0xFF01CC,1.0,8,1,41,
3170,2,,,,,,,,,,,,,,,,,0xFF01FE,,,,,,,,,,,,,,,,,0xFF01CC,1.0,8,1,42,
3171,2,,,,,,,,,,,,,,,,,0xFF01FE,,,,,,,,,,,,,,,,,0xFF01CC,1.0,8,1,43,
3172,2,,,,,,,,,,,,,,,,,0xFF01FE,,,,,,,,,,,,,,,,,0xFF01CC,1.0,8,1,44,
3173,2,,,,,,,,,,,,,,,,,0xFF01FE,,,,,,,,,,,,,,,,,0xFF01CC,1.0,8,1,45,
3174,2,,,,,,,,,,,,,,,,,0xFF01FE,,,,,,,,,,,,,,,,,0xFF01CC,1.0,8,1,46,
3175,2,,,,,,,,,,,,,,,,,0xFF01FE,,,,,,,,,,,,,,,,,0xFF01CC,1.0,8,1,47,
3176,2,,,,,,,,,,,,,,,,,0xFF01FE,,,,,,,,,,,,,,,,,0xFF01CC,1.0,8,1,48,
3177,2,,,,,,,,,,,,,,,,,0xFF01FE,,,,,,,,,,,,,,,,,0xFF01CC,1.0,8,1,49,
3178,2,,,,,,,,,,,,,,,,,0xFF01FE,,,,,,,,,,,,,,,,,0xFF01CC,1.0,8,1,50,
3179,2,,,,,,,,,,,,,,,,,0xFF01FE,,,,,,,,,,,,,,,,,0xFF01CC,1.0,8,1,51,
3180,2,,,,,,,,,,,,,,,,,0xFF01FE,,,,,,,,,,,,,,,,,0xFF01CC,1.0,8,1,52,
3181,2,,,,,,,,,,,,,,,,,0xFF01FE,,,,,,,,,,,,,,,,,0xFF01CC,1.0,8,1,53,
3182,2,,,,,,,,,,,,,,,,,0xFF01FE,,,,,,,,,,,,,,,,,0xFF01CC,1.0,8,1,54,
3183,2,,,,,,,,,,,,,,,,,0xFF01FE,,,,,,,,,,,,,,,,,0xFF01CC,1.0,8,1,55,
3184,2,,,,,,,,,,,,,,,,,0xFF01FE,,,,,,,,,,,,,,,,,0xFF01CC,1.0,8,1,56,
3185,2,,,,,,,,,,,,,,,,,0xFF01FE,,,,,,,,,,,,,,,,,0xFF01CC,1.0,8,1,57,
3186,2,,,,,,,,,,,,,,,,,0xFF01FE,,,,,,,,,,,,,,,,,0xFF01CC,1.0,8,1,58,
3187,2,,,,,,,,,,,,,,,,,0xFF01FE,,,,,,,,,,,,,,,,,0xFF01CC,1.0,8,1,59,
3188,2,,,,,,,,,,,,,,,,,0xFF01FE,,,,,,,,,,,,,,,,,0xFF01CC,1.0,8,1,60,
3189,2,,,,,,,,,,,,,,,,,0xFF01FE,,,,,,,,,,,,,,,,,0xFF01CC,1.0,8,1,61,
3190,2,,,,,,,,,,,,,,,,,0xFF01FE,,,,,,,,,,,,,,,,,0xFF01CC,1.0,8,1,62,
3191,2,,,,,,,,,,,,,,,,,0xFF01FE,,,,,,,,,,,,,,,,,0xFF01CC,1.0,8,1,63,
3192,2,,,,,,,,,,,,,,,,,0xFF01FE,,,,,,,,,,,,,,,,,0xFF01CC,1.0,8,1,64,
3193,2,,,,,,,,,,,,,,,,,0xFF01FE,,,,,,,,,,,,,,,,,0xFF01CC,1.0,8,1,65,
3194,2,,,,,,,,,,,,,,,,,0xFF01FE,,,,,,,,,,,,,,,,,0xFF01CC,1.0,8,1,66,
3195,2,,,,,,,,,,,,,,,,,0xFF01FE,,,,,,,,,,,,,,,,,0xFF01CC,1.0,8,1,67,
3196,2,,,,,,,,,,,,,,,,,0xFF01FE,,,,,,,,,,,,,,,,,0xFF01CC,1.0,8,1,68,
3197,2,,,,,,,,,,,,,,,,,0xFF01FE,,,,,,,,,,,,,,,,,0xFF01CC,1.0,8,1,69,
3198,2,,,,,,,,,,,,,,,,,0xFF01FE,,,,,,,,,,,,,,,,,0xFF01CC,1.0,8,1,70,
3199,2,,,,,,,,,,,,,,,,,0xFF01FE,,,,,,,,,,,,,,,,,0xFF01CC,1.0,8,1,71,
3200,2,,,,,,,,,,,,,,,,,0xFF01FE,,,,,,,,,,,,,,,,,0xFF01CC,1.0,8,1,72,
3201,2,,,,,,,,,,,,,,,,,0xFF01FE,,,,,,,,,,,,,,,,,0xFF01CC,1.0,8,1,73,
3202,2,,,,,,,,,,,,,,,,,0xFF01FE,,,,,,,,,,,,,,,,,0xFF01CC,1.0,8,1,74,
3203,2,,,,,,,,,,,,,,,,,0xFF01FE,,,,,,,,,,,,,,,,,0xFF01CC,1.0,8,1,75,
3204,2,,,,,,,,,,,,,,,,,0xFF01FE,,,,,,,,,,,,,,,,,0xFF01CC,1.0,8,1,76,
3205,2,,,,,,,,,,,,,,,,,0xFF01FE,,,,,,,,,,,,,,,,,0xFF01CC,1.0,8,1,77,
3206,2,,,,,,,,,,,,,,,,,0xFF01FE,,,,,,,,,,,,,,,,,0xFF01CC,1.0,8,1,78,
3207,2,,,,,,,,,,,,,,,,,0xFF01FE,,,,,,,,,,,,,,,,,0xFF01CC,1.0,8,1,79,
3208,2,,,,,,,,,,,,,,,,,0xFF01FE,,,,,,,,,,,,,,,,,0xFF01CC,1.0,8,1,80,
3209,2,,,,,,,,,,,,,,,,,0xFF01FE,,,,,,,,,,,,,,,,,0xFF01CC,1.0,8,1,81,
3210,2,,,,,,,,,,,,,,,,,0xFF01FE,,,,,,,,,,,,,,,,,0xFF01CC,1.0,8,1,82,
3211,2,,,,,,,,,,,,,,,,,0xFF01FE,,,,,,,,,,,,,,,,,0xFF01CC,1.0,8,1,83,
3212,2,,,,,,,,,,,,,,,,,0xFF01FE,,,,,,,,,,,,,,,,,0xFF01CC,1.0,8,1,84,
3213,2,,,,,,,,,,,,,,,,,0xFF01FE,,,,,,,,,,,,,,,,,0xFF01CC,1.0,8,1,85,
3214,2,,,,,,,,,,,,,,,,,0xFF01FE,,,,,,,,,,,,,,,,,0xFF01CC,1.0,8,1,86,
3215,2,,,,,,,,,,,,,,,,,0xFF01FE,,,,,,,,,,,,,,,,,0xFF01CC,1.0,8,1,87,
3216,2,,,,,,,,,,,,,,,,,0xFF01FE,,,,,,,,,,,,,,,,,0xFF01CC,1.0,8,1,88,
3217,2,,,,,,,,,,,,,,,,,0xFF01FE,,,,,,,,,,,,,,,,,0xFF01CC,1.0,8,1,89,
3218,2,,,,,,,,,,,,,,,,,0xFF01FE,,,,,,,,,,,,,,,,,0xFF01CC,1.0,8,1,90,
3219,2,,,,,,,,,,,,,,,,,0xFF01FE,,,,,,,,,,,,,,,,,0xFF01CC,1.0,8,1,91,
3220,2,,,,,,,,,,,,,,,,,0xFF01FE,,,,,,,,,,,,,,,,,0xFF01CC,1.0,8,1,92,
3221,2,,,,,,,,,,,,,,,,,0xFF01FE,,,,,,,,,,,,,,,,,0xFF01CC,1.0,8,1,93,
3222,2,,,,,,,,,,,,,,,,,0xFF01FE,,,,,,,,,,,,,,,,,0xFF01CC,1.0,8,1,94,
3223,2,,,,,,,,,,,,,,,,,0xFF01FE,,,,,,,,,,,,,,,,,0xFF01CC,1.0,8,1,95,
3224,2,,,,,,,,,,,,,,,,,0xFF01FE,,,,,,,,,,,,,,,,,0xFF01CC,1.0,8,1,96,
3225,2,,,,,,,,,,,,,,,,,0xFF01FE,,,,,,,,,,,,,,,,,0xFF01CC,1.0,8,1,97,
3226,2,,,,,,,,,,,,,,,,,0xFF01FE,,,,,,,,,,,,,,,,,0xFF01CC,1.0,8,1,98,
3227,2,,,,,,,,,,,,,,,,,0xFF01FE,,,,,,,,,,,,,,,,,0xFF01CC,1.0,8,1,99,
3228,2,,,,,,,,,,,,,,,,,0xFF01FE,,,,,,,,,,,,,,,,,0xFF01CC,1.0,8,1,100,
3229,2,,,,,,,,,,,,,,,,,0xFF01FE,,,,,,,,,,,,,,,,,0xFF01CC,1.0,8,1,101,
3230,2,,,,,,,,,,,,,,,,,0xFF01FE,,,,,,,,,,,,,,,,,0xFF01CC,1.0,8,1,102,
3231,2,,,,,,,,,,,,,,,,,0xFF01FE,,,,,,,,,,,,,,,,,0xFF01CC,1.0,8,1,103,
3232,2,,,,,,,,,,,,,,,,,0xFF01FE,,,,,,,,,,,,,,,,,0xFF01CC,1.0,8,1,104,
3233,2,,,,,,,,,,,,,,,,,0xFF01FE,,,,,,,,,,,,,,,,,0xFF01CC,1.0,8,1,105,
3234,2,,,,,,,,,,,,,,,,,0xFF01FE,,,,,,,,,,,,,,,,,0xFF01CC,1.0,8,1,106,
3235,2,,,,,,,,,,,,,,,,,0xFF01FE,,,,,,,,,,,,,,,,,0xFF01CC,1.0,8,1,107,
3236,2,,,,,,,,,,,,,,,,,0xFF01FE,,,,,,,,,,,,,,,,,0xFF01CC,1.0,8,1,108,
3237,2,,,,,,,,,,,,,,,,,0xFF01FE,,,,,,,,,,,,,,,,,0xFF01CC,1.0,8,1,109,
3238,2,,,,,,,,,,,,,,,,,0xFF01FE,,,,,,,,,,,,,,,,,0xFF01CC,1.0,8,1,110,
3239,2,,,,,,,,,,,,,,,,,0xFF01FE,,,,,,,,,,,,,,,,,0xFF01CC,1.0,8,1,111,
3240,2,,,,,,,,,,,,,,,,,0xFF01FE,,,,,,,,,,,,,,,,,0xFF01CC,1.0,8,1,112,
3241,2,,,,,,,,,,,,,,,,,0xFF01FE,,,,,,,,,,,,,,,,,0xFF01CC,1.0,8,1,113,
3242,2,,,,,,,,,,,,,,,,,0xFF01FE,,,,,,,,,,,,,,,,,0xFF01CC,1.0,8,1,114,
3243,2,,,,,,,,,,,,,,,,,0xFF01FE,,,,,,,,,,,,,,,,,0xFF01CC,1.0,8,1,115,
3244,2,,,,,,,,,,,,,,,,,0xFF01FE,,,,,,,,,,,,,,,,,0xFF01CC,1.0,8,1,116,
3245,2,,,,,,,,,,,,,,,,,0xFF01FE,,,,,,,,,,,,,,,,,0xFF01CC,1.0,8,1,117,
3246,2,,,,,,,,,,,,,,,,,0xFF01FE,,,,,,,,,,,,,,,,,0xFF01CC,1.0,8,1,118,
3247,2,,,,,,,,,,,,,,,,,0xFF01FE,,,,,,,,,,,,,,,,,0xFF01CC,1.0,8,1,119,
3248,2,,,,,,,,,,,,,,,,,0xFF01FE,,,,,,,,,,,,,,,,,0xFF01CC,1.0,8,1,120,
3249,2,,,,,,,,,,,,,,,,,0xFF01FE,,,,,,,,,,,,,,,,,0xFF01CC,1.0,8,1,121,
3250,2,,,,,,,,,,,,,,,,,0xFF01FE,,,,,,,,,,,,,,,,,0xFF01CC,1.0,8,1,122,
3251,2,,,,,,,,,,,,,,,,,0xFF01FE,,,,,,,,,,,,,,,,,0xFF01CC,1.0,8,1,123,
3252,2,,,,,,,,,,,,,,,,,0xFF01FE,,,,,,,,,,,,,,,,,0xFF01CC,1.0,8,1,124,
3253,2,,,,,,,,,,,,,,,,,0xFF01FE,,,,,,,,,,,,,,,,,0xFF01CC,1.0,8,1,125,
3254,2,,,,,,,,,,,,,,,,,0xFF01FE,,,,,,,,,,,,,,,,,0xFF01CC,1.0,8,1,126,
3255,2,,,,,,,,,,,,,,,,,0xFF01FE,,,,,,,,,,,,,,,,,0xFF01CC,1.0,8,1,127,
3256,2,,,,,,,,,,,,,,,,,0xFF01FE,,,,,,,,,,,,,,,,,0xFF01CC,1.0,8,1,128,
3257,2,,,,,,,,,,,,,,,,,0xFF01FE,,,,,,,,,,,,,,,,,0xFF01CC,1.0,8,1,129,
3258,2,,,,,,,,,,,,,,,,,0xFF01FE,,,,,,,,,,,,,,,,,0xFF01CC,1.0,8,1,130,
3259,2,,,,,,,,,,,,,,,,,0xFF01FE,,,,,,,,,,,,,,,,,0xFF01CC,1.0,8,1,131,
3260,2,,,,,,,,,,,,,,,,,0xFF01FE,,,,,,,,,,,,,,,,,0xFF01CC,1.0,8,1,132,
3261,2,,,,,,,,,,,,,,,,,0xFF01FE,,,,,,,,,,,,,,,,,0xFF01CC,1.0,8,1,133,
3262,2,,,,,,,,,,,,,,,,,0xFF01FE,,,,,,,,,,,,,,,,,0xFF01CC,1.0,8,1,134,
3263,2,,,,,,,,,,,,,,,,,0xFF01FE,,,,,,,,,,,,,,,,,0xFF01CC,1.0,8,1,135,
3264,2,,,,,,,,,,,,,,,,,0xFF01FE,,,,,,,,,,,,,,,,,0xFF01CC,1.0,8,1,136,
3265,2,,,,,,,,,,,,,,,,,0xFF01FE,,,,,,,,,,,,,,,,,0xFF01CC,1.0,8,1,137,
3266,2,,,,,,,,,,,,,,,,,0xFF01FE,,,,,,,,,,,,,,,,,0xFF01CC,1.0,8,1,138,
3267,2,,,,,,,,,,,,,,,,,0xFF01FE,,,,,,,,,,,,,,,,,0xFF01CC,1.0,8,1,139,
3268,2,,,,,,,,,,,,,,,,,0xFF01FE,,,,,,,,,,,,,,,,,0xFF01CC,1.0,8,1,140,
3269,2,,,,,,,,,,,,,,,,,0xFF01FE,,,,,,,,,,,,,,,,,0xFF01CC,1.0,8,1,141,
3270,2,,,,,,,,,,,,,,,,,0xFF01FE,,,,,,,,,,,,,,,,,0xFF01CC,1.0,8,1,142,
3271,2,,,,,,,,,,,,,,,,,0xFF01FE,,,,,,,,,,,,,,,,,0xFF01CC,1.0,8,1,143,
3272,2,,,,,,,,,,,,,,,,,0xFF01FE,,,,,,,,,,,,,,,,,0xFF01CC,1.0,8,1,144,
3273,2,,,,,,,,,,,,,,,,,0xFF01FE,,,,,,,,,,,,,,,,,0xFF01CC,1.0,8,1,145,
3274,2,,,,,,,,,,,,,,,,,0xFF01FE,,,,,,,,,,,,,,,,,0xFF01CC,1.0,8,1,146,
3799,0,,,,,,,,,,,,,,,,,0xFF01FE,,,,,,,,,,,,,,,,,0xFF01CC,1.0,10,0,0,
3800,0,,,,,,,,,,,,,,,,,0xFF01FE,,,,,,,,,,,,,,,,,0xFF01CC,1.0,10,0,1,
3801,0,,,,,,,,,,,,,,,,,0xFF01FE,,,,,,,,,,,,,,,,,0xFF01CC,1.0,10,0,2,
3802,0,,,,,,,,,,,,,,,,,0xFF01FE,,,,,,,,,,,,,,,,,0xFF01CC,1.0,10,0,3,
3803,0,,,,,,,,,,,,,,,,,0xFF01FE,,,,,,,,,,,,,,,,,0xFF01CC,1.0,10,0,4,
3804,0,,,,,,,,,,,,,,,,,0xFF01FE,,,,,,,,,,,,,,,,,0xFF01CC,1.0,10,0,5,
3805,0,,,,,,,,,,,,,,,,,0xFF01FE,,,,,,,,,,,,,,,,,0xFF01CC,1.0,10,0,6,
3806,0,,,,,,,,,,,,,,,,,0xFF01FE,,,,,,,,,,,,,,,,,0xFF01CC,1.0,10,0,7,
3807,0,,,,,,,,,,,,,,,,,0xFF01FE,,,,,,,,,,,,,,,,,0xFF01CC,1.0,10,0,8,
3808,0,,,,,,,,,,,,,,,,,0xFF01FE,,,,,,,,,,,,,,,,,0xFF01CC,1.0,10,0,9,
3809,0,,,,,,,,,,,,,,,,,0xFF01FE,,,,,,,,,,,,,,,,,0xFF01CC,1.0,10,0,10,
3810,0,,,,,,,,,,,,,,,,,0xFF01FE,,,,,,,,,,,,,,,,,0xFF01CC,1.0,10,0,11,
3811,0,,,,,,,,,,,,,,,,,0xFF01FE,,,,,,,,,,,,,,,,,0x11FFB7FC,1.0,10,0,12,
3812,0,,,,,,,,,,,,,,,,,0xFF01FE,,,,,,,,,,,,,,,,,0x11FFB7FC,1.0,10,0,13,
3813,0,,,,,,,,,,,,,,,,,0xFF01FE,,,,,,,,,,,,,,,,,0x11FFB7FC,1.0,10,0,14,
3814,0,,,,,,,,,,,,,,,,,0xFF01FE,,,,,,,,,,,,,,,,,0x11FFB7FC,1.0,10,0,15,
3815,0,,,,,,,,,,,,,,,,,0xFF01FE,,,,,,,,,,,,,,,,,0x11FFB7FC,1.0,10,0,16,
3816,0,,,,,,,,,,,,,,,,,0xFF01FE,,,,,,,,,,,,,,,,,0x11FFB7FC,1.0,10,0,17,
3817,0,,,,,,,,,,,,,,,,,0xFF01FE,,,,,,,,,,,,,,,,,0x11FFB7FC,1.0,10,0,18,
3818,0,,,,,,,,,,,,,,,,,0xFF01FE,,,,,,,,,,,,,,,,,0x11FFB7FC,1.0,10,0,19,
3819,0,,,,,,,,,,,,,,,,,0xFF01FE,,,,,,,,,,,,,,,,,0x11FFB7FC,1.0,10,0,20,
3820,2,,,,,,,,,,,,,,,,,0xFF01FE,,,,,,,,,,,,,,,,,0xFF01CC,1.0,10,0,0,
3821,2,,,,,,,,,,,,,,,,,0xFF01FE,,,,,,,,,,,,,,,,,0xFF01CC,1.0,10,0,1,
3822,2,,,,,,,,,,,,,,,,,0xFF01FE,,,,,,,,,,,,,,,,,0xFF01CC,1.0,10,0,2,
3823,2,,,,,,,,,,,,,,,,,0xFF01FE,,,,,,,,,,,,,,,,,0xFF01CC,1.0,10,0,3,
3824,2,,,,,,,,,,,,,,,,,0xFF01FE,,,,,,,,,,,,,,,,,0xFF01CC,1.0,10,0,4,
3825,2,,,,,,,,,,,,,,,,,0xFF01FE,,,,,,,,,,,,,,,,,0xFF01CC,1.0,10,0,5,
3826,2,,,,,,,,,,,,,,,,,0xFF01FE,,,,,,,,,,,,,,,,,0xFF01CC,1.0,10,0,6,
3827,2,,,,,,,,,,,,,,,,,0xFF01FE,,,,,,,,,,,,,,,,,0xFF01CC,1.0,10,0,7,
3828,2,,,,,,,,,,,,,,,,,0xFF01FE,,,,,,,,,,,,,,,,,0xFF01CC,1.0,10,0,8,
3829,2,,,,,,,,,,,,,,,,,0xFF01FE,,,,,,,,,,,,,,,,,0xFF01CC,1.0,10,0,9,
3830,2,,,,,,,,,,,,,,,,,0xFF01FE,,,,,,,,,,,,,,,,,0xFF01CC,1.0,10,0,10,
3831,2,,,,,,,,,,,,,,,,,0xFF01FE,,,,,,,,,,,,,,,,,0xFF01CC,1.0,10,0,11,
3832,2,,,,,,,,,,,,,,,,,0xFF01FE,,,,,,,,,,,,,,,,,0xFF01CC,1.0,10,0,12,
3833,2,,,,,,,,,,,,,,,,,0xFF01FE,,,,,,,,,,,,,,,,,0xFF01CC,1.0,10,0,13,
3834,2,,,,,,,,,,,,,,,,,0xFF01FE,,,,,,,,,,,,,,,,,0xFF01CC,1.0,10,0,14,
3835,2,,,,,,,,,,,,,,,,,0xFF01FE,,,,,,,,,,,,,,,,,0xFF01CC,1.0,10,0,15,
3836,2,,,,,,,,,,,,,,,,,0xFF01FE,,,,,,,,,,,,,,,,,0xFF01CC,1.0,10,0,16,
3837,2,,,,,,,,,,,,,,,,,0xFF01FE,,,,,,,,,,,,,,,,,0xFF01CC,1.0,10,0,17,
3838,2,,,,,,,,,,,,,,,,,0xFF01FE,,,,,,,,,,,,,,,,,0xFF01CC,1.0,10,0,18,
3839,2,,,,,,,,,,,,,,,,,0xFF01FE,,,,,,,,,,,,,,,,,0xFF01CC,1.0,10,0,19,
3840,2,,,,,,,,,,,,,,,,,0xFF01FE,,,,,,,,,,,,,,,,,0xFF01CC,1.0,10,0,20,
3841,2,,,,,,,,,,,,,,,,,0xFF01FE,,,,,,,,,,,,,,,,,0xFF01CC,1.0,10,0,21,
3842,2,,,,,,,,,,,,,,,,,0xFF01FE,,,,,,,,,,,,,,,,,0xFF01CC,1.0,10,0,22,
3843,2,,,,,,,,,,,,,,,,,0xFF01FE,,,,,,,,,,,,,,,,,0xFF01CC,1.0,10,0,23,
3844,2,,,,,,,,,,,,,,,,,0xFF01FE,,,,,,,,,,,,,,,,,0xFF01CC,1.0,10,0,24,
3845,2,,,,,,,,,,,,,,,,,0xFF01FE,,,,,,,,,,,,,,,,,0xFF01CC,1.0,10,0,25,
3846,2,,,,,,,,,,,,,,,,,0xFF01FE,,,,,,,,,,,,,,,,,0xFF01CC,1.0,10,0,26,
3847,2,,,,,,,,,,,,,,,,,0xFF01FE,,,,,,,,,,,,,,,,,0xFF01CC,1.0,10,0,27,
3848,2,,,,,,,,,,,,,,,,,0xFF01FE,,,,,,,,,,,,,,,,,0xFF01CC,1.0,10,0,28,
3849,2,,,,,,,,,,,,,,,,,0xFF01FE,,,,,,,,,,,,,,,,,0xFF01CC,1.0,10,0,29,
3850,2,,,,,,,,,,,,,,,,,0xFF01FE,,,,,,,,,,,,,,,,,0xFF01CC,1.0,10,0,30,
3851,2,,,,,,,,,,,,,,,,,0xFF01FE,,,,,,,,,,,,,,,,,0xFF01CC,1.0,10,0,31,
3852,2,,,,,,,,,,,,,,,,,0xFF01FE,,,,,,,,,,,,,,,,,0xFF01CC,1.0,10,0,32,
3853,2,,,,,,,,,,,,,,,,,0xFF01FE,,,,,,,,,,,,,,,,,0xFF01CC,1.0,10,0,33,
3854,2,,,,,,,,,,,,,,,,,0xFF01FE,,,,,,,,,,,,,,,,,0xFF01CC,1.0,10,0,34,
3855,2,,,,,,,,,,,,,,,,,0xFF01FE,,,,,,,,,,,,,,,,,0xFF01CC,1.0,10,0,35,
3856,2,,,,,,,,,,,,,,,,,0xFF01FE,,,,,,,,,,,,,,,,,0xFF01CC,1.0,10,0,36,
3857,2,,,,,,,,,,,,,,,,,0xFF01FE,,,,,,,,,,,,,,,,,0xFF01CC,1.0,10,0,37,
3858,2,,,,,,,,,,,,,,,,,0xFF01FE,,,,,,,,,,,,,,,,,0xFF01CC,1.0,10,0,38,
3859,0,,,,,,,,,,,,,,,,,0xFF01FE,,,,,,,,,,,,,,,,,0xFF01CC,1.0,10,1,0,
3860,0,,,,,,,,,,,,,,,,,0xFF01FE,,,,,,,,,,,,,,,,,0xFF01CC,1.0,10,1,1,
3861,0,,,,,,,,,,,,,,,,,0xFF01FE,,,,,,,,,,,,,,,,,0xFF01CC,1.0,10,1,2,
3862,0,,,,,,,,,,,,,,,,,0xFF01FE,,,,,,,,,,,,,,,,,0xFF01CC,1.0,10,1,3,
3863,0,,,,,,,,,,,,,,,,,0xFF01FE,,,,,,,,,,,,,,,,,0xFF01CC,1.0,10,1,4,
3864,0,,,,,,,,,,,,,,,,,0xFF01FE,,,,,,,,,,,,,,,,,0xFF01CC,1.0,10,1,5,
3865,0,,,,,,,,,,,,,,,,,0xFF01FE,,,,,,,,,,,,,,,,,0xFF01CC,1.0,10,1,6,
3866,0,,,,,,,,,,,,,,,,,0xFF01FE,,,,,,,,,,,,,,,,,0xFF01CC,1.0,10,1,7,
3867,0,,,,,,,,,,,,,,,,,0xFF01FE,,,,,,,,,,,,,,,,,0xFF01CC,1.0,10,1,8,
3868,0,,,,,,,,,,,,,,,,,0xFF01FE,,,,,,,,,,,,,,,,,0xFF01CC,1.0,10,1,9,
3869,0,,,,,,,,,,,,,,,,,0xFF01FE,,,,,,,,,,,,,,,,,0xFF01CC,1.0,10,1,10,
3870,0,,,,,,,,,,,,,,,,,0xFF01FE,,,,,,,,,,,,,,,,,0xFF01CC,1.0,10,1,11,
3871,0,,,,,,,,,,,,,,,,,0xFF01FE,,,,,,,,,,,,,,,,,0xFF01CC,1.0,10,1,12,
3872,0,,,,,,,,,,,,,,,,,0xFF01FE,,,,,,,,,,,,,,,,,0xFF01CC,1.0,10,1,13,
3873,0,,,,,,,,,,,,,,,,,0xFF01FE,,,,,,,,,,,,,,,,,0x2BFFEDEE,1.0,10,1,14,
3874,0,,,,,,,,,,,,,,,,,0xFF01FE,,,,,,,,,,,,,,,,,0x2BFFEDEE,1.0,10,1,15,
3875,0,,,,,,,,,,,,,,,,,0xFF01FE,,,,,,,,,,,,,,,,,0x2BFFEDEE,1.0,10,1,16,
3876,0,,,,,,,,,,,,,,,,,0xFF01FE,,,,,,,,,,,,,,,,,0x2BFFEDEE,1.0,10,1,17,
3877,0,,,,,,,,,,,,,,,,,0xFF01FE,,,,,,,,,,,,,,,,,0x2BFFEDEE,1.0,10,1,18,
3878,0,,,,,,,,,,,,,,,,,0xFF01FE,,,,,,,,,,,,,,,,,0x2BFFEDEE,1.0,10,1,19,
3879,0,,,,,,,,,,,,,,,,,0xFF01FE,,,,,,,,,,,,,,,,,0x2BFFEDEE,1.0,10,1,20,
3880,0,,,,,,,,,,,,,,,,,0xFF01FE,,,,,,,,,,,,,,,,,0x2BFFEDEE,1.0,10,1,21,
3881,0,,,,,,,,,,,,,,,,,0xFF01FE,,,,,,,,,,,,,,,,,0x2BFFEDEE,1.0,10,1,22,
3882,0,,,,,,,,,,,,,,,,,0xFF01FE,,,,,,,,,,,,,,,,,0x2BFFEDEE,1.0,10,1,23,
3883,2,,,,,,,,,,,,,,,,,0xFF01FE,,,,,,,,,,,,,,,,,0x2BFFEDEE,1.0,10,1,0,
3884,2,,,,,,,,,,,,,,,,,0xFF01FE,,,,,,,,,,,,,,,,,0xFF01CC,1.0,10,1,1,
3885,2,,,,,,,,,,,,,,,,,0xFF01FE,,,,,,,,,,,,,,,,,0xFF01CC,1.0,10,1,2,
3886,2,,,,,,,,,,,,,,,,,0xFF01FE,,,,,,,,,,,,,,,,,0xFF01CC,1.0,10,1,3,
3887,2,,,,,,,,,,,,,,,,,0xFF01FE,,,,,,,,,,,,,,,,,0xFF01CC,1.0,10,1,4,
3888,2,,,,,,,,,,,,,,,,,0xFF01FE,,,,,,,,,,,,,,,,,0xFF01CC,1.0,10,1,5,
3889,2,,,,,,,,,,,,,,,,,0xFF01FE,,,,,,,,,,,,,,,,,0xFF01CC,1.0,10,1,6,
3890,2,,,,,,,,,,,,,,,,,0xFF01FE,,,,,,,,,,,,,,,,,0xFF01CC,1.0,10,1,7,
3891,2,,,,,,,,,,,,,,,,,0xFF01FE,,,,,,,,,,,,,,,,,0xFF01CC,1.0,10,1,8,
3892,2,,,,,,,,,,,,,,,,,0xFF01FE,,,,,,,,,,,,,,,,,0xFF01CC,1.0,10,1,9,
3893,2,,,,,,,,,,,,,,,,,0xFF01FE,,,,,,,,,,,,,,,,,0xFF01CC,1.0,10,1,10,
3894,2,,,,,,,,,,,,,,,,,0xFF01FE,,,,,,,,,,,,,,,,,0xFF01CC,1.0,10,1,11,
3895,2,,,,,,,,,,,,,,,,,0xFF01FE,,,,,,,,,,,,,,,,,0xFF01CC,1.0,10,1,12,
3896,2,,,,,,,,,,,,,,,,,0xFF01FE,,,,,,,,,,,,,,,,,0xFF01CC,1.0,10,1,13,
3897,2,,,,,,,,,,,,,,,,,0xFF01FE,,,,,,,,,,,,,,,,,0xFF01CC,1.0,10,1,14,
3898,2,,,,,,,,,,,,,,,,,0xFF01FE,,,,,,,,,,,,,,,,,0xFF01CC,1.0,10,1,15,
3899,2,,,,,,,,,,,,,,,,,0xFF01FE,,,,,,,,,,,,,,,,,0xFF01CC,1.0,10,1,16,
3900,2,,,,,,,,,,,,,,,,,0xFF01FE,,,,,,,,,,,,,,,,,0xFF01CC,1.0,10,1,17,
3901,2,,,,,,,,,,,,,,,,,0xFF01FE,,,,,,,,,,,,,,,,,0xFF01CC,1.0,10,1,18,
3902,2,,,,,,,,,,,,,,,,,0xFF01FE,,,,,,,,,,,,,,,,,0xFF01CC,1.0,10,1,19,
3903,2,,,,,,,,,,,,,,,,,0xFF01FE,,,,,,,,,,,,,,,,,0xFF01CC,1.0,10,1,20,
3904,2,,,,,,,,,,,,,,,,,0xFF01FE,,,,,,,,,,,,,,,,,0xFF01CC,1.0,10,1,21,
3905,2,,,,,,,,,,,,,,,,,0xFF01FE,,,,,,,,,,,,,,,,,0xFF01CC,1.0,10,1,22,
3906,2,,,,,,,,,,,,,,,,,0xFF01FE,,,,,,,,,,,,,,,,,0xFF01CC,1.0,10,1,23,
3907,2,,,,,,,,,,,,,,,,,0xFF01FE,,,,,,,,,,,,,,,,,0xFF01CC,1.0,10,1,24,
3908,2,,,,,,,,,,,,,,,,,0xFF01FE,,,,,,,,,,,,,,,,,0xFF01CC,1.0,10,1,25,
3909,2,,,,,,,,,,,,,,,,,0xFF01FE,,,,,,,,,,,,,,,,,0xFF01CC,1.0,10,1,26,
3910,2,,,,,,,,,,,,,,,,,0xFF01FE,,,,,,,,,,,,,,,,,0xFF01CC,1.0,10,1,27,
3911,2,,,,,,,,,,,,,,,,,0xFF01FE,,,,,,,,,,,,,,,,,0xFF01CC,1.0,10,1,28,
3912,2,,,,,,,,,,,,,,,,,0xFF01FE,,,,,,,,,,,,,,,,,0xFF01CC,1.0,10,1,29,
3913,2,,,,,,,,,,,,,,,,,0xFF01FE,,,,,,,,,,,,,,,,,0xFF01CC,1.0,10,1,30,
3914,2,,,,,,,,,,,,,,,,,0xFF01FE,,,,,,,,,,,,,,,,,0xFF01CC,1.0,10,1,31,
3915,2,,,,,,,,,,,,,,,,,0xFF01FE,,,,,,,,,,,,,,,,,0xFF01CC,1.0,10,1,32,
3916,2,,,,,,,,,,,,,,,,,0xFF01FE,,,,,,,,,,,,,,,,,0xFF01CC,1.0,10,1,33,
3917,2,,,,,,,,,,,,,,,,,0xFF01FE,,,,,,,,,,,,,,,,,0xFF01CC,1.0,10,1,34,
3918,2,,,,,,,,,,,,,,,,,0xFF01FE,,,,,,,,,,,,,,,,,0xFF01CC,1.0,10,1,35,
3919,2,,,,,,,,,,,,,,,,,0xFF01FE,,,,,,,,,,,,,,,,,0xFF01CC,1.0,10,1,36,
3920,2,,,,,,,,,,,,,,,,,0xFF01FE,,,,,,,,,,,,,,,,,0xFF01CC,1.0,10,1,37,
3921,2,,,,,,,,,,,,,,,,,0xFF01FE,,,,,,,,,,,,,,,,,0xFF01CC,1.0,10,1,38,
3922,2,,,,,,,,,,,,,,,,,0xFF01FE,,,,,,,,,,,,,,,,,0xFF01CC,1.0,10,1,39,
3923,2,,,,,,,,,,,,,,,,,0xFF01FE,,,,,,,,,,,,,,,,,0xFF01CC,1.0,10,1,40,
3924,2,,,,,,,,,,,,,,,,,0xFF01FE,,,,,,,,,,,,,,,,,0xFF01CC,1.0,10,1,41,
3925,2,,,,,,,,,,,,,,,,,0xFF01FE,,,,,,,,,,,,,,,,,0xFF01CC,1.0,10,1,42,
3926,2,,,,,,,,,,,,,,,,,0xFF01FE,,,,,,,,,,,,,,,,,0xFF01CC,1.0,10,1,43,
3927,2,,,,,,,,,,,,,,,,,0xFF01FE,,,,,,,,,,,,,,,,,0xFF01CC,1.0,10,1,44,
3928,2,,,,,,,,,,,,,,,,,0xFF01FE,,,,,,,,,,,,,,,,,0xFF01CC,1.0,10,1,45,
3929,2,,,,,,,,,,,,,,,,,0xFF01FE,,,,,,,,,,,,,,,,,0xFF01CC,1.0,10,1,46,
3930,2,,,,,,,,,,,,,,,,,0xFF01FE,,,,,,,,,,,,,,,,,0xFF01CC,1.0,10,1,47,
3931,2,,,,,,,,,,,,,,,,,0xFF01FE,,,,,,,,,,,,,,,,,0xFF01CC,1.0,10,1,48,
3932,2,,,,,,,,,,,,,,,,,0xFF01FE,,,,,,,,,,,,,,,,,0xFF01CC,1.0,10,1,49,
3933,2,,,,,,,,,,,,,,,,,0xFF01FE,,,,,,,,,,,,,,,,,0xFF01CC,1.0,10,1,50,
3934,2,,,,,,,,,,,,,,,,,0xFF01FE,,,,,,,,,,,,,,,,,0xFF01CC,1.0,10,1,51,
3935,2,,,,,,,,,,,,,,,,,0xFF01FE,,,,,,,,,,,,,,,,,0xFF01CC,1.0,10,1,52,
3936,2,,,,,,,,,,,,,,,,,0xFF01FE,,,,,,,,,,,,,,,,,0xFF01CC,1.0,10,1,53,
3937,2,,,,,,,,,,,,,,,,,0xFF01FE,,,,,,,,,,,,,,,,,0xFF01CC,1.0,10,1,54,
3938,2,,,,,,,,,,,,,,,,,0xFF01FE,,,,,,,,,,,,,,,,,0xFF01CC,1.0,10,1,55,
3939,2,,,,,,,,,,,,,,,,,0xFF01FE,,,,,,,,,,,,,,,,,0xFF01CC,1.0,10,1,56,
3940,2,,,,,,,,,,,,,,,,,0xFF01FE,,,,,,,,,,,,,,,,,0xFF01CC,1.0,10,1,57,
3941,2,,,,,,,,,,,,,,,,,0xFF01FE,,,,,,,,,,,,,,,,,0xFF01CC,1.0,10,1,58,
3942,2,,,,,,,,,,,,,,,,,0xFF01FE,,,,,,,,,,,,,,,,,0xFF01CC,1.0,10,1,59,
3943,2,,,,,,,,,,,,,,,,,0xFF01FE,,,,,,,,,,,,,,,,,0xFF01CC,1.0,10,1,60,
3944,2,,,,,,,,,,,,,,,,,0xFF01FE,,,,,,,,,,,,,,,,,0xFF01CC,1.0,10,1,61,
3945,2,,,,,,,,,,,,,,,,,0xFF01FE,,,,,,,,,,,,,,,,,0xFF01CC,1.0,10,1,62,
3946,2,,,,,,,,,,,,,,,,,0xFF01FE,,,,,,,,,,,,,,,,,0xFF01CC,1.0,10,1,63,
3947,2,,,,,,,,,,,,,,,,,0xFF01FE,,,,,,,,,,,,,,,,,0xFF01CC,1.0,10,1,64,
3948,2,,,,,,,,,,,,,,,,,0xFF01FE,,,,,,,,,,,,,,,,,0xFF01CC,1.0,10,1,65,
3949,2,,,,,,,,,,,,,,,,,0xFF01FE,,,,,,,,,,,,,,,,,0xFF01CC,1.0,10,1,66,
3950,2,,,,,,,,,,,,,,,,,0xFF01FE,,,,,,,,,,,,,,,,,0xFF01CC,1.0,10,1,67,
3951,2,,,,,,,,,,,,,,,,,0xFF01FE,,,,,,,,,,,,,,,,,0xFF01CC,1.0,10,1,68,
3952,2,,,,,,,,,,,,,,,,,0xFF01FE,,,,,,,,,,,,,,,,,0xFF01CC,1.0,10,1,69,
3953,2,,,,,,,,,,,,,,,,,0xFF01FE,,,,,,,,,,,,,,,,,0xFF01CC,1.0,10,1,70,
3954,2,,,,,,,,,,,,,,,,,0xFF01FE,,,,,,,,,,,,,,,,,0xFF01CC,1.0,10,1,71,
3955,2,,,,,,,,,,,,,,,,,0xFF01FE,,,,,,,,,,,,,,,,,0xFF01CC,1.0,10,1,72,
3956,2,,,,,,,,,,,,,,,,,0xFF01FE,,,,,,,,,,,,,,,,,0xFF01CC,1.0,10,1,73,
3957,2,,,,,,,,,,,,,,,,,0xFF01FE,,,,,,,,,,,,,,,,,0xFF01CC,1.0,10,1,74,
3958,2,,,,,,,,,,,,,,,,,0xFF01FE,,,,,,,,,,,,,,,,,0xFF01CC,1.0,10,1,75,
3959,2,,,,,,,,,,,,,,,,,0xFF01FE,,,,,,,,,,,,,,,,,0xFF01CC,1.0,10,1,76,
3960,2,,,,,,,,,,,,,,,,,0xFF01FE,,,,,,,,,,,,,,,,,0xFF01CC,1.0,10,1,77,
3961,2,,,,,,,,,,,,,,,,,0xFF01FE,,,,,,,,,,,,,,,,,0xFF01CC,1.0,10,1,78,
3962,2,,,,,,,,,,,,,,,,,0xFF01FE,,,,,,,,,,,,,,,,,0xFF01CC,1.0,10,1,79,
3963,2,,,,,,,,,,,,,,,,,0xFF01FE,,,,,,,,,,,,,,,,,0xFF01CC,1.0,10,1,80,
3964,2,,,,,,,,,,,,,,,,,0xFF01FE,,,,,,,,,,,,,,,,,0xFF01CC,1.0,10,1,81,
3965,2,,,,,,,,,,,,,,,,,0xFF01FE,,,,,,,,,,,,,,,,,0xFF01CC,1.0,10,1,82,
3966,2,,,,,,,,,,,,,,,,,0xFF01FE,,,,,,,,,,,,,,,,,0xFF01CC,1.0,10,1,83,
3967,2,,,,,,,,,,,,,,,,,0xFF01FE,,,,,,,,,,,,,,,,,0xFF01CC,1.0,10,1,84,
3968,2,,,,,,,,,,,,,,,,,0xFF01FE,,,,,,,,,,,,,,,,,0xFF01CC,1.0,10,1,85,
3969,2,,,,,,,,,,,,,,,,,0xFF01FE,,,,,,,,,,,,,,,,,0xFF01CC,1.0,10,1,86,
3970,2,,,,,,,,,,,,,,,,,0xFF01FE,,,,,,,,,,,,,,,,,0xFF01CC,1.0,10,1,87,
3971,2,,,,,,,,,,,,,,,,,0xFF01FE,,,,,,,,,,,,,,,,,0xFF01CC,1.0,10,1,88,
3972,2,,,,,,,,,,,,,,,,,0xFF01FE,,,,,,,,,,,,,,,,,0xFF01CC,1.0,10,1,89,
3973,2,,,,,,,,,,,,,,,,,0xFF01FE,,,,,,,,,,,,,,,,,0xFF01CC,1.0,10,1,90,
3974,2,,,,,,,,,,,,,,,,,0xFF01FE,,,,,,,,,,,,,,,,,0xFF01CC,1.0,10,1,91,
3975,2,,,,,,,,,,,,,,,,,0xFF01FE,,,,,,,,,,,,,,,,,0xFF01CC,1.0,10,1,92,
3976,2,,,,,,,,,,,,,,,,,0xFF01FE,,,,,,,,,,,,,,,,,0xFF01CC,1.0,10,1,93,
3977,2,,,,,,,,,,,,,,,,,0xFF01FE,,,,,,,,,,,,,,,,,0xFF01CC,1.0,10,1,94,
3978,2,,,,,,,,,,,,,,,,,0xFF01FE,,,,,,,,,,,,,,,,,0xFF01CC,1.0,10,1,95,
3979,2,,,,,,,,,,,,,,,,,0xFF01FE,,,,,,,,,,,,,,,,,0xFF01CC,1.0,10,1,96,
3980,2,,,,,,,,,,,,,,,,,0xFF01FE,,,,,,,,,,,,,,,,,0xFF01CC,1.0,10,1,97,
3981,2,,,,,,,,,,,,,,,,,0xFF01FE,,,,,,,,,,,,,,,,,0xFF01CC,1.0,10,1,98,
3982,2,,,,,,,,,,,,,,,,,0xFF01FE,,,,,,,,,,,,,,,,,0xFF01CC,1.0,10,1,99,
3983,2,,,,,,,,,,,,,,,,,0xFF01FE,,,,,,,,,,,,,,,,,0xFF01CC,1.0,10,1,100,
3984,2,,,,,,,,,,,,,,,,,0xFF01FE,,,,,,,,,,,,,,,,,0xFF01CC,1.0,10,1,101,
3985,2,,,,,,,,,,,,,,,,,0xFF01FE,,,,,,,,,,,,,,,,,0xFF01CC,1.0,10,1,102,
3986,2,,,,,,,,,,,,,,,,,0xFF01FE,,,,,,,,,,,,,,,,,0xFF01CC,1.0,10,1,103,
3987,2,,,,,,,,,,,,,,,,,0xFF01FE,,,,,,,,,,,,,,,,,0xFF01CC,1.0,10,1,104,
3988,2,,,,,,,,,,,,,,,,,0xFF01FE,,,,,,,,,,,,,,,,,0xFF01CC,1.0,10,1,105,
3989,2,,,,,,,,,,,,,,,,,0xFF01FE,,,,,,,,,,,,,,,,,0xFF01CC,1.0,10,1,106,
3990,2,,,,,,,,,,,,,,,,,0xFF01FE,,,,,,,,,,,,,,,,,0xFF01CC,1.0,10,1,107,
3991,2,,,,,,,,,,,,,,,,,0xFF01FE,,,,,,,,,,,,,,,,,0xFF01CC,1.0,10,1,108,
3992,2,,,,,,,,,,,,,,,,,0xFF01FE,,,,,,,,,,,,,,,,,0xFF01CC,1.0,10,1,109,
3993,2,,,,,,,,,,,,,,,,,0xFF01FE,,,,,,,,,,,,,,,,,0xFF01CC,1.0,10,1,110,
3994,2,,,,,,,,,,,,,,,,,0xFF01FE,,,,,,,,,,,,,,,,,0xFF01CC,1.0,10,1,111,
3995,2,,,,,,,,,,,,,,,,,0xFF01FE,,,,,,,,,,,,,,,,,0xFF01CC,1.0,10,1,112,
3996,2,,,,,,,,,,,,,,,,,0xFF01FE,,,,,,,,,,,,,,,,,0xFF01CC,1.0,10,1,113,
3997,2,,,,,,,,,,,,,,,,,0xFF01FE,,,,,,,,,,,,,,,,,0xFF01CC,1.0,10,1,114,
3998,2,,,,,,,,,,,,,,,,,0xFF01FE,,,,,,,,,,,,,,,,,0xFF01CC,1.0,10,1,115,
3999,2,,,,,,,,,,,,,,,,,0xFF01FE,,,,,,,,,,,,,,,,,0xFF01CC,1.0,10,1,116,
4000,2,,,,,,,,,,,,,,,,,0xFF01FE,,,,,,,,,,,,,,,,,0xFF01CC,1.0,10,1,117,
4001,2,,,,,,,,,,,,,,,,,0xFF01FE,,,,,,,,,,,,,,,,,0xFF01CC,1.0,10,1,118,
4002,2,,,,,,,,,,,,,,,,,0xFF01FE,,,,,,,,,,,,,,,,,0xFF01CC,1.0,10,1,119,
4003,2,,,,,,,,,,,,,,,,,0xFF01FE,,,,,,,,,,,,,,,,,0xFF01CC,1.0,10,1,120,
4004,2,,,,,,,,,,,,,,,,,0xFF01FE,,,,,,,,,,,,,,,,,0xFF01CC,1.0,10,1,121,
4005,2,,,,,,,,,,,,,,,,,0xFF01FE,,,,,,,,,,,,,,,,,0xFF01CC,1.0,10,1,122,
4006,2,,,,,,,,,,,,,,,,,0xFF01FE,,,,,,,,,,,,,,,,,0xFF01CC,1.0,10,1,123,
4007,2,,,,,,,,,,,,,,,,,0xFF01FE,,,,,,,,,,,,,,,,,0xFF01CC,1.0,10,1,124,
4008,2,,,,,,,,,,,,,,,,,0xFF01FE,,,,,,,,,,,,,,,,,0xFF01CC,1.0,10,1,125,
4009,2,,,,,,,,,,,,,,,,,0xFF01FE,,,,,,,,,,,,,,,,,0xFF01CC,1.0,10,1,126,
4010,2,,,,,,,,,,,,,,,,,0xFF01FE,,,,,,,,,,,,,,,,,0xFF01CC,1.0,10,1,127,
4011,2,,,,,,,,,,,,,,,,,0xFF01FE,,,,,,,,,,,,,,,,,0xFF01CC,1.0,10,1,128,
4012,2,,,,,,,,,,,,,,,,,0xFF01FE,,,,,,,,,,,,,,,,,0xFF01CC,1.0,10,1,129,
4013,2,,,,,,,,,,,,,,,,,0xFF01FE,,,,,,,,,,,,,,,,,0xFF01CC,1.0,10,1,130,
4014,2,,,,,,,,,,,,,,,,,0xFF01FE,,,,,,,,,,,,,,,,,0xFF01CC,1.0,10,1,131,
4015,2,,,,,,,,,,,,,,,,,0xFF01FE,,,,,,,,,,,,,,,,,0xFF01CC,1.0,10,1,132,
4016,2,,,,,,,,,,,,,,,,,0xFF01FE,,,,,,,,,,,,,,,,,0xFF01CC,1.0,10,1,133,
4017,2,,,,,,,,,,,,,,,,,0xFF01FE,,,,,,,,,,,,,,,,,0xFF01CC,1.0,10,1,134,
4018,2,,,,,,,,,,,,,,,,,0xFF01FE,,,,,,,,,,,,,,,,,0xFF01CC,1.0,10,1,135,
4019,2,,,,,,,,,,,,,,,,,0xFF01FE,,,,,,,,,,,,,,,,,0xFF01CC,1.0,10,1,136,
4020,2,,,,,,,,,,,,,,,,,0xFF01FE,,,,,,,,,,,,,,,,,0xFF01CC,1.0,10,1,137,
4021,2,,,,,,,,,,,,,,,,,0xFF01FE,,,,,,,,,,,,,,,,,0xFF01CC,1.0,10,1,138,
4022,2,,,,,,,,,,,,,,,,,0xFF01FE,,,,,,,,,,,,,,,,,0xFF01CC,1.0,10,1,139,
4023,2,,,,,,,,,,,,,,,,,0xFF01FE,,,,,,,,,,,,,,,,,0xFF01CC,1.0,10,1,140,
4024,2,,,,,,,,,,,,,,,,,0xFF01FE,,,,,,,,,,,,,,,,,0xFF01CC,1.0,10,1,141,
4025,2,,,,,,,,,,,,,,,,,0xFF01FE,,,,,,,,,,,,,,,,,0xFF01CC,1.0,10,1,142,
4026,2,,,,,,,,,,,,,,,,,0xFF01FE,,,,,,,,,,,,,,,,,0xFF01CC,1.0,10,1,143,
4027,2,,,,,,,,,,,,,,,,,0xFF01FE,,,,,,,,,,,,,,,,,0xFF01CC,1.0,10,1,144,
4028,2,,,,,,,,,,,,,,,,,0xFF01FE,,,,,,,,,,,,,,,,,0xFF01CC,1.0,10,1,145,
4029,2,,,,,,,,,,,,,,,,,0xFF01FE,,,,,,,,,,,,,,,,,0xFF01CC,1.0,10,1,146,
4030,2,,,,,,,,,,,,,,,,,0xFF01FE,,,,,,,,,,,,,,,,,0xFF01CC,1.0,10,1,147,
4031,2,,,,,,,,,,,,,,,,,0xFF01FE,,,,,,,,,,,,,,,,,0xFF01CC,1.0,10,1,148,
4032,2,,,,,,,,,,,,,,,,,0xFF01FE,,,,,,,,,,,,,,,,,0xFF01CC,1.0,10,1,149,
4033,2,,,,,,,,,,,,,,,,,0xFF01FE,,,,,,,,,,,,,,,,,0xFF01CC,1.0,10,1,150,
4034,2,,,,,,,,,,,,,,,,,0xFF01FE,,,,,,,,,,,,,,,,,0xFF01CC,1.0,10,1,151,
4035,2,,,,,,,,,,,,,,,,,0xFF01FE,,,,,,,,,,,,,,,,,0xFF01CC,1.0,10,1,152,
4036,2,,,,,,,,,,,,,,,,,0xFF01FE,,,,,,,,,,,,,,,,,0xFF01CC,1.0,10,1,153,
4037,2,,,,,,,,,,,,,,,,,0xFF01FE,,,,,,,,,,,,,,,,,0xFF01CC,1.0,10,1,154,
4038,2,,,,,,,,,,,,,,,,,0xFF01FE,,,,,,,,,,,,,,,,,0xFF01CC,1.0,10,1,155,
4039,2,,,,,,,,,,,,,,,,,0xFF01FE,,,,,,,,,,,,,,,,,0xFF01CC,1.0,10,1,156,
4040,2,,,,,,,,,,,,,,,,,0xFF01FE,,,,,,,,,,,,,,,,,0xFF01CC,1.0,10,1,157,
4041,2,,,,,,,,,,,,,,,,,0xFF01FE,,,,,,,,,,,,,,,,,0xFF01CC,1.0,10,1,158,
4042,2,,,,,,,,,,,,,,,,,0xFF01FE,,,,,,,,,,,,,,,,,0xFF01CC,1.0,10,1,159,
4043,2,,,,,,,,,,,,,,,,,0xFF01FE,,,,,,,,,,,,,,,,,0xFF01CC,1.0,10,1,160,
4044,2,,,,,,,,,,,,,,,,,0xFF01FE,,,,,,,,,,,,,,,,,0xFF01CC,1.0,10,1,161,
4045,2,,,,,,,,,,,,,,,,,0xFF01FE,,,,,,,,,,,,,,,,,0xFF01CC,1.0,10,1,162,
4046,2,,,,,,,,,,,,,,,,,0xFF01FE,,,,,,,,,,,,,,,,,0xFF01CC,1.0,10,1,163,
4047,2,,,,,,,,,,,,,,,,,0xFF01FE,,,,,,,,,,,,,,,,,0xFF01CC,1.0,10,1,164,
4048,2,,,,,,,,,,,,,,,,,0xFF01FE,,,,,,,,,,,,,,,,,0xFF01CC,1.0,10,1,165,
4049,2,,,,,,,,,,,,,,,,,0xFF01FE,,,,,,,,,,,,,,,,,0xFF01CC,1.0,10,1,166,
4050,2,,,,,,,,,,,,,,,,,0xFF01FE,,,,,,,,,,,,,,,,,0xFF01CC,1.0,10,1,167,
4051,0,,,,,,,,,,,,,,,,,0xFF01FE,,,,,,,,,,,,,,,,,0xFF01CC,1.0,11,0,0,
4052,0,,,,,,,,,,,,,,,,,0xFF01FE,,,,,,,,,,,,,,,,,0xFF01CC,1.0,11,0,1,
4053,0,,,,,,,,,,,,,,,,,0xFF01FE,,,,,,,,,,,,,,,,,0xFF01CC,1.0,11,0,2,
4054,0,,,,,,,,,,,,,,,,,0xFF01FE,,,,,,,,,,,,,,,,,0xFF01CC,1.0,11,0,3,
4055,0,,,,,,,,,,,,,,,,,0xFF01FE,,,,,,,,,,,,,,,,,0xFF01CC,1.0,11,0,4,
4056,0,,,,,,,,,,,,,,,,,0xFF01FE,,,,,,,,,,,,,,,,,0xFF01CC,1.0,11,0,5,
4057,0,,,,,,,,,,,,,,,,,0xFF01FE,,,,,,,,,,,,,,,,,0xFF01CC,1.0,11,0,6,
4058,0,,,,,,,,,,,,,,,,,0xFF01FE,,,,,,,,,,,,,,,,,0xFF01CC,1.0,11,0,7,
4059,0,,,,,,,,,,,,,,,,,0xFF01FE,,,,,,,,,,,,,,,,,0xFF01CC,1.0,11,0,8,
4060,0,,,,,,,,,,,,,,,,,0xFF01FE,,,,,,,,,,,,,,,,,0xFF01CC,1.0,11,0,9,
4061,0,,,,,,,,,,,,,,,,,0xFF01FE,,,,,,,,,,,,,,,,,0xFF01CC,1.0,11,0,10,
4062,0,,,,,,,,,,,,,,,,,0xFF01FE,,,,,,,,,,,,,,,,,0xFF01CC,1.0,11,0,11,
4063,0,,,,,,,,,,,,,,,,,0xFF01FE,,,,,,,,,,,,,,,,,0xFF01CC,1.0,11,0,12,
4064,0,,,,,,,,,,,,,,,,,0xFF01FE,,,,,,,,,,,,,,,,,0xFF01CC,1.0,11,0,13,
4065,0,,,,,,,,,,,,,,,,,0xFF01FE,,,,,,,,,,,,,,,,,0xFF01CC,1.0,11,0,14,
4066,0,,,,,,,,,,,,,,,,,0xFF01FE,,,,,,,,,,,,,,,,,0xFF01CC,1.0,11,0,15,
4067,0,,,,,,,,,,,,,,,,,0xFF01FE,,,,,,,,,,,,,,,,,0xFF01CC,1.0,11,0,16,
4068,0,,,,,,,,,,,,,,,,,0xFF01FE,,,,,,,,,,,,,,,,,0xFF01CC,1.0,11,0,17,
4069,0,,,,,,,,,,,,,,,,,0xFF01FE,,,,,,,,,,,,,,,,,0xFF01CC,1.0,11,0,18,
4070,0,,,,,,,,,,,,,,,,,0xFF01FE,,,,,,,,,,,,,,,,,0xFF01CC,1.0,11,0,19,
4071,0,,,,,,,,,,,,,,,,,0xFF01FE,,,,,,,,,,,,,,,,,0xFF01CC,1.0,11,0,20,
4072,0,,,,,,,,,,,,,,,,,0xFF01FE,,,,,,,,,,,,,,,,,0xFF01CC,1.0,11,0,21,
4073,0,,,,,,,,,,,,,,,,,0xFF01FE,,,,,,,,,,,,,,,,,0xFF01CC,1.0,11,0,22,
4074,0,,,,,,,,,,,,,,,,,0xFF01FE,,,,,,,,,,,,,,,,,0xFF01CC,1.0,11,0,23,
4075,1,,,,,,,,,,,,,,,,,0xFF01FE,,,,,,,,,,,,,,,,,0xFF01CC,1.0,11,0,0,
4076,1,,,,,,,,,,,,,,,,,0xFF01FE,,,,,,,,,,,,,,,,,0xFF01CC,1.0,11,0,1,
4077,1,,,,,,,,,,,,,,,,,0xFF01FE,,,,,,,,,,,,,,,,,0xFF01CC,1.0,11,0,2,
4078,1,,,,,,,,,,,,,,,,,0xFF01FE,,,,,,,,,,,,,,,,,0xFF01CC,1.0,11,0,3,
4079,1,,,,,,,,,,,,,,,,,0xFF01FE,,,,,,,,,,,,,,,,,0xFF01CC,1.0,11,0,4,
4080,1,,,,,,,,,,,,,,,,,0xFF01FE,,,,,,,,,,,,,,,,,0xFF01CC,1.0,11,0,5,
4081,1,,,,,,,,,,,,,,,,,0xFF01FE,,,,,,,,,,,,,,,,,0xFF01CC,1.0,11,0,6,
4082,1,,,,,,,,,,,,,,,,,0xFF01FE,,,,,,,,,,,,,,,,,0xFF01CC,1.0,11,0,7,
4083,1,,,,,,,,,,,,,,,,,0xFF01FE,,,,,,,,,,,,,,,,,0xFF01CC,1.0,11,0,8,
4084,1,,,,,,,,,,,,,,,,,0xFF01FE,,,,,,,,,,,,,,,,,0xFF01CC,1.0,11,0,9,
4085,1,,,,,,,,,,,,,,,,,0xFF01FE,,,,,,,,,,,,,,,,,0xFF01CC,1.0,11,0,10,
4086,1,,,,,,,,,,,,,,,,,0xFF01FE,,,,,,,,,,,,,,,,,0xFF01CC,1.0,11,0,11,
4087,1,,,,,,,,,,,,,,,,,0xFF01FE,,,,,,,,,,,,,,,,,0xFF01CC,1.0,11,0,12,
4088,1,,,,,,,,,,,,,,,,,0xFF01FE,,,,,,,,,,,,,,,,,0xFF01CC,1.0,11,0,13,
4089,1,,,,,,,,,,,,,,,,,0xFF01FE,,,,,,,,,,,,,,,,,0xFF01CC,1.0,11,0,14,
4090,1,,,,,,,,,,,,,,,,,0xFF01FE,,,,,,,,,,,,,,,,,0xFF01CC,1.0,11,0,15,
4091,1,,,,,,,,,,,,,,,,,0xFF01FE,,,,,,,,,,,,,,,,,0xFF01CC,1.0,11,0,16,
4092,1,,,,,,,,,,,,,,,,,0xFF01FE,,,,,,,,,,,,,,,,,0xFF01CC,1.0,11,0,17,
4093,1,,,,,,,,,,,,,,,,,0xFF01FE,,,,,,,,,,,,,,,,,0xFF01CC,1.0,11,0,18,
4094,1,,,,,,,,,,,,,,,,,0xFF01FE,,,,,,,,,,,,,,,,,0xFF01CC,1.0,11,0,19,
4095,1,,,,,,,,,,,,,,,,,0xFF01FE,,,,,,,,,,,,,,,,,0xFF01CC,1.0,11,0,20,
4096,1,,,,,,,,,,,,,,,,,0xFF01FE,,,,,,,,,,,,,,,,,0xFF01CC,1.0,11,0,21,
4097,1,,,,,,,,,,,,,,,,,0xFF01FE,,,,,,,,,,,,,,,,,0xFF01CC,1.0,11,0,22,
4098,1,,,,,,,,,,,,,,,,,0xFF01FE,,,,,,,,,,,,,,,,,0xFF01CC,1.0,11,0,23,
4099,1,,,,,,,,,,,,,,,,,0xFF01FE,,,,,,,,,,,,,,,,,0xFF01CC,1.0,11,0,24,
4100,1,,,,,,,,,,,,,,,,,0xFF01FE,,,,,,,,,,,,,,,,,0xFF01CC,1.0,11,0,25,
4101,1,,,,,,,,,,,,,,,,,0xFF01FE,,,,,,,,,,,,,,,,,0xFF01CC,1.0,11,0,26,
4102,1,,,,,,,,,,,,,,,,,0xFF01FE,,,,,,,,,,,,,,,,,0xFF01CC,1.0,11,0,27,
4103,1,,,,,,,,,,,,,,,,,0xFF01FE,,,,,,,,,,,,,,,,,0xFF01CC,1.0,11,0,28,
4104,1,,,,,,,,,,,,,,,,,0xFF01FE,,,,,,,,,,,,,,,,,0xFF01CC,1.0,11,0,29,
4105,1,,,,,,,,,,,,,,,,,0xFF01FE,,,,,,,,,,,,,,,,,0xFF01CC,1.0,11,0,30,
4106,1,,,,,,,,,,,,,,,,,0xFF01FE,,,,,,,,,,,,,,,,,0xFF01CC,1.0,11,0,31,
4107,1,,,,,,,,,,,,,,,,,0xFF01FE,,,,,,,,,,,,,,,,,0xFF01CC,1.0,11,0,32,
4108,1,,,,,,,,,,,,,,,,,0xFF01FE,,,,,,,,,,,,,,,,,0xFF01CC,1.0,11,0,33,
4109,1,,,,,,,,,,,,,,,,,0xFF01FE,,,,,,,,,,,,,,,,,0xFF01CC,1.0,11,0,34,
4110,1,,,,,,,,,,,,,,,,,0xFF01FE,,,,,,,,,,,,,,,,,0xFF01CC,1.0,11,0,35,
4111,1,,,,,,,,,,,,,,,,,0xFF01FE,,,,,,,,,,,,,,,,,0xFF01CC,1.0,11,0,36,
4112,1,,,,,,,,,,,,,,,,,0xFF01FE,,,,,,,,,,,,,,,,,0xFF01CC,1.0,11,0,37,
4113,1,,,,,,,,,,,,,,,,,0xFF01FE,,,,,,,,,,,,,,,,,0xFF01CC,1.0,11,0,38,
4114,1,,,,,,,,,,,,,,,,,0xFF01FE,,,,,,,,,,,,,,,,,0xFF01CC,1.0,11,0,39,
4115,1,,,,,,,,,,,,,,,,,0xFF01FE,,,,,,,,,,,,,,,,,0xFF01CC,1.0,11,0,40,
4116,1,,,,,,,,,,,,,,,,,0xFF01FE,,,,,,,,,,,,,,,,,0xFF01CC,1.0,11,0,41,
4117,1,,,,,,,,,,,,,,,,,0xFF01FE,,,,,,,,,,,,,,,,,0xFF01CC,1.0,11,0,42,
4118,1,,,,,,,,,,,,,,,,,0xFF01FE,,,,,,,,,,,,,,,,,0xFF01CC,1.0,11,0,43,
4119,1,,,,,,,,,,,,,,,,,0xFF01FE,,,,,,,,,,,,,,,,,0xFF01CC,1.0,11,0,44,
4120,1,,,,,,,,,,,,,,,,,0xFF01FE,,,,,,,,,,,,,,,,,0xFF01CC,1.0,11,0,45,
4121,1,,,,,,,,,,,,,,,,,0xFF01FE,,,,,,,,,,,,,,,,,0xFF01CC,1.0,11,0,46,
4122,1,,,,,,,,,,,,,,,,,0xFF01FE,,,,,,,,,,,,,,,,,0xFF01CC,1.0,11,0,47,
4123,1,,,,,,,,,,,,,,,,,0xFF01FE,,,,,,,,,,,,,,,,,0xFF01CC,1.0,11,0,48,
4124,1,,,,,,,,,,,,,,,,,0xFF01FE,,,,,,,,,,,,,,,,,0xFF01CC,1.0,11,0,49,
4125,1,,,,,,,,,,,,,,,,,0xFF01FE,,,,,,,,,,,,,,,,,0xFF01CC,1.0,11,0,50,
4126,1,,,,,,,,,,,,,,,,,0xFF01FE,,,,,,,,,,,,,,,,,0xFF01CC,1.0,11,0,51,
4127,1,,,,,,,,,,,,,,,,,0xFF01FE,,,,,,,,,,,,,,,,,0xFF01CC,1.0,11,0,52,
4128,1,,,,,,,,,,,,,,,,,0xFF01FE,,,,,,,,,,,,,,,,,0xFF01CC,1.0,11,0,53,
4129,1,,,,,,,,,,,,,,,,,0xFF01FE,,,,,,,,,,,,,,,,,0xFF01CC,1.0,11,0,54,
4130,1,,,,,,,,,,,,,,,,,0xFF01FE,,,,,,,,,,,,,,,,,0xFF01CC,1.0,11,0,55,
4131,1,,,,,,,,,,,,,,,,,0xFF01FE,,,,,,,,,,,,,,,,,0xFF01CC,1.0,11,0,56,
4132,1,,,,,,,,,,,,,,,,,0xFF01FE,,,,,,,,,,,,,,,,,0xFF01CC,1.0,11,0,57,
4133,1,,,,,,,,,,,,,,,,,0xFF01FE,,,,,,,,,,,,,,,,,0xFF01CC,1.0,11,0,58,
4134,1,,,,,,,,,,,,,,,,,0xFF01FE,,,,,,,,,,,,,,,,,0xFF01CC,1.0,11,0,59,
4135,1,,,,,,,,,,,,,,,,,0xFF01FE,,,,,,,,,,,,,,,,,0xFF01CC,1.0,11,0,60,
4136,1,,,,,,,,,,,,,,,,,0xFF01FE,,,,,,,,,,,,,,,,,0xFF01CC,1.0,11,0,61,
4137,1,,,,,,,,,,,,,,,,,0xFF01FE,,,,,,,,,,,,,,,,,0xFF01CC,1.0,11,0,62,
4138,1,,,,,,,,,,,,,,,,,0xFF01FE,,,,,,,,,,,,,,,,,0xFF01CC,1.0,11,0,63,
4139,1,,,,,,,,,,,,,,,,,0xFF01FE,,,,,,,,,,,,,,,,,0xFF01CC,1.0,11,0,64,
4140,1,,,,,,,,,,,,,,,,,0xFF01FE,,,,,,,,,,,,,,,,,0xFF01CC,1.0,11,0,65,
4141,1,,,,,,,,,,,,,,,,,0xFF01FE,,,,,,,,,,,,,,,,,0xFF01CC,1.0,11,0,66,
4142,1,,,,,,,,,,,,,,,,,0xFF01FE,,,,,,,,,,,,,,,,,0xFF01CC,1.0,11,0,67,
4143,1,,,,,,,,,,,,,,,,,0xFF01FE,,,,,,,,,,,,,,,,,0xFF01CC,1.0,11,0,68,
4144,1,,,,,,,,,,,,,,,,,0xFF01FE,,,,,,,,,,,,,,,,,0xFF01CC,1.0,11,0,69,
4145,1,,,,,,,,,,,,,,,,,0xFF01FE,,,,,,,,,,,,,,,,,0xFF01CC,1.0,11,0,70,
4146,1,,,,,,,,,,,,,,,,,0xFF01FE,,,,,,,,,,,,,,,,,0xFF01CC,1.0,11,0,71,
4147,1,,,,,,,,,,,,,,,,,0xFF01FE,,,,,,,,,,,,,,,,,0xFF01CC,1.0,11,0,72,
4148,1,,,,,,,,,,,,,,,,,0xFF01FE,,,,,,,,,,,,,,,,,0xFF01CC,1.0,11,0,73,
4149,1,,,,,,,,,,,,,,,,,0xFF01FE,,,,,,,,,,,,,,,,,0xFF01CC,1.0,11,0,74,
4150,1,,,,,,,,,,,,,,,,,0xFF01FE,,,,,,,,,,,,,,,,,0xFF01CC,1.0,11,0,75,
4151,1,,,,,,,,,,,,,,,,,0xFF01FE,,,,,,,,,,,,,,,,,0xFF01CC,1.0,11,0,76,
4152,1,,,,,,,,,,,,,,,,,0xFF01FE,,,,,,,,,,,,,,,,,0xFF01CC,1.0,11,0,77,
4153,1,,,,,,,,,,,,,,,,,0xFF01FE,,,,,,,,,,,,,,,,,0xFF01CC,1.0,11,0,78,
4154,1,,,,,,,,,,,,,,,,,0xFF01FE,,,,,,,,,,,,,,,,,0xFF01CC,1.0,11,0,79,
4155,1,,,,,,,,,,,,,,,,,0xFF01FE,,,,,,,,,,,,,,,,,0xFF01CC,1.0,11,0,80,
4156,1,,,,,,,,,,,,,,,,,0xFF01FE,,,,,,,,,,,,,,,,,0xFF01CC,1.0,11,0,81,
4157,1,,,,,,,,,,,,,,,,,0xFF01FE,,,,,,,,,,,,,,,,,0xFF01CC,1.0,11,0,82,
4158,1,,,,,,,,,,,,,,,,,0xFF01FE,,,,,,,,,,,,,,,,,0xFF01CC,1.0,11,0,83,
4159,1,,,,,,,,,,,,,,,,,0xFF01FE,,,,,,,,,,,,,,,,,0xFF01CC,1.0,11,0,84,
4160,1,,,,,,,,,,,,,,,,,0xFF01FE,,,,,,,,,,,,,,,,,0xFF01CC,1.0,11,0,85,
4161,1,,,,,,,,,,,,,,,,,0xFF01FE,,,,,,,,,,,,,,,,,0xFF01CC,1.0,11,0,86,
4162,1,,,,,,,,,,,,,,,,,0xFF01FE,,,,,,,,,,,,,,,,,0xFF01CC,1.0,11,0,87,
4163,1,,,,,,,,,,,,,,,,,0xFF01FE,,,,,,,,,,,,,,,,,0xFF01CC,1.0,11,0,88,
4164,1,,,,,,,,,,,,,,,,,0xFF01FE,,,,,,,,,,,,,,,,,0xFF01CC,1.0,11,0,89,
4165,1,,,,,,,,,,,,,,,,,0xFF01FE,,,,,,,,,,,,,,,,,0xFF01CC,1.0,11,0,90,
4166,1,,,,,,,,,,,,,,,,,0xFF01FE,,,,,,,,,,,,,,,,,0xFF01CC,1.0,11,0,91,
4167,1,,,,,,,,,,,,,,,,,0xFF01FE,,,,,,,,,,,,,,,,,0xFF01CC,1.0,11,0,92,
4168,1,,,,,,,,,,,,,,,,,0xFF01FE,,,,,,,,,,,,,,,,,0xFF01CC,1.0,11,0,93,
4169,1,,,,,,,,,,,,,,,,,0xFF01FE,,,,,,,,,,,,,,,,,0xFF01CC,1.0,11,0,94,
4170,1,,,,,,,,,,,,,,,,,0xFF01FE,,,,,,,,,,,,,,,,,0xFF01CC,1.0,11,0,95,
4171,1,,,,,,,,,,,,,,,,,0xFF01FE,,,,,,,,,,,,,,,,,0xFF01CC,1.0,11,0,96,
4172,1,,,,,,,,,,,,,,,,,0xFF01FE,,,,,,,,,,,,,,,,,0xFF01CC,1.0,11,0,97,
4173,1,,,,,,,,,,,,,,,,,0xFF01FE,,,,,,,,,,,,,,,,,0xFF01CC,1.0,11,0,98,
4174,1,,,,,,,,,,,,,,,,,0xFF01FE,,,,,,,,,,,,,,,,,0xFF01CC,1.0,11,0,99,
4175,1,,,,,,,,,,,,,,,,,0xFF01FE,,,,,,,,,,,,,,,,,0xFF01CC,1.0,11,0,100,
4176,1,,,,,,,,,,,,,,,,,0xFF01FE,,,,,,,,,,,,,,,,,0xFF01CC,1.0,11,0,101,
4177,1,,,,,,,,,,,,,,,,,0xFF01FE,,,,,,,,,,,,,,,,,0xFF01CC,1.0,11,0,102,
4178,1,,,,,,,,,,,,,,,,,0xFF01FE,,,,,,,,,,,,,,,,,0xFF01CC,1.0,11,0,103,
4179,1,,,,,,,,,,,,,,,,,0xFF01FE,,,,,,,,,,,,,,,,,0xFF01CC,1.0,11,0,104,
4180,1,,,,,,,,,,,,,,,,,0xFF01FE,,,,,,,,,,,,,,,,,0xFF01CC,1.0,11,0,105,
4181,1,,,,,,,,,,,,,,,,,0xFF01FE,,,,,,,,,,,,,,,,,0xFF01CC,1.0,11,0,106,
4182,1,,,,,,,,,,,,,,,,,0xFF01FE,,,,,,,,,,,,,,,,,0xFF01CC,1.0,11,0,107,
4183,1,,,,,,,,,,,,,,,,,0xFF01FE,,,,,,,,,,,,,,,,,0xFF01CC,1.0,11,0,108,
4184,1,,,,,,,,,,,,,,,,,0xFF01FE,,,,,,,,,,,,,,,,,0xFF01CC,1.0,11,0,109,
4185,1,,,,,,,,,,,,,,,,,0xFF01FE,,,,,,,,,,,,,,,,,0xFF01CC,1.0,11,0,110,
4186,1,,,,,,,,,,,,,,,,,0xFF01FE,,,,,,,,,,,,,,,,,0xFF01CC,1.0,11,0,111,
4187,1,,,,,,,,,,,,,,,,,0xFF01FE,,,,,,,,,,,,,,,,,0xFF01CC,1.0,11,0,112,
4188,1,,,,,,,,,,,,,,,,,0xFF01FE,,,,,,,,,,,,,,,,,0xFF01CC,1.0,11,0,113,
4189,1,,,,,,,,,,,,,,,,,0xFF01FE,,,,,,,,,,,,,,,,,0xFF01CC,1.0,11,0,114,
4190,1,,,,,,,,,,,,,,,,,0xFF01FE,,,,,,,,,,,,,,,,,0xFF01CC,1.0,11,0,115,
4191,1,,,,,,,,,,,,,,,,,0xFF01FE,,,,,,,,,,,,,,,,,0xFF01CC,1.0,11,0,116,
4192,1,,,,,,,,,,,,,,,,,0xFF01FE,,,,,,,,,,,,,,,,,0xFF01CC,1.0,11,0,117,
4193,1,,,,,,,,,,,,,,,,,0xFF01FE,,,,,,,,,,,,,,,,,0xFF01CC,1.0,11,0,118,
4194,1,,,,,,,,,,,,,,,,,0xFF01FE,,,,,,,,,,,,,,,,,0xFF01CC,1.0,11,0,119,
4195,1,,,,,,,,,,,,,,,,,0xFF01FE,,,,,,,,,,,,,,,,,0xFF01CC,1.0,11,0,120,
4196,1,,,,,,,,,,,,,,,,,0xFF01FE,,,,,,,,,,,,,,,,,0xFF01CC,1.0,11,0,121,
4197,1,,,,,,,,,,,,,,,,,0xFF01FE,,,,,,,,,,,,,,,,,0xFF01CC,1.0,11,0,122,
4198,1,,,,,,,,,,,,,,,,,0xFF01FE,,,,,,,,,,,,,,,,,0xFF01CC,1.0,11,0,123,
4199,1,,,,,,,,,,,,,,,,,0xFF01FE,,,,,,,,,,,,,,,,,0xFF01CC,1.0,11,0,124,
4200,1,,,,,,,,,,,,,,,,,0xFF01FE,,,,,,,,,,,,,,,,,0xFF01CC,1.0,11,0,125,
4201,1,,,,,,,,,,,,,,,,,0xFF01FE,,,,,,,,,,,,,,,,,0xFF01CC,1.0,11,0,126,
4202,1,,,,,,,,,,,,,,,,,0xFF01FE,,,,,,,,,,,,,,,,,0xFF01CC,1.0,11,0,127,
4203,1,,,,,,,,,,,,,,,,,0xFF01FE,,,,,,,,,,,,,,,,,0xFF01CC,1.0,11,0,128,
4204,1,,,,,,,,,,,,,,,,,0xFF01FE,,,,,,,,,,,,,,,,,0xFF01CC,1.0,11,0,129,
4205,1,,,,,,,,,,,,,,,,,0xFF01FE,,,,,,,,,,,,,,,,,0xFF01CC,1.0,11,0,130,
4206,1,,,,,,,,,,,,,,,,,0xFF01FE,,,,,,,,,,,,,,,,,0xFF01CC,1.0,11,0,131,
4207,1,,,,,,,,,,,,,,,,,0xFF01FE,,,,,,,,,,,,,,,,,0xFF01CC,1.0,11,0,132,
4208,1,,,,,,,,,,,,,,,,,0xFF01FE,,,,,,,,,,,,,,,,,0xFF01CC,1.0,11,0,133,
4209,1,,,,,,,,,,,,,,,,,0xFF01FE,,,,,,,,,,,,,,,,,0xFF01CC,1.0,11,0,134,
4210,1,,,,,,,,,,,,,,,,,0xFF01FE,,,,,,,,,,,,,,,,,0xFF01CC,1.0,11,0,135,
4211,1,,,,,,,,,,,,,,,,,0xFF01FE,,,,,,,,,,,,,,,,,0xFF01CC,1.0,11,0,136,
4212,1,,,,,,,,,,,,,,,,,0xFF01FE,,,,,,,,,,,,,,,,,0xFF01CC,1.0,11,0,137,
4213,1,,,,,,,,,,,,,,,,,0xFF01FE,,,,,,,,,,,,,,,,,0xFF01CC,1.0,11,0,138,
4214,1,,,,,,,,,,,,,,,,,0xFF01FE,,,,,,,,,,,,,,,,,0xFF01CC,1.0,11,0,139,
4215,1,,,,,,,,,,,,,,,,,0xFF01FE,,,,,,,,,,,,,,,,,0xFF01CC,1.0,11,0,140,
4216,1,,,,,,,,,,,,,,,,,0xFF01FE,,,,,,,,,,,,,,,,,0xFF01CC,1.0,11,0,141,
4217,1,,,,,,,,,,,,,,,,,0xFF01FE,,,,,,,,,,,,,,,,,0xFF01CC,1.0,11,0,142,
4218,1,,,,,,,,,,,,,,,,,0xFF01FE,,,,,,,,,,,,,,,,,0xFF01CC,1.0,11,0,143,
4219,1,,,,,,,,,,,,,,,,,0xFF01FE,,,,,,,,,,,,,,,,,0xFF01CC,1.0,11,0,144,
4220,1,,,,,,,,,,,,,,,,,0xFF01FE,,,,,,,,,,,,,,,,,0xFF01CC,1.0,11,0,145,
4221,1,,,,,,,,,,,,,,,,,0xFF01FE,,,,,,,,,,,,,,,,,0xFF01CC,1.0,11,0,146,
4222,1,,,,,,,,,,,,,,,,,0xFF01FE,,,,,,,,,,,,,,,,,0xFF01CC,1.0,11,0,147,
4223,1,,,,,,,,,,,,,,,,,0xFF01FE,,,,,,,,,,,,,,,,,0xFF01CC,1.0,11,0,148,
4224,1,,,,,,,,,,,,,,,,,0xFF01FE,,,,,,,,,,,,,,,,,0xFF01CC,1.0,11,0,149,
4225,1,,,,,,,,,,,,,,,,,0xFF01FE,,,,,,,,,,,,,,,,,0xFF01CC,1.0,11,0,150,
4226,1,,,,,,,,,,,,,,,,,0xFF01FE,,,,,,,,,,,,,,,,,0xFF01CC,1.0,11,0,151,
4227,1,,,,,,,,,,,,,,,,,0xFF01FE,,,,,,,,,,,,,,,,,0xFF01CC,1.0,11,0,152,
4228,1,,,,,,,,,,,,,,,,,0xFF01FE,,,,,,,,,,,,,,,,,0xFF01CC,1.0,11,0,153,
4229,1,,,,,,,,,,,,,,,,,0xFF01FE,,,,,,,,,,,,,,,,,0xFF01CC,1.0,11,0,154,
4230,1,,,,,,,,,,,,,,,,,0xFF01FE,,,,,,,,,,,,,,,,,0xFF01CC,1.0,11,0,155,
4231,1,,,,,,,,,,,,,,,,,0xFF01FE,,,,,,,,,,,,,,,,,0xFF01CC,1.0,11,0,156,
4232,1,,,,,,,,,,,,,,,,,0xFF01FE,,,,,,,,,,,,,,,,,0xFF01CC,1.0,11,0,157,
4233,1,,,,,,,,,,,,,,,,,0xFF01FE,,,,,,,,,,,,,,,,,0xFF01CC,1.0,11,0,158,
4234,1,,,,,,,,,,,,,,,,,0xFF01FE,,,,,,,,,,,,,,,,,0xFF01CC,1.0,11,0,159,
4235,1,,,,,,,,,,,,,,,,,0xFF01FE,,,,,,,,,,,,,,,,,0xFF01CC,1.0,11,0,160,
4236,1,,,,,,,,,,,,,,,,,0xFF01FE,,,,,,,,,,,,,,,,,0xFF01CC,1.0,11,0,161,
4237,1,,,,,,,,,,,,,,,,,0xFF01FE,,,,,,,,,,,,,,,,,0xFF01CC,1.0,11,0,162,
4238,1,,,,,,,,,,,,,,,,,0xFF01FE,,,,,,,,,,,,,,,,,0xFF01CC,1.0,11,0,163,
4239,1,,,,,,,,,,,,,,,,,0xFF01FE,,,,,,,,,,,,,,,,,0xFF01CC,1.0,11,0,164,
4240,1,,,,,,,,,,,,,,,,,0xFF01FE,,,,,,,,,,,,,,,,,0xFF01CC,1.0,11,0,165,
4241,1,,,,,,,,,,,,,,,,,0xFF01FE,,,,,,,,,,,,,,,,,0xFF01CC,1.0,11,0,166,
4242,1,,,,,,,,,,,,,,,,,0xFF01FE,,,,,,,,,,,,,,,,,0xFF01CC,1.0,11,0,167,
4243,1,,,,,,,,,,,,,,,,,0xFF01FE,,,,,,,,,,,,,,,,,0xFF01CC,1.0,11,0,168,
4244,1,,,,,,,,,,,,,,,,,0xFF01FE,,,,,,,,,,,,,,,,,0xFF01CC,1.0,11,0,169,
4245,1,,,,,,,,,,,,,,,,,0xFF01FE,,,,,,,,,,,,,,,,,0xFF01CC,1.0,11,0,170,
4246,1,,,,,,,,,,,,,,,,,0xFF01FE,,,,,,,,,,,,,,,,,0xFF01CC,1.0,11,0,171,
4247,1,,,,,,,,,,,,,,,,,0xFF01FE,,,,,,,,,,,,,,,,,0xFF01CC,1.0,11,0,172,
4248,1,,,,,,,,,,,,,,,,,0xFF01FE,,,,,,,,,,,,,,,,,0xFF01CC,1.0,11,0,173,
4249,1,,,,,,,,,,,,,,,,,0xFF01FE,,,,,,,,,,,,,,,,,0xFF01CC,1.0,11,0,174,
4250,1,,,,,,,,,,,,,,,,,0xFF01FE,,,,,,,,,,,,,,,,,0xFF01CC,1.0,11,0,175,
4251,1,,,,,,,,,,,,,,,,,0xFF01FE,,,,,,,,,,,,,,,,,0xFF01CC,1.0,11,0,176,
4252,1,,,,,,,,,,,,,,,,,0xFF01FE,,,,,,,,,,,,,,,,,0xFF01CC,1.0,11,0,177,
4253,1,,,,,,,,,,,,,,,,,0xFF01FE,,,,,,,,,,,,,,,,,0xFF01CC,1.0,11,0,178,
4254,1,,,,,,,,,,,,,,,,,0xFF01FE,,,,,,,,,,,,,,,,,0xFF01CC,1.0,11,0,179,
4255,1,,,,,,,,,,,,,,,,,0xFF01FE,,,,,,,,,,,,,,,,,0xFF01CC,1.0,11,0,180,
4256,1,,,,,,,,,,,,,,,,,0xFF01FE,,,,,,,,,,,,,,,,,0xFF01CC,1.0,11,0,181,
4257,1,,,,,,,,,,,,,,,,,0xFF01FE,,,,,,,,,,,,,,,,,0xFF01CC,1.0,11,0,182,
4258,1,,,,,,,,,,,,,,,,,0xFF01FE,,,,,,,,,,,,,,,,,0xFF01CC,1.0,11,0,183,
4259,1,,,,,,,,,,,,,,,,,0xFF01FE,,,,,,,,,,,,,,,,,0xFF01CC,1.0,11,0,184,
4260,1,,,,,,,,,,,,,,,,,0xFF01FE,,,,,,,,,,,,,,,,,0xFF01CC,1.0,11,0,185,
4261,1,,,,,,,,,,,,,,,,,0xFF01FE,,,,,,,,,,,,,,,,,0xFF01CC,1.0,11,0,186,
4262,1,,,,,,,,,,,,,,,,,0xFF01FE,,,,,,,,,,,,,,,,,0xFF01CC,1.0,11,0,187,
4263,1,,,,,,,,,,,,,,,,,0xFF01FE,,,,,,,,,,,,,,,,,0xFF01CC,1.0,11,0,188,
4264,1,,,,,,,,,,,,,,,,,0xFF01FE,,,,,,,,,,,,,,,,,0xFF01CC,1.0,11,0,189,
4265,1,,,,,,,,,,,,,,,,,0xFF01FE,,,,,,,,,,,,,,,,,0xFF01CC,1.0,11,0,190,
4266,1,,,,,,,,,,,,,,,,,0xFF01FE,,,,,,,,,,,,,,,,,0xFF01CC,1.0,11,0,191,
4267,1,,,,,,,,,,,,,,,,,0xFF01FE,,,,,,,,,,,,,,,,,0xFF01CC,1.0,11,0,192,
4268,1,,,,,,,,,,,,,,,,,0xFF01FE,,,,,,,,,,,,,,,,,0xFF01CC,1.0,11,0,193,
4269,1,,,,,,,,,,,,,,,,,0xFF01FE,,,,,,,,,,,,,,,,,0xFF01CC,1.0,11,0,194,
4270,1,,,,,,,,,,,,,,,,,0xFF01FE,,,,,,,,,,,,,,,,,0xFF01CC,1.0,11,0,195,
4271,1,,,,,,,,,,,,,,,,,0xFF01FE,,,,,,,,,,,,,,,,,0xFF01CC,1.0,11,0,196,
4272,1,,,,,,,,,,,,,,,,,0xFF01FE,,,,,,,,,,,,,,,,,0xFF01CC,1.0,11,0,197,
4273,1,,,,,,,,,,,,,,,,,0xFF01FE,,,,,,,,,,,,,,,,,0xFF01CC,1.0,11,0,198,
4274,1,,,,,,,,,,,,,,,,,0xFF01FE,,,,,,,,,,,,,,,,,0xFF01CC,1.0,11,0,199,
4275,1,,,,,,,,,,,,,,,,,0xFF01FE,,,,,,,,,,,,,,,,,0xFF01CC,1.0,11,0,200,
4276,1,,,,,,,,,,,,,,,,,0xFF01FE,,,,,,,,,,,,,,,,,0xFF01CC,1.0,11,0,201,
4277,1,,,,,,,,,,,,,,,,,0xFF01FE,,,,,,,,,,,,,,,,,0xFF01CC,1.0,11,0,202,
4278,1,,,,,,,,,,,,,,,,,0xFF01FE,,,,,,,,,,,,,,,,,0xFF01CC,1.0,11,0,203,
4279,1,,,,,,,,,,,,,,,,,0xFF01FE,,,,,,,,,,,,,,,,,0xFF01CC,1.0,11,0,204,
4280,1,,,,,,,,,,,,,,,,,0xFF01FE,,,,,,,,,,,,,,,,,0xFF01CC,1.0,11,0,205,
4281,1,,,,,,,,,,,,,,,,,0xFF01FE,,,,,,,,,,,,,,,,,0xFF01CC,1.0,11,0,206,
4282,1,,,,,,,,,,,,,,,,,0xFF01FE,,,,,,,,,,,,,,,,,0xFF01CC,1.0,11,0,207,
4283,1,,,,,,,,,,,,,,,,,0xFF01FE,,,,,,,,,,,,,,,,,0xFF01CC,1.0,11,0,208,
4284,1,,,,,,,,,,,,,,,,,0xFF01FE,,,,,,,,,,,,,,,,,0xFF01CC,1.0,11,0,209,
4285,2,,,,,,,,,,,,,,,,,0xFF01FE,,,,,,,,,,,,,,,,,0xFF01CC,1.0,11,0,0,
4286,2,,,,,,,,,,,,,,,,,0xFF01FE,,,,,,,,,,,,,,,,,0xFF01CC,1.0,11,0,1,
4287,2,,,,,,,,,,,,,,,,,0xFF01FE,,,,,,,,,,,,,,,,,0xFF01CC,1.0,11,0,2,
4288,2,,,,,,,,,,,,,,,,,0xFF01FE,,,,,,,,,,,,,,,,,0xFF01CC,1.0,11,0,3,
4289,2,,,,,,,,,,,,,,,,,0xFF01FE,,,,,,,,,,,,,,,,,0xFF01CC,1.0,11,0,4,
4290,2,,,,,,,,,,,,,,,,,0xFF01FE,,,,,,,,,,,,,,,,,0xFF01CC,1.0,11,0,5,
4291,2,,,,,,,,,,,,,,,,,0xFF01FE,,,,,,,,,,,,,,,,,0xFF01CC,1.0,11,0,6,
4292,2,,,,,,,,,,,,,,,,,0xFF01FE,,,,,,,,,,,,,,,,,0xFF01CC,1.0,11,0,7,
4293,2,,,,,,,,,,,,,,,,,0xFF01FE,,,,,,,,,,,,,,,,,0xFF01CC,1.0,11,0,8,
4294,2,,,,,,,,,,,,,,,,,0xFF01FE,,,,,,,,,,,,,,,,,0xFF01CC,1.0,11,0,9,
4295,2,,,,,,,,,,,,,,,,,0xFF01FE,,,,,,,,,,,,,,,,,0xFF01CC,1.0,11,0,10,
4296,2,,,,,,,,,,,,,,,,,0xFF01FE,,,,,,,,,,,,,,,,,0xFF01CC,1.0,11,0,11,
4297,2,,,,,,,,,,,,,,,,,0xFF01FE,,,,,,,,,,,,,,,,,0xFF01CC,1.0,11,0,12,
4298,2,,,,,,,,,,,,,,,,,0xFF01FE,,,,,,,,,,,,,,,,,0xFF01CC,1.0,11,0,13,
4299,2,,,,,,,,,,,,,,,,,0xFF01FE,,,,,,,,,,,,,,,,,0xFF01CC,1.0,11,0,14,
4300,2,,,,,,,,,,,,,,,,,0xFF01FE,,,,,,,,,,,,,,,,,0xFF01CC,1.0,11,0,15,
4301,2,,,,,,,,,,,,,,,,,0xFF01FE,,,,,,,,,,,,,,,,,0xFF01CC,1.0,11,0,16,
4302,2,,,,,,,,,,,,,,,,,0xFF01FE,,,,,,,,,,,,,,,,,0xFF01CC,1.0,11,0,17,
4303,2,,,,,,,,,,,,,,,,,0xFF01FE,,,,,,,,,,,,,,,,,0xFF01CC,1.0,11,0,18,
4304,2,,,,,,,,,,,,,,,,,0xFF01FE,,,,,,,,,,,,,,,,,0xFF01CC,1.0,11,0,19,
4305,2,,,,,,,,,,,,,,,,,0xFF01FE,,,,,,,,,,,,,,,,,0xFF01CC,1.0,11,0,20,
4306,2,,,,,,,,,,,,,,,,,0xFF01FE,,,,,,,,,,,,,,,,,0xFF01CC,1.0,11,0,21,
4307,2,,,,,,,,,,,,,,,,,0xFF01FE,,,,,,,,,,,,,,,,,0xFF01CC,1.0,11,0,22,
4308,2,,,,,,,,,,,,,,,,,0xFF01FE,,,,,,,,,,,,,,,,,0xFF01CC,1.0,11,0,23,
4309,2,,,,,,,,,,,,,,,,,0xFF01FE,,,,,,,,,,,,,,,,,0xFF01CC,1.0,11,0,24,
4310,2,,,,,,,,,,,,,,,,,0xFF01FE,,,,,,,,,,,,,,,,,0xFF01CC,1.0,11,0,25,
4311,2,,,,,,,,,,,,,,,,,0xFF01FE,,,,,,,,,,,,,,,,,0xFF01CC,1.0,11,0,26,
4312,2,,,,,,,,,,,,,,,,,0xFF01FE,,,,,,,,,,,,,,,,,0xFF01CC,1.0,11,0,27,
4313,2,,,,,,,,,,,,,,,,,0xFF01FE,,,,,,,,,,,,,,,,,0xFF01CC,1.0,11,0,28,
4314,2,,,,,,,,,,,,,,,,,0xFF01FE,,,,,,,,,,,,,,,,,0xFF01CC,1.0,11,0,29,
4315,2,,,,,,,,,,,,,,,,,0xFF01FE,,,,,,,,,,,,,,,,,0xFF01CC,1.0,11,0,30,
4316,2,,,,,,,,,,,,,,,,,0xFF01FE,,,,,,,,,,,,,,,,,0xFF01CC,1.0,11,0,31,
4317,2,,,,,,,,,,,,,,,,,0xFF01FE,,,,,,,,,,,,,,,,,0xFF01CC,1.0,11,0,32,
4318,2,,,,,,,,,,,,,,,,,0xFF01FE,,,,,,,,,,,,,,,,,0xFF01CC,1.0,11,0,33,
4319,2,,,,,,,,,,,,,,,,,0xFF01FE,,,,,,,,,,,,,,,,,0xFF01CC,1.0,11,0,34,
4320,2,,,,,,,,,,,,,,,,,0xFF01FE,,,,,,,,,,,,,,,,,0xFF01CC,1.0,11,0,35,
4321,2,,,,,,,,,,,,,,,,,0xFF01FE,,,,,,,,,,,,,,,,,0xFF01CC,1.0,11,0,36,
4322,2,,,,,,,,,,,,,,,,,0xFF01FE,,,,,,,,,,,,,,,,,0xFF01CC,1.0,11,0,37,
4323,2,,,,,,,,,,,,,,,,,0xFF01FE,,,,,,,,,,,,,,,,,0xFF01CC,1.0,11,0,38,
4324,2,,,,,,,,,,,,,,,,,0xFF01FE,,,,,,,,,,,,,,,,,0xFF01CC,1.0,11,0,39,
4325,2,,,,,,,,,,,,,,,,,0xFF01FE,,,,,,,,,,,,,,,,,0xFF01CC,1.0,11,0,40,
4326,2,,,,,,,,,,,,,,,,,0xFF01FE,,,,,,,,,,,,,,,,,0xFF01CC,1.0,11,0,41,
4327,2,,,,,,,,,,,,,,,,,0xFF01FE,,,,,,,,,,,,,,,,,0xFF01CC,1.0,11,0,42,
4328,2,,,,,,,,,,,,,,,,,0xFF01FE,,,,,,,,,,,,,,,,,0xFF01CC,1.0,11,0,43,
4329,2,,,,,,,,,,,,,,,,,0xFF01FE,,,,,,,,,,,,,,,,,0xFF01CC,1.0,11,0,44,
4330,2,,,,,,,,,,,,,,,,,0xFF01FE,,,,,,,,,,,,,,,,,0xFF01CC,1.0,11,0,45,
4331,2,,,,,,,,,,,,,,,,,0xFF01FE,,,,,,,,,,,,,,,,,0xFF01CC,1.0,11,0,46,
4332,2,,,,,,,,,,,,,,,,,0xFF01FE,,,,,,,,,,,,,,,,,0xFF01CC,1.0,11,0,47,
4333,2,,,,,,,,,,,,,,,,,0xFF01FE,,,,,,,,,,,,,,,,,0xFF01CC,1.0,11,0,48,
4334,2,,,,,,,,,,,,,,,,,0xFF01FE,,,,,,,,,,,,,,,,,0xFF01CC,1.0,11,0,49,
4335,2,,,,,,,,,,,,,,,,,0xFF01FE,,,,,,,,,,,,,,,,,0xFF01CC,1.0,11,0,50,
4336,2,,,,,,,,,,,,,,,,,0xFF01FE,,,,,,,,,,,,,,,,,0xFF01CC,1.0,11,0,51,
4337,2,,,,,,,,,,,,,,,,,0xFF01FE,,,,,,,,,,,,,,,,,0xFF01CC,1.0,11,0,52,
4338,2,,,,,,,,,,,,,,,,,0xFF01FE,,,,,,,,,,,,,,,,,0xFF01CC,1.0,11,0,53,
4339,2,,,,,,,,,,,,,,,,,0xFF01FE,,,,,,,,,,,,,,,,,0xFF01CC,1.0,11,0,54,
4340,2,,,,,,,,,,,,,,,,,0xFF01FE,,,,,,,,,,,,,,,,,0xFF01CC,1.0,11,0,55,
4341,2,,,,,,,,,,,,,,,,,0xFF01FE,,,,,,,,,,,,,,,,,0xFF01CC,1.0,11,0,56,
4342,2,,,,,,,,,,,,,,,,,0xFF01FE,,,,,,,,,,,,,,,,,0xFF01CC,1.0,11,0,57,
4343,2,,,,,,,,,,,,,,,,,0xFF01FE,,,,,,,,,,,,,,,,,0xFF01CC,1.0,11,0,58,
4344,2,,,,,,,,,,,,,,,,,0xFF01FE,,,,,,,,,,,,,,,,,0xFF01CC,1.0,11,0,59,
4345,2,,,,,,,,,,,,,,,,,0xFF01FE,,,,,,,,,,,,,,,,,0xFF01CC,1.0,11,0,60,
4346,2,,,,,,,,,,,,,,,,,0xFF01FE,,,,,,,,,,,,,,,,,0xFF01CC,1.0,11,0,61,
4347,2,,,,,,,,,,,,,,,,,0xFF01FE,,,,,,,,,,,,,,,,,0xFF01CC,1.0,11,0,62,
4348,2,,,,,,,,,,,,,,,,,0xFF01FE,,,,,,,,,,,,,,,,,0xFF01CC,1.0,11,0,63,
4349,2,,,,,,,,,,,,,,,,,0xFF01FE,,,,,,,,,,,,,,,,,0xFF01CC,1.0,11,0,64,
4350,2,,,,,,,,,,,,,,,,,0xFF01FE,,,,,,,,,,,,,,,,,0xFF01CC,1.0,11,0,65,
4351,2,,,,,,,,,,,,,,,,,0xFF01FE,,,,,,,,,,,,,,,,,0xFF01CC,1.0,11,0,66,
4352,2,,,,,,,,,,,,,,,,,0xFF01FE,,,,,,,,,,,,,,,,,0xFF01CC,1.0,11,0,67,
4353,2,,,,,,,,,,,,,,,,,0xFF01FE,,,,,,,,,,,,,,,,,0xFF01CC,1.0,11,0,68,
4354,2,,,,,,,,,,,,,,,,,0xFF01FE,,,,,,,,,,,,,,,,,0xFF01CC,1.0,11,0,69,
4355,2,,,,,,,,,,,,,,,,,0xFF01FE,,,,,,,,,,,,,,,,,0xFF01CC,1.0,11,0,70,
4356,2,,,,,,,,,,,,,,,,,0xFF01FE,,,,,,,,,,,,,,,,,0xFF01CC,1.0,11,0,71,
4357,2,,,,,,,,,,,,,,,,,0xFF01FE,,,,,,,,,,,,,,,,,0xFF01CC,1.0,11,0,72,
4358,2,,,,,,,,,,,,,,,,,0xFF01FE,,,,,,,,,,,,,,,,,0xFF01CC,1.0,11,0,73,
4359,2,,,,,,,,,,,,,,,,,0xFF01FE,,,,,,,,,,,,,,,,,0xFF01CC,1.0,11,0,74,
4360,2,,,,,,,,,,,,,,,,,0xFF01FE,,,,,,,,,,,,,,,,,0xFF01CC,1.0,11,0,75,
4361,2,,,,,,,,,,,,,,,,,0xFF01FE,,,,,,,,,,,,,,,,,0xFF01CC,1.0,11,0,76,
4362,2,,,,,,,,,,,,,,,,,0xFF01FE,,,,,,,,,,,,,,,,,0xFF01CC,1.0,11,0,77,
4363,2,,,,,,,,,,,,,,,,,0xFF01FE,,,,,,,,,,,,,,,,,0xFF01CC,1.0,11,0,78,
4364,2,,,,,,,,,,,,,,,,,0xFF01FE,,,,,,,,,,,,,,,,,0xFF01CC,1.0,11,0,79,
4365,2,,,,,,,,,,,,,,,,,0xFF01FE,,,,,,,,,,,,,,,,,0xFF01CC,1.0,11,0,80,
4366,2,,,,,,,,,,,,,,,,,0xFF01FE,,,,,,,,,,,,,,,,,0xFF01CC,1.0,11,0,81,
4367,2,,,,,,,,,,,,,,,,,0xFF01FE,,,,,,,,,,,,,,,,,0xFF01CC,1.0,11,0,82,
4368,2,,,,,,,,,,,,,,,,,0xFF01FE,,,,,,,,,,,,,,,,,0xFF01CC,1.0,11,0,83,
4369,2,,,,,,,,,,,,,,,,,0xFF01FE,,,,,,,,,,,,,,,,,0xFF01CC,1.0,11,0,84,
4370,2,,,,,,,,,,,,,,,,,0xFF01FE,,,,,,,,,,,,,,,,,0xFF01CC,1.0,11,0,85,
4371,2,,,,,,,,,,,,,,,,,0xFF01FE,,,,,,,,,,,,,,,,,0xFF01CC,1.0,11,0,86,
4372,2,,,,,,,,,,,,,,,,,0xFF01FE,,,,,,,,,,,,,,,,,0xFF01CC,1.0,11,0,87,
4373,2,,,,,,,,,,,,,,,,,0xFF01FE,,,,,,,,,,,,,,,,,0xFF01CC,1.0,11,0,88,
4374,2,,,,,,,,,,,,,,,,,0xFF01FE,,,,,,,,,,,,,,,,,0xFF01CC,1.0,11,0,89,
4375,2,,,,,,,,,,,,,,,,,0xFF01FE,,,,,,,,,,,,,,,,,0xFF01CC,1.0,11,0,90,
4376,2,,,,,,,,,,,,,,,,,0xFF01FE,,,,,,,,,,,,,,,,,0xFF01CC,1.0,11,0,91,
4377,2,,,,,,,,,,,,,,,,,0xFF01FE,,,,,,,,,,,,,,,,,0xFF01CC,1.0,11,0,92,
4378,2,,,,,,,,,,,,,,,,,0xFF01FE,,,,,,,,,,,,,,,,,0xFF01CC,1.0,11,0,93,
4379,2,,,,,,,,,,,,,,,,,0xFF01FE,,,,,,,,,,,,,,,,,0xFF01CC,1.0,11,0,94,
4380,2,,,,,,,,,,,,,,,,,0xFF01FE,,,,,,,,,,,,,,,,,0xFF01CC,1.0,11,0,95,
4381,2,,,,,,,,,,,,,,,,,0xFF01FE,,,,,,,,,,,,,,,,,0xFF01CC,1.0,11,0,96,
4382,2,,,,,,,,,,,,,,,,,0xFF01FE,,,,,,,,,,,,,,,,,0xFF01CC,1.0,11,0,97,
4383,2,,,,,,,,,,,,,,,,,0xFF01FE,,,,,,,,,,,,,,,,,0xFF01CC,1.0,11,0,98,
4384,2,,,,,,,,,,,,,,,,,0xFF01FE,,,,,,,,,,,,,,,,,0xFF01CC,1.0,11,0,99,
4385,2,,,,,,,,,,,,,,,,,0xFF01FE,,,,,,,,,,,,,,,,,0xFF01CC,1.0,11,0,100,
4386,2,,,,,,,,,,,,,,,,,0xFF01FE,,,,,,,,,,,,,,,,,0xFF01CC,1.0,11,0,101,
4387,2,,,,,,,,,,,,,,,,,0xFF01FE,,,,,,,,,,,,,,,,,0xFF01CC,1.0,11,0,102,
4388,2,,,,,,,,,,,,,,,,,0xFF01FE,,,,,,,,,,,,,,,,,0xFF01CC,1.0,11,0,103,
4389,2,,,,,,,,,,,,,,,,,0xFF01FE,,,,,,,,,,,,,,,,,0xFF01CC,1.0,11,0,104,
4390,2,,,,,,,,,,,,,,,,,0xFF01FE,,,,,,,,,,,,,,,,,0xFF01CC,1.0,11,0,105,
4391,2,,,,,,,,,,,,,,,,,0xFF01FE,,,,,,,,,,,,,,,,,0xFF01CC,1.0,11,0,106,
4392,2,,,,,,,,,,,,,,,,,0xFF01FE,,,,,,,,,,,,,,,,,0xFF01CC,1.0,11,0,107,
4393,2,,,,,,,,,,,,,,,,,0xFF01FE,,,,,,,,,,,,,,,,,0xFF01CC,1.0,11,0,108,
4394,2,,,,,,,,,,,,,,,,,0xFF01FE,,,,,,,,,,,,,,,,,0xFF01CC,1.0,11,0,109,
4395,2,,,,,,,,,,,,,,,,,0xFF01FE,,,,,,,,,,,,,,,,,0xFF01CC,1.0,11,0,110,
4396,2,,,,,,,,,,,,,,,,,0xFF01FE,,,,,,,,,,,,,,,,,0xFF01CC,1.0,11,0,111,
4397,2,,,,,,,,,,,,,,,,,0xFF01FE,,,,,,,,,,,,,,,,,0xFF01CC,1.0,11,0,112,
4398,2,,,,,,,,,,,,,,,,,0xFF01FE,,,,,,,,,,,,,,,,,0xFF01CC,1.0,11,0,113,
4399,2,,,,,,,,,,,,,,,,,0xFF01FE,,,,,,,,,,,,,,,,,0xFF01CC,1.0,11,0,114,
4400,2,,,,,,,,,,,,,,,,,0xFF01FE,,,,,,,,,,,,,,,,,0xFF01CC,1.0,11,0,115,
4401,2,,,,,,,,,,,,,,,,,0xFF01FE,,,,,,,,,,,,,,,,,0xFF01CC,1.0,11,0,116,
4402,2,,,,,,,,,,,,,,,,,0xFF01FE,,,,,,,,,,,,,,,,,0xFF01CC,1.0,11,0,117,
4403,2,,,,,,,,,,,,,,,,,0xFF01FE,,,,,,,,,,,,,,,,,0xFF01CC,1.0,11,0,118,
4404,2,,,,,,,,,,,,,,,,,0xFF01FE,,,,,,,,,,,,,,,,,0xFF01CC,1.0,11,0,119,
4405,2,,,,,,,,,,,,,,,,,0xFF01FE,,,,,,,,,,,,,,,,,0xFF01CC,1.0,11,0,120,
4406,2,,,,,,,,,,,,,,,,,0xFF01FE,,,,,,,,,,,,,,,,,0xFF01CC,1.0,11,0,121,
4407,2,,,,,,,,,,,,,,,,,0xFF01FE,,,,,,,,,,,,,,,,,0xFF01CC,1.0,11,0,122,
4408,2,,,,,,,,,,,,,,,,,0xFF01FE,,,,,,,,,,,,,,,,,0xFF01CC,1.0,11,0,123,
4409,2,,,,,,,,,,,,,,,,,0xFF01FE,,,,,,,,,,,,,,,,,0xFF01CC,1.0,11,0,124,
4410,2,,,,,,,,,,,,,,,,,0xFF01FE,,,,,,,,,,,,,,,,,0xFF01CC,1.0,11,0,125,
4411,2,,,,,,,,,,,,,,,,,0xFF01FE,,,,,,,,,,,,,,,,,0xFF01CC,1.0,11,0,126,
4412,2,,,,,,,,,,,,,,,,,0xFF01FE,,,,,,,,,,,,,,,,,0xFF01CC,1.0,11,0,127,
4413,2,,,,,,,,,,,,,,,,,0xFF01FE,,,,,,,,,,,,,,,,,0xFF01CC,1.0,11,0,128,
4414,2,,,,,,,,,,,,,,,,,0xFF01FE,,,,,,,,,,,,,,,,,0xFF01CC,1.0,11,0,129,
4415,2,,,,,,,,,,,,,,,,,0xFF01FE,,,,,,,,,,,,,,,,,0xFF01CC,1.0,11,0,130,
4416,2,,,,,,,,,,,,,,,,,0xFF01FE,,,,,,,,,,,,,,,,,0xFF01CC,1.0,11,0,131,
4417,2,,,,,,,,,,,,,,,,,0xFF01FE,,,,,,,,,,,,,,,,,0xFF01CC,1.0,11,0,132,
4418,2,,,,,,,,,,,,,,,,,0xFF01FE,,,,,,,,,,,,,,,,,0xFF01CC,1.0,11,0,133,
4419,2,,,,,,,,,,,,,,,,,0xFF01FE,,,,,,,,,,,,,,,,,0xFF01CC,1.0,11,0,134,
4420,2,,,,,,,,,,,,,,,,,0xFF01FE,,,,,,,,,,,,,,,,,0xFF01CC,1.0,11,0,135,
4421,2,,,,,,,,,,,,,,,,,0xFF01FE,,,,,,,,,,,,,,,,,0xFF01CC,1.0,11,0,136,
4422,2,,,,,,,,,,,,,,,,,0xFF01FE,,,,,,,,,,,,,,,,,0xFF01CC,1.0,11,0,137,
4423,2,,,,,,,,,,,,,,,,,0xFF01FE,,,,,,,,,,,,,,,,,0xFF01CC,1.0,11,0,138,
4424,2,,,,,,,,,,,,,,,,,0xFF01FE,,,,,,,,,,,,,,,,,0xFF01CC,1.0,11,0,139,
4425,2,,,,,,,,,,,,,,,,,0xFF01FE,,,,,,,,,,,,,,,,,0xFF01CC,1.0,11,0,140,
4426,2,,,,,,,,,,,,,,,,,0xFF01FE,,,,,,,,,,,,,,,,,0xFF01CC,1.0,11,0,141,
4427,2,,,,,,,,,,,,,,,,,0xFF01FE,,,,,,,,,,,,,,,,,0xFF01CC,1.0,11,0,142,
4428,2,,,,,,,,,,,,,,,,,0xFF01FE,,,,,,,,,,,,,,,,,0xFF01CC,1.0,11,0,143,
4429,2,,,,,,,,,,,,,,,,,0xFF01FE,,,,,,,,,,,,,,,,,0xFF01CC,1.0,11,0,144,
4430,2,,,,,,,,,,,,,,,,,0xFF01FE,,,,,,,,,,,,,,,,,0xFF01CC,1.0,11,0,145,
4431,2,,,,,,,,,,,,,,,,,0xFF01FE,,,,,,,,,,,,,,,,,0xFF01CC,1.0,11,0,146,
4432,2,,,,,,,,,,,,,,,,,0xFF01FE,,,,,,,,,,,,,,,,,0xFF01CC,1.0,11,0,147,
4433,2,,,,,,,,,,,,,,,,,0xFF01FE,,,,,,,,,,,,,,,,,0xFF01CC,1.0,11,0,148,
4434,2,,,,,,,,,,,,,,,,,0xFF01FE,,,,,,,,,,,,,,,,,0xFF01CC,1.0,11,0,149,
4435,2,,,,,,,,,,,,,,,,,0xFF01FE,,,,,,,,,,,,,,,,,0xFF01CC,1.0,11,0,150,
4436,2,,,,,,,,,,,,,,,,,0xFF01FE,,,,,,,,,,,,,,,,,0xFF01CC,1.0,11,0,151,
4437,2,,,,,,,,,,,,,,,,,0xFF01FE,,,,,,,,,,,,,,,,,0xFF01CC,1.0,11,0,152,
4438,2,,,,,,,,,,,,,,,,,0xFF01FE,,,,,,,,,,,,,,,,,0xFF01CC,1.0,11,0,153,
4439,2,,,,,,,,,,,,,,,,,0xFF01FE,,,,,,,,,,,,,,,,,0xFF01CC,1.0,11,0,154,
4440,2,,,,,,,,,,,,,,,,,0xFF01FE,,,,,,,,,,,,,,,,,0xFF01CC,1.0,11,0,155,
4441,2,,,,,,,,,,,,,,,,,0xFF01FE,,,,,,,,,,,,,,,,,0xFF01CC,1.0,11,0,156,
4442,2,,,,,,,,,,,,,,,,,0xFF01FE,,,,,,,,,,,,,,,,,0xFF01CC,1.0,11,0,157,
4443,2,,,,,,,,,,,,,,,,,0xFF01FE,,,,,,,,,,,,,,,,,0xFF01CC,1.0,11,0,158,
4444,2,,,,,,,,,,,,,,,,,0xFF01FE,,,,,,,,,,,,,,,,,0xFF01CC,1.0,11,0,159,
4445,2,,,,,,,,,,,,,,,,,0xFF01FE,,,,,,,,,,,,,,,,,0xFF01CC,1.0,11,0,160,
4446,2,,,,,,,,,,,,,,,,,0xFF01FE,,,,,,,,,,,,,,,,,0xFF01CC,1.0,11,0,161,
4447,2,,,,,,,,,,,,,,,,,0xFF01FE,,,,,,,,,,,,,,,,,0xFF01CC,1.0,11,0,162,
4448,2,,,,,,,,,,,,,,,,,0xFF01FE,,,,,,,,,,,,,,,,,0xFF01CC,1.0,11,0,163,
4449,2,,,,,,,,,,,,,,,,,0xFF01FE,,,,,,,,,,,,,,,,,0xFF01CC,1.0,11,0,164,
4450,2,,,,,,,,,,,,,,,,,0xFF01FE,,,,,,,,,,,,,,,,,0xFF01CC,1.0,11,0,165,
4451,2,,,,,,,,,,,,,,,,,0xFF01FE,,,,,,,,,,,,,,,,,0xFF01CC,1.0,11,0,166,
4452,2,,,,,,,,,,,,,,,,,0xFF01FE,,,,,,,,,,,,,,,,,0xFF01CC,1.0,11,0,167,
4453,2,,,,,,,,,,,,,,,,,0xFF01FE,,,,,,,,,,,,,,,,,0xFF01CC,1.0,11,0,168,
4454,2,,,,,,,,,,,,,,,,,0xFF01FE,,,,,,,,,,,,,,,,,0xFF01CC,1.0,11,0,169,
4455,2,,,,,,,,,,,,,,,,,0xFF01FE,,,,,,,,,,,,,,,,,0xFF01CC,1.0,11,0,170,
4456,2,,,,,,,,,,,,,,,,,0xFF01FE,,,,,,,,,,,,,,,,,0xFF01CC,1.0,11,0,171,
4457,2,,,,,,,,,,,,,,,,,0xFF01FE,,,,,,,,,,,,,,,,,0xFF01CC,1.0,11,0,172,
4458,2,,,,,,,,,,,,,,,,,0xFF01FE,,,,,,,,,,,,,,,,,0xFF01CC,1.0,11,0,173,
4459,2,,,,,,,,,,,,,,,,,0xFF01FE,,,,,,,,,,,,,,,,,0xFF01CC,1.0,11,0,174,
4460,2,,,,,,,,,,,,,,,,,0xFF01FE,,,,,,,,,,,,,,,,,0xFF01CC,1.0,11,0,175,
4461,0,,,,,,,,,,,,,,,,,0xFF01FE,,,,,,,,,,,,,,,,,0xFF01CC,1.0,11,1,0,
4462,0,,,,,,,,,,,,,,,,,0xFF01FE,,,,,,,,,,,,,,,,,0xFF01CC,1.0,11,1,1,
4463,0,,,,,,,,,,,,,,,,,0xFF01FE,,,,,,,,,,,,,,,,,0xFF01CC,1.0,11,1,2,
4464,0,,,,,,,,,,,,,,,,,0xFF01FE,,,,,,,,,,,,,,,,,0xFF01CC,1.0,11,1,3,
4465,0,,,,,,,,,,,,,,,,,0xFF01FE,,,,,,,,,,,,,,,,,0xFF01CC,1.0,11,1,4,
4466,0,,,,,,,,,,,,,,,,,0xFF01FE,,,,,,,,,,,,,,,,,0xFF01CC,1.0,11,1,5,
4467,0,,,,,,,,,,,,,,,,,0xFF01FE,,,,,,,,,,,,,,,,,0xFF01CC,1.0,11,1,6,
4468,0,,,,,,,,,,,,,,,,,0xFF01FE,,,,,,,,,,,,,,,,,0xFF01CC,1.0,11,1,7,
4469,0,,,,,,,,,,,,,,,,,0xFF01FE,,,,,,,,,,,,,,,,,0xFF01CC,1.0,11,1,8,
4470,0,,,,,,,,,,,,,,,,,0xFF01FE,,,,,,,,,,,,,,,,,0xFF01CC,1.0,11,1,9,
4471,0,,,,,,,,,,,,,,,,,0xFF01FE,,,,,,,,,,,,,,,,,0xFF01CC,1.0,11,1,10,
4472,0,,,,,,,,,,,,,,,,,0xFF01FE,,,,,,,,,,,,,,,,,0xFF01CC,1.0,11,1,11,
4473,0,,,,,,,,,,,,,,,,,0xFF01FE,,,,,,,,,,,,,,,,,0xFF01CC,1.0,11,1,12,
4474,0,,,,,,,,,,,,,,,,,0xFF01FE,,,,,,,,,,,,,,,,,0xFF01CC,1.0,11,1,13,
4475,0,,,,,,,,,,,,,,,,,0xFF01FE,,,,,,,,,,,,,,,,,0xFF01CC,1.0,11,1,14,
4476,0,,,,,,,,,,,,,,,,,0xFF01FE,,,,,,,,,,,,,,,,,0xFF01CC,1.0,11,1,15,
4477,0,,,,,,,,,,,,,,,,,0xFF01FE,,,,,,,,,,,,,,,,,0xFF01CC,1.0,11,1,16,
4478,0,,,,,,,,,,,,,,,,,0xFF01FE,,,,,,,,,,,,,,,,,0xFF01CC,1.0,11,1,17,
4479,0,,,,,,,,,,,,,,,,,0xFF01FE,,,,,,,,,,,,,,,,,0xFF01CC,1.0,11,1,18,
4480,0,,,,,,,,,,,,,,,,,0xFF01FE,,,,,,,,,,,,,,,,,0xFF01CC,1.0,11,1,19,
4481,0,,,,,,,,,,,,,,,,,0xFF01FE,,,,,,,,,,,,,,,,,0xFF01CC,1.0,11,1,20,
4482,0,,,,,,,,,,,,,,,,,0xFF01FE,,,,,,,,,,,,,,,,,0xFF01CC,1.0,11,1,21,
4483,1,,,,,,,,,,,,,,,,,0xFF01FE,,,,,,,,,,,,,,,,,0xFF01CC,1.0,11,1,0,
4484,1,,,,,,,,,,,,,,,,,0xFF01FE,,,,,,,,,,,,,,,,,0xFF01CC,1.0,11,1,1,
4485,1,,,,,,,,,,,,,,,,,0xFF01FE,,,,,,,,,,,,,,,,,0xFF01CC,1.0,11,1,2,
4486,1,,,,,,,,,,,,,,,,,0xFF01FE,,,,,,,,,,,,,,,,,0xFF01CC,1.0,11,1,3,
4487,1,,,,,,,,,,,,,,,,,0xFF01FE,,,,,,,,,,,,,,,,,0xFF01CC,1.0,11,1,4,
4488,1,,,,,,,,,,,,,,,,,0xFF01FE,,,,,,,,,,,,,,,,,0xFF01CC,1.0,11,1,5,
4489,1,,,,,,,,,,,,,,,,,0xFF01FE,,,,,,,,,,,,,,,,,0xFF01CC,1.0,11,1,6,
4490,1,,,,,,,,,,,,,,,,,0xFF01FE,,,,,,,,,,,,,,,,,0xFF01CC,1.0,11,1,7,
4491,1,,,,,,,,,,,,,,,,,0xFF01FE,,,,,,,,,,,,,,,,,0xFF01CC,1.0,11,1,8,
4492,1,,,,,,,,,,,,,,,,,0xFF01FE,,,,,,,,,,,,,,,,,0xFF01CC,1.0,11,1,9,
4493,1,,,,,,,,,,,,,,,,,0xFF01FE,,,,,,,,,,,,,,,,,0xFF01CC,1.0,11,1,10,
4494,1,,,,,,,,,,,,,,,,,0xFF01FE,,,,,,,,,,,,,,,,,0xFF01CC,1.0,11,1,11,
4495,1,,,,,,,,,,,,,,,,,0xFF01FE,,,,,,,,,,,,,,,,,0xFF01CC,1.0,11,1,12,
4496,1,,,,,,,,,,,,,,,,,0xFF01FE,,,,,,,,,,,,,,,,,0xFF01CC,1.0,11,1,13,
4497,1,,,,,,,,,,,,,,,,,0xFF01FE,,,,,,,,,,,,,,,,,0xFF01CC,1.0,11,1,14,
4498,1,,,,,,,,,,,,,,,,,0xFF01FE,,,,,,,,,,,,,,,,,0xFF01CC,1.0,11,1,15,
4499,1,,,,,,,,,,,,,,,,,0xFF01FE,,,,,,,,,,,,,,,,,0xFF01CC,1.0,11,1,16,
4500,1,,,,,,,,,,,,,,,,,0xFF01FE,,,,,,,,,,,,,,,,,0xFF01CC,1.0,11,1,17,
4501,1,,,,,,,,,,,,,,,,,0xFF01FE,,,,,,,,,,,,,,,,,0xFF01CC,1.0,11,1,18,
4502,1,,,,,,,,,,,,,,,,,0xFF01FE,,,,,,,,,,,,,,,,,0xFF01CC,1.0,11,1,19,
4503,1,,,,,,,,,,,,,,,,,0xFF01FE,,,,,,,,,,,,,,,,,0xFF01CC,1.0,11,1,20,
4504,1,,,,,,,,,,,,,,,,,0xFF01FE,,,,,,,,,,,,,,,,,0xFF01CC,1.0,11,1,21,
4505,1,,,,,,,,,,,,,,,,,0xFF01FE,,,,,,,,,,,,,,,,,0xFF01CC,1.0,11,1,22,
4506,1,,,,,,,,,,,,,,,,,0xFF01FE,,,,,,,,,,,,,,,,,0xFF01CC,1.0,11,1,23,
4507,1,,,,,,,,,,,,,,,,,0xFF01FE,,,,,,,,,,,,,,,,,0xFF01CC,1.0,11,1,24,
4508,1,,,,,,,,,,,,,,,,,0xFF01FE,,,,,,,,,,,,,,,,,0xFF01CC,1.0,11,1,25,
4509,1,,,,,,,,,,,,,,,,,0xFF01FE,,,,,,,,,,,,,,,,,0xFF01CC,1.0,11,1,26,
4510,1,,,,,,,,,,,,,,,,,0xFF01FE,,,,,,,,,,,,,,,,,0xFF01CC,1.0,11,1,27,
4511,1,,,,,,,,,,,,,,,,,0xFF01FE,,,,,,,,,,,,,,,,,0xFF01CC,1.0,11,1,28,
4512,1,,,,,,,,,,,,,,,,,0xFF01FE,,,,,,,,,,,,,,,,,0xFF01CC,1.0,11,1,29,
4513,1,,,,,,,,,,,,,,,,,0xFF01FE,,,,,,,,,,,,,,,,,0xFF01CC,1.0,11,1,30,
4514,1,,,,,,,,,,,,,,,,,0xFF01FE,,,,,,,,,,,,,,,,,0xFF01CC,1.0,11,1,31,
4515,1,,,,,,,,,,,,,,,,,0xFF01FE,,,,,,,,,,,,,,,,,0xFF01CC,1.0,11,1,32,
4516,1,,,,,,,,,,,,,,,,,0xFF01FE,,,,,,,,,,,,,,,,,0xFF01CC,1.0,11,1,33,
4517,1,,,,,,,,,,,,,,,,,0xFF01FE,,,,,,,,,,,,,,,,,0xFF01CC,1.0,11,1,34,
4518,1,,,,,,,,,,,,,,,,,0xFF01FE,,,,,,,,,,,,,,,,,0xFF01CC,1.0,11,1,35,
4519,1,,,,,,,,,,,,,,,,,0xFF01FE,,,,,,,,,,,,,,,,,0xFF01CC,1.0,11,1,36,
4520,1,,,,,,,,,,,,,,,,,0xFF01FE,,,,,,,,,,,,,,,,,0xFF01CC,1.0,11,1,37,
4521,1,,,,,,,,,,,,,,,,,0xFF01FE,,,,,,,,,,,,,,,,,0xFF01CC,1.0,11,1,38,
4522,1,,,,,,,,,,,,,,,,,0xFF01FE,,,,,,,,,,,,,,,,,0xFF01CC,1.0,11,1,39,
4523,1,,,,,,,,,,,,,,,,,0xFF01FE,,,,,,,,,,,,,,,,,0xFF01CC,1.0,11,1,40,
4524,1,,,,,,,,,,,,,,,,,0xFF01FE,,,,,,,,,,,,,,,,,0xFF01CC,1.0,11,1,41,
4525,1,,,,,,,,,,,,,,,,,0xFF01FE,,,,,,,,,,,,,,,,,0xFF01CC,1.0,11,1,42,
4526,1,,,,,,,,,,,,,,,,,0xFF01FE,,,,,,,,,,,,,,,,,0xFF01CC,1.0,11,1,43,
4527,1,,,,,,,,,,,,,,,,,0xFF01FE,,,,,,,,,,,,,,,,,0xFF01CC,1.0,11,1,44,
4528,1,,,,,,,,,,,,,,,,,0xFF01FE,,,,,,,,,,,,,,,,,0xFF01CC,1.0,11,1,45,
4529,1,,,,,,,,,,,,,,,,,0xFF01FE,,,,,,,,,,,,,,,,,0xFF01CC,1.0,11,1,46,
4530,1,,,,,,,,,,,,,,,,,0xFF01FE,,,,,,,,,,,,,,,,,0xFF01CC,1.0,11,1,47,
4531,1,,,,,,,,,,,,,,,,,0xFF01FE,,,,,,,,,,,,,,,,,0xFF01CC,1.0,11,1,48,
4532,1,,,,,,,,,,,,,,,,,0xFF01FE,,,,,,,,,,,,,,,,,0xFF01CC,1.0,11,1,49,
4533,1,,,,,,,,,,,,,,,,,0xFF01FE,,,,,,,,,,,,,,,,,0xFF01CC,1.0,11,1,50,
4534,1,,,,,,,,,,,,,,,,,0xFF01FE,,,,,,,,,,,,,,,,,0xFF01CC,1.0,11,1,51,
4535,1,,,,,,,,,,,,,,,,,0xFF01FE,,,,,,,,,,,,,,,,,0xFF01CC,1.0,11,1,52,
4536,1,,,,,,,,,,,,,,,,,0xFF01FE,,,,,,,,,,,,,,,,,0xFF01CC,1.0,11,1,53,
4537,1,,,,,,,,,,,,,,,,,0xFF01FE,,,,,,,,,,,,,,,,,0xFF01CC,1.0,11,1,54,
4538,1,,,,,,,,,,,,,,,,,0xFF01FE,,,,,,,,,,,,,,,,,0xFF01CC,1.0,11,1,55,
4539,1,,,,,,,,,,,,,,,,,0xFF01FE,,,,,,,,,,,,,,,,,0xFF01CC,1.0,11,1,56,
4540,1,,,,,,,,,,,,,,,,,0xFF01FE,,,,,,,,,,,,,,,,,0xFF01CC,1.0,11,1,57,
4541,1,,,,,,,,,,,,,,,,,0xFF01FE,,,,,,,,,,,,,,,,,0xFF01CC,1.0,11,1,58,
4542,1,,,,,,,,,,,,,,,,,0xFF01FE,,,,,,,,,,,,,,,,,0xFF01CC,1.0,11,1,59,
4543,1,,,,,,,,,,,,,,,,,0xFF01FE,,,,,,,,,,,,,,,,,0xFF01CC,1.0,11,1,60,
4544,1,,,,,,,,,,,,,,,,,0xFF01FE,,,,,,,,,,,,,,,,,0xFF01CC,1.0,11,1,61,
4545,1,,,,,,,,,,,,,,,,,0xFF01FE,,,,,,,,,,,,,,,,,0xFF01CC,1.0,11,1,62,
4546,1,,,,,,,,,,,,,,,,,0xFF01FE,,,,,,,,,,,,,,,,,0xFF01CC,1.0,11,1,63,
4547,1,,,,,,,,,,,,,,,,,0xFF01FE,,,,,,,,,,,,,,,,,0xFF01CC,1.0,11,1,64,
4548,1,,,,,,,,,,,,,,,,,0xFF01FE,,,,,,,,,,,,,,,,,0xFF01CC,1.0,11,1,65,
4549,1,,,,,,,,,,,,,,,,,0xFF01FE,,,,,,,,,,,,,,,,,0xFF01CC,1.0,11,1,66,
4550,1,,,,,,,,,,,,,,,,,0xFF01FE,,,,,,,,,,,,,,,,,0xFF01CC,1.0,11,1,67,
4551,1,,,,,,,,,,,,,,,,,0xFF01FE,,,,,,,,,,,,,,,,,0xFF01CC,1.0,11,1,68,
4552,1,,,,,,,,,,,,,,,,,0xFF01FE,,,,,,,,,,,,,,,,,0xFF01CC,1.0,11,1,69,
4553,1,,,,,,,,,,,,,,,,,0xFF01FE,,,,,,,,,,,,,,,,,0xFF01CC,1.0,11,1,70,
4554,1,,,,,,,,,,,,,,,,,0xFF01FE,,,,,,,,,,,,,,,,,0xFF01CC,1.0,11,1,71,
4555,1,,,,,,,,,,,,,,,,,0xFF01FE,,,,,,,,,,,,,,,,,0xFF01CC,1.0,11,1,72,
4556,1,,,,,,,,,,,,,,,,,0xFF01FE,,,,,,,,,,,,,,,,,0xFF01CC,1.0,11,1,73,
4557,1,,,,,,,,,,,,,,,,,0xFF01FE,,,,,,,,,,,,,,,,,0xFF01CC,1.0,11,1,74,
4558,1,,,,,,,,,,,,,,,,,0xFF01FE,,,,,,,,,,,,,,,,,0xFF01CC,1.0,11,1,75,
4559,1,,,,,,,,,,,,,,,,,0xFF01FE,,,,,,,,,,,,,,,,,0xFF01CC,1.0,11,1,76,
4560,1,,,,,,,,,,,,,,,,,0xFF01FE,,,,,,,,,,,,,,,,,0xFF01CC,1.0,11,1,77,
4561,1,,,,,,,,,,,,,,,,,0xFF01FE,,,,,,,,,,,,,,,,,0xFF01CC,1.0,11,1,78,
4562,1,,,,,,,,,,,,,,,,,0xFF01FE,,,,,,,,,,,,,,,,,0xFF01CC,1.0,11,1,79,
4563,1,,,,,,,,,,,,,,,,,0xFF01FE,,,,,,,,,,,,,,,,,0xFF01CC,1.0,11,1,80,
4564,1,,,,,,,,,,,,,,,,,0xFF01FE,,,,,,,,,,,,,,,,,0xFF01CC,1.0,11,1,81,
4565,1,,,,,,,,,,,,,,,,,0xFF01FE,,,,,,,,,,,,,,,,,0xFF01CC,1.0,11,1,82,
4566,1,,,,,,,,,,,,,,,,,0xFF01FE,,,,,,,,,,,,,,,,,0xFF01CC,1.0,11,1,83,
4567,1,,,,,,,,,,,,,,,,,0xFF01FE,,,,,,,,,,,,,,,,,0xFF01CC,1.0,11,1,84,
4568,1,,,,,,,,,,,,,,,,,0xFF01FE,,,,,,,,,,,,,,,,,0xFF01CC,1.0,11,1,85,
4569,1,,,,,,,,,,,,,,,,,0xFF01FE,,,,,,,,,,,,,,,,,0xFF01CC,1.0,11,1,86,
4570,1,,,,,,,,,,,,,,,,,0xFF01FE,,,,,,,,,,,,,,,,,0xFF01CC,1.0,11,1,87,
4571,1,,,,,,,,,,,,,,,,,0xFF01FE,,,,,,,,,,,,,,,,,0xFF01CC,1.0,11,1,88,
4572,1,,,,,,,,,,,,,,,,,0xFF01FE,,,,,,,,,,,,,,,,,0xFF01CC,1.0,11,1,89,
4573,1,,,,,,,,,,,,,,,,,0xFF01FE,,,,,,,,,,,,,,,,,0xFF01CC,1.0,11,1,90,
4574,1,,,,,,,,,,,,,,,,,0xFF01FE,,,,,,,,,,,,,,,,,0xFF01CC,1.0,11,1,91,
4575,1,,,,,,,,,,,,,,,,,0xFF01FE,,,,,,,,,,,,,,,,,0xFF01CC,1.0,11,1,92,
4576,1,,,,,,,,,,,,,,,,,0xFF01FE,,,,,,,,,,,,,,,,,0xFF01CC,1.0,11,1,93,
4577,1,,,,,,,,,,,,,,,,,0xFF01FE,,,,,,,,,,,,,,,,,0xFF01CC,1.0,11,1,94,
4578,1,,,,,,,,,,,,,,,,,0xFF01FE,,,,,,,,,,,,,,,,,0xFF01CC,1.0,11,1,95,
4579,1,,,,,,,,,,,,,,,,,0xFF01FE,,,,,,,,,,,,,,,,,0xFF01CC,1.0,11,1,96,
4580,1,,,,,,,,,,,,,,,,,0xFF01FE,,,,,,,,,,,,,,,,,0xFF01CC,1.0,11,1,97,
4581,1,,,,,,,,,,,,,,,,,0xFF01FE,,,,,,,,,,,,,,,,,0xFF01CC,1.0,11,1,98,
4582,1,,,,,,,,,,,,,,,,,0xFF01FE,,,,,,,,,,,,,,,,,0xFF01CC,1.0,11,1,99,
4583,1,,,,,,,,,,,,,,,,,0xFF01FE,,,,,,,,,,,,,,,,,0xFF01CC,1.0,11,1,100,
4584,1,,,,,,,,,,,,,,,,,0xFF01FE,,,,,,,,,,,,,,,,,0xFF01CC,1.0,11,1,101,
4585,1,,,,,,,,,,,,,,,,,0xFF01FE,,,,,,,,,,,,,,,,,0xFF01CC,1.0,11,1,102,
4586,1,,,,,,,,,,,,,,,,,0xFF01FE,,,,,,,,,,,,,,,,,0xFF01CC,1.0,11,1,103,
4587,1,,,,,,,,,,,,,,,,,0xFF01FE,,,,,,,,,,,,,,,,,0xFF01CC,1.0,11,1,104,
4588,1,,,,,,,,,,,,,,,,,0xFF01FE,,,,,,,,,,,,,,,,,0xFF01CC,1.0,11,1,105,
4589,1,,,,,,,,,,,,,,,,,0xFF01FE,,,,,,,,,,,,,,,,,0xFF01CC,1.0,11,1,106,
4590,1,,,,,,,,,,,,,,,,,0xFF01FE,,,,,,,,,,,,,,,,,0xFF01CC,1.0,11,1,107,
4591,1,,,,,,,,,,,,,,,,,0xFF01FE,,,,,,,,,,,,,,,,,0xFF01CC,1.0,11,1,108,
4592,1,,,,,,,,,,,,,,,,,0xFF01FE,,,,,,,,,,,,,,,,,0xFF01CC,1.0,11,1,109,
4593,1,,,,,,,,,,,,,,,,,0xFF01FE,,,,,,,,,,,,,,,,,0xFF01CC,1.0,11,1,110,
4594,1,,,,,,,,,,,,,,,,,0xFF01FE,,,,,,,,,,,,,,,,,0xFF01CC,1.0,11,1,111,
4595,1,,,,,,,,,,,,,,,,,0xFF01FE,,,,,,,,,,,,,,,,,0xFF01CC,1.0,11,1,112,
4596,1,,,,,,,,,,,,,,,,,0xFF01FE,,,,,,,,,,,,,,,,,0xFF01CC,1.0,11,1,113,
4597,1,,,,,,,,,,,,,,,,,0xFF01FE,,,,,,,,,,,,,,,,,0xFF01CC,1.0,11,1,114,
4598,1,,,,,,,,,,,,,,,,,0xFF01FE,,,,,,,,,,,,,,,,,0xFF01CC,1.0,11,1,115,
4599,1,,,,,,,,,,,,,,,,,0xFF01FE,,,,,,,,,,,,,,,,,0xFF01CC,1.0,11,1,116,
4600,1,,,,,,,,,,,,,,,,,0xFF01FE,,,,,,,,,,,,,,,,,0xFF01CC,1.0,11,1,117,
4601,1,,,,,,,,,,,,,,,,,0xFF01FE,,,,,,,,,,,,,,,,,0xFF01CC,1.0,11,1,118,
4602,1,,,,,,,,,,,,,,,,,0xFF01FE,,,,,,,,,,,,,,,,,0xFF01CC,1.0,11,1,119,
4603,1,,,,,,,,,,,,,,,,,0xFF01FE,,,,,,,,,,,,,,,,,0xFF01CC,1.0,11,1,120,
4604,1,,,,,,,,,,,,,,,,,0xFF01FE,,,,,,,,,,,,,,,,,0xFF01CC,1.0,11,1,121,
4605,1,,,,,,,,,,,,,,,,,0xFF01FE,,,,,,,,,,,,,,,,,0xFF01CC,1.0,11,1,122,
4606,1,,,,,,,,,,,,,,,,,0xFF01FE,,,,,,,,,,,,,,,,,0xFF01CC,1.0,11,1,123,
4607,1,,,,,,,,,,,,,,,,,0xFF01FE,,,,,,,,,,,,,,,,,0xFF01CC,1.0,11,1,124,
4608,1,,,,,,,,,,,,,,,,,0xFF01FE,,,,,,,,,,,,,,,,,0xFF01CC,1.0,11,1,125,
4609,1,,,,,,,,,,,,,,,,,0xFF01FE,,,,,,,,,,,,,,,,,0xFF01CC,1.0,11,1,126,
4610,1,,,,,,,,,,,,,,,,,0xFF01FE,,,,,,,,,,,,,,,,,0xFF01CC,1.0,11,1,127,
4611,1,,,,,,,,,,,,,,,,,0xFF01FE,,,,,,,,,,,,,,,,,0xFF01CC,1.0,11,1,128,
4612,1,,,,,,,,,,,,,,,,,0xFF01FE,,,,,,,,,,,,,,,,,0xFF01CC,1.0,11,1,129,
4613,1,,,,,,,,,,,,,,,,,0xFF01FE,,,,,,,,,,,,,,,,,0xFF01CC,1.0,11,1,130,
4614,1,,,,,,,,,,,,,,,,,0xFF01FE,,,,,,,,,,,,,,,,,0xFF01CC,1.0,11,1,131,
4615,1,,,,,,,,,,,,,,,,,0xFF01FE,,,,,,,,,,,,,,,,,0xFF01CC,1.0,11,1,132,
4616,1,,,,,,,,,,,,,,,,,0xFF01FE,,,,,,,,,,,,,,,,,0xFF01CC,1.0,11,1,133,
4617,1,,,,,,,,,,,,,,,,,0xFF01FE,,,,,,,,,,,,,,,,,0xFF01CC,1.0,11,1,134,
4618,1,,,,,,,,,,,,,,,,,0xFF01FE,,,,,,,,,,,,,,,,,0xFF01CC,1.0,11,1,135,
4619,1,,,,,,,,,,,,,,,,,0xFF01FE,,,,,,,,,,,,,,,,,0xFF01CC,1.0,11,1,136,
4620,1,,,,,,,,,,,,,,,,,0xFF01FE,,,,,,,,,,,,,,,,,0xFF01CC,1.0,11,1,137,
4621,1,,,,,,,,,,,,,,,,,0xFF01FE,,,,,,,,,,,,,,,,,0xFF01CC,1.0,11,1,138,
4622,1,,,,,,,,,,,,,,,,,0xFF01FE,,,,,,,,,,,,,,,,,0xFF01CC,1.0,11,1,139,
4623,1,,,,,,,,,,,,,,,,,0xFF01FE,,,,,,,,,,,,,,,,,0xFF01CC,1.0,11,1,140,
4624,1,,,,,,,,,,,,,,,,,0xFF01FE,,,,,,,,,,,,,,,,,0xFF01CC,1.0,11,1,141,
4625,1,,,,,,,,,,,,,,,,,0xFF01FE,,,,,,,,,,,,,,,,,0xFF01CC,1.0,11,1,142,
4626,1,,,,,,,,,,,,,,,,,0xFF01FE,,,,,,,,,,,,,,,,,0xFF01CC,1.0,11,1,143,
4627,1,,,,,,,,,,,,,,,,,0xFF01FE,,,,,,,,,,,,,,,,,0xFF01CC,1.0,11,1,144,
4628,1,,,,,,,,,,,,,,,,,0xFF01FE,,,,,,,,,,,,,,,,,0xFF01CC,1.0,11,1,145,
4629,1,,,,,,,,,,,,,,,,,0xFF01FE,,,,,,,,,,,,,,,,,0xFF01CC,1.0,11,1,146,
4630,1,,,,,,,,,,,,,,,,,0xFF01FE,,,,,,,,,,,,,,,,,0xFF01CC,1.0,11,1,147,
4631,1,,,,,,,,,,,,,,,,,0xFF01FE,,,,,,,,,,,,,,,,,0xFF01CC,1.0,11,1,148,
4632,1,,,,,,,,,,,,,,,,,0xFF01FE,,,,,,,,,,,,,,,,,0xFF01CC,1.0,11,1,149,
4633,1,,,,,,,,,,,,,,,,,0xFF01FE,,,,,,,,,,,,,,,,,0xFF01CC,1.0,11,1,150,
4634,1,,,,,,,,,,,,,,,,,0xFF01FE,,,,,,,,,,,,,,,,,0xFF01CC,1.0,11,1,151,
4635,1,,,,,,,,,,,,,,,,,0xFF01FE,,,,,,,,,,,,,,,,,0xFF01CC,1.0,11,1,152,
4636,1,,,,,,,,,,,,,,,,,0xFF01FE,,,,,,,,,,,,,,,,,0xFF01CC,1.0,11,1,153,
4637,1,,,,,,,,,,,,,,,,,0xFF01FE,,,,,,,,,,,,,,,,,0xFF01CC,1.0,11,1,154,
4638,1,,,,,,,,,,,,,,,,,0xFF01FE,,,,,,,,,,,,,,,,,0xFF01CC,1.0,11,1,155,
4639,1,,,,,,,,,,,,,,,,,0xFF01FE,,,,,,,,,,,,,,,,,0xFF01CC,1.0,11,1,156,
4640,1,,,,,,,,,,,,,,,,,0xFF01FE,,,,,,,,,,,,,,,,,0xFF01CC,1.0,11,1,157,
4641,1,,,,,,,,,,,,,,,,,0xFF01FE,,,,,,,,,,,,,,,,,0xFF01CC,1.0,11,1,158,
4642,1,,,,,,,,,,,,,,,,,0xFF01FE,,,,,,,,,,,,,,,,,0xFF01CC,1.0,11,1,159,
4643,1,,,,,,,,,,,,,,,,,0xFF01FE,,,,,,,,,,,,,,,,,0xFF01CC,1.0,11,1,160,
4644,1,,,,,,,,,,,,,,,,,0xFF01FE,,,,,,,,,,,,,,,,,0xFF01CC,1.0,11,1,161,
4645,1,,,,,,,,,,,,,,,,,0xFF01FE,,,,,,,,,,,,,,,,,0xFF01CC,1.0,11,1,162,
4646,1,,,,,,,,,,,,,,,,,0xFF01FE,,,,,,,,,,,,,,,,,0xFF01CC,1.0,11,1,163,
4647,1,,,,,,,,,,,,,,,,,0xFF01FE,,,,,,,,,,,,,,,,,0xFF01CC,1.0,11,1,164,
4648,1,,,,,,,,,,,,,,,,,0xFF01FE,,,,,,,,,,,,,,,,,0xFF01CC,1.0,11,1,165,
4649,1,,,,,,,,,,,,,,,,,0xFF01FE,,,,,,,,,,,,,,,,,0xFF01CC,1.0,11,1,166,
4650,1,,,,,,,,,,,,,,,,,0xFF01FE,,,,,,,,,,,,,,,,,0xFF01CC,1.0,11,1,167,
4651,1,,,,,,,,,,,,,,,,,0xFF01FE,,,,,,,,,,,,,,,,,0xFF01CC,1.0,11,1,168,
4652,1,,,,,,,,,,,,,,,,,0xFF01FE,,,,,,,,,,,,,,,,,0xFF01CC,1.0,11,1,169,
4653,1,,,,,,,,,,,,,,,,,0xFF01FE,,,,,,,,,,,,,,,,,0xFF01CC,1.0,11,1,170,
4654,1,,,,,,,,,,,,,,,,,0xFF01FE,,,,,,,,,,,,,,,,,0xFF01CC,1.0,11,1,171,
4655,1,,,,,,,,,,,,,,,,,0xFF01FE,,,,,,,,,,,,,,,,,0xFF01CC,1.0,11,1,172,
4656,1,,,,,,,,,,,,,,,,,0xFF01FE,,,,,,,,,,,,,,,,,0xFF01CC,1.0,11,1,173,
4657,1,,,,,,,,,,,,,,,,,0xFF01FE,,,,,,,,,,,,,,,,,0xFF01CC,1.0,11,1,174,
4658,1,,,,,,,,,,,,,,,,,0xFF01FE,,,,,,,,,,,,,,,,,0xFF01CC,1.0,11,1,175,
4659,1,,,,,,,,,,,,,,,,,0xFF01FE,,,,,,,,,,,,,,,,,0xFF01CC,1.0,11,1,176,
4660,1,,,,,,,,,,,,,,,,,0xFF01FE,,,,,,,,,,,,,,,,,0xFF01CC,1.0,11,1,177,
4661,1,,,,,,,,,,,,,,,,,0xFF01FE,,,,,,,,,,,,,,,,,0xFF01CC,1.0,11,1,178,
4662,1,,,,,,,,,,,,,,,,,0xFF01FE,,,,,,,,,,,,,,,,,0xFF01CC,1.0,11,1,179,
4663,1,,,,,,,,,,,,,,,,,0xFF01FE,,,,,,,,,,,,,,,,,0xFF01CC,1.0,11,1,180,
4664,1,,,,,,,,,,,,,,,,,0xFF01FE,,,,,,,,,,,,,,,,,0xFF01CC,1.0,11,1,181,
4665,1,,,,,,,,,,,,,,,,,0xFF01FE,,,,,,,,,,,,,,,,,0xFF01CC,1.0,11,1,182,
4666,1,,,,,,,,,,,,,,,,,0xFF01FE,,,,,,,,,,,,,,,,,0xFF01CC,1.0,11,1,183,
4667,1,,,,,,,,,,,,,,,,,0xFF01FE,,,,,,,,,,,,,,,,,0xFF01CC,1.0,11,1,184,
4668,1,,,,,,,,,,,,,,,,,0xFF01FE,,,,,,,,,,,,,,,,,0xFF01CC,1.0,11,1,185,
4669,1,,,,,,,,,,,,,,,,,0xFF01FE,,,,,,,,,,,,,,,,,0xFF01CC,1.0,11,1,186,
4670,1,,,,,,,,,,,,,,,,,0xFF01FE,,,,,,,,,,,,,,,,,0xFF01CC,1.0,11,1,187,
4671,1,,,,,,,,,,,,,,,,,0xFF01FE,,,,,,,,,,,,,,,,,0xFF01CC,1.0,11,1,188,
4672,1,,,,,,,,,,,,,,,,,0xFF01FE,,,,,,,,,,,,,,,,,0xFF01CC,1.0,11,1,189,
4673,1,,,,,,,,,,,,,,,,,0xFF01FE,,,,,,,,,,,,,,,,,0xFF01CC,1.0,11,1,190,
4674,1,,,,,,,,,,,,,,,,,0xFF01FE,,,,,,,,,,,,,,,,,0xFF01CC,1.0,11,1,191,
4675,1,,,,,,,,,,,,,,,,,0xFF01FE,,,,,,,,,,,,,,,,,0xFF01CC,1.0,11,1,192,
4676,1,,,,,,,,,,,,,,,,,0xFF01FE,,,,,,,,,,,,,,,,,0xFF01CC,1.0,11,1,193,
4677,1,,,,,,,,,,,,,,,,,0xFF01FE,,,,,,,,,,,,,,,,,0xFF01CC,1.0,11,1,194,
4678,2,,,,,,,,,,,,,,,,,0xFF01FE,,,,,,,,,,,,,,,,,0xFF01CC,1.0,11,1,0,
4679,2,,,,,,,,,,,,,,,,,0xFF01FE,,,,,,,,,,,,,,,,,0xFF01CC,1.0,11,1,1,
4680,2,,,,,,,,,,,,,,,,,0xFF01FE,,,,,,,,,,,,,,,,,0xFF01CC,1.0,11,1,2,
4681,2,,,,,,,,,,,,,,,,,0xFF01FE,,,,,,,,,,,,,,,,,0xFF01CC,1.0,11,1,3,
4682,2,,,,,,,,,,,,,,,,,0xFF01FE,,,,,,,,,,,,,,,,,0xFF01CC,1.0,11,1,4,
4683,2,,,,,,,,,,,,,,,,,0xFF01FE,,,,,,,,,,,,,,,,,0xFF01CC,1.0,11,1,5,
4684,2,,,,,,,,,,,,,,,,,0xFF01FE,,,,,,,,,,,,,,,,,0xFF01CC,1.0,11,1,6,
4685,2,,,,,,,,,,,,,,,,,0xFF01FE,,,,,,,,,,,,,,,,,0xFF01CC,1.0,11,1,7,
4686,2,,,,,,,,,,,,,,,,,0xFF01FE,,,,,,,,,,,,,,,,,0xFF01CC,1.0,11,1,8,
4687,2,,,,,,,,,,,,,,,,,0xFF01FE,,,,,,,,,,,,,,,,,0xFF01CC,1.0,11,1,9,
4688,2,,,,,,,,,,,,,,,,,0xFF01FE,,,,,,,,,,,,,,,,,0xFF01CC,1.0,11,1,10,
4689,2,,,,,,,,,,,,,,,,,0xFF01FE,,,,,,,,,,,,,,,,,0xFF01CC,1.0,11,1,11,
4690,2,,,,,,,,,,,,,,,,,0xFF01FE,,,,,,,,,,,,,,,,,0xFF01CC,1.0,11,1,12,
4691,2,,,,,,,,,,,,,,,,,0xFF01FE,,,,,,,,,,,,,,,,,0xFF01CC,1.0,11,1,13,
4692,2,,,,,,,,,,,,,,,,,0xFF01FE,,,,,,,,,,,,,,,,,0xFF01CC,1.0,11,1,14,
4693,2,,,,,,,,,,,,,,,,,0xFF01FE,,,,,,,,,,,,,,,,,0xFF01CC,1.0,11,1,15,
4694,2,,,,,,,,,,,,,,,,,0xFF01FE,,,,,,,,,,,,,,,,,0xFF01CC,1.0,11,1,16,
4695,2,,,,,,,,,,,,,,,,,0xFF01FE,,,,,,,,,,,,,,,,,0xFF01CC,1.0,11,1,17,
4696,2,,,,,,,,,,,,,,,,,0xFF01FE,,,,,,,,,,,,,,,,,0xFF01CC,1.0,11,1,18,
4697,2,,,,,,,,,,,,,,,,,0xFF01FE,,,,,,,,,,,,,,,,,0xFF01CC,1.0,11,1,19,
4698,2,,,,,,,,,,,,,,,,,0xFF01FE,,,,,,,,,,,,,,,,,0xFF01CC,1.0,11,1,20,
4699,2,,,,,,,,,,,,,,,,,0xFF01FE,,,,,,,,,,,,,,,,,0xFF01CC,1.0,11,1,21,
4700,2,,,,,,,,,,,,,,,,,0xFF01FE,,,,,,,,,,,,,,,,,0xFF01CC,1.0,11,1,22,
4701,2,,,,,,,,,,,,,,,,,0xFF01FE,,,,,,,,,,,,,,,,,0xFF01CC,1.0,11,1,23,
4702,2,,,,,,,,,,,,,,,,,0xFF01FE,,,,,,,,,,,,,,,,,0xFF01CC,1.0,11,1,24,
4703,2,,,,,,,,,,,,,,,,,0xFF01FE,,,,,,,,,,,,,,,,,0xFF01CC,1.0,11,1,25,
4704,2,,,,,,,,,,,,,,,,,0xFF01FE,,,,,,,,,,,,,,,,,0xFF01CC,1.0,11,1,26,
4705,2,,,,,,,,,,,,,,,,,0xFF01FE,,,,,,,,,,,,,,,,,0xFF01CC,1.0,11,1,27,
4706,2,,,,,,,,,,,,,,,,,0xFF01FE,,,,,,,,,,,,,,,,,0xFF01CC,1.0,11,1,28,
4707,2,,,,,,,,,,,,,,,,,0xFF01FE,,,,,,,,,,,,,,,,,0xFF01CC,1.0,11,1,29,
4708,2,,,,,,,,,,,,,,,,,0xFF01FE,,,,,,,,,,,,,,,,,0xFF01CC,1.0,11,1,30,
4709,2,,,,,,,,,,,,,,,,,0xFF01FE,,,,,,,,,,,,,,,,,0xFF01CC,1.0,11,1,31,
4710,2,,,,,,,,,,,,,,,,,0xFF01FE,,,,,,,,,,,,,,,,,0xFF01CC,1.0,11,1,32,
4711,2,,,,,,,,,,,,,,,,,0xFF01FE,,,,,,,,,,,,,,,,,0xFF01CC,1.0,11,1,33,
4712,2,,,,,,,,,,,,,,,,,0xFF01FE,,,,,,,,,,,,,,,,,0xFF01CC,1.0,11,1,34,
4713,2,,,,,,,,,,,,,,,,,0xFF01FE,,,,,,,,,,,,,,,,,0xFF01CC,1.0,11,1,35,
4714,2,,,,,,,,,,,,,,,,,0xFF01FE,,,,,,,,,,,,,,,,,0xFF01CC,1.0,11,1,36,
4715,2,,,,,,,,,,,,,,,,,0xFF01FE,,,,,,,,,,,,,,,,,0xFF01CC,1.0,11,1,37,
4716,2,,,,,,,,,,,,,,,,,0xFF01FE,,,,,,,,,,,,,,,,,0xFF01CC,1.0,11,1,38,
4717,2,,,,,,,,,,,,,,,,,0xFF01FE,,,,,,,,,,,,,,,,,0xFF01CC,1.0,11,1,39,
4718,2,,,,,,,,,,,,,,,,,0xFF01FE,,,,,,,,,,,,,,,,,0xFF01CC,1.0,11,1,40,
4719,2,,,,,,,,,,,,,,,,,0xFF01FE,,,,,,,,,,,,,,,,,0xFF01CC,1.0,11,1,41,
4720,2,,,,,,,,,,,,,,,,,0xFF01FE,,,,,,,,,,,,,,,,,0xFF01CC,1.0,11,1,42,
4721,2,,,,,,,,,,,,,,,,,0xFF01FE,,,,,,,,,,,,,,,,,0xFF01CC,1.0,11,1,43,
4722,2,,,,,,,,,,,,,,,,,0xFF01FE,,,,,,,,,,,,,,,,,0xFF01CC,1.0,11,1,44,
4723,2,,,,,,,,,,,,,,,,,0xFF01FE,,,,,,,,,,,,,,,,,0xFF01CC,1.0,11,1,45,
4724,2,,,,,,,,,,,,,,,,,0xFF01FE,,,,,,,,,,,,,,,,,0xFF01CC,1.0,11,1,46,
4725,2,,,,,,,,,,,,,,,,,0xFF01FE,,,,,,,,,,,,,,,,,0xFF01CC,1.0,11,1,47,
4726,2,,,,,,,,,,,,,,,,,0xFF01FE,,,,,,,,,,,,,,,,,0xFF01CC,1.0,11,1,48,
4727,2,,,,,,,,,,,,,,,,,0xFF01FE,,,,,,,,,,,,,,,,,0xFF01CC,1.0,11,1,49,
4728,2,,,,,,,,,,,,,,,,,0xFF01FE,,,,,,,,,,,,,,,,,0xFF01CC,1.0,11,1,50,
4729,2,,,,,,,,,,,,,,,,,0xFF01FE,,,,,,,,,,,,,,,,,0xFF01CC,1.0,11,1,51,
4730,2,,,,,,,,,,,,,,,,,0xFF01FE,,,,,,,,,,,,,,,,,0xFF01CC,1.0,11,1,52,
4731,2,,,,,,,,,,,,,,,,,0xFF01FE,,,,,,,,,,,,,,,,,0xFF01CC,1.0,11,1,53,
4732,2,,,,,,,,,,,,,,,,,0xFF01FE,,,,,,,,,,,,,,,,,0xFF01CC,1.0,11,1,54,
4733,2,,,,,,,,,,,,,,,,,0xFF01FE,,,,,,,,,,,,,,,,,0xFF01CC,1.0,11,1,55,
4734,2,,,,,,,,,,,,,,,,,0xFF01FE,,,,,,,,,,,,,,,,,0xFF01CC,1.0,11,1,56,
4735,2,,,,,,,,,,,,,,,,,0xFF01FE,,,,,,,,,,,,,,,,,0xFF01CC,1.0,11,1,57,
4736,2,,,,,,,,,,,,,,,,,0xFF01FE,,,,,,,,,,,,,,,,,0xFF01CC,1.0,11,1,58,
4737,2,,,,,,,,,,,,,,,,,0xFF01FE,,,,,,,,,,,,,,,,,0xFF01CC,1.0,11,1,59,
4738,2,,,,,,,,,,,,,,,,,0xFF01FE,,,,,,,,,,,,,,,,,0xFF01CC,1.0,11,1,60,
4739,2,,,,,,,,,,,,,,,,,0xFF01FE,,,,,,,,,,,,,,,,,0xFF01CC,1.0,11,1,61,
4740,2,,,,,,,,,,,,,,,,,0xFF01FE,,,,,,,,,,,,,,,,,0xFF01CC,1.0,11,1,62,
4741,2,,,,,,,,,,,,,,,,,0xFF01FE,,,,,,,,,,,,,,,,,0xFF01CC,1.0,11,1,63,
4742,2,,,,,,,,,,,,,,,,,0xFF01FE,,,,,,,,,,,,,,,,,0xFF01CC,1.0,11,1,64,
4743,2,,,,,,,,,,,,,,,,,0xFF01FE,,,,,,,,,,,,,,,,,0xFF01CC,1.0,11,1,65,
4744,2,,,,,,,,,,,,,,,,,0xFF01FE,,,,,,,,,,,,,,,,,0xFF01CC,1.0,11,1,66,
4745,2,,,,,,,,,,,,,,,,,0xFF01FE,,,,,,,,,,,,,,,,,0xFF01CC,1.0,11,1,67,
4746,2,,,,,,,,,,,,,,,,,0xFF01FE,,,,,,,,,,,,,,,,,0xFF01CC,1.0,11,1,68,
4747,2,,,,,,,,,,,,,,,,,0xFF01FE,,,,,,,,,,,,,,,,,0xFF01CC,1.0,11,1,69,
4748,2,,,,,,,,,,,,,,,,,0xFF01FE,,,,,,,,,,,,,,,,,0xFF01CC,1.0,11,1,70,
4749,2,,,,,,,,,,,,,,,,,0xFF01FE,,,,,,,,,,,,,,,,,0xFF01CC,1.0,11,1,71,
4750,2,,,,,,,,,,,,,,,,,0xFF01FE,,,,,,,,,,,,,,,,,0xFF01CC,1.0,11,1,72,
4751,2,,,,,,,,,,,,,,,,,0xFF01FE,,,,,,,,,,,,,,,,,0xFF01CC,1.0,11,1,73,
4752,2,,,,,,,,,,,,,,,,,0xFF01FE,,,,,,,,,,,,,,,,,0xFF01CC,1.0,11,1,74,
4753,2,,,,,,,,,,,,,,,,,0xFF01FE,,,,,,,,,,,,,,,,,0xFF01CC,1.0,11,1,75,
4754,2,,,,,,,,,,,,,,,,,0xFF01FE,,,,,,,,,,,,,,,,,0xFF01CC,1.0,11,1,76,
4755,2,,,,,,,,,,,,,,,,,0xFF01FE,,,,,,,,,,,,,,,,,0xFF01CC,1.0,11,1,77,
4756,2,,,,,,,,,,,,,,,,,0xFF01FE,,,,,,,,,,,,,,,,,0xFF01CC,1.0,11,1,78,
4757,2,,,,,,,,,,,,,,,,,0xFF01FE,,,,,,,,,,,,,,,,,0xFF01CC,1.0,11,1,79,
4758,2,,,,,,,,,,,,,,,,,0xFF01FE,,,,,,,,,,,,,,,,,0xFF01CC,1.0,11,1,80,
4759,2,,,,,,,,,,,,,,,,,0xFF01FE,,,,,,,,,,,,,,,,,0xFF01CC,1.0,11,1,81,
4760,2,,,,,,,,,,,,,,,,,0xFF01FE,,,,,,,,,,,,,,,,,0xFF01CC,1.0,11,1,82,
4761,2,,,,,,,,,,,,,,,,,0xFF01FE,,,,,,,,,,,,,,,,,0xFF01CC,1.0,11,1,83,
4762,2,,,,,,,,,,,,,,,,,0xFF01FE,,,,,,,,,,,,,,,,,0xFF01CC,1.0,11,1,84,
4763,2,,,,,,,,,,,,,,,,,0xFF01FE,,,,,,,,,,,,,,,,,0xFF01CC,1.0,11,1,85,
4764,2,,,,,,,,,,,,,,,,,0xFF01FE,,,,,,,,,,,,,,,,,0xFF01CC,1.0,11,1,86,
4765,2,,,,,,,,,,,,,,,,,0xFF01FE,,,,,,,,,,,,,,,,,0xFF01CC,1.0,11,1,87,
4766,2,,,,,,,,,,,,,,,,,0xFF01FE,,,,,,,,,,,,,,,,,0xFF01CC,1.0,11,1,88,
4767,2,,,,,,,,,,,,,,,,,0xFF01FE,,,,,,,,,,,,,,,,,0xFF01CC,1.0,11,1,89,
4768,2,,,,,,,,,,,,,,,,,0xFF01FE,,,,,,,,,,,,,,,,,0xFF01CC,1.0,11,1,90,
4769,2,,,,,,,,,,,,,,,,,0xFF01FE,,,,,,,,,,,,,,,,,0xFF01CC,1.0,11,1,91,
4770,2,,,,,,,,,,,,,,,,,0xFF01FE,,,,,,,,,,,,,,,,,0xFF01CC,1.0,11,1,92,
4771,2,,,,,,,,,,,,,,,,,0xFF01FE,,,,,,,,,,,,,,,,,0xFF01CC,1.0,11,1,93,
4772,2,,,,,,,,,,,,,,,,,0xFF01FE,,,,,,,,,,,,,,,,,0xFF01CC,1.0,11,1,94,
4773,2,,,,,,,,,,,,,,,,,0xFF01FE,,,,,,,,,,,,,,,,,0xFF01CC,1.0,11,1,95,
4774,2,,,,,,,,,,,,,,,,,0xFF01FE,,,,,,,,,,,,,,,,,0xFF01CC,1.0,11,1,96,
4775,2,,,,,,,,,,,,,,,,,0xFF01FE,,,,,,,,,,,,,,,,,0xFF01CC,1.0,11,1,97,
4776,2,,,,,,,,,,,,,,,,,0xFF01FE,,,,,,,,,,,,,,,,,0xFF01CC,1.0,11,1,98,
4777,2,,,,,,,,,,,,,,,,,0xFF01FE,,,,,,,,,,,,,,,,,0xFF01CC,1.0,11,1,99,
4778,2,,,,,,,,,,,,,,,,,0xFF01FE,,,,,,,,,,,,,,,,,0xFF01CC,1.0,11,1,100,
4779,2,,,,,,,,,,,,,,,,,0xFF01FE,,,,,,,,,,,,,,,,,0xFF01CC,1.0,11,1,101,
4780,2,,,,,,,,,,,,,,,,,0xFF01FE,,,,,,,,,,,,,,,,,0xFF01CC,1.0,11,1,102,
4781,2,,,,,,,,,,,,,,,,,0xFF01FE,,,,,,,,,,,,,,,,,0xFF01CC,1.0,11,1,103,
4782,2,,,,,,,,,,,,,,,,,0xFF01FE,,,,,,,,,,,,,,,,,0xFF01CC,1.0,11,1,104,
4783,2,,,,,,,,,,,,,,,,,0xFF01FE,,,,,,,,,,,,,,,,,0xFF01CC,1.0,11,1,105,
4784,2,,,,,,,,,,,,,,,,,0xFF01FE,,,,,,,,,,,,,,,,,0xFF01CC,1.0,11,1,106,
4785,2,,,,,,,,,,,,,,,,,0xFF01FE,,,,,,,,,,,,,,,,,0xFF01CC,1.0,11,1,107,
4786,2,,,,,,,,,,,,,,,,,0xFF01FE,,,,,,,,,,,,,,,,,0xFF01CC,1.0,11,1,108,
4787,2,,,,,,,,,,,,,,,,,0xFF01FE,,,,,,,,,,,,,,,,,0xFF01CC,1.0,11,1,109,
4788,2,,,,,,,,,,,,,,,,,0xFF01FE,,,,,,,,,,,,,,,,,0xFF01CC,1.0,11,1,110,
4789,2,,,,,,,,,,,,,,,,,0xFF01FE,,,,,,,,,,,,,,,,,0xFF01CC,1.0,11,1,111,
4790,2,,,,,,,,,,,,,,,,,0xFF01FE,,,,,,,,,,,,,,,,,0xFF01CC,1.0,11,1,112,
4791,2,,,,,,,,,,,,,,,,,0xFF01FE,,,,,,,,,,,,,,,,,0xFF01CC,1.0,11,1,113,
4792,2,,,,,,,,,,,,,,,,,0xFF01FE,,,,,,,,,,,,,,,,,0xFF01CC,1.0,11,1,114,
4793,2,,,,,,,,,,,,,,,,,0xFF01FE,,,,,,,,,,,,,,,,,0xFF01CC,1.0,11,1,115,
4794,2,,,,,,,,,,,,,,,,,0xFF01FE,,,,,,,,,,,,,,,,,0xFF01CC,1.0,11,1,116,
4795,2,,,,,,,,,,,,,,,,,0xFF01FE,,,,,,,,,,,,,,,,,0xFF01CC,1.0,11,1,117,
4796,2,,,,,,,,,,,,,,,,,0xFF01FE,,,,,,,,,,,,,,,,,0xFF01CC,1.0,11,1,118,
4797,2,,,,,,,,,,,,,,,,,0xFF01FE,,,,,,,,,,,,,,,,,0xFF01CC,1.0,11,1,119,
4798,2,,,,,,,,,,,,,,,,,0xFF01FE,,,,,,,,,,,,,,,,,0xFF01CC,1.0,11,1,120,
4799,2,,,,,,,,,,,,,,,,,0xFF01FE,,,,,,,,,,,,,,,,,0xFF01CC,1.0,11,1,121,
4800,2,,,,,,,,,,,,,,,,,0xFF01FE,,,,,,,,,,,,,,,,,0xFF01CC,1.0,11,1,122,
4801,2,,,,,,,,,,,,,,,,,0xFF01FE,,,,,,,,,,,,,,,,,0xFF01CC,1.0,11,1,123,
4802,2,,,,,,,,,,,,,,,,,0xFF01FE,,,,,,,,,,,,,,,,,0xFF01CC,1.0,11,1,124,
4803,2,,,,,,,,,,,,,,,,,0xFF01FE,,,,,,,,,,,,,,,,,0xFF01CC,1.0,11,1,125,
4804,2,,,,,,,,,,,,,,,,,0xFF01FE,,,,,,,,,,,,,,,,,0xFF01CC,1.0,11,1,126,
4805,2,,,,,,,,,,,,,,,,,0xFF01FE,,,,,,,,,,,,,,,,,0xFF01CC,1.0,11,1,127,
4806,2,,,,,,,,,,,,,,,,,0xFF01FE,,,,,,,,,,,,,,,,,0xFF01CC,1.0,11,1,128,
4807,2,,,,,,,,,,,,,,,,,0xFF01FE,,,,,,,,,,,,,,,,,0xFF01CC,1.0,11,1,129,
4808,2,,,,,,,,,,,,,,,,,0xFF01FE,,,,,,,,,,,,,,,,,0xFF01CC,1.0,11,1,130,
4809,2,,,,,,,,,,,,,,,,,0xFF01FE,,,,,,,,,,,,,,,,,0xFF01CC,1.0,11,1,131,
4810,2,,,,,,,,,,,,,,,,,0xFF01FE,,,,,,,,,,,,,,,,,0xFF01CC,1.0,11,1,132,
4811,2,,,,,,,,,,,,,,,,,0xFF01FE,,,,,,,,,,,,,,,,,0xFF01CC,1.0,11,1,133,
4812,2,,,,,,,,,,,,,,,,,0xFF01FE,,,,,,,,,,,,,,,,,0xFF01CC,1.0,11,1,134,
4813,2,,,,,,,,,,,,,,,,,0xFF01FE,,,,,,,,,,,,,,,,,0xFF01CC,1.0,11,1,135,
4814,2,,,,,,,,,,,,,,,,,0xFF01FE,,,,,,,,,,,,,,,,,0xFF01CC,1.0,11,1,136,
4815,2,,,,,,,,,,,,,,,,,0xFF01FE,,,,,,,,,,,,,,,,,0xFF01CC,1.0,11,1,137,
4816,2,,,,,,,,,,,,,,,,,0xFF01FE,,,,,,,,,,,,,,,,,0xFF01CC,1.0,11,1,138,
4817,2,,,,,,,,,,,,,,,,,0xFF01FE,,,,,,,,,,,,,,,,,0xFF01CC,1.0,11,1,139,
4818,2,,,,,,,,,,,,,,,,,0xFF01FE,,,,,,,,,,,,,,,,,0xFF01CC,1.0,11,1,140,
4819,2,,,,,,,,,,,,,,,,,0xFF01FE,,,,,,,,,,,,,,,,,0xFF01CC,1.0,11,1,141,
4820,2,,,,,,,,,,,,,,,,,0xFF01FE,,,,,,,,,,,,,,,,,0xFF01CC,1.0,11,1,142,
4821,2,,,,,,,,,,,,,,,,,0xFF01FE,,,,,,,,,,,,,,,,,0xFF01CC,1.0,11,1,143,
5536,0,,,,,,,,,,,,,,,,,0xFF01FE,,,,,,,,,,,,,,,,,0xFF01CC,1.0,25,0,0,
5537,0,,,,,,,,,,,,,,,,,0xFF01FE,,,,,,,,,,,,,,,,,0xFF01CC,1.0,25,0,1,
5538,0,,,,,,,,,,,,,,,,,0xFF01FE,,,,,,,,,,,,,,,,,0xFF01CC,1.0,25,0,2,
5539,0,,,,,,,,,,,,,,,,,0xFF01FE,,,,,,,,,,,,,,,,,0xFF01CC,1.0,25,0,3,
5540,0,,,,,,,,,,,,,,,,,0xFF01FE,,,,,,,,,,,,,,,,,0xFF01CC,1.0,25,0,4,
5541,0,,,,,,,,,,,,,,,,,0xFF01FE,,,,,,,,,,,,,,,,,0xFF01CC,1.0,25,0,5,
5542,0,,,,,,,,,,,,,,,,,0xFF01FE,,,,,,,,,,,,,,,,,0xFF01CC,1.0,25,0,6,
5543,0,,,,,,,,,,,,,,,,,0xFF01FE,,,,,,,,,,,,,,,,,0xFF01CC,1.0,25,0,7,
5544,0,,,,,,,,,,,,,,,,,0xFF01FE,,,,,,,,,,,,,,,,,0xFF01CC,1.0,25,0,8,
5545,0,,,,,,,,,,,,,,,,,0xFF01FE,,,,,,,,,,,,,,,,,0xFF01CC,1.0,25,0,9,
5546,0,,,,,,,,,,,,,,,,,0xFF01FE,,,,,,,,,,,,,,,,,0xFF01CC,1.0,25,0,10,
5547,0,,,,,,,,,,,,,,,,,0xFF01FE,,,,,,,,,,,,,,,,,0xFF01CC,1.0,25,0,11,
5548,0,,,,,,,,,,,,,,,,,0xFF01FE,,,,,,,,,,,,,,,,,0xFF01CC,1.0,25,0,12,
5549,0,,,,,,,,,,,,,,,,,0xFF01FE,,,,,,,,,,,,,,,,,0xFF01CC,1.0,25,0,13,
5550,0,,,,,,,,,,,,,,,,,0xFF01FE,,,,,,,,,,,,,,,,,0xFF01CC,1.0,25,0,14,
5551,0,,,,,,,,,,,,,,,,,0xFF01FE,,,,,,,,,,,,,,,,,0xFF01CC,1.0,25,0,15,
5552,0,,,,,,,,,,,,,,,,,0xFF01FE,,,,,,,,,,,,,,,,,0xFF01CC,1.0,25,0,16,
5553,0,,,,,,,,,,,,,,,,,0xFF01FE,,,,,,,,,,,,,,,,,0xFF01CC,1.0,25,0,17,
5554,0,,,,,,,,,,,,,,,,,0xFF01FE,,,,,,,,,,,,,,,,,0xFF01CC,1.0,25,0,18,
5555,0,,,,,,,,,,,,,,,,,0xFF01FE,,,,,,,,,,,,,,,,,0xFF01CC,1.0,25,0,19,
5556,0,,,,,,,,,,,,,,,,,0xFF01FE,,,,,,,,,,,,,,,,,0xFF01CC,1.0,25,0,20,
5557,0,,,,,,,,,,,,,,,,,0xFF01FE,,,,,,,,,,,,,,,,,0xFF01CC,1.0,25,0,21,
5558,1,,,,,,,,,,,,,,,,,0xFF01FE,,,,,,,,,,,,,,,,,0xFF01CC,1.0,25,0,0,
5559,1,,,,,,,,,,,,,,,,,0xFF01FE,,,,,,,,,,,,,,,,,0xFF01CC,1.0,25,0,1,
5560,1,,,,,,,,,,,,,,,,,0xFF01FE,,,,,,,,,,,,,,,,,0xFF01CC,1.0,25,0,2,
5561,1,,,,,,,,,,,,,,,,,0xFF01FE,,,,,,,,,,,,,,,,,0xFF01CC,1.0,25,0,3,
5562,1,,,,,,,,,,,,,,,,,0xFF01FE,,,,,,,,,,,,,,,,,0xFF01CC,1.0,25,0,4,
5563,1,,,,,,,,,,,,,,,,,0xFF01FE,,,,,,,,,,,,,,,,,0xFF01CC,1.0,25,0,5,
5564,1,,,,,,,,,,,,,,,,,0xFF01FE,,,,,,,,,,,,,,,,,0xFF01CC,1.0,25,0,6,
5565,1,,,,,,,,,,,,,,,,,0xFF01FE,,,,,,,,,,,,,,,,,0xFF01CC,1.0,25,0,7,
5566,1,,,,,,,,,,,,,,,,,0xFF01FE,,,,,,,,,,,,,,,,,0xFF01CC,1.0,25,0,8,
5567,1,,,,,,,,,,,,,,,,,0xFF01FE,,,,,,,,,,,,,,,,,0xFF01CC,1.0,25,0,9,
5568,1,,,,,,,,,,,,,,,,,0xFF01FE,,,,,,,,,,,,,,,,,0xFF01CC,1.0,25,0,10,
5569,1,,,,,,,,,,,,,,,,,0xFF01FE,,,,,,,,,,,,,,,,,0xFF01CC,1.0,25,0,11,
5570,1,,,,,,,,,,,,,,,,,0xFF01FE,,,,,,,,,,,,,,,,,0xFF01CC,1.0,25,0,12,
5571,2,,,,,,,,,,,,,,,,,0xFF01FE,,,,,,,,,,,,,,,,,0xFF01CC,1.0,25,0,0,
5572,2,,,,,,,,,,,,,,,,,0xFF01FE,,,,,,,,,,,,,,,,,0xFF01CC,1.0,25,0,1,
5573,2,,,,,,,,,,,,,,,,,0xFF01FE,,,,,,,,,,,,,,,,,0xFF01CC,1.0,25,0,2,
5574,2,,,,,,,,,,,,,,,,,0xFF01FE,,,,,,,,,,,,,,,,,0xFF01CC,1.0,25,0,3,
5575,2,,,,,,,,,,,,,,,,,0xFF01FE,,,,,,,,,,,,,,,,,0xFF01CC,1.0,25,0,4,
5576,2,,,,,,,,,,,,,,,,,0xFF01FE,,,,,,,,,,,,,,,,,0xFF01CC,1.0,25,0,5,
5577,2,,,,,,,,,,,,,,,,,0xFF01FE,,,,,,,,,,,,,,,,,0xFF01CC,1.0,25,0,6,
5578,2,,,,,,,,,,,,,,,,,0xFF01FE,,,,,,,,,,,,,,,,,0xFF01CC,1.0,25,0,7,
5579,2,,,,,,,,,,,,,,,,,0xFF01FE,,,,,,,,,,,,,,,,,0xFF01CC,1.0,25,0,8,
5580,2,,,,,,,,,,,,,,,,,0xFF01FE,,,,,,,,,,,,,,,,,0xFF01CC,1.0,25,0,9,
5581,2,,,,,,,,,,,,,,,,,0xFF01FE,,,,,,,,,,,,,,,,,0xFF01CC,1.0,25,0,10,
5582,2,,,,,,,,,,,,,,,,,0xFF01FE,,,,,,,,,,,,,,,,,0xFF01CC,1.0,25,0,11,
5583,2,,,,,,,,,,,,,,,,,0xFF01FE,,,,,,,,,,,,,,,,,0xFF01CC,1.0,25,0,12,
5584,2,,,,,,,,,,,,,,,,,0xFF01FE,,,,,,,,,,,,,,,,,0xFF01CC,1.0,25,0,13,
5585,2,,,,,,,,,,,,,,,,,0xFF01FE,,,,,,,,,,,,,,,,,0xFF01CC,1.0,25,0,14,
5586,2,,,,,,,,,,,,,,,,,0xFF01FE,,,,,,,,,,,,,,,,,0xFF01CC,1.0,25,0,15,
5587,2,,,,,,,,,,,,,,,,,0xFF01FE,,,,,,,,,,,,,,,,,0xFF01CC,1.0,25,0,16,
5588,2,,,,,,,,,,,,,,,,,0xFF01FE,,,,,,,,,,,,,,,,,0xFF01CC,1.0,25,0,17,
5589,2,,,,,,,,,,,,,,,,,0xFF01FE,,,,,,,,,,,,,,,,,0xFF01CC,1.0,25,0,18,
5590,2,,,,,,,,,,,,,,,,,0xFF01FE,,,,,,,,,,,,,,,,,0xFF01CC,1.0,25,0,19,
5591,2,,,,,,,,,,,,,,,,,0xFF01FE,,,,,,,,,,,,,,,,,0xFF01CC,1.0,25,0,20,
5592,2,,,,,,,,,,,,,,,,,0xFF01FE,,,,,,,,,,,,,,,,,0xFF01CC,1.0,25,0,21,
5593,2,,,,,,,,,,,,,,,,,0xFF01FE,,,,,,,,,,,,,,,,,0xFF01CC,1.0,25,0,22,
5594,2,,,,,,,,,,,,,,,,,0xFF01FE,,,,,,,,,,,,,,,,,0xFF01CC,1.0,25,0,23,
5595,2,,,,,,,,,,,,,,,,,0xFF01FE,,,,,,,,,,,,,,,,,0xFF01CC,1.0,25,0,24,
5596,2,,,,,,,,,,,,,,,,,0xFF01FE,,,,,,,,,,,,,,,,,0xFF01CC,1.0,25,0,25,
5597,2,,,,,,,,,,,,,,,,,0xFF01FE,,,,,,,,,,,,,,,,,0xFF01CC,1.0,25,0,26,
5598,2,,,,,,,,,,,,,,,,,0xFF01FE,,,,,,,,,,,,,,,,,0xFF01CC,1.0,25,0,27,
5599,2,,,,,,,,,,,,,,,,,0xFF01FE,,,,,,,,,,,,,,,,,0xFF01CC,1.0,25,0,28,
5600,2,,,,,,,,,,,,,,,,,0xFF01FE,,,,,,,,,,,,,,,,,0xFF01CC,1.0,25,0,29,
5601,2,,,,,,,,,,,,,,,,,0xFF01FE,,,,,,,,,,,,,,,,,0xFF01CC,1.0,25,0,30,
5602,2,,,,,,,,,,,,,,,,,0xFF01FE,,,,,,,,,,,,,,,,,0xFF01CC,1.0,25,0,31,
5603,2,,,,,,,,,,,,,,,,,0xFF01FE,,,,,,,,,,,,,,,,,0xFF01CC,1.0,25,0,32,
5604,2,,,,,,,,,,,,,,,,,0xFF01FE,,,,,,,,,,,,,,,,,0xFF01CC,1.0,25,0,33,
5605,2,,,,,,,,,,,,,,,,,0xFF01FE,,,,,,,,,,,,,,,,,0xFF01CC,1.0,25,0,34,
5606,2,,,,,,,,,,,,,,,,,0xFF01FE,,,,,,,,,,,,,,,,,0xFF01CC,1.0,25,0,35,
5607,2,,,,,,,,,,,,,,,,,0xFF01FE,,,,,,,,,,,,,,,,,0xFF01CC,1.0,25,0,36,
5608,2,,,,,,,,,,,,,,,,,0xFF01FE,,,,,,,,,,,,,,,,,0xFF01CC,1.0,25,0,37,
5609,2,,,,,,,,,,,,,,,,,0xFF01FE,,,,,,,,,,,,,,,,,0xFF01CC,1.0,25,0,38,
5610,2,,,,,,,,,,,,,,,,,0xFF01FE,,,,,,,,,,,,,,,,,0xFF01CC,1.0,25,0,39,
5611,2,,,,,,,,,,,,,,,,,0xFF01FE,,,,,,,,,,,,,,,,,0xFF01CC,1.0,25,0,40,
5612,2,,,,,,,,,,,,,,,,,0xFF01FE,,,,,,,,,,,,,,,,,0xFF01CC,1.0,25,0,41,
5613,2,,,,,,,,,,,,,,,,,0xFF01FE,,,,,,,,,,,,,,,,,0xFF01CC,1.0,25,0,42,
5614,2,,,,,,,,,,,,,,,,,0xFF01FE,,,,,,,,,,,,,,,,,0xFF01CC,1.0,25,0,43,
5615,2,,,,,,,,,,,,,,,,,0xFF01FE,,,,,,,,,,,,,,,,,0xFF01CC,1.0,25,0,44,
5616,2,,,,,,,,,,,,,,,,,0xFF01FE,,,,,,,,,,,,,,,,,0xFF01CC,1.0,25,0,45,
5617,2,,,,,,,,,,,,,,,,,0xFF01FE,,,,,,,,,,,,,,,,,0xFF01CC,1.0,25,0,46,
5618,2,,,,,,,,,,,,,,,,,0xFF01FE,,,,,,,,,,,,,,,,,0xFF01CC,1.0,25,0,47,
5619,2,,,,,,,,,,,,,,,,,0xFF01FE,,,,,,,,,,,,,,,,,0xFF01CC,1.0,25,0,48,
5620,2,,,,,,,,,,,,,,,,,0xFF01FE,,,,,,,,,,,,,,,,,0xFF01CC,1.0,25,0,49,
5621,2,,,,,,,,,,,,,,,,,0xFF01FE,,,,,,,,,,,,,,,,,0xFF01CC,1.0,25,0,50,
5622,2,,,,,,,,,,,,,,,,,0xFF01FE,,,,,,,,,,,,,,,,,0xFF01CC,1.0,25,0,51,
5623,2,,,,,,,,,,,,,,,,,0xFF01FE,,,,,,,,,,,,,,,,,0xFF01CC,1.0,25,0,52,
5624,2,,,,,,,,,,,,,,,,,0xFF01FE,,,,,,,,,,,,,,,,,0xFF01CC,1.0,25,0,53,
5625,2,,,,,,,,,,,,,,,,,0xFF01FE,,,,,,,,,,,,,,,,,0xFF01CC,1.0,25,0,54,
5626,2,,,,,,,,,,,,,,,,,0xFF01FE,,,,,,,,,,,,,,,,,0xFF01CC,1.0,25,0,55,
5627,2,,,,,,,,,,,,,,,,,0xFF01FE,,,,,,,,,,,,,,,,,0xFF01CC,1.0,25,0,56,
5628,2,,,,,,,,,,,,,,,,,0xFF01FE,,,,,,,,,,,,,,,,,0xFF01CC,1.0,25,0,57,
5629,2,,,,,,,,,,,,,,,,,0xFF01FE,,,,,,,,,,,,,,,,,0xFF01CC,1.0,25,0,58,
5630,2,,,,,,,,,,,,,,,,,0xFF01FE,,,,,,,,,,,,,,,,,0xFF01CC,1.0,25,0,59,
5631,2,,,,,,,,,,,,,,,,,0xFF01FE,,,,,,,,,,,,,,,,,0xFF01CC,1.0,25,0,60,
5632,2,,,,,,,,,,,,,,,,,0xFF01FE,,,,,,,,,,,,,,,,,0xFF01CC,1.0,25,0,61,
5633,2,,,,,,,,,,,,,,,,,0xFF01FE,,,,,,,,,,,,,,,,,0xFF01CC,1.0,25,0,62,
5634,2,,,,,,,,,,,,,,,,,0xFF01FE,,,,,,,,,,,,,,,,,0xFF01CC,1.0,25,0,63,
5635,2,,,,,,,,,,,,,,,,,0xFF01FE,,,,,,,,,,,,,,,,,0xFF01CC,1.0,25,0,64,
5636,2,,,,,,,,,,,,,,,,,0xFF01FE,,,,,,,,,,,,,,,,,0xFF01CC,1.0,25,0,65,
5637,2,,,,,,,,,,,,,,,,,0xFF01FE,,,,,,,,,,,,,,,,,0xFF01CC,1.0,25,0,66,
5638,2,,,,,,,,,,,,,,,,,0xFF01FE,,,,,,,,,,,,,,,,,0xFF01CC,1.0,25,0,67,
5639,2,,,,,,,,,,,,,,,,,0xFF01FE,,,,,,,,,,,,,,,,,0xFF01CC,1.0,25,0,68,
5640,2,,,,,,,,,,,,,,,,,0xFF01FE,,,,,,,,,,,,,,,,,0xFF01CC,1.0,25,0,69,
5641,2,,,,,,,,,,,,,,,,,0xFF01FE,,,,,,,,,,,,,,,,,0xFF01CC,1.0,25,0,70,
5642,2,,,,,,,,,,,,,,,,,0xFF01FE,,,,,,,,,,,,,,,,,0xFF01CC,1.0,25,0,71,
5643,2,,,,,,,,,,,,,,,,,0xFF01FE,,,,,,,,,,,,,,,,,0xFF01CC,1.0,25,0,72,
5644,2,,,,,,,,,,,,,,,,,0xFF01FE,,,,,,,,,,,,,,,,,0xFF01CC,1.0,25,0,73,
5645,2,,,,,,,,,,,,,,,,,0xFF01FE,,,,,,,,,,,,,,,,,0xFF01CC,1.0,25,0,74,
5646,2,,,,,,,,,,,,,,,,,0xFF01FE,,,,,,,,,,,,,,,,,0xFF01CC,1.0,25,0,75,
5647,2,,,,,,,,,,,,,,,,,0xFF01FE,,,,,,,,,,,,,,,,,0xFF01CC,1.0,25,0,76,
5648,2,,,,,,,,,,,,,,,,,0xFF01FE,,,,,,,,,,,,,,,,,0xFF01CC,1.0,25,0,77,
5649,2,,,,,,,,,,,,,,,,,0xFF01FE,,,,,,,,,,,,,,,,,0xFF01CC,1.0,25,0,78,
5650,2,,,,,,,,,,,,,,,,,0xFF01FE,,,,,,,,,,,,,,,,,0xFF01CC,1.0,25,0,79,
5651,2,,,,,,,,,,,,,,,,,0xFF01FE,,,,,,,,,,,,,,,,,0xFF01CC,1.0,25,0,80,
5652,2,,,,,,,,,,,,,,,,,0xFF01FE,,,,,,,,,,,,,,,,,0xFF01CC,1.0,25,0,81,
5653,2,,,,,,,,,,,,,,,,,0xFF01FE,,,,,,,,,,,,,,,,,0xFF01CC,1.0,25,0,82,
5654,2,,,,,,,,,,,,,,,,,0xFF01FE,,,,,,,,,,,,,,,,,0xFF01CC,1.0,25,0,83,
5655,2,,,,,,,,,,,,,,,,,0xFF01FE,,,,,,,,,,,,,,,,,0xFF01CC,1.0,25,0,84,
5656,2,,,,,,,,,,,,,,,,,0xFF01FE,,,,,,,,,,,,,,,,,0xFF01CC,1.0,25,0,85,
5657,2,,,,,,,,,,,,,,,,,0xFF01FE,,,,,,,,,,,,,,,,,0xFF01CC,1.0,25,0,86,
5658,2,,,,,,,,,,,,,,,,,0xFF01FE,,,,,,,,,,,,,,,,,0xFF01CC,1.0,25,0,87,
5659,2,,,,,,,,,,,,,,,,,0xFF01FE,,,,,,,,,,,,,,,,,0xFF01CC,1.0,25,0,88,
5660,2,,,,,,,,,,,,,,,,,0xFF01FE,,,,,,,,,,,,,,,,,0xFF01CC,1.0,25,0,89,
5661,2,,,,,,,,,,,,,,,,,0xFF01FE,,,,,,,,,,,,,,,,,0xFF01CC,1.0,25,0,90,
5662,2,,,,,,,,,,,,,,,,,0xFF01FE,,,,,,,,,,,,,,,,,0xFF01CC,1.0,25,0,91,
5663,2,,,,,,,,,,,,,,,,,0xFF01FE,,,,,,,,,,,,,,,,,0xFF01CC,1.0,25,0,92,
5664,2,,,,,,,,,,,,,,,,,0xFF01FE,,,,,,,,,,,,,,,,,0xFF01CC,1.0,25,0,93,
5665,2,,,,,,,,,,,,,,,,,0xFF01FE,,,,,,,,,,,,,,,,,0xFF01CC,1.0,25,0,94,
5666,2,,,,,,,,,,,,,,,,,0xFF01FE,,,,,,,,,,,,,,,,,0xFF01CC,1.0,25,0,95,
5667,2,,,,,,,,,,,,,,,,,0xFF01FE,,,,,,,,,,,,,,,,,0xFF01CC,1.0,25,0,96,
5668,2,,,,,,,,,,,,,,,,,0xFF01FE,,,,,,,,,,,,,,,,,0xFF01CC,1.0,25,0,97,
5669,2,,,,,,,,,,,,,,,,,0xFF01FE,,,,,,,,,,,,,,,,,0xFF01CC,1.0,25,0,98,
5670,2,,,,,,,,,,,,,,,,,0xFF01FE,,,,,,,,,,,,,,,,,0xFF01CC,1.0,25,0,99,
5671,2,,,,,,,,,,,,,,,,,0xFF01FE,,,,,,,,,,,,,,,,,0xFF01CC,1.0,25,0,100,
5672,2,,,,,,,,,,,,,,,,,0xFF01FE,,,,,,,,,,,,,,,,,0xFF01CC,1.0,25,0,101,
5673,2,,,,,,,,,,,,,,,,,0xFF01FE,,,,,,,,,,,,,,,,,0xFF01CC,1.0,25,0,102,
5674,2,,,,,,,,,,,,,,,,,0xFF01FE,,,,,,,,,,,,,,,,,0xFF01CC,1.0,25,0,103,
5675,2,,,,,,,,,,,,,,,,,0xFF01FE,,,,,,,,,,,,,,,,,0xFF01CC,1.0,25,0,104,
5676,2,,,,,,,,,,,,,,,,,0xFF01FE,,,,,,,,,,,,,,,,,0xFF01CC,1.0,25,0,105,
5677,2,,,,,,,,,,,,,,,,,0xFF01FE,,,,,,,,,,,,,,,,,0xFF01CC,1.0,25,0,106,
5678,2,,,,,,,,,,,,,,,,,0xFF01FE,,,,,,,,,,,,,,,,,0xFF01CC,1.0,25,0,107,
5679,2,,,,,,,,,,,,,,,,,0xFF01FE,,,,,,,,,,,,,,,,,0xFF01CC,1.0,25,0,108,
5680,2,,,,,,,,,,,,,,,,,0xFF01FE,,,,,,,,,,,,,,,,,0xFF01CC,1.0,25,0,109,
5681,2,,,,,,,,,,,,,,,,,0xFF01FE,,,,,,,,,,,,,,,,,0xFF01CC,1.0,25,0,110,
5682,2,,,,,,,,,,,,,,,,,0xFF01FE,,,,,,,,,,,,,,,,,0xFF01CC,1.0,25,0,111,
5683,2,,,,,,,,,,,,,,,,,0xFF01FE,,,,,,,,,,,,,,,,,0xFF01CC,1.0,25,0,112,
5684,2,,,,,,,,,,,,,,,,,0xFF01FE,,,,,,,,,,,,,,,,,0xFF01CC,1.0,25,0,113,
5685,2,,,,,,,,,,,,,,,,,0xFF01FE,,,,,,,,,,,,,,,,,0xFF01CC,1.0,25,0,114,
5686,2,,,,,,,,,,,,,,,,,0xFF01FE,,,,,,,,,,,,,,,,,0xFF01CC,1.0,25,0,115,
5687,2,,,,,,,,,,,,,,,,,0xFF01FE,,,,,,,,,,,,,,,,,0xFF01CC,1.0,25,0,116,
5688,2,,,,,,,,,,,,,,,,,0xFF01FE,,,,,,,,,,,,,,,,,0xFF01CC,1.0,25,0,117,
5689,2,,,,,,,,,,,,,,,,,0xFF01FE,,,,,,,,,,,,,,,,,0xFF01CC,1.0,25,0,118,
5690,2,,,,,,,,,,,,,,,,,0xFF01FE,,,,,,,,,,,,,,,,,0xFF01CC,1.0,25,0,119,
5691,2,,,,,,,,,,,,,,,,,0xFF01FE,,,,,,,,,,,,,,,,,0xFF01CC,1.0,25,0,120,
5692,2,,,,,,,,,,,,,,,,,0xFF01FE,,,,,,,,,,,,,,,,,0xFF01CC,1.0,25,0,121,
5693,2,,,,,,,,,,,,,,,,,0xFF01FE,,,,,,,,,,,,,,,,,0xFF01CC,1.0,25,0,122,
5694,2,,,,,,,,,,,,,,,,,0xFF01FE,,,,,,,,,,,,,,,,,0xFF01CC,1.0,25,0,123,
5695,2,,,,,,,,,,,,,,,,,0xFF01FE,,,,,,,,,,,,,,,,,0xFF01CC,1.0,25,0,124,
5696,2,,,,,,,,,,,,,,,,,0xFF01FE,,,,,,,,,,,,,,,,,0xFF01CC,1.0,25,0,125,
5697,2,,,,,,,,,,,,,,,,,0xFF01FE,,,,,,,,,,,,,,,,,0xFF01CC,1.0,25,0,126,
5698,2,,,,,,,,,,,,,,,,,0xFF01FE,,,,,,,,,,,,,,,,,0xFF01CC,1.0,25,0,127,
5699,2,,,,,,,,,,,,,,,,,0xFF01FE,,,,,,,,,,,,,,,,,0xFF01CC,1.0,25,0,128,
5700,2,,,,,,,,,,,,,,,,,0xFF01FE,,,,,,,,,,,,,,,,,0xFF01CC,1.0,25,0,129,
5701,2,,,,,,,,,,,,,,,,,0xFF01FE,,,,,,,,,,,,,,,,,0xFF01CC,1.0,25,0,130,
5702,2,,,,,,,,,,,,,,,,,0xFF01FE,,,,,,,,,,,,,,,,,0xFF01CC,1.0,25,0,131,
5703,2,,,,,,,,,,,,,,,,,0xFF01FE,,,,,,,,,,,,,,,,,0xFF01CC,1.0,25,0,132,
5704,2,,,,,,,,,,,,,,,,,0xFF01FE,,,,,,,,,,,,,,,,,0xFF01CC,1.0,25,0,133,
5705,2,,,,,,,,,,,,,,,,,0xFF01FE,,,,,,,,,,,,,,,,,0xFF01CC,1.0,25,0,134,
5706,2,,,,,,,,,,,,,,,,,0xFF01FE,,,,,,,,,,,,,,,,,0xFF01CC,1.0,25,0,135,
5707,2,,,,,,,,,,,,,,,,,0xFF01FE,,,,,,,,,,,,,,,,,0xFF01CC,1.0,25,0,136,
5708,2,,,,,,,,,,,,,,,,,0xFF01FE,,,,,,,,,,,,,,,,,0xFF01CC,1.0,25,0,137,
5709,2,,,,,,,,,,,,,,,,,0xFF01FE,,,,,,,,,,,,,,,,,0xFF01CC,1.0,25,0,138,
5710,2,,,,,,,,,,,,,,,,,0xFF01FE,,,,,,,,,,,,,,,,,0xFF01CC,1.0,25,0,139,
5711,3,,,,,,,,,,,,,,,,,0xFF01FE,,,,,,,,,,,,,,,,,0xFF01CC,1.0,25,0,0,
5712,3,,,,,,,,,,,,,,,,,0xFF01FE,,,,,,,,,,,,,,,,,0xFF01CC,1.0,25,0,1,
5713,3,,,,,,,,,,,,,,,,,0xFF01FE,,,,,,,,,,,,,,,,,0xFF01CC,1.0,25,0,2,
5714,3,,,,,,,,,,,,,,,,,0xFF01FE,,,,,,,,,,,,,,,,,0xFF01CC,1.0,25,0,3,
5715,3,,,,,,,,,,,,,,,,,0xFF01FE,,,,,,,,,,,,,,,,,0xFF01CC,1.0,25,0,4,
5716,3,,,,,,,,,,,,,,,,,0xFF01FE,,,,,,,,,,,,,,,,,0xFF01CC,1.0,25,0,5,
5717,3,,,,,,,,,,,,,,,,,0xFF01FE,,,,,,,,,,,,,,,,,0xFF01CC,1.0,25,0,6,
5718,3,,,,,,,,,,,,,,,,,0xFF01FE,,,,,,,,,,,,,,,,,0xFF01CC,1.0,25,0,7,
5719,3,,,,,,,,,,,,,,,,,0xFF01FE,,,,,,,,,,,,,,,,,0xFF01CC,1.0,25,0,8,
5720,3,,,,,,,,,,,,,,,,,0xFF01FE,,,,,,,,,,,,,,,,,0xFF01CC,1.0,25,0,9,
5721,3,,,,,,,,,,,,,,,,,0xFF01FE,,,,,,,,,,,,,,,,,0xFF01CC,1.0,25,0,10,
5722,3,,,,,,,,,,,,,,,,,0xFF01FE,,,,,,,,,,,,,,,,,0xFF01CC,1.0,25,0,11,
5723,3,,,,,,,,,,,,,,,,,0xFF01FE,,,,,,,,,,,,,,,,,0xFF01CC,1.0,25,0,12,
5724,3,,,,,,,,,,,,,,,,,0xFF01FE,,,,,,,,,,,,,,,,,0xFF01CC,1.0,25,0,13,
5725,3,,,,,,,,,,,,,,,,,0xFF01FE,,,,,,,,,,,,,,,,,0xFF01CC,1.0,25,0,14,
5726,3,,,,,,,,,,,,,,,,,0xFF01FE,,,,,,,,,,,,,,,,,0xFF01CC,1.0,25,0,15,
5727,3,,,,,,,,,,,,,,,,,0xFF01FE,,,,,,,,,,,,,,,,,0xFF01CC,1.0,25,0,16,
5728,3,,,,,,,,,,,,,,,,,0xFF01FE,,,,,,,,,,,,,,,,,0xFF01CC,1.0,25,0,17,
5729,3,,,,,,,,,,,,,,,,,0xFF01FE,,,,,,,,,,,,,,,,,0xFF01CC,1.0,25,0,18,
5730,3,,,,,,,,,,,,,,,,,0xFF01FE,,,,,,,,,,,,,,,,,0xFF01CC,1.0,25,0,19,
5731,3,,,,,,,,,,,,,,,,,0xFF01FE,,,,,,,,,,,,,,,,,0xFF01CC,1.0,25,0,20,
5732,0,,,,,,,,,,,,,,,,,0xFF01FE,,,,,,,,,,,,,,,,,0xFF01CC,1.0,25,1,0,
5733,0,,,,,,,,,,,,,,,,,0xFF01FE,,,,,,,,,,,,,,,,,0xFF01CC,1.0,25,1,1,
5734,0,,,,,,,,,,,,,,,,,0xFF01FE,,,,,,,,,,,,,,,,,0xFF01CC,1.0,25,1,2,
5735,0,,,,,,,,,,,,,,,,,0xFF01FE,,,,,,,,,,,,,,,,,0xFF01CC,1.0,25,1,3,
5736,0,,,,,,,,,,,,,,,,,0xFF01FE,,,,,,,,,,,,,,,,,0xFF01CC,1.0,25,1,4,
5737,0,,,,,,,,,,,,,,,,,0xFF01FE,,,,,,,,,,,,,,,,,0xFF01CC,1.0,25,1,5,
5738,0,,,,,,,,,,,,,,,,,0xFF01FE,,,,,,,,,,,,,,,,,0xFF01CC,1.0,25,1,6,
5739,0,,,,,,,,,,,,,,,,,0xFF01FE,,,,,,,,,,,,,,,,,0xFF01CC,1.0,25,1,7,
5740,0,,,,,,,,,,,,,,,,,0xFF01FE,,,,,,,,,,,,,,,,,0xFF01CC,1.0,25,1,8,
5741,0,,,,,,,,,,,,,,,,,0xFF01FE,,,,,,,,,,,,,,,,,0xFF01CC,1.0,25,1,9,
5742,0,,,,,,,,,,,,,,,,,0xFF01FE,,,,,,,,,,,,,,,,,0xFF01CC,1.0,25,1,10,
5743,0,,,,,,,,,,,,,,,,,0xFF01FE,,,,,,,,,,,,,,,,,0xFF01CC,1.0,25,1,11,
5744,0,,,,,,,,,,,,,,,,,0xFF01FE,,,,,,,,,,,,,,,,,0xFF01CC,1.0,25,1,12,
5745,0,,,,,,,,,,,,,,,,,0xFF01FE,,,,,,,,,,,,,,,,,0xFF01CC,1.0,25,1,13,
5746,0,,,,,,,,,,,,,,,,,0xFF01FE,,,,,,,,,,,,,,,,,0xFF01CC,1.0,25,1,14,
5747,0,,,,,,,,,,,,,,,,,0xFF01FE,,,,,,,,,,,,,,,,,0xFF01CC,1.0,25,1,15,
5748,0,,,,,,,,,,,,,,,,,0xFF01FE,,,,,,,,,,,,,,,,,0xFF01CC,1.0,25,1,16,
5749,0,,,,,,,,,,,,,,,,,0xFF01FE,,,,,,,,,,,,,,,,,0xFF01CC,1.0,25,1,17,
5750,0,,,,,,,,,,,,,,,,,0xFF01FE,,,,,,,,,,,,,,,,,0xFF01CC,1.0,25,1,18,
5751,0,,,,,,,,,,,,,,,,,0xFF01FE,,,,,,,,,,,,,,,,,0xFF01CC,1.0,25,1,19,
5752,1,,,,,,,,,,,,,,,,,0xFF01FE,,,,,,,,,,,,,,,,,0xFF01CC,1.0,25,1,0,
5753,1,,,,,,,,,,,,,,,,,0xFF01FE,,,,,,,,,,,,,,,,,0xFF01CC,1.0,25,1,1,
5754,1,,,,,,,,,,,,,,,,,0xFF01FE,,,,,,,,,,,,,,,,,0xFF01CC,1.0,25,1,2,
5755,1,,,,,,,,,,,,,,,,,0xFF01FE,,,,,,,,,,,,,,,,,0xFF01CC,1.0,25,1,3,
5756,1,,,,,,,,,,,,,,,,,0xFF01FE,,,,,,,,,,,,,,,,,0xFF01CC,1.0,25,1,4,
5757,1,,,,,,,,,,,,,,,,,0xFF01FE,,,,,,,,,,,,,,,,,0xFF01CC,1.0,25,1,5,
5758,1,,,,,,,,,,,,,,,,,0xFF01FE,,,,,,,,,,,,,,,,,0xFF01CC,1.0,25,1,6,
5759,1,,,,,,,,,,,,,,,,,0xFF01FE,,,,,,,,,,,,,,,,,0xFF01CC,1.0,25,1,7,
5760,1,,,,,,,,,,,,,,,,,0xFF01FE,,,,,,,,,,,,,,,,,0xFF01CC,1.0,25,1,8,
5761,1,,,,,,,,,,,,,,,,,0xFF01FE,,,,,,,,,,,,,,,,,0xFF01CC,1.0,25,1,9,
5762,1,,,,,,,,,,,,,,,,,0xFF01FE,,,,,,,,,,,,,,,,,0xFF01CC,1.0,25,1,10,
5763,1,,,,,,,,,,,,,,,,,0xFF01FE,,,,,,,,,,,,,,,,,0xFF01CC,1.0,25,1,11,
5764,1,,,,,,,,,,,,,,,,,0xFF01FE,,,,,,,,,,,,,,,,,0xFF01CC,1.0,25,1,12,
5765,1,,,,,,,,,,,,,,,,,0xFF01FE,,,,,,,,,,,,,,,,,0xFF01CC,1.0,25,1,13,
5766,1,,,,,,,,,,,,,,,,,0xFF01FE,,,,,,,,,,,,,,,,,0xFF01CC,1.0,25,1,14,
5767,1,,,,,,,,,,,,,,,,,0xFF01FE,,,,,,,,,,,,,,,,,0xFF01CC,1.0,25,1,15,
5768,1,,,,,,,,,,,,,,,,,0xFF01FE,,,,,,,,,,,,,,,,,0xFF01CC,1.0,25,1,16,
5769,1,,,,,,,,,,,,,,,,,0xFF01FE,,,,,,,,,,,,,,,,,0xFF01CC,1.0,25,1,17,
5770,1,,,,,,,,,,,,,,,,,0xFF01FE,,,,,,,,,,,,,,,,,0xFF01CC,1.0,25,1,18,
5771,1,,,,,,,,,,,,,,,,,0xFF01FE,,,,,,,,,,,,,,,,,0xFF01CC,1.0,25,1,19,
5772,1,,,,,,,,,,,,,,,,,0xFF01FE,,,,,,,,,,,,,,,,,0xFF01CC,1.0,25,1,20,
5773,1,,,,,,,,,,,,,,,,,0xFF01FE,,,,,,,,,,,,,,,,,0xFF01CC,1.0,25,1,21,
5774,1,,,,,,,,,,,,,,,,,0xFF01FE,,,,,,,,,,,,,,,,,0xFF01CC,1.0,25,1,22,
5775,1,,,,,,,,,,,,,,,,,0xFF01FE,,,,,,,,,,,,,,,,,0xFF01CC,1.0,25,1,23,
5776,1,,,,,,,,,,,,,,,,,0xFF01FE,,,,,,,,,,,,,,,,,0xFF01CC,1.0,25,1,24,
5777,1,,,,,,,,,,,,,,,,,0xFF01FE,,,,,,,,,,,,,,,,,0xFF01CC,1.0,25,1,25,
5778,1,,,,,,,,,,,,,,,,,0xFF01FE,,,,,,,,,,,,,,,,,0xFF01CC,1.0,25,1,26,
5779,1,,,,,,,,,,,,,,,,,0xFF01FE,,,,,,,,,,,,,,,,,0xFF01CC,1.0,25,1,27,
5780,1,,,,,,,,,,,,,,,,,0xFF01FE,,,,,,,,,,,,,,,,,0xFF01CC,1.0,25,1,28,
5781,1,,,,,,,,,,,,,,,,,0xFF01FE,,,,,,,,,,,,,,,,,0xFF01CC,1.0,25,1,29,
5782,1,,,,,,,,,,,,,,,,,0xFF01FE,,,,,,,,,,,,,,,,,0xFF01CC,1.0,25,1,30,
5783,1,,,,,,,,,,,,,,,,,0xFF01FE,,,,,,,,,,,,,,,,,0xFF01CC,1.0,25,1,31,
5784,1,,,,,,,,,,,,,,,,,0xFF01FE,,,,,,,,,,,,,,,,,0xFF01CC,1.0,25,1,32,
5785,1,,,,,,,,,,,,,,,,,0xFF01FE,,,,,,,,,,,,,,,,,0xFF01CC,1.0,25,1,33,
5786,1,,,,,,,,,,,,,,,,,0xFF01FE,,,,,,,,,,,,,,,,,0xFF01CC,1.0,25,1,34,
5787,1,,,,,,,,,,,,,,,,,0xFF01FE,,,,,,,,,,,,,,,,,0xFF01CC,1.0,25,1,35,
5788,1,,,,,,,,,,,,,,,,,0xFF01FE,,,,,,,,,,,,,,,,,0xFF01CC,1.0,25,1,36,
5789,1,,,,,,,,,,,,,,,,,0xFF01FE,,,,,,,,,,,,,,,,,0xFF01CC,1.0,25,1,37,
5790,1,,,,,,,,,,,,,,,,,0xFF01FE,,,,,,,,,,,,,,,,,0xFF01CC,1.0,25,1,38,
5791,1,,,,,,,,,,,,,,,,,0xFF01FE,,,,,,,,,,,,,,,,,0xFF01CC,1.0,25,1,39,
5792,1,,,,,,,,,,,,,,,,,0xFF01FE,,,,,,,,,,,,,,,,,0xFF01CC,1.0,25,1,40,
5793,1,,,,,,,,,,,,,,,,,0xFF01FE,,,,,,,,,,,,,,,,,0xFF01CC,1.0,25,1,41,
5794,1,,,,,,,,,,,,,,,,,0xFF01FE,,,,,,,,,,,,,,,,,0xFF01CC,1.0,25,1,42,
5795,1,,,,,,,,,,,,,,,,,0xFF01FE,,,,,,,,,,,,,,,,,0xFF01CC,1.0,25,1,43,
5796,1,,,,,,,,,,,,,,,,,0xFF01FE,,,,,,,,,,,,,,,,,0xFF01CC,1.0,25,1,44,
5797,1,,,,,,,,,,,,,,,,,0xFF01FE,,,,,,,,,,,,,,,,,0xFF01CC,1.0,25,1,45,
5798,1,,,,,,,,,,,,,,,,,0xFF01FE,,,,,,,,,,,,,,,,,0xFF01CC,1.0,25,1,46,
5799,1,,,,,,,,,,,,,,,,,0xFF01FE,,,,,,,,,,,,,,,,,0xFF01CC,1.0,25,1,47,
5800,1,,,,,,,,,,,,,,,,,0xFF01FE,,,,,,,,,,,,,,,,,0xFF01CC,1.0,25,1,48,
5801,1,,,,,,,,,,,,,,,,,0xFF01FE,,,,,,,,,,,,,,,,,0xFF01CC,1.0,25,1,49,
5802,1,,,,,,,,,,,,,,,,,0xFF01FE,,,,,,,,,,,,,,,,,0xFF01CC,1.0,25,1,50,
5803,1,,,,,,,,,,,,,,,,,0xFF01FE,,,,,,,,,,,,,,,,,0xFF01CC,1.0,25,1,51,
5804,1,,,,,,,,,,,,,,,,,0xFF01FE,,,,,,,,,,,,,,,,,0xFF01CC,1.0,25,1,52,
5805,1,,,,,,,,,,,,,,,,,0xFF01FE,,,,,,,,,,,,,,,,,0xFF01CC,1.0,25,1,53,
5806,1,,,,,,,,,,,,,,,,,0xFF01FE,,,,,,,,,,,,,,,,,0xFF01CC,1.0,25,1,54,
5807,1,,,,,,,,,,,,,,,,,0xFF01FE,,,,,,,,,,,,,,,,,0xFF01CC,1.0,25,1,55,
5808,1,,,,,,,,,,,,,,,,,0xFF01FE,,,,,,,,,,,,,,,,,0xFF01CC,1.0,25,1,56,
5809,1,,,,,,,,,,,,,,,,,0xFF01FE,,,,,,,,,,,,,,,,,0xFF01CC,1.0,25,1,57,
5810,1,,,,,,,,,,,,,,,,,0xFF01FE,,,,,,,,,,,,,,,,,0xFF01CC,1.0,25,1,58,
5811,1,,,,,,,,,,,,,,,,,0xFF01FE,,,,,,,,,,,,,,,,,0xFF01CC,1.0,25,1,59,
5812,1,,,,,,,,,,,,,,,,,0xFF01FE,,,,,,,,,,,,,,,,,0xFF01CC,1.0,25,1,60,
5813,1,,,,,,,,,,,,,,,,,0xFF01FE,,,,,,,,,,,,,,,,,0xFF01CC,1.0,25,1,61,
5814,1,,,,,,,,,,,,,,,,,0xFF01FE,,,,,,,,,,,,,,,,,0xFF01CC,1.0,25,1,62,
5815,1,,,,,,,,,,,,,,,,,0xFF01FE,,,,,,,,,,,,,,,,,0xFF01CC,1.0,25,1,63,
5816,1,,,,,,,,,,,,,,,,,0xFF01FE,,,,,,,,,,,,,,,,,0xFF01CC,1.0,25,1,64,
5817,1,,,,,,,,,,,,,,,,,0xFF01FE,,,,,,,,,,,,,,,,,0xFF01CC,1.0,25,1,65,
5818,1,,,,,,,,,,,,,,,,,0xFF01FE,,,,,,,,,,,,,,,,,0xFF01CC,1.0,25,1,66,
5819,1,,,,,,,,,,,,,,,,,0xFF01FE,,,,,,,,,,,,,,,,,0xFF01CC,1.0,25,1,67,
5820,1,,,,,,,,,,,,,,,,,0xFF01FE,,,,,,,,,,,,,,,,,0xFF01CC,1.0,25,1,68,
5821,1,,,,,,,,,,,,,,,,,0xFF01FE,,,,,,,,,,,,,,,,,0xFF01CC,1.0,25,1,69,
5822,1,,,,,,,,,,,,,,,,,0xFF01FE,,,,,,,,,,,,,,,,,0xFF01CC,1.0,25,1,70,
5823,1,,,,,,,,,,,,,,,,,0xFF01FE,,,,,,,,,,,,,,,,,0xFF01CC,1.0,25,1,71,
5824,1,,,,,,,,,,,,,,,,,0xFF01FE,,,,,,,,,,,,,,,,,0xFF01CC,1.0,25,1,72,
5825,1,,,,,,,,,,,,,,,,,0xFF01FE,,,,,,,,,,,,,,,,,0xFF01CC,1.0,25,1,73,
5826,1,,,,,,,,,,,,,,,,,0xFF01FE,,,,,,,,,,,,,,,,,0xFF01CC,1.0,25,1,74,
5827,1,,,,,,,,,,,,,,,,,0xFF01FE,,,,,,,,,,,,,,,,,0xFF01CC,1.0,25,1,75,
5828,1,,,,,,,,,,,,,,,,,0xFF01FE,,,,,,,,,,,,,,,,,0xFF01CC,1.0,25,1,76,
5829,1,,,,,,,,,,,,,,,,,0xFF01FE,,,,,,,,,,,,,,,,,0xFF01CC,1.0,25,1,77,
5830,1,,,,,,,,,,,,,,,,,0xFF01FE,,,,,,,,,,,,,,,,,0xFF01CC,1.0,25,1,78,
5831,1,,,,,,,,,,,,,,,,,0xFF01FE,,,,,,,,,,,,,,,,,0xFF01CC,1.0,25,1,79,
5832,1,,,,,,,,,,,,,,,,,0xFF01FE,,,,,,,,,,,,,,,,,0xFF01CC,1.0,25,1,80,
5833,1,,,,,,,,,,,,,,,,,0xFF01FE,,,,,,,,,,,,,,,,,0xFF01CC,1.0,25,1,81,
5834,1,,,,,,,,,,,,,,,,,0xFF01FE,,,,,,,,,,,,,,,,,0xFF01CC,1.0,25,1,82,
5835,1,,,,,,,,,,,,,,,,,0xFF01FE,,,,,,,,,,,,,,,,,0xFF01CC,1.0,25,1,83,
5836,1,,,,,,,,,,,,,,,,,0xFF01FE,,,,,,,,,,,,,,,,,0xFF01CC,1.0,25,1,84,
5837,1,,,,,,,,,,,,,,,,,0xFF01FE,,,,,,,,,,,,,,,,,0xFF01CC,1.0,25,1,85,
5838,1,,,,,,,,,,,,,,,,,0xFF01FE,,,,,,,,,,,,,,,,,0xFF01CC,1.0,25,1,86,
5839,1,,,,,,,,,,,,,,,,,0xFF01FE,,,,,,,,,,,,,,,,,0xFF01CC,1.0,25,1,87,
5840,1,,,,,,,,,,,,,,,,,0xFF01FE,,,,,,,,,,,,,,,,,0xFF01CC,1.0,25,1,88,
5841,1,,,,,,,,,,,,,,,,,0xFF01FE,,,,,,,,,,,,,,,,,0xFF01CC,1.0,25,1,89,
5842,1,,,,,,,,,,,,,,,,,0xFF01FE,,,,,,,,,,,,,,,,,0xFF01CC,1.0,25,1,90,
5843,1,,,,,,,,,,,,,,,,,0xFF01FE,,,,,,,,,,,,,,,,,0xFF01CC,1.0,25,1,91,
5844,1,,,,,,,,,,,,,,,,,0xFF01FE,,,,,,,,,,,,,,,,,0xFF01CC,1.0,25,1,92,
5845,1,,,,,,,,,,,,,,,,,0xFF01FE,,,,,,,,,,,,,,,,,0xFF01CC,1.0,25,1,93,
5846,1,,,,,,,,,,,,,,,,,0xFF01FE,,,,,,,,,,,,,,,,,0xFF01CC,1.0,25,1,94,
5847,1,,,,,,,,,,,,,,,,,0xFF01FE,,,,,,,,,,,,,,,,,0xFF01CC,1.0,25,1,95,
5848,1,,,,,,,,,,,,,,,,,0xFF01FE,,,,,,,,,,,,,,,,,0xFF01CC,1.0,25,1,96,
5849,1,,,,,,,,,,,,,,,,,0xFF01FE,,,,,,,,,,,,,,,,,0xFF01CC,1.0,25,1,97,
5850,1,,,,,,,,,,,,,,,,,0xFF01FE,,,,,,,,,,,,,,,,,0xFF01CC,1.0,25,1,98,
5851,1,,,,,,,,,,,,,,,,,0xFF01FE,,,,,,,,,,,,,,,,,0xFF01CC,1.0,25,1,99,
5852,1,,,,,,,,,,,,,,,,,0xFF01FE,,,,,,,,,,,,,,,,,0xFF01CC,1.0,25,1,100,
5853,1,,,,,,,,,,,,,,,,,0xFF01FE,,,,,,,,,,,,,,,,,0xFF01CC,1.0,25,1,101,
5854,1,,,,,,,,,,,,,,,,,0xFF01FE,,,,,,,,,,,,,,,,,0xFF01CC,1.0,25,1,102,
5855,1,,,,,,,,,,,,,,,,,0xFF01FE,,,,,,,,,,,,,,,,,0xFF01CC,1.0,25,1,103,
5856,1,,,,,,,,,,,,,,,,,0xFF01FE,,,,,,,,,,,,,,,,,0xFF01CC,1.0,25,1,104,
5857,1,,,,,,,,,,,,,,,,,0xFF01FE,,,,,,,,,,,,,,,,,0xFF01CC,1.0,25,1,105,
5858,1,,,,,,,,,,,,,,,,,0xFF01FE,,,,,,,,,,,,,,,,,0xFF01CC,1.0,25,1,106,
5859,1,,,,,,,,,,,,,,,,,0xFF01FE,,,,,,,,,,,,,,,,,0xFF01CC,1.0,25,1,107,
5860,1,,,,,,,,,,,,,,,,,0xFF01FE,,,,,,,,,,,,,,,,,0xFF01CC,1.0,25,1,108,
5861,1,,,,,,,,,,,,,,,,,0xFF01FE,,,,,,,,,,,,,,,,,0xFF01CC,1.0,25,1,109,
5862,1,,,,,,,,,,,,,,,,,0xFF01FE,,,,,,,,,,,,,,,,,0xFF01CC,1.0,25,1,110,
5863,1,,,,,,,,,,,,,,,,,0xFF01FE,,,,,,,,,,,,,,,,,0xFF01CC,1.0,25,1,111,
5864,1,,,,,,,,,,,,,,,,,0xFF01FE,,,,,,,,,,,,,,,,,0xFF01CC,1.0,25,1,112,
5865,1,,,,,,,,,,,,,,,,,0xFF01FE,,,,,,,,,,,,,,,,,0xFF01CC,1.0,25,1,113,
5866,1,,,,,,,,,,,,,,,,,0xFF01FE,,,,,,,,,,,,,,,,,0xFF01CC,1.0,25,1,114,
5867,1,,,,,,,,,,,,,,,,,0xFF01FE,,,,,,,,,,,,,,,,,0xFF01CC,1.0,25,1,115,
5868,1,,,,,,,,,,,,,,,,,0xFF01FE,,,,,,,,,,,,,,,,,0xFF01CC,1.0,25,1,116,
5869,1,,,,,,,,,,,,,,,,,0xFF01FE,,,,,,,,,,,,,,,,,0xFF01CC,1.0,25,1,117,
5870,1,,,,,,,,,,,,,,,,,0xFF01FE,,,,,,,,,,,,,,,,,0xFF01CC,1.0,25,1,118,
5871,1,,,,,,,,,,,,,,,,,0xFF01FE,,,,,,,,,,,,,,,,,0xFF01CC,1.0,25,1,119,
5872,1,,,,,,,,,,,,,,,,,0xFF01FE,,,,,,,,,,,,,,,,,0xFF01CC,1.0,25,1,120,
5873,1,,,,,,,,,,,,,,,,,0xFF01FE,,,,,,,,,,,,,,,,,0xFF01CC,1.0,25,1,121,
5874,1,,,,,,,,,,,,,,,,,0xFF01FE,,,,,,,,,,,,,,,,,0xFF01CC,1.0,25,1,122,
5875,1,,,,,,,,,,,,,,,,,0xFF01FE,,,,,,,,,,,,,,,,,0xFF01CC,1.0,25,1,123,
5876,1,,,,,,,,,,,,,,,,,0xFF01FE,,,,,,,,,,,,,,,,,0xFF01CC,1.0,25,1,124,
5877,1,,,,,,,,,,,,,,,,,0xFF01FE,,,,,,,,,,,,,,,,,0xFF01CC,1.0,25,1,125,
5878,1,,,,,,,,,,,,,,,,,0xFF01FE,,,,,,,,,,,,,,,,,0xFF01CC,1.0,25,1,126,
5879,1,,,,,,,,,,,,,,,,,0xFF01FE,,,,,,,,,,,,,,,,,0xFF01CC,1.0,25,1,127,
5880,1,,,,,,,,,,,,,,,,,0xFF01FE,,,,,,,,,,,,,,,,,0xFF01CC,1.0,25,1,128,
5881,1,,,,,,,,,,,,,,,,,0xFF01FE,,,,,,,,,,,,,,,,,0xFF01CC,1.0,25,1,129,
5882,1,,,,,,,,,,,,,,,,,0xFF01FE,,,,,,,,,,,,,,,,,0xFF01CC,1.0,25,1,130,
5883,1,,,,,,,,,,,,,,,,,0xFF01FE,,,,,,,,,,,,,,,,,0xFF01CC,1.0,25,1,131,
5884,1,,,,,,,,,,,,,,,,,0xFF01FE,,,,,,,,,,,,,,,,,0xFF01CC,1.0,25,1,132,
5885,1,,,,,,,,,,,,,,,,,0xFF01FE,,,,,,,,,,,,,,,,,0xFF01CC,1.0,25,1,133,
5886,1,,,,,,,,,,,,,,,,,0xFF01FE,,,,,,,,,,,,,,,,,0xFF01CC,1.0,25,1,134,
5887,1,,,,,,,,,,,,,,,,,0xFF01FE,,,,,,,,,,,,,,,,,0xFF01CC,1.0,25,1,135,
5888,1,,,,,,,,,,,,,,,,,0xFF01FE,,,,,,,,,,,,,,,,,0xFF01CC,1.0,25,1,136,
5889,1,,,,,,,,,,,,,,,,,0xFF01FE,,,,,,,,,,,,,,,,,0xFF01CC,1.0,25,1,137,
5890,1,,,,,,,,,,,,,,,,,0xFF01FE,,,,,,,,,,,,,,,,,0xFF01CC,1.0,25,1,138,
5891,1,,,,,,,,,,,,,,,,,0xFF01FE,,,,,,,,,,,,,,,,,0xFF01CC,1.0,25,1,139,
5892,1,,,,,,,,,,,,,,,,,0xFF01FE,,,,,,,,,,,,,,,,,0xFF01CC,1.0,25,1,140,
5893,1,,,,,,,,,,,,,,,,,0xFF01FE,,,,,,,,,,,,,,,,,0xFF01CC,1.0,25,1,141,
5894,1,,,,,,,,,,,,,,,,,0xFF01FE,,,,,,,,,,,,,,,,,0xFF01CC,1.0,25,1,142,
5895,1,,,,,,,,,,,,,,,,,0xFF01FE,,,,,,,,,,,,,,,,,0xFF01CC,1.0,25,1,143,
5896,1,,,,,,,,,,,,,,,,,0xFF01FE,,,,,,,,,,,,,,,,,0xFF01CC,1.0,25,1,144,
5897,1,,,,,,,,,,,,,,,,,0xFF01FE,,,,,,,,,,,,,,,,,0xFF01CC,1.0,25,1,145,
5898,1,,,,,,,,,,,,,,,,,0xFF01FE,,,,,,,,,,,,,,,,,0xFF01CC,1.0,25,1,146,
5899,1,,,,,,,,,,,,,,,,,0xFF01FE,,,,,,,,,,,,,,,,,0xFF01CC,1.0,25,1,147,
5900,1,,,,,,,,,,,,,,,,,0xFF01FE,,,,,,,,,,,,,,,,,0xFF01CC,1.0,25,1,148,
5901,1,,,,,,,,,,,,,,,,,0xFF01FE,,,,,,,,,,,,,,,,,0xFF01CC,1.0,25,1,149,
5902,1,,,,,,,,,,,,,,,,,0xFF01FE,,,,,,,,,,,,,,,,,0xFF01CC,1.0,25,1,150,
5903,1,,,,,,,,,,,,,,,,,0xFF01FE,,,,,,,,,,,,,,,,,0xFF01CC,1.0,25,1,151,
5904,1,,,,,,,,,,,,,,,,,0xFF01FE,,,,,,,,,,,,,,,,,0xFF01CC,1.0,25,1,152,
5905,1,,,,,,,,,,,,,,,,,0xFF01FE,,,,,,,,,,,,,,,,,0xFF01CC,1.0,25,1,153,
5906,1,,,,,,,,,,,,,,,,,0xFF01FE,,,,,,,,,,,,,,,,,0xFF01CC,1.0,25,1,154,
5907,1,,,,,,,,,,,,,,,,,0xFF01FE,,,,,,,,,,,,,,,,,0xFF01CC,1.0,25,1,155,
5908,1,,,,,,,,,,,,,,,,,0xFF01FE,,,,,,,,,,,,,,,,,0xFF01CC,1.0,25,1,156,
5909,1,,,,,,,,,,,,,,,,,0xFF01FE,,,,,,,,,,,,,,,,,0xFF01CC,1.0,25,1,157,
5910,1,,,,,,,,,,,,,,,,,0xFF01FE,,,,,,,,,,,,,,,,,0xFF01CC,1.0,25,1,158,
5911,1,,,,,,,,,,,,,,,,,0xFF01FE,,,,,,,,,,,,,,,,,0xFF01CC,1.0,25,1,159,
5912,1,,,,,,,,,,,,,,,,,0xFF01FE,,,,,,,,,,,,,,,,,0xFF01CC,1.0,25,1,160,
5913,1,,,,,,,,,,,,,,,,,0xFF01FE,,,,,,,,,,,,,,,,,0xFF01CC,1.0,25,1,161,
5914,1,,,,,,,,,,,,,,,,,0xFF01FE,,,,,,,,,,,,,,,,,0xFF01CC,1.0,25,1,162,
5915,1,,,,,,,,,,,,,,,,,0xFF01FE,,,,,,,,,,,,,,,,,0xFF01CC,1.0,25,1,163,
5916,1,,,,,,,,,,,,,,,,,0xFF01FE,,,,,,,,,,,,,,,,,0xFF01CC,1.0,25,1,164,
5917,1,,,,,,,,,,,,,,,,,0xFF01FE,,,,,,,,,,,,,,,,,0xFF01CC,1.0,25,1,165,
5918,1,,,,,,,,,,,,,,,,,0xFF01FE,,,,,,,,,,,,,,,,,0xFF01CC,1.0,25,1,166,
5919,1,,,,,,,,,,,,,,,,,0xFF01FE,,,,,,,,,,,,,,,,,0xFF01CC,1.0,25,1,167,
5920,1,,,,,,,,,,,,,,,,,0xFF01FE,,,,,,,,,,,,,,,,,0xFF01CC,1.0,25,1,168,
5921,1,,,,,,,,,,,,,,,,,0xFF01FE,,,,,,,,,,,,,,,,,0xFF01CC,1.0,25,1,169,
5922,1,,,,,,,,,,,,,,,,,0xFF01FE,,,,,,,,,,,,,,,,,0xFF01CC,1.0,25,1,170,
5923,1,,,,,,,,,,,,,,,,,0xFF01FE,,,,,,,,,,,,,,,,,0xFF01CC,1.0,25,1,171,
5924,1,,,,,,,,,,,,,,,,,0xFF01FE,,,,,,,,,,,,,,,,,0xFF01CC,1.0,25,1,172,
5925,1,,,,,,,,,,,,,,,,,0xFF01FE,,,,,,,,,,,,,,,,,0xFF01CC,1.0,25,1,173,
5926,1,,,,,,,,,,,,,,,,,0xFF01FE,,,,,,,,,,,,,,,,,0xFF01CC,1.0,25,1,174,
5927,1,,,,,,,,,,,,,,,,,0xFF01FE,,,,,,,,,,,,,,,,,0xFF01CC,1.0,25,1,175,
5928,1,,,,,,,,,,,,,,,,,0xFF01FE,,,,,,,,,,,,,,,,,0xFF01CC,1.0,25,1,176,
5929,1,,,,,,,,,,,,,,,,,0xFF01FE,,,,,,,,,,,,,,,,,0xFF01CC,1.0,25,1,177,
5930,1,,,,,,,,,,,,,,,,,0xFF01FE,,,,,,,,,,,,,,,,,0xFF01CC,1.0,25,1,178,
5931,1,,,,,,,,,,,,,,,,,0xFF01FE,,,,,,,,,,,,,,,,,0xFF01CC,1.0,25,1,179,
5932,1,,,,,,,,,,,,,,,,,0xFF01FE,,,,,,,,,,,,,,,,,0xFF01CC,1.0,25,1,180,
5933,1,,,,,,,,,,,,,,,,,0xFF01FE,,,,,,,,,,,,,,,,,0xFF01CC,1.0,25,1,181,
5934,1,,,,,,,,,,,,,,,,,0xFF01FE,,,,,,,,,,,,,,,,,0xFF01CC,1.0,25,1,182,
5935,1,,,,,,,,,,,,,,,,,0xFF01FE,,,,,,,,,,,,,,,,,0xFF01CC,1.0,25,1,183,
5936,1,,,,,,,,,,,,,,,,,0xFF01FE,,,,,,,,,,,,,,,,,0xFF01CC,1.0,25,1,184,
5937,1,,,,,,,,,,,,,,,,,0xFF01FE,,,,,,,,,,,,,,,,,0xFF01CC,1.0,25,1,185,
5938,1,,,,,,,,,,,,,,,,,0xFF01FE,,,,,,,,,,,,,,,,,0xFF01CC,1.0,25,1,186,
5939,1,,,,,,,,,,,,,,,,,0xFF01FE,,,,,,,,,,,,,,,,,0xFF01CC,1.0,25,1,187,
5940,1,,,,,,,,,,,,,,,,,0xFF01FE,,,,,,,,,,,,,,,,,0xFF01CC,1.0,25,1,188,
5941,1,,,,,,,,,,,,,,,,,0xFF01FE,,,,,,,,,,,,,,,,,0xFF01CC,1.0,25,1,189,
5942,1,,,,,,,,,,,,,,,,,0xFF01FE,,,,,,,,,,,,,,,,,0xFF01CC,1.0,25,1,190,
5943,1,,,,,,,,,,,,,,,,,0xFF01FE,,,,,,,,,,,,,,,,,0xFF01CC,1.0,25,1,191,
5944,1,,,,,,,,,,,,,,,,,0xFF01FE,,,,,,,,,,,,,,,,,0xFF01CC,1.0,25,1,192,
5945,1,,,,,,,,,,,,,,,,,0xFF01FE,,,,,,,,,,,,,,,,,0xFF01CC,1.0,25,1,193,
5946,1,,,,,,,,,,,,,,,,,0xFF01FE,,,,,,,,,,,,,,,,,0xFF01CC,1.0,25,1,194,
5947,2,,,,,,,,,,,,,,,,,0xFF01FE,,,,,,,,,,,,,,,,,0xFF01CC,1.0,25,1,0,
5948,2,,,,,,,,,,,,,,,,,0xFF01FE,,,,,,,,,,,,,,,,,0xFF01CC,1.0,25,1,1,
5949,2,,,,,,,,,,,,,,,,,0xFF01FE,,,,,,,,,,,,,,,,,0xFF01CC,1.0,25,1,2,
5950,2,,,,,,,,,,,,,,,,,0xFF01FE,,,,,,,,,,,,,,,,,0xFF01CC,1.0,25,1,3,
5951,2,,,,,,,,,,,,,,,,,0xFF01FE,,,,,,,,,,,,,,,,,0xFF01CC,1.0,25,1,4,
5952,2,,,,,,,,,,,,,,,,,0xFF01FE,,,,,,,,,,,,,,,,,0xFF01CC,1.0,25,1,5,
5953,2,,,,,,,,,,,,,,,,,0xFF01FE,,,,,,,,,,,,,,,,,0xFF01CC,1.0,25,1,6,
5954,2,,,,,,,,,,,,,,,,,0xFF01FE,,,,,,,,,,,,,,,,,0xFF01CC,1.0,25,1,7,
5955,2,,,,,,,,,,,,,,,,,0xFF01FE,,,,,,,,,,,,,,,,,0xFF01CC,1.0,25,1,8,
5956,2,,,,,,,,,,,,,,,,,0xFF01FE,,,,,,,,,,,,,,,,,0xFF01CC,1.0,25,1,9,
5957,2,,,,,,,,,,,,,,,,,0xFF01FE,,,,,,,,,,,,,,,,,0xFF01CC,1.0,25,1,10,
5958,2,,,,,,,,,,,,,,,,,0xFF01FE,,,,,,,,,,,,,,,,,0xFF01CC,1.0,25,1,11,
5959,2,,,,,,,,,,,,,,,,,0xFF01FE,,,,,,,,,,,,,,,,,0xFF01CC,1.0,25,1,12,
5960,2,,,,,,,,,,,,,,,,,0xFF01FE,,,,,,,,,,,,,,,,,0xFF01CC,1.0,25,1,13,
5961,2,,,,,,,,,,,,,,,,,0xFF01FE,,,,,,,,,,,,,,,,,0xFF01CC,1.0,25,1,14,
5962,2,,,,,,,,,,,,,,,,,0xFF01FE,,,,,,,,,,,,,,,,,0xFF01CC,1.0,25,1,15,
5963,2,,,,,,,,,,,,,,,,,0xFF01FE,,,,,,,,,,,,,,,,,0xFF01CC,1.0,25,1,16,
5964,2,,,,,,,,,,,,,,,,,0xFF01FE,,,,,,,,,,,,,,,,,0xFF01CC,1.0,25,1,17,
5965,3,,,,,,,,,,,,,,,,,0xFF01FE,,,,,,,,,,,,,,,,,0xFF01CC,1.0,25,1,0,
5966,3,,,,,,,,,,,,,,,,,0xFF01FE,,,,,,,,,,,,,,,,,0xFF01CC,1.0,25,1,1,
5967,3,,,,,,,,,,,,,,,,,0xFF01FE,,,,,,,,,,,,,,,,,0xFF01CC,1.0,25,1,2,
5968,3,,,,,,,,,,,,,,,,,0xFF01FE,,,,,,,,,,,,,,,,,0xFF01CC,1.0,25,1,3,
5969,3,,,,,,,,,,,,,,,,,0xFF01FE,,,,,,,,,,,,,,,,,0xFF01CC,1.0,25,1,4,
5970,3,,,,,,,,,,,,,,,,,0xFF01FE,,,,,,,,,,,,,,,,,0xFF01CC,1.0,25,1,5,
5971,3,,,,,,,,,,,,,,,,,0xFF01FE,,,,,,,,,,,,,,,,,0xFF01CC,1.0,25,1,6,
5972,3,,,,,,,,,,,,,,,,,0xFF01FE,,,,,,,,,,,,,,,,,0xFF01CC,1.0,25,1,7,
5973,3,,,,,,,,,,,,,,,,,0xFF01FE,,,,,,,,,,,,,,,,,0xFF01CC,1.0,25,1,8,
5974,3,,,,,,,,,,,,,,,,,0xFF01FE,,,,,,,,,,,,,,,,,0xFF01CC,1.0,25,1,9,
5975,3,,,,,,,,,,,,,,,,,0xFF01FE,,,,,,,,,,,,,,,,,0xFF01CC,1.0,25,1,10,
5976,3,,,,,,,,,,,,,,,,,0xFF01FE,,,,,,,,,,,,,,,,,0xFF01CC,1.0,25,1,11,
5977,3,,,,,,,,,,,,,,,,,0xFF01FE,,,,,,,,,,,,,,,,,0xFF01CC,1.0,25,1,12,
5978,3,,,,,,,,,,,,,,,,,0xFF01FE,,,,,,,,,,,,,,,,,0xFF01CC,1.0,25,1,13,
5979,3,,,,,,,,,,,,,,,,,0xFF01FE,,,,,,,,,,,,,,,,,0xFF01CC,1.0,25,1,14,
5980,3,,,,,,,,,,,,,,,,,0xFF01FE,,,,,,,,,,,,,,,,,0xFF01CC,1.0,25,1,15,
5981,3,,,,,,,,,,,,,,,,,0xFF01FE,,,,,,,,,,,,,,,,,0xFF01CC,1.0,25,1,16,
5982,3,,,,,,,,,,,,,,,,,0xFF01FE,,,,,,,,,,,,,,,,,0xFF01CC,1.0,25,1,17,
5983,3,,,,,,,,,,,,,,,,,0xFF01FE,,,,,,,,,,,,,,,,,0xFF01CC,1.0,25,1,18,
5984,3,,,,,,,,,,,,,,,,,0xFF01FE,,,,,,,,,,,,,,,,,0xFF01CC,1.0,25,1,19,
5985,3,,,,,,,,,,,,,,,,,0xFF01FE,,,,,,,,,,,,,,,,,0xFF01CC,1.0,25,1,20,
5986,0,,,,,,,,,,,,,,,,,0xFF01FE,,,,,,,,,,,,,,,,,0xFF01CC,1.0,26,0,0,
5987,0,,,,,,,,,,,,,,,,,0xFF01FE,,,,,,,,,,,,,,,,,0xFF01CC,1.0,26,0,1,
5988,0,,,,,,,,,,,,,,,,,0xFF01FE,,,,,,,,,,,,,,,,,0xFF01CC,1.0,26,0,2,
5989,0,,,,,,,,,,,,,,,,,0xFF01FE,,,,,,,,,,,,,,,,,0xFF01CC,1.0,26,0,3,
5990,0,,,,,,,,,,,,,,,,,0xFF01FE,,,,,,,,,,,,,,,,,0xFF01CC,1.0,26,0,4,
5991,0,,,,,,,,,,,,,,,,,0xFF01FE,,,,,,,,,,,,,,,,,0xFF01CC,1.0,26,0,5,
5992,0,,,,,,,,,,,,,,,,,0xFF01FE,,,,,,,,,,,,,,,,,0xFF01CC,1.0,26,0,6,
5993,0,,,,,,,,,,,,,,,,,0xFF01FE,,,,,,,,,,,,,,,,,0xFF01CC,1.0,26,0,7,
5994,0,,,,,,,,,,,,,,,,,0xFF01FE,,,,,,,,,,,,,,,,,0xFF01CC,1.0,26,0,8,
5995,0,,,,,,,,,,,,,,,,,0xFF01FE,,,,,,,,,,,,,,,,,0xFF01CC,1.0,26,0,9,
5996,0,,,,,,,,,,,,,,,,,0xFF01FE,,,,,,,,,,,,,,,,,0xFF01CC,1.0,26,0,10,
5997,0,,,,,,,,,,,,,,,,,0xFF01FE,,,,,,,,,,,,,,,,,0xFF01CC,1.0,26,0,11,
5998,0,,,,,,,,,,,,,,,,,0xFF01FE,,,,,,,,,,,,,,,,,0xFF01CC,1.0,26,0,12,
5999,0,,,,,,,,,,,,,,,,,0xFF01FE,,,,,,,,,,,,,,,,,0xFF01CC,1.0,26,0,13,
6000,0,,,,,,,,,,,,,,,,,0xFF01FE,,,,,,,,,,,,,,,,,0xFF01CC,1.0,26,0,14,
6001,0,,,,,,,,,,,,,,,,,0xFF01FE,,,,,,,,,,,,,,,,,0xFF01CC,1.0,26,0,15,
6002,0,,,,,,,,,,,,,,,,,0xFF01FE,,,,,,,,,,,,,,,,,0xFF01CC,1.0,26,0,16,
6003,0,,,,,,,,,,,,,,,,,0xFF01FE,,,,,,,,,,,,,,,,,0xFF01CC,1.0,26,0,17,
6004,0,,,,,,,,,,,,,,,,,0xFF01FE,,,,,,,,,,,,,,,,,0xFF01CC,1.0,26,0,18,
6005,0,,,,,,,,,,,,,,,,,0xFF01FE,,,,,,,,,,,,,,,,,0xFF01CC,1.0,26,0,19,
6006,0,,,,,,,,,,,,,,,,,0xFF01FE,,,,,,,,,,,,,,,,,0xFF01CC,1.0,26,0,20,
6007,0,,,,,,,,,,,,,,,,,0xFF01FE,,,,,,,,,,,,,,,,,0xFF01CC,1.0,26,0,21,
6008,1,,,,,,,,,,,,,,,,,0xFF01FE,,,,,,,,,,,,,,,,,0xFF01CC,1.0,26,0,0,
6009,1,,,,,,,,,,,,,,,,,0xFF01FE,,,,,,,,,,,,,,,,,0xFF01CC,1.0,26,0,1,
6010,1,,,,,,,,,,,,,,,,,0xFF01FE,,,,,,,,,,,,,,,,,0xFF01CC,1.0,26,0,2,
6011,1,,,,,,,,,,,,,,,,,0xFF01FE,,,,,,,,,,,,,,,,,0xFF01CC,1.0,26,0,3,
6012,1,,,,,,,,,,,,,,,,,0xFF01FE,,,,,,,,,,,,,,,,,0xFF01CC,1.0,26,0,4,
6013,1,,,,,,,,,,,,,,,,,0xFF01FE,,,,,,,,,,,,,,,,,0xFF01CC,1.0,26,0,5,
6014,1,,,,,,,,,,,,,,,,,0xFF01FE,,,,,,,,,,,,,,,,,0xFF01CC,1.0,26,0,6,
6015,1,,,,,,,,,,,,,,,,,0xFF01FE,,,,,,,,,,,,,,,,,0xFF01CC,1.0,26,0,7,
6016,1,,,,,,,,,,,,,,,,,0xFF01FE,,,,,,,,,,,,,,,,,0xFF01CC,1.0,26,0,8,
6017,1,,,,,,,,,,,,,,,,,0xFF01FE,,,,,,,,,,,,,,,,,0xFF01CC,1.0,26,0,9,
6018,1,,,,,,,,,,,,,,,,,0xFF01FE,,,,,,,,,,,,,,,,,0xFF01CC,1.0,26,0,10,
6019,1,,,,,,,,,,,,,,,,,0xFF01FE,,,,,,,,,,,,,,,,,0xFF01CC,1.0,26,0,11,
6020,1,,,,,,,,,,,,,,,,,0xFF01FE,,,,,,,,,,,,,,,,,0xFF01CC,1.0,26,0,12,
6021,2,,,,,,,,,,,,,,,,,0xFF01FE,,,,,,,,,,,,,,,,,0xFF01CC,1.0,26,0,0,
6022,2,,,,,,,,,,,,,,,,,0xFF01FE,,,,,,,,,,,,,,,,,0xFF01CC,1.0,26,0,1,
6023,2,,,,,,,,,,,,,,,,,0xFF01FE,,,,,,,,,,,,,,,,,0xFF01CC,1.0,26,0,2,
6024,2,,,,,,,,,,,,,,,,,0xFF01FE,,,,,,,,,,,,,,,,,0xFF01CC,1.0,26,0,3,
6025,2,,,,,,,,,,,,,,,,,0xFF01FE,,,,,,,,,,,,,,,,,0xFF01CC,1.0,26,0,4,
6026,2,,,,,,,,,,,,,,,,,0xFF01FE,,,,,,,,,,,,,,,,,0xFF01CC,1.0,26,0,5,
6027,2,,,,,,,,,,,,,,,,,0xFF01FE,,,,,,,,,,,,,,,,,0xFF01CC,1.0,26,0,6,
6028,2,,,,,,,,,,,,,,,,,0xFF01FE,,,,,,,,,,,,,,,,,0xFF01CC,1.0,26,0,7,
6029,2,,,,,,,,,,,,,,,,,0xFF01FE,,,,,,,,,,,,,,,,,0xFF01CC,1.0,26,0,8,
6030,2,,,,,,,,,,,,,,,,,0xFF01FE,,,,,,,,,,,,,,,,,0xFF01CC,1.0,26,0,9,
6031,2,,,,,,,,,,,,,,,,,0xFF01FE,,,,,,,,,,,,,,,,,0xFF01CC,1.0,26,0,10,
6032,2,,,,,,,,,,,,,,,,,0xFF01FE,,,,,,,,,,,,,,,,,0xFF01CC,1.0,26,0,11,
6033,2,,,,,,,,,,,,,,,,,0xFF01FE,,,,,,,,,,,,,,,,,0xFF01CC,1.0,26,0,12,
6034,2,,,,,,,,,,,,,,,,,0xFF01FE,,,,,,,,,,,,,,,,,0xFF01CC,1.0,26,0,13,
6035,2,,,,,,,,,,,,,,,,,0xFF01FE,,,,,,,,,,,,,,,,,0xFF01CC,1.0,26,0,14,
6036,2,,,,,,,,,,,,,,,,,0xFF01FE,,,,,,,,,,,,,,,,,0xFF01CC,1.0,26,0,15,
6037,2,,,,,,,,,,,,,,,,,0xFF01FE,,,,,,,,,,,,,,,,,0xFF01CC,1.0,26,0,16,
6038,2,,,,,,,,,,,,,,,,,0xFF01FE,,,,,,,,,,,,,,,,,0xFF01CC,1.0,26,0,17,
6039,2,,,,,,,,,,,,,,,,,0xFF01FE,,,,,,,,,,,,,,,,,0xFF01CC,1.0,26,0,18,
6040,2,,,,,,,,,,,,,,,,,0xFF01FE,,,,,,,,,,,,,,,,,0xFF01CC,1.0,26,0,19,
6041,2,,,,,,,,,,,,,,,,,0xFF01FE,,,,,,,,,,,,,,,,,0xFF01CC,1.0,26,0,20,
6042,2,,,,,,,,,,,,,,,,,0xFF01FE,,,,,,,,,,,,,,,,,0xFF01CC,1.0,26,0,21,
6043,2,,,,,,,,,,,,,,,,,0xFF01FE,,,,,,,,,,,,,,,,,0xFF01CC,1.0,26,0,22,
6044,2,,,,,,,,,,,,,,,,,0xFF01FE,,,,,,,,,,,,,,,,,0xFF01CC,1.0,26,0,23,
6045,2,,,,,,,,,,,,,,,,,0xFF01FE,,,,,,,,,,,,,,,,,0xFF01CC,1.0,26,0,24,
6046,2,,,,,,,,,,,,,,,,,0xFF01FE,,,,,,,,,,,,,,,,,0xFF01CC,1.0,26,0,25,
6047,2,,,,,,,,,,,,,,,,,0xFF01FE,,,,,,,,,,,,,,,,,0xFF01CC,1.0,26,0,26,
6048,2,,,,,,,,,,,,,,,,,0xFF01FE,,,,,,,,,,,,,,,,,0xFF01CC,1.0,26,0,27,
6049,2,,,,,,,,,,,,,,,,,0xFF01FE,,,,,,,,,,,,,,,,,0xFF01CC,1.0,26,0,28,
6050,2,,,,,,,,,,,,,,,,,0xFF01FE,,,,,,,,,,,,,,,,,0xFF01CC,1.0,26,0,29,
6051,2,,,,,,,,,,,,,,,,,0xFF01FE,,,,,,,,,,,,,,,,,0xFF01CC,1.0,26,0,30,
6052,2,,,,,,,,,,,,,,,,,0xFF01FE,,,,,,,,,,,,,,,,,0xFF01CC,1.0,26,0,31,
6053,2,,,,,,,,,,,,,,,,,0xFF01FE,,,,,,,,,,,,,,,,,0xFF01CC,1.0,26,0,32,
6054,2,,,,,,,,,,,,,,,,,0xFF01FE,,,,,,,,,,,,,,,,,0xFF01CC,1.0,26,0,33,
6055,2,,,,,,,,,,,,,,,,,0xFF01FE,,,,,,,,,,,,,,,,,0xFF01CC,1.0,26,0,34,
6056,2,,,,,,,,,,,,,,,,,0xFF01FE,,,,,,,,,,,,,,,,,0xFF01CC,1.0,26,0,35,
6057,2,,,,,,,,,,,,,,,,,0xFF01FE,,,,,,,,,,,,,,,,,0xFF01CC,1.0,26,0,36,
6058,2,,,,,,,,,,,,,,,,,0xFF01FE,,,,,,,,,,,,,,,,,0xFF01CC,1.0,26,0,37,
6059,2,,,,,,,,,,,,,,,,,0xFF01FE,,,,,,,,,,,,,,,,,0xFF01CC,1.0,26,0,38,
6060,2,,,,,,,,,,,,,,,,,0xFF01FE,,,,,,,,,,,,,,,,,0xFF01CC,1.0,26,0,39,
6061,2,,,,,,,,,,,,,,,,,0xFF01FE,,,,,,,,,,,,,,,,,0xFF01CC,1.0,26,0,40,
6062,2,,,,,,,,,,,,,,,,,0xFF01FE,,,,,,,,,,,,,,,,,0xFF01CC,1.0,26,0,41,
6063,2,,,,,,,,,,,,,,,,,0xFF01FE,,,,,,,,,,,,,,,,,0xFF01CC,1.0,26,0,42,
6064,2,,,,,,,,,,,,,,,,,0xFF01FE,,,,,,,,,,,,,,,,,0xFF01CC,1.0,26,0,43,
6065,2,,,,,,,,,,,,,,,,,0xFF01FE,,,,,,,,,,,,,,,,,0xFF01CC,1.0,26,0,44,
6066,2,,,,,,,,,,,,,,,,,0xFF01FE,,,,,,,,,,,,,,,,,0xFF01CC,1.0,26,0,45,
6067,2,,,,,,,,,,,,,,,,,0xFF01FE,,,,,,,,,,,,,,,,,0xFF01CC,1.0,26,0,46,
6068,2,,,,,,,,,,,,,,,,,0xFF01FE,,,,,,,,,,,,,,,,,0xFF01CC,1.0,26,0,47,
6069,2,,,,,,,,,,,,,,,,,0xFF01FE,,,,,,,,,,,,,,,,,0xFF01CC,1.0,26,0,48,
6070,2,,,,,,,,,,,,,,,,,0xFF01FE,,,,,,,,,,,,,,,,,0xFF01CC,1.0,26,0,49,
6071,2,,,,,,,,,,,,,,,,,0xFF01FE,,,,,,,,,,,,,,,,,0xFF01CC,1.0,26,0,50,
6072,2,,,,,,,,,,,,,,,,,0xFF01FE,,,,,,,,,,,,,,,,,0xFF01CC,1.0,26,0,51,
6073,2,,,,,,,,,,,,,,,,,0xFF01FE,,,,,,,,,,,,,,,,,0xFF01CC,1.0,26,0,52,
6074,2,,,,,,,,,,,,,,,,,0xFF01FE,,,,,,,,,,,,,,,,,0xFF01CC,1.0,26,0,53,
6075,2,,,,,,,,,,,,,,,,,0xFF01FE,,,,,,,,,,,,,,,,,0xFF01CC,1.0,26,0,54,
6076,2,,,,,,,,,,,,,,,,,0xFF01FE,,,,,,,,,,,,,,,,,0xFF01CC,1.0,26,0,55,
6077,2,,,,,,,,,,,,,,,,,0xFF01FE,,,,,,,,,,,,,,,,,0xFF01CC,1.0,26,0,56,
6078,2,,,,,,,,,,,,,,,,,0xFF01FE,,,,,,,,,,,,,,,,,0xFF01CC,1.0,26,0,57,
6079,2,,,,,,,,,,,,,,,,,0xFF01FE,,,,,,,,,,,,,,,,,0xFF01CC,1.0,26,0,58,
6080,2,,,,,,,,,,,,,,,,,0xFF01FE,,,,,,,,,,,,,,,,,0xFF01CC,1.0,26,0,59,
6081,2,,,,,,,,,,,,,,,,,0xFF01FE,,,,,,,,,,,,,,,,,0xFF01CC,1.0,26,0,60,
6082,2,,,,,,,,,,,,,,,,,0xFF01FE,,,,,,,,,,,,,,,,,0xFF01CC,1.0,26,0,61,
6083,2,,,,,,,,,,,,,,,,,0xFF01FE,,,,,,,,,,,,,,,,,0xFF01CC,1.0,26,0,62,
6084,2,,,,,,,,,,,,,,,,,0xFF01FE,,,,,,,,,,,,,,,,,0xFF01CC,1.0,26,0,63,
6085,2,,,,,,,,,,,,,,,,,0xFF01FE,,,,,,,,,,,,,,,,,0xFF01CC,1.0,26,0,64,
6086,2,,,,,,,,,,,,,,,,,0xFF01FE,,,,,,,,,,,,,,,,,0xFF01CC,1.0,26,0,65,
6087,2,,,,,,,,,,,,,,,,,0xFF01FE,,,,,,,,,,,,,,,,,0xFF01CC,1.0,26,0,66,
6088,2,,,,,,,,,,,,,,,,,0xFF01FE,,,,,,,,,,,,,,,,,0xFF01CC,1.0,26,0,67,
6089,2,,,,,,,,,,,,,,,,,0xFF01FE,,,,,,,,,,,,,,,,,0xFF01CC,1.0,26,0,68,
6090,2,,,,,,,,,,,,,,,,,0xFF01FE,,,,,,,,,,,,,,,,,0xFF01CC,1.0,26,0,69,
6091,2,,,,,,,,,,,,,,,,,0xFF01FE,,,,,,,,,,,,,,,,,0xFF01CC,1.0,26,0,70,
6092,2,,,,,,,,,,,,,,,,,0xFF01FE,,,,,,,,,,,,,,,,,0xFF01CC,1.0,26,0,71,
6093,2,,,,,,,,,,,,,,,,,0xFF01FE,,,,,,,,,,,,,,,,,0xFF01CC,1.0,26,0,72,
6094,2,,,,,,,,,,,,,,,,,0xFF01FE,,,,,,,,,,,,,,,,,0xFF01CC,1.0,26,0,73,
6095,2,,,,,,,,,,,,,,,,,0xFF01FE,,,,,,,,,,,,,,,,,0xFF01CC,1.0,26,0,74,
6096,2,,,,,,,,,,,,,,,,,0xFF01FE,,,,,,,,,,,,,,,,,0xFF01CC,1.0,26,0,75,
6097,2,,,,,,,,,,,,,,,,,0xFF01FE,,,,,,,,,,,,,,,,,0xFF01CC,1.0,26,0,76,
6098,2,,,,,,,,,,,,,,,,,0xFF01FE,,,,,,,,,,,,,,,,,0xFF01CC,1.0,26,0,77,
6099,2,,,,,,,,,,,,,,,,,0xFF01FE,,,,,,,,,,,,,,,,,0xFF01CC,1.0,26,0,78,
6100,2,,,,,,,,,,,,,,,,,0xFF01FE,,,,,,,,,,,,,,,,,0xFF01CC,1.0,26,0,79,
6101,2,,,,,,,,,,,,,,,,,0xFF01FE,,,,,,,,,,,,,,,,,0xFF01CC,1.0,26,0,80,
6102,2,,,,,,,,,,,,,,,,,0xFF01FE,,,,,,,,,,,,,,,,,0xFF01CC,1.0,26,0,81,
6103,2,,,,,,,,,,,,,,,,,0xFF01FE,,,,,,,,,,,,,,,,,0xFF01CC,1.0,26,0,82,
6104,2,,,,,,,,,,,,,,,,,0xFF01FE,,,,,,,,,,,,,,,,,0xFF01CC,1.0,26,0,83,
6105,2,,,,,,,,,,,,,,,,,0xFF01FE,,,,,,,,,,,,,,,,,0xFF01CC,1.0,26,0,84,
6106,2,,,,,,,,,,,,,,,,,0xFF01FE,,,,,,,,,,,,,,,,,0xFF01CC,1.0,26,0,85,
6107,2,,,,,,,,,,,,,,,,,0xFF01FE,,,,,,,,,,,,,,,,,0xFF01CC,1.0,26,0,86,
6108,2,,,,,,,,,,,,,,,,,0xFF01FE,,,,,,,,,,,,,,,,,0xFF01CC,1.0,26,0,87,
6109,2,,,,,,,,,,,,,,,,,0xFF01FE,,,,,,,,,,,,,,,,,0xFF01CC,1.0,26,0,88,
6110,2,,,,,,,,,,,,,,,,,0xFF01FE,,,,,,,,,,,,,,,,,0xFF01CC,1.0,26,0,89,
6111,2,,,,,,,,,,,,,,,,,0xFF01FE,,,,,,,,,,,,,,,,,0xFF01CC,1.0,26,0,90,
6112,2,,,,,,,,,,,,,,,,,0xFF01FE,,,,,,,,,,,,,,,,,0xFF01CC,1.0,26,0,91,
6113,2,,,,,,,,,,,,,,,,,0xFF01FE,,,,,,,,,,,,,,,,,0xFF01CC,1.0,26,0,92,
6114,2,,,,,,,,,,,,,,,,,0xFF01FE,,,,,,,,,,,,,,,,,0xFF01CC,1.0,26,0,93,
6115,2,,,,,,,,,,,,,,,,,0xFF01FE,,,,,,,,,,,,,,,,,0xFF01CC,1.0,26,0,94,
6116,2,,,,,,,,,,,,,,,,,0xFF01FE,,,,,,,,,,,,,,,,,0xFF01CC,1.0,26,0,95,
6117,2,,,,,,,,,,,,,,,,,0xFF01FE,,,,,,,,,,,,,,,,,0xFF01CC,1.0,26,0,96,
6118,2,,,,,,,,,,,,,,,,,0xFF01FE,,,,,,,,,,,,,,,,,0xFF01CC,1.0,26,0,97,
6119,2,,,,,,,,,,,,,,,,,0xFF01FE,,,,,,,,,,,,,,,,,0xFF01CC,1.0,26,0,98,
6120,2,,,,,,,,,,,,,,,,,0xFF01FE,,,,,,,,,,,,,,,,,0xFF01CC,1.0,26,0,99,
6121,2,,,,,,,,,,,,,,,,,0xFF01FE,,,,,,,,,,,,,,,,,0xFF01CC,1.0,26,0,100,
6122,2,,,,,,,,,,,,,,,,,0xFF01FE,,,,,,,,,,,,,,,,,0xFF01CC,1.0,26,0,101,
6123,2,,,,,,,,,,,,,,,,,0xFF01FE,,,,,,,,,,,,,,,,,0xFF01CC,1.0,26,0,102,
6124,2,,,,,,,,,,,,,,,,,0xFF01FE,,,,,,,,,,,,,,,,,0xFF01CC,1.0,26,0,103,
6125,2,,,,,,,,,,,,,,,,,0xFF01FE,,,,,,,,,,,,,,,,,0xFF01CC,1.0,26,0,104,
6126,2,,,,,,,,,,,,,,,,,0xFF01FE,,,,,,,,,,,,,,,,,0xFF01CC,1.0,26,0,105,
6127,2,,,,,,,,,,,,,,,,,0xFF01FE,,,,,,,,,,,,,,,,,0xFF01CC,1.0,26,0,106,
6128,2,,,,,,,,,,,,,,,,,0xFF01FE,,,,,,,,,,,,,,,,,0xFF01CC,1.0,26,0,107,
6129,2,,,,,,,,,,,,,,,,,0xFF01FE,,,,,,,,,,,,,,,,,0xFF01CC,1.0,26,0,108,
6130,2,,,,,,,,,,,,,,,,,0xFF01FE,,,,,,,,,,,,,,,,,0xFF01CC,1.0,26,0,109,
6131,2,,,,,,,,,,,,,,,,,0xFF01FE,,,,,,,,,,,,,,,,,0xFF01CC,1.0,26,0,110,
6132,2,,,,,,,,,,,,,,,,,0xFF01FE,,,,,,,,,,,,,,,,,0xFF01CC,1.0,26,0,111,
6133,2,,,,,,,,,,,,,,,,,0xFF01FE,,,,,,,,,,,,,,,,,0xFF01CC,1.0,26,0,112,
6134,2,,,,,,,,,,,,,,,,,0xFF01FE,,,,,,,,,,,,,,,,,0xFF01CC,1.0,26,0,113,
6135,2,,,,,,,,,,,,,,,,,0xFF01FE,,,,,,,,,,,,,,,,,0xFF01CC,1.0,26,0,114,
6136,2,,,,,,,,,,,,,,,,,0xFF01FE,,,,,,,,,,,,,,,,,0xFF01CC,1.0,26,0,115,
6137,2,,,,,,,,,,,,,,,,,0xFF01FE,,,,,,,,,,,,,,,,,0xFF01CC,1.0,26,0,116,
6138,2,,,,,,,,,,,,,,,,,0xFF01FE,,,,,,,,,,,,,,,,,0xFF01CC,1.0,26,0,117,
6139,2,,,,,,,,,,,,,,,,,0xFF01FE,,,,,,,,,,,,,,,,,0xFF01CC,1.0,26,0,118,
6140,2,,,,,,,,,,,,,,,,,0xFF01FE,,,,,,,,,,,,,,,,,0xFF01CC,1.0,26,0,119,
6141,2,,,,,,,,,,,,,,,,,0xFF01FE,,,,,,,,,,,,,,,,,0xFF01CC,1.0,26,0,120,
6142,2,,,,,,,,,,,,,,,,,0xFF01FE,,,,,,,,,,,,,,,,,0xFF01CC,1.0,26,0,121,
6143,2,,,,,,,,,,,,,,,,,0xFF01FE,,,,,,,,,,,,,,,,,0xFF01CC,1.0,26,0,122,
6144,2,,,,,,,,,,,,,,,,,0xFF01FE,,,,,,,,,,,,,,,,,0xFF01CC,1.0,26,0,123,
6145,2,,,,,,,,,,,,,,,,,0xFF01FE,,,,,,,,,,,,,,,,,0xFF01CC,1.0,26,0,124,
6146,2,,,,,,,,,,,,,,,,,0xFF01FE,,,,,,,,,,,,,,,,,0xFF01CC,1.0,26,0,125,
6147,2,,,,,,,,,,,,,,,,,0xFF01FE,,,,,,,,,,,,,,,,,0xFF01CC,1.0,26,0,126,
6148,2,,,,,,,,,,,,,,,,,0xFF01FE,,,,,,,,,,,,,,,,,0xFF01CC,1.0,26,0,127,
6149,2,,,,,,,,,,,,,,,,,0xFF01FE,,,,,,,,,,,,,,,,,0xFF01CC,1.0,26,0,128,
6150,2,,,,,,,,,,,,,,,,,0xFF01FE,,,,,,,,,,,,,,,,,0xFF01CC,1.0,26,0,129,
6151,2,,,,,,,,,,,,,,,,,0xFF01FE,,,,,,,,,,,,,,,,,0xFF01CC,1.0,26,0,130,
6152,2,,,,,,,,,,,,,,,,,0xFF01FE,,,,,,,,,,,,,,,,,0xFF01CC,1.0,26,0,131,
6153,2,,,,,,,,,,,,,,,,,0xFF01FE,,,,,,,,,,,,,,,,,0xFF01CC,1.0,26,0,132,
6154,2,,,,,,,,,,,,,,,,,0xFF01FE,,,,,,,,,,,,,,,,,0xFF01CC,1.0,26,0,133,
6155,2,,,,,,,,,,,,,,,,,0xFF01FE,,,,,,,,,,,,,,,,,0xFF01CC,1.0,26,0,134,
6156,2,,,,,,,,,,,,,,,,,0xFF01FE,,,,,,,,,,,,,,,,,0xFF01CC,1.0,26,0,135,
6157,2,,,,,,,,,,,,,,,,,0xFF01FE,,,,,,,,,,,,,,,,,0xFF01CC,1.0,26,0,136,
6158,2,,,,,,,,,,,,,,,,,0xFF01FE,,,,,,,,,,,,,,,,,0xFF01CC,1.0,26,0,137,
6159,2,,,,,,,,,,,,,,,,,0xFF01FE,,,,,,,,,,,,,,,,,0xFF01CC,1.0,26,0,138,
6160,2,,,,,,,,,,,,,,,,,0xFF01FE,,,,,,,,,,,,,,,,,0xFF01CC,1.0,26,0,139,
6161,3,,,,,,,,,,,,,,,,,0xFF01FE,,,,,,,,,,,,,,,,,0xFF01CC,1.0,26,0,0,
6162,3,,,,,,,,,,,,,,,,,0xFF01FE,,,,,,,,,,,,,,,,,0xFF01CC,1.0,26,0,1,
6163,3,,,,,,,,,,,,,,,,,0xFF01FE,,,,,,,,,,,,,,,,,0xFF01CC,1.0,26,0,2,
6164,3,,,,,,,,,,,,,,,,,0xFF01FE,,,,,,,,,,,,,,,,,0xFF01CC,1.0,26,0,3,
6165,3,,,,,,,,,,,,,,,,,0xFF01FE,,,,,,,,,,,,,,,,,0xFF01CC,1.0,26,0,4,
6166,3,,,,,,,,,,,,,,,,,0xFF01FE,,,,,,,,,,,,,,,,,0xFF01CC,1.0,26,0,5,
6167,3,,,,,,,,,,,,,,,,,0xFF01FE,,,,,,,,,,,,,,,,,0xFF01CC,1.0,26,0,6,
6168,3,,,,,,,,,,,,,,,,,0xFF01FE,,,,,,,,,,,,,,,,,0xFF01CC,1.0,26,0,7,
6169,3,,,,,,,,,,,,,,,,,0xFF01FE,,,,,,,,,,,,,,,,,0xFF01CC,1.0,26,0,8,
6170,3,,,,,,,,,,,,,,,,,0xFF01FE,,,,,,,,,,,,,,,,,0xFF01CC,1.0,26,0,9,
6171,3,,,,,,,,,,,,,,,,,0xFF01FE,,,,,,,,,,,,,,,,,0xFF01CC,1.0,26,0,10,
6172,3,,,,,,,,,,,,,,,,,0xFF01FE,,,,,,,,,,,,,,,,,0xFF01CC,1.0,26,0,11,
6173,3,,,,,,,,,,,,,,,,,0xFF01FE,,,,,,,,,,,,,,,,,0xFF01CC,1.0,26,0,12,
6174,3,,,,,,,,,,,,,,,,,0xFF01FE,,,,,,,,,,,,,,,,,0xFF01CC,1.0,26,0,13,
6175,3,,,,,,,,,,,,,,,,,0xFF01FE,,,,,,,,,,,,,,,,,0xFF01CC,1.0,26,0,14,
6176,3,,,,,,,,,,,,,,,,,0xFF01FE,,,,,,,,,,,,,,,,,0xFF01CC,1.0,26,0,15,
6177,3,,,,,,,,,,,,,,,,,0xFF01FE,,,,,,,,,,,,,,,,,0xFF01CC,1.0,26,0,16,
6178,3,,,,,,,,,,,,,,,,,0xFF01FE,,,,,,,,,,,,,,,,,0xFF01CC,1.0,26,0,17,
6179,3,,,,,,,,,,,,,,,,,0xFF01FE,,,,,,,,,,,,,,,,,0xFF01CC,1.0,26,0,18,
6180,3,,,,,,,,,,,,,,,,,0xFF01FE,,,,,,,,,,,,,,,,,0xFF01CC,1.0,26,0,19,
6181,3,,,,,,,,,,,,,,,,,0xFF01FE,,,,,,,,,,,,,,,,,0xFF01CC,1.0,26,0,20,
6182,0,,,,,,,,,,,,,,,,,0xFF01FE,,,,,,,,,,,,,,,,,0xFF01CC,1.0,26,1,0,
6183,0,,,,,,,,,,,,,,,,,0xFF01FE,,,,,,,,,,,,,,,,,0xFF01CC,1.0,26,1,1,
6184,0,,,,,,,,,,,,,,,,,0xFF01FE,,,,,,,,,,,,,,,,,0xFF01CC,1.0,26,1,2,
6185,0,,,,,,,,,,,,,,,,,0xFF01FE,,,,,,,,,,,,,,,,,0xFF01CC,1.0,26,1,3,
6186,0,,,,,,,,,,,,,,,,,0xFF01FE,,,,,,,,,,,,,,,,,0xFF01CC,1.0,26,1,4,
6187,0,,,,,,,,,,,,,,,,,0xFF01FE,,,,,,,,,,,,,,,,,0xFF01CC,1.0,26,1,5,
6188,0,,,,,,,,,,,,,,,,,0xFF01FE,,,,,,,,,,,,,,,,,0xFF01CC,1.0,26,1,6,
6189,0,,,,,,,,,,,,,,,,,0xFF01FE,,,,,,,,,,,,,,,,,0xFF01CC,1.0,26,1,7,
6190,0,,,,,,,,,,,,,,,,,0xFF01FE,,,,,,,,,,,,,,,,,0xFF01CC,1.0,26,1,8,
6191,0,,,,,,,,,,,,,,,,,0xFF01FE,,,,,,,,,,,,,,,,,0xFF01CC,1.0,26,1,9,
6192,0,,,,,,,,,,,,,,,,,0xFF01FE,,,,,,,,,,,,,,,,,0xFF01CC,1.0,26,1,10,
6193,0,,,,,,,,,,,,,,,,,0xFF01FE,,,,,,,,,,,,,,,,,0xFF01CC,1.0,26,1,11,
6194,0,,,,,,,,,,,,,,,,,0xFF01FE,,,,,,,,,,,,,,,,,0xFF01CC,1.0,26,1,12,
6195,0,,,,,,,,,,,,,,,,,0xFF01FE,,,,,,,,,,,,,,,,,0xFF01CC,1.0,26,1,13,
6196,0,,,,,,,,,,,,,,,,,0xFF01FE,,,,,,,,,,,,,,,,,0xFF01CC,1.0,26,1,14,
6197,0,,,,,,,,,,,,,,,,,0xFF01FE,,,,,,,,,,,,,,,,,0xFF01CC,1.0,26,1,15,
6198,0,,,,,,,,,,,,,,,,,0xFF01FE,,,,,,,,,,,,,,,,,0xFF01CC,1.0,26,1,16,
6199,0,,,,,,,,,,,,,,,,,0xFF01FE,,,,,,,,,,,,,,,,,0xFF01CC,1.0,26,1,17,
6200,0,,,,,,,,,,,,,,,,,0xFF01FE,,,,,,,,,,,,,,,,,0xFF01CC,1.0,26,1,18,
6201,0,,,,,,,,,,,,,,,,,0xFF01FE,,,,,,,,,,,,,,,,,0xFF01CC,1.0,26,1,19,
6202,1,,,,,,,,,,,,,,,,,0xFF01FE,,,,,,,,,,,,,,,,,0xFF01CC,1.0,26,1,0,
6203,1,,,,,,,,,,,,,,,,,0xFF01FE,,,,,,,,,,,,,,,,,0xFF01CC,1.0,26,1,1,
6204,1,,,,,,,,,,,,,,,,,0xFF01FE,,,,,,,,,,,,,,,,,0xFF01CC,1.0,26,1,2,
6205,1,,,,,,,,,,,,,,,,,0xFF01FE,,,,,,,,,,,,,,,,,0xFF01CC,1.0,26,1,3,
6206,1,,,,,,,,,,,,,,,,,0xFF01FE,,,,,,,,,,,,,,,,,0xFF01CC,1.0,26,1,4,
6207,1,,,,,,,,,,,,,,,,,0xFF01FE,,,,,,,,,,,,,,,,,0xFF01CC,1.0,26,1,5,
6208,1,,,,,,,,,,,,,,,,,0xFF01FE,,,,,,,,,,,,,,,,,0xFF01CC,1.0,26,1,6,
6209,1,,,,,,,,,,,,,,,,,0xFF01FE,,,,,,,,,,,,,,,,,0xFF01CC,1.0,26,1,7,
6210,1,,,,,,,,,,,,,,,,,0xFF01FE,,,,,,,,,,,,,,,,,0xFF01CC,1.0,26,1,8,
6211,1,,,,,,,,,,,,,,,,,0xFF01FE,,,,,,,,,,,,,,,,,0xFF01CC,1.0,26,1,9,
6212,1,,,,,,,,,,,,,,,,,0xFF01FE,,,,,,,,,,,,,,,,,0xFF01CC,1.0,26,1,10,
6213,1,,,,,,,,,,,,,,,,,0xFF01FE,,,,,,,,,,,,,,,,,0xFF01CC,1.0,26,1,11,
6214,1,,,,,,,,,,,,,,,,,0xFF01FE,,,,,,,,,,,,,,,,,0xFF01CC,1.0,26,1,12,
6215,1,,,,,,,,,,,,,,,,,0xFF01FE,,,,,,,,,,,,,,,,,0xFF01CC,1.0,26,1,13,
6216,1,,,,,,,,,,,,,,,,,0xFF01FE,,,,,,,,,,,,,,,,,0xFF01CC,1.0,26,1,14,
6217,1,,,,,,,,,,,,,,,,,0xFF01FE,,,,,,,,,,,,,,,,,0xFF01CC,1.0,26,1,15,
6218,1,,,,,,,,,,,,,,,,,0xFF01FE,,,,,,,,,,,,,,,,,0xFF01CC,1.0,26,1,16,
6219,1,,,,,,,,,,,,,,,,,0xFF01FE,,,,,,,,,,,,,,,,,0xFF01CC,1.0,26,1,17,
6220,1,,,,,,,,,,,,,,,,,0xFF01FE,,,,,,,,,,,,,,,,,0xFF01CC,1.0,26,1,18,
6221,1,,,,,,,,,,,,,,,,,0xFF01FE,,,,,,,,,,,,,,,,,0xFF01CC,1.0,26,1,19,
6222,1,,,,,,,,,,,,,,,,,0xFF01FE,,,,,,,,,,,,,,,,,0xFF01CC,1.0,26,1,20,
6223,1,,,,,,,,,,,,,,,,,0xFF01FE,,,,,,,,,,,,,,,,,0xFF01CC,1.0,26,1,21,
6224,1,,,,,,,,,,,,,,,,,0xFF01FE,,,,,,,,,,,,,,,,,0xFF01CC,1.0,26,1,22,
6225,1,,,,,,,,,,,,,,,,,0xFF01FE,,,,,,,,,,,,,,,,,0xFF01CC,1.0,26,1,23,
6226,1,,,,,,,,,,,,,,,,,0xFF01FE,,,,,,,,,,,,,,,,,0xFF01CC,1.0,26,1,24,
6227,1,,,,,,,,,,,,,,,,,0xFF01FE,,,,,,,,,,,,,,,,,0xFF01CC,1.0,26,1,25,
6228,1,,,,,,,,,,,,,,,,,0xFF01FE,,,,,,,,,,,,,,,,,0xFF01CC,1.0,26,1,26,
6229,1,,,,,,,,,,,,,,,,,0xFF01FE,,,,,,,,,,,,,,,,,0xFF01CC,1.0,26,1,27,
6230,1,,,,,,,,,,,,,,,,,0xFF01FE,,,,,,,,,,,,,,,,,0xFF01CC,1.0,26,1,28,
6231,1,,,,,,,,,,,,,,,,,0xFF01FE,,,,,,,,,,,,,,,,,0xFF01CC,1.0,26,1,29,
6232,1,,,,,,,,,,,,,,,,,0xFF01FE,,,,,,,,,,,,,,,,,0xFF01CC,1.0,26,1,30,
6233,1,,,,,,,,,,,,,,,,,0xFF01FE,,,,,,,,,,,,,,,,,0xFF01CC,1.0,26,1,31,
6234,1,,,,,,,,,,,,,,,,,0xFF01FE,,,,,,,,,,,,,,,,,0xFF01CC,1.0,26,1,32,
6235,1,,,,,,,,,,,,,,,,,0xFF01FE,,,,,,,,,,,,,,,,,0xFF01CC,1.0,26,1,33,
6236,1,,,,,,,,,,,,,,,,,0xFF01FE,,,,,,,,,,,,,,,,,0xFF01CC,1.0,26,1,34,
6237,1,,,,,,,,,,,,,,,,,0xFF01FE,,,,,,,,,,,,,,,,,0xFF01CC,1.0,26,1,35,
6238,1,,,,,,,,,,,,,,,,,0xFF01FE,,,,,,,,,,,,,,,,,0xFF01CC,1.0,26,1,36,
6239,1,,,,,,,,,,,,,,,,,0xFF01FE,,,,,,,,,,,,,,,,,0xFF01CC,1.0,26,1,37,
6240,1,,,,,,,,,,,,,,,,,0xFF01FE,,,,,,,,,,,,,,,,,0xFF01CC,1.0,26,1,38,
6241,1,,,,,,,,,,,,,,,,,0xFF01FE,,,,,,,,,,,,,,,,,0xFF01CC,1.0,26,1,39,
6242,1,,,,,,,,,,,,,,,,,0xFF01FE,,,,,,,,,,,,,,,,,0xFF01CC,1.0,26,1,40,
6243,1,,,,,,,,,,,,,,,,,0xFF01FE,,,,,,,,,,,,,,,,,0xFF01CC,1.0,26,1,41,
6244,1,,,,,,,,,,,,,,,,,0xFF01FE,,,,,,,,,,,,,,,,,0xFF01CC,1.0,26,1,42,
6245,1,,,,,,,,,,,,,,,,,0xFF01FE,,,,,,,,,,,,,,,,,0xFF01CC,1.0,26,1,43,
6246,1,,,,,,,,,,,,,,,,,0xFF01FE,,,,,,,,,,,,,,,,,0xFF01CC,1.0,26,1,44,
6247,1,,,,,,,,,,,,,,,,,0xFF01FE,,,,,,,,,,,,,,,,,0xFF01CC,1.0,26,1,45,
6248,1,,,,,,,,,,,,,,,,,0xFF01FE,,,,,,,,,,,,,,,,,0xFF01CC,1.0,26,1,46,
6249,1,,,,,,,,,,,,,,,,,0xFF01FE,,,,,,,,,,,,,,,,,0xFF01CC,1.0,26,1,47,
6250,1,,,,,,,,,,,,,,,,,0xFF01FE,,,,,,,,,,,,,,,,,0xFF01CC,1.0,26,1,48,
6251,1,,,,,,,,,,,,,,,,,0xFF01FE,,,,,,,,,,,,,,,,,0xFF01CC,1.0,26,1,49,
6252,1,,,,,,,,,,,,,,,,,0xFF01FE,,,,,,,,,,,,,,,,,0xFF01CC,1.0,26,1,50,
6253,1,,,,,,,,,,,,,,,,,0xFF01FE,,,,,,,,,,,,,,,,,0xFF01CC,1.0,26,1,51,
6254,1,,,,,,,,,,,,,,,,,0xFF01FE,,,,,,,,,,,,,,,,,0xFF01CC,1.0,26,1,52,
6255,1,,,,,,,,,,,,,,,,,0xFF01FE,,,,,,,,,,,,,,,,,0xFF01CC,1.0,26,1,53,
6256,1,,,,,,,,,,,,,,,,,0xFF01FE,,,,,,,,,,,,,,,,,0xFF01CC,1.0,26,1,54,
6257,1,,,,,,,,,,,,,,,,,0xFF01FE,,,,,,,,,,,,,,,,,0xFF01CC,1.0,26,1,55,
6258,1,,,,,,,,,,,,,,,,,0xFF01FE,,,,,,,,,,,,,,,,,0xFF01CC,1.0,26,1,56,
6259,1,,,,,,,,,,,,,,,,,0xFF01FE,,,,,,,,,,,,,,,,,0xFF01CC,1.0,26,1,57,
6260,1,,,,,,,,,,,,,,,,,0xFF01FE,,,,,,,,,,,,,,,,,0xFF01CC,1.0,26,1,58,
6261,1,,,,,,,,,,,,,,,,,0xFF01FE,,,,,,,,,,,,,,,,,0xFF01CC,1.0,26,1,59,
6262,1,,,,,,,,,,,,,,,,,0xFF01FE,,,,,,,,,,,,,,,,,0xFF01CC,1.0,26,1,60,
6263,1,,,,,,,,,,,,,,,,,0xFF01FE,,,,,,,,,,,,,,,,,0xFF01CC,1.0,26,1,61,
6264,1,,,,,,,,,,,,,,,,,0xFF01FE,,,,,,,,,,,,,,,,,0xFF01CC,1.0,26,1,62,
6265,1,,,,,,,,,,,,,,,,,0xFF01FE,,,,,,,,,,,,,,,,,0xFF01CC,1.0,26,1,63,
6266,1,,,,,,,,,,,,,,,,,0xFF01FE,,,,,,,,,,,,,,,,,0xFF01CC,1.0,26,1,64,
6267,1,,,,,,,,,,,,,,,,,0xFF01FE,,,,,,,,,,,,,,,,,0xFF01CC,1.0,26,1,65,
6268,1,,,,,,,,,,,,,,,,,0xFF01FE,,,,,,,,,,,,,,,,,0xFF01CC,1.0,26,1,66,
6269,1,,,,,,,,,,,,,,,,,0xFF01FE,,,,,,,,,,,,,,,,,0xFF01CC,1.0,26,1,67,
6270,1,,,,,,,,,,,,,,,,,0xFF01FE,,,,,,,,,,,,,,,,,0xFF01CC,1.0,26,1,68,
6271,1,,,,,,,,,,,,,,,,,0xFF01FE,,,,,,,,,,,,,,,,,0xFF01CC,1.0,26,1,69,
6272,1,,,,,,,,,,,,,,,,,0xFF01FE,,,,,,,,,,,,,,,,,0xFF01CC,1.0,26,1,70,
6273,1,,,,,,,,,,,,,,,,,0xFF01FE,,,,,,,,,,,,,,,,,0xFF01CC,1.0,26,1,71,
6274,1,,,,,,,,,,,,,,,,,0xFF01FE,,,,,,,,,,,,,,,,,0xFF01CC,1.0,26,1,72,
6275,1,,,,,,,,,,,,,,,,,0xFF01FE,,,,,,,,,,,,,,,,,0xFF01CC,1.0,26,1,73,
6276,1,,,,,,,,,,,,,,,,,0xFF01FE,,,,,,,,,,,,,,,,,0xFF01CC,1.0,26,1,74,
6277,1,,,,,,,,,,,,,,,,,0xFF01FE,,,,,,,,,,,,,,,,,0xFF01CC,1.0,26,1,75,
6278,1,,,,,,,,,,,,,,,,,0xFF01FE,,,,,,,,,,,,,,,,,0xFF01CC,1.0,26,1,76,
6279,1,,,,,,,,,,,,,,,,,0xFF01FE,,,,,,,,,,,,,,,,,0xFF01CC,1.0,26,1,77,
6280,1,,,,,,,,,,,,,,,,,0xFF01FE,,,,,,,,,,,,,,,,,0xFF01CC,1.0,26,1,78,
6281,1,,,,,,,,,,,,,,,,,0xFF01FE,,,,,,,,,,,,,,,,,0xFF01CC,1.0,26,1,79,
6282,1,,,,,,,,,,,,,,,,,0xFF01FE,,,,,,,,,,,,,,,,,0xFF01CC,1.0,26,1,80,
6283,1,,,,,,,,,,,,,,,,,0xFF01FE,,,,,,,,,,,,,,,,,0xFF01CC,1.0,26,1,81,
6284,1,,,,,,,,,,,,,,,,,0xFF01FE,,,,,,,,,,,,,,,,,0xFF01CC,1.0,26,1,82,
6285,1,,,,,,,,,,,,,,,,,0xFF01FE,,,,,,,,,,,,,,,,,0xFF01CC,1.0,26,1,83,
6286,1,,,,,,,,,,,,,,,,,0xFF01FE,,,,,,,,,,,,,,,,,0xFF01CC,1.0,26,1,84,
6287,1,,,,,,,,,,,,,,,,,0xFF01FE,,,,,,,,,,,,,,,,,0xFF01CC,1.0,26,1,85,
6288,1,,,,,,,,,,,,,,,,,0xFF01FE,,,,,,,,,,,,,,,,,0xFF01CC,1.0,26,1,86,
6289,1,,,,,,,,,,,,,,,,,0xFF01FE,,,,,,,,,,,,,,,,,0xFF01CC,1.0,26,1,87,
6290,1,,,,,,,,,,,,,,,,,0xFF01FE,,,,,,,,,,,,,,,,,0xFF01CC,1.0,26,1,88,
6291,1,,,,,,,,,,,,,,,,,0xFF01FE,,,,,,,,,,,,,,,,,0xFF01CC,1.0,26,1,89,
6292,1,,,,,,,,,,,,,,,,,0xFF01FE,,,,,,,,,,,,,,,,,0xFF01CC,1.0,26,1,90,
6293,1,,,,,,,,,,,,,,,,,0xFF01FE,,,,,,,,,,,,,,,,,0xFF01CC,1.0,26,1,91,
6294,1,,,,,,,,,,,,,,,,,0xFF01FE,,,,,,,,,,,,,,,,,0xFF01CC,1.0,26,1,92,
6295,1,,,,,,,,,,,,,,,,,0xFF01FE,,,,,,,,,,,,,,,,,0xFF01CC,1.0,26,1,93,
6296,1,,,,,,,,,,,,,,,,,0xFF01FE,,,,,,,,,,,,,,,,,0xFF01CC,1.0,26,1,94,
6297,1,,,,,,,,,,,,,,,,,0xFF01FE,,,,,,,,,,,,,,,,,0xFF01CC,1.0,26,1,95,
6298,1,,,,,,,,,,,,,,,,,0xFF01FE,,,,,,,,,,,,,,,,,0xFF01CC,1.0,26,1,96,
6299,1,,,,,,,,,,,,,,,,,0xFF01FE,,,,,,,,,,,,,,,,,0xFF01CC,1.0,26,1,97,
6300,1,,,,,,,,,,,,,,,,,0xFF01FE,,,,,,,,,,,,,,,,,0xFF01CC,1.0,26,1,98,
6301,1,,,,,,,,,,,,,,,,,0xFF01FE,,,,,,,,,,,,,,,,,0xFF01CC,1.0,26,1,99,
6302,1,,,,,,,,,,,,,,,,,0xFF01FE,,,,,,,,,,,,,,,,,0xFF01CC,1.0,26,1,100,
6303,1,,,,,,,,,,,,,,,,,0xFF01FE,,,,,,,,,,,,,,,,,0xFF01CC,1.0,26,1,101,
6304,1,,,,,,,,,,,,,,,,,0xFF01FE,,,,,,,,,,,,,,,,,0xFF01CC,1.0,26,1,102,
6305,1,,,,,,,,,,,,,,,,,0xFF01FE,,,,,,,,,,,,,,,,,0xFF01CC,1.0,26,1,103,
6306,1,,,,,,,,,,,,,,,,,0xFF01FE,,,,,,,,,,,,,,,,,0xFF01CC,1.0,26,1,104,
6307,1,,,,,,,,,,,,,,,,,0xFF01FE,,,,,,,,,,,,,,,,,0xFF01CC,1.0,26,1,105,
6308,1,,,,,,,,,,,,,,,,,0xFF01FE,,,,,,,,,,,,,,,,,0xFF01CC,1.0,26,1,106,
6309,1,,,,,,,,,,,,,,,,,0xFF01FE,,,,,,,,,,,,,,,,,0xFF01CC,1.0,26,1,107,
6310,1,,,,,,,,,,,,,,,,,0xFF01FE,,,,,,,,,,,,,,,,,0xFF01CC,1.0,26,1,108,
6311,1,,,,,,,,,,,,,,,,,0xFF01FE,,,,,,,,,,,,,,,,,0xFF01CC,1.0,26,1,109,
6312,1,,,,,,,,,,,,,,,,,0xFF01FE,,,,,,,,,,,,,,,,,0xFF01CC,1.0,26,1,110,
6313,1,,,,,,,,,,,,,,,,,0xFF01FE,,,,,,,,,,,,,,,,,0xFF01CC,1.0,26,1,111,
6314,1,,,,,,,,,,,,,,,,,0xFF01FE,,,,,,,,,,,,,,,,,0xFF01CC,1.0,26,1,112,
6315,1,,,,,,,,,,,,,,,,,0xFF01FE,,,,,,,,,,,,,,,,,0xFF01CC,1.0,26,1,113,
6316,1,,,,,,,,,,,,,,,,,0xFF01FE,,,,,,,,,,,,,,,,,0xFF01CC,1.0,26,1,114,
6317,1,,,,,,,,,,,,,,,,,0xFF01FE,,,,,,,,,,,,,,,,,0xFF01CC,1.0,26,1,115,
6318,1,,,,,,,,,,,,,,,,,0xFF01FE,,,,,,,,,,,,,,,,,0xFF01CC,1.0,26,1,116,
6319,1,,,,,,,,,,,,,,,,,0xFF01FE,,,,,,,,,,,,,,,,,0xFF01CC,1.0,26,1,117,
6320,1,,,,,,,,,,,,,,,,,0xFF01FE,,,,,,,,,,,,,,,,,0xFF01CC,1.0,26,1,118,
6321,1,,,,,,,,,,,,,,,,,0xFF01FE,,,,,,,,,,,,,,,,,0xFF01CC,1.0,26,1,119,
6322,1,,,,,,,,,,,,,,,,,0xFF01FE,,,,,,,,,,,,,,,,,0xFF01CC,1.0,26,1,120,
6323,1,,,,,,,,,,,,,,,,,0xFF01FE,,,,,,,,,,,,,,,,,0xFF01CC,1.0,26,1,121,
6324,1,,,,,,,,,,,,,,,,,0xFF01FE,,,,,,,,,,,,,,,,,0xFF01CC,1.0,26,1,122,
6325,1,,,,,,,,,,,,,,,,,0xFF01FE,,,,,,,,,,,,,,,,,0xFF01CC,1.0,26,1,123,
6326,1,,,,,,,,,,,,,,,,,0xFF01FE,,,,,,,,,,,,,,,,,0xFF01CC,1.0,26,1,124,
6327,1,,,,,,,,,,,,,,,,,0xFF01FE,,,,,,,,,,,,,,,,,0xFF01CC,1.0,26,1,125,
6328,1,,,,,,,,,,,,,,,,,0xFF01FE,,,,,,,,,,,,,,,,,0xFF01CC,1.0,26,1,126,
6329,1,,,,,,,,,,,,,,,,,0xFF01FE,,,,,,,,,,,,,,,,,0xFF01CC,1.0,26,1,127,
6330,1,,,,,,,,,,,,,,,,,0xFF01FE,,,,,,,,,,,,,,,,,0xFF01CC,1.0,26,1,128,
6331,1,,,,,,,,,,,,,,,,,0xFF01FE,,,,,,,,,,,,,,,,,0xFF01CC,1.0,26,1,129,
6332,1,,,,,,,,,,,,,,,,,0xFF01FE,,,,,,,,,,,,,,,,,0xFF01CC,1.0,26,1,130,
6333,1,,,,,,,,,,,,,,,,,0xFF01FE,,,,,,,,,,,,,,,,,0xFF01CC,1.0,26,1,131,
6334,1,,,,,,,,,,,,,,,,,0xFF01FE,,,,,,,,,,,,,,,,,0xFF01CC,1.0,26,1,132,
6335,1,,,,,,,,,,,,,,,,,0xFF01FE,,,,,,,,,,,,,,,,,0xFF01CC,1.0,26,1,133,
6336,1,,,,,,,,,,,,,,,,,0xFF01FE,,,,,,,,,,,,,,,,,0xFF01CC,1.0,26,1,134,
6337,1,,,,,,,,,,,,,,,,,0xFF01FE,,,,,,,,,,,,,,,,,0xFF01CC,1.0,26,1,135,
6338,1,,,,,,,,,,,,,,,,,0xFF01FE,,,,,,,,,,,,,,,,,0xFF01CC,1.0,26,1,136,
6339,1,,,,,,,,,,,,,,,,,0xFF01FE,,,,,,,,,,,,,,,,,0xFF01CC,1.0,26,1,137,
6340,1,,,,,,,,,,,,,,,,,0xFF01FE,,,,,,,,,,,,,,,,,0xFF01CC,1.0,26,1,138,
6341,1,,,,,,,,,,,,,,,,,0xFF01FE,,,,,,,,,,,,,,,,,0xFF01CC,1.0,26,1,139,
6342,1,,,,,,,,,,,,,,,,,0xFF01FE,,,,,,,,,,,,,,,,,0xFF01CC,1.0,26,1,140,
6343,1,,,,,,,,,,,,,,,,,0xFF01FE,,,,,,,,,,,,,,,,,0xFF01CC,1.0,26,1,141,
6344,1,,,,,,,,,,,,,,,,,0xFF01FE,,,,,,,,,,,,,,,,,0xFF01CC,1.0,26,1,142,
6345,1,,,,,,,,,,,,,,,,,0xFF01FE,,,,,,,,,,,,,,,,,0xFF01CC,1.0,26,1,143,
6346,1,,,,,,,,,,,,,,,,,0xFF01FE,,,,,,,,,,,,,,,,,0xFF01CC,1.0,26,1,144,
6347,1,,,,,,,,,,,,,,,,,0xFF01FE,,,,,,,,,,,,,,,,,0xFF01CC,1.0,26,1,145,
6348,1,,,,,,,,,,,,,,,,,0xFF01FE,,,,,,,,,,,,,,,,,0xFF01CC,1.0,26,1,146,
6349,1,,,,,,,,,,,,,,,,,0xFF01FE,,,,,,,,,,,,,,,,,0xFF01CC,1.0,26,1,147,
6350,1,,,,,,,,,,,,,,,,,0xFF01FE,,,,,,,,,,,,,,,,,0xFF01CC,1.0,26,1,148,
6351,1,,,,,,,,,,,,,,,,,0xFF01FE,,,,,,,,,,,,,,,,,0xFF01CC,1.0,26,1,149,
6352,1,,,,,,,,,,,,,,,,,0xFF01FE,,,,,,,,,,,,,,,,,0xFF01CC,1.0,26,1,150,
6353,1,,,,,,,,,,,,,,,,,0xFF01FE,,,,,,,,,,,,,,,,,0xFF01CC,1.0,26,1,151,
6354,1,,,,,,,,,,,,,,,,,0xFF01FE,,,,,,,,,,,,,,,,,0xFF01CC,1.0,26,1,152,
6355,1,,,,,,,,,,,,,,,,,0xFF01FE,,,,,,,,,,,,,,,,,0xFF01CC,1.0,26,1,153,
6356,1,,,,,,,,,,,,,,,,,0xFF01FE,,,,,,,,,,,,,,,,,0xFF01CC,1.0,26,1,154,
6357,1,,,,,,,,,,,,,,,,,0xFF01FE,,,,,,,,,,,,,,,,,0xFF01CC,1.0,26,1,155,
6358,1,,,,,,,,,,,,,,,,,0xFF01FE,,,,,,,,,,,,,,,,,0xFF01CC,1.0,26,1,156,
6359,1,,,,,,,,,,,,,,,,,0xFF01FE,,,,,,,,,,,,,,,,,0xFF01CC,1.0,26,1,157,
6360,1,,,,,,,,,,,,,,,,,0xFF01FE,,,,,,,,,,,,,,,,,0xFF01CC,1.0,26,1,158,
6361,1,,,,,,,,,,,,,,,,,0xFF01FE,,,,,,,,,,,,,,,,,0xFF01CC,1.0,26,1,159,
6362,1,,,,,,,,,,,,,,,,,0xFF01FE,,,,,,,,,,,,,,,,,0xFF01CC,1.0,26,1,160,
6363,1,,,,,,,,,,,,,,,,,0xFF01FE,,,,,,,,,,,,,,,,,0xFF01CC,1.0,26,1,161,
6364,1,,,,,,,,,,,,,,,,,0xFF01FE,,,,,,,,,,,,,,,,,0xFF01CC,1.0,26,1,162,
6365,1,,,,,,,,,,,,,,,,,0xFF01FE,,,,,,,,,,,,,,,,,0xFF01CC,1.0,26,1,163,
6366,1,,,,,,,,,,,,,,,,,0xFF01FE,,,,,,,,,,,,,,,,,0xFF01CC,1.0,26,1,164,
6367,1,,,,,,,,,,,,,,,,,0xFF01FE,,,,,,,,,,,,,,,,,0xFF01CC,1.0,26,1,165,
6368,1,,,,,,,,,,,,,,,,,0xFF01FE,,,,,,,,,,,,,,,,,0xFF01CC,1.0,26,1,166,
6369,1,,,,,,,,,,,,,,,,,0xFF01FE,,,,,,,,,,,,,,,,,0xFF01CC,1.0,26,1,167,
6370,1,,,,,,,,,,,,,,,,,0xFF01FE,,,,,,,,,,,,,,,,,0xFF01CC,1.0,26,1,168,
6371,1,,,,,,,,,,,,,,,,,0xFF01FE,,,,,,,,,,,,,,,,,0xFF01CC,1.0,26,1,169,
6372,1,,,,,,,,,,,,,,,,,0xFF01FE,,,,,,,,,,,,,,,,,0xFF01CC,1.0,26,1,170,
6373,1,,,,,,,,,,,,,,,,,0xFF01FE,,,,,,,,,,,,,,,,,0xFF01CC,1.0,26,1,171,
6374,1,,,,,,,,,,,,,,,,,0xFF01FE,,,,,,,,,,,,,,,,,0xFF01CC,1.0,26,1,172,
6375,1,,,,,,,,,,,,,,,,,0xFF01FE,,,,,,,,,,,,,,,,,0xFF01CC,1.0,26,1,173,
6376,1,,,,,,,,,,,,,,,,,0xFF01FE,,,,,,,,,,,,,,,,,0xFF01CC,1.0,26,1,174,
6377,1,,,,,,,,,,,,,,,,,0xFF01FE,,,,,,,,,,,,,,,,,0xFF01CC,1.0,26,1,175,
6378,1,,,,,,,,,,,,,,,,,0xFF01FE,,,,,,,,,,,,,,,,,0xFF01CC,1.0,26,1,176,
6379,1,,,,,,,,,,,,,,,,,0xFF01FE,,,,,,,,,,,,,,,,,0xFF01CC,1.0,26,1,177,
6380,1,,,,,,,,,,,,,,,,,0xFF01FE,,,,,,,,,,,,,,,,,0xFF01CC,1.0,26,1,178,
6381,1,,,,,,,,,,,,,,,,,0xFF01FE,,,,,,,,,,,,,,,,,0xFF01CC,1.0,26,1,179,
6382,1,,,,,,,,,,,,,,,,,0xFF01FE,,,,,,,,,,,,,,,,,0xFF01CC,1.0,26,1,180,
6383,1,,,,,,,,,,,,,,,,,0xFF01FE,,,,,,,,,,,,,,,,,0xFF01CC,1.0,26,1,181,
6384,1,,,,,,,,,,,,,,,,,0xFF01FE,,,,,,,,,,,,,,,,,0xFF01CC,1.0,26,1,182,
6385,1,,,,,,,,,,,,,,,,,0xFF01FE,,,,,,,,,,,,,,,,,0xFF01CC,1.0,26,1,183,
6386,1,,,,,,,,,,,,,,,,,0xFF01FE,,,,,,,,,,,,,,,,,0xFF01CC,1.0,26,1,184,
6387,1,,,,,,,,,,,,,,,,,0xFF01FE,,,,,,,,,,,,,,,,,0xFF01CC,1.0,26,1,185,
6388,1,,,,,,,,,,,,,,,,,0xFF01FE,,,,,,,,,,,,,,,,,0xFF01CC,1.0,26,1,186,
6389,1,,,,,,,,,,,,,,,,,0xFF01FE,,,,,,,,,,,,,,,,,0xFF01CC,1.0,26,1,187,
6390,1,,,,,,,,,,,,,,,,,0xFF01FE,,,,,,,,,,,,,,,,,0xFF01CC,1.0,26,1,188,
6391,1,,,,,,,,,,,,,,,,,0xFF01FE,,,,,,,,,,,,,,,,,0xFF01CC,1.0,26,1,189,
6392,1,,,,,,,,,,,,,,,,,0xFF01FE,,,,,,,,,,,,,,,,,0xFF01CC,1.0,26,1,190,
6393,1,,,,,,,,,,,,,,,,,0xFF01FE,,,,,,,,,,,,,,,,,0xFF01CC,1.0,26,1,191,
6394,1,,,,,,,,,,,,,,,,,0xFF01FE,,,,,,,,,,,,,,,,,0xFF01CC,1.0,26,1,192,
6395,1,,,,,,,,,,,,,,,,,0xFF01FE,,,,,,,,,,,,,,,,,0xFF01CC,1.0,26,1,193,
6396,1,,,,,,,,,,,,,,,,,0xFF01FE,,,,,,,,,,,,,,,,,0xFF01CC,1.0,26,1,194,
6397,2,,,,,,,,,,,,,,,,,0xFF01FE,,,,,,,,,,,,,,,,,0xFF01CC,1.0,26,1,0,
6398,2,,,,,,,,,,,,,,,,,0xFF01FE,,,,,,,,,,,,,,,,,0xFF01CC,1.0,26,1,1,
6399,2,,,,,,,,,,,,,,,,,0xFF01FE,,,,,,,,,,,,,,,,,0xFF01CC,1.0,26,1,2,
6400,2,,,,,,,,,,,,,,,,,0xFF01FE,,,,,,,,,,,,,,,,,0xFF01CC,1.0,26,1,3,
6401,2,,,,,,,,,,,,,,,,,0xFF01FE,,,,,,,,,,,,,,,,,0xFF01CC,1.0,26,1,4,
6402,2,,,,,,,,,,,,,,,,,0xFF01FE,,,,,,,,,,,,,,,,,0xFF01CC,1.0,26,1,5,
6403,2,,,,,,,,,,,,,,,,,0xFF01FE,,,,,,,,,,,,,,,,,0xFF01CC,1.0,26,1,6,
6404,2,,,,,,,,,,,,,,,,,0xFF01FE,,,,,,,,,,,,,,,,,0xFF01CC,1.0,26,1,7,
6405,2,,,,,,,,,,,,,,,,,0xFF01FE,,,,,,,,,,,,,,,,,0xFF01CC,1.0,26,1,8,
6406,2,,,,,,,,,,,,,,,,,0xFF01FE,,,,,,,,,,,,,,,,,0xFF01CC,1.0,26,1,9,
6407,2,,,,,,,,,,,,,,,,,0xFF01FE,,,,,,,,,,,,,,,,,0xFF01CC,1.0,26,1,10,
6408,2,,,,,,,,,,,,,,,,,0xFF01FE,,,,,,,,,,,,,,,,,0xFF01CC,1.0,26,1,11,
6409,2,,,,,,,,,,,,,,,,,0xFF01FE,,,,,,,,,,,,,,,,,0xFF01CC,1.0,26,1,12,
6410,2,,,,,,,,,,,,,,,,,0xFF01FE,,,,,,,,,,,,,,,,,0xFF01CC,1.0,26,1,13,
6411,2,,,,,,,,,,,,,,,,,0xFF01FE,,,,,,,,,,,,,,,,,0xFF01CC,1.0,26,1,14,
6412,2,,,,,,,,,,,,,,,,,0xFF01FE,,,,,,,,,,,,,,,,,0xFF01CC,1.0,26,1,15,
6413,2,,,,,,,,,,,,,,,,,0xFF01FE,,,,,,,,,,,,,,,,,0xFF01CC,1.0,26,1,16,
6414,2,,,,,,,,,,,,,,,,,0xFF01FE,,,,,,,,,,,,,,,,,0xFF01CC,1.0,26,1,17,
6415,3,,,,,,,,,,,,,,,,,0xFF01FE,,,,,,,,,,,,,,,,,0xFF01CC,1.0,26,1,0,
6416,3,,,,,,,,,,,,,,,,,0xFF01FE,,,,,,,,,,,,,,,,,0xFF01CC,1.0,26,1,1,
6417,3,,,,,,,,,,,,,,,,,0xFF01FE,,,,,,,,,,,,,,,,,0xFF01CC,1.0,26,1,2,
6418,3,,,,,,,,,,,,,,,,,0xFF01FE,,,,,,,,,,,,,,,,,0xFF01CC,1.0,26,1,3,
6419,3,,,,,,,,,,,,,,,,,0xFF01FE,,,,,,,,,,,,,,,,,0xFF01CC,1.0,26,1,4,
6420,3,,,,,,,,,,,,,,,,,0xFF01FE,,,,,,,,,,,,,,,,,0xFF01CC,1.0,26,1,5,
6421,3,,,,,,,,,,,,,,,,,0xFF01FE,,,,,,,,,,,,,,,,,0xFF01CC,1.0,26,1,6,
6422,3,,,,,,,,,,,,,,,,,0xFF01FE,,,,,,,,,,,,,,,,,0xFF01CC,1.0,26,1,7,
6423,3,,,,,,,,,,,,,,,,,0xFF01FE,,,,,,,,,,,,,,,,,0xFF01CC,1.0,26,1,8,
6424,3,,,,,,,,,,,,,,,,,0xFF01FE,,,,,,,,,,,,,,,,,0xFF01CC,1.0,26,1,9,
6425,3,,,,,,,,,,,,,,,,,0xFF01FE,,,,,,,,,,,,,,,,,0xFF01CC,1.0,26,1,10,
6426,3,,,,,,,,,,,,,,,,,0xFF01FE,,,,,,,,,,,,,,,,,0xFF01CC,1.0,26,1,11,
6427,3,,,,,,,,,,,,,,,,,0xFF01FE,,,,,,,,,,,,,,,,,0xFF01CC,1.0,26,1,12,
6428,3,,,,,,,,,,,,,,,,,0xFF01FE,,,,,,,,,,,,,,,,,0xFF01CC,1.0,26,1,13,
6429,3,,,,,,,,,,,,,,,,,0xFF01FE,,,,,,,,,,,,,,,,,0xFF01CC,1.0,26,1,14,
6430,3,,,,,,,,,,,,,,,,,0xFF01FE,,,,,,,,,,,,,,,,,0xFF01CC,1.0,26,1,15,
6431,3,,,,,,,,,,,,,,,,,0xFF01FE,,,,,,,,,,,,,,,,,0xFF01CC,1.0,26,1,16,
6432,3,,,,,,,,,,,,,,,,,0xFF01FE,,,,,,,,,,,,,,,,,0xFF01CC,1.0,26,1,17,
6433,3,,,,,,,,,,,,,,,,,0xFF01FE,,,,,,,,,,,,,,,,,0xFF01CC,1.0,26,1,18,
6434,3,,,,,,,,,,,,,,,,,0xFF01FE,,,,,,,,,,,,,,,,,0xFF01CC,1.0,26,1,19,
6435,3,,,,,,,,,,,,,,,,,0xFF01FE,,,,,,,,,,,,,,,,,0xFF01CC,1.0,26,1,20,
16417,3,,,,,,,,,,,,,,,,,0xFF01FE,,,,,,,,,,,,,,,,,0xFF01CC,1.0,6,0,0,
16418,3,,,,,,,,,,,,,,,,,0xFF01FE,,,,,,,,,,,,,,,,,0xFF01CC,1.0,6,0,1,
16419,3,,,,,,,,,,,,,,,,,0xFF01FE,,,,,,,,,,,,,,,,,0xFF01CC,1.0,6,0,2,
16420,3,,,,,,,,,,,,,,,,,0xFF01FE,,,,,,,,,,,,,,,,,0xFF01CC,1.0,6,0,3,
16421,3,,,,,,,,,,,,,,,,,0xFF01FE,,,,,,,,,,,,,,,,,0xFF01CC,1.0,6,0,4,
16422,3,,,,,,,,,,,,,,,,,0xFF01FE,,,,,,,,,,,,,,,,,0xFF01CC,1.0,6,0,5,
16423,3,,,,,,,,,,,,,,,,,0xFF01FE,,,,,,,,,,,,,,,,,0xFF01CC,1.0,6,0,6,
16424,3,,,,,,,,,,,,,,,,,0xFF01FE,,,,,,,,,,,,,,,,,0xFF01CC,1.0,6,0,7,
16425,3,,,,,,,,,,,,,,,,,0xFF01FE,,,,,,,,,,,,,,,,,0xFF01CC,1.0,6,0,8,
16426,3,,,,,,,,,,,,,,,,,0xFF01FE,,,,,,,,,,,,,,,,,0xFF01CC,1.0,6,0,9,
16427,3,,,,,,,,,,,,,,,,,0xFF01FE,,,,,,,,,,,,,,,,,0xFF01CC,1.0,6,0,10,
16428,3,,,,,,,,,,,,,,,,,0xFF01FE,,,,,,,,,,,,,,,,,0xFF01CC,1.0,6,0,11,
16429,3,,,,,,,,,,,,,,,,,0xFF01FE,,,,,,,,,,,,,,,,,0xFF01CC,1.0,6,0,12,
16430,3,,,,,,,,,,,,,,,,,0xFF01FE,,,,,,,,,,,,,,,,,0xFF01CC,1.0,6,0,13,
16431,3,,,,,,,,,,,,,,,,,0xFF01FE,,,,,,,,,,,,,,,,,0xFF01CC,1.0,6,0,14,
16432,3,,,,,,,,,,,,,,,,,0xFF01FE,,,,,,,,,,,,,,,,,0xFF01CC,1.0,6,0,15,
16433,3,,,,,,,,,,,,,,,,,0xFF01FE,,,,,,,,,,,,,,,,,0xFF01CC,1.0,6,0,16,
16434,3,,,,,,,,,,,,,,,,,0xFF01FE,,,,,,,,,,,,,,,,,0xFF01CC,1.0,6,0,17,
16435,3,,,,,,,,,,,,,,,,,0xFF01FE,,,,,,,,,,,,,,,,,0xFF01CC,1.0,6,0,18,
16436,3,,,,,,,,,,,,,,,,,0xFF01FE,,,,,,,,,,,,,,,,,0xFF01CC,1.0,6,0,19,
16437,3,,,,,,,,,,,,,,,,,0xFF01FE,,,,,,,,,,,,,,,,,0xFF01CC,1.0,6,0,20,
16438,3,,,,,,,,,,,,,,,,,0xFF01FE,,,,,,,,,,,,,,,,,0xFF01CC,1.0,6,0,21,
16439,3,,,,,,,,,,,,,,,,,0xFF01FE,,,,,,,,,,,,,,,,,0xFF01CC,1.0,6,0,22,
16440,3,,,,,,,,,,,,,,,,,0xFF01FE,,,,,,,,,,,,,,,,,0xFF01CC,1.0,6,0,23,
16441,3,,,,,,,,,,,,,,,,,0xFF01FE,,,,,,,,,,,,,,,,,0xFF01CC,1.0,6,0,24,
16442,3,,,,,,,,,,,,,,,,,0xFF01FE,,,,,,,,,,,,,,,,,0xFF01CC,1.0,6,0,25,
16443,3,,,,,,,,,,,,,,,,,0xFF01FE,,,,,,,,,,,,,,,,,0xFF01CC,1.0,6,0,26,
16444,3,,,,,,,,,,,,,,,,,0xFF01FE,,,,,,,,,,,,,,,,,0xFF01CC,1.0,6,0,27,
16445,3,,,,,,,,,,,,,,,,,0xFF01FE,,,,,,,,,,,,,,,,,0xFF01CC,1.0,6,0,28,
16446,3,,,,,,,,,,,,,,,,,0xFF01FE,,,,,,,,,,,,,,,,,0xFF01CC,1.0,6,0,29,
16447,3,,,,,,,,,,,,,,,,,0xFF01FE,,,,,,,,,,,,,,,,,0xFF01CC,1.0,6,0,30,
16448,3,,,,,,,,,,,,,,,,,0xFF01FE,,,,,,,,,,,,,,,,,0xFF01CC,1.0,6,0,31,
16449,3,,,,,,,,,,,,,,,,,0xFF01FE,,,,,,,,,,,,,,,,,0xFF01CC,1.0,6,0,32,
16450,3,,,,,,,,,,,,,,,,,0xFF01FE,,,,,,,,,,,,,,,,,0xFF01CC,1.0,6,0,33,
16451,3,,,,,,,,,,,,,,,,,0xFF01FE,,,,,,,,,,,,,,,,,0xFF01CC,1.0,6,0,34,
16452,3,,,,,,,,,,,,,,,,,0xFF01FE,,,,,,,,,,,,,,,,,0xFF01CC,1.0,6,0,35,
16453,3,,,,,,,,,,,,,,,,,0xFF01FE,,,,,,,,,,,,,,,,,0xFF01CC,1.0,6,0,36,
16454,3,,,,,,,,,,,,,,,,,0xFF01FE,,,,,,,,,,,,,,,,,0xFF01CC,1.0,6,0,37,
16455,3,,,,,,,,,,,,,,,,,0xFF01FE,,,,,,,,,,,,,,,,,0xFF01CC,1.0,6,0,38,
16456,3,,,,,,,,,,,,,,,,,0xFF01FE,,,,,,,,,,,,,,,,,0xFF01CC,1.0,6,0,39,
16457,3,,,,,,,,,,,,,,,,,0xFF01FE,,,,,,,,,,,,,,,,,0xFF01CC,1.0,6,0,40,
16458,3,,,,,,,,,,,,,,,,,0xFF01FE,,,,,,,,,,,,,,,,,0xFF01CC,1.0,6,0,41,
16459,3,,,,,,,,,,,,,,,,,0xFF01FE,,,,,,,,,,,,,,,,,0xFF01CC,1.0,6,0,42,
16460,3,,,,,,,,,,,,,,,,,0xFF01FE,,,,,,,,,,,,,,,,,0xFF01CC,1.0,6,0,43,
16461,3,,,,,,,,,,,,,,,,,0xFF01FE,,,,,,,,,,,,,,,,,0xFF01CC,1.0,6,0,44,
16462,3,,,,,,,,,,,,,,,,,0xFF01FE,,,,,,,,,,,,,,,,,0xFF01CC,1.0,6,0,45,
16463,3,,,,,,,,,,,,,,,,,0xFF01FE,,,,,,,,,,,,,,,,,0xFF01CC,1.0,6,0,46,
16464,3,,,,,,,,,,,,,,,,,0xFF01FE,,,,,,,,,,,,,,,,,0xFF01CC,1.0,6,0,47,
16465,3,,,,,,,,,,,,,,,,,0xFF01FE,,,,,,,,,,,,,,,,,0xFF01CC,1.0,6,0,48,
16466,3,,,,,,,,,,,,,,,,,0xFF01FE,,,,,,,,,,,,,,,,,0xFF01CC,1.0,6,0,49,
16467,3,,,,,,,,,,,,,,,,,0xFF01FE,,,,,,,,,,,,,,,,,0xFF01CC,1.0,6,0,50,
16468,3,,,,,,,,,,,,,,,,,0xFF01FE,,,,,,,,,,,,,,,,,0xFF01CC,1.0,6,0,51,
16469,3,,,,,,,,,,,,,,,,,0xFF01FE,,,,,,,,,,,,,,,,,0xFF01CC,1.0,6,0,52,
16470,3,,,,,,,,,,,,,,,,,0xFF01FE,,,,,,,,,,,,,,,,,0xFF01CC,1.0,6,0,53,
16471,3,,,,,,,,,,,,,,,,,0xFF01FE,,,,,,,,,,,,,,,,,0xFF01CC,1.0,6,0,54,
16472,3,,,,,,,,,,,,,,,,,0xFF01FE,,,,,,,,,,,,,,,,,0xFF01CC,1.0,6,0,55,
16473,3,,,,,,,,,,,,,,,,,0xFF01FE,,,,,,,,,,,,,,,,,0xFF01CC,1.0,6,0,56,
16474,3,,,,,,,,,,,,,,,,,0xFF01FE,,,,,,,,,,,,,,,,,0xFF01CC,1.0,6,0,57,
16475,3,,,,,,,,,,,,,,,,,0xFF01FE,,,,,,,,,,,,,,,,,0xFF01CC,1.0,6,0,58,
16476,3,,,,,,,,,,,,,,,,,0xFF01FE,,,,,,,,,,,,,,,,,0xFF01CC,1.0,6,0,59,
16477,3,,,,,,,,,,,,,,,,,0xFF01FE,,,,,,,,,,,,,,,,,0xFF01CC,1.0,6,0,60,
16478,3,,,,,,,,,,,,,,,,,0xFF01FE,,,,,,,,,,,,,,,,,0xFF01CC,1.0,6,0,61,
16479,3,,,,,,,,,,,,,,,,,0xFF01FE,,,,,,,,,,,,,,,,,0xFF01CC,1.0,6,0,62,
16480,3,,,,,,,,,,,,,,,,,0xFF01FE,,,,,,,,,,,,,,,,,0xFF01CC,1.0,6,0,63,
16481,3,,,,,,,,,,,,,,,,,0xFF01FE,,,,,,,,,,,,,,,,,0xFF01CC,1.0,6,0,64,
16482,3,,,,,,,,,,,,,,,,,0xFF01FE,,,,,,,,,,,,,,,,,0xFF01CC,1.0,6,0,65,
16483,3,,,,,,,,,,,,,,,,,0xFF01FE,,,,,,,,,,,,,,,,,0xFF01CC,1.0,6,0,66,
16484,3,,,,,,,,,,,,,,,,,0xFF01FE,,,,,,,,,,,,,,,,,0xFF01CC,1.0,6,0,67,
16485,3,,,,,,,,,,,,,,,,,0xFF01FE,,,,,,,,,,,,,,,,,0xFF01CC,1.0,6,0,68,
16486,3,,,,,,,,,,,,,,,,,0xFF01FE,,,,,,,,,,,,,,,,,0xFF01CC,1.0,6,0,69,
16487,3,,,,,,,,,,,,,,,,,0xFF01FE,,,,,,,,,,,,,,,,,0xFF01CC,1.0,6,0,70,
16488,3,,,,,,,,,,,,,,,,,0xFF01FE,,,,,,,,,,,,,,,,,0xFF01CC,1.0,6,0,71,
16489,3,,,,,,,,,,,,,,,,,0xFF01FE,,,,,,,,,,,,,,,,,0xFF01CC,1.0,6,0,72,
16490,3,,,,,,,,,,,,,,,,,0xFF01FE,,,,,,,,,,,,,,,,,0xFF01CC,1.0,6,0,73,
16491,3,,,,,,,,,,,,,,,,,0xFF01FE,,,,,,,,,,,,,,,,,0xFF01CC,1.0,6,0,74,
16492,3,,,,,,,,,,,,,,,,,0xFF01FE,,,,,,,,,,,,,,,,,0xFF01CC,1.0,6,0,75,
16493,3,,,,,,,,,,,,,,,,,0xFF01FE,,,,,,,,,,,,,,,,,0xFF01CC,1.0,6,0,76,
16494,3,,,,,,,,,,,,,,,,,0xFF01FE,,,,,,,,,,,,,,,,,0xFF01CC,1.0,6,0,77,
16495,3,,,,,,,,,,,,,,,,,0xFF01FE,,,,,,,,,,,,,,,,,0xFF01CC,1.0,6,0,78,
16496,3,,,,,,,,,,,,,,,,,0xFF01FE,,,,,,,,,,,,,,,,,0xFF01CC,1.0,6,0,79,
16497,3,,,,,,,,,,,,,,,,,0xFF01FE,,,,,,,,,,,,,,,,,0xFF01CC,1.0,6,0,80,
16498,3,,,,,,,,,,,,,,,,,0xFF01FE,,,,,,,,,,,,,,,,,0xFF01CC,1.0,6,0,81,
16499,3,,,,,,,,,,,,,,,,,0xFF01FE,,,,,,,,,,,,,,,,,0xFF01CC,1.0,6,0,82,
16500,3,,,,,,,,,,,,,,,,,0xFF01FE,,,,,,,,,,,,,,,,,0xFF01CC,1.0,6,0,83,
16501,3,,,,,,,,,,,,,,,,,0xFF01FE,,,,,,,,,,,,,,,,,0xFF01CC,1.0,6,0,84,
16502,3,,,,,,,,,,,,,,,,,0xFF01FE,,,,,,,,,,,,,,,,,0xFF01CC,1.0,6,0,85,
16503,3,,,,,,,,,,,,,,,,,0xFF01FE,,,,,,,,,,,,,,,,,0xFF01CC,1.0,6,0,86,
16504,3,,,,,,,,,,,,,,,,,0xFF01FE,,,,,,,,,,,,,,,,,0xFF01CC,1.0,6,0,87,
16505,3,,,,,,,,,,,,,,,,,0xFF01FE,,,,,,,,,,,,,,,,,0xFF01CC,1.0,6,0,88,
16506,3,,,,,,,,,,,,,,,,,0xFF01FE,,,,,,,,,,,,,,,,,0xFF01CC,1.0,6,0,89,
16507,3,,,,,,,,,,,,,,,,,0xFF01FE,,,,,,,,,,,,,,,,,0xFF01CC,1.0,6,0,90,
16508,3,,,,,,,,,,,,,,,,,0xFF01FE,,,,,,,,,,,,,,,,,0xFF01CC,1.0,6,0,91,
16509,3,,,,,,,,,,,,,,,,,0xFF01FE,,,,,,,,,,,,,,,,,0xFF01CC,1.0,6,0,92,
16510,3,,,,,,,,,,,,,,,,,0xFF01FE,,,,,,,,,,,,,,,,,0xFF01CC,1.0,6,0,93,
16511,3,,,,,,,,,,,,,,,,,0xFF01FE,,,,,,,,,,,,,,,,,0xFF01CC,1.0,6,0,94,
16512,3,,,,,,,,,,,,,,,,,0xFF01FE,,,,,,,,,,,,,,,,,0xFF01CC,1.0,6,0,95,
16513,3,,,,,,,,,,,,,,,,,0xFF01FE,,,,,,,,,,,,,,,,,0xFF01CC,1.0,6,0,96,
16514,3,,,,,,,,,,,,,,,,,0xFF01FE,,,,,,,,,,,,,,,,,0xFF01CC,1.0,6,0,97,
16515,3,,,,,,,,,,,,,,,,,0xFF01FE,,,,,,,,,,,,,,,,,0xFF01CC,1.0,6,0,98,
16516,3,,,,,,,,,,,,,,,,,0xFF01FE,,,,,,,,,,,,,,,,,0xFF01CC,1.0,6,0,99,
16517,3,,,,,,,,,,,,,,,,,0xFF01FE,,,,,,,,,,,,,,,,,0xFF01CC,1.0,6,0,100,
16518,3,,,,,,,,,,,,,,,,,0xFF01FE,,,,,,,,,,,,,,,,,0xFF01CC,1.0,6,0,101,
16519,3,,,,,,,,,,,,,,,,,0xFF01FE,,,,,,,,,,,,,,,,,0xFF01CC,1.0,6,0,102,
16520,3,,,,,,,,,,,,,,,,,0xFF01FE,,,,,,,,,,,,,,,,,0xFF01CC,1.0,6,0,103,
16521,3,,,,,,,,,,,,,,,,,0xFF01FE,,,,,,,,,,,,,,,,,0xFF01CC,1.0,6,0,104,
16522,3,,,,,,,,,,,,,,,,,0xFF01FE,,,,,,,,,,,,,,,,,0xFF01CC,1.0,6,0,105,
16523,3,,,,,,,,,,,,,,,,,0xFF01FE,,,,,,,,,,,,,,,,,0xFF01CC,1.0,6,0,106,
16524,3,,,,,,,,,,,,,,,,,0xFF01FE,,,,,,,,,,,,,,,,,0xFF01CC,1.0,6,0,107,
16525,3,,,,,,,,,,,,,,,,,0xFF01FE,,,,,,,,,,,,,,,,,0xFF01CC,1.0,6,0,108,
16526,3,,,,,,,,,,,,,,,,,0xFF01FE,,,,,,,,,,,,,,,,,0xFF01CC,1.0,6,0,109,
16527,3,,,,,,,,,,,,,,,,,0xFF01FE,,,,,,,,,,,,,,,,,0xFF01CC,1.0,6,0,110,
16528,3,,,,,,,,,,,,,,,,,0xFF01FE,,,,,,,,,,,,,,,,,0xFF01CC,1.0,6,0,111,
16529,3,,,,,,,,,,,,,,,,,0xFF01FE,,,,,,,,,,,,,,,,,0xFF01CC,1.0,6,0,112,
16530,3,,,,,,,,,,,,,,,,,0xFF01FE,,,,,,,,,,,,,,,,,0xFF01CC,1.0,6,0,113,
16531,3,,,,,,,,,,,,,,,,,0xFF01FE,,,,,,,,,,,,,,,,,0xFF01CC,1.0,6,0,114,
16532,3,,,,,,,,,,,,,,,,,0xFF01FE,,,,,,,,,,,,,,,,,0xFF01CC,1.0,6,0,115,
16533,3,,,,,,,,,,,,,,,,,0xFF01FE,,,,,,,,,,,,,,,,,0xFF01CC,1.0,6,0,116,
16534,3,,,,,,,,,,,,,,,,,0xFF01FE,,,,,,,,,,,,,,,,,0xFF01CC,1.0,6,0,117,
16535,3,,,,,,,,,,,,,,,,,0xFF01FE,,,,,,,,,,,,,,,,,0xFF01CC,1.0,6,0,118,
16536,3,,,,,,,,,,,,,,,,,0xFF01FE,,,,,,,,,,,,,,,,,0xFF01CC,1.0,6,0,119,
16537,3,,,,,,,,,,,,,,,,,0xFF01FE,,,,,,,,,,,,,,,,,0xFF01CC,1.0,6,0,120,
16538,3,,,,,,,,,,,,,,,,,0xFF01FE,,,,,,,,,,,,,,,,,0xFF01CC,1.0,6,0,121,
16539,3,,,,,,,,,,,,,,,,,0xFF01FE,,,,,,,,,,,,,,,,,0xFF01CC,1.0,6,0,122,
16540,3,,,,,,,,,,,,,,,,,0xFF01FE,,,,,,,,,,,,,,,,,0xFF01CC,1.0,6,0,123,
16541,3,,,,,,,,,,,,,,,,,0xFF01FE,,,,,,,,,,,,,,,,,0xFF01CC,1.0,6,0,124,
16542,3,,,,,,,,,,,,,,,,,0xFF01FE,,,,,,,,,,,,,,,,,0xFF01CC,1.0,6,0,125,
16543,3,,,,,,,,,,,,,,,,,0xFF01FE,,,,,,,,,,,,,,,,,0xFF01CC,1.0,6,0,126,
16544,3,,,,,,,,,,,,,,,,,0xFF01FE,,,,,,,,,,,,,,,,,0xFF01CC,1.0,6,0,127,
16545,3,,,,,,,,,,,,,,,,,0xFF01FE,,,,,,,,,,,,,,,,,0xFF01CC,1.0,6,0,128,
16546,3,,,,,,,,,,,,,,,,,0xFF01FE,,,,,,,,,,,,,,,,,0xFF01CC,1.0,6,0,129,
16547,3,,,,,,,,,,,,,,,,,0xFF01FE,,,,,,,,,,,,,,,,,0xFF01CC,1.0,6,0,130,
16548,3,,,,,,,,,,,,,,,,,0xFF01FE,,,,,,,,,,,,,,,,,0xFF01CC,1.0,6,0,131,
16549,3,,,,,,,,,,,,,,,,,0xFF01FE,,,,,,,,,,,,,,,,,0xFF01CC,1.0,6,0,132,
16550,3,,,,,,,,,,,,,,,,,0xFF01FE,,,,,,,,,,,,,,,,,0xFF01CC,1.0,6,0,133,
16551,3,,,,,,,,,,,,,,,,,0xFF01FE,,,,,,,,,,,,,,,,,0xFF01CC,1.0,6,0,134,
16552,3,,,,,,,,,,,,,,,,,0xFF01FE,,,,,,,,,,,,,,,,,0xFF01CC,1.0,6,0,135,
16553,3,,,,,,,,,,,,,,,,,0xFF01FE,,,,,,,,,,,,,,,,,0xFF01CC,1.0,6,0,136,
16554,3,,,,,,,,,,,,,,,,,0xFF01FE,,,,,,,,,,,,,,,,,0xFF01CC,1.0,6,0,137,
16555,3,,,,,,,,,,,,,,,,,0xFF01FE,,,,,,,,,,,,,,,,,0xFF01CC,1.0,6,0,138,
16556,3,,,,,,,,,,,,,,,,,0xFF01FE,,,,,,,,,,,,,,,,,0xFF01CC,1.0,6,0,139,
16557,3,,,,,,,,,,,,,,,,,0xFF01FE,,,,,,,,,,,,,,,,,0xFF01CC,1.0,6,0,140,
16558,3,,,,,,,,,,,,,,,,,0xFF01FE,,,,,,,,,,,,,,,,,0xFF01CC,1.0,6,0,141,
16559,3,,,,,,,,,,,,,,,,,0xFF01FE,,,,,,,,,,,,,,,,,0xFF01CC,1.0,6,0,142,
16560,3,,,,,,,,,,,,,,,,,0xFF01FE,,,,,,,,,,,,,,,,,0xFF01CC,1.0,6,0,143,
16561,3,,,,,,,,,,,,,,,,,0xFF01FE,,,,,,,,,,,,,,,,,0xFF01CC,1.0,6,0,144,
16562,3,,,,,,,,,,,,,,,,,0xFF01FE,,,,,,,,,,,,,,,,,0xFF01CC,1.0,6,0,145,
16563,3,,,,,,,,,,,,,,,,,0xFF01FE,,,,,,,,,,,,,,,,,0xFF01CC,1.0,6,0,146,
16564,3,,,,,,,,,,,,,,,,,0xFF01FE,,,,,,,,,,,,,,,,,0xFF01CC,1.0,6,0,147,
16565,3,,,,,,,,,,,,,,,,,0xFF01FE,,,,,,,,,,,,,,,,,0xFF01CC,1.0,6,0,148,
16566,3,,,,,,,,,,,,,,,,,0xFF01FE,,,,,,,,,,,,,,,,,0xFF01CC,1.0,6,0,149,
16567,3,,,,,,,,,,,,,,,,,0xFF01FE,,,,,,,,,,,,,,,,,0xFF01CC,1.0,6,0,150,
16568,3,,,,,,,,,,,,,,,,,0xFF01FE,,,,,,,,,,,,,,,,,0xFF01CC,1.0,6,0,151,
16569,3,,,,,,,,,,,,,,,,,0xFF01FE,,,,,,,,,,,,,,,,,0xFF01CC,1.0,6,0,152,
16570,3,,,,,,,,,,,,,,,,,0xFF01FE,,,,,,,,,,,,,,,,,0xFF01CC,1.0,6,0,153,
16571,3,,,,,,,,,,,,,,,,,0xFF01FE,,,,,,,,,,,,,,,,,0xFF01CC,1.0,6,0,154,
16572,3,,,,,,,,,,,,,,,,,0xFF01FE,,,,,,,,,,,,,,,,,0xFF01CC,1.0,6,0,155,
16573,3,,,,,,,,,,,,,,,,,0xFF01FE,,,,,,,,,,,,,,,,,0xFF01CC,1.0,6,0,156,
16574,3,,,,,,,,,,,,,,,,,0xFF01FE,,,,,,,,,,,,,,,,,0xFF01CC,1.0,6,0,157,
16575,3,,,,,,,,,,,,,,,,,0xFF01FE,,,,,,,,,,,,,,,,,0xFF01CC,1.0,6,0,158,
16576,3,,,,,,,,,,,,,,,,,0xFF01FE,,,,,,,,,,,,,,,,,0xFF01CC,1.0,6,0,159,
16577,3,,,,,,,,,,,,,,,,,0xFF01FE,,,,,,,,,,,,,,,,,0xFF01CC,1.0,6,0,160,
16578,3,,,,,,,,,,,,,,,,,0xFF01FE,,,,,,,,,,,,,,,,,0xFF01CC,1.0,6,0,161,
16579,3,,,,,,,,,,,,,,,,,0xFF01FE,,,,,,,,,,,,,,,,,0xFF01CC,1.0,6,0,162,
16580,3,,,,,,,,,,,,,,,,,0xFF01FE,,,,,,,,,,,,,,,,,0xFF01CC,1.0,6,0,163,
16581,3,,,,,,,,,,,,,,,,,0xFF01FE,,,,,,,,,,,,,,,,,0xFF01CC,1.0,6,0,164,
16582,3,,,,,,,,,,,,,,,,,0xFF01FE,,,,,,,,,,,,,,,,,0xFF01CC,1.0,6,0,165,
16583,3,,,,,,,,,,,,,,,,,0xFF01FE,,,,,,,,,,,,,,,,,0xFF01CC,1.0,6,0,166,
16584,3,,,,,,,,,,,,,,,,,0xFF01FE,,,,,,,,,,,,,,,,,0xFF01CC,1.0,6,0,167,
16585,3,,,,,,,,,,,,,,,,,0xFF01FE,,,,,,,,,,,,,,,,,0xFF01CC,1.0,6,0,168,
16586,3,,,,,,,,,,,,,,,,,0xFF01FE,,,,,,,,,,,,,,,,,0xFF01CC,1.0,6,0,169,
16587,3,,,,,,,,,,,,,,,,,0xFF01FE,,,,,,,,,,,,,,,,,0xFF01CC,1.0,6,0,170,
16588,3,,,,,,,,,,,,,,,,,0xFF01FE,,,,,,,,,,,,,,,,,0xFF01CC,1.0,6,0,171,
16589,3,,,,,,,,,,,,,,,,,0xFF01FE,,,,,,,,,,,,,,,,,0xFF01CC,1.0,6,0,172,
16590,3,,,,,,,,,,,,,,,,,0xFF01FE,,,,,,,,,,,,,,,,,0xFF01CC,1.0,6,0,173,
16591,3,,,,,,,,,,,,,,,,,0xFF01FE,,,,,,,,,,,,,,,,,0xFF01CC,1.0,6,0,174,
16592,3,,,,,,,,,,,,,,,,,0xFF01FE,,,,,,,,,,,,,,,,,0xFF01CC,1.0,6,0,175,
16593,3,,,,,,,,,,,,,,,,,0xFF01FE,,,,,,,,,,,,,,,,,0xFF01CC,1.0,6,0,176,
16594,3,,,,,,,,,,,,,,,,,0xFF01FE,,,,,,,,,,,,,,,,,0xFF01CC,1.0,6,0,177,
16595,3,,,,,,,,,,,,,,,,,0xFF01FE,,,,,,,,,,,,,,,,,0xFF01CC,1.0,6,0,178,
16596,3,,,,,,,,,,,,,,,,,0xFF01FE,,,,,,,,,,,,,,,,,0xFF01CC,1.0,6,0,179,
16597,3,,,,,,,,,,,,,,,,,0xFF01FE,,,,,,,,,,,,,,,,,0xFF01CC,1.0,6,0,180,
16598,3,,,,,,,,,,,,,,,,,0xFF01FE,,,,,,,,,,,,,,,,,0xFF01CC,1.0,6,0,181,
16599,3,,,,,,,,,,,,,,,,,0xFF01FE,,,,,,,,,,,,,,,,,0xFF01CC,1.0,6,0,182,
16600,3,,,,,,,,,,,,,,,,,0xFF01FE,,,,,,,,,,,,,,,,,0xFF01CC,1.0,6,0,183,
16601,3,,,,,,,,,,,,,,,,,0xFF01FE,,,,,,,,,,,,,,,,,0xFF01CC,1.0,6,0,184,
16602,3,,,,,,,,,,,,,,,,,0xFF01FE,,,,,,,,,,,,,,,,,0xFF01CC,1.0,6,0,185,
16603,3,,,,,,,,,,,,,,,,,0xFF01FE,,,,,,,,,,,,,,,,,0xFF01CC,1.0,6,0,186,
16604,3,,,,,,,,,,,,,,,,,0xFF01FE,,,,,,,,,,,,,,,,,0xFF01CC,1.0,6,0,187,
16605,3,,,,,,,,,,,,,,,,,0xFF01FE,,,,,,,,,,,,,,,,,0xFF01CC,1.0,6,0,188,
16606,3,,,,,,,,,,,,,,,,,0xFF01FE,,,,,,,,,,,,,,,,,0xFF01CC,1.0,6,0,189,
16607,3,,,,,,,,,,,,,,,,,0xFF01FE,,,,,,,,,,,,,,,,,0xFF01CC,1.0,6,0,190,
16608,3,,,,,,,,,,,,,,,,,0xFF01FE,,,,,,,,,,,,,,,,,0xFF01CC,1.0,6,0,191,
16609,3,,,,,,,,,,,,,,,,,0xFF01FE,,,,,,,,,,,,,,,,,0xFF01CC,1.0,6,0,192,
16610,3,,,,,,,,,,,,,,,,,0xFF01FE,,,,,,,,,,,,,,,,,0xFF01CC,1.0,6,0,193,
16611,3,,,,,,,,,,,,,,,,,0xFF01FE,,,,,,,,,,,,,,,,,0xFF01CC,1.0,6,0,194,
16612,3,,,,,,,,,,,,,,,,,0xFF01FE,,,,,,,,,,,,,,,,,0xFF01CC,1.0,6,0,195,
16613,3,,,,,,,,,,,,,,,,,0xFF01FE,,,,,,,,,,,,,,,,,0xFF01CC,1.0,6,0,196,
16614,3,,,,,,,,,,,,,,,,,0xFF01FE,,,,,,,,,,,,,,,,,0xFF01CC,1.0,6,0,197,
16615,3,,,,,,,,,,,,,,,,,0xFF01FE,,,,,,,,,,,,,,,,,0xFF01CC,1.0,6,0,198,
16616,3,,,,,,,,,,,,,,,,,0xFF01FE,,,,,,,,,,,,,,,,,0xFF01CC,1.0,6,0,199,
16617,3,,,,,,,,,,,,,,,,,0xFF01FE,,,,,,,,,,,,,,,,,0xFF01CC,1.0,6,0,200,
16618,3,,,,,,,,,,,,,,,,,0xFF01FE,,,,,,,,,,,,,,,,,0xFF01CC,1.0,6,0,201,
16619,3,,,,,,,,,,,,,,,,,0xFF01FE,,,,,,,,,,,,,,,,,0xFF01CC,1.0,6,0,202,
16620,3,,,,,,,,,,,,,,,,,0xFF01FE,,,,,,,,,,,,,,,,,0xFF01CC,1.0,6,0,203,
16621,3,,,,,,,,,,,,,,,,,0xFF01FE,,,,,,,,,,,,,,,,,0xFF01CC,1.0,6,0,204,
16622,3,,,,,,,,,,,,,,,,,0xFF01FE,,,,,,,,,,,,,,,,,0xFF01CC,1.0,6,0,205,
16623,3,,,,,,,,,,,,,,,,,0xFF01FE,,,,,,,,,,,,,,,,,0xFF01CC,1.0,6,0,206,
16624,3,,,,,,,,,,,,,,,,,0xFF01FE,,,,,,,,,,,,,,,,,0xFF01CC,1.0,6,0,207,
16625,3,,,,,,,,,,,,,,,,,0xFF01FE,,,,,,,,,,,,,,,,,0xFF01CC,1.0,6,0,208,
16626,3,,,,,,,,,,,,,,,,,0xFF01FE,,,,,,,,,,,,,,,,,0xFF01CC,1.0,6,0,209,
16627,3,,,,,,,,,,,,,,,,,0xFF01FE,,,,,,,,,,,,,,,,,0xFF01CC,1.0,6,0,210,
16628,3,,,,,,,,,,,,,,,,,0xFF01FE,,,,,,,,,,,,,,,,,0xFF01CC,1.0,6,0,211,
16629,3,,,,,,,,,,,,,,,,,0xFF01FE,,,,,,,,,,,,,,,,,0xFF01CC,1.0,6,0,212,
16630,3,,,,,,,,,,,,,,,,,0xFF01FE,,,,,,,,,,,,,,,,,0xFF01CC,1.0,6,0,213,
16631,3,,,,,,,,,,,,,,,,,0xFF01FE,,,,,,,,,,,,,,,,,0xFF01CC,1.0,6,0,214,
16632,3,,,,,,,,,,,,,,,,,0xFF01FE,,,,,,,,,,,,,,,,,0xFF01CC,1.0,6,0,215,
16633,3,,,,,,,,,,,,,,,,,0xFF01FE,,,,,,,,,,,,,,,,,0xFF01CC,1.0,6,0,216,
16634,3,,,,,,,,,,,,,,,,,0xFF01FE,,,,,,,,,,,,,,,,,0xFF01CC,1.0,6,0,217,
16635,3,,,,,,,,,,,,,,,,,0xFF01FE,,,,,,,,,,,,,,,,,0xFF01CC,1.0,6,0,218,
16636,3,,,,,,,,,,,,,,,,,0xFF01FE,,,,,,,,,,,,,,,,,0xFF01CC,1.0,6,0,219,
16637,3,,,,,,,,,,,,,,,,,0xFF01FE,,,,,,,,,,,,,,,,,0xFF01CC,1.0,6,0,220,
16638,3,,,,,,,,,,,,,,,,,0xFF01FE,,,,,,,,,,,,,,,,,0xFF01CC,1.0,6,0,221,
16639,3,,,,,,,,,,,,,,,,,0xFF01FE,,,,,,,,,,,,,,,,,0xFF01CC,1.0,6,0,222,
16640,3,,,,,,,,,,,,,,,,,0xFF01FE,,,,,,,,,,,,,,,,,0xFF01CC,1.0,6,0,223,
16641,3,,,,,,,,,,,,,,,,,0xFF01FE,,,,,,,,,,,,,,,,,0xFF01CC,1.0,6,0,224,
16642,3,,,,,,,,,,,,,,,,,0xFF01FE,,,,,,,,,,,,,,,,,0xFF01CC,1.0,6,0,225,
16643,3,,,,,,,,,,,,,,,,,0xFF01FE,,,,,,,,,,,,,,,,,0xFF01CC,1.0,6,0,226,
16644,3,,,,,,,,,,,,,,,,,0xFF01FE,,,,,,,,,,,,,,,,,0xFF01CC,1.0,6,0,227,
16645,3,,,,,,,,,,,,,,,,,0xFF01FE,,,,,,,,,,,,,,,,,0xFF01CC,1.0,6,0,228,
16646,3,,,,,,,,,,,,,,,,,0xFF01FE,,,,,,,,,,,,,,,,,0xFF01CC,1.0,6,0,229,
16647,3,,,,,,,,,,,,,,,,,0xFF01FE,,,,,,,,,,,,,,,,,0xFF01CC,1.0,6,0,230,
16648,3,,,,,,,,,,,,,,,,,0xFF01FE,,,,,,,,,,,,,,,,,0xFF01CC,1.0,6,0,231,
16649,3,,,,,,,,,,,,,,,,,0xFF01FE,,,,,,,,,,,,,,,,,0xFF01CC,1.0,6,0,232,
16650,3,,,,,,,,,,,,,,,,,0xFF01FE,,,,,,,,,,,,,,,,,0xFF01CC,1.0,6,0,233,
16651,3,,,,,,,,,,,,,,,,,0xFF01FE,,,,,,,,,,,,,,,,,0xFF01CC,1.0,6,0,234,
16652,3,,,,,,,,,,,,,,,,,0xFF01FE,,,,,,,,,,,,,,,,,0xFF01CC,1.0,6,0,235,
16653,3,,,,,,,,,,,,,,,,,0xFF01FE,,,,,,,,,,,,,,,,,0xFF01CC,1.0,6,0,236,
16654,3,,,,,,,,,,,,,,,,,0xFF01FE,,,,,,,,,,,,,,,,,0xFF01CC,1.0,6,0,237,
16655,3,,,,,,,,,,,,,,,,,0xFF01FE,,,,,,,,,,,,,,,,,0xFF01CC,1.0,6,0,238,
16656,3,,,,,,,,,,,,,,,,,0xFF01FE,,,,,,,,,,,,,,,,,0xFF01CC,1.0,6,0,239,
16657,3,,,,,,,,,,,,,,,,,0xFF01FE,,,,,,,,,,,,,,,,,0xFF01CC,1.0,6,1,0,
16658,3,,,,,,,,,,,,,,,,,0xFF01FE,,,,,,,,,,,,,,,,,0xFF01CC,1.0,6,1,1,
16659,3,,,,,,,,,,,,,,,,,0xFF01FE,,,,,,,,,,,,,,,,,0xFF01CC,1.0,6,1,2,
16660,3,,,,,,,,,,,,,,,,,0xFF01FE,,,,,,,,,,,,,,,,,0xFF01CC,1.0,6,1,3,
16661,3,,,,,,,,,,,,,,,,,0xFF01FE,,,,,,,,,,,,,,,,,0xFF01CC,1.0,6,1,4,
16662,3,,,,,,,,,,,,,,,,,0xFF01FE,,,,,,,,,,,,,,,,,0xFF01CC,1.0,6,1,5,
16663,3,,,,,,,,,,,,,,,,,0xFF01FE,,,,,,,,,,,,,,,,,0xFF01CC,1.0,6,1,6,
16664,3,,,,,,,,,,,,,,,,,0xFF01FE,,,,,,,,,,,,,,,,,0xFF01CC,1.0,6,1,7,
16665,3,,,,,,,,,,,,,,,,,0xFF01FE,,,,,,,,,,,,,,,,,0xFF01CC,1.0,6,1,8,
16666,3,,,,,,,,,,,,,,,,,0xFF01FE,,,,,,,,,,,,,,,,,0xFF01CC,1.0,6,1,9,
16667,3,,,,,,,,,,,,,,,,,0xFF01FE,,,,,,,,,,,,,,,,,0xFF01CC,1.0,6,1,10,
16668,3,,,,,,,,,,,,,,,,,0xFF01FE,,,,,,,,,,,,,,,,,0xFF01CC,1.0,6,1,11,
16669,3,,,,,,,,,,,,,,,,,0xFF01FE,,,,,,,,,,,,,,,,,0xFF01CC,1.0,6,1,12,
16670,3,,,,,,,,,,,,,,,,,0xFF01FE,,,,,,,,,,,,,,,,,0xFF01CC,1.0,6,1,13,
16671,3,,,,,,,,,,,,,,,,,0xFF01FE,,,,,,,,,,,,,,,,,0xFF01CC,1.0,6,1,14,
16672,3,,,,,,,,,,,,,,,,,0xFF01FE,,,,,,,,,,,,,,,,,0xFF01CC,1.0,6,1,15,
16673,3,,,,,,,,,,,,,,,,,0xFF01FE,,,,,,,,,,,,,,,,,0xFF01CC,1.0,6,1,16,
16674,3,,,,,,,,,,,,,,,,,0xFF01FE,,,,,,,,,,,,,,,,,0xFF01CC,1.0,6,1,17,
16675,3,,,,,,,,,,,,,,,,,0xFF01FE,,,,,,,,,,,,,,,,,0xFF01CC,1.0,6,1,18,
16676,3,,,,,,,,,,,,,,,,,0xFF01FE,,,,,,,,,,,,,,,,,0xFF01CC,1.0,6,1,19,
16677,3,,,,,,,,,,,,,,,,,0xFF01FE,,,,,,,,,,,,,,,,,0xFF01CC,1.0,6,1,20,
16678,3,,,,,,,,,,,,,,,,,0xFF01FE,,,,,,,,,,,,,,,,,0xFF01CC,1.0,6,1,21,
16679,3,,,,,,,,,,,,,,,,,0xFF01FE,,,,,,,,,,,,,,,,,0xFF01CC,1.0,6,1,22,
16680,3,,,,,,,,,,,,,,,,,0xFF01FE,,,,,,,,,,,,,,,,,0xFF01CC,1.0,6,1,23,
16681,3,,,,,,,,,,,,,,,,,0xFF01FE,,,,,,,,,,,,,,,,,0xFF01CC,1.0,6,1,24,
16682,3,,,,,,,,,,,,,,,,,0xFF01FE,,,,,,,,,,,,,,,,,0xFF01CC,1.0,6,1,25,
16683,3,,,,,,,,,,,,,,,,,0xFF01FE,,,,,,,,,,,,,,,,,0xFF01CC,1.0,6,1,26,
16684,3,,,,,,,,,,,,,,,,,0xFF01FE,,,,,,,,,,,,,,,,,0xFF01CC,1.0,6,1,27,
16685,3,,,,,,,,,,,,,,,,,0xFF01FE,,,,,,,,,,,,,,,,,0xFF01CC,1.0,6,1,28,
16686,3,,,,,,,,,,,,,,,,,0xFF01FE,,,,,,,,,,,,,,,,,0xFF01CC,1.0,6,1,29,
16687,3,,,,,,,,,,,,,,,,,0xFF01FE,,,,,,,,,,,,,,,,,0xFF01CC,1.0,6,1,30,
16688,3,,,,,,,,,,,,,,,,,0xFF01FE,,,,,,,,,,,,,,,,,0xFF01CC,1.0,6,1,31,
16689,3,,,,,,,,,,,,,,,,,0xFF01FE,,,,,,,,,,,,,,,,,0xFF01CC,1.0,6,1,32,
16690,3,,,,,,,,,,,,,,,,,0xFF01FE,,,,,,,,,,,,,,,,,0xFF01CC,1.0,6,1,33,
16691,3,,,,,,,,,,,,,,,,,0xFF01FE,,,,,,,,,,,,,,,,,0xFF01CC,1.0,6,1,34,
16692,3,,,,,,,,,,,,,,,,,0xFF01FE,,,,,,,,,,,,,,,,,0xFF01CC,1.0,6,1,35,
16693,3,,,,,,,,,,,,,,,,,0xFF01FE,,,,,,,,,,,,,,,,,0xFF01CC,1.0,6,1,36,
16694,3,,,,,,,,,,,,,,,,,0xFF01FE,,,,,,,,,,,,,,,,,0xFF01CC,1.0,6,1,37,
16695,3,,,,,,,,,,,,,,,,,0xFF01FE,,,,,,,,,,,,,,,,,0xFF01CC,1.0,6,1,38,
16696,3,,,,,,,,,,,,,,,,,0xFF01FE,,,,,,,,,,,,,,,,,0xFF01CC,1.0,6,1,39,
16697,3,,,,,,,,,,,,,,,,,0xFF01FE,,,,,,,,,,,,,,,,,0xFF01CC,1.0,6,1,40,
16698,3,,,,,,,,,,,,,,,,,0xFF01FE,,,,,,,,,,,,,,,,,0xFF01CC,1.0,6,1,41,
16699,3,,,,,,,,,,,,,,,,,0xFF01FE,,,,,,,,,,,,,,,,,0xFF01CC,1.0,6,1,42,
16700,3,,,,,,,,,,,,,,,,,0xFF01FE,,,,,,,,,,,,,,,,,0xFF01CC,1.0,6,1,43,
16701,3,,,,,,,,,,,,,,,,,0xFF01FE,,,,,,,,,,,,,,,,,0xFF01CC,1.0,6,1,44,
16702,3,,,,,,,,,,,,,,,,,0xFF01FE,,,,,,,,,,,,,,,,,0xFF01CC,1.0,6,1,45,
16703,3,,,,,,,,,,,,,,,,,0xFF01FE,,,,,,,,,,,,,,,,,0xFF01CC,1.0,6,1,46,
16704,3,,,,,,,,,,,,,,,,,0xFF01FE,,,,,,,,,,,,,,,,,0xFF01CC,1.0,6,1,47,
16705,3,,,,,,,,,,,,,,,,,0xFF01FE,,,,,,,,,,,,,,,,,0xFF01CC,1.0,6,1,48,
16706,3,,,,,,,,,,,,,,,,,0xFF01FE,,,,,,,,,,,,,,,,,0xFF01CC,1.0,6,1,49,
16707,3,,,,,,,,,,,,,,,,,0xFF01FE,,,,,,,,,,,,,,,,,0xFF01CC,1.0,6,1,50,
16708,3,,,,,,,,,,,,,,,,,0xFF01FE,,,,,,,,,,,,,,,,,0xFF01CC,1.0,6,1,51,
16709,3,,,,,,,,,,,,,,,,,0xFF01FE,,,,,,,,,,,,,,,,,0xFF01CC,1.0,6,1,52,
16710,3,,,,,,,,,,,,,,,,,0xFF01FE,,,,,,,,,,,,,,,,,0xFF01CC,1.0,6,1,53,
16711,3,,,,,,,,,,,,,,,,,0xFF01FE,,,,,,,,,,,,,,,,,0xFF01CC,1.0,6,1,54,
16712,3,,,,,,,,,,,,,,,,,0xFF01FE,,,,,,,,,,,,,,,,,0xFF01CC,1.0,6,1,55,
16713,3,,,,,,,,,,,,,,,,,0xFF01FE,,,,,,,,,,,,,,,,,0xFF01CC,1.0,6,1,56,
16714,3,,,,,,,,,,,,,,,,,0xFF01FE,,,,,,,,,,,,,,,,,0xFF01CC,1.0,6,1,57,
16715,3,,,,,,,,,,,,,,,,,0xFF01FE,,,,,,,,,,,,,,,,,0xFF01CC,1.0,6,1,58,
16716,3,,,,,,,,,,,,,,,,,0xFF01FE,,,,,,,,,,,,,,,,,0xFF01CC,1.0,6,1,59,
16717,3,,,,,,,,,,,,,,,,,0xFF01FE,,,,,,,,,,,,,,,,,0xFF01CC,1.0,6,1,60,
16718,3,,,,,,,,,,,,,,,,,0xFF01FE,,,,,,,,,,,,,,,,,0xFF01CC,1.0,6,1,61,
16719,3,,,,,,,,,,,,,,,,,0xFF01FE,,,,,,,,,,,,,,,,,0xFF01CC,1.0,6,1,62,
16720,3,,,,,,,,,,,,,,,,,0xFF01FE,,,,,,,,,,,,,,,,,0xFF01CC,1.0,6,1,63,
16721,3,,,,,,,,,,,,,,,,,0xFF01FE,,,,,,,,,,,,,,,,,0xFF01CC,1.0,6,1,64,
16722,3,,,,,,,,,,,,,,,,,0xFF01FE,,,,,,,,,,,,,,,,,0xFF01CC,1.0,6,1,65,
16723,3,,,,,,,,,,,,,,,,,0xFF01FE,,,,,,,,,,,,,,,,,0xFF01CC,1.0,6,1,66,
16724,3,,,,,,,,,,,,,,,,,0xFF01FE,,,,,,,,,,,,,,,,,0xFF01CC,1.0,6,1,67,
16725,3,,,,,,,,,,,,,,,,,0xFF01FE,,,,,,,,,,,,,,,,,0xFF01CC,1.0,6,1,68,
16726,3,,,,,,,,,,,,,,,,,0xFF01FE,,,,,,,,,,,,,,,,,0xFF01CC,1.0,6,1,69,
16727,3,,,,,,,,,,,,,,,,,0xFF01FE,,,,,,,,,,,,,,,,,0xFF01CC,1.0,6,1,70,
16728,3,,,,,,,,,,,,,,,,,0xFF01FE,,,,,,,,,,,,,,,,,0xFF01CC,1.0,6,1,71,
16729,3,,,,,,,,,,,,,,,,,0xFF01FE,,,,,,,,,,,,,,,,,0xFF01CC,1.0,6,1,72,
16730,3,,,,,,,,,,,,,,,,,0xFF01FE,,,,,,,,,,,,,,,,,0xFF01CC,1.0,6,1,73,
16731,3,,,,,,,,,,,,,,,,,0xFF01FE,,,,,,,,,,,,,,,,,0xFF01CC,1.0,6,1,74,
16732,3,,,,,,,,,,,,,,,,,0xFF01FE,,,,,,,,,,,,,,,,,0xFF01CC,1.0,6,1,75,
16733,3,,,,,,,,,,,,,,,,,0xFF01FE,,,,,,,,,,,,,,,,,0xFF01CC,1.0,6,1,76,
16734,3,,,,,,,,,,,,,,,,,0xFF01FE,,,,,,,,,,,,,,,,,0xFF01CC,1.0,6,1,77,
16735,3,,,,,,,,,,,,,,,,,0xFF01FE,,,,,,,,,,,,,,,,,0xFF01CC,1.0,6,1,78,
16736,3,,,,,,,,,,,,,,,,,0xFF01FE,,,,,,,,,,,,,,,,,0xFF01CC,1.0,6,1,79,
16737,3,,,,,,,,,,,,,,,,,0xFF01FE,,,,,,,,,,,,,,,,,0xFF01CC,1.0,6,1,80,
16738,3,,,,,,,,,,,,,,,,,0xFF01FE,,,,,,,,,,,,,,,,,0xFF01CC,1.0,6,1,81,
16739,3,,,,,,,,,,,,,,,,,0xFF01FE,,,,,,,,,,,,,,,,,0xFF01CC,1.0,6,1,82,
16740,3,,,,,,,,,,,,,,,,,0xFF01FE,,,,,,,,,,,,,,,,,0xFF01CC,1.0,6,1,83,
16741,3,,,,,,,,,,,,,,,,,0xFF01FE,,,,,,,,,,,,,,,,,0xFF01CC,1.0,6,1,84,
16742,3,,,,,,,,,,,,,,,,,0xFF01FE,,,,,,,,,,,,,,,,,0xFF01CC,1.0,6,1,85,
16743,3,,,,,,,,,,,,,,,,,0xFF01FE,,,,,,,,,,,,,,,,,0xFF01CC,1.0,6,1,86,
16744,3,,,,,,,,,,,,,,,,,0xFF01FE,,,,,,,,,,,,,,,,,0xFF01CC,1.0,6,1,87,
16745,3,,,,,,,,,,,,,,,,,0xFF01FE,,,,,,,,,,,,,,,,,0xFF01CC,1.0,6,1,88,
16746,3,,,,,,,,,,,,,,,,,0xFF01FE,,,,,,,,,,,,,,,,,0xFF01CC,1.0,6,1,89,
16747,3,,,,,,,,,,,,,,,,,0xFF01FE,,,,,,,,,,,,,,,,,0xFF01CC,1.0,6,1,90,
16748,3,,,,,,,,,,,,,,,,,0xFF01FE,,,,,,,,,,,,,,,,,0xFF01CC,1.0,6,1,91,
16749,3,,,,,,,,,,,,,,,,,0xFF01FE,,,,,,,,,,,,,,,,,0xFF01CC,1.0,6,1,92,
16750,3,,,,,,,,,,,,,,,,,0xFF01FE,,,,,,,,,,,,,,,,,0xFF01CC,1.0,6,1,93,
16751,3,,,,,,,,,,,,,,,,,0xFF01FE,,,,,,,,,,,,,,,,,0xFF01CC,1.0,6,1,94,
16752,3,,,,,,,,,,,,,,,,,0xFF01FE,,,,,,,,,,,,,,,,,0xFF01CC,1.0,6,1,95,
16753,3,,,,,,,,,,,,,,,,,0xFF01FE,,,,,,,,,,,,,,,,,0xFF01CC,1.0,6,1,96,
16754,3,,,,,,,,,,,,,,,,,0xFF01FE,,,,,,,,,,,,,,,,,0xFF01CC,1.0,6,1,97,
16755,3,,,,,,,,,,,,,,,,,0xFF01FE,,,,,,,,,,,,,,,,,0xFF01CC,1.0,6,1,98,
16756,3,,,,,,,,,,,,,,,,,0xFF01FE,,,,,,,,,,,,,,,,,0xFF01CC,1.0,6,1,99,
16757,3,,,,,,,,,,,,,,,,,0xFF01FE,,,,,,,,,,,,,,,,,0xFF01CC,1.0,6,1,100,
16758,3,,,,,,,,,,,,,,,,,0xFF01FE,,,,,,,,,,,,,,,,,0xFF01CC,1.0,6,1,101,
16759,3,,,,,,,,,,,,,,,,,0xFF01FE,,,,,,,,,,,,,,,,,0xFF01CC,1.0,6,1,102,
16760,3,,,,,,,,,,,,,,,,,0xFF01FE,,,,,,,,,,,,,,,,,0xFF01CC,1.0,6,1,103,
16761,3,,,,,,,,,,,,,,,,,0xFF01FE,,,,,,,,,,,,,,,,,0xFF01CC,1.0,6,1,104,
16762,3,,,,,,,,,,,,,,,,,0xFF01FE,,,,,,,,,,,,,,,,,0xFF01CC,1.0,6,1,105,
16763,3,,,,,,,,,,,,,,,,,0xFF01FE,,,,,,,,,,,,,,,,,0xFF01CC,1.0,6,1,106,
16764,3,,,,,,,,,,,,,,,,,0xFF01FE,,,,,,,,,,,,,,,,,0xFF01CC,1.0,6,1,107,
16765,3,,,,,,,,,,,,,,,,,0xFF01FE,,,,,,,,,,,,,,,,,0xFF01CC,1.0,6,1,108,
16766,3,,,,,,,,,,,,,,,,,0xFF01FE,,,,,,,,,,,,,,,,,0xFF01CC,1.0,6,1,109,
16767,3,,,,,,,,,,,,,,,,,0xFF01FE,,,,,,,,,,,,,,,,,0xFF01CC,1.0,6,1,110,
16768,3,,,,,,,,,,,,,,,,,0xFF01FE,,,,,,,,,,,,,,,,,0xFF01CC,1.0,6,1,111,
16769,3,,,,,,,,,,,,,,,,,0xFF01FE,,,,,,,,,,,,,,,,,0xFF01CC,1.0,6,1,112,
16770,3,,,,,,,,,,,,,,,,,0xFF01FE,,,,,,,,,,,,,,,,,0xFF01CC,1.0,6,1,113,
16771,3,,,,,,,,,,,,,,,,,0xFF01FE,,,,,,,,,,,,,,,,,0xFF01CC,1.0,6,1,114,
16772,3,,,,,,,,,,,,,,,,,0xFF01FE,,,,,,,,,,,,,,,,,0xFF01CC,1.0,6,1,115,
16773,3,,,,,,,,,,,,,,,,,0xFF01FE,,,,,,,,,,,,,,,,,0xFF01CC,1.0,6,1,116,
16774,3,,,,,,,,,,,,,,,,,0xFF01FE,,,,,,,,,,,,,,,,,0xFF01CC,1.0,6,1,117,
16775,3,,,,,,,,,,,,,,,,,0xFF01FE,,,,,,,,,,,,,,,,,0xFF01CC,1.0,6,1,118,
16776,3,,,,,,,,,,,,,,,,,0xFF01FE,,,,,,,,,,,,,,,,,0xFF01CC,1.0,6,1,119,
16777,3,,,,,,,,,,,,,,,,,0xFF01FE,,,,,,,,,,,,,,,,,0xFF01CC,1.0,6,1,120,
16778,3,,,,,,,,,,,,,,,,,0xFF01FE,,,,,,,,,,,,,,,,,0xFF01CC,1.0,6,1,121,
16779,3,,,,,,,,,,,,,,,,,0xFF01FE,,,,,,,,,,,,,,,,,0xFF01CC,1.0,6,1,122,
16780,3,,,,,,,,,,,,,,,,,0xFF01FE,,,,,,,,,,,,,,,,,0xFF01CC,1.0,6,1,123,
16781,3,,,,,,,,,,,,,,,,,0xFF01FE,,,,,,,,,,,,,,,,,0xFF01CC,1.0,6,1,124,
16782,3,,,,,,,,,,,,,,,,,0xFF01FE,,,,,,,,,,,,,,,,,0xFF01CC,1.0,6,1,125,
16783,3,,,,,,,,,,,,,,,,,0xFF01FE,,,,,,,,,,,,,,,,,0xFF01CC,1.0,6,1,126,
16784,3,,,,,,,,,,,,,,,,,0xFF01FE,,,,,,,,,,,,,,,,,0xFF01CC,1.0,6,1,127,
16785,3,,,,,,,,,,,,,,,,,0xFF01FE,,,,,,,,,,,,,,,,,0xFF01CC,1.0,6,1,128,
16786,3,,,,,,,,,,,,,,,,,0xFF01FE,,,,,,,,,,,,,,,,,0xFF01CC,1.0,6,1,129,
16787,3,,,,,,,,,,,,,,,,,0xFF01FE,,,,,,,,,,,,,,,,,0xFF01CC,1.0,6,1,130,
16788,3,,,,,,,,,,,,,,,,,0xFF01FE,,,,,,,,,,,,,,,,,0xFF01CC,1.0,6,1,131,
16789,3,,,,,,,,,,,,,,,,,0xFF01FE,,,,,,,,,,,,,,,,,0xFF01CC,1.0,6,1,132,
16790,3,,,,,,,,,,,,,,,,,0xFF01FE,,,,,,,,,,,,,,,,,0xFF01CC,1.0,6,1,133,
16791,3,,,,,,,,,,,,,,,,,0xFF01FE,,,,,,,,,,,,,,,,,0xFF01CC,1.0,6,1,134,
16792,3,,,,,,,,,,,,,,,,,0xFF01FE,,,,,,,,,,,,,,,,,0xFF01CC,1.0,6,1,135,
16793,3,,,,,,,,,,,,,,,,,0xFF01FE,,,,,,,,,,,,,,,,,0xFF01CC,1.0,6,1,136,
16794,3,,,,,,,,,,,,,,,,,0xFF01FE,,,,,,,,,,,,,,,,,0xFF01CC,1.0,6,1,137,
16795,3,,,,,,,,,,,,,,,,,0xFF01FE,,,,,,,,,,,,,,,,,0xFF01CC,1.0,6,1,138,
16796,3,,,,,,,,,,,,,,,,,0xFF01FE,,,,,,,,,,,,,,,,,0xFF01CC,1.0,6,1,139,
16797,3,,,,,,,,,,,,,,,,,0xFF01FE,,,,,,,,,,,,,,,,,0xFF01CC,1.0,6,1,140,
16798,3,,,,,,,,,,,,,,,,,0xFF01FE,,,,,,,,,,,,,,,,,0xFF01CC,1.0,6,1,141,
16799,3,,,,,,,,,,,,,,,,,0xFF01FE,,,,,,,,,,,,,,,,,0xFF01CC,1.0,6,1,142,
16800,3,,,,,,,,,,,,,,,,,0xFF01FE,,,,,,,,,,,,,,,,,0xFF01CC,1.0,6,1,143,
16801,3,,,,,,,,,,,,,,,,,0xFF01FE,,,,,,,,,,,,,,,,,0xFF01CC,1.0,6,1,144,
16802,3,,,,,,,,,,,,,,,,,0xFF01FE,,,,,,,,,,,,,,,,,0xFF01CC,1.0,6,1,145,
16803,3,,,,,,,,,,,,,,,,,0xFF01FE,,,,,,,,,,,,,,,,,0xFF01CC,1.0,6,1,146,
16804,3,,,,,,,,,,,,,,,,,0xFF01FE,,,,,,,,,,,,,,,,,0xFF01CC,1.0,6,1,147,
16805,3,,,,,,,,,,,,,,,,,0xFF01FE,,,,,,,,,,,,,,,,,0xFF01CC,1.0,6,1,148,
16806,3,,,,,,,,,,,,,,,,,0xFF01FE,,,,,,,,,,,,,,,,,0xFF01CC,1.0,6,1,149,
16807,3,,,,,,,,,,,,,,,,,0xFF01FE,,,,,,,,,,,,,,,,,0xFF01CC,1.0,6,1,150,
16808,3,,,,,,,,,,,,,,,,,0xFF01FE,,,,,,,,,,,,,,,,,0xFF01CC,1.0,6,1,151,
16809,3,,,,,,,,,,,,,,,,,0xFF01FE,,,,,,,,,,,,,,,,,0xFF01CC,1.0,6,1,152,
16810,3,,,,,,,,,,,,,,,,,0xFF01FE,,,,,,,,,,,,,,,,,0xFF01CC,1.0,6,1,153,
16811,3,,,,,,,,,,,,,,,,,0xFF01FE,,,,,,,,,,,,,,,,,0xFF01CC,1.0,6,1,154,
16812,3,,,,,,,,,,,,,,,,,0xFF01FE,,,,,,,,,,,,,,,,,0xFF01CC,1.0,6,1,155,
16813,3,,,,,,,,,,,,,,,,,0xFF01FE,,,,,,,,,,,,,,,,,0xFF01CC,1.0,6,1,156,
16814,3,,,,,,,,,,,,,,,,,0xFF01FE,,,,,,,,,,,,,,,,,0xFF01CC,1.0,6,1,157,
16815,3,,,,,,,,,,,,,,,,,0xFF01FE,,,,,,,,,,,,,,,,,0xFF01CC,1.0,6,1,158,
16816,3,,,,,,,,,,,,,,,,,0xFF01FE,,,,,,,,,,,,,,,,,0xFF01CC,1.0,6,1,159,
16817,3,,,,,,,,,,,,,,,,,0xFF01FE,,,,,,,,,,,,,,,,,0xFF01CC,1.0,6,1,160,
16818,3,,,,,,,,,,,,,,,,,0xFF01FE,,,,,,,,,,,,,,,,,0xFF01CC,1.0,6,1,161,
16819,3,,,,,,,,,,,,,,,,,0xFF01FE,,,,,,,,,,,,,,,,,0xFF01CC,1.0,6,1,162,
16820,3,,,,,,,,,,,,,,,,,0xFF01FE,,,,,,,,,,,,,,,,,0xFF01CC,1.0,6,1,163,
16821,3,,,,,,,,,,,,,,,,,0xFF01FE,,,,,,,,,,,,,,,,,0xFF01CC,1.0,6,1,164,
16822,3,,,,,,,,,,,,,,,,,0xFF01FE,,,,,,,,,,,,,,,,,0xFF01CC,1.0,6,1,165,
16823,3,,,,,,,,,,,,,,,,,0xFF01FE,,,,,,,,,,,,,,,,,0xFF01CC,1.0,6,1,166,
16824,3,,,,,,,,,,,,,,,,,0xFF01FE,,,,,,,,,,,,,,,,,0xFF01CC,1.0,6,1,167,
16825,3,,,,,,,,,,,,,,,,,0xFF01FE,,,,,,,,,,,,,,,,,0xFF01CC,1.0,6,1,168,
16826,3,,,,,,,,,,,,,,,,,0xFF01FE,,,,,,,,,,,,,,,,,0xFF01CC,1.0,6,1,169,
16827,3,,,,,,,,,,,,,,,,,0xFF01FE,,,,,,,,,,,,,,,,,0xFF01CC,1.0,6,1,170,
16828,3,,,,,,,,,,,,,,,,,0xFF01FE,,,,,,,,,,,,,,,,,0xFF01CC,1.0,6,1,171,
16829,3,,,,,,,,,,,,,,,,,0xFF01FE,,,,,,,,,,,,,,,,,0xFF01CC,1.0,6,1,172,
16830,3,,,,,,,,,,,,,,,,,0xFF01FE,,,,,,,,,,,,,,,,,0xFF01CC,1.0,6,1,173,
16831,3,,,,,,,,,,,,,,,,,0xFF01FE,,,,,,,,,,,,,,,,,0xFF01CC,1.0,6,1,174,
16832,3,,,,,,,,,,,,,,,,,0xFF01FE,,,,,,,,,,,,,,,,,0xFF01CC,1.0,6,1,175,
16833,3,,,,,,,,,,,,,,,,,0xFF01FE,,,,,,,,,,,,,,,,,0xFF01CC,1.0,6,1,176,
16834,3,,,,,,,,,,,,,,,,,0xFF01FE,,,,,,,,,,,,,,,,,0xFF01CC,1.0,6,1,177,
16835,3,,,,,,,,,,,,,,,,,0xFF01FE,,,,,,,,,,,,,,,,,0xFF01CC,1.0,6,1,178,
16836,3,,,,,,,,,,,,,,,,,0xFF01FE,,,,,,,,,,,,,,,,,0xFF01CC,1.0,6,1,179,
16837,3,,,,,,,,,,,,,,,,,0xFF01FE,,,,,,,,,,,,,,,,,0xFF01CC,1.0,6,1,180,
16838,3,,,,,,,,,,,,,,,,,0xFF01FE,,,,,,,,,,,,,,,,,0xFF01CC,1.0,6,1,181,
16839,3,,,,,,,,,,,,,,,,,0xFF01FE,,,,,,,,,,,,,,,,,0xFF01CC,1.0,6,1,182,
16840,3,,,,,,,,,,,,,,,,,0xFF01FE,,,,,,,,,,,,,,,,,0xFF01CC,1.0,6,1,183,
16841,3,,,,,,,,,,,,,,,,,0xFF01FE,,,,,,,,,,,,,,,,,0xFF01CC,1.0,6,1,184,
16842,3,,,,,,,,,,,,,,,,,0xFF01FE,,,,,,,,,,,,,,,,,0xFF01CC,1.0,6,1,185,
16843,3,,,,,,,,,,,,,,,,,0xFF01FE,,,,,,,,,,,,,,,,,0xFF01CC,1.0,6,1,186,
16844,3,,,,,,,,,,,,,,,,,0xFF01FE,,,,,,,,,,,,,,,,,0xFF01CC,1.0,6,1,187,
16845,3,,,,,,,,,,,,,,,,,0xFF01FE,,,,,,,,,,,,,,,,,0xFF01CC,1.0,6,1,188,
16846,3,,,,,,,,,,,,,,,,,0xFF01FE,,,,,,,,,,,,,,,,,0xFF01CC,1.0,6,1,189,
16847,3,,,,,,,,,,,,,,,,,0xFF01FE,,,,,,,,,,,,,,,,,0xFF01CC,1.0,6,1,190,
16848,3,,,,,,,,,,,,,,,,,0xFF01FE,,,,,,,,,,,,,,,,,0xFF01CC,1.0,6,1,191,
16849,3,,,,,,,,,,,,,,,,,0xFF01FE,,,,,,,,,,,,,,,,,0xFF01CC,1.0,6,1,192,
16850,3,,,,,,,,,,,,,,,,,0xFF01FE,,,,,,,,,,,,,,,,,0xFF01CC,1.0,6,1,193,
16851,3,,,,,,,,,,,,,,,,,0xFF01FE,,,,,,,,,,,,,,,,,0xFF01CC,1.0,6,1,194,
16852,3,,,,,,,,,,,,,,,,,0xFF01FE,,,,,,,,,,,,,,,,,0xFF01CC,1.0,6,1,195,
16853,3,,,,,,,,,,,,,,,,,0xFF01FE,,,,,,,,,,,,,,,,,0xFF01CC,1.0,6,1,196,
16854,3,,,,,,,,,,,,,,,,,0xFF01FE,,,,,,,,,,,,,,,,,0xFF01CC,1.0,6,1,197,
16855,3,,,,,,,,,,,,,,,,,0xFF01FE,,,,,,,,,,,,,,,,,0xFF01CC,1.0,6,1,198,
16856,3,,,,,,,,,,,,,,,,,0xFF01FE,,,,,,,,,,,,,,,,,0xFF01CC,1.0,6,1,199,
16857,3,,,,,,,,,,,,,,,,,0xFF01FE,,,,,,,,,,,,,,,,,0xFF01CC,1.0,6,1,200,
16858,3,,,,,,,,,,,,,,,,,0xFF01FE,,,,,,,,,,,,,,,,,0xFF01CC,1.0,6,1,201,
16859,3,,,,,,,,,,,,,,,,,0xFF01FE,,,,,,,,,,,,,,,,,0xFF01CC,1.0,6,1,202,
16860,3,,,,,,,,,,,,,,,,,0xFF01FE,,,,,,,,,,,,,,,,,0xFF01CC,1.0,6,1,203,
16861,3,,,,,,,,,,,,,,,,,0xFF01FE,,,,,,,,,,,,,,,,,0xFF01CC,1.0,6,1,204,
16862,3,,,,,,,,,,,,,,,,,0xFF01FE,,,,,,,,,,,,,,,,,0xFF01CC,1.0,6,1,205,
16863,3,,,,,,,,,,,,,,,,,0xFF01FE,,,,,,,,,,,,,,,,,0xFF01CC,1.0,6,1,206,
16864,3,,,,,,,,,,,,,,,,,0xFF01FE,,,,,,,,,,,,,,,,,0xFF01CC,1.0,6,1,207,
16865,3,,,,,,,,,,,,,,,,,0xFF01FE,,,,,,,,,,,,,,,,,0xFF01CC,1.0,6,1,208,
16866,3,,,,,,,,,,,,,,,,,0xFF01FE,,,,,,,,,,,,,,,,,0xFF01CC,1.0,6,1,209,
16867,3,,,,,,,,,,,,,,,,,0xFF01FE,,,,,,,,,,,,,,,,,0xFF01CC,1.0,6,1,210,
16868,3,,,,,,,,,,,,,,,,,0xFF01FE,,,,,,,,,,,,,,,,,0xFF01CC,1.0,6,1,211,
16869,3,,,,,,,,,,,,,,,,,0xFF01FE,,,,,,,,,,,,,,,,,0xFF01CC,1.0,6,1,212,
16870,3,,,,,,,,,,,,,,,,,0xFF01FE,,,,,,,,,,,,,,,,,0xFF01CC,1.0,6,1,213,
16871,3,,,,,,,,,,,,,,,,,0xFF01FE,,,,,,,,,,,,,,,,,0xFF01CC,1.0,6,1,214,
16872,3,,,,,,,,,,,,,,,,,0xFF01FE,,,,,,,,,,,,,,,,,0xFF01CC,1.0,6,1,215,
16873,3,,,,,,,,,,,,,,,,,0xFF01FE,,,,,,,,,,,,,,,,,0xFF01CC,1.0,6,1,216,
16874,3,,,,,,,,,,,,,,,,,0xFF01FE,,,,,,,,,,,,,,,,,0xFF01CC,1.0,6,1,217,
16875,3,,,,,,,,,,,,,,,,,0xFF01FE,,,,,,,,,,,,,,,,,0xFF01CC,1.0,6,1,218,
16876,3,,,,,,,,,,,,,,,,,0xFF01FE,,,,,,,,,,,,,,,,,0xFF01CC,1.0,6,1,219,
16877,3,,,,,,,,,,,,,,,,,0xFF01FE,,,,,,,,,,,,,,,,,0xFF01CC,1.0,6,1,220,
16878,3,,,,,,,,,,,,,,,,,0xFF01FE,,,,,,,,,,,,,,,,,0xFF01CC,1.0,6,1,221,
16879,3,,,,,,,,,,,,,,,,,0xFF01FE,,,,,,,,,,,,,,,,,0xFF01CC,1.0,6,1,222,
16880,3,,,,,,,,,,,,,,,,,0xFF01FE,,,,,,,,,,,,,,,,,0xFF01CC,1.0,6,1,223,
16881,3,,,,,,,,,,,,,,,,,0xFF01FE,,,,,,,,,,,,,,,,,0xFF01CC,1.0,6,1,224,
16882,3,,,,,,,,,,,,,,,,,0xFF01FE,,,,,,,,,,,,,,,,,0xFF01CC,1.0,6,1,225,
16883,3,,,,,,,,,,,,,,,,,0xFF01FE,,,,,,,,,,,,,,,,,0xFF01CC,1.0,6,1,226,
16884,3,,,,,,,,,,,,,,,,,0xFF01FE,,,,,,,,,,,,,,,,,0xFF01CC,1.0,6,1,227,
16885,3,,,,,,,,,,,,,,,,,0xFF01FE,,,,,,,,,,,,,,,,,0xFF01CC,1.0,6,1,228,
16886,3,,,,,,,,,,,,,,,,,0xFF01FE,,,,,,,,,,,,,,,,,0xFF01CC,1.0,6,1,229,
16887,3,,,,,,,,,,,,,,,,,0xFF01FE,,,,,,,,,,,,,,,,,0xFF01CC,1.0,6,1,230,
16888,3,,,,,,,,,,,,,,,,,0xFF01FE,,,,,,,,,,,,,,,,,0xFF01CC,1.0,6,1,231,
16889,3,,,,,,,,,,,,,,,,,0xFF01FE,,,,,,,,,,,,,,,,,0xFF01CC,1.0,6,1,232,
16890,3,,,,,,,,,,,,,,,,,0xFF01FE,,,,,,,,,,,,,,,,,0xFF01CC,1.0,6,1,233,
16891,3,,,,,,,,,,,,,,,,,0xFF01FE,,,,,,,,,,,,,,,,,0xFF01CC,1.0,6,1,234,
16892,3,,,,,,,,,,,,,,,,,0xFF01FE,,,,,,,,,,,,,,,,,0xFF01CC,1.0,6,1,235,
16893,3,,,,,,,,,,,,,,,,,0xFF01FE,,,,,,,,,,,,,,,,,0xFF01CC,1.0,6,1,236,
16894,3,,,,,,,,,,,,,,,,,0xFF01FE,,,,,,,,,,,,,,,,,0xFF01CC,1.0,6,1,237,
16895,3,,,,,,,,,,,,,,,,,0xFF01FE,,,,,,,,,,,,,,,,,0xFF01CC,1.0,6,1,238,
16896,3,,,,,,,,,,,,,,,,,0xFF01FE,,,,,,,,,,,,,,,,,0xFF01CC,1.0,6,1,239,
16897,3,,,,,,,,,,,,,,,,,0xFF01FE,,,,,,,,,,,,,,,,,0xFF01CC,1.0,6,1,240,
16898,3,,,,,,,,,,,,,,,,,0xFF01FE,,,,,,,,,,,,,,,,,0xFF01CC,1.0,6,1,241,
16899,3,,,,,,,,,,,,,,,,,0xFF01FE,,,,,,,,,,,,,,,,,0xFF01CC,1.0,6,1,242,
16900,3,,,,,,,,,,,,,,,,,0xFF01FE,,,,,,,,,,,,,,,,,0xFF01CC,1.0,6,1,243,
16901,3,,,,,,,,,,,,,,,,,0xFF01FE,,,,,,,,,,,,,,,,,0xFF01CC,1.0,6,1,244,
16902,3,,,,,,,,,,,,,,,,,0xFF01FE,,,,,,,,,,,,,,,,,0xFF01CC,1.0,6,1,245,
16903,3,,,,,,,,,,,,,,,,,0xFF01FE,,,,,,,,,,,,,,,,,0xFF01CC,1.0,6,1,246,
16904,3,,,,,,,,,,,,,,,,,0xFF01FE,,,,,,,,,,,,,,,,,0xFF01CC,1.0,6,1,247,
16905,3,,,,,,,,,,,,,,,,,0xFF01FE,,,,,,,,,,,,,,,,,0xFF01CC,1.0,6,1,248,
16906,3,,,,,,,,,,,,,,,,,0xFF01FE,,,,,,,,,,,,,,,,,0xFF01CC,1.0,6,1,249,
16907,3,,,,,,,,,,,,,,,,,0xFF01FE,,,,,,,,,,,,,,,,,0xFF01CC,1.0,6,1,250,
16908,3,,,,,,,,,,,,,,,,,0xFF01FE,,,,,,,,,,,,,,,,,0xFF01CC,1.0,6,1,251,
16909,3,,,,,,,,,,,,,,,,,0xFF01FE,,,,,,,,,,,,,,,,,0xFF01CC,1.0,6,1,252,
16910,3,,,,,,,,,,,,,,,,,0xFF01FE,,,,,,,,,,,,,,,,,0xFF01CC,1.0,6,1,253,
16911,3,,,,,,,,,,,,,,,,,0xFF01FE,,,,,,,,,,,,,,,,,0xFF01CC,1.0,6,1,254,
