long,long,str,long,float,long,long,float,float,float,None,long,long,long,float,float,float,float,float,float,float,float,float,float,float,float,float,float,
1,10,"Creature\Basilisk\Basilisk.mdx",1,1.0,1,7,18.0,12.0,1.0,,0,0,1,0.694400012493,2.08299994469,0.0,-6.11823987961,-3.00923991203,-0.205842003226,2.77329993248,3.08227992058,2.06979990005,1.0,1.0,0.0,0.0,0.0,
2,2,"Creature\BogBeast\BogBeast.mdx",1,1.0,1,-1,18.0,12.0,1.0,,0,0,2,0.694400012493,2.08299994469,0.0,-0.803960025311,-2.56791996956,-0.177568003535,1.74573004246,2.11365008354,2.84163999557,1.0,1.0,0.0,0.0,0.0,
3,2,"Creature\Centaur\Centaur.mdx",1,1.0,1,-1,18.0,12.0,1.0,,0,0,3,0.694400012493,2.08299994469,0.0,-1.45706999302,-0.507094979286,-0.00472000008449,0.991472005844,0.523132026196,2.76393008232,1.0,1.0,0.0,0.0,0.0,
4,2,"Creature\CrystalSpider\CrystalSpider.mdx",1,1.0,1,0,18.0,12.0,1.0,,0,0,4,0.0,0.0,0.0,0.0,0.0,0.0,0.0,0.0,0.0,1.0,1.0,0.0,0.0,0.0,
5,2,"Creature\DarkHound\DarkHound.mdx",1,1.0,1,-1,18.0,12.0,1.0,,0,0,5,0.611100018024,1.66700005531,0.0,-1.34619998932,-0.473691999912,-0.010816000402,0.81945002079,0.423426985741,1.61991000175,1.0,1.0,0.0,0.0,0.0,
6,9,"Creature\DragonWhelp\DragonWhelp.mdx",0,1.0,1,-1,18.0,12.0,1.0,,0,0,6,0.694400012493,2.08299994469,0.0,-0.752445995808,-0.94352799654,0.979083001614,0.637077987194,0.96622300148,3.19061994553,1.0,1.0,0.0,0.0,0.0,
8,0,"Creature\furbolg\Furbolg.mdx",1,1.0,1,7,18.0,12.0,1.0,,0,0,8,0.611100018024,2.03099989891,0.0,-0.586773991585,-0.951519012451,-0.000769999984186,1.08375000954,0.951810002327,1.96815001965,1.0,1.0,0.0,0.0,0.0,
9,3,"Creature\Ghost\Ghost.mdx",1,1.0,1,4,18.0,12.0,1.0,,0,0,9,0.611100018024,2.03099989891,0.0,-1.88821995258,-1.92079997063,-0.331674993038,1.40622997284,1.53624999523,3.10960006714,1.0,1.0,0.0,0.0,0.0,
10,0,"Creature\Gnoll\gnoll.mdx",1,1.0,1,7,18.0,12.0,1.0,,0,0,10,0.611100018024,2.03099989891,0.0,-0.773347020149,-0.695158004761,0.000414999987697,0.731812000275,0.757685005665,1.75619995594,1.0,1.0,0.0,0.0,0.0,
11,0,"Creature\Grell\Grell.mdx",0,1.0,1,4,18.0,12.0,1.0,,0,0,11,0.472200006247,1.52799999714,0.0,-1.46379005909,-0.768815994263,-0.00277799996547,0.697103023529,0.748070001602,1.42325997353,1.0,1.0,0.0,0.0,0.0,
12,1,"Creature\Harpy\Harpy.mdx",1,1.0,1,-1,18.0,12.0,1.0,,0,0,12,0.611100018024,2.03099989891,0.0,-0.560316026211,-1.66741001606,0.857127010822,0.60470700264,1.69726002216,4.54123020172,1.0,1.0,0.0,0.0,0.0,
13,0,"Creature\HUFMCitizenLow\HUFMCitizenLow.mdx",1,1.0,1,1,18.0,12.0,1.0,,0,0,13,0.509700000286,2.03099989891,0.0,-0.198980003595,-0.37892600894,-0.0144159998745,0.390325009823,0.32205298543,1.89610004425,1.0,1.0,0.0,0.0,0.0,
14,0,"Creature\HUFMCitizenMid\HUFMCitizenMid.mdx",1,1.0,1,1,18.0,12.0,1.0,,0,0,14,0.509700000286,2.03099989891,0.0,-0.230800002813,-0.378926992416,-0.014414999634,0.390320003033,0.322057008743,1.88332998753,1.0,1.0,0.0,0.0,0.0,
15,0,"Creature\HUFMMerchant\HUFMMerchant.mdx",1,1.0,1,1,18.0,12.0,1.0,,0,0,15,0.509700000286,2.03099989891,0.0,-0.198983997107,-0.378926992416,-0.014414999634,0.390320003033,0.322057008743,1.9016699791,1.0,1.0,0.0,0.0,0.0,
16,0,"Creature\HumanThief\HumanThief.mdx",1,1.0,1,1,18.0,12.0,1.0,,0,0,16,0.694400012493,2.08299994469,0.0,-0.489163011312,-0.396400988102,-0.0144250001758,0.580314993858,0.315948992968,1.77575004101,1.0,1.0,0.0,0.0,0.0,
17,0,"Creature\HUMLBlackSmith\HUMLBlackSmith.mdx",1,1.0,1,1,18.0,12.0,1.0,,0,0,17,0.509700000286,2.03099989891,0.0,-0.294739991426,-0.582370996475,-0.00705299992114,0.51945400238,0.555571973324,2.00862002373,1.0,1.0,0.0,0.0,0.0,
18,0,"Creature\HUMLMagicSmith\HUMLMagicSmith.mdx",1,1.0,1,1,18.0,12.0,1.0,,0,0,18,0.509700000286,2.03099989891,0.0,-0.294739991426,-0.689696013927,-0.00705200014636,0.617837011814,0.555571973324,2.27554011345,1.0,1.0,0.0,0.0,0.0,
19,0,"Creature\HUMLMerchant\HUMLMerchant.mdx",1,1.0,1,1,18.0,12.0,1.0,,0,0,19,0.509700000286,2.03099989891,0.0,-0.293406993151,-0.581777989864,-0.00681099994108,0.515012979507,0.55491399765,2.01040005684,1.0,1.0,0.0,0.0,0.0,
20,0,"Creature\HUMLUpperCitizen\HUMLUpperCitizen.mdx",1,1.0,1,1,18.0,12.0,1.0,,0,0,20,0.509700000286,2.03099989891,0.0,-0.293581008911,-0.581821978092,-0.00681099994108,0.515112996101,0.554888010025,2.05026006699,1.0,1.0,0.0,0.0,0.0,
21,0,"Creature\HUMNGuardBig\HUMNGuardBig.mdx",1,1.0,1,1,18.0,12.0,1.0,,0,0,21,0.509700000286,2.03099989891,0.0,-0.524196028709,-0.470910012722,-0.00255100009963,0.42838999629,0.517416000366,2.22749996185,1.0,1.0,0.0,0.0,0.0,
22,0,"Creature\HUMSCitizenMid\HUMSCitizenMid.mdx",1,1.0,1,1,18.0,12.0,1.0,,0,0,22,0.611100018024,2.03099989891,1.16668999195,-0.717700004578,-0.869458973408,-0.000788000004832,0.368034988642,0.74946397543,2.02525997162,1.0,1.0,0.0,0.0,0.0,
23,0,"Creature\HUMSMerchant\HUMSMerchant.mdx",1,1.0,1,1,18.0,12.0,1.0,,0,0,23,0.509700000286,2.03099989891,0.0,-0.24360999465,-0.537322998047,-0.00152399996296,0.503072977066,0.54058098793,2.02428007126,1.0,1.0,0.0,0.0,0.0,
24,2,"Creature\Infernal\Infernal.mdx",1,1.0,1,5,18.0,12.0,1.0,,0,10,24,0.611100018024,2.03099989891,0.0,-1.43901002407,-2.75123000145,0.0308890007436,1.05978000164,2.7271399498,4.12911987305,1.0,1.0,0.0,0.0,0.0,
25,0,"Creature\KeeperOfTheGrove\KeeperOfTheGrove.mdx",1,1.0,1,6,18.0,12.0,1.0,,0,0,25,0.611100018024,2.03099989891,1.99583995342,-1.85265994072,-1.0011600256,-0.021420000121,1.47019994259,1.58020997047,4.13548994064,1.0,1.0,0.0,0.0,0.0,
26,0,"Creature\Kobold\Kobold.mdx",0,1.0,1,1,18.0,12.0,1.0,,0,0,26,0.694400012493,1.38900005817,0.0,-0.981126010418,-0.552604973316,-0.00810899958014,0.943606972694,0.480619013309,1.2351000309,1.0,1.0,0.0,0.0,0.0,
27,0,"Creature\Kodobeast\KodoBeast.mdx",3,1.10000002384,1,1,18.0,12.0,1.0,,1,10,27,0.611100018024,2.03099989891,3.54287004471,-7.28207015991,-2.41275000572,-0.0208390001208,3.34308004379,2.27780008316,5.36694002151,1.0,1.0,0.0,0.0,0.0,
28,2,"Creature\LavaSpider\LavaSpider.mdx",1,1.0,1,-1,18.0,12.0,1.0,,0,0,28,0.0,0.0,0.0,0.0,0.0,0.0,0.0,0.0,0.0,1.0,1.0,0.0,0.0,0.0,
29,0,"Creature\LostOne\LostOne.mdx",1,1.0,1,4,18.0,12.0,1.0,,0,0,29,0.611100018024,2.03099989891,1.04312002659,-0.567583024502,-0.519007027149,-0.00475599989295,0.30893599987,0.529303014278,1.94675004482,1.0,1.0,0.0,0.0,0.0,
30,2,"Creature\MineSpider\MineSpiderBoss.mdx",1,1.0,2,-1,18.0,12.0,1.0,,0,0,30,0.611100018024,2.03099989891,0.0,-2.20256996155,-2.19877004623,-0.0185289997607,3.88228011131,2.1960299015,2.03959989548,1.0,1.0,0.0,0.0,0.0,
31,0,"Creature\Murloc\Murloc.mdx",1,1.0,1,4,18.0,12.0,1.0,,0,0,31,0.611100018024,2.03099989891,0.387196004391,-0.604077994823,-0.496665000916,-0.00195199996233,0.433185994625,0.493416011333,1.28522002697,1.0,1.0,0.0,0.0,0.0,
32,0,"Creature\Ogre\Ogre.mdx",3,1.0,1,4,18.0,12.0,1.0,,0,10,32,0.611100018024,2.03099989891,1.34669005871,-0.571246981621,-0.994158029556,-0.0127229997888,0.513096988201,0.989934027195,2.876060009,1.0,1.0,0.0,0.0,0.0,
33,0,"Creature\Ogre\OgreMage.mdx",3,1.0,1,1,18.0,12.0,1.0,,0,10,33,0.611100018024,2.03099989891,0.0,-0.571246981621,-0.994158983231,-0.0127210002393,0.513096988201,0.989933013916,2.88109993935,1.0,1.0,0.0,0.0,0.0,
34,0,"Creature\Raptor\Raptor.mdx",1,1.0,1,5,18.0,12.0,1.0,,0,0,34,0.611100018024,2.03099989891,2.52061009407,-4.32721996307,-1.16399002075,-0.0623829998076,1.98766994476,2.09505009651,3.21133995056,1.0,1.0,0.0,0.0,0.0,
35,2,"Creature\SeaGiant\SeaGiant.mdx",4,1.0,1,4,18.0,12.0,1.0,,1,11,35,0.694400012493,2.08299994469,0.0,-2.41280007362,-4.20370006561,-0.0365259982646,1.68833994865,4.42333984375,7.88415002823,0.800000011921,0.75,0.0,0.0,0.0,
36,1,"Creature\SILITHID\Silithid.mdx",1,1.0,2,1,1.0,1.0,1.0,,0,0,36,0.694400012493,2.08299994469,0.0,-2.6845600605,-1.70834004879,-0.0143750002608,1.4294500351,1.70770001411,2.37490010262,1.0,1.0,0.0,0.0,0.0,
37,2,"Creature\Succubus\Succubus.mdx",1,1.0,1,3,18.0,12.0,1.0,,0,0,37,0.611100018024,2.03099989891,0.0,-1.63838005066,-0.520596981049,-0.00468999985605,0.259530991316,1.23425996304,2.05440998077,1.0,1.0,0.0,0.0,0.0,
38,2,"Creature\Tallstrider\TallStrider.mdx",1,1.0,1,5,18.0,12.0,1.0,,0,0,38,0.611100018024,2.03099989891,2.4126200676,-1.67162001133,-0.776143014431,-0.0316639989614,1.22160995007,0.885708987713,3.32278990746,1.0,1.0,0.0,0.0,0.0,
39,2,"Creature\TitanFemale\TitanFemale.mdx",4,1.0,1,1,18.0,12.0,1.0,,10,11,39,0.611100018024,2.03099989891,4.54894018173,-1.13171994686,-1.85275995731,-0.0200169999152,1.21447002888,1.1410599947,7.33650016785,1.0,1.0,0.0,0.0,0.0,
40,2,"Creature\TitanMale\TitanMale.mdx",3,1.0,1,1,18.0,12.0,1.0,,1,12,40,0.611100018024,2.03099989891,4.30996990204,-1.82333004475,-3.11576008797,-0.00475100008771,1.73178994656,2.64791989326,7.39813995361,1.0,1.0,0.0,0.0,0.0,
41,0,"Creature\Troglodyte\Troglodyte.mdx",1,1.0,1,4,18.0,12.0,1.0,,0,0,41,0.694400012493,2.08299994469,0.0,-0.253639996052,-0.832327008247,-0.000403999991249,1.03450000286,0.856486022472,1.88274002075,1.0,1.0,0.0,0.0,0.0,
42,0,"Creature\Troll\Troll.mdx",1,1.0,1,1,18.0,12.0,1.0,,0,0,42,0.611100018024,2.03099989891,1.41885995865,-1.11047005653,-0.707755029202,-1.29999998535e-005,0.477133989334,0.758648991585,2.26272010803,1.0,1.0,0.0,0.0,0.0,
43,16,"Creature\Wolf\Wolf.mdx",1,1.0,1,7,9.0,6.0,1.0,,0,0,43,0.611100018024,2.03099989891,0.0,-2.25615000725,-0.636057972908,-7.7999997302e-005,1.58476996422,0.666565001011,1.70278000832,1.0,1.0,0.0,0.0,0.0,
44,0,"Creature\GennGreymaneWorgen\GennGreymaneWorgen.mdx",1,1.0,1,7,18.0,12.0,1.0,,0,0,44,0.611100018024,2.03099989891,1.29404997826,-0.655966997147,-1.17622995377,0.000852000026498,0.702094972134,1.08036005497,2.29017996788,1.0,1.0,0.0,0.0,0.0,
45,2,"Creature\Ghoul2\Ghoul2.mdx",1,1.0,2,1,18.0,12.0,1.0,,0,0,45,0.611100018024,2.03099989891,1.21797001362,-0.58694601059,-1.35979998112,-0.0281969998032,1.17956995964,1.51393997669,1.94070005417,1.0,1.0,0.0,0.0,0.0,
47,0,"Creature\DragonSpawn\DragonSpawn.mdx",1,1.0,1,5,18.0,12.0,1.0,,0,0,47,0.611100018024,2.03099989891,1.54772996902,-3.22091007233,-2.39248991013,-0.0353679992259,1.97218000889,1.77918994427,2.58015990257,1.0,1.0,0.0,0.0,0.0,
49,2052,"CHARACTER\HUMAN\MALE\HUMANMALENPC.M2",1,1.0,1,1,12.0,10.0,1.0,,0,0,49,0.611100018024,2.03099989891,1.03618001938,-0.576728999615,-0.544345021248,-0.000693999987561,0.368137001991,0.535902023315,2.12919998169,1.0,1.0,0.0,0.0,0.0,
50,2052,"CHARACTER\HUMAN\FEMALE\HUMANFEMALENPC.M2",1,1.0,1,1,12.0,10.0,1.0,,0,0,50,0.416700005531,1.9129999876,1.00264000893,-0.487307012081,-0.359981000423,-0.00222299993038,0.275954991579,0.370420992374,1.92492997646,1.0,1.0,0.0,0.0,0.0,
51,2052,"CHARACTER\ORC\MALE\ORCMALENPC.M2",1,1.0,1,1,14.0,14.0,1.0,,0,0,51,0.611100018024,2.03099989891,1.11705005169,-0.725005984306,-0.874448001385,-0.0069539998658,0.744108974934,0.853354990482,2.36011004448,1.0,1.0,0.0,0.0,0.0,
52,2052,"CHARACTER\ORC\FEMALE\ORCFEMALENPC.M2",1,1.0,1,1,12.0,11.0,1.0,,0,0,52,0.472200006247,2.05100011826,1.1119300127,-0.735899984837,-0.524626016617,-0.00706000020728,0.303434997797,0.525658011436,2.14830994606,1.0,1.0,0.0,0.0,0.0,
53,2052,"CHARACTER\DWARF\MALE\DWARFMALENPC.M2",1,1.0,1,1,12.0,10.0,1.0,,0,0,53,0.611100018024,1.60699999332,0.724923014641,-0.599128007889,-0.640794992447,-0.0208710003644,0.400750011206,0.607325017452,1.5969799757,1.0,1.0,0.0,0.0,0.0,
54,2052,"CHARACTER\DWARF\FEMALE\DWARFFEMALENPC.M2",1,1.0,1,1,12.0,10.0,1.0,,0,0,54,0.444400012493,1.52799999714,0.680555999279,-0.490619987249,-0.466365993023,-0.00117599999066,0.258298009634,0.471601009369,1.51391005516,1.0,1.0,0.0,0.0,0.0,
55,2052,"CHARACTER\NIGHTELF\MALE\NIGHTELFMALENPC.M2",1,1.0,1,1,12.0,10.0,1.0,,0,0,55,0.777800023556,2.43799996376,1.30095005035,-0.700577974319,-0.61655497551,-0.00444199983031,0.303063988686,0.637018978596,2.59489011765,1.0,1.0,0.0,0.0,0.0,
56,2052,"CHARACTER\NIGHTELF\FEMALE\NIGHTELFFEMALENPC.M2",1,1.0,1,1,12.0,10.0,1.0,,0,0,56,0.555599987507,2.25,1.33474004269,-0.651853978634,-0.388226985931,0.00130300002638,0.342884004116,0.590198993683,2.27000999451,1.0,1.0,0.0,0.0,0.0,
57,2052,"CHARACTER\SCOURGE\MALE\SCOURGEMALENPC.M2",1,1.0,2,1,12.0,10.0,1.0,,0,0,57,0.694400012493,1.86099994183,1.07824003696,-0.825213015079,-0.58253800869,-0.0111600002274,0.384066998959,0.463535010815,2.10123991966,1.0,1.0,0.0,0.0,0.0,
58,2052,"CHARACTER\SCOURGE\FEMALE\SCOURGEFEMALENPC.M2",1,1.0,2,1,12.0,10.0,1.0,,0,0,58,0.416700005531,1.84399998188,0.985520005226,-0.507692992687,-0.441341996193,-0.0106929996982,0.412560999393,0.431282013655,2.05485010147,1.0,1.0,0.0,0.0,0.0,
59,2052,"CHARACTER\TAUREN\MALE\TAURENMALENPC.M2",1,1.0,1,3,22.0,16.0,2.0,,0,0,59,0.590300023556,1.65299999714,0.98721498251,-1.0707000494,-0.868183970451,-0.0109329996631,0.987775981426,0.858507990837,2.24871993065,1.0,1.0,0.0,0.0,0.0,
60,2052,"CHARACTER\TAUREN\FEMALE\TAURENFEMALENPC.M2",1,1.25,1,3,20.0,14.0,2.0,,0,0,60,0.666700005531,2.11100006104,1.02330994606,-0.818678975105,-0.663842022419,-0.00380300008692,0.540947973728,0.663842022419,2.2335100174,1.0,1.0,0.0,0.0,0.0,
61,10,"Creature\CarrionBird\CarrionBird.mdx",0,1.0,1,1,18.0,12.0,1.0,,0,0,61,0.611100018024,2.03099989891,0.0,-2.16990995407,-2.07557010651,0.537171006203,1.6768900156,2.24972009659,6.22892999649,0.600000023842,1.0,0.0,0.0,0.0,
62,8,"Creature\Hydra\Hydra.mdx",3,1.0,1,1,18.0,12.0,1.0,,0,10,62,0.611100018024,2.03099989891,0.0,-6.07216978073,-3.1293900013,-0.191697001457,2.54189991951,4.29361009598,4.73742008209,1.0,1.0,0.0,0.0,0.0,
63,2,"Creature\Tarantula\Tarantula.mdx",1,1.0,1,1,18.0,12.0,1.0,,0,0,63,0.694400012493,2.08299994469,0.0,-2.17774009705,-2.88228988647,-0.0976459980011,2.78470993042,2.88678002357,2.39304995537,1.0,1.0,0.0,0.0,0.0,
64,2,"SoundTest.mdx",1,1.0,1,1,18.0,12.0,1.0,,0,0,64,0.0,0.0,0.0,0.0,0.0,0.0,0.0,0.0,0.0,1.0,1.0,0.0,0.0,0.0,
65,0,"Creature\Horse2\Horse2.mdx",1,1.0,1,6,18.0,12.0,1.0,,0,0,65,0.611100018024,2.03099989891,1.86571002007,-1.24386000633,-0.436628997326,-0.0219720005989,2.00463008881,0.433531999588,2.63090991974,1.0,1.0,0.0,0.0,0.0,
66,0,"Creature\Boar\Boar.mdx",0,1.0,1,3,9.0,6.0,1.0,,0,0,66,0.611100018024,2.03099989891,0.0,-1.14914000034,-0.448390990496,-0.0291920006275,1.78021001816,0.452118992805,2.09348988533,1.0,1.0,0.0,0.0,0.0,
67,16,"Creature\ANCIENTPROTECTOR\AncientProtector.mdx",3,1.0,2,3,18.0,12.0,1.0,,1,11,67,0.611100018024,2.03099989891,0.0,-1.83828997612,-2.81256008148,-0.0332759991288,2.66774988174,2.97710990906,6.28103017807,0.800000011921,0.5,0.0,0.0,0.0,
68,0,"Creature\DoomGuard\DoomGuard.mdx",1,1.0,1,3,18.0,12.0,1.0,,0,0,68,0.611100018024,2.03099989891,0.0,-2.1279900074,-1.87376999855,-0.00804399978369,0.778069019318,2.03584003448,4.09095001221,1.0,1.0,0.0,0.0,0.0,
69,3,"Creature\BoundEarthElemental\UnboundEarthElemental.mdx",1,1.0,1,3,18.0,12.0,1.0,,0,0,69,0.611100018024,2.03099989891,0.0,-1.86363995075,-2.29721999168,-0.131377995014,1.82520997524,2.17851996422,3.32703995705,0.070000000298,0.899999976158,0.0,0.0,0.0,
70,2,"Creature\Skeleton\Skeleton.mdx",1,1.0,1,1,18.0,12.0,1.0,,0,0,70,0.694400012493,2.08299994469,1.39139997959,-0.606957018375,-0.747452020645,-0.0168099999428,0.53009301424,0.665247023106,1.98740005493,1.0,1.0,0.0,0.0,0.0,
71,2,"Creature\GolemHarvest\GolemHarvest.mdx",1,1.0,3,1,18.0,12.0,1.0,,0,0,71,0.611100018024,2.03099989891,0.0,-1.07359004021,-1.48198997974,-0.00585399987176,0.728421986103,1.46035003662,3.38175988197,1.0,1.0,0.0,0.0,0.0,
72,2,"Creature\GolemHarvestStage2\GolemHarvestStage2.mdx",1,1.0,3,1,18.0,12.0,1.0,,0,0,72,0.694400012493,2.08299994469,0.0,-1.0266699791,-1.41559994221,0.000997000024654,0.595842003822,1.42513000965,3.0070400238,1.0,1.0,0.0,0.0,0.0,
73,1,"Creature\DireWolf\DireWolf.mdx",1,1.0,1,7,6.0,4.0,1.0,,0,0,73,0.611100018024,2.03099989891,1.3991099596,-2.30695009232,-0.575971007347,-0.0239819996059,1.58847999573,0.546913027763,1.87898004055,1.0,1.0,0.0,0.0,0.0,
74,0,"Creature\HumanMalePeasant\HumanMalePeasant.mdx",1,1.0,1,4,12.0,10.0,1.0,,0,0,74,0.509700000286,2.03099989891,0.0,-0.372783005238,-0.540395021439,-0.00133100000676,0.441049009562,0.560797989368,1.82894003391,1.0,1.0,0.0,0.0,0.0,
75,1,"Creature\WindSerpent\WindSerpent.mdx",2,1.0,1,5,18.0,12.0,1.0,,0,0,75,0.611100018024,2.03099989891,0.0,-5.09820985794,-2.80293011665,0.0126579999924,2.72465991974,2.56606006622,5.16728019714,1.0,1.0,0.0,0.0,0.0,
76,9,"Creature\Grouper\Grouper.mdx",1,1.0,1,-1,18.0,12.0,1.0,,0,0,76,0.611100018024,2.03099989891,0.0,-1.52123999596,-0.791051983833,0.0120919998735,1.03165996075,1.0637999773,1.45407998562,1.0,1.0,0.0,0.0,0.0,
77,0,"Creature\Dryad\Dryad.mdx",1,1.0,1,6,18.0,12.0,1.0,,0,0,77,0.611100018024,2.03099989891,0.0,-0.984858989716,-0.58105802536,-0.0111809996888,1.06256997585,0.493279010057,2.39053010941,1.0,1.0,0.0,0.0,0.0,
78,0,"Creature\Satyr\Satyr.mdx",1,1.0,1,3,18.0,12.0,1.0,,0,0,78,0.694400012493,2.08299994469,0.0,-1.87083005905,-0.921302974224,-0.00688900006935,0.317229002714,0.917744994164,2.77043008804,1.0,1.0,0.0,0.0,0.0,
79,0,"Creature\HumanMaleKid\HumanMaleKid.mdx",1,1.0,1,4,18.0,12.0,1.0,,0,0,79,0.611100018024,2.03099989891,0.0,-0.169947996736,-0.254709005356,0.00714399991557,0.212210997939,0.256330013275,1.3013099432,1.0,1.0,0.0,0.0,0.0,
80,0,"Creature\HumanFemaleKid\HumanFemaleKid.mdx",1,1.0,1,4,18.0,12.0,1.0,,0,0,80,0.611100018024,2.03099989891,0.0,-0.162358999252,-0.208796992898,-0.00119400001131,0.0896240025759,0.201047003269,1.16389000416,1.0,1.0,0.0,0.0,0.0,
81,3,"Creature\Slime\Slime.mdx",1,1.0,2,-1,18.0,12.0,1.0,,0,0,81,0.694400012493,2.08299994469,0.0,-2.43994998932,-1.42804002762,-0.0300229992718,1.08895003796,1.41014003754,1.84124994278,1.0,1.0,0.0,0.0,0.0,
82,16,"Creature\Tiger\Tiger.mdx",1,1.0,1,7,18.0,12.0,1.0,,0,0,82,0.611100018024,2.03099989891,1.24136996269,-2.42836999893,-0.658701002598,-0.00620299996808,1.02886998653,0.533702015877,1.26810002327,1.0,1.0,0.0,0.0,0.0,
83,0,"Creature\bear\Bear.mdx",1,1.0,1,7,18.0,12.0,1.0,,0,0,83,0.611100018024,2.03099989891,1.76146996021,-1.65758001804,-0.925305008888,-0.058708999306,1.68136000633,0.867245972157,1.84332001209,1.0,1.0,0.0,0.0,0.0,
84,2,"Creature\GolemStone\GolemStone.mdx",1,1.0,3,-1,18.0,12.0,1.0,,0,10,84,0.611100018024,2.03099989891,0.0,-1.01133000851,-2.02566003799,-0.0678760036826,2.02845001221,1.72008001804,3.34816002846,1.0,1.0,0.0,0.0,0.0,
85,1,"Creature\Wyvern\Wyvern.mdx",1,1.0,1,-1,18.0,12.0,1.0,,0,0,85,0.611100018024,2.03099989891,1.19388997555,-3.20152997971,-5.22185993195,0.423987001181,3.13663005829,5.23434019089,6.74156999588,1.0,1.0,0.0,0.0,0.0,
86,0,"Creature\HumanMalePeasant\HumanMalePeasantAxe.mdx",1,1.0,1,1,18.0,12.0,1.0,,0,0,86,0.509700000286,2.03099989891,0.0,-0.372850000858,-0.540395975113,-0.00123399996664,0.441024005413,0.560815989971,1.82892000675,1.0,1.0,0.0,0.0,0.0,
87,0,"Creature\HumanMalePeasant\HumanMalePeasantGold.mdx",1,1.0,1,1,18.0,12.0,1.0,,0,0,87,0.509700000286,2.03099989891,0.0,-0.991775989532,-0.527033984661,0.000584999972489,0.440351009369,0.523597002029,1.76041996479,1.0,1.0,0.0,0.0,0.0,
88,0,"Creature\HumanMalePeasant\HumanMalePeasantPick.mdx",1,1.0,1,1,18.0,12.0,1.0,,0,0,88,0.509700000286,2.03099989891,0.0,-0.432397991419,-0.540395021439,-0.00133100000676,0.826876997948,0.575021982193,1.82894003391,1.0,1.0,0.0,0.0,0.0,
89,0,"Creature\HumanMalePeasant\HumanMalePeasantWood.mdx",1,1.0,1,1,18.0,12.0,1.0,,0,0,89,0.509700000286,2.03099989891,0.0,-0.525653004646,-0.640255987644,0.000654999981634,0.57877600193,0.545234978199,2.12270998955,1.0,1.0,0.0,0.0,0.0,
90,9,"Creature\Hippogryph\Hippogryph.mdx",2,1.0,1,-1,18.0,12.0,1.0,,0,0,90,0.611100018024,2.03099989891,1.65658998489,-2.87718009949,-3.7436299324,0.0396450012922,2.17758011818,3.76338005066,5.15644979477,1.0,1.0,0.0,0.0,0.0,
91,1,"Creature\SilithidTank\SilithidTank.mdx",1,1.0,1,1,1.0,1.0,1.0,,0,0,91,0.611100018024,2.03099989891,0.0,-2.47491002083,-1.45228004456,-0.0661410018802,1.37661004066,1.78594005108,3.20764994621,1.0,1.0,0.0,0.0,0.0,
92,3,"Creature\Silithidwasp\SilithidWasp.mdx",1,1.20000004768,1,-1,18.0,12.0,1.0,,0,0,92,0.611100018024,2.03099989891,2.76491999626,-1.9443000555,-2.60001993179,0.181613996625,2.33879995346,2.54286003113,5.96797990799,1.0,1.0,0.0,0.0,0.0,
93,0,"Creature\HumanFemaleBlacksmith\HumanFemaleBlacksmith.mdx",1,1.0,1,1,18.0,12.0,1.0,,0,0,93,0.472200006247,1.94400000572,0.0,-0.269897013903,-0.316466003656,-0.0047140000388,0.246694996953,0.328929007053,1.89700996876,1.0,1.0,0.0,0.0,0.0,
94,0,"Creature\HumanFemaleFarmer\HumanFemaleFarmer.mdx",1,1.0,1,1,18.0,12.0,1.0,,0,0,94,0.611100018024,2.03099989891,0.0,-0.529581010342,-0.421662002802,-0.00425599981099,0.243008002639,0.43513199687,1.88364005089,1.0,1.0,0.0,0.0,0.0,
95,0,"Creature\HumanFemaleMerchantFat\HumanFemaleMerchantFat.mdx",1,1.0,1,1,18.0,12.0,1.0,,0,0,95,0.611100018024,2.03099989891,0.0,-0.316276997328,-0.369578003883,-0.00855899974704,0.260953992605,0.463854014874,2.02259993553,1.0,1.0,0.0,0.0,0.0,
96,0,"Creature\HumanFemaleMerchantThin\HumanFemaleMerchantThin.mdx",1,1.0,1,1,18.0,12.0,1.0,,0,0,96,0.555599987507,1.94400000572,0.0,-0.333600014448,-0.369576990604,-0.00855800043792,0.249117001891,0.403831005096,1.87300002575,1.0,1.0,0.0,0.0,0.0,
97,0,"Creature\HumanFemalePeasant\HumanFemalePeasant.mdx",1,1.0,1,1,18.0,12.0,1.0,,0,0,97,0.416700005531,1.9129999876,0.0,-0.300864011049,-0.330076992512,-0.00170799996704,0.333065986633,0.421097010374,1.88943994045,1.0,1.0,0.0,0.0,0.0,
98,0,"Creature\HumanFemaleWarriorHeavy\HumanFemaleWarriorHeavy.mdx",1,1.0,1,1,18.0,12.0,1.0,,0,0,98,0.416700005531,1.9129999876,0.0,-0.281994998455,-0.342848002911,-0.00267100008205,0.246974006295,0.343207001686,1.9133399725,1.0,1.0,0.0,0.0,0.0,
99,0,"Creature\HumanFemaleWarriorLight\HumanFemaleWarriorLight.mdx",1,1.0,1,1,18.0,12.0,1.0,,0,0,99,0.416700005531,1.9129999876,0.0,-0.322468996048,-0.319103986025,-0.00145900005009,0.288641005754,0.329237014055,1.89522004128,1.0,1.0,0.0,0.0,0.0,
100,0,"Creature\HumanFemaleWarriorMedium\HumanFemaleWarriorMedium.mdx",1,1.0,1,1,18.0,12.0,1.0,,0,0,100,0.416700005531,1.9129999876,0.0,-0.271688997746,-0.325399011374,-0.00145900005009,0.243055000901,0.329237014055,1.89523005486,1.0,1.0,0.0,0.0,0.0,
101,0,"Creature\HumanMaleBlacksmith\HumanMaleBlacksmith.mdx",1,1.0,1,1,18.0,12.0,1.0,,0,0,101,0.694400012493,2.05599999428,0.0,-0.360742986202,-0.664335012436,-0.00238099996932,0.438553005457,0.54202902317,2.00753998756,1.0,1.0,0.0,0.0,0.0,
102,0,"Creature\HumanMaleFarmer\HumanMaleFarmer.mdx",1,1.0,1,1,18.0,12.0,1.0,,0,0,102,0.555599987507,2.08299994469,0.0,-0.25537699461,-0.437860995531,-0.000814000028186,0.349882006645,0.434437006712,2.01478004456,1.0,1.0,0.0,0.0,0.0,
103,0,"Creature\HumanMaleNoble\HumanMaleNoble.mdx",1,1.0,1,1,18.0,12.0,1.0,,0,0,103,0.611100018024,2.03099989891,0.871599018574,-0.360743999481,-0.664336025715,-0.00238099996932,0.438556998968,0.553806006908,2.0467300415,1.0,1.0,0.0,0.0,0.0,
104,0,"Creature\HumanMaleWarriorHeavy\HumanMaleWarriorHeavy.mdx",1,1.0,1,1,18.0,12.0,1.0,,0,0,104,0.611100018024,2.03099989891,0.0,-0.316736996174,-0.475834012032,-0.00281800003722,0.402931988239,0.484230995178,2.05717992783,1.0,1.0,0.0,0.0,0.0,
105,0,"Creature\HumanMaleWarriorMedium\HumanMaleWarriorMedium.mdx",1,1.0,1,1,18.0,12.0,1.0,,0,0,105,0.611100018024,2.03099989891,0.0,-0.316736996174,-0.486773014069,-0.00281299999915,0.402931004763,0.513671994209,1.99377000332,1.0,1.0,0.0,0.0,0.0,
106,0,"Creature\HumanMaleWizard\HumanMaleWizard.mdx",1,1.0,1,1,18.0,12.0,1.0,,0,0,106,0.509700000286,2.03099989891,0.0,-0.360742986202,-0.664336979389,-0.00238099996932,0.438495993614,0.542029976845,2.28221011162,1.0,1.0,0.0,0.0,0.0,
107,0,"Creature\HumanMaleWarriorLight\HumanMaleWarriorLight.mdx",1,1.0,1,1,18.0,12.0,1.0,,0,0,107,0.611100018024,2.03099989891,0.0,-0.337103992701,-0.47195199132,-0.00256299995817,0.403315007687,0.484192013741,1.99445998669,1.0,1.0,0.0,0.0,0.0,
108,0,"Creature\HumanMaleCaster\HumanMaleCaster.mdx",1,1.0,1,1,18.0,12.0,1.0,,0,0,108,0.611100018024,2.03099989891,0.0,-0.372525006533,-0.51647400856,-0.000809999997728,0.431894987822,0.51472401619,2.01982998848,1.0,1.0,0.0,0.0,0.0,
109,0,"Creature\HumanFemaleCaster\HumanFemaleCaster.mdx",1,1.0,1,1,18.0,12.0,1.0,,0,0,109,0.416700005531,1.9129999876,0.0,-0.33840200305,-0.366658985615,-0.00156500004232,0.240098997951,0.346870988607,1.96247005463,1.0,1.0,0.0,0.0,0.0,
110,11,"Creature\BoundWaterElemental\UnboundWaterElemental.mdx",1,1.0,2,4,18.0,12.0,1.0,,0,0,110,0.611100018024,2.03099989891,0.0,-1.03524005413,-1.68083000183,0.366207003593,1.04388999939,1.68463003635,3.04342007637,0.34999999404,1.0,0.0,0.0,0.0,
111,0,"Creature\Chicken\Chicken.mdx",0,1.0,1,5,4.0,3.0,1.0,,0,0,111,0.611100018024,2.03099989891,0.26909199357,-0.268983006477,-0.195971995592,-0.00236500008032,0.262755006552,0.186011001468,0.44110301137,1.0,1.0,0.0,0.0,0.0,
112,0,"Creature\OrcMaleWarriorLight\OrcMaleWarriorLight.mdx",1,1.0,1,1,18.0,12.0,1.0,,0,0,112,0.611100018024,2.03099989891,1.23635995388,-0.626689016819,-0.769626021385,-0.000163999997312,0.524902999401,0.730086028576,2.35284996033,1.0,1.0,0.0,0.0,0.0,
113,0,"Creature\OrcMaleMerchantLight\OrcMaleMerchantLight.mdx",1,1.0,1,1,18.0,12.0,1.0,,0,0,113,0.75,2.36100006104,0.0,-0.626689016819,-0.769626021385,-0.000163999997312,0.52490401268,0.730086028576,2.27327990532,1.0,1.0,0.0,0.0,0.0,
114,0,"Creature\Rabbit\Rabbit.mdx",0,1.0,1,7,4.0,3.0,1.0,,0,0,114,0.611100018024,2.03099989891,0.0,-0.477102994919,-0.201774001122,-0.00638499995694,0.2877599895,0.194655001163,0.51107198,1.0,0.5,0.0,0.0,0.0,
115,0,"Creature\DwarfMaleWarriorLight\DwarfMaleWarriorLight.mdx",1,1.0,1,1,18.0,12.0,1.0,,0,0,115,0.694400012493,1.38900005817,0.0,-0.423503994942,-0.614087998867,-0.00697499979287,0.532594025135,0.566559970379,1.55894005299,1.0,1.0,0.0,0.0,0.0,
116,0,"Creature\Troll\TrollJungleCaster.mdx",1,1.0,-1,4,18.0,12.0,1.0,,0,0,116,0.611100018024,2.03099989891,1.41885995865,-1.12208998203,-1.14144003391,-0.0463149994612,0.477133989334,0.770787000656,2.28244996071,1.0,1.0,0.0,0.0,0.0,
117,0,"Creature\Troll\TrollJungleBoss.mdx",1,1.0,-1,4,18.0,12.0,1.0,,0,0,117,0.611100018024,2.03099989891,1.41885995865,-1.12208998203,-1.14144003391,-0.0463149994612,0.756848990917,0.770787000656,2.55316996574,1.0,1.0,0.0,0.0,0.0,
118,0,"Creature\Troll\TrollWhelp.mdx",1,1.0,-1,4,18.0,12.0,1.0,,0,0,118,0.611100018024,2.03099989891,1.41885995865,-1.11047005653,-0.707755982876,-1.29999998535e-005,0.477133989334,0.758648991585,2.26272010803,1.0,1.0,0.0,0.0,0.0,
119,0,"Creature\Troll\TrollMelee.mdx",1,1.0,-1,4,18.0,12.0,1.0,,0,0,119,0.611100018024,2.03099989891,1.41885995865,-1.12266004086,-1.14140999317,-0.0463109984994,0.477133005857,0.770780980587,2.28198003769,1.0,1.0,0.0,0.0,0.0,
120,0,"Creature\Troll\TrollForestBoss.mdx",1,1.0,-1,4,18.0,12.0,1.0,,0,0,120,0.611100018024,2.03099989891,1.41885995865,-1.12208998203,-1.14144003391,-0.0463149994612,0.756847977638,0.770787000656,2.55316996574,1.0,1.0,0.0,0.0,0.0,
121,0,"Creature\Troll\TrollForestCaster.mdx",1,1.0,-1,4,18.0,12.0,1.0,,0,0,121,0.611100018024,2.03099989891,1.41885995865,-1.12208998203,-1.14144003391,-0.0463149994612,0.515448987484,0.770787000656,2.28244996071,1.0,1.0,0.0,0.0,0.0,
122,0,"Creature\GnollCaster\GnollCaster.mdx",1,1.0,1,7,18.0,12.0,1.0,,0,0,122,0.694400012493,2.08299994469,0.0,-0.896779000759,-0.75744497776,0.000415999995312,0.732066988945,0.757452011108,1.85190999508,1.0,1.0,0.0,0.0,0.0,
123,0,"Creature\GnollMelee\GnollMelee.mdx",1,1.0,-1,7,18.0,12.0,1.0,,0,0,123,0.833299994469,1.56400001049,0.0,-0.773347020149,-0.695158004761,0.000414999987697,0.731812000275,0.757685005665,1.75619995594,1.0,1.0,0.0,0.0,0.0,
124,0,"Creature\Deer\Deer.mdx",1,1.0,-1,3,18.0,12.0,1.0,,0,0,124,0.611100018024,2.03099989891,0.0,-0.470836013556,-0.257741987705,-0.0037060000468,1.21201002598,0.258516013622,1.67744004726,1.0,1.0,0.0,0.0,0.0,
125,0,"Creature\HumanMaleMarshal\HumanMaleMarshal.mdx",1,1.0,-1,1,18.0,12.0,1.0,,0,0,125,0.509700000286,2.03099989891,0.0,-0.524196028709,-0.470910012722,-0.00255100009963,0.42838999629,0.517416000366,2.01112008095,1.0,1.0,0.0,0.0,0.0,
126,0,"Creature\HumanMaleGuard\HumanMaleGuard.mdx",1,1.0,-1,1,18.0,12.0,1.0,,0,0,126,0.509700000286,2.03099989891,0.0,-0.524196028709,-0.470910012722,-0.00255100009963,0.42838999629,0.517416000366,2.22749996185,1.0,1.0,0.0,0.0,0.0,
127,0,"Creature\HumanMalePirateCaptain\HumanMalePirateCaptain.mdx",1,1.0,-1,1,18.0,12.0,1.0,,0,0,127,0.611100018024,2.03099989891,1.03618001938,-0.240204006433,-0.497698009014,-0.000429000006989,0.313023000956,0.510515987873,2.05674004555,1.0,1.0,0.0,0.0,0.0,
128,0,"Creature\HumanMalePirateCrewman\HumanMalePirateCrewman.mdx",1,1.0,-1,4,18.0,12.0,1.0,,0,0,128,0.694400012493,2.08299994469,0.0,-0.275745987892,-0.455547988415,-0.00241399998777,0.393029987812,0.460446000099,2.01804995537,1.0,1.0,0.0,0.0,0.0,
129,0,"Creature\HumanMalePirateSwashbuckler\HumanMalePirateSwashbuckler.mdx",1,1.0,-1,1,18.0,12.0,1.0,,0,0,129,0.694400012493,2.08299994469,0.0,-0.259557008743,-0.458092987537,-0.00404699984938,0.370671004057,0.469067007303,2.00073003769,1.0,1.0,0.0,0.0,0.0,
130,0,"Creature\Dreadlord\DreadLord.mdx",2,1.0,3,3,18.0,12.0,1.0,,0,10,130,0.611100018024,2.03099989891,0.0,-2.89867997169,-2.36577010155,-0.182644993067,1.03970003128,2.26030993462,3.4673500061,1.0,1.0,0.0,0.0,0.0,
131,0,"Creature\Gnome\Gnome.mdx",1,1.0,-1,1,18.0,12.0,1.0,,0,0,131,0.694400012493,1.25,0.0,-0.286202996969,-0.445212990046,-0.00150200002827,0.306010991335,0.419611006975,0.929974973202,1.0,1.0,0.0,0.0,0.0,
132,8,"Creature\DeepSeaCrab\DeepSeaCrab.mdx",0,1.0,-1,1,4.0,3.0,1.0,,0,0,132,0.611100018024,2.03099989891,0.0,-0.717806994915,-0.952884972095,-0.0322140008211,1.28323996067,0.952488005161,0.964783012867,1.0,1.0,0.0,0.0,0.0,
133,9,"Creature\threshadon\Threshadon.mdx",1,1.0,3,4,18.0,12.0,1.0,,0,0,133,0.611100018024,2.03099989891,0.0,-4.71576023102,-1.84001994133,-0.706390023232,3.36115002632,1.76301002502,4.61640977859,1.29999995232,0.649999976158,0.0,0.0,0.0,
134,0,"Creature\Squirrel\Squirrel.mdx",0,1.0,1,7,4.0,3.0,1.0,,0,0,134,0.611100018024,2.03099989891,0.0,-0.440530985594,-0.149874001741,-0.0165950004011,0.0765549987555,0.14337900281,0.371318012476,1.0,1.0,0.0,0.0,0.0,
136,16,"Creature\Gorilla\Gorilla.mdx",0,1.0,1,4,18.0,12.0,1.0,,0,0,135,0.611100018024,2.03099989891,0.0,-1.51204001904,-1.2242000103,-0.0804470032454,0.911208987236,1.24284994602,2.2236199379,1.0,1.0,0.0,0.0,0.0,
137,10,"Creature\Crocodile\Crocodile.mdx",0,1.0,-1,5,18.0,12.0,1.0,,0,0,136,0.611100018024,2.03099989891,0.0,-6.25278997421,-3.06925010681,-0.219733998179,3.33172011375,3.16571998596,1.61257994175,1.0,1.0,0.0,0.0,0.0,
139,0,"Creature\Felhound\FelHound.mdx",0,1.0,3,5,16.2000007629,10.8000001907,1.0,,0,0,138,0.694400012493,2.08299994469,0.0,-3.79419994354,-1.65846002102,-0.0887819975615,2.0621099472,0.951092004776,2.76812005043,1.0,1.0,0.0,0.0,0.0,
140,0,"Creature\Sheep\Sheep.mdx",0,1.0,1,3,18.0,12.0,1.0,,0,0,139,0.611100018024,2.03099989891,0.0,-0.786117970943,-0.435434997082,-0.00377699988894,0.808369994164,0.407422989607,1.08561003208,1.0,1.0,0.0,0.0,0.0,
141,0,"Creature\DruidTreeForm\DruidTreeForm.mdx",0,1.0,2,5,18.0,12.0,1.0,,0,0,140,0.611100018024,2.03099989891,0.0,-1.45545995235,-1.31779003143,-0.08035299927,1.37829995155,1.27790999413,3.35115003586,1.0,1.0,0.0,0.0,0.0,
142,19,"Creature\Toad\Toad.mdx",0,1.0,3,5,4.0,3.0,1.0,,0,0,141,0.611100018024,2.03099989891,0.0,-0.270783007145,-0.256931006908,-0.0059299999848,0.258285999298,0.25804400444,0.291956990957,0.40000000596,1.0,0.0,0.0,0.0,
143,0,"Creature\Horse2\Horse2.mdx",1,1.0,-1,6,18.0,12.0,1.0,,0,0,65,0.611100018024,2.03099989891,1.86571002007,-1.24386000633,-0.436628997326,-0.0219720005989,2.00463008881,0.433531999588,2.63090991974,1.0,1.0,0.0,0.0,0.0,
144,3,"Creature\Banshee\Banshee.mdx",0,1.29999995232,-1,4,18.0,12.0,1.0,,0,0,142,0.694400012493,2.08299994469,0.0,-1.51156997681,-1.43108999729,-0.018844999373,0.737711012363,1.43236005306,3.1627099514,1.0,1.0,0.0,0.0,0.0,
145,0,"Creature\Quillboar\QuillBoar.mdx",0,1.0,-1,3,18.0,12.0,1.0,,0,0,143,0.611100018024,2.03099989891,0.0,-0.808580994606,-0.695600986481,-0.010719999671,0.697088003159,0.726393997669,2.10608005524,1.0,1.0,0.0,0.0,0.0,
146,0,"Creature\Wendigo\Wendigo.mdx",0,1.0,1,4,18.0,12.0,1.0,,0,0,144,0.611100018024,2.03099989891,0.0,-1.24216997623,-1.69701004028,-0.0370870009065,1.31371998787,1.6953599453,3.55164003372,1.0,1.0,0.0,0.0,0.0,
147,1,"Creature\Gryphon\Gryphon.mdx",2,1.0,1,-1,18.0,12.0,1.0,,0,0,145,0.611100018024,2.03099989891,1.56762003899,-2.5416200161,-4.04152011871,0.0360229983926,1.93656003475,4.03026008606,5.40369987488,1.0,1.0,0.0,0.0,0.0,
149,0,"Creature\GolemHarvestStage2\GolemHarvestStage2.mdx",0,1.0,-1,1,0.0,0.0,0.0,,0,0,147,0.694400012493,2.08299994469,0.0,-1.0266699791,-1.41559994221,0.000997000024654,0.595842003822,1.42513000965,3.0070400238,1.0,1.0,0.0,0.0,0.0,
150,0,"Creature\TempDeathGuard\DeathGuard.mdx",1,1.0,1,1,18.0,12.0,1.0,,0,0,148,0.694400012493,2.08299994469,0.0,-0.50293302536,-0.566322028637,-0.000468999991426,0.298299998045,0.359834998846,1.85826003551,1.0,1.0,0.0,0.0,0.0,
151,0,"Creature\TempScarletCrusaderLight\ScarletCrusaderLight.mdx",1,1.0,1,1,18.0,12.0,1.0,,0,0,149,0.611100018024,2.03099989891,0.0,-0.290051996708,-0.452571988106,-0.00347199989483,0.402503013611,0.4554489851,1.99515998363,1.0,1.0,0.0,0.0,0.0,
152,0,"Creature\TempScarletCrusaderHeavy\ScarletCrusaderHeavy.mdx",1,1.0,1,1,18.0,12.0,1.0,,0,0,150,0.611100018024,2.03099989891,0.0,-0.558293998241,-0.435081988573,-0.00482399994507,0.429657995701,0.552905976772,2.15744996071,1.0,1.0,0.0,0.0,0.0,
155,0,"Creature\Cow\Cow.mdx",1,1.0,1,-1,18.0,12.0,1.0,,0,0,153,0.611100018024,2.03099989891,0.0,-1.22481000423,-0.5674290061,-0.00780799984932,1.72019994259,0.605747997761,1.82990002632,1.0,1.0,0.0,0.0,0.0,
156,0,"Creature\FleshGolem2\FleshGolem2.mdx",2,1.0,-1,-1,18.0,12.0,1.0,,0,0,154,0.611100018024,2.03099989891,0.0,-2.02451992035,-1.83376002312,-0.155309006572,1.52452003956,1.87897002697,3.39023995399,1.0,1.0,0.0,0.0,0.0,
157,0,"Creature\QuirajBattleguard\BattleGuard.mdx",2,1.0,1,-1,0.0,0.0,0.0,,0,0,155,0.694400012493,2.08299994469,0.0,-2.26144003868,-1.69551002979,0.102807998657,0.719017028809,1.51993000507,4.71500015259,1.0,1.0,0.0,0.0,0.0,
158,0,"Creature\QuirajGladiator\QuirajGladiator.mdx",1,1.0,1,-1,0.0,0.0,0.0,,0,0,156,0.694400012493,2.08299994469,0.0,-0.99676400423,-2.54054999352,-0.221821993589,1.6004999876,1.99557995796,4.6359500885,1.0,1.0,0.0,0.0,0.0,
159,0,"Creature\QuirajProphet\QuirajProphet.mdx",1,1.0,-1,-1,18.0,12.0,1.0,,0,0,157,0.694400012493,2.08299994469,0.0,-2.34032988548,-2.82030010223,-0.118685998023,2.41160011292,2.85449004173,6.63582992554,1.0,1.0,0.0,0.0,0.0,
160,11,"Creature\BoundFireElemental\UnboundFireElemental.mdx",1,1.0,-1,-1,18.0,12.0,1.0,,0,0,158,0.611100018024,2.03099989891,0.0,-0.972662985325,-1.54429996014,0.0814210027456,1.08050000668,1.47422003746,3.44550991058,1.0,1.0,0.0,0.0,0.0,
161,0,"Creature\PrarieDog\PrarieDog.mdx",1,1.0,1,7,4.0,3.0,1.0,,0,0,159,0.277799993753,0.277799993753,0.0,-0.303721994162,-0.101971998811,-0.0141369998455,0.0615650005639,0.107208997011,0.360960990191,1.0,1.0,0.0,0.0,0.0,
162,2,"Creature\VoidWalker\VoidWalker.mdx",1,1.0,2,1,18.0,12.0,1.0,,0,0,162,0.611100018024,2.03099989891,0.0,-0.972662985325,-1.84039998055,0.0814210027456,1.08050000668,1.47422003746,3.44550991058,1.0,1.0,0.0,0.0,0.0,
163,0,"Creature\OrcMaleWarriorHeavy\OrcMaleWarriorHeavy.mdx",1,1.0,1,1,18.0,12.0,1.0,,0,0,163,0.75,2.36100006104,0.0,-0.626689016819,-0.769626021385,-0.000163999997312,0.52490401268,0.730086028576,2.35284996033,1.0,1.0,0.0,0.0,0.0,
164,0,"Creature\Goblin\Goblin.mdx",1,1.0,2,-1,18.0,12.0,1.0,,0,0,164,0.611100018024,2.03099989891,0.0,-0.403986990452,-0.578804016113,-0.00590399978682,0.318468987942,0.5135409832,1.42024004459,1.0,1.0,0.0,0.0,0.0,
165,0,"Creature\Rat\Rat.mdx",1,1.0,1,5,4.0,3.0,1.0,,0,0,165,0.611100018024,2.03099989891,0.0,-0.966399013996,-0.377422988415,-0.00422499980778,0.370739996433,0.404857009649,0.448366999626,1.0,1.0,0.0,0.0,0.0,
167,2,"Creature\Zombie\ZombieArm.mdx",1,1.0,2,1,18.0,12.0,1.0,,0,0,166,0.611100018024,2.03099989891,1.12888002396,-0.44498899579,-0.470687001944,-0.00300400005654,0.435288012028,0.376664996147,1.73372995853,1.0,1.0,0.0,0.0,0.0,
168,2,"Creature\Zombie\Zombie.mdx",1,1.0,2,1,18.0,12.0,1.0,,0,0,167,0.611100018024,2.03099989891,1.12888002396,-0.44498899579,-0.470687001944,-0.00300400005654,0.435288012028,0.425146996975,1.97209000587,1.0,1.0,0.0,0.0,0.0,
170,9,"Creature\snake\snake.mdx",1,1.0,1,1,18.0,12.0,1.0,,0,0,168,0.611100018024,2.03099989891,0.0,-0.781156003475,-0.434276998043,-0.0186180006713,0.988905012608,0.352840006351,0.381588995457,1.0,1.0,0.0,0.0,0.0,
171,3,"Creature\Wolf\WolfGhost.mdx",1,1.0,-1,7,18.0,12.0,1.0,,0,0,169,0.611100018024,2.03099989891,0.0,-2.25615000725,-0.636057972908,-7.7999997302e-005,1.58476996422,0.666565001011,1.70278000832,1.0,1.0,0.0,0.0,0.0,
172,0,"Creature\Lobstrok\Lobstrok.mdx",2,1.0,1,5,0.0,0.0,1.0,,0,0,170,0.611100018024,2.03099989891,0.0,-3.06224989891,-1.88777005672,-0.0229369997978,1.51393997669,1.82541000843,3.48905992508,1.0,1.0,0.0,0.0,0.0,
173,10,"Creature\AncientSeaTurtle\AncientSeaTurtle.mdx",1,1.0,1,7,18.0,12.0,1.0,,0,0,171,0.611100018024,2.03099989891,0.0,-3.34747004509,-1.34511995316,-0.0668149963021,1.21724998951,1.31603002548,2.30216002464,1.0,1.0,0.0,0.0,0.0,
174,2,"Creature\SkeletonMage\SkeletonMage.mdx",1,1.0,-1,1,18.0,12.0,1.0,,0,0,172,0.611100018024,2.03099989891,0.0,-1.55634999275,-0.91501802206,-0.149361997843,0.483895987272,0.609737992287,2.23997998238,1.0,1.0,0.0,0.0,0.0,
175,1,"Creature\FaerieDragon\FaerieDragon.mdx",1,1.0,1,4,18.0,12.0,1.0,,0,0,173,0.694400012493,2.08299994469,0.0,-0.952220022678,-2.31518006325,0.85315901041,1.19344997406,2.24377989769,3.66599988937,1.0,1.0,0.0,0.0,0.0,
176,0,"Creature\Goblin\GoblinShredder.mdx",1,1.0,3,1,18.0,12.0,1.0,,0,0,174,0.611100018024,2.03099989891,0.0,-1.36540997028,-2.96135997772,-0.159389004111,3.53145003319,2.68483996391,4.67189979553,0.5,1.0,0.0,0.0,0.0,
177,3,"Creature\FaerieDragon\FaerieDragon_Ghost.mdx",1,1.0,-1,-1,18.0,12.0,1.0,,0,0,175,0.694400012493,2.08299994469,0.0,-0.952220022678,-2.31518006325,0.85315901041,1.19344997406,2.24377989769,3.66599988937,1.0,1.0,0.0,0.0,0.0,
178,0,"Creature\cockroach\Cockroach.mdx",0,1.0,-1,1,4.0,3.0,0.20000000298,,0,0,176,0.611100018024,2.03099989891,0.0,-0.300567001104,-0.348760008812,-0.0821470022202,0.61294400692,0.479912996292,0.235855996609,1.0,1.0,0.0,0.0,0.0,
180,0,"Creature\bear\Bear.mdx",1,1.0,1,1,18.0,12.0,1.0,,2,12,83,0.611100018024,2.03099989891,1.76146996021,-1.65758001804,-0.925305008888,-0.058708999306,1.68136000633,0.867245972157,1.84332001209,1.0,1.0,0.0,0.0,0.0,
181,3,"Creature\Spells\StasisTotem.mdx",1,1.0,-1,-1,18.0,12.0,1.0,,0,0,177,0.793600022793,2.08299994469,0.0,-1.84081995487,-1.83827996254,-0.202910006046,1.84005999565,1.84259998798,2.88868999481,1.0,1.0,0.0,0.0,0.0,
182,2052,"CHARACTER\GNOME\MALE\GNOMEMALENPC.M2",1,1.0,1,1,12.0,10.0,1.0,,0,0,294,0.694400012493,1.05599999428,0.410098999739,-0.456634998322,-0.39098200202,-0.00359799992293,0.315270006657,0.40138399601,1.30228996277,1.0,1.0,0.0,0.0,0.0,
183,2052,"CHARACTER\GNOME\FEMALE\GNOMEFEMALENPC.M2",1,1.0,1,1,12.0,10.0,1.0,,0,0,295,0.694400012493,1.05599999428,0.385455995798,-0.437712997198,-0.31755399704,-0.00610300013795,0.177019998431,0.314671009779,1.14935004711,1.0,1.0,0.0,0.0,0.0,
185,2052,"CHARACTER\TROLL\MALE\TROLLMALENPC.M2",1,1.0,1,1,12.0,10.0,1.0,,0,0,296,0.611100018024,2.03099989891,1.50425004959,-0.958702981472,-0.666761994362,0.00614400021732,0.90244102478,0.732731997967,2.63228988647,1.0,1.0,0.0,0.0,0.0,
186,2052,"CHARACTER\TROLL\FEMALE\TROLLFEMALENPC.M2",1,1.0,1,1,12.0,10.0,1.0,,0,0,297,0.612999975681,2.42700004578,1.25,-0.719771027565,-0.572893977165,0.000944000028539,0.283596009016,0.439305990934,2.67497992516,1.0,1.0,0.0,0.0,0.0,
187,8,"Creature\AncientOfLore\AncientofLore.mdx",4,1.0,-1,1,18.0,12.0,1.0,,2,11,178,0.694400012493,2.08299994469,0.0,-2.73090004921,-3.88950991631,-0.105810001493,3.59995007515,3.88608002663,9.04942989349,1.0,1.0,0.0,0.0,0.0,
188,0,"Creature\AncientOfWar\AncientofWar.mdx",4,1.0,3,5,180.0,120.0,10.0,,2,11,179,0.611100018024,2.03099989891,0.0,-2.73428010941,-3.70707988739,-0.140285000205,4.59930992126,3.66862988472,9.40554046631,1.0,1.0,0.0,0.0,0.0,
190,3,"Creature\Spells\Serpent_Totem.mdx",1,1.0,-1,-1,18.0,12.0,1.0,,0,0,180,0.793600022793,2.87599992752,0.0,-1.94801998138,-1.9016699791,-0.202910006046,1.97326004505,2.01959991455,3.29023003578,1.0,1.0,0.0,0.0,0.0,
191,0,"Creature\ThunderLizard\ThunderLizard.mdx",2,1.0,1,7,18.0,12.0,1.0,,0,0,181,0.694400012493,2.08299994469,0.0,-8.75535964966,-3.72862005234,-0.0208390001208,3.66829991341,3.23186993599,6.06404018402,1.0,1.0,0.0,0.0,0.0,
192,0,"Creature\Hyena\Hyena.mdx",1,1.0,1,7,18.0,12.0,1.0,,0,0,182,0.611100018024,2.03099989891,0.0,-1.59186005592,-0.571739971638,0.000812000012957,1.5832400322,0.60269099474,1.83034002781,1.0,1.0,0.0,0.0,0.0,
193,9,"Creature\ToothedShark\ToothedShark.mdx",1,1.0,1,-1,18.0,12.0,1.0,,0,0,183,0.611100018024,2.03099989891,0.0,-3.28991007805,-3.37917995453,-0.10290300101,3.01703000069,3.55042004585,2.65887999535,1.0,1.0,0.0,0.0,0.0,
194,0,"Creature\Stag\Stag.mdx",1,1.0,1,6,18.0,12.0,1.0,,0,0,184,0.694400012493,2.08299994469,1.86572003365,-1.14216995239,-1.00495994091,-0.00608000019565,2.79676008224,0.875445008278,3.3749101162,1.0,1.0,0.0,0.0,0.0,
195,0,"Creature\MountedKnight\MountedKnight.mdx",1,1.0,1,6,18.0,12.0,1.0,,0,10,185,0.611100018024,2.03099989891,1.07850003242,-1.39874994755,-0.657680988312,-0.00169699999969,1.97541999817,0.618669986725,3.31388998032,1.0,1.0,0.0,0.0,0.0,
197,0,"Creature\Gazelle\Gazelle.mdx",1,1.0,1,3,18.0,12.0,1.0,,0,0,186,0.611100018024,2.03099989891,0.0,-0.629177987576,-0.282113999128,-0.00302099995315,1.69635999203,0.296537995338,3.27812004089,1.0,1.0,0.0,0.0,0.0,
198,0,"Creature\giraffe\Giraffe.mdx",1,1.0,1,3,0.0,0.0,0.0,,0,0,187,0.611100018024,2.03099989891,0.0,-1.33244001865,-0.583711028099,-0.00182999996468,2.51065993309,0.579676985741,6.11019992828,1.0,1.0,0.0,0.0,0.0,
199,3,"Creature\SPELLS\MonsterLure_02.mdx",1,1.0,-1,-1,18.0,12.0,1.0,,0,0,188,0.2799000144,1.10000002384,0.0,-0.144384995103,-0.913779973984,-0.000278999999864,0.136493995786,0.487549990416,1.30543005466,1.0,1.0,0.0,0.0,0.0,
201,0,"Creature\FelBat\FelBat.mdx",1,1.0,1,-1,18.0,12.0,1.0,,0,0,189,0.611100018024,2.03099989891,1.19388997555,-2.19561004639,-5.2247800827,1.38042998314,3.15698003769,5.23936986923,7.34411001205,1.0,1.0,0.0,0.0,0.0,
202,3,"Creature\Spells\HealingTotem.mdx",1,1.0,-1,-1,18.0,12.0,1.0,,0,0,190,0.793600022793,2.08299994469,0.0,-1.1872600317,-1.14091002941,-0.202910006046,1.21249997616,1.25883996487,2.31520009041,1.0,1.0,0.0,0.0,0.0,
203,0,"Creature\Dragon\NorthrendDragon.mdx",4,0.899999976158,1,5,30.0,20.0,3.0,,2,12,191,0.611100018024,2.03099989891,8.13903045654,-20.1396007538,-9.65993022919,-0.580814003944,9.74291992188,9.59130954742,14.0896997452,1.0,1.0,0.0,0.0,0.0,
204,2,"Creature\TitanMale\TitanMale_Ghost.mdx",1,1.0,-1,4,18.0,12.0,1.0,,0,0,192,0.611100018024,2.03099989891,4.30996990204,-1.81633996964,-3.11453008652,-0.00374100008048,1.74816000462,2.62203001976,7.39197015762,1.0,1.0,0.0,0.0,0.0,
205,0,"Creature\MountainGiant\MountainGiant.mdx",3,1.0,3,1,18.0,12.0,1.0,,2,11,193,0.694400012493,2.08299994469,0.0,-2.29472994804,-4.14750003815,-0.0213380008936,2.47421002388,4.00757980347,7.67899990082,1.0,0.75,0.0,0.0,0.0,
206,0,"Creature\SeaGiant\SeaGiant.mdx",1,1.0,1,4,18.0,12.0,1.0,,2,12,35,0.694400012493,2.08299994469,0.0,-2.41280007362,-4.20370006561,-0.0365259982646,1.68833994865,4.42333984375,7.88415002823,1.0,1.0,0.0,0.0,0.0,
207,19,"Creature\Wisp\Wisp.mdx",1,1.0,-1,-1,18.0,12.0,1.0,,0,0,194,0.611100018024,2.03099989891,0.0,-1.13152003288,-1.49072003365,0.168879002333,1.86382997036,1.50463998318,3.36157989502,1.0,1.0,0.0,0.0,0.0,
209,1,"Creature\Hippogryph\Hippogryph.mdx",1,1.0,1,-1,18.0,12.0,1.0,,0,0,90,0.611100018024,2.03099989891,1.65658998489,-2.87718009949,-3.7436299324,0.0396450012922,2.17758011818,3.76338005066,5.15644979477,1.0,1.0,0.0,0.0,0.0,
210,0,"Creature\Lion\Lion.mdx",1,1.0,1,7,18.0,12.0,1.0,,0,0,196,0.611100018024,2.03099989891,1.24136996269,-2.61542010307,-0.779156982899,-0.098847001791,1.02795994282,0.552040994167,1.43851995468,1.0,1.0,0.0,0.0,0.0,
212,0,"Creature\Unicorn\Unicorn.mdx",1,1.0,1,6,18.0,12.0,1.0,,0,0,197,0.944400012493,2.77800011635,0.0,-1.35447001457,-0.468764007092,-0.00134299998172,2.44769001007,0.418130010366,2.70785999298,1.0,1.0,0.0,0.0,0.0,
213,16,"Creature\DruidBear\DruidBear.mdx",1,1.0,1,7,18.0,12.0,1.0,,0,0,3022,0.611100018024,2.03099989891,0.0,-1.53190004826,-1.07002997398,-0.0720430016518,1.67847001553,1.0412299633,1.85940003395,1.0,1.0,0.0,0.0,0.0,
214,16,"Creature\DruidBear\DruidBearTauren.mdx",1,1.0,1,7,18.0,12.0,1.0,,0,0,3022,0.611100018024,2.03099989891,0.0,-1.53190004826,-0.9212859869,-0.0720430016518,1.77529001236,0.85995900631,1.85940003395,1.0,1.0,0.0,0.0,0.0,
215,0,"Creature\Nightmare\Nightmare.mdx",1,1.0,3,6,18.0,12.0,1.0,,0,10,65,0.611100018024,2.03099989891,1.86572003365,-1.63552999496,-0.450451999903,-0.0346210002899,1.93937003613,0.401508003473,2.64072990417,1.0,1.0,0.0,0.0,0.0,
216,0,"Creature\Horse2Mount\Horse2Mount.mdx",1,1.0,1,6,18.0,12.0,1.0,,0,0,65,0.611100018024,2.03099989891,1.86572003365,-1.24387001991,-0.436480998993,-0.0215470008552,2.00463008881,0.433531999588,2.63090991974,1.0,1.0,0.0,0.0,0.0,
217,0,"Creature\DireWolf\RidingDireWolf.mdx",1,1.0,1,7,24.0,18.0,1.0,,0,0,73,0.611100018024,2.03099989891,1.3991099596,-2.30695009232,-0.575971007347,-0.0239819996059,1.58847999573,0.546913027763,1.87898004055,1.0,1.0,0.0,0.0,0.0,
218,1,"Creature\Scorpion\Scorpion.mdx",1,1.0,2,5,0.0,0.0,0.0,,0,0,198,0.611100018024,2.03099989891,0.0,-1.21326005459,-1.03436994553,-0.000314000004437,1.70068001747,1.07875001431,1.60283994675,1.0,1.0,0.0,0.0,0.0,
219,3,"Creature\Spells\ManaTotem.mdx",1,1.0,-1,-1,18.0,12.0,1.0,,0,0,199,0.793600022793,2.08299994469,0.0,-1.4272300005,-1.38089001179,-0.202910006046,1.45246994495,1.49881994724,2.31520009041,1.0,1.0,0.0,0.0,0.0,
220,3,"Creature\SPELLS\SentryTotem.mdx",1,1.0,-1,-1,18.0,12.0,1.0,,0,0,200,0.793600022793,1.73899996281,0.0,-1.15850996971,-1.11215996742,-0.202910006046,1.18375003338,1.23010003567,2.33732008934,1.0,1.0,0.0,0.0,0.0,
221,3,"Creature\Spells\InvisibilityTotem.mdx",1,1.0,-1,-1,18.0,12.0,1.0,,0,0,201,0.793600022793,2.08299994469,0.0,-1.09495997429,-1.048609972,-0.202910006046,1.12020003796,1.16655004025,2.7648499012,1.0,1.0,0.0,0.0,0.0,
222,3,"Creature\Spells\EyeOfKilrog.mdx",0,1.0,2,-1,18.0,12.0,1.0,,0,0,194,0.694400012493,1.38900005817,0.0,-0.247249007225,-0.263774007559,0.59361499548,0.289977997541,0.284274995327,1.17911994457,1.0,1.0,0.0,0.0,0.0,
223,0,"Creature\SeaLion\SeaLion.mdx",1,1.0,1,-1,18.0,12.0,1.0,,0,0,202,0.611100018024,2.03099989891,0.0,-1.85821998119,-2.15438008308,0.193526998162,2.26508998871,1.70103001595,2.88464999199,1.0,1.0,0.0,0.0,0.0,
224,1,"Creature\SeaLion\SeaLion.mdx",1,1.0,1,-1,18.0,12.0,1.0,,0,0,202,0.611100018024,2.03099989891,0.0,-1.85821998119,-2.15438008308,0.193526998162,2.26508998871,1.70103001595,2.88464999199,1.0,1.0,0.0,0.0,0.0,
225,0,"Creature\DruidOwlbear\DruidOwlBear2.mdx",1,1.5,1,5,18.0,12.0,1.0,,0,0,204,0.611100018024,2.03099989891,0.0,-0.9863910079,-2.0416200161,-0.0114029999822,1.24564003944,2.07471990585,4.23059988022,1.0,1.0,0.0,0.0,0.0,
227,11,"Creature\Orca\Orca.mdx",1,1.0,1,4,18.0,12.0,1.0,,0,0,205,0.611100018024,2.03099989891,0.0,-2.48695993423,-1.32447004318,-0.922793984413,2.04967999458,1.36974000931,1.83983004093,1.0,1.0,0.0,0.0,0.0,
229,0,"Creature\Ram\Ram.mdx",1,1.0,1,3,18.0,12.0,1.0,,0,0,206,0.694400012493,2.08299994469,0.0,-1.4454100132,-0.959342002869,-0.0102129997686,2.09928011894,0.840242981911,2.59243011475,1.0,1.0,0.0,0.0,0.0,
230,1,"Creature\Shark\HammerHead.mdx",1,1.0,1,4,18.0,12.0,1.0,,0,0,207,0.611100018024,2.03099989891,0.0,-3.52564001083,-3.60770010948,-0.110477000475,3.23047995567,3.67695999146,2.25577998161,1.0,1.0,0.0,0.0,0.0,
250,1,"Creature\CryptFiend\CryptFiend.mdx",1,1.0,3,1,18.0,12.0,1.0,,0,0,227,0.611100018024,2.03099989891,0.0,-2.76432991028,-2.43810009956,-0.186011999846,2.05413007736,2.43753004074,3.5035200119,1.0,1.0,0.0,0.0,0.0,
270,3,"Creature\Object\WoodenDummy.mdx",1,1.0,-1,-1,18.0,12.0,1.0,,0,0,247,0.458299994469,2.08800005913,0.0,-0.340133994818,-0.920323014259,-0.163394004107,0.246303007007,1.01198995113,2.51605010033,1.0,1.0,0.0,0.0,0.0,
271,3,"Creature\Object\ArcheryTarget.mdx",1,1.0,3,4,18.0,12.0,1.0,,0,0,248,2.75699996948,4.67700004578,0.0,-2.08383989334,-1.21641004086,-0.132553994656,0.754068017006,1.29594004154,4.58327007294,2.0,2.0,0.0,0.0,0.0,
290,3,"Creature\Object\Cannon.mdx",1,1.0,-1,4,18.0,12.0,1.0,,0,0,267,0.694400012493,2.08299994469,0.0,-3.73106002808,-2.88736009598,-0.0329760015011,3.90553998947,2.88736009598,4.42681980133,1.0,1.0,0.0,0.0,0.0,
310,0,"Creature\HighElf\HighElfFemale_Mage.mdx",1,1.0,1,1,18.0,12.0,1.0,,0,0,287,0.0,0.0,1.33474004269,-0.317467004061,-0.36594799161,0.00111700000707,0.310580998659,0.440212994814,2.32820010185,1.0,1.0,0.0,0.0,0.0,
311,0,"Creature\HighElf\HighElfFemale_Hunter.mdx",1,1.0,1,1,18.0,12.0,1.0,,0,0,288,0.0,0.0,1.33474004269,-0.253885000944,-0.343080997467,0.00111700000707,0.310580998659,0.420011013746,2.32820010185,1.0,1.0,0.0,0.0,0.0,
312,0,"Creature\HighElf\HighElfFemale_Priest.mdx",1,1.0,1,1,18.0,12.0,1.0,,0,0,289,0.0,0.0,1.33474004269,-0.317467004061,-0.34207201004,0.00111700000707,0.310580998659,0.420011013746,2.32820010185,1.0,1.0,0.0,0.0,0.0,
313,0,"Creature\HighElf\HighElfFemale_Warrior.mdx",1,1.0,1,1,18.0,12.0,1.0,,0,0,290,0.0,0.0,1.33474004269,-0.363323003054,-0.406066000462,0.00111700000707,0.336255997419,0.474038988352,2.32820010185,1.0,1.0,0.0,0.0,0.0,
314,0,"Creature\HighElf\HighElfMale_Mage.mdx",1,1.0,1,1,18.0,12.0,1.0,,0,0,291,0.0,0.0,1.34133994579,-0.389115989208,-0.508516013622,-0.000255999999354,0.241633996367,0.504159986973,2.29430007935,1.0,1.0,0.0,0.0,0.0,
315,0,"Creature\HighElf\HighElfMale_Hunter.mdx",1,1.0,1,1,18.0,12.0,1.0,,0,0,292,0.611100018024,2.03099989891,0.0,-0.341632992029,-0.492767006159,-0.000254999991739,0.241633996367,0.488247990608,2.29430007935,1.0,1.0,0.0,0.0,0.0,
316,0,"Creature\HighElf\HighElfMale_Priest.mdx",1,1.0,1,1,18.0,12.0,1.0,,0,0,289,0.0,0.0,1.34133994579,-0.389115989208,-0.508516013622,-0.000255999999354,0.241633996367,0.504159986973,2.29430007935,1.0,1.0,0.0,0.0,0.0,
317,0,"Creature\HighElf\HighElfMale_Warrior.mdx",1,1.0,1,1,18.0,12.0,1.0,,0,0,293,0.0,0.0,1.34133994579,-0.38196799159,-0.509579002857,-0.000255999999354,0.251899987459,0.505562007427,2.29430007935,1.0,1.0,0.0,0.0,0.0,
331,1,"Creature\FelBat\BatTaxi.mdx",1,1.0,1,-1,18.0,12.0,1.0,,0,0,308,0.611100018024,2.03099989891,1.19388997555,-2.26979994774,-5.22596979141,0.796045005322,3.38252997398,5.23019981384,6.7708902359,1.0,1.0,0.0,0.0,0.0,
332,1,"Creature\NagaMale\NagaMale.mdx",1,1.0,1,1,1.0,1.0,1.0,,0,0,309,0.611100018024,2.03099989891,0.0,-1.70770001411,-1.10392999649,-0.0299849994481,0.744449973106,1.11405003071,2.82600998878,1.0,1.0,0.0,0.0,0.0,
351,0,"Creature\Chimera\Chimera.mdx",1,1.0,1,-1,18.0,12.0,1.0,,0,0,328,0.611100018024,2.03099989891,0.0,-4.835460186,-6.57157993317,0.3572050035,3.52449011803,6.40087985992,4.85956001282,1.0,1.0,0.0,0.0,0.0,
352,0,"Creature\Serpent\Serpent.mdx",1,1.0,1,1,1.0,1.0,1.0,,0,0,329,0.611100018024,2.03099989891,0.0,-4.04094982147,-1.54771995544,-0.0293409992009,1.42651998997,1.52126002312,3.44741010666,1.0,1.0,0.0,0.0,0.0,
371,0,"Creature\Imp\Imp.mdx",0,1.0,1,3,18.0,12.0,1.0,,0,0,348,0.611100018024,2.03099989891,0.0,-1.46379005909,-0.768818020821,-0.00277799996547,0.69710201025,0.748070001602,1.86170995235,1.0,1.0,0.0,0.0,0.0,
372,0,"Creature\Quillboar\QuillBoarWarrior.mdx",1,1.0,1,6,18.0,12.0,1.0,,0,0,143,0.694400012493,2.08299994469,0.0,-1.57981002331,-0.714367985725,-0.010719999671,0.723102986813,0.726061999798,2.54225993156,1.0,1.0,0.0,0.0,0.0,
373,1,"Creature\Owl\Owl.mdx",1,1.0,1,1,18.0,12.0,1.0,,0,0,350,0.611100018024,2.03099989891,0.0,-2.59106993675,-2.02892994881,0.462020009756,1.54738998413,2.20409011841,6.26182985306,1.0,1.0,0.0,0.0,0.0,
374,3,"Creature\Spells\WaterElementalTotem.mdx",1,1.0,-1,-1,18.0,12.0,1.0,,0,0,351,0.519299983978,1.31500005722,0.0,-1.14478003979,-1.09660005569,-0.575260996819,1.1654599905,1.21363997459,1.46582996845,1.0,1.0,0.0,0.0,0.0,
375,3,"Creature\Spells\EarthElementalTotem.mdx",1,1.0,-1,-1,18.0,12.0,1.0,,0,0,352,0.519299983978,1.31500005722,0.0,-0.897001028061,-0.852837026119,-0.421537011862,0.922088980675,0.966252028942,1.46582996845,1.0,1.0,0.0,0.0,0.0,
376,3,"Creature\Spells\FireElementalTotem.mdx",1,1.0,-1,-1,18.0,12.0,1.0,,0,0,353,0.52009999752,1.31500005722,0.0,-0.897001028061,-0.852837026119,-0.421537011862,0.922088980675,0.966252028942,1.46582996845,1.0,1.0,0.0,0.0,0.0,
377,3,"Creature\SPELLS\AirElementalTotem.mdx",1,1.0,-1,-1,18.0,12.0,1.0,,0,0,2508,0.519299983978,1.31500005722,0.0,-0.897001028061,-0.852837026119,-0.421537011862,0.922088980675,0.966252028942,1.46582996845,1.0,1.0,0.0,0.0,0.0,
391,3,"Creature\Shade\Shade.mdx",1,1.0,3,-1,18.0,12.0,1.0,,0,0,368,0.611100018024,2.03099989891,0.0,-0.662020027637,-0.906147003174,0.46498298645,0.829429984093,1.05722999573,2.90614008904,1.0,1.0,0.0,0.0,0.0,
392,0,"Creature\Quillboar\QuillBoarCaster.mdx",1,1.0,1,6,18.0,12.0,1.0,,0,0,143,0.694400012493,2.08299994469,0.0,-0.856065988541,-0.784678995609,-0.0107209999114,0.632179021835,0.795656979084,2.41029000282,1.0,1.0,0.0,0.0,0.0,
393,3,"Creature\Spells\FireLightTotem.mdx",1,1.0,-1,-1,18.0,12.0,1.0,,0,0,370,0.52009999752,1.31500005722,0.0,-0.897001028061,-0.852837026119,-0.237642005086,0.922088980675,0.966252028942,1.46582996845,1.0,1.0,0.0,0.0,0.0,
411,9,"Creature\FelBat\FelBat.mdx",1,1.0,2,-1,18.0,12.0,1.0,,0,0,189,0.611100018024,2.03099989891,1.19388997555,-2.19561004639,-5.2247800827,1.38042998314,3.15698003769,5.23936986923,7.34411001205,1.0,1.0,0.0,0.0,0.0,
452,1,"Creature\Fish\Fish.mdx",1,1.0,1,-1,18.0,12.0,1.0,,0,0,389,0.611100018024,2.03099989891,0.0,-3.93912005424,-1.92395997047,1.86689996719,2.07435011864,1.30561995506,2.5158200264,1.0,1.0,0.0,0.0,0.0,
453,1,"Creature\StormCrow\StormCrow.mdx",1,1.0,1,-1,0.0,0.0,0.0,,0,0,390,0.611100018024,2.03099989891,0.0,-1.49665999413,-2.02870988846,0.748589992523,1.73989999294,2.20378994942,6.26117992401,1.0,1.0,0.0,0.0,0.0,
454,0,"Creature\TRex\trex.mdx",2,1.0,3,5,12.0,18.0,1.0,,0,0,391,0.611100018024,2.03099989891,0.0,-9.46500968933,-2.39668011665,-0.108701996505,4.20999002457,2.30749988556,6.90416002274,1.0,1.0,0.0,0.0,0.0,
455,2,"Creature\Zombie\ZombieSword.mdx",1,1.0,2,4,12.0,18.0,1.0,,0,0,392,0.694400012493,2.08299994469,0.0,-0.522409975529,-0.470687001944,-0.00300400005654,0.435288012028,0.423637002707,1.87103998661,1.0,1.0,0.0,0.0,0.0,
456,10,"Creature\Anubisath\Anubisath.mdx",1,1.0,3,1,18.0,12.0,1.0,,2,12,40,0.694400012493,2.08299994469,0.0,-1.63882994652,-3.09451007843,-0.00374100008048,1.98873996735,2.62203001976,7.79566001892,1.0,1.0,0.0,0.0,0.0,
457,0,"Creature\FrostSabre\RidingFrostSabre.mdx",1,1.0,1,7,24.0,18.0,1.0,,0,0,196,0.611100018024,2.03099989891,1.24136996269,-2.43267011642,-0.656587004662,-0.0367310009897,1.08469998837,0.522985994816,1.37462997437,1.0,1.0,0.0,0.0,0.0,
458,0,"Creature\RidingRaptor\RidingRaptor.mdx",1,1.0,1,5,24.0,18.0,1.0,,0,0,34,0.611100018024,2.03099989891,2.52061009407,-4.32770013809,-1.11463999748,-0.0638239979744,2.13475990295,2.09821009636,3.37281990051,1.0,1.0,0.0,0.0,0.0,
459,0,"Creature\Tallstrider\TallStrider.mdx",1,1.0,1,3,24.0,18.0,1.0,,0,0,38,0.611100018024,2.03099989891,2.4126200676,-1.67162001133,-0.776143014431,-0.0316639989614,1.22160995007,0.885708987713,3.32278990746,1.0,1.0,0.0,0.0,0.0,
471,0,"Creature\Centaur\CentaurKhan.mdx",1,1.0,1,6,18.0,12.0,1.0,,0,0,3,0.694400012493,2.08299994469,0.0,-1.42474997044,-0.632918000221,-0.00017200000002,0.923704981804,0.632026016712,2.61484003067,1.0,1.0,0.0,0.0,0.0,
491,2,"Creature\UndeadHorse\RidingUndeadHorse.mdx",1,1.0,3,6,18.0,12.0,1.0,,0,10,428,0.611100018024,2.03099989891,1.98493003845,-1.63554000854,-0.462954998016,-0.0340970009565,1.85629999638,0.462888985872,2.57979989052,1.0,1.0,0.0,0.0,0.0,
492,0,"Creature\Centaur\CentaurCaster.mdx",1,1.0,1,6,18.0,12.0,1.0,,0,0,429,0.694400012493,2.08299994469,0.0,-1.45706999302,-0.745666980743,-0.00472000008449,0.932471990585,0.662531971931,2.82479000092,1.0,1.0,0.0,0.0,0.0,
511,0,"Creature\Centaur\CentaurWarrior.mdx",1,1.0,1,6,18.0,12.0,1.0,,0,0,3,0.694400012493,2.08299994469,0.0,-1.45706999302,-0.548783004284,-0.00472000008449,0.932471990585,0.528955996037,2.68694996834,1.0,1.0,0.0,0.0,0.0,
512,3,"Creature\Fish\fish4.mdx",1,1.0,-1,-1,18.0,12.0,1.0,,0,0,389,0.611100018024,2.03099989891,0.0,-3.93912005424,-1.92395997047,1.86689996719,2.07435011864,1.30561995506,2.5158200264,1.0,1.0,0.0,0.0,0.0,
531,1,"Creature\NagaFemale\Siren.mdx",1,1.0,-1,-1,18.0,12.0,1.0,,0,0,468,0.611100018024,2.03099989891,0.0,-1.80627000332,-0.73834002018,-0.020101999864,0.556626021862,0.747099995613,2.83435988426,1.0,1.0,0.0,0.0,0.0,
551,0,"Creature\FelGuard\FelGuard.mdx",1,1.0,3,1,22.0,16.0,1.0,,0,10,488,0.611100018024,2.03099989891,0.0,-0.775395989418,-1.05762994289,-0.00795899983495,1.12381994724,0.904919028282,3.64690995216,1.0,1.0,0.0,0.0,0.0,
552,2,"Creature\UndeadHorse\UndeadHorse.mdx",1,1.0,3,6,12.0,18.0,1.0,,0,0,428,0.611100018024,2.03099989891,1.86572003365,-1.63554000854,-0.462954998016,-0.0340970009565,1.85629999638,0.462888985872,2.57979989052,1.0,1.0,0.0,0.0,0.0,
571,9,"Creature\Drake2\Drake2.mdx",2,1.0,1,1,18.0,12.0,1.0,,0,10,508,0.611100018024,2.03099989891,2.60072994232,-6.4514799118,-10.2115001678,-0.551222026348,2.7495200634,10.2109003067,11.5125999451,1.0,1.0,0.0,0.0,0.0,
591,3,"Creature\BoundAirElemental\UnboundAirElemental.mdx",1,1.0,3,4,18.0,12.0,1.0,,0,0,528,0.694400012493,2.08299994469,0.0,-1.34089004993,-1.54436004162,0.414725989103,1.10739994049,1.50098001957,3.36875009537,1.0,1.0,0.0,0.0,0.0,
611,1,"Creature\Parrot\Parrot.mdx",0,1.0,-1,4,18.0,12.0,1.0,,0,0,548,0.611100018024,2.03099989891,0.0,-1.47070002556,-2.07570004463,0.764416992664,1.62855994701,2.24973011017,6.22882986069,1.0,1.0,0.0,0.0,0.0,
631,16,"Creature\Cat\Cat.mdx",0,1.0,1,7,4.0,3.0,1.0,,0,0,568,0.416700005531,0.555599987507,0.0,-1.25601005554,-0.279825001955,-0.000142999997479,0.525363028049,0.270765990019,0.685835003853,1.0,1.0,0.0,0.0,0.0,
651,1,"Creature\Parrot\Parrot.mdx",0,1.0,1,-1,18.0,12.0,1.0,,0,0,548,0.611100018024,2.03099989891,0.0,-1.47070002556,-2.07570004463,0.764416992664,1.62855994701,2.24973011017,6.22882986069,1.0,1.0,0.0,0.0,0.0,
671,3,"Creature\GnomeSpidertank\GnomeSpiderTank.mdx",2,1.0,3,-1,1.0,1.0,1.0,,0,10,588,0.611100018024,2.03099989891,0.0,-1.59226000309,-1.47701001167,0.0174679998308,1.01080000401,1.47576999664,2.65247011185,1.0,1.0,0.0,0.0,0.0,
692,2,"Creature\StoneKeeper\StoneKeeper.mdx",3,1.0,3,1,130.0,70.0,1.0,,1,12,608,0.611100018024,2.03099989891,3.48773002625,-1.85885000229,-3.07568001747,-0.0130209997296,1.72052001953,2.68238997459,7.41177988052,1.0,1.0,0.0,0.0,0.0,
711,0,"Creature\Kodobeast\KodoBeastTame.mdx",3,1.0,1,1,18.0,12.0,1.0,,1,10,27,0.694400012493,2.08299994469,0.0,-7.28207015991,-2.67148995399,-0.0208390001208,3.34308004379,2.36649990082,4.53202009201,1.0,1.0,0.0,0.0,0.0,
712,3,"Creature\Spells\LandMine01.mdx",0,1.0,-1,1,18.0,12.0,1.0,,0,0,629,0.884000003338,0.330900013447,0.0,-0.441978991032,-0.441978991032,0.0,0.441978991032,0.441978991032,0.859121024609,1.0,1.0,0.0,0.0,0.0,
731,0,"Creature\MountedDeathKnight\MountedDeathKnight.mdx",1,1.0,-1,6,18.0,12.0,1.0,,0,0,648,0.611100018024,2.03099989891,1.07850003242,-1.88607001305,-0.934682011604,-0.00363399996422,1.92975997925,0.935913980007,3.11111998558,1.0,1.0,0.0,0.0,0.0,
751,2,"Creature\MechaStrider\MechaStrider.mdx",1,1.0,-1,5,18.0,12.0,1.0,,0,0,688,0.611100018024,2.03099989891,1625.0,-1.33721995354,-0.666827976704,-0.0156169999391,0.972041010857,0.629963994026,2.25062990189,1.0,1.0,0.0,0.0,0.0,
771,2,"Creature\GNOMESPIDERTANK\GnomeBot.mdx",2,1.0,3,1,32.0,24.0,1.0,,0,10,708,0.611100018024,2.03099989891,0.0,-1.55290997028,-1.69491004944,-0.191526994109,0.847890019417,1.62439000607,3.18541002274,0.850000023842,1.0,0.0,0.0,0.0,
791,1,"Creature\Wyvern2\Wyvern2.mdx",2,1.0,1,-1,18.0,12.0,1.0,,0,0,85,0.611100018024,2.03099989891,1.19388997555,-3.20152997971,-5.22185993195,0.423987001181,3.13663005829,5.23434019089,6.74156999588,1.0,1.0,0.0,0.0,0.0,
792,1,"Creature\Gryphon\Gryphon.mdx",2,1.0,1,-1,18.0,12.0,1.0,,0,0,145,0.611100018024,2.03099989891,1.56762003899,-2.5416200161,-4.04152011871,0.0360229983926,1.93656003475,4.03026008606,5.40369987488,1.0,1.0,0.0,0.0,0.0,
811,2,"Creature\GnomeSpidertank\GnomeAlertBot.mdx",0,1.0,-1,-1,18.0,12.0,1.0,,0,0,728,0.611100018024,2.03099989891,0.0,-3.12034010887,-2.74266004562,-0.316549986601,2.4738099575,2.85448002815,5.27758979797,1.0,1.0,0.0,0.0,0.0,
831,4,"Character\Goblin\Male\GoblinMale.mdx",1,1.0,1,1,12.0,10.0,1.0,,0,0,1128,0.555599987507,1.38900005817,0.460123002529,-0.452913999557,-0.579069972038,-0.0106370002031,0.470234006643,0.530076026917,1.39891004562,1.0,1.0,0.0,0.0,0.0,
832,4,"Character\Goblin\Female\GoblinFemale.mdx",1,1.0,1,1,12.0,10.0,1.0,,0,0,294,0.555599987507,1.38900005817,0.460123002529,-0.476561009884,-0.547329008579,-0.010053999722,0.466181993484,0.513473987579,1.35961997509,1.0,1.0,0.0,0.0,0.0,
851,0,"Creature\GnomeSpidertank\GnomeBomBot.mdx",0,1.0,-1,1,18.0,12.0,1.0,,0,0,748,0.611100018024,2.03099989891,0.0,-1.69456994534,-1.20053005219,-7.20000025467e-005,1.08256995678,1.22170996666,3.90997004509,1.0,1.0,0.0,0.0,0.0,
852,0,"Creature\MechaStrider\GnomeMechaStrider.mdx",1,1.0,-1,5,18.0,12.0,1.0,,0,0,749,0.611100018024,2.03099989891,1625.0,-1.33833003044,-0.665242016315,-0.0156169999391,0.985476016998,0.629889011383,2.47077989578,1.0,1.0,0.0,0.0,0.0,
853,2,"Creature\GnomeSpidertank\GnomePounder.mdx",2,1.0,-1,1,18.0,12.0,1.0,,0,10,750,0.611100018024,2.03099989891,0.0,-1.57413995266,-2.82516002655,-0.184238001704,4.13985013962,3.20948004723,4.74326992035,1.0,1.0,0.0,0.0,0.0,
871,1,"Creature\SILITHIDSCARAB\SilithidScarab.mdx",1,1.0,2,-1,18.0,12.0,1.0,,0,0,768,0.611100018024,2.03099989891,0.0,-2.28153991699,-1.70634996891,-0.0114169996232,2.88150000572,1.70860004425,2.62840008736,1.0,1.0,0.0,0.0,0.0,
891,1,"Creature\Gargoyle\Gargoyle.mdx",1,0.300000011921,3,1,18.0,12.0,1.0,,0,0,788,0.611100018024,2.03099989891,1.80036997795,-1.52048003674,-3.35799002647,0.578480005264,1.19516003132,3.35427999496,3.79907989502,1.0,1.0,0.0,0.0,0.0,
892,0,"Creature\MineSpider\MineSpiderBoss.mdx",3,1.0,2,1,18.0,12.0,1.0,,0,11,789,0.611100018024,2.03099989891,0.0,-2.20256996155,-2.19877004623,-0.0185289997607,3.88228011131,2.1960299015,2.03959989548,1.0,1.0,0.0,0.0,0.0,
911,17,"Creature\Worm\Worm.mdx",1,1.0,3,1,18.0,12.0,1.0,,0,0,808,0.611100018024,2.03099989891,0.0,-2.79489994049,-0.649940013885,-0.0293359998614,1.38729000092,0.729856014252,3.28765010834,1.0,1.0,0.0,0.0,0.0,
912,0,"Creature\OrcSkeleton\OrcSkeleton.mdx",1,1.0,-1,4,18.0,12.0,1.0,,0,0,809,0.611100018024,2.03099989891,1.07824003696,-0.480210006237,-0.56262499094,-0.00640199985355,0.376165002584,0.381835997105,1.80762994289,1.0,1.0,0.0,0.0,0.0,
931,0,"Creature\demonhunter\DemonHunter.mdx",1,1.0,1,1,18.0,12.0,1.0,,0,0,828,0.611100018024,2.03099989891,0.0,-2.1612598896,-1.85326004028,-0.169148996472,1.00397002697,1.82894003391,3.4156999588,1.0,1.0,0.0,0.0,0.0,
932,35,"Creature\Larva\Larva.mdx",0,1.0,1,1,18.0,24.0,1.0,,0,0,829,0.611100018024,2.03099989891,0.0,-4.81411981583,-1.82510995865,-0.236798003316,2.8928399086,1.74243998528,2.23828005791,1.0,1.0,0.0,0.0,0.0,
951,3,"Creature\Lasher\Lasher.mdx",1,1.0,2,1,18.0,12.0,1.0,,0,0,848,0.611100018024,2.03099989891,0.0,-1.72500002384,-1.77376997471,-0.147595003247,1.36957001686,1.96902000904,2.82182002068,1.0,1.0,0.0,0.0,0.0,
971,16,"Creature\TrollDire\TrollDire.mdx",2,1.0,1,1,18.0,12.0,1.0,,0,0,868,0.694400012493,2.08299994469,0.0,-0.722416996956,-2.35081005096,-0.0121910003945,1.92902004719,2.03522992134,2.69564008713,1.0,1.0,0.0,0.0,0.0,
991,3,"Creature\Slime\SlimeLesser.mdx",0,1.0,2,-1,18.0,12.0,1.0,,0,0,81,0.694400012493,2.08299994469,0.0,-2.01557993889,-1.14746999741,-0.0480859987438,0.777055025101,1.12493002415,1.38645994663,1.0,1.0,0.0,0.0,0.0,
1011,0,"Creature\DragonSpawnCaster\DragonSpawnCaster.mdx",1,1.0,1,5,18.0,12.0,1.0,,0,0,0,0.611100018024,2.03099989891,1.54772996902,-3.12983989716,-2.23744010925,-0.0300389993936,1.94626998901,1.58349001408,2.44350004196,1.0,1.0,0.0,0.0,0.0,
1031,0,"Creature\DragonSpawn\DragonSpawnArmored.mdx",2,1.0,1,1,18.0,12.0,1.0,,0,0,47,0.694400012493,2.08299994469,0.0,-3.22091007233,-2.39248991013,-0.0353679992259,1.97218000889,1.77918994427,3.28888010979,1.0,1.0,0.0,0.0,0.0,
1051,3,"Creature\Lich\Lich.mdx",1,1.0,3,4,18.0,12.0,1.0,,0,0,948,0.611100018024,2.03099989891,0.0,-1.29904997349,-1.3359400034,-0.391126990318,1.40522003174,1.42630004883,3.84548997879,1.0,1.0,0.0,0.0,0.0,
1071,0,"Creature\Kodobeast\KodoBeastPack.mdx",3,1.10000002384,-1,6,18.0,12.0,1.0,,1,10,27,0.694400012493,2.08299994469,0.0,-7.28207015991,-2.54253005981,-0.0208390001208,3.34308004379,2.27780008316,6.46833992004,1.0,1.0,0.0,0.0,0.0,
1091,3,"Creature\FlyingMachineCreature\FlyingMachineCreature.mdx",1,1.0,-1,-1,18.0,12.0,1.0,,0,0,1728,0.611100018024,2.03099989891,0.426885992289,-2.7703499794,-3.51692008972,1.41396999359,2.62272000313,3.56247997284,5.62887001038,1.0,1.0,0.0,0.0,0.0,
1111,3,"Creature\SkeletalSerpent\SkeletalSerpent.mdx",1,1.0,3,1,18.0,12.0,1.0,,0,0,988,0.694400012493,2.08299994469,0.0,-5.07738018036,-3.35226011276,0.0421309992671,3.47031998634,3.21813011169,5.70789003372,1.0,1.0,0.0,0.0,0.0,
1131,2,"Creature\GolemStone\GolemCannonStone.mdx",2,1.0,3,4,18.0,12.0,1.0,,0,0,1008,0.611100018024,2.03099989891,0.0,-0.87999600172,-1.88945996761,-0.00289399991743,1.93356001377,1.62039005756,3.30937004089,1.0,1.0,0.0,0.0,0.0,
1151,1,"Creature\Salamander\SalamanderMale.mdx",1,1.0,1,1,18.0,12.0,1.0,,0,0,1028,0.694400012493,2.08299994469,0.0,-1.6484400034,-1.12495005131,-0.0452289991081,0.769514977932,1.09899997711,3.00974011421,1.0,1.0,0.0,0.0,0.0,
1171,0,"Creature\Pterrordax\Pterrordax.mdx",1,1.0,1,5,18.0,12.0,1.0,,0,0,1048,0.694400012493,2.08299994469,0.0,-2.45649003983,-5.22186994553,0.29833599925,3.13628005981,5.23432016373,6.74167013168,1.0,1.0,0.0,0.0,0.0,
1191,0,"Creature\WarHorse\WarHorse.mdx",2,1.0,1,6,16.0,10.0,1.0,,0,10,65,0.611100018024,2.03099989891,1.86572003365,-1.95297002792,-0.464978992939,-0.0215329993516,2.04042005539,0.490534991026,2.54026007652,1.0,1.0,0.0,0.0,0.0,
1211,0,"Creature\Diemetradon\Diemetradon.mdx",1,1.0,3,7,18.0,12.0,1.0,,0,0,1068,0.694400012493,2.08299994469,0.0,-6.50550985336,-3.43169999123,-0.400213003159,3.36541008949,3.50670003891,4.12704992294,1.0,1.0,0.0,0.0,0.0,
1231,16,"Creature\DRUIDCAT\DruidCat.mdx",1,1.0,1,7,18.0,12.0,1.0,,0,0,1088,0.611100018024,2.03099989891,1.24136996269,-2.71472001076,-0.862426996231,-0.0448729991913,1.05023002625,0.580745995045,1.47117996216,1.0,1.0,0.0,0.0,0.0,
1232,0,"Creature\DruidCatTauren\DruidCatTauren.mdx",1,1.0,1,7,18.0,12.0,1.0,,0,0,1089,0.611100018024,2.03099989891,1.24136996269,-2.79523992538,-0.932814002037,-0.0448729991913,1.03408002853,0.61772197485,1.47117996216,1.0,1.0,0.0,0.0,0.0,
1271,3,"Creature\Spells\Creature_SpellPortal.mdx",0,1.0,-1,-1,18.0,12.0,1.0,,0,0,1168,0.611100018024,2.03099989891,0.0,1.0,1.0,1.0,-1.0,-1.0,-1.0,1.0,1.0,0.0,0.0,0.0,
1291,1,"Creature\Drake\OrcDrakeRider.mdx",3,1.0,1,-1,18.0,12.0,1.0,,0,11,1188,0.611100018024,2.03099989891,2.53466010094,-6.4514799118,-10.2115001678,-0.551217019558,2.7495200634,10.2109003067,11.5125999451,1.0,1.0,0.0,0.0,0.0,
1311,0,"Creature\ZigguratCrystal\ZigguratCrystal.mdx",2,1.0,-1,-1,18.0,12.0,1.0,,0,0,1208,0.694400012493,2.08299994469,0.0,-25.3334999084,-26.1324005127,-47.5745010376,27.1585006714,27.5956993103,43.273399353,1.0,1.0,0.0,0.0,0.0,
1331,0,"Creature\FrostSabre\FrostSabre.mdx",1,1.0,1,7,24.0,18.0,1.0,,0,0,1248,0.611100018024,2.03099989891,1.24136996269,-2.43267011642,-0.656587004662,-0.0367310009897,1.08469998837,0.522985994816,1.37462997437,1.0,1.0,0.0,0.0,0.0,
1351,2,"Creature\CryptScarab\Crypt_Scarab.mdx",0,1.0,-1,-1,18.0,12.0,1.0,,0,0,1268,0.611100018024,2.03099989891,0.0,-0.42875701189,-0.320899009705,-0.00251400005072,0.541778028011,0.32147398591,0.494190007448,1.0,1.0,0.0,0.0,0.0,
1371,0,"Creature\Ram\RidingRam.mdx",1,1.0,1,6,18.0,12.0,1.0,,0,0,1288,0.611100018024,2.03099989891,1.86691999435,-1.4454100132,-0.959342002869,-0.0102129997686,2.09928011894,0.840242981911,2.59243011475,1.0,1.0,0.0,0.0,0.0,
1391,3,"Creature\Egg\EggCreature.mdx",0,1.0,-1,1,0.0,0.0,0.0,,0,0,1308,0.611100018024,2.03099989891,0.0,-0.497435003519,-0.522458970547,0.00344099989161,0.538978993893,0.495050013065,1.42191004753,1.0,1.0,0.0,0.0,0.0,
1411,0,"Creature\DragonSpawn\DragonSpawnOverlord.mdx",3,1.0,1,5,18.0,12.0,1.0,,0,0,1328,0.611100018024,2.03099989891,1.54772996902,-3.25096011162,-4.27947998047,-0.0353699997067,1.95253002644,3.14412999153,4.87382984161,1.0,1.0,0.0,0.0,0.0,
1431,0,"Creature\Ogre\OgreWarlord.mdx",2,1.0,1,4,18.0,12.0,1.0,,0,10,1348,0.611100018024,2.03099989891,0.0,-0.571246981621,-1.32421994209,-0.0127210002393,0.600399971008,1.13018000126,2.85097002983,1.0,1.0,0.0,0.0,0.0,
1451,0,"Creature\FelBeast\FelBeast.mdx",2,1.0,3,1,20.0,14.0,1.0,,1,11,1368,0.611100018024,2.03099989891,0.0,-4.19112014771,-2.34443998337,-0.0243219994009,3.6191599369,2.32942008972,4.3511800766,1.0,1.0,0.0,0.0,0.0,
1471,3,"Creature\GoblinRocketCar\GoblinRocketCar.mdx",1,1.0,-1,1,0.0,0.0,0.0,,0,0,1388,0.694400012493,1.38900005817,0.0,-4.07056999207,-2.54096007347,-0.174006998539,4.80129003525,2.4339299202,2.22656011581,1.0,1.0,0.0,0.0,0.0,
1491,3,"Creature\Wight\Wight.mdx",2,1.0,2,4,18.0,12.0,1.0,,0,0,1408,0.694400012493,2.08299994469,0.0,-0.725866019726,-2.50015997887,0.000791000027675,1.82727003098,2.0591199398,2.83014011383,1.0,1.0,0.0,0.0,0.0,
1492,3,"Creature\spirithealer\SpiritHealer.mdx",1,1.0,-1,-1,18.0,12.0,1.0,,0,0,1409,0.694400012493,2.08299994469,0.0,-3.35068011284,-7.21632003784,-0.229963004589,1.16163003445,7.16736984253,6.73069000244,1.0,1.0,0.0,0.0,0.0,
1511,2,"Creature\MountedDeathKnight\ridingundeadwarhorse.mdx",2,1.0,3,6,18.0,12.0,1.0,,0,10,1428,0.611100018024,2.03099989891,1.86572003365,-1.4372099638,-0.936908006668,-0.0199400000274,1.99395000935,0.909371972084,3.11574006081,1.0,1.0,0.0,0.0,0.0,
1531,16,"Creature\diablo\DiabloFunSized.mdx",0,1.0,3,5,10.0,6.0,1.0,,0,0,1468,0.611100018024,2.03099989891,0.0,-1.23073005676,-1.53963005543,-0.0512970015407,1.4046100378,1.45240998268,2.97024989128,1.0,1.0,0.0,0.0,0.0,
1532,0,"Creature\panda\PandaCub.mdx",0,1.0,1,7,10.0,6.0,1.0,,0,0,1469,0.611100018024,2.03099989891,0.0,-1.74672996998,-0.925280988216,-0.154749006033,2.11350989342,0.861904025078,1.9510999918,1.0,1.0,0.0,0.0,0.0,
1533,0,"Creature\zergling\ZerglingPet.mdx",0,1.0,1,5,10.0,6.0,1.0,,0,0,1470,0.611100018024,2.03099989891,0.0,-2.09465003014,-1.02567994595,-0.0201799999923,2.07511997223,1.02307999134,2.70787000656,1.0,1.0,0.0,0.0,0.0,
1551,8,"Creature\Dragon\DragonOnyxia.mdx",4,1.0,1,5,18.0,12.0,1.0,,2,12,191,0.611100018024,2.03099989891,8.13903045654,-19.4804992676,-10.7484998703,-1.50530004501,10.0867996216,10.9875001907,14.1225996017,1.0,1.0,0.0,0.0,0.0,
1571,11,"Creature\Ragnaros\Ragnaros.mdx",4,1.0,3,4,18.0,12.0,1.0,,0,12,1508,0.611100018024,2.03099989891,0.0,-14.2152996063,-22.085899353,-5.78058004379,21.8395996094,22.1067008972,52.9203987122,0.569999992847,1.0,0.0,0.0,0.0,
1591,0,"Creature\Dragon\DragonNefarian.mdx",4,1.0,3,5,18.0,12.0,1.0,,2,12,191,0.694400012493,2.08299994469,8.13903045654,-19.7308006287,-9.71094036102,-0.69438201189,10.3023004532,9.7673997879,13.7582998276,1.0,1.0,0.0,0.0,0.0,
1611,0,"Creature\Turkey\Turkey.mdx",0,1.0,1,5,3.0,2.0,1.0,,0,0,1530,0.611100018024,2.03099989891,0.0,-0.609812021255,-0.498158991337,-0.0085680000484,0.434152007103,0.542999982834,1.32459998131,1.0,1.0,0.0,0.0,0.0,
1631,16,"Creature\FelBoar\FelBoar.mdx",1,1.0,3,3,18.0,12.0,1.0,,0,0,1548,0.611100018024,2.03099989891,0.0,-1.14914000034,-0.656633973122,-0.0184409990907,1.77576005459,0.658168971539,2.08698010445,1.0,1.0,0.0,0.0,0.0,
1651,0,"Creature\Dragon\DragonAzurgoz.mdx",3,1.0,3,5,30.0,20.0,2.0,,2,12,191,0.611100018024,2.03099989891,8.13903045654,-20.1460990906,-9.58858013153,-0.693877995014,10.4588003159,9.59383010864,13.7582998276,1.0,1.0,0.0,0.0,0.0,
1671,3,"Creature\CrystalPortal\CrystalPortal.mdx",0,1.0,-1,-1,18.0,12.0,1.0,,0,0,1568,0.694400012493,2.08299994469,0.0,-0.471361994743,-0.467943012714,0.960520982742,0.467777013779,0.435357987881,2.91885995865,1.0,1.0,0.0,0.0,0.0,
1691,0,"Creature\Lord Kezzak\LordKezzak.mdx",3,1.0,3,3,18.0,12.0,1.0,,10,10,68,0.611100018024,2.03099989891,0.0,-6.89601993561,-9.75800991058,0.00113200000487,4.32720994949,9.90839004517,11.4411001205,1.0,1.0,0.0,0.0,0.0,
1711,0,"Creature\Kodobeast\RidingKodo.mdx",1,1.10000002384,1,6,54.0,36.0,1.0,,0,0,1588,0.611100018024,2.03099989891,3.54287004471,-7.28207015991,-2.41275000572,-0.0208390001208,3.34308004379,2.27780008316,4.34249019623,1.0,1.0,0.0,0.0,0.0,
1731,3,"Creature\InvisibleStalker\InvisibleStalker.mdx",1,1.0,3,4,0.0,0.0,0.0,,0,0,1608,0.611100018024,2.03099989891,1.30095005035,1.0,1.0,1.0,-1.0,-1.0,-1.0,1.0,1.0,0.0,0.0,0.0,
1751,0,"Creature\Tharazun\Tharazun.mdx",2,1.0,3,1,18.0,12.0,1.0,,0,0,1628,0.694400012493,2.08299994469,0.0,-2.22477006912,-2.02881002426,-0.00378599995747,1.16586005688,1.99607002735,4.35897016525,1.0,1.0,0.0,0.0,0.0,
1752,3,"Creature\InvisibleStalker\InvisibleStalker.mdx",0,1.0,3,1,18.0,12.0,1.0,,0,0,1608,0.611100018024,2.03099989891,1.30095005035,1.0,1.0,1.0,-1.0,-1.0,-1.0,1.0,1.0,0.0,0.0,0.0,
1753,0,"Creature\ObsidianDestroyer\ObsidianDestroyer.mdx",3,1.0,3,5,18.0,12.0,1.0,,0,0,1648,0.694400012493,2.08299994469,0.0,-2.18529009819,-3.1275498867,-0.0520510002971,2.03601002693,2.38655996323,3.7089600563,1.0,1.0,0.0,0.0,0.0,
1771,0,"Creature\BoneGolem\BoneGolem.mdx",1,1.0,-1,4,0.0,0.0,0.0,,0,0,1668,0.694400012493,2.08299994469,0.0,-0.542557001114,-0.712334990501,-0.132363006473,0.927111983299,0.975776016712,1.82638001442,1.0,1.0,0.0,0.0,0.0,
1811,0,"Creature\Lord Kezzak\LordKezzak.mdx",3,1.0,3,5,18.0,12.0,1.0,,1,11,1708,0.611100018024,2.03099989891,0.0,-6.89601993561,-9.75800991058,0.00113200000487,4.32720994949,9.90839004517,11.4411001205,1.0,1.0,0.0,0.0,0.0,
1831,11,"Creature\Snowman\SnowMan.mdx",1,1.0,-1,1,0.0,0.0,0.0,,0,0,1748,0.694400012493,1.38900005817,0.0,-0.421122014523,-0.613744974136,-0.0246549993753,0.66682600975,0.584289014339,1.16612005234,1.0,1.0,0.0,0.0,0.0,
1851,0,"Creature\voidterror\VoidTerror.mdx",1,1.0,3,5,18.0,12.0,1.0,,0,0,1768,0.611100018024,2.03099989891,0.0,-4.70099020004,-2.34443998337,-0.0243229996413,2.76437997818,2.32942008972,4.86855983734,1.39999997616,1.0,0.0,0.0,0.0,
1871,9,"Creature\Manafiend\ManaFiend.mdx",1,1.0,-1,-1,0.0,0.0,0.0,,0,0,1788,0.611100018024,2.03099989891,0.0,-1.52787995338,-1.95693004131,-0.123405002058,1.33220994473,1.95566999912,3.68225002289,1.0,1.0,0.0,0.0,0.0,
1891,0,"Creature\DragonFootSoldier\DragonFootSoldier.mdx",1,1.0,-1,1,18.0,12.0,1.0,,0,10,1808,0.611100018024,2.03099989891,0.0,-2.91750001907,-1.5988099575,0.00309400004335,1.90154004097,3.23064994812,4.36889982224,1.0,1.0,0.0,0.0,0.0,
1911,0,"Creature\DireWolf\PvPRidingDireWolf.mdx",1,1.0,1,7,24.0,18.0,1.0,,0,0,1828,0.611100018024,2.03099989891,1.3991099596,-2.30695009232,-0.633575022221,-0.0239819996059,1.60659003258,0.546913027763,2.02584004402,1.0,1.0,0.0,0.0,0.0,
1912,0,"Creature\FrostSabre\PVPRidingFrostSabre.mdx",1,1.0,1,7,20.0,16.0,1.0,,0,0,1829,0.611100018024,2.03099989891,1.24136996269,-2.43267011642,-0.656587004662,-0.0367310009897,1.10231995583,0.533900976181,1.44094002247,1.0,1.0,0.0,0.0,0.0,
1913,0,"Creature\Ram\PVPRidingRam.mdx",1,1.0,1,6,18.0,12.0,1.0,,0,0,1830,0.611100018024,2.03099989891,2.10664010048,-1.2750300169,-1.08756005764,-0.0102129997686,2.3130800724,0.835663974285,2.61677002907,1.0,1.0,0.0,0.0,0.0,
1914,0,"Creature\Kodobeast\KodoBeastPvPT2.mdx",1,1.10000002384,1,6,54.0,36.0,1.0,,0,0,1588,0.611100018024,2.03099989891,3.54287004471,-7.36450004578,-2.44441008568,-0.0175969991833,3.61548995972,2.2947499752,4.69472980499,1.0,1.0,0.0,0.0,0.0,
1915,0,"Creature\MechaStrider\ViciousWarMechanoStrider.mdx",1,1.0,3,5,18.0,12.0,1.0,,0,0,1832,0.611100018024,2.03099989891,1625.0,-1.95695996284,-1.01024997234,-0.0156169999391,1.29252994061,0.982764005661,2.53143000603,1.0,1.0,0.0,0.0,0.0,
1916,0,"Creature\RidingRaptor\PvPRidingRaptor.mdx",1,1.0,1,5,24.0,18.0,1.0,,0,0,1833,0.611100018024,2.03099989891,2.52061009407,-4.32770013809,-1.11463999748,-0.0638239979744,1.97582995892,2.09821009636,3.44115996361,1.0,1.0,0.0,0.0,0.0,
1917,0,"Creature\RidingHorse\RidingHorsePvPT2.mdx",0,1.0,1,6,18.0,12.0,1.0,,0,0,1834,0.611100018024,2.03099989891,1.86572003365,-1.40383005142,-0.518757998943,-0.0230000000447,2.00518989563,0.476859986782,2.67189002037,1.0,1.0,0.0,0.0,0.0,
1931,0,"Creature\Drakeadon\Drakeadon.mdx",3,1.0,2,5,18.0,12.0,1.0,,0,0,1848,0.611100018024,2.03099989891,0.0,-4.19112014771,-2.34443998337,-0.0243219994009,3.01197004318,2.32942008972,6.03290987015,1.0,1.0,0.0,0.0,0.0,
1951,0,"Creature\Nightmare\Gorgon101.mdx",1,1.0,3,3,18.0,12.0,1.0,,0,0,1868,0.611100018024,2.03099989891,1.86572003365,-1.43493998051,-0.885324001312,-0.0134260002524,1.97915005684,0.902423024178,2.90504002571,1.0,1.0,0.0,0.0,0.0,
1952,0,"Creature\WARHORSE\PVPWarHorse.mdx",1,1.0,1,6,18.0,12.0,1.0,,0,0,1869,0.611100018024,2.03099989891,1.86572003365,-1.95297002792,-0.575565993786,-0.0215329993516,2.4061999321,0.509168028831,2.83061003685,1.0,1.0,0.0,0.0,0.0,
1971,0,"Creature\Spells\BattleStandard_Alliance.mdx",0,1.0,-1,-1,18.0,12.0,1.0,,0,0,1888,0.0,0.0,0.0,-3.0669798851,-3.05525994301,-0.313367009163,3.0501499176,3.06188011169,3.99207997322,1.0,1.0,0.0,0.0,0.0,
1972,0,"Creature\Spells\BattleStandard_Horde.mdx",0,1.0,-1,-1,0.0,0.0,0.0,,0,0,1889,0.0,0.0,2.95969009399,-2.98296999931,-2.9718298912,-0.49931499362,2.96592998505,2.97707009315,4.33815002441,1.0,1.0,0.0,0.0,0.0,
1973,0,"Creature\DragonSpawn\DragonSpawnGreater.mdx",2,1.0,1,5,18.0,12.0,1.0,,0,0,1890,0.611100018024,2.03099989891,1.54772996902,-3.25096011162,-4.56881999969,-0.0353699997067,1.95253002644,2.85478997231,3.52308011055,1.0,1.0,0.0,0.0,0.0,
1991,0,"Creature\RIDINGHORSE\PackMule.mdx",1,1.0,1,3,0.0,0.0,0.0,,0,0,1908,0.611100018024,2.03099989891,1.86572003365,-1.24360001087,-1.24273002148,-0.0215470008552,2.11865997314,1.18033003807,3.53307008743,1.0,1.0,0.0,0.0,0.0,
2011,0,"Creature\OrcMaleKid\OrcMaleKid.mdx",0,1.0,1,4,18.0,12.0,1.0,,0,0,1928,0.611100018024,2.03099989891,0.0,-0.173820003867,-0.254723012447,0.00504599977285,0.180886998773,0.256343990564,1.37557995319,1.0,1.0,0.0,0.0,0.0,
2031,0,"Creature\OrcFemaleKid\OrcFemaleKid.mdx",0,1.0,1,1,18.0,12.0,1.0,,0,0,1948,0.611100018024,2.03099989891,0.0,-0.165419995785,-0.217482998967,-0.00220700004138,0.126755997539,0.209628999233,1.16387999058,1.0,1.0,0.0,0.0,0.0,
2051,0,"Creature\AncientOfLore\AncientofLore.mdx",4,1.0,3,5,18.0,12.0,1.0,,2,12,178,0.694400012493,2.08299994469,0.0,-2.73090004921,-3.88950991631,-0.105810001493,3.59995007515,3.88608002663,9.04942989349,1.0,1.0,0.0,0.0,0.0,
2071,1,"Creature\ChineseDragon\ChineseDragon.mdx",0,1.0,1,-1,0.0,0.0,0.0,,0,0,1968,0.611100018024,2.03099989891,0.0,-3.33288002014,-0.96752601862,0.500491976738,0.924739003181,0.811425983906,4.27981996536,1.0,1.0,0.0,0.0,0.0,
2072,0,"Creature\Spells\BattleStandard_Frostwolf_A_01.mdx",0,1.0,-1,-1,0.0,0.0,0.0,,0,0,1969,0.0,0.0,0.0,-1.41702997684,-1.40989005566,-0.249658003449,1.40437996387,1.41153001785,2.16907000542,1.0,1.0,0.0,0.0,0.0,
2073,0,"Creature\Spells\BattleStandard_Stormpike_A_01.mdx",0,1.0,-1,-1,18.0,12.0,1.0,,0,0,1970,0.0,0.0,0.0,-3.0669798851,-3.05525994301,-0.313367009163,3.05015993118,3.06188011169,4.29591989517,1.0,1.0,0.0,0.0,0.0,
2091,0,"Creature\tigon\TigonMale.mdx",1,1.0,1,5,18.0,12.0,1.0,,0,0,1988,0.611100018024,2.03099989891,1.29404997826,-1.42957997322,-0.922217011452,-0.0167319998145,0.959842026234,0.865049004555,2.2733399868,1.0,1.0,0.0,0.0,0.0,
2111,11,"Creature\Thunderaan\Thunderaan.mdx",0,1.0,-1,-1,18.0,12.0,1.0,,0,12,2008,0.694400012493,2.08299994469,0.0,-17.724199295,-26.3118991852,-2.30169010162,40.6814994812,22.3827991486,55.2336006165,1.0,1.0,0.0,0.0,0.0,
2131,0,"Creature\tigon\TigonFemale.mdx",1,1.0,1,7,18.0,12.0,1.0,,0,0,2028,0.611100018024,2.03099989891,1.31932997704,-1.47327005863,-2.93549990654,-0.23217600584,1.71224999428,2.07126998901,4.74019002914,1.0,1.0,0.0,0.0,0.0,
2151,0,"Creature\slith\Slith.mdx",1,1.0,-1,-1,0.0,0.0,0.0,,0,0,2048,0.694400012493,2.08299994469,0.0,-1.64856994152,-0.835492014885,-0.0460570007563,0.807789027691,0.842099010944,2.16189002991,1.0,1.0,0.0,0.0,0.0,
2171,0,"Creature\mobat\Mobat.mdx",1,1.0,1,-1,0.0,0.0,0.0,,0,0,2068,0.694400012493,2.08299994469,0.0,-1.52048003674,-3.35799002647,0.578480005264,1.19516003132,3.35427999496,3.79907989502,1.0,1.0,0.0,0.0,0.0,
2191,0,"Creature\Dryder\Dryder.mdx",2,1.0,-1,-1,0.0,0.0,0.0,,0,0,2088,0.694400012493,2.08299994469,0.0,-2.34082007408,-2.43810009956,-0.186011999846,2.05413007736,2.43753004074,3.30297994614,1.0,1.0,0.0,0.0,0.0,
2192,0,"Creature\Hakkar\Hakkar.mdx",0,1.0,-1,-1,18.0,12.0,1.0,,0,0,2089,0.611100018024,2.03099989891,0.0,-1.7486000061,-1.90867996216,-0.136981993914,0.565231025219,1.88199996948,2.75453996658,1.0,1.0,0.0,0.0,0.0,
2193,0,"Creature\Hakkar\Hakkar.mdx",0,1.0,-1,-1,0.0,0.0,0.0,,0,0,2089,0.611100018024,2.03099989891,0.0,-1.7486000061,-1.90867996216,-0.136981993914,0.565231025219,1.88199996948,2.75453996658,1.0,1.0,0.0,0.0,0.0,
2194,1,"Creature\FelBat\BatRider.mdx",1,1.0,1,-1,18.0,12.0,1.0,,0,0,2090,0.611100018024,2.03099989891,1.19388997555,-2.26979994774,-5.22976016998,1.39346003532,3.43984007835,5.23510980606,7.35585021973,1.0,1.0,0.0,0.0,0.0,
2195,0,"Creature\GnomeRocketCar\GnomeRocketCar.mdx",1,1.0,3,-1,0.0,0.0,0.0,,0,0,2091,5.0640001297,6.25199985504,0.0,-2.88666009903,-1.68520998955,-0.0450639985502,2.67554998398,1.45319998264,6.66901016235,1.0,1.0,0.0,0.0,0.0,
2196,0,"Creature\Dragon\Taerar.mdx",3,1.0,1,5,30.0,20.0,3.0,,2,12,2092,0.611100018024,2.03099989891,8.13903045654,-20.1460990906,-9.71094036102,-0.69438201189,9.81606006622,9.7673997879,13.7582998276,1.0,1.0,0.0,0.0,0.0,
2197,0,"Creature\Dragon\Lethon.mdx",3,0.800000011921,1,5,30.0,20.0,5.0,,2,12,2093,0.694400012493,2.08299994469,8.13903045654,-20.1460990906,-9.71094036102,-0.69438201189,9.81606006622,9.7673997879,13.7582998276,1.0,1.0,0.0,0.0,0.0,
2198,0,"Creature\Murloc\BabyMurloc.mdx",0,1.0,1,5,7.0,5.0,1.0,,0,0,2094,0.611100018024,2.03099989891,0.387196004391,-0.702305972576,-0.511799991131,-0.00195199996233,0.4410110116,0.509684979916,1.30912995338,1.0,1.0,0.0,0.0,0.0,
2199,0,"Creature\DruidOwlbear\DruidOwlBearEpic2.mdx",1,1.0,-1,5,18.0,12.0,1.0,,0,0,2095,0.611100018024,2.03099989891,1.34669005871,-1.05045998096,-1.55534005165,-0.00373500003479,0.87843298912,1.55198001862,3.9668200016,1.0,1.0,0.0,0.0,0.0,
2200,0,"Creature\DruidOwlbear\DruidOwlBearTaurenEpic2.mdx",1,1.0,-1,5,18.0,12.0,1.0,,0,0,2096,0.611100018024,2.03099989891,1.34669005871,-1.05045998096,-1.55534005165,-0.00373500003479,0.87843298912,1.55198001862,2.91051006317,1.0,1.0,0.0,0.0,0.0,
2201,11,"Creature\SteamTonk\SteamTonk.mdx",0,1.0,3,-1,18.0,12.0,1.0,,0,0,2097,0.611100018024,2.03099989891,0.0,-0.443818002939,-0.420379012823,-0.00287099997513,0.438546001911,0.42598798871,0.672555029392,1.0,1.0,0.0,0.0,0.0,
2202,0,"CREATURE\MURLOC\BabyMurloc.mdx",0,1.0,3,5,18.0,12.0,1.0,,0,0,2094,0.694400012493,1.38900005817,0.0,-0.702305972576,-0.511799991131,-0.00195199996233,0.4410110116,0.509684979916,1.30912995338,1.0,1.0,0.0,0.0,0.0,
2203,0,"Creature\ManafiendGreen\ManaFiendGreen.mdx",1,1.0,-1,-1,18.0,12.0,1.0,,0,0,2098,0.611100018024,2.03099989891,0.0,-0.972662985325,-1.84039998055,0.0814210027456,1.08050000668,1.84162998199,3.44550991058,1.0,1.0,0.0,0.0,0.0,
2204,1,"Creature\SilithidWaspBoss\SilithidWaspBoss.mdx",2,2.5,2,-1,18.0,12.0,1.0,,0,0,2099,0.611100018024,2.03099989891,0.0,-3.81215000153,-6.67586994171,0.712772011757,5.51131010056,6.05287981033,13.6553001404,1.0,1.0,0.0,0.0,0.0,
2205,0,"Creature\Horisath\Horisath.mdx",3,1.0,-1,1,18.0,12.0,1.0,,0,0,2100,0.611100018024,2.03099989891,0.0,-2.06221008301,-3.17558002472,-0.0037420000881,1.75394999981,2.73147988319,8.82151985168,1.0,1.0,0.0,0.0,0.0,
2206,3,"Creature\InvisibleMan\InvisibleMan.mdx",1,1.0,-1,-1,0.0,0.0,0.0,,0,0,2101,0.611100018024,2.03099989891,0.0,1.0,1.0,1.0,-1.0,-1.0,-1.0,1.0,1.0,0.0,0.0,0.0,
2207,1,"Creature\LesserManaFiend\LesserManaFiend.mdx",1,1.0,3,4,18.0,12.0,1.0,,0,0,2102,0.611100018024,2.03099989891,0.0,-0.857976019382,-0.905654013157,0.46498298645,0.829429984093,1.05722999573,3.02940988541,1.0,1.0,0.0,0.0,0.0,
2208,2052,"CHARACTER\BLOODELF\MALE\BLOODELFMALENPC.M2",1,1.0,1,1,12.0,10.0,1.0,,0,0,2155,0.611100018024,2.03099989891,1.16612994671,-0.640332996845,-0.480390995741,-0.00597199983895,0.370373994112,0.43721601367,2.22950005531,1.0,1.0,0.0,0.0,0.0,
2209,2052,"CHARACTER\BLOODELF\FEMALE\BLOODELFFEMALENPC.M2",1,1.0,1,1,12.0,10.0,1.0,,0,0,2156,0.611100018024,2.03099989891,1.15801000595,-0.500903010368,-0.377718001604,-0.000381999998353,0.352957993746,0.316758990288,2.01375007629,1.0,1.0,0.0,0.0,0.0,
2210,1,"Creature\ManaWurm\ManaWurm.mdx",0,1.0,1,-1,0.0,0.0,0.0,,0,0,2103,0.611100018024,2.03099989891,0.0,-1.06500005722,-0.255493998528,0.817761003971,0.377519011497,0.525457024574,1.40916001797,1.0,1.0,0.0,0.0,0.0,
2211,0,"Creature\BloodElfGuard\BloodElfMale_Guard.mdx",1,1.0,1,1,18.0,12.0,1.0,,0,0,2104,0.611100018024,2.03099989891,0.0,-1.27340996265,-0.536408007145,9.69999964582e-005,1.22306001186,0.490646004677,2.28155994415,1.0,1.0,0.0,0.0,0.0,
2212,0,"Creature\CrackElf\CrackElfMale.mdx",0,1.0,1,1,18.0,12.0,1.0,,0,0,2105,0.611100018024,2.03099989891,0.0,-0.476729005575,-0.56627202034,-0.00727100018412,0.384068012238,0.382532000542,1.9498000145,1.0,1.0,0.0,0.0,0.0,
2213,1,"Creature\EyeOfKathune\EyeofKathune.mdx",4,1.0,3,-1,18.0,12.0,1.0,,0,12,2106,26.1100006104,22.7800006866,0.0,-20.8448009491,-32.7812995911,-23.2021007538,20.8687000275,32.7906990051,46.4990997314,1.0,1.0,0.0,0.0,0.0,
2215,0,"Creature\MountedDemonKnight\MountedDemonKnight.mdx",1,1.0,3,6,0.0,0.0,0.0,,0,0,2107,0.694400012493,2.08299994469,0.0,-1.39874994755,-0.657680988312,-0.00211600004695,2.21216011047,0.618669986725,3.38435006142,1.0,1.0,0.0,0.0,0.0,
2216,1,"Creature\SilithidTankBoss\SilithidTankBoss.mdx",2,1.0,2,4,18.0,12.0,1.0,,0,0,2108,3.77999997139,8.03400039673,0.0,-4.43369007111,-3.85688996315,0.00461400020868,5.5941901207,4.16119003296,7.62199020386,1.0,1.0,0.0,0.0,0.0,
2217,1,"Creature\SilithidTankBoss\SilithidTankBoss_Damaged.mdx",2,1.0,2,4,18.0,12.0,1.0,,0,0,2109,3.82399988174,8.34099960327,0.0,-4.39469003677,-3.85606002808,0.00754000013694,5.63379001617,4.16404008865,7.20605993271,1.0,1.0,0.0,0.0,0.0,
2218,1,"Creature\SANDWORM\SandWorm.mdx",4,1.0,2,4,18.0,12.0,1.0,,0,0,2110,0.611100018024,2.03099989891,0.0,-1.30589997768,-1.69393002987,-1.12284994125,1.0553599596,1.59430003166,4.272960186,0.300000011921,1.35000002384,0.0,0.0,0.0,
2219,0,"Creature\RidingSilithid\RidingSilithid.mdx",2,1.0,2,-1,18.0,12.0,1.0,,0,0,2111,0.611100018024,2.03099989891,1.81726002693,-2.46074008942,-1.44064998627,-0.0457860007882,1.36793994904,1.77295994759,3.21998000145,1.0,1.0,0.0,0.0,0.0,
2220,1,"Creature\RidingSilithid\RidingSilithid.mdx",1,1.0,2,-1,18.0,12.0,1.0,,0,0,2112,0.611100018024,2.03099989891,1.81726002693,-2.46074008942,-1.44064998627,-0.0457860007882,1.36793994904,1.77295994759,3.21998000145,1.0,1.0,0.0,0.0,0.0,
2221,0,"Creature\SlimeGiant\GiantSlime.mdx",3,1.0,2,-1,18.0,12.0,1.0,,0,0,81,0.611100018024,2.03099989891,1.03618001938,-14.1191997528,-8.59877967834,-0.193875998259,7.03656005859,8.41613960266,12.8537998199,1.0,1.0,0.0,0.0,0.0,
2222,0,"Creature\SandReaver\SandReaver.mdx",2,1.0,2,-1,18.0,12.0,1.0,,0,0,2113,0.868099987507,2.60400009155,0.0,-8.92201042175,-5.01505994797,-1.56531000137,4.66236019135,5.34311008453,2.87767004967,1.0,1.0,0.0,0.0,0.0,
2223,0,"Creature\TwinEmperor\TwinEmperor.mdx",2,1.0,2,-1,0.0,0.0,0.0,,0,0,2114,0.611100018024,2.03099989891,3.39035010338,-1.13633000851,-2.04899001122,-0.00941499974579,0.882668972015,2.04151010513,6.65957021713,1.0,1.0,0.0,0.0,0.0,
2224,0,"Creature\BODYOFKATHUNE\BodyofKathune.mdx",4,1.0,-1,-1,0.0,0.0,0.0,,0,38,2115,27.0799999237,11.1800003052,0.0,-24.2872009277,-21.5214004517,-5.89815998077,25.4101009369,23.422000885,26.0412998199,1.0,1.0,0.0,0.0,0.0,
2225,0,"Creature\HalfBodyofKathune\HalfBodyofKathune.mdx",4,1.0,-1,-1,0.0,0.0,0.0,,0,0,2116,24.1200008392,9.9610004425,0.0,-15.906999588,-15.9379997253,-0.77100199461,15.8950996399,15.8926000595,7.59040021896,1.0,1.0,0.0,0.0,0.0,
2226,0,"Creature\EyeStalkofKathune\EyeStalkofKathune.mdx",2,1.0,3,-1,18.0,12.0,1.0,,0,0,2106,0.611100018024,2.03099989891,0.0,-2.60670995712,-1.01297998428,-0.934058010578,1.21080005169,1.01624000072,6.18144989014,1.0,1.0,0.0,0.0,0.0,
2227,0,"Creature\ClawofKathune\ClawofKathune.mdx",2,1.0,3,4,18.0,12.0,1.0,,0,0,2117,2.4430000782,5.15299987793,0.0,-1.33635997772,-1.44602000713,-1.18542003632,2.97798991203,1.44597995281,3.79144001007,1.14999997616,1.0,0.0,0.0,0.0,
2228,0,"Creature\MouthofKathune01\MouthofKathune01.mdx",2,1.0,3,-1,18.0,12.0,1.0,,0,0,2118,0.611100018024,2.03099989891,8.30667972565,-3.59825992584,-3.74657988548,-12.89220047,1.92821002007,3.75027990341,-1.13853001595,1.0,1.0,0.0,0.0,0.0,
2229,0,"Creature\Shark\Shark.mdx",3,1.0,1,-1,18.0,12.0,1.0,,0,0,183,0.611100018024,2.03099989891,0.0,-3.28991007805,-3.37917995453,-0.10290300101,3.01703000069,3.55042004585,2.65887999535,1.0,1.0,0.0,0.0,0.0,
2230,0,"Creature\PortalofKathune\PortalofKathune.mdx",3,1.0,-1,-1,0.0,0.0,0.0,,0,0,2119,0.611100018024,2.03099989891,0.0,-27.4069004059,-27.1998004913,-4.36210012436,26.0394001007,27.071100235,1.41387999058,1.0,1.0,0.0,0.0,0.0,
2231,0,"Creature\NIAN\Nian.mdx",2,1.0,3,5,18.0,12.0,1.0,,1,11,2120,0.611100018024,2.03099989891,0.0,-4.19112014771,-2.28925991058,-0.0193840004504,3.14666008949,2.31181001663,4.35117006302,1.5,0.40000000596,0.0,0.0,0.0,
2232,0,"Creature\ReinDeer\ReinDeer.mdx",1,1.0,1,6,18.0,12.0,1.0,,0,0,2121,0.694400012493,2.08299994469,0.0,-1.15491998196,-0.852280020714,-0.0181850008667,2.67879009247,0.742371022701,2.77901005745,1.0,1.0,0.0,0.0,0.0,
2233,0,"Creature\ReinDeer\ReinDeerMount.mdx",1,1.0,1,6,18.0,12.0,1.0,,0,0,2122,0.611100018024,2.03099989891,2.00780010223,-1.15491998196,-0.851930975914,-0.0182230006903,2.67822003365,0.742371022701,2.77417993546,1.0,1.0,0.0,0.0,0.0,
2234,9,"Creature\CryptLord\CryptLord.mdx",2,1.0,3,4,18.0,12.0,1.0,,0,0,2123,0.611100018024,2.03099989891,0.0,-7.35406017303,-5.99183988571,-0.22850599885,8.21621990204,6.23237991333,12.2642002106,0.209999993443,3.09999990463,0.0,0.0,0.0,
2235,3,"Creature\KelThuzad\KelThuzad.mdx",2,1.0,-1,-1,0.0,0.0,0.0,,0,0,2124,0.694400012493,2.08299994469,0.0,-1.29904997349,-1.3359400034,-0.141643002629,1.40522003174,1.42630004883,3.87765002251,1.0,1.0,0.0,0.0,0.0,
2236,3,"Creature\KelThuzad\KelThuzad.mdx",3,1.0,3,4,18.0,12.0,1.0,,0,0,2125,0.694400012493,2.08299994469,0.0,-1.29904997349,-1.3359400034,-0.141643002629,1.40522003174,1.42630004883,3.87765002251,1.0,1.0,0.0,0.0,0.0,
2237,1,"Creature\Cupid\Cupid.mdx",1,1.0,1,-1,18.0,12.0,1.0,,0,0,2126,0.75,3.22199988365,0.454605996609,-0.788924992085,-0.881347000599,1.41798996925,0.727495014668,0.90243601799,3.45613002777,1.0,1.0,0.0,0.0,0.0,
2239,0,"Creature\SPELLS\ValentinesDummy.mdx",1,1.0,-1,-1,18.0,12.0,1.0,,0,0,2127,0.291900008917,1.10399997234,0.0,-0.144384995103,-1.05315005779,-0.000278999999864,0.144268006086,0.629953980446,1.42701995373,1.0,1.0,0.0,0.0,0.0,
2240,0,"Creature\SpiritofRedemption\SpiritOfRedemption.mdx",0,1.0,-1,-1,18.0,12.0,1.0,,0,0,2128,0.611100018024,2.03099989891,0.0,-3.35068011284,-7.21631002426,-0.229962006211,1.16163003445,7.16737985611,6.73069000244,1.0,1.0,0.0,0.0,0.0,
2241,0,"Creature\FrostWurm\FrostWurm.mdx",3,1.0,-1,5,18.0,12.0,1.0,,0,0,2129,0.611100018024,2.03099989891,8.13903045654,-20.1460990906,-9.71092987061,-0.694383978844,9.73264026642,9.76741027832,13.7582998276,1.0,1.0,0.0,0.0,0.0,
2242,0,"Creature\FleshGiant\FleshGiant.mdx",3,1.0,2,4,18.0,12.0,1.0,,0,0,2130,3.61100006104,8.33300018311,0.0,-2.49058008194,-4.42058992386,-0.0259290002286,1.94730997086,4.97034978867,7.95944023132,1.0,1.0,0.0,0.0,0.0,
2243,1,"Creature\GiantSpider\GiantSpider.mdx",3,1.0,3,-1,18.0,12.0,1.0,,0,0,2131,0.611100018024,2.03099989891,0.0,-1.65761005878,-1.87339997292,-0.195818006992,2.58688998222,1.8727799654,1.82623004913,1.0,1.0,0.0,0.0,0.0,
2244,0,"Creature\MadScientist\MadScientist.mdx",1,1.0,1,4,18.0,12.0,1.0,,0,0,2132,0.611100018024,2.03099989891,1.07824003696,-0.739861011505,-0.585341989994,-0.00727100018412,0.384066998959,0.412238001823,1.96965003014,1.0,1.0,0.0,0.0,0.0,
2245,0,"Creature\UndeadBeast\UndeadBeast.mdx",3,1.0,2,5,18.0,12.0,1.0,,0,0,2133,0.611100018024,2.03099989891,0.0,-3.41191005707,-2.11342000961,-0.0234120003879,2.86083006859,2.20410990715,4.3917798996,1.0,1.0,0.0,0.0,0.0,
2246,0,"Creature\FungalMonster\FungalMonster.mdx",3,1.0,3,1,18.0,12.0,1.0,,0,0,2134,0.611100018024,2.03099989891,0.0,-0.863637983799,-2.44706988335,-0.125676006079,1.70009994507,2.15328001976,2.84540009499,1.0,1.0,0.0,0.0,0.0,
2247,3,"Creature\SporeCreature\SporeCreature.mdx",1,1.0,2,-1,18.0,12.0,1.0,,0,0,2135,0.611100018024,2.03099989891,0.0,-1.93183994293,-1.95683002472,0.765299022198,1.84625005722,1.77751004696,4.6195101738,1.0,1.0,0.0,0.0,0.0,
2248,2052,"CHARACTER\DRAENEI\MALE\DRAENEIMALENPC.M2",1,1.0,4,3,22.0,16.0,2.0,,0,0,2153,0.866500020027,2.54099988937,1.37602996826,-1.24909996986,-0.808191001415,0.000836000021081,0.594403028488,0.758364021778,2.69475007057,1.0,1.0,0.0,0.0,0.0,
2250,2052,"CHARACTER\DRAENEI\FEMALE\DRAENEIFEMALENPC.M2",1,1.0,4,3,10.0,10.0,1.0,,0,0,2154,0.711399972439,2.46399998665,1.28673005104,-0.971180975437,-0.530313014984,-0.013356000185,0.36566901207,0.599041998386,2.52494001389,1.0,1.0,0.0,0.0,0.0,
2251,0,"Creature\QuestObjects\Creature_ScourgeCrystal.mdx",0,1.0,3,4,18.0,12.0,1.0,,0,0,2136,0.694400012493,3.19400000572,0.0,-0.554570019245,-0.733394980431,-0.0078710000962,0.730067014694,0.823736011982,5.07710981369,1.0,1.0,0.0,0.0,0.0,
2252,0,"Creature\QuestObjects\Creature_ScourgeCrystalDamaged.mdx",0,1.0,-1,-1,0.0,0.0,0.0,,0,0,2137,0.694400012493,3.19400000572,0.0,-0.529891014099,-0.60094499588,-0.0137809999287,0.730067014694,0.945044994354,4.7822098732,1.0,1.0,0.0,0.0,0.0,
2253,0,"Creature\FleshTitan\FleshTitan.mdx",1,1.0,1,1,18.0,12.0,1.0,,0,0,2138,0.611100018024,2.03099989891,4.30996990204,-1.83191001415,-3.54311990738,-0.00438799988478,1.86053001881,3.09926009178,7.29275989532,1.0,1.0,0.0,0.0,0.0,
2254,0,"Creature\MOUNTEDDEATHKNIGHT\MountedDeathKnight_Mograine.mdx",1,1.0,-1,-1,18.0,12.0,1.0,,0,0,2139,0.694400012493,2.08299994469,0.0,-1.88607001305,-0.934682011604,-0.00363399996422,1.95383000374,0.935913026333,3.11111998558,1.0,1.0,0.0,0.0,0.0,
2255,0,"Creature\MOUNTEDDEATHKNIGHT\MountedDeathKnight_Blaumeux.mdx",0,1.0,-1,-1,18.0,12.0,1.0,,0,0,2140,0.694400012493,2.08299994469,0.0,-1.88607001305,-0.934682011604,-0.00363399996422,1.95383000374,0.935913026333,3.34616994858,1.0,1.0,0.0,0.0,0.0,
2256,0,"Creature\MOUNTEDDEATHKNIGHT\MountedDeathKnight_Zeliek.mdx",0,1.0,-1,-1,18.0,12.0,1.0,,0,0,2141,0.694400012493,2.08299994469,0.0,-1.88607001305,-0.934682011604,-0.00363399996422,1.95383000374,0.935913026333,3.44281005859,1.0,1.0,0.0,0.0,0.0,
2257,0,"Creature\MOUNTEDDEATHKNIGHT\MountedDeathKnight_Korthazz.mdx",0,1.0,-1,-1,18.0,12.0,1.0,,0,0,2142,0.694400012493,2.08299994469,0.0,-1.88607001305,-0.934682011604,-0.00363399996422,1.95383000374,0.935913026333,3.20838999748,1.0,1.0,0.0,0.0,0.0,
2259,0,"Creature\Bear\PolarBearCub.mdx",0,1.0,3,7,18.0,12.0,1.0,,0,0,2782,0.611100018024,2.03099989891,0.0,-1.74672996998,-0.925280988216,-0.154749006033,2.11350989342,0.861904025078,1.9510999918,1.0,1.0,0.0,0.0,0.0,
2260,0,"Creature\Cocoon\Cocoon.mdx",1,1.0,-1,-1,0.0,0.0,0.0,,0,0,2145,0.611100018024,2.03099989891,0.0,-1.24705004692,-1.44174003601,-0.332708001137,1.2570899725,1.4498000145,2.31808996201,1.0,1.0,0.0,0.0,0.0,
2261,0,"Creature\Necromancer\Necromancer.mdx",1,1.0,1,1,18.0,12.0,1.0,,0,0,2146,0.611100018024,2.03099989891,1.03618001938,-0.537414014339,-0.567220985889,-0.00188500003424,0.395696014166,0.556071996689,2.34456992149,1.0,1.0,0.0,0.0,0.0,
2262,1,"Creature\NetherDrake\NetherDrake.mdx",2,1.0,3,5,32.0,24.0,1.0,,0,0,2147,0.611100018024,2.03099989891,2.79774999619,-7.76913022995,-2.98295998573,-0.402444005013,3.35233998299,2.49078011513,3.70809006691,0.34999999404,1.0,0.0,0.0,0.0,
2263,0,"Creature\FelOrc\FelOrc.mdx",1,1.0,1,4,18.0,12.0,1.0,,0,0,2148,0.611100018024,2.03099989891,0.0,-0.418873012066,-0.863676011562,-0.000199000001885,0.673703014851,0.826487004757,2.29415011406,1.0,1.0,0.0,0.0,0.0,
2264,0,"Creature\Pig\Pig.mdx",0,1.0,1,3,9.0,6.0,1.0,,0,0,66,0.694400012493,1.02799999714,0.0,-0.865458011627,-0.364771008492,-5.4000000091e-005,0.815367996693,0.340566009283,1.04323005676,1.0,1.0,0.0,0.0,0.0,
2265,0,"Creature\Turtle\Turtle.mdx",0,1.0,3,7,18.0,12.0,1.0,,0,0,171,0.694400012493,2.08299994469,0.0,-2.98255991936,-1.30243003368,0.000287000002572,1.42974996567,1.3085000515,2.10998988152,1.0,1.0,0.0,0.0,0.0,
2266,2,"Creature\ArcaneGolem\ArcaneGolem.mdx",1,1.0,-1,1,18.0,12.0,1.0,,0,0,2149,0.611100018024,2.03099989891,0.0,-0.85484701395,-1.73572003841,0.00232199998572,1.86361002922,1.53561997414,3.0446100235,1.0,1.0,0.0,0.0,0.0,
2267,2,"Creature\ArcaneGolem\ArcaneGolemBroken.mdx",1,1.0,-1,1,18.0,12.0,1.0,,0,0,2150,0.611100018024,2.03099989891,0.0,-1.42987000942,-1.37452995777,0.00356699991971,0.8711810112,1.69358003139,3.13755011559,1.0,1.0,0.0,0.0,0.0,
2270,0,"Creature\CRAWLER\Crawler.mdx",1,1.0,-1,-1,0.0,0.0,0.0,,0,0,2157,0.611100018024,2.03099989891,0.0,-1.21730995178,-0.940510988235,-0.0074359998107,0.946166992188,0.90742701292,3.02021002769,1.0,1.0,0.0,0.0,0.0,
2271,0,"Creature\FelOrcAxe\FelOrcWarriorAxe.mdx",1,1.0,1,4,18.0,12.0,1.0,,0,0,2158,0.75,2.36100006104,0.0,-0.418873012066,-0.868604004383,-0.000199000001885,0.752753973007,0.899396002293,2.49848008156,1.0,1.0,0.0,0.0,0.0,
2272,10,"Creature\FelReaver\FelReaver.mdx",4,1.5,3,5,18.0,12.0,1.0,,82,12,2159,0.611100018024,2.03099989891,0.0,-8.98040962219,-7.70656013489,-0.0185090005398,4.62451982498,7.7054400444,21.4151992798,1.0,1.0,0.0,0.0,0.0,
2273,0,"Creature\Moarg\Moarg1.mdx",1,1.0,2,1,18.0,12.0,1.0,,0,0,2160,0.611100018024,2.03099989891,0.0,-1.40342998505,-2.03449010849,-0.040160998702,1.88945996761,1.96969997883,4.27635002136,1.0,1.0,0.0,0.0,0.0,
2274,0,"Creature\Moarg\Moarg2.mdx",1,1.0,2,1,18.0,12.0,1.0,,0,0,2161,0.611100018024,2.03099989891,0.0,-1.42183995247,-2.03449010849,-0.215054005384,2.50934004784,2.56463003159,5.00045013428,1.0,1.0,0.0,0.0,0.0,
2275,0,"Creature\Moarg\Moarg3.mdx",1,1.0,3,1,18.0,12.0,1.0,,0,0,2162,0.611100018024,2.03099989891,0.0,-1.82727003098,-2.03449010849,-0.448605000973,2.73720002174,2.94551992416,5.61612987518,0.75,1.0,0.0,0.0,0.0,
2276,0,"Creature\Moarg\Moarg4.mdx",1,1.0,2,1,18.0,12.0,1.0,,0,0,2163,0.611100018024,2.03099989891,0.0,-1.51652002335,-2.03449010849,-0.269609004259,2.4855799675,2.73004007339,5.2008099556,1.0,1.0,0.0,0.0,0.0,
2277,0,"Creature\Moarg\Moarg5.mdx",1,1.0,2,1,18.0,12.0,1.0,,0,0,2164,0.611100018024,2.03099989891,0.0,-1.59213995934,-2.03449010849,-0.0401600003242,2.5085299015,2.7325899601,5.35444021225,1.0,1.0,0.0,0.0,0.0,
2278,0,"Creature\MoargMinion\MoargMinion.mdx",0,1.0,3,1,18.0,12.0,1.0,,0,0,2165,0.611100018024,2.03099989891,0.0,-0.617663025856,-0.830989003181,-0.001111999969,0.58624202013,0.995310008526,1.56511998177,0.949999988079,0.850000023842,0.0,0.0,0.0,
2279,0,"Creature\PITLORD\Pitlord.mdx",3,1.0,1,5,18.0,12.0,1.0,,0,10,2166,0.611100018024,2.03099989891,0.0,-8.19556045532,-2.49300003052,-0.0669670030475,1.62557005882,2.65241003036,5.75514984131,0.699999988079,1.5,0.0,0.0,0.0,
2280,0,"Creature\Skunk\skunk.mdx",0,1.0,1,7,6.0,4.0,1.0,,0,0,2167,0.611100018024,2.03099989891,0.462592989206,-0.97860199213,-0.204659000039,-0.00965499971062,0.417973995209,0.239391997457,1.04197001457,1.0,1.0,0.0,0.0,0.0,
2281,0,"Creature\FelOrcSword\FelOrcWarriorSword.mdx",1,1.0,1,4,18.0,12.0,1.0,,0,0,2168,0.75,2.36100006104,0.0,-0.418873012066,-0.77651900053,-0.000199000001885,0.870653986931,0.868915975094,2.70744991302,1.0,1.0,0.0,0.0,0.0,
2282,0,"Creature\HydraOutland\HydraOutland.mdx",2,1.0,1,5,18.0,12.0,1.0,,0,0,2169,0.611100018024,2.03099989891,0.0,-6.22926998138,-2.99577999115,-0.191697001457,2.72561001778,4.29361009598,5.21256017685,1.0,1.0,0.0,0.0,0.0,
2283,2,"Creature\AbyssalOutland\Abyssal_Outland.mdx",2,1.0,3,1,18.0,12.0,1.0,,0,0,2170,0.611100018024,2.03099989891,0.0,-1.58320999146,-2.63742995262,-0.156470999122,1.29272997379,2.5124900341,4.20461988449,1.0,1.0,0.0,0.0,0.0,
2284,0,"Creature\arakkoaoutland\arakkoaoutland.mdx",1,1.0,1,5,18.0,12.0,1.0,,0,0,2171,0.611100018024,2.03099989891,1.72913002968,-0.728515982628,-0.899269998074,-0.0480000004172,0.973006010056,0.87078499794,2.46466994286,1.0,1.0,0.0,0.0,0.0,
2285,0,"Creature\BasiliskOutland\Basilisk_Outland.mdx",1,1.0,1,5,18.0,12.0,1.0,,0,0,2172,0.694400012493,2.08299994469,0.0,-6.11823987961,-3.00923991203,-0.205840006471,2.65626001358,3.08227992058,2.50480008125,1.0,1.0,0.0,0.0,0.0,
2286,1,"Creature\CarrionBirdOutland\CarrionBirdOutland.mdx",1,1.0,1,-1,0.0,0.0,0.0,,0,0,2173,0.611100018024,2.03099989891,0.0,-2.16990995407,-2.07557010651,0.537169992924,1.65413999557,2.24972009659,6.22892999649,1.0,1.0,0.0,0.0,0.0,
2288,1,"Creature\Broom\BE_Broom01.mdx",0,1.0,-1,-1,0.0,0.0,0.0,,0,0,2174,0.0,0.0,0.0,-0.689036011696,-0.164670005441,0.0035959999077,0.671182990074,0.164670005441,2.01593995094,1.0,1.0,0.0,0.0,0.0,
2289,3,"Creature\ShaHaunt\ShaHaunt.mdx",1,1.0,1,-1,18.0,12.0,1.0,,0,0,2175,0.611100018024,2.03099989891,0.0,-1.35298001766,-1.76614999771,-0.0897980034351,1.39956998825,1.51961994171,1.98503994942,1.0,1.0,0.0,0.0,0.0,
2290,0,"Creature\ImpOutland\ImpOutland.mdx",0,1.0,3,5,18.0,12.0,1.0,,0,0,2176,0.611100018024,2.03099989891,0.0,-1.46379005909,-0.74268001318,-0.00277799996547,0.69710201025,0.748070001602,1.97321999073,1.0,1.0,0.0,0.0,0.0,
2291,1,"Creature\LarvaOutland\LarvaOutland.mdx",1,1.0,2,-1,0.0,0.0,0.0,,0,0,2177,0.611100018024,2.03099989891,0.0,-4.81411981583,-1.82510995865,-0.236798003316,3.22726011276,1.74243998528,2.49131989479,1.0,1.0,0.0,0.0,0.0,
2293,0,"Creature\RaptorOutland\Raptor_Outland.mdx",1,1.0,1,5,18.0,12.0,1.0,,0,0,2178,0.611100018024,2.03099989891,2.52061009407,-4.32721996307,-1.11221003532,-0.0623829998076,2.04743003845,2.09505009651,3.35738992691,1.0,1.0,0.0,0.0,0.0,
2295,1,"Creature\WindserpentOutland\WindSerpentOutland.mdx",1,1.0,1,-1,0.0,0.0,0.0,,0,0,2180,0.611100018024,2.03099989891,0.0,-5.09820985794,-3.00267004967,0.0126590002328,2.64352011681,2.71775007248,5.1993598938,1.0,1.0,0.0,0.0,0.0,
2296,3,"Creature\InvisibleStalker\InvisibleStalkerNoName.mdx",1,1.0,3,4,18.0,12.0,1.0,,0,0,1608,0.611100018024,2.03099989891,0.0,1.0,1.0,1.0,-1.0,-1.0,-1.0,1.0,1.0,0.0,0.0,0.0,
2297,0,"Creature\Tree\AshenvaleTreeFalling01.mdx",0,1.0,-1,-1,0.0,0.0,0.0,,0,0,2181,0.611100018024,2.03099989891,0.0,-35.9813995361,-49.9746017456,-29.6411991119,36.2433013916,75.1112976074,116.882003784,1.0,1.0,0.0,0.0,0.0,
2298,4,"Character\FelOrc\Female\FelOrcFemale.mdx",1,1.0,1,1,12.0,11.0,1.0,,0,0,2284,0.75,2.36100006104,0.0,-0.725226998329,-0.874448001385,-0.00694399978966,0.673703014851,0.853354990482,2.35085010529,1.0,1.0,0.0,0.0,0.0,
2299,4,"Character\FelOrc\Male\FelOrcMale.mdx",1,1.0,1,1,12.0,14.0,1.0,,0,0,2283,0.75,2.36100006104,1.11705005169,-0.725234985352,-0.874448001385,-0.00694399978966,0.673703014851,0.853353977203,2.29415011406,1.0,1.0,0.0,0.0,0.0,
2300,0,"Creature\SPELLS\StasisTotem.mdx",0,1.0,-1,-1,0.0,0.0,0.0,,0,0,177,0.793600022793,2.08299994469,0.0,-1.84081995487,-1.83827996254,-0.202910006046,1.84005999565,1.84259998798,2.88868999481,1.0,1.0,0.0,0.0,0.0,
2301,0,"Creature\SPELLS\HealingTotem.mdx",0,1.0,-1,-1,18.0,12.0,1.0,,0,0,190,0.793600022793,2.08299994469,0.0,-1.1872600317,-1.14091002941,-0.202910006046,1.21249997616,1.25883996487,2.31520009041,1.0,1.0,0.0,0.0,0.0,
2302,0,"Creature\SPELLS\Serpent_Totem.mdx",0,1.0,-1,-1,0.0,0.0,0.0,,0,0,180,0.793600022793,2.87599992752,0.0,-1.94801998138,-1.9016699791,-0.202910006046,1.97326004505,2.01959991455,3.29023003578,1.0,1.0,0.0,0.0,0.0,
2303,0,"Creature\SPELLS\ManaTotem.mdx",0,1.0,-1,-1,0.0,0.0,0.0,,0,0,199,0.793600022793,2.08299994469,0.0,-1.4272300005,-1.38089001179,-0.202910006046,1.45246994495,1.49881994724,2.31520009041,1.0,1.0,0.0,0.0,0.0,
2304,0,"Creature\SPELLS\InvisibilityTotem.mdx",0,1.0,-1,-1,0.0,0.0,0.0,,0,0,201,0.793600022793,2.08299994469,0.0,-1.09495997429,-1.048609972,-0.202910006046,1.12020003796,1.16655004025,2.7648499012,1.0,1.0,0.0,0.0,0.0,
2305,0,"Creature\SPELLS\SentryTotem.mdx",0,1.0,-1,-1,0.0,0.0,0.0,,0,0,200,0.793600022793,1.73899996281,0.0,-1.15850996971,-1.11215996742,-0.202910006046,1.18375003338,1.23010003567,2.33732008934,1.0,1.0,0.0,0.0,0.0,
2306,0,"Creature\SPELLS\FireTotem.mdx",0,1.0,-1,-1,0.0,0.0,0.0,,0,0,2182,0.0,0.0,0.0,-0.930926024914,-0.884580016136,-0.448078006506,0.956166028976,1.00250995159,1.90541005135,1.0,1.0,0.0,0.0,0.0,
2307,3,"Creature\Cloud\CloudSwampGas.mdx",1,1.0,-1,-1,1.0,1.0,1.0,,0,0,2183,0.611100018024,2.03099989891,0.0,1.0,1.0,1.0,-1.0,-1.0,-1.0,1.0,1.0,0.0,0.0,0.0,
2310,0,"Creature\arakkoaoutland\arakkoaoutland.mdx",1,1.0,1,5,18.0,12.0,1.0,,0,0,2186,0.611100018024,2.03099989891,1.72913002968,-0.728514015675,-0.9343739748,-0.0479989983141,0.973003983498,0.870786011219,2.39552998543,1.0,1.0,0.0,0.0,0.0,
2311,0,"Creature\arakkoaoutland\arakkoaoutland.mdx",1,1.0,1,5,18.0,12.0,1.0,,0,0,2171,0.611100018024,2.03099989891,1.72913002968,-0.728515028954,-0.899277985096,-0.0480020008981,0.973007977009,0.870782017708,2.46466994286,1.0,1.0,0.0,0.0,0.0,
2313,0,"Creature\RidingElekk\RidingElekk.mdx",2,1.0,1,6,24.0,20.0,1.0,,0,0,2188,0.611100018024,2.03099989891,2.93086004257,-2.11853003502,-2.73587989807,-0.0801919996738,3.49196004868,1.74981999397,4.46695995331,1.0,1.0,0.0,0.0,0.0,
2315,2,"Creature\MountainGiantOutland\MountainGiant_Bladesedge.mdx",3,1.0,3,1,18.0,12.0,1.0,,0,0,2189,0.611100018024,2.03099989891,0.0,-2.80856990814,-4.14750003815,-0.0213370006531,3.97267007828,4.00757980347,10.1346998215,1.0,1.0,0.0,0.0,0.0,
2316,2,"Creature\MountainGiantOutland\MountainGiant_Netherstorm.mdx",3,1.0,3,1,18.0,12.0,1.0,,0,0,2190,0.611100018024,2.03099989891,0.0,-2.29472994804,-4.14750003815,-0.0213370006531,3.97267007828,4.00757980347,8.50020980835,1.0,1.0,0.0,0.0,0.0,
2317,2,"Creature\MountainGiantOutland\MountainGiant_Zangarmarsh.mdx",3,1.0,3,1,18.0,12.0,1.0,,0,0,2191,0.611100018024,2.03099989891,0.0,-2.29472994804,-4.14750003815,-0.0213370006531,3.97267007828,4.00757980347,8.50020980835,1.0,1.0,0.0,0.0,0.0,
2318,1,"Creature\VoidWalkerOutland\VoidWalker_Outland.mdx",1,1.0,3,4,18.0,12.0,1.0,,0,0,2192,0.611100018024,2.03099989891,0.0,-1.16551995277,-1.84039998055,0.0814210027456,1.01510000229,1.84162998199,3.33714008331,0.40000000596,1.0,0.0,0.0,0.0,
2319,1,"Creature\ChimeraOutland\ChimeraOutland.mdx",2,1.0,1,-1,0.0,0.0,0.0,,0,0,2193,0.611100018024,2.03099989891,0.0,-4.8115401268,-7.2285399437,0.313006013632,3.73614001274,7.03486013412,5.10372018814,1.0,1.0,0.0,0.0,0.0,
2320,0,"Creature\DoomGuardOutland\DoomGuardOutland.mdx",0,1.0,-1,-1,18.0,12.0,1.0,,0,0,2194,0.611100018024,2.03099989891,0.0,-2.48123002052,-2.23255991936,-0.00804399978369,1.01200997829,2.45648002625,4.63133001328,1.0,1.0,0.0,0.0,0.0,
2321,0,"Creature\LobstrokOutland\LobstrokOutland.mdx",0,1.0,-1,-1,18.0,12.0,1.0,,0,0,2195,0.694400012493,2.08299994469,0.0,-3.06224989891,-2.15681004524,-0.0219870004803,1.25007998943,1.8092700243,3.84385991096,1.0,1.0,0.0,0.0,0.0,
2322,0,"Creature\MountainGiantOutland\MountainGiant_Bladesedge.mdx",0,1.0,-1,-1,0.0,0.0,0.0,,0,0,2189,0.611100018024,2.03099989891,0.0,-2.80856990814,-4.14750003815,-0.0213370006531,3.97267007828,4.00757980347,10.1346998215,1.0,1.0,0.0,0.0,0.0,
2323,0,"Creature\MountainGiantOutland\MountainGiant_Netherstorm.mdx",0,1.0,-1,-1,0.0,0.0,0.0,,0,0,2190,0.611100018024,2.03099989891,0.0,-2.29472994804,-4.14750003815,-0.0213370006531,3.97267007828,4.00757980347,8.50020980835,1.0,1.0,0.0,0.0,0.0,
2324,0,"Creature\MountainGiantOutland\MountainGiant_Zangarmarsh.mdx",0,1.0,-1,-1,0.0,0.0,0.0,,0,0,2191,0.611100018024,2.03099989891,0.0,-2.29472994804,-4.14750003815,-0.0213370006531,3.97267007828,4.00757980347,8.50020980835,1.0,1.0,0.0,0.0,0.0,
2325,0,"Creature\RidingTurtle\RidingTurtle.mdx",1,1.0,-1,6,18.0,12.0,1.0,,0,0,2196,0.611100018024,2.03099989891,1.69126999378,-2.07738995552,-0.978854000568,-0.0138699999079,0.944145977497,0.978972971439,1.84695994854,1.0,1.0,0.0,0.0,0.0,
2326,3,"Creature\Gryphon\Gryphon_Skeletal.mdx",0,1.0,-1,5,18.0,12.0,1.0,,0,0,2197,0.611100018024,2.03099989891,1.56762003899,-2.4701499939,-3.38382005692,0.237627997994,1.69839000702,3.33406996727,4.3547000885,1.0,1.0,0.0,0.0,0.0,
2328,0,"Creature\Zippelin\Zippelin.mdx",0,1.0,-1,-1,0.0,0.0,0.0,,0,0,2199,0.694400012493,2.08299994469,0.0,-0.792913973331,-0.542132019997,0.707490026951,0.490943014622,0.548828005791,2.10566997528,1.0,1.0,0.0,0.0,0.0,
2329,0,"Creature\Landro\Landro.mdx",0,1.0,-1,-1,0.0,0.0,0.0,,0,0,2200,0.611100018024,2.03099989891,0.0,-0.403986990452,-0.578804016113,-0.00590399978682,0.452517002821,0.616747975349,1.42024004459,1.0,1.0,0.0,0.0,0.0,
2330,0,"Creature\TempDeathGuard\DeathGuard.mdx",0,1.0,-1,-1,18.0,12.0,1.0,,0,0,148,0.694400012493,2.08299994469,0.0,-0.50293302536,-0.566322028637,-0.000468999991426,0.298299998045,0.359834998846,1.85826003551,1.0,1.0,0.0,0.0,0.0,
2332,1,"Creature\AllianceRider\AllianceRider.mdx",0,1.0,-1,-1,18.0,12.0,1.0,,0,0,2201,0.611100018024,2.03099989891,0.0,-2.54100990295,-4.04135990143,0.03317900002,1.93446004391,4.03026008606,5.40431976318,1.0,1.0,0.0,0.0,0.0,
2333,1,"Creature\HordeRider\HordeRider.mdx",0,1.0,-1,-1,18.0,12.0,1.0,,0,0,2202,0.694400012493,2.08299994469,0.0,-3.20152997971,-5.22185993195,0.423987001181,3.13663005829,5.23434019089,6.74156999588,1.0,1.0,0.0,0.0,0.0,
2334,1,"Creature\DragonWhelpOutland\DragonWhelpOutland.mdx",0,1.0,1,-1,0.0,0.0,0.0,,0,0,2203,0.611100018024,2.03099989891,0.0,-0.752445995808,-0.898724019527,0.979083001614,0.622045993805,0.943049013615,3.19653010368,1.0,1.0,0.0,0.0,0.0,
2335,0,"Creature\GronnDraenor\GronnDraenor.mdx",4,1.0,1,1,18.0,12.0,1.0,,2,12,2204,0.611100018024,2.03099989891,0.0,-2.3903799057,-2.37068009377,-0.0448400005698,1.99747002125,2.61977005005,4.84857988358,1.0,1.0,0.0,0.0,0.0,
2337,0,"Creature\Landro\Landro.mdx",0,1.0,-1,1,0.0,0.0,0.0,,0,0,2206,0.611100018024,2.03099989891,0.0,-0.403986990452,-0.578804016113,-0.00590399978682,0.452517002821,0.616747975349,1.42024004459,1.0,1.0,0.0,0.0,0.0,
2338,0,"Creature\Elekk\Elekk.mdx",2,1.0,1,6,24.0,20.0,1.0,,0,0,2207,3.8029999733,3.35800004005,0.0,1.0,1.0,1.0,-1.0,-1.0,-1.0,1.0,1.0,0.0,0.0,0.0,
2340,3,"Creature\AirElemental\AirElemental.mdx",0,1.0,2,4,0.0,0.0,0.0,,0,0,528,0.694400012493,2.08299994469,0.0,-1.34089004993,-1.54436004162,0.414725989103,1.10739994049,1.50098001957,3.36875009537,1.0,1.0,0.0,0.0,0.0,
2353,0,"CHARACTER\Naga_\Male\Naga_Male.mdx",0,1.0,1,1,0.0,0.0,0.0,,0,0,2281,0.611100018024,2.03099989891,0.0,-1.6484400034,-1.10390996933,-0.0452289991081,0.800144970417,1.11418998241,2.81539011002,1.0,1.0,0.0,0.0,0.0,
2354,4,"CHARACTER\Naga_\Female\Naga_Female.mdx",0,1.0,1,1,0.0,0.0,0.0,,0,0,2282,0.611100018024,2.03099989891,0.0,-1.80627000332,-0.73834002018,-0.020101999864,0.602764010429,0.747193992138,2.83435988426,1.0,1.0,0.0,0.0,0.0,
2355,0,"Creature\Tiger\Tigercub.mdx",0,1.0,1,7,4.0,3.0,1.0,,0,0,2208,0.611100018024,2.03099989891,0.0,-1.25601005554,-0.279825001955,-0.000142999997479,0.496194005013,0.270765990019,0.7016299963,1.0,1.0,0.0,0.0,0.0,
2356,0,"Creature\Hippogryph\HippogryphPet.mdx",0,1.0,-1,-1,0.0,0.0,0.0,,0,0,2209,0.611100018024,2.03099989891,1.65658998489,-3.55647993088,-2.33283996582,4.23749017715,2.76550006866,2.39107990265,9.72348976135,1.0,1.0,0.0,0.0,0.0,
2357,0,"Creature\QuestObjects\Creature_NagaDistiller.mdx",0,1.0,-1,-1,12.0,18.0,0.0,,0,0,2210,2.9849998951,4.57399988174,0.0,-2.16343998909,-2.18079996109,-0.353008002043,2.17509007454,2.15774011612,4.68741989136,1.0,1.0,0.0,0.0,0.0,
2358,0,"Creature\Elekk\ElekkWild.mdx",1,1.0,1,3,24.0,20.0,1.0,,0,0,2207,0.611100018024,2.03099989891,0.0,-2.16462993622,-2.73586010933,-0.0805450007319,3.49196004868,1.74981999397,4.46697998047,1.0,1.0,0.0,0.0,0.0,
2360,0,"Creature\Wrathguard\Wrathguard.mdx",1,1.0,1,4,18.0,12.0,1.0,,0,0,2225,0.611100018024,2.03099989891,0.0,-3.04309010506,-0.996632993221,0.00516999978572,0.919768989086,1.53066003323,4.14778995514,1.0,1.0,0.0,0.0,0.0,
2361,0,"Creature\Shivan\Shivan.mdx",1,1.0,2,7,18.0,12.0,1.0,,0,0,2226,0.0,0.0,0.0,-0.805181980133,-2.71210002899,-0.00421100016683,1.68404996395,2.48816990852,5.3120598793,1.0,1.0,0.0,0.0,0.0,
2363,1,"Creature\DragonHawk\DragonHawk.mdx",1,1.0,1,-1,18.0,12.0,1.0,,0,0,2228,0.611100018024,2.03099989891,2.35259008408,-3.94611001015,-4.17579984665,-0.442461997271,3.40751004219,4.15813016891,4.65595006943,1.0,1.0,0.0,0.0,0.0,
2364,0,"Creature\RidingElekk\RidingElekk.mdx",0,1.0,3,6,24.0,20.0,1.0,,0,0,2229,0.611100018024,2.03099989891,2.93086004257,-2.11853003502,-2.73587989807,-0.0801919996738,3.49196004868,1.74981999397,4.46695995331,1.0,1.0,0.0,0.0,0.0,
2365,1,"Creature\GRYPHON\Gryphon_Ghost.mdx",0,1.0,-1,-1,18.0,12.0,1.0,,0,0,2230,0.611100018024,2.03099989891,1.56762003899,-2.54100990295,-4.04135990143,-0.647368013859,2.51472997665,4.03026008606,6.21568012238,1.0,1.0,0.0,0.0,0.0,
2366,1,"Creature\Moth\Moth.mdx",1,1.0,2,-1,0.0,0.0,0.0,,0,0,2231,0.611100018024,2.03099989891,0.0,-1.89201998711,-3.97744011879,-0.455839008093,1.69036996365,4.14010000229,5.5089302063,1.0,1.0,0.0,0.0,0.0,
2367,4,"CHARACTER\Broken\Male\BrokenMale.mdx",0,1.0,1,1,0.0,0.0,0.0,,0,0,2285,0.611100018024,2.03099989891,0.98721498251,-1.37600004673,-0.828456997871,-0.00382300000638,0.638890028,0.829370975494,2.47966003418,1.0,1.0,0.0,0.0,0.0,
2368,0,"CHARACTER\Broken\Female\BrokenFemale.mdx",0,1.0,1,1,0.0,0.0,0.0,,0,0,2286,0.666700005531,2.11100006104,0.0,-0.755765020847,-0.704946994781,-0.000734000001103,0.33082100749,0.704946994781,2.14553999901,1.0,1.0,0.0,0.0,0.0,
2369,0,"CHARACTER\Skeleton\Male\SkeletonMale.mdx",0,1.0,1,1,18.0,14.0,1.0,,0,0,2280,0.694400012493,1.86099994183,1.07824003696,-0.825213015079,-0.562815010548,-0.0055370000191,0.376165002584,0.463344991207,1.81531000137,1.0,1.0,0.0,0.0,0.0,
2370,0,"CHARACTER\Skeleton\Female\SkeletonFemale.mdx",0,1.0,1,1,18.0,14.0,1.0,,0,0,2279,0.0,0.0,0.0,-0.117494001985,-0.117092996836,0.0,0.11866299808,0.119065001607,0.14613699913,1.0,1.0,0.0,0.0,0.0,
2371,0,"Creature\RockFlayer\RockFlayer.mdx",1,1.0,-1,5,18.0,12.0,1.0,,0,0,2233,0.611100018024,2.03099989891,0.0,-1.78857004642,-1.17974996567,-0.291442990303,1.45896995068,1.67331004143,2.35615992546,1.0,1.0,0.0,0.0,0.0,
2372,0,"Creature\InvisibleStalker\InvisibleStalkerNoName.mdx",0,1.0,-1,-1,18.0,12.0,1.0,,0,0,2234,0.611100018024,2.03099989891,0.0,1.0,1.0,1.0,-1.0,-1.0,-1.0,1.0,1.0,0.0,0.0,0.0,
2373,0,"Creature\StormCrow\StormCrow.mdx",0,1.0,1,-1,18.0,12.0,1.0,,0,0,390,0.611100018024,2.03099989891,0.0,-1.49665999413,-2.02870988846,0.748589992523,1.73989999294,2.20378994942,6.26117992401,1.0,1.0,0.0,0.0,0.0,
2374,0,"Creature\Wyvern\Wyvern_Armored.mdx",1,1.0,1,-1,18.0,12.0,1.0,,0,0,2235,0.694400012493,2.08299994469,1.19388997555,-3.39085006714,-5.22185993195,0.306299000978,3.13663005829,5.23434019089,6.74156999588,1.0,1.0,0.0,0.0,0.0,
2375,0,"Creature\Gryphon\Gryphon_Mount.mdx",1,1.0,1,5,24.0,16.0,1.0,,0,0,2236,0.611100018024,2.03099989891,1.56762003899,-2.13573002815,-1.28965997696,-0.0974159985781,2.50390005112,1.17446005344,2.4900200367,1.0,1.0,0.0,0.0,0.0,
2376,0,"Creature\Gryphon\Gryphon_ArmoredMount.mdx",1,1.0,1,5,24.0,16.0,1.0,,0,0,2237,0.611100018024,2.03099989891,1.56762003899,-2.13574004173,-1.28965997696,-0.0974140018225,2.52730989456,1.17446005344,2.6650800705,1.0,1.0,0.0,0.0,0.0,
2377,0,"Creature\RidingWyvern\RidingWyvern.mdx",1,1.0,1,5,18.0,12.0,1.0,,0,0,2235,0.611100018024,2.03099989891,1.19388997555,-4.44772005081,-1.54909002781,-0.224931001663,1.68783998489,0.954882979393,2.01985001564,1.0,1.0,0.0,0.0,0.0,
2378,0,"Creature\RidingWyvernArmored\RidingWyvernArmored.mdx",1,1.0,1,5,18.0,12.0,1.0,,0,0,2238,0.611100018024,2.03099989891,1.19388997555,-4.63808012009,-1.6181999445,-0.324001997709,1.72845995426,1.03877997398,2.11660003662,0.600000023842,1.0,0.0,0.0,0.0,
2379,0,"Creature\Voidcaller\VoidCaller.mdx",1,1.0,3,4,18.0,12.0,1.0,,0,0,2239,0.611100018024,2.03099989891,0.0,-1.21300005913,-1.84039998055,0.0814210027456,1.07103002071,1.84162998199,4.23181009293,0.5,1.0,0.0,0.0,0.0,
2380,1,"Creature\LasherOrchid\LasherOrchid.mdx",0,1.0,2,4,18.0,12.0,1.0,,0,0,2240,0.611100018024,2.03099989891,0.0,-1.72500002384,-1.77376997471,-0.0868759974837,1.70931994915,1.96902000904,3.02039003372,1.0,1.0,0.0,0.0,0.0,
2381,0,"Creature\DragonWhelpOutlandCute\DragonWhelpOutlandCute.mdx",0,1.0,2,-1,10.0,6.0,1.0,,0,0,2241,0.611100018024,2.03099989891,0.0,-0.752445995808,-0.898724019527,0.979083001614,0.622045993805,0.943049013615,3.19653010368,1.0,1.0,0.0,0.0,0.0,
2382,0,"Creature\InvisibleMan\InvisibleMan.mdx",0,1.0,-1,-1,18.0,12.0,1.0,,0,0,2101,0.611100018024,2.03099989891,0.0,1.0,1.0,1.0,-1.0,-1.0,-1.0,1.0,1.0,0.0,0.0,0.0,
2383,0,"Creature\sporebat\SporeBat.mdx",0,1.0,2,-1,18.0,12.0,1.0,,0,0,2242,0.611100018024,2.03099989891,0.0,-1.76248002052,-1.06778001785,0.206971004605,1.20353996754,0.996335983276,3.76315999031,1.0,1.0,0.0,0.0,0.0,
2384,11,"Creature\PHOENIX\Phoenix.mdx",3,1.0,-1,-1,18.0,12.0,1.0,,0,0,2243,0.611100018024,2.03099989891,1.56762003899,-3.88258004189,-4.72670984268,-0.462449014187,2.27770996094,4.62193012238,6.00194978714,0.600000023842,1.0,0.0,0.0,0.0,
2385,9,"Creature\Tripod\Tripod.mdx",2,1.0,2,-1,18.0,12.0,1.0,,0,0,2244,0.611100018024,2.03099989891,0.0,-1.06783998013,-1.56461000443,-0.121417999268,2.60426998138,1.50267994404,7.5539598465,1.0,1.0,0.0,0.0,0.0,
2386,0,"Creature\DragonWhelpOutland\DragonWhelpOutland.mdx",0,1.0,-1,-1,0.0,0.0,0.0,,0,0,2203,0.611100018024,2.03099989891,0.0,-0.752445995808,-0.898724019527,0.979083001614,0.622045993805,0.943049013615,3.19653010368,1.0,1.0,0.0,0.0,0.0,
2387,0,"Creature\Velen\Velen.mdx",1,1.0,1,1,18.0,12.0,1.0,,0,0,2245,0.862900018692,2.5039999485,0.0,-1.0748000145,-0.7195109725,-0.00329999998212,0.665597975254,0.667402982712,2.84359002113,1.0,1.0,0.0,0.0,0.0,
2388,1,"Creature\QuestObjects\Creature_PowerCrystal.mdx",0,1.0,-1,-1,18.0,12.0,1.0,,0,0,2246,0.444400012493,0.444400012493,0.0,-0.686639010906,-0.722746014595,0.0867479965091,0.634922027588,0.626118004322,1.20809996128,1.0,1.0,0.0,0.0,0.0,
2390,0,"Creature\Naaru\Naaru.mdx",2,1.0,-1,-1,0.0,0.0,0.0,,0,0,2248,0.611100018024,2.03099989891,0.0,-2.40895009041,-2.47640991211,0.805460989475,2.46561002731,2.50022006035,8.06075954437,1.0,1.0,0.0,0.0,0.0,
2392,0,"Creature\SporeCreature\SporeCreature.mdx",0,1.0,-1,-1,18.0,12.0,1.0,,0,0,2135,0.611100018024,2.03099989891,0.0,-1.93183994293,-1.95683002472,0.765299022198,1.84625005722,1.77751004696,4.6195101738,1.0,1.0,0.0,0.0,0.0,
2393,0,"Creature\Voidlord\VoidLord.mdx",0,1.0,3,4,18.0,12.0,1.0,,0,0,2250,0.611100018024,2.03099989891,0.0,-1.16551995277,-1.38867998123,0.0814210027456,1.01510000229,1.41070997715,3.66544008255,0.5,1.0,0.0,0.0,0.0,
2394,0,"Creature\Voidwraith\VoidWraith.mdx",1,1.0,3,4,18.0,12.0,1.0,,0,0,2251,0.611100018024,2.03099989891,0.0,-1.30713999271,-1.47660005093,0.460247993469,1.25136995316,1.44539999962,3.16724991798,0.40000000596,1.0,0.0,0.0,0.0,
2395,0,"Creature\Lord Kezzak\LordKezzak_Armored.mdx",2,1.0,3,3,12.0,18.0,1.0,,1,11,2252,0.611100018024,2.03099989891,0.0,-6.89601993561,-9.75800991058,0.00113200000487,4.32720994949,9.90839958191,11.4411001205,1.0,1.0,0.0,0.0,0.0,
2396,0,"Creature\NetherDrake\NetherDrake.mdx",1,1.0,-1,-1,18.0,12.0,1.0,,0,0,2147,0.611100018024,2.03099989891,2.79774999619,-7.76913022995,-2.98295998573,-0.402444005013,3.35233998299,2.49078011513,3.70809006691,1.0,1.0,0.0,0.0,0.0,
2397,9,"Creature\NetherDragon\NetherDragon.mdx",2,1.0,3,4,18.0,12.0,1.0,,0,0,2253,0.611100018024,2.03099989891,0.0,-9.73950958252,-3.9186398983,0.524357020855,3.827450037,4.48148012161,9.21158981323,1.10000002384,3.0,0.0,0.0,0.0,
2398,0,"Creature\RidingPhoenix\RidingPhoenix.mdx",1,1.0,-1,-1,18.0,12.0,1.0,,0,0,2254,0.611100018024,2.03099989891,1.56762003899,-3.85804009438,-4.75866985321,-0.527917027473,2.55501008034,4.67354011536,6.09344005585,1.0,1.0,0.0,0.0,0.0,
2399,0,"Creature\RidingElekk\RidingElekk.mdx",1,1.0,3,3,24.0,20.0,1.0,,0,0,2229,0.611100018024,2.03099989891,2.93086004257,-2.11853003502,-2.73587989807,-0.0801919996738,3.49196004868,1.74981999397,4.46695995331,1.0,1.0,0.0,0.0,0.0,
2400,0,"Creature\RidingElekk\RidingElekkElite.mdx",0,1.0,3,6,24.0,20.0,1.0,,0,0,2255,0.611100018024,2.03099989891,2.93086004257,-2.16392993927,-2.65440988541,-0.186485007405,3.75437998772,1.76820003986,4.48799991608,1.0,1.0,0.0,0.0,0.0,
2401,0,"Creature\OgreMageLord\OgreMageLord.mdx",2,1.0,1,4,18.0,12.0,1.0,,0,0,2256,0.611100018024,2.03099989891,0.0,-0.619898021221,-1.10290002823,-0.0127219995484,0.555240988731,1.09779000282,2.88109993935,1.0,1.0,0.0,0.0,0.0,
2402,0,"Creature\FungalGiant\FungalGiant.mdx",3,0.800000011921,2,1,18.0,12.0,1.0,,0,0,2258,0.611100018024,2.03099989891,0.0,-1.39423000813,-2.61486005783,-0.00555700017139,2.02268004417,2.67141008377,5.98842000961,1.0,1.0,0.0,0.0,0.0,
2405,0,"Creature\Nightbane2\NightBane2.mdx",3,1.0,3,5,8.0,12.0,1.0,,2,12,2261,0.611100018024,2.03099989891,0.0,-18.7611999512,-10.519900322,-0.412550002337,10.0506000519,10.5899000168,13.752699852,1.0,1.0,0.0,0.0,0.0,
2409,1,"Creature\Raccoon\Raccoon.mdx",0,1.0,1,5,18.0,12.0,1.0,,0,0,2265,0.611100018024,2.03099989891,0.0,-5.2469701767,-1.29989004135,-1.69237995148,2.22220993042,1.35540997982,3.03063011169,1.0,1.0,0.0,0.0,0.0,
2410,0,"Creature\ReanimatedMannoroth\REANIMATEDMANNOROTHHULKED.mdx",3,1.0,2,1,18.0,12.0,1.0,,0,0,2266,0.611100018024,2.03099989891,0.0,-8.19556045532,-2.49300003052,-0.0669670030475,1.69612002373,2.65241003036,5.75514984131,1.0,1.0,0.0,0.0,0.0,
2411,0,"Creature\WarpStorm\WarpStorm.mdx",1,1.0,-1,-1,0.0,0.0,0.0,,0,0,2267,0.611100018024,2.03099989891,0.0,-7.8463101387,-7.74265003204,-4.5276799202,7.6268901825,7.73053979874,10.9455003738,1.0,1.0,0.0,0.0,0.0,
2416,0,"Creature\Rabbit\RabbitGold.mdx",0,1.0,1,4,18.0,12.0,1.0,,0,0,2272,0.611100018024,2.03099989891,0.0,-0.477102994919,-0.201774001122,-0.00638499995694,0.2877599895,0.194655001163,0.49767100811,1.0,1.0,0.0,0.0,0.0,
2417,0,"Creature\Drake\Drake.mdx",1,1.0,-1,-1,18.0,12.0,1.0,,0,0,1188,0.611100018024,2.03099989891,2.60072994232,-6.4514799118,-10.2115001678,-0.551222026348,2.7495200634,10.2109003067,11.5125999451,1.0,1.0,0.0,0.0,0.0,
2418,0,"Creature\DoomGuardOutland\DoomGuardOutland.mdx",3,1.0,-1,3,18.0,12.0,1.0,,79,12,2194,0.611100018024,2.03099989891,0.0,-2.48123002052,-2.23255991936,-0.00804399978369,1.01200997829,2.45648002625,4.63133001328,1.0,1.0,0.0,0.0,0.0,
2423,0,"Creature\Etherial\Etherial.mdx",1,1.0,-1,-1,18.0,12.0,1.0,,0,0,2277,0.611100018024,2.03099989891,0.0,-0.796856999397,-0.826610982418,-0.00192800001241,0.47878998518,0.904797017574,2.50212001801,1.0,1.0,0.0,0.0,0.0,
2424,0,"Creature\Archimonde2\Archimonde2.mdx",2,1.0,3,3,0.0,0.0,0.0,,0,0,2278,0.611100018024,2.03099989891,1.37589001656,-1.05490005016,-0.918145000935,0.000702999997884,0.584841012955,0.792734026909,2.52617001534,1.0,1.0,0.0,0.0,0.0,
2425,1,"Creature\DragonHawk\DragonHawk.mdx",1,1.0,1,-1,1.0,1.0,1.0,,0,0,2228,0.611100018024,2.03099989891,2.35259008408,-3.94611001015,-4.17579984665,-0.442461997271,3.40751004219,4.15813016891,4.65595006943,1.0,1.0,0.0,0.0,0.0,
2426,0,"Creature\Owl\Owl.mdx",1,1.0,-1,5,0.0,0.0,0.0,,0,0,350,0.611100018024,2.03099989891,0.0,-2.59106993675,-2.02892994881,0.462020009756,1.54738998413,2.20409011841,6.26182985306,1.0,1.0,0.0,0.0,0.0,
2427,0,"Creature\Archimonde2\Archimonde2.mdx",4,1.0,-1,-1,18.0,12.0,1.0,,0,0,2287,0.611100018024,2.03099989891,1.37589001656,-1.05490005016,-0.918151021004,0.000702999997884,0.594211995602,0.79254502058,2.66185998917,1.0,1.0,0.0,0.0,0.0,
2428,3,"Creature\FelCannon\FelCannon.mdx",1,1.0,3,-1,18.0,12.0,1.0,,0,0,2288,0.611100018024,2.03099989891,0.0,-3.17859005928,-2.60740995407,-1.26341998577,4.5222401619,2.60740995407,5.37407016754,1.0,1.0,0.0,0.0,0.0,
2429,0,"Creature\OgreKing\OgreKing.mdx",3,1.0,-1,-1,18.0,12.0,1.0,,0,0,2289,0.611100018024,2.03099989891,0.0,-1.0089199543,-1.08065998554,-0.00199400004931,0.786606013775,1.07486999035,3.10977005959,1.0,1.0,0.0,0.0,0.0,
2430,0,"Creature\Sporeling\Sporeling.mdx",0,1.0,2,-1,18.0,12.0,1.0,,0,0,2227,0.611100018024,2.03099989891,0.0,-0.247948005795,-0.855027973652,-0.00182600005064,1.08298003674,0.856485009193,2.17226004601,1.0,1.0,0.0,0.0,0.0,
2432,3,"Creature\WarpStorm\WarpStorm_Large.mdx",2,1.0,-1,-1,0.0,0.0,0.0,,0,0,2291,0.611100018024,2.03099989891,0.0,-13.616900444,-13.513299942,-5.57756996155,13.3975000381,13.5011997223,21.4368991852,1.0,1.0,0.0,0.0,0.0,
2433,3,"Creature\WarpStorm\WarpStorm_XLarge.mdx",3,1.0,-1,-1,0.0,0.0,0.0,,0,0,2292,0.611100018024,2.03099989891,0.0,-0.109710998833,-13.1610002518,-0.216244995594,-0.109710000455,13.148900032,26.0935993195,1.0,1.0,0.0,0.0,0.0,
2434,0,"Creature\Cockatrice\CockatriceMount.mdx",1,1.0,3,5,18.0,12.0,1.0,,0,0,2293,0.611100018024,2.03099989891,2.30880999565,-1.84370005131,-1.22836005688,0.00855499971658,1.47003996372,1.51522994041,3.36033010483,1.0,1.0,0.0,0.0,0.0,
2435,0,"Creature\Cockatrice\CockatriceElite.mdx",1,1.0,3,5,18.0,12.0,1.0,,0,0,2294,0.611100018024,2.03099989891,2.30880999565,-2.02637004852,-1.22836005688,0.00855499971658,1.47003996372,1.51522994041,3.36033010483,1.0,1.0,0.0,0.0,0.0,
2436,0,"Creature\Wyvern\Wyvern_Armored.mdx",1,1.0,1,5,18.0,12.0,1.0,,0,0,2238,0.694400012493,2.08299994469,0.0,-3.39085006714,-5.22185993195,0.306299000978,3.13663005829,5.23434019089,6.74156999588,1.0,1.0,0.0,0.0,0.0,
2437,0,"Creature\medivh\Medivh.mdx",1,1.0,-1,1,0.0,0.0,0.0,,0,0,2295,0.611100018024,2.03099989891,0.0,-0.493137985468,-0.904695987701,-0.00417099986225,0.337550014257,0.904269993305,2.45682001114,1.0,1.0,0.0,0.0,0.0,
2438,0,"Creature\warpstalker\WarpStalker.mdx",1,1.0,1,5,18.0,12.0,1.0,,0,0,2296,0.611100018024,2.03099989891,0.0,-8.98443984985,-2.09637999535,-0.0893070027232,2.04835009575,2.05543994904,2.82972002029,1.0,1.0,0.0,0.0,0.0,
2439,3,"Creature\firefly\FireFlyGreen.mdx",1,1.0,2,-1,0.0,0.0,0.0,,0,0,2297,0.611100018024,2.03099989891,2.83405995369,-2.48239994049,-3.56720995903,1.02964997292,2.40410995483,3.44994997978,6.88156986237,1.0,1.0,0.0,0.0,0.0,
2442,0,"Creature\FelBeast\FelBeast.mdx",1,1.0,3,1,20.0,14.0,0.0,,0,0,1368,0.611100018024,2.03099989891,0.0,-4.19112014771,-2.34443998337,-0.0243219994009,3.6191599369,2.32942008972,4.3511800766,1.0,1.0,0.0,0.0,0.0,
2443,0,"Creature\Gryphon\Gryphon_Armored.mdx",1,1.0,1,5,18.0,12.0,1.0,,0,0,2237,0.611100018024,2.03099989891,1.56762003899,-2.5416200161,-4.04152011871,0.0360229983926,1.93656003475,4.03026008606,5.40369987488,1.0,1.0,0.0,0.0,0.0,
2444,0,"Creature\FelOrcNetherdrake\FelOrcNetherDrake.mdx",1,1.0,3,-1,18.0,12.0,1.0,,0,0,2300,0.611100018024,2.03099989891,0.0,-7.27235984802,-2.96974992752,-0.366901993752,3.75243997574,2.71079993248,3.86472010612,1.0,1.0,0.0,0.0,0.0,
2445,1,"Creature\FelOrcNetherdrake\FelOrcNetherDrakeMounted.mdx",2,1.0,3,-1,18.0,12.0,1.0,,0,0,2301,0.611100018024,2.03099989891,0.0,-7.25061988831,-2.92550992966,-0.366901993752,3.75243997574,2.66321992874,4.57358980179,1.0,1.0,0.0,0.0,0.0,
2446,1,"Creature\Murmur\Murmur.mdx",0,1.0,-1,-1,18.0,12.0,1.0,,0,12,2302,0.611100018024,2.03099989891,0.0,-14.595700264,-18.3794002533,-2.30169010162,24.3092002869,18.4111995697,44.0877990723,1.0,1.0,0.0,0.0,0.0,
2447,11,"Creature\Timerift\Time_Rift1.mdx",1,1.0,1,-1,0.0,0.0,0.0,,0,0,2303,0.611100018024,2.03099989891,0.0,1.0,1.0,1.0,-1.0,-1.0,-1.0,1.0,1.0,0.0,0.0,0.0,
2448,0,"Creature\Krakken2\Krakken2.mdx",4,1.0,1,-1,18.0,12.0,1.0,,0,0,2304,0.611100018024,2.03099989891,0.0,-9.67973041534,-10.5550003052,-20.3652000427,5.60165977478,10.4472999573,8.37226009369,1.0,1.0,0.0,0.0,0.0,
2449,0,"Creature\Beholder\Beholder.mdx",1,1.0,-1,-1,18.0,12.0,1.0,,0,0,2305,0.611100018024,2.03099989891,1.27816998959,-2.68800997734,-2.62894010544,0.529362976551,3.23541998863,3.21662998199,8.62697982788,1.0,1.0,0.0,0.0,0.0,
2450,9,"Creature\DragonWhelpOutlandCute\DragonWhelpOutlandCute.mdx",0,1.0,3,-1,18.0,12.0,1.0,,0,0,2241,0.611100018024,2.03099989891,0.0,-0.752445995808,-0.898724019527,0.979083001614,0.622045993805,0.943049013615,3.19653010368,1.0,1.0,0.0,0.0,0.0,
2453,0,"Creature\DragonSpawnDarkshade\DragonSpawnDarkshade.mdx",1,1.0,3,5,18.0,12.0,1.0,,0,0,2308,0.611100018024,2.03099989891,1.54772996902,-3.22091007233,-2.39248991013,-0.0353679992259,1.97218000889,1.77918994427,2.58015990257,1.0,1.0,0.0,0.0,0.0,
2454,0,"Creature\DragonSpawnArmoredDarkshade\DragonSpawnArmoredDarkshade.mdx",1,1.0,3,5,18.0,12.0,1.0,,0,0,2309,0.611100018024,2.03099989891,0.0,-3.22091007233,-2.39248991013,-0.0353679992259,1.97218000889,1.77918994427,3.28888010979,1.0,1.0,0.0,0.0,0.0,
2455,0,"Creature\DrakeDarkshade\DrakeDarkshade.mdx",1,1.0,3,5,18.0,12.0,1.0,,0,0,2310,0.611100018024,2.03099989891,2.53466010094,-6.4514799118,-10.2115001678,-0.551221013069,2.7495200634,10.2109003067,11.5125999451,1.0,1.0,0.0,0.0,0.0,
2456,0,"Creature\DragonSpawnCasterDarkshade\DragonSpawnCasterDarkshade.mdx",1,1.0,3,5,18.0,12.0,1.0,,0,0,2311,0.611100018024,2.03099989891,0.0,-4.05107021332,-1.95963001251,-0.0300389993936,1.02504003048,1.86131000519,2.44350004196,1.0,1.0,0.0,0.0,0.0,
2457,3,"Creature\SPELLS\DraeneiTotem_Air.mdx",0,1.0,-1,-1,18.0,12.0,1.0,,0,0,2312,0.519299983978,1.31500005722,0.0,-1.1346000433,-1.1369099617,-0.861518025398,1.15968000889,1.15736997128,1.61688005924,1.0,1.0,0.0,0.0,0.0,
2458,3,"Creature\SPELLS\DraeneiTotem_Earth.mdx",0,1.0,-1,-1,0.0,0.0,0.0,,0,0,2313,0.519299983978,1.31500005722,0.0,-1.11874997616,-1.07056999207,-0.550364971161,1.14032995701,1.1885099411,1.61688005924,1.0,1.0,0.0,0.0,0.0,
2459,3,"Creature\SPELLS\DraeneiTotem_Fire.mdx",0,1.0,-1,-1,0.0,0.0,0.0,,0,0,2314,0.52009999752,1.31500005722,0.0,-1.4047100544,-1.35093998909,-0.446231007576,1.42094004154,1.47472000122,1.61688005924,1.0,1.0,0.0,0.0,0.0,
2460,3,"Creature\SPELLS\DraeneiTotem_Water.mdx",0,1.0,-1,-1,0.0,0.0,0.0,,0,0,2315,0.519299983978,1.31500005722,0.0,-1.491320014,-1.44314002991,-0.552130997181,1.51199996471,1.56017994881,1.61688005924,1.0,1.0,0.0,0.0,0.0,
2462,0,"Creature\DraeneiFemaleKid\DraeneiFemaleKid.mdx",0,1.0,1,3,18.0,12.0,1.0,,0,0,2317,0.611100018024,2.03099989891,0.0,-0.328565001488,-0.213488996029,-0.000487000012072,0.136999994516,0.206479996443,1.22023999691,1.0,1.0,0.0,0.0,0.0,
2463,0,"Creature\DraeneiMaleKid\DraeneiMaleKid.mdx",0,1.0,1,3,18.0,12.0,1.0,,0,0,2318,0.611100018024,2.03099989891,0.0,-0.417511999607,-0.254112005234,0.00662099989131,0.20309099555,0.256929010153,1.39943003654,1.0,1.0,0.0,0.0,0.0,
2464,0,"Creature\talbuk\Talbuk.mdx",1,1.0,1,-1,18.0,12.0,1.0,,0,0,2303,0.611100018024,2.03099989891,0.0,-1.36796998978,-0.53403699398,-0.00302299996838,1.3451000452,0.493290007114,3.46019005775,1.0,1.0,0.0,0.0,0.0,
2465,0,"Creature\FelOrcBoss\FelOrcWarriorBoss.mdx",1,1.0,-1,-1,0.0,0.0,0.0,,0,0,2319,0.611100018024,2.03099989891,0.0,-0.725226998329,-0.937222003937,-0.000199000001885,1.05581998825,0.946569979191,2.66722011566,1.0,1.0,0.0,0.0,0.0,
2466,3,"Creature\SPELLS\FlameTurret.mdx",0,1.0,3,-1,18.0,12.0,1.0,,0,0,2320,0.611100018024,1.51999998093,0.0,-0.308548003435,-0.559979021549,-0.0951210036874,0.246115997434,0.557029008865,1.45864999294,1.0,1.0,0.0,0.0,0.0,
2467,0,"Creature\ARCANETITAN\ArcaneTitan.mdx",3,1.0,-1,4,18.0,12.0,1.0,,0,0,2321,0.611100018024,2.03099989891,0.0,-1.57413995266,-2.81610989571,-0.0605439990759,4.13985013962,3.20948004723,4.74326992035,1.0,1.0,0.0,0.0,0.0,
2468,0,"Creature\Kaelthas\Kaelthas.mdx",1,1.0,1,1,18.0,12.0,1.0,,0,0,2322,0.611100018024,2.03099989891,0.0,-0.552884995937,-0.788340985775,-0.00467600021511,0.330509990454,0.634865999222,2.44312000275,1.0,1.0,0.0,0.0,0.0,
2470,0,"Creature\MOUNTEDDEATHKNIGHT\UnMountedDeathKnight.mdx",0,1.0,1,1,18.0,12.0,1.0,,0,0,2324,0.611100018024,2.03099989891,0.0,-0.576529026031,-0.477784007788,-0.00188500003424,0.334475010633,0.471354991198,2.29882001877,1.0,1.0,0.0,0.0,0.0,
2471,0,"Creature\FelOrc\FelOrc_Axe.mdx",1,1.0,-1,1,0.0,0.0,0.0,,0,0,2158,0.611100018024,2.03099989891,0.0,-0.418873012066,-0.77651900053,-0.000199000001885,0.673703014851,0.826487004757,2.29415011406,1.0,1.0,0.0,0.0,0.0,
2472,0,"Creature\FelOrc\FelOrc_Sword.mdx",1,1.0,-1,1,0.0,0.0,0.0,,0,0,2168,0.611100018024,2.03099989891,0.0,-0.418873012066,-0.77651900053,-0.000199000001885,0.870653986931,0.826487004757,2.29415011406,1.0,1.0,0.0,0.0,0.0,
2473,3,"Creature\QuestObjects\Creature_EtherealStorm.mdx",1,1.0,-1,-1,18.0,12.0,1.0,,0,0,2325,0.611100018024,2.03099989891,0.0,1.0,1.0,1.0,-1.0,-1.0,-1.0,1.0,1.0,0.0,0.0,0.0,
2474,0,"Creature\Ancientofarcane\AncientofArcane.mdx",4,1.0,3,5,180.0,120.0,10.0,,82,12,2326,0.611100018024,2.03099989891,0.0,-2.73090004921,-3.68337988853,-0.105810001493,3.59995007515,3.65805006027,10.7525997162,0.300000011921,0.300000011921,0.0,0.0,0.0,
2475,0,"Creature\felhorse\FelHorseEpic.mdx",0,1.0,3,6,18.0,12.0,1.0,,0,0,2327,0.611100018024,2.03099989891,1.87712001801,-1.19058001041,-0.618669986725,-0.0182319991291,2.21191000938,0.618669986725,2.6696999073,1.0,1.0,0.0,0.0,0.0,
2477,1,"Creature\QuestObjects\Creature_PowerCrystal.mdx",0,1.0,-1,-1,0.0,0.0,0.0,,0,0,2246,0.444400012493,0.444400012493,0.0,-0.686639010906,-0.722746014595,0.0867479965091,0.634922027588,0.626118004322,1.20809996128,1.0,1.0,0.0,0.0,0.0,
2478,0,"Creature\Dragon\Dragon.mdx",0,0.800000011921,-1,-1,0.0,0.0,0.0,,0,0,191,0.611100018024,2.03099989891,8.13903045654,-20.1460990906,-9.71094036102,-0.69438201189,9.73264026642,9.7673997879,13.7582998276,1.0,1.0,0.0,0.0,0.0,
2479,0,"Creature\NetherDrake\NetherDrakeOutland.mdx",2,1.0,4,5,18.0,12.0,1.0,,0,0,2329,0.611100018024,2.03099989891,0.0,-7.27235984802,-2.96974992752,-0.366901010275,3.1393198967,2.54448008537,3.56715011597,0.5,1.0,0.0,0.0,0.0,
2480,0,"Creature\DragonSpawnOverlordDarkshade\DragonSpawnOverlordDarkshade.mdx",1,1.0,3,5,18.0,12.0,1.0,,0,0,2330,0.611100018024,2.03099989891,0.0,-3.25096011162,-4.56881999969,-0.0353699997067,1.95253002644,2.85478997231,3.52308011055,1.0,1.0,0.0,0.0,0.0,
2481,0,"Creature\InvisibleStalker\InvisibleStalkerNoName.mdx",1,1.0,-1,-1,18.0,12.0,1.0,,0,0,2234,0.611100018024,2.03099989891,0.0,1.0,1.0,1.0,-1.0,-1.0,-1.0,1.0,1.0,0.0,0.0,0.0,
2482,0,"Creature\MountainGiantCrystal\MountainGiantCrystal.mdx",3,2.0,3,4,18.0,12.0,1.0,,0,0,2331,0.611100018024,2.03099989891,0.0,-2.29472994804,-4.14750003815,-0.0213370006531,4.03377008438,4.00757980347,9.92646026611,1.0,1.0,0.0,0.0,0.0,
2483,0,"Creature\RIDINGTALBUK\RidingTalbuk.mdx",1,1.0,-1,3,18.0,12.0,1.0,,0,0,2332,0.611100018024,2.03099989891,2.09790992737,-1.3431199789,-0.541737020016,-0.00162200001068,1.59309995174,0.523108005524,3.67000007629,1.0,1.0,0.0,0.0,0.0,
2484,0,"Creature\ridingtalbuk\RidingTalbukEpic.mdx",1,1.0,-1,3,18.0,12.0,1.0,,0,0,2333,0.611100018024,2.03099989891,2.08323001862,-1.3431199789,-0.541737020016,-0.00162200001068,1.66332995892,0.523108005524,3.67000007629,1.0,1.0,0.0,0.0,0.0,
2485,0,"Creature\BloodElfMaleKid\BloodelfMaleKid.mdx",0,1.0,-1,-1,0.0,0.0,0.0,,0,0,2334,0.611100018024,2.03099989891,0.0,-0.176264002919,-0.256507992744,0.00718700001016,0.212310999632,0.254527002573,1.37194001675,1.0,1.0,0.0,0.0,0.0,
2486,0,"Creature\BloodElfFemaleKid\BloodelfFemaleKid.mdx",0,1.0,-1,-1,0.0,0.0,0.0,,0,0,2335,0.611100018024,2.03099989891,0.0,-0.212689995766,-0.208796992898,-0.00119400001131,0.0896240025759,0.201048001647,1.22169005871,1.0,1.0,0.0,0.0,0.0,
2488,0,"Creature\MountainGiantCrystal\MountainGiantCrystal_Boss.mdx",3,1.0,3,1,180.0,120.0,10.0,,0,0,2336,0.611100018024,2.03099989891,0.0,-2.98828005791,-4.14750003815,-0.0213370006531,4.03377008438,4.00757980347,11.3030004501,1.0,1.0,0.0,0.0,0.0,
2489,0,"Creature\Dragon\Dragon.mdx",0,0.800000011921,-1,5,0.0,0.0,0.0,,0,0,191,0.611100018024,2.03099989891,8.13903045654,-20.1460990906,-9.71094036102,-0.69438201189,9.73264026642,9.7673997879,13.7582998276,1.0,1.0,0.0,0.0,0.0,
2490,1,"Creature\netherray\NetherRay.mdx",2,1.0,1,-1,0.0,0.0,0.0,,0,0,2337,0.611100018024,2.03099989891,0.0,-4.66891002655,-2.10587000847,-0.0964590013027,1.89089000225,2.08448004723,4.24454021454,1.0,1.0,0.0,0.0,0.0,
2491,0,"Creature\CleftHoove\CleftHoove.mdx",2,1.0,1,6,18.0,12.0,1.0,,0,0,2338,0.611100018024,2.03099989891,0.0,-7.1154999733,-2.36696004868,-0.14448300004,3.46585988998,2.23815989494,4.89307022095,1.0,1.0,0.0,0.0,0.0,
2499,0,"Creature\Tiger\TigerGem.mdx",1,1.0,1,7,18.0,12.0,1.0,,0,0,2346,0.611100018024,2.03099989891,1.24136996269,-2.42836999893,-0.658701002598,-0.00620299996808,0.908415973186,0.533702015877,1.26810002327,1.0,1.0,0.0,0.0,0.0,
2500,1,"Creature\RidingWyvern_Armored\RidingWyvern_Armored.mdx",2,1.0,1,-1,0.0,0.0,0.0,,0,0,2347,0.0,0.0,0.0,0.0,0.0,0.0,0.0,0.0,0.0,1.0,1.0,0.0,0.0,0.0,
2501,1,"Creature\RidingWyvern\RidingWyvern.mdx",2,1.0,1,-1,0.0,0.0,0.0,,0,0,2348,0.611100018024,2.03099989891,1.19388997555,-4.44772005081,-1.54909002781,-0.224931001663,1.68783998489,0.954882979393,2.01985001564,1.0,1.0,0.0,0.0,0.0,
2502,0,"Creature\Moarg\Moarg6.mdx",0,1.0,2,1,12.0,18.0,1.0,,0,0,2349,0.611100018024,2.03099989891,0.0,-1.40342998505,-2.03449010849,-0.0401600003242,1.90090000629,2.12834000587,4.45679998398,1.0,1.0,0.0,0.0,0.0,
2503,0,"Creature\Ogre02\Ogre02.mdx",2,1.0,1,4,18.0,12.0,1.0,,0,0,2351,0.611100018024,2.03099989891,0.0,-0.632381975651,-1.11398005486,-0.0127210002393,0.513096988201,1.10889005661,2.876060009,1.0,1.0,0.0,0.0,0.0,
2504,0,"Creature\OgreMage02\OgreMage02.mdx",2,1.0,1,4,18.0,12.0,1.0,,0,0,2352,0.611100018024,2.03099989891,0.0,-0.571246981621,-1.07631003857,-0.0127210002393,0.513096988201,1.06956005096,2.88109993935,1.0,1.0,0.0,0.0,0.0,
2505,0,"Creature\Kargath\Kargath.mdx",1,1.0,-1,-1,18.0,12.0,1.0,,0,0,2353,0.611100018024,2.03099989891,0.0,-0.725226998329,-0.937222003937,-0.000199000001885,1.05581998825,0.946569979191,2.66722011566,1.0,1.0,0.0,0.0,0.0,
2506,2,"Creature\FelReaver\FelReaver.mdx",2,1.5,3,1,18.0,12.0,1.0,,0,0,2159,0.611100018024,2.03099989891,0.0,-8.98040962219,-7.70656013489,-0.0185090005398,4.62451982498,7.7054400444,21.4151992798,1.0,1.0,0.0,0.0,0.0,
2507,0,"Creature\NetherDrake\NetherDrake.mdx",1,1.0,-1,-1,0.0,0.0,0.0,,0,0,2147,0.611100018024,2.03099989891,2.79774999619,-7.76913022995,-2.98295998573,-0.402444005013,3.35233998299,2.49078011513,3.70809006691,1.0,1.0,0.0,0.0,0.0,
2508,0,"Creature\Gryphon\Gryphon_Ghost.mdx",0,1.0,-1,-1,0.0,0.0,0.0,,0,0,2230,0.611100018024,2.03099989891,1.56762003899,-2.54100990295,-4.04135990143,-0.647368013859,2.51472997665,4.03026008606,6.21568012238,1.0,1.0,0.0,0.0,0.0,
2509,0,"Creature\Gryphon\Gryphon_Ghost.mdx",0,1.0,3,4,18.0,12.0,1.0,,0,0,2230,0.611100018024,2.03099989891,1.56762003899,-2.54100990295,-4.04135990143,-0.647368013859,2.51472997665,4.03026008606,6.21568012238,1.0,1.0,0.0,0.0,0.0,
2510,0,"Creature\DRAGON\Taerar.mdx",3,1.0,1,5,30.0,20.0,3.0,,0,0,2092,0.611100018024,2.03099989891,8.13903045654,-20.1460990906,-9.71094036102,-0.69438201189,9.81606006622,9.7673997879,13.7582998276,0.5,3.0,0.0,0.0,0.0,
2511,3,"Creature\sandvortex\SandVortex.mdx",1,1.0,-1,-1,0.0,0.0,0.0,,0,0,2357,0.611100018024,2.03099989891,0.0,1.0,1.0,1.0,-1.0,-1.0,-1.0,1.0,1.0,0.0,0.0,0.0,
2512,0,"Creature\InvisibleMan\InvisibleMan.mdx",0,1.0,-1,-1,18.0,12.0,1.0,,0,0,2101,0.611100018024,2.03099989891,0.0,1.0,1.0,1.0,-1.0,-1.0,-1.0,1.0,1.0,0.0,0.0,0.0,
2513,0,"Creature\InvisibleStalker\InvisibleStalkerNoName.mdx",0,1.0,-1,-1,18.0,12.0,1.0,,0,0,2234,0.611100018024,2.03099989891,0.0,1.0,1.0,1.0,-1.0,-1.0,-1.0,1.0,1.0,0.0,0.0,0.0,
2514,0,"Creature\RockFlayer\RockFlayerElite.mdx",1,1.0,1,5,18.0,12.0,1.0,,0,0,2233,0.611100018024,2.03099989891,0.0,-1.80777001381,-1.17974996567,-0.609013020992,1.56089997292,1.88469994068,2.38162994385,1.0,1.0,0.0,0.0,0.0,
2515,0,"Creature\CrawlerElite\CrawlerElite.mdx",1,1.0,2,-1,0.0,0.0,1.0,,0,0,2359,0.611100018024,2.03099989891,0.0,-1.52213001251,-1.06746995449,-0.0074359998107,0.967814028263,1.07729005814,3.12440991402,1.0,1.0,0.0,0.0,0.0,
2516,0,"Creature\NetherDrake\NetherDrakeElite.mdx",2,1.0,3,5,32.0,24.0,1.0,,0,0,2300,0.611100018024,2.03099989891,2.93089008331,-7.76913022995,-2.98295998573,-0.402444005013,3.67636990547,2.76456999779,3.89982008934,0.40000000596,1.60000002384,0.0,0.0,0.0,
2517,1,"Creature\CrateCreature\CrateCreature.mdx",0,1.0,-1,-1,0.0,0.0,0.0,,0,0,2360,0.766600012779,0.444400012493,0.0,-0.382476001978,-0.407537996769,0.0024600001052,0.38491499424,0.412696003914,0.506164014339,1.0,1.0,0.0,0.0,0.0,
2518,0,"Creature\Egg\EggCreature.mdx",0,1.0,-1,-1,0.0,0.0,0.0,,0,0,1308,0.611100018024,2.03099989891,0.0,-0.497435003519,-0.522458970547,0.00344099989161,0.538978993893,0.495050013065,1.42191004753,1.0,1.0,0.0,0.0,0.0,
2519,0,"Creature\DragonDarkshade\DragonDarkShade.mdx",3,1.0,3,5,30.0,20.0,3.0,,2,12,191,0.611100018024,2.03099989891,8.13903045654,-20.1460990906,-9.71094036102,-0.69438201189,9.73264026642,9.7673997879,13.7582998276,1.0,1.0,0.0,0.0,0.0,
2520,9,"Creature\DragonWhelpDarkshade\DragonWhelpdarkshade.mdx",0,1.0,3,-1,18.0,12.0,1.0,,0,0,2203,0.611100018024,2.03099989891,0.0,-0.752445995808,-0.94352799654,0.979083001614,0.637077987194,0.96622300148,3.19061994553,1.0,1.0,0.0,0.0,0.0,
2521,0,"Creature\DragonFootSoldierDarkshade\DragonFootSoldierDarkshade.mdx",1,1.0,3,1,18.0,12.0,1.0,,0,10,1808,0.611100018024,2.03099989891,0.0,-2.91750001907,-1.5988099575,0.00309400004335,1.90154004097,3.23064994812,4.36889982224,1.0,1.0,0.0,0.0,0.0,
2522,0,"Creature\FelBeastShadowmoon\felbeastshadowmoon.mdx",2,1.0,3,1,18.0,12.0,1.0,,0,0,2362,0.611100018024,2.03099989891,0.0,-4.19112014771,-2.34443998337,-0.0243229996413,3.6191599369,2.32942008972,4.3511800766,1.0,1.0,0.0,0.0,0.0,
2523,0,"Creature\OrcFemaleKidBrown\OrcFemaleKidBrown.mdx",0,1.0,-1,4,0.0,0.0,0.0,,0,0,2363,0.611100018024,2.03099989891,0.0,-0.211922004819,-0.217639997602,-0.00220700004138,0.126756995916,0.209875002503,1.16330003738,1.0,1.0,0.0,0.0,0.0,
2524,0,"Creature\OrcMaleKidBrown\OrcMaleKidBrown.mdx",0,1.0,-1,4,0.0,0.0,0.0,,0,0,2364,0.611100018024,2.03099989891,0.0,-0.173820003867,-0.254723012447,0.00504599977285,0.180886998773,0.256343990564,1.37557995319,1.0,1.0,0.0,0.0,0.0,
2525,0,"Creature\OrcMaleKidBrown\OrcMaleKidBrown.mdx",0,1.0,-1,4,0.0,0.0,0.0,,0,0,2364,0.611100018024,2.03099989891,0.0,-0.173820003867,-0.254723012447,0.00504599977285,0.180886998773,0.256343990564,1.37557995319,1.0,1.0,0.0,0.0,0.0,
2526,0,"Creature\OrcFemaleKidBrown\OrcFemaleKidBrown.mdx",0,1.0,-1,4,0.0,0.0,0.0,,0,0,2363,0.611100018024,2.03099989891,0.0,-0.211922004819,-0.217639997602,-0.00220700004138,0.126756995916,0.209875002503,1.16330003738,1.0,1.0,0.0,0.0,0.0,
2527,0,"Creature\Dragon\Taerar_q.mdx",4,1.0,4,5,30.0,20.0,3.0,,0,0,2092,0.611100018024,2.03099989891,8.13903045654,-20.1460990906,-9.71094036102,-0.69438201189,9.81606006622,9.7673997879,13.7582998276,1.0,1.0,0.0,0.0,0.0,
2528,0,"Creature\BoneWorm\Boneworm.mdx",2,1.0,-1,4,18.0,12.0,1.0,,0,0,2365,0.611100018024,2.03099989891,0.0,-1.30589997768,-1.69393002987,-1.12284994125,1.0553599596,1.59430003166,4.272960186,0.129999995232,1.0,0.0,0.0,0.0,
2529,0,"Creature\Maiev\Maiev.mdx",0,1.0,1,4,0.0,0.0,0.0,,0,0,2384,0.611100018024,2.03099989891,1.25788998604,-0.762435019016,-0.843533992767,-0.276131987572,0.479932010174,0.737128973007,1.96555995941,1.0,1.0,0.0,0.0,0.0,
2530,0,"Creature\FELREAVER\FelReaver.mdx",3,1.5,-1,-1,18.0,12.0,1.0,,2,12,2159,0.611100018024,2.03099989891,0.0,-8.98040962219,-7.70656013489,-0.0185090005398,4.62451982498,7.7054400444,21.4151992798,1.0,1.0,0.0,0.0,0.0,
2531,0,"Creature\Akama\Akama.mdx",1,1.0,-1,4,18.0,12.0,1.0,,0,0,2385,0.611100018024,2.03099989891,0.0,-1.07132995129,-0.809881985188,-0.00382300000638,0.595130980015,0.803092002869,2.22905993462,1.0,1.0,0.0,0.0,0.0,
2532,0,"Creature\NetherDrakonid\NetherDrakonid.mdx",2,1.0,4,5,0.0,0.0,0.0,,0,0,2386,0.611100018024,2.03099989891,0.0,-2.91750001907,-1.5988099575,0.00309400004335,1.90154004097,3.23064994812,4.35348987579,1.0,1.0,0.0,0.0,0.0,
2533,0,"Creature\NetherDrakonidBoss\NetherDrakonidBoss.mdx",2,1.0,3,5,0.0,0.0,0.0,,1,10,2387,0.611100018024,2.03099989891,0.0,-2.91750001907,-1.72861003876,0.00309400004335,2.0303299427,3.23064994812,4.7896399498,1.0,1.0,0.0,0.0,0.0,
2534,0,"Creature\Voidlord\VoidLord.mdx",3,1.0,-1,-1,18.0,12.0,1.0,,0,0,2388,0.611100018024,2.03099989891,0.0,-1.16551995277,-1.38867998123,0.0814210027456,1.01510000229,1.41070997715,3.66544008255,1.0,1.0,0.0,0.0,0.0,
2535,0,"Creature\Athissa\Athissa.mdx",1,1.0,3,-1,18.0,12.0,1.0,,0,0,2389,0.611100018024,2.03099989891,0.0,-1.80627000332,-1.11058998108,-0.020101999864,0.646371006966,1.06507003307,2.35276007652,1.0,1.0,0.0,0.0,0.0,
2536,0,"Creature\WaterBubbleCreature\WaterBubbleCreature.mdx",0,1.0,-1,-1,18.0,12.0,1.0,,0,0,2390,0.611100018024,2.03099989891,0.0,-1.94444000721,-1.94444000721,0.198140993714,1.94444000721,1.94444000721,4.08702993393,1.0,1.0,0.0,0.0,0.0,
2537,0,"Creature\CRATECREATURE\CrateCreatureBasic.mdx",0,1.0,-1,-1,0.0,0.0,0.0,,0,0,2391,0.766600012779,0.444400012493,0.0,-0.382476001978,-0.407537996769,0.0024600001052,0.38491499424,0.412696003914,0.506164014339,1.0,1.0,0.0,0.0,0.0,
2538,0,"Creature\Diemetradon\Diemetradon.mdx",2,1.0,3,7,18.0,12.0,1.0,,0,0,1068,0.694400012493,2.08299994469,0.0,-6.50550985336,-3.43169999123,-0.400213003159,3.36541008949,3.50670003891,4.12704992294,1.0,1.0,0.0,0.0,0.0,
2539,0,"Creature\FelBeastShadowmoon\felbeastshadowmoon.mdx",2,1.0,3,1,18.0,12.0,1.0,,0,0,2362,0.611100018024,2.03099989891,0.0,-4.19112014771,-2.34443998337,-0.0243229996413,3.6191599369,2.32942008972,4.3511800766,1.0,1.0,0.0,0.0,0.0,
2540,0,"Creature\StormCrowDruid\StormCrowDruid.mdx",1,1.0,3,5,18.0,12.0,1.0,,0,0,2392,0.611100018024,2.03099989891,0.0,-1.70490002632,-3.40194988251,0.470901012421,2.25262999535,3.43544006348,4.46283006668,1.0,1.0,0.0,0.0,0.0,
2541,0,"Creature\StormCrowDruid\StormCrowDruid.mdx",1,1.0,3,5,18.0,12.0,1.0,,0,0,390,0.611100018024,2.03099989891,0.0,-1.70490002632,-3.40194988251,0.470901012421,2.25262999535,3.43544006348,4.46283006668,1.0,1.0,0.0,0.0,0.0,
2542,0,"Creature\EtherialRobe\EtherialRobe.mdx",1,1.0,-1,1,18.0,12.0,1.0,,0,0,2393,0.611100018024,2.03099989891,0.0,-0.895327985287,-0.838310003281,-0.104185000062,0.401053994894,0.904798984528,2.58054995537,1.0,1.0,0.0,0.0,0.0,
2543,0,"Creature\Rexxar\Rexxar.mdx",1,1.0,-1,1,18.0,12.0,1.0,,0,0,2394,0.611100018024,2.03099989891,0.0,-0.639194011688,-0.889505982399,-0.000199000001885,0.60755199194,0.764931023121,2.23218989372,1.0,1.0,0.0,0.0,0.0,
2544,0,"Creature\Dragon\Taerar.mdx",2,1.0,-1,5,0.0,0.0,0.0,,0,0,2092,0.611100018024,2.03099989891,8.13903045654,-20.1460990906,-9.71094036102,-0.69438201189,9.81606006622,9.7673997879,13.7582998276,1.0,1.0,0.0,0.0,0.0,
2546,0,"Creature\FROSTWURM\FrostWurm_NoFrost.mdx",4,1.0,-1,5,0.0,0.0,0.0,,0,0,2129,0.611100018024,2.03099989891,0.0,-18.7611999512,-10.519900322,-0.412550002337,10.0506000519,10.5899000168,13.752699852,1.0,1.0,0.0,0.0,0.0,
2548,0,"Creature\Illidan\Illidan.mdx",2,1.0,1,6,18.0,12.0,1.0,,0,0,2397,0.611100018024,2.03099989891,0.0,-5.47341012955,-4.26163005829,-0.0180750004947,1.21747004986,5.66018009186,7.0338101387,1.0,1.0,0.0,0.0,0.0,
2549,3,"Creature\WellofSouls\WellofSouls.mdx",3,1.0,-1,-1,0.0,0.0,0.0,,0,0,2398,0.611100018024,2.03099989891,0.0,-25.5669994354,-37.3119010925,-1.79127001762,11.130399704,37.6068992615,38.0979003906,1.0,1.0,0.0,0.0,0.0,
2550,0,"Creature\netherray\NetherRay.mdx",0,1.0,-1,-1,0.0,0.0,0.0,,0,0,2337,0.611100018024,2.03099989891,0.0,-4.66891002655,-2.10587000847,-0.0964590013027,1.89089000225,2.08448004723,4.24454021454,0.5,1.0,0.0,0.0,0.0,
2551,0,"Creature\RidingNetherRay\RidingNetherRay.mdx",0,1.0,-1,-1,18.0,12.0,1.0,,0,0,2399,0.611100018024,2.03099989891,2.57690000534,-4.52953004837,-2.47027993202,-0.327986985445,2.03925991058,2.33744001389,4.6885099411,1.0,1.0,0.0,0.0,0.0,
2552,1,"Creature\RidingNetherRay\RidingNetherRay.mdx",1,1.0,1,-1,18.0,12.0,1.0,,0,0,2399,0.611100018024,2.03099989891,2.57690000534,-4.52953004837,-2.47027993202,-0.327986985445,2.03925991058,2.33744001389,4.6885099411,1.0,1.0,0.0,0.0,0.0,
2553,0,"Creature\BasiliskOutland\Basilisk_Outland.mdx",2,1.0,-1,-1,18.0,12.0,1.0,,0,0,2172,0.694400012493,2.08299994469,0.0,-6.11823987961,-3.00923991203,-0.205840006471,2.65626001358,3.08227992058,2.50480008125,1.0,1.0,0.0,0.0,0.0,
2554,0,"Creature\RockFlayer\RockFlayerCrystal.mdx",2,1.0,-1,-1,18.0,12.0,1.0,,0,0,2400,0.611100018024,2.03099989891,0.0,-1.80777001381,-1.17974996567,-0.609013020992,1.56089997292,1.88469994068,2.48305988312,1.0,1.0,0.0,0.0,0.0,
2555,0,"Creature\NagaLordMale\NagaLordMale.mdx",2,1.0,2,-1,18.0,12.0,1.0,,0,0,2401,0.611100018024,2.03099989891,0.0,-1.70770001411,-1.03257000446,-0.144804999232,0.784632980824,0.953508019447,3.30403995514,1.0,1.0,0.0,0.0,0.0,
2556,0,"Creature\Serpent\SerpentRuby.mdx",0,1.0,-1,-1,0.0,0.0,0.0,,0,0,2402,0.611100018024,2.03099989891,0.0,-4.04094982147,-1.54771995544,-0.0293359998614,1.42651998997,1.52126002312,3.44727993011,1.0,1.0,0.0,0.0,0.0,
2557,3,"Creature\Iceberg\Iceberg.mdx",1,1.0,-1,-1,18.0,12.0,1.0,,0,0,2403,0.611100018024,2.03099989891,0.0,-0.737758994102,-1.06544995308,-0.343501001596,0.737757980824,1.17460000515,0.160768002272,1.0,1.0,0.0,0.0,0.0,
2558,0,"Creature\AbyssalIllidan\Abyssal_Illidan.mdx",2,1.0,3,4,18.0,12.0,1.0,,0,0,2421,0.611100018024,2.03099989891,0.0,-1.29738998413,-2.59769010544,0.0559430010617,0.792623996735,2.53519010544,4.20405006409,1.0,1.0,0.0,0.0,0.0,
2559,0,"Creature\DruidFlightForm\DruidFlightForm.mdx",1,1.0,3,5,18.0,12.0,1.0,,0,0,390,0.611100018024,2.03099989891,0.0,-1.9328700304,-3.48084998131,0.444903999567,2.22789001465,3.51479005814,4.49045991898,1.0,1.0,0.0,0.0,0.0,
2560,0,"Creature\DruidFlightForm\DruidFlightForm.mdx",0,1.0,3,5,18.0,12.0,1.0,,0,0,2392,0.611100018024,2.03099989891,0.0,-1.95429003239,-3.48042011261,0.341441005468,2.21058011055,3.51440000534,4.48286008835,1.0,1.0,0.0,0.0,0.0,
2561,0,"Creature\HaremMatron\HaremMatron.mdx",0,1.0,-1,-1,0.0,0.0,0.0,,0,0,2422,0.611100018024,2.03099989891,0.0,-0.785364985466,-2.59132003784,-0.0219490006566,1.7538100481,2.70104002953,5.05923986435,0.00999999977648,1.0,0.0,0.0,0.0,
2562,0,"Creature\FelOrcWarlord\FelOrcWarlord.mdx",0,1.0,-1,-1,0.0,0.0,0.0,,0,0,2423,0.611100018024,2.03099989891,0.0,-0.725226998329,-0.969810009003,-0.000199000001885,0.748649001122,0.970588982105,2.59997010231,0.10000000149,1.0,0.0,0.0,0.0,
2563,0,"Creature\DragonFootSoldier\DragonFootSoldier.mdx",0,1.0,-1,-1,0.0,0.0,0.0,,0,0,1808,0.611100018024,2.03099989891,0.0,-2.91750001907,-1.5988099575,0.00309400004335,1.90154004097,3.23064994812,4.36889982224,0.10000000149,1.0,0.0,0.0,0.0,
2564,0,"Creature\NagaLordMale\NagaLordMale.mdx",0,1.0,-1,-1,0.0,0.0,0.0,,0,0,2401,0.611100018024,2.03099989891,0.0,-1.70770001411,-1.03257000446,-0.144804999232,0.784632980824,0.953508019447,3.30403995514,0.10000000149,1.0,0.0,0.0,0.0,
2565,0,"Creature\HaremMatron\HaremMatron.mdx",2,1.0,1,1,18.0,12.0,1.0,,0,0,2424,0.611100018024,2.03099989891,0.0,-0.785364985466,-2.59132003784,-0.0219490006566,1.7538100481,2.70104002953,5.05923986435,1.0,1.0,0.0,0.0,0.0,
2566,0,"Creature\FelOrcWarlord\FelOrcWarlord.mdx",2,1.0,1,1,18.0,12.0,1.0,,0,0,2425,0.611100018024,2.03099989891,0.0,-0.725226998329,-0.969810009003,-0.000199000001885,0.748649001122,0.970588982105,2.59997010231,1.0,1.0,0.0,0.0,0.0,
2567,0,"Creature\TeronGorefiend\TeronGorefiend.mdx",1,1.0,3,-1,0.0,0.0,0.0,,0,0,2426,0.611100018024,2.03099989891,1.03618001938,-0.726933002472,-0.556289970875,-0.00195800000802,0.319045990705,0.570472002029,2.17530989647,0.10000000149,1.0,0.0,0.0,0.0,
2568,0,"Creature\TeronGorefiend_Mounted\TeronGorefiend_Mounted.mdx",1,1.0,3,-1,0.0,0.0,0.0,,0,0,2427,0.611100018024,2.03099989891,0.973869979382,-1.88850998878,-0.934682011604,-0.00279500009492,1.95665001869,0.935913026333,3.44445991516,0.10000000149,1.0,0.0,0.0,0.0,
2569,0,"Creature\QUESTOBJECTS\Creature_BurningAsh.mdx",1,1.0,2,-1,18.0,12.0,1.0,,0,0,2428,0.611100018024,2.03099989891,0.0,-0.976472020149,-1.01335000992,-0.0904539972544,0.982795000076,1.00334000587,1.4579000473,1.0,1.0,0.0,0.0,0.0,
2570,0,"Creature\Illidan\IllidanDark.mdx",2,1.0,1,6,18.0,12.0,1.0,,0,0,2443,0.611100018024,2.03099989891,0.0,-5.47341012955,-4.26162004471,-0.0180750004947,1.21747004986,5.66017007828,7.03380012512,1.0,1.0,0.0,0.0,0.0,
2571,0,"Creature\AbyssalIllidan\Abyssal_Illidan.mdx",0,1.0,-1,-1,0.0,0.0,0.0,,0,0,2421,0.611100018024,2.03099989891,0.0,-1.29738998413,-2.59769010544,0.0559430010617,0.792623996735,2.53519010544,4.20405006409,1.0,1.0,0.0,0.0,0.0,
2572,3,"Creature\FelCannon\FelCannon_02.mdx",1,1.0,3,-1,18.0,12.0,1.0,,0,0,2444,0.611100018024,2.03099989891,0.0,-3.69617009163,-2.61329007149,-0.972196996212,3.45166993141,2.60198998451,6.56710004807,1.0,1.0,0.0,0.0,0.0,
2573,0,"Creature\Gorilla\gorillapet.mdx",0,1.0,1,4,18.0,12.0,1.0,,0,0,2445,0.611100018024,2.03099989891,0.0,-1.51204001904,-1.22418999672,-0.0802730023861,1.19243001938,1.24258995056,2.47079992294,1.0,1.0,0.0,0.0,0.0,
2574,0,"Creature\Gorilla\gorillapet.mdx",0,1.0,1,4,18.0,12.0,1.0,,0,0,2446,0.611100018024,2.03099989891,0.0,-1.51204001904,-1.22418999672,-0.0802730023861,1.19243001938,1.24258995056,2.47079992294,1.0,1.0,0.0,0.0,0.0,
2575,1,"Creature\BabyBeholder\BabyBeholder.mdx",0,1.0,1,-1,18.0,12.0,1.0,,0,0,2447,0.611100018024,2.03099989891,0.0,-2.4097700119,-2.72209000587,2.23055005074,2.88756990433,2.59658002853,9.14993953705,1.0,1.0,0.0,0.0,0.0,
2576,0,"Creature\BabyHawkstrider\Babyhawkstrider.mdx",0,1.0,1,5,18.0,12.0,1.0,,0,0,2448,0.611100018024,2.03099989891,3.4488298893,-2.72423005104,-1.71144998074,-0.00766800018027,2.49177002907,1.67402994633,4.12697982788,1.0,1.0,0.0,0.0,0.0,
2577,0,"Creature\BabyElekk\BabyElekk.mdx",1,1.0,1,6,27.0,18.0,1.0,,0,0,2450,0.611100018024,2.03099989891,2.93086004257,-1.87246000767,-1.79879999161,-0.39058598876,2.71890997887,1.65948998928,3.82433009148,2.29999995232,1.70000004768,0.0,0.0,0.0,
2578,0,"Creature\RavenLord\RavenLordMount.mdx",1,1.0,2,5,24.0,18.0,1.0,,0,0,2451,0.611100018024,2.03099989891,2.72306990623,-4.65141010284,-1.76567995548,-0.0839900001884,2.10057997704,2.43754005432,3.37260007858,1.0,1.0,0.0,0.0,0.0,
2579,3,"Creature\Zombie\ZombieSword.mdx",1,1.0,3,-1,18.0,12.0,1.0,,0,0,392,0.694400012493,2.08299994469,0.0,-0.522409975529,-0.470687001944,-0.00300400005654,0.435288012028,0.423637002707,1.87103998661,1.0,1.0,0.0,0.0,0.0,
2580,0,"Creature\FelOrcDire\FelOrcDire.mdx",2,1.0,-1,1,18.0,12.0,1.0,,0,0,2452,0.611100018024,2.03099989891,1.50495004654,-0.962087988853,-2.23079991341,0.00773400021717,1.78442001343,2.02555990219,3.22879004478,0.10000000149,1.0,0.0,0.0,0.0,
2581,1,"Creature\WellofSouls\WellofSoulsGrief.mdx",2,1.0,3,4,18.0,12.0,1.0,,0,0,2453,0.611100018024,2.03099989891,0.0,-7.24011993408,-6.41681003571,0.374186009169,6.71233987808,6.42038011551,16.1158008575,1.0,1.0,0.0,0.0,0.0,
2582,9,"Creature\WellofSouls\WellofSoulsPain.mdx",2,1.0,3,4,18.0,12.0,1.0,,0,0,2454,0.611100018024,2.03099989891,0.0,-7.54687976837,-6.59305000305,0.378796994686,6.73082017899,6.42356014252,16.1205005646,1.0,1.0,0.0,0.0,0.0,
2583,1,"Creature\WellofSouls\WellofSoulsSeduction.mdx",2,1.0,3,4,18.0,12.0,1.0,,0,0,2455,0.611100018024,2.03099989891,0.0,-7.65679979324,-6.42011976242,0.374191999435,6.71233987808,6.59850978851,16.1158008575,1.0,1.0,0.0,0.0,0.0,
2584,1,"Creature\RidingNetherRay\RidingNetherRay.mdx",1,1.0,1,-1,0.0,0.0,0.0,,0,0,2399,0.611100018024,2.03099989891,2.57690000534,-4.52953004837,-2.47027993202,-0.327986985445,2.03925991058,2.33744001389,4.6885099411,1.0,1.0,0.0,0.0,0.0,
2585,3,"Creature\IllidanGlaive\Creature_IllidansGlaive.mdx",1,1.0,-1,-1,0.0,0.0,0.0,,0,0,2456,0.611100018024,2.03099989891,0.0,-0.53972697258,-0.960385978222,-0.234305992723,0.951511025429,0.636205017567,2.04383993149,1.0,1.0,0.0,0.0,0.0,
2586,4,"Creature\FELORC\FelOrc.mdx",0,1.0,1,4,18.0,12.0,1.0,,0,0,2148,0.611100018024,2.03099989891,0.0,-0.418873012066,-0.863676011562,-0.000199000001885,0.673703014851,0.826487004757,2.29415011406,0.10000000149,1.0,0.0,0.0,0.0,
2587,0,"Creature\MountainGiantCrystalOgrila\MountainGiantCrystalOgrila.mdx",1,1.0,3,1,18.0,12.0,1.0,,0,0,2459,0.611100018024,2.03099989891,0.0,-2.29472994804,-4.14750003815,-0.0213370006531,4.02284002304,4.00757980347,9.89914035797,1.0,1.0,0.0,0.0,0.0,
2588,0,"Creature\PandarenYeti\PandarenYeti.mdx",2,1.0,1,4,40.0,34.0,1.0,,1,0,2460,0.611100018024,2.03099989891,0.0,-2.04920005798,-3.14576005936,-0.299517005682,3.50318002701,2.74284005165,5.24887990952,1.0,1.0,0.0,0.0,0.0,
2589,0,"Creature\Tauren_MountedCanoe\Tauren_MountedCanoe.mdx",1,1.0,-1,-1,0.0,0.0,0.0,,0,0,2461,0.611100018024,2.03099989891,0.370101988316,-2.82820010185,-2.29328989983,-0.535399973392,2.5000898838,0.832925975323,1.75788998604,1.0,1.0,0.0,0.0,0.0,
2590,0,"Creature\EagleGod\EagleGod.mdx",1,1.0,1,5,18.0,12.0,1.0,,0,0,2396,0.611100018024,2.03099989891,1.50425004959,-0.505300998688,-0.855441987514,-0.00662200013176,0.840511977673,0.932195007801,2.78937005997,1.0,1.0,0.0,0.0,0.0,
2591,0,"Creature\BearGod\beargod.mdx",1,1.0,1,1,18.0,12.0,1.0,,0,0,2462,0.611100018024,2.03099989891,1.41885995865,-1.03289997578,-0.743598997593,-1.29999998535e-005,0.673371970654,0.812972009182,2.25160002708,1.0,1.0,0.0,0.0,0.0,
2592,0,"Creature\LynxGod\Lynxgod.mdx",1,1.0,1,1,18.0,12.0,1.0,,0,0,2463,0.611100018024,2.03099989891,1.41885995865,-1.09362995625,-0.712309002876,-0.0395939983428,0.51302498579,0.798664987087,2.10649991035,1.0,1.0,0.0,0.0,0.0,
2593,0,"Creature\DragonhawkGod\DragonHawkGod.mdx",1,1.0,1,1,18.0,12.0,1.0,,0,0,2464,0.611100018024,2.03099989891,0.0,-1.11047005653,-0.962864995003,-1.29999998535e-005,0.623824000359,0.944104015827,2.36842989922,1.0,1.0,0.0,0.0,0.0,
2594,0,"Character\Vrykul\Male\VrykulMale.mdx",0,1.0,1,1,18.0,12.0,1.0,,0,0,2475,0.611100018024,2.03099989891,2.7451300621,-1.46800005436,-1.4290599823,-0.116890996695,0.840543985367,1.38081002235,5.07564020157,1.0,1.5,0.0,0.0,0.0,
2595,0,"Character\Vrykul\Male\VrykulMale.mdx",0,1.0,1,1,0.0,0.0,0.0,,0,0,2476,0.611100018024,2.03099989891,2.7451300621,-1.46800005436,-1.4290599823,-0.116890996695,0.840543985367,1.38081002235,5.07564020157,1.0,1.0,0.0,0.0,0.0,
2596,16,"Creature\band\bandUndeadMale.mdx",1,1.0,2,1,12.0,10.0,1.0,,0,0,2465,0.611100018024,2.03099989891,1.07824003696,-0.658013999462,-0.881811022758,-0.202562004328,1.07764005661,0.863915026188,1.77187001705,1.0,1.0,0.0,0.0,0.0,
2597,0,"Creature\band\BandTaurenMale.mdx",1,1.0,1,3,22.0,16.0,2.0,,0,0,2466,0.611100018024,2.03099989891,0.0,-2.47598004341,-2.49126005173,-0.0624920018017,2.28334999084,2.30550003052,4.35056018829,1.0,1.0,0.0,0.0,0.0,
2598,0,"Creature\band\BandTrollMale.mdx",1,1.0,1,1,12.0,10.0,1.0,,0,0,2467,0.611100018024,2.03099989891,1.50425004959,-1.12232995033,-0.789453029633,-0.000241999994614,1.86013996601,1.26417005062,2.40541005135,1.0,1.0,0.0,0.0,0.0,
2599,0,"Creature\band\bandOrcMale.mdx",1,1.0,1,1,14.0,14.0,1.0,,0,0,2468,0.611100018024,2.03099989891,1.11705005169,-1.13075995445,-0.614821016788,-0.0353530012071,1.10899996758,1.03864002228,2.17059993744,1.0,1.0,0.0,0.0,0.0,
2600,0,"Creature\band\bandBloodElfMale.mdx",1,1.0,1,1,12.0,10.0,1.0,,0,0,2469,0.611100018024,2.03099989891,0.0,-0.568566024303,-0.753225028515,-0.00687000015751,0.675036013126,1.20205998421,2.1357998848,1.0,1.0,0.0,0.0,0.0,
2601,128,"Creature\MurlocCostume\murloccostume.mdx",1,1.0,1,4,18.0,12.0,1.0,,0,0,2470,0.611100018024,2.03099989891,0.0,-1.35140001774,-1.75463998318,-0.00221799989231,0.734283983707,1.09906005859,2.58801007271,1.0,1.0,0.0,0.0,0.0,
2602,1,"Creature\Mothpet\MothPet.mdx",0,1.0,2,-1,1.0,1.0,1.0,,0,0,2471,0.0,0.0,0.0,-0.175231993198,-0.282242000103,-0.073789998889,0.259294986725,0.291575998068,0.375831007957,1.0,1.0,0.0,0.0,0.0,
2603,0,"World\KhazModan\Ironforge\PassiveDoodads\SteamTank\IronForgeSteamTank.mdx",2,1.0,3,-1,18.0,12.0,1.0,,0,0,2097,13.4499998093,8.85799980164,0.0,-5.5103302002,-5.16422986984,-0.0193590000272,9.08462047577,5.23140001297,8.80060958862,1.0,1.0,0.0,0.0,0.0,
2604,0,"Character\Tuskarr\Male\TuskarrMale.mdx",1,1.0,1,1,18.0,12.0,1.0,,0,0,2477,0.611100018024,2.03099989891,0.935023009777,-1.33056998253,-1.20513999462,-0.0248649995774,0.770326972008,1.16674995422,2.8587501049,1.0,1.0,0.0,0.0,0.0,
2605,0,"Character\Tuskarr\Male\TuskarrMale.mdx",0,1.0,1,1,0.0,0.0,0.0,,0,0,2478,0.611100018024,2.03099989891,0.935023009777,-1.33056998253,-1.20513999462,-0.0248649995774,0.770326972008,1.16674995422,2.8587501049,1.0,1.0,0.0,0.0,0.0,
2610,0,"Creature\pumpkinSoldier\PumpkinSoldier.mdx",1,1.0,2,1,18.0,12.0,1.0,,0,0,2472,0.611100018024,2.03099989891,0.0,-1.72500002384,-1.77376997471,-0.0868759974837,1.60532999039,1.96902000904,3.73634004593,1.0,1.0,0.0,0.0,0.0,
2611,0,"Creature\InvisibleStalker\InvisibleStalker.mdx",1,1.0,3,4,18.0,12.0,1.0,,0,0,1608,0.611100018024,2.03099989891,1.30095005035,1.0,1.0,1.0,-1.0,-1.0,-1.0,1.0,1.0,0.0,0.0,0.0,
2612,0,"Creature\BroomMount\BroomMount.mdx",1,1.0,3,-1,18.0,12.0,1.0,,0,0,2474,0.611100018024,2.03099989891,0.0344990007579,-1.12864995003,-0.228146001697,0.881756007671,1.48150002956,0.243550002575,1.49278998375,1.0,1.0,0.0,0.0,0.0,
2613,0,"CHARACTER\ForestTroll\Male\ForestTrollMale.mdx",0,1.0,1,1,12.0,14.0,1.0,,0,0,2501,0.694400012493,2.08299994469,1.50425004959,-0.930056989193,-0.922100007534,-0.051153998822,0.852582991123,0.98657399416,2.79305005074,1.0,1.0,0.0,0.0,0.0,
2614,0,"CHARACTER\ForestTroll\Male\ForestTrollMale.mdx",0,1.0,1,1,12.0,14.0,1.0,,0,0,2502,0.694400012493,2.08299994469,1.50425004959,-0.930056989193,-0.922100007534,-0.051153998822,0.852582991123,0.98657399416,2.79305005074,1.0,1.0,0.0,0.0,0.0,
2615,2,"Creature\Arthas\Arthas.mdx",1,1.0,1,1,18.0,12.0,1.0,,0,0,2816,0.611100018024,2.03099989891,1.03618001938,-0.633082985878,-0.563277006149,-0.0123539995402,0.351918011904,0.560140013695,1.99443995953,1.0,1.0,0.0,0.0,0.0,
2616,0,"Creature\FireSprite\FireSprite.mdx",0,1.0,-1,4,18.0,12.0,1.0,,0,0,2480,0.694400012493,2.08299994469,0.0,0.0146009996533,-1.05206000805,0.594806015491,0.726550996304,1.06597995758,2.92291998863,1.0,1.0,0.0,0.0,0.0,
2617,0,"Creature\UndeadNerubianBeast\UndeadNerubianBeast.mdx",2,1.0,3,-1,18.0,12.0,1.0,,0,0,2481,0.611100018024,2.03099989891,0.0,-1.52348995209,-1.37557005882,-0.0644690021873,2.27603006363,1.37557005882,3.06627011299,1.0,1.0,0.0,0.0,0.0,
2618,0,"Creature\Wolf\Wolf.mdx",1,1.0,1,7,18.0,12.0,1.0,,0,0,2482,0.611100018024,2.03099989891,1.74318003654,-1.95802998543,-0.600324988365,-0.0310079995543,1.68902003765,0.626317024231,2.26885008812,1.0,1.0,0.0,0.0,0.0,
2619,0,"Creature\SpectralTiger\SpectralTiger.mdx",1,1.0,3,7,18.0,12.0,1.0,,0,0,2483,0.611100018024,2.03099989891,1.24136996269,-2.43267011642,-0.656587004662,-0.0367310009897,1.06468999386,0.634266972542,1.44094002247,1.0,1.0,0.0,0.0,0.0,
2620,0,"Creature\SpectralTiger\SpectralTiger.mdx",0,1.0,4,7,24.0,18.0,1.0,,0,0,2484,0.611100018024,2.03099989891,1.24136996269,-2.43267011642,-0.656587004662,-0.0367310009897,1.06468999386,0.634266972542,1.44094002247,1.0,1.0,0.0,0.0,0.0,
2622,0,"Creature\FrostNymph\FrostNymph.mdx",0,1.0,-1,3,18.0,12.0,1.0,,0,0,2486,0.611100018024,2.03099989891,0.0,-0.945385992527,-0.415127009153,-0.0128410002217,0.963200986385,0.475740998983,2.19776010513,1.0,1.0,0.0,0.0,0.0,
2623,0,"Creature\SuperZombie\superzombie.mdx",1,1.0,3,4,18.0,12.0,1.0,,0,0,2487,0.611100018024,2.03099989891,1.50450003147,-1.03902995586,-1.39666998386,0.0211529992521,1.13489997387,1.3685400486,4.36027002335,1.0,1.0,0.0,0.0,0.0,
2624,0,"Creature\ShovelTusk\ShovelTusk.mdx",1,1.0,1,3,18.0,12.0,1.0,,0,0,2488,0.611100018024,2.03099989891,0.0,-1.2467199564,-0.750720024109,-0.0040970002301,1.94389998913,0.820186018944,2.42081999779,1.0,1.0,0.0,0.0,0.0,
2625,0,"Creature\ShovelTusk\ShovelTusk.mdx",0,1.0,-1,3,18.0,12.0,1.0,,0,0,2488,0.611100018024,2.03099989891,0.0,-1.2467199564,-0.750720024109,-0.0040970002301,1.94389998913,0.820186018944,2.42081999779,1.0,1.0,0.0,0.0,0.0,
2626,0,"Creature\SpectralTiger\SpectralTigerEpic.mdx",0,1.0,4,7,24.0,18.0,1.0,,0,0,2489,0.611100018024,2.03099989891,1.24136996269,-2.43267011642,-0.656587004662,-0.0367310009897,1.06468999386,0.634266972542,1.44094002247,1.0,1.0,0.0,0.0,0.0,
2627,0,"Creature\TuskarrMaleFisherman\TuskarrMaleFisherman.mdx",1,1.0,-1,-1,18.0,12.0,1.0,,0,0,2490,0.611100018024,2.03099989891,0.0,-0.811572015285,-0.9876729846,-0.016575999558,0.796051979065,0.965559005737,2.14698004723,1.0,1.0,0.0,0.0,0.0,
2628,0,"Creature\ArthasLichKing\ArthasLichKing.mdx",2,1.0,-1,1,18.0,12.0,1.0,,0,0,2491,0.611100018024,2.03099989891,0.876506984234,-0.913928985596,-1.24582004547,-0.076837003231,1.61667001247,0.566637992859,2.16091990471,1.0,1.0,0.0,0.0,0.0,
2629,0,"Creature\ArthasUndead\ArthasUndead.mdx",1,1.0,-1,1,18.0,12.0,1.0,,0,0,2492,0.611100018024,2.03099989891,1.03618001938,-0.742704987526,-0.689768016338,-0.0153299998492,0.455983996391,0.689472973347,1.99574995041,1.0,1.0,0.0,0.0,0.0,
2630,0,"Creature\zuljin\Zuljin.mdx",1,1.0,-1,4,18.0,12.0,1.0,,0,0,2493,0.611100018024,2.03099989891,1.50425004959,-0.566932022572,-0.765670001507,-0.00883699953556,0.672721028328,0.65080499649,2.36374998093,1.0,1.0,0.0,0.0,0.0,
2631,1,"Creature\Eagle\eagle.mdx",1,1.0,1,-1,18.0,12.0,1.0,,0,0,2494,0.611100018024,2.03099989891,0.0,-1.60119998455,-3.44022989273,0.465552985668,2.24923992157,3.47689008713,4.48472976685,1.0,1.0,0.0,0.0,0.0,
2632,0,"Creature\Wolpertinger\Wolpertinger.mdx",0,1.0,1,7,4.0,3.0,1.0,,0,0,2495,0.611100018024,2.03099989891,0.0,-0.501008987427,-0.266218990088,-0.00632499996573,0.349718987942,0.266218990088,0.579391002655,1.0,1.0,0.0,0.0,0.0,
2633,0,"Creature\HeadlessHorsemanMount\HeadlessHorsemanMount.mdx",1,1.0,2,6,18.0,12.0,1.0,,0,0,2496,0.611100018024,2.03099989891,0.0,-1.39874994755,-0.659033000469,-0.00211600004695,2.0020699501,0.618669986725,2.97633004189,1.0,1.0,0.0,0.0,0.0,
2634,0,"Creature\HeadlessHorseman\Headlesshorseman.mdx",0,1.0,2,1,18.0,12.0,1.0,,0,0,2497,0.611100018024,2.03099989891,1.03618001938,-0.716916024685,-0.529079020023,-0.00177400000393,0.375357985497,0.529097020626,2.01946997643,1.0,1.0,0.0,0.0,0.0,
2636,147,"Creature\InvisibleMan\InvisibleMan.mdx",1,1.0,1,1,18.0,12.0,1.0,,0,0,2101,0.611100018024,2.03099989891,0.0,1.0,1.0,1.0,-1.0,-1.0,-1.0,1.0,1.0,0.0,0.0,0.0,
2637,0,"Creature\Cloud\CloudSwampGas_Shadowmoon_White.mdx",0,1.0,-1,-1,18.0,12.0,1.0,,0,0,2498,0.611100018024,2.03099989891,0.0,1.0,1.0,1.0,-1.0,-1.0,-1.0,1.0,1.0,0.0,0.0,0.0,
2638,0,"Creature\bearmount\BearMount.mdx",1,1.0,-1,7,18.0,12.0,2.0,,0,0,2499,0.611100018024,2.03099989891,1.96810996532,-1.88932001591,-1.25484001637,-0.058708999306,1.68136000633,1.20473003387,2.33511996269,1.0,1.0,0.0,0.0,0.0,
2639,0,"Creature\HippogryphMount\HippogryphMount.mdx",0,1.0,3,5,24.0,16.0,1.0,,0,0,2500,0.611100018024,2.03099989891,1.88128995895,-2.27591991425,-1.16240000725,-0.0513690002263,2.60738992691,1.19843995571,3.22336006165,1.0,1.0,0.0,0.0,0.0,
2640,1,"Creature\BabyCrocodile\BabyCrocodile.mdx",0,1.0,-1,-1,18.0,12.0,1.0,,0,0,2503,0.611100018024,2.03099989891,0.0,-1.99867999554,-1.38390004635,-0.0387139990926,2.90508008003,1.38189995289,1.66214001179,1.0,1.0,0.0,0.0,0.0,
2641,0,"Creature\QuestObjects\Creature_ScourgeCrystal02.mdx",0,1.0,-1,-1,18.0,12.0,1.0,,0,0,2504,2.50699996948,3.56399989128,0.0,-1.25354003906,-1.25354003906,-0.301553010941,1.25354003906,1.25354003906,7.01952981949,1.0,1.0,0.0,0.0,0.0,
2642,3,"Creature\Harpoon\VR_Harpoon_01.mdx",1,1.0,-1,-1,18.0,12.0,1.0,,0,0,2505,0.611100018024,2.03099989891,0.0,-2.82358002663,-1.78109002113,-1.21291005611,6.52505016327,1.73035001755,5.92639017105,1.0,1.0,0.0,0.0,0.0,
2643,0,"Creature\FlyingMachineCreature_Vehicle\FlyingMachineCreature_Vehicle.mdx",0,1.0,-1,-1,18.0,12.0,1.0,,0,0,2512,0.611100018024,2.03099989891,0.426885992289,-2.7703499794,-3.51692008972,1.41396999359,2.62272000313,3.56247997284,5.62887001038,1.0,1.0,0.0,0.0,0.0,
2644,0,"Creature\Oracle\Oracle.mdx",0,1.0,2,1,18.0,12.0,1.0,,0,0,2513,0.611100018024,2.03099989891,0.0,-1.86698997021,-1.66717004776,-0.0106260003522,1.66518998146,1.22316002846,2.43952989578,1.0,1.0,0.0,0.0,0.0,
2645,0,"Creature\BabyHawkstrider\babyhawkstrider.mdx",0,1.0,-1,5,18.0,12.0,1.0,,0,0,2448,0.611100018024,2.03099989891,3.4488298893,-2.72423005104,-1.71144998074,-0.00766800018027,2.49177002907,1.67402994633,4.12697982788,1.0,1.0,0.0,0.0,0.0,
2646,0,"Creature\NorthrendGiant\NorthrendGiant.mdx",3,1.0,1,1,18.0,12.0,1.0,,2,12,2514,0.611100018024,2.03099989891,9.31359004974,-4.03531980515,-6.27872991562,-0.00725700007752,3.57417988777,6.90594005585,15.8660001755,0.300000011921,1.0,0.0,0.0,0.0,
2647,0,"CREATURE\HeadlessHorsemanHorse\HeadlessHorsemanHorse.mdx",1,1.0,-1,6,18.0,12.0,1.0,,0,0,428,0.611100018024,2.03099989891,0.0,-1.39874994755,-0.618669986725,-0.00211600004695,2.0020699501,0.618669986725,2.66870999336,1.0,1.0,0.0,0.0,0.0,
2648,0,"Creature\CRAB\Crab.mdx",1,1.0,-1,-1,18.0,12.0,1.0,,0,0,2515,0.611100018024,2.03099989891,0.0,-0.717806994915,-0.952884972095,-0.0322140008211,1.28323996067,0.952488005161,0.964783012867,1.0,1.0,0.0,0.0,0.0,
2649,0,"Creature\BabyCrocodile\BabyCrocodile.mdx",0,1.0,-1,-1,18.0,12.0,1.0,,0,0,2503,0.611100018024,2.03099989891,0.0,-1.99867999554,-1.38390004635,-0.0387139990926,2.90508008003,1.38189995289,1.66214001179,1.0,1.0,0.0,0.0,0.0,
2650,0,"Creature\ProtoDragon\ProtoDragon.mdx",2,1.0,3,5,18.0,12.0,2.0,,0,0,2516,0.611100018024,2.03099989891,6.92926979065,-13.5634002686,-11.82970047,-0.394802004099,6.81526994705,12.1787004471,7.52452993393,0.40000000596,4.0,0.0,0.0,0.0,
2651,0,"Creature\QuestObjects\Creature_DemonCrystal_02.mdx",0,1.0,-1,-1,12.0,18.0,1.0,,0,0,2517,0.611100018024,2.03099989891,0.0,-3.56013989449,-3.58505988121,0.566241979599,3.58664989471,3.56173992157,8.20545959473,1.0,1.0,0.0,0.0,0.0,
2652,0,"World\GENERIC\PASSIVEDOODADS\MISC\WheelBarrow\CaveMineWheelbarrow01.mdx",0,1.0,3,-1,18.0,12.0,1.0,,0,0,2518,2.87700009346,1.20000004768,0.0,-1.72775995731,-0.788115024567,-0.00878299959004,1.15820002556,0.796854019165,1.23081994057,1.0,1.0,0.0,0.0,0.0,
2653,0,"Creature\SnowFlakeCreature\SnowFlakeCreature.mdx",0,1.0,-1,-1,18.0,12.0,1.0,,0,0,2519,0.611100018024,2.03099989891,0.0,-1.190969944,-1.31938004494,0.271564006805,1.58884000778,1.647570014,4.55188989639,1.0,1.0,0.0,0.0,0.0,
2654,0,"Creature\Brutallus\Brutallus.mdx",3,1.0,2,5,18.0,12.0,1.0,,82,12,2520,0.611100018024,2.03099989891,0.0,-8.19556045532,-2.36760997772,-0.0669670030475,2.0837700367,2.71627998352,4.47828006744,1.0,1.0,0.0,0.0,0.0,
2655,0,"Creature\Muru\Muru.mdx",2,1.0,-1,-1,18.0,12.0,1.0,,0,0,2521,0.611100018024,2.03099989891,0.0,-2.40895009041,-2.47640991211,0.805460989475,2.46561002731,2.50022006035,8.06075954437,1.0,1.0,0.0,0.0,0.0,
2656,3,"Creature\Gyrocopter\Gyrocopter_02.mdx",0,1.0,-1,-1,18.0,12.0,1.0,,0,0,2522,0.611100018024,2.03099989891,0.0,-3.17781996727,-2.16247010231,0.945353984833,1.63940000534,2.14912009239,3.7399699688,1.0,1.0,0.0,0.0,0.0,
2657,3,"Creature\Gyrocopter\Gyrocopter_01.mdx",0,1.0,-1,-1,18.0,12.0,1.0,,0,0,2523,0.611100018024,2.03099989891,0.0,-3.17781996727,-2.15944004059,0.945353984833,1.63940000534,2.14504003525,3.7399699688,1.0,1.0,0.0,0.0,0.0,
2658,0,"SPELLS\Missile_Snowball.mdx",0,1.0,-1,-1,18.0,12.0,1.0,,0,0,2524,0.0,0.0,0.0,-0.366510003805,-0.36225399375,-0.18777500093,0.366513997316,0.370770007372,0.191716000438,1.0,1.0,0.0,0.0,0.0,
2659,0,"Creature\FireSprite\FireSprite.mdx",0,1.0,-1,-1,18.0,12.0,1.0,,0,0,2525,0.694400012493,2.08299994469,0.0,0.0146009996533,-1.05206000805,0.594806015491,0.726550996304,1.06597995758,2.92291998863,1.0,1.0,0.0,0.0,0.0,
2660,1,"Creature\ArcaneVoidwraith\ArcaneVoidWraith.mdx",2,1.0,-1,-1,18.0,12.0,1.0,,0,0,2526,0.611100018024,2.03099989891,0.0,-1.93973994255,-2.29198002815,-0.133404999971,2.09806990623,2.11702990532,4.122590065,1.0,1.0,0.0,0.0,0.0,
2661,2,"Creature\FelGolem\FelGolem.mdx",2,1.0,3,1,18.0,12.0,1.0,,0,0,2527,0.611100018024,2.03099989891,0.0,-0.85484701395,-1.9987000227,0.00232199998572,2.22001004219,1.87889003754,3.9494600296,1.0,1.0,0.0,0.0,0.0,
2662,0,"Spells\Creature_SpellPortalLarge_Purple.mdx",0,1.0,-1,-1,18.0,12.0,1.0,,0,0,2528,0.0,0.0,0.0,-3.48508000374,-5.05974006653,-2.00665998459,3.56439995766,6.23062992096,12.1491003036,1.0,1.0,0.0,0.0,0.0,
2663,0,"World\GOOBER\G_GnomeMultiBox.mdx",0,1.0,-1,-1,18.0,12.0,1.0,,0,0,2529,0.611100018024,2.03099989891,0.0,-1.14289999008,-1.04313004017,-0.00432900013402,1.04176998138,1.17049002647,2.88945007324,1.0,1.0,0.0,0.0,0.0,
2664,2,"Creature\HolidayRobot\HolidayRobot.mdx",1,1.0,3,1,18.0,12.0,1.0,,0,0,2530,0.611100018024,2.03099989891,0.0,-1.62760996819,-2.01438999176,-0.24807099998,1.10002994537,2.1101000309,3.82523989677,1.0,1.0,0.0,0.0,0.0,
2665,0,"Creature\Oracle\Oracle.mdx",0,1.0,-1,4,18.0,12.0,1.0,,0,0,2513,0.611100018024,2.03099989891,0.0,-1.86698997021,-1.66717004776,-0.0106260003522,1.66518998146,1.22316002846,2.43952989578,1.0,1.0,0.0,0.0,0.0,
2666,0,"Creature\FlyingReindeer\FlyingReindeer.mdx",1,1.0,1,6,18.0,12.0,1.0,,0,0,2531,0.611100018024,2.03099989891,0.0,-1.1551400423,-0.963081002235,-0.0181520003825,2.67845988274,1.12920999527,2.9141600132,1.0,1.0,0.0,0.0,0.0,
2667,0,"Spells\Meteor_Ball_Missile.mdx",0,1.0,1,-1,18.0,12.0,1.0,,0,0,2532,0.0,0.0,0.0,-1.60044002533,-2.72036004066,-2.72036004066,1.60044002533,2.72036004066,2.72036004066,1.0,1.0,0.0,0.0,0.0,
2668,19,"Creature\SiegeVehicle\SiegeVehicle.mdx",2,1.0,-1,-1,18.0,12.0,1.0,,0,0,2533,7.77799987793,8.33300018311,0.0,-6.31067991257,-5.5283498764,-0.220267996192,9.23258972168,5.52717018127,7.65841007233,1.0,1.0,0.0,0.0,0.0,
2669,0,"Creature\DragonHawk\DragonHawk.mdx",0,1.0,-1,-1,18.0,12.0,1.0,,0,0,2228,0.611100018024,2.03099989891,2.35259008408,-3.94611001015,-4.17579984665,-0.442461997271,3.40751004219,4.15813016891,4.65595006943,1.0,1.0,0.0,0.0,0.0,
2670,19,"World\GOOBER\G_ScourgeRuneCircleCrystal.mdx",0,1.0,1,-1,18.0,12.0,1.0,,0,0,2535,0.0,0.0,0.0,-10.3951997757,-10.4267997742,0.00129199994262,10.4752998352,10.4435997009,2.00595998764,1.0,1.0,0.0,0.0,0.0,
2671,0,"World\GOOBER\G_ControlConsoleZippelin.mdx",0,1.0,-1,-1,18.0,12.0,1.0,,0,0,2536,0.536400020123,1.66799998283,0.0,-0.283605009317,-0.573922991753,-0.0544189997017,0.361795991659,0.577534019947,1.49433004856,1.0,1.0,0.0,0.0,0.0,
2672,0,"Creature\FlyingMachineCreature_Vehicle\FlyingMachineCreature_Vehicle.mdx",1,1.0,3,4,18.0,12.0,1.0,,0,0,2537,0.611100018024,2.03099989891,0.426885992289,-2.7703499794,-3.51692008972,1.41396999359,2.62272000313,3.56247997284,5.62887001038,1.0,1.0,0.0,0.0,0.0,
2673,0,"World\GENERIC\Tauren\Passive Doodads\Kites\TaurenKite03.mdx",0,1.0,-1,-1,18.0,12.0,1.0,,0,0,2538,0.0,0.0,0.0,-0.474900007248,-0.537540972233,0.524402022362,0.939303994179,0.541001021862,3.87291002274,1.0,1.0,0.0,0.0,0.0,
2674,0,"Creature\RocketChicken\RocketChicken.mdx",0,1.0,3,5,4.0,3.0,1.0,,0,0,2542,0.611100018024,2.03099989891,0.0,-0.279038995504,-0.398104995489,0.000307000009343,0.283868998289,0.379388988018,0.44110301137,1.0,1.0,0.0,0.0,0.0,
2675,0,"Creature\Kaelthas_broken\KaelThasBroken.mdx",1,1.0,1,1,18.0,12.0,1.0,,0,0,2539,0.611100018024,2.03099989891,0.0,-0.478446990252,-0.512584984303,-0.00467600021511,0.320657998323,0.473360985518,2.17068004608,1.0,1.0,0.0,0.0,0.0,
2676,0,"Creature\dragonkite\DragonKite.mdx",0,1.0,3,4,18.0,12.0,1.0,,0,0,2540,0.611100018024,2.03099989891,0.0,-5.87585020065,-2.75163006783,6.3019900322,0.847724020481,2.4037001133,11.5522003174,1.0,1.0,0.0,0.0,0.0,
2677,0,"Creature\FelElfWarriorMale\FelElfWarriorMale.mdx",1,1.0,1,1,12.0,14.0,1.0,,0,0,2541,0.611100018024,2.03099989891,1.16612994671,-0.919727027416,-0.695097982883,-0.00445599993691,0.883585989475,0.88642001152,2.15722990036,1.0,1.0,0.0,0.0,0.0,
2678,0,"Creature\FelElfCasterFemale\FelElfCasterFemale.mdx",0,1.0,1,1,18.0,12.0,1.0,,0,0,2543,0.611100018024,2.03099989891,0.0,-0.826716005802,-0.492175012827,0.000479999987874,0.326099991798,0.386723995209,2.23198008537,1.0,1.0,0.0,0.0,0.0,
2679,0,"World\GENERIC\PassiveDoodads\SummerFestival\SummerFest_Bonfire_Large01.mdx",0,1.0,-1,-1,18.0,12.0,1.0,,0,0,2545,10.0699996948,6.47200012207,0.0,-5.19941997528,-5.21985006332,-1.94632995129,5.1537399292,5.13330984116,6.09143018723,1.0,1.0,0.0,0.0,0.0,
2680,0,"Creature\ProtoDragon\ProtoDragon.mdx",1,1.0,3,5,18.0,12.0,1.0,,0,0,2516,0.611100018024,2.03099989891,6.92926979065,-13.5634002686,-11.82970047,-0.394802004099,6.81526994705,12.1787004471,7.52452993393,1.0,1.0,0.0,0.0,0.0,
2681,0,"Creature\MurlocCostume\murloccostume_noflag.mdx",1,1.0,1,4,18.0,12.0,1.0,,0,0,2546,0.611100018024,2.03099989891,0.0,-1.35140001774,-1.19324994087,-0.00221799989231,0.605834007263,1.09906005859,2.58801007271,1.0,1.0,0.0,0.0,0.0,
2682,0,"Creature\MurlocCostume\murloccostume_whiteflag.mdx",1,1.0,1,4,18.0,12.0,1.0,,0,0,2547,0.611100018024,2.03099989891,0.0,-1.35140001774,-1.75463998318,-0.00221799989231,0.734283983707,1.09906005859,2.58801007271,1.0,1.0,0.0,0.0,0.0,
2683,0,"Creature\RidingWyvernArmored\RidingWyvernArmored.mdx",0,1.0,-1,5,18.0,12.0,1.0,,0,0,2548,0.611100018024,2.03099989891,1.19388997555,-4.63808012009,-1.6181999445,-0.324001997709,1.72845995426,1.03877997398,2.11660003662,0.310000002384,1.0,0.0,0.0,0.0,
2684,0,"World\Goober\G_EggSpider.mdx",0,1.0,-1,-1,18.0,12.0,1.0,,0,0,2549,1.34800004959,1.5870000124,0.0,-0.988649010658,-0.613355994225,-0.110451996326,0.827556014061,0.625544011593,1.5101300478,0.310000002384,1.0,0.0,0.0,0.0,
2685,0,"World\Goober\G_Necropolis.mdx",4,1.0,-1,-1,18.0,12.0,1.0,,0,0,2550,0.0,0.0,0.0,-17.3864994049,-21.496099472,-6.37346982956,17.6564998627,21.4524002075,53.3619003296,1.0,1.0,0.0,0.0,0.0,
2686,0,"Creature\EredarFemale\EredarFemale.mdx",2,1.0,3,3,18.0,12.0,1.0,,0,0,2551,0.611100018024,2.03099989891,0.0,-0.521140992641,-0.45581099391,0.000119999996969,0.36566901207,0.489798992872,2.3939499855,1.0,1.0,0.0,0.0,0.0,
2687,0,"Creature\Kiljaeden\Kiljaeden.mdx",4,1.0,-1,-1,18.0,12.0,1.0,,0,12,2552,0.611100018024,2.03099989891,0.0,-2.39032006264,-2.14376997948,-3.08805990219,2.29541993141,2.45549988747,3.63429999352,1.0,1.0,0.0,0.0,0.0,
2688,0,"World\GENERIC\TAUREN\PASSIVE DOODADS\TaurenRugs\TaurenRug02.mdx",0,1.0,-1,-1,18.0,12.0,1.0,,0,0,2553,0.0,0.0,0.0,-1.35037004948,-0.890608012676,0.00363900000229,1.33657002449,0.901975989342,0.0429820008576,1.0,1.0,0.0,0.0,0.0,
2689,0,"Creature\FrostWurmFellfire\FrostWurmFellfire.mdx",2,1.0,-1,5,18.0,12.0,1.0,,2,12,2554,0.611100018024,2.03099989891,8.13903045654,-20.141500473,-9.65991973877,-0.580815017223,9.74291992188,9.59130954742,13.899600029,1.0,1.0,0.0,0.0,0.0,
2690,0,"Creature\FelElfCasterMale\FelElfCasterMale.mdx",0,1.0,1,1,18.0,12.0,1.0,,0,0,2555,0.611100018024,2.03099989891,1.16612994671,-0.919727027416,-0.695097982883,-0.0493279993534,0.883585989475,0.88642001152,2.17477011681,1.0,1.0,0.0,0.0,0.0,
2691,0,"Creature\FelElfHunterFemale\FelElfHunterFemale.mdx",0,1.0,1,1,18.0,12.0,1.0,,0,0,2556,0.611100018024,2.03099989891,0.0,-0.826716005802,-0.492175012827,0.000479999987874,0.326099991798,0.303947985172,1.98558998108,1.0,1.0,0.0,0.0,0.0,
2692,0,"Creature\VoidGod\VoidGod.mdx",2,1.0,-1,-1,18.0,12.0,1.0,,0,0,2557,0.611100018024,2.03099989891,0.0,-0.750289022923,-1.5353000164,0.459820002317,0.860575020313,1.56081998348,3.64247989655,1.0,1.0,0.0,0.0,0.0,
2693,19,"Creature\GroundFlower\GroundFlower.mdx",0,1.0,-1,-1,18.0,12.0,1.0,,0,0,2558,0.611100018024,2.03099989891,0.0,1.0,1.0,1.0,-1.0,-1.0,-1.0,1.0,1.0,0.0,0.0,0.0,
2694,3,"Creature\VrykulBoat\Transport_Vrykul_MediumLight.mdx",2,1.0,3,-1,18.0,12.0,1.0,,0,0,2559,0.611100018024,2.03099989891,4.94948005676,-32.6237983704,-13.5541000366,-4.61959981918,32.5424995422,13.8678998947,44.4402999878,1.0,1.0,0.0,0.0,0.0,
2695,0,"World\EXPANSION01\DOODADS\BLOODMYST\Webs\Cocoon_Yellow.mdx",0,1.0,-1,-1,18.0,12.0,1.0,,0,0,2560,0.0,0.0,0.0,-1.24705004692,-1.44174003601,-0.332708001137,1.2570899725,1.4498000145,2.31808996201,1.0,1.0,0.0,0.0,0.0,
2696,17,"SPELLS\LightningStorm_Cloud_State.mdx",2,1.0,3,-1,18.0,12.0,1.0,,0,0,2561,0.0,0.0,0.0,-7.81283998489,-7.92150020599,0.0,7.9981098175,7.89312982559,9.22568035126,1.0,1.0,0.0,0.0,0.0,
2697,0,"SPELLS\Steam.mdx",0,1.0,3,-1,18.0,12.0,1.0,,0,0,2562,0.0,0.0,0.0,1.0,1.0,1.0,-1.0,-1.0,-1.0,1.0,1.0,0.0,0.0,0.0,
2698,0,"Creature\DragonKalecgos\DragonKalecgos.mdx",3,1.0,3,5,30.0,20.0,2.0,,2,12,2563,0.611100018024,2.03099989891,8.13903045654,-20.1460990906,-9.71094036102,-0.694379985332,10.1218996048,9.7673997879,13.7582998276,1.0,1.0,0.0,0.0,0.0,
2699,0,"Creature\Kalecgos\Kalecgos.mdx",1,1.0,1,1,12.0,10.0,1.0,,0,0,2564,0.611100018024,2.03099989891,0.0,-0.576529026031,-0.477784007788,-0.00188500003424,0.334475010633,0.471354991198,2.00609993935,1.0,1.0,0.0,0.0,0.0,
2700,0,"Creature\MountainGiantNorthrend\MountainGiant_Howling.mdx",3,1.0,3,1,18.0,12.0,1.0,,2,12,2771,0.611100018024,2.03099989891,0.0,-6.37095022202,-5.88449001312,-0.0213370006531,2.78907990456,4.8917298317,14.717499733,1.0,1.0,0.0,0.0,0.0,
2701,0,"Creature\FlyingBomber\flyingBomber.mdx",0,1.0,3,4,18.0,12.0,1.0,,0,0,2566,0.611100018024,2.03099989891,-0.250009000301,-5.22828006744,-4.88236999512,-0.81398499012,5.44880008698,4.90425014496,4.4264497757,1.0,1.0,0.0,0.0,0.0,
2702,0,"World\EXPANSION01\DOODADS\SUNWELL\PASSIVEDOODADS\SUNWELL\Sunwell_FX.mdx",0,1.0,-1,-1,18.0,12.0,1.0,,0,0,2567,0.0,0.0,0.0,-40.6552009583,-46.0910987854,-20.3801002502,40.3708992004,46.0957984924,294.174987793,1.0,1.0,0.0,0.0,0.0,
2703,0,"Creature\Muru\Muru.mdx",2,1.0,-1,-1,18.0,12.0,1.0,,0,0,2568,0.611100018024,2.03099989891,0.0,-2.40895009041,-2.47640991211,0.805460989475,2.46561002731,2.50022006035,8.06075954437,1.0,1.0,0.0,0.0,0.0,
2704,0,"Creature\DireFurbolg\DireFurbolg.mdx",1,1.0,-1,7,18.0,12.0,1.0,,0,0,2569,0.611100018024,2.03099989891,0.0,-0.575034976006,-0.937924981117,-0.0165340006351,1.1326700449,0.96674901247,2.10152006149,1.0,1.0,0.0,0.0,0.0,
2705,1,"Creature\FrostLord\FrostLordCore.mdx",2,1.0,-1,-1,18.0,12.0,1.0,,0,0,2570,0.611100018024,2.03099989891,0.0,-0.958890974522,-2.51628994942,1.44100999832,1.02948999405,2.49296998978,7.18645000458,1.0,1.0,0.0,0.0,0.0,
2706,1,"Creature\FrostLord\FrostLord.mdx",0,1.0,-1,-1,18.0,12.0,1.0,,0,0,2571,0.611100018024,2.03099989891,0.0,-16.7199001312,-19.1748008728,-5.78058004379,21.280500412,18.6347999573,49.0978012085,1.0,1.0,0.0,0.0,0.0,
2707,0,"Creature\Elekk\ElekkWild.mdx",2,1.0,3,3,24.0,20.0,1.0,,1,10,2207,0.611100018024,2.03099989891,0.0,-2.16462993622,-2.73586010933,-0.0805450007319,3.49196004868,1.74981999397,4.46697998047,1.0,1.0,0.0,0.0,0.0,
2708,0,"Creature\ArcticCondor\ArcticCondor.mdx",0,1.0,-1,-1,18.0,12.0,1.0,,0,0,2572,0.611100018024,2.03099989891,0.0,-1.70490002632,-3.40194988251,0.504558026791,2.25262999535,3.43544006348,4.46283006668,1.0,1.0,0.0,0.0,0.0,
2709,19,"Creature\FireDancer\FireDancer.mdx",1,1.0,3,3,10.0,10.0,1.0,,0,0,2573,0.711399972439,2.46399998665,0.0,-0.433973014355,-0.45581099391,0.000119999996969,0.36566901207,0.45066601038,2.40896010399,1.0,1.0,0.0,0.0,0.0,
2710,0,"Creature\Drake\Drake.mdx",0,1.0,1,1,18.0,12.0,1.0,,0,10,508,0.611100018024,2.03099989891,2.60072994232,-6.4514799118,-10.2115001678,-0.551222026348,2.7495200634,10.2109003067,11.5125999451,1.0,1.0,0.0,0.0,0.0,
2711,0,"Creature\Drake\Drake.mdx",2,1.0,1,1,18.0,12.0,1.0,,0,10,508,0.611100018024,2.03099989891,2.60072994232,-6.4514799118,-10.2115001678,-0.551222026348,2.7495200634,10.2109003067,11.5125999451,1.0,1.0,0.0,0.0,0.0,
2712,0,"Creature\SeaVrykulMale\SeaVrykulMale.mdx",0,1.0,1,4,18.0,12.0,1.0,,0,0,2574,0.611100018024,2.03099989891,2.7451300621,-2.72599005699,-2.61559009552,0.010769999586,1.98153996468,2.62695002556,4.52093982697,1.0,1.0,0.0,0.0,0.0,
2713,0,"Creature\NerubianWarrior\NerubianWarrior.mdx",0,1.0,3,1,6.0,4.0,1.0,,0,0,2575,0.611100018024,2.03099989891,0.0,-2.57185006142,-2.3075299263,-0.195637002587,2.07771992683,2.30698990822,3.3045899868,1.0,1.5,0.0,0.0,0.0,
2714,0,"Creature\NerubianCaster\NerubianCaster.mdx",1,1.0,3,1,18.0,12.0,1.0,,0,0,2576,0.611100018024,2.03099989891,0.0,-2.57185006142,-2.3075299263,-0.195637002587,2.05413007736,2.30698990822,3.29846000671,1.0,1.5,0.0,0.0,0.0,
2715,0,"Creature\Nerubian\Nerubian.mdx",1,1.0,3,1,6.0,4.0,1.0,,0,0,2577,0.611100018024,2.03099989891,0.0,-2.57185006142,-2.3075299263,-0.195637002587,2.05413007736,2.30698990822,3.1878900528,1.0,1.0,0.0,0.0,0.0,
2716,0,"Creature\Wolf\Wolf.mdx",1,1.0,-1,7,18.0,12.0,1.0,,0,0,43,0.611100018024,2.03099989891,0.0,-2.25615000725,-0.636057972908,-7.7999997302e-005,1.58476996422,0.666565001011,1.70278000832,1.0,1.0,0.0,0.0,0.0,
2717,0,"Creature\Direwolf\RidingDireWolf.mdx",0,1.0,-1,7,18.0,12.0,1.0,,0,0,2578,0.611100018024,2.03099989891,1.3991099596,-2.30695009232,-0.575971007347,-0.0239819996059,1.58847999573,0.546913027763,1.87898004055,1.0,1.0,0.0,0.0,0.0,
2718,27,"Creature\RocketMount\RocketMount.mdx",0,1.0,3,-1,18.0,12.0,1.0,,0,0,2579,0.611100018024,2.03099989891,0.580205976963,-2.2430100441,-0.858282983303,0.0990180000663,2.20594000816,0.830642998219,2.69684004784,1.0,1.0,0.0,0.0,0.0,
2719,0,"Creature\PhoenixPet\PhoenixPet.mdx",0,1.0,1,-1,18.0,12.0,1.0,,0,0,2580,0.611100018024,2.03099989891,0.0,-0.89612197876,-1.3208899498,0.0934500023723,0.940603971481,1.33432996273,2.1016600132,1.0,1.0,0.0,0.0,0.0,
2720,0,"Spells\MagePortal_Blank.mdx",2,1.0,-1,-1,18.0,12.0,1.0,,0,0,2581,0.416700005531,2.36100006104,0.0,1.0,1.0,1.0,-1.0,-1.0,-1.0,1.0,1.0,0.0,0.0,0.0,
2721,0,"World\GENERIC\ActiveDoodads\SpellPortals\MagePortal_Shattrath.mdx",2,1.0,-1,-1,18.0,12.0,1.0,,0,0,2582,0.0,0.0,0.0,0.0,-1.56140995026,0.175986006856,0.0,1.56140995026,3.64843010902,1.0,1.0,0.0,0.0,0.0,
2722,0,"World\GOOBER\G_JewelBlack.mdx",1,1.0,-1,-1,18.0,12.0,1.0,,0,0,2583,0.416700005531,1.38900005817,0.0,-1.46338999271,-1.77793002129,-0.619561970234,1.45792996883,1.77894997597,3.53449010849,1.0,1.0,0.0,0.0,0.0,
2723,0,"Creature\Dragon\Dragon.mdx",4,0.800000011921,1,5,30.0,20.0,3.0,,2,12,191,0.611100018024,2.03099989891,8.13903045654,-20.1460990906,-9.71094036102,-0.69438201189,9.73264026642,9.7673997879,13.7582998276,1.0,1.0,0.0,0.0,0.0,
2724,0,"World\GENERIC\PASSIVEDOODADS\BABIES\Baby_Ta.mdx",0,1.0,-1,-1,18.0,12.0,1.0,,0,0,2584,1.19799995422,2.9279999733,0.0,-0.583380997181,-0.531033992767,-0.0456620007753,0.584258973598,0.511716008186,0.609664976597,1.0,1.0,0.0,0.0,0.0,
2725,0,"Creature\NerubianSpiderling\NerubianSpiderling.mdx",0,1.0,3,4,6.0,4.0,1.0,,0,0,2585,0.611100018024,2.03099989891,0.0,-1.41966998577,-1.80031001568,-0.0502219982445,1.36659002304,1.8004399538,2.47392988205,1.0,1.0,0.0,0.0,0.0,
2726,0,"Creature\ForsakenCatapult\ForsakenCatapult.mdx",0,1.0,-1,-1,18.0,12.0,1.0,,0,0,2587,3.88899993896,4.16699981689,1.80007994175,-3.43419003487,-2.66651010513,-0.753027021885,4.26868009567,2.69621992111,6.65712976456,1.0,1.0,0.0,0.0,0.0,
2727,3,"Creature\ForsakenCatapult\ForsakenCatapult.mdx",0,1.0,3,4,18.0,12.0,1.0,,0,0,2587,3.88899993896,4.16699981689,1.80007994175,-3.43419003487,-2.66651010513,-0.753027021885,4.26868009567,2.69621992111,6.65712976456,1.0,1.0,0.0,0.0,0.0,
2728,0,"Creature\FlyingNerubian\FlyingNerubian.mdx",0,1.0,3,4,18.0,12.0,1.0,,0,0,2588,0.611100018024,2.03099989891,0.0,-2.08183002472,-2.48323988914,-0.0064170002006,2.08793997765,2.52663993835,2.10918998718,1.0,1.0,0.0,0.0,0.0,
2729,0,"World\GENERIC\HUMAN\PASSIVE DOODADS\MEAT\BloodyMeat02.mdx",0,1.0,-1,-1,18.0,12.0,1.0,,0,0,2595,0.619000017643,0.173399999738,0.0,-0.706570982933,-1.01844000816,-0.00415899977088,0.41117399931,0.560465991497,0.755559980869,1.0,1.0,0.0,0.0,0.0,
2730,27,"World\AZEROTH\KARAZAHN\PASSIVEDOODADS\Pedestals\KarazahnPedestals02.mdx",0,1.0,-1,-1,18.0,12.0,1.0,,0,0,2596,3.78600001335,5.20699977875,0.0,-1.90710997581,-1.97546005249,-0.0367310009897,1.87803995609,1.80968999863,5.18230009079,1.0,1.0,0.0,0.0,0.0,
2731,0,"Creature\WYVERN\Wyvern.mdx",0,1.0,-1,-1,18.0,12.0,1.0,,0,0,85,0.611100018024,2.03099989891,0.0,-3.20152997971,-5.22185993195,0.423987001181,3.13663005829,5.23434019089,6.74156999588,1.0,1.0,0.0,0.0,0.0,
2732,0,"Creature\WYVERN\Wyvern_Armored.mdx",0,1.0,-1,-1,18.0,12.0,1.0,,0,0,2238,0.694400012493,2.08299994469,0.0,-3.39085006714,-5.22185993195,0.306299000978,3.13663005829,5.23434019089,6.74156999588,1.0,1.0,0.0,0.0,0.0,
2733,0,"Creature\NerubianPriest\NerubianPriest.mdx",0,1.0,-1,-1,18.0,12.0,1.0,,0,0,2597,0.611100018024,2.03099989891,0.0,-1.52558994293,-1.0486600399,-0.0311430003494,1.55311000347,1.00001001358,3.21960997581,1.0,1.0,0.0,0.0,0.0,
2734,0,"Creature\ClockworkGnome\ClockworkGnome.mdx",0,1.0,3,1,18.0,12.0,1.0,,0,0,2598,0.611100018024,2.03099989891,0.410098999739,-0.258554011583,-0.381792992353,-0.00212500011548,0.187306001782,0.388054013252,1.02093994617,1.0,1.0,0.0,0.0,0.0,
2735,0,"Creature\ClockworkGnome\ClockworkGnome_A.mdx",0,1.0,3,4,18.0,12.0,1.0,,0,0,2599,0.611100018024,2.03099989891,0.410098999739,-0.258554011583,-0.381792992353,-0.00212500011548,0.187306001782,0.388054013252,1.11782002449,1.0,1.0,0.0,0.0,0.0,
2736,0,"Creature\ClockworkGnome\ClockworkGnome_B.mdx",0,1.0,3,1,18.0,12.0,1.0,,0,0,2600,0.611100018024,2.03099989891,0.410098999739,-0.258554011583,-0.381792992353,-0.00212500011548,0.187306001782,0.388054013252,1.02093994617,1.0,1.0,0.0,0.0,0.0,
2737,0,"Creature\ClockworkGnome\ClockworkGnome_C.mdx",0,1.0,3,1,18.0,12.0,1.0,,0,0,2601,0.611100018024,2.03099989891,0.410098999739,-0.258554011583,-0.381792992353,-0.00212500011548,0.187306001782,0.388054013252,1.02093994617,1.0,1.0,0.0,0.0,0.0,
2738,0,"Creature\ClockworkGnome\ClockworkGnome_D.mdx",0,1.0,3,1,18.0,12.0,1.0,,0,0,2602,0.611100018024,2.03099989891,0.410098999739,-0.258554011583,-0.381792992353,-0.00212500011548,0.191336005926,0.388054013252,1.05037999153,1.0,1.0,0.0,0.0,0.0,
2739,0,"Creature\Dragon\NorthrendDragon.mdx",4,1.89999997616,1,5,30.0,20.0,3.0,,2,12,2603,0.611100018024,2.03099989891,8.13903045654,-20.1396007538,-9.65993022919,-0.580814003944,9.74291992188,9.59130954742,14.0896997452,0.40000000596,3.29999995232,0.0,0.0,0.0,
2740,0,"Creature\NorthrendFrostWurm\NorthrendFrostWurm.mdx",3,1.0,3,5,18.0,12.0,1.0,,0,0,2604,0.611100018024,2.03099989891,8.13903045654,-18.7535991669,-10.5016002655,-0.484638988972,10.0638999939,10.4285001755,13.8945999146,1.0,1.0,0.0,0.0,0.0,
2741,0,"Creature\NorthrendNightbane\NorthrendNightBane.mdx",2,1.0,3,5,18.0,12.0,1.0,,0,0,2605,0.611100018024,2.03099989891,8.13903045654,-18.7535991669,-10.5016002655,-0.484638005495,10.0640001297,10.4285001755,13.8945999146,1.0,1.0,0.0,0.0,0.0,
2742,19,"Creature\SiegeVehicle\SiegeVehicle.mdx",1,1.0,3,4,18.0,12.0,1.0,,0,0,2533,7.77799987793,8.33300018311,0.0,-6.31067991257,-5.5283498764,-0.220267996192,9.23258972168,5.52717018127,7.65841007233,1.0,1.0,0.0,0.0,0.0,
2743,0,"Creature\Dreadlord\DreadLord.mdx",2,1.0,2,3,18.0,12.0,1.0,,0,0,130,0.611100018024,2.03099989891,0.0,-2.89867997169,-2.36577010155,-0.182644993067,1.03970003128,2.26030993462,3.4673500061,1.0,1.0,0.0,0.0,0.0,
2744,0,"World\GENERIC\HUMAN\PASSIVE DOODADS\OILDRUMS\oildrum01.mdx",0,1.0,-1,-1,18.0,12.0,1.0,,0,0,2606,1875.0,2.84899997711,0.0,-0.93744301796,-1.07315003872,-0.00880200043321,0.93744301796,1.15805995464,2.83994007111,1.0,1.0,0.0,0.0,0.0,
2745,0,"Creature\NorthrendFleshGiant\NorthrendFleshGiant.mdx",0,1.0,3,1,18.0,12.0,1.0,,82,12,2748,0.611100018024,2.03099989891,9.31359004974,-3.27446007729,-7.61858987808,-0.00825699977577,6.13324022293,4.14035987854,12.567199707,1.0,1.0,0.0,0.0,0.0,
2746,1,"Creature\HippogryphMount\HippogryphMount.mdx",0,1.0,-1,5,18.0,12.0,1.0,,0,0,90,0.611100018024,2.03099989891,1.88128995895,-2.27591991425,-1.16240000725,-0.0513690002263,2.60738992691,1.19843995571,3.22336006165,1.0,1.0,0.0,0.0,0.0,
2747,0,"Creature\FelBat\BatTaxi.mdx",0,1.0,-1,5,18.0,12.0,1.0,,0,0,308,0.611100018024,2.03099989891,0.0,-2.26979994774,-5.22596979141,0.796045005322,3.38252997398,5.23019981384,6.7708902359,1.0,1.0,0.0,0.0,0.0,
2748,0,"Creature\Gryphon\Gryphon_Skeletal.mdx",0,1.0,-1,-1,18.0,12.0,1.0,,0,0,2197,0.611100018024,2.03099989891,1.56762003899,-2.4701499939,-3.38382005692,0.237627997994,1.69839000702,3.33406996727,4.3547000885,1.0,1.0,0.0,0.0,0.0,
2749,0,"Creature\Gryphon\Gryphon_Ghost.mdx",0,1.0,-1,-1,18.0,12.0,1.0,,0,0,2230,0.611100018024,2.03099989891,1.56762003899,-2.54100990295,-4.04135990143,-0.647368013859,2.51472997665,4.03026008606,6.21568012238,1.0,1.0,0.0,0.0,0.0,
2750,0,"World\EXPANSION01\DOODADS\GENERIC\BloodElf\PowerOrb\BloodElf_PowerOrb_Green.mdx",0,1.0,-1,-1,18.0,12.0,1.0,,0,0,2607,0.0,0.0,0.0,-1.9393299818,-2.35240006447,-2.35382008553,1.9393299818,2.35240006447,2.34717011452,1.0,1.0,0.0,0.0,0.0,
2751,0,"World\Expansion02\Doodads\Generic\Scourge\SC_Blighter.mdx",0,1.0,-1,-1,18.0,12.0,1.0,,0,0,2608,6.09800004959,9.8780002594,0.0,-4.06562995911,-4.06562995911,-0.536146998405,4.06562995911,4.06563997269,10.6759004593,1.0,1.0,0.0,0.0,0.0,
2752,0,"Creature\NorthrendIceGiant\NorthrendIceGiant.mdx",3,1.0,4,1,140.0,80.0,1.0,,0,0,2609,0.611100018024,2.03099989891,9.31359004974,-4.11562013626,-5.719810009,-0.157620996237,5.49685001373,6.41084003448,14.2118997574,1.0,1.0,0.0,0.0,0.0,
2753,0,"Creature\JormungarLarva\JormungarLarva.mdx",2,1.0,3,4,18.0,12.0,1.0,,0,0,2610,0.611100018024,2.03099989891,0.0,-3.67046999931,-1.21042001247,-0.321018993855,1.95740997791,1.12531995773,3.82419991493,1.0,1.0,0.0,0.0,0.0,
2754,0,"Creature\NorthrendGeist\NorthrendGeist.mdx",0,1.0,3,4,18.0,12.0,1.0,,0,0,2611,0.611100018024,2.03099989891,0.985520005226,-0.327933996916,-0.586319029331,-0.0404109992087,0.46820500493,0.395657002926,0.897383987904,1.0,0.75,0.0,0.0,0.0,
2755,0,"Creature\RocketMount\RocketMount.mdx",0,1.0,3,4,18.0,12.0,1.0,,0,0,2579,0.611100018024,2.03099989891,0.580205976963,-2.2430100441,-0.858282983303,0.0990180000663,2.20594000816,0.830642998219,2.69684004784,1.0,1.0,0.0,0.0,0.0,
2756,0,"Creature\Warhorse\WarHorse.mdx",0,1.0,1,4,18.0,12.0,1.0,,0,0,2612,0.611100018024,2.03099989891,1.86572003365,-1.95297002792,-0.464978992939,-0.0215329993516,2.04042005539,0.490534991026,2.54026007652,1.0,1.0,0.0,0.0,0.0,
2757,0,"World\GENERIC\HUMAN\PASSIVE DOODADS\Clothing\ClothYarnBallRed.mdx",0,1.0,3,4,18.0,12.0,1.0,,0,0,2613,0.0,0.0,0.0,-0.118539996445,-0.122918002307,-0.00689999992028,0.118539996445,0.114162996411,0.230180993676,0.20000000298,1.0,0.0,0.0,0.0,
2758,1,"Creature\Gryphon\Gryphon_ArmoredMount.mdx",2,1.0,1,4,18.0,12.0,1.0,,0,0,2614,0.611100018024,2.03099989891,1.56762003899,-2.13574004173,-1.28965997696,-0.0974140018225,2.52730989456,1.17446005344,2.6650800705,1.0,1.0,0.0,0.0,0.0,
2759,0,"Creature\ZebraMount\ZebraMount.mdx",0,1.0,3,4,18.0,12.0,1.0,,0,0,2615,0.611100018024,2.03099989891,1.86572003365,-1.35439002514,-0.468439996243,-0.0103500001132,2.55217003822,0.417730003595,2.70696997643,1.0,1.0,0.0,0.0,0.0,
2760,0,"CREATURE\ZebraMount\ZebraMount.mdx",0,1.0,1,6,18.0,12.0,1.0,,1,0,197,0.611100018024,2.03099989891,1.86572003365,-1.35439002514,-0.468439996243,-0.0103500001132,2.55217003822,0.417730003595,2.70696997643,1.0,1.0,0.0,0.0,0.0,
2761,0,"Creature\NorthrendPenguin\NorthrendPenguin.mdx",0,1.0,1,4,18.0,12.0,1.0,,0,0,2616,0.611100018024,2.03099989891,0.0,-0.870670974255,-0.5194439888,-0.100066997111,0.73488599062,0.537240028381,1.60636997223,1.0,1.0,0.0,0.0,0.0,
2762,0,"Creature\RocketMount\RocketMount.mdx",0,1.0,3,4,18.0,12.0,1.0,,0,0,2579,0.611100018024,2.03099989891,0.580205976963,-2.2430100441,-0.858282983303,0.0990180000663,2.20594000816,0.830642998219,2.69684004784,1.0,1.0,0.0,0.0,0.0,
2763,0,"World\Expansion02\Doodads\Generic\Scourge\SC_Wagon.mdx",0,1.0,3,4,18.0,12.0,1.0,,0,0,2617,0.0,0.0,0.0,-14.383099556,-5.32839012146,-0.649483978748,9.15252017975,5.00880002975,12.8818998337,1.0,1.0,0.0,0.0,0.0,
2764,0,"Creature\ZebraMount\ZebraMount.mdx",0,1.0,1,6,18.0,12.0,1.0,,0,0,2618,0.611100018024,2.03099989891,1.86572003365,-1.35439002514,-0.468439996243,-0.0103500001132,2.55217003822,0.417730003595,2.70696997643,1.0,1.0,0.0,0.0,0.0,
2765,0,"World\GENERIC\HUMAN\PASSIVE DOODADS\GunShop\GunTripod.mdx",0,1.0,3,4,18.0,12.0,1.0,,0,0,2619,1.13300001621,1.40699994564,0.0,-0.535935997963,-0.760469019413,-0.00182400003541,0.601046025753,0.879805982113,1.63196003437,1.0,1.0,0.0,0.0,0.0,
2766,0,"World\AZEROTH\STRANGLETHORN\PASSIVEDOODADS\TrollDungeonSacks\TrollDungeonSacks.mdx",0,1.0,3,4,18.0,12.0,1.0,,0,0,2620,1.12000000477,1.07799994946,0.0,-0.543980002403,-0.502467989922,-0.0363489985466,0.545050978661,0.502467989922,0.946389019489,1.0,1.0,0.0,0.0,0.0,
2767,0,"Creature\Gryphon\Gryphon_ArmoredMount.mdx",0,1.0,3,4,18.0,12.0,1.0,,0,0,2614,0.611100018024,2.03099989891,1.56762003899,-2.13574004173,-1.28965997696,-0.0974140018225,2.52730989456,1.17446005344,2.6650800705,1.0,1.0,0.0,0.0,0.0,
2768,3,"Creature\ScryingOrb\ScryingOrb.mdx",0,1.0,3,4,18.0,12.0,1.0,,0,0,2621,0.611100018024,2.03099989891,0.0,-0.50676202774,-0.505762994289,-0.0084380004555,0.50676202774,0.507762014866,1.82731997967,1.0,1.0,0.0,0.0,0.0,
2769,0,"Creature\Magnataur\magnataur.mdx",2,1.0,1,4,18.0,12.0,1.0,,1,10,2622,0.611100018024,2.03099989891,2.30802989006,-2.03899002075,-1.35502994061,-0.00150699994992,2.4872200489,1.4153200388,3.73603010178,1.0,1.0,0.0,0.0,0.0,
2770,0,"World\DUNGEON\CAVERNSOFTIME\PASSIVEDOODADS\HourGlass\COT_HourGlass_redo.mdx",0,1.0,3,4,18.0,12.0,1.0,,0,0,2623,0.0,0.0,0.0,-31.7227993011,-31.6711997986,4.81649017334,31.7124996185,31.721200943,164.380004883,1.0,1.0,0.0,0.0,0.0,
2771,0,"Creature\Gryphon\Gryphon_ArmoredMount.mdx",0,1.0,3,4,18.0,12.0,1.0,,0,0,2614,0.611100018024,2.03099989891,1.56762003899,-2.13574004173,-1.28965997696,-0.0974140018225,2.52730989456,1.17446005344,2.6650800705,1.0,1.0,0.0,0.0,0.0,
2772,0,"World\Expansion02\Doodads\DragonBlight\DB_Flowers02.mdx",0,1.0,3,4,18.0,12.0,1.0,,0,0,2624,0.0,0.0,0.0,-0.647360026836,-0.563625991344,-0.0199720002711,0.560182988644,0.607060015202,1.02646005154,1.0,1.0,0.0,0.0,0.0,
2773,0,"World\GENERIC\PASSIVEDOODADS\Furniture\Containers\Lichcontainer01.mdx",0,1.0,3,4,18.0,12.0,1.0,,0,0,2625,0.0,0.0,0.0,-0.578409016132,-0.578409016132,0.00612899987027,0.578409016132,0.578409016132,1.90675997734,1.0,1.0,0.0,0.0,0.0,
2774,0,"World\AZEROTH\ELWYNN\PASSIVEDOODADS\DETAIL\ElwynnFlower01.mdx",0,1.0,3,4,18.0,12.0,1.0,,0,0,2626,0.0,0.0,0.0,-0.697980999947,-0.414959996939,-0.0171760004014,0.225942000747,0.373620986938,0.881195008755,1.0,1.0,0.0,0.0,0.0,
2775,0,"Creature\RidingWyvernArmored\RidingWyvernArmored.mdx",0,1.0,3,4,18.0,12.0,1.0,,0,0,2548,0.611100018024,2.03099989891,1.19388997555,-4.63808012009,-1.6181999445,-0.324001997709,1.72845995426,1.03877997398,2.11660003662,1.0,1.0,0.0,0.0,0.0,
2776,0,"World\AZEROTH\ELWYNN\PASSIVEDOODADS\DETAIL\ElwynnFlower02.mdx",0,1.0,3,4,18.0,12.0,1.0,,0,0,2627,0.0,0.0,0.0,-0.558435022831,-0.419730991125,-0.0490900017321,0.32583001256,0.46677801013,0.856387972832,1.0,1.0,0.0,0.0,0.0,
2777,17,"World\OUTLAND\PASSIVEDOODADS\caltrop01.mdx",2,1.0,3,4,18.0,12.0,1.0,,0,0,2628,24.0300006866,19.0799999237,0.0,-13.0889997482,-11.6241998672,-0.792307972908,10.9405002594,10.945599556,18.2852993011,1.0,1.0,0.0,0.0,0.0,
2778,0,"World\KALIMDOR\FELWOOD\PASSIVEDOODADS\PLANTSQUEST\NightDragon02.mdx",0,1.0,3,4,18.0,12.0,1.0,,0,0,2629,0.0,0.0,0.0,-0.467655986547,-0.451191991568,-0.190804004669,0.349361002445,0.475558996201,1.07916998863,1.0,1.0,0.0,0.0,0.0,
2779,0,"World\KALIMDOR\FELWOOD\PASSIVEDOODADS\PLANTSQUEST\SongFlower01.mdx",0,1.0,3,4,18.0,12.0,1.0,,0,0,2630,0.0,0.0,0.0,-0.413001000881,-0.41436201334,-0.0428440012038,0.361312001944,0.434082001448,0.869027018547,1.0,1.0,0.0,0.0,0.0,
2780,3,"Creature\RevenantFire\RevenantFire.mdx",0,1.0,3,4,18.0,12.0,1.0,,0,0,2631,0.611100018024,2.03099989891,0.0,-3.78175997734,-3.65962004662,-1.3415800333,3.11195993423,3.67444992065,5.1035900116,0.300000011921,0.300000011921,0.0,0.0,0.0,
2781,0,"Creature\MageHunter\MageHunter.mdx",0,1.0,3,7,18.0,12.0,1.0,,0,0,2632,0.611100018024,2.03099989891,0.0,-1.34619998932,-0.473690986633,-0.010816000402,0.81945002079,0.423426985741,1.61991000175,1.0,1.0,0.0,0.0,0.0,
2782,0,"CREATURE\ELEKK\ElekkWild.mdx",1,1.0,3,6,24.0,20.0,1.0,,0,0,2207,0.611100018024,2.03099989891,0.0,-2.16462993622,-2.73586010933,-0.0805450007319,3.49196004868,1.74981999397,4.46697998047,1.0,1.0,0.0,0.0,0.0,
2783,0,"World\GENERIC\GNOME\PASSIVE DOODADS\FURNITURE\GnomeChair02.mdx",0,1.0,3,4,18.0,12.0,1.0,,0,0,2634,1.21099996567,1.23099994659,0.0,-0.654305994511,-0.460581988096,-0.0138889998198,0.583743989468,0.460581988096,1.20553004742,1.0,1.0,0.0,0.0,0.0,
2784,0,"Creature\LionSeal\LionSeal.mdx",0,1.0,3,4,18.0,12.0,1.0,,0,0,2635,0.611100018024,2.03099989891,0.0,-1.51994001865,-0.96660900116,-0.0520449988544,1.25271999836,1.24800002575,1.84229004383,1.0,1.0,0.0,0.0,0.0,
2785,0,"SPELLS\Harpoon_Fire_Missile.mdx",0,1.0,3,4,18.0,12.0,1.0,,0,0,2636,0.0,0.0,0.0,-15.5017004013,-2.09494996071,-0.412463992834,4.96270990372,2.34764003754,0.443347007036,1.0,1.0,0.0,0.0,0.0,
2786,0,"CREATURE\WaterBubbleCreature\WaterBubbleCreature_NoSound.mdx",0,1.0,3,4,18.0,12.0,1.0,,0,0,2390,0.611100018024,2.03099989891,0.0,-1.94444000721,-1.94444000721,0.198140993714,1.94444000721,1.94444000721,4.08702993393,1.0,1.0,0.0,0.0,0.0,
2787,0,"World\EXPANSION01\DOODADS\GENERIC\BloodElf\Rowboat\BE_Rowboat.mdx",0,1.0,3,4,18.0,12.0,1.0,,0,0,2637,13.8699998856,2.55399990082,0.0,-8.50730037689,-2.40162992477,-0.74597799778,5.35883998871,2.14293003082,1.80754995346,1.0,1.0,0.0,0.0,0.0,
2788,0,"Creature\GNOMESPIDERTANK\GnomeSpiderTank02.mdx",2,1.0,3,4,1.0,1.0,1.0,,0,10,2638,0.611100018024,2.03099989891,1.18227005005,-1.59226000309,-1.47701001167,0.0174679998308,1.01080000401,1.47576999664,2.65247011185,1.0,1.0,0.0,0.0,0.0,
2789,0,"SPELLS\Missile_Wave_Water.mdx",0,1.0,4,4,18.0,12.0,1.0,,0,0,2639,0.0,0.0,0.0,-12.9856996536,-6.15215015411,-0.305200994015,3.21854996681,6.1166100502,7.37727022171,1.0,1.0,0.0,0.0,0.0,
2790,0,"Creature\InvisibleStalker\InvisibleStalkerGround.mdx",0,1.0,3,4,18.0,12.0,1.0,,0,0,2640,0.611100018024,2.03099989891,0.0,1.0,1.0,1.0,-1.0,-1.0,-1.0,1.0,1.0,0.0,0.0,0.0,
2791,0,"World\Generic\GNOME\PASSIVE DOODADS\HazardLights\GnomeHazardLight01.mdx",0,1.0,3,4,18.0,12.0,1.0,,0,0,2641,0.742200016975,1.58399999142,0.0,-4.07180976868,-4.07080984116,-0.00160499999765,4.06939983368,4.07195997238,2.01278996468,1.0,1.0,0.0,0.0,0.0,
2792,0,"World\Expansion02\Doodads\Nexus\Nexus_Elevator_BaseStructure_01.mdx",0,1.0,3,4,18.0,12.0,1.0,,0,0,2642,11.3999996185,2.45499992371,0.0,-5.701379776,-11.842300415,-0.000561999971978,5.701379776,11.842300415,2.4544699192,1.0,1.0,0.0,0.0,0.0,
2793,0,"Creature\Valkier\Valkier.mdx",2,1.0,3,4,18.0,12.0,1.0,,0,0,2643,0.611100018024,2.03099989891,2.61525988579,-3.57751011848,-3.90760993958,-0.183474004269,1.88037002087,3.91112995148,6.24499988556,1.0,1.0,0.0,0.0,0.0,
2794,0,"Creature\NorthrendGhoul2\NorthrendGhoul2.mdx",0,1.0,3,4,18.0,12.0,1.0,,0,0,2644,0.611100018024,2.03099989891,1.21797001362,-0.585377991199,-1.36544001102,-0.0472039990127,1.1809899807,1.61779999733,2.25114011765,1.0,1.0,0.0,0.0,0.0,
2795,2,"World\Generic\HUMAN\PASSIVE DOODADS\DOLLS\ragdoll_02.mdx",0,1.0,3,4,18.0,12.0,1.0,,0,0,2645,0.0,0.0,0.0,-0.192449003458,-0.394104987383,0.000905000022613,0.420358985662,0.351774990559,0.831763029099,1.0,1.0,0.0,0.0,0.0,
2796,0,"World\GENERIC\PASSIVEDOODADS\FRUITS\Fruit_Apple.mdx",0,1.0,3,4,18.0,12.0,1.0,,0,0,2646,0.0,0.0,0.0,-0.175724998116,-0.201708003879,0.00113099999726,0.176755994558,0.247038006783,0.480551987886,1.0,1.0,0.0,0.0,0.0,
2797,3,"Creature\DemolisherVehicle\DemolisherVehicle.mdx",0,1.0,3,4,18.0,12.0,1.0,,0,0,2647,9.65100002289,6.10599994659,1.80982995033,-7.03811979294,-5.49223995209,-0.422850996256,7.28758001328,5.49223995209,10.3593997955,1.0,1.0,0.0,0.0,0.0,
2798,0,"CREATURE\HHMount\HHMount.mdx",1,1.0,3,6,18.0,12.0,1.0,,0,10,2648,0.611100018024,2.03099989891,1.86572003365,-1.19098997116,-0.618669986725,-0.0013490000274,2.00375008583,0.618669986725,2.66932988167,1.0,1.0,0.0,0.0,0.0,
2799,0,"Creature\Warhorse\WarHorse.mdx",2,1.0,1,3,18.0,12.0,1.0,,0,10,2612,0.611100018024,2.03099989891,1.86572003365,-1.95297002792,-0.464978992939,-0.0215329993516,2.04042005539,0.490534991026,2.54026007652,1.0,1.0,0.0,0.0,0.0,
2800,2,"World\GOOBER\G_BarrelExplode.mdx",0,1.0,3,4,18.0,12.0,1.0,,0,0,2649,0.61669999361,0.648000001907,0.0,-0.308737009764,-0.360661000013,-0.00120900000911,0.309601008892,0.353334009647,0.647607028484,1.0,1.0,0.0,0.0,0.0,
2801,1,"Creature\Valkier\Valkier.mdx",1,1.0,3,4,18.0,12.0,1.0,,0,0,2643,0.611100018024,2.03099989891,2.61525988579,-3.57751011848,-3.90760993958,-0.183474004269,1.88037002087,3.91112995148,6.24499988556,1.0,1.0,0.0,0.0,0.0,
2802,0,"Creature\DragonSpawnNexus\DragonSpawnArmoredNexus.mdx",1,1.0,3,5,18.0,12.0,1.0,,0,0,2650,0.611100018024,2.03099989891,1.54772996902,-2.88006997108,-2.07445001602,-0.0322859995067,2.25337004662,2.08142995834,2.72568011284,1.0,1.0,0.0,0.0,0.0,
2803,0,"Creature\VrykulFemale\VrykulFemale.mdx",1,1.0,3,4,18.0,12.0,1.0,,0,0,2476,0.611100018024,2.03099989891,2.61525988579,-0.734508991241,-1.09739005566,-0.0160939991474,0.719155013561,0.921433985233,4.38303995132,1.0,1.0,0.0,0.0,0.0,
2804,0,"CREATURE\BAND\Band_DrumSet.mdx",0,1.0,3,4,18.0,12.0,1.0,,0,0,2651,0.611100018024,2.03099989891,0.0,-2.47598004341,-2.49126005173,-0.0624920018017,2.25627994537,2.30550003052,4.35056018829,1.0,1.0,0.0,0.0,0.0,
2805,0,"Creature\ZombiefiedVrykul\ZombiefiedVrykul.mdx",2,1.0,3,4,18.0,12.0,1.0,,0,0,2652,0.611100018024,2.03099989891,2.7451300621,-1.20387005806,-1.58200001717,-0.00649299984798,1.13745999336,1.19439005852,4.10451984406,1.0,1.0,0.0,0.0,0.0,
2806,0,"Creature\ZombiefiedVrykulCaster\ZombiefiedVrykulCaster.mdx",2,1.0,3,4,18.0,12.0,1.0,,0,0,2653,0.611100018024,2.03099989891,2.7451300621,-1.20387005806,-1.48354995251,0.0108089996502,1.12924003601,0.864202976227,4.12608003616,1.0,1.0,0.0,0.0,0.0,
2807,0,"Creature\DragonSpawn\DragonSpawnOverlordNexus.mdx",0,1.0,3,4,18.0,12.0,1.0,,0,0,2654,0.611100018024,2.03099989891,1.54772996902,-3.25096011162,-4.27947998047,-0.0353699997067,1.95253002644,3.14412999153,3.52308011055,1.0,1.0,0.0,0.0,0.0,
2808,3,"World\Expansion02\Doodads\Generic\Scourge\SC_Blighter.mdx",2,1.0,3,4,18.0,12.0,1.0,,0,0,2608,6.09800004959,9.8780002594,0.0,-4.06562995911,-4.06562995911,-0.536146998405,4.06562995911,4.06563997269,10.6759004593,1.0,1.0,0.0,0.0,0.0,
2809,4,"Creature\illidandark\Illidandark.mdx",0,1.0,3,4,18.0,12.0,1.0,,0,0,2655,0.611100018024,2.03099989891,0.0,-4.92607021332,-3.83545994759,-0.0162680000067,1.03840994835,5.09415006638,6.33042001724,1.0,1.0,0.0,0.0,0.0,
2810,0,"Creature\DeathKnightMount\DeathKnightMount.mdx",0,1.0,3,6,18.0,12.0,1.0,,0,0,2656,0.611100018024,2.03099989891,1.93423998356,-1.19075000286,-0.615621984005,-0.0198829993606,1.99896001816,0.619454979897,2.60380005836,1.0,1.0,0.0,0.0,0.0,
2811,0,"Creature\SiegeVehicle\SiegeVehicle.mdx",0,1.0,3,4,18.0,12.0,1.0,,0,0,2533,7.77799987793,8.33300018311,0.0,-6.31067991257,-5.5283498764,-0.220267996192,9.23258972168,5.52717018127,7.65841007233,1.0,1.0,0.0,0.0,0.0,
2812,1,"Creature\SiegeVehicle\SiegeVehicle.mdx",2,1.0,3,4,18.0,12.0,1.0,,0,0,2533,7.77799987793,8.33300018311,0.0,-6.31067991257,-5.5283498764,-0.220267996192,9.23258972168,5.52717018127,7.65841007233,1.0,1.0,0.0,0.0,0.0,
2813,0,"Creature\SiegeVehicle\SiegeVehicle_Weapon_Cannon.mdx",1,1.0,3,4,18.0,12.0,1.0,,0,0,2657,0.611100018024,2.03099989891,0.0,-2.27189993858,-1.31887996197,-0.249522000551,3.19260001183,1.31886994839,3.79456996918,1.0,1.0,0.0,0.0,0.0,
2814,0,"Creature\SiegeVehicle\SiegeVehicle_Weapon_Cannon.mdx",0,1.0,3,4,18.0,12.0,1.0,,0,0,2657,0.611100018024,2.03099989891,0.0,-2.27189993858,-1.31887996197,-0.249522000551,3.19260001183,1.31886994839,3.79456996918,1.0,1.0,0.0,0.0,0.0,
2815,0,"Creature\FlyingBomber\flyingBomber.mdx",0,1.0,3,4,18.0,12.0,1.0,,0,0,2658,0.611100018024,2.03099989891,0.0,-5.22828006744,-4.88236999512,-0.81398499012,5.44880008698,4.90425014496,4.4264497757,1.0,1.0,0.0,0.0,0.0,
2816,0,"SPELLS\ENCHANTMENTS\Sparkle_A.mdx",0,1.0,3,4,18.0,12.0,1.0,,0,0,2659,0.0,0.0,0.0,-9.99999997475e-007,-0.21307399869,-0.185296997428,0.0,0.21307399869,0.240851998329,1.0,1.0,0.0,0.0,0.0,
2817,0,"CREATURE\bearmountALT\BearMountALT.mdx",1,1.0,1,7,18.0,12.0,1.0,,0,0,2660,0.611100018024,2.03099989891,1.86207997799,-1.65758001804,-0.911971986294,-0.058708999306,1.68136000633,0.867245972157,2.32510995865,1.0,1.0,0.0,0.0,0.0,
2818,0,"Creature\SiegeVehicle\SiegeVehicleHasGun.mdx",0,1.0,3,4,18.0,12.0,1.0,,0,0,2661,7.77799987793,8.33300018311,0.0,-6.31067991257,-5.5283498764,-0.220267996192,9.23258972168,5.52717018127,8.66267967224,1.0,1.0,0.0,0.0,0.0,
2819,0,"Creature\Wolvar\Wolvar.mdx",0,1.0,3,4,18.0,12.0,1.0,,0,0,2662,0.611100018024,2.03099989891,0.0,-1.61166000366,-1.16917002201,-0.0169329997152,1.24094998837,1.03088998795,1.99328005314,1.0,1.0,0.0,0.0,0.0,
2820,3,"ITEM\OBJECTCOMPONENTS\WEAPON\Sword_2H_Deathknight_B_01_Q.mdx",0,1.0,3,4,18.0,12.0,1.0,,0,0,2663,0.0,0.0,0.0,-0.4212000072,-0.0546969994903,-0.408832013607,1.64214003086,0.0546969994903,0.408832013607,1.0,1.0,0.0,0.0,0.0,
2821,3,"ITEM\OBJECTCOMPONENTS\WEAPON\Axe_2H_Deathknight_C_01_Q.mdx",0,1.0,3,4,18.0,12.0,1.0,,0,0,2664,0.0,0.0,0.0,-0.503807008266,-0.125190004706,-0.613887012005,1.18272995949,0.125190004706,0.370990008116,1.0,1.0,0.0,0.0,0.0,
2822,0,"Creature\Mammoth\mammoth.mdx",0,1.0,1,4,18.0,12.0,1.0,,1,10,2665,0.611100018024,2.03099989891,4.02315998077,-2.15665006638,-1.76888000965,-0.110207997262,4.03563976288,1.66497004032,4.48816013336,1.0,1.0,0.0,0.0,0.0,
2823,0,"Creature\Mammoth\MammothMount_1seat.mdx",2,1.0,3,3,36.0,24.0,1.0,,1,10,2784,0.611100018024,2.03099989891,4.43322992325,-2.22529006004,-2.16937994957,-0.157710000873,4.03563976288,2.06816005707,5.24002981186,0.850000023842,1.79999995232,0.0,0.0,0.0,
2824,0,"Creature\Mammoth\MammothMount_3seat.mdx",0,1.0,3,3,32.0,21.0,1.0,,1,10,2785,0.611100018024,2.03099989891,4.43322992325,-2.38507008553,-2.31652998924,-0.157710000873,4.03563976288,2.30070996284,5.24002981186,1.0,1.0,0.0,0.0,0.0,
2825,1,"Creature\ValkierDark\ValkierDark.mdx",0,1.0,3,4,18.0,12.0,1.0,,0,0,2668,0.611100018024,2.03099989891,2.61525988579,-3.57751011848,-3.90760993958,-0.183474004269,1.88037002087,3.91112995148,6.24499988556,1.0,1.0,0.0,0.0,0.0,
2826,3,"World\ENVIRONMENT\DOODAD\GENERALDOODADS\ELEMENTALRIFTS\AirRift.mdx",1,1.0,3,4,18.0,12.0,1.0,,0,0,2669,0.0,0.0,0.0,1.0,1.0,1.0,-1.0,-1.0,-1.0,1.0,1.0,0.0,0.0,0.0,
2827,0,"Creature\FrostWurmNorthrend\FrostWurmNorthrend.mdx",0,1.0,3,4,18.0,12.0,1.0,,2,12,2670,0.611100018024,2.03099989891,8.13903045654,-23.2057991028,-10.9806995392,-0.484075993299,10.2953996658,10.9014997482,14.0832004547,0.40000000596,1.0,0.0,0.0,0.0,
2828,0,"Creature\RidingUndeadDrake\RidingUndeadDrake.mdx",0,1.0,3,5,24.0,16.0,1.0,,0,0,2147,0.611100018024,2.03099989891,2.93089008331,-7.31620979309,-3.44929003716,-0.165107995272,3.68598008156,2.76512002945,3.66926002502,1.0,1.0,0.0,0.0,0.0,
2829,0,"Creature\EYEOFKATHUNE\EyeofKathune.mdx",0,1.0,3,4,18.0,12.0,1.0,,0,0,2671,26.1100006104,22.7800006866,0.0,-20.8448009491,-32.7812995911,-23.2021007538,20.8687000275,32.7906990051,46.4990997314,1.0,1.0,0.0,0.0,0.0,
2830,0,"Creature\VampyrBloodPrince\VampyrBloodPrince.mdx",0,1.0,3,4,18.0,12.0,1.0,,0,0,2672,0.611100018024,2.03099989891,1.16612994671,-1.02913999557,-0.754849970341,-0.049988001585,0.498925000429,0.489955991507,2.31527996063,1.0,1.0,0.0,0.0,0.0,
2831,0,"Creature\Undead_Eagle\Undead_Eagle.mdx",0,1.0,3,4,18.0,12.0,1.0,,0,0,2673,0.611100018024,2.03099989891,0.0,-1.60119998455,-3.44022989273,0.465552985668,2.24923992157,3.47689008713,4.48472976685,1.0,1.0,0.0,0.0,0.0,
2832,256,"SPELLS\DeathKnight_DestroyCorpse_Bones_01.mdx",0,1.0,3,4,18.0,12.0,1.0,,0,0,2674,0.0,0.0,0.0,-0.0990799963474,-0.561746001244,-0.133337005973,0.772629976273,0.590708017349,0.421891987324,1.0,1.0,0.0,0.0,0.0,
2833,256,"World\GENERIC\HUMAN\PASSIVE DOODADS\MEAT\BloodyMeat02.mdx",0,1.0,3,4,18.0,12.0,1.0,,0,0,2595,0.619000017643,0.173399999738,0.0,-0.706570982933,-1.01844000816,-0.00415899977088,0.41117399931,0.560465991497,0.755559980869,1.0,1.0,0.0,0.0,0.0,
2834,256,"World\GENERIC\HUMAN\PASSIVE DOODADS\MEAT\BloodyMeat01.mdx",0,1.0,3,4,18.0,12.0,1.0,,0,0,2675,1.18400001526,1.15400004387,0.0,-1.18659996986,-1.22272002697,-0.348854005337,0.806618988514,0.931032001972,1.18261003494,1.0,1.0,0.0,0.0,0.0,
2835,256,"World\EXPANSION01\DOODADS\GENERIC\Ogre\Bones\OM_Bones_03.mdx",0,1.0,3,4,18.0,12.0,1.0,,0,0,2676,2.29399991035,1.35500001907,0.0,0.218520000577,-2.36855006218,-0.0909579992294,2.65265011787,0.394367009401,1.1233099699,1.0,1.0,0.0,0.0,0.0,
2836,1,"Creature\Gyrocopter\Gyrocopter_02.mdx",2,1.0,3,4,18.0,12.0,1.0,,0,0,2523,0.611100018024,2.03099989891,0.0,-3.17781996727,-2.16247010231,0.945353984833,1.63940000534,2.14912009239,3.7399699688,1.0,1.0,0.0,0.0,0.0,
2837,1,"Creature\Gargoyle\Gargoyle.mdx",1,0.5,3,4,18.0,12.0,1.0,,0,0,788,0.611100018024,2.03099989891,1.80036997795,-1.52048003674,-3.35799002647,0.578480005264,1.19516003132,3.35427999496,3.79907989502,1.0,1.0,0.0,0.0,0.0,
2838,0,"Creature\FlyingBomber\flyingBomber.mdx",0,1.0,3,4,18.0,12.0,1.0,,0,0,2658,0.611100018024,2.03099989891,0.0,-5.22828006744,-4.88236999512,-0.81398499012,5.44880008698,4.90425014496,4.4264497757,1.0,1.0,0.0,0.0,0.0,
2839,0,"Creature\Undead_Eagle\Undead_Eagle.mdx",0,1.0,3,4,18.0,12.0,1.0,,0,0,2673,0.611100018024,2.03099989891,0.0,-1.60119998455,-3.44022989273,0.465552985668,2.24923992157,3.47689008713,4.48472976685,0.5,1.0,0.0,0.0,0.0,
2840,0,"Creature\SeaVrykul\SeaVrykul.mdx",0,1.0,3,4,18.0,12.0,1.0,,0,0,2574,0.611100018024,2.03099989891,2.74107003212,-0.87207198143,-1.46537005901,-0.00725399982184,1.02040994167,1.23049998283,4.48509979248,1.0,1.0,0.0,0.0,0.0,
2841,0,"Creature\Kvaldir\Kvaldir.mdx",0,1.0,3,4,18.0,12.0,1.0,,0,0,2677,0.611100018024,2.03099989891,2.7451300621,-2.72599005699,-2.61559009552,0.010769999586,1.98153996468,2.62695002556,4.52093982697,1.0,1.0,0.0,0.0,0.0,
2842,0,"Creature\Kvaldir\Kvaldir.mdx",0,1.0,3,4,18.0,12.0,1.0,,0,0,2678,0.611100018024,2.03099989891,2.7451300621,-2.72599005699,-2.61559009552,0.010769999586,1.98153996468,2.62695002556,4.52093982697,1.0,1.0,0.0,0.0,0.0,
2843,0,"Creature\SeaVrykulMale\SeaVrykulMale_A.mdx",0,1.0,3,4,18.0,12.0,1.0,,0,0,2678,0.611100018024,2.03099989891,2.7451300621,-2.72599005699,-2.61559009552,0.010769999586,1.98153996468,2.62695002556,4.52093982697,1.0,1.0,0.0,0.0,0.0,
2844,0,"Creature\Gryphon\Gryphon_ArmoredMount.mdx",0,1.0,3,4,18.0,12.0,1.0,,0,0,2237,0.611100018024,2.03099989891,1.56762003899,-2.13574004173,-1.28965997696,-0.0974140018225,2.52730989456,1.17446005344,2.6650800705,1.0,1.0,0.0,0.0,0.0,
2845,0,"World\AZEROTH\STRANGLETHORN\PASSIVEDOODADS\GemMineCar02\GemMineCar03.mdx",0,1.0,3,4,18.0,12.0,1.0,,0,0,2679,2.04999995232,2.46799993515,0.0,-1.02374994755,-0.748013973236,-0.0262669995427,1.02623999119,1.06553995609,2.42455005646,1.0,1.0,0.0,0.0,0.0,
2846,0,"Creature\IronDwarf\IronDwarf.mdx",0,1.0,3,1,18.0,12.0,1.0,,0,0,2680,0.611100018024,2.03099989891,1.08262002468,-0.703441023827,-0.970538020134,-0.0214719995856,0.626873016357,0.916531980038,2.31505990028,1.0,1.0,0.0,0.0,0.0,
2847,1,"Creature\FrostwyrmPet\FrostWyrmPet.mdx",0,1.0,3,4,18.0,12.0,1.0,,0,0,2681,0.611100018024,2.03099989891,0.0,-0.825038015842,-1.02277004719,0.847689986229,0.605374991894,0.952629029751,3.41896009445,1.0,1.0,0.0,0.0,0.0,
2848,0,"Creature\NorthrendGiant\NorthrendGiant.mdx",3,1.0,1,4,18.0,12.0,1.0,,1,12,2514,0.611100018024,2.03099989891,9.31359004974,-4.03531980515,-6.27872991562,-0.00725700007752,3.57417988777,6.90594005585,15.8660001755,1.0,1.0,0.0,0.0,0.0,
2849,128,"Creature\VrykulFemale\FrostVrykulFemaleWarrior.mdx",0,1.0,3,4,18.0,12.0,1.0,,0,0,2683,0.611100018024,2.03099989891,2.61525988579,-0.734503984451,-1.17416000366,-0.0160959996283,0.714881002903,1.06082999706,4.47528982162,1.0,1.0,0.0,0.0,0.0,
2850,0,"Character\Vrykul\Male\VrykulMale.mdx",0,1.0,3,4,18.0,12.0,1.0,,0,0,2475,0.611100018024,2.03099989891,2.7451300621,-1.46800005436,-1.4290599823,-0.116890996695,0.840543985367,1.38081002235,5.07564020157,1.0,1.0,0.0,0.0,0.0,
2852,0,"Creature\VrykulFemale\FemaleVrykulBoss.mdx",0,1.0,3,4,18.0,12.0,1.0,,1,10,2685,0.611100018024,2.03099989891,2.61525988579,-0.830698013306,-1.13574004173,-0.0160949993879,0.719377994537,0.982641994953,4.50017023087,1.0,1.0,0.0,0.0,0.0,
2853,0,"Creature\VrykulFemale\FrostVrykulFemaleCaster.mdx",2,1.0,3,4,18.0,12.0,1.0,,0,0,2686,0.611100018024,2.03099989891,2.61525988579,-0.768652975559,-1.16342997551,-0.0160949993879,0.967932999134,1.12540996075,4.40074014664,1.0,1.0,0.0,0.0,0.0,
2854,0,"Creature\VrykulFemale\FrostVrykulFemaleHunter.mdx",0,1.0,3,4,18.0,12.0,1.0,,0,0,2687,0.611100018024,2.03099989891,2.61525988579,-0.760258972645,-1.09739005566,-0.0160949993879,0.719154000282,0.921432971954,4.5263800621,1.0,1.0,0.0,0.0,0.0,
2855,0,"Creature\VrykulFemale\FrostVrykulFemaleDruid.mdx",0,1.0,3,4,18.0,12.0,1.0,,0,0,2688,0.611100018024,2.03099989891,2.61525988579,-0.830697000027,-1.13574004173,-0.0160959996283,0.719376027584,0.982640028,4.38303995132,1.0,1.0,0.0,0.0,0.0,
2856,0,"Creature\VrykulFemale\VrykulFemaleWarrior.mdx",0,1.0,3,4,18.0,12.0,1.0,,0,0,2689,0.611100018024,2.03099989891,2.61525988579,-0.73450499773,-1.17416000366,-0.0160959996283,0.714882016182,1.06082999706,4.47528982162,1.0,1.0,0.0,0.0,0.0,
2857,0,"Creature\FrostVrykulMale\FrostVrykulMale.mdx",0,1.0,3,4,18.0,12.0,1.0,,0,0,2690,0.611100018024,2.03099989891,2.7451300621,-1.42927002907,-1.25276994705,0.0108030000702,0.818482995033,1.28157997131,4.5942401886,1.0,1.0,0.0,0.0,0.0,
2858,0,"Creature\DrakeMount2\DrakeMount2.mdx",0,0.10000000149,3,5,32.0,24.0,1.0,,0,0,2684,0.611100018024,2.03099989891,2.93089008331,-7.88613986969,-3.00320005417,-0.363761007786,3.12888002396,2.49078011513,3.57596993446,1.0,1.0,0.0,0.0,0.0,
2859,0,"Creature\VrykulFemale\VrykulFemaleHunter.mdx",0,1.0,3,4,18.0,12.0,1.0,,0,0,2691,0.611100018024,2.03099989891,2.61525988579,-0.700120985508,-1.09739005566,-0.0160949993879,0.719154000282,0.921433985233,4.5263800621,1.0,1.0,0.0,0.0,0.0,
2860,0,"Creature\VrykulFemale\VrykulFemaleCaster.mdx",0,1.0,3,4,18.0,12.0,1.0,,0,0,2692,0.611100018024,2.03099989891,2.61525988579,-0.768652021885,-1.16342997551,-0.0160959996283,0.967932999134,1.12540996075,4.40074014664,1.0,1.0,0.0,0.0,0.0,
2861,0,"Creature\VrykulFemale\VrykulFemaleDruid.mdx",0,1.0,3,4,18.0,12.0,1.0,,0,0,2693,0.611100018024,2.03099989891,2.61525988579,-0.830698013306,-1.13574004173,-0.0160959996283,0.719376981258,0.982640028,4.38303995132,1.0,1.0,0.0,0.0,0.0,
2862,1027,"Creature\MotorcycleVehicle\MotorcycleVehicle.mdx",0,1.0,3,4,18.0,12.0,1.0,,0,0,2694,0.611100018024,2.03099989891,0.762391984463,-1.9228399992,-0.779003977776,-0.0746579989791,2.81429004669,1.03197002411,2.07522010803,1.0,1.0,0.0,0.0,0.0,
2863,1,"World\Expansion02\Doodads\Ulduar\UL_Chandelier.mdx",0,1.0,3,4,18.0,12.0,1.0,,0,0,2695,0.0,0.0,0.0,0.0,0.0,0.0,0.0,0.0,0.0,1.0,1.0,0.0,0.0,0.0,
2864,27,"CREATURE\TYRAELPET\TyraelPet.mdx",0,1.0,3,4,18.0,12.0,1.0,,0,0,2697,0.611100018024,2.03099989891,0.0,-0.619795024395,-0.842168986797,0.789951980114,0.368770986795,0.853166997433,2.15917992592,1.0,1.0,0.0,0.0,0.0,
2865,0,"World\Goober\G_ExplodingBallista.mdx",0,1.0,3,4,18.0,12.0,1.0,,0,0,2698,0.0,0.0,0.0,0.0,0.0,0.0,0.0,0.0,0.0,1.0,1.0,0.0,0.0,0.0,
2866,0,"World\KHAZMODAN\BLACKROCK\PASSIVEDOODADS\GolemParts\CannonGolemBust.mdx",0,1.0,3,4,18.0,12.0,1.0,,0,0,2699,0.0,0.0,0.0,0.0,0.0,0.0,0.0,0.0,0.0,1.0,1.0,0.0,0.0,0.0,
2867,0,"World\Expansion02\Doodads\Generic\Oracle\O_Crystal_Large.mdx",0,1.0,3,4,18.0,12.0,1.0,,0,0,2700,0.0,0.0,0.0,0.0,0.0,0.0,0.0,0.0,0.0,1.0,1.0,0.0,0.0,0.0,
2868,0,"World\Expansion02\Doodads\Generic\Oracle\O_Lamppost_01.mdx",0,1.0,3,4,18.0,12.0,1.0,,0,0,2701,0.0,0.0,0.0,0.0,0.0,0.0,0.0,0.0,0.0,1.0,1.0,0.0,0.0,0.0,
2869,0,"World\Expansion02\Doodads\Generic\Oracle\O_Crystal_01.mdx",0,1.0,3,4,18.0,12.0,1.0,,0,0,2702,0.0,0.0,0.0,0.0,0.0,0.0,0.0,0.0,0.0,1.0,1.0,0.0,0.0,0.0,
2870,0,"Creature\ARCANETITAN\ArcaneTitan.mdx",3,1.0,3,4,18.0,12.0,1.0,,0,0,2321,0.611100018024,2.03099989891,0.0,-1.57413995266,-2.81610989571,-0.0605439990759,4.13985013962,3.20948004723,4.74326992035,1.0,1.0,0.0,0.0,0.0,
2871,0,"CREATURE\HHGroundMount\HHGroundMount.mdx",1,1.0,3,6,18.0,12.0,1.0,,0,10,2703,0.611100018024,2.03099989891,1.86572003365,-1.19075000286,-0.615621984005,-0.0116459997371,2.00520992279,0.619454979897,2.63417005539,1.0,1.0,0.0,0.0,0.0,
2872,0,"Creature\IronVrykulMale\IronVrykulMale.mdx",0,1.0,3,4,18.0,12.0,1.0,,0,0,2704,0.0,0.0,0.0,0.0,0.0,0.0,0.0,0.0,0.0,1.0,1.0,0.0,0.0,0.0,
2874,0,"Creature\Taunka\Taunka.mdx",0,1.0,1,4,18.0,12.0,1.0,,0,0,2706,0.0,0.0,0.0,0.0,0.0,0.0,0.0,0.0,0.0,1.0,1.0,0.0,0.0,0.0,
2875,0,"Creature\EarthenDwarf\EarthenDwarf.mdx",0,1.0,3,4,18.0,12.0,1.0,,0,0,2707,0.611100018024,2.03099989891,1.08262002468,-0.53747099638,-0.947483003139,-0.0214719995856,0.626874029636,0.887661993504,2.22144007683,1.0,1.0,0.0,0.0,0.0,
2876,0,"World\Expansion02\Doodads\Generic\Scourge\SC_PlagueBomb_Orange.mdx",0,1.0,3,4,18.0,12.0,1.0,,0,0,2717,0.0,0.0,0.0,0.0,0.0,0.0,0.0,0.0,0.0,1.0,1.0,0.0,0.0,0.0,
2877,0,"Creature\MineSpider\MineSpiderBoss.mdx",0,1.0,3,4,18.0,12.0,1.0,,0,0,789,0.0,0.0,0.0,0.0,0.0,0.0,0.0,0.0,0.0,1.0,1.0,0.0,0.0,0.0,
2878,0,"Creature\GolemDwarven\GolemDwarven.mdx",0,1.0,3,1,100.0,50.0,5.0,,0,0,2718,0.611100018024,2.03099989891,0.0,-1.01133000851,-2.02566003799,-0.0678760036826,2.02845001221,1.72008001804,3.34816002846,1.0,1.0,0.0,0.0,0.0,
2879,0,"Creature\GolemIron\GolemCannonIron.mdx",1,1.0,3,4,18.0,12.0,1.0,,0,0,2719,0.611100018024,2.03099989891,2.87083005905,-0.87999600172,-1.88945996761,-0.00289399991743,1.9269900322,1.62039005756,3.30937004089,1.0,1.0,0.0,0.0,0.0,
2880,0,"Creature\RevenantEarth\RevenantEarth.mdx",0,1.0,3,4,18.0,12.0,1.0,,0,0,2720,0.611100018024,2.03099989891,0.0,-1.18166995049,-2.33070993423,0.822538971901,1.89297997952,1.91978001595,4.3585100174,0.300000011921,0.300000011921,0.0,0.0,0.0,
2881,0,"World\GENERIC\HUMAN\PASSIVE DOODADS\Banners\BannerArgentDawn.mdx",0,1.0,3,4,18.0,12.0,1.0,,0,0,2721,0.0,0.0,0.0,0.0,0.0,0.0,0.0,0.0,0.0,1.0,1.0,0.0,0.0,0.0,
2882,0,"Creature\Jormungar\Jormungar.mdx",2,1.0,3,4,18.0,12.0,1.0,,0,0,2610,0.611100018024,2.03099989891,0.0,-1.91375994682,-1.49768996239,-0.671464979649,1.6185400486,1.41085994244,4.48610019684,0.5,1.0,0.0,0.0,0.0,
2883,0,"World\Goober\G_TrapCannonFloor.mdx",0,1.0,3,4,18.0,12.0,1.0,,0,0,2722,0.0,0.0,0.0,0.0,0.0,0.0,0.0,0.0,0.0,1.0,1.0,0.0,0.0,0.0,
2884,0,"World\GENERIC\DWARF\PASSIVE DOODADS\PowderKegs\PowderKegFused.mdx",0,1.0,3,4,18.0,12.0,1.0,,0,0,2726,0.0,0.0,0.0,0.0,0.0,0.0,0.0,0.0,0.0,1.0,1.0,0.0,0.0,0.0,
2885,0,"Creature\ValkierDark\ValkierDark.mdx",1,1.0,3,4,18.0,12.0,1.0,,0,0,2668,0.611100018024,2.03099989891,2.61525988579,-3.57751011848,-3.90760993958,-0.183474004269,1.88037002087,3.91112995148,6.24499988556,1.0,1.0,0.0,0.0,0.0,
2886,0,"Creature\FleshTitan\FleshTitan.mdx",0,1.0,3,4,18.0,12.0,1.0,,82,38,2138,0.611100018024,2.03099989891,4.30996990204,-1.83191001415,-3.54311990738,-0.00438799988478,1.86053001881,3.09926009178,7.29275989532,1.0,1.0,0.0,0.0,0.0,
2887,0,"Creature\WoolyRhino\WoolyRhino.mdx",2,1.0,3,6,40.0,30.0,1.0,,1,10,2727,0.611100018024,2.03099989891,5.29191017151,-6.00682020187,-2.24312996864,-0.0851290002465,4.50661993027,2.1144900322,5.67219018936,1.0,2.29999995232,0.0,0.0,0.0,
2888,0,"Creature\NorthrendWorgen\NorthrendWorgen.mdx",0,1.0,3,4,18.0,12.0,1.0,,0,0,2728,0.611100018024,2.03099989891,1.29404997826,-0.716094970703,-1.44479000568,0.000851000018883,1.0558899641,1.11070001125,2.32839989662,1.0,1.0,0.0,0.0,0.0,
2889,0,"Creature\Gryphon\Gryphon_Skeletal_Mount.mdx",0,1.0,3,4,24.0,16.0,1.0,,0,0,2729,0.611100018024,2.03099989891,1.56762003899,-2.11648011208,-1.41024005413,-0.247769996524,2.66388010979,1.28548002243,2.45272994041,1.0,1.0,0.0,0.0,0.0,
2890,0,"Creature\Gryphon\Gryphon_Skeletal_Mount.mdx",0,1.0,3,4,18.0,12.0,1.0,,0,0,2729,0.611100018024,2.03099989891,1.56762003899,-2.11648011208,-1.41024005413,-0.247769996524,2.66388010979,1.28548002243,2.45272994041,1.0,1.0,0.0,0.0,0.0,
2891,0,"Character\Taunka\Male\TaunkaMale.mdx",0,1.0,1,1,12.0,14.0,1.0,,0,0,2818,0.590300023556,1.65299999714,0.98721498251,-1.07081997395,-0.855726003647,-0.0140230003744,0.863729000092,0.858507990837,2.24852991104,1.0,1.0,0.0,0.0,0.0,
2892,0,"Character\Taunka\Male\TaunkaMale.mdx",0,1.0,1,1,12.0,14.0,1.0,,0,0,2818,0.590300023556,1.65299999714,0.98721498251,-1.07081997395,-0.855726003647,-0.0140230003744,0.863729000092,0.858507990837,2.24852991104,1.0,1.0,0.0,0.0,0.0,
2893,3,"World\GENERIC\DWARF\PASSIVE DOODADS\ChainLinks\TS_Chainmounting01.mdx",0,1.0,3,4,18.0,12.0,1.0,,0,0,2730,0.0,0.0,0.0,0.0,0.0,0.0,0.0,0.0,0.0,1.0,1.0,0.0,0.0,0.0,
2894,3,"World\Expansion02\Doodads\Generic\Scourge\SC_EyeofAcherus_02.mdx",0,1.0,3,4,18.0,12.0,1.0,,0,0,2731,0.0,0.0,0.0,0.0,0.0,0.0,0.0,0.0,0.0,1.0,1.0,0.0,0.0,0.0,
2895,3,"Creature\QuestObjects\Creature_Sc_Crystal.mdx",0,1.0,3,4,18.0,12.0,1.0,,0,0,2732,0.0,0.0,0.0,0.0,0.0,0.0,0.0,0.0,0.0,1.0,1.0,0.0,0.0,0.0,
2896,0,"Creature\VrykulFemale\FrostVrykulFemaleWarrior.mdx",0,1.0,3,4,18.0,12.0,1.0,,0,0,2683,0.611100018024,2.03099989891,2.61525988579,-0.734503984451,-1.17416000366,-0.0160959996283,0.714881002903,1.06082999706,4.47528982162,1.0,1.0,0.0,0.0,0.0,
2897,0,"Creature\NorthrendBearMount\NorthrendBearMountArmored.mdx",0,1.0,3,7,18.0,12.0,1.0,,0,0,2733,0.611100018024,2.03099989891,1.86207997799,-1.70921003819,-0.911971986294,-0.0484299995005,1.68136000633,0.867245972157,1.92464995384,1.0,1.0,0.0,0.0,0.0,
2898,3,"Creature\RevenantAir\RevenantAir.mdx",1,1.0,3,4,18.0,12.0,1.0,,0,0,2734,0.611100018024,2.03099989891,0.0,-1.58756005764,-2.28625011444,0.694064021111,2.92618989944,1.99096000195,4.66396999359,0.300000011921,1.0,0.0,0.0,0.0,
2899,27,"World\Goober\G_JewelBlue.mdx",0,1.0,3,4,18.0,12.0,1.0,,0,0,2736,0.0,0.0,0.0,0.0,0.0,0.0,0.0,0.0,0.0,1.0,1.0,0.0,0.0,0.0,
2900,27,"World\Goober\G_JewelRed.mdx",0,1.0,3,4,18.0,12.0,1.0,,0,0,2737,0.0,0.0,0.0,0.0,0.0,0.0,0.0,0.0,0.0,1.0,1.0,0.0,0.0,0.0,
2901,0,"Creature\PenguinPet\PenguinPet.mdx",0,1.0,3,5,9.0,6.0,1.0,,0,0,2738,0.611100018024,2.03099989891,0.0,-0.315465003252,-0.231576994061,-0.0208069998771,0.256381005049,0.232067003846,0.703884005547,1.0,1.0,0.0,0.0,0.0,
2902,0,"World\GENERIC\ActiveDoodads\SpellPortals\Portal_AlteracValleyAlliance.mdx",0,1.0,3,4,18.0,12.0,1.0,,0,0,2739,0.0,0.0,0.0,0.0,0.0,0.0,0.0,0.0,0.0,1.0,1.0,0.0,0.0,0.0,
2903,0,"World\GENERIC\ActiveDoodads\SpellPortals\Portal_AlteracValleyHorde.mdx",0,1.0,3,4,18.0,12.0,1.0,,0,0,2740,0.0,0.0,0.0,0.0,0.0,0.0,0.0,0.0,0.0,1.0,1.0,0.0,0.0,0.0,
2904,0,"World\GENERIC\ActiveDoodads\SpellPortals\Portal_ArathiBasinAlliance.mdx",0,1.0,3,4,18.0,12.0,1.0,,0,0,2741,0.0,0.0,0.0,0.0,0.0,0.0,0.0,0.0,0.0,1.0,1.0,0.0,0.0,0.0,
2905,0,"World\GENERIC\ActiveDoodads\SpellPortals\Portal_ArathiBasinHorde.mdx",0,1.0,3,4,18.0,12.0,1.0,,0,0,2742,0.0,0.0,0.0,0.0,0.0,0.0,0.0,0.0,0.0,1.0,1.0,0.0,0.0,0.0,
2906,0,"World\GENERIC\ActiveDoodads\SpellPortals\Portal_EyeOfTheStormAlliance.mdx",0,1.0,3,4,18.0,12.0,1.0,,0,0,2743,0.0,0.0,0.0,0.0,0.0,0.0,0.0,0.0,0.0,1.0,1.0,0.0,0.0,0.0,
2907,0,"World\GENERIC\ActiveDoodads\SpellPortals\Portal_EyeOfTheStormHorde.mdx",0,1.0,3,4,18.0,12.0,1.0,,0,0,2744,0.0,0.0,0.0,0.0,0.0,0.0,0.0,0.0,0.0,1.0,1.0,0.0,0.0,0.0,
2908,0,"World\GENERIC\ActiveDoodads\SpellPortals\Portal_WarsongGulchAlliance.mdx",0,1.0,3,4,18.0,12.0,1.0,,0,0,2745,0.0,0.0,0.0,0.0,0.0,0.0,0.0,0.0,0.0,1.0,1.0,0.0,0.0,0.0,
2909,0,"World\GENERIC\ActiveDoodads\SpellPortals\Portal_WarsongGulchHorde.mdx",0,1.0,3,4,18.0,12.0,1.0,,0,0,2746,0.0,0.0,0.0,0.0,0.0,0.0,0.0,0.0,0.0,1.0,1.0,0.0,0.0,0.0,
2910,0,"World\GENERIC\ActiveDoodads\SpellPortals\Portal_StrandOfTheAncients.mdx",0,1.0,3,4,18.0,12.0,1.0,,0,0,2747,0.0,0.0,0.0,0.0,0.0,0.0,0.0,0.0,0.0,1.0,1.0,0.0,0.0,0.0,
2911,0,"World\GENERIC\ActiveDoodads\SpellPortals\Portal_StrandOfTheAncients.mdx",0,1.0,3,4,18.0,12.0,1.0,,0,0,2747,0.0,0.0,0.0,0.0,0.0,0.0,0.0,0.0,0.0,1.0,1.0,0.0,0.0,0.0,
2912,0,"World\Expansion02\Doodads\Ulduar\UL_Torch01.mdx",0,1.0,3,4,18.0,12.0,1.0,,0,0,2749,0.0,0.0,0.0,0.0,0.0,0.0,0.0,0.0,0.0,1.0,1.0,0.0,0.0,0.0,
2913,0,"Creature\NorthrendStoneGiant\NorthrendStoneGiant.mdx",3,1.0,3,4,18.0,12.0,1.0,,0,0,2752,0.611100018024,2.03099989891,9.31359004974,-4.47914981842,-6.95485019684,-0.139029994607,4.8964600563,6.53528022766,14.3261003494,0.850000023842,0.600000023842,0.0,0.0,0.0,
2914,0,"Creature\FlyingBomber\flyingBomber_02.mdx",0,1.0,3,4,18.0,12.0,1.0,,0,0,2753,0.611100018024,2.03099989891,-0.314557999372,-5.05621004105,-5.44808006287,0.637474000454,6.44160985947,5.46817016602,4.75229978561,1.0,1.0,0.0,0.0,0.0,
2915,2,"Creature\GoblinShredderMount\GoblinShredderMount.mdx",0,1.0,3,4,18.0,12.0,1.0,,0,0,2754,0.611100018024,2.03099989891,0.0,-1.36540997028,-2.96135997772,-0.159389004111,3.53145003319,2.68483996391,4.67189979553,1.0,1.0,0.0,0.0,0.0,
2916,0,"World\Expansion02\Doodads\Generic\TUSKARR\TS_FishingHook_Hook.mdx",0,1.0,3,4,18.0,12.0,1.0,,0,0,2755,0.0,0.0,0.0,0.0,0.0,0.0,0.0,0.0,0.0,1.0,1.0,0.0,0.0,0.0,
2917,2,"Creature\GoblinShredderMount\GoblinShredderMount.mdx",0,1.0,3,4,18.0,12.0,1.0,,0,0,2754,0.611100018024,2.03099989891,0.0,-1.36540997028,-2.96135997772,-0.159389004111,3.53145003319,2.68483996391,4.67189979553,1.0,1.0,0.0,0.0,0.0,
2918,2,"Creature\ZuldrakGolem\ZuldrakGolem.mdx",2,1.0,3,4,18.0,12.0,1.0,,1,10,2756,0.611100018024,2.03099989891,0.0,-0.828125,-1.80783998966,-0.0492289997637,1.90032994747,1.67383003235,4.12225008011,1.0,1.0,0.0,0.0,0.0,
2919,0,"Creature\MissileRocketMount\MissileRocketMount.mdx",0,1.0,3,4,18.0,12.0,1.0,,0,0,2757,0.0,0.0,0.0,0.0,0.0,0.0,0.0,0.0,0.0,1.0,1.0,0.0,0.0,0.0,
2920,0,"Creature\StoneTreeLog\StoneTreeLog02_Mount.mdx",0,1.0,3,4,18.0,12.0,1.0,,0,0,2764,0.0,0.0,0.0,0.0,0.0,0.0,0.0,0.0,0.0,1.0,1.0,0.0,0.0,0.0,
2921,0,"Creature\StoneTreeLog\StoneTreeLog03_Mount.mdx",0,1.0,3,4,18.0,12.0,1.0,,0,0,2765,0.0,0.0,0.0,0.0,0.0,0.0,0.0,0.0,0.0,1.0,1.0,0.0,0.0,0.0,
2922,0,"Creature\MissileRocketMount\MissileRocketMount.mdx",0,1.0,3,4,18.0,12.0,1.0,,0,0,2757,0.0,0.0,0.0,0.0,0.0,0.0,0.0,0.0,0.0,1.0,1.0,0.0,0.0,0.0,
2923,0,"Creature\GoblinShredderMount\GoblinShredderMount.mdx",0,1.0,3,4,18.0,12.0,1.0,,0,0,2754,0.611100018024,2.03099989891,0.0,-1.36540997028,-2.96135997772,-0.159389004111,3.53145003319,2.68483996391,4.67189979553,1.0,1.0,0.0,0.0,0.0,
2924,3,"Creature\RevenantWater\RevenantWater.mdx",0,1.0,3,4,18.0,12.0,1.0,,0,0,2766,0.611100018024,2.03099989891,0.0,-1.10546004772,-1.94190001488,0.631051003933,2.0372300148,2.10675001144,4.04094982147,0.300000011921,0.300000011921,0.0,0.0,0.0,
2925,0,"World\KALIMDOR\FELWOOD\PASSIVEDOODADS\PLANTSQUEST\SongFlower02.mdx",0,1.0,3,4,18.0,12.0,1.0,,0,0,2629,0.0,0.0,0.0,0.0,0.0,0.0,0.0,0.0,0.0,1.0,1.0,0.0,0.0,0.0,
2926,0,"World\KALIMDOR\FELWOOD\PASSIVEDOODADS\PLANTSQUEST\NightDragon01.mdx",0,1.0,3,4,18.0,12.0,1.0,,0,0,2767,0.0,0.0,0.0,0.0,0.0,0.0,0.0,0.0,0.0,1.0,1.0,0.0,0.0,0.0,
2927,20,"Creature\illidandark\Illidandark.mdx",0,1.0,3,4,18.0,12.0,1.0,,0,0,2655,0.611100018024,2.03099989891,0.0,-4.92607021332,-3.83545994759,-0.0162680000067,1.03840994835,5.09415006638,6.33042001724,0.10000000149,1.0,0.0,0.0,0.0,
2928,0,"Creature\NorthrendGiant\Gymer.mdx",3,1.0,3,4,18.0,12.0,1.0,,82,12,2514,2.80900001526,12.1300001144,13.731300354,-6.16836023331,-8.73400974274,-0.100946001709,7.71255016327,6.15125989914,14.2861995697,5.0,1.0,0.0,0.0,0.0,
2929,0,"World\Expansion02\Doodads\Generic\Scourge\SC_BoneArm_01.mdx",0,1.0,3,4,18.0,12.0,1.0,,0,0,2772,0.0,0.0,0.0,0.0,0.0,0.0,0.0,0.0,0.0,1.0,1.0,0.0,0.0,0.0,
2930,2,"Creature\Gryphon\Gryphon_Ghost_Mount.mdx",0,1.0,3,5,18.0,12.0,1.0,,0,0,2778,0.0,0.0,0.0,0.0,0.0,0.0,0.0,0.0,0.0,1.0,1.0,0.0,0.0,0.0,
2931,0,"Creature\Dragon\Dragon.mdx",4,0.800000011921,1,5,30.0,20.0,3.0,,2,12,191,0.611100018024,2.03099989891,8.13903045654,-20.1460990906,-9.71094036102,-0.69438201189,9.73264026642,9.7673997879,13.7582998276,1.0,1.0,0.0,0.0,0.0,
2932,0,"Creature\ProtoDragon\ProtoDragonMount.mdx",2,1.0,3,4,18.0,12.0,1.0,,0,0,2779,0.611100018024,2.03099989891,6.92926979065,-13.5634002686,-11.82970047,-0.394802987576,6.81526994705,12.1787004471,8.01461982727,0.40000000596,2.90000009537,0.0,0.0,0.0,
2933,0,"Creature\ValkierDark\ValkierDark.mdx",0,1.0,3,4,18.0,12.0,1.0,,0,0,2643,0.611100018024,2.03099989891,2.61525988579,-3.57751011848,-3.90760993958,-0.183474004269,1.88037002087,3.91112995148,6.24499988556,0.5,1.20000004768,0.0,0.0,0.0,
2934,2,"Creature\BoneSpider\BoneSpider.mdx",0,1.0,3,1,6.0,4.0,1.0,,0,0,2780,0.611100018024,2.03099989891,0.0,-2.11012005806,-2.2053399086,-0.0185940004885,3.88228011131,2.20260000229,2.05988001823,1.0,1.0,0.0,0.0,0.0,
2935,0,"Creature\Malygos\Malygos.mdx",3,1.0,3,4,18.0,12.0,1.0,,0,0,2603,0.611100018024,2.03099989891,8.13903045654,-20.1396007538,-9.65991973877,-0.580820024014,11.1939001083,9.59130001068,14.0896997452,1.0,1.0,0.0,0.0,0.0,
2936,0,"Creature\Valkier\Valkier.mdx",0,1.0,3,4,18.0,12.0,1.0,,0,0,2643,0.611100018024,2.03099989891,2.61525988579,-3.57751011848,-3.90760993958,-0.183474004269,1.88037002087,3.91112995148,6.24499988556,1.0,1.0,0.0,0.0,0.0,
2937,0,"World\AZEROTH\Duskwood\PASSIVEDOODADS\DuskwoodHaystack\DuskwoodHayStack.mdx",0,1.0,3,4,18.0,12.0,1.0,,0,0,2781,0.0,0.0,0.0,0.0,0.0,0.0,0.0,0.0,0.0,1.0,1.0,0.0,0.0,0.0,
2938,0,"Creature\NorthrendSkeleton\NorthrendSkeleton.mdx",1,1.0,3,4,18.0,12.0,1.0,,0,0,2783,0.0,0.0,0.0,0.0,0.0,0.0,0.0,0.0,0.0,1.0,1.0,0.0,0.0,0.0,
2939,0,"Creature\UndeadIceTroll\UndeadIceTroll.mdx",0,1.0,3,4,18.0,12.0,1.0,,0,0,2786,0.611100018024,2.03099989891,1.50425004959,-0.677560985088,-1.12674999237,-0.0100830001757,0.766605973244,0.964137017727,2.31304001808,1.0,1.0,0.0,0.0,0.0,
2940,0,"Character\NorthrendSkeleton\Male\NorthrendSkeletonMale.mdx",0,1.0,1,1,12.0,14.0,1.0,,0,0,2783,1.48699998856,3.98600006104,2.30920004845,-1.76732003689,-1.24758994579,-0.0239010006189,0.822538018227,0.992730021477,4.50013017654,0.550000011921,1.0,0.0,0.0,0.0,
2941,0,"Character\NorthrendSkeleton\Male\NorthrendSkeletonMale.mdx",0,1.0,1,1,12.0,14.0,1.0,,0,0,2279,1.48699998856,3.98600006104,2.30920004845,-1.76732003689,-1.24758994579,-0.0239010006189,0.822538018227,0.992730021477,4.50013017654,1.0,1.0,0.0,0.0,0.0,
2942,0,"Character\IceTroll\Male\IceTrollMale.mdx",0,1.0,1,1,12.0,14.0,1.0,,0,0,2840,0.694400012493,2.08299994469,0.0,0.0,0.0,0.0,0.0,0.0,0.0,1.0,1.0,0.0,0.0,0.0,
2943,0,"Character\IceTroll\Male\IceTrollMale.mdx",0,1.0,1,1,12.0,14.0,1.0,,0,0,2840,0.75,2.36100006104,0.0,0.0,0.0,0.0,0.0,0.0,0.0,1.0,1.0,0.0,0.0,0.0,
2944,59,"Creature\Nexus\Nexus_Floating_Disc.mdx",1,1.0,3,4,18.0,12.0,1.0,,0,0,2787,0.0,0.0,0.0,0.0,0.0,0.0,0.0,0.0,0.0,1.0,1.0,0.0,0.0,0.0,
2945,0,"Creature\ColdWraith\ColdWraith.mdx",0,1.0,3,4,18.0,12.0,1.0,,0,0,2788,0.611100018024,2.03099989891,0.0,-1.55671000481,-0.913820981979,-0.149381995201,0.484066992998,0.60974997282,2.24024009705,1.0,1.0,0.0,0.0,0.0,
2946,0,"Creature\NORTHRENDIRONGIANT\NorthrendIronGiant.mdx",3,1.0,3,4,18.0,12.0,1.0,,2,12,2752,0.611100018024,2.03099989891,9.31359004974,-3.90716004372,-6.19074010849,-0.00499700009823,4.3973698616,6.72375011444,13.8568000793,1.0,0.550000011921,0.0,0.0,0.0,
2947,0,"Creature\Ghoul\GhoulNoBirth.mdx",1,1.0,2,4,18.0,12.0,1.0,,0,0,2791,0.611100018024,2.03099989891,1.21797001362,-0.586296975613,-1.35979998112,-0.0281980000436,1.17956995964,1.51393997669,1.94070005417,1.0,1.0,0.0,0.0,0.0,
2948,11,"Creature\BoundWaterElemental\UnboundWaterElemental.mdx",1,1.0,3,4,18.0,12.0,1.0,,0,0,2795,0.611100018024,2.03099989891,0.0,-1.03524005413,-1.68083000183,0.366207003593,1.04388999939,1.68463003635,3.04342007637,0.5,1.0,0.0,0.0,0.0,
2949,0,"Creature\NorthrendGiant\NorthrendGiant.mdx",0,1.0,3,4,18.0,12.0,1.0,,0,0,2514,0.611100018024,2.03099989891,9.31359004974,-4.03531980515,-6.27872991562,-0.00725700007752,3.57417988777,6.90594005585,15.8660001755,0.800000011921,0.600000023842,0.0,0.0,0.0,
2950,0,"Creature\UndeadDrake\NorthrendUndeadDrake.mdx",3,1.0,3,5,18.0,12.0,1.0,,0,0,2815,0.611100018024,2.03099989891,2.93159008026,-6.98449993134,-4.24172019958,-0.133897006512,4.23468017578,4.21362018585,5.29930019379,0.34999999404,0.34999999404,0.0,0.0,0.0,
2951,0,"Creature\NORTHRENDIRONGIANT\NorthrendIronGiant.mdx",3,1.0,3,4,18.0,12.0,1.0,,0,0,2817,0.611100018024,2.03099989891,9.31359004974,-3.90716004372,-6.19074010849,-0.00499700009823,4.3973698616,6.72375011444,13.8568000793,1.0,1.0,0.0,0.0,0.0,
2952,51,"Creature\Goblin_Cannon\Goblin_Cannon.mdx",1,1.0,3,1,18.0,12.0,1.0,,0,0,2819,0.611100018024,2.03099989891,0.0,-2.48679995537,-1.32892000675,-0.126955002546,2.74795007706,0.863533973694,3.07368993759,1.0,1.0,0.0,0.0,0.0,
2953,0,"World\Goober\G_ChestTitan.mdx",0,1.0,3,4,18.0,12.0,1.0,,0,0,2820,0.0,0.0,0.0,0.0,0.0,0.0,0.0,0.0,0.0,1.0,1.0,0.0,0.0,0.0,
2954,0,"SPELLS\RocketLauncher_PreCast.mdx",0,1.0,3,4,18.0,12.0,1.0,,0,0,2833,0.0,0.0,0.0,0.0,0.0,0.0,0.0,0.0,0.0,1.0,1.0,0.0,0.0,0.0,
2955,115,"World\Expansion02\Doodads\Dalaran\Dalaran_ForgeArms.mdx",2,1.0,3,1,18.0,12.0,1.0,,0,0,2835,0.0,0.0,0.0,0.0,0.0,0.0,0.0,0.0,0.0,1.0,1.0,0.0,0.0,0.0,
2957,0,"Creature\Snobold\Snobold.mdx",0,1.0,3,4,18.0,12.0,1.0,,0,0,2837,0.0,0.0,0.0,0.0,0.0,0.0,0.0,0.0,0.0,1.0,1.0,0.0,0.0,0.0,
2958,0,"World\EXPANSION01\DOODADS\SILVERMOON\FLOWERS\SilvermoonFlower06.mdx",0,1.0,3,4,18.0,12.0,1.0,,0,0,2838,0.0,0.0,0.0,0.0,0.0,0.0,0.0,0.0,0.0,1.0,1.0,0.0,0.0,0.0,
2959,0,"World\Expansion02\Doodads\Scholazar\Bushes\Sholazar_FlowerA.mdx",0,1.0,3,4,18.0,12.0,1.0,,0,0,2839,0.0,0.0,0.0,0.0,0.0,0.0,0.0,0.0,0.0,1.0,1.0,0.0,0.0,0.0,
2960,0,"SPELLS\DeathKnight_DeathGate_Q.mdx",0,1.0,3,4,18.0,12.0,1.0,,0,0,2841,0.0,0.0,0.0,0.0,0.0,0.0,0.0,0.0,0.0,1.0,1.0,0.0,0.0,0.0,
2961,0,"Creature\Skeleton\SkeletonNoHelm.mdx",0,1.0,3,4,18.0,12.0,1.0,,0,0,2842,0.0,0.0,0.0,0.0,0.0,0.0,0.0,0.0,0.0,1.0,1.0,0.0,0.0,0.0,
2962,0,"Creature\CrystalSatyr\CrystalSatyr.mdx",0,1.0,3,4,18.0,12.0,1.0,,0,0,2843,0.611100018024,2.03099989891,0.0,-1.87083005905,-1.08165001869,-0.00688900006935,0.620473027229,1.15945005417,2.81844997406,1.0,1.0,0.0,0.0,0.0,
2963,11,"Creature\Portal\PortalBlueArcane.mdx",0,1.0,3,4,18.0,12.0,1.0,,0,0,2844,0.0,0.0,0.0,0.0,0.0,0.0,0.0,0.0,0.0,1.0,1.0,0.0,0.0,0.0,
2964,0,"World\Goober\G_DragonEggChromatic.mdx",0,1.0,3,4,18.0,12.0,1.0,,0,0,2845,0.0,0.0,0.0,0.0,0.0,0.0,0.0,0.0,0.0,1.0,1.0,0.0,0.0,0.0,
2965,0,"World\Expansion02\Doodads\Generic\ArgentCrusade\ArgentCrusade_Banner01.mdx",0,1.0,3,4,18.0,12.0,1.0,,0,0,2848,0.0,0.0,0.0,0.0,0.0,0.0,0.0,0.0,0.0,1.0,1.0,0.0,0.0,0.0,
2966,0,"Creature\AncientProtectorCrystalSong\AncientProtectorCrystalSong.mdx",3,1.0,3,4,18.0,12.0,1.0,,2,12,2849,0.611100018024,2.03099989891,0.0,-1.83828997612,-2.81256008148,-0.0332759991288,2.66774988174,2.97710990906,6.28103017807,0.600000023842,0.5,0.0,0.0,0.0,
2967,0,"World\Expansion02\Doodads\Generic\SCOURGE\SC_PlagueBomb_Orange.mdx",0,1.0,3,4,18.0,12.0,1.0,,0,0,2717,0.0,0.0,0.0,0.0,0.0,0.0,0.0,0.0,0.0,1.0,1.0,0.0,0.0,0.0,
2968,0,"World\EXPANSION01\DOODADS\GENERIC\BLOODELF\Food\BE_Meat01.mdx",0,1.0,3,4,18.0,12.0,1.0,,0,0,2850,0.0,0.0,0.0,0.0,0.0,0.0,0.0,0.0,0.0,1.0,1.0,0.0,0.0,0.0,
2969,0,"Creature\RidingUndeadDrake\RidingUndeadDrake.mdx",2,1.0,3,5,18.0,12.0,1.0,,0,0,2851,0.611100018024,2.03099989891,2.93089008331,-7.31620979309,-3.44929003716,-0.165107995272,3.68598008156,2.76512002945,3.66926002502,1.0,1.0,0.0,0.0,0.0,
2970,0,"Creature\DragonRedCrystal\RedCrystalDragon.mdx",0,1.0,3,4,18.0,12.0,1.0,,1,10,2852,0.611100018024,2.03099989891,0.0,0.0,0.0,0.0,0.0,0.0,0.0,1.0,1.0,0.0,0.0,0.0,
2971,0,"Creature\ProtoDragon\ProtoDragonMount.mdx",0,1.0,3,4,18.0,12.0,1.0,,0,0,2779,0.0,0.0,0.0,0.0,0.0,0.0,0.0,0.0,0.0,1.0,1.0,0.0,0.0,0.0,
2972,64,"Creature\HumanMaleKid\HumanMaleKid.mdx",0,1.0,3,4,18.0,12.0,1.0,,0,0,2853,0.0,0.0,0.0,0.0,0.0,0.0,0.0,0.0,0.0,1.0,1.0,0.0,0.0,0.0,
2973,3,"Creature\HordeDeckGun\HordeDeckGun.mdx",0,1.0,3,4,18.0,12.0,1.0,,0,0,2854,0.611100018024,2.03099989891,0.0,-1.25203001499,-1.95554995537,-0.0142179997638,6.22146987915,1.87741005421,4.21205997467,1.0,1.0,0.0,0.0,0.0,
2974,0,"Creature\HippogryphMount\HippogryphMount.mdx",1,1.0,1,4,18.0,12.0,1.0,,0,0,2500,0.611100018024,2.03099989891,1.88128995895,-2.27591991425,-1.16240000725,-0.0513690002263,2.60738992691,1.19843995571,3.22336006165,1.0,1.0,0.0,0.0,0.0,
2975,0,"Creature\NorthrendBearMount\NorthrendBearMountBlizzcon.mdx",0,1.0,1,7,18.0,12.0,1.0,,0,0,2770,0.611100018024,2.03099989891,1.86207997799,-1.70921003819,-0.911971986294,-0.0484299995005,1.68136000633,0.867245972157,2.21521997452,1.0,1.0,0.0,0.0,0.0,
2976,0,"Creature\CrystalDryad\CrystalDryad.mdx",0,1.0,3,6,18.0,12.0,1.0,,0,0,2855,0.0,0.0,0.0,0.0,0.0,0.0,0.0,0.0,0.0,1.0,1.0,0.0,0.0,0.0,
2977,2,"Creature\GNOMESPIDERTANK\GnomePounderVehicle.mdx",2,1.0,3,4,18.0,12.0,1.0,,0,10,2856,0.611100018024,2.03099989891,3.25056004524,-1.57413995266,-2.82516002655,-0.184238001704,4.13985013962,3.20948004723,4.74326992035,1.0,1.0,0.0,0.0,0.0,
2978,3,"Creature\WailingWindsCreature\WailingWindsCreature.mdx",1,1.0,3,4,18.0,12.0,1.0,,0,0,2857,0.611100018024,2.03099989891,1.30520999432,-0.556098997593,-0.556098997593,0.752551019192,0.556098997593,0.556098997593,1.86475002766,1.0,1.0,0.0,0.0,0.0,
2979,0,"World\Expansion02\Doodads\Generic\Forsaken\FK_PlagueWagon.mdx",0,1.0,3,4,18.0,12.0,1.0,,0,0,2858,0.0,0.0,0.0,0.0,0.0,0.0,0.0,0.0,0.0,1.0,1.0,0.0,0.0,0.0,
2980,0,"World\Expansion02\Doodads\Generic\Forsaken\FK_ChemistrySet_05.mdx",0,1.0,3,4,18.0,12.0,1.0,,0,0,2859,0.0,0.0,0.0,0.0,0.0,0.0,0.0,0.0,0.0,1.0,1.0,0.0,0.0,0.0,
2981,0,"World\Expansion02\Doodads\Generic\Forsaken\FK_ChemistrySet_06.mdx",0,1.0,3,4,18.0,12.0,1.0,,0,0,2859,0.0,0.0,0.0,0.0,0.0,0.0,0.0,0.0,0.0,1.0,1.0,0.0,0.0,0.0,
2982,0,"World\Expansion02\Doodads\Generic\Forsaken\FK_PlagueBarrel.mdx",0,1.0,3,4,18.0,12.0,1.0,,0,0,2860,0.0,0.0,0.0,0.0,0.0,0.0,0.0,0.0,0.0,1.0,1.0,0.0,0.0,0.0,
2983,0,"World\Expansion02\Doodads\Generic\Forsaken\FK_PlagueBarrelBroken01.mdx",0,1.0,3,4,18.0,12.0,1.0,,0,0,2861,0.0,0.0,0.0,0.0,0.0,0.0,0.0,0.0,0.0,1.0,1.0,0.0,0.0,0.0,
2984,0,"World\Expansion02\Doodads\Generic\Forsaken\FK_PlagueBarrelBroken02.mdx",0,1.0,3,4,18.0,12.0,1.0,,0,0,2862,0.0,0.0,0.0,0.0,0.0,0.0,0.0,0.0,0.0,1.0,1.0,0.0,0.0,0.0,
2985,0,"World\GENERIC\HUMAN\PASSIVE DOODADS\Fire\UndeadFireLarge.mdx",0,1.0,3,4,18.0,12.0,1.0,,0,0,2863,0.0,0.0,0.0,0.0,0.0,0.0,0.0,0.0,0.0,1.0,1.0,0.0,0.0,0.0,
2986,0,"World\GENERIC\HUMAN\PASSIVE DOODADS\Fire\UndeadFireSmall.mdx",0,1.0,3,4,18.0,12.0,1.0,,0,0,2864,0.0,0.0,0.0,0.0,0.0,0.0,0.0,0.0,0.0,1.0,1.0,0.0,0.0,0.0,
2987,99,"World\GENERIC\ACTIVEDOODADS\SPELLPORTALS\MagePortal_Stormwind.mdx",0,1.0,3,4,18.0,12.0,1.0,,0,0,2865,0.0,0.0,0.0,0.0,0.0,0.0,0.0,0.0,0.0,1.0,1.0,0.0,0.0,0.0,
2988,2,"Creature\ClockworkGnome\ClockworkGnome.mdx",0,1.0,3,4,18.0,12.0,1.0,,0,0,2599,0.611100018024,2.03099989891,0.410098999739,-0.258554011583,-0.381792992353,-0.00212500011548,0.187306001782,0.388054013252,1.02093994617,1.0,1.0,0.0,0.0,0.0,
2989,2,"Creature\ClockworkGnome\ClockworkGnome_C.mdx",0,1.0,3,4,18.0,12.0,1.0,,0,0,2601,0.611100018024,2.03099989891,0.410098999739,-0.258554011583,-0.381792992353,-0.00212500011548,0.187306001782,0.388054013252,1.02093994617,1.0,1.0,0.0,0.0,0.0,
2990,3,"SPELLS\Creature_SpellPortal_LargeShadow.mdx",0,1.0,3,4,18.0,12.0,1.0,,0,0,2866,0.0,0.0,0.0,0.0,0.0,0.0,0.0,0.0,0.0,1.0,1.0,0.0,0.0,0.0,
2991,0,"World\Expansion02\Doodads\Nexus\Nexus_DragonEgg_01.mdx",0,1.0,3,4,18.0,12.0,1.0,,0,0,2868,0.0,0.0,0.0,0.0,0.0,0.0,0.0,0.0,0.0,1.0,1.0,0.0,0.0,0.0,
2992,0,"World\Expansion02\Doodads\Nexus\Nexus_DragonEgg_02.mdx",0,1.0,3,4,18.0,12.0,1.0,,0,0,2869,0.0,0.0,0.0,0.0,0.0,0.0,0.0,0.0,0.0,1.0,1.0,0.0,0.0,0.0,
2993,83,"World\Goober\G_HolyLightWell.mdx",1,1.0,3,4,18.0,12.0,1.0,,0,0,2870,0.0,0.0,0.0,0.0,0.0,0.0,0.0,0.0,0.0,1.0,1.0,0.0,0.0,0.0,
2994,0,"Creature\AllianceBrassCannon\AllianceBrassCannon.mdx",0,1.0,3,4,18.0,12.0,1.0,,0,0,2871,0.611100018024,2.03099989891,0.0,-2.47245001793,-1.32667994499,-0.0280740000308,6.460460186,1.33264994621,3.18323993683,1.0,1.0,0.0,0.0,0.0,
2995,0,"World\GENERIC\UNDEAD\PASSIVE DOODADS\MEATWAGON\MeatWagon.mdx",0,1.0,3,4,18.0,12.0,1.0,,0,0,2872,0.0,0.0,0.0,0.0,0.0,0.0,0.0,0.0,0.0,1.0,1.0,0.0,0.0,0.0,
2996,0,"World\Expansion02\Doodads\Generic\SCOURGE\SC_Wagon.mdx",0,1.0,3,4,18.0,12.0,1.0,,0,0,2617,0.0,0.0,0.0,0.0,0.0,0.0,0.0,0.0,0.0,1.0,1.0,0.0,0.0,0.0,
2997,0,"World\Expansion02\Doodads\Generic\SCOURGE\SC_MeatWagon_01_Broken.mdx",0,1.0,3,4,18.0,12.0,1.0,,0,0,2873,0.0,0.0,0.0,0.0,0.0,0.0,0.0,0.0,0.0,1.0,1.0,0.0,0.0,0.0,
2998,0,"World\Expansion02\Doodads\Generic\SCOURGE\SC_Wagon_Broken.mdx",0,1.0,3,4,18.0,12.0,1.0,,0,0,2874,0.0,0.0,0.0,0.0,0.0,0.0,0.0,0.0,0.0,1.0,1.0,0.0,0.0,0.0,
2999,0,"Creature\AllianceBomb\AllianceBomb.mdx",0,1.0,3,4,18.0,12.0,1.0,,0,0,2875,0.0,0.0,0.0,0.0,0.0,0.0,0.0,0.0,0.0,1.0,1.0,0.0,0.0,0.0,
3000,0,"World\Expansion02\Doodads\WINTERTAUREN\WT_Totem01Snow.mdx",1,1.0,3,4,18.0,12.0,1.0,,0,0,2876,0.0,0.0,0.0,0.0,0.0,0.0,0.0,0.0,0.0,1.0,1.0,0.0,0.0,0.0,
3001,0,"World\GENERIC\GOBLIN\PassiveDoodads\GoblinRocketCarts\GoblinRocketCart02_RC.mdx",0,1.0,3,4,18.0,12.0,1.0,,0,0,2877,0.0,0.0,0.0,0.0,0.0,0.0,0.0,0.0,0.0,1.0,1.0,0.0,0.0,0.0,
3002,0,"SPELLS\MagicBurst_Impact.mdx",1,1.0,3,4,18.0,12.0,1.0,,0,0,2878,0.0,0.0,0.0,0.0,0.0,0.0,0.0,0.0,0.0,1.0,1.0,0.0,0.0,0.0,
3003,0,"Creature\FacelessOneAquatic\FacelessOneAquatic.mdx",0,1.0,3,4,18.0,12.0,1.0,,0,0,2879,0.611100018024,2.03099989891,0.0,-1.27687001228,-2.25907993317,-0.126816004515,1.54844999313,2.65013003349,4.06433010101,1.0,1.0,0.0,0.0,0.0,
3004,0,"Creature\NorthrendFireGiant\NorthrendFireGiant.mdx",0,1.0,3,4,18.0,12.0,1.0,,0,0,2880,0.611100018024,2.03099989891,9.31359004974,-6.16425991058,-6.89432001114,-0.00725500006229,5.77732992172,6.93150997162,14.2555999756,1.0,1.0,0.0,0.0,0.0,
3005,0,"World\Goober\G_RuneGroundBlue01.mdx",0,1.0,4,4,18.0,12.0,1.0,,0,0,2881,0.0,0.0,0.0,0.0,0.0,0.0,0.0,0.0,0.0,1.0,1.0,0.0,0.0,0.0,
3006,0,"Creature\FlyingBomber\FlyingBomber_noSmoke.mdx",0,1.0,3,4,18.0,12.0,1.0,,0,0,2882,0.611100018024,2.03099989891,-0.250009000301,-5.22828006744,-4.88236999512,-0.81398499012,5.44880008698,4.90425014496,4.4264497757,1.0,1.0,0.0,0.0,0.0,
3007,3,"World\Expansion02\Doodads\Dalaran\Dalaran_Helm_Mail_Northrend_D_01.mdx",0,1.0,3,4,18.0,12.0,1.0,,0,0,2883,0.0,0.0,0.0,0.0,0.0,0.0,0.0,0.0,0.0,1.0,1.0,0.0,0.0,0.0,
3008,0,"Creature\DragonRedCrystal\RedCrystalDragonHologram.mdx",0,1.0,3,4,18.0,12.0,1.0,,1,10,2884,0.0,0.0,0.0,0.0,0.0,0.0,0.0,0.0,0.0,1.0,1.0,0.0,0.0,0.0,
3009,0,"Creature\LARVA\Larva.mdx",0,1.0,3,4,18.0,12.0,1.0,,0,12,829,0.611100018024,2.03099989891,0.0,-4.81411981583,-1.82510995865,-0.236798003316,2.8928399086,1.74243998528,2.23828005791,1.0,1.0,0.0,0.0,0.0,
3010,0,"SPELLS\SnakeSpin_Hold.mdx",1,1.0,3,4,18.0,12.0,1.0,,0,0,2885,0.0,0.0,0.0,0.0,0.0,0.0,0.0,0.0,0.0,0.10000000149,1.0,0.0,0.0,0.0,
3011,0,"Creature\Harkoa\Harkoa.mdx",2,1.0,3,7,18.0,12.0,1.0,,0,0,2886,0.611100018024,2.03099989891,1.24136996269,-2.58455991745,-0.781436979771,-0.0268670003861,1.1210000515,0.51171797514,1.24144995213,1.0,1.0,0.0,0.0,0.0,
3012,0,"Creature\VrykulKing\VrykulKing.mdx",0,1.0,3,4,18.0,12.0,1.0,,0,0,2774,0.611100018024,2.03099989891,2.7451300621,-1.09406995773,-1.49175000191,0.0140310004354,0.963070988655,1.48971998692,4.7862200737,1.0,1.0,0.0,0.0,0.0,
3013,0,"Creature\ProtoDragon\MDProtoDrakeMount.mdx",0,1.20000004768,3,5,48.0,36.0,1.0,,0,0,2779,0.611100018024,2.03099989891,3.44506001472,-5.09862995148,-5.91485023499,-0.0809189975262,5.09069013596,6.08933019638,4.13261985779,1.0,1.0,0.0,0.0,0.0,
3014,3,"Creature\FlyingCarpetMount\FlyingCarpetMount.mdx",0,1.0,3,4,18.0,12.0,1.0,,0,0,2887,0.611100018024,2.03099989891,0.102032996714,-3.69471001625,-3.37679004669,-0.745256006718,4.07668018341,3.47463989258,2.44529008865,1.0,1.0,0.0,0.0,0.0,
3015,0,"Creature\SeaVrykulMale\SeaVrykulMaleOarsman.mdx",0,1.0,3,4,18.0,12.0,1.0,,0,0,2888,0.0,0.0,0.0,0.0,0.0,0.0,0.0,0.0,0.0,1.0,1.0,0.0,0.0,0.0,
3016,2,"World\GENERIC\HUMAN\PASSIVE DOODADS\DOLLS\ragdoll_03.mdx",0,1.0,3,4,18.0,12.0,1.0,,0,0,2889,0.0,0.0,0.0,0.0,0.0,0.0,0.0,0.0,0.0,1.0,1.0,0.0,0.0,0.0,
3017,2,"World\GENERIC\HUMAN\PASSIVE DOODADS\DOLLS\ragdoll_04.mdx",0,1.0,3,4,18.0,12.0,1.0,,0,0,2890,0.0,0.0,0.0,0.0,0.0,0.0,0.0,0.0,0.0,1.0,1.0,0.0,0.0,0.0,
3018,2,"World\GENERIC\HUMAN\PASSIVE DOODADS\DOLLS\ragdoll_05.mdx",0,1.0,3,4,18.0,12.0,1.0,,0,0,2891,0.0,0.0,0.0,0.0,0.0,0.0,0.0,0.0,0.0,1.0,1.0,0.0,0.0,0.0,
3019,0,"Creature\Drake\NorthrendDrake.mdx",0,1.0,3,5,18.0,12.0,1.0,,0,0,2892,0.611100018024,2.03099989891,3.05507993698,-7.55264997482,-3.68934011459,-0.382173001766,3.66419005394,3.66338992119,5.28301000595,1.0,1.0,0.0,0.0,0.0,
3020,0,"Creature\ProtoDragon\MDProtoDrakeMount.mdx",0,1.0,3,4,18.0,12.0,1.0,,0,0,2893,0.611100018024,2.03099989891,3.44506001472,-5.09862995148,-5.91485023499,-0.0809189975262,5.09069013596,6.08933019638,4.13261985779,1.0,1.0,0.0,0.0,0.0,
3021,3,"Creature\GhostlySkullPet\GhostlySkullPet.mdx",0,1.0,3,4,18.0,12.0,1.0,,0,0,2894,0.611100018024,2.03099989891,1.30095005035,-0.00905499979854,-0.157699003816,1.94393002987,0.31433698535,0.123811997473,2.29431009293,1.0,1.0,0.0,0.0,0.0,
3022,0,"Creature\NorthrendBearMount\NorthrendBearMountArmored.mdx",0,1.0,1,7,18.0,12.0,1.0,,0,0,2733,0.611100018024,2.03099989891,1.86207997799,-1.70921003819,-0.911971986294,-0.0484299995005,1.68136000633,0.867245972157,1.92464995384,1.0,1.0,0.0,0.0,0.0,
3023,3,"World\GENERIC\HUMAN\PASSIVE DOODADS\BOOKS\Book_Human_01.mdx",0,1.0,3,4,18.0,12.0,1.0,,0,0,2895,0.0,0.0,0.0,0.0,0.0,0.0,0.0,0.0,0.0,1.0,1.0,0.0,0.0,0.0,
3024,0,"Creature\Gryphon\Gryphon_Skeletal_Mount.mdx",0,1.0,3,5,18.0,12.0,1.0,,0,0,2729,0.611100018024,2.03099989891,1.56762003899,-2.11648011208,-1.41024005413,-0.247769996524,2.66388010979,1.28548002243,2.45272994041,1.0,1.0,0.0,0.0,0.0,
3025,0,"Creature\Alexstrasza\Alexstrasza.mdx",0,1.0,3,4,18.0,12.0,1.0,,0,0,2896,0.611100018024,2.03099989891,8.13903045654,-20.1415996552,-9.65993022919,-0.580814003944,9.76844978333,9.59130954742,13.899600029,1.0,1.0,0.0,0.0,0.0,
3026,0,"Creature\KingVarianWrynn\KingVarianWrynn.mdx",0,1.0,3,4,18.0,12.0,1.0,,0,0,2897,0.611100018024,2.03099989891,1.03618001938,-0.523481011391,-0.588069021702,-5.60000007681e-005,0.357116013765,0.509332001209,2.13808989525,1.0,1.0,0.0,0.0,0.0,
3027,0,"Creature\Sylvanas\Sylvanas.mdx",0,1.0,3,4,18.0,12.0,1.0,,0,0,2898,0.611100018024,2.03099989891,1.15801000595,-0.459096997976,-0.560308992863,-0.000846999988426,0.323343992233,0.529917001724,1.99106001854,1.0,1.0,0.0,0.0,0.0,
3028,0,"Creature\MalGanis\MalGanis.mdx",1,1.0,3,4,18.0,12.0,1.0,,0,0,2823,0.0,0.0,0.0,0.0,0.0,0.0,0.0,0.0,0.0,1.0,1.0,0.0,0.0,0.0,
3029,0,"Creature\Alexstrasza\LadyAlexstrasa.mdx",0,1.0,3,4,18.0,12.0,1.0,,0,0,2899,0.0,0.0,0.0,0.0,0.0,0.0,0.0,0.0,0.0,1.0,1.0,0.0,0.0,0.0,
3030,11,"Creature\PowerSparkCreature\PowerSparkCreature.mdx",0,1.0,3,4,18.0,12.0,1.0,,0,0,2900,0.0,0.0,0.0,0.0,0.0,0.0,0.0,0.0,0.0,1.0,1.0,0.0,0.0,0.0,
3031,0,"SPELLS\Creature_SpellPortalLarge_Green.mdx",0,1.0,3,4,18.0,12.0,1.0,,0,0,2901,0.0,0.0,0.0,0.0,0.0,0.0,0.0,0.0,0.0,1.0,1.0,0.0,0.0,0.0,
3032,0,"Creature\NorthrendGhoul2Spiked\NorthrendGhoul2Spiked.mdx",0,1.0,3,4,18.0,12.0,1.0,,0,0,2902,0.611100018024,2.03099989891,1.21797001362,-0.586027026176,-1.36544001102,-0.0472109988332,1.1809899807,1.61779999733,2.29313993454,1.0,1.0,0.0,0.0,0.0,
3033,0,"World\GENERIC\PassiveDoodads\Thanksgiving\G_ThanksgivingTable_01.mdx",0,1.0,3,4,18.0,12.0,1.0,,0,0,2903,0.0,0.0,0.0,0.0,0.0,0.0,0.0,0.0,0.0,1.0,1.0,0.0,0.0,0.0,
3034,0,"World\GENERIC\HUMAN\PASSIVE DOODADS\Food\RoastBoarPlatter_nocollision.mdx",0,1.0,3,4,18.0,12.0,1.0,,0,0,2904,0.0,0.0,0.0,0.0,0.0,0.0,0.0,0.0,0.0,1.0,1.0,0.0,0.0,0.0,
3035,0,"World\GENERIC\ORC\PASSIVE DOODADS\VOODOOSTUFF\BubblingBowl02.mdx",0,1.0,3,4,18.0,12.0,1.0,,0,0,2905,0.0,0.0,0.0,0.0,0.0,0.0,0.0,0.0,0.0,1.0,1.0,0.0,0.0,0.0,
3036,0,"World\EXPANSION02\DOODADS\Generic\Potions\Potion_Red04.mdx",0,1.0,3,4,18.0,12.0,1.0,,0,0,2906,0.0,0.0,0.0,0.0,0.0,0.0,0.0,0.0,0.0,1.0,1.0,0.0,0.0,0.0,
3037,0,"World\GENERIC\HUMAN\PASSIVE DOODADS\VIALS\SmallVials.mdx",0,1.0,3,4,18.0,12.0,1.0,,0,0,2907,0.0,0.0,0.0,0.0,0.0,0.0,0.0,0.0,0.0,1.0,1.0,0.0,0.0,0.0,
3038,0,"World\AZEROTH\ELWYNN\PASSIVEDOODADS\JUGS\jug01.mdx",0,1.0,3,4,18.0,12.0,1.0,,0,0,2908,0.0,0.0,0.0,0.0,0.0,0.0,0.0,0.0,0.0,1.0,1.0,0.0,0.0,0.0,
3039,0,"World\GENERIC\HUMAN\PASSIVE DOODADS\Chairs\GeneralMedChair01.mdx",0,1.0,3,4,18.0,12.0,1.0,,0,0,2909,0.0,0.0,0.0,0.0,0.0,0.0,0.0,0.0,0.0,1.0,1.0,0.0,0.0,0.0,
3040,0,"World\GENERIC\PassiveDoodads\Thanksgiving\G_ThanksgivingPlate_01.mdx",0,1.0,3,4,18.0,12.0,1.0,,0,0,2910,0.0,0.0,0.0,0.0,0.0,0.0,0.0,0.0,0.0,1.0,1.0,0.0,0.0,0.0,
3041,0,"Creature\ProtoDragon\ProtoDragon.mdx",0,1.0,3,4,18.0,12.0,1.0,,0,0,2516,0.611100018024,2.03099989891,6.92926979065,-13.5634002686,-11.82970047,-0.394802004099,6.81526994705,12.1787004471,7.52452993393,1.0,1.0,0.0,0.0,0.0,
3042,0,"CREATURE\IronDwarf\IronDwarf.mdx",0,1.0,3,1,18.0,12.0,1.0,,0,0,2680,0.611100018024,2.03099989891,1.08262002468,-0.703441023827,-0.970538020134,-0.0214719995856,0.626873016357,0.916531980038,2.31505990028,1.0,1.0,0.0,0.0,0.0,
3043,34,"World\GENERIC\Goblin\PassiveDoodads\GoblinRocketCarts\GoblinRocketCart_RC.mdx",0,1.0,3,4,18.0,12.0,1.0,,0,0,2912,0.0,0.0,0.0,0.0,0.0,0.0,0.0,0.0,0.0,1.0,1.0,0.0,0.0,0.0,
3044,0,"CREATURE\GRYPHON\Gryphon_Ghost.mdx",0,1.0,3,4,18.0,12.0,1.0,,0,0,2230,0.0,0.0,0.0,0.0,0.0,0.0,0.0,0.0,0.0,1.0,1.0,0.0,0.0,0.0,
3045,1,"CREATURE\DragonHawk\DragonHawkMount.mdx",1,1.0,3,4,18.0,12.0,1.0,,0,0,2915,0.611100018024,2.03099989891,2.25881004333,-4.83147001266,-3.98146009445,-0.185968995094,1.76327002048,3.93206000328,3.93177008629,1.0,1.0,0.0,0.0,0.0,
3046,0,"CREATURE\GRYPHON\Gryphon_Skeletal_Mount.mdx",0,1.0,3,4,18.0,12.0,1.0,,0,0,2729,0.611100018024,2.03099989891,1.56762003899,-2.11648011208,-1.41024005413,-0.247769996524,2.66388010979,1.28548002243,2.45272994041,1.0,1.0,0.0,0.0,0.0,
3047,832,"SPELLS\AcidBurn_Black.mdx",0,1.0,3,4,18.0,12.0,1.0,,0,0,2916,0.0,0.0,0.0,0.0,0.0,0.0,0.0,0.0,0.0,1.0,1.0,0.0,0.0,0.0,
3048,0,"Creature\BlackHole\BlackHole.mdx",0,1.0,3,4,18.0,12.0,1.0,,0,0,2917,0.0,0.0,0.0,0.0,0.0,0.0,0.0,0.0,0.0,1.0,1.0,0.0,0.0,0.0,
3049,0,"CREATURE\BlackHole\BlackHole.mdx",0,1.0,3,4,18.0,12.0,1.0,,0,0,2844,0.611100018024,2.03099989891,0.0,-3.49869990349,-4.5278301239,-1.33947002888,3.49869990349,4.60992002487,7.41522979736,1.0,1.0,0.0,0.0,0.0,
3050,59,"World\GENERIC\GNOME\PASSIVE DOODADS\Tools\GnomeTool01.mdx",0,1.0,3,4,18.0,12.0,1.0,,0,0,2918,0.0,0.0,0.0,0.0,0.0,0.0,0.0,0.0,0.0,1.0,1.0,0.0,0.0,0.0,
3051,0,"World\EXPANSION02\DOODADS\Ulduar\UL_Stalagtit_01.mdx",0,1.0,3,4,18.0,12.0,1.0,,0,0,2919,0.0,0.0,0.0,0.0,0.0,0.0,0.0,0.0,0.0,1.0,1.0,0.0,0.0,0.0,
3052,0,"World\EXPANSION02\DOODADS\Generic\Goblin\Goblin_FuelCell.mdx",0,1.0,1,4,18.0,12.0,1.0,,0,0,2920,0.0,0.0,0.0,0.0,0.0,0.0,0.0,0.0,0.0,1.0,1.0,0.0,0.0,0.0,
3053,0,"World\GENERIC\PassiveDoodads\CratesFirstAid\CrateAllianceFirstAid01.mdx",0,1.0,3,4,18.0,12.0,1.0,,0,0,2921,0.0,0.0,0.0,0.0,0.0,0.0,0.0,0.0,0.0,1.0,1.0,0.0,0.0,0.0,
3054,0,"CREATURE\BearCub\BearCub.mdx",0,1.0,1,7,18.0,12.0,1.0,,0,0,2144,0.611100018024,2.03099989891,0.0,-1.74672996998,-1.12644004822,-0.193339005113,2.04258990288,1.07626998425,1.9510999918,1.0,1.0,0.0,0.0,0.0,
3055,9,"CREATURE\FELBAT\FelBat.mdx",0,1.0,2,4,18.0,12.0,1.0,,0,0,189,0.0,0.0,0.0,0.0,0.0,0.0,0.0,0.0,0.0,1.0,1.0,0.0,0.0,0.0,
3057,0,"CREATURE\FacelessGeneral\FacelessGeneral.mdx",4,1.0,3,4,18.0,12.0,1.0,,2,12,2879,0.611100018024,2.03099989891,9.31359004974,-15.9504995346,-7.63531017303,-0.124586999416,4.7163901329,8.79292964935,17.8959999084,1.0,1.0,0.0,0.0,0.0,
3058,128,"CREATURE\IronDwarf\IronDwarf_low01.mdx",0,1.0,4,4,18.0,12.0,1.0,,0,0,2923,0.0,0.0,0.0,0.0,0.0,0.0,0.0,0.0,0.0,1.0,1.0,0.0,0.0,0.0,
3059,0,"CREATURE\IronDwarf\IronDwarf_low02.mdx",0,1.0,4,4,18.0,12.0,1.0,,0,0,2924,0.0,0.0,0.0,0.0,0.0,0.0,0.0,0.0,0.0,1.0,1.0,0.0,0.0,0.0,
3060,0,"CREATURE\ClockworkGiant\ClockworkGiant.mdx",0,1.0,3,4,18.0,12.0,1.0,,82,12,2925,0.611100018024,2.03099989891,0.0,-3.1196000576,-7.92811012268,0.0656960010529,4.20136022568,7.87295007706,19.3085002899,1.0,1.0,0.0,0.0,0.0,
3061,0,"CREATURE\Roots\EntanglingRoots_Brown_01.mdx",1,1.0,3,4,18.0,12.0,1.0,,0,0,2926,0.611100018024,2.03099989891,0.0,-1.28324997425,-1.42342996597,-0.822548985481,1.45963001251,1.28287005424,1.22509002686,1.0,1.0,0.0,0.0,0.0,
3062,68,"Character\HUMAN\MALE\HumanMale.mdx",0,1.0,3,4,18.0,12.0,1.0,,0,0,49,0.611100018024,2.03099989891,1.03618001938,-0.576728999615,-0.544345021248,-0.000693999987561,0.368137001991,0.535902023315,2.12919998169,1.0,1.0,0.0,0.0,0.0,
3063,0,"CREATURE\KOLOGARN\Kologarn.mdx",3,1.0,3,4,18.0,12.0,1.0,,0,12,2927,0.611100018024,2.03099989891,0.0,-11.469499588,-23.0764007568,-41.9459991455,14.6124000549,14.1992998123,28.2808990479,1.0,1.0,0.0,0.0,0.0,
3064,0,"CREATURE\AlglontheObserver\AlgalontheObserver.mdx",1,1.0,3,4,18.0,12.0,1.0,,0,0,2928,0.611100018024,2.03099989891,2.7451300621,-4.48091983795,-4.16337013245,-1.53243005276,3.96764993668,4.28239011765,6.89101982117,1.0,1.0,0.0,0.0,0.0,
3066,0,"World\EXPANSION01\DOODADS\GENERIC\BLOODELF\BOOKSHELF\BE_BookshelfTall.mdx",0,1.0,3,4,18.0,12.0,1.0,,0,0,2930,0.0,0.0,0.0,0.0,0.0,0.0,0.0,0.0,0.0,1.0,1.0,0.0,0.0,0.0,
3067,0,"World\EXPANSION01\DOODADS\GENERIC\BLOODELF\BOOKSHELF\BE_BookshelfFilled_02.mdx",0,1.0,3,4,18.0,12.0,1.0,,0,0,2931,0.0,0.0,0.0,0.0,0.0,0.0,0.0,0.0,0.0,1.0,1.0,0.0,0.0,0.0,
3068,35,"CREATURE\TitanOrb\TitanOrb_02.mdx",0,1.0,3,4,18.0,12.0,1.0,,0,0,2932,0.611100018024,2.03099989891,0.0,-3.20830011368,-3.12383008003,-3.16900992393,3.14201998711,3.22649002075,3.18130993843,1.0,1.0,0.0,0.0,0.0,
3069,0,"CREATURE\Freia\Freia.mdx",3,1.0,3,4,18.0,12.0,1.0,,0,0,2933,0.611100018024,2.03099989891,4.54894018173,-1.27471005917,-1.95913004875,-0.0182709991932,1.20521998405,1.41586005688,7.79544019699,1.0,1.0,0.0,0.0,0.0,
3070,0,"CREATURE\Hodir\Hodir.mdx",0,1.0,3,4,18.0,12.0,1.0,,0,0,2934,0.611100018024,2.03099989891,4.30996990204,-1.88552999496,-3.17349004745,-0.00575000001118,1.66460001469,2.92115998268,7.60315990448,1.0,1.0,0.0,0.0,0.0,
3071,0,"World\EXPANSION01\DOODADS\GENERIC\BLOODELF\BOOKSHELF\BE_BookshelfFilled_01.mdx",0,1.0,3,4,18.0,12.0,1.0,,0,0,2935,0.0,0.0,0.0,0.0,0.0,0.0,0.0,0.0,0.0,1.0,1.0,0.0,0.0,0.0,
3072,2,"CREATURE\ClockworkGiant\ClockworkGiant.mdx",2,1.0,3,1,18.0,12.0,1.0,,0,0,2925,0.611100018024,2.03099989891,0.0,-3.1196000576,-7.92811012268,0.0656960010529,4.20136022568,7.87295007706,19.3085002899,1.0,1.0,0.0,0.0,0.0,
3073,0,"World\EXPANSION02\DOODADS\Ulduar\UL_PyriteFuelCellLarge.mdx",0,1.0,3,4,18.0,12.0,1.0,,0,0,2936,0.0,0.0,0.0,0.0,0.0,0.0,0.0,0.0,0.0,1.0,1.0,0.0,0.0,0.0,
3074,3,"World\EXPANSION02\DOODADS\Ulduar\UL_PyriteFuelCell.mdx",0,1.0,4,4,18.0,12.0,1.0,,0,0,2937,0.0,0.0,0.0,0.0,0.0,0.0,0.0,0.0,0.0,1.0,1.0,0.0,0.0,0.0,
3075,0,"CREATURE\ProtoDragon\ProtoDragon_Razorscale.mdx",2,1.0,3,5,130.0,70.0,1.0,,0,0,2516,0.611100018024,2.03099989891,6.92926979065,-13.5634002686,-11.82970047,-0.394802004099,6.81526994705,12.1787004471,7.52452993393,0.40000000596,4.0,0.0,0.0,0.0,
3076,0,"CREATURE\Mimiron\Mimiron_Legs.mdx",0,1.0,3,4,18.0,12.0,1.0,,0,0,2938,0.611100018024,2.03099989891,0.0,-7.06027984619,-5.11881017685,-0.100317999721,7.26556015015,5.1512799263,7.18133020401,1.0,1.0,0.0,0.0,0.0,
3077,131,"CREATURE\SpectralTiger\Sandbox_SpectralTiger_01.mdx",0,1.0,3,4,18.0,12.0,1.0,,0,0,2939,0.611100018024,2.03099989891,1.08481001854,-1.47918999195,-0.531930983067,0.000250999990385,1.24916994572,0.34064000845,1.54284000397,1.0,1.0,0.0,0.0,0.0,
3078,3,"CREATURE\YoggSaron\YoggSaronTentacle.mdx",0,1.0,3,4,18.0,12.0,1.0,,0,0,2940,0.611100018024,2.03099989891,0.0,-4.9127497673,-5.65110015869,-2.80259990692,6.52791976929,5.69201993942,10.7537002563,1.0,1.0,0.0,0.0,0.0,
3079,3,"CREATURE\YoggSaron\YoggSaronTentacleMace.mdx",0,1.0,3,4,18.0,12.0,1.0,,0,0,2941,0.611100018024,2.03099989891,0.0,-6.06322002411,-6.51706981659,-2.80259990692,7.97778987885,6.69050979614,12.0143995285,1.0,1.0,0.0,0.0,0.0,
3080,3,"CREATURE\YoggSaron\YoggSaronTentacleThin.mdx",0,1.0,3,4,18.0,12.0,1.0,,0,0,2942,0.611100018024,2.03099989891,0.0,-4.66293001175,-5.27197980881,-2.80259990692,6.40526008606,5.32169008255,10.5010004044,1.0,1.0,0.0,0.0,0.0,
3081,3,"CREATURE\YoggSaron\YoggSaron.mdx",0,1.0,3,4,18.0,12.0,1.0,,0,0,2943,0.611100018024,2.03099989891,17.1450996399,-21.4064006805,-17.7262001038,-12.2694997787,17.7112998962,17.7779006958,16.8794002533,1.0,1.0,0.0,0.0,0.0,
3082,3,"CREATURE\KOLOGARN\KoloArmL.mdx",2,1.0,3,4,18.0,12.0,1.0,,0,0,2944,0.611100018024,2.03099989891,0.0,-9.02952957153,4.53845977783,0.738350987434,25.9388008118,29.5181007385,23.0562992096,1.0,1.0,0.0,0.0,0.0,
3083,0,"CREATURE\KOLOGARN\KoloArmR.mdx",2,1.0,3,4,18.0,12.0,1.0,,0,0,2945,0.611100018024,2.03099989891,0.0,-7.39729976654,-31.1252002716,0.46135699749,21.7894992828,-9.52256011963,23.5823993683,1.0,1.0,0.0,0.0,0.0,
3084,3,"CREATURE\GnomeCopter\GnomeCopter.mdx",0,1.0,3,4,18.0,12.0,1.0,,0,0,2946,0.611100018024,2.03099989891,0.0,-2.07903003693,-2.05595993996,0.0178830008954,2.09846997261,2.12151002884,2.40189003944,1.0,1.0,0.0,0.0,0.0,
3085,3,"CREATURE\Mimiron\Mimiron_Torso.mdx",2,1.0,3,4,18.0,12.0,1.0,,0,0,2947,0.611100018024,2.03099989891,4.13387012482,-3.03725004196,-4.28854990005,-0.242815002799,3.93137001991,4.27311992645,7.95893001556,1.0,1.0,0.0,0.0,0.0,
3086,0,"CREATURE\SpectralTiger\SpectralTiger.mdx",0,1.0,1,4,18.0,12.0,1.0,,0,0,2484,0.0,0.0,0.0,0.0,0.0,0.0,0.0,0.0,0.0,1.0,1.0,0.0,0.0,0.0,
3087,0,"CREATURE\SpectralTigerFeral\SpectralTigerFeral.mdx",0,1.0,3,4,18.0,12.0,1.0,,0,0,2948,0.0,0.0,0.0,0.0,0.0,0.0,0.0,0.0,0.0,1.0,1.0,0.0,0.0,0.0,
3088,3,"CREATURE\FlameLeviathan\FlameLeviathan.mdx",0,1.0,3,4,18.0,12.0,1.0,,0,0,2949,0.611100018024,2.03099989891,0.0,-7.06027984619,-5.11881017685,-0.100317999721,7.26556015015,5.1512799263,7.18133020401,1.0,1.0,4.80000019073,5.0,-3.59999990463,
3089,0,"World\EXPANSION02\DOODADS\DALARAN\Dalaran_BuildingCrystal_01.mdx",0,1.0,3,4,18.0,12.0,1.0,,0,0,2950,0.0,0.0,0.0,0.0,0.0,0.0,0.0,0.0,0.0,1.0,1.0,0.0,0.0,0.0,
3090,0,"CREATURE\saberworg\Saberworg.mdx",1,1.0,1,7,18.0,12.0,1.0,,0,0,2482,0.0,0.0,0.0,0.0,0.0,0.0,0.0,0.0,0.0,1.0,1.0,0.0,0.0,0.0,
3091,35,"CREATURE\FlameLeviathan\FlameLeviathan_Weapon_Cannon.mdx",0,1.0,3,4,18.0,12.0,1.0,,0,0,2951,0.0,0.0,0.0,0.0,0.0,0.0,0.0,0.0,0.0,1.0,1.0,2.0,2.0,-1.0,
3092,19,"CREATURE\ClockworkGiant\ClockworkGiantHeart.mdx",0,1.0,3,4,18.0,12.0,1.0,,0,0,2952,0.0,0.0,0.0,0.0,0.0,0.0,0.0,0.0,0.0,1.0,1.0,0.0,0.0,0.0,
3093,0,"CREATURE\Mimiron\Mimiron_Head_Mount.mdx",0,1.0,3,4,18.0,12.0,1.0,,0,0,2953,0.611100018024,2.03099989891,1.81567001343,-3.91337990761,-2.81451010704,0.802559018135,2.16271996498,2.89047002792,4.89140987396,1.0,1.0,0.0,0.0,0.0,
3094,3,"CREATURE\YoggSaron\YoggSaronStage2.mdx",0,1.0,3,4,18.0,12.0,1.0,,0,0,2954,0.611100018024,2.03099989891,17.1450996399,-21.4064006805,-17.7262001038,-12.2694997787,17.7112998962,17.7779006958,16.8794002533,1.0,1.0,0.0,0.0,0.0,
3095,0,"CREATURE\HumanMaleKid\ArgentSquireHumanMaleKid_BP.mdx",0,1.0,1,1,18.0,12.0,1.0,,0,0,2955,0.611100018024,2.03099989891,0.704456984997,-0.384573996067,-0.355630993843,0.00714399991557,0.212210997939,0.300132006407,1.3013099432,1.0,1.0,0.0,0.0,0.0,
3096,0,"CREATURE\OrcMaleKid\OrcMaleKidGruntling.mdx",0,1.0,1,4,18.0,12.0,1.0,,0,0,2956,0.611100018024,2.03099989891,0.683969974518,-0.174357995391,-0.254723012447,0.00504599977285,0.180886998773,0.256343990564,1.37855994701,1.0,1.0,0.0,0.0,0.0,
3097,0,"CREATURE\HumanMaleKid\ArgentSquireHumanMaleKid.mdx",0,1.0,1,1,18.0,12.0,1.0,,0,0,2957,0.611100018024,2.03099989891,0.704456984997,-0.166320994496,-0.254709005356,0.00714399991557,0.212210997939,0.256330013275,1.3013099432,1.0,1.0,0.0,0.0,0.0,
3098,0,"CREATURE\OrcMaleKid\OrcMaleKidGruntling_BP.mdx",0,1.0,1,4,18.0,12.0,1.0,,0,0,2958,0.611100018024,2.03099989891,0.683969974518,-0.384573996067,-0.355630993843,0.00504599977285,0.180886998773,0.300132006407,1.37855994701,1.0,1.0,0.0,0.0,0.0,
3099,3,"CREATURE\YoggSaron\YoggSaronBrain.mdx",0,1.0,3,4,18.0,12.0,1.0,,0,0,2959,0.611100018024,2.03099989891,0.0,-39.887298584,-40.0107002258,-29.6189994812,36.1514015198,38.5186004639,30.2821006775,1.0,1.0,0.0,0.0,0.0,
3100,0,"CREATURE\Thorum\Thorum.mdx",3,1.0,1,4,18.0,12.0,1.0,,2,12,2960,0.611100018024,2.03099989891,4.30996990204,-2.01749992371,-3.19378995895,-0.0429240018129,1.72880005836,2.82453989983,7.53332996368,1.0,1.0,0.0,0.0,0.0,
3101,0,"CREATURE\ProtoDragon\ProtoDragon_Razorscale_Mount.mdx",0,1.0,3,5,48.0,36.0,1.0,,0,0,2961,0.611100018024,2.03099989891,3.44506001472,-5.09862995148,-5.91485023499,-0.197401002049,5.09069013596,6.08933019638,4.00730991364,1.0,1.0,0.0,0.0,0.0,
3102,3,"CREATURE\Mimiron\Mimiron_Head.mdx",1,1.0,3,4,18.0,12.0,1.0,,0,0,2962,0.611100018024,2.03099989891,0.0,-1.66604995728,-3.59589004517,-0.106095001101,3.53451991081,3.64752006531,5.72868013382,1.0,1.0,0.0,0.0,0.0,
3103,0,"CREATURE\Star\Collapsing_Star.mdx",1,1.0,3,4,18.0,12.0,1.0,,0,0,2963,0.611100018024,2.03099989891,0.0,-1.30756998062,-1.30607998371,1.65279996395,1.29236996174,1.29385995865,4.25273990631,1.0,1.0,0.0,0.0,0.0,
3104,0,"CREATURE\LifebinderGift\LifebinderGift.mdx",0,1.0,3,4,18.0,12.0,1.0,,0,0,2964,0.611100018024,2.03099989891,0.0,-2.54894995689,-2.44120001793,-0.544548988342,1.8258099556,3.13680005074,8.68982982635,1.0,1.0,0.0,0.0,0.0,
3105,67,"CREATURE\WATERELEMENTAL\WaterElemental.mdx",1,1.0,2,4,18.0,12.0,1.0,,0,0,110,0.611100018024,2.03099989891,0.0,-1.03524005413,-1.68083000183,0.366207003593,1.04388999939,1.68463003635,3.04342007637,0.34999999404,1.0,0.0,0.0,0.0,
3106,51,"CREATURE\Vapor\Vapor.mdx",1,1.0,2,4,18.0,12.0,1.0,,0,0,2965,0.611100018024,2.03099989891,0.0,-0.305555999279,-0.305555999279,0.0,0.305555999279,0.305555999279,2.03128004074,1.0,1.0,0.0,0.0,0.0,
3107,0,"World\GENERIC\DWARF\PASSIVE DOODADS\TARGETS\TargetAxe03.mdx",0,1.0,3,4,18.0,12.0,1.0,,0,0,2966,0.0,0.0,0.0,0.0,0.0,0.0,0.0,0.0,0.0,1.0,1.0,0.0,0.0,0.0,
3108,3,"World\GENERIC\TROLL\PASSIVE DOODADS\Tikimasks\Troll_tikimask03.mdx",0,1.0,3,4,18.0,12.0,1.0,,0,0,2967,0.0,0.0,0.0,0.0,0.0,0.0,0.0,0.0,0.0,1.0,1.0,0.0,0.0,0.0,
3109,0,"World\GOOBER\G_ButtonBigRed.mdx",0,1.0,3,4,18.0,12.0,1.0,,0,0,2968,0.0,0.0,0.0,0.0,0.0,0.0,0.0,0.0,0.0,1.0,1.0,0.0,0.0,0.0,
3110,0,"World\EXPANSION02\DOODADS\Ulduar\UL_Chest_Ice.mdx",0,1.0,3,4,18.0,12.0,1.0,,0,0,2969,0.0,0.0,0.0,0.0,0.0,0.0,0.0,0.0,0.0,1.0,1.0,0.0,0.0,0.0,
3112,0,"CREATURE\ClockworkGiant\ClockworkGiant.mdx",0,1.0,3,4,18.0,12.0,1.0,,0,0,2925,0.611100018024,2.03099989891,0.0,-3.1196000576,-7.92811012268,0.0656960010529,4.20136022568,7.87295007706,19.3085002899,1.0,1.0,0.0,0.0,0.0,
3113,3,"World\GOOBER\G_GhostTrap.mdx",0,1.0,3,4,18.0,12.0,1.0,,0,0,2970,0.0,0.0,0.0,0.0,0.0,0.0,0.0,0.0,0.0,1.0,1.0,0.0,0.0,0.0,
3114,0,"World\GENERIC\ACTIVEDOODADS\INSTANCEPORTAL\Summon_Ritual.mdx",0,1.0,3,4,18.0,12.0,1.0,,0,0,2971,0.0,0.0,0.0,0.0,0.0,0.0,0.0,0.0,0.0,1.0,1.0,0.0,0.0,0.0,
3115,3,"World\GENERIC\DWARF\PASSIVE DOODADS\TARGETS\TargetHammer01.mdx",0,1.0,3,4,18.0,12.0,1.0,,0,0,2972,0.0,0.0,0.0,0.0,0.0,0.0,0.0,0.0,0.0,1.0,1.0,0.0,0.0,0.0,
3117,0,"CREATURE\MURLOC\BabyMurlocPlated.mdx",0,1.0,1,5,7.0,5.0,1.0,,0,0,2981,0.0,0.0,0.0,0.0,0.0,0.0,0.0,0.0,0.0,1.0,1.0,0.0,0.0,0.0,
3118,3,"World\EXPANSION02\DOODADS\Ulduar\UL_Planet_Azeroth_NoBase.mdx",0,1.0,3,4,18.0,12.0,1.0,,0,0,2982,0.0,0.0,0.0,0.0,0.0,0.0,0.0,0.0,0.0,1.0,1.0,0.0,0.0,0.0,
3119,0,"CREATURE\FrostVrykulMale\FrostVrykulMale.mdx",0,1.0,3,4,18.0,12.0,1.0,,0,0,2690,0.611100018024,2.03099989891,2.7451300621,-1.42927002907,-1.25276994705,0.0108030000702,0.818482995033,1.28157997131,4.5942401886,1.0,1.0,0.0,0.0,0.0,
3120,33,"CREATURE\TikiMask\TikiMask.mdx",0,1.0,3,1,18.0,12.0,0.00999999977648,,0,0,2989,0.611100018024,2.03099989891,0.0,-0.181519001722,-0.988292992115,-0.0371429994702,0.583665013313,0.988292992115,2.8685901165,1.0,1.0,0.0,0.0,0.0,
3122,0,"World\GENERIC\PassiveDoodads\Thanksgiving\G_ThanksgivingChair_01.mdx",0,1.0,3,4,18.0,12.0,1.0,,0,0,2991,0.0,0.0,0.0,0.0,0.0,0.0,0.0,0.0,0.0,1.0,1.0,0.0,0.0,0.0,
3123,0,"Creature\Raptor\RaptorPet.mdx",0,1.0,1,5,9.0,6.0,1.0,,0,0,2992,0.611100018024,2.03099989891,0.364219009876,-0.317018985748,-0.205345004797,-0.0234459992498,0.408477008343,0.222451999784,0.732609987259,1.0,1.0,0.0,0.0,0.0,
3124,2,"Creature\FuelRobot\Fuelrobot.mdx",0,1.0,3,1,18.0,12.0,1.0,,0,0,2993,0.611100018024,2.03099989891,0.0,-1.88234996796,-2.01438999176,-0.248071998358,1.10002994537,2.1101000309,3.82523989677,1.0,1.0,0.0,0.0,0.0,
3126,0,"SPELLS\BlackHole_White.mdx",0,1.0,3,4,18.0,12.0,1.0,,0,0,2385,0.0,0.0,0.0,0.0,0.0,0.0,0.0,0.0,0.0,1.0,1.0,0.0,0.0,0.0,
3127,0,"Creature\Valkier2_Dark\Valkier2_Dark.mdx",0,1.0,3,4,18.0,12.0,1.0,,0,0,2668,0.611100018024,2.03099989891,2.61525988579,-3.57751011848,-3.90760993958,-0.183474004269,1.88037002087,3.91112995148,6.24499988556,1.0,1.0,0.0,0.0,0.0,
3128,0,"Creature\Valkier2\Valkier2.mdx",0,1.0,3,4,18.0,12.0,1.0,,0,0,2643,0.611100018024,2.03099989891,2.61525988579,-3.57751011848,-3.90760993958,-0.183474004269,1.88037002087,3.91112995148,6.24499988556,1.0,1.0,0.0,0.0,0.0,
3131,3,"World\Generic\UpperDeck\UD_OgrePinata.mdx",0,1.0,3,4,18.0,12.0,1.0,,0,0,2996,0.0,0.0,0.0,0.0,0.0,0.0,0.0,0.0,0.0,1.0,1.0,0.0,0.0,0.0,
3132,0,"Creature\ChickenMount\ChickenMount.mdx",0,1.0,1,5,18.0,12.0,1.0,,0,0,2997,0.611100018024,2.03099989891,1.84171998501,-1.27434003353,-0.852791011333,0.000372999988031,0.643898010254,0.951318979263,2.47171998024,1.0,1.0,0.0,0.0,0.0,
3133,0,"Creature\MURLOC\MarineBabyMurloc.mdx",0,1.0,3,1,18.0,12.0,1.0,,0,0,2998,0.611100018024,2.03099989891,0.387196004391,-0.632969021797,-0.547302007675,-0.00557899987325,0.478507012129,0.727499008179,1.11749005318,1.0,1.0,0.0,0.0,0.0,
3134,0,"SPELLS\SnowFlakeCreature_Var1.mdx",0,1.0,3,4,18.0,12.0,1.0,,0,0,2999,0.0,0.0,0.0,0.0,0.0,0.0,0.0,0.0,0.0,1.0,1.0,0.0,0.0,0.0,
3135,0,"SPELLS\SnowFlakeCreature_Var2.mdx",0,1.0,3,4,18.0,12.0,1.0,,0,0,3000,0.0,0.0,0.0,0.0,0.0,0.0,0.0,0.0,0.0,1.0,1.0,0.0,0.0,0.0,
3137,0,"Creature\ChickenMount\ChickenMount35.mdx",0,1.0,1,5,18.0,12.0,1.0,,0,0,3002,0.611100018024,2.03099989891,1.80570995808,-1.27434003353,-0.852791011333,0.000372999988031,0.643898010254,0.951318979263,2.47171998024,1.0,1.0,0.0,0.0,0.0,
3138,0,"Creature\ChickenMount\ChickenMount15.mdx",0,1.0,1,5,18.0,12.0,1.0,,0,0,3003,0.611100018024,2.03099989891,1.80570995808,-1.27434003353,-0.852791011333,0.000372999988031,0.643898010254,0.951318979263,2.47171998024,1.0,1.0,0.0,0.0,0.0,
3143,0,"Creature\DRUIDCAT\DruidCat_Legacy.mdx",0,1.0,3,4,18.0,12.0,1.0,,0,0,3004,0.611100018024,2.03099989891,1.24136996269,-2.59705996513,-0.777423024178,-0.00620299996808,1.05752003193,0.533702015877,1.53614997864,1.0,1.0,0.0,0.0,0.0,
3146,9,"Creature\CryptLord\CryptLord_Frost.mdx",2,1.0,3,4,18.0,12.0,1.0,,0,0,3007,0.611100018024,2.03099989891,0.0,-7.35406017303,-5.99183988571,-0.22850599885,8.21621990204,6.23237991333,12.2642002106,0.209999993443,3.09999990463,0.0,0.0,0.0,
3147,0,"SPELLS\Infernal_Ball_02.mdx",0,1.0,3,4,18.0,12.0,1.0,,0,0,3008,0.0,0.0,0.0,0.0,0.0,0.0,0.0,0.0,0.0,1.0,1.0,0.0,0.0,0.0,
3148,3,"Creature\AllianceBrassCannon\AllianceBrassCannon.mdx",1,1.0,3,4,18.0,12.0,1.0,,0,0,3009,0.611100018024,2.03099989891,0.0,-2.47245001793,-1.32667994499,-0.0280740000308,6.460460186,1.33264994621,3.18323993683,1.0,1.0,0.0,0.0,0.0,
3149,3,"Creature\HordeDeckGun\HordeDeckGun.mdx",0,1.0,3,4,18.0,12.0,1.0,,0,0,2854,0.611100018024,2.03099989891,0.0,-1.25203001499,-1.95554995537,-0.0142179997638,6.22146987915,1.87741005421,4.21205997467,1.0,1.0,0.0,0.0,0.0,
3151,0,"World\GOOBER\G_ImpBottle.mdx",0,1.0,1,4,18.0,12.0,1.0,,0,0,3011,0.0,0.0,0.0,0.0,0.0,0.0,0.0,0.0,0.0,1.0,1.0,0.0,0.0,0.0,
3153,0,"Creature\panda\Jadepandacub.mdx",0,1.0,2,7,10.0,6.0,1.0,,0,0,3013,0.611100018024,2.03099989891,0.0,-1.74672996998,-0.925280988216,-0.154782995582,2.11350989342,0.861904025078,1.9510999918,1.0,1.0,0.0,0.0,0.0,
3154,0,"Creature\GLAIVETHROWERVEHICLE\GlaiveThrowerVehicle.mdx",1,1.0,3,4,18.0,12.0,1.0,,0,0,3014,2.54099988937,2.93600010872,0.890851974487,-2.61621999741,-3.84860992432,-0.120897002518,6.52127981186,3.84857988358,4.59778022766,1.0,1.0,0.0,0.0,0.0,
3155,0,"Creature\Wolf\WolfSkoll.mdx",0,1.0,3,4,18.0,12.0,1.0,,0,0,3015,0.0,0.0,0.0,0.0,0.0,0.0,0.0,0.0,0.0,1.0,1.0,0.0,0.0,0.0,
3156,0,"World\GENERIC\ActiveDoodads\SpellPortals\Portal_isleofconquestAlliance.mdx",0,1.0,3,4,18.0,12.0,1.0,,0,0,3016,0.0,0.0,0.0,0.0,0.0,0.0,0.0,0.0,0.0,1.0,1.0,0.0,0.0,0.0,
3157,0,"World\GENERIC\ActiveDoodads\SpellPortals\Portal_isleofconquestHorde.mdx",0,1.0,3,4,18.0,12.0,1.0,,0,0,3017,0.0,0.0,0.0,0.0,0.0,0.0,0.0,0.0,0.0,1.0,1.0,0.0,0.0,0.0,
3159,3,"World\EXPANSION02\Doodads\Ships\ND_Icebreaker_ship_BG_Flip.mdx",2,1.0,3,4,18.0,12.0,1.0,,0,0,3019,0.0,0.0,0.0,0.0,0.0,0.0,0.0,0.0,0.0,1.0,1.0,0.0,0.0,0.0,
3160,3,"World\EXPANSION02\Doodads\Ships\ND_Ship_UD_BG_Flip.mdx",0,1.0,3,4,18.0,12.0,1.0,,0,0,3020,0.0,0.0,0.0,0.0,0.0,0.0,0.0,0.0,0.0,1.0,1.0,0.0,0.0,0.0,
3161,2,"World\GOOBER\G_Barrel.mdx",0,1.0,3,4,18.0,12.0,1.0,,0,0,3021,0.0,0.0,0.0,0.0,0.0,0.0,0.0,0.0,0.0,1.0,1.0,0.0,0.0,0.0,
3162,0,"World\EXPANSION02\Doodads\Generic\Human\FENCE\HU_Fencepost_Northrend.mdx",0,1.0,3,1,18.0,12.0,1.0,,0,0,3023,0.0,0.0,0.0,0.0,0.0,0.0,0.0,0.0,0.0,1.0,1.0,0.0,0.0,0.0,
3166,0,"Creature\Warhorse\ArgentWarhorse.mdx",0,1.0,1,6,18.0,12.0,1.0,,0,0,3031,0.611100018024,2.03099989891,1.86572003365,-1.95297002792,-0.575565993786,-0.0215329993516,2.05741000175,0.509168028831,3.80189990997,1.0,1.0,0.0,0.0,0.0,
3174,8,"Creature\Direwolf\PvPRidingDireWolf.mdx",0,1.0,1,7,24.0,18.0,1.0,,0,0,1828,0.0,0.0,0.0,0.0,0.0,0.0,0.0,0.0,0.0,1.0,1.0,0.0,0.0,0.0,
3177,0,"Creature\ClockworkGnome\ClockworkGnome_B.mdx",0,1.0,3,4,18.0,12.0,1.0,,0,0,2600,0.0,0.0,0.0,0.0,0.0,0.0,0.0,0.0,0.0,1.0,1.0,0.0,0.0,0.0,
3178,0,"Creature\saberworg\Saberworg.mdx",1,1.0,1,7,18.0,12.0,1.0,,0,0,2482,0.0,0.0,0.0,0.0,0.0,0.0,0.0,0.0,0.0,1.0,1.0,0.0,0.0,0.0,
3181,3,"Creature\tuskarkite\UD_TS_Kite.mdx",0,1.0,3,4,18.0,12.0,1.0,,0,0,3051,0.611100018024,2.03099989891,0.0,-6.09298992157,-1.97527003288,5.43444013596,0.891310989857,3.02006006241,12.1617002487,1.0,1.0,0.0,0.0,0.0,
3191,0,"Creature\Rowboat_vehicle\RowBoat01_vehicle.mdx",0,1.0,3,4,18.0,12.0,1.0,,0,0,3056,0.0,0.0,0.0,0.0,0.0,0.0,0.0,0.0,0.0,1.0,1.0,0.0,0.0,0.0,
3195,59,"World\EXPANSION02\DOODADS\NEXUS\Nexus_Spike_B_ice.mdx",0,1.0,4,4,18.0,12.0,1.0,,0,0,0,0.0,0.0,0.0,0.0,0.0,0.0,0.0,0.0,0.0,1.0,1.0,0.0,0.0,0.0,
3196,0,"World\GENERIC\UNDEAD\PASSIVE DOODADS\UndeadAlchemyTable\undead_alchemy_table.mdx",0,1.0,3,4,18.0,12.0,1.0,,0,0,0,0.0,0.0,0.0,0.0,0.0,0.0,0.0,0.0,0.0,1.0,1.0,0.0,0.0,0.0,
3200,0,"Creature\Dragon\OnyxiaMount.mdx",0,1.0,3,5,32.0,24.0,1.0,,0,0,0,0.611100018024,2.03099989891,2.79774999619,-7.38392019272,-2.98234009743,-0.318654000759,3.2628800869,2.49078011513,3.93122005463,1.0,1.0,0.0,0.0,0.0,
3204,9,"Creature\DragonWhelp\DragonWhelpOnyxia.mdx",0,1.0,1,4,18.0,12.0,1.0,,0,0,0,0.611100018024,2.03099989891,0.0,-0.813812017441,-1.02277004719,0.847690999508,0.605374991894,0.952629983425,3.41896009445,1.0,1.0,0.0,0.0,0.0,
3208,115,"World\EXPANSION02\DOODADS\GENERIC\SCOURGE\SC_EyeofAcherus_03.mdx",0,1.0,3,4,18.0,12.0,1.0,,0,0,0,0.0,0.0,0.0,0.0,0.0,0.0,0.0,0.0,0.0,1.0,1.0,0.0,0.0,0.0,
3209,0,"Creature\SpectralTiger\SpectralTigerCub.mdx",0,1.0,3,7,9.0,6.0,1.0,,0,0,0,0.611100018024,2.03099989891,0.0,-1.29118001461,-0.297136992216,-9.10000017029e-005,0.513118028641,0.290336996317,0.772239029408,1.0,1.0,0.0,0.0,0.0,
3212,0,"Creature\GryphonPet\GryphonPet.mdx",0,1.0,1,5,18.0,12.0,1.0,,0,0,0,0.611100018024,2.03099989891,0.0,-1.88981997967,-1.56510996819,-0.00895899999887,2.83187007904,1.17465996742,3.35152006149,1.0,1.0,0.0,0.0,0.0,
3213,0,"Creature\WyvernPet\WyvernPet.mdx",0,1.0,1,7,18.0,12.0,1.0,,0,0,0,0.611100018024,2.03099989891,1.19388997555,-3.93517994881,-1.21816003323,-0.342242985964,1.85433995724,1.03059005737,2.20282006264,1.0,1.0,0.0,0.0,0.0,
3214,0,"Creature\ChenStormstout\ChenStormstout.mdx",1,1.0,1,7,18.0,12.0,1.0,,0,0,8,0.611100018024,2.03099989891,0.935023009777,-0.817277014256,-1.17778003216,0.000338000012562,0.927151978016,1.16854000092,2.40767002106,1.0,1.0,0.0,0.0,0.0,
3218,0,"Creature\FelBeast\Corehoundpet.mdx",0,1.0,3,5,40.0,28.0,1.0,,0,0,0,0.611100018024,2.03099989891,0.0,-3.05939006805,-2.79516005516,-1.0640399456,4.34904003143,2.89779996872,4.74741983414,1.0,1.0,0.0,0.0,0.0,
3219,3,"Creature\Slime\SlimeLesser.mdx",0,1.0,2,4,18.0,12.0,1.0,,0,0,81,0.694400012493,2.08299994469,0.0,0.0,0.0,0.0,0.0,0.0,0.0,1.0,1.0,0.0,0.0,0.0,
3222,3,"Creature\BabyLich\BabyLich.mdx",0,1.0,3,4,18.0,12.0,1.0,,0,0,0,0.611100018024,2.03099989891,0.0,-1.3051199913,-1.3929400444,-0.0631460025907,1.44351005554,1.36257994175,4.79140996933,1.0,1.0,0.0,0.0,0.0,
3224,0,"World\KALIMDOR\AZSHARA\ActiveDoodads\StoneTablets\AzsharaStoneTablet02.mdx",0,2.0,3,4,18.0,12.0,1.0,,0,0,0,0.0,0.0,0.0,0.0,0.0,0.0,0.0,0.0,0.0,1.0,1.0,0.0,0.0,0.0,
3228,0,"Creature\saberworg\Saberworg.mdx",1,1.0,1,7,18.0,12.0,1.0,,0,0,2482,0.611100018024,2.03099989891,0.0,0.0,0.0,0.0,0.0,0.0,0.0,1.0,1.0,0.0,0.0,0.0,
3230,3,"Creature\InvisibleStalker\InvisibleStalker.mdx",1,1.0,3,4,18.0,12.0,1.0,,0,0,1608,0.611100018024,2.03099989891,0.0,0.0,0.0,0.0,0.0,0.0,0.0,1.0,1.0,0.0,0.0,0.0,
3231,0,"Spells\Orange_Gas_01.mdx",0,1.0,3,4,18.0,12.0,1.0,,0,0,2999,0.0,0.0,0.0,0.0,0.0,0.0,0.0,0.0,0.0,1.0,1.0,0.0,0.0,0.0,
3232,2048,"Creature\ArthasLichKing\ArthasLichKing_Unarmed.mdx",2,1.0,3,1,18.0,12.0,1.0,,0,0,2491,0.611100018024,2.03099989891,0.0,-0.913928985596,-1.24582004547,-0.076837003231,0.548210978508,0.566637992859,2.16091990471,1.0,1.0,0.0,0.0,0.0,
3234,3,"Creature\SPELLS\DwarvenTotem_Air.mdx",0,1.0,3,4,18.0,12.0,1.0,,0,0,0,0.519299983978,1.31500005722,0.0,-1.15165996552,-1.13441002369,-0.858870029449,1.18769001961,1.1598700285,1.34923005104,1.0,1.0,0.0,0.0,0.0,
3235,3,"Creature\SPELLS\DwarvenTotem_Earth.mdx",0,1.0,3,4,18.0,12.0,1.0,,0,0,0,0.519299983978,1.31500005722,0.0,-1.11874997616,-1.07056999207,-0.550364971161,1.14032995701,1.1885099411,1.34941005707,1.0,1.0,0.0,0.0,0.0,
3236,3,"Creature\SPELLS\DwarvenTotem_Fire.mdx",0,1.0,3,4,18.0,12.0,1.0,,0,0,0,0.0,0.0,0.0,0.0,0.0,0.0,0.0,0.0,0.0,1.0,1.0,0.0,0.0,0.0,
3237,3,"Creature\SPELLS\DwarvenTotem_Water.mdx",0,1.0,3,4,18.0,12.0,1.0,,0,0,0,0.0,0.0,0.0,0.0,0.0,0.0,0.0,0.0,0.0,1.0,1.0,0.0,0.0,0.0,
3238,3,"Creature\SPELLS\6OC_OrcClans_Totem_Air.mdx",0,1.0,3,4,18.0,12.0,1.0,,0,0,0,0.519299983978,1.31500005722,0.0,-1.15165996552,-1.13441002369,-0.858870029449,1.18769001961,1.1598700285,1.34213995934,1.0,1.0,0.0,0.0,0.0,
3239,3,"Creature\SPELLS\6OC_OrcClans_Totem_Earth.mdx",0,1.0,3,4,18.0,12.0,1.0,,0,0,0,0.519299983978,1.31500005722,0.0,-1.11874997616,-1.07056999207,-0.550364971161,1.14032995701,1.1885099411,1.31814002991,1.0,1.0,0.0,0.0,0.0,
3240,3,"Creature\SPELLS\6OC_OrcClans_Totem_Fire.mdx",0,1.0,3,4,18.0,12.0,1.0,,0,0,0,0.0,0.0,0.0,0.0,0.0,0.0,0.0,0.0,0.0,1.0,1.0,0.0,0.0,0.0,
3241,3,"Creature\SPELLS\6OC_OrcClans_Totem_Water.mdx",0,1.0,3,4,18.0,12.0,1.0,,0,0,0,0.0,0.0,0.0,0.0,0.0,0.0,0.0,0.0,0.0,1.0,1.0,0.0,0.0,0.0,
3242,3,"Creature\SPELLS\TrollTotem_Air.mdx",0,1.0,3,4,18.0,12.0,1.0,,0,0,0,0.0,0.0,0.0,0.0,0.0,0.0,0.0,0.0,0.0,1.0,1.0,0.0,0.0,0.0,
3243,3,"Creature\SPELLS\TrollTotem_Earth.mdx",0,1.0,3,4,18.0,12.0,1.0,,0,0,0,0.0,0.0,0.0,0.0,0.0,0.0,0.0,0.0,0.0,1.0,1.0,0.0,0.0,0.0,
3244,3,"Creature\SPELLS\TrollTotem_Fire.mdx",0,1.0,3,4,18.0,12.0,1.0,,0,0,0,0.0,0.0,0.0,0.0,0.0,0.0,0.0,0.0,0.0,1.0,1.0,0.0,0.0,0.0,
3245,3,"Creature\SPELLS\TrollTotem_Water.mdx",0,1.0,3,4,18.0,12.0,1.0,,0,0,0,0.0,0.0,0.0,0.0,0.0,0.0,0.0,0.0,0.0,1.0,1.0,0.0,0.0,0.0,
3249,0,"World\GENERIC\PASSIVEDOODADS\Weapons\Hammer_PVPAlliance_A_01.mdx",0,1.0,3,4,18.0,12.0,1.0,,0,0,2700,0.0,0.0,0.0,0.0,0.0,0.0,0.0,0.0,0.0,1.0,1.0,0.0,0.0,0.0,
3251,0,"Creature\Rowboat_vehicle\RowBoat01_vehicle.mdx",0,1.0,3,4,18.0,12.0,1.0,,0,0,3056,0.0,0.0,0.0,0.0,0.0,0.0,0.0,0.0,0.0,1.0,1.0,0.0,0.0,0.0,
3252,0,"Creature\Rowboat_vehicle\BE_Rowboat_vehicle.mdx",0,1.0,3,4,18.0,12.0,1.0,,0,0,3056,0.0,0.0,0.0,0.0,0.0,0.0,0.0,0.0,0.0,1.0,1.0,0.0,0.0,0.0,
3253,0,"Creature\Jaina\Jaina2.mdx",0,1.0,3,4,18.0,12.0,1.0,,0,0,0,0.611100018024,2.03099989891,1.00264000893,-0.229169994593,-0.340761989355,-0.000768999976572,0.261000007391,0.351009011269,1.8978600502,1.0,1.0,0.0,0.0,0.0,
3254,0,"Creature\Rowboat_vehicle\DarkshoreBoat_vehicle.mdx",0,1.0,3,4,18.0,12.0,1.0,,0,0,3056,0.0,0.0,0.0,0.0,0.0,0.0,0.0,0.0,0.0,1.0,1.0,0.0,0.0,0.0,
3255,0,"World\KALIMDOR\AZSHARA\ActiveDoodads\StoneTablets\AzsharaStoneTablet04.mdx",0,2.0,3,4,18.0,12.0,1.0,,0,0,0,0.0,0.0,0.0,0.0,0.0,0.0,0.0,0.0,0.0,1.0,1.0,0.0,0.0,0.0,
3256,0,"Creature\QUESTOBJECTS\Creature_IceBlock_Sindragosa.mdx",2,1.0,3,4,18.0,12.0,1.0,,0,0,0,0.0,0.0,0.0,-4.80811977386,-5.01373004913,-0.00548799987882,4.82576990128,4.5153799057,4.69427013397,1.0,1.0,0.0,0.0,0.0,
3257,1,"Creature\MinisterofDeath\MinisterofDeath.mdx",3,1.0,3,4,18.0,12.0,1.0,,0,0,0,0.611100018024,2.03099989891,0.0,-1.381270051,-1.38441002369,-0.136640995741,1.53714001179,1.45204997063,3.95570993423,1.0,1.0,0.0,0.0,0.0,
3258,0,"Creature\UndeadDrake\NorthrendUndeadDrake.mdx",3,1.0,3,5,18.0,12.0,1.0,,0,0,2815,0.611100018024,2.03099989891,2.93159008026,-6.98449993134,-4.24172019958,-0.133897006512,4.23468017578,4.21362018585,5.29930019379,0.34999999404,1.0,0.0,0.0,0.0,
3259,0,"World\EXPANSION01\DOODADS\ZULAMAN\DOORS\ZulAman_FireDoor.mdx",0,1.0,3,4,18.0,12.0,1.0,,0,0,0,0.0,0.0,0.0,0.0,0.0,0.0,0.0,0.0,0.0,1.0,1.0,0.0,0.0,0.0,
3260,0,"World\EXPANSION02\DOODADS\GENERIC\FORSAKEN\FK_PlagueWagon.mdx",0,1.0,3,4,18.0,12.0,1.0,,0,0,2739,0.0,0.0,0.0,0.0,0.0,0.0,0.0,0.0,0.0,1.0,1.0,0.0,0.0,0.0,
3261,1,"World\Expansion02\Doodads\Generic\Forsaken\FK_PlagueWagon.mdx",0,1.0,3,4,18.0,12.0,1.0,,0,0,2858,0.0,0.0,0.0,0.0,0.0,0.0,0.0,0.0,0.0,1.0,1.0,0.0,0.0,0.0,
3263,99,"World\GENERIC\ACTIVEDOODADS\SPELLPORTALS\MagePortal_Ogrimmar.mdx",0,1.0,3,4,18.0,12.0,1.0,,0,0,2865,0.0,0.0,0.0,0.0,0.0,0.0,0.0,0.0,0.0,1.0,1.0,0.0,0.0,0.0,
3264,0,"World\EXPANSION02\DOODADS\ICECROWN\Weapon\IceCrown_Axe_ShadowsEdge.mdx",0,1.0,3,4,18.0,12.0,1.0,,0,0,2700,0.0,0.0,0.0,0.0,0.0,0.0,0.0,0.0,0.0,1.0,1.0,0.0,0.0,0.0,
3265,0,"Creature\MadScientist\MadScientistNoBackpack.mdx",1,1.0,1,4,18.0,12.0,1.0,,0,0,2132,0.611100018024,2.03099989891,1.07824003696,-0.58141297102,-0.585341989994,-0.00727100018412,0.384066998959,0.412238001823,1.84516000748,1.0,1.0,0.0,0.0,0.0,
3266,3,"Creature\Wight\WightScientist.mdx",2,1.0,2,4,18.0,12.0,1.0,,0,0,1408,0.611100018024,2.03099989891,1.50495004654,-0.845390021801,-2.46124005318,0.00552200013772,1.85368001461,2.33341002464,3.06790995598,1.0,1.0,0.0,0.0,0.0,
3267,0,"World\Lordaeron\STRATHOLME\PassiveDoodads\FX\StratholmeFireSmokeEmberM.mdx",0,1.0,3,4,18.0,12.0,1.0,,0,0,0,0.0,0.0,0.0,0.0,0.0,0.0,0.0,0.0,0.0,1.0,1.0,0.0,0.0,0.0,
3268,0,"Creature\IcecrownFleshBeast\IcecrownFleshBeast.mdx",0,1.0,3,1,18.0,12.0,1.0,,82,12,2748,0.611100018024,2.03099989891,0.0,-3.11666989326,-7.08584976196,-0.225683003664,6.31650018692,5.14479017258,13.4854001999,0.800000011921,0.5,0.0,0.0,0.0,
3269,0,"Creature\MadScientist\MadScientistNoBackpack.mdx",0,1.0,3,4,18.0,12.0,1.0,,0,0,0,0.611100018024,2.03099989891,1.07824003696,-0.58141297102,-0.585341989994,-0.00727100018412,0.384066998959,0.412238001823,1.84516000748,1.0,1.0,0.0,0.0,0.0,
3270,0,"Creature\IcecrownFleshBeast\IcecrownFleshBeast.mdx",0,1.0,3,4,18.0,12.0,1.0,,0,12,0,0.611100018024,2.03099989891,0.0,-3.11666989326,-7.08584976196,-0.225683003664,6.31650018692,5.14479017258,13.4854001999,1.0,0.300000011921,0.0,0.0,0.0,
3271,128,"Creature\WingedHorse\WingedHorse.mdx",0,1.0,3,6,18.0,12.0,1.0,,0,0,0,0.611100018024,2.03099989891,1.92484998703,-2.18073010445,-1.04470002651,-0.0208540000021,2.24626994133,1.1619900465,2.8329501152,1.0,1.0,0.0,0.0,0.0,
3272,0,"Creature\TerenasMenethil\TerenasMenethil.mdx",1,1.0,3,4,18.0,12.0,1.0,,0,0,0,0.0,0.0,0.0,0.0,0.0,0.0,0.0,0.0,0.0,1.0,1.0,0.0,0.0,0.0,
3274,3,"Creature\InvisibleStalker\InvisibleStalker_noAnims.mdx",1,1.0,3,4,18.0,12.0,1.0,,0,0,1608,0.611100018024,2.03099989891,0.0,1.0,1.0,1.0,-1.0,-1.0,-1.0,1.0,1.0,0.0,0.0,0.0,
3275,0,"Creature\BloodQueen\BloodQueen.mdx",0,1.0,3,4,18.0,12.0,1.0,,0,0,0,0.611100018024,2.03099989891,0.0,-1.7932100296,-2.23847007751,-0.0488610006869,0.309172004461,1.61752998829,2.18676996231,1.0,1.0,0.0,0.0,0.0,
3276,0,"Creature\bear\SpectralBear.mdx",1,1.0,1,7,18.0,12.0,1.0,,0,0,83,0.611100018024,2.03099989891,0.0,-1.65758001804,-0.925305008888,-0.058708999306,1.68136000633,0.867245972157,2.01659989357,1.0,1.0,0.0,0.0,0.0,
3277,0,"Spells\IceNuke_Missile.mdx",0,1.0,3,4,18.0,12.0,1.0,,0,0,2999,0.0,0.0,0.0,0.0,0.0,0.0,0.0,0.0,0.0,1.0,1.0,0.0,0.0,0.0,
3282,0,"Creature\BoneGuard\BoneGuard.mdx",0,1.0,3,4,18.0,12.0,1.0,,0,0,0,0.611100018024,2.03099989891,0.0,-4.37166976929,-5.81267023087,-0.806038022041,5.31305980682,5.72249984741,8.63570976257,1.0,1.0,0.0,0.0,0.0,
3285,3,"Spells\BoneGuardSpike.mdx",0,1.0,3,3,18.0,12.0,1.0,,0,0,0,0.0,0.0,0.0,0.0,0.0,0.0,0.0,0.0,0.0,1.0,1.0,0.0,0.0,0.0,
3286,0,"World\GENERIC\HUMAN\PASSIVE DOODADS\OilPuddle\Oil_Puddle_01.mdx",0,1.0,3,4,18.0,12.0,1.0,,0,0,0,0.0,0.0,0.0,0.0,0.0,0.0,0.0,0.0,0.0,1.0,1.0,0.0,0.0,0.0,
3287,0,"Creature\RidingUndeadDrake\ArmoredRidingUndeadDrake.mdx",0,1.0,3,5,24.0,16.0,1.0,,0,0,2147,0.611100018024,2.03099989891,2.93089008331,-7.31620979309,-3.44928002357,-0.165107995272,3.97675991058,2.76512002945,3.76553010941,1.0,1.0,0.0,0.0,0.0,
3289,2048,"Creature\BloodQueen\BloodQueen.mdx",2,1.0,3,4,18.0,12.0,1.0,,0,0,0,0.611100018024,2.03099989891,0.0,-1.7932100296,-2.23847007751,-0.0488610006869,0.309172004461,1.61752998829,2.18676996231,1.0,1.0,0.0,0.0,0.0,
3291,0,"Creature\Pug\pug.mdx",0,1.0,1,7,3.0,2.0,1.0,,0,0,0,0.611100018024,2.03099989891,0.0,-0.401800006628,-0.239831998944,-0.000459000002593,0.510909020901,0.212349995971,0.711417973042,1.0,1.0,0.0,0.0,0.0,
3292,0,"Creature\NorthrendFleshGiant\NorthrendFleshGiant.mdx",0,1.0,3,1,18.0,12.0,1.0,,82,12,2748,0.611100018024,2.03099989891,9.31359004974,-3.27446007729,-7.61858987808,-0.00825699977577,6.13324022293,4.14035987854,12.567199707,1.0,1.0,0.0,0.0,0.0,
3293,0,"Creature\WarpStorm\WarpStorm.mdx",1,1.0,3,4,18.0,12.0,1.0,,0,0,2267,0.611100018024,2.03099989891,0.0,0.0,0.0,0.0,0.0,0.0,0.0,1.0,1.0,0.0,0.0,0.0,
3296,128,"Creature\WingedHorse\WingedHorse_NonFlying.mdx",0,1.0,3,6,18.0,12.0,1.0,,0,0,0,0.611100018024,2.03099989891,1.92484998703,-2.18073010445,-1.04470002651,-0.0208540000021,2.24626994133,1.1619900465,2.8329501152,1.0,1.0,0.0,0.0,0.0,
3299,1,"Creature\ValkierDark\ValkierDark.mdx",0,1.0,3,4,18.0,12.0,1.0,,0,0,2668,0.611100018024,2.03099989891,0.0,0.0,0.0,0.0,0.0,0.0,0.0,1.0,1.0,0.0,0.0,0.0,
3314,0,"Creature\Oracle\Oracle_Quest.mdx",0,1.0,3,4,18.0,12.0,1.0,,0,0,2513,0.611100018024,2.03099989891,0.0,-1.86698997021,-1.66717004776,-0.0106260003522,1.66518998146,1.22316002846,2.43952989578,1.0,1.0,0.0,0.0,0.0,
3315,3,"Creature\Ghost\Ghost.mdx",1,1.0,1,4,18.0,12.0,1.0,,0,0,9,0.611100018024,2.03099989891,0.0,0.0,0.0,0.0,0.0,0.0,0.0,1.0,1.0,0.0,0.0,0.0,
3320,1,"Creature\Valkier2_Dark\Valkier2_Dark.mdx",0,1.0,3,4,18.0,12.0,1.0,,0,0,2668,0.611100018024,2.03099989891,0.0,0.0,0.0,0.0,0.0,0.0,0.0,1.0,1.0,0.0,0.0,0.0,
3324,0,"World\GOOBER\G_FireworkLauncher02.mdx",1,1.0,3,4,18.0,12.0,1.0,,0,0,0,0.0,0.0,0.0,0.0,0.0,0.0,0.0,0.0,0.0,1.0,1.0,0.0,0.0,0.0,
3332,0,"Creature\Pyrogryph\PyroGryph.mdx",0,1.0,3,5,24.0,16.0,1.0,,0,0,0,0.0,0.0,0.0,0.0,0.0,0.0,0.0,0.0,0.0,1.0,1.0,0.0,0.0,0.0,
3333,0,"Creature\Pyrogryph\PyroGryph.mdx",0,1.0,3,4,18.0,12.0,1.0,,0,0,0,0.0,0.0,0.0,0.0,0.0,0.0,0.0,0.0,0.0,1.0,1.0,0.0,0.0,0.0,
3334,0,"Creature\WOOLYRHINO\WoolyRhinoMount.mdx",0,1.0,1,6,20.0,15.0,1.0,,0,0,0,0.611100018024,2.03099989891,2.2981801033,-3.29405999184,-1.00941002369,-0.0383079983294,1.43699002266,0.95152002573,2.72466993332,1.0,2.29999995232,0.0,0.0,0.0,
3335,3,"World\EXPANSION01\DOODADS\SHATTRATH\PASSIVEDOODADS\BattlemasterPedestal\BattlemasterPedestal.mdx",0,1.0,3,4,18.0,12.0,1.0,,0,0,2596,3.78600001335,5.20699977875,0.0,0.0,0.0,0.0,0.0,0.0,0.0,1.0,1.0,0.0,0.0,0.0,
3341,0,"Creature\Hippogryph\BurntHippoGryph.mdx",0,1.0,3,5,24.0,16.0,1.0,,0,0,0,0.611100018024,2.03099989891,1.84110999107,-2.27590990067,-1.16238999367,-0.0513680018485,2.27350997925,1.19843995571,3.30821990967,1.0,1.0,0.0,0.0,0.0,
3342,35,"World\Azeroth\ZulGurub\ACTIVEDOODADS\VOODOOPILE\VoodooPile01.mdx",0,1.0,3,4,18.0,12.0,1.0,,0,0,2905,0.0,0.0,0.0,0.0,0.0,0.0,0.0,0.0,0.0,1.0,1.0,0.0,0.0,0.0,
3343,0,"Creature\FelBat\BatTaxi.mdx",0,1.0,3,5,18.0,12.0,1.0,,0,0,308,0.611100018024,2.03099989891,0.0,0.0,0.0,0.0,0.0,0.0,0.0,1.0,1.0,0.0,0.0,0.0,
3345,0,"World\Expansion02\Doodads\Ulduar\UL_TeleportationPad.mdx",0,1.0,3,4,18.0,12.0,1.0,,0,0,0,0.0,0.0,0.0,0.0,0.0,0.0,0.0,0.0,0.0,1.0,1.0,0.0,0.0,0.0,
3346,0,"World\Expansion02\Doodads\Generic\Gnome\Gnome_Radiation_Bomb_01.mdx",0,1.0,3,4,18.0,12.0,1.0,,0,0,0,0.0,0.0,0.0,0.0,0.0,0.0,0.0,0.0,0.0,1.0,1.0,0.0,0.0,0.0,
3353,0,"Creature\TwighlightDragon\TwighlightDragon.mdx",4,1.0,1,5,30.0,20.0,3.0,,2,12,191,0.611100018024,2.03099989891,8.13903045654,-20.7299003601,-9.54887962341,-0.579810976982,9.81095027924,9.41843032837,13.926199913,1.0,1.0,0.0,0.0,0.0,
3356,1,"Creature\CelestialDragonWyrm\CelestialDragonWyrm.mdx",0,1.0,4,4,18.0,12.0,1.0,,0,0,0,0.611100018024,2.03099989891,0.0,-3.37118005753,-0.863705992699,0.488104999065,1.00323998928,0.831879973412,4.22453022003,1.0,1.0,0.0,0.0,0.0,
3357,128,"Creature\CelestialHorse\CelestialHorse_NonFlying.mdx",0,1.0,3,6,18.0,12.0,1.0,,0,0,0,0.611100018024,2.03099989891,1.92484998703,-2.18073010445,-1.94423997402,-0.435299009085,2.10403990746,1.94423997402,3.45318007469,1.0,1.0,0.0,0.0,0.0,
3358,128,"Creature\CelestialHorse\CelestialHorse.mdx",0,1.0,3,6,18.0,12.0,1.0,,0,0,0,0.611100018024,2.03099989891,1.92484998703,-2.18073010445,-1.94423997402,-0.435299009085,2.10403990746,1.94423997402,3.45318007469,1.0,1.0,0.0,0.0,0.0,
3364,0,"Creature\ProtoDragon\ProtoDragon.mdx",1,1.0,3,5,18.0,12.0,1.0,,0,0,2516,0.611100018024,2.03099989891,0.0,0.0,0.0,0.0,0.0,0.0,0.0,1.0,1.0,0.0,0.0,0.0,
3367,27,"Creature\RocketMount2\RocketMount2.mdx",0,1.0,3,4,18.0,12.0,1.0,,0,0,0,0.0,0.0,0.0,0.0,0.0,0.0,0.0,0.0,0.0,1.0,1.0,0.0,0.0,0.0,
3372,2,"Creature\ClockworkGiant\ClockworkGiantPet.mdx",0,1.0,3,1,12.0,8.0,1.0,,0,0,0,0.611100018024,2.03099989891,0.0,-0.214280992746,-0.496446996927,-0.018642000854,0.257703989744,0.496446996927,1.41171002388,1.0,1.0,0.0,0.0,0.0,
3440,2,"creature\t_robot\t_robot.mdx",0,1.0,3,1,18.0,12.0,1.0,,0,0,0,0.611100018024,2.03099989891,0.0,-1.35299003124,-1.87490999699,-0.0553370006382,1.62191998959,1.87400996685,3.23797011375,1.0,1.0,0.0,0.0,0.0,
3464,0,"Creature\PandarenSerpent\PandarenSerpentMount.mdx",0,1.0,3,1,0.0,0.0,1.0,,0,0,0,0.0,0.0,0.0,0.0,0.0,0.0,0.0,0.0,0.0,1.0,1.0,0.0,0.0,0.0,
3517,128,"Creature\monkmount\monkmount.mdx",0,1.0,3,6,18.0,12.0,1.0,,0,0,0,0.611100018024,2.03099989891,1.92484998703,-2.18073010445,-1.04470002651,-0.0208540000021,2.24626994133,1.1619900465,2.8329501152,1.0,1.0,0.0,0.0,0.0,
3520,0,"Creature\pandarenmonk\pandarenmonk.mdx",0,1.0,3,1,0.0,0.0,1.0,,0,0,0,0.0,0.0,0.0,0.0,0.0,0.0,0.0,0.0,0.0,1.0,1.0,0.0,0.0,0.0,
3528,0,"Creature\pandarenmalekid\pandarenmalekid.mdx",0,1.0,3,1,0.0,0.0,1.0,,0,0,0,0.0,0.0,0.0,0.0,0.0,0.0,0.0,0.0,0.0,1.0,1.0,0.0,0.0,0.0,
3529,0,"Creature\pandarenmalekid\pandarenmalekid.mdx",0,1.0,3,1,0.0,0.0,1.0,,0,0,0,0.0,0.0,0.0,0.0,0.0,0.0,0.0,0.0,0.0,1.0,1.0,0.0,0.0,0.0,
3530,0,"Creature\pandarenmalekid\pandarenmalekid.mdx",0,1.0,3,1,0.0,0.0,1.0,,0,0,0,0.0,0.0,0.0,0.0,0.0,0.0,0.0,0.0,0.0,1.0,1.0,0.0,0.0,0.0,
3540,0,"Creature\crane\crane.mdx",0,1.0,3,1,0.0,0.0,1.0,,0,0,0,0.0,0.0,0.0,0.0,0.0,0.0,0.0,0.0,0.0,1.0,1.0,0.0,0.0,0.0,
3543,0,"Creature\tigerloa\tigerloa.mdx",0,1.0,3,1,0.0,0.0,1.0,,0,0,0,0.0,0.0,0.0,0.0,0.0,0.0,0.0,0.0,0.0,1.0,1.0,0.0,0.0,0.0,
3552,0,"Creature\forestsprite\forestsprite.mdx",0,1.0,3,1,0.0,0.0,1.0,,0,0,0,0.0,0.0,0.0,0.0,0.0,0.0,0.0,0.0,0.0,1.0,1.0,0.0,0.0,0.0,
3553,0,"Creature\forestsprite\forestsprite.mdx",0,1.0,3,1,0.0,0.0,1.0,,0,0,0,0.0,0.0,0.0,0.0,0.0,0.0,0.0,0.0,0.0,1.0,1.0,0.0,0.0,0.0,
3556,0,"Creature\forestsprite\forestsprite_low01.mdx",0,1.0,3,1,0.0,0.0,1.0,,0,0,0,0.0,0.0,0.0,0.0,0.0,0.0,0.0,0.0,0.0,1.0,1.0,0.0,0.0,0.0,
3584,0,"Creature\waterspiritsmall\waterspiritsmall.mdx",0,1.0,3,1,0.0,0.0,1.0,,0,0,0,0.0,0.0,0.0,0.0,0.0,0.0,0.0,0.0,0.0,1.0,1.0,0.0,0.0,0.0,
3590,0,"Creature\shaohao\shaohao.mdx",0,1.0,3,1,0.0,0.0,1.0,,0,0,0,0.0,0.0,0.0,0.0,0.0,0.0,0.0,0.0,0.0,1.0,1.0,0.0,0.0,0.0,
3800,0,"world\expansion04\doodads\pandaren\kungfugear\pa_kungfugear_bag_left.mdx",0,1.0,3,1,0.0,0.0,1.0,,0,0,0,0.0,0.0,0.0,0.0,0.0,0.0,0.0,0.0,0.0,1.0,1.0,0.0,0.0,0.0,
3805,0,"world\expansion04\doodads\pandaren\turtleshrine\pa_turtleshrine_01.mdx",0,1.0,3,1,0.0,0.0,1.0,,0,0,0,0.0,0.0,0.0,0.0,0.0,0.0,0.0,0.0,0.0,1.0,1.0,0.0,0.0,0.0,
3807,0,"Creature\hozu\hozumonkey_low01.mdx",0,1.0,3,1,0.0,0.0,1.0,,0,0,0,0.0,0.0,0.0,0.0,0.0,0.0,0.0,0.0,0.0,1.0,1.0,0.0,0.0,0.0,
3808,0,"Creature\hozu\hozumonkey_low01.mdx",0,1.0,3,1,0.0,0.0,1.0,,0,0,0,0.0,0.0,0.0,0.0,0.0,0.0,0.0,0.0,0.0,1.0,1.0,0.0,0.0,0.0,
3809,0,"Creature\hozu\hozumonkey_low01.mdx",0,1.0,3,1,0.0,0.0,1.0,,0,0,0,0.0,0.0,0.0,0.0,0.0,0.0,0.0,0.0,0.0,1.0,1.0,0.0,0.0,0.0,
3817,0,"CREATURE\BOUNDAIRELEMENTAL\UNBOUNDAIRELEMENTAL.MDX",0,1.0,4,4,18.0,12.0,1.0,,0,0,0,0.611111998558,2.03128004074,0.0,-0.740580022335,-1.77744996548,0.642360985279,1.38548004627,1.78192996979,3.47687005997,0.5,1.5,0.0,0.0,0.0,
3818,0,"CREATURE\FIRESPIRITSMALL\FIRESPIRITSMALLLESSER.MDX",0,1.0,3,4,18.0,12.0,1.0,,0,0,0,0.611111998558,2.03128004074,0.0,-1.25434994698,-1.51236999035,0.696227014065,1.27613997459,1.63797998428,5.80258989334,1.0,1.5,0.0,0.0,0.0,
3820,0,"Creature\mistfox\mistfox.mdx",0,1.0,1,7,10.0,8.0,1.0,,0,0,0,0.611111998558,2.03128004074,0.0,-2.09625005722,-0.501955986023,-0.00548799987882,1.59038996696,0.535973012447,1.44521999359,1.0,1.0,0.0,0.0,0.0,
3821,0,"Creature\waterstrider\waterstrider.mdx",0,1.0,3,1,4.0,3.0,1.0,,0,0,0,0.611111998558,2.03128004074,0.0,-1.16167998314,-1.21027994156,-0.00188300001901,0.512573003769,1.19086003304,1.38980996609,1.0,1.0,0.0,0.0,0.0,
3822,0,"Creature\verming\verming.mdx",0,1.0,1,4,18.0,12.0,1.0,,0,0,0,0.611111998558,2.03128004074,0.0,-2.00432991982,-1.81477999687,-0.0332680009305,1.76308000088,1.24042999744,2.56562995911,1.0,1.0,0.0,0.0,0.0,
3823,0,"Creature\verming\verming_melee.mdx",0,1.0,1,4,18.0,12.0,1.0,,0,0,0,0.611111998558,2.03128004074,0.0,-2.00432991982,-1.81477999687,-0.0562480017543,1.76308000088,1.24042999744,2.89214992523,1.0,1.0,0.0,0.0,0.0,
3824,0,"Creature\hotairballoon_vehicle\pa_hotairballoon_vehicle.mdx",0,1.0,3,4,18.0,12.0,1.0,,0,0,0,0.611111998558,2.03128004074,0.0,-12.5629997253,-12.55189991,-0.370003014803,12.9708003998,12.9819002151,27.4393005371,1.0,1.0,0.0,0.0,0.0,
3825,0,"Creature\quilin\quilin.mdx",0,1.0,1,7,18.0,12.0,1.0,,0,0,0,0.611111998558,2.03128004074,1.44813001156,-1.87581002712,-0.54523897171,-0.0670159980655,0.926150023937,0.617317020893,2.07350993156,1.0,1.0,0.0,0.0,0.0,
3826,0,"Creature\waterdragon\waterdragon.mdx",1,1.0,1,5,18.0,12.0,1.0,,0,0,0,0.611111998558,2.03128004074,1.37264001369,-2.63469004631,-1.18306994438,-0.0610160008073,1.26539003849,1.29317998886,3.0802500248,1.0,1.0,0.0,0.0,0.0,
3923,3,"CREATURE\INVISIBLESTALKER\INVISIBLESTALKER.M2",1,1.0,3,4,18.0,12.0,1.0,,0,0,1608,0.611199975014,2.03099989891,1.30095005035,0.0,0.0,0.0,0.0,0.0,0.0,1.0,1.0,0.0,0.0,0.0,
3967,4,"CHARACTER\PANDAREN\MALE\PANDARENMALE.M2",0,1.0,1,1,12.0,14.0,1.0,,0,0,4012,0.611111998558,2.03128004074,0.0,-1.06856000423,-1.02084004879,-0.0174219999462,0.428503006697,0.95383399725,2.56780004501,1.0,1.0,0.0,0.0,0.0,
3968,4,"CHARACTER\PANDAREN\FEMALE\PANDARENFEMALE.M2",0,1.0,1,1,12.0,14.0,1.0,,0,0,4080,0.611111998558,2.03128004074,-0.000339999998687,-1.02848994732,-0.662140011787,-0.0243810005486,0.385120004416,0.676274001598,2.46643996239,1.0,1.0,0.0,0.0,0.0,
4000,16,"Creature\Tiger\Tiger2.mdx",1,1.0,1,7,18.0,12.0,1.0,,0,0,82,0.611100018024,2.03099989891,1.24136996269,-2.42836999893,-0.658701002598,-0.00620299996808,1.02886998653,0.533702015877,1.26810002327,1.0,1.0,0.0,0.0,0.0,
4001,0,"Creature\Boar\GiantBoarArmoredMount.mdx",2,0.10000000149,1,3,9.0,6.0,1.0,,0,0,66,0.611100018024,2.03099989891,0.0,-1.14914000034,-0.448390990496,-0.0291920006275,1.78021001816,0.452118992805,2.09348988533,1.0,1.0,0.0,0.0,0.0,
4002,16,"Creature\Tiger\Tigernohair.mdx",1,1.0,1,7,18.0,12.0,1.0,,0,0,82,0.611100018024,2.03099989891,1.24136996269,-2.42836999893,-0.658701002598,-0.00620299996808,1.02886998653,0.533702015877,1.26810002327,1.0,1.0,0.0,0.0,0.0,
4003,1027,"Creature\AllyChopper\MotorcycleVehicle.mdx",0,1.0,3,4,18.0,12.0,1.0,,0,0,2694,0.611100018024,2.03099989891,0.762391984463,-1.9228399992,-0.779003977776,-0.0746579989791,2.81429004669,1.03197002411,2.07522010803,1.0,1.0,0.0,0.0,0.0,
4004,1027,"Creature\HordeChopper\MotorcycleVehicle.mdx",0,1.0,3,4,18.0,12.0,1.0,,0,0,2694,0.611100018024,2.03099989891,0.762391984463,-1.9228399992,-0.779003977776,-0.0746579989791,2.81429004669,1.03197002411,2.07522010803,1.0,1.0,0.0,0.0,0.0,
4005,0,"Creature\Kodobeast\KodoBeastwooly.mdx",3,1.10000002384,1,1,18.0,12.0,1.0,,1,10,27,0.611100018024,2.03099989891,3.54287004471,-7.28207015991,-2.41275000572,-0.0208390001208,3.34308004379,2.27780008316,5.36694002151,1.0,1.0,0.0,0.0,0.0,
4006,0,"Creature\FrostSabre\ZulGurub.mdx",1,1.0,1,7,20.0,16.0,1.0,,0,0,1829,0.611100018024,2.03099989891,1.24136996269,-2.43267011642,-0.656587004662,-0.0367310009897,1.10231995583,0.533900976181,1.44094002247,1.0,1.0,0.0,0.0,0.0,
4007,0,"Creature\Ram\BraufestRam.mdx",1,1.0,1,6,18.0,12.0,1.0,,0,0,1830,0.611100018024,2.03099989891,2.10664010048,-1.2750300169,-1.08756005764,-0.0102129997686,2.3130800724,0.835663974285,2.61677002907,1.0,1.0,0.0,0.0,0.0,
4008,0,"Creature\RidingRaptor\ZulGurubRaptor.mdx",1,1.0,1,5,24.0,18.0,1.0,,0,0,1833,0.611100018024,2.03099989891,2.52061009407,-4.32770013809,-1.11463999748,-0.0638239979744,1.97582995892,2.09821009636,3.44115996361,1.0,1.0,0.0,0.0,0.0,
4009,0,"Creature\DrakeMount2\Stormdragonmount2.mdx",0,2.0,1,5,32.0,24.0,1.0,,0,0,2684,0.611100018024,2.03099989891,2.93089008331,-7.88613986969,-3.00320005417,-0.363761007786,3.12888002396,2.49078011513,3.57596993446,1.0,1.0,0.0,0.0,0.0,
4010,0,"Creature\Drake2\Stormdragonmount2.mdx",0,2.0,1,1,18.0,12.0,1.0,,0,10,508,0.611100018024,2.03099989891,2.60072994232,-6.4514799118,-10.2115001678,-0.551222026348,2.7495200634,10.2109003067,11.5125999451,1.0,1.0,0.0,0.0,0.0,
4011,0,"Creature\WARHORSE\PaladinWarHorse.mdx",1,1.20000004768,1,6,18.0,12.0,1.0,,0,0,1869,0.611100018024,2.03099989891,1.86572003365,-1.95297002792,-0.575565993786,-0.0215329993516,2.4061999321,0.509168028831,2.83061003685,1.0,1.0,0.0,0.0,0.0,
4012,0,"Creature\Nightfallenmale\Nightfallenmale.mdx",0,1.0,1,1,18.0,12.0,1.0,,0,0,2105,0.611100018024,2.03099989891,0.0,-0.476729005575,-0.56627202034,-0.00727100018412,0.384068012238,0.382532000542,1.9498000145,1.0,1.0,0.0,0.0,0.0,
4013,0,"Creature\CrackElf\CrackElfMaleRed.mdx",0,1.0,1,1,18.0,12.0,1.0,,0,0,2105,0.611100018024,2.03099989891,0.0,-0.476729005575,-0.56627202034,-0.00727100018412,0.384068012238,0.382532000542,1.9498000145,1.0,1.0,0.0,0.0,0.0,
4014,0,"Creature\CrackElf\CrackElfMaleBlue.mdx",0,1.0,1,1,18.0,12.0,1.0,,0,0,2105,0.611100018024,2.03099989891,0.0,-0.476729005575,-0.56627202034,-0.00727100018412,0.384068012238,0.382532000542,1.9498000145,1.0,1.0,0.0,0.0,0.0,
4015,2052,"Creature\ThrallDoomplate\Thrall.mdx",1,1.0,1,1,14.0,14.0,1.0,,0,0,51,0.611100018024,2.03099989891,1.11705005169,-0.725005984306,-0.874448001385,-0.0069539998658,0.744108974934,0.853354990482,2.36011004448,1.0,1.0,0.0,0.0,0.0,
4016,2052,"Creature\Voljin\Voljin.mdx",1,1.0,1,1,12.0,10.0,1.0,,0,0,296,0.611100018024,2.03099989891,1.50425004959,-0.958702981472,-0.666761994362,0.00614400021732,0.90244102478,0.732731997967,2.63228988647,1.0,1.0,0.0,0.0,0.0,
4017,2052,"Creature\Blackhand\Blackhand.mdx",1,1.0,1,1,14.0,14.0,1.0,,0,0,51,0.611100018024,2.03099989891,1.11705005169,-0.725005984306,-0.874448001385,-0.0069539998658,0.744108974934,0.853354990482,2.36011004448,1.0,1.0,0.0,0.0,0.0,
4018,2052,"Creature\Garrosh2\Garrosh2.mdx",1,1.0,1,1,14.0,14.0,1.0,,0,0,51,0.611100018024,2.03099989891,1.11705005169,-0.725005984306,-0.874448001385,-0.0069539998658,0.744108974934,0.853354990482,2.36011004448,1.0,1.0,0.0,0.0,0.0,
4019,0,"Creature\Khadgar2\Khadgar2.mdx",1,1.0,1,1,18.0,12.0,1.0,,0,0,108,0.611100018024,2.03099989891,0.0,-0.372525006533,-0.51647400856,-0.000809999997728,0.431894987822,0.51472401619,2.01982998848,1.0,1.0,0.0,0.0,0.0,
4020,2052,"Creature\Malfurion\Malfurion.mdx",1,1.0,1,1,12.0,10.0,1.0,,0,0,55,0.777800023556,2.43799996376,1.30095005035,-0.700577974319,-0.61655497551,-0.00444199983031,0.303063988686,0.637018978596,2.59489011765,1.0,1.0,0.0,0.0,0.0,
4021,0,"Creature\YseraDragon\YseraDragon.mdx",4,1.89999997616,1,5,30.0,20.0,3.0,,2,12,2603,0.611100018024,2.03099989891,8.13903045654,-20.1396007538,-9.65993022919,-0.580814003944,9.74291992188,9.59130954742,14.0896997452,0.40000000596,3.29999995232,0.0,0.0,0.0,
4022,2052,"Creature\Ysera\Ysera.mdx",1,1.0,1,1,12.0,10.0,1.0,,0,0,56,0.555599987507,2.25,1.33474004269,-0.651853978634,-0.388226985931,0.00130300002638,0.342884004116,0.590198993683,2.27000999451,1.0,1.0,0.0,0.0,0.0,
4023,0,"Creature\MoltenGiant\MoltenGiant.mdx",3,1.0,3,1,18.0,12.0,1.0,,2,11,193,0.694400012493,2.08299994469,0.0,-2.29472994804,-4.14750003815,-0.0213380008936,2.47421002388,4.00757980347,7.67899990082,1.0,0.75,0.0,0.0,0.0,
4024,2052,"Creature\Garrosh2\Garrosh2.mdx",1,1.0,1,1,14.0,14.0,1.0,,0,0,51,0.611100018024,2.03099989891,1.11705005169,-0.725005984306,-0.874448001385,-0.0069539998658,0.744108974934,0.853354990482,2.36011004448,1.0,1.0,0.0,0.0,0.0,
4025,0,"Creature\NozdormuDragon\NozdormuDragon.mdx",4,1.89999997616,1,5,30.0,20.0,3.0,,2,12,2603,0.611100018024,2.03099989891,8.13903045654,-20.1396007538,-9.65993022919,-0.580814003944,9.74291992188,9.59130954742,14.0896997452,0.40000000596,3.29999995232,0.0,0.0,0.0,
4026,2052,"Creature\Tyrande\Tyrande.mdx",1,1.0,1,1,12.0,10.0,1.0,,0,0,56,0.555599987507,2.25,1.33474004269,-0.651853978634,-0.388226985931,0.00130300002638,0.342884004116,0.590198993683,2.27000999451,1.0,1.0,0.0,0.0,0.0,
4027,0,"Creature\DraenorAncient\DraenorAncientBasic.mdx",4,1.0,3,5,180.0,120.0,10.0,,2,11,179,0.611100018024,2.03099989891,0.0,-2.73428010941,-3.70707988739,-0.140285000205,4.59930992126,3.66862988472,9.40554046631,1.0,1.0,0.0,0.0,0.0,
4028,0,"Creature\DraenorAncient\DraenorAncientArrak.mdx",4,1.0,3,5,180.0,120.0,10.0,,2,11,179,0.611100018024,2.03099989891,0.0,-2.73428010941,-3.70707988739,-0.140285000205,4.59930992126,3.66862988472,9.40554046631,1.0,1.0,0.0,0.0,0.0,
4029,2052,"Creature\Durotan\Durotan.mdx",1,1.0,1,1,14.0,14.0,1.0,,0,0,51,0.611100018024,2.03099989891,1.11705005169,-0.725005984306,-0.874448001385,-0.0069539998658,0.744108974934,0.853354990482,2.36011004448,1.0,1.0,0.0,0.0,0.0,
4030,2052,"Creature\DeathwingHuman\DeathwingHuman.mdx",1,1.0,1,1,12.0,10.0,1.0,,0,0,49,0.611100018024,2.03099989891,1.03618001938,-0.576728999615,-0.544345021248,-0.000693999987561,0.368137001991,0.535902023315,2.12919998169,1.0,1.0,0.0,0.0,0.0,
4031,2052,"Creature\HulkedGuldan\HulkedGuldan.mdx",1,1.0,1,1,14.0,14.0,1.0,,0,0,51,0.611100018024,2.03099989891,1.11705005169,-0.725005984306,-0.874448001385,-0.0069539998658,0.744108974934,0.853354990482,2.36011004448,1.0,1.0,0.0,0.0,0.0,
4032,11,"Creature\BoundFireElemental\UnboundFireElementalLord.mdx",1,1.0,-1,-1,18.0,12.0,1.0,,0,0,158,0.611100018024,2.03099989891,0.0,-0.972662985325,-1.54429996014,0.0814210027456,1.08050000668,1.47422003746,3.44550991058,1.0,1.0,0.0,0.0,0.0,
4033,11,"Creature\BoundWaterElemental\BoundWaterElemental.mdx",1,1.0,2,4,18.0,12.0,1.0,,0,0,110,0.611100018024,2.03099989891,0.0,-1.03524005413,-1.68083000183,0.366207003593,1.04388999939,1.68463003635,3.04342007637,0.34999999404,1.0,0.0,0.0,0.0,
4034,3,"Creature\BoundAirElemental\UnboundAirElementalLord.mdx",1,1.0,3,4,18.0,12.0,1.0,,0,0,528,0.694400012493,2.08299994469,0.0,-1.34089004993,-1.54436004162,0.414725989103,1.10739994049,1.50098001957,3.36875009537,1.0,1.0,0.0,0.0,0.0,
4035,3,"Creature\BoundEarthElemental\UnboundEarthElementalLord.mdx",1,1.0,1,3,18.0,12.0,1.0,,0,0,69,0.611100018024,2.03099989891,0.0,-1.86363995075,-2.29721999168,-0.131377995014,1.82520997524,2.17851996422,3.32703995705,0.070000000298,0.899999976158,0.0,0.0,0.0,
4036,2052,"Creature\FANDRALSTAGHELM\FandralStaghelm.mdx",1,1.0,1,1,12.0,10.0,1.0,,0,0,55,0.777800023556,2.43799996376,1.30095005035,-0.700577974319,-0.61655497551,-0.00444199983031,0.303063988686,0.637018978596,2.59489011765,1.0,1.0,0.0,0.0,0.0,
4037,0,"Creature\SiberianTigerGod\SiberianTigerGod.mdx",0,1.0,3,4,18.0,12.0,1.0,,0,0,2948,0.0,0.0,0.0,0.0,0.0,0.0,0.0,0.0,0.0,1.0,1.0,0.0,0.0,0.0,
4038,0,"Creature\Horse\Horse.mdx",1,1.0,1,6,18.0,12.0,1.0,,0,0,65,0.611100018024,2.03099989891,1.86571002007,-1.24386000633,-0.436628997326,-0.0219720005989,2.00463008881,0.433531999588,2.63090991974,1.0,1.0,0.0,0.0,0.0,
4039,0,"Creature\Deathwing\Deathwing.mdx",4,0.899999976158,1,5,30.0,20.0,3.0,,2,12,191,0.611100018024,2.03099989891,8.13903045654,-20.1396007538,-9.65993022919,-0.580814003944,9.74291992188,9.59130954742,14.0896997452,1.0,1.0,0.0,0.0,0.0,
4040,2052,"Creature\Grommash\Grommash.mdx",1,1.0,1,1,14.0,14.0,1.0,,0,0,51,0.611100018024,2.03099989891,1.11705005169,-0.725005984306,-0.874448001385,-0.0069539998658,0.744108974934,0.853354990482,2.36011004448,1.0,1.0,0.0,0.0,0.0,
4041,16,"Creature\DruidCat2\DruidCat2_Artifact2.mdx",1,1.0,1,7,9.0,6.0,1.0,,0,0,43,0.611100018024,2.03099989891,0.0,-2.25615000725,-0.636057972908,-7.7999997302e-005,1.58476996422,0.666565001011,1.70278000832,1.0,1.0,0.0,0.0,0.0,
4042,0,"Creature\DruidBear2\DruidBear2_artifact4.mdx",1,1.0,1,7,18.0,12.0,1.0,,0,0,83,0.611100018024,2.03099989891,1.76146996021,-1.65758001804,-0.925305008888,-0.058708999306,1.68136000633,0.867245972157,1.84332001209,1.0,1.0,0.0,0.0,0.0,
4043,0,"Creature\DreadlordFel\DreadlordFel.mdx",2,1.0,3,3,18.0,12.0,1.0,,0,10,130,0.611100018024,2.03099989891,0.0,-2.89867997169,-2.36577010155,-0.182644993067,1.03970003128,2.26030993462,3.4673500061,1.0,1.0,0.0,0.0,0.0,
4044,2,"Creature\MountedDeathKnight2\ridingundeadwarhorse2.mdx",2,1.0,3,6,18.0,12.0,1.0,,0,10,1428,0.611100018024,2.03099989891,1.86572003365,-1.4372099638,-0.936908006668,-0.0199400000274,1.99395000935,0.909371972084,3.11574006081,1.0,1.0,0.0,0.0,0.0,
4045,0,"Creature\DrakeMount\DrakeMount.mdx",0,1.0,3,5,32.0,24.0,1.0,,0,0,2684,0.611100018024,2.03099989891,2.93089008331,-7.88613986969,-3.00320005417,-0.363761007786,3.12888002396,2.49078011513,3.57596993446,1.0,1.0,0.0,0.0,0.0,
4046,9,"Creature\Drake\Drake.mdx",2,1.0,1,1,18.0,12.0,1.0,,0,10,508,0.611100018024,2.03099989891,2.60072994232,-6.4514799118,-10.2115001678,-0.551222026348,2.7495200634,10.2109003067,11.5125999451,1.0,1.0,0.0,0.0,0.0,
4047,0,"Creature\Yeti_Greench\Yeti_Greench.mdx",0,1.0,1,4,18.0,12.0,1.0,,0,0,144,0.611100018024,2.03099989891,0.0,-1.24216997623,-1.69701004028,-0.0370870009065,1.31371998787,1.6953599453,3.55164003372,1.0,1.0,0.0,0.0,0.0,
4048,0,"Creature\Nightbane\NightBane.mdx",3,1.0,3,5,8.0,12.0,1.0,,2,12,2261,0.611100018024,2.03099989891,0.0,-18.7611999512,-10.519900322,-0.412550002337,10.0506000519,10.5899000168,13.752699852,1.0,1.0,0.0,0.0,0.0,
4049,2,"Creature\GhostlyCharger\GhostlyCharger.mdx",1,1.0,3,6,12.0,18.0,1.0,,0,0,428,0.611100018024,2.03099989891,1.86572003365,-1.63554000854,-0.462954998016,-0.0340970009565,1.85629999638,0.462888985872,2.57979989052,1.0,1.0,0.0,0.0,0.0,
4050,1,"Creature\Wyvern\Wyvern.mdx",2,1.0,1,-1,18.0,12.0,1.0,,0,0,85,0.611100018024,2.03099989891,1.19388997555,-3.20152997971,-5.22185993195,0.423987001181,3.13663005829,5.23434019089,6.74156999588,1.0,1.0,0.0,0.0,0.0,
4051,0,"Creature\WarlockMount\WarlockMount.mdx",1,1.0,3,3,18.0,12.0,1.0,,0,0,1868,0.611100018024,2.03099989891,1.86572003365,-1.43493998051,-0.885324001312,-0.0134260002524,1.97915005684,0.902423024178,2.90504002571,1.0,1.0,0.0,0.0,0.0,
4052,0,"Creature\TreasureGoblinPet\TreasureGoblinPet.mdx",0,1.0,1,1,18.0,12.0,1.0,,0,0,26,0.694400012493,1.38900005817,0.0,-0.981126010418,-0.552604973316,-0.00810899958014,0.943606972694,0.480619013309,1.2351000309,1.0,1.0,0.0,0.0,0.0,
4053,0,"Creature\ChoGall\ChoGall.mdx",2,1.0,1,4,18.0,12.0,1.0,,0,0,2256,0.611100018024,2.03099989891,0.0,-0.619898021221,-1.10290002823,-0.0127219995484,0.555240988731,1.09779000282,2.88109993935,1.0,1.0,0.0,0.0,0.0,
4054,0,"Creature\Gallywix\Gallywix.mdx",0,1.0,1,1,18.0,12.0,1.0,,0,0,26,0.694400012493,1.38900005817,0.0,-0.981126010418,-0.552604973316,-0.00810899958014,0.943606972694,0.480619013309,1.2351000309,1.0,1.0,0.0,0.0,0.0,
4055,0,"Creature\Cenarius2_Nightmare2\Cenarius2_Nightmare2.mdx",0,1.0,1,1,18.0,12.0,1.0,,0,0,26,0.694400012493,1.38900005817,0.0,-0.981126010418,-0.552604973316,-0.00810899958014,0.943606972694,0.480619013309,1.2351000309,1.0,1.0,0.0,0.0,0.0,
4056,0,"Creature\nightmareeye\nightmareeye.mdx",0,1.0,1,1,18.0,12.0,1.0,,0,0,26,0.694400012493,1.38900005817,0.0,-0.981126010418,-0.552604973316,-0.00810899958014,0.943606972694,0.480619013309,1.2351000309,1.0,1.0,0.0,0.0,0.0,
4057,0,"Creature\ShivanPriestessfire\ShivanPriestessfire.mdx",1,1.0,2,7,18.0,12.0,1.0,,0,0,2226,0.0,0.0,0.0,-0.805181980133,-2.71210002899,-0.00421100016683,1.68404996395,2.48816990852,5.3120598793,1.0,1.0,0.0,0.0,0.0,
4058,0,"Creature\ShivanPriestessfel\ShivanPriestessfel.mdx",1,1.0,2,7,18.0,12.0,1.0,,0,0,2226,0.0,0.0,0.0,-0.805181980133,-2.71210002899,-0.00421100016683,1.68404996395,2.48816990852,5.3120598793,1.0,1.0,0.0,0.0,0.0,
4059,0,"Creature\WarHorse\Paladinwarhorse_slow.mdx",2,1.0,1,6,16.0,10.0,1.0,,0,10,65,0.611100018024,2.03099989891,1.86572003365,-1.95297002792,-0.464978992939,-0.0215329993516,2.04042005539,0.490534991026,2.54026007652,1.0,1.0,0.0,0.0,0.0,
4072,3,"WORLD\EXPANSION04\DOODADS\PANDAREN\BALANCEPOST\PA_BALANCE_POST_02.M2",1,1.0,3,4,18.0,12.0,1.0,,0,0,1608,0.627762019634,2.11575007439,0.0,0.0,0.0,0.0,0.0,0.0,0.0,1.0,1.0,0.0,0.0,0.0,
4093,12288,"WORLD\EXPANSION04\DOODADS\PANDAREN\CART\PA_CART_01_VEHICLE.M2",0,1.0,3,4,18.0,12.0,1.0,,0,0,4014,0.611111998558,2.03128004074,1.31734001637,0.0,0.0,0.0,0.0,0.0,0.0,1.0,1.0,0.0,0.0,0.0,
4097,12291,"CREATURE\HOTAIRBALLOON_VEHICLE\PA_HOTAIRBALLOON_VEHICLE.M2",0,1.0,3,4,18.0,12.0,1.0,,0,0,4167,0.611111998558,2.03128004074,0.0,-12.5629997253,-12.55189991,-0.370003014803,12.9708003998,12.9819002151,27.4393005371,1.0,1.0,0.0,0.0,0.0,
4110,12290,"SPELLS\SHADOWMISSILE.M2",1,1.0,1,5,18.0,12.0,1.0,,0,10,0,0.0,0.0,0.0,0.0,0.0,0.0,0.0,0.0,0.0,1.0,1.0,0.0,0.0,0.0,
4184,12352,"WORLD\EXPANSION04\DOODADS\PANDAREN\WOOD\STACKOFWOOD.M2",0,1.0,3,4,18.0,12.0,1.0,,0,0,0,1.08474004269,1.68105995655,0.0,0.0,0.0,0.0,0.0,0.0,0.0,1.0,1.0,0.0,0.0,0.0,
4187,4096,"CREATURE\YAK\YAK.M2",1,1.0,1,6,18.0,12.0,1.0,,0,0,4104,0.611111998558,2.03128004074,1.30755996704,-1.39461004734,-0.776401996613,-0.015456000343,1.49496996403,0.785978019238,2.26475000381,1.0,1.0,0.0,0.0,0.0,
4220,12288,"CREATURE\WATERSPIRITSMALL\WATERSPIRITSMALL.M2",0,1.0,3,4,18.0,12.0,1.0,,0,0,4006,0.611111998558,2.03128004074,0.0,-1.18791997433,-1.70114004612,0.696227014065,1.40893995762,1.77839994431,5.95654010773,1.0,1.5,0.0,0.0,0.0,
4237,0,"CREATURE\TURTLEHEAD\TURTLEHEAD.MDX",3,1.0,3,4,18.0,12.0,1.0,,0,12,0,0.611111998558,2.03128004074,0.0,-131.531005859,-290.093994141,-3.27258992195,473.860992432,292.621002197,365.608001709,1.0,1.0,0.0,0.0,0.0,
4239,4096,"CREATURE\FIRESPIRITSMALL\FIRESPIRITSMALLLESSER.M2",0,1.0,3,4,18.0,12.0,1.0,,0,0,4005,0.611111998558,2.03128004074,0.0,-1.25434994698,-1.51236999035,0.696227014065,1.27613997459,1.63797998428,5.80258989334,1.0,1.5,0.0,0.0,0.0,
4241,12352,"WORLD\EXPANSION04\DOODADS\PANDAREN\WALKINGSTICK\PA_WALKINGSTICK_BLOSSOMANIM_01.M2",0,1.0,3,4,18.0,12.0,1.0,,0,0,0,0.558906972408,3.78287005424,0.0,-0.373279988766,-0.444516003132,-0.208593994379,0.302875995636,1.01830995083,3.55946993828,1.0,1.0,0.0,0.0,0.0,
4286,4096,"CREATURE\EARTHSPIRITSMALL\EARTHSPIRITSMALL.M2",0,1.0,3,4,18.0,12.0,1.0,,0,0,4119,0.611111998558,2.03128004074,0.0,-1.23883998394,-1.7906999588,0.0134560000151,1.42050004005,1.86283004284,5.31243991852,1.0,1.5,0.0,0.0,0.0,
4337,4096,"CREATURE\AIRSPIRITSMALL\AIRSPIRITSMALL.MDX",0,1.0,3,4,18.0,12.0,1.0,,0,0,4144,0.0,2.0,0.0,0.0,-1.0,0.0,1.0,1.0,5.0,1.0,1.0,0.0,0.0,0.0,
4415,4112,"CREATURE\SIBERIANTIGERGOD\SIBERIANTIGERGOD.M2",1,1.0,1,7,18.0,12.0,1.0,,0,0,4196,0.611111998558,2.03128004074,1.24136996269,-2.57098007202,-0.718580007553,-0.0287660006434,1.09616005421,0.605535984039,1.62942004204,1.0,1.0,0.0,0.0,0.0,
4536,12371,"SPELLS\MONK_SERPENTSTATUE_STATE_BASE.M2",1,1.0,3,4,18.0,12.0,1.0,,0,0,4147,0.0,0.0,0.0,0.0,0.0,0.0,0.0,0.0,0.0,1.0,1.0,0.0,0.0,0.0,
4537,12371,"SPELLS\MONK_OXSTATUE_STATE_BASE.M2",1,1.0,3,4,18.0,12.0,1.0,,0,0,4147,0.0,0.0,0.0,0.0,0.0,0.0,0.0,0.0,0.0,1.0,1.0,0.0,0.0,0.0,
4587,12299,"WORLD\EXPANSION03\DOODADS\GENERIC\CLICKABLE_BOX.M2",0,1.0,3,4,18.0,12.0,1.0,,0,0,2844,0.611199975014,2.03099989891,0.0,0.0,0.0,0.0,0.0,0.0,0.0,1.0,1.0,0.0,0.0,0.0,
4620,0,"CREATURE\PANDARENMALEKID_BASIC\PANDARENMALEKID_BASIC.M2",0,1.0,1,1,7.0,6.0,1.0,,0,0,4012,0.611111998558,2.03128004074,0.0,-0.297778010368,-0.462235987186,-9.20000020415e-005,0.229525998235,0.46200799942,1.36840999126,1.0,1.0,0.0,0.0,0.0,
4817,0,"CREATURE\PANDARENFEMALEKID\PANDARENFEMALEKID.M2",0,1.0,1,1,7.0,6.0,1.0,,0,0,4229,0.611111998558,2.03128004074,0.0,-0.296382009983,-0.461681008339,-9.20000020415e-005,0.26529699564,0.461439013481,1.47572004795,1.0,1.0,0.0,0.0,0.0,
4835,4112,"CREATURE\MONK_XUEN_LOW\MONK_XUEN_LOW.M2",1,1.0,1,7,18.0,12.0,1.0,,0,0,4093,0.611111998558,2.03128004074,1.24136996269,-2.56152009964,-0.708045005798,-0.0190799999982,1.08563995361,0.605535984039,1.62942004204,1.0,1.0,0.0,0.0,0.0,
4867,0,"CREATURE\PANDARENMALEKID\PANDARENMALEKID.M2",0,1.0,1,1,7.0,6.0,1.0,,0,0,4012,0.611111998558,2.03128004074,0.0,-0.293184012175,-0.460408985615,-9.20000020415e-005,0.234015002847,0.460135996342,1.5353499651,1.0,1.0,0.0,0.0,0.0,
5415,4096,"CREATURE\TIGERGODCUB\TIGERGODCUB.M2",0,1.0,3,0,0.0,0.0,1.0,,0,0,4503,0.611111998558,2.03128004074,1.24136996269,-2.50001001358,-0.6871920228,-0.130079001188,1.09391999245,0.74526900053,1.89876997471,1.0,1.0,0.0,0.0,0.0,
6000,2052,"Character\Human\Male\HumanMale.mdx",1,1.0,1,1,12.0,10.0,1.0,,0,0,49,0.611100018024,2.03099989891,1.03618001938,-0.576728999615,-0.544345021248,-0.000693999987561,0.368137001991,0.535902023315,2.12919998169,1.0,1.0,0.0,0.0,0.0,
6001,2052,"Character\Human\Female\HumanFemale.mdx",1,1.0,1,1,12.0,10.0,1.0,,0,0,50,0.416700005531,1.9129999876,1.00264000893,-0.487307012081,-0.359981000423,-0.00222299993038,0.275954991579,0.370420992374,1.92492997646,1.0,1.0,0.0,0.0,0.0,
6002,2052,"Character\Orc\Male\OrcMale.mdx",1,1.0,1,1,14.0,14.0,1.0,,0,0,51,0.611100018024,2.03099989891,1.11705005169,-0.725005984306,-0.874448001385,-0.0069539998658,0.744108974934,0.853354990482,2.36011004448,1.0,1.0,0.0,0.0,0.0,
6003,2052,"Character\Orc\Female\OrcFemale.mdx",1,1.0,1,1,12.0,11.0,1.0,,0,0,52,0.472200006247,2.05100011826,1.1119300127,-0.735899984837,-0.524626016617,-0.00706000020728,0.303434997797,0.525658011436,2.14830994606,1.0,1.0,0.0,0.0,0.0,
6004,2052,"Character\Dwarf\Male\DwarfMale.mdx",1,1.0,1,1,12.0,10.0,1.0,,0,0,53,0.611100018024,1.60699999332,0.724923014641,-0.599128007889,-0.640794992447,-0.0208710003644,0.400750011206,0.607325017452,1.5969799757,1.0,1.0,0.0,0.0,0.0,
6005,2052,"Character\Dwarf\Female\DwarfFemale.mdx",1,1.0,1,1,12.0,10.0,1.0,,0,0,54,0.444400012493,1.52799999714,0.680555999279,-0.490619987249,-0.466365993023,-0.00117599999066,0.258298009634,0.471601009369,1.51391005516,1.0,1.0,0.0,0.0,0.0,
6006,2052,"Character\NightElf\Male\NightElfMale.mdx",1,1.0,1,1,12.0,10.0,1.0,,0,0,55,0.777800023556,2.43799996376,1.30095005035,-0.700577974319,-0.61655497551,-0.00444199983031,0.303063988686,0.637018978596,2.59489011765,1.0,1.0,0.0,0.0,0.0,
6007,2052,"Character\NightElf\Female\NightElfFemale.mdx",1,1.0,1,1,12.0,10.0,1.0,,0,0,56,0.555599987507,2.25,1.33474004269,-0.651853978634,-0.388226985931,0.00130300002638,0.342884004116,0.590198993683,2.27000999451,1.0,1.0,0.0,0.0,0.0,
6008,2052,"Character\Scourge\Male\ScourgeMale.mdx",1,1.0,2,1,12.0,10.0,1.0,,0,0,57,0.694400012493,1.86099994183,1.07824003696,-0.825213015079,-0.58253800869,-0.0111600002274,0.384066998959,0.463535010815,2.10123991966,1.0,1.0,0.0,0.0,0.0,
6009,2052,"Character\Scourge\Female\ScourgeFemale.mdx",1,1.0,2,1,12.0,10.0,1.0,,0,0,58,0.416700005531,1.84399998188,0.985520005226,-0.507692992687,-0.441341996193,-0.0106929996982,0.412560999393,0.431282013655,2.05485010147,1.0,1.0,0.0,0.0,0.0,
6010,2052,"Character\Tauren\Male\TaurenMale.mdx",1,1.0,1,3,22.0,16.0,2.0,,0,0,59,0.590300023556,1.65299999714,0.98721498251,-1.0707000494,-0.868183970451,-0.0109329996631,0.987775981426,0.858507990837,2.24871993065,1.0,1.0,0.0,0.0,0.0,
6011,2052,"Character\Tauren\Female\TaurenFemale.mdx",1,1.25,1,3,20.0,14.0,2.0,,0,0,60,0.666700005531,2.11100006104,1.02330994606,-0.818678975105,-0.663842022419,-0.00380300008692,0.540947973728,0.663842022419,2.2335100174,1.0,1.0,0.0,0.0,0.0,
6012,2052,"Character\BloodElf\Male\BloodElfMale.mdx",1,1.0,1,1,12.0,10.0,1.0,,0,0,2155,0.611100018024,2.03099989891,1.16612994671,-0.640332996845,-0.480390995741,-0.00597199983895,0.370373994112,0.43721601367,2.22950005531,1.0,1.0,0.0,0.0,0.0,
6013,2052,"Character\BloodElf\Female\BloodElfFemale.mdx",1,1.0,1,1,12.0,10.0,1.0,,0,0,2156,0.611100018024,2.03099989891,1.15801000595,-0.500903010368,-0.377718001604,-0.000381999998353,0.352957993746,0.316758990288,2.01375007629,1.0,1.0,0.0,0.0,0.0,
6014,2052,"Character\Gnome\Male\GnomeMale.mdx",1,1.0,1,1,12.0,10.0,1.0,,0,0,294,0.694400012493,1.05599999428,0.410098999739,-0.456634998322,-0.39098200202,-0.00359799992293,0.315270006657,0.40138399601,1.30228996277,1.0,1.0,0.0,0.0,0.0,
6015,2052,"Character\Gnome\Female\GnomeFemale.mdx",1,1.0,1,1,12.0,10.0,1.0,,0,0,295,0.694400012493,1.05599999428,0.385455995798,-0.437712997198,-0.31755399704,-0.00610300013795,0.177019998431,0.314671009779,1.14935004711,1.0,1.0,0.0,0.0,0.0,
6016,2052,"Character\Troll\Male\TrollMale.mdx",1,1.0,1,1,12.0,10.0,1.0,,0,0,296,0.611100018024,2.03099989891,1.50425004959,-0.958702981472,-0.666761994362,0.00614400021732,0.90244102478,0.732731997967,2.63228988647,1.0,1.0,0.0,0.0,0.0,
6017,2052,"Character\Troll\Female\TrollFemale.mdx",1,1.0,1,1,12.0,10.0,1.0,,0,0,297,0.612999975681,2.42700004578,1.25,-0.719771027565,-0.572893977165,0.000944000028539,0.283596009016,0.439305990934,2.67497992516,1.0,1.0,0.0,0.0,0.0,
6018,2052,"Character\Draenei\Male\DraeneiMale.mdx",1,1.0,4,3,22.0,16.0,2.0,,0,0,2153,0.866500020027,2.54099988937,1.37602996826,-1.24909996986,-0.808191001415,0.000836000021081,0.594403028488,0.758364021778,2.69475007057,1.0,1.0,0.0,0.0,0.0,
6019,2052,"Character\Draenei\Female\DraeneiFemale.mdx",1,1.0,4,3,10.0,10.0,1.0,,0,0,2154,0.711399972439,2.46399998665,1.28673005104,-0.971180975437,-0.530313014984,-0.013356000185,0.36566901207,0.599041998386,2.52494001389,1.0,1.0,0.0,0.0,0.0,
8002,4,"CHARACTER\Pandaren\Male\PandaMale.mdx",0,1.0,1,1,12.0,12.0,1.0,,0,0,2281,0.611100018024,2.03099989891,0.0,-1.6484400034,-1.10390996933,-0.0452289991081,0.800144970417,1.11418998241,2.81539011002,1.0,1.0,0.0,0.0,0.0,
8003,4,"CHARACTER\Pandaren\Female\PandaFemale.mdx",0,1.0,1,1,12.0,12.0,1.0,,0,0,2282,0.611100018024,2.03099989891,0.0,-1.80627000332,-0.73834002018,-0.020101999864,0.602764010429,0.747193992138,2.83435988426,1.0,1.0,0.0,0.0,0.0,
8004,4,"CHARACTER\Pandaren\Male\PandaMale.mdx",0,1.0,1,1,0.0,0.0,0.0,,0,0,2285,0.611100018024,2.03099989891,0.98721498251,-1.37600004673,-0.828456997871,-0.00382300000638,0.638890028,0.829370975494,2.47966003418,1.0,1.0,0.0,0.0,0.0,
8005,4,"CHARACTER\Pandaren\Female\PandaFemale.mdx",0,1.0,1,1,0.0,0.0,0.0,,0,0,2286,0.666700005531,2.11100006104,0.0,-0.755765020847,-0.704946994781,-0.000734000001103,0.33082100749,0.704946994781,2.14553999901,1.0,1.0,0.0,0.0,0.0,
9027,0,"Creature\bwonsamdi\bwonsamdi.mdx",0,1.0,3,1,0.0,0.0,1.0,,0,0,0,0.0,0.0,0.0,0.0,0.0,0.0,0.0,0.0,0.0,1.0,1.0,0.0,0.0,0.0,
11043,2052,"creature\felcordana\felcordana.mdx",1,1.0,1,1,12.0,10.0,1.0,,0,0,56,0.555599987507,2.25,1.33474004269,-0.651853978634,-0.388226985931,0.00130300002638,0.342884004116,0.590198993683,2.27000999451,1.0,1.0,0.0,0.0,0.0,
11059,0,"Creature\werebear\werebear.mdx",1,1.0,1,7,18.0,12.0,1.0,,0,0,83,0.611100018024,2.03099989891,1.76146996021,-1.65758001804,-0.925305008888,-0.058708999306,1.68136000633,0.867245972157,1.84332001209,1.0,1.0,0.0,0.0,0.0,
11060,0,"Creature\druidbear2\druidbear2.mdx",1,1.0,1,7,18.0,12.0,1.0,,0,0,83,0.611100018024,2.03099989891,1.76146996021,-1.65758001804,-0.925305008888,-0.058708999306,1.68136000633,0.867245972157,1.84332001209,1.0,1.0,0.0,0.0,0.0,
11061,0,"Creature\druidbear2\druidbear2_artifact1.mdx",1,1.0,1,7,18.0,12.0,1.0,,0,0,83,0.611100018024,2.03099989891,1.76146996021,-1.65758001804,-0.925305008888,-0.058708999306,1.68136000633,0.867245972157,1.84332001209,1.0,1.0,0.0,0.0,0.0,
11062,0,"Creature\druidbear2\druidbear2_artifact2.mdx",1,1.0,1,7,18.0,12.0,1.0,,0,0,83,0.611100018024,2.03099989891,1.76146996021,-1.65758001804,-0.925305008888,-0.058708999306,1.68136000633,0.867245972157,1.84332001209,1.0,1.0,0.0,0.0,0.0,
11063,0,"Creature\druidbear2\druidbear2_artifact3.mdx",1,1.0,1,7,18.0,12.0,1.0,,0,0,83,0.611100018024,2.03099989891,1.76146996021,-1.65758001804,-0.925305008888,-0.058708999306,1.68136000633,0.867245972157,1.84332001209,1.0,1.0,0.0,0.0,0.0,
11064,0,"Creature\druidbear2\druidbear2_artifact4.mdx",1,1.0,1,7,18.0,12.0,1.0,,0,0,83,0.611100018024,2.03099989891,1.76146996021,-1.65758001804,-0.925305008888,-0.058708999306,1.68136000633,0.867245972157,1.84332001209,1.0,1.0,0.0,0.0,0.0,
11065,0,"Creature\druidbear2\druidbear2_artifact5.mdx",1,1.0,1,7,18.0,12.0,1.0,,0,0,83,0.611100018024,2.03099989891,1.76146996021,-1.65758001804,-0.925305008888,-0.058708999306,1.68136000633,0.867245972157,1.84332001209,1.0,1.0,0.0,0.0,0.0,
11066,0,"Creature\druidbear2\druidbear2_artifact6.mdx",1,1.0,1,7,18.0,12.0,1.0,,0,0,83,0.611100018024,2.03099989891,1.76146996021,-1.65758001804,-0.925305008888,-0.058708999306,1.68136000633,0.867245972157,1.84332001209,1.0,1.0,0.0,0.0,0.0,
11067,6,"Creature\druidcat2\druidcat2.mdx",1,1.0,1,7,18.0,12.0,1.0,,0,0,1088,0.611100018024,2.03099989891,1.24136996269,-2.71472001076,-0.862426996231,-0.0448729991913,1.05023002625,0.580745995045,1.47117996216,1.0,1.0,0.0,0.0,0.0,
11068,6,"Creature\druidcat2\druidcat2_artifact1.mdx",1,1.0,1,7,18.0,12.0,1.0,,0,0,1088,0.611100018024,2.03099989891,1.24136996269,-2.71472001076,-0.862426996231,-0.0448729991913,1.05023002625,0.580745995045,1.47117996216,1.0,1.0,0.0,0.0,0.0,
11069,6,"Creature\druidcat2\druidcat2_artifact2.mdx",1,1.0,1,7,18.0,12.0,1.0,,0,0,1088,0.611100018024,2.03099989891,1.24136996269,-2.71472001076,-0.862426996231,-0.0448729991913,1.05023002625,0.580745995045,1.47117996216,1.0,1.0,0.0,0.0,0.0,
11070,6,"Creature\druidcat2\druidcat2_artifact3.mdx",1,1.0,1,7,18.0,12.0,1.0,,0,0,1088,0.611100018024,2.03099989891,1.24136996269,-2.71472001076,-0.862426996231,-0.0448729991913,1.05023002625,0.580745995045,1.47117996216,1.0,1.0,0.0,0.0,0.0,
11071,6,"Creature\druidcat2\druidcat2_artifact4.mdx",1,1.0,1,7,18.0,12.0,1.0,,0,0,1088,0.611100018024,2.03099989891,1.24136996269,-2.71472001076,-0.862426996231,-0.0448729991913,1.05023002625,0.580745995045,1.47117996216,1.0,1.0,0.0,0.0,0.0,
11072,6,"Creature\druidcat2\druidcat2_artifact5.mdx",1,1.0,1,7,18.0,12.0,1.0,,0,0,1088,0.611100018024,2.03099989891,1.24136996269,-2.71472001076,-0.862426996231,-0.0448729991913,1.05023002625,0.580745995045,1.47117996216,1.0,1.0,0.0,0.0,0.0,
12311,4,"Character\Pandaren\Male\PandaMale.mdx",1,1.0,1,1,12.0,11.0,1.0,,0,0,3064,0.75,2.36100006104,1.11705005169,-0.725234985352,-0.874448001385,-0.00694399978966,0.673703014851,0.853353977203,2.29415011406,1.0,1.0,0.0,0.0,0.0,
12312,4,"Character\Pandaren\Female\PandaFemale.mdx",1,1.0,1,1,12.0,14.0,1.0,,0,0,3065,0.75,2.36100006104,1.11705005169,-0.725234985352,-0.874448001385,-0.00694399978966,0.673703014851,0.853353977203,2.29415011406,1.0,1.0,0.0,0.0,0.0,
35310,0,"Creature\pandarenmalekid_basic\pandarenmalekid_basic.mdx",0,1.0,3,1,0.0,0.0,1.0,,0,0,0,0.0,0.0,0.0,0.0,0.0,0.0,0.0,0.0,0.0,1.0,1.0,0.0,0.0,0.0,
35390,0,"Creature\crane\crane.mdx",0,1.0,3,1,0.0,0.0,1.0,,0,0,0,0.0,0.0,0.0,0.0,0.0,0.0,0.0,0.0,0.0,1.0,1.0,0.0,0.0,0.0,
35410,0,"Creature\crane\crane.mdx",0,1.0,3,1,0.0,0.0,1.0,,0,0,0,0.0,0.0,0.0,0.0,0.0,0.0,0.0,0.0,0.0,1.0,1.0,0.0,0.0,0.0,
35550,0,"Creature\forestsprite\forestsprite_low01.mdx",0,1.0,3,1,0.0,0.0,1.0,,0,0,0,0.0,0.0,0.0,0.0,0.0,0.0,0.0,0.0,0.0,1.0,1.0,0.0,0.0,0.0,
35570,0,"Creature\forestsprite\forestsprite_low01.mdx",0,1.0,3,1,0.0,0.0,1.0,,0,0,0,0.0,0.0,0.0,0.0,0.0,0.0,0.0,0.0,0.0,1.0,1.0,0.0,0.0,0.0,
35730,0,"Creature\anjiautumnlight_bake_01\anjiautumnlight_bake_01.mdx",0,1.0,3,1,0.0,0.0,1.0,,0,0,0,0.0,0.0,0.0,0.0,0.0,0.0,0.0,0.0,0.0,1.0,1.0,0.0,0.0,0.0,
35750,0,"Creature\siberiantigergod\siberiantigergod.mdx",0,1.0,3,1,0.0,0.0,1.0,,0,0,0,0.0,0.0,0.0,0.0,0.0,0.0,0.0,0.0,0.0,1.0,1.0,0.0,0.0,0.0,
38060,0,"Creature\hozu\hozumonkey_low01.mdx",0,1.0,3,1,0.0,0.0,1.0,,0,0,0,0.0,0.0,0.0,0.0,0.0,0.0,0.0,0.0,0.0,1.0,1.0,0.0,0.0,0.0,
