long,long,long,long,float,float,float,float,float,float,
141,2689,1345,17,0.0,0.0,0.0,0.0,0.0,0.0,
161,12940,4477,19,0.0,0.0,0.0,0.0,0.0,0.0,
183,12947,3669,19,0.0,0.0,-3.0,0.0,0.0,0.0,
184,12956,3306,19,0.0,0.0,0.0,0.0,0.0,0.0,
203,12972,5601,-1,5.0,0.0,0.0,0.0,0.0,0.0,
204,12972,4562,-1,2.0,0.0,0.0,0.0,0.0,0.0,
205,12972,3039,-1,8.0,0.0,0.0,0.0,0.0,0.0,
272,12913,5735,19,0.0,0.0,0.20000000298,0.0,0.0,0.0,
278,12995,5531,19,0.0,0.0,-3.0,0.0,0.0,0.0,
280,12995,5393,19,0.0,0.0,1.0,0.0,0.0,0.0,
301,12998,3105,19,0.0,0.0,-3.0,0.0,0.0,0.0,
302,12998,5055,19,0.0,0.0,1.0,0.0,0.0,0.0,
303,13001,5621,19,0.0,0.0,0.0,0.0,0.0,0.0,
306,13004,5623,19,0.0,0.0,0.5,0.0,-3.14159011841,0.0,
307,13004,5623,19,0.0,0.0,0.0,0.0,0.0,0.0,
322,13007,328,-1,0.0,0.0,-2.0,0.0,0.0,0.0,
341,13012,5626,17,0.170000001788,0.0,-0.5,0.0,-1.74532997608,3.14159011841,
361,13014,5628,17,-0.15000000596,0.0,0.25,0.0,-0.174532994628,0.0,
382,12934,5629,17,0.0,0.0,0.0,0.0,0.0,0.0,
401,13022,3736,19,0.0,0.0,0.0,0.0,0.0,0.0,
422,13022,5701,19,0.0,0.0,0.0,0.0,0.0,0.0,
443,12856,5403,1,1.0,0.0,0.0,0.0,0.0,0.0,
444,13038,5504,-1,2.0,0.0,-5.0,0.0,0.0,0.0,
445,13038,3637,-1,2.0,0.0,-5.0,0.0,0.0,0.0,
473,13048,5653,22,0.0,0.0,-0.25,0.0,0.0,0.0,
474,13048,5653,21,0.0,0.0,-0.25,0.0,0.0,0.0,
479,13050,5659,19,0.0,0.0,0.0,0.0,0.0,0.0,
480,13050,2966,19,0.0,0.0,0.0,0.0,0.0,0.0,
481,13050,5656,19,0.0,0.0,0.0,0.0,0.0,0.0,
482,13050,5658,19,0.0,0.0,0.0,0.0,0.0,0.0,
483,13050,5657,19,0.0,0.0,0.0,0.0,0.0,0.0,
501,13061,5665,-1,0.0,0.0,0.0,0.0,0.349065989256,0.0,
521,13063,4295,19,2.0,0.0,1.0,0.0,0.0,0.0,
522,13065,5668,19,2.0,0.0,0.0,0.0,0.0,0.0,
541,13080,3663,21,0.0,-0.15000000596,0.0,0.0,1.57079994678,0.0,
542,13080,3663,22,0.0,0.15000000596,0.0,0.0,1.57079994678,0.0,
561,13092,5690,17,0.0,0.0,0.0,0.0,-1.57079994678,0.0,
562,13092,5690,17,0.0,0.0,0.0,0.0,-1.57079994678,0.0,
581,11124,1862,22,0.0,0.0,0.0,0.0,0.0,0.0,
582,13096,5693,17,0.75,0.0,0.0,0.0,0.0,0.0,
583,13097,5694,40,0.0,0.0,0.0,0.0,0.0,0.0,
609,13122,5700,21,-0.34999999404,0.0,0.0,0.0,-1.57079994678,0.0,
611,13122,5700,21,0.0,0.0,0.0,0.0,-1.57079994678,0.0,
612,13122,5700,22,0.0,0.0,0.0,0.0,-1.57079994678,0.0,
613,13122,5700,22,-0.34999999404,0.0,0.0,0.0,-1.57079994678,0.0,
615,13106,4877,19,0.0,0.0,5.0,0.0,0.0,0.0,
617,13107,5693,19,2.0,0.0,3.0,0.0,0.174532994628,0.0,
621,13125,5700,21,0.0,0.0,0.0,0.0,0.0,0.0,
622,13125,5700,21,0.0,0.0,0.0,0.0,0.0,0.0,
623,13125,5700,21,0.0,0.0,0.0,0.0,0.0,0.0,
701,13155,4223,19,5.0,0.0,0.0,0.0,0.0,0.0,
702,13155,4832,-1,10.0,0.0,0.0,0.0,0.0,0.0,
703,13156,4876,19,0.0,0.0,0.0,0.0,0.0,0.0,
741,13170,5729,-1,0.0,0.0,0.0,0.0,0.349065989256,0.0,
762,12913,5735,19,0.0,0.0,0.20000000298,0.0,0.0,0.0,
763,12912,5733,19,0.0,0.0,0.20000000298,0.0,0.0,0.0,
764,12912,5733,19,0.0,0.0,0.20000000298,0.0,3.14159011841,0.0,
781,13179,5738,-1,0.0,0.0,0.0,0.0,2.00712990761,0.0,
801,13183,5744,34,0.0,0.0,0.0,0.0,3.14159011841,0.0,
802,13184,5744,22,0.34999999404,0.0,0.0,0.0,3.14159011841,0.0,
830,13189,3046,34,0.0,4.0,-3.0,0.0,0.0,0.0,
833,13189,3046,34,0.0,4.0,-3.0,0.0,0.0,0.0,
834,13189,3046,34,0.0,4.0,-3.0,0.0,0.0,0.0,
835,13189,3046,34,0.0,4.0,-3.0,0.0,0.0,0.0,
836,13189,3046,34,0.0,4.0,-3.0,0.0,0.0,0.0,
841,13202,1015,19,0.0,0.0,0.0,0.0,0.0,0.0,
842,13210,5758,19,0.0,0.0,0.0,0.0,0.0,0.0,
843,13205,5759,19,0.0,0.0,0.0,0.0,0.0,0.0,
844,13209,5763,19,0.0,0.0,0.0,0.0,0.0,0.0,
845,13203,4895,19,0.0,0.0,0.0,0.0,0.0,0.0,
861,13215,5765,19,0.0,0.0,0.0,0.0,0.0,0.0,
881,13216,5766,34,0.0,0.0,0.0,0.0,0.0,0.0,
901,12929,5585,19,-0.5,0.0,0.5,0.0,0.0,0.0,
902,12929,5585,19,-0.5,0.0,0.0,0.0,0.0,0.0,
921,13215,4147,19,0.0,0.0,0.0,0.0,0.0,0.0,
945,13228,3693,-1,0.0,3.0,0.0,0.0,0.0,0.0,
946,13228,3693,-1,0.0,-3.0,0.0,0.0,0.0,0.0,
947,13228,3693,-1,3.0,0.0,0.0,0.0,0.0,0.0,
948,13228,3693,-1,-3.0,0.0,0.0,0.0,0.0,0.0,
981,13244,4127,19,0.0,0.0,0.0,0.0,0.0,0.0,
1001,13261,4666,2,0.0500000007451,0.0,0.20000000298,0.0,0.0,0.0,
1003,13261,4666,1,0.0500000007451,0.15000000596,0.15000000596,0.0,0.0,0.0,
1004,13261,4666,17,0.0,0.0,0.10000000149,0.0,0.0,0.0,
1022,13261,4572,9,0.25,0.300000011921,0.0,0.0,0.436331987381,0.0,
1061,1027,625,21,0.0,0.0,0.0,0.0,0.0,0.0,
1081,12598,5523,19,2.0,0.0,0.0,0.0,0.0,0.0,
1101,13286,6799,19,0.0,0.0,0.0,0.0,1.57079994678,0.0,
1121,12946,5813,19,0.0,0.0,0.5,0.0,0.0,0.0,
1122,12944,5815,19,0.0,0.0,0.0,0.0,0.0,0.0,
1124,12944,5815,19,0.0,0.0,0.0,0.0,0.0,0.0,
1129,12944,5815,19,0.0,0.0,0.0,0.0,0.0,0.0,
1133,12946,5816,19,0.0,0.0,0.0,0.0,0.0,0.0,
1134,13299,3489,19,0.0,0.0,-2.40000009537,0.0,0.0,0.0,
1141,13301,1345,21,0.0,0.0,-0.300000011921,0.0,1.57079994678,0.0,
1161,13317,5277,47,0.0,0.0,0.0,0.0,0.0,0.0,
1162,13317,5277,48,0.0,0.0,0.0,0.0,0.0,0.0,
1181,13318,4409,19,0.0,0.0,0.0,0.0,1.30900001526,0.0,
1223,13322,5492,-1,0.0,0.0,0.0,0.0,0.0,0.0,
1224,13322,5492,-1,0.0,0.0,0.0,1.57079994678,0.0,0.0,
1225,13322,5492,-1,0.0,0.0,0.0,3.14159011841,0.0,0.0,
1226,13322,5492,-1,0.0,0.0,0.0,4.71238994598,0.0,0.0,
1227,13322,5492,-1,0.0,0.0,0.0,0.785398006439,0.0,0.0,
1228,13322,5492,-1,0.0,0.0,0.0,2.3561899662,0.0,0.0,
1229,13322,5492,-1,0.0,0.0,0.0,3.9269900322,0.0,0.0,
1230,13322,5492,-1,0.0,0.0,0.0,5.49778985977,0.0,0.0,
1241,13324,5043,34,0.0,0.0,0.0,0.0,-1.57079994678,0.0,
1261,13334,3075,34,0.0,0.0,0.0,0.0,0.0,0.0,
1262,13335,5829,17,0.0,0.0,0.0,0.0,0.0,0.0,
1321,13353,6127,16,0.0500000007451,0.0,-0.600000023842,0.0,-1.57079994678,0.0,
1322,13354,5837,34,-0.5,0.0,-0.600000023842,0.0,0.0,0.0,
1341,13360,5838,17,-0.34999999404,0.0,0.40000000596,0.0,-0.349065989256,0.0,
1361,13361,6440,16,-1.0,0.0,2.40000009537,0.0,-1.57079994678,0.0,
1362,13362,5845,39,0.0,0.0,-0.20000000298,0.0,0.0,0.0,
1363,13363,5840,16,0.0,-1.0,2.5,0.0,0.0,0.0,
1364,4849,389,17,1.0,0.0,0.0,0.0,0.0,1.57079994678,
1365,4849,389,17,1.0,0.0,0.0,0.0,0.0,4.71238994598,
1366,4849,3902,23,0.75,0.0,0.5,0.0,0.0,0.0,
1367,13364,5842,23,0.0,0.0,0.0,0.0,0.61086499691,0.0,
1381,13364,5842,23,0.0,0.0,0.0,0.0,0.61086499691,0.0,
1382,13361,6441,16,2.0,0.0,0.0,-1.57079994678,0.0,0.0,
1383,13361,6440,16,-2.0,-1.0,2.5,0.0,1.57079994678,0.0,
1384,13361,6440,16,-3.0,-1.0,4.0,0.0,-1.39626002312,0.0,
1386,13361,6440,16,-1.0,1.0,3.40000009537,0.0,-1.57079994678,0.0,
1401,13374,3891,23,0.0,0.0,0.0,0.0,0.0,0.0,
1402,13375,5842,23,0.0,0.0,0.0,0.0,0.349065989256,0.0,
1403,4909,1643,19,0.0,0.0,0.0,0.0,0.523599028587,0.0,
1404,13377,4251,34,10.0,0.0,0.0,0.0,1.57079994678,0.0,
1444,13388,5852,19,1.0,0.0,-5.0,0.0,0.0,0.0,
1445,13388,5852,19,0.0,0.0,-5.0,0.0,0.0,0.0,
1446,13388,5852,19,3.0,0.0,-6.0,0.0,0.0,0.0,
1461,13391,5856,19,0.0,0.0,0.0,0.0,0.0,0.0,
1462,13392,5857,19,0.0,0.0,0.0,0.0,0.0,0.0,
1463,13393,5859,21,0.0,0.0,0.0,0.698131978512,0.0,0.0,
1464,13393,3902,21,0.0,0.0,0.0,0.0,0.0,0.0,
1465,13394,5858,22,1.0,0.0,0.0,0.0,0.0,0.0,
1486,13407,5867,19,0.0,0.0,0.0,3.14159011841,0.0,0.0,
1487,13408,5866,19,0.0,0.0,0.0,0.0,0.0,0.0,
1493,13407,5867,19,0.0,0.0,0.0,0.0,0.0,0.0,
1494,13409,2663,34,0.0,0.0,0.0,0.0,0.0,0.0,
1495,13409,214,34,0.0,0.0,0.0,0.0,0.0,0.0,
1501,13411,5872,1,2.0,0.10000000149,0.0,0.0,0.0,0.0,
1502,13414,3408,1,2.0,0.10000000149,0.0,0.0,0.0,0.0,
1521,13402,5873,22,-0.300000011921,0.0,0.0,0.0,1.57079994678,0.0,
1522,13402,5532,22,0.0,0.0,0.0,0.0,0.0,0.0,
1523,13412,5137,17,0.0,0.0,0.0,0.0,0.0,0.0,
1524,13412,5875,17,-0.25,0.0,-0.10000000149,0.0,0.0,0.0,
1525,13420,5876,34,0.0,0.0,0.0,0.0,0.0,0.0,
1541,13424,1054,34,0.0,0.0,0.0,0.0,0.0,0.0,
1563,13378,5882,17,0.0,0.0,0.0,0.0,-0.401425987482,0.0,
1564,13378,5882,17,0.0,0.0,0.0,0.0,-0.436331987381,0.0,
1565,13378,5882,17,0.0,0.0,0.0,0.0,-0.401425987482,0.0,
1566,13378,5882,17,0.0,0.0,0.0,0.0,-0.383971989155,0.0,
1581,13430,5895,34,0.0,0.0,0.0,0.0,1.57079994678,0.0,
1582,13431,127,34,0.0,0.0,0.0,0.0,0.0,0.0,
1583,13432,5886,34,0.0,0.0,0.0,0.0,0.0,0.0,
1622,13434,3993,19,0.0,0.0,0.0,0.0,0.0,0.0,
1641,13437,5277,47,0.0,0.0,0.0,0.0,0.0,0.0,
1642,13437,5277,48,0.0,0.0,0.0,0.0,0.0,0.0,
1681,13447,5892,19,0.0,0.0,0.0,0.0,0.0,0.0,
1701,13451,3767,23,0.0,0.0,0.0,0.0,0.523599028587,0.0,
1702,13452,6085,19,0.0,0.0,0.0,0.0,0.0,0.0,
1703,13453,6086,19,0.0,0.0,0.0,0.0,0.0,0.0,
1704,13457,3731,19,0.0,0.0,0.0,0.0,0.0,0.0,
1705,13458,3394,19,0.0,0.0,0.0,0.0,0.0,0.0,
1709,13442,6124,19,0.0,0.0,0.0,0.0,0.0,0.0,
1743,13472,6177,17,0.0,0.0,0.0,0.0,-0.785398006439,0.0,
1747,13473,5900,19,0.0,0.0,0.0,0.0,0.0,0.0,
1752,13472,6238,34,-3.0,-3.0,3.0,-2.09438991547,-1.04719996452,0.0,
1753,13473,5901,19,0.0,0.0,0.0,0.0,0.0,0.0,
1754,13472,6238,34,-4.0,0.0,-6.0,0.0,0.785398006439,0.0,
1756,13481,6135,16,0.0500000007451,0.0,-0.600000023842,0.0,-1.57079994678,0.0,
1761,13482,5905,19,0.0,0.0,-2.0,0.0,0.0,0.0,
1801,13489,5433,-1,0.0,0.0,1.0,0.0,0.0,0.0,
1821,13498,5911,19,0.0,0.0,0.0,0.0,0.0,0.0,
1901,13417,5912,-1,0.25,0.0,2.0,0.0,0.0,0.0,
1921,13511,5915,21,0.0,0.0,0.0,0.0,0.0,0.0,
1922,13511,5915,22,0.0,0.0,0.0,0.0,0.0,0.0,
1923,13511,3902,21,0.0,0.0,0.0,0.0,0.0,0.0,
1924,13511,3902,22,0.0,0.0,0.0,0.0,0.0,0.0,
1925,13511,4010,19,0.0,0.0,0.0,0.0,0.0,0.0,
1926,13511,3920,19,0.0,0.0,0.0,0.0,0.0,0.0,
1927,13512,5916,-1,0.0,0.0,0.0,0.0,0.0,0.0,
1941,13515,5917,22,0.0,-0.0500000007451,-0.070000000298,0.0,2.26892995834,1.04719996452,
1942,13516,5612,19,1.0,0.20000000298,0.899999976158,0.0,0.0,0.0,
1961,13520,389,-1,1.0,0.0,0.0,0.0,0.0,0.0,
1981,13525,4889,34,0.0,0.0,0.0,0.0,0.0,0.0,
2003,13529,5923,19,0.0,0.0,-4.0,0.0,0.0,0.0,
2041,13532,4828,1,1.20000004768,0.10000000149,0.0,0.0,0.0,0.0,
2042,13503,5925,34,0.0,0.0,0.5,0.0,0.0,0.0,
2081,13550,6064,38,0.699999988079,0.0,0.0,0.0,0.0,0.0,
2121,13555,5896,16,0.0,0.40000000596,0.0,1.57079994678,3.14159011841,-1.57079994678,
2122,13556,5837,16,0.300000011921,0.40000000596,0.0,1.57079994678,3.14159011841,-1.57079994678,
2141,13378,5882,17,0.0,0.0,0.0,0.0,-0.383971989155,0.0,
2142,13378,5882,17,0.0,0.0,0.0,0.0,-0.383971989155,0.0,
2143,13562,5950,16,0.20000000298,0.0,-1.10000002384,0.0,0.0,0.0,
2146,13278,5952,1,0.0,0.0,0.0,0.0,0.0,0.0,
2147,13278,5802,1,1.0,0.0,0.0,0.0,0.0,0.0,
2161,13576,621,34,0.0,0.0,0.25,0.0,0.0,0.0,
2162,13576,621,34,0.0,0.0,-0.25,0.0,0.0,0.0,
2163,13577,4410,19,0.0,0.0,-0.20000000298,0.0,0.0,0.0,
2181,13580,5962,19,0.0,0.0,-6.5,0.0,0.0,0.0,
2182,11628,4924,19,0.0,0.0,5.0,0.0,-1.57079994678,0.0,
2183,11630,5963,19,0.0,0.0,3.0,0.0,-1.57097005844,0.0,
2184,13582,5968,-1,0.0,0.0,-12.0,0.0,0.0,0.0,
2185,13582,4018,-1,0.5,0.0,0.0,0.0,0.0,0.0,
2186,13583,5968,-1,0.0,0.0,-5.0,0.0,0.0,0.0,
2188,13585,4031,-1,0.0,0.0,0.0,0.0,0.0,0.0,
2189,13584,5971,19,0.0,0.0,0.0,0.0,0.0,0.0,
2204,13577,4410,19,0.0,0.0,0.20000000298,0.0,0.0,0.0,
2205,13577,4410,19,0.0,0.0,0.0,0.0,0.0,0.0,
2207,13590,1303,-1,6.0,0.0,2.0,0.0,1.57079994678,0.0,
2221,13591,3913,17,0.0,0.0,-1.0,0.0,0.0,0.0,
2241,13593,5980,28,-0.40000000596,0.0,0.0,1.57079994678,0.0,-1.48353004456,
2293,13594,5983,19,0.0,0.0,0.0,0.0,0.0,0.0,
2301,13597,5986,19,0.0,0.0,-5.0,0.0,0.0,0.0,
2302,13599,5988,-1,0.0,0.0,0.0,0.0,0.0,0.0,
2303,13599,5988,-1,0.0,-15.0,0.0,0.0,0.0,0.0,
2304,13599,5988,-1,0.0,15.0,0.0,0.0,0.0,0.0,
2321,13602,5968,19,0.0,0.0,-10.0,0.0,0.0,0.0,
2322,13602,5235,34,0.0,0.0,0.0,0.0,0.0,0.0,
2323,13602,5994,19,0.0,0.0,1.0,0.0,0.0,0.0,
2324,13603,5993,19,0.0,0.0,0.0,0.0,0.785398006439,0.0,
2341,13605,5995,22,0.0,-0.10000000149,0.0,3.14159011841,3.9269900322,0.0,
2342,13606,5995,22,0.0,-0.10000000149,0.0,3.14159011841,3.9269900322,0.0,
2361,13610,5199,38,0.0,0.0,0.0,0.0,0.0,0.0,
2362,13611,5199,38,0.0,0.0,0.0,0.0,0.0,0.0,
2421,13499,6001,19,0.0,0.0,0.0,0.0,0.0,0.0,
2441,13499,6001,19,0.0,0.0,0.0,0.0,0.0,0.0,
2461,13637,4493,34,0.0,0.0,-1.29999995232,0.0,0.0,0.0,
2462,13638,6004,19,-0.5,-0.20000000298,0.0,0.0,0.0,0.0,
2463,13631,6003,19,0.0,0.0,-2.0,0.0,0.0,0.0,
2481,13653,5980,28,-0.40000000596,0.0,0.0,1.57079994678,0.0,-0.785398006439,
2482,13653,5980,28,-0.40000000596,0.0,0.0,1.57079994678,0.0,-2.09438991547,
2502,13659,6031,-1,3.0,0.0,0.0,0.0,-0.523599028587,0.0,
2503,13659,6031,-1,3.0,0.0,0.0,0.0,0.0,0.523599028587,
2504,13659,6031,-1,3.0,0.0,0.0,0.0,0.0,0.0,
2505,13659,6031,-1,3.0,0.0,0.0,0.0,0.523599028587,0.0,
2506,13659,6031,-1,3.0,0.0,0.0,0.0,0.0,-0.523599028587,
2507,13659,4015,-1,3.0,0.0,0.0,0.0,0.0,0.0,
2541,13662,4172,34,0.0,0.0,-2.0,0.0,0.0,0.0,
2581,13672,6049,39,-0.300000011921,0.20000000298,0.800000011921,0.0,-1.57079994678,0.0,
2582,13672,3701,39,-0.300000011921,0.20000000298,0.800000011921,0.0,0.0,0.0,
2583,13673,6052,39,-0.300000011921,0.20000000298,0.800000011921,0.0,-1.57079994678,0.0,
2584,13673,6053,39,-0.300000011921,0.20000000298,0.800000011921,0.0,0.0,0.0,
2601,13674,2980,17,0.0,0.20000000298,0.0,0.436331987381,0.0,0.0,
2602,13674,2980,17,0.0,-0.20000000298,0.0,-0.436331987381,0.0,0.0,
2603,13674,2980,17,0.0,0.0,0.0,0.0,0.0,0.0,
2604,13674,2980,17,0.0,0.0,0.0,0.261799007654,0.0,0.0,
2605,13674,2980,17,0.0,0.0,0.0,-0.261799007654,0.0,0.0,
2622,13676,3284,-1,0.0,0.0,0.0,0.0,0.0,0.0,
2649,13683,2722,20,-0.25,0.0,-0.5,0.0,0.0,0.0,
2650,13684,6059,34,0.15000000596,0.0,0.10000000149,0.0,0.0,0.0,
2652,13685,4952,-1,0.0,0.0,0.0,0.0,0.0,0.0,
2655,13685,4952,-1,0.0,0.0,0.0,0.0,0.0,0.0,
2656,13685,4952,-1,0.0,0.0,0.0,0.0,0.0,0.0,
2657,13685,4952,-1,0.0,0.0,0.0,0.0,0.0,0.0,
2683,13696,4840,38,0.699999988079,0.0,0.0,0.0,0.0,0.0,
2702,13686,6065,19,0.0,0.0,0.5,0.0,0.0,0.0,
2703,13686,6065,19,-1.5,0.0,0.5,0.0,0.0,0.0,
2705,13701,6066,22,0.0,0.0,0.0,0.0,1.57079994678,0.0,
2721,13704,3021,19,-2.0,0.0,0.25,0.0,0.0,0.0,
2722,13704,5928,19,-2.0,0.0,0.25,0.0,0.0,0.0,
2743,13705,4545,19,0.0,0.0,0.75,0.0,0.0,0.0,
2745,13705,4545,19,0.0,0.0,0.5,0.0,0.0,0.0,
2761,13711,3867,19,0.0,0.0,0.0,0.0,0.0,0.0,
2762,13711,6499,34,0.0,0.0,0.0,0.0,0.0,0.0,
2763,13710,6070,34,0.0,0.0,0.0,0.0,0.0,0.0,
2764,13712,1625,34,0.0,0.0,0.0,0.0,0.0,0.0,
2781,13713,3021,19,-3.0,1.5,0.0,0.0,0.0,0.0,
2782,13713,5928,19,-3.0,1.5,0.25,0.0,0.0,0.0,
2783,13614,4585,22,1.64999997616,0.0,0.0,0.0,0.0,0.0,
2784,13620,4585,22,1.64999997616,0.0,0.0,0.0,0.0,0.0,
2801,13707,6006,19,0.0,0.0,0.34999999404,0.0,0.0,0.0,
2802,13717,6072,17,-0.699999988079,0.600000023842,-1.10000002384,1.91986000538,-0.0034910000395,0.0,
2821,13718,6074,17,-0.300000011921,0.0,-0.20000000298,0.0,0.0,0.0,
2822,13718,6075,34,-0.5,0.600000023842,0.0,0.0,0.0,0.785398006439,
2823,13718,6075,34,-0.5,-0.600000023842,0.0,0.0,0.0,-0.785398006439,
2824,13718,6075,34,-1.5,0.5,0.0,0.0,0.0,0.785398006439,
2825,13718,6075,34,-1.5,-0.5,0.0,0.0,0.0,-0.785398006439,
2826,13718,6075,17,-0.40000000596,0.10000000149,0.300000011921,0.0,0.0,0.785398006439,
2827,13718,6075,17,-0.40000000596,-0.10000000149,0.300000011921,0.0,0.0,-0.785398006439,
2842,13721,5974,17,0.0,0.0,0.0,0.0,0.0,0.0,
2843,13721,855,34,0.0,0.0,0.0,0.0,0.0,0.0,
2861,13725,6099,19,0.0,0.0,0.0,0.0,0.0,1.57079994678,
2862,13725,6099,19,0.0,0.0,16.0,0.0,0.0,1.57079994678,
2863,13725,6099,19,25.0,0.0,4.0,3.14159011841,0.0,1.57079994678,
2864,13725,6099,19,0.0,0.0,8.0,0.0,0.0,1.57079994678,
2865,13725,6099,19,25.0,0.0,12.0,3.14159011841,0.0,1.57079994678,
2866,13724,6078,-1,0.0,0.0,-4.0,0.0,0.0,0.0,
2867,13727,5178,-1,0.0,0.0,-2.0,0.0,0.0,0.0,
2868,13728,5140,19,0.0,0.0,0.0,0.0,0.0,1.57079994678,
2869,13728,5140,19,0.0,0.0,6.0,0.0,0.0,1.57079994678,
2870,13728,5140,19,0.0,0.0,12.0,0.0,0.0,1.57079994678,
2871,13728,5140,19,0.0,0.0,3.0,0.0,0.0,1.57079994678,
2872,13728,5140,19,0.0,0.0,9.0,0.0,0.0,1.57079994678,
2873,13729,6079,19,25.0,0.0,4.0,3.14159011841,0.0,0.0,
2874,13729,6079,19,0.0,0.0,0.0,0.0,0.0,0.0,
2875,13729,6079,19,25.0,0.0,12.0,3.14159011841,0.0,0.0,
2876,13729,6079,19,0.0,0.0,8.0,0.0,0.0,0.0,
2877,13729,6079,19,0.0,0.0,16.0,0.0,0.0,0.0,
2901,13737,6094,1,0.0,0.0,0.0,0.785398006439,0.0,-1.57079994678,
2902,13739,1202,17,0.0,0.0,0.0,0.0,0.0,0.0,
2923,13749,5416,19,0.0,0.0,0.0,0.0,0.0,0.0,
2924,13751,6107,19,0.0,0.0,0.0,0.0,0.0,0.0,
2941,13755,3175,19,0.0,0.0,6.0,0.0,0.0,0.0,
2967,13757,6111,19,0.0,0.0,-2.0,1.57079994678,0.0,0.0,
2968,13757,6111,19,0.0,0.0,-2.0,0.523599028587,0.0,0.0,
2969,13757,6111,19,0.0,0.0,-2.0,0.785398006439,0.0,0.0,
2970,13757,6111,19,0.0,0.0,-2.0,0.0,0.0,0.0,
2973,13760,6112,34,0.0,0.0,0.0,0.0,0.0,0.0,
2976,13760,6112,34,0.0,0.0,0.0,0.0,0.0,0.0,
2977,13760,6112,34,0.0,0.0,0.0,0.0,0.0,0.0,
2978,13760,6112,34,0.0,0.0,0.0,0.0,0.0,0.0,
2979,13760,6112,34,0.0,0.0,0.0,0.0,0.0,0.0,
2981,13760,4611,34,0.0,0.0,0.0,0.0,0.0,0.0,
2982,13761,5421,34,0.0,0.0,0.0,0.0,0.0,0.0,
2983,13761,5421,34,0.0,0.0,0.0,0.0,0.0,0.0,
2984,13761,5421,34,0.0,0.0,0.0,0.0,0.0,0.0,
2985,13761,5421,34,0.0,0.0,0.0,0.0,0.0,0.0,
2986,13762,6113,12,0.40000000596,0.0,-1.0,0.0,2.61799001694,-3.14159011841,
3001,13766,3866,21,0.0,0.0,0.0,0.0,0.0,0.0,
3003,13766,3866,22,1.0,0.0,0.0,0.0,0.0,0.0,
3004,13766,3866,22,1.0,0.0,0.0,0.0,0.0,0.0,
3005,13767,6116,34,0.0,0.0,0.0,0.0,0.0,0.0,
3041,13769,2989,19,0.0,0.0,0.0,0.0,0.0,0.0,
3061,13774,6120,34,-4.0,-2.0,2.0,0.0,0.0,0.0,
3081,13780,6122,19,0.0,0.0,0.0,0.0,0.0,0.0,
3122,13788,54,19,0.0,0.0,0.5,0.0,3.14159011841,0.0,
3124,13479,6130,16,-0.15000000596,0.15000000596,-0.40000000596,0.0,-3.14159011841,-0.0872659981251,
3125,13479,5904,16,-0.15000000596,-0.10000000149,-0.40000000596,0.0,-3.14159011841,0.0872659981251,
3143,13791,5910,34,0.0,0.0,-0.5,0.0,0.0,0.0,
3146,13791,5910,34,0.0,0.25,-0.75,0.0,0.0,0.0,
3147,13791,5910,34,0.0,-0.330000013113,-0.649999976158,0.0,0.0,0.0,
3148,13791,5910,34,0.0,0.0,-0.899999976158,0.0,0.0,0.0,
3161,13798,3067,19,0.0,0.0,0.0,0.0,0.0,0.0,
3162,13798,3067,19,0.0,0.0,0.0,0.0,0.0,0.0,
3163,13798,3067,19,0.0,0.0,0.0,0.0,0.0,0.0,
3186,13809,5925,34,0.0,0.0,0.0,0.0,0.0,0.0,
3187,13809,5925,34,0.0,0.0,-0.5,0.0,0.0,0.0,
3189,13799,5493,38,0.0,0.0,0.0,0.0,6.28318977356,0.0,
3193,13805,5897,19,0.0,0.0,0.0,0.0,1.57079994678,0.0,
3194,13803,6137,34,0.0,0.0,-1.0,0.0,0.0,0.0,
3196,13812,6145,19,-0.25,0.0,0.5,0.0,-1.39626002312,0.0,
3197,13812,6145,19,-0.34999999404,0.15000000596,0.40000000596,0.785398006439,-2.00712990761,0.0,
3198,13812,6145,19,-0.10000000149,0.0,0.40000000596,1.57079994678,-2.00712990761,0.0,
3199,13814,4858,38,0.0,0.0,0.0,0.0,6.28318977356,0.0,
3200,13812,6145,19,0.0,0.0,0.20000000298,1.74532997608,-1.30900001526,0.0,
3202,13820,6150,38,0.0,0.0,0.0,0.0,6.28318977356,0.0,
3203,13821,6157,-1,0.0,0.0,0.0,0.0,0.0,0.0,
3204,13822,6151,12,0.15000000596,-0.10000000149,-0.5,-1.57079994678,0.0,-0.61086499691,
3206,13824,6153,19,0.0,0.0,0.0,0.0,0.0,0.0,
3208,13824,6083,19,0.0,0.0,0.0,0.0,0.0,0.0,
3209,13824,6152,19,0.0,0.0,0.0,0.0,0.0,0.0,
3212,13825,6156,-1,0.0,0.0,-13.0,0.0,-1.57079994678,0.0,
3222,13825,6156,-1,0.0,0.0,-13.0,0.0,-1.57079994678,0.0,
3241,13833,3130,21,0.0,0.0,0.300000011921,0.0,0.0,0.0,
3242,13834,6162,34,0.0,0.0,-5.0,0.0,0.0,0.0,
3243,13835,6163,19,-1.0,0.0,0.0,0.0,0.0,0.0,
3245,13835,4881,19,-1.0,0.0,0.0,0.0,0.0,0.0,
3246,13838,836,34,0.0,0.0,0.0,0.0,0.0,0.0,
3261,13841,3048,19,0.0,0.0,0.0,0.0,0.0,0.0,
3262,13841,4414,19,0.0,0.0,0.0,0.0,0.0,0.0,
3263,13841,855,34,0.0,0.0,0.15000000596,0.0,0.0,0.0,
3264,13842,855,34,0.0,0.0,0.0,0.0,0.0,0.0,
3265,13843,3394,19,0.0,0.0,0.0,0.0,0.0,0.0,
3281,13847,6172,19,-2.0,0.0,0.0,0.0,0.0,0.0,
3282,13848,6173,19,-2.0,0.0,0.0,0.0,0.0,0.0,
3283,13848,6174,19,-2.0,0.0,0.0,0.0,0.0,0.0,
3284,13849,6176,34,0.0,0.0,0.0,0.0,0.0,0.0,
3308,13853,3263,22,0.0,0.0,0.0,0.0,1.57079994678,1.57079994678,
3310,13853,6177,21,0.0,0.0,0.0,-1.04719996452,1.04719996452,-1.04719996452,
3321,13856,6067,19,0.0,0.0,0.0,0.0,0.0,0.0,
3325,13858,6405,19,0.0,0.0,0.0,0.0,0.0,0.0,
3330,13858,3530,19,0.0,0.0,-1.0,0.0,0.0,0.0,
3331,13858,3530,19,0.0,0.0,-1.0,1.57079994678,0.0,0.0,
3341,13865,5394,34,0.0,0.0,0.0,0.0,0.0,0.0,
3342,13865,3801,34,0.0,0.0,0.0,0.0,0.0,0.0,
3343,13866,5776,34,0.0,0.0,-2.0,0.0,0.0,0.0,
3344,13867,3394,19,0.0,0.0,0.0,0.0,0.0,0.0,
3345,13866,3368,34,0.0,0.0,0.0,0.0,0.0,0.0,
3367,13868,3756,17,0.10000000149,0.0,0.10000000149,0.0,0.0,0.0,
3381,13871,4489,19,0.0,0.0,0.0,0.0,0.0,0.0,
3385,13871,4489,19,0.0,0.0,-0.300000011921,0.0,0.0,0.0,
3386,13871,4489,19,0.0,0.0,-0.600000023842,0.0,0.0,0.0,
3387,13871,4545,19,0.0,0.0,-1.0,0.0,0.0,0.0,
3388,13871,4545,19,0.0,0.0,-1.0,0.0,0.0,0.0,
3389,13871,4545,19,0.0,0.0,-1.0,0.0,0.0,0.0,
3421,13878,6189,34,0.0,0.0,0.0,0.0,0.0,0.0,
3422,13880,4731,19,0.5,0.0,-1.20000004768,0.0,0.0,0.0,
3423,13880,3675,19,0.5,0.0,-1.29999995232,0.0,0.0,0.0,
3425,12818,6188,19,0.0,0.0,1.10000002384,0.0,0.0,0.0,
3442,13874,6198,19,0.0,0.0,-0.5,0.0,0.0,0.0,
3481,13888,4464,34,0.15000000596,0.0,0.0,0.0,0.0,0.0,
3482,13889,4465,34,0.15000000596,0.0,0.0,0.0,0.0,0.0,
3483,13890,4466,34,0.15000000596,0.0,0.0,0.0,0.0,0.0,
3484,13893,6206,19,0.0,0.0,0.0,0.0,0.0,0.0,
3485,13893,6207,19,0.0,0.0,2.0,0.0,0.0,0.0,
3502,13898,5621,21,0.0,0.0,0.0,0.0,0.0,0.0,
3503,13899,4295,19,0.0,0.0,3.0,0.0,0.0,0.0,
3521,13903,3815,19,0.0,0.0,5.0,0.0,0.0,0.0,
3522,13904,6215,19,0.0,0.0,0.0,0.0,0.0,0.0,
3523,13905,3986,34,0.0,0.0,0.0,0.0,0.0,0.0,
3524,13905,3986,34,0.0,0.0,0.0,0.0,0.0,0.0,
3525,13905,3986,34,0.0,0.0,0.0,0.0,0.0,0.0,
3526,13905,5394,34,0.0,0.0,0.0,0.0,0.0,0.0,
3527,13909,3818,19,0.0,0.0,0.0,0.0,0.0,0.0,
3530,13909,3818,19,0.0,0.0,3.0,0.0,0.0,0.0,
3531,13909,3818,19,0.0,0.0,6.0,0.0,0.0,0.0,
3532,13909,5223,19,0.0,0.0,5.0,0.0,0.0,0.0,
3533,13912,6219,19,0.0,0.0,5.0,0.0,0.0,0.0,
3534,13916,6221,17,0.0,0.0,0.170000001788,0.0,-0.261799007654,0.0,
3541,13923,6394,-1,0.0,0.0,0.899999976158,0.0,0.0,0.0,
3542,13923,6128,19,0.0,0.0,0.0,0.0,0.0,0.0,
3543,13923,6254,19,0.0,0.0,2.75,0.0,-1.57079994678,0.0,
3544,13924,3883,19,14.0,0.0,5.0,0.0,0.0,0.0,
3545,13924,6155,19,14.0,0.0,5.0,0.0,1.57079994678,0.0,
3546,13927,3883,19,0.0,0.0,0.0,0.0,0.0,0.0,
3547,13931,3043,20,0.0,0.0,4.0,0.0,0.0,0.0,
3548,13929,6229,19,0.0,0.0,0.0,0.0,0.0,0.0,
3549,13929,6228,19,0.0,0.0,0.0,0.0,0.0,0.0,
3550,13930,6227,19,0.0,0.0,0.0,0.0,0.0,0.0,
3551,13934,6230,17,0.0,0.0,0.25,0.0,0.0,0.0,
3552,13934,6230,17,0.0,0.0,0.25,0.0,0.0,0.0,
3553,13934,6230,17,0.0,0.0,0.25,0.0,0.0,0.0,
3554,13935,6153,-1,0.0,0.0,0.0,0.785398006439,0.0,0.0,
3555,13935,6153,-1,0.0,0.0,0.0,1.57079994678,0.0,0.0,
3561,13938,6187,34,0.0,0.0,0.0,0.0,0.0,0.0,
3581,13939,291,17,0.0,0.0,2.0,0.0,0.0,0.0,
3583,13939,5394,17,0.0,0.0,2.0,0.0,0.0,0.0,
3601,13955,6235,19,-0.20000000298,0.0,0.800000011921,0.0,0.0,0.0,
3602,13955,6235,19,0.0,0.0,0.0,0.0,0.0,0.0,
3603,13956,6236,19,-0.20000000298,0.0,0.800000011921,0.0,0.0,0.0,
3604,13956,6236,19,0.0,0.0,0.0,0.0,0.0,0.0,
3607,13958,6238,19,0.0,0.0,0.0,0.0,0.698131978512,0.0,
3608,13959,4718,34,0.0,0.0,0.0,0.0,0.0,0.0,
3622,13965,6245,19,0.20000000298,0.0,0.0,0.0,0.959931015968,0.0,
3623,13967,6238,19,0.20000000298,0.0,0.0,0.0,0.872664988041,0.0,
3625,13966,4452,34,0.0,0.0,0.0,0.0,0.0,0.0,
3643,13975,3934,-1,0.0,0.0,0.0,0.0,0.0,0.0,
3644,13975,196,-1,0.0,0.0,0.0,0.0,0.0,0.0,
3645,13975,4009,-1,0.0,0.0,0.0,0.0,0.0,0.0,
3646,13979,5875,22,0.75,0.0,0.0,0.0,0.0,0.0,
3661,13981,6251,34,-0.600000023842,0.0,-0.300000011921,0.0,0.0,0.0,
3681,13984,6226,-1,0.0,0.0,0.0,0.0,0.0,0.0,
3682,13985,6168,19,0.0,0.0,0.0,0.0,0.0,0.0,
3684,13985,6257,34,-2.0,0.0,-1.0,0.0,0.0,0.0,
3685,13986,6260,19,0.0,0.0,-0.300000011921,0.0,0.0,0.0,
3686,12785,5492,19,0.0,0.0,0.0,3.14159011841,0.0,0.0,
3687,12785,5492,19,0.0,0.0,0.0,1.57079994678,0.0,0.0,
3688,12785,5492,19,0.0,0.0,0.0,4.71238994598,0.0,0.0,
3690,13989,6262,34,0.0,0.0,0.0,0.0,0.0,0.0,
3691,13989,6262,34,0.0,0.0,0.5,0.0,0.0,0.0,
3692,13989,6262,34,0.0,0.0,-1.0,0.0,0.0,0.0,
3693,13990,6208,19,0.0,0.0,1.10000002384,0.0,0.0,0.0,
3694,13991,6264,12,0.319999992847,0.0,-1.62999999523,0.0,0.0,0.0,
3701,13997,3828,-1,0.0,0.0,0.0,0.0,0.0,0.0,
3702,14001,6270,22,0.0,0.0,0.0,0.0,0.785398006439,0.0,
3707,14007,4237,22,1.0,0.0,0.0,0.0,0.0,0.0,
3708,14005,6066,22,0.0,0.0,0.0,0.0,0.785398006439,0.0,
3709,14009,3671,34,0.0,0.0,0.0,0.0,0.0,0.0,
3710,14016,6275,17,-3.5,0.300000011921,0.5,-1.57079994678,0.0,-0.0872659981251,
3711,14016,3153,17,-3.75,0.300000011921,0.600000023842,0.0,0.0,0.0,
3712,14016,6279,21,0.5,0.5,1.10000002384,0.00785399973392,0.0,0.0,
3713,14016,6279,22,0.430000007153,-0.600000023842,1.10000002384,0.0,0.0,0.0,
3715,14016,6281,17,-0.0500000007451,1.33000004292,-0.070000000298,0.0,1.57079994678,0.0,
3716,14016,6281,17,-0.209999993443,-1.64999997616,-0.0799999982119,0.0,1.57079994678,0.0,
3717,14024,6286,20,0.0500000007451,0.0,0.0,0.0,0.0,0.0,
3719,13853,6177,21,0.0,0.0,0.0,-1.04719996452,1.04719996452,-1.04719996452,
3725,14031,4619,-1,0.0,0.0,2.0,0.0,1.57079994678,0.0,
3730,14032,1722,19,0.0,0.0,0.0,0.0,0.0,0.0,
3740,14032,333,-1,0.0,0.0,1.5,0.0,1.57079994678,0.0,
3744,14030,6289,-1,0.0,0.0,-4.0,0.0,0.0,0.0,
3746,14030,6289,-1,0.0,0.0,0.0,0.0,0.0,0.0,
3747,14030,6289,-1,0.0,0.0,-2.0,0.0,0.0,0.0,
3748,14032,6290,22,0.0,0.0,0.0,0.0,0.0,0.0,
3749,14032,6290,21,0.0,0.0,0.0,0.0,0.0,0.0,
3750,14033,4617,-1,0.0,0.0,-4.0,0.0,0.0,0.0,
3751,14033,4617,-1,0.0,0.0,-2.0,0.0,0.0,0.0,
3752,14033,4617,-1,0.0,0.0,0.0,0.0,0.0,0.0,
3753,14034,3560,17,0.0,0.0,0.0,0.0,1.57079994678,0.0,
3754,14035,5430,34,0.0,0.0,0.0,-1.04719996452,-1.57079994678,0.0,
3757,13503,6291,20,0.0,0.0,0.0,0.0,0.0,0.0,
3760,14036,125,22,2.0,0.0,0.0,0.0,0.0,0.0,
3762,14039,6427,-1,2.59999990463,0.5,10.0,0.0,0.0,0.0,
3765,14034,3560,17,0.0,0.0,-4.0,0.0,1.57079994678,0.0,
3766,14034,3560,17,0.0,0.0,-2.0,0.0,1.57079994678,0.0,
3774,14006,6303,19,0.0,0.0,-3.0,0.0,0.0,0.0,
3776,14006,6303,19,0.0,0.0,-3.5,0.0,0.0,0.0,
3777,14006,6303,19,0.0,0.0,-2.0,0.0,0.0,0.0,
3778,14044,5743,-1,0.0,0.0,0.0,0.0,0.0,0.0,
3779,14046,6361,12,0.40000000596,0.0,-1.5,0.0,0.0,0.0,
3780,14050,5732,19,0.0,0.0,0.0,0.0,0.0,0.0,
3781,14052,6305,10,-0.20000000298,0.00999999977648,-0.449999988079,-1.57079994678,0.0,0.0,
3782,14052,6306,10,-0.5,-0.419999986887,-0.140000000596,0.0,0.0,0.0,
3783,14052,754,17,0.0,0.0,0.0,0.0,0.0,0.0,
3784,13995,6301,19,0.0,0.0,-2.0,0.0,0.0,0.0,
3785,13995,6301,19,0.0,0.0,-2.5,0.0,0.0,0.0,
3786,13995,6301,19,0.0,1.5,-2.5,0.0,0.0,0.0,
3787,13995,6301,19,0.0,-1.5,-2.5,0.0,0.0,0.0,
3788,14053,6307,34,0.0,0.0,0.0,0.0,0.0,0.0,
3789,14054,2966,34,0.0,0.0,-1.0,0.0,0.0,0.0,
3790,14055,3168,19,0.0,0.0,0.0,0.0,0.0,0.0,
3792,14066,5872,38,2.5,0.0,0.0,0.0,0.0,0.0,
3793,14068,1886,19,0.0,0.0,0.0,0.0,0.0,0.0,
3794,14070,6307,17,0.0,0.0,2.0,0.0,0.0,0.0,
3795,14068,4186,19,0.0,0.0,0.0,0.0,0.0,0.0,
3796,14068,2973,34,0.0,0.0,0.15000000596,0.0,0.0,0.0,
3820,14063,6310,34,0.0,0.0,0.0,0.0,0.0,0.0,
3823,14063,5946,34,0.0,0.0,0.0,0.0,0.0,0.0,
3824,14063,6310,34,0.0,0.0,0.0,0.0,0.0,0.0,
3825,14063,6310,34,0.0,0.0,0.0,0.0,0.0,0.0,
3826,14063,6310,34,0.0,0.0,0.0,0.0,0.0,0.0,
3827,14063,6310,34,0.0,0.0,0.0,0.0,0.0,0.0,
3828,14070,6188,17,0.0,0.0,2.0,0.0,0.0,0.0,
3829,14072,6312,22,0.0,0.0,0.0,0.0,0.0,0.0,
3835,14084,6314,34,0.0,0.0,0.0,0.0,1.57079994678,0.0,
3836,14085,6313,19,0.0,0.0,-3.20000004768,0.0,0.0,0.0,
3837,14084,6314,34,0.0,0.0,0.0,0.0,1.57079994678,0.0,
3838,14084,6314,34,0.0,0.0,0.0,0.0,1.57079994678,0.0,
3839,14087,6323,19,0.0,0.0,5.0,0.0,0.0,0.0,
3840,14088,6324,20,0.10000000149,0.0,1.39999997616,-0.0872659981251,0.0,0.349065989256,
3841,14089,6322,34,0.0,0.0,-0.25,-3.14159011841,0.436331987381,0.0,
3842,14085,4856,19,0.0,0.0,-1.0,0.0,0.0,0.0,
3843,14086,4506,19,0.0,0.0,-1.0,0.0,0.0,0.0,
3848,14104,149,22,1.0,0.0250000003725,-0.10000000149,0.0,0.0,0.0,
3853,14106,5528,-1,0.0,0.0,0.0,0.0,0.0,0.0,
3854,14109,4532,19,0.0,0.0,-2.0,0.0,0.0,0.0,
3860,14113,6332,19,0.0,0.0,-6.0,0.0,0.0,0.0,
3861,14113,6331,19,0.0,0.0,-6.0,0.0,0.0,0.0,
3862,14118,6153,-1,0.0,0.0,0.0,0.0,0.0,0.0,
3866,14042,6343,34,1.0,0.0,0.0,0.0,0.0,0.0,
3867,14029,3828,19,0.0,0.0,0.0,0.0,0.0,0.0,
3868,14029,3828,34,0.0,0.0,0.0,0.0,0.0,0.0,
3870,14126,6325,19,0.75,0.0,0.0,0.0,0.0,0.0,
3871,14126,6345,19,0.75,0.0,0.0,0.0,0.0,0.0,
3872,14129,6346,19,0.0,0.0,-1.5,0.0,0.0,0.0,
3873,14130,6312,19,0.0,0.0,0.0,0.0,0.0,0.0,
3874,14133,6349,19,0.0,0.0,-3.0,0.0,0.0,0.0,
3875,14132,6325,19,0.0,0.0,0.0,0.0,0.0,0.0,
3876,14136,3639,19,0.0,0.0,0.0,0.0,0.0,0.0,
3877,14136,717,19,0.0,0.0,0.0,0.0,0.0,0.0,
3879,14137,6351,22,0.0,0.0,0.0,0.0,1.57079994678,0.0,
3880,14137,6352,22,1.54999995232,0.0500000007451,-0.15000000596,0.0,0.0,0.0,
3881,14139,4641,34,0.0,0.0,0.0,0.0,0.0,0.0,
3883,14139,3294,34,0.0,0.0,0.0,0.0,0.0,0.0,
3884,14144,6364,-1,0.0,0.0,0.0500000007451,0.0,0.0,1.57079994678,
3885,14145,3123,22,0.25,0.0,0.0,0.0,0.785398006439,0.0,
3886,14145,3123,22,0.25,0.0,0.0,0.523599028587,0.349065989256,0.0,
3887,14145,3123,22,0.25,0.0,0.0,0.261799007654,1.39626002312,0.0,
3888,14145,3123,22,0.25,0.0,0.0,1.04719996452,4.71238994598,0.0,
3889,13923,6128,19,0.0,0.0,0.25,0.0,0.0,0.0,
3890,14149,4545,19,0.0,0.0,0.0,0.0,0.0,0.0,
3891,14149,4545,19,0.0,0.0,0.0,0.0,0.0,0.0,
3893,14157,6362,12,0.40000000596,0.0,-1.5,0.0,0.0,0.0,
3894,9986,4129,17,0.0,0.00999999977648,-0.0299999993294,0.0,0.0,0.0,
3900,14160,5077,34,0.0,0.0,1.0,0.0,0.0,0.0,
3901,14160,5077,34,0.0,1.0,0.75,0.0,0.0,0.0,
3902,14160,5077,34,0.0,-1.0,0.75,0.0,0.0,0.0,
3903,14160,5077,34,1.0,0.0,0.0,0.0,0.0,0.0,
3904,14163,6366,19,0.0,0.0,-3.0,0.0,0.0,0.0,
3905,14163,6366,19,0.0,0.0,-3.0,0.0,0.0,0.0,
3906,13945,6234,19,1.0,0.0,-0.019999999553,1.04719996452,0.0,0.0,
3907,14169,6369,2,0.0,0.34999999404,-0.15000000596,1.04719996452,0.0,-1.04719996452,
3908,14169,6370,1,0.0,-0.34999999404,-0.15000000596,-1.04719996452,0.0,1.04719996452,
3909,14170,3043,34,0.0,0.0,0.75,0.0,0.0,0.0,
3910,14092,6372,19,0.0,0.0,0.0,0.0,0.0,0.0,
3911,14092,6372,19,0.0,0.0,0.5,0.0,0.0,0.0,
3912,14171,4630,22,0.5,0.0,0.0,0.0,0.0,0.0,
3913,14173,3639,19,0.0,0.0,0.0,0.0,0.0,0.0,
3914,14173,717,19,0.0,0.0,0.0,0.0,0.0,0.0,
3916,14174,6031,19,0.0,0.0,0.0,0.0,0.0,0.0,
3917,14174,4339,19,0.0,0.0,0.0,0.0,0.0,0.0,
3918,14177,5875,22,0.75,0.0,0.0,0.0,0.0,0.0,
3919,14179,5138,-1,0.0,0.0,0.0,0.0,-1.57079994678,0.0,
3920,14184,5600,-1,0.0,0.0,0.0,0.0,0.0,0.0,
3922,14185,4443,20,0.0,0.0,0.0,0.0,0.0,0.0,
3923,14185,6283,19,0.0,0.0,0.0,0.0,0.0,0.0,
3930,14189,3049,22,1.0,0.0,0.0,0.0,0.0,0.0,
3932,14190,6384,22,1.29999995232,0.0,-0.125,0.0,0.0,0.0,
3935,14190,6384,22,1.10000002384,0.0,-0.10000000149,0.0,0.0,0.0,
3936,14190,6384,22,0.899999976158,0.0,-0.10000000149,0.0,0.0,0.0,
3937,14190,6384,22,0.5,0.0,-0.0500000007451,0.0,0.0,0.0,
3938,14190,6384,22,0.699999988079,0.0,-0.0500000007451,0.0,0.0,0.0,
3939,14190,3488,19,0.0,0.0,0.0,0.0,0.0,0.0,
3940,14191,7354,17,0.0,0.0,-2.59999990463,0.0,0.0,0.0,
3941,14193,7354,20,0.0,0.0,-2.59999990463,0.0,0.0,0.0,
3942,14194,219,-1,0.0,0.0,0.0,0.0,0.0,0.0,
3943,14193,6389,20,-1.60000002384,0.0,-2.5,3.14159011841,0.0,0.0,
3948,14187,6391,34,0.0,0.0,0.0,0.0,0.0,0.0,
3950,14187,3866,19,0.0,0.0,0.0,0.0,0.0,0.0,
3951,13817,4543,19,0.0,0.0,-1.0,0.0,0.0,0.0,
3952,14187,6377,21,0.0,0.0,-0.40000000596,0.0,0.0,0.0,
3953,14187,6377,22,0.0,0.0,-0.40000000596,0.0,0.0,0.0,
3955,13923,6128,19,0.0,0.0,0.34999999404,0.0,0.0,0.0,
3965,14204,6398,19,0.0,0.0,0.0,0.0,0.0,0.0,
3966,14209,3370,22,1.5,0.0,0.0,0.0,4.71238994598,0.0,
3968,14210,3294,19,0.0,0.0,-0.5,0.0,0.0,0.0,
3969,14202,6402,22,0.5,0.0,-1.60000002384,0.0,0.0,0.0,
3973,14217,6406,2,-0.34999999404,0.20000000298,-0.20000000298,1.22172999382,0.0,-1.04719996452,
3974,14217,6406,1,-0.34999999404,-0.20000000298,-0.20000000298,-1.04719996452,0.0,1.04719996452,
3975,14218,5493,47,0.0,0.0,0.0,0.0,1.57079994678,0.0,
3976,14218,5493,48,0.0,0.0,0.0,0.0,1.57079994678,0.0,
3979,14222,6138,19,0.0,0.0,0.0,0.0,0.0,0.0,
3980,14222,6409,19,0.0,0.0,0.0,0.0,0.0,0.0,
3981,14225,1344,17,0.0,0.0,0.0,0.0,-1.39626002312,0.0,
3982,14227,6361,12,0.40000000596,0.0,-1.5,0.0,0.0,0.0,
3983,14219,3334,-1,0.0,0.0,0.0,0.0,0.0,0.0,
3984,14230,3195,34,0.0,0.0,-0.15000000596,0.0,0.0,0.0,
3985,14233,6411,6,0.0,0.0,0.0,0.0,0.0,0.0,
3986,14233,6412,5,0.0,0.0,0.0,0.0,0.0,0.0,
3987,13720,291,19,0.0,0.0,1.0,0.0,0.0,0.0,
3989,14237,6413,34,0.0,-0.10000000149,0.0,0.0,0.0,0.0,
3991,14241,6417,19,0.75,0.0,0.0,0.0,0.0,0.0,
3992,14242,6361,12,0.319999992847,0.0,-1.62999999523,0.0,0.0,0.0,
3993,14244,6418,19,0.0,0.0,1.75,0.0,0.0,3.14159011841,
3996,14252,6377,21,0.0,0.0,-0.40000000596,0.0,0.0,0.0,
3997,14252,6377,22,0.0,0.0,-0.40000000596,0.0,0.0,0.0,
3998,14252,6425,5,0.0,0.0,0.0,3.14159011841,0.0,-0.523599028587,
3999,14252,6391,34,0.0,0.0,0.0,0.0,0.0,0.0,
4000,14252,6424,6,0.0,0.0,0.0,3.14159011841,0.0,0.523599028587,
4001,14252,3866,19,0.0,0.0,0.0,0.0,0.0,0.0,
4002,14256,5428,19,0.0,0.0,0.0,0.0,0.0,0.0,
4003,14256,4419,19,0.0,0.0,0.0,0.0,0.0,0.0,
4006,14259,4901,19,0.0,0.0,0.0,0.0,-1.57079994678,0.0,
4007,14260,73,1,1.0,0.0,0.0,0.0,0.0,0.0,
4008,14258,146,1,1.0,0.0,0.0,0.0,0.0,0.0,
4009,10665,4454,17,-0.15000000596,0.0,0.0,0.0,0.785398006439,0.0,
4010,14257,6429,40,-1.0,1.0,-7.25,1.57079994678,0.0,0.0,
4011,14266,4058,19,0.0,7.0,0.0,-1.57079994678,0.0,0.0,
4012,14266,4058,19,0.0,-7.0,0.0,1.57079994678,0.0,0.0,
4013,14266,4058,19,7.0,0.0,0.0,3.14159011841,0.0,0.0,
4014,14266,4058,19,-7.0,0.0,0.0,0.0,0.0,0.0,
4015,14043,6431,34,0.0,0.0,0.0,0.0,0.0,0.0,
4016,14268,6429,40,-4.0,0.0,-6.25,0.0,0.61086499691,0.0,
4017,14271,4260,39,0.0,0.0,0.0,0.0,0.0,0.0,
4018,14282,3908,16,-1.0,2.5,-0.5,0.0,0.0,0.0,
4019,14282,3908,16,-1.0,-2.5,-0.5,0.0,0.0,0.0,
4020,14282,3908,16,-3.5,0.0,0.75,0.0,0.0,0.0,
4021,14283,5579,16,-1.0,-2.5,-0.5,0.0,0.0,0.0,
4022,14283,5579,16,-3.5,0.0,0.75,0.0,0.0,0.0,
4023,14283,5579,16,-1.0,2.5,-0.5,0.0,0.0,0.0,
4024,14285,5918,17,-1.0,-0.5,1.0,0.0,0.0,0.0,
4025,14285,6442,17,-1.0,0.0,1.0,0.0,-1.13445997238,0.0,
4026,14285,5663,17,-0.899999976158,0.0,1.0,0.872664988041,0.785398006439,0.0,
4027,14285,6442,17,-0.699999988079,0.40000000596,0.699999988079,0.0,-0.698131978512,0.523599028587,
4028,14285,4332,17,-1.29999995232,0.40000000596,1.0,0.872664988041,-0.698131978512,1.91986000538,
4029,14286,6444,21,0.0,0.20000000298,-0.10000000149,0.0,0.0,0.0,
4030,9238,1303,-1,1.0,0.0,0.0,0.0,0.0,0.0,
4031,14288,1303,19,1.0,0.0,0.10000000149,0.0,0.0,0.0,
4032,14292,3727,22,0.0,0.0,0.0,-0.523599028587,0.0,0.523599028587,
4033,14293,3727,22,-0.600000023842,0.300000011921,0.070000000298,-0.523599028587,0.0,0.523599028587,
4034,14294,3727,22,0.0,0.0,0.0,-0.523599028587,0.0,0.523599028587,
4035,14295,3727,22,0.070000000298,-0.0799999982119,0.25,-1.04719996452,-1.22172999382,-0.959931015968,
4036,14218,6445,47,-0.0299999993294,-0.15000000596,-0.0399999991059,1.57079994678,0.0872659981251,-0.261799007654,
4037,14218,6445,48,0.0399999991059,0.0900000035763,-0.070000000298,-1.44861996174,0.0174529999495,-0.270525991917,
4038,11049,2986,-1,0.0,0.0,0.0,0.0,0.0,0.0,
4039,14311,6452,21,0.019999999553,-0.0399999991059,0.0,0.0,1.57079994678,0.0,
4040,14312,6453,28,0.0,-0.0500000007451,-0.300000011921,0.0,0.0,0.0,
4041,14313,213,21,0.0,0.0,0.0,0.0,0.0,0.0,
4042,14314,5201,34,-1.14999997616,2.0,0.15000000596,0.0,0.0,0.0,
4043,14315,3712,28,0.0,0.0,0.0,0.0,0.0,0.0,
4044,14314,5201,34,-1.14999997616,-2.0,0.15000000596,0.0,0.0,0.0,
4045,14314,5201,34,-1.5,0.0,2.5,0.0,0.0,0.0,
4046,14314,5201,34,1.5,2.0,0.15000000596,0.0,0.0,0.0,
4047,14314,5201,34,1.5,-2.0,0.15000000596,0.0,0.0,0.0,
4049,14318,3645,34,-1.25,0.0,0.25,0.0,0.0,0.0,
4050,14318,3645,34,1.0,1.5,-0.5,0.0,0.0,0.0,
4051,14318,3645,34,1.0,-1.5,-0.5,0.0,0.0,0.0,
4052,14321,5655,34,1.0,1.5,-0.75,0.0,0.0,0.0,
4053,14321,5655,34,-1.25,0.0,0.15000000596,0.0,0.0,0.0,
4054,14321,5655,34,1.0,-1.5,-0.75,0.0,0.0,0.0,
4056,14320,6456,21,0.0,0.0,0.0,0.0,0.0,0.0,
4057,14316,5621,22,0.0,0.0,0.0,0.0,0.0,0.0,
4058,14319,5621,34,0.0,0.0,-0.5,0.0,0.0,0.0,
4059,14322,5621,34,0.0,0.0,-0.5,0.0,0.0,0.0,
4060,14321,5655,34,2.75,0.0,-0.75,0.0,0.0,0.0,
4061,14320,6456,22,0.0,0.0,0.0,0.0,0.0,0.0,
4062,14318,3645,34,3.25,0.0,-0.75,0.0,0.0,0.0,
4063,14325,213,20,5.0,0.0,-5.0,0.0,0.0,0.0,
4064,14327,6458,19,1.14999997616,-0.800000011921,1.39999997616,0.0,0.0,0.0,
4065,14328,6459,19,0.0,0.0,-0.25,3.14159011841,0.0,0.0,
4066,14327,6458,19,1.14999997616,0.800000011921,1.39999997616,1.57079994678,0.0,0.0,
4070,14331,5524,19,0.0,0.0,-0.699999988079,0.0,0.0,0.0,
4074,14331,6500,19,0.0,0.0,0.0,0.0,0.0,0.0,
4076,14333,6462,19,0.0,0.0,0.0,0.0,0.0,0.0,
4077,14334,6463,19,0.0,0.0,0.0,0.0,0.0,0.0,
4078,14335,6464,34,0.0,0.0,0.0,0.0,0.0,0.0,
4079,14335,17,21,0.0,0.0,0.0,0.0,0.0,0.0,
4080,14335,17,22,0.0,0.0,0.0,0.0,0.0,0.0,
4081,14337,4403,19,0.0,0.0,0.0,0.0,0.0,0.0,
4082,14341,6465,34,-1.0,0.0,-1.0,0.0,0.0,0.0,
4083,14343,6466,17,0.0,0.0,0.0,0.0,0.0,0.0,
4085,6521,6329,34,0.0,0.0,3.0,0.0,0.0,0.0,
4086,6521,6329,34,0.0,0.0,3.0,0.0,0.0,0.0,
4087,6521,1054,34,0.0,0.0,3.0,0.0,0.0,0.0,
4088,14344,6467,19,0.0,0.0,0.0,0.0,0.0,0.0,
4089,14344,6467,19,0.0,0.0,0.0,0.0,0.0,0.0,
4090,14344,3306,19,0.0,0.0,0.0,0.0,0.0,0.0,
4091,14345,6468,-1,0.0,0.0,0.0,0.0,0.0,0.0,
4092,14348,6470,19,-1.70000004768,-1.0,-0.649999976158,0.0,0.785398006439,0.436331987381,
4093,14348,6472,-1,-0.75,0.0,0.75,0.0,0.0,0.0,
4109,13403,6479,-1,0.0,0.0,0.0,0.0,0.0,0.0,
4110,14361,3637,19,0.0,0.0,0.0,0.0,1.57079994678,0.0,
4111,14365,5875,22,0.800000011921,0.0,0.0,0.0,0.0,0.0,
4112,14373,6485,22,0.0500000007451,0.0500000007451,0.0,-0.436331987381,0.0,0.61086499691,
4114,14377,6488,19,-0.959999978542,0.10000000149,2.0,0.0,0.139625996351,-1.57079994678,
4115,14378,6489,34,-0.40000000596,0.0,0.0,0.0,-1.48353004456,0.0,
4116,14303,4620,34,-0.15000000596,0.0,0.0,0.0,0.0,0.0,
4117,14303,6493,34,-0.15000000596,0.0,0.0,0.0,0.0,0.0,
4118,14380,3088,34,0.0,1.5,0.0,0.0,-1.57079994678,0.0,
4119,14380,3088,34,0.0,-1.5,0.0,0.0,-1.57079994678,0.0,
4120,14379,6492,19,0.0,0.0,-0.10000000149,0.0,0.0,0.0,
4121,14380,5493,34,-0.15000000596,1.5,0.0,0.0,1.57079994678,0.0,
4122,14380,5493,34,-0.15000000596,-1.5,0.0,0.0,1.57079994678,0.0,
4125,14390,3657,19,0.0,0.0,0.0,0.0,0.0,0.0,
4126,14390,3356,19,0.0,0.0,0.0,0.0,0.0,0.0,
4127,14391,586,-1,0.0,0.0,1.0,0.0,1.57079994678,0.0,
4128,14392,6498,17,-0.0900000035763,0.10000000149,0.20000000298,0.0,0.0,0.0,
4129,14392,6498,17,-0.0900000035763,-0.10000000149,0.20000000298,0.0,0.0,0.0,
4130,14393,5896,34,0.0,1.5,0.0,0.0,-1.57079994678,0.0,
4131,14393,5896,34,0.0,-1.5,0.0,0.0,-1.57079994678,0.0,
4132,14290,6294,22,0.0,0.0,0.0,0.0,0.0,0.0,
4134,14405,588,34,0.0,0.0,0.0,0.0,0.0,0.0,
4135,14406,1,34,0.0,0.0,0.0,0.0,0.0,0.0,
4138,14410,6419,17,-3.0,1.0,-1.0,0.0,4.71238994598,0.0,
4139,14410,6419,17,0.0,1.0,-1.0,0.0,4.71238994598,0.0,
4142,14412,3802,17,0.0,0.0,0.0,0.0,4.71238994598,0.0,
4143,14412,3802,17,-3.0,0.0,0.0,0.0,4.71238994598,0.0,
4144,14409,4758,19,0.0,0.0,0.0,0.0,0.0,0.0,
4145,14409,5243,19,0.0,0.0,0.0,0.0,0.0,0.0,
4146,14413,6503,19,-4.0,0.0,0.0,0.0,0.0,0.0,
4147,14413,6503,19,0.0,0.0,0.0,0.0,0.0,0.0,
4149,14407,7420,19,0.0,0.0,0.0,0.0,0.0,0.0,
4150,14407,4517,19,0.0,0.0,0.0,0.0,0.0,0.0,
4151,14418,6507,34,0.0,0.0,0.0,0.0,-3.14159011841,0.0,
4152,14418,6508,34,0.0,0.0,0.0,0.0,-3.14159011841,0.0,
4155,14422,6501,19,0.0,0.0,0.0,0.0,0.0,0.0,
4156,14413,6503,19,-4.0,0.0,4.0,0.0,0.0,0.0,
4157,14413,6503,19,0.0,0.0,4.0,0.0,0.0,0.0,
4158,14424,6509,34,0.0,0.0,0.0,0.0,0.0,0.0,
4160,14425,7386,34,-0.75,0.75,0.75,0.0,0.0,0.0,
4164,14426,6511,19,0.0,0.0,-0.0500000007451,0.0,1.13445997238,0.0,
4165,14426,6306,19,0.5,0.300000011921,0.25,0.0,0.0,0.0,
4166,14431,6494,34,0.0,0.0,-1.0,0.0,0.0,0.0,
4167,14432,6513,34,-0.379999995232,0.0,5.19999980927,1.57079994678,0.0,0.0,
4168,14433,6514,19,0.0,0.0,1.0,0.0,0.0,0.0,
4169,14434,6514,-1,0.0,0.0,1.0,0.0,0.0,0.0,
4170,14440,4749,-1,0.0,0.0,0.0,0.0,-1.57079994678,0.0,
4171,14441,6516,22,0.0,0.0,-0.300000011921,0.0,0.0,0.0,
4172,14442,4271,19,0.0,0.0,-1.0,0.0,0.0,0.0,
4174,14447,4827,34,0.0,0.0,0.0,0.0,1.57079994678,0.0,
4175,14448,6525,19,0.0,0.0,-0.5,1.04719996452,0.0,0.0,
4176,14453,6520,34,0.0,0.0,-1.0,0.0,0.0,0.0,
4178,14475,4749,34,0.0,0.0,0.0,0.0,1.57079994678,0.0,
4180,14480,8536,-1,0.0,0.0,0.0,0.0,0.0,0.0,
4182,14485,6529,19,0.0,0.0,-0.5,0.0,0.0,0.0,
4183,14487,3082,34,-2.0,0.0,0.0,0.0,0.0,0.0,
4184,14491,3318,19,0.0,0.0,0.0,0.0,0.0,0.0,
4185,14491,97,34,0.0,0.0,0.0,0.0,0.0,0.0,
4186,14496,3090,19,0.0,0.0,-1.0,0.0,0.0,0.0,
4187,14504,3934,34,0.0,0.0,0.0,0.0,0.0,0.0,
4189,14505,4058,19,-7.0,0.0,0.0,0.0,0.0,0.0,
4190,14505,4058,19,7.0,0.0,0.0,3.14159011841,0.0,0.0,
4191,14505,4058,19,0.0,-7.0,0.0,1.57079994678,0.0,0.0,
4192,14505,4058,19,0.0,7.0,0.0,-1.57079994678,0.0,0.0,
4193,14507,6535,19,5.0,0.0,-0.5,0.0,0.0,0.0,
4194,14507,6535,19,-5.0,0.0,-0.5,3.14159011841,0.0,0.0,
4195,14507,6535,19,0.0,5.0,-0.5,1.57079994678,0.0,0.0,
4196,14507,6535,19,0.0,-5.0,-0.5,-1.57079994678,0.0,0.0,
4197,14509,6538,47,0.0,0.0,0.0,0.0,0.0,0.0,
4198,14509,6538,48,0.0,0.0,0.0,0.0,0.0,0.0,
4199,14511,6539,-1,0.0,0.0,2.0,0.0,0.0,0.0,
4200,14516,4754,34,-0.245000004768,0.0,-0.75,0.0,0.0,0.0,
4201,14516,6543,19,-0.245000004768,0.0,0.0,0.0,0.0,0.0,
4202,14520,6545,34,0.0,0.0,-0.40000000596,0.0,0.0,0.0,
4205,14523,6628,22,0.0,0.0,0.0,0.0,0.785398006439,0.0,
4206,14523,6628,21,0.0,0.0,0.0,0.0,0.0,1.91986000538,
4207,14534,6548,19,0.0,0.0,0.0,0.0,0.61086499691,0.0,
4208,14536,6552,20,0.0,-0.20000000298,0.0,0.0,0.0,0.0,
4209,14536,6552,20,0.0,0.20000000298,0.0,0.0,0.0,0.0,
4210,14537,6553,19,0.0,0.0,3.0,0.0,0.0,0.0,
4213,14545,2023,20,0.0,0.0,-0.5,0.0,0.0,0.0,
4214,14548,4832,-1,0.0,0.0,0.0,0.0,0.0,0.0,
4215,14554,3737,19,0.0,0.0,0.300000011921,0.0,0.0,0.0,
4216,14555,6560,19,0.0,0.0,1.0,0.0,0.0,0.0,
4217,14555,6560,19,0.0,0.0,2.0,0.0,0.0,0.0,
4218,14557,6562,19,-5.40000009537,0.0,0.0,0.0,1.57079994678,0.0,
4219,14562,6566,19,0.0,0.0,0.0,0.0,0.0,0.0,
4220,10040,3677,34,-1.0,0.0,-0.5,0.0,0.0,0.0,
4221,14574,3677,34,-1.0,0.0,-0.5,0.0,0.0,0.0,
4222,13735,6547,19,0.0,0.0,-0.75,0.0,0.0,0.0,
4223,14575,6573,-1,0.0,0.0,-1.0,0.0,0.0,0.0,
4224,14592,4183,-1,0.0,2.0,0.0,0.0,0.0,0.0,
4225,14592,4183,-1,0.0,-2.0,0.0,0.0,0.0,0.0,
4230,14600,6586,34,1.0,0.0,2.0,0.0,-0.523599028587,0.0,
4233,14601,5920,17,0.0,0.0,0.0,0.0,-0.523599028587,0.0,
4234,14605,4464,17,-0.10000000149,0.0,-0.34999999404,0.0,0.0,0.0,
4235,14597,6588,34,0.0,0.0,0.0,0.0,-1.57079994678,0.0,
4236,14607,4465,17,-0.10000000149,0.0,-0.34999999404,0.0,0.0,0.0,
4241,14610,6590,-1,0.0,0.0,0.0,0.0,0.0,0.0,
4243,14610,6594,-1,0.0,0.0,0.0,0.0,0.0,0.0,
4245,14608,5700,21,0.0,0.0,0.0,0.0,0.0,0.0,
4246,14608,5700,22,0.0,0.0,0.0,0.0,0.0,0.0,
4247,14613,4466,17,-0.10000000149,0.0,-0.34999999404,0.0,0.0,0.0,
4248,14615,4464,17,-0.0500000007451,0.0,-0.34999999404,0.0,0.0,0.0,
4249,14616,4465,17,-0.0500000007451,0.0,-0.34999999404,0.0,0.0,0.0,
4250,14617,4466,17,-0.0500000007451,0.0,-0.34999999404,0.0,0.0,0.0,
4251,14619,5694,-1,0.0,0.0,0.0,0.0,0.0,0.0,
4252,14619,220,-1,0.0,0.0,0.0,1.57079994678,0.0,0.0,
4254,14619,6597,-1,0.0,0.0,0.0,0.0,0.0,0.0,
4255,14600,3034,34,3.0,0.0,-0.5,0.0,0.0,0.0,
4256,14619,2966,-1,0.0,0.0,0.0,0.0,0.0,0.0,
4260,14626,17,21,0.0,0.0,0.0,0.0,0.0,0.0,
4261,14626,17,22,0.0,0.0,0.0,0.0,0.0,0.0,
4262,14627,6598,21,0.0,0.0,0.0,0.0,0.0,0.0,
4263,14627,6598,22,0.0,0.0,0.0,0.0,0.0,0.0,
4264,14628,5694,-1,0.0,0.0,0.0,0.0,0.0,0.0,
4265,14628,220,-1,0.0,0.0,0.0,1.57079994678,0.0,0.0,
4266,14628,6597,-1,0.0,0.0,0.0,0.0,0.0,0.0,
4267,14628,2966,-1,0.0,0.0,0.0,0.0,0.0,0.0,
4271,14636,4881,-1,0.0,0.0,0.0,1.57079994678,0.0,0.0,
4272,14630,8232,19,0.0,0.0,0.25,0.0,0.0,0.0,
4275,14637,6604,-1,6.0,2.0,3.0,0.0,0.0,-1.57079994678,
4276,14637,6609,-1,0.0,0.0,0.0,0.0,0.0,0.0,
4277,14637,6609,-1,0.0,0.0,0.0,1.57079994678,0.0,0.0,
4280,14640,6612,17,0.0,0.0,0.0,0.0,-0.174532994628,0.0,
4281,14642,6612,17,0.0,0.0,0.0,0.0,-0.174532994628,0.0,
4282,14643,5394,34,0.0,0.0,0.0,0.0,0.0,0.0,
4283,14643,3934,34,-5.0,0.0,0.0,0.0,0.0,0.0,
4284,14643,3934,34,0.0,0.0,0.0,0.0,0.0,0.0,
4285,14643,5394,34,-5.0,0.0,0.0,0.0,0.0,0.0,
4287,14647,8631,19,0.0,0.0,0.0,0.0,0.0,0.0,
4294,12696,6631,34,0.0,0.0,-0.10000000149,0.0,0.0,0.0,
4296,14668,6632,-1,0.0,0.0,0.300000011921,0.0,0.0,0.0,
4297,14668,6628,-1,0.0,0.0,0.40000000596,0.0,0.0,0.0,
4300,14668,6631,-1,0.0,0.0,0.5,0.0,0.0,0.0,
4301,12696,6631,34,0.0,0.0,0.10000000149,0.0,0.0,0.0,
4302,12696,6632,34,0.0,0.0,0.0,0.0,0.0,0.0,
4303,14670,6643,-1,0.0,0.0,0.5,0.0,0.0,0.0,
4304,14670,5650,-1,0.0,0.0,0.5,0.0,0.0,0.0,
4307,12696,5069,34,0.0,0.0,0.0,0.0,0.0,0.0,
4308,14671,6634,-1,0.0,0.0,0.0,1.57079994678,0.0,0.0,
4311,14671,6636,-1,0.300000011921,0.699999988079,0.0,-1.22172999382,0.0,0.0,
4313,14672,6637,-1,-3.0,0.0,2.5,0.0,-0.523599028587,0.0,
4314,14672,6637,-1,1.5,0.0,0.0,0.0,0.0,0.0,
4315,14672,6637,-1,-6.5,0.0,7.0,0.0,0.0,0.0,
4316,14678,6633,-1,-15.0,0.0,-1.0,0.0,0.0,0.0,
4317,14678,4714,-1,-6.0,6.0,-5.0,1.57079994678,0.0,0.0,
4318,14678,4714,-1,-17.0,-4.0,-3.0,4.36331987381,0.0,1.57079994678,
4319,14679,7027,-1,0.0,0.0,0.0,0.0,0.0,0.0,
4320,14682,6640,-1,0.0,0.0,0.0,0.0,0.0,0.0,
4321,14677,6464,22,0.0,0.0,0.0,0.0,0.0,0.0,
4322,14677,6464,21,0.0,0.0,0.0,0.0,0.0,0.0,
4323,14686,4241,19,0.0,0.0,0.0,0.0,0.0,0.0,
4324,14686,3294,19,0.0,0.0,0.0,0.0,0.0,0.0,
4326,14695,6651,19,0.0,0.0,0.0,0.0,0.436331987381,0.0,
4341,14709,7281,19,0.0,0.0,1.0,0.0,0.0,0.0,
4347,14453,7338,12,-0.0799999982119,0.0,-0.449999988079,3.14159011841,-0.174532994628,0.0,
4348,14715,4072,1,1.0,0.0,0.0,0.0,0.0,0.0,
4353,14717,6463,19,0.0,0.0,1.0,0.0,0.0,0.0,
4354,14717,6672,19,0.0,0.0,1.0,0.0,0.0,0.0,
4356,14719,6520,34,0.20000000298,0.0,-0.699999988079,0.0,-0.261799007654,0.0,
4357,14719,6520,12,0.20000000298,0.0,-0.699999988079,3.14159011841,-0.261799007654,0.0,
4358,14717,6675,19,0.0,0.0,1.0,0.0,0.0,0.0,
4362,14718,5752,19,0.0,0.0,0.0,0.0,0.0,0.0,
4367,14725,6960,12,0.0,0.0,0.0,0.785398006439,2.09438991547,0.0,
4368,14727,6793,19,0.0,0.0,0.0,0.0,4.71238994598,0.0,
4369,14727,8598,19,0.0,0.0,0.20000000298,0.0,0.0,0.0,
4371,14728,3392,19,-2.0,-2.0,0.0,0.0,4.71238994598,0.0,
4373,14728,3392,19,2.0,2.0,0.0,0.0,4.71238994598,0.0,
4374,14728,3392,19,-2.0,2.0,0.0,0.0,4.71238994598,0.0,
4375,14728,3392,19,2.0,-2.0,0.0,0.0,4.71238994598,0.0,
4377,14732,6135,16,0.0,0.0,-0.600000023842,0.0,-1.57079994678,0.0,
4378,14732,6127,16,0.0,0.0,-0.600000023842,0.0,-1.57079994678,0.0,
4379,14738,6642,19,0.0,0.0,0.0,0.0,0.0,0.0,
4380,14738,4641,34,0.0,0.0,0.0,0.0,0.0,0.0,
4381,14738,6643,34,0.0,0.0,0.0,0.0,0.0,0.0,
4382,14741,6127,16,0.0,0.0,-0.600000023842,0.0,-1.57079994678,0.0,
4383,14741,5673,16,-0.300000011921,0.0,-0.5,0.0,0.0,0.0,
4384,14699,4835,19,0.0,0.0,1.0,0.0,0.0,0.0,
4391,14751,3377,-1,0.0,0.0,0.0,0.0,0.0,0.0,
4392,14748,4687,34,0.0,0.0,0.0,0.0,0.0,0.0,
4402,14610,6700,-1,0.0,0.0,0.0,0.0,0.0,0.0,
4405,14759,6705,19,0.0,0.0,0.0,0.0,0.0,0.0,
4406,14759,6707,19,0.0,0.0,0.0,0.0,0.0,0.0,
4407,14759,6698,19,0.0,0.0,0.0,0.0,0.0,0.0,
4408,14763,6115,-1,0.0,0.0,0.0,0.0,0.0,0.0,
4409,14764,6115,-1,0.0,0.0,0.0,0.0,0.0,0.0,
4410,14764,6064,-1,0.0,0.25,0.0,0.0,-1.57079994678,0.0,
4411,14764,6064,-1,0.0,-0.25,0.0,0.0,-1.57079994678,0.0,
4412,14765,4186,19,0.0,0.0,0.0,0.0,-1.57079994678,0.0,
4413,14767,17,21,0.0,0.0,0.0,0.0,0.0,0.0,
4414,14767,17,22,0.0,0.0,0.0,0.0,0.0,0.0,
4415,14770,4183,19,0.0,0.0,0.0,0.0,0.0,0.0,
4418,14770,3521,19,0.0,0.0,0.0,0.0,0.0,0.0,
4419,14770,4183,19,0.0,0.0,-0.5,0.0,0.0,0.0,
4420,14770,6352,19,0.0,0.0,0.0,0.0,0.0,0.0,
4424,14776,6714,-1,0.0,0.0,5.0,3.14159011841,3.14159011841,0.0,
4429,14778,6468,-1,30.0,0.0,0.0,0.0,0.0,0.0,
4430,14778,6468,-1,-30.0,0.0,0.0,0.0,0.0,0.0,
4431,14778,6468,-1,-35.0,0.0,0.0,0.0,0.0,0.0,
4432,14778,6468,-1,35.0,0.0,0.0,0.0,0.0,0.0,
4437,14085,6117,19,0.0,0.0,-1.5,0.0,0.0,0.0,
4442,14784,6724,-1,0.0,0.0,0.0,3.14159011841,0.0,0.0,
4443,14786,5707,22,0.0,-0.0500000007451,0.0,0.0,0.0,0.0,
4448,14790,7354,20,0.0,0.0,-2.59999990463,0.0,0.0,0.0,
4449,14793,4817,34,0.0,0.0,0.0,0.0,0.0,0.0,
4450,14794,4015,-1,0.0,0.0,0.0,0.0,0.0,0.0,
4451,14800,6733,19,0.0,0.0,-12.0,0.0,0.0,0.0,
4453,14808,6735,19,-0.20000000298,0.0,1.54999995232,0.0,0.0,0.0,
4457,14809,6736,-1,0.0,0.0,0.0,0.0,3.14159011841,0.0,
4458,14807,6080,34,0.0,0.0,0.0,0.0,0.0,0.0,
4459,14811,4626,21,0.0,0.0,0.0,0.0,0.0,0.0,
4460,14811,4626,22,0.0,0.0,0.0,0.0,0.0,0.0,
4461,14816,1984,19,0.0,0.0,0.0,0.0,0.0,0.0,
4464,14817,6734,-1,0.0,0.0,0.0,0.0,0.0,0.0,
4469,14818,6745,22,0.0,0.0,0.0,0.0,0.0,0.0,
4470,14818,6745,21,0.0,0.0,0.0,0.0,0.0,0.0,
4472,14822,6746,12,0.0,0.15000000596,-0.10000000149,0.0,0.0,0.0,
4473,14822,6735,12,0.0,0.0,0.0,0.0,0.0,0.0,
4474,14822,6746,12,0.0,-0.15000000596,-0.10000000149,0.0,0.0,0.0,
4475,14825,717,19,0.0,0.0,0.0,0.0,0.0,0.0,
4476,14831,6747,22,0.0,0.0,0.0,0.0,-0.785398006439,0.0,
4479,14832,6331,19,0.0,0.0,-6.0,0.0,0.0,0.0,
4480,14832,5175,19,0.0,0.0,0.0,0.0,0.0,0.0,
4483,14716,3867,19,0.0,0.0,0.0,0.0,0.0,0.0,
4484,14829,4644,22,0.0,0.0,-0.5,0.0,0.0,0.0,
4485,14829,5680,22,0.0,0.0,-1.0,0.0,0.0,0.0,
4487,14834,5437,19,0.0,0.0,-10.0,0.0,-1.57079994678,0.0,
4488,14834,5678,19,1.0,0.0,-3.0,0.0,0.0,0.0,
4490,14847,5255,-1,0.0,0.0,2.0,0.0,0.0,0.0,
4492,14852,5699,22,0.0,0.0,0.0,0.0,0.0,0.0,
4493,14852,5699,22,-0.25,0.0,0.25,0.0,0.0,0.0,
4494,14852,5699,21,-0.25,0.0,0.25,0.0,0.0,0.0,
4495,14852,5699,21,0.0,0.0,0.0,0.0,0.0,0.0,
4497,14854,5255,-1,0.0,0.0,2.0,0.0,0.0,0.0,
4498,14854,5957,-1,0.0,0.0,0.0,0.0,0.0,0.0,
4499,14854,6591,-1,0.0,0.0,0.0,0.0,0.0,0.0,
4500,14857,5655,34,0.0,0.0,-0.25,0.0,0.0,0.0,
4501,14860,6745,22,0.0,0.0,0.0,1.57079994678,0.785398006439,0.0,
4502,14861,6587,34,0.0,0.0,0.0,0.0,0.0,0.0,
4504,14865,6757,19,0.0,0.0,-2.0,0.0,0.0,0.0,
4506,14869,6759,19,0.0,0.0,-3.0,0.0,0.0,0.0,
4507,14870,4816,22,0.0,0.0,0.0,0.0,0.0,0.0,
4510,14860,6745,21,0.0,0.0,0.0,-1.04719996452,1.22172999382,0.0,
4513,14861,5885,19,0.0,0.0,0.0,0.0,0.0,0.0,
4517,14861,3392,19,0.0,0.0,0.0,0.0,-1.57079994678,0.0,
4518,14876,8584,1,0.0,-0.15000000596,-0.20000000298,3.14159011841,0.0,0.0,
4519,14880,3320,19,0.0,0.0,0.0,0.0,0.0,0.0,
4520,14880,3320,19,0.0,0.0,0.0,0.0,0.0,0.0,
4521,14880,3320,19,0.0,0.0,0.0,0.0,0.0,0.0,
4522,14880,3213,19,0.0,0.0,0.0,0.0,0.0,0.0,
4523,14881,3488,19,0.0,0.0,0.0,0.0,0.0,0.0,
4524,14883,6628,22,0.0,0.0,0.0,0.0,0.785398006439,0.0,
4525,14884,6628,21,0.0,0.0,0.0,0.0,0.0,1.91986000538,
4528,14881,1095,19,0.0,0.0,0.0,0.0,0.0,0.0,
4532,14887,6772,34,0.0,0.0,0.0,0.0,0.0,0.0,
4533,14892,7320,19,4.0,0.0,2.0,0.0,1.57079994678,0.349065989256,
4535,14892,7320,19,4.0,0.0,2.0,0.0,1.57079994678,-0.349065989256,
4536,14892,7320,19,4.0,0.0,2.0,0.0,1.57079994678,0.0,
4537,14894,6776,16,0.0,0.0,-0.20000000298,0.0,-0.61086499691,0.523599028587,
4538,14894,6776,16,0.0,0.0,-0.25,0.0,-0.61086499691,-0.698131978512,
4539,14351,6790,19,0.0,0.0,2.0,0.0,0.0,0.0,
4546,14895,5875,34,-0.5,0.0,0.0,0.0,0.0,0.0,
4548,14351,6789,19,0.0,0.0,0.0,0.0,0.0,0.0,
4549,14895,5076,34,-0.5,0.0,0.0,0.0,0.0,0.0,
4550,14895,6568,34,-0.5,0.0,0.0,0.0,0.0,0.0,
4551,14897,4893,19,0.0,0.0,0.0,0.0,0.0,0.0,
4552,14897,894,-1,0.0,0.0,-5.0,0.0,0.0,3.14159011841,
4554,14907,4786,34,0.0,0.0,0.0,0.0,0.0,0.0,
4556,14911,4037,19,0.0,0.0,0.0,0.0,0.0,0.0,
4557,14911,3002,19,0.0,0.0,0.0,0.0,0.0,0.0,
4558,14912,5146,-1,0.0,0.0,0.0,0.0,0.0,0.0,
4561,14913,6171,34,0.0,0.0,0.0,0.0,0.0,0.0,
4562,14913,6171,34,0.0,0.0,0.0,0.0,0.0,0.0,
4563,14916,6784,19,0.0,0.0,0.600000023842,0.0,0.0,0.0,
4565,14918,3625,19,0.0,0.0,0.0,0.0,0.0,0.0,
4566,14918,3622,19,0.0,0.0,0.0,0.0,0.0,0.0,
4567,14918,3626,19,0.0,0.0,0.0,0.0,0.0,0.0,
4568,14919,287,21,0.0,0.0,0.0,0.0,0.0,0.0,
4569,14919,287,22,0.0,0.0,0.0,0.0,0.0,0.0,
4570,14921,3629,19,0.0,0.0,0.0,0.0,0.0,0.0,
4571,14921,3631,19,0.0,0.0,0.0,0.0,0.0,0.0,
4573,14922,6787,17,0.10000000149,0.0,1.10000002384,0.0,0.0,0.0,
4574,14351,6791,19,0.0,0.0,2.0,0.0,0.0,0.0,
4575,14929,287,21,0.0,0.0,0.0,0.0,0.0,0.0,
4578,14930,6786,34,0.0,0.0,0.0,0.0,0.0,0.0,
4579,14933,623,34,0.0,0.0,0.0,0.0,0.0,0.0,
4580,14934,6320,19,0.0,0.0,0.0,0.0,0.0,0.0,
4581,14935,6140,19,0.0,0.0,0.0,0.0,0.785398006439,0.0,
4582,14936,6794,19,0.0,0.0,0.0,0.0,0.0,0.0,
4584,14938,6646,-1,50.0,0.0,0.0,1.13445997238,0.0,0.0,
4586,14938,6646,-1,75.0,0.0,0.0,0.0,0.0,0.0,
4589,14943,6800,17,0.449999988079,0.709999978542,0.10000000149,0.872664988041,0.959931015968,0.0,
4593,14938,2542,-1,0.0,0.0,0.0,0.0,0.0,0.0,
4595,14944,6792,34,0.0,0.0,0.0,0.0,-1.57079994678,0.0,
4596,14947,3826,19,0.0,0.0,0.0,0.0,0.0,0.0,
4597,14948,6785,21,0.0,0.0,0.0,0.0,0.0,0.0,
4598,14948,6785,22,0.0,0.0,0.0,0.0,0.0,0.0,
4606,14950,6836,-1,0.0,0.0,0.0,0.0,0.0,0.0,
4608,14950,6836,-1,0.0,0.0,0.0,0.0,0.0,0.0,
4612,14952,5734,19,0.0,0.0,0.10000000149,0.0,0.0,0.0,
4614,14952,5235,34,0.0,0.0,0.0,0.0,0.0,0.0,
4623,14955,6806,34,0.0,0.0,0.0,0.0,-1.57079994678,0.0,
4624,14938,6646,-1,50.0,100.0,0.0,1.13445997238,0.0,0.0,
4626,14951,719,19,0.0,0.0,0.0,0.0,0.0,0.0,
4628,14951,719,19,0.0,0.0,0.0,1.57079994678,0.0,0.0,
4629,14959,272,21,0.0,0.0,0.0,0.0,0.0,0.0,
4630,14959,272,22,0.0,0.0,0.0,0.0,0.0,0.0,
4631,14960,272,21,0.0,0.0,0.0,0.0,0.0,0.0,
4632,14960,272,22,0.0,0.0,0.0,0.0,0.0,0.0,
4633,14951,3844,34,0.0,0.0,0.0,0.0,0.0,0.0,
4634,14951,719,19,0.0,0.0,0.0,1.57079994678,0.0,0.0,
4635,14951,719,19,0.0,0.0,0.0,0.0,0.0,0.0,
4638,14961,272,21,0.0,0.0,0.0,0.0,0.0,0.0,
4639,14961,6669,21,0.0,0.0,0.0,0.0,0.0,0.0,
4640,14961,6455,21,0.0,0.0,0.0,0.698131978512,0.0,0.0,
4641,14962,6725,22,1.0,0.0,0.0,0.0,0.0,0.0,
4643,14966,6669,21,0.0,0.0,0.0,0.0,0.0,0.0,
4644,14966,6669,22,0.0,0.0,0.0,0.0,0.0,0.0,
4645,14969,6811,34,0.0,0.0,0.0,0.0,0.0,0.0,
4649,14966,6812,21,0.0,0.0,0.0,0.0,0.0,0.0,
4650,14966,6812,22,0.0,0.0,0.0,0.0,0.0,0.0,
4651,14970,3799,20,-0.300000011921,0.0,0.600000023842,0.0,0.0,0.0,
4652,14972,6768,-1,0.0,0.0,0.0,0.0,0.0,0.0,
4654,14973,7178,-1,0.0,0.0,0.0,0.0,0.0,0.0,
4655,14974,1342,20,0.0,0.0,0.0,0.0,0.0,0.0,
4659,14976,5254,19,0.0,0.0,1.0,0.0,0.0,0.0,
4660,14975,5254,34,0.0,0.0,0.0,0.0,0.0,0.0,
4662,14971,6602,22,0.0,0.0,0.0,0.0,0.0,0.0,
4663,14971,6602,21,0.0,0.0,0.0,0.0,0.0,0.0,
4667,14973,6754,-1,0.0,0.0,-3.0,0.0,-1.57079994678,0.0,
4668,14978,117,21,0.0,0.0,0.0,0.0,0.0,0.0,
4669,14978,117,22,0.0,0.0,0.0,0.0,0.0,0.0,
4670,14977,5137,22,0.0,0.0,0.0,0.0,0.0,0.0,
4671,14977,5137,22,0.0,0.0,0.0,0.0,0.0,0.0,
4672,14977,5137,22,0.0,0.0,0.0,0.0,0.0,0.0,
4673,14977,6269,22,0.0,0.0,0.0,0.0,0.0,0.0,
4674,14979,4059,19,0.0,0.0,0.0,0.0,0.0,0.0,
4677,14982,6264,12,0.319999992847,0.0,-1.62999999523,0.0,0.0,0.0,
4678,14985,4403,19,0.0,0.0,0.0,0.0,0.0,0.0,
4679,14988,4896,34,0.0,0.0,0.0,0.0,0.0,0.0,
4680,14991,287,21,0.0,0.0,0.0,0.0,0.0,0.0,
4681,14991,287,22,0.0,0.0,0.0,0.0,0.0,0.0,
4683,15004,6821,21,0.0,0.0,0.0,0.0,0.0,0.0,
4684,15004,6821,22,0.0,0.0,0.0,0.0,0.0,0.0,
4685,15004,6820,22,0.0,0.0,0.0,0.0,0.0,0.0,
4686,15004,6820,21,0.0,0.0,0.0,0.0,0.0,0.0,
4687,15006,83,34,0.0,0.0,0.0,0.0,0.0,0.0,
4689,15005,6823,22,0.0,0.0,0.0,0.0,0.0,0.0,
4690,15011,3953,-1,0.0,0.0,8.0,0.0,0.0,0.0,
4691,15015,4233,19,0.0,0.0,0.0,0.0,0.0,0.0,
4693,15015,127,21,0.0,0.0,0.0,0.0,0.0,0.0,
4694,15015,127,22,0.0,0.0,0.0,0.0,0.0,0.0,
4696,15015,4233,19,0.0,0.0,0.0,0.0,0.0,0.0,
4697,16183,9185,48,150.0,-1000.0,0.0,0.0,0.0,0.0,
4698,16396,0,12,0.319999992847,0.0,-1.62999999523,0.0,0.0,0.0,
4699,14638,8559,34,0.0,0.0,-0.34999999404,0.0,0.0,0.0,
4700,200000,8000,12,0.0,0.0,0.0,0.0,0.0,0.0,
4701,200001,8001,12,0.0,0.0,0.0,0.0,0.0,0.0,
4702,200002,8002,12,0.0,0.0,0.0,0.0,0.0,0.0,
4703,200003,8003,12,0.0,0.0,0.0,0.0,0.0,0.0,
4704,200004,8004,12,0.0,0.0,0.0,0.0,0.0,0.0,
4705,200005,8005,12,0.0,0.0,0.0,0.0,0.0,0.0,
4706,200006,8006,12,0.0,0.0,0.0,0.0,0.0,0.0,
4707,200007,8007,12,0.0,0.0,0.0,0.0,0.0,0.0,
4708,200008,8008,12,0.0,0.0,0.0,0.0,0.0,0.0,
4709,200009,8009,12,0.0,0.0,0.0,0.0,0.0,0.0,
4710,200010,8010,12,0.0,0.0,0.0,0.0,0.0,0.0,
4711,200011,8011,12,0.0,0.0,0.0,0.0,0.0,0.0,
4712,200015,8012,12,0.0,0.0,0.0,0.0,0.0,0.0,
4713,200016,8013,12,0.0,0.0,0.0,0.0,0.0,0.0,
4714,200017,8014,12,0.0,0.0,0.0,0.0,0.0,0.0,
4715,200018,8015,12,0.0,0.0,0.0,0.0,0.0,0.0,
4716,15030,4415,22,0.0,0.0,0.0,0.0,0.0,0.0,
4718,15030,4269,22,0.0,0.0,0.75,0.0,3.14159011841,0.0,
4719,15031,4844,34,0.5,0.0,0.0,0.0,1.57079994678,0.0,
4722,15030,6366,34,0.0,1.0,3.0,0.0,0.0,0.0,
4726,15035,6670,21,0.0,0.0,0.0,0.0,0.0,0.0,
4727,15035,6670,22,0.0,0.0,0.0,0.0,0.0,0.0,
4728,15037,6810,34,0.0,0.0,0.0,0.0,0.0,0.0,
4729,15036,6838,19,0.0,0.0,0.0,0.0,0.0,0.0,
4730,15036,6837,19,0.0,0.0,0.0,0.0,0.0,0.0,
4732,15038,6708,19,0.0,0.0,0.0,0.0,0.0,0.0,
4733,15039,7179,19,0.0,0.0,0.0,0.0,0.0,0.0,
4735,15041,7262,34,0.0,-1.0,-1.0,0.0,0.0,0.0,
4738,15041,7262,34,0.0,0.0,0.0,0.0,0.0,0.0,
4739,15041,7262,34,0.0,1.0,-1.0,0.0,0.0,0.0,
4740,15042,3084,19,0.0,0.0,0.0,0.0,0.0,0.0,
4742,15043,6834,19,0.0,0.0,0.0,0.0,0.0,0.0,
4744,15046,6669,21,0.0,0.0,0.0,0.0,0.0,0.0,
4745,15046,6669,22,0.0,0.0,0.0,0.0,0.0,0.0,
4747,15048,6669,21,0.0,0.0,0.0,0.0,0.0,0.0,
4748,15048,6669,22,0.0,0.0,0.0,0.0,0.0,0.0,
4749,15050,6752,22,0.0,0.0,0.0,0.0,0.0,0.0,
4751,15053,4470,34,0.0,0.0,0.0,0.0,0.0,0.0,
4753,15055,6669,21,0.0,0.0,0.0,0.0,0.0,0.0,
4754,15055,6669,22,0.0,0.0,0.0,0.0,0.0,0.0,
4757,15059,7362,19,0.0,0.0,0.0,0.0,0.0,0.0,
4760,15047,6852,-1,0.0,0.0,-1.0,0.0,0.0,0.0,
4761,15047,4053,-1,0.0,0.0,0.0,0.0,0.0,0.0,
4763,15066,6854,-1,0.0,0.0,0.0,0.0,0.0,0.0,
4765,15073,5373,19,0.0,0.0,0.0,0.0,0.0,0.0,
4767,15073,4690,19,0.0,0.0,0.0,0.0,0.0,0.0,
4770,15074,6856,34,0.0,0.0,0.0,0.0,0.0,0.0,
4774,15076,6920,22,0.0,0.0,0.0,0.0,0.0,0.0,
4775,15078,3464,34,0.0,0.0,0.0,0.0,0.0,0.0,
4777,15081,6606,17,3.0,0.0,0.0,0.0,0.0,0.0,
4778,15083,2,34,0.0,0.0,0.0,0.0,0.0,0.0,
4779,15085,6596,22,0.0,0.0,0.0,0.0,0.0,0.0,
4780,15086,4662,38,0.0,0.0,0.0,0.0,0.0,0.0,
4781,15087,3284,19,0.0,0.0,0.0,0.0,0.0,0.0,
4783,15089,3195,34,0.0,0.0,0.0,0.0,0.0,1.30900001526,
4784,15091,6590,19,0.0,0.0,0.0,0.0,0.0,0.0,
4785,15091,4447,19,0.0,0.0,0.0,0.0,0.0,0.0,
4787,15092,3195,19,0.0,0.0,0.0,0.0,0.0,1.30900001526,
4788,15092,3195,19,-0.5,-0.5,0.0,0.0,0.0,1.30900001526,
4789,15092,3195,19,-0.5,0.5,0.0,0.0,0.0,1.30900001526,
4790,15094,6867,-1,0.0,0.0,-2.0,0.0,0.0,0.0,
4791,15095,6564,-1,0.0,0.0,0.0,0.0,0.0,0.0,
4792,15095,4953,-1,0.0,0.0,2.0,0.0,0.0,0.0,
4793,15095,4603,-1,0.0,0.0,0.0,0.0,0.0,0.0,
4794,15098,4158,19,0.0,0.0,0.0,0.0,0.0,0.0,
4796,15098,5805,19,0.0,0.0,0.0,0.0,0.0,0.0,
4797,15098,5805,19,0.0,2.0,0.0,0.0,0.0,0.0,
4798,15098,5805,19,0.0,-2.0,0.0,0.0,0.0,0.0,
4799,15098,5805,19,2.0,0.0,0.0,0.0,0.0,0.0,
4800,15098,5805,19,-2.0,0.0,0.0,0.0,0.0,0.0,
4801,15100,6871,34,0.0,0.0,0.0,0.0,0.0,0.0,
4802,15100,117,22,0.0,0.0,0.0,0.0,0.0,0.0,
4803,15100,117,21,0.0,0.0,0.0,0.0,0.0,0.0,
4807,15104,4626,34,0.0,0.0,0.0,0.0,0.0,0.0,
4808,15104,4626,21,0.0,0.0,0.0,0.0,0.0,0.0,
4809,15104,4626,22,0.0,0.0,0.0,0.0,0.0,0.0,
4810,15105,6821,22,0.0,0.0,0.0,0.0,0.0,0.0,
4811,15105,6821,21,0.0,0.0,0.0,0.0,0.0,0.0,
4812,15105,6820,22,0.0,0.0,0.0,0.0,0.0,0.0,
4813,15105,6820,21,0.0,0.0,0.0,0.0,0.0,0.0,
4814,15106,83,34,0.0,0.0,0.0,0.0,0.0,0.0,
4817,15107,6754,22,0.0,0.0,0.0,-0.698131978512,1.22172999382,0.0,
4819,15107,6341,19,0.0,0.0,0.0,0.0,0.0,0.0,
4820,15107,6820,22,0.0,0.0,0.0,0.0,0.0,0.0,
4821,15107,6820,21,0.0,0.0,0.0,0.0,0.0,0.0,
4822,15107,6686,21,0.0,0.0,0.0,0.0,0.0,0.0,
4823,15107,6686,22,0.0,0.0,0.0,0.0,0.0,0.0,
4825,15066,6271,-1,0.0,0.0,0.0,0.0,0.0,0.0,
4826,15112,6669,17,0.0,0.0,0.0,0.0,0.0,0.0,
4828,15113,6650,34,0.0,0.0,0.0,0.0,0.0,0.0,
4831,15114,6878,22,0.0,0.0,0.0,0.0,0.0,0.0,
4832,15115,6877,21,0.5,0.0,0.0,0.0,0.0,0.0,
4834,15118,6880,19,-2.5,0.0,-8.5,0.0,0.0,0.0,
4835,15118,855,19,0.0,0.0,2.0,0.0,0.0,0.0,
4836,15121,6881,19,0.0,0.0,0.0,0.0,0.0,0.0,
4837,15121,6881,34,0.0,0.0,0.0,0.0,0.0,0.0,
4842,15127,4502,19,0.0,0.0,0.0,0.0,0.0,0.0,
4843,15126,4853,22,0.0,0.0,0.0,0.0,0.0,0.0,
4844,15125,5700,22,0.0,0.0,0.0,0.0,0.0,0.0,
4845,15125,6352,22,0.0,0.0,0.0,0.0,0.0,0.0,
4848,15127,5680,19,0.0,0.0,0.0,0.0,0.0,0.0,
4849,15131,5680,19,0.0,0.0,0.0,0.0,0.0,0.0,
4850,15131,4502,19,0.0,0.0,0.0,0.0,0.0,0.0,
4852,15134,4783,19,0.0,0.0,1.5,0.0,0.0,0.0,
4853,15139,6500,19,0.0,0.0,0.20000000298,0.0,0.0,0.0,
4860,15135,6886,21,0.0,0.0,0.0,0.0,0.0,0.0,
4861,15140,6893,6,-0.0500000007451,-0.20000000298,-0.20000000298,1.57079994678,0.261799007654,0.0,
4862,15140,6893,5,-0.0500000007451,0.170000001788,-0.20000000298,1.57079994678,-0.209439992905,0.0,
4863,15140,6893,32,0.129999995232,0.0799999982119,0.0500000007451,1.57079994678,0.0,0.0,
4864,15139,6435,19,0.0,0.0,0.0,0.0,0.0,0.0,
4865,15139,3519,19,0.0,0.0,0.0,0.0,0.0,0.0,
4866,15144,4067,19,0.0,0.0,2.5,0.0,0.0,0.0,
4867,15140,6893,33,0.129999995232,-0.0799999982119,0.0500000007451,1.57079994678,0.0,0.0,
4868,15147,4382,19,0.0,0.0,0.0,0.0,0.0,0.0,
4869,15147,1016,19,0.0,0.0,0.0,0.0,0.0,0.0,
4870,15140,6891,16,-0.10000000149,0.0,0.20000000298,0.0,0.0,0.0,
4874,15154,6813,34,0.0,0.0,0.0,0.0,0.0,0.0,
4886,15155,6905,19,0.0,0.0,20.0,0.0,3.14159011841,0.0,
4887,15155,6906,19,0.0,0.0,0.0,0.0,1.57079994678,0.0,
4893,15154,6903,34,0.0,0.0,0.0,0.0,0.0,0.0,
4894,15154,6903,34,0.0,0.0,0.0,0.0,0.0,0.0,
4895,15154,6903,34,0.0,0.0,0.0,0.0,0.0,0.0,
4896,15154,5140,34,0.0,0.0,0.0,0.0,-1.57079994678,0.0,
4897,15125,6909,22,0.0,0.0,0.0,0.0,0.0,0.0,
4899,15164,6916,19,0.0,0.20000000298,-0.5,0.0,0.0,0.0,
4902,15168,4460,19,0.0,0.0,0.0,0.0,0.0,0.0,
4903,15168,6366,19,0.0,0.0,0.0,0.0,0.0,0.0,
4905,15170,6917,19,0.0,0.0,-33.0,0.0,0.0,0.0,
4906,15168,4460,19,0.0,0.0,0.0,0.0,0.0,0.0,
4907,15170,6610,19,0.0,0.0,-30.0,0.0,0.0,0.0,
4911,15175,6919,21,0.0,0.0,0.0,0.0,0.0,0.0,
4912,15175,6919,22,0.0,0.0,0.0,0.0,0.0,0.0,
4914,15175,6304,19,0.0,0.0,0.0,0.0,0.0,0.0,
4915,15076,5875,22,0.0,0.0,0.0,0.0,0.0,0.0,
4916,15076,5875,21,0.0,0.0,0.0,0.0,0.0,0.0,
4917,15076,6920,21,0.0,0.0,0.0,0.0,0.0,0.0,
4918,15177,6643,34,0.0,0.0,0.0,0.0,0.0,0.0,
4919,15177,5076,34,0.0,0.0,0.0,0.0,0.0,0.0,
4921,15178,6866,-1,0.0,0.0,0.0,0.0,0.0,0.0,
4922,15178,6921,-1,0.0,0.0,0.0,0.0,0.0,0.0,
4923,15178,6922,-1,0.0,0.0,0.0,0.0,0.0,0.0,
4925,15179,3756,21,0.0,0.0,0.0,0.0,0.0,0.0,
4926,15179,3756,22,0.0,0.0,0.0,0.0,0.0,0.0,
4927,15179,73,22,0.0,0.0,0.0,0.0,0.0,0.0,
4928,15179,73,21,0.0,0.0,0.0,0.0,0.0,0.0,
4933,15183,6924,34,0.0,0.0,0.0,0.0,0.61086499691,0.0,
4935,15182,6755,19,0.0,10.0,0.0,0.0,0.0,0.0,
4939,15189,6928,19,0.0,0.0,0.0,0.0,0.0,0.0,
4940,15189,6927,19,0.0,0.0,0.0,0.0,0.0,0.0,
4941,15189,6929,19,0.0,0.0,0.0,0.0,0.0,0.0,
4942,15190,6756,-1,15.0,0.0,1.0,0.0,0.0,0.0,
4943,15191,5987,19,0.0,0.0,0.0,0.0,0.0,0.0,
4944,15192,6932,19,0.0,0.0,-16.0,0.0,0.0,0.0,
4946,15195,2902,19,0.0,0.0,0.15000000596,0.0,0.0,0.0,
4948,15197,6136,-1,0.0,0.0,20.0,0.0,0.0,0.0,
4950,15198,5805,19,0.0,0.0,0.0,0.0,0.0,0.0,
4952,15198,6938,19,0.0,0.0,-1.0,0.0,0.0,0.0,
4953,15208,6686,17,-0.10000000149,0.0,0.10000000149,0.0,0.0,0.0,
4954,15209,6944,17,-0.10000000149,0.0,0.10000000149,0.0,0.0,0.0,
4955,15210,4891,34,0.0,0.0,0.0,0.0,0.0,0.0,
4956,15210,4891,34,0.0,0.0,0.0,5.23599004745,0.0,0.0,
4957,15210,4891,34,0.0,0.0,0.0,2.09438991547,0.0,0.0,
4958,15210,4891,34,0.0,0.0,0.0,4.18878984451,0.0,0.0,
4959,15210,4891,34,0.0,0.0,0.0,1.04719996452,0.0,0.0,
4960,15210,4891,34,0.0,0.0,0.0,3.14159011841,0.0,0.0,
4961,15216,7562,17,0.0,0.0,0.0,0.0,-1.57079994678,0.0,
4963,15219,6946,21,0.20000000298,0.20000000298,0.20000000298,0.0,1.57079994678,-0.523599028587,
4964,15219,6946,22,0.10000000149,0.0,0.0,0.0,0.349065989256,1.22172999382,
4966,15225,6947,19,0.0,0.0,0.0,0.0,0.0,0.0,
4967,15225,6947,19,0.0,0.0,0.0,0.523599028587,0.0,0.0,
4968,15225,6947,19,0.0,0.0,0.0,-0.523599028587,0.0,0.0,
4969,15225,6782,19,0.0,0.0,0.0,0.0,1.57079994678,0.0,
4970,15225,6947,19,0.0,0.0,0.0,0.785398006439,0.0,0.0,
4971,15225,6947,19,0.0,0.0,0.0,-0.785398006439,0.0,0.0,
4973,15231,6952,34,-0.699999988079,-0.25,-0.219999998808,0.0,0.0,0.0,
4974,15231,6952,34,-0.699999988079,0.25,-0.40000000596,0.0,0.0,0.0,
4975,15231,6952,34,-0.699999988079,0.25,-0.219999998808,0.0,0.0,0.0,
4976,15231,6952,34,-0.699999988079,-0.25,-0.40000000596,0.0,0.0,0.0,
4977,15232,6953,19,0.0,0.0,0.0,0.0,0.0,0.0,
4978,15234,4537,19,0.0,0.0,0.0,0.0,0.0,0.0,
4980,15236,6955,19,2.0,0.0,0.0,4.79965019226,0.0,0.0,
4981,15237,5071,22,2.0,0.0,0.0,0.0,0.0,0.0,
4982,15242,6920,20,2.40000009537,0.0,-1.29999995232,0.0,0.0,0.0,
4983,15246,6956,19,0.0,0.0,-1.14999997616,0.0,0.0,0.0,
4985,15253,4144,19,0.0,0.0,0.0,3.14159011841,0.0,0.0,
4987,15258,3375,-1,0.0,0.0,1.0,0.0,0.0,0.0,
4988,15261,5361,20,2.59999990463,0.0,-1.70000004768,0.0,0.0,0.0,
4989,15262,6096,21,0.0,0.0,0.0,0.0,0.0,0.0,
4990,15262,6096,22,0.0,0.0,0.0,0.0,0.0,0.0,
4991,15264,6959,-1,-0.5,7.0,0.0,0.0,-1.57079994678,0.0,
4992,15265,5842,-1,-0.5,7.0,0.0,0.0,-1.57079994678,0.0,
4993,15266,6731,-1,0.0,0.0,0.0,0.0,0.0,0.0,
4994,15268,6961,-1,0.0,0.0,-2.0,0.0,0.0,0.0,
4995,15268,2989,-1,0.0,0.0,-2.0,0.0,0.0,0.0,
4996,14244,6418,19,0.0,0.0,1.75,0.0,0.0,3.14159011841,
4997,15272,6984,21,0.0,0.0,0.0,0.0,-0.61086499691,0.0,
4998,15272,6984,21,0.0,0.0,0.0,3.14159011841,-0.61086499691,0.0,
4999,15272,6984,21,0.0,0.0,0.0,1.57079994678,-0.61086499691,0.0,
5000,15272,6984,21,0.0,0.0,0.0,4.71238994598,-0.61086499691,0.0,
5001,15272,6984,21,0.0,0.0,0.0,0.785398006439,-0.61086499691,0.0,
5002,15272,6984,21,0.0,0.0,0.0,2.3561899662,-0.61086499691,0.0,
5003,15272,6984,21,0.0,0.0,0.0,3.9269900322,-0.61086499691,0.0,
5004,15272,6984,21,0.0,0.0,0.0,5.49778985977,-0.61086499691,0.0,
5007,14595,3934,34,0.5,0.0,-0.5,0.0,0.0,0.0,
5008,15276,8676,19,0.0,0.0,2.0,0.0,0.0,0.0,
5010,15278,5076,34,0.0,0.0,0.0,0.0,0.0,0.0,
5015,15286,6969,-1,0.0,0.0,0.0,0.0,-1.57079994678,0.0,
5016,15287,6970,19,0.0,0.0,0.0,0.0,0.0,0.0,
5017,15291,6972,19,0.0,0.0,0.0,0.0,0.0,0.0,
5018,15292,6973,19,0.0,0.0,0.0,0.0,0.0,0.0,
5020,15303,6979,17,-0.17499999702,0.0,0.10000000149,0.0,0.0,0.0,
5021,15305,7109,19,0.0,0.0,1.0,-0.0872659981251,0.0,0.0,
5026,15305,7109,19,0.0,0.0,1.0,0.261799007654,0.0,0.0,
5027,15302,3390,22,0.0,0.0,0.0,3.14159011841,0.0,0.0,
5030,15308,6987,-1,0.0,0.0,0.0,0.0,0.0,0.0,
5032,15308,6989,-1,0.0,0.0,0.0,0.0,0.0,0.0,
5034,15313,4700,34,0.0,0.0,0.0,0.0,0.0,0.0,
5035,15318,3984,19,0.0,0.0,-0.5,0.0,0.0,0.0,
5036,15319,4246,19,0.0,0.0,0.0,0.0,0.0,0.0,
5038,15319,6994,19,0.0,0.0,0.5,0.0,0.0,0.0,
5039,15320,5775,19,0.0,0.0,-0.800000011921,0.0,0.0,0.0,
5040,15322,117,22,0.0,0.0,0.0,0.0,0.0,0.0,
5041,15322,117,21,0.0,0.0,0.0,0.0,0.0,0.0,
5043,15324,5775,19,-0.550000011921,0.0,-0.800000011921,0.0,0.0,0.0,
5044,15327,5696,-1,0.0,0.0,0.0,0.0,0.0,0.0,
5045,15327,6236,-1,0.0,0.0,1.0,0.0,0.0,0.0,
5046,15329,3684,19,0.0,0.0,0.0,0.0,0.0,0.0,
5047,15327,4470,-1,0.0,0.0,3.0,0.0,0.0,0.0,
5048,15330,6996,19,0.0,0.0,0.5,0.0,0.0,0.0,
5049,15330,6996,19,0.0,0.0,0.5,5.23599004745,0.0,0.0,
5050,15330,6996,19,0.0,0.0,0.5,2.09438991547,0.0,0.0,
5051,15330,6996,19,0.0,0.0,0.5,4.18878984451,0.0,0.0,
5052,15330,6996,19,0.0,0.0,0.5,1.04719996452,0.0,0.0,
5053,15330,6996,19,0.0,0.0,0.5,3.14159011841,0.0,0.0,
5054,15333,287,22,0.0,0.0,0.0,0.0,0.0,0.0,
5055,15333,287,21,0.0,0.0,0.0,0.0,0.0,0.0,
5056,15329,3684,19,0.0,0.0,0.5,0.0,0.0,0.0,
5057,15329,3684,19,0.0,0.0,1.0,0.0,0.0,0.0,
5058,15335,5015,34,0.0,0.0,0.0,0.0,0.0,0.0,
5059,15336,6629,34,-0.300000011921,0.0,0.419999986887,0.0,0.872664988041,0.0,
5061,15339,6998,-1,0.0,0.0,0.5,0.0,0.0,0.0,
5062,15340,6127,12,0.0,0.0,-0.649999976158,0.0,-1.57079994678,0.0,
5063,15341,6135,12,0.0,0.0,-0.649999976158,0.0,-1.57079994678,0.0,
5064,15343,6757,19,0.0,0.0,0.0,0.0,0.0,0.0,
5065,15346,7002,19,0.0,0.0,-1.5,0.0,0.0,0.0,
5066,15348,255,19,0.0,-2.09999990463,0.649999976158,0.0,0.0,0.0,
5067,15349,73,34,0.0,0.20000000298,0.20000000298,0.0,0.0,0.0,
5068,15350,293,34,0.0,-0.10000000149,0.20000000298,0.0,0.0,0.0,
5069,15354,5632,17,0.0,0.0,0.0,-0.174532994628,0.0,0.0,
5070,15354,5632,17,0.0,0.0,0.0,0.174532994628,0.0,0.0,
5071,15362,6765,17,0.0,0.0,0.0,0.0,-1.57079994678,0.0,
5072,15363,3539,19,0.0,0.0,5.0,0.0,0.0,0.0,
5073,15363,7005,19,0.0,0.0,5.0,0.0,0.0,0.0,
5074,15363,88,21,0.0,0.0,0.0,0.0,0.0,0.0,
5079,15376,5220,19,3.0,0.0,-2.0,0.0,0.0,0.0,
5080,15376,5220,19,0.0,3.0,-2.0,0.0,0.0,0.0,
5081,15376,5220,19,-3.0,0.0,-2.0,0.0,0.0,0.0,
5082,15376,5220,19,0.0,-3.0,-2.0,0.0,0.0,0.0,
5083,15376,5220,19,0.0,0.0,-2.0,0.0,0.0,0.0,
5084,15378,7009,19,0.0,0.0,-2.0,0.0,0.0,0.0,
5085,15378,7009,19,-3.0,0.0,-2.0,0.0,0.0,0.0,
5086,15378,7009,19,3.0,0.0,-2.0,0.0,0.0,0.0,
5087,15378,7009,19,0.0,-3.0,-2.0,0.0,0.0,0.0,
5088,15378,7009,19,0.0,3.0,-2.0,0.0,0.0,0.0,
5089,15372,7013,42,0.0,0.0,0.0,0.0,0.0,0.0,
5093,15379,7012,19,0.0,0.0,-2.0,0.0,0.0,0.0,
5096,15379,7012,19,2.0,0.0,-2.0,0.0,0.0,0.0,
5097,15379,7012,19,-2.0,0.0,-2.0,0.0,0.0,0.0,
5098,15379,7012,19,0.0,2.0,-2.0,0.0,0.0,0.0,
5099,15379,7012,19,0.0,-2.0,-2.0,0.0,0.0,0.0,
5100,15380,7013,41,0.0,0.0,0.0,0.0,0.0,0.0,
5101,15381,7013,43,0.0,0.0,0.0,0.0,0.0,0.0,
5102,15382,7013,44,0.0,0.0,0.0,0.0,0.0,0.0,
5104,15385,4892,-1,0.0,0.0,1.0,0.0,0.0,0.0,
5107,15384,252,20,-5.0,0.0,-0.75,0.0,0.0,0.0,
5109,15386,6153,-1,0.0,0.0,0.0,0.0,0.0,0.0,
5110,15389,7015,34,0.0,0.0,-1.0,0.0,0.0,0.0,
5111,15390,7023,16,0.0,0.0,-0.10000000149,0.0,0.0,0.0,
5115,15390,7020,16,-0.00999999977648,0.119999997318,0.300000011921,3.31612992287,1.57079994678,0.436331987381,
5116,15390,7021,16,-0.0500000007451,-0.10000000149,0.319999992847,0.0,0.0,-0.523599028587,
5117,15390,7022,16,-0.119999997318,-0.129999995232,0.310000002384,0.0,0.0,0.349065989256,
5121,15395,5655,34,0.0,0.0,-0.5,0.0,0.0,0.0,
5123,15396,6918,17,0.5,0.0,0.10000000149,0.0,0.0,0.0,
5124,12503,3671,44,0.0,0.0,0.0,0.0,0.0,0.0,
5125,12503,3671,41,0.0,0.0,0.0,0.0,0.0,0.0,
5126,12503,3671,42,0.0,0.0,0.0,0.0,0.0,0.0,
5127,12503,3671,43,0.0,0.0,0.0,0.0,0.0,0.0,
5128,15399,3891,17,0.0,0.0,0.0,0.0,0.0,0.0,
5129,15405,6593,-1,0.0,0.0,0.0,0.0,0.0,0.0,
5131,15404,6788,-1,0.0,0.0,0.0,0.0,0.0,0.0,
5132,14976,6591,-1,0.0,0.0,0.0,0.0,0.0,0.0,
5135,15406,7320,-1,0.0,0.0,0.0,0.0,0.0,0.0,
5138,15407,3090,19,0.0,0.0,0.0,0.0,0.0,0.0,
5139,15408,4845,34,0.0,0.0,0.0,0.0,0.0,0.0,
5140,15410,6682,-1,0.0,0.0,2.5,0.0,0.0,0.0,
5141,15414,7029,19,0.0,0.0,-10.0,0.0,0.0,0.0,
5142,15418,7031,34,0.0,0.0,0.0,0.0,0.0,0.0,
5143,15419,4700,-1,0.0,0.0,4.0,0.0,0.0,0.0,
5145,15420,6458,34,0.40000000596,0.0,-0.5,0.0,0.0,0.0,
5146,15420,6458,34,0.40000000596,0.0,-0.5,0.0,0.0,0.0,
5147,15422,5885,19,0.0,0.0,0.0,0.0,0.0,0.0,
5148,15425,6447,-1,0.0,0.0,0.0,0.0,0.0,0.0,
5150,15425,5987,-1,0.0,0.0,0.0,0.0,0.0,0.0,
5151,15430,6260,-1,0.0,0.0,0.0,0.0,0.0,0.0,
5152,15431,6187,34,0.0,0.0,0.0,0.0,0.0,0.0,
5153,15426,5694,19,0.0,0.0,0.0,0.0,0.0,0.0,
5155,15431,7032,34,0.0,0.0,0.0,0.0,0.0,0.0,
5156,15072,6960,34,0.0,1.20000004768,0.0,-1.39626002312,0.0,-2.09438991547,
5157,15426,6055,19,0.0,0.0,0.0,0.0,0.0,0.0,
5159,15434,355,19,0.0,0.0,0.0,0.0,0.0,0.0,
5160,15434,5109,19,0.0,0.0,0.0,0.0,0.0,0.0,
5161,15435,7038,17,0.20000000298,0.0,0.5,0.0,0.872664988041,0.0,
5162,13713,3021,19,-3.0,-1.5,0.0,0.0,0.0,0.0,
5163,13713,5928,19,-3.0,-1.5,0.25,0.0,0.0,0.0,
5164,15437,3694,19,0.0,0.0,-2.0,0.0,0.0,0.0,
5165,15454,7045,34,0.0,0.0,0.0,0.0,0.0,0.0,
5166,15456,7047,12,0.34999999404,0.0,-0.20000000298,0.0,0.0,0.0,
5167,15461,7048,19,0.0,0.0,2.0,0.0,0.0,0.0,
5168,15466,7051,19,0.0,0.0,-3.25,0.0,0.0,0.0,
5169,15469,6671,23,0.5,0.0,0.5,0.0,0.0,0.0,
5172,15471,7052,23,0.0,0.0,0.0,0.0,0.349065989256,0.0,
5173,15479,5571,17,-0.5,0.0,0.20000000298,0.0,0.0,0.0,
5174,15479,7058,17,-0.15000000596,0.180000007153,0.449999988079,0.0,0.0,0.0,
5175,15480,7062,17,-0.5,0.0,-0.5,0.0,0.0,0.0,
5176,15480,7061,17,-0.550000011921,0.180000007153,0.449999988079,0.0,1.57079994678,0.0,
5177,15484,7068,15,-0.40000000596,0.0,-0.15000000596,0.0,0.523599028587,0.0,
5178,15485,5838,34,0.0,0.0,0.0,0.0,0.0,0.0,
5180,15490,7914,15,0.0,0.0,10.0,3.14159011841,0.0,0.0,
5182,15486,4241,19,0.0,0.0,0.0,0.0,0.0,0.0,
5183,15486,5429,19,0.0,0.0,0.0,0.0,0.0,0.0,
5184,15486,5436,19,0.0,0.0,0.0,0.0,0.0,0.0,
5185,15486,3443,19,0.0,0.0,0.0,0.0,0.0,0.0,
5187,15509,5838,15,-0.300000011921,0.0,0.569999992847,0.0,0.174532994628,0.0,
5188,15510,7070,15,-0.300000011921,0.0,0.649999976158,0.0,-0.174532994628,0.0,
5189,15514,5885,19,0.0,0.0,0.0,0.0,0.0,0.0,
5191,15517,5967,34,0.0,0.0,0.20000000298,0.0,0.0,0.0,
5195,15511,6602,34,0.0,0.0,0.25,0.0,0.0,0.0,
5199,15488,4974,19,0.5,0.0,0.0,0.0,0.0,0.0,
5201,15520,4603,19,0.0,0.0,0.0,0.0,0.0,0.0,
5204,15520,5342,19,0.0,0.0,0.0,0.0,0.0,0.0,
5205,15526,4893,19,0.0,0.0,1.0,0.0,0.0,0.0,
5207,15527,7084,19,0.0,-7.0,0.0,0.0,0.0,0.0,
5208,15527,7084,19,3.0,0.0,3.0,0.0,0.0,0.0,
5209,15527,7084,19,-6.0,-14.0,-3.0,0.0,0.0,0.0,
5211,15528,7084,19,0.0,-4.0,0.0,0.0,0.0,0.0,
5212,15528,7084,19,0.0,4.0,0.0,0.0,0.0,0.0,
5217,15531,7084,15,0.0,-7.0,0.0,0.0,0.0,0.0,
5218,15531,7084,15,0.0,7.0,0.0,0.0,0.0,0.0,
5219,15531,7084,15,-6.0,-14.0,-3.0,0.0,0.0,0.0,
5220,15531,7084,15,-6.0,14.0,-3.0,0.0,0.0,0.0,
5221,15531,7084,15,6.0,0.0,3.0,0.0,0.0,0.0,
5222,15531,7084,15,31.0,14.0,10.0,0.0,0.0,0.0,
5223,15531,7084,15,31.0,-14.0,10.0,0.0,0.0,0.0,
5224,15531,7084,15,36.0,7.0,13.0,0.0,0.0,0.0,
5225,15531,7084,15,36.0,-7.0,13.0,0.0,0.0,0.0,
5226,15533,5050,22,0.0,0.0,0.0,-1.74532997608,0.0,1.57079994678,
5227,15535,7084,19,0.0,7.0,0.0,0.0,0.0,0.0,
5228,15535,7084,19,3.0,0.0,3.0,0.0,0.0,0.0,
5229,15535,7084,19,-6.0,14.0,-3.0,0.0,0.0,0.0,
5230,15537,88,2,0.649999976158,-0.20000000298,0.15000000596,0.0,0.0,0.0,
5231,15537,5871,1,0.10000000149,0.0,0.0,0.0,0.0,0.0,
5232,15537,7088,12,0.0,0.0,0.0,1.57079994678,0.0,1.57079994678,
5233,15544,7915,19,0.0,3.0,18.0,3.14159011841,0.0,0.0,
5234,15546,7091,17,-0.370000004768,0.0,0.360000014305,0.0,-0.61086499691,0.0,
5235,15547,6920,22,0.0,0.0,0.0,0.0,0.0,0.0,
5236,15547,6920,21,0.0,0.0,0.0,0.0,0.0,0.0,
5237,15548,291,34,0.0,0.0,0.0,0.0,0.0,0.0,
5238,15549,70,19,0.0,0.0,0.0,0.0,0.0,0.0,
5239,15551,5220,19,0.0,0.0,0.0,0.0,0.0,0.0,
5240,15551,5194,34,0.0,0.0,3.0,0.0,0.0,0.0,
5241,15555,3168,19,0.0,0.0,0.0,0.0,0.0,0.0,
5243,15555,3168,19,0.0,0.0,0.0,0.0,0.0,0.0,
5245,15555,3168,19,0.0,0.0,0.0,0.0,0.0,0.0,
5248,15556,717,19,0.0,0.0,0.0,0.0,0.0,0.0,
5249,15556,717,19,0.0,0.0,0.0,0.0,0.0,0.0,
5250,15556,717,19,0.0,0.0,0.0,0.0,0.0,0.0,
5251,15554,7095,19,0.0,0.0,-0.10000000149,0.0,0.0,0.0,
5255,15554,5907,19,0.0,0.0,0.0,0.0,-1.57079994678,0.0,
5257,15560,4716,-1,0.0,0.0,0.0,0.0,0.0,0.0,
5259,15559,4113,19,0.0,0.0,0.0,0.0,0.0,0.0,
5261,15566,7098,21,0.0,0.25,0.5,-1.57079994678,-0.523599028587,0.0,
5262,15566,7098,22,0.0,-0.25,0.5,1.57079994678,-0.523599028587,0.0,
5263,15566,7098,19,0.15000000596,0.0,1.0,0.0,0.0,0.0,
5264,15566,7098,19,-0.25,0.0,1.0,3.14159011841,0.0,0.0,
5265,15575,4126,19,3.0,0.0,0.0,0.0,0.0,0.0,
5266,15575,4126,19,-3.0,0.0,0.0,0.0,0.0,0.0,
5267,15575,4126,19,-3.0,0.0,0.0,0.0,0.0,0.0,
5268,15575,4126,19,3.0,0.0,0.0,0.0,0.0,0.0,
5269,15576,6765,19,0.0,0.0,0.0,0.0,1.57079994678,0.0,
5270,15578,6392,19,0.0,0.0,0.0,0.0,0.0,0.0,
5271,15579,6073,19,0.0,0.0,0.0,0.0,0.0,0.0,
5272,15579,5721,19,0.0,0.0,0.0,0.0,0.0,0.0,
5273,15579,6735,19,0.0,0.0,0.0,0.0,0.0,0.0,
5274,15101,468,34,0.0,0.0,0.0,0.0,-1.57079994678,0.0,
5277,15584,7106,21,0.0,0.0,0.0,0.0,0.0,0.0,
5278,15586,5485,21,0.0,0.0,0.0,0.0,0.0,0.0,
5279,15586,5485,22,0.0,0.0,0.0,0.0,0.0,0.0,
5280,15588,4716,19,0.0,0.0,0.0,0.0,0.0,0.0,
5281,15588,3736,19,0.0,0.0,0.0,0.0,0.0,0.0,
5282,15591,7109,21,0.0,0.0,0.0,0.0,1.57079994678,0.0,
5286,15591,7109,21,0.5,0.0,-1.5,0.0,0.61086499691,0.0,
5292,15591,7110,21,-0.5,0.0,-1.5,-0.785398006439,0.523599028587,0.0,
5293,15591,7110,21,-0.5,0.0,-1.5,-1.57079994678,0.261799007654,0.0,
5294,15591,7109,21,-0.5,0.0,-1.5,-2.3561899662,-0.349065989256,0.0,
5295,15591,7110,21,-0.5,0.0,-1.5,-3.14159011841,-0.523599028587,0.0,
5296,15591,6419,22,0.0,0.0,0.0,0.0,1.57079994678,0.0,
5297,15592,4293,21,0.0,0.0,0.0,0.0,0.0,0.0,
5298,15592,4293,22,0.0,0.0,0.0,0.0,0.0,0.0,
5300,15591,7109,22,0.5,0.0,-1.75,0.0,0.785398006439,0.0,
5301,15591,7109,22,-0.5,0.0,-1.5,2.3561899662,-0.349065989256,0.0,
5302,15591,7110,22,-0.5,0.0,-1.5,3.14159011841,-0.523599028587,0.0,
5303,15591,7110,22,0.5,0.0,-1.75,0.785398006439,0.785398006439,0.0,
5304,15591,7110,22,0.5,0.0,-1.5,1.57079994678,0.523599028587,0.0,
5305,15595,7113,-1,0.0,0.0,0.0,0.0,0.0,0.0,
5306,15595,7112,-1,0.0,0.0,0.0,0.0,0.0,0.0,
5307,15594,7115,22,0.0,0.5,-1.5,0.0,0.0,0.0,
5308,15594,7115,21,0.0,-0.5,-1.0,0.0,0.0,0.0,
5309,15601,4317,21,0.0,0.0,0.0,0.0,0.0,0.0,
5310,15601,4317,22,0.0,0.0,0.0,0.0,0.0,0.0,
5311,15601,7116,34,7.0,0.0,0.0,0.0,-1.57079994678,0.0,
5316,15612,7120,1,0.300000011921,0.0,0.0,0.0,0.0,-1.57079994678,
5318,15621,5262,19,0.0,0.0,0.0,0.0,0.0,0.0,
5319,15621,6657,19,0.0,3.0,0.0,0.0,0.0,0.0,
5320,15621,6657,19,0.0,-3.0,0.0,0.0,0.0,0.0,
5321,15621,6657,19,-2.0,2.0,0.0,0.0,0.0,0.0,
5322,15621,6657,19,-3.0,0.0,0.0,0.0,0.0,0.0,
5323,15621,6657,19,2.0,-2.0,0.0,0.0,0.0,0.0,
5324,15621,6657,19,3.0,0.0,0.0,0.0,0.0,0.0,
5325,15621,6657,19,-2.0,-2.0,0.0,0.0,0.0,0.0,
5326,15621,6657,19,2.0,2.0,0.0,0.0,0.0,0.0,
5327,15621,5263,19,0.0,0.0,0.0,0.0,0.0,0.0,
5330,15623,5678,19,0.0,5.0,10.0,0.0,0.0,0.0,
5332,15623,7130,19,0.0,-0.40000000596,0.0,0.0,0.0,0.0,
5333,15623,5678,19,0.0,-6.0,10.0,0.0,0.0,0.0,
5334,15623,5678,19,0.0,-0.5,15.0,0.0,0.0,0.0,
5335,15624,6847,19,0.0,0.0,0.0,0.0,0.0,0.0,
5336,15624,6366,19,0.0,0.0,0.0,0.0,0.0,0.0,
5338,15625,7131,19,0.0,0.0,0.0,0.0,0.0,0.0,
5339,15625,7122,19,0.0,0.0,0.0,0.0,0.0,0.0,
5340,15625,7121,19,0.0,0.0,0.0,0.0,0.0,0.0,
5348,15627,7132,19,0.0,0.0,0.0,0.0,0.0,0.0,
5349,15627,4995,-1,0.0,0.0,0.0,0.0,0.0,0.0,
5350,15630,3727,22,0.0,0.0,0.0,0.0,1.57079994678,0.0,
5351,15632,6904,-1,0.0,0.0,0.0,0.0,1.57079994678,0.0,
5352,15634,7134,19,0.0,0.0,0.0,0.0,1.57079994678,0.0,
5357,15631,4902,47,0.0,0.0,0.0,0.0,1.57079994678,0.0,
5358,15631,4902,48,0.0,0.0,0.0,0.0,1.57079994678,0.0,
5359,15631,4722,47,0.0,0.0,0.0,0.0,0.0,0.0,
5360,15631,4722,48,0.0,0.0,0.0,0.0,0.0,0.0,
5361,15633,6979,48,0.0,0.0,0.0,0.0,0.0,0.0,
5362,15633,6979,47,0.0,0.0,0.0,0.0,0.0,0.0,
5363,15637,5531,-1,0.0,0.0,0.0,0.0,0.0,0.0,
5364,15638,7136,-1,0.0,0.0,0.0,0.0,0.0,0.0,
5365,15641,7138,19,0.0,0.0,0.0,0.0,0.0,0.0,
5366,15642,3081,19,0.0,0.0,0.0,0.0,0.0,0.0,
5367,15642,3844,22,0.0,0.0,0.0,0.0,0.0,0.0,
5368,15642,3844,21,0.0,0.0,0.0,0.0,0.0,0.0,
5369,15641,3844,22,0.0,0.0,0.0,0.0,0.0,0.0,
5370,15641,3844,21,0.0,0.0,0.0,0.0,0.0,0.0,
5371,15643,5662,19,0.0,0.0,-0.20000000298,1.57079994678,0.0,0.0,
5372,15643,5662,19,0.0,0.0,-0.20000000298,0.0,0.0,0.0,
5373,15643,5662,19,0.0,0.0,-0.20000000298,4.71238994598,0.0,0.0,
5376,15648,7139,19,0.0,0.0,0.0,0.0,0.0,0.0,
5378,15658,6864,19,0.0,0.0,0.5,0.0,0.0,0.0,
5380,15659,7145,19,0.0,0.0,0.5,0.0,0.0,0.0,
5381,15660,4295,34,0.0,0.0,0.0,0.0,0.0,0.0,
5382,15662,7478,19,0.0,0.0,-3.0,0.0,0.0,0.0,
5383,15665,7153,12,0.0,0.0,0.0,-1.57079994678,0.0,-1.57079994678,
5384,15667,7155,16,0.0,0.0,0.0,0.0,0.523599028587,0.0,
5385,15675,7097,19,-10.0,0.0,0.0,0.0,0.0,0.0,
5386,15660,7156,19,0.0,0.0,0.0,0.0,0.0,0.0,
5388,15679,7162,1,0.300000011921,-0.20000000298,-0.949999988079,0.0,0.0,0.0,
5389,15680,7163,-1,0.0,0.5,3.0,0.0,0.0,0.0,
5392,15681,3427,20,1.0,0.0,-2.0,0.0,0.0,0.0,
5393,15683,7159,19,0.0,0.0,0.0,0.0,-1.57079994678,0.0,
5394,15683,594,19,0.0,0.0,0.0,0.0,0.0,0.0,
5396,15684,7914,2,0.0,0.0,10.0,3.14159011841,0.0,0.0,
5397,15685,271,17,-0.20000000298,0.0,-0.20000000298,0.0,0.0,0.0,
5398,15682,7097,19,0.0,0.0,10.0,0.0,-0.523599028587,0.0,
5399,15690,6841,19,0.0,0.0,0.0,0.0,-1.57079994678,0.0,
5400,15692,5983,19,0.0,0.0,0.0,0.0,0.0,0.0,
5401,15694,7166,19,0.300000011921,0.0,1.20000004768,0.0,0.0,0.0,
5402,15695,7167,34,0.0,0.0,-0.649999976158,0.0,-1.57079994678,0.0,
5403,15701,7169,20,0.0,0.0,0.449999988079,1.57079994678,0.0,0.0,
5404,15701,1785,20,0.0,0.0,0.550000011921,0.0,0.0,0.0,
5407,15704,5198,19,0.0,1.0,-2.0,0.0,0.0,0.0,
5408,15704,5198,19,0.0,-1.0,-2.0,0.0,0.0,0.0,
5411,79,3427,11,0.0,0.0,0.0,0.0,1.04719996452,0.0,
5413,15712,6620,34,0.0,0.0,0.0,1.57079994678,0.0,0.0,
5415,15717,7172,19,0.0,0.0,0.0,0.0,0.0,0.0,
5416,15719,5449,-1,0.0,0.0,0.0,0.0,-1.57079994678,0.0,
5417,15721,7173,1,0.550000011921,0.0,-0.20000000298,-1.57079994678,0.0,0.0,
5422,15702,7186,34,0.0,0.0,0.0,0.0,1.57079994678,0.0,
5423,15702,7188,34,0.0,0.0,0.0,0.0,1.57079994678,0.0,
5424,15702,7189,34,0.0,0.0,0.0,0.0,1.57079994678,0.0,
5426,15727,6458,19,0.0,0.0,0.0,0.0,0.0,0.0,
5427,15727,6458,19,0.0,0.0,0.0,0.0,0.0,0.0,
5429,15727,3848,19,0.0,0.0,0.0,0.0,0.0,0.0,
5430,15702,7197,19,0.0,0.0,-15.0,0.0,0.0,0.0,
5431,15731,7198,34,-0.20000000298,0.20000000298,-2.0,0.0,0.261799007654,-0.61086499691,
5436,15733,7199,19,0.0,0.0,1.0,0.0,0.0,0.0,
5438,15733,7199,19,0.0,0.0,1.0,0.0,0.0,0.0,
5439,15733,7199,19,0.0,0.0,1.0,0.0,0.0,0.0,
5440,15733,7199,19,0.0,0.0,1.0,0.0,0.0,0.0,
5441,15710,5632,22,0.0,0.0,0.0,0.0,1.57079994678,0.0,
5443,15736,7207,19,0.0,0.0,0.5,0.0,0.0,0.0,
5446,15736,3905,19,0.0,0.0,0.0,0.785398006439,0.0,0.0,
5447,15736,3905,19,0.0,0.0,0.0,0.0,0.0,0.0,
5450,15736,7206,19,0.0,0.0,0.5,0.0,0.0,0.0,
5451,15743,5656,19,0.0,0.0,0.0,0.0,0.0,0.0,
5452,15743,5659,19,0.0,0.0,0.0,0.0,0.0,0.0,
5453,15743,2966,19,0.0,0.0,0.0,0.0,0.0,0.0,
5454,15743,5658,19,0.0,0.0,0.0,0.0,0.0,0.0,
5455,15743,5657,19,0.0,0.0,0.0,0.0,0.0,0.0,
5458,15746,7362,19,0.0,0.0,0.0,0.0,0.0,0.0,
5462,15747,4505,19,0.0,0.0,0.0,0.0,0.0,0.0,
5463,15750,6800,17,0.0,0.0,0.0,-1.04719996452,0.523599028587,-1.04719996452,
5464,15753,7213,17,0.019999999553,0.10000000149,0.129999995232,0.0,1.74532997608,0.0,
5465,15754,4150,-1,0.20000000298,0.0,0.0,0.0,0.0,0.0,
5466,15755,4150,-1,0.300000011921,0.0,0.0,0.0,0.0,0.0,
5468,15758,6643,34,0.0,0.0,0.0,0.0,0.0,0.0,
5469,15758,4641,34,0.0,0.0,0.0,0.0,0.0,0.0,
5473,15758,3714,19,0.0,0.0,0.0,0.0,0.0,0.0,
5474,15758,3714,19,0.0,0.0,0.0,0.0,0.0,0.0,
5476,15765,5048,21,0.0,0.0,0.0,0.0,0.0,0.0,
5477,15766,5574,-1,0.0,0.0,4.0,0.0,0.0,0.0,
5480,15766,7254,-1,0.0,0.0,4.0,0.0,0.0,0.0,
5481,15769,7216,17,0.300000011921,0.0,-0.550000011921,0.0,0.0,0.0,
5482,15764,7218,19,0.0,0.0,0.0,0.0,0.0,0.0,
5483,15780,5952,1,0.0,0.0,0.0,0.0,0.0,0.0,
5484,15780,4276,1,1.0,0.0,0.0,0.0,0.0,0.0,
5485,15784,3082,19,0.0,1.0,0.0,0.0,0.0,0.0,
5486,15784,3082,19,0.0,-1.0,0.0,0.0,0.0,0.0,
5487,15784,3082,19,1.0,0.0,0.0,0.0,0.0,0.0,
5488,15784,3082,19,-1.0,0.0,0.0,0.0,0.0,0.0,
5489,15784,5382,19,0.0,0.0,0.0,0.0,0.0,0.0,
5490,15785,7219,12,0.0,0.10000000149,-0.5,0.0,0.0,0.436331987381,
5491,15785,7219,12,0.0,-0.10000000149,-0.5,0.0,0.0,-0.436331987381,
5492,15786,7221,12,0.0,0.10000000149,-0.5,0.0,0.0,0.436331987381,
5493,15786,7221,12,0.0,-0.10000000149,-0.5,0.0,0.0,-0.436331987381,
5494,15787,3630,19,0.0,0.0,0.0,0.0,0.0,0.0,
5496,15788,4129,47,0.0,0.0,0.0,0.0,0.0,0.0,
5497,15788,4129,48,0.0,0.0,0.0,0.0,0.0,0.0,
5501,15790,7222,19,1.0,0.0,0.949999988079,0.0,0.0,0.0,
5502,15790,7223,19,1.0,0.0,0.949999988079,0.0,0.0,0.0,
5503,15791,3625,19,0.0,0.0,0.0,0.0,0.0,0.0,
5504,15791,3625,19,0.0,0.0,0.0,0.0,0.0,0.0,
5505,15791,3625,19,0.0,0.0,0.0,0.0,0.0,0.0,
5506,15791,4974,19,0.5,0.0,0.0,0.0,0.0,0.0,
5509,15795,7226,22,-0.10000000149,0.10000000149,0.0,0.523599028587,3.14159011841,-0.872664988041,
5512,15798,1643,19,1.0,0.75,1.5,3.14159011841,0.0,2.09438991547,
5513,15798,1643,19,1.0,1.25,0.5,3.14159011841,0.0,1.30900001526,
5519,15787,3630,19,0.0,0.0,3.0,0.0,3.14159011841,0.0,
5520,15807,7231,22,0.0,0.0,0.0,0.0,0.0,0.0,
5521,15807,7231,21,0.0,0.0,0.0,0.0,0.0,0.0,
5522,15807,4469,34,0.0,0.0,1.0,0.0,0.0,0.0,
5523,15815,4747,22,0.0,0.0,0.0,0.349065989256,2.79253005981,0.0,
5524,15815,5974,22,0.0,0.0,0.0,0.0,0.0,0.0,
5525,15815,5974,21,0.0,0.0,0.0,0.0,0.0,0.0,
5526,15818,7237,19,0.0,0.0,0.0,0.0,0.0,0.0,
5527,15823,7239,17,0.379999995232,0.0,-0.5,0.0,0.0,0.0,
5529,15824,7244,20,-8.0,0.0,-3.0,3.14159011841,0.0,0.0,
5531,15828,4422,19,0.0,0.0,0.0,0.0,0.0,0.0,
5539,15827,7199,-1,0.0,0.0,1.10000002384,0.0,0.0,0.0,
5541,15827,7199,-1,0.0,0.0,1.10000002384,0.0,0.0,0.0,
5542,15827,7199,-1,0.0,0.0,1.10000002384,0.0,0.0,0.0,
5543,15827,7199,-1,0.0,0.0,1.10000002384,0.0,0.0,0.0,
5544,15827,7199,-1,0.0,0.0,1.10000002384,0.0,0.0,0.0,
5545,15827,7199,-1,0.0,0.0,1.10000002384,0.0,0.0,0.0,
5546,15827,7199,-1,0.0,0.0,1.10000002384,0.0,0.0,0.0,
5547,15832,375,19,0.0,0.0,0.0,0.0,0.0,0.0,
5548,15832,3324,19,0.0,0.0,0.0,0.0,0.0,0.0,
5549,15831,3402,21,0.0,0.0,0.0,0.0,0.0,0.0,
5550,15831,3402,22,0.0,0.0,0.0,0.0,0.0,0.0,
5551,15830,3168,19,0.0,0.0,0.0,0.0,0.0,0.0,
5553,15830,3168,19,0.0,0.0,0.0,0.0,0.0,0.0,
5554,15832,3301,20,0.0,0.0,0.5,0.0,0.0,0.0,
5555,15835,7247,19,0.0,0.0,0.0,0.0,-1.57079994678,0.0,
5556,15841,545,34,0.0,0.0,0.0,0.0,0.0,0.0,
5557,15842,5354,-1,0.0,0.0,0.0,0.0,0.0,0.0,
5558,15842,5726,-1,0.0,0.0,0.0,0.0,0.0,0.0,
5559,15843,4954,-1,0.0,0.0,0.0,0.0,0.0,0.0,
5560,15843,5686,-1,0.0,0.0,0.0,0.0,0.0,0.0,
5561,15844,5435,-1,0.0,0.0,0.0,0.0,0.0,0.0,
5562,15848,6754,1,1.0,0.0,0.0500000007451,0.0,0.0,0.0,
5563,15850,7486,12,-0.0500000007451,0.10000000149,-0.10000000149,0.0,0.0,0.0,
5564,15850,7486,12,-0.0500000007451,-0.10000000149,-0.10000000149,0.0,0.0,0.0,
5565,15851,5355,17,0.20000000298,0.0,0.0,0.0,-1.57079994678,0.0,
5566,15859,5114,48,0.0,0.0,0.0,1.04719996452,0.0,0.0,
5568,15859,5114,47,0.0,0.0,0.0,-1.04719996452,0.0,0.0,
5569,15859,7253,-1,0.0,0.0,1.0,3.14159011841,0.0,0.0,
5572,15867,5574,19,0.0,0.0,0.5,0.0,0.0,0.0,
5573,15867,7254,19,0.0,0.0,0.5,0.0,0.0,0.0,
5574,15863,955,19,0.0,0.0,0.0,0.0,0.0,0.0,
5575,15863,5048,21,0.0,0.0,0.0,0.0,0.0,0.0,
5576,15765,955,19,0.0,0.0,0.0,0.0,0.0,0.0,
5577,15872,3408,23,0.0,-1.5,0.0,0.0,0.0,0.0,
5578,15872,3408,23,0.0,0.0,0.0,0.0,0.0,0.0,
5579,15881,6145,17,0.0,0.0,0.0,0.0,0.0,0.0,
5581,15891,7213,17,0.019999999553,0.10000000149,0.129999995232,0.0,1.74532997608,0.0,
5583,15895,4565,34,0.0,0.0,0.0,0.0,0.0,0.0,
5584,15896,4565,34,0.0,0.0,0.0,0.0,1.57079994678,0.0,
5585,15905,4304,-1,1.0,0.0,-1.0,0.0,0.0,0.0,
5586,15910,5842,-1,0.0,0.0,0.0,0.0,-1.57079994678,0.0,
5587,15917,1983,34,0.0,0.0,0.0,0.0,0.0,0.0,
5589,15920,4901,38,0.0,0.0,0.0,0.0,0.0,0.0,
5590,15920,4901,22,0.0,0.0,0.0,0.0,0.0,0.0,
5591,15921,215,19,0.0,0.0,0.0,0.0,0.0,-1.57079994678,
5592,15922,7268,15,0.0,0.0,0.0,1.57079994678,0.0,0.0,
5593,15929,349,-1,1.0,1.0,0.0,0.0,0.0,0.0,
5594,15930,7271,19,0.0,0.0,0.0,0.0,0.0,0.0,
5595,15932,7272,12,0.0,0.0,0.25,-1.57079994678,1.57079994678,0.0,
5596,15937,4364,-1,0.0,0.0,0.0,0.0,0.0,0.0,
5597,15941,7275,22,-1.25,0.0,0.0,3.14159011841,0.0,0.0,
5598,15942,7276,22,-0.850000023842,-0.20000000298,0.0,3.31612992287,0.0,0.0,
5599,15943,3781,34,0.0,0.0,0.0,0.0,0.0,0.0,
5600,15943,3781,34,0.0,0.0,1.0,0.0,0.0,0.0,
5601,15943,3781,34,0.0,0.0,2.0,0.0,0.0,0.0,
5602,15943,3781,34,0.0,0.0,3.0,0.0,0.0,0.0,
5603,15943,3781,34,0.0,1.0,0.0,0.0,0.0,0.0,
5604,15943,3781,34,0.0,1.0,1.0,0.0,0.0,0.0,
5605,15943,3781,34,1.0,1.0,1.0,0.0,0.0,0.0,
5606,15943,3781,34,1.0,-1.0,1.0,0.0,0.0,0.0,
5607,15943,3781,34,-1.0,-1.0,1.0,0.0,0.0,0.0,
5608,15943,3781,34,-1.0,-1.0,2.0,0.0,0.0,0.0,
5609,15943,3781,34,-1.0,-1.0,3.0,0.0,0.0,0.0,
5610,15943,3781,34,0.0,0.0,4.0,0.0,0.0,0.0,
5611,15943,3781,34,0.0,0.0,5.0,0.0,0.0,0.0,
5612,15943,3781,34,0.0,0.0,6.0,0.0,0.0,0.0,
5613,15943,3781,34,-1.0,-1.0,4.0,0.0,0.0,0.0,
5614,15943,3781,34,-1.0,-1.0,5.0,0.0,0.0,0.0,
5615,15943,7283,34,-1.0,-1.0,3.0,0.0,0.0,0.0,
5616,15945,346,19,0.0,0.0,0.0,0.0,0.0,0.0,
5617,15949,7279,1,-1.0,0.0,0.0,0.0,0.0,0.0,
5618,15950,7287,34,0.0,0.0,0.0,0.0,1.57079994678,0.0,
5619,15950,4833,19,0.0,0.0,-2.0,0.0,0.0,0.0,
5620,15951,5723,-1,0.0,0.0,0.0,0.0,0.0,0.0,
5621,15951,5722,-1,0.0,0.0,2.0,0.0,0.0,0.0,
5622,15954,5978,-1,-2.0,0.0,0.300000011921,0.0,0.0,0.0,
5626,15962,7284,20,6.0,0.0,4.19999980927,0.0,0.0,0.0,
5627,15962,4920,20,6.0,0.0,4.19999980927,0.0,0.0,0.0,
5628,15965,5727,19,0.0,0.0,0.0,0.0,0.0,0.0,
5629,15966,5811,19,0.0,0.0,0.0,0.0,0.0,0.0,
5630,15966,5220,19,0.0,0.0,0.0,0.0,0.0,0.0,
5631,15968,7233,19,0.0,0.0,0.0,0.0,0.0,0.0,
5632,15969,7285,19,0.0,0.0,0.5,0.0,0.0,0.0,
5633,15970,5929,-1,-1.60000002384,0.0,0.10000000149,0.0,0.0,0.0,
5634,15972,2642,17,0.0,0.0,0.0,0.0,0.0,0.0,
5635,15976,7286,-1,0.0,0.0,0.0,0.0,-1.57079994678,0.0,
5637,15981,3056,19,-2.40000009537,0.0,0.300000011921,0.0,0.0,0.0,
5638,15981,3056,19,-3.59999990463,0.0,0.300000011921,0.0,0.0,0.0,
5640,15982,7290,34,-0.600000023842,-0.5,-1.25,0.0,0.0,0.0,
5641,15982,7290,34,-0.600000023842,0.5,-1.25,0.0,0.0,0.0,
5642,15982,7290,34,0.850000023842,0.0,-1.10000002384,3.14159011841,0.0,0.0,
5643,15982,7290,34,1.45000004768,-0.75,-1.35000002384,1.57079994678,-0.174532994628,0.0,
5644,15985,272,20,0.0,0.0,0.0,0.0,0.0,0.0,
5645,15982,7290,34,1.10000002384,0.0,-1.39999997616,3.14159011841,0.0,0.0,
5646,15982,4592,34,-0.800000011921,0.0,-1.79999995232,-1.57079994678,0.0,-1.57079994678,
5649,15986,7293,21,0.0,0.0,1.0,0.0,0.872664988041,-0.261799007654,
5650,15986,7293,21,0.0,0.0,1.0,0.0,4.01425981522,0.261799007654,
5651,15987,6307,19,0.0,0.0,2.0,0.0,0.0,0.0,
5653,15987,6307,19,0.0,0.0,2.0,0.0,0.0,0.0,
5654,15987,6307,19,0.0,0.0,2.0,0.0,0.0,0.0,
5655,15987,6307,19,0.0,0.0,2.0,0.0,0.0,0.0,
5656,15988,4020,-1,0.0,0.0,0.0,0.0,0.0,0.0,
5658,15989,7296,17,-0.15000000596,0.0,0.319999992847,0.0,0.349065989256,0.0,
5659,15989,7296,16,0.40000000596,-0.15000000596,0.170000001788,3.14159011841,0.0,0.0872659981251,
5660,15989,7296,16,0.40000000596,0.17499999702,0.170000001788,-1.57079994678,0.0,-0.0872659981251,
5661,15989,7296,16,0.449999988079,0.330000013113,0.119999997318,0.0,0.174532994628,0.0,
5662,15989,7296,16,0.449999988079,-0.330000013113,0.0799999982119,0.0,0.174532994628,0.0,
5663,15996,6715,-1,1.39999997616,0.0,1.0,0.0,1.57079994678,0.0,
5664,15998,5354,-1,0.25,1.20000004768,0.0,0.0,0.0,0.0,
5666,15999,4829,21,0.0,0.0,0.0,0.0,0.0,0.0,
5667,16000,3082,19,0.0,0.0,0.0,0.0,0.0,0.0,
5668,15988,4378,-1,0.0,0.0,0.0,0.0,0.0,0.0,
5670,16001,7464,-1,0.0,0.0,0.0,0.0,0.0,0.0,
5671,16003,503,47,0.0,0.0,0.0,0.0,0.0,0.0,
5673,15853,7797,-1,0.0,0.0,-1.0,0.0,0.0,0.0,
5674,16011,6946,3,0.300000011921,0.15000000596,-0.300000011921,-0.174532994628,0.0872659981251,1.39626002312,
5675,13583,8650,19,0.0,0.0,0.20000000298,0.0,0.0,0.0,
5678,16018,6697,19,-8.0,0.0,-5.0,3.14159011841,0.0,0.0,
5679,16023,7310,0,0.0,0.0,-0.5,-1.57079994678,0.0,0.0,
5680,16024,7311,0,0.0,0.0,-0.40000000596,-1.57079994678,0.0,0.0,
5681,16025,7311,16,-0.10000000149,0.0,0.0,3.14159011841,-0.436331987381,0.0,
5682,16026,3170,19,2.0,0.0,0.0,0.0,0.0,0.0,
5683,16026,3170,19,-2.0,0.0,0.0,0.0,0.0,0.0,
5684,16026,3170,19,0.0,2.0,0.0,0.0,0.0,0.0,
5685,16026,3170,19,0.0,-2.0,0.0,0.0,0.0,0.0,
5689,16032,5700,21,0.0,0.0,0.0,0.0,0.0,0.0,
5690,16032,5700,22,0.0,0.0,0.0,0.0,0.0,0.0,
5692,16031,4164,-1,0.0,0.0,0.20000000298,0.0,0.0,0.0,
5696,16034,7316,19,-8.0,0.0,0.0,0.0,0.0,0.0,
5699,16047,361,19,0.0,0.0,0.0,0.0,0.0,0.0,
5700,16047,361,19,0.0,0.0,0.0,0.0,0.0,0.0,
5701,16047,361,19,0.0,0.0,0.0,0.0,0.0,0.0,
5702,16047,4481,19,0.0,0.0,0.0,0.0,0.0,0.0,
5704,16049,6645,19,0.0,0.0,0.0,0.0,0.0,0.0,
5705,16050,6236,22,1.0,0.0,0.0,0.0,0.0,0.0,
5707,16051,6600,22,1.0,0.0,0.0,0.0,0.0,0.0,
5710,16059,7326,38,0.0,0.15000000596,0.0,0.0,0.0,0.0,
5711,16062,6070,34,0.0,0.0,0.0,0.0,0.0,0.0,
5712,16059,7327,38,-0.15000000596,0.15000000596,0.0799999982119,3.14159011841,0.0,0.0,
5713,16065,3056,21,0.0,0.0,0.0,0.785398006439,-1.57079994678,0.0,
5714,16057,6230,34,0.0,0.0,0.0,0.0,0.0,0.0,
5715,16067,7324,34,-0.40000000596,-0.25,-0.34999999404,0.00523599982262,0.959931015968,0.0,
5716,16070,228,48,0.0,0.0,0.0,0.0,0.0,0.0,
5717,16071,7332,1,1.5,0.0,-0.699999988079,0.0,-0.785398006439,0.0,
5718,16078,7334,12,-0.10000000149,0.0,-0.10000000149,0.0,1.39626002312,0.0,
5719,16079,4165,34,0.0,0.0,0.0,0.0,0.0,0.0,
5720,16085,7606,19,0.0,0.0,-1.0,0.0,0.0,0.0,
5721,16085,5805,19,0.0,0.0,0.0,0.0,0.0,0.0,
5724,16086,5342,19,0.0,0.0,0.5,0.0,0.0,0.0,
5725,16088,5129,42,0.0,0.0,0.0,0.0,0.0,0.0,
5726,16093,4276,1,1.60000002384,0.0,0.0,0.0,0.0,0.0,
5727,16094,7338,12,0.699999988079,0.0299999993294,-0.15000000596,0.0,-0.698131978512,0.0,
5728,16094,7338,12,-0.070000000298,0.0,-0.319999992847,3.14159011841,-0.261799007654,0.0,
5729,16087,5670,34,0.0,0.0,0.0,0.0,0.0,0.0,
5733,16097,3388,19,0.0,0.0,0.10000000149,0.0,0.0,0.0,
5734,16097,3388,19,0.0,0.0,0.20000000298,0.0,0.0,0.0,
5735,16097,3388,19,0.0,0.0,0.300000011921,0.0,0.0,0.0,
5736,16098,7257,34,0.0,0.0,0.0,0.0,0.0,0.0,
5737,16099,7338,15,0.449999988079,0.0,-0.34999999404,0.0,-0.698131978512,0.0,
5738,16099,7338,12,0.0,0.0,-0.600000023842,3.14159011841,0.0,0.0,
5739,16101,7340,34,0.15000000596,0.0,-0.25,0.0,-0.349065989256,0.0,
5740,16101,7340,12,-0.10000000149,0.0,-0.40000000596,3.14159011841,-0.349065989256,0.0,
5741,16103,7341,15,0.119999997318,0.0,-0.40000000596,0.0,-0.174532994628,0.0,
5742,16103,7341,12,-0.10000000149,0.0,-0.300000011921,3.14159011841,-0.261799007654,0.0,
5743,16104,7341,16,0.800000011921,0.0,-0.449999988079,0.0,-0.174532994628,0.0,
5744,16104,7341,12,-0.0799999982119,0.0,-0.34999999404,3.14159011841,-0.174532994628,0.0,
5745,16105,7338,15,0.170000001788,0.0,-0.319999992847,0.0,-0.349065989256,0.0,
5746,16105,7338,12,0.0,0.0500000007451,-0.449999988079,2.96706008911,-0.174532994628,0.0,
5747,16106,7340,34,0.20000000298,0.0,-0.15000000596,0.0,-0.61086499691,0.0,
5748,16106,7340,12,0.0,0.0,-0.34999999404,3.14159011841,0.0,0.0,
5760,16111,6590,19,0.0,0.0,0.0,0.0,0.0,0.0,
5762,16111,6593,19,0.0,0.0,0.0,0.0,0.0,0.0,
5763,16114,7133,19,0.0,0.0,0.0,0.0,0.0,0.0,
5765,16119,7349,22,1.0,0.0,0.0,0.0,0.0,0.0,
5767,16120,6352,22,1.0,0.0,-0.5,0.0,0.0,0.0,
5771,16124,7361,-1,0.0,0.0,2.0,0.0,0.0,0.0,
5774,16129,7579,20,-2.0,0.0,-0.300000011921,0.0,0.0,0.0,
5777,16129,7579,20,-0.949999988079,0.0,-0.5,0.0,0.0,0.0,
5778,16133,7204,-1,0.0,0.0,0.0,0.0,0.0,0.0,
5779,16136,7370,19,1.0,0.0,-0.10000000149,0.0,0.0,0.0,
5780,16138,7339,34,0.10000000149,0.0,-0.10000000149,0.0,-0.174532994628,0.0,
5781,16138,7372,12,-0.0500000007451,0.0,-0.300000011921,3.14159011841,-0.174532994628,0.0,
5782,16139,6113,12,-0.15000000596,0.0,-1.0,0.0,3.31612992287,-3.14159011841,
5783,16141,7372,34,0.25,0.0,-0.15000000596,0.0,-0.349065989256,0.0,
5784,16141,7341,12,-0.15000000596,0.0,-0.40000000596,3.14159011841,-0.174532994628,0.0,
5785,13796,7371,34,0.0,0.0,-8.0,0.0,0.0,0.0,
5786,16147,7338,34,0.10000000149,0.0,-0.34999999404,0.0,-0.174532994628,0.0,
5787,16147,7338,12,-0.0500000007451,0.0,-0.449999988079,3.14159011841,-0.174532994628,0.0,
5788,16148,7340,34,0.15000000596,0.0,-0.370000004768,0.0,-0.349065989256,0.0,
5789,16148,7340,12,-0.15000000596,0.0,-0.40000000596,3.14159011841,-0.349065989256,0.0,
5790,16150,7378,19,0.0,0.0,0.25,0.0,0.0,0.0,
5791,16152,7121,19,0.0,0.0,0.0,0.0,0.0,0.0,
5792,16152,7126,19,0.0,0.0,0.0,0.0,0.0,0.0,
5793,16154,7340,34,0.280000001192,0.0299999993294,-0.230000004172,0.0,-0.261799007654,0.0,
5794,16154,7340,12,-0.15000000596,-0.0399999991059,-0.5,3.14159011841,-0.349065989256,0.0,
5795,16155,7121,-1,0.0,0.0,0.0,0.0,0.0,0.0,
5796,16155,7122,-1,0.0,0.0,0.0,0.0,0.0,0.0,
5799,16156,6128,19,0.0,0.0,0.34999999404,0.0,0.0,0.0,
5800,16156,6247,-1,0.0,0.0,0.5,0.0,0.0,0.0,
5801,16156,6128,19,0.0,0.0,0.0,0.0,0.0,0.0,
5802,16156,6254,19,0.0,0.0,2.75,0.0,-1.57079994678,0.0,
5803,16156,6128,19,0.0,0.0,0.25,0.0,0.0,0.0,
5804,16157,7382,34,0.40000000596,0.0,-0.40000000596,0.0,-0.261799007654,0.0,
5805,16157,7382,12,0.0,0.0,-0.34999999404,3.14159011841,-0.174532994628,0.0,
5806,16158,7341,34,0.230000004172,0.0,-0.40000000596,0.0,-0.261799007654,0.0,
5807,16158,7341,12,-0.10000000149,0.0,-0.40000000596,3.14159011841,-0.261799007654,0.0,
5808,16159,7340,15,0.20000000298,0.0,-0.300000011921,0.0,-0.436331987381,0.0,
5809,16159,7340,12,0.0,0.0,-0.419999986887,3.14159011841,-0.174532994628,0.0,
5810,16160,7341,15,0.170000001788,0.0,-0.230000004172,0.0,-0.349065989256,0.0,
5811,16160,7341,12,-0.0299999993294,0.0,-0.449999988079,3.14159011841,-0.174532994628,0.0,
5812,16161,7338,34,0.0900000035763,0.0,-0.40000000596,0.0,-0.0872659981251,0.0,
5813,16161,7339,12,0.0,0.0,-0.280000001192,3.14159011841,0.0,0.0,
5814,16162,7383,34,0.10000000149,0.0,-0.550000011921,0.0,-0.174532994628,0.0,
5815,16162,7372,12,-0.0500000007451,0.0,-0.300000011921,3.14159011841,-0.0872659981251,0.0,
5816,16163,7340,34,0.15000000596,0.0,-0.300000011921,0.0,-0.349065989256,0.0,
5817,16163,7340,12,-0.0500000007451,0.0,-0.430000007153,3.14159011841,-0.174532994628,0.0,
5818,13268,5794,19,0.0,0.0,0.25,0.0,0.0,0.0,
5819,14425,7386,34,-0.75,-0.75,0.75,0.0,0.0,0.0,
5820,14425,6510,34,0.300000011921,0.0,0.0,0.0,0.0,0.0,
5821,16168,4114,17,-0.10000000149,0.0,0.10000000149,0.0,0.0,0.0,
5822,16174,7388,19,0.0,0.0,0.5,0.0,0.0,0.0,
5823,16174,7388,34,0.0,0.0,0.5,0.0,0.0,0.0,
5826,16175,7391,34,0.0,0.0,0.20000000298,0.523599028587,-1.30900001526,0.0,
5827,16176,7392,19,1.25,1.0,0.75,0.0,0.0,-1.04719996452,
5828,16175,7391,34,-0.5,-0.5,-0.20000000298,0.0,-2.44345998764,0.0,
5829,16175,7391,17,0.25,0.20000000298,0.300000011921,0.0,-1.30900001526,0.0,
5830,16176,7392,19,1.25,0.34999999404,1.25,0.0,0.0,-2.09439992905,
5832,16111,6590,19,0.0,0.0,0.699999988079,0.0,0.0,0.0,
5833,16111,6593,19,0.0,0.0,0.699999988079,0.0,0.0,0.0,
5834,16177,7395,19,0.0,0.0,0.5,0.0,0.0,0.0,
5836,16186,5727,-1,7.0,0.0,0.0,0.0,0.0,0.0,
5837,16186,5727,-1,-15.0,0.0,0.0,0.0,0.0,0.0,
5838,16186,5727,-1,15.0,0.0,0.0,0.0,0.0,0.0,
5839,16186,5727,-1,-7.0,0.0,0.0,0.0,0.0,0.0,
5840,16186,5727,-1,0.0,0.0,0.0,0.0,0.0,0.0,
5844,16189,7398,38,0.0,0.0,0.0,0.0,0.0,0.0,
5846,16199,7401,17,1.0,0.0,0.0,0.0,0.0,0.0,
5847,16204,6918,17,0.5,0.0,0.10000000149,0.0,0.0,0.0,
5848,16205,3050,34,0.0,0.0,0.0,0.0,0.0,0.0,
5849,16205,3632,19,0.0,0.0,-1.0,0.0,0.0,0.0,
5850,16206,7217,19,0.0,0.0,0.0,0.0,0.0,0.0,
5851,16216,7405,17,-0.0149999996647,0.0599999986589,-0.0399999991059,0.0,0.0,0.0,
5852,16216,7404,17,-0.00999999977648,0.0399999991059,0.070000000298,0.0,1.57079994678,0.0,
5853,16218,855,34,0.0,0.0,0.0,0.0,0.0,0.0,
5854,16218,5514,19,0.0,0.0,-1.0,0.0,0.0,0.0,
5857,16236,3306,-1,0.0,0.0,0.0,0.0,0.0,0.0,
5860,16249,7257,-1,5.0,0.0,-8.0,0.0,0.0,0.0,
5865,16241,4276,39,0.0,0.0,0.0,0.0,0.0,0.0,
5867,16241,5055,19,0.0,0.0,-2.0,0.0,0.0,0.0,
5868,16259,6113,-1,-2.0,-1.25,-0.300000011921,3.14159011841,0.0,0.0,
5869,16259,6113,-1,-2.0,1.25,-0.300000011921,3.14159011841,0.0,0.0,
5870,16262,5426,-1,0.0,0.0,0.0,0.0,0.0,0.0,
5871,16263,4448,19,0.0,0.0,1.0,0.0,0.0,0.0,
5872,16265,3625,19,0.0,0.0,0.0,0.0,0.0,0.0,
5873,16267,6801,19,0.0,0.0,0.0,0.0,0.0,0.0,
5874,16268,6140,34,0.0,0.0,0.20000000298,0.523599028587,-1.30900001526,0.0,
5875,16268,6140,34,-0.5,-0.5,-0.20000000298,0.0,-2.44345998764,0.0,
5877,16269,7423,38,-0.300000011921,0.10000000149,-0.0900000035763,0.0,1.57079994678,0.0,
5882,16270,6069,19,0.0,0.0,0.0,0.0,0.0,0.0,
5884,16275,7428,17,0.129999995232,0.10000000149,0.180000007153,0.0,0.0,0.0,
5885,16275,7428,17,0.129999995232,-0.10000000149,0.180000007153,0.0,0.0,0.0,
5890,16285,3972,19,0.0,0.0,-3.5,0.0,0.0,0.0,
5894,15865,6714,19,0.0,0.0,-1.0,5.32324981689,0.0,0.0,
5895,15865,6714,19,0.0,0.0,-1.0,0.0,0.0,0.0,
5896,15865,6714,19,0.0,0.0,-1.0,1.13445997238,0.0,0.0,
5897,16286,720,19,0.0,0.0,0.0,0.0,0.0,0.0,
5898,15847,458,34,0.0,0.0,0.0,0.0,0.0,0.0,
5899,16293,7438,19,0.0,0.0,-8.0,0.0,-1.57079994678,0.0,
5900,16294,7439,21,0.0,0.0,0.5,0.0,0.0,0.0,
5901,16294,7439,22,0.0,0.0,0.5,0.0,0.0,0.0,
5902,16295,7440,19,0.0,0.0,-1.25,0.0,0.0,0.0,
5903,16299,7443,-1,0.0,0.0,0.0,0.0,0.0,0.0,
5904,16116,4983,19,0.0,0.0,0.0,0.0,0.0,0.0,
5906,16116,3867,19,0.0,0.0,0.0,0.0,0.0,0.0,
5907,16115,4783,34,0.0,0.0,0.0,0.0,0.0,0.0,
5909,16306,5691,17,-0.15000000596,0.20000000298,0.0,0.0,0.0,0.0,
5910,16306,6885,17,0.0,-0.20000000298,0.15000000596,0.0,0.0,0.0,
5912,16304,8564,17,0.0,-0.20000000298,0.0,0.0,0.0,0.0,
5913,16302,8563,17,0.0,0.20000000298,0.0,0.0,0.0,0.0,
5916,16308,7448,22,0.0,0.0,0.0,1.57079994678,1.57079994678,1.57079994678,
5917,16308,7448,21,0.0,0.0,0.0,0.0,1.57079994678,0.0,
5919,16318,7448,21,0.0,0.0,0.0,0.0,1.57079994678,0.0,
5920,16318,7448,22,0.0,0.0,0.0,1.57079994678,1.57079994678,1.57079994678,
5921,16326,7452,38,-0.10000000149,0.0799999982119,-0.20000000298,-1.57079994678,0.0,0.0,
5922,16331,7453,19,0.0,0.0,-1.25,0.0,0.0,0.0,
5923,16332,835,34,0.0,0.0,0.0,0.0,0.0,0.0,
5924,16336,3867,19,0.0,0.0,0.0,0.0,0.0,0.0,
5927,6476,2999,21,0.0,0.0,0.0,0.0,0.0,0.0,
5928,16339,6069,19,0.0,0.0,0.0,0.0,0.0,0.0,
5929,16340,3867,19,0.0,0.0,0.0,0.0,0.0,0.0,
5931,16344,3668,19,0.0,0.0,0.0,0.0,0.0,0.0,
5933,16345,5900,19,0.0,0.0,0.0,0.0,0.0,0.0,
5934,16124,7352,-1,0.0,0.0,0.0,0.0,0.0,0.0,
5936,16346,7115,19,0.0,0.0,-1.0,0.0,0.0,0.0,
5938,16347,7591,17,0.0,0.0,0.0,0.0,0.0,0.0,
5939,16348,4891,19,0.0,1.0,-10.0,0.0,-1.57079994678,0.0,
5940,16351,7052,23,0.0,0.0,0.0,0.0,0.523599028587,0.0,
5941,16353,4891,23,0.0,0.0,0.0,0.0,0.523599028587,0.0,
5942,16356,3390,34,0.0,1.20000004768,0.0,-1.39626002312,0.0,-2.09438991547,
5943,12402,6177,21,0.5,-0.449999988079,-0.800000011921,-0.349065989256,0.0,0.0,
5944,12402,6177,22,0.5,0.5,-0.800000011921,0.349065989256,0.0,0.0,
5945,16363,8060,20,3.90000009537,0.5,-4.0,0.0,0.0,0.0,
5946,16363,8060,20,3.5,-0.899999976158,-4.09999990463,0.0,0.0,0.0,
5948,14724,7461,19,0.0,0.0,0.25,0.0,0.0,0.0,
5949,14724,8610,19,0.0,0.0,0.5,0.0,0.0,0.0,
5950,14724,7461,19,0.0,0.0,0.25,0.0,0.0,0.0,
5951,16366,5690,21,0.0,0.0,0.0,1.39626002312,1.57079994678,0.0,
5952,16366,5690,22,0.0,0.0,0.0,1.04719996452,1.74532997608,0.0,
5953,15838,6593,-1,0.0,0.0,0.0,0.0,0.0,0.0,
5954,16369,7463,16,0.300000011921,0.0,-0.5,0.0,-0.349065989256,0.0,
5955,16370,7205,16,0.0,0.0,0.0,0.0,0.0,0.0,
5956,16370,7205,15,0.0,0.0,0.0,0.0,0.0,0.0,
5957,16375,7473,-1,0.0,0.0,2.0,0.0,0.0,0.0,
5959,16379,7050,17,0.0,0.0,1.0,0.0,0.0,0.0,
5960,16381,7469,1,0.0,-0.5,0.0,0.0,0.0,0.0,
5961,16383,7470,-1,0.0,0.0,0.0,3.14159011841,0.0,0.0,
5962,16383,7470,-1,0.0,0.0,0.0,1.57079994678,0.0,0.0,
5963,16375,7352,-1,0.0,0.0,0.0,0.0,0.0,0.0,
5964,16385,3176,19,0.0,0.0,0.0,0.0,4.71238994598,0.0,
5965,16389,2302,20,0.0,0.0,0.0,0.0,0.0,0.0,
5966,16388,4765,19,0.0,0.0,-0.300000011921,0.0,0.0,0.0,
5967,16388,3377,19,0.0,0.0,0.0,0.0,0.0,0.0,
5968,16388,6828,19,0.0,0.0,-0.300000011921,0.0,0.0,0.0,
5969,15584,7475,21,1.5,0.0,-5.0,0.0,0.0,0.0,
5971,16394,2642,19,0.0,0.0,0.0,0.0,-1.57079994678,0.0,
5972,16396,7480,11,0.0,0.0,0.0,0.0,0.0,0.0,
5974,16398,339,19,0.0,0.0,0.10000000149,0.0,0.0,0.0,
5976,16398,339,19,0.0,0.0,0.40000000596,1.57079994678,0.0,0.0,
5977,16398,339,19,0.0,0.0,0.699999988079,3.14159011841,0.0,0.0,
5978,16398,339,19,0.0,0.0,1.10000002384,4.71238994598,0.0,0.0,
5979,16401,7415,34,0.300000011921,0.0,0.20000000298,-1.57079994678,-2.09439992905,0.0,
5980,16401,7415,34,-1.0,0.0,1.0,0.0,0.523599028587,0.0,
5981,16401,7415,34,-0.5,0.0,0.0,0.0,3.83972001076,0.0,
5983,15969,5198,19,0.0,0.0,0.0,0.0,0.0,0.0,
5986,16401,7415,34,-1.0,0.0,1.0,-1.04719996452,0.523599028587,0.0,
5992,16411,4129,17,0.0500000007451,0.070000000298,0.070000000298,0.0,0.0,0.0,
5994,16411,4129,17,0.0500000007451,-0.070000000298,0.070000000298,0.0,0.0,0.0,
5995,16410,4129,17,0.0500000007451,0.070000000298,0.070000000298,0.0,0.0,0.0,
5996,16410,4129,17,0.0500000007451,-0.070000000298,0.070000000298,0.0,0.0,0.0,
5998,16129,7579,34,-2.0,-1.25,0.0,0.0,0.0,0.0,
5999,16129,7579,34,-0.949999988079,0.0,0.34999999404,0.0,0.0,0.0,
6000,16129,7579,34,0.0,1.25,0.34999999404,0.0,0.0,0.0,
6002,16129,7579,20,-3.0,0.0,-1.54999995232,0.0,0.0,0.0,
6003,16255,7491,19,0.0,0.0,0.0,0.0,0.0,0.0,
6004,16420,5761,19,0.0,0.0,-0.699999988079,0.0,0.0,0.0,
6005,16419,3367,22,-0.300000011921,0.0,-0.10000000149,1.57079994678,0.0,-1.57079994678,
6006,16423,7494,19,0.0,0.0,0.0,0.0,1.57079994678,0.0,
6008,16423,7494,19,0.0,0.0,0.0,0.0,1.57079994678,0.0,
6009,16423,7494,19,0.0,0.0,0.0,0.0,1.57079994678,0.0,
6011,15185,7495,34,0.0,0.0,-1.0,0.0,0.0,0.0,
6012,16429,7496,17,-0.300000011921,0.0,-0.25,0.0,0.0,0.0,
6013,16427,6839,19,0.0,0.0,0.0,0.0,0.0,0.0,
6015,16427,6788,19,0.0,0.0,0.0,0.0,0.0,0.0,
6016,14935,7414,19,0.0,0.0,0.0,0.0,1.57079994678,0.0,
6017,16431,7498,-1,0.0,0.0,0.0,0.0,0.0,0.0,
6018,16431,3736,-1,0.0,0.0,0.0,0.0,0.0,0.0,
6019,16431,6736,-1,0.0,0.0,0.0,0.0,0.0,0.0,
6024,16433,7438,19,0.0,0.0,0.0,0.0,0.785398006439,0.0,
6026,16433,7438,19,0.0,0.0,0.0,0.0,-0.785398006439,0.0,
6027,16433,7438,19,0.0,0.0,0.0,0.0,0.0,0.0,
6028,16433,7438,19,0.0,0.0,0.0,0.785398006439,0.0,0.0,
6029,16433,7438,19,0.0,0.0,0.0,-0.785398006439,0.0,0.0,
6030,16433,7502,19,0.0,0.0,0.0,0.0,1.57079994678,0.0,
6032,16440,3390,34,0.0,0.0,0.0,0.0,-0.523599028587,0.0,
6033,16443,94,15,0.0,0.0,0.0,0.0,0.0,0.0,
6038,16443,94,16,0.20000000298,0.0,0.0,0.0,0.0,0.0,
6039,16443,94,15,0.75,-0.300000011921,-0.5,0.0,0.0,0.0,
6040,16443,94,15,-0.75,-0.300000011921,-0.5,0.0,0.0,0.0,
6041,16443,94,16,-0.20000000298,0.0,0.0,0.0,0.0,0.0,
6042,16447,7505,-1,0.0,0.0,0.0,0.0,0.0,0.0,
6044,16447,7178,-1,0.0,0.0,0.0,0.0,0.0,0.0,
6046,16447,7507,-1,0.0,-2.0,0.0,0.0,0.0,0.0,
6047,16447,7507,-1,0.0,2.0,0.0,0.0,0.0,0.0,
6048,16454,7508,-1,0.0,0.0,-0.34999999404,0.0,0.0,0.0,
6053,16454,7509,-1,0.0,0.0,0.0,0.0,0.0,0.0,
6054,16454,7508,-1,0.0,0.0,-0.25,0.0,0.0,0.0,
6055,16454,7507,-1,0.0,3.0,0.0,0.0,0.0,0.0,
6056,16454,7507,-1,0.0,-3.0,0.0,0.0,0.0,0.0,
6057,16454,7507,-1,-3.0,0.0,0.0,0.0,0.0,0.0,
6058,16455,7630,-1,0.0,0.0,-0.34999999404,0.0,0.0,0.0,
6059,16455,7509,-1,0.0,0.0,0.0,0.0,0.0,0.0,
6061,16455,7507,-1,0.0,3.0,0.0,0.0,0.0,0.0,
6062,16455,7507,-1,0.0,-3.0,0.0,0.0,0.0,0.0,
6063,16455,7507,-1,3.0,0.0,0.0,0.0,0.0,0.0,
6064,16458,7511,34,-0.15000000596,0.0,0.0,3.14159011841,1.57079994678,0.0,
6065,16459,7512,16,0.180000007153,-0.25,-0.40000000596,0.0,-1.39626002312,0.0,
6066,16459,7512,17,-0.10000000149,0.129999995232,0.119999997318,0.0,0.785398006439,3.14159011841,
6067,16460,7513,17,-0.170000001788,-0.019999999553,0.170000001788,0.0,-0.174532994628,0.0,
6068,16461,6955,-1,0.0,3.0,0.0,0.0,0.0,-1.57079994678,
6069,16462,6487,19,0.0,0.0,0.0,0.0,-1.57079994678,0.0,
6070,16462,1303,19,0.0,0.0,0.0,0.0,0.0,0.0,
6071,16463,5449,19,0.0,0.0,0.0,0.0,-1.57079994678,0.0,
6072,16463,5032,19,0.0,0.0,0.0,0.0,0.0,0.0,
6073,16466,2642,-1,0.0,0.0,0.0,0.0,-1.57079994678,0.0,
6074,16466,1303,-1,0.0,0.0,0.0,0.0,0.0,0.0,
6075,16467,2642,34,0.0,0.0,0.0,0.0,-1.57079994678,0.0,
6076,16467,4711,34,0.0,0.0,0.0,0.0,0.0,0.0,
6077,16462,6939,19,0.0,0.0,0.0,0.0,0.0,0.0,
6078,16463,6939,19,0.0,0.0,-3.5,0.0,0.0,0.0,
6081,16472,3284,19,0.0,0.0,0.0,0.0,0.0,0.0,
6082,16472,2966,19,0.0,0.0,0.0,0.0,0.0,0.0,
6083,16475,7517,19,0.0,0.0,0.0,0.0,2.26892995834,0.0,
6084,16475,7517,19,25.0,0.0,0.0,0.0,2.26892995834,0.0,
6085,16475,7517,19,-20.0,0.0,-15.0,0.0,2.26892995834,0.0,
6086,16475,7517,19,10.0,25.0,-10.0,0.0,2.26892995834,0.0,
6087,16475,7517,19,10.0,-25.0,-10.0,0.0,2.26892995834,0.0,
6089,16478,7520,34,0.0,0.0,-1.0,0.0,0.0,0.0,
6090,16478,7520,34,0.0,2.0,-1.0,0.0,0.0,0.0,
6092,16488,5958,-1,0.0,0.0,5.0,0.0,1.57079994678,0.0,
6093,16489,7527,19,0.0,0.0,-4.0,0.0,0.0,0.0,
6094,16493,6756,19,0.0,0.0,-4.0,0.0,0.0,0.0,
6095,16503,3637,-1,0.0,0.0,0.0,0.0,0.0,0.0,
6096,16506,6757,19,0.0,0.0,-2.0,0.0,0.0,0.0,
6097,16509,7443,19,0.0,0.0,0.0,0.0,0.0,0.0,
6101,16517,4641,17,0.5,0.0,0.75,0.0,0.0,0.0,
6102,16518,7194,34,0.0,0.0,-5.0,0.0,0.0,0.0,
6103,16518,7197,19,0.0,0.0,0.0,0.0,0.0,0.0,
6104,16519,3993,19,0.0,0.0,0.0,0.0,0.0,0.0,
6105,16520,6943,19,0.0,0.0,0.0,0.0,3.14159011841,0.0,
6106,16513,5981,19,0.34999999404,-0.25,0.0,0.0,0.0,0.0,
6108,16525,7143,20,0.0,0.0,4.19999980927,0.0,0.0,0.0,
6112,16526,7533,-1,0.0,12.0,15.0,0.0,0.0,-1.57079994678,
6113,16526,7533,-1,0.0,10.0,-8.0,0.0,0.0,0.0,
6114,16526,7533,-1,0.0,-10.0,20.0,0.0,0.0,3.14159011841,
6115,16529,7535,19,0.0,0.0,-12.0,0.0,0.0,0.0,
6124,16532,7539,24,0.0,0.0,1.60000002384,0.0,0.0,0.0,
6125,16533,7502,19,0.0,0.0,0.0,0.0,0.0,0.0,
6126,16469,7542,-1,0.0,0.0,0.0,0.0,0.0,0.0,
6127,16540,7544,-1,0.0,0.0,0.0,0.0,0.0,0.0,
6128,16540,7543,-1,0.0,0.0,0.0,0.0,0.0,0.0,
6129,16540,7545,-1,0.0,0.0,0.0,0.0,0.0,0.0,
6130,16543,4150,19,0.0,0.0,0.0,0.0,0.0,0.0,
6131,16544,7540,34,0.0,0.0,0.0,0.0,0.0,0.0,
6132,16550,7602,19,0.0,0.0,0.0,0.0,0.0,0.0,
6133,16551,7550,38,-0.25,0.15000000596,-0.019999999553,0.0,1.57079994678,0.0,
6134,16543,5382,19,0.0,0.0,0.0,0.0,0.0,0.0,
6135,16543,5382,19,0.0,0.0,0.0,0.0,0.0,0.0,
6136,16558,7556,38,0.0,0.0500000007451,-0.0799999982119,1.57079994678,0.174532994628,0.174532994628,
6137,16543,4510,19,0.0,0.0,0.0,0.0,0.0,0.0,
6139,16559,7795,19,0.0,0.0,-9.0,0.0,0.0,0.0,
6140,16560,7013,22,1.5,0.0,0.0,0.0,0.0,0.0,
6141,16566,7559,17,-0.40000000596,0.0,-0.300000011921,0.0,0.0,0.0,
6143,16568,2,34,0.0,0.0,0.0,0.0,0.0,0.0,
6144,16567,6714,19,5.0,0.0,0.0,0.0,0.0,0.0,
6145,16569,1643,19,0.0,1.5,1.5,0.0,0.0,-1.57079994678,
6146,16575,3902,17,-0.25,0.0,0.550000011921,0.0,0.0,0.0,
6147,16576,7561,-1,0.0,0.0,-9.0,0.0,0.0,0.0,
6148,16577,5632,17,0.0,0.0,0.0,0.0,0.0,0.0,
6149,16580,7562,19,5.0,0.0,0.0,0.0,0.523599028587,0.0,
6150,16580,7562,19,2.0,0.0,0.0,0.0,1.39626002312,0.0,
6151,16580,7562,19,3.0,0.0,0.0,0.0,0.872664988041,0.0,
6152,16580,7562,19,3.0,0.0,0.0,0.785398006439,0.872664988041,0.0,
6153,16580,7562,19,3.0,0.0,0.0,-0.785398006439,0.872664988041,0.0,
6155,16581,7603,19,3.0,0.0,0.0,0.0,1.39626002312,0.0,
6156,16581,7603,19,3.0,0.0,0.0,0.0,0.872664988041,0.0,
6157,16581,7603,19,3.0,0.0,0.0,0.785398006439,0.872664988041,0.0,
6158,16581,7603,19,3.0,0.0,0.0,-0.785398006439,0.872664988041,0.0,
6159,16581,7603,19,5.0,0.0,0.0,0.0,0.523599028587,0.0,
6161,16582,3050,34,1.5,-4.75,-12.0,0.0,0.0,0.0,
6162,16583,3050,34,-0.300000011921,4.84999990463,-12.3000001907,0.0,0.0,0.0,
6164,16589,7565,-1,8.0,-1.0,0.0,0.0,0.0,0.0,
6165,16594,7567,16,0.0500000007451,0.10000000149,-1.20000004768,0.0,0.0,0.0,
6166,16595,7570,21,0.0,0.0,0.0,0.0,0.0,0.0,
6167,16595,7570,22,0.0,0.0,0.0,0.0,0.0,0.0,
6168,16601,5643,19,0.0,0.0,0.0,0.0,0.0,0.0,
6169,16602,7576,19,0.0,0.0,0.75,3.14159011841,0.0,0.0,
6170,16603,7577,19,0.0,0.0,-0.75,1.57079994678,0.0,0.0,
6172,16635,5390,34,1.0,0.0,0.0,0.0,0.0,0.0,
6173,16639,3957,20,0.0,0.0,0.0,0.0,0.0,0.0,
6174,16643,7275,22,-1.25,0.0,0.280000001192,3.14159011841,-0.174532994628,0.0,
6178,16645,7205,-1,-5.0,0.0,0.0,0.0,0.0,0.0,
6179,8510,4749,17,0.0,0.0,0.0,-0.174532994628,-0.61086499691,0.0,
6181,8510,4749,17,0.0,0.0,0.0,0.349065989256,-0.61086499691,0.0,
6182,16644,3902,17,0.0,0.0,0.300000011921,0.0,0.0,0.0,
6183,16651,7586,22,0.0,-0.5,-1.0,0.0,0.0,0.0,
6185,16653,7588,22,0.0,0.5,0.0,0.0,0.0,0.0,
6186,16654,7588,22,0.0,0.5,0.0,0.0,0.0,0.0,
6187,16656,624,17,-0.25,0.0,0.0,0.0,0.0,0.0,
6188,16655,4889,22,0.300000011921,0.34999999404,-0.25,0.0,0.0,0.0,
6190,16659,4940,22,0.0,0.0,0.0,0.0,0.0,0.0,
6191,16665,6314,19,0.0,0.0,0.0,0.0,0.0,0.0,
6194,16666,5408,19,0.0,0.0,2.0,0.0,0.0,3.14159011841,
6195,16666,5605,19,0.0,0.0,0.0,0.0,0.0,0.0,
6198,16669,7484,22,0.0,0.0,0.0,0.0,1.04719996452,0.0,
6199,16669,7484,22,0.0,0.0,0.0,0.0,2.09439992905,0.0,
6200,16669,7484,22,0.0,0.0,0.0,0.0,1.57079994678,0.0,
6202,16674,6955,19,0.0,0.0,0.0,1.57079994678,3.14159011841,1.57079994678,
6203,16675,7593,19,0.0,0.0,0.0,1.57079994678,3.14159011841,1.57079994678,
6205,16668,5199,34,-2.0,0.0,0.0,3.14159011841,0.0,0.0,
6206,16668,5199,34,-1.5,0.0,0.20000000298,3.14159011841,0.0,0.0,
6207,16680,5031,21,0.0,0.0,0.0,0.0,0.0,0.0,
6208,16681,5958,22,0.0,0.0,0.0,0.0,0.0,0.0,
6209,16683,7604,34,0.0,0.0,-0.5,0.0,0.0,0.0,
6210,16685,5531,19,5.0,0.0,0.0,0.0,2.79253005981,0.0,
6211,16686,6387,34,0.0,0.0,0.0,0.0,0.0,0.0,
6212,16689,7608,-1,0.0,0.0,-1.0,0.0,0.0,0.0,
6213,16692,7609,20,0.0,0.0,0.10000000149,0.0,0.0,0.0,
6214,16692,7609,20,0.0,0.0,1.0,0.0,3.14159011841,0.0,
6215,16696,7611,12,-0.019999999553,-0.5,-1.25,0.0,0.0,0.523599028587,
6216,16697,6856,17,0.0,-1.20000004768,1.20000004768,-1.04719996452,3.14159011841,1.57079994678,
6217,16699,5518,19,0.0,0.0,4.0,0.0,0.0,0.0,
6218,16701,4058,-1,0.0,7.0,0.0,-1.57079994678,0.0,0.0,
6219,16701,4058,-1,0.0,-7.0,0.0,1.57079994678,0.0,0.0,
6220,16701,4058,-1,7.0,0.0,0.0,3.14159011841,0.0,0.0,
6221,16701,4058,-1,-7.0,0.0,0.0,0.0,0.0,0.0,
6222,16691,5047,20,2.09999990463,0.899999976158,-1.64999997616,0.0,0.0,0.0,
6223,16702,474,34,0.0,0.0,0.0,0.0,0.0,0.0,
6224,8511,7772,19,0.0,0.0,0.0,0.0,0.0,0.0,
6225,16710,6874,19,-0.5,0.0,0.20000000298,0.0,0.0,0.0,
6229,16713,6755,19,0.0,0.0,-11.0,0.0,0.0,0.0,
6231,16719,4901,34,0.0,0.0,0.0,0.0,0.0,0.0,
6232,16718,4211,20,-0.5,0.0,-0.20000000298,0.0,0.0,0.0,
6233,16727,5518,19,0.0,0.0,6.0,0.0,0.0,0.0,
6234,16729,7618,17,-0.129999995232,0.129999995232,0.300000011921,0.0,0.0,0.0,
6235,16729,7618,21,0.0,0.0,0.0,0.0,0.0,0.0,
6236,16729,7618,22,0.0,0.0,0.0,0.0,0.0,0.0,
6237,16729,7618,17,-0.129999995232,-0.129999995232,0.300000011921,0.0,0.0,0.0,
6238,16729,4211,17,-0.800000011921,0.0,0.600000023842,0.0,0.0,0.0,
6241,16732,4208,34,0.800000011921,-0.20000000298,2.70000004768,0.0,-1.57079994678,0.0,
6243,16732,4208,34,-2.0,-0.20000000298,2.0,0.0,-1.57079994678,0.0,
6244,16732,4208,34,1.0,-0.5,2.70000004768,0.0,-1.57079994678,0.0,
6245,16732,4208,34,-2.29999995232,-0.5,2.0,0.0,-1.57079994678,0.0,
6246,16735,3342,24,0.600000023842,0.0,1.60000002384,0.0,0.523599028587,0.0,
6247,16514,7621,34,0.0,0.0,0.0,0.0,0.0,0.0,
6248,16739,17,1,0.5,0.0,0.0,0.0,0.0,0.0,
6249,16740,623,1,0.0,0.0,1.0,0.0,0.0,0.0,
6251,16744,7623,19,1.0,0.0,0.0,0.0,0.0,0.0,
6252,16753,7625,34,0.0,0.0,-4.80000019073,0.0,0.0,0.0,
6253,16759,441,19,0.0,0.0,-1.14999997616,0.0,0.0,0.0,
6254,16760,7627,19,0.0,0.0,-1.70000004768,0.0,0.0,0.0,
6255,16761,7628,19,0.0,0.0,-4.30000019073,0.0,0.0,0.0,
6256,16762,7629,19,0.0,0.0,0.0,0.0,0.0,0.0,
6257,16764,7635,19,0.0,0.0,-2.59999990463,0.0,0.0,0.0,
6258,16703,4800,19,0.0,0.0,0.0,0.0,0.0,0.0,
6259,16765,7631,20,-2.0,0.0,-2.5,0.0,0.0,0.0,
6260,16506,3909,19,0.0,0.0,0.0,0.0,3.14159011841,0.0,
6261,16766,7632,5,0.019999999553,0.10000000149,-0.109999999404,1.57079994678,0.785398006439,0.0,
6262,16766,7632,6,0.0,-0.109999999404,-0.119999997318,4.71238994598,0.785398006439,0.0,
6263,16767,5277,47,0.0,0.0,0.0,0.0,0.0,0.0,
6264,16767,5277,48,0.0,0.0,0.0,0.0,0.0,0.0,
6266,16767,6944,17,-0.10000000149,0.0,0.0,0.0,0.0,0.0,
6267,16770,5211,34,0.0,0.0,0.0,0.0,0.0,0.0,
6268,16773,4251,34,10.0,0.0,0.0,0.0,1.57079994678,0.0,
6269,16774,6907,-1,0.0,0.0,-1.0,0.0,0.0,0.0,
6270,16779,7636,19,1.10000002384,0.0,0.0,0.0,0.0,0.0,
6271,16784,5703,34,0.0,0.0,0.0,0.0,0.0,0.0,
6275,16791,8676,34,0.0,0.0,0.0,0.0,0.0,0.0,
6276,16506,7520,19,0.0,0.0,0.0,0.0,0.0,0.0,
6279,16795,5103,19,0.0,0.0,0.0,0.0,0.0,0.0,
6280,16796,7640,12,0.10000000149,0.0,0.0,0.0,1.57079994678,3.14159011841,
6282,16798,6750,1,2.0,-0.10000000149,0.0,0.0,0.0,0.0,
6284,16801,7642,19,-0.449999988079,0.649999976158,-1.85000002384,0.0,0.0,0.139625996351,
6286,16803,7618,21,0.0,0.0,0.0,0.0,0.0,0.0,
6287,16803,7618,22,0.0,0.0,0.0,0.0,0.0,0.0,
6288,16803,4211,17,0.0,0.0,0.0,0.0,0.0,0.0,
6289,16803,3771,17,-2.0,0.0,2.0,0.0,0.0,0.0,
6290,16805,5436,-1,0.0,0.0,0.0,0.0,0.0,0.0,
6291,16805,5436,-1,0.0,0.0,0.0,0.0,0.0,0.0,
6292,16805,7643,-1,0.0,0.0,0.0,0.0,0.0,0.0,
6293,15143,5475,34,-4.0,0.0,2.0,0.0,0.0,0.0,
6294,16810,7645,-1,0.0,0.0,1.10000002384,0.0,0.0,0.0,
6296,16812,5730,19,0.0,0.0,1.0,0.0,0.0,0.0,
6298,16816,7646,12,0.300000011921,0.0,-0.300000011921,0.0,-1.57079994678,0.0,
6299,16818,6234,19,-0.5,0.0,0.0,3.14159011841,0.0,0.0,
6300,16815,4109,19,0.0,0.0,1.0,0.0,0.0,0.0,
6302,16815,3164,19,0.0,0.0,0.0,0.0,0.0,0.0,
6303,16815,5755,19,0.0,0.0,0.0,0.0,0.0,0.0,
6304,16815,5755,19,0.0,0.0,0.0,0.0,0.0,0.0,
6305,16815,7031,19,0.0,0.0,1.0,0.0,0.0,0.0,
6306,16825,1923,19,0.0,0.0,0.0,0.0,0.0,0.0,
6308,16827,6939,19,0.0,0.0,-15.0,0.0,0.0,0.0,
6314,16830,5472,19,0.0,0.0,0.0,0.0,0.0,0.0,
6315,16830,5478,19,0.0,0.0,0.0,0.0,0.0,0.0,
6316,16830,7652,19,0.0,0.0,0.0,0.0,0.0,0.0,
6318,16831,4661,19,0.0,0.0,-8.0,0.0,0.0,0.0,
6319,16834,7659,12,0.34999999404,0.0,0.0,0.0,-1.30900001526,0.0,
6320,16835,7775,20,0.0,0.0,0.0,0.0,0.0,0.0,
6321,16841,3357,19,0.0,0.0,0.0,0.0,0.0,0.0,
6322,16835,7663,20,0.0,0.0,0.0,0.0,0.0,0.0,
6323,16843,7660,19,0.0,0.0,0.0,0.0,0.0,0.0,
6324,16843,7663,19,0.0,0.0,0.0,0.0,0.0,0.0,
6325,16506,6757,19,0.0,0.0,-1.0,0.0,0.0,0.0,
6326,16850,7667,1,0.10000000149,-0.20000000298,0.10000000149,0.0,1.57079994678,0.0,
6327,16850,7170,1,0.10000000149,-0.20000000298,0.10000000149,0.0,0.0,0.0,
6328,16859,7669,1,-0.34999999404,-0.300000011921,0.10000000149,0.0,1.22172999382,0.0,
6329,16865,7674,19,0.0,0.0,0.0,0.0,-0.698131978512,0.0,
6330,16882,6564,19,0.0,0.0,0.0,0.0,0.0,0.0,
6332,16878,7495,19,0.0,0.0,1.0,0.0,0.0,0.0,
6333,16878,7495,19,0.0,0.0,0.0,0.0,0.0,0.0,
6335,16896,3523,17,-0.300000011921,0.10000000149,0.20000000298,0.0,0.0,0.0,
6336,16896,3523,17,-0.300000011921,-0.10000000149,0.20000000298,0.0,0.0,0.0,
6337,16898,7251,34,-1.0,0.0,0.0,0.0,3.14159011841,0.0,
6339,16903,5744,17,-0.15000000596,0.40000000596,0.550000011921,1.39626002312,2.61799001694,0.680678009987,
6340,16904,5220,-1,0.0,0.0,0.0,0.0,0.0,0.0,
6341,16907,6923,19,0.0,0.0,0.0,0.0,0.0,0.0,
6342,16910,7679,34,0.0,0.0,0.0,0.0,-0.785398006439,0.0,
6343,16911,7680,34,0.0,0.0,0.0,0.0,0.436331987381,0.0,
6344,16912,7681,34,0.0,1.0,0.0,0.0,-0.785398006439,0.0,
6346,16915,7117,22,0.0,0.0,0.0,0.0,0.0,0.0,
6347,16915,7117,21,0.0,0.0,0.0,0.0,0.0,0.0,
6348,16926,6538,22,0.300000011921,0.0,0.0,0.0,0.0,0.0,
6349,16926,6538,21,0.300000011921,0.0,0.0,0.0,0.0,0.0,
6350,8512,8036,19,0.0,0.0,-0.75,0.0,0.0,0.0,
6356,16939,8290,19,0.0,0.0,0.0,0.0,0.0,0.0,
6357,16940,7696,17,0.15000000596,-0.25,0.25,0.0,0.0,0.0,
6358,16940,7696,17,0.15000000596,-0.300000011921,0.25,0.0,0.0,0.0,
6359,16941,7697,19,0.0,0.0,1.5,0.0,0.0,0.0,
6360,16942,6955,19,1.5,0.0,0.0,1.65805995464,0.0,0.0,
6362,16944,7204,19,0.0,6.0,5.0,0.0,0.0,0.0,
6363,16944,7204,19,-2.0,6.0,5.0,1.57079994678,0.0,0.0,
6364,16944,7204,19,-0.300000011921,6.0,5.0,0.785398006439,0.0,0.0,
6365,16944,7204,19,-2.0,-2.0,-0.5,1.57079994678,0.0,0.0,
6366,16944,7204,19,-2.0,-2.0,-0.5,1.57079994678,0.0,0.0,
6367,16944,7204,19,-2.0,-3.0,-0.5,1.57079994678,0.0,0.0,
6368,16946,7699,19,-4.5,-3.59999990463,7.0,0.0,0.0,0.0,
6369,8529,6759,19,0.0,0.0,-3.0,0.0,0.0,0.0,
6370,16958,6452,1,0.0,0.0,0.0,0.0,0.0,0.0,
6371,16960,3167,19,0.0,0.0,-0.300000011921,0.0,0.0,0.0,
6372,16969,7115,19,0.0,0.0,0.5,0.0,0.0,0.0,
6373,16969,7115,19,0.0,0.0,0.5,3.14159011841,0.0,0.0,
6376,16984,7980,22,2.79999995232,0.0,2.29999995232,0.0,0.0,0.0,
6377,16987,7705,34,0.0,0.0,0.0,1.57079994678,1.91986000538,0.0,
6384,17006,7709,19,0.0,0.0,0.0,0.0,0.0,0.0,
6385,17007,7711,-1,0.0,0.0,0.0,0.0,0.0,0.0,
6386,17007,7713,-1,0.0,0.0,0.0,0.0,0.0,0.0,
6388,17009,623,21,0.0,0.0,1.0,0.0,0.0,0.0,
6389,17010,5804,19,-0.5,-1.75,0.0,0.0,0.0,0.0,
6391,17013,3245,19,-1.0,-2.0,0.0,0.0,0.0,0.0,
6395,17014,7715,19,0.0,0.0,0.0,0.0,2.09439992905,0.785398006439,
6397,17014,7715,19,0.0,0.0,0.0,0.0,-2.09439992905,-0.785398006439,
6398,17018,7716,19,3.0,0.0,0.0,4.71238994598,0.785398006439,0.0,
6399,17026,4901,23,0.0,0.0,0.0,0.0,0.523599028587,0.0,
6400,17028,4859,19,0.0,1.0,-8.0,0.0,-1.57079994678,0.0,
6408,17036,7728,19,0.0,0.0,-1.25,0.0,0.0,0.0,
6409,17038,5560,19,0.0,0.0,-3.0,0.0,0.0,0.0,
6410,17038,5560,19,-1.0,5.5,2.0,0.174532994628,0.0,-1.57079994678,
6411,17038,5560,19,0.0,1.0,6.5,0.0,0.0,3.66518998146,
6412,17038,5560,19,0.0,-4.0,6.0,0.0,0.0,2.3561899662,
6413,17037,6138,19,0.0,0.0,30.0,0.0,0.0,0.0,
6414,16964,3519,34,0.0,0.0,0.0,0.0,0.0,0.0,
6417,17038,5560,19,4.0,0.0,0.0,-0.785398006439,-0.785398006439,0.0,
6421,17043,5764,-1,0.0,0.0,0.0,0.0,0.0,0.0,
6422,17043,5754,-1,0.0,0.0,0.0,0.0,0.0,0.0,
6423,17043,7731,-1,0.0,0.0,0.0,0.0,0.0,0.0,
6424,17045,4939,21,0.0,0.0,0.0,0.0,0.0,0.0,
6425,17045,4939,22,0.0,0.0,0.0,0.0,0.0,0.0,
6426,17046,5076,34,0.0,0.0,0.0,0.0,0.0,0.0,
6428,17046,6384,22,0.0,0.0,0.0,0.0,0.0,0.0,
6429,17046,7732,22,0.0,0.0,0.0,0.0,0.0,0.0,
6430,17046,6384,21,0.0,0.0,0.0,0.0,0.0,0.0,
6431,17046,7732,21,0.0,0.0,0.0,0.0,0.0,0.0,
6432,17048,5076,34,0.0,0.0,0.0,0.0,0.0,0.0,
6433,17049,7733,19,0.0,0.0,-1.25,0.0,0.0,0.0,
6434,17050,717,19,0.0,0.0,0.0,0.0,0.0,0.0,
6435,17050,717,19,0.0,0.0,0.0,0.0,0.0,0.0,
6436,17050,6643,34,0.0,0.0,0.0,0.0,0.0,0.0,
6437,17051,5076,34,0.0,0.0,0.0,0.0,0.0,0.0,
6438,17051,7205,19,0.0,0.0,0.0,0.0,0.0,0.0,
6439,17052,5748,19,0.0,0.0,0.0,0.0,0.0,0.0,
6440,17059,5875,22,0.0,0.0,0.0,0.0,0.0,0.0,
6441,17059,6920,22,0.0,0.0,0.0,0.0,0.0,0.0,
6442,17059,5875,21,0.0,0.0,0.0,0.0,0.0,0.0,
6443,17059,6920,21,0.0,0.0,0.0,0.0,0.0,0.0,
6444,17068,7734,19,0.0,0.0,0.0,0.0,0.0,0.0,
6445,17068,7735,19,0.0,0.0,0.0,0.0,0.0,0.0,
6446,17068,7734,19,0.0,0.0,0.0,0.0,0.0,0.0,
6447,17068,7734,19,0.0,0.0,0.0,0.0,0.0,0.0,
6448,17070,6069,19,0.0,0.0,0.0,0.0,0.0,0.0,
6451,17071,5901,19,0.0,0.0,0.0,0.0,0.0,0.0,
6452,17073,7739,19,0.0,0.0,0.0,0.0,-1.57079994678,0.0,
6453,17073,7738,19,0.0,0.0,0.0,0.0,0.0,0.0,
6455,17073,7739,19,0.0,0.0,0.0,0.0,-1.04719996452,0.0,
6456,17073,7739,19,0.0,0.0,0.0,0.0,-2.09439992905,0.0,
6460,17073,7739,19,0.0,0.0,0.0,1.57079994678,-1.22172999382,0.0,
6461,17073,7739,19,0.0,0.0,0.0,1.57079994678,-2.09439992905,0.0,
6462,17073,7737,19,0.0,0.0,0.0,0.0,0.0,0.0,
6464,17075,6650,34,0.0,0.0,0.0,0.0,0.0,0.0,
6466,17077,7740,21,0.75,-0.10000000149,0.15000000596,0.0,0.0,0.0,
6467,17082,7744,-1,0.0,-0.5,0.699999988079,0.0,0.0,0.0,
6468,8533,5884,19,0.0,0.0,0.0,0.0,0.0,0.0,
6469,17089,7745,34,0.0,0.0,0.0,0.0,0.0,0.0,
6470,8534,7749,19,0.0,0.0,3.5,0.0,0.0,0.0,
6471,8534,7747,19,0.0,0.0,5.0,1.04719996452,0.0,0.0,
6472,8534,7750,19,0.0,0.0,2.0,2.09439992905,0.0,0.0,
6473,17097,7752,34,0.0,0.0,0.0,0.0,0.0,0.0,
6474,8535,7753,19,0.0,0.0,1.0,0.0,0.0,0.0,
6475,17099,7754,19,0.0,0.0,0.0,0.0,0.0,0.0,
6476,17100,3167,19,0.0,0.0,0.0,0.0,0.0,0.0,
6477,17102,7755,19,0.0,0.0,-0.300000011921,0.0,0.0,0.0,
6478,17103,7593,-1,0.0,0.0,-2.0,-1.57079994678,0.0,0.0,
6479,17103,7418,19,0.0,0.0,-1.0,0.0,0.0,0.0,
6480,17108,6487,34,0.0,0.0,0.0,0.0,-1.57079994678,0.0,
6484,16811,7761,19,0.0,0.0,5.0,0.0,0.0,0.0,
6485,17133,6645,20,0.0,0.0,0.0,0.0,0.0,0.0,
6486,17146,17,1,0.5,0.0,0.0,0.0,0.0,0.0,
6487,17147,623,1,0.0,0.0,1.0,0.0,0.0,0.0,
6488,17148,7821,34,0.0,0.0,0.0,0.0,0.0,0.0,
6489,17159,7766,17,-0.800000011921,-1.0,-0.15000000596,0.0,1.57079994678,0.0,
6490,17159,7766,17,-0.800000011921,1.0,0.15000000596,0.0,1.57079994678,0.0,
6491,17160,6902,17,-0.5,1.0,-1.75,0.0,0.0,0.0,
6492,17160,6902,17,-0.5,-1.0,-1.75,0.0,0.0,0.0,
6493,17025,7718,32,0.0,0.0,-0.0500000007451,-1.57079994678,0.0,0.0,
6494,17025,7767,12,0.0500000007451,0.0,-0.20000000298,1.57079994678,0.0,1.57079994678,
6495,17025,7721,12,-0.070000000298,0.0,0.0799999982119,1.57079994678,0.0,0.0,
6497,17025,7719,33,0.0,0.0,-0.0299999993294,0.0,0.0,0.0,
6498,17025,7718,12,-0.0500000007451,-0.25,-0.25,1.57079994678,0.0,0.0,
6499,17025,7719,12,-0.00999999977648,0.25,-0.129999995232,0.0,-0.785398006439,0.0,
6500,17025,7719,12,-0.00999999977648,0.230000004172,-0.330000013113,-0.261799007654,-0.837758004665,0.0,
6501,17166,6924,-1,0.0,0.0,0.0,0.0,0.0,0.0,
6502,17167,7803,20,0.0,0.0,-3.0,0.0,0.0,0.0,
6503,17168,7802,20,0.0,0.0,-2.5,0.0,0.0,0.0,
6504,16691,5047,20,1.65999996662,-0.649999976158,-2.15000009537,0.0,0.0,0.0,
6505,16698,5753,19,0.0,0.0,-2.0,0.0,0.0,0.0,
6506,17180,7778,22,0.800000011921,-0.00999999977648,0.15000000596,0.0,0.0,0.0,
6507,17182,396,19,0.0,0.0,0.0,0.0,0.0,0.0,
6509,17183,7109,34,0.5,-0.600000023842,0.0,-0.785398006439,0.0,0.0,
6510,17185,7780,34,0.0,0.0,0.0,0.0,0.0,0.0,
6511,17188,6765,17,0.0,0.0,0.0,0.0,1.57079994678,0.0,
6512,17189,8208,19,0.0,0.0,0.5,0.174532994628,0.0,0.0,
6514,17192,7784,19,0.0,0.0,0.0,0.0,0.0,0.0,
6515,17193,6612,17,0.0,0.0,0.0,0.0,0.0,0.0,
6517,17193,7786,17,0.0,0.0,0.0,0.0,0.0,0.0,
6518,17199,6939,19,0.0,0.0,-3.0,0.0,0.0,0.0,
6520,17201,7790,-1,0.0,0.0,0.0,0.0,0.0,0.0,
6521,17201,5861,-1,0.699999988079,2.75,-0.300000011921,0.0,0.0,0.0,
6522,17201,5861,-1,-0.300000011921,-2.59999990463,0.0,0.0,0.0,0.0,
6523,17201,7230,-1,0.0,0.0,-0.5,0.0,0.0,0.0,
6524,17201,7230,-1,0.0,2.0,-0.5,0.0,0.0,0.0,
6525,17201,7230,-1,0.0,-2.0,-0.5,0.0,0.0,0.0,
6526,17201,7792,-1,-0.699999988079,-2.5,0.0,0.0,0.0,0.0,
6527,17201,7792,-1,0.699999988079,2.75,0.0,0.0,0.0,0.0,
6528,17205,3375,21,0.0,0.0,0.0,0.0,0.0,0.0,
6529,17209,7593,-1,3.0,0.0,0.0,1.57079994678,0.0,0.0,
6531,17213,565,19,0.0,0.0,0.0,0.0,0.0,0.0,
6532,17207,6064,38,0.300000011921,0.0,0.0,0.0,0.0,0.0,
6533,17212,7863,19,0.0,0.0,0.0,0.0,0.0,0.0,
6534,17218,8586,19,0.0,0.0,-0.899999976158,0.0,0.0,0.0,
6535,17219,291,34,0.0,0.0,0.0,0.0,0.0,0.0,
6536,17219,70,34,0.0,0.0,-1.0,0.0,0.0,0.0,
6538,17220,7805,19,30.0,0.0,20.0,0.0,0.0,0.0,
6539,17220,7805,19,-30.0,0.0,20.0,0.0,0.0,0.0,
6541,17221,6938,19,0.0,0.0,-1.0,0.0,0.0,0.0,
6542,17224,7806,20,0.0,0.0,0.0,0.0,0.0,0.0,
6543,15711,153,22,0.0,0.0,0.0,0.0,0.0,0.0,
6545,17236,7811,34,0.25,0.0,0.5,0.0,0.0,0.0,
6549,17249,6837,19,0.0,0.0,0.0,0.0,0.0,0.0,
6551,17250,4382,19,0.0,0.0,-2.0,0.0,0.0,0.0,
6552,17250,7794,19,0.0,0.0,0.0,0.0,0.0,0.0,
6553,17249,7817,19,0.0,0.0,0.0,0.0,0.0,0.0,
6554,17249,6839,19,0.0,0.0,0.0,0.0,0.0,0.0,
6555,17248,6643,19,0.0,0.0,0.0,0.0,0.0,0.0,
6556,17248,4641,19,0.0,0.0,0.0,0.0,0.0,0.0,
6558,17250,5393,34,0.0,0.0,0.0,0.0,0.0,0.0,
6560,17251,3611,-1,1.0,0.0,0.0,0.0,0.0,0.0,
6561,17244,7701,19,0.0,0.0,0.0,0.0,0.0,0.0,
6564,17268,7822,19,0.0,0.0,4.0,0.0,0.0,0.0,
6565,17221,2122,19,0.0,0.0,4.0,0.0,0.0,0.0,
6568,17277,7825,34,0.0,0.0,0.0,0.0,0.0,0.0,
6569,17280,7826,16,0.20000000298,0.0,0.10000000149,0.0,0.0,0.0,
6570,17280,7826,15,-0.40000000596,0.0,0.20000000298,0.0,0.0,0.0,
6571,17280,7826,0,0.0,0.0,0.0,0.0,0.0,0.0,
6572,17285,7827,2,-0.300000011921,0.0,0.0,0.0,1.65805995464,0.0,
6574,17287,7829,15,0.0500000007451,0.0,0.0900000035763,0.0,1.65805995464,0.0,
6575,17287,7830,6,-0.300000011921,0.0,-0.300000011921,-1.30900001526,0.349065989256,-0.959931015968,
6576,17287,7831,5,0.0,0.15000000596,-0.15000000596,1.65805995464,0.523599028587,0.0,
6578,17292,7833,-1,2.0,2.0,0.0,0.0,0.0,0.0,
6579,17287,7828,5,0.0,0.0,0.0,0.0,0.0,1.30900001526,
6580,17293,6447,-1,2.0,2.0,0.0,0.0,0.0,0.0,
6581,17287,7832,16,0.0,-1.0,0.15000000596,1.57079994678,0.959931015968,-0.785398006439,
6583,17295,7840,19,0.0,0.0,-1.0,0.0,0.0,0.0,
6585,17298,7837,17,-0.5,0.0,-0.800000011921,0.0,0.0,0.0,
6586,17302,6537,17,0.0,0.0,0.0,0.0,0.0,0.0,
6587,17295,7839,19,0.0,0.0,-1.0,0.0,0.0,0.0,
6590,17295,7839,19,0.0,0.0,-1.0,0.0,0.0,0.0,
6591,17295,7839,19,0.0,0.0,-1.0,0.0,0.0,0.0,
6594,17305,5850,-1,2.0,2.0,0.0,0.0,0.0,0.0,
6595,17306,7827,-1,2.0,2.0,0.0,0.0,0.0,0.0,
6596,17307,7420,19,0.0,0.0,-0.300000011921,0.0,0.0,0.0,
6598,17311,7844,17,0.0,0.0,-0.300000011921,0.0,0.0,0.0,
6599,17312,5504,19,0.0,0.0,0.0,0.0,0.0,0.0,
6600,8532,2122,34,0.0,0.0,0.0,0.0,0.0,0.0,
6601,17314,7849,34,0.0,0.0,0.0,0.0,0.0,0.0,
6603,17314,7856,34,0.0,0.0,2.0,1.57079994678,0.0,0.0,
6604,17314,7850,34,0.0,0.0,0.0,0.785398006439,0.0,0.0,
6605,17314,7849,34,0.0,0.0,0.0,1.57079994678,0.0,0.0,
6607,17323,6839,-1,0.0,0.0,0.0,0.0,0.0,0.0,
6608,17323,7361,-1,0.0,0.0,0.0,0.0,0.0,0.0,
6617,17344,7868,17,0.0,-0.20000000298,0.0,1.57079994678,1.57079994678,0.0,
6618,17353,7870,22,0.20000000298,-0.10000000149,0.25,0.0,-2.26892995834,1.04719996452,
6619,17353,7871,17,0.0,0.0,0.300000011921,0.0,0.349065989256,0.0,
6620,17353,7872,16,0.0,-1.0,-0.10000000149,1.57079994678,0.0,0.0,
6621,17357,392,17,-0.20000000298,0.0,0.40000000596,0.0,0.0,0.0,
6622,17358,272,17,-0.20000000298,0.0,0.40000000596,0.0,0.0,0.0,
6623,17365,7875,17,-0.5,0.300000011921,0.25,0.0,1.57079994678,0.0,
6624,17376,7878,34,0.0,0.0,0.15000000596,0.0,0.0,0.0,
6625,17376,7878,34,0.0,0.0,-0.15000000596,0.0,0.0,0.0,
6626,17380,6839,19,0.0,0.0,0.0,0.0,0.0,0.0,
6628,17381,6650,34,0.0,0.0,0.0,0.0,0.0,0.0,
6630,17387,17,1,1.0,0.0,0.0,0.0,0.0,0.0,
6631,17387,17,1,0.5,0.0,0.0,0.0,0.0,0.0,
6633,17387,17,1,1.5,0.0,0.0,0.0,0.0,0.0,
6634,17388,623,1,1.0,0.0,0.0,0.0,0.0,0.0,
6635,17388,623,1,0.5,0.0,0.0,0.0,0.0,0.0,
6636,17388,623,1,1.5,0.0,0.0,0.0,0.0,0.0,
6638,17391,4268,-1,0.0,0.0,0.0,0.785398006439,0.0,0.0,
6639,17391,4268,-1,0.0,0.0,0.0,1.57079994678,0.0,0.0,
6640,17391,4268,-1,0.0,0.0,0.0,3.14159011841,0.0,0.0,
6641,17391,4268,-1,0.0,0.0,0.0,4.71238994598,0.0,0.0,
6642,17391,4268,-1,0.0,0.0,0.0,0.0,0.0,0.0,
6643,17391,4268,-1,0.0,0.0,0.0,2.3561899662,0.0,0.0,
6644,17391,4268,-1,0.0,0.0,0.0,5.49778985977,0.0,0.0,
6645,17391,4268,-1,0.0,0.0,0.0,3.9269900322,0.0,0.0,
6646,17397,4783,19,0.0,0.0,1.0,0.0,0.0,0.0,
6647,17403,7887,-1,0.0,0.0,0.0,0.0,0.0,0.0,
6648,17405,5732,19,0.0,0.0,0.15000000596,0.0,0.0,0.0,
6650,17405,5680,19,0.0,0.0,0.300000011921,0.0,0.0,0.0,
6651,17410,7817,19,0.0,0.0,0.0,0.0,0.0,0.0,
6653,17411,5680,34,0.0,0.0,0.0,0.0,0.0,0.0,
6655,17412,7378,19,0.0,0.0,0.5,0.0,0.0,0.0,
6656,17412,4241,19,0.0,0.0,0.0,0.0,0.0,0.0,
6657,17412,7156,19,0.0,0.0,0.0,0.0,0.0,0.0,
6658,17412,623,22,0.0,0.0,0.0,0.0,0.0,0.0,
6659,17412,623,21,0.0,0.0,0.0,0.0,0.0,0.0,
6660,17414,7378,19,0.0,0.0,0.5,0.0,0.0,0.0,
6661,17414,6206,19,0.0,0.0,0.0,0.0,0.0,0.0,
6662,17414,4241,19,0.0,0.0,0.0,0.0,0.0,0.0,
6663,17414,623,21,0.0,0.0,0.0,0.0,0.0,0.0,
6664,17414,623,22,0.0,0.0,0.0,0.0,0.0,0.0,
6665,17414,4241,19,0.0,0.0,0.0,0.0,0.0,0.0,
6666,17414,4241,19,0.0,0.0,0.0,0.0,0.0,0.0,
6667,17418,5733,-1,0.0,0.0,0.34999999404,0.0,0.0,0.0,
6668,17420,3876,17,0.0,0.0,0.0,0.0,0.0,0.0,
6670,17420,7380,19,0.0,0.0,0.0,0.0,0.0,0.0,
6671,17420,7380,19,0.0,0.0,0.0,1.57079994678,0.0,0.0,
6672,17420,7381,19,0.0,0.0,0.0,1.57079994678,0.0,0.0,
6673,17420,7381,19,0.0,0.0,0.0,0.785398006439,0.0,0.0,
6674,17420,7380,19,0.0,0.0,0.0,0.785398006439,0.0,0.0,
6675,17419,6667,17,0.0,0.0,0.0,0.0,0.0,0.0,
6676,17419,3891,17,0.0,0.0,0.0,0.0,0.0,0.0,
6678,17419,7785,17,0.0,0.0,0.0,0.0,-0.122172996402,0.0,
6679,17419,7786,17,0.0,0.0,0.0,-0.523599028587,-0.122172996402,0.0,
6680,17419,7786,17,0.0,0.0,0.0,0.523599028587,-0.122172996402,0.0,
6681,17419,7786,17,0.0,0.0,0.0,1.04719996452,-0.122172996402,0.0,
6682,17419,7786,17,0.0,0.0,0.0,-1.04719996452,-0.122172996402,0.0,
6688,17419,7786,17,0.0,0.0,0.0,-1.30900001526,0.0,0.0,
6689,17419,7786,17,0.0,0.0,0.0,1.48353004456,0.0,0.0,
6692,17429,6989,19,0.0,0.0,0.0,0.0,0.0,0.0,
6694,17424,5071,21,0.0,0.0,0.0,0.0,0.0,0.0,
6695,17436,6547,19,0.0,0.0,-0.75,0.0,0.0,0.0,
6704,17434,7895,19,0.0,0.0,33.2999992371,0.0,0.0,0.0,
6705,17437,7896,34,1.0,0.0,-1.0,0.0,-0.122172996402,0.0,
6707,17445,2122,-1,1.0,0.300000011921,1.0,0.0,0.0,0.0,
6708,17446,3645,-1,0.800000011921,-0.300000011921,0.5,0.0,0.0,0.0,
6709,17447,3929,-1,0.800000011921,-0.300000011921,0.40000000596,0.0,0.0,0.0,
6710,17448,4893,-1,0.800000011921,0.0,0.699999988079,0.0,0.0,0.0,
6711,17449,4988,0,-1.0,0.0,-1.5,-1.57079994678,0.0,0.0,
6713,17457,7905,19,0.0,0.0,-18.0,0.0,0.0,0.0,
6714,17460,7896,19,0.0,0.0,0.0,0.0,0.0,0.0,
6715,17461,4987,39,0.0,0.0,0.0,0.0,0.0,0.0,
6716,17464,4892,19,-3.0,0.0,1.0,0.0,0.0,0.0,
6717,17469,6376,19,0.0,0.0,-0.20000000298,0.0,0.0,0.0,
6718,17475,3928,34,0.0,0.0,0.0,0.0,0.0,0.0,
6719,17476,5842,34,4.0,0.0,2.0,0.0,5.75959014893,0.0,
6720,17475,5055,34,0.0,0.0,0.0,0.0,0.0,0.0,
6721,17475,6307,34,0.0,0.0,0.0,0.0,0.0,0.0,
6722,17480,717,34,0.0,0.0,0.0,0.0,0.0,0.0,
6723,17482,272,17,-0.20000000298,0.0,0.40000000596,0.0,0.0,0.0,
6724,17484,7910,34,0.0,0.0,0.0,0.0,-1.57079994678,0.0,
6725,17487,7912,22,0.0,0.0,0.0,1.57079994678,0.0,0.0,
6727,15866,7918,34,-0.15000000596,0.0,-0.20000000298,0.0,0.0,0.0,
6728,17500,5055,34,0.0,0.0,0.0,0.0,0.0,0.0,
6729,17500,5055,34,0.0,0.0,0.0,0.0,0.0,0.0,
6730,17501,6307,34,0.0,0.0,0.0,0.0,0.0,0.0,
6731,17501,6307,34,0.0,0.0,0.0,0.0,0.0,0.0,
6732,17501,3928,34,0.0,0.0,0.0,0.0,0.0,0.0,
6733,17501,6307,34,0.0,0.0,0.0,0.0,0.0,0.0,
6734,17501,6307,34,0.0,0.0,0.0,0.0,0.0,0.0,
6735,17502,7921,34,0.0,-0.25,0.0,0.0,0.0,0.0,
6736,17506,5920,23,0.0,0.0,0.0,0.0,0.0,0.0,
6737,17506,5920,17,0.0,0.0,0.0,0.0,0.0,0.0,
6738,17508,7922,19,0.0,0.0,0.0,0.0,0.0,0.0,
6742,14675,7925,19,0.0,0.0,1.79999995232,0.0,0.0,0.0,
6743,17514,4891,38,0.0,0.0,0.0,0.0,0.0,0.0,
6744,17515,7556,21,0.0,0.0,0.0,0.0,0.0,0.0,
6745,17515,7556,22,0.0,0.0,0.0,0.0,0.0,0.0,
6746,17520,7698,34,0.20000000298,0.0,0.0,0.0,0.0,0.0,
6747,17530,5666,19,0.0,0.0,0.0,0.0,0.0,0.0,
6748,17531,5721,19,0.0,0.0,0.0,0.0,0.0,0.0,
6749,17532,5721,19,0.0,0.0,0.0,0.0,0.0,0.0,
6750,17537,7931,17,0.0,0.0,0.0,0.0,0.0,0.0,
6751,17543,4901,34,0.0,0.0,0.0,0.0,0.0,0.0,
6752,17551,7933,17,-0.699999988079,0.270000010729,-0.300000011921,1.30900001526,-0.0034910000395,0.0,
6753,17554,3068,-1,0.0,0.0,1.0,0.0,0.0,0.0,
6754,17554,6117,-1,0.0,0.0,0.0,0.0,0.0,0.0,
6755,17555,7931,17,0.0,0.0,0.0,0.0,0.0,0.0,
6756,17544,7931,17,0.0,0.0,0.0,0.0,0.0,0.0,
6757,17569,7810,19,0.0,0.0,-1.0,0.0,0.0,0.0,
6758,17567,5915,21,0.0,0.10000000149,0.0,0.0,0.0,0.0,
6759,17567,7936,21,0.0,0.10000000149,0.0,0.0,2.61799001694,0.0,
6760,17567,7939,21,0.0,0.10000000149,0.0,0.0,2.61799001694,0.0,
6761,17577,4183,19,0.0,0.0,0.0,0.0,0.0,0.0,
6762,17577,4183,19,0.0,0.0,-0.5,0.0,0.0,0.0,
6763,17577,6352,19,0.0,0.0,0.0,0.0,0.0,0.0,
6764,17577,3521,19,0.0,0.0,0.0,0.0,0.0,0.0,
6766,15077,4255,19,0.0,0.0,2.79999995232,0.0,0.523599028587,3.66518998146,
6767,15077,4255,19,0.0,0.0,2.70000004768,0.0,0.523599028587,3.66518998146,
6768,17585,3248,19,0.0,0.0,0.0,0.0,0.0,0.0,
6769,17585,5657,19,0.0,0.0,0.0,0.0,0.0,0.0,
6770,17585,2966,19,0.0,0.0,0.0,0.0,0.0,0.0,
6771,17585,3284,19,0.0,0.0,0.0,0.0,0.0,0.0,
6773,17582,6597,19,0.0,0.0,0.0,0.0,0.0,0.0,
6774,17582,2966,19,0.0,0.0,0.0,0.0,0.0,0.0,
6775,17582,3284,19,0.0,0.0,0.0,0.0,0.0,0.0,
6776,17582,714,19,0.0,0.0,0.0,0.0,0.0,0.0,
6778,17575,7355,19,0.0,0.0,0.0,0.0,0.0,0.0,
6781,17588,6591,-1,0.0,0.0,0.0,0.0,0.0,0.0,
6782,17590,3873,-1,0.0,0.0,0.0,0.0,0.0,0.0,
6783,17575,7942,-1,0.0,0.0,1.0,0.0,0.0,0.0,
6785,17596,7026,19,0.0,0.0,0.0,0.0,0.0,0.0,
6786,17596,7026,19,0.0,0.0,1.0,0.0,0.0,0.0,
6787,17596,7026,19,0.0,0.0,2.0,0.0,0.0,0.0,
6788,17596,7026,19,0.0,0.0,3.0,0.0,0.0,0.0,
6789,17596,7026,19,0.0,0.0,4.0,0.0,0.0,0.0,
6790,17596,7026,19,0.0,0.0,5.0,0.0,0.0,0.0,
6791,17569,7204,19,0.0,0.0,0.0,0.0,0.0,0.0,
6792,17598,4953,19,0.0,0.0,0.0,0.0,0.0,0.0,
6794,17603,285,34,0.0,0.0,0.0,0.0,0.0,0.0,
6795,17603,252,34,0.0,0.0,0.0,0.0,0.0,0.0,
6797,17612,6759,19,0.0,0.0,0.0,-3.14159011841,0.0,0.0,
6798,17612,6759,19,0.0,0.0,0.0,-1.57079994678,0.0,0.0,
6799,17616,7947,17,-0.20000000298,0.0,0.10000000149,0.0,0.174532994628,0.0,
6800,17621,7686,19,0.0,0.0,1.0,0.0,0.0,0.0,
6801,17621,7684,19,0.0,0.0,1.0,1.22172999382,0.0,0.0,
6802,17621,7685,19,0.0,0.0,1.0,0.872664988041,0.0,0.0,
6803,17621,7687,19,0.0,0.0,1.0,0.523599028587,0.0,0.0,
6804,17621,7687,19,0.0,0.0,3.0,0.523599028587,0.0,0.0,
6805,17621,7685,19,0.0,0.0,3.0,0.872664988041,0.0,0.0,
6806,17621,7684,19,0.0,0.0,3.0,1.22172999382,0.0,0.0,
6807,17621,7686,19,0.0,0.0,3.0,0.0,0.0,0.0,
6808,17621,7687,19,0.0,0.0,5.0,0.523599028587,0.0,0.0,
6809,17621,7685,19,0.0,0.0,5.0,0.872664988041,0.0,0.0,
6810,17621,7684,19,0.0,0.0,5.0,1.22172999382,0.0,0.0,
6811,17621,7686,19,0.0,0.0,5.0,0.0,0.0,0.0,
6812,17621,7686,19,0.75,0.0,7.0,0.0,1.57079994678,0.0,
6813,17621,7684,19,0.75,0.0,7.0,1.22172999382,1.57079994678,0.0,
6814,17621,7685,19,0.75,0.0,7.0,0.872664988041,1.57079994678,0.0,
6815,17621,7687,19,0.75,0.0,7.0,0.523599028587,1.57079994678,0.0,
6816,17631,7024,-1,0.0,0.0,0.0,0.0,0.0,0.0,
6817,17636,6236,34,0.0,0.0,0.0,0.0,0.0,0.0,
6818,17644,7652,19,0.0,0.0,2.0,0.0,0.0,0.0,
6820,17644,7652,19,0.0,0.0,2.0,3.14159011841,0.0,0.0,
6821,17647,7944,19,0.0,0.0,4.0,0.0,0.0,0.0,
6822,17588,7954,-1,0.0,0.0,0.0,0.0,0.0,0.0,
6823,17648,9370,34,-0.10000000149,0.10000000149,-0.10000000149,0.0,-1.74532997608,0.0,
6824,17651,6396,-1,0.0,0.0,1.0,0.0,0.0,0.0,
6825,17652,5057,19,0.0,0.0,0.0,0.0,0.0,0.0,
6826,17652,6791,19,0.0,0.0,0.0,0.0,0.0,0.0,
6827,17652,6789,19,0.0,0.0,0.0,0.0,0.0,0.0,
6828,17653,6731,-1,0.0,0.0,0.0,0.0,0.0,0.0,
6830,8533,5991,19,0.0,0.0,1.0,0.0,0.0,0.0,
6831,8533,5994,19,0.0,0.0,2.0,0.0,0.0,0.0,
6832,8533,5734,19,0.0,0.0,3.0,0.0,0.0,0.0,
6833,17677,7606,19,0.0,0.0,0.0,0.0,0.0,0.0,
6834,17678,4517,19,0.0,0.0,1.10000002384,0.0,0.0,0.0,
6835,17677,6755,19,0.0,0.0,-15.0,0.0,0.0,0.0,
6840,17677,7026,19,0.0,0.0,0.0,0.0,0.0,0.0,
6841,17685,4920,34,0.0,0.0,0.0,0.0,0.0,0.0,
6842,17686,5700,21,0.0500000007451,-0.0500000007451,-0.10000000149,0.0,-1.57079994678,0.0,
6843,17686,5700,22,0.0,0.0,-0.10000000149,0.0,1.57079994678,0.0,
6845,17689,7904,19,0.0,0.0,0.0,0.0,0.0,0.0,
6846,17679,7964,21,0.0,0.0,0.0,0.0,0.0,0.0,
6848,17692,4790,19,0.0,0.0,0.0,0.0,0.0,0.0,
6849,17692,3671,19,0.0,0.0,3.0,0.0,0.0,0.0,
6850,17679,7964,22,0.0,0.0,0.0,0.0,0.0,0.0,
6852,17695,4626,21,0.0,0.0,0.0,0.0,0.0,0.0,
6853,17695,4626,22,0.0,0.0,0.0,0.0,0.0,0.0,
6854,17699,158,19,0.0,0.0,0.0,0.0,0.0,0.0,
6856,17709,6757,19,0.0,0.0,0.0,0.0,0.0,0.0,
6858,17406,3167,19,0.0,0.0,0.0,0.0,0.0,0.0,
6859,15559,4113,17,-5.0,0.0,19.0,0.0,0.0,0.0,
6860,15559,4113,17,-15.0,10.0,19.0,0.0,0.0,0.0,
6861,15559,4113,17,-5.0,0.0,-12.0,0.0,0.0,0.0,
6862,17737,5773,22,0.20000000298,0.5,0.0,0.0,0.0,-1.57079994678,
6863,17740,7972,11,-0.0500000007451,0.0,-0.0500000007451,0.0,0.0,0.0,
6864,17742,7973,16,0.0,0.0,-0.20000000298,0.0,-1.57079994678,0.0,
6865,17736,8070,20,0.0,0.0,0.75,0.0,0.0,0.0,
6866,17736,7984,-1,0.0,0.0,0.0,0.0,0.0872659981251,0.0,
6867,17747,7975,11,0.0,0.0,-0.20000000298,0.0,0.0,0.0,
6868,17748,7976,16,0.0,0.0,0.0,0.0,-1.57079994678,0.0,
6870,17754,7979,-1,0.0,0.0,-12.0,0.0,0.0,0.0,
6871,17757,7369,34,0.0,0.0,3.5,0.0,0.0,0.0,
6872,17756,7369,20,0.0,0.0,5.0,0.0,0.0,0.0,
6873,17753,7369,19,0.0,0.0,2.0,0.0,0.0,0.0,
6874,16984,7981,22,1.0,0.0,1.29999995232,0.0,0.0,0.0,
6875,17770,7985,37,0.0,0.0,0.0,0.0,0.0,0.0,
6876,17776,6755,-1,0.0,0.0,-10.0,0.0,0.0,0.0,
6877,17777,7369,19,0.0,0.0,0.0,0.0,0.0,0.0,
6878,17770,88,37,0.0,0.0,0.0,0.0,0.0,0.0,
6879,17724,4268,-1,0.0,0.0,0.0,0.785398006439,0.0,0.0,
6880,17724,4268,-1,0.0,0.0,0.0,2.3561899662,0.0,0.0,
6881,17724,4268,-1,0.0,0.0,0.0,1.57079994678,0.0,0.0,
6882,17724,4268,-1,0.0,0.0,0.0,3.14159011841,0.0,0.0,
6883,17724,4268,-1,0.0,0.0,0.0,3.9269900322,0.0,0.0,
6884,17724,4268,-1,0.0,0.0,0.0,4.71238994598,0.0,0.0,
6885,17724,4268,-1,0.0,0.0,0.0,5.49778985977,0.0,0.0,
6886,17724,4268,-1,0.0,0.0,0.0,0.0,0.0,0.0,
6887,17779,4974,19,0.0,0.0,0.0,0.0,0.0,0.0,
6889,17783,7987,34,-0.119999997318,0.0,-0.550000011921,0.0,1.39626002312,0.0,
6890,17793,7989,34,-0.25,0.0,-1.5,0.0,0.0,0.0,
6891,17803,6723,34,0.0,2.0,1.5,0.0,0.0,0.0,
6892,17803,6723,34,-2.5,-1.0,-1.0,0.0,0.0,0.0,
6893,17798,3335,34,0.0,0.0,-0.5,0.0,0.0,0.0,
6894,17802,7145,-1,0.0,0.0,-0.5,0.0,0.0,0.0,
6895,17809,719,19,0.0,0.0,0.0,0.785398006439,0.0,0.0,
6897,17809,3049,34,0.0,0.0,0.0,0.0,0.0,0.0,
6898,17817,5395,19,2.5,0.0,2.5,0.0,0.0,0.0,
6899,17825,7992,19,0.0,0.0,0.0,0.0,0.0,0.0,
6901,17826,297,19,0.0,0.0,0.0,0.0,0.0,0.0,
6902,17826,7991,19,0.0,0.0,0.0,0.0,0.0,0.0,
6903,17826,7991,34,0.0,0.0,-0.5,0.0,0.0,0.0,
6904,17826,7991,34,0.0,0.0,0.75,0.0,0.0,0.0,
6907,17829,7994,34,-0.75,0.0,-1.5,0.0,0.0,0.0,
6908,17830,287,22,0.0,0.0,0.0,0.0,0.0,0.0,
6909,17830,287,21,0.0,0.0,0.0,0.0,0.0,0.0,
6911,17834,3040,19,0.0,0.0,0.0,0.0,0.0,0.0,
6913,17839,7995,2,-0.25,0.0,-0.40000000596,0.0,0.785398006439,0.0,
6915,17859,8001,-1,0.0,0.0,1.0,0.0,0.0,0.0,
6916,17860,8002,-1,0.0,0.0,1.0,0.0,0.0,0.0,
6917,17861,8003,-1,0.0,0.0,1.0,0.0,0.0,0.0,
6918,17864,3021,-1,0.419999986887,0.0,0.899999976158,0.0,0.0,0.0,
6919,17866,8210,19,0.0,0.0,-3.0,0.0,0.0,0.0,
6920,17866,8209,19,0.0,0.0,-4.0,0.0,0.0,0.0,
6921,17867,5355,22,0.0,0.0,-0.5,0.0,0.0,0.0,
6923,17810,8004,17,0.800000011921,0.0,0.300000011921,0.0,-1.13445997238,0.0,
6925,17870,8007,16,-0.40000000596,0.0,-0.5,0.0,0.349065989256,0.0,
6926,17885,8008,1,0.0,-0.15000000596,0.0,0.0,1.57079994678,1.57079994678,
6930,17893,252,34,0.0,0.0,0.0,0.0,0.0,0.0,
6931,17893,8013,19,0.0,0.0,0.0,0.0,0.0,0.0,
6932,17902,1643,19,0.0,0.0,-2.0,0.0,0.0,0.0,
6933,17904,8015,12,-0.40000000596,0.0,-0.75,0.0,-0.959931015968,0.0,
6934,17905,5071,21,0.0,0.0,0.0,0.0,0.0,0.0,
6935,17906,2122,34,0.0,0.0,0.0,0.0,0.0,0.0,
6936,17906,2122,34,0.0,0.0,0.0,0.0,0.0,0.0,
6937,17906,2122,34,0.0,0.0,0.0,0.0,0.0,0.0,
6938,17913,6746,12,0.0,-0.15000000596,-0.10000000149,0.0,0.0,0.0,
6939,17913,6746,12,0.0,0.15000000596,-0.10000000149,0.0,0.0,0.0,
6940,17916,5952,1,0.0,0.0,0.0,0.0,0.0,0.0,
6941,17916,5479,1,1.0,0.0,0.0,0.0,0.0,0.0,
6942,17915,5952,1,0.0,0.0,0.0,0.0,0.0,0.0,
6943,17920,8019,19,0.0,0.0,-1.5,0.0,0.0,0.0,
6944,17920,3909,34,0.0,0.0,0.0,0.0,0.0,0.0,
6947,17920,3909,34,0.0,0.0,0.0,0.0,0.0,0.0,
6948,17920,3909,34,0.0,0.0,0.0,0.0,0.0,0.0,
6949,17920,3909,34,0.0,0.0,0.0,0.0,0.0,0.0,
6950,17920,3909,34,0.0,0.0,0.0,0.0,0.0,0.0,
6951,17922,6458,34,-1.0,0.5,0.0,2.61799001694,0.785398006439,0.0,
6953,17922,6458,34,0.0,0.0,0.0,0.0,1.74532997608,0.0,
6954,17922,6458,34,-1.0,-0.5,0.0,4.01425981522,2.3561899662,0.0,
6955,17924,7509,19,0.0,0.0,0.0,0.0,0.0,0.0,
6956,17925,8022,19,0.0,0.0,0.20000000298,1.57079994678,0.0,0.0,
6957,17926,8023,19,0.0,0.0,0.10000000149,1.57079994678,0.0,0.0,
6958,17927,8024,19,0.0,0.0,0.0,1.57079994678,0.0,0.261799007654,
6959,17928,8027,19,0.0,0.0,0.40000000596,0.0,0.61086499691,-0.349065989256,
6961,17931,8027,19,0.5,-0.600000023842,1.79999995232,3.14159011841,3.14159011841,-0.785398006439,
6962,17931,8027,19,0.5,-0.5,0.5,0.0,0.0,0.785398006439,
6963,17934,8028,19,0.0,0.0,-2.0,0.0,0.0,0.0,
6964,17935,8029,19,0.0,0.0,1.0,0.0,0.0,0.0,
6971,17941,3934,17,3.0,0.0,0.0,0.0,0.0,0.0,
6972,17941,3084,17,-1.5,2.59999990463,0.0,0.0,0.0,0.0,
6973,17941,5394,17,-1.5,-2.59999990463,0.0,0.0,0.0,0.0,
6974,17943,6744,17,0.0,0.5,0.5,0.0,0.0,0.0,
6975,17943,4722,16,0.0,0.0,0.0,0.0,0.0,0.0,
6976,17948,8034,19,0.0,0.0,-0.20000000298,0.0,0.0,0.0,
6978,17990,7834,19,0.0,0.0,0.20000000298,0.0,0.0,0.0,
6979,17990,7373,19,0.0,0.0,0.20000000298,0.0,0.0,0.0,
6981,17993,6600,22,0.0,0.0,0.0,0.0,0.0,0.0,
6982,17994,3765,22,0.0,0.0,0.0,2.09439992905,-1.39626002312,0.0,
6985,17936,281,19,0.20000000298,0.40000000596,0.5,0.0,0.0,0.0,
6988,17936,281,19,0.0,-0.40000000596,0.899999976158,0.0,0.0,0.0,
6990,17936,281,21,0.0,0.0,0.0,0.0,0.0,0.0,
6991,17936,281,22,0.0,0.0,0.0,0.0,0.0,0.0,
6993,17937,5110,16,0.600000023842,1.0,-0.300000011921,1.57079994678,1.57079994678,0.0,
6995,17937,5110,16,0.0,1.10000002384,-0.10000000149,1.57079994678,1.57079994678,0.0,
6996,17937,5110,16,-0.5,1.0,-0.20000000298,1.57079994678,1.57079994678,0.0,
7019,18001,5999,16,0.699999988079,0.0,0.0,0.0,0.698131978512,0.0,
7024,17852,8009,19,0.0,0.25,-7.19999980927,0.0,0.0,0.0,
7025,18012,6278,19,0.0,0.0,0.0,0.0,-0.0872659981251,0.0,
7028,18027,3125,19,0.0,0.0,0.0,0.0,0.0,0.0,
7029,16923,7857,34,0.0,0.0,0.0,0.0,0.0,0.0,
7031,17687,5071,34,0.0,0.0,0.0,0.0,0.0,0.0,
7032,18035,8050,19,0.0,0.0,0.0,0.0,0.0,0.0,
7035,18040,5789,20,0.0,0.0,0.0,0.0,0.0,0.0,
7036,18046,5789,17,-0.10000000149,0.0,0.0,0.0,0.174532994628,0.0,
7037,18050,228,34,0.0,0.0,0.0,0.0,0.0,0.0,
7038,18059,3128,15,0.300000011921,0.0,0.0,0.0,0.0,0.0,
7039,18067,8132,19,0.0,0.0,-200.0,0.0,0.0,0.0,
7041,18068,8056,17,0.0500000007451,0.0,0.300000011921,0.0,0.174532994628,0.0,
7043,18075,8059,-1,0.0,0.0,0.0,0.0,0.0,0.0,
7045,18077,7825,34,0.0,0.0,0.0,0.0,0.0,0.0,
7046,18077,2122,34,0.0,0.0,0.0,0.0,0.0,0.0,
7047,18094,3221,34,0.0,0.0,0.0,0.0,0.0,0.0,
7049,18099,3994,22,0.25,0.0,-1.14999997616,0.0,1.57079994678,0.0,
7058,18102,8066,19,-0.5,0.0,5.0,0.0,0.0,3.66518998146,
7061,18102,8069,19,0.0,0.0,0.0,0.0,0.0,0.0,
7062,18122,8079,19,0.0,0.0,-0.300000011921,0.0,0.0,0.0,
7063,18124,8074,19,0.0,0.0,1.0,0.0,0.0,0.0,
7065,18122,4009,19,0.0,0.0,5.80000019073,0.0,0.0,0.0,
7066,18132,8087,15,-0.25,0.0,0.0,0.0,0.0,0.0,
7067,18132,4641,15,-0.25,0.0,0.5,0.0,0.0,0.0,
7071,18142,5974,22,0.0,0.0,0.0,0.0,0.0,0.0,
7073,18142,5974,21,0.0,0.0,0.0,0.0,0.0,0.0,
7074,18143,4779,17,0.0,0.0,1.0,0.0,0.0,0.0,
7075,18140,3078,34,1.0,0.0,0.0,0.0,0.0,0.0,
7084,17997,9646,17,-0.119999997318,-0.10000000149,0.219999998808,0.0,3.14159011841,0.0,
7089,18154,8096,22,1.0,0.0,0.0,0.0,-1.57079994678,0.0,
7090,15449,3052,34,0.0,0.0,0.550000011921,0.0,0.0,0.0,
7091,17189,8208,19,0.0,0.0,0.5,-0.174532994628,0.0,0.0,
7092,17189,8005,21,0.0,0.0,0.0,0.0,0.0,0.0,
7094,16828,6404,19,0.0,0.0,-1.0,0.0,0.0,0.0,
7095,16828,6404,19,0.0,0.0,4.0,0.785398006439,0.0,0.0,
7096,16828,6404,19,0.0,0.0,8.0,1.57079994678,0.0,0.0,
7097,18181,7045,19,0.0,0.0,0.0,0.0,0.0,0.0,
7098,18185,5910,20,0.0,0.25,-0.75,0.0,-1.57079994678,0.0,
7099,18185,5910,20,0.0,-0.330000013113,-0.649999976158,0.0,-1.57079994678,0.0,
7100,18185,5910,20,0.0,0.0,-0.5,0.0,-1.57079994678,0.0,
7101,18185,5910,20,0.0,0.0,-0.899999976158,0.0,-1.57079994678,0.0,
7102,18190,7673,-1,0.0,0.0,2.0,0.0,0.0,0.0,
7103,15507,6765,19,0.0,0.0,0.0,0.0,-1.57079994678,0.0,
7104,18198,6765,19,0.0,0.0,2.0,0.0,1.57079994678,0.0,
7105,18200,3705,15,0.0,0.0,0.0,0.0,0.0,0.0,
7108,18204,8104,34,-0.15000000596,-0.300000011921,-0.20000000298,0.0,0.785398006439,0.0,
7109,18204,8104,22,-0.10000000149,0.0,0.0,0.0,0.785398006439,0.0,
7110,18204,8104,21,0.0,0.0500000007451,0.300000011921,0.0,0.523599028587,0.0,
7112,18204,8105,34,-0.699999988079,0.300000011921,0.550000011921,0.0,-0.698131978512,0.0,
7113,18204,8104,16,0.0,0.20000000298,0.0500000007451,0.0,0.523599028587,0.0,
7114,18204,8104,34,-0.15000000596,0.20000000298,0.10000000149,0.0,0.785398006439,0.0,
7115,18204,8105,34,-0.5,-0.550000011921,0.5,0.0,-0.698131978512,-0.61086499691,
7116,18204,8104,16,0.159999996424,1.27999997139,-0.800000011921,0.0,0.0,1.83259999752,
7118,18218,7987,5,0.0,0.0,-0.20000000298,0.0,-0.349065989256,0.61086499691,
7119,18218,7987,6,0.0,0.0,-0.20000000298,0.0,-0.349065989256,-0.61086499691,
7120,18218,7390,21,0.0,0.0,0.0,0.0,1.57079994678,0.0,
7121,18218,8109,16,0.0,0.0,0.0,0.0,-2.26892995834,0.0,
7122,18223,6361,16,0.40000000596,1.35000002384,0.0,0.0,0.0,-1.57079994678,
7123,18218,7390,22,0.0,0.0,0.0,0.0,1.57079994678,0.0,
7124,18228,5907,-1,0.0,0.0,1.0,0.0,0.0,0.0,
7126,18245,8113,1,0.20000000298,0.0,-0.300000011921,0.0,1.57079994678,0.0,
7127,18248,8113,1,0.0,0.0,0.0,0.0,0.0,0.0,
7128,18250,1625,-1,0.0,0.0,0.0,3.14159011841,0.0,0.0,
7129,18249,4268,-1,1.0,0.0,0.0,0.0,0.0,0.0,
7131,15400,5632,17,0.0,0.0,-1.0,0.0,-0.261799007654,0.0,
7133,18256,7894,19,1.39999997616,0.0,0.0,0.0,0.0,0.0,
7134,18262,3392,22,0.0,0.0,0.0,3.14159011841,1.57079994678,0.0,
7135,18267,8119,17,0.0,0.0,0.0,0.0872659981251,0.0,0.0,
7136,18267,8119,17,0.0,0.0,0.0,-0.0872659981251,0.0,0.0,
7137,18267,8119,17,0.0,0.0,0.0,0.0,0.0,0.0,
7139,18269,8121,19,0.0,0.0,1.0,0.0,0.0,0.0,
7140,18269,6660,19,0.0,0.0,0.0,0.0,0.0,0.0,
7141,18269,6660,19,0.0,0.0,0.0,0.0,0.0,0.0,
7143,18269,6660,19,0.0,0.0,0.0,0.0,0.0,0.0,
7145,18277,3488,19,0.0,0.0,0.0,0.0,0.0,0.0,
7146,18278,8122,19,1.0,1.0,0.0,0.0,0.0,0.0,
7148,18279,8123,22,1.0,0.0,0.0,0.0,0.0,0.0,
7149,18280,8124,1,0.20000000298,0.25,0.0,0.0,1.57079994678,0.0,
7150,18281,7952,19,0.0,0.0,0.0,0.0,0.0,0.0,
7151,18282,8124,1,0.20000000298,0.25,0.0,0.0,1.57079994678,0.0,
7154,18281,7952,19,20.0,0.0,0.0,0.0,0.0,0.0,
7155,18281,7952,19,40.0,0.0,0.0,0.0,0.0,0.0,
7156,18281,7952,19,60.0,0.0,0.0,0.0,0.0,0.0,
7157,18281,7952,19,80.0,0.0,0.0,0.0,0.0,0.0,
7158,18281,7952,19,100.0,0.0,0.0,0.0,0.0,0.0,
7159,18281,7952,19,-20.0,0.0,0.0,0.0,0.0,0.0,
7160,18281,7952,19,-40.0,0.0,0.0,0.0,0.0,0.0,
7161,18281,7952,19,-60.0,0.0,0.0,0.0,0.0,0.0,
7162,18281,7952,19,-80.0,0.0,0.0,0.0,0.0,0.0,
7163,18281,7952,19,-100.0,0.0,0.0,0.0,0.0,0.0,
7164,18281,7952,19,0.0,20.0,0.0,0.0,0.0,0.0,
7165,18281,7952,19,0.0,40.0,0.0,0.0,0.0,0.0,
7166,18281,7952,19,0.0,60.0,0.0,0.0,0.0,0.0,
7167,18281,7952,19,0.0,80.0,0.0,0.0,0.0,0.0,
7168,18281,7952,19,0.0,100.0,0.0,0.0,0.0,0.0,
7169,18281,7952,19,0.0,-20.0,0.0,0.0,0.0,0.0,
7170,18281,7952,19,0.0,-40.0,0.0,0.0,0.0,0.0,
7171,18281,7952,19,0.0,-100.0,0.0,0.0,0.0,0.0,
7172,18281,7952,19,0.0,-80.0,0.0,0.0,0.0,0.0,
7173,18281,7952,19,20.0,20.0,0.0,0.0,0.0,0.0,
7174,18281,7952,19,40.0,40.0,0.0,0.0,0.0,0.0,
7175,18281,7952,19,60.0,60.0,0.0,0.0,0.0,0.0,
7176,18281,7952,19,80.0,80.0,0.0,0.0,0.0,0.0,
7177,18281,7952,19,100.0,100.0,0.0,0.0,0.0,0.0,
7178,18281,7952,19,-20.0,-20.0,0.0,0.0,0.0,0.0,
7179,18281,7952,19,-40.0,-40.0,0.0,0.0,0.0,0.0,
7180,18281,7952,19,-60.0,-60.0,0.0,0.0,0.0,0.0,
7181,18281,7952,19,-80.0,-80.0,0.0,0.0,0.0,0.0,
7182,18281,7952,19,-100.0,-100.0,0.0,0.0,0.0,0.0,
7183,18281,7952,19,-20.0,20.0,0.0,0.0,0.0,0.0,
7184,18281,7952,19,-40.0,40.0,0.0,0.0,0.0,0.0,
7185,18281,7952,19,-60.0,60.0,0.0,0.0,0.0,0.0,
7186,18281,7952,19,-80.0,80.0,0.0,0.0,0.0,0.0,
7187,18281,7952,19,-100.0,100.0,0.0,0.0,0.0,0.0,
7188,18281,7952,19,100.0,-100.0,0.0,0.0,0.0,0.0,
7189,18281,7952,19,80.0,-80.0,0.0,0.0,0.0,0.0,
7190,18281,7952,19,60.0,-60.0,0.0,0.0,0.0,0.0,
7191,18281,7952,19,40.0,-40.0,0.0,0.0,0.0,0.0,
7192,18281,7952,19,20.0,-20.0,0.0,0.0,0.0,0.0,
7193,18283,8127,19,0.0,0.0,-5.0,0.0,0.0,0.0,
7194,18283,8126,19,0.0,0.0,10.0,0.0,0.0,0.0,
7201,18289,7952,19,0.0,0.0,0.0,0.0,0.0,0.0,
7202,16170,7393,19,0.0,0.0,0.10000000149,0.0,0.0,0.0,
7204,18300,7652,19,0.0,0.0,3.0,0.0,0.0,0.0,
7205,18300,7652,19,0.0,0.0,3.0,3.14159011841,0.0,0.0,
7206,18304,4901,23,0.0,0.0,0.0,0.0,0.523599028587,0.0,
7207,18309,7175,-1,0.0,0.0,0.5,0.0,0.0,0.0,
7208,18310,8135,17,-0.330000013113,0.0,0.460000008345,0.0,0.0,0.0,
7209,18311,8138,34,0.449999988079,0.0,0.479999989271,0.0,0.0,0.0,
7210,18311,8135,17,-0.330000013113,0.0,0.460000008345,0.0,0.0,0.0,
7211,18312,8142,19,0.0,0.0,0.0,0.0,0.0,0.0,
7212,18313,8143,34,0.0,0.0,0.0,0.0,0.0,0.0,
7213,18319,8144,19,0.0,0.0,0.0,1.57079994678,0.0,0.0,
7214,18320,7718,12,-0.0500000007451,-0.25,-0.25,1.57079994678,0.0,0.0,
7215,18320,7767,12,0.0500000007451,0.0,-0.20000000298,1.57079994678,0.0,1.57079994678,
7216,18320,7719,12,-0.00999999977648,0.230000004172,-0.330000013113,-0.261799007654,-0.837758004665,0.0,
7217,18320,7719,12,-0.00999999977648,0.25,-0.129999995232,0.0,-0.785398006439,0.0,
7218,18320,7721,12,-0.070000000298,0.0,0.0799999982119,1.57079994678,0.0,0.0,
7219,18320,7718,32,0.0,0.0,-0.0500000007451,-1.57079994678,0.0,0.0,
7220,18320,7719,33,0.0,0.0,-0.0299999993294,0.0,0.0,0.0,
7221,18320,8145,17,-0.129999995232,0.00999999977648,0.0799999982119,0.0,0.0,-0.0872659981251,
7222,18321,7718,12,-0.0500000007451,-0.25,-0.25,1.57079994678,0.0,0.0,
7223,18321,7767,12,0.0500000007451,0.0,-0.20000000298,1.57079994678,0.0,1.57079994678,
7224,18321,7719,12,-0.00999999977648,0.230000004172,-0.330000013113,-0.261799007654,-0.837758004665,0.0,
7225,18321,7719,12,-0.00999999977648,0.25,-0.129999995232,0.0,-0.785398006439,0.0,
7226,18321,7721,12,-0.070000000298,0.25,0.0799999982119,1.57079994678,0.0,0.0,
7227,18321,7718,32,0.0,0.0,-0.0500000007451,-1.57079994678,0.0,0.0,
7228,18321,7719,33,0.0,0.0,-0.0299999993294,0.0,0.0,0.0,
7229,18321,8145,17,-0.129999995232,0.0,0.10000000149,0.0,0.0,-0.349065989256,
7230,18322,8037,19,0.0,0.0,0.0,0.0,0.0,0.0,
7231,18325,8135,17,-0.330000013113,0.0,0.460000008345,0.0,0.0,0.0,
7232,17814,7990,34,0.15000000596,0.0,0.0,0.0,0.0,0.0,
7234,18335,8155,38,0.0,0.0,0.0,0.0,0.0,0.0,
7235,18347,3647,-1,0.0,0.0,0.0,0.0,0.0,0.0,
7236,14724,7461,19,0.0,0.0,1.0,0.0,0.0,0.0,
7237,14724,7461,19,0.0,0.0,2.0,0.0,0.0,0.0,
7238,14724,7461,19,0.0,0.0,3.0,0.0,0.0,0.0,
7239,14724,7461,19,0.0,0.0,4.0,0.0,0.0,0.0,
7240,18357,7069,1,0.0,0.0,0.0,0.0,0.0,0.0,
7241,18357,88,1,0.800000011921,0.0,0.0,0.0,0.0,0.0,
7242,18358,6140,19,0.0,0.0,0.0,0.0,-1.57079994678,0.0,
7243,13143,7069,1,0.0,0.0,0.0,0.0,0.0,0.0,
7244,13143,7013,1,0.0,0.0,0.0,0.0,0.0,0.0,
7245,18358,8161,19,0.0,0.0,0.0,0.0,0.0,0.0,
7246,18364,4901,19,0.0,0.0,0.0,0.0,-1.57079994678,0.0,
7247,18368,8164,19,0.0,0.0,0.0,0.0,0.0,0.0,
7248,9286,3636,-1,0.0,0.0,0.0,0.0,0.0,0.0,
7249,9286,3636,-1,0.0,0.0,0.0,0.0,0.0,0.0,
7250,9286,3636,-1,0.0,0.0,0.0,0.0,0.0,0.0,
7251,18373,5009,21,0.0,0.0,0.0,0.0,0.0,0.0,
7252,17018,7716,19,3.0,0.0,0.0,4.71238994598,0.0,0.0,
7253,18377,4302,17,0.15000000596,0.0,-0.15000000596,0.0,0.0,0.0,
7256,18382,8173,19,0.0,0.0,0.0,0.0,0.0,0.0,
7259,18382,8012,19,0.0,0.0,0.0,0.0,0.0,0.0,
7260,18382,252,34,0.0,0.0,0.0,0.0,0.0,0.0,
7263,18382,8661,17,-0.0299999993294,0.035000000149,0.0900000035763,0.0,0.0,0.0,
7264,18382,8661,17,-0.0299999993294,-0.035000000149,0.0900000035763,0.0,0.0,0.0,
7265,18385,8178,-1,0.0,0.0,0.0,0.0,0.0,0.0,
7267,18387,4354,31,1.5,1.39999997616,0.5,0.0,0.0,0.0,
7268,18389,7034,21,-0.300000011921,0.0,0.0,0.0,0.0,0.0,
7269,18389,7034,22,-0.300000011921,0.0,0.0,0.0,0.0,0.0,
7270,18389,6055,15,0.0,0.0,0.0,0.0,0.0,0.0,
7271,18389,6863,0,0.0,0.0,0.0,0.0,0.0,0.0,
7272,18395,6697,19,5.0,0.0,0.0,0.0,0.0,0.0,
7274,18398,7362,-1,0.0,0.0,0.0,0.0,0.0,0.0,
7278,18401,1962,17,0.600000023842,0.0,0.300000011921,3.14159011841,0.0,0.0,
7279,18402,8181,20,0.0,0.0,0.5,0.0,0.0,0.0,
7280,18409,8183,-1,0.0,0.0,0.0,0.0,0.0,0.0,
7281,18409,5689,-1,0.0,0.0,0.0,0.0,0.0,0.0,
7282,18409,8183,-1,0.0,0.0,0.0,1.57079994678,1.57079994678,0.0,
7283,18410,8532,17,0.0,0.0,0.0,0.0,0.523599028587,0.0,
7285,18416,8180,19,0.0,0.0,-1.5,0.0,0.0,0.0,
7286,18389,7034,23,-0.300000011921,0.0,0.0,0.0,0.0,0.0,
7288,18423,285,34,0.0,0.0,0.0,0.0,0.0,0.0,
7289,16111,6592,19,0.0,0.0,0.0,0.0,0.0,0.0,
7290,18433,8189,34,0.0,0.0,0.0,0.0,0.0,0.0,
7291,18434,7809,19,0.0,0.0,0.0,0.0,0.0,0.0,
7295,18434,7604,21,0.0,0.0,0.0,0.0,0.0,0.0,
7297,18436,8191,16,-0.10000000149,0.300000011921,-0.34999999404,3.14159011841,0.0,0.785398006439,
7298,18434,7604,22,0.0,0.0,0.0,0.0,0.0,0.0,
7299,18434,8192,19,0.0,0.0,0.0,0.0,0.0,0.0,
7300,18437,8193,19,0.0,0.0,14.0,0.0,3.14159011841,0.0,
7302,18437,6938,19,0.0,0.0,4.0,0.0,0.0,0.0,
7303,18437,6756,19,0.0,0.0,0.0,0.0,0.0,0.0,
7304,18440,8195,19,10.0,1.0,0.0,2.53073000908,0.0,0.0,
7306,18444,2642,17,0.0,0.0,0.0,0.0,0.523599028587,0.0,
7307,18440,6719,-1,0.0,0.0,0.0,0.0,0.0,0.0,
7308,18440,6719,-1,11.0,0.0,-15.0,0.0,0.0,0.0,
7310,17042,7801,19,0.0,0.0,15.0,0.0,3.14159011841,0.0,
7311,17042,7713,19,0.0,0.0,14.0,0.0,0.0,0.0,
7312,17042,7713,19,0.0,0.0,14.0,1.57079994678,0.0,0.0,
7313,17042,7713,19,0.0,0.0,14.0,3.14159011841,0.0,0.0,
7314,17037,8614,19,0.0,0.0,14.0,0.0,0.0,0.0,
7318,18456,5586,34,0.0,0.0,0.0,0.0,0.0,0.0,
7319,18457,8112,34,-0.949999988079,0.0,-1.70000004768,0.0,0.0,0.0,
7320,17191,7783,19,0.0,0.0,0.0,0.0,0.0,0.0,
7321,17191,5139,19,0.0,0.0,0.0,0.0,0.0,0.0,
7322,17191,5139,19,0.0,0.0,2.0,0.0,0.0,0.0,
7323,17798,5365,-1,0.0,0.0,-1.0,0.0,0.0,0.0,
7324,18457,4323,34,-0.949999988079,0.0,-1.70000004768,0.0,0.0,0.0,
7325,18470,1016,19,0.0,0.0,0.0,0.0,0.0,0.0,
7326,18470,5752,19,0.0,0.0,0.0,1.57079994678,0.0,0.0,
7327,18470,8209,19,0.0,0.0,0.0,3.14159011841,0.0,0.0,
7330,17325,8683,19,0.0,0.0,0.0,0.0,0.0,0.0,
7332,17325,6849,19,0.0,0.0,0.0,0.0,0.0,0.0,
7333,17325,7867,19,0.0,0.0,0.0,0.0,0.0,0.0,
7334,17325,7866,19,0.0,0.0,0.0,0.0,0.0,0.0,
7335,18479,8251,-1,0.0,0.0,0.0,0.0,0.0,0.0,
7336,18470,7178,19,0.0,0.0,0.0,0.0,0.0,0.0,
7337,18486,8109,17,0.0,0.0,0.0,0.0,0.0,0.0,
7339,17798,8227,-1,0.0,0.0,9.0,0.0,3.14159011841,0.0,
7342,18491,6055,15,0.0,0.0,0.0,0.0,0.0,0.0,
7343,18491,6863,0,0.0,0.0,0.0,0.0,0.0,0.0,
7344,18491,7034,23,0.300000011921,0.0,0.0,0.0,0.0,0.0,
7345,18491,7034,21,0.300000011921,0.0,0.0,0.0,0.0,0.0,
7347,18491,7034,22,0.300000011921,0.0,0.0,0.0,0.0,0.0,
7348,18491,8127,16,0.0,0.0,0.0,0.0,0.0,0.0,
7349,18492,7376,19,0.0,0.0,-0.5,0.0,0.0,0.0,
7350,18492,8229,19,0.0,0.0,-1.0,0.0,0.0,0.0,
7351,18494,6943,19,0.0,0.0,0.0,0.0,0.0,0.0,
7352,14630,8231,19,0.0,0.0,0.0,0.0,0.0,0.0,
7353,18399,16480,16,0.0,0.0,-0.20000000298,0.0,-1.74532997608,0.0,
7357,18496,171,6,0.0,0.0,0.0,0.0,0.0,0.0,
7359,18499,7117,19,-1.0,0.300000011921,1.0,0.0,1.57079994678,0.0,
7361,18519,8247,34,0.0,0.0,0.0,0.0,0.0,0.0,
7362,18475,8250,-1,0.0,0.0,0.0,0.0,0.0,0.0,
7363,18475,8246,-1,0.0,0.0,0.10000000149,0.0,0.0,0.0,
7364,18533,8191,16,0.40000000596,0.300000011921,-0.34999999404,0.0,0.0,-1.22172999382,
7365,18519,8247,34,0.300000011921,-0.300000011921,0.0,0.0,0.0,0.0,
7366,18519,8247,34,-0.5,0.0,0.0,0.0,0.0,0.0,
7367,18519,8247,34,0.5,0.0,0.0,0.0,0.0,0.0,
7368,18541,4469,22,1.5,0.0,0.0,0.0,0.0,0.0,
7369,18544,3838,19,0.0,0.0,0.0,0.0,0.0,0.0,
7370,18547,7109,0,0.0,0.0,0.0,4.71238994598,-0.349065989256,0.0,
7378,18547,7109,0,0.0,0.0,0.0,4.71238994598,0.0,0.0,
7379,18547,7109,0,0.0,0.0,0.0,4.71238994598,0.349065989256,0.0,
7380,15106,3164,19,0.0,0.0,0.0,0.0,0.0,0.0,
7381,18548,8255,19,0.0,0.0,0.0,0.0,-1.57079994678,0.0,
7382,18548,8256,19,0.0,0.0,0.0,0.0,0.0,0.0,
7385,18401,4302,17,0.0,0.0,0.10000000149,0.0,0.0,0.0,
7386,18559,5897,34,0.0,0.0,0.0,0.0,0.0,0.0,
7387,18560,7373,19,0.0,0.0,0.20000000298,0.0,0.0,0.0,
7388,18560,7834,19,0.0,0.0,0.20000000298,0.0,0.0,0.0,
7389,18561,6485,12,0.0,0.0,0.0,1.57079994678,0.0,0.0,
7390,18564,6064,19,0.0,0.0,0.0,0.0,-1.57079994678,0.0,
7394,18566,5898,19,0.0,0.0,0.0,0.0,-1.57079994678,0.0,
7395,18566,8262,19,1.0,0.0,0.0,0.0,-1.57079994678,0.0,
7396,18566,8262,19,0.0,-1.0,0.0,0.0,-1.57079994678,0.0,
7397,18566,8262,19,-1.0,1.0,0.0,0.0,-1.57079994678,0.0,
7398,18562,7109,1,1.0,0.0,0.0,0.0,0.0,0.0,
7399,18566,8262,19,-1.0,-1.0,0.0,0.0,-1.57079994678,0.0,
7400,18567,5910,19,0.0,0.0,0.0,0.0,-1.57079994678,0.0,
7401,18569,8263,1,0.5,0.0,-0.10000000149,-1.57079994678,0.0,0.0,
7402,18562,8263,1,0.5,0.0,-0.10000000149,-1.57079994678,0.0,0.0,
7403,18562,8264,12,-0.10000000149,0.0,-0.300000011921,3.14159011841,0.0,0.0,
7404,18569,8264,12,-0.10000000149,0.0,-0.300000011921,3.14159011841,0.0,0.0,
7405,18575,7992,19,0.0,0.0,0.0,0.0,0.0,0.0,
7406,18575,6929,19,0.0,0.0,0.0,0.0,0.0,0.0,
7407,18576,6016,-1,0.0,0.0,0.0,0.0,0.0,0.0,
7408,17460,8266,19,0.140000000596,0.0,0.850000023842,0.0,0.349065989256,0.0,
7415,17032,14725,-1,0.0,0.0,0.0,0.0,0.0,0.0,
7417,18596,6320,19,10.0,0.0,0.0,0.0,4.71238994598,0.0,
7418,18596,8279,19,10.0,0.0,0.0,0.0,0.0,0.0,
7419,18596,8279,19,10.0,0.0,0.800000011921,0.0,0.0,0.0,
7426,18597,8281,19,15.0,0.0,1.0,0.0,0.0,0.0,
7427,18598,8283,40,0.0,1.0,0.0,0.0,0.0,1.57079994678,
7428,18598,8283,40,0.0,-1.0,0.0,0.0,0.0,-1.57079994678,
7429,18591,4310,20,0.0,0.0,0.5,0.0,0.0,0.0,
7436,18602,8288,17,0.0,0.0,-0.800000011921,3.14159011841,-0.523599028587,0.0,
7437,18602,8288,17,-1.0,0.0,-0.600000023842,0.0,0.0,0.0,
7438,18602,8288,17,-1.0,0.0,-0.600000023842,1.57079994678,0.0,0.0,
7439,18602,8288,17,0.0,0.800000011921,-0.600000023842,-1.57079994678,0.0,0.0,
7440,18602,4509,17,0.0,0.0,0.0,0.0,0.0,0.0,
7441,18600,8289,-1,0.0,0.0,-1.5,0.0,0.0,0.0,
7442,18604,623,34,-0.25,0.0,-0.300000011921,0.0,0.0,0.0,
7443,14918,3625,19,0.0,0.0,0.0,1.57079994678,0.0,0.0,
7444,14918,3622,19,0.0,0.0,0.0,1.57079994678,0.0,0.0,
7445,14918,3626,19,0.0,0.0,0.0,1.57079994678,0.0,0.0,
7446,18607,8291,34,0.20000000298,0.0,-0.20000000298,0.0,0.0,0.0,
7447,8322,3718,19,0.0,0.0,0.0,3.14159011841,0.0,0.0,
7448,18616,8294,17,-0.070000000298,0.0900000035763,0.019999999553,-2.00712990761,0.0,-1.39626002312,
7449,18618,4804,-1,0.0,0.0,1.0,0.0,0.0,0.0,
7450,15413,7028,-1,0.0,0.0,-30.0,0.0,0.0,0.0,
7451,18622,3082,-1,0.0,0.0,1.0,0.0,0.0,0.0,
7452,18623,5175,-1,0.0,0.0,1.0,0.0,0.0,0.0,
7453,18623,5686,-1,0.0,0.0,1.0,0.0,0.0,0.0,
7454,18625,6298,34,0.0,0.0,0.0,0.0,3.14159011841,0.0,
7455,18626,4712,34,0.0,0.0,0.0,0.0,0.0,0.0,
7456,18628,8296,2,-0.10000000149,0.10000000149,-0.10000000149,0.0,1.13445997238,0.0,
7457,18629,3050,34,0.0,0.0,0.0,0.0,0.0,0.0,
7459,18636,7925,-1,0.0,0.0,1.0,0.0,0.0,0.0,
7460,18639,4053,34,0.0,0.0,0.0,0.0,0.0,0.0,
7463,18641,6977,17,0.0,0.0500000007451,0.070000000298,0.0,0.0,0.0,
7464,18641,6977,17,0.0,-0.0500000007451,0.070000000298,0.0,0.0,0.0,
7465,18646,8303,34,0.15000000596,0.0,-0.850000023842,0.0,0.0,0.0,
7466,18647,8304,17,-0.15000000596,0.0,0.109999999404,0.0,-0.349065989256,0.0,
7467,18648,8380,17,-0.20000000298,0.0,0.20000000298,0.0,0.0,0.0,
7468,18653,8191,16,0.40000000596,0.300000011921,-0.34999999404,0.0,0.0,-1.22172999382,
7469,18657,7109,22,1.0,0.0,0.0,0.0,1.57079994678,0.0,
7470,18671,625,38,0.0,0.0,0.0,0.0,-1.57079994678,0.0,
7471,18672,625,22,0.0,0.0,0.0,0.0,0.0,0.0,
7472,18672,625,22,0.0,0.0,0.0,0.0,0.0,0.0,
7473,18673,625,22,0.0,0.0,0.0,0.0,0.0,0.0,
7474,18673,625,22,0.0,0.0,0.0,0.0,0.0,0.0,
7475,18673,625,22,0.0,0.0,0.0,0.0,0.0,0.0,
7476,18649,6845,19,0.0,0.0,0.0,0.0,0.0,0.0,
7478,18649,8310,19,0.0,0.0,0.0,0.0,0.0,0.0,
7479,18674,5046,-1,0.0,0.0,1.0,0.0,-1.39626002312,0.0,
7480,18677,4183,19,0.0,0.0,0.0,0.0,0.0,0.0,
7481,18677,4183,19,0.0,0.0,-0.5,0.0,0.0,0.0,
7482,18677,6352,19,0.0,0.0,0.0,0.0,0.0,0.0,
7483,18677,3521,19,0.0,0.0,0.0,0.0,0.0,0.0,
7484,18680,625,22,0.0,0.0,0.0,0.0,0.0,0.0,
7485,18682,5732,19,0.0,0.0,0.15000000596,0.0,0.0,0.0,
7486,18682,5680,19,0.0,0.0,0.300000011921,0.0,0.0,0.0,
7489,18683,8318,19,0.0,0.0,0.0,0.0,0.0,0.0,
7490,18684,8319,19,0.0,0.0,-4.0,1.57079994678,0.0,0.0,
7491,18688,8320,19,0.0,0.0,-4.0,1.57079994678,0.0,0.0,
7492,18689,2973,-1,0.0,0.0,0.0,0.0,0.0,0.0,
7493,18690,8322,19,0.0,0.0,-4.0,1.57079994678,0.0,0.0,
7494,18692,5418,34,0.0,0.0,0.0,0.0,0.0,0.0,
7495,18693,7412,19,0.0,0.0,0.0,0.0,-0.785398006439,0.0,
7497,18695,7412,19,0.0,0.0,0.0,0.0,-0.785398006439,0.0,
7498,18698,6360,-1,0.0,0.0,0.0,0.0,0.0,0.0,
7499,18699,8330,-1,0.0,0.0,0.0,0.0,0.0,0.0,
7500,18713,7709,19,-15.0,0.0,0.0,0.0,0.0,0.0,
7501,18713,7709,19,0.0,15.0,0.0,0.0,0.0,0.0,
7502,18713,7709,19,15.0,0.0,0.0,0.0,0.0,0.0,
7503,18713,7709,19,0.0,-15.0,0.0,0.0,0.0,0.0,
7504,18713,7709,19,10.0,10.0,0.0,0.0,0.0,0.0,
7505,18713,7709,19,-10.0,10.0,0.0,0.0,0.0,0.0,
7506,18713,7709,19,-10.0,-10.0,0.0,0.0,0.0,0.0,
7507,18713,7709,19,10.0,-10.0,0.0,0.0,0.0,0.0,
7508,14630,8232,19,0.0,0.0,0.10000000149,0.0,0.0,0.0,
7510,18723,3049,34,0.0,0.0,0.0,0.0,0.0,0.0,
7511,18723,855,34,0.0,0.0,0.0,0.0,0.0,0.0,
7512,18725,8336,19,0.0,0.0,-0.25,3.14159011841,0.0,0.0,
7516,18726,4892,-1,0.0,0.0,0.0,0.0,0.0,0.0,
7517,18728,6305,10,-0.20000000298,0.00999999977648,-0.449999988079,-1.57079994678,0.0,0.0,
7518,18732,8339,38,0.119999997318,0.20000000298,-0.25,0.0,0.0,0.0,
7520,18734,3808,-1,0.0,0.0,0.0,0.0,1.57079994678,0.0,
7521,18737,8343,21,0.0,0.0,0.0,0.0,0.0,0.0,
7522,18737,8343,22,0.0,0.0,0.0,0.0,0.0,0.0,
7524,18739,3394,19,0.0,0.0,0.0,0.0,0.0,0.0,
7525,18739,3394,19,0.0,0.0,0.0,0.0,0.0,0.0,
7526,18737,3826,19,0.0,0.0,0.0,0.0,0.0,0.0,
7527,18737,3748,19,0.0,0.0,0.0,0.0,0.0,0.0,
7528,18741,8669,19,0.0,0.0,0.0,0.0,0.0,0.0,
7529,18743,5958,19,0.0,0.0,0.0,0.0,0.0,0.0,
7530,18743,3320,19,0.0,0.0,1.60000002384,0.0,0.0,0.0,
7533,18748,5342,-1,0.0,0.0,0.0,0.0,0.0,0.0,
7534,18748,5342,-1,0.0,0.0,0.0,0.0,0.0,0.0,
7536,18751,6435,19,0.0,0.0,0.0,0.0,0.0,0.0,
7537,15271,4641,21,0.0,0.0,0.0,0.0,0.0,0.0,
7538,18755,3130,21,0.0,0.0,0.0,0.0,0.0,0.0,
7539,18755,3130,22,0.0,0.0,0.0,0.0,0.0,0.0,
7540,18756,1303,19,0.0,0.0,0.0,0.0,0.0,0.0,
7541,18756,1303,19,0.0,0.0,0.0,0.0,0.0,1.57079994678,
7542,18758,8140,17,0.0,0.0,0.0,0.0,0.0,0.0,
7543,18758,8140,17,0.0,0.0,0.0,0.0,0.0,0.0,
7544,18758,7412,17,0.0,0.0,0.0,0.0,0.349065989256,0.0,
7545,18757,1543,34,0.0,0.0,-0.699999988079,0.0,0.0,0.0,
7546,18760,7227,34,-0.40000000596,0.40000000596,-0.800000011921,0.0,0.0,1.57079994678,
7547,18760,7227,34,-0.40000000596,-0.40000000596,-0.800000011921,0.0,0.0,1.57079994678,
7548,18760,8350,34,-0.699999988079,0.0,0.0,0.0,0.0,3.14159011841,
7549,18761,6580,19,0.0,0.0,0.25,0.0,0.0,0.0,
7550,18762,6314,19,0.0,0.0,0.0,0.0,0.0,0.0,
7553,18767,7250,21,0.0,0.0,0.0,0.0,0.523599028587,0.0,
7554,18767,7250,22,0.0,0.0,0.0,0.0,0.349065989256,0.0,
7556,18769,7888,21,0.0,0.0,-0.25,0.0,0.0,0.0,
7557,18769,7888,22,0.0,0.0,-0.25,0.0,0.0,0.0,
7558,18768,7858,19,0.0,0.0,-1.0,0.0,0.0,0.0,
7560,18772,6819,19,0.0,0.0,-8.0,0.0,0.0,0.0,
7561,18780,8364,34,0.0,0.0,-2.0,0.0,0.0,0.0,
7562,18782,8376,39,0.0,0.0,1.0,0.0,0.0,0.0,
7563,18783,8010,22,0.0,0.0,0.0,0.0,0.0,0.0,
7564,18783,5699,22,0.0,0.0,0.0,0.0,0.0,0.0,
7565,18784,3765,22,0.0,0.0,0.0,0.0,0.0,0.0,
7566,18784,8366,22,0.0,0.0,-0.34999999404,0.0,0.0,0.0,
7567,18785,6066,22,0.0,0.0,0.0,0.0,0.0,0.0,
7568,18785,8370,22,0.0,0.0,0.0,0.0,0.0,0.0,
7569,18786,7391,22,0.0,0.10000000149,0.0,0.0,-1.57079994678,0.0,
7570,18787,376,-1,0.0,0.0,0.0,0.0,0.0,0.0,
7571,18787,4748,-1,0.0,0.0,0.0,0.0,0.0,0.0,
7572,18787,7923,-1,0.0,0.0,0.0,0.0,0.0,0.0,
7573,18792,7109,19,0.0,0.0,1.25,0.698131978512,0.0,0.0,
7574,18793,8456,17,-0.129999995232,0.0,0.20000000298,0.0,0.0,0.0,
7575,18794,8375,19,0.0,0.0,0.0,0.0,0.0,0.0,
7582,18800,5842,-1,0.0,0.0,0.0,0.0,-1.57079994678,0.0,
7588,18781,3049,34,1.5,0.0,1.5,0.0,0.0,0.0,
7589,18781,3052,34,1.5,0.0,1.5,0.0,0.0,0.0,
7590,18781,8587,34,1.5,0.0,1.5,0.0,0.0,0.0,
7591,18803,6600,30,0.0,0.0,0.0,0.0,0.0,0.0,
7592,15415,6600,21,0.0,0.0,0.0,0.0,0.0,0.0,
7594,18806,381,22,0.0,0.0,0.0,0.0,0.0,0.0,
7595,18807,6223,34,0.0,0.0,0.0,0.0,0.0,0.0,
7597,18807,6223,34,0.0,0.0,0.0,0.436331987381,0.0,0.0,
7598,18808,5076,34,0.0,0.0,0.0,0.0,0.0,0.0,
7600,18809,8231,19,10.0,0.0,0.0,0.0,0.0,0.0,
7602,18807,6223,34,0.0,0.0,0.0,-0.785398006439,0.0,0.0,
7603,18807,6223,34,0.0,0.0,0.0,-0.436331987381,0.0,0.0,
7604,18807,6223,34,0.0,0.0,0.0,0.785398006439,0.0,0.0,
7605,18810,7961,34,0.0,0.0,0.0,0.0,0.0,0.0,
7608,18813,3676,19,0.0,0.0,0.5,0.0,0.0,0.0,
7609,18813,3674,19,0.0,0.0,0.5,1.57079994678,0.0,0.0,
7610,18813,3675,19,0.0,0.0,0.5,4.71238994598,0.0,0.0,
7611,18814,5628,11,0.070000000298,0.0,-0.019999999553,0.0,-0.349065989256,0.0,
7613,18817,8038,-1,0.0,0.0,4.0,0.0,1.57079994678,0.0,
7614,18818,855,34,0.0,0.0,0.0,0.0,0.0,0.0,
7615,18820,7050,19,0.0,0.0,0.0,0.0,0.0,0.0,
7616,18820,8244,21,0.0,0.0,0.0,0.0,0.0,0.0,
7617,18820,8244,22,0.0,0.0,0.0,0.0,0.0,0.0,
7618,18823,3692,17,0.0,0.0,-0.10000000149,0.0,2.53073000908,0.0,
7620,18825,3701,17,0.0,0.0,0.300000011921,2.3561899662,-1.91986000538,0.0,
7621,18825,3701,34,0.0,0.0,0.300000011921,2.3561899662,-2.79253005981,0.0,
7622,18825,3701,34,0.0,0.0,0.300000011921,3.14159011841,-2.79253005981,0.0,
7624,18827,4993,19,2.0,2.0,0.0,0.0,0.0,0.0,
7625,18831,7715,19,0.0,0.0,-8.0,0.0,-1.57079994678,0.0,
7626,18831,7715,19,0.0,0.0,-8.0,0.785398006439,-1.57079994678,0.0,
7627,18832,7715,19,0.0,0.0,-8.0,0.0,-1.57079994678,0.0,
7628,18832,7715,19,0.0,0.0,-8.0,0.785398006439,-1.57079994678,0.0,
7629,18832,7715,19,0.0,0.0,-8.0,-0.785398006439,-1.57079994678,0.0,
7630,18840,3056,39,-2.40000009537,-2.25,0.850000023842,0.0,0.523599028587,0.0,
7631,18840,3056,39,-3.59999990463,-2.25,0.850000023842,0.0,0.523599028587,0.0,
7632,18840,3056,39,-2.40000009537,2.25,0.850000023842,0.0,0.523599028587,0.0,
7633,18840,3056,39,-3.59999990463,2.25,0.850000023842,0.0,0.523599028587,0.0,
7634,18844,6150,19,0.0,0.0,0.0,0.0,-1.57079994678,0.0,
7636,18846,6954,19,-1.0,-2.0,1.5,0.0,0.0,0.0,
7637,10955,4534,1,1.0,0.0,0.0,0.0,0.0,0.0,
7638,10955,4534,1,0.5,0.0,0.0,0.0,0.0,0.0,
7640,15805,4789,19,0.0,0.0,0.0,0.0,0.0,0.0,
7641,17431,8406,-1,0.0,0.0,0.0,-0.523599028587,0.174532994628,0.0,
7643,18874,8409,16,-0.20000000298,0.0,-0.10000000149,0.0,-1.57079994678,0.0,
7644,6521,8410,21,0.0,0.0,0.0,0.0,0.0,0.0,
7646,18875,3691,-1,0.0,0.0,0.0,0.0,0.0,0.0,
7649,18871,1722,19,0.0,0.0,0.0,0.0,0.0,0.0,
7651,18880,7553,-1,0.0,0.0,0.0,0.0,0.0,0.0,
7653,18894,6966,19,0.0,0.0,1.0,0.0,0.0,0.0,
7656,18896,5076,19,0.0,0.0,1.0,0.0,0.0,0.0,
7659,18893,3130,21,0.25,0.0,-0.5,0.0,0.0,0.0,
7660,18893,3130,22,0.25,0.0,-0.5,0.0,0.0,0.0,
7661,18877,3130,21,0.25,0.0,-0.5,0.0,0.0,0.0,
7662,18877,3130,22,0.25,0.0,-0.5,0.0,0.0,0.0,
7664,18897,8410,21,0.0799999982119,0.0,0.10000000149,-0.349065989256,1.30900001526,0.0,
7665,18897,8410,22,0.0799999982119,0.0,0.10000000149,0.0,1.22172999382,0.0,
7666,18903,2980,17,0.0,0.0,-0.699999988079,0.0,1.57079994678,0.0,
7667,18903,4747,17,0.0,0.0,0.0,0.0,3.14159011841,0.0,
7668,18904,5706,17,0.0,0.0,-0.5,0.0,3.14159011841,0.0,
7669,18904,5897,17,0.0,0.0,-1.5,0.0,1.57079994678,0.0,
7670,18381,8169,12,0.0,0.0,0.0,0.0,0.0,0.0,
7671,18380,8168,12,0.0,0.0,0.0,0.0,0.0,0.0,
7672,18907,8421,-1,0.5,0.699999988079,2.0,0.0,0.0,0.0,
7673,18907,8421,-1,1.70000004768,0.34999999404,2.0,0.0,0.0,0.0,
7674,18910,227,34,0.0,0.0,0.0,0.0,1.57079994678,0.0,
7681,18912,6866,19,0.0,0.0,0.0,0.0,0.0,0.0,
7682,18916,4901,-1,0.0,0.0,0.0,0.0,-1.57079994678,0.0,
7685,18924,8429,22,0.20000000298,0.0,-0.600000023842,0.0,0.0,0.0,
7686,18925,8429,21,0.300000011921,-0.10000000149,-0.699999988079,0.0,0.0,0.0,
7687,18926,7855,20,0.699999988079,0.0,-0.899999976158,0.0,0.0,0.0,
7688,18927,5076,-1,0.0,0.0,0.0,0.0,0.0,0.0,
7689,18927,7744,-1,0.0,0.0,0.0,0.0,0.0,0.0,
7693,18931,7315,-1,0.0,0.0,0.25,0.0,0.0,0.0,
7694,18934,3294,19,0.0,0.0,0.0,0.0,0.0,0.0,
7696,18935,8432,16,0.0,0.0,0.25,0.0,0.0,0.0,
7699,18936,8432,20,0.0,0.0,-0.20000000298,0.0,0.0,0.0,
7700,18938,8435,19,0.0,0.0,0.0,0.0,0.0,0.0,
7701,18939,6611,20,0.699999988079,0.0,-0.899999976158,0.0,0.0,0.0,
7702,18939,6611,20,0.699999988079,0.0,-0.899999976158,0.436331987381,0.0,0.0,
7703,18939,6611,20,0.699999988079,0.0,-0.899999976158,0.872664988041,0.0,0.0,
7704,18939,6611,20,0.699999988079,0.0,-0.899999976158,1.30900001526,0.0,0.0,
7705,18939,6611,20,0.699999988079,0.0,-0.899999976158,-0.436331987381,0.0,0.0,
7706,18939,6611,20,0.699999988079,0.0,-0.899999976158,-0.872664988041,0.0,0.0,
7707,18939,6611,20,0.699999988079,0.0,-0.899999976158,-1.30900001526,0.0,0.0,
7710,18955,8443,22,0.300000011921,0.0,-0.0500000007451,3.14159011841,0.0,0.0,
7711,18932,8442,16,0.10000000149,-0.20000000298,-0.10000000149,-0.523599028587,1.22172999382,0.785398006439,
7712,18932,8442,16,0.0,-0.20000000298,-0.10000000149,0.523599028587,4.36331987381,0.785398006439,
7713,18932,8442,16,0.10000000149,-0.10000000149,-0.300000011921,0.0,0.0,1.57079994678,
7714,18932,8444,34,-0.10000000149,0.0,0.10000000149,0.0,0.0,0.785398006439,
7715,18932,8444,34,-0.10000000149,0.0,0.10000000149,0.0,0.0,-0.785398006439,
7717,12747,625,34,0.0,0.0,0.0,0.0,-1.57079994678,0.0,
7718,18991,4220,20,0.0,0.0,0.0,0.0,0.0,0.0,
7719,16938,3366,22,-0.0500000007451,0.0,0.0,0.0,1.57079994678,0.0,
7720,19003,8448,39,0.0,0.0,0.0,0.0,0.0,0.0,
7721,19003,8448,19,0.0,0.0,0.0,0.0,0.0,0.0,
7722,19006,8449,20,0.0,0.0,-0.20000000298,0.0,0.0,0.0,
7724,19010,8659,-1,0.0,0.0,0.0,0.0,0.0,0.0,
7729,19012,8236,17,0.0,0.0,0.0,0.0,0.0,0.0,
7731,19012,3697,17,0.0,0.0,0.0,0.0,0.0,0.0,
7740,19013,8470,17,-0.25,-0.10000000149,0.319999992847,0.0,0.0,0.0,
7741,19013,8470,17,-0.25,0.10000000149,0.319999992847,0.0,0.0,0.0,
7742,19013,8470,17,-0.319999992847,0.0,0.310000002384,0.0,0.0,0.0,
7743,19013,8470,17,-0.15000000596,0.0,0.34999999404,0.0,0.0,0.0,
7744,19013,8470,17,-0.10000000149,0.0500000007451,0.280000001192,0.0,0.0,0.0,
7745,19013,8470,17,-0.10000000149,-0.0500000007451,0.280000001192,0.0,0.0,0.0,
7746,19026,7495,-1,0.0,0.0,1.0,0.0,0.0,0.0,
7747,19028,5076,34,0.0,0.0,0.0,0.0,0.0,0.0,
7748,19028,6643,34,0.0,0.0,0.0,0.0,0.0,0.0,
7749,15099,6874,47,0.0,0.0,0.0,0.0,0.785398006439,0.0,
7750,19032,8477,34,0.0,0.0,0.0,0.0,0.0,0.0,
7751,19035,6787,17,-0.600000023842,0.0,2.5,0.0,0.0,0.0,
7754,19038,4009,22,0.0,0.0,0.0,0.0,0.0,0.0,
7756,19042,8483,34,1.0,2.0,0.0,0.0,0.0,-1.57079994678,
7757,19044,333,19,0.0,0.0,0.5,0.0,0.0,0.0,
7759,19046,8488,19,0.0,0.0,0.0,0.0,0.0,0.0,
7760,19047,8486,19,0.0,0.0,0.0,3.14159011841,0.0,0.0,
7761,19055,8487,16,0.070000000298,0.0500000007451,0.0,0.0,-1.30900001526,0.698131978512,
7762,19057,8487,16,0.070000000298,-0.0500000007451,-0.25,0.0,-1.48353004456,-0.698131978512,
7763,19060,5950,16,0.20000000298,0.0,-1.04999995232,0.0,0.0,0.0,
7764,19065,3478,19,0.0,0.0,0.0,0.0,0.0,0.0,
7765,16884,8492,-1,0.0,0.0,0.0,0.0,0.0,0.0,
7766,16884,7636,-1,0.0,0.0,0.0,0.0,0.0,0.0,
7767,19069,8493,-1,0.0,0.0,-1.70000004768,0.0,0.0,0.0,
7768,19072,8514,-1,0.0,0.0,-0.300000011921,0.0,0.0,0.0,
7769,19076,8496,-1,0.0,0.0,0.0,0.0,0.0,0.0,
7770,19077,8497,-1,0.0,0.0,0.5,0.0,0.0,0.0,
7771,19078,8498,-1,0.0,0.0,0.5,0.0,0.0,0.0,
7772,19079,8499,-1,0.0,0.0,0.5,0.0,0.0,0.0,
7773,19079,6741,-1,0.0,0.0,1.29999995232,0.0,0.0,0.0,
7774,19079,3786,-1,0.0,0.0,0.0,0.0,0.0,0.0,
7775,19079,4676,-1,0.0,0.0,1.29999995232,0.0,0.0,0.0,
7776,19079,6448,-1,0.0,0.0,0.0,0.0,0.0,0.0,
7777,17454,8345,12,0.0,0.0,0.0,0.0,0.0,0.0,
7778,19082,6603,19,0.0,0.0,0.0,1.57079994678,0.0,0.0,
7779,19082,6603,19,0.0,0.0,0.0,3.14159011841,0.0,0.0,
7780,19082,6603,19,0.0,0.0,0.0,4.71238994598,0.0,0.0,
7781,19082,6603,19,0.0,0.0,0.0,0.0,0.0,0.0,
7782,19084,7361,-1,0.0,0.0,0.0,0.0,0.0,0.0,
7783,19085,8500,-1,0.0,0.0,0.0,0.0,0.0,0.0,
7784,19086,8501,-1,0.0,0.0,0.0,0.0,0.0,0.0,
7785,19087,8502,-1,0.0,0.0,0.0,0.0,0.0,0.0,
7786,19088,4756,-1,0.0,0.0,0.0,0.0,0.0,0.0,
7787,19091,3876,18,0.0,0.0,0.0,0.0,0.0,0.0,
7788,19092,287,34,0.0,0.0,0.0,0.0,0.0,0.0,
7790,19095,7031,18,0.0,0.0,0.0,0.0,0.0,0.0,
7791,19107,126,34,0.0,0.0,0.0,0.0,0.0,0.0,
7792,19109,8308,19,0.0,1.0,2.0,-0.785398006439,0.0,0.0,
7793,19109,8308,19,0.0,-1.0,0.0,1.57079994678,0.0,0.0,
7794,19109,8308,19,1.0,0.5,1.0,3.14159011841,0.0,0.0,
7795,19109,8308,19,-1.5,-0.5,0.5,4.53785991669,0.0,0.0,
7796,19109,8308,19,-4.0,0.5,1.0,2.61799001694,0.0,0.0,
7797,19109,8308,19,0.0,1.0,3.0,0.785398006439,0.0,0.0,
7798,19109,8308,19,-2.0,0.0,5.0,0.0,0.0,0.0,
7799,19110,8143,18,0.0,0.0,0.0,0.0,0.0,0.0,
7800,19111,8143,18,0.0,0.0,0.0,0.0,0.0,0.0,
7801,19112,88,34,0.0,0.0,0.0,0.0,0.0,0.0,
7802,19113,7079,5,0.0,0.20000000298,0.10000000149,0.0,0.0,0.0,
7803,19114,8516,18,0.0,0.0,0.0,0.0,0.0,0.0,
7804,19115,146,34,0.0,0.0,0.0,0.0,0.0,0.0,
7805,19116,8517,6,0.0,-0.20000000298,0.10000000149,0.0,0.0,0.0,
7806,19122,8518,19,0.0,0.300000011921,-0.40000000596,0.0,0.0,0.0,
7807,19123,7760,34,0.0,0.0,0.0,0.0,0.0,0.0,
7808,19123,7760,34,0.0,0.0,0.0,0.0,0.0,0.0,
7809,19127,4695,19,-3.0,0.0,0.0,0.0,0.0,0.0,
7810,19128,4978,34,0.0,0.0,0.0,0.0,0.0,0.0,
7811,11772,4978,34,0.0,0.0,0.0,0.0,0.0,0.0,
7812,19133,8523,18,0.0,0.0,-10.0,0.0,0.0,0.0,
7813,19134,8526,18,0.0,0.0,-10.0,0.0,0.0,0.0,
7814,19135,8527,18,0.0,0.0,-10.0,0.0,0.0,0.0,
7815,19136,8528,18,0.0,0.0,-10.0,0.0,0.0,0.0,
7816,19137,8529,18,0.0,0.0,-10.0,0.0,0.0,0.0,
7817,19139,5351,19,0.0,0.0,0.0,0.0,0.0,0.0,
7818,19139,5351,19,0.0,-10.0,0.0,0.0,0.0,0.0,
7819,19139,5351,19,0.0,-5.0,0.0,0.0,0.0,0.0,
7820,19139,5351,19,0.0,10.0,0.0,0.0,0.0,0.0,
7821,19139,5351,19,0.0,5.0,0.0,0.0,0.0,0.0,
7822,19139,8476,19,-2.0,0.0,0.0,0.0,0.0,0.0,
7823,19139,8476,19,0.0,-7.0,0.0,0.0,0.0,0.0,
7824,19139,8476,19,0.0,7.0,0.0,0.0,0.0,0.0,
7825,18410,8532,17,0.0,0.0,0.0,-0.872664988041,0.523599028587,0.0,
7826,18410,8532,17,0.0,0.0,0.0,0.872664988041,0.523599028587,0.0,
7827,19143,8533,21,0.0,0.5,0.0,0.0,0.0,0.0,
7828,19146,3388,19,0.0,0.0,0.0,0.0,0.0,0.0,
7829,19159,4179,19,0.0,0.0,0.300000011921,0.0,0.0,0.0,
7832,19163,7737,-1,0.0,0.0,0.0,0.0,0.0,0.0,
7833,19163,7737,-1,0.0,0.0,0.0,0.0,0.0,0.0,
7834,19163,7737,-1,0.0,0.0,0.0,0.0,0.0,0.0,
7835,19163,7737,-1,0.0,0.0,0.0,0.0,0.0,0.0,
7836,19163,7737,-1,0.0,0.0,0.0,0.0,0.0,0.0,
7837,19163,7189,21,-0.5,0.699999988079,0.300000011921,0.0,0.0,0.0,
7838,19163,7189,22,-0.5,0.300000011921,-1.0,0.0,0.0,0.0,
7839,19165,6849,19,0.0,0.0,0.0,0.0,0.0,0.0,
7840,19165,6849,19,0.0,0.0,0.0,0.0,0.0,0.0,
7841,15692,8541,34,0.0,0.0,0.0,0.0,0.0,0.0,
7842,19169,8492,-1,0.0,0.0,-2.0,0.0,0.0,0.0,
7843,19173,8545,19,0.0,0.0,0.0,0.0,0.0,0.0,
7844,19176,8546,21,-0.300000011921,0.0,-0.5,0.0,0.0,0.0,
7845,19176,8549,21,-0.899999976158,0.0,-1.5,0.0,0.0,0.0,
7848,19177,6019,-1,0.0,0.0,0.10000000149,0.0,0.0,0.0,
7849,19177,8548,-1,0.0,0.0,1.0,0.0,0.0,0.0,
7850,19177,3672,-1,0.0,0.0,0.0,0.0,0.0,0.0,
7851,19179,6019,-1,0.0,0.0,0.10000000149,0.0,0.0,0.0,
7852,19179,8548,-1,0.0,0.0,1.0,0.0,0.0,0.0,
7853,19179,3672,-1,0.0,0.0,0.0,0.0,0.0,0.0,
7854,19180,6020,-1,0.0,0.0,0.10000000149,0.0,0.0,0.0,
7855,19180,6495,-1,0.0,0.0,1.0,0.0,0.0,0.0,
7856,19180,3672,-1,0.0,0.0,0.0,0.0,0.0,0.0,
7857,19178,6756,19,0.0,0.0,12.0,0.0,0.0,3.14159011841,
7863,19182,8550,19,-1.04999995232,1.04999995232,-0.20000000298,2.3561899662,0.436331987381,0.0,
7864,19182,8550,19,0.0,-1.5,-0.20000000298,-1.57079994678,0.436331987381,0.0,
7865,19182,8550,19,-1.5,0.0,-0.20000000298,3.14159011841,0.436331987381,0.0,
7866,19182,8550,19,0.0,1.5,-0.20000000298,1.57079994678,0.436331987381,0.0,
7867,19182,8550,19,1.5,0.0,-0.20000000298,0.0,0.436331987381,0.0,
7868,19182,8550,19,-1.04999995232,-1.04999995232,-0.20000000298,-2.3561899662,0.436331987381,0.0,
7869,19182,8550,19,1.04999995232,1.04999995232,-0.20000000298,0.785398006439,0.436331987381,0.0,
7870,19182,8550,19,1.04999995232,-1.04999995232,-0.20000000298,-0.785398006439,0.436331987381,0.0,
7871,19182,1016,19,0.0,0.0,0.20000000298,0.0,0.0,0.0,
7872,19182,1016,19,0.0,0.0,-0.20000000298,0.0,0.0,0.0,
7873,19182,1016,19,0.0,0.0,0.0,0.0,0.0,0.0,
7874,19183,8550,19,-1.04999995232,-1.04999995232,-0.20000000298,-2.3561899662,0.436331987381,0.0,
7875,19183,8550,19,-1.04999995232,1.04999995232,-0.20000000298,2.3561899662,0.436331987381,0.0,
7876,19183,8550,19,0.0,-1.5,-0.20000000298,-1.57079994678,0.436331987381,0.0,
7877,19183,8550,19,-1.5,0.0,-0.20000000298,3.14159011841,0.436331987381,0.0,
7878,19183,8550,19,0.0,1.5,-0.20000000298,1.57079994678,0.436331987381,0.0,
7879,19183,8550,19,1.5,0.0,-0.20000000298,0.0,0.436331987381,0.0,
7880,19183,8550,19,1.04999995232,1.04999995232,-0.20000000298,0.785398006439,0.436331987381,0.0,
7881,19183,8550,19,1.04999995232,-1.04999995232,-0.20000000298,-0.785398006439,0.436331987381,0.0,
7882,19183,6756,19,0.0,0.0,10.0,0.0,0.0,3.14159011841,
7887,19176,8554,21,0.0,0.0,0.0,0.0,0.0,0.0,
7888,14480,8536,-1,1.0,0.0,0.0,0.0,0.0,0.0,
7889,19193,8556,0,0.0,0.0,0.0,0.0,0.0,0.0,
7893,16530,4860,17,0.0,0.0,0.0,0.0,0.523599028587,0.0,
7894,16530,4860,17,0.0,0.0,0.0,0.0,0.698131978512,0.0,
7895,16530,4796,17,0.0,0.0,0.0,0.0,0.349065989256,0.0,
7902,17291,6788,19,0.0,0.0,0.0,0.0,0.0,0.0,
7903,19204,8192,19,0.0,0.0,0.0,0.0,0.0,0.0,
7904,19203,8570,19,0.0,0.0,1.0,0.0,0.0,0.0,
7905,19203,8570,19,0.0,0.0,1.0,0.0,0.0,0.0,
7906,19220,4832,19,0.0,0.0,0.0,0.0,0.0,0.0,
7907,19220,5342,19,0.0,0.0,0.0,0.0,0.0,0.0,
7908,19221,7343,34,0.0,0.0,0.0,0.0,0.0,0.0,
7910,19223,5048,34,0.0,0.0,0.0,0.0,0.0,0.0,
7912,19222,3670,19,0.0,0.0,0.0,0.0,0.0,0.0,
7914,19223,8571,17,0.25,0.0,0.0,0.0,0.0,0.0,
7916,19233,7691,20,0.10000000149,-0.10000000149,-0.20000000298,0.0,0.0,0.0,
7917,19235,6957,19,-1.25,0.0,0.0,0.0,0.0,0.0,
7918,19244,3672,34,0.0,0.0,0.0,0.0,0.0,0.0,
7919,19244,3672,34,0.0,0.0,0.0,0.0,0.0,0.0,
7920,19244,3672,34,0.0,0.0,0.0,0.0,0.0,0.0,
7921,19246,8579,22,0.0299999993294,0.0,0.019999999553,0.0,-0.523599028587,0.0,
7923,19246,8581,17,-0.0500000007451,0.0,0.0900000035763,0.0,0.0,0.0,
7924,19248,1962,17,-0.019999999553,-0.15000000596,0.0,1.57079994678,0.0,1.57079994678,
7925,19249,8583,22,0.0,0.0,0.0,0.0,-0.349065989256,0.0,
7926,19249,8583,21,0.0,0.0,0.0,0.0,-0.349065989256,0.0,
7927,19249,7632,17,-0.10000000149,0.0,0.0,0.0,0.698131978512,0.0,
7928,19255,8585,1,0.0,0.0,0.0,0.0,0.0,0.0,
7929,18205,8107,19,0.0,0.0,0.20000000298,0.0,0.0,0.0,
7930,19259,5727,19,0.0,0.0,0.0,0.0,0.0,0.0,
7931,19260,8515,19,0.0,0.0,0.0,0.0,0.0,0.0,
7932,19260,4953,19,0.0,0.0,0.0,0.0,0.0,0.0,
7933,19272,5789,17,-0.10000000149,0.0,0.0,0.0,0.174532994628,0.0,
7934,19274,4976,19,0.0,0.0,0.0,0.0,0.0,0.0,
7935,19274,2642,19,0.0,0.0,0.0,0.0,-1.57079994678,0.0,
7936,19274,7606,19,0.0,0.0,-1.0,0.0,0.0,0.0,
7938,19273,7397,22,0.0,0.0,0.0,0.0,0.0,0.0,
7939,19273,7397,21,0.0,0.0,0.0,0.0,0.0,0.0,
7940,19275,7609,19,0.0,0.0,0.0,0.0,0.0,0.0,
7941,19275,3622,19,0.0,0.0,0.0,0.0,0.0,0.0,
7942,19275,7609,19,0.0,0.0,1.0,0.0,0.0,0.0,
7943,19275,7609,19,0.0,0.0,1.0,3.14159011841,0.0,0.0,
7944,19275,7609,19,0.0,0.0,0.0,3.14159011841,0.0,0.0,
7947,19275,7609,19,0.0,0.0,0.0,1.57079994678,0.0,0.0,
7948,19275,7609,19,0.0,0.0,1.0,1.57079994678,0.0,0.0,
7949,19275,7609,19,0.0,0.0,1.0,4.71238994598,0.0,0.0,
7950,19275,7609,19,0.0,0.0,0.0,4.71238994598,0.0,0.0,
7952,19277,4268,-1,0.0,0.0,0.0,0.0,0.0,0.0,
7953,19279,6902,19,0.0,0.0,0.0,0.0,0.0,0.0,
7955,19278,8590,19,0.0,0.0,0.40000000596,0.0,1.57079994678,0.0,
7956,19278,8589,19,0.0,0.0,0.0,0.0,1.57079994678,0.0,
7957,19278,8591,19,0.0,0.0,0.75,0.0,1.57079994678,0.0,
7959,19285,7606,19,0.0,0.0,-1.0,0.0,0.0,0.0,
7960,19285,2122,19,0.0,0.0,3.0,0.0,0.0,0.0,
7961,19287,8592,15,0.25,0.0,-0.34999999404,0.0,0.0,0.0,
7964,19294,7815,19,0.0,0.0,0.0,0.0,0.0,0.0,
7965,19299,5199,1,0.899999976158,0.0,0.0500000007451,0.0,0.0,0.0,
7966,14727,5483,19,0.0,0.0,0.20000000298,0.0,0.0,0.0,
7967,14727,5483,19,0.0,0.0,0.20000000298,0.0,0.0,0.0,
7968,14727,8597,19,0.0,0.0,0.20000000298,0.0,0.0,0.0,
7969,14727,5483,19,0.0,0.0,0.20000000298,0.0,0.0,0.0,
7970,14834,8687,19,0.0,0.0,0.0,0.0,0.0,0.0,
7971,15041,3052,34,0.0,0.0,0.0,0.0,0.0,0.0,
7972,18470,6754,19,0.0,0.0,0.0,0.0,4.71238994598,0.0,
7976,19314,3356,-1,0.0,0.0,0.0,0.0,0.0,0.0,
7977,19013,8606,34,-0.20000000298,0.0,-0.0500000007451,0.0,-1.57079994678,0.0,
7979,19212,8681,-1,-7.0,0.0,3.0,0.0,0.0,0.0,
7984,19321,7212,34,-0.20000000298,0.0,0.20000000298,0.0,0.0,0.0,
7985,19321,7212,34,-0.20000000298,0.0,0.20000000298,0.0,0.0,0.0,
7986,19321,7212,34,-0.20000000298,0.0,0.20000000298,0.0,0.0,0.0,
7987,19321,7212,34,-0.20000000298,0.0,0.20000000298,0.0,0.0,0.0,
7988,19321,7212,34,-0.20000000298,0.0,0.20000000298,0.0,0.0,0.0,
7989,19322,6754,19,-0.699999988079,0.0,3.5,0.0,-3.14159011841,0.0,
7990,16506,8063,19,0.0,0.0,0.0,0.0,0.0,0.0,
7991,19324,5104,34,0.0,0.0,0.0,0.0,0.0,0.0,
7992,19326,291,34,0.0,0.0,0.0,0.0,0.0,0.0,
7993,19327,291,34,0.0,0.0,0.0,0.0,0.0,0.0,
7994,19327,70,19,0.0,0.0,0.0,0.0,0.0,0.0,
7996,18375,8611,19,4.0,0.0,1.0,0.0,3.14159011841,1.57079994678,
7997,18375,8611,19,4.0,-2.0,1.0,0.0,3.14159011841,1.57079994678,
7998,18375,8611,19,4.0,-1.0,1.0,0.0,3.14159011841,1.57079994678,
8000,19339,5050,34,-0.699999988079,0.0,-0.300000011921,4.88691997528,0.0,0.0,
8001,19340,5049,34,-0.699999988079,0.0,-0.649999976158,4.88691997528,0.0,0.0,
8003,19347,6657,17,-0.0500000007451,0.20000000298,0.0500000007451,0.0,0.0,0.0,
8004,19347,6657,17,-0.0500000007451,-0.20000000298,0.0500000007451,0.0,0.0,0.0,
8005,19348,8617,-1,-15.0,-20.0,-20.0,0.0,0.0,0.785398006439,
8006,19362,8618,19,0.0,0.0,-0.40000000596,0.0,0.0,0.0,
8007,19367,8623,17,-0.159999996424,0.019999999553,-0.129999995232,0.0,0.0,0.0,
8008,19369,7564,-1,0.0,0.0,0.0,0.0,0.0,0.0,
8009,19368,8626,17,-0.159999996424,0.019999999553,-0.129999995232,0.0,0.0,0.0,
8010,19370,8625,19,0.0,0.0,0.0,0.0,0.0,0.0,
8011,19371,6679,19,0.0,0.0,0.0,0.0,0.0,0.0,
8012,19371,8627,19,0.0,0.0,0.0,0.0,0.0,0.0,
8013,19371,6657,19,1.0,0.0,0.0,0.0,0.0,0.0,
8014,19371,6657,19,-1.0,0.0,0.0,0.0,0.0,0.0,
8015,19371,6657,19,0.0,1.0,0.0,0.0,0.0,0.0,
8016,19371,6657,19,0.0,-1.0,0.0,0.0,0.0,0.0,
8017,19373,5696,19,0.20000000298,-0.5,0.0,0.0,0.0,0.0,
8018,19373,5696,19,-0.20000000298,0.5,0.0,0.0,0.0,0.0,
8019,19373,5696,19,-0.20000000298,-0.5,0.0,0.0,0.0,0.0,
8020,19373,5696,19,0.20000000298,0.5,0.0,0.0,0.0,0.0,
8021,19373,5696,19,-0.5,0.0,0.0,0.0,0.0,0.0,
8022,19373,5696,19,0.5,0.0,0.0,0.0,0.0,0.0,
8023,19374,8629,19,0.0,0.0,0.0,0.785398006439,0.0,0.0,
8024,19375,8628,19,0.0,0.0,0.0,0.0,0.0,0.0,
8025,19374,8629,19,0.0,0.0,0.0,-0.785398006439,0.0,0.0,
8028,19374,7240,19,0.0,0.0,0.0,0.0,0.0,0.0,
8030,15965,628,19,0.0,0.0,0.0,0.0,0.0,0.0,
8033,15520,4603,19,0.0,0.0,0.0,0.0,0.0,0.0,
8034,15520,4603,19,0.0,0.0,0.0,0.0,0.0,0.0,
8035,15520,4603,19,0.0,0.0,0.0,0.0,0.0,0.0,
8036,14675,7925,19,0.0,0.0,0.5,0.0,0.0,0.0,
8037,19381,4808,19,0.0,0.0,0.0,0.0,0.0,0.0,
8038,19381,5900,-1,0.0,0.0,0.0,0.0,0.0,0.0,
8039,19381,5900,-1,0.0,0.0,0.0,0.0,0.0,0.0,
8040,19381,5900,-1,0.0,0.0,0.0,0.0,0.0,0.0,
8041,19381,4611,22,0.0,0.0,0.0,0.0,0.0,0.0,
8042,19381,4611,21,0.0,0.0,0.0,0.0,0.0,0.0,
8043,19388,6591,19,0.0,0.0,0.0,0.0,0.0,0.0,
8044,19388,7951,19,0.0,0.0,0.0,0.0,0.0,0.0,
8045,19388,6593,19,0.0,0.0,0.0,0.0,0.0,0.0,
8046,19389,8636,19,0.0,0.0,0.0,0.0,0.0,0.0,
8047,19389,6590,19,0.0,0.0,0.0,0.0,0.0,0.0,
8048,19389,6593,19,0.0,0.0,0.699999988079,0.0,0.0,0.0,
8050,19389,6591,19,0.0,0.0,0.699999988079,0.0,0.0,0.0,
8051,19389,8636,19,0.0,0.0,0.699999988079,0.0,0.0,0.0,
8052,19389,6591,19,0.0,0.0,0.0,0.0,0.0,0.0,
8053,19392,5255,19,0.0,0.0,0.5,0.0,0.0,0.0,
8054,19391,8642,19,0.0,0.0,0.0,0.0,0.0,0.0,
8056,19392,3356,19,0.0,0.0,0.0,0.0,0.0,0.0,
8058,19392,714,19,0.0,0.0,0.0,0.0,0.0,0.0,
8060,19396,3284,19,0.0,0.0,0.0,0.0,0.0,0.0,
8061,19399,4452,19,0.0,0.0,0.0,0.0,0.0,0.0,
8062,19401,8646,19,0.0,0.0,0.0,0.0,0.0,0.0,
8063,19402,8647,34,0.0,0.0,-0.300000011921,0.0,0.0,0.0,
8074,19406,628,19,0.0,0.0,0.0,0.0,0.0,0.0,
8077,19407,8651,19,0.0,0.0,0.0,0.0,0.0,0.0,
8078,19408,7835,-1,0.0,0.0,0.0,0.0,0.0,0.0,
8079,19408,7071,-1,0.0,0.0,0.0,0.0,0.0,0.0,
8080,19408,7071,-1,0.0,0.0,0.0,0.0,0.0,0.0,
8081,19408,7071,-1,0.0,0.0,0.0,0.0,0.0,0.0,
8082,19415,8654,19,0.0,0.0,-5.0,0.0,0.0,0.0,
8083,18679,4278,-1,0.0,0.0,0.0,0.0,0.0,0.0,
8084,18679,4516,-1,0.0,0.0,0.0,0.0,0.0,0.0,
8085,18679,4517,-1,0.0,0.0,0.0,0.0,0.0,0.0,
8086,19419,8656,-1,0.0,0.0,0.0,0.0,0.0,0.0,
8088,19420,8548,-1,0.0,0.0,1.0,0.0,0.0,0.0,
8089,19420,3672,-1,0.0,0.0,0.0,0.0,0.0,0.0,
8090,18779,157,34,0.0,-0.5,0.0,0.0,0.0,0.0,
8091,18779,157,34,0.0,0.5,0.0,0.0,0.0,0.0,
8094,17218,8657,19,0.0,0.0,-1.0,0.0,0.0,0.0,
8095,19423,8652,19,0.0,0.0,0.0,0.0,0.0,0.0,
8097,19424,6495,-1,0.0,0.0,1.0,0.0,0.0,0.0,
8098,19424,3672,-1,0.0,0.0,0.0,0.0,0.0,0.0,
8099,18382,8662,21,0.10000000149,-0.10000000149,0.0,0.0,0.0,0.0,
8100,18382,8662,22,0.10000000149,0.10000000149,0.10000000149,0.0,0.0,0.0,
8101,18382,8661,17,-0.0399999991059,-0.035000000149,0.0900000035763,0.0,0.0,0.0,
8102,18382,8661,17,-0.0399999991059,0.035000000149,0.0900000035763,0.0,0.0,0.0,
8103,19437,8626,22,0.0,0.10000000149,0.0,0.0,-1.04719996452,0.0,
8104,19437,3765,22,0.0,0.10000000149,0.0,0.174532994628,-1.57079994678,0.0,
8105,19437,4180,22,0.0,0.10000000149,0.0,0.174532994628,-2.09438991547,0.0,
8107,19438,717,19,0.0,0.0,0.0,0.0,0.0,0.0,
8108,19438,3394,19,0.0,0.0,0.0,0.0,0.0,0.0,
8109,19438,3168,19,0.0,0.0,0.0,0.0,0.0,0.0,
8111,15299,8669,19,0.0,0.0,1.0,0.0,0.0,0.0,
8112,15300,8672,34,0.0,0.0,0.0,0.0,0.0,0.0,
8113,18741,8668,19,0.0,0.0,0.0,0.0,0.0,0.0,
8114,15277,8672,34,0.0,0.0,0.0,0.0,0.0,0.0,
8116,15276,8677,19,0.0,0.0,2.0,0.0,0.0,0.0,
8119,19440,8548,20,0.0,0.0,-0.5,0.0,0.0,0.0,
8120,19444,8689,17,0.0,0.0,0.0,0.0,0.0,0.0,
8121,19444,5632,17,0.0,0.0,0.0,0.0,0.0,0.0,
8122,19447,4791,17,0.0,0.0,0.0,0.0,0.0,0.0,
8123,19447,7052,17,0.0,0.0,0.0,0.0,0.0,0.0,
8127,19454,2302,20,0.0,0.0,0.0,0.0,0.0,0.0,
8128,19454,310,20,0.0,0.0,1.0,0.0,0.0,0.0,
8130,19476,7418,-1,0.0,0.0,0.0,0.0,0.0,0.0,
8131,19476,7418,-1,0.0,0.0,0.0,0.0,0.0,0.0,
8132,18475,8715,-1,0.0,0.0,0.0,0.0,0.0,0.0,
8133,19479,8345,20,0.0,0.0,0.0,0.0,0.0,0.0,
8134,19487,288,34,0.40000000596,0.0,-0.600000023842,0.0,0.0,0.0,
8137,15299,8669,19,0.0,0.0,-0.5,0.0,0.0,0.0,
8138,15299,8669,19,0.0,0.0,1.5,0.0,0.0,0.0,
8139,19498,6812,21,0.0,0.0,0.0,0.0,0.0,0.0,
8140,19498,6812,22,0.0,0.0,0.0,0.0,0.0,0.0,
8141,19499,7098,34,0.0,0.0,0.0,0.0,0.0,0.0,
8142,19499,7098,34,-0.34999999404,0.0,0.0,3.14159011841,0.0,0.0,
8148,19501,4810,19,0.0,0.15000000596,2.25,1.57079994678,3.9269900322,1.57079994678,
8149,19501,4810,19,0.0,-0.15000000596,2.25,1.57079994678,5.49778985977,1.57079994678,
8150,19502,354,34,0.0,0.0,0.0,0.0,0.0,0.0,
8151,19503,4729,34,0.0,0.0,0.0,0.0,0.0,0.0,
8152,19504,8730,19,0.0,0.0,1.0,0.0,0.0,0.0,
8153,19504,8730,19,0.0,0.0,1.0,0.0,0.0,0.0,
8154,19504,8730,19,0.0,0.0,1.0,0.0,0.0,0.0,
8155,19504,8730,19,0.0,0.0,1.0,0.0,0.0,0.0,
8156,19505,7798,-1,0.0,0.0,0.0,0.0,0.0,0.0,
8157,19505,7798,-1,0.0,0.0,0.0,0.0,0.0,0.0,
8158,19505,7798,-1,0.0,0.0,0.0,0.0,0.0,0.0,
8159,18410,8532,17,0.0,0.0,0.0,-1.48353004456,0.523599028587,0.0,
8160,18410,8532,17,0.0,0.0,0.0,1.48353004456,0.523599028587,0.0,
8162,19518,3786,19,0.0,0.0,0.0,0.0,0.0,0.0,
8163,19517,8736,19,0.0,0.0,-3.0,0.0,0.0,0.0,
8164,19517,6313,19,0.0,0.0,-2.0,0.0,0.0,0.0,
8165,19520,8737,19,0.0,0.0,0.0,0.0,0.0,0.0,
8166,19520,4003,19,0.0,0.0,0.0,0.0,0.0,0.0,
8171,19530,8741,22,-0.189999997616,-0.10000000149,-0.10000000149,0.0,1.39626002312,0.0,
8172,17938,6091,19,0.0,0.0,1.5,0.0,0.0,0.0,
8175,19533,3375,1,1.0,0.0,0.0500000007451,0.0,-0.261799007654,0.0,
8176,19536,6768,1,1.0,0.0,0.0500000007451,0.0,-0.261799007654,0.0,
8177,19537,6822,19,0.0,0.0,0.0399999991059,0.0,0.0,0.0,
8180,19540,3567,-1,0.0,0.0,0.509999990463,0.0,0.0,0.0,
8184,19542,8745,19,-0.449999988079,0.0,0.300000011921,0.174532994628,0.0,3.83972001076,
8185,19542,8744,19,0.0,0.0,0.0,0.0,0.0,0.0,
8186,19542,8745,19,-0.449999988079,-0.20000000298,0.300000011921,0.174532994628,0.0,2.44345998764,
8187,19542,8745,19,-0.40000000596,0.0,0.20000000298,0.0,0.0,3.14159011841,
8188,19544,9279,17,0.449999988079,0.0,-0.600000023842,0.0,0.0,0.0,
8193,11860,8747,34,1.0,0.0,0.0,0.0,0.0,0.0,
8196,19551,8750,34,0.0,0.0,0.10000000149,0.0,0.0,0.0,
8198,19552,8751,19,0.0,0.0,-0.20000000298,-1.57079994678,0.0,0.0,
8199,19540,3354,-1,0.0,0.0,0.569999992847,0.0,-1.57079994678,0.0,
8200,19540,3891,-1,0.0,0.0,2.00099992752,0.0,0.0,0.0,
8202,19562,8557,-1,0.0,0.0,-5.0,0.0,0.0,0.0,
8204,19568,1344,19,0.0,0.25,0.0,2.96706008911,0.0,3.14159011841,
8205,19568,1344,19,0.0,-0.25,0.0,3.31612992287,0.0,3.14159011841,
8208,17852,8009,19,0.0,0.5,-7.40000009537,0.0,0.0,0.0,
8209,17852,8009,19,0.0,-0.25,-7.30000019073,0.0,0.0,0.0,
8210,17852,8009,19,0.0,-0.5,-7.5,0.0,0.0,0.0,
8211,16811,3050,19,0.0,0.0,5.0,0.0,0.0,0.0,
8212,16243,5041,19,0.0,0.0,-0.300000011921,0.0,0.0,0.0,
8213,18727,8767,19,0.0,0.0,-10.5,0.0,0.0,0.0,
8214,19583,8769,21,0.10000000149,-0.10000000149,-0.180000007153,0.523599028587,0.0,1.57079994678,
8215,19584,714,19,0.0,0.0,0.0,0.0,0.0,0.0,
8219,16258,477,22,0.0,0.0,0.0,0.0,0.0,0.0,
8221,19594,8776,17,0.0599999986589,0.0399999991059,-0.019999999553,0.261799007654,1.57079994678,0.0,
8223,19598,6334,34,0.0,0.0,0.0,0.0,0.0,0.0,
8226,19596,6377,34,0.0,0.0,-0.300000011921,0.0,0.0,0.0,
8229,19606,8785,-1,0.0,0.0,0.0,0.0,0.0,0.0,
8230,19615,3800,-1,0.0,0.0,0.0,0.0,0.0,0.0,
8231,19615,3530,-1,0.0,0.0,0.0,0.0,0.0,0.0,
8232,19615,3530,-1,0.0,0.0,0.0,0.0,0.0,0.0,
8233,19616,236,34,0.0,0.0,0.0,0.0,0.0,0.0,
8234,19616,236,34,0.0,0.0,0.0,0.0,0.0,0.0,
8236,19620,8793,19,0.0,0.0,0.0,0.0,0.0,0.0,
8240,19628,4747,17,0.300000011921,0.0,-0.20000000298,0.0,0.261799007654,0.0,
8241,19628,4747,17,0.300000011921,0.10000000149,-0.20000000298,0.174532994628,0.261799007654,0.0,
8242,19628,4747,17,0.300000011921,-0.10000000149,-0.20000000298,-0.174532994628,0.261799007654,0.0,
8243,19631,3610,-1,0.0,0.0,0.0,0.0,0.0,0.0,
8244,19631,3610,-1,0.0,0.0,0.0,0.0,0.0,0.0,
8245,19632,8221,19,0.0,0.0,0.10000000149,0.0,0.0,0.0,
8248,19632,6064,19,0.0,0.0,0.0,0.0,-1.57079994678,0.0,
8250,19637,621,34,0.0,0.0,0.0,0.0,0.0,0.0,
8251,19638,8800,34,0.0,-1.10000002384,0.0,0.0,0.0,0.0,
8252,19638,8699,34,0.0,1.10000002384,0.0,0.0,0.0,0.0,
8253,19638,8699,34,0.0,-1.10000002384,0.0,0.0,0.0,0.0,
8254,19638,8800,34,0.0,1.10000002384,0.0,0.0,0.0,0.0,
8255,19638,8800,34,0.0,-1.10000002384,0.0,0.0,0.0,0.0,
8256,19638,8800,34,0.0,1.10000002384,0.0,0.0,0.0,0.0,
8257,19639,7236,-1,0.0,0.0,-0.300000011921,0.0,0.0,0.0,
8258,19639,5967,19,3.20000004768,1.29999995232,-4.80000019073,0.0,0.0,0.0,
8259,19639,5967,19,3.20000004768,-1.29999995232,-4.80000019073,0.0,0.0,0.0,
8260,19645,8012,19,0.0,0.0,0.0,0.0,0.0,0.0,
8261,19645,8173,19,0.0,0.0,0.0,0.0,0.0,0.0,
8262,19645,6864,19,0.0,0.0,-1.0,0.0,0.0,0.0,
8263,19645,8176,22,-0.019999999553,-0.0399999991059,0.0799999982119,0.0,0.0,0.0,
8264,19645,8177,17,-0.019999999553,0.0399999991059,0.0799999982119,0.0,0.0,0.0,
8265,19645,8176,21,-0.019999999553,-0.0399999991059,0.0799999982119,0.0,0.0,0.0,
8266,19645,8177,17,-0.019999999553,-0.0399999991059,0.0799999982119,0.0,0.0,0.0,
8267,19646,6067,-1,0.0,0.0,0.0,0.0,0.0,0.0,
8268,19646,6067,-1,0.0,0.0,0.0,0.0,0.0,0.0,
8269,19646,6067,-1,0.0,0.0,0.0,0.0,0.0,0.0,
8270,19648,3318,19,0.0,0.0,0.0,0.0,0.0,0.0,
8275,19652,8805,34,0.0,0.0,0.0,0.0,0.0,0.0,
8276,19652,8805,34,0.0,0.0,0.0,0.0,0.0,0.0,
8277,19661,4572,34,0.0,0.0,-0.34999999404,0.0,0.0,0.0,
8278,19661,4666,22,0.10000000149,0.0,0.0,0.0,0.0,0.0,
8279,19661,4666,21,0.10000000149,0.0,0.0,0.0,0.0,0.0,
8283,19662,3394,19,0.0,0.0,0.0,0.0,0.0,0.0,
8284,19662,3318,19,0.0,0.0,0.0,0.0,0.0,0.0,
8285,19659,3826,-1,0.0,0.0,0.0,0.0,0.0,0.0,
8286,19659,3445,34,0.0,0.0,0.0,0.0,0.0,0.0,
8287,19659,3298,34,0.0,0.0,0.0,0.0,0.0,0.0,
8288,19666,2978,19,0.0,0.0,0.0,0.0,0.0,0.0,
8289,19666,2978,19,0.0,0.0,3.0,0.0,0.0,0.0,
8290,19668,7810,19,0.0,0.0,-3.0,0.0,0.0,0.0,
8291,19669,3613,-1,0.0,0.0,0.0,0.0,0.0,0.0,
8292,19669,3613,-1,0.0,0.0,0.0,0.0,0.0,0.0,
8293,19669,3613,-1,0.0,0.0,0.0,0.0,0.0,0.0,
8296,19672,8812,19,0.0,0.0,0.0,0.0,0.0,0.0,
8297,19673,8813,-1,0.0,0.0,-1.20000004768,0.0,0.0,0.0,
8299,19677,236,34,0.0,0.0,0.0,0.0,0.0,0.0,
8300,19677,236,34,0.0,0.0,0.0,0.0,0.0,0.0,
8301,19679,8903,20,0.34999999404,0.0,-0.899999976158,0.0,0.523599028587,0.0,
8302,19680,8815,19,0.0,0.0,1.5,0.0,0.0,0.0,
8304,19680,7200,-1,0.0,0.0,0.0,0.0,0.0,0.0,
8305,19681,6393,34,-0.800000011921,0.0,-0.300000011921,0.0,0.0,0.0,
8308,19683,8820,19,0.0,0.0,-0.20000000298,0.0,0.0,0.0,
8309,19683,8820,19,0.0,0.0,0.0,0.0,0.0,0.0,
8310,19683,8820,19,0.0,0.0,-0.10000000149,0.0,0.0,0.0,
8311,19690,7199,19,0.0,0.0,1.0,0.0,0.0,0.0,
8312,19689,7979,-1,0.0,0.0,0.0,0.0,0.0,0.0,
8313,19698,228,34,0.0,0.0,-0.300000011921,0.0,0.0,0.0,
8314,19698,228,34,0.0,0.0,0.300000011921,0.0,0.0,0.0,
8315,19694,6055,19,0.0,0.0,0.0,0.0,0.0,0.0,
8316,19694,7049,19,-2.0,-1.5,0.0,0.61086499691,0.0,0.0,
8317,19694,7034,19,-1.5,2.0,0.0,3.22885990143,0.0,0.0,
8318,19705,228,34,0.0,0.0,-0.300000011921,0.0,0.0,0.0,
8319,19705,228,34,0.0,0.0,0.300000011921,0.0,0.0,0.0,
8320,19705,228,34,0.0,0.0,0.300000011921,0.0,0.0,0.0,
8321,19703,8829,34,0.0,0.0,-0.850000023842,0.0,0.0,0.0,
8322,19703,717,19,0.0,0.0,0.0,0.0,0.0,0.0,
8323,19703,8830,34,0.15000000596,0.360000014305,0.280000001192,0.0,0.0,0.0,
8324,19703,8830,34,0.15000000596,-0.360000014305,0.280000001192,0.0,0.0,0.0,
8325,19707,8836,16,-0.25,0.0,-0.20000000298,0.0,-0.349065989256,0.0,
8326,19709,8831,34,0.15000000596,0.360000014305,0.34999999404,0.0,0.0,0.0,
8327,19709,8831,34,0.15000000596,-0.360000014305,0.34999999404,0.0,0.0,0.0,
8328,19713,3524,34,0.0,0.0,0.0,0.0,0.0,0.0,
8329,19715,4126,19,0.0,0.0,0.0,0.0,0.0,0.0,
8330,19715,8837,19,-2.0,-1.5,0.0,0.61086499691,0.0,0.0,
8331,19715,7146,19,-1.5,2.0,0.0,3.22885990143,0.0,0.0,
8332,19717,5727,19,0.0,0.0,0.0,0.0,0.0,0.0,
8333,19718,3082,34,0.0,0.0,0.0,0.0,0.0,0.0,
8341,19719,8838,19,0.0,0.0,0.0,0.785398006439,0.0,0.0,
8345,19719,8838,19,0.0,0.0,0.0,0.0,0.0,0.0,
8346,19719,8838,19,0.0,0.0,0.0,1.57079994678,0.0,0.0,
8347,19719,8838,19,0.0,0.0,0.0,-0.785398006439,0.0,0.0,
8348,19719,8838,19,0.0,0.0,0.0,-1.57079994678,0.0,0.0,
8349,19720,1345,19,-2.0,0.0,0.10000000149,3.14159011841,0.0,0.0,
8350,19721,8810,22,0.15000000596,0.0,-0.34999999404,0.0,0.0,0.0,
8351,19722,5571,19,0.0,0.0,0.5,0.0,0.0,0.0,
8352,19723,4592,34,-0.800000011921,0.0,-1.79999995232,-1.57079994678,0.0,-1.57079994678,
8353,19723,8840,34,1.25,0.449999988079,-1.25,1.57079994678,0.0,0.0,
8354,19723,8839,34,1.35000002384,0.0,-1.25,0.0,0.0,0.0,
8355,19723,8842,34,1.25,-0.449999988079,-1.25,-1.57079994678,0.0,0.0,
8356,19723,8749,34,-0.25,0.0,-1.16999995708,0.0,-0.261799007654,0.0,
8357,19723,8844,34,-0.0500000007451,0.0,-1.0,0.0,-0.174532994628,0.0,
8358,19723,8744,34,0.5,0.649999976158,-1.25,1.57079994678,0.0,0.0,
8359,19723,8744,34,0.5,-0.649999976158,-1.25,1.57079994678,0.0,0.0,
8360,19723,7614,34,0.699999988079,0.0,-1.04999995232,3.14159011841,-0.261799007654,0.0,
8361,19723,5570,34,-0.649999976158,0.649999976158,-1.25,2.3561899662,0.0,0.0,
8362,19723,8845,34,-0.800000011921,0.0,-1.20000004768,3.14159011841,-0.785398006439,0.0,
8363,19723,5570,34,-0.649999976158,-0.649999976158,-1.25,3.9269900322,0.0,0.0,
8364,19725,8846,34,0.0,0.0,-1.29999995232,0.0,0.0,0.0,
8365,19723,8845,34,-0.699999988079,-0.550000011921,-1.20000004768,3.40338993073,-0.785398006439,-0.523599028587,
8366,19723,8845,34,-0.699999988079,0.550000011921,-1.20000004768,2.87979006767,-0.785398006439,0.523599028587,
8367,19723,5570,34,0.20000000298,-0.25,-1.0,-1.57079994678,0.0,0.0,
8368,19723,5570,34,0.20000000298,0.25,-1.0,1.57079994678,0.0,0.0,
8369,19723,8845,34,-0.15000000596,-0.75,-1.20000004768,-1.57079994678,-0.785398006439,0.0,
8370,19726,8829,34,0.0,0.0,-0.850000023842,0.0,0.0,0.0,
8371,19726,717,19,0.0,0.0,0.0,0.0,0.0,0.0,
8372,19726,8847,34,0.15000000596,0.360000014305,0.280000001192,0.0,0.0,0.0,
8373,19726,8847,34,0.15000000596,-0.360000014305,0.280000001192,0.0,0.0,0.0,
8374,19723,8845,34,-0.15000000596,0.75,-1.20000004768,1.57079994678,-0.785398006439,0.0,
8375,19723,7614,34,0.5,0.0,-1.0,3.14159011841,-0.261799007654,0.0,
8376,19725,8849,19,-0.5,0.0,1.20000004768,0.0,0.0,0.0,
8377,19725,8849,19,-0.5,0.0,0.40000000596,0.0,0.0,0.0,
8378,19725,8853,34,0.25,0.34999999404,-0.20000000298,0.0,1.57079994678,0.0,
8379,19725,8853,34,0.25,-0.34999999404,-0.20000000298,0.0,1.57079994678,0.0,
8380,19738,8830,34,0.0,-0.699999988079,0.0,0.0,0.0,0.0,
8381,19738,8830,34,0.0,0.699999988079,0.0,0.0,0.0,0.0,
8386,19740,6120,19,0.0,0.0,0.0,0.0,0.0,0.0,
8387,19741,8679,-1,0.0,0.0,-1.5,0.0,0.0,0.0,
8389,19741,8669,-1,0.0,0.0,3.0,0.0,0.0,0.0,
8390,19741,8854,-1,0.0,0.0,0.0,0.0,1.57079994678,1.57079994678,
8391,19741,8669,-1,0.0,0.0,2.0,0.0,0.0,0.0,
8392,19739,814,19,0.0,0.0,0.0,0.0,0.0,0.0,
8393,19737,8859,19,0.0,0.0,0.0,0.0,0.0,0.0,
8394,19737,8858,19,0.0,0.0,0.0,0.0,0.0,0.0,
8395,19737,8857,19,0.0,0.0,0.0,0.0,0.0,0.0,
8396,19744,270,34,0.0,0.0,0.0,0.0,0.0,0.0,
8397,19749,3705,17,0.0,0.0,0.0,0.0,0.0,0.0,
8398,19749,3705,23,0.0,0.0,0.0,0.0,0.0,0.0,
8399,19749,6670,23,0.0,0.0,0.0,0.0,0.0,0.0,
8400,19750,4901,23,0.0,0.0,0.0,0.0,0.0,0.0,
8401,19751,6722,34,0.0,0.0,0.0,0.0,0.0,0.0,
8402,19752,6352,34,0.0,0.0,0.0,0.0,0.0,0.0,
8403,19746,8860,1,0.0,0.0,0.0,0.0,0.0,0.0,
8404,19764,3705,17,0.0,0.0,0.0,0.0,0.0,0.0,
8405,19764,3705,23,0.0,0.0,0.0,0.0,0.0,0.0,
8406,19768,6140,19,0.0,0.0,0.0,0.0,-1.57079994678,0.0,
8407,19771,8869,34,0.0,0.0,-0.850000023842,0.0,0.0,0.0,
8408,19771,8871,34,0.34999999404,0.219999998808,0.379999995232,0.0,0.0,0.0,
8409,19771,8871,34,0.34999999404,-0.219999998808,0.379999995232,0.0,0.0,0.0,
8410,19772,8873,19,0.0,0.0,10.0,0.0,0.0,0.0,
8411,19772,7196,19,0.0,0.0,0.0,0.0,0.0,0.0,
8412,19774,7109,34,0.15000000596,0.0,-0.600000023842,0.174532994628,0.0,0.0,
8413,19775,8637,34,0.25,0.0,-0.600000023842,0.0,0.0,0.0,
8414,19774,7109,34,0.15000000596,0.0,-0.600000023842,0.174532994628,0.0,0.0,
8416,19775,8637,34,0.25,0.0,-0.600000023842,0.0,0.0,0.0,
8417,19785,6500,-1,0.0,0.0,-1.0,0.0,0.0,0.0,
8418,19786,7814,-1,0.0,0.0,0.5,0.0,0.0,0.0,
8419,19786,7814,-1,0.0,0.0,0.5,0.0,0.0,0.0,
8420,19786,8875,-1,0.0,0.0,0.5,0.0,0.0,0.0,
8421,19787,7814,-1,1.0,0.0,1.0,0.0,0.0,0.0,
8422,19787,7814,-1,1.0,0.0,1.0,0.0,0.0,0.0,
8423,19797,8538,-1,0.0,0.0,1.0,0.0,0.0,0.0,
8424,19797,8538,-1,0.0,0.0,1.0,0.0,0.0,0.0,
8425,19799,7122,19,0.0,0.0,0.0,0.0,0.0,0.0,
8426,19799,7121,19,0.0,0.0,0.0,0.0,0.0,0.0,
8427,19800,7131,19,0.0,0.0,0.0,0.0,0.0,0.0,
8428,19800,7131,19,0.0,0.0,0.0,0.0,0.0,0.0,
8429,19800,7131,19,0.0,0.0,0.0,0.0,0.0,0.0,
8430,19801,7129,19,0.0,0.0,0.0,0.0,0.0,0.0,
8431,19799,7121,19,0.0,0.0,0.0,0.0,0.0,0.0,
8432,19799,7122,19,0.0,0.0,0.0,0.0,0.0,0.0,
8433,19802,8877,34,0.20000000298,0.0,-0.10000000149,0.0,0.0,0.0,
8437,19804,8878,17,0.0,-0.10000000149,-0.10000000149,0.0,0.0,0.383971989155,
8438,19809,3530,19,0.0,0.0,0.0,0.0,0.0,0.0,
8439,19809,3530,19,0.0,0.0,0.0,0.0,0.0,0.0,
8440,19818,8794,-1,0.0,0.0,0.0,0.0,0.0,0.0,
8441,19821,8880,17,-0.10000000149,0.0,0.10000000149,-1.57079994678,0.0,0.0,
8443,19822,8881,17,0.0,0.0,-0.10000000149,0.0,0.0,0.0,
8444,19824,8882,17,-0.15000000596,0.0,0.15000000596,0.0,0.0,0.0,
8445,19803,7888,21,0.0,0.0,-0.25,0.0,0.0,0.0,
8446,19803,7888,22,0.0,0.0,-0.25,0.0,0.0,0.0,
8448,19828,8829,34,0.0,0.0,0.0,0.0,-1.57079994678,0.0,
8449,19828,717,19,0.0,0.0,0.0,0.0,0.0,0.0,
8451,19844,8884,19,0.0,0.0,0.0,0.0,0.0,0.0,
8452,19844,8884,19,0.0,0.0,25.0,0.0,3.14159011841,0.0,
8453,19850,3797,22,0.10000000149,-0.10000000149,0.600000023842,0.0,0.0,0.0,
8454,19849,5684,22,0.10000000149,-0.10000000149,0.600000023842,0.0,0.0,0.0,
8455,19852,9178,34,0.0,0.0,-2.5,0.0,3.14159011841,0.0,
8456,19852,9178,34,0.0,0.0,-2.5,0.0,3.14159011841,0.0,
8461,8337,5436,19,0.0,0.0,0.0,0.0,0.0,0.0,
8462,8337,4241,19,0.0,0.0,0.0,0.0,0.0,0.0,
8463,19861,8892,19,0.0,0.0,0.0,0.0,0.0,0.0,
8464,19861,8891,19,0.0,0.0,0.0,0.0,0.0,0.0,
8465,19865,5069,34,0.0,0.0,0.0,0.0,0.0,0.0,
8466,19865,6631,34,0.0,0.0,-0.10000000149,0.0,0.0,0.0,
8467,19865,6632,34,0.0,0.0,0.0,0.0,0.0,0.0,
8468,19865,6631,34,0.0,0.0,0.10000000149,0.0,0.0,0.0,
8469,19863,8893,19,0.0,0.0,0.0,3.14159011841,0.0,0.0,
8470,19863,8893,19,0.0,0.0,0.0,0.0,0.0,0.0,
8471,19863,8893,19,0.0,0.0,0.0,1.57079994678,0.0,0.0,
8472,19863,8893,19,0.0,0.0,0.0,4.71238994598,0.0,0.0,
8473,16967,8889,19,0.0,0.0,-0.300000011921,0.0,0.0,0.0,
8474,16967,3784,34,0.0,0.0,0.0,0.0,0.0,0.0,
8475,19864,4310,21,0.0,0.0,0.0,0.0,1.91986000538,0.872664988041,
8477,19864,4310,22,0.0,0.0,0.0,0.0,-0.523599028587,-0.261799007654,
8479,19866,8857,19,0.0,0.0,0.0,0.0,0.0,0.0,
8480,19866,8857,19,0.0,0.0,0.0,0.0,0.0,0.0,
8481,19880,3318,19,0.0,0.0,0.0,0.0,0.0,0.0,
8482,19880,8846,34,0.0,0.0,0.0,0.0,-1.57079994678,0.0,
8483,19884,3629,19,0.0,0.0,0.0,0.0,0.0,0.0,
8484,19884,3629,19,0.0,0.0,0.0,0.0,0.0,0.0,
8485,19891,4723,47,0.0,0.0,0.0,0.0,0.0,0.0,
8486,19892,6033,-1,0.0,0.0,0.0,0.0,0.0,0.0,
8487,19892,349,-1,0.0,0.0,0.0,0.0,0.0,0.0,
8488,19888,3238,-1,3.0,-2.0,0.10000000149,0.0,0.0,0.0,
8489,19888,8898,-1,3.0,-2.0,0.0,0.0,0.0,0.0,
8490,19544,9280,17,0.449999988079,0.25,-0.419999986887,-1.57079994678,0.174532994628,3.14159011841,
8491,19544,9280,17,0.5,0.25,-0.5,-1.57079994678,-0.349065989256,3.83972001076,
8492,19544,9280,17,0.449999988079,0.25,-0.490000009537,-1.57079994678,0.174532994628,2.09438991547,
8493,19901,5457,19,0.0,0.0,0.0,0.0,0.0,0.0,
8496,19903,8904,22,-0.00999999977648,0.0500000007451,-0.019999999553,0.0,2.09438991547,0.0,
8497,19903,4960,22,-0.00999999977648,0.0500000007451,-0.019999999553,0.0,2.09438991547,0.0,
8523,19914,4095,19,0.800000011921,0.0,0.0,0.0,0.0,0.0,
8524,19912,5388,19,0.20000000298,0.0,0.5,0.0,0.0,0.0,
8525,19915,8878,17,0.0,0.0,-0.40000000596,0.0,0.0,0.0,
8529,19941,7593,19,0.0,0.0,0.0,-1.57079994678,0.0,0.0,
8530,19745,8434,-1,0.0,0.0,0.0,0.0,0.0,0.0,
8531,19745,6917,34,0.0,0.0,0.0,0.0,0.0,0.0,
8532,19946,8917,22,0.0,0.0,0.0,1.57079994678,0.0,-1.57079994678,
8533,19920,7810,19,0.0,0.0,-3.5,0.0,0.0,0.0,
8535,19948,8926,19,0.0,0.0,0.0,0.0,0.0,0.0,
8537,19958,8926,19,0.0,0.0,0.0,0.0,0.0,0.0,
8538,19958,8922,19,-3.0,-2.0,0.0,0.0,0.0,0.0,
8539,19958,8922,19,-2.0,3.0,0.0,0.0,0.0,0.0,
8540,19959,8918,19,-2.0,2.0,0.0,0.0,0.0,0.0,
8541,19959,8927,19,0.0,0.0,0.0,0.0,0.0,0.0,
8542,19960,5194,-1,0.0,0.0,0.0,0.0,0.0,0.0,
8543,19960,5743,-1,0.0,0.0,0.0,0.0,0.0,0.0,
8544,19962,4783,19,0.0,0.0,0.0,0.0,0.0,0.0,
8545,19963,4995,-1,0.0,0.0,0.0,0.0,0.0,0.0,
8547,19963,8932,-1,0.0,0.0,0.0,0.0,0.0,0.0,
8549,19963,5426,34,0.0,0.0,-0.5,0.0,0.0,0.0,
8550,19965,8931,34,0.0,0.0,-2.0,0.0,0.0,0.0,
8551,19965,5426,34,0.0,0.0,-3.0,0.0,0.0,0.0,
8552,19965,5426,34,0.0,0.0,-2.0,0.0,0.0,0.0,
8553,19965,8931,34,0.0,0.0,-3.0,0.0,0.0,0.0,
8554,19966,8931,34,0.0,0.0,0.0,0.0,0.0,0.0,
8555,19963,8932,-1,0.0,0.0,0.0,0.0,0.0,0.0,
8556,19964,8929,-1,0.0,0.0,0.0,0.0,0.0,0.0,
8557,19968,8933,34,0.0,0.0,0.0,0.0,-1.57079994678,3.14159011841,
8558,19899,4469,17,0.0,0.0,0.0,0.0,0.0,0.0,
8559,19899,4469,17,1.0,0.0,0.0,0.0,0.0,0.0,
8562,19979,8941,34,0.0,0.0,0.0,0.0,-1.57079994678,3.14159011841,
8563,19980,8942,34,0.0,0.0,0.0,0.0,-1.57079994678,3.14159011841,
8564,19986,4469,17,0.0,0.0,0.0,0.0,0.0,0.0,
8565,19986,4469,17,0.600000023842,0.0,0.0,0.0,0.0,0.0,
8566,19990,3858,17,-0.300000011921,0.0,0.5,0.0,0.0,0.0,
8567,19992,4592,34,-1.10000002384,0.0,-2.15000009537,-1.57079994678,0.0,-1.57079994678,
8568,19995,8944,1,-0.300000011921,0.0,0.0,0.0,0.0,0.0,
8569,19996,7631,19,-2.0,0.0,-1.0,0.0,0.0,0.0,
8570,19997,5247,19,0.0,0.0,0.0,0.0,0.0,0.0,
8571,19997,6789,19,0.0,0.0,0.0,0.0,0.0,0.0,
8572,20000,6545,34,0.0,0.0,-0.40000000596,0.0,0.0,0.0,
8573,20005,8949,17,0.0299999993294,0.109999999404,0.280000001192,1.57079994678,0.0,0.0,
8574,20005,8949,17,0.0299999993294,-0.109999999404,0.280000001192,-1.57079994678,0.0,0.0,
8575,20005,7824,17,0.0299999993294,0.10000000149,0.280000001192,0.0,0.0,0.0,
8576,20008,5132,-1,0.0,0.0,0.0,0.0,0.0,0.0,
8577,20005,7824,17,0.0299999993294,-0.10000000149,0.280000001192,0.0,0.0,0.0,
8580,20015,6236,-1,0.0,0.0,0.0,0.0,0.0,0.0,
8581,20015,2966,-1,0.0,0.0,0.0,0.0,0.0,0.0,
8583,8297,6938,19,0.0,0.0,-3.5,0.0,0.0,0.0,
8584,20022,8956,-1,0.0,0.0,0.0,0.0,0.0,0.0,
8585,20023,8305,-1,0.0,0.0,0.0,0.0,0.0,0.0,
8587,20033,3690,19,0.0,0.0,0.0,0.0,0.0,0.0,
8588,20033,219,19,0.0,0.0,0.0,0.0,0.0,0.0,
8589,20037,9402,-1,0.0,0.0,0.0,0.0,0.0,0.0,
8590,20038,8874,-1,0.0,0.0,3.0,0.0,-1.57079994678,0.0,
8591,20039,6864,-1,0.0,0.0,2.0,0.0,0.0,0.0,
8592,20039,4901,-1,0.0,0.0,2.0,0.0,-1.57079994678,0.0,
8593,20039,4095,-1,0.0,0.0,2.0,0.0,0.0,0.0,
8594,20041,9444,-1,0.0,0.0,3.0,0.0,0.0,0.0,
8597,20046,8392,19,0.0,0.0,0.0,0.0,0.0,0.0,
8598,20051,5061,19,0.0,0.0,1.5,0.0,0.0,0.0,
8599,19919,5655,20,-0.899999976158,0.0,-0.899999976158,0.0,0.0,0.0,
8600,20051,7956,19,0.0,0.0,0.0,0.0,0.0,0.0,
8601,20052,1662,20,0.0,0.0,0.0,0.0,0.0,0.0,
8602,20055,8969,17,0.0,0.0,0.0,0.0,1.57079994678,0.0,
8603,20061,7978,-1,0.75,0.899999976158,0.10000000149,0.0,0.0,0.0,
8604,20061,7978,-1,-0.0399999991059,-1.17999994755,0.10000000149,0.0,0.0,0.0,
8605,20061,7978,-1,1.10000002384,-0.449999988079,0.10000000149,0.0,0.0,0.0,
8606,20061,7978,-1,-1.12999999523,-0.319999992847,0.10000000149,0.0,0.0,0.0,
8607,20061,7978,-1,-0.629999995232,0.97000002861,0.10000000149,0.0,0.0,0.0,
8608,20061,7503,34,0.0,0.0,-0.300000011921,0.0,0.0,0.0,
8609,20062,4901,-1,0.0,0.0,0.0,0.0,-1.57079994678,0.0,
8610,20063,8968,19,0.0,0.0,3.5,0.0,0.0,0.0,
8611,20079,8350,21,0.0,0.0,0.0,0.0,0.0,0.0,
8612,20079,8350,22,0.0,0.0,0.0,0.0,0.0,0.0,
8613,20081,8977,-1,0.0,0.0,-2.0,0.0,0.0,0.0,
8614,20081,5247,-1,0.0,0.0,0.20000000298,0.0,0.0,0.0,
8615,20083,2562,20,0.0,0.0,0.0,0.0,0.785398006439,0.0,
8618,20017,3929,34,0.0,0.0,0.0,0.0,0.0,0.0,
8619,20017,8979,34,0.0,0.0,0.0,0.0,0.0,0.0,
8620,20083,8981,21,0.0,0.0,0.0,0.0,0.0,0.0,
8621,20083,8981,22,0.0,0.0,0.0,0.0,0.0,0.0,
8622,19920,8982,19,0.0,0.0,0.0,0.0,0.0,0.0,
8624,20089,4973,-1,0.0,0.0,0.0,0.0,0.0,0.0,
8625,20089,5037,-1,0.0,0.0,0.0,0.0,0.0,0.0,
8627,20091,7807,21,0.0,0.0,0.0,0.0,0.0,0.0,
8628,20091,7807,22,0.0,0.0,0.0,0.0,0.0,0.0,
8629,20091,8986,-1,0.0,0.0,5.0,0.0,-1.57079994678,0.0,
8630,20091,8987,-1,0.0,0.0,-0.10000000149,0.0,0.0,0.0,
8631,20092,8988,-1,0.0,0.0,0.0,0.0,0.0,0.0,
8632,20093,8988,19,0.0,0.0,0.0,0.0,0.0,0.0,
8634,20096,8989,19,0.0,0.0,0.0,0.0,0.0,0.0,
8635,20097,8990,19,0.0,0.0,0.0,0.0,0.0,0.0,
8636,19634,8991,19,0.0,0.0,0.0,-1.57079994678,0.0,0.0,
8637,20098,8736,-1,0.0,0.0,-5.0,0.0,0.0,0.0,
8639,20112,6545,34,0.0,0.0,-0.40000000596,0.0,0.0,0.0,
8640,20108,8998,22,-0.10000000149,0.0,-0.0299999993294,0.0,1.57079994678,0.0,
8641,20113,8999,34,0.0,0.0,0.0,0.0,0.0,0.0,
8643,20107,9278,34,-0.10000000149,0.0,0.0,0.0,1.57079994678,0.0,
8644,20118,6003,19,0.0,0.0,-1.0,0.0,0.0,0.0,
8645,20117,5796,19,0.0,0.0,-0.5,0.0,0.0,0.0,
8646,20119,5900,19,0.0,0.0,0.0,0.0,0.0,0.0,
8647,20119,4241,19,0.0,0.0,0.0,0.0,0.0,0.0,
8648,20120,9002,-1,0.0,0.0,0.0,0.0,0.0,0.0,
8649,20120,5429,-1,0.0,0.0,0.0,0.0,0.0,0.0,
8651,20129,236,34,0.0,0.0,0.0,0.0,0.0,0.0,
8652,20125,4901,20,0.5,0.0,-1.0,0.0,0.261799007654,0.0,
8653,20137,9012,19,0.0,0.0,0.0,0.0,0.0,0.0,
8654,20137,9011,19,0.0,0.0,3.5,0.0,0.0,0.0,
8655,20137,9011,19,0.0,0.0,3.5,0.0,0.0,0.0,
8656,20137,9013,19,0.0,0.0,2.0,0.0,0.0,0.0,
8657,20137,3313,19,0.0,0.0,7.0,0.0,0.0,0.0,
8658,20138,1742,17,0.0,0.0,0.0,-0.785398006439,0.0,0.0,
8659,20139,5395,19,0.0,0.0,6.0,0.0,0.0,0.0,
8660,20139,9013,19,0.0,0.0,0.0,0.0,0.0,0.0,
8661,20139,9011,19,0.0,0.0,2.0,0.0,0.0,0.0,
8662,20139,9011,19,0.0,0.0,2.0,0.0,0.0,0.0,
8663,20140,1742,23,0.0,0.0,0.0,0.785398006439,0.0,0.0,
8664,20137,7129,19,0.0,0.0,0.0,0.0,0.0,0.0,
8666,20151,6727,-1,0.0,0.0,0.20000000298,0.0,0.0,0.0,
8667,20147,7807,21,0.0,0.0,0.0,0.0,0.0,0.0,
8668,20147,7807,22,0.0,0.0,0.0,0.0,0.0,0.0,
8669,20147,8987,-1,0.0,0.0,-0.10000000149,0.0,0.0,0.0,
8670,20155,7807,21,0.0,0.0,0.0,0.0,0.0,0.0,
8671,20155,7807,22,0.0,0.0,0.0,0.0,0.0,0.0,
8672,20155,8987,-1,0.0,0.0,0.0,0.0,0.0,0.0,
8673,20158,9016,2,0.0,0.0,0.0,0.0,0.0,0.0,
8674,20159,9017,19,0.0,0.0,0.0,0.0,0.0,0.0,
8675,20159,9018,19,0.0,0.0,0.0,0.0,0.0,0.0,
8676,20161,9022,19,0.0,0.0,0.0,0.0,0.0,0.0,
8677,20163,9024,19,0.0,0.0,0.0,0.785398006439,0.0,0.0,
8680,20165,9026,17,-0.699999988079,0.0,0.5,0.0,0.0,0.0,
8681,20166,9027,-1,0.0,0.0,-0.10000000149,0.0,0.0,0.0,
8684,20168,9025,1,0.0,0.0,-0.20000000298,0.0,0.0,0.0,
8685,20175,9040,19,0.0,0.0,-3.0,0.0,0.0,0.0,
8687,20178,8684,19,0.0,0.0,0.15000000596,0.0,0.0,0.0,
8689,20175,9031,19,0.0,0.0,0.0,0.0,0.0,0.0,
8690,20181,9602,-1,0.0,0.0,0.0,0.0,0.0,0.0,
8691,20182,9595,19,0.0,0.0,0.0,0.0,0.0,0.0,
8693,20183,8012,-1,1.0,-1.0,0.0,0.0,0.0,0.0,
8694,20186,9037,19,0.5,-0.5,0.0,0.0,0.0,0.0,
8701,20187,7742,34,-4.0,0.0,0.0,0.0,0.0,0.0,
8705,20189,9039,19,0.0,0.0,3.0,0.0,0.0,3.14159011841,
8706,20190,8011,17,0.300000011921,0.0,0.0,0.0,0.0,0.0,
8707,20185,3238,19,0.0,0.0,0.0,0.0,0.0,0.0,
8708,20203,5655,19,0.0,0.0,0.0,0.0,0.0,0.0,
8709,20203,5655,34,0.0,0.0,0.0,0.0,0.0,0.0,
8710,20203,5655,20,0.0,0.0,0.0,0.0,0.0,0.0,
8720,20215,6600,30,0.0,0.0,0.0,0.0,0.0,0.0,
8722,20217,8489,-1,0.0,0.0,6.0,0.0,3.14159011841,0.0,
8724,20218,9059,-1,0.0,0.0,0.0,0.0,0.0,0.0,
8727,20219,9061,-1,0.0,0.140000000596,4.15999984741,0.0,-1.57079994678,0.0,
8732,20230,9076,22,0.0,0.0,0.0,0.0,2.09438991547,0.0,
8737,20234,9079,1,0.0,0.0,0.0,0.0,2.09438991547,0.0,
8738,20235,4960,22,-0.10000000149,0.10000000149,-0.0599999986589,0.0,2.09438991547,0.0,
8739,20235,8904,22,-0.0900000035763,0.0799999982119,-0.0399999991059,0.698131978512,1.57079994678,0.0,
8740,20240,9084,2,0.40000000596,-0.10000000149,0.25,0.0,1.30900001526,0.0,
8741,20240,9085,1,0.25,0.20000000298,0.10000000149,0.0,1.30900001526,0.0,
8742,20248,9090,34,0.0,0.0,0.0,0.0,0.0,0.0,
8749,20248,9090,34,0.0,0.0,0.0,0.0,0.0,0.0,
8753,20248,8506,-1,0.0,0.0,-1.0,0.0,0.0,0.0,
8755,20252,8833,19,0.0,0.0,0.0,0.0,0.0,0.0,
8757,20255,8052,19,0.0,0.0,-0.300000011921,0.0,0.0,0.0,
8761,20249,9103,-1,2.0,3.0,-0.5,0.0,0.0,0.0,
8767,20249,9092,-1,1.0,-3.5,-0.25,0.0,0.0,0.0,
8768,20249,9093,-1,0.0,0.0,0.0,0.0,0.0,0.0,
8771,20259,2966,19,0.0,0.0,0.0,0.0,0.0,0.0,
8774,20259,7992,19,0.0,0.0,0.0,0.0,0.0,0.0,
8775,20259,6927,19,0.0,0.0,0.0,0.0,0.0,0.0,
8778,20267,4095,-1,0.0,0.0,0.0,0.0,0.0,0.0,
8780,20270,5658,19,0.0,0.0,0.0,0.0,0.0,0.0,
8781,20270,9114,19,0.0,0.0,0.0,0.0,0.0,0.0,
8783,20273,6777,34,0.0,0.0,0.0,0.0,0.0,0.0,
8785,20270,5656,19,0.0,0.0,0.0,0.0,0.0,0.0,
8786,20273,6790,34,0.0,0.0,0.0,0.0,0.0,0.0,
8787,20272,9113,19,0.0,0.0,0.0,0.0,0.0,0.0,
8788,20274,9121,19,0.0,0.0,0.0,0.0,0.0,0.0,
8790,20267,5657,-1,0.0,0.0,0.0,0.0,0.0,0.0,
8791,20278,9163,-1,0.0,0.0,0.5,0.0,0.0,0.0,
8792,20279,9123,19,0.0,0.0,0.0,0.0,0.0,0.0,
8793,20280,9124,19,0.0,0.0,0.0,0.0,0.0,0.0,
8794,20282,9125,19,0.0,0.0,0.0,0.0,0.0,0.0,
8795,20283,287,2,0.0,0.0,0.0,0.0,0.0,0.0,
8796,20283,287,1,0.0,0.0,0.0,0.0,0.0,0.0,
8797,20283,6159,19,0.0,0.0,0.0,0.0,0.0,0.0,
8798,20273,5811,34,0.0,0.0,1.0,0.0,0.0,0.0,
8799,20288,9281,-1,0.0,0.0,-3.0,0.0,3.14159011841,0.0,
8800,20291,9132,19,0.0,0.0,0.0,0.0,0.0,0.0,
8801,20270,9133,19,0.0,0.0,0.0,0.0,0.0,0.0,
8802,20293,4960,22,-0.0500000007451,0.0799999982119,-0.0599999986589,0.0,2.09438991547,0.0,
8803,20293,8904,22,-0.0799999982119,0.0500000007451,-0.0399999991059,0.349065989256,0.523599028587,0.523599028587,
8804,20295,4960,22,-0.0799999982119,0.140000000596,-0.0500000007451,0.0,2.09438991547,0.0,
8805,20295,8904,22,-0.0799999982119,0.129999995232,-0.0500000007451,0.0,0.698131978512,0.698131978512,
8811,19877,9136,19,0.0,0.0,0.5,0.0,0.0,0.0,
8818,20296,8052,34,0.0,0.0,-1.20000004768,0.0,0.0,0.0,
8826,20297,9137,19,0.0,0.0,0.0,0.0,0.0,0.0,
8827,20297,282,19,0.0,0.0,0.0,0.0,0.0,0.0,
8828,20297,4239,19,0.0,0.0,0.0,0.0,0.0,0.0,
8830,20224,9143,19,0.0,0.0,0.0,0.0,0.0,0.0,
8833,20297,9146,19,0.0,0.0,0.0,0.0,0.0,0.0,
8834,20298,4960,22,0.0,0.10000000149,-0.0900000035763,0.0,2.09438991547,0.0,
8835,20298,8904,22,0.0,0.0500000007451,-0.070000000298,0.0,2.44345998764,0.0,
8836,20299,4960,22,-0.0599999986589,0.180000007153,-0.0299999993294,0.0,2.09438991547,0.0,
8837,20299,8904,22,-0.0599999986589,0.170000001788,-0.0299999993294,0.0,-0.523599028587,1.22172999382,
8838,20301,4960,22,0.0,0.10000000149,0.0399999991059,0.0,2.09438991547,0.0,
8839,20301,8904,22,0.019999999553,0.070000000298,0.00999999977648,0.0,0.0,5.75959014893,
8840,20303,4960,22,0.019999999553,0.10000000149,-0.0799999982119,0.0,2.09438991547,0.0,
8841,20303,8904,22,0.019999999553,0.0599999986589,-0.0799999982119,0.0,2.09438991547,0.0,
8842,20305,4960,22,-0.0599999986589,0.0399999991059,0.019999999553,0.0,2.09438991547,0.0,
8843,20305,8904,22,-0.0599999986589,0.0399999991059,0.019999999553,0.0,2.09438991547,1.04719996452,
8844,20309,4960,22,-0.10000000149,0.0799999982119,-0.0599999986589,0.0,2.09438991547,0.0,
8845,20309,8904,22,-0.0799999982119,0.0599999986589,-0.0500000007451,0.0,1.04719996452,0.698131978512,
8848,20311,6895,34,0.0,0.0,0.0,0.0,0.0,0.0,
8850,20312,8910,34,0.0,0.0,0.0,0.0,0.0,0.0,
8852,20314,9116,34,0.0,0.0,-1.10000002384,0.0,3.14159011841,0.0,
8853,20315,9643,34,0.0,0.0,0.0,0.0,0.0,0.0,
8854,20316,5487,22,0.0,0.0,0.0,0.0,0.0,0.0,
8855,20316,5487,21,0.0,0.0,0.0,0.0,0.0,0.0,
8856,20320,9669,19,0.75,-1.0,0.25,-0.523599028587,0.0,0.0,
8857,20320,5856,19,1.25,-0.699999988079,0.0,-1.57079994678,0.0,0.0,
8859,20320,5856,19,1.25,-1.5,0.0,-1.57079994678,0.0,0.0,
8860,20324,9155,-1,0.0,0.0,1.0,0.0,0.0,0.0,
8861,20324,9155,-1,0.0,0.0,1.0,0.0,0.0,0.0,
8863,20324,9155,-1,0.0,0.0,1.0,0.0,0.0,0.0,
8864,20325,5266,22,0.0,0.0,10.0,0.0,0.0,0.0,
8866,20328,9105,19,0.0,0.0,0.0,0.0,0.0,0.0,
8867,20328,8928,19,0.0,0.0,0.0,0.0,0.0,0.0,
8868,20331,3662,19,0.0,0.0,0.0,0.0,0.0,0.0,
8869,20339,5484,19,0.0,0.0,0.0,0.0,0.0,0.0,
8870,20339,6615,34,-4.0,0.0,0.0,0.0,0.0,0.0,
8873,20339,3516,19,0.0,0.0,0.0,0.0,0.0,0.0,
8875,20339,6904,34,-4.0,0.0,0.0,0.0,0.0,0.0,
8876,20340,565,-1,0.0,0.0,-1.5,0.0,0.0,0.0,
8877,20341,4901,34,0.0,0.0,0.0,0.0,0.0,0.0,
8878,20342,7109,34,0.0,0.0,0.0,0.0,0.0,0.0,
8879,20084,8860,22,0.0,0.0,0.0,0.0,0.0,0.0,
8880,20329,8107,19,0.0,-4.0,0.0,0.0,0.0,0.0,
8881,20329,8107,19,0.0,4.0,0.0,0.0,0.0,0.0,
8882,20329,8107,19,4.0,0.0,0.0,0.0,0.0,0.0,
8883,11947,5048,38,0.0,0.0,0.0,0.0,0.0,0.0,
8884,11744,5048,38,0.0,0.0,0.0,0.0,0.0,0.0,
8888,20352,9165,19,0.0,0.0,0.0,0.0,3.14159011841,0.0,
8895,20354,9172,17,-0.0299999993294,-0.0399999991059,0.0900000035763,0.0,0.0,0.0,
8899,20349,8826,19,0.0,0.0,0.0,0.0,0.0,0.0,
8900,20349,9033,19,0.0,0.0,0.0,0.0,0.0,0.0,
8901,20356,3902,20,-0.800000011921,0.0,0.800000011921,0.0,0.0,0.0,
8902,20358,9174,19,0.0,0.0,-0.5,0.0,0.0,3.14159011841,
8904,20363,4422,34,0.0,0.0,0.0,0.0,0.0,0.0,
8905,20363,4422,19,0.0,0.0,0.0,0.0,0.0,0.0,
8906,20363,4422,34,0.0,0.0,0.5,0.0,0.0,0.0,
8907,20364,9250,19,0.0,0.0,-1.0,0.0,0.0,0.0,
8908,20364,9250,19,0.0,-1.0,-1.0,0.0,0.0,0.0,
8909,20364,9250,19,0.0,1.0,-1.0,0.0,0.0,0.0,
8913,20314,7315,19,0.0,0.0,0.600000023842,0.0,0.0,0.0,
8914,20372,9183,19,20.0,0.0,0.0,0.0,0.0,0.0,
8915,20372,9183,19,25.0,0.0,0.0,0.0,0.0,0.0,
8916,20372,9183,19,30.0,0.0,0.0,0.0,0.0,0.0,
8917,20372,9183,19,35.0,0.0,0.0,0.0,0.0,0.0,
8918,20372,9183,19,40.0,0.0,0.0,0.0,0.0,0.0,
8921,20372,9183,19,45.0,0.0,0.0,0.0,0.0,0.0,
8923,20358,8940,19,0.0,0.0,-1.0,0.0,0.0,0.0,
8924,20373,9174,-1,0.0,0.0,-0.5,0.0,0.0,3.14159011841,
8925,20130,4144,19,0.0,0.0,0.0,0.0,0.0,0.0,
8926,20377,9182,34,0.0,0.0,0.0,0.0,0.0,0.0,
8927,20380,9226,19,0.0,0.0,1.0,0.0,0.0,0.0,
8928,20372,9183,19,5.0,0.0,0.0,0.0,0.0,0.0,
8929,20372,9183,19,10.0,0.0,0.0,0.0,0.0,0.0,
8930,20372,9183,19,15.0,0.0,0.0,0.0,0.0,0.0,
8931,20372,9183,19,50.0,0.0,0.0,0.0,0.0,0.0,
8932,20372,9183,19,55.0,0.0,0.0,0.0,0.0,0.0,
8933,20372,9183,19,60.0,0.0,0.0,0.0,0.0,0.0,
8935,20383,5421,34,0.0,0.0,0.0,0.0,0.0,0.0,
8936,20385,168,19,0.0,0.0,0.15000000596,0.0,0.0,0.0,
8937,20385,3271,19,0.0,0.0,-0.10000000149,0.0,0.0,0.0,
8945,20370,8640,19,20.0,0.0,1.0,0.0,0.0,0.0,
8951,20386,4960,22,-0.070000000298,0.10000000149,-0.10000000149,0.0,2.09438991547,0.0,
8952,20386,8904,22,-0.0500000007451,0.0799999982119,-0.10000000149,0.0,0.0,0.0,
8955,20388,7646,16,0.0,0.0,0.0,0.0,0.0,0.0,
8960,20389,9105,19,0.0,0.0,0.0,0.0,0.0,0.0,
8961,14727,7458,19,0.0,0.0,0.0,0.0,0.0,0.0,
8962,14718,3116,19,0.0,0.0,0.0,1.57079994678,0.0,0.0,
8963,14718,3116,19,0.0,0.0,0.0,3.14159011841,0.0,0.0,
8964,14718,3116,19,0.0,0.0,0.0,2.3561899662,0.0,0.0,
8965,14718,3116,19,0.0,0.0,0.0,0.0,0.0,0.0,
8966,14718,3116,19,0.0,0.0,0.0,0.785398006439,0.0,0.0,
8970,14718,3116,19,0.0,0.0,0.0,-0.785398006439,0.0,0.0,
8971,14718,3116,19,0.0,0.0,0.0,-1.57079994678,0.0,0.0,
8972,14718,3116,19,0.0,0.0,0.0,-2.3561899662,0.0,0.0,
8973,20392,4804,19,0.0,0.0,9.0,0.0,0.0,0.0,
8974,20400,5487,17,0.10000000149,0.0,0.0,0.0,0.0,0.0,
8975,20401,9198,19,0.0,0.0,-0.5,0.0,3.14159011841,0.0,
8976,20401,9199,19,0.0,0.0,-0.10000000149,0.0,3.14159011841,0.0,
8977,20397,9193,34,-0.5,-0.20000000298,0.0,0.0,0.0,0.0,
8978,20402,9153,-1,0.0,0.0,0.0,0.0,0.0,0.0,
8979,20402,9200,19,0.0,0.0,3.0,0.0,0.0,3.14159011841,
8980,20402,9201,19,0.0,0.0,3.0,0.0,0.0,3.14159011841,
8981,20402,9202,19,0.0,0.0,3.0,0.0,0.0,3.14159011841,
8983,20403,4960,22,0.0500000007451,-0.140000000596,0.0299999993294,0.0,0.0,0.0,
8984,20403,8904,22,0.0500000007451,-0.140000000596,0.0299999993294,3.14159011841,0.0,0.0,
8985,20404,9200,19,0.0,0.0,-3.0,0.0,0.0,0.0,
8986,20404,9201,19,0.0,0.0,3.0,0.0,0.0,3.14159011841,
8987,20404,9202,19,0.0,0.0,3.0,0.0,0.0,3.14159011841,
8988,20405,4892,19,0.0,0.0,0.0,0.0,0.0,0.0,
8989,20404,6527,19,0.0,0.0,3.0,0.0,0.0,3.14159011841,
8990,20402,6527,19,0.0,0.0,3.0,0.0,0.0,3.14159011841,
8991,20402,9202,19,0.0,0.0,-3.0,0.0,0.0,0.0,
8992,20402,9201,19,0.0,0.0,-3.0,0.0,0.0,0.0,
8993,20402,9200,19,0.0,0.0,-3.0,0.0,0.0,0.0,
8994,20402,6527,19,0.0,0.0,-3.0,0.0,0.0,0.0,
8995,20404,9202,19,0.0,0.0,-3.0,0.0,0.0,0.0,
8996,20404,9201,19,0.0,0.0,-3.0,0.0,0.0,0.0,
8997,20404,6527,19,0.0,0.0,-3.0,0.0,0.0,0.0,
9000,20406,9205,-1,0.0,0.0,5.0,0.0,3.14159011841,0.0,
9001,20404,8331,19,0.0,0.0,3.0,0.0,0.0,3.14159011841,
9002,20404,8331,19,0.0,0.0,-3.0,0.0,0.0,0.0,
9003,20402,8331,19,0.0,0.0,-3.0,0.0,0.0,0.0,
9004,20402,8331,19,0.0,0.0,3.0,0.0,0.0,3.14159011841,
9005,20407,9204,19,0.0,0.0,0.0,0.0,0.0,0.0,
9011,20398,2803,19,0.0,0.0,0.0,0.0,0.0,0.0,
9012,20399,9207,19,0.0,0.0,0.0,0.0,0.0,0.0,
9013,20417,8937,19,0.0,0.0,0.0,0.0,0.0,0.0,
9015,20418,8835,19,0.0,0.0,1.0,0.0,0.0,0.0,
9016,20354,9172,17,-0.0299999993294,0.035000000149,0.0900000035763,0.0,0.0,0.0,
9017,20354,9172,17,-0.0299999993294,0.035000000149,0.0900000035763,0.0,0.0,0.0,
9018,20354,9172,17,-0.0299999993294,0.035000000149,0.0900000035763,0.0,0.0,0.0,
9019,20354,9172,17,-0.0299999993294,-0.0399999991059,0.0900000035763,0.0,0.0,0.0,
9020,20354,9172,17,-0.0299999993294,-0.0399999991059,0.0900000035763,0.0,0.0,0.0,
9021,20421,6669,17,0.0,0.0,0.0,0.0,0.0,0.0,
9027,20423,6727,-1,0.0,0.0,-0.300000011921,0.0,0.0,0.0,
9040,20424,9181,-1,0.0,0.0,0.0,0.0,0.0,0.0,
9045,20424,9239,-1,0.0,0.0,-0.40000000596,0.0,0.0,0.0,
9046,20424,9239,-1,0.0,0.0,-0.40000000596,0.0,0.0,0.0,
9047,20427,6338,-1,15.0,0.0,3.0,0.0,0.0,0.0,
9049,20243,3672,-1,0.0,0.0,1.0,0.0,0.0,0.0,
9051,20429,9401,19,0.0,0.0,0.0,0.0,0.0,0.0,
9053,20433,9373,19,0.0,0.0,0.0,0.0,0.0,0.0,
9054,20433,9261,19,0.0,0.0,-0.5,0.0,0.0,0.0,
9055,20436,9249,16,1.0,0.0,-0.5,0.0,0.785398006439,0.0,
9056,20436,8940,16,1.5,0.5,0.300000011921,0.0,0.0,0.0,
9057,20437,9374,19,0.0,0.0,0.0,0.0,0.0,0.0,
9058,20437,8265,19,0.0,0.0,0.0,0.0,0.0,0.0,
9059,20440,9239,19,0.0,0.0,0.0,0.0,0.0,0.0,
9062,20438,6775,19,0.0,0.0,0.0,0.0,0.0,0.0,
9067,20442,8940,-1,2.0,0.0,0.0,0.0,0.0,0.0,
9068,20442,8940,-1,-2.0,0.0,0.0,0.0,0.0,0.0,
9069,20442,8940,-1,0.0,2.0,0.0,0.0,0.0,0.0,
9070,20442,8940,-1,0.0,-2.0,0.0,0.0,0.0,0.0,
9071,20433,8768,19,0.0,0.0,0.0,0.0,0.0,0.0,
9073,20433,9261,19,0.0,0.0,-0.5,0.0,0.0,0.0,
9074,20433,8768,19,4.0,0.0,0.0,0.0,0.0,0.0,
9075,20438,5255,19,0.0,0.0,0.0,0.0,0.0,0.0,
9076,20438,7704,19,0.0,0.0,0.0,0.0,0.0,0.0,
9077,20438,7704,19,0.0,0.0,0.0,0.0,0.0,0.0,
9079,20438,6731,19,0.0,0.0,0.0,0.0,0.0,0.0,
9080,20446,6079,19,15.0,0.0,4.0,3.14159011841,0.0,0.0,
9081,20446,6079,19,0.0,0.0,0.0,0.0,0.0,0.0,
9082,20446,6079,19,15.0,0.0,-8.0,0.0,0.0,0.0,
9083,20446,6079,19,0.0,0.0,8.0,0.0,0.0,0.0,
9084,20446,6079,19,0.0,0.0,-4.0,3.14159011841,0.0,0.0,
9085,20447,6099,19,0.0,0.0,0.0,0.0,0.0,1.57079994678,
9086,20447,6099,19,0.0,0.0,8.0,0.0,0.0,1.57079994678,
9087,20447,6099,19,0.0,0.0,-8.0,0.0,0.0,1.57079994678,
9088,20447,6099,19,15.0,0.0,4.0,3.14159011841,0.0,1.57079994678,
9089,20447,6099,19,15.0,0.0,-4.0,3.14159011841,0.0,1.57079994678,
9090,20448,7024,19,0.0,0.0,2.0,0.0,0.0,0.0,
9091,20448,8928,19,0.0,0.0,0.0,0.0,0.0,0.0,
9093,20450,3315,19,0.0,0.0,0.0,0.0,0.0,0.0,
9095,20453,8977,19,0.0,0.0,-2.0,0.0,0.0,0.0,
9098,20454,6145,15,0.0,0.0,0.0,0.0,0.0,0.0,
9099,20457,7487,19,0.0,0.0,0.0,0.0,0.0,0.0,
9102,20457,9268,19,0.0,0.0,0.0,0.0,0.0,0.0,
9109,20460,6604,19,0.0,0.0,-1.0,0.0,0.261799007654,-0.261799007654,
9114,20463,4802,17,0.0,0.0,0.0,0.0,0.0,0.0,
9115,20465,9181,19,0.0,0.0,0.0,0.0,0.0,0.0,
9117,20466,6564,19,0.0,0.0,0.0,0.0,0.0,0.0,
9119,20468,5897,23,0.0,0.0,0.0,1.57079994678,1.57079994678,0.0,
9122,20470,7607,17,0.20000000298,0.0,-0.40000000596,0.349065989256,-0.261799007654,0.0,
9123,20470,7607,17,0.20000000298,0.0,-0.40000000596,-0.0872659981251,-0.261799007654,0.0,
9124,20468,5897,21,-1.0,0.0,0.0,0.0,3.14159011841,0.0,
9125,20468,5897,22,-1.0,0.0,0.0,0.0,3.14159011841,0.0,
9126,20471,8003,17,-0.5,0.0,2.0,0.0,0.0,0.0,
9129,20476,7606,19,0.20000000298,0.0,-1.0,0.0,-0.0872659981251,0.0349069982767,
9130,20476,8040,19,0.0,0.0,-1.0,0.0,0.0,0.0,
9131,20477,4960,22,-0.10000000149,0.10000000149,-0.15000000596,0.0,2.09438991547,0.0,
9132,20477,8904,22,-0.0799999982119,0.070000000298,-0.119999997318,0.523599028587,2.44345998764,0.0,
9133,20478,4960,22,-0.0500000007451,0.140000000596,-0.0599999986589,0.0,2.09438991547,0.0,
9134,20478,8904,22,-0.0450000017881,0.070000000298,-0.0599999986589,0.0,1.74532997608,0.698131978512,
9135,20481,4960,22,-0.10000000149,0.0799999982119,-0.0500000007451,0.0,2.09438991547,0.0,
9136,20481,8904,22,-0.0799999982119,0.0399999991059,-0.0299999993294,0.0,0.0,0.523599028587,
9139,20498,8409,16,-0.300000011921,0.0,-0.15000000596,0.0,1.57079994678,0.0,
9140,20499,6120,17,1.0,0.0,0.0,0.0,0.0,0.0,
9141,20501,8388,17,2.0,0.0,-0.10000000149,0.0,0.0,0.0,
9142,20501,6295,17,2.0,0.0,-0.10000000149,0.0,-1.57079994678,0.0,
9143,20501,4415,17,2.0,0.0,-0.10000000149,3.14159011841,0.0,0.0,
9144,20500,3334,34,0.0,0.0,0.0,0.0,-1.57079994678,0.0,
9145,20500,3334,34,0.0,0.0,0.0,0.0,-1.57079994678,0.0,
9147,20304,9292,16,-0.20000000298,0.0,0.0,0.0,0.0,0.0,
9148,20504,7406,-1,0.0,0.0,0.0,0.0,0.0,0.0,
9162,20508,9293,19,0.0,0.0,-4.0,0.0,-1.48353004456,0.0,
9163,20508,9293,19,35.0,0.0,-4.0,3.14159011841,-1.48353004456,0.0,
9164,20508,9019,19,0.0,0.0,-6.0,0.0,0.0,0.0,
9165,20508,9019,19,35.0,0.0,-6.0,0.0,0.0,0.0,
9166,20511,9296,-1,0.0,0.0,-0.20000000298,0.0,0.0,0.0,
9169,20521,9300,16,-0.0500000007451,0.0,-0.019999999553,0.0,-1.04719996452,0.0,
9171,20524,8059,-1,0.0,0.0,0.0,0.0,0.0,0.0,
9172,20524,4241,19,0.0,0.0,0.0,0.0,0.0,0.0,
9177,20528,9304,-1,0.0,0.0,1.5,0.0,0.0,0.0,
9178,20529,9030,-1,0.0,0.0,0.0,0.0,0.0,0.0,
9179,20533,9239,19,0.0,0.0,0.0,1.57079994678,0.0,0.0,
9180,20533,9226,19,0.0,0.0,0.0,0.0,0.0,0.0,
9181,20534,4960,22,-0.019999999553,0.10000000149,-0.129999995232,0.0,0.0,0.0,
9182,20534,8904,22,-0.019999999553,0.0900000035763,-0.119999997318,0.0,0.0,0.785398006439,
9183,20535,11307,22,1.0,1.0,0.0,0.0,0.0,4.71238994598,
9184,20544,9409,40,0.0,0.0,0.0,0.0,-1.57079994678,0.0,
9185,20553,4960,22,-0.0799999982119,0.10000000149,-0.119999997318,0.0,0.0,0.0,
9186,20553,8904,22,-0.0599999986589,0.0900000035763,-0.10000000149,0.0,3.49065995216,0.0,
9187,20555,6491,19,0.0,0.0,0.0,0.0,0.0,0.0,
9188,20557,4960,1,-0.0500000007451,0.0500000007451,-0.10000000149,0.0,2.09438991547,0.0,
9189,20557,8904,1,-0.0500000007451,0.0649999976158,-0.10000000149,0.0,0.0,0.785398006439,
9190,20558,4960,22,-0.019999999553,0.0399999991059,-0.019999999553,0.0,2.09438991547,0.0,
9191,20558,8904,22,-0.019999999553,0.0399999991059,-0.019999999553,0.0,1.04719996452,0.349065989256,
9192,20559,4960,22,-0.0399999991059,0.10000000149,-0.0500000007451,0.0,2.09438991547,0.0,
9193,20559,8904,22,-0.0399999991059,0.10000000149,-0.0500000007451,0.0,1.57079994678,0.523599028587,
9194,20564,9311,19,0.0,0.0,0.10000000149,4.71238994598,-0.174532994628,0.0,
9195,20565,8642,-1,0.0,0.0,1.0,0.0,0.0,0.0,
9197,20565,8642,-1,0.0,0.0,6.0,0.0,0.0,0.0,
9198,20565,8977,-1,0.0,0.0,-3.0,0.0,0.0,0.0,
9199,20563,9314,-1,0.0,0.0,0.0,0.0,0.0,0.0,
9200,20574,9352,19,35.0,0.0,-1.0,0.0,0.0,0.0,
9204,20567,3847,19,0.0,0.0,0.0,0.0,0.0,0.0,
9206,20581,4749,17,0.0,0.0,0.0,0.0,0.0,0.0,
9207,20581,4901,17,0.0,1.79999995232,0.0,0.0,0.0,0.0,
9208,20579,9321,-1,0.0,0.0,0.0,0.0,0.0,0.0,
9209,20579,9323,-1,0.0,0.0,2.0,0.0,0.0,0.523599028587,
9211,20579,9324,-1,0.0,0.0,0.0,0.0,0.0,0.0,
9212,20579,9323,-1,0.0,0.0,0.0,0.0,0.0,0.0,
9215,20590,9327,-1,0.0,0.0,1.0,0.0,0.0,0.0,
9216,20591,9326,19,2.5,-3.5,0.0,0.0,0.0,0.0,
9217,20591,9326,19,2.5,3.5,0.0,0.0,0.0,0.0,
9218,20591,9326,19,4.5,0.0,0.0,0.0,0.0,0.0,
9221,20592,9333,19,0.0,0.0,7.5,0.0,0.0,0.0,
9222,20590,5765,-1,0.0,0.0,0.0,0.0,0.0,0.0,
9225,20593,4960,22,-0.0399999991059,0.070000000298,-0.0399999991059,0.0,2.09438991547,0.0,
9226,20593,8904,22,-0.0599999986589,0.0599999986589,-0.0399999991059,0.349065989256,2.61799001694,0.0,
9228,20590,9019,-1,0.0,0.0,-1.0,0.0,0.0,0.0,
9229,20590,9328,-1,0.0,0.0,2.0,0.0,0.0,0.0,
9233,20590,8053,-1,0.0,0.0,-130.0,0.0,0.0,0.0,
9234,20596,8325,-1,0.0,0.0,0.0,0.0,0.0,0.0,
9235,20597,9327,-1,0.0,0.0,2.0,0.0,0.0,0.0,
9237,20483,593,-1,0.0,0.0,1.0,0.0,0.0,0.0,
9238,20483,5240,-1,0.0,0.0,0.0,0.0,0.0,0.0,
9239,20579,9332,20,0.0,0.0,0.0,0.0,0.0,0.0,
9240,20579,9324,-1,0.0,0.0,1.0,0.0,0.0,0.0,
9241,20597,9261,-1,0.0,0.0,0.0,0.0,0.0,0.0,
9243,20600,5765,19,0.0,0.0,1.0,0.0,0.0,0.0,
9244,20602,9261,19,0.0,0.0,0.0,0.0,0.0,0.0,
9247,20602,5765,19,0.0,0.0,1.0,0.0,0.0,0.0,
9249,20602,5765,19,0.0,0.0,1.0,0.0,0.0,0.0,
9250,20602,9261,19,0.0,0.0,0.0,0.0,0.0,0.0,
9251,20607,5493,-1,0.0,0.0,0.0,0.0,-1.57079994678,0.0,
9254,20610,9344,19,5.0,0.0,-2.0,0.0,0.523599028587,0.0,
9255,20610,9344,19,5.0,0.0,-2.0,0.0,0.523599028587,3.14159011841,
9257,20610,9343,19,5.0,0.0,-2.0,0.0,0.61086499691,3.14159011841,
9258,20610,9343,19,5.0,0.0,-2.0,0.0,0.61086499691,0.0,
9261,20617,9508,20,-1.5,-5.0,2.0,1.57079994678,0.785398006439,1.57079994678,
9265,20617,9508,20,-1.5,-5.0,-6.0,1.57079994678,-0.785398006439,1.57079994678,
9266,20617,9508,20,-1.0,-5.0,-2.0,1.57079994678,0.0,1.57079994678,
9267,20617,9508,20,-4.0,0.0,2.0,0.0,1.57079994678,0.0,
9268,20617,9508,20,-1.0,0.0,-6.0,0.0,-1.57079994678,0.0,
9269,20617,9508,20,-5.0,5.0,-2.0,-1.57079994678,0.0,1.57079994678,
9270,20617,9508,20,-5.0,5.0,4.0,-1.57079994678,0.785398006439,1.57079994678,
9271,20617,9508,20,-5.0,5.0,-6.0,-1.57079994678,-0.785398006439,1.57079994678,
9274,20618,9352,20,2.0,0.0,1.5,0.0,-1.57079994678,0.0,
9282,20617,9352,20,2.0,0.0,1.5,0.0,-1.57079994678,0.0,
9283,20617,9352,20,2.0,0.0,1.5,0.0,-1.57079994678,0.0,
9284,20623,9355,19,0.0,0.0,-1.20000004768,0.0,0.0,0.0,
9285,20629,9365,19,0.0,0.0,0.0,0.0,0.0,0.0,
9286,20629,9365,19,0.0,0.0,0.0,0.0,0.0,0.0,
9287,20629,9365,19,0.0,0.0,0.0,0.0,0.0,0.0,
9291,20629,9363,19,0.0,0.0,0.0,0.0,0.0,0.0,
9292,20629,9363,19,0.0,0.0,0.0,0.0,0.0,0.0,
9293,20629,9363,19,0.0,0.0,0.0,0.0,0.0,0.0,
9294,20629,9364,34,0.0,0.0,0.0,0.0,0.0,0.0,
9295,20629,9364,34,0.0,0.0,0.0,0.0,0.0,0.0,
9296,20629,9364,34,0.0,0.0,0.0,0.0,0.0,0.0,
9299,20633,8460,17,0.0299999993294,0.0,-0.0299999993294,0.0,0.0,0.0,
9300,20634,74,20,0.0,-0.40000000596,1.70000004768,0.0,0.0,0.0,
9301,20636,1983,19,0.0,0.0,0.0,0.0,0.0,0.0,
9302,20436,9367,16,1.0,0.300000011921,0.0,0.0,0.0,0.785398006439,
9303,20436,9367,16,1.0,-0.300000011921,0.0,0.0,0.0,-0.785398006439,
9308,20502,3964,34,0.0,0.0,0.0,0.0,0.0,0.0,
9312,20639,287,21,0.0,0.0,0.0,0.0,0.0,0.0,
9314,20639,287,22,0.0,0.0,0.0,0.0,0.0,0.0,
9315,20640,3049,34,0.0,0.0,0.0,0.0,0.0,0.0,
9317,20642,593,19,0.0,0.0,0.0,0.0,0.0,0.0,
9318,20643,8832,-1,0.0,0.0,0.0,0.0,0.0,0.0,
9320,20644,5254,-1,0.0,0.0,0.0,0.0,0.0,0.0,
9321,20645,9372,-1,0.0,0.0,0.0,0.0,0.0,0.0,
9327,20645,9372,-1,0.0,0.0,0.0,0.0,0.0,0.0,
9328,20645,9371,-1,0.0,0.0,0.0,0.0,0.0,0.0,
9329,20645,7704,-1,0.0,0.0,0.0,0.0,0.0,0.0,
9330,20645,9371,-1,0.0,0.0,-1.0,0.0,0.0,0.0,
9331,20645,9371,-1,0.0,0.0,-1.0,0.0,0.0,0.0,
9332,20648,8901,16,0.0,0.0,0.0,0.0,0.0,0.0,
9333,20653,9377,34,0.0,0.0,2.70000004768,0.0,2.09438991547,0.0,
9334,20655,5195,-1,0.0,0.0,0.0,0.0,0.0,0.0,
9336,20662,9383,17,-0.10000000149,0.0,-0.070000000298,1.57079994678,0.0,0.0,
9337,20663,9303,34,-0.5,0.0,0.0,0.0,0.0,0.0,
9339,20664,9384,19,0.0,0.0,0.25,0.0,0.0,0.0,
9340,20664,9384,19,0.0,0.0,2.5,0.0,3.14159011841,0.0,
9341,20665,7953,20,0.0,0.0,0.0,0.0,0.0,0.0,
9342,20667,9145,20,-0.10000000149,0.0,-0.20000000298,0.0,0.0,0.0,
9343,20667,9145,22,0.0,0.0,0.0,0.0,0.0,0.0,
9344,20667,9145,21,0.0,0.0,0.0,0.0,0.0,0.0,
9348,20669,8107,-1,0.0,0.0,0.0,0.0,0.0,0.0,
9350,20669,9373,-1,0.0,0.0,0.0,0.0,0.0,0.0,
9351,20669,7954,-1,0.0,0.0,-0.20000000298,0.0,0.0,0.0,
9353,20679,9185,-1,0.0,0.0,0.0,0.0,0.0,0.0,
9356,20683,8265,-1,0.0,0.0,-2.0,0.0,0.0,0.0,
9358,20683,8639,-1,0.0,0.0,2.5,0.0,0.0,0.0,
9360,20683,9098,-1,0.0,0.0,0.300000011921,0.0,0.0,0.0,
9361,20683,7315,-1,0.0,0.0,-2.0,0.0,0.0,0.0,
9362,20685,5272,19,0.0,0.0,0.0,0.0,0.0,0.0,
9366,20686,8960,17,0.0,0.0,0.0,0.0,0.0,0.0,
9367,20686,9103,17,-2.0,0.0,1.5,0.0,0.0,0.0,
9370,20686,9399,21,0.0,0.0,0.0,0.0,0.0,0.0,
9371,20686,9399,22,0.0,0.0,0.0,0.0,0.0,0.0,
9376,20686,4094,15,1.08000004292,0.15000000596,0.680000007153,0.0,0.0,0.0,
9377,20686,4094,15,0.949999988079,-0.379999995232,0.680000007153,0.0,0.0,0.0,
9378,20686,4094,15,0.949999988079,-0.379999995232,0.680000007153,0.0,0.0,0.0,
9379,20686,4094,15,0.949999988079,-0.379999995232,0.680000007153,0.0,0.0,0.0,
9380,20686,4094,15,1.08000004292,0.15000000596,0.680000007153,0.0,0.0,0.0,
9381,20686,4094,15,1.08000004292,0.15000000596,0.680000007153,0.0,0.0,0.0,
9382,20687,8982,21,0.0,0.0,0.0,0.0,0.0,0.0,
9383,20687,8982,22,0.0,0.0,0.0,0.0,0.0,0.0,
9384,20668,9351,19,0.0,0.0,-0.5,0.0,0.0,0.0,
9385,20686,8982,17,-2.0,0.0,1.5,0.0,0.0,0.0,
9386,20693,9171,17,-0.180000007153,0.10000000149,0.360000014305,0.0,0.0,0.0,
9387,20693,9338,21,0.0,0.0,0.0,0.0,0.0,0.0,
9388,20693,9338,22,0.0,0.0,0.0,0.0,0.0,0.0,
9389,20693,9171,17,-0.180000007153,-0.10000000149,0.360000014305,0.0,0.0,0.0,
9390,20693,9143,17,-0.800000011921,0.0,0.600000023842,0.0,0.0,0.0,
9391,20693,9338,22,0.0,0.0,0.0,0.0,0.0,0.0,
9392,20693,9338,21,0.0,0.0,0.0,0.0,0.0,0.0,
9394,20693,9171,17,-0.180000007153,0.10000000149,0.360000014305,0.0,0.0,0.0,
9395,20693,9171,17,-0.180000007153,-0.10000000149,0.360000014305,0.0,0.0,0.0,
9396,20693,9171,17,-0.180000007153,-0.10000000149,0.360000014305,0.0,0.0,0.0,
9397,20693,9171,17,-0.180000007153,0.10000000149,0.360000014305,0.0,0.0,0.0,
9398,20698,9395,19,0.0,0.0,-1.0,0.0,0.0,0.0,
9399,20339,9404,19,0.0,0.0,0.0,0.0,0.0,0.0,
9400,20339,9406,-1,0.0,0.0,-0.40000000596,0.0,0.0,0.0,
9401,20709,5655,34,0.0,0.0,-0.25,0.0,0.0,0.0,
9402,20708,9315,-1,0.0,0.0,0.0,0.0,0.0,0.0,
9403,20708,9315,-1,0.0,0.0,0.0,0.0,0.0,0.0,
9404,20708,5255,-1,0.0,0.0,0.0,0.0,0.0,0.0,
9405,20708,9352,-1,0.0,0.0,0.0,0.0,0.0,0.0,
9406,20708,9352,-1,0.0,0.0,0.0,0.0,0.0,0.0,
9407,20709,9223,19,0.0,0.0,0.0,0.0,0.0,0.0,
9408,20152,6590,19,0.0,0.0,0.0,0.0,0.0,0.0,
9409,20711,6864,22,0.0,0.0,0.0,0.0,1.57079994678,0.0,
9410,20712,7607,17,0.0,0.0,0.0,0.0,0.0,0.0,
9412,20715,9414,15,0.10000000149,0.0,0.10000000149,0.0,0.0,0.0,
9414,20719,4465,17,0.0,0.10000000149,-0.10000000149,0.0,0.0,-0.383971989155,
9415,20720,9418,17,-0.10000000149,0.0,0.10000000149,-1.57079994678,0.0,0.0,
9416,20721,9419,17,-0.10000000149,0.0,0.119999997318,0.0,0.0,0.0,
9417,20725,9315,-1,0.0,0.0,0.0,0.0,0.0,0.0,
9418,20725,9315,-1,0.0,0.0,0.0,0.0,0.0,0.0,
9419,20725,5255,-1,0.0,0.0,0.0,0.0,0.0,0.0,
9420,20725,9352,-1,0.0,0.0,0.0,0.0,0.0,0.0,
9421,20725,9352,-1,0.0,0.0,0.0,0.0,0.0,0.0,
9426,20724,7607,-1,0.0,0.0,4.0,0.0,-0.785398006439,0.0,
9427,20724,7607,-1,0.0,0.0,4.0,1.57079994678,-0.785398006439,0.0,
9428,20724,7607,-1,0.0,0.0,4.0,0.785398006439,-0.785398006439,0.0,
9430,20724,7607,-1,0.0,0.0,4.0,2.3561899662,-0.785398006439,0.0,
9431,20724,7607,-1,0.0,0.0,4.0,3.14159011841,-0.785398006439,0.0,
9432,20724,7607,-1,0.0,0.0,4.0,-0.785398006439,-0.785398006439,0.0,
9433,20724,7607,-1,0.0,0.0,4.0,-1.57079994678,-0.785398006439,0.0,
9434,20724,7607,-1,0.0,0.0,4.0,-2.3561899662,-0.785398006439,0.0,
9435,20726,9420,-1,0.0,0.0,-0.10000000149,0.0,0.0,0.0,
9436,20735,6479,19,0.0,0.0,0.0,0.0,0.0,0.0,
9437,20735,6138,19,0.0,0.0,20.0,0.0,0.0,0.0,
9440,20735,9422,19,0.0,0.0,0.0,0.0,0.0,0.0,
9441,20734,9424,19,0.0,0.0,5.0,0.0,0.0,0.0,
9442,20734,9424,19,0.0,0.0,5.0,0.785398006439,0.0,0.0,
9443,20734,9424,19,0.0,0.0,6.0,1.57079994678,0.0,0.0,
9444,20735,6138,19,0.0,0.0,20.0,1.57079994678,0.0,0.0,
9446,20733,9426,19,0.0,0.0,0.0,0.0,0.0,0.0,
9447,20733,9430,19,0.0,0.0,0.25,0.0,0.0,0.0,
9448,20733,9431,19,0.0,0.0,0.25,0.0,0.0,0.0,
9449,20588,9071,19,0.0,0.0,0.0,0.0,0.0,0.0,
9450,20588,9245,34,0.0,0.0,0.0,0.0,0.0,0.0,
9451,20741,9433,20,0.0,0.0,-1.0,0.0,0.0,0.0,
9452,20380,9438,19,0.0,0.0,0.0,0.0,0.0,0.0,
9453,20189,9039,19,0.0,0.0,0.0,0.0,0.0,0.0,
9454,20732,6757,19,0.0,0.0,-2.0,0.0,0.0,0.0,
9455,20732,5416,19,0.0,0.0,0.0,0.0,0.0,0.0,
9456,20745,3861,20,0.0,0.0,0.10000000149,0.0,1.57079994678,0.0,
9457,20746,9442,20,0.0,0.0,0.10000000149,0.0,1.57079994678,1.57079994678,
9458,20747,9443,20,0.0,0.0,0.10000000149,0.0,1.57079994678,0.0,
9459,20502,3966,34,0.0,0.0,0.0,0.0,0.0,0.0,
9461,20370,8172,19,20.0,0.0,1.0,0.0,0.0,0.0,
9462,20778,5518,-1,0.0,0.0,2.0,0.0,0.0,0.0,
9463,20778,9448,34,0.300000011921,0.0,0.0,0.0,0.0,0.0,
9465,20785,9302,-1,0.0,0.0,0.25,0.0,0.0,0.0,
9466,20785,7555,-1,0.0,0.0,0.0,0.0,0.0,0.0,
9467,20787,9451,-1,0.0,0.0,0.25,0.0,0.0,0.0,
9468,20787,9452,-1,0.0,0.0,0.25,0.0,0.0,0.0,
9474,20789,9456,16,0.0,0.0,0.0,0.0,0.261799007654,0.0,
9477,20790,9457,21,0.0,0.0,0.0,0.0,0.0,0.0,
9478,20790,9457,22,0.0,0.0,0.0,0.0,0.0,0.0,
9479,20789,9464,19,0.0,0.0,-24.0,0.0,0.0,0.0,
9480,20781,4829,34,0.0,-0.699999988079,0.0,0.0,0.0,0.0,
9482,20796,4797,19,0.0,-1.0,10.0,0.0,0.0,0.0,
9484,20799,5493,19,0.0,0.0,2.0,3.14159011841,0.0,0.0,
9485,20786,9478,19,0.0,0.0,-10.0,0.0,0.0,0.0,
9486,20632,9472,19,-0.20000000298,0.600000023842,1.10000002384,0.0,0.0,0.0,
9489,20786,9480,19,0.0,0.0,0.20000000298,0.0,0.0,0.0,
9490,20632,9472,19,0.10000000149,-0.5,1.04999995232,0.0,0.0,0.0,
9491,20632,9472,19,0.5,0.730000019073,1.04999995232,0.0,0.0,0.0,
9492,20632,9472,19,0.10000000149,-0.449999988079,2.04999995232,0.0,0.0,0.0,
9493,20632,9472,19,0.550000011921,0.75,1.04999995232,0.0,0.0,0.0,
9494,20632,9472,19,-0.0500000007451,-0.649999976158,1.60000002384,0.0,0.0,0.0,
9498,20786,9424,19,0.0,0.0,10.0,0.0,0.0,0.0,
9499,20786,9424,19,0.0,0.0,8.0,0.0,0.0,0.0,
9500,20801,4148,19,0.0,0.0,0.0,0.0,0.0,0.0,
9515,20351,9606,19,0.0,0.0,0.0,0.0,0.0,0.0,
9516,20351,9606,19,0.0,0.0,0.0,0.0,0.0,0.0,
9517,20351,9606,19,0.0,0.0,0.0,0.0,0.0,0.0,
9518,20783,8614,19,0.0,0.0,1.0,0.0,0.0,0.0,
9519,20816,7713,-1,0.0,0.0,0.0,0.0,0.0,0.0,
9520,20816,9463,19,0.0,0.0,0.0,0.0,0.0,0.0,
9522,20821,9022,19,0.0,0.0,0.0,0.0,0.0,0.0,
9523,20824,5061,19,0.0,0.0,1.5,0.0,0.0,0.0,
9524,20824,7956,19,0.0,0.0,0.0,0.0,0.0,0.0,
9526,20825,6711,-1,0.0,0.0,0.0,0.0,0.0,0.0,
9527,20825,9426,19,0.0,0.0,0.0,0.0,0.0,0.0,
9528,20827,9498,19,0.0,0.0,0.5,0.0,0.0,0.0,
9529,20355,8637,34,0.5,0.0,0.34999999404,0.0,0.0,0.0,
9530,20788,8637,34,0.5,0.0,0.34999999404,0.0,0.0,0.0,
9531,20775,8638,34,0.5,0.0,0.34999999404,0.0,0.0,0.0,
9532,20828,8489,19,0.0,0.0,0.25,0.0,0.0,0.0,
9533,20828,9500,19,0.0,3.0,-3.0,0.0,0.0,0.0,
9535,20788,6599,34,0.5,0.0,0.34999999404,0.0,0.0,0.0,
9536,20775,288,34,0.5,0.0,0.34999999404,0.0,0.0,0.0,
9537,20829,6779,19,0.0,0.0,1.0,0.0,0.0,0.0,
9538,20829,9505,19,-1.0,-1.0,-6.0,0.785398006439,0.0,0.0,
9539,20829,9505,19,1.0,1.0,-6.0,3.14159011841,0.0,0.0,
9541,20830,4303,34,0.0,0.0,-1.35000002384,0.0,0.0,0.0,
9543,20829,9507,19,0.0,0.0,-0.5,0.0,0.0,0.0,
9544,20827,4312,19,0.0,0.0,0.0,0.0,0.0,0.0,
9546,20831,9504,19,0.0,0.0,2.0,0.0,0.0,0.0,
9547,20832,9992,47,0.0,0.0,0.0,0.0,0.0,0.0,
9548,20832,9992,48,0.0,0.0,0.0,0.0,0.0,0.0,
9549,20837,8679,-1,0.0,0.0,2.0,0.0,0.0,0.0,
9551,20839,7835,19,0.0,0.0,0.0,0.0,0.0,0.0,
9552,20840,4892,47,0.0,0.0,0.0,0.0,0.0,0.0,
9553,20839,9239,19,0.0,0.0,0.0,0.0,0.0,0.0,
9555,20853,8990,19,0.0,0.0,0.0,0.0,0.0,0.0,
9556,20853,3175,19,0.0,0.0,-0.75,0.0,0.0,0.0,
9557,20854,8988,19,0.0,0.0,0.0,0.0,0.0,0.0,
9558,20854,3175,19,0.0,0.0,-0.699999988079,0.0,0.0,0.0,
9559,20855,8891,-1,0.0,0.0,0.0,0.0,0.0,0.0,
9563,20857,8059,-1,0.0,0.0,0.0,0.0,0.0,0.0,
9564,20858,9519,-1,0.0,0.0,0.300000011921,0.0,0.0,0.0,
9565,20863,8982,15,0.0,0.0,0.0,0.0,0.0,0.0,
9566,20863,9122,21,0.0,0.0,0.0,0.0,0.0,0.0,
9567,20863,9122,22,0.0,0.0,0.0,0.0,0.0,0.0,
9569,20867,9523,19,0.0,0.0,0.0,0.0,0.0,0.0,
9570,20869,6757,19,0.0,0.0,-3.0,0.0,0.0,0.0,
9572,20872,9524,34,0.0,0.0,2.0,0.0,0.0,0.0,
9574,20872,9526,34,0.0,0.0,1.5,0.0,0.0,0.0,
9575,20872,9525,19,0.0,0.0,-20.0,0.0,0.0,0.0,
9576,20858,2402,-1,0.0,0.0,0.0,0.0,0.0,0.0,
9577,20858,9529,-1,0.0,0.0,0.0,0.0,0.0,0.0,
9578,20858,6950,-1,0.0,0.0,0.0,0.0,0.0,0.0,
9579,20551,9530,19,0.0,0.0,0.0,0.0,0.0,0.0,
9580,20871,9532,34,0.0,0.0,0.0,0.0,0.0,0.0,
9581,20876,7810,19,0.0,0.0,-3.5,0.0,0.0,0.0,
9582,20888,8506,19,0.0,0.0,0.0,0.0,0.0,0.0,
9583,20888,8506,19,0.0,0.0,0.0,0.0,0.0,0.0,
9584,20888,8506,19,0.0,0.0,0.0,0.0,0.0,0.0,
9587,20888,9379,19,0.0,0.0,0.0,0.0,0.0,0.0,
9590,20888,8603,34,0.0,0.0,0.0,0.0,0.0,0.0,
9591,20888,8603,34,0.0,0.0,0.0,0.0,0.0,0.0,
9592,20888,8603,34,0.0,0.0,0.0,0.0,0.0,0.0,
9593,20891,9021,19,0.0,0.0,0.0,0.0,0.0,0.0,
9594,20891,7904,19,0.0,0.0,0.0,0.0,0.0,0.0,
9595,20895,5690,22,0.0,0.0,0.0,1.04719996452,1.57079994678,0.0,
9597,20896,9542,-1,0.0,0.0,0.0,0.0,0.0,0.0,
9598,20896,9543,-1,0.0,0.0,0.0,0.0,0.0,0.0,
9599,20897,337,34,0.0,0.0,0.5,0.0,0.0,0.0,
9600,20896,6368,19,0.0,0.0,0.0,0.0,0.0,0.0,
9601,20898,9517,-1,0.0,0.0,0.0,0.0,0.0,0.0,
9602,20898,3782,-1,0.0,0.0,0.0,0.0,0.0,0.0,
9603,6959,3236,20,0.0,0.0,1.0,0.0,0.0,0.0,
9605,20899,9609,19,0.0,0.0,0.0,0.0,0.0,0.0,
9607,20683,9549,-1,0.0,0.0,2.0,0.0,-1.57079994678,0.0,
9608,20724,9549,-1,0.0,0.0,2.0,0.0,-1.57079994678,0.0,
9609,20724,8265,-1,0.0,0.0,-0.10000000149,0.0,0.0,0.0,
9610,20703,9554,19,0.0,0.0,0.0,0.0,0.0,0.0,
9612,20917,9566,0,0.0,0.699999988079,-0.300000011921,3.14159011841,0.0,0.0,
9616,20917,9566,0,0.0,-0.699999988079,-0.300000011921,0.0,0.0,0.0,
9617,20918,4302,17,0.40000000596,0.0,0.0,0.0,0.0,0.0,
9619,20920,9555,17,0.300000011921,0.0,0.300000011921,0.0,0.61086499691,0.0,
9623,20924,9557,19,0.0,0.0,0.0,0.0,0.0,0.0,
9624,20925,9556,19,0.0,0.0,0.0,0.0,0.0,0.0,
9625,20925,3803,-1,0.0,0.0,0.0,0.0,0.0,0.0,
9626,20926,1016,19,0.0,0.0,0.0,0.0,0.0,0.0,
9628,20936,9564,34,0.0,0.0,0.0,0.0,0.0,0.0,
9629,20936,9564,34,0.0,0.0,0.0,0.0,0.0,0.0,
9631,20936,9379,34,0.0,0.0,0.0,0.0,0.0,0.0,
9632,20935,5859,34,0.0,0.0,0.0,0.0,1.57079994678,0.0,
9633,20935,5859,34,0.0,0.0,0.0,0.0,-1.57079994678,0.0,
9634,20935,5859,34,0.0,0.0,0.0,1.57079994678,0.0,0.0,
9635,20935,5859,34,0.0,0.0,0.0,-1.57079994678,0.0,0.0,
9636,20935,5859,34,0.0,0.0,0.0,-1.57079994678,-0.785398006439,0.0,
9637,20935,5859,34,0.0,0.0,0.0,-1.57079994678,0.785398006439,0.0,
9638,20935,5859,34,0.0,0.0,0.0,1.57079994678,0.785398006439,0.0,
9639,20935,5859,34,0.0,0.0,0.0,1.57079994678,-0.785398006439,0.0,
9640,20937,9558,19,0.0,0.0,-0.5,0.0,0.0,0.0,
9641,20940,4892,34,0.0,0.0,-2.5,0.0,0.0,0.0,
9642,20941,8860,22,0.0,0.0,0.0,0.0,0.0,0.0,
9643,20913,9561,19,0.0,0.0,0.0,3.14159011841,0.0,0.0,
9644,20938,9562,19,0.0,0.0,0.0,3.14159011841,0.0,0.0,
9645,20955,5655,34,0.0,0.0,-0.300000011921,0.0,0.0,0.0,
9646,20955,8935,19,0.0,0.0,0.0,0.0,0.0,0.0,
9647,20957,9145,34,0.0,0.0,0.0,0.0,0.0,0.0,
9649,20962,5254,34,0.5,0.0,-0.10000000149,0.0,0.0,0.0,
9651,20965,5686,-1,0.0,0.0,0.0,0.0,0.0,0.0,
9652,20965,7449,-1,0.0,0.0,0.0,0.0,0.0,0.0,
9653,20965,714,-1,0.0,0.0,0.0,0.0,0.0,0.0,
9655,20979,4382,19,0.0,0.0,0.25,0.0,0.0,0.0,
9677,20985,9588,-1,0.0,0.0,0.0,0.0,0.0,0.0,
9678,20985,9588,-1,0.0,0.0,0.0,0.0,0.0,0.0,
9682,19894,5428,-1,0.0,0.0,0.0,0.0,0.0,0.0,
9683,20994,9590,19,-20.0,0.0,0.0,0.0,0.0,0.0,
9685,21001,8012,19,0.0,0.0,0.0,0.0,0.0,0.0,
9686,21001,8173,19,0.0,0.0,0.0,0.0,0.0,0.0,
9687,21001,6864,19,0.0,0.0,-1.0,0.0,0.0,0.0,
9688,21001,8177,17,-0.019999999553,0.0399999991059,0.0799999982119,0.0,0.0,0.0,
9689,21001,8177,17,-0.019999999553,-0.0399999991059,0.0799999982119,0.0,0.0,0.0,
9690,21002,6080,34,0.0,0.0,0.0,0.0,0.0,0.0,
9692,21007,9582,34,0.0,0.0,0.0,0.0,0.0,0.0,
9694,21007,9582,34,0.0,0.0,0.0,0.0,0.0,0.0,
9698,21007,9598,34,0.0,0.0,0.0,0.0,3.14159011841,0.0,
9699,21012,9427,20,0.0,0.0,0.5,0.0,0.0,0.0,
9700,21014,9607,34,0.0,0.0,-5.0,0.0,0.0,0.0,
9701,21018,1624,19,2.0,0.0,0.0,0.0,0.0,0.0,
9702,21018,1624,19,-2.0,0.0,0.0,0.0,0.0,0.0,
9703,21018,1624,19,0.0,2.0,0.0,0.0,0.0,0.0,
9704,21018,1624,19,0.0,-2.0,0.0,0.0,0.0,0.0,
9705,21018,1624,19,1.39999997616,1.39999997616,0.0,0.0,0.0,0.0,
9706,21018,1624,19,1.39999997616,-1.39999997616,0.0,0.0,0.0,0.0,
9707,21018,1624,19,-1.39999997616,-1.39999997616,0.0,0.0,0.0,0.0,
9708,21018,1624,19,-1.39999997616,1.39999997616,0.0,0.0,0.0,0.0,
9711,21015,3781,34,0.0,0.0,0.0,0.0,0.0,0.0,
9712,21015,8717,34,0.0,0.0,0.0,0.0,0.0,0.0,
9714,21030,8490,34,0.0,0.0,-1.5,0.0,0.0,0.0,
9715,21030,9082,19,0.0,0.0,-0.25,0.0,0.0,0.0,
9716,21032,8490,34,0.0,0.0,0.0,0.0,0.0,0.0,
9717,19561,8759,19,0.0,0.0,0.20000000298,0.0,0.0,0.0,
9718,21037,3831,19,0.0,0.0,-0.10000000149,0.0,0.0,0.0,
9719,21040,9614,17,0.00999999977648,0.0,0.10000000149,0.0,1.57079994678,0.0,
9725,20617,9615,19,0.0,0.0,-32.0,0.0,3.14159011841,0.0,
9727,20617,9615,19,0.0,0.0,-31.0,0.0,3.14159011841,0.0,
9728,20617,9615,19,0.0,0.0,-33.0,0.0,3.14159011841,0.0,
9730,21050,8350,34,-0.25,0.0,0.0,0.0,0.0,0.0,
9733,21062,3835,19,0.0,0.0,0.800000011921,0.0,0.0,0.0,
9734,20807,9626,19,0.0,0.0,0.0,0.0,0.0,0.0,
9735,21068,4144,-1,0.0,0.0,0.0,0.0,0.0,0.0,
9736,21069,7180,19,0.0,0.0,0.0,0.0,0.0,0.0,
9740,21075,4846,34,0.0,0.0,0.0,0.0,0.0,0.0,
9743,21025,4503,19,0.0,0.0,0.0,0.0,0.0,0.0,
9744,21079,6448,19,0.0,-0.25,0.0,0.0,0.0,0.0,
9745,21081,8521,19,0.0,0.0,-1.0,0.0,0.0,0.0,
9746,21085,4268,-1,1.0,0.0,0.0,0.0,0.0,0.0,
9747,21085,5342,-1,1.0,0.0,0.0,0.0,0.0,0.0,
9748,21090,7573,-1,1.0,0.0,0.0,0.0,0.0,0.0,
9749,21090,8723,-1,1.0,0.0,1.0,0.0,0.0,0.0,
9750,21090,460,-1,2.0,0.0,0.0,3.14159011841,0.174532994628,0.0,
9751,21093,5980,28,-0.40000000596,0.0,0.0,1.57079994678,0.0,-1.48353004456,
9755,21112,9632,22,-0.10000000149,0.0,-0.20000000298,0.0,0.0,0.0,
9757,21119,9637,-1,0.0,0.0,0.0,0.0,0.0,0.0,
9758,21119,105,-1,0.0,0.0,0.0,3.31612992287,0.0,0.0,
9761,20320,5856,19,1.25,1.5,0.0,-0.872664988041,0.0,0.0,
9762,20320,5856,19,1.25,0.699999988079,0.0,-0.872664988041,0.0,0.0,
9772,17997,9646,17,-0.119999997318,-0.10000000149,0.219999998808,0.0,3.14159011841,0.0,
9773,17997,9646,17,-0.119999997318,-0.10000000149,0.219999998808,0.0,3.14159011841,0.0,
9774,17997,9646,17,-0.119999997318,-0.10000000149,0.219999998808,0.0,3.14159011841,0.0,
9776,17997,3858,17,-0.119999997318,0.129999995232,0.219999998808,0.0,3.14159011841,0.0,
9778,17997,3858,17,-0.119999997318,0.129999995232,0.219999998808,0.0,3.14159011841,0.0,
9779,17997,3858,17,-0.119999997318,0.129999995232,0.219999998808,0.0,3.14159011841,0.0,
9780,21122,9647,28,0.0,0.0,-0.0599999986589,0.0,0.0,0.0,
9781,21123,10406,28,0.0,0.10000000149,0.300000011921,0.0,0.349065989256,0.523599028587,
9782,21124,10407,1,0.0,0.0,0.0,0.0,0.0,0.0,
9783,21125,10406,28,0.0,-0.20000000298,0.15000000596,0.0,-0.174532994628,-0.349065989256,
9784,21126,10406,28,0.15000000596,0.0,0.699999988079,0.0,0.523599028587,0.0,
9786,20818,9652,16,0.0,0.0,0.0,0.0,0.0,0.0,
9788,21127,9188,-1,7.0,0.0,0.0,0.0,0.0,0.0,
9789,21127,9191,-1,7.0,0.0,0.0,0.0,0.0,0.0,
9790,21129,4955,19,0.0,0.0,0.0,0.0,0.0,0.0,
9791,21129,2683,19,0.0,0.0,0.0,0.0,0.0,0.0,
9792,21129,7635,19,0.0,0.0,0.0,0.0,0.0,0.0,
9793,21130,8730,19,0.0,0.0,0.0,0.0,0.0,0.0,
9794,21130,9261,19,0.0,0.0,0.0,0.0,0.0,0.0,
9795,21131,3837,16,-0.300000011921,-0.20000000298,-0.34999999404,0.0,0.0,0.523599028587,
9796,21079,9657,19,-1.75,0.0,3.5,0.0,2.61799001694,0.0,
9797,21139,7343,19,0.0,0.0,0.0,0.0,0.0,0.0,
9798,21139,7635,19,0.0,0.0,0.0,0.0,0.0,0.0,
9799,21139,4976,19,0.0,0.0,0.0,0.0,0.0,0.0,
9801,21140,9656,22,0.0,0.0,0.0,0.0,0.785398006439,0.0,
9807,19861,6929,19,0.0,0.0,0.0,0.0,0.0,0.0,
9809,21147,9265,20,0.0,0.0,0.0,0.0,0.0,0.0,
9810,20718,3902,-1,11.8000001907,3.0,0.0,0.0,0.0,0.0,
9811,20927,10047,34,0.0,0.0,0.0,0.0,0.0,0.0,
9816,14087,6323,19,0.0,0.0,5.0,0.0,0.0,0.0,
9818,20429,3436,19,0.0,0.0,0.0,0.0,0.0,0.0,
9819,14085,6323,19,0.0,0.0,-1.0,0.0,0.0,0.0,
9820,14085,6323,19,0.0,0.0,-4.0,0.0,0.0,0.0,
9821,14085,6323,19,0.0,0.0,-7.0,0.0,0.0,0.0,
9824,20430,9246,19,0.0,0.0,0.0,0.0,0.0,0.0,
9825,20320,9669,19,0.75,1.0,0.25,0.523599028587,0.0,0.0,
9826,21161,3095,19,1.0,0.0,2.5,0.0,0.0,2.96706008911,
9827,21162,476,20,0.0,0.0,0.0,0.0,0.0,0.0,
9828,21162,3168,19,0.0,0.0,0.0,0.0,0.0,0.0,
9830,21165,97,34,0.0,0.0,0.0,0.0,0.0,0.0,
9831,20997,8516,17,-1.0,0.0,1.0,0.0,0.0,0.0,
9832,21168,8910,19,0.0,0.0,0.0,0.0,0.0,0.0,
9833,21168,10386,19,0.0,0.0,0.0,0.0,0.0,0.0,
9839,21179,4422,19,0.0,0.0,0.5,0.0,0.0,0.0,
9841,21173,9691,19,0.0,0.0,0.0,0.0,1.57079994678,0.0,
9842,21182,10407,1,0.0,0.0,0.0,0.0,0.0,0.0,
9844,20888,9379,19,0.0,0.0,0.0,0.0,0.0,0.0,
9845,20888,9379,19,0.0,0.0,0.0,0.0,0.0,0.0,
9846,20621,9615,19,0.0,0.0,-31.0,0.0,3.14159011841,0.0,
9847,20621,9615,19,0.0,0.0,-32.0,0.0,3.14159011841,0.0,
9848,20621,9615,19,0.0,0.0,-33.0,0.0,3.14159011841,0.0,
9849,21187,7257,19,0.699999988079,-0.600000023842,0.0,0.0,0.0,0.0,
9850,21187,5041,19,0.699999988079,-0.600000023842,0.0,0.0,0.0,0.0,
9851,21187,8012,19,0.699999988079,-0.600000023842,0.0,0.0,0.0,0.0,
9852,21188,5198,19,0.0,0.0,0.0,0.0,0.0,0.0,
9853,21188,9702,19,0.0,0.0,0.0,0.0,0.0,0.0,
9854,21190,9718,19,0.0,0.0,0.0,0.0,0.0,0.0,
9856,21190,8639,19,0.0,0.0,0.0,0.0,0.0,0.0,
9868,21198,7278,19,-0.300000011921,0.0,-0.20000000298,0.0,0.0,0.0,
9869,21196,5842,17,0.0,0.0,0.0,0.523599028587,-0.523599028587,0.0,
9870,21196,5842,17,0.0,0.0,0.0,-0.523599028587,-0.523599028587,0.0,
9871,21196,5842,17,0.0,0.0,0.0,0.0,-0.523599028587,0.0,
9872,21203,3354,20,0.0,1.0,0.0,0.0,0.0,0.0,
9873,21203,3354,20,0.0,-1.0,0.0,0.0,0.0,0.0,
9874,21203,6531,20,0.0,0.0,0.0,0.0,0.0,0.0,
9878,21215,4301,34,0.0,0.0,-1.29999995232,0.0,0.0,0.0,
9882,21221,9742,19,2.79999995232,0.0,1.0,0.0,-1.57079994678,0.0,
9883,21223,3315,19,0.0,0.0,0.0,0.0,0.0,0.0,
9884,21223,719,19,0.0,0.0,0.0,0.0,0.0,0.0,
9885,21224,9572,-1,0.5,0.0,1.25,0.0,0.0,0.0,
9886,21224,288,17,0.300000011921,0.0,0.25,0.0,0.0,0.0,
9887,21226,9744,19,0.0,0.0,0.0,0.0,0.0,0.0,
9888,21232,2222,19,0.0,0.0,0.0,0.0,0.0,0.0,
9889,21234,3318,19,0.0,0.0,0.0,0.0,0.0,0.0,
9890,21236,5513,19,0.0,0.0,-0.5,0.0,0.0,0.0,
9891,21243,4276,19,0.0,0.0,0.0,0.0,-1.57079994678,0.0,
9893,21247,5254,-1,0.0,0.0,0.0,0.0,0.0,0.0,
9894,21247,3356,-1,0.0,0.0,0.0,0.0,0.0,0.0,
9895,21248,7421,19,0.0,0.0,0.0,0.0,0.0,0.0,
9896,21248,8569,19,2.0,0.0,0.0,0.0,0.0,0.0,
9897,21248,8569,19,-2.0,0.0,0.0,0.0,0.0,0.0,
9898,21248,8569,19,0.0,-2.0,0.0,0.0,0.0,0.0,
9899,16970,8569,19,0.0,0.0,0.0,0.0,0.0,0.0,
9900,16970,9754,19,0.0,0.0,0.0,0.0,0.0,0.0,
9902,21249,9756,19,0.0,0.0,-1.5,0.0,0.0,0.0,
9903,21250,3318,19,0.0,0.0,0.0,0.0,0.0,0.0,
9906,21253,9760,19,0.0,0.5,2.0,0.785398006439,0.0,0.0,
9907,21253,9760,19,0.0,-0.899999976158,2.0,2.3561899662,0.0,0.0,
9910,21260,8913,17,0.0,0.0,0.0,0.0,0.0,0.0,
9911,21260,6856,17,0.0,0.0,0.0,0.0,1.57079994678,0.0,
9914,21033,9767,15,0.300000011921,0.0,-0.40000000596,1.57079994678,0.0,0.0,
9916,21270,9774,21,0.0799999982119,-0.0500000007451,0.0,0.0,0.0,2.3561899662,
9917,21272,9778,-1,0.0,0.0,3.0,0.0,0.0,0.0,
9918,21273,9777,19,1.0,0.0,0.10000000149,0.0,0.0,0.0,
9922,21277,9781,15,0.5,0.0,-0.25,1.57079994678,0.0,0.0,
9923,21278,9782,15,0.5,0.0,-0.25,1.57079994678,0.0,0.0,
9924,21278,9784,15,0.300000011921,-0.15000000596,-0.0799999982119,1.57079994678,1.30900001526,0.0,
9925,21278,9783,15,0.509999990463,0.0,-0.15000000596,1.74532997608,0.0,0.0,
9926,21278,9789,15,0.52999997139,-0.180000007153,-0.0900000035763,3.49065995216,0.0,0.0,
9927,21278,9786,15,0.600000023842,0.0,-0.0799999982119,0.0,0.349065989256,0.0,
9928,21278,9788,15,0.449999988079,0.180000007153,-0.10000000149,-1.57079994678,-0.349065989256,0.0,
9929,21278,9787,15,0.600000023842,0.180000007153,-0.10000000149,1.57079994678,2.09438991547,0.0,
9930,21278,9790,15,0.699999988079,-0.15000000596,-0.109999999404,0.0,-0.523599028587,0.0,
9931,21279,734,-1,0.0,0.0,0.0,0.0,0.0,0.0,
9932,21279,8985,-1,0.0,0.0,0.0,0.0,-1.57079994678,0.0,
9933,21279,10531,-1,0.0,0.0,0.0,0.0,0.0,0.0,
9935,21287,9797,19,0.0,0.0,0.0,0.0,0.0,0.0,
9936,21289,6643,34,0.0,0.0,0.0,0.0,0.0,0.0,
9938,21294,288,17,0.0,0.0,0.5,0.0,0.0,0.0,
9939,21303,9955,-1,0.0,0.0,0.0,0.0,0.0,0.0,
9941,21306,5254,19,0.0,0.0,0.0,0.0,0.0,0.0,
9942,21306,5254,19,0.5,0.0,0.0,0.0,0.0,0.0,
9944,21311,10432,17,0.0,0.0,0.0,0.0,0.523599028587,0.0,
9945,21311,10432,17,0.0,0.0,0.0,-0.872664988041,0.523599028587,0.0,
9946,21311,10432,17,0.0,0.0,0.0,0.872664988041,0.523599028587,0.0,
9947,21311,10432,17,0.0,0.0,0.0,-1.48353004456,0.523599028587,0.0,
9948,21311,10432,17,0.0,0.0,0.0,1.48353004456,0.523599028587,0.0,
9949,21312,3891,23,0.0,0.0,0.0,0.0,0.0,0.0,
9950,21313,2402,-1,0.0,0.0,0.0,0.0,0.0,0.0,
9951,21313,9529,-1,0.0,0.0,0.0,0.0,0.0,0.0,
9952,21313,6950,-1,0.0,0.0,0.0,0.0,0.0,0.0,
9953,21313,9519,-1,0.0,0.0,0.300000011921,0.0,0.0,0.0,
9954,21314,9818,19,0.0,0.0,0.0,0.0,0.0,0.0,
9955,21314,9819,19,0.0,0.0,-0.5,0.0,0.0,0.0,
9956,21314,3639,19,0.0,0.0,0.0,0.0,0.0,0.0,
9957,21314,9820,-1,0.0,0.0,0.0,0.0,0.0,0.0,
9959,21321,5101,2,0.0,0.0,0.0,0.0,0.0,0.0,
9960,21321,5101,1,0.0,0.0,0.0,0.0,0.0,0.0,
9965,21322,9837,19,0.0,0.0,9.0,0.0,1.57079994678,0.0,
9966,21322,9837,19,0.0,0.0,10.0,0.0,1.57079994678,0.0,
9967,21322,9837,19,0.0,0.0,8.0,0.0,1.57079994678,0.0,
9968,21322,4127,19,0.0,0.0,8.0,0.0,0.0,0.0,
9969,21322,10367,19,0.0,0.0,8.0,0.0,0.0,0.0,
9971,21322,9841,-1,0.0,0.0,8.0,0.0,0.0,0.0,
9972,21326,5605,34,0.0,0.0,0.0,0.0,0.0,0.0,
9973,21326,9842,34,0.0,0.0,0.0,0.0,0.0,0.0,
9974,21304,9812,21,0.0,0.0,-0.300000011921,0.0,0.0,0.0,
9975,21305,9812,22,0.0,0.0,-0.300000011921,0.0,0.0,0.0,
9976,21330,9848,19,0.0,0.0,8.0,0.0,1.57079994678,0.0,
9978,21335,6558,-1,0.0,0.0,0.0,0.0,0.0,0.0,
9979,21335,9529,-1,0.0,0.0,0.0,0.0,0.0,0.0,
9982,21336,3169,21,0.0,0.0,0.0,0.0,0.0,0.0,
9983,21336,3169,22,0.0,0.0,0.0,0.0,0.0,0.0,
9984,21335,3801,-1,0.0,0.0,-2.0,0.0,0.0,0.0,
9987,21335,4010,-1,0.0,0.0,0.0,0.0,0.0,0.0,
9988,21335,717,19,0.0,0.0,0.0,0.0,0.0,0.0,
9990,21335,9856,-1,0.0,0.0,0.0,0.0,0.0,0.0,
9997,21339,565,34,0.0,0.0,0.0,0.0,0.0,0.0,
10006,21340,3203,21,0.0,0.0,0.0,0.0,0.0,0.0,
10007,21340,9865,19,0.0,0.0,0.0,0.0,0.0,0.0,
10013,21343,4211,21,0.0,0.0,0.0,0.0,0.0,0.0,
10014,21343,4211,21,0.0,0.0,0.0,0.0,0.0,0.0,
10015,21343,4211,21,0.0,0.0,0.0,0.0,0.0,0.0,
10016,21343,9866,21,0.0,0.0,0.0,0.0,0.0,0.0,
10017,21346,222,34,0.0,1.5,0.0,0.0,0.0,1.57079994678,
10018,21346,222,34,0.0,-1.5,0.0,0.0,0.0,-1.57079994678,
10019,21346,222,34,-1.5,0.0,0.0,0.0,-1.57079994678,0.0,
10020,21346,222,34,1.5,0.0,0.0,0.0,1.57079994678,0.0,
10021,21346,148,34,0.0,0.0,1.0,0.0,0.0,0.0,
10022,21346,148,34,0.0,0.0,-1.0,0.0,0.0,3.14159011841,
10025,21367,9879,19,0.0,0.0,0.0,0.0,0.0,0.0,
10026,21367,8931,19,0.0,0.0,0.0,0.0,0.0,0.0,
10027,21367,9878,19,0.0,0.0,0.0,0.0,0.0,0.0,
10029,21369,3453,-1,0.0,0.0,0.5,0.0,0.0,0.0,
10031,21370,9880,34,0.0,0.0,0.0,0.0,0.0,0.0,
10032,21374,5789,20,0.0,0.0,-0.20000000298,0.0,0.523599028587,0.0,
10033,21373,6766,20,0.20000000298,0.0,-0.40000000596,0.0,0.785398006439,0.0,
10034,21373,413,20,0.0,0.0,0.0,0.0,0.0,0.0,
10035,21376,9882,-1,0.0,0.0,-5.0,0.0,0.0,0.0,
10036,21376,6731,19,-10.0,10.0,10.0,0.0,0.0,0.0,
10037,21376,6731,19,10.0,-10.0,10.0,0.0,0.0,0.0,
10038,21376,6731,19,0.0,0.0,10.0,0.0,0.0,0.0,
10039,21380,9886,34,0.0,0.0,0.0,0.0,0.0,0.0,
10040,21383,6863,19,0.0,0.0,0.0,0.0,0.0,0.0,
10041,21386,3656,19,0.0,0.0,0.0,0.0,0.0,0.0,
10042,21386,9487,19,0.0,0.0,0.0,0.0,0.0,0.0,
10043,21387,9888,22,-0.300000011921,-0.20000000298,-0.300000011921,0.0,0.0,1.57079994678,
10050,21398,9892,19,1.35000002384,0.699999988079,-1.79999995232,0.523599028587,0.0,0.0,
10053,21398,9893,19,-0.0500000007451,-0.600000023842,-1.70000004768,0.0,-0.174532994628,0.0,
10067,21398,9892,19,1.0,-0.600000023842,-2.0,2.09438991547,0.0,0.0,
10068,21398,9893,19,0.10000000149,0.699999988079,-1.79999995232,0.0,0.0,0.0,
10069,21402,8702,19,0.0,0.0,0.0,0.0,0.0,0.0,
10070,21406,9292,16,0.20000000298,0.0,0.0,0.0,0.0,0.0,
10073,21356,9243,19,0.0,0.0,0.10000000149,0.0,0.0,0.0,
10080,21409,6208,19,0.0,0.0,0.0,0.0,0.0,0.0,
10081,21409,2973,19,0.0,0.0,0.0,0.0,0.0,0.0,
10083,21425,5730,19,0.0,0.0,1.0,0.0,0.0,0.0,
10084,21426,9886,34,0.0,0.0,0.0,0.0,0.0,0.0,
10087,21423,5677,19,2.0,0.0,2.0,0.0,0.0,0.0,
10088,21432,8397,-1,0.0,0.0,0.0,0.0,0.0,0.0,
10089,21434,7673,-1,0.0,0.0,0.0,0.0,0.0,0.0,
10090,21435,9188,-1,0.0,0.0,0.0,0.0,0.0,0.0,
10091,21426,8993,34,0.0,0.0,0.0,0.0,0.0,0.0,
10092,21438,4302,17,-0.0799999982119,-0.0500000007451,0.019999999553,0.0,0.0,0.0,
10093,21438,4302,17,-0.0799999982119,0.0500000007451,0.019999999553,0.0,0.0,0.0,
10094,21443,6582,19,0.0,0.0,0.0,0.0,0.0,0.0,
10095,21446,8557,19,0.0,0.0,0.0,0.0,0.0,0.0,
10096,21446,8557,19,0.0,0.0,0.0,0.785398006439,0.0,0.0,
10098,21448,4737,20,0.0,0.0,-0.20000000298,0.0,0.0,0.0,
10099,21448,9908,20,0.0,0.0,0.0,0.0,0.0,0.0,
10100,21448,9908,2,0.0,0.0,0.0,0.0,0.0,0.0,
10101,21448,9908,1,0.0,0.0,0.0,0.0,0.0,0.0,
10107,21409,9907,19,0.0,0.0,0.0,0.0,0.0,0.0,
10108,21448,164,34,0.0,0.0,0.0,0.0,0.0,0.0,
10109,21451,9911,19,0.0,0.0,0.0,0.0,0.0,0.0,
10110,21452,9914,2,0.0,0.0,0.0,0.0,0.0,0.0,
10112,21459,9990,19,0.0,0.0,0.0,0.0,0.0,0.0,
10113,21459,9989,19,0.0,0.0,1.0,0.0,0.0,0.0,
10114,21455,7503,34,0.0,0.0,0.0,0.0,0.0,0.0,
10115,21455,212,34,0.0,0.0,0.0,0.0,0.0,0.0,
10116,21478,7239,17,0.379999995232,0.0,-0.5,0.0,0.0,0.0,
10118,21482,9915,-1,0.0,0.0,3.0,0.0,0.0,0.0,
10120,21485,5426,19,0.0,0.0,-2.0,0.0,0.0,0.0,
10121,21485,6917,19,0.0,0.0,-4.0,0.0,0.0,0.0,
10122,21485,4995,19,0.0,0.0,0.0,0.0,0.0,0.0,
10123,21485,9921,19,0.0,0.0,-1.0,0.0,0.0,0.0,
10129,21487,5026,19,0.0,0.0,0.0,0.0,0.0,0.0,
10130,21487,8436,19,0.0,0.0,0.0,0.0,0.0,0.0,
10132,21489,8545,-1,0.0,0.0,0.0,0.0,0.0,0.0,
10133,21489,7427,19,0.0,0.0,0.0,0.0,0.0,0.0,
10139,21489,8545,-1,0.0,0.0,0.5,0.523599028587,0.0,0.0,
10140,21489,8545,-1,0.0,0.0,1.0,1.04719996452,0.0,0.0,
10141,21489,8545,-1,0.0,0.0,1.5,1.39626002312,0.0,0.0,
10142,21489,8545,-1,0.0,0.0,0.0,0.698131978512,0.0,0.0,
10143,21489,8545,-1,0.0,0.0,0.5,1.39626002312,0.0,0.0,
10144,21489,8545,-1,0.0,0.0,1.0,2.09438991547,0.0,0.0,
10145,21489,8545,-1,0.0,0.0,1.5,2.79253005981,0.0,0.0,
10147,21489,8545,-1,0.0,0.0,0.0,-0.698131978512,0.0,0.0,
10148,21489,8545,-1,0.0,0.0,0.5,-1.39626002312,0.0,0.0,
10149,21489,8545,-1,0.0,0.0,1.0,-2.09438991547,0.0,0.0,
10150,21489,8545,-1,0.0,0.0,1.5,-2.79253005981,0.0,0.0,
10151,21490,6640,19,0.0,0.0,0.0,0.0,0.0,0.0,
10152,21491,5923,34,0.0,0.0,0.0,0.0,0.0,0.0,
10154,21492,5426,19,0.0,0.0,0.0,0.0,0.0,0.0,
10155,21492,5426,19,0.0,0.0,0.0,0.785398006439,0.0,0.0,
10156,21494,8539,19,0.0,0.0,0.0,0.0,0.0,0.0,
10157,21496,9929,19,0.0,0.0,0.0,0.0,0.0,0.0,
10160,21503,8935,19,0.0,0.0,0.5,0.0,0.0,0.0,
10161,21179,4422,19,0.0,0.0,0.0,0.0,0.0,0.0,
10162,21179,4422,19,0.0,0.0,0.75,0.0,0.0,0.0,
10166,21509,7603,39,1.0,0.0,0.0,1.57079994678,0.0,0.0,
10168,21509,7424,-1,0.0,0.0,0.0,0.0,0.0,0.0,
10169,21472,7603,39,0.0,0.0,0.0,0.0,0.0,0.0,
10170,21442,9942,-1,0.0,0.0,0.5,0.0,0.0,0.0,
10172,21517,9994,28,0.0,0.0,0.0,0.0,0.0,0.0,
10175,21516,5680,16,0.0,0.0,-0.20000000298,0.0,0.0,0.0,
10176,21519,7755,19,0.0,0.0,-0.15000000596,0.0,0.0,0.0,
10177,21519,6881,-1,0.0,0.0,0.5,0.0,0.0,0.0,
10179,21524,10162,-1,0.0,0.0,7.5,0.0,0.0,0.0,
10181,21528,9950,19,0.0,0.0,0.0,0.0,0.0,0.0,
10182,21529,9952,21,0.0,0.0,0.0,0.0,-1.57079994678,0.0,
10185,21537,8017,34,-0.300000011921,0.0,-0.300000011921,0.0,0.0,0.0,
10186,21868,8370,1,0.5,0.0,0.0,0.0,0.0,0.0,
10187,21868,8370,1,0.899999976158,0.0,0.0,0.0,0.0,0.0,
10188,21868,8370,1,0.699999988079,0.0,0.0,0.0,0.0,0.0,
10189,21545,9351,19,0.0,0.0,-0.5,0.0,0.0,0.0,
10190,16579,9954,-1,0.0,0.0,0.5,0.0,0.0,0.0,
10191,21557,218,17,-0.10000000149,0.0,0.5,0.0,0.0,0.0,
10192,21559,9975,-1,0.0,0.0,4.40000009537,0.0,0.0,0.0,
10193,21561,7245,-1,0.0,0.0,0.5,0.0,0.0,0.0,
10194,21560,6920,-1,0.0,0.0,0.5,0.0,0.0,0.0,
10195,21535,380,19,0.0,0.0,0.0,3.14159011841,0.0,-0.261799007654,
10196,21562,7060,19,0.0,0.0,2.0,0.0,0.0,0.0,
10198,21567,9961,-1,0.0,0.0,0.25,0.0,0.0,0.0,
10200,21567,3272,-1,0.0,0.0,0.25,0.0,0.0,0.0,
10202,21573,468,34,0.5,0.0,0.0,0.0,0.0,0.0,
10203,21548,9964,1,0.0,0.0,0.0,1.57079994678,0.0,0.0,
10210,21580,7779,20,0.0,0.0,0.0,0.0,0.0,0.0,
10212,21581,9972,34,0.0,0.0,0.0,0.0,0.0,0.0,
10214,21584,5637,-1,0.0,0.0,0.0,0.0,0.0,0.0,
10215,21584,9516,-1,0.0,0.0,0.5,0.0,0.0,0.0,
10216,21589,169,19,0.0,0.0,0.0,0.0,0.0,0.0,
10218,21590,9764,-1,0.0,0.0,0.0,0.0,-1.57079994678,0.0,
10220,21591,9977,20,0.0,0.0,-1.5,-0.349065989256,-0.122172996402,0.0,
10221,21591,9977,20,0.0,0.0,-1.5,0.0,-0.122172996402,0.0,
10222,21591,9977,20,0.0,0.0,-1.5,0.349065989256,-0.122172996402,0.0,
10226,21591,9976,20,-0.5,0.0,-1.75,0.0,0.0,0.0,
10231,21591,9977,20,3.0,0.75,-1.29999995232,0.174532994628,-0.122172996402,0.0,
10232,21591,9977,20,3.0,-0.75,-1.29999995232,-0.174532994628,-0.122172996402,0.0,
10233,21591,9977,20,4.0,0.300000011921,-1.29999995232,0.0872659981251,-0.122172996402,0.0,
10234,21591,9977,20,4.0,-0.300000011921,-1.29999995232,-0.0872659981251,-0.122172996402,0.0,
10236,21592,8342,19,0.0,0.0,-3.0,0.0,0.0,0.0,
10237,21593,3153,34,0.0,0.0,0.0,0.0,0.0,0.0,
10238,21594,4114,21,0.0,0.0,0.0,0.0,0.0,0.0,
10239,21594,4114,22,0.0,0.0,0.0,0.0,0.0,0.0,
10241,21597,9977,20,0.0,0.0,-0.5,0.0,-0.122172996402,0.0,
10252,21599,6357,19,9.0,0.0,4.5,0.0,-2.00712990761,0.0,
10253,21601,10396,19,0.0,0.0,-10.0,0.0,0.0,0.0,
10254,21605,9985,19,0.0,0.0,-10.0,0.0,0.0,0.0,
10255,17184,9988,-1,0.0,0.0,0.0,0.0,0.0,0.0,
10256,21459,9991,19,0.0,0.0,0.0,0.0,0.0,0.0,
10257,21614,9013,19,0.0,0.0,-2.0,0.0,0.0,0.0,
10258,21614,9011,19,0.0,0.0,0.0,0.0,0.0,0.0,
10259,21614,9013,19,0.0,0.0,-2.0,0.0,0.0,0.0,
10260,21614,9011,19,0.0,0.0,0.0,0.0,0.0,0.0,
10263,21615,5429,-1,0.0,0.0,0.0,0.0,0.0,0.0,
10264,21617,271,38,0.0,0.0,0.0,0.0,0.0,0.0,
10267,21620,9994,28,0.0,0.0,0.0,0.0,0.0,0.0,
10268,21621,9995,19,0.40000000596,-0.20000000298,0.0,0.0,0.0,0.0,
10269,21622,9996,17,-0.115000002086,0.0,0.207000002265,0.0,0.418879002333,0.0,
10270,21624,9998,28,0.600000023842,0.10000000149,-0.15000000596,3.14159011841,-0.349065989256,0.0,
10272,21625,9999,19,0.0,0.0,0.0,0.0,0.0,0.0,
10273,21626,9999,19,0.0,0.0,0.0,0.0,0.0,0.0,
10274,21624,10002,26,0.0,0.0,0.0,0.0,0.0,0.0,
10277,21630,12092,12,0.0,-0.40000000596,0.40000000596,0.0,0.0,0.0,
10279,21630,12092,12,0.0,0.40000000596,0.40000000596,0.0,0.0,0.0,
10281,21631,10003,17,-0.449999988079,0.0,0.20000000298,0.0,1.57079994678,0.0,
10282,21632,7558,-1,0.0,0.0,2.0,0.0,0.0,0.0,
10286,21633,12347,34,0.15000000596,0.0,0.0,0.0,0.0,0.0,
10287,21633,12270,12,-0.10000000149,0.0,0.0,3.14159011841,0.0,0.0,
10288,21634,7844,30,1.5,-0.5,0.0,1.91986000538,0.0,0.0,
10289,21636,5625,34,0.0,0.0,0.0,0.0,0.0,0.0,
10290,21636,10008,34,0.0,0.0,0.0,0.0,0.0,0.0,
10292,21637,10434,-1,0.0,0.0,0.0,0.0,0.0,0.0,
10293,21637,8245,-1,0.0,0.0,0.0,0.0,0.0,0.0,
10294,21637,8248,-1,0.0,0.0,0.0,0.0,0.0,0.0,
10297,21638,10010,34,0.0,0.0,0.0,0.0,0.0,0.0,
10298,21961,6650,34,0.0,0.0,0.0,0.0,0.0,0.0,
10299,21640,10433,34,0.600000023842,0.0,0.0,0.0,3.14159011841,0.0,
10305,21640,10013,34,-0.10000000149,0.0,-0.0299999993294,0.0,0.0,0.0,
10310,21652,8231,19,0.75,0.600000023842,-1.0,0.0,0.0,0.0,
10311,21652,8231,19,0.75,-0.75,-1.0,0.0,0.0,-0.0872659981251,
10312,21670,10025,34,-0.10000000149,-0.600000023842,0.20000000298,0.0,0.0,0.0,
10313,21670,10024,34,-0.10000000149,-0.600000023842,0.20000000298,0.0,0.0,0.0,
10314,21671,4509,34,-0.5,0.0,0.0,0.0,0.0,0.0,
10316,21675,7276,22,-0.850000023842,-0.0500000007451,-0.409999996424,3.22885990143,0.349065989256,0.0,
10317,21671,10027,-1,0.0,0.0,2.5,0.0,1.57079994678,0.0,
10319,21677,10118,12,0.019999999553,0.0,-0.129999995232,0.0,0.0,0.0,
10325,21343,9866,22,0.0,0.0,0.0,0.0,0.0,0.0,
10326,21343,4211,22,0.0,0.0,0.0,0.0,0.0,0.0,
10327,21343,4211,22,0.0,0.0,0.0,0.0,0.0,0.0,
10328,21343,4211,22,0.0,0.0,0.0,0.0,0.0,0.0,
10329,21682,10294,19,0.0,0.0,0.0,0.0,0.0,0.0,
10331,21685,3774,19,0.0,0.0,-0.300000011921,0.0,0.0,0.0,
10333,21682,10032,19,0.0,0.0,0.0,0.0,0.0,0.0,
10335,21686,10119,12,-0.0500000007451,0.0,-0.219999998808,0.0,-0.209439992905,0.0,
10341,21684,5900,19,0.0,0.0,0.0,0.0,0.0,0.0,
10342,21684,5021,19,0.0,0.0,-0.5,0.0,0.0,0.0,
10343,21684,9002,19,0.0,0.0,0.0,0.0,0.0,0.0,
10344,21690,10163,19,0.0,0.0,-6.0,0.0,0.0,0.0,
10345,21695,8418,-1,0.0,0.0,0.0,0.0,0.0,0.0,
10346,21697,10040,34,0.0,0.0,1.0,0.0,0.0,0.0,
10347,21698,10035,19,0.0,0.0,0.0,0.0,0.0,0.0,
10348,21698,10036,19,0.0,0.0,-1.0,0.0,0.0,0.0,
10351,21698,10035,19,0.0,0.0,0.0,0.0,0.0,0.0,
10352,21698,10035,19,0.0,0.0,0.0,0.0,0.0,0.0,
10353,21698,10035,19,0.0,0.0,0.0,0.0,0.0,0.0,
10355,21699,10065,-1,0.0,0.0,0.75,1.57079994678,0.0,0.0,
10356,21698,10035,19,0.0,0.0,0.0,0.0,0.0,0.0,
10358,21698,10036,19,0.0,0.0,-1.0,0.0,0.0,0.0,
10359,21698,10036,19,0.0,0.0,-1.0,0.0,0.0,0.0,
10360,21698,10036,19,0.0,0.0,-1.0,0.0,0.0,0.0,
10361,21698,10036,19,0.0,0.0,-1.0,0.0,0.0,0.0,
10362,21701,9582,17,0.0,0.0,0.0,0.0,0.0,0.0,
10364,21703,7109,20,1.0,0.0,-3.5,0.0,0.61086499691,0.0,
10365,21705,565,19,0.0,0.0,0.0,0.0,0.0,0.0,
10366,21705,565,34,0.0,0.0,0.0,0.0,0.0,0.0,
10367,21708,502,34,0.0,0.0,0.0,0.0,0.0,0.0,
10368,21714,10067,34,0.0,0.0,1.0,0.0,0.0,0.0,
10369,21716,10058,19,0.0,0.0,0.0,0.0,0.0,0.0,
10373,21723,8879,-1,0.0,0.0,0.0,0.0,0.0,0.0,
10374,21722,8879,-1,0.0,0.0,0.0,0.0,0.0,0.0,
10377,21722,4970,-1,0.0,0.0,0.0,0.0,0.0,0.0,
10378,21723,4970,-1,0.0,0.0,0.0,0.0,0.0,0.0,
10379,21713,10052,34,0.899999976158,0.0,0.20000000298,0.0,0.0,0.0,
10380,21481,10055,17,0.550000011921,0.0500000007451,0.15000000596,0.0,0.0,0.0,
10382,21753,10062,1,0.0,0.0,0.0,0.0,0.0,0.0,
10383,21699,10065,-1,0.0,0.0,2.0,0.785398006439,0.0,0.0,
10384,21699,10065,-1,0.0,0.0,-0.5,0.0,0.0,0.0,
10385,21756,10066,34,0.0,0.0,-3.5,0.0,0.0,0.0,
10387,21761,3801,19,0.0,0.0,-1.75,0.0,0.0,0.0,
10389,21763,6822,19,0.0,0.0,0.0,0.0,0.0,0.0,
10390,21763,10068,19,0.0,0.0,0.0,0.0,0.0,0.0,
10391,21765,5725,19,0.0,0.0,0.0,0.0,1.57079994678,0.0,
10392,21767,4037,-1,0.0,0.0,1.0,0.0,0.0,0.0,
10393,21767,4037,-1,0.0,0.0,-1.0,0.0,1.57079994678,1.57079994678,
10396,21769,8072,-1,0.0,0.0,0.0,0.0,0.0,0.0,
10397,21767,4037,-1,0.0,0.0,0.0,0.0,1.57079994678,0.0,
10398,21769,6392,-1,0.0,0.0,0.0,0.0,0.0,0.0,
10406,21766,3203,1,0.0,-0.0250000003725,-0.00999999977648,0.0,0.0,0.0,
10407,21774,4993,34,0.0,0.0,0.0,0.0,0.0,0.0,
10408,21775,8874,1,-0.20000000298,0.0,0.0,0.0,1.22172999382,0.0,
10409,21777,8962,-1,3.0,0.0,0.0,0.0,0.0,0.0,
10411,21781,9860,19,0.0,0.0,0.0,0.0,0.0,0.0,
10412,21781,9959,19,0.0,0.0,100.0,0.0,0.0,0.0,
10413,21781,9860,19,0.0,0.0,0.0,0.0,0.0,0.0,
10414,21782,3675,19,0.0,0.0,-2.0,0.0,0.0,0.0,
10415,21782,3400,20,0.0,0.0,0.0,0.0,0.0,0.0,
10416,21743,10078,19,0.0,0.0,0.0,0.0,0.0,0.0,
10417,21743,10077,19,0.0,0.0,0.0,0.0,0.0,0.0,
10418,21783,4892,-1,0.0,0.0,2.0,0.0,0.0,0.0,
10419,21784,322,21,0.0,0.0,0.0,0.0,0.0,0.0,
10420,21784,322,22,0.0,0.0,0.0,0.0,0.0,0.0,
10421,21716,8815,20,0.0,0.0,0.0,0.0,0.0,0.0,
10422,21791,5254,34,-5.0,-1.0,0.0,0.0,0.0,0.0,
10423,21792,14360,-1,0.0,0.0,0.0,0.0,0.0,0.0,
10432,21792,10089,-1,0.0,0.0,0.10000000149,0.0,0.0,0.0,
10439,21341,10095,-1,0.0,0.0,0.0,0.0,0.0,0.0,
10440,21341,10099,-1,0.0,0.0,0.0,0.0,0.0,0.0,
10441,21341,10096,-1,0.0,0.0,0.0,0.0,0.0,0.0,
10442,21341,10082,-1,0.0,0.0,0.0,0.0,0.0,0.0,
10444,21790,3214,34,0.0,0.0,0.0,0.0,0.0,0.0,
10445,21797,624,34,0.0,0.0,0.0,0.0,0.0,0.0,
10448,21884,11538,19,2.59999990463,-1.20000004768,0.0,0.0,0.0,0.0,
10452,21815,10063,17,0.0,0.0,0.0,0.0,1.57079994678,0.0,
10453,21800,8832,19,0.0,0.0,0.0,0.0,0.0,0.0,
10454,21881,4796,17,0.0,0.0,0.0,0.0,0.0,0.0,
10455,21932,3084,17,1.0,0.0,0.0,0.0,0.0,0.0,
10456,21826,8637,17,0.0,0.0,2.0,0.0,0.0,0.0,
10457,21828,4901,17,0.0,0.0,2.0,0.0,-1.04719996452,0.0,
10460,21833,8048,34,0.0,0.0,0.0,0.0,0.0,0.0,
10462,21834,8048,19,0.0,0.0,3.25,0.0,0.0,0.0,
10463,21837,6731,-1,0.0,0.0,2.0,0.0,0.0,0.0,
10464,21839,5945,-1,0.0,0.0,0.0,0.0,0.0,0.0,
10465,21839,9517,-1,0.0,0.0,0.0,0.0,0.0,0.0,
10467,21839,10112,19,0.0,0.0,0.0,0.0,0.0,0.0,
10468,21840,10112,-1,0.0,0.0,0.0,0.0,0.0,0.0,
10469,21836,270,17,0.20000000298,0.0,0.20000000298,0.0,0.0,0.0,
10470,21849,7025,-1,0.0,0.0,0.0,0.0,0.0,0.0,
10471,21850,7024,-1,0.0,0.0,0.0,0.0,0.0,0.0,
10473,21851,8220,48,0.0,0.0,0.0,0.0,0.0,0.0,
10474,21851,8220,47,0.0,0.0,0.0,0.0,0.0,0.0,
10475,21855,10116,22,0.0,0.0,0.0,0.0,0.0,0.0,
10476,21855,10116,21,0.0,0.0,0.0,0.0,0.0,0.0,
10478,21857,4749,17,0.0,0.0,0.0,0.0,0.0,0.0,
10481,21859,6663,0,0.0,0.0,0.0,0.0,0.0,0.0,
10482,21859,6663,15,0.0,0.0,0.0,0.0,0.0,0.0,
10483,21861,10089,-1,0.0,0.0,0.10000000149,0.0,0.0,0.0,
10484,21862,10137,-1,0.0,0.0,0.0,0.0,0.0,0.0,
10485,21862,10136,-1,0.0,0.0,0.0,0.0,0.0,0.0,
10486,21862,10136,-1,0.0,0.0,0.0,0.523599028587,0.0,0.0,
10487,21862,10137,-1,0.0,0.0,0.0,0.0,-0.523599028587,0.0,
10488,21862,10136,-1,0.0,0.0,0.0,0.0,-0.523599028587,0.0,
10489,21862,10137,-1,0.0,0.0,0.0,0.523599028587,0.0,0.0,
10490,21863,6169,17,3.0,0.0,0.0,0.0,0.0,0.0,
10491,21183,10120,-1,0.0,0.0,0.0,0.0,0.0,0.0,
10494,21924,3203,2,0.0,0.0,0.0,0.0,0.0,0.0,
10495,21924,3203,1,0.0,0.0,0.0,0.0,0.0,0.0,
10496,21924,10128,-1,0.0,0.0,-2.0,0.0,0.0,0.0,
10498,21861,9039,-1,0.0,0.0,0.0,0.0,0.0,0.0,
10499,21861,7470,-1,0.0,0.0,-30.0,0.0,0.0,0.0,
10500,21861,13544,-1,0.0,0.0,-20.0,0.0,0.0,0.0,
10502,21875,10124,-1,0.0,0.0,0.0,0.0,0.0,0.0,
10503,21817,4749,17,0.0,0.0,0.0,0.0,0.0,0.0,
10504,21448,9908,15,0.0,0.0,0.0,0.0,0.0,0.0,
10505,21448,9908,16,0.0,0.0,0.0,0.0,0.0,0.0,
10506,21883,10130,20,0.5,0.0,-1.5,0.0,0.0,0.0,
10507,21883,717,20,-0.20000000298,0.0,-1.5,0.0,0.0,0.0,
10509,21883,3394,20,0.75,0.0,-1.5,0.0,0.0,0.0,
10510,21883,3168,20,0.5,0.0,-1.5,0.0,0.0,0.0,
10513,21894,455,20,0.0,0.0,-0.20000000298,0.0,0.0,0.0,
10516,21862,10137,-1,0.0,0.0,0.0,0.0,-1.57079994678,0.0,
10517,21862,10137,-1,0.0,0.0,0.0,0.523599028587,-1.57079994678,0.0,
10518,21862,10137,-1,0.0,0.0,0.0,-0.523599028587,-1.57079994678,0.0,
10519,21862,10137,-1,0.0,0.0,0.0,0.0,-2.61799001694,0.0,
10520,21862,10137,-1,0.0,0.0,0.0,0.523599028587,-2.61799001694,0.0,
10521,21862,10137,-1,0.0,0.0,0.0,-0.523599028587,-2.61799001694,0.0,
10526,21906,7418,19,0.0,0.0,3.0,0.0,0.0,0.0,
10529,21798,11537,19,2.59999990463,-1.20000004768,0.0,0.0,0.0,0.0,
10531,21802,4509,19,2.59999990463,-1.20000004768,0.0,0.0,0.0,0.0,
10533,21916,6419,19,0.0,0.0,-6.0,-0.436331987381,-1.48353004456,1.57079994678,
10535,21917,10144,19,0.0,0.0,2.0,0.0,0.0,0.0,
10538,21871,3749,2,0.0,0.10000000149,-0.0500000007451,0.0,0.0,0.0,
10539,21871,3749,1,0.0,-0.10000000149,-0.0500000007451,0.0,0.0,0.0,
10540,21871,9866,34,0.75,0.25,-0.25,0.0,0.0,0.0,
10541,21928,10539,-1,0.0,0.0,0.0,0.0,0.0,0.0,
10542,21163,476,20,0.0,0.0,0.0,0.0,0.0,0.0,
10543,21929,10145,19,0.0,0.0,0.0,0.0,0.0,0.0,
10544,21929,8889,19,0.0,0.0,-2.0,0.0,0.0,0.0,
10546,21931,10147,19,0.0,0.0,-0.40000000596,0.0,0.0,0.0,
10547,21931,10148,19,0.0,0.0,0.0,0.0,0.0,0.0,
10548,21933,9599,17,0.0,0.0,0.0,0.0,0.0,0.0,
10549,21707,9597,17,0.0,0.0,0.0,0.0,0.0,0.0,
10550,21938,10150,19,0.0,0.0,0.0,0.0,0.0,0.0,
10551,21938,9609,19,0.0,0.0,0.10000000149,0.0,0.0,0.0,
10555,21870,10151,19,0.0,0.0,2.0,0.0,0.0,0.0,
10558,21400,10139,20,0.0,0.0,-4.19999980927,0.0,3.14159011841,0.0,
10561,21787,7427,17,0.0,0.0,0.0,0.0,1.57079994678,0.0,
10562,21950,9596,19,0.0,0.0,0.10000000149,0.0,-3.14159011841,0.0,
10568,21966,10154,-1,0.0,-10.0,0.0,1.30900001526,0.0,0.0,
10569,21966,10154,-1,0.0,-20.0,0.0,2.09438991547,0.0,0.0,
10570,21966,10155,-1,-10.0,-5.0,0.0,1.57079994678,0.0,0.0,
10571,21963,7858,-1,0.0,0.0,0.0,0.0,0.0,0.0,
10572,21963,13749,-1,10.0,-10.0,0.0,0.0,0.0,0.0,
10573,21963,13748,-1,20.0,-20.0,0.0,0.0,0.0,0.0,
10574,21965,13748,-1,10.0,10.0,0.0,0.0,0.0,0.0,
10575,21965,13748,-1,20.0,20.0,0.0,1.57079994678,0.0,0.0,
10576,21965,13748,-1,-20.0,10.0,0.0,0.0,0.0,0.0,
10577,21965,10158,-1,0.0,0.0,0.0,0.0,0.0,0.0,
10580,21962,6722,34,0.0,0.0,0.0,0.0,0.0,0.0,
10582,21988,7861,-1,0.0,0.0,0.0,0.0,0.0,0.0,
10593,21990,10161,20,0.0,0.0,0.0,0.0,0.0,0.0,
10594,21990,4911,20,0.0,0.0,-1.0,0.0,0.0,0.0,
10595,21523,10162,-1,0.0,0.0,7.5,0.0,0.0,0.0,
10596,21971,7799,-1,0.0,0.0,0.0,0.0,0.0,0.0,
10597,21993,6839,-1,0.0,0.0,0.0,0.0,0.0,0.0,
10598,21993,8891,-1,0.0,0.0,0.0,0.0,0.0,0.0,
10599,21993,6838,-1,0.0,0.0,0.0,0.0,0.0,0.0,
10600,21993,7865,-1,0.0,0.0,0.0,0.0,0.0,0.0,
10601,21993,7860,-1,0.0,0.0,0.0,0.0,0.0,0.0,
10602,21993,10606,-1,0.0,0.0,0.0,0.0,0.0,0.0,
10605,21363,1703,19,0.0,0.0,0.0,0.0,0.0,0.0,
10606,21499,8642,-1,0.0,0.0,0.0,0.0,0.0,0.0,
10609,22003,10170,-1,0.0,0.0,0.0,0.0,0.0,0.0,
10610,22004,10189,19,0.0,0.0,-0.300000011921,0.0,0.0,0.0,
10611,22003,10171,-1,0.0,0.0,0.0,0.0,0.0,0.0,
10617,21948,6984,-1,0.0,0.0,1.0,0.0,1.57079994678,0.0,
10618,21948,8221,-1,0.0,0.0,1.5,0.0,0.0,0.0,
10619,22005,8884,-1,0.0,100.0,2.0,0.0,0.0,0.0,
10621,22005,8884,-1,0.0,-100.0,2.0,0.0,0.0,0.0,
10622,22005,8884,-1,100.0,0.0,2.0,0.0,0.0,0.0,
10623,22005,8884,-1,-100.0,0.0,2.0,0.0,0.0,0.0,
10624,21801,11539,19,2.59999990463,-1.20000004768,0.0,0.0,0.0,0.0,
10625,22016,10190,19,0.0,0.0,0.0,0.0,0.0,0.0,
10626,22016,10191,19,0.0,0.0,0.0,0.0,0.0,0.0,
10627,22024,8123,34,0.0,0.0,0.0,0.0,0.0,0.0,
10628,22024,6354,34,0.0,0.0,0.0,0.0,0.0,0.0,
10629,22025,4509,34,-0.5,0.0,0.0,0.0,0.0,0.0,
10630,22025,10197,34,1.29999995232,0.0,0.0,3.14159011841,0.0,0.0,
10633,21998,10166,-1,0.0,0.0,0.0,0.0,0.0,0.0,
10634,21999,10165,-1,0.0,0.0,0.0,0.0,0.0,0.0,
10635,22000,10167,-1,0.0,0.0,0.0,0.0,0.0,0.0,
10636,22002,10169,-1,0.0,0.0,0.0,0.0,0.0,0.0,
10637,22001,10168,-1,0.0,0.0,0.0,0.0,0.0,0.0,
10638,22028,10201,19,0.0,0.0,0.0,0.0,0.0,0.0,
10639,22026,10203,40,0.0,0.0,0.0,0.0,-1.57079994678,0.0,
10640,22030,6966,19,0.0,0.0,0.300000011921,0.0,0.0,0.0,
10641,22031,717,20,-0.20000000298,0.0,-1.5,0.0,0.0,0.0,
10642,22031,10130,20,0.5,0.0,-1.5,0.0,0.0,0.0,
10643,22031,3394,20,0.75,0.0,-1.5,0.0,0.0,0.0,
10644,22031,3168,20,0.5,0.0,-1.5,0.0,0.0,0.0,
10646,22033,10207,-1,0.0,3.0,0.5,0.785398006439,0.0,0.0,
10647,22033,6984,-1,-10.0,0.0,-18.0,0.0,-1.04719996452,0.0,
10648,22035,5076,19,0.0,0.0,0.300000011921,0.0,0.0,0.0,
10649,22037,4213,19,0.0,0.0,0.20000000298,0.0,0.0,0.0,
10650,22033,6984,-1,10.0,0.0,-18.0,0.0,4.01425981522,0.0,
10651,22033,6984,-1,0.0,0.0,-18.0,0.0,4.62512016296,0.0,
10653,22039,7502,-1,0.0,3.0,0.5,0.785398006439,0.0,0.0,
10654,22039,7715,-1,-10.0,0.0,-18.0,0.0,-1.04719996452,0.0,
10655,22039,7715,-1,10.0,0.0,-18.0,0.0,4.01425981522,0.0,
10656,22039,7715,-1,0.0,0.0,-18.0,0.0,4.62512016296,0.0,
10657,22040,8213,-1,0.0,3.0,0.5,0.785398006439,0.0,0.0,
10658,22040,10208,-1,-10.0,0.0,-18.0,0.0,-1.04719996452,0.0,
10659,22040,10208,-1,10.0,0.0,-18.0,0.0,4.01425981522,0.0,
10660,22040,10208,-1,0.0,0.0,-18.0,0.0,4.62512016296,0.0,
10662,22041,10209,-1,0.0,3.0,0.5,0.785398006439,0.0,0.0,
10663,22041,10461,-1,-10.0,0.0,-18.0,0.0,-1.04719996452,0.0,
10664,22041,10461,-1,10.0,0.0,-18.0,0.0,4.01425981522,0.0,
10665,22041,10461,-1,0.0,0.0,-18.0,0.0,4.62512016296,0.0,
10666,22042,10210,-1,0.0,0.0,0.5,0.785398006439,0.0,0.0,
10667,22042,10462,-1,-10.0,0.0,-18.0,0.0,-1.04719996452,0.0,
10668,22042,10462,-1,10.0,0.0,-18.0,0.0,4.01425981522,0.0,
10669,22042,10462,-1,0.0,0.0,-18.0,0.0,4.62512016296,0.0,
10670,22043,8120,-1,0.0,0.0,0.5,0.785398006439,0.0,0.0,
10671,22043,10460,-1,-10.0,0.0,-18.0,0.0,-1.04719996452,0.0,
10672,22043,10460,-1,10.0,0.0,-18.0,0.0,4.01425981522,0.0,
10673,22043,10460,-1,0.0,0.0,-18.0,0.0,4.62512016296,0.0,
10674,22044,6689,20,0.0,0.0,2.0,0.0,0.0,0.0,
10675,21542,8370,1,0.899999976158,0.0,0.0,0.0,0.0,0.0,
10676,21542,8370,1,0.5,0.0,0.0,0.0,0.0,0.0,
10677,21542,8370,1,0.699999988079,0.0,0.0,0.0,0.0,0.0,
10678,21638,10011,34,0.0,0.0,0.0,0.0,0.0,0.0,
10681,22050,10212,1,-0.10000000149,0.0,-0.10000000149,0.0,1.57079994678,0.0,
10682,22052,2562,20,0.0,0.0,0.0,0.0,0.785398006439,0.0,
10683,22053,10215,19,0.0,0.0,0.0,0.0,0.0,0.0,
10685,22054,10220,34,0.0,0.0,0.0,0.0,0.0,0.0,
10686,22055,10790,19,0.0,0.0,0.0,0.0,0.0,0.0,
10687,22055,4852,19,0.0,0.0,0.0,0.0,0.0,0.0,
10689,22056,10793,-1,0.0,0.0,0.0,0.0,0.0,0.0,
10690,22060,9523,19,0.0,0.0,-2.0,0.0,0.0,0.0,
10691,22062,10670,19,0.0,0.0,0.800000011921,0.0,0.0,0.0,
10692,22063,397,21,0.0,0.0,0.0,0.0,0.0,0.0,
10693,22063,397,22,0.0,0.0,0.0,0.0,0.0,0.0,
10697,21964,6612,17,0.0,0.0,0.0,0.0,-1.04719996452,0.0,
10698,21981,9977,19,3.0,0.5,2.0,0.0,-0.122172996402,0.0,
10699,21996,8889,19,0.0,0.0,-2.0,0.0,0.0,0.0,
10700,21996,10145,19,0.0,0.0,0.0,0.0,0.0,0.0,
10701,21992,4765,-1,1.0,0.0,0.0,0.0,0.0,0.0,
10702,22067,3382,19,0.0,0.0,-3.0,0.0,0.0,0.0,
10703,22068,9428,19,0.0,0.0,-3.0,0.0,0.0,0.0,
10704,22069,10233,19,0.0,0.0,0.0,0.0,0.0,0.0,
10705,22069,9009,19,0.0,0.0,0.0,0.0,0.0,0.0,
10706,22070,12866,-1,0.0,0.0,1.0,0.0,0.0,0.0,
10707,22073,4942,19,0.0,0.0,-3.0,0.0,0.0,0.0,
10709,22078,5958,-1,0.0,0.0,0.0,0.0,0.0,0.0,
10710,22079,11066,-1,0.0,0.0,0.0,0.0,0.0,0.0,
10713,21995,10333,19,0.0,0.0,0.0,0.0,0.0,0.0,
10714,22083,7565,-1,0.0,1.29999995232,0.0,0.0,0.0,0.0,
10715,22083,7565,-1,0.0,-1.29999995232,0.0,0.0,0.0,0.0,
10716,22083,7565,-1,-1.29999995232,0.0,0.0,0.0,0.0,0.0,
10717,22083,7565,-1,1.29999995232,0.0,0.0,0.0,0.0,0.0,
10718,22083,8707,-1,1.0,-1.0,0.0,0.0,0.0,0.0,
10719,22083,8707,-1,1.0,1.0,0.0,0.0,0.0,0.0,
10720,22083,8707,-1,-1.0,-1.0,0.0,0.0,0.0,0.0,
10721,22083,8707,-1,-1.0,1.0,0.0,0.0,0.0,0.0,
10722,22083,10243,-1,0.0,0.0,0.0,0.0,0.0,0.0,
10728,22086,10245,20,0.0,0.0,0.0,0.0,0.0,0.0,
10729,22086,10245,20,0.0,0.20000000298,0.0,0.0,0.0,0.785398006439,
10730,22086,10245,20,0.0,-0.20000000298,0.0,0.0,0.0,-0.785398006439,
10736,22084,4978,15,0.0,0.0,0.800000011921,0.0,0.0,0.0,
10739,22084,10248,21,0.0,0.0,0.0,0.0,0.0,0.0,
10740,22084,10248,22,0.0,0.0,0.0,0.0,0.0,0.0,
10741,22087,10250,19,0.0,0.0,-3.0,0.0,0.0,0.0,
10742,22089,7836,19,0.0,0.0,0.0,0.0,0.0,0.0,
10743,22090,9363,19,0.0,0.0,0.0,0.0,0.0,0.0,
10744,22095,4354,6,0.0,0.0,0.0,0.0,0.0,0.0,
10745,22095,10248,21,0.0,0.0,0.0,0.0,0.0,0.0,
10746,22095,10248,22,0.0,0.0,0.0,0.0,0.0,0.0,
10747,22095,4354,5,0.0,0.0,0.0,0.0,0.0,0.0,
10749,22097,10259,26,0.0,0.0,0.0,0.0,0.0,-1.57079994678,
10750,22102,3366,22,-0.0500000007451,0.0,0.0,0.0,1.57079994678,0.0,
10751,22103,10261,19,0.0,0.0,2.0,0.0,3.14159011841,0.0,
10752,22104,11059,17,0.10000000149,0.25,-0.5,0.0,0.174532994628,0.0,
10754,22104,11059,17,-0.10000000149,0.25,-0.5,0.0,-0.174532994628,0.0,
10755,22105,10263,1,0.0500000007451,0.20000000298,0.10000000149,0.698131978512,-1.04719996452,1.13445997238,
10757,22106,10266,1,0.5,0.40000000596,-0.10000000149,-1.57079994678,1.04719996452,0.349065989256,
10758,22108,10267,15,-0.20000000298,-0.0799999982119,0.34999999404,1.57079994678,0.0,-2.00712990761,
10759,22104,11059,17,0.0,0.25,-0.5,0.0,0.0,0.0,
10760,22110,7503,34,0.0,0.0,0.0,0.0,0.0,0.0,
10761,22110,212,34,0.0,0.0,0.0,0.0,0.0,0.0,
10764,22112,855,2,0.0,0.0,-0.5,0.0,0.0,0.0,
10765,22112,855,1,0.0,0.300000011921,-0.899999976158,0.0,0.0,0.0,
10777,22113,10526,17,-0.10000000149,0.0,-0.40000000596,0.0,0.0,0.0,
10788,22122,9695,19,0.0,0.0,0.800000011921,0.0,-1.22172999382,0.0,
10792,22127,7953,19,0.0,0.0,1.5,0.0,0.0,0.0,
10799,22135,7707,17,0.0,0.0,0.0,0.0,0.0,0.0,
10800,22135,6786,17,0.0,0.0,0.0,0.0,0.0,0.0,
10801,22135,6786,17,0.0,0.0,0.0,0.0,0.0,0.0,
10802,22139,7878,19,0.0,0.0,0.0,0.0,0.0,0.0,
10803,22139,7878,34,0.0,0.0,0.0,0.0,0.0,0.0,
10804,22139,7878,20,0.0,0.0,0.0,0.0,0.0,0.0,
10805,22140,10643,19,0.0,0.0,0.0,0.0,0.0,0.0,
10808,22146,10277,-1,0.0,0.0,0.0,0.0,0.0,0.0,
10810,22146,10278,-1,0.0,0.0,0.0,0.0,0.0,0.0,
10812,22149,3354,19,0.0,0.0,1.0,0.0,0.0,0.0,
10813,22149,4585,19,0.0,0.0,1.0,0.0,0.0,0.0,
10815,22152,5875,34,0.0,0.0,0.0,0.0,0.0,0.0,
10816,22151,83,34,-0.10000000149,0.0,0.0,0.0,0.0,0.0,
10817,22154,855,34,0.0,0.0,0.0,0.0,0.0,0.0,
10818,22154,3049,34,0.0,0.0,0.0,0.0,0.0,0.0,
10820,22171,3189,-1,0.0,0.0,0.0,0.0,0.0,0.0,
10823,22175,8582,17,0.0,0.0,0.0,0.0,0.0,0.0,
10826,22180,10285,19,0.0,0.0,0.0,0.0,0.0,0.0,
10827,22181,10285,19,0.0,0.0,0.0,0.0,0.0,0.0,
10828,22179,7175,-1,0.0,0.0,2.29999995232,0.0,0.0,0.0,
10829,22183,7649,-1,0.0,0.0,12.0,0.0,3.14159011841,0.0,
10831,22185,11139,19,0.5,0.0,0.0,0.0,0.0,0.0,
10836,22186,10290,34,0.0,0.0,0.0,-1.57079994678,3.14159011841,0.0,
10837,22193,10291,19,0.0,0.0,-8.0,0.0,0.0,0.0,
10838,22194,10292,40,0.0,0.0,0.0,0.0,-1.57079994678,0.0,
10839,22196,10186,40,0.0,0.0,0.0,0.0,0.0,0.0,
10841,22198,10293,22,0.0,0.0,0.0,0.0,0.0,0.0,
10842,22198,10293,21,0.0,0.0,0.0,0.0,0.0,0.0,
10843,22198,623,21,0.0,0.0,0.0,0.0,0.0,0.0,
10844,22198,623,22,0.0,0.0,0.0,0.0,0.0,0.0,
10845,22199,17,1,0.0,0.0,0.0,0.0,0.0,0.0,
10846,22199,17,2,0.0,0.0,0.0,0.0,0.0,0.0,
10847,22199,10293,1,0.0,0.0,0.0,0.0,0.0,0.0,
10848,22199,10293,2,0.0,0.0,0.0,0.0,0.0,0.0,
10851,22179,7770,-1,0.0,0.0,2.25,1.57079994678,0.0,0.0,
10852,22203,855,40,0.0,0.0,0.0,0.0,0.0,0.0,
10853,22205,10296,19,0.0,0.0,0.20000000298,0.0,0.0,0.0,
10854,22206,7421,19,0.0,0.0,0.0,0.0,0.0,0.0,
10855,22206,7178,19,0.0,0.0,0.0,1.57079994678,0.0,0.0,
10858,22070,7178,19,0.0,0.0,0.0,1.57079994678,0.0,0.0,
10859,22070,13747,19,0.0,0.0,-0.10000000149,0.0,0.0,0.0,
10860,22203,3049,40,0.0,0.0,0.0,0.0,0.0,0.0,
10861,22209,7853,40,0.0,0.0,0.0,0.0,0.0,0.0,
10862,22196,10192,40,0.0,0.0,0.0,0.0,0.0,0.0,
10863,22216,3049,21,0.0,0.0,0.0,0.0,0.0,0.0,
10864,22216,3049,22,0.0,0.0,0.0,0.0,0.0,0.0,
10865,22216,3049,17,0.0,0.0,0.0,0.0,0.0,0.0,
10866,22217,10998,-1,1.0,0.0,0.0,0.0,0.0,0.0,
10874,22225,10294,19,0.25,0.0,0.0,0.0,0.0,0.0,
10875,22227,11000,22,0.0,0.0,0.0,0.0,0.0,0.0,
10876,22230,7753,19,0.0,0.0,1.0,0.0,0.0,0.0,
10877,22231,7749,19,0.0,0.0,3.5,0.0,0.0,0.0,
10878,22231,7747,19,0.0,0.0,5.0,1.04719996452,0.0,0.0,
10879,22231,7750,19,0.0,0.0,2.0,2.09439992905,0.0,0.0,
10880,22232,7749,19,0.0,0.0,3.5,0.0,0.0,0.0,
10881,22232,7747,19,0.0,0.0,5.0,1.04719996452,0.0,0.0,
10882,22232,7750,19,0.0,0.0,2.0,2.09439992905,0.0,0.0,
10883,22230,9045,19,0.0,0.0,0.0,0.0,0.0,0.0,
10884,22230,545,34,0.0,0.0,0.0,0.0,0.0,0.0,
10887,22232,7685,19,0.0,0.0,5.0,1.04719996452,0.0,0.0,
10888,22235,7421,19,0.0,0.0,0.0,0.0,0.0,0.0,
10889,22237,11067,-1,0.0,0.0,0.0,0.0,0.0,0.0,
10891,22242,214,34,0.0,0.0,0.0,0.0,0.0,0.0,
10892,22246,10304,12,-0.5,0.0500000007451,-0.20000000298,0.0,-0.0872659981251,-0.174532994628,
10893,22247,10199,17,0.0,0.0,0.0,0.0,0.0,0.0,
10903,22246,12159,12,-0.5,-0.300000011921,0.34999999404,0.0523599982262,-0.0872659981251,-0.261799007654,
10905,22251,9597,22,0.0,0.0,0.0,0.0,0.0,0.0,
10906,22255,5435,19,1.0,0.0,0.0,0.0,0.0,0.0,
10908,22259,7429,19,0.0,0.0,0.10000000149,0.0,0.0,0.0,
10909,22260,7953,19,0.0,0.0,1.5,0.0,0.0,0.0,
10910,22175,8582,17,0.0,0.0,0.0,-0.261799007654,0.0,0.0,
10911,22175,8582,17,0.0,0.0,0.0,-0.523599028587,0.0,0.0,
10912,22175,8582,17,0.0,0.0,0.0,0.523599028587,0.0,0.0,
10913,22175,8582,17,0.0,0.0,0.0,0.261799007654,0.0,0.0,
10920,22265,9343,-1,0.0,0.0,2.0,3.14159011841,0.0,0.0,
10921,22265,9343,-1,0.0,0.0,2.0,0.0,0.0,0.0,
10923,22272,5856,19,0.0,0.0,0.0,0.0,0.0,0.0,
10927,22268,9551,-1,2.0,0.0,0.0,0.0,0.0,0.0,
10928,22277,10323,-1,0.0,0.0,0.0,0.0,0.0,0.0,
10929,22267,10324,1,-0.20000000298,-0.10000000149,0.0,0.0,1.57079994678,0.0,
10930,22268,10324,1,-0.20000000298,-0.10000000149,0.0,0.0,1.57079994678,0.0,
10940,22277,9605,-1,0.0,0.0,0.0,0.0,0.0,0.0,
10944,22298,12931,34,0.0,0.0,0.0,0.0,0.0,0.0,
10945,22299,10331,19,0.0,0.0,2.0,0.0,3.14159011841,0.0,
10947,22300,12218,19,1.0,0.0,1.10000002384,0.0,0.0,0.0,
10948,22301,10329,34,-0.25,0.0,0.0,0.0,0.0,0.0,
10949,22302,10330,19,0.0,0.0,-0.75,0.0,0.0,0.0,
10950,22307,5354,19,1.0,0.0,1.0,0.0,0.0,0.0,
10951,22308,10062,19,1.0,0.0,1.0,0.0,0.0,0.0,
10954,21995,9368,19,0.0,0.0,-3.0,0.0,0.0,0.0,
10955,22299,10331,19,0.0,0.0,2.0,1.57079994678,3.14159011841,0.0,
10959,22310,7750,19,0.0,0.0,0.0,0.0,0.0,0.0,
10961,22313,10032,-1,0.0,0.0,0.5,0.0,0.0,0.0,
10962,22313,6734,-1,0.0,0.0,0.5,0.0,0.0,0.0,
10963,22317,5265,34,0.0,0.0,0.0,0.0,0.0,0.0,
10967,22322,10693,-1,0.0,0.0,-2.0,0.0,0.0,0.0,
10968,22322,7316,-1,0.0,0.0,-2.0,0.0,0.0,0.0,
10970,22325,10343,-1,0.0,0.0,0.0,0.0,0.0,0.0,
10971,22326,10347,-1,0.0,1.0,0.0,0.0,0.0,0.0,
10972,22326,10347,-1,2.0,1.0,0.0,3.14159011841,0.0,0.0,
10974,22326,10346,-1,-2.0,0.0,0.0,0.0,0.0,0.0,
10975,22326,10347,-1,-2.0,0.0,0.0,3.14159011841,0.0,0.0,
10976,22326,10346,-1,0.0,1.0,0.0,0.0,0.0,0.0,
10977,22326,10346,-1,2.0,1.0,0.0,0.0,0.0,0.0,
10978,22326,10346,-1,0.0,0.0,0.0,0.0,0.0,0.0,
10979,22327,4510,-1,0.0,0.0,0.0,0.0,0.0,0.0,
10980,22327,10347,-1,0.0,-2.0,0.0,3.14159011841,0.0,0.0,
10981,22327,10346,-1,0.0,-2.0,0.0,0.0,0.0,0.0,
10982,22327,10348,-1,2.0,0.0,0.0,0.0,0.0,0.0,
10983,22327,10346,-1,2.0,0.0,0.0,0.0,0.0,0.0,
10989,22336,6080,-1,0.0,0.0,0.0,0.0,0.0,0.0,
10990,22336,6082,-1,0.0,0.0,0.0,0.0,0.0,0.0,
10991,22336,6236,-1,0.0,0.0,0.0,0.0,0.0,0.0,
10992,22337,4492,19,1.5,1.0,0.75,0.0,0.0,-1.04719996452,
10993,22337,4492,19,1.5,0.34999999404,1.25,0.0,0.0,-2.09439992905,
10994,22338,4395,34,-0.15000000596,0.0,-0.25,0.0,0.0,0.0,
10995,22338,8185,34,0.0,0.0,0.0,0.0,0.0,0.0,
10999,22345,6236,34,0.0,0.0,0.0,0.0,0.0,0.0,
11003,22352,9596,19,0.0,0.0,0.0,0.0,0.0,0.0,
11005,22354,5493,20,0.300000011921,0.0,-0.5,0.0,0.0,0.0,
11006,22357,10718,19,0.0,0.0,0.0,0.0,0.0,0.0,
11007,22366,6968,19,0.0,0.0,-1.0,0.0,0.0,0.0,
11009,22374,10354,34,0.0,0.0,0.0,0.0,0.0,0.0,
11011,22375,3174,34,0.0,0.0,-2.0,0.0,0.0,0.0,
11012,22376,12508,12,0.0,0.0,0.0,0.0,0.0,0.0,
11013,22377,5354,12,0.0,0.0,0.0,0.0,0.0,0.0,
11014,22378,12508,12,0.0,0.0,0.0,0.785398006439,0.0,0.785398006439,
11015,22378,12508,12,0.0,0.0,-0.25,0.0,-1.57079994678,0.0,
11016,22378,12508,12,0.0,-0.25,-0.125,0.0,0.0,0.0,
11017,22378,12508,12,0.0,0.25,-0.125,0.0,-0.785398006439,0.785398006439,
11018,22379,6445,17,-0.20000000298,0.0,0.20000000298,0.0,0.0,0.0,
11020,22384,10173,34,-5.0,0.0,0.0,0.0,1.57079994678,0.0,
11021,22384,10126,34,-10.0,0.0,0.0,0.0,0.0,0.0,
11022,21337,9959,34,0.0,0.0,0.0,0.0,0.0,0.0,
11023,21366,6003,19,0.0,0.0,-0.5,0.0,0.0,0.0,
11024,21928,10567,-1,0.0,0.0,7.5,0.0,0.0,0.0,
11026,21322,10371,19,0.0,0.0,-3.0,0.0,0.0,0.0,
11029,21322,10371,19,0.0,0.0,-3.0,0.0,0.0,0.0,
11030,21322,10371,19,0.0,0.0,-3.0,0.0,0.0,0.0,
11031,22391,5224,17,2.0,0.0,0.0,0.0,0.0,0.0,
11033,22397,7350,34,0.0,0.0,0.0,0.0,0.0,0.0,
11034,22398,9953,-1,0.0,0.0,0.0,0.0,0.0,0.0,
11035,22402,5686,-1,0.0,0.0,0.0,0.0,0.0,0.0,
11036,22402,7449,-1,0.0,0.0,0.0,0.0,0.0,0.0,
11038,21322,9840,19,0.0,0.0,8.0,0.0,0.0,0.0,
11039,22396,7760,34,0.0,0.0,0.0,0.0,0.0,0.0,
11040,22406,10374,17,2.0,0.0,0.0,0.0,0.0,0.0,
11041,22409,417,2,0.0500000007451,-0.10000000149,0.0500000007451,0.0,0.0,0.0,
11043,22245,10194,19,0.0,0.0,0.0,3.14159011841,0.0,0.0,
11046,22413,10381,19,0.0,0.0,9.0,0.0,0.0,0.0,
11048,22418,7442,-1,0.0,0.0,0.0,0.0,0.0,0.0,
11049,22105,10263,2,0.0,-0.20000000298,0.0,-0.698131978512,2.44345998764,4.27606010437,
11050,22419,3198,19,0.0,0.0,0.0,0.0,0.0,0.0,
11051,22420,3375,22,0.0,0.0,0.0,0.0,1.91986000538,0.0,
11052,22419,6544,20,0.0,0.0,0.0,0.0,0.0,0.0,
11054,21129,4765,19,0.0,0.0,0.0,0.0,0.0,0.0,
11055,21129,10387,19,0.0,0.0,0.0,0.0,0.0,0.0,
11056,22422,10392,19,0.0,0.0900000035763,0.0,3.14159011841,3.14159011841,0.0,
11057,22422,10392,19,0.0,0.0,0.259999990463,0.0,0.0,0.0,
11060,22441,7374,19,0.0,0.0,-0.5,0.0,0.0,0.0,
11063,22441,7374,19,0.0,0.0,-0.5,0.0,0.0,0.0,
11064,22441,7374,19,0.0,0.0,-0.5,0.0,0.0,0.0,
11065,22442,7473,19,0.0,0.0,-1.0,0.0,0.0,0.0,
11066,22441,9024,19,0.0,0.0,-0.5,0.0,0.0,0.0,
11067,22441,7374,19,0.0,0.0,-0.5,0.0,0.0,0.0,
11068,22441,7374,19,0.0,0.0,-0.5,0.0,0.0,0.0,
11069,22441,9024,19,0.0,0.0,-0.5,0.0,0.0,0.0,
11070,22451,10400,-1,0.0,0.0,0.0,0.0,0.0,0.0,
11071,22451,734,-1,0.0,0.0,0.0,0.0,0.0,0.0,
11072,22451,4942,-1,0.0,0.0,0.0,0.0,0.0,0.0,
11073,22451,3255,-1,0.0,0.0,0.0,0.0,0.0,0.0,
11074,22452,9819,19,0.0,0.0,0.0,0.0,0.0,0.0,
11075,22452,10403,19,0.0,0.0,1.0,0.0,0.0,0.0,
11076,22414,9315,19,0.0,0.0,0.0,0.0,0.0,0.0,
11077,21164,93,28,0.0,0.0,0.0,0.0,0.0,0.0,
11078,22455,10611,-1,0.0,0.0,0.0,0.0,0.0,0.0,
11079,22455,10610,-1,0.0,0.0,0.0,0.0,0.0,0.0,
11080,22455,10611,-1,0.0,0.0,0.0,0.0,0.0,0.0,
11082,22457,8676,19,0.0,0.0,1.0,0.0,0.0,0.0,
11084,22460,10409,19,0.0,0.0,0.0,0.0,0.0,0.0,
11085,22460,6849,19,0.0,0.0,0.0,0.0,0.0,0.0,
11086,22460,10410,19,0.0,0.0,0.0,0.0,0.0,0.0,
11087,22451,5343,-1,0.0,0.0,0.0,0.0,0.0,0.0,
11088,22461,6134,34,0.0,0.0,0.0,0.0,0.0,0.0,
11091,22473,10430,-1,0.0,0.0,-2.0,0.0,0.0,0.0,
11092,22475,8052,19,0.0,0.0,-0.300000011921,0.0,0.0,0.0,
11093,22476,8497,19,-2.0,0.0,3.5,0.0,2.3561899662,0.0,
11094,22470,10448,19,0.0,0.0,-1.10000002384,0.0,0.0,0.0,
11095,22483,10430,-1,0.0,0.0,-1.0,0.0,0.0,0.0,
11096,22483,10537,-1,0.0,0.0,0.0,0.0,0.0,0.0,
11097,22484,10424,19,0.0,0.0,1.20000004768,0.0,0.0,0.0,
11098,22484,6857,19,0.0,0.0,0.0,0.0,0.0,0.0,
11099,22484,10423,19,0.0,0.0,0.699999988079,0.0,0.0,0.0,
11100,22484,10423,19,0.0,0.0,1.70000004768,0.0,0.0,0.0,
11101,22489,4607,19,-0.5,0.0,0.0,0.0,1.57079994678,0.0,
11102,22490,4921,19,0.0,0.0,-2.5,0.0,0.0,0.0,
11106,21766,3203,2,0.0,0.0250000003725,-0.00999999977648,0.0,0.0,0.0,
11107,22491,10426,19,0.0,0.0,1.5,0.0,0.0,0.0,
11109,22476,8497,19,0.0,0.0,0.0,0.0,0.0,0.0,
11110,22476,10427,19,-3.59999990463,0.0,1.75,0.0,1.57079994678,0.0,
11111,22493,10428,22,-0.189999997616,-0.10000000149,-0.10000000149,0.0,1.39626002312,0.0,
11112,22471,1303,-1,4.0,0.0,0.0,0.0,0.0,0.0,
11113,21637,10433,-1,0.0,0.0,3.0,0.0,1.57079994678,0.0,
11116,22506,10440,34,0.34999999404,0.0,-1.14999997616,0.0,0.261799007654,0.0,
11118,22506,10442,34,0.34999999404,0.0,-1.0,0.0,0.0872659981251,0.0,
11119,22506,10442,34,0.34999999404,0.0,-1.29999995232,0.0,0.436331987381,0.0,
11121,22508,7071,19,0.0,0.0,0.0,0.0,0.0,0.0,
11122,22508,7071,19,0.0,0.0,0.0,0.0,0.0,0.0,
11123,22508,7071,19,0.0,0.0,0.0,0.0,0.0,0.0,
11124,22146,7343,-1,0.0,0.0,0.0,0.0,0.0,0.0,
11125,22526,7050,19,0.0,0.0,-7.0,0.0,0.0,0.0,
11128,22529,9323,19,0.0,0.0,0.0,0.0,0.0,0.0,
11129,22529,10445,19,0.0,0.0,0.5,1.04719996452,0.0,0.0,
11130,22529,9430,19,0.0,0.0,0.0,0.0,0.0,0.0,
11131,22520,10447,-1,0.0,0.0,0.0,0.0,0.0,0.0,
11132,22522,4983,19,0.0,0.0,0.0,0.0,0.0,0.0,
11133,22524,8919,19,0.0,0.0,0.0,0.0,0.0,0.0,
11134,22532,8485,19,0.0,0.0,0.0,0.0,0.0,0.0,
11135,22532,10408,19,0.0,0.0,0.0,0.0,0.0,0.0,
11136,22532,8485,19,0.0,0.0,0.0,0.0,0.0,0.0,
11138,22534,10513,19,0.0,0.0,0.0,0.0,0.0,0.0,
11139,22541,10452,34,0.0,0.0,0.0,0.0,0.0,0.0,
11140,22541,10453,34,0.0,0.0,0.0,0.0,0.698131978512,0.0,
11141,22541,10451,34,0.0,0.0,0.0,0.0,0.0,0.0,
11142,22540,3013,17,0.0,0.0,0.0,0.0,0.0,0.0,
11143,22543,9351,34,0.0,0.0,-0.75,0.0,0.0,0.0,
11144,22545,10454,1,0.0,0.0,0.0,-1.57079994678,0.0,0.0,
11145,22474,5354,16,0.0,0.0,-1.0,0.0,0.0,0.0,
11146,22547,5354,16,0.0,0.0,-1.0,0.0,0.0,0.0,
11147,22551,8640,17,2.0,0.0,0.0,0.0,0.0,0.0,
11148,22552,10187,17,2.0,0.0,0.0,0.0,0.0,0.0,
11149,22553,5224,17,2.0,0.0,0.0,0.0,0.0,0.0,
11150,22554,8640,17,2.0,0.0,0.0,0.0,0.0,0.0,
11151,22555,10187,17,2.0,0.0,0.0,0.0,0.0,0.0,
11152,22551,8640,17,2.0,0.0,0.0,0.0,0.0,0.0,
11153,22554,8640,17,2.0,0.0,0.0,0.0,0.0,0.0,
11155,22552,10187,17,2.0,0.0,0.0,0.0,0.0,0.0,
11156,22555,10187,17,2.0,0.0,0.0,0.0,0.0,0.0,
11157,22557,10469,34,0.0,0.0,0.0,0.0,0.0,0.0,
11158,22557,10470,34,0.0,0.0,0.0,0.0,0.0,0.0,
11159,22517,7732,37,0.0,-0.15000000596,0.0,0.0,0.0,0.0,
11160,22509,8623,37,0.0,-0.15000000596,0.0,0.0,0.0,0.0,
11161,22560,10472,39,-1.39999997616,-0.20000000298,0.300000011921,-1.57079994678,0.349065989256,0.0,
11163,22561,9826,19,0.0,0.0,-2.20000004768,0.0,0.0,0.0,
11165,22562,10474,34,0.0,0.0,0.0,1.04719996452,-1.04719996452,0.0,
11166,22562,10474,34,0.0,0.0,0.0,0.0,-0.523599028587,0.0,
11167,22562,10474,34,0.0,0.0,0.0,-1.04719996452,-1.04719996452,0.0,
11170,22562,10482,34,0.0,0.0,0.0,0.0,0.0,0.0,
11173,22571,10495,22,0.0,0.0,0.0,0.0,0.0,0.0,
11174,22572,7715,-1,0.0,0.0,0.0,0.0,-1.57079994678,0.0,
11179,22576,9030,-1,0.0,0.0,-2.25,0.0,0.0,0.0,
11199,22579,10502,34,0.0,0.0,0.0,0.0,0.0,0.0,
11202,22585,9351,-1,0.0,0.0,-3.5,0.0,0.0,0.0,
11205,21987,7156,19,1.0,0.0,-5.0,3.14159011841,0.0,0.0,
11206,22590,10504,34,0.0,0.0,0.0,0.0,0.0,0.0,
11207,22590,10506,34,0.0,0.0,0.0,0.0,3.14159011841,0.0,
11208,22590,10506,34,0.0,0.0,0.0,0.0,0.0,0.0,
11209,22590,10504,34,0.0,0.0,0.0,0.0,3.14159011841,0.0,
11210,22590,10505,34,0.0,0.0,0.0,0.0,3.14159011841,0.0,
11211,22591,255,19,-2.0,0.0,1.0,0.0,0.0,0.0,
11215,6840,3146,12,0.10000000149,0.0,0.0,0.0,0.0,0.0,
11216,22594,10454,1,0.5,0.0,0.0,-1.57079994678,0.0,-0.349065989256,
11219,22601,8675,34,0.0,0.0,0.0,0.0,0.0,0.0,
11220,22602,8677,19,0.0,0.0,1.0,0.0,0.0,0.0,
11221,22602,8676,19,0.0,0.0,1.5,0.0,0.0,0.0,
11223,22604,8675,34,0.0,0.0,0.0,0.0,0.0,0.0,
11224,22604,6173,34,0.0,0.0,0.0,0.0,0.0,0.0,
11225,22605,10516,-1,0.0,0.0,-13.0,0.0,0.0,0.0,
11226,16970,9754,19,0.0,0.0,0.0,0.0,0.0,0.0,
11227,16970,10518,19,0.0,0.0,0.0,0.0,0.0,0.0,
11228,16970,10519,19,0.0,0.0,0.0,0.0,0.0,0.0,
11229,22592,7818,34,0.0,0.0,0.0,0.0,0.0,0.0,
11230,22611,7244,19,0.0,-1.0,3.0,0.0,0.0,2.53073000908,
11232,22598,10512,22,0.0,0.0500000007451,0.0,0.0,0.244345992804,-1.22172999382,
11233,21566,3377,19,0.0,0.0,1.0,0.0,0.0,0.0,
11234,22622,10524,17,-0.180000007153,-0.10000000149,0.209999993443,0.0,-0.261799007654,-0.523599028587,
11235,22625,8212,19,0.0,0.0,0.0,0.0,0.0,0.0,
11237,22113,10526,17,-0.10000000149,0.0,-0.40000000596,0.0,0.0,0.0,
11238,22113,10526,17,-0.10000000149,0.0,-0.40000000596,0.0,0.0,0.0,
11239,22626,10527,34,0.0,0.0,-0.5,0.0,0.0,0.0,
11240,22626,10527,34,0.0,0.0,-1.0,0.0,0.0,0.0,
11241,22626,10527,34,0.0,0.0,0.0,0.0,0.0,0.0,
11245,22629,6741,20,0.0,0.0,0.0,0.0,0.0,0.0,
11247,22630,9142,34,0.0,0.0,-3.0,0.0,0.0,0.0,
11248,22631,10203,17,0.0,0.0,0.0,0.0,-1.57079994678,0.0,
11249,22633,4980,34,1.0,0.0,-2.0,0.0,0.0,0.0,
11250,22634,3964,34,0.0,0.0,0.0,0.0,0.0,0.0,
11251,22635,9378,34,1.0,0.0,0.0,0.0,0.0,0.0,
11252,22636,9127,34,0.0,0.0,-3.5,0.0,0.0,0.0,
11254,22638,10534,19,0.0,0.0,-2.0,0.0,0.0,0.0,
11256,22638,4828,34,0.0,0.0,-2.0,0.0,-1.57079994678,0.0,
11257,22638,10053,34,0.0,0.0,-2.0,0.0,-1.57079994678,0.0,
11258,21279,3590,-1,0.0,0.0,-10.0,0.0,0.0,0.0,
11259,22640,10540,16,-0.5,-0.699999988079,1.10000002384,0.0,0.0,1.57079994678,
11260,22644,10541,16,0.0,0.0,0.25,0.0,0.0,0.0,
11261,22653,10543,28,-1.29999995232,0.20000000298,-0.699999988079,1.39626002312,0.0,-1.13445997238,
11264,22655,9535,-1,0.0,0.0,0.0,0.0,0.0,0.0,
11265,22655,9537,19,0.0,0.0,0.0,0.0,0.0,0.0,
11268,22664,8557,-1,0.0,0.0,-2.0,0.0,0.0,0.0,
11269,21830,3084,34,0.0,0.0,0.0,-3.14159011841,0.0,0.0,
11270,22187,10564,21,0.0,0.0,0.0,0.0,0.0,0.0,
11271,22187,10564,22,0.0,0.0,0.0,0.0,0.0,0.0,
11272,22187,10564,20,0.0,0.0,0.0,0.0,0.0,0.0,
11273,22187,10564,19,0.0,0.0,0.0,0.0,0.0,0.0,
11274,21399,10138,20,0.699999988079,-0.20000000298,-3.79999995232,0.0,0.0,0.0,
11275,22672,10420,20,0.0,0.0,0.0,0.0,0.0,0.0,
11278,22675,10561,34,0.0,0.0,0.0,0.0,0.0,0.0,
11279,22675,10562,34,0.0,0.0,0.0,0.0,0.0,0.0,
11281,22675,10563,19,0.0,0.0,0.0,0.0,0.0,0.0,
11283,22678,10566,-1,0.0,0.0,0.0,0.0,0.0,0.0,
11284,22679,10566,-1,0.0,0.0,0.0,0.0,0.0,0.0,
11285,22679,7497,39,0.0,0.0,0.0,0.0,0.0,0.0,
11286,22680,7426,-1,0.0,0.0,0.0,0.0,0.0,0.0,
11287,22681,5625,34,0.0,0.0,0.0,0.0,0.0,0.0,
11292,22683,6650,34,0.0,0.0,0.0,0.0,0.0,0.0,
11293,22684,6336,-1,0.0,0.0,0.0,0.0,0.0,0.0,
11294,22686,6650,34,0.0,0.0,0.0,0.0,0.0,0.0,
11295,22687,6650,34,0.0,0.0,0.0,0.0,0.0,0.0,
11298,22688,9985,-1,0.0,-70.0,-1.0,0.0,0.0,0.0,
11300,22688,9985,-1,-70.0,0.0,-1.0,0.0,0.0,0.0,
11302,1027,625,17,0.0,0.0,0.0,0.0,-2.09438991547,0.0,
11303,22697,10574,19,3.0,0.5,2.0,0.0,0.0,0.0,
11304,22698,7732,37,0.0,-0.15000000596,0.0,0.0,0.0,0.0,
11305,22700,8623,37,0.0,-0.15000000596,0.0,0.0,0.0,0.0,
11306,22703,10339,17,0.20000000298,0.0,0.0,0.0,0.0,0.0,
11307,22703,6821,17,0.20000000298,0.0,0.0,0.0,0.0,0.0,
11308,22706,10576,34,0.0,0.0,0.0,1.57079994678,0.0,0.0,
11309,22706,10576,34,-1.0,0.0,0.0,1.57079994678,0.0,0.0,
11310,22706,10576,34,-2.0,0.0,0.0,1.57079994678,0.0,0.0,
11320,22707,10576,34,-0.5,0.0,0.800000011921,1.57079994678,0.0,0.0,
11321,22707,10576,34,-1.5,0.0,0.800000011921,1.57079994678,0.0,0.0,
11322,22707,10576,34,0.5,0.0,0.800000011921,1.57079994678,0.0,0.0,
11332,22708,10576,34,0.0,0.0,1.60000002384,1.57079994678,0.0,0.0,
11333,22708,10576,34,-1.0,0.0,1.60000002384,1.57079994678,0.0,0.0,
11334,22708,10576,34,-0.5,0.0,2.40000009537,1.57079994678,0.0,0.0,
11335,21255,10579,34,0.0,0.0,-0.75,0.0,0.0,0.0,
11337,22714,7649,-1,0.0,0.0,0.0,0.0,0.0,0.0,
11338,22720,10587,19,0.0,0.0,0.0,0.0,0.0,0.0,
11339,22721,10587,19,0.0,0.0,0.0,0.0,0.0,0.0,
11343,22724,5620,20,0.300000011921,0.20000000298,-0.550000011921,0.0,0.0,0.0,
11346,22724,5620,20,0.300000011921,0.20000000298,-0.550000011921,0.401425987482,0.0,0.0,
11347,22724,5620,20,0.300000011921,0.20000000298,-0.550000011921,-0.401425987482,0.0,0.0,
11348,22727,10514,19,0.0,0.0,0.0,0.0,0.0,0.0,
11349,22443,10407,1,0.0,0.0,0.0,0.0,0.0,0.0,
11350,22443,10407,2,0.0,0.0,0.0,0.0,0.0,0.0,
11352,22732,11824,34,-0.600000023842,0.0,0.0,3.14159011841,0.0,0.0,
11353,22734,8637,21,0.0,0.0,0.0,0.0,0.0,0.0,
11354,22734,8637,22,0.0,0.0,0.0,0.0,0.0,0.0,
11356,22735,288,21,0.0,0.0,0.0,0.0,0.0,0.0,
11357,22735,288,22,0.0,0.0,0.0,0.0,0.0,0.0,
11358,22736,10593,19,0.0,0.0,0.0,0.0,0.0,0.0,
11359,22738,8637,21,0.0,0.0,0.0,0.0,0.0,0.0,
11360,22738,8637,22,0.0,0.0,0.0,0.0,0.0,0.0,
11362,22743,7103,19,0.0,0.0,0.0,0.0,0.0,0.0,
11363,22744,7103,19,0.0,0.0,0.0,0.0,0.0,0.0,
11366,22746,196,19,0.0,0.0,0.0,0.0,0.0,0.0,
11367,22731,10530,19,0.0,0.0,0.0,0.0,0.0,0.0,
11368,22755,8484,19,0.0,0.0,0.0,0.0,0.0,0.0,
11369,22755,3608,19,0.0,0.0,0.0,0.0,0.0,0.0,
11370,22757,10596,19,0.0,0.0,0.0,0.0,0.0,0.0,
11375,22760,10597,19,0.0,0.0,0.0,0.0,0.0,0.0,
11376,22764,6416,-1,0.0,0.0,2.0,0.0,0.0,0.0,
11377,22764,6416,-1,0.0,0.0,0.0,0.0,0.0,0.0,
11378,22764,6416,-1,0.0,0.0,1.0,0.0,0.0,0.0,
11379,22764,6416,-1,0.0,0.0,4.0,0.0,0.0,0.0,
11380,22764,6416,-1,0.0,0.0,3.0,0.0,0.0,0.0,
11382,22768,10599,19,1.25,0.25,3.0,0.0,0.174532994628,0.0,
11383,22769,10599,22,0.0,0.0,0.0,0.0,0.0,0.0,
11384,22770,10599,34,0.0,0.0,0.0,0.0,0.0,0.0,
11386,22775,7044,19,0.0,0.0,-1.0,0.0,0.0,0.0,
11387,21993,10606,-1,0.0,0.0,2.0,0.0,0.0,0.0,
11388,21993,10606,-1,0.0,0.0,2.0,0.0,0.0,0.0,
11389,21993,6924,-1,0.0,0.0,2.0,0.0,0.0,0.0,
11390,21993,8891,-1,0.0,0.0,2.0,0.0,0.0,0.0,
11391,21993,6788,-1,0.0,0.0,2.0,0.0,0.0,0.0,
11392,21993,7860,-1,0.0,0.0,2.0,0.0,0.0,0.0,
11393,21993,6403,-1,0.0,0.0,0.0,0.0,0.0,0.0,
11395,22777,5900,-1,1.0,0.0,0.0,0.0,0.0,0.0,
11396,22777,5900,-1,1.0,0.0,0.0,0.0,0.0,0.0,
11399,22778,10607,-1,1.0,0.0,0.0,0.0,0.0,0.0,
11401,22777,5471,-1,1.0,0.0,0.0,0.0,0.0,0.0,
11402,22780,5900,-1,-0.75,0.0,0.0,0.0,0.0,0.0,
11403,22780,10609,-1,1.0,1.0,0.0,0.0,0.0,0.0,
11404,22780,10609,-1,0.5,-1.0,0.0,0.0,0.0,0.0,
11405,22780,10609,-1,-0.75,0.0,0.0,0.0,0.0,0.0,
11406,22783,3112,19,0.0,0.0,0.0,0.0,0.0,0.0,
11409,22784,10613,17,-0.019999999553,-0.0500000007451,0.125,0.0,0.0,0.0,
11411,22784,10613,17,-0.019999999553,0.0500000007451,0.125,0.0,0.0,0.0,
11412,22790,6765,34,0.300000011921,0.0,0.0,0.0,0.872664988041,0.0,
11413,22794,6127,16,0.0500000007451,0.0,-0.600000023842,0.0,-1.57079994678,0.0,
11414,22794,10614,16,-0.20000000298,0.119999997318,-0.34999999404,0.0,0.0,0.0,
11415,22794,10614,16,-0.20000000298,-0.10000000149,-0.34999999404,0.0,0.0,0.0,
11416,22798,8230,19,1.0,-1.0,1.0,0.0,0.0,0.61086499691,
11417,21987,9754,19,0.0,0.0,3.0,3.14159011841,1.57079994678,0.0,
11420,22814,10620,34,0.0,0.0,0.0,0.0,0.0,0.0,
11421,22817,11438,17,-0.10000000149,0.0,0.25,0.0,0.0,0.0,
11422,22819,10622,17,-0.0299999993294,0.0,-0.0900000035763,0.0,0.0,0.0,
11423,22820,6100,34,0.0,0.0,0.0,0.0,0.0,0.0,
11424,22821,4241,19,0.0,0.0,0.0,0.0,0.0,0.0,
11425,22821,10626,34,0.0,0.0,0.0,0.0,0.0,0.0,
11426,22527,14713,17,-0.34999999404,0.0,0.25,0.0,0.0,0.0,
11427,22096,10631,19,0.0,0.0,0.0,0.0,0.0,0.0,
11428,21197,9802,-1,0.0,0.0,0.0,0.0,0.0,0.0,
11430,21356,5939,19,0.0,0.0,0.0,0.0,0.0,0.0,
11432,22044,5939,19,0.0,0.0,0.0,0.0,0.0,0.0,
11435,22829,4980,-1,0.0,0.0,0.0,0.0,0.0,0.0,
11436,22831,1262,20,0.0,0.0,-0.5,0.0,0.0,0.0,
11437,22832,7878,34,0.0,0.0,0.15000000596,0.0,0.0,0.0,
11438,22832,7878,34,0.0,0.0,-0.15000000596,0.0,0.0,0.0,
11439,22833,8418,-1,0.0,0.0,0.0,0.0,0.0,0.0,
11440,22834,6839,19,0.0,0.0,0.0,0.0,0.0,0.0,
11441,21788,7427,17,0.0,0.0,0.0,0.0,0.0,0.0,
11442,22348,9590,19,0.0,0.0,-0.5,0.0,0.0,0.0,
11443,22840,464,20,0.0,0.0,0.0,0.0,0.0,0.0,
11446,22831,10636,19,0.0,0.0,0.0,0.0,0.0,0.0,
11448,22827,10637,19,0.0,0.0,0.0,0.0,0.0,0.0,
11449,22849,10638,-1,0.0,0.0,0.0,0.0,0.0,0.0,
11450,22847,10638,-1,0.0,0.0,0.0,0.0,0.0,0.0,
11451,22851,9777,34,0.899999976158,0.0,-0.40000000596,0.0,0.349065989256,0.0,
11452,22851,9777,34,1.39999997616,0.10000000149,0.75,-0.349065989256,0.261799007654,0.174532994628,
11453,22851,9777,34,1.89999997616,0.20000000298,1.85000002384,0.785398006439,0.122172996402,-0.122172996402,
11463,22619,6671,34,-0.10000000149,0.0,0.10000000149,0.0,0.0,0.0,
11464,22619,6671,34,-0.10000000149,0.0,0.10000000149,0.0,0.0,0.0,
11465,22619,6671,34,-0.10000000149,0.0,0.10000000149,0.0,0.0,0.0,
11466,22619,6671,34,-0.10000000149,0.0,0.10000000149,0.0,0.0,0.0,
11467,22619,6671,34,-0.10000000149,0.0,0.10000000149,0.0,0.0,0.0,
11468,22852,10556,-1,0.0,0.0,0.0,0.0,0.0,0.0,
11469,22852,6788,-1,0.0,0.0,0.0,0.0,0.0,0.0,
11470,22852,6839,-1,0.0,0.0,0.0,0.0,0.0,0.0,
11471,22347,10355,12,0.20000000298,0.0,0.20000000298,0.0,0.0,0.0,
11473,22853,565,-1,0.0,0.0,-0.5,0.0,0.0,0.0,
11475,22854,10645,48,0.0,0.0,0.0,0.0,0.0,0.0,
11477,22856,7041,34,0.0,0.0,-0.800000011921,0.0,0.0,0.0,
11478,22108,10646,16,-0.10000000149,0.0,0.0,0.0,-1.22172999382,0.0,
11479,22108,10265,16,0.600000023842,0.0,0.800000011921,0.0,0.174532994628,0.0,
11480,22108,10454,15,1.0,-0.600000023842,0.34999999404,-1.57079994678,0.0,0.0,
11481,22108,10454,15,1.0,0.600000023842,0.34999999404,-1.57079994678,0.0,0.0,
11482,22108,10262,16,0.20000000298,-0.20000000298,0.800000011921,1.22172999382,2.79253005981,1.91986000538,
11483,22108,10263,16,0.20000000298,0.20000000298,0.800000011921,1.22172999382,3.49065995216,1.91986000538,
11486,22861,6017,19,0.0,0.0,0.0,0.0,0.0,0.0,
11487,22862,7403,15,1.0,0.600000023842,0.34999999404,0.0,0.0,0.0,
11488,22863,7403,15,1.20000004768,-0.600000023842,0.34999999404,0.0,0.0,0.0,
11489,22859,6021,19,0.0,0.0,0.0,0.0,0.0,0.0,
11492,22860,6013,19,0.0,0.0,0.0,0.0,0.0,0.0,
11495,22866,244,-1,0.0,0.0,0.0,0.0,0.0,0.0,
11496,22867,10514,19,0.0,0.0,0.0,0.0,0.0,0.0,
11497,22871,10441,19,0.0,0.0,0.0,0.0,0.0,0.0,
11498,22872,12457,-1,0.0,0.0,0.0,0.0,1.57079994678,0.0,
11499,22874,10653,-1,0.0,0.0,0.0,0.0,1.57079994678,0.0,
11500,21788,6611,17,0.0,0.0,0.0,0.0,-1.04719996452,0.0,
11501,22876,10654,20,0.0,0.0,0.0,0.0,0.0,1.57079994678,
11502,22884,7473,19,0.0,0.0,-1.5,0.0,0.0,0.0,
11505,22890,6901,19,0.0,0.0,0.0,0.0,0.0,0.0,
11506,22890,10519,19,0.0,0.0,-20.0,0.0,0.0,0.0,
11507,22890,10518,19,0.0,0.0,-10.0,0.0,0.0,0.0,
11508,22890,10518,19,0.0,0.0,-30.0,0.0,0.0,0.0,
11509,22891,10661,19,0.0,0.0,0.0,0.0,1.57079994678,0.0,
11510,22892,10662,19,0.0,0.0,0.0,0.0,1.57079994678,0.0,
11511,22893,10663,19,0.0,0.0,0.0,0.0,1.57079994678,0.0,
11512,22894,10664,19,0.0,0.0,0.0,0.0,1.57079994678,0.0,
11515,21524,3170,-1,0.0,0.0,7.5,0.0,1.57079994678,0.0,
11516,21524,3170,-1,0.0,0.0,7.5,1.57079994678,1.57079994678,0.0,
11517,22457,8675,19,0.0,0.0,0.300000011921,0.0,0.0,0.0,
11518,22896,10665,-1,-0.10000000149,-21.5,14.25,0.0,0.0,0.0,
11519,22896,10665,-1,-0.629999995232,22.2999992371,13.25,3.14159011841,0.0,0.0,
11520,17057,8038,19,0.0,0.0,0.0,0.0,-1.57079994678,0.0,
11521,22898,3112,-1,0.0,0.0,1.0,0.0,0.0,0.0,
11522,22900,10104,1,0.0,0.0,0.0,0.0,0.0,0.0,
11523,22904,10667,1,0.0,0.0,0.0,0.0,0.0,0.0,
11524,22905,10668,1,0.0,0.0,0.0,0.0,0.0,0.0,
11525,22907,9809,22,0.0,0.0,0.0,0.0,0.0,0.0,
11526,22908,3079,19,0.0,2.0,3.0,0.0,0.0,0.0,
11527,22908,3079,19,0.0,-2.0,3.0,0.0,0.0,0.0,
11528,22909,7446,20,0.0,0.0,0.0,0.0,-1.57079994678,0.0,
11529,22910,8879,-1,0.0,0.0,7.5,0.0,0.0,0.0,
11530,22910,3505,-1,0.0,0.0,7.5,0.0,0.0,0.0,
11531,22004,10674,19,0.0,0.0,-0.600000023842,0.0,0.0,0.0,
11532,22004,10673,19,0.0,0.0,-0.5,0.0,0.0,0.0,
11533,22004,10676,19,0.0,0.0,0.0,0.0,0.0,0.0,
11534,22004,10678,19,0.0,0.0,-20.0,0.0,0.0,0.0,
11535,22885,9217,19,0.0,0.0,0.0,0.0,-1.57079994678,0.0,
11536,22460,10680,19,0.0,0.0,0.0,0.0,0.0,0.0,
11537,22913,9848,1,0.5,0.0,-1.0,0.0,-0.785398006439,0.0,
11538,22913,9841,1,0.5,0.0,-1.0,0.0,-0.785398006439,0.0,
11539,22917,7045,19,0.0,0.0,1.5,0.0,0.0,0.0,
11540,22918,287,2,0.0,0.0,0.0,0.0,0.0,0.0,
11541,22918,287,1,0.0,0.0,0.0,0.0,0.0,0.0,
11543,19089,10683,34,1.5,0.5,0.0,0.174532994628,0.122172996402,0.0,
11544,19089,10683,34,1.5,-0.5,0.0,-0.174532994628,0.122172996402,0.0,
11548,19089,126,24,0.0,0.0,0.0,0.0,0.0,0.0,
11549,22920,89,19,0.0,0.0,0.0,0.0,0.0,0.0,
11550,22924,10349,19,-7.0,2.0,0.0,0.0,0.0,0.0,
11551,22924,9535,19,0.0,-1.0,0.0,0.0,0.0,0.0,
11553,22924,10349,19,6.0,-3.0,0.0,0.0,0.0,0.0,
11554,22924,10349,19,-4.0,-4.0,0.0,0.0,0.0,0.0,
11555,22924,10349,19,-3.0,0.0,0.0,0.0,0.0,0.0,
11556,22924,10349,19,5.0,1.0,0.0,0.0,0.0,0.0,
11557,22928,11825,34,-0.10000000149,0.0,-0.300000011921,0.0,0.0,0.0,
11558,22929,10688,17,-0.209999993443,0.0,-0.140000000596,0.0,0.0,0.0,
11559,22929,9419,17,-0.20000000298,0.0,0.365000009537,0.0,0.0,0.0,
11561,22375,10693,34,0.0,0.0,-2.0,0.0,0.0,0.0,
11562,22375,11567,34,0.0,0.0,-0.300000011921,0.0,0.0,0.0,
11569,22938,4150,34,0.300000011921,0.0,-0.300000011921,0.0,1.57079994678,0.0,
11570,22375,10693,34,0.0,0.0,-1.0,0.0,0.0,0.0,
11572,22940,6771,34,0.0,0.0,0.0,0.0,0.0,0.0,
11575,22942,5417,-1,0.0,0.0,0.0,0.0,0.0,0.0,
11576,21108,6495,-1,0.0,0.0,2.25,0.0,0.0,0.0,
11577,22946,10700,1,-0.10000000149,-0.10000000149,0.0,0.0,1.57079994678,0.0,
11578,22947,10701,1,-0.300000011921,-0.10000000149,0.0,0.0,1.57079994678,0.0,
11579,22948,10699,1,-0.40000000596,-0.10000000149,0.0,0.0,1.57079994678,0.0,
11580,22951,7364,34,1.0,0.0,0.0,0.0,0.0,0.0,
11581,22949,10702,16,0.0,0.0,0.0,0.0,0.0,0.0,
11582,22958,3197,-1,0.0,0.0,0.0,0.0,0.0,0.0,
11583,22958,5145,-1,0.0,0.0,4.0,0.0,0.0,0.0,
11584,22958,1174,-1,0.0,3.0,-2.0,0.0,0.0,0.0,
11585,22958,9538,-1,0.0,-1.0,-2.0,0.0,0.0,0.0,
11586,22958,1176,-1,3.0,-1.0,-2.0,0.0,0.0,0.0,
11587,22958,9536,-1,3.0,-2.0,0.0,0.0,0.0,0.0,
11594,22937,6138,-1,0.0,0.0,15.0,0.0,0.0,0.0,
11596,22940,13587,-1,0.0,0.0,0.0,0.0,0.0,0.0,
11597,22980,4749,20,0.0,0.0,2.0,0.349065989256,1.39626002312,0.0,
11598,22979,3443,-1,0.0,0.0,0.0,0.0,0.0,0.0,
11600,22979,10708,-1,2.0,2.0,0.0,0.0,0.0,0.0,
11601,22979,10708,-1,2.0,-2.0,0.0,0.0,0.0,0.0,
11602,22979,10708,-1,-3.0,0.0,0.0,0.0,0.0,0.0,
11603,22979,10708,-1,-1.5,2.5,0.0,0.0,0.0,0.0,
11604,22979,10708,-1,-1.5,-2.5,0.0,0.0,0.0,0.0,
11605,22983,6446,-1,-3.0,0.0,0.0,0.0,0.0,0.0,
11606,22983,6446,-1,-1.5,2.5,0.0,0.0,0.0,0.0,
11607,22983,6446,-1,-1.5,-2.5,0.0,0.0,0.0,0.0,
11608,22983,6446,-1,2.0,2.0,0.0,0.0,0.0,0.0,
11609,22983,6446,-1,2.0,-2.0,0.0,0.0,0.0,0.0,
11610,22765,12515,19,0.0,0.0,0.0,0.0,0.0,0.0,
11612,22979,10710,1,0.0,0.0,0.0,0.0,1.57079994678,0.0,
11613,22979,10710,2,0.0,0.0,0.0,0.0,1.57079994678,0.0,
11614,22990,1054,34,0.0,0.0,0.0,0.0,0.0,0.0,
11615,22990,6436,34,0.0,0.0,0.0,0.0,0.0,0.0,
11617,22995,4246,19,0.0,0.0,0.25,0.0,0.0,0.0,
11618,22995,6763,19,0.0,0.0,0.25,0.0,0.0,0.0,
11620,22995,10719,19,0.0,0.0,0.25,0.0,0.0,0.0,
11621,22999,13154,34,0.0,0.0,0.0,0.0,0.0,0.0,
11625,23003,10722,34,0.0,0.0,0.0,0.0,0.0,0.0,
11626,23003,10722,34,0.0,0.0,0.0,0.0,0.0,0.0,
11627,23003,10725,34,0.0,0.0,0.0,0.0,0.0,0.0,
11628,23006,10730,34,0.0,0.0,0.0,1.57079994678,0.0,0.0,
11630,23006,10731,20,0.0,0.0,0.0,0.785398006439,0.0,0.0,
11634,23006,14215,19,0.0,0.0,-2.0,0.0,0.0,0.0,
11636,23011,5444,2,-0.300000011921,0.0,0.0,0.0,0.0,0.0,
11637,23011,5444,1,-0.300000011921,0.0,0.0,0.0,0.0,0.0,
11638,23011,4310,17,-0.119999997318,0.0,0.0,0.0,0.0,0.0,
11639,23004,10710,17,-0.119999997318,0.0,0.0,0.0,0.0,0.0,
11640,23004,10710,17,-0.119999997318,0.0,0.0,0.0,0.0,0.0,
11641,23004,10710,17,-0.119999997318,0.0,0.0,0.0,0.0,0.0,
11642,23015,10735,34,-0.20000000298,0.0,0.0,0.0,0.0,0.0,
11646,23019,10737,-1,0.0,0.0,0.0,0.0,0.0,0.0,
11647,23019,4993,-1,0.0,0.0,0.0,0.0,0.0,0.0,
11648,23019,4765,-1,0.0,0.0,0.0,0.0,0.0,0.0,
11649,23019,10387,-1,0.0,0.0,0.0,0.0,0.0,0.0,
11650,23020,10740,19,0.0,0.0,0.0,0.0,0.0,0.0,
11651,23020,228,19,0.0,0.0,0.0,0.0,0.0,0.0,
11654,23017,10741,17,-0.40000000596,0.0,0.0,0.0,0.0,0.0,
11656,23017,10741,17,-0.40000000596,0.0,0.0,0.0,0.0,0.0,
11657,23017,10741,17,-0.40000000596,0.0,0.0,0.0,0.0,0.0,
11658,23017,10741,17,-0.40000000596,0.0,0.0,0.0,0.0,0.0,
11659,23024,9777,34,0.899999976158,0.0,-0.40000000596,0.0,0.349065989256,0.0,
11660,23024,9777,34,1.39999997616,0.10000000149,0.75,-0.349065989256,0.261799007654,0.174532994628,
11661,23025,9777,34,0.899999976158,0.0,-0.40000000596,0.0,0.349065989256,0.0,
11662,23026,3213,19,0.0,0.0,0.0,0.0,0.0,0.0,
11663,23027,5425,19,0.0,0.0,0.0,0.0,0.0,0.0,
11664,23029,10751,34,0.0,0.0,0.0,0.0,0.0,0.0,
11665,23031,4976,19,4.0,-3.25,0.0,0.0,0.0,0.0,
11666,23031,7635,19,4.0,-3.25,0.0,0.0,0.0,0.0,
11667,23031,4832,19,4.0,-3.25,0.0,0.0,0.0,0.0,
11668,23031,4603,19,4.0,-3.25,-0.15000000596,0.0,0.0,0.0,
11669,23031,2683,19,4.0,-3.25,-0.25,0.0,0.0,0.0,
11670,23031,4976,19,3.75,3.0,0.0,0.0,0.0,0.0,
11671,23031,4832,19,3.75,3.0,0.0,0.0,0.0,0.0,
11672,23031,7635,19,3.75,3.0,0.0,0.0,0.0,0.0,
11673,23031,4603,19,3.75,3.0,-0.15000000596,0.0,0.0,0.0,
11674,23031,2683,19,3.75,3.0,-0.25,0.0,0.0,0.0,
11675,23031,10747,19,3.75,3.0,0.0,0.0,0.0,0.0,
11676,23031,10747,19,4.0,-3.25,0.0,0.0,0.0,0.0,
11677,23033,6397,19,0.0,0.0,0.0,0.0,0.0,0.0,
11678,22161,5789,1,0.0,0.0,0.0,0.0,0.0,0.0,
11679,22161,5789,2,0.0,0.0,0.0,0.0,0.0,0.0,
11680,22161,5789,48,0.0,0.0,0.0,0.0,0.0,1.91986000538,
11681,22161,5789,47,0.0,0.0,0.0,0.0,0.0,1.22172999382,
11682,22161,5789,34,0.0,0.0,-0.10000000149,0.0,0.0,0.0,
11683,22161,5789,17,-0.10000000149,0.0,-0.0500000007451,0.0,0.0,0.0,
11684,23036,2966,34,0.0,0.0,0.0,0.0,0.0,0.0,
11685,23035,371,19,0.0,0.0,0.0,0.0,0.0,0.0,
11687,23037,10752,19,0.0,0.0,1.5,0.0,0.0,0.0,
11688,23038,10753,19,0.0,0.0,0.0,0.0,0.0,0.0,
11690,23039,17,21,0.0,0.0,0.0,0.0,0.0,0.0,
11691,23039,287,21,0.0,0.0,0.0,0.0,0.0,0.0,
11692,23039,287,22,0.0,0.0,0.0,0.0,0.0,0.0,
11693,23039,17,22,0.0,0.0,0.0,0.0,0.0,0.0,
11694,23040,288,22,0.0,0.0,0.0,0.0,0.0,0.0,
11695,23040,288,21,0.0,0.0,0.0,0.0,0.0,0.0,
11696,23040,17,21,0.0,0.0,0.0,0.0,0.0,0.0,
11697,23040,17,22,0.0,0.0,0.0,0.0,0.0,0.0,
11700,23041,8834,34,0.0,0.0,0.0,0.0,0.0,0.0,
11701,23041,8834,19,0.0,0.0,0.0,0.0,0.0,0.0,
11702,23041,8834,19,0.0,0.0,0.550000011921,0.0,0.0,0.0,
11707,23045,624,34,0.0,0.0,0.0,0.0,0.0,0.0,
11708,23046,4509,34,0.0,0.0,0.0,0.0,0.0,0.0,
11709,23051,11075,19,0.0,0.0,0.0,0.0,0.0,0.0,
11713,23055,12438,-1,0.0,0.0,0.0,0.0,0.0,0.0,
11715,22560,10472,39,-0.649999976158,-0.300000011921,0.0,-1.57079994678,0.0,0.0,
11716,23053,6436,2,0.5,0.0,0.0,0.0,0.0,0.0,
11717,23053,10708,2,0.5,-0.300000011921,-0.10000000149,0.0,1.74532997608,-0.436331987381,
11719,23057,10754,19,-0.600000023842,-0.0500000007451,-1.0,0.0,0.0,0.0,
11723,23058,10755,34,0.0,0.0,0.0,0.0,0.0,0.0,
11724,23059,10758,19,0.0,0.0,0.5,0.0,0.0,0.0,
11725,23059,10761,19,0.0,0.0,-1.0,0.0,0.0,0.0,
11726,23059,8155,19,0.0,0.0,-4.0,0.0,4.71238994598,0.0,
11727,23062,8905,34,0.75,0.0,0.0,3.14159011841,0.0,0.0,
11728,23062,228,34,0.0,0.0,0.0,0.0,0.0,0.0,
11729,23056,8471,34,0.0,0.0,0.0,0.0,1.57079994678,0.0,
11730,23063,4158,-1,0.0,0.0,0.0,0.0,0.0,0.0,
11731,23065,3672,19,0.0,0.0,0.800000011921,0.0,0.0,0.0,
11732,23066,12162,-1,0.0,0.0,0.0,0.0,0.0,0.0,
11733,23067,4742,17,0.0,0.0,0.0,0.0,0.0,0.0,
11736,23068,6842,-1,0.0,0.0,0.0,0.0,0.0,0.0,
11737,23071,10763,34,0.0,0.0,0.0,0.0,0.0,0.0,
11738,23072,371,19,0.0,0.0,0.0,0.0,0.0,0.0,
11739,23072,4241,19,0.0,0.0,0.0,0.0,0.0,0.0,
11740,23074,9137,19,0.0,0.0,1.0,0.0,0.0,0.0,
11741,23074,10032,19,0.0,0.0,0.0,0.0,0.0,0.0,
11743,22972,6469,19,-1.0,0.0,0.0,0.0,0.0,0.0,
11750,22972,6469,19,-1.0,-7.0,0.0,0.0,0.0,0.0,
11751,22972,6469,19,-1.0,7.0,0.0,0.0,0.0,0.0,
11752,22972,6469,19,-1.0,14.0,0.0,0.0,0.0,0.0,
11753,22972,6469,19,-1.0,-14.0,0.0,0.0,0.0,0.0,
11754,22972,6469,19,-1.0,-21.0,0.0,0.0,0.0,0.0,
11755,22972,6469,19,-1.0,21.0,0.0,0.0,0.0,0.0,
11756,22972,6469,19,-1.0,28.0,0.0,0.0,0.0,0.0,
11757,22972,6469,19,-1.0,-28.0,0.0,0.0,0.0,0.0,
11760,23083,11005,-1,0.0,0.0,1.0,0.0,0.0,0.0,
11761,23085,3074,34,0.0,0.0,0.0,0.0,0.0,0.0,
11763,23086,7271,19,0.0,0.0,0.0,0.0,0.0,0.0,
11764,23086,126,2,0.0,0.0,0.0,0.0,0.0,0.0,
11765,23086,126,1,0.0,0.0,0.0,0.0,0.0,0.0,
11767,23088,4383,19,0.0,0.0,0.0,0.0,0.0,0.0,
11769,23092,5586,19,-0.600000023842,-0.0500000007451,-0.5,0.0,0.0,0.0,
11770,23087,13188,19,-0.600000023842,-0.0500000007451,0.0,0.0,0.0,0.0,
11771,23096,4506,19,-0.600000023842,-0.0500000007451,0.0,0.0,0.0,0.0,
11773,23101,565,19,0.0,0.0,0.0,0.0,0.0,0.0,
11774,23101,565,34,0.0,0.0,0.0,0.0,0.0,0.0,
11776,23103,7210,-1,0.0,0.0,1.0,0.0,1.04719996452,0.0,
11777,23102,7210,20,0.0,0.0,-0.5,0.0,1.22172999382,0.0,
11778,23105,502,34,0.5,0.0,0.0,0.0,0.0,0.0,
11779,23107,9369,19,0.0,0.0,2.0,0.0,0.0,0.0,
11780,23107,11046,19,0.0,0.0,0.0,0.0,0.0,0.0,
11781,23111,5897,17,0.0,0.10000000149,-0.10000000149,-0.436331987381,0.0872659981251,0.0,
11782,23111,5897,17,0.0,0.10000000149,-0.10000000149,0.261799007654,0.0872659981251,0.0,
11783,23111,5897,17,0.0,0.10000000149,-0.10000000149,-0.0872659981251,0.0872659981251,0.0,
11784,23114,10767,19,0.0,0.0,0.0,0.0,0.0,0.0,
11785,23115,10768,19,0.0,0.0,0.0,0.0,0.0,0.0,
11786,23116,5759,19,0.0,0.0,-5.0,0.0,0.0,0.0,
11787,23117,10769,19,0.0,0.0,0.0,0.0,0.0,0.0,
11788,23119,10770,17,-0.40000000596,0.0,0.270000010729,0.0,1.91986000538,0.0,
11791,23120,228,19,0.0,0.0,0.0,0.0,0.0,0.0,
11793,23121,228,34,0.0,0.0,0.0,0.0,0.0,0.0,
11794,23121,228,19,0.0,0.0,0.0,0.0,0.0,0.0,
11798,23123,4944,19,0.0,0.0,-1.5,0.0,0.0,0.0,
11800,23120,10775,19,0.0,0.0,4.0,0.0,3.14159011841,0.0,
11801,23120,10774,19,0.0,0.0,2.5,4.18878984451,3.14159011841,0.0,
11802,23120,10774,19,0.0,0.0,2.5,2.09438991547,3.14159011841,0.0,
11803,23120,10774,19,0.0,0.0,3.5,0.785398006439,3.14159011841,0.0,
11810,23126,255,20,0.0,0.0,-1.5,0.0,0.0,0.0,
11811,23127,10688,17,-0.119999997318,0.0799999982119,0.0500000007451,0.523599028587,0.0,0.0,
11813,23127,10688,17,-0.119999997318,-0.0799999982119,0.0500000007451,-0.523599028587,0.0,0.0,
11814,23128,10780,17,-0.019999999553,0.0900000035763,0.20000000298,0.0,0.0,0.0,
11818,23128,10780,17,-0.019999999553,-0.0900000035763,0.20000000298,0.0,0.0,0.0,
11819,23129,3146,12,0.0,0.0,0.0,0.0,0.0,0.0,
11820,23130,5354,21,0.0,0.0,0.0,0.0,0.0,0.0,
11821,23130,5354,8,0.0,0.0,0.0,0.0,0.0,0.0,
11822,23131,10781,19,0.75,0.0,0.10000000149,0.0,0.0,0.0,
11823,23135,10782,19,0.0,0.0,0.0,3.14159011841,0.0,0.0,
11825,23144,9148,19,0.0,0.0,0.0,0.0,1.57079994678,0.0,
11826,23148,734,-1,0.0,0.0,2.0,0.0,0.0,0.0,
11831,23150,13728,34,0.0,0.0,0.0,1.57079994678,-1.57079994678,0.0,
11832,23150,128,19,0.0,0.0,0.0,0.0,0.0,0.0,
11833,23150,3213,19,0.0,0.0,0.0,0.0,0.0,0.0,
11834,23151,955,19,0.0,0.0,0.0,0.0,0.0,0.0,
11836,23153,10792,19,0.0,0.0,0.0,0.0,0.0,0.0,
11837,23153,2082,19,0.0,0.0,0.0,0.0,0.0,0.0,
11839,23155,955,19,0.0,0.0,0.0,0.0,0.0,0.0,
11840,22056,10794,-1,0.0,0.0,0.0,0.0,0.0,0.0,
11841,22055,10795,19,0.0,0.0,-1.29999995232,0.0,0.0,0.0,
11843,23160,6843,19,0.0,0.0,0.0,0.0,0.0,0.0,
11844,23160,10796,19,0.0,0.0,0.0,0.0,0.0,0.0,
11845,23161,10540,34,-1.0,0.0,-1.0,3.14159011841,0.0,0.0,
11846,23162,10797,19,3.0,0.0,0.0,0.0,-1.57079994678,0.0,
11849,23166,9605,19,0.0,0.0,0.0,0.0,0.0,0.0,
11850,23166,9605,19,0.0,0.0,3.0,0.0,0.0,0.0,
11851,23167,9362,19,0.0,0.0,0.0,0.0,0.0,0.0,
11854,23147,624,20,0.0,0.0,1.0,0.0,0.0,0.0,
11855,23171,4898,19,0.0,0.0,0.0,2.09438991547,0.0,0.0,
11856,23172,10921,21,0.0,0.0,0.0,0.0,0.0,0.0,
11857,23172,10921,22,0.0,0.0,0.0,0.0,0.0,0.0,
11858,23175,4150,-1,0.5,1.0,0.0,0.0,0.0,0.0,
11859,23175,1303,-1,0.0,0.0,0.0,0.0,0.0,0.0,
11860,23175,4150,-1,-1.0,0.0,0.0,0.0,0.0,0.0,
11862,23175,4150,-1,0.5,-1.0,0.0,0.0,0.0,0.0,
11868,23176,4150,-1,0.5,1.0,0.0,0.0,0.0,0.0,
11869,23176,1303,-1,0.0,0.0,0.0,0.0,0.0,0.0,
11870,23176,4150,-1,-1.0,0.0,0.0,0.0,0.0,0.0,
11871,23176,4150,-1,0.5,-1.0,0.0,0.0,0.0,0.0,
11872,23177,9209,19,0.0,0.0,0.0,0.0,0.0,0.0,
11873,23178,10807,19,0.0,0.0,1.5,0.0,0.0,0.0,
11874,23178,9276,19,2.5,0.0,2.0,0.0,0.0,0.0,
11875,23179,3411,-1,0.0,0.0,0.0,0.0,0.0,0.0,
11876,23179,10809,-1,0.0,0.0,0.0,0.0,0.0,0.0,
11877,23180,9002,-1,0.0,0.0,0.0,0.0,0.0,0.0,
11878,23178,9209,19,0.0,0.0,0.0,0.0,0.0,0.0,
11879,23178,3104,19,0.0,0.0,0.0,0.0,0.0,0.0,
11880,23184,10811,19,-0.600000023842,0.0,-0.600000023842,0.0,1.57079994678,0.0,
11884,23190,8538,-1,0.0,0.0,0.0,0.0,0.0,0.0,
11885,23191,215,19,-0.40000000596,1.10000002384,0.20000000298,0.0,0.0,-1.57079994678,
11886,23190,5342,-1,0.0,0.0,0.0,0.0,0.0,0.0,
11887,23192,7763,34,0.0,0.0,0.0,0.0,0.0,0.0,
11888,23192,4293,34,0.0,0.0,0.0,0.0,0.0,0.0,
11889,23199,10817,2,0.0,0.0,0.0,0.0,0.0,0.0,
11890,23199,10817,1,0.0,0.0,0.0,0.0,0.0,0.0,
11891,23201,10818,19,0.0,0.0,0.0,0.0,0.0,0.0,
11892,23195,5877,21,0.0,-0.5,0.0,0.0,0.0,0.0,
11893,23195,5877,21,0.0,0.0,0.0,0.0,0.0,0.0,
11894,23195,5877,21,0.0,0.5,0.0,0.0,0.0,0.0,
11896,23203,10819,34,0.0,0.0,0.0,0.0,0.0,0.0,
11897,23203,10560,34,0.0,0.0,0.0,0.0,0.0,0.0,
11899,23205,10532,19,0.0,0.0,2.0,0.0,0.0,0.0,
11900,23204,10891,34,0.0,0.0,0.0,0.0,0.0,0.0,
11901,23204,10893,34,0.0,0.0,0.0,0.0,0.0,0.0,
11902,23202,5920,17,0.0,0.0,0.0,0.0,0.0,0.0,
11906,23216,8985,19,0.0,0.0,0.0,0.0,-1.57079994678,0.0,
11907,23216,10531,19,0.0,0.0,0.0,0.0,0.0,0.0,
11908,23216,734,19,0.0,0.0,0.0,0.0,0.0,0.0,
11909,23216,1902,19,0.0,0.0,-10.0,0.0,0.0,0.0,
11911,23219,10827,15,0.34999999404,0.0,-0.300000011921,0.0,0.0,0.0,
11912,23221,10828,15,0.34999999404,0.0,-0.5,0.0,0.0,0.0,
11913,23220,8594,34,0.0,0.0,-0.5,0.0,0.0,0.0,
11914,23222,10832,15,0.34999999404,0.0,-0.5,0.0,0.0,0.0,
11915,23224,10833,15,0.34999999404,0.0,-0.449999988079,0.0,0.0,0.0,
11917,23233,7210,-1,-1.0,0.0,1.0,0.0,1.04719996452,0.0,
11918,23234,7210,-1,1.75,0.300000011921,1.0,0.0,1.04719996452,0.0,
11923,23238,11852,-1,0.0,0.0,4.0,0.0,0.0,0.0,
11925,23239,11853,-1,0.0,2.0,3.0,0.0,0.0,0.0,
11928,23240,11854,-1,0.0,-2.0,3.0,0.0,0.0,0.0,
11933,23241,11855,-1,0.0,-3.25,1.25,0.0,0.0,0.0,
11937,23242,11856,-1,0.0,3.25,1.25,0.0,0.0,0.0,
11939,23243,11857,-1,0.0,0.0,4.0,0.0,0.0,0.0,
11941,23244,11858,-1,0.0,2.0,3.0,0.0,0.0,0.0,
11944,23245,11859,-1,0.0,-2.0,3.0,0.0,0.0,0.0,
11947,23246,11860,-1,0.0,3.25,1.25,0.0,0.0,0.0,
11952,23247,11861,-1,0.0,-3.25,1.25,0.0,0.0,0.0,
11954,23249,5877,21,0.0,-0.5,0.0,0.0,0.0,0.0,
11955,23249,5877,21,0.0,0.0,0.0,0.0,0.0,0.0,
11956,23249,5877,21,0.0,0.5,0.0,0.0,0.0,0.0,
11957,23251,1643,19,0.0,0.0,-0.5,0.0,0.0,0.0,
11958,23251,1643,19,0.0,0.0,0.5,0.0,0.0,0.0,
11960,23251,1643,19,0.0,0.0,0.25,0.0,0.0,0.0,
11961,23251,1643,19,0.0,0.0,-0.25,0.0,0.0,0.0,
11966,23228,5875,34,0.0,0.0,0.0,0.0,0.0,0.0,
11967,23228,5875,34,0.0,0.0,0.0,0.0,0.0,0.0,
11968,23228,4213,34,0.0,0.0,0.0,0.0,0.0,0.0,
11972,23228,6371,34,0.20000000298,0.0,0.0,0.0,0.0,0.0,
11973,23228,6371,34,0.20000000298,0.0,0.0,0.0,0.0,0.0,
11974,23228,6371,34,0.20000000298,0.0,0.0,0.0,0.0,0.0,
11975,23264,7604,34,0.0,0.0,0.0,0.0,0.0,0.0,
11976,23264,10860,20,0.0,0.0,0.0,0.0,0.0,0.0,
11977,23265,4898,-1,0.0,0.0,0.0,2.09438991547,0.0,0.0,
11978,23266,3672,-1,0.5,0.0,0.0,0.0,0.0,0.0,
11980,23276,3112,-1,0.0,0.0,0.0,0.0,0.0,0.0,
11984,23217,10532,19,0.0,0.0,3.0,0.0,0.0,0.0,
11993,23282,7205,19,0.0,0.0,0.0,0.0,0.0,0.0,
11996,23217,6502,19,0.0,0.0,0.0,0.0,0.0,0.0,
11998,23278,10866,19,0.0,0.0,0.0,0.0,0.0,0.0,
11999,23278,10866,19,0.0,0.0,0.0,0.0,0.0,0.0,
12001,23289,10867,-1,0.0,0.0,0.0,0.0,0.0,0.0,
12003,23289,10637,-1,0.0,0.0,0.0,0.0,0.0,0.0,
12004,23289,10868,-1,0.0,0.0,0.0,0.0,0.0,0.0,
12007,23289,7735,-1,0.0,0.0,0.0,0.0,0.0,0.0,
12011,23292,7759,34,0.0,0.0,0.0,0.0,0.0,0.0,
12012,23294,4466,17,0.10000000149,0.0,-0.34999999404,0.0,0.0,0.0,
12013,23293,10872,19,0.10000000149,0.0,0.0,0.0,0.0,0.0,
12014,23295,10876,19,0.0,0.0,1.0,3.14159011841,0.0,0.0,
12015,23278,11053,19,0.10000000149,-0.15000000596,1.5,1.04719996452,0.0,0.0,
12017,23296,10875,22,1.0,0.0,0.0,0.0,0.0,0.0,
12019,23298,3684,-1,0.0,0.0,0.0,0.0,0.0,0.0,
12020,23299,588,34,0.0,0.0,0.0,0.0,0.0,0.0,
12024,23302,10879,19,0.0,0.0,-3.0,0.0,0.0,0.0,
12026,23302,10879,19,0.0,0.0,-3.5,0.0,0.0,0.0,
12027,23202,5920,17,0.0,0.0,0.0,1.57079994678,0.0,0.0,
12028,23303,4500,34,0.0,0.0,-1.0,0.0,0.0,0.0,
12029,23303,228,34,0.0,0.0,-0.5,0.0,0.0,0.0,
12030,23202,5920,17,0.0,0.0,0.0,3.14159011841,0.0,0.0,
12032,23202,5920,17,0.0,0.0,0.0,4.71238994598,0.0,0.0,
12036,23304,228,17,0.0,0.0,-0.300000011921,0.0,0.0,0.0,
12037,23202,5920,17,0.0,0.0,0.0,0.785398006439,0.0,0.0,
12038,23202,5920,17,0.0,0.0,0.0,2.3561899662,0.0,0.0,
12039,23202,5920,17,0.0,0.0,0.0,3.9269900322,0.0,0.0,
12040,23202,5920,17,0.0,0.0,0.0,5.49778985977,0.0,0.0,
12048,23317,6468,19,0.0,0.0,1.0,0.0,0.0,0.0,
12055,23326,4509,19,0.0,0.0,0.0,0.0,0.0,0.0,
12056,23326,10897,19,0.0,0.0,0.0,0.0,0.0,0.0,
12057,23325,8261,19,0.0,0.0,2.0,0.0,-1.57079994678,0.0,
12062,23330,6082,19,0.0,0.0,0.0,0.0,0.0,0.0,
12063,23330,6082,19,0.0,0.0,0.0,0.0,0.0,0.0,
12064,23330,9151,19,0.0,0.0,0.0,0.0,0.0,0.0,
12066,23332,10198,21,0.20000000298,0.20000000298,0.20000000298,0.0,1.57079994678,-0.523599028587,
12068,23333,10899,19,0.0,0.0,0.0,0.0,0.0,0.0,
12070,23331,4114,21,0.0,0.0,0.0,0.0,0.0,0.0,
12071,23336,4114,34,0.0,0.0,0.0,0.0,0.0,0.0,
12072,23337,4114,22,0.0,0.0,0.0,0.0,0.0,0.0,
12073,23338,4114,21,0.0,0.0,0.0,0.0,0.0,0.0,
12074,23338,4114,22,0.0,0.0,0.0,0.0,0.0,0.0,
12075,23336,4114,34,0.0,0.0,0.0,0.0,0.0,0.0,
12076,23331,4114,21,0.0,0.0,0.0,0.0,0.0,0.0,
12077,23337,4114,22,0.0,0.0,0.0,0.0,0.0,0.0,
12079,23340,4833,19,0.0,0.0,-2.0,0.0,0.0,0.0,
12080,23341,12436,19,0.0,0.0,0.0,0.0,0.0,0.0,
12082,23342,6966,34,0.0,0.0,0.0,0.0,0.0,0.0,
12084,23343,4241,-1,0.0,0.0,-1.5,0.0,0.0,0.0,
12092,23346,10908,17,-0.019999999553,-0.0299999993294,0.070000000298,0.0,0.0,0.0,
12095,23346,10908,17,-0.019999999553,0.0299999993294,0.070000000298,0.0,0.0,0.0,
12096,23347,10909,16,-0.600000023842,0.0,-0.300000011921,0.0,0.0,0.0,
12099,23351,10873,19,0.0,0.0,1.5,1.57079994678,0.0,0.0,
12100,23351,10873,19,0.0,0.0,1.5,0.0,0.0,0.0,
12103,23349,10916,-1,0.0,0.0,0.0,0.0,0.0,0.0,
12104,23349,10917,-1,0.0,0.0,0.0,0.0,0.0,0.0,
12105,23352,5429,-1,0.0,0.0,-0.5,0.0,0.0,0.0,
12106,23354,4241,-1,0.0,0.0,0.0,0.0,0.0,0.0,
12107,23355,10923,19,0.0,0.0,0.0,0.0,0.0,0.0,
12109,23357,3426,-1,0.0,0.0,0.0,0.0,0.0,0.0,
12111,23360,10976,17,-0.20000000298,0.899999976158,-1.14999997616,0.0,0.0,0.0,
12113,23363,9351,-1,0.0,0.0,0.0,0.0,0.0,0.0,
12114,22224,10278,19,2.5,0.0,0.0,0.0,0.0,0.0,
12115,22224,10278,19,2.5,0.0,0.0,1.57079994678,0.0,0.0,
12116,23364,7773,-1,0.0,0.0,-2.0,0.0,0.261799007654,-0.261799007654,
12121,23369,50,17,-0.20000000298,0.0,0.20000000298,1.57079994678,0.0,0.0,
12122,23374,10924,19,0.0,0.0,-0.129999995232,3.14159011841,0.0,0.0,
12123,23375,9685,-1,0.0,0.0,0.0,0.0,0.0,0.0,
12125,23379,5892,19,0.0,0.0,0.25,0.0,0.0,0.0,
12126,23380,10198,38,0.20000000298,0.0,0.0,0.0,0.0,0.0,
12127,23382,13880,-1,0.0,0.0,0.0,1.57079994678,0.0,0.0,
12128,23383,8874,19,0.0,0.0,0.0,3.14159011841,0.0,0.0,
12129,23384,13880,19,0.0,0.0,-2.0,3.14159011841,0.0,0.0,
12130,23388,10928,19,0.0,0.0,0.0,0.0,0.0,0.0,
12133,23387,11146,19,0.300000011921,0.0,-0.800000011921,0.0,0.0,0.0,
12134,23388,123,19,0.0,0.0,0.0,0.0,0.0,0.0,
12135,23390,6582,19,0.0,0.0,1.0,0.0,0.0,0.0,
12141,23393,10933,-1,0.0,0.0,0.0,0.0,0.0,0.0,
12145,23393,9516,-1,0.0,0.0,0.0,0.0,0.0,0.0,
12146,23394,1202,20,0.0,0.10000000149,0.0,1.57079994678,0.0,0.0,
12147,23394,1202,20,0.10000000149,0.0,0.0,3.14159011841,0.0,0.0,
12148,23394,1202,20,0.0,-0.10000000149,0.0,4.71238994598,0.0,0.0,
12149,23396,6064,1,1.29999995232,0.0,0.15000000596,0.0,-0.261799007654,0.0,
12151,23397,6362,12,0.40000000596,0.0,-1.5,0.0,0.0,0.0,
12153,23401,3843,20,0.0,0.0,0.0,0.0,0.0,0.0,
12154,23402,10939,17,0.0,0.0,0.0,0.0,0.0,0.0,
12156,23405,8175,19,0.0,0.0,0.0,0.0,0.0,0.0,
12157,23405,8175,19,0.0,0.0,0.0,1.57079994678,0.0,0.0,
12158,23405,8174,19,0.0,0.0,0.0,0.785398006439,0.0,0.0,
12159,23405,8174,19,0.0,0.0,0.0,2.3561899662,0.0,0.0,
12161,23411,3330,20,0.0,0.0,0.5,0.0,0.0,0.0,
12162,23414,11276,19,0.0,0.0,-0.20000000298,0.0,0.0,0.0,
12164,23414,11276,19,5.0,0.0,-0.20000000298,0.0,0.0,0.0,
12166,23414,11276,19,10.0,0.0,-0.20000000298,0.0,0.0,0.0,
12172,23414,11276,19,15.0,0.0,-0.20000000298,0.0,0.0,0.0,
12173,23414,11276,19,20.0,0.0,-0.20000000298,0.0,0.0,0.0,
12174,23414,11276,19,25.0,0.0,-0.20000000298,0.0,0.0,0.0,
12175,23414,11276,19,30.0,0.0,-0.20000000298,0.0,0.0,0.0,
12176,23414,11276,19,35.0,0.0,-0.20000000298,0.0,0.0,0.0,
12177,23414,11276,19,40.0,0.0,-0.20000000298,0.0,0.0,0.0,
12179,23415,8937,19,0.0,0.0,0.0,0.0,0.0,0.0,
12183,23420,5382,-1,0.0,0.0,0.0,0.0,0.0,0.0,
12184,23420,6033,-1,0.0,0.0,0.0,0.0,0.0,0.0,
12185,23420,5354,-1,0.0,0.0,0.0,0.0,0.0,0.0,
12186,23417,10951,21,0.0,0.0,0.0,0.0,0.0,0.0,
12187,23417,10951,22,0.0,0.0,0.0,0.0,0.0,0.0,
12188,23417,10951,19,0.0,0.0,0.0,0.0,0.0,0.0,
12189,23417,10951,17,0.0,0.0,0.0,0.0,0.0,0.0,
12190,23424,10609,22,0.5,0.0,0.0,0.0,0.0,0.0,
12192,23425,4517,17,1.5,0.0,0.0,0.0,-1.57079994678,0.0,
12193,23430,3994,21,0.0,0.0,0.0,0.0,0.0,0.0,
12195,22338,4271,19,0.0,0.0,-0.5,1.57079994678,0.0,0.0,
12196,22338,4271,19,0.0,0.0,-0.5,0.0,0.0,0.0,
12197,22338,4271,19,0.0,0.0,-0.5,0.785398006439,0.0,0.0,
12198,23432,10953,12,3.0,0.0,-0.800000011921,0.0,0.523599028587,0.0,
12199,23433,10954,16,0.10000000149,0.0,0.0,0.0,0.0,0.785398006439,
12202,23436,8245,19,-0.300000011921,0.0,0.0,0.0,0.0,0.0,
12204,23436,8248,19,-0.300000011921,0.0,0.0,0.0,0.0,0.0,
12205,23436,10956,19,-0.300000011921,0.0,0.20000000298,0.0,0.0,0.0,
12206,21309,7250,17,0.0,0.0,-0.40000000596,0.0,0.785398006439,0.0,
12207,21309,7250,17,0.0,0.0,-0.40000000596,0.0,0.785398006439,0.0,
12208,23447,10960,19,0.0,0.0,0.10000000149,1.04719996452,0.0,0.0,
12209,23447,10960,19,0.0,0.0,0.20000000298,1.57079994678,0.0,0.0,
12210,23447,10960,19,0.0,0.0,0.0,0.0,0.0,0.0,
12211,23447,10960,19,0.0,0.0,0.300000011921,0.523599028587,0.0,0.0,
12212,23449,230,34,0.0,0.0,0.0,0.0,0.0,0.0,
12213,22320,10964,17,-0.019999999553,0.0450000017881,0.159999996424,0.0,0.0,0.0,
12216,22320,10964,17,-0.019999999553,-0.0500000007451,0.159999996424,0.0,0.0,0.0,
12218,23454,14149,19,0.0,0.0,0.0,0.0,-1.57079994678,0.0,
12219,23457,8230,19,1.0,-1.0,1.0,0.0,0.0,0.61086499691,
12220,23458,10966,19,1.5,0.25,1.75,0.0,0.0,0.0,
12221,23458,10966,19,1.5,-0.25,1.75,0.0,0.0,0.0,
12222,23458,7604,19,1.0,0.0,1.75,0.0,0.0,0.0,
12223,23459,10966,19,1.5,0.25,3.0,0.0,0.0,0.0,
12224,23459,10966,19,1.5,-0.25,3.0,0.0,0.0,0.0,
12225,23459,7604,19,1.0,0.0,3.0,0.0,0.0,0.0,
12226,23460,10967,1,0.0,0.0,0.0,1.57079994678,0.0,-1.57079994678,
12227,23463,10273,34,0.0,0.0,0.0,0.0,0.0,0.0,
12229,23467,10971,20,0.0,0.0,-1.0,0.0,0.0,0.0,
12233,23474,5493,-1,0.0,0.0,-0.25,0.0,-1.57079994678,0.0,
12235,23475,8012,-1,0.0,0.0,0.0,0.0,0.0,0.0,
12236,22342,9172,17,-0.019999999553,0.0500000007451,0.159999996424,0.0,0.0,0.0,
12240,22342,9172,17,-0.019999999553,-0.0500000007451,0.159999996424,0.0,0.0,0.0,
12243,23476,10978,17,-0.219999998808,0.0,0.449999988079,0.0,0.0,0.0,
12244,23478,10075,-1,0.0,0.0,0.0,0.0,0.0,0.0,
12245,23478,4871,-1,0.0,0.0,1.0,0.0,0.0,0.0,
12246,23478,9307,-1,0.0,0.0,1.0,0.0,0.0,0.0,
12248,23483,5781,21,0.0,0.0,0.0,0.0,-1.57079994678,0.0,
12249,23484,5449,-1,0.0,0.0,0.0,0.0,-1.57079994678,0.0,
12250,23491,9905,19,0.0,0.0,1.29999995232,0.0,0.0,0.0,
12251,23491,6827,19,0.0,0.0,0.0,0.0,0.0,0.0,
12252,23491,6827,19,0.0,2.0,0.0,0.0,0.0,0.0,
12253,23491,6827,19,0.0,-2.0,0.0,0.0,0.0,0.0,
12255,23495,10262,19,0.0,0.0,1.0,0.0,0.0,1.57079994678,
12256,23497,7109,-1,0.0,0.0,0.0,0.0,-1.57079994678,0.0,
12257,23499,8483,19,0.0,0.0,-1.0,0.0,0.261799007654,0.0,
12258,23502,10986,19,0.0,0.0,0.0,0.0,0.0,0.0,
12259,23503,13364,19,0.0,0.0,1.0,0.0,0.0,0.0,
12260,23506,9905,19,0.0,0.0,1.29999995232,0.0,0.0,0.0,
12261,23506,6827,19,0.0,0.0,0.0,0.0,0.0,0.0,
12262,23506,6827,19,0.0,2.0,0.0,0.0,0.0,0.0,
12263,23506,6827,19,0.0,-2.0,0.0,0.0,0.0,0.0,
12264,23506,1242,17,0.0,0.0,0.0,0.0,0.0,0.0,
12265,23508,11159,19,1.0,0.0,0.0,0.0,0.0,0.0,
12266,23508,11159,19,1.0,0.300000011921,0.0,0.261799007654,0.0,0.0,
12267,23508,11159,19,1.0,-0.300000011921,0.0,-0.261799007654,0.0,0.0,
12268,23508,11159,19,1.0,-0.300000011921,0.0,-0.523599028587,0.0,0.0,
12269,23508,11159,19,1.0,0.300000011921,0.0,0.523599028587,0.0,0.0,
12273,23514,3898,19,0.0,0.0,-2.0,0.0,0.0,0.0,
12274,23514,3388,19,0.0,0.0,-0.5,0.0,0.0,0.0,
12275,23515,6055,-1,0.0,0.0,0.0,0.0,0.0,0.0,
12276,23515,4362,-1,0.0,0.0,-2.0,0.0,0.0,0.0,
12280,23521,11127,-1,0.0,0.0,0.0,0.0,0.0,0.0,
12281,23521,4898,-1,0.0,0.0,0.0,0.0,0.0,0.0,
12282,23527,11643,17,-0.0799999982119,0.0,0.280000001192,0.0,0.698131978512,0.0,
12283,23526,3367,21,0.0,0.0500000007451,0.0,0.0,1.57079994678,0.0,
12284,23533,11006,19,0.0,0.0,0.0,0.0,0.0,0.0,
12289,23536,7109,19,1.0,0.5,1.5,0.0,0.0,0.0,
12292,23537,4896,34,0.0,0.0,0.0,0.0,0.0,0.0,
12294,23537,4896,17,0.0,0.0,0.0,0.0,0.0,0.0,
12296,23551,5625,34,0.0,0.0,0.0,0.0,0.0,0.0,
12297,23552,11012,19,0.0,0.0,2.0,0.0,0.0,0.0,
12299,18551,11014,17,-0.070000000298,0.20000000298,0.319999992847,0.0,0.349065989256,0.0,
12300,18551,11014,17,-0.070000000298,-0.20000000298,0.319999992847,0.0,0.349065989256,0.0,
12301,23536,7109,19,1.0,0.5,1.5,0.523599028587,0.0,0.0,
12302,23536,7109,19,1.0,0.5,1.5,-0.523599028587,0.0,0.0,
12303,23149,3633,19,0.0,0.0,0.0,0.0,0.0,0.0,
12304,23559,9351,-1,0.0,0.0,0.0,0.0,0.0,0.0,
12305,23559,6236,-1,0.0,0.0,0.0,0.0,0.0,0.0,
12306,23562,11015,17,-0.0500000007451,0.0799999982119,0.15000000596,0.0,0.0,0.0,
12307,23562,11015,17,-0.0500000007451,-0.0799999982119,0.15000000596,0.0,0.0,0.0,
12308,23567,8905,34,0.0,0.0,0.0,0.0,3.14159011841,0.0,
12309,23567,228,34,0.0,0.0,0.0,0.0,0.0,0.0,
12310,23569,6856,34,2.0,0.0,-2.0,0.0,0.0,0.0,
12315,23576,1883,34,0.0,0.0,0.0,0.0,0.0,0.0,
12318,23409,13334,-1,0.0,0.0,0.0,0.0,0.0,0.0,
12320,23584,3298,-1,0.0,0.0,0.0,0.0,0.0,0.0,
12321,23585,8804,20,2.0,0.0,0.0,0.0,3.14159011841,0.0,
12322,23585,228,20,0.0,0.0,-1.0,0.0,0.0,0.0,
12323,23033,11030,19,0.0,0.0,0.0,0.0,0.0,0.0,
12324,23582,8342,34,0.0,0.0,0.0,0.0,0.0,0.0,
12325,23582,8342,34,0.0,0.0,0.0,0.0,0.0,0.0,
12326,23592,1983,-1,2.0,0.0,0.0,0.0,0.0,0.0,
12327,23592,3082,-1,2.0,0.0,0.0,0.0,0.0,0.0,
12328,22254,11034,22,0.0,-0.600000023842,-0.5,0.0,0.0,1.57079994678,
12329,23149,3624,19,0.0,0.0,0.0,0.0,0.0,0.0,
12331,23603,11041,20,-1.0,0.0,1.0,0.0,0.0,0.0,
12332,23603,11041,20,-1.0,0.0,1.0,0.0,0.0,0.0,
12333,23609,7418,19,0.0,0.0,-0.5,0.0,0.0,0.0,
12334,23611,4095,19,0.0,0.0,2.0,0.0,0.0,0.0,
12335,23610,11045,19,2.0,0.0,2.0,0.0,0.0349069982767,0.0,
12336,23612,3465,19,0.0,0.0,1.20000004768,0.0,0.0,0.0,
12338,23621,8197,-1,-2.0,0.0,5.0,0.0,0.0,0.0,
12339,23266,8448,-1,1.0,0.0,-0.300000011921,0.0,0.0,0.0,
12341,23266,3672,-1,0.5,0.0,0.0,0.0,0.0,0.0,
12342,23630,5342,19,0.0,0.0,0.0,0.0,0.0,0.0,
12343,23631,10799,-1,0.0,0.0,0.0,0.0,0.0,0.0,
12344,23278,11053,19,0.10000000149,-0.15000000596,1.5,2.61799001694,0.0,0.0,
12346,23634,11057,21,0.0,0.0,0.25,-0.174532994628,1.13445997238,0.0,
12351,23652,11061,19,-0.5,0.0,-7.0,0.0,0.0,0.0,
12352,23652,1182,19,0.0,0.0,1.70000004768,0.0,0.0,0.0,
12353,23654,7178,-1,0.0,0.0,0.449999988079,0.0,0.0,0.0,
12356,23656,834,19,0.0,0.0,0.0,2.09438991547,0.0,0.0,
12358,23658,12201,-1,0.0,0.0,-10.0,0.0,0.0,0.0,
12363,23659,6003,19,0.0,0.0,-1.5,0.0,0.0,0.0,
12366,22080,11065,-1,0.0,0.0,-0.25,0.0,0.0,0.0,
12369,23661,6003,19,0.0,0.0,-1.5,2.09438991547,0.0,0.0,
12373,23662,6003,19,0.0,0.0,-1.5,4.18878984451,0.0,0.0,
12374,23663,834,19,0.0,0.0,0.0,0.0,0.0,0.0,
12375,23664,834,19,0.0,0.0,0.0,4.18878984451,0.0,0.0,
12376,23666,11069,19,0.0,0.0,0.0,0.0,0.0,0.0,
12377,23666,8538,19,0.0,0.0,0.0,0.0,0.0,0.0,
12378,23668,11072,19,0.0,0.0,0.0,0.0,0.0,0.0,
12381,23670,9777,39,0.20000000298,-0.300000011921,-0.20000000298,1.04719996452,0.0,0.0,
12382,23670,9777,39,-0.75,-0.300000011921,1.04999995232,0.0,0.523599028587,0.0,
12383,23670,9777,39,-1.04999995232,-0.300000011921,0.0,1.57079994678,0.0,0.349065989256,
12384,23672,2963,19,0.0,0.0,0.0,0.0,0.0,0.0,
12385,23672,8697,19,0.0,0.0,0.0,0.0,1.57079994678,0.0,
12386,23676,8211,19,0.0,0.0,0.0,0.0,0.0,0.0,
12387,23676,3123,19,0.0,0.0,0.0,0.0,0.0,0.0,
12388,23676,6031,19,0.0,0.0,0.0,0.0,0.0,0.0,
12389,23677,7759,19,0.0,0.0,0.0,0.0,0.0,0.0,
12391,23677,3123,19,0.0,0.0,0.0,0.0,0.0,0.0,
12392,23677,6031,19,0.0,0.0,0.0,0.0,0.0,0.0,
12393,23677,8211,19,0.0,0.0,0.0,0.0,0.0,0.0,
12394,23681,4983,19,0.0,0.0,0.0,0.0,0.0,0.0,
12396,23683,11058,34,0.0,0.0,0.0,0.0,0.0,0.0,
12397,23686,3390,34,0.0,0.0,0.0,0.0,3.14159011841,0.0,
12398,20311,9150,34,0.0,0.0,0.0,0.0,3.14159011841,0.0,
12399,23223,6399,-1,0.0,0.0,0.0,0.0,0.0,0.0,
12400,23689,11082,19,0.0,0.0,0.0,0.0,0.0,0.0,
12401,23689,11082,19,0.0,0.0,-0.10000000149,0.0,0.0,0.0,
12402,23696,11085,19,0.0,0.0,1.70000004768,0.0,0.0,0.0,
12404,23700,325,2,0.0,0.0,0.0,0.0,0.0,0.0,
12405,23700,325,1,0.0,0.0,0.0,0.0,0.0,0.0,
12406,23703,8665,19,0.0,0.0,0.0,0.0,0.0,0.0,
12407,23704,3781,34,0.0,0.0,0.0,0.0,0.0,0.0,
12409,23705,11090,34,0.0,0.0,0.0,0.0,0.0,0.0,
12411,23710,10751,34,0.0,0.0,0.0,0.0,0.0,0.0,
12414,23714,11092,-1,10.0,-0.5,0.0,0.0,0.0,0.0,
12415,23713,11093,19,0.0,0.0,0.0,0.0,0.0,0.0,
12416,23715,11096,39,-1.20000004768,-0.600000023842,0.20000000298,-0.61086499691,0.0,0.0,
12417,23715,11097,39,-0.449999988079,-0.800000011921,-0.10000000149,0.0,0.0,0.0,
12418,23716,11099,-1,0.0,0.0,3.0,0.0,0.0,0.0,
12419,23718,11099,-1,0.0,0.0,3.0,0.0,0.0,0.0,
12420,23719,11103,34,0.0,0.0,0.0,0.0,0.0,0.0,
12421,23720,5939,19,0.0,0.0,0.0,0.0,0.0,0.0,
12422,23720,11104,19,0.0,0.0,0.10000000149,0.0,0.0,0.0,
12423,23715,11096,39,-1.10000002384,-0.550000011921,-0.10000000149,-0.61086499691,0.0,0.0,
12424,23720,8016,20,0.0,0.0,0.5,0.0,0.0,0.0,
12425,23715,11105,39,-1.45000004768,0.20000000298,-0.10000000149,-0.61086499691,0.0,0.0,
12426,23715,11106,39,-0.75,0.10000000149,-0.10000000149,-0.61086499691,0.0,0.0,
12427,23715,11107,39,-1.45000004768,0.20000000298,0.379999995232,-0.61086499691,0.0,0.0,
12428,23722,7977,19,0.0,0.0,0.0,0.0,0.0,0.0,
12429,23722,11109,19,0.0,0.0,0.0,0.0,0.0,0.0,
12430,23723,8564,-1,1.5,0.0,1.29999995232,0.0,0.0,0.0,
12431,23724,11110,34,0.0,0.0,1.0,0.0,0.0,0.0,
12433,23731,11096,19,-0.899999976158,0.319999992847,0.600000023842,-0.349065989256,0.0,0.0,
12434,23731,11105,19,-0.699999988079,-0.449999988079,0.600000023842,2.44345998764,0.0,0.0,
12435,23731,11106,19,-1.39999997616,-0.300000011921,0.600000023842,0.61086499691,0.0,0.0,
12436,23731,11107,19,-0.699999988079,-0.449999988079,1.07000005245,-0.523599028587,0.0,0.0,
12437,23731,11097,19,-1.60000002384,0.550000011921,0.600000023842,0.0,0.0,0.0,
12438,23731,11096,19,-0.850000023842,0.419999986887,0.829999983311,-0.349065989256,0.0,0.0,
12439,23732,10541,34,-0.600000023842,0.800000011921,-0.300000011921,0.0,1.22172999382,0.0,
12440,23732,10541,34,-0.40000000596,-0.699999988079,-0.300000011921,0.0,1.22172999382,0.0,
12441,23732,10541,34,-0.600000023842,0.5,0.800000011921,0.523599028587,1.39626002312,0.0,
12442,23732,10541,34,-0.40000000596,-0.649999976158,0.600000023842,0.698131978512,1.39626002312,-0.523599028587,
12443,23732,10541,34,0.5,0.10000000149,1.10000002384,1.57079994678,1.39626002312,1.57079994678,
12445,23732,10541,34,-0.20000000298,0.800000011921,1.20000004768,0.0,0.0,-0.523599028587,
12446,23732,10541,34,-0.10000000149,-0.600000023842,1.0,0.0,0.0,0.349065989256,
12447,23732,10541,34,-0.800000011921,-0.20000000298,2.0,0.0,1.39626002312,0.174532994628,
12448,23734,4794,-1,0.0,0.0,0.0,0.0,0.0,0.0,
12449,23735,10541,34,-0.600000023842,0.800000011921,-0.300000011921,0.0,1.22172999382,0.0,
12450,23735,10541,34,-0.40000000596,-0.699999988079,-0.300000011921,0.0,1.22172999382,0.0,
12451,23735,10541,34,-0.600000023842,0.5,0.800000011921,0.523599028587,1.39626002312,0.0,
12452,23735,10541,34,-0.40000000596,-0.649999976158,0.600000023842,0.698131978512,1.39626002312,-0.523599028587,
12453,23735,10541,34,0.5,0.10000000149,1.10000002384,1.57079994678,1.39626002312,1.57079994678,
12454,23735,10541,34,-0.10000000149,-0.600000023842,1.0,0.0,0.0,0.349065989256,
12455,23736,10541,34,-0.600000023842,0.800000011921,-0.300000011921,0.0,1.22172999382,0.0,
12456,23736,10541,34,-0.40000000596,-0.699999988079,-0.300000011921,0.0,1.22172999382,0.0,
12457,23736,10541,34,-0.40000000596,-0.649999976158,0.600000023842,0.698131978512,1.39626002312,-0.523599028587,
12458,23736,10541,34,0.5,0.10000000149,1.10000002384,1.57079994678,1.39626002312,1.57079994678,
12459,23737,10541,34,-0.600000023842,0.800000011921,-0.300000011921,0.0,1.22172999382,0.0,
12460,23737,10541,34,-0.40000000596,-0.699999988079,-0.300000011921,0.0,1.22172999382,0.0,
12461,23739,9999,19,0.0,0.0,0.0,0.0,0.0,0.0,
12463,22273,9424,-1,0.0,0.0,1.0,0.0,0.0,0.0,
12464,23742,9424,-1,0.0,0.0,1.0,0.0,0.0,0.0,
12465,23743,5569,-1,0.0,0.0,1.0,0.0,0.0,0.0,
12466,23744,6138,-1,0.0,0.0,15.0,0.0,0.0,0.0,
12468,23747,5846,-1,0.0,0.0,2.0,0.0,0.0,0.0,
12469,23749,6419,19,1.0,0.5,1.5,-0.523599028587,0.0,0.0,
12470,23749,6419,19,1.0,0.5,1.5,0.0,0.0,0.0,
12471,23749,6419,19,1.0,0.5,1.5,0.523599028587,0.0,0.0,
12472,23750,9554,19,1.0,0.5,1.5,0.0,0.0,0.0,
12473,23752,3390,34,0.0,0.0,0.0,0.0,0.0,0.0,
12474,23751,8401,30,0.0,0.0,0.0,0.0,0.0,0.0,
12475,23753,8401,30,0.0,0.0,0.0,0.0,0.0,0.0,
12477,23743,5354,-1,-0.5,0.0,1.0,0.0,0.0,0.0,
12478,23436,11121,19,-0.40000000596,0.0,0.0,0.0,0.0,0.0,
12481,23436,11121,19,-0.40000000596,0.0,0.0,0.0,0.0,0.0,
12482,23758,11122,47,0.0,-1.0,0.0,2.87979006767,0.0,0.0,
12483,23760,10290,34,-0.600000023842,0.0,0.0,0.0,1.57079994678,0.0,
12484,23762,11003,16,-0.40000000596,0.0,-0.15000000596,0.0,0.261799007654,0.0,
12485,23763,11125,17,-0.0500000007451,0.180000007153,0.15000000596,0.0,0.0,0.0,
12486,23763,11125,17,-0.0500000007451,-0.180000007153,0.15000000596,0.0,0.0,0.0,
12487,23763,11126,17,-0.0500000007451,0.180000007153,0.15000000596,0.0,0.0,0.0,
12488,23763,11126,17,-0.0500000007451,-0.180000007153,0.15000000596,0.0,0.0,0.0,
12489,23765,4282,-1,2.0,0.0,0.0,1.57079994678,0.0,0.0,
12490,23765,4282,-1,0.0,2.0,0.0,0.61086499691,0.0,0.0,
12491,23765,4282,-1,0.0,0.0,0.0,0.0,0.0,0.0,
12495,23772,11,39,0.0,0.0,0.0,0.0,0.0,0.0,
12496,23772,11,45,0.0,0.0,0.0,0.0,0.0,0.0,
12498,23773,11,19,0.0,0.0,0.0,0.0,0.0,0.0,
12499,23776,7474,15,1.5,0.0,2.0,0.0,0.0,0.0,
12502,23780,12457,-1,0.0,0.0,0.0,0.0,1.57079994678,0.0,
12503,23782,11137,20,0.0,0.0,0.0,0.0,1.57079994678,0.0,
12504,23782,11150,19,0.0,0.0,0.0,0.0,0.0,0.0,
12506,23783,11152,19,0.0,0.0,-0.25,0.0,0.0,0.0,
12507,23784,11154,21,0.0,0.0,0.0,0.0,0.0,0.0,
12508,23785,10566,19,0.75,0.0,0.0,0.0,0.0,0.0,
12509,23785,10566,19,-0.25,0.0,0.0,0.0,0.0,0.0,
12510,23785,10566,19,1.5,0.0,0.0,0.0,0.0,0.0,
12511,23785,8349,19,0.850000023842,0.649999976158,0.0,0.0,0.0,0.0,
12512,23785,8349,19,1.10000002384,-0.649999976158,0.0,0.0,0.0,0.0,
12513,23787,8668,20,0.0,0.0,0.0,0.0,0.0,0.0,
12514,23786,634,34,0.0,0.5,0.0,0.0,0.0,0.0,
12515,23786,634,34,0.0,-0.5,0.0,0.0,0.0,0.0,
12517,23791,4008,34,0.0,0.0,-1.0,0.0,0.0,0.0,
12518,23791,330,1,0.0,0.0,0.0,0.0,0.0,2.09438991547,
12519,23791,330,2,0.0,0.0,0.0,1.57079994678,1.57079994678,0.0,
12520,23791,11155,34,0.0,0.0,0.0,2.09438991547,1.57079994678,0.0,
12521,23792,11156,17,0.10000000149,0.25,0.5,0.0,0.0,0.0,
12525,23364,7773,-1,0.0,0.0,-2.0,2.09438991547,0.261799007654,-0.261799007654,
12526,23364,7773,-1,0.0,0.0,-2.0,3.14159011841,0.261799007654,-0.261799007654,
12527,23364,7773,-1,0.0,0.0,-2.0,1.04719996452,0.261799007654,-0.261799007654,
12528,23364,7773,-1,0.0,0.0,-2.0,4.18878984451,0.261799007654,-0.261799007654,
12529,23364,7773,-1,0.0,0.0,-2.0,5.23599004745,0.261799007654,-0.261799007654,
12536,23820,11170,3,-0.699999988079,-0.449999988079,-0.300000011921,0.436331987381,1.57079994678,0.0,
12539,23773,11172,19,0.0,0.0,0.0,0.0,0.0,0.0,
12540,23822,11173,17,0.5,0.0,0.0,0.0,0.0,0.0,
12544,23823,11174,-1,2.0,0.0,2.0,0.0,0.0,0.0,
12545,23830,11523,19,-0.20000000298,0.0,-0.20000000298,0.0,0.0,0.0,
12547,23840,7562,19,0.0,0.0,0.0,0.0,-1.57079994678,0.0,
12548,23840,8569,19,0.0,0.0,0.0,0.0,0.0,0.0,
12549,23842,8048,34,0.0,0.0,0.0,0.0,0.0,0.0,
12551,23842,11179,34,0.0,0.0,0.0,0.0,0.0,0.0,
12553,23842,11179,19,0.0,0.0,0.0,0.0,0.0,0.0,
12555,23844,4516,19,0.0,0.0,0.0,0.0,0.0,0.0,
12556,23738,3015,-1,0.0,0.0,0.5,0.0,0.0,0.0,
12557,23851,8056,17,-0.0500000007451,0.0,0.270000010729,0.0,0.0,0.0,
12558,23853,6643,17,0.0,0.0,0.0,0.0,0.0,0.0,
12559,23853,6966,17,0.0,0.0,0.0,0.0,0.0,0.0,
12560,23853,5076,17,0.0,0.0,0.0,0.0,0.0,0.0,
12561,23846,4492,19,0.0,0.0,2.0,0.0,0.0,3.14159011841,
12562,23846,4492,19,0.0,0.0,0.0,0.0,0.0,0.0,
12565,23858,451,20,0.0,0.0,0.0,0.0,0.0,0.0,
12566,23858,3315,19,0.0,0.0,0.0,0.0,0.0,0.0,
12569,23859,11181,19,-0.20000000298,0.899999976158,0.0500000007451,0.0,0.0,0.0,
12572,23861,389,19,0.0,0.0,0.0,0.0,0.0,0.0,
12573,23861,11183,19,0.0,0.0,0.0,0.0,0.0,0.0,
12574,23866,4699,-1,0.0,0.0,1.25,0.0,0.0,0.0,
12575,23866,10588,-1,0.0,0.0,0.699999988079,0.0,0.0,0.0,
12598,23871,12168,19,0.0,0.0,1.0,0.0,0.0,0.0,
12600,23871,5721,19,0.0,0.0,0.0,0.0,0.0,0.0,
12606,23877,8029,34,0.0,0.0,-1.0,0.0,0.0,0.0,
12608,23879,158,34,0.0,0.0,0.0,0.0,0.0,0.0,
12609,23881,6670,34,-0.10000000149,0.0,0.10000000149,0.0,0.0,0.0,
12610,23881,6670,34,-0.10000000149,0.0,0.10000000149,0.0,0.0,0.0,
12611,23881,6670,34,-0.10000000149,0.0,0.10000000149,0.0,0.0,0.0,
12612,23881,6670,34,-0.10000000149,0.0,0.10000000149,0.0,0.0,0.0,
12613,23881,6670,34,-0.10000000149,0.0,0.10000000149,0.0,0.0,0.0,
12614,23884,10194,20,0.0,0.0,-1.0,3.14159011841,0.0,0.0,
12615,23889,11196,34,0.0,0.0,0.0,0.0,0.0,0.0,
12616,23889,7157,19,0.0,0.0,0.0,0.0,0.0,0.0,
12617,23890,545,34,0.0,0.0,0.0,0.0,0.0,0.0,
12618,23890,11197,34,0.0,0.0,0.0,0.0,0.0,0.0,
12619,23891,4983,19,0.0,0.0,0.5,0.0,0.0,0.0,
12620,23891,4983,19,0.0,0.0,1.0,3.14159011841,0.0,0.0,
12621,23896,11196,34,0.0,0.0,0.0,0.0,0.0,0.0,
12622,23896,11200,34,0.0,0.0,0.0,0.0,0.0,0.0,
12623,23896,7157,19,0.0,0.0,0.0,0.0,0.0,0.0,
12627,23898,4383,1,0.0,0.0,0.0,0.0,0.0,0.0,
12628,23898,4383,2,0.0,0.0,0.0,0.0,0.0,0.0,
12629,23898,8258,2,0.0,0.0,0.0,0.0,0.0,0.0,
12630,23898,8258,1,0.0,0.0,0.0,0.0,0.0,0.0,
12631,23899,6432,2,0.0,0.0,0.0,0.0,0.0,0.0,
12634,23899,6432,1,0.0,0.0,0.0,0.0,0.0,0.0,
12635,23899,6432,47,0.0,0.0,0.0,0.0,0.0,0.0,
12636,23899,6384,47,0.0,0.0,0.0,0.0,0.0,0.0,
12637,23899,6384,48,0.0,0.0,0.0,0.0,0.0,0.0,
12638,23897,11203,34,0.0,0.0,0.0,0.0,0.0,0.0,
12639,23899,6432,48,0.0,0.0,0.0,0.0,0.0,0.0,
12645,23891,11205,34,0.0,0.0,0.0,0.0,0.0,0.0,
12646,23897,11207,19,0.0,0.0,0.0,0.0,0.0,0.0,
12648,23897,7271,19,0.0,0.0,0.0,0.0,0.0,0.0,
12649,23903,11199,34,0.0,0.0,0.0,0.0,0.0,0.0,
12650,23904,11196,34,0.0,0.0,0.0,0.0,0.0,0.0,
12651,23904,835,34,0.0,0.0,0.0,0.0,0.0,0.0,
12652,23904,9428,19,0.0,0.0,0.0,0.0,0.0,0.0,
12653,23905,11210,19,0.0,0.0,0.0,0.0,0.0,0.0,
12655,23905,11203,34,0.0,0.0,0.0,0.0,0.0,0.0,
12656,23905,11318,34,0.0,0.0,-1.0,0.0,0.0,0.0,
12658,23906,8375,34,0.0,0.0,0.0,0.0,0.0,0.0,
12661,23534,8185,20,0.0,0.0,0.40000000596,0.0,0.0,0.0,
12665,81,337,20,-1.0,0.0,0.5,0.0,0.0,0.0,
12666,23910,3403,19,0.0,0.0,0.0,0.0,0.785398006439,0.0,
12668,23917,11218,19,0.0,0.0,0.0,0.0,0.0,0.0,
12669,23919,11219,19,0.0,0.0,0.0,0.0,0.0,0.0,
12671,23920,11220,20,0.0,0.0,0.40000000596,0.0,0.0,0.0,
12676,23922,8947,-1,0.0,0.0,0.0,0.0,0.0,0.0,
12678,23924,11222,20,0.0,0.0,0.40000000596,0.0,0.0,0.0,
12679,23926,11523,19,-0.20000000298,0.0,-0.20000000298,0.0,0.0,0.0,
12682,23928,10276,-1,0.0,0.0,0.0,0.0,0.0,0.0,
12686,23908,3798,34,0.0,0.0,0.0,0.0,0.0,0.0,
12692,23922,8166,-1,0.0,0.0,0.0,0.0,0.0,0.0,
12694,23932,11225,20,0.0,0.0,0.40000000596,0.0,0.0,0.0,
12697,23926,11227,19,0.899999976158,-0.600000023842,0.0,0.0,0.0,0.0,
12699,23908,11045,20,0.5,0.0,1.0,0.0,0.0,0.0,
12700,23937,12816,34,0.0,0.0,0.0,0.0,0.0,0.0,
12703,23941,14259,19,0.0,0.0,2.0,0.0,0.0,0.0,
12705,23942,14258,19,0.0,0.0,2.0,0.0,0.0,0.0,
12706,23940,8197,-1,5.0,0.0,0.0,0.0,0.0,0.0,
12708,23943,11235,16,0.5,-0.449999988079,-0.300000011921,0.0,-0.523599028587,0.0,
12709,23943,11235,16,0.5,0.5,-0.300000011921,0.0,-0.436331987381,0.0,
12710,23944,11235,16,0.5,-0.449999988079,-0.300000011921,0.0,-0.523599028587,0.0,
12711,23944,11235,16,0.5,0.5,-0.300000011921,0.0,-0.436331987381,0.0,
12712,23944,7623,16,-0.300000011921,-0.449999988079,1.45000004768,0.0,-0.523599028587,0.0,
12714,23944,5929,16,-0.300000011921,0.5,1.45000004768,0.0,-0.436331987381,0.0,
12715,23945,11196,34,0.0,0.0,0.0,0.0,0.0,0.0,
12716,23945,6258,34,0.0,0.0,0.0,0.0,0.0,0.0,
12717,23945,368,34,0.0,0.0,0.0,0.0,0.0,0.0,
12718,23945,3109,20,0.0,0.0,0.0,0.0,0.0,0.0,
12719,23944,5929,16,-0.300000011921,-0.449999988079,1.45000004768,0.0,-0.523599028587,0.0,
12720,23944,10682,16,-0.300000011921,0.5,1.45000004768,0.0,-0.436331987381,0.0,
12721,23946,7204,19,0.0,0.0,0.0,0.0,0.0,0.0,
12722,23946,11203,34,0.0,0.0,0.0,0.0,0.0,0.0,
12724,23946,634,34,0.0,0.0,0.0,0.0,0.0,0.0,
12725,23946,11004,19,0.0,0.0,0.0,0.0,0.0,0.0,
12726,23947,11196,34,0.0,0.0,0.0,0.0,0.0,0.0,
12727,23947,12634,19,0.0,0.0,0.0,0.0,0.0,0.0,
12728,23948,545,34,0.0,0.0,0.0,0.0,0.0,0.0,
12729,23948,11197,34,0.0,0.0,0.0,0.0,0.0,0.0,
12730,23948,4993,19,0.0,0.0,0.0,0.0,0.0,0.0,
12731,23949,11048,34,0.0,0.0,0.0,0.0,0.0,0.0,
12733,23950,11244,34,0.0,0.0,0.0,0.0,0.0,0.0,
12734,23950,3736,34,0.0,0.0,0.0,0.0,0.0,0.0,
12735,23951,11244,19,0.0,0.0,0.0,0.0,0.0,0.0,
12736,23951,11032,19,0.0,0.0,0.0,0.0,0.0,0.0,
12737,23944,10682,16,-0.300000011921,-0.449999988079,1.45000004768,0.0,-0.523599028587,0.0,
12738,23944,7623,16,-0.300000011921,0.5,1.45000004768,0.0,-0.436331987381,0.0,
12739,23954,11241,19,0.0,0.0,0.0,0.0,0.0,0.0,
12740,23955,11166,19,0.0,0.0,0.0,0.0,0.0,0.0,
12741,23957,4641,19,1.14999997616,-0.449999988079,1.25,0.0,0.0,0.0,
12743,23942,11245,19,0.0,0.0,0.0,0.0,0.0,0.0,
12746,23958,7604,19,1.14999997616,-0.449999988079,1.25,0.0,0.0,0.0,
12747,23942,11245,19,0.0,0.0,0.0,0.0,0.0,0.0,
12748,23942,11245,19,0.0,0.0,0.0,0.0,0.0,0.0,
12749,23942,11245,19,0.0,0.0,0.0,0.0,0.0,0.0,
12750,23941,11248,19,0.0,0.0,0.0,0.0,0.0,0.0,
12751,23941,11248,19,0.0,0.0,0.0,0.0,0.0,0.0,
12752,23941,11248,19,0.0,0.0,0.0,0.0,0.0,0.0,
12753,23941,11248,19,0.0,0.0,0.0,0.0,0.0,0.0,
12755,23961,11241,19,0.0,0.0,0.0,0.0,0.0,0.0,
12756,23951,10243,19,0.0,0.0,0.0,0.0,0.0,0.0,
12757,23946,10438,2,0.0,0.0,0.0,0.0,0.0,0.0,
12758,23946,10438,1,0.0,0.0,0.0,0.0,0.0,0.0,
12759,23897,11254,2,0.0,0.0,0.0,0.0,0.0,0.0,
12760,23897,11254,1,0.0,0.0,0.0,0.0,0.0,0.0,
12763,23962,11242,19,0.0,0.0,0.0,0.0,0.0,0.0,
12764,23964,12421,19,0.0,0.0,0.0,0.0,0.0,0.0,
12765,23963,13077,19,0.0,0.0,0.0,0.0,0.0,0.0,
12766,23966,11149,19,0.0,0.0,0.0,0.0,0.0,0.0,
12767,23967,11160,19,0.0,0.0,0.0,0.0,0.0,0.0,
12768,23406,11260,19,0.0,0.0,-0.5,0.0,0.0,0.0,
12769,23968,4345,-1,10.0,0.0,0.0,0.0,0.0,0.0,
12770,23969,9894,2,0.0,0.0,0.0,0.0,0.0,0.0,
12771,23969,9894,22,0.0,0.0,0.0,0.0,0.0,0.0,
12772,23969,8048,19,0.5,0.0,1.5,0.0,0.0,0.0,
12773,23971,11262,19,0.0,0.0,-0.25,0.0,0.0,0.0,
12774,23972,11264,19,0.0,0.0,0.0,0.0,0.0,0.0,
12775,23973,11163,19,0.0,0.0,0.0,0.0,0.0,0.0,
12776,23975,10695,-1,0.0,0.0,-0.5,0.0,0.0,0.0,
12777,23976,11266,19,0.0,0.0,-0.5,0.0,0.0,0.0,
12778,23977,11164,19,0.0,0.0,-0.300000011921,0.0,0.0,0.0,
12779,23978,11163,19,0.0,0.0,0.0,0.0,0.0,0.0,
12780,23979,11134,-1,0.0,0.0,-0.300000011921,0.0,0.0,0.0,
12789,23985,9669,19,1.0,0.0,0.40000000596,0.0,0.174532994628,0.0,
12790,23387,11146,19,0.0,0.0,-0.800000011921,0.0,0.0,0.0,
12791,23989,7857,19,0.0,0.0,0.0,0.0,0.0,0.0,
12792,23989,11269,19,1.0,0.0,1.5,0.0,0.0,0.0,
12793,23989,3539,19,0.0,0.0,1.0,0.0,0.0,0.0,
12794,23989,4738,19,1.0,0.0,0.0,0.0,0.0,0.0,
12797,23989,11271,19,0.0,0.0,0.0,0.0,0.0,0.0,
12801,23385,11272,19,0.0,0.0,0.20000000298,0.0,0.0,0.0,
12802,23992,11273,1,0.34999999404,0.0,0.0,0.0,-1.57079994678,0.0,
12804,23997,8991,19,0.0,0.0,0.0,-1.57079994678,0.0,0.0,
12805,23997,11275,19,0.0,0.0,-0.5,0.0,0.0,0.0,
12806,23998,8991,19,0.0,0.0,0.0,-1.57079994678,0.0,0.0,
12807,23998,2981,34,-1.0,0.0,0.0,0.0,0.0,0.0,
12810,23999,11147,-1,0.0,0.0,0.0,0.0,0.0,0.0,
12811,23999,11260,-1,0.0,0.0,0.0,0.0,0.0,0.0,
12813,24004,6186,17,0.0,0.0,0.25,0.0,0.0,0.0,
12814,24004,6186,17,0.0,0.0,0.25,0.0,0.0,0.0,
12815,24004,6186,17,0.0,0.0,0.25,0.0,0.0,0.0,
12816,24005,9894,2,0.0,0.0,0.0,0.0,0.0,0.0,
12817,24005,9894,22,0.0,0.0,0.0,0.0,0.0,0.0,
12818,24005,8048,19,0.5,0.0,1.5,0.0,0.0,0.0,
12820,24006,10541,34,-0.600000023842,0.800000011921,-0.5,0.0,1.22172999382,0.0,
12821,24006,10541,34,-0.40000000596,-0.699999988079,-0.5,0.0,1.22172999382,0.0,
12823,23902,5381,19,0.0,0.0,0.0,0.0,0.0,0.0,
12824,24006,11285,34,-0.600000023842,-0.699999988079,-0.5,3.14159011841,-0.436331987381,0.0,
12827,24013,11286,19,0.0,0.0,0.0,0.0,0.0,0.0,
12828,24013,11287,19,0.0,0.0,0.0,0.0,0.0,0.0,
12830,24015,11288,34,-0.20000000298,0.0,0.20000000298,0.0,0.0,0.0,
12832,24016,9838,19,0.0,0.0,3.0,0.0,1.57079994678,0.0,
12833,24019,11290,19,0.0,0.0,0.0,0.0,-1.57079994678,0.0,
12835,23097,12719,19,0.0,0.0,1.0,0.0,0.0,0.0,
12836,20010,3781,19,0.0,0.0,0.0,0.0,0.0,0.0,
12837,24034,7117,19,0.0,0.0,0.0,0.0,0.0,0.0,
12838,24036,10267,19,1.0,0.0,0.0,1.57079994678,0.0,-0.174532994628,
12839,24037,8197,19,2.0,0.0,0.0,0.0,0.0,0.0,
12842,24038,11300,19,0.0,0.0,-2.0,0.0,0.0,0.0,
12844,24038,7418,19,0.0,0.0,-2.0,0.0,3.14159011841,0.0,
12847,24040,7857,19,0.0,0.0,0.5,0.0,0.0,0.0,
12848,24040,8048,19,0.0,0.0,0.5,0.0,0.0,0.0,
12849,24041,11303,1,0.300000011921,-0.5,0.300000011921,3.14159011841,3.14159011841,-1.57079994678,
12850,23763,9999,19,0.0,0.0,-0.5,0.0,0.0,0.0,
12851,24046,10989,34,0.0,0.0,0.0,0.0,0.0,0.0,
12852,24047,11305,34,0.0,0.0,0.0,0.0,1.22172999382,0.0,
12853,24051,11306,1,0.75,0.0,0.0,0.0,1.57079994678,0.0,
12854,22922,11308,1,0.40000000596,0.0,-0.10000000149,-1.57079994678,0.0,0.0,
12855,24035,11308,1,0.40000000596,0.0,-0.20000000298,-1.57079994678,0.0,0.0,
12857,23544,12816,34,0.0,0.0,0.0,0.0,0.0,0.0,
12858,24059,4129,-1,0.600000023842,0.0,0.300000011921,0.0,0.0,0.0,
12859,24059,4129,-1,-0.600000023842,0.0,0.300000011921,0.0,0.0,0.0,
12860,24059,4129,-1,0.0,0.0,0.20000000298,0.0,0.0,0.0,
12861,24062,228,2,0.0,0.0,0.0,0.0,0.0,0.0,
12862,24062,228,1,0.0,0.0,0.0,0.0,0.0,0.0,
12863,24067,11317,19,0.0,0.0,1.0,0.0,0.0,0.0,
12864,24068,10750,34,0.0,0.0,0.0,0.0,0.0,0.0,
12865,24067,4053,34,0.0,0.0,0.0,0.0,0.0,0.0,
12867,24072,9944,1,-0.20000000298,0.0,0.0,0.0,1.57079994678,0.0,
12868,24077,6177,17,0.0,0.0,0.0,0.0,-1.39626002312,0.0,
12874,24081,3271,34,0.0,0.0,-0.75,0.0,0.0,0.0,
12875,24081,11324,34,0.0,0.0,-1.0,0.0,0.0,0.0,
12876,24082,74,20,0.0,0.0,4.0,0.0,0.0,0.0,
12877,24084,11326,17,-0.5,0.0,0.34999999404,0.0,0.0,0.0,
12878,24086,10115,20,-1.10000002384,0.0,2.5,0.0,0.0,0.0,
12879,24086,11324,19,0.0,0.0,0.0,0.0,0.0,0.0,
12880,24087,11329,19,16.7000007629,18.5,0.0,1.52716004848,0.0,0.0,
12881,24087,11329,19,23.1000003815,14.1000003815,0.0,1.13445997238,0.0,0.0,
12882,24087,11329,19,27.5,7.69999980927,0.0,0.741765022278,0.0,0.0,
12883,24087,11329,19,9.0,20.0,0.0,1.91986000538,0.0,0.0,
12884,24087,11329,19,29.0,0.0,0.0,0.349065989256,0.0,0.0,
12885,24087,11329,19,27.5,-7.69999980927,0.0,6.23955011368,0.0,0.0,
12886,24087,11329,19,23.1000003815,-14.1000003815,0.0,5.84684991837,0.0,0.0,
12887,24087,11329,19,16.7000007629,-18.5,0.0,5.45415019989,0.0,0.0,
12893,24089,11374,16,-0.300000011921,1.10000002384,1.45000004768,1.57079994678,-2.44345998764,0.0,
12898,24090,11336,19,9.0,0.0,0.0,0.0,0.0,0.0,
12902,24084,11332,19,-0.15000000596,0.0,0.0,0.0,0.0,0.0,
12903,24087,11329,19,9.0,-20.0,0.0,5.06145000458,0.0,0.0,
12904,24087,11329,19,1.29999995232,-18.5,0.0,4.66875982285,0.0,0.0,
12905,24087,11329,19,-5.09999990463,-14.1000003815,0.0,4.27606010437,0.0,0.0,
12906,24087,11329,19,-9.5,-7.69999980927,0.0,3.88335990906,0.0,0.0,
12907,24087,11329,19,-11.0,0.0,0.0,3.49065995216,0.0,0.0,
12908,24087,11329,19,-9.5,7.69999980927,0.0,3.09795999527,0.0,0.0,
12909,24087,11329,19,-5.09999990463,14.1000003815,0.0,2.70526003838,0.0,0.0,
12910,24087,11329,19,1.29999995232,18.5,0.0,2.31256008148,0.0,0.0,
12913,24091,12759,-1,3.0,0.0,0.0500000007451,3.14159011841,0.0,0.0,
12928,24105,9948,19,0.0,0.0,0.0,0.0,0.0,0.0,
12929,24106,6765,19,0.0,0.0,0.0,0.0,-1.57079994678,0.0,
12930,24109,6943,19,0.0,0.0,0.0,0.0,0.0,0.0,
12931,24112,9487,19,0.0,0.0,0.0,0.0,0.0,0.0,
12932,24112,228,19,0.0,0.0,0.0,0.0,0.0,0.0,
12934,24113,4509,20,0.0,0.0,0.0,0.0,0.0,0.0,
12935,24078,11320,-1,0.0,0.0,0.0,0.0,0.0,0.0,
12938,24089,5042,19,0.0,0.0,0.0,0.0,0.0,0.0,
12939,24123,11346,21,0.0,0.0,0.75,3.14159011841,3.14159011841,0.0,
12943,24125,2862,34,0.0,0.0,0.0,0.0,0.0,0.0,
12944,24126,4464,17,0.0,0.0,-0.20000000298,0.0,0.0,0.0,
12948,24127,9166,-1,0.0,0.0,0.0,0.0,0.0,0.0,
12949,24126,7732,17,0.119999997318,0.170000001788,0.5,0.0,0.0,0.0,
12950,24126,7732,17,0.119999997318,-0.170000001788,0.5,0.0,0.0,0.0,
12951,24126,10073,17,0.119999997318,0.170000001788,0.5,0.0,0.0,0.0,
12952,24126,10073,17,0.119999997318,-0.170000001788,0.5,0.0,0.0,0.0,
12953,24126,3619,15,-0.600000023842,0.40000000596,0.20000000298,0.0,0.0,0.0,
12954,24126,3619,15,-0.600000023842,-0.5,0.20000000298,4.01425981522,0.0,0.0,
12955,24126,3619,16,0.10000000149,-0.300000011921,-0.20000000298,4.18878984451,0.0,0.523599028587,
12956,24126,3619,16,0.20000000298,0.300000011921,-0.20000000298,1.04719996452,0.0,0.523599028587,
12957,24126,3619,15,-0.899999976158,0.40000000596,0.20000000298,0.785398006439,0.0,0.0,
12958,24126,3619,15,-0.899999976158,-0.40000000596,0.20000000298,3.49065995216,0.0,0.0,
12959,24129,4465,17,0.0,0.0,-0.20000000298,0.0,0.0,0.0,
12960,24129,7732,17,0.119999997318,0.170000001788,0.649999976158,0.0,0.0,0.0,
12961,24129,7732,17,0.119999997318,-0.170000001788,0.649999976158,0.0,0.0,0.0,
12962,24129,10073,17,0.119999997318,0.170000001788,0.649999976158,0.0,0.0,0.0,
12963,24129,10073,17,0.119999997318,-0.170000001788,0.649999976158,0.0,0.0,0.0,
12964,24129,3619,15,-0.600000023842,0.40000000596,0.20000000298,0.0,0.0,0.0,
12965,24129,3619,15,-0.600000023842,-0.5,0.20000000298,4.01425981522,0.0,0.0,
12966,24129,3619,16,0.10000000149,-0.300000011921,-0.20000000298,4.18878984451,0.0,0.523599028587,
12967,24129,3619,16,0.20000000298,0.300000011921,-0.20000000298,1.04719996452,0.0,0.523599028587,
12968,24129,3619,15,-0.899999976158,0.40000000596,0.20000000298,0.785398006439,0.0,0.0,
12969,24129,3619,15,-0.899999976158,-0.40000000596,0.20000000298,3.49065995216,0.0,0.0,
12970,24130,4466,17,0.0,0.0,-0.20000000298,0.0,0.0,0.0,
12971,24130,7732,17,0.119999997318,0.189999997616,0.550000011921,0.0,0.0,0.0,
12972,24130,7732,17,0.119999997318,-0.189999997616,0.550000011921,0.0,0.0,0.0,
12973,24130,10073,17,0.119999997318,0.189999997616,0.550000011921,0.0,0.0,0.0,
12974,24130,10073,17,0.119999997318,-0.189999997616,0.550000011921,0.0,0.0,0.0,
12975,24130,3619,15,-0.600000023842,0.40000000596,0.20000000298,0.0,0.0,0.0,
12976,24130,3619,15,-0.600000023842,-0.5,0.20000000298,4.01425981522,0.0,0.0,
12977,24130,3619,16,0.10000000149,-0.300000011921,-0.20000000298,4.18878984451,0.0,0.523599028587,
12978,24130,3619,16,0.20000000298,0.300000011921,-0.20000000298,1.04719996452,0.0,0.523599028587,
12979,24130,3619,15,-0.899999976158,0.40000000596,0.20000000298,0.785398006439,0.0,0.0,
12980,24130,3619,15,-0.899999976158,-0.40000000596,0.20000000298,3.49065995216,0.0,0.0,
12981,24052,11350,-1,-3.0,0.0,10.0,0.0,0.0,0.0,
12982,24129,10073,17,0.119999997318,0.0,0.0,0.0,0.0,0.0,
12983,24129,7732,17,0.119999997318,0.0,0.0,0.0,0.0,0.0,
12984,24133,228,17,0.0,0.0,0.0,0.0,0.0,0.0,
12985,24133,228,34,0.0,0.0,0.40000000596,0.0,0.0,0.0,
12986,24133,228,34,-1.29999995232,-0.20000000298,0.300000011921,0.0,0.0,0.0,
12988,24136,11355,1,0.300000011921,-0.00999999977648,-0.10000000149,4.71238994598,0.0,0.0,
12989,24138,6979,-1,0.0,-0.310000002384,0.949999988079,0.0,0.0,0.0,
12996,24138,11356,-1,0.0,-0.310000002384,0.949999988079,0.0,0.0,-0.785398006439,
13002,24144,11357,22,0.0,0.0,0.0,0.0,3.14159011841,0.0,
13003,24144,11357,21,0.0,0.0,0.0,0.0,3.14159011841,0.0,
13006,24147,11346,21,-0.0799999982119,-0.5,0.0,-3.31612992287,3.14159011841,-1.57079994678,
13009,24153,11360,22,0.0,-0.10000000149,0.0,0.0,1.57079994678,1.57079994678,
13010,24155,12453,19,0.0,0.0,0.0,0.0,0.0,0.0,
13012,24156,7732,17,-0.5,0.170000001788,0.75,0.0,0.0,0.0,
13013,24156,7732,17,-0.5,-0.170000001788,0.75,0.0,0.0,0.0,
13014,24156,10073,17,-0.5,0.170000001788,0.75,0.0,0.0,0.0,
13015,24156,10073,17,-0.5,-0.170000001788,0.75,0.0,0.0,0.0,
13016,24156,3619,15,-0.600000023842,0.40000000596,0.20000000298,0.0,0.0,0.0,
13017,24156,3619,15,-0.600000023842,-0.5,0.20000000298,4.01425981522,0.0,0.0,
13020,24156,3619,15,-0.899999976158,0.40000000596,0.20000000298,0.785398006439,0.0,0.0,
13021,24156,3619,15,-0.899999976158,-0.40000000596,0.20000000298,3.49065995216,0.0,0.0,
13022,24159,14691,19,0.0,0.0,0.0,0.0,0.0,0.0,
13025,24160,11196,34,0.0,0.0,0.0,0.0,0.0,0.0,
13026,24160,8392,19,0.0,0.0,0.0,0.0,0.0,0.0,
13027,24161,8392,19,0.0,0.0,0.0,0.0,0.0,0.0,
13028,24161,11196,34,0.0,0.0,0.0,0.0,0.0,0.0,
13029,24162,11355,30,0.0,0.0500000007451,0.0,1.57079994678,0.0,2.00712990761,
13030,24164,11372,31,0.0,0.0,0.0,1.57079994678,0.0,2.00712990761,
13031,24165,14690,19,0.0,0.0,0.0,0.0,0.0,0.0,
13032,24166,14689,19,0.0,0.0,0.0,0.0,0.0,0.0,
13033,24167,14692,19,0.0,0.0,0.0,0.0,0.0,0.0,
13034,23932,5550,20,0.0,0.0,0.40000000596,0.0,0.0,0.0,
13035,23534,1644,20,0.0,0.0,0.40000000596,0.0,0.0,0.0,
13036,23920,4221,20,0.0,0.0,0.40000000596,0.0,0.0,0.0,
13037,23924,3859,20,0.0,0.0,0.40000000596,0.0,0.0,0.0,
13038,24079,11375,19,-1.0,0.0,5.0,0.0,2.79253005981,0.0,
13039,24169,337,20,-1.0,0.0,0.5,0.0,0.0,0.0,
13040,24089,11374,16,-0.600000023842,-1.10000002384,1.54999995232,1.74532997608,-0.628318011761,3.35103011131,
13041,24170,4942,19,0.0,0.0,0.0,0.0,0.0,0.0,
13042,24171,11374,22,0.0,0.0,0.0,0.0,3.14159011841,0.0,
13043,24119,11374,1,0.0,0.0,0.0,0.0,0.0,0.0,
13044,24172,10666,34,0.0,0.0,0.0,0.0,0.0,0.0,
13045,24149,11381,19,6.0,0.0,-13.0,0.0,0.0,0.261799007654,
13046,24086,11379,19,0.0,0.0,0.0,0.0,0.0,0.0,
13047,24083,4805,34,0.0,0.0,0.0,0.0,0.0,0.0,
13058,24174,12497,11,0.0299999993294,-0.0500000007451,-0.25,-0.785398006439,-0.349065989256,0.0,
13063,24181,12164,34,0.0,0.0,0.0,0.0,0.0,0.0,
13065,24187,11383,19,6.0,0.0,-18.0,0.0,0.0,0.261799007654,
13066,24187,11383,19,6.0,0.0,-17.0,0.0,0.0,0.261799007654,
13067,24187,11383,19,6.0,0.0,-19.0,0.0,0.0,0.261799007654,
13068,24188,11381,19,6.0,0.0,8.0,3.14159011841,3.14159011841,0.0,
13069,24189,11383,19,6.0,0.0,13.0,3.14159011841,3.14159011841,0.0,
13070,24189,11383,19,6.0,0.0,14.0,3.14159011841,3.14159011841,0.0,
13071,24189,11383,19,6.0,0.0,12.0,3.14159011841,3.14159011841,0.0,
13072,24190,11391,19,12.0,-10.0,-6.0,-0.785398006439,0.261799007654,0.261799007654,
13073,24191,11382,19,5.0,-10.0,-12.0,-0.785398006439,0.261799007654,0.261799007654,
13074,24191,11382,19,6.0,8.0,10.0,3.66518998146,2.87979006767,0.0,
13076,24190,11391,19,15.0,8.0,4.0,3.66518998146,2.87979006767,0.0,
13077,24192,8405,-1,0.0,0.0,0.0,0.0,0.0,0.0,
13078,24201,11396,47,0.0,0.0,0.0,0.0,0.0,0.0,
13079,24201,11396,48,0.0,0.0,0.0,0.0,0.0,0.0,
13080,24203,5388,17,0.0,0.0,0.300000011921,0.0,-1.39626002312,0.0,
13081,24208,11398,19,0.0,0.0,2.0,4.71238994598,0.0,1.22172999382,
13082,24209,11387,12,0.0,0.0,1.5,0.0,0.0,0.0,
13083,24220,8538,-1,0.0,0.0,0.0,0.0,0.0,0.0,
13084,24220,11401,-1,0.0,0.0,-3.0,0.0,0.0,0.0,
13086,24222,5945,-1,0.0,0.0,0.0,0.0,0.0,0.0,
13088,24231,6659,-1,0.0,0.0,-1.0,0.0,0.0,0.0,
13089,24231,11406,-1,0.0,0.0,0.0,0.0,0.0,0.0,
13090,24231,6009,-1,0.0,0.0,4.0,0.0,0.0,3.14159011841,
13091,24231,5945,-1,0.0,0.0,4.0,0.0,0.0,3.14159011841,
13092,24231,7347,-1,0.0,0.0,0.0,0.0,0.0,0.0,
13093,24231,7308,-1,0.0,0.0,-1.0,0.0,0.0,0.0,
13094,24231,6010,-1,0.0,0.0,4.0,0.0,0.0,3.14159011841,
13096,24231,10773,-1,0.0,0.0,0.0,0.0,0.0,3.14159011841,
13097,24231,9590,-1,0.0,0.0,0.0,0.0,0.0,0.0,
13098,24232,6710,19,0.0,0.0,0.0,0.0,0.0,0.0,
13099,24232,11407,19,0.0,0.0,0.0,0.0,0.0,0.0,
13101,24122,10394,19,0.0,0.0,-1.75,0.0,0.0,0.0,
13102,24241,11411,19,0.0,0.0,0.0,0.0,0.0,0.0,
13104,24250,11416,34,0.0,0.0,-0.699999988079,0.0,0.0,0.0,
13105,24250,11414,34,0.0,0.0,-0.699999988079,0.0,0.0,0.0,
13106,24251,6081,19,0.0,0.0,0.5,0.0,0.0,0.0,
13111,24229,8702,19,0.0,0.0,0.0,0.0,0.0,0.0,
13112,24261,5884,19,0.0,0.0,0.0,0.0,0.0,0.0,
13113,24261,6396,19,0.0,0.0,0.0,0.0,0.0,0.0,
13114,24261,6140,-1,0.0,0.0,0.0,0.0,-1.57079994678,0.0,
13118,24264,10442,19,1.60000002384,0.0,0.5,0.0,0.261799007654,0.0,
13119,24271,13205,34,0.0,0.0,0.75,0.0,0.0,0.0,
13120,24274,13204,34,0.0,0.0,1.5,0.0,0.0,0.0,
13121,24276,11431,20,0.0,0.0,0.0,0.0,0.0,0.0,
13122,24276,11424,20,-0.300000011921,0.0,-1.0,0.0,0.0,0.0,
13124,24277,2402,19,0.0,0.0,0.0,0.0,0.0,0.0,
13125,24277,814,19,0.0,0.0,0.0,0.0,0.0,0.0,
13126,24278,5846,19,0.0,0.0,0.0,0.0,0.0,0.0,
13127,24276,4644,20,0.0,0.0,0.0,0.0,0.0,0.0,
13128,24279,11425,19,0.0,0.0,0.0,0.0,0.0,0.0,
13130,24281,6398,19,0.0,0.0,0.0,0.0,0.0,0.0,
13131,24282,11426,30,-0.600000023842,0.40000000596,0.20000000298,0.0,2.09438991547,0.0,
13132,24283,9756,19,0.0,0.0,0.0,0.0,0.0,0.0,
13133,24286,3912,-1,0.0,0.0,3.0,0.0,-1.57079994678,1.57079994678,
13134,24286,11424,-1,-0.300000011921,0.0,1.5,0.0,0.0,0.0,
13135,24286,4644,-1,0.0,0.0,3.0,0.0,0.0,0.0,
13137,24286,11433,-1,0.0,0.0,0.0,0.0,0.0,0.0,
13138,24291,401,-1,0.0,0.0,0.0,0.0,0.0,0.0,
13139,24298,6788,19,0.0,0.0,0.0,0.0,0.0,0.0,
13140,24298,3112,19,0.0,0.0,0.0,0.0,0.0,0.0,
13143,24300,4309,20,0.0,0.0,0.0500000007451,0.0,0.0,0.0,
13148,24308,1625,34,0.0,0.0,0.0,0.0,0.0,0.0,
13149,24308,230,34,0.0,0.0,0.0,0.0,0.0,0.0,
13152,24313,11437,17,-0.10000000149,0.0,0.25,0.0,0.0,0.0,
13153,24315,13440,26,1.5,0.0,-1.0,3.14159011841,0.785398006439,0.0,
13154,24316,14547,17,0.20000000298,0.0,0.0,0.0,0.0,0.0,
13155,24321,6698,19,0.0,0.0,0.0,0.0,0.0,0.0,
13156,24321,7977,19,0.0,0.0,0.0,0.0,0.0,0.0,
13157,24321,3629,19,0.0,0.0,0.0,0.0,0.0,0.0,
13158,24322,8318,19,0.0,0.0,0.0,0.0,0.0,0.0,
13159,24322,9203,19,0.0,0.0,0.0,0.0,0.0,0.0,
13160,24322,6901,19,0.0,0.0,0.0,0.0,0.0,0.0,
13169,24329,4467,19,0.0,0.0,0.0,0.0,0.0,0.0,
13170,24329,7923,19,0.0,0.0,0.0,0.0,0.0,0.0,
13171,24329,7094,19,0.0,0.0,0.0,0.0,0.0,0.0,
13172,24329,11456,19,0.0,0.0,0.0,0.0,0.0,0.0,
13173,24329,11457,19,0.0,0.0,0.0,0.0,0.0,0.0,
13174,24329,11458,19,0.0,0.0,0.0,1.57079994678,0.0,0.0,
13175,24329,11459,19,0.0,0.0,0.0,2.09438991547,0.0,0.0,
13176,24329,11460,19,0.0,0.0,0.0,2.61799001694,0.0,0.0,
13177,24329,11461,19,0.0,0.0,0.0,0.523599028587,0.0,0.0,
13178,24329,11462,19,0.0,0.0,0.0,1.04719996452,0.0,0.0,
13179,24100,11467,20,0.0,0.0,0.0,0.0,1.57079994678,0.0,
13180,24101,11466,20,0.0,0.0,0.0,0.0,0.0,0.0,
13181,24332,11419,19,0.0,0.0,0.0,0.0,0.0,0.0,
13182,24333,4415,34,0.0,0.0,0.0,0.0,0.0,0.0,
13183,24331,11502,19,0.0,0.0,0.0,0.0,0.0,0.0,
13184,24334,11468,19,0.0,0.0,0.0,0.0,0.0,0.0,
13186,24337,11998,19,0.0,-0.5,3.0,0.0,-1.57079994678,-1.57079994678,
13196,24339,5682,19,0.0,0.0,1.0,0.0,0.0,0.0,
13197,24335,11471,19,0.0,0.0,0.0,0.0,0.0,0.0,
13198,24344,11413,16,-0.119999997318,0.0,-0.5,0.0,0.0,0.0,
13199,24344,11413,16,-0.119999997318,-0.20000000298,-0.40000000596,0.0,0.0,0.349065989256,
13200,24344,11413,16,-0.119999997318,-0.300000011921,-0.300000011921,0.0,0.0,0.698131978512,
13201,24344,11413,16,-0.119999997318,0.20000000298,-0.40000000596,0.0,0.0,-0.349065989256,
13202,24344,11413,16,-0.119999997318,0.300000011921,-0.300000011921,0.0,0.0,-0.698131978512,
13203,24345,9824,19,0.0,0.0,0.0,0.0,0.0,0.0,
13204,24348,5675,19,0.0,0.0,-1.0,0.0,0.0,0.0,
13205,24351,11472,21,0.0,0.0,0.0,0.0,0.0,0.0,
13206,24351,6925,22,0.0,0.0,0.0,0.0,0.0,0.0,
13207,24351,6925,21,0.0,0.0,0.0,0.0,-1.57079994678,0.0,
13208,24351,11472,22,0.0,0.0,0.0,0.0,0.0,0.0,
13209,24354,1783,1,0.0,0.0,0.0,0.0,1.57079994678,0.0,
13210,24355,8475,19,0.0,0.0,0.0,0.0,0.0,0.0,
13212,24360,11476,19,0.0,0.0,0.0,0.0,0.0,0.0,
13213,24362,5706,-1,0.0,0.0,0.0,0.0,0.0,0.0,
13214,24363,11482,17,-0.0500000007451,0.159999996424,0.140000000596,1.57079994678,0.0,0.0,
13215,24363,11477,17,-0.0500000007451,0.159999996424,0.140000000596,1.57079994678,0.0,0.0,
13216,24363,11477,17,-0.0500000007451,-0.159999996424,0.140000000596,-1.57079994678,0.0,0.0,
13217,24363,11477,17,-0.0500000007451,-0.159999996424,0.140000000596,-1.57079994678,0.0,0.0,
13218,24364,11478,17,-0.0500000007451,0.159999996424,0.140000000596,1.57079994678,0.0,0.0,
13219,24364,11478,17,-0.0500000007451,0.159999996424,0.140000000596,1.57079994678,0.0,0.0,
13220,24364,11478,17,-0.0500000007451,-0.159999996424,0.140000000596,-1.57079994678,0.0,0.0,
13221,24364,11478,17,-0.0500000007451,-0.159999996424,0.140000000596,-1.57079994678,0.0,0.0,
13222,24365,11479,17,-0.0500000007451,0.159999996424,0.140000000596,1.57079994678,0.0,0.0,
13223,24365,11479,17,-0.0500000007451,0.159999996424,0.140000000596,1.57079994678,0.0,0.0,
13224,24365,11479,17,-0.0500000007451,-0.159999996424,0.140000000596,-1.57079994678,0.0,0.0,
13225,24365,11479,17,-0.0500000007451,-0.159999996424,0.140000000596,-1.57079994678,0.0,0.0,
13226,24366,11480,17,-0.0500000007451,0.159999996424,0.140000000596,1.57079994678,0.0,0.0,
13227,24366,11480,17,-0.0500000007451,0.159999996424,0.140000000596,1.57079994678,0.0,0.0,
13228,24366,11480,17,-0.0500000007451,-0.159999996424,0.140000000596,-1.57079994678,0.0,0.0,
13229,24366,11480,17,-0.0500000007451,-0.159999996424,0.140000000596,-1.57079994678,0.0,0.0,
13230,24366,11481,17,-0.0500000007451,0.159999996424,0.140000000596,1.57079994678,0.0,0.0,
13231,24366,11481,17,-0.0500000007451,-0.159999996424,0.140000000596,-1.57079994678,0.0,0.0,
13232,24363,11482,17,-0.0500000007451,-0.159999996424,0.140000000596,-1.57079994678,0.0,0.0,
13233,24363,11477,17,-0.0500000007451,0.159999996424,0.140000000596,1.57079994678,0.0,0.0,
13234,24364,11483,17,-0.0500000007451,0.159999996424,0.140000000596,1.57079994678,0.0,0.0,
13235,24364,11483,17,-0.0500000007451,-0.159999996424,0.140000000596,-1.57079994678,0.0,0.0,
13236,24365,11484,17,-0.0500000007451,0.159999996424,0.140000000596,1.57079994678,0.0,0.0,
13237,24365,11484,17,-0.0500000007451,-0.159999996424,0.140000000596,-1.57079994678,0.0,0.0,
13238,24368,11485,19,0.0,0.300000011921,0.40000000596,0.0,3.14159011841,0.0,
13239,24370,9205,34,0.0,-3.0,2.0,0.349065989256,0.0,1.91986000538,
13240,24374,345,19,0.0,0.0,0.0,0.523599028587,0.0,0.0,
13241,24374,6530,19,0.0,0.0,0.0,2.09438991547,0.0,0.0,
13242,24374,11487,19,0.0,0.0,0.0,1.04719996452,0.0,0.0,
13243,24374,11488,19,0.0,0.0,0.0,1.57079994678,0.0,0.0,
13244,24376,10671,19,0.0,0.0,0.0,0.0,0.0,0.0,
13245,24377,228,34,0.0,0.0,0.0,0.0,0.0,0.0,
13246,24377,228,19,0.0,0.0,0.0,0.0,0.0,0.0,
13247,24377,228,17,0.0,0.0,0.0,0.0,0.0,0.0,
13248,24377,228,22,0.0,0.0,0.0,0.0,0.0,0.0,
13249,24377,228,21,0.0,0.0,0.0,0.0,0.0,0.0,
13251,24376,10671,19,1.0,0.0,0.0,0.0,0.0,0.0,
13252,24380,10524,17,-0.070000000298,-0.10000000149,0.330000013113,0.174532994628,-0.122172996402,-0.523599028587,
13253,24385,6799,17,0.0,0.0,0.0,0.0,0.0,0.0,
13254,24389,12926,34,0.0,0.0,0.0,0.0,0.0,3.14159011841,
13261,24379,11499,19,0.0,0.0,0.0,1.39626002312,0.0,0.0,
13262,24379,380,19,0.0,0.0,0.0,3.14159011841,0.0,0.0,
13263,24379,11499,19,0.0,0.0,0.0,-0.785398006439,0.0,0.0,
13264,24379,11499,19,0.0,0.0,0.0,-1.39626002312,0.0,0.0,
13265,24379,11499,19,0.0,0.0,0.0,0.0,0.0,0.0,
13266,24379,11499,19,0.0,0.0,0.0,0.785398006439,0.0,0.0,
13267,24393,4057,34,0.0,0.0,0.0,0.0,0.0,0.0,
13269,24395,5048,38,0.0,0.0,0.0,0.0,0.0,0.0,
13270,24396,11542,21,0.0,0.0,0.0,0.0,0.0,0.0,
13272,24397,13670,19,0.0,0.0,0.0,0.0,0.0,0.0,
13273,24400,3128,19,1.0,0.0,0.0,0.0,0.0,0.0,
13274,24400,3128,19,-1.0,0.0,0.0,3.14159011841,0.0,0.0,
13275,24400,3128,19,0.0,-1.0,0.0,-1.57079994678,0.0,0.0,
13276,24400,3128,19,0.0,1.0,0.0,1.57079994678,0.0,0.0,
13277,23899,6384,2,0.0,0.0,0.0,0.0,0.0,0.0,
13278,23899,6384,1,0.0,0.0,0.0,0.0,0.0,0.0,
13285,24406,630,19,0.0,0.0,0.0,0.0,0.0,0.0,
13286,24407,7257,19,0.0,0.0,0.0,0.0,0.0,0.0,
13287,24408,11291,19,0.0,0.0,0.0,0.0,0.0,0.0,
13288,24408,11291,19,0.0,0.0,0.0,0.0,0.0,0.0,
13289,24408,11291,19,0.0,0.0,0.0,0.0,0.0,0.0,
13290,24408,11291,19,0.0,0.0,0.0,0.0,0.0,0.0,
13291,24409,11503,22,0.0,0.0,-0.5,0.0,0.0,0.0,
13292,24413,11505,19,0.0,0.0,0.0,0.0,0.0,0.0,
13293,24414,6768,19,0.0,0.0,0.0,0.0,-1.57079994678,0.0,
13294,24416,11506,-1,1.0,1.5,0.0,0.0,0.0,0.0,
13295,24416,11506,-1,0.34999999404,0.40000000596,0.0,0.0,0.0,0.0,
13296,24416,11506,-1,-1.79999995232,0.699999988079,0.0,0.0,0.0,0.0,
13297,24416,11506,-1,-1.20000004768,-0.159999996424,0.0,0.0,0.0,0.0,
13298,24416,11506,-1,0.5,-0.899999976158,0.0,0.0,0.0,0.0,
13302,24435,545,19,0.0,0.0,0.0,0.0,0.0,0.0,
13303,24436,13208,19,0.5,0.0,-5.5,0.0,0.0,0.0,
13304,24437,7336,19,0.0,0.0,-1.5,0.0,0.0,0.0,
13305,24440,13209,19,0.0,0.0,-1.0,0.0,0.0,0.0,
13306,24437,11582,-1,0.0,0.0,0.0,0.0,0.0,0.0,
13307,24437,11582,-1,0.0,0.0,0.0,1.57079994678,0.0,0.0,
13309,24445,3015,16,0.0,0.0,0.0,0.0,0.0,0.0,
13310,24241,11411,19,0.0,0.0,0.0,0.785398006439,0.0,0.0,
13311,24241,11411,19,0.0,0.0,0.0,1.57079994678,0.0,0.0,
13312,24456,228,34,0.0,0.0,0.0,0.0,0.0,0.0,
13313,24457,11529,19,0.0,0.0,1.0,0.0,0.0,0.0,
13314,24457,228,19,0.0,0.0,0.0,0.0,0.0,0.0,
13315,24460,7343,-1,-1.5,0.0,0.0,0.0,0.0,0.0,
13317,24465,10469,20,0.0,0.0,1.0,0.0,0.0,0.0,
13320,24465,10469,20,0.0,0.0,-2.0,0.0,0.0,0.0,
13321,24465,10469,20,0.0,0.0,-1.0,0.0,0.0,0.0,
13322,24465,10469,20,0.0,0.0,0.0,0.0,0.0,0.0,
13323,24469,623,22,0.0,0.0,0.0,0.0,0.0,0.0,
13324,24469,623,21,0.0,0.0,0.0,0.0,0.0,0.0,
13326,24471,623,22,0.0,0.0,0.0,0.0,-1.57079994678,0.0,
13329,24465,10469,20,0.0,0.0,2.0,0.0,0.0,0.0,
13330,24469,11549,19,0.0,0.0,0.0,0.0,0.0,0.0,
13331,24471,11549,19,0.0,0.0,0.0,0.0,0.0,0.0,
13332,24471,11549,19,0.0,0.0,0.0,1.57079994678,0.0,0.0,
13333,24471,623,21,0.0,0.0,0.0,0.0,-1.57079994678,0.0,
13340,21786,6802,-1,0.0,0.0,0.0,0.0,0.0,0.0,
13342,24484,12433,19,0.0,0.0,0.0,0.0,0.0,0.0,
13343,24490,4983,19,0.0,0.0,0.5,0.0,0.0,0.0,
13344,24490,4983,19,0.0,0.0,1.0,3.14159011841,0.0,0.0,
13345,24490,11205,34,0.0,0.0,0.0,0.0,0.0,0.0,
13346,24492,11475,19,0.0,0.0,0.0,0.0,0.0,0.0,
13347,24493,11442,17,0.0,0.0,0.15000000596,0.0,0.0,0.0,
13348,24494,11554,-1,0.0,0.0,0.0,0.0,0.0,0.0,
13349,24319,11658,19,0.0,0.0,0.5,0.0,0.0,0.0,
13352,24193,1303,19,0.0,0.0,0.0,0.0,0.0,0.0,
13353,24193,11559,19,0.0,0.0,0.0,0.0,0.0,0.0,
13354,24193,13673,19,0.0,0.0,0.0,0.0,0.0,0.0,
13355,24499,9403,19,0.0,0.0,0.0,0.0,1.57079994678,0.0,
13356,24499,9403,19,0.0,0.0,0.20000000298,0.0,1.57079994678,0.0,
13357,24499,9403,19,0.0,0.0,0.40000000596,0.0,1.57079994678,0.0,
13358,24499,9403,19,0.0,0.0,0.600000023842,0.0,1.57079994678,0.0,
13359,24499,9403,19,0.0,0.0,0.800000011921,0.0,1.57079994678,0.0,
13360,24499,9403,19,0.0,0.0,1.0,0.0,1.57079994678,0.0,
13361,24501,13331,17,-0.40000000596,0.0,0.20000000298,0.0,-0.523599028587,0.0,
13366,24404,14333,19,0.0,0.0,0.0,0.0,0.0,0.0,
13367,24508,7646,16,-0.0500000007451,0.0,-0.019999999553,0.0,-1.04719996452,0.0,
13368,24509,10457,34,0.0,0.0,0.0,0.0,0.0,0.0,
13369,24437,11582,-1,0.0,0.0,0.0,0.785398006439,0.0,0.0,
13370,24457,11001,19,0.0,0.0,0.0,0.0,0.0,0.0,
13371,24511,10751,34,0.0,0.0,0.0,0.0,0.0,0.0,
13372,24514,4479,-1,0.0,0.0,0.0,0.0,0.0,0.0,
13374,24516,11574,-1,0.0,0.0,0.0,0.0,0.0,0.0,
13376,24223,11573,19,0.0,0.0,-1.20000004768,0.0,0.0,0.0,
13378,24223,5574,19,0.0,0.0,1.29999995232,0.0,0.0,0.0,
13380,24518,4997,19,0.0,0.0,0.0,0.0,0.0,0.0,
13381,24518,3656,19,0.0,0.0,0.0,0.0,0.0,0.0,
13382,24146,13579,-1,0.0,0.0,0.0,0.0,0.0,0.0,
13385,24520,9889,-1,0.0,0.0,0.0,0.0,0.0,0.0,
13386,24520,2966,-1,0.0,0.0,0.0,0.0,0.0,0.0,
13387,24521,11591,1,0.0,0.0,0.0,0.0,0.0,0.0,
13388,24517,11717,19,0.0,0.0,10.0,3.14159011841,3.14159011841,0.0,
13391,24522,11578,16,-0.34999999404,0.0,-0.949999988079,0.0,0.0,0.0,
13392,24523,9130,19,0.0,0.0,0.0,0.0,0.0,0.0,
13393,24523,11579,19,0.0,0.0,0.0,0.0,0.0,0.0,
13394,24517,11718,19,0.0,0.0,15.0,0.785398006439,3.14159011841,0.0,
13395,24524,7716,19,0.0,0.0,0.0,4.71238994598,0.0,0.0,
13396,24522,11580,16,-0.10000000149,-0.34999999404,0.25,0.0,0.785398006439,1.57079994678,
13397,24532,11584,17,-0.20000000298,0.0,0.40000000596,0.0,0.0,0.0,
13398,24539,3248,-1,0.0,0.0,0.0,0.0,0.0,0.0,
13400,24541,8442,15,-0.10000000149,0.0,-0.479999989271,2.79253005981,0.0,1.57079994678,
13401,24541,8442,15,0.0,0.0,-0.5,0.436331987381,0.0,1.57079994678,
13402,24541,8444,32,0.0,0.0,0.20000000298,0.0,3.14159011841,0.0,
13403,24541,8444,33,0.0,0.0,0.10000000149,0.0,3.14159011841,0.0,
13404,24544,11271,19,0.0,0.0,1.0,0.0,0.0,0.0,
13405,24544,11590,19,0.0,0.0,0.0,0.0,0.0,0.0,
13406,24546,8617,20,0.0,0.0,2.0,3.14159011841,1.57079994678,0.0,
13408,24554,6734,-1,0.0,0.0,1.5,0.0,0.0,0.0,
13409,24554,10032,19,0.0,0.0,1.5,0.0,0.0,0.0,
13411,24555,11600,19,0.0,0.0,0.0,0.0,0.0,0.0,
13412,24557,355,19,0.0,0.0,0.0,0.0,0.0,0.0,
13417,24560,5048,17,0.0,0.0,0.5,0.0,0.0,0.0,
13418,24561,5048,17,0.0,0.0,0.0,0.0,0.0,0.0,
13424,24566,11605,-1,0.0,0.0,2.0,3.14159011841,0.0,0.0,
13425,24566,11605,-1,0.0,0.0,2.0,0.0,0.0,0.0,
13428,24570,11437,17,0.10000000149,0.0,0.10000000149,0.0,0.0,0.0,
13436,22287,298,34,0.0,0.0,0.300000011921,0.0,0.0,0.0,
13437,22332,11619,19,0.0,0.0,0.0,0.0,0.0,0.0,
13438,24577,10622,15,-0.600000023842,0.0,-0.25,3.14159011841,0.00436299992725,0.0,
13439,24572,7257,20,0.0,0.0,0.0,0.0,0.0,0.0,
13442,24584,4955,-1,0.0,0.0,0.0,0.0,0.0,0.0,
13444,24590,6734,19,0.0,0.0,0.0,0.0,0.0,0.0,
13445,23097,11620,19,0.0,0.0,3.0,0.0,0.0,0.0,
13446,24592,10746,20,0.0,0.0,1.0,0.0,0.0,0.0,
13447,24595,9002,-1,0.0,0.0,0.0,0.0,0.0,0.0,
13448,24595,9897,-1,0.0,0.0,0.0,0.0,0.0,0.0,
13449,24595,5900,-1,0.0,0.0,0.0,0.0,0.0,0.0,
13450,24595,5263,-1,0.0,0.0,0.0,0.0,0.0,0.0,
13454,24597,4997,34,0.0,0.0,3.0,0.785398006439,0.0,0.0,
13456,24597,5461,34,0.0,0.0,0.0,0.0,0.0,0.0,
13457,24597,11626,34,0.0,0.0,-3.0,0.785398006439,0.0,0.0,
13458,24600,3629,19,0.0,0.0,0.0,0.0,0.0,0.0,
13460,24604,11627,19,0.0,0.0,1.20000004768,0.0,1.57079994678,0.0,
13472,24609,3489,34,0.0,0.0,0.0,0.0,0.0,0.0,
13473,24610,11628,34,0.0,0.0,0.0,0.0,0.0,0.0,
13474,24431,6311,21,0.0,0.0,0.0,0.0,0.0,0.0,
13475,24431,6311,21,0.0,0.0,0.0,0.0,0.0,0.0,
13476,24431,6311,22,0.0,0.0,0.0,0.0,0.0,0.0,
13477,24431,6311,22,0.0,0.0,0.0,0.0,0.0,0.0,
13478,24612,4955,-1,0.0,0.0,0.0,0.0,0.0,0.0,
13479,24620,11634,34,0.0,0.0,0.0,0.0,0.0,0.0,
13482,24626,7343,-1,0.0,0.0,0.0,0.0,0.0,0.0,
13484,24627,11437,17,-0.15000000596,0.0,0.25,0.0,0.0,0.0,
13485,24625,6870,-1,0.0,0.0,0.0,0.0,0.0,0.0,
13486,24630,11635,19,0.0,0.0,0.0,0.0,0.0,0.0,
13487,24630,11635,19,0.0,0.0,0.0,0.785398006439,0.0,0.0,
13488,24630,11635,19,0.0,0.0,0.0,0.523599028587,0.0,0.0,
13489,24630,11635,19,0.0,0.0,0.0,1.04719996452,0.0,0.0,
13490,24631,8672,34,0.0,0.0,0.0,0.0,0.0,0.0,
13491,24632,10470,34,0.0,0.0,0.0,0.0,0.0,0.0,
13492,24633,10944,19,0.0,0.0,0.0,0.0,0.0,0.0,
13493,24634,10470,34,0.0,0.0,0.0,0.0,0.0,0.0,
13495,24638,3431,-1,0.0,0.0,0.5,0.0,0.0,0.0,
13496,24636,3247,-1,0.0,0.0,6.5,0.0,0.0,0.0,
13497,24640,11475,19,0.0,0.0,1.0,0.0,0.0,0.0,
13498,24641,7687,19,0.0,0.0,0.0,0.0,0.0,0.0,
13499,24644,11638,19,0.0,0.0,0.0,1.57079994678,0.0,0.0,
13500,24646,3214,17,0.0,0.0,0.0,0.0,0.0,0.0,
13501,24648,3247,-1,0.0,0.0,6.5,0.0,0.0,0.0,
13503,24653,5071,19,0.0,0.0,1.0,0.0,0.0,0.0,
13504,24654,11465,-1,0.0,0.0,6.5,0.0,0.0,0.0,
13505,23438,11720,0,-0.189999997616,0.0,0.0,0.0,0.0,0.0,
13506,24659,11643,17,-0.0500000007451,0.0,0.300000011921,0.0,0.174532994628,0.0,
13508,24667,11649,19,0.0,0.0,0.0,0.0,0.0,0.0,
13509,24670,11648,16,0.899999976158,0.0,-7.69999980927,0.0,0.0,0.0,
13510,24670,11648,16,0.899999976158,0.0,-7.69999980927,0.0,0.0,0.0,
13516,24638,5326,-1,0.0,0.0,0.0,0.0,0.0,0.0,
13517,24637,14715,-1,0.0,0.0,0.5,0.0,0.0,0.0,
13519,24684,11653,19,0.0,0.0,-0.40000000596,0.0,0.0,0.0,
13520,24686,14684,-1,0.0,0.0,0.0,0.0,0.0,0.0,
13521,22817,12433,19,0.0,0.0,0.0,0.0,0.0,0.0,
13524,24688,4255,19,0.5,-0.20000000298,2.5,-1.04719996452,0.0,3.66518998146,
13526,24688,4255,19,0.0,0.5,-0.5,1.04719996452,0.0,-0.261799007654,
13528,24692,6182,2,0.0,0.0,0.0,0.0,0.0,0.0,
13530,24693,11659,19,0.0,0.0,-0.300000011921,0.0,0.0,0.0,
13532,24702,10121,-1,0.0,0.0,1.5,0.0,3.14159011841,0.0,
13534,24706,5882,19,0.0,0.0,0.0,0.0,0.0,0.0,
13535,24708,11666,19,0.0,0.0,0.0,0.0,-1.39626002312,0.0,
13537,24709,5706,19,0.0,0.0,0.0,0.0,0.0,0.0,
13540,24333,5393,34,0.0,0.0,0.0,0.0,0.0,0.0,
13541,24711,8658,-1,0.0,0.0,1.0,0.0,0.0,0.0,
13542,24712,11670,19,0.0,0.0,-5.0,0.0,0.0,0.0,
13543,24719,7562,-1,0.0,0.0,0.0,0.0,-1.57079994678,0.0,
13544,24720,173,19,0.0,0.0,0.0,0.0,0.0,0.0,
13545,24720,173,19,0.0,0.0,-1.0,0.0,0.0,0.0,
13547,24720,173,19,0.0,0.0,1.0,0.0,0.0,0.0,
13549,24723,11399,21,0.0,0.0,0.0,0.0,0.0,0.0,
13550,24723,11399,22,0.0,0.0,0.0,0.0,0.0,0.0,
13551,24723,1016,19,0.0,0.0,0.0,0.0,0.0,0.0,
13552,24723,1016,19,0.0,0.0,0.0,0.0,0.0,0.0,
13555,24725,12216,19,0.600000023842,0.0,1.10000002384,0.0,0.0,0.0,
13556,24726,9888,1,-0.300000011921,-0.20000000298,-0.300000011921,0.0,0.0,-0.0157079994678,
13557,24728,11944,22,0.0,0.0,0.0,0.0,0.0,0.0,
13558,24735,14733,34,0.0,0.0,0.0,0.0,0.0,0.0,
13559,24736,11678,1,-0.10000000149,-0.300000011921,-0.300000011921,0.0,1.04719996452,0.0,
13561,24741,3157,-1,0.0,0.0,0.0,0.0,-1.57079994678,0.0,
13562,24742,11666,19,0.0,0.0,0.0,0.0,0.0,0.0,
13563,24743,11683,17,0.140000000596,0.119999997318,0.209999993443,0.0,0.0,0.0,
13564,24745,460,19,0.0,0.0,0.5,0.0,0.0,0.0,
13567,24743,11683,17,0.140000000596,-0.119999997318,0.209999993443,0.0,0.0,0.0,
13569,24743,11683,17,0.140000000596,-0.119999997318,0.209999993443,0.0,0.0,0.0,
13570,24743,11683,17,0.140000000596,0.119999997318,0.209999993443,0.0,0.0,0.0,
13571,24744,460,19,0.0,0.0,0.5,0.0,0.0,0.0,
13572,24748,11688,34,0.0,0.0,0.0,0.0,0.0,0.0,
13573,24749,11693,34,0.5,0.0,-0.5,0.261799007654,0.523599028587,0.0,
13574,24749,4898,34,1.25,0.0,0.75,0.0,0.0,0.0,
13575,24750,11694,34,0.20000000298,0.0,0.300000011921,0.0,-0.349065989256,0.0,
13576,24750,10799,34,0.0,0.0,0.600000023842,0.0,0.0,0.0,
13577,24753,11696,34,1.10000002384,0.0,-0.5,0.0,0.261799007654,0.0,
13578,24753,4898,34,1.25,0.0,0.75,0.0,0.0,0.0,
13579,24754,158,19,0.0,0.0,0.0,0.0,0.0,0.0,
13580,24755,11699,19,0.0,0.0,0.0,0.0,0.0,0.0,
13581,24756,6861,19,0.0,0.0,0.0,0.0,0.0,0.0,
13582,24756,6861,19,0.0,0.0,0.0,0.0,0.0,0.785398006439,
13583,24755,4345,-1,2.0,0.0,0.0,0.0,0.0,0.0,
13584,24757,7946,34,0.0,0.0,0.0,0.0,0.0,0.0,
13585,24759,5490,34,0.0,0.0,0.0,0.0,0.0,0.0,
13588,24763,12506,19,0.0,0.0,0.0,0.0,0.0,0.0,
13589,24767,12507,22,0.0,0.0,0.0,0.0,0.0,0.0,
13590,23356,8384,-1,0.280000001192,0.0,-0.20000000298,0.0,0.0,0.0,
13592,24773,11339,-1,0.0,0.0,0.0,0.0,0.0,0.0,
13593,24773,9166,-1,0.0,0.0,0.0,0.0,0.0,0.0,
13594,24774,5199,17,0.0,0.0,0.0,0.0,0.436331987381,0.0,
13597,24790,12984,2,0.0,-0.20000000298,0.300000011921,1.57079994678,0.0,3.14159011841,
13598,24790,12984,1,0.0,0.15000000596,0.300000011921,1.57079994678,0.0,3.14159011841,
13599,24781,14727,-1,0.0,0.0,10.0,0.0,0.0,0.0,
13600,24791,5706,19,2.29999995232,0.0,0.0,0.0,-1.57079994678,0.0,
13601,24794,8069,-1,0.0,0.0,0.0,1.39626002312,0.0,0.0,
13602,24794,380,-1,0.0,0.0,0.0,3.14159011841,0.0,0.0,
13603,24794,8069,-1,0.0,0.0,0.0,-0.785398006439,0.0,0.0,
13604,24794,8069,-1,0.0,0.0,0.0,-1.39626002312,0.0,0.0,
13605,24794,8069,-1,0.0,0.0,0.0,0.0,0.0,0.0,
13606,24794,8069,-1,0.0,0.0,0.0,0.785398006439,0.0,0.0,
13609,24799,11159,19,0.0,0.0,0.0,0.0,0.0,0.0,
13610,24800,6722,-1,0.0,0.0,4.0,0.0,0.0,0.0,
13611,24801,11712,-1,0.0,0.0,1.0,0.0,0.0,0.0,
13612,24803,4354,31,0.0,1.0,0.0,0.0,0.0,0.0,
13613,24803,7245,31,0.0,1.0,0.0,0.0,0.0,0.0,
13614,24804,14336,-1,0.0,0.0,0.800000011921,0.0,-1.57079994678,0.0,
13615,24805,9668,20,1.0,0.0,0.0,0.0,0.0,0.0,
13620,24806,14716,19,0.0,0.0,-8.5,0.0,0.0,0.0,
13621,24808,3334,-1,0.0,0.0,0.0,0.0,0.0,0.0,
13623,24809,11719,-1,0.0,0.0,0.0,0.0,0.0,0.0,
13624,24809,5727,-1,0.0,0.0,0.0,0.0,0.0,0.0,
13625,24814,12602,-1,0.0,0.0,0.0,0.0,0.0,0.0,
13626,24818,2402,19,0.0,0.0,0.0,0.0,0.0,0.0,
13627,24818,814,19,0.0,0.0,0.0,0.0,0.0,0.0,
13628,24819,5846,19,0.0,0.0,0.0,0.0,0.0,0.0,
13629,24821,9564,34,0.0,0.0,1.0,0.0,0.0,0.0,
13630,24823,3128,19,1.0,0.0,0.0,0.0,0.0,0.0,
13631,24823,3128,19,-1.0,0.0,0.0,3.14159011841,0.0,0.0,
13632,24823,3128,19,0.0,-1.0,0.0,-1.57079994678,0.0,0.0,
13633,24823,3128,19,0.0,1.0,0.0,1.57079994678,0.0,0.0,
13634,24824,1784,19,1.0,0.0,0.0,0.0,0.0,0.0,
13636,24796,6858,17,1.0,0.0,-0.5,-3.14159011841,0.0,0.0,
13637,24796,8913,17,0.0,0.0,0.0,0.0,0.0,0.0,
13638,24825,337,20,-1.0,0.0,0.5,0.0,0.0,0.0,
13639,24541,8442,15,-0.25,0.0,-0.479999989271,0.785398006439,0.0,1.57079994678,
13640,24826,4699,19,0.0,0.0,0.20000000298,0.0,0.0,0.0,
13641,24826,10588,19,0.0,0.0,0.0,0.0,0.0,0.0,
13642,24835,4058,-1,0.0,0.0,0.0,0.0,0.0,0.0,
13644,24837,6325,-1,0.0,0.0,0.0,0.0,0.0,0.0,
13645,24838,11722,-1,0.0,0.0,4.0,0.0,0.0,0.0,
13646,24839,9629,19,1.0,0.0,-1.20000004768,0.0,0.0,0.0,
13647,24840,12507,2,0.0,0.5,0.0,0.0,0.0,0.0,
13648,24841,11722,-1,0.0,0.0,4.0,0.0,0.0,0.0,
13649,24842,8833,19,0.0,0.0,0.0,0.0,0.0,0.0,
13651,24810,8756,19,-0.300000011921,-0.10000000149,2.0,0.0,0.0,0.0,
13652,24847,5255,-1,0.0,0.0,0.0,0.0,0.0,0.0,
13653,24847,1176,-1,0.0,0.0,0.0,0.0,0.0,0.523599028587,
13654,24847,1176,-1,0.0,0.0,0.0,0.0,0.523599028587,0.523599028587,
13655,24847,1176,-1,0.0,0.0,0.0,0.0,-0.523599028587,-0.872664988041,
13656,24847,1175,-1,0.0,0.0,0.0,0.0,-0.174532994628,0.349065989256,
13657,24847,465,-1,0.0,0.0,0.0,0.0,0.174532994628,1.04719996452,
13658,24848,10758,19,0.0,0.0,0.5,0.0,0.0,0.0,
13660,24852,8756,19,-0.300000011921,-0.10000000149,2.0,0.0,0.0,0.0,
13662,24857,11731,-1,0.0,0.0,0.0,0.0,0.0,0.0,
13664,24853,157,1,0.5,0.0,0.0,0.0,0.0,0.0,
13665,24863,12514,19,0.0,0.0,0.0,0.0,0.0,0.0,
13666,24864,11734,22,0.0,0.0,0.0,0.0,0.436331987381,1.57079994678,
13667,24865,9293,19,0.0,0.0,-9.0,0.0,-1.48353004456,0.0,
13668,24865,9293,19,35.0,0.0,-9.0,3.14159011841,-1.48353004456,0.0,
13673,24871,7513,1,0.0,0.0,0.0,0.0,0.0,3.14159011841,
13674,24879,7315,19,0.0,0.0,0.0,0.0,0.0,0.0,
13676,24881,11753,19,0.0,0.0,0.15000000596,0.0,0.0,0.0,
13677,24881,4978,34,0.0,0.0,0.0,0.0,0.0,0.0,
13678,24883,11749,-1,0.0,0.0,0.0,0.0,0.0,0.0,
13681,24883,11750,-1,0.0,0.0,0.0,0.0,0.0,0.0,
13691,24888,11755,-1,0.0,0.0,0.0,0.0,0.0,0.0,
13692,24892,11445,19,0.0,0.0,0.0,0.0,0.0,0.0,
13694,24899,11735,19,0.0,0.0,-0.5,3.14159011841,0.0,0.0,
13695,24900,4138,31,1.0,1.0,0.0,0.0,0.0,1.57079994678,
13696,24901,10199,19,0.0,0.0,-0.20000000298,0.0,0.0,0.0,
13697,24902,9519,19,-5.5,5.5,0.0,0.0,0.0,0.0,
13698,24902,9519,19,0.0,-8.0,0.0,0.0,0.0,0.0,
13699,24902,9519,19,-8.0,0.0,0.0,0.0,0.0,0.0,
13700,24902,9519,19,0.0,8.0,0.0,0.0,0.0,0.0,
13701,24902,9519,19,8.0,0.0,0.25,0.0,0.0,0.0,
13702,24902,9519,19,-5.5,-5.5,0.0,0.0,0.0,0.0,
13703,24902,9519,19,5.5,5.5,0.0,0.0,0.0,0.0,
13704,24902,9519,19,5.5,-5.5,0.25,0.0,0.0,0.0,
13706,22314,12442,19,0.0,0.0,0.0,0.0,0.0,0.0,
13709,22322,12442,19,0.0,0.0,0.0,0.0,0.0,0.0,
13711,22317,12442,19,0.0,0.0,0.0,0.0,0.0,0.0,
13713,22375,12513,-1,0.0,0.0,1.25,0.0,0.0,0.0,
13714,24906,12442,19,0.0,0.0,0.0,0.0,0.0,0.0,
13716,24906,11654,17,-0.10000000149,0.0,0.25,0.0,0.0,0.0,
13717,24907,9870,22,0.0,0.0,0.0,0.0,0.0,0.0,
13718,24907,9870,21,0.0,0.0,0.0,0.0,0.0,0.0,
13721,24908,7954,-1,0.0,0.0,0.0,0.0,0.0,0.0,
13722,24908,11767,-1,0.0,0.0,1.0,0.0,0.0,0.0,
13723,24908,11768,-1,0.0,0.0,1.0,0.0,0.0,0.0,
13731,24913,4978,34,0.0,0.0,0.0,0.0,0.0,0.0,
13733,24911,11773,-1,0.0,0.0,0.0,0.0,0.0,0.0,
13734,24911,11774,-1,0.0,0.0,0.0,0.0,0.0,0.0,
13735,24864,11769,19,0.0,0.0,-1.0,0.0,0.0,0.0,
13736,24915,8764,-1,0.0,0.0,0.0,0.0,0.0,0.0,
13737,24915,8515,-1,0.0,0.0,0.0,0.0,0.0,0.0,
13738,24916,11776,-1,0.0,0.0,0.0,0.0,0.0,0.0,
13739,24916,11776,-1,0.0,0.0,0.0,1.57079994678,0.0,0.0,
13740,24916,11776,-1,0.0,0.0,0.0,3.14159011841,0.0,0.0,
13741,24916,11776,-1,0.0,0.0,0.0,4.71238994598,0.0,0.0,
13742,24916,11776,-1,0.0,0.0,0.0,0.785398006439,0.0,0.0,
13743,24916,11776,-1,0.0,0.0,0.0,2.3561899662,0.0,0.0,
13744,24916,11776,-1,0.0,0.0,0.0,3.9269900322,0.0,0.0,
13745,24916,11776,-1,0.0,0.0,0.0,5.49778985977,0.0,0.0,
13746,24917,6645,-1,0.0,0.0,0.0,0.0,0.0,0.0,
13747,24917,6645,-1,0.0,0.0,2.0,0.0,0.0,0.0,
13748,24917,6645,-1,2.0,0.0,2.0,0.0,0.0,0.0,
13749,24917,6645,-1,2.0,0.0,0.0,0.0,0.0,0.0,
13751,24925,4690,-1,0.0,0.0,0.0,0.0,0.0,0.0,
13752,24927,8756,19,-0.300000011921,-0.10000000149,2.40000009537,0.0,0.0,0.0,
13753,24928,6083,-1,0.0,0.0,0.0,0.0,0.0,0.0,
13754,24930,6220,19,2.0,0.0,-0.5,0.0,0.0,0.0,
13755,24930,6220,19,-2.0,0.0,-0.5,0.0,0.0,0.0,
13756,24930,6220,19,0.0,2.0,-0.5,0.0,0.0,0.0,
13757,24930,6220,19,0.0,-2.0,-0.5,0.0,0.0,0.0,
13758,24933,10515,19,0.0,0.0,0.0,0.0,0.0,0.0,
13759,24935,8833,34,0.0,0.0,-1.0,0.0,0.0,0.0,
13761,24939,7954,-1,0.0,0.0,0.0,0.0,0.0,0.0,
13762,24939,11766,-1,0.0,0.0,1.0,0.0,0.0,0.0,
13763,24939,11764,-1,0.0,0.0,1.0,0.0,0.0,0.0,
13764,24940,9870,22,0.0,0.0,0.0,0.0,0.0,0.0,
13765,24940,9870,21,0.0,0.0,0.0,0.0,0.0,0.0,
13766,24943,3130,2,0.0,0.0,0.0,0.0,0.0,0.0,
13767,24943,3130,1,0.0,0.0,0.0,0.0,0.0,0.0,
13770,24947,12161,-1,0.0,0.0,0.0,0.0,0.0,0.0,
13771,24934,8670,-1,1.0,0.0,0.0,0.0,0.0,0.0,
13773,24951,6544,19,0.0,0.0,1.5,0.0,0.0,0.0,
13774,24953,7143,19,0.0,0.0,1.5,0.0,0.0,0.0,
13775,24954,6495,19,0.0,0.0,1.5,0.0,0.0,0.0,
13776,24955,11784,34,0.0,0.0,0.0,0.0,0.0,0.0,
13777,24957,8832,-1,0.0,0.0,-0.5,0.0,0.0,0.0,
13778,24958,287,21,0.0,0.0,0.0,0.0,0.0,0.0,
13779,24958,287,22,0.0,0.0,0.0,0.0,0.0,0.0,
13780,24972,9798,19,0.0,0.0,1.0,0.0,0.0,0.0,
13782,24976,4699,19,1.54999995232,0.40000000596,0.0,0.0,0.0,0.0,
13783,24976,10588,19,1.54999995232,0.40000000596,0.0,0.0,0.0,0.0,
13784,24977,6902,19,-0.800000011921,0.0,3.0,0.0,0.0,0.0,
13785,24978,11789,16,0.0,0.0,-0.20000000298,0.0,0.0,0.0,
13786,24978,11789,16,0.800000011921,0.0,-0.20000000298,0.0,0.349065989256,0.0,
13787,24978,11789,16,0.40000000596,0.20000000298,-0.20000000298,4.18878984451,0.0,0.0,
13788,24978,11789,16,0.40000000596,-0.20000000298,-0.20000000298,2.44345998764,0.0,0.0,
13789,24982,11647,34,0.699999988079,0.0,0.0,0.0,0.0,0.0,
13791,24986,5621,34,0.0,0.0,0.0,0.0,0.0,0.0,
13822,24991,12346,19,0.0,0.0,-0.300000011921,0.0,0.0,0.0,
13823,24993,3705,17,0.5,0.0,0.0,0.0,0.0,0.0,
13824,24996,4520,34,2.79999995232,0.0,-2.0,0.0,0.0,0.0,
13825,24997,7343,34,2.70000004768,0.0,-2.0,0.0,0.0,0.0,
13826,25000,5504,-1,0.0,0.0,0.0,0.0,0.0,0.0,
13827,24424,12350,19,0.0,0.0,0.0,0.0,0.0,0.0,
13835,24999,6861,19,2.0,0.0,0.0,0.0,0.0,0.0,
13836,25005,11811,21,0.0,0.0,0.0,0.0,0.0,0.0,
13837,25005,11811,22,0.0,0.0,0.0,0.0,0.0,0.0,
13838,25007,11808,17,0.0,-0.20000000298,0.5,1.57079994678,0.0,0.0,
13842,25010,3810,22,0.0,0.0,0.0,0.0,0.0,0.0,
13843,25010,3810,21,0.0,0.0,0.0,0.0,0.0,0.0,
13844,25011,11810,1,0.0,-0.230000004172,-0.10000000149,0.0,0.0,0.0,
13845,23321,10194,19,0.0,0.0,0.0,3.14159011841,0.0,0.0,
13848,25017,11178,-1,0.0,0.0,1.5,0.0,0.0,0.0,
13850,25021,12315,19,0.0,0.0,0.0,0.0,0.0,0.0,
13852,25024,7176,19,0.0,0.0,2.0,0.0,0.0,0.0,
13853,25020,7492,19,2.0,0.0,1.5,0.0,0.523599028587,0.0,
13857,25045,11809,17,0.0,0.0900000035763,0.180000007153,0.0,0.0,0.0,
13858,25045,11809,17,0.0,-0.0900000035763,0.180000007153,0.0,0.0,0.0,
13860,25051,12319,34,0.0,0.0,-2.0,0.0,0.0,0.0,
13862,25054,11830,1,0.0,0.0,0.0,0.0,1.57079994678,0.0,
13863,24966,11812,19,0.0,0.0,0.0,0.0,0.0,0.0,
13864,24887,11814,-1,0.0,0.0,0.0,0.0,-1.57079994678,0.0,
13865,25069,11834,19,0.0,0.0,0.0,0.0,0.0,0.0,
13867,25070,11838,19,0.0,0.0,0.0,0.0,0.0,0.0,
13870,25071,8558,-1,0.0,0.0,-4.5,0.0,0.0,0.0,
13874,25073,9870,22,0.0,0.0,0.0,0.0,0.0,0.0,
13875,25073,9870,21,0.0,0.0,0.0,0.0,0.0,0.0,
13878,25079,13257,34,0.0,0.0,0.0,0.0,0.0,0.0,
13879,25080,6917,-1,0.0,0.0,-4.5,0.0,0.0,0.0,
13880,23229,11851,19,0.0,0.0,0.0,0.0,0.0,0.0,
13881,25088,11506,34,0.0,0.0,0.0,0.0,0.0,0.0,
13883,24437,11863,-1,0.0,0.0,0.0,0.0,0.0,0.0,
13886,25094,4464,17,0.0,0.0,-0.40000000596,0.0,0.0,0.0,
13888,25097,11712,19,0.0,0.0,1.0,0.0,0.0,0.0,
13889,25098,10793,19,0.0,0.0,0.0,0.0,0.0,0.0,
13890,25098,6736,19,0.0,0.0,0.0,0.0,0.0,0.0,
13891,25099,12136,19,0.0,0.0,0.0,0.0,0.0,0.0,
13892,25089,3357,19,0.0,0.0,0.0,0.0,0.0,0.0,
13893,25101,4466,17,-0.15000000596,0.0,-0.300000011921,0.0,-0.0872659981251,0.0,
13894,25102,3697,1,0.0,-0.10000000149,-0.20000000298,0.0,1.22172999382,2.26892995834,
13895,25094,10810,17,0.10000000149,0.20000000298,0.300000011921,0.0,0.0,0.0,
13896,25094,10810,17,0.10000000149,-0.20000000298,0.300000011921,0.0,0.0,0.0,
13897,25108,11939,17,-0.449999988079,-0.519999980927,0.5,-0.785398006439,0.0,0.0,
13898,25101,5048,17,-0.0500000007451,0.25,0.5,0.0,0.0,0.0,
13899,25101,5048,17,-0.0500000007451,-0.25,0.5,0.0,0.0,0.0,
13901,25109,10454,1,0.5,0.10000000149,0.0,-1.57079994678,0.0,0.0,
13902,25110,7418,19,0.0,0.0,-0.5,0.0,0.0,0.0,
13904,25111,458,34,0.0,0.0,0.0,0.0,0.0,0.0,
13907,25113,3112,19,0.0,0.0,0.0,0.0,0.0,0.0,
13909,25113,9715,19,0.0,0.0,0.0,0.0,0.0,0.0,
13911,25120,10219,34,0.0,0.0,0.0,0.0,0.0,0.0,
13913,25120,9596,34,0.0,0.0,0.0,0.0,1.57079994678,0.0,
13914,25128,3357,19,0.0,0.0,0.0,0.0,0.0,0.0,
13915,25131,10219,34,0.0,0.0,0.0,0.0,0.0,0.0,
13916,25131,10223,34,0.0,0.0,0.0,0.0,0.0,0.0,
13917,23731,11912,19,-0.5,-0.10000000149,1.60000002384,0.0,0.0,0.0,
13918,25132,11045,19,2.0,0.0,2.0,0.0,0.0349069982767,0.0,
13919,25140,337,20,-1.0,0.0,0.5,0.0,0.0,0.0,
13920,25140,11914,2,0.0,0.0500000007451,0.0,0.0,0.0,0.785398006439,
13921,25141,11915,12,-0.20000000298,0.0,-0.699999988079,3.49065995216,-0.698131978512,-0.872664988041,
13922,25146,9866,34,0.0,0.0,0.0,0.0,0.0,0.0,
13923,25146,10684,34,0.0,0.0,0.0,0.0,1.57079994678,0.0,
13925,25148,11916,34,0.0,0.0,0.0,0.0,0.0,0.0,
13926,25147,11917,34,0.0,0.0,0.0,0.0,0.0,0.0,
13928,25149,8670,34,0.0,0.0,0.0,0.0,0.0,0.0,
13932,25151,8675,19,0.0,0.0,0.699999988079,0.785398006439,0.0,0.0,
13933,25151,8675,19,0.0,0.0,0.699999988079,2.3561899662,0.0,0.0,
13934,25151,8675,19,0.0,0.0,0.699999988079,0.0,0.0,0.0,
13935,25152,8670,34,0.0,0.0,0.0,0.0,0.0,0.0,
13936,25153,13367,34,0.0,0.0,0.0,0.0,1.57079994678,0.0,
13937,25154,13367,34,0.0,0.0,0.0,0.0,0.0,0.0,
13938,25155,8019,19,0.0,0.0,-1.0,0.0,0.0,0.0,
13944,25158,7178,-1,0.0,0.0,0.600000023842,0.0,0.0,0.0,
13946,25115,11924,19,0.0,0.0,0.0,0.0,0.0,0.0,
13947,22872,12457,-1,0.0,0.0,0.0,1.57079994678,1.57079994678,0.0,
13948,25115,3112,34,0.0,0.0,0.0,0.0,0.0,0.0,
13949,25115,8244,47,0.0,0.0,0.0,0.0,0.0,0.0,
13950,25115,8244,48,0.0,0.0,0.0,0.0,0.0,0.0,
13951,25115,8244,19,0.0,0.0,1.0,0.0,0.0,0.0,
13952,25160,10921,17,0.0,-0.0500000007451,0.070000000298,0.0,0.0,0.0,
13953,25160,10921,17,0.0,0.0500000007451,0.070000000298,0.0,0.0,0.0,
13961,25128,2042,19,0.0,0.0,0.0,0.0,0.0,0.0,
13963,25163,10921,17,0.10000000149,-0.0500000007451,0.0299999993294,0.0,0.0,0.0,
13964,25163,10921,17,0.0299999993294,0.0500000007451,0.0299999993294,0.0,0.0,0.0,
13965,25165,11937,34,0.0,0.0,0.0,0.0,0.0,0.0,
13968,25177,4874,-1,0.0,0.0,0.0,0.0,0.0,0.0,
13969,25181,8244,47,0.0,0.0,0.0,0.0,0.0,0.0,
13970,25181,8244,48,0.0,0.0,0.0,0.0,0.0,0.0,
13971,25181,8244,19,0.0,0.0,1.0,0.0,0.0,0.0,
13972,25183,11944,1,0.0,0.0,0.0,0.0,0.0,1.57079994678,
13973,25193,6714,19,0.0,0.0,0.0,0.0,0.0,0.0,
13974,25194,11954,19,0.0,0.0,-5.0,0.0,0.0,0.0,
13975,25194,13737,19,0.0,0.0,0.0,0.0,0.0,0.0,
13976,25195,11804,-1,0.0,0.0,0.5,0.0,0.0,0.0,
13977,25195,11957,19,0.0,0.0,0.0,0.0,0.0,0.0,
13979,25199,14380,20,0.0,0.0,0.0,0.0,0.0,0.0,
13980,25200,2123,19,0.0,0.0,1.0,0.0,0.0,0.0,
13982,25203,11945,-1,0.0,0.0,0.0,0.0,0.0,0.0,
13983,25204,11946,-1,0.0,0.0,0.0,0.0,0.0,0.0,
13984,25205,11947,-1,0.0,0.0,0.0,0.0,0.0,0.0,
13985,25206,11948,-1,0.0,0.0,0.0,0.0,0.0,0.0,
13986,25207,11961,-1,0.0,0.0,0.0,0.0,0.0,0.0,
13988,25208,12756,12,0.10000000149,0.0,0.0,3.14159011841,3.14159011841,0.0,
13989,25208,3146,12,0.10000000149,0.0,0.0,0.0,0.0,0.0,
13992,25211,11620,19,0.0,0.0,3.0,0.0,0.0,0.0,
13993,25212,12607,19,0.0,0.0,1.0,0.0,0.0,0.0,
13994,25212,12607,19,0.0,0.0,1.0,0.0,0.0,0.0,
13995,25212,11620,19,0.0,0.0,3.0,0.0,0.0,0.0,
13996,25213,12606,19,0.0,0.0,1.0,0.0,0.0,0.0,
13997,25213,12606,19,0.0,0.0,1.0,0.0,0.0,0.0,
13998,25213,11620,19,0.0,0.0,3.0,0.0,0.0,0.0,
13999,25215,11437,17,-0.15000000596,0.0,0.300000011921,0.0,0.0,0.0,
14000,25216,10472,34,0.0,0.550000011921,-1.0,0.0,0.0,0.0,
14001,25217,10472,34,0.0,0.550000011921,-1.0,0.0,0.0,0.0,
14002,25217,10472,34,0.0,-0.5,-1.0,0.0,0.0,0.0,
14003,25218,10472,34,0.0,0.5,-1.0,0.0,0.0,0.0,
14004,25218,10472,34,0.0,-0.550000011921,-1.0,0.0,0.0,0.0,
14005,25218,10472,34,0.0,0.600000023842,-0.20000000298,0.0,0.174532994628,0.0,
14006,25219,10472,34,0.0,0.5,-1.0,0.0,0.0,0.0,
14007,25219,10472,34,0.0,-0.5,-1.0,0.0,0.0,0.0,
14008,25219,10472,34,0.0,0.600000023842,-0.20000000298,0.0,0.174532994628,0.0,
14009,25219,10472,34,0.0,-0.600000023842,-0.20000000298,0.0,0.174532994628,0.0,
14010,25220,10472,34,0.0,0.550000011921,-1.0,0.0,0.0,0.0,
14011,25220,10472,34,0.0,-0.5,-1.0,0.0,0.0,0.0,
14012,25220,10472,34,0.0,0.600000023842,-0.20000000298,0.0,0.174532994628,0.0,
14013,25220,10472,34,0.0,-0.600000023842,-0.20000000298,0.0,0.174532994628,0.0,
14014,25220,10472,34,0.0,0.0,0.600000023842,1.57079994678,0.0,0.0,
14015,25221,10472,34,0.0,0.550000011921,-1.0,0.0,0.0,0.0,
14016,25221,10472,34,0.0,-0.5,-1.0,0.0,0.0,0.0,
14017,25221,10472,34,0.0,0.600000023842,-0.20000000298,0.0,0.174532994628,0.0,
14018,25221,10472,34,0.0,-0.600000023842,-0.20000000298,0.0,0.174532994628,0.0,
14019,25221,10472,34,0.0,0.0,0.600000023842,1.57079994678,0.0,0.0,
14020,25221,10472,34,0.0,0.0,1.10000002384,0.0,1.30900001526,0.0,
14021,25222,11968,2,0.0,-0.300000011921,-0.550000011921,0.0,0.0,0.523599028587,
14022,25223,11968,1,0.0,0.300000011921,-0.550000011921,0.0,0.0,-0.523599028587,
14023,25223,11968,2,0.0,-0.300000011921,-0.550000011921,0.0,0.0,0.523599028587,
14024,25224,11968,1,0.0,0.300000011921,-0.550000011921,0.0,0.0,-0.523599028587,
14025,25224,11968,2,0.5,-0.300000011921,-0.34999999404,0.0,-1.13445997238,0.523599028587,
14026,25224,11968,2,-0.5,-0.300000011921,-0.34999999404,0.0,1.13445997238,0.523599028587,
14027,25225,11968,1,-0.5,0.300000011921,-0.34999999404,0.0,1.13445997238,-0.523599028587,
14028,25225,11968,2,0.5,-0.300000011921,-0.34999999404,0.0,-1.13445997238,0.523599028587,
14029,25225,11968,2,-0.5,-0.300000011921,-0.34999999404,0.0,1.13445997238,0.523599028587,
14030,25225,11968,1,0.5,0.300000011921,-0.34999999404,0.0,-1.13445997238,-0.523599028587,
14031,25226,11968,1,-0.5,0.300000011921,-0.34999999404,0.0,1.13445997238,-0.523599028587,
14032,25226,11968,2,0.5,-0.300000011921,-0.34999999404,0.0,-1.13445997238,0.523599028587,
14033,25226,11968,2,-0.5,-0.300000011921,-0.34999999404,0.0,1.13445997238,0.523599028587,
14034,25226,11968,1,0.5,0.300000011921,-0.34999999404,0.0,-1.13445997238,-0.523599028587,
14035,25226,11968,2,-0.40000000596,0.5,-0.20000000298,0.523599028587,0.0,-1.22172999382,
14039,25227,11968,1,-0.5,0.300000011921,-0.34999999404,0.0,1.13445997238,-0.523599028587,
14040,25227,11968,2,0.5,-0.300000011921,-0.34999999404,0.0,-1.13445997238,0.523599028587,
14041,25227,11968,2,-0.5,-0.300000011921,-0.34999999404,0.0,1.13445997238,0.523599028587,
14042,25227,11968,1,0.5,0.300000011921,-0.34999999404,0.0,-1.13445997238,-0.523599028587,
14043,25227,11968,2,-0.40000000596,0.5,-0.20000000298,0.523599028587,0.0,-1.22172999382,
14044,25227,11968,17,-0.300000011921,0.0,0.25,1.57079994678,0.0,0.349065989256,
14045,25228,11106,17,-0.300000011921,0.0,0.25,0.0,-0.349065989256,0.0,
14048,25229,12718,19,0.0,0.0,0.0,0.0,0.0,0.0,
14049,25230,11106,17,-0.300000011921,0.0,0.25,0.0,-0.349065989256,0.0,
14050,25230,11106,17,-0.40000000596,0.0,0.5,0.0,-0.261799007654,0.0,
14055,25232,11978,19,0.0,0.0,0.0,0.0,0.0,0.0,
14059,25233,12207,19,0.0,0.0,0.0,0.0,0.0,0.0,
14060,25234,11106,17,-0.300000011921,0.0,0.25,0.0,-0.349065989256,0.0,
14061,25234,11106,17,-0.40000000596,0.0,0.5,0.0,-0.261799007654,0.0,
14062,25234,11106,17,-0.5,0.0,0.75,0.0,-0.174532994628,0.0,
14063,25235,11106,17,-0.300000011921,0.0,0.25,0.0,-0.349065989256,0.0,
14064,25235,11106,17,-0.40000000596,0.0,0.5,0.0,-0.261799007654,0.0,
14065,25235,11106,17,-0.5,0.0,0.75,0.0,-0.174532994628,0.0,
14066,25235,11106,17,-0.600000023842,0.0,1.0,0.0,-0.0872659981251,0.0,
14067,25236,11106,17,-0.300000011921,0.0,0.25,0.0,-0.349065989256,0.0,
14068,25236,11106,17,-0.40000000596,0.0,0.5,0.0,-0.261799007654,0.0,
14069,25236,11106,17,-0.5,0.0,0.75,0.0,-0.174532994628,0.0,
14070,25236,11106,17,-0.600000023842,0.0,1.0,0.0,-0.0872659981251,0.0,
14071,25236,11106,17,-0.600000023842,0.0,1.25,0.0,0.0,0.0,
14072,25237,11106,17,-0.300000011921,0.0,0.25,0.0,-0.349065989256,0.0,
14073,25237,11106,17,-0.40000000596,0.0,0.5,0.0,-0.261799007654,0.0,
14074,25237,11106,17,-0.5,0.0,0.75,0.0,-0.174532994628,0.0,
14075,25237,11106,17,-0.600000023842,0.0,1.0,0.0,-0.0872659981251,0.0,
14076,25237,11106,17,-0.600000023842,0.0,1.25,0.0,0.0,0.0,
14077,25237,11106,17,-0.600000023842,0.0,1.85000002384,0.0,3.05433011055,0.523599028587,
14082,25231,12210,19,0.0,0.0,0.0,0.0,0.0,0.0,
14085,25238,7343,-1,0.0,0.0,0.0,0.0,0.0,0.0,
14086,25232,11978,19,0.0,0.0,0.0,0.0,0.0,0.0,
14087,24924,8189,34,0.0,0.0,0.0,0.0,0.0,0.0,
14089,24924,8189,34,0.0,0.0,0.0,0.0,0.0,0.0,
14090,25240,11980,19,0.0,0.0,-3.0,0.0,0.0,0.0,
14093,25246,12103,1,0.0,0.0,0.0,0.0,0.0,0.0,
14095,25250,11984,34,0.0,0.0,0.0,0.0,0.0,0.0,
14096,25252,11987,6,0.0,0.0,0.0,0.0,0.0,0.0,
14097,25252,11988,5,0.0,0.0,0.0,0.0,0.0,0.0,
14098,25253,11987,6,0.0,0.0,0.0,0.0,0.0,0.0,
14099,25253,11988,5,0.0,0.0,0.0,0.0,0.0,0.0,
14100,25255,11992,6,0.0,0.0,0.0,0.0,0.0,0.0,
14101,25255,11993,5,0.0,0.0,0.0,0.0,0.0,0.0,
14102,25256,11992,6,0.0,0.0,0.0,0.0,0.0,0.0,
14103,25256,11993,5,0.0,0.0,0.0,0.0,0.0,0.0,
14104,23471,11080,20,0.0,0.0,0.5,0.0,0.0,0.0,
14105,25261,11351,-1,1.20000004768,0.0,0.0,0.0,0.0,0.0,
14106,25264,7250,-1,1.0,0.0,1.0,-0.523599028587,0.0,0.0,
14107,25264,4309,-1,0.0,0.0,0.5,0.0,0.0,0.0,
14108,25264,7250,-1,1.0,0.0,1.0,0.523599028587,0.0,0.0,
14109,25264,7250,-1,1.0,0.0,1.0,0.0,0.0,0.0,
14110,25265,9332,20,0.600000023842,0.0,-0.300000011921,0.0,0.0,0.0,
14111,25265,11999,2,-0.10000000149,0.0,0.0,0.0,2.96706008911,0.0,
14112,25266,10653,-1,0.0,0.0,0.0,0.0,1.57079994678,0.0,
14113,25266,10653,-1,0.0,0.0,0.0,1.57079994678,1.57079994678,0.0,
14115,25268,12001,19,0.0,0.0,0.0,-1.57079994678,0.0,0.0,
14116,25270,545,19,0.0,0.0,0.0,0.0,0.0,0.0,
14117,25271,9799,34,0.0,0.0,0.0,0.0,0.0,0.0,
14118,25272,3050,34,0.0,0.0,0.0,0.0,0.0,0.0,
14119,25275,9726,21,0.0,0.0,0.0,0.0,0.0,0.0,
14120,25275,735,21,0.0,0.0,0.0,0.0,0.0,0.0,
14121,25275,12004,21,0.0,0.0,0.0,0.0,0.0,0.0,
14122,25276,12005,34,0.0,0.0,-4.5,0.0,0.0,0.0,
14125,25283,4509,34,-0.5,0.0,0.0,0.0,0.0,0.0,
14126,25283,10197,34,0.0,0.0,0.0,3.14159011841,0.0,0.0,
14129,25288,3116,19,0.0,0.0,-0.75,0.0,0.0,0.0,
14130,25061,11864,-1,0.0,0.0,0.0,0.0,0.0,0.0,
14134,25285,5183,-1,0.0,0.0,0.0,0.0,0.0,0.0,
14135,25285,11554,-1,0.0,0.0,0.0,0.0,0.0,0.0,
14136,25285,12018,2,2.0,0.0,2.0,-3.14159011841,3.66518998146,0.0,
14137,25295,7103,-1,0.0,0.0,0.0,0.0,0.0,0.0,
14143,25295,7104,17,0.699999988079,0.0,0.0,0.0,1.57079994678,0.0,
14144,22323,12043,-1,0.0,0.0,0.0,0.0,0.0,0.0,
14146,25317,12030,12,0.10000000149,0.0,0.0,0.0,0.0,0.0,
14147,25319,12031,2,2.0,0.0,2.0,-3.14159011841,3.66518998146,0.0,
14148,25319,5183,-1,0.0,0.0,0.0,0.0,0.0,0.0,
14149,25319,11554,-1,0.0,0.0,0.0,0.0,0.0,0.0,
14150,25320,12031,2,2.0,0.0,2.0,-3.14159011841,3.66518998146,3.14159011841,
14151,25320,5183,-1,0.0,0.0,0.0,0.0,0.0,0.0,
14152,25320,11554,-1,0.0,0.0,0.0,0.0,0.0,0.0,
14153,25321,11998,2,2.0,0.0,2.0,-3.14159011841,3.66518998146,0.0,
14154,25321,5183,-1,0.0,0.0,0.0,0.0,0.0,0.0,
14155,25321,11554,-1,0.0,0.0,0.0,0.0,0.0,0.0,
14156,25321,12033,2,5.0,0.0,5.0,0.0,-1.57079994678,0.0,
14157,25322,12034,2,2.0,0.0,2.0,-3.14159011841,3.66518998146,0.0,
14158,25322,5183,-1,0.0,0.0,0.0,0.0,0.0,0.0,
14159,25322,11554,-1,0.0,0.0,0.0,0.0,0.0,0.0,
14160,25322,12034,2,4.0,0.0,3.0,0.0,-1.57079994678,0.0,
14161,25323,9504,-1,0.0,0.0,0.0,0.0,0.0,0.0,
14162,25324,5875,2,0.0,0.0,0.0,0.0,0.0,0.0,
14163,25324,5875,1,0.0,0.0,0.0,0.0,0.0,0.0,
14164,25326,6080,34,0.0,0.0,0.0,0.0,0.0,0.0,
14165,25327,12039,20,-0.20000000298,1.20000004768,-0.699999988079,0.0,0.0,0.0,
14166,25327,12036,20,-0.5,1.20000004768,-0.5,0.0,0.0,0.0,
14167,25328,6438,-1,0.0,0.0,0.0,0.0,0.0,0.0,
14168,25328,5030,-1,0.0,0.0,0.0,0.0,0.0,0.0,
14169,25333,12039,20,-0.20000000298,-1.20000004768,-0.699999988079,0.0,0.0,0.0,
14170,25333,12036,20,-0.5,-1.20000004768,-0.5,0.0,0.0,0.0,
14172,25339,5925,34,0.0,0.0,0.0,0.0,0.0,0.0,
14176,25211,12608,19,0.0,0.0,1.0,0.0,0.0,0.0,
14181,25346,12046,-1,0.0,0.0,0.0,0.0,0.0,0.0,
14182,25347,12047,-1,0.0,0.0,0.0,0.0,0.0,0.0,
14183,25348,7623,34,0.0,0.0,0.0,0.0,0.0,0.0,
14184,25350,7343,20,0.5,0.0,0.5,0.0,0.0,0.0,
14185,24067,8305,19,0.0,0.0,0.0,0.0,0.0,0.0,
14186,25353,12049,19,0.0,0.0,0.5,0.0,0.0,0.0,
14187,25354,12050,19,0.0,0.0,1.0,0.0,0.0,0.0,
14188,24020,12057,19,0.0,0.0,0.0,0.0,0.0,0.0,
14192,25345,474,17,0.0,0.0,0.0,0.0,0.0,0.0,
14193,25345,12059,34,0.0,0.0,0.0,0.0,0.0,0.0,
14194,25345,12059,19,0.5,0.0,0.0,0.0,0.0,0.0,
14195,25363,474,17,0.0,0.0,0.0,0.0,0.0,0.0,
14196,25363,12059,34,0.0,0.0,0.0,0.0,0.0,0.0,
14197,25363,12059,19,0.5,0.0,0.0,0.0,0.0,0.0,
14198,25365,4955,-1,-2.0,0.0,0.0,0.0,0.0,0.0,
14201,25375,7257,34,0.0,0.0,0.0,0.0,0.0,0.0,
14202,25375,12063,34,0.0,0.0,0.0,0.0,0.0,0.0,
14203,25375,5231,20,0.0,0.0,-0.5,0.0,0.0,0.0,
14204,25377,12064,16,-0.25,0.0,0.25,-0.785398006439,0.0,0.0,
14205,25378,12065,16,0.0,0.0,0.0,-1.04719996452,0.0,0.0,
14206,25379,8139,16,0.34999999404,0.5,0.25,0.0,0.0,0.0,
14207,25380,10117,16,0.34999999404,0.5,0.25,0.0,0.0,0.0,
14208,25381,1345,16,0.34999999404,0.5,0.25,0.0,0.523599028587,0.0,
14209,25382,8599,34,0.0,0.0,0.0,0.0,0.0,0.0,
14211,25384,8769,1,0.0,0.0,0.0,0.0,0.0,0.0,
14212,25384,8769,2,0.0,0.0,0.0,0.0,0.0,0.0,
14213,25385,12070,-1,0.0,0.0,1.0,0.0,0.0,0.0,
14216,25385,12073,-1,0.0,0.0,0.0,0.0,0.0,0.0,
14218,25385,12074,-1,0.0,0.0,0.0,0.0,0.0,0.0,
14219,25385,12075,-1,0.0,0.0,0.0,0.907571017742,0.0,0.0,
14221,25385,6495,-1,0.0,0.0,3.0,0.0,0.0,0.0,
14223,25385,12713,-1,0.0,0.0,0.0,0.0,0.0,0.0,
14224,25394,8424,19,0.0,0.0,0.20000000298,0.0,0.0,0.0,
14225,25398,12084,17,-0.10000000149,0.0,0.219999998808,0.0,0.0,0.0,
14226,25399,9029,-1,0.0,0.0,0.0,0.0,0.0,0.0,
14227,25398,12085,17,-0.15000000596,0.0500000007451,0.239999994636,0.0,0.0,0.0,
14228,25398,9770,17,-0.170000001788,-0.070000000298,0.259999990463,0.0,0.0,0.0,
14229,25398,12086,33,0.0,0.0,0.0,0.0,-0.349065989256,0.0,
14230,25398,12086,32,0.0,0.0,0.0,0.0,-0.523599028587,3.49065995216,
14231,25398,12086,33,0.0,0.0,0.0,1.83259999752,-0.872664988041,0.0,
14232,25398,12086,32,0.0,0.0,0.0,-1.74532997608,-1.04719996452,3.49065995216,
14233,25403,7343,-1,0.0,0.0,0.0,0.0,0.0,0.0,
14234,25404,12090,16,0.0,0.0,0.0,-1.04719996452,0.0,0.0,
14235,25405,7143,-1,0.0,0.0,3.0,0.0,0.0,0.0,
14236,25405,8342,-1,0.0,0.0,1.0,0.0,0.0,0.0,
14237,21629,12092,12,0.10000000149,0.0,0.699999988079,0.0,0.0,0.0,
14240,25403,11160,-1,0.0,0.0,0.0,0.0,0.0,0.0,
14241,25417,5691,1,0.0,0.0,0.0,0.0,0.0,0.0,
14242,239,287,1,0.0,0.0,0.0,0.0,0.0,0.0,
14243,25418,11664,19,0.0,0.0,0.0,0.0,3.14159011841,0.0,
14244,25420,9250,-1,0.0,0.0,0.0,0.0,0.0,0.0,
14245,25421,12098,34,0.0,0.0,0.0,0.0,0.0,0.0,
14246,25425,7953,20,0.0,0.0,0.0,0.0,0.0,0.0,
14247,25426,8747,34,1.0,0.0,0.0,0.0,0.0,0.0,
14248,25427,1624,-1,0.0,0.0,0.0,0.0,0.0,0.0,
14249,25427,10041,-1,0.0,0.0,0.5,0.0,0.0,0.0,
14250,25428,12935,-1,0.0,0.0,-0.40000000596,0.0,0.0,0.0,
14251,25429,12099,19,-1.0,0.0,0.5,0.0,0.174532994628,0.0,
14253,25430,8048,-1,2.0,0.0,4.0,3.14159011841,0.0,0.0,
14254,25430,8048,-1,2.0,1.5,2.0,0.0,0.0,0.0,
14255,25430,8048,-1,2.0,0.0,2.0,3.14159011841,0.0,0.0,
14256,25430,8048,-1,2.0,-1.5,2.0,0.0,0.0,0.0,
14257,25430,12100,-1,2.0,0.0,0.0,0.0,0.0,0.0,
14258,25434,8051,2,-0.20000000298,0.0,-0.20000000298,0.0,0.523599028587,0.0,
14259,25435,13350,21,0.20000000298,0.0,0.20000000298,0.0,0.0,0.0,
14260,25438,8127,19,0.0,0.0,0.0,0.0,0.0,0.0,
14261,25439,12125,15,0.0,0.0,-4.0,0.0,0.0,0.0,
14262,25446,3934,34,0.0,0.0,2.0,0.0,0.0,0.0,
14271,25453,619,19,0.0,0.0,0.0,0.0,0.0,0.0,
14272,25453,11778,19,0.0,0.0,0.0,0.0,0.0,0.0,
14273,25455,4738,-1,0.0,0.0,0.0,0.0,0.0,0.0,
14274,25455,74,-1,0.0,0.0,0.0,0.0,0.0,0.0,
14275,25458,12120,-1,0.0,0.0,0.0,0.0,0.0,0.0,
14277,25460,12122,17,-0.75,0.0,-1.5,0.0,0.0,0.0,
14278,24138,8001,-1,0.0,0.0,1.0,0.0,0.0,0.0,
14279,25439,6902,15,0.0,0.0,-4.0,0.0,0.0,0.0,
14280,24134,12175,-1,0.0,0.0,0.0,0.0,0.0,0.0,
14281,25466,12127,-1,0.0,0.0,-13.5,0.0,0.0,0.0,
14282,25470,12130,17,-0.699999988079,0.0,-1.0,0.0,0.0,0.0,
14283,24134,13913,-1,0.0,0.0,-4.0,0.0,0.0,0.0,
14285,25480,12135,19,0.0,0.0,0.0,0.0,0.0,0.0,
14286,25099,5888,19,0.0,0.0,0.0,0.0,0.0,0.0,
14287,25481,12135,19,0.10000000149,0.0,0.0,0.0,0.0,0.0,
14290,25482,6863,19,0.0,0.0,0.0,0.0,0.0,0.0,
14291,21556,12137,21,0.0,0.0,0.20000000298,1.57079994678,0.349065989256,0.0,
14292,25483,12934,22,0.0,0.0,0.0,0.0,3.14159011841,0.0,
14293,25484,11669,34,0.0,0.0,0.0,0.0,0.0,0.0,
14294,25488,9777,34,0.0,-0.600000023842,1.85000002384,0.0,0.0,1.57079994678,
14296,25479,12134,-1,2.0,0.0,0.0,0.0,0.0,0.0,
14297,25489,6863,19,0.0,0.0,0.0,0.0,0.0,0.0,
14298,25494,5048,38,0.0,0.0,0.0,0.0,0.0,0.0,
14302,25504,12199,19,0.0,0.0,0.0,0.0,0.0,0.0,
14303,25505,12156,16,-0.25,0.0,-0.20000000298,0.0,0.0,0.0,
14305,25505,12154,16,-0.15000000596,0.34999999404,0.15000000596,0.0,0.0,0.0,
14306,25505,12154,16,-0.15000000596,-0.34999999404,0.15000000596,0.0,0.0,0.0,
14307,25507,12157,16,0.0,0.0,0.0,-0.174532994628,0.436331987381,0.523599028587,
14308,25508,12827,17,1.0,0.0,-0.5,1.57079994678,-1.57079994678,1.57079994678,
14310,25244,11983,19,0.0,0.0,0.0,0.0,0.0,0.0,
14311,25514,10958,-1,0.0,0.0,0.0500000007451,0.0,0.0,0.0,
14312,25383,4940,1,0.0,0.0,-0.10000000149,1.57079994678,0.0,0.0,
14313,22246,12159,12,-0.40000000596,0.10000000149,0.449999988079,0.0,-0.0872659981251,0.174532994628,
14314,22246,12159,12,-0.75,0.0,0.40000000596,0.0523599982262,-0.261799007654,0.0,
14315,22246,12159,12,-0.600000023842,-0.15000000596,0.15000000596,0.0,0.0,0.0,
14316,22246,12159,12,-0.600000023842,0.0,0.15000000596,0.0,0.0,0.523599028587,
14317,25519,11268,-1,0.0,0.0,5.5,0.0,0.0,0.0,
14318,25523,12163,-1,0.0,22.0,0.0,0.0,0.0,0.0,
14319,25523,12163,-1,0.0,-22.0,0.0,0.0,0.0,0.0,
14322,25524,12163,-1,0.0,0.0,0.0,0.0,0.0,0.0,
14323,25524,12163,-1,0.0,-35.0,0.0,0.0,0.0,0.0,
14324,25524,12163,-1,0.0,35.0,0.0,0.0,0.0,0.0,
14325,25525,12165,19,0.0,0.0,0.0,0.0,0.0,0.0,
14328,24762,11637,19,0.0,0.0,0.0,0.0,0.0,0.0,
14332,24761,11695,1,0.0,0.0,0.0,0.0,0.0,0.0,
14334,25145,12642,12,0.0500000007451,0.0,0.0500000007451,0.0,0.0,0.0,
14335,24761,11695,2,0.0,0.0,-1.0,0.0,0.0,0.0,
14336,24761,11695,2,0.0,0.0,-0.5,0.0,0.0,0.0,
14337,24761,11695,2,0.0,0.0,-1.29999995232,0.0,0.0,0.0,
14339,25526,8672,-1,1.0,0.0,0.0,0.0,0.0,0.0,
14340,25529,12457,-1,0.0,0.0,0.0,0.0,1.57079994678,1.57079994678,
14341,25531,12167,-1,0.0,0.0,1.5,0.0,0.0,0.0,
14342,25532,12163,-1,0.0,10.0,0.0,0.0,0.0,0.0,
14344,25532,12163,-1,0.0,39.5,0.0,0.0,0.0,0.0,
14345,25532,12163,-1,0.0,-30.0,0.0,0.0,0.0,0.0,
14348,25373,12172,34,0.0,0.0,0.0,0.0,0.0,0.0,
14349,25373,12171,34,0.0,0.0,0.0,0.0,0.0,0.0,
14350,25534,4983,19,0.0,0.0,1.0,0.0,0.0,0.0,
14351,25534,12173,19,0.0,0.0,0.0,0.0,0.0,0.0,
14352,25382,8450,20,0.0,0.0,0.0,0.0,0.0,0.0,
14355,25535,3752,1,0.0,0.0,-0.10000000149,1.57079994678,0.0,0.0,
14356,25536,337,20,-1.0,0.0,0.5,0.0,0.0,0.0,
14357,25538,11765,34,0.0,0.0,0.0,0.0,0.0,0.0,
14358,25538,12176,-1,0.0,0.0,0.0,0.0,0.0,0.0,
14359,25538,8691,19,0.0,0.0,0.0,0.0,0.0,0.0,
14360,25539,8227,19,0.0,0.0,0.0,0.0,0.0,0.0,
14361,25539,8595,19,0.0,0.0,0.0,0.0,0.0,0.0,
14362,25539,12181,19,0.0,0.0,0.0,0.0,0.0,0.0,
14363,25539,12182,19,0.0,0.0,0.0,0.0,0.0,0.0,
14364,25543,12186,19,0.0,0.0,0.0,0.0,0.0,0.0,
14365,25543,12187,19,0.0,0.0,0.0,0.0,0.0,0.0,
14366,25543,12220,19,4.0,0.0,-3.0,0.0,0.0,0.0,
14367,25544,13523,-1,-32.0,3.0,0.0,0.0,0.0,0.0,
14378,25546,12195,19,0.0,0.0,-0.25,0.0,0.0,0.0,
14379,25546,12192,19,0.0,0.0,0.0,0.0,0.0,0.0,
14380,25552,9250,-1,0.0,0.0,0.0,0.785398006439,0.0,0.0,
14381,25552,9250,-1,0.0,0.0,0.0,1.57079994678,0.0,0.0,
14382,25552,9250,-1,0.0,0.0,0.0,2.3561899662,0.0,0.0,
14383,25553,8666,19,0.0,0.0,0.0,0.0,0.0,0.0,
14384,25556,10269,-1,0.0,0.0,2.70000004768,0.0,0.0,0.0,
14389,23658,12201,-1,6.0,0.0,-5.0,0.0,0.0,0.0,
14390,23658,12163,-1,6.0,40.0,-15.0,0.0,0.0,0.0,
14391,23658,12163,-1,6.0,-40.0,-15.0,0.0,0.0,0.0,
14392,23225,4901,20,0.0,0.0,2.0,0.349065989256,1.39626002312,0.0,
14394,25561,12214,19,0.0,0.0,0.10000000149,0.0,0.0,0.0,
14395,25563,11291,19,0.0,0.0,1.0,0.0,0.0,0.0,
14396,25563,11291,19,0.0,0.0,1.0,0.0,0.0,0.0,
14397,25563,11620,19,0.0,0.0,3.0,0.0,0.0,0.0,
14398,25233,12207,19,0.0,0.0,0.0,0.0,0.0,0.0,
14402,25543,12220,19,6.0,0.0,-3.0,0.0,0.0,0.0,
14425,25568,12224,11,0.0,0.0,0.0,0.0,0.0,0.0,
14426,25568,12228,48,0.0,0.0,0.0,0.0,0.0,0.0,
14427,25568,12227,47,0.0,0.0,0.0,0.0,0.0,0.0,
14428,25569,13541,19,0.0,0.0,0.0,0.0,0.0,0.0,
14429,25568,12225,22,0.0,0.0,0.0,0.0,0.0,0.0,
14430,25568,12225,21,0.0,0.0,0.0,0.0,0.0,0.0,
14432,25573,12167,34,0.0,0.0,0.0,0.0,0.0,0.0,
14434,25582,12219,17,0.0,0.0,0.0,0.0,1.57079994678,0.0,
14436,25585,12235,19,0.0,0.0,0.0,0.0,0.0,0.0,
14438,25585,12235,19,0.0,0.0,0.0,0.0,0.0,0.0,
14439,25585,12234,19,0.0,0.0,0.0,0.0,0.0,0.0,
14442,25586,8673,19,0.0,0.0,1.75,0.0,3.14159011841,0.0,
14445,25590,12238,19,0.0,0.0,0.0,0.0,0.0,0.0,
14446,25590,12238,19,0.0,0.0,0.0,1.57079994678,0.0,0.0,
14447,25590,12238,19,0.0,0.0,0.0,0.785398006439,0.0,0.0,
14449,25592,12239,19,0.0,0.0,0.0,0.0,0.0,0.0,
14450,25592,12239,19,0.0,0.0,0.0,0.0,0.0,0.0,
14456,25597,12242,19,0.300000011921,0.0,-0.800000011921,0.0,0.0,0.0,
14457,25597,12242,19,0.0,0.0,-0.800000011921,0.0,0.0,0.0,
14460,25598,10219,34,0.0,0.0,0.0,0.0,0.0,0.0,
14461,25598,10223,34,0.0,0.0,0.0,0.0,0.0,0.0,
14464,25595,13260,19,0.0,0.0,0.0,0.0,0.0,0.0,
14465,25600,1722,-1,0.0,0.0,0.0,0.0,0.0,0.0,
14466,25600,6582,-1,0.0,0.0,0.0,0.0,0.0,0.0,
14473,25603,4978,34,0.0,0.0,0.0,0.0,0.0,0.0,
14482,25605,10897,19,0.0,0.0,0.0,0.0,0.0,0.0,
14483,25605,12269,19,0.0,0.0,0.0,0.0,0.0,0.0,
14484,25604,12246,19,0.0,0.0,-2.5,0.0,0.0,0.0,
14486,25496,10219,19,0.0,0.0,0.0,0.0,0.0,0.0,
14492,25599,12257,19,0.0,0.0,-14.0,0.0,0.0,0.0,
14493,25609,12263,-1,0.0,0.0,0.0,0.0,0.0,0.0,
14496,25599,12257,19,0.0,0.0,-14.0,0.0,0.0,0.0,
14497,25609,8559,-1,0.0,0.0,-3.0,0.0,0.0,0.0,
14500,25612,12266,19,0.0,0.0,0.0,0.0,0.0,0.0,
14502,25611,545,34,-1.0,0.0,0.0,0.0,0.0,0.0,
14503,25621,3050,34,0.0,0.0,0.0,0.0,0.0,0.0,
14504,25621,7754,34,0.0,0.0,0.0,0.0,0.0,0.0,
14505,25618,8532,17,0.0,0.0,0.0,0.261799007654,0.0,0.0,
14506,25618,8532,17,0.0,0.0,0.0,-0.261799007654,0.0,0.0,
14507,25624,117,-1,13.0,2.0,13.0,0.0,0.0,0.0,
14509,25626,11624,19,0.0,0.0,0.0,0.0,0.0,0.0,
14510,25625,12523,19,0.0,0.0,0.0,0.0,0.0,0.0,
14511,25620,10747,19,0.0,0.0,0.0,0.0,0.0,0.0,
14512,25632,12282,34,0.300000011921,0.10000000149,0.25,0.0,0.0,0.0,
14513,25633,8623,17,-0.0500000007451,0.0799999982119,0.15000000596,0.0,0.0,0.0,
14514,25633,8623,17,-0.0500000007451,-0.0799999982119,0.15000000596,0.0,0.0,0.0,
14515,25635,12130,19,-0.15000000596,0.0,0.40000000596,0.0,0.0,0.0,
14517,25638,10355,12,0.0,0.0,0.0,0.0,0.0,0.0,
14518,25639,12539,19,0.0,0.0,0.0,0.0,0.0,0.0,
14519,25641,12179,19,0.0,0.0,0.0,0.0,0.0,0.0,
14521,25641,12180,19,0.0,0.0,0.0,0.0,0.0,0.0,
14523,25642,11286,34,0.0,0.0,0.0,0.0,0.0,0.0,
14528,25646,12297,19,0.0,-3.5,0.0,0.0,0.0,0.0,
14529,25647,12298,19,0.0,0.0,0.0,0.0,0.0,0.0,
14530,25269,12303,19,0.0,0.0,0.0,0.0,0.0,0.0,
14531,25644,9894,34,0.0,0.0,0.0,0.0,0.0,0.0,
14534,25650,3705,34,0.0,0.0,0.0,0.0,0.0,0.0,
14537,25654,12289,19,0.0,0.0,0.25,0.0,0.0,0.0,
14538,25654,12602,19,0.0,0.0,0.0,0.0,0.0,0.0,
14541,25654,12289,19,0.0,0.0,0.25,1.04719996452,0.0,0.0,
14542,25654,12289,19,0.0,0.0,0.25,0.523599028587,0.0,0.0,
14543,25655,12217,19,0.0,0.0,-5.0,0.0,-1.57079994678,0.0,
14544,25656,10746,19,0.0,0.0,0.0,0.0,0.0,0.0,
14545,25659,7808,22,-0.10000000149,-0.34999999404,0.0,0.0,0.0,0.0,
14546,25660,12282,34,-0.10000000149,0.0,0.75,0.0,0.0,0.0,
14547,25661,12322,-1,0.0,0.0,0.0,0.0,0.0,0.0,
14548,25663,12311,19,0.0,0.0,0.0,0.0,0.0,0.0,
14549,25663,12310,19,0.0,0.0,0.0,0.0,0.0,0.0,
14550,25664,12313,19,0.0,0.0,0.0,0.0,0.0,0.0,
14551,25664,12314,19,0.0,0.0,0.0,0.0,0.0,0.0,
14553,25665,5680,19,0.0,0.0,0.0,0.0,0.0,0.0,
14554,25665,7395,19,0.0,0.0,0.0,0.0,0.0,0.0,
14555,25667,11359,19,0.0,0.0,0.0,0.0,0.0,0.0,
14556,25668,5680,-1,0.0,0.0,0.0,0.0,0.0,0.0,
14557,25668,7395,19,0.0,0.0,-5.0,0.0,1.57079994678,0.0,
14559,25669,7651,34,0.0,0.0,0.0,0.0,0.0,3.14159011841,
14560,25669,12316,34,0.0,0.0,0.0,0.0,0.0,0.0,
14561,25661,12323,-1,0.0,0.0,-0.25,0.0,0.0,0.0,
14562,25675,12568,34,0.0,0.0,0.0,0.0,0.0,0.0,
14563,25676,12291,19,0.0,0.0,0.0,0.0,0.0,0.0,
14564,25676,12292,19,0.0,0.0,0.0,0.0,0.0,0.0,
14565,25680,9551,19,0.0,0.0,0.0,0.0,0.0,0.0,
14566,25634,8669,19,0.0,0.0,0.5,0.0,0.0,0.0,
14567,25634,8669,34,0.0,0.0,-0.5,0.0,0.0,0.0,
14568,25679,12326,34,0.5,0.0,-0.5,0.0,0.0,0.0,
14571,25643,12327,19,0.0,0.0,-1.0,0.0,0.0,0.0,
14575,25615,13038,34,0.0,0.0,0.0,0.0,0.0,0.0,
14577,25691,12101,19,0.0,0.0,-0.5,0.0,0.0,0.0,
14578,25693,4470,34,1.5,0.0,0.25,0.0,0.0,0.0,
14579,25694,8532,17,0.0,0.0,0.0,0.0,0.0,0.0,
14580,25694,9870,17,0.0,0.0,0.0,0.0,0.0,0.0,
14582,25695,12339,11,-0.270000010729,0.0,-0.34999999404,0.0,0.785398006439,0.0,
14584,25695,12337,11,-0.170000001788,0.0,-0.319999992847,0.0,0.0,0.0,
14590,25684,12343,19,0.0,0.0,-2.5,0.0,0.0,3.14159011841,
14591,25700,5390,19,0.5,0.0,2.0,0.0,0.0,0.0,
14592,25703,12337,11,-0.52999997139,0.0,0.40000000596,0.0,0.0,0.0,
14593,25703,12344,11,-0.270000010729,0.0,-0.20000000298,0.0,-0.349065989256,0.0,
14594,25704,3674,19,0.0,0.0,0.0,0.0,0.0,0.0,
14595,24879,10202,-1,0.0,0.0,-0.25,0.0,0.0,0.0,
14596,25713,12092,12,0.0,-0.20000000298,0.699999988079,0.0,0.0,0.0,
14597,25714,11399,2,-0.10000000149,0.5,-0.699999988079,0.0,0.0,0.0,
14600,25713,12092,12,0.0,0.20000000298,0.699999988079,0.0,0.0,0.0,
14601,25478,13400,19,0.0,0.0,0.0,0.0,0.0,0.0,
14603,24084,12345,19,0.0,0.0,0.0,0.0,0.0,0.0,
14604,25718,10896,34,0.0,0.0,0.0,0.0,0.0,0.0,
14605,25719,9918,34,0.0,0.0,0.0,0.0,0.0,0.0,
14606,25720,10799,-1,0.0,0.0,-1.25,0.0,0.0,0.0,
14609,25722,9870,2,0.0,0.0,0.0,0.0,0.0,0.0,
14610,25727,12355,19,-0.800000011921,0.0,0.699999988079,0.0,0.0,0.0,
14611,25729,12356,19,-0.800000011921,0.0,0.699999988079,0.0,0.0,0.0,
14612,25730,12357,21,0.0,0.550000011921,-0.5,0.0,0.0,0.0,
14613,25632,12318,-1,0.0,0.0,-3.79999995232,0.0,0.0,0.0,
14614,25736,13725,15,0.0,0.0,0.0,0.0,0.0,0.0,
14615,25736,12130,34,0.0,0.0,0.0,0.0,0.0,0.0,
14616,25741,12360,-1,-2.0,0.0,-3.0,0.0,0.523599028587,0.0,
14618,23599,12363,1,-0.20000000298,0.0,-0.300000011921,0.0,1.04719996452,0.0,
14624,25754,12369,-1,0.0,0.0,1.0,0.0,0.0,0.0,
14627,25755,14197,19,0.0,0.0,-0.25,0.0,0.0,0.0,
14629,25757,4838,20,0.0,-0.40000000596,-1.79999995232,0.0,0.0,0.0,
14630,25758,12319,34,0.0,0.0,-2.0,0.0,0.0,0.0,
14631,25759,12315,19,0.0,0.0,0.0,0.0,0.0,0.0,
14632,25760,8140,34,0.0,0.800000011921,-1.29999995232,0.0,0.0,0.0,
14633,25760,8901,34,0.0,-0.800000011921,-1.0,0.0,0.0,0.0,
14634,25759,11838,19,0.0,0.0,0.0,1.04719996452,0.0,0.0,
14635,25759,11838,19,0.0,0.0,0.0,0.0,0.0,0.0,
14636,25762,12371,19,0.0,0.0,-0.25,0.0,0.0,0.0,
14637,23249,9443,34,0.0,0.0,0.0,0.0,0.0,0.0,
14638,21365,9347,11,0.0,0.0,0.0,0.0,0.0,0.0,
14641,25765,12374,19,0.0,0.0,0.0,0.0,0.0,0.0,
14646,25769,11495,34,0.0,0.0,-1.0,0.0,0.0,0.0,
14647,25770,14218,19,0.0,0.0,-0.25,0.0,0.0,0.0,
14648,25769,11495,34,0.0,0.0,-1.0,0.0,0.0,0.0,
14650,25772,11045,19,0.0,0.0,0.0,0.0,0.0,0.0,
14651,25771,11045,19,0.0,0.0,0.0,0.0,0.0,0.0,
14652,22329,10352,34,0.0,0.0,0.0,0.0,0.0,0.0,
14656,25777,3486,34,0.0,0.0,-1.0,0.0,0.0,0.0,
14657,25777,12353,15,0.0,0.5,0.0,0.0,0.0,0.0,
14658,25777,12353,15,0.0,-0.5,0.0,0.0,0.0,0.0,
14660,25520,11268,-1,0.0,0.0,5.5,0.0,0.0,0.0,
14663,25788,11760,34,-0.5,0.0,0.0,0.0,0.0,0.0,
14666,25788,8012,34,-0.5,0.0,0.0,0.0,1.57079994678,0.0,
14669,25793,3176,19,0.0,0.0,0.0,0.0,0.0,0.0,
14670,25793,3176,19,0.0,0.0,0.0,1.57079994678,0.0,0.0,
14671,25793,3176,19,0.0,0.0,0.0,3.14159011841,0.0,0.0,
14672,25793,3176,19,0.0,0.0,0.0,4.71238994598,0.0,0.0,
14675,25793,8675,19,0.0,0.0,0.0,0.0,0.0,0.0,
14676,25796,9016,-1,0.0,0.0,3.0,0.0,0.0,0.0,
14678,25797,13312,17,0.0,0.0,-0.40000000596,0.0,0.174532994628,0.0,
14679,25798,12385,19,0.0,0.0,-0.25,0.0,0.0,0.0,
14680,25799,10062,-1,1.0,0.0,0.0,0.0,0.0,0.0,
14681,25800,12386,19,0.0,0.0,-0.25,0.0,0.0,0.0,
14682,25801,12380,19,1.10000002384,0.0,0.0,0.0,-1.57079994678,0.0,
14683,25802,12387,19,0.0,0.0,-0.5,0.0,0.0,0.0,
14684,25803,12388,16,-0.899999976158,0.0,0.0,1.04719996452,0.523599028587,0.0,
14685,25803,12388,16,0.0,0.0,0.0,0.0,0.0,0.0,
14686,25807,12389,19,0.0,0.0,-0.25,0.0,0.0,0.0,
14687,25811,9016,-1,0.0,0.0,3.0,0.0,0.0,0.0,
14688,25812,268,19,0.0,0.0,0.0,0.0,0.0,0.0,
14689,25813,9662,17,0.0,0.0,0.0,0.0,4.71238994598,0.0,
14690,25813,9662,34,0.0,0.0,0.0,0.0,0.0,0.0,
14691,22857,12661,34,0.0,0.0,-0.5,0.0,0.0,0.0,
14692,24408,12474,19,0.0,0.0,0.0,0.0,0.0,0.0,
14693,25816,12672,34,0.0,0.0,-0.5,0.0,0.0,0.0,
14694,25817,12673,34,0.0,0.0,-0.5,0.0,0.0,0.0,
14695,23941,12470,19,0.0,0.0,0.0,0.0,0.0,0.0,
14696,23942,12473,19,0.0,0.0,0.0,0.0,0.0,0.0,
14698,25816,6643,34,0.0,0.0,-0.5,0.0,0.0,0.0,
14699,25817,6966,34,0.0,0.0,-0.5,0.0,0.0,0.0,
14700,23447,11942,-1,0.0,0.0,0.0,0.0,0.0,0.0,
14701,25820,12406,-1,0.0,0.0,0.0,0.0,0.0,0.0,
14702,25821,12396,17,0.0,0.0,0.0,0.0,0.0,0.0,
14704,25823,7448,22,0.0,0.0,0.0,1.57079994678,1.57079994678,1.57079994678,
14705,25823,7448,21,0.0,0.0,0.0,0.0,1.57079994678,0.0,
14712,25826,12399,19,0.0,0.0,0.0,0.0,0.0,0.0,
14714,25826,12399,19,0.0,0.0,-2.0,0.0,0.0,0.0,
14715,25828,9888,22,-0.300000011921,-0.20000000298,-0.300000011921,0.0,0.0,1.57079994678,
14716,25829,9888,22,-0.300000011921,-0.20000000298,-0.300000011921,0.0,0.0,1.57079994678,
14717,25831,10157,47,0.0,0.0,0.0,0.0,0.0,0.0,
14719,25833,12403,19,0.0,0.0,0.0,1.57079994678,0.0,0.0,
14720,25835,12057,19,0.0,0.0,0.0,0.0,0.0,0.0,
14721,25835,12408,19,0.0,-1.0,1.0,0.0,0.0,0.0,
14722,25835,12408,19,0.0,1.0,1.0,0.0,0.0,0.0,
14724,25836,12409,19,1.0,0.0,0.0,0.0,-1.57079994678,0.0,
14725,25838,9888,22,-0.300000011921,-0.20000000298,-0.300000011921,0.0,0.0,1.57079994678,
14730,25839,7115,19,0.0,0.0,-0.5,0.0,0.0,0.0,
14731,25838,3357,19,-0.20000000298,0.0,0.0,0.0,0.0,0.0,
14732,25841,12411,-1,0.0,0.0,6.0,0.0,0.0,0.0,
14733,25843,12281,19,0.0,0.0,0.0,0.0,0.0,0.0,
14735,25844,11197,-1,0.0,0.0,1.0,0.0,0.0,0.0,
14736,25841,11199,-1,0.0,0.0,6.0,0.645771980286,0.0,0.0,
14738,25846,11164,19,0.0,0.0,0.0,0.0,0.0,0.0,
14739,25851,12418,17,0.0,0.0,0.0,-0.209439992905,0.261799007654,0.0,
14741,25851,12418,17,0.0,0.0,0.0,0.209439992905,0.261799007654,0.0,
14743,25856,460,19,0.0,0.0,0.0,3.14159011841,0.0,0.0,
14745,25856,460,19,0.0,0.0,0.0,0.0,0.0,0.0,
14748,25856,3623,19,0.0,0.0,0.0,0.0,0.0,0.0,
14753,25862,8675,34,0.0,0.0,0.0,0.0,0.0,0.0,
14755,25865,12425,-1,0.0,0.0,-0.5,0.0,0.0,0.0,
14756,23673,12455,19,0.0,0.0,0.0,0.0,0.0,0.0,
14757,25871,12429,19,-0.800000011921,0.0,0.699999988079,0.0,0.0,0.0,
14758,25872,12430,19,-0.800000011921,0.0,0.699999988079,0.0,0.0,0.0,
14759,25877,5907,34,0.0,0.0,0.0,1.57079994678,-1.57079994678,0.0,
14761,25877,8670,34,0.0,0.0,0.0,3.14159011841,0.0,0.0,
14762,25877,8669,34,0.0,0.0,0.0,0.0,0.0,0.0,
14763,25878,12015,34,0.0,0.0,0.0,0.0,0.0,0.0,
14764,25878,8678,34,0.0,0.0,0.0,0.0,0.0,0.0,
14765,25883,12437,19,0.0,0.0,-0.5,0.0,0.0,0.0,
14767,25879,12438,19,0.0,0.0,0.0,0.0,0.0,0.0,
14768,25884,12439,19,0.0,0.0,0.0,0.0,0.0,0.0,
14769,25885,10470,34,0.0,0.0,0.0,0.0,0.0,0.0,
14770,25879,13239,19,0.0,0.0,0.40000000596,0.0,0.0,0.0,
14771,25879,12445,19,0.0,0.0,0.0,0.0,0.0,0.0,
14772,25889,12447,12,0.10000000149,0.0,0.600000023842,0.0,0.0,0.0,
14773,25890,12447,12,0.0,-0.40000000596,0.300000011921,0.0,0.0,0.0,
14774,25890,12447,12,0.0,0.40000000596,0.300000011921,0.0,0.0,0.0,
14775,25891,12447,12,0.0,-0.20000000298,0.600000023842,0.0,0.0,0.0,
14776,25891,12447,12,0.0,0.20000000298,0.600000023842,0.0,0.0,0.0,
14777,22323,12448,-1,0.0,0.0,0.0,0.0,0.0,0.0,
14778,25315,12449,-1,0.0,0.0,0.0,0.0,0.0,0.0,
14779,25892,4415,34,0.0,0.0,0.0,0.0,0.0,0.0,
14780,25892,5680,19,0.0,0.0,0.0,0.0,0.0,0.0,
14781,23289,5945,-1,0.0,0.0,0.0,0.0,0.0,0.0,
14782,25895,12456,20,0.0,0.0,0.0,0.0,0.0,0.0,
14783,25897,10576,19,0.0,1.5,-0.5,0.0,0.0,0.0,
14784,25897,10028,19,-3.0,-1.0,0.0,0.0,0.0,-0.349065989256,
14785,25897,12065,19,0.0,-1.5,0.5,0.0,0.0,0.0,
14786,25897,10028,19,-3.0,1.0,0.0,0.0,0.0,0.349065989256,
14787,25900,12257,19,0.0,0.0,-14.0,0.0,0.0,0.0,
14789,25900,12257,19,0.0,0.0,-14.0,0.0,0.0,0.0,
14790,25901,12257,19,0.0,0.0,-14.0,0.0,0.0,0.0,
14792,25901,12257,19,0.0,0.0,-14.0,0.0,0.0,0.0,
14793,25902,3156,19,0.0,0.0,0.0,0.0,3.14159011841,0.0,
14797,25903,6917,19,0.0,0.0,-2.0,0.0,0.0,0.0,
14799,25594,12458,19,0.0,0.0,0.0,0.0,0.0,0.0,
14802,25906,10164,-1,0.0,0.0,2.0,0.0,0.0,0.0,
14803,25897,10028,19,-2.0,1.14999997616,0.0,0.0,0.0,0.349065989256,
14804,25897,10028,19,-2.0,-1.14999997616,0.0,0.0,0.0,-0.349065989256,
14805,25897,12065,19,0.25,-1.25,-0.25,0.0,0.0,0.0,
14806,25897,10623,19,-2.75,0.0,0.20000000298,0.0,0.0,0.0,
14811,25917,14342,-1,0.0,0.0,0.0,0.0,0.0,0.0,
14812,25917,6582,-1,0.0,0.0,0.0,0.0,0.0,0.0,
14813,25924,5924,-1,0.0,0.0,0.0,0.0,0.0,0.0,
14814,25924,5924,-1,0.0,0.0,0.0,0.0,0.0,0.0,
14815,25924,5924,-1,0.0,0.0,0.0,0.0,0.0,0.0,
14817,25931,7109,34,2.79999995232,0.0,-1.60000002384,0.0,0.0,0.0,
14818,25933,3176,19,0.0,0.0,0.0,0.0,0.0,0.0,
14824,25933,3176,19,0.0,0.0,0.0,3.14159011841,0.0,0.0,
14825,25937,10900,19,0.0,0.0,0.0,0.0,0.0,0.0,
14826,25937,10898,19,0.0,0.0,0.0,0.0,0.0,0.0,
14827,24288,12480,-1,1.5,0.0,-0.75,0.0,0.0,0.0,
14829,24288,12480,-1,-0.5,0.0,-1.75,0.0,0.0,0.0,
14830,25939,12482,19,0.0,0.0,2.0,0.0,0.0,0.0,
14834,25947,5354,-1,0.0,0.0,-1.0,0.0,0.0,0.0,
14836,25939,4866,19,0.0,0.0,-1.0,0.0,0.0,0.0,
14837,25949,146,1,0.0,0.0,0.0,0.0,0.0,0.0,
14838,25949,146,2,0.0,0.0,0.0,0.0,0.0,0.0,
14839,25950,146,1,0.0,0.0,0.0,0.0,0.0,0.0,
14840,25950,146,2,0.0,0.0,0.0,0.0,0.0,0.0,
14841,25958,7967,-1,0.0,0.0,0.0,0.0,0.0,0.0,
14847,23097,12719,19,0.0,0.0,1.0,0.0,0.0,0.0,
14853,21617,12492,38,0.0,0.0,0.0,0.0,-1.57079994678,0.0,
14855,25973,11542,38,0.0,0.0,0.0,0.0,0.0,0.0,
14857,25980,12070,-1,0.0,0.0,1.0,0.0,0.0,0.0,
14858,25980,12071,-1,0.0,0.0,0.0,0.0,0.0,0.0,
14859,25980,12075,-1,0.0,0.0,0.0,0.907571017742,0.0,0.0,
14860,25980,12073,-1,0.0,0.0,0.0,0.0,0.0,0.0,
14861,25980,6495,-1,0.0,0.0,3.0,0.0,0.0,0.0,
14862,25980,12074,-1,0.0,0.0,0.0,0.0,0.0,0.0,
14863,25980,11877,-1,0.0,0.0,0.0,0.0,0.0,0.0,
14864,25981,11762,-1,0.0,0.0,0.0,0.0,0.0,0.0,
14865,25982,12496,17,0.5,0.0,0.0,0.0,3.14159011841,3.14159011841,
14866,25983,12467,19,0.0,0.0,-3.0,0.0,0.0,0.0,
14867,25985,8820,-1,0.0,0.0,0.0,0.0,0.0,0.0,
14868,25985,11005,-1,0.0,0.0,0.0,0.0,0.0,0.0,
14869,25985,7509,-1,0.0,0.0,0.0,0.0,0.0,0.0,
14870,25985,10951,-1,0.0,0.0,0.0,0.0,0.0,0.0,
14871,25985,10250,-1,0.0,0.0,0.0,0.0,0.0,0.0,
14872,25985,12070,-1,0.0,0.0,0.0,0.0,0.0,0.0,
14873,25985,7747,-1,0.0,0.0,0.0,0.0,0.0,0.0,
14874,25985,11875,-1,0.0,0.0,0.0,0.0,0.0,0.0,
14875,22250,11034,22,0.0,-0.600000023842,-0.5,0.0,0.0,1.57079994678,
14876,25989,7774,19,0.0,0.0,0.0,0.0,0.0,0.0,
14877,25996,12499,19,0.0,0.0,0.0,0.0,0.0,0.0,
14878,25998,6495,-1,0.0,0.0,3.0,0.0,0.0,0.0,
14879,25998,4898,-1,0.0,0.0,0.5,0.0,0.0,0.0,
14881,26000,12972,19,0.0,0.0,0.0,0.0,0.0,0.0,
14882,26001,12442,19,0.0,0.0,0.0,0.0,0.0,0.0,
14883,26001,12501,17,0.0,1.0,-0.300000011921,-1.57079994678,-1.22172999382,0.0,
14884,26003,11096,28,0.0,-0.10000000149,0.0,0.0,0.0,1.57079994678,
14885,26004,7607,19,0.0,0.0,-8.0,0.0,-1.57079994678,0.0,
14886,26006,13354,-1,0.0,0.0,0.0,0.0,0.0,0.0,
14892,26016,14263,34,0.0,0.0,0.0,0.0,0.0,0.0,
14894,26016,12537,34,0.0,0.0,1.0,0.0,1.57079994678,0.0,
14896,26017,7673,-1,1.0,0.0,-2.0,0.0,-0.785398006439,0.0,
14898,26018,7673,-1,0.0,0.0,-0.5,0.0,0.785398006439,0.0,
14899,26019,10666,34,0.0,0.0,0.0,0.0,0.0,0.0,
14901,26018,5354,-1,0.0,0.0,0.0,0.0,0.0,0.0,
14911,26017,5354,-1,0.0,0.0,0.0,0.0,0.0,0.0,
14915,24672,12494,48,0.0,0.0,0.0,0.0,0.0,0.0,
14916,24672,12494,47,0.0,0.0,0.0,0.0,0.0,0.0,
14918,26022,5174,15,0.0,0.0,0.0,0.0,0.0,0.0,
14919,26022,4626,22,0.0,0.0,0.0,0.0,0.0,0.0,
14921,26022,4626,16,0.0,0.0,0.0,0.0,0.0,0.0,
14922,26022,4626,21,0.0,0.0,0.0,0.0,0.0,0.0,
14923,26024,12439,34,0.0,0.0,0.0,0.0,0.0,0.0,
14924,26027,12522,-1,0.0,0.0,0.0,0.0,0.0,0.0,
14925,26028,12521,34,0.0,0.0,0.0,0.0,0.0,0.0,
14926,26029,10272,19,0.0,0.0,0.0,0.0,0.0,0.0,
14929,22765,3112,19,0.0,0.0,0.0,0.0,0.0,0.0,
14931,26031,244,22,0.5,0.0,0.0,0.0,-1.57079994678,0.0,
14932,26031,244,22,0.5,0.0,0.0,0.0,-1.57079994678,0.0,
14935,26034,5354,-1,0.0,0.0,0.0,0.0,0.0,0.0,
14936,26035,12526,20,0.25,-0.5,-1.5,0.0,0.0,0.0,
14937,26035,12526,20,0.25,0.5,-1.5,0.0,0.0,0.0,
14938,26038,12641,19,0.0,0.0,0.0,0.0,0.0,0.0,
14944,26033,12524,1,0.5,0.0,0.0,0.0,-1.57079994678,0.0,
14945,26040,4120,47,0.0,0.0,0.0,0.0,0.0,0.0,
14946,26040,4120,48,0.0,0.0,0.0,0.0,0.0,0.0,
14948,26045,11830,36,0.0,0.0,0.0,0.0,0.0,0.0,
14949,26047,11830,36,0.0,0.0,0.0,0.0,0.0,0.0,
14950,26050,13882,-1,0.0,0.0,0.0,0.0,0.0,0.0,
14951,26055,12616,40,0.0,0.0,0.0,0.0,0.0,0.0,
14954,25577,7716,19,4.0,0.0,-3.0,-1.57079994678,0.0,0.0,
14955,26065,10911,19,0.0,0.0,0.0,0.0,0.0,0.0,
14956,26061,9188,-1,1.5,0.5,-0.5,0.61086499691,0.523599028587,0.0,
14957,26066,12442,19,0.0,0.0,0.0,0.0,0.0,0.0,
14959,22986,12519,19,0.0,0.0,0.0,0.0,0.0,0.0,
14961,26068,12542,22,0.10000000149,-0.449999988079,0.0500000007451,0.0,0.261799007654,0.174532994628,
14962,26061,12479,-1,1.5,0.0,-0.5,0.0,0.785398006439,0.0,
14963,26069,5504,-1,0.0,0.0,0.0,0.0,0.0,0.0,
14964,26071,11646,22,0.0,0.0,0.0,0.0,0.0,0.0,
14965,26061,9188,-1,1.5,-0.5,-0.5,-0.61086499691,0.523599028587,0.0,
14966,26073,7593,19,2.0,0.0,-1.0,-1.57079994678,0.0,0.0,
14967,26075,12549,19,1.0,0.0,0.0,0.0,0.0,0.0,
14968,26076,355,19,0.0,0.0,0.0,0.0,0.0,0.0,
14970,26078,12553,19,0.0,0.0,4.0,0.0,0.0,0.0,
14971,26075,460,19,0.75,0.0,-0.25,0.0,0.174532994628,0.0,
14972,26079,9181,40,0.0,0.0,0.0,0.0,0.0,0.0,
14973,26079,9597,40,0.0,0.0,0.0,0.0,0.0,0.0,
14974,26086,12555,22,0.0,0.0,0.0,0.0,0.0,0.0,
14976,26089,12556,19,0.0,0.0,4.34999990463,0.0,0.0,0.0,
14977,26090,12558,22,0.0,-0.0500000007451,-0.0500000007451,0.0,4.53785991669,1.57079994678,
14978,26093,12581,48,0.0,0.0,0.0,0.0,0.0,0.0,
14979,25641,12600,19,0.0,0.0,0.0,0.0,0.0,0.0,
14980,26099,6362,12,0.40000000596,0.0,-1.5,0.0,0.0,0.0,
14983,26102,12588,1,0.0,-0.019999999553,-0.0500000007451,0.0,1.22172999382,0.0,
14985,25916,7731,19,0.0,0.0,-2.0,0.0,0.0,0.0,
14988,26106,12590,34,0.0,0.0,0.0,0.0,0.0,0.0,
14989,26107,6955,19,2.0,0.0,0.0,4.79965019226,0.0,0.0,
14990,26108,12592,19,0.0,0.0,0.0,0.0,0.0,0.0,
14991,26108,10243,19,0.0,0.0,0.0,0.0,0.0,0.0,
14992,26108,7894,19,0.5,0.0,-0.5,0.0,0.785398006439,0.0,
14993,25617,11646,21,0.0,0.0,0.0,0.0,0.0,0.0,
14994,25617,11646,22,0.0,0.0,0.0,0.0,0.0,0.0,
14995,26110,12594,19,0.0,0.0,1.0,0.0,0.0,0.0,
14996,25625,12598,19,0.0,0.0,0.0,0.0,0.0,0.0,
14997,26113,12568,34,0.0,0.0,0.0,0.0,0.0,0.0,
14998,25655,12515,19,0.0,0.0,0.0,0.0,0.0,0.0,
14999,25655,12539,19,0.0,0.0,0.0,0.0,0.0,0.0,
15000,26115,94,2,0.0,0.0,0.0,0.0,0.0,0.0,
15001,26115,94,1,0.0,0.0,0.0,0.0,0.0,0.0,
15003,26120,12374,19,0.0,0.0,0.0,0.0,0.0,0.0,
15004,26121,12493,19,0.0,0.0,0.5,0.0,0.0,0.0,
15005,26104,6756,-1,0.0,0.0,0.0,0.0,0.0,0.0,
15006,26104,12610,-1,0.0,0.0,0.0,0.0,0.0,0.0,
15007,26125,4514,19,0.0,0.0,0.0,0.698131978512,0.0,0.0,
15008,26124,4514,19,0.0,0.0,0.0,-0.698131978512,0.0,0.0,
15010,26135,12615,17,0.0,0.0,0.40000000596,0.0,3.66518998146,0.0,
15011,26137,11944,22,0.0,0.0,0.0,0.0,0.0,0.0,
15012,26138,11944,1,0.0,0.0,0.0,0.0,0.0,0.0,
15013,26139,11944,1,0.0,0.0,0.0,0.0,0.0,0.0,
15014,26140,228,34,0.0,0.0,0.0,0.0,0.0,0.0,
15017,26141,8494,19,0.0,0.0,-2.0,0.0,0.0,0.0,
15018,26141,8494,19,0.0,0.0,-2.0,4.18878984451,0.0,0.0,
15019,26141,8494,19,0.0,0.0,-2.0,2.09438991547,0.0,0.0,
15020,24948,12618,19,0.0,0.0,-1.0,0.0,0.0,0.0,
15021,25837,10879,19,0.0,0.0,-7.0,0.0,0.0,0.0,
15022,25837,11863,19,0.0,0.0,0.0,0.0,0.0,0.0,
15023,26144,8912,2,0.0,0.0,0.0,0.0,0.0,0.0,
15024,26144,8912,1,0.0,0.0,0.0,0.0,0.0,0.0,
15025,26145,12620,19,0.0,0.0,0.0,0.0,0.523599028587,0.0,
15026,26147,12621,19,0.0,0.0,0.0,0.0,0.523599028587,0.0,
15027,24694,12624,-1,-0.25,-0.10000000149,-0.20000000298,0.0,0.0,0.0,
15028,26149,12625,1,0.0,-0.019999999553,-0.0500000007451,0.0,0.0,0.0,
15029,26150,12628,-1,0.0,0.0,0.0,0.0,0.0,0.0,
15033,26156,12632,19,0.0,0.0,0.0,0.0,0.0,0.0,
15034,26156,11883,19,0.0,0.0,0.0,0.0,0.0,0.0,
15035,26158,4874,-1,0.0,0.0,0.0,0.0,0.0,0.0,
15036,26156,12632,19,0.0,0.0,0.0,1.57079994678,0.0,0.0,
15037,26162,12634,-1,0.0,0.0,0.0,0.0,0.0,0.0,
15038,26170,12630,19,0.0,0.0,1.0,3.14159011841,0.785398006439,1.57079994678,
15040,26175,12635,34,0.0,0.0,0.0,0.0,0.785398006439,0.0,
15041,26176,13663,19,0.0,0.0,0.0,0.0,0.0,0.0,
15042,26176,13663,19,0.0,0.0,0.0,0.0,0.349065989256,0.0,
15043,26176,13663,19,0.0,0.0,0.0,0.0,-0.349065989256,0.0,
15044,26176,13663,19,0.0,0.0,0.0,0.0,0.0,0.349065989256,
15045,26176,13663,19,0.0,0.0,0.0,0.0,0.0,-0.349065989256,
15047,26179,10883,17,0.0,0.0,0.0,0.0,0.0,0.0,
15049,26178,12638,19,0.0,0.0,0.0,0.0,0.0,0.0,
15050,26182,12639,34,1.0,-0.20000000298,-0.800000011921,1.48353004456,0.0,0.0,
15051,23583,12211,19,0.0,0.0,-4.0,0.0,0.0,0.0,
15052,26187,12442,19,0.0,0.0,0.0,0.0,0.0,0.0,
15053,26187,11440,17,-0.070000000298,0.0,0.209999993443,0.0,0.0,0.0,
15054,26189,4579,19,0.0,0.0,0.0,0.0,0.0,0.0,
15055,26190,10739,34,0.0,0.0,0.0,0.0,0.0,0.0,
15056,26191,10739,34,0.0,0.0,0.0,0.0,0.0,0.0,
15057,26191,10774,19,0.0,0.0,0.0,0.0,0.0,0.0,
15058,26195,12646,12,0.10000000149,0.0,0.0,0.0,0.0,0.0,
15059,26196,12649,19,2.0,0.0,-5.0,0.0,-0.349065989256,0.0,
15060,26197,12647,19,0.0,0.0,0.0,0.0,0.0,0.0,
15061,26199,7809,-1,0.0,0.0,0.0,0.0,0.0,0.0,
15062,26200,7809,-1,0.0,0.0,6.0,0.0,0.0,0.0,
15063,26201,10644,19,0.0,0.0,3.0,0.0,0.0,0.0,
15064,26202,7385,19,0.0,0.0,0.0,0.0,0.0,0.0,
15065,26203,11670,19,5.0,0.0,10.0,0.0,0.0,0.0,
15066,26204,361,19,0.0,0.0,0.0,0.0,0.0,0.0,
15067,26204,11218,19,0.0,0.0,0.0,0.0,0.0,0.0,
15069,26207,12650,34,0.0,0.0,0.0,0.0,0.0,0.0,
15070,26203,11670,19,5.0,0.0,-5.0,0.0,0.0,0.0,
15071,26209,11670,19,5.0,0.0,10.0,0.0,0.0,0.0,
15072,26209,11670,19,5.0,0.0,-5.0,0.0,0.0,0.0,
15073,22858,12663,34,0.0,0.0,-0.5,0.0,0.0,0.0,
15074,22172,12704,34,0.0,0.0,0.0,0.0,0.0,0.0,
15075,22170,12705,34,0.0,0.0,0.0,0.0,0.0,0.0,
15076,26215,6587,34,0.0,0.0,0.0,0.0,0.0,0.0,
15079,25914,3392,19,1.0,0.0,1.0,0.0,-0.785398006439,0.0,
15080,26220,12442,19,0.0,0.0,0.0,0.0,0.0,0.0,
15081,26222,7204,-1,15.0,0.0,0.0,0.0,0.0,0.0,
15082,26222,7204,-1,6.0,0.0,0.0,0.0,0.0,0.0,
15083,26222,7204,-1,9.0,0.0,0.0,0.0,0.0,0.0,
15084,26222,7204,-1,12.0,0.0,0.0,0.0,0.0,0.0,
15085,26222,7204,-1,3.0,0.0,0.0,0.0,0.0,0.0,
15086,26222,7204,-1,0.0,0.0,0.0,0.0,0.0,0.0,
15087,26227,16665,34,0.0,0.0,0.0,0.0,0.0,0.0,
15088,25820,11863,-1,0.0,0.0,0.0,0.0,0.0,0.0,
15089,26234,12684,19,0.0,0.0,0.0,1.57079994678,0.0,0.0,
15090,26233,6053,-1,0.0,0.0,0.20000000298,0.0,0.0,0.0,
15091,26029,12460,19,0.0,0.0,0.0,0.0,0.0,0.0,
15092,26029,10275,19,0.0,0.0,0.0,0.0,0.0,0.0,
15094,26235,7312,19,0.0,0.0,0.20000000298,0.0,0.0,0.0,
15095,26238,12686,1,0.0,0.0,0.0,0.0,1.57079994678,0.0,
15096,26243,12691,17,0.0,0.0,0.15000000596,0.0,0.174532994628,0.0,
15098,26247,8342,34,0.0,0.5,0.0,0.0,0.0,0.0,
15100,26248,12692,34,0.0,0.0,0.0,0.0,0.0,0.0,
15101,26248,12693,34,0.0,0.0,0.0,0.0,0.0,0.0,
15104,26252,12436,34,0.0,0.0,0.0,0.0,0.0,0.0,
15105,26252,12695,34,0.0,0.0,0.0,0.0,0.0,0.0,
15106,26253,12697,19,0.0,0.0,0.0,0.0,0.0,0.0,
15107,26255,5978,-1,0.0,0.0,0.0,0.0,1.57079994678,0.0,
15109,26252,5418,34,0.0,0.0,0.0,0.0,0.0,0.0,
15110,26257,12697,19,1.0,-0.15000000596,3.5,0.0,0.0,0.0,
15111,26257,5175,19,0.0,0.0,3.5,0.0,0.0,0.0,
15112,26258,50,19,1.75,0.0,0.5,0.0,0.0,0.0,
15113,26260,11757,1,0.0,0.0,0.0,0.0,0.0,0.0,
15114,26260,11757,2,0.0,0.0,0.0,0.0,0.0,0.0,
15115,26261,11757,2,0.0,0.0,0.0,0.0,0.0,0.0,
15116,26261,11757,1,0.0,0.0,0.0,0.0,0.0,0.0,
15117,25388,545,12,0.0,0.0,-0.300000011921,0.0,1.22172999382,0.0,
15118,26264,12699,19,0.0,0.0,4.0,0.0,0.0,0.0,
15119,26265,12700,17,0.0,0.0,0.0,0.0,0.0,0.0,
15120,26266,11505,19,0.0,0.0,0.0,0.0,0.0,0.0,
15121,26266,3116,34,0.0,0.0,0.0,0.0,0.0,0.0,
15122,26267,11336,19,0.0,0.0,0.0,0.0,0.0,0.0,
15124,26268,4906,19,0.0,0.0,0.0,0.0,0.0,0.0,
15125,26269,7175,19,0.0,0.0,0.0,0.0,0.0,0.0,
15126,26271,5530,19,2.0,0.0,0.0,0.0,-1.57079994678,0.0,
15127,26270,12482,34,0.0,0.0,3.0,0.0,0.0,0.0,
15128,26270,12702,19,0.0,0.0,0.0,0.0,0.0,0.0,
15129,26272,7808,34,0.0,0.0,0.0,0.0,0.0,0.0,
15130,26271,5530,19,0.0,-2.0,0.0,0.0,-1.57079994678,0.0,
15131,26271,5530,19,0.0,2.0,0.0,0.0,-1.57079994678,0.0,
15132,26271,5530,19,-2.0,0.0,0.0,0.0,-1.57079994678,0.0,
15133,26271,5530,19,0.0,0.0,0.0,0.0,-1.57079994678,0.0,
15134,26270,12703,19,0.0,0.0,0.0,0.0,0.0,0.0,
15135,26275,11506,19,0.0,0.0,0.0,0.0,0.0,0.0,
15136,26276,6587,34,0.0,0.0,0.0,0.0,0.0,0.0,
15137,25560,11883,-1,0.0,0.0,0.0,0.0,0.0,0.0,
15138,25560,11723,-1,0.0,0.0,-1.39999997616,0.0,0.0,0.0,
15139,16868,5041,-1,0.0,0.0,0.0,0.0,0.0,0.0,
15140,26281,12706,19,0.0,0.0,0.75,0.0,0.0,0.0,
15141,25518,8832,34,0.0,0.0,0.0,0.0,0.0,0.0,
15143,26309,12381,37,0.0,0.0,0.0,0.0,0.0,0.0,
15145,26311,8678,34,0.0,0.0,0.0,0.0,0.0,0.0,
15146,26311,10185,34,-0.5,0.0,0.0,0.0,0.0,0.0,
15148,26317,7809,19,0.0,0.0,0.0,0.0,0.0,0.0,
15151,26322,6858,-1,0.0,0.0,0.0,3.14159011841,0.0,0.0,
15152,26324,11026,19,0.0,0.0,0.0,0.0,0.0,0.0,
15153,26324,8835,19,0.0,0.0,0.0,0.0,0.0,0.0,
15154,26325,12242,19,0.0,0.0,0.0,0.0,0.0,0.0,
15156,26326,9246,19,0.0,0.0,0.0,0.0,0.0,0.0,
15157,2709,4337,17,0.0,0.0,0.10000000149,0.0,0.0,0.0,
15158,26328,12198,-1,0.0,0.0,0.0,0.0,0.0,0.0,
15160,26333,4519,19,1.0,0.0,1.0,0.0,0.0,0.0,
15161,26336,220,34,0.0,0.0,0.0,0.0,0.0,0.0,
15162,26343,4844,19,0.0,0.0,0.0,0.0,0.0,0.0,
15163,26346,3934,19,0.0,0.0,0.0,0.0,0.0,0.0,
15164,26342,9812,19,1.0,0.20000000298,1.5,0.0,0.0,0.0,
15165,26348,7779,19,0.0,0.0,0.0,0.0,0.0,0.0,
15166,26351,5244,19,0.0,0.0,0.0,0.0,0.0,0.0,
15167,26350,4565,2,0.0,0.0,0.0,0.0,0.0,0.0,
15169,26353,12748,19,0.0,0.0,0.0,0.0,0.0,0.0,
15174,26357,7673,-1,2.5,-1.0,-0.5,0.0,0.0,0.0,
15175,26357,7673,-1,1.5,0.0,-0.5,0.0,0.0,0.0,
15176,26357,7673,-1,2.5,1.0,-0.5,0.0,0.0,0.0,
15177,26357,7673,-1,4.0,-2.0,-1.0,0.785398006439,0.0,0.0,
15178,26357,7673,-1,4.0,2.0,-1.0,-0.785398006439,0.0,0.0,
15179,26357,7673,-1,4.5,0.0,-1.0,0.0,0.0,0.0,
15180,26359,12650,19,0.0,0.0,0.5,0.0,1.57079994678,0.0,
15183,26357,3095,19,1.0,0.0,-0.25,0.0,0.0,0.0,
15184,26362,11026,19,0.0,0.0,0.0,0.0,0.0,0.0,
15185,26362,8834,19,0.0,0.0,1.0,0.0,0.0,0.0,
15187,26366,12734,19,0.0,0.0,0.0,0.0,0.0,0.0,
15199,25109,12737,1,0.600000023842,0.10000000149,0.0,0.0,0.0,0.0,
15200,26370,12734,19,0.0,0.0,0.0,0.0,0.0,0.0,
15201,26370,12730,19,0.0,-0.5,1.75,0.0,0.698131978512,0.0,
15202,26370,12731,19,0.0,-0.25,1.14999997616,0.0,-0.523599028587,0.0,
15203,26370,12732,19,0.0,0.25,1.5,0.0,0.0,-0.698131978512,
15204,26370,12733,19,-0.25,0.0,1.14999997616,0.0,0.436331987381,0.0,
15205,26370,12730,19,0.20000000298,0.0,1.25,0.0,-0.523599028587,0.0,
15206,26370,12731,19,0.0,-0.25,1.25,0.0,-0.698131978512,0.0,
15207,26370,12732,19,0.0,0.25,1.75,0.0,0.0,0.523599028587,
15208,26370,12733,19,0.0,0.300000011921,1.60000002384,0.0,0.436331987381,0.0,
15209,26370,12733,19,0.0,-0.300000011921,1.29999995232,0.0,0.0,0.0,
15210,26370,12733,19,0.0,0.300000011921,1.14999997616,0.0,0.0,0.61086499691,
15211,26371,6236,-1,0.0,0.0,0.0,0.0,0.0,0.0,
15212,26371,9351,-1,0.0,0.0,0.0,0.0,0.0,0.0,
15213,26371,12745,19,0.0,0.0,0.0,0.0,-0.523599028587,0.0,
15214,26371,12743,19,0.0,0.0,0.0,0.0,0.0,0.0,
15216,26371,12745,19,0.0,0.0,0.0,0.0,0.0,0.0,
15217,26371,12743,19,0.0,0.0,0.0,0.0,0.523599028587,0.0,
15218,26353,12749,19,0.0,0.0,0.0,0.0,0.0,0.0,
15219,26372,12123,19,0.0,0.0,0.0,0.0,0.0,0.0,
15220,26373,12750,22,0.0,0.0,0.0,0.0,0.0,0.0,
15221,26373,12750,21,0.0,0.0,0.0,0.0,0.0,0.0,
15222,26375,12544,34,0.0,0.0,0.0,0.0,0.0,0.0,
15223,26380,6358,19,0.0,0.0,0.0,0.0,0.0,0.0,
15224,26381,6755,-1,0.0,0.0,-15.0,0.0,0.0,0.0,
15225,26388,3213,34,0.0,0.0,0.0,0.0,1.57079994678,0.0,
15226,26388,3213,34,0.0,0.0,0.0,0.0,1.57079994678,0.0,
15227,26388,3213,34,0.0,0.0,0.0,0.0,1.57079994678,0.0,
15228,26389,12650,34,0.0,0.0,0.0,0.0,0.0,0.0,
15229,26390,10575,34,0.0,0.0,0.0,0.0,1.57079994678,0.0,
15230,26391,7718,12,-0.0500000007451,-0.25,-0.25,1.57079994678,0.0,0.0,
15231,26391,7767,12,0.0500000007451,0.0,-0.20000000298,1.57079994678,0.0,1.57079994678,
15232,26391,7719,12,-0.00999999977648,0.230000004172,-0.330000013113,-0.261799007654,-0.837758004665,0.0,
15233,26391,7719,12,-0.00999999977648,0.25,-0.129999995232,0.0,-0.785398006439,0.0,
15235,26391,7718,32,0.0,0.0,-0.0500000007451,-1.57079994678,0.0,0.0,
15236,26391,7719,33,0.0,0.0,-0.0299999993294,0.0,0.0,0.0,
15237,26391,12757,17,-0.209999993443,0.00999999977648,0.20000000298,0.0,0.0,-0.0872659981251,
15239,26392,4838,34,0.0,0.0,0.0,0.0,1.57079994678,0.0,
15242,26391,12758,15,0.0,0.15000000596,0.15000000596,0.0,0.0,0.0,
15244,26391,12758,15,0.0,-0.300000011921,-0.300000011921,0.0,0.0,0.0,
15246,26391,12758,15,0.0,0.0,0.0,0.0,0.0,0.0,
15248,26391,12758,15,-0.15000000596,0.25,0.25,0.0,0.0,0.0,
15249,26391,12758,15,0.10000000149,-0.15000000596,-0.15000000596,0.0,0.0,0.0,
15250,26393,255,17,0.0,0.0,0.0,0.0,0.0,0.0,
15251,26394,12762,17,0.0,0.0,0.0,0.0,0.349065989256,0.0,
15253,26396,13441,19,1.5,0.0,-2.0,0.0,0.0,0.174532994628,
15254,26403,12767,17,0.0,0.0,0.0,0.0,0.0,0.0,
15255,26403,12768,17,0.0,0.0,-1.5,0.0,0.0,0.0,
15256,26405,10270,19,0.0,0.0,0.0,0.0,0.0,0.0,
15257,26405,10270,19,0.0,0.0,0.0,0.785398006439,0.0,0.0,
15258,26406,10747,-1,-1.0,0.0,3.0,0.0,0.0,0.0,
15259,26407,588,34,0.0,0.0,0.0,0.0,0.0,0.0,
15260,26408,10075,19,0.0,0.0,0.0,0.0,0.0,0.0,
15261,26411,11523,19,-0.20000000298,0.0,-0.20000000298,0.0,0.0,0.0,
15262,26411,11227,19,0.899999976158,-0.699999988079,0.10000000149,0.0,0.0,0.0,
15263,26411,11223,19,-1.25,0.5,0.10000000149,0.0,0.0,0.0,
15264,26416,7507,34,0.0,0.0,0.0,0.0,0.0,0.0,
15266,26420,12770,19,0.0,0.0,-0.25,0.0,1.57079994678,0.0,
15267,26429,12495,-1,0.0,0.0,0.0,0.0,0.0,0.0,
15268,26428,4953,-1,0.0,0.0,0.0,0.0,0.0,0.0,
15269,26431,9895,34,0.0,0.0,0.0,0.0,0.0,0.0,
15270,26432,4059,19,0.0,0.0,0.0,0.0,0.0,0.0,
15271,26432,9320,20,0.0,0.0,0.0,0.0,0.0,0.0,
15273,26434,12730,19,0.0,-0.5,1.75,0.0,0.698131978512,0.0,
15274,26434,12731,19,0.0,-0.25,1.14999997616,0.0,-0.523599028587,0.0,
15275,26434,12732,19,0.0,0.25,1.5,0.0,0.0,-0.698131978512,
15276,26434,12733,19,-0.25,0.0,1.14999997616,0.0,0.436331987381,0.0,
15277,26434,12730,19,0.20000000298,0.0,1.25,0.0,-0.523599028587,0.0,
15278,26434,12731,19,0.0,-0.25,1.25,0.0,-0.698131978512,0.0,
15279,26434,12732,19,0.0,0.25,1.75,0.0,0.0,0.523599028587,
15280,26434,12733,19,0.0,0.300000011921,1.60000002384,0.0,0.436331987381,0.0,
15281,26434,12733,19,0.0,-0.300000011921,1.29999995232,0.0,0.0,0.0,
15282,26434,12733,19,0.0,0.300000011921,1.14999997616,0.0,0.0,0.61086499691,
15289,26442,266,20,0.0,0.0,0.0,0.0,0.0,0.0,
15291,26447,7613,34,0.0,0.0,0.0,0.0,0.0,0.0,
15292,26444,4847,34,0.20000000298,0.0,0.0,0.0,0.0,0.0,
15294,24159,14693,19,0.0,0.0,0.0,0.0,0.0,0.0,
15295,24166,14693,19,0.0,0.0,0.0,0.0,0.0,0.0,
15296,24167,14693,19,0.0,0.0,0.0,0.0,0.0,0.0,
15297,23436,8016,-1,-2.0,0.0,2.0,0.0,0.0,0.0,
15298,26449,10202,17,-1.35000002384,0.0,0.20000000298,0.0,0.872664988041,0.0,
15299,26452,594,19,0.0,0.0,0.0,0.0,0.0,0.0,
15300,26453,11487,19,0.0,0.0,0.0,1.57079994678,0.0,0.0,
15301,26453,11487,19,0.0,0.0,0.0,0.0,0.0,0.0,
15303,26454,12603,-1,0.0,0.0,5.0,0.0,0.0,0.0,
15306,26454,12793,34,0.0,0.0,0.0,0.0,0.0,0.0,
15308,26458,12796,34,0.0,0.0,0.0,0.0,0.0,0.0,
15309,26458,12814,19,0.0,0.0,0.0,0.0,0.0,0.0,
15310,26459,12806,19,0.0,0.0,0.0,0.0,0.0,0.0,
15311,26460,11676,34,0.0,0.0,0.0,0.0,0.0,0.0,
15312,26458,12814,19,0.0,0.0,0.0,1.57079994678,0.0,0.0,
15313,26458,12610,19,0.0,0.0,0.0,0.0,0.0,0.0,
15314,26462,12345,-1,0.0,0.0,0.0,0.0,0.0,0.0,
15315,26467,12428,19,0.0,0.0,0.0,0.0,0.0,0.0,
15316,26468,12815,16,0.800000011921,0.300000011921,-0.10000000149,0.785398006439,0.0,0.0,
15317,26469,6733,-1,0.0,0.0,0.0,0.0,0.0,0.0,
15318,26471,11915,12,-0.10000000149,-0.10000000149,-0.5,0.0,-0.261799007654,0.61086499691,
15320,26477,12825,17,0.0,0.0,0.0,0.0,0.0,0.0,
15321,26478,12821,34,0.0,0.0,0.0,0.0,0.0,0.0,
15326,19747,8860,1,0.0,0.0,0.0,0.0,0.0,0.0,
15327,26479,12700,17,0.0,0.0,0.0,0.0,0.0,0.0,
15328,26485,12841,18,0.0,0.0,0.0,0.0,0.0,0.0,
15329,26489,8815,20,0.0,0.0,0.0,0.0,0.0,0.0,
15330,26492,12120,-1,0.0,0.0,0.0,0.0,0.0,0.0,
15331,26492,6881,-1,0.0,0.0,0.0,0.0,0.0,0.0,
15332,26497,9877,-1,0.0,0.0,0.0,0.0,0.0,0.0,
15333,26497,7121,-1,0.0,0.0,0.0,0.0,0.0,0.0,
15335,26498,12833,34,-0.5,-0.300000011921,-0.5,0.0,0.0,0.436331987381,
15336,26500,12827,17,1.0,0.0,-0.5,1.57079994678,-1.57079994678,1.57079994678,
15338,26503,9590,19,0.0,0.0,0.0,0.0,0.0,0.0,
15339,26504,12827,17,1.0,0.0,-0.5,1.57079994678,-1.57079994678,1.57079994678,
15340,26505,12198,19,0.0,0.0,0.0,0.0,0.0,0.0,
15341,25620,10879,19,0.0,0.0,-3.0,0.0,0.0,0.0,
15342,26506,12827,17,1.0,0.0,-0.5,1.57079994678,-1.57079994678,1.57079994678,
15344,26507,12835,6,-0.449999988079,0.40000000596,-0.20000000298,0.0,1.04719996452,-0.523599028587,
15345,26508,7343,-1,0.0,0.0,-0.5,0.0,0.0,0.0,
15347,26511,9662,22,0.0,0.0,0.0,0.0,0.0,0.0,
15348,26511,9662,21,0.0,0.0,0.0,0.0,0.0,0.0,
15349,26513,9662,22,0.0,0.0,0.0,0.0,0.0,0.0,
15350,26513,9662,21,0.0,0.0,0.0,0.0,0.0,0.0,
15351,26513,12838,19,0.0,0.0,0.0,0.0,0.0,0.0,
15352,26512,424,20,0.0,0.0,0.0,0.0,0.0,0.0,
15353,26518,8939,19,0.0,0.0,0.0,0.0,0.0,0.0,
15354,21094,12842,-1,0.0,0.0,0.0,0.0,0.0,0.0,
15355,26521,10332,21,0.0,-0.25,0.0,1.57079994678,0.0,0.0,
15356,26525,7731,19,0.0,0.0,-4.0,0.0,0.0,0.0,
15358,26528,4057,19,0.0,0.0,0.0,0.0,0.0,0.0,
15359,26529,12844,17,0.0,0.0,0.5,0.0,0.785398006439,0.0,
15367,26527,12851,-1,0.0,0.0,-1.0,0.0,0.0,0.0,
15368,26527,12852,-1,0.0,0.0,-1.0,0.0,0.0,0.0,
15369,26531,6995,-1,0.0,0.0,-0.5,0.0,0.0,0.0,
15370,26532,545,34,0.0,0.0,0.0,0.0,0.0,0.0,
15371,26533,4954,-1,0.0,0.0,0.0,0.0,0.0,0.0,
15372,26533,5686,-1,0.0,0.0,0.0,0.0,0.0,0.0,
15374,26434,12899,19,0.0,0.0,0.0,0.0,0.0,0.0,
15376,26538,7794,19,0.0,0.0,0.0,0.0,0.0,0.0,
15377,26536,8046,-1,-70.0,0.0,-2.5,0.0,0.0,0.0,
15378,26536,8046,-1,-20.0,0.0,-2.5,0.0,0.0,0.0,
15379,26536,8046,-1,30.0,0.0,-2.5,0.0,0.0,0.0,
15380,26540,8046,-1,-70.0,0.0,-2.5,3.14159011841,0.0,0.0,
15381,26540,8046,-1,-20.0,0.0,-2.5,3.14159011841,0.0,0.0,
15382,26540,8046,-1,30.0,0.0,-2.5,3.14159011841,0.0,0.0,
15384,26541,12856,19,1.0,0.0,2.5,0.0,0.0,3.14159011841,
15385,26539,8040,19,0.0,0.0,-4.0,0.0,0.0,0.0,
15387,26543,12761,17,0.0,0.0,0.0,0.523599028587,-0.174532994628,0.0,
15388,26544,12634,-1,0.0,0.0,-6.0,2.09438991547,0.0,0.0,
15389,26544,10243,-1,0.0,0.0,-3.5,0.0,0.0,0.0,
15390,26438,12474,19,0.0,0.0,0.0,0.0,0.0,0.0,
15391,26543,12761,17,0.0,0.0,0.0,-0.523599028587,-0.174532994628,0.0,
15392,26543,12761,17,0.0,0.0,0.0,0.0,-0.174532994628,0.0,
15393,26529,8991,22,0.0,0.0,0.0,0.0,0.0,0.0,
15394,26552,105,32,0.0,0.0,-0.5,0.0,0.0,0.0,
15395,26552,105,33,0.0,0.0,-0.5,0.0,0.0,0.0,
15396,26553,12859,20,-1.0,0.0,0.5,0.0,0.0,0.0,
15397,26551,12865,-1,0.0,0.0,0.15000000596,0.0,-1.57079994678,1.57079994678,
15398,26562,4498,19,2.0,0.0,2.0,0.0,0.261799007654,3.14159011841,
15401,26564,12868,19,0.0,0.0,0.0,0.0,0.0,0.0,
15402,26557,1785,22,0.0,0.0,0.0,0.0,0.0,0.0,
15403,26557,1785,21,0.0,0.0,0.0,0.0,0.0,0.0,
15404,26565,12401,-1,0.0,0.0,0.0,0.0,0.0,0.0,
15406,26575,7894,-1,1.5,-1.5,-3.0,-0.523599028587,0.523599028587,0.0,
15407,26575,7894,-1,1.5,1.5,-3.0,0.523599028587,0.523599028587,0.0,
15408,26575,7894,-1,-1.5,1.5,-3.0,-0.523599028587,-0.523599028587,0.0,
15409,26575,7894,-1,-1.5,-1.5,-3.0,0.523599028587,-0.523599028587,0.0,
15410,26572,6564,19,0.0,0.0,1.5,0.0,0.0,0.0,
15412,26578,12872,21,0.0,0.0,0.0,-0.349065989256,0.0,2.26892995834,
15413,26581,8905,19,0.0,0.0,0.0,0.0,0.0,0.0,
15414,26578,12872,22,0.0,0.0,0.0,0.349065989256,0.0,-2.26892995834,
15415,26578,12872,21,0.0,0.300000011921,0.10000000149,-0.349065989256,-0.261799007654,2.61799001694,
15416,26578,12872,22,0.0,-0.300000011921,-0.10000000149,0.349065989256,-0.261799007654,-2.61799001694,
15417,26588,6600,22,0.0,0.0,0.0,0.0,0.0,0.0,
15418,26588,6600,21,0.0,0.0,0.0,0.0,0.0,0.0,
15419,26590,8937,19,0.0,0.0,0.0,0.0,0.0,0.0,
15420,26591,7320,-1,0.0,0.0,0.0,0.0,0.0,0.0,
15421,26583,7651,19,0.0,0.0,0.0,0.0,0.0,0.0,
15423,26592,12873,17,0.0,0.0,0.0,0.0,0.0,0.0,
15425,26597,149,34,0.0,0.0,0.0,0.0,0.0,0.0,
15427,26567,11919,19,0.0,0.0,0.0,0.0,0.0,0.0,
15429,26599,12883,19,0.0,0.0,0.0,0.0,0.0,0.0,
15433,26598,7414,19,0.0,0.0,0.0,0.0,0.0,0.0,
15434,26600,8349,19,0.0,0.0,0.0,0.0,0.0,0.0,
15435,26599,12602,19,0.0,0.0,0.0,0.0,0.0,0.0,
15436,26599,12884,19,0.0,0.0,28.0,0.0,0.0,-1.04719996452,
15437,26598,11029,19,0.0,0.0,0.0,0.0,0.0,0.0,
15439,26598,12904,19,0.0,0.0,0.10000000149,0.0,0.0,0.0,
15441,26601,12893,19,0.0,0.0,0.0,0.0,0.0,0.0,
15442,26602,4255,19,1.0,0.0,0.0,0.0,0.0,0.0,
15443,26607,12001,1,0.0,0.0,0.0,-1.57079994678,0.0,0.0,
15444,26608,12939,-1,0.0,0.0,1.5,0.0,0.0,0.0,
15445,26610,12897,20,0.0,0.0,-1.0,3.14159011841,0.0,0.0,
15448,26612,11560,17,-0.300000011921,0.0,0.5,0.0,0.0,0.0,
15449,26614,8879,19,0.0,0.0,0.0,0.0,-1.57079994678,0.0,
15450,26614,12903,19,0.0,0.0,0.0,0.0,-1.57079994678,0.0,
15451,26612,12901,19,0.0,0.0,0.0,0.0,0.0,0.0,
15453,26612,12793,34,0.0,0.0,0.0,0.0,0.0,0.0,
15454,26598,12904,19,0.0,0.0,0.10000000149,1.57079994678,0.0,0.0,
15455,26617,12433,19,0.0,0.0,0.0,0.0,0.0,0.0,
15456,26619,5958,19,0.0,0.0,0.0,0.0,0.0,0.0,
15457,26620,12906,19,0.0,0.0,0.0,0.0,-1.57079994678,0.0,
15464,26624,12908,19,1.0,0.0,0.20000000298,0.0,0.0,0.0,
15465,26626,8637,38,0.0,0.0,0.0,0.0,0.0,0.0,
15466,26627,11264,19,0.0,0.0,2.0,0.0,1.57079994678,0.0,
15467,26627,11264,19,0.0,0.0,2.0,1.57079994678,1.57079994678,0.0,
15468,26627,11264,19,0.0,0.0,2.0,0.0,0.0,0.0,
15469,26627,3050,19,0.0,0.0,2.0,0.0,0.0,0.0,
15470,26633,3913,19,0.0,0.0,0.0,0.0,0.0,0.0,
15471,26636,12911,19,0.0,0.0,0.0,0.0,0.0,0.0,
15472,26637,11872,19,0.0,0.0,0.0,0.0,0.0,0.0,
15473,26637,8209,19,0.0,0.0,0.0,0.0,0.0,0.0,
15474,26640,1883,1,0.0,0.0,0.0,0.0,0.0,0.0,
15475,26640,9870,2,0.0,0.0,0.0,0.0,0.0,0.0,
15476,26642,11272,-1,0.0500000007451,0.0,0.0,0.0,1.57079994678,0.0,
15477,26641,11272,-1,0.0,0.0,0.0,0.0,0.0,0.0,
15479,26643,12912,19,0.0,0.0,0.0,0.0,0.0,0.0,
15480,26643,12913,19,0.0,0.0,0.0,0.0,0.0,0.0,
15481,26643,12914,19,0.0,0.0,0.0,0.0,0.0,0.0,
15483,26646,12915,22,0.0,0.0,0.75,3.14159011841,3.14159011841,0.0,
15484,26649,12915,34,-0.5,0.0,0.0,0.0,1.57079994678,0.0,
15485,26654,4172,-1,0.0,0.0,0.0,0.0,0.0,0.0,
15486,26654,11543,-1,0.0,0.0,0.0,0.0,0.0,0.0,
15487,26654,7846,-1,0.0,0.0,0.0,0.0,0.0,0.0,
15488,26651,4255,19,1.0,0.0,2.0,0.0,0.523599028587,3.14159011841,
15489,26655,11542,38,0.0,0.0,0.0,0.0,0.0,0.0,
15490,26657,12917,19,0.0,0.0,0.0,0.0,0.0,0.0,
15495,26656,5432,19,0.0,0.0,6.0,0.0,0.0,0.0,
15496,26667,12923,15,-1.25,0.0,-1.0,3.14159011841,0.00436299992725,0.0,
15497,26666,9269,19,1.0,0.0,-1.0,0.0,0.0,0.0,
15498,26670,12001,1,0.25,0.0,0.0,1.57079994678,0.0,3.14159011841,
15499,26671,4611,-1,0.0,0.0,2.0,0.0,0.0,0.0,
15500,26672,12560,34,0.0,0.0,0.0,0.0,0.0,0.0,
15501,26674,12916,34,0.0,0.0,5.0,0.0,0.0,3.14159011841,
15502,26676,11158,20,-1.0,0.0,5.0,0.0,0.0,0.0,
15503,26676,12859,20,-1.0,0.0,0.5,0.0,0.0,0.0,
15504,26676,3321,20,-1.0,0.0,2.0,0.0,0.0,0.0,
15505,26676,11265,20,-1.0,0.0,8.0,0.0,0.0,0.0,
15506,26307,12710,19,-0.40000000596,0.0,0.300000011921,0.0,0.0,0.0,
15507,26677,11834,19,0.0,0.0,-5.0,0.0,-1.57079994678,0.0,
15514,26677,6081,19,0.0,0.0,0.0,0.0,0.0,0.0,
15515,26680,12928,17,-0.0500000007451,0.0,0.270000010729,0.523599028587,0.174532994628,0.0,
15521,26466,12929,20,0.0,0.0,-0.40000000596,0.0,0.0,0.0,
15522,26682,12929,20,0.0,0.0,-0.40000000596,0.0,0.0,0.0,
15523,26685,11888,19,0.0,0.0,-0.25,0.0,0.0,0.0,
15525,26687,12930,19,0.0,0.0,5.0,0.0,0.0,0.0,
15526,26688,12686,-1,-0.300000011921,1.64999997616,0.0500000007451,0.261799007654,1.57079994678,0.0,
15527,26683,12921,22,0.0,0.0,0.0,0.0,0.0,0.0,
15528,26683,12580,22,0.0,0.0,0.0,0.0,0.0,0.0,
15529,26689,8287,19,0.0,0.0,0.0,0.0,0.0,0.0,
15530,26695,12602,19,0.0,0.0,0.0,0.0,0.0,0.0,
15531,25737,12358,20,0.0,0.0,-1.5,0.0,0.0,0.0,
15532,26706,12793,34,0.0,0.0,0.0,0.0,0.0,0.0,
15533,25450,6053,34,0.0,0.0,0.0,0.0,0.0,0.0,
15534,26708,11039,20,0.0,0.0,2.0,0.0,0.0,0.0,
15535,26708,503,20,0.0,0.0,4.0,0.0,0.0,0.0,
15536,26709,11039,20,0.0,0.0,2.0,0.0,0.0,0.0,
15537,26709,503,20,0.0,0.0,4.0,0.0,0.0,0.0,
15538,26709,7977,19,0.0,0.0,0.0,0.0,0.0,0.0,
15539,26708,7977,19,0.0,0.0,0.0,0.0,0.0,0.0,
15540,26710,10353,19,0.0,3.0,0.0,0.0,0.0,0.0,
15541,26710,10353,-1,0.0,-3.0,0.0,0.0,0.0,0.0,
15542,26625,8637,-1,0.0,0.0,0.0,0.0,0.0,0.0,
15544,26718,8673,19,0.0,0.0,-3.0,0.0,1.57079994678,0.0,
15545,26718,7367,19,0.0,0.0,0.0,0.0,0.0,0.0,
15546,26722,12941,19,0.0,0.0,0.0,0.0,0.0,0.0,
15547,26719,12940,-1,0.0,0.0,-2.0,0.0,0.0,0.0,
15548,26719,12945,-1,0.0,0.0,0.0,0.0,0.0,0.0,
15552,26673,12843,-1,0.0,0.0,10.0,0.0,0.0,0.0,
15557,26673,12843,-1,0.0,0.0,0.0,0.0,0.0,0.0,
15558,26673,12843,-1,0.0,0.0,20.0,0.0,0.0,0.0,
15559,26673,12843,-1,0.0,0.0,-5.0,0.0,0.0,0.0,
15560,26731,11837,19,1.0,0.5,1.70000004768,-0.261799007654,-0.261799007654,0.0,
15562,26740,12947,19,0.0,0.0,0.0,0.0,0.0,0.0,
15564,26744,12949,17,1.0,0.0,0.0,0.0,0.0,0.0,
15565,26745,2843,19,0.0,0.0,0.5,0.0,0.0,0.0,
15566,26746,12550,19,0.0,0.0,0.0,0.0,0.0,0.0,
15568,26748,12064,1,0.0,0.0,0.0,1.22172999382,3.14159011841,0.0,
15569,26748,12064,2,0.0,0.0,0.0,1.13445997238,3.14159011841,0.0,
15570,26749,12064,1,0.0,0.0,0.0,1.22172999382,3.14159011841,0.0,
15571,26749,12064,2,0.0,0.0,0.0,1.13445997238,3.14159011841,0.0,
15572,26752,12953,19,0.0,0.0,0.0,0.0,0.0,0.0,
15573,25269,12961,19,0.0,0.0,0.0,0.0,0.0,0.0,
15576,26758,11505,19,0.0,0.0,0.0,0.0,0.0,0.0,
15581,26756,12957,22,0.0,0.0,0.0,0.872664988041,3.14159011841,0.0,
15582,26757,12957,22,0.0,0.0,0.0,0.872664988041,3.14159011841,0.0,
15583,26770,5240,19,0.0,0.0,0.0,0.0,0.0,0.0,
15584,26773,9579,19,0.0,0.0,-2.0,0.0,0.0,0.0,
15585,26774,9130,19,0.0,0.0,-2.0,0.0,0.0,0.0,
15586,26781,12236,-1,0.0,0.0,0.0,0.0,0.0,0.0,
15588,26781,12746,-1,0.0,0.0,0.0,0.0,0.0,0.0,
15589,26782,12959,17,0.0,0.0,0.0,0.0,0.0,0.0,
15590,26783,6873,19,0.0,0.0,0.0,0.0,0.0,0.0,
15591,26783,9948,19,0.0,0.0,0.0,0.0,0.0,0.0,
15592,26784,12960,17,-0.20000000298,1.0,0.0,1.57079994678,0.0,1.57079994678,
15593,26785,4795,19,-0.5,0.0,-0.25,0.0,0.0,0.0,
15594,26787,7244,19,1.5,0.0,-3.0,0.261799007654,-0.523599028587,0.174532994628,
15595,26789,12986,19,0.0,0.0,0.0,0.0,0.0,0.0,
15597,26786,12964,19,1.0,0.0,-2.0,0.261799007654,-0.523599028587,0.174532994628,
15598,26790,12974,19,0.0,0.0,0.0,0.0,0.0,0.0,
15599,26792,12236,-1,0.0,0.0,0.0,0.0,0.0,0.0,
15601,26793,12965,1,0.10000000149,0.0,-0.10000000149,0.0,0.0,0.0,
15604,26791,12968,-1,0.0,0.0,0.0,0.0,0.0,0.0,
15607,26799,9164,19,0.0,0.0,0.0,0.0,0.0,0.0,
15609,26805,12593,17,0.0,0.0,0.0,0.0,0.0,0.0,
15611,26056,5387,34,0.5,0.0,0.0,0.0,0.261799007654,0.0,
15613,26823,12537,17,0.0,0.0,0.0,0.0,0.0,0.0,
15614,26834,12677,19,0.0,0.0,0.0,0.0,0.0,0.0,
15615,26835,6202,19,0.0,0.0,0.0,0.0,0.0,0.0,
15616,26838,12980,19,0.0,0.0,0.0,0.0,0.0,0.0,
15618,26843,6800,17,-0.40000000596,0.0,0.15000000596,0.261799007654,0.436331987381,0.0,
15619,26843,9443,17,-0.40000000596,0.0,0.15000000596,0.0,0.0,0.0,
15621,26845,12982,1,0.0,0.0,0.0,0.0,0.174532994628,0.0,
15622,26846,12982,1,0.0,0.0,0.0,0.0,0.174532994628,0.0,
15624,23887,12981,19,0.0,2.0,0.0,0.0,0.523599028587,0.0,
15627,23887,12981,19,0.0,0.0,0.0,0.0,0.0,0.0,
15631,23887,12981,19,2.0,0.0,0.0,0.0,0.261799007654,0.0,
15632,23887,12981,19,0.0,0.0,2.0,0.523599028587,0.785398006439,0.0,
15633,26849,12985,19,0.0,0.0,-3.0,0.0,0.0,0.0,
15634,26850,12974,19,0.0,0.0,0.0,0.0,0.0,0.0,
15635,26851,12985,19,0.0,0.0,-3.0,0.0,0.0,0.0,
15636,26853,12987,16,-0.5,0.20000000298,-0.600000023842,-1.57079994678,0.349065989256,0.0,
15638,26861,10671,19,0.0,0.0,0.0,0.0,0.0,0.0,
15639,26861,10671,19,0.0,0.0,0.0,0.0,0.0,3.14159011841,
15640,26862,6326,19,0.0,0.0,0.0,0.0,0.0,0.0,
15641,26862,10739,34,0.0,0.0,0.0,0.0,0.0,0.0,
15642,26856,12989,-1,0.0,0.0,0.0,0.0,0.0,0.0,
15643,26864,13168,19,0.0,0.0,0.0,0.0,1.57079994678,0.0,
15644,26865,13168,19,0.0,0.0,0.0,0.0,1.57079994678,0.0,
15645,26866,6283,19,0.0,0.0,0.0,0.0,0.0,0.0,
15646,26866,6283,19,0.0,0.0,0.0,0.785398006439,0.0,0.0,
15647,26867,12989,-1,0.0,0.0,0.0,0.0,0.0,0.0,
15648,26868,9918,22,0.0,-0.300000011921,0.0,0.0,0.0,0.0,
15649,26869,12992,-1,0.0,0.0,0.0,0.0,0.0,0.0,
15650,26871,12992,-1,0.0,0.0,0.0,0.0,0.0,0.0,
15651,26873,9544,19,0.0,0.0,0.0,0.0,0.0,0.0,
15652,26873,623,22,0.0,0.0,0.0,0.0,0.0,0.0,
15653,26873,623,21,0.0,0.0,0.0,0.0,0.0,0.0,
15654,26873,6418,19,0.0,0.0,0.0,0.0,0.0,0.0,
15655,26873,6418,19,0.0,0.0,1.0,0.0,0.0,0.0,
15656,26873,6418,19,0.0,0.0,2.0,0.0,0.0,0.0,
15657,26874,2402,19,0.0,0.0,0.0,0.0,0.0,0.0,
15658,26876,12997,19,0.0,0.0,0.5,0.0,0.0,0.0,
15659,26879,10666,-1,0.0,0.0,0.5,0.0,0.0,0.0,
15660,26879,10666,-1,-0.899999976158,-0.800000011921,0.0,0.0,0.0,0.0,
15661,26879,10666,-1,-0.75,0.800000011921,0.0,0.0,0.0,0.0,
15662,26879,10666,-1,0.75,1.0,0.0,1.57079994678,0.0,0.0,
15663,26879,10666,-1,1.0,-0.800000011921,0.0,1.57079994678,0.0,0.0,
15664,26843,1322,34,0.0,0.0,-0.25,0.0,0.0,0.0,
15665,26888,6856,19,2.0,0.0,0.0,-1.57079994678,0.0,0.0,
15666,26889,5680,19,0.0,0.0,0.0,0.0,0.0,0.0,
15671,26894,6436,19,0.0,0.0,1.0,0.785398006439,0.0,0.0,
15672,26896,6091,19,0.0,0.0,1.0,0.0,0.0,0.0,
15673,26894,6436,19,0.0,0.0,1.5,0.0,0.0,0.0,
15674,26904,588,8,0.0,0.0,0.0,0.0,0.0,0.0,
15675,26905,11154,7,0.0,0.0,0.0,0.0,0.0,0.0,
15676,26905,11154,8,0.0,0.0,0.0,0.0,0.0,0.0,
15677,26904,1650,7,0.0,0.0,0.0,0.0,0.0,0.0,
15678,26911,12974,-1,0.0,0.0,0.0,0.0,0.0,0.0,
15680,26913,8637,22,0.0,0.0,0.0,0.0,0.0,0.0,
15682,26913,117,21,0.0,0.0,0.0,0.0,0.0,0.0,
15683,26913,8637,21,0.0,0.0,0.0,0.0,0.0,0.0,
15684,26913,117,22,0.0,0.0,0.0,0.0,0.0,0.0,
15685,26914,7395,19,0.0,0.0,0.0,0.0,0.0,0.0,
15686,26914,8473,19,0.0,0.0,0.0,0.0,0.0,0.0,
15687,26917,13007,19,0.0,0.0,0.0,0.0,0.0,0.0,
15688,26919,9032,-1,0.0,0.0,0.0,0.0,0.0,0.0,
15689,26920,5945,19,0.0,0.0,1.14999997616,0.0,0.0,0.0,
15690,26920,7346,19,0.0,0.0,0.0,0.0,0.0,0.0,
15691,26915,11142,38,0.0,0.0,0.0,0.0,0.0,0.0,
15692,26921,11072,-1,5.0,0.0,0.0,0.0,0.0,0.0,
15693,26921,5846,-1,5.0,0.0,0.0,0.0,0.0,0.0,
15694,26921,6368,-1,5.0,0.0,0.0,0.0,0.0,0.0,
15695,26921,3782,-1,5.0,0.0,0.0,0.0,0.0,0.0,
15697,26921,3782,-1,0.0,0.0,0.0,0.0,0.0,0.0,
15698,26923,9544,19,0.0,0.0,0.0,0.0,0.0,0.0,
15699,26923,623,22,0.0,0.0,0.0,0.0,0.0,0.0,
15700,26923,623,21,0.0,0.0,0.0,0.0,0.0,0.0,
15701,26923,6418,19,0.0,0.0,0.0,0.0,0.0,0.0,
15702,26923,6418,19,0.0,0.0,1.0,0.0,0.0,0.0,
15703,26923,6418,19,0.0,0.0,2.0,0.0,0.0,0.0,
15705,26925,13012,47,0.0,0.0,0.0,0.0,0.0,0.0,
15706,26925,13011,48,0.0,0.0,0.0,0.0,0.0,0.0,
15707,26925,13010,6,0.0,0.0,0.0,0.0,0.0,0.0,
15708,26925,13013,5,0.0,0.0,0.0,0.0,0.0,0.0,
15727,26924,7355,19,0.0,0.0,0.0,0.0,0.0,0.0,
15728,26927,13010,6,0.0,0.0,0.0,0.0,0.0,0.0,
15729,26927,13013,5,0.0,0.0,0.0,0.0,0.0,0.0,
15761,26933,7899,-1,0.0,0.0,0.0,0.0,0.0,0.0,
15762,26935,11785,19,0.0,0.0,0.0,0.0,0.0,0.0,
15763,441,349,19,0.0,0.0,0.0,0.0,0.0,0.0,
15764,26939,12511,19,0.0,0.0,-4.0,0.0,-1.57079994678,0.0,
15766,26943,13021,34,0.0,0.0,0.0,0.0,0.0,0.0,
15767,26956,6714,19,0.0,0.0,-1.0,0.0,0.174532994628,0.0,
15768,26961,3176,-1,0.0,0.0,3.0,0.0,0.0,0.0,
15771,26965,8905,12,0.0,0.0,0.0,0.0,0.0,0.0,
15772,26965,228,12,0.0,0.0,0.0,0.0,0.0,0.0,
15773,26966,7613,34,0.0,0.0,0.0,0.0,0.0,0.0,
15774,26966,10644,34,0.0,0.0,0.0,0.0,0.0,0.0,
15775,26972,4993,19,0.0,0.0,0.0,0.0,0.0,0.0,
15782,26973,13025,19,0.0,0.0,-1.0,0.0,0.0,0.0,
15783,26979,12907,-1,4.0,0.5,0.0,0.0,0.0,0.0,
15784,26979,12907,-1,0.0,0.0,0.0,0.0,0.0,0.0,
15787,26969,13026,19,0.0,0.0,0.0,0.0,0.0,0.0,
15788,26981,11357,21,0.0,0.0,0.0,0.0,0.0,0.0,
15789,26981,11357,22,0.0,0.0,0.0,0.0,0.0,0.0,
15790,26982,4470,34,0.0,0.0,0.0,0.0,0.0,0.0,
15791,26969,7742,19,0.0,0.0,1.0,0.0,0.0,0.0,
15793,26983,5041,19,0.0,0.0,0.0,0.0,0.0,0.0,
15794,26985,13032,19,0.0,0.0,-1.5,0.0,0.0,0.0,
15795,26986,2402,-1,0.0,0.0,0.0,0.0,0.0,0.0,
15796,26988,8211,19,0.0,0.0,0.0,0.0,0.0,0.0,
15797,26989,9308,19,0.0,0.0,0.0,0.0,0.0,0.0,
15798,26988,13037,19,1.0,0.0,0.0,0.0,0.0,0.0,
15799,26988,3123,19,0.0,-1.0,0.0,0.0,0.0,0.0,
15800,26988,3123,19,0.0,1.0,0.0,0.0,0.0,0.0,
15801,26988,13037,19,-1.0,0.0,0.0,0.0,0.0,0.0,
15802,26990,9490,19,0.0,0.0,0.0,0.0,0.0,0.0,
15803,26991,9633,-1,0.0,0.0,-0.20000000298,0.0,0.0,0.0,
15804,26992,9491,19,0.0,0.0,0.0,0.0,0.0,0.0,
15805,26994,13039,19,0.0,0.0,0.0,0.0,0.0,0.0,
15807,26981,11357,17,0.0,0.0,0.0,0.0,0.0,0.0,
15808,27003,13065,-1,0.0,0.0,0.0,0.0,0.0,0.0,
15809,27005,6894,-1,0.0,0.0,0.0,0.0,0.0,0.0,
15810,27009,8517,17,0.0,0.0,0.0,0.0,0.0,0.0,
15811,27013,12369,38,0.0,0.0,0.0,0.0,0.0,0.0,
15812,27005,8885,-1,0.0,0.0,0.0,0.0,0.0,0.0,
15813,27015,3054,20,0.20000000298,0.0,-0.40000000596,0.0,0.0,0.0,
15814,27020,13051,19,0.0,0.0,0.0,0.0,0.0,0.0,
15816,27020,13053,19,0.0,0.0,0.0,0.0,0.0,0.0,
15817,27022,13055,19,0.0,0.0,0.0,0.0,0.0,0.0,
15818,27022,12345,19,0.0,0.0,0.0,0.0,0.0,0.0,
15819,27021,13056,17,0.0,0.0,0.0,0.191985994577,0.436331987381,0.0,
15820,27023,13060,34,0.0,0.0,0.0,0.0,0.0,0.0,
15821,27021,13056,17,0.0,0.0,0.0,0.191985994577,0.872664988041,0.0,
15822,27028,9894,17,0.10000000149,0.0,-0.10000000149,0.0,0.0,0.0,
15824,27036,8862,-1,0.0,0.0,0.0,0.0,0.0,0.0,
15825,27040,4751,-1,0.0,0.0,18.0,0.0,3.14159011841,0.0,
15826,27042,8729,-1,0.0,0.0,0.0,0.0,0.0,0.0,
15827,27046,13064,2,0.0,0.0,0.0,0.0,0.0,0.0,
15828,27048,10810,2,0.0,0.0,0.0,0.0,0.0,0.0,
15829,27049,3058,19,0.0,0.0,0.20000000298,0.0,0.0,0.0,
15830,26986,13066,-1,0.0,0.0,0.0,0.0,0.0,0.0,
15831,27051,2980,17,0.0,0.0,0.0,0.436331987381,0.0,0.0,
15832,27051,2980,17,0.0,0.0,0.0,-0.436331987381,0.0,0.0,
15833,27051,2980,17,0.0,0.0,0.0,0.0,0.0,0.0,
15835,27054,12440,19,0.0,0.0,0.0,0.0,0.0,0.0,
15836,27055,7204,19,0.0,0.0,-6.0,0.0,0.0,0.0,
15837,27061,12600,-1,0.0,0.0,0.0,0.0,0.0,0.0,
15839,27068,4901,19,1.0,0.0,1.5,0.0,0.0,0.0,
15840,27069,4901,21,0.0,0.0,0.0,0.0,0.0,0.0,
15841,27073,5994,19,0.0,0.0,1.0,0.0,0.0,0.0,
15842,27071,12289,19,0.0,0.0,0.5,0.0,0.0,0.0,
15843,27071,12289,19,0.0,0.0,1.0,0.0,0.0,0.0,
15844,27068,8637,21,0.0,0.0,0.0,0.0,0.0,0.0,
15845,27068,3104,19,0.0,0.0,0.0,0.0,0.0,0.0,
15846,27074,7251,19,0.0,0.0,-2.0,3.14159011841,0.0,0.0,
15847,27075,13075,-1,0.0,0.0,0.0,1.57079994678,0.0,0.0,
15848,26044,13076,34,0.0,0.0,-1.0,0.0,0.0,0.0,
15849,27076,215,-1,0.0,0.0,3.0,0.436331987381,0.261799007654,3.14159011841,
15850,27077,13077,-1,2.5,0.0,0.300000011921,0.0,0.0,0.0,
15851,27077,13078,-1,3.0,-0.10000000149,0.0,0.0,0.0,0.0,
15852,27078,7557,34,0.0,0.0,0.0,0.0,0.0,0.0,
15853,27079,13079,12,0.0,0.0,0.0,0.0,0.0,0.0,
15854,27080,13079,16,0.20000000298,0.800000011921,0.0,0.0,1.57079994678,-1.57079994678,
15856,27084,10987,34,0.0,0.0,0.0,0.0,0.0,0.0,
15857,27089,12921,34,0.0,0.0,0.0,0.0,0.0,0.0,
15858,27091,12677,19,0.0,0.0,0.0,0.0,0.0,0.0,
15860,27096,13086,19,0.600000023842,0.0,0.0,0.0,0.0,0.0,
15861,27096,12611,19,0.5,0.0,-0.40000000596,0.0,0.174532994628,0.0,
15862,27100,10399,34,0.0,0.0,0.0,0.0,0.0,0.0,
15863,27101,545,34,-0.15000000596,0.0,0.40000000596,0.0,0.0,0.0,
15864,27102,9432,19,-0.699999988079,0.0,1.75,0.0,0.0,0.0,
15865,27103,13090,20,0.10000000149,0.0,-0.40000000596,0.0,0.0,0.0,
15866,27103,13087,20,0.600000023842,0.10000000149,-0.949999988079,0.0,1.57079994678,0.0,
15867,27103,13089,20,0.600000023842,0.15000000596,-1.14999997616,0.0,0.0,0.0,
15868,23615,9894,38,0.0,0.0,0.0,0.0,0.0,0.0,
15869,27109,4626,1,0.0,0.0,0.0,0.0,0.0,0.0,
15870,27109,4626,2,0.0,0.0,0.0,0.0,0.0,0.0,
15871,27111,4626,22,0.0,0.0,0.0,0.0,0.0,0.0,
15872,27111,4626,16,0.0,0.0,0.0,0.0,0.0,0.0,
15873,27111,4626,21,0.0,0.0,0.0,0.0,0.0,0.0,
15874,27111,4626,15,0.0,0.0,0.0,0.0,0.0,0.0,
15876,27120,11444,19,0.0,0.0,0.0,0.0,0.0,0.0,
15877,27121,8669,-1,0.0,0.0,2.0,0.0,0.0,0.0,
15878,27122,8670,-1,0.0,0.0,1.0,0.0,0.0,0.0,
15879,27125,10810,17,0.0,0.0,0.0,0.0,0.0,0.0,
15880,27126,13096,-1,0.0,0.0,0.0,0.0,0.0,0.0,
15881,27128,6689,-1,0.0,0.0,3.0,0.0,0.0,0.0,
15882,27129,13097,17,0.0,0.0,0.0,0.0,0.0,0.0,
15883,27130,8342,-1,0.0,0.0,0.0,0.0,0.0,0.0,
15884,27127,13097,17,0.0,0.0,0.0,0.0,0.0,0.0,
15885,27140,8937,19,0.0,0.0,0.0,0.0,0.0,0.0,
15886,27143,12462,19,0.0,0.0,0.0,0.0,0.0,0.0,
15887,27144,12499,19,0.0,0.0,0.0,0.0,0.0,0.0,
15888,27148,456,17,0.0,0.0,0.0,0.0,0.0,0.0,
15889,27148,4114,17,0.0,0.0,0.0,0.0,0.0,0.0,
15890,27149,13101,34,0.0,0.0,0.0,0.0,0.0,0.0,
15891,27151,8667,19,0.0,0.0,0.0,0.0,0.0,0.0,
15892,27154,272,22,0.0,0.0,0.0,0.0,0.0,0.0,
15893,27154,272,21,0.0,0.0,0.0,0.0,0.0,0.0,
15894,27154,392,22,0.0,0.0,0.0,0.0,0.0,0.0,
15895,27154,392,21,0.0,0.0,0.0,0.0,0.0,0.0,
15896,27160,7763,21,0.0,0.0,0.0,0.0,0.0,0.0,
15897,27160,7763,22,0.0,0.0,0.0,0.0,0.0,0.0,
15898,27161,12840,19,0.0,0.0,0.0,0.0,0.0,0.0,
15899,27163,12171,34,0.0,0.0,0.0,0.0,0.0,0.0,
15901,27166,12976,19,0.0,0.0,0.0,0.0,0.0,0.0,
15902,27167,13109,19,0.0,0.0,0.0,0.0,0.0,0.0,
15903,27168,13108,16,-0.0900000035763,0.0,-0.550000011921,0.0,0.0,0.0,
15904,27169,13110,-1,0.0,0.0,-2.0,0.0,0.0,0.0,
15906,27168,3032,22,0.0,0.0,0.0,0.0,0.0,0.0,
15907,27170,12079,34,0.0,0.0,0.0,0.0,0.0,0.0,
15908,27171,13113,-1,0.0,0.0,2.0,0.0,0.0,0.0,
15910,27172,13114,19,0.0,0.0,0.0,0.0,0.0,0.0,
15911,27173,13115,-1,0.0,0.0,2.0,0.0,0.0,0.0,
15912,27174,13108,16,-0.0900000035763,0.0,-0.550000011921,0.0,0.0,0.0,
15913,27174,3032,22,0.0,0.0,0.0,0.0,0.0,0.0,
15915,27175,13117,47,0.0,0.0,0.0,0.0,0.0,0.0,
15916,27175,13117,48,0.0,0.0,0.0,0.0,0.0,0.0,
15918,27175,13117,22,0.0,0.0,0.0,0.0,0.0,0.0,
15919,27175,13117,21,0.0,0.0,0.0,0.0,0.0,0.0,
15920,27181,13118,12,-0.20000000298,0.0,-0.20000000298,1.57079994678,0.0,0.0,
15921,27183,1650,34,0.0,0.0,0.0,0.0,0.0,0.0,
15922,27183,8149,19,0.0,0.0,0.0,0.0,0.0,0.0,
15923,27185,5918,34,0.40000000596,0.0,0.10000000149,0.0,0.0,0.0,
15924,27188,13122,19,0.0,0.0,0.0,0.0,0.0,0.0,
15925,27189,5918,34,1.0,0.0,0.10000000149,0.0,0.0,0.0,
15926,27190,5918,34,0.5,0.0,0.300000011921,0.0,0.0,0.0,
15927,27186,13123,19,-0.5,0.0,-0.920000016689,0.0,0.0,0.0,
15928,27193,11582,19,0.0,0.0,0.0,0.0,0.0,0.0,
15930,27192,10243,19,0.0,0.0,0.0,0.0,0.0,0.0,
15931,27200,157,34,0.0,0.0,0.0,0.0,0.0,0.0,
15932,27200,157,1,0.0,0.0,0.0,0.0,0.0,0.0,
15933,27200,157,4,0.0,0.0,0.0,0.0,0.0,0.0,
15934,27200,157,6,0.0,0.0,0.0,0.0,0.0,0.0,
15935,27200,157,9,0.0,0.0,0.0,0.0,0.0,0.0,
15936,27200,157,47,0.0,0.0,0.0,0.0,0.0,0.0,
15937,27201,392,34,0.5,0.0,-0.10000000149,0.0,0.0,0.0,
15938,27201,272,34,0.5,0.0,-0.10000000149,0.0,0.0,0.0,
15939,27207,12650,19,0.0,0.0,0.25,0.0,1.57079994678,0.0,
15940,27208,5254,-1,0.0,0.0,0.0,0.0,0.0,0.0,
15941,27210,10666,34,0.0,0.0,0.0,0.0,0.0,0.0,
15942,27211,11269,34,0.0,0.0,0.0,0.0,0.0,0.0,
15943,27214,3104,19,0.0,0.0,0.0,0.0,0.0,0.0,
15944,27215,13128,19,0.0,0.0,0.0,0.0,0.0,0.0,
15945,27215,13129,19,0.0,0.0,0.0,0.0,1.57079994678,0.0,
15946,27216,9083,19,0.0,0.0,0.0,0.0,0.0,0.0,
15947,27219,7320,19,0.0,0.0,0.0,0.0,0.0,0.0,
15948,27220,4470,34,0.0,0.0,0.0,0.0,0.0,0.0,
15949,27221,9000,22,0.0,0.0,0.0,0.0,0.0,0.0,
15950,27221,9000,21,0.0,0.0,0.0,0.0,0.0,0.0,
15951,27222,5471,34,0.0,0.0,0.0,0.0,0.0,0.0,
15952,27223,12974,19,0.0,0.0,0.0,0.0,0.0,0.0,
15953,27223,13131,19,0.0,0.0,0.0,0.0,0.0,0.0,
15954,27228,13135,22,0.0,0.0,0.0,0.0,0.0,0.0,
15955,27229,13134,34,0.0,0.0,0.0,0.0,0.0,0.0,
15956,27233,6711,19,0.0,0.0,0.0,0.0,0.0,0.0,
15957,27235,3184,20,0.0,0.0,1.0,0.0,0.0,0.0,
15958,27238,13139,19,1.10000002384,0.0,1.39999997616,0.0872659981251,0.0,0.0,
15959,27238,13139,19,1.10000002384,0.0,1.39999997616,0.0872659981251,0.436331987381,0.0,
15960,27238,13139,19,1.10000002384,0.0,1.39999997616,0.0872659981251,0.959931015968,0.0,
15961,27242,11255,19,0.0,0.0,0.0,0.0,0.0,0.0,
15962,27243,9342,19,0.0,0.0,0.0,0.0,0.0,0.0,
15963,27246,214,34,0.0,0.0,0.0,0.0,0.0,0.0,
15964,27252,593,19,0.0,0.0,0.0,0.0,0.0,0.0,
15965,27257,11944,22,0.0,0.0,0.0,0.0,0.0,0.0,
15966,27257,12403,19,0.0,0.0,0.0,1.57079994678,0.0,0.0,
15967,27262,13012,47,0.0,0.0,0.0,0.0,0.0,0.0,
15968,27262,13011,48,0.0,0.0,0.0,0.0,0.0,0.0,
15969,27262,13010,6,0.0,0.0,0.0,0.0,0.0,0.0,
15970,27262,13013,5,0.0,0.0,0.0,0.0,0.0,0.0,
15972,27267,12100,-1,0.0,0.0,1.0,0.0,0.0,0.0,
15973,27269,7392,19,1.25,1.0,0.75,0.0,0.0,-1.04719996452,
15974,27269,7392,19,1.25,0.34999999404,1.25,0.0,0.0,-2.09439992905,
15975,27269,7384,-1,3.0,0.0,0.0,0.0,0.0,0.0,
15976,27276,13159,19,0.0,0.0,-2.0,1.57079994678,0.0,0.0,
15977,27276,13160,19,-4.0,-0.5,-3.0,0.0,0.0,0.0,
15982,27277,13161,19,-7.0,-1.0,-2.0,3.14159011841,-0.349065989256,0.0,
15983,27277,13162,19,3.0,2.0,-2.75,1.22172999382,0.0,0.0,
15984,27277,13162,19,3.0,-3.0,-2.75,-1.22172999382,0.0,0.0,
15985,27279,13164,19,-1.79999995232,-0.5,-1.79999995232,4.71238994598,0.0,0.0,
15986,27281,13166,19,-1.79999995232,0.5,-1.79999995232,1.57079994678,0.0,0.0,
15987,25432,10277,19,0.0,0.0,0.0,0.0,0.0,0.0,
15990,25432,10278,19,0.0,0.0,0.0,0.0,0.0,0.0,
15991,25432,10279,19,0.0,0.0,0.0,0.0,0.0,0.0,
15992,27290,4268,19,0.0,0.0,0.0,0.0,0.0,0.0,
15993,27293,13168,19,0.0,0.0,0.0,0.0,2.09438991547,0.0,
15994,27294,13168,19,0.0,0.0,0.0,0.0,2.09438991547,0.0,
15995,27295,13168,19,0.0,0.0,0.0,0.0,3.14159011841,0.0,
15996,27296,13168,19,0.0,0.0,0.0,0.0,3.14159011841,0.0,
15997,24789,13171,-1,0.0,0.0,-30.0,0.0,-1.57079994678,0.0,
16001,27305,13177,22,0.0,0.0,0.0,0.0,1.04719996452,0.0,
16002,27305,13177,21,0.0,0.0,0.0,0.0,1.04719996452,0.0,
16003,24290,12290,19,0.0,0.0,0.0,0.0,0.0,0.0,
16004,24290,12290,19,0.0,0.0,0.0,0.0,0.0,0.0,
16005,27313,12602,19,0.0,0.0,0.0,0.0,0.0,0.0,
16006,27313,13178,19,0.0,0.0,0.0,0.0,-1.57079994678,0.0,
16008,27313,12834,19,0.0,0.0,0.0,0.0,0.0,0.0,
16009,27318,11015,17,0.019999999553,0.0799999982119,0.20000000298,0.0,0.0,0.0,
16010,27318,11015,17,0.019999999553,-0.0799999982119,0.20000000298,0.0,0.0,0.0,
16011,23092,6643,19,-0.600000023842,-0.0500000007451,-0.5,0.0,0.0,0.0,
16012,23092,10799,19,-0.600000023842,-0.0500000007451,-0.5,0.0,0.0,0.0,
16013,27321,11694,34,0.20000000298,0.0,0.300000011921,0.0,-0.349065989256,0.0,
16014,27321,10799,34,0.0,0.0,0.600000023842,0.0,0.0,0.0,
16015,27321,5181,19,0.0,0.0,0.0,0.0,0.0,0.0,
16016,27326,5779,-1,0.0,0.0,1.0,0.0,0.0,0.0,
16017,27326,5779,-1,0.0,0.0,1.0,0.0,0.0,0.0,
16018,27326,5779,-1,0.0,0.0,1.0,0.0,0.0,0.0,
16019,27326,4127,-1,0.0,0.0,1.0,0.0,0.0,0.0,
16020,27327,4107,34,0.0,0.0,-1.5,0.0,0.0,0.0,
16021,27329,13187,-1,1.0,0.0,7.0,0.0,0.0,0.0,
16024,27335,5726,-1,0.0,0.0,0.0,0.0,0.0,0.0,
16025,27335,11328,-1,0.0,0.0,0.0,0.0,0.0,0.0,
16026,27333,11224,-1,1.0,0.0,0.0,0.0,0.0,0.0,
16027,27333,4993,-1,1.0,0.0,0.0,0.0,0.0,0.0,
16028,27337,5897,17,0.0,0.0,0.0,-0.0872659981251,0.0872659981251,0.0,
16029,27336,6741,20,2.0,0.0,-0.5,0.0,0.0,0.0,
16030,27337,5897,17,0.0,0.0,0.0,0.0,0.0872659981251,0.0,
16031,27337,5897,17,0.0,0.0,0.0,0.0872659981251,0.0872659981251,0.0,
16032,27339,13190,34,-0.5,0.0,-6.5,0.0,0.0,0.0,
16033,24319,11658,19,0.0,0.0,0.5,0.0,0.0,0.0,
16034,27350,3934,19,0.0,0.0,4.0,0.0,0.0,0.0,
16035,27351,13286,19,0.0,0.0,-0.300000011921,0.0,0.0,0.0,
16036,26870,13193,19,0.0,0.0,0.0,-1.57079994678,0.0,0.0,
16037,26870,13193,19,0.0,0.0,-1.0,-1.57079994678,1.57079994678,0.0,
16038,24696,12930,19,0.0,0.0,0.0,0.0,0.0,0.0,
16039,27354,13195,17,1.79999995232,0.0,0.0,0.0,-1.57079994678,0.0,
16041,27355,12119,22,0.0,0.0,0.0,0.0,1.57079994678,0.0,
16042,27357,12930,19,0.0,0.0,0.0,0.0,0.0,0.0,
16043,27363,10103,15,-1.75,0.5,0.0,0.0,0.0,0.0,
16044,27366,11044,19,0.0,0.0,0.20000000298,0.0,0.0,0.0,
16045,27366,11044,19,0.0,0.0,2.0,0.523599028587,0.0,0.0,
16046,27366,13198,19,0.0,0.0,1.10000002384,1.04719996452,0.0,0.0,
16047,26568,12914,19,0.0,0.0,0.5,0.0,0.0,0.0,
16048,27374,4710,19,0.0,0.0,0.0,0.0,0.0,0.0,
16050,27376,12217,17,0.0,0.0,0.0,0.0,0.0,0.0,
16051,27361,13200,1,0.0,0.0,-2.0,0.0,0.0,0.0,
16052,27361,13200,2,0.0,0.20000000298,-2.04999995232,0.0,0.0,0.0,
16053,27382,5800,-1,0.0,0.0,1.0,0.0,0.0,0.0,
16056,24436,13208,19,0.5,0.0,-5.5,0.0,0.0,0.0,
16057,24440,13209,19,0.0,0.0,-1.0,0.0,0.0,0.0,
16061,24441,13210,19,1.5,0.0,-8.0,0.0,0.0,0.0,
16065,24441,13210,19,1.5,0.0,-8.0,0.0,0.0,0.0,
16066,24441,13210,19,1.5,0.0,-8.0,0.0,0.0,0.0,
16067,24441,13210,19,1.5,0.0,-8.0,0.0,0.0,0.0,
16079,27396,8311,34,0.0,0.0,0.0,0.0,0.0,0.0,
16088,27397,13218,19,0.0,0.0,-5.0,0.0,0.0,0.0,
16089,27397,13218,19,0.0,0.0,-5.0,0.0,0.0,0.0,
16090,27397,13218,19,0.0,0.0,-5.0,0.0,0.0,0.0,
16091,27397,13218,19,0.0,0.0,-8.0,0.0,0.0,0.0,
16092,27397,13218,19,0.0,0.0,-5.0,0.0,0.0,0.0,
16094,27397,13218,19,0.0,0.0,-5.0,0.0,0.0,0.0,
16096,27380,9016,19,0.0,0.0,1.0,0.0,0.0,0.0,
16097,26044,8153,19,0.0,0.0,-1.0,0.0,0.0,0.0,
16098,27400,13217,-1,0.0,0.0,0.0,0.0,0.0,0.0,
16099,27400,13217,-1,0.0,0.0,0.0,0.0,0.0,0.0,
16100,27392,13217,-1,0.0,0.0,0.0,0.0,0.0,0.0,
16101,27392,13217,-1,0.0,0.0,0.0,0.0,0.0,0.0,
16102,27402,349,-1,0.0,0.0,0.0,0.0,0.0,0.0,
16105,27406,13224,34,-16.0,0.0,-12.0,1.57079994678,0.0,0.0,
16106,27406,13224,34,0.0,2.5,-12.0,1.57079994678,0.0,0.0,
16107,27406,13224,34,8.0,0.0,-12.0,1.57079994678,0.0,0.0,
16108,27406,13224,34,0.0,-2.5,-12.0,1.57079994678,0.0,0.0,
16109,27405,13224,34,0.0,0.0,-6.0,0.0,0.0,0.0,
16110,27405,13224,34,0.0,0.0,-6.0,0.0,0.0,0.0,
16111,27405,13224,34,0.0,0.0,-6.0,0.0,0.0,0.0,
16112,27404,4797,34,0.0,0.0,-3.0,0.0,0.0,0.0,
16113,27404,4797,34,0.0,0.0,-3.0,0.0,0.0,0.0,
16114,27404,4797,34,0.0,0.0,-3.0,0.0,0.0,0.0,
16122,24141,13226,19,0.0,3.0,0.0,0.0,0.261799007654,-0.523599028587,
16123,24141,13226,19,0.0,0.0,5.5,0.0,-0.0872659981251,3.14159011841,
16124,24141,13226,19,0.0,3.0,0.0,0.0,0.261799007654,-0.523599028587,
16125,24141,13226,19,0.0,3.0,0.0,0.0,0.261799007654,-0.523599028587,
16126,24141,13226,19,0.0,0.0,5.5,0.0,-0.0872659981251,3.14159011841,
16127,24141,13226,19,0.0,0.0,5.5,0.0,-0.0872659981251,3.14159011841,
16128,27408,13227,34,0.0,0.0,0.0,0.0,0.0,0.0,
16130,27412,8138,-1,-0.300000011921,0.0,2.0,1.57079994678,-2.3561899662,0.0,
16131,27413,13234,-1,0.0,0.0,0.0,0.0,0.0,0.0,
16132,25045,13349,21,0.0,0.20000000298,-0.300000011921,3.14159011841,0.0,2.61799001694,
16133,27413,13038,-1,0.0,0.0,0.0,0.0,0.0,0.0,
16134,27414,13237,-1,0.0,0.0,0.0,0.0,0.0,0.0,
16135,27414,13038,-1,0.0,0.0,0.0,0.0,0.0,0.0,
16136,27414,6083,-1,0.0,0.0,0.0,0.0,0.0,0.0,
16137,25045,13349,22,0.0,-0.20000000298,-0.300000011921,0.0,0.0,2.61799001694,
16138,27416,12641,-1,0.0,0.0,0.0,0.0,0.0,0.0,
16139,27406,13228,34,-8.0,0.0,-12.0,1.57079994678,0.0,0.0,
16143,27413,13241,-1,0.0,0.0,0.0,0.0,0.0,0.0,
16144,25053,13243,-1,0.0,0.0,0.5,0.0,3.14159011841,0.0,
16145,25053,11661,-1,0.0,0.0,0.34999999404,0.0,0.0,0.0,
16146,25053,13242,-1,0.0,0.0,0.5,0.0,3.14159011841,0.0,
16147,27432,13252,19,0.0,0.0,0.0,0.0,0.0,0.0,
16148,27432,13251,19,0.0,0.0,0.0,0.0,0.0,0.0,
16149,27395,8506,19,0.0,0.0,0.0,0.0,0.0,0.0,
16150,27395,4452,19,0.0,0.0,0.0,0.0,0.0,0.0,
16151,27438,10638,-1,0.0,0.0,0.0,0.0,0.0,0.0,
16153,27439,9996,20,-0.25,0.0,-0.10000000149,0.0,0.349065989256,0.0,
16156,25053,13259,-1,0.0,0.0,0.34999999404,0.0,0.0,0.0,
16157,27441,13261,19,0.0,0.0,0.0,0.0,0.0,0.0,
16159,27447,9770,1,0.0,0.0,0.0,0.0,0.0,0.0,
16160,27451,13266,-1,-0.20000000298,0.0,0.800000011921,0.0,0.0,0.0,
16161,27455,13269,17,0.0,0.0,0.34999999404,0.0,0.698131978512,0.0,
16162,27456,13270,17,-0.0500000007451,0.0,0.319999992847,0.0,0.523599028587,0.0,
16163,27457,13271,17,-0.0799999982119,0.0,0.280000001192,0.0,0.436331987381,0.0,
16164,27458,8832,34,0.0,0.0,0.0,0.0,0.0,0.0,
16165,27459,4049,-1,0.0,0.0,0.0,0.0,0.0,0.0,
16166,27459,8589,-1,0.0,0.0,0.0,0.0,1.57079994678,0.0,
16167,27458,5904,34,0.0,0.0,0.0,0.0,0.0,0.0,
16169,27460,13268,19,0.0,0.0,-2.0,0.0,0.0,0.0,
16172,27462,13275,20,0.0,0.0,1.0,0.0,0.0,0.0,
16173,27465,12171,17,0.0,0.0,0.0,0.0,0.0,0.0,
16174,27468,9640,19,0.0,0.0,-0.300000011921,3.14159011841,0.0,0.0,
16175,27468,9640,19,0.0,0.0,-0.300000011921,0.0,0.0,0.0,
16177,27470,13279,20,-0.230000004172,0.0,-0.180000007153,0.0,0.174532994628,0.0,
16178,27470,7404,20,-0.15000000596,0.070000000298,-0.270000010729,0.0,1.57079994678,0.0,
16179,27470,7405,20,-0.15000000596,0.0900000035763,-0.370000004768,0.0,0.0,0.0,
16181,27475,8666,19,0.0,0.0,1.0,0.0,0.0,0.0,
16182,27475,8666,19,0.0,0.0,-0.5,0.0,0.0,0.0,
16183,27475,8666,19,0.0,0.0,1.5,0.0,0.0,0.0,
16184,27476,13285,1,0.0,-0.10000000149,0.0,1.57079994678,-0.698131978512,0.0,
16187,27481,13286,19,0.0,0.0,0.0,0.0,0.0,0.0,
16188,27480,12746,-1,0.0,0.0,0.0,0.0,0.0,0.0,
16189,27483,12770,19,0.0,0.0,3.0,0.0,-1.57079994678,0.0,
16190,27486,3176,-1,0.0,0.0,0.0,0.0,0.0,0.0,
16191,27492,13288,19,0.0,0.0,0.0,0.0,0.0,0.0,
16192,27485,14248,19,-0.300000011921,0.0,1.0,0.0,0.0,0.0,
16193,27478,8675,34,0.0,0.0,0.0,0.0,0.0,0.0,
16194,27497,11570,-1,0.0,0.0,0.10000000149,0.0,0.0,0.0,
16195,27497,6495,-1,0.0,0.0,1.0,0.0,0.0,0.0,
16196,27497,3672,-1,0.0,0.0,0.0,0.0,0.0,0.0,
16197,27498,10454,1,0.0,0.0,0.0,-1.57079994678,0.0,0.0,
16198,27497,6713,-1,0.0,0.0,0.0,0.0,0.0,0.0,
16199,27500,8483,19,0.0,0.0,-0.5,0.0,0.0,0.0,
16200,27506,6538,38,0.0,0.0,0.0,0.0,0.0,0.0,
16201,27508,7845,34,0.0,0.0,1.0,0.0,0.0,0.0,
16202,27505,3965,-1,0.0,0.0,0.0,0.0,4.71238994598,0.0,
16203,27503,1177,-1,0.0,0.0,2.0,0.0,0.0,0.0,
16204,27509,1178,-1,0.0,0.0,2.0,0.0,0.0,0.0,
16205,27514,1174,-1,0.0,0.0,2.0,0.0,0.0,0.0,
16206,27515,12346,19,0.0,0.0,-1.0,0.0,0.0,0.0,
16212,27520,4255,19,0.0,0.0,-0.5,0.0,0.0,0.0,
16214,27524,6714,19,0.0,0.0,1.0,0.0,0.0,0.0,
16215,27526,13292,38,0.0,0.0,0.0,0.0,0.0,0.0,
16216,27527,6080,34,0.0,0.0,0.0,0.0,0.0,0.0,
16217,27529,13263,21,0.0,0.0,0.0,0.0,0.0,0.0,
16218,27529,13263,22,0.0,0.0,0.0,0.0,0.0,0.0,
16219,27529,13263,17,0.0,0.0,0.0,0.0,0.0,0.0,
16220,27529,13263,38,0.0,0.0,0.0,0.0,0.0,0.0,
16221,27529,10897,19,0.0,0.0,0.0,0.0,0.0,0.0,
16222,27530,13263,21,0.0,0.0,0.0,0.0,0.0,0.0,
16223,27530,13263,22,0.0,0.0,0.0,0.0,0.0,0.0,
16224,27530,13263,17,0.0,0.0,0.0,0.0,0.0,0.0,
16225,27530,13263,38,0.0,0.0,0.0,0.0,0.0,0.0,
16226,27530,10897,19,0.0,0.0,0.0,0.0,0.0,0.0,
16227,23399,9557,34,0.0,0.0,0.0,0.0,4.71238994598,0.0,
16228,27533,13296,19,0.0,1.5,0.0,0.0,0.0,0.0,
16229,27533,13296,19,0.0,-1.5,0.0,0.0,0.0,0.0,
16230,27537,13297,34,3.0,0.0,0.0,0.0,0.0,0.0,
16231,27540,10966,19,1.75,0.0,0.5,0.0,0.0,0.0,
16233,27540,7604,19,1.75,0.0,0.5,0.0,0.0,0.0,
16234,18160,73,38,0.0,0.0,0.0,0.0,0.0,0.0,
16235,27545,11258,-1,0.0,0.0,0.0,0.0,0.0,0.0,
16236,27548,4432,38,0.0,0.0,0.0,0.0,0.0,0.0,
16239,27554,11403,19,0.0,0.0,0.0,0.0,0.0,0.0,
16240,27555,7415,19,0.0,0.0,0.0,0.0,-2.09438991547,0.0,
16241,27555,7426,19,0.0,0.0,0.0,0.0,0.0,0.0,
16242,27556,4221,22,0.0,0.0,0.0,0.0,0.0,0.0,
16243,27556,4221,21,0.0,0.0,0.0,0.0,0.0,0.0,
16244,27557,5993,17,1.25,0.0,1.25,0.0,-0.785398006439,0.0,
16245,27560,8140,16,0.0,0.0,-0.5,0.0,0.0,0.0,
16246,27560,8140,15,0.0,0.10000000149,0.20000000298,0.0,0.0,0.0,
16247,27561,9743,17,0.0,0.0,0.0,0.0,0.523599028587,0.0,
16254,27570,13304,48,0.0,0.0,0.0,0.0,0.0,0.0,
16255,27570,13304,47,0.0,0.0,0.0,0.0,0.0,0.0,
16260,27572,618,-1,0.0,0.0,0.0,0.0,1.57079994678,0.0,
16261,27576,13305,-1,0.0,0.0,0.0,0.0,-1.57079994678,0.0,
16262,27578,12592,-1,-16.0,0.0,-2.0,0.0,0.0,0.0,
16263,27578,8404,-1,-16.0,0.0,-2.0,0.0,0.0,0.0,
16265,27578,8404,-1,-8.0,0.0,-2.0,0.0,0.523599028587,0.0,
16266,27578,7894,-1,-12.0,0.0,-2.0,0.698131978512,0.61086499691,0.0,
16267,27578,8515,-1,-14.0,0.0,-3.0,0.261799007654,0.0872659981251,0.0,
16268,27578,8515,-1,-14.0,0.0,-3.0,-0.261799007654,0.174532994628,0.0,
16269,27578,8515,-1,-12.0,0.0,-1.0,0.0,0.872664988041,0.0,
16270,27578,7894,-1,-12.0,0.0,-2.0,-0.698131978512,0.61086499691,0.0,
16271,27581,4504,19,0.0,0.0,0.0,0.0,0.0,0.0,
16272,27581,8892,19,0.0,0.0,1.0,0.0,0.0,0.0,
16273,27586,1662,20,0.0,0.0,0.0,0.0,0.0,0.0,
16279,27587,13306,-1,0.0,0.0,0.0,0.0,0.0,0.0,
16281,27594,4058,-1,0.0,0.0,0.0,0.0,0.0,0.0,
16282,27597,15716,-1,0.0,0.0,0.0,0.0,0.0,0.0,
16283,6785,3096,34,0.0,0.0,0.0,0.0,0.0,0.0,
16284,27599,10219,21,0.0,0.0,0.0,0.0,0.0,0.0,
16285,27599,10223,22,0.0,0.0,0.0,0.0,0.0,0.0,
16286,27603,1643,19,0.0,0.0,-0.5,0.0,0.0,0.0,
16290,27607,6618,-1,0.0,0.0,0.0,0.0,0.0,0.0,
16291,27614,9743,17,-0.5,0.0,0.0,-0.523599028587,0.349065989256,0.0,
16292,27614,4415,17,0.0,0.0,0.0,0.0,0.0,0.0,
16293,27613,4415,17,0.0,0.0,0.0,0.0,0.0,0.0,
16294,27619,8561,-1,0.0,0.0,0.0,0.0,0.0,0.0,
16295,27620,7215,-1,1.0,-1.0,0.0,0.0,0.0,0.0,
16296,27622,10317,-1,0.0,0.0,0.0,0.0,0.0,0.0,
16297,27627,12222,-1,0.0,0.0,0.0,0.0,0.0,0.0,
16298,27627,13308,-1,0.0,0.0,0.5,0.0,0.0,0.0,
16299,27627,13308,-1,0.0,0.0,0.5,2.09438991547,0.0,0.0,
16300,27627,13308,-1,0.0,0.0,0.5,4.18878984451,0.0,0.0,
16301,27635,13312,17,0.0,0.0,0.0,0.0,0.523599028587,0.0,
16302,27635,12494,17,0.5,0.0,0.0,0.0,0.0,0.0,
16303,27636,12494,17,0.5,0.0,0.0,0.0,0.0,0.0,
16304,27637,13313,34,0.0,0.0,0.0,0.0,0.0,0.0,
16305,27637,4059,19,0.0,0.0,-4.0,0.0,0.0,0.0,
16306,27639,7946,19,0.0,0.0,-2.0,0.0,0.0,0.0,
16307,27639,4015,19,0.0,0.0,-5.0,0.0,0.0,0.0,
16309,27641,13314,-1,0.0,0.0,0.0,0.0,0.0,0.0,
16311,27643,5048,38,0.0,0.0,0.0,0.0,0.0,0.0,
16313,27647,8723,20,0.0,0.0,3.0,0.0,0.0,0.0,
16314,27648,4642,-1,0.0,0.0,0.0,0.0,0.0,0.0,
16315,27641,10946,19,0.0,0.0,0.0,0.0,0.0,0.0,
16316,27641,10945,19,0.0,0.0,0.0,0.0,0.0,0.0,
16317,27641,10951,19,0.0,0.0,0.0,0.0,0.0,0.0,
16318,27649,13316,1,0.0,0.0,0.0,0.0,0.0,0.0,
16320,27641,6735,19,0.0,0.800000011921,0.5,0.0,0.0,0.0,
16321,27641,10946,19,0.0,-0.800000011921,0.20000000298,0.0,0.0,0.0,
16322,24010,13317,34,-0.300000011921,-0.20000000298,-0.800000011921,0.0,0.0,0.0,
16324,27665,13318,-1,0.0,0.0,0.0,0.0,0.0,0.0,
16325,27666,11584,17,-0.20000000298,0.0,0.40000000596,0.0,0.0,0.0,
16326,27667,13316,19,0.0,0.0,1.14999997616,1.57079994678,0.0,0.209439992905,
16327,27668,8482,19,0.0,0.0,0.0,0.0,0.0,0.0,
16328,26848,3197,20,1.0,0.0,0.0,0.0,0.0,0.0,
16329,27669,12738,20,1.0,0.0,0.0,0.0,0.0,0.0,
16330,27670,12698,20,1.0,0.0,0.0,0.0,0.0,0.0,
16331,27671,12739,19,1.0,0.0,0.0,0.0,0.0,0.0,
16332,26847,1174,20,1.0,0.0,0.0,0.0,0.0,0.0,
16333,27673,1175,20,1.0,0.0,0.0,0.0,0.0,0.0,
16334,27674,465,20,1.0,0.0,0.0,0.0,0.0,0.0,
16335,27675,1176,20,1.0,0.0,0.0,0.0,0.0,0.0,
16342,27680,11810,1,0.0,0.0,0.0,0.0,0.0,0.0,
16343,27681,13323,19,2.0,0.0,0.0,0.0,0.0,0.0,
16344,27682,13324,5,0.0,0.0900000035763,0.0,-1.57079994678,0.0,0.0,
16345,27683,12063,1,0.800000011921,0.10000000149,-0.15000000596,0.0,0.0,0.0,
16349,27689,11422,11,0.0299999993294,-0.0500000007451,-0.20000000298,0.0,0.0,0.0,
16350,27689,8949,11,0.0299999993294,-0.0500000007451,-0.20000000298,0.0,0.0,0.0,
16353,27688,13325,1,0.40000000596,0.0,0.0,-1.57079994678,0.0,0.0,
16354,27683,13325,1,0.40000000596,0.0,0.0,-1.57079994678,0.0,0.0,
16355,27691,3156,19,0.0,0.0,0.0,0.0,3.14159011841,0.0,
16356,27694,458,34,0.0,0.0,0.0,0.0,0.0,0.0,
16357,27694,458,34,0.10000000149,0.25,-0.5,0.0,0.0,0.0,
16358,27694,458,34,-0.10000000149,-0.300000011921,0.5,0.0,0.0,0.0,
16359,27697,12171,19,0.0,0.0,0.0,0.0,0.0,0.0,
16360,27697,12171,21,0.0,0.0,0.0,0.0,0.0,0.0,
16361,27697,12171,22,0.0,0.0,0.0,0.0,0.0,0.0,
16362,27698,13257,21,0.0,0.0,0.0,0.0,0.0,0.0,
16363,27698,13327,19,0.0,0.0,0.0,0.0,0.0,0.0,
16364,27698,13326,19,0.0,0.0,0.0,0.0,0.0,0.0,
16365,27698,13257,22,0.0,0.0,0.0,0.0,0.0,0.0,
16366,27699,12171,-1,0.0,0.0,0.0,0.0,0.0,0.0,
16368,27692,12943,-1,0.0,0.0,0.0,0.0,0.0,0.0,
16370,27701,13329,17,-0.20000000298,0.300000011921,0.20000000298,0.0,0.0,0.0,
16371,27701,13329,17,-0.20000000298,-0.300000011921,0.20000000298,0.0,0.0,0.0,
16372,27702,4058,-1,0.0,0.0,0.0,0.0,0.0,0.0,
16373,27705,12442,19,0.0,0.0,0.0,0.0,0.0,0.0,
16374,27705,13331,17,-0.10000000149,0.0,0.25,0.0,0.0,0.0,
16375,18855,8398,19,0.0,0.0,0.40000000596,0.0,0.0,0.0,
16376,27722,12242,19,0.0,0.0,0.0,0.0,0.0,0.0,
16377,27724,13337,19,0.0,0.0,0.0,0.0,0.0,0.0,
16378,27726,13338,19,0.0,0.0,0.0,0.0,0.0,0.0,
16379,27731,13069,34,0.0,0.0,0.0,0.0,0.0,0.0,
16380,27733,13340,-1,0.0,0.0,0.0,0.0,0.0,0.0,
16381,27735,349,-1,0.0,0.0,0.0,0.0,0.0,0.0,
16383,27743,9870,38,0.0,0.0,0.0,0.0,0.0,0.0,
16384,27744,4255,21,0.0,0.0,0.0,0.0,0.0,-1.57079994678,
16385,27744,4255,22,0.0,0.0,0.0,0.0,0.0,-1.57079994678,
16386,25972,13341,21,0.0,0.0,0.0,0.0,0.0,0.0,
16387,27750,9870,22,0.0,0.0,0.0,0.0,0.0,0.0,
16388,27751,4661,19,0.0,0.0,-20.0,0.0,0.0,0.0,
16389,27752,12515,-1,0.0,0.0,0.0,0.0,0.0,0.0,
16390,27753,14072,-1,1.0,0.0,0.0,0.0,0.0,0.0,
16391,27761,11,19,0.0,0.0,0.0,0.0,0.0,0.0,
16392,27761,8367,19,0.0,0.0,0.0,0.0,0.0,0.0,
16393,27764,13347,19,0.0,0.0,0.0,0.0,0.0,0.0,
16394,25435,13350,22,0.20000000298,0.0,0.20000000298,0.0,0.0,0.0,
16395,27767,13351,21,0.0,0.0,0.0,0.0,0.0,0.0,
16396,27767,13351,22,0.0,0.0,0.0,0.0,0.0,0.0,
16398,27768,13352,1,-0.10000000149,-0.0500000007451,-0.10000000149,0.0,1.57079994678,0.0,
16400,27770,13356,-1,0.0,0.0,0.0,0.0,0.0,0.0,
16401,27776,11979,34,0.0,0.0,0.0,0.0,0.0,0.0,
16402,27776,11979,34,0.0,0.0,0.0,0.0,0.0,0.0,
16403,27777,1174,19,0.0,0.0,0.0,0.0,0.0,0.0,
16404,27778,1175,19,0.0,0.0,0.0,0.0,0.0,0.0,
16405,27779,465,19,0.0,0.0,0.0,0.0,0.0,0.0,
16406,27780,1176,19,0.0,0.0,0.0,0.0,0.0,0.0,
16407,27781,3197,19,0.0,0.0,0.0,0.0,0.0,0.0,
16408,27782,12738,19,0.0,0.0,0.0,0.0,0.0,0.0,
16409,27783,12698,19,0.0,0.0,0.0,0.0,0.0,0.0,
16410,27784,12739,19,0.0,0.0,0.0,0.0,0.0,0.0,
16411,27785,10666,-1,0.0,0.0,-1.0,0.0,0.0,0.0,
16412,27785,10666,-1,0.0,0.0,-0.699999988079,1.57079994678,0.261799007654,0.0,
16413,27786,5842,34,0.0,0.0,0.0,0.0,1.57079994678,0.0,
16414,27787,13358,17,0.0,0.0,-0.20000000298,0.0,0.0,0.0,
16415,27790,13360,19,0.0,0.0,0.699999988079,0.0,-1.57079994678,0.0,
16416,27790,13361,19,-0.40000000596,0.0,1.20000004768,0.0,1.30900001526,0.0,
16417,27791,4938,-1,0.0,0.0,0.0,0.0,-1.57079994678,0.0,
16418,27792,4938,-1,0.0,0.0,0.0,0.0,-1.57079994678,0.0,
16419,27795,12216,19,1.45000004768,0.0,0.0,0.0,0.0,0.0,
16420,27796,375,19,0.0,0.0,0.0,0.0,0.0,0.0,
16421,27798,13366,19,0.0,0.0,0.0,0.0,0.0,0.0,
16422,27799,13365,-1,2.0,1.0,0.0,0.0,0.0,0.0,
16423,27800,10443,-1,2.0,1.0,-1.0,0.0,0.0,0.0,
16424,27801,7470,19,0.0,0.0,-10.0,0.0,0.0,0.0,
16425,27801,10110,20,0.0,0.0,1.0,0.0,0.0,0.0,
16426,27802,6494,20,0.0,0.0,0.0,0.0,0.0,0.0,
16428,25155,13367,34,0.0,0.0,0.0,0.0,0.0,0.0,
16429,25148,5076,34,0.0,0.0,0.0,0.0,0.0,0.0,
16430,25131,6966,34,0.0,0.0,0.0,0.0,0.0,0.0,
16431,25152,4978,34,0.0,0.0,0.0,0.0,0.0,0.0,
16432,25155,6643,34,0.0,0.0,0.0,0.0,0.0,0.0,
16434,27806,8667,19,0.0,0.0,0.25,0.0,0.0,0.0,
16436,27762,4661,19,0.0,0.0,0.00999999977648,0.0,0.0,0.0,
16437,27808,13012,47,0.0,0.0,0.5,0.0,0.0,0.0,
16438,27808,13011,48,0.0,0.0,0.5,0.0,0.0,0.0,
16439,27808,13010,6,0.0,0.0,0.5,0.0,0.0,0.0,
16440,27808,13013,5,0.0,0.0,0.5,0.0,0.0,0.0,
16444,27812,13371,-1,-0.20000000298,1.0,1.5,0.785398006439,0.0,0.0,
16445,27812,13372,-1,0.10000000149,0.75,1.60000002384,-2.44345998764,0.174532994628,0.0,
16446,27812,9975,-1,-0.600000023842,0.300000011921,3.29999995232,0.0,0.0,0.0,
16447,27812,330,-1,-0.40000000596,-0.40000000596,3.20000004768,0.0,0.0,0.0,
16448,27812,4008,-1,-0.20000000298,0.800000011921,1.10000002384,0.0,0.0,0.0,
16449,27812,4008,-1,0.20000000298,-0.800000011921,0.899999976158,0.0,0.0,0.0,
16450,27818,4856,19,0.0,0.0,15.0,0.0,0.0,0.0,
16451,27819,12235,21,0.0,0.0,0.0,0.0,0.0,0.0,
16452,27819,12235,22,0.0,0.0,0.0,0.0,0.0,0.0,
16453,27827,3383,21,0.25,0.0,0.0,0.00436299992725,4.71238994598,0.0,
16454,27836,13378,19,0.0,0.0,0.40000000596,0.0,0.0,0.0,
16455,27837,8482,19,0.0,0.0,0.0,0.0,0.0,0.0,
16456,27842,5337,21,0.0,0.0,0.0,0.0,0.0,0.0,
16457,27842,5337,22,0.0,0.0,0.0,0.0,0.0,0.0,
16458,27738,12072,19,0.0,0.0,0.0,0.0,0.0,0.0,
16459,27855,13388,22,0.10000000149,-0.34999999404,-0.0500000007451,0.0,0.0,0.0,
16460,27858,8917,1,0.0,-0.129999995232,-0.10000000149,1.39626002312,2.61799001694,-1.04719996452,
16461,27861,13387,19,0.0,0.0,-4.0,0.0,0.0,0.0,
16462,27868,3383,2,0.25,0.0,0.0,0.0,4.71238994598,0.0,
16463,27856,13390,19,0.0,0.0,0.0,0.0,0.0,0.0,
16464,26875,12994,20,0.0,0.0,0.0,0.0,0.0,0.0,
16465,27870,13391,-1,0.0,0.0,-10.0,0.0,0.0,0.0,
16466,27871,12442,34,0.15000000596,0.0,0.0,0.0,1.57079994678,0.0,
16467,27882,11865,-1,0.0,0.0,0.0,0.0,0.0,0.0,
16468,27769,13352,1,-0.10000000149,-0.0500000007451,-0.10000000149,0.0,1.57079994678,0.0,
16469,27887,3170,19,0.0,0.0,0.0,0.0,0.0,0.0,
16470,27897,11463,34,0.0,0.0,0.0,0.0,0.0,0.0,
16471,27897,12949,34,0.0,0.0,0.0,0.0,0.0,0.0,
16472,27897,12949,34,0.0,0.0,0.0,3.14159011841,0.0,0.0,
16473,27898,8315,-1,0.0,0.0,0.0,0.0,0.0,0.0,
16475,27899,4054,34,0.0,0.0,0.0,0.0,0.0,0.0,
16476,27904,10277,19,0.0,0.0,0.0,0.0,0.0,0.0,
16477,27905,12625,1,0.0,-0.019999999553,-0.0500000007451,0.0,0.0,0.0,
16478,25615,13404,20,0.0,0.0,0.0,0.0,0.0,0.0,
16479,27910,9948,19,0.0,0.0,0.0,0.0,0.0,0.0,
16480,27911,4898,-1,0.0,0.0,0.0,2.09438991547,0.0,0.0,
16481,27913,13403,1,1.0,0.0,0.0,0.0,0.0,0.0,
16484,25614,13036,34,0.0,0.0,0.0,0.0,0.0,0.0,
16485,27904,10277,19,0.0,0.0,0.0,0.0,0.0,0.0,
16486,25594,10277,19,0.0,0.0,0.0,0.0,0.0,0.0,
16487,25696,13470,19,0.0,0.0,0.0,0.0,0.0,0.0,
16488,25614,13036,34,0.0,0.0,0.0,0.0,0.0,0.0,
16489,25614,13036,34,0.0,0.0,0.0,0.0,0.0,0.0,
16490,25613,13035,34,0.0,0.0,0.0,0.0,0.0,0.0,
16491,25613,13035,34,0.0,0.0,0.0,0.0,0.0,0.0,
16492,25881,13407,34,0.0,0.0,0.0,0.0,0.0,0.0,
16493,25478,13400,19,0.0,0.0,0.0,0.0,0.0,0.0,
16495,27920,13408,34,-0.5,0.0,0.0,0.0,0.0,0.0,
16498,27920,13408,34,-0.5,0.0,0.0,0.0,0.0,0.0,
16499,27920,13408,34,-0.5,0.0,0.0,0.0,0.0,0.0,
16500,27920,13408,34,-0.5,0.0,0.0,0.0,0.0,0.0,
16501,27921,12376,19,1.0,-0.75,0.0,0.0,0.0,0.0,
16503,27923,12376,19,-1.25,-0.850000023842,0.0,0.0,0.0,0.0,
16504,27924,12376,19,1.0,0.75,0.0,0.0,0.0,0.0,
16505,27925,12376,19,-1.25,0.850000023842,0.0,0.0,0.0,0.0,
16507,27933,3167,19,0.0,0.0,-0.300000011921,0.0,0.0,0.0,
16508,27935,13415,-1,0.0,0.0,-0.5,0.0,0.0,0.0,
16509,27937,7343,-1,0.0,0.0,0.0,0.0,0.0,0.0,
16510,27937,7673,-1,-0.5,0.0,0.0,0.0,-0.349065989256,0.0,
16511,27937,7673,-1,0.5,0.0,0.0,0.0,0.349065989256,0.0,
16512,27942,13418,16,1.0,0.0,1.0,0.0,-0.785398006439,0.0,
16513,27945,12433,19,0.0,0.0,0.0,0.0,0.0,0.0,
16514,27946,12677,-1,0.0,0.0,0.0,0.0,0.0,0.0,
16520,27951,13421,34,-0.5,0.0,1.20000004768,0.0,3.14159011841,0.0,
16521,27954,12770,19,0.0,0.0,3.0,0.0,-1.57079994678,0.0,
16522,27955,12934,19,0.0,0.0,1.79999995232,0.0,1.57079994678,0.0,
16523,27957,13422,38,0.119999997318,0.20000000298,-0.25,0.0,0.0,0.0,
16524,27960,8414,-1,0.5,0.0,0.0,0.0,0.785398006439,0.0,
16525,27959,8414,-1,-1.0,0.0,0.0,0.0,0.785398006439,0.0,
16527,27963,13217,-1,0.0,0.0,0.0,0.0,0.0,0.0,
16528,27963,13217,-1,0.0,0.0,0.0,0.0,0.0,0.0,
16529,27962,11769,19,0.0,0.0,-0.75,0.0,0.0,0.0,
16530,27964,8220,34,0.10000000149,0.0,0.0,0.0,0.0,0.0,
16531,27964,4747,34,0.300000011921,0.0,0.0,0.0,-1.22172999382,0.0,
16532,27965,8676,34,0.0,0.0,0.0,0.0,0.0,0.0,
16533,27371,13428,1,0.0,0.0,0.0,0.0,0.0,0.0,
16534,27371,13428,2,0.0,0.0,0.0,0.0,0.0,0.0,
16536,27968,11941,-1,0.0,0.0,0.0,0.0,0.0,0.0,
16537,27821,13069,21,0.0,0.0,0.0,0.0,0.0,0.0,
16538,27821,13069,22,0.0,0.0,0.0,0.0,0.0,0.0,
16539,27821,13430,34,1.0,0.0,0.5,0.0,0.0,0.0,
16540,27971,460,19,0.0,0.0,0.0,0.0,0.174532994628,0.0,
16544,27973,8936,-1,0.0,0.0,0.0,0.0,0.0,0.0,
16545,27979,10775,19,4.0,0.0,0.0,0.0,0.0,0.0,
16546,27981,7673,-1,0.0,0.0,0.0,0.0,0.0,0.0,
16547,27983,13288,19,0.0,0.0,0.0,0.0,0.0,0.0,
16548,27984,1345,19,0.0,0.0,0.5,0.0,-3.14159011841,0.0,
16549,27984,6600,19,0.0,0.0,0.5,0.0,0.0,0.0,
16550,25797,13312,17,0.0,0.0,-0.40000000596,0.0,0.785398006439,0.0,
16552,27989,13435,34,0.0,0.0,0.0,0.0,0.0,0.0,
16553,27990,11088,20,0.0,0.0,3.0,0.0,-1.57079994678,0.0,
16555,27993,7731,19,0.0,0.0,-2.0,0.0,0.0,0.0,
16557,27994,13437,-1,1.29999995232,0.0,0.0,0.0,0.0,0.0,
16558,27996,4468,19,0.0,0.0,0.0,0.0,0.0,0.0,
16559,27974,13439,1,0.0,0.0,0.0,0.0,0.0,0.0,
16562,28000,12560,34,0.0,0.0,0.0,0.0,0.0,0.0,
16566,28001,8471,19,0.0,0.0,-2.0,0.0,0.0,0.0,
16567,28005,13252,-1,0.0,0.0,0.0,0.0,0.0,0.0,
16568,28007,13443,21,0.0,0.0,0.0,0.0,0.0,0.0,
16570,28010,12935,19,0.0,0.0,-0.300000011921,0.0,0.0,0.0,
16572,28012,13089,20,0.600000023842,0.15000000596,-1.14999997616,0.0,0.0,0.0,
16573,28012,13090,20,0.10000000149,0.0,-0.40000000596,0.0,0.0,0.0,
16574,28012,13087,20,0.600000023842,0.10000000149,-0.949999988079,0.0,1.57079994678,0.0,
16575,27747,13446,2,0.0,0.25,-0.25,0.0,0.0,0.0,
16576,27747,13446,1,0.0,-0.25,-0.25,0.0,0.0,0.0,
16577,28022,13331,17,-0.10000000149,0.0,0.25,0.0,0.0,0.0,
16578,28022,12442,19,0.0,0.0,0.0,0.0,0.0,0.0,
16579,26731,11837,19,1.0,-0.5,1.70000004768,0.261799007654,-0.261799007654,0.0,
16580,27994,6443,-1,1.29999995232,0.5,1.0,0.0,0.0,0.0,
16581,27994,6443,-1,1.10000002384,-0.5,1.0,0.0,0.0,0.0,
16582,27994,6443,-1,1.39999997616,0.0,1.0,0.0,0.0,0.0,
16583,27994,3367,-1,1.60000002384,0.300000011921,1.0,0.0,0.0,0.0,
16584,27994,3367,-1,1.5,-0.5,1.0,0.0,0.0,0.0,
16585,27994,12965,-1,1.10000002384,-0.800000011921,1.10000002384,0.0,0.0,-1.57079994678,
16586,27994,5546,-1,1.29999995232,0.10000000149,1.0,0.0,0.0,0.0,
16587,28028,12433,19,0.0,0.0,0.0,0.0,-1.57079994678,0.0,
16588,28030,13451,19,0.0,0.0,0.0,0.0,0.0,0.0,
16589,28030,12836,19,0.0,0.0,0.0,0.0,0.0,0.0,
16590,28032,5354,19,0.0,0.0,0.0,0.0,0.0,0.0,
16591,28032,13450,19,0.0,0.0,0.0,1.57079994678,0.0,0.0,
16592,28032,8838,19,0.0,0.0,0.0,0.785398006439,0.0,0.0,
16593,28032,5175,19,0.0,0.0,0.0,0.436331987381,0.0,0.0,
16594,28036,13454,19,0.0,0.0,0.0,0.0,0.0,0.0,
16597,28037,13453,22,0.0,0.0,0.0,0.0,0.0,0.0,
16598,28037,13453,21,0.0,0.0,0.0,0.0,0.0,0.0,
16599,25604,12246,19,0.0,4.0,-2.5,0.0,0.0,0.523599028587,
16600,25604,12246,19,0.0,-4.0,-2.5,0.0,0.0,-0.523599028587,
16601,25604,12246,19,4.0,0.0,-2.5,0.0,0.523599028587,0.0,
16602,25604,12246,19,-4.0,0.0,-2.5,0.0,-0.523599028587,0.0,
16603,28039,13337,19,0.0,0.0,0.0,0.0,0.0,0.0,
16604,27765,12442,34,0.0,0.0,0.0,0.0,-1.74532997608,0.0,
16605,27763,12443,34,0.0,0.0,0.0,0.0,-1.74532997608,0.0,
16606,28046,1662,20,0.0,0.0,0.0,0.0,0.0,0.0,
16607,28047,10967,1,0.0,0.0,0.0,1.57079994678,0.0,-1.57079994678,
16608,28048,13457,1,0.0,0.0,0.0,1.57079994678,0.0,-1.57079994678,
16609,28053,12686,1,0.0,0.0,0.0,0.0,1.57079994678,0.0,
16613,28056,9321,19,0.0,0.0,-0.600000023842,1.62316000462,0.0,0.0,
16614,28056,9321,19,0.0,0.0,-0.699999988079,0.645771980286,0.0,0.0,
16615,28056,9323,19,0.0,0.0,-0.20000000298,0.0,0.0,0.0,
16616,28056,13460,19,0.0,0.0,-1.0,0.436331987381,0.0,0.0,
16621,28056,13460,19,0.0,0.0,-0.10000000149,0.29670599103,0.0,0.0,
16622,28056,9321,19,0.0,0.0,-0.20000000298,1.93730998039,0.0,0.0,
16623,28056,10445,19,0.0,0.0,-0.300000011921,2.61799001694,0.0,0.0,
16624,28056,9321,19,0.0,0.0,-0.5,4.71238994598,0.0,0.0,
16625,28061,6528,-1,0.0,0.0,0.0,0.0,0.0,0.0,
16626,28065,6995,-1,0.0,0.0,0.0,0.0,0.0,0.0,
16627,28066,243,22,0.0,0.0,0.0,0.0,0.0,0.0,
16629,28077,8666,20,0.0,0.0,1.0,0.0,0.0,0.0,
16630,28077,8666,34,0.0,0.0,-0.5,0.0,0.0,0.0,
16631,28077,8666,34,0.0,0.0,1.5,0.0,0.0,0.0,
16632,28083,11542,38,0.0,0.0,0.0,0.0,0.0,0.0,
16633,28086,11542,22,0.0,0.0,0.0,0.0,0.0,0.0,
16634,28086,11542,21,0.0,0.0,0.0,0.0,0.0,0.0,
16635,28088,10751,34,0.0,0.0,0.0,0.0,0.0,0.0,
16636,28089,13010,6,0.0,0.0,0.0,0.0,0.0,0.0,
16637,28089,13013,5,0.0,0.0,0.0,0.0,0.0,0.0,
16638,28090,13472,16,-0.0500000007451,0.0,0.40000000596,4.71238994598,0.0,-1.30900001526,
16639,28091,4058,-1,0.0,0.0,0.0,0.0,0.0,0.0,
16640,28090,13472,16,-0.0500000007451,0.0,0.0,4.71238994598,1.39626002312,-1.30900001526,
16641,28090,13472,16,-0.0750000029802,0.0,0.0,4.71238994598,-1.43116998672,-1.30900001526,
16644,28101,13475,16,0.34999999404,0.0,0.75,3.14159011841,0.523599028587,0.0,
16645,28104,6714,19,0.0,0.0,-1.5,0.0,0.0,0.0,
16646,28104,6714,19,0.0,0.0,-1.5,2.09438991547,0.0,0.0,
16647,28104,6714,19,0.0,0.0,-1.5,4.18878984451,0.0,0.0,
16648,28105,13476,19,0.0,0.0,0.0,0.0,0.0,0.0,
16649,28107,10437,22,0.300000011921,0.0,-1.10000002384,1.57079994678,0.0,1.57079994678,
16650,28110,13480,-1,0.0,0.0,0.0,0.0,0.0,0.0,
16652,28110,13480,-1,0.0,0.0,0.0,0.0,0.0,0.0,
16653,28110,3342,34,0.0,0.0,0.0,0.0,0.0,0.0,
16654,28113,9551,19,0.0,0.0,0.0,0.0,0.0,0.0,
16656,28116,12479,-1,0.0,0.25,-0.449999988079,0.0,0.523599028587,0.0,
16657,28116,12479,-1,0.0,0.0,-0.40000000596,0.0,0.0,0.0,
16658,28116,12479,-1,0.300000011921,-0.15000000596,-0.5,0.0,-0.785398006439,0.0,
16673,28117,13487,34,0.0,0.0,0.0,0.0,0.0,0.0,
16674,28118,13485,34,-0.10000000149,0.0,-0.20000000298,0.0,0.0,0.0,
16675,28118,13485,34,-0.10000000149,0.20000000298,0.20000000298,0.0,0.0,0.0,
16676,28118,13485,16,0.10000000149,-0.15000000596,-0.34999999404,0.0,0.0,0.872664988041,
16677,28118,13485,16,-0.20000000298,0.0,0.0,0.0,0.0,0.0,
16678,28118,13485,34,-0.10000000149,0.20000000298,0.0,0.0,0.0,0.523599028587,
16679,28118,13485,8,-0.10000000149,0.0,0.0,0.0,0.0,0.0,
16680,28118,13485,7,-0.10000000149,0.0,0.0,0.0,0.0,0.0,
16681,28118,13485,4,-0.10000000149,0.0,0.0,0.0,0.0,0.0,
16682,28118,13485,3,-0.10000000149,0.0,0.0,0.0,0.0,0.0,
16683,28118,13485,33,0.0,0.0,0.15000000596,0.785398006439,0.0,0.0,
16684,28120,11285,-1,-0.25,0.0,1.0,0.0,-2.09438991547,0.0,
16687,28126,13488,-1,0.5,-2.0,1.5,0.0,0.0,1.57079994678,
16689,28124,271,19,1.0,0.0,8.5,0.0,0.0,0.0,
16690,28128,11882,-1,0.0,0.0,0.0,0.0,0.0,0.0,
16691,28129,13491,-1,0.0,0.0,0.0,0.0,0.0,0.0,
16692,28131,9870,22,0.0,0.0,0.0,0.0,0.0,0.0,
16693,28135,7779,-1,0.0,0.0,-0.25,0.0,0.0,0.0,
16694,28135,13494,-1,0.0,0.0,-0.449999988079,-0.349065989256,-0.436331987381,0.0,
16695,28135,13494,-1,0.0,0.0,-0.25,0.261799007654,0.349065989256,0.0,
16697,28136,10747,34,0.0,0.0,0.0,0.0,0.0,0.0,
16699,28134,13495,34,0.0,0.0,0.0,1.57079994678,0.0,0.0,
16700,28134,7032,34,0.0,0.0,0.0,0.0,0.0,0.0,
16701,28137,94,21,0.0,0.0,0.0,0.0,0.0,0.0,
16702,28137,94,22,0.0,0.0,0.0,0.0,0.0,0.0,
16703,28138,14728,-1,0.0,0.0,10.0,0.0,0.0,0.0,
16704,28141,13499,12,-0.0500000007451,0.0,-0.300000011921,0.0,0.0,0.0,
16705,28152,5978,-1,0.0,0.0,1.0,0.0,-1.22172999382,0.0,
16708,28155,10666,-1,0.0,0.0,-0.25,0.0,0.0,0.0,
16709,28156,7071,19,0.0,0.0,0.20000000298,1.57079994678,0.0,0.0,
16710,28155,12171,-1,0.25,0.850000023842,-0.20000000298,0.0,0.0,0.0,
16711,28155,12171,-1,-1.10000002384,0.10000000149,-0.20000000298,0.0,0.0,0.0,
16712,28155,12171,-1,0.15000000596,-0.899999976158,-0.20000000298,0.0,0.0,0.0,
16713,28160,355,19,0.0,0.0,0.0,0.0,0.0,0.0,
16714,28161,355,19,0.0,0.0,0.0,0.0,0.0,0.0,
16715,28162,11092,34,3.0,0.0,0.0,0.0,0.0,0.0,
16716,28164,13507,19,0.0,0.0,0.0,0.0,0.0,0.0,
16718,28169,11999,2,-0.10000000149,0.0,0.0,0.0,2.96706008911,0.0,
16719,28169,9332,20,0.600000023842,0.0,-0.300000011921,0.0,0.0,0.0,
16720,28170,13420,19,0.699999988079,0.0,1.16999995708,0.0,0.0,0.0,
16721,28170,13420,19,-0.699999988079,0.0,1.03999996185,0.0,0.0,0.0,
16723,28171,4156,22,0.0,0.0,0.0,0.0,0.0,0.0,
16732,28172,13512,22,0.0,0.0,0.0,0.0,-1.57079994678,0.0,
16733,28172,13512,21,0.0,0.0,0.0,0.0,-1.57079994678,0.0,
16734,28172,13512,4,0.0,0.0,0.0,0.0,-1.57079994678,0.0,
16735,28172,13512,3,0.0,0.0,0.0,0.0,-1.57079994678,0.0,
16736,28172,13512,17,-0.25,0.0,0.0,0.0,0.0,0.0,
16737,28172,6025,34,-0.20000000298,0.0,0.0,0.0,0.0,0.0,
16738,28172,13512,48,0.0,0.0,0.300000011921,0.0,3.14159011841,0.0,
16739,28172,13512,47,0.0,0.0,0.300000011921,0.0,3.14159011841,0.0,
16740,28172,13512,16,-0.20000000298,0.0,-0.300000011921,0.0,-1.57079994678,0.0,
16741,28175,13516,19,0.0,0.0,0.0,0.0,0.0,0.0,
16742,28180,6861,19,2.0,0.0,0.0,0.0,0.0,0.0,
16743,28184,13522,2,0.0,0.0,-0.300000011921,0.0,0.0,0.0,
16744,28184,13522,1,0.0,0.0,-0.300000011921,0.0,0.0,0.0,
16745,28184,13521,20,0.600000023842,0.0,0.600000023842,0.0,0.0,0.0,
16746,26686,13527,19,0.300000011921,-0.75,-0.5,0.0,0.0,0.0,
16747,26686,13212,19,0.0,0.0,0.20000000298,0.0,0.0,0.0,
16748,26686,13529,19,2.0,0.0,-0.20000000298,0.0,0.0,0.0,
16749,28190,13530,12,0.119999997318,0.0,-0.300000011921,0.0,0.0,0.0,
16750,26686,13529,19,-0.300000011921,2.0,-0.20000000298,1.57079994678,0.0,0.0,
16751,26686,13526,19,0.0,0.0,0.20000000298,0.0,0.0,0.0,
16753,26000,11260,19,0.0,0.0,0.0,0.0,0.0,0.0,
16757,28194,13533,34,0.0,0.0,0.0,0.0,0.0,0.0,
16758,26717,13273,-1,0.0,0.0,0.0,0.0,0.0,0.0,
16759,28195,13522,2,0.0,0.0,-0.300000011921,0.0,0.0,0.0,
16760,28195,13522,1,0.0,0.0,-0.300000011921,0.0,0.0,0.0,
16761,28195,13521,20,0.600000023842,0.0,0.600000023842,0.0,0.0,0.0,
16763,27949,17657,17,-0.300000011921,0.0,0.0500000007451,0.0,2.79253005981,0.0,
16764,25569,13542,34,0.0,0.0,0.0,0.0,0.0,0.0,
16765,28200,13538,28,0.300000011921,-0.10000000149,0.0,1.57079994678,0.0,1.57079994678,
16766,28200,8139,28,-0.300000011921,-0.20000000298,0.0,0.523599028587,3.14159011841,0.0,
16768,28205,4470,34,0.0,0.0,0.0,0.0,0.0,0.0,
16770,28212,13654,-1,0.0,0.0,2.5,1.57079994678,1.57079994678,0.0,
16771,28213,10523,17,0.0500000007451,0.0,0.34999999404,0.0,0.0,0.0,
16772,28216,10478,19,0.0,0.0,1.0,0.0,0.0,0.0,
16773,28220,10523,17,0.0500000007451,0.0,0.34999999404,0.0,0.0,0.0,
16774,28221,10523,17,0.0500000007451,0.0,0.34999999404,0.0,0.0,0.0,
16775,28223,13415,-1,0.0,0.0,1.0,0.0,0.0,0.0,
16776,28223,13415,-1,0.0,1.0,2.0,0.0,0.0,0.0,
16777,28223,13415,-1,1.0,-1.5,1.5,0.0,0.0,0.0,
16778,28225,10523,17,0.0500000007451,0.0,0.34999999404,0.0,0.0,0.0,
16779,28227,542,17,-0.20000000298,0.0,0.20000000298,1.57079994678,0.0,0.0,
16780,28228,13557,-1,0.0,0.0,3.0,0.0,0.0,0.0,
16781,28207,13545,19,0.0,0.0,-0.10000000149,0.0,0.0,0.0,
16782,28229,13558,6,0.20000000298,0.10000000149,-0.10000000149,0.0,0.872664988041,-1.04719996452,
16783,28230,13560,47,0.0,0.0,0.0,0.0,0.0,0.0,
16785,28230,13560,48,0.0,0.0,0.0,0.0,0.0,0.0,
16786,28232,6756,19,0.0,0.0,-4.0,0.0,0.0,0.0,
16787,28233,6756,19,0.0,0.0,-4.0,0.0,0.0,0.0,
16788,28235,13437,-1,1.29999995232,0.0,0.0,0.0,0.0,0.0,
16789,28235,6443,-1,1.29999995232,0.5,1.0,0.0,0.0,0.0,
16790,28235,6443,-1,1.10000002384,-0.5,1.0,0.0,0.0,0.0,
16791,28235,6443,-1,1.39999997616,0.0,1.0,0.0,0.0,0.0,
16792,28235,3367,-1,1.60000002384,0.300000011921,1.0,0.0,0.0,0.0,
16793,28235,3367,-1,1.5,-0.5,1.0,0.0,0.0,0.0,
16794,28235,12965,-1,1.10000002384,-0.800000011921,1.10000002384,0.0,0.0,-1.57079994678,
16795,28235,5546,-1,1.29999995232,0.10000000149,1.0,0.0,0.0,0.0,
16796,28235,13447,-1,1.29999995232,0.40000000596,1.0,0.0,0.0,0.0,
16797,28236,13881,19,0.0,0.0,-0.20000000298,0.0,0.0,0.0,
16799,28236,13881,19,0.0,0.0,0.20000000298,0.0,0.0,0.0,
16800,28236,13881,19,0.0,0.0,0.0,0.0,0.0,0.0,
16801,28238,8449,19,0.0,0.0,0.5,1.57079994678,1.57079994678,0.0,
16802,28239,14180,19,0.0,0.0,0.0,0.0,0.0,0.0,
16803,28242,8375,34,0.0,0.0,0.0,0.0,0.0,0.0,
16807,28245,12707,19,0.0,0.0,0.0,0.0,0.0,0.0,
16808,28250,6863,-1,0.0,0.0,0.0,0.0,0.0,0.0,
16809,28250,8286,-1,0.0,0.0,0.0,0.0,0.0,0.0,
16810,28251,13564,19,8.0,0.0,0.0,0.0,0.0,0.0,
16811,28253,13566,34,0.0,0.0,0.0,0.0,0.0,0.0,
16812,28255,13571,34,0.0,0.0,0.0,0.0,0.0,0.0,
16813,28257,13567,19,0.0,0.0,-100.0,0.0,0.0,0.0,
16814,28258,13568,34,1.0,-0.10000000149,0.0,0.0,0.0,0.0,
16815,28258,13569,34,0.899999976158,0.0,0.0,0.0,0.0,0.0,
16816,28261,13572,34,1.10000002384,0.15000000596,0.0,0.0,0.0,0.0,
16819,28265,4516,19,0.0,0.0,0.0,0.0,0.0,0.0,
16820,28265,74,19,0.0,0.0,0.0,0.0,0.0,0.0,
16821,28265,4131,19,0.0,0.0,0.0,0.0,0.0,0.0,
16822,28267,13575,19,0.0,0.0,0.0,0.0,0.0,0.0,
16823,23147,6368,-1,0.0,0.0,0.0,0.0,0.0,0.0,
16825,28270,13435,19,0.0,0.0,2.0,0.0,0.0,0.0,
16827,28270,11567,19,0.0,0.0,3.0,0.0,0.0,0.0,
16828,28270,12709,19,0.0,0.0,2.0,0.0,0.0,0.0,
16831,28263,13071,17,-0.25,-0.10000000149,0.15000000596,0.0,0.0,0.0,
16837,25275,9726,22,0.0,0.0,0.0,0.0,0.0,0.0,
16838,25275,12004,22,0.0,0.0,0.0,0.0,0.0,0.0,
16839,25275,735,22,0.0,0.0,0.0,0.0,0.0,0.0,
16840,28279,7417,19,0.0,0.0,-2.0,0.0,3.14159011841,0.0,
16841,28279,11300,19,0.0,0.0,-2.0,0.0,0.0,0.0,
16842,28281,13581,19,0.0,0.0,0.0,0.0,0.0,0.0,
16843,28283,8003,-1,0.0,0.0,0.0,0.0,0.0,0.0,
16844,28275,13577,19,-0.5,0.0,0.0,0.0,0.0,0.0,
16845,28285,6966,47,0.0,0.0,0.0,0.0,0.0,0.0,
16846,28285,6966,48,0.0,0.0,0.0,0.0,0.0,0.0,
16847,28285,8827,34,0.0,0.0,0.0,0.0,0.0,0.0,
16848,28299,7204,-1,0.0,0.0,0.0,0.0,0.0,0.0,
16849,28300,13585,19,-2.0,1.0,0.0,0.0,0.0,0.0,
16850,28300,13585,19,-2.0,-1.0,0.0,0.0,0.0,0.0,
16851,28300,7335,19,2.0,1.0,0.0,0.0,0.0,0.0,
16852,28300,7335,19,2.0,-1.0,0.0,0.0,0.0,0.0,
16853,23327,13586,19,0.0,0.0,0.0,0.0,0.0,0.0,
16854,28305,5107,20,0.0,0.0,-5.0,0.0,0.0,0.0,
16856,28309,13606,-1,0.0,0.0,0.0,0.0,0.0,0.0,
16857,28313,13572,1,-0.070000000298,-0.10000000149,0.0,0.0,1.57079994678,0.0,
16859,28316,12433,19,0.0,0.0,0.0,0.0,0.0,0.0,
16860,28316,12290,19,0.0,0.0,0.0,0.0,0.0,0.0,
16861,28322,9118,19,0.0,0.0,0.0,0.0,0.0,0.0,
16862,28330,7367,19,0.0,0.0,0.0,0.0,0.0,0.0,
16863,28336,11556,-1,0.0,0.0,0.0,0.0,0.0,0.0,
16864,28336,11557,-1,0.0,0.0,0.0,0.0,0.0,0.0,
16865,28336,5032,-1,0.0,0.0,0.0,0.0,0.0,0.0,
16866,28340,13132,-1,0.0,0.0,0.0,0.0,0.0,0.0,
16867,28340,13611,-1,0.0,0.0,1.5,0.0,0.0,0.0,
16868,28340,4107,-1,0.0,0.0,7.0,0.0,0.0,0.0,
16872,28351,10694,1,0.10000000149,0.0,-0.10000000149,0.0,0.0,0.0,
16874,28355,13551,15,0.5,-0.300000011921,0.0,1.57079994678,3.14159011841,1.57079994678,
16875,28366,10472,39,-1.39999997616,-0.20000000298,0.300000011921,-1.57079994678,-0.174532994628,0.0,
16876,28366,10472,39,-0.649999976158,-0.20000000298,0.0,-1.57079994678,0.174532994628,0.0,
16877,28367,10472,39,-1.39999997616,-0.20000000298,0.300000011921,-1.57079994678,0.349065989256,0.0,
16878,28367,10472,39,-0.649999976158,-0.300000011921,0.0,-1.57079994678,0.0,0.0,
16879,28366,10472,39,0.25,-0.25,-0.10000000149,-1.65805995464,0.0,0.104719996452,
16880,28371,5145,19,0.0,0.0,1.0,0.0,0.0,0.0,
16881,28372,10454,1,0.5,0.10000000149,0.0,-1.57079994678,0.0,0.0,
16882,28376,13522,2,0.0,0.0,-0.300000011921,0.0,0.0,0.0,
16883,28376,13522,1,0.0,0.0,-0.300000011921,0.0,0.0,0.0,
16884,28376,13521,20,0.600000023842,0.0,0.600000023842,0.0,0.0,0.0,
16885,28377,13881,19,-0.20000000298,4.40000009537,-0.20000000298,0.0,0.0,0.0,
16886,28377,13881,19,-0.300000011921,4.40000009537,0.300000011921,0.0,0.0,0.0,
16887,28377,13881,19,-0.10000000149,4.40000009537,0.0,0.0,0.0,0.0,
16888,28377,13881,19,-0.20000000298,4.40000009537,-0.5,0.0,0.0,0.0,
16889,28377,13881,19,-0.20000000298,4.40000009537,-0.699999988079,0.0,0.0,0.0,
16890,28377,13881,19,-0.10000000149,-4.40000009537,0.0,0.0,0.0,0.0,
16891,28377,13881,19,-0.20000000298,-4.40000009537,-0.20000000298,0.0,0.0,0.0,
16892,28377,13881,19,-0.20000000298,-4.40000009537,-0.5,0.0,0.0,0.0,
16893,28377,13881,19,-0.20000000298,-4.40000009537,-0.699999988079,0.0,0.0,0.0,
16894,28377,13881,19,-0.300000011921,-4.40000009537,0.300000011921,0.0,0.0,0.0,
16897,24165,14693,19,0.0,0.0,0.0,0.0,0.0,0.0,
16901,28384,13619,20,0.0,0.0,0.0,0.0,0.0,0.0,
16902,28387,4874,-1,0.0,0.0,0.0,0.0,0.0,0.0,
16903,28389,13621,-1,0.0,0.0,2.0,0.0,0.0,0.0,
16904,28390,13622,19,0.0,0.0,-0.25,0.0,0.0,0.0,
16905,28396,13625,-1,0.0,0.0,0.0,1.57079994678,0.0,0.0,
16907,28399,13628,2,0.0,0.10000000149,-0.800000011921,1.57079994678,0.0,0.0,
16908,28399,13628,1,0.0,0.0,-0.800000011921,1.57079994678,0.0,0.0,
16909,28398,5978,19,0.0,0.0,1.0,0.0,1.57079994678,0.0,
16910,28400,5978,19,0.0,0.0,1.0,0.0,1.57079994678,0.0,
16911,28403,13630,15,0.5,0.0,0.10000000149,1.57079994678,0.0,1.57079994678,
16912,28402,6691,19,0.0,0.0,4.0,0.0,0.0,3.66518998146,
16913,28409,9905,19,0.0,0.0,1.0,0.0,0.0,0.0,
16914,28409,6827,19,0.0,0.0,0.0,0.0,0.0,0.0,
16916,28410,13635,21,-0.10000000149,-0.119999997318,-0.300000011921,1.57079994678,1.57079994678,0.0,
16918,28412,13637,47,0.0,0.0,0.0,0.0,0.0,0.0,
16919,28413,12546,34,0.0,0.0,0.0,0.0,0.0,0.0,
16921,28412,13637,48,0.0,0.0,0.0,0.0,0.0,0.0,
16923,28416,11502,19,0.0,0.0,0.0,0.0,0.0,0.0,
16927,28423,3848,19,-0.300000011921,0.0,1.70000004768,0.0,0.0,0.0,
16928,28428,7185,19,0.0,0.0,0.0,0.0,0.0,0.0,
16929,28428,12604,19,0.0,0.0,0.0,0.0,0.0,0.0,
16930,28423,3848,19,-0.600000023842,-0.25,1.5,0.0,0.0,0.0,
16931,28423,3848,19,-0.620000004768,0.219999998808,1.60000002384,0.0,0.0,0.0,
16932,28427,13638,19,-0.699999988079,0.230000004172,1.75,0.0,0.785398006439,0.0,
16933,28427,13638,19,-0.730000019073,-0.230000004172,1.70000004768,0.0,0.785398006439,0.0,
16934,28427,13638,19,-0.300000011921,0.0,1.85000002384,0.0,0.785398006439,0.0,
16935,28430,12599,19,0.0,0.0,0.0,0.0,0.0,0.0,
16939,28417,12698,19,-0.5,0.0,2.20000004768,0.0,-0.785398006439,0.0,
16941,28432,12738,19,-0.649999976158,0.0,2.0,0.0,-0.785398006439,0.0,
16942,28433,1175,19,-0.699999988079,0.25,2.0,0.0,-1.22172999382,0.0,
16943,28434,1174,19,-0.899999976158,0.34999999404,1.79999995232,0.0,-1.22172999382,0.0,
16944,28436,465,19,-0.75,-0.25,2.0,0.0,-1.22172999382,0.0,
16945,28437,1178,19,-0.850000023842,-0.34999999404,1.79999995232,0.0,-1.22172999382,0.0,
16946,28438,8348,19,-1.0,0.0,2.20000004768,0.0,-0.785398006439,0.0,
16947,28439,12602,19,0.0,0.0,0.0,0.0,0.0,0.0,
16948,28439,13178,19,0.0,0.0,0.0,0.0,-1.57079994678,0.0,
16949,28439,12834,19,0.0,0.0,0.0,0.0,0.0,0.0,
16952,28440,13639,-1,0.0,0.0,0.0,0.0,0.0,0.0,
16954,28444,11864,-1,0.0,0.0,0.0,0.0,0.0,0.0,
16955,28444,7336,19,0.0,0.0,-1.5,0.0,0.0,0.0,
16956,28444,12240,-1,0.0,0.0,0.0,0.0,0.0,0.0,
16957,28444,13640,-1,0.0,0.0,0.0,1.57079994678,0.0,0.0,
16958,28444,13640,-1,0.0,0.0,0.0,0.785398006439,0.0,0.0,
16960,28445,13641,-1,0.0,0.0,0.300000011921,0.0,0.785398006439,0.0,
16961,28445,13641,-1,0.0,0.0,-0.300000011921,0.0,3.14159011841,0.0,
16962,28445,13641,-1,0.0,0.40000000596,0.0,0.0,0.0,1.91986000538,
16963,28445,13641,-1,0.0,-0.40000000596,0.0,0.0,0.0,-1.30900001526,
16964,28445,13641,-1,0.5,0.0,0.0,0.0,1.57079994678,0.0,
16965,28445,13641,-1,-0.5,0.0,0.0,0.0,-1.74532997608,0.0,
16966,28445,13641,-1,0.0,0.300000011921,0.20000000298,0.0,0.0,0.698131978512,
16968,28353,13629,19,0.0,0.0,0.20000000298,0.0,0.0,0.0,
16970,28456,13642,1,-0.300000011921,0.0,-0.40000000596,0.0,0.698131978512,0.0,
16971,24400,2987,19,0.0,0.0,0.0,0.0,0.0,0.0,
16973,28464,13643,34,0.0,0.0,0.0,0.0,0.0,0.0,
16974,28466,13645,19,0.0,0.0,-1.0,0.0,0.0,0.0,
16975,28467,10272,-1,0.0,0.0,0.0,0.0,0.0,0.0,
16976,28469,9894,22,0.0,0.0,0.0,0.0,0.0,0.0,
16978,28470,13646,19,0.0,0.0,-2.5,0.0,0.0,0.0,
16979,28471,9894,7,0.0,0.0,0.0,0.0,0.0,0.0,
16981,28473,7104,19,0.5,0.0,-0.119999997318,0.0,0.0,0.0,
16982,28474,13650,19,0.0,0.0,-5.0,0.0,0.0,0.0,
16983,28475,9894,4,0.0,0.0,0.0,0.0,0.0,0.0,
16986,28476,9894,16,-0.20000000298,0.0,0.5,0.0,0.0,0.0,
16990,28484,8382,19,0.0,0.0,0.0,0.0,0.0,0.0,
16991,28500,6691,19,0.0,0.0,4.0,0.0,0.0,3.66518998146,
16993,28512,13672,17,0.0,0.0,0.0,0.0,1.57079994678,0.0,
16994,28516,2423,19,0.0,0.0,1.0,0.0,-1.57079994678,0.0,
16995,28518,11522,19,0.0,0.0,0.0,0.0,0.0,0.0,
16996,28518,11522,-1,0.0,0.0,0.0,0.0,0.0,0.0,
16997,28521,13282,34,0.0,0.0,0.0,0.0,0.0,0.0,
16998,28530,12120,-1,0.0,0.0,0.0,0.0,0.0,0.0,
16999,28529,12550,17,0.0,0.0,0.0,0.0,0.174532994628,0.0,
17000,28531,13661,31,0.20000000298,0.20000000298,0.600000023842,0.0,0.0,3.14159011841,
17002,28532,13662,30,0.300000011921,-0.20000000298,0.550000011921,0.0,0.0,3.14159011841,
17003,28541,7471,-1,0.0,0.0,0.0,0.0,0.0,0.0,
17005,28548,13211,20,0.0,0.0,-1.5,0.0,0.0,0.0,
17007,28548,13666,20,0.0,0.0,-1.5,0.0,0.0,0.0,
17008,28550,13667,34,0.0,0.0,0.0,0.0,0.0,0.0,
17009,28553,12930,19,0.0,0.0,0.0,0.0,0.0,0.0,
17010,28554,12921,34,0.0,0.0,0.0,0.0,0.0,0.0,
17011,28557,12677,19,0.0,0.0,0.0,0.0,0.0,0.0,
17012,28558,12922,34,0.0,0.0,0.0,0.0,0.0,0.0,
17013,28557,12943,19,0.0,0.0,0.0,0.0,0.0,0.0,
17014,28560,13783,19,0.0,0.0,0.0,0.0,0.0,0.0,
17015,24389,13677,19,0.0,0.0,0.0,0.0,0.0,0.0,
17020,28569,12921,22,0.0,0.0,0.0,0.0,0.0,0.0,
17021,28569,12580,22,0.0,0.0,0.0,0.0,0.0,0.0,
17024,28352,13683,38,0.0,0.0,0.0,0.0,3.66518998146,0.0,
17025,28582,13687,17,0.15000000596,0.0,0.25,0.0,1.04719996452,0.0,
17026,28583,13686,19,0.0,0.0,-4.90000009537,0.0,0.0,0.0,
17027,28585,12533,19,0.0,0.0,0.0,0.0,0.0,0.0,
17028,28586,13684,19,0.0,0.0,0.0,0.0,0.0,0.0,
17029,28588,12511,-1,0.0,0.0,0.0,0.0,-1.57079994678,0.0,
17030,28590,12921,34,0.0,0.0,0.0,0.0,0.0,0.0,
17031,28596,13670,-1,0.0,0.0,0.0,0.0,0.0,0.0,
17032,28598,13270,17,-0.25,0.0,0.20000000298,0.0,-0.261799007654,0.0,
17033,28599,8969,17,-0.10000000149,0.0,0.0,1.57079994678,0.0,0.0,
17034,28600,10524,17,-0.25,0.0,0.15000000596,0.0,0.0,0.0,
17035,28601,8055,17,-0.20000000298,0.0,0.180000007153,0.0,-0.261799007654,0.0,
17036,28604,1178,-1,0.0,0.0,2.0,0.0,0.0,0.0,
17037,28606,1174,-1,0.0,0.0,2.0,0.0,0.0,0.0,
17038,28608,4983,19,0.0,0.0,0.0,0.0,0.0,0.0,
17039,28608,623,21,0.0,0.0,0.0,0.0,0.0,0.0,
17040,28608,623,22,0.0,0.0,0.0,0.0,0.0,0.0,
17041,28608,9320,20,0.0,0.0,0.0,0.0,0.0,0.0,
17042,28608,5900,19,0.0,0.0,0.0,0.0,0.0,0.0,
17045,28462,13693,-1,0.0,0.0,0.34999999404,0.0,0.0,0.0,
17046,28612,8940,-1,0.0,0.0,0.0,0.0,0.0,0.0,
17047,28612,6083,-1,0.0,0.0,0.0,0.0,0.0,0.0,
17048,28616,13693,-1,0.0,0.0,0.75,0.0,0.0,0.0,
17050,28617,12537,19,1.0,0.0,1.10000002384,0.0,0.0,0.0,
17051,28623,3672,19,0.0,0.0,0.0,0.0,0.0,0.0,
17052,28623,13695,19,0.0,0.0,0.0,0.0,0.0,0.0,
17054,28624,13577,19,0.0,0.0,0.0,0.0,0.0,0.0,
17055,28626,12320,21,0.0,0.0,0.0,0.0,0.0,0.0,
17056,28626,12320,22,0.0,0.0,0.0,0.0,0.0,0.0,
17057,28627,13700,19,0.0,0.0,0.0,0.0,0.0,0.0,
17058,28630,3672,19,0.0,0.0,0.0,0.0,0.0,0.0,
17059,28630,8841,19,0.0,0.0,0.0,0.0,0.0,0.0,
17060,28631,13704,19,0.0,0.0,0.0,0.0,0.0,0.0,
17061,28633,8842,22,0.0,0.0,0.0,0.0,0.0,0.0,
17063,28620,13703,19,-0.10000000149,0.0,0.0,0.0,0.0,0.0,
17064,28634,565,-1,0.0,0.0,0.0,0.0,0.0,0.0,
17065,28634,565,-1,0.0,0.0,0.5,0.0,0.0,0.0,
17067,28637,13711,34,-1.5,0.0,0.5,0.0,1.13445997238,0.0,
17068,28637,13709,34,-1.5,0.0,0.5,0.0,1.30900001526,0.0,
17069,28639,3672,19,0.0,0.0,0.0,0.0,0.0,0.0,
17070,28639,13712,19,0.0,0.0,0.0,0.0,0.0,0.0,
17071,28643,13713,1,0.75,0.0,0.0500000007451,0.0,0.0,0.0,
17072,28643,13714,1,0.649999976158,0.0,0.15000000596,0.0,0.0,0.0,
17073,28643,13714,1,0.649999976158,0.0,-0.0500000007451,0.0,0.0,0.0,
17074,28645,13346,1,1.0,0.0,-0.5,0.0,0.0,0.0,
17075,28646,5686,-1,0.0,0.0,0.0,0.0,0.0,0.0,
17076,28646,7449,-1,0.0,0.0,0.0,0.0,0.0,0.0,
17077,28263,13196,17,0.0,0.0,0.0,0.0,0.0,0.0,
17078,28647,12560,17,0.0,0.0,0.0,0.0,0.0,0.0,
17080,28652,10811,34,0.25,0.0,0.600000023842,0.0,0.0,0.0,
17082,28653,12943,34,0.0,0.0,0.0,0.0,1.57079994678,0.0,
17083,28655,14673,19,0.0,0.0,0.0,0.0,0.0,0.0,
17084,28653,12709,34,0.0,0.0,0.0,0.0,0.0,0.0,
17085,28656,10243,-1,0.0,0.0,0.0,0.0,0.0,0.0,
17086,28658,5919,-1,0.0,0.0,0.0,0.0,0.0,0.0,
17087,28664,7343,-1,0.0,0.0,-0.40000000596,0.0,0.0,0.0,
17088,28664,12479,-1,0.0,0.25,-0.449999988079,0.0,0.523599028587,0.0,
17089,28664,12479,-1,0.300000011921,-0.15000000596,-0.5,0.0,-0.785398006439,0.0,
17090,28664,12479,-1,0.0,0.0,-0.40000000596,0.0,0.0,0.0,
17092,28669,546,19,0.0,0.0,0.0,0.0,0.0,0.0,
17093,28670,50,20,0.0,0.0,0.0,0.0,0.0,0.0,
17095,28636,13722,19,0.0,0.0,0.0,0.0,0.0,0.0,
17096,28681,11138,19,0.0,0.0,0.0,0.0,-1.57079994678,0.0,
17097,28683,13727,19,0.0,0.0,0.0,0.0,0.0,0.0,
17098,28688,5912,-1,6.0,0.0,2.0,0.0,-0.174532994628,0.0,
17099,28692,17,19,0.10000000149,0.0,0.0,0.0,0.0,0.0,
17100,28693,17,19,0.10000000149,0.0,0.0,0.0,0.0,0.0,
17101,28694,9444,-1,0.0,0.0,0.5,0.0,0.0,0.0,
17102,28697,13522,2,0.0,0.0,-0.300000011921,0.0,0.0,0.0,
17103,28697,13521,20,0.600000023842,0.0,0.600000023842,0.0,0.0,0.0,
17104,28708,12217,-1,0.0,0.0,0.0,0.0,-1.57079994678,0.0,
17105,28710,7894,-1,1.20000004768,0.800000011921,-1.5,0.0,0.523599028587,0.0,
17106,28710,12638,-1,-1.39999997616,1.0,-0.40000000596,0.0,-0.61086499691,0.0,
17107,28710,10243,-1,-1.29999995232,-1.60000002384,-0.5,0.0,0.0,-0.523599028587,
17108,28710,12638,-1,-1.25,1.75,-0.600000023842,0.0,0.0,0.523599028587,
17109,28710,13415,-1,1.0,-1.0,-1.0,0.0,0.0,0.0,
17110,28710,12694,-1,0.0,0.0,0.0,0.0,0.0,0.0,
17111,28734,9894,2,0.0,0.0,0.0,0.0,0.0,0.0,
17112,28734,9894,22,0.0,0.0,0.0,0.0,0.0,0.0,
17113,28734,8048,19,0.5,0.0,1.5,0.0,0.0,0.0,
17114,28738,8637,22,0.0,0.0,0.0,0.0,0.0,0.0,
17115,28738,8637,21,0.0,0.0,0.0,0.0,0.0,0.0,
17116,28739,3284,19,0.0,0.0,0.0,0.0,0.0,0.0,
17117,28740,3040,-1,0.0,0.0,0.0,0.0,0.0,0.0,
17118,28743,10028,16,-0.25,-0.280000001192,0.0,0.0,0.0,1.57079994678,
17120,697,545,12,0.25,0.0,-0.300000011921,0.0,1.22172999382,0.0,
17121,25589,11864,19,0.0,0.0,0.0,0.0,0.0,0.0,
17122,25194,11954,19,0.0,0.0,13.0,0.349065989256,3.14159011841,0.0,
17123,28747,3737,-1,0.0,0.0,0.0,0.0,0.0,0.0,
17124,28747,13757,-1,0.0,0.0,0.0,0.0,0.0,0.261799007654,
17125,28747,13757,-1,0.0,0.0,0.0,0.0,0.0,-0.261799007654,
17130,28747,13757,-1,0.0,0.0,0.0,0.0,0.261799007654,0.0,
17131,28747,13757,-1,0.0,0.0,0.0,0.0,-0.261799007654,0.0,
17132,28748,7443,19,0.0,0.0,0.0,0.0,1.39626002312,0.0,
17133,28750,8935,19,0.0,0.0,0.0,0.0,0.0,0.0,
17134,28740,8937,-1,0.0,0.0,0.0,0.0,0.0,0.0,
17135,28751,9452,17,0.0,0.0,0.0,0.0,0.0,0.0,
17136,28751,287,22,0.0,0.0,0.0,0.0,0.0,0.0,
17137,28751,287,21,0.0,0.0,0.0,0.0,0.0,0.0,
17138,28752,13741,-1,0.5,0.0,2.5,0.0,0.0,0.0,
17139,27199,4213,38,0.0,0.0,0.0,0.0,0.0,0.0,
17141,28767,4498,19,2.0,0.0,2.0,0.0,0.261799007654,3.14159011841,
17142,28769,7276,22,-1.0,0.20000000298,-0.449999988079,2.96706008911,0.349065989256,0.0,
17143,23654,7414,-1,0.0,0.0,0.449999988079,0.0,0.0,0.0,
17144,25158,7414,-1,0.0,0.0,0.600000023842,0.0,0.0,0.0,
17145,28779,13724,-1,0.0,0.0,0.0,0.0,0.0,0.0,
17146,28779,12892,-1,0.0,0.0,0.0,0.0,0.0,0.0,
17147,28788,11858,15,0.0,0.0,6.0,0.0,0.0,0.0,
17148,28788,11859,15,-6.0,0.0,-1.0,3.14159011841,1.57079994678,0.0,
17149,28788,11861,15,-8.0,8.0,4.0,1.57079994678,-7.85398006439,0.0,
17150,28788,11858,15,-8.0,-8.0,4.0,-1.57079994678,7.85398006439,0.0,
17151,28788,11859,15,-3.0,2.0,3.0,0.0,0.0,0.523599028587,
17152,28788,11860,15,2.0,2.0,5.0,0.0,0.0,2.61799001694,
17153,28788,4487,19,0.0,0.0,7.0,0.0,0.0,0.0,
17154,28789,11853,15,0.0,0.0,6.0,0.0,0.0,0.0,
17155,28789,11855,15,-6.0,0.0,-1.0,3.14159011841,1.57079994678,0.0,
17156,28789,11853,15,-8.0,8.0,4.0,1.57079994678,-7.85398006439,0.0,
17157,28789,11854,15,-8.0,-8.0,4.0,-1.57079994678,7.85398006439,0.0,
17158,28789,11855,15,-3.0,2.0,3.0,0.0,0.0,0.523599028587,
17159,28789,11856,15,2.0,2.0,5.0,0.0,0.0,2.61799001694,
17160,28789,5703,19,0.0,0.0,0.0,0.0,0.0,0.0,
17164,28764,13766,2,0.0,0.0,0.0,0.785398006439,1.57079994678,0.0,
17166,28801,4072,34,-0.5,0.0,0.25,0.0,0.0,0.0,
17167,28801,13767,34,-0.5,0.0,0.25,0.0,0.0,0.0,
17168,28801,13767,34,-0.5,0.0,0.25,0.0,0.0,0.0,
17169,28806,6863,19,0.0,0.0,1.0,0.0,0.0,0.0,
17170,28811,11909,19,0.0,0.0,5.0,0.0,0.0,0.0,
17171,28822,13777,19,-2.0,-1.0,2.40000009537,0.0,0.0,0.0,
17172,28822,13777,19,-2.0,1.0,2.40000009537,0.0,0.0,0.0,
17173,28822,7970,19,-5.0,0.0,1.39999997616,0.349065989256,0.0,0.0,
17175,28822,13784,19,-6.5,-1.20000004768,1.20000004768,0.0,0.0,0.0,
17176,28822,13784,19,-2.0,-1.0,5.0,0.0,0.0,0.0,
17177,28822,13777,19,-5.0,1.0,3.79999995232,0.0,0.0,0.0,
17178,28779,4095,-1,0.0,2.0,3.0,0.0,0.0,0.0,
17179,28779,4095,-1,-2.0,-2.0,2.0,0.0,0.0,0.0,
17180,28816,5686,-1,0.0,0.0,0.0,0.0,0.0,0.0,
17182,28831,7306,-1,0.0,0.0,0.0,0.0,0.0,0.0,
17183,28834,7306,-1,0.0,0.0,0.0,0.0,0.0,0.0,
17184,28834,8415,-1,0.0,0.0,0.0,0.0,0.0,0.0,
17185,28838,6519,-1,0.0,0.0,0.5,0.0,0.0,0.0,
17186,28842,9565,19,0.0,0.0,0.0,0.0,0.0,0.0,
17187,28844,5526,19,0.0,0.0,0.0,0.0,0.0,0.0,
17188,28844,5526,19,0.0,0.0,0.0,1.57079994678,0.0,0.0,
17189,28844,5526,19,0.0,0.0,0.0,1.57079994678,0.0,1.57079994678,
17192,28845,13543,34,0.0,0.0,0.0,0.0,0.0,0.0,
17193,28850,13987,34,1.0,0.0,0.0,0.0,0.0,0.0,
17194,28852,13797,19,0.5,0.0,0.5,0.0,0.0,0.0,
17195,26841,13799,20,0.0,0.0,0.0,0.0,0.0,0.0,
17196,28855,11321,-1,0.0,0.0,0.0,0.0,0.0,0.0,
17197,28855,11321,-1,1.0,0.0,2.0,1.57079994678,0.0,0.0,
17198,28855,4953,-1,0.0,0.0,0.0,0.0,0.0,0.0,
17199,28856,13800,20,0.0,0.0,0.0,0.0,0.0,0.0,
17200,28856,4501,19,0.0,0.0,0.0,0.0,0.0,0.0,
17201,28857,13800,20,0.0,0.0,0.0,0.0,0.0,0.0,
17202,28858,13801,20,0.0,0.0,0.0,0.0,0.0,0.0,
17203,28860,13805,20,0.0,0.0,0.0,0.0,0.0,0.0,
17204,28864,13871,-1,0.0,0.0,0.0,0.0,0.0,0.0,
17206,28866,13810,19,0.0,0.5,-1.0,0.0,0.0,0.0,
17207,28866,13810,19,0.0,-0.5,1.5,0.0,0.0,3.14159011841,
17208,28868,13812,34,0.0,0.0,0.0,0.0,0.0,0.0,
17210,28872,8325,19,0.0,0.0,0.0,0.0,0.0,0.0,
17211,28874,8325,19,0.0,0.0,0.0,0.0,0.0,0.0,
17213,28880,4747,17,0.0,0.0,0.0,0.0,0.523599028587,0.0,
17215,28879,6665,15,0.15000000596,0.070000000298,0.0,0.0,0.0,0.0,
17216,28888,13828,19,0.0,0.0,0.5,0.0,-1.57079994678,0.0,
17220,28897,13836,19,0.0,0.0,0.40000000596,0.0,0.0,0.0,
17227,28907,542,17,0.0,0.0,0.0,0.0,0.0,0.0,
17228,28911,13844,53,-0.20000000298,0.25,0.0,3.14159011841,0.0,0.0,
17229,28911,13844,53,-0.20000000298,-0.25,0.0,3.14159011841,0.0,0.0,
17230,28911,13845,12,-0.300000011921,0.0,-0.699999988079,3.14159011841,-0.174532994628,0.349065989256,
17231,28912,13848,19,0.0,0.0,0.0,0.0,0.0,0.0,
17232,28913,9315,-1,0.0,0.0,0.0,0.0,0.0,0.0,
17233,28653,12602,34,0.0,0.0,0.0,0.0,1.57079994678,0.0,
17234,28914,11851,19,0.0,0.0,0.0,0.0,0.0,0.0,
17235,28915,6981,19,0.0,0.0,0.0,0.0,1.57079994678,0.0,
17236,28917,8038,34,0.0,0.0,0.0,0.0,0.0,0.0,
17237,28918,11271,1,0.20000000298,0.0,0.0,0.0,0.0,0.0,
17238,28918,11271,2,0.20000000298,0.0,0.0,0.0,0.0,0.0,
17239,28919,11271,19,0.0,0.0,0.0,0.0,0.0,0.0,
17240,28919,3153,19,0.0,0.0,0.0,0.0,0.0,0.0,
17241,28923,11731,19,0.0,0.0,0.0,0.0,0.0,0.0,
17243,28923,13865,19,0.0,0.0,0.0,0.0,0.0,0.0,
17244,28924,13853,1,-0.10000000149,0.10000000149,-0.5,3.14159011841,0.0,0.0,
17245,28924,13852,1,-0.10000000149,0.0,-0.15000000596,0.0,0.0,0.0,
17246,28925,13854,-1,8.0,0.0,0.5,0.0,-1.57079994678,0.0,
17247,28926,13854,-1,7.80000019073,0.0,0.5,0.0,-1.57079994678,0.0,
17248,28927,13854,-1,8.0,0.0,0.5,0.0,-1.57079994678,0.0,
17249,28928,4651,-1,0.0,0.0,0.34999999404,0.0,0.0,0.0,
17250,28930,12357,34,0.25,0.0,-0.899999976158,0.0,0.349065989256,0.0,
17251,28930,12357,34,0.5,0.10000000149,0.15000000596,-0.349065989256,0.261799007654,0.174532994628,
17252,28930,12357,34,0.5,0.20000000298,1.10000002384,0.785398006439,-0.122172996402,-0.122172996402,
17253,28931,12357,34,0.25,0.0,-0.899999976158,0.0,0.349065989256,0.0,
17254,28931,12357,34,0.5,0.10000000149,0.15000000596,-0.349065989256,0.261799007654,0.174532994628,
17255,28932,12357,34,0.25,0.0,-0.899999976158,0.0,0.349065989256,0.0,
17256,28932,12357,34,0.5,0.10000000149,0.15000000596,-0.349065989256,0.261799007654,0.174532994628,
17257,28932,12357,34,0.40000000596,-0.10000000149,1.10000002384,-0.349065989256,0.122172996402,-0.174532994628,
17258,28933,12357,34,0.25,0.0,-0.899999976158,0.0,0.349065989256,0.0,
17259,28933,12357,34,0.5,0.10000000149,0.15000000596,-0.349065989256,0.261799007654,0.174532994628,
17261,28937,12357,34,0.25,0.0,-0.899999976158,0.0,0.349065989256,0.0,
17262,25917,1722,-1,0.0,0.0,0.0,0.0,0.0,0.0,
17263,25917,12942,-1,0.0,0.0,0.0,0.0,0.0,0.0,
17264,28948,10279,19,0.0,0.0,0.0,0.0,0.0,0.0,
17265,28952,270,34,0.0,0.0,0.0,0.0,0.0,0.0,
17266,28959,13859,19,0.0,0.0,0.0,0.0,1.91986000538,0.0,
17267,28959,8415,19,0.0,0.0,0.0,0.0,0.0,0.0,
17268,28961,13859,19,0.0,0.0,0.0,0.0,-0.349065989256,0.523599028587,
17269,28961,8415,19,0.0,0.0,0.0,0.0,0.0,0.0,
17270,24692,6182,1,0.0,0.0,0.0,0.0,0.0,0.0,
17272,28965,9520,19,10.0,0.0,-1.0,0.0,0.0,0.0,
17275,26016,12601,34,0.0,0.0,0.0,0.0,0.0,0.0,
17276,25099,13865,19,0.0,0.0,0.0,0.0,0.0,0.0,
17277,28983,12438,19,0.0,0.0,0.0,0.0,0.0,0.0,
17279,28984,13864,21,0.10000000149,0.0,-0.10000000149,-1.57079994678,0.0,0.0,
17280,28985,13867,-1,1.75,-0.40000000596,0.0,0.0,0.0,0.0,
17282,28985,13867,-1,-1.75,0.5,0.0,0.0,0.0,0.0,
17283,28986,3913,19,0.0,2.0,0.0,0.0,0.0,0.0,
17284,28986,3913,19,0.0,-2.0,0.0,0.0,0.0,0.0,
17285,28988,13494,34,1.5,0.0,0.0,0.0,0.0,0.0,
17286,28989,11351,-1,1.25,0.0,0.0,0.0,0.0,0.0,
17287,9857,4059,20,0.0,0.0,-2.0,0.0,0.0,0.0,
17288,9857,361,19,0.0,0.0,0.0,0.0,0.0,0.0,
17289,23232,8604,19,0.0,0.0,-0.5,0.0,0.0,0.0,
17290,28993,10967,1,0.0,0.0,0.0,1.57079994678,0.0,-1.57079994678,
17291,28994,11501,1,0.0,0.0,0.0,1.57079994678,0.0,-1.57079994678,
17292,28996,11501,1,0.0,0.0,0.0,1.57079994678,0.0,-1.57079994678,
17293,28997,10967,1,0.0,0.0,0.0,1.57079994678,0.0,-1.57079994678,
17294,28998,13803,20,0.0,0.0,0.0,0.0,0.0,0.0,
17295,26049,12452,-1,0.0,0.0,0.5,0.0,0.0,0.0,
17297,29007,13877,-1,0.0,0.0,0.0,0.0,0.0,0.0,
17298,29009,13878,19,0.0,0.0,0.0,0.0,0.0,0.0,
17299,29019,12181,-1,0.0,0.0,0.0,0.0,0.0,0.0,
17304,29023,13884,34,0.0,-0.5,0.25,0.0,0.0,0.0,
17305,29023,13884,34,0.0,0.0,-0.5,0.523599028587,0.0,0.0,
17306,29023,13885,34,0.0,0.5,0.0,1.04719996452,0.0,0.0,
17307,29024,13887,1,-0.550000011921,0.0,-0.15000000596,0.0,0.0,0.0,
17308,29027,13488,-1,0.25,-2.0,1.5,0.0,0.0,1.57079994678,
17311,29045,13901,19,0.0,0.0,0.0,0.0,0.0,0.0,
17312,29047,13903,19,0.0,0.0,0.0,0.0,0.0,0.0,
17313,29049,12793,34,0.0,0.0,0.0,0.0,0.0,0.0,
17314,29049,12603,-1,0.0,0.0,5.0,0.0,0.0,0.0,
17315,29054,12793,34,0.0,0.0,0.0,0.0,0.0,0.0,
17316,29054,12603,-1,0.0,0.0,5.0,0.0,0.0,0.0,
17317,29055,12793,34,0.0,0.0,0.0,0.0,0.0,0.0,
17318,29055,12603,-1,0.0,0.0,5.0,0.0,0.0,0.0,
17319,29053,13908,19,0.0,0.0,-1.0,0.0,0.0,0.0,
17322,29070,13981,0,0.0,0.0,0.0,0.0,0.0,0.0,
17323,25411,11272,-1,0.0,0.0,0.0500000007451,0.0,0.0,0.0,
17324,29074,13801,19,0.0,0.0,2.0,0.0,0.0,0.0,
17326,29076,13922,19,0.0,0.0,1.0,0.0,0.0,0.0,
17327,29077,13803,20,0.0,0.0,0.0,0.0,0.0,0.0,
17328,29078,13923,20,0.0,0.0,0.0,0.0,0.0,0.0,
17331,29085,11831,19,0.0,0.0,0.0,0.0,0.0,0.0,
17332,29086,13928,19,0.0,0.0,-1.0,0.0,0.0,0.0,
17333,29087,13928,19,0.0,0.0,-1.5,0.0,0.0,0.0,
17335,29098,13941,-1,0.0,0.0,0.0,0.0,0.0,0.0,
17337,29098,13941,-1,-1.70000004768,0.20000000298,1.0,0.0,0.0,0.0,
17338,29098,13941,-1,1.0,0.0,0.75,0.0,0.0,0.0,
17339,29097,13940,34,0.0,0.0,0.0,0.0,0.0,0.0,
17340,29115,13628,2,0.0,0.10000000149,-0.800000011921,1.57079994678,0.0,0.0,
17341,29115,13628,1,0.0,0.0,-0.800000011921,1.57079994678,0.0,0.0,
17342,29115,13952,2,0.0,0.10000000149,-0.300000011921,0.0,0.0,0.0,
17343,29115,13952,1,0.0,0.0,-0.300000011921,0.0,0.0,0.0,
17344,29119,12198,-1,0.0,0.0,0.0,0.0,0.0,0.0,
17345,29119,11266,-1,0.0,0.0,0.0,0.0,0.0,0.0,
17346,29121,14031,17,0.0,0.0,0.0,0.0,0.0,0.0,
17348,29120,14031,34,0.0,0.0,0.0,0.0,0.0,0.0,
17349,29133,8221,-1,0.0,0.0,0.0,0.0,0.0,0.0,
17351,29145,13970,19,0.0,0.0,0.0,0.0,0.0,0.0,
17357,29129,13975,19,0.0,0.0,-1.0,0.0,0.0,0.0,
17360,29153,9631,21,0.0,0.0,0.0,0.0,0.0,0.0,
17365,29165,4982,-1,0.0,0.0,0.0,0.0,0.0,0.0,
17369,29168,14029,19,0.0,0.0,0.0,0.0,0.0,0.0,
17370,29169,10118,16,0.0,0.0,0.0,0.0,0.0,0.0,
17371,29170,13993,19,0.0,0.0,0.0,0.0,0.0,0.0,
17372,25501,13994,34,0.0,0.0,-1.0,0.0,0.0,0.0,
17373,29171,13859,19,0.0,0.0,0.0,0.0,0.523599028587,0.0,
17374,29171,8415,19,0.0,0.0,0.0,0.0,0.0,0.0,
17375,29098,13998,-1,0.0,0.0,0.0,0.0,0.0,0.0,
17376,29134,14005,19,0.0,0.0,0.0,0.0,0.0,0.0,
17378,29175,14002,19,0.0,0.0,0.5,0.0,0.0,0.0,
17379,29180,14012,-1,0.0,0.0,2.0,0.0,0.0,0.0,
17381,29181,14013,20,-0.600000023842,-0.0799999982119,-2.0,-0.436331987381,0.0,0.0,
17382,29180,14012,-1,0.0,0.0,0.0,0.0,0.0,0.0,
17383,29180,14012,-1,0.0,0.0,1.0,0.0,0.0,0.0,
17384,29182,14009,-1,0.0,0.0,0.0,0.0,0.0,0.0,
17385,29188,14014,-1,1.0,-1.0,0.0,0.0,-1.57079994678,0.0,
17388,29189,14015,-1,0.5,1.0,0.0,0.0,-1.57079994678,0.0,
17389,29188,14014,-1,-1.0,0.0,0.0,0.0,-1.57079994678,0.0,
17390,29188,14014,-1,0.5,1.0,0.0,0.0,-1.57079994678,0.0,
17391,29189,14015,-1,-1.0,0.0,0.0,0.0,-1.57079994678,0.0,
17392,29189,14015,-1,1.0,-1.0,0.0,0.0,-1.57079994678,0.0,
17397,29194,14018,-1,0.0,0.0,2.0,0.0,0.0,0.0,
17398,29199,14128,-1,0.0,0.0,0.0,0.0,0.0,0.0,
17402,29202,14025,19,0.0,0.0,-0.699999988079,0.0,0.0,0.0,
17403,29207,287,2,0.0,0.0,0.0,0.0,0.0,0.0,
17404,29207,287,1,0.0,0.0,0.0,0.0,0.0,0.0,
17405,29207,3695,19,0.0,0.0,0.25,0.0,0.0,0.0,
17406,29210,14032,-1,0.0,0.0,-0.5,0.0,0.0,0.0,
17407,29153,14035,34,1.0,-1.0,1.0,0.0,0.0,0.0,
17408,29220,7613,34,0.0,0.0,0.0,0.0,0.0,0.0,
17410,29224,13901,19,0.0,0.0,0.0,0.0,0.0,0.0,
17411,29221,3162,19,0.0,0.0,-1.5,0.0,0.0,0.0,
17412,29226,7773,34,0.0,0.0,-3.25,0.0,0.0,0.0,
17413,29226,7773,34,0.0,0.0,-3.0,1.57079994678,0.0,0.0,
17414,29226,7773,34,0.0,0.0,-2.75,3.14159011841,0.0,0.0,
17416,29226,7773,34,0.0,0.0,-3.0,4.71238994598,0.0,0.0,
17417,29103,7745,34,-0.34999999404,0.0,0.0,0.0,0.0,0.0,
17422,29232,13489,19,0.0,0.0,0.0,0.0,0.0,0.0,
17423,29233,9362,-1,0.0,0.0,0.0,0.0,0.0,0.0,
17424,29234,8874,17,0.34999999404,0.0,0.0,0.0,0.0,0.0,
17425,29236,10118,16,0.0,0.0,0.0,0.0,0.0,0.0,
17426,29236,3799,16,0.0,0.0,1.0,0.0,0.0,0.0,
17428,29240,10304,12,-0.5,0.0500000007451,-0.20000000298,0.0,-0.0872659981251,-0.174532994628,
17429,29240,12159,12,-0.5,-0.300000011921,0.34999999404,0.0523599982262,-0.0872659981251,-0.261799007654,
17430,29240,12159,12,-0.40000000596,0.10000000149,0.449999988079,0.0,-0.0872659981251,0.174532994628,
17431,29240,12159,12,-0.75,0.0,0.40000000596,0.0523599982262,-0.261799007654,0.0,
17432,29240,12159,12,-0.600000023842,-0.15000000596,0.15000000596,0.0,0.0,0.0,
17433,29240,12159,12,-0.600000023842,0.0,0.15000000596,0.0,0.0,0.523599028587,
17434,29241,10304,19,-0.550000011921,0.0,0.0,0.0,0.0,0.0,
17435,29241,12159,19,-0.5,-0.300000011921,0.550000011921,0.0523599982262,-0.0872659981251,-0.261799007654,
17436,29241,12159,19,-0.40000000596,0.10000000149,0.649999976158,0.0,-0.0872659981251,0.174532994628,
17437,29241,12159,19,-0.600000023842,0.0,0.600000023842,0.0523599982262,-0.174532994628,0.0,
17438,29241,12159,19,-0.600000023842,-0.15000000596,0.600000023842,0.0,0.0,0.0,
17439,29241,12159,19,-0.600000023842,0.0,0.34999999404,0.0,0.0,0.349065989256,
17441,29248,14601,19,0.0,0.0,0.0,0.0,0.0,0.0,
17442,29248,14602,19,0.0,0.0,0.0,0.0,0.0,0.0,
17443,29181,221,20,-0.600000023842,-0.0799999982119,-1.0,-0.436331987381,0.0,0.0,
17448,29255,14056,-1,0.800000011921,0.0,0.0,0.0,0.0,1.57079994678,
17450,29255,14056,-1,-0.800000011921,-0.800000011921,0.0,0.0,0.0,1.57079994678,
17451,29255,14056,-1,-0.800000011921,0.800000011921,0.0,0.0,0.0,1.57079994678,
17455,29257,255,20,-1.5,0.0,-1.5,0.0,0.0,0.0,
17456,29261,14049,0,0.25,0.0,-2.0,0.0,0.0,0.0,
17457,29263,14061,19,0.0,0.0,0.0,0.0,0.0,0.0,
17461,29270,14071,19,0.0,0.0,0.0,0.0,0.0,0.0,
17462,29269,13941,19,0.40000000596,0.0,0.34999999404,0.0,0.0,0.0,
17463,29278,8060,19,0.5,0.0,0.25,0.0,0.0,0.0,
17464,29283,13414,2,0.0,0.0,0.0,0.0,-1.57079994678,0.0,
17465,29283,13413,2,0.0,0.0,0.0,0.0,-1.57079994678,0.0,
17466,29290,14077,19,0.0,0.0,-0.25,0.0,0.0,0.0,
17467,29292,14078,19,0.0,0.0,0.0,0.0,0.0,0.0,
17468,29292,12401,19,0.0,0.0,0.0,0.0,0.0,0.0,
17469,29300,13021,34,0.0,0.0,0.0,0.0,0.0,0.0,
17474,29312,6129,19,0.0,0.0,0.0,0.0,0.0,0.0,
17475,29313,14082,-1,0.0,0.0,0.0,0.0,0.0,0.0,
17480,29321,13853,1,-0.10000000149,0.10000000149,-0.5,3.14159011841,0.0,0.0,
17481,29321,13852,1,-0.10000000149,0.0,-0.15000000596,0.0,0.0,0.0,
17482,29325,14087,34,0.0,0.0,-1.70000004768,0.0,0.0,0.0,
17483,29328,10386,34,0.0,0.0,0.75,3.14159011841,0.0,0.0,
17484,29329,14089,34,0.0,0.0,0.75,3.14159011841,0.0,0.0,
17485,29331,12001,34,0.5,0.0,0.0,0.0,0.0,0.0,
17489,29334,14090,-1,0.600000023842,0.800000011921,1.60000002384,0.0,0.0,0.0,
17491,29335,14090,-1,0.20000000298,0.0,1.60000002384,0.0,0.0,0.0,
17492,29336,14090,-1,-0.5,0.0,1.70000004768,0.0,0.0,0.0,
17493,29337,14090,-1,-0.600000023842,0.20000000298,0.40000000596,0.0,-0.174532994628,0.0,
17494,29338,14090,-1,-0.40000000596,0.0,1.39999997616,0.0,0.0,0.0,
17495,29339,14090,-1,-0.800000011921,0.300000011921,1.10000002384,0.0,-0.174532994628,0.0,
17496,29340,14090,-1,-0.600000023842,0.600000023842,1.20000004768,0.0,-0.174532994628,0.0,
17498,29341,14090,-1,-0.40000000596,0.600000023842,1.89999997616,0.0,0.0,0.0,
17499,29343,14092,22,0.0,0.0,0.15000000596,0.0,-0.837758004665,0.0,
17501,29347,3049,17,0.0,0.0,-0.25,0.0,0.0,0.0,
17502,29347,14095,-1,0.5,0.0,1.0,0.0,0.0,0.0,
17503,29349,12883,19,0.0,0.0,0.0,0.0,0.0,0.0,
17504,29350,12643,22,0.0,0.0,0.0,0.0,0.0,0.0,
17506,29356,14096,34,0.649999976158,0.0,-0.600000023842,1.57079994678,0.0,0.0,
17507,29361,12550,17,0.0,0.0,0.0,0.0,0.523599028587,0.0,
17509,6657,14100,19,0.0,0.0,0.0,0.0,0.0,0.0,
17512,29370,14096,34,0.550000011921,0.0,-0.300000011921,1.57079994678,0.0,0.0,
17514,29378,14122,-1,0.0,0.0,0.0,0.0,0.0,0.0,
17515,29379,14114,19,0.0,0.0,-1.0,0.0,0.0,0.0,
17516,29380,14115,19,0.0,0.0,-1.0,0.0,0.0,0.0,
17517,29382,14409,17,0.0,0.0,0.0,0.0,0.0,0.0,
17518,29383,14117,17,0.0,0.0,0.0,0.0,0.0,0.0,
17520,29387,14125,19,0.0,0.0,0.0,0.0,0.0,0.0,
17521,29393,14126,-1,0.0,0.0,0.0,0.0,0.0,0.0,
17522,29398,14130,19,0.0,0.0,-0.5,0.0,0.0,0.0,
17523,29401,14133,1,-0.5,0.0,0.0,3.14159011841,4.71238994598,0.0,
17524,21556,12137,22,0.0,0.0,0.20000000298,-1.57079994678,0.349065989256,0.0,
17525,23599,12364,1,0.34999999404,0.0,-0.649999976158,0.0,1.22172999382,0.0,
17526,29407,14139,19,0.0,0.0,-0.5,0.0,0.0,0.0,
17528,29409,14141,19,1.0,0.0,0.0,0.0,0.0,0.0,
17529,29401,11286,1,-0.5,0.0,0.0,3.14159011841,4.71238994598,0.0,
17530,29411,10118,12,0.0,0.0,0.0,0.0,0.0,0.0,
17531,29419,14145,34,0.10000000149,0.449999988079,0.449999988079,0.0,0.0,0.0,
17532,29421,14144,15,0.0,0.0,0.0,0.0,0.0,0.0,
17534,29422,13801,20,0.0,0.0,0.0,0.0,0.0,0.0,
17535,29423,6586,37,-1.0,-0.20000000298,1.04999995232,0.174532994628,0.698131978512,0.0,
17536,29425,7102,19,0.0,0.0,-2.09999990463,0.0,0.0,0.0,
17537,29429,14147,-1,0.5,0.0,0.0,1.57079994678,0.0,0.0,
17538,29429,14148,-1,0.5,0.0,0.0,1.57079994678,0.0,0.0,
17540,29435,14153,-1,0.0,0.0,0.0,0.0,0.0,0.0,
17541,29440,14155,-1,0.0,0.0,0.0,0.0,0.0,0.0,
17542,29441,6598,38,0.0,0.0,0.0,0.0,0.0,0.0,
17543,29442,8539,20,-0.20000000298,0.0,0.20000000298,0.0,0.0,0.0,
17544,29451,6863,19,0.0,0.0,3.0,0.0,0.0,0.0,
17545,29452,14161,19,0.0,0.0,0.0,0.0,0.0,0.0,
17546,29461,6863,19,0.0,0.0,1.0,0.0,0.0,0.0,
17547,29465,5526,19,0.0,0.0,0.0,0.0,0.0,0.0,
17548,29465,5526,19,0.0,0.0,0.0,1.57079994678,0.0,0.0,
17549,29465,5526,19,0.0,0.0,0.0,1.57079994678,0.0,1.57079994678,
17550,29465,5888,19,0.0,0.0,0.0,0.0,1.57079994678,0.0,
17552,29158,14170,19,0.0,0.0,0.0,0.0,0.0,0.0,
17553,22925,13346,-1,0.0,0.20000000298,0.10000000149,0.0,0.0,0.0,
17554,22925,13346,-1,0.0,-0.10000000149,0.300000011921,0.0,0.0,0.0,
17555,29469,215,19,0.0,1.25,0.0,0.0,0.0,-1.57079994678,
17556,29471,14175,19,0.0,0.0,0.10000000149,0.0,0.0,0.0,
17557,29473,94,21,0.0,0.0,0.0,0.0,0.0,0.0,
17558,29473,94,22,0.0,0.0,0.0,0.0,0.0,0.0,
17559,29480,14179,-1,0.0,0.0,0.0,0.0,0.0,0.0,
17560,29483,7300,19,0.0,0.0,0.0,0.0,0.0,0.0,
17561,29491,11298,34,0.0,0.0,0.0,-0.261799007654,0.523599028587,0.0,
17562,29491,11298,34,0.0,0.0,0.0,0.0,0.523599028587,0.0,
17563,29491,11298,34,0.0,0.0,0.0,0.261799007654,0.523599028587,0.0,
17564,29499,14187,19,0.0,0.0,0.0,0.0,0.0,0.0,
17565,29503,14191,19,0.0,0.0,-0.25,0.0,0.0,0.0,
17566,29508,14195,19,0.0,0.0,-0.25,0.0,0.0,0.0,
17567,29509,11196,34,0.0,0.0,0.0,0.0,0.0,0.0,
17568,29510,14198,19,0.0,0.0,-0.25,0.0,0.0,0.0,
17569,29511,14199,19,0.0,0.0,-0.25,0.0,0.0,0.0,
17570,29512,14200,19,0.0,0.0,-0.25,0.0,0.0,0.0,
17571,29513,14201,19,0.0,0.0,-0.25,0.0,0.0,0.0,
17572,29514,14202,19,0.0,0.0,-0.25,0.0,0.0,0.0,
17573,29515,14203,19,0.0,0.0,-0.25,0.0,0.0,0.0,
17574,29517,14204,19,0.0,0.0,-0.25,0.0,0.0,0.0,
17575,29518,287,1,0.0,0.0,0.0,0.0,0.0,0.0,
17577,29521,8860,22,0.0,0.0,0.0,0.0,0.0,0.0,
17578,28103,273,19,1.0,0.0,0.0,0.0,0.0,0.0,
17579,29522,14178,-1,0.0,0.0,0.0,0.0,0.0,0.0,
17583,29523,14206,-1,0.0,0.0,-2.0,0.0,0.0,0.0,
17585,29524,10725,20,0.0,0.0,0.0,0.785398006439,0.0,0.0,
17586,29524,14216,19,0.0,0.0,0.0,0.0,0.0,0.0,
17587,29524,14207,19,0.0,0.0,0.0,0.0,0.0,0.0,
17588,29527,8675,19,0.0,0.0,0.0,0.0,0.0,0.0,
17589,29528,8668,19,0.0,0.0,0.0,0.0,0.0,0.0,
17590,29529,8667,19,0.0,0.0,0.0,0.0,0.0,0.0,
17591,29530,8672,34,0.0,0.0,0.0,0.0,0.0,0.0,
17593,29531,14211,19,0.0,0.0,0.0,0.0,0.0,0.0,
17594,29529,8668,19,0.0,0.0,0.0,0.0,0.0,0.0,
17595,29531,14212,19,0.0,0.0,0.0,0.0,3.14159011841,0.0,
17596,29524,14216,19,0.0,0.0,0.0,0.0,3.14159011841,0.0,
17597,27709,12742,-1,0.0,0.0,3.0,0.0,0.0,0.0,
17598,29529,8667,19,0.0,0.0,0.15000000596,0.0,0.0,0.0,
17599,29529,8668,19,0.0,0.0,0.15000000596,0.0,0.0,0.0,
17600,29535,14220,-1,0.0,0.0,6.0,0.0,0.0,0.0,
17601,29536,14221,-1,0.0,0.0,6.0,0.0,0.0,0.0,
17603,29537,8723,19,0.0,0.0,0.0,0.0,3.14159011841,0.0,
17605,29538,11351,-1,1.25,0.0,0.0,0.0,0.0,0.0,
17606,29539,14224,22,-0.300000011921,0.0,0.75,0.0,0.785398006439,0.0,
17607,29539,14224,21,-0.300000011921,0.0,0.75,0.0,0.785398006439,0.0,
17608,29540,14225,-1,-0.5,-1.5,0.0,0.0,0.0,0.0,
17609,29537,14226,22,0.0,0.0,0.0,0.0,0.0,0.0,
17610,29537,14226,21,0.0,0.0,0.0,0.0,0.0,0.0,
17611,29541,14227,-1,0.699999988079,-1.70000004768,0.0,0.0,0.0,0.0,
17612,29542,14228,-1,-0.5,-2.0,0.0,0.0,0.0,0.0,
17613,29543,7063,-1,-0.449999988079,0.40000000596,0.5,3.14159011841,-0.261799007654,0.523599028587,
17614,29545,14230,-1,-0.649999976158,0.77999997139,1.45000004768,0.349065989256,0.174532994628,-1.57079994678,
17615,29545,14231,-1,0.699999988079,1.39999997616,0.899999976158,-0.349065989256,-0.157079994678,-1.57079994678,
17616,29545,14231,-1,0.0,0.800000011921,2.0,-1.57079994678,1.57079994678,0.0,
17617,29548,13522,2,0.0,0.0,-0.300000011921,0.0,0.0,0.0,
17618,29548,13522,1,0.0,0.0,-0.300000011921,0.0,0.0,0.0,
17619,29548,13521,20,0.600000023842,0.0,0.600000023842,0.0,0.0,0.0,
17620,29549,12925,19,0.0,0.0,0.300000011921,0.0,0.0,0.0,
17622,29558,12926,19,0.0,0.0,0.0,0.0,0.0,0.0,
17623,29563,3799,12,0.0,0.0,0.0,0.0,0.0,0.0,
17624,29565,14235,19,0.0,0.0,0.0,0.0,0.0,0.0,
17625,29532,11567,19,0.0,0.0,0.0,0.0,0.0,0.0,
17626,29576,11161,19,0.0,0.0,0.0,0.0,0.0,0.0,
17628,29574,11173,17,0.0,0.0,0.0,0.0,1.22172999382,0.0,
17629,29586,14238,-1,0.0,0.0,-0.5,0.0,0.0,0.0,
17630,29586,14239,-1,0.5,0.20000000298,-0.699999988079,0.0,0.349065989256,0.174532994628,
17631,29586,14239,-1,-0.300000011921,-0.40000000596,-0.699999988079,0.0,-0.174532994628,-0.436331987381,
17632,29586,14240,-1,-0.300000011921,0.40000000596,-0.600000023842,0.0,-0.174532994628,0.261799007654,
17633,29580,4756,-1,0.0,0.0,-1.0,0.0,0.0,0.0,
17634,29580,12634,-1,6.0,0.0,0.0,0.0,0.523599028587,0.0,
17635,29580,12634,-1,-6.0,0.0,0.0,0.0,-0.523599028587,0.0,
17637,29580,12634,-1,0.0,6.0,0.0,0.0,0.0,0.523599028587,
17638,29580,12634,-1,0.0,-6.0,0.0,0.0,0.0,-0.523599028587,
17639,29592,14247,34,-0.40000000596,0.600000023842,-0.699999988079,0.0,1.22172999382,0.0,
17640,29594,14247,34,-0.40000000596,0.600000023842,-0.699999988079,0.0,1.22172999382,0.0,
17641,29594,14247,34,-0.40000000596,-0.550000011921,-0.699999988079,0.0,1.22172999382,0.0,
17642,29594,14247,34,-0.649999976158,0.0,-0.5,0.349065989256,0.0,0.0,
17643,29595,14247,34,-0.300000011921,0.600000023842,-0.699999988079,0.0,1.22172999382,0.0,
17644,29595,14247,34,-0.40000000596,-0.550000011921,-0.699999988079,0.0,1.22172999382,0.0,
17645,29595,14247,34,-0.449999988079,0.600000023842,0.40000000596,0.174532994628,1.39626002312,0.0,
17646,29595,14247,34,-0.649999976158,-0.649999976158,0.40000000596,0.698131978512,1.39626002312,-0.523599028587,
17648,29595,14247,34,0.40000000596,0.10000000149,0.899999976158,1.57079994678,1.04719996452,1.57079994678,
17649,29596,14256,19,0.0,0.0,4.0,0.0,0.0,0.0,
17650,29597,14257,19,0.0,0.0,4.0,0.0,0.0,0.0,
17651,29598,14244,15,1.0,0.0,-1.0,0.0,0.0,0.0,
17652,29602,13701,19,0.0,0.0,0.0,0.0,0.0,0.0,
17653,29603,14247,34,-0.40000000596,0.600000023842,-0.699999988079,0.0,1.22172999382,0.0,
17654,29603,14247,34,-0.40000000596,-0.550000011921,-0.699999988079,0.0,1.22172999382,0.0,
17655,29604,14247,34,-0.40000000596,0.600000023842,-0.699999988079,0.0,1.22172999382,0.0,
17656,29604,14247,34,-0.40000000596,-0.550000011921,-0.699999988079,0.0,1.22172999382,0.0,
17657,29604,14247,34,-0.649999976158,0.0,-0.800000011921,0.349065989256,0.0,0.0,
17658,29604,14247,34,-0.449999988079,-0.5,0.5,0.0,0.0,1.57079994678,
17659,29605,14247,34,-0.300000011921,0.600000023842,-0.699999988079,0.0,1.22172999382,0.0,
17660,29605,14247,34,-0.40000000596,-0.550000011921,-0.699999988079,0.0,1.22172999382,0.0,
17661,29605,14247,34,-0.449999988079,0.600000023842,0.40000000596,0.174532994628,1.39626002312,0.0,
17662,29605,14247,34,-0.649999976158,-0.649999976158,0.40000000596,0.698131978512,1.39626002312,-0.523599028587,
17663,29605,14247,34,0.40000000596,0.10000000149,0.899999976158,1.57079994678,1.04719996452,1.57079994678,
17664,29605,14247,34,-0.10000000149,-0.600000023842,0.899999976158,0.0,0.0,0.349065989256,
17665,29608,4895,19,0.0,0.0,-3.0,0.0,0.0,0.0,
17666,29611,11909,19,0.0,0.0,5.0,0.0,0.0,0.0,
17667,29612,14251,1,0.5,0.10000000149,0.0,-1.57079994678,0.0,0.0,
17668,29612,14250,1,0.600000023842,0.10000000149,0.0,0.0,0.0,0.0,
17669,29630,14253,17,-0.119999997318,0.0,0.019999999553,0.0,-1.04719996452,0.0,
17671,29639,9120,15,-1.5,1.0,1.5,0.349065989256,0.0,0.523599028587,
17672,29639,9120,15,1.0,1.0,2.5,0.0,0.0,2.61799001694,
17673,29639,9120,15,-2.0,-2.0,1.0,-1.57079994678,7.85398006439,0.0,
17674,29639,9120,15,-3.0,0.0,-0.5,3.14159011841,1.57079994678,0.0,
17675,29639,13076,19,0.300000011921,0.0,1.5,0.0,0.0,0.0,
17676,29644,11110,34,0.0,0.0,1.0,0.0,0.0,0.0,
17677,29644,14261,34,0.0,0.0,1.0,0.0,0.0,0.0,
17678,29644,14262,34,0.0,0.0,1.0,0.0,0.0,0.0,
17679,29645,8545,19,0.0,0.0,1.0,0.0,0.0,0.0,
17680,29646,12397,34,0.0,0.0,0.0,0.0,0.0,0.0,
17681,29647,128,19,0.0,0.0,0.0,0.0,0.0,0.0,
17682,29648,128,19,0.0,0.0,0.0,0.0,0.0,0.0,
17683,29659,7560,-1,0.0,0.0,-9.0,0.0,0.0,0.0,
17684,29660,7560,19,0.0,0.0,0.0,0.0,0.0,0.0,
17685,29665,12793,17,0.0,0.0,0.0,0.0,0.0,0.0,
17686,29665,14075,-1,0.0,0.0,0.0,0.0,0.0,0.0,
17690,29664,14267,-1,0.0,0.0,0.0,0.0,0.0,0.0,
17691,29678,13329,19,0.0,0.10000000149,0.0,0.0,0.0,0.0,
17692,29678,13329,19,0.0,-0.10000000149,0.0,0.0,0.0,0.0,
17693,29685,13526,-1,0.0,0.0,0.0,0.0,0.0,0.0,
17694,29686,10199,-1,0.0,0.0,0.0,0.0,0.0,0.0,
17695,29694,14268,31,0.0,0.0,0.0,3.14159011841,0.0,1.57079994678,
17697,29693,11287,-1,0.0,0.0,0.0,0.0,0.0,0.0,
17698,25072,11762,19,0.0,0.0,0.0,0.0,0.0,0.0,
17699,29704,4498,20,0.34999999404,1.0,-0.15000000596,0.0,0.0,4.71238994598,
17700,29704,4498,20,0.34999999404,1.5,-0.15000000596,0.0,0.0,4.71238994598,
17701,29704,4498,20,0.34999999404,1.25,-0.15000000596,0.0,0.0,4.71238994598,
17702,29705,11963,17,-0.0500000007451,0.25,0.5,0.0,0.0,0.0,
17703,29705,11963,17,-0.0500000007451,-0.25,0.5,0.0,0.0,0.0,
17704,29705,4466,17,-0.15000000596,0.0,-0.300000011921,0.0,-0.0872659981251,0.0,
17705,29706,7946,19,0.0,0.0,0.0,0.0,0.0,0.0,
17706,29707,14281,-1,0.0,0.0,0.0,0.0,0.0,0.0,
17707,29707,12299,-1,0.0,0.0,0.0,0.0,0.0,0.0,
17708,29709,5048,38,0.0,0.0,0.0,0.0,0.0,0.0,
17709,28777,9698,19,0.0,0.0,0.0,0.0,0.0,0.0,
17710,29716,13390,34,0.0,0.0,0.0,0.0,0.0,0.0,
17711,22279,14291,-1,0.0,0.0,-1.0,0.0,0.0,0.0,
17712,26611,14292,-1,0.0,0.0,0.0,0.0,-1.57079994678,0.0,
17713,29726,74,19,0.0,0.0,0.0,0.0,0.0,0.785398006439,
17714,29726,74,19,0.0,0.0,0.0,0.0,0.0,-0.785398006439,
17715,29727,11872,-1,0.0,0.0,0.0,0.0,0.0,0.0,
17716,29728,13541,19,0.0,0.0,0.0,0.0,0.0,0.0,
17717,29728,13542,34,0.0,0.0,0.0,0.0,0.0,0.0,
17718,29634,13661,1,0.0,0.0,0.0,0.0,0.0,0.0,
17719,29634,13662,2,0.0,0.0,0.0,0.0,0.0,0.0,
17720,29729,14297,1,0.0,-0.10000000149,-0.10000000149,0.0,0.0,0.0,
17721,29731,14299,19,0.0,0.0,0.0,0.0,0.0,0.0,
17722,29729,10780,1,0.0,-0.10000000149,0.0,0.0,0.0,0.0,
17723,29734,8191,16,0.40000000596,0.20000000298,-0.25,0.0,0.174532994628,-0.785398006439,
17724,27182,11250,19,0.0,0.0,0.0,0.0,0.0,0.0,
17725,29735,14300,19,0.0,0.0,0.0,0.0,0.0,0.0,
17726,29735,10629,19,0.0,0.0,2.0,0.0,0.0,0.0,
17727,29735,7367,19,0.0,0.0,0.0,0.0,0.0,0.0,
17730,29737,14092,22,0.0,0.0,0.15000000596,0.0,-0.837758004665,0.0,
17733,29739,14302,-1,0.0,0.0,0.25,0.0,0.0,0.0,
17734,28951,14304,12,-0.300000011921,0.0,-0.449999988079,3.14159011841,0.0,0.0,
17735,29750,14305,22,-0.15000000596,-0.10000000149,0.0,0.0,1.57079994678,0.0,
17736,29752,14305,22,-0.15000000596,-0.10000000149,0.0,0.0,1.57079994678,0.0,
17737,29753,9744,34,3.0,4.0,-3.0,0.349065989256,1.57079994678,0.0,
17739,29753,14307,34,5.0,0.0,0.0,0.0,0.0,0.0,
17740,29755,9744,34,-10.0,11.0,15.0,1.57079994678,1.39626002312,0.0,
17741,29755,14307,34,-10.0,13.0,15.0,1.57079994678,0.0,0.0,
17742,29755,9744,34,-10.0,11.0,15.0,1.57079994678,0.349065989256,0.0,
17743,29756,9744,34,-10.0,-11.0,15.0,-1.57079994678,1.39626002312,0.0,
17744,29756,14307,34,-10.0,-13.0,15.0,-1.57079994678,0.0,0.0,
17745,29756,9744,34,-10.0,-11.0,15.0,-1.57079994678,0.349065989256,0.0,
17746,29757,9743,34,-15.0,0.0,20.0,3.14159011841,0.523599028587,0.0,
17747,29757,14307,34,-18.0,0.0,25.0,0.0,0.0,0.0,
17748,29753,9744,34,3.0,-4.0,-3.0,-0.349065989256,1.57079994678,0.0,
17749,29758,3640,1,0.0,0.0,0.0,0.0,0.0,0.0,
17751,29763,13342,-1,0.0,0.0,0.0,0.0,0.0,0.0,
17752,29764,9743,17,0.0,0.0,0.0,0.0,2.09438991547,0.0,
17753,29765,9744,34,3.0,-4.0,-3.0,-0.349065989256,1.57079994678,0.0,
17754,29765,9744,34,3.0,4.0,-3.0,0.349065989256,1.57079994678,0.0,
17755,29765,14307,34,5.0,0.0,0.0,0.0,0.0,0.0,
17756,29765,9744,34,-10.0,-11.0,15.0,-1.57079994678,0.349065989256,0.0,
17757,29765,9744,34,-10.0,-11.0,15.0,-1.57079994678,1.39626002312,0.0,
17758,29765,14307,34,-10.0,-13.0,15.0,-1.57079994678,0.0,0.0,
17759,29765,9744,34,-10.0,11.0,15.0,1.57079994678,0.349065989256,0.0,
17760,29765,9744,34,-10.0,11.0,15.0,1.57079994678,1.39626002312,0.0,
17761,29765,14307,34,-10.0,13.0,15.0,1.57079994678,0.0,0.0,
17762,29765,9744,34,-15.0,0.0,20.0,3.14159011841,0.523599028587,0.0,
17763,29765,14307,34,-18.0,0.0,25.0,0.0,0.0,0.0,
17764,29766,14145,34,1.0,0.0,-0.20000000298,0.0,4.71238994598,0.0,
17765,24974,14318,19,0.0,0.0,-3.0,0.0,0.0,0.0,
17767,29767,12943,19,0.0,0.0,0.0,0.0,0.0,0.0,
17768,29770,12921,34,0.0,0.0,0.0,0.0,0.0,0.0,
17769,25107,11863,19,0.0,0.0,0.0,0.0,0.0,0.0,
17770,25476,14320,19,0.0,0.0,0.0,0.0,0.0,0.0,
17771,25476,14322,19,0.0,0.0,0.0,0.0,0.0,0.0,
17772,29773,9332,20,0.600000023842,0.0,-0.300000011921,0.0,0.0,0.0,
17773,29773,11999,2,-0.10000000149,0.0,0.0,0.0,2.96706008911,0.0,
17774,29774,9332,20,0.600000023842,0.0,-0.300000011921,0.0,0.0,0.0,
17775,29774,11999,2,-0.10000000149,0.0,0.0,0.0,2.96706008911,0.0,
17776,29775,14302,-1,0.0,0.0,0.25,0.0,0.0,0.0,
17777,29776,13288,19,0.0,0.0,0.0,0.0,0.0,0.0,
17779,29778,10644,-1,0.0,0.0,0.0,0.0,0.0,0.0,
17780,29778,10014,-1,0.0,0.0,0.0,0.0,0.0,0.0,
17781,29778,10061,-1,0.0,0.0,0.0,0.0,0.0,0.0,
17782,29784,13665,-1,0.0,0.0,0.0,0.0,0.0,0.0,
17783,29784,9896,-1,0.0,0.0,0.0,0.0,0.0,0.0,
17784,29789,13445,22,0.0,0.0,0.0,0.0,0.0,0.0,
17785,29790,13098,19,0.0,0.0,0.0,0.0,0.0,0.0,
17786,29790,4059,19,0.0,0.0,0.0,0.0,0.0,0.0,
17787,29791,14324,34,0.649999976158,0.0,0.0,0.0,3.14159011841,1.39626002312,
17788,29793,14326,34,1.0,0.0,0.0,0.0,-1.57079994678,0.0,
17790,29795,14329,19,-3.59999990463,0.0,0.0,3.14159011841,0.0,0.0,
17791,29796,14328,19,0.0,0.0,0.0,0.0,0.0,0.0,
17794,29796,9619,19,0.0,0.0,0.0,0.0,0.0,0.0,
17796,29800,14330,34,-0.40000000596,0.600000023842,-0.699999988079,0.0,1.22172999382,0.0,
17797,29801,14330,34,-0.40000000596,0.600000023842,-0.699999988079,0.0,1.22172999382,0.0,
17798,29801,14330,34,-0.40000000596,-0.550000011921,-0.699999988079,0.0,1.22172999382,0.0,
17799,29802,14330,34,-0.40000000596,0.600000023842,-0.699999988079,0.0,1.22172999382,0.0,
17800,29802,14330,34,-0.40000000596,-0.550000011921,-0.699999988079,0.0,1.22172999382,0.0,
17801,29802,14330,34,-0.649999976158,0.0,-0.5,0.349065989256,0.0,0.0,
17802,29803,14330,34,-0.40000000596,0.600000023842,-0.699999988079,0.0,1.22172999382,0.0,
17803,29803,14330,34,-0.40000000596,-0.550000011921,-0.699999988079,0.0,1.22172999382,0.0,
17804,29803,14330,34,-0.649999976158,0.0,-0.800000011921,0.349065989256,0.0,0.0,
17805,29803,14330,34,-0.449999988079,-0.5,0.5,0.0,0.0,1.57079994678,
17806,29804,14330,34,-0.300000011921,0.600000023842,-0.699999988079,0.0,1.22172999382,0.0,
17807,29804,14330,34,-0.40000000596,-0.550000011921,-0.699999988079,0.0,1.22172999382,0.0,
17808,29804,14330,34,-0.449999988079,0.600000023842,0.40000000596,0.174532994628,1.39626002312,0.0,
17809,29804,14330,34,-0.649999976158,-0.649999976158,0.40000000596,0.698131978512,1.39626002312,-0.523599028587,
17810,29804,14330,34,0.40000000596,0.10000000149,0.899999976158,1.57079994678,1.04719996452,1.57079994678,
17811,29805,14330,34,-0.300000011921,0.600000023842,-0.699999988079,0.0,1.22172999382,0.0,
17812,29805,14330,34,-0.40000000596,-0.550000011921,-0.699999988079,0.0,1.22172999382,0.0,
17813,29805,14330,34,-0.449999988079,0.600000023842,0.40000000596,0.174532994628,1.39626002312,0.0,
17814,29805,14330,34,-0.649999976158,-0.649999976158,0.40000000596,0.698131978512,1.39626002312,-0.523599028587,
17815,29805,14330,34,0.40000000596,0.10000000149,0.899999976158,1.57079994678,1.04719996452,1.57079994678,
17816,29805,14330,34,-0.10000000149,-0.600000023842,0.899999976158,0.0,0.0,0.349065989256,
17817,29811,4418,38,0.0,0.10000000149,-0.0900000035763,0.0,1.57079994678,0.0,
17818,29813,3390,19,-2.75,1.5,1.25,1.57079994678,2.79253005981,0.0,
17819,29813,12364,19,-2.75,1.0,1.0,1.57079994678,1.04719996452,0.0,
17820,29814,10062,19,-2.75,1.0,1.0,0.0,1.04719996452,1.57079994678,
17821,29795,14332,19,-3.0,-1.0,0.0,3.14159011841,0.0,0.0,
17822,29815,12217,19,0.0,0.0,0.0,0.0,-1.57079994678,0.0,
17823,29795,14332,19,-2.0,1.14999997616,0.0,3.14159011841,0.0,0.0,
17824,29795,14332,19,-2.0,-1.14999997616,0.0,3.14159011841,0.0,0.0,
17825,29795,14332,19,0.0,-1.14999997616,0.0,3.14159011841,0.0,0.0,
17826,29795,14332,19,-0.800000011921,1.14999997616,0.0,3.14159011841,0.0,0.0,
17827,29818,7173,16,-0.10000000149,0.20000000298,-0.20000000298,0.0,0.0,-1.04719996452,
17828,29825,14336,1,0.0,0.0,0.0,0.0,0.0,0.0,
17829,29827,7108,-1,0.0,0.0,1.0,0.0,0.0,0.0,
17830,29829,2843,19,0.0,0.0,0.0,0.0,0.0,0.0,
17831,24923,8756,19,1.5,0.0,2.40000009537,0.0,0.0,0.0,
17832,29830,14340,34,0.0,0.0,-1.0,0.0,0.0,0.0,
17833,29831,8756,19,1.5,0.0,2.40000009537,0.0,0.0,0.0,
17834,29832,14341,-1,0.0,0.0,0.0,0.0,0.0,0.0,
17835,29832,10236,-1,0.0,0.0,0.0,0.0,0.0,0.0,
17837,24919,11062,19,0.0,0.0,0.0,0.0,0.0,0.0,
17838,29837,8756,19,1.5,0.0,2.40000009537,0.0,0.0,0.0,
17839,29839,14343,16,0.899999976158,0.0,-7.69999980927,0.0,0.0,0.0,
17840,29840,14363,19,0.0,0.0,-2.0,0.0,0.0,0.0,
17843,24725,12442,19,1.0,0.0,8.5,0.0,-1.57079994678,0.0,
17844,29846,10934,-1,0.0,0.0,0.0,0.0,0.0,0.0,
17845,29863,349,19,0.0,0.0,0.0,0.0,0.0,0.0,
17849,25589,7378,19,0.0,0.0,0.0,1.57079994678,0.0,0.0,
17850,25589,7373,19,0.0,0.0,0.0,1.57079994678,0.0,0.0,
17851,25589,7373,19,0.0,0.0,0.0,0.523599028587,0.0,0.0,
17855,29372,14110,-1,0.0,0.0,0.0,0.0,0.0,0.0,
17856,29900,10294,19,0.0,0.0,0.0,0.0,0.0,0.0,
17857,29900,10032,19,0.0,0.0,0.0,0.0,0.0,0.0,
17858,29174,14004,19,0.0,0.0,0.0,0.0,0.0,0.0,
17859,29395,14128,19,0.0,0.0,0.0,0.0,0.0,0.0,
17860,29149,13976,19,0.0,0.0,0.0,0.0,0.0,0.0,
17862,29417,14412,20,0.0,0.0,0.0,0.0,-1.57079994678,0.0,
17863,29929,14412,20,0.0,0.0,0.0,0.0,1.57079994678,0.0,
17864,29938,14890,20,0.0,0.0,0.0,0.0,0.0,0.0,
17865,29940,14015,20,0.5,0.0,0.0,0.0,0.0,0.0,
17866,29942,14421,34,1.5,0.0,0.0,0.0,0.0,0.0,
17867,29162,13991,19,0.5,0.0,-1.0,0.0,0.0,0.0,
17868,29943,14379,-1,1.0,0.0,0.5,0.0,0.0,0.0,
17870,29949,14430,-1,0.0,0.0,0.0,0.0,0.0,0.0,
17871,29954,12921,34,0.0,0.0,0.0,0.0,0.0,0.0,
17872,29955,4565,19,0.0,0.0,0.25,0.0,0.0,0.0,
17880,29961,14437,20,0.0,0.0,-1.0,0.0,0.0,0.0,
17883,29964,11570,-1,0.0,0.0,0.0,0.0,0.0,0.0,
17884,29964,10799,-1,0.0,0.0,1.0,0.0,0.0,0.0,
17885,29960,4703,1,0.0,3.0,-10.0,0.0,0.523599028587,0.0,
17886,24847,4973,-1,0.0,0.0,0.0,0.0,0.0,0.0,
17888,29973,14375,19,0.0,0.0,0.0,0.0,0.0,0.0,
17889,29975,14375,19,0.0,0.0,0.0,0.0,0.0,0.0,
17891,29993,14454,19,0.0,0.0,0.0,0.0,0.0,0.0,
17892,29994,13848,34,0.0,0.0,0.0,0.0,0.0,0.0,
17893,29999,13843,34,0.0,0.0,0.0,0.0,0.0,0.0,
17894,30026,14462,19,1.0,0.0,-1.0,0.0,0.0,0.0,
17895,30029,14464,19,0.0,0.0,0.0,0.0,0.0,0.0,
17896,28790,13167,19,0.0,0.0,0.0,0.0,0.0,0.0,
17897,28890,13805,20,0.0,0.0,0.0,0.0,0.0,0.0,
17898,30039,14474,34,0.0,0.0,0.0,0.0,0.0,0.0,
17899,29275,14476,19,0.0,0.0,0.0,0.0,0.0,0.0,
17900,29984,13987,34,1.0,0.0,0.0,0.0,0.0,0.0,
17901,30055,9250,34,0.0,0.20000000298,0.0,0.0,0.0,0.0,
17902,30055,9250,34,0.20000000298,0.20000000298,0.0,0.0,0.0,0.0,
17903,30055,9250,34,0.20000000298,0.20000000298,0.20000000298,0.0,0.0,0.0,
17904,30055,9250,34,0.0,0.20000000298,0.20000000298,0.0,0.0,0.0,
17905,30055,9250,34,0.0,0.0,0.20000000298,0.0,0.0,0.0,
17906,30055,9250,34,0.20000000298,0.0,0.20000000298,0.0,0.0,0.0,
17907,30055,9250,34,0.20000000298,0.0,0.0,0.0,0.0,0.0,
17908,30056,13178,19,0.0,0.0,0.0,0.0,-1.57079994678,0.0,
17909,30057,13973,19,0.0,0.0,0.0,0.0,0.0,0.0,
17910,28814,13770,19,0.5,0.0,-0.5,0.0,0.0,0.0,
17912,30067,14170,-1,0.0,0.0,0.5,0.0,0.0,0.0,
17913,23537,4896,22,0.0,0.0,0.0,0.0,0.0,0.0,
17914,23537,4896,21,0.0,0.0,0.0,0.0,0.0,0.0,
17915,23537,4896,19,0.0,0.0,0.0,0.0,0.0,0.0,
17916,30074,14495,34,3.0,0.0,0.0,0.0,0.0,0.0,
17918,29168,14516,19,0.0,0.0,0.0,0.0,0.0,0.0,
17919,30111,14521,19,0.0,0.0,1.0,0.0,0.0,0.0,
17920,30104,13167,19,0.0,0.0,0.0,0.0,0.0,0.0,
17921,30116,14532,19,0.0,0.0,0.0,0.0,0.0,0.0,
17922,29459,14433,20,0.5,0.0,-0.5,0.0,0.0,0.0,
17923,24305,11776,-1,0.0,0.0,1.0,0.0,0.0,0.0,
17924,30130,8672,34,0.0,0.0,-0.300000011921,0.0,0.0,0.0,
17926,30134,13873,34,0.0,0.0,0.0,0.0,0.0,0.0,
17927,28849,13805,20,0.0,0.0,0.0,0.0,0.0,0.0,
17928,30144,14155,34,0.0,0.0,0.0,0.0,0.0,0.0,
17930,30146,14555,19,0.0,0.0,-1.0,0.0,0.0,0.0,
17931,30147,14556,-1,0.0,0.0,-1.0,0.0,0.0,0.0,
17932,30143,14560,19,0.0,0.0,0.0,0.0,0.0,0.0,
17933,30149,14557,19,0.0,0.0,3.0,0.0,0.0,0.0,
17934,30159,12602,19,0.0,0.0,0.0,0.0,0.0,0.0,
17935,30159,13178,19,0.0,0.0,0.0,0.0,-1.57079994678,0.0,
17936,30159,12834,19,0.0,0.0,0.0,0.0,0.0,0.0,
17937,30163,14566,19,0.0,0.0,0.0,0.0,0.0,0.0,
17938,29120,13805,20,0.0,0.0,0.0,0.0,0.0,0.0,
17940,30176,7178,-1,0.0,0.0,0.20000000298,0.0,0.0,0.0,
17941,30176,7414,-1,0.0,0.0,0.20000000298,0.0,0.0,0.0,
17942,30186,14113,-1,1.0,0.0,0.0,0.0,0.0,0.0,
17943,29364,14103,34,0.0,0.0,0.0,0.0,0.0,0.0,
17944,30198,12979,19,0.0,0.0,0.0,0.0,0.0,0.0,
17946,30198,13429,19,0.0,0.0,0.0,0.0,0.0,0.0,
17947,30193,4829,34,0.0,0.0,0.0,0.0,0.0,0.0,
17948,30205,14594,-1,0.0,0.0,0.0,0.0,-1.57079994678,0.0,
17949,30206,14595,-1,0.0,0.0,0.0,0.0,-1.57079994678,0.0,
17950,30204,14595,-1,0.0,0.0,0.0,0.0,-1.57079994678,0.0,
17951,29237,14600,34,10.0,0.0,0.0,0.0,0.0,0.0,
17952,30211,14004,19,0.0,0.0,0.0,0.0,0.0,0.0,
17953,30216,14605,19,0.0,0.0,0.0,0.0,0.0,0.0,
17956,30239,14619,20,0.0,0.0,0.0,0.0,0.0,0.0,
17957,30248,14627,-1,1.0,0.0,0.0,0.0,0.0,0.0,
17958,30248,14628,-1,1.0,0.0,0.75,0.0,1.57079994678,0.0,
17959,30248,14630,-1,1.0,0.0,0.0,0.0,0.0,0.0,
17960,30253,14072,-1,1.0,0.0,0.0,0.0,0.0,0.0,
17961,30255,14631,34,0.0,0.0,0.0,0.0,0.0,0.0,
17963,30266,14636,-1,0.5,0.0,0.0,0.0,0.0,0.0,
17964,23006,11866,19,0.0,0.0,0.0,0.0,0.0,0.0,
17965,30274,12736,-1,0.0,0.0,0.0,0.0,0.0,0.0,
17967,30286,14654,-1,0.0,0.0,-1.0,0.0,0.0,0.0,
17968,30287,14072,-1,1.0,0.0,0.0,0.0,0.0,0.0,
17969,30300,14522,34,0.0,0.0,0.0,0.0,0.0,0.0,
17970,30301,14663,19,0.0,0.0,-0.5,0.0,0.0,0.0,
17971,30310,14669,34,0.0,0.0,-1.0,0.0,0.0,0.0,
17972,30312,14671,19,0.0,0.0,-1.0,0.0,0.0,0.0,
17973,30315,14674,19,0.0,0.0,-1.0,0.0,0.0,0.0,
17974,26978,14675,19,0.899999976158,-3.20000004768,0.0,0.0,0.0,0.0,
17975,26978,14675,19,0.899999976158,3.20000004768,0.0,0.0,0.0,0.0,
17976,30316,14676,6,0.0,0.0,0.0,0.0,0.0,0.0,
17977,30316,14677,5,0.0,0.0,0.0,0.0,0.0,0.0,
17978,30317,14678,6,0.0,0.0,0.0,0.0,0.0,0.0,
17979,30317,14679,5,0.0,0.0,0.0,0.0,0.0,0.0,
17980,30318,14680,6,0.0,0.0,0.0,0.0,0.0,0.0,
17981,30318,14681,5,0.0,0.0,0.0,0.0,0.0,0.0,
17989,30319,14682,-1,0.0,0.0,-1.0,0.0,0.0,0.0,
17990,24510,14683,-1,0.0,0.0,0.0,0.0,0.0,0.0,
17992,28309,14687,-1,-1.0,0.0,-0.5,0.0,-1.91986000538,0.0,
17995,29474,14699,34,0.0,0.0,0.0,0.0,0.0,0.0,
17996,29474,14699,34,0.0,0.0,0.0,0.0,0.0,0.0,
17997,30350,14072,-1,1.0,0.0,0.0,0.0,0.0,0.0,
17998,30354,12856,19,1.0,0.0,2.5,0.0,0.0,3.14159011841,
17999,30355,14074,-1,0.0,0.0,0.0,0.0,0.0,0.0,
18001,30364,14020,34,-0.40000000596,-0.10000000149,0.300000011921,0.0,1.91986000538,0.0,
18002,30364,14020,34,-0.40000000596,0.10000000149,0.300000011921,0.0,1.91986000538,0.0,
18003,30365,14020,34,-0.40000000596,-0.10000000149,0.300000011921,0.0,1.74532997608,0.0,
18004,30365,14020,34,-0.40000000596,0.10000000149,0.300000011921,0.0,1.74532997608,0.0,
18028,13301,1345,34,0.0,0.0,-0.300000011921,0.0,1.57079994678,0.0,
18029,30377,12737,17,0.0,0.0,0.0,0.0,0.0,0.0,
18032,30384,13805,20,0.0,0.0,0.0,0.0,0.0,0.0,
18033,30403,13347,19,0.0,0.0,0.0,0.0,0.0,0.0,
18038,30408,11441,17,-0.0500000007451,0.0,0.25,0.0,0.0,0.0,
18039,30428,4611,19,0.0,0.0,1.5,0.0,0.0,0.0,
18040,30429,13139,17,0.0,0.0,0.0,0.0,0.0,0.0,
18042,30420,14716,19,0.0,0.0,-5.0,0.0,3.14159011841,0.0,
18047,30443,14720,-1,0.0,0.0,1.0,0.0,0.0,0.0,
18048,25775,11139,17,0.20000000298,0.0,0.0,0.0,0.0,0.0,
18049,30459,14730,-1,0.0,0.0,0.0,0.0,0.0,0.0,
18051,27362,10263,1,0.0,0.0,0.0,0.0,0.0,0.0,
18053,30467,14738,34,0.0,0.0,0.0,0.0,0.0,0.0,
18054,30466,14737,34,0.0,0.0,0.0,0.0,0.0,0.0,
18055,25079,3810,34,0.0,0.0,0.0,0.0,0.0,0.0,
18056,30471,14742,22,0.0,0.0,0.0,0.0,0.0,0.0,
18057,30471,14742,21,0.0,0.0,0.0,0.0,0.0,0.0,
18058,25023,14743,-1,0.0,0.0,0.0,0.0,0.0,0.0,
18059,25023,14743,-1,0.0,0.0,0.0,0.523599028587,0.0,0.0,
18060,30474,14744,-1,0.0,0.0,-0.20000000298,0.0,0.0,0.0,
18062,30319,14747,-1,0.0,0.0,-24.0,0.0,0.0,0.0,
18063,30477,14748,34,0.0,0.0,-3.0,0.0,0.0,0.0,
18065,30477,12979,17,0.0,0.0,-2.0,0.0,0.0,0.0,
18066,30478,14745,-1,0.0,0.0,-0.10000000149,0.0,0.0,0.0,
18067,22293,4516,-1,0.0,0.0,0.0,0.0,0.0,0.0,
18068,28188,7419,34,0.0,0.0,0.0,0.0,-1.57079994678,0.0,
18069,27806,14301,19,0.0,0.0,0.0,0.0,0.0,0.0,
18070,29685,14756,19,0.0,0.0,0.0,0.0,0.0,0.0,
18071,26056,8483,19,0.0,0.0,-0.5,0.0,0.0,0.0,
18072,30483,14888,-1,0.0,0.0,0.0,0.0,0.0,0.0,
18075,30488,14748,-1,0.0,0.0,-0.5,0.0,0.0,0.0,
18076,30489,13422,38,0.119999997318,0.20000000298,-0.25,0.0,0.0,0.0,
18077,30490,14021,17,0.0,0.0,0.0,0.0,-1.04719996452,0.0,
18078,30493,14763,19,0.0,0.0,0.0,0.0,0.0,0.0,
18079,30493,14763,19,0.0,0.0,0.0,1.57079994678,0.0,0.0,
18082,30499,3318,19,0.0,0.0,0.0,0.0,0.0,0.0,
18084,30499,14766,37,0.0,0.0,0.0,0.0,0.0,0.0,
18085,30499,14765,37,0.0,0.0,0.0,0.0,0.0,0.0,
18086,30503,4059,20,0.0,0.0,-2.0,0.0,0.0,0.0,
18087,30503,361,19,0.0,0.0,0.0,0.0,0.0,0.0,
18088,30503,14207,19,0.0,0.0,0.0,0.0,0.0,0.0,
18089,27719,12745,-1,0.0,0.0,3.0,0.0,0.0,0.0,
18090,27718,14767,-1,0.0,0.0,3.0,0.0,0.0,0.0,
18092,25156,1054,34,0.0,0.0,0.0,0.0,0.0,0.0,
18093,25156,1054,19,0.0,0.0,0.0,1.57079994678,0.0,0.0,
18094,30505,6516,22,0.0,0.0,-0.300000011921,0.0,0.0,0.0,
18095,30506,14769,34,-0.20000000298,0.0,-1.0,0.0,0.0,0.0,
18096,30513,14772,47,0.0,-0.10000000149,0.0,0.0,0.0,1.57079994678,
18097,30513,14772,48,0.0,0.10000000149,0.0,0.0,0.0,-1.57079994678,
18098,30514,6946,3,0.300000011921,-0.15000000596,-0.300000011921,-0.174532994628,0.0872659981251,1.39626002312,
18099,30516,7143,-1,0.0,0.0,5.0,0.0,0.0,0.0,
18100,30517,361,19,0.300000011921,0.0,1.20000004768,0.0,1.57079994678,0.0,
18101,30518,14777,15,-0.34999999404,0.0,-0.25,0.0,0.0,0.0,
18102,30518,14778,15,-1.5,0.0,0.75,0.0,0.0,0.0,
18103,30519,6452,17,0.0,0.40000000596,0.019999999553,0.0,0.0,1.57079994678,
18105,30520,171,16,-0.25,0.0,0.0,1.57079994678,4.71238994598,0.0872659981251,
18107,30527,11384,19,0.0,0.0,0.0,0.0,0.0,3.14159011841,
18108,30529,14785,-1,0.0,0.0,-5.0,0.0,0.0,0.0,
18109,30529,14786,-1,0.0,0.0,-4.0,0.0,0.0,0.0,
18110,30529,14787,-1,0.0,0.0,0.0,0.0,0.0,0.0,
18112,30531,14788,-1,-0.40000000596,0.0,1.89999997616,0.0,-2.09438991547,0.0,
18113,30531,14789,-1,-0.550000011921,0.0,1.85000002384,0.0,1.39626002312,0.0,
18114,30532,5354,19,2.5,0.0,1.5,0.0,0.0,0.0,
18115,30533,5354,19,7.5,0.0,-0.699999988079,0.0,0.0,0.0,
18118,30536,3720,12,0.0,0.0,-0.40000000596,0.0,0.0,0.0,
18120,30537,4892,34,0.0,0.0,-2.5,0.0,0.0,0.0,
18121,30542,8442,16,-0.10000000149,0.0,-0.10000000149,0.0,0.0,0.0,
18122,30542,8442,16,-0.10000000149,0.0,-0.20000000298,0.436331987381,0.0,0.785398006439,
18123,30542,6665,16,0.0,0.0,-0.15000000596,3.14159011841,0.0,1.57079994678,
18125,30544,4507,19,0.0,0.0,0.0,0.0,0.0,0.0,
18126,30545,13396,19,0.0,0.0,0.0,0.0,0.0,0.0,
18128,30546,4507,19,0.0,0.0,0.0,0.0,0.0,0.0,
18129,30547,14766,19,0.10000000149,0.0,2.0,0.0,0.0,0.0,
18130,30549,3153,34,-0.10000000149,0.0,-1.0,0.0,3.14159011841,0.0,
18131,30549,14794,34,-0.10000000149,0.0,-1.10000002384,0.0,0.0,0.0,
18132,30549,14795,34,0.0,0.0,-1.0,0.0,2.61799001694,0.0,
18133,30551,11450,19,0.0,0.0,0.40000000596,0.0,0.0,0.0,
18134,30556,14800,-1,0.0,0.0,1.0,0.0,0.0,0.0,
18137,30558,7767,12,0.0500000007451,0.0,-0.20000000298,1.57079994678,0.0,1.57079994678,
18138,30558,7721,12,-0.070000000298,0.0,0.0799999982119,1.57079994678,0.0,0.0,
18140,30558,7719,12,-0.00999999977648,0.25,-0.129999995232,0.0,-0.785398006439,0.0,
18141,30558,7719,12,-0.00999999977648,0.230000004172,-0.330000013113,-0.261799007654,-0.837758004665,0.0,
18142,30559,8931,19,0.0,0.0,1.0,0.0,0.0,0.0,
18143,30559,6827,19,0.0,0.0,0.0,0.0,0.0,0.0,
18144,30562,14801,19,-1.39999997616,-0.25,0.300000011921,0.0,-0.174532994628,0.523599028587,
18145,30562,13697,19,0.0,0.0,0.0,0.0,0.0,0.0,
18146,30566,14803,20,-0.20000000298,0.0,-0.10000000149,0.0,-0.436331987381,0.0,
18147,30567,14804,19,0.40000000596,1.20000004768,0.0,0.0,0.0,-1.57079994678,
18148,30569,3279,19,0.0,0.0,0.0,0.0,0.0,0.0,
18149,30563,287,15,0.600000023842,0.0,-0.800000011921,0.0,0.0,0.0,
18150,30572,14806,-1,2.29999995232,0.0,-1.20000004768,0.523599028587,3.14159011841,0.349065989256,
18151,30573,5243,-1,0.0,0.0,0.0,0.0,0.0,0.0,
18152,30572,14806,-1,0.0,-1.0,0.0,1.04719996452,3.14159011841,0.349065989256,
18153,30575,287,0,1.29999995232,0.0,0.34999999404,0.0,0.0,0.0,
18154,30576,14807,-1,0.0,0.0,0.0,0.0,0.0,0.0,
18157,30578,14809,19,0.0,0.0,0.0,0.0,0.0,0.0,
18158,30579,12493,19,0.0,0.0,0.0,0.0,0.0,0.0,
18159,30579,12979,19,0.0,0.0,0.0,0.0,0.0,0.0,
18160,30580,14810,0,0.10000000149,0.0,-0.40000000596,1.57079994678,0.0,3.14159011841,
18161,30586,4611,-1,0.0,0.0,1.5,0.0,0.0,0.0,
18162,30587,13425,19,0.0,0.0,0.0,0.0,0.0,0.0,
18163,30428,11674,-1,0.0,0.0,1.5,0.0,0.0,0.0,
18164,30535,8520,-1,0.0,0.0,0.0,0.0,0.0,0.0,
18165,30585,7579,17,0.0,0.0,0.0,0.0,0.0,0.0,
18166,30591,14811,19,0.0,0.0,0.0,0.0,0.0,0.0,
18167,30592,8710,34,-0.15000000596,0.0,0.0,0.0,0.0,0.0,
18169,30594,12299,19,0.0,0.0,0.0,0.0,0.0,0.0,
18170,30594,11880,19,0.0,0.0,0.0,0.0,0.0,0.0,
18171,30598,11113,17,0.0,0.0,0.0,0.0,0.0872659981251,0.0,
18172,30599,9924,19,0.0,0.0,0.449999988079,0.0,0.0,0.0,
18173,30597,4220,19,0.0,0.0,0.0,0.0,0.0,0.0,
18174,30600,6699,-1,0.0,0.0,0.0,0.0,0.0,0.0,
18175,30601,15160,19,0.0,0.0,0.5,-1.57079994678,0.0,0.0,
18176,30601,15160,19,0.0,0.0,0.5,1.57079994678,0.0,0.0,
18177,30602,7571,19,0.0,0.0,0.0,0.0,0.0,0.0,
18178,30604,14818,19,0.0,0.0,-2.0,0.0,0.0,0.0,
18179,30605,14820,16,0.0,0.0,0.0,0.0,-1.39626002312,0.0,
18180,30606,4779,17,0.0,0.0,1.0,0.0,0.0,0.0,
18181,30606,4978,21,0.0,0.0,0.0,0.0,0.0,0.0,
18182,30607,3082,19,0.0,0.0,0.0,0.0,0.0,0.0,
18183,30577,14823,19,0.0,0.0,-1.75,0.0,0.0,0.0,
18188,30618,5254,-1,0.0,0.0,0.0,0.0,0.0,0.0,
18189,30618,9315,-1,0.0,0.0,3.0,0.0,0.0,0.0,
18190,30618,7033,-1,0.0,0.0,0.0,0.0,0.0,0.0,
18191,30617,5114,1,0.5,0.0,0.0,0.0,0.0,0.0,
18192,30619,12547,19,0.0,0.0,0.0,0.0,0.0,0.0,
18193,30619,13820,34,1.0,0.0,0.0,0.0,0.0,0.0,
18196,30619,14826,34,1.0,0.0,0.0,0.0,0.0,0.0,
18197,30619,14826,34,1.0,0.0,0.0,0.785398006439,0.0,0.0,
18198,30621,11674,-1,0.0,0.0,0.0,0.0,0.0,0.0,
18199,30622,12152,-1,0.0,0.0,0.20000000298,0.0,0.0,0.0,
18201,30622,7199,-1,0.0,0.0,0.0,0.0,0.0,0.0,
18202,30623,12979,-1,0.0,0.0,-1.0,0.0,0.0,0.0,
18203,30625,14812,-1,0.0,0.0,1.89999997616,1.57079994678,3.14159011841,0.0,
18204,30627,6134,-1,0.5,0.0,1.0,0.0,0.0,0.0,
18205,30628,14833,19,1.10000002384,-0.10000000149,1.0,0.0,-1.57079994678,0.0,
18206,30639,14855,19,0.0,0.0,1.25,0.0,0.0,0.0,
18207,30640,337,20,-1.0,0.0,0.5,0.0,0.0,0.0,
18208,30643,4447,-1,0.0,0.0,0.0,0.0,0.0,0.0,
18209,30647,6547,17,-0.300000011921,0.0,-1.95000004768,0.0,0.0,0.0,
18210,30647,13420,34,-0.0500000007451,0.0,0.0,0.0,-1.57079994678,0.0,
18211,30647,5950,12,0.40000000596,0.0,-1.29999995232,0.0,0.0,0.0,
18212,30642,14834,20,0.0,0.0,0.20000000298,0.0,0.0,0.0,
18213,30650,9163,19,0.0,0.0,1.0,0.0,0.0,0.0,
18214,30651,3620,19,0.0,0.0,1.0,0.0,0.0,0.0,
18215,30652,9438,19,0.0,0.0,-6.0,0.0,0.0,0.0,
18216,30655,14838,34,0.0,0.0,0.0,0.0,0.0,0.0,
18217,30660,14837,1,0.0,0.0,0.0,0.0,0.0,0.0,
18218,30661,7245,1,1.0,0.0,0.0,0.0,0.0,0.0,
18219,30665,14839,1,0.75,0.0,0.0,0.0,0.0,0.0,
18220,30667,14839,34,0.0,0.0,0.0,0.0,0.0,0.0,
18221,30668,7034,40,0.40000000596,0.0,-0.20000000298,0.0,0.0,0.0,
18222,30668,7034,39,0.40000000596,0.0,-0.20000000298,0.0,0.0,0.0,
18223,30671,14294,34,-1.79999995232,0.0,0.0,0.0,1.57079994678,0.0,
18224,30672,14842,19,6.0,0.0,0.0,0.0,0.0,0.0,
18225,30673,5842,17,0.5,0.0,0.0,-0.174532994628,0.0,0.0,
18227,30673,5842,17,0.5,0.0,0.0,0.174532994628,0.0,0.0,
18229,30676,8898,-1,0.0,0.0,0.0,0.0,0.0,0.0,
18230,30681,6816,16,-0.25,0.0,-0.5,0.0,0.0,0.0,
18231,30687,6357,19,14.5,0.0,1.0,0.0,-1.57079994678,0.0,
18232,30690,3184,20,0.0,0.0,0.800000011921,0.0,0.0,0.0,
18233,30693,14848,16,0.0,0.0,0.0,1.57079994678,4.71238994598,0.0,
18234,30693,14849,34,0.5,0.0,0.20000000298,0.0,3.14159011841,0.0,
18235,30693,7333,34,0.5,0.0,0.5,0.0,0.0,0.0,
18236,30684,14852,-1,0.0,0.0,0.0,0.0,0.0,0.0,
18237,30696,6338,19,0.0,0.0,7.0,0.0,0.0,0.0,
18238,30697,5918,17,0.0,0.0,0.0,0.0,0.0,0.0,
18240,30699,14856,34,0.0,0.0,0.0,0.0,0.0,0.0,
18241,30700,11872,19,0.0,0.0,0.0,0.0,0.0,0.0,
18242,30703,3847,19,0.0,0.0,-1.0,0.0,0.0,3.14159011841,
18243,30703,14860,19,0.0,0.0,1.79999995232,0.0,0.0,0.0,
18244,30704,14858,19,0.0,0.0,-0.20000000298,0.0,0.0,0.0,
18245,30710,10360,19,0.0,0.0,1.79999995232,0.0,0.0,0.0,
18246,30712,7857,19,0.0,0.0,0.5,0.0,0.0,0.0,
18247,30712,8048,19,0.0,0.0,0.5,0.0,0.0,0.0,
18248,30714,14332,19,-3.5,0.0,0.10000000149,3.14159011841,-0.00174500001594,0.0,
18249,30714,14332,19,-3.5,-0.20000000298,0.10000000149,3.7524600029,-0.00174500001594,0.0,
18250,30714,14332,19,-3.5,0.20000000298,0.10000000149,2.3561899662,-0.00174500001594,0.0,
18254,30678,14861,21,0.0,0.0,-0.25,0.0,0.0,0.0,
18255,30716,15176,19,0.0,0.0,1.0,0.0,3.14159011841,0.0872659981251,
18256,30724,14913,19,0.0,0.0,-7.0,0.0,0.0,0.0,
18258,30726,8874,1,0.75,0.0,0.10000000149,0.174532994628,0.0,0.0,
18259,30726,8874,1,0.75,0.0,0.10000000149,-0.174532994628,0.0,0.0,
18260,30728,9029,17,0.0,0.0,0.0,0.0,1.57079994678,1.57079994678,
18261,30729,13645,19,0.0,0.0,-1.0,0.0,0.0,0.0,
18263,30729,6718,19,0.0,0.0,0.0,0.0,0.0,0.0,
18264,30730,6717,19,0.0,0.0,0.5,0.0,0.0,0.0,
18265,21539,14791,-1,0.0,0.0,0.0,0.523599028587,0.0,0.0,
18266,21539,14791,-1,0.0,0.0,0.0,-0.523599028587,0.0,0.0,
18267,30734,8520,-1,0.0,0.0,0.0,0.0,0.0,0.0,
18269,30734,8520,-1,0.0,0.0,0.25,0.0,0.0,0.0,
18272,30734,13652,-1,2.0,2.0,0.0,0.0,0.0,0.0,
18273,30734,13652,-1,-2.0,-2.0,0.0,0.0,0.0,0.0,
18275,30734,6680,-1,0.0,0.0,0.0,0.0,0.0,0.0,
18276,30734,13652,-1,0.0,0.0,0.0,0.0,0.0,0.0,
18277,30734,13652,-1,-2.0,2.0,0.0,0.0,0.0,0.0,
18278,30734,13652,-1,2.0,-2.0,0.0,0.0,0.0,0.0,
18279,30747,7275,22,-1.25,0.0,0.280000001192,3.14159011841,-0.174532994628,0.0,
18280,30748,13179,34,0.0,0.0,0.0,0.0,0.0,0.0,
18281,30748,4993,19,0.0,0.0,0.0,0.0,0.0,0.0,
18282,30749,3082,34,0.0,0.0,0.0,0.0,0.0,0.0,
18283,30750,13095,20,0.899999976158,0.0,-0.600000023842,0.0,0.0,0.0,
18286,30750,13095,20,0.20000000298,0.5,-1.10000002384,0.0,0.0,0.0,
18287,30750,13095,20,0.300000011921,-0.550000011921,-0.899999976158,0.0,0.0,0.0,
18291,30761,9029,17,0.0,0.0,0.0,0.0,1.57079994678,1.57079994678,
18295,30772,7556,34,0.0,0.600000023842,-0.25,1.74532997608,-0.349065989256,0.523599028587,
18296,30771,11776,-1,0.0,0.0,0.0,-0.209439992905,0.0,0.0,
18297,30771,11776,-1,0.0,0.0,0.0,0.209439992905,0.0,0.0,
18298,28676,14334,19,0.0,0.0,1.0,0.0,0.0,0.0,
18299,30774,7556,34,0.0,0.600000023842,-0.25,1.74532997608,-0.349065989256,0.523599028587,
18300,30774,7556,34,0.0,0.649999976158,-0.20000000298,1.74532997608,-0.349065989256,0.523599028587,
18301,30775,7556,34,0.0,0.600000023842,-0.25,1.74532997608,-0.349065989256,0.523599028587,
18302,30775,7556,34,0.0,0.649999976158,-0.20000000298,1.74532997608,-0.349065989256,0.523599028587,
18303,30775,7556,34,0.0,-0.5,-0.300000011921,1.74532997608,0.261799007654,0.523599028587,
18304,30776,7556,34,0.0,0.600000023842,-0.25,1.74532997608,-0.349065989256,0.523599028587,
18305,30776,7556,34,0.0,0.649999976158,-0.20000000298,1.74532997608,-0.349065989256,0.523599028587,
18306,30776,7556,34,0.0,-0.5,-0.300000011921,1.74532997608,0.261799007654,0.523599028587,
18307,30776,7556,34,0.0,-0.449999988079,-0.25,1.74532997608,0.261799007654,0.523599028587,
18308,30777,7556,34,0.0,0.600000023842,-0.25,1.74532997608,-0.349065989256,0.523599028587,
18309,30777,7556,34,0.0,0.649999976158,-0.219999998808,1.74532997608,-0.349065989256,0.523599028587,
18310,30777,7556,34,0.0,-0.5,-0.300000011921,1.74532997608,0.261799007654,0.523599028587,
18311,30777,7556,34,0.0,-0.449999988079,-0.25,1.74532997608,0.261799007654,0.523599028587,
18312,30777,7556,34,0.15000000596,0.10000000149,0.230000004172,0.0,0.959931015968,0.0,
18313,30778,4059,19,0.0,0.0,0.0,0.0,0.0,0.0,
18314,30778,361,19,0.0,0.0,0.0,0.0,0.0,0.0,
18315,30778,11863,19,0.0,0.0,0.0,0.0,0.0,0.0,
18316,30778,7810,19,0.0,0.0,-5.0,0.0,0.0,0.0,
18317,30779,7556,34,0.0,0.600000023842,-0.25,1.74532997608,-0.349065989256,0.523599028587,
18318,30779,7556,34,0.0,0.649999976158,-0.219999998808,1.74532997608,-0.349065989256,0.523599028587,
18319,30779,7556,34,0.0,-0.5,-0.300000011921,1.74532997608,0.261799007654,0.523599028587,
18320,30779,7556,34,0.0,-0.449999988079,-0.25,1.74532997608,0.261799007654,0.523599028587,
18321,30779,7556,34,0.15000000596,0.10000000149,0.230000004172,0.0,0.959931015968,0.0,
18322,30779,7556,34,0.15000000596,0.10000000149,0.300000011921,0.0,0.959931015968,0.0,
18323,30780,7556,34,0.0,0.600000023842,-0.25,1.74532997608,-0.349065989256,0.523599028587,
18324,30780,7556,34,0.0,0.649999976158,-0.219999998808,1.74532997608,-0.349065989256,0.523599028587,
18325,30780,7556,34,0.0,-0.5,-0.300000011921,1.74532997608,0.261799007654,0.523599028587,
18326,30780,7556,34,0.0,-0.449999988079,-0.25,1.74532997608,0.261799007654,0.523599028587,
18327,30780,7556,34,0.15000000596,0.10000000149,0.230000004172,0.0,0.959931015968,0.0,
18328,30780,7556,34,0.15000000596,0.10000000149,0.310000002384,0.0,0.959931015968,0.0,
18329,30780,7556,34,0.15000000596,0.10000000149,0.389999985695,0.0,0.959931015968,0.0,
18330,30781,7556,34,0.0,0.600000023842,-0.25,1.74532997608,-0.349065989256,0.523599028587,
18331,30781,7556,34,0.0,0.649999976158,-0.219999998808,1.74532997608,-0.349065989256,0.523599028587,
18332,30781,7556,34,0.0,-0.5,-0.300000011921,1.74532997608,0.261799007654,0.523599028587,
18333,30781,7556,34,0.0,-0.449999988079,-0.25,1.74532997608,0.261799007654,0.523599028587,
18334,30781,7556,34,0.15000000596,0.10000000149,0.230000004172,0.0,0.959931015968,0.0,
18335,30781,7556,34,0.15000000596,0.10000000149,0.310000002384,0.0,0.959931015968,0.0,
18336,30781,7556,34,0.15000000596,0.10000000149,0.389999985695,0.0,0.959931015968,0.0,
18337,30781,7556,34,0.15000000596,0.10000000149,0.469999998808,0.0,0.959931015968,0.0,
18338,30782,7556,34,0.0,0.649999976158,-0.219999998808,1.74532997608,-0.349065989256,0.523599028587,
18339,30782,7556,34,0.0,0.600000023842,-0.25,1.74532997608,-0.349065989256,0.523599028587,
18340,30782,7556,34,0.0,-0.5,-0.300000011921,1.74532997608,0.261799007654,0.523599028587,
18341,30782,7556,34,0.0,-0.449999988079,-0.25,1.74532997608,0.261799007654,0.523599028587,
18342,30782,7556,34,0.15000000596,0.10000000149,0.230000004172,0.0,0.959931015968,0.0,
18343,30782,7556,34,0.15000000596,0.10000000149,0.310000002384,0.0,0.959931015968,0.0,
18344,30782,7556,34,0.15000000596,0.10000000149,0.389999985695,0.0,0.959931015968,0.0,
18345,30782,7556,34,0.15000000596,0.10000000149,0.469999998808,0.0,0.959931015968,0.0,
18346,30782,7556,34,0.15000000596,0.10000000149,0.550000011921,0.0,0.959931015968,0.0,
18347,30784,4976,19,1.79999995232,-1.39999997616,0.0,0.0,0.0,0.0,
18348,30784,7635,19,1.70000004768,-1.25,0.0,0.0,0.0,0.0,
18349,30784,4832,19,1.70000004768,-1.39999997616,0.0,0.0,0.0,0.0,
18350,30784,4603,19,1.70000004768,-1.45000004768,-0.10000000149,0.0,0.0,0.0,
18351,30784,2683,19,1.70000004768,-1.45000004768,-0.10000000149,0.0,0.0,0.0,
18352,30784,4976,19,1.5,1.20000004768,0.0,0.0,0.0,0.0,
18353,30784,4832,19,1.54999995232,1.20000004768,0.0,0.0,0.0,0.0,
18354,30784,7635,19,1.5,1.20000004768,0.0,0.0,0.0,0.0,
18355,30784,4603,19,1.20000004768,1.20000004768,-0.15000000596,0.0,0.0,0.0,
18356,30784,2683,19,1.54999995232,1.20000004768,-0.10000000149,0.0,0.0,0.0,
18357,30784,14875,19,1.60000002384,1.20000004768,0.0,0.0,0.0,0.0,
18358,30784,14875,19,1.70000004768,-1.25,0.0,0.0,0.0,0.0,
18359,30786,14876,20,-0.0299999993294,0.0,0.159999996424,0.0,0.174532994628,0.0,
18360,30786,7404,20,-0.15000000596,0.070000000298,-0.270000010729,0.0,1.57079994678,0.0,
18361,30786,7405,20,-0.15000000596,0.0900000035763,-0.370000004768,0.0,0.0,0.0,
18362,29031,14877,21,0.0,0.0,0.0,1.57079994678,0.785398006439,0.0,
18363,30788,14877,21,0.0,0.0,0.0,1.57079994678,0.785398006439,0.0,
18364,30789,14877,21,0.0,0.0,0.0,1.57079994678,0.785398006439,0.0,
18365,30794,3799,19,0.0,0.0,2.0,0.0,0.0,0.0,
18366,30795,14845,17,0.300000011921,0.0,-0.550000011921,1.57079994678,0.0,0.0,
18367,30797,5694,-1,0.0,0.0,0.0,0.0,0.0,0.0,
18368,30798,9239,19,0.0,0.0,0.0,0.0,0.0,0.0,
18369,30798,11863,19,0.0,0.0,0.0,0.0,0.0,0.0,
18370,30799,15421,17,0.0,0.0,-0.449999988079,0.0,0.261799007654,0.0,
18371,30808,8048,34,0.0,0.0,0.0,0.0,0.0,0.0,
18372,30808,11179,34,0.0,0.0,0.0,0.0,0.0,0.0,
18373,30808,11179,19,0.0,0.0,0.0,0.0,0.0,0.0,
18374,30810,14266,-1,1.0,1.0,0.0,0.0,0.0,0.0,
18375,30810,14266,-1,-1.0,-1.0,0.0,0.0,0.0,0.0,
18376,30810,14266,-1,1.0,0.0,0.0,0.0,0.0,0.0,
18377,30810,14266,-1,0.0,1.0,0.0,0.0,0.0,0.0,
18378,30810,14266,-1,-1.0,0.0,0.0,0.0,0.0,0.0,
18379,30810,14266,-1,0.0,-1.0,0.0,0.0,0.0,0.0,
18380,30812,14275,19,0.0,0.0,0.20000000298,0.0,0.0,0.0,
18382,30815,6881,-1,0.0,0.0,0.0,0.0,0.0,0.0,
18383,30810,14266,-1,2.0,0.0,0.0,0.0,0.0,0.0,
18384,30810,14266,-1,-2.0,0.0,0.0,0.0,0.0,0.0,
18385,30810,14266,-1,-2.5,1.0,0.0,0.0,0.0,0.0,
18386,30810,14266,-1,2.5,1.0,0.0,0.0,0.0,0.0,
18387,30810,14266,-1,0.0,2.0,0.0,0.0,0.0,0.0,
18388,30810,14266,-1,-2.0,-2.0,0.0,0.0,0.0,0.0,
18389,30810,14266,-1,2.5,2.0,0.0,0.0,0.0,0.0,
18390,30810,14266,-1,1.5,0.5,0.5,0.0,0.0,0.0,
18391,30810,14266,-1,0.5,0.5,0.5,0.0,0.0,0.0,
18392,30810,14266,-1,0.0,-2.0,0.0,0.0,0.0,0.0,
18393,30810,14266,-1,0.0,-3.0,0.0,0.0,0.0,0.0,
18394,30810,14266,-1,1.0,-3.0,0.0,0.0,0.0,0.0,
18395,30810,14266,-1,1.0,-2.0,0.0,0.0,0.0,0.0,
18396,30810,14266,-1,0.5,-2.5,0.5,0.0,0.0,0.0,
18397,30819,14266,-1,1.0,1.0,0.0,0.0,0.0,0.0,
18398,30819,14266,-1,-1.0,-1.0,0.0,0.0,0.0,0.0,
18399,30819,14266,-1,1.0,0.0,0.0,0.0,0.0,0.0,
18400,30819,14266,-1,0.0,1.0,0.0,0.0,0.0,0.0,
18401,30819,14266,-1,-1.0,0.0,0.0,0.0,0.0,0.0,
18402,30819,14266,-1,0.0,-1.0,0.0,0.0,0.0,0.0,
18403,30819,14266,-1,2.0,0.0,0.0,0.0,0.0,0.0,
18404,30819,14266,-1,-2.0,0.0,0.0,0.0,0.0,0.0,
18405,30819,14266,-1,-2.5,1.0,0.0,0.0,0.0,0.0,
18406,30819,14266,-1,2.5,1.0,0.0,0.0,0.0,0.0,
18407,30819,14266,-1,0.0,2.0,0.0,0.0,0.0,0.0,
18410,30819,14266,-1,1.5,0.5,0.5,0.0,0.0,0.0,
18411,30819,14266,-1,0.5,0.5,0.5,0.0,0.0,0.0,
18412,30819,14266,-1,0.0,-2.0,0.0,0.0,0.0,0.0,
18413,30819,14266,-1,0.0,-3.0,0.0,0.0,0.0,0.0,
18415,30819,14266,-1,1.0,-2.0,0.0,0.0,0.0,0.0,
18416,30819,14266,-1,0.5,-2.5,0.5,0.0,0.0,0.0,
18417,30819,14266,-1,2.5,-2.5,0.0,0.0,0.0,0.0,
18419,30810,14266,-1,2.0,-2.0,0.0,0.0,0.0,0.0,
18420,30819,14266,-1,2.0,-2.0,0.0,0.0,0.0,0.0,
18421,30819,14266,-1,2.0,-3.0,0.0,0.0,0.0,0.0,
18422,30819,14266,-1,2.0,-2.5,0.5,0.0,0.0,0.0,
18423,30796,13350,22,0.0,0.0,0.0,0.0,0.0,0.0,
18424,30826,3050,17,0.0,0.0,0.0,0.0,0.0,0.0,
18425,30826,8311,17,0.0,0.0,0.0,0.0,0.0,0.0,
18426,30828,4415,19,0.0,0.0,0.0,0.0,0.0,0.0,
18427,30828,3050,19,0.0,0.0,0.0,0.0,0.0,0.0,
18428,30829,2973,17,0.0,0.0,0.0,0.0,0.0,0.0,
18429,30829,3357,17,0.0,0.0,0.0,0.0,0.0,0.0,
18430,30832,3128,20,-1.0,0.0,0.0,3.14159011841,0.0,0.0,
18431,30832,3128,20,0.0,0.0,0.0,0.0,0.0,0.0,
18432,30832,3128,20,-0.5,-0.5,0.0,-1.57079994678,0.0,0.0,
18434,30832,3128,20,-0.5,0.5,0.0,1.57079994678,0.0,0.0,
18435,30834,14889,20,0.0,0.0,0.0,0.0,0.0,0.0,
18436,30813,16156,19,0.0,0.0,0.0,0.0,0.0,0.0,
18438,30839,14892,6,0.0,0.0,0.0,0.0,0.0,0.0,
18439,30839,14892,5,0.0,0.0,0.0,0.0,0.0,0.0,
18440,30841,14894,19,0.0,0.0,0.20000000298,0.0,0.0,0.0,
18441,30846,14897,1,0.0,-0.10000000149,-0.20000000298,0.0,0.0,0.0,
18442,30847,7336,19,0.0,0.0,-1.0,0.0,0.0,0.0,
18443,30848,14898,5,0.0,0.0,0.0,0.0,-0.785398006439,0.785398006439,
18444,30848,14898,5,0.10000000149,0.0,-0.5,0.0,-0.785398006439,0.785398006439,
18445,30848,14898,34,-0.20000000298,0.0,0.0,0.0,1.57079994678,0.0,
18446,30848,14898,33,0.0,0.300000011921,0.0,1.57079994678,1.57079994678,3.14159011841,
18447,30848,14898,33,-0.5,0.300000011921,0.5,1.57079994678,1.57079994678,0.0,
18448,30850,14899,-1,0.0,0.0,-3.0,0.0,0.0,0.0,
18449,30850,14899,-1,0.0,0.0,-6.0,0.0,0.0,0.0,
18450,30854,13092,19,0.0,0.0,0.0,0.0,0.0,0.0,
18451,30856,14907,19,0.0,0.0,0.0,0.0,1.57079994678,0.0,
18452,30862,3050,17,0.0,0.0,0.0,0.0,0.0,0.0,
18453,30862,8311,17,0.0,0.0,0.0,0.0,0.0,0.0,
18454,30809,4415,17,-0.25,0.0,1.79999995232,0.0,0.0,0.0,
18455,30864,4980,-1,0.0,0.0,0.0,0.0,0.0,0.0,
18456,30867,4403,19,8.0,0.0,0.0,0.0,0.0,0.0,
18457,30868,6681,-1,0.0,0.0,0.0,0.0,0.0,0.0,
18462,30919,14916,19,0.0,0.0,0.0,0.0,0.0,0.0,
18474,30928,8836,34,-0.300000011921,0.0,0.0,0.0,-1.57079994678,0.0,
18475,30931,15554,-1,0.0,0.0,-0.25,0.0,0.0,0.0,
18477,30933,3356,-1,0.0,0.0,0.0,0.0,0.0,0.0,
18478,11736,271,38,0.0,0.0,0.0,0.0,0.0,0.0,
18479,11737,271,38,0.0,0.0,0.0,0.0,0.0,0.0,
18481,30942,11863,-1,0.0,0.0,0.0,0.0,0.0,0.0,
18482,30949,50,20,0.0,0.0,0.0,0.0,0.0,0.0,
18483,30954,16028,19,0.0,0.0,-0.20000000298,0.0,0.0,0.0,
18485,30958,13177,19,0.0,0.0,0.0,0.0,-1.57079994678,0.0,
18486,30958,13576,19,0.0,0.0,0.0,0.0,0.0,0.0,
18487,30958,12433,19,0.0,0.0,0.0,0.0,0.0,0.0,
18488,30959,14924,34,1.0,0.0,-0.5,0.0,0.0,0.0,
18489,30960,2970,34,0.0,0.0,0.0,0.0,3.14159011841,0.0,
18491,30965,8678,-1,0.0,0.0,-5.0,0.0,0.0,0.0,
18492,30967,11872,19,0.0,0.0,0.0,0.0,0.0,0.0,
18493,30967,14926,19,0.0,0.0,0.0,0.0,0.0,0.0,
18494,30969,14928,19,0.0,0.0,0.0,0.0,0.0,0.0,
18495,30969,14929,17,0.0,0.0,0.0,0.0,0.0,0.0,
18497,30970,10638,19,0.0,0.0,-2.0,0.0,0.0,0.0,
18498,30970,12046,19,0.0,0.0,0.0,0.0,0.0,0.0,
18499,30970,10638,19,2.0,0.0,-2.0,0.0,0.0,0.0,
18500,30973,11450,38,0.0,0.0,0.0,0.0,0.0,0.0,
18503,30974,15401,19,0.0,0.0,-3.0,1.57079994678,0.0,0.0,
18504,30975,15401,19,0.0,0.0,-3.0,1.57079994678,0.0,0.0,
18505,30976,14932,12,-0.10000000149,0.0,-0.25,-0.349065989256,0.0,0.0,
18509,30977,14557,19,0.0,0.0,2.0,0.0,0.0,0.0,
18510,30978,14739,19,0.0,0.0,2.0,0.0,0.0,0.0,
18511,30977,12449,19,0.0,0.0,0.0,0.0,0.0,0.0,
18512,30979,4347,-1,0.0,0.0,0.0,0.0,0.0,0.0,
18514,30988,6591,-1,0.0,0.0,0.0,0.0,0.0,0.0,
18515,30988,14938,-1,0.0,0.0,0.0,0.0,0.0,0.0,
18517,30990,266,20,0.0,0.0,0.0,0.0,0.0,0.0,
18518,30993,4769,19,0.0,0.0,0.0,0.0,0.0,0.0,
18519,30994,7300,17,0.0,-3.75,7.0,0.0,0.0,2.61799001694,
18521,30991,14944,19,0.0,0.0,0.0,0.0,0.0,0.0,
18522,31003,13563,2,0.0,0.0,0.0,0.0,0.0,0.0,
18524,31006,15549,-1,0.0,0.0,0.0,0.0,0.0,0.0,
18526,31009,11143,2,0.0,0.0,0.0,0.0,0.0,0.0,
18527,31009,11143,1,0.0,0.0,0.0,0.0,0.0,0.0,
18528,31014,13441,19,1.5,0.0,-2.0,0.0,0.0,0.174532994628,
18529,31015,15209,19,0.0,0.0,0.0,0.0,0.0,0.0,
18530,31017,16248,-1,0.0,0.0,0.0,0.0,0.0,0.0,
18531,31018,14951,-1,0.0,0.0,0.0,0.0,0.0,0.0,
18532,31019,13296,-1,0.0,0.0,0.0,0.0,0.0,0.0,
18533,31045,11872,19,0.0,0.0,0.0,0.0,0.0,0.0,
18534,31045,14926,19,0.0,0.0,-3.0,0.0,0.0,0.0,
18535,31048,12842,-1,0.0,0.0,0.0,0.0,0.0,0.0,
18536,31051,11447,19,0.0,0.0,0.0,0.0,0.0,0.0,
18537,31050,14953,19,0.0,0.0,-2.5,0.0,0.0,0.0,
18538,31055,13196,48,0.0,0.0,0.0,0.0,0.0,0.0,
18539,31053,13257,34,0.0,0.0,0.0,0.0,0.0,0.0,
18540,31065,12336,16,0.0,-0.300000011921,0.600000023842,0.0,0.0,0.0,
18541,31065,9789,16,0.0,0.300000011921,0.600000023842,0.0,0.0,0.0,
18542,31068,5586,34,0.0,0.0,0.0,0.0,0.0,0.0,
18543,31071,13353,-1,0.0,0.0,0.0,0.0,0.0,0.0,
18544,31071,4740,-1,0.0,0.0,0.0,0.0,0.0,0.0,
18545,31075,7300,17,200.0,0.0,0.0,0.0,-1.57079994678,0.0,
18546,31076,12529,19,0.0,0.0,0.0,0.0,0.0,0.0,
18547,31076,12922,19,0.0,0.0,0.0,0.0,0.0,0.0,
18548,31084,11674,-1,0.0,0.0,0.15000000596,0.0,0.0,0.0,
18551,31084,15159,-1,0.0,0.0,0.15000000596,0.0,0.0,0.0,
18552,30692,14959,19,0.0,0.0,0.0,0.0,0.0,0.0,
18553,31036,13494,34,0.0,0.0,0.0,0.0,0.0,0.0,
18554,31092,12922,19,0.0,0.0,0.0,0.0,0.0,0.0,
18556,31113,8905,34,1.10000002384,0.0,0.0,3.14159011841,-0.349065989256,0.0,
18560,31117,14970,34,0.0,0.0,0.0,0.0,0.0,0.0,
18562,31120,7403,19,0.0,0.0,0.0,0.0,0.0,0.0,
18563,31113,3781,34,0.0,0.0,0.0,0.0,0.0,0.0,
18565,31123,14977,22,0.0,0.0,0.0,0.0,0.0,0.0,
18567,31123,12676,22,0.0,0.0,0.0,1.13445997238,1.04719996452,0.0,
18569,31128,14978,34,0.0,0.0,0.0,0.0,0.0,0.0,
18570,31131,14979,34,0.40000000596,0.0,-0.40000000596,0.0,0.0,0.0,
18571,31133,14980,19,0.0,0.0,-0.5,0.0,0.0,0.0,
18572,31134,14981,1,0.25,0.0,-0.0500000007451,3.14159011841,0.0,0.0,
18573,31136,14982,-1,0.0,0.0,36.0,0.0,0.0,0.0,
18574,31137,8862,-1,0.0,0.0,0.0,0.0,0.0,0.0,
18575,31140,14983,19,0.0,0.0,-80.0,0.0,0.0,0.0,
18579,31145,15361,19,0.0,0.0,-8.0,0.0,0.0,0.0,
18587,31147,12958,19,0.0,0.0,0.0,1.57079994678,0.0,0.0,
18589,31150,13024,22,0.0,0.0,0.0,0.0,0.0,0.0,
18590,12957,5198,19,0.0,0.0,0.0,0.0,0.0,0.0,
18593,31151,15086,-1,0.0,0.0,0.0,0.0,0.0,0.0,
18594,31152,7373,-1,0.0,0.0,0.0,0.0,0.0,0.0,
18595,31153,12618,22,0.0,0.0,0.0,0.0,0.0,0.0,
18596,31154,271,17,-0.20000000298,0.0,-0.20000000298,0.0,0.0,0.0,
18597,31155,9894,48,0.0,0.0,0.0,0.0,0.0,0.0,
18598,30904,9894,48,0.0,0.0,0.0,0.0,0.0,0.0,
18599,31148,15522,22,0.0,0.0,0.0,0.0,0.0,0.0,
18601,31158,14998,17,0.800000011921,0.20000000298,-0.25,1.57079994678,0.0,0.0,
18602,31158,14998,2,0.40000000596,0.0,-0.20000000298,1.39626002312,0.0,-0.523599028587,
18603,31159,4611,-1,0.0,0.0,1.0,0.0,0.0,0.0,
18604,31158,14999,17,1.39999997616,0.20000000298,-0.330000013113,0.0,0.0,0.0,
18605,31161,14999,2,0.0,0.0,-0.15000000596,0.0,0.0,0.0,
18608,31163,10014,-1,0.0,0.0,0.0,0.0,0.0,0.0,
18610,31156,15310,19,0.0,0.0,0.0,0.0,0.0,0.0,
18616,31170,12818,-1,0.0,0.0,0.0,0.0,0.0,0.0,
18617,31172,15005,19,-0.5,-0.5,0.0,4.71238994598,0.0,0.0,
18618,31174,100,-1,3.0,0.0,0.0,0.0,0.0,0.0,
18619,31175,15005,19,-0.5,0.5,0.0,1.57079994678,0.0,0.0,
18620,31177,15005,19,-1.0,0.0,0.0,3.14159011841,0.0,0.0,
18622,31184,4610,2,0.0,0.0,0.0,0.0,1.57079994678,0.0,
18625,31189,6178,1,1.0,0.20000000298,0.0,0.0,0.0,0.0,
18626,31178,15007,1,1.0,0.20000000298,0.0,0.0,0.0,0.0,
18627,31190,11590,19,0.0,0.0,0.0,0.0,0.0,0.0,
18628,31191,4557,19,0.0,0.0,0.0,0.0,0.0,0.0,
18629,31192,15008,19,0.34999999404,-0.5,0.0,1.57079994678,0.0,0.0,
18630,31195,15009,-1,0.0,0.0,0.0,0.0,0.0,0.0,
18631,31197,12943,-1,0.0,0.0,0.0,0.0,0.0,0.0,
18632,31201,8961,19,0.0,0.0,0.0,0.0,0.0,0.0,
18633,31202,4980,-1,0.0,0.0,0.0,0.0,0.0,0.0,
18634,31203,13621,19,0.0,0.0,1.0,0.0,0.0,0.0,
18635,22967,15013,19,0.0,-0.20000000298,0.0,3.14159011841,0.0,0.0,
18637,22967,15013,19,0.0,0.20000000298,0.0,3.14159011841,0.0,0.0,
18638,31212,15005,19,0.5,0.0,0.0,0.0,0.0,0.0,
18639,31210,13494,34,0.0,-0.20000000298,-0.20000000298,0.0,0.0,0.0,
18640,31210,10666,34,0.0,0.0,0.0,0.0,0.0,0.0,
18641,31210,13494,34,0.0,0.20000000298,0.20000000298,0.0,0.0,0.0,
18642,31215,4488,19,0.0,0.0,0.0,1.57079994678,0.0,0.0,
18643,31215,4498,19,0.0,-0.5,2.0,-1.39626002312,0.0,3.14159011841,
18644,31207,7416,34,0.0,0.0,0.0,0.0,0.0,0.0,
18645,31215,15016,-1,2.0,0.0,0.0,0.0,0.0,0.0,
18648,31217,15017,20,0.0,0.0,0.0,0.0,0.0,0.0,
18656,31220,4659,20,0.0,0.0,0.0,0.0,0.0,0.0,
18660,31223,5043,19,0.0,0.0,1.0,0.0,1.57079994678,0.0,
18668,31239,15031,1,0.899999976158,0.0,0.20000000298,3.14159011841,0.0,0.0,
18669,31246,15033,1,0.0,0.0,0.0,0.0,0.0,0.0,
18670,31247,3175,19,0.0,0.0,0.0,0.0,0.0,0.0,
18675,31248,13319,19,0.0,0.0,0.0,0.0,0.0,0.0,
18676,31249,9763,17,0.0,0.0,0.0,0.0,0.785398006439,0.0,
18677,31250,15034,19,0.0,0.0,0.0,0.0,0.0,0.0,
18678,31267,4892,-1,0.0,0.0,0.0,0.0,0.0,0.0,
18679,31267,4993,-1,0.0,0.0,0.0,0.0,0.0,0.0,
18682,31277,8484,19,0.0,0.0,0.0,0.0,0.0,0.0,
18683,31285,8197,34,0.0,0.0,0.0,0.0,0.0,0.0,
18684,27565,12511,17,0.0,0.0,0.0,0.0,-0.349065989256,0.0,
18685,31289,12526,34,0.0,0.0,0.0,0.0,0.0,0.0,
18686,31293,11446,19,0.0,0.0,0.0,0.0,0.0,0.0,
18688,31295,16383,19,0.0,0.0,2.5,0.0,0.0,0.0,
18690,31298,8155,1,0.649999976158,0.0,0.0,0.0,0.0,0.0,
18691,31295,15049,19,0.0,0.0,-1.0,0.0,0.0,0.0,
18692,31300,4003,19,0.0,0.0,0.0,0.0,0.0,0.0,
18693,31300,15051,19,0.0,0.0,0.0,0.0,0.0,0.0,
18696,31301,4339,22,0.0,0.0,0.0,0.0,0.0,0.0,
18698,31302,15056,34,0.0,0.0,0.0,0.0,0.0,0.0,
18699,31302,15055,34,0.0,0.0,0.10000000149,0.0,0.0,1.04719996452,
18700,31302,15055,34,0.0,-0.10000000149,0.10000000149,0.0,0.0,-0.523599028587,
18701,31304,13489,-1,0.0,0.0,0.0,0.0,1.57079994678,0.0,
18702,31304,13280,19,0.0,0.0,0.0,0.0,0.0,0.0,
18703,31304,13069,17,0.0,0.20000000298,0.20000000298,0.0,0.0,0.0,
18704,31304,13069,17,0.0,-0.20000000298,-0.20000000298,0.0,0.0,0.0,
18705,31306,13715,19,0.0,0.0,0.0,0.0,0.0,0.0,
18708,31306,13489,-1,0.0,0.0,0.0,0.0,1.57079994678,0.0,
18709,31308,10085,17,0.0,0.0500000007451,0.0900000035763,0.0,0.0,0.0,
18710,31308,10085,17,0.0,-0.0500000007451,0.0900000035763,0.0,0.0,0.0,
18711,31306,15059,34,0.0,0.0,0.0,0.0,-0.785398006439,0.0,
18713,31314,15065,-1,0.0,0.0,0.0,0.0,0.0,0.0,
18714,31317,15066,-1,0.0,0.0,0.0,0.0,0.0,0.0,
18715,31317,15066,-1,0.0,0.0,-2.0,2.09438991547,0.0,0.0,
18716,31317,15066,-1,0.0,0.0,-1.0,-2.09438991547,0.0,0.0,
18721,31318,15069,-1,0.0,0.0,1.25,0.0,4.71238994598,0.0,
18725,31322,13073,19,0.0,0.0,-1.5,0.0,0.0,0.0,
18730,31326,15072,19,0.0,0.0,0.0,0.0,0.0,0.0,
18732,31326,15068,19,0.0,0.0,-0.25,0.0,0.0,0.0,
18733,31326,15067,19,0.0,0.0,0.0,0.0,0.0,0.0,
18734,31327,4129,-1,0.0,0.0,0.0,0.0,0.0,0.0,
18735,31330,4893,19,0.5,0.0,0.0,0.0,0.0,0.0,
18737,31335,12922,19,0.0,0.0,0.0,0.0,0.0,0.0,
18738,31337,545,12,0.25,0.0,-0.300000011921,0.0,1.22172999382,0.0,
18740,31344,3090,-1,0.0,0.0,0.0,0.0,0.0,0.0,
18741,31116,15977,-1,0.0,0.0,0.0,0.0,0.0,0.0,
18742,31116,15978,19,0.0,0.0,0.15000000596,0.0,0.0,0.0,
18743,31038,13990,19,0.0,0.0,0.0,0.0,0.0,0.0,
18745,31356,15087,12,-0.20000000298,0.0,-0.5,0.349065989256,0.0,0.0,
18746,31357,8155,38,0.0,0.0,0.0,0.0,0.0,0.0,
18747,31358,15089,2,0.0,-0.019999999553,-0.550000011921,1.57079994678,0.0,0.0,
18748,31358,15089,1,0.0,0.070000000298,-0.550000011921,1.57079994678,0.0,0.0,
18749,31358,13952,2,0.0,0.0,-0.20000000298,0.0,0.0,0.0,
18750,31358,13952,1,0.0,0.10000000149,-0.20000000298,0.0,0.0,0.0,
18751,31359,10168,-1,0.0,0.0,0.0,0.0,0.0,0.0,
18752,31116,15976,19,0.0,0.0,0.0,0.0,0.0,0.0,
18753,31368,14747,-1,0.0,0.0,15.0,0.0,0.0,0.0,
18754,31362,15979,19,0.0,0.0,0.0,0.0,0.0,0.0,
18755,31362,15980,19,0.0,0.0,0.0,0.0,0.0,0.0,
18756,31370,14745,-1,0.0,0.0,0.0,0.0,0.0,0.0,
18757,31371,15096,12,-0.10000000149,0.0,-0.550000011921,-0.349065989256,0.0,0.0,
18758,31372,15765,19,0.0,0.0,-2.0,0.0,0.0,0.0,
18759,31373,5837,12,-0.10000000149,0.0,-0.550000011921,0.0,0.0,0.0,
18760,31374,15100,28,0.600000023842,0.10000000149,-0.15000000596,3.14159011841,-0.349065989256,0.0,
18761,31374,15102,26,0.0,0.0,0.0,0.0,0.0,0.0,
18762,31375,15101,-1,0.0,0.0,0.0,0.0,0.0,0.0,
18763,31376,15101,-1,0.0,0.0,0.0,0.0,0.0,0.0,
18764,31379,11111,19,0.5,0.0,1.0,0.0,0.0,0.0,
18765,31380,14254,19,1.5,0.300000011921,1.29999995232,0.0,0.0,0.0,
18767,31329,12045,-1,0.0,0.0,0.0,0.0,0.0,0.0,
18768,31329,15103,-1,0.0,0.0,0.0,0.0,0.0,0.0,
18769,31329,15103,-1,0.0,0.0,1.0,0.0,3.14159011841,0.0,
18770,31329,15103,-1,0.0,0.0,1.0,0.0,0.0,0.0,
18771,31329,15103,-1,0.0,0.0,2.0,0.0,3.14159011841,0.0,
18772,31329,15103,-1,0.0,0.0,2.0,0.0,0.0,0.0,
18773,31329,15103,-1,0.0,0.0,3.0,0.0,3.14159011841,0.0,
18774,31329,15103,-1,0.0,0.0,3.0,0.0,0.0,0.0,
18775,31383,15105,19,0.0,1.0,-4.0,-1.57079994678,0.0,0.0,
18776,31383,15105,19,0.0,-1.0,-4.0,1.57079994678,0.0,0.0,
18777,31372,15101,-1,0.0,0.0,2.0,0.0,0.0,0.0,
18778,31377,13120,19,1.5,0.0,0.0,0.0,0.0,0.0,
18779,31384,15106,1,-0.5,0.0,0.0,0.0,1.57079994678,0.0,
18780,31152,7373,-1,0.0,0.0,0.0,0.0,0.0,0.0,
18781,31152,14802,-1,0.0,0.0,0.0,0.0,0.0,0.0,
18782,31389,6650,16,0.0,0.0,0.0,0.0,0.0,0.0,
18783,30638,6849,-1,0.0,0.0,0.0,0.0,0.0,0.0,
18784,30638,15110,-1,0.0,0.0,0.0,0.0,0.0,0.0,
18785,30638,15111,-1,0.0,0.0,0.0,0.0,0.0,0.0,
18786,30638,7737,-1,0.0,0.0,0.0,0.0,0.0,0.0,
18788,31394,15114,2,0.0500000007451,0.20000000298,0.0,0.785398006439,0.0,-0.785398006439,
18789,31395,15115,1,0.0,0.0,0.0,0.0,0.0,0.0,
18792,31397,15116,19,0.0,0.0,0.0,0.0,0.0,0.0,
18794,31399,13627,-1,0.0,0.0,0.0,0.0,0.0,0.0,
18795,31399,7266,-1,0.0,0.0,0.0,0.0,0.0,0.0,
18796,31401,15117,-1,0.0,0.0,0.0,0.0,0.0,0.0,
18797,31401,13495,-1,0.0,0.0,0.0,0.0,0.0,0.0,
18798,31401,13303,-1,0.0,0.0,0.0,1.57079994678,0.0,0.0,
18805,31403,9144,17,-0.800000011921,0.0,0.699999988079,0.0,0.0,0.0,
18806,31403,9385,2,0.0,0.0,0.0,0.0,0.0,0.0,
18807,31403,9385,1,0.0,0.0,0.0,0.0,0.0,0.0,
18808,31403,9144,19,0.0,0.0,0.0,0.0,0.0,0.0,
18809,31404,9144,19,0.0,0.0,0.0,0.0,0.0,0.0,
18810,31404,9385,2,0.0,0.0,0.0,0.0,0.0,0.0,
18811,31404,9385,1,0.0,0.0,0.0,0.0,0.0,0.0,
18812,31405,9144,19,0.0,0.0,0.0,0.0,0.0,0.0,
18813,31410,4277,22,0.0,0.0,0.0,0.0,0.0,0.0,
18814,31414,15122,34,0.800000011921,-0.10000000149,-0.300000011921,0.0,0.0,0.0,
18816,31413,89,-1,1.10000002384,3.90000009537,0.0,0.0,0.0,0.0,
18817,31413,89,-1,-1.5,-2.0,0.0,0.0,0.0,0.0,
18818,31413,89,-1,4.09999990463,0.0,0.0,0.0,0.0,0.0,
18819,31413,89,-1,2.59999990463,-3.09999990463,0.0,0.0,0.0,0.0,
18820,31413,89,-1,0.899999976158,-3.71000003815,0.0,0.0,0.0,0.0,
18821,31413,89,-1,1.89999997616,2.20000004768,0.0,0.0,0.0,0.0,
18822,31413,89,-1,-4.69999980927,0.0,0.0,0.0,0.0,0.0,
18823,31413,89,-1,-1.71000003815,2.5,0.0,0.0,0.0,0.0,
18824,31413,89,-1,0.300000011921,1.10000002384,0.0,0.0,0.0,0.0,
18825,31413,89,-1,-0.699999988079,0.699999988079,0.0,0.0,0.0,0.0,
18826,31413,89,-1,-2.20000004768,-2.70000004768,0.0,0.0,0.0,0.0,
18827,31413,89,-1,1.20000004768,2.40000009537,0.0,0.0,0.0,0.0,
18828,31269,13073,19,0.0,0.0,0.0,0.0,0.0,0.0,
18829,31419,13731,19,0.0,0.0,0.0,0.0,0.0,0.0,
18830,31421,15039,19,0.0,0.0,-1.0,0.0,0.0,0.0,
18831,31421,13073,19,0.0,0.0,0.0,0.0,0.0,0.0,
18833,31424,15124,39,-1.0,0.0,-1.0,0.0,0.0,0.0,
18834,31425,14745,-1,0.0,0.0,0.0,0.0,0.0,0.0,
18835,31428,13659,19,0.0,0.0,0.0,0.0,-1.57079994678,0.0,
18837,31432,14869,-1,8.0,0.0,0.0,0.0,0.0,0.0,
18838,31432,6870,-1,8.0,0.0,0.0,0.0,0.0,0.0,
18839,31432,8947,-1,8.0,0.0,0.0,0.0,0.0,0.0,
18840,31352,15127,17,-0.0500000007451,0.0799999982119,0.0799999982119,1.57079994678,-0.349065989256,0.0,
18841,31432,10243,-1,8.0,0.0,0.0,0.0,0.0,0.0,
18843,31352,15127,17,-0.0500000007451,-0.0799999982119,0.0799999982119,-1.57079994678,-0.349065989256,0.0,
18856,31437,15298,19,0.0,0.0,0.0,0.0,0.0,0.0,
18857,31437,15132,19,0.0,0.0,0.0,0.0,0.0,0.0,
18859,31433,5988,19,0.0,0.0,0.0,0.0,0.0,0.0,
18861,31309,13645,19,0.0,0.0,-0.5,0.0,0.0,0.0,
18863,31005,15434,17,0.0,0.0,0.0,0.0,0.0,0.0,
18865,31445,11464,19,0.0,0.0,1.0,0.0,0.0,0.0,
18866,31450,10686,17,1.60000002384,0.699999988079,0.5,0.523599028587,0.0,0.0,
18867,31450,10686,17,1.60000002384,-0.699999988079,0.5,-0.523599028587,0.0,0.0,
18868,31310,13645,19,0.0,0.0,-0.5,0.0,0.0,0.0,
18869,31450,15138,34,0.0,0.0,2.0,0.0,-0.698131978512,0.0,
18871,31450,3016,20,0.0,0.0,-2.0,0.0,0.0,0.0,
18874,31457,15142,34,0.0,0.0,0.0,0.0,0.0,0.0,
18875,31459,12709,34,0.0,0.0,0.0,0.0,0.0,0.0,
18876,31459,14871,34,0.0,0.0,0.0,0.0,0.0,0.0,
18877,31460,12916,34,0.0,0.0,0.0,0.0,0.0,0.0,
18878,31460,15063,34,0.0,0.0,0.0,0.0,0.0,0.0,
18879,31448,10511,19,0.0,0.0,0.0,0.0,0.0,0.0,
18880,31468,15125,39,-1.0,0.0,-1.0,0.0,0.0,0.0,
18881,31469,10526,19,0.0,0.0,0.0,0.0,0.0,0.0,
18883,31484,15148,19,-3.0,-0.34999999404,0.430000007153,0.0,0.0,0.0,
18885,31484,15148,19,-3.0,0.34999999404,0.430000007153,0.0,0.0,0.0,
18886,31484,15149,19,-1.5,-0.449999988079,0.20000000298,0.0,0.0,0.0,
18887,31484,15149,19,-2.0,-0.449999988079,0.25,0.0,0.0,0.0,
18888,31484,15151,19,0.0,-1.04999995232,0.699999988079,0.0,1.13445997238,-0.261799007654,
18889,31484,6442,19,-2.20000004768,0.449999988079,0.300000011921,0.0,0.0,0.0,
18890,31484,15151,19,0.0,1.04999995232,0.699999988079,0.0,1.13445997238,0.261799007654,
18891,31484,15151,19,-1.60000002384,1.0,0.699999988079,0.0,1.13445997238,0.261799007654,
18892,31484,15151,19,-0.800000011921,1.0,0.699999988079,0.0,1.13445997238,0.261799007654,
18893,31484,15151,19,-1.20000004768,1.0,0.699999988079,0.0,1.13445997238,0.261799007654,
18894,31484,15151,19,-0.40000000596,1.04999995232,0.699999988079,0.0,1.13445997238,0.261799007654,
18895,31484,15151,19,-0.40000000596,-1.04999995232,0.699999988079,0.0,1.13445997238,-0.261799007654,
18896,31484,15151,19,-1.60000002384,-1.0,0.699999988079,0.0,1.13445997238,-0.261799007654,
18897,31484,15151,19,-1.20000004768,-1.0,0.699999988079,0.0,1.13445997238,-0.261799007654,
18898,31484,15151,19,-0.800000011921,-1.0,0.699999988079,0.0,1.13445997238,-0.261799007654,
18899,31484,2882,19,-3.5,-0.769999980927,0.899999976158,0.0,0.0,0.0,
18901,31498,15152,22,0.0,0.0,0.0,0.0,0.0,0.0,
18902,30661,15152,1,0.0,0.0,0.0,0.0,0.0,0.0,
18903,31499,16199,6,0.0,0.0,-0.10000000149,0.0,0.0,0.0,
18905,31501,7449,-1,0.0,0.0,0.0,0.0,0.0,0.0,
18913,31516,5478,19,0.0,0.0,0.0,0.0,0.0,0.0,
18914,31516,14912,19,0.0,0.0,0.0,0.0,0.0,0.0,
18915,31516,3526,19,0.0,0.0,0.0,0.0,0.0,0.0,
18916,31516,15157,19,0.0,0.0,0.0,0.0,0.0,0.0,
18917,31516,15158,19,0.0,0.0,0.0,0.0,0.0,0.0,
18918,30986,9895,34,0.0,0.0,0.0,0.0,0.0,0.0,
18919,30408,14270,17,0.0,0.0,0.10000000149,0.0,0.0,0.0,
18920,30744,13366,-1,2.0,0.0,1.5,0.0,0.0,0.0,
18921,30744,13366,-1,5.0,2.0,1.5,0.0,0.0,0.0,
18922,30744,13366,-1,5.0,-2.0,1.5,0.0,0.0,0.0,
18923,31527,7883,-1,2.0,0.0,0.0,0.0,0.0,0.0,
18924,31527,7883,-1,5.0,2.0,0.0,0.0,0.0,0.0,
18925,31527,7883,-1,10.0,2.0,0.0,0.0,0.0,0.0,
18926,30743,11464,-1,2.0,0.0,2.0,0.0,0.0,0.0,
18927,30743,11464,-1,5.0,2.0,2.0,0.0,0.0,0.0,
18928,30743,11464,-1,5.0,-2.0,2.0,0.0,0.0,0.0,
18929,30744,13366,-1,8.0,3.0,1.5,0.0,0.0,0.0,
18930,30744,13366,-1,8.0,0.0,1.5,0.0,0.0,0.0,
18931,30744,13366,-1,8.0,-3.0,1.5,0.0,0.0,0.0,
18932,30743,11464,-1,8.0,3.0,2.0,0.0,0.0,0.0,
18933,30743,11464,-1,8.0,-3.0,2.0,0.0,0.0,0.0,
18934,30743,11464,-1,8.0,0.0,2.0,0.0,0.0,0.0,
18935,31528,15162,12,-0.170000001788,0.0,-0.20000000298,1.57079994678,0.0,0.0,
18937,31531,12156,12,-0.170000001788,0.0,-0.34999999404,1.57079994678,0.0,0.0,
18938,31532,13118,12,-0.25,0.0,-0.699999988079,1.57079994678,0.0,0.0,
18939,31533,15163,12,-0.34999999404,0.0,-0.34999999404,1.57079994678,0.0,0.0,
18940,31534,13118,12,-0.34999999404,0.0,-0.699999988079,1.57079994678,0.0,0.0,
18941,31537,5926,19,0.0,0.0,0.0,0.0,0.0,0.0,
18942,31539,15166,19,0.0,0.0,0.0,0.0,0.0,0.0,
18943,31539,15051,19,0.0,0.0,0.0,0.0,0.0,0.0,
18946,31540,15451,19,0.0,0.0,0.0,0.0,0.0,0.0,
18949,31541,15164,-1,-0.20000000298,0.0,1.5,0.0,0.0,0.0,
18950,31542,11660,-1,0.0,0.0,0.5,0.0,0.0,0.0,
18959,31543,14791,-1,0.0,0.0,0.0,0.523599028587,0.0,0.0,
18960,31543,14791,-1,0.0,0.0,0.0,-0.523599028587,0.0,0.0,
18967,31553,9379,-1,0.0,0.0,0.0,0.0,0.0,0.0,
18968,31555,12347,34,0.800000011921,0.0,0.0,0.0,0.0,0.0,
18971,31144,15177,-1,0.0,0.0,0.0,0.0,0.0,0.0,
18972,31144,15178,-1,0.0,0.0,0.0,0.523599028587,0.0,0.0,
18976,31558,15182,19,0.0,0.0,-4.0,0.0,0.0,0.0,
18978,31558,15054,17,0.800000011921,0.0,-0.300000011921,0.0,0.0,0.0,
18980,31563,6759,19,0.0,0.0,-10.0,0.0,0.0,0.0,
18981,31563,6759,19,0.0,0.0,-10.0,0.0,0.0,0.0,
18982,31563,15054,2,0.0,0.0,0.0,0.0,0.0,0.0,
18983,31563,15054,1,0.0,0.0,0.0,0.0,0.0,0.0,
18985,31568,15185,19,0.0,0.0,-5.0,0.0,0.0,0.0,
18986,31564,9895,2,0.0,0.0,0.0,0.0,0.0,0.0,
18987,31564,9895,1,0.0,0.0,0.0,0.0,0.0,0.0,
18988,31571,9448,19,0.0,0.0,2.5,0.0,0.0,0.0,
18989,31572,13268,19,0.0,0.0,-2.0,0.0,0.0,0.0,
18990,31573,15203,19,0.0,0.0,10.0,0.0,0.0,0.0,
18993,31591,15347,19,0.0,0.0,0.0,0.0,0.0,0.0,
18994,30591,13639,19,0.0,0.0,-0.5,0.0,0.0,0.0,
18995,31593,15198,20,0.0,0.0,0.5,0.0,0.0,0.0,
18996,31594,15359,19,0.0,0.0,0.0,0.0,0.0,0.0,
18997,31595,10194,20,0.0,0.0,0.0,3.14159011841,0.0,0.0,
18998,31596,8649,-1,0.0,0.0,0.0,0.0,0.0,0.0,
18999,31558,15182,19,0.0,0.0,-3.0,0.0,3.14159011841,0.0,
19000,31559,15201,19,0.0,0.0,-4.5,0.0,0.0,0.0,
19001,31600,4874,-1,0.0,0.0,0.0,0.0,0.0,0.0,
19002,31604,15054,2,0.0,0.0,0.0,0.0,0.0,0.0,
19003,31604,15054,1,0.0,0.0,0.0,0.0,0.0,0.0,
19004,30691,15205,-1,0.0,0.0,5.0,0.0,0.0,0.0,
19007,31611,12902,21,0.0,0.0,0.0,0.0,0.0,0.0,
19008,31613,10195,19,0.0,0.0,-0.25,0.0,0.0,0.0,
19009,31616,5055,-1,0.0,0.0,0.0,0.0,0.0,0.0,
19011,31619,8649,-1,0.0,0.0,0.0,0.0,0.0,0.0,
19012,31619,3443,-1,0.0,0.0,0.0,0.0,0.0,0.0,
19013,31620,5680,34,0.0,0.0,-0.75,0.0,0.0,0.0,
19014,31621,6352,22,0.0,0.0,0.0,0.0,0.0,0.0,
19015,31624,293,34,-0.10000000149,0.0,0.300000011921,0.0,0.0,0.0,
19017,23307,15210,-1,0.0,0.0,0.0,0.0,0.0,0.0,
19018,31628,3302,19,0.0,0.0,1.5,0.0,0.0,0.0,
19020,31642,9307,-1,0.0,0.0,0.5,0.0,0.0,0.0,
19021,31642,714,-1,0.0,0.0,0.5,0.0,0.0,0.0,
19022,31643,4015,-1,0.0,0.0,0.0,0.0,0.0,0.0,
19023,31644,448,19,0.0,0.0,0.0,0.0,0.0,0.0,
19024,31015,15567,19,0.0,0.0,0.0,0.0,0.0,0.0,
19025,31645,4107,20,0.0,0.0,1.0,0.0,0.0,0.0,
19026,31650,216,34,0.0,0.0,0.0,0.0,0.0,0.0,
19027,31652,6035,-1,0.0,0.0,-0.15000000596,0.0,-1.57079994678,0.0,
19028,31652,15641,-1,0.0,0.0,0.0,0.0,0.0,0.0,
19029,31654,6495,-1,0.0,0.0,5.0,0.0,0.0,0.0,
19030,31656,15215,22,0.10000000149,-0.019999999553,0.0,-1.22172999382,0.523599028587,1.57079994678,
19031,31657,15215,22,0.10000000149,-0.019999999553,0.0,-1.22172999382,0.523599028587,1.57079994678,
19033,31657,10806,19,1.5,0.0,1.60000002384,0.0,0.0,0.0,
19034,31663,3727,22,0.15000000596,0.119999997318,0.0,0.523599028587,1.39626002312,0.0,
19035,31664,3727,22,0.15000000596,0.119999997318,0.0,0.523599028587,1.39626002312,0.0,
19036,31664,10806,19,2.0,0.20000000298,1.60000002384,0.0,0.0,0.0,
19037,31672,9894,19,0.10000000149,0.0,1.79999995232,0.0,0.0,0.0,
19038,31674,11465,19,0.10000000149,0.0,1.79999995232,0.0,0.0,0.0,
19041,31678,15217,34,0.0,0.0,-0.00999999977648,0.0,1.04719996452,0.0,
19042,31680,14852,34,0.0,0.0,0.0,0.0,0.0,0.0,
19043,31685,4920,34,0.0,0.0,0.0,0.0,0.0,0.0,
19044,31681,15218,19,0.0,0.25,-0.20000000298,0.0,0.0,0.0,
19045,31685,15219,19,0.0,0.0,0.0,0.0,0.0,0.0,
19046,31686,15053,-1,0.0,0.0,0.0,0.0,0.0,0.0,
19047,31686,15223,-1,0.0,0.0,0.0,0.0,0.0,0.0,
19048,31687,9895,34,0.0,0.0,0.0,0.0,0.0,0.0,
19049,31682,15888,-1,0.0,0.25,-0.20000000298,0.0,0.0,0.0,
19050,31696,7553,-1,0.0,0.0,0.0,0.0,0.0,0.0,
19052,31702,4792,34,0.0,0.0,0.0,0.0,0.0,0.0,
19053,31700,15031,1,0.800000011921,0.0,0.0,0.0,0.0,0.0,
19054,31704,15229,34,0.5,0.0,-0.25,0.0,0.0,0.0,
19055,31705,15356,19,0.0,0.0,0.0,0.0,0.0,0.0,
19056,31706,15231,19,0.0,0.0,0.00999999977648,0.0,0.0,0.0,
19057,31706,15234,19,0.0,-1.70000004768,0.0,-0.698131978512,1.22172999382,-0.523599028587,
19058,31706,15230,19,0.0,2.0,0.019999999553,0.0,0.0,0.523599028587,
19059,31707,11450,21,0.0,0.0,0.0,0.0,0.0,0.0,
19060,31707,11450,22,0.0,0.0,0.0,0.0,0.0,0.0,
19061,31707,3606,34,0.0,0.0,0.0,0.0,0.0,0.0,
19062,31706,15233,19,0.0,-0.300000011921,0.800000011921,-1.39626002312,0.174532994628,0.174532994628,
19063,31706,15234,19,-1.0,0.0,-0.40000000596,0.872664988041,0.0,0.0,
19066,31716,15242,19,0.0,0.0,0.0,0.0,0.0,0.0,
19067,31716,15240,19,0.0,0.0,0.0,0.0,0.0,0.0,
19068,31716,15242,19,0.0,0.0,0.0,0.0,0.0,0.0,
19069,31713,5043,34,0.0,0.0,1.0,0.0,0.0,0.0,
19070,31713,5043,34,0.0,0.0,0.0,0.0,0.0,0.0,
19071,31717,15243,19,0.40000000596,0.0,-2.5,0.0,0.174532994628,0.0,
19073,31725,9915,-1,0.0,0.0,3.0,0.0,0.0,0.0,
19075,31729,9915,-1,0.0,0.0,3.0,0.0,0.0,0.0,
19076,31727,621,20,0.0,0.0,0.0,0.0,0.0,0.0,
19077,31730,15247,20,0.300000011921,0.0,-0.10000000149,0.0,0.0,0.0,
19078,31733,4015,19,0.0,0.0,0.0,0.0,0.0,0.0,
19080,31746,16090,19,0.0,0.0,8.0,0.0,0.0,0.0,
19081,31747,15251,19,0.0,0.0,-15.0,0.0,0.0,0.0,
19082,31746,16090,19,0.0,0.0,-12.25,0.0,3.14159011841,0.0,
19084,31744,14766,2,0.0,0.10000000149,0.0,0.0,0.0,0.0,
19085,31752,4296,19,1.0,-0.5,-1.0,0.0,0.0,0.0,
19086,31753,7245,17,0.0,0.20000000298,0.25,0.0,0.0,0.0,
19087,31753,7245,17,0.0,-0.20000000298,0.25,0.0,0.0,0.0,
19088,31754,15252,17,-0.899999976158,0.0,0.469999998808,0.0,0.0,0.0,
19091,31755,11739,-1,0.0,0.0,0.0,0.0,0.0,0.0,
19092,31756,13380,-1,0.0,0.0,0.0,0.0,0.0,0.0,
19093,31754,15253,17,-0.469999998808,0.280000001192,0.0,-0.349065989256,0.0,1.57079994678,
19094,31754,15254,17,-0.610000014305,0.330000013113,-0.15000000596,0.0,0.0,0.0,
19095,31757,7488,32,-1.0,0.0,-0.5,0.0,0.0,0.0,
19096,31757,7488,33,-1.0,0.0,-0.5,0.0,0.0,0.0,
19097,31757,10249,17,0.0,0.0,0.0,0.0,0.0,0.0,
19102,31763,236,34,0.0,0.0,0.0,0.0,0.0,0.0,
19103,31763,236,34,0.0,0.0,0.0,0.0,0.0,0.0,
19104,31761,3408,19,0.0,0.0,-2.0,0.0,-1.57079994678,0.0,
19106,31770,8047,-1,0.0,0.0,0.0,0.0,0.0,0.0,
19107,31771,7315,-1,0.0,0.0,0.0,0.0,0.0,0.0,
19108,31773,146,2,0.0,0.10000000149,0.0,0.0,0.0,0.0,
19109,31775,6711,-1,0.0,0.0,0.0,0.0,0.0,0.0,
19113,31783,12643,17,1.0,0.0,-2.0,0.0,-0.174532994628,0.0,
19114,31783,12643,17,1.0,0.0,-2.0,0.261799007654,-0.174532994628,0.0,
19115,31783,12643,17,1.0,0.0,-2.0,-0.261799007654,-0.174532994628,0.0,
19116,31786,13095,20,0.899999976158,0.0,-0.600000023842,0.0,0.0,0.0,
19117,31786,13095,20,0.20000000298,0.5,-1.10000002384,0.0,0.0,0.0,
19118,31786,13095,20,0.300000011921,-0.550000011921,-0.899999976158,0.0,0.0,0.0,
19119,31787,12020,19,0.0,0.0,0.0,0.0,0.0,0.0,
19120,31788,15263,19,0.0,0.0,0.0,0.0,0.0,0.0,
19121,31791,2122,-1,0.0,0.0,0.0,0.0,0.0,0.0,
19123,31791,2122,-1,0.0,0.0,5.0,0.0,0.0,0.0,
19124,31791,2122,-1,0.0,0.0,9.0,0.0,0.0,0.0,
19125,31799,10987,19,0.0,0.0,1.0,3.14159011841,0.0,0.0,
19126,31799,15507,19,0.0,0.0,1.0,3.14159011841,0.0,0.0,
19132,31803,15631,19,0.0,0.0,0.10000000149,0.0,0.0,0.0,
19134,31808,4920,34,0.0,0.0,0.0,0.0,0.0,0.0,
19135,31810,10520,-1,0.0,0.0,0.0,0.0,0.0,0.0,
19136,31810,10520,-1,0.0,0.0,1.0,1.57079994678,0.0,0.0,
19137,31810,4955,-1,0.0,0.0,0.0,0.0,0.0,0.0,
19138,31811,4794,19,0.0,0.0,0.0,0.0,0.0,0.0,
19139,31811,15266,19,0.0,0.0,0.0,0.0,0.0,0.0,
19141,31753,2973,17,0.0,0.0,0.0,0.0,0.0,0.0,
19143,31819,11465,1,0.0,0.0,0.5,0.0,0.0,0.0,
19144,31820,4537,19,0.0,0.0,0.0,0.0,0.0,0.0,
19145,31823,15272,19,0.0,0.0,0.0,0.0,0.0,0.0,
19146,31820,6069,19,0.0,0.0,0.0,0.0,0.0,0.0,
19147,31820,15274,19,0.0,0.0,0.0,0.0,0.0,0.0,
19148,31824,11465,2,-0.10000000149,0.20000000298,0.5,0.0,0.0,0.0,
19149,31825,16228,19,6.0,-1.0,2.0,-0.174532994628,0.0,1.39626002312,
19150,31825,16228,19,6.0,-3.0,2.0,-0.174532994628,0.0,1.39626002312,
19151,31825,16228,19,6.0,-2.0,2.0,-0.174532994628,0.0,1.39626002312,
19154,31831,6515,34,0.0,0.0,0.0,0.0,0.0,0.0,
19156,31832,7919,19,0.0,0.0,0.0,0.0,0.0,0.0,
19157,31833,11741,-1,0.0,0.0,0.0,0.0,0.0,0.0,
19159,31834,6852,19,0.0,0.0,-0.5,0.0,0.0,0.0,
19162,31841,5326,19,0.0,0.0,-10.0,0.0,0.0,0.0,
19163,31833,8736,-1,0.0,0.0,0.0,0.0,0.0,0.0,
19166,31833,12191,-1,0.0,0.0,0.0,0.0,0.0,0.0,
19167,31844,5513,34,0.0,0.0,0.0,0.0,0.0,0.0,
19168,31845,15278,-1,2.0,0.0,3.0,0.0,-1.57079994678,0.0,
19169,31845,5485,-1,2.0,0.0,5.25,0.0,0.0,0.0,
19170,31850,15278,-1,2.0,0.0,3.0,0.0,-1.57079994678,0.0,
19171,31850,5485,-1,2.0,0.0,5.25,0.0,0.0,0.0,
19173,31855,6182,2,0.0,0.10000000149,0.0,1.57079994678,0.0,0.0,
19174,31821,13513,19,0.0,0.0,-2.0,0.0,0.0,0.0,
19177,31838,4416,19,0.0,0.0,-0.25,0.0,0.0,0.0,
19178,31835,5861,19,0.0,0.0,-0.25,0.0,0.0,0.0,
19179,31836,5860,19,0.0,0.0,-0.25,0.0,0.0,0.0,
19180,31858,8237,15,0.0,0.0,0.0,0.0,1.57079994678,0.0,
19181,31858,5533,16,0.0,0.0,0.0,0.0,1.57079994678,0.0,
19184,31870,8026,17,0.0,-1.60000002384,0.0,0.0,0.0,1.57079994678,
19186,31873,6313,19,0.0,0.0,-1.0,0.0,0.0,0.0,
19187,31873,6830,19,0.0,0.0,-0.5,0.0,0.0,0.0,
19188,31880,11464,34,0.0,0.0,0.0,0.0,0.0,0.0,
19191,31884,12495,34,0.0,0.0,0.0,0.0,0.0,0.0,
19198,31507,15014,19,0.0,0.0,0.0,0.0,0.0,0.0,
19199,31508,16234,19,0.0,0.20000000298,-5.0,0.261799007654,-1.57079994678,0.0,
19202,31882,15509,19,0.0,0.0,0.25,0.0,0.0,0.0,
19205,31896,15293,-1,0.0,0.0,-14.0,3.14159011841,0.0,0.0,
19207,31898,15292,2,0.0,0.0,-0.25,0.0,0.0,0.0,
19208,31898,15292,1,0.0,0.0,-0.25,0.0,0.0,0.0,
19212,31902,12979,17,-1.25,0.0,-1.5,0.0,0.0,0.0,
19213,31899,545,28,0.0,0.0,0.0,0.0,0.0,0.0,
19214,31904,9894,19,0.0,0.0,0.0,0.0,0.0,0.0,
19215,31904,7575,19,0.0,0.0,0.0,0.0,0.0,0.0,
19216,31909,10117,2,0.0,0.0,0.0,0.0,1.57079994678,0.0,
19217,31910,16257,17,0.0,0.0,-0.10000000149,0.0,0.0,0.0,
19218,31911,12108,19,0.0,0.0,0.0,0.0,0.0,0.0,
19219,31883,15380,-1,45.0,0.0,5.5,0.0,0.0,0.0,
19221,31914,15296,34,0.0,0.0,0.0,0.0,0.0,0.0,
19223,31916,15451,19,0.0,0.0,0.0,0.0,0.0,0.0,
19224,31757,10249,26,0.0,0.0,0.0,0.0,0.0,0.0,
19225,31433,11587,19,0.0,0.0,0.0,0.0,0.0,0.0,
19226,31437,9103,19,0.0,0.0,0.0,0.0,0.0,0.0,
19227,31924,2422,19,0.0,0.0,-1.0,0.0,0.0,0.0,
19228,31927,13216,-1,0.0,0.0,0.0,0.0,0.0,0.0,
19229,31928,15310,-1,0.0,0.0,0.0,0.0,0.0,0.0,
19230,31929,15310,-1,0.0,0.0,0.0,0.0,0.0,0.0,
19233,31934,4059,20,0.0,0.0,-2.0,0.0,0.0,0.0,
19234,31934,361,19,0.0,0.0,0.0,0.0,0.0,0.0,
19235,31936,349,-1,0.0,0.0,0.0,0.0,0.0,0.0,
19238,31940,15307,19,0.0,0.0,3.0,1.57079994678,0.0,0.0,
19239,31940,15307,19,0.0,0.0,6.0,3.14159011841,0.0,0.0,
19240,31940,15307,19,0.0,-1.0,9.0,0.349065989256,1.57079994678,0.0,
19241,31940,9514,19,0.0,0.0,5.0,0.0,0.0,0.0,
19242,31942,545,12,0.25,0.0,-0.300000011921,0.0,1.22172999382,0.0,
19243,31942,8350,32,0.0,0.0,0.0,0.0,0.0,0.0,
19244,31942,8350,33,0.0,0.0,0.0,0.0,0.0,0.0,
19245,31945,2973,22,0.0,0.0,0.0,0.0,0.0,0.0,
19246,31945,2973,21,0.0,0.0,0.0,0.0,0.0,0.0,
19247,31946,14969,19,0.0,0.0,0.0,0.0,0.0,0.0,
19252,31951,5529,-1,0.0,0.0,0.0,0.0,0.0,0.0,
19253,31953,15312,19,0.0,0.0,3.0,1.57079994678,0.0,0.0,
19254,31953,15312,19,0.0,0.0,6.0,3.14159011841,0.0,0.0,
19255,31953,15312,19,0.0,-1.0,9.0,0.349065989256,1.57079994678,0.0,
19260,31957,9743,19,0.0,0.0,0.0,0.0,0.0,0.0,
19261,31950,16350,19,2.0,0.0,2.5,3.14159011841,0.785398006439,0.0,
19262,31960,15311,-1,0.0,0.0,0.0,0.0,0.0,0.0,
19264,31961,6615,-1,0.0,0.0,0.0,0.0,0.0,0.0,
19265,31953,15314,34,0.0,0.0,2.0,0.0,0.0,0.0,
19266,31953,15314,34,0.0,0.0,7.0,0.0,0.0,1.57079994678,
19267,31953,15315,34,0.0,0.0,-4.0,0.0,0.0,0.0,
19268,31962,15316,-1,0.0,0.0,0.0,0.0,0.0,0.0,
19269,31963,4441,-1,0.0,0.0,0.0,0.0,0.0,0.0,
19270,31953,15315,34,0.0,0.0,-4.0,0.0,0.0,0.0,
19271,31953,15315,34,0.0,0.0,-4.0,0.0,0.0,0.0,
19272,31953,15315,34,0.0,0.0,-4.0,0.0,0.0,0.0,
19273,31964,6832,-1,0.0,0.0,0.0,0.0,0.0,0.0,
19277,31940,7024,19,0.0,0.0,3.0,0.0,0.0,0.0,
19279,31968,15318,-1,0.0,0.0,0.850000023842,0.0,0.0,0.0,
19280,31969,15323,19,0.0,0.0,1.0,0.0,0.0,0.0,
19283,31970,6763,-1,0.0,0.0,0.25,0.0,0.0,0.0,
19284,31973,8560,-1,0.0,0.0,1.0,0.0,0.0,0.0,
19285,31973,5349,-1,0.0,0.0,0.5,0.0,0.0,0.0,
19286,31981,15324,19,0.0,0.0,1.75,0.0,0.0,0.0,
19287,31981,15326,19,0.0,0.0,2.0,0.0,1.57079994678,0.0,
19288,31981,15275,19,0.0,0.0,2.0,0.0,0.0,0.0,
19290,31981,16331,19,0.0,0.0,1.79999995232,0.0,0.0,0.0,
19291,31981,6643,19,0.0,0.0,1.75,0.0,0.0,0.0,
19292,31981,15326,19,0.0,0.0,2.0,0.0,0.0,0.0,
19293,31985,6760,-1,0.0,0.0,0.0,0.0,0.0,0.0,
19294,31982,15339,39,0.0,0.0,0.0,0.0,0.0,0.0,
19295,31982,15339,40,0.0,0.0,0.0,0.0,0.0,0.0,
19296,31982,15339,41,0.0,0.0,0.0,0.0,0.0,0.0,
19297,31982,15339,42,0.0,0.0,0.0,0.0,0.0,0.0,
19298,31982,15339,43,0.0,0.0,0.0,0.0,0.0,0.0,
19299,31982,15339,44,0.0,0.0,0.0,0.0,0.0,0.0,
19305,31986,5132,19,0.0,0.0,1.75,0.0,0.0,0.0,
19306,31987,4723,-1,0.0,0.0,0.0,0.0,0.0,0.0,
19307,31986,10223,19,0.0,0.0,1.60000002384,0.0,0.0,0.0,
19309,31991,10223,19,0.0,0.0,1.60000002384,0.0,0.0,0.0,
19310,31991,15329,19,0.0,0.0,0.0,0.0,0.0,0.0,
19311,31992,15328,19,0.0,0.0,1.5,0.0,0.0,0.0,
19312,31992,10223,19,0.0,0.0,1.60000002384,0.0,0.0,0.0,
19313,31992,15329,19,0.0,0.0,1.75,0.0,0.0,0.0,
19314,31993,4246,19,0.0,0.0,0.0,0.0,0.0,0.0,
19315,31996,12295,-1,0.0,0.0,0.0,0.0,0.0,0.0,
19316,31998,7794,-1,0.0,0.0,0.0,0.0,0.0,0.0,
19317,32004,15349,19,0.0,0.0,0.0,0.0,0.0,0.0,
19319,32009,15577,-1,0.0,0.0,0.0,0.0,0.0,0.0,
19320,32011,10519,-1,0.0,0.0,3.0,0.0,0.0,0.0,
19321,32015,10294,-1,0.0,0.0,0.0,0.0,0.0,0.0,
19322,32013,16116,20,-1.0,0.0,-6.0,0.0,-0.174532994628,0.0,
19323,32019,15515,19,0.0,0.0,-1.0,0.0,0.0,0.0,
19324,32023,15341,-1,50.0,0.0,0.0,0.0,0.0,0.0,
19325,32023,15341,-1,-50.0,0.0,0.0,0.0,0.0,0.0,
19326,32026,6861,19,0.0,0.0,-1.0,0.698131978512,0.0,0.261799007654,
19335,32028,15349,19,0.0,0.0,0.0,0.0,0.0,0.0,
19336,32028,15349,34,0.0,0.0,0.0,0.0,0.0,0.0,
19337,32028,15345,6,0.0,0.0,0.0,0.0,0.0,0.0,
19338,32028,15345,53,0.5,0.5,0.0,0.0,0.0,0.0,
19339,32030,15346,17,0.0,0.0,0.0,0.0,0.0,0.0,
19341,31999,3357,17,0.0,0.0,0.0,0.0,0.0,0.0,
19342,32023,15354,19,0.0,0.0,-1.0,0.0,0.0,0.0,
19343,32040,337,20,-1.0,0.0,0.5,0.0,0.0,0.0,
19344,32042,15362,19,0.0,0.0,-1.0,0.0,0.0,0.0,
19345,32036,15357,17,0.0,0.0,0.0,0.0,1.30900001526,0.0,
19346,32044,4121,19,0.0,0.0,1.0,1.57079994678,0.0,0.0,
19347,32044,325,19,0.0,0.0,2.0,3.14159011841,0.0,0.0,
19348,32044,325,19,0.0,-1.0,3.0,0.349065989256,1.57079994678,0.0,
19349,32044,15415,19,0.0,0.0,2.0,0.0,0.0,0.0,
19350,32044,6236,19,0.0,0.0,1.0,0.0,0.0,0.0,
19351,32045,10987,19,0.0,0.0,0.0,1.57079994678,0.0,0.0,
19352,32045,10987,19,0.0,0.0,1.0,3.14159011841,0.0,0.0,
19353,32045,10986,19,0.0,-1.0,2.0,0.349065989256,1.57079994678,0.0,
19354,32045,15275,34,0.0,0.0,2.0,0.0,0.0,1.57079994678,
19355,32045,15275,34,0.0,0.0,1.0,0.0,0.0,0.0,
19360,32045,15355,34,0.0,0.0,-2.0,0.0,0.0,0.0,
19361,32045,15355,34,0.0,0.0,-2.0,0.0,0.0,0.0,
19362,32045,15355,34,0.0,0.0,-2.0,0.0,0.0,0.0,
19363,32045,15355,34,0.0,0.0,-2.0,0.0,0.0,0.0,
19364,32039,15395,34,-0.15000000596,0.0,0.10000000149,0.0,0.0,0.0,
19365,32046,279,-1,0.0,0.0,0.0,0.0,0.0,0.0,
19367,32047,15971,19,0.0,-0.20000000298,0.0,3.14159011841,0.0,0.0,
19368,32047,15971,19,0.0,0.20000000298,0.0,3.14159011841,0.0,0.0,
19369,32048,15395,19,0.0,0.0,0.0,0.0,0.0,0.0,
19370,32049,7561,19,0.0,0.0,-10.5,0.0,0.0,0.0,
19371,32052,5722,34,0.0,0.0,0.0,0.0,0.0,0.0,
19372,32055,15365,-1,0.0,0.0,-23.0,0.0,0.0,0.0,
19373,32056,7883,-1,0.0,0.0,0.0,0.0,0.0,0.0,
19375,32057,15366,-1,0.0,0.0,-23.0,0.0,0.0,0.0,
19376,32057,15366,-1,5.0,25.0,-23.0,0.0,0.0,0.0,
19377,32057,15366,-1,5.0,-25.0,-23.0,0.0,0.0,0.0,
19381,32059,16256,19,0.0,0.0,1.0,0.0,0.0,0.0,
19382,31883,15372,-1,5.0,0.0,5.5,0.0,0.0,0.0,
19383,31913,15383,-1,0.0,0.0,5.5,0.0,0.0,0.0,
19384,31883,15378,-1,35.0,0.0,5.5,0.0,0.0,0.0,
19385,31883,15377,-1,30.0,0.0,5.5,0.0,0.0,0.0,
19386,31883,15370,-1,10.0,0.0,5.5,0.0,0.0,0.0,
19387,31883,15379,-1,40.0,0.0,5.5,0.0,0.0,0.0,
19388,31883,15374,-1,15.0,0.0,5.5,0.0,0.0,0.0,
19389,31883,15376,-1,25.0,0.0,5.5,0.0,0.0,0.0,
19390,31883,15375,-1,20.0,0.0,5.5,0.0,0.0,0.0,
19391,31883,15373,-1,7.5,0.0,5.5,0.0,0.0,0.0,
19392,31883,15381,-1,12.5,0.0,5.5,0.0,0.0,0.0,
19394,32062,16258,17,0.0,0.0,-0.10000000149,0.0,0.0,0.0,
19395,32063,6757,19,0.0,0.0,-25.0,0.0,0.0,0.0,
19396,32063,6757,19,0.0,0.0,-25.0,0.0,0.0,0.0,
19397,32064,15387,34,0.0,0.0,-1.0,0.0,0.0,0.0,
19398,32065,15385,17,0.0,0.0,-0.40000000596,0.0,0.0,0.0,
19399,32066,16257,17,0.0,0.0,-0.10000000149,0.0,0.0,0.0,
19400,32067,15389,-1,0.0,0.0,1.5,0.0,0.0,0.0,
19401,32068,15390,16,-0.25,0.0,0.0,0.0,0.0,0.0,
19402,32069,10966,17,0.0,0.159999996424,0.5,-0.0209439992905,-0.130899995565,0.0,
19403,32070,8564,17,0.0,-0.159999996424,0.5,0.0209439992905,-0.130899995565,0.0,
19407,32073,11464,34,0.0,0.0,0.0,0.0,0.0,0.0,
19408,32072,15349,34,0.0,0.0,0.0,0.0,0.0,0.0,
19411,32072,15349,19,0.0,0.0,0.0,0.0,0.0,0.0,
19412,32070,8564,17,0.0,0.159999996424,0.5,-0.0209439992905,-0.130899995565,0.0,
19413,32069,10966,17,0.0,-0.159999996424,0.5,0.0209439992905,-0.130899995565,0.0,
19414,32058,8920,19,0.0,0.0,1.64999997616,0.0,0.0,0.0,
19417,32068,12495,16,-0.25,0.0,0.0,0.0,0.0,0.0,
19418,32074,15213,19,0.0,0.0,0.0,0.0,0.0,0.0,
19420,32074,12025,34,0.0,0.0,0.0,0.0,0.0,0.0,
19424,32083,2402,19,0.0,0.0,0.0,0.0,0.0,0.0,
19425,32082,5605,34,0.0,0.0,0.0,0.0,0.0,0.0,
19426,32084,4723,-1,0.0,0.0,0.0,0.0,0.0,0.0,
19427,32084,15394,-1,0.0,0.0,0.0,0.0,0.0,0.0,
19428,32086,10644,19,4.0,0.0,2.0,0.0,0.0,0.0,
19429,32086,10644,19,4.0,0.0,2.0,0.0,0.0,0.0,
19430,32087,15688,-1,0.0,0.0,0.0,0.0,0.0,0.0,
19431,32087,14989,-1,0.0,0.0,0.0,0.0,0.0,0.0,
19432,32086,10644,19,4.0,0.0,2.0,0.0,0.0,0.0,
19434,32089,279,19,0.0,0.0,0.0,0.0,0.0,0.0,
19435,32092,11407,-1,0.0,0.0,0.0,0.0,0.0,0.0,
19437,32104,7086,34,0.0,0.0,0.0,0.0,0.0,0.0,
19438,32105,13153,20,0.0,0.0,0.0,0.0,0.0,0.0,
19439,32107,15403,-1,0.0,0.0,0.0,0.0,0.0,0.0,
19440,32107,15402,-1,0.0,0.0,3.0,0.0,0.0,0.0,
19441,32108,15406,19,0.0,0.0,0.0,0.0,0.0,0.0,
19444,31878,15425,19,0.0,0.0,0.0,0.0,0.0,0.0,
19445,31540,16092,-1,0.0,0.0,-1.0,0.0,0.0,0.0,
19446,31540,16092,-1,0.0,0.0,-1.0,0.0,0.0,0.0,
19448,31293,15347,-1,0.0,0.0,0.0,0.0,0.0,0.0,
19449,32119,2402,19,0.0,0.0,0.0,0.0,0.0,0.0,
19450,32121,15412,34,0.0,0.0,0.0,0.0,0.0,0.0,
19451,32122,7302,-1,0.0,0.0,0.20000000298,0.0,0.0,0.0,
19452,32124,10075,-1,0.0,0.0,0.0,0.0,0.0,0.0,
19453,32124,5212,-1,0.0,0.0,-0.75,0.0,0.0,0.0,
19454,32124,15411,-1,0.0,0.0,-0.75,0.0,0.0,0.0,
19457,32125,6591,-1,0.0,0.0,0.0,0.0,0.0,0.0,
19459,32125,15411,-1,0.0,0.0,0.0,0.0,0.0,0.0,
19460,32126,4415,34,0.0,0.0,0.0,0.0,0.0,0.0,
19461,32127,14881,19,0.0,0.0,0.0,0.0,0.0,0.0,
19462,32127,15414,19,0.0,0.0,0.0,0.0,-1.57079994678,0.0,
19463,32128,15416,-1,0.0,0.0,0.0,0.0,0.0,0.0,
19464,32128,12169,-1,0.0,0.0,0.0,0.0,0.0,0.0,
19465,32129,15417,-1,0.0,0.0,0.0,0.0,0.0,0.0,
19467,32128,15417,-1,0.0,0.0,0.0,0.0,0.0,0.0,
19468,32129,14962,-1,1.0,0.0,0.0,0.0,0.0,0.0,
19470,32129,14962,-1,0.0,2.0,0.0,0.0,0.0,0.0,
19473,32128,15418,-1,0.0,0.0,0.0,0.0,0.0,0.0,
19474,32130,15513,-1,0.0,0.0,0.0500000007451,0.0,0.0,0.0,
19475,32131,5103,-1,0.0,0.0,0.0,0.0,0.0,0.0,
19476,32131,15419,-1,0.0,0.0,0.0,0.0,0.0,0.0,
19478,32116,15987,19,0.0,0.0,1.0,0.0,0.0,0.0,
19479,32133,15422,-1,0.0,0.0,0.0,0.0,0.0,0.0,
19480,32136,11288,17,0.0,0.0,1.0,0.0,0.0,0.0,
19481,32118,5625,22,0.0,0.0,0.0,0.0,0.0,0.0,
19482,32139,5517,34,0.0,0.0,0.0,0.0,0.0,0.0,
19483,32123,7503,22,0.0,0.0,0.0,0.0,0.0,0.0,
19484,32123,7503,21,0.0,0.0,0.0,0.0,0.0,0.0,
19485,32123,14800,21,0.0,0.0,0.0,0.0,0.0,0.0,
19486,32123,14800,22,0.0,0.0,0.0,0.0,0.0,0.0,
19487,32118,15161,22,0.0,0.0,0.0,0.0,0.0,0.0,
19488,32144,13123,19,0.0,0.0,0.0,0.0,0.0,0.0,
19489,31881,15429,-1,0.0,0.0,0.0,0.0,0.0,0.0,
19490,32153,15359,19,0.0,0.0,0.0,0.0,0.0,0.0,
19491,32159,15438,19,0.0,0.0,0.75,0.0,0.0,0.0,
19492,32161,3104,19,0.0,0.0,0.0,0.0,0.0,0.0,
19493,32164,6591,-1,0.0,0.0,0.0,0.0,0.0,0.0,
19494,32165,10075,-1,0.0,0.0,0.0,0.0,0.0,0.0,
19495,32165,5212,-1,0.0,0.0,-0.75,0.0,0.0,0.0,
19496,32166,12169,-1,0.0,0.0,0.0,0.0,0.0,0.0,
19497,32166,15417,-1,0.0,0.0,0.0,0.0,0.0,0.0,
19498,32166,15418,-1,0.0,0.0,0.0,0.0,0.0,0.0,
19499,32171,15440,19,1.20000004768,0.0,0.0,0.0,0.0,0.0,
19500,32174,15441,19,0.0,0.0,0.0,1.57079994678,3.14159011841,0.0,
19501,32039,5682,34,-0.15000000596,0.0,-0.0500000007451,0.0,0.0,0.0,
19502,32174,15441,19,0.0,0.0,0.0,1.04719996452,3.14159011841,0.0,
19503,32174,15441,19,0.0,0.0,0.0,0.523599028587,3.14159011841,0.0,
19504,32174,15441,19,0.0,0.0,0.0,0.0,3.14159011841,0.0,
19505,32174,15441,19,0.0,0.0,0.0,-0.523599028587,3.14159011841,0.0,
19506,32174,15441,19,0.0,0.0,0.0,-1.04719996452,3.14159011841,0.0,
19507,32174,15441,19,0.0,0.0,0.0,-1.57079994678,3.14159011841,0.0,
19508,32048,5682,19,0.0,0.0,0.0,0.0,0.0,0.0,
19509,32173,10875,17,-0.800000011921,0.600000023842,0.0,0.0,0.0,0.0,
19510,32173,10875,17,-0.800000011921,-0.600000023842,0.0,0.0,0.0,0.0,
19511,32177,8831,34,-0.5,0.699999988079,-0.10000000149,0.0,0.0,0.0,
19512,32177,8831,34,-0.5,0.699999988079,-0.10000000149,0.0,0.0,0.0,
19513,32183,8831,34,-0.5,-0.699999988079,-0.10000000149,0.0,0.0,0.0,
19514,32183,8831,34,-0.5,-0.699999988079,-0.10000000149,0.0,0.0,0.0,
19515,32185,15442,19,0.0,0.0,0.0,0.0,0.0,0.0,
19516,32184,15570,-1,0.0,0.0,0.0,0.0,0.0,0.0,
19519,32187,9551,19,0.0,0.0,0.0,0.0,0.0,0.0,
19520,32189,15446,-1,0.0,0.0,0.0,0.0,0.0,0.0,
19521,32192,15447,-1,50.0,0.0,0.0,0.0,0.0,0.0,
19522,32192,15447,-1,-50.0,0.0,0.0,0.0,0.0,0.0,
19525,32192,15363,19,0.0,0.0,-1.5,0.0,0.0,0.0,
19526,32192,15450,-1,-50.0,-5.0,20.0,0.0,0.0,0.0,
19527,31878,15451,19,0.0,0.0,0.0,0.0,0.0,0.0,
19528,31879,15451,19,0.0,0.0,0.0,0.0,0.0,0.0,
19529,32194,8210,19,0.0,0.0,0.0,0.0,0.0,0.0,
19530,32198,14982,1,0.0,0.0,0.0,0.0,0.0,0.0,
19531,32198,14982,2,0.0,0.0,0.0,0.0,0.0,0.0,
19533,31916,15339,43,0.0,0.0,0.0,0.0,0.0,0.0,
19534,31916,15339,44,0.0,0.0,0.0,0.0,0.0,0.0,
19536,32208,15359,19,0.0,0.0,0.0,0.0,0.0,0.0,
19537,32209,15478,19,0.0,0.0,0.0,0.0,0.0,0.0,
19538,31878,15456,22,0.0,0.0,0.0,0.0,0.0,0.0,
19539,32210,4997,19,0.0,0.0,0.0,0.0,0.0,0.0,
19540,32210,3656,19,0.0,0.0,0.0,0.0,0.0,0.0,
19543,32213,15459,-1,0.0,0.0,0.0,0.0,0.0,0.0,
19544,32213,3539,-1,0.0,0.0,1.0,0.0,0.0,0.0,
19546,32218,9265,18,0.0,0.0,0.5,0.0,0.0,0.0,
19550,32220,12324,-1,0.0,0.0,0.0,0.0,0.0,0.0,
19552,32226,15809,-1,0.0,0.0,-150.0,0.0,0.0,0.0,
19553,31879,15467,22,0.0,0.0,0.0,0.0,0.0,0.0,
19554,31928,15467,22,0.0,0.0,0.0,0.0,0.0,0.0,
19555,32229,16192,34,0.0,0.0,0.0,0.0,0.0,0.0,
19558,32233,15509,19,0.0,0.0,0.25,0.0,0.0,0.0,
19559,32234,15479,20,0.0,0.0,0.0,0.0,0.0,0.0,
19560,31947,15643,19,0.0,0.0,0.0,0.0,0.0,0.0,
19561,32239,15483,2,-1.75,0.25,0.0,0.0,1.22172999382,-0.0872659981251,
19562,32239,15483,1,-1.75,0.0,0.0,0.0,1.22172999382,0.0,
19563,32249,15489,1,0.0,0.0,0.0,0.0,0.0,0.0,
19564,32249,13590,17,-0.20000000298,0.0,0.20000000298,0.0,0.0,0.0,
19565,32249,15489,2,0.0,0.0,0.0,0.0,0.0,0.0,
19566,32249,13590,34,0.0,0.0,0.0,0.0,0.0,0.0,
19569,32249,15489,47,0.0,0.0,0.0,0.0,0.0,0.0,
19570,32249,15489,48,0.0,0.0,0.0,0.0,0.0,0.0,
19572,32241,3671,19,-1.0,0.0,1.0,0.0,0.0,0.0,
19574,32256,11274,19,0.0,0.0,0.0,0.0,0.0,0.0,
19575,32259,11062,19,0.0,0.0,0.0,0.0,0.0,0.0,
19576,32260,6504,19,0.0,0.0,0.0,0.0,0.0,0.0,
19577,32264,15489,1,0.0,0.0,0.0,0.0,0.0,0.0,
19578,32264,13590,17,-0.20000000298,0.0,0.20000000298,0.0,0.0,0.0,
19579,32264,15489,2,0.0,0.0,0.0,0.0,0.0,0.0,
19580,32264,13590,34,0.0,0.0,0.0,0.0,0.0,0.0,
19581,32264,15489,47,0.0,0.0,0.0,0.0,0.0,0.0,
19582,32264,15489,48,0.0,0.0,0.0,0.0,0.0,0.0,
19583,32266,15489,1,0.0,0.0,0.0,0.0,0.0,0.0,
19584,32266,13590,17,-0.20000000298,0.0,0.20000000298,0.0,0.0,0.0,
19585,32266,15489,2,0.0,0.0,0.0,0.0,0.0,0.0,
19586,32266,13590,34,0.0,0.0,0.0,0.0,0.0,0.0,
19587,32266,15489,47,0.0,0.0,0.0,0.0,0.0,0.0,
19588,32266,15489,48,0.0,0.0,0.0,0.0,0.0,0.0,
19589,32268,15494,19,0.0,0.0,0.0,0.0,0.0,0.0,
19590,32267,12979,19,0.0,0.0,-1.0,0.0,0.0,0.0,
19591,31015,15613,19,0.0,0.0,35.0,0.0,0.0,0.0,
19592,31015,15613,19,0.0,0.0,35.0,0.0,0.0,0.0,
19593,32276,5112,34,0.5,0.0,0.5,0.0,0.0,0.0,
19595,32278,15366,-1,0.0,0.0,-23.0,0.0,0.0,0.0,
19597,32279,11319,34,0.0,0.0,0.0,0.0,0.0,0.0,
19598,31937,5575,34,0.600000023842,0.0,0.0,0.0,0.0,0.0,
19599,32280,9873,20,0.0,0.0,1.0,0.0,0.0,0.0,
19600,32282,15497,19,0.0,0.0,0.0,0.0,0.0,0.0,
19601,32283,15497,19,0.0,0.0,0.0,0.0,0.0,0.0,
19602,32284,15498,19,0.0,0.0,0.0,0.0,0.0,0.0,
19603,32285,15498,19,0.0,0.0,0.0,0.0,0.0,0.0,
19604,32286,15499,19,0.0,0.0,0.0,0.0,0.0,0.0,
19605,32287,15499,19,0.0,0.0,0.0,0.0,0.0,0.0,
19606,32288,15500,19,0.0,0.0,0.0,0.0,0.0,0.0,
19607,32289,15500,19,0.0,0.0,0.0,0.0,0.0,0.0,
19608,32292,10243,19,0.0,0.0,0.20000000298,0.0,0.0,0.0,
19609,32292,7257,19,0.0,0.0,0.0,0.0,0.0,0.0,
19610,32267,12979,17,0.0,0.0,-2.0,0.0,0.0,0.0,
19611,31353,4954,-1,0.0,0.0,0.0,0.0,0.0,0.0,
19612,32294,14965,34,0.0,0.0,0.0,0.0,2.1816599369,0.0,
19613,32296,15505,19,0.0,0.0,0.0,0.0,0.0,0.0,
19615,32295,14915,19,0.0,0.0,0.0,0.0,0.0,0.0,
19616,32297,15506,-1,0.0,0.0,0.0500000007451,0.0,0.0,0.0,
19618,32302,15646,-1,0.0,0.0,10.0,0.0,0.0,0.0,
19620,32304,14782,19,0.0,0.0,0.0,0.0,0.0,0.0,
19623,32309,11464,19,0.0,0.0,0.5,0.0,0.0,0.0,
19626,32272,15510,1,0.0,0.0,0.0,0.0,3.14159011841,0.0,
19627,32310,15423,-1,0.0,0.0,0.0,0.0,0.0,0.0,
19628,32271,16108,34,0.5,0.0,-2.0,0.0,-1.57079994678,0.0,
19629,32271,15512,34,0.5,0.0,-1.0,0.0,0.0,0.0,
19632,32300,10272,19,2.0,0.0,0.0,0.0,0.0,0.0,
19633,32311,11464,-1,0.0,0.0,1.0,0.0,0.0,0.0,
19634,32312,11464,-1,0.0,0.0,3.0,0.0,0.0,0.0,
19635,32313,11464,-1,0.0,0.0,5.0,0.0,0.0,0.0,
19636,32314,11464,-1,0.0,0.0,7.0,0.0,0.0,0.0,
19637,32315,11464,-1,0.0,0.0,9.0,0.0,0.0,0.0,
19638,32322,11963,34,0.0,0.0,0.0,0.0,0.0,0.0,
19639,32325,7495,19,0.0,0.0,0.0,0.0,0.0,0.0,
19640,32326,8434,-1,0.0,0.0,0.0,0.0,0.0,0.0,
19641,32329,4054,20,0.0,0.0,0.0,0.0,0.0,0.0,
19642,32330,11785,34,0.0,0.0,0.0,0.0,0.0,0.0,
19644,32019,15515,19,0.0,0.0,-1.0,0.0,0.0,0.0,
19649,32341,15515,19,0.0,0.0,-1.0,0.0,0.0,0.0,
19650,32341,15515,19,0.0,0.0,-1.0,0.0,0.0,0.0,
19651,32341,3049,19,0.0,0.0,1.0,0.0,0.0,0.0,
19652,31366,11464,34,0.0,0.0,0.0,0.0,0.0,0.0,
19656,32344,15518,19,-0.5,0.0,-2.0,0.0,0.0,0.0,
19657,32344,15737,19,-0.5,0.0,-2.45000004768,0.0,0.0,0.0,
19658,32342,10350,-1,0.0,0.0,0.0,0.0,0.0,0.0,
19660,32345,15518,19,-0.5,0.0,-1.5,0.0,0.0,0.0,
19661,32345,15519,19,-0.5,0.0,-1.98000001907,0.0,0.0,0.0,
19662,32332,10110,1,1.60000002384,-0.10000000149,0.0,0.0,0.0,0.0,
19664,32346,14835,-1,0.0,0.0,0.0,0.0,0.0,0.0,
19666,32331,10110,1,1.60000002384,-0.10000000149,0.0,0.0,0.0,0.0,
19667,32349,10469,34,0.600000023842,0.0,0.0,0.0,0.0,0.0,
19668,32350,15539,19,-0.5,0.0,-1.20000004768,0.0,0.0,0.0,
19669,32350,15540,19,-0.5,0.0,-1.70000004768,0.0,0.0,0.0,
19670,32352,15535,19,-0.5,0.0,-2.5,0.0,0.0,0.0,
19671,32352,15536,19,-0.5,0.0,-3.40000009537,0.0,0.0,0.0,
19672,32353,8785,34,0.20000000298,0.0,0.0,0.0,0.0,0.0,
19673,32354,4003,19,0.0,0.0,0.0,0.0,0.0,0.0,
19674,32355,15526,34,0.0,0.0,0.0,0.0,0.0,0.0,
19675,32355,15614,22,0.0,0.0,0.0,0.0,0.0,0.0,
19676,32355,15614,21,0.0,0.0,0.0,0.0,0.0,0.0,
19677,32291,16126,-1,15.0,10.0,0.0,0.0,0.0,0.0,
19679,32072,15528,22,0.0,0.0,0.0,0.0,0.0,0.0,
19680,32072,15528,21,0.0,0.0,0.0,0.0,0.0,0.0,
19681,32357,8910,19,0.0,0.0,2.0,0.0,0.0,0.0,
19685,32358,15533,-1,0.0,0.0,0.300000011921,0.0,0.0,0.0,
19686,32361,15544,6,0.0,0.0,0.0,0.0,0.0,0.0,
19687,32361,15544,5,0.0,0.0,0.0,0.0,0.0,0.0,
19688,32362,15537,30,-0.600000023842,0.40000000596,0.20000000298,0.0,2.09438991547,0.0,
19690,32363,15541,19,0.0,0.0,-6.0,0.0,0.0,0.0,
19691,32364,15542,-1,0.0,0.0,0.0,0.0,0.0,0.0,
19692,32366,5191,-1,0.0,0.0,0.300000011921,0.0,0.0,0.0,
19697,32372,5393,-1,0.0,0.0,2.0,0.0,0.0,0.0,
19698,32378,13135,16,-0.20000000298,0.0,0.0,1.57079994678,0.0,0.0,
19699,32378,13135,16,-0.20000000298,0.0,0.0,1.57079994678,-1.57079994678,0.0,
19700,32378,13135,16,-0.20000000298,0.0,0.0,-1.57079994678,0.0,0.0,
19705,32378,13135,16,-0.20000000298,0.0,0.0,1.57079994678,-0.523599028587,0.0,
19706,32378,13135,16,-0.20000000298,0.0,0.0,1.57079994678,-1.04719996452,0.0,
19707,32378,13135,16,-0.20000000298,0.0,0.0,1.57079994678,0.523599028587,0.0,
19708,32384,15546,34,0.0,0.0,0.0,0.0,0.0,0.0,
19712,32388,8911,22,0.0,0.0,0.0,0.0,0.0,0.0,
19713,32388,8911,21,0.0,0.0,0.0,0.0,0.0,0.0,
19714,32390,5046,-1,5.0,0.0,10.0,0.0,-0.436331987381,0.0,
19717,32392,15548,19,20.0,0.0,10.0,1.57079994678,0.0,0.0,
19718,30910,15551,17,0.5,0.0,0.0,0.0,0.0,0.0,
19719,30931,15552,-1,0.0,0.0,0.0,0.0,0.0,0.0,
19720,32398,8045,34,-15.0,0.0,0.0,0.0,1.57079994678,0.0,
19721,32399,5194,17,1.5,0.0,0.0,0.0,0.0,0.0,
19722,32398,8045,34,-15.0,0.0,0.0,0.0,1.57079994678,0.0,
19723,32402,5742,17,1.0,0.0,0.0,0.0,0.0,0.0,
19724,32403,15555,19,0.0,0.0,-1.0,0.0,0.0,0.0,
19726,32403,15555,19,0.0,0.0,-1.0,0.0,0.0,0.0,
19727,32404,7109,17,0.0,0.0,0.0,0.61086499691,-0.174532994628,0.0,
19728,32403,4107,19,-1.0,0.0,0.0,0.0,0.0,0.0,
19730,32405,5479,17,0.0,0.0,0.0,0.0,-0.174532994628,0.0,
19732,32406,4747,17,0.0,0.0,0.0,0.0,-0.174532994628,0.0,
19733,32407,4828,17,0.0,0.0,0.0,0.0,-0.174532994628,0.0,
19734,32414,8538,-1,0.0,0.0,0.0,0.0,0.0,0.0,
19735,32416,15542,-1,0.0,0.0,-6.0,0.0,0.0,0.0,
19736,32417,15542,-1,0.0,0.0,6.0,0.0,0.0,0.0,
19739,32420,15560,-1,0.0,0.0,-1.0,0.0,0.0,0.0,
19741,32421,15557,19,-7.0,0.0,3.25,3.14159011841,0.0,0.0,
19743,32420,15558,-1,0.0,0.0,-1.0,0.0,0.0,0.0,
19744,32420,15561,-1,0.0,0.0,-1.0,0.0,0.0,0.0,
19746,32432,15889,2,0.0,0.0,0.5,0.0,0.0,0.0,
19749,32433,15889,1,0.0,0.0,0.5,0.0,0.0,0.0,
19752,32427,15345,34,0.0,0.0,0.0,0.0,0.0,0.0,
19753,32437,15344,34,0.0,0.0,0.0,0.0,0.0,0.0,
19754,32439,15516,19,0.0,0.0,-28.0,0.0,0.0,0.0,
19756,32442,9895,19,0.0,0.0,1.0,0.0,0.0,0.0,
19757,32444,15339,22,0.0,0.0,0.0,0.0,0.0,0.0,
19758,32444,15339,21,0.0,0.0,0.0,0.0,0.0,0.0,
19759,32445,15339,21,0.0,0.0,0.0,0.0,0.0,0.0,
19760,32445,15339,22,0.0,0.0,0.0,0.0,0.0,0.0,
19764,32448,15566,19,0.0,0.0,0.0,0.0,0.0,0.0,
19767,32449,9800,34,0.0,0.0,0.0,0.0,0.0,0.0,
19768,32449,10110,19,0.0,0.0,0.0,0.0,0.0,0.0,
19769,32449,10110,34,2.0,0.0,0.0,0.0,0.0,0.0,
19770,32449,10110,10,-3.0,0.0,0.0,0.0,0.0,0.0,
19771,32451,15339,22,0.0,0.0,0.0,0.0,0.0,0.0,
19772,32451,15339,21,0.0,0.0,0.0,0.0,0.0,0.0,
19773,32452,11464,34,0.0,0.0,0.0,0.0,0.0,0.0,
19774,32453,4059,19,0.0,0.0,0.0,0.0,0.0,0.0,
19775,32453,3671,34,0.0,0.0,0.0,0.0,0.0,0.0,
19776,32454,15567,19,0.0,0.0,0.0,0.0,0.0,0.0,
19777,32455,15451,19,0.0,0.0,0.0,0.0,0.0,0.0,
19778,32455,15563,22,0.0,0.0,0.0,0.0,0.0,0.0,
19779,32455,15563,21,0.0,0.0,0.0,0.0,0.0,0.0,
19780,32457,15456,22,0.0,0.0,0.0,0.0,0.0,0.0,
19781,32457,15456,21,0.0,0.0,0.0,0.0,0.0,0.0,
19782,32460,15555,34,0.0,0.0,-8.0,0.0,0.0,0.0,
19783,32460,15314,34,0.0,0.0,0.0,0.0,0.0,0.0,
19784,32462,15989,19,0.0,0.0,0.0,0.0,0.0,0.0,
19785,32464,15349,19,0.0,0.0,0.0,0.0,0.0,0.0,
19786,32464,15344,34,0.0,0.0,0.0,0.0,0.0,0.0,
19787,32467,15571,19,0.0,0.0,-28.0,0.0,0.0,0.0,
19788,32468,15572,19,0.0,0.0,-28.0,0.0,0.0,0.0,
19789,32469,15573,19,0.0,0.0,-28.0,0.0,0.0,0.0,
19791,32471,12958,19,0.0,0.0,0.0,0.0,0.0,0.0,
19792,32472,15345,22,0.0,0.0,0.0,0.0,0.0,0.0,
19793,32472,15345,21,0.0,0.0,0.0,0.0,0.0,0.0,
19794,32473,15356,19,0.0,0.0,0.0,0.0,0.0,0.0,
19795,32473,14745,19,0.0,0.0,0.0,0.0,0.0,0.0,
19796,32476,6616,19,0.0,0.0,13.0,0.0,0.0,0.0,
19797,32476,15478,19,0.0,0.0,13.0,0.0,0.0,0.0,
19798,32477,15576,34,1.0,0.20000000298,-0.5,0.0,0.0,0.0,
19799,32477,15576,34,1.0,0.20000000298,0.20000000298,0.436331987381,0.0,0.0,
19800,32477,6585,34,1.0,0.20000000298,0.899999976158,-0.436331987381,0.0,0.0,
19801,32484,15585,19,0.0,0.0,-2.5,0.0,0.0,0.0,
19802,32480,15581,19,0.0,0.0,-2.5,0.0,0.0,0.0,
19803,32482,15584,19,0.0,0.0,-2.5,0.0,0.0,0.0,
19804,32481,15583,19,0.0,0.0,-2.5,0.0,0.0,0.0,
19806,32486,15586,-1,0.0,0.0,0.0,0.0,0.0,0.0,
19807,32486,15589,-1,0.0,0.0,0.0,0.0,0.0,0.0,
19808,32486,13390,-1,0.0,0.0,0.0,0.0,0.0,0.0,
19809,32488,15590,-1,0.0,0.0,1.0,0.0,0.0,0.0,
19811,32488,15592,-1,0.0,0.0,0.0,0.0,0.0,0.0,
19812,32488,15593,-1,0.0,0.0,0.0,0.0,0.0,0.0,
19815,32490,15595,-1,0.0,0.0,0.0,0.0,0.0,0.0,
19816,32491,15597,-1,0.0,0.0,-3.0,0.0,0.0,0.0,
19817,32491,15598,-1,0.0,0.0,-5.0,0.0,0.0,0.0,
19818,32492,15597,-1,0.0,0.0,3.0,0.0,3.14159011841,0.0,
19819,32492,15598,-1,0.0,0.0,5.0,0.0,3.14159011841,0.0,
19820,32492,8681,-1,0.0,0.0,0.0,0.0,3.14159011841,0.0,
19821,32493,7257,19,0.0,0.0,0.75,0.0,0.0,0.0,
19824,32093,12593,2,0.0,0.0,0.0,0.0,0.0,0.0,
19825,32093,12593,1,0.0,0.0,0.0,0.0,0.0,0.0,
19826,32101,15601,2,0.0,0.0,0.0,0.0,0.0,0.0,
19827,32101,15601,1,0.0,0.0,0.0,0.0,0.0,0.0,
19828,32101,13174,2,0.0,0.0,0.0,0.0,0.0,0.0,
19829,32101,13174,1,0.0,0.0,0.0,0.0,0.0,0.0,
19831,32500,13135,17,-0.20000000298,-1.29999995232,0.0500000007451,1.39626002312,0.0,0.0,
19832,32503,9743,-1,0.0,0.0,-10.0,0.0,0.0,0.0,
19833,32505,15606,47,0.0,0.0,0.0,0.0,0.0,0.0,
19834,32505,15607,48,0.0,0.0,0.0,0.0,0.0,0.0,
19835,32505,14680,6,0.0,0.0,0.0,0.0,0.0,0.0,
19836,32505,14681,5,0.0,0.0,0.0,0.0,0.0,0.0,
19837,32506,15608,47,0.0,0.0,0.0,0.0,0.0,0.0,
19838,32506,15609,48,0.0,0.0,0.0,0.0,0.0,0.0,
19839,32506,14678,6,0.0,0.0,0.0,0.0,0.0,0.0,
19840,32506,14679,5,0.0,0.0,0.0,0.0,0.0,0.0,
19843,32509,15473,19,0.0,0.0,0.0,0.0,0.0,0.0,
19845,32511,15361,19,0.0,0.0,-9.0,0.0,0.0,0.0,
19846,32515,15361,-1,0.0,0.0,0.0,0.0,0.0,0.0,
19847,32522,15627,-1,0.0,0.0,0.0,0.0,0.0,0.0,
19848,32524,6384,17,0.0,0.0500000007451,0.10000000149,0.0,0.0,0.0,
19849,32524,6384,17,0.0,-0.0500000007451,0.10000000149,0.0,0.0,0.0,
19850,32531,11327,19,0.0,0.0,0.0,0.0,0.0,0.0,
19851,32534,3390,19,0.0,0.0,0.40000000596,0.0,1.04719996452,0.0,
19852,32535,15707,34,0.0,0.0,0.0,0.0,0.0,0.0,
19853,32539,14756,-1,0.0,0.0,0.0,0.0,0.0,0.0,
19854,32539,7034,-1,0.0,0.0,0.0,0.0,0.0,0.0,
19855,25733,14837,1,-0.20000000298,0.0,0.20000000298,0.0,0.0,0.0,
19856,25733,14837,2,-0.20000000298,0.0,0.20000000298,0.0,0.0,0.0,
19860,32540,14756,-1,0.0,0.0,0.0,0.0,0.0,0.0,
19861,32522,15628,-1,0.0,0.0,0.0,0.0,0.0,0.0,
19863,31713,15049,19,0.0,0.0,0.0,0.0,0.0,0.0,
19864,31672,14799,19,0.0,0.0,0.0,0.0,0.0,0.0,
19865,32544,7027,-1,0.0,0.0,0.0,0.0,0.0,0.0,
19866,32544,10878,-1,0.0,0.0,0.0,0.0,0.0,0.0,
19867,32544,5109,-1,0.0,0.0,0.0,0.0,0.0,0.0,
19868,32545,15631,-1,0.0,0.0,0.15000000596,0.0,0.0,0.0,
19869,32546,15453,19,0.0,0.0,0.0,0.0,0.0,0.0,
19870,32548,4293,37,0.0,0.0,0.0,0.0,0.0,0.0,
19871,32547,272,37,0.0,0.0,0.0,0.0,0.0,0.0,
19872,32552,9895,34,0.0,0.0,0.0,0.0,0.0,0.0,
19874,32557,13426,-1,0.0,0.0,-0.20000000298,0.0,0.0,0.0,
19875,32557,15633,-1,0.0,0.0,0.0,0.0,0.0,0.0,
19876,32526,8227,-1,0.0,0.0,-0.5,0.0,0.0,0.0,
19877,32586,15909,19,0.25,0.0,1.0,0.174532994628,0.0,0.0,
19878,32590,12447,12,0.5,-0.300000011921,1.89999997616,0.0,0.0,0.0,
19879,32590,12447,12,0.5,-0.600000023842,1.60000002384,0.0,0.0,0.0,
19880,32590,12447,12,0.5,0.600000023842,1.60000002384,0.0,0.0,0.0,
19881,32590,12447,12,0.5,0.300000011921,1.89999997616,0.0,0.0,0.0,
19882,23307,12418,-1,0.0,0.0,0.0,0.0,-1.57079994678,0.0,
19883,23307,15612,-1,0.0,0.0,0.0,0.0,0.0,0.0,
19884,23307,14236,-1,0.0,0.0,0.0,0.0,0.0,0.0,
19885,23307,4158,-1,0.0,0.0,0.0,0.0,0.0,0.0,
19886,31652,15294,-1,0.0,0.0,0.0,0.0,0.0,0.0,
19887,31652,15643,-1,0.0,0.0,0.0,0.0,0.0,0.0,
19888,32592,14838,22,0.0,0.0,0.0,0.0,0.0,0.0,
19891,32597,12643,17,0.0,0.0,0.0,0.0,-0.174532994628,0.0,
19892,32599,8029,17,0.0,0.0,0.0,0.0,0.0,0.0,
19894,32606,15665,19,0.0,0.0,0.0,0.0,0.0,0.0,
19895,32608,10560,19,0.0,0.0,0.5,0.0,0.0,0.0,
19896,32609,11122,19,0.0,0.0,0.0,0.0,0.0,-1.57079994678,
19898,32612,6396,-1,0.0,0.0,1.5,0.0,0.0,0.0,
19899,32612,15651,-1,0.0,0.0,1.0,0.0,0.0,0.0,
19900,32612,5732,-1,0.0,0.0,0.5,0.0,0.0,0.0,
19901,32612,15652,-1,0.0,0.0,0.0,0.0,0.0,0.0,
19903,32612,8284,-1,0.0,0.0,1.0,0.0,0.0,0.0,
19904,32612,6012,-1,0.0,0.0,0.0,0.0,0.0,0.0,
19905,32612,15653,-1,0.0,0.0,0.0,0.0,0.0,0.0,
19906,32624,15523,19,0.0,0.0,0.0,0.0,0.0,0.0,
19907,32627,15657,20,0.0,0.0,0.300000011921,0.0,0.0,0.0,
19908,32631,5072,20,0.0,0.0,0.300000011921,0.0,0.0,0.0,
19910,32633,15660,34,-1.0,0.0,0.0,0.0,0.0,0.0,
19912,32639,15661,-1,0.0,-0.5,10.3000001907,0.0,0.0,0.0,
19913,32640,15662,-1,0.0,-0.40000000596,10.3000001907,0.0,0.0,0.0,
19914,32639,15663,-1,0.0,-0.5,2.5,0.0,0.0,0.0,
19915,32641,15664,-1,0.0,0.0,0.0,0.0,0.0,0.0,
19916,31145,15569,19,0.0,0.0,0.0,0.0,0.0,0.0,
19918,31145,15667,19,0.0,0.0,0.0,0.0,0.0,0.0,
19923,31585,16056,19,0.0,0.0,-0.5,1.57079994678,0.0,0.0,
19927,32549,15676,19,0.0,1.5,2.75,0.261799007654,0.0,-1.57079994678,
19928,32549,15676,19,1.0,4.0,2.75,-0.261799007654,0.0,-1.57079994678,
19929,32647,7613,34,0.0,0.0,0.0,0.0,0.0,0.0,
19930,32647,7613,33,0.0,0.0,0.0,0.0,0.0,0.0,
19931,32647,7613,6,0.0,0.0,0.0,0.0,0.0,0.0,
19932,32649,7320,19,0.0,0.0,0.0,0.0,0.0,0.0,
19933,32648,8075,19,0.0,0.0,0.0,0.0,0.0,0.0,
19934,32651,15693,20,0.0,0.0,2.0,0.0,0.0,0.0,
19935,32654,15679,19,0.0,0.0,1.0,0.0,0.0,0.0,
19937,32661,11775,19,0.0,0.0,0.0,0.0,0.0,0.0,
19939,32665,15694,20,0.0,0.0,2.0,0.0,0.0,0.0,
19940,32663,15502,-1,0.0,0.0,0.0,0.0,0.0,0.0,
19941,32100,4022,17,0.0,0.0,0.0,0.0,0.0,0.0,
19943,32671,5900,19,0.0,0.0,0.0,0.0,0.0,0.0,
19944,32675,8878,17,0.0,0.0,-0.40000000596,0.0,0.0,0.0,
19945,32675,10810,17,0.10000000149,-0.20000000298,0.300000011921,0.0,0.0,0.0,
19946,32675,10810,17,0.10000000149,0.20000000298,0.300000011921,0.0,0.0,0.0,
19948,32677,110,19,0.0,0.0,0.0,0.0,0.0,0.0,
19949,32677,5723,19,0.0,0.0,0.0,0.0,0.0,0.0,
19950,32678,4443,20,0.0,0.0,0.0,0.0,0.0,0.0,
19951,32679,11288,19,0.0,0.0,0.300000011921,0.0,0.0,0.0,
19952,32681,2402,19,0.0,0.0,0.0,0.0,0.0,0.0,
19953,32678,9568,19,0.0,0.0,0.0,0.0,0.0,0.0,
19957,32683,16307,-1,0.0,0.0,0.0,0.0,3.14159011841,0.0,
19958,32683,16307,-1,0.0,0.0,0.0,0.0,0.0,0.0,
19960,32685,15703,17,0.0,0.0,0.0,0.0,0.0,0.0,
19961,31705,15568,19,0.0,0.0,0.0,0.0,0.0,0.0,
19967,32690,11674,34,0.0,0.0,0.0,0.0,0.0,0.0,
19968,32692,15706,19,0.0,0.300000011921,0.0,-0.523599028587,1.04719996452,0.0,
19969,32692,15706,19,0.0,-0.300000011921,0.0,0.523599028587,1.04719996452,0.0,
19970,32692,13099,19,0.10000000149,0.300000011921,-0.40000000596,0.0,0.0,0.0,
19971,32692,13099,19,0.10000000149,-0.300000011921,-0.40000000596,0.0,0.0,0.0,
19972,32696,15416,-1,0.0,0.0,0.0,0.0,0.0,0.0,
19973,32696,12169,-1,0.0,0.0,0.0,0.0,0.0,0.0,
19976,32697,15411,-1,0.0,0.0,0.0,0.0,0.0,0.0,
19977,32697,6591,-1,0.0,0.0,0.0,0.0,0.0,0.0,
19978,32699,10075,-1,0.0,0.0,0.0,0.0,0.0,0.0,
19979,32699,5212,-1,0.0,0.0,-0.75,0.0,0.0,0.0,
19980,32699,15411,-1,0.0,0.0,-0.75,0.0,0.0,0.0,
19981,32700,5779,19,0.0,0.0,0.0,0.0,0.0,0.0,
19982,32700,4127,19,0.0,0.0,0.0,0.0,0.0,0.0,
19983,32701,8993,19,0.0,0.0,0.300000011921,0.0,0.0,0.0,
19984,32702,8003,-1,0.0,0.0,5.0,0.0,0.0,0.0,
19985,28166,16216,19,0.0,0.0,0.0,0.0,0.0,0.0,
19986,32705,4293,19,0.0,0.0,0.5,0.0,0.0,0.0,
19995,32717,15714,-1,12.0,0.0,0.0,0.0,0.0,0.0,
19996,32717,15713,-1,6.0,10.3922996521,0.0,0.0,0.0,0.0,
19997,32717,15712,-1,-6.0,10.3922996521,0.0,0.0,0.0,0.0,
19998,32717,15711,-1,-12.0,0.0,0.0,0.0,0.0,0.0,
19999,32717,15710,-1,-6.0,-10.3922996521,0.0,0.0,0.0,0.0,
20004,32682,15644,22,0.0,0.0,0.0,0.0,0.0,0.0,
20005,27597,15848,-1,0.0,0.0,0.0,0.0,0.0,0.0,
20007,32721,12169,-1,0.0,0.0,0.0,0.0,0.0,0.0,
20008,32721,15417,-1,0.0,0.0,0.0,0.0,0.0,0.0,
20009,32721,15418,-1,0.0,0.0,0.0,0.0,0.0,0.0,
20010,32129,15418,-1,0.0,0.0,0.0,0.0,0.0,0.0,
20011,32129,12169,-1,0.0,0.0,0.0,0.0,0.0,0.0,
20012,32725,15718,-1,0.0,0.0,0.0,0.0,0.0,0.0,
20014,32725,15723,-1,0.0,0.0,-3.0,0.0,0.0,0.0,
20015,32726,15719,19,0.10000000149,0.0,0.0,0.0,0.0,0.0,
20017,32725,15724,-1,10.0,-5.0,3.0,0.0,0.0,0.785398006439,
20018,32725,15724,-1,10.0,5.0,3.0,0.0,0.0,-0.785398006439,
20019,32725,15724,-1,10.0,-12.0,3.0,0.0,0.0,1.57079994678,
20020,32727,8785,34,0.0,0.0,-1.79999995232,0.0,0.0,0.0,
20021,32725,15724,-1,10.0,1.0,3.0,0.0,0.0,1.57079994678,
20022,32728,8785,34,0.0,0.0,-2.79999995232,0.0,0.0,0.0,
20024,32731,12397,19,0.0,0.0,2.0,0.0,0.0,0.0,
20025,32074,15726,19,0.0,0.0,0.0,0.0,0.0,0.0,
20026,32732,11465,20,0.0,0.0,-0.0500000007451,0.0,0.0,0.0,
20028,32082,15727,19,0.5,0.0,0.0,0.0,0.0,0.0,
20029,32732,15725,20,0.0,0.0,-0.0500000007451,0.0,0.0,0.0,
20030,32735,15730,-1,0.0,0.0,0.0,0.0,0.0,0.0,
20031,32736,7852,21,0.0,0.0,0.0,0.0,0.0,0.0,
20032,32736,7852,22,0.0,0.0,0.0,0.0,0.0,0.0,
20033,32580,11761,-1,0.0,0.0,1.0,0.0,0.0,0.0,
20034,32580,15729,-1,0.0,0.0,0.0,0.0,0.0,0.0,
20035,32742,11463,-1,0.0,0.0,0.0,0.0,0.0,0.0,
20036,32742,15731,-1,0.0,0.0,0.0,0.0,0.0,0.0,
20037,32743,4452,-1,0.0,0.0,0.0,0.0,0.0,0.0,
20038,32743,15732,-1,0.0,0.0,0.0,0.0,0.0,0.0,
20039,28166,16216,19,0.0,0.0,3.5,0.0,3.14159011841,0.0,
20042,32745,4405,19,0.0,0.0,3.09999990463,0.0,0.0,0.0,
20043,32729,3001,19,0.0,0.0,0.0,0.0,0.0,0.0,
20049,32765,12250,-1,0.0,0.0,2.0,0.0,0.0,0.0,
20051,32460,15742,19,0.0,0.0,0.0,0.0,0.0,0.0,
20052,32767,7309,19,0.0,0.0,0.0,0.0,0.0,0.0,
20053,32767,15744,19,0.0,0.0,0.0,0.0,0.0,0.0,
20054,32768,15585,19,0.0,0.0,-2.5,0.0,0.0,0.0,
20055,32769,15584,19,0.0,0.0,-2.5,0.0,0.0,0.0,
20056,32770,15583,19,0.0,0.0,-2.5,0.0,0.0,0.0,
20057,32771,15581,19,0.0,0.0,-2.5,0.0,0.0,0.0,
20058,32430,11131,-1,0.0,0.0,0.0,0.0,0.0,0.0,
20059,32776,10369,-1,0.0,0.0,0.0,0.0,0.0,0.0,
20060,31349,15980,-1,0.0,0.0,0.0,0.0,0.0,0.0,
20061,31349,15979,-1,0.0,0.0,0.0,0.0,0.0,0.0,
20063,32777,11023,19,0.0,0.0,0.10000000149,0.0,0.0,0.0,
20064,32780,477,19,0.0,0.300000011921,0.0,-0.523599028587,1.04719996452,0.0,
20065,32779,14592,20,0.0,0.0,-3.5,0.0,0.0,0.0,
20066,32781,10213,19,0.0,-0.300000011921,0.0,0.523599028587,1.04719996452,0.0,
20071,32782,16352,19,0.0,0.0,0.0,0.0,0.0,0.0,
20073,32784,15842,-1,0.0,0.0,0.0,0.0,0.0,0.0,
20074,32779,14592,20,0.0,0.0,-5.0,0.0,0.0,0.0,
20075,32788,13282,-1,0.0,0.0,0.0,0.0,0.0,0.0,
20077,32790,14254,20,0.0,0.0,0.0,0.0,0.0,0.0,
20078,32782,16353,19,0.0,0.0,0.0,0.0,0.0,0.0,
20082,32796,70,34,0.0,0.0,-1.0,0.0,0.0,0.0,
20083,32798,4920,34,0.0,0.0,0.0,0.0,0.0,0.0,
20084,32802,15755,19,0.0,0.0,-8.5,0.0,0.0,0.0,
20085,32804,9188,19,2.0,0.0,0.0,0.0,0.0,0.0,
20086,32804,15440,19,2.0,0.0,0.0,0.0,0.0,0.0,
20087,32805,15292,22,1.0,0.0,-0.20000000298,0.0,0.0,0.0,
20089,32806,15756,-1,0.0,0.0,-1.0,0.0,0.0,0.0,
20091,32807,6955,-1,0.0,3.0,0.0,0.0,0.0,-1.57079994678,
20092,32808,7593,-1,0.0,3.0,0.0,0.0,0.0,-1.57079994678,
20093,32811,15758,19,0.0,0.0,0.0,0.0,0.0,0.0,
20094,32812,15758,19,0.0,0.0,0.0,0.0,0.0,0.0,
20095,32813,15499,39,0.0,-0.25,-0.25,0.0,0.0,0.0,
20096,32814,15499,39,0.0,-0.25,-0.25,0.0,0.0,0.0,
20097,32815,15500,40,0.0,0.0,-0.699999988079,0.0,0.0,0.0,
20098,32816,15500,40,0.0,0.0,-0.699999988079,0.0,0.0,0.0,
20099,32817,15498,41,0.0,0.0,-0.25,0.0,0.0,0.0,
20100,32818,15498,41,0.0,0.0,-0.25,0.0,0.0,0.0,
20101,32819,15758,42,-0.15000000596,0.0,-0.300000011921,0.0,0.0,0.0,
20102,32820,15758,42,-0.15000000596,0.0,-0.300000011921,0.0,0.0,0.0,
20103,32821,15761,43,-0.119999997318,-0.054999999702,-0.600000023842,0.0,0.0,0.0,
20104,32822,15761,43,-0.119999997318,-0.054999999702,-0.600000023842,0.0,0.0,0.0,
20105,32823,15499,44,0.0,-0.0500000007451,-0.40000000596,0.0,0.0,0.0,
20106,32824,15499,44,0.0,-0.0500000007451,-0.40000000596,0.0,0.0,0.0,
20107,32825,15758,45,0.0,0.0,-0.25,0.0,0.0,0.0,
20108,32826,15758,45,0.0,0.0,-0.25,0.0,0.0,0.0,
20109,32827,15762,46,-0.10000000149,-0.0500000007451,-0.40000000596,0.0,0.0,0.0,
20110,32828,15762,46,-0.10000000149,-0.0500000007451,-0.40000000596,0.0,0.0,0.0,
20111,32833,15310,-1,0.0,0.0,0.0,0.0,0.0,0.0,
20112,32834,15310,-1,0.0,0.0,0.0,0.0,0.0,0.0,
20113,32834,15467,22,0.0,0.0,0.0,0.0,0.0,0.0,
20114,32835,12171,17,0.0,0.0,0.0,0.0,0.0,0.0,
20115,32843,4415,17,-0.25,0.0,1.79999995232,0.0,0.0,0.0,
20117,32845,5048,38,0.0,0.0,0.0,0.0,0.0,0.0,
20118,32848,15568,-1,0.0,0.0,0.0,0.0,0.0,0.0,
20119,31585,16056,19,0.0,0.0,-0.5,0.0,0.0,0.0,
20120,31585,16056,19,0.0,0.0,-0.5,0.785398006439,0.0,0.0,
20122,31906,10274,-1,0.0,0.0,0.0,0.0,0.0,0.0,
20123,32858,7678,19,0.0,0.0,0.10000000149,0.0,0.0,0.0,
20124,32859,5504,-1,0.0,0.0,0.0,0.0,0.0,0.0,
20125,32851,5504,-1,0.0,0.0,0.0,0.0,0.0,0.0,
20126,32860,5504,-1,0.0,0.0,0.0,0.0,0.0,0.0,
20127,31958,15772,19,0.0,0.0,0.0,0.0,0.0,0.0,
20130,32855,12120,19,0.0,0.0,0.0,0.0,0.0,0.0,
20131,32856,15777,-1,0.0,0.0,0.0,0.0,0.0,0.0,
20132,32862,15776,-1,0.0,0.0,1.5,0.0,0.0,0.0,
20133,32856,12303,-1,0.0,0.0,0.0,0.0,0.0,0.0,
20134,32863,3637,-1,0.0,0.0,0.0,0.0,0.0,0.0,
20135,32858,11152,19,0.0,0.0,-0.15000000596,0.0,0.0,0.0,
20136,32865,11863,-1,0.0,0.0,0.0,0.0,0.0,0.0,
20137,32866,15779,-1,0.0,0.0,0.0,0.0,0.0,0.0,
20138,32867,15780,-1,0.0,0.0,0.0,0.0,0.0,0.0,
20139,32868,15781,34,0.75,0.0,-0.25,0.0,0.0,0.0,
20140,32869,16279,19,-3.24000000954,-2.3599998951,0.0,0.0,0.0,0.0,
20141,32869,16279,19,4.0,0.0,0.0,0.0,0.0,0.0,
20142,32869,16279,19,1.24000000954,3.79999995232,0.0,0.0,0.0,0.0,
20143,32869,16279,19,1.24000000954,-3.79999995232,0.0,0.0,0.0,0.0,
20144,32871,15783,19,0.899999976158,0.180000007153,0.300000011921,-0.366519004107,-1.22172999382,0.0,
20146,32875,15785,19,0.0,0.0,-0.800000011921,0.0,0.0,0.0,
20147,32869,16279,19,-3.24000000954,2.3599998951,0.0,0.0,0.0,0.0,
20148,32879,15310,-1,0.0,0.0,0.0,0.0,0.0,0.0,
20149,32874,4239,-1,0.0,0.0,0.0,0.0,0.0,0.0,
20150,32878,3654,19,0.0,0.0,-0.20000000298,0.0,0.0,0.0,
20151,32881,6765,19,0.0,0.0,0.0,0.0,-1.57079994678,0.0,
20152,32882,12495,16,-0.25,0.0,0.0,0.0,0.0,0.0,
20153,32885,15781,34,0.75,0.0,-0.20000000298,0.0,0.0,0.0,
20154,32886,15880,19,-1.0,0.0,-0.25,3.57791996002,0.0,0.0,
20156,32889,15454,-1,0.0,0.0,0.0,0.0,0.0,0.0,
20157,32891,9680,19,0.0,0.0,0.0,0.0,0.0,0.0,
20160,32903,15781,-1,0.0,0.0,0.0,0.0,0.0,0.0,
20162,32904,15801,19,0.0,0.0,0.0,0.0,0.0,0.0,
20163,32904,15800,19,0.0,0.0,0.0,0.0,0.0,0.0,
20169,32906,5625,22,0.0,0.0,0.0,0.0,0.0,0.0,
20170,32906,15161,22,0.0,0.0,0.0,0.0,0.0,0.0,
20172,31295,15707,34,0.0,0.0,0.0,0.0,0.0,0.0,
20173,32907,15807,-1,0.0,0.0,0.0,0.349065989256,0.0,0.0,
20174,32907,15807,-1,0.0,0.0,0.0,-0.349065989256,0.0,0.0,
20175,31295,15622,19,0.0,0.0,0.0,0.0,0.0,0.0,
20178,32908,10457,20,0.0,0.0,1.0,0.0,0.0,0.0,
20179,32909,714,-1,0.0,0.0,0.0,0.0,0.0,0.0,
20180,32910,15781,19,0.0,0.0,0.0,0.0,0.0,0.0,
20183,32911,2989,19,0.0,0.0,0.0,0.0,3.14159011841,0.0,
20184,32911,2989,19,0.0,0.0,0.0,0.0,0.0,0.0,
20185,32916,13423,19,0.0,0.0,0.0,0.0,0.0,0.0,
20186,32917,3082,19,0.0,0.0,0.0,0.0,0.0,0.0,
20189,32919,15248,19,1.5,0.0,0.5,0.0,0.0,0.0,
20192,32783,8767,19,0.0,0.0,0.0,0.0,0.0,0.0,
20194,32926,15023,34,0.0,0.0,0.0,0.0,0.0,0.0,
20195,32928,7257,-1,0.5,0.0,0.0,0.0,0.0,0.0,
20196,32929,10195,34,0.0,0.0,0.0,0.0,0.0,0.0,
20197,32077,15820,19,0.0,0.0,0.0,0.0,0.0,0.0,
20198,32934,15822,17,0.0,0.0,0.0,0.0,0.0,0.0,
20199,32935,8665,-1,0.0,0.0,2.0,0.0,0.0,0.0,
20200,32937,15548,19,20.0,0.0,10.0,1.57079994678,0.0,0.0,
20202,32938,83,-1,0.0,0.0,0.0,0.0,0.0,0.0,
20203,32938,7158,-1,0.0,0.0,-2.0,0.0,0.0,0.0,
20209,30923,16188,-1,0.0,0.0,0.0,0.0,0.0,0.0,
20213,32940,196,34,0.0,0.0,0.0,0.0,0.0,0.0,
20214,32946,15347,19,0.0,0.0,-0.75,0.0,0.0,0.0,
20215,32941,14838,19,0.20000000298,0.0,2.0,0.0,0.0,0.0,
20216,32940,16266,34,0.0,0.0,0.0,0.0,1.57079994678,0.0,
20217,32945,4611,34,0.0,0.0,0.0,0.0,0.0,0.0,
20218,32943,15619,19,0.20000000298,0.0,2.0,0.0,0.0,0.0,
20219,32944,14838,34,-0.40000000596,0.0,-0.10000000149,0.0,0.0,0.0,
20220,32944,15248,34,-0.40000000596,0.0,-0.10000000149,0.0,0.0,0.0,
20221,32949,15824,19,0.0,0.0,1.79999995232,0.0,0.0,0.0,
20222,32949,15825,19,0.0,0.0,0.0,0.0,0.0,0.0,
20223,32950,734,-1,0.0,0.0,0.0,0.0,0.0,0.0,
20224,32951,8878,19,0.10000000149,0.0,1.29999995232,0.0,0.0,0.0,
20227,32956,13346,19,0.0,-2.0,0.0,0.0,0.0,0.0,
20228,32956,10747,19,0.0,0.0,0.0,0.0,0.0,0.0,
20231,32959,9474,19,0.0,-0.75,-18.0,0.0,0.0,0.0,
20232,32960,15835,19,0.0,0.0,3.0,0.0,0.0,0.0,
20233,32960,5384,19,0.0,0.0,1.0,0.0,0.0,0.0,
20235,32960,15833,19,1.35000002384,0.0,2.0,0.0,0.0,0.0,
20236,32961,15881,19,0.0,0.0,0.0,0.0,0.0,0.0,
20237,32961,15881,19,0.0,0.0,2.5,0.0,3.14159011841,0.0,
20238,32962,15836,19,0.0,0.0,3.0,0.0,0.0,0.0,
20239,32962,3675,19,0.0,0.0,1.0,0.0,0.0,0.0,
20241,32962,15837,19,0.0,0.0,2.0,0.0,0.0,0.0,
20242,32964,15839,19,0.0,0.0,3.0,0.0,0.0,0.0,
20243,32964,12424,19,0.0,0.0,1.0,0.0,0.0,0.0,
20245,32964,15840,19,-0.5,0.0,2.0,0.0,0.0,0.0,
20246,32965,15693,34,0.0,0.0,0.0,0.0,0.0,0.0,
20247,32967,15841,19,0.0,0.0,3.0,0.0,0.0,0.0,
20248,32967,3673,19,0.0,0.0,1.0,0.0,0.0,0.0,
20250,32967,15842,19,-0.5,0.0,2.0,0.0,0.0,0.0,
20251,32974,15611,-1,4.0,0.0,0.0,0.0,0.0,0.0,
20257,32975,3748,19,0.0,0.0,0.0,0.0,0.0,0.0,
20259,32978,12921,22,0.0,0.0,0.0,0.0,0.0,0.0,
20260,32978,12580,22,0.0,0.0,0.0,0.0,0.0,0.0,
20261,32978,15851,-1,0.0,0.0,0.0,0.0,0.0,0.0,
20262,32978,15851,-1,0.0,0.0,0.0,0.523599028587,0.0,0.0,
20263,32977,12182,-1,0.0,0.0,0.0,0.0,0.0,0.0,
20264,32977,12182,-1,0.0,0.0,0.0,0.523599028587,0.0,0.0,
20265,32978,12182,-1,0.0,0.0,0.0,0.0,0.0,0.0,
20266,32978,12182,-1,0.0,0.0,0.0,0.523599028587,0.0,0.0,
20270,25330,15779,-1,0.0,0.0,0.0,0.0,0.0,0.0,
20271,32979,15205,-1,0.0,0.0,0.0,0.0,0.0,0.0,
20272,32985,15863,17,0.0,0.0,0.0,0.0,0.0,0.0,
20273,32986,4057,19,0.0,0.0,0.0,0.0,0.0,0.0,
20274,32987,15863,17,0.0,0.0,0.0,0.0,0.0,0.0,
20276,32990,714,-1,0.0,0.0,0.0,0.0,0.0,0.0,
20277,32991,15862,17,0.0,0.0,0.0,0.0,0.0,0.0,
20278,32992,15862,17,0.0,0.0,0.0,0.0,0.0,0.0,
20279,32993,282,-1,0.0,0.0,0.0,0.0,0.0,0.0,
20280,32994,15467,19,0.0,0.0,0.0,0.0,0.0,0.0,
20281,32995,15860,21,0.0,0.0,0.0,0.0,0.0,0.0,
20282,32995,15860,22,0.0,0.0,0.0,0.0,0.0,0.0,
20283,32996,15860,22,0.0,0.0,0.0,0.0,0.0,0.0,
20284,32996,15860,21,0.0,0.0,0.0,0.0,0.0,0.0,
20285,32997,15861,17,0.0,0.0,0.0,0.0,0.0,0.0,
20286,32998,15860,22,0.0,0.0,0.0,0.0,0.0,0.0,
20287,32998,15860,21,0.0,0.0,0.0,0.0,0.0,0.0,
20288,32999,4033,17,0.0,0.0,0.0,0.0,0.0,0.0,
20289,33000,9662,17,0.5,0.0,0.25,0.0,0.0,0.0,
20290,33001,9662,17,0.5,0.0,0.0,0.0,0.785398006439,0.0,
20291,33002,15568,-1,0.0,0.0,0.0,0.0,0.0,0.0,
20292,33004,15385,17,0.0,0.0,0.0,0.0,-0.523599028587,0.0,
20293,33005,15864,-1,0.0,0.0,0.5,0.0,0.0,0.0,
20294,33009,13611,19,2.79999995232,0.0,1.0,0.0,-1.57079994678,0.0,
20295,33011,15871,-1,0.0,0.0,4.0,0.0,0.0,0.0,
20296,33011,15860,2,0.0,0.0,0.0,0.0,0.0,0.0,
20297,33012,16084,2,0.0,0.0,0.0,0.0,0.0,0.0,
20298,33014,16243,17,0.0,0.0,0.0,0.0,0.0,0.0,
20299,33012,15870,-1,0.0,0.0,4.0,0.0,0.0,0.0,
20300,33016,15872,17,0.5,0.0,0.25,0.0,0.0,0.0,
20301,33018,15872,17,0.5,0.0,0.0,0.0,0.785398006439,0.0,
20302,33019,9348,-1,0.0,0.0,-1.0,3.14159011841,0.0,0.0,
20303,33020,15861,17,0.0,0.0,0.0,0.0,0.0,0.0,
20304,33021,2970,19,0.0,0.0,0.0,0.0,0.0,0.0,
20305,33022,8879,-1,0.0,0.0,0.0,0.0,0.0,0.0,
20309,33025,15878,17,0.5,0.0,0.25,0.0,0.0,0.0,
20310,33027,15878,17,0.5,0.0,0.0,0.0,0.785398006439,0.0,
20311,33028,15877,19,0.0,0.0,0.0,0.0,0.0,0.0,
20312,33028,7919,19,0.0,0.0,0.0,0.0,0.0,0.0,
20313,33023,7593,19,-10.0,2.0,-3.0,-1.57079994678,0.0,0.0,
20314,33023,7593,19,-10.0,-2.0,-3.0,-1.57079994678,0.0,0.0,
20315,33029,4454,47,0.0,0.0,0.0,0.0,0.0,0.0,
20316,33029,4454,48,0.0,0.0,0.0,0.0,0.0,0.0,
20317,33030,13177,17,0.0,0.0,0.0,0.0,0.0,0.0,
20319,33032,4033,17,0.0,0.0,0.0,0.0,0.0,0.0,
20320,33033,9016,-1,0.0,0.0,0.0,0.0,0.0,0.0,
20321,33035,4033,17,0.5,0.0,0.25,0.0,0.0,0.0,
20322,33036,4033,17,0.5,0.0,0.0,0.0,0.785398006439,0.0,
20323,32966,15681,22,0.0,0.0,0.0,0.0,0.0,0.0,
20324,32966,9662,22,0.0,0.0,0.0,0.0,0.0,0.0,
20325,32965,6602,34,0.0,0.0,0.0,0.0,-1.57079994678,0.0,
20341,33037,11523,19,0.0,0.0,-0.25,3.14159011841,0.0,0.0,
20342,33042,10460,17,0.0,0.0,-0.5,0.0,-0.349065989256,0.0,
20343,33042,15885,17,0.0,0.0,-0.5,0.0,0.0,0.0,
20344,33043,7108,-1,0.0,0.0,0.0,0.0,-1.57079994678,0.0,
20346,30950,3021,34,0.0,0.0,0.0,0.0,0.0,0.0,
20347,32988,15887,-1,0.0,0.0,0.0,0.0,0.0,0.0,
20348,33053,15347,-1,0.0,0.0,0.0,0.0,0.0,0.0,
20349,32698,4470,34,-0.5,0.0,0.5,0.0,0.0,0.0,
20350,33058,15891,38,0.0,0.0,0.0,0.0,0.0,0.0,
20351,33061,15891,38,0.0,0.0,0.0,0.0,0.0,0.0,
20353,33063,15896,34,0.0,0.0,1.0,0.0,0.0,0.0,
20354,33062,15905,19,0.0,0.0,0.0,0.0,0.0,0.0,
20355,33065,720,19,0.10000000149,0.0,0.0,0.0,0.0,0.0,
20356,33067,4320,-1,0.0,0.0,0.0,0.0,0.0,0.0,
20357,33068,15903,19,0.0,0.0,0.0,0.0,0.0,0.0,
20358,33070,14715,34,0.0,0.0,0.0,0.0,0.0,0.0,
20359,33056,15641,-1,0.0,0.0,0.0,0.0,0.0,0.0,
20361,33071,4033,19,0.0,0.0,0.5,0.0,-1.57079994678,0.0,
20363,33065,15910,19,0.10000000149,0.0,4.0,0.349065989256,3.14159011841,0.0,
20364,33065,13593,19,0.20000000298,1.39999997616,0.0,0.0,0.0,0.0,
20365,33065,13593,19,0.20000000298,-1.39999997616,0.0,0.0,0.0,0.0,
20366,33074,6258,-1,0.600000023842,0.0,5.75,0.0,0.0,0.0,
20367,33075,15912,19,0.0,0.0,0.0,0.0,0.0,0.0,
20368,33075,13109,19,0.0,0.0,0.0,0.0,0.0,0.0,
20370,33056,7821,19,0.0,0.0,0.0,0.0,0.0,0.0,
20371,33077,7417,19,0.0,0.0,-2.0,0.0,3.14159011841,0.0,
20372,33077,11300,19,0.0,0.0,-2.0,0.0,0.0,0.0,
20374,33079,5834,19,0.0,0.0,0.0,0.0,0.0,0.0,
20375,33069,15912,-1,0.0,0.0,0.0,0.0,0.0,0.0,
20376,33080,13109,-1,0.0,0.0,0.0,0.0,0.0,0.0,
20377,33082,13109,-1,0.0,0.0,0.0,0.0,0.0,0.0,
20378,33084,2422,19,0.0,0.0,-1.0,0.0,0.0,0.0,
20379,33084,11196,19,0.0,0.0,0.0,0.0,0.0,0.0,
20380,33085,15915,19,0.0,0.0,3.0,0.0,0.0,0.0,
20381,33086,15916,34,2.0,0.0,-1.0,0.0,0.0,0.0,
20382,33086,15563,34,2.0,0.0,-1.0,0.0,0.0,0.0,
20383,33089,3098,19,0.0,0.0,5.0,0.0,0.0,0.0,
20384,33090,3098,19,0.0,0.0,5.0,0.0,0.0,0.0,
20385,33093,15315,-1,0.0,0.0,0.0,0.0,0.0,0.0,
20386,33093,15315,-1,0.0,0.0,0.0,0.0,0.0,0.0,
20387,33093,15314,-1,0.0,0.0,0.0,0.0,0.0,0.0,
20388,33093,15312,-1,0.0,0.0,0.0,0.0,0.0,0.0,
20389,33094,15863,17,0.0,0.0,0.0,0.0,0.0,0.0,
20390,33095,15539,19,0.0,0.0,0.0,0.0,0.0,0.0,
20391,33095,15919,19,0.0,0.0,0.300000011921,0.0,0.0,0.0,
20392,33098,15355,-1,0.0,0.0,0.0,0.0,0.0,0.0,
20393,33098,15275,-1,0.0,0.0,0.0,0.0,0.0,0.0,
20394,33098,15312,-1,0.0,0.0,0.0,0.0,0.0,0.0,
20395,33099,15920,19,0.0,0.0,-2.0,0.0,-1.57079994678,0.0,
20396,33105,14887,-1,0.0,0.0,0.0,0.0,0.0,0.0,
20397,33107,15862,17,0.0,0.0,0.0,0.0,0.0,0.0,
20398,33108,15861,17,0.0,0.0,0.0,0.0,0.0,0.0,
20399,33109,4033,17,0.0,0.0,0.0,0.0,0.0,0.0,
20400,33110,15923,-1,0.0,0.0,0.75,0.0,0.0,0.0,
20401,33110,15924,-1,0.0,0.0,1.5,0.0,0.0,0.0,
20402,33110,15925,-1,0.0,0.0,1.0,0.0,0.0,0.0,
20405,33110,15681,34,0.0,0.0,-0.20000000298,0.0,0.0,0.0,
20409,33112,8826,19,0.0,0.0,0.0,0.0,0.0,0.0,
20411,33111,15986,19,0.0,0.0,0.0,0.0,0.0,0.0,
20414,33111,15985,19,0.0,0.0,0.0,0.0,0.0,0.0,
20418,32404,7109,17,0.0,0.0,0.0,0.61086499691,-0.872664988041,0.0,
20419,32404,7109,17,0.0,0.0,0.0,0.0,-0.174532994628,0.0,
20421,32404,7109,17,0.0,0.0,0.0,0.0,-0.872664988041,0.0,
20422,32404,7109,17,0.0,0.0,0.0,0.0,-0.523599028587,0.0,
20423,32404,7109,17,0.0,0.0,0.0,0.61086499691,-0.523599028587,0.0,
20424,33114,6178,17,0.0,0.0,0.0,0.0,-0.174532994628,0.0,
20430,33115,15932,17,0.0,-0.15000000596,0.0,0.0,0.0,0.0,
20431,33115,15932,17,0.0,0.15000000596,0.0,0.0,0.0,0.0,
20432,33114,6178,17,0.0,0.0,0.0,0.0,-0.872664988041,0.0,
20433,33114,6178,17,0.0,0.0,0.0,0.436331987381,-0.872664988041,0.0,
20434,33114,6178,17,0.0,0.0,0.0,0.436331987381,-0.174532994628,0.0,
20435,33116,1625,34,0.0,0.0,0.0,0.0,0.0,0.0,
20438,33117,5479,17,0.0,0.0,0.0,0.0,-0.174532994628,0.0,
20440,33117,5479,17,0.0,0.0,0.0,0.436331987381,-0.872664988041,0.0,
20442,33117,5479,17,0.0,0.0,0.0,0.0,-0.872664988041,0.0,
20446,33118,8657,19,0.0,0.0,0.0,1.04719996452,0.0,0.0,
20454,33120,15956,19,0.0,0.0,-8.0,0.0,0.0,0.0,
20455,33122,15523,19,0.0,0.0,0.0,0.0,0.0,0.0,
20456,33127,15942,19,0.0,0.0,0.0,0.0,0.0,0.0,
20457,33087,5485,2,0.10000000149,0.10000000149,0.0,0.0,0.0,0.0,
20458,33128,12399,-1,0.0,0.0,-2.0,3.14159011841,0.0,0.0,
20459,33129,5485,2,0.10000000149,0.10000000149,0.0,0.0,0.0,0.0,
20460,33134,15551,17,0.0,0.0,0.0,0.0,0.0,0.0,
20463,33137,6755,19,0.0,0.0,-10.0,0.0,0.0,0.0,
20466,33137,15610,20,0.0,0.0,12.0,0.0,0.0,0.0,
20469,33138,15948,19,0.0,0.0,0.0500000007451,0.0,0.0,0.0,
20470,30911,15950,19,0.0,0.0,0.25,0.0,0.0,0.0,
20472,33143,15953,19,0.0,0.0,0.0,0.0,0.0,0.0,
20473,33140,15961,19,3.0,0.0,0.0,0.0,0.0,0.0,
20474,33148,3527,21,0.0,0.0,0.0,0.0,0.0,0.0,
20476,33146,16298,19,-3.0,0.0,1.0,0.0,0.0,0.0,
20477,33146,16298,19,5.0,0.0,0.0,0.0,0.0,0.0,
20478,33154,15551,17,0.0,0.0,0.0,0.0,0.0,0.0,
20479,33118,8657,19,0.0,0.0,0.0,0.0,0.0,0.0,
20480,33118,8657,19,0.0,0.0,0.0,0.523599028587,0.0,0.0,
20481,33120,15957,19,0.0,0.0,0.0,0.0,0.0,0.0,
20482,33155,15861,17,0.0,0.0,0.0,0.0,0.0,0.0,
20485,33127,16176,19,0.0,0.0,0.0,0.0,0.0,0.0,
20487,33163,7417,19,0.0,0.0,-2.0,0.0,3.14159011841,0.0,
20488,33163,11300,19,0.0,0.0,-2.0,0.0,0.0,0.0,
20489,31626,3327,34,0.0,0.0,0.0,0.0,0.0,0.0,
20492,33165,5958,-1,0.0,0.0,0.0,0.0,0.0,0.0,
20494,33166,8342,-1,0.0,0.0,4.30000019073,0.0,0.0,0.0,
20496,33168,12835,6,-0.449999988079,0.40000000596,-0.20000000298,0.0,1.04719996452,-0.523599028587,
20498,33170,15719,19,0.10000000149,0.0,0.0,0.0,0.0,0.0,
20499,33171,12135,19,0.10000000149,0.0,0.0,0.0,0.0,0.0,
20500,33141,4301,-1,0.0,0.0,0.0,0.0,0.0,0.0,
20501,33179,15972,-1,0.0,0.0,0.0,0.0,0.0,0.0,
20502,33180,12762,17,0.0,0.0,0.0,0.0,-0.174532994628,0.0,
20503,33180,12762,17,0.0,0.0,0.0,0.0,-0.523599028587,0.0,
20504,33180,12762,17,0.0,0.0,0.0,0.61086499691,-0.523599028587,0.0,
20505,33180,12762,17,0.0,0.0,0.0,0.61086499691,-0.872664988041,0.0,
20506,33180,12762,17,0.0,0.0,0.0,0.0,-0.872664988041,0.0,
20507,33180,12762,17,0.0,0.0,0.0,0.61086499691,-0.174532994628,0.0,
20508,33182,15357,34,0.0,0.0,0.0,0.0,1.57079994678,0.0,
20509,33184,13275,20,0.0,0.0,0.800000011921,0.0,0.0,0.0,
20510,33185,13135,28,0.0,0.10000000149,0.0,0.0,-0.698131978512,0.0,
20511,33185,15983,28,0.0,0.10000000149,0.0,0.0,0.872664988041,0.0,
20512,33185,15983,28,0.0,0.10000000149,0.0,0.0,0.872664988041,3.14159011841,
20513,33186,13135,1,0.20000000298,0.0,0.0,0.0,0.0,0.0,
20514,33186,15983,1,0.0,0.0,0.0,0.0,-1.39626002312,0.0,
20515,33186,15983,1,0.0,0.0,0.0,0.0,-1.39626002312,3.14159011841,
20516,33190,9698,19,0.0,0.0,0.0,0.0,0.0,0.0,
20517,33194,4419,19,0.0,0.0,2.5,0.0,0.0,0.0,
20518,33198,8968,21,0.0,0.0,0.0,0.0,0.0,0.0,
20519,33198,8968,22,0.0,0.0,0.0,0.0,0.0,0.0,
20520,33200,6845,19,0.0,0.0,0.0,0.0,0.0,0.0,
20522,33201,401,34,0.0,0.0,0.0,0.0,0.0,0.0,
20523,33200,6845,19,0.0,0.0,0.0,0.523599028587,0.0,0.0,
20524,33212,4320,-1,0.0,0.0,0.0,0.0,0.0,0.0,
20525,33212,4320,-1,0.0,0.0,0.0,0.523599028587,0.0,0.0,
20526,33212,4320,-1,0.0,0.0,0.0,1.04719996452,0.0,0.0,
20527,33217,16005,34,0.0,0.0,0.0,0.0,0.0,0.0,
20528,33218,401,34,0.0,0.0,0.0,0.0,0.0,0.0,
20529,33219,6916,19,0.0,0.0,0.0,0.0,0.0,0.0,
20530,33215,15994,34,0.0,0.0,0.0,0.0,0.0,0.0,
20531,33223,15999,-1,0.0,0.0,0.0500000007451,0.0,0.0,0.0,
20532,33226,13800,20,0.0,0.0,0.0,0.0,0.0,0.0,
20533,33217,16005,34,0.0,0.0,0.0,1.57079994678,0.0,0.0,
20534,33217,16005,34,0.0,0.0,0.0,2.09438991547,0.0,0.0,
20537,33229,16008,34,0.0,0.0,0.0,0.0,0.0,0.0,
20538,33229,16008,34,0.0,0.0,0.0,1.57079994678,0.0,0.0,
20539,33229,16008,34,0.0,0.0,0.0,2.09438991547,0.0,0.0,
20540,33230,12838,19,0.0,0.0,0.0,0.0,0.0,0.0,
20541,33231,14177,19,0.0,0.0,0.0,0.0,0.0,0.0,
20545,33241,15361,19,0.0,0.0,-8.0,0.0,0.0,0.0,
20546,33246,16022,15,0.300000011921,0.10000000149,0.0,0.0,0.0,0.0,
20547,33247,9029,19,2.0,0.0,1.0,0.0,1.57079994678,1.57079994678,
20548,33248,16023,15,0.620000004768,0.0,0.0500000007451,0.0,0.0,0.0,
20549,33255,714,20,0.0,0.0,0.600000023842,0.0,0.0,0.0,
20552,33256,16025,20,0.20000000298,-0.300000011921,0.40000000596,0.0,0.0,0.0,
20553,33256,16025,20,0.20000000298,-0.300000011921,0.40000000596,0.0,3.14159011841,0.0,
20554,33256,8250,20,0.20000000298,-0.300000011921,0.40000000596,0.0,0.0,0.0,
20555,33257,16026,16,-0.20000000298,0.0,0.0,0.0,0.698131978512,0.0,
20557,30954,16028,19,4.0,0.0,-0.20000000298,0.61086499691,0.0,0.0,
20558,30954,16028,19,3.20000004768,3.20000004768,-0.20000000298,1.1693700552,0.0,0.0,
20559,30954,16028,19,-4.0,0.0,-0.20000000298,0.331613004208,0.0,0.0,
20560,30954,16028,19,-3.20000004768,-3.25,-0.20000000298,0.785398006439,0.0,0.0,
20561,30954,16029,19,-4.0,0.0,-0.20000000298,0.331613004208,0.0,0.0,
20562,30954,16030,19,3.20000004768,3.20000004768,-0.20000000298,1.1693700552,0.0,0.0,
20563,33264,16028,19,4.0,0.0,-0.20000000298,0.61086499691,0.0,0.0,
20564,33264,16027,19,0.0,0.0,24.0,0.0,3.14159011841,0.0,
20565,33264,16028,19,3.20000004768,3.20000004768,-0.20000000298,1.1693700552,0.0,0.0,
20566,33264,16028,19,-4.0,0.0,-0.20000000298,0.331613004208,0.0,0.0,
20567,33264,16028,19,-3.20000004768,-3.25,-0.20000000298,0.785398006439,0.0,0.0,
20568,33264,16029,19,-4.0,0.0,-0.20000000298,0.331613004208,0.0,0.0,
20569,33264,16030,19,3.20000004768,3.20000004768,-0.20000000298,1.1693700552,0.0,0.0,
20570,33264,16028,19,0.0,0.0,-0.20000000298,0.0,0.0,0.0,
20571,30954,16027,19,3.0,0.0,29.0,0.0,2.26892995834,0.0,
20572,30954,16027,19,-3.0,0.0,29.0,0.0,4.01425981522,0.0,
20573,33268,16023,15,0.600000023842,0.0,-0.300000011921,0.0,0.0,0.0,
20574,33269,16031,15,0.649999976158,-0.0500000007451,-0.34999999404,0.0,0.0,0.0,
20576,33276,5382,-1,0.0,0.0,0.0,0.0,0.0,0.0,
20578,33280,16043,-1,0.0,0.0,0.0,0.0,0.0,0.0,
20581,33284,16047,19,0.0,0.0,0.0,0.0,0.0,0.0,
20582,33284,12455,19,0.5,0.0,0.0,0.0,0.0,0.0,
20584,33288,16053,34,0.0,0.0,0.0,0.0,0.0,0.0,
20586,31585,16061,19,0.0,0.0,0.0,0.0,0.0,0.0,
20587,31585,16061,19,0.0,0.0,0.0,0.785398006439,0.0,0.0,
20588,33293,12611,19,0.0,0.0,0.0,0.0,0.0,0.0,
20589,33293,12611,19,0.0,0.0,0.0,0.0,0.0,0.0,
20590,33295,16022,15,0.800000011921,0.15000000596,0.0,0.0,0.0,0.0,
20591,33299,13124,34,0.0,0.0,0.0,0.0,0.0,0.0,
20593,33300,15964,19,0.0,0.0,2.25,0.0,1.57079994678,0.0,
20594,33302,16071,19,0.0,0.0,0.5,0.0,3.14159011841,0.0,
20595,33302,16071,19,0.0,0.0,0.5,0.0,0.0,0.0,
20596,33304,16065,34,0.0,0.0,0.0,0.0,0.0,0.0,
20597,33306,16070,-1,0.0,0.0,-1.45000004768,0.0,0.0,0.0,
20598,33308,4175,-1,0.0,0.0,0.0,0.0,0.0,0.0,
20599,33308,6495,-1,0.0,0.0,1.0,0.0,0.0,0.0,
20600,33306,16068,-1,0.0,0.0,-0.75,0.0,0.0,0.0,
20601,33306,16069,-1,0.0,0.0,0.0,0.0,0.0,0.0,
20602,33303,3626,19,0.0,0.0,-0.699999988079,0.0,0.0,0.0,
20603,33310,10034,19,0.0,0.0,0.649999976158,0.0,0.0,0.0,
20604,33301,16073,34,0.0,0.0,0.0,0.523599028587,0.0,0.0,
20605,33301,16073,34,0.0,0.0,0.0,-0.523599028587,0.0,0.0,
20606,33301,16073,34,0.0,0.0,0.0,-1.04719996452,0.0,0.0,
20607,33301,16073,34,0.0,0.0,0.0,1.04719996452,0.0,0.0,
20608,33301,16073,34,0.0,0.0,0.0,0.0,0.0,0.0,
20609,33311,16072,34,0.0,0.0,-0.300000011921,0.0,0.0,0.0,
20610,33312,16074,19,0.0,0.0,0.649999976158,0.0,0.0,0.0,
20611,33314,16076,19,0.0,0.0,0.0,0.0,0.0,0.0,
20612,33313,16075,19,0.0,0.0,0.649999976158,0.0,0.0,0.0,
20613,33316,4626,22,0.0,0.0,0.0,0.0,0.0,0.0,
20614,33316,4626,16,0.0,0.0,0.0,0.0,0.0,0.0,
20615,33316,4626,21,0.0,0.0,0.0,0.0,0.0,0.0,
20616,33316,4626,15,0.0,0.0,0.0,0.0,0.0,0.0,
20617,33319,272,17,0.0,0.0,0.0,0.0,0.0,0.0,
20618,33320,392,17,0.0,0.0,0.0,0.0,0.0,0.0,
20619,33322,4051,34,0.0,0.0,0.0,0.0,0.0,0.0,
20620,33323,15339,22,0.0,0.0,0.0,0.0,0.0,0.0,
20621,33323,15339,21,0.0,0.0,0.0,0.0,0.0,0.0,
20622,33324,332,34,0.0,0.0,0.0,0.0,0.0,0.0,
20623,33327,10355,12,0.20000000298,0.0,0.20000000298,0.0,0.0,0.0,
20624,33328,15641,-1,0.0,0.0,0.0,0.0,0.0,0.0,
20625,32292,15501,19,0.0,0.0,0.0,0.0,1.13445997238,0.0,
20626,33329,9190,19,2.0,0.0,0.0,0.0,0.0,0.0,
20627,33331,10363,19,0.0,0.0,0.0,0.0,0.0,0.0,
20628,33332,634,34,0.0,0.5,0.0,0.0,0.0,0.0,
20629,33332,634,34,0.0,-0.5,0.0,0.0,0.0,0.0,
20631,31942,4071,32,0.0,0.0,0.0,0.0,0.0,0.0,
20632,31942,14470,33,0.0,0.0,0.0,0.0,0.0,0.0,
20633,33337,13179,21,0.0,0.0,0.0,0.0,0.0,0.0,
20634,33337,13179,22,0.0,0.0,0.0,0.0,0.0,0.0,
20635,33340,15048,-1,0.0,0.0,0.0,0.0,0.0,0.0,
20636,33340,10885,-1,0.0,0.0,0.0,0.0,0.0,0.0,
20637,33345,16083,17,-0.10000000149,0.0,0.119999997318,0.0,0.0,0.0,
20639,33347,16087,19,70.0,0.0,3.0,0.0,0.0,0.0,
20641,33347,16085,19,70.0,0.0,3.0,0.0,0.0,0.0,
20642,33349,15577,19,0.0,0.0,0.0,0.0,0.0,0.0,
20643,33350,16084,19,0.0,0.0,1.0,0.0,0.0,0.0,
20644,33351,10363,17,0.0,0.0,0.0,0.0,0.0,0.0,
20645,33353,3443,19,0.0,0.0,-2.0,0.0,0.0,0.0,
20647,33353,3443,19,0.0,0.0,-2.0,0.0,0.0,0.0,
20648,33356,10317,19,0.0,0.0,0.0,0.0,0.0,0.0,
20649,33357,8362,19,0.0,0.0,0.0,0.0,0.0,0.0,
20650,33359,9895,19,0.0,0.0,0.0,0.0,0.0,0.0,
20651,33362,13413,-1,0.0,0.0,0.0,0.0,0.0,0.0,
20655,33371,6189,19,0.0,0.0,0.0,0.0,0.0,0.0,
20661,33375,3647,-1,0.0,0.0,0.0,0.0,0.0,0.0,
20662,33377,9905,19,0.0,0.0,1.29999995232,0.0,0.0,0.0,
20663,33377,6827,19,0.0,0.0,0.0,0.0,0.0,0.0,
20664,33377,6827,19,0.0,2.0,0.0,0.0,0.0,0.0,
20665,33377,6827,19,0.0,-2.0,0.0,0.0,0.0,0.0,
20666,33377,14786,19,0.0,0.0,-3.0,0.0,0.0,0.0,
20668,33377,14786,19,0.0,0.0,-3.0,1.57079994678,0.0,0.0,
20669,33381,4354,34,0.15000000596,0.180000007153,0.300000011921,0.0,0.0,0.0,
20670,33381,4354,34,0.15000000596,-0.180000007153,0.300000011921,0.0,0.0,0.0,
20672,33385,14782,-1,0.0,0.0,0.0,0.0,0.0,0.0,
20673,33385,16095,-1,0.0,0.0,-1.5,0.0,0.0,0.0,
20674,33385,16095,-1,0.0,0.0,-1.60000002384,1.57079994678,0.0,0.0,
20675,33387,16097,17,0.0,0.0,0.0,-1.57079994678,-1.04719996452,0.0,
20677,33390,296,19,0.0,0.0,0.0,0.0,0.0,0.0,
20678,33392,8169,12,0.0,0.0,0.0,0.0,0.0,0.0,
20679,33392,3930,19,0.0,0.0,0.0,0.0,0.0,0.0,
20680,33393,16103,19,0.0,0.0,0.0,0.436331987381,0.0,0.0,
20681,33394,15681,21,0.0,0.0,0.0,0.0,0.0,0.0,
20682,33394,15681,22,0.0,0.0,0.0,0.0,0.0,0.0,
20683,33393,16103,19,0.0,0.0,0.0,5.67231988907,0.0,0.0,
20684,33393,16103,19,0.0,0.0,0.0,4.62512016296,0.0,0.0,
20685,33393,16103,19,0.0,0.0,0.0,3.57791996002,0.0,0.0,
20686,33393,16103,19,0.0,0.0,0.0,1.48353004456,0.0,0.0,
20687,33393,16103,19,0.0,0.0,0.0,2.53073000908,0.0,0.0,
20688,33401,16098,1,0.20000000298,-0.0599999986589,0.0,3.14159011841,1.57079994678,0.0,
20691,33405,8417,19,-10.0,0.0,0.0,0.0,0.0,0.0,
20692,33405,8417,19,-10.0,-2.0,0.5,0.0,0.0,0.0,
20694,32091,16100,19,0.0,0.0,-100.0,0.0,0.0,0.0,
20695,33410,11476,19,0.0,0.0,0.0,0.0,0.0,0.0,
20696,33414,16102,-1,6.75,0.0,3.45000004768,0.0,0.0,0.0,
20697,33415,4166,19,0.0,0.0,0.0,0.0,0.0,0.0,
20698,33416,5457,-1,0.0,0.0,0.0,0.0,0.0,0.0,
20699,33420,16106,20,11.0,10.0,-50.0,0.0,2.09438991547,0.0,
20700,33424,4740,-1,0.0,0.0,0.0,0.0,0.0,0.0,
20701,33426,13032,19,0.0,0.0,0.0,0.0,0.0,0.0,
20702,33166,16312,-1,0.5,0.0,2.70000004768,0.0,0.0,0.0,
20703,33430,10559,34,0.0,0.0,0.0,0.0,0.0,0.0,
20704,33419,8172,-1,0.0,0.0,0.0,0.0,0.0,0.0,
20705,33443,6468,-1,0.0,0.0,0.0,0.0,0.0,0.0,
20706,33446,14254,20,0.0,0.0,0.0,0.0,0.0,0.0,
20707,33447,255,20,-0.5,0.0,-1.5,0.0,0.0,0.0,
20708,33448,5419,17,0.0,0.0500000007451,0.10000000149,0.0,0.0,0.0,
20709,33451,16114,17,0.0,0.0,0.0,0.0,0.0,0.0,
20710,33452,11144,-1,0.0,0.0,0.0,0.0,0.0,0.0,
20711,33452,11029,-1,0.0,0.0,0.0,0.0,0.0,0.0,
20712,33452,16117,-1,0.0,0.0,0.0,0.0,0.0,0.0,
20713,33453,11042,19,0.0,0.0,0.0,0.0,0.0,0.0,
20714,33454,7613,34,0.0,0.0,0.0,0.0,0.0,0.0,
20715,33448,5419,17,0.0,-0.0500000007451,0.10000000149,0.0,0.0,0.0,
20716,33459,4057,34,0.0,0.0,0.0,0.0,0.0,0.0,
20717,33448,94,22,0.0,0.0,0.0,0.0,0.0,0.0,
20718,33448,94,21,0.0,0.0,0.0,0.0,0.0,0.0,
20719,33449,12153,22,0.0,0.0,0.0,0.0,0.0,0.0,
20720,33461,5342,-1,0.0,0.0,0.0,0.0,0.0,0.0,
20721,33463,11487,19,0.0,0.0,0.0,0.0,0.0,0.0,
20722,33467,12067,19,0.0,0.0,0.0,0.0,0.0,0.0,
20723,33467,94,22,0.0,0.0,0.0,0.0,0.0,0.0,
20724,33467,94,21,0.0,0.0,0.0,0.0,0.0,0.0,
20725,33484,94,22,0.0,0.0,0.0,0.0,0.0,0.0,
20726,33484,94,21,0.0,0.0,0.0,0.0,0.0,0.0,
20727,33485,1962,-1,0.0,0.0,0.5,0.0,0.61086499691,0.0,
20728,33486,16135,18,0.0,0.0,0.0,0.0,0.0,0.0,
20729,33487,13346,19,0.0,0.0,0.0,0.0,0.0,0.0,
20730,33488,16136,34,0.0,0.0,-0.300000011921,0.0,0.0,0.0,
20731,33481,3316,-1,3.5,0.0,1.5,0.0,0.0,0.0,
20732,33491,4740,-1,0.0,0.0,0.5,0.0,0.0,0.0,
20733,33493,16073,17,-0.75,0.0,0.0,0.0,0.349065989256,1.57079994678,
20734,33494,50,20,0.0,0.0,0.0,0.0,0.0,0.0,
20735,33481,15423,21,0.0,0.0,0.0,0.0,0.0,0.0,
20736,33481,15423,22,0.0,0.0,0.0,0.0,0.0,0.0,
20737,33498,16147,21,0.0,0.0,0.0,0.0,0.0,0.0,
20738,33498,16147,22,0.0,0.0,0.0,0.0,0.0,0.0,
20739,32291,16126,-1,70.0,-5.0,0.0,0.0,0.0,0.0,
20740,32346,16153,-1,0.0,0.0,0.0,0.0,0.0,0.0,
20741,33493,16073,17,-0.75,0.0,-0.20000000298,0.0,-0.349065989256,1.57079994678,
20742,33493,4037,-1,0.0,0.0,0.0,0.0,0.0,0.0,
20743,33515,9849,-1,0.0,0.0,0.0,0.0,0.0,0.0,
20744,33519,11819,-1,0.0,0.0,0.0,0.0,0.0,0.0,
20745,33530,15201,17,1.0,0.0,0.0,0.0,-1.57079994678,0.0,
20746,33539,7923,-1,0.0,0.0,0.0,0.0,0.0,0.0,
20747,33540,7770,-1,0.0,0.0,0.0,0.0,0.0,0.0,
20748,33540,7175,-1,0.0,0.0,0.0,0.0,0.0,0.0,
20749,33541,7923,-1,0.0,0.0,0.0,0.0,0.0,0.0,
20750,31886,16198,16,0.0,0.0,0.0,2.09438991547,0.0,0.0,
20751,33546,15389,-1,0.0,0.0,1.5,0.0,0.0,0.0,
20752,33492,16169,-1,0.0,0.0,0.0,0.0,0.0,0.0,
20754,33550,16168,19,0.0,0.0,0.0,0.0,0.0,0.0,
20755,33554,6379,34,0.0,0.0,-0.40000000596,0.0,0.0,0.0,
20757,33554,6391,34,0.0,0.0,0.0,0.0,0.0,0.0,
20758,33554,3866,19,0.0,0.0,0.0,0.0,0.0,0.0,
20761,33555,294,19,0.0,0.0,0.0,0.0,0.0,0.0,
20762,33555,294,34,0.0,0.0,0.0,1.57079994678,0.0,0.0,
20763,33555,294,34,0.0,0.0,0.20000000298,-0.523599028587,0.523599028587,0.0,
20765,33557,6632,19,0.0,0.0,2.25,0.0,0.0,0.0,
20766,33557,6632,19,0.0,0.0,0.25,0.0,0.0,0.0,
20767,33557,6631,34,0.0,0.0,0.10000000149,0.0,0.0,0.0,
20768,33557,16171,19,0.0,0.0,0.0,0.0,0.0,0.0,
20769,33555,294,34,0.0,-0.40000000596,1.0,-0.523599028587,0.523599028587,1.04719996452,
20774,33561,8227,-1,0.0,0.0,-2.0,0.0,0.0,0.0,
20775,33562,6628,-1,0.0,0.0,0.40000000596,0.0,0.0,0.0,
20776,33562,6631,-1,0.0,0.0,0.5,0.0,0.0,0.0,
20777,33562,6632,-1,0.0,0.0,0.300000011921,0.0,0.0,0.0,
20778,33556,10215,19,0.0,0.0,0.0,0.0,0.0,0.0,
20781,33566,12460,-1,0.0,0.0,0.0,0.0,0.0,0.0,
20782,33575,307,19,0.0,0.0,0.0,0.0,0.0,0.0,
20783,33576,623,22,0.0,0.0,0.0,0.0,0.0,0.0,
20784,33576,623,21,0.0,0.0,0.0,0.0,0.0,0.0,
20785,33575,623,22,0.0,0.0,0.0,0.0,0.0,0.0,
20786,33575,623,21,0.0,0.0,0.0,0.0,0.0,0.0,
20787,33577,10751,34,0.0,0.0,0.0,0.0,0.0,0.0,
20788,33577,545,34,0.0,0.0,0.0,0.0,0.0,0.0,
20790,33579,15912,-1,0.0,0.0,0.0,0.0,0.0,0.0,
20791,33581,10355,12,0.20000000298,0.0,0.20000000298,0.0,0.0,0.0,
20792,32319,16177,-1,0.0,0.0,0.0,0.0,0.0,0.0,
20793,32887,3045,19,0.0,0.0,0.0,0.0,0.0,0.0,
20794,33594,125,17,0.0,0.0,0.0,0.0,0.0,0.0,
20795,33601,6920,22,0.0,0.0,0.0,0.0,0.0,0.0,
20796,33602,10207,-1,0.0,0.0,0.0,0.0,0.0,0.0,
20797,33603,16182,-1,0.0,0.0,0.0,0.0,0.0,0.0,
20798,33604,5076,34,0.0,0.0,0.0,0.0,0.0,0.0,
20800,33606,13734,19,0.0,0.0,0.0,0.0,0.0,0.0,
20804,33618,15357,17,0.0,0.0,0.0,0.0,1.30900001526,0.0,
20805,33620,10515,34,0.0,0.0,0.0,0.0,0.0,0.0,
20806,33619,8672,17,0.25,0.0,0.0,0.0,0.0,0.0,
20807,33619,10249,17,0.25,0.0,0.0,0.0,0.0,0.0,
20808,33622,14830,34,0.0,0.0,0.0,0.0,0.0,0.0,
20809,33624,15896,2,0.0,0.0,0.25,0.0,-1.04719996452,0.0,
20825,33640,12174,-1,0.0,0.0,0.0,0.0,0.0,0.0,
20839,33642,12484,19,0.0,0.0,0.0,0.0,0.0,0.0,
20840,33657,15387,34,0.0,0.0,0.0,0.0,-1.57079994678,0.0,
20841,33556,16185,19,0.0,0.0,1.0,0.0,0.0,0.0,
20842,33556,7343,19,0.0,0.0,1.0,0.0,0.0,0.0,
20844,33659,16186,-1,0.0,0.0,0.0,0.0,0.0,0.0,
20845,33659,9824,-1,0.0,0.0,0.0,0.0,0.0,0.0,
20846,33659,13746,-1,0.0,0.0,0.0,0.0,0.0,0.0,
20847,33659,13645,-1,0.0,0.0,0.5,0.0,0.0,0.0,
20848,33659,16187,-1,0.0,0.0,0.0,0.0,0.0,0.0,
20849,33660,7503,34,0.0,0.0,0.0,0.0,0.0,0.0,
20850,33662,10249,17,0.0,0.0,0.0,0.0,0.0,0.0,
20851,33663,4978,17,0.0,0.0,0.0,0.0,0.0,0.0,
20852,33665,7732,17,0.0,0.0,0.0,0.0,0.0,0.0,
20853,33666,16193,34,0.0,0.0,0.0,0.0,0.0,0.0,
20854,33669,3245,19,0.0,0.0,0.0,0.0,0.0,0.0,
20855,33670,12263,-1,0.0,0.0,-3.25,0.0,0.0,0.0,
20856,33671,15575,-1,0.0,0.0,0.0,0.0,0.0,0.0,
20857,33676,10243,19,0.0,0.0,0.20000000298,0.0,0.0,0.0,
20858,33676,7257,19,0.0,0.0,0.0,0.0,0.0,0.0,
20859,33676,16194,-1,0.0,0.0,0.0,0.0,1.13445997238,0.0,
20860,33677,11446,19,0.0,0.0,0.0,0.0,0.0,0.0,
20861,33677,15347,-1,0.0,0.0,0.0,0.0,0.0,0.0,
20862,33678,16195,47,0.0,0.0,0.0,0.0,0.0,0.0,
20863,33678,16196,48,0.0,0.0,0.0,0.0,0.0,0.0,
20864,33678,16197,6,0.0,0.0,0.0,0.0,0.0,0.0,
20865,33678,14677,5,0.0,0.0,0.0,0.0,0.0,0.0,
20866,31499,16199,5,0.0,0.0,-0.10000000149,0.0,0.0,0.0,
20867,33684,16200,-1,0.0,0.0,0.0,0.0,0.0,0.0,
20868,33685,6920,16,0.0,0.0,0.0,2.09438991547,0.0,0.0,
20873,32641,10805,-1,0.0,0.0,0.0,0.0,0.0,0.0,
20875,32058,8920,19,0.0,0.0,1.5,0.0,0.0,0.0,
20876,32058,8920,19,0.0,0.0,1.79999995232,0.0,0.0,0.0,
20877,33601,6920,21,0.0,0.0,0.0,0.0,0.0,0.0,
20878,33703,15976,19,0.0,0.0,0.0,0.0,0.0,0.0,
20880,33624,16215,19,0.0,0.0,0.0,0.0,0.0,0.0,
20881,31760,3408,19,0.0,0.0,-2.0,0.0,-1.57079994678,0.0,
20882,33384,9954,19,0.0,0.0,0.0,0.0,0.0,0.0,
20884,33710,16220,19,0.0,0.0,-2.0,0.0,0.0,0.0,
20885,33713,13034,17,0.0,0.0,0.0,0.0,0.0,0.0,
20886,33714,5194,19,0.0,0.0,-1.0,0.0,0.0,0.0,
20887,33716,5925,34,0.0,0.0,0.0,0.0,0.0,0.0,
20888,33717,16222,17,0.0,0.0,0.0,-0.785398006439,-1.13445997238,0.0,
20894,33725,16201,19,0.0,0.0,0.0,3.14159011841,0.0,0.0,
20895,33726,16202,19,0.0,0.0,0.0,3.14159011841,0.0,0.0,
20896,33727,16203,19,0.0,0.0,0.0,3.14159011841,0.0,0.0,
20897,33732,1054,34,0.0,0.0,0.0,0.0,0.0,0.0,
20898,33733,17904,11,0.0,0.0,0.0,0.0,0.0,0.0,
20899,33733,11993,48,0.0,0.0,0.0,0.0,0.0,0.0,
20900,33733,11992,47,0.0,0.0,0.0,0.0,0.0,0.0,
20901,33733,11991,22,0.0,0.0,0.0,0.0,0.0,0.0,
20902,33733,11991,21,0.0,0.0,0.0,0.0,0.0,0.0,
20903,33734,13541,19,0.0,0.0,0.0,0.0,0.0,0.0,
20904,33734,13542,34,0.0,0.0,0.0,0.0,0.0,0.0,
20905,33735,13341,21,0.0,0.0,0.0,0.0,0.0,0.0,
20906,33735,15339,21,0.0,0.0,0.0,0.0,0.0,0.0,
20907,33736,16230,19,0.0,0.0,3.0,0.0,0.0,0.0,
20908,30928,13189,34,0.0,0.0,0.0,0.0,0.0,0.0,
20909,33743,16241,-1,0.0,0.0,0.0,0.0,0.0,0.0,
20910,33744,16232,-1,0.0,0.0,0.0,0.0,0.0,0.0,
20911,31507,16235,19,0.0,0.0,0.0,0.0,0.0,0.0,
20912,32346,16153,-1,0.0,0.0,0.0,0.523599028587,0.0,0.0,
20913,32425,15889,2,0.0,0.0,0.5,0.0,0.0,0.0,
20914,32425,15889,1,0.0,0.0,0.5,0.0,0.0,0.0,
20915,33746,11863,-1,0.0,0.0,0.0,0.0,0.0,0.0,
20918,33747,13835,-1,0.0,0.0,-0.5,0.0,0.0,0.0,
20919,33747,16244,-1,0.0,0.0,0.0,0.0,0.0,0.0,
20920,33748,8639,17,1.70000004768,0.0,1.0,0.0,0.0,0.0,
20921,33750,10546,17,1.70000004768,0.0,1.0,0.0,0.0,0.0,
20922,33752,9914,17,1.70000004768,0.0,1.0,0.0,0.0,0.0,
20923,33753,5886,17,1.70000004768,0.0,1.0,0.0,0.0,0.0,
20924,33754,13555,-1,0.0,0.0,0.0,0.0,0.0,0.0,
20925,31948,5508,19,0.0,0.0,0.0,0.0,0.0,0.0,
20926,33759,15953,19,0.0,0.0,0.0,0.0,0.0,0.0,
20928,33760,16254,-1,0.0,0.0,0.0,0.0,0.0,0.0,
20929,32059,16255,19,0.0,0.0,1.0,0.0,0.0,0.0,
20930,32425,15887,-1,0.0,0.0,0.0,0.0,0.0,0.0,
20932,33763,16259,-1,0.0,0.0,-0.300000011921,0.0,0.0,0.0,
20933,33764,9348,-1,0.0,18.0,-1.0,3.14159011841,0.0,0.0,
20934,33764,9348,-1,0.0,-18.0,-1.0,3.14159011841,0.0,0.0,
20935,33764,9348,-1,0.0,5.0,-1.0,3.14159011841,0.0,0.0,
20936,33764,9348,-1,0.0,-5.0,-1.0,3.14159011841,0.0,0.0,
20937,33766,16263,19,0.0,0.0,0.0,0.0,0.0,0.0,
20939,33766,15357,19,0.0,0.0,0.0,0.0,1.83259999752,0.0,
20940,33012,15828,2,0.0,0.0,0.0,0.0,0.0,0.0,
20941,32755,11265,34,0.0,0.0,0.0,0.0,1.57079994678,0.0,
20942,32755,15735,34,0.0,0.0,0.0,0.0,-1.57079994678,0.0,
20943,32755,15735,34,0.0,0.0,0.0,0.0,-2.3561899662,0.0,
20944,33767,15809,-1,0.0,0.0,0.0,0.0,0.0,0.0,
20945,31147,15567,19,0.0,0.0,0.0,0.0,0.0,0.0,
20947,31147,12958,19,0.0,0.0,0.0,0.523599028587,0.0,0.0,
20948,33768,1607,-1,0.0,0.0,0.0,0.0,0.0,0.0,
20949,33768,9322,-1,0.0,0.0,0.0,0.0,0.0,0.0,
20950,32942,12004,34,0.0,0.0,0.0,0.0,0.0,0.0,
20951,33769,196,34,0.0,0.0,0.0,0.0,0.0,0.0,
20952,33770,16267,34,-0.379999995232,0.379999995232,-0.379999995232,0.0,0.0,0.0,
20953,33770,16267,34,0.0,0.620000004768,1.0,0.0,0.0,0.0,
20954,33770,16267,34,0.379999995232,0.0,-0.379999995232,0.0,0.0,0.0,
20955,33770,16267,34,0.379999995232,-0.379999995232,0.620000004768,0.0,0.0,0.0,
20956,33770,16267,34,-0.620000004768,0.379999995232,-0.620000004768,0.0,0.0,0.0,
20957,33770,16267,34,-0.620000004768,-1.0,-0.379999995232,0.0,0.0,0.0,
20958,33770,16267,34,-0.620000004768,0.0,0.379999995232,0.0,0.0,0.0,
20959,33770,16267,34,0.0,0.0,0.620000004768,0.0,0.0,0.0,
20960,33771,5181,19,0.0,0.0,0.0,0.0,0.0,0.0,
20961,33774,15658,20,0.0,0.0,3.0,0.0,0.0,0.0,
20962,32346,14835,-1,0.0,0.0,0.0,0.0,0.0,0.0,
20964,33777,15989,19,0.0,0.0,0.0,0.0,0.0,0.0,
20965,33777,16273,19,0.0,0.0,0.0,0.0,0.0,0.0,
20968,33784,5625,-1,0.0,0.0,0.25,0.0,0.0,0.0,
20970,33786,5625,34,0.0,0.0,0.0,0.0,0.0,0.0,
20971,33787,11920,19,0.0,0.0,-0.0500000007451,0.0,0.0,0.0,
20972,33787,6942,19,0.0,0.0,0.0,0.0,0.0,0.0,
20973,33788,3375,19,0.0,0.0,-2.0,0.0,-1.57079994678,0.0,
20974,33790,14834,18,0.0,0.0,0.300000011921,0.0,0.0,0.0,
20975,33789,5625,-1,0.0,0.0,32.2999992371,0.0,0.0,0.0,
20976,33791,16291,-1,0.0,0.0,0.0,0.0,0.0,0.0,
20977,33322,16280,34,0.0,0.0,0.0,0.0,0.0,0.0,
20978,33321,272,17,0.0,0.0,0.0,0.0,0.0,0.0,
20979,32305,4831,19,0.0,0.0,0.5,0.0,0.0,0.0,
20982,32585,13366,-1,2.0,0.0,1.5,0.0,0.0,0.0,
20983,32585,13366,-1,14.0,0.0,1.5,0.0,0.0,0.0,
20984,32585,13366,-1,6.0,0.0,1.5,0.0,0.0,0.0,
20985,32585,13366,-1,10.0,0.0,1.5,0.0,0.0,0.0,
20986,32585,13366,34,0.0,0.0,0.0,0.0,0.0,0.0,
20989,33796,4740,-1,-19.3416004181,-29.0125007629,29.6700000763,0.0,0.0,0.0,
20990,33796,4740,-1,9.67082023621,0.0,21.6100006104,0.0,0.0,0.0,
20991,33796,4740,-1,0.0,-37.0714988708,27.25,0.0,0.0,0.0,
20992,33796,4740,-1,8.05902004242,8.05902004242,20.8099994659,2.80997991562,0.0,0.0,
20993,33796,4740,-1,35.4597015381,-40.2951011658,37.7299995422,0.0,0.0,0.0,
20994,33796,4740,-1,0.0,11.2826004028,24.8400001526,0.0,0.0,0.0,
20995,33796,4740,-1,0.0,0.0,28.0900001526,0.0,0.0,0.0,
20996,33796,4740,-1,-16.1180000305,12.8943996429,34.5099983215,0.0,0.0,0.0,
20997,33796,4740,-1,27.4006996155,33.8479003906,34.5099983215,0.0,0.0,0.0,
20998,33796,4740,-1,-24.1770000458,0.0,24.0300006866,0.0,0.0,0.0,
20999,33796,4740,-1,-6.44720983505,-17.7297992706,39.3400001526,0.0,0.0,0.0,
21000,33796,4740,-1,-20.9533996582,24.1770000458,32.0900001526,0.0,0.0,0.0,
21001,33796,4740,-1,12.8943996429,-6.44720983505,23.2199993134,0.0,0.0,0.0,
21016,33796,3081,19,0.0,0.0,-1.0,0.0,0.0,0.0,
21018,33615,10969,-1,0.0,0.0,0.0,0.0,0.0,0.0,
21019,33798,16288,-1,12.8943996429,-6.44720983505,23.2199993134,0.0,0.0,0.0,
21020,33798,16288,-1,-19.3416004181,-29.0125007629,29.6700000763,0.0,0.0,0.0,
21021,33798,16289,-1,9.67082023621,0.0,21.6100006104,0.0,0.0,0.0,
21022,33798,16290,-1,0.0,-37.0714988708,27.25,0.0,0.0,0.0,
21023,33798,10737,-1,8.05902004242,8.05902004242,20.8099994659,2.80997991562,0.0,0.0,
21024,33798,16289,-1,35.4597015381,-40.2951011658,37.7299995422,0.0,0.0,0.0,
21025,33798,16290,-1,0.0,11.2826004028,24.8400001526,0.0,0.0,0.0,
21026,33798,10737,-1,0.0,0.0,28.0900001526,0.0,0.0,0.0,
21027,33798,16289,-1,-16.1180000305,12.8943996429,34.5099983215,0.0,0.0,0.0,
21028,33798,16289,-1,27.4006996155,33.8479003906,34.5099983215,0.0,0.0,0.0,
21029,33798,16288,-1,-24.1770000458,0.0,24.0300006866,0.0,0.0,0.0,
21030,33798,16288,-1,-6.44720983505,-17.7297992706,39.3400001526,0.0,0.0,0.0,
21031,33798,10737,-1,-20.9533996582,24.1770000458,32.0900001526,0.0,0.0,0.0,
21032,30964,8802,19,0.0,0.0,0.0,0.0,1.57079994678,0.0,
21033,33801,16292,-1,0.0,0.0,2.5,0.0,0.0,0.0,
21042,33802,3354,19,0.0,0.0,0.0,0.0,-2.09438991547,0.0,
21043,33802,4828,19,0.0,0.0,0.0,0.0,-2.09438991547,0.349065989256,
21044,33802,4828,19,0.0,0.0,0.0,0.0,-2.09438991547,-0.349065989256,
21045,33804,3152,-1,0.5,0.0,0.0,0.0,0.0,0.0,
21046,33804,3152,-1,0.0,0.0,0.0,0.0,0.0,0.0,
21047,33804,3152,-1,0.0,0.5,0.0,0.0,0.0,0.0,
21048,33804,3152,-1,0.0,-0.5,0.0,0.0,0.0,0.0,
21049,33804,3152,-1,-0.5,0.0,0.0,0.0,0.0,0.0,
21050,33805,16295,-1,0.0,0.0,0.0,0.0,0.0,0.0,
21051,33806,2966,-1,0.0,0.0,0.0,0.0,0.0,0.0,
21052,33807,9800,34,0.0,0.0,0.0,0.0,0.0,0.0,
21053,33807,16296,19,0.0,0.0,0.0,0.0,0.0,0.0,
21054,33807,16296,34,2.0,0.0,0.0,0.0,0.0,0.0,
21055,33807,13099,10,-3.0,0.0,0.0,0.0,0.0,0.0,
21056,33807,13099,9,3.0,0.0,0.0,0.0,0.0,0.0,
21057,33810,16297,20,-1.0,0.0,-6.0,0.0,-0.174532994628,0.0,
21060,33825,16326,47,0.0,0.0,0.0,0.0,-2.09438991547,0.0,
21061,33833,16314,19,0.0,0.0,5.0,0.0,3.14159011841,0.0,
21062,33834,16313,19,0.0,0.0,2.0,0.0,0.0,0.0,
21063,33835,16315,-1,0.0,0.0,0.0,0.0,0.0,0.0,
21064,33838,15510,1,0.0,0.0,0.0,0.0,2.26892995834,0.0,
21065,33838,9895,1,0.5,0.0,-0.5,0.0,0.0,0.0,
21067,33838,9895,1,0.0,0.0,0.0,0.0,0.0,0.0,
21068,33838,9895,1,1.29999995232,0.0,-1.10000002384,0.0,0.0,0.0,
21069,33838,9895,1,1.0,0.0,-0.75,0.0,0.0,0.0,
21070,33840,16326,48,0.0,0.0,0.0,0.0,-2.09438991547,0.0,
21071,33841,16326,47,0.0,0.0,0.0,0.0,-2.09438991547,0.0,
21072,33839,16326,47,0.0,0.0,0.0,0.0,-2.09438991547,0.0,
21073,33844,349,-1,0.0,0.0,0.0,0.0,0.0,0.0,
21074,696,545,34,0.0,0.0,0.0,0.0,-1.57079994678,0.0,
21075,33841,16326,48,0.0,0.0,0.0,0.0,-2.09438991547,0.0,
21076,33841,16326,21,0.0,0.0,0.0,0.0,-2.09438991547,0.0,
21077,33845,16325,34,0.0,0.0,0.0,0.0,0.0,0.0,
21078,33839,16326,21,0.0,0.0,0.0,0.0,-2.09438991547,0.0,
21079,33839,16326,22,0.0,0.0,0.0,0.0,-2.09438991547,0.0,
21080,33839,16326,48,0.0,0.0,0.0,0.0,-2.09438991547,0.0,
21081,33840,16326,47,0.0,0.0,0.0,0.0,-2.09438991547,0.0,
21082,33845,15872,21,0.0,0.0,0.0,0.0,-2.09438991547,0.0,
21083,33845,15872,22,0.0,0.0,0.0,0.0,-2.09438991547,0.0,
21084,33845,15872,47,0.0,0.0,0.0,0.0,-2.09438991547,0.0,
21085,33845,15872,48,0.0,0.0,0.0,0.0,-2.09438991547,0.0,
21087,33847,9962,-1,15.0,0.0,0.0,0.0,0.0,0.0,
21088,33847,16229,-1,15.0,0.0,10.0,0.0,0.0,0.0,
21089,33848,16327,19,3.0,-1.0,1.5,-0.174532994628,0.0,1.39626002312,
21090,33848,16327,19,3.0,-3.0,1.5,-0.174532994628,0.0,1.39626002312,
21091,33848,16327,19,3.0,-2.0,1.5,-0.174532994628,0.0,1.39626002312,
21092,33849,14829,19,0.0,0.0,0.0,0.0,0.0,0.0,
21093,33851,12739,19,0.0,0.0,0.0,0.0,0.0,0.0,
21095,33854,16328,34,0.0,0.0,0.0,0.0,0.0,0.0,
21096,33855,6494,19,0.0,0.0,0.0,0.0,0.0,0.0,
21098,31986,16329,19,0.0,0.0,2.0,0.0,0.0,0.0,
21099,33856,8442,19,0.0,0.25,0.0,0.0,0.261799007654,0.0,
21100,33856,11590,19,0.0,0.0,0.0,0.0,0.0,0.0,
21101,33856,8442,19,-0.25,-0.25,0.0,0.0,0.523599028587,0.0,
21102,31981,15325,19,0.0,0.0,1.79999995232,0.0,0.0,0.0,
21103,33856,8442,19,-0.5,-0.25,0.0,0.0,0.0,0.0,
21104,33856,8442,19,0.0,-0.25,0.0,0.0,1.57079994678,0.0,
21105,33856,8442,19,0.10000000149,-0.25,0.5,0.0,1.57079994678,0.0,
21106,31093,16332,34,0.0,0.0,0.0,0.0,1.83259999752,0.0,
21107,33861,4158,-1,0.0,0.0,0.0,0.0,0.0,0.0,
21108,32012,15335,-1,0.0,0.0,0.0,0.0,0.0,0.0,
21109,32004,15345,53,0.0,0.0,0.0,0.0,0.0,0.0,
21110,32004,15349,34,0.0,0.0,0.0,0.0,0.0,0.0,
21111,32004,15345,6,0.0,0.0,0.0,0.0,0.0,0.0,
21112,33863,9332,20,0.600000023842,0.0,-0.300000011921,0.0,0.0,0.0,
21113,33863,11999,2,-0.10000000149,0.0,0.0,0.0,2.96706008911,0.0,
21114,33104,16334,-1,0.0,0.0,0.0,3.14159011841,0.0,0.0,
21115,33867,9332,20,0.600000023842,0.0,-0.300000011921,0.0,0.0,0.0,
21116,33867,11999,2,-0.10000000149,0.0,0.0,0.0,2.96706008911,0.0,
21117,33868,9332,20,0.0,0.0,0.0,0.0,0.0,0.0,
21118,33869,9332,20,0.600000023842,0.0,-0.300000011921,0.0,0.0,0.0,
21119,33869,11999,2,-0.10000000149,0.0,0.0,0.0,2.96706008911,0.0,
21120,33870,9332,20,0.600000023842,0.0,-0.300000011921,0.0,0.0,0.0,
21121,33870,11999,2,-0.10000000149,0.0,0.0,0.0,2.96706008911,0.0,
21122,33871,11999,2,0.300000011921,-0.0500000007451,-0.10000000149,0.0,0.0,0.0,
21123,33872,4892,-1,0.0,0.0,2.0,0.0,0.0,0.0,
21124,33876,15537,17,-0.5,0.0,0.5,0.0,0.0,0.0,
21125,33877,15537,17,0.0,0.0,0.5,0.0,0.0,0.0,
21127,33884,634,34,-0.40000000596,0.0,0.0,0.0,0.0,0.0,
21128,33885,3474,34,-0.5,0.0,0.0,0.0,0.0,0.0,
21129,33888,13099,10,-3.0,0.0,0.0,0.0,0.0,0.0,
21130,33888,13099,9,3.0,0.0,0.0,0.0,0.0,0.0,
21131,33891,16344,19,0.0,0.0,0.0,0.0,0.0,0.0,
21133,33893,10970,19,0.0,0.0,0.0,0.0,0.0,0.0,
21134,33898,2122,34,0.0,0.0,0.0,0.0,0.0,0.0,
21135,33899,11567,19,0.0,0.0,0.0,0.0,0.0,0.0,
21136,33899,16345,19,0.0,0.0,0.0,0.0,0.0,0.0,
21137,33900,12236,19,0.0,0.0,1.5,0.0,0.0,0.0,
21139,33903,15732,-1,0.0,0.0,0.0,0.0,0.0,0.0,
21140,33904,15942,-1,0.0,0.0,0.0,0.0,0.0,0.0,
21142,33906,16347,-1,0.0,0.0,0.0,0.0,0.0,0.0,
21143,33905,7024,-1,0.0,0.0,0.0,0.0,0.0,0.0,
21146,33905,16347,-1,0.0,0.0,0.0,0.0,0.0,0.0,
21148,33905,16347,-1,0.0,0.0,0.0,0.0,0.0,0.0,
21149,33905,16347,-1,0.0,0.0,0.0,0.0,0.0,0.0,
21150,33905,16347,-1,0.0,0.0,0.0,0.0,0.0,0.0,
21151,33905,16347,-1,0.0,0.0,0.0,0.0,0.0,0.0,
21152,33908,545,34,0.0,0.0,0.0,0.0,-1.57079994678,0.0,
21153,33909,16348,19,0.0,0.0,4.0,0.0,3.14159011841,0.0,
21154,33910,545,34,-0.5,0.0,0.0,0.0,-1.57079994678,0.0,
21155,33915,13562,-1,0.0,0.0,0.0,0.0,0.0,0.0,
21156,33916,12646,12,0.0,0.0,0.0,0.0,0.0,0.0,
21157,33105,16354,-1,0.0,0.0,0.0,3.14159011841,0.0,0.0,
21159,31815,16355,19,0.0,0.0,0.0,3.14159011841,0.0,0.0,
21160,33917,16356,19,0.0,0.0,0.0,0.0,0.0,0.0,
21161,31817,16358,19,0.0,0.0,0.0,0.0,0.0,0.0,
21162,31817,16357,19,0.0,0.0,0.0,3.14159011841,0.0,0.0,
21164,33918,16398,17,-0.25,0.0,0.5,0.0,0.261799007654,0.0,
21165,33919,9332,20,0.600000023842,0.0,-0.300000011921,0.0,0.0,0.0,
21166,33919,11999,2,-0.10000000149,0.0,0.0,0.0,2.96706008911,0.0,
21169,33923,11271,19,0.159999996424,0.0,0.10000000149,0.0,0.0,0.0,
21172,25330,16367,-1,0.0,0.0,0.0,0.0,0.0,0.0,
21175,33813,16376,-1,0.0,0.0,1.0,0.0,0.0,0.0,
21176,33813,16374,-1,1.0,1.0,1.0,0.0,0.0,0.0,
21177,33813,16374,-1,-2.0,1.0,1.0,0.0,0.0,0.0,
21178,33813,16376,-1,2.0,-2.0,1.0,0.0,0.0,0.0,
21179,33813,16374,-1,-1.0,-1.0,1.0,0.0,0.0,0.0,
21180,33813,16374,-1,0.0,-1.5,1.0,0.0,0.0,0.0,
21181,33813,16374,-1,2.0,0.0,1.0,0.0,0.0,0.0,
21182,33813,16374,-1,1.5,1.5,1.0,0.0,0.0,0.0,
21183,33813,16374,-1,2.0,0.0,1.0,0.0,0.0,0.0,
21184,33813,16376,-1,0.0,1.5,1.0,0.0,0.0,0.0,
21185,33813,16374,-1,0.0,1.0,1.0,0.0,0.0,0.0,
21186,33813,10644,-1,2.0,0.0,1.0,0.0,0.0,0.0,
21187,33813,10644,-1,2.0,0.0,1.0,0.0,0.0,0.0,
21188,33813,10644,-1,0.0,1.0,1.0,0.0,0.0,0.0,
21189,33813,10644,-1,1.0,1.0,1.0,0.0,0.0,0.0,
21190,33813,10644,-1,-1.0,-1.0,1.0,0.0,0.0,0.0,
21191,33813,10644,-1,-2.0,1.0,1.0,0.0,0.0,0.0,
21192,33813,10644,-1,0.0,-1.5,1.0,0.0,0.0,0.0,
21193,33813,10644,-1,1.5,1.5,1.0,0.0,0.0,0.0,
21194,33813,14865,-1,0.0,0.0,1.0,0.0,0.0,0.0,
21195,33930,11271,34,0.0,0.0,0.10000000149,0.0,0.0,0.0,
21196,33895,3799,16,0.0,0.0,1.0,0.0,0.0,0.0,
21197,33943,5373,19,0.0,0.0,0.5,0.0,0.0,0.0,
21198,33943,5373,19,0.0,0.0,0.5,0.0,0.0,0.0,
21199,33943,5373,19,0.0,0.0,0.5,0.0,0.0,0.0,
21200,33944,9554,21,0.0,0.0,0.0,0.0,0.0,0.0,
21201,33944,9554,22,0.0,0.0,0.0,0.0,0.0,0.0,
21202,33944,6600,21,0.0,0.0,0.0,0.0,-2.09438991547,0.0,
21203,33944,6600,22,0.0,0.0,0.0,0.0,-2.09438991547,0.0,
21204,33945,16385,34,0.0,0.0,0.0,0.0,0.0,0.0,
21207,33948,16393,19,0.0,0.0,0.0,0.0,0.0,0.0,
21208,33948,16565,19,0.0,0.0,0.0,0.0,0.0,0.0,
21209,33949,16616,19,0.0,0.0,0.0,0.0,0.0,0.0,
21210,33949,16565,19,0.0,0.0,0.0,0.0,0.0,0.0,
21211,33950,16391,19,0.0,0.0,0.0,0.0,0.0,0.0,
21212,33950,16565,19,0.0,0.0,0.0,0.0,0.0,0.0,
21213,33951,10644,34,0.0,0.0,0.0,0.0,0.0,0.0,
21214,33957,10386,34,0.0,0.0,0.0,0.0,0.0,0.0,
21215,33967,15166,19,0.0,0.0,-1.5,0.0,0.0,0.0,
21216,33968,16394,19,0.0,0.0,0.0,0.0,0.0,0.0,
21217,33968,9867,19,0.0,0.0,0.0,0.0,0.0,0.0,
21218,33969,4955,-1,0.0,0.0,2.0,0.0,0.0,0.0,
21219,33970,8197,34,0.0,0.0,0.0,0.0,0.0,0.0,
21220,33973,16632,22,0.0,0.0,0.0,0.0,-0.174532994628,0.0,
21221,33974,5348,22,0.0,0.0,0.0,0.0,0.0,0.0,
21222,33975,16630,22,0.0,0.0,0.0,0.0,1.57079994678,0.0,
21223,33978,16395,20,0.0,0.0,0.0,0.0,0.0,0.0,
21224,33980,13415,34,0.0,0.0,0.0,0.0,0.0,0.0,
21229,33988,4993,-1,0.0,0.0,0.0,0.0,0.0,0.0,
21230,33988,13563,-1,0.0,0.0,0.0,0.0,0.0,0.0,
21233,33990,15883,-1,0.0,0.0,0.20000000298,0.0,0.0,0.0,
21234,33993,16400,19,0.0,0.0,1.29999995232,0.0,3.14159011841,0.0,
21235,33996,16401,-1,0.0,0.0,1.5,0.0,3.14159011841,0.0,
21236,33973,16632,22,0.0,0.0,0.0,0.0,0.174532994628,0.0,
21238,33998,16403,16,-0.300000011921,0.0,-0.40000000596,0.0,0.0,0.0,
21240,34004,16404,17,-0.159999996424,0.0,0.219999998808,0.0,-0.349065989256,0.0,
21241,34007,16718,19,0.0,0.0,0.0,0.0,0.0,0.0,
21243,34007,16719,19,-0.699999988079,-1.79999995232,0.0,0.0,0.0,0.0,
21244,34008,7155,12,-0.300000011921,0.0,0.0,0.0,0.0,0.0,
21252,34018,125,34,0.0,0.0,0.0,0.0,0.0,0.0,
21253,34026,10784,34,0.0,0.0,0.0,0.0,0.0,0.0,
21255,34028,196,-1,0.0,0.0,0.0,0.0,0.0,0.0,
21256,34029,219,-1,0.0,0.0,0.0,0.0,0.0,0.0,
21259,34032,11785,34,0.0,0.0,0.0,0.0,0.0,0.0,
21260,33074,16415,-1,0.0,0.0,0.0,0.0,0.0,0.0,
21261,34035,5958,-1,0.0,0.0,0.0,0.0,0.0,0.0,
21262,34036,3168,19,0.0,0.0,0.0,0.0,0.0,0.0,
21263,34037,3929,22,0.0,0.0,0.0,0.0,0.0,0.0,
21264,34037,3929,21,0.0,0.0,0.0,0.0,0.0,0.0,
21265,34037,3478,34,-0.25,0.0,0.0,0.0,0.0,0.0,
21266,34038,9715,22,0.0,0.0,0.0,0.0,0.0,0.0,
21267,34038,9715,21,0.0,0.0,0.0,0.0,0.0,0.0,
21268,34038,3637,34,-0.25,0.0,0.0,0.0,0.0,0.0,
21269,34039,3841,22,0.0,0.0,0.0,0.0,0.0,0.0,
21270,34039,3841,21,0.0,0.0,0.0,0.0,0.0,0.0,
21271,34039,3450,34,-0.25,0.0,0.0,0.0,0.0,0.0,
21272,34039,9351,19,0.0,0.0,0.0,0.0,0.0,0.0,
21273,34040,8982,-1,0.0,0.0,0.0,0.0,0.0,0.0,
21274,34041,3808,-1,0.0,0.0,0.0,0.0,0.0,0.0,
21293,34046,8638,21,0.0,0.0,0.0,0.0,0.0,0.0,
21294,34046,8638,22,0.0,0.0,0.0,0.0,0.0,0.0,
21295,34047,3268,34,0.34999999404,0.15000000596,-0.600000023842,0.0,-0.523599028587,0.0,
21296,34048,9532,17,0.0,0.0,0.34999999404,0.0,0.0,0.0,
21297,34050,16436,19,0.0,0.0,-1.0,0.0,0.0,0.0,
21299,34051,9379,-1,0.0,0.0,0.0,0.0,0.0,0.0,
21305,34055,16418,22,-0.5,-0.40000000596,-0.20000000298,0.0,1.57079994678,0.0,
21306,34055,16399,21,0.5,0.0,1.0,0.0,1.57079994678,0.0,
21312,34057,16154,34,-1.0,0.0,0.5,0.0,0.0,0.0,
21313,34055,16417,22,0.0,0.0,0.75,0.0,1.04719996452,0.0,
21314,34059,15356,-1,0.0,0.0,0.10000000149,0.0,0.0,0.0,
21315,34055,16417,21,-0.20000000298,0.0,-1.0,0.0,0.523599028587,0.0,
21332,34055,16418,21,0.0,-0.300000011921,-0.800000011921,0.0,1.04719996452,0.0,
21333,34055,16399,22,-0.5,-0.25,0.0,0.0,0.523599028587,0.0,
21335,34055,16399,21,-0.5,0.0,-1.0,0.0,1.57079994678,0.0,
21336,34055,16417,21,0.20000000298,0.0,1.0,0.0,0.523599028587,0.0,
21337,34055,16418,21,0.0,0.300000011921,0.800000011921,0.0,1.04719996452,0.0,
21338,34055,16399,22,0.5,0.25,0.0,0.0,0.523599028587,0.0,
21339,34055,16417,22,0.0,0.0,-0.75,0.0,1.04719996452,0.0,
21340,34055,16418,22,0.5,0.40000000596,0.20000000298,0.0,1.57079994678,0.0,
21341,34061,3799,18,0.0,-0.0500000007451,0.639999985695,0.0,0.0,0.0,
21342,34029,3694,-1,0.0,0.0,0.0,0.0,0.0,0.0,
21344,34063,2182,17,0.0,0.0,0.10000000149,0.0,0.0,0.0,
21345,34063,2182,17,0.0,0.0,0.10000000149,0.0,0.0,0.0,
21347,34063,16430,17,0.0,0.0,0.10000000149,0.0,0.0,0.0,
21349,34065,13590,17,0.0,0.0,0.0,0.0,0.0,0.0,
21350,34066,7026,-1,0.0,0.0,0.0,0.0,0.0,0.0,
21351,34066,13640,-1,0.0,0.0,0.0,0.0,0.0,0.0,
21352,34067,4993,19,0.0,0.0,0.0,0.0,0.0,0.0,
21353,34067,16255,19,0.0,0.0,0.0,0.0,0.0,0.0,
21354,34067,13415,19,0.0,0.0,0.0,0.0,0.0,0.0,
21356,34070,10739,34,0.0,0.0,0.0,0.0,0.0,0.0,
21357,34071,16431,-1,0.0,0.0,0.0,0.0,0.0,0.0,
21358,34071,16434,-1,0.0,0.0,0.0,0.523599028587,0.0,0.0,
21359,34071,16433,-1,0.0,0.0,0.0,1.57079994678,0.0,0.0,
21360,34072,10739,34,0.0,0.0,0.0,0.0,0.0,0.0,
21361,34072,228,34,0.0,0.0,0.0,0.0,0.0,0.0,
21362,34073,12741,-1,0.0,0.0,1.0,0.0,0.0,0.0,
21367,34074,16441,19,0.0,0.0,-0.0500000007451,0.0,0.0,0.0,
21368,34074,16442,19,0.0,0.0,0.0,0.0,0.0,0.0,
21369,34074,16438,19,0.0,0.0,0.0,0.0,0.0,0.0,
21370,34064,15930,19,0.0,0.0,0.0,0.0,0.0,0.0,
21373,34078,1178,-1,-2.0,0.0,-5.0,0.0,0.0,0.0,
21374,34079,12741,-1,0.800000011921,0.0,1.20000004768,0.0,0.0,0.0,
21375,34079,1178,-1,-1.0,0.0,-5.0,0.0,0.0,0.0,
21376,34080,16448,-1,0.0,0.0,0.0,0.0,0.261799007654,0.0,
21377,34081,16445,-1,0.0,0.0,2.5,0.0,0.0,0.0,
21383,34086,16447,2,0.0,0.0,0.0,0.0,0.0,0.0,
21384,34088,3637,-1,0.5,0.5,0.5,0.0,0.0,0.0,
21385,34088,3637,-1,0.0,0.0,0.0,0.0,0.0,0.0,
21386,34088,3637,-1,-0.5,-0.5,0.75,0.0,0.0,0.0,
21387,34088,3637,-1,0.0,0.600000023842,0.300000011921,0.0,0.0,0.0,
21388,34089,16449,-1,0.0,0.0,0.0,0.0,-0.349065989256,-0.174532994628,
21389,34090,16451,-1,0.0,0.0,1.33000004292,0.0,0.0,0.0,
21390,34092,16448,-1,0.0,0.0,0.0,0.0,0.0,0.0,
21391,34090,16451,-1,0.159999996424,0.180000007153,1.29999995232,0.0,0.0,0.0,
21392,34090,16451,-1,0.170000001788,-0.140000000596,1.29999995232,0.0,0.0,0.0,
21393,34090,16451,-1,-0.20000000298,-0.20000000298,1.29999995232,0.0,0.0,0.0,
21394,34090,16451,-1,-0.140000000596,0.140000000596,1.29999995232,0.0,0.0,0.0,
21395,34093,16449,-1,0.0,0.0,0.0,0.0,0.0,0.0,
21396,34090,16451,-1,-0.239999994636,0.0,1.26999998093,0.0,0.0,0.0,
21397,34090,16451,-1,0.239999994636,0.0,1.26999998093,0.0,0.0,0.0,
21398,34090,16451,-1,0.0,0.239999994636,1.26999998093,0.0,0.0,0.0,
21399,34090,16451,-1,0.0,-0.239999994636,1.26999998093,0.0,0.0,0.0,
21400,34096,7276,22,-1.0,-0.20000000298,0.0,3.31612992287,0.0,0.0,
21401,34099,11872,19,0.0,0.0,0.0,0.0,0.0,0.0,
21402,34099,14926,19,0.0,0.0,-3.0,0.0,0.0,0.0,
21405,34100,11245,19,0.0,0.0,0.0,0.0,0.0,0.0,
21406,34100,11245,19,0.0,0.0,0.0,0.0,0.0,0.0,
21407,34100,11245,19,0.0,0.0,0.0,0.0,0.0,0.0,
21408,34100,11245,19,0.0,0.0,0.0,0.0,0.0,0.0,
21411,34104,11248,19,0.0,0.0,0.0,0.0,0.0,0.0,
21412,34104,11248,19,0.0,0.0,0.0,0.0,0.0,0.0,
21413,34104,11248,19,0.0,0.0,0.0,0.0,0.0,0.0,
21414,34104,11248,19,0.0,0.0,0.0,0.0,0.0,0.0,
21415,34105,16458,20,0.0,0.0,-2.0,0.0,0.0,0.0,
21416,34106,16459,16,0.0,0.0,-0.300000011921,0.0,3.49065995216,0.0,
21417,34106,16460,16,-0.899999976158,0.0,-0.10000000149,0.0,3.31612992287,0.0872659981251,
21418,34106,16460,16,-1.70000004768,0.0,0.10000000149,0.0,3.14159011841,0.0872659981251,
21419,34106,13711,16,-2.0,1.29999995232,-0.40000000596,0.0,1.57079994678,0.0,
21420,34106,13711,16,-2.0,-1.29999995232,-0.40000000596,0.0,1.57079994678,0.0,
21421,34106,16461,17,-0.25,0.300000011921,0.40000000596,0.0,0.0,0.0,
21422,34106,16462,16,-0.300000011921,0.0,0.070000000298,0.785398006439,0.174532994628,-0.349065989256,
21423,34106,16462,16,-1.20000004768,0.0,0.300000011921,-0.785398006439,0.174532994628,0.349065989256,
21424,34107,9332,17,1.25,-0.25,0.600000023842,0.0,0.436331987381,0.0,
21425,34107,11999,2,-0.10000000149,0.0,0.0,0.0,2.96706008911,0.0,
21426,34108,9332,17,1.25,-0.25,0.600000023842,0.0,0.436331987381,0.0,
21427,34108,11999,2,-0.10000000149,0.0,0.0,0.0,2.96706008911,0.0,
21428,34109,9332,17,1.25,-0.25,0.600000023842,0.0,0.436331987381,0.0,
21429,34109,11999,2,-0.10000000149,0.0,0.0,0.0,2.96706008911,0.0,
21430,34110,9332,17,1.25,-0.25,0.600000023842,0.0,0.436331987381,0.0,
21431,34110,11999,2,-0.10000000149,0.0,0.0,0.0,2.96706008911,0.0,
21432,34101,5656,19,0.0,0.0,-1.10000002384,0.0,0.0,0.0,
21433,34111,7448,22,0.0,0.0,0.0,1.57079994678,1.57079994678,1.57079994678,
21434,34111,7448,21,0.0,0.0,0.0,0.0,1.57079994678,0.0,
21435,34112,16458,20,0.0,0.0,-2.0,0.0,0.0,0.0,
21436,34113,16458,20,0.0,0.0,-2.0,0.0,0.0,0.0,
21437,34114,16458,20,0.0,0.0,-2.0,0.0,0.0,0.0,
21438,34115,16458,20,0.0,0.0,-2.0,0.0,0.0,0.0,
21439,34116,16458,20,0.0,0.0,-2.0,0.0,0.0,0.0,
21440,34117,16458,20,0.0,0.0,-2.0,0.0,0.0,0.0,
21441,34118,16458,20,0.0,0.0,-2.0,0.0,0.0,0.0,
21442,34119,16458,20,0.0,0.0,-2.0,0.0,0.0,0.0,
21443,34120,16458,20,0.0,0.0,-2.0,0.0,0.0,0.0,
21444,34121,16458,20,0.0,0.0,-2.0,0.0,0.0,0.0,
21445,34122,16458,20,0.0,0.0,-2.0,0.0,0.0,0.0,
21446,34123,16458,20,0.0,0.0,-2.0,0.0,0.0,0.0,
21447,34124,16458,20,0.0,0.0,-2.0,0.0,0.0,0.0,
21448,34127,16588,19,0.0,0.0,-15.0,0.0,0.0,0.0,
21449,34129,16465,19,0.0,0.0,-15.0,0.0,0.0,0.0,
21450,34130,16484,19,0.0,0.0,0.0,0.0,0.0,0.0,
21451,34131,16407,34,0.0,0.0,0.0,0.0,0.0,0.0,
21452,34132,11307,16,0.0,0.0,0.0,0.0,0.0,0.0,
21453,34133,11307,34,0.0,0.0,0.0,0.0,0.0,0.0,
21454,34134,16469,17,-0.137999996543,0.0,0.239999994636,0.0,0.0,0.0,
21456,34138,4892,-1,0.0,0.0,-2.0,0.0,0.0,0.0,
21457,34147,15456,1,1.0,0.0,0.0,0.0,0.0,0.0,
21458,34148,15983,1,0.0,0.0,0.0,0.0,-1.39626002312,3.14159011841,
21459,34148,15983,1,0.0,0.0,0.0,0.0,-1.39626002312,0.0,
21460,34150,15983,28,0.0,0.0,0.0,0.0,0.872664988041,3.14159011841,
21461,34150,15983,28,0.0,0.0,0.0,0.0,0.872664988041,0.0,
21462,34152,3645,-1,1.0,0.0,1.10000002384,0.0,0.0,0.0,
21464,11186,16473,12,0.0500000007451,0.0,-1.0,0.0,0.0,0.0,
21465,34159,16475,19,0.0,0.0,3.0,0.0,0.0,0.0,
21466,34159,16390,19,0.0,0.0,0.0,0.0,0.0,0.0,
21467,34160,16474,19,0.0,0.0,3.0,0.0,0.0,0.0,
21468,34160,16388,19,0.0,0.0,0.0,0.0,0.0,0.0,
21469,34161,16550,-1,0.0,0.0,0.0,0.0,0.0,0.0,
21470,34161,16549,-1,0.0,0.0,2.0,0.0,0.0,0.0,
21471,34162,16478,-1,0.0,0.0,1.0,0.0,0.0,0.0,
21472,34166,16551,-1,0.0,0.0,0.0,0.0,0.0,0.0,
21473,34166,15322,-1,0.0,0.0,2.0,0.0,0.0,0.0,
21474,34169,12661,34,0.0,0.0,0.0,0.0,0.0,0.0,
21475,34170,6013,19,0.0,0.0,0.0,0.0,0.0,0.0,
21476,34175,16362,20,0.0,0.0,0.0,0.0,0.0,0.0,
21482,34176,15057,-1,0.0,0.0,0.0,0.0,0.0,0.0,
21483,34178,3253,18,0.0,0.0,0.0,0.0,0.0,0.0,
21484,34181,16481,-1,0.0,-2.0,0.0,1.57079994678,0.0,0.0,
21489,34182,15610,-1,0.0,0.0,0.0,0.0,0.0,0.0,
21490,34181,16481,-1,0.0,2.0,0.0,-1.57079994678,0.0,0.0,
21491,34181,16481,-1,-2.0,0.0,0.0,0.0,0.0,0.0,
21492,34181,16481,-1,2.0,0.0,0.0,3.14159011841,0.0,0.0,
21493,34187,13350,22,0.0,-0.15000000596,-0.40000000596,0.0,0.0,0.0,
21494,34182,3539,-1,0.0,0.0,2.0,0.0,0.0,0.0,
21495,33989,16063,-1,0.0,0.0,0.0500000007451,0.0,0.0,0.0,
21497,34191,14909,22,0.0,-0.40000000596,-0.5,0.0,0.0,0.0,
21498,34192,16485,-1,0.0,0.0,1.0,0.0,1.22172999382,0.0,
21501,34196,16489,17,-0.070000000298,0.0,0.119999997318,0.0,-0.174532994628,0.0,
21503,34197,14909,-1,0.0,1.0,0.5,0.0,0.0,0.0,
21504,34198,14909,-1,0.0,-1.0,0.5,0.0,0.0,0.0,
21505,34199,14909,-1,-1.10000002384,0.0,0.5,0.0,0.0,0.0,
21506,34196,16490,17,-0.15000000596,0.0,0.0,0.0,-0.174532994628,0.0,
21508,34200,16491,-1,0.75,1.0,0.0,0.0,0.0,0.0,
21509,34201,16491,-1,0.75,-1.0,0.0,0.0,0.0,0.0,
21510,34202,16492,-1,0.0,0.0,1.5,1.57079994678,0.0,0.0,
21511,34203,4276,-1,0.0,0.0,-1.0,0.0,-1.57079994678,0.0,
21514,34204,16495,22,0.0,-0.40000000596,-0.5,0.0,0.0,0.0,
21515,34205,16496,22,-0.10000000149,0.20000000298,0.0,0.0,0.0,4.71238994598,
21518,34206,545,12,0.0,0.0,0.0,0.0,0.0,0.0,
21519,34207,7484,-1,0.0,0.10000000149,1.10000002384,0.0,0.0,0.0,
21520,34208,9664,22,-0.10000000149,-0.10000000149,0.0,0.0,0.0,0.0,
21521,34208,9664,22,-0.10000000149,-0.20000000298,0.0,0.0,0.0,0.0,
21522,34208,9664,22,-0.10000000149,-0.300000011921,0.0,0.0,0.0,0.0,
21523,34208,9664,22,-0.10000000149,-0.600000023842,0.0,0.0,0.0,0.0,
21524,34208,9664,22,-0.10000000149,-0.40000000596,0.0,0.0,0.0,0.0,
21525,34208,9664,22,-0.10000000149,-0.5,0.0,0.0,0.0,0.0,
21528,34209,8812,15,0.0,0.0,0.0,0.0,1.57079994678,0.0,
21529,34210,7448,21,0.0,0.0,0.0,0.0,1.57079994678,0.0,
21530,34210,7448,22,0.0,0.0,0.0,1.57079994678,1.57079994678,1.57079994678,
21531,34216,16497,-1,0.0,0.0,0.0,0.0,0.0,0.0,
21533,34217,12800,19,0.0,0.0,0.0,0.0,0.0,0.0,
21534,34218,8140,34,0.0,0.0,-1.0,0.0,0.0,0.0,
21535,34220,8960,34,0.0,0.0,0.0,0.0,0.0,0.0,
21536,34221,16498,18,0.0,0.0,-1.0,0.0,0.0,0.0,
21538,34219,10194,19,-0.300000011921,0.0,0.5,3.14159011841,0.0,0.0,
21539,34227,14785,19,-4.0,0.0,0.0,0.0,0.0,0.0,
21540,34228,12268,20,0.0,0.0,0.25,0.0,0.0,0.0,
21541,34228,16499,20,0.0,0.0,0.25,1.57079994678,-2.44345998764,0.0,
21542,34228,16499,20,0.0,0.0,0.25,-1.57079994678,-2.44345998764,0.0,
21543,34232,15057,-1,0.0,0.0,0.0,0.0,0.0,0.0,
21544,34233,6127,12,0.0,0.0,-0.649999976158,0.0,-1.57079994678,0.0,
21545,34234,16458,20,0.0,0.0,-2.0,0.0,0.0,0.0,
21549,34237,6127,12,0.0,0.0,-0.649999976158,0.0,-1.57079994678,0.0,
21550,34237,5488,19,0.0,0.0,0.649999976158,0.0,-1.57079994678,0.0,
21551,34237,6135,19,0.0,0.0,0.649999976158,0.0,-1.57079994678,0.0,
21552,34238,6127,12,0.0,0.0,-0.649999976158,0.0,-1.57079994678,0.0,
21553,34237,6560,19,0.0,0.0,0.649999976158,0.0,-1.57079994678,0.0,
21554,34241,6135,19,0.0,0.0,0.649999976158,0.0,-1.57079994678,0.0,
21555,34241,6127,12,0.0,0.0,-0.649999976158,0.0,-1.57079994678,0.0,
21556,34241,5488,19,0.0,0.0,0.649999976158,0.0,-1.57079994678,0.0,
21557,34241,6560,19,0.0,0.0,0.649999976158,0.0,-1.57079994678,0.0,
21558,34242,16458,20,0.0,0.0,-2.0,0.0,0.0,0.0,
21559,34243,16458,20,0.0,0.0,-2.0,0.0,0.0,0.0,
21560,34244,16507,19,0.0,0.0,0.0,0.0,0.0,0.0,
21561,34245,16529,-1,0.0,0.0,0.0,0.0,0.0,0.0,
21562,34245,16528,-1,0.0,0.0,0.0,0.0,0.0,0.0,
21563,34246,11357,21,0.0,0.0,0.0,0.0,0.0,0.0,
21564,34246,11357,22,0.0,0.0,0.0,0.0,0.0,0.0,
21565,34244,16507,19,0.0,0.0,0.0,0.471239000559,0.0,0.0,
21566,34244,16507,19,0.0,0.0,0.0,0.942478001118,0.0,0.0,
21572,34249,16577,3,0.0,0.0,0.0,0.0,0.0,0.0,
21573,34250,14940,-1,0.0,0.0,0.0,0.0,0.0,0.0,
21575,34256,8991,22,0.0,0.0,0.0,0.0,0.0,0.0,
21577,34261,16512,31,0.0,0.0,0.0,3.14159011841,1.57079994678,3.14159011841,
21578,34090,4129,-1,0.0,0.0,1.54999995232,0.0,0.0,0.0,
21579,34262,10515,19,0.0,0.0,0.0,0.0,0.0,0.0,
21580,34266,7027,-1,0.0,0.0,0.0,0.0,0.0,0.0,
21581,34267,8593,22,0.0,0.0,-0.300000011921,1.57079994678,0.0,0.0,
21583,34273,8225,34,0.0,0.0,-4.0,0.0,0.0,0.0,
21586,29768,12931,17,0.75,0.0,-0.20000000298,0.0,0.0,0.0,
21587,29769,12218,17,0.75,0.0,-0.20000000298,0.0,0.0,0.0,
21588,34277,12676,34,-2.0,0.0,-1.0,3.14159011841,-0.261799007654,0.0,
21589,34281,16902,19,0.0,0.0,0.0,1.57079994678,0.0,0.0,
21591,34281,16901,19,0.0,0.0,0.0,0.523599028587,0.0,0.0,
21592,34282,16904,19,0.0,0.0,0.0,0.0,0.0,0.0,
21593,34282,17478,19,0.0,0.0,0.0,0.0,0.0,0.0,
21594,34283,16516,19,0.0,0.0,0.5,0.0,0.0,0.0,
21596,34285,9118,-1,0.0,0.0,0.0,0.0,0.0,0.0,
21601,34289,16518,19,0.0,0.0,0.0,0.0,0.0,0.0,
21604,34296,16168,19,0.0,0.0,0.0,0.0,0.0,0.0,
21607,34304,16163,1,0.0,0.0,0.0,0.0,0.0,0.0,
21608,34304,16163,2,0.0,0.0,0.0,0.0,0.0,0.0,
21610,34305,16163,1,0.0,0.0,0.0,0.0,0.0,0.0,
21611,34305,16163,2,0.0,0.0,0.0,0.0,0.0,0.0,
21612,34306,7364,34,0.0,0.0,0.0,0.0,0.0,0.0,
21613,34306,4470,34,0.0,0.0,0.0,0.0,0.0,0.0,
21614,34307,10236,19,0.0,0.0,0.10000000149,0.0,0.0,0.0,
21615,34307,10236,19,0.0,0.0,0.10000000149,0.0,0.0,0.0,
21620,34313,16531,1,0.15000000596,0.0,0.0,0.0,1.57079994678,0.0,
21624,34312,8935,19,0.0,0.0,0.0,0.0,0.0,0.0,
21627,34312,15075,19,0.0,0.0,0.0,0.0,0.0,0.0,
21628,34312,15074,17,-0.300000011921,0.0,0.0,0.0,0.0,0.0,
21629,34317,16535,-1,0.0,0.0,-0.75,0.0,0.0,0.0,
21631,34318,16536,-1,0.0,0.0,0.0,0.0,0.0,0.0,
21636,34315,16539,17,0.600000023842,0.0,-0.20000000298,-0.174532994628,0.0,0.0,
21637,34322,15878,19,0.0,0.0,1.0,0.0,0.0,0.0,
21642,34324,6600,1,1.0,0.0,0.0,0.0,0.0,0.0,
21644,34081,8155,-1,0.0,0.0,0.0,0.0,-1.57079994678,0.0,
21645,34330,16543,19,0.0,0.0,-2.0,0.0,0.0,0.0,
21646,34335,16546,-1,0.0,0.0,0.0,0.0,0.0,0.0,
21647,34336,594,-1,20.0,0.0,0.0,0.0,0.0,0.0,
21650,34339,14207,19,0.0,0.0,0.0,0.0,0.0,0.0,
21651,34341,16552,19,0.0,0.0,-2.0,0.0,0.0,0.0,
21652,34343,12455,19,0.0,0.0,0.0,0.0,0.0,0.0,
21653,34348,16562,-1,0.0,0.0,0.0,0.0,0.0,0.0,
21656,34350,16566,-1,0.75,0.0,0.0,0.0,0.0,0.0,
21657,34348,8604,-1,0.0,0.0,0.0,0.0,0.0,0.0,
21658,34353,10399,34,0.0,0.0,0.0,0.0,0.0,0.0,
21659,34353,5663,34,0.300000011921,0.10000000149,0.0,0.0,0.0,0.0,
21660,34355,9009,19,0.0,0.0,0.0,0.0,0.0,0.0,
21662,34355,6943,19,0.0,0.0,0.0,0.0,0.0,0.0,
21663,34367,5240,19,0.0,0.0,0.0,0.0,0.0,0.0,
21667,34372,17878,19,0.0,0.0,1.5,0.0,0.0,0.0,
21669,34374,15619,-1,0.800000011921,0.949999988079,1.60000002384,0.0,0.0,0.0,
21670,34374,15619,-1,-0.800000011921,-0.649999976158,1.60000002384,0.0,0.0,0.0,
21671,34374,15619,-1,-0.800000011921,0.949999988079,1.60000002384,0.0,0.0,0.0,
21672,34374,15619,-1,0.800000011921,-0.649999976158,1.60000002384,0.0,0.0,0.0,
21673,34375,15178,-1,0.0,0.0,0.0,0.523599028587,0.0,0.0,
21674,34365,14925,-1,0.0,0.0,0.0,0.0,3.14159011841,0.0,
21675,34378,100,19,0.0,0.0,0.0,0.0,0.0,0.0,
21676,34379,7771,-1,0.0,0.0,0.0,0.0,0.0,0.0,
21681,34382,11513,-1,0.0,0.0,0.0,0.0,0.0,0.0,
21686,34389,10254,19,0.0,0.0,2.0,0.0,0.0,0.0,
21687,34379,16987,-1,0.0,0.0,0.0,0.0,0.0,0.0,
21690,34393,5174,20,0.0,0.0,-0.5,0.0,0.0,0.0,
21692,34393,4057,19,0.0,0.0,0.0,0.0,0.0,0.0,
21693,34395,15529,34,0.0,0.0,-0.5,0.0,0.0,0.0,
21694,34396,15883,34,0.0,0.0,0.20000000298,0.0,0.0,0.0,
21695,34395,15528,21,0.0,0.0,0.0,0.0,0.0,0.0,
21696,34395,15528,22,0.0,0.0,0.0,0.0,0.0,0.0,
21697,34398,9250,19,0.0,0.0,0.0,0.0,0.0,0.0,
21702,34402,119,22,0.0,0.0,0.0,0.0,0.0,0.0,
21703,34402,119,21,0.0,0.0,0.0,0.0,0.0,0.0,
21704,34405,4928,-1,0.0,0.0,0.0,0.0,0.0,0.0,
21705,34405,11659,-1,0.0,0.0,0.0,0.0,0.0,0.0,
21706,34411,4856,-1,0.0,0.0,0.0,0.0,0.0,0.0,
21707,34412,16480,16,0.0,0.0,-0.20000000298,0.0,-1.74532997608,0.0,
21708,34412,16565,19,0.0,0.0,-8.0,0.0,0.0,0.0,
21709,34416,15569,-1,0.0,0.0,0.0,0.0,0.0,0.0,
21710,34416,15166,-1,0.0,0.0,7.0,0.0,2.3561899662,0.0,
21711,34416,15166,-1,0.0,0.0,7.0,0.0,-2.3561899662,0.0,
21712,34416,15166,-1,0.0,0.0,0.0,0.0,0.0,0.0,
21713,34418,10340,-1,0.0,0.0,0.5,3.14159011841,0.785398006439,0.0,
21714,34419,16167,-1,0.0,0.0,0.0,0.0,0.0,0.0,
21715,34420,5220,-1,0.0,0.0,0.0,0.0,0.0,0.0,
21716,34411,5682,-1,0.0,0.0,-0.5,0.0,0.0,0.0,
21717,34421,16167,-1,0.0,0.0,0.0,0.0,0.0,0.0,
21718,34421,16581,-1,0.0,0.0,0.0,0.0,0.0,0.0,
21719,34421,15213,-1,0.0,0.0,0.0,0.0,0.0,0.0,
21720,34435,8834,19,0.0,0.0,0.0,0.0,0.0,0.0,
21722,34438,16167,-1,0.0,0.0,0.0,0.0,0.0,0.0,
21723,34438,16581,-1,0.0,0.0,0.0,0.0,0.0,0.0,
21724,34438,15213,-1,0.0,0.0,0.0,0.0,0.0,0.0,
21725,34439,9662,17,0.0,0.0,0.0,0.0,0.0,0.0,
21726,34440,7231,17,0.0,0.0,0.0,0.0,0.0,0.0,
21728,34447,7266,-1,0.0,0.0,0.0,0.0,0.0,0.0,
21729,24826,16286,19,0.0,0.0,0.0,0.0,0.0,0.0,
21730,34453,5342,-1,0.0,0.0,0.0,0.0,0.0,0.0,
21731,34455,16594,18,0.0,0.0,0.0,0.0,0.0,0.0,
21735,34461,5694,-1,0.0,0.0,0.0,0.0,0.0,0.0,
21736,34462,4470,34,1.0,0.0,0.0,0.0,0.0,0.0,
21737,34463,16600,-1,0.0,0.0,0.0,0.0,0.0,0.0,
21738,34464,5194,34,1.0,0.0,0.0,0.0,0.0,0.0,
21739,34465,16084,19,0.0,0.0,1.0,0.0,0.0,0.0,
21740,34466,16308,19,0.0,0.0,2.0,0.0,0.0,0.0,
21741,34470,15467,-1,0.0,0.0,4.0,0.0,3.14159011841,0.0,
21747,34477,16606,34,0.0,0.0,0.0,0.0,0.0,0.0,
21748,34479,16611,1,-0.600000023842,0.0,0.75,0.0,0.872664988041,-1.39626002312,
21749,34479,16613,-1,0.0,0.0,0.0,0.0,0.0,0.0,
21750,34486,16608,2,0.0,0.0,-0.300000011921,0.0,0.0,0.0,
21751,34494,9662,17,0.0,0.0,0.0,0.0,0.0,0.0,
21752,34496,11298,17,0.0,0.0,0.0,0.0,0.0,0.0,
21754,34498,16614,19,0.0,0.0,0.0,0.0,0.0,0.0,
21755,34499,16615,16,0.0,0.0,0.0,0.0,0.0,1.57079994678,
21756,34106,16615,16,0.20000000298,0.20000000298,-0.20000000298,0.0,0.523599028587,1.74532997608,
21757,34106,16615,16,-0.600000023842,-0.10000000149,0.15000000596,0.0,3.49065995216,1.74532997608,
21758,34106,16615,16,-1.29999995232,0.5,0.300000011921,0.0,0.0,1.74532997608,
21759,34106,16617,16,-1.35000002384,-0.15000000596,0.20000000298,-1.04719996452,0.261799007654,0.0,
21760,34501,11937,34,0.0,0.0,0.0,0.0,0.0,0.0,
21761,34106,13420,16,-1.0,-1.29999995232,-0.40000000596,0.0,0.0,-0.523599028587,
21762,34106,13420,16,-1.0,1.29999995232,-0.40000000596,0.0,0.0,0.523599028587,
21763,34106,16618,16,-0.34999999404,-0.20000000298,0.800000011921,0.0,3.49065995216,0.174532994628,
21764,34106,16620,16,-0.34999999404,0.0,-0.0500000007451,0.349065989256,0.698131978512,-0.174532994628,
21765,34502,16621,2,0.0,0.0,-0.300000011921,0.0,0.0,0.0,
21766,34502,16621,2,0.0,0.0,-0.300000011921,0.0,0.0,2.09438991547,
21767,34502,16621,2,0.0,0.0,-0.300000011921,0.0,0.0,1.04719996452,
21768,34502,16621,2,0.0,0.0,-0.300000011921,0.0,0.0,3.14159011841,
21769,34106,16622,16,-1.0,-0.5,1.60000002384,0.349065989256,0.872664988041,-0.174532994628,
21770,34106,16626,16,-1.0,1.70000004768,-0.40000000596,1.57079994678,1.91986000538,0.0,
21771,34503,16295,-1,0.0,0.0,0.0,0.0,0.0,0.0,
21772,34106,16626,16,-1.0,-1.70000004768,-0.40000000596,-1.57079994678,1.91986000538,0.0,
21773,34504,15454,19,0.0,0.0,0.5,0.0,0.0,0.0,
21774,34505,10269,-1,0.0,0.0,0.0,0.0,0.0,0.0,
21775,34506,16621,21,0.0,0.0,-0.300000011921,0.0,0.0,0.0,
21776,34506,16621,21,0.0,0.0,-0.300000011921,0.0,0.0,1.04719996452,
21777,34506,16621,21,0.0,0.0,-0.300000011921,0.0,0.0,2.09438991547,
21778,34506,16621,21,0.0,0.0,-0.300000011921,0.0,0.0,3.14159011841,
21779,34106,16627,16,-2.5,0.0,-0.300000011921,0.0,-0.523599028587,0.0,
21780,34508,13670,-1,0.0,0.0,0.0,0.0,0.0,0.0,
21781,34509,7663,20,0.0,0.0,0.0,0.0,0.0,0.0,
21782,34509,7775,20,0.0,0.0,0.0,0.0,0.0,0.0,
21783,34510,16621,21,0.0,0.0,-0.300000011921,0.0,0.0,0.0,
21784,34510,16621,21,0.0,0.0,-0.300000011921,0.0,0.0,1.04719996452,
21785,34510,16621,21,0.0,0.0,-0.300000011921,0.0,0.0,2.09438991547,
21786,34510,16621,21,0.0,0.0,-0.300000011921,0.0,0.0,3.14159011841,
21787,34511,17723,19,0.0,0.0,0.25,0.0,0.0,0.0,
21788,34513,16459,16,0.0,0.0,-0.300000011921,0.0,3.49065995216,0.0,
21789,34513,16460,16,-0.899999976158,0.0,-0.10000000149,0.0,3.31612992287,0.0872659981251,
21790,34513,16460,16,-1.70000004768,0.0,0.10000000149,0.0,3.14159011841,0.0872659981251,
21791,34513,13711,16,-2.0,1.29999995232,-0.40000000596,0.0,1.57079994678,0.0,
21792,34513,13711,16,-2.0,-1.29999995232,-0.40000000596,0.0,1.57079994678,0.0,
21793,34513,16461,17,-0.25,0.300000011921,0.40000000596,0.0,0.0,0.0,
21794,34513,16462,16,-0.300000011921,0.0,0.070000000298,0.785398006439,0.174532994628,-0.349065989256,
21795,34513,16462,16,-1.20000004768,0.0,0.300000011921,-0.785398006439,0.174532994628,0.349065989256,
21796,34513,16615,16,0.20000000298,0.20000000298,-0.20000000298,0.0,0.523599028587,1.74532997608,
21797,34513,16615,16,-0.600000023842,-0.10000000149,0.15000000596,0.0,3.49065995216,1.74532997608,
21798,34513,16615,16,-1.29999995232,0.5,0.300000011921,0.0,0.0,1.74532997608,
21799,34513,16617,16,-1.35000002384,-0.15000000596,0.20000000298,-1.04719996452,0.261799007654,0.0,
21800,34513,13420,16,-1.0,-1.29999995232,-0.40000000596,0.0,0.0,-0.523599028587,
21801,34513,13420,16,-1.0,1.29999995232,-0.40000000596,0.0,0.0,0.523599028587,
21802,34513,16618,16,-0.34999999404,-0.20000000298,0.800000011921,0.0,3.49065995216,0.174532994628,
21803,34513,16620,16,-0.34999999404,0.0,-0.0500000007451,0.349065989256,0.698131978512,-0.174532994628,
21804,34513,16626,16,-1.0,1.70000004768,-0.40000000596,1.57079994678,1.91986000538,0.0,
21805,34513,16626,16,-1.0,-1.70000004768,-0.40000000596,-1.57079994678,1.91986000538,0.0,
21806,34514,16459,16,0.0,0.0,-0.300000011921,0.0,3.49065995216,0.0,
21807,34514,16460,16,-0.899999976158,0.0,-0.10000000149,0.0,3.31612992287,0.0872659981251,
21808,34514,16460,16,-1.70000004768,0.0,0.10000000149,0.0,3.14159011841,0.0872659981251,
21809,34514,13711,16,-2.0,1.29999995232,-0.40000000596,0.0,1.57079994678,0.0,
21810,34514,13711,16,-2.0,-1.29999995232,-0.40000000596,0.0,1.57079994678,0.0,
21811,34514,16461,17,-0.25,0.300000011921,0.40000000596,0.0,0.0,0.0,
21812,34514,16462,16,-0.300000011921,0.0,0.070000000298,0.785398006439,0.174532994628,-0.349065989256,
21813,34514,16462,16,-1.20000004768,0.0,0.300000011921,-0.785398006439,0.174532994628,0.349065989256,
21814,34514,16615,16,0.20000000298,0.20000000298,-0.20000000298,0.0,0.523599028587,1.74532997608,
21815,34514,16615,16,-0.600000023842,-0.10000000149,0.15000000596,0.0,3.49065995216,1.74532997608,
21816,34514,16615,16,-1.29999995232,0.5,0.300000011921,0.0,0.0,1.74532997608,
21817,34514,16617,16,-1.35000002384,-0.15000000596,0.20000000298,-1.04719996452,0.261799007654,0.0,
21818,34514,13420,16,-1.0,-1.29999995232,-0.40000000596,0.0,0.0,-0.523599028587,
21819,34514,13420,16,-1.0,1.29999995232,-0.40000000596,0.0,0.0,0.523599028587,
21820,34514,16618,16,-0.34999999404,-0.20000000298,0.800000011921,0.0,3.49065995216,0.174532994628,
21821,34514,16620,16,-0.34999999404,0.0,-0.0500000007451,0.349065989256,0.698131978512,-0.174532994628,
21822,34515,16459,16,0.0,0.0,-0.300000011921,0.0,3.49065995216,0.0,
21823,34515,16460,16,-0.899999976158,0.0,-0.10000000149,0.0,3.31612992287,0.0872659981251,
21824,34515,16460,16,-1.70000004768,0.0,0.10000000149,0.0,3.14159011841,0.0872659981251,
21825,34515,13711,16,-2.0,1.29999995232,-0.40000000596,0.0,1.57079994678,0.0,
21826,34515,13711,16,-2.0,-1.29999995232,-0.40000000596,0.0,1.57079994678,0.0,
21827,34515,16461,17,-0.25,0.300000011921,0.40000000596,0.0,0.0,0.0,
21828,34515,16462,16,-0.300000011921,0.0,0.070000000298,0.785398006439,0.174532994628,-0.349065989256,
21829,34515,16462,16,-1.20000004768,0.0,0.300000011921,-0.785398006439,0.174532994628,0.349065989256,
21830,34515,16615,16,0.20000000298,0.20000000298,-0.20000000298,0.0,0.523599028587,1.74532997608,
21831,34515,16615,16,-0.600000023842,-0.10000000149,0.15000000596,0.0,3.49065995216,1.74532997608,
21832,34515,16615,16,-1.29999995232,0.5,0.300000011921,0.0,0.0,1.74532997608,
21833,34515,16617,16,-1.35000002384,-0.15000000596,0.20000000298,-1.04719996452,0.261799007654,0.0,
21834,34515,16618,16,-0.34999999404,-0.20000000298,0.800000011921,0.0,3.49065995216,0.174532994628,
21835,34516,16459,16,0.0,0.0,-0.300000011921,0.0,3.49065995216,0.0,
21836,34516,16460,16,-0.899999976158,0.0,-0.10000000149,0.0,3.31612992287,0.0872659981251,
21837,34516,16460,16,-1.70000004768,0.0,0.10000000149,0.0,3.14159011841,0.0872659981251,
21838,34516,13711,16,-2.0,1.29999995232,-0.40000000596,0.0,1.57079994678,0.0,
21839,34516,13711,16,-2.0,-1.29999995232,-0.40000000596,0.0,1.57079994678,0.0,
21840,34516,16461,17,-0.25,0.300000011921,0.40000000596,0.0,0.0,0.0,
21841,34516,16462,16,-0.300000011921,0.0,0.070000000298,0.785398006439,0.174532994628,-0.349065989256,
21842,34516,16462,16,-1.20000004768,0.0,0.300000011921,-0.785398006439,0.174532994628,0.349065989256,
21843,34516,16615,16,0.20000000298,0.20000000298,-0.20000000298,0.0,0.523599028587,1.74532997608,
21844,34516,16615,16,-0.600000023842,-0.10000000149,0.15000000596,0.0,3.49065995216,1.74532997608,
21845,34516,16615,16,-1.29999995232,0.5,0.300000011921,0.0,0.0,1.74532997608,
21846,34516,16618,16,-0.34999999404,-0.20000000298,0.800000011921,0.0,3.49065995216,0.174532994628,
21847,34517,16459,16,0.0,0.0,-0.300000011921,0.0,3.49065995216,0.0,
21848,34517,16460,16,-0.899999976158,0.0,-0.10000000149,0.0,3.31612992287,0.0872659981251,
21849,34517,16460,16,-1.70000004768,0.0,0.10000000149,0.0,3.14159011841,0.0872659981251,
21850,34517,13711,16,-2.0,1.29999995232,-0.40000000596,0.0,1.57079994678,0.0,
21851,34517,13711,16,-2.0,-1.29999995232,-0.40000000596,0.0,1.57079994678,0.0,
21852,34517,16461,17,-0.25,0.300000011921,0.40000000596,0.0,0.0,0.0,
21853,34517,16462,16,-0.300000011921,0.0,0.070000000298,0.785398006439,0.174532994628,-0.349065989256,
21854,34517,16462,16,-1.20000004768,0.0,0.300000011921,-0.785398006439,0.174532994628,0.349065989256,
21855,34518,5625,16,-0.600000023842,0.0,0.15000000596,0.0,0.0,0.0,
21856,34518,16633,16,-0.600000023842,0.0,0.15000000596,0.0,0.0,0.0,
21857,34519,5625,16,-1.20000004768,0.0,0.20000000298,0.0,0.0,0.0,
21858,34519,7484,16,-0.899999976158,0.0,0.20000000298,0.0,-1.57079994678,0.0,
21859,34520,5625,16,-1.20000004768,0.0,0.20000000298,0.0,0.0,0.0,
21860,34520,8612,16,-1.20000004768,0.0,-2.0,0.0,0.0,0.0,
21861,34521,11464,16,-1.0,1.89999997616,-0.40000000596,0.0,0.0,0.0,
21862,34521,11464,16,-1.0,-1.89999997616,-0.40000000596,0.0,0.0,0.0,
21863,34522,12253,16,-1.0,0.0,-0.40000000596,0.0,0.0,0.0,
21864,34525,15349,34,0.0,0.0,0.0,0.0,0.0,0.0,
21865,34525,15349,19,0.0,0.0,0.0,0.0,0.0,0.0,
21866,34525,15528,22,0.0,0.0,0.0,0.0,0.0,0.0,
21867,34525,15528,21,0.0,0.0,0.0,0.0,0.0,0.0,
21868,34523,10110,17,0.0,0.0,-0.20000000298,0.0,0.0,0.0,
21869,34383,4409,19,0.0,0.0,0.0,0.0,0.0,0.0,
21872,34550,12594,19,0.0,0.0,1.0,0.0,0.0,0.0,
21874,34559,12086,32,0.0,0.0,0.0,-1.74532997608,-1.04719996452,3.49065995216,
21875,34559,12086,33,0.0,0.0,0.0,1.83259999752,-0.872664988041,0.0,
21876,34559,12086,32,0.0,0.0,0.0,0.0,-0.523599028587,3.49065995216,
21877,34559,12086,33,0.0,0.0,0.0,0.0,-0.349065989256,0.0,
21878,34559,12086,2,0.0,0.0,0.0,0.0,0.0,-1.57079994678,
21879,34559,12086,1,0.0,0.0,0.0,0.0,0.0,-1.57079994678,
21880,34567,16823,-1,0.0,0.0,0.0,0.0,0.0,0.0,
21881,34447,10897,-1,0.0,0.0,0.0,0.0,0.0,0.0,
21883,34447,11559,-1,0.0,0.0,0.0,0.0,0.0,0.0,
21884,34447,16641,-1,0.0,0.0,0.0,0.0,0.0,0.0,
21885,34576,13516,19,0.0,0.0,0.0,0.0,0.0,0.0,
21889,34278,15678,2,0.0,0.0,0.0,0.0,0.0,0.0,
21890,34278,15678,1,0.0,0.0,0.0,0.0,0.0,0.0,
21892,34581,13941,20,2.0,0.0,-1.0,0.0,0.0,0.0,
21893,34581,13941,20,2.0,-2.5,-1.20000004768,0.0,0.0,0.0,
21894,34581,13941,20,0.0,3.0,-0.5,0.0,0.0,0.0,
21895,34581,13941,20,-2.0,0.0,1.0,0.0,0.0,0.0,
21897,34337,12883,-1,0.0,0.0,0.0,0.0,0.0,0.0,
21898,34582,13507,19,0.0,0.0,0.0,0.0,0.0,0.0,
21899,34582,12290,19,0.0,0.0,0.0,0.0,0.0,0.0,
21901,34583,13507,19,0.0,0.0,0.0,0.0,0.0,0.0,
21904,34583,13489,19,0.0,0.0,0.0,0.0,0.0,0.0,
21906,34586,12290,19,0.0,0.0,0.0,0.0,0.0,0.0,
21907,34587,13507,19,0.0,0.0,0.0,0.0,0.0,0.0,
21912,34589,12290,19,0.0,0.0,0.0,0.0,0.0,0.0,
21917,34587,12442,19,0.0,0.0,0.0,0.0,0.0,0.0,
21918,34582,16895,34,0.360000014305,0.070000000298,0.379999995232,0.0,0.0,0.0,
21921,34593,16650,-1,0.0,0.0,0.0,0.0,0.0,0.0,
21922,34582,10886,21,0.40000000596,0.0,-0.5,0.0,0.0,0.0,
21923,34582,10886,22,0.40000000596,0.0,-0.5,0.0,0.0,0.0,
21924,34596,16651,-1,0.0,0.0,0.0,0.0,0.0,0.0,
21925,34598,16654,-1,0.0,0.0,0.0,0.0,0.0,0.0,
21927,34600,5971,20,0.0,0.0,0.0,0.0,0.0,0.0,
21935,34599,4359,21,0.0,0.0,0.0,0.0,0.0,0.0,
21936,34599,4359,22,0.0,0.0,0.0,0.0,0.0,0.0,
21937,34325,6939,19,0.0,0.0,-3.0,0.0,0.0,0.0,
21938,34603,17260,19,0.0,0.0,0.0,1.39626002312,0.0,0.0,
21939,34603,380,19,0.0,0.0,0.0,3.14159011841,0.0,0.0,
21940,34603,17260,19,0.0,0.0,0.0,-0.785398006439,0.0,0.0,
21941,34603,17260,19,0.0,0.0,0.0,-1.39626002312,0.0,0.0,
21942,34603,17260,19,0.0,0.0,0.0,0.0,0.0,0.0,
21943,34603,17260,19,0.0,0.0,0.0,0.785398006439,0.0,0.0,
21947,34614,15243,-1,0.0,0.0,-5.0,0.0,0.0,0.0,
21948,34616,125,34,0.0,0.0,0.0,0.0,0.0,0.0,
21949,34617,5682,19,0.0,0.0,0.0,0.0,0.0,0.0,
21950,34618,16785,19,0.0,0.0,0.0,0.0,0.0,0.0,
21953,34505,16660,-1,0.0,0.0,0.0,0.0,0.0,0.0,
21954,31934,15051,19,0.0,0.0,0.0,0.0,0.0,0.0,
21955,31934,16662,19,0.0,0.0,0.0,0.0,0.0,0.0,
21956,34634,16663,19,0.0,0.0,0.0,0.0,0.0,0.0,
21957,34635,4059,20,0.0,0.0,-2.0,0.0,0.0,0.0,
21958,34635,361,19,0.0,0.0,0.0,0.0,0.0,0.0,
21959,34635,15611,19,0.0,0.0,0.0,0.0,0.0,0.0,
21960,34637,7282,38,0.0,0.0,0.0,0.0,0.0,0.0,
21962,34642,16785,19,0.0,0.0,0.0,0.0,0.0,0.0,
21963,34643,16786,19,0.0,0.0,0.0,0.0,0.0,0.0,
21965,34645,18080,-1,0.0,0.0,0.0,0.0,0.0,0.0,
21967,34646,16666,17,-0.5,0.0,0.10000000149,0.0,0.0,0.0,
21968,34654,16790,19,0.0,0.0,0.0,0.0,0.0,0.0,
21970,34655,17048,-1,0.0,0.0,0.0,0.0,0.0,0.0,
21971,34657,12921,34,0.0,0.0,0.0,0.0,0.0,0.0,
21972,34660,10032,-1,0.0,0.0,0.0,0.0,0.0,0.0,
21976,34668,12578,19,1.0,0.0,1.0,0.0,0.0,0.0,
21978,34670,17049,19,0.0,0.0,-0.15000000596,0.0,0.0,0.0,
21984,34680,620,37,0.0,0.0,0.0,0.0,0.0,0.0,
21985,34679,6070,22,0.0,0.0,0.0,0.0,0.0,0.0,
21986,34679,6070,21,0.0,0.0,0.0,0.0,0.0,0.0,
21987,34428,16715,3,0.0,0.0,0.0,0.0,0.0,0.0,
21988,34684,16684,19,0.0,0.0,1.0,0.0,0.0,0.0,
21989,34685,17854,-1,0.0,0.0,1.0,0.0,1.57079994678,0.0,
21990,34686,16342,-1,0.0,0.0,0.20000000298,0.0,0.0,0.0,
21991,34688,16676,17,0.0,0.0,0.0,0.0,0.0,0.0,
21992,34689,7752,37,0.0,0.0,0.0,0.0,0.0,0.0,
21993,34690,8670,19,0.0,0.0,0.0,0.0,0.0,0.0,
21994,34691,16949,-1,0.0,0.0,0.0,0.0,0.0,0.0,
21995,34693,16685,6,0.0,0.0,0.0,0.0,0.0,0.0,
21996,34693,16686,5,0.0,0.0,0.0,0.0,0.0,0.0,
21997,34694,16687,47,0.0,0.0,0.0,0.0,0.0,0.0,
21998,34694,16688,48,0.0,0.0,0.0,0.0,0.0,0.0,
21999,34694,16689,6,0.0,0.0,0.0,0.0,0.0,0.0,
22000,34694,16690,5,0.0,0.0,0.0,0.0,0.0,0.0,
22001,34701,16696,19,0.0,0.0,0.0,0.0,0.0,1.57079994678,
22002,34705,16531,22,0.0,0.0,0.0,0.0,0.0,0.0,
22003,34705,16531,21,0.0,0.0,0.0,0.0,0.0,0.0,
22004,34706,12369,-1,0.0,0.0,1.0,0.0,1.57079994678,0.0,
22005,34708,13137,-1,0.0,0.0,0.0,0.0,0.0,0.0,
22006,34710,10078,-1,0.0,0.0,0.0,0.0,0.0,0.0,
22008,34712,12921,34,0.0,0.0,0.0,0.0,0.0,0.0,
22009,34713,12580,22,0.0,0.0,0.0,0.0,0.0,0.0,
22010,34713,12580,21,0.0,0.0,0.0,0.0,0.0,0.0,
22012,34714,17129,19,0.0,0.0,0.0,0.0,0.0,0.0,
22013,34715,12921,34,0.0,0.0,0.0,0.0,0.0,0.0,
22014,34716,17081,-1,0.0,0.0,0.0,0.0,0.0,0.0,
22015,34721,9438,-1,0.0,0.0,0.0,0.0,0.0,0.0,
22040,34082,8951,-1,0.0,0.0,0.0,0.0,0.0,0.0,
22050,34727,16696,-1,0.0,0.0,0.0,0.0,0.0,0.0,
22053,34732,4443,-1,0.0,0.0,0.0,0.0,0.0,0.0,
22054,34733,6354,34,0.0,0.0,0.0,0.0,0.0,0.0,
22055,34738,8666,19,0.0,0.0,1.10000002384,0.0,0.0,0.0,
22056,34739,8672,34,0.0,0.0,0.0,0.0,0.0,0.0,
22064,34752,14294,-1,0.0,0.0,0.0,0.0,0.0,0.0,
22067,34755,16702,19,0.0,0.0,0.0,0.0,0.0,0.0,
22068,34760,10551,19,0.0,0.0,-0.5,0.0,0.0,0.0,
22070,34762,9867,-1,0.0,0.0,0.0,0.0,0.0,0.0,
22071,34763,16714,19,0.0,0.0,-40.0,0.0,0.0,0.0,
22073,34765,16712,-1,0.0,0.0,0.0,0.0,0.0,0.0,
22074,34765,16712,-1,0.0,0.0,0.0,0.0,0.0,0.0,
22075,34766,16713,-1,0.0,0.0,0.0,0.0,0.0,0.0,
22076,34766,16713,-1,0.0,0.0,0.0,0.0,0.0,0.0,
22077,34767,12236,-1,0.0,0.0,1.0,0.0,0.0,0.0,
22080,34774,9088,19,0.0,0.0,0.0,0.0,0.0,0.0,
22081,34774,16716,19,0.0,0.0,0.0,0.785398006439,0.0,0.0,
22082,34774,16717,19,0.0,0.0,0.0,1.57079994678,0.0,0.0,
22084,34775,17088,19,0.0,0.0,0.0,0.0,0.0,0.0,
22086,34007,16719,19,0.699999988079,-1.79999995232,0.0,0.0,0.0,0.0,
22087,34007,16719,19,0.0,-1.79999995232,0.699999988079,0.0,0.0,0.0,
22088,34007,16719,19,-0.699999988079,1.79999995232,0.0,0.0,0.0,0.0,
22089,34007,16719,19,0.699999988079,1.79999995232,0.0,0.0,0.0,0.0,
22090,34007,16719,19,0.0,1.79999995232,0.699999988079,0.0,0.0,0.0,
22095,34778,12578,19,1.0,0.0,1.0,0.0,0.0,0.0,
22096,34027,16722,28,0.34999999404,0.0,0.0,-1.57079994678,0.0,1.39626002312,
22097,34783,15165,19,0.0,0.0,-1.0,0.0,0.0,0.0,
22098,34784,12306,34,0.0,0.0,0.0,0.0,0.0,0.0,
22099,34034,6814,17,-0.0500000007451,0.0,0.300000011921,0.0,0.0,0.0,
22100,34785,15262,19,0.0,0.0,0.0,0.0,0.0,0.0,
22101,34786,12577,38,0.0,0.0,0.0,0.0,0.0,0.0,
22102,34787,16801,22,0.0,0.0,0.0,0.0,0.0,0.0,
22103,34793,8483,19,-1.0,0.0,-1.0,3.14159011841,0.0,0.0,
22104,34795,12577,38,0.0,0.0,0.0,0.0,0.0,0.0,
22105,34787,16801,21,0.0,0.0,0.0,0.0,0.0,0.0,
22112,34800,12219,17,0.0,0.0,0.0,0.0,0.0,0.0,
22113,34802,12235,19,0.0,0.0,0.0,0.0,0.0,0.0,
22114,34802,12235,19,0.0,0.0,0.0,0.0,0.0,0.0,
22115,34802,12234,19,0.0,0.0,0.0,0.0,0.0,0.0,
22116,34805,17300,19,0.0,0.0,0.0,0.0,0.0,0.0,
22117,34806,12921,34,0.0,0.0,0.0,0.0,0.0,0.0,
22118,34807,16727,34,0.0,0.0,0.0,0.0,0.0,0.0,
22119,34810,4443,20,0.0,0.0,-0.5,0.0,0.0,0.0,
22120,34811,17579,19,0.0,0.0,0.0,0.0,0.0,0.0,
22121,34813,3357,34,0.0,0.0,0.0,0.0,0.0,0.0,
22124,34815,16728,19,0.0,0.0,0.0,0.0,0.0,0.0,
22126,34828,2966,-1,0.0,0.0,0.0,0.0,0.0,0.0,
22127,34834,13153,34,0.0,0.0,0.0,0.0,0.0,0.0,
22128,34835,16784,34,0.0,0.0,0.0,0.0,0.0,0.0,
22129,34789,16944,19,0.0,0.0,0.5,0.0,0.0,0.0,
22134,34840,12533,-1,0.0,0.0,0.0,0.0,0.0,0.0,
22135,34840,13430,22,0.0,0.0,0.0,0.0,0.0,0.0,
22136,34840,13430,21,0.0,0.0,0.0,0.0,0.0,0.0,
22137,34845,12921,34,0.0,0.0,0.0,0.0,0.0,0.0,
22138,34846,17096,19,0.0,0.0,-5.0,0.0,0.0,0.0,
22143,34851,10070,19,0.0,0.0,0.0,0.0,0.0,0.0,
22144,34852,11506,19,0.0,0.0,0.0,0.0,0.0,0.0,
22145,34853,17094,-1,0.0,0.0,0.0,0.0,0.0,0.0,
22146,34859,11488,-1,0.0,0.0,0.0,0.0,0.0,0.0,
22148,34859,13397,-1,0.0,0.0,0.0,0.0,0.0,0.0,
22149,34861,9532,19,0.0,0.0,0.0,0.0,0.0,0.0,
22150,34862,12800,-1,0.0,0.0,0.0,0.0,0.0,0.0,
22152,34864,4953,-1,0.0,0.0,1.0,0.0,0.0,0.0,
22153,34865,10737,-1,0.0,0.0,0.0,0.0,0.0,0.0,
22154,34866,14240,19,0.0,0.0,0.0,0.0,0.0,0.0,
22160,34879,14871,19,0.0,0.0,0.0,0.0,0.0,0.0,
22161,34874,14270,1,0.0,0.0,0.0,0.0,0.0,0.0,
22162,34874,14270,2,0.0,0.0,0.0,0.0,0.0,0.0,
22164,34880,16748,16,-0.10000000149,0.0,0.0,1.57079994678,0.0,0.0,
22167,34886,6343,34,1.0,0.0,0.0,0.0,0.0,0.0,
22168,34887,17518,-1,0.0,0.0,0.0,0.0,0.0,0.0,
22172,34889,10254,19,0.0,0.0,2.0,0.0,0.0,0.0,
22173,34889,16752,-1,0.0,0.0,0.0,0.0,0.0,0.0,
22174,34889,15392,-1,0.0,0.0,0.0,0.0,0.0,0.0,
22177,34893,3471,34,-2.0,0.0,-4.0,0.0,0.0,0.0,
22178,34893,3471,34,-2.0,0.0,4.0,1.04719996452,3.14159011841,0.0,
22179,34894,13507,19,0.0,0.0,0.0,0.0,0.0,0.0,
22181,34899,16758,-1,0.0,0.0,0.0,0.0,0.0,0.0,
22183,34900,7071,-1,0.0,0.0,0.0,0.0,0.0,0.0,
22190,34772,17338,19,0.0,0.0,-1.5,0.0,0.0,0.0,
22191,34916,12442,34,0.0,0.0,0.0,0.0,0.0,0.0,
22192,34919,12842,-1,0.0,0.0,0.0,0.0,0.0,0.0,
22193,34920,4499,-1,0.0,0.0,0.0,0.0,0.0,0.0,
22194,34921,10199,-1,0.0,0.0,0.0,0.0,0.0,0.0,
22195,34921,2966,-1,0.0,0.0,0.0,0.0,0.0,0.0,
22196,34925,11918,-1,0.0,0.0,4.0,0.0,0.0,0.0,
22197,34809,13070,2,0.0,0.0,0.0,0.0,0.0,0.0,
22198,34809,13070,1,0.0,0.0,0.0,0.0,0.0,0.0,
22204,34932,6599,2,0.0,0.0,0.0,0.0,0.0,0.0,
22205,34932,16772,1,0.0,0.0,0.0,0.0,0.0,0.0,
22206,34932,15320,2,0.0,0.0,0.0,0.0,0.0,0.0,
22207,34932,16555,1,0.0,0.0,0.0,0.0,0.0,0.0,
22208,34931,15320,2,0.0,0.0,0.0,0.0,0.0,0.0,
22209,34931,16555,1,0.0,0.0,0.0,0.0,0.0,0.0,
22210,34936,14270,1,0.0,0.0,0.0,0.0,0.0,0.0,
22211,34936,14270,2,0.0,0.0,0.0,0.0,0.0,0.0,
22213,34298,4364,-1,0.0,0.0,0.0,0.0,0.0,0.0,
22214,34947,3471,34,-2.0,0.0,-4.0,0.0,0.0,0.0,
22215,34947,3471,34,-2.0,0.0,4.0,1.04719996452,3.14159011841,0.0,
22216,34954,14344,-1,0.0,0.0,1.0,0.0,0.0,0.0,
22217,34955,13694,20,0.0,0.0,0.0,0.0,0.0,0.0,
22218,34956,16708,-1,0.0,0.0,2.0,0.0,0.0,0.0,
22219,34957,16791,-1,0.0,0.0,0.0,0.0,0.0,0.0,
22220,34959,17221,-1,0.0,0.0,0.0,0.0,3.14159011841,0.0,
22221,34964,13257,-1,0.0,0.0,20.0,0.0,0.0,0.0,
22222,34966,16781,22,0.0,0.0,1.0,0.0,-0.261799007654,1.57079994678,
22224,34968,16787,19,0.0,0.0,-2.0,0.0,0.0,0.0,
22225,34957,16783,-1,0.0,0.0,0.0,0.0,0.0,0.0,
22226,34954,17259,-1,0.0,0.0,0.0,0.0,0.0,0.0,
22227,34970,10750,34,0.0,0.0,0.0,0.0,0.0,0.0,
22228,34974,16299,19,0.0,0.0,0.0,0.0,0.0,0.0,
22229,34974,15884,19,0.0,0.0,0.0,1.57079994678,0.0,0.0,
22230,34975,15645,19,0.0,0.0,0.0,0.0,0.0,0.0,
22231,34975,15645,19,0.0,0.0,0.0,1.57079994678,0.0,0.0,
22236,34991,10666,34,0.0,0.0,0.0,0.0,0.0,0.0,
22240,34989,16794,-1,1.0,0.0,0.0,0.0,0.0,0.0,
22241,34989,16794,-1,0.800000011921,0.0,0.0,0.0,1.57079994678,0.0,
22245,34996,17253,19,0.0,0.0,0.0,0.0,0.0,0.0,
22246,34997,14270,1,0.0,0.0,0.0,0.0,0.0,0.0,
22247,34997,14270,2,0.0,0.0,0.0,0.0,0.0,0.0,
22248,34913,355,19,0.0,0.0,0.0,0.0,0.0,0.0,
22250,35001,6068,-1,0.0,0.0,0.0,0.0,0.0,0.0,
22253,35003,7593,-1,0.0,0.0,0.0,3.14159011841,0.0,0.0,
22254,34838,16802,-1,0.0,0.0,0.0,0.0,0.0,0.0,
22255,34803,150,19,0.0,0.0,0.20000000298,0.0,0.0,0.0,
22257,35005,17050,-1,0.0,0.0,0.5,0.0,0.0,0.0,
22258,35006,16784,34,0.0,0.0,0.0,0.0,0.0,0.0,
22259,35007,13578,1,0.0,0.0,0.0,0.0,0.0,0.0,
22260,35008,16804,15,-0.649999976158,0.600000023842,0.850000023842,0.0,0.0,1.65805995464,
22262,35008,16804,15,-0.649999976158,-0.600000023842,0.850000023842,0.0,0.0,-1.65805995464,
22263,35009,16804,15,-0.649999976158,0.600000023842,0.850000023842,0.0,0.0,1.65805995464,
22264,35009,16804,15,-0.649999976158,-0.600000023842,0.850000023842,0.0,0.0,-1.65805995464,
22265,35010,16804,15,-0.649999976158,-0.600000023842,0.850000023842,0.0,0.0,-1.65805995464,
22266,35010,16804,15,-0.649999976158,0.600000023842,0.850000023842,0.0,0.0,1.65805995464,
22267,34166,16314,-1,0.0,0.0,2.75,0.0,0.0,0.0,
22268,34161,16314,-1,0.0,0.0,2.75,0.0,0.0,0.0,
22269,34166,16314,-1,0.0,0.0,2.75,0.0,0.0,0.0,
22270,34161,16314,-1,0.0,0.0,2.75,0.0,0.0,0.0,
22271,34753,3112,-1,0.0,0.0,0.0,0.0,0.0,0.0,
22272,35016,16807,19,0.0,0.0,0.0,0.0,0.0,0.0,
22275,35021,9362,19,0.0,0.0,0.0,0.0,0.0,0.0,
22277,35025,16810,-1,0.0,0.0,0.0,0.0,0.0,0.0,
22282,35032,14800,34,0.0,0.0,0.0,0.0,0.0,0.0,
22283,35033,15454,-1,0.0,0.0,0.0500000007451,0.0,0.0,0.0,
22287,35034,14985,-1,0.0,0.0,1.0,0.0,0.0,0.0,
22290,35031,4836,34,0.0,0.0,0.0,0.0,0.0,0.0,
22291,33074,7408,-1,0.0,0.0,0.0,0.0,0.0,0.0,
22292,35047,15058,34,0.0,0.0,0.0,0.0,0.0,0.0,
22293,35049,17251,19,0.0,0.0,0.0,0.0,0.0,0.0,
22295,35051,7779,19,0.0,0.0,0.0,0.0,0.0,0.0,
22296,35055,3050,34,0.0,0.0,0.0,0.0,0.0,0.0,
22297,34641,16821,19,0.0,0.0,0.0,0.0,0.0,0.0,
22298,34544,16822,19,0.0,0.0,0.0,0.0,0.0,0.0,
22299,34566,16824,19,0.0,0.0,0.0,0.0,0.0,0.0,
22300,34639,17866,19,0.0,0.0,0.5,0.0,0.0,0.0,
22301,35004,17212,-1,0.0,0.0,0.0,0.0,0.0,0.0,
22304,35058,11542,34,1.0,0.0,2.0,0.0,0.0,0.0,
22305,35058,13068,34,1.0,0.0,2.0,0.0,0.0,0.0,
22306,35058,16826,34,1.0,0.0,2.0,0.0,0.0,0.0,
22307,35058,16825,34,1.0,0.0,2.0,0.0,0.0,0.0,
22308,35059,11543,34,1.0,0.0,2.0,0.0,0.0,0.0,
22309,35059,11544,34,1.0,0.0,2.0,0.0,0.0,0.0,
22310,35058,11542,2,0.0,0.0,0.0,0.0,0.0,0.0,
22311,35058,11542,1,0.0,0.0,0.0,0.0,0.0,0.0,
22313,35075,8667,-1,0.0,0.0,1.0,0.0,0.0,0.0,
22314,35080,10751,34,0.0,0.0,0.0,0.0,0.0,0.0,
22321,35088,10041,-1,0.0,0.0,3.0,0.0,0.0,0.0,
22322,35088,3657,-1,0.0,0.0,0.0,0.0,0.0,0.0,
22325,35089,13943,-1,0.0,0.0,0.0,0.0,0.0,0.0,
22326,35089,5412,-1,0.0,0.0,0.0,0.0,0.0,0.0,
22328,35097,5244,-1,0.0,0.0,0.0,0.0,0.0,0.0,
22329,35098,6262,-1,0.0,0.0,0.0,0.0,0.0,0.0,
22333,35108,10750,34,0.0,0.0,0.0,0.0,0.0,0.0,
22338,35122,16764,-1,0.0,0.0,0.0,0.0,0.0,0.0,
22340,35129,16842,-1,0.0,0.0,1.0,0.0,0.0,0.0,
22346,35131,7565,-1,1.0,0.0,0.0,1.57079994678,0.0,0.0,
22351,35123,16855,-1,0.0,0.0,0.0,0.0,-1.57079994678,0.0,
22352,35134,16876,19,0.0,0.0,0.0,-0.785398006439,0.0,0.0,
22353,35134,16858,19,0.15000000596,0.0,0.0,0.0,-0.436331987381,0.0,
22354,35135,16859,19,0.0,0.0,0.0,-0.785398006439,0.0,0.0,
22355,35135,16860,19,0.0299999993294,0.0,0.0,0.0,0.349065989256,0.0,
22356,24002,6643,34,0.0,0.0,0.0,0.0,0.0,0.0,
22359,35136,17617,19,0.0,0.0,0.0,0.0,0.0,0.0,
22361,35150,6486,-1,0.0,0.0,0.0,0.0,0.0,0.0,
22362,35151,18003,19,0.0,0.0,0.0,0.0,4.71238994598,4.71238994598,
22363,35151,16874,19,0.0,0.0,0.0,0.0,0.0,0.0,
22364,35159,6657,20,0.0,0.0,-0.75,0.0,0.0,0.0,
22365,34840,12604,19,0.0,0.0,0.0,0.0,0.0,0.0,
22366,35162,4663,-1,0.0,0.0,0.0,0.0,0.0,0.0,
22368,35162,16872,-1,0.0,0.0,0.0,0.0,4.71238994598,4.71238994598,
22369,35163,12747,-1,0.0,0.0,-4.0,0.0,0.0,0.0,
22370,35164,11357,22,0.0,0.0,0.0,0.0,3.14159011841,0.0,
22371,35164,11357,21,0.0,0.0,0.0,0.0,3.14159011841,0.0,
22373,35165,16634,22,0.0,0.0,0.0,0.0,0.0,0.0,
22374,35165,16634,21,0.0,0.0,0.0,0.0,0.0,0.0,
22375,35168,16877,34,0.0,0.0,0.0,0.0,0.0,0.0,
22376,35169,16878,34,0.0,0.0,0.0,0.0,0.0,0.0,
22378,35172,16883,-1,0.0,0.0,0.0,0.0,0.0,0.0,
22379,35176,8836,34,-0.550000011921,0.0,0.0,0.0,-0.523599028587,0.0,
22380,35176,13189,34,0.0,0.0,0.0,0.0,0.0,0.0,
22381,35177,17484,21,0.0,0.0,0.0,0.0,0.0,0.0,
22382,35179,16031,15,0.649999976158,0.0,-0.5,0.0,0.0,0.0,
22386,35186,15003,-1,0.0,0.0,0.0,0.0,0.0,0.0,
22389,35187,3174,19,0.0,0.0,0.0,0.0,0.0,0.0,
22391,35195,13070,1,0.0,0.0,0.0,0.0,0.0,0.0,
22392,35195,13070,2,0.0,0.0,0.0,0.0,0.0,0.0,
22394,35209,5488,19,0.0,0.0,0.0,0.0,0.0,0.0,
22395,35207,7019,19,0.0,0.0,0.0,0.0,0.0,0.0,
22396,35214,17186,-1,0.0,0.0,1.0,0.0,0.0,0.0,
22397,35220,9793,19,0.0,0.0,0.0,0.0,0.0,0.0,
22398,35223,12925,-1,0.0,0.0,3.0,0.0,0.0,0.0,
22401,35226,16896,17,-0.0850000008941,0.10000000149,0.379999995232,0.0,0.0,0.0,
22402,35235,10362,19,0.0,0.0,0.0,0.0,0.0,0.0,
22403,35237,279,19,0.0,0.0,0.0,0.0,0.0,0.0,
22404,35226,16896,17,-0.0850000008941,-0.10000000149,0.379999995232,0.0,0.0,0.0,
22406,35240,10921,17,-0.0599999986589,0.119999997318,0.379999995232,0.0,4.71238994598,0.0,
22407,35240,10921,17,-0.0599999986589,-0.119999997318,0.379999995232,0.0,0.0,0.0,
22408,35241,7425,19,0.0,0.0,0.0,0.0,0.0,0.0,
22409,35240,15164,20,0.0,0.0,0.300000011921,0.0,0.0,0.0,
22414,35244,7497,40,-0.0799999982119,0.370000004768,-0.180000007153,1.57079994678,6.28318977356,0.0,
22415,35244,7438,40,-0.180000007153,0.370000004768,-0.140000000596,1.57079994678,5.58505010605,0.0,
22418,35244,7438,40,-0.180000007153,-0.370000004768,-0.140000000596,4.71238994598,5.58505010605,0.0,
22419,35244,7497,40,-0.0799999982119,-0.370000004768,-0.180000007153,4.71238994598,6.28318977356,0.0,
22420,35251,16899,17,-0.219999998808,0.0,0.280000001192,0.0,0.0,0.0,
22421,35251,12086,33,0.0,0.0,0.0,0.0,-0.349065989256,0.0,
22422,35251,12086,32,0.0,0.0,0.0,0.0,-0.523599028587,3.49065995216,
22423,35251,12086,33,0.0,0.0,0.0,1.83259999752,-0.872664988041,0.0,
22424,35251,12086,32,0.0,0.0,0.0,-1.74532997608,-1.04719996452,3.49065995216,
22425,35255,12931,37,0.0,0.0,0.0,0.0,0.0,0.0,
22426,35256,15043,18,0.0,0.0,0.0,0.0,0.0,0.0,
22427,35257,12433,19,0.0,0.0,0.0,0.0,0.0,0.0,
22428,35248,452,17,0.10000000149,0.0,-0.20000000298,0.0,0.0,0.0,
22429,35258,8616,19,0.649999976158,0.25,0.5,0.0,0.0,0.0,
22430,35260,228,48,0.0,0.0,0.0,0.0,0.0,0.0,
22431,35258,8616,19,0.649999976158,-0.25,0.5,0.0,0.0,0.0,
22432,35263,11101,17,0.0,0.0,0.0,0.0,1.57079994678,0.0,
22435,34275,12486,19,-0.40000000596,0.0,-0.5,0.279253005981,0.0,0.0,
22438,35264,16906,17,0.0,0.0,0.0,0.174532994628,0.349065989256,0.0,
22439,35272,11544,19,0.0,0.0,0.0,0.0,0.0,0.0,
22442,35277,15830,19,0.0,0.0,0.0,0.0,0.0,0.0,
22443,35278,13109,19,0.0,0.0,0.0,0.0,0.0,0.0,
22444,35279,14920,-1,0.0,0.0,0.0,0.0,0.0,0.0,
22445,35279,16915,-1,0.0,0.0,0.0,0.0,0.0,0.0,
22447,35280,16914,-1,0.0,0.0,0.0,0.0,0.0,0.0,
22449,35282,16922,19,0.0,0.0,0.0,0.0,0.0,0.0,
22450,35283,16248,-1,0.0,0.0,0.0,0.0,0.0,0.0,
22452,35285,452,17,0.10000000149,0.0,-0.20000000298,0.0,0.0,0.0,
22453,35285,16921,-1,0.0,0.0,0.0,0.0,0.0,0.0,
22454,35286,251,19,0.0,0.0,0.0,0.0,0.0,0.0,
22456,35289,5586,17,0.10000000149,0.0,-0.20000000298,0.0,0.0,0.0,
22457,35294,11114,21,0.0,0.0,0.0,0.0,0.0,0.0,
22458,35294,11114,22,0.0,0.0,0.0,0.0,0.0,0.0,
22459,35288,15545,37,0.0,0.20000000298,0.10000000149,0.0,0.0,0.0,
22460,35295,17110,19,5.0,0.0,5.0,0.0,1.22172999382,0.0,
22461,35296,16925,19,0.0,0.0,0.0,0.0,0.0,0.0,
22464,35298,15545,37,0.0,0.20000000298,0.10000000149,0.0,0.0,0.0,
22467,35301,16929,19,1.0,0.0,1.5,0.0,0.0,0.0,
22468,35301,5586,17,0.10000000149,0.0,-0.20000000298,0.0,0.0,0.0,
22469,34551,15164,20,0.0,0.0,0.300000011921,0.0,0.0,0.0,
22470,35304,9351,19,0.0,0.0,1.0,0.0,0.0,0.0,
22472,35309,16920,-1,0.0,0.0,0.0,0.0,0.0,0.0,
22473,35309,16919,-1,0.0,0.0,0.0,0.0,0.0,0.0,
22474,35310,9751,-1,0.0,0.0,1.0,0.0,0.0,0.0,
22476,34840,12603,-1,0.0,0.0,1.5,0.0,0.0,0.0,
22477,35315,16930,-1,0.0,0.0,0.0,0.0,0.0,0.0,
22478,35316,9662,22,0.0,0.0,0.0,0.0,0.0,0.0,
22479,35316,9597,21,0.0,0.0,0.0,0.0,0.0,0.0,
22480,35316,16892,19,0.0,0.0,0.0,0.0,0.0,0.0,
22486,35321,13115,19,0.0,0.0,0.0,0.0,0.0,0.0,
22487,35321,13115,19,0.0,0.0,0.0,3.14159011841,0.0,0.0,
22488,35328,12494,38,0.0,0.0,0.0,0.0,0.0,0.0,
22489,35329,12494,1,0.0,0.0,0.0,0.0,0.0,0.0,
22490,35330,4498,19,1.0,0.0,-1.0,0.0,0.0,0.0,
22491,35330,4498,19,1.0,0.0,-0.5,0.0,0.0,0.0,
22492,35330,4498,19,1.25,0.0,-0.75,0.0,0.0,0.0,
22493,35336,17109,19,-1.0,0.0,5.0,0.0,1.22172999382,0.0,
22494,35341,7343,34,0.0,0.0,0.0,0.0,0.0,0.0,
22495,35341,4509,34,0.0,0.0,0.0,0.0,0.0,0.0,
22496,35341,4509,17,0.0,0.0,0.0,0.0,0.0,0.0,
22497,35341,4509,22,0.0,0.0,0.0,0.0,0.0,0.0,
22498,35341,4509,21,0.0,0.0,0.0,0.0,0.0,0.0,
22499,35341,16570,-1,0.0,0.0,0.0,0.0,0.0,0.0,
22503,35226,12390,15,-0.600000023842,0.0,-0.20000000298,0.0,0.0,0.0,
22504,35336,7384,19,1.0,0.0,0.0,0.0,0.0,0.0,
22508,35346,16941,20,0.0,0.0,0.20000000298,0.0,0.0,0.0,
22509,35353,16940,20,0.0,0.0,0.20000000298,0.0,0.0,0.0,
22510,35354,9351,19,0.0,0.0,0.600000023842,0.0,0.0,0.0,
22511,35355,8157,19,0.0,0.0,0.0,0.0,0.0,0.0,
22513,35358,16942,19,-1.0,0.0,-1.5,0.0,0.0,0.0,
22514,35361,836,19,0.0,0.0,0.40000000596,0.0,0.0,0.0,
22515,35363,16946,17,-0.0799999982119,0.070000000298,0.20000000298,0.0,0.0,0.0,
22516,35363,16946,17,-0.0799999982119,-0.070000000298,0.20000000298,0.0,0.0,0.0,
22517,35363,16947,6,0.0,0.0,0.0,0.0,0.0,0.0,
22518,35363,16947,5,0.0,0.0,0.0,0.0,0.0,0.0,
22519,35363,9385,16,0.5,0.0,0.5,0.0,0.0,0.0,
22520,35363,16947,47,0.0,0.0,0.0,0.0,0.0,0.0,
22521,35363,16947,48,0.0,0.0,0.0,0.0,0.0,0.0,
22522,35363,9338,34,-0.10000000149,0.0,-0.40000000596,0.0,0.0,0.0,
22523,35363,16947,21,0.0,0.0,0.0,0.0,0.0,0.0,
22524,35363,16947,22,0.0,0.0,0.0,0.0,0.0,0.0,
22527,35374,15863,34,1.5,0.0,-0.5,0.0,0.0,0.0,
22528,35378,17368,-1,0.0,0.0,0.0,0.0,0.0,0.0,
22536,35387,17365,19,0.0,0.0,0.0,0.0,0.0,0.0,
22538,35390,16598,19,0.0,0.0,0.0,0.0,0.0,0.0,
22539,35391,16954,19,0.0,0.0,0.0,0.0,0.0,0.0,
22540,35392,16463,19,0.0,0.0,0.0,0.0,0.0,0.0,
22541,35393,16683,22,0.0,0.0,0.0,0.0,0.0,0.0,
22542,35393,16683,21,0.0,0.0,0.0,0.0,0.0,0.0,
22543,35394,16978,19,0.0,0.0,0.0,0.0,0.0,0.0,
22544,35395,16744,34,0.0,0.0,0.0,0.0,0.0,0.0,
22547,35399,3671,19,0.0,0.0,1.0,0.0,0.0,0.0,
22549,35400,15164,17,-0.300000011921,0.0,1.0,0.0,0.0,0.0,
22550,35401,16958,34,0.0,0.0,0.0,0.0,0.0,0.0,
22553,35408,13776,17,0.10000000149,0.0,-0.20000000298,0.0,0.0,0.0,
22554,35409,16964,17,-0.300000011921,0.0,1.0,0.0,0.0,0.0,
22555,35410,13326,-1,0.0,0.0,0.0,0.0,0.0,0.0,
22556,35412,17366,-1,0.0,0.0,0.0,0.0,0.0,0.0,
22557,35415,17367,-1,0.0,0.0,0.0,0.0,0.0,0.0,
22558,35414,15164,20,0.0,0.0,0.300000011921,0.0,0.0,0.0,
22561,35419,16972,-1,0.0,0.0,-25.0,0.0,0.0,0.0,
22562,35419,17192,-1,0.0,0.0,-35.0,0.0,0.0,0.0,
22563,35420,212,34,0.0,0.0,0.0,0.0,0.0,0.0,
22564,35422,10921,17,-0.0599999986589,0.119999997318,0.379999995232,0.0,4.71238994598,0.0,
22565,35422,10921,17,-0.0599999986589,-0.119999997318,0.379999995232,0.0,0.0,0.0,
22566,35422,16974,17,-0.10000000149,0.0,0.800000011921,0.0,0.0,0.0,
22569,35424,16955,19,0.0,0.0,0.0,0.0,0.0,0.0,
22570,35424,16785,19,0.0,0.0,0.0,0.523599028587,0.0,0.0,
22571,35424,16975,19,0.0,0.0,0.0,1.04719996452,0.0,0.0,
22573,35425,16985,34,-0.5,0.0,0.0,0.0,0.0,0.0,
22577,35425,16985,34,0.0,0.0,0.800000011921,0.698131978512,0.0,0.0,
22578,35425,16985,34,0.5,0.0,1.60000002384,1.57079994678,0.0,0.0,
22585,35428,94,22,0.0,0.0,0.0,0.0,0.0,0.0,
22586,35428,94,21,0.0,0.0,0.0,0.0,0.0,0.0,
22588,35430,4476,19,0.0,0.0,0.0,3.14159011841,0.0,0.0,
22592,35433,16757,-1,0.0,0.0,0.0,0.0,0.0,0.0,
22593,35434,16993,19,0.0,0.0,0.0,0.0,0.0,0.0,
22594,35434,16992,19,0.0,0.0,0.0,0.0,0.0,0.0,
22599,35436,16992,19,0.0,0.0,0.0,0.0,0.0,0.0,
22601,35351,17285,34,0.0,0.0,0.0,0.0,0.0,0.0,
22604,35441,4057,19,0.0,0.0,0.0,0.0,0.0,0.0,
22605,35443,16999,19,0.0,0.0,-1.5,0.0,0.0,0.0,
22606,35444,5174,20,0.0,0.0,-0.5,0.0,0.0,0.0,
22607,35444,6760,19,0.0,0.0,0.0,0.0,0.0,0.0,
22608,35445,6245,17,0.0,0.0,0.0,-1.57079994678,-1.39626002312,0.0,
22610,35451,17316,19,0.0,0.0,0.0,0.0,0.0,0.0,
22612,35452,13454,19,0.0,0.0,0.0,0.0,0.0,0.0,
22613,35454,16958,34,0.0,0.0,0.0,0.0,0.0,0.0,
22614,35455,17005,19,0.0,0.0,0.0,0.0,0.0,0.0,
22616,35461,16744,34,0.0,0.0,0.0,0.0,0.0,0.0,
22617,35463,16683,22,0.0,0.0,0.0,0.0,0.0,0.0,
22618,35463,16683,21,0.0,0.0,0.0,0.0,0.0,0.0,
22620,35464,16706,34,0.0,0.0,0.0,0.0,0.0,0.0,
22624,35472,17199,19,0.0,0.0,0.0,0.0,0.0,0.0,
22625,35473,16930,19,0.0,0.0,0.0,0.0,0.0,0.0,
22626,35474,16744,34,0.0,0.0,0.0,0.0,0.0,0.0,
22627,35475,17008,19,0.0,0.0,0.0,0.0,0.0,0.0,
22628,35476,16706,21,0.0,0.0,0.0,0.0,0.0,0.0,
22629,35476,16706,22,0.0,0.0,0.0,0.0,0.0,0.0,
22630,35476,17005,19,0.0,0.0,0.0,0.0,0.0,0.0,
22634,35472,7373,19,0.0,0.0,0.0,0.785398006439,0.0,0.0,
22639,35481,17200,19,0.0,0.0,0.0,0.0,0.0,0.0,
22640,35482,17196,19,0.0,0.0,0.0,0.0,0.0,0.0,
22641,35483,12922,34,0.0,0.0,0.0,0.0,0.0,0.0,
22643,34836,15063,19,0.0,0.0,0.0,0.0,0.0,0.0,
22644,35487,16990,19,0.0,0.0,5.0,0.0,0.0,0.0,
22645,35490,16676,21,0.0,0.0,0.0,0.0,0.0,0.0,
22646,35490,16676,22,0.0,0.0,0.0,0.0,0.0,0.0,
22648,35492,15975,34,0.0,0.0,0.0,0.0,0.0,0.0,
22650,35495,16291,-1,0.0,0.0,0.0,0.0,0.0,0.0,
22651,35496,6755,19,0.0,0.0,-20.0,0.0,0.0,0.0,
22652,35497,17393,-1,0.0,0.0,0.0,0.0,0.0,0.0,
22654,35508,16728,-1,0.0,0.0,0.0,0.0,0.0,0.0,
22658,35525,16707,34,0.0,0.0,0.0,0.0,0.0,0.0,
22659,35526,16681,34,0.0,0.0,0.0,0.0,0.0,0.0,
22662,35287,8661,38,0.0,0.0,0.0,0.0,0.0,0.0,
22663,35534,3082,19,0.0,0.0,0.0,0.0,0.0,0.0,
22664,35534,5174,19,0.0,0.0,0.0,0.0,0.0,0.0,
22665,35534,5175,19,0.0,0.0,0.0,0.0,0.0,0.0,
22666,35537,16681,34,0.0,0.0,0.0,0.0,0.0,0.0,
22667,35537,17987,19,0.0,0.0,0.0,0.0,0.0,0.0,
22668,35538,16890,19,0.0,0.0,-3.0,0.0,0.0,0.0,
22669,35539,16744,34,0.0,0.0,0.0,0.0,0.0,0.0,
22670,35541,17101,34,0.0,0.0,0.0,0.0,0.0,0.0,
22673,35543,6871,34,0.0,0.0,0.0,0.0,0.0,0.0,
22674,35544,17046,19,0.0,0.0,0.0,0.0,0.0,0.0,
22675,35547,7673,19,0.0,0.0,0.0,0.0,0.0,0.0,
22676,35548,16852,38,0.0,0.0,0.0,0.0,0.0,0.0,
22677,35549,13179,19,0.0,0.0,2.5,0.0,0.0,0.0,
22679,35550,13807,37,0.0,0.0,0.0,0.0,0.0,0.0,
22680,35557,12025,19,0.0,0.0,1.75,0.0,0.0,0.0,
22682,35559,17053,16,0.0,0.0,0.0,3.14159011841,0.436331987381,0.0,
22687,35564,15164,20,0.0,0.0,0.40000000596,0.0,0.0,0.0,
22689,35566,17057,16,0.0,0.0,0.0,3.14159011841,0.436331987381,0.0,
22691,35568,16715,4,0.40000000596,-0.10000000149,-0.449999988079,0.0,3.14159011841,0.0,
22692,35568,16715,3,0.15000000596,0.0,0.0,0.0,0.0,0.0,
22693,35568,16989,34,-0.5,0.0,0.25,0.0,0.0,0.0,
22707,35577,5480,19,0.0,0.0,1.0,0.0,0.0,0.0,
22710,35581,16068,-1,0.0,0.0,-0.75,0.0,0.0,0.0,
22712,35587,7276,22,-0.899999976158,-0.159999996424,-0.0500000007451,3.31612992287,0.0,0.0,
22713,35210,7607,17,0.0,0.0,0.0,0.0,-1.57079994678,0.0,
22714,35589,4403,-1,0.0,0.0,0.0,0.0,0.0,0.0,
22715,35590,16914,-1,0.0,0.0,0.0,0.0,0.0,0.0,
22716,35336,17851,19,-1.0,0.0,9.0,0.0,0.0,0.0,
22719,35122,15132,-1,0.0,0.0,0.0,0.0,0.0,0.0,
22720,35596,17270,19,0.0,0.0,0.0,0.0,0.0,0.0,
22721,35294,2122,34,0.0,0.0,0.0,0.0,0.0,0.0,
22724,35600,15401,-1,0.0,0.0,-3.0,1.57079994678,0.0,0.0,
22725,35601,17077,-1,0.0,0.0,0.0,1.57079994678,0.0,0.0,
22726,35605,17356,-1,0.0,0.0,0.0,0.0,0.0,0.0,
22727,35607,17079,22,0.0,0.0,0.0,0.0,0.0,0.0,
22728,35609,4009,11,0.0,0.0,0.0,0.0,0.0,0.0,
22732,35611,13404,34,0.0,0.0,0.0,0.0,0.0,0.0,
22733,35612,17015,19,0.0,0.0,0.0,0.0,0.0,0.0,
22734,35612,17015,19,0.0,0.0,0.0,0.698131978512,0.0,0.0,
22737,35123,17271,-1,0.0,0.0,0.0,0.0,0.0,0.0,
22738,35616,13507,19,0.0,0.0,0.0,0.0,0.0,0.0,
22740,35617,16126,-1,0.0,0.0,0.0,0.0,0.0,0.0,
22741,35618,4749,-1,0.0,0.0,0.0,0.0,-1.57079994678,0.0,
22742,35618,4953,-1,0.0,0.0,0.0,0.0,0.0,0.0,
22744,35620,9111,-1,0.0,0.0,0.0,0.0,0.0,0.0,
22749,35626,10335,-1,0.0,0.0,-7.0,0.0,0.0,0.0,
22753,35631,16883,-1,0.0,0.0,0.0,0.0,0.0,0.0,
22754,35632,16634,22,0.0,0.0,0.0,0.0,0.0,0.0,
22755,35632,16634,21,0.0,0.0,0.0,0.0,0.0,0.0,
22756,35634,11357,22,0.0,0.0,0.0,0.0,3.14159011841,0.0,
22757,35634,11357,21,0.0,0.0,0.0,0.0,3.14159011841,0.0,
22758,35637,9243,-1,5.0,0.0,0.0,0.0,0.0,0.0,
22759,35638,10277,-1,5.0,0.0,0.0,0.0,0.0,0.0,
22762,35641,9008,19,0.0,0.0,0.75,0.0,0.0,0.0,
22763,35543,9532,34,0.0,0.0,0.0,0.0,0.0,0.0,
22764,35642,13875,22,0.0,0.0,0.0,0.0,0.0,0.0,
22765,35647,17111,19,0.0,0.0,-1.0,0.0,0.0,0.0,
22766,35648,17104,19,0.0,0.0,-6.0,0.0,0.0,0.0,
22771,35654,15268,-1,0.0,0.0,0.0,0.0,0.0,0.0,
22773,35656,13875,17,0.0,0.0,0.0,0.0,0.0,0.0,
22774,35657,16994,19,0.0,0.0,0.0,0.0,0.0,0.0,
22775,35657,17408,19,0.0,0.0,0.0,1.22172999382,0.0,0.0,
22779,35580,15942,-1,0.0,0.0,0.0,0.0,0.0,0.0,
22784,35662,4057,19,0.0,0.0,0.0,0.0,0.0,0.0,
22789,35384,17505,19,0.0,0.0,0.0,0.0,0.0,0.0,
22798,35677,15494,-1,0.0,0.0,0.0,0.0,0.0,0.0,
22799,35678,4626,16,0.0,0.0,0.0,0.0,0.0,0.0,
22800,35678,4626,15,0.0,0.0,0.0,0.0,0.0,0.0,
22801,35679,4626,1,0.0,0.0,0.0,0.0,0.0,0.0,
22802,35679,4626,2,0.0,0.0,0.0,0.0,0.0,0.0,
22803,35680,17358,-1,0.0,0.0,0.0,0.0,0.0,0.0,
22804,35683,12403,19,0.0,0.0,0.0,-1.57079994678,0.0,0.0,
22805,35532,279,19,0.0,0.0,0.0,0.785398006439,0.0,0.0,
22806,35686,7120,1,0.300000011921,0.0,0.0,0.0,0.0,-1.57079994678,
22810,35689,4626,16,0.0,0.0,0.0,0.0,0.0,0.0,
22811,35689,4626,15,0.0,0.0,0.0,0.0,0.0,0.0,
22812,34714,17127,19,0.0,0.0,0.0,0.0,0.0,0.0,
22813,35692,10232,2,0.0,0.0,0.0,0.0,0.0,0.0,
22814,35692,10232,1,0.0,0.0,0.0,0.0,0.0,0.0,
22815,35694,6416,19,0.0,0.0,1.0,0.0,0.0,0.0,
22816,35694,17130,19,0.25,0.0,1.0,0.0,-1.55333995819,0.0,
22817,35694,17130,19,0.25,0.0,7.0,0.0,-1.55333995819,0.0,
22818,35694,17130,19,0.25,0.0,4.0,0.0,-1.55333995819,0.0,
22819,35694,17130,19,0.25,0.0,10.0,0.0,-1.55333995819,0.0,
22820,35695,12931,38,0.0,0.0,0.0,0.0,0.0,0.0,
22821,35699,16727,19,0.0,0.0,0.800000011921,0.0,0.0,0.0,
22828,35706,13169,19,0.0,0.0,2.0,0.0,0.0,0.0,
22830,35710,16728,-1,0.0,0.0,0.0,0.0,0.0,0.0,
22831,35456,16706,34,0.0,0.0,0.0,0.0,0.0,0.0,
22832,35712,17183,-1,0.0,0.0,0.0,0.0,0.0,0.0,
22833,35713,12442,19,0.0,0.0,0.0,0.0,-0.31415900588,0.0,
22834,35714,13435,-1,0.0,0.0,0.0,0.0,0.0,0.0,
22837,35715,17145,19,0.0500000007451,0.0,0.899999976158,0.0,-1.57079994678,0.0,
22839,35715,17145,19,0.0500000007451,0.0,0.699999988079,0.0,-1.57079994678,0.0,
22840,35715,17145,19,0.170000001788,0.0,1.29999995232,0.0,-1.57079994678,0.0,
22841,35716,17145,19,0.070000000298,0.0,0.899999976158,0.0,-1.57079994678,0.0,
22842,35716,17145,19,0.0500000007451,0.0,0.699999988079,0.0,-1.57079994678,0.0,
22843,35716,17145,19,0.170000001788,0.0,1.29999995232,0.0,-1.57079994678,0.0,
22844,35716,17147,34,0.0,0.10000000149,-0.10000000149,0.349065989256,1.57079994678,0.0,
22845,35716,17147,34,0.0,0.0,0.0,-0.523599028587,1.57079994678,0.0,
22846,35716,17147,34,0.0,0.300000011921,0.5,0.174532994628,1.57079994678,0.0,
22847,35716,17147,34,0.0,-0.600000023842,-0.5,-0.174532994628,1.57079994678,0.0,
22853,35716,12498,19,0.0,0.0,0.0,0.0,0.0,0.0,
22855,35719,8339,38,0.119999997318,-0.129999995232,-0.20000000298,0.0,0.0,0.0,
22856,35720,16727,19,0.0,0.0,2.0,0.0,0.0,0.0,
22857,35725,836,34,0.0,0.0,0.0,0.0,0.0,0.0,
22859,35730,6129,19,0.0,0.0,0.0,0.0,0.0,0.0,
22864,35736,340,-1,0.0,-2.5,0.0,0.0,0.261799007654,0.785398006439,
22865,35737,340,-1,0.0,2.5,0.0,0.0,0.0,-1.57079994678,
22866,35738,17169,36,0.0,0.0,0.0,0.0,0.0,0.0,
22872,35741,2402,19,0.0,0.0,0.0,0.0,0.0,0.0,
22873,35742,4620,34,-0.5,0.0,3.40000009537,0.0,0.0,0.0,
22877,35020,17160,-1,0.0,0.0,-75.0,0.0,0.0,0.0,
22879,35756,17629,-1,0.0,0.0,-1.10000002384,0.0,0.0,0.0,
22881,35761,17167,-1,0.0,0.0,0.0,0.0,0.0,0.0,
22888,35771,16552,-1,0.0,0.0,-5.0,0.0,0.0,0.0,
22890,35332,12513,19,0.0,0.0,0.0,0.0,0.0,0.0,
22907,35804,8913,34,0.0,0.0,0.0,0.0,0.0,0.0,
22909,35813,15788,-1,0.0,0.0,0.5,0.0,0.0,0.0,
22911,35815,17075,-1,0.0,0.0,0.5,0.0,0.0,0.0,
22912,35809,13032,19,0.0,0.0,0.0,0.0,0.0,0.0,
22913,35809,17189,19,0.0,0.0,0.0,0.0,0.0,0.0,
22915,35820,15926,17,0.0,0.0,0.0,0.0,0.0,0.0,
22916,35612,17191,19,0.0,0.0,0.0,0.0,0.0,0.0,
22917,35612,17191,19,0.0,0.0,0.0,0.698131978512,0.0,0.0,
22921,35822,17893,19,0.0,0.0,-0.5,0.0,0.0,0.0,
22923,34582,16895,34,0.360000014305,-0.070000000298,0.379999995232,-0.523599028587,0.0,0.0,
22925,35824,17669,17,0.0,0.0,0.0,0.0,0.0,0.0,
22926,35825,6252,-1,0.0,0.0,0.0,0.0,-1.57079994678,0.0,
22927,35827,7431,19,0.0,0.0,50.0,0.0,3.14159011841,0.0,
22932,35833,17944,19,0.5,0.0,1.5,3.14159011841,1.13445997238,0.0,
22933,35834,17203,15,0.5,0.0,0.0,0.0,-0.785398006439,0.0,
22934,35835,11239,15,0.10000000149,0.0,0.20000000298,0.0,0.0,0.0,
22935,35836,11272,15,0.20000000298,0.0,0.230000004172,0.0,-0.785398006439,0.0,
22936,35839,12615,2,0.0,0.0,0.0,0.0,1.57079994678,0.0,
22937,35839,12615,2,0.5,0.5,0.5,0.0,0.0,0.0,
22938,35839,12615,1,0.0,-1.0,0.0,0.0,-0.523599028587,0.0,
22939,35839,545,2,0.0,0.0,0.0,0.0,1.57079994678,0.0,
22940,35839,545,2,0.5,0.5,0.5,0.0,0.0,0.0,
22941,35839,545,1,0.0,-1.0,0.0,0.0,-0.523599028587,0.0,
22943,35846,9513,-1,0.0,0.0,0.0,0.0,0.0,0.0,
22945,35847,18007,17,-0.300000011921,0.0,0.0,0.0,0.261799007654,0.0,
22946,35848,18005,17,-0.40000000596,0.10000000149,0.0,-0.349065989256,0.0,0.0,
22947,35849,18006,17,-0.25,0.0,-0.25,0.0,0.0,0.0,
22948,35130,17213,34,0.0,0.0,0.0,0.0,0.0,0.0,
22949,34959,17222,-1,0.0,0.0,0.0,0.0,0.0,0.0,
22952,35872,5342,-1,0.0,0.0,0.0,0.0,0.0,0.0,
22953,35872,5354,-1,0.0,1.0,0.0,0.0,0.0,0.0,
22954,35872,5354,-1,0.0,-1.0,0.0,0.0,0.0,0.0,
22955,35872,5354,-1,1.0,-1.0,0.0,0.0,0.0,0.0,
22956,35872,5354,-1,1.0,1.0,0.0,0.0,0.0,0.0,
22957,35872,5354,-1,-1.0,1.0,0.0,0.0,0.0,0.0,
22958,35872,5354,-1,-1.0,-1.0,0.0,0.0,0.0,0.0,
22959,35872,5354,-1,-1.0,0.0,0.0,0.0,0.0,0.0,
22960,35872,5354,-1,1.0,0.0,0.0,0.0,0.0,0.0,
22961,35883,17251,19,0.0,0.0,0.20000000298,0.0,1.57079994678,0.0,
22962,35753,9351,-1,0.0,0.0,0.0,0.0,0.0,0.0,
22963,35884,8661,38,0.0,0.0,0.0,0.0,0.0,0.0,
22964,35888,15118,34,0.5,0.0,0.0,0.0,0.785398006439,0.0,
22965,35889,17156,-1,0.0,0.0,0.0,0.0,0.0,0.0,
22966,35891,16463,19,0.0,0.0,-0.5,0.0,0.0,0.0,
22967,35893,12442,19,0.0,0.0,0.0,0.0,0.0,0.0,
22969,35139,13350,34,0.0,0.0,0.0,0.0,3.14159011841,0.0,
22971,35894,17226,19,0.0,-3.0,1.70000004768,1.57079994678,0.698131978512,0.0,
22973,35895,17228,19,0.0,0.0,0.0,0.0,0.0,0.0,
22977,35902,11562,19,0.0,0.0,0.0,0.0,0.0,0.0,
22978,35900,12921,19,-0.300000011921,0.0,0.300000011921,0.523599028587,0.0,0.0,
22979,35905,14732,19,0.0,0.0,0.0,0.0,0.0,0.0,
22980,35902,12529,19,0.0,0.0,0.0,0.0,0.0,0.0,
22983,35906,17775,19,0.0,0.0,0.0,0.0,0.0,0.0,
22985,35894,16124,19,0.0,-1.64999997616,0.0,0.0,0.0,0.0,
22986,35908,17186,19,0.0,0.0,-0.5,0.0,0.0,0.0,
22987,35908,17232,-1,0.0,0.0,0.0,0.0,0.0,0.0,
22989,35916,17235,-1,0.0,0.0,0.0,0.0,0.0,0.0,
22990,35920,17261,20,0.25,0.10000000149,-0.5,0.0,0.0,0.0,
22991,35926,11392,19,0.0,0.0,-0.5,0.0,0.0,0.0,
22992,35926,17232,-1,0.0,0.0,0.0,0.0,0.0,0.0,
22993,35773,17237,19,0.0,0.0,0.600000023842,0.0,0.0,0.0,
22994,35932,8815,20,0.0,0.0,0.0,0.0,0.0,0.0,
22997,35945,17776,19,0.0,0.0,-0.5,0.0,0.0,0.0,
22998,35945,17232,-1,0.0,0.0,0.0,0.0,0.0,0.0,
22999,35953,3069,19,0.0,0.0,0.0,0.0,0.0,0.0,
23000,35954,16552,19,0.0,0.0,-5.0,0.0,0.0,0.0,
23001,35954,6557,19,0.0,0.0,0.0,0.0,0.0,0.0,
23002,35953,15239,-1,0.0,0.0,0.0,0.0,0.0,0.0,
23003,35953,9896,-1,0.0,0.0,0.0,0.0,0.0,0.0,
23008,35949,12580,19,0.699999988079,-1.0,0.25,0.0,0.0,0.0,
23009,35949,12580,19,0.600000023842,1.10000002384,0.25,0.0,0.0,0.0,
23010,35949,12580,19,-0.699999988079,1.20000004768,0.25,0.0,0.0,0.0,
23011,35949,12580,19,-0.699999988079,-1.0,0.25,0.0,0.0,0.0,
23013,35962,17140,34,0.0,0.0,0.0,0.0,0.0,0.0,
23014,35962,12006,-1,0.0,0.0,0.0,0.0,0.0,0.0,
23015,35257,15043,18,0.0,0.0,0.0,0.0,0.0,0.0,
23016,35687,17247,19,0.0,0.0,0.10000000149,0.0,0.0,0.0,
23017,35964,17249,-1,0.0,0.0,0.0,0.0,0.0,0.0,
23018,35966,7223,34,0.0,0.0,0.0,0.0,0.0,0.0,
23020,35968,2503,-1,0.0,0.0,0.0,0.0,0.0,0.0,
23021,35968,17050,-1,0.0,0.0,0.0,0.0,0.0,0.0,
23022,35048,17250,22,0.0,0.0,0.0,0.0,0.0,0.0,
23023,35972,17250,38,0.0,0.0,0.0,0.0,0.0,0.0,
23024,35974,17838,19,0.0,0.0,0.0,0.0,0.0,0.0,
23025,35975,12418,17,0.0,0.0,0.0,0.0,0.0,0.0,
23026,35098,6080,-1,1.0,0.0,0.0,0.0,0.0,0.0,
23027,35098,6080,-1,-1.0,0.0,0.0,0.0,0.0,0.0,
23028,35098,6080,-1,-1.0,1.0,0.0,0.0,0.0,0.0,
23029,35098,6080,-1,-1.0,-1.0,0.0,0.0,0.0,0.0,
23030,35098,6080,-1,1.0,-1.0,0.0,0.0,0.0,0.0,
23031,35098,6080,-1,1.0,1.0,0.0,0.0,0.0,0.0,
23032,35976,12845,-1,0.0,0.0,0.0,0.0,0.0,0.0,
23033,35977,17254,-1,0.0,0.0,0.20000000298,0.0,0.0,0.0,
23034,35977,17255,-1,0.0,0.0,1.5,0.0,0.0,0.0,
23038,35981,17259,-1,0.0,0.0,0.0,0.0,0.0,0.0,
23040,35983,14739,-1,0.0,0.0,2.5,0.0,0.0,0.0,
23041,35917,17264,34,0.25,0.0,0.10000000149,0.0,0.0,0.0,
23042,35917,17262,34,0.25,0.0,0.25,0.0,0.0,0.0,
23043,35917,17263,34,0.15000000596,0.0,0.34999999404,0.0,0.0,0.0,
23044,34542,16773,19,0.0,0.0,0.40000000596,0.0,0.0,0.0,
23045,35988,13674,-1,0.0,0.0,0.0,0.0,0.0,0.0,
23048,35991,12304,-1,0.0,0.0,0.0,0.0,0.0,0.0,
23050,35994,8661,38,0.0,0.0,0.0,0.0,0.0,0.0,
23053,4551,17272,19,0.0,0.0,0.0,0.0,0.0,0.0,
23054,26229,12680,19,0.0,0.0,0.0,0.0,0.0,0.0,
23055,26230,12681,19,0.0,0.0,0.0,0.0,0.0,0.0,
23056,35996,11602,-1,0.0,0.0,0.0,0.0,0.0,0.0,
23059,36001,10811,34,0.5,0.0,-0.20000000298,-1.57079994678,0.0,0.0,
23060,36004,12613,-1,0.0,0.0,0.0,0.0,0.0,0.0,
23061,36005,16860,19,0.0,0.0,0.0,0.0,0.0,0.523599028587,
23062,36005,16860,19,0.0,0.0,0.0,0.0,0.0,-0.523599028587,
23063,36005,16860,19,0.0,0.0,0.0,0.0,0.0,1.04719996452,
23064,36005,16860,19,0.0,0.0,0.0,0.0,0.0,-1.04719996452,
23065,36005,16860,19,0.0,0.0,0.0,0.0,0.0,0.0,
23066,35534,3107,19,0.0,0.0,0.5,0.0,0.0,0.0,
23067,36004,16598,-1,0.0,0.0,-2.0,0.0,0.0,0.0,
23069,36008,8935,34,0.0,0.0,0.0,0.0,0.0,0.0,
23070,36008,6985,-1,0.0,1.0,0.0,0.0,0.0,0.0,
23071,36008,6985,-1,0.0,-1.0,0.0,0.0,0.0,0.0,
23072,36008,6985,-1,1.0,0.0,0.0,0.0,0.0,0.0,
23073,36008,6985,-1,-1.0,0.0,0.0,0.0,0.0,0.0,
23074,36008,3104,-1,0.0,0.0,0.0,0.0,0.0,0.0,
23075,36009,5206,34,0.0,0.0,0.0,0.0,0.0,0.0,
23076,36010,17276,-1,0.0,0.0,0.0,0.0,3.14159011841,0.0,
23077,36010,17275,-1,0.0,0.0,0.0,0.0,0.0,0.0,
23078,36011,6350,-1,0.0,0.0,0.0,0.0,0.0,0.0,
23079,36011,3164,-1,0.0,0.0,0.0,0.0,0.0,0.0,
23080,36004,12120,-1,0.0,0.0,0.0,0.0,0.0,0.0,
23082,35745,17280,34,0.0,0.0,-2.5,0.0,0.0,0.0,
23083,36015,17281,19,0.0,0.0,0.0,0.0,0.0,0.0,
23084,36018,14074,-1,0.0,0.0,0.0,0.0,0.0,0.0,
23085,36019,14155,19,0.0,0.0,0.0,0.0,0.0,0.0,
23087,36023,16604,17,0.0,0.0,0.0,0.0,0.0,0.0,
23088,36029,16996,34,0.0,0.0,0.0,0.0,0.0,0.0,
23094,35466,10763,34,0.0,0.0,0.0,0.0,0.0,0.0,
23095,36051,17291,3,0.0,0.10000000149,0.10000000149,0.0,1.1693700552,3.14159011841,
23096,36060,6948,19,0.0,0.0,0.0,0.0,1.57079994678,0.0,
23097,36055,8854,-1,0.0,0.0,0.10000000149,0.0,0.0,0.0,
23100,36063,16604,17,0.0,0.0,0.0,0.0,0.0,0.0,
23101,35739,14399,19,0.0,0.0,-1.0,0.0,0.0,0.0,
23104,36067,17964,19,0.0,0.0,0.0,0.0,0.0,0.0,
23105,36069,17298,19,0.0,0.0,22.0,0.0,0.0,0.0,
23107,36069,17298,19,0.0,0.0,51.5,0.0,0.0,0.0,
23108,36071,8854,-1,0.0,0.0,0.20000000298,0.0,0.0,0.0,
23109,36070,1984,40,0.0,0.0,0.0,0.0,0.0,0.0,
23110,36070,1984,41,0.0,0.0,0.0,0.0,0.0,0.0,
23111,36070,1984,42,0.0,0.0,0.0,0.0,0.0,0.0,
23112,36072,14831,34,0.0,0.0,0.20000000298,0.0,0.0,0.0,
23113,36075,10219,34,0.0,0.0,0.0,0.0,0.0,0.0,
23114,36075,10223,34,0.0,0.0,0.0,0.0,0.0,0.0,
23115,36075,6966,34,0.0,0.0,0.0,0.0,0.0,0.0,
23119,36085,3174,19,0.0,0.0,0.0,0.0,0.0,0.0,
23121,36088,13153,34,0.0,0.0,0.0,0.0,0.0,0.0,
23122,36085,17301,16,0.0,0.0,0.0,0.0,-0.523599028587,0.0,
23123,36085,17301,6,0.0,0.0,0.0,0.0,0.0,-0.523599028587,
23124,36085,17301,5,0.0,0.0,0.0,0.0,0.0,0.523599028587,
23125,36085,17301,11,0.0,0.0,0.0,0.0,-0.523599028587,0.0,
23127,36090,17303,3,0.0,0.0,-0.10000000149,0.0,0.0,0.0,
23128,36091,6127,12,0.15000000596,0.0,-0.75,0.0,-1.57079994678,0.0,
23129,36090,17303,4,0.0,-0.10000000149,-0.10000000149,0.785398006439,0.0,0.785398006439,
23130,36091,17304,22,-0.019999999553,-0.0799999982119,0.0399999991059,1.57079994678,0.0,3.14159011841,
23134,36096,17447,12,0.0500000007451,0.0,-0.20000000298,0.0,-1.57079994678,0.0,
23136,36099,12745,-1,-1.0,0.0,3.0,0.0,0.0,0.0,
23137,36099,14767,-1,0.0,-1.0,0.0,0.0,0.0,0.0,
23138,36099,12698,-1,1.0,0.0,1.0,0.0,0.0,0.0,
23139,36099,12699,-1,0.0,0.0,2.0,0.0,0.0,0.0,
23140,36099,14767,-1,0.0,1.0,0.0,0.0,0.0,0.0,
23144,36102,16570,19,0.0,0.0,0.0,0.0,0.0,0.0,
23146,36103,17722,11,-0.0500000007451,0.0,0.0799999982119,0.0,0.000873000011779,0.0,
23148,35833,17946,19,0.0,0.0,0.0,0.0,0.0,0.0,
23149,34723,17323,19,1.0,0.0,-1.5,-1.57079994678,0.0,0.0,
23152,35193,17325,34,0.0,0.0,0.0,0.0,0.0,0.0,
23157,36115,17327,34,0.300000011921,0.0,0.0,3.14159011841,0.0,3.14159011841,
23158,36115,10355,34,0.0,0.0,0.0,0.0,0.0,0.0,
23159,36116,17329,34,0.0,0.0,0.0,0.0,0.0,0.0,
23160,36116,17328,34,0.0,0.0,0.0,0.0,0.0,0.0,
23163,36121,17332,34,0.300000011921,0.0,0.0,3.14159011841,0.0,3.14159011841,
23166,36120,9361,34,0.0,0.0,0.0,0.0,0.0,0.0,
23167,36120,14936,19,0.0,0.0,0.0,0.0,0.0,0.0,
23168,36128,10355,34,0.0,0.0,0.0,0.0,0.0,0.0,
23169,36129,17328,34,0.0,0.0,0.0,0.0,0.0,0.0,
23170,36130,17328,16,0.0,0.0,0.0,0.0,0.0,0.0,
23171,36130,9128,19,0.0,0.0,0.0,0.0,0.0,0.0,
23172,36132,15954,19,0.0,0.0,0.0,0.0,0.0,0.0,
23173,36135,16822,19,0.0,0.0,0.40000000596,0.0,0.0,0.0,
23174,36133,16773,19,0.0,0.0,0.0,0.0,0.0,0.0,
23176,36101,17313,19,0.0,0.0,0.0,0.0,0.0,0.0,
23177,36150,17349,22,-0.019999999553,0.600000023842,-0.140000000596,0.0,0.0,0.0,
23178,36151,17250,22,0.0,0.0,0.0,0.0,0.0,0.0,
23179,36152,7199,-1,0.0,0.0,0.0,0.0,0.0,0.0,
23180,36152,17347,-1,0.0,0.0,0.0,0.0,0.0,0.0,
23181,36152,17633,-1,0.0,0.0,0.0,0.0,0.0,0.0,
23182,36090,16577,6,-0.0599999986589,-0.0500000007451,0.0,0.0,0.0,0.0,
23183,35488,10648,-1,0.0,0.0,3.0,0.0,0.0,0.0,
23184,35192,123,19,0.0,0.0,0.0,0.0,0.0,0.0,
23185,36159,13363,-1,-1.0,0.0,2.0,0.0,1.57079994678,0.0,
23187,35387,17351,19,0.0,0.0,0.0,0.0,0.0,0.0,
23188,36160,14842,-1,-4.75,0.0,1.5,0.0,1.57079994678,0.0,
23189,36163,15695,-1,0.0,0.0,0.0,0.0,0.0,0.0,
23191,36163,15568,-1,0.0,0.0,0.0,0.0,0.0,0.0,
23192,36165,4415,34,0.0,0.0,0.0,0.0,0.0,0.0,
23193,36164,17371,19,-1.0,0.0,-5.0,0.0,0.0,0.0,
23194,35030,17967,19,0.0,0.0,-1.5,0.0,0.0,0.0,
23204,36171,17391,34,0.0,0.0,0.0,0.0,0.0,0.0,
23205,36172,9402,-1,0.0,0.0,0.0,0.0,0.0,0.0,
23206,36175,18114,17,0.0,0.0,0.0,0.0,0.0,0.0,
23207,36175,18114,17,0.0,0.0,0.0,0.436331987381,0.0,0.0,
23208,36175,18114,17,0.0,0.0,0.0,-0.436331987381,0.0,0.0,
23210,36177,15248,34,0.0,0.0,0.0,0.0,0.0,0.0,
23211,36178,17378,20,0.0,0.0,0.0,0.0,0.0,0.0,
23218,36184,17387,19,0.0,0.0,-1.0,0.0,0.0,0.0,
23219,36184,17386,19,0.0,0.0,-1.0,0.0,0.0,0.0,
23220,35370,9560,19,0.0,0.0,0.0,0.0,0.0,0.0,
23221,36197,17466,-1,0.0,0.0,0.0,0.0,0.0,0.0,
23222,36170,10739,30,0.0,0.0,0.0,0.0,0.0,0.0,
23226,35565,17062,34,0.0,0.0,0.0,0.0,0.0,0.0,
23227,35565,17062,34,0.0,0.0,0.0,0.0,0.0,0.0,
23228,35565,17062,34,0.0,0.0,0.0,0.0,0.0,0.0,
23229,35565,17062,34,0.0,0.0,0.0,0.0,0.0,0.0,
23230,36201,5244,19,0.0,0.0,0.0,0.0,0.0,0.0,
23231,36202,17652,19,1.5,1.0,0.75,0.0,0.0,-1.04719996452,
23232,36202,17652,19,1.5,0.34999999404,1.25,0.0,0.0,-2.09439992905,
23233,36203,7671,-1,0.0,0.0,0.0,0.0,0.0,0.0,
23235,35597,17397,-1,0.0,0.0,0.0,0.0,0.0,0.0,
23236,36208,12249,19,0.0,0.0,2.0,0.0,0.0,0.0,
23237,36120,9351,19,0.0,0.0,0.0,0.0,0.0,0.0,
23239,36211,7408,19,0.0,0.0,0.0,0.0,0.0,0.0,
23241,36222,6176,21,0.0,0.0,0.0,0.0,0.0,0.0,
23242,36222,6176,22,0.0,0.0,0.0,0.0,0.0,0.0,
23243,36225,17399,2,0.0,0.10000000149,-0.10000000149,0.0,0.0,0.0,
23244,36225,11015,2,0.0,0.10000000149,0.0,0.0,0.0,0.0,
23245,35957,12603,-1,0.0,0.0,1.0,0.0,0.0,0.0,
23246,35545,17047,19,0.0,0.0,0.0,0.0,0.0,0.0,
23249,36233,11270,-1,0.0,0.0,0.0,0.0,0.0,0.0,
23250,36233,12185,-1,0.0,0.0,0.0,0.0,0.0,0.0,
23251,35096,4668,20,0.0,0.0,0.0,0.0,0.0,0.0,
23252,36236,17702,-1,7.5,0.0,0.0,0.0,0.0,0.0,
23253,36237,16998,-1,0.0,0.0,1.0,0.0,0.0,0.0,
23254,36241,17404,2,0.0,0.0,0.0,0.0,0.0,0.0,
23256,36241,16681,34,-0.25,0.0,0.25,0.0,0.0,0.0,
23257,36245,17405,28,-0.40000000596,0.0,0.0,1.57079994678,0.0,-1.48353004456,
23259,36248,1643,19,0.0,0.0,-0.699999988079,0.0,0.174532994628,0.0,
23260,36249,2503,-1,0.0,0.0,0.0,0.0,0.0,0.0,
23261,36249,17050,-1,0.0,0.0,0.0,0.0,0.0,0.0,
23262,36253,17414,19,0.0,0.0,0.0,0.0,0.0,0.0,
23263,36254,16676,22,0.0,0.0,0.0,0.0,0.0,0.0,
23264,36254,16676,21,0.0,0.0,0.0,0.0,0.0,0.0,
23266,36254,17411,19,0.0,0.0,0.0,0.0,0.0,0.0,
23268,36256,8509,19,0.0,0.0,0.0,0.0,0.0,0.0,
23269,35257,17443,19,1.0,1.0,1.0,0.0,0.0,0.0,
23270,35257,17443,19,-1.0,-1.0,1.0,0.0,0.0,0.0,
23273,36257,12602,19,0.0,0.0,0.0,0.0,0.0,0.0,
23274,35497,18066,-1,0.0,0.0,0.0,0.0,0.0,0.0,
23277,36257,13659,19,0.0,0.0,0.0,0.0,-1.57079994678,0.0,
23278,36260,17432,-1,0.0,0.0,0.0,0.0,0.0,0.0,
23282,36262,10737,34,0.0,0.0,0.0,0.0,0.0,0.0,
23283,36263,7840,19,0.0,0.0,-1.0,0.0,0.0,0.0,
23284,36263,7840,19,0.0,0.0,-1.0,0.523599028587,0.0,0.0,
23285,36263,7836,19,0.0,0.0,-0.5,1.04719996452,0.0,0.0,
23288,36268,17434,18,0.25,0.0,0.800000011921,0.0,0.0,0.0,
23289,36268,17435,18,0.0,0.10000000149,0.800000011921,0.0,0.0,0.0,
23292,36281,8750,34,0.0,0.0,-1.5,0.0,0.0,0.0,
23293,36284,14865,34,0.0,0.0,0.0,0.0,0.0,0.0,
23294,36287,10270,19,0.0,0.0,0.0,0.0,0.0,0.0,
23295,36287,10270,19,0.0,0.0,0.0,0.698131978512,0.0,0.0,
23296,36288,11037,19,0.0,0.0,0.0,0.0,0.0,0.0,
23297,36289,8935,19,0.0,0.0,0.0,0.0,0.0,0.0,
23298,36291,10638,34,0.0,0.0,0.0,0.0,0.0,0.0,
23299,35706,4295,19,0.0,0.0,2.0,0.0,0.0,0.0,
23300,36292,12537,19,0.0,0.0,0.0,0.0,-1.57079994678,0.0,
23301,36292,5393,19,0.0,0.0,2.0,0.0,0.0,0.0,
23302,36294,4455,47,0.0,0.0,0.0,0.0,0.0,0.0,
23303,36294,4455,48,0.0,0.0,0.0,0.0,0.0,0.0,
23304,36296,15630,19,0.0,0.0,-1.29999995232,0.785398006439,0.0,0.0,
23305,36296,7840,19,0.0,0.0,-1.29999995232,0.0,0.0,0.0,
23306,36297,15348,19,0.0,0.0,-3.0,0.0,0.0,0.0,
23307,36296,7840,19,0.0,0.0,-1.29999995232,1.57079994678,0.0,0.0,
23314,35841,11137,17,0.0,0.0,0.0,0.0,0.0,0.0,
23315,36295,6419,15,0.0,0.0,0.5,0.0,0.0,0.0,
23316,36304,7346,-1,0.0,0.0,0.0,0.0,0.0,0.0,
23320,36096,17446,12,-0.15000000596,0.0,-0.300000011921,1.57079994678,0.0,0.0,
23322,36096,17447,12,-0.15000000596,0.0,-0.20000000298,0.0,-1.57079994678,0.0,
23323,36096,7718,12,-0.15000000596,0.230000004172,-0.300000011921,-1.57079994678,0.0,0.0,
23324,36308,18052,-1,-1.5,0.0,0.0,3.14159011841,0.0,0.0,
23327,36311,17572,19,0.0,0.0,0.019999999553,0.0,0.0,0.0,
23328,36312,17500,19,0.0,0.0,0.0,0.0,0.0,0.0,
23331,36210,8672,-1,0.0,0.0,0.0,0.0,0.0,0.0,
23333,35621,17453,-1,0.0,0.0,0.0,0.0,0.0,0.0,
23336,36317,17355,34,0.0,0.0,0.0,0.0,0.0,0.0,
23339,36321,17573,19,0.0,0.0,0.019999999553,0.0,0.0,0.0,
23340,36322,17454,19,0.0,0.0,0.0,0.0,0.0,0.0,
23341,36323,17574,19,0.0,0.0,0.019999999553,0.0,0.0,0.0,
23343,36324,10910,19,0.0,-0.5,0.0,0.0,0.0,0.0,
23346,35620,8815,-1,0.0,0.0,1.5,0.0,0.0,0.0,
23351,36324,10910,19,0.0,-0.5,1.0,0.0,0.0,0.0,
23352,36324,10910,19,0.0,-0.5,1.5,0.0,0.0,0.0,
23353,36324,6092,19,0.0,0.0,2.5,0.0,0.0,0.0,
23354,36324,17461,19,0.0,0.0,0.0,0.0,0.0,0.0,
23356,36305,5958,-1,0.0,0.0,0.0,0.0,0.0,0.0,
23357,36330,17056,34,0.0,0.0,0.0,0.0,0.0,0.0,
23358,36331,17005,19,0.0,0.0,0.0,0.0,0.0,0.0,
23359,36331,16744,34,0.0,0.0,0.0,0.0,0.0,0.0,
23360,36330,13100,34,0.0,0.0,0.0,0.0,0.0,0.0,
23361,36333,13809,19,1.0,0.0,0.0,0.0,0.0,0.0,
23362,36334,13809,19,1.0,0.0,0.0,0.0,0.0,0.349065989256,
23363,36335,13809,19,1.0,0.0,0.0,0.0,0.0,-0.349065989256,
23364,36336,13809,19,1.0,0.0,0.0,0.0,0.0,0.698131978512,
23365,36337,13809,19,1.0,0.0,0.0,0.0,0.0,-0.698131978512,
23366,35436,16992,19,0.0,0.0,0.0,0.0,0.0,0.0,
23367,35657,17407,19,0.0,0.0,0.0,0.523599028587,0.0,0.0,
23368,36354,17474,19,0.0,0.0,1.5,0.0,0.0,0.0,
23369,36354,17476,19,0.0,0.0,1.5,0.0,0.0,0.0,
23371,34282,17479,19,0.0,0.0,0.0,0.0,0.0,0.0,
23372,34282,17480,19,0.0,0.0,0.0,0.0,0.0,0.0,
23374,36356,17475,-1,0.0,0.0,0.0,0.0,0.0,0.0,
23375,36357,17475,19,0.0,0.0,0.0,0.0,0.0,0.0,
23376,36358,16904,-1,0.0,0.0,0.0,0.0,0.0,0.0,
23378,34278,17474,19,3.59999990463,0.0,1.0,0.0,0.0,0.0,
23380,34278,17474,19,3.59999990463,0.0,1.0,0.0,0.0,0.0,
23381,34278,17474,19,3.59999990463,0.0,1.0,0.0,0.0,0.0,
23382,34279,17474,19,3.59999990463,0.0,1.0,0.0,0.0,0.0,
23383,34279,17474,19,3.59999990463,0.0,1.0,0.0,0.0,0.0,
23384,34279,17474,19,3.59999990463,0.0,1.0,0.0,0.0,0.0,
23386,36359,17481,19,0.0,0.0,0.0,0.0,0.0,0.0,
23387,36360,17481,19,0.0,0.0,0.0,0.0,0.0,0.0,
23388,36362,8353,-1,0.0,0.0,0.0,0.0,0.0,0.0,
23389,36364,16646,-1,0.0,0.0,0.0,0.0,-1.57079994678,0.0,
23390,35166,8016,19,0.0,0.0,2.0,0.0,0.0,0.0,
23391,36374,6955,19,0.0,0.0,0.0,-1.57079994678,0.0,0.0,
23392,36376,17485,19,0.0,0.0,0.0,0.523599028587,0.0,0.0,
23393,36376,17485,19,0.0,0.0,0.0,0.0,0.0,0.0,
23395,36378,12677,19,0.0,0.0,0.0,0.0,0.0,0.0,
23396,36381,17487,19,0.0,0.0,-5.0,0.0,0.0,0.0,
23397,36383,17530,34,0.0,0.0,0.0,0.0,0.0,0.0,
23400,36383,7175,-1,0.0,0.0,0.0,0.0,0.0,0.0,
23401,36386,12925,22,0.0,0.0,0.0,0.0,0.0,0.0,
23402,36387,10811,34,0.5,0.0,0.10000000149,-1.57079994678,0.0,0.0,
23403,36388,10811,34,0.5,0.0,0.40000000596,-1.57079994678,0.0,0.0,
23404,36386,13507,19,0.0,0.0,0.0,0.0,0.0,0.0,
23405,36386,13516,19,0.0,0.0,0.0,0.0,0.0,0.0,
23406,36389,10811,34,0.5,0.0,0.699999988079,-1.57079994678,0.0,0.0,
23407,36390,10811,34,0.5,0.0,1.0,-1.57079994678,0.0,0.0,
23408,36391,15844,19,0.0,0.0,0.0,0.0,0.0,0.0,
23409,36392,12921,34,0.0,0.0,0.0,0.0,0.0,0.0,
23410,36395,5789,2,0.0,0.0,0.0,0.0,0.0,0.0,
23411,36395,5789,1,0.0,0.0,0.0,0.0,0.0,0.0,
23412,36395,5789,34,0.0,0.0,0.0,0.0,0.0,0.0,
23413,36395,5789,47,0.0,0.0,0.0,0.0,0.0,0.0,
23414,36395,5789,48,0.0,0.0,0.0,0.0,0.0,0.0,
23415,36396,17489,16,0.0,0.0,0.0,0.0,0.0,0.0,
23416,36397,17490,16,0.0,0.0,0.0,0.0,0.0,0.0,
23417,36398,17491,16,0.0,0.0,0.0,0.0,0.0,0.0,
23418,36399,17492,16,0.0,0.0,0.0,0.0,0.0,0.0,
23419,36052,17494,-1,0.0,0.0,0.0,0.0,0.0,0.0,
23425,36402,9269,19,1.0,0.0,-0.5,0.0,0.0,0.0,
23426,36404,5789,2,0.0,0.0,0.20000000298,0.0,0.0,0.0,
23427,36404,5789,1,0.0,0.0,0.20000000298,0.0,0.0,0.0,
23428,36404,6629,34,0.0,0.0,-0.34999999404,0.0,-0.785398006439,0.0,
23429,36404,5789,8,-0.300000011921,-0.0500000007451,-0.5,0.0,0.0,0.0,
23430,36404,5789,7,-0.300000011921,0.0500000007451,-0.5,0.0,0.0,0.0,
23431,36405,17495,-1,1.0,0.0,2.0,0.0,0.0,0.0,
23433,36405,11600,-1,1.0,0.0,2.0,0.0,0.0,0.0,
23434,36413,6604,19,1.0,0.0,-0.5,0.0,0.0,0.0,
23435,36414,9269,19,1.0,0.0,-0.5,0.0,0.0,0.0,
23436,36417,17883,-1,0.0,0.0,0.0,0.0,0.0,0.0,
23438,36419,17500,-1,0.0,0.0,0.0,0.0,0.0,0.0,
23439,36420,7175,19,0.0,0.0,0.0,0.0,0.0,0.0,
23441,35384,17504,21,0.0,0.0,0.0,-1.57079994678,0.0,0.0,
23442,35384,17504,22,0.0,0.0,0.0,1.57079994678,0.0,0.0,
23443,36427,15567,-1,0.0,0.0,0.0,0.0,0.0,0.0,
23445,36428,14823,19,0.0,0.0,-2.0,0.0,0.0,0.0,
23446,36260,17508,-1,0.0,0.0,0.0,0.0,0.0,0.0,
23447,36429,17509,-1,0.0,0.0,-0.5,0.0,0.0,0.0,
23453,35464,17517,19,0.0,0.0,0.0,0.0,0.0,0.0,
23454,35477,17758,19,0.0,0.0,0.0,0.0,0.0,0.0,
23455,36420,16059,19,0.0,0.0,-1.0,0.0,0.0,0.0,
23456,36447,8016,19,0.0,0.0,2.0,0.0,0.0,0.0,
23457,36447,17526,19,0.0,0.0,3.0,0.0,0.0,0.0,
23458,36447,17527,19,0.0,0.0,4.0,0.0,0.0,0.0,
23459,36447,17528,19,0.0,0.0,5.0,0.0,0.0,0.0,
23460,36448,17529,-1,0.0,0.0,0.0,0.0,0.0,0.0,
23461,36456,11558,19,0.40000000596,0.300000011921,0.0,0.0,0.0,0.0,
23462,36457,17543,19,0.40000000596,0.300000011921,0.0,0.0,0.0,0.0,
23463,36460,17087,19,0.0,0.0,-0.25,0.0,0.0,0.0,
23464,36462,11558,19,0.40000000596,0.300000011921,0.0,0.0,0.0,0.0,
23465,36465,17548,2,0.330000013113,0.479999989271,0.330000013113,0.0,-2.00712990761,0.0,
23466,36466,17547,-1,0.0,0.0,0.0,0.0,0.0,0.0,
23468,36468,17560,22,0.0,-0.25,-0.20000000298,0.0,0.0,0.0,
23471,36470,16289,-1,0.0,0.0,0.0,0.0,0.0,0.0,
23472,36473,13020,17,0.0,0.0,0.0,0.0,0.0,0.0,
23473,36474,17563,19,0.0,0.0,0.0,0.0,0.0,0.0,
23474,35173,17564,19,0.0,0.0,0.0,0.0,0.0,0.0,
23475,36475,17567,3,0.0,0.0,0.0,0.0,0.0,0.0,
23478,36475,17567,4,0.0,0.0,0.0,0.0,0.0,0.0,
23480,36475,17568,8,-0.300000011921,0.0,0.0,0.0,0.0,0.0,
23481,36475,17568,7,-0.300000011921,0.0,0.0,0.0,0.0,0.0,
23482,36478,16681,34,0.0,0.0,0.0,0.0,0.0,0.0,
23484,36481,17411,19,0.0,0.0,0.0,0.0,0.0,0.0,
23485,36491,13263,34,0.0,0.0,0.0,0.0,0.0,0.0,
23486,36493,17571,-1,0.0,0.0,0.0,0.0,0.0,0.0,
23488,36498,17583,34,0.0,0.0,-33.0,0.0,0.0,0.0,
23489,36255,9217,12,-0.20000000298,0.0,0.0,0.0,-0.349065989256,0.0,
23490,36255,16458,20,0.0,0.0,-3.0,0.0,0.0,0.0,
23493,36500,16458,-1,0.0,0.0,-1.0,0.0,0.0,0.0,
23495,34811,17579,19,0.0,0.0,0.0,0.0,0.0,0.0,
23496,36502,8155,19,1.0,0.0,0.649999976158,0.0,0.0,0.0,
23497,36500,4128,-1,0.0,-0.5,1.89999997616,0.0,0.0,0.0,
23498,35898,16458,20,0.0,0.0,-3.0,0.0,0.0,0.0,
23499,35898,9217,12,-0.20000000298,0.0,0.0,0.0,-0.349065989256,0.0,
23500,36506,11872,-1,0.0,0.0,0.0,0.0,0.0,0.0,
23501,36508,17581,1,0.649999976158,0.0,0.0,-1.57079994678,0.0,0.0,
23502,36508,17582,1,0.649999976158,-0.0500000007451,0.0500000007451,0.0,0.139625996351,0.0,
23503,36508,17582,1,0.649999976158,0.0,0.0,0.0,0.0,0.0,
23504,36508,17582,1,0.649999976158,0.0,0.0500000007451,0.104719996452,0.0,0.0,
23505,36508,17582,1,0.649999976158,0.0,0.0500000007451,-0.104719996452,0.0,0.0,
23506,36511,17584,19,0.0,0.0,1.25,0.0,0.0,0.0,
23507,36512,588,1,1.0,0.0,0.0,0.0,0.0,0.0,
23508,36511,17585,19,0.0,0.0,1.25,0.0,0.0,0.0,
23509,36516,17612,19,0.0,0.0,0.0,0.0,0.0,0.0,
23510,36517,17612,19,0.0,0.0,0.0,0.0,0.0,0.0,
23511,36518,17612,19,0.0,0.0,0.0,0.0,0.0,0.0,
23512,36515,17588,-1,0.0,0.0,0.0,0.0,0.0,0.0,
23513,36519,17612,19,0.0,0.0,0.0,0.0,0.0,0.0,
23514,36363,17587,22,0.0,0.0,0.0,0.0,0.0,0.0,
23515,36363,17590,19,1.0,0.0,1.20000004768,0.0,0.0,0.0,
23516,36521,17587,22,0.0,0.0,0.0,0.0,0.0,0.0,
23517,36521,17591,19,1.0,0.0,1.20000004768,0.0,0.0,0.0,
23518,36522,9715,19,1.5,0.0,1.20000004768,0.0,0.0,0.0,
23519,36523,17587,22,0.0,0.0,0.0,0.0,0.0,0.0,
23520,36523,17593,19,1.0,0.0,1.20000004768,0.0,0.0,0.0,
23523,36500,17594,-1,0.0,0.15000000596,-0.25,0.0,0.0,0.0,
23524,36500,17594,-1,0.0,-0.15000000596,-0.25,0.0,0.0,0.0,
23525,36525,8257,17,-0.0799999982119,0.0,0.419999986887,0.0,0.0,0.0,
23527,36528,16707,34,0.0,0.0,0.0,0.0,0.0,0.0,
23528,36529,17595,34,0.0,0.0,0.0,0.0,0.0,0.0,
23529,36527,17517,19,0.0,0.0,0.0,0.0,0.0,0.0,
23530,36527,17599,19,0.0,0.0,-0.25,0.0,0.0,0.0,
23531,36530,9269,19,0.0,0.0,0.0,0.0,0.0,0.0,
23532,36531,16744,34,0.0,0.0,0.0,0.0,0.0,0.0,
23533,36532,5395,34,0.0,0.0,0.0,0.0,0.0,0.0,
23534,36536,16676,21,0.0,0.0,0.0,0.0,0.0,0.0,
23535,36536,16676,22,0.0,0.0,0.0,0.0,0.0,0.0,
23536,36536,17005,19,0.0,0.0,0.0,0.0,0.0,0.0,
23537,36538,16708,34,0.0,0.0,0.0,0.0,0.0,0.0,
23538,36538,17464,34,0.0,0.0,0.0,0.0,0.0,0.0,
23539,36539,215,19,0.25,0.0,-0.75,-0.523599028587,0.0,0.0,
23540,36540,17600,19,0.0,0.0,0.0,0.0,0.0,0.0,
23541,36545,215,19,0.25,0.0,-0.75,-0.523599028587,0.0,0.0,
23543,36552,17985,-1,0.0,0.0,3.0,0.0,0.0,0.0,
23544,36554,17404,21,0.0,0.0,0.0,0.0,0.0,0.0,
23545,36554,17404,22,0.0,0.0,0.0,0.0,0.0,0.0,
23548,36553,17603,19,0.0,0.0,1.5,0.0,0.0,0.0,
23549,36559,12964,19,1.0,0.0,-2.0,0.261799007654,-0.523599028587,0.174532994628,
23550,36561,6629,19,0.0,0.0,1.0,0.0,0.0,0.785398006439,
23551,36561,6629,19,0.0,0.0,1.0,0.0,0.0,-0.785398006439,
23553,36565,15807,-1,0.0,0.0,0.0,0.0,0.0,0.0,
23554,36569,8471,19,0.0,0.0,0.0,0.0,0.0,0.0,
23555,36569,4898,19,0.0,0.0,0.0,0.0,0.0,0.0,
23556,36570,12964,19,1.0,0.0,-2.0,0.261799007654,-0.523599028587,0.174532994628,
23557,36568,12216,19,1.0,0.0,0.0,0.0,0.0,0.0,
23558,36571,9180,-1,0.0,0.0,0.0,0.0,0.0,0.0,
23560,36580,17607,-1,0.0,0.0,0.0,0.0,0.0,0.0,
23561,36584,17097,19,0.0,0.0,-1.0,0.0,0.0,0.0,
23563,36601,16785,19,0.0,0.0,-1.25,0.0,0.0,0.0,
23564,36602,16744,34,0.0,0.0,0.0,0.0,0.0,0.0,
23565,36004,8670,-1,0.0,0.0,-0.600000023842,0.0,0.0,0.0,
23567,36503,17613,-1,0.0,0.0,0.0,0.0,0.0,0.0,
23568,35579,17614,34,0.0,0.0,0.0,0.0,0.0,0.0,
23569,35585,15770,21,0.0,0.0,0.0,0.0,0.0,0.0,
23570,35585,15770,22,0.0,0.0,0.0,0.0,0.0,0.0,
23571,36189,15745,-1,0.0,0.0,0.0,0.0,0.0,0.0,
23572,36147,10739,22,0.0,0.0,0.0,0.0,0.0,0.0,
23574,36610,17616,19,0.0,0.0,-0.5,0.0,0.0,0.0,
23575,36610,17616,19,0.0,1.0,-0.5,0.0,0.0,0.0,
23576,36610,17616,19,-3.0,-1.0,0.0,0.0,0.0,0.0,
23577,36190,10877,20,0.0,0.0,0.0,0.0,0.0,0.0,
23578,36610,17616,19,0.0,2.0,-0.5,0.0,0.0,0.0,
23579,36610,17616,19,0.0,-2.0,-0.5,0.0,0.0,0.0,
23580,36610,17616,19,-3.0,1.0,-0.5,0.0,0.0,0.0,
23581,36610,17616,19,0.0,-1.0,-0.5,0.0,0.0,0.0,
23582,36610,17616,19,-3.0,0.0,-0.5,0.0,0.0,0.0,
23583,36189,10272,-1,0.0,0.0,0.0,0.0,0.0,0.0,
23589,36609,17627,34,0.0,0.0,0.0,0.0,0.0,0.0,
23590,36613,17626,19,0.0,0.0,0.0,0.0,0.0,0.0,
23591,36609,17627,34,0.0,0.0,0.0,0.0,0.0,0.0,
23592,36609,17627,34,0.0,0.0,0.0,0.0,0.0,0.0,
23594,36615,5403,17,0.0,0.0,0.0,-1.57079994678,-1.57079994678,0.0,
23595,34651,12298,19,0.0,0.0,0.0,0.0,0.0,0.0,
23597,36619,10185,-1,0.0,0.0,0.0,0.0,0.0,0.0,
23598,36620,17662,-1,0.0,0.0,-3.54999995232,0.0,0.0,0.0,
23599,35756,17631,-1,0.0,0.0,-0.20000000298,0.0,0.0,0.0,
23601,36623,17629,-1,0.0,0.0,-1.10000002384,0.0,0.0,0.0,
23603,36319,7965,21,0.0,0.0,0.0,0.0,0.0,0.0,
23604,36319,7965,22,0.0,0.0,0.0,0.0,0.0,0.0,
23605,36624,9452,17,0.0,0.0,0.0,0.0,0.0,0.0,
23606,36625,17638,17,0.0,0.0,0.0,0.174532994628,0.349065989256,0.0,
23608,36624,17639,17,0.0,0.0,0.0,0.0,0.0,0.0,
23609,36632,5732,19,0.0,0.0,0.5,0.0,0.0,0.0,
23610,36632,17696,19,0.0,0.0,-0.25,0.523599028587,0.0,0.0,
23611,36633,15568,19,0.0,0.0,0.0,0.0,0.0,0.0,
23612,36633,17646,19,0.0,0.0,0.0,0.0,0.0,0.0,
23613,36633,8203,19,0.0,0.0,0.0,0.0,0.0,0.0,
23614,36634,16515,17,0.0,0.0,0.0,0.0,0.0,0.0,
23616,36635,17644,17,0.0,0.0,0.0,0.174532994628,0.349065989256,0.0,
23617,36642,17697,19,0.5,0.0,2.5,0.0,0.0,3.14159011841,
23618,36642,17697,19,0.5,0.0,2.5150001049,0.0,0.0,3.14159011841,
23619,36643,14961,34,0.0,0.0,0.0,0.0,0.0,0.0,
23621,36644,17647,17,-0.10000000149,0.0,0.15000000596,0.0,0.0,0.0,
23622,36644,17648,17,-0.300000011921,0.0,-0.25,0.0,0.0,0.0,
23623,36647,17621,12,-0.20000000298,0.0,-0.5,0.0,5.23599004745,0.0,
23624,36648,10575,-1,0.0,0.0,0.10000000149,0.0,0.0,0.0,
23631,36655,17850,19,2.0,0.0,1.5,0.0,0.0,0.0,
23633,36658,17651,19,0.0,0.0,0.0,0.0,0.0,0.0,
23634,36658,6829,19,0.0,0.0,0.0,0.0,0.0,0.0,
23637,36420,12012,19,0.0,0.0,0.0,3.14159011841,0.0,0.0,
23638,36420,8121,19,0.0,0.0,0.0,1.57079994678,0.0,0.0,
23640,36668,17106,-1,0.0,0.0,0.0,0.0,0.0,0.0,
23641,36670,11674,21,0.0,0.0,0.0,0.0,0.0,0.0,
23642,36670,11674,22,0.0,0.0,0.0,0.0,0.0,0.0,
23643,36671,17653,-1,0.0,0.0,0.0,0.0,1.57079994678,0.0,
23644,36672,17654,-1,0.0,-2.0,0.0,-0.349065989256,0.0,0.698131978512,
23645,36674,17654,-1,0.0,0.0,0.0,-0.174532994628,0.0,-0.349065989256,
23646,36675,17654,-1,0.0,0.0,0.0,0.0,0.0,0.0,
23647,36676,17654,-1,0.0,0.0,0.0,0.174532994628,0.0,0.349065989256,
23648,36677,17654,-1,0.0,2.0,0.0,0.349065989256,0.0,-0.698131978512,
23649,36679,17700,34,0.0,0.0,0.0,0.0,0.0,0.0,
23651,36682,357,21,0.0,0.0,0.0,0.0,0.0,0.0,
23654,36686,5231,19,2.0,0.0,4.0,0.0,0.0,0.0,
23655,36687,15614,22,0.0,0.0,0.0,0.0,0.0,0.0,
23656,36688,7155,-1,1.0,0.0,0.0,0.0,0.0,0.0,
23657,36689,15456,21,0.0,0.0,0.0,0.0,0.0,0.0,
23658,36192,5789,21,0.0,0.0,0.20000000298,0.0,0.0,0.0,
23661,36192,5789,21,0.0,0.0,0.40000000596,0.0,0.0,0.0,
23663,36192,5789,21,0.0,0.0,0.0,0.0,0.0,0.0,
23664,36691,17661,-1,2.5,-1.75,6.0,0.0,0.0,0.0,
23665,36692,17661,-1,2.5,1.75,6.0,0.0,0.0,0.0,
23666,36693,7527,-1,0.0,0.0,-3.54999995232,0.0,0.0,0.0,
23667,36695,13341,2,0.0,0.0,0.0,0.0,0.0,0.0,
23668,36695,13341,1,0.0,0.0,0.0,0.0,0.0,0.0,
23669,36695,13341,1,0.0,0.0,0.0,0.0,0.0,0.0,
23670,36695,13341,2,0.0,0.0,0.0,0.0,0.0,0.0,
23671,36685,17664,17,0.0,0.0,0.0,0.0,0.0,0.0,
23672,36685,17664,34,0.0,0.0,0.0,0.0,0.0,0.0,
23673,36685,17664,16,0.0,0.0,0.0,0.0,0.0,0.0,
23675,36679,17700,16,0.0,0.0,0.0,0.0,0.0,0.0,
23676,36679,17700,33,0.0,0.0,0.0,0.0,0.0,0.0,
23677,36679,17700,1,0.0,0.0,0.0,0.0,0.0,0.0,
23678,36679,17700,0,0.0,0.0,0.0,0.0,0.0,0.0,
23679,36679,17700,17,0.0,0.0,0.0,0.0,0.0,0.0,
23680,36701,7155,12,-0.10000000149,0.0,-0.40000000596,0.0,0.0,0.0,
23681,36702,4198,19,0.0,0.0,0.0,0.0,0.0,0.0,
23682,36706,17670,22,0.0,0.0,0.0,0.0,0.0,0.0,
23683,36706,17671,20,0.0,0.0,0.0,0.0,0.0,0.0,
23685,36707,10818,-1,0.0,0.0,0.0,0.0,0.0,0.0,
23686,36710,17672,34,0.0,0.0,0.0,0.0,0.0,0.0,
23687,36711,17672,18,0.0,0.0,-2.0,0.0,0.0,0.0,
23688,36713,6628,34,0.0,0.0,0.0,0.0,0.0,0.0,
23689,36713,10750,20,0.0,0.0,0.0,0.0,0.0,0.0,
23691,36715,16874,-1,0.0,0.0,0.0,0.0,0.0,0.0,
23692,36719,11047,20,0.0,0.0,0.0,0.0,0.0,0.0,
23693,36719,10152,34,0.0,0.0,0.0,0.0,0.0,0.0,
23694,36719,6067,34,0.0,0.0,0.0,0.0,0.0,0.0,
23695,36719,10152,21,0.0,0.0,0.0,0.0,0.0,0.0,
23696,36719,10152,22,0.0,0.0,0.0,0.0,0.0,0.0,
23697,36719,621,16,0.0,0.0,0.0,0.0,0.0,0.0,
23698,36720,9551,20,0.0,0.0,0.0,0.0,0.0,0.0,
23699,36720,9551,34,0.0,0.0,0.0,0.0,0.0,0.0,
23700,36720,9551,34,0.0,0.0,0.0,0.0,0.0,0.0,
23701,36720,9551,21,0.0,0.0,0.0,0.0,0.0,0.0,
23702,36720,9551,22,0.0,0.0,0.0,0.0,0.0,0.0,
23703,36720,9551,16,0.0,0.0,0.0,0.0,0.0,0.0,
23704,36719,10152,21,0.0,0.0,0.0,0.0,0.0,0.0,
23705,36719,6067,20,0.0,0.0,0.0,0.0,0.0,0.0,
23706,36721,16586,20,0.0,0.0,0.0,0.0,0.0,0.0,
23707,36721,16586,34,0.0,0.0,0.0,0.0,0.0,0.0,
23708,36721,16586,34,0.0,0.0,0.0,0.0,0.0,0.0,
23709,36721,16586,21,0.0,0.0,0.0,0.0,0.0,0.0,
23710,36721,16586,22,0.0,0.0,0.0,0.0,0.0,0.0,
23711,36721,16586,16,0.0,0.0,0.0,0.0,0.0,0.0,
23712,36722,8637,21,0.0,0.0,0.0,0.0,0.0,0.0,
23713,36722,8637,22,0.0,0.0,0.0,0.0,0.0,0.0,
23714,36723,288,21,0.0,0.0,0.0,0.0,0.0,0.0,
23715,36723,17676,19,0.0,0.0,0.0,0.0,0.0,0.0,
23716,36728,6775,-1,0.0,0.0,0.0,0.0,0.0,0.0,
23717,36733,12041,-1,0.0,0.0,0.0,0.0,0.0,0.0,
23718,36734,17681,19,0.0,0.0,0.0,4.18878984451,0.0,0.0,
23719,36734,17680,19,0.0,0.0,0.0,2.09438991547,0.0,0.0,
23720,36734,13658,19,0.0,0.0,0.0,0.0,0.0,0.0,
23721,36736,12135,18,0.0,0.0,-1.5,0.0,0.0,0.0,
23722,36741,17833,20,0.0,0.550000011921,-0.5,0.0,0.0,0.0,
23723,36740,17685,20,0.0,0.550000011921,0.40000000596,0.0,0.0,0.0,
23724,36742,17685,20,0.0,-0.550000011921,0.40000000596,0.0,0.0,0.0,
23725,36743,17833,20,0.0,-0.550000011921,-0.5,0.0,0.0,0.0,
23726,36744,17685,20,-0.20000000298,1.0,0.15000000596,0.0,0.0,0.0,
23727,36745,17833,20,-0.20000000298,1.0,-0.75,0.0,0.0,0.0,
23728,36746,17685,20,-0.20000000298,-1.0,0.15000000596,0.0,0.0,0.0,
23729,36747,17833,20,-0.20000000298,-1.0,-0.75,0.0,0.0,0.0,
23730,36748,17685,20,0.15000000596,0.0,0.5,0.0,0.0,0.0,
23731,36749,17833,20,0.15000000596,0.0,-0.40000000596,0.0,0.0,0.0,
23732,36751,287,36,0.40000000596,0.0,0.0,0.0,0.0,0.0,
23733,36752,632,36,0.40000000596,0.0,0.0,0.0,0.0,0.0,
23734,36303,13350,34,-0.15000000596,-0.15000000596,-0.20000000298,0.0,-1.57079994678,0.0,
23735,36303,13350,34,-0.15000000596,-0.20000000298,0.20000000298,0.0,-1.57079994678,0.0,
23736,36303,13350,34,-0.15000000596,0.15000000596,0.40000000596,0.0,-1.57079994678,0.0,
23737,36303,13350,34,-0.15000000596,0.20000000298,0.0,0.0,-1.57079994678,0.0,
23738,36759,13350,34,-0.15000000596,-0.15000000596,-0.20000000298,0.0,-1.57079994678,0.0,
23739,36759,13350,34,-0.15000000596,-0.20000000298,0.20000000298,0.0,-1.57079994678,0.0,
23740,36759,13350,34,-0.15000000596,0.20000000298,0.0,0.0,-1.57079994678,0.0,
23741,36760,13350,34,-0.15000000596,-0.20000000298,0.20000000298,0.0,-1.57079994678,0.0,
23742,36760,13350,34,-0.15000000596,0.20000000298,0.0,0.0,-1.57079994678,0.0,
23743,36761,13350,34,-0.15000000596,0.20000000298,0.0,0.0,-1.57079994678,0.0,
23745,36763,11313,19,0.0,0.0,0.0,0.0,0.0,0.0,
23746,36765,7444,19,0.0,0.0,0.0,0.0,0.0,0.0,
23748,35963,13105,19,0.0,0.0,0.0,0.0,0.0,0.0,
23749,35963,7026,19,0.0,0.0,0.0,0.0,0.0,0.0,
23750,36715,17687,-1,10.0,0.0,5.0,0.0,0.0,0.0,
23751,36715,12249,-1,4.0,0.0,5.0,0.0,0.0,0.0,
23753,36769,16352,19,0.0,0.0,0.0,0.0,0.0,0.0,
23755,36771,6766,20,0.5,0.0,-0.899999976158,0.0,1.57079994678,0.0,
23756,36770,5628,17,0.0,0.0,0.20000000298,0.0,0.0,0.0,
23757,36776,2402,19,0.0,0.0,0.0,0.0,0.0,0.0,
23758,36776,17690,19,0.0,0.0,1.0,0.0,0.0,0.0,
23760,36779,17691,19,0.0,0.0,-19.0,0.0,0.0,0.0,
23761,36780,17703,-1,7.5,0.0,0.0,0.0,0.0,0.0,
23762,36779,17691,19,0.0,50.0,-19.0,0.0,0.0,0.0,
23763,36779,17691,19,-25.0,25.0,-19.0,0.0,0.0,0.0,
23764,36779,17691,19,-25.0,-45.0,-19.0,0.0,0.0,0.0,
23765,36779,17691,19,-70.0,-45.0,-19.0,0.0,0.0,0.0,
23766,36779,17691,19,0.0,-45.0,-19.0,0.0,0.0,0.0,
23781,36786,16629,-1,0.0,0.0,0.0,0.0,0.0,0.0,
23782,36786,17020,-1,0.0,0.0,0.0,0.0,0.0,0.0,
23783,36786,17020,-1,1.0,0.0,0.0,0.698131978512,0.0,0.0,
23784,36786,17020,-1,2.0,0.0,0.0,0.698131978512,0.0,0.0,
23785,36786,17020,-1,3.0,0.0,0.0,0.698131978512,0.0,0.0,
23789,36792,13214,-1,0.0,0.0,0.0,0.0,-0.959931015968,0.0,
23790,36794,10896,34,0.0,0.0,0.0,0.0,0.0,0.0,
23791,36796,12545,-1,0.0,0.0,1.0,0.0,0.0,0.0,
23792,36632,17696,19,0.0,0.0,0.5,1.04719996452,0.0,0.0,
23793,36632,17696,19,0.0,0.0,1.20000004768,1.57079994678,0.0,0.0,
23803,35573,13408,-1,0.0,0.0,0.20000000298,0.0,0.0,0.0,
23804,35573,5897,-1,0.0,0.0,-1.0,0.0,-1.57079994678,0.0,
23805,35573,17807,-1,0.0,0.0,0.0,0.0,0.0,0.0,
23806,36811,4403,34,0.0,0.0,-1.0,0.0,0.0,0.0,
23807,36816,4009,34,0.0,0.0,0.0,0.0,0.0,0.0,
23809,36821,13866,19,0.0,0.0,0.0,0.0,0.0,0.0,
23810,36825,17165,-1,0.0,0.0,0.0,0.0,0.0,0.0,
23811,36826,9103,-1,0.0,0.0,0.0,0.0,0.0,0.0,
23813,36826,12885,-1,0.0,0.0,0.0,0.0,0.0,0.0,
23814,36831,12123,19,0.0,0.0,0.0,0.0,0.0,0.0,
23815,36827,17711,19,0.0,0.0,0.0,0.0,0.0,0.0,
23816,36827,17710,19,0.0,0.0,0.0,0.0,0.0,0.0,
23817,36833,17711,19,0.0,0.0,0.0,0.0,0.0,0.0,
23818,36838,17713,19,0.0,0.0,0.5,0.0,3.14159011841,0.0,
23819,34711,17714,-1,0.0,0.0,0.10000000149,0.0,0.0,0.0,
23820,36845,8832,19,0.0,0.0,0.0,0.0,0.0,0.0,
23827,36856,16404,11,-0.00999999977648,0.0,0.0599999986589,0.0,0.0,0.0,
23828,36857,17982,11,0.0,0.0,0.00999999977648,0.0,-0.349065989256,0.0,
23829,36858,10524,11,0.0,0.0,0.0,0.0,0.0,0.0,
23830,36859,8969,17,-0.10000000149,0.0,0.0,1.57079994678,0.0,0.0,
23831,36860,13270,17,-0.25,0.0,0.20000000298,0.0,-0.261799007654,0.0,
23832,36853,8907,2,0.0,0.0,0.0,0.0,0.0,0.0,
23834,36863,12760,21,0.0,0.0,0.0,0.0,0.0,0.0,
23835,36863,12760,22,0.0,0.0,0.0,0.0,0.0,0.0,
23837,36865,14871,-1,0.0,0.0,0.0,0.0,0.0,0.0,
23839,35981,14871,-1,0.0,0.0,0.0,0.0,0.0,0.0,
23840,36867,4610,47,0.0,0.0,0.0,0.0,0.0,0.0,
23841,36867,4610,48,0.0,0.0,0.0,0.0,0.0,0.0,
23842,36869,17724,19,2.0,0.0,2.0,0.0,1.39626002312,0.0,
23843,36868,4610,47,0.0,0.0,0.0,0.0,0.0,0.0,
23844,36868,4610,48,0.0,0.0,0.0,0.0,0.0,0.0,
23845,36870,12922,34,0.0,0.0,0.0,0.0,0.0,0.0,
23849,36876,9269,19,0.0,0.0,0.0,0.0,0.0,0.0,
23852,36888,17727,19,0.0,0.0,-0.5,0.0,0.0,0.0,
23853,36890,11437,17,-0.0500000007451,0.0,0.25,0.0,0.0,0.0,
23854,36891,11438,17,-0.0500000007451,0.0,0.25,0.0,0.0,0.0,
23855,36892,11442,17,-0.0500000007451,0.0,0.25,0.0,0.0,0.0,
23856,36893,11439,17,-0.0500000007451,0.0,0.25,0.0,0.0,0.0,
23857,36894,11440,17,-0.0500000007451,0.0,0.25,0.0,0.0,0.0,
23858,36903,17185,19,0.0,0.0,0.0,0.0,0.0,0.0,
23860,36909,5220,19,0.0,0.0,0.0,0.0,0.0,0.0,
23861,36914,9217,-1,0.0,0.0,4.0,0.0,0.0,0.0,
23862,36915,17731,-1,0.0,0.0,0.0,0.0,0.0,0.0,
23863,36922,8589,-1,0.0,0.0,0.5,0.0,1.57079994678,0.0,
23864,36929,17730,19,0.0,0.0,0.0,0.0,0.0,0.0,
23865,36937,7718,12,-0.0500000007451,-0.25,-0.25,1.57079994678,0.0,0.0,
23866,36937,7767,12,0.0500000007451,0.0,-0.20000000298,1.57079994678,0.0,1.57079994678,
23867,36937,7719,12,-0.00999999977648,0.230000004172,-0.330000013113,-0.261799007654,-0.837758004665,0.0,
23868,36937,7719,12,-0.00999999977648,0.25,-0.129999995232,0.0,-0.785398006439,0.0,
23869,36937,7721,12,-0.070000000298,0.0,0.0799999982119,1.57079994678,0.0,0.0,
23870,36937,7718,32,0.0,0.0,-0.0500000007451,-1.57079994678,0.0,0.0,
23871,36947,10341,16,0.0,0.0,0.0,0.0,0.0,0.0,
23872,35795,7408,19,0.0,0.0,0.0,0.0,0.0,0.0,
23873,36948,17745,19,1.14999997616,0.0,1.5,0.0,0.0,0.0,
23875,35748,16782,-1,0.0,0.0,0.0,0.0,0.0,0.0,
23876,35748,17862,-1,0.0,0.0,-3.0,0.0,0.0,0.0,
23877,35748,15738,-1,0.0,0.0,3.0,0.0,0.0,0.0,
23878,36947,715,19,0.0,0.0,0.0,0.0,0.0,0.0,
23879,35743,6856,-1,0.0,2.0,1.0,0.0,0.0,-1.57079994678,
23880,35743,17185,-1,0.0,0.0,-1.0,0.0,0.0,0.0,
23881,36953,9579,-1,0.0,0.0,0.0,0.0,0.0,0.0,
23882,35257,17443,19,-1.0,1.0,1.0,0.0,0.0,0.0,
23883,35257,17443,19,1.0,-1.0,1.0,0.0,0.0,0.0,
23884,35257,17443,19,1.0,0.0,1.0,0.0,0.0,0.0,
23885,35257,17443,19,0.0,1.0,1.0,0.0,0.0,0.0,
23886,35257,17443,19,-1.0,0.0,1.0,0.0,0.0,0.0,
23887,35257,17443,19,0.0,-1.0,1.0,0.0,0.0,0.0,
23888,36957,13113,19,0.0,0.0,0.0,0.0,0.0,0.0,
23889,36957,14086,19,0.0,0.0,0.0,0.0,0.0,0.0,
23890,36957,13534,19,0.0,0.0,0.0,0.0,0.0,0.0,
23891,36964,16064,19,0.0,0.0,0.0,0.0,0.0,0.0,
23894,36973,14525,19,0.0,0.0,2.0,0.0,0.0,0.0,
23895,36973,16526,19,0.0,0.0,1.0,0.0,0.0,0.0,
23903,36989,3636,-1,0.0,0.0,0.0,0.0,0.0,0.0,
23904,36989,3636,-1,0.0,0.0,0.0,0.0,0.0,0.0,
23905,36989,3636,-1,0.0,0.0,0.0,0.0,0.0,0.0,
23908,36993,17753,-1,0.0,0.0,0.0,0.0,0.0,0.0,
23910,36994,17757,19,1.20000004768,0.0,1.0,0.0,0.0,0.0,
23911,36986,17754,1,0.0,0.0,0.0,0.0,0.0,0.0,
23912,36999,17759,-1,0.0,0.0,0.0,0.0,0.0,0.0,
23914,37006,16570,19,1.0,0.0,0.0,0.0,0.0,0.0,
23915,37009,17761,20,0.0,0.0,0.300000011921,0.0,0.0,0.0,
23916,37010,17763,19,0.0,0.0,1.0,0.0,0.0,0.0,
23917,37009,17761,20,0.0,0.20000000298,0.20000000298,0.0,0.0,0.0,
23918,37009,17761,20,0.0,-0.20000000298,0.20000000298,0.0,0.0,0.0,
23919,37009,17761,20,0.0,-0.40000000596,0.10000000149,0.0,0.0,0.0,
23920,37009,17761,20,0.0,0.40000000596,0.10000000149,0.0,0.0,0.0,
23921,37011,16206,34,-0.10000000149,-0.600000023842,0.15000000596,2.09438991547,0.0,1.57079994678,
23922,37011,9918,34,-0.20000000298,0.0,0.15000000596,0.0,0.0,0.0,
23927,37015,17768,19,0.0,0.0,0.0,0.0,0.0,0.0,
23928,34441,8665,-1,0.0,0.0,0.20000000298,0.0,0.0,0.0,
23933,35967,17774,17,0.0,0.0,0.0,0.0,0.0,0.0,
23934,37023,17775,19,0.0,0.0,0.0,0.0,0.0,0.0,
23935,37024,17775,19,0.0,0.0,0.0,0.0,0.0,0.0,
23936,37029,7966,-1,0.0,0.0,0.0,0.0,0.0,0.0,
23938,37028,16126,-1,12.5,0.0,0.0,0.0,0.0,0.0,
23940,37031,16756,19,0.0,0.0,1.0,0.0,0.0,0.0,
23941,37035,15414,17,0.0,0.0,0.0,0.0,0.0,0.0,
23943,35732,9386,-1,0.0,0.0,-0.5,0.0,0.0,0.0,
23944,37036,9362,-1,0.0,0.0,1.0,0.0,0.0,0.0,
23945,37038,18000,11,-0.0500000007451,0.0,-0.300000011921,-1.57079994678,0.0,0.0,
23947,37039,5628,11,0.0,0.0,0.0,0.0,0.0,0.0,
23948,37042,8862,-1,0.0,0.0,0.0,0.0,0.0,0.0,
23949,37043,8862,-1,0.0,0.0,0.0,0.0,0.0,0.0,
23952,37058,6495,20,0.0,0.0,0.0,0.0,0.0,0.0,
23953,37060,7143,20,0.0,0.0,0.0,0.0,0.0,0.0,
23954,37062,8289,-1,0.0,0.0,0.0,0.0,0.0,0.0,
23955,37066,13167,19,0.0,0.0,0.0,0.0,0.0,0.0,
23956,37067,17797,53,0.20000000298,0.0,0.0,0.0,0.0,0.0,
23958,37069,7931,15,0.0,-0.0500000007451,0.0,0.0,0.0,0.0,
23961,37070,12811,-1,0.0,0.0,2.0,0.785398006439,0.0,0.0,
23962,37070,12811,-1,0.0,0.0,4.0,2.3561899662,0.0,0.0,
23963,37070,11542,21,0.0,0.0,0.0,0.0,0.0,0.0,
23964,37070,11542,22,0.0,0.0,0.0,0.0,0.0,0.0,
23965,37071,15904,-1,0.0,0.0,-2.5,0.0,0.0,0.0,
23967,34390,17623,-1,0.0,-3.0,0.0,0.0,0.0,0.0,
23968,34390,12377,-1,0.0,0.0,0.0,0.0,0.0,0.0,
23969,34390,12377,-1,0.0,4.0,0.0,0.0,0.0,0.0,
23970,34390,12377,-1,0.0,-4.0,0.0,0.0,0.0,0.0,
23971,37072,15883,-1,0.0,0.0,1.0,0.0,0.0,0.0,
23972,37072,11544,34,0.0,0.0,0.0,0.0,0.0,0.0,
23975,37076,8257,17,-0.0799999982119,0.0,0.419999986887,0.0,0.0,0.0,
23976,37078,8418,34,0.0,0.0,-0.699999988079,0.0,0.0,0.0,
23977,37079,17802,34,-0.800000011921,1.0,-0.800000011921,0.0,0.0,1.57079994678,
23980,37070,12811,-1,0.0,0.0,6.0,0.174532994628,0.0,0.0,
23981,34390,17623,-1,0.0,3.0,0.0,0.0,0.0,0.0,
23982,34390,17623,-1,0.0,0.0,0.0,0.0,0.0,0.0,
23983,37079,17802,34,-0.800000011921,-1.0,-0.800000011921,0.0,0.0,1.57079994678,
23984,37071,15667,-1,0.0,5.0,0.0,0.0,0.0,0.0,
23985,37071,15667,-1,0.0,-5.0,0.0,0.0,0.0,0.0,
23986,37084,14124,-1,0.0,0.0,0.0,0.0,0.0,0.0,
23988,36139,16794,34,0.0,0.0,-4.0,0.0,0.0,0.0,
23989,34836,17804,19,0.0,0.0,0.0,0.0,0.0,0.0,
23993,36788,17807,-1,0.0,0.0,0.0,0.0,0.0,0.0,
23996,37100,2991,-1,0.0,0.0,1.0,0.0,0.0,0.0,
23997,37101,6810,-1,0.0,0.0,1.0,0.0,0.0,0.0,
23998,9159,1985,19,0.0,0.0,1.0,0.0,0.0,0.0,
23999,36182,15619,-1,0.0,0.0,0.0,0.0,0.0,0.0,
24000,35792,13836,34,0.0,0.0,0.0,0.0,0.0,0.0,
24001,35792,124,34,0.0,0.0,0.0,0.0,0.0,0.0,
24002,37108,17814,2,0.0,0.0,0.0,0.0,0.0,0.0,
24003,37108,17814,48,0.0,0.0,0.0,0.0,0.0,0.0,
24004,37108,17814,1,0.0,0.0,0.0,0.0,0.0,0.0,
24005,37108,17814,47,0.0,0.0,0.0,0.0,0.0,0.0,
24006,37109,17639,34,0.0,0.0,0.0,0.0,0.0,0.0,
24008,37108,17814,17,0.0,0.0,0.0,0.0,0.0,0.0,
24010,36122,15688,-1,0.0,0.0,0.0,0.0,0.0,0.0,
24011,36122,17816,-1,0.0,0.0,0.0,0.0,0.0,0.0,
24026,37134,17829,-1,-0.25,0.0,1.5,0.0,1.57079994678,0.0,
24028,37140,17832,-1,0.0,0.0,0.0,0.0,0.0,0.0,
24032,37145,6498,34,0.0,0.0,0.0,0.0,0.0,0.0,
24033,37147,5976,34,0.15000000596,0.0,0.25,0.0,0.0,0.0,
24037,37154,17844,-1,0.0,0.0,0.0,0.0,0.0,0.0,
24038,37154,17843,-1,0.0,0.0,0.0,0.0,0.0,0.0,
24039,37156,8935,19,0.0,0.0,0.0,0.0,0.0,0.0,
24040,35974,17839,19,0.0,0.0,0.0,0.0,0.0,0.0,
24041,37157,17846,-1,0.800000011921,0.0,0.0,0.0,0.0,0.0,
24042,37157,17845,1,0.10000000149,0.0500000007451,0.0,3.14159011841,1.57079994678,0.0,
24043,35706,16728,19,0.0,0.0,0.0,0.0,0.0,0.0,
24044,37160,12836,-1,0.0,0.0,0.0,0.0,0.0,0.0,
24046,37164,17112,19,0.0,0.0,0.0,0.0,0.0,0.0,
24047,37164,17848,19,-3.0,0.0,11.0,0.0,1.22172999382,0.0,
24048,37164,15132,19,1.0,0.0,0.0,0.0,0.0,0.0,
24050,37164,15745,19,1.0,0.0,0.0,0.0,0.0,0.0,
24051,35336,17054,19,1.0,0.0,0.0,0.0,0.0,0.0,
24052,37165,17852,19,0.0,0.0,0.0,0.0,0.0,0.0,
24053,37166,17851,19,-1.0,0.0,8.0,0.0,0.0,0.0,
24055,35460,17947,-1,0.0,0.0,1.0,0.0,0.0,0.0,
24057,36004,17857,-1,0.0,0.0,0.0,0.0,0.0,0.0,
24058,37174,15745,-1,0.0,0.0,0.0,0.0,0.0,0.0,
24059,37174,10272,-1,0.0,0.0,0.0,0.0,0.0,0.0,
24061,37175,10877,20,0.0,0.0,0.0,0.0,0.0,0.0,
24062,37179,17856,19,0.0,0.0,0.0,0.0,0.0,0.0,
24063,37180,17839,38,0.0,0.0,0.0,0.0,1.57079994678,0.0,
24064,37181,7204,19,-2.0,0.0,-1.5,0.0,0.0,0.0,
24065,37182,17858,-1,0.0,0.0,-1.39999997616,0.0,0.0,0.0,
24069,37189,8169,12,0.0,0.0,0.0,0.0,0.0,0.0,
24078,35487,17864,22,0.0,0.0,0.0,0.0,0.0,0.0,
24079,35487,17864,21,0.0,0.0,0.0,0.0,0.0,0.0,
24080,37204,17612,19,0.0,0.0,0.0,0.0,0.0,0.0,
24084,35426,345,19,0.0,0.0,0.0,0.0,0.0,0.0,
24085,35426,5541,19,0.0,0.0,0.0,0.0,0.0,0.0,
24086,35426,4634,19,0.0,0.0,0.0,0.0,0.0,0.0,
24087,37206,17612,19,0.0,0.0,0.0,0.0,0.0,0.0,
24088,37207,17612,19,0.0,0.0,0.0,0.0,0.0,0.0,
24089,37208,17612,19,0.0,0.0,0.0,0.0,0.0,0.0,
24095,35950,17872,19,0.0,0.0,0.0,0.0,0.0,0.0,
24096,35950,17873,19,0.0,0.0,0.0,0.0,0.0,0.0,
24097,35950,17870,19,0.0,0.0,0.0,0.0,0.0,0.0,
24102,37229,17839,19,0.0,0.0,0.0,0.0,0.0,0.0,
24105,37233,9715,1,0.0,0.0,-0.20000000298,0.0,0.0,0.0,
24106,37235,17528,-1,0.0,0.0,1.0,0.0,0.0,0.0,
24107,37236,11116,-1,0.0,0.0,1.0,0.0,0.0,0.0,
24108,37237,17127,-1,0.0,0.0,2.0,0.0,0.0,0.0,
24109,37241,6230,-1,0.0,0.0,0.0,0.0,0.0,0.0,
24112,37242,420,-1,0.0,0.0,0.0,0.0,0.0,0.0,
24114,37245,17891,22,-0.10000000149,-0.10000000149,0.0,0.0,1.57079994678,0.0,
24115,23936,17890,-1,0.0,0.0,-0.40000000596,0.0,0.0,0.0,
24116,35806,11708,-1,0.0,3.0,5.0,0.0,0.0,0.0,
24117,37247,17892,19,0.0,-0.0599999986589,0.20000000298,0.0,0.0872659981251,-0.663224995136,
24118,35806,11708,-1,0.0,-3.0,5.0,0.0,0.0,0.0,
24119,35822,13038,34,0.0,0.0,0.0,0.0,0.0,0.0,
24120,37248,7257,19,0.0,0.0,0.75,0.0,0.0,0.0,
24121,37250,17873,19,0.0,0.0,0.0,0.0,0.0,0.0,
24122,37250,18051,19,0.0,0.0,0.0,0.0,0.0,0.0,
24123,37251,17518,-1,0.0,0.0,0.0,0.0,0.0,0.0,
24124,37252,16785,-1,0.0,0.0,0.0,0.0,0.0,0.0,
24125,37253,12922,34,0.0,0.0,0.0,0.0,0.0,0.0,
24126,37254,17200,19,0.0,0.0,0.0,0.0,0.0,0.0,
24127,37255,16586,-1,0.0,0.0,0.0,0.0,0.0,0.0,
24128,37256,17894,38,0.0,0.0,0.0,0.0,0.0,0.0,
24132,37267,17902,-1,0.0,0.0,0.0,0.0,2.00712990761,0.0,
24133,37267,10638,-1,0.0,0.0,0.0,0.0,0.0,0.0,
24134,37268,10737,19,0.0,0.0,-1.0,0.0,0.0,0.0,
24135,37268,10737,19,0.0,0.0,-3.0,0.0,0.0,0.0,
24136,37268,10737,19,0.0,0.0,-5.0,0.0,0.0,0.0,
24137,37269,17905,12,0.0500000007451,0.0,0.0500000007451,0.0,0.0,0.0,
24138,37270,17906,34,0.0,0.0,0.0,0.0,0.0,0.0,
24139,37272,9243,19,0.0,0.0,0.0,0.0,0.0,0.0,
24140,37272,9243,19,0.0,0.0,0.0,0.0,0.0,0.0,
24141,37272,9243,19,0.0,0.0,0.0,0.0,0.0,0.0,
24142,37272,9243,19,0.0,0.0,0.0,0.0,0.0,0.0,
24151,37274,15264,19,0.0,0.0,0.0,0.0,0.0,0.0,
24152,37274,15264,19,0.0,0.0,0.0,0.698131978512,0.0,0.0,
24153,37274,15264,19,0.0,0.0,0.0,1.57079994678,0.0,0.0,
24156,37247,17892,19,0.0,0.0599999986589,0.20000000298,0.0,0.0872659981251,0.663224995136,
24157,37275,5623,19,0.0,0.0,0.0,0.0,0.0,0.0,
24158,37276,11502,19,0.0,0.0,0.25,0.0,0.0,0.0,
24159,37277,6582,19,0.0,0.0,0.0,0.0,0.0,0.0,
24161,37277,12478,19,0.0,0.0,0.0,1.04719996452,0.0,0.0,
24164,37282,17262,20,0.0,0.0,0.0,0.0,0.0,0.0,
24165,37283,17706,34,0.0,0.0,0.0,0.0,0.0,0.0,
24166,34541,18026,19,0.0,0.0,0.0,0.0,0.0,0.0,
24167,37275,17918,19,0.0,0.0,0.0,0.0,0.0,0.0,
24169,37288,11582,19,0.0,0.0,0.0,0.0,0.0,0.0,
24170,37288,11582,19,0.0,0.0,0.0,0.698131978512,0.0,0.0,
24171,37288,11582,19,0.0,0.0,0.0,1.57079994678,0.0,0.0,
24172,37289,9824,19,0.0,0.0,0.0,0.0,0.0,0.0,
24173,37289,17921,19,0.0,0.0,0.0,0.0,0.0,0.0,
24175,37290,18023,19,0.0,0.0,0.0,0.0,0.0,0.0,
24176,37290,18022,19,0.0,0.0,0.0,1.04719996452,0.0,0.0,
24177,37287,15118,16,0.0,0.0,0.0,0.0,0.0,0.0,
24178,37291,5628,17,-0.0500000007451,0.0,0.300000011921,0.0,0.174532994628,0.0,
24179,37292,7026,19,0.0,0.0,0.0,0.0,0.0,0.0,
24180,37292,7026,19,0.0,0.0,0.0,0.698131978512,0.0,0.0,
24181,37292,7026,19,0.0,0.0,0.0,1.57079994678,0.0,0.0,
24183,37293,17493,19,0.0,0.0,0.0,0.0,0.0,0.0,
24184,37293,12223,19,0.0,0.0,0.0,0.0,0.0,0.0,
24186,37295,17925,19,0.0,0.0,0.0,0.0,0.0,0.0,
24187,37295,17925,19,0.0,0.0,0.0,1.04719996452,0.0,0.0,
24188,37296,14419,19,0.0,0.0,-0.5,0.0,0.0,0.0,
24189,37297,17927,-1,0.0,0.0,0.0,0.0,0.0,0.0,
24191,37300,14305,22,-0.15000000596,-0.10000000149,0.0,0.0,1.57079994678,0.0,
24192,37300,11464,19,0.0,0.0,0.0,0.0,0.0,0.0,
24194,37301,14305,22,-0.15000000596,-0.10000000149,0.0,0.0,1.57079994678,0.0,
24195,37301,9974,17,0.0,0.0,0.0,0.0,0.0,0.0,
24198,37287,17923,12,0.300000011921,-0.10000000149,0.10000000149,1.57079994678,-0.785398006439,0.0,
24200,37304,7835,19,0.0,0.0,0.0,0.0,0.0,0.0,
24201,37304,7835,19,0.0,0.0,0.0,0.785398006439,0.0,0.0,
24202,37304,7835,19,0.0,0.0,0.0,1.57079994678,0.0,0.0,
24203,37305,17928,20,0.0,0.0,0.0,0.0,0.0,0.0,
24206,37307,14305,22,-0.15000000596,-0.10000000149,0.0,0.0,1.57079994678,0.0,
24207,37307,10010,17,0.0,0.0,0.0,0.0,0.0,0.0,
24213,37317,17934,19,0.0,0.0,0.0,0.0,0.0,0.0,
24218,37322,7442,-1,0.0,0.0,0.0,0.0,0.0,0.0,
24219,37322,6243,-1,0.0,0.0,0.0,0.0,0.0,0.0,
24220,37322,10382,-1,0.0,0.0,0.0,0.0,0.0,0.0,
24221,37322,292,-1,0.0,0.0,0.0,0.0,0.0,0.0,
24222,37322,2542,-1,0.0,0.0,0.0,0.0,0.0,0.0,
24223,37322,5152,-1,0.0,0.0,0.0,0.0,0.0,0.0,
24224,37322,6710,-1,0.0,0.0,0.0,0.0,0.0,0.0,
24225,37322,9322,-1,0.0,0.0,0.0,0.0,0.0,0.0,
24226,37322,8485,-1,0.0,0.0,0.0,0.0,0.0,0.0,
24227,37323,2542,-1,0.0,0.0,0.0,0.0,0.0,0.0,
24228,37323,1624,-1,0.0,0.0,0.0,0.0,0.0,0.0,
24229,37323,5721,-1,0.0,0.0,0.0,0.0,0.0,0.0,
24230,37323,627,-1,0.0,0.0,0.0,0.0,0.0,0.0,
24231,37323,448,-1,0.0,0.0,0.0,0.0,0.0,0.0,
24232,37323,2542,-1,0.0,0.0,0.0,0.0,0.0,0.0,
24233,37322,12781,-1,0.0,0.0,0.0,0.0,0.0,0.0,
24236,37326,14942,18,0.0,0.0,2.0,0.0,0.0,0.0,
24238,37327,10245,20,0.0,0.0,0.0,0.0,0.0,0.0,
24240,37327,10245,20,0.0,0.0,1.5,0.0,0.0,0.0,
24243,37287,17923,12,0.300000011921,0.10000000149,0.15000000596,1.57079994678,0.785398006439,0.0,
24244,37287,17923,6,0.0,0.0,0.0,3.14159011841,-0.785398006439,1.57079994678,
24245,37331,17937,34,0.0,0.0,0.0,0.0,0.0,0.0,
24246,37287,17923,12,0.0,0.0,-0.20000000298,1.57079994678,0.785398006439,0.0,
24247,37287,17923,34,0.0,0.15000000596,0.10000000149,1.57079994678,0.785398006439,0.0,
24248,37287,17923,34,-0.10000000149,-0.15000000596,-0.10000000149,-1.57079994678,0.785398006439,0.0,
24249,37332,17937,34,0.0,0.0,0.0,0.0,0.0,0.0,
24250,35740,15740,-1,0.0,0.0,0.0,0.0,0.0,0.0,
24251,35740,15739,-1,0.0,0.0,1.0,0.0,0.0,0.0,
24252,35740,15739,-1,0.0,0.0,2.0,0.0,0.0,0.0,
24253,35740,15739,-1,0.0,0.0,3.0,0.0,0.0,0.0,
24256,37337,17952,37,-0.129999995232,0.0,-0.0799999982119,0.0,-0.174532994628,0.0,
24259,35896,16061,-1,0.0,0.0,0.0,0.785398006439,0.0,0.0,
24260,35907,17949,34,0.0,0.0,0.0,0.0,3.14159011841,0.0,
24262,37343,17951,19,0.0,0.0,0.0,0.0,1.57079994678,0.0,
24263,37337,17940,37,-0.170000001788,0.0,-0.639999985695,0.0,0.0,0.0,
24264,37344,17954,15,0.0,1.0,1.0,0.0,-0.785398006439,0.523599028587,
24265,37344,17953,15,-0.25,-1.5,0.20000000298,1.57079994678,0.0,0.0,
24266,35140,16866,-1,0.0,0.0,-3.0,0.0,0.0,0.0,
24267,35143,16862,-1,0.0,0.0,-2.0,0.0,0.0,0.0,
24268,35144,16865,-1,0.0,0.0,-1.0,0.0,0.0,0.0,
24269,37322,8043,-1,0.0,0.0,0.0,0.0,0.0,0.0,
24270,37322,8042,-1,0.0,0.0,0.0,0.0,0.0,0.0,
24271,37322,1923,-1,0.0,0.0,0.0,0.0,0.0,0.0,
24272,37242,17884,-1,0.0,0.0,0.0,0.0,0.0,0.0,
24273,37349,7034,-1,0.0,0.0,0.0,0.0,0.0,0.0,
24274,37351,14232,19,0.0,0.0,0.0,0.0,0.0,0.0,
24276,36318,17085,-1,0.0,0.0,0.0,0.0,0.0,0.0,
24277,36318,17092,-1,0.0,0.0,0.0,0.0,0.0,0.0,
24279,37229,12961,19,0.0,0.0,0.0,0.0,0.0,0.0,
24280,37229,17054,19,0.0,0.0,0.0,0.0,0.0,0.0,
24281,37357,16887,38,-0.00999999977648,0.0,0.00999999977648,0.0,-0.0872659981251,0.0,
24282,37357,10153,38,-0.00999999977648,0.0,0.019999999553,0.0,0.0,0.0,
24283,37238,12021,17,0.20000000298,0.0,0.0,0.0,0.0,0.0,
24284,37239,12021,17,0.20000000298,0.0,0.0,0.0,0.0,0.0,
24285,37358,16515,17,0.0,0.0,0.0,0.0,0.0,0.0,
24286,37359,17644,17,0.0,0.0,0.0,0.174532994628,0.0,0.0,
24287,37360,15454,19,0.0,0.0,0.0,0.0,0.0,0.0,
24293,37174,17966,-1,0.0,0.0,0.0,0.0,0.0,0.0,
24295,37374,17971,34,0.0,0.0,0.0,0.0,0.0,0.0,
24296,37375,17354,-1,0.0,0.0,0.0,0.0,0.0,0.0,
24297,37377,17360,-1,0.0,0.0,0.0,0.0,0.0,0.0,
24298,37378,12208,-1,0.0,0.0,0.0,0.0,0.0,0.0,
24299,37378,13521,-1,0.0,0.0,0.0,0.0,0.0,0.0,
24300,37378,17973,-1,0.0,0.0,-18.6000003815,0.0,0.0,0.0,
24301,35472,17199,19,0.0,0.0,0.0,1.57079994678,0.0,0.0,
24306,37386,5587,34,0.0,0.0,-0.699999988079,0.0,0.0,0.0,
24307,36755,12249,19,0.0,0.0,2.0,0.0,0.0,0.0,
24309,36552,12772,-1,0.0,0.0,3.0,0.0,0.0,0.0,
24310,37389,3637,-1,0.0,0.0,0.0,0.0,0.0,0.0,
24311,37390,3637,-1,0.0,0.0,0.0,0.0,0.0,0.0,
24312,37397,11465,36,0.0,2.0,-0.5,0.0,0.0,0.0,
24313,37396,7013,36,0.0,2.0,-0.5,0.0,0.0,0.0,
24320,37402,3637,-1,0.0,0.0,0.0,0.0,0.0,0.0,
24323,34649,10718,-1,0.0,0.0,0.0,0.0,0.0,0.0,
24324,34649,17749,-1,0.0,0.0,0.0,0.0,0.0,0.0,
24327,35731,10138,-1,0.0,0.0,1.0,0.0,0.0,0.0,
24328,37413,11464,20,0.0,0.0,0.0,0.0,1.57079994678,0.0,
24329,34368,11466,34,0.0,0.0,0.0,0.0,0.0,0.0,
24330,37409,17754,22,0.0,0.0,0.0,0.0,0.0,0.0,
24332,35620,3158,-1,0.0,0.0,0.0,0.0,0.0,0.0,
24333,37414,3803,34,0.0,0.0,0.0,0.0,0.0,0.0,
24334,36182,17994,-1,0.0,0.0,0.0,0.0,0.0,0.0,
24336,37420,3478,53,-0.600000023842,0.0,0.0,0.0,0.0,0.0,
24337,36304,16921,-1,0.0,0.0,0.0,0.0,0.0,0.0,
24338,37421,16581,-1,0.0,0.0,0.0,0.0,0.0,0.0,
24339,37424,18002,-1,-3.0,0.0,5.0,0.0,0.0,0.0,
24340,35655,6003,19,0.0,0.0,-1.0,0.0,0.0,0.0,
24341,35151,16874,19,0.0,0.0,0.0,0.0,0.0,0.0,
24342,37427,18004,-1,0.0,0.0,0.0,0.0,0.0,0.0,
24343,37427,18004,-1,0.0,0.0,0.0,0.0,0.0,0.0,
24344,37427,18004,-1,0.0,0.0,0.0,0.0,0.0,0.0,
24345,37431,4237,47,0.0,0.0,0.0,0.0,0.0,0.0,
24346,37433,7242,-1,0.0,0.0,0.0,0.0,0.0,0.0,
24347,37433,16921,-1,0.0,0.0,0.0,0.0,0.0,0.0,
24348,36959,15731,34,0.0,0.0,0.0,0.0,0.0,0.0,
24351,37441,11543,-1,1.0,0.0,1.0,0.0,0.0,0.0,
24352,37441,11544,-1,1.0,0.0,1.0,0.0,0.0,0.0,
24353,37444,18011,-1,0.0,0.0,0.0,0.0,0.0,0.0,
24354,37431,13441,34,0.0,0.0,0.0,0.0,0.0,1.57079994678,
24355,37458,17824,0,0.0,0.0,0.0,0.0,0.0,0.0,
24359,37464,8507,-1,0.0,0.0,0.0,0.0,0.0,0.0,
24365,37479,18017,0,0.0,0.0,0.0,0.0,0.0,0.0,
24366,37479,18017,6,0.0,0.0,0.0,0.0,0.0,0.0,
24367,37479,18017,7,0.0,0.0,0.0,0.0,0.0,0.0,
24373,37482,18018,34,0.0,0.0,0.0,0.0,0.0,0.0,
24378,37490,12515,19,0.0,0.0,0.0,0.0,0.0,0.0,
24379,37491,12515,19,0.0,0.0,0.0,0.0,0.0,0.0,
24380,37491,18025,19,0.0,0.0,0.0,0.0,0.0,0.0,
24381,468,93,0,0.0,0.0,0.0,0.0,0.0,0.0,
24383,37494,15143,-1,0.0,0.0,0.0,0.0,0.0,0.0,
24384,37494,17054,-1,0.0,0.0,0.0,0.0,0.0,0.0,
24385,37495,287,22,-0.40000000596,0.0,0.0,0.0,0.0,0.0,
24386,37495,287,21,-0.40000000596,0.0,0.0,0.0,0.0,0.0,
24388,37500,16298,-1,0.0,0.0,0.0,0.0,0.0,0.0,
24389,37500,17054,-1,0.0,0.0,0.0,0.0,0.0,0.0,
24392,37505,4364,-1,0.0,0.0,0.0,0.0,0.0,0.0,
24393,37506,16807,19,0.0,0.0,0.0,0.0,0.0,0.0,
24394,34697,17464,22,0.0,0.0,0.0,0.0,0.0,0.0,
24405,37507,4095,-1,0.0,0.0,0.0,0.0,0.0,0.0,
24410,37521,18035,19,0.25,0.0,0.0,0.0,0.0,0.0,
24411,37521,5485,20,0.0,0.0,0.40000000596,0.0,0.0,0.0,
24414,37528,11595,-1,0.0,0.0,0.0,0.0,0.0,0.0,
24415,37528,11595,-1,0.0,0.0,0.0,0.0,0.0,0.0,
24416,37528,11595,-1,0.0,0.0,0.0,0.0,0.0,0.0,
24420,37534,5857,-1,0.0,0.0,0.0,0.0,0.0,0.0,
24421,37534,15095,-1,0.0,0.0,0.0,0.0,0.0,0.0,
24422,37535,5857,-1,0.0,0.0,0.0,0.0,0.0,0.0,
24423,37536,18043,-1,0.0,0.0,0.0,0.0,0.0,0.0,
24424,37292,18041,19,0.0,0.0,-2.0,0.0,0.0,0.0,
24429,37539,18044,-1,0.0,0.0,0.0,0.0,0.0,0.0,
24430,37540,18045,-1,0.0,0.0,0.0,0.0,0.0,0.0,
24431,37541,9238,-1,0.0,0.0,0.0,0.0,0.0,0.0,
24432,37542,18046,-1,0.0,0.0,0.0,1.57079994678,0.0,0.0,
24433,37544,9238,-1,0.0,0.0,0.0,0.0,0.0,0.0,
24434,37545,9238,-1,0.0,0.0,0.0,0.0,0.0,0.0,
24436,37547,17743,-1,0.0,0.0,0.0,0.785398006439,0.0,0.0,
24438,37548,12613,-1,0.0,0.0,0.0,0.0,0.0,0.0,
24440,37548,13137,-1,0.0,0.0,0.0,0.0,0.0,0.0,
24443,37553,18054,-1,0.0,0.0,0.5,0.0,0.0,0.0,
24446,36852,17109,38,-0.00999999977648,0.0,0.00999999977648,0.0,-0.0872659981251,0.0,
24447,37556,17848,38,-0.00999999977648,0.0,0.00999999977648,0.0,-0.0872659981251,0.0,
24448,37557,18053,-1,0.0,0.0,0.0,0.0,0.0,0.0,
24450,37555,6760,-1,0.0,0.0,0.0,0.0,0.0,0.0,
24451,37559,6177,-1,0.0,0.0,-4.0,0.0,-1.57079994678,0.0,
24452,37559,13408,-1,0.0,0.0,0.125,0.0,0.0,0.0,
24454,37561,16160,-1,0.0,0.0,0.0,0.0,0.0,0.0,
24455,37560,18057,-1,0.0,0.0,0.5,0.0,0.0,0.0,
24456,37562,18058,20,0.0,0.0,0.75,0.0,0.0,0.0,
24457,37562,18058,20,0.0,0.0,2.25,0.0,0.0,0.0,
24458,37565,12216,19,0.899999976158,0.0,1.20000004768,0.0,0.0,0.0,
24459,37565,11287,-1,0.0,0.0,0.0,0.0,0.0,0.0,
24460,37566,18060,19,-0.5,0.0,-5.0,0.0,0.0,0.0,
24466,37322,4487,-1,0.0,0.0,0.0,0.0,0.0,0.0,
24474,37578,18068,19,0.0,0.0,0.0,0.0,0.0,0.0,
24475,37579,18069,19,0.0,0.0,0.0,0.0,0.0,0.0,
24476,37580,10650,19,0.0,0.0,1.0,0.0,0.0,0.0,
24477,37581,18070,19,0.0,0.0,0.0,0.0,0.0,0.0,
24478,37580,18067,19,0.0,0.0,0.0,0.0,0.0,0.0,
24479,35381,18073,34,0.0,0.0,0.5,0.0,0.0,0.0,
24481,37582,18074,19,0.0,0.0,0.0,0.0,0.0,0.0,
24482,35381,18077,34,0.0,0.0,-2.70000004768,0.0,0.0,0.0,
24483,35545,17047,19,0.0,0.0,0.15000000596,0.61086499691,0.0,0.0,
24484,35545,17047,19,0.0,0.0,0.300000011921,1.22172999382,0.0,0.0,
24485,35684,10362,-1,0.0,0.0,0.0,0.0,0.0,0.0,
24486,37584,12263,-1,0.0,0.0,0.0,0.0,0.0,0.0,
24487,37585,7552,19,0.0,0.0,-0.25,0.0,0.0,0.0,
24488,35166,18067,19,0.0,0.0,0.0,0.0,0.0,0.0,
24489,35166,18074,19,0.0,0.0,0.5,0.0,0.0,0.0,
24490,37586,13252,19,0.0,0.0,0.0,0.0,0.0,0.0,
24491,35747,18113,-1,0.0,0.0,-0.75,0.0,0.0,-1.57079994678,
24495,35747,18047,-1,0.0,0.0,0.0,0.0,0.0,0.0,
24496,37547,18081,-1,0.0,0.0,0.0,0.0,0.0,0.0,
24505,35172,18085,-1,0.0,0.0,0.0,0.0,0.0,0.0,
24506,35172,18086,-1,0.0,0.0,0.0,0.0,0.0,0.0,
24507,35172,18086,-1,0.0,0.0,0.0,0.0,0.0,0.0,
24508,35172,18086,-1,0.0,0.0,0.0,0.0,0.0,0.0,
24509,35172,18086,-1,0.0,0.0,0.0,0.0,0.0,0.0,
24510,35172,18086,-1,0.0,0.0,0.0,0.0,0.0,0.0,
24512,35631,18085,-1,0.0,0.0,0.0,0.0,0.0,0.0,
24513,35631,18086,-1,0.0,0.0,0.0,0.0,0.0,0.0,
24514,35631,18086,-1,0.0,0.0,0.0,0.0,0.0,0.0,
24515,35631,18086,-1,0.0,0.0,0.0,0.0,0.0,0.0,
24516,35631,18086,-1,0.0,0.0,0.0,0.0,0.0,0.0,
24517,35631,18086,-1,0.0,0.0,0.0,0.0,0.0,0.0,
24528,37561,16205,-1,0.0,0.0,0.0,0.0,0.0,0.0,
24529,37561,18098,-1,0.0,0.0,0.300000011921,0.0,0.0,0.0,
24530,37560,18099,-1,0.0,0.0,0.5,0.0,0.0,0.0,
24531,37561,18100,-1,0.0,0.0,0.0,0.0,0.0,0.0,
24533,37561,18101,-1,0.0,0.0,0.0,0.0,0.0,0.0,
24534,36376,17485,19,0.0,0.0,0.0,1.04719996452,0.0,0.0,
24536,37331,4978,34,0.0,0.0,0.0,0.0,0.0,0.0,
24537,37629,10470,34,0.0,0.0,0.0,0.0,0.0,0.0,
24540,36246,18110,19,0.0,0.0,2.0,0.0,1.62316000462,0.0,
24541,36246,18109,19,0.0,0.0,2.0,0.0,1.62316000462,0.0,
24545,37652,10649,-1,0.0,0.0,1.0,0.0,0.0,0.0,
24546,37652,5520,-1,0.0,0.0,1.0,0.0,0.0,0.0,
24555,36810,18030,-1,0.0,0.0,-5.0,0.0,0.0,0.0,
24556,37547,17743,-1,0.0,0.0,0.0,1.57079994678,0.0,0.0,
24648,37821,18152,23,0.0,0.0,0.0,0.0,0.0,0.0,
24649,37821,18153,24,0.0,0.0,0.0,0.0,0.0,0.0,
24718,37304,8962,-1,0.0,0.0,0.0,0.0,0.0,0.0,
24781,35861,11359,19,0.0,0.0,-1.5,0.0,0.0,0.0,
25073,35447,17230,-1,0.0,0.0,0.0,0.0,0.0,0.0,
25077,36191,17500,19,0.0,0.0,0.0,0.0,0.0,0.0,
25081,36418,17945,-1,0.0,0.0,0.0,0.0,0.0,0.0,
25082,36418,8892,-1,0.0,0.0,0.0,0.0,0.0,0.0,
25083,36418,17351,-1,0.0,0.0,0.0,0.0,0.0,0.0,
25157,38329,17230,-1,0.0,0.0,0.0,0.0,0.0,0.0,
25158,38330,17500,19,0.0,0.0,0.0,0.0,0.0,0.0,
25584,37669,14437,19,0.0,0.0,1.0,0.0,0.0,0.0,
25811,39016,18642,19,-0.20000000298,0.0,-0.20000000298,4.71238994598,0.0,0.0,
26274,39424,18786,-1,0.0,0.0,0.0,0.0,0.0,0.0,
26376,39521,18832,-1,0.0,0.0,0.0,0.0,0.0,0.0,
26378,39522,18832,-1,0.0,0.0,0.0,0.0,0.0,0.0,
26455,39603,11691,22,0.0,0.0,0.0,0.0,0.0,0.0,
26784,39941,19000,23,0.0,0.0,0.0,0.0,0.0,0.0,
26817,39980,19011,11,0.0,0.0,0.0,0.0,0.0,0.0,
26818,39981,19011,11,-0.0599999986589,0.0,0.019999999553,0.0,0.0,0.0,
26819,39982,19012,11,-0.019999999553,0.0,0.0299999993294,0.0,0.0,0.0,
26820,39983,19015,11,0.019999999553,0.0,0.0299999993294,0.0,0.0,0.0,
26821,39984,19013,11,0.019999999553,0.0,0.0500000007451,0.0,0.0,0.0,
26822,39985,19020,11,0.0,0.0,-0.00999999977648,0.0,-0.261799007654,0.0,
26823,39986,19012,11,-0.0500000007451,0.0,0.0299999993294,0.0,0.0,0.0,
26824,39987,19015,11,-0.0500000007451,0.0,0.0399999991059,0.0,0.0,0.0,
26825,39988,19016,11,-0.019999999553,0.0,0.0,0.0,0.0,0.0,
26826,39989,19015,11,-0.0500000007451,0.0,0.0299999993294,0.0,0.0,0.0,
26827,39990,10978,11,-0.10000000149,0.0,0.0500000007451,0.0,0.261799007654,0.0,
26828,39991,19013,11,-0.019999999553,0.0,0.0299999993294,0.0,0.174532994628,0.0,
26829,39992,19013,11,0.0,0.0,0.0299999993294,0.0,0.174532994628,0.0,
26830,39993,19018,11,-0.0599999986589,0.0,0.0299999993294,0.0,0.0,0.0,
26831,39994,19013,11,-0.035000000149,0.0,0.035000000149,0.0,0.0,0.0,
26832,39995,19012,11,-0.10000000149,0.0,0.180000007153,0.0,0.0,0.0,
26833,39996,19011,11,-0.0399999991059,0.0,0.0,0.0,0.0,0.0,
26834,39997,19011,11,0.00999999977648,0.0,0.0299999993294,0.0,0.174532994628,0.0,
26835,39998,10978,11,-0.10000000149,0.0,0.070000000298,0.0,0.0872659981251,0.0,
26836,39999,19013,11,-0.10000000149,0.0,0.0500000007451,0.0,0.0872659981251,0.0,
26837,40000,19011,11,-0.0599999986589,0.0,0.0299999993294,0.0,0.0,0.0,
26838,40001,19019,11,0.0,0.0,0.0,0.0,0.0,0.0,
26839,40002,10978,11,0.0,0.0,0.0,0.0,0.0,0.0,
26840,40003,19013,11,0.0,0.0,0.0299999993294,0.0,0.0,0.0,
26853,40015,19013,11,-0.0799999982119,0.0,0.070000000298,0.0,-0.174532994628,0.0,
26854,40016,19013,11,-0.0799999982119,0.0,0.0500000007451,0.0,-0.174532994628,0.0,
27412,40549,19234,19,0.0,0.0,-4.0,0.0,0.0,0.0,
27414,40556,15066,19,0.0,0.0,-2.0,0.0,0.0,0.0,
174360,174361,174361,12,0.319999992847,0.0,-1.62999999523,0.0,0.0,0.0,
174361,174362,174362,12,0.319999992847,0.0,-1.62999999523,0.0,0.0,0.0,
174362,174365,174361,12,0.0,0.0,0.0,0.0,0.0,0.0,
184360,184361,184361,12,0.319999992847,0.0,-1.62999999523,0.0,0.0,0.0,
184361,184362,184362,12,0.319999992847,0.0,-1.62999999523,0.0,0.0,0.0,
184362,184365,184361,12,0.0,0.0,0.0,0.0,0.0,0.0,
194361,194361,194361,12,0.0,0.0,0.0,0.0,0.0,0.0,
208677,208677,208677,20,0.0,0.0,3.5,0.0,0.0,0.0,
229163,251732,125004,12,0.0,0.0,-2.0,0.0,0.0,0.0,
229164,251733,125005,12,0.0,0.0,-2.0,0.0,0.0,0.0,
229165,251734,125006,12,0.0,0.0,-2.0,0.0,0.0,0.0,
229166,251735,125007,12,0.0,0.0,0.0,0.0,0.0,0.0,
229167,251736,125008,12,0.0,0.0,0.0,0.0,0.0,0.0,
229168,251737,125009,12,0.0,0.0,0.0,0.0,0.0,0.0,
229169,251738,125010,12,0.0,0.0,0.0,0.0,0.0,0.0,
229170,251739,125011,12,0.0,0.0,0.0,0.0,0.0,0.0,
229171,251740,125012,12,0.0,0.0,0.0,0.0,0.0,0.0,
229172,251741,125013,12,0.0,0.0,0.0,0.0,0.0,0.0,
229173,251742,125014,12,0.0,0.0,0.0,0.0,0.0,0.0,
261882,261882,261882,12,0.0,0.0,-1.20000004768,0.0,0.0,0.0,
261883,261883,261883,12,0.0,0.0,-1.20000004768,0.0,0.0,0.0,
261884,261884,261884,12,0.0,0.0,-1.20000004768,0.0,0.0,0.0,
261885,261885,261885,12,0.0,0.0,-1.20000004768,0.0,0.0,0.0,
261886,261886,261886,12,0.0,0.0,-1.20000004768,0.0,0.0,0.0,
261887,261887,261887,12,0.0,0.0,-1.20000004768,0.0,0.0,0.0,
300501,300501,300501,20,0.0,0.0,3.5,0.0,0.0,0.0,
300502,300502,300502,20,0.0,0.0,3.5,0.0,0.0,0.0,
454757,90202,9292,16,0.0,0.0,-0.10000000149,0.0,0.0,0.0,
454758,90203,9293,16,0.0,0.0,-0.0299999993294,0.0,0.0,0.0,
454759,90204,9294,16,0.0599999986589,-0.0109999999404,0.0750000029802,0.0,0.15000000596,0.0,
454760,90205,9295,18,-0.25,0.159999996424,-0.119999997318,0.0,0.0,0.0,
454761,90205,9295,18,-0.25,0.370000004768,-0.379999995232,0.0,0.0,0.0,
454762,90205,9295,18,-0.25,-0.159999996424,-0.119999997318,0.0,0.0,0.0,
454763,90205,9295,18,-0.25,-0.370000004768,-0.379999995232,0.0,0.0,0.0,
454764,4515603,457149,18,-0.370000004768,0.0,-0.639999985695,0.0,-0.25,0.0,
454765,4515604,457148,12,-0.550000011921,0.0,0.550000011921,0.0,0.10000000149,0.0,
454797,4515643,457188,12,-0.00499999988824,0.0,0.0500000007451,0.0,0.0,0.0,
454798,4515644,457189,12,-0.00499999988824,0.0,0.0500000007451,0.0,0.0,0.0,
454799,90204,9294,12,0.0500000007451,0.0,0.0500000007451,0.0,0.0,0.0,
454800,90205,9295,12,0.20000000298,0.0,0.10000000149,0.0,0.0,0.0,
500000,500000,500000,53,0.0,0.0,0.0,0.0,0.0,0.0,
500001,500001,500001,53,0.0,0.0,0.0,0.0,0.0,0.0,
500002,500002,500002,53,0.0,0.0,0.0,0.0,0.0,0.0,
500003,500003,500003,53,0.0,0.0,0.0,0.0,0.0,0.0,
500004,500004,500004,53,0.0,0.0,0.0,0.0,0.0,0.0,
500005,500005,500005,53,0.0,0.0,0.0,0.0,0.0,0.0,
500006,500006,500006,53,0.0,0.0,0.0,0.0,0.0,0.0,
500007,500007,500007,53,0.0,0.0,0.0,0.0,0.0,0.0,
500008,500008,500008,53,0.0,0.0,0.0,0.0,0.0,0.0,
500009,500009,500009,53,0.0,0.0,0.0,0.0,0.0,0.0,
500010,500010,500010,53,0.0,0.0,0.0,0.0,0.0,0.0,
500011,500011,500011,53,0.0,0.0,0.0,0.0,0.0,0.0,
500012,500012,500012,53,0.0,0.0,0.0,0.0,0.0,0.0,
500013,500013,500013,53,0.0,0.0,0.0,0.0,0.0,0.0,
500014,500014,500014,53,0.0,0.0,0.0,0.0,0.0,0.0,
500015,500015,500015,53,0.0,0.0,0.0,0.0,0.0,0.0,
500016,500016,500016,53,0.0,0.0,0.0,0.0,0.0,0.0,
500017,500017,500017,53,0.0,0.0,0.0,0.0,0.0,0.0,
500018,500018,500018,53,0.0,0.0,0.0,0.0,0.0,0.0,
500019,500019,500019,53,0.0,0.0,0.0,0.0,0.0,0.0,
500020,500020,500020,53,0.0,0.0,0.0,0.0,0.0,0.0,
500021,500021,500021,53,0.0,0.0,0.0,0.0,0.0,0.0,
500022,500022,500022,53,0.0,0.0,0.0,0.0,0.0,0.0,
500023,500023,500023,53,0.0,0.0,0.0,0.0,0.0,0.0,
500024,500024,500024,53,0.0,0.0,0.0,0.0,0.0,0.0,
500025,500025,500025,53,0.0,0.0,0.0,0.0,0.0,0.0,
500026,500026,500026,53,0.0,0.0,0.0,0.0,0.0,0.0,
500027,500027,500027,53,0.0,0.0,0.0,0.0,0.0,0.0,
500028,500028,500028,53,0.0,0.0,0.0,0.0,0.0,0.0,
500029,500029,500029,53,0.0,0.0,0.0,0.0,0.0,0.0,
500030,500030,500030,53,0.0,0.0,0.0,0.0,0.0,0.0,
500031,500031,500031,53,0.0,0.0,0.0,0.0,0.0,0.0,
500032,500032,500032,53,0.0,0.0,0.0,0.0,0.0,0.0,
500033,500033,500033,53,0.0,0.0,0.0,0.0,0.0,0.0,
500034,500034,500034,53,0.0,0.0,0.0,0.0,0.0,0.0,
500035,500035,500035,53,0.0,0.0,0.0,0.0,0.0,0.0,
500036,500036,500036,53,0.0,0.0,0.0,0.0,0.0,0.0,
500037,500037,500037,53,0.0,0.0,0.0,0.0,0.0,0.0,
500038,500038,500038,53,0.0,0.0,0.0,0.0,0.0,0.0,
500039,500039,500039,53,0.0,0.0,0.0,0.0,0.0,0.0,
500040,500040,500040,53,0.0,0.0,0.0,0.0,0.0,0.0,
500041,500041,500041,53,0.0,0.0,0.0,0.0,0.0,0.0,
500042,500042,500042,53,0.0,0.0,0.0,0.0,0.0,0.0,
500043,500043,500043,53,0.0,0.0,0.0,0.0,0.0,0.0,
500044,500044,500044,53,0.0,0.0,0.0,0.0,0.0,0.0,
500045,500045,500045,53,0.0,0.0,0.0,0.0,0.0,0.0,
500046,500046,500046,53,0.0,0.0,0.0,0.0,0.0,0.0,
500047,500047,500047,53,0.0,0.0,0.0,0.0,0.0,0.0,
500048,500048,500048,53,0.0,0.0,0.0,0.0,0.0,0.0,
500049,500049,500049,53,0.0,0.0,0.0,0.0,0.0,0.0,
500050,500050,500050,53,0.0,0.0,0.0,0.0,0.0,0.0,
500051,500051,500051,53,0.0,0.0,0.0,0.0,0.0,0.0,
500052,500052,500052,53,0.0,0.0,0.0,0.0,0.0,0.0,
500053,500053,500053,53,0.0,0.0,0.0,0.0,0.0,0.0,
500054,500054,500054,53,0.0,0.0,0.0,0.0,0.0,0.0,
500055,500055,500055,53,0.0,0.0,0.0,0.0,0.0,0.0,
500056,500056,500056,53,0.0,0.0,0.0,0.0,0.0,0.0,
500057,500057,500057,53,0.0,0.0,0.0,0.0,0.0,0.0,
500058,500058,500058,53,0.0,0.0,0.0,0.0,0.0,0.0,
500059,500059,500059,53,0.0,0.0,0.0,0.0,0.0,0.0,
500060,500060,500060,53,0.0,0.0,0.0,0.0,0.0,0.0,
500061,500061,500061,53,0.0,0.0,0.0,0.0,0.0,0.0,
500062,500062,500062,53,0.0,0.0,0.0,0.0,0.0,0.0,
500063,500063,500063,53,0.0,0.0,0.0,0.0,0.0,0.0,
500064,500064,500064,53,0.0,0.0,0.0,0.0,0.0,0.0,
500065,500065,500065,53,0.0,0.0,0.0,0.0,0.0,0.0,
500066,500066,500066,53,0.0,0.0,0.0,0.0,0.0,0.0,
500067,500067,500067,53,0.0,0.0,0.0,0.0,0.0,0.0,
500068,500068,500068,53,0.0,0.0,0.0,0.0,0.0,0.0,
500069,500069,500069,53,0.0,0.0,0.0,0.0,0.0,0.0,
500070,500070,500070,53,0.0,0.0,0.0,0.0,0.0,0.0,
500071,500071,500071,53,0.0,0.0,0.0,0.0,0.0,0.0,
500072,500072,500072,53,0.0,0.0,0.0,0.0,0.0,0.0,
500073,500073,500073,53,0.0,0.0,0.0,0.0,0.0,0.0,
500074,500074,500074,53,0.0,0.0,0.0,0.0,0.0,0.0,
500075,500075,500075,53,0.0,0.0,0.0,0.0,0.0,0.0,
500076,500076,500076,53,0.0,0.0,0.0,0.0,0.0,0.0,
500077,500077,500077,53,0.0,0.0,0.0,0.0,0.0,0.0,
500078,500078,500078,53,0.0,0.0,0.0,0.0,0.0,0.0,
500079,500079,500079,53,0.0,0.0,0.0,0.0,0.0,0.0,
500080,500080,500080,53,0.0,0.0,0.0,0.0,0.0,0.0,
500081,500081,500081,53,0.0,0.0,0.0,0.0,0.0,0.0,
500082,500082,500082,53,0.0,0.0,0.0,0.0,0.0,0.0,
500083,500083,500083,53,0.0,0.0,0.0,0.0,0.0,0.0,
500084,500084,500084,53,0.0,0.0,0.0,0.0,0.0,0.0,
500085,500085,500085,53,0.0,0.0,0.0,0.0,0.0,0.0,
500086,500086,500086,53,0.0,0.0,0.0,0.0,0.0,0.0,
500087,500087,500087,53,0.0,0.0,0.0,0.0,0.0,0.0,
500088,500088,500088,53,0.0,0.0,0.0,0.0,0.0,0.0,
500089,500089,500089,53,0.0,0.0,0.0,0.0,0.0,0.0,
500090,500090,500090,53,0.0,0.0,0.0,0.0,0.0,0.0,
500091,500091,500091,53,0.0,0.0,0.0,0.0,0.0,0.0,
500092,500092,500092,53,0.0,0.0,0.0,0.0,0.0,0.0,
500093,500093,500093,53,0.0,0.0,0.0,0.0,0.0,0.0,
500094,500094,500094,53,0.0,0.0,0.0,0.0,0.0,0.0,
500095,500095,500095,53,0.0,0.0,0.0,0.0,0.0,0.0,
500096,500096,500096,53,0.0,0.0,0.0,0.0,0.0,0.0,
500097,500097,500097,53,0.0,0.0,0.0,0.0,0.0,0.0,
500098,500098,500098,53,0.0,0.0,0.0,0.0,0.0,0.0,
500099,500099,500099,53,0.0,0.0,0.0,0.0,0.0,0.0,
500100,500100,500100,53,0.0,0.0,0.0,0.0,0.0,0.0,
500101,500101,500101,53,0.0,0.0,0.0,0.0,0.0,0.0,
500102,500102,500102,53,0.0,0.0,0.0,0.0,0.0,0.0,
500103,500103,500103,53,0.0,0.0,0.0,0.0,0.0,0.0,
500104,500104,500104,53,0.0,0.0,0.0,0.0,0.0,0.0,
500105,500105,500105,53,0.0,0.0,0.0,0.0,0.0,0.0,
500106,500106,500106,53,0.0,0.0,0.0,0.0,0.0,0.0,
500107,500107,500107,53,0.0,0.0,0.0,0.0,0.0,0.0,
500108,500108,500108,53,0.0,0.0,0.0,0.0,0.0,0.0,
500109,500109,500109,53,0.0,0.0,0.0,0.0,0.0,0.0,
500110,500110,500110,53,0.0,0.0,0.0,0.0,0.0,0.0,
500111,500111,500111,53,0.0,0.0,0.0,0.0,0.0,0.0,
500112,500112,500112,53,0.0,0.0,0.0,0.0,0.0,0.0,
500113,500113,500113,53,0.0,0.0,0.0,0.0,0.0,0.0,
500114,500114,500114,53,0.0,0.0,0.0,0.0,0.0,0.0,
500115,500115,500115,53,0.0,0.0,0.0,0.0,0.0,0.0,
500116,500116,500116,53,0.0,0.0,0.0,0.0,0.0,0.0,
500117,500117,500117,53,0.0,0.0,0.0,0.0,0.0,0.0,
500118,500118,500118,53,0.0,0.0,0.0,0.0,0.0,0.0,
500119,500119,500119,53,0.0,0.0,0.0,0.0,0.0,0.0,
500120,500120,500120,53,0.0,0.0,0.0,0.0,0.0,0.0,
500121,500121,500121,53,0.0,0.0,0.0,0.0,0.0,0.0,
500122,500122,500122,53,0.0,0.0,0.0,0.0,0.0,0.0,
500123,500123,500123,53,0.0,0.0,0.0,0.0,0.0,0.0,
500124,500124,500124,53,0.0,0.0,0.0,0.0,0.0,0.0,
500125,500125,500125,53,0.0,0.0,0.0,0.0,0.0,0.0,
500126,500126,500126,53,0.0,0.0,0.0,0.0,0.0,0.0,
500127,500127,500127,53,0.0,0.0,0.0,0.0,0.0,0.0,
500128,500128,500128,53,0.0,0.0,0.0,0.0,0.0,0.0,
500129,500129,500129,53,0.0,0.0,0.0,0.0,0.0,0.0,
500130,500130,500130,53,0.0,0.0,0.0,0.0,0.0,0.0,
500131,500131,500131,53,0.0,0.0,0.0,0.0,0.0,0.0,
500132,500132,500132,53,0.0,0.0,0.0,0.0,0.0,0.0,
500133,500133,500133,53,0.0,0.0,0.0,0.0,0.0,0.0,
500134,500134,500134,53,0.0,0.0,0.0,0.0,0.0,0.0,
500135,500135,500135,53,0.0,0.0,0.0,0.0,0.0,0.0,
500136,500136,500136,53,0.0,0.0,0.0,0.0,0.0,0.0,
500137,500137,500137,53,0.0,0.0,0.0,0.0,0.0,0.0,
500138,500138,500138,53,0.0,0.0,0.0,0.0,0.0,0.0,
500139,500139,500139,53,0.0,0.0,0.0,0.0,0.0,0.0,
500140,500140,500140,53,0.0,0.0,0.0,0.0,0.0,0.0,
500141,500141,500141,53,0.0,0.0,0.0,0.0,0.0,0.0,
500142,500142,500142,53,0.0,0.0,0.0,0.0,0.0,0.0,
500143,500143,500143,53,0.0,0.0,0.0,0.0,0.0,0.0,
500144,500144,500144,53,0.0,0.0,0.0,0.0,0.0,0.0,
500145,500145,500145,53,0.0,0.0,0.0,0.0,0.0,0.0,
500146,500146,500146,53,0.0,0.0,0.0,0.0,0.0,0.0,
500147,500147,500147,53,0.0,0.0,0.0,0.0,0.0,0.0,
500148,500148,500148,53,0.0,0.0,0.0,0.0,0.0,0.0,
500149,500149,500149,53,0.0,0.0,0.0,0.0,0.0,0.0,
500150,500150,500150,53,0.0,0.0,0.0,0.0,0.0,0.0,
500151,500151,500151,53,0.0,0.0,0.0,0.0,0.0,0.0,
500152,500152,500152,53,0.0,0.0,0.0,0.0,0.0,0.0,
500153,500153,500153,53,0.0,0.0,0.0,0.0,0.0,0.0,
500154,500154,500154,53,0.0,0.0,0.0,0.0,0.0,0.0,
500155,500155,500155,53,0.0,0.0,0.0,0.0,0.0,0.0,
500156,500156,500156,53,0.0,0.0,0.0,0.0,0.0,0.0,
500157,500157,500157,53,0.0,0.0,0.0,0.0,0.0,0.0,
500158,500158,500158,53,0.0,0.0,0.0,0.0,0.0,0.0,
500159,500159,500159,53,0.0,0.0,0.0,0.0,0.0,0.0,
500160,500160,500160,53,0.0,0.0,0.0,0.0,0.0,0.0,
500161,500161,500161,53,0.0,0.0,0.0,0.0,0.0,0.0,
500162,500162,500162,53,0.0,0.0,0.0,0.0,0.0,0.0,
500163,500163,500163,53,0.0,0.0,0.0,0.0,0.0,0.0,
500164,500164,500164,53,0.0,0.0,0.0,0.0,0.0,0.0,
500165,500165,500165,53,0.0,0.0,0.0,0.0,0.0,0.0,
500166,500166,500166,53,0.0,0.0,0.0,0.0,0.0,0.0,
500167,500167,500167,53,0.0,0.0,0.0,0.0,0.0,0.0,
500168,500168,500168,53,0.0,0.0,0.0,0.0,0.0,0.0,
500169,500169,500169,53,0.0,0.0,0.0,0.0,0.0,0.0,
500170,500170,500170,53,0.0,0.0,0.0,0.0,0.0,0.0,
500171,500171,500171,53,0.0,0.0,0.0,0.0,0.0,0.0,
500172,500172,500172,53,0.0,0.0,0.0,0.0,0.0,0.0,
500173,500173,500173,53,0.0,0.0,0.0,0.0,0.0,0.0,
500174,500174,500174,53,0.0,0.0,0.0,0.0,0.0,0.0,
500175,500175,500175,53,0.0,0.0,0.0,0.0,0.0,0.0,
500176,500176,500176,53,0.0,0.0,0.0,0.0,0.0,0.0,
500177,500177,500177,53,0.0,0.0,0.0,0.0,0.0,0.0,
500178,500178,500178,53,0.0,0.0,0.0,0.0,0.0,0.0,
500179,500179,500179,53,0.0,0.0,0.0,0.0,0.0,0.0,
500180,500180,500180,53,0.0,0.0,0.0,0.0,0.0,0.0,
500181,500181,500181,53,0.0,0.0,0.0,0.0,0.0,0.0,
500182,500182,500182,53,0.0,0.0,0.0,0.0,0.0,0.0,
500183,500183,500183,53,0.0,0.0,0.0,0.0,0.0,0.0,
500184,500184,500184,53,0.0,0.0,0.0,0.0,0.0,0.0,
500185,500185,500185,53,0.0,0.0,0.0,0.0,0.0,0.0,
500186,500186,500186,53,0.0,0.0,0.0,0.0,0.0,0.0,
500187,500187,500187,53,0.0,0.0,0.0,0.0,0.0,0.0,
500188,500188,500188,53,0.0,0.0,0.0,0.0,0.0,0.0,
500189,500189,500189,53,0.0,0.0,0.0,0.0,0.0,0.0,
500190,500190,500190,53,0.0,0.0,0.0,0.0,0.0,0.0,
500191,500191,500191,53,0.0,0.0,0.0,0.0,0.0,0.0,
500192,500192,500192,53,0.0,0.0,0.0,0.0,0.0,0.0,
500193,500193,500193,53,0.0,0.0,0.0,0.0,0.0,0.0,
500194,500194,500194,53,0.0,0.0,0.0,0.0,0.0,0.0,
500195,500195,500195,53,0.0,0.0,0.0,0.0,0.0,0.0,
500196,500196,500196,53,0.0,0.0,0.0,0.0,0.0,0.0,
500197,500197,500197,53,0.0,0.0,0.0,0.0,0.0,0.0,
500198,500198,500198,53,0.0,0.0,0.0,0.0,0.0,0.0,
500199,500199,500199,53,0.0,0.0,0.0,0.0,0.0,0.0,
500200,500200,500200,53,0.0,0.0,0.0,0.0,0.0,0.0,
500201,500201,500201,53,0.0,0.0,0.0,0.0,0.0,0.0,
500202,500202,500202,53,0.0,0.0,0.0,0.0,0.0,0.0,
500203,500203,500203,53,0.0,0.0,0.0,0.0,0.0,0.0,
500204,500204,500204,53,0.0,0.0,0.0,0.0,0.0,0.0,
500205,500205,500205,53,0.0,0.0,0.0,0.0,0.0,0.0,
500206,500206,500206,53,0.0,0.0,0.0,0.0,0.0,0.0,
500207,500207,500207,53,0.0,0.0,0.0,0.0,0.0,0.0,
500208,500208,500208,53,0.0,0.0,0.0,0.0,0.0,0.0,
500209,500209,500209,53,0.0,0.0,0.0,0.0,0.0,0.0,
500210,500210,500210,53,0.0,0.0,0.0,0.0,0.0,0.0,
500211,500211,500211,53,0.0,0.0,0.0,0.0,0.0,0.0,
500212,500212,500212,53,0.0,0.0,0.0,0.0,0.0,0.0,
500213,500213,500213,53,0.0,0.0,0.0,0.0,0.0,0.0,
500214,500214,500214,53,0.0,0.0,0.0,0.0,0.0,0.0,
500215,500215,500215,53,0.0,0.0,0.0,0.0,0.0,0.0,
500216,500216,500216,53,0.0,0.0,0.0,0.0,0.0,0.0,
500217,500217,500217,53,0.0,0.0,0.0,0.0,0.0,0.0,
500218,500218,500218,53,0.0,0.0,0.0,0.0,0.0,0.0,
500219,500219,500219,53,0.0,0.0,0.0,0.0,0.0,0.0,
500220,500220,500220,53,0.0,0.0,0.0,0.0,0.0,0.0,
500221,500221,500221,53,0.0,0.0,0.0,0.0,0.0,0.0,
500222,500222,500222,53,0.0,0.0,0.0,0.0,0.0,0.0,
500223,500223,500223,53,0.0,0.0,0.0,0.0,0.0,0.0,
500224,500224,500224,53,0.0,0.0,0.0,0.0,0.0,0.0,
500225,500225,500225,53,0.0,0.0,0.0,0.0,0.0,0.0,
500226,500226,500226,53,0.0,0.0,0.0,0.0,0.0,0.0,
500227,500227,500227,53,0.0,0.0,0.0,0.0,0.0,0.0,
500228,500228,500228,53,0.0,0.0,0.0,0.0,0.0,0.0,
500229,500229,500229,53,0.0,0.0,0.0,0.0,0.0,0.0,
500230,500230,500230,53,0.0,0.0,0.0,0.0,0.0,0.0,
500231,500231,500231,53,0.0,0.0,0.0,0.0,0.0,0.0,
500232,500232,500232,53,0.0,0.0,0.0,0.0,0.0,0.0,
500233,500233,500233,53,0.0,0.0,0.0,0.0,0.0,0.0,
500234,500234,500234,53,0.0,0.0,0.0,0.0,0.0,0.0,
500235,500235,500235,53,0.0,0.0,0.0,0.0,0.0,0.0,
500236,500236,500236,53,0.0,0.0,0.0,0.0,0.0,0.0,
500237,500237,500237,53,0.0,0.0,0.0,0.0,0.0,0.0,
500238,500238,500238,53,0.0,0.0,0.0,0.0,0.0,0.0,
500239,500239,500239,53,0.0,0.0,0.0,0.0,0.0,0.0,
500240,500240,500240,53,0.0,0.0,0.0,0.0,0.0,0.0,
500241,500241,500241,53,0.0,0.0,0.0,0.0,0.0,0.0,
500242,500242,500242,53,0.0,0.0,0.0,0.0,0.0,0.0,
500243,500243,500243,53,0.0,0.0,0.0,0.0,0.0,0.0,
500244,500244,500244,53,0.0,0.0,0.0,0.0,0.0,0.0,
500245,500245,500245,53,0.0,0.0,0.0,0.0,0.0,0.0,
500246,500246,500246,53,0.0,0.0,0.0,0.0,0.0,0.0,
500247,500247,500247,53,0.0,0.0,0.0,0.0,0.0,0.0,
500248,500248,500248,53,0.0,0.0,0.0,0.0,0.0,0.0,
500249,500249,500249,53,0.0,0.0,0.0,0.0,0.0,0.0,
500250,500250,500250,53,0.0,0.0,0.0,0.0,0.0,0.0,
500251,500251,500251,53,0.0,0.0,0.0,0.0,0.0,0.0,
500252,500252,500252,53,0.0,0.0,0.0,0.0,0.0,0.0,
500253,500253,500253,53,0.0,0.0,0.0,0.0,0.0,0.0,
500254,500254,500254,53,0.0,0.0,0.0,0.0,0.0,0.0,
500255,500255,500255,53,0.0,0.0,0.0,0.0,0.0,0.0,
500256,500256,500256,53,0.0,0.0,0.0,0.0,0.0,0.0,
500257,500257,500257,53,0.0,0.0,0.0,0.0,0.0,0.0,
500258,500258,500258,53,0.0,0.0,0.0,0.0,0.0,0.0,
500259,500259,500259,53,0.0,0.0,0.0,0.0,0.0,0.0,
500260,500260,500260,53,0.0,0.0,0.0,0.0,0.0,0.0,
500261,500261,500261,53,0.0,0.0,0.0,0.0,0.0,0.0,
500262,500262,500262,53,0.0,0.0,0.0,0.0,0.0,0.0,
500263,500263,500263,53,0.0,0.0,0.0,0.0,0.0,0.0,
500264,500264,500264,53,0.0,0.0,0.0,0.0,0.0,0.0,
500265,500265,500265,53,0.0,0.0,0.0,0.0,0.0,0.0,
500266,500266,500266,53,0.0,0.0,0.0,0.0,0.0,0.0,
500267,500267,500267,53,0.0,0.0,0.0,0.0,0.0,0.0,
500268,500268,500268,53,0.0,0.0,0.0,0.0,0.0,0.0,
500269,500269,500269,53,0.0,0.0,0.0,0.0,0.0,0.0,
500270,500270,500270,53,0.0,0.0,0.0,0.0,0.0,0.0,
500271,500271,500271,53,0.0,0.0,0.0,0.0,0.0,0.0,
500272,500272,500272,53,0.0,0.0,0.0,0.0,0.0,0.0,
500273,500273,500273,53,0.0,0.0,0.0,0.0,0.0,0.0,
500274,500274,500274,53,0.0,0.0,0.0,0.0,0.0,0.0,
500275,500275,500275,53,0.0,0.0,0.0,0.0,0.0,0.0,
500276,500276,500276,53,0.0,0.0,0.0,0.0,0.0,0.0,
500277,500277,500277,53,0.0,0.0,0.0,0.0,0.0,0.0,
500278,500278,500278,53,0.0,0.0,0.0,0.0,0.0,0.0,
500279,500279,500279,53,0.0,0.0,0.0,0.0,0.0,0.0,
500280,500280,500280,53,0.0,0.0,0.0,0.0,0.0,0.0,
500281,500281,500281,53,0.0,0.0,0.0,0.0,0.0,0.0,
500282,500282,500282,53,0.0,0.0,0.0,0.0,0.0,0.0,
500283,500283,500283,53,0.0,0.0,0.0,0.0,0.0,0.0,
500284,500284,500284,53,0.0,0.0,0.0,0.0,0.0,0.0,
500285,500285,500285,53,0.0,0.0,0.0,0.0,0.0,0.0,
500286,500286,500286,53,0.0,0.0,0.0,0.0,0.0,0.0,
500287,500287,500287,53,0.0,0.0,0.0,0.0,0.0,0.0,
500288,500288,500288,53,0.0,0.0,0.0,0.0,0.0,0.0,
500289,500289,500289,53,0.0,0.0,0.0,0.0,0.0,0.0,
500290,500290,500290,53,0.0,0.0,0.0,0.0,0.0,0.0,
500291,500291,500291,53,0.0,0.0,0.0,0.0,0.0,0.0,
500292,500292,500292,53,0.0,0.0,0.0,0.0,0.0,0.0,
500293,500293,500293,53,0.0,0.0,0.0,0.0,0.0,0.0,
500294,500294,500294,53,0.0,0.0,0.0,0.0,0.0,0.0,
500295,500295,500295,53,0.0,0.0,0.0,0.0,0.0,0.0,
500296,500296,500296,53,0.0,0.0,0.0,0.0,0.0,0.0,
500297,500297,500297,53,0.0,0.0,0.0,0.0,0.0,0.0,
500298,500298,500298,53,0.0,0.0,0.0,0.0,0.0,0.0,
500299,500299,500299,53,0.0,0.0,0.0,0.0,0.0,0.0,
500300,500300,500300,53,0.0,0.0,0.0,0.0,0.0,0.0,
500301,500301,500301,53,0.0,0.0,0.0,0.0,0.0,0.0,
500302,500302,500302,53,0.0,0.0,0.0,0.0,0.0,0.0,
500303,500303,500303,53,0.0,0.0,0.0,0.0,0.0,0.0,
500304,500304,500304,53,0.0,0.0,0.0,0.0,0.0,0.0,
500305,500305,500305,53,0.0,0.0,0.0,0.0,0.0,0.0,
500306,500306,500306,53,0.0,0.0,0.0,0.0,0.0,0.0,
500307,500307,500307,53,0.0,0.0,0.0,0.0,0.0,0.0,
500308,500308,500308,53,0.0,0.0,0.0,0.0,0.0,0.0,
500309,500309,500309,53,0.0,0.0,0.0,0.0,0.0,0.0,
500310,500310,500310,53,0.0,0.0,0.0,0.0,0.0,0.0,
500311,500311,500311,53,0.0,0.0,0.0,0.0,0.0,0.0,
500312,500312,500312,53,0.0,0.0,0.0,0.0,0.0,0.0,
500313,500313,500313,53,0.0,0.0,0.0,0.0,0.0,0.0,
500314,500314,500314,53,0.0,0.0,0.0,0.0,0.0,0.0,
500315,500315,500315,53,0.0,0.0,0.0,0.0,0.0,0.0,
500316,500316,500316,53,0.0,0.0,0.0,0.0,0.0,0.0,
500317,500317,500317,53,0.0,0.0,0.0,0.0,0.0,0.0,
500318,500318,500318,53,0.0,0.0,0.0,0.0,0.0,0.0,
500319,500319,500319,53,0.0,0.0,0.0,0.0,0.0,0.0,
500320,500320,500320,53,0.0,0.0,0.0,0.0,0.0,0.0,
500321,500321,500321,53,0.0,0.0,0.0,0.0,0.0,0.0,
500322,500322,500322,53,0.0,0.0,0.0,0.0,0.0,0.0,
500323,500323,500323,53,0.0,0.0,0.0,0.0,0.0,0.0,
500324,500324,500324,53,0.0,0.0,0.0,0.0,0.0,0.0,
500325,500325,500325,53,0.0,0.0,0.0,0.0,0.0,0.0,
500326,500326,500326,53,0.0,0.0,0.0,0.0,0.0,0.0,
500327,500327,500327,53,0.0,0.0,0.0,0.0,0.0,0.0,
500328,500328,500328,53,0.0,0.0,0.0,0.0,0.0,0.0,
500329,500329,500329,53,0.0,0.0,0.0,0.0,0.0,0.0,
500330,500330,500330,53,0.0,0.0,0.0,0.0,0.0,0.0,
500331,500331,500331,53,0.0,0.0,0.0,0.0,0.0,0.0,
500332,500332,500332,53,0.0,0.0,0.0,0.0,0.0,0.0,
500333,500333,500333,53,0.0,0.0,0.0,0.0,0.0,0.0,
500334,500334,500334,53,0.0,0.0,0.0,0.0,0.0,0.0,
500335,500335,500335,53,0.0,0.0,0.0,0.0,0.0,0.0,
500336,500336,500336,53,0.0,0.0,0.0,0.0,0.0,0.0,
500337,500337,500337,53,0.0,0.0,0.0,0.0,0.0,0.0,
500338,500338,500338,53,0.0,0.0,0.0,0.0,0.0,0.0,
500339,500339,500339,53,0.0,0.0,0.0,0.0,0.0,0.0,
500340,500340,500340,53,0.0,0.0,0.0,0.0,0.0,0.0,
500341,500341,500341,53,0.0,0.0,0.0,0.0,0.0,0.0,
500342,500342,500342,53,0.0,0.0,0.0,0.0,0.0,0.0,
500343,500343,500343,53,0.0,0.0,0.0,0.0,0.0,0.0,
500344,500344,500344,53,0.0,0.0,0.0,0.0,0.0,0.0,
500345,500345,500345,53,0.0,0.0,0.0,0.0,0.0,0.0,
500346,500346,500346,53,0.0,0.0,0.0,0.0,0.0,0.0,
500347,500347,500347,53,0.0,0.0,0.0,0.0,0.0,0.0,
500348,500348,500348,53,0.0,0.0,0.0,0.0,0.0,0.0,
500349,500349,500349,53,0.0,0.0,0.0,0.0,0.0,0.0,
500350,500350,500350,53,0.0,0.0,0.0,0.0,0.0,0.0,
500351,500351,500351,53,0.0,0.0,0.0,0.0,0.0,0.0,
500352,500352,500352,53,0.0,0.0,0.0,0.0,0.0,0.0,
500353,500353,500353,53,0.0,0.0,0.0,0.0,0.0,0.0,
500354,500354,500354,53,0.0,0.0,0.0,0.0,0.0,0.0,
500355,500355,500355,53,0.0,0.0,0.0,0.0,0.0,0.0,
500356,500356,500356,53,0.0,0.0,0.0,0.0,0.0,0.0,
500357,500357,500357,53,0.0,0.0,0.0,0.0,0.0,0.0,
500358,500358,500358,53,0.0,0.0,0.0,0.0,0.0,0.0,
500359,500359,500359,53,0.0,0.0,0.0,0.0,0.0,0.0,
500360,500360,500360,53,0.0,0.0,0.0,0.0,0.0,0.0,
500361,500361,500361,53,0.0,0.0,0.0,0.0,0.0,0.0,
500362,500362,500362,53,0.0,0.0,0.0,0.0,0.0,0.0,
500363,500363,500363,53,0.0,0.0,0.0,0.0,0.0,0.0,
500364,500364,500364,53,0.0,0.0,0.0,0.0,0.0,0.0,
500365,500365,500365,53,0.0,0.0,0.0,0.0,0.0,0.0,
500366,500366,500366,53,0.0,0.0,0.0,0.0,0.0,0.0,
500367,500367,500367,53,0.0,0.0,0.0,0.0,0.0,0.0,
500368,500368,500368,53,0.0,0.0,0.0,0.0,0.0,0.0,
500369,500369,500369,53,0.0,0.0,0.0,0.0,0.0,0.0,
500370,500370,500370,53,0.0,0.0,0.0,0.0,0.0,0.0,
500371,500371,500371,53,0.0,0.0,0.0,0.0,0.0,0.0,
500372,500372,500372,53,0.0,0.0,0.0,0.0,0.0,0.0,
500373,500373,500373,53,0.0,0.0,0.0,0.0,0.0,0.0,
500374,500374,500374,53,0.0,0.0,0.0,0.0,0.0,0.0,
500375,500375,500375,53,0.0,0.0,0.0,0.0,0.0,0.0,
500376,500376,500376,53,0.0,0.0,0.0,0.0,0.0,0.0,
500377,500377,500377,53,0.0,0.0,0.0,0.0,0.0,0.0,
500378,500378,500378,53,0.0,0.0,0.0,0.0,0.0,0.0,
500379,500379,500379,53,0.0,0.0,0.0,0.0,0.0,0.0,
500380,500380,500380,53,0.0,0.0,0.0,0.0,0.0,0.0,
500381,500381,500381,53,0.0,0.0,0.0,0.0,0.0,0.0,
500382,500382,500382,53,0.0,0.0,0.0,0.0,0.0,0.0,
500383,500383,500383,53,0.0,0.0,0.0,0.0,0.0,0.0,
500384,500384,500384,53,0.0,0.0,0.0,0.0,0.0,0.0,
500385,500385,500385,53,0.0,0.0,0.0,0.0,0.0,0.0,
500386,500386,500386,53,0.0,0.0,0.0,0.0,0.0,0.0,
500387,500387,500387,53,0.0,0.0,0.0,0.0,0.0,0.0,
500388,500388,500388,53,0.0,0.0,0.0,0.0,0.0,0.0,
500389,500389,500389,53,0.0,0.0,0.0,0.0,0.0,0.0,
500390,500390,500390,53,0.0,0.0,0.0,0.0,0.0,0.0,
500391,500391,500391,53,0.0,0.0,0.0,0.0,0.0,0.0,
500392,500392,500392,53,0.0,0.0,0.0,0.0,0.0,0.0,
500393,500393,500393,53,0.0,0.0,0.0,0.0,0.0,0.0,
500394,500394,500394,53,0.0,0.0,0.0,0.0,0.0,0.0,
500395,500395,500395,53,0.0,0.0,0.0,0.0,0.0,0.0,
500396,500396,500396,53,0.0,0.0,0.0,0.0,0.0,0.0,
500397,500397,500397,53,0.0,0.0,0.0,0.0,0.0,0.0,
500398,500398,500398,53,0.0,0.0,0.0,0.0,0.0,0.0,
500399,500399,500399,53,0.0,0.0,0.0,0.0,0.0,0.0,
500400,500400,500400,53,0.0,0.0,0.0,0.0,0.0,0.0,
500401,500401,500401,53,0.0,0.0,0.0,0.0,0.0,0.0,
500402,500402,500402,53,0.0,0.0,0.0,0.0,0.0,0.0,
500403,500403,500403,53,0.0,0.0,0.0,0.0,0.0,0.0,
500404,500404,500404,53,0.0,0.0,0.0,0.0,0.0,0.0,
500405,500405,500405,53,0.0,0.0,0.0,0.0,0.0,0.0,
500406,500406,500406,53,0.0,0.0,0.0,0.0,0.0,0.0,
500407,500407,500407,53,0.0,0.0,0.0,0.0,0.0,0.0,
500408,500408,500408,53,0.0,0.0,0.0,0.0,0.0,0.0,
500409,500409,500409,53,0.0,0.0,0.0,0.0,0.0,0.0,
500410,500410,500410,53,0.0,0.0,0.0,0.0,0.0,0.0,
500411,500411,500411,53,0.0,0.0,0.0,0.0,0.0,0.0,
500412,500412,500412,53,0.0,0.0,0.0,0.0,0.0,0.0,
500413,500413,500413,53,0.0,0.0,0.0,0.0,0.0,0.0,
500414,500414,500414,53,0.0,0.0,0.0,0.0,0.0,0.0,
500415,500415,500415,53,0.0,0.0,0.0,0.0,0.0,0.0,
500416,500416,500416,53,0.0,0.0,0.0,0.0,0.0,0.0,
500417,500417,500417,53,0.0,0.0,0.0,0.0,0.0,0.0,
500418,500418,500418,53,0.0,0.0,0.0,0.0,0.0,0.0,
500419,500419,500419,53,0.0,0.0,0.0,0.0,0.0,0.0,
500420,500420,500420,53,0.0,0.0,0.0,0.0,0.0,0.0,
500421,500421,500421,53,0.0,0.0,0.0,0.0,0.0,0.0,
500422,500422,500422,53,0.0,0.0,0.0,0.0,0.0,0.0,
500423,500423,500423,53,0.0,0.0,0.0,0.0,0.0,0.0,
500424,500424,500424,53,0.0,0.0,0.0,0.0,0.0,0.0,
500425,500425,500425,53,0.0,0.0,0.0,0.0,0.0,0.0,
500426,500426,500426,53,0.0,0.0,0.0,0.0,0.0,0.0,
500427,500427,500427,53,0.0,0.0,0.0,0.0,0.0,0.0,
500428,500428,500428,53,0.0,0.0,0.0,0.0,0.0,0.0,
500429,500429,500429,53,0.0,0.0,0.0,0.0,0.0,0.0,
500430,500430,500430,53,0.0,0.0,0.0,0.0,0.0,0.0,
500431,500431,500431,53,0.0,0.0,0.0,0.0,0.0,0.0,
500432,500432,500432,53,0.0,0.0,0.0,0.0,0.0,0.0,
500433,500433,500433,53,0.0,0.0,0.0,0.0,0.0,0.0,
500434,500434,500434,53,0.0,0.0,0.0,0.0,0.0,0.0,
500435,500435,500435,53,0.0,0.0,0.0,0.0,0.0,0.0,
500436,500436,500436,53,0.0,0.0,0.0,0.0,0.0,0.0,
500437,500437,500437,53,0.0,0.0,0.0,0.0,0.0,0.0,
500438,500438,500438,53,0.0,0.0,0.0,0.0,0.0,0.0,
500439,500439,500439,53,0.0,0.0,0.0,0.0,0.0,0.0,
500440,500440,500440,53,0.0,0.0,0.0,0.0,0.0,0.0,
500441,500441,500441,53,0.0,0.0,0.0,0.0,0.0,0.0,
500442,500442,500442,53,0.0,0.0,0.0,0.0,0.0,0.0,
500443,500443,500443,53,0.0,0.0,0.0,0.0,0.0,0.0,
500444,500444,500444,53,0.0,0.0,0.0,0.0,0.0,0.0,
500445,500445,500445,53,0.0,0.0,0.0,0.0,0.0,0.0,
500446,500446,500446,53,0.0,0.0,0.0,0.0,0.0,0.0,
500447,500447,500447,53,0.0,0.0,0.0,0.0,0.0,0.0,
500448,500448,500448,53,0.0,0.0,0.0,0.0,0.0,0.0,
500449,500449,500449,53,0.0,0.0,0.0,0.0,0.0,0.0,
500450,500450,500450,53,0.0,0.0,0.0,0.0,0.0,0.0,
500451,500451,500451,53,0.0,0.0,0.0,0.0,0.0,0.0,
500452,500452,500452,53,0.0,0.0,0.0,0.0,0.0,0.0,
500453,500453,500453,53,0.0,0.0,0.0,0.0,0.0,0.0,
500454,500454,500454,53,0.0,0.0,0.0,0.0,0.0,0.0,
500455,500455,500455,53,0.0,0.0,0.0,0.0,0.0,0.0,
500456,500456,500456,53,0.0,0.0,0.0,0.0,0.0,0.0,
500457,500457,500457,53,0.0,0.0,0.0,0.0,0.0,0.0,
500458,500458,500458,53,0.0,0.0,0.0,0.0,0.0,0.0,
500459,500459,500459,53,0.0,0.0,0.0,0.0,0.0,0.0,
500460,500460,500460,53,0.0,0.0,0.0,0.0,0.0,0.0,
500461,500461,500461,53,0.0,0.0,0.0,0.0,0.0,0.0,
500462,500462,500462,53,0.0,0.0,0.0,0.0,0.0,0.0,
500463,500463,500463,53,0.0,0.0,0.0,0.0,0.0,0.0,
500464,500464,500464,53,0.0,0.0,0.0,0.0,0.0,0.0,
500465,500465,500465,53,0.0,0.0,0.0,0.0,0.0,0.0,
500466,500466,500466,53,0.0,0.0,0.0,0.0,0.0,0.0,
500467,500467,500467,53,0.0,0.0,0.0,0.0,0.0,0.0,
500468,500468,500468,53,0.0,0.0,0.0,0.0,0.0,0.0,
500469,500469,500469,53,0.0,0.0,0.0,0.0,0.0,0.0,
500470,500470,500470,53,0.0,0.0,0.0,0.0,0.0,0.0,
500471,500471,500471,53,0.0,0.0,0.0,0.0,0.0,0.0,
500472,500472,500472,53,0.0,0.0,0.0,0.0,0.0,0.0,
500473,500473,500473,53,0.0,0.0,0.0,0.0,0.0,0.0,
500474,500474,500474,53,0.0,0.0,0.0,0.0,0.0,0.0,
500475,500475,500475,53,0.0,0.0,0.0,0.0,0.0,0.0,
500476,500476,500476,53,0.0,0.0,0.0,0.0,0.0,0.0,
500477,500477,500477,53,0.0,0.0,0.0,0.0,0.0,0.0,
500478,500478,500478,53,0.0,0.0,0.0,0.0,0.0,0.0,
500479,500479,500479,53,0.0,0.0,0.0,0.0,0.0,0.0,
500480,500480,500480,53,0.0,0.0,0.0,0.0,0.0,0.0,
500481,500481,500481,53,0.0,0.0,0.0,0.0,0.0,0.0,
500482,500482,500482,53,0.0,0.0,0.0,0.0,0.0,0.0,
500483,500483,500483,53,0.0,0.0,0.0,0.0,0.0,0.0,
500484,500484,500484,53,0.0,0.0,0.0,0.0,0.0,0.0,
500485,500485,500485,53,0.0,0.0,0.0,0.0,0.0,0.0,
500486,500486,500486,53,0.0,0.0,0.0,0.0,0.0,0.0,
500487,500487,500487,53,0.0,0.0,0.0,0.0,0.0,0.0,
500488,500488,500488,53,0.0,0.0,0.0,0.0,0.0,0.0,
500489,500489,500489,53,0.0,0.0,0.0,0.0,0.0,0.0,
500490,500490,500490,53,0.0,0.0,0.0,0.0,0.0,0.0,
500491,500491,500491,53,0.0,0.0,0.0,0.0,0.0,0.0,
500492,500492,500492,53,0.0,0.0,0.0,0.0,0.0,0.0,
500493,500493,500493,53,0.0,0.0,0.0,0.0,0.0,0.0,
500494,500494,500494,53,0.0,0.0,0.0,0.0,0.0,0.0,
500495,500495,500495,53,0.0,0.0,0.0,0.0,0.0,0.0,
500496,500496,500496,53,0.0,0.0,0.0,0.0,0.0,0.0,
500497,500497,500497,53,0.0,0.0,0.0,0.0,0.0,0.0,
500498,500498,500498,53,0.0,0.0,0.0,0.0,0.0,0.0,
500499,500499,500499,53,0.0,0.0,0.0,0.0,0.0,0.0,
500500,500500,500500,53,0.0,0.0,0.0,0.0,0.0,0.0,
500501,500501,500501,53,0.0,0.0,0.0,0.0,0.0,0.0,
500502,500502,500502,53,0.0,0.0,0.0,0.0,0.0,0.0,
500503,500503,500503,53,0.0,0.0,0.0,0.0,0.0,0.0,
500504,500504,500504,53,0.0,0.0,0.0,0.0,0.0,0.0,
500505,500505,500505,53,0.0,0.0,0.0,0.0,0.0,0.0,
500506,500506,500506,53,0.0,0.0,0.0,0.0,0.0,0.0,
500507,500507,500507,53,0.0,0.0,0.0,0.0,0.0,0.0,
500508,500508,500508,53,0.0,0.0,0.0,0.0,0.0,0.0,
500509,500509,500509,53,0.0,0.0,0.0,0.0,0.0,0.0,
500510,500510,500510,53,0.0,0.0,0.0,0.0,0.0,0.0,
500511,500511,500511,53,0.0,0.0,0.0,0.0,0.0,0.0,
500512,500512,500512,53,0.0,0.0,0.0,0.0,0.0,0.0,
500513,500513,500513,53,0.0,0.0,0.0,0.0,0.0,0.0,
500514,500514,500514,53,0.0,0.0,0.0,0.0,0.0,0.0,
500515,500515,500515,53,0.0,0.0,0.0,0.0,0.0,0.0,
500516,500516,500516,53,0.0,0.0,0.0,0.0,0.0,0.0,
500517,500517,500517,53,0.0,0.0,0.0,0.0,0.0,0.0,
500518,500518,500518,53,0.0,0.0,0.0,0.0,0.0,0.0,
500519,500519,500519,53,0.0,0.0,0.0,0.0,0.0,0.0,
500520,500520,500520,53,0.0,0.0,0.0,0.0,0.0,0.0,
500521,500521,500521,53,0.0,0.0,0.0,0.0,0.0,0.0,
500522,500522,500522,53,0.0,0.0,0.0,0.0,0.0,0.0,
500523,500523,500523,53,0.0,0.0,0.0,0.0,0.0,0.0,
500524,500524,500524,53,0.0,0.0,0.0,0.0,0.0,0.0,
500525,500525,500525,53,0.0,0.0,0.0,0.0,0.0,0.0,
500526,500526,500526,53,0.0,0.0,0.0,0.0,0.0,0.0,
500527,500527,500527,53,0.0,0.0,0.0,0.0,0.0,0.0,
500528,500528,500528,53,0.0,0.0,0.0,0.0,0.0,0.0,
500529,500529,500529,53,0.0,0.0,0.0,0.0,0.0,0.0,
500530,500530,500530,53,0.0,0.0,0.0,0.0,0.0,0.0,
500531,500531,500531,53,0.0,0.0,0.0,0.0,0.0,0.0,
500532,500532,500532,53,0.0,0.0,0.0,0.0,0.0,0.0,
500533,500533,500533,53,0.0,0.0,0.0,0.0,0.0,0.0,
500534,500534,500534,53,0.0,0.0,0.0,0.0,0.0,0.0,
500535,500535,500535,53,0.0,0.0,0.0,0.0,0.0,0.0,
500536,500536,500536,53,0.0,0.0,0.0,0.0,0.0,0.0,
500537,500537,500537,53,0.0,0.0,0.0,0.0,0.0,0.0,
500538,500538,500538,53,0.0,0.0,0.0,0.0,0.0,0.0,
500539,500539,500539,53,0.0,0.0,0.0,0.0,0.0,0.0,
500540,500540,500540,53,0.0,0.0,0.0,0.0,0.0,0.0,
500541,500541,500541,53,0.0,0.0,0.0,0.0,0.0,0.0,
500542,500542,500542,53,0.0,0.0,0.0,0.0,0.0,0.0,
500543,500543,500543,53,0.0,0.0,0.0,0.0,0.0,0.0,
500544,500544,500544,53,0.0,0.0,0.0,0.0,0.0,0.0,
500545,500545,500545,53,0.0,0.0,0.0,0.0,0.0,0.0,
500546,500546,500546,53,0.0,0.0,0.0,0.0,0.0,0.0,
500547,500547,500547,53,0.0,0.0,0.0,0.0,0.0,0.0,
500548,500548,500548,53,0.0,0.0,0.0,0.0,0.0,0.0,
500549,500549,500549,53,0.0,0.0,0.0,0.0,0.0,0.0,
500550,500550,500550,53,0.0,0.0,0.0,0.0,0.0,0.0,
500551,500551,500551,53,0.0,0.0,0.0,0.0,0.0,0.0,
500552,500552,500552,53,0.0,0.0,0.0,0.0,0.0,0.0,
500553,500553,500553,53,0.0,0.0,0.0,0.0,0.0,0.0,
500554,500554,500554,53,0.0,0.0,0.0,0.0,0.0,0.0,
500555,500555,500555,53,0.0,0.0,0.0,0.0,0.0,0.0,
500556,500556,500556,53,0.0,0.0,0.0,0.0,0.0,0.0,
500557,500557,500557,53,0.0,0.0,0.0,0.0,0.0,0.0,
500558,500558,500558,53,0.0,0.0,0.0,0.0,0.0,0.0,
500559,500559,500559,53,0.0,0.0,0.0,0.0,0.0,0.0,
500560,500560,500560,53,0.0,0.0,0.0,0.0,0.0,0.0,
500561,500561,500561,53,0.0,0.0,0.0,0.0,0.0,0.0,
500562,500562,500562,53,0.0,0.0,0.0,0.0,0.0,0.0,
500563,500563,500563,53,0.0,0.0,0.0,0.0,0.0,0.0,
500564,500564,500564,53,0.0,0.0,0.0,0.0,0.0,0.0,
500565,500565,500565,53,0.0,0.0,0.0,0.0,0.0,0.0,
500566,500566,500566,53,0.0,0.0,0.0,0.0,0.0,0.0,
500567,500567,500567,53,0.0,0.0,0.0,0.0,0.0,0.0,
500568,500568,500568,53,0.0,0.0,0.0,0.0,0.0,0.0,
500569,500569,500569,53,0.0,0.0,0.0,0.0,0.0,0.0,
500570,500570,500570,53,0.0,0.0,0.0,0.0,0.0,0.0,
500571,500571,500571,53,0.0,0.0,0.0,0.0,0.0,0.0,
500572,500572,500572,53,0.0,0.0,0.0,0.0,0.0,0.0,
500573,500573,500573,53,0.0,0.0,0.0,0.0,0.0,0.0,
500574,500574,500574,53,0.0,0.0,0.0,0.0,0.0,0.0,
500575,500575,500575,53,0.0,0.0,0.0,0.0,0.0,0.0,
500576,500576,500576,53,0.0,0.0,0.0,0.0,0.0,0.0,
500577,500577,500577,53,0.0,0.0,0.0,0.0,0.0,0.0,
500578,500578,500578,53,0.0,0.0,0.0,0.0,0.0,0.0,
500579,500579,500579,53,0.0,0.0,0.0,0.0,0.0,0.0,
500580,500580,500580,53,0.0,0.0,0.0,0.0,0.0,0.0,
500581,500581,500581,53,0.0,0.0,0.0,0.0,0.0,0.0,
500582,500582,500582,53,0.0,0.0,0.0,0.0,0.0,0.0,
500583,500583,500583,53,0.0,0.0,0.0,0.0,0.0,0.0,
500584,500584,500584,53,0.0,0.0,0.0,0.0,0.0,0.0,
500585,500585,500585,53,0.0,0.0,0.0,0.0,0.0,0.0,
500586,500586,500586,53,0.0,0.0,0.0,0.0,0.0,0.0,
500587,500587,500587,53,0.0,0.0,0.0,0.0,0.0,0.0,
500588,500588,500588,53,0.0,0.0,0.0,0.0,0.0,0.0,
500589,500589,500589,53,0.0,0.0,0.0,0.0,0.0,0.0,
500590,500590,500590,53,0.0,0.0,0.0,0.0,0.0,0.0,
500591,500591,500591,53,0.0,0.0,0.0,0.0,0.0,0.0,
500592,500592,500592,53,0.0,0.0,0.0,0.0,0.0,0.0,
500593,500593,500593,53,0.0,0.0,0.0,0.0,0.0,0.0,
500594,500594,500594,53,0.0,0.0,0.0,0.0,0.0,0.0,
500595,500595,500595,53,0.0,0.0,0.0,0.0,0.0,0.0,
500596,500596,500596,53,0.0,0.0,0.0,0.0,0.0,0.0,
500597,500597,500597,53,0.0,0.0,0.0,0.0,0.0,0.0,
500598,500598,500598,53,0.0,0.0,0.0,0.0,0.0,0.0,
500599,500599,500599,53,0.0,0.0,0.0,0.0,0.0,0.0,
500600,500600,500600,53,0.0,0.0,0.0,0.0,0.0,0.0,
500601,500601,500601,53,0.0,0.0,0.0,0.0,0.0,0.0,
500602,500602,500602,53,0.0,0.0,0.0,0.0,0.0,0.0,
500603,500603,500603,53,0.0,0.0,0.0,0.0,0.0,0.0,
500604,500604,500604,53,0.0,0.0,0.0,0.0,0.0,0.0,
500605,500605,500605,53,0.0,0.0,0.0,0.0,0.0,0.0,
500606,500606,500606,53,0.0,0.0,0.0,0.0,0.0,0.0,
500607,500607,500607,53,0.0,0.0,0.0,0.0,0.0,0.0,
500608,500608,500608,53,0.0,0.0,0.0,0.0,0.0,0.0,
500609,500609,500609,53,0.0,0.0,0.0,0.0,0.0,0.0,
500610,500610,500610,53,0.0,0.0,0.0,0.0,0.0,0.0,
500611,500611,500611,53,0.0,0.0,0.0,0.0,0.0,0.0,
500612,500612,500612,53,0.0,0.0,0.0,0.0,0.0,0.0,
500613,500613,500613,53,0.0,0.0,0.0,0.0,0.0,0.0,
500614,500614,500614,53,0.0,0.0,0.0,0.0,0.0,0.0,
500615,500615,500615,53,0.0,0.0,0.0,0.0,0.0,0.0,
500616,500616,500616,53,0.0,0.0,0.0,0.0,0.0,0.0,
500617,500617,500617,53,0.0,0.0,0.0,0.0,0.0,0.0,
500618,500618,500618,53,0.0,0.0,0.0,0.0,0.0,0.0,
500619,500619,500619,53,0.0,0.0,0.0,0.0,0.0,0.0,
500620,500620,500620,53,0.0,0.0,0.0,0.0,0.0,0.0,
500621,500621,500621,53,0.0,0.0,0.0,0.0,0.0,0.0,
500622,500622,500622,53,0.0,0.0,0.0,0.0,0.0,0.0,
500623,500623,500623,53,0.0,0.0,0.0,0.0,0.0,0.0,
500624,500624,500624,53,0.0,0.0,0.0,0.0,0.0,0.0,
500625,500625,500625,53,0.0,0.0,0.0,0.0,0.0,0.0,
500626,500626,500626,53,0.0,0.0,0.0,0.0,0.0,0.0,
500627,500627,500627,53,0.0,0.0,0.0,0.0,0.0,0.0,
500628,500628,500628,53,0.0,0.0,0.0,0.0,0.0,0.0,
500629,500629,500629,53,0.0,0.0,0.0,0.0,0.0,0.0,
500630,500630,500630,53,0.0,0.0,0.0,0.0,0.0,0.0,
500631,500631,500631,53,0.0,0.0,0.0,0.0,0.0,0.0,
500632,500632,500632,53,0.0,0.0,0.0,0.0,0.0,0.0,
500633,500633,500633,53,0.0,0.0,0.0,0.0,0.0,0.0,
500634,500634,500634,53,0.0,0.0,0.0,0.0,0.0,0.0,
500635,500635,500635,53,0.0,0.0,0.0,0.0,0.0,0.0,
500636,500636,500636,53,0.0,0.0,0.0,0.0,0.0,0.0,
500637,500637,500637,53,0.0,0.0,0.0,0.0,0.0,0.0,
500638,500638,500638,53,0.0,0.0,0.0,0.0,0.0,0.0,
500639,500639,500639,53,0.0,0.0,0.0,0.0,0.0,0.0,
500640,500640,500640,53,0.0,0.0,0.0,0.0,0.0,0.0,
500641,500641,500641,53,0.0,0.0,0.0,0.0,0.0,0.0,
500642,500642,500642,53,0.0,0.0,0.0,0.0,0.0,0.0,
500643,500643,500643,53,0.0,0.0,0.0,0.0,0.0,0.0,
500644,500644,500644,53,0.0,0.0,0.0,0.0,0.0,0.0,
500645,500645,500645,53,0.0,0.0,0.0,0.0,0.0,0.0,
500646,500646,500646,53,0.0,0.0,0.0,0.0,0.0,0.0,
500647,500647,500647,53,0.0,0.0,0.0,0.0,0.0,0.0,
500648,500648,500648,53,0.0,0.0,0.0,0.0,0.0,0.0,
500649,500649,500649,53,0.0,0.0,0.0,0.0,0.0,0.0,
500650,500650,500650,53,0.0,0.0,0.0,0.0,0.0,0.0,
500651,500651,500651,53,0.0,0.0,0.0,0.0,0.0,0.0,
500652,500652,500652,53,0.0,0.0,0.0,0.0,0.0,0.0,
500653,500653,500653,53,0.0,0.0,0.0,0.0,0.0,0.0,
500654,500654,500654,53,0.0,0.0,0.0,0.0,0.0,0.0,
500655,500655,500655,53,0.0,0.0,0.0,0.0,0.0,0.0,
500656,500656,500656,53,0.0,0.0,0.0,0.0,0.0,0.0,
500657,500657,500657,53,0.0,0.0,0.0,0.0,0.0,0.0,
500658,500658,500658,53,0.0,0.0,0.0,0.0,0.0,0.0,
500659,500659,500659,53,0.0,0.0,0.0,0.0,0.0,0.0,
500660,500660,500660,53,0.0,0.0,0.0,0.0,0.0,0.0,
500661,500661,500661,53,0.0,0.0,0.0,0.0,0.0,0.0,
500662,500662,500662,53,0.0,0.0,0.0,0.0,0.0,0.0,
500663,500663,500663,53,0.0,0.0,0.0,0.0,0.0,0.0,
500664,500664,500664,53,0.0,0.0,0.0,0.0,0.0,0.0,
500665,500665,500665,53,0.0,0.0,0.0,0.0,0.0,0.0,
500666,500666,500666,53,0.0,0.0,0.0,0.0,0.0,0.0,
500667,500667,500667,53,0.0,0.0,0.0,0.0,0.0,0.0,
500668,500668,500668,53,0.0,0.0,0.0,0.0,0.0,0.0,
500669,500669,500669,53,0.0,0.0,0.0,0.0,0.0,0.0,
500670,500670,500670,53,0.0,0.0,0.0,0.0,0.0,0.0,
500671,500671,500671,53,0.0,0.0,0.0,0.0,0.0,0.0,
500672,500672,500672,53,0.0,0.0,0.0,0.0,0.0,0.0,
500673,500673,500673,53,0.0,0.0,0.0,0.0,0.0,0.0,
500674,500674,500674,53,0.0,0.0,0.0,0.0,0.0,0.0,
500675,500675,500675,53,0.0,0.0,0.0,0.0,0.0,0.0,
500676,500676,500676,53,0.0,0.0,0.0,0.0,0.0,0.0,
500677,500677,500677,53,0.0,0.0,0.0,0.0,0.0,0.0,
500678,500678,500678,53,0.0,0.0,0.0,0.0,0.0,0.0,
500679,500679,500679,53,0.0,0.0,0.0,0.0,0.0,0.0,
500680,500680,500680,53,0.0,0.0,0.0,0.0,0.0,0.0,
500681,500681,500681,53,0.0,0.0,0.0,0.0,0.0,0.0,
500682,500682,500682,53,0.0,0.0,0.0,0.0,0.0,0.0,
500683,500683,500683,53,0.0,0.0,0.0,0.0,0.0,0.0,
500684,500684,500684,53,0.0,0.0,0.0,0.0,0.0,0.0,
500685,500685,500685,53,0.0,0.0,0.0,0.0,0.0,0.0,
500686,500686,500686,53,0.0,0.0,0.0,0.0,0.0,0.0,
500687,500687,500687,53,0.0,0.0,0.0,0.0,0.0,0.0,
500688,500688,500688,53,0.0,0.0,0.0,0.0,0.0,0.0,
500689,500689,500689,53,0.0,0.0,0.0,0.0,0.0,0.0,
500690,500690,500690,53,0.0,0.0,0.0,0.0,0.0,0.0,
500691,500691,500691,53,0.0,0.0,0.0,0.0,0.0,0.0,
500692,500692,500692,53,0.0,0.0,0.0,0.0,0.0,0.0,
500693,500693,500693,53,0.0,0.0,0.0,0.0,0.0,0.0,
500694,500694,500694,53,0.0,0.0,0.0,0.0,0.0,0.0,
500695,500695,500695,53,0.0,0.0,0.0,0.0,0.0,0.0,
500696,500696,500696,53,0.0,0.0,0.0,0.0,0.0,0.0,
500697,500697,500697,53,0.0,0.0,0.0,0.0,0.0,0.0,
500698,500698,500698,53,0.0,0.0,0.0,0.0,0.0,0.0,
500699,500699,500699,53,0.0,0.0,0.0,0.0,0.0,0.0,
500700,500700,500700,53,0.0,0.0,0.0,0.0,0.0,0.0,
500701,500701,500701,53,0.0,0.0,0.0,0.0,0.0,0.0,
500702,500702,500702,53,0.0,0.0,0.0,0.0,0.0,0.0,
500703,500703,500703,53,0.0,0.0,0.0,0.0,0.0,0.0,
500704,500704,500704,53,0.0,0.0,0.0,0.0,0.0,0.0,
500705,500705,500705,53,0.0,0.0,0.0,0.0,0.0,0.0,
500706,500706,500706,53,0.0,0.0,0.0,0.0,0.0,0.0,
500707,500707,500707,53,0.0,0.0,0.0,0.0,0.0,0.0,
500708,500708,500708,53,0.0,0.0,0.0,0.0,0.0,0.0,
500709,500709,500709,53,0.0,0.0,0.0,0.0,0.0,0.0,
500710,500710,500710,53,0.0,0.0,0.0,0.0,0.0,0.0,
500711,500711,500711,53,0.0,0.0,0.0,0.0,0.0,0.0,
500712,500712,500712,53,0.0,0.0,0.0,0.0,0.0,0.0,
500713,500713,500713,53,0.0,0.0,0.0,0.0,0.0,0.0,
500714,500714,500714,53,0.0,0.0,0.0,0.0,0.0,0.0,
500715,500715,500715,53,0.0,0.0,0.0,0.0,0.0,0.0,
500716,500716,500716,53,0.0,0.0,0.0,0.0,0.0,0.0,
500717,500717,500717,53,0.0,0.0,0.0,0.0,0.0,0.0,
500718,500718,500718,53,0.0,0.0,0.0,0.0,0.0,0.0,
500719,500719,500719,53,0.0,0.0,0.0,0.0,0.0,0.0,
500720,500720,500720,53,0.0,0.0,0.0,0.0,0.0,0.0,
500721,500721,500721,53,0.0,0.0,0.0,0.0,0.0,0.0,
500722,500722,500722,53,0.0,0.0,0.0,0.0,0.0,0.0,
500723,500723,500723,53,0.0,0.0,0.0,0.0,0.0,0.0,
500724,500724,500724,53,0.0,0.0,0.0,0.0,0.0,0.0,
500725,500725,500725,53,0.0,0.0,0.0,0.0,0.0,0.0,
500726,500726,500726,53,0.0,0.0,0.0,0.0,0.0,0.0,
500727,500727,500727,53,0.0,0.0,0.0,0.0,0.0,0.0,
500728,500728,500728,53,0.0,0.0,0.0,0.0,0.0,0.0,
500729,500729,500729,53,0.0,0.0,0.0,0.0,0.0,0.0,
500730,500730,500730,53,0.0,0.0,0.0,0.0,0.0,0.0,
500731,500731,500731,53,0.0,0.0,0.0,0.0,0.0,0.0,
500732,500732,500732,53,0.0,0.0,0.0,0.0,0.0,0.0,
500733,500733,500733,53,0.0,0.0,0.0,0.0,0.0,0.0,
500734,500734,500734,53,0.0,0.0,0.0,0.0,0.0,0.0,
500735,500735,500735,53,0.0,0.0,0.0,0.0,0.0,0.0,
500736,500736,500736,53,0.0,0.0,0.0,0.0,0.0,0.0,
500737,500737,500737,53,0.0,0.0,0.0,0.0,0.0,0.0,
500738,500738,500738,53,0.0,0.0,0.0,0.0,0.0,0.0,
500739,500739,500739,53,0.0,0.0,0.0,0.0,0.0,0.0,
500740,500740,500740,53,0.0,0.0,0.0,0.0,0.0,0.0,
500741,500741,500741,53,0.0,0.0,0.0,0.0,0.0,0.0,
500742,500742,500742,53,0.0,0.0,0.0,0.0,0.0,0.0,
500743,500743,500743,53,0.0,0.0,0.0,0.0,0.0,0.0,
500744,500744,500744,53,0.0,0.0,0.0,0.0,0.0,0.0,
500745,500745,500745,53,0.0,0.0,0.0,0.0,0.0,0.0,
500746,500746,500746,53,0.0,0.0,0.0,0.0,0.0,0.0,
500747,500747,500747,53,0.0,0.0,0.0,0.0,0.0,0.0,
500748,500748,500748,53,0.0,0.0,0.0,0.0,0.0,0.0,
500749,500749,500749,53,0.0,0.0,0.0,0.0,0.0,0.0,
500750,500750,500750,53,0.0,0.0,0.0,0.0,0.0,0.0,
500751,500751,500751,53,0.0,0.0,0.0,0.0,0.0,0.0,
500752,500752,500752,53,0.0,0.0,0.0,0.0,0.0,0.0,
500753,500753,500753,53,0.0,0.0,0.0,0.0,0.0,0.0,
500754,500754,500754,53,0.0,0.0,0.0,0.0,0.0,0.0,
500755,500755,500755,53,0.0,0.0,0.0,0.0,0.0,0.0,
500756,500756,500756,53,0.0,0.0,0.0,0.0,0.0,0.0,
500757,500757,500757,53,0.0,0.0,0.0,0.0,0.0,0.0,
500758,500758,500758,53,0.0,0.0,0.0,0.0,0.0,0.0,
500759,500759,500759,53,0.0,0.0,0.0,0.0,0.0,0.0,
500760,500760,500760,53,0.0,0.0,0.0,0.0,0.0,0.0,
500761,500761,500761,53,0.0,0.0,0.0,0.0,0.0,0.0,
500762,500762,500762,53,0.0,0.0,0.0,0.0,0.0,0.0,
500763,500763,500763,53,0.0,0.0,0.0,0.0,0.0,0.0,
500764,500764,500764,53,0.0,0.0,0.0,0.0,0.0,0.0,
500765,500765,500765,53,0.0,0.0,0.0,0.0,0.0,0.0,
500766,500766,500766,53,0.0,0.0,0.0,0.0,0.0,0.0,
500767,500767,500767,53,0.0,0.0,0.0,0.0,0.0,0.0,
500768,500768,500768,53,0.0,0.0,0.0,0.0,0.0,0.0,
500769,500769,500769,53,0.0,0.0,0.0,0.0,0.0,0.0,
500770,500770,500770,53,0.0,0.0,0.0,0.0,0.0,0.0,
500771,500771,500771,53,0.0,0.0,0.0,0.0,0.0,0.0,
500772,500772,500772,53,0.0,0.0,0.0,0.0,0.0,0.0,
500773,500773,500773,53,0.0,0.0,0.0,0.0,0.0,0.0,
500774,500774,500774,53,0.0,0.0,0.0,0.0,0.0,0.0,
500775,500775,500775,53,0.0,0.0,0.0,0.0,0.0,0.0,
500776,500776,500776,53,0.0,0.0,0.0,0.0,0.0,0.0,
500777,500777,500777,53,0.0,0.0,0.0,0.0,0.0,0.0,
500778,500778,500778,53,0.0,0.0,0.0,0.0,0.0,0.0,
500779,500779,500779,53,0.0,0.0,0.0,0.0,0.0,0.0,
500780,500780,500780,53,0.0,0.0,0.0,0.0,0.0,0.0,
500781,500781,500781,53,0.0,0.0,0.0,0.0,0.0,0.0,
500782,500782,500782,53,0.0,0.0,0.0,0.0,0.0,0.0,
500783,500783,500783,53,0.0,0.0,0.0,0.0,0.0,0.0,
500784,500784,500784,53,0.0,0.0,0.0,0.0,0.0,0.0,
500785,500785,500785,53,0.0,0.0,0.0,0.0,0.0,0.0,
500786,500786,500786,53,0.0,0.0,0.0,0.0,0.0,0.0,
500787,500787,500787,53,0.0,0.0,0.0,0.0,0.0,0.0,
500788,500788,500788,53,0.0,0.0,0.0,0.0,0.0,0.0,
500789,500789,500789,53,0.0,0.0,0.0,0.0,0.0,0.0,
500790,500790,500790,53,0.0,0.0,0.0,0.0,0.0,0.0,
500791,500791,500791,53,0.0,0.0,0.0,0.0,0.0,0.0,
500792,500792,500792,53,0.0,0.0,0.0,0.0,0.0,0.0,
500793,500793,500793,53,0.0,0.0,0.0,0.0,0.0,0.0,
500794,500794,500794,53,0.0,0.0,0.0,0.0,0.0,0.0,
500795,500795,500795,53,0.0,0.0,0.0,0.0,0.0,0.0,
500796,500796,500796,53,0.0,0.0,0.0,0.0,0.0,0.0,
500797,500797,500797,53,0.0,0.0,0.0,0.0,0.0,0.0,
500798,500798,500798,53,0.0,0.0,0.0,0.0,0.0,0.0,
500799,500799,500799,53,0.0,0.0,0.0,0.0,0.0,0.0,
500800,500800,500800,53,0.0,0.0,0.0,0.0,0.0,0.0,
500801,500801,500801,53,0.0,0.0,0.0,0.0,0.0,0.0,
500802,500802,500802,53,0.0,0.0,0.0,0.0,0.0,0.0,
500803,500803,500803,53,0.0,0.0,0.0,0.0,0.0,0.0,
500804,500804,500804,53,0.0,0.0,0.0,0.0,0.0,0.0,
500805,500805,500805,53,0.0,0.0,0.0,0.0,0.0,0.0,
500806,500806,500806,53,0.0,0.0,0.0,0.0,0.0,0.0,
500807,500807,500807,53,0.0,0.0,0.0,0.0,0.0,0.0,
500808,500808,500808,53,0.0,0.0,0.0,0.0,0.0,0.0,
500809,500809,500809,53,0.0,0.0,0.0,0.0,0.0,0.0,
500810,500810,500810,53,0.0,0.0,0.0,0.0,0.0,0.0,
500811,500811,500811,53,0.0,0.0,0.0,0.0,0.0,0.0,
500812,500812,500812,53,0.0,0.0,0.0,0.0,0.0,0.0,
500813,500813,500813,53,0.0,0.0,0.0,0.0,0.0,0.0,
500814,500814,500814,53,0.0,0.0,0.0,0.0,0.0,0.0,
500815,500815,500815,53,0.0,0.0,0.0,0.0,0.0,0.0,
500816,500816,500816,53,0.0,0.0,0.0,0.0,0.0,0.0,
500817,500817,500817,53,0.0,0.0,0.0,0.0,0.0,0.0,
500818,500818,500818,53,0.0,0.0,0.0,0.0,0.0,0.0,
500819,500819,500819,53,0.0,0.0,0.0,0.0,0.0,0.0,
500820,500820,500820,53,0.0,0.0,0.0,0.0,0.0,0.0,
500821,500821,500821,53,0.0,0.0,0.0,0.0,0.0,0.0,
500822,500822,500822,53,0.0,0.0,0.0,0.0,0.0,0.0,
500823,500823,500823,53,0.0,0.0,0.0,0.0,0.0,0.0,
500824,500824,500824,53,0.0,0.0,0.0,0.0,0.0,0.0,
500825,500825,500825,53,0.0,0.0,0.0,0.0,0.0,0.0,
500826,500826,500826,53,0.0,0.0,0.0,0.0,0.0,0.0,
500827,500827,500827,53,0.0,0.0,0.0,0.0,0.0,0.0,
500828,500828,500828,53,0.0,0.0,0.0,0.0,0.0,0.0,
500829,500829,500829,53,0.0,0.0,0.0,0.0,0.0,0.0,
500830,500830,500830,53,0.0,0.0,0.0,0.0,0.0,0.0,
500831,500831,500831,53,0.0,0.0,0.0,0.0,0.0,0.0,
500832,500832,500832,53,0.0,0.0,0.0,0.0,0.0,0.0,
500833,500833,500833,53,0.0,0.0,0.0,0.0,0.0,0.0,
500834,500834,500834,53,0.0,0.0,0.0,0.0,0.0,0.0,
500835,500835,500835,53,0.0,0.0,0.0,0.0,0.0,0.0,
500836,500836,500836,53,0.0,0.0,0.0,0.0,0.0,0.0,
500837,500837,500837,53,0.0,0.0,0.0,0.0,0.0,0.0,
500838,500838,500838,53,0.0,0.0,0.0,0.0,0.0,0.0,
500839,500839,500839,53,0.0,0.0,0.0,0.0,0.0,0.0,
500840,500840,500840,53,0.0,0.0,0.0,0.0,0.0,0.0,
500841,500841,500841,53,0.0,0.0,0.0,0.0,0.0,0.0,
500842,500842,500842,53,0.0,0.0,0.0,0.0,0.0,0.0,
500843,500843,500843,53,0.0,0.0,0.0,0.0,0.0,0.0,
500844,500844,500844,53,0.0,0.0,0.0,0.0,0.0,0.0,
500845,500845,500845,53,0.0,0.0,0.0,0.0,0.0,0.0,
500846,500846,500846,53,0.0,0.0,0.0,0.0,0.0,0.0,
500847,500847,500847,53,0.0,0.0,0.0,0.0,0.0,0.0,
500848,500848,500848,53,0.0,0.0,0.0,0.0,0.0,0.0,
500849,500849,500849,53,0.0,0.0,0.0,0.0,0.0,0.0,
500850,500850,500850,53,0.0,0.0,0.0,0.0,0.0,0.0,
500851,500851,500851,53,0.0,0.0,0.0,0.0,0.0,0.0,
500852,500852,500852,53,0.0,0.0,0.0,0.0,0.0,0.0,
500853,500853,500853,53,0.0,0.0,0.0,0.0,0.0,0.0,
500854,500854,500854,53,0.0,0.0,0.0,0.0,0.0,0.0,
500855,500855,500855,53,0.0,0.0,0.0,0.0,0.0,0.0,
500856,500856,500856,53,0.0,0.0,0.0,0.0,0.0,0.0,
500857,500857,500857,53,0.0,0.0,0.0,0.0,0.0,0.0,
500858,500858,500858,53,0.0,0.0,0.0,0.0,0.0,0.0,
500859,500859,500859,53,0.0,0.0,0.0,0.0,0.0,0.0,
500860,500860,500860,53,0.0,0.0,0.0,0.0,0.0,0.0,
500861,500861,500861,53,0.0,0.0,0.0,0.0,0.0,0.0,
500862,500862,500862,53,0.0,0.0,0.0,0.0,0.0,0.0,
500863,500863,500863,53,0.0,0.0,0.0,0.0,0.0,0.0,
500864,500864,500864,53,0.0,0.0,0.0,0.0,0.0,0.0,
500865,500865,500865,53,0.0,0.0,0.0,0.0,0.0,0.0,
500866,500866,500866,53,0.0,0.0,0.0,0.0,0.0,0.0,
500867,500867,500867,53,0.0,0.0,0.0,0.0,0.0,0.0,
500868,500868,500868,53,0.0,0.0,0.0,0.0,0.0,0.0,
500869,500869,500869,53,0.0,0.0,0.0,0.0,0.0,0.0,
500870,500870,500870,53,0.0,0.0,0.0,0.0,0.0,0.0,
500871,500871,500871,53,0.0,0.0,0.0,0.0,0.0,0.0,
500872,500872,500872,53,0.0,0.0,0.0,0.0,0.0,0.0,
500873,500873,500873,53,0.0,0.0,0.0,0.0,0.0,0.0,
500874,500874,500874,53,0.0,0.0,0.0,0.0,0.0,0.0,
500875,500875,500875,53,0.0,0.0,0.0,0.0,0.0,0.0,
500876,500876,500876,53,0.0,0.0,0.0,0.0,0.0,0.0,
500877,500877,500877,53,0.0,0.0,0.0,0.0,0.0,0.0,
500878,500878,500878,53,0.0,0.0,0.0,0.0,0.0,0.0,
500879,500879,500879,53,0.0,0.0,0.0,0.0,0.0,0.0,
500880,500880,500880,53,0.0,0.0,0.0,0.0,0.0,0.0,
500881,500881,500881,53,0.0,0.0,0.0,0.0,0.0,0.0,
500882,500882,500882,53,0.0,0.0,0.0,0.0,0.0,0.0,
500883,500883,500883,53,0.0,0.0,0.0,0.0,0.0,0.0,
500884,500884,500884,53,0.0,0.0,0.0,0.0,0.0,0.0,
500885,500885,500885,53,0.0,0.0,0.0,0.0,0.0,0.0,
500886,500886,500886,53,0.0,0.0,0.0,0.0,0.0,0.0,
500887,500887,500887,53,0.0,0.0,0.0,0.0,0.0,0.0,
500888,500888,500888,53,0.0,0.0,0.0,0.0,0.0,0.0,
500889,500889,500889,53,0.0,0.0,0.0,0.0,0.0,0.0,
500890,500890,500890,53,0.0,0.0,0.0,0.0,0.0,0.0,
500891,500891,500891,53,0.0,0.0,0.0,0.0,0.0,0.0,
500892,500892,500892,53,0.0,0.0,0.0,0.0,0.0,0.0,
500893,500893,500893,53,0.0,0.0,0.0,0.0,0.0,0.0,
500894,500894,500894,53,0.0,0.0,0.0,0.0,0.0,0.0,
500895,500895,500895,53,0.0,0.0,0.0,0.0,0.0,0.0,
500896,500896,500896,53,0.0,0.0,0.0,0.0,0.0,0.0,
500897,500897,500897,53,0.0,0.0,0.0,0.0,0.0,0.0,
500898,500898,500898,53,0.0,0.0,0.0,0.0,0.0,0.0,
500899,500899,500899,53,0.0,0.0,0.0,0.0,0.0,0.0,
500900,500900,500900,53,0.0,0.0,0.0,0.0,0.0,0.0,
500901,500901,500901,53,0.0,0.0,0.0,0.0,0.0,0.0,
500902,500902,500902,53,0.0,0.0,0.0,0.0,0.0,0.0,
500903,500903,500903,53,0.0,0.0,0.0,0.0,0.0,0.0,
500904,500904,500904,53,0.0,0.0,0.0,0.0,0.0,0.0,
500905,500905,500905,53,0.0,0.0,0.0,0.0,0.0,0.0,
500906,500906,500906,53,0.0,0.0,0.0,0.0,0.0,0.0,
500907,500907,500907,53,0.0,0.0,0.0,0.0,0.0,0.0,
500908,500908,500908,53,0.0,0.0,0.0,0.0,0.0,0.0,
500909,500909,500909,53,0.0,0.0,0.0,0.0,0.0,0.0,
500910,500910,500910,53,0.0,0.0,0.0,0.0,0.0,0.0,
500911,500911,500911,53,0.0,0.0,0.0,0.0,0.0,0.0,
500912,500912,500912,53,0.0,0.0,0.0,0.0,0.0,0.0,
500913,500913,500913,53,0.0,0.0,0.0,0.0,0.0,0.0,
500914,500914,500914,53,0.0,0.0,0.0,0.0,0.0,0.0,
500915,500915,500915,53,0.0,0.0,0.0,0.0,0.0,0.0,
500916,500916,500916,53,0.0,0.0,0.0,0.0,0.0,0.0,
500917,500917,500917,53,0.0,0.0,0.0,0.0,0.0,0.0,
500918,500918,500918,53,0.0,0.0,0.0,0.0,0.0,0.0,
500919,500919,500919,53,0.0,0.0,0.0,0.0,0.0,0.0,
500920,500920,500920,53,0.0,0.0,0.0,0.0,0.0,0.0,
500921,500921,500921,53,0.0,0.0,0.0,0.0,0.0,0.0,
500922,500922,500922,53,0.0,0.0,0.0,0.0,0.0,0.0,
500923,500923,500923,53,0.0,0.0,0.0,0.0,0.0,0.0,
500924,500924,500924,53,0.0,0.0,0.0,0.0,0.0,0.0,
500925,500925,500925,53,0.0,0.0,0.0,0.0,0.0,0.0,
500926,500926,500926,53,0.0,0.0,0.0,0.0,0.0,0.0,
500927,500927,500927,53,0.0,0.0,0.0,0.0,0.0,0.0,
500928,500928,500928,53,0.0,0.0,0.0,0.0,0.0,0.0,
500929,500929,500929,53,0.0,0.0,0.0,0.0,0.0,0.0,
500930,500930,500930,53,0.0,0.0,0.0,0.0,0.0,0.0,
500931,500931,500931,53,0.0,0.0,0.0,0.0,0.0,0.0,
500932,500932,500932,53,0.0,0.0,0.0,0.0,0.0,0.0,
500933,500933,500933,53,0.0,0.0,0.0,0.0,0.0,0.0,
500934,500934,500934,53,0.0,0.0,0.0,0.0,0.0,0.0,
500935,500935,500935,53,0.0,0.0,0.0,0.0,0.0,0.0,
500936,500936,500936,53,0.0,0.0,0.0,0.0,0.0,0.0,
500937,500937,500937,53,0.0,0.0,0.0,0.0,0.0,0.0,
500938,500938,500938,53,0.0,0.0,0.0,0.0,0.0,0.0,
500939,500939,500939,53,0.0,0.0,0.0,0.0,0.0,0.0,
500940,500940,500940,53,0.0,0.0,0.0,0.0,0.0,0.0,
500941,500941,500941,53,0.0,0.0,0.0,0.0,0.0,0.0,
500942,500942,500942,53,0.0,0.0,0.0,0.0,0.0,0.0,
500943,500943,500943,53,0.0,0.0,0.0,0.0,0.0,0.0,
500944,500944,500944,53,0.0,0.0,0.0,0.0,0.0,0.0,
500945,500945,500945,53,0.0,0.0,0.0,0.0,0.0,0.0,
500946,500946,500946,53,0.0,0.0,0.0,0.0,0.0,0.0,
500947,500947,500947,53,0.0,0.0,0.0,0.0,0.0,0.0,
500948,500948,500948,53,0.0,0.0,0.0,0.0,0.0,0.0,
500949,500949,500949,53,0.0,0.0,0.0,0.0,0.0,0.0,
500950,500950,500950,53,0.0,0.0,0.0,0.0,0.0,0.0,
500951,500951,500951,53,0.0,0.0,0.0,0.0,0.0,0.0,
500952,500952,500952,53,0.0,0.0,0.0,0.0,0.0,0.0,
500953,500953,500953,53,0.0,0.0,0.0,0.0,0.0,0.0,
500954,500954,500954,53,0.0,0.0,0.0,0.0,0.0,0.0,
500955,500955,500955,53,0.0,0.0,0.0,0.0,0.0,0.0,
500956,500956,500956,53,0.0,0.0,0.0,0.0,0.0,0.0,
500957,500957,500957,53,0.0,0.0,0.0,0.0,0.0,0.0,
500958,500958,500958,53,0.0,0.0,0.0,0.0,0.0,0.0,
500959,500959,500959,53,0.0,0.0,0.0,0.0,0.0,0.0,
500960,500960,500960,53,0.0,0.0,0.0,0.0,0.0,0.0,
500961,500961,500961,53,0.0,0.0,0.0,0.0,0.0,0.0,
500962,500962,500962,53,0.0,0.0,0.0,0.0,0.0,0.0,
500963,500963,500963,53,0.0,0.0,0.0,0.0,0.0,0.0,
500964,500964,500964,53,0.0,0.0,0.0,0.0,0.0,0.0,
500965,500965,500965,53,0.0,0.0,0.0,0.0,0.0,0.0,
500966,500966,500966,53,0.0,0.0,0.0,0.0,0.0,0.0,
500967,500967,500967,53,0.0,0.0,0.0,0.0,0.0,0.0,
500968,500968,500968,53,0.0,0.0,0.0,0.0,0.0,0.0,
500969,500969,500969,53,0.0,0.0,0.0,0.0,0.0,0.0,
500970,500970,500970,53,0.0,0.0,0.0,0.0,0.0,0.0,
500971,500971,500971,53,0.0,0.0,0.0,0.0,0.0,0.0,
500972,500972,500972,53,0.0,0.0,0.0,0.0,0.0,0.0,
500973,500973,500973,53,0.0,0.0,0.0,0.0,0.0,0.0,
500974,500974,500974,53,0.0,0.0,0.0,0.0,0.0,0.0,
500975,500975,500975,53,0.0,0.0,0.0,0.0,0.0,0.0,
500976,500976,500976,53,0.0,0.0,0.0,0.0,0.0,0.0,
500977,500977,500977,53,0.0,0.0,0.0,0.0,0.0,0.0,
500978,500978,500978,53,0.0,0.0,0.0,0.0,0.0,0.0,
500979,500979,500979,53,0.0,0.0,0.0,0.0,0.0,0.0,
500980,500980,500980,53,0.0,0.0,0.0,0.0,0.0,0.0,
500981,500981,500981,53,0.0,0.0,0.0,0.0,0.0,0.0,
500982,500982,500982,53,0.0,0.0,0.0,0.0,0.0,0.0,
500983,500983,500983,53,0.0,0.0,0.0,0.0,0.0,0.0,
500984,500984,500984,53,0.0,0.0,0.0,0.0,0.0,0.0,
500985,500985,500985,53,0.0,0.0,0.0,0.0,0.0,0.0,
500986,500986,500986,53,0.0,0.0,0.0,0.0,0.0,0.0,
500987,500987,500987,53,0.0,0.0,0.0,0.0,0.0,0.0,
500988,500988,500988,53,0.0,0.0,0.0,0.0,0.0,0.0,
500989,500989,500989,53,0.0,0.0,0.0,0.0,0.0,0.0,
500990,500990,500990,53,0.0,0.0,0.0,0.0,0.0,0.0,
500991,500991,500991,53,0.0,0.0,0.0,0.0,0.0,0.0,
500992,500992,500992,53,0.0,0.0,0.0,0.0,0.0,0.0,
500993,500993,500993,53,0.0,0.0,0.0,0.0,0.0,0.0,
500994,500994,500994,53,0.0,0.0,0.0,0.0,0.0,0.0,
500995,500995,500995,53,0.0,0.0,0.0,0.0,0.0,0.0,
500996,500996,500996,53,0.0,0.0,0.0,0.0,0.0,0.0,
500997,500997,500997,53,0.0,0.0,0.0,0.0,0.0,0.0,
500998,500998,500998,53,0.0,0.0,0.0,0.0,0.0,0.0,
500999,500999,500999,53,0.0,0.0,0.0,0.0,0.0,0.0,
501000,501000,501000,53,0.0,0.0,0.0,0.0,0.0,0.0,
501001,501001,501001,53,0.0,0.0,0.0,0.0,0.0,0.0,
501002,501002,501002,53,0.0,0.0,0.0,0.0,0.0,0.0,
501003,501003,501003,53,0.0,0.0,0.0,0.0,0.0,0.0,
501004,501004,501004,53,0.0,0.0,0.0,0.0,0.0,0.0,
501005,501005,501005,53,0.0,0.0,0.0,0.0,0.0,0.0,
501006,501006,501006,53,0.0,0.0,0.0,0.0,0.0,0.0,
501007,501007,501007,53,0.0,0.0,0.0,0.0,0.0,0.0,
501008,501008,501008,53,0.0,0.0,0.0,0.0,0.0,0.0,
501009,501009,501009,53,0.0,0.0,0.0,0.0,0.0,0.0,
501010,501010,501010,53,0.0,0.0,0.0,0.0,0.0,0.0,
501011,501011,501011,53,0.0,0.0,0.0,0.0,0.0,0.0,
501012,501012,501012,53,0.0,0.0,0.0,0.0,0.0,0.0,
501013,501013,501013,53,0.0,0.0,0.0,0.0,0.0,0.0,
501014,501014,501014,53,0.0,0.0,0.0,0.0,0.0,0.0,
501015,501015,501015,53,0.0,0.0,0.0,0.0,0.0,0.0,
501016,501016,501016,53,0.0,0.0,0.0,0.0,0.0,0.0,
501017,501017,501017,53,0.0,0.0,0.0,0.0,0.0,0.0,
501018,501018,501018,53,0.0,0.0,0.0,0.0,0.0,0.0,
501019,501019,501019,53,0.0,0.0,0.0,0.0,0.0,0.0,
501020,501020,501020,53,0.0,0.0,0.0,0.0,0.0,0.0,
501021,501021,501021,53,0.0,0.0,0.0,0.0,0.0,0.0,
501022,501022,501022,53,0.0,0.0,0.0,0.0,0.0,0.0,
501023,501023,501023,53,0.0,0.0,0.0,0.0,0.0,0.0,
501024,501024,501024,53,0.0,0.0,0.0,0.0,0.0,0.0,
501025,501025,501025,53,0.0,0.0,0.0,0.0,0.0,0.0,
501026,501026,501026,53,0.0,0.0,0.0,0.0,0.0,0.0,
501027,501027,501027,53,0.0,0.0,0.0,0.0,0.0,0.0,
501028,501028,501028,53,0.0,0.0,0.0,0.0,0.0,0.0,
501029,501029,501029,53,0.0,0.0,0.0,0.0,0.0,0.0,
501030,501030,501030,53,0.0,0.0,0.0,0.0,0.0,0.0,
501031,501031,501031,53,0.0,0.0,0.0,0.0,0.0,0.0,
501032,501032,501032,53,0.0,0.0,0.0,0.0,0.0,0.0,
501033,501033,501033,53,0.0,0.0,0.0,0.0,0.0,0.0,
501034,501034,501034,53,0.0,0.0,0.0,0.0,0.0,0.0,
501035,501035,501035,53,0.0,0.0,0.0,0.0,0.0,0.0,
501036,501036,501036,53,0.0,0.0,0.0,0.0,0.0,0.0,
501037,501037,501037,53,0.0,0.0,0.0,0.0,0.0,0.0,
501038,501038,501038,53,0.0,0.0,0.0,0.0,0.0,0.0,
501039,501039,501039,53,0.0,0.0,0.0,0.0,0.0,0.0,
501040,501040,501040,53,0.0,0.0,0.0,0.0,0.0,0.0,
501041,501041,501041,53,0.0,0.0,0.0,0.0,0.0,0.0,
501042,501042,501042,53,0.0,0.0,0.0,0.0,0.0,0.0,
501043,501043,501043,53,0.0,0.0,0.0,0.0,0.0,0.0,
501044,501044,501044,53,0.0,0.0,0.0,0.0,0.0,0.0,
501045,501045,501045,53,0.0,0.0,0.0,0.0,0.0,0.0,
501046,501046,501046,53,0.0,0.0,0.0,0.0,0.0,0.0,
501047,501047,501047,53,0.0,0.0,0.0,0.0,0.0,0.0,
501048,501048,501048,53,0.0,0.0,0.0,0.0,0.0,0.0,
501049,501049,501049,53,0.0,0.0,0.0,0.0,0.0,0.0,
501050,501050,501050,53,0.0,0.0,0.0,0.0,0.0,0.0,
501051,501051,501051,53,0.0,0.0,0.0,0.0,0.0,0.0,
501052,501052,501052,53,0.0,0.0,0.0,0.0,0.0,0.0,
501053,501053,501053,53,0.0,0.0,0.0,0.0,0.0,0.0,
501054,501054,501054,53,0.0,0.0,0.0,0.0,0.0,0.0,
501055,501055,501055,53,0.0,0.0,0.0,0.0,0.0,0.0,
501056,501056,501056,53,0.0,0.0,0.0,0.0,0.0,0.0,
501057,501057,501057,53,0.0,0.0,0.0,0.0,0.0,0.0,
501058,501058,501058,53,0.0,0.0,0.0,0.0,0.0,0.0,
501059,501059,501059,53,0.0,0.0,0.0,0.0,0.0,0.0,
501060,501060,501060,53,0.0,0.0,0.0,0.0,0.0,0.0,
501061,501061,501061,53,0.0,0.0,0.0,0.0,0.0,0.0,
501062,501062,501062,53,0.0,0.0,0.0,0.0,0.0,0.0,
501063,501063,501063,53,0.0,0.0,0.0,0.0,0.0,0.0,
501064,501064,501064,53,0.0,0.0,0.0,0.0,0.0,0.0,
501065,501065,501065,53,0.0,0.0,0.0,0.0,0.0,0.0,
501066,501066,501066,53,0.0,0.0,0.0,0.0,0.0,0.0,
501067,501067,501067,53,0.0,0.0,0.0,0.0,0.0,0.0,
501068,501068,501068,53,0.0,0.0,0.0,0.0,0.0,0.0,
501069,501069,501069,53,0.0,0.0,0.0,0.0,0.0,0.0,
501070,501070,501070,53,0.0,0.0,0.0,0.0,0.0,0.0,
501071,501071,501071,53,0.0,0.0,0.0,0.0,0.0,0.0,
501072,501072,501072,53,0.0,0.0,0.0,0.0,0.0,0.0,
501073,501073,501073,53,0.0,0.0,0.0,0.0,0.0,0.0,
501074,501074,501074,53,0.0,0.0,0.0,0.0,0.0,0.0,
501075,501075,501075,53,0.0,0.0,0.0,0.0,0.0,0.0,
501076,501076,501076,53,0.0,0.0,0.0,0.0,0.0,0.0,
501077,501077,501077,53,0.0,0.0,0.0,0.0,0.0,0.0,
501078,501078,501078,53,0.0,0.0,0.0,0.0,0.0,0.0,
501079,501079,501079,53,0.0,0.0,0.0,0.0,0.0,0.0,
501080,501080,501080,53,0.0,0.0,0.0,0.0,0.0,0.0,
501081,501081,501081,53,0.0,0.0,0.0,0.0,0.0,0.0,
501082,501082,501082,53,0.0,0.0,0.0,0.0,0.0,0.0,
501083,501083,501083,53,0.0,0.0,0.0,0.0,0.0,0.0,
501084,501084,501084,53,0.0,0.0,0.0,0.0,0.0,0.0,
501085,501085,501085,53,0.0,0.0,0.0,0.0,0.0,0.0,
501086,501086,501086,53,0.0,0.0,0.0,0.0,0.0,0.0,
501087,501087,501087,53,0.0,0.0,0.0,0.0,0.0,0.0,
501088,501088,501088,53,0.0,0.0,0.0,0.0,0.0,0.0,
501089,501089,501089,53,0.0,0.0,0.0,0.0,0.0,0.0,
501090,501090,501090,53,0.0,0.0,0.0,0.0,0.0,0.0,
501091,501091,501091,53,0.0,0.0,0.0,0.0,0.0,0.0,
501092,501092,501092,53,0.0,0.0,0.0,0.0,0.0,0.0,
501093,501093,501093,53,0.0,0.0,0.0,0.0,0.0,0.0,
501094,501094,501094,53,0.0,0.0,0.0,0.0,0.0,0.0,
501095,501095,501095,53,0.0,0.0,0.0,0.0,0.0,0.0,
501096,501096,501096,53,0.0,0.0,0.0,0.0,0.0,0.0,
501097,501097,501097,53,0.0,0.0,0.0,0.0,0.0,0.0,
501098,501098,501098,53,0.0,0.0,0.0,0.0,0.0,0.0,
501099,501099,501099,53,0.0,0.0,0.0,0.0,0.0,0.0,
501100,501100,501100,53,0.0,0.0,0.0,0.0,0.0,0.0,
501101,501101,501101,53,0.0,0.0,0.0,0.0,0.0,0.0,
501102,501102,501102,53,0.0,0.0,0.0,0.0,0.0,0.0,
501103,501103,501103,53,0.0,0.0,0.0,0.0,0.0,0.0,
501104,501104,501104,53,0.0,0.0,0.0,0.0,0.0,0.0,
501105,501105,501105,53,0.0,0.0,0.0,0.0,0.0,0.0,
501106,501106,501106,53,0.0,0.0,0.0,0.0,0.0,0.0,
501107,501107,501107,53,0.0,0.0,0.0,0.0,0.0,0.0,
501108,501108,501108,53,0.0,0.0,0.0,0.0,0.0,0.0,
501109,501109,501109,53,0.0,0.0,0.0,0.0,0.0,0.0,
501110,501110,501110,53,0.0,0.0,0.0,0.0,0.0,0.0,
501111,501111,501111,53,0.0,0.0,0.0,0.0,0.0,0.0,
501112,501112,501112,53,0.0,0.0,0.0,0.0,0.0,0.0,
501113,501113,501113,53,0.0,0.0,0.0,0.0,0.0,0.0,
501114,501114,501114,53,0.0,0.0,0.0,0.0,0.0,0.0,
501115,501115,501115,53,0.0,0.0,0.0,0.0,0.0,0.0,
501116,501116,501116,53,0.0,0.0,0.0,0.0,0.0,0.0,
501117,501117,501117,53,0.0,0.0,0.0,0.0,0.0,0.0,
501118,501118,501118,53,0.0,0.0,0.0,0.0,0.0,0.0,
501119,501119,501119,53,0.0,0.0,0.0,0.0,0.0,0.0,
501120,501120,501120,53,0.0,0.0,0.0,0.0,0.0,0.0,
501121,501121,501121,53,0.0,0.0,0.0,0.0,0.0,0.0,
501122,501122,501122,53,0.0,0.0,0.0,0.0,0.0,0.0,
501123,501123,501123,53,0.0,0.0,0.0,0.0,0.0,0.0,
501124,501124,501124,53,0.0,0.0,0.0,0.0,0.0,0.0,
501125,501125,501125,53,0.0,0.0,0.0,0.0,0.0,0.0,
501126,501126,501126,53,0.0,0.0,0.0,0.0,0.0,0.0,
501127,501127,501127,53,0.0,0.0,0.0,0.0,0.0,0.0,
501128,501128,501128,53,0.0,0.0,0.0,0.0,0.0,0.0,
501129,501129,501129,53,0.0,0.0,0.0,0.0,0.0,0.0,
501130,501130,501130,53,0.0,0.0,0.0,0.0,0.0,0.0,
501131,501131,501131,53,0.0,0.0,0.0,0.0,0.0,0.0,
501132,501132,501132,53,0.0,0.0,0.0,0.0,0.0,0.0,
501133,501133,501133,53,0.0,0.0,0.0,0.0,0.0,0.0,
501134,501134,501134,53,0.0,0.0,0.0,0.0,0.0,0.0,
501135,501135,501135,53,0.0,0.0,0.0,0.0,0.0,0.0,
501136,501136,501136,53,0.0,0.0,0.0,0.0,0.0,0.0,
501137,501137,501137,53,0.0,0.0,0.0,0.0,0.0,0.0,
501138,501138,501138,53,0.0,0.0,0.0,0.0,0.0,0.0,
501139,501139,501139,53,0.0,0.0,0.0,0.0,0.0,0.0,
501140,501140,501140,53,0.0,0.0,0.0,0.0,0.0,0.0,
501141,501141,501141,53,0.0,0.0,0.0,0.0,0.0,0.0,
501142,501142,501142,53,0.0,0.0,0.0,0.0,0.0,0.0,
501143,501143,501143,53,0.0,0.0,0.0,0.0,0.0,0.0,
501144,501144,501144,53,0.0,0.0,0.0,0.0,0.0,0.0,
501145,501145,501145,53,0.0,0.0,0.0,0.0,0.0,0.0,
501146,501146,501146,53,0.0,0.0,0.0,0.0,0.0,0.0,
501147,501147,501147,53,0.0,0.0,0.0,0.0,0.0,0.0,
501148,501148,501148,53,0.0,0.0,0.0,0.0,0.0,0.0,
501149,501149,501149,53,0.0,0.0,0.0,0.0,0.0,0.0,
501150,501150,501150,53,0.0,0.0,0.0,0.0,0.0,0.0,
501151,501151,501151,53,0.0,0.0,0.0,0.0,0.0,0.0,
501152,501152,501152,53,0.0,0.0,0.0,0.0,0.0,0.0,
501153,501153,501153,53,0.0,0.0,0.0,0.0,0.0,0.0,
501154,501154,501154,53,0.0,0.0,0.0,0.0,0.0,0.0,
501155,501155,501155,53,0.0,0.0,0.0,0.0,0.0,0.0,
501156,501156,501156,53,0.0,0.0,0.0,0.0,0.0,0.0,
501157,501157,501157,53,0.0,0.0,0.0,0.0,0.0,0.0,
501158,501158,501158,53,0.0,0.0,0.0,0.0,0.0,0.0,
501159,501159,501159,53,0.0,0.0,0.0,0.0,0.0,0.0,
501160,501160,501160,53,0.0,0.0,0.0,0.0,0.0,0.0,
501161,501161,501161,53,0.0,0.0,0.0,0.0,0.0,0.0,
501162,501162,501162,53,0.0,0.0,0.0,0.0,0.0,0.0,
501163,501163,501163,53,0.0,0.0,0.0,0.0,0.0,0.0,
501164,501164,501164,53,0.0,0.0,0.0,0.0,0.0,0.0,
501165,501165,501165,53,0.0,0.0,0.0,0.0,0.0,0.0,
501166,501166,501166,53,0.0,0.0,0.0,0.0,0.0,0.0,
501167,501167,501167,53,0.0,0.0,0.0,0.0,0.0,0.0,
501168,501168,501168,53,0.0,0.0,0.0,0.0,0.0,0.0,
501169,501169,501169,53,0.0,0.0,0.0,0.0,0.0,0.0,
501170,501170,501170,53,0.0,0.0,0.0,0.0,0.0,0.0,
501171,501171,501171,53,0.0,0.0,0.0,0.0,0.0,0.0,
501172,501172,501172,53,0.0,0.0,0.0,0.0,0.0,0.0,
501173,501173,501173,53,0.0,0.0,0.0,0.0,0.0,0.0,
501174,501174,501174,53,0.0,0.0,0.0,0.0,0.0,0.0,
501175,501175,501175,53,0.0,0.0,0.0,0.0,0.0,0.0,
501176,501176,501176,53,0.0,0.0,0.0,0.0,0.0,0.0,
501177,501177,501177,53,0.0,0.0,0.0,0.0,0.0,0.0,
501178,501178,501178,53,0.0,0.0,0.0,0.0,0.0,0.0,
501179,501179,501179,53,0.0,0.0,0.0,0.0,0.0,0.0,
501180,501180,501180,53,0.0,0.0,0.0,0.0,0.0,0.0,
501181,501181,501181,53,0.0,0.0,0.0,0.0,0.0,0.0,
501182,501182,501182,53,0.0,0.0,0.0,0.0,0.0,0.0,
501183,501183,501183,53,0.0,0.0,0.0,0.0,0.0,0.0,
501184,501184,501184,53,0.0,0.0,0.0,0.0,0.0,0.0,
501185,501185,501185,53,0.0,0.0,0.0,0.0,0.0,0.0,
501186,501186,501186,53,0.0,0.0,0.0,0.0,0.0,0.0,
501187,501187,501187,53,0.0,0.0,0.0,0.0,0.0,0.0,
501188,501188,501188,53,0.0,0.0,0.0,0.0,0.0,0.0,
501189,501189,501189,53,0.0,0.0,0.0,0.0,0.0,0.0,
501190,501190,501190,53,0.0,0.0,0.0,0.0,0.0,0.0,
501191,501191,501191,53,0.0,0.0,0.0,0.0,0.0,0.0,
501192,501192,501192,53,0.0,0.0,0.0,0.0,0.0,0.0,
501193,501193,501193,53,0.0,0.0,0.0,0.0,0.0,0.0,
501194,501194,501194,53,0.0,0.0,0.0,0.0,0.0,0.0,
501195,501195,501195,53,0.0,0.0,0.0,0.0,0.0,0.0,
501196,501196,501196,53,0.0,0.0,0.0,0.0,0.0,0.0,
501197,501197,501197,53,0.0,0.0,0.0,0.0,0.0,0.0,
501198,501198,501198,53,0.0,0.0,0.0,0.0,0.0,0.0,
501199,501199,501199,53,0.0,0.0,0.0,0.0,0.0,0.0,
501200,501200,501200,53,0.0,0.0,0.0,0.0,0.0,0.0,
501201,501201,501201,53,0.0,0.0,0.0,0.0,0.0,0.0,
501202,501202,501202,53,0.0,0.0,0.0,0.0,0.0,0.0,
501203,501203,501203,53,0.0,0.0,0.0,0.0,0.0,0.0,
501204,501204,501204,53,0.0,0.0,0.0,0.0,0.0,0.0,
501205,501205,501205,53,0.0,0.0,0.0,0.0,0.0,0.0,
501206,501206,501206,53,0.0,0.0,0.0,0.0,0.0,0.0,
501207,501207,501207,53,0.0,0.0,0.0,0.0,0.0,0.0,
501208,501208,501208,53,0.0,0.0,0.0,0.0,0.0,0.0,
501209,501209,501209,53,0.0,0.0,0.0,0.0,0.0,0.0,
501210,501210,501210,53,0.0,0.0,0.0,0.0,0.0,0.0,
501211,501211,501211,53,0.0,0.0,0.0,0.0,0.0,0.0,
501212,501212,501212,53,0.0,0.0,0.0,0.0,0.0,0.0,
501213,501213,501213,53,0.0,0.0,0.0,0.0,0.0,0.0,
501214,501214,501214,53,0.0,0.0,0.0,0.0,0.0,0.0,
501215,501215,501215,53,0.0,0.0,0.0,0.0,0.0,0.0,
501216,501216,501216,53,0.0,0.0,0.0,0.0,0.0,0.0,
501217,501217,501217,53,0.0,0.0,0.0,0.0,0.0,0.0,
501218,501218,501218,53,0.0,0.0,0.0,0.0,0.0,0.0,
501219,501219,501219,53,0.0,0.0,0.0,0.0,0.0,0.0,
501220,501220,501220,53,0.0,0.0,0.0,0.0,0.0,0.0,
501221,501221,501221,53,0.0,0.0,0.0,0.0,0.0,0.0,
501222,501222,501222,53,0.0,0.0,0.0,0.0,0.0,0.0,
501223,501223,501223,53,0.0,0.0,0.0,0.0,0.0,0.0,
501224,501224,501224,53,0.0,0.0,0.0,0.0,0.0,0.0,
501225,501225,501225,53,0.0,0.0,0.0,0.0,0.0,0.0,
501226,501226,501226,53,0.0,0.0,0.0,0.0,0.0,0.0,
501227,501227,501227,53,0.0,0.0,0.0,0.0,0.0,0.0,
501228,501228,501228,53,0.0,0.0,0.0,0.0,0.0,0.0,
501229,501229,501229,53,0.0,0.0,0.0,0.0,0.0,0.0,
501230,501230,501230,53,0.0,0.0,0.0,0.0,0.0,0.0,
501231,501231,501231,53,0.0,0.0,0.0,0.0,0.0,0.0,
501232,501232,501232,53,0.0,0.0,0.0,0.0,0.0,0.0,
501233,501233,501233,53,0.0,0.0,0.0,0.0,0.0,0.0,
501234,501234,501234,53,0.0,0.0,0.0,0.0,0.0,0.0,
501235,501235,501235,53,0.0,0.0,0.0,0.0,0.0,0.0,
501236,501236,501236,53,0.0,0.0,0.0,0.0,0.0,0.0,
501237,501237,501237,53,0.0,0.0,0.0,0.0,0.0,0.0,
501238,501238,501238,53,0.0,0.0,0.0,0.0,0.0,0.0,
501239,501239,501239,53,0.0,0.0,0.0,0.0,0.0,0.0,
501240,501240,501240,53,0.0,0.0,0.0,0.0,0.0,0.0,
501241,501241,501241,53,0.0,0.0,0.0,0.0,0.0,0.0,
501242,501242,501242,53,0.0,0.0,0.0,0.0,0.0,0.0,
501243,501243,501243,53,0.0,0.0,0.0,0.0,0.0,0.0,
501244,501244,501244,53,0.0,0.0,0.0,0.0,0.0,0.0,
501245,501245,501245,53,0.0,0.0,0.0,0.0,0.0,0.0,
501246,501246,501246,53,0.0,0.0,0.0,0.0,0.0,0.0,
501247,501247,501247,53,0.0,0.0,0.0,0.0,0.0,0.0,
501248,501248,501248,53,0.0,0.0,0.0,0.0,0.0,0.0,
501249,501249,501249,53,0.0,0.0,0.0,0.0,0.0,0.0,
501250,501250,501250,53,0.0,0.0,0.0,0.0,0.0,0.0,
501251,501251,501251,53,0.0,0.0,0.0,0.0,0.0,0.0,
501252,501252,501252,53,0.0,0.0,0.0,0.0,0.0,0.0,
501253,501253,501253,53,0.0,0.0,0.0,0.0,0.0,0.0,
501254,501254,501254,53,0.0,0.0,0.0,0.0,0.0,0.0,
501255,501255,501255,53,0.0,0.0,0.0,0.0,0.0,0.0,
501256,501256,501256,53,0.0,0.0,0.0,0.0,0.0,0.0,
501257,501257,501257,53,0.0,0.0,0.0,0.0,0.0,0.0,
501258,501258,501258,53,0.0,0.0,0.0,0.0,0.0,0.0,
501259,501259,501259,53,0.0,0.0,0.0,0.0,0.0,0.0,
501260,501260,501260,53,0.0,0.0,0.0,0.0,0.0,0.0,
501261,501261,501261,53,0.0,0.0,0.0,0.0,0.0,0.0,
501262,501262,501262,53,0.0,0.0,0.0,0.0,0.0,0.0,
501263,501263,501263,53,0.0,0.0,0.0,0.0,0.0,0.0,
501264,501264,501264,53,0.0,0.0,0.0,0.0,0.0,0.0,
501265,501265,501265,53,0.0,0.0,0.0,0.0,0.0,0.0,
501266,501266,501266,53,0.0,0.0,0.0,0.0,0.0,0.0,
501267,501267,501267,53,0.0,0.0,0.0,0.0,0.0,0.0,
501268,501268,501268,53,0.0,0.0,0.0,0.0,0.0,0.0,
501269,501269,501269,53,0.0,0.0,0.0,0.0,0.0,0.0,
501270,501270,501270,53,0.0,0.0,0.0,0.0,0.0,0.0,
501271,501271,501271,53,0.0,0.0,0.0,0.0,0.0,0.0,
501272,501272,501272,53,0.0,0.0,0.0,0.0,0.0,0.0,
501273,501273,501273,53,0.0,0.0,0.0,0.0,0.0,0.0,
501274,501274,501274,53,0.0,0.0,0.0,0.0,0.0,0.0,
501275,501275,501275,53,0.0,0.0,0.0,0.0,0.0,0.0,
501276,501276,501276,53,0.0,0.0,0.0,0.0,0.0,0.0,
501277,501277,501277,53,0.0,0.0,0.0,0.0,0.0,0.0,
501278,501278,501278,53,0.0,0.0,0.0,0.0,0.0,0.0,
501279,501279,501279,53,0.0,0.0,0.0,0.0,0.0,0.0,
501280,501280,501280,53,0.0,0.0,0.0,0.0,0.0,0.0,
501281,501281,501281,53,0.0,0.0,0.0,0.0,0.0,0.0,
501282,501282,501282,53,0.0,0.0,0.0,0.0,0.0,0.0,
501283,501283,501283,53,0.0,0.0,0.0,0.0,0.0,0.0,
501284,501284,501284,53,0.0,0.0,0.0,0.0,0.0,0.0,
501285,501285,501285,53,0.0,0.0,0.0,0.0,0.0,0.0,
501286,501286,501286,53,0.0,0.0,0.0,0.0,0.0,0.0,
501287,501287,501287,53,0.0,0.0,0.0,0.0,0.0,0.0,
501288,501288,501288,53,0.0,0.0,0.0,0.0,0.0,0.0,
501289,501289,501289,53,0.0,0.0,0.0,0.0,0.0,0.0,
501290,501290,501290,53,0.0,0.0,0.0,0.0,0.0,0.0,
501291,501291,501291,53,0.0,0.0,0.0,0.0,0.0,0.0,
501292,501292,501292,53,0.0,0.0,0.0,0.0,0.0,0.0,
501293,501293,501293,53,0.0,0.0,0.0,0.0,0.0,0.0,
501294,501294,501294,53,0.0,0.0,0.0,0.0,0.0,0.0,
501295,501295,501295,53,0.0,0.0,0.0,0.0,0.0,0.0,
501296,501296,501296,53,0.0,0.0,0.0,0.0,0.0,0.0,
501297,501297,501297,53,0.0,0.0,0.0,0.0,0.0,0.0,
501298,501298,501298,53,0.0,0.0,0.0,0.0,0.0,0.0,
501299,501299,501299,53,0.0,0.0,0.0,0.0,0.0,0.0,
501300,501300,501300,53,0.0,0.0,0.0,0.0,0.0,0.0,
501301,501301,501301,53,0.0,0.0,0.0,0.0,0.0,0.0,
501302,501302,501302,53,0.0,0.0,0.0,0.0,0.0,0.0,
501303,501303,501303,53,0.0,0.0,0.0,0.0,0.0,0.0,
501304,501304,501304,53,0.0,0.0,0.0,0.0,0.0,0.0,
501305,501305,501305,53,0.0,0.0,0.0,0.0,0.0,0.0,
501306,501306,501306,53,0.0,0.0,0.0,0.0,0.0,0.0,
501307,501307,501307,53,0.0,0.0,0.0,0.0,0.0,0.0,
501308,501308,501308,53,0.0,0.0,0.0,0.0,0.0,0.0,
501309,501309,501309,53,0.0,0.0,0.0,0.0,0.0,0.0,
501310,501310,501310,53,0.0,0.0,0.0,0.0,0.0,0.0,
501311,501311,501311,53,0.0,0.0,0.0,0.0,0.0,0.0,
501312,501312,501312,53,0.0,0.0,0.0,0.0,0.0,0.0,
501313,501313,501313,53,0.0,0.0,0.0,0.0,0.0,0.0,
501314,501314,501314,53,0.0,0.0,0.0,0.0,0.0,0.0,
501315,501315,501315,53,0.0,0.0,0.0,0.0,0.0,0.0,
501316,501316,501316,53,0.0,0.0,0.0,0.0,0.0,0.0,
501317,501317,501317,53,0.0,0.0,0.0,0.0,0.0,0.0,
501318,501318,501318,53,0.0,0.0,0.0,0.0,0.0,0.0,
501319,501319,501319,53,0.0,0.0,0.0,0.0,0.0,0.0,
501320,501320,501320,53,0.0,0.0,0.0,0.0,0.0,0.0,
501321,501321,501321,53,0.0,0.0,0.0,0.0,0.0,0.0,
501322,501322,501322,53,0.0,0.0,0.0,0.0,0.0,0.0,
501323,501323,501323,53,0.0,0.0,0.0,0.0,0.0,0.0,
501324,501324,501324,53,0.0,0.0,0.0,0.0,0.0,0.0,
501325,501325,501325,53,0.0,0.0,0.0,0.0,0.0,0.0,
501326,501326,501326,53,0.0,0.0,0.0,0.0,0.0,0.0,
501327,501327,501327,53,0.0,0.0,0.0,0.0,0.0,0.0,
501328,501328,501328,53,0.0,0.0,0.0,0.0,0.0,0.0,
501329,501329,501329,53,0.0,0.0,0.0,0.0,0.0,0.0,
501330,501330,501330,53,0.0,0.0,0.0,0.0,0.0,0.0,
501331,501331,501331,53,0.0,0.0,0.0,0.0,0.0,0.0,
501332,501332,501332,53,0.0,0.0,0.0,0.0,0.0,0.0,
501333,501333,501333,53,0.0,0.0,0.0,0.0,0.0,0.0,
501334,501334,501334,53,0.0,0.0,0.0,0.0,0.0,0.0,
501335,501335,501335,53,0.0,0.0,0.0,0.0,0.0,0.0,
501336,501336,501336,53,0.0,0.0,0.0,0.0,0.0,0.0,
501337,501337,501337,53,0.0,0.0,0.0,0.0,0.0,0.0,
501338,501338,501338,53,0.0,0.0,0.0,0.0,0.0,0.0,
501339,501339,501339,53,0.0,0.0,0.0,0.0,0.0,0.0,
501340,501340,501340,53,0.0,0.0,0.0,0.0,0.0,0.0,
501341,501341,501341,53,0.0,0.0,0.0,0.0,0.0,0.0,
501342,501342,501342,53,0.0,0.0,0.0,0.0,0.0,0.0,
501343,501343,501343,53,0.0,0.0,0.0,0.0,0.0,0.0,
501344,501344,501344,53,0.0,0.0,0.0,0.0,0.0,0.0,
501345,501345,501345,53,0.0,0.0,0.0,0.0,0.0,0.0,
501346,501346,501346,53,0.0,0.0,0.0,0.0,0.0,0.0,
501347,501347,501347,53,0.0,0.0,0.0,0.0,0.0,0.0,
501348,501348,501348,53,0.0,0.0,0.0,0.0,0.0,0.0,
501349,501349,501349,53,0.0,0.0,0.0,0.0,0.0,0.0,
501350,501350,501350,53,0.0,0.0,0.0,0.0,0.0,0.0,
501351,501351,501351,53,0.0,0.0,0.0,0.0,0.0,0.0,
501352,501352,501352,53,0.0,0.0,0.0,0.0,0.0,0.0,
501353,501353,501353,53,0.0,0.0,0.0,0.0,0.0,0.0,
501354,501354,501354,53,0.0,0.0,0.0,0.0,0.0,0.0,
501355,501355,501355,53,0.0,0.0,0.0,0.0,0.0,0.0,
501356,501356,501356,53,0.0,0.0,0.0,0.0,0.0,0.0,
501357,501357,501357,53,0.0,0.0,0.0,0.0,0.0,0.0,
501358,501358,501358,53,0.0,0.0,0.0,0.0,0.0,0.0,
501359,501359,501359,53,0.0,0.0,0.0,0.0,0.0,0.0,
501360,501360,501360,53,0.0,0.0,0.0,0.0,0.0,0.0,
501361,501361,501361,53,0.0,0.0,0.0,0.0,0.0,0.0,
501362,501362,501362,53,0.0,0.0,0.0,0.0,0.0,0.0,
501363,501363,501363,53,0.0,0.0,0.0,0.0,0.0,0.0,
501364,501364,501364,53,0.0,0.0,0.0,0.0,0.0,0.0,
501365,501365,501365,53,0.0,0.0,0.0,0.0,0.0,0.0,
501366,501366,501366,53,0.0,0.0,0.0,0.0,0.0,0.0,
501367,501367,501367,53,0.0,0.0,0.0,0.0,0.0,0.0,
501368,501368,501368,53,0.0,0.0,0.0,0.0,0.0,0.0,
501369,501369,501369,53,0.0,0.0,0.0,0.0,0.0,0.0,
501370,501370,501370,53,0.0,0.0,0.0,0.0,0.0,0.0,
501371,501371,501371,53,0.0,0.0,0.0,0.0,0.0,0.0,
501372,501372,501372,53,0.0,0.0,0.0,0.0,0.0,0.0,
501373,501373,501373,53,0.0,0.0,0.0,0.0,0.0,0.0,
501374,501374,501374,53,0.0,0.0,0.0,0.0,0.0,0.0,
501375,501375,501375,53,0.0,0.0,0.0,0.0,0.0,0.0,
501376,501376,501376,53,0.0,0.0,0.0,0.0,0.0,0.0,
501377,501377,501377,53,0.0,0.0,0.0,0.0,0.0,0.0,
501378,501378,501378,53,0.0,0.0,0.0,0.0,0.0,0.0,
501379,501379,501379,53,0.0,0.0,0.0,0.0,0.0,0.0,
501380,501380,501380,53,0.0,0.0,0.0,0.0,0.0,0.0,
501381,501381,501381,53,0.0,0.0,0.0,0.0,0.0,0.0,
501382,501382,501382,53,0.0,0.0,0.0,0.0,0.0,0.0,
501383,501383,501383,53,0.0,0.0,0.0,0.0,0.0,0.0,
501384,501384,501384,53,0.0,0.0,0.0,0.0,0.0,0.0,
501385,501385,501385,53,0.0,0.0,0.0,0.0,0.0,0.0,
501386,501386,501386,53,0.0,0.0,0.0,0.0,0.0,0.0,
501387,501387,501387,53,0.0,0.0,0.0,0.0,0.0,0.0,
501388,501388,501388,53,0.0,0.0,0.0,0.0,0.0,0.0,
501389,501389,501389,53,0.0,0.0,0.0,0.0,0.0,0.0,
501390,501390,501390,53,0.0,0.0,0.0,0.0,0.0,0.0,
501391,501391,501391,53,0.0,0.0,0.0,0.0,0.0,0.0,
501392,501392,501392,53,0.0,0.0,0.0,0.0,0.0,0.0,
501393,501393,501393,53,0.0,0.0,0.0,0.0,0.0,0.0,
501394,501394,501394,53,0.0,0.0,0.0,0.0,0.0,0.0,
501395,501395,501395,53,0.0,0.0,0.0,0.0,0.0,0.0,
501396,501396,501396,53,0.0,0.0,0.0,0.0,0.0,0.0,
501397,501397,501397,53,0.0,0.0,0.0,0.0,0.0,0.0,
501398,501398,501398,53,0.0,0.0,0.0,0.0,0.0,0.0,
501399,501399,501399,53,0.0,0.0,0.0,0.0,0.0,0.0,
501400,501400,501400,53,0.0,0.0,0.0,0.0,0.0,0.0,
501401,501401,501401,53,0.0,0.0,0.0,0.0,0.0,0.0,
501402,501402,501402,53,0.0,0.0,0.0,0.0,0.0,0.0,
501403,501403,501403,53,0.0,0.0,0.0,0.0,0.0,0.0,
501404,501404,501404,53,0.0,0.0,0.0,0.0,0.0,0.0,
501405,501405,501405,53,0.0,0.0,0.0,0.0,0.0,0.0,
501406,501406,501406,53,0.0,0.0,0.0,0.0,0.0,0.0,
501407,501407,501407,53,0.0,0.0,0.0,0.0,0.0,0.0,
501408,501408,501408,53,0.0,0.0,0.0,0.0,0.0,0.0,
501409,501409,501409,53,0.0,0.0,0.0,0.0,0.0,0.0,
501410,501410,501410,53,0.0,0.0,0.0,0.0,0.0,0.0,
501411,501411,501411,53,0.0,0.0,0.0,0.0,0.0,0.0,
501412,501412,501412,53,0.0,0.0,0.0,0.0,0.0,0.0,
501413,501413,501413,53,0.0,0.0,0.0,0.0,0.0,0.0,
501414,501414,501414,53,0.0,0.0,0.0,0.0,0.0,0.0,
501415,501415,501415,53,0.0,0.0,0.0,0.0,0.0,0.0,
501416,501416,501416,53,0.0,0.0,0.0,0.0,0.0,0.0,
501417,501417,501417,53,0.0,0.0,0.0,0.0,0.0,0.0,
501418,501418,501418,53,0.0,0.0,0.0,0.0,0.0,0.0,
501419,501419,501419,53,0.0,0.0,0.0,0.0,0.0,0.0,
501420,501420,501420,53,0.0,0.0,0.0,0.0,0.0,0.0,
501421,501421,501421,53,0.0,0.0,0.0,0.0,0.0,0.0,
501422,501422,501422,53,0.0,0.0,0.0,0.0,0.0,0.0,
501423,501423,501423,53,0.0,0.0,0.0,0.0,0.0,0.0,
501424,501424,501424,53,0.0,0.0,0.0,0.0,0.0,0.0,
501425,501425,501425,53,0.0,0.0,0.0,0.0,0.0,0.0,
501426,501426,501426,53,0.0,0.0,0.0,0.0,0.0,0.0,
501427,501427,501427,53,0.0,0.0,0.0,0.0,0.0,0.0,
501428,501428,501428,53,0.0,0.0,0.0,0.0,0.0,0.0,
501429,501429,501429,53,0.0,0.0,0.0,0.0,0.0,0.0,
501430,501430,501430,53,0.0,0.0,0.0,0.0,0.0,0.0,
501431,501431,501431,53,0.0,0.0,0.0,0.0,0.0,0.0,
501432,501432,501432,53,0.0,0.0,0.0,0.0,0.0,0.0,
501433,501433,501433,53,0.0,0.0,0.0,0.0,0.0,0.0,
501434,501434,501434,53,0.0,0.0,0.0,0.0,0.0,0.0,
501435,501435,501435,53,0.0,0.0,0.0,0.0,0.0,0.0,
501436,501436,501436,53,0.0,0.0,0.0,0.0,0.0,0.0,
501437,501437,501437,53,0.0,0.0,0.0,0.0,0.0,0.0,
501438,501438,501438,53,0.0,0.0,0.0,0.0,0.0,0.0,
501439,501439,501439,53,0.0,0.0,0.0,0.0,0.0,0.0,
501440,501440,501440,53,0.0,0.0,0.0,0.0,0.0,0.0,
501441,501441,501441,53,0.0,0.0,0.0,0.0,0.0,0.0,
501442,501442,501442,53,0.0,0.0,0.0,0.0,0.0,0.0,
501443,501443,501443,53,0.0,0.0,0.0,0.0,0.0,0.0,
501444,501444,501444,53,0.0,0.0,0.0,0.0,0.0,0.0,
501445,501445,501445,53,0.0,0.0,0.0,0.0,0.0,0.0,
501446,501446,501446,53,0.0,0.0,0.0,0.0,0.0,0.0,
501447,501447,501447,53,0.0,0.0,0.0,0.0,0.0,0.0,
501448,501448,501448,53,0.0,0.0,0.0,0.0,0.0,0.0,
501449,501449,501449,53,0.0,0.0,0.0,0.0,0.0,0.0,
501450,501450,501450,53,0.0,0.0,0.0,0.0,0.0,0.0,
501451,501451,501451,53,0.0,0.0,0.0,0.0,0.0,0.0,
501452,501452,501452,53,0.0,0.0,0.0,0.0,0.0,0.0,
501453,501453,501453,53,0.0,0.0,0.0,0.0,0.0,0.0,
501454,501454,501454,53,0.0,0.0,0.0,0.0,0.0,0.0,
501455,501455,501455,53,0.0,0.0,0.0,0.0,0.0,0.0,
501456,501456,501456,53,0.0,0.0,0.0,0.0,0.0,0.0,
501457,501457,501457,53,0.0,0.0,0.0,0.0,0.0,0.0,
501458,501458,501458,53,0.0,0.0,0.0,0.0,0.0,0.0,
501459,501459,501459,53,0.0,0.0,0.0,0.0,0.0,0.0,
501460,501460,501460,53,0.0,0.0,0.0,0.0,0.0,0.0,
501461,501461,501461,53,0.0,0.0,0.0,0.0,0.0,0.0,
501462,501462,501462,53,0.0,0.0,0.0,0.0,0.0,0.0,
501463,501463,501463,53,0.0,0.0,0.0,0.0,0.0,0.0,
501464,501464,501464,53,0.0,0.0,0.0,0.0,0.0,0.0,
501465,501465,501465,53,0.0,0.0,0.0,0.0,0.0,0.0,
501466,501466,501466,53,0.0,0.0,0.0,0.0,0.0,0.0,
501467,501467,501467,53,0.0,0.0,0.0,0.0,0.0,0.0,
501468,501468,501468,53,0.0,0.0,0.0,0.0,0.0,0.0,
501469,501469,501469,53,0.0,0.0,0.0,0.0,0.0,0.0,
501470,501470,501470,53,0.0,0.0,0.0,0.0,0.0,0.0,
501471,501471,501471,53,0.0,0.0,0.0,0.0,0.0,0.0,
501472,501472,501472,53,0.0,0.0,0.0,0.0,0.0,0.0,
501473,501473,501473,53,0.0,0.0,0.0,0.0,0.0,0.0,
501474,501474,501474,53,0.0,0.0,0.0,0.0,0.0,0.0,
501475,501475,501475,53,0.0,0.0,0.0,0.0,0.0,0.0,
501476,501476,501476,53,0.0,0.0,0.0,0.0,0.0,0.0,
501477,501477,501477,53,0.0,0.0,0.0,0.0,0.0,0.0,
501478,501478,501478,53,0.0,0.0,0.0,0.0,0.0,0.0,
501479,501479,501479,53,0.0,0.0,0.0,0.0,0.0,0.0,
501480,501480,501480,53,0.0,0.0,0.0,0.0,0.0,0.0,
501481,501481,501481,53,0.0,0.0,0.0,0.0,0.0,0.0,
501482,501482,501482,53,0.0,0.0,0.0,0.0,0.0,0.0,
501483,501483,501483,53,0.0,0.0,0.0,0.0,0.0,0.0,
501484,501484,501484,53,0.0,0.0,0.0,0.0,0.0,0.0,
501485,501485,501485,53,0.0,0.0,0.0,0.0,0.0,0.0,
501486,501486,501486,53,0.0,0.0,0.0,0.0,0.0,0.0,
501487,501487,501487,53,0.0,0.0,0.0,0.0,0.0,0.0,
501488,501488,501488,53,0.0,0.0,0.0,0.0,0.0,0.0,
501489,501489,501489,53,0.0,0.0,0.0,0.0,0.0,0.0,
501490,501490,501490,53,0.0,0.0,0.0,0.0,0.0,0.0,
501491,501491,501491,53,0.0,0.0,0.0,0.0,0.0,0.0,
501492,501492,501492,53,0.0,0.0,0.0,0.0,0.0,0.0,
501493,501493,501493,53,0.0,0.0,0.0,0.0,0.0,0.0,
501494,501494,501494,53,0.0,0.0,0.0,0.0,0.0,0.0,
501495,501495,501495,53,0.0,0.0,0.0,0.0,0.0,0.0,
501496,501496,501496,53,0.0,0.0,0.0,0.0,0.0,0.0,
501497,501497,501497,53,0.0,0.0,0.0,0.0,0.0,0.0,
501498,501498,501498,53,0.0,0.0,0.0,0.0,0.0,0.0,
501499,501499,501499,53,0.0,0.0,0.0,0.0,0.0,0.0,
501500,501500,501500,53,0.0,0.0,0.0,0.0,0.0,0.0,
501501,501501,501501,53,0.0,0.0,0.0,0.0,0.0,0.0,
501502,501502,501502,53,0.0,0.0,0.0,0.0,0.0,0.0,
501503,501503,501503,53,0.0,0.0,0.0,0.0,0.0,0.0,
501504,501504,501504,53,0.0,0.0,0.0,0.0,0.0,0.0,
501505,501505,501505,53,0.0,0.0,0.0,0.0,0.0,0.0,
501506,501506,501506,53,0.0,0.0,0.0,0.0,0.0,0.0,
501507,501507,501507,53,0.0,0.0,0.0,0.0,0.0,0.0,
501508,501508,501508,53,0.0,0.0,0.0,0.0,0.0,0.0,
501509,501509,501509,53,0.0,0.0,0.0,0.0,0.0,0.0,
501510,501510,501510,53,0.0,0.0,0.0,0.0,0.0,0.0,
501511,501511,501511,53,0.0,0.0,0.0,0.0,0.0,0.0,
501512,501512,501512,53,0.0,0.0,0.0,0.0,0.0,0.0,
501513,501513,501513,53,0.0,0.0,0.0,0.0,0.0,0.0,
501514,501514,501514,53,0.0,0.0,0.0,0.0,0.0,0.0,
501515,501515,501515,53,0.0,0.0,0.0,0.0,0.0,0.0,
501516,501516,501516,53,0.0,0.0,0.0,0.0,0.0,0.0,
501517,501517,501517,53,0.0,0.0,0.0,0.0,0.0,0.0,
501518,501518,501518,53,0.0,0.0,0.0,0.0,0.0,0.0,
501519,501519,501519,53,0.0,0.0,0.0,0.0,0.0,0.0,
501520,501520,501520,53,0.0,0.0,0.0,0.0,0.0,0.0,
501521,501521,501521,53,0.0,0.0,0.0,0.0,0.0,0.0,
501522,501522,501522,53,0.0,0.0,0.0,0.0,0.0,0.0,
501523,501523,501523,53,0.0,0.0,0.0,0.0,0.0,0.0,
501524,501524,501524,53,0.0,0.0,0.0,0.0,0.0,0.0,
501525,501525,501525,53,0.0,0.0,0.0,0.0,0.0,0.0,
501526,501526,501526,53,0.0,0.0,0.0,0.0,0.0,0.0,
501527,501527,501527,53,0.0,0.0,0.0,0.0,0.0,0.0,
501528,501528,501528,53,0.0,0.0,0.0,0.0,0.0,0.0,
501529,501529,501529,53,0.0,0.0,0.0,0.0,0.0,0.0,
501530,501530,501530,53,0.0,0.0,0.0,0.0,0.0,0.0,
501531,501531,501531,53,0.0,0.0,0.0,0.0,0.0,0.0,
501532,501532,501532,53,0.0,0.0,0.0,0.0,0.0,0.0,
501533,501533,501533,53,0.0,0.0,0.0,0.0,0.0,0.0,
501534,501534,501534,53,0.0,0.0,0.0,0.0,0.0,0.0,
501535,501535,501535,53,0.0,0.0,0.0,0.0,0.0,0.0,
501536,501536,501536,53,0.0,0.0,0.0,0.0,0.0,0.0,
501537,501537,501537,53,0.0,0.0,0.0,0.0,0.0,0.0,
501538,501538,501538,53,0.0,0.0,0.0,0.0,0.0,0.0,
501539,501539,501539,53,0.0,0.0,0.0,0.0,0.0,0.0,
501540,501540,501540,53,0.0,0.0,0.0,0.0,0.0,0.0,
501541,501541,501541,53,0.0,0.0,0.0,0.0,0.0,0.0,
501542,501542,501542,53,0.0,0.0,0.0,0.0,0.0,0.0,
501543,501543,501543,53,0.0,0.0,0.0,0.0,0.0,0.0,
501544,501544,501544,53,0.0,0.0,0.0,0.0,0.0,0.0,
501545,501545,501545,53,0.0,0.0,0.0,0.0,0.0,0.0,
501546,501546,501546,53,0.0,0.0,0.0,0.0,0.0,0.0,
501547,501547,501547,53,0.0,0.0,0.0,0.0,0.0,0.0,
501548,501548,501548,53,0.0,0.0,0.0,0.0,0.0,0.0,
501549,501549,501549,53,0.0,0.0,0.0,0.0,0.0,0.0,
501550,501550,501550,53,0.0,0.0,0.0,0.0,0.0,0.0,
501551,501551,501551,53,0.0,0.0,0.0,0.0,0.0,0.0,
501552,501552,501552,53,0.0,0.0,0.0,0.0,0.0,0.0,
501553,501553,501553,53,0.0,0.0,0.0,0.0,0.0,0.0,
501554,501554,501554,53,0.0,0.0,0.0,0.0,0.0,0.0,
501555,501555,501555,53,0.0,0.0,0.0,0.0,0.0,0.0,
501556,501556,501556,53,0.0,0.0,0.0,0.0,0.0,0.0,
501557,501557,501557,53,0.0,0.0,0.0,0.0,0.0,0.0,
501558,501558,501558,53,0.0,0.0,0.0,0.0,0.0,0.0,
501559,501559,501559,53,0.0,0.0,0.0,0.0,0.0,0.0,
501560,501560,501560,53,0.0,0.0,0.0,0.0,0.0,0.0,
501561,501561,501561,53,0.0,0.0,0.0,0.0,0.0,0.0,
501562,501562,501562,53,0.0,0.0,0.0,0.0,0.0,0.0,
501563,501563,501563,53,0.0,0.0,0.0,0.0,0.0,0.0,
501564,501564,501564,53,0.0,0.0,0.0,0.0,0.0,0.0,
501565,501565,501565,53,0.0,0.0,0.0,0.0,0.0,0.0,
501566,501566,501566,53,0.0,0.0,0.0,0.0,0.0,0.0,
501567,501567,501567,53,0.0,0.0,0.0,0.0,0.0,0.0,
501568,501568,501568,53,0.0,0.0,0.0,0.0,0.0,0.0,
501569,501569,501569,53,0.0,0.0,0.0,0.0,0.0,0.0,
501570,501570,501570,53,0.0,0.0,0.0,0.0,0.0,0.0,
501571,501571,501571,53,0.0,0.0,0.0,0.0,0.0,0.0,
501572,501572,501572,53,0.0,0.0,0.0,0.0,0.0,0.0,
501573,501573,501573,53,0.0,0.0,0.0,0.0,0.0,0.0,
501574,501574,501574,53,0.0,0.0,0.0,0.0,0.0,0.0,
501575,501575,501575,53,0.0,0.0,0.0,0.0,0.0,0.0,
501576,501576,501576,53,0.0,0.0,0.0,0.0,0.0,0.0,
501577,501577,501577,53,0.0,0.0,0.0,0.0,0.0,0.0,
501578,501578,501578,53,0.0,0.0,0.0,0.0,0.0,0.0,
501579,501579,501579,53,0.0,0.0,0.0,0.0,0.0,0.0,
501580,501580,501580,53,0.0,0.0,0.0,0.0,0.0,0.0,
501581,501581,501581,53,0.0,0.0,0.0,0.0,0.0,0.0,
501582,501582,501582,53,0.0,0.0,0.0,0.0,0.0,0.0,
501583,501583,501583,53,0.0,0.0,0.0,0.0,0.0,0.0,
501584,501584,501584,53,0.0,0.0,0.0,0.0,0.0,0.0,
501585,501585,501585,53,0.0,0.0,0.0,0.0,0.0,0.0,
501586,501586,501586,53,0.0,0.0,0.0,0.0,0.0,0.0,
501587,501587,501587,53,0.0,0.0,0.0,0.0,0.0,0.0,
501588,501588,501588,53,0.0,0.0,0.0,0.0,0.0,0.0,
501589,501589,501589,53,0.0,0.0,0.0,0.0,0.0,0.0,
501590,501590,501590,53,0.0,0.0,0.0,0.0,0.0,0.0,
501591,501591,501591,53,0.0,0.0,0.0,0.0,0.0,0.0,
501592,501592,501592,53,0.0,0.0,0.0,0.0,0.0,0.0,
501593,501593,501593,53,0.0,0.0,0.0,0.0,0.0,0.0,
501594,501594,501594,53,0.0,0.0,0.0,0.0,0.0,0.0,
501595,501595,501595,53,0.0,0.0,0.0,0.0,0.0,0.0,
501596,501596,501596,53,0.0,0.0,0.0,0.0,0.0,0.0,
501597,501597,501597,53,0.0,0.0,0.0,0.0,0.0,0.0,
501598,501598,501598,53,0.0,0.0,0.0,0.0,0.0,0.0,
501599,501599,501599,53,0.0,0.0,0.0,0.0,0.0,0.0,
501600,501600,501600,53,0.0,0.0,0.0,0.0,0.0,0.0,
501601,501601,501601,53,0.0,0.0,0.0,0.0,0.0,0.0,
501602,501602,501602,53,0.0,0.0,0.0,0.0,0.0,0.0,
501603,501603,501603,53,0.0,0.0,0.0,0.0,0.0,0.0,
501604,501604,501604,53,0.0,0.0,0.0,0.0,0.0,0.0,
501605,501605,501605,53,0.0,0.0,0.0,0.0,0.0,0.0,
501606,501606,501606,53,0.0,0.0,0.0,0.0,0.0,0.0,
501607,501607,501607,53,0.0,0.0,0.0,0.0,0.0,0.0,
501608,501608,501608,53,0.0,0.0,0.0,0.0,0.0,0.0,
501609,501609,501609,53,0.0,0.0,0.0,0.0,0.0,0.0,
501610,501610,501610,53,0.0,0.0,0.0,0.0,0.0,0.0,
501611,501611,501611,53,0.0,0.0,0.0,0.0,0.0,0.0,
501612,501612,501612,53,0.0,0.0,0.0,0.0,0.0,0.0,
501613,501613,501613,53,0.0,0.0,0.0,0.0,0.0,0.0,
501614,501614,501614,53,0.0,0.0,0.0,0.0,0.0,0.0,
501615,501615,501615,53,0.0,0.0,0.0,0.0,0.0,0.0,
501616,501616,501616,53,0.0,0.0,0.0,0.0,0.0,0.0,
501617,501617,501617,53,0.0,0.0,0.0,0.0,0.0,0.0,
501618,501618,501618,53,0.0,0.0,0.0,0.0,0.0,0.0,
501619,501619,501619,53,0.0,0.0,0.0,0.0,0.0,0.0,
501620,501620,501620,53,0.0,0.0,0.0,0.0,0.0,0.0,
501621,501621,501621,53,0.0,0.0,0.0,0.0,0.0,0.0,
501622,501622,501622,53,0.0,0.0,0.0,0.0,0.0,0.0,
501623,501623,501623,53,0.0,0.0,0.0,0.0,0.0,0.0,
501624,501624,501624,53,0.0,0.0,0.0,0.0,0.0,0.0,
501625,501625,501625,53,0.0,0.0,0.0,0.0,0.0,0.0,
501626,501626,501626,53,0.0,0.0,0.0,0.0,0.0,0.0,
501627,501627,501627,53,0.0,0.0,0.0,0.0,0.0,0.0,
501628,501628,501628,53,0.0,0.0,0.0,0.0,0.0,0.0,
501629,501629,501629,53,0.0,0.0,0.0,0.0,0.0,0.0,
501630,501630,501630,53,0.0,0.0,0.0,0.0,0.0,0.0,
501631,501631,501631,53,0.0,0.0,0.0,0.0,0.0,0.0,
501632,501632,501632,53,0.0,0.0,0.0,0.0,0.0,0.0,
501633,501633,501633,53,0.0,0.0,0.0,0.0,0.0,0.0,
501634,501634,501634,53,0.0,0.0,0.0,0.0,0.0,0.0,
501635,501635,501635,53,0.0,0.0,0.0,0.0,0.0,0.0,
501636,501636,501636,53,0.0,0.0,0.0,0.0,0.0,0.0,
501637,501637,501637,53,0.0,0.0,0.0,0.0,0.0,0.0,
501638,501638,501638,53,0.0,0.0,0.0,0.0,0.0,0.0,
501639,501639,501639,53,0.0,0.0,0.0,0.0,0.0,0.0,
501640,501640,501640,53,0.0,0.0,0.0,0.0,0.0,0.0,
501641,501641,501641,53,0.0,0.0,0.0,0.0,0.0,0.0,
501642,501642,501642,53,0.0,0.0,0.0,0.0,0.0,0.0,
501643,501643,501643,53,0.0,0.0,0.0,0.0,0.0,0.0,
501644,501644,501644,53,0.0,0.0,0.0,0.0,0.0,0.0,
501645,501645,501645,53,0.0,0.0,0.0,0.0,0.0,0.0,
501646,501646,501646,53,0.0,0.0,0.0,0.0,0.0,0.0,
501647,501647,501647,53,0.0,0.0,0.0,0.0,0.0,0.0,
501648,501648,501648,53,0.0,0.0,0.0,0.0,0.0,0.0,
501649,501649,501649,53,0.0,0.0,0.0,0.0,0.0,0.0,
501650,501650,501650,53,0.0,0.0,0.0,0.0,0.0,0.0,
501651,501651,501651,53,0.0,0.0,0.0,0.0,0.0,0.0,
501652,501652,501652,53,0.0,0.0,0.0,0.0,0.0,0.0,
501653,501653,501653,53,0.0,0.0,0.0,0.0,0.0,0.0,
501654,501654,501654,53,0.0,0.0,0.0,0.0,0.0,0.0,
501655,501655,501655,53,0.0,0.0,0.0,0.0,0.0,0.0,
501656,501656,501656,53,0.0,0.0,0.0,0.0,0.0,0.0,
501657,501657,501657,53,0.0,0.0,0.0,0.0,0.0,0.0,
501658,501658,501658,53,0.0,0.0,0.0,0.0,0.0,0.0,
501659,501659,501659,53,0.0,0.0,0.0,0.0,0.0,0.0,
501660,501660,501660,53,0.0,0.0,0.0,0.0,0.0,0.0,
501661,501661,501661,53,0.0,0.0,0.0,0.0,0.0,0.0,
501662,501662,501662,53,0.0,0.0,0.0,0.0,0.0,0.0,
501663,501663,501663,53,0.0,0.0,0.0,0.0,0.0,0.0,
501664,501664,501664,53,0.0,0.0,0.0,0.0,0.0,0.0,
501665,501665,501665,53,0.0,0.0,0.0,0.0,0.0,0.0,
501666,501666,501666,53,0.0,0.0,0.0,0.0,0.0,0.0,
501667,501667,501667,53,0.0,0.0,0.0,0.0,0.0,0.0,
501668,501668,501668,53,0.0,0.0,0.0,0.0,0.0,0.0,
501669,501669,501669,53,0.0,0.0,0.0,0.0,0.0,0.0,
501670,501670,501670,53,0.0,0.0,0.0,0.0,0.0,0.0,
501671,501671,501671,53,0.0,0.0,0.0,0.0,0.0,0.0,
501672,501672,501672,53,0.0,0.0,0.0,0.0,0.0,0.0,
501673,501673,501673,53,0.0,0.0,0.0,0.0,0.0,0.0,
501674,501674,501674,53,0.0,0.0,0.0,0.0,0.0,0.0,
501675,501675,501675,53,0.0,0.0,0.0,0.0,0.0,0.0,
501676,501676,501676,53,0.0,0.0,0.0,0.0,0.0,0.0,
501677,501677,501677,53,0.0,0.0,0.0,0.0,0.0,0.0,
501678,501678,501678,53,0.0,0.0,0.0,0.0,0.0,0.0,
501679,501679,501679,53,0.0,0.0,0.0,0.0,0.0,0.0,
501680,501680,501680,53,0.0,0.0,0.0,0.0,0.0,0.0,
501681,501681,501681,53,0.0,0.0,0.0,0.0,0.0,0.0,
501682,501682,501682,53,0.0,0.0,0.0,0.0,0.0,0.0,
501683,501683,501683,53,0.0,0.0,0.0,0.0,0.0,0.0,
501684,501684,501684,53,0.0,0.0,0.0,0.0,0.0,0.0,
501685,501685,501685,53,0.0,0.0,0.0,0.0,0.0,0.0,
501686,501686,501686,53,0.0,0.0,0.0,0.0,0.0,0.0,
501687,501687,501687,53,0.0,0.0,0.0,0.0,0.0,0.0,
501688,501688,501688,53,0.0,0.0,0.0,0.0,0.0,0.0,
501689,501689,501689,53,0.0,0.0,0.0,0.0,0.0,0.0,
501690,501690,501690,53,0.0,0.0,0.0,0.0,0.0,0.0,
501691,501691,501691,53,0.0,0.0,0.0,0.0,0.0,0.0,
501692,501692,501692,53,0.0,0.0,0.0,0.0,0.0,0.0,
501693,501693,501693,53,0.0,0.0,0.0,0.0,0.0,0.0,
501694,501694,501694,53,0.0,0.0,0.0,0.0,0.0,0.0,
501695,501695,501695,53,0.0,0.0,0.0,0.0,0.0,0.0,
501696,501696,501696,53,0.0,0.0,0.0,0.0,0.0,0.0,
501697,501697,501697,53,0.0,0.0,0.0,0.0,0.0,0.0,
501698,501698,501698,53,0.0,0.0,0.0,0.0,0.0,0.0,
501699,501699,501699,53,0.0,0.0,0.0,0.0,0.0,0.0,
501700,501700,501700,53,0.0,0.0,0.0,0.0,0.0,0.0,
501701,501701,501701,53,0.0,0.0,0.0,0.0,0.0,0.0,
501702,501702,501702,53,0.0,0.0,0.0,0.0,0.0,0.0,
501703,501703,501703,53,0.0,0.0,0.0,0.0,0.0,0.0,
501704,501704,501704,53,0.0,0.0,0.0,0.0,0.0,0.0,
501705,501705,501705,53,0.0,0.0,0.0,0.0,0.0,0.0,
501706,501706,501706,53,0.0,0.0,0.0,0.0,0.0,0.0,
501707,501707,501707,53,0.0,0.0,0.0,0.0,0.0,0.0,
501708,501708,501708,53,0.0,0.0,0.0,0.0,0.0,0.0,
501709,501709,501709,53,0.0,0.0,0.0,0.0,0.0,0.0,
501710,501710,501710,53,0.0,0.0,0.0,0.0,0.0,0.0,
501711,501711,501711,53,0.0,0.0,0.0,0.0,0.0,0.0,
501712,501712,501712,53,0.0,0.0,0.0,0.0,0.0,0.0,
501713,501713,501713,53,0.0,0.0,0.0,0.0,0.0,0.0,
501714,501714,501714,53,0.0,0.0,0.0,0.0,0.0,0.0,
501715,501715,501715,53,0.0,0.0,0.0,0.0,0.0,0.0,
501716,501716,501716,53,0.0,0.0,0.0,0.0,0.0,0.0,
501717,501717,501717,53,0.0,0.0,0.0,0.0,0.0,0.0,
501718,501718,501718,53,0.0,0.0,0.0,0.0,0.0,0.0,
501719,501719,501719,53,0.0,0.0,0.0,0.0,0.0,0.0,
501720,501720,501720,53,0.0,0.0,0.0,0.0,0.0,0.0,
501721,501721,501721,53,0.0,0.0,0.0,0.0,0.0,0.0,
501722,501722,501722,53,0.0,0.0,0.0,0.0,0.0,0.0,
501723,501723,501723,53,0.0,0.0,0.0,0.0,0.0,0.0,
501724,501724,501724,53,0.0,0.0,0.0,0.0,0.0,0.0,
501725,501725,501725,53,0.0,0.0,0.0,0.0,0.0,0.0,
501726,501726,501726,53,0.0,0.0,0.0,0.0,0.0,0.0,
501727,501727,501727,53,0.0,0.0,0.0,0.0,0.0,0.0,
501728,501728,501728,53,0.0,0.0,0.0,0.0,0.0,0.0,
501729,501729,501729,53,0.0,0.0,0.0,0.0,0.0,0.0,
501730,501730,501730,53,0.0,0.0,0.0,0.0,0.0,0.0,
501731,501731,501731,53,0.0,0.0,0.0,0.0,0.0,0.0,
501732,501732,501732,53,0.0,0.0,0.0,0.0,0.0,0.0,
501733,501733,501733,53,0.0,0.0,0.0,0.0,0.0,0.0,
501734,501734,501734,53,0.0,0.0,0.0,0.0,0.0,0.0,
501735,501735,501735,53,0.0,0.0,0.0,0.0,0.0,0.0,
501736,501736,501736,53,0.0,0.0,0.0,0.0,0.0,0.0,
501737,501737,501737,53,0.0,0.0,0.0,0.0,0.0,0.0,
501738,501738,501738,53,0.0,0.0,0.0,0.0,0.0,0.0,
501739,501739,501739,53,0.0,0.0,0.0,0.0,0.0,0.0,
501740,501740,501740,53,0.0,0.0,0.0,0.0,0.0,0.0,
501741,501741,501741,53,0.0,0.0,0.0,0.0,0.0,0.0,
501742,501742,501742,53,0.0,0.0,0.0,0.0,0.0,0.0,
501743,501743,501743,53,0.0,0.0,0.0,0.0,0.0,0.0,
501744,501744,501744,53,0.0,0.0,0.0,0.0,0.0,0.0,
501745,501745,501745,53,0.0,0.0,0.0,0.0,0.0,0.0,
501746,501746,501746,53,0.0,0.0,0.0,0.0,0.0,0.0,
501747,501747,501747,53,0.0,0.0,0.0,0.0,0.0,0.0,
501748,501748,501748,53,0.0,0.0,0.0,0.0,0.0,0.0,
501749,501749,501749,53,0.0,0.0,0.0,0.0,0.0,0.0,
501750,501750,501750,53,0.0,0.0,0.0,0.0,0.0,0.0,
501751,501751,501751,53,0.0,0.0,0.0,0.0,0.0,0.0,
501752,501752,501752,53,0.0,0.0,0.0,0.0,0.0,0.0,
501753,501753,501753,53,0.0,0.0,0.0,0.0,0.0,0.0,
501754,501754,501754,53,0.0,0.0,0.0,0.0,0.0,0.0,
501755,501755,501755,53,0.0,0.0,0.0,0.0,0.0,0.0,
501756,501756,501756,53,0.0,0.0,0.0,0.0,0.0,0.0,
501757,501757,501757,53,0.0,0.0,0.0,0.0,0.0,0.0,
501758,501758,501758,53,0.0,0.0,0.0,0.0,0.0,0.0,
501759,501759,501759,53,0.0,0.0,0.0,0.0,0.0,0.0,
501760,501760,501760,53,0.0,0.0,0.0,0.0,0.0,0.0,
501761,501761,501761,53,0.0,0.0,0.0,0.0,0.0,0.0,
501762,501762,501762,53,0.0,0.0,0.0,0.0,0.0,0.0,
501763,501763,501763,53,0.0,0.0,0.0,0.0,0.0,0.0,
501764,501764,501764,53,0.0,0.0,0.0,0.0,0.0,0.0,
501765,501765,501765,53,0.0,0.0,0.0,0.0,0.0,0.0,
501766,501766,501766,53,0.0,0.0,0.0,0.0,0.0,0.0,
501767,501767,501767,53,0.0,0.0,0.0,0.0,0.0,0.0,
501768,501768,501768,53,0.0,0.0,0.0,0.0,0.0,0.0,
501769,501769,501769,53,0.0,0.0,0.0,0.0,0.0,0.0,
501770,501770,501770,53,0.0,0.0,0.0,0.0,0.0,0.0,
501771,501771,501771,53,0.0,0.0,0.0,0.0,0.0,0.0,
501772,501772,501772,53,0.0,0.0,0.0,0.0,0.0,0.0,
501773,501773,501773,53,0.0,0.0,0.0,0.0,0.0,0.0,
501774,501774,501774,53,0.0,0.0,0.0,0.0,0.0,0.0,
501775,501775,501775,53,0.0,0.0,0.0,0.0,0.0,0.0,
501776,501776,501776,53,0.0,0.0,0.0,0.0,0.0,0.0,
501777,501777,501777,53,0.0,0.0,0.0,0.0,0.0,0.0,
501778,501778,501778,53,0.0,0.0,0.0,0.0,0.0,0.0,
501779,501779,501779,53,0.0,0.0,0.0,0.0,0.0,0.0,
501780,501780,501780,53,0.0,0.0,0.0,0.0,0.0,0.0,
501781,501781,501781,53,0.0,0.0,0.0,0.0,0.0,0.0,
501782,501782,501782,53,0.0,0.0,0.0,0.0,0.0,0.0,
501783,501783,501783,53,0.0,0.0,0.0,0.0,0.0,0.0,
501784,501784,501784,53,0.0,0.0,0.0,0.0,0.0,0.0,
501785,501785,501785,53,0.0,0.0,0.0,0.0,0.0,0.0,
501786,501786,501786,53,0.0,0.0,0.0,0.0,0.0,0.0,
501787,501787,501787,53,0.0,0.0,0.0,0.0,0.0,0.0,
501788,501788,501788,53,0.0,0.0,0.0,0.0,0.0,0.0,
501789,501789,501789,53,0.0,0.0,0.0,0.0,0.0,0.0,
501790,501790,501790,53,0.0,0.0,0.0,0.0,0.0,0.0,
501791,501791,501791,53,0.0,0.0,0.0,0.0,0.0,0.0,
501792,501792,501792,53,0.0,0.0,0.0,0.0,0.0,0.0,
501793,501793,501793,53,0.0,0.0,0.0,0.0,0.0,0.0,
501794,501794,501794,53,0.0,0.0,0.0,0.0,0.0,0.0,
501795,501795,501795,53,0.0,0.0,0.0,0.0,0.0,0.0,
501796,501796,501796,53,0.0,0.0,0.0,0.0,0.0,0.0,
501797,501797,501797,53,0.0,0.0,0.0,0.0,0.0,0.0,
501798,501798,501798,53,0.0,0.0,0.0,0.0,0.0,0.0,
501799,501799,501799,53,0.0,0.0,0.0,0.0,0.0,0.0,
501800,501800,501800,53,0.0,0.0,0.0,0.0,0.0,0.0,
501801,501801,501801,53,0.0,0.0,0.0,0.0,0.0,0.0,
501802,501802,501802,53,0.0,0.0,0.0,0.0,0.0,0.0,
501803,501803,501803,53,0.0,0.0,0.0,0.0,0.0,0.0,
501804,501804,501804,53,0.0,0.0,0.0,0.0,0.0,0.0,
501805,501805,501805,53,0.0,0.0,0.0,0.0,0.0,0.0,
501806,501806,501806,53,0.0,0.0,0.0,0.0,0.0,0.0,
501807,501807,501807,53,0.0,0.0,0.0,0.0,0.0,0.0,
501808,501808,501808,53,0.0,0.0,0.0,0.0,0.0,0.0,
501809,501809,501809,53,0.0,0.0,0.0,0.0,0.0,0.0,
501810,501810,501810,53,0.0,0.0,0.0,0.0,0.0,0.0,
501811,501811,501811,53,0.0,0.0,0.0,0.0,0.0,0.0,
501812,501812,501812,53,0.0,0.0,0.0,0.0,0.0,0.0,
501813,501813,501813,53,0.0,0.0,0.0,0.0,0.0,0.0,
501814,501814,501814,53,0.0,0.0,0.0,0.0,0.0,0.0,
501815,501815,501815,53,0.0,0.0,0.0,0.0,0.0,0.0,
501816,501816,501816,53,0.0,0.0,0.0,0.0,0.0,0.0,
501817,501817,501817,53,0.0,0.0,0.0,0.0,0.0,0.0,
501818,501818,501818,53,0.0,0.0,0.0,0.0,0.0,0.0,
501819,501819,501819,53,0.0,0.0,0.0,0.0,0.0,0.0,
501820,501820,501820,53,0.0,0.0,0.0,0.0,0.0,0.0,
501821,501821,501821,53,0.0,0.0,0.0,0.0,0.0,0.0,
501822,501822,501822,53,0.0,0.0,0.0,0.0,0.0,0.0,
501823,501823,501823,53,0.0,0.0,0.0,0.0,0.0,0.0,
501824,501824,501824,53,0.0,0.0,0.0,0.0,0.0,0.0,
501825,501825,501825,53,0.0,0.0,0.0,0.0,0.0,0.0,
501826,501826,501826,53,0.0,0.0,0.0,0.0,0.0,0.0,
501827,501827,501827,53,0.0,0.0,0.0,0.0,0.0,0.0,
501828,501828,501828,53,0.0,0.0,0.0,0.0,0.0,0.0,
501829,501829,501829,53,0.0,0.0,0.0,0.0,0.0,0.0,
501830,501830,501830,53,0.0,0.0,0.0,0.0,0.0,0.0,
501831,501831,501831,53,0.0,0.0,0.0,0.0,0.0,0.0,
501832,501832,501832,53,0.0,0.0,0.0,0.0,0.0,0.0,
501833,501833,501833,53,0.0,0.0,0.0,0.0,0.0,0.0,
501834,501834,501834,53,0.0,0.0,0.0,0.0,0.0,0.0,
501835,501835,501835,53,0.0,0.0,0.0,0.0,0.0,0.0,
501836,501836,501836,53,0.0,0.0,0.0,0.0,0.0,0.0,
501837,501837,501837,53,0.0,0.0,0.0,0.0,0.0,0.0,
501838,501838,501838,53,0.0,0.0,0.0,0.0,0.0,0.0,
501839,501839,501839,53,0.0,0.0,0.0,0.0,0.0,0.0,
501840,501840,501840,53,0.0,0.0,0.0,0.0,0.0,0.0,
501841,501841,501841,53,0.0,0.0,0.0,0.0,0.0,0.0,
501842,501842,501842,53,0.0,0.0,0.0,0.0,0.0,0.0,
501843,501843,501843,53,0.0,0.0,0.0,0.0,0.0,0.0,
501844,501844,501844,53,0.0,0.0,0.0,0.0,0.0,0.0,
501845,501845,501845,53,0.0,0.0,0.0,0.0,0.0,0.0,
501846,501846,501846,53,0.0,0.0,0.0,0.0,0.0,0.0,
501847,501847,501847,53,0.0,0.0,0.0,0.0,0.0,0.0,
501848,501848,501848,53,0.0,0.0,0.0,0.0,0.0,0.0,
501849,501849,501849,53,0.0,0.0,0.0,0.0,0.0,0.0,
501850,501850,501850,53,0.0,0.0,0.0,0.0,0.0,0.0,
501851,501851,501851,53,0.0,0.0,0.0,0.0,0.0,0.0,
501852,501852,501852,53,0.0,0.0,0.0,0.0,0.0,0.0,
501853,501853,501853,53,0.0,0.0,0.0,0.0,0.0,0.0,
501854,501854,501854,53,0.0,0.0,0.0,0.0,0.0,0.0,
501855,501855,501855,53,0.0,0.0,0.0,0.0,0.0,0.0,
501856,501856,501856,53,0.0,0.0,0.0,0.0,0.0,0.0,
501857,501857,501857,53,0.0,0.0,0.0,0.0,0.0,0.0,
501858,501858,501858,53,0.0,0.0,0.0,0.0,0.0,0.0,
501859,501859,501859,53,0.0,0.0,0.0,0.0,0.0,0.0,
501860,501860,501860,53,0.0,0.0,0.0,0.0,0.0,0.0,
501861,501861,501861,53,0.0,0.0,0.0,0.0,0.0,0.0,
501862,501862,501862,53,0.0,0.0,0.0,0.0,0.0,0.0,
501863,501863,501863,53,0.0,0.0,0.0,0.0,0.0,0.0,
501864,501864,501864,53,0.0,0.0,0.0,0.0,0.0,0.0,
501865,501865,501865,53,0.0,0.0,0.0,0.0,0.0,0.0,
501866,501866,501866,53,0.0,0.0,0.0,0.0,0.0,0.0,
501867,501867,501867,53,0.0,0.0,0.0,0.0,0.0,0.0,
501868,501868,501868,53,0.0,0.0,0.0,0.0,0.0,0.0,
501869,501869,501869,53,0.0,0.0,0.0,0.0,0.0,0.0,
501870,501870,501870,53,0.0,0.0,0.0,0.0,0.0,0.0,
501871,501871,501871,53,0.0,0.0,0.0,0.0,0.0,0.0,
501872,501872,501872,53,0.0,0.0,0.0,0.0,0.0,0.0,
501873,501873,501873,53,0.0,0.0,0.0,0.0,0.0,0.0,
501874,501874,501874,53,0.0,0.0,0.0,0.0,0.0,0.0,
501875,501875,501875,53,0.0,0.0,0.0,0.0,0.0,0.0,
501876,501876,501876,53,0.0,0.0,0.0,0.0,0.0,0.0,
501877,501877,501877,53,0.0,0.0,0.0,0.0,0.0,0.0,
501878,501878,501878,53,0.0,0.0,0.0,0.0,0.0,0.0,
501879,501879,501879,53,0.0,0.0,0.0,0.0,0.0,0.0,
501880,501880,501880,53,0.0,0.0,0.0,0.0,0.0,0.0,
501881,501881,501881,53,0.0,0.0,0.0,0.0,0.0,0.0,
501882,501882,501882,53,0.0,0.0,0.0,0.0,0.0,0.0,
501883,501883,501883,53,0.0,0.0,0.0,0.0,0.0,0.0,
501884,501884,501884,53,0.0,0.0,0.0,0.0,0.0,0.0,
501885,501885,501885,53,0.0,0.0,0.0,0.0,0.0,0.0,
501886,501886,501886,53,0.0,0.0,0.0,0.0,0.0,0.0,
501887,501887,501887,53,0.0,0.0,0.0,0.0,0.0,0.0,
501888,501888,501888,53,0.0,0.0,0.0,0.0,0.0,0.0,
501889,501889,501889,53,0.0,0.0,0.0,0.0,0.0,0.0,
501890,501890,501890,53,0.0,0.0,0.0,0.0,0.0,0.0,
501891,501891,501891,53,0.0,0.0,0.0,0.0,0.0,0.0,
501892,501892,501892,53,0.0,0.0,0.0,0.0,0.0,0.0,
501893,501893,501893,53,0.0,0.0,0.0,0.0,0.0,0.0,
501894,501894,501894,53,0.0,0.0,0.0,0.0,0.0,0.0,
501895,501895,501895,53,0.0,0.0,0.0,0.0,0.0,0.0,
501896,501896,501896,53,0.0,0.0,0.0,0.0,0.0,0.0,
501897,501897,501897,53,0.0,0.0,0.0,0.0,0.0,0.0,
501898,501898,501898,53,0.0,0.0,0.0,0.0,0.0,0.0,
501899,501899,501899,53,0.0,0.0,0.0,0.0,0.0,0.0,
501900,501900,501900,53,0.0,0.0,0.0,0.0,0.0,0.0,
501901,501901,501901,53,0.0,0.0,0.0,0.0,0.0,0.0,
501902,501902,501902,53,0.0,0.0,0.0,0.0,0.0,0.0,
501903,501903,501903,53,0.0,0.0,0.0,0.0,0.0,0.0,
501904,501904,501904,53,0.0,0.0,0.0,0.0,0.0,0.0,
501905,501905,501905,53,0.0,0.0,0.0,0.0,0.0,0.0,
501906,501906,501906,53,0.0,0.0,0.0,0.0,0.0,0.0,
501907,501907,501907,53,0.0,0.0,0.0,0.0,0.0,0.0,
501908,501908,501908,53,0.0,0.0,0.0,0.0,0.0,0.0,
501909,501909,501909,53,0.0,0.0,0.0,0.0,0.0,0.0,
501910,501910,501910,53,0.0,0.0,0.0,0.0,0.0,0.0,
501911,501911,501911,53,0.0,0.0,0.0,0.0,0.0,0.0,
501912,501912,501912,53,0.0,0.0,0.0,0.0,0.0,0.0,
501913,501913,501913,53,0.0,0.0,0.0,0.0,0.0,0.0,
501914,501914,501914,53,0.0,0.0,0.0,0.0,0.0,0.0,
501915,501915,501915,53,0.0,0.0,0.0,0.0,0.0,0.0,
501916,501916,501916,53,0.0,0.0,0.0,0.0,0.0,0.0,
501917,501917,501917,53,0.0,0.0,0.0,0.0,0.0,0.0,
501918,501918,501918,53,0.0,0.0,0.0,0.0,0.0,0.0,
501919,501919,501919,53,0.0,0.0,0.0,0.0,0.0,0.0,
501920,501920,501920,53,0.0,0.0,0.0,0.0,0.0,0.0,
501921,501921,501921,53,0.0,0.0,0.0,0.0,0.0,0.0,
501922,501922,501922,53,0.0,0.0,0.0,0.0,0.0,0.0,
501923,501923,501923,53,0.0,0.0,0.0,0.0,0.0,0.0,
501924,501924,501924,53,0.0,0.0,0.0,0.0,0.0,0.0,
501925,501925,501925,53,0.0,0.0,0.0,0.0,0.0,0.0,
501926,501926,501926,53,0.0,0.0,0.0,0.0,0.0,0.0,
501927,501927,501927,53,0.0,0.0,0.0,0.0,0.0,0.0,
501928,501928,501928,53,0.0,0.0,0.0,0.0,0.0,0.0,
501929,501929,501929,53,0.0,0.0,0.0,0.0,0.0,0.0,
501930,501930,501930,53,0.0,0.0,0.0,0.0,0.0,0.0,
501931,501931,501931,53,0.0,0.0,0.0,0.0,0.0,0.0,
501932,501932,501932,53,0.0,0.0,0.0,0.0,0.0,0.0,
501933,501933,501933,53,0.0,0.0,0.0,0.0,0.0,0.0,
501934,501934,501934,53,0.0,0.0,0.0,0.0,0.0,0.0,
501935,501935,501935,53,0.0,0.0,0.0,0.0,0.0,0.0,
501936,501936,501936,53,0.0,0.0,0.0,0.0,0.0,0.0,
501937,501937,501937,53,0.0,0.0,0.0,0.0,0.0,0.0,
501938,501938,501938,53,0.0,0.0,0.0,0.0,0.0,0.0,
501939,501939,501939,53,0.0,0.0,0.0,0.0,0.0,0.0,
501940,501940,501940,53,0.0,0.0,0.0,0.0,0.0,0.0,
501941,501941,501941,53,0.0,0.0,0.0,0.0,0.0,0.0,
501942,501942,501942,53,0.0,0.0,0.0,0.0,0.0,0.0,
501943,501943,501943,53,0.0,0.0,0.0,0.0,0.0,0.0,
501944,501944,501944,53,0.0,0.0,0.0,0.0,0.0,0.0,
501945,501945,501945,53,0.0,0.0,0.0,0.0,0.0,0.0,
501946,501946,501946,53,0.0,0.0,0.0,0.0,0.0,0.0,
501947,501947,501947,53,0.0,0.0,0.0,0.0,0.0,0.0,
501948,501948,501948,53,0.0,0.0,0.0,0.0,0.0,0.0,
501949,501949,501949,53,0.0,0.0,0.0,0.0,0.0,0.0,
501950,501950,501950,53,0.0,0.0,0.0,0.0,0.0,0.0,
501951,501951,501951,53,0.0,0.0,0.0,0.0,0.0,0.0,
501952,501952,501952,53,0.0,0.0,0.0,0.0,0.0,0.0,
501953,501953,501953,53,0.0,0.0,0.0,0.0,0.0,0.0,
501954,501954,501954,53,0.0,0.0,0.0,0.0,0.0,0.0,
501955,501955,501955,53,0.0,0.0,0.0,0.0,0.0,0.0,
501956,501956,501956,53,0.0,0.0,0.0,0.0,0.0,0.0,
501957,501957,501957,53,0.0,0.0,0.0,0.0,0.0,0.0,
501958,501958,501958,53,0.0,0.0,0.0,0.0,0.0,0.0,
501959,501959,501959,53,0.0,0.0,0.0,0.0,0.0,0.0,
501960,501960,501960,53,0.0,0.0,0.0,0.0,0.0,0.0,
501961,501961,501961,53,0.0,0.0,0.0,0.0,0.0,0.0,
501962,501962,501962,53,0.0,0.0,0.0,0.0,0.0,0.0,
501963,501963,501963,53,0.0,0.0,0.0,0.0,0.0,0.0,
501964,501964,501964,53,0.0,0.0,0.0,0.0,0.0,0.0,
501965,501965,501965,53,0.0,0.0,0.0,0.0,0.0,0.0,
501966,501966,501966,53,0.0,0.0,0.0,0.0,0.0,0.0,
501967,501967,501967,53,0.0,0.0,0.0,0.0,0.0,0.0,
501968,501968,501968,53,0.0,0.0,0.0,0.0,0.0,0.0,
501969,501969,501969,53,0.0,0.0,0.0,0.0,0.0,0.0,
501970,501970,501970,53,0.0,0.0,0.0,0.0,0.0,0.0,
501971,501971,501971,53,0.0,0.0,0.0,0.0,0.0,0.0,
501972,501972,501972,53,0.0,0.0,0.0,0.0,0.0,0.0,
501973,501973,501973,53,0.0,0.0,0.0,0.0,0.0,0.0,
501974,501974,501974,53,0.0,0.0,0.0,0.0,0.0,0.0,
501975,501975,501975,53,0.0,0.0,0.0,0.0,0.0,0.0,
501976,501976,501976,53,0.0,0.0,0.0,0.0,0.0,0.0,
501977,501977,501977,53,0.0,0.0,0.0,0.0,0.0,0.0,
501978,501978,501978,53,0.0,0.0,0.0,0.0,0.0,0.0,
501979,501979,501979,53,0.0,0.0,0.0,0.0,0.0,0.0,
501980,501980,501980,53,0.0,0.0,0.0,0.0,0.0,0.0,
501981,501981,501981,53,0.0,0.0,0.0,0.0,0.0,0.0,
501982,501982,501982,53,0.0,0.0,0.0,0.0,0.0,0.0,
501983,501983,501983,53,0.0,0.0,0.0,0.0,0.0,0.0,
501984,501984,501984,53,0.0,0.0,0.0,0.0,0.0,0.0,
501985,501985,501985,53,0.0,0.0,0.0,0.0,0.0,0.0,
501986,501986,501986,53,0.0,0.0,0.0,0.0,0.0,0.0,
501987,501987,501987,53,0.0,0.0,0.0,0.0,0.0,0.0,
501988,501988,501988,53,0.0,0.0,0.0,0.0,0.0,0.0,
501989,501989,501989,53,0.0,0.0,0.0,0.0,0.0,0.0,
501990,501990,501990,53,0.0,0.0,0.0,0.0,0.0,0.0,
501991,501991,501991,53,0.0,0.0,0.0,0.0,0.0,0.0,
501992,501992,501992,53,0.0,0.0,0.0,0.0,0.0,0.0,
501993,501993,501993,53,0.0,0.0,0.0,0.0,0.0,0.0,
501994,501994,501994,53,0.0,0.0,0.0,0.0,0.0,0.0,
501995,501995,501995,53,0.0,0.0,0.0,0.0,0.0,0.0,
501996,501996,501996,53,0.0,0.0,0.0,0.0,0.0,0.0,
501997,501997,501997,53,0.0,0.0,0.0,0.0,0.0,0.0,
501998,501998,501998,53,0.0,0.0,0.0,0.0,0.0,0.0,
501999,501999,501999,53,0.0,0.0,0.0,0.0,0.0,0.0,
502000,502000,502000,53,0.0,0.0,0.0,0.0,0.0,0.0,
502001,502001,502001,53,0.0,0.0,0.0,0.0,0.0,0.0,
502002,502002,502002,53,0.0,0.0,0.0,0.0,0.0,0.0,
502003,502003,502003,53,0.0,0.0,0.0,0.0,0.0,0.0,
502004,502004,502004,53,0.0,0.0,0.0,0.0,0.0,0.0,
502005,502005,502005,53,0.0,0.0,0.0,0.0,0.0,0.0,
502006,502006,502006,53,0.0,0.0,0.0,0.0,0.0,0.0,
502007,502007,502007,53,0.0,0.0,0.0,0.0,0.0,0.0,
502008,502008,502008,53,0.0,0.0,0.0,0.0,0.0,0.0,
502009,502009,502009,53,0.0,0.0,0.0,0.0,0.0,0.0,
502010,502010,502010,53,0.0,0.0,0.0,0.0,0.0,0.0,
502011,502011,502011,53,0.0,0.0,0.0,0.0,0.0,0.0,
502012,502012,502012,53,0.0,0.0,0.0,0.0,0.0,0.0,
502013,502013,502013,53,0.0,0.0,0.0,0.0,0.0,0.0,
502014,502014,502014,53,0.0,0.0,0.0,0.0,0.0,0.0,
502015,502015,502015,53,0.0,0.0,0.0,0.0,0.0,0.0,
502016,502016,502016,53,0.0,0.0,0.0,0.0,0.0,0.0,
502017,502017,502017,53,0.0,0.0,0.0,0.0,0.0,0.0,
502018,502018,502018,53,0.0,0.0,0.0,0.0,0.0,0.0,
502019,502019,502019,53,0.0,0.0,0.0,0.0,0.0,0.0,
502020,502020,502020,53,0.0,0.0,0.0,0.0,0.0,0.0,
502021,502021,502021,53,0.0,0.0,0.0,0.0,0.0,0.0,
502022,502022,502022,53,0.0,0.0,0.0,0.0,0.0,0.0,
502023,502023,502023,53,0.0,0.0,0.0,0.0,0.0,0.0,
502024,502024,502024,53,0.0,0.0,0.0,0.0,0.0,0.0,
502025,502025,502025,53,0.0,0.0,0.0,0.0,0.0,0.0,
502026,502026,502026,53,0.0,0.0,0.0,0.0,0.0,0.0,
502027,502027,502027,53,0.0,0.0,0.0,0.0,0.0,0.0,
502028,502028,502028,53,0.0,0.0,0.0,0.0,0.0,0.0,
502029,502029,502029,53,0.0,0.0,0.0,0.0,0.0,0.0,
502030,502030,502030,53,0.0,0.0,0.0,0.0,0.0,0.0,
502031,502031,502031,53,0.0,0.0,0.0,0.0,0.0,0.0,
502032,502032,502032,53,0.0,0.0,0.0,0.0,0.0,0.0,
502033,502033,502033,53,0.0,0.0,0.0,0.0,0.0,0.0,
502034,502034,502034,53,0.0,0.0,0.0,0.0,0.0,0.0,
502035,502035,502035,53,0.0,0.0,0.0,0.0,0.0,0.0,
502036,502036,502036,53,0.0,0.0,0.0,0.0,0.0,0.0,
502037,502037,502037,53,0.0,0.0,0.0,0.0,0.0,0.0,
502038,502038,502038,53,0.0,0.0,0.0,0.0,0.0,0.0,
502039,502039,502039,53,0.0,0.0,0.0,0.0,0.0,0.0,
502040,502040,502040,53,0.0,0.0,0.0,0.0,0.0,0.0,
502041,502041,502041,53,0.0,0.0,0.0,0.0,0.0,0.0,
502042,502042,502042,53,0.0,0.0,0.0,0.0,0.0,0.0,
502043,502043,502043,53,0.0,0.0,0.0,0.0,0.0,0.0,
502044,502044,502044,53,0.0,0.0,0.0,0.0,0.0,0.0,
502045,502045,502045,53,0.0,0.0,0.0,0.0,0.0,0.0,
502046,502046,502046,53,0.0,0.0,0.0,0.0,0.0,0.0,
502047,502047,502047,53,0.0,0.0,0.0,0.0,0.0,0.0,
502048,502048,502048,53,0.0,0.0,0.0,0.0,0.0,0.0,
502049,502049,502049,53,0.0,0.0,0.0,0.0,0.0,0.0,
502050,502050,502050,53,0.0,0.0,0.0,0.0,0.0,0.0,
502051,502051,502051,53,0.0,0.0,0.0,0.0,0.0,0.0,
502052,502052,502052,53,0.0,0.0,0.0,0.0,0.0,0.0,
502053,502053,502053,53,0.0,0.0,0.0,0.0,0.0,0.0,
502054,502054,502054,53,0.0,0.0,0.0,0.0,0.0,0.0,
502055,502055,502055,53,0.0,0.0,0.0,0.0,0.0,0.0,
502056,502056,502056,53,0.0,0.0,0.0,0.0,0.0,0.0,
502057,502057,502057,53,0.0,0.0,0.0,0.0,0.0,0.0,
502058,502058,502058,53,0.0,0.0,0.0,0.0,0.0,0.0,
502059,502059,502059,53,0.0,0.0,0.0,0.0,0.0,0.0,
502060,502060,502060,53,0.0,0.0,0.0,0.0,0.0,0.0,
502061,502061,502061,53,0.0,0.0,0.0,0.0,0.0,0.0,
502062,502062,502062,53,0.0,0.0,0.0,0.0,0.0,0.0,
502063,502063,502063,53,0.0,0.0,0.0,0.0,0.0,0.0,
502064,502064,502064,53,0.0,0.0,0.0,0.0,0.0,0.0,
502065,502065,502065,53,0.0,0.0,0.0,0.0,0.0,0.0,
502066,502066,502066,53,0.0,0.0,0.0,0.0,0.0,0.0,
502067,502067,502067,53,0.0,0.0,0.0,0.0,0.0,0.0,
502068,502068,502068,53,0.0,0.0,0.0,0.0,0.0,0.0,
502069,502069,502069,53,0.0,0.0,0.0,0.0,0.0,0.0,
502070,502070,502070,53,0.0,0.0,0.0,0.0,0.0,0.0,
502071,502071,502071,53,0.0,0.0,0.0,0.0,0.0,0.0,
502072,502072,502072,53,0.0,0.0,0.0,0.0,0.0,0.0,
502073,502073,502073,53,0.0,0.0,0.0,0.0,0.0,0.0,
502074,502074,502074,53,0.0,0.0,0.0,0.0,0.0,0.0,
502075,502075,502075,53,0.0,0.0,0.0,0.0,0.0,0.0,
502076,502076,502076,53,0.0,0.0,0.0,0.0,0.0,0.0,
502077,502077,502077,53,0.0,0.0,0.0,0.0,0.0,0.0,
502078,502078,502078,53,0.0,0.0,0.0,0.0,0.0,0.0,
502079,502079,502079,53,0.0,0.0,0.0,0.0,0.0,0.0,
502080,502080,502080,53,0.0,0.0,0.0,0.0,0.0,0.0,
502081,502081,502081,53,0.0,0.0,0.0,0.0,0.0,0.0,
502082,502082,502082,53,0.0,0.0,0.0,0.0,0.0,0.0,
502083,502083,502083,53,0.0,0.0,0.0,0.0,0.0,0.0,
502084,502084,502084,53,0.0,0.0,0.0,0.0,0.0,0.0,
502085,502085,502085,53,0.0,0.0,0.0,0.0,0.0,0.0,
502086,502086,502086,53,0.0,0.0,0.0,0.0,0.0,0.0,
502087,502087,502087,53,0.0,0.0,0.0,0.0,0.0,0.0,
502088,502088,502088,53,0.0,0.0,0.0,0.0,0.0,0.0,
502089,502089,502089,53,0.0,0.0,0.0,0.0,0.0,0.0,
502090,502090,502090,53,0.0,0.0,0.0,0.0,0.0,0.0,
502091,502091,502091,53,0.0,0.0,0.0,0.0,0.0,0.0,
502092,502092,502092,53,0.0,0.0,0.0,0.0,0.0,0.0,
502093,502093,502093,53,0.0,0.0,0.0,0.0,0.0,0.0,
502094,502094,502094,53,0.0,0.0,0.0,0.0,0.0,0.0,
502095,502095,502095,53,0.0,0.0,0.0,0.0,0.0,0.0,
502096,502096,502096,53,0.0,0.0,0.0,0.0,0.0,0.0,
502097,502097,502097,53,0.0,0.0,0.0,0.0,0.0,0.0,
502098,502098,502098,53,0.0,0.0,0.0,0.0,0.0,0.0,
502099,502099,502099,53,0.0,0.0,0.0,0.0,0.0,0.0,
502100,502100,502100,53,0.0,0.0,0.0,0.0,0.0,0.0,
502101,502101,502101,53,0.0,0.0,0.0,0.0,0.0,0.0,
502102,502102,502102,53,0.0,0.0,0.0,0.0,0.0,0.0,
502103,502103,502103,53,0.0,0.0,0.0,0.0,0.0,0.0,
502104,502104,502104,53,0.0,0.0,0.0,0.0,0.0,0.0,
502105,502105,502105,53,0.0,0.0,0.0,0.0,0.0,0.0,
502106,502106,502106,53,0.0,0.0,0.0,0.0,0.0,0.0,
502107,502107,502107,53,0.0,0.0,0.0,0.0,0.0,0.0,
502108,502108,502108,53,0.0,0.0,0.0,0.0,0.0,0.0,
502109,502109,502109,53,0.0,0.0,0.0,0.0,0.0,0.0,
502110,502110,502110,53,0.0,0.0,0.0,0.0,0.0,0.0,
502111,502111,502111,53,0.0,0.0,0.0,0.0,0.0,0.0,
502112,502112,502112,53,0.0,0.0,0.0,0.0,0.0,0.0,
502113,502113,502113,53,0.0,0.0,0.0,0.0,0.0,0.0,
502114,502114,502114,53,0.0,0.0,0.0,0.0,0.0,0.0,
502115,502115,502115,53,0.0,0.0,0.0,0.0,0.0,0.0,
502116,502116,502116,53,0.0,0.0,0.0,0.0,0.0,0.0,
502117,502117,502117,53,0.0,0.0,0.0,0.0,0.0,0.0,
502118,502118,502118,53,0.0,0.0,0.0,0.0,0.0,0.0,
502119,502119,502119,53,0.0,0.0,0.0,0.0,0.0,0.0,
502120,502120,502120,53,0.0,0.0,0.0,0.0,0.0,0.0,
502121,502121,502121,53,0.0,0.0,0.0,0.0,0.0,0.0,
502122,502122,502122,53,0.0,0.0,0.0,0.0,0.0,0.0,
502123,502123,502123,53,0.0,0.0,0.0,0.0,0.0,0.0,
502124,502124,502124,53,0.0,0.0,0.0,0.0,0.0,0.0,
502125,502125,502125,53,0.0,0.0,0.0,0.0,0.0,0.0,
502126,502126,502126,53,0.0,0.0,0.0,0.0,0.0,0.0,
502127,502127,502127,53,0.0,0.0,0.0,0.0,0.0,0.0,
502128,502128,502128,53,0.0,0.0,0.0,0.0,0.0,0.0,
502129,502129,502129,53,0.0,0.0,0.0,0.0,0.0,0.0,
502130,502130,502130,53,0.0,0.0,0.0,0.0,0.0,0.0,
502131,502131,502131,53,0.0,0.0,0.0,0.0,0.0,0.0,
502132,502132,502132,53,0.0,0.0,0.0,0.0,0.0,0.0,
502133,502133,502133,53,0.0,0.0,0.0,0.0,0.0,0.0,
502134,502134,502134,53,0.0,0.0,0.0,0.0,0.0,0.0,
502135,502135,502135,53,0.0,0.0,0.0,0.0,0.0,0.0,
502136,502136,502136,53,0.0,0.0,0.0,0.0,0.0,0.0,
502137,502137,502137,53,0.0,0.0,0.0,0.0,0.0,0.0,
502138,502138,502138,53,0.0,0.0,0.0,0.0,0.0,0.0,
502139,502139,502139,53,0.0,0.0,0.0,0.0,0.0,0.0,
502140,502140,502140,53,0.0,0.0,0.0,0.0,0.0,0.0,
502141,502141,502141,53,0.0,0.0,0.0,0.0,0.0,0.0,
502142,502142,502142,53,0.0,0.0,0.0,0.0,0.0,0.0,
502143,502143,502143,53,0.0,0.0,0.0,0.0,0.0,0.0,
502144,502144,502144,53,0.0,0.0,0.0,0.0,0.0,0.0,
502145,502145,502145,53,0.0,0.0,0.0,0.0,0.0,0.0,
502146,502146,502146,53,0.0,0.0,0.0,0.0,0.0,0.0,
502147,502147,502147,53,0.0,0.0,0.0,0.0,0.0,0.0,
502148,502148,502148,53,0.0,0.0,0.0,0.0,0.0,0.0,
502149,502149,502149,53,0.0,0.0,0.0,0.0,0.0,0.0,
502150,502150,502150,53,0.0,0.0,0.0,0.0,0.0,0.0,
502151,502151,502151,53,0.0,0.0,0.0,0.0,0.0,0.0,
502152,502152,502152,53,0.0,0.0,0.0,0.0,0.0,0.0,
502153,502153,502153,53,0.0,0.0,0.0,0.0,0.0,0.0,
502154,502154,502154,53,0.0,0.0,0.0,0.0,0.0,0.0,
502155,502155,502155,53,0.0,0.0,0.0,0.0,0.0,0.0,
502156,502156,502156,53,0.0,0.0,0.0,0.0,0.0,0.0,
502157,502157,502157,53,0.0,0.0,0.0,0.0,0.0,0.0,
502158,502158,502158,53,0.0,0.0,0.0,0.0,0.0,0.0,
502159,502159,502159,53,0.0,0.0,0.0,0.0,0.0,0.0,
502160,502160,502160,53,0.0,0.0,0.0,0.0,0.0,0.0,
502161,502161,502161,53,0.0,0.0,0.0,0.0,0.0,0.0,
502162,502162,502162,53,0.0,0.0,0.0,0.0,0.0,0.0,
502163,502163,502163,53,0.0,0.0,0.0,0.0,0.0,0.0,
502164,502164,502164,53,0.0,0.0,0.0,0.0,0.0,0.0,
502165,502165,502165,53,0.0,0.0,0.0,0.0,0.0,0.0,
502166,502166,502166,53,0.0,0.0,0.0,0.0,0.0,0.0,
502167,502167,502167,53,0.0,0.0,0.0,0.0,0.0,0.0,
502168,502168,502168,53,0.0,0.0,0.0,0.0,0.0,0.0,
502169,502169,502169,53,0.0,0.0,0.0,0.0,0.0,0.0,
502170,502170,502170,53,0.0,0.0,0.0,0.0,0.0,0.0,
502171,502171,502171,53,0.0,0.0,0.0,0.0,0.0,0.0,
502172,502172,502172,53,0.0,0.0,0.0,0.0,0.0,0.0,
502173,502173,502173,53,0.0,0.0,0.0,0.0,0.0,0.0,
502174,502174,502174,53,0.0,0.0,0.0,0.0,0.0,0.0,
502175,502175,502175,53,0.0,0.0,0.0,0.0,0.0,0.0,
502176,502176,502176,53,0.0,0.0,0.0,0.0,0.0,0.0,
502177,502177,502177,53,0.0,0.0,0.0,0.0,0.0,0.0,
502178,502178,502178,53,0.0,0.0,0.0,0.0,0.0,0.0,
502179,502179,502179,53,0.0,0.0,0.0,0.0,0.0,0.0,
502180,502180,502180,53,0.0,0.0,0.0,0.0,0.0,0.0,
502181,502181,502181,53,0.0,0.0,0.0,0.0,0.0,0.0,
502182,502182,502182,53,0.0,0.0,0.0,0.0,0.0,0.0,
502183,502183,502183,53,0.0,0.0,0.0,0.0,0.0,0.0,
502184,502184,502184,53,0.0,0.0,0.0,0.0,0.0,0.0,
502185,502185,502185,53,0.0,0.0,0.0,0.0,0.0,0.0,
502186,502186,502186,53,0.0,0.0,0.0,0.0,0.0,0.0,
502187,502187,502187,53,0.0,0.0,0.0,0.0,0.0,0.0,
502188,502188,502188,53,0.0,0.0,0.0,0.0,0.0,0.0,
502189,502189,502189,53,0.0,0.0,0.0,0.0,0.0,0.0,
502190,502190,502190,53,0.0,0.0,0.0,0.0,0.0,0.0,
502191,502191,502191,53,0.0,0.0,0.0,0.0,0.0,0.0,
502192,502192,502192,53,0.0,0.0,0.0,0.0,0.0,0.0,
502193,502193,502193,53,0.0,0.0,0.0,0.0,0.0,0.0,
502194,502194,502194,53,0.0,0.0,0.0,0.0,0.0,0.0,
502195,502195,502195,53,0.0,0.0,0.0,0.0,0.0,0.0,
502196,502196,502196,53,0.0,0.0,0.0,0.0,0.0,0.0,
502197,502197,502197,53,0.0,0.0,0.0,0.0,0.0,0.0,
502198,502198,502198,53,0.0,0.0,0.0,0.0,0.0,0.0,
502199,502199,502199,53,0.0,0.0,0.0,0.0,0.0,0.0,
502200,502200,502200,53,0.0,0.0,0.0,0.0,0.0,0.0,
502201,502201,502201,53,0.0,0.0,0.0,0.0,0.0,0.0,
502202,502202,502202,53,0.0,0.0,0.0,0.0,0.0,0.0,
502203,502203,502203,53,0.0,0.0,0.0,0.0,0.0,0.0,
502204,502204,502204,53,0.0,0.0,0.0,0.0,0.0,0.0,
502205,502205,502205,53,0.0,0.0,0.0,0.0,0.0,0.0,
502206,502206,502206,53,0.0,0.0,0.0,0.0,0.0,0.0,
502207,502207,502207,53,0.0,0.0,0.0,0.0,0.0,0.0,
502208,502208,502208,53,0.0,0.0,0.0,0.0,0.0,0.0,
502209,502209,502209,53,0.0,0.0,0.0,0.0,0.0,0.0,
502210,502210,502210,53,0.0,0.0,0.0,0.0,0.0,0.0,
502211,502211,502211,53,0.0,0.0,0.0,0.0,0.0,0.0,
502212,502212,502212,53,0.0,0.0,0.0,0.0,0.0,0.0,
502213,502213,502213,53,0.0,0.0,0.0,0.0,0.0,0.0,
502214,502214,502214,53,0.0,0.0,0.0,0.0,0.0,0.0,
502215,502215,502215,53,0.0,0.0,0.0,0.0,0.0,0.0,
502216,502216,502216,53,0.0,0.0,0.0,0.0,0.0,0.0,
502217,502217,502217,53,0.0,0.0,0.0,0.0,0.0,0.0,
502218,502218,502218,53,0.0,0.0,0.0,0.0,0.0,0.0,
502219,502219,502219,53,0.0,0.0,0.0,0.0,0.0,0.0,
502220,502220,502220,53,0.0,0.0,0.0,0.0,0.0,0.0,
502221,502221,502221,53,0.0,0.0,0.0,0.0,0.0,0.0,
502222,502222,502222,53,0.0,0.0,0.0,0.0,0.0,0.0,
502223,502223,502223,53,0.0,0.0,0.0,0.0,0.0,0.0,
502224,502224,502224,53,0.0,0.0,0.0,0.0,0.0,0.0,
502225,502225,502225,53,0.0,0.0,0.0,0.0,0.0,0.0,
502226,502226,502226,53,0.0,0.0,0.0,0.0,0.0,0.0,
502227,502227,502227,53,0.0,0.0,0.0,0.0,0.0,0.0,
502228,502228,502228,53,0.0,0.0,0.0,0.0,0.0,0.0,
502229,502229,502229,53,0.0,0.0,0.0,0.0,0.0,0.0,
502230,502230,502230,53,0.0,0.0,0.0,0.0,0.0,0.0,
502231,502231,502231,53,0.0,0.0,0.0,0.0,0.0,0.0,
502232,502232,502232,53,0.0,0.0,0.0,0.0,0.0,0.0,
502233,502233,502233,53,0.0,0.0,0.0,0.0,0.0,0.0,
502234,502234,502234,53,0.0,0.0,0.0,0.0,0.0,0.0,
502235,502235,502235,53,0.0,0.0,0.0,0.0,0.0,0.0,
502236,502236,502236,53,0.0,0.0,0.0,0.0,0.0,0.0,
502237,502237,502237,53,0.0,0.0,0.0,0.0,0.0,0.0,
502238,502238,502238,53,0.0,0.0,0.0,0.0,0.0,0.0,
502239,502239,502239,53,0.0,0.0,0.0,0.0,0.0,0.0,
502240,502240,502240,53,0.0,0.0,0.0,0.0,0.0,0.0,
502241,502241,502241,53,0.0,0.0,0.0,0.0,0.0,0.0,
502242,502242,502242,53,0.0,0.0,0.0,0.0,0.0,0.0,
502243,502243,502243,53,0.0,0.0,0.0,0.0,0.0,0.0,
502244,502244,502244,53,0.0,0.0,0.0,0.0,0.0,0.0,
502245,502245,502245,53,0.0,0.0,0.0,0.0,0.0,0.0,
502246,502246,502246,53,0.0,0.0,0.0,0.0,0.0,0.0,
502247,502247,502247,53,0.0,0.0,0.0,0.0,0.0,0.0,
502248,502248,502248,53,0.0,0.0,0.0,0.0,0.0,0.0,
502249,502249,502249,53,0.0,0.0,0.0,0.0,0.0,0.0,
502250,502250,502250,53,0.0,0.0,0.0,0.0,0.0,0.0,
502251,502251,502251,53,0.0,0.0,0.0,0.0,0.0,0.0,
502252,502252,502252,53,0.0,0.0,0.0,0.0,0.0,0.0,
502253,502253,502253,53,0.0,0.0,0.0,0.0,0.0,0.0,
502254,502254,502254,53,0.0,0.0,0.0,0.0,0.0,0.0,
502255,502255,502255,53,0.0,0.0,0.0,0.0,0.0,0.0,
502256,502256,502256,53,0.0,0.0,0.0,0.0,0.0,0.0,
502257,502257,502257,53,0.0,0.0,0.0,0.0,0.0,0.0,
502258,502258,502258,53,0.0,0.0,0.0,0.0,0.0,0.0,
502259,502259,502259,53,0.0,0.0,0.0,0.0,0.0,0.0,
502260,502260,502260,53,0.0,0.0,0.0,0.0,0.0,0.0,
502261,502261,502261,53,0.0,0.0,0.0,0.0,0.0,0.0,
502262,502262,502262,53,0.0,0.0,0.0,0.0,0.0,0.0,
502263,502263,502263,53,0.0,0.0,0.0,0.0,0.0,0.0,
502264,502264,502264,53,0.0,0.0,0.0,0.0,0.0,0.0,
502265,502265,502265,53,0.0,0.0,0.0,0.0,0.0,0.0,
502266,502266,502266,53,0.0,0.0,0.0,0.0,0.0,0.0,
502267,502267,502267,53,0.0,0.0,0.0,0.0,0.0,0.0,
502268,502268,502268,53,0.0,0.0,0.0,0.0,0.0,0.0,
502269,502269,502269,53,0.0,0.0,0.0,0.0,0.0,0.0,
502270,502270,502270,53,0.0,0.0,0.0,0.0,0.0,0.0,
502271,502271,502271,53,0.0,0.0,0.0,0.0,0.0,0.0,
502272,502272,502272,53,0.0,0.0,0.0,0.0,0.0,0.0,
502273,502273,502273,53,0.0,0.0,0.0,0.0,0.0,0.0,
502274,502274,502274,53,0.0,0.0,0.0,0.0,0.0,0.0,
502275,502275,502275,53,0.0,0.0,0.0,0.0,0.0,0.0,
502276,502276,502276,53,0.0,0.0,0.0,0.0,0.0,0.0,
502277,502277,502277,53,0.0,0.0,0.0,0.0,0.0,0.0,
502278,502278,502278,53,0.0,0.0,0.0,0.0,0.0,0.0,
502279,502279,502279,53,0.0,0.0,0.0,0.0,0.0,0.0,
502280,502280,502280,53,0.0,0.0,0.0,0.0,0.0,0.0,
502281,502281,502281,53,0.0,0.0,0.0,0.0,0.0,0.0,
502282,502282,502282,53,0.0,0.0,0.0,0.0,0.0,0.0,
502283,502283,502283,53,0.0,0.0,0.0,0.0,0.0,0.0,
502284,502284,502284,53,0.0,0.0,0.0,0.0,0.0,0.0,
502285,502285,502285,53,0.0,0.0,0.0,0.0,0.0,0.0,
502286,502286,502286,53,0.0,0.0,0.0,0.0,0.0,0.0,
502287,502287,502287,53,0.0,0.0,0.0,0.0,0.0,0.0,
502288,502288,502288,53,0.0,0.0,0.0,0.0,0.0,0.0,
502289,502289,502289,53,0.0,0.0,0.0,0.0,0.0,0.0,
502290,502290,502290,53,0.0,0.0,0.0,0.0,0.0,0.0,
502291,502291,502291,53,0.0,0.0,0.0,0.0,0.0,0.0,
502292,502292,502292,53,0.0,0.0,0.0,0.0,0.0,0.0,
502293,502293,502293,53,0.0,0.0,0.0,0.0,0.0,0.0,
502294,502294,502294,53,0.0,0.0,0.0,0.0,0.0,0.0,
502295,502295,502295,53,0.0,0.0,0.0,0.0,0.0,0.0,
502296,502296,502296,53,0.0,0.0,0.0,0.0,0.0,0.0,
502297,502297,502297,53,0.0,0.0,0.0,0.0,0.0,0.0,
502298,502298,502298,53,0.0,0.0,0.0,0.0,0.0,0.0,
502299,502299,502299,53,0.0,0.0,0.0,0.0,0.0,0.0,
502300,502300,502300,53,0.0,0.0,0.0,0.0,0.0,0.0,
502301,502301,502301,53,0.0,0.0,0.0,0.0,0.0,0.0,
502302,502302,502302,53,0.0,0.0,0.0,0.0,0.0,0.0,
502303,502303,502303,53,0.0,0.0,0.0,0.0,0.0,0.0,
502304,502304,502304,53,0.0,0.0,0.0,0.0,0.0,0.0,
502305,502305,502305,53,0.0,0.0,0.0,0.0,0.0,0.0,
502306,502306,502306,53,0.0,0.0,0.0,0.0,0.0,0.0,
502307,502307,502307,53,0.0,0.0,0.0,0.0,0.0,0.0,
502308,502308,502308,53,0.0,0.0,0.0,0.0,0.0,0.0,
502309,502309,502309,53,0.0,0.0,0.0,0.0,0.0,0.0,
502310,502310,502310,53,0.0,0.0,0.0,0.0,0.0,0.0,
502311,502311,502311,53,0.0,0.0,0.0,0.0,0.0,0.0,
502312,502312,502312,53,0.0,0.0,0.0,0.0,0.0,0.0,
502313,502313,502313,53,0.0,0.0,0.0,0.0,0.0,0.0,
502314,502314,502314,53,0.0,0.0,0.0,0.0,0.0,0.0,
502315,502315,502315,53,0.0,0.0,0.0,0.0,0.0,0.0,
502316,502316,502316,53,0.0,0.0,0.0,0.0,0.0,0.0,
502317,502317,502317,53,0.0,0.0,0.0,0.0,0.0,0.0,
502318,502318,502318,53,0.0,0.0,0.0,0.0,0.0,0.0,
502319,502319,502319,53,0.0,0.0,0.0,0.0,0.0,0.0,
502320,502320,502320,53,0.0,0.0,0.0,0.0,0.0,0.0,
502321,502321,502321,53,0.0,0.0,0.0,0.0,0.0,0.0,
502322,502322,502322,53,0.0,0.0,0.0,0.0,0.0,0.0,
502323,502323,502323,53,0.0,0.0,0.0,0.0,0.0,0.0,
502324,502324,502324,53,0.0,0.0,0.0,0.0,0.0,0.0,
502325,502325,502325,53,0.0,0.0,0.0,0.0,0.0,0.0,
502326,502326,502326,53,0.0,0.0,0.0,0.0,0.0,0.0,
502327,502327,502327,53,0.0,0.0,0.0,0.0,0.0,0.0,
502328,502328,502328,53,0.0,0.0,0.0,0.0,0.0,0.0,
502329,502329,502329,53,0.0,0.0,0.0,0.0,0.0,0.0,
502330,502330,502330,53,0.0,0.0,0.0,0.0,0.0,0.0,
502331,502331,502331,53,0.0,0.0,0.0,0.0,0.0,0.0,
502332,502332,502332,53,0.0,0.0,0.0,0.0,0.0,0.0,
502333,502333,502333,53,0.0,0.0,0.0,0.0,0.0,0.0,
502334,502334,502334,53,0.0,0.0,0.0,0.0,0.0,0.0,
502335,502335,502335,53,0.0,0.0,0.0,0.0,0.0,0.0,
502336,502336,502336,53,0.0,0.0,0.0,0.0,0.0,0.0,
502337,502337,502337,53,0.0,0.0,0.0,0.0,0.0,0.0,
502338,502338,502338,53,0.0,0.0,0.0,0.0,0.0,0.0,
502339,502339,502339,53,0.0,0.0,0.0,0.0,0.0,0.0,
502340,502340,502340,53,0.0,0.0,0.0,0.0,0.0,0.0,
502341,502341,502341,53,0.0,0.0,0.0,0.0,0.0,0.0,
502342,502342,502342,53,0.0,0.0,0.0,0.0,0.0,0.0,
502343,502343,502343,53,0.0,0.0,0.0,0.0,0.0,0.0,
502344,502344,502344,53,0.0,0.0,0.0,0.0,0.0,0.0,
502345,502345,502345,53,0.0,0.0,0.0,0.0,0.0,0.0,
502346,502346,502346,53,0.0,0.0,0.0,0.0,0.0,0.0,
502347,502347,502347,53,0.0,0.0,0.0,0.0,0.0,0.0,
502348,502348,502348,53,0.0,0.0,0.0,0.0,0.0,0.0,
502349,502349,502349,53,0.0,0.0,0.0,0.0,0.0,0.0,
502350,502350,502350,53,0.0,0.0,0.0,0.0,0.0,0.0,
502351,502351,502351,53,0.0,0.0,0.0,0.0,0.0,0.0,
502352,502352,502352,53,0.0,0.0,0.0,0.0,0.0,0.0,
502353,502353,502353,53,0.0,0.0,0.0,0.0,0.0,0.0,
502354,502354,502354,53,0.0,0.0,0.0,0.0,0.0,0.0,
502355,502355,502355,53,0.0,0.0,0.0,0.0,0.0,0.0,
502356,502356,502356,53,0.0,0.0,0.0,0.0,0.0,0.0,
502357,502357,502357,53,0.0,0.0,0.0,0.0,0.0,0.0,
502358,502358,502358,53,0.0,0.0,0.0,0.0,0.0,0.0,
502359,502359,502359,53,0.0,0.0,0.0,0.0,0.0,0.0,
502360,502360,502360,53,0.0,0.0,0.0,0.0,0.0,0.0,
502361,502361,502361,53,0.0,0.0,0.0,0.0,0.0,0.0,
502362,502362,502362,53,0.0,0.0,0.0,0.0,0.0,0.0,
502363,502363,502363,53,0.0,0.0,0.0,0.0,0.0,0.0,
502364,502364,502364,53,0.0,0.0,0.0,0.0,0.0,0.0,
502365,502365,502365,53,0.0,0.0,0.0,0.0,0.0,0.0,
502366,502366,502366,53,0.0,0.0,0.0,0.0,0.0,0.0,
502367,502367,502367,53,0.0,0.0,0.0,0.0,0.0,0.0,
502368,502368,502368,53,0.0,0.0,0.0,0.0,0.0,0.0,
502369,502369,502369,53,0.0,0.0,0.0,0.0,0.0,0.0,
502370,502370,502370,53,0.0,0.0,0.0,0.0,0.0,0.0,
502371,502371,502371,53,0.0,0.0,0.0,0.0,0.0,0.0,
502372,502372,502372,53,0.0,0.0,0.0,0.0,0.0,0.0,
502373,502373,502373,53,0.0,0.0,0.0,0.0,0.0,0.0,
502374,502374,502374,53,0.0,0.0,0.0,0.0,0.0,0.0,
502375,502375,502375,53,0.0,0.0,0.0,0.0,0.0,0.0,
502376,502376,502376,53,0.0,0.0,0.0,0.0,0.0,0.0,
502377,502377,502377,53,0.0,0.0,0.0,0.0,0.0,0.0,
502378,502378,502378,53,0.0,0.0,0.0,0.0,0.0,0.0,
502379,502379,502379,53,0.0,0.0,0.0,0.0,0.0,0.0,
502380,502380,502380,53,0.0,0.0,0.0,0.0,0.0,0.0,
502381,502381,502381,53,0.0,0.0,0.0,0.0,0.0,0.0,
502382,502382,502382,53,0.0,0.0,0.0,0.0,0.0,0.0,
502383,502383,502383,53,0.0,0.0,0.0,0.0,0.0,0.0,
502384,502384,502384,53,0.0,0.0,0.0,0.0,0.0,0.0,
502385,502385,502385,53,0.0,0.0,0.0,0.0,0.0,0.0,
502386,502386,502386,53,0.0,0.0,0.0,0.0,0.0,0.0,
502387,502387,502387,53,0.0,0.0,0.0,0.0,0.0,0.0,
502388,502388,502388,53,0.0,0.0,0.0,0.0,0.0,0.0,
502389,502389,502389,53,0.0,0.0,0.0,0.0,0.0,0.0,
502390,502390,502390,53,0.0,0.0,0.0,0.0,0.0,0.0,
502391,502391,502391,53,0.0,0.0,0.0,0.0,0.0,0.0,
502392,502392,502392,53,0.0,0.0,0.0,0.0,0.0,0.0,
502393,502393,502393,53,0.0,0.0,0.0,0.0,0.0,0.0,
502394,502394,502394,53,0.0,0.0,0.0,0.0,0.0,0.0,
502395,502395,502395,53,0.0,0.0,0.0,0.0,0.0,0.0,
502396,502396,502396,53,0.0,0.0,0.0,0.0,0.0,0.0,
502397,502397,502397,53,0.0,0.0,0.0,0.0,0.0,0.0,
502398,502398,502398,53,0.0,0.0,0.0,0.0,0.0,0.0,
502399,502399,502399,53,0.0,0.0,0.0,0.0,0.0,0.0,
502400,502400,502400,53,0.0,0.0,0.0,0.0,0.0,0.0,
502401,502401,502401,53,0.0,0.0,0.0,0.0,0.0,0.0,
502402,502402,502402,53,0.0,0.0,0.0,0.0,0.0,0.0,
502403,502403,502403,53,0.0,0.0,0.0,0.0,0.0,0.0,
502404,502404,502404,53,0.0,0.0,0.0,0.0,0.0,0.0,
502405,502405,502405,53,0.0,0.0,0.0,0.0,0.0,0.0,
502406,502406,502406,53,0.0,0.0,0.0,0.0,0.0,0.0,
502407,502407,502407,53,0.0,0.0,0.0,0.0,0.0,0.0,
502408,502408,502408,53,0.0,0.0,0.0,0.0,0.0,0.0,
502409,502409,502409,53,0.0,0.0,0.0,0.0,0.0,0.0,
502410,502410,502410,53,0.0,0.0,0.0,0.0,0.0,0.0,
502411,502411,502411,53,0.0,0.0,0.0,0.0,0.0,0.0,
502412,502412,502412,53,0.0,0.0,0.0,0.0,0.0,0.0,
502413,502413,502413,53,0.0,0.0,0.0,0.0,0.0,0.0,
502414,502414,502414,53,0.0,0.0,0.0,0.0,0.0,0.0,
502415,502415,502415,53,0.0,0.0,0.0,0.0,0.0,0.0,
502416,502416,502416,53,0.0,0.0,0.0,0.0,0.0,0.0,
502417,502417,502417,53,0.0,0.0,0.0,0.0,0.0,0.0,
502418,502418,502418,53,0.0,0.0,0.0,0.0,0.0,0.0,
502419,502419,502419,53,0.0,0.0,0.0,0.0,0.0,0.0,
502420,502420,502420,53,0.0,0.0,0.0,0.0,0.0,0.0,
502421,502421,502421,53,0.0,0.0,0.0,0.0,0.0,0.0,
502422,502422,502422,53,0.0,0.0,0.0,0.0,0.0,0.0,
502423,502423,502423,53,0.0,0.0,0.0,0.0,0.0,0.0,
502424,502424,502424,53,0.0,0.0,0.0,0.0,0.0,0.0,
502425,502425,502425,53,0.0,0.0,0.0,0.0,0.0,0.0,
502426,502426,502426,53,0.0,0.0,0.0,0.0,0.0,0.0,
502427,502427,502427,53,0.0,0.0,0.0,0.0,0.0,0.0,
502428,502428,502428,53,0.0,0.0,0.0,0.0,0.0,0.0,
502429,502429,502429,53,0.0,0.0,0.0,0.0,0.0,0.0,
502430,502430,502430,53,0.0,0.0,0.0,0.0,0.0,0.0,
502431,502431,502431,53,0.0,0.0,0.0,0.0,0.0,0.0,
502432,502432,502432,53,0.0,0.0,0.0,0.0,0.0,0.0,
502433,502433,502433,53,0.0,0.0,0.0,0.0,0.0,0.0,
502434,502434,502434,53,0.0,0.0,0.0,0.0,0.0,0.0,
502435,502435,502435,53,0.0,0.0,0.0,0.0,0.0,0.0,
502436,502436,502436,53,0.0,0.0,0.0,0.0,0.0,0.0,
502437,502437,502437,53,0.0,0.0,0.0,0.0,0.0,0.0,
502438,502438,502438,53,0.0,0.0,0.0,0.0,0.0,0.0,
502439,502439,502439,53,0.0,0.0,0.0,0.0,0.0,0.0,
502440,502440,502440,53,0.0,0.0,0.0,0.0,0.0,0.0,
502441,502441,502441,53,0.0,0.0,0.0,0.0,0.0,0.0,
502442,502442,502442,53,0.0,0.0,0.0,0.0,0.0,0.0,
502443,502443,502443,53,0.0,0.0,0.0,0.0,0.0,0.0,
502444,502444,502444,53,0.0,0.0,0.0,0.0,0.0,0.0,
502445,502445,502445,53,0.0,0.0,0.0,0.0,0.0,0.0,
502446,502446,502446,53,0.0,0.0,0.0,0.0,0.0,0.0,
502447,502447,502447,53,0.0,0.0,0.0,0.0,0.0,0.0,
502448,502448,502448,53,0.0,0.0,0.0,0.0,0.0,0.0,
502449,502449,502449,53,0.0,0.0,0.0,0.0,0.0,0.0,
502450,502450,502450,53,0.0,0.0,0.0,0.0,0.0,0.0,
502451,502451,502451,53,0.0,0.0,0.0,0.0,0.0,0.0,
502452,502452,502452,53,0.0,0.0,0.0,0.0,0.0,0.0,
502453,502453,502453,53,0.0,0.0,0.0,0.0,0.0,0.0,
502454,502454,502454,53,0.0,0.0,0.0,0.0,0.0,0.0,
502455,502455,502455,53,0.0,0.0,0.0,0.0,0.0,0.0,
502456,502456,502456,53,0.0,0.0,0.0,0.0,0.0,0.0,
502457,502457,502457,53,0.0,0.0,0.0,0.0,0.0,0.0,
502458,502458,502458,53,0.0,0.0,0.0,0.0,0.0,0.0,
502459,502459,502459,53,0.0,0.0,0.0,0.0,0.0,0.0,
502460,502460,502460,53,0.0,0.0,0.0,0.0,0.0,0.0,
502461,502461,502461,53,0.0,0.0,0.0,0.0,0.0,0.0,
502462,502462,502462,53,0.0,0.0,0.0,0.0,0.0,0.0,
502463,502463,502463,53,0.0,0.0,0.0,0.0,0.0,0.0,
502464,502464,502464,53,0.0,0.0,0.0,0.0,0.0,0.0,
502465,502465,502465,53,0.0,0.0,0.0,0.0,0.0,0.0,
502466,502466,502466,53,0.0,0.0,0.0,0.0,0.0,0.0,
502467,502467,502467,53,0.0,0.0,0.0,0.0,0.0,0.0,
502468,502468,502468,53,0.0,0.0,0.0,0.0,0.0,0.0,
502469,502469,502469,53,0.0,0.0,0.0,0.0,0.0,0.0,
502470,502470,502470,53,0.0,0.0,0.0,0.0,0.0,0.0,
502471,502471,502471,53,0.0,0.0,0.0,0.0,0.0,0.0,
502472,502472,502472,53,0.0,0.0,0.0,0.0,0.0,0.0,
502473,502473,502473,53,0.0,0.0,0.0,0.0,0.0,0.0,
502474,502474,502474,53,0.0,0.0,0.0,0.0,0.0,0.0,
502475,502475,502475,53,0.0,0.0,0.0,0.0,0.0,0.0,
502476,502476,502476,53,0.0,0.0,0.0,0.0,0.0,0.0,
502477,502477,502477,53,0.0,0.0,0.0,0.0,0.0,0.0,
502478,502478,502478,53,0.0,0.0,0.0,0.0,0.0,0.0,
502479,502479,502479,53,0.0,0.0,0.0,0.0,0.0,0.0,
502480,502480,502480,53,0.0,0.0,0.0,0.0,0.0,0.0,
502481,502481,502481,53,0.0,0.0,0.0,0.0,0.0,0.0,
502482,502482,502482,53,0.0,0.0,0.0,0.0,0.0,0.0,
502483,502483,502483,53,0.0,0.0,0.0,0.0,0.0,0.0,
502484,502484,502484,53,0.0,0.0,0.0,0.0,0.0,0.0,
502485,502485,502485,53,0.0,0.0,0.0,0.0,0.0,0.0,
502486,502486,502486,53,0.0,0.0,0.0,0.0,0.0,0.0,
502487,502487,502487,53,0.0,0.0,0.0,0.0,0.0,0.0,
502488,502488,502488,53,0.0,0.0,0.0,0.0,0.0,0.0,
502489,502489,502489,53,0.0,0.0,0.0,0.0,0.0,0.0,
502490,502490,502490,53,0.0,0.0,0.0,0.0,0.0,0.0,
502491,502491,502491,53,0.0,0.0,0.0,0.0,0.0,0.0,
502492,502492,502492,53,0.0,0.0,0.0,0.0,0.0,0.0,
502493,502493,502493,53,0.0,0.0,0.0,0.0,0.0,0.0,
502494,502494,502494,53,0.0,0.0,0.0,0.0,0.0,0.0,
502495,502495,502495,53,0.0,0.0,0.0,0.0,0.0,0.0,
502496,502496,502496,53,0.0,0.0,0.0,0.0,0.0,0.0,
502497,502497,502497,53,0.0,0.0,0.0,0.0,0.0,0.0,
502498,502498,502498,53,0.0,0.0,0.0,0.0,0.0,0.0,
502499,502499,502499,53,0.0,0.0,0.0,0.0,0.0,0.0,
502500,502500,502500,53,0.0,0.0,0.0,0.0,0.0,0.0,
502501,502501,502501,53,0.0,0.0,0.0,0.0,0.0,0.0,
502502,502502,502502,53,0.0,0.0,0.0,0.0,0.0,0.0,
502503,502503,502503,53,0.0,0.0,0.0,0.0,0.0,0.0,
502504,502504,502504,53,0.0,0.0,0.0,0.0,0.0,0.0,
502505,502505,502505,53,0.0,0.0,0.0,0.0,0.0,0.0,
502506,502506,502506,53,0.0,0.0,0.0,0.0,0.0,0.0,
502507,502507,502507,53,0.0,0.0,0.0,0.0,0.0,0.0,
502508,502508,502508,53,0.0,0.0,0.0,0.0,0.0,0.0,
502509,502509,502509,53,0.0,0.0,0.0,0.0,0.0,0.0,
502510,502510,502510,53,0.0,0.0,0.0,0.0,0.0,0.0,
502511,502511,502511,53,0.0,0.0,0.0,0.0,0.0,0.0,
502512,502512,502512,53,0.0,0.0,0.0,0.0,0.0,0.0,
502513,502513,502513,53,0.0,0.0,0.0,0.0,0.0,0.0,
502514,502514,502514,53,0.0,0.0,0.0,0.0,0.0,0.0,
502515,502515,502515,53,0.0,0.0,0.0,0.0,0.0,0.0,
502516,502516,502516,53,0.0,0.0,0.0,0.0,0.0,0.0,
502517,502517,502517,53,0.0,0.0,0.0,0.0,0.0,0.0,
502518,502518,502518,53,0.0,0.0,0.0,0.0,0.0,0.0,
502519,502519,502519,53,0.0,0.0,0.0,0.0,0.0,0.0,
502520,502520,502520,53,0.0,0.0,0.0,0.0,0.0,0.0,
502521,502521,502521,53,0.0,0.0,0.0,0.0,0.0,0.0,
502522,502522,502522,53,0.0,0.0,0.0,0.0,0.0,0.0,
502523,502523,502523,53,0.0,0.0,0.0,0.0,0.0,0.0,
502524,502524,502524,53,0.0,0.0,0.0,0.0,0.0,0.0,
502525,502525,502525,53,0.0,0.0,0.0,0.0,0.0,0.0,
502526,502526,502526,53,0.0,0.0,0.0,0.0,0.0,0.0,
502527,502527,502527,53,0.0,0.0,0.0,0.0,0.0,0.0,
502528,502528,502528,53,0.0,0.0,0.0,0.0,0.0,0.0,
502529,502529,502529,53,0.0,0.0,0.0,0.0,0.0,0.0,
502530,502530,502530,53,0.0,0.0,0.0,0.0,0.0,0.0,
502531,502531,502531,53,0.0,0.0,0.0,0.0,0.0,0.0,
502532,502532,502532,53,0.0,0.0,0.0,0.0,0.0,0.0,
502533,502533,502533,53,0.0,0.0,0.0,0.0,0.0,0.0,
502534,502534,502534,53,0.0,0.0,0.0,0.0,0.0,0.0,
502535,502535,502535,53,0.0,0.0,0.0,0.0,0.0,0.0,
502536,502536,502536,53,0.0,0.0,0.0,0.0,0.0,0.0,
502537,502537,502537,53,0.0,0.0,0.0,0.0,0.0,0.0,
502538,502538,502538,53,0.0,0.0,0.0,0.0,0.0,0.0,
502539,502539,502539,53,0.0,0.0,0.0,0.0,0.0,0.0,
502540,502540,502540,53,0.0,0.0,0.0,0.0,0.0,0.0,
502541,502541,502541,53,0.0,0.0,0.0,0.0,0.0,0.0,
502542,502542,502542,53,0.0,0.0,0.0,0.0,0.0,0.0,
502543,502543,502543,53,0.0,0.0,0.0,0.0,0.0,0.0,
502544,502544,502544,53,0.0,0.0,0.0,0.0,0.0,0.0,
502545,502545,502545,53,0.0,0.0,0.0,0.0,0.0,0.0,
502546,502546,502546,53,0.0,0.0,0.0,0.0,0.0,0.0,
502547,502547,502547,53,0.0,0.0,0.0,0.0,0.0,0.0,
502548,502548,502548,53,0.0,0.0,0.0,0.0,0.0,0.0,
502549,502549,502549,53,0.0,0.0,0.0,0.0,0.0,0.0,
502550,502550,502550,53,0.0,0.0,0.0,0.0,0.0,0.0,
502551,502551,502551,53,0.0,0.0,0.0,0.0,0.0,0.0,
502552,502552,502552,53,0.0,0.0,0.0,0.0,0.0,0.0,
502553,502553,502553,53,0.0,0.0,0.0,0.0,0.0,0.0,
502554,502554,502554,53,0.0,0.0,0.0,0.0,0.0,0.0,
502555,502555,502555,53,0.0,0.0,0.0,0.0,0.0,0.0,
502556,502556,502556,53,0.0,0.0,0.0,0.0,0.0,0.0,
502557,502557,502557,53,0.0,0.0,0.0,0.0,0.0,0.0,
502558,502558,502558,53,0.0,0.0,0.0,0.0,0.0,0.0,
502559,502559,502559,53,0.0,0.0,0.0,0.0,0.0,0.0,
502560,502560,502560,53,0.0,0.0,0.0,0.0,0.0,0.0,
502561,502561,502561,53,0.0,0.0,0.0,0.0,0.0,0.0,
502562,502562,502562,53,0.0,0.0,0.0,0.0,0.0,0.0,
502563,502563,502563,53,0.0,0.0,0.0,0.0,0.0,0.0,
502564,502564,502564,53,0.0,0.0,0.0,0.0,0.0,0.0,
502565,502565,502565,53,0.0,0.0,0.0,0.0,0.0,0.0,
502566,502566,502566,53,0.0,0.0,0.0,0.0,0.0,0.0,
502567,502567,502567,53,0.0,0.0,0.0,0.0,0.0,0.0,
502568,502568,502568,53,0.0,0.0,0.0,0.0,0.0,0.0,
502569,502569,502569,53,0.0,0.0,0.0,0.0,0.0,0.0,
502570,502570,502570,53,0.0,0.0,0.0,0.0,0.0,0.0,
502571,502571,502571,53,0.0,0.0,0.0,0.0,0.0,0.0,
502572,502572,502572,53,0.0,0.0,0.0,0.0,0.0,0.0,
502573,502573,502573,53,0.0,0.0,0.0,0.0,0.0,0.0,
502574,502574,502574,53,0.0,0.0,0.0,0.0,0.0,0.0,
502575,502575,502575,53,0.0,0.0,0.0,0.0,0.0,0.0,
502576,502576,502576,53,0.0,0.0,0.0,0.0,0.0,0.0,
502577,502577,502577,53,0.0,0.0,0.0,0.0,0.0,0.0,
502578,502578,502578,53,0.0,0.0,0.0,0.0,0.0,0.0,
502579,502579,502579,53,0.0,0.0,0.0,0.0,0.0,0.0,
502580,502580,502580,53,0.0,0.0,0.0,0.0,0.0,0.0,
502581,502581,502581,53,0.0,0.0,0.0,0.0,0.0,0.0,
502582,502582,502582,53,0.0,0.0,0.0,0.0,0.0,0.0,
502583,502583,502583,53,0.0,0.0,0.0,0.0,0.0,0.0,
502584,502584,502584,53,0.0,0.0,0.0,0.0,0.0,0.0,
502585,502585,502585,53,0.0,0.0,0.0,0.0,0.0,0.0,
502586,502586,502586,53,0.0,0.0,0.0,0.0,0.0,0.0,
502587,502587,502587,53,0.0,0.0,0.0,0.0,0.0,0.0,
502588,502588,502588,53,0.0,0.0,0.0,0.0,0.0,0.0,
502589,502589,502589,53,0.0,0.0,0.0,0.0,0.0,0.0,
502590,502590,502590,53,0.0,0.0,0.0,0.0,0.0,0.0,
502591,502591,502591,53,0.0,0.0,0.0,0.0,0.0,0.0,
502592,502592,502592,53,0.0,0.0,0.0,0.0,0.0,0.0,
502593,502593,502593,53,0.0,0.0,0.0,0.0,0.0,0.0,
502594,502594,502594,53,0.0,0.0,0.0,0.0,0.0,0.0,
502595,502595,502595,53,0.0,0.0,0.0,0.0,0.0,0.0,
502596,502596,502596,53,0.0,0.0,0.0,0.0,0.0,0.0,
502597,502597,502597,53,0.0,0.0,0.0,0.0,0.0,0.0,
502598,502598,502598,53,0.0,0.0,0.0,0.0,0.0,0.0,
502599,502599,502599,53,0.0,0.0,0.0,0.0,0.0,0.0,
502600,502600,502600,53,0.0,0.0,0.0,0.0,0.0,0.0,
502601,502601,502601,53,0.0,0.0,0.0,0.0,0.0,0.0,
502602,502602,502602,53,0.0,0.0,0.0,0.0,0.0,0.0,
502603,502603,502603,53,0.0,0.0,0.0,0.0,0.0,0.0,
502604,502604,502604,53,0.0,0.0,0.0,0.0,0.0,0.0,
502605,502605,502605,53,0.0,0.0,0.0,0.0,0.0,0.0,
502606,502606,502606,53,0.0,0.0,0.0,0.0,0.0,0.0,
502607,502607,502607,53,0.0,0.0,0.0,0.0,0.0,0.0,
502608,502608,502608,53,0.0,0.0,0.0,0.0,0.0,0.0,
502609,502609,502609,53,0.0,0.0,0.0,0.0,0.0,0.0,
502610,502610,502610,53,0.0,0.0,0.0,0.0,0.0,0.0,
502611,502611,502611,53,0.0,0.0,0.0,0.0,0.0,0.0,
502612,502612,502612,53,0.0,0.0,0.0,0.0,0.0,0.0,
502613,502613,502613,53,0.0,0.0,0.0,0.0,0.0,0.0,
502614,502618,502614,11,-0.0299999993294,0.0,0.00999999977648,0.0,0.0,0.0,
750000,750000,750000,12,0.0,0.0,0.0,0.0,0.0,0.0,
760000,250000,500009,53,0.0,0.0,0.0,0.0,0.0,0.0,
770000,250000,500009,53,0.0,0.0,0.0,0.0,0.0,0.0,
1502037,1502037,8016,12,0.0,0.0,0.0,0.0,0.0,0.0,
1502038,1502038,8017,12,0.0,0.0,0.0,0.0,0.0,0.0,
