long,long,long,long,long,long,long,long,long,long,long,long,long,long,str,str,str,str,str,str,str,str,str,str,str,str,str,str,str,str,flags,long,long,long,long,long,long,long,
1,0,6,0,0,6,0,0,6,0,0,0,0,0,"","","Croque-roc 3","","","","","","","","","","","","","",0xFF01FE,61,9,0,0,0,0,0,
2,0,1,0,0,0,0,0,0,0,0,8034,0,0,"","","Arme de givre 1","","","","","","","","","","","","","",0xFF01FE,33,9,0,0,0,0,0,
3,0,3,0,0,100,0,0,100,0,0,15568,0,0,"","","Langue de feu 3","","","","","","","","","","","","","",0xFF01FE,32,9,0,0,0,0,0,
4,0,3,0,0,100,0,0,100,0,0,15567,0,0,"","","Langue de feu 2","","","","","","","","","","","","","",0xFF01FE,32,9,0,0,0,0,0,
5,0,3,0,0,100,0,0,100,0,0,10400,0,0,"","","Langue de feu 1","","","","","","","","","","","","","",0xFF01FE,32,9,0,0,0,0,0,
6,0,6,0,0,4,0,0,4,0,0,0,0,0,"","","Croque-roc 2","","","","","","","","","","","","","",0xFF01FE,61,9,0,0,0,0,0,
7,0,1,0,0,30,0,0,30,0,0,2818,0,0,"","","Poison mortel","","","","","","","","","","","","","",0xFF01FE,26,9,0,0,0,0,0,
8,0,1,0,0,30,0,0,30,0,0,2819,0,0,"","","Poison mortel II","","","","","","","","","","","","","",0xFF01FE,26,9,0,0,0,0,0,
9,0,1,0,0,30,0,0,30,0,0,2820,0,0,"","","Poison (15 points de dégâts)","","","","","","","","","","","","","",0xFF01FE,26,9,0,0,0,0,0,
10,0,1,0,0,30,0,0,30,0,0,2821,0,0,"","","Poison (20 points de dégâts)","","","","","","","","","","","","","",0xFF01FE,26,9,0,0,0,0,0,
11,0,1,0,0,30,0,0,30,0,0,2822,0,0,"","","Poison (25 points de dégâts)","","","","","","","","","","","","","",0xFF01FE,26,9,0,0,0,0,0,
12,0,1,0,0,0,0,0,0,0,0,8037,0,0,"","","Arme de givre 2","","","","","","","","","","","","","",0xFF01FE,33,9,0,0,0,0,0,
13,0,2,0,0,3,0,0,3,0,0,0,0,0,"","","Aiguisé (+3 points de dégâts)","","","","","","","","","","","","","",0xFF01FE,28,0,0,0,0,0,0,
14,0,2,0,0,4,0,0,4,0,0,0,0,0,"","","Aiguisé (+4 points de dégâts)","","","","","","","","","","","","","",0xFF01FE,28,0,0,0,0,0,0,
15,0,4,0,0,8,0,0,8,0,0,0,0,0,"","","Renforcé (+8 Armure)","","","","","","","","","","","","","",0xFF01FE,0,0,0,0,0,0,0,
16,0,4,0,0,16,0,0,16,0,0,0,0,0,"","","Renforcé (+16 Armure)","","","","","","","","","","","","","",0xFF01FE,0,0,0,0,0,0,0,
17,0,4,0,0,24,0,0,24,0,0,0,0,0,"","","Renforcé (+24 Armure)","","","","","","","","","","","","","",0xFF01FE,0,0,0,0,0,0,0,
18,0,4,0,0,32,0,0,32,0,0,0,0,0,"","","Renforcé (+32 Armure)","","","","","","","","","","","","","",0xFF01FE,0,0,0,0,0,0,0,
19,0,2,0,0,2,0,0,2,0,0,0,0,0,"","","Équilibré (+2 points de dégâts)","","","","","","","","","","","","","",0xFF01FE,0,0,0,0,0,0,0,
20,0,2,0,0,3,0,0,3,0,0,0,0,0,"","","Équilibré (+3 points de dégâts)","","","","","","","","","","","","","",0xFF01FE,0,0,0,0,0,0,0,
21,0,2,0,0,4,0,0,4,0,0,0,0,0,"","","Équilibré (+4 points de dégâts)","","","","","","","","","","","","","",0xFF01FE,0,0,0,0,0,0,0,
22,0,1,0,0,50,0,0,50,0,0,3409,0,0,"","","Poison affaiblissant","","","","","","","","","","","","","",0xFF01FE,26,9,0,0,0,0,0,
23,0,1,0,0,20,0,0,20,0,0,8692,0,0,"","","Poison de distraction mentale II","","","","","","","","","","","","","",0xFF01FE,26,9,0,0,0,0,0,
24,0,5,0,0,5,0,0,5,0,0,0,0,0,"","","+5 aux points de mana","","","","","","","","","","","","","",0xFF01FE,0,0,0,0,0,0,0,
25,0,1,0,0,15,0,0,15,0,0,705,0,0,"","","Huile des ténèbres","","","","","","","","","","","","","",0xFF01FE,1,0,0,0,0,0,0,
26,0,1,0,0,10,0,0,10,0,0,205,0,0,"","","Huile glaciale","","","","","","","","","","","","","",0xFF01FE,27,0,0,0,0,0,0,
27,0,2,0,0,-10,0,0,-10,0,0,0,0,0,"","","Fractionnement","","","","","","","","","","","","","",0xFF01FE,0,0,0,0,0,0,0,
28,0,3,0,0,0,0,0,0,0,0,7438,0,0,"","","+4 à toutes les résistances","","","","","","","","","","","","","",0xFF01FE,0,0,0,0,0,0,0,
29,0,6,0,0,2,0,0,2,0,0,0,0,0,"","","Croque-roc 1","","","","","","","","","","","","","",0xFF01FE,61,9,0,0,0,0,0,
30,0,2,0,0,1,0,0,1,0,0,0,0,0,"","","Lunette (+1 point de dégâts)","","","","","","","","","","","","","",0xFF01FE,0,0,0,0,0,0,5,
31,0,3,0,0,0,0,0,0,0,0,7433,0,0,"","","+4 Tueur de bêtes","","","","","","","","","","","","","",0xFF01FE,0,0,0,0,0,0,0,
32,0,2,0,0,2,0,0,2,0,0,0,0,0,"","","Lunette (+2 points de dégâts)","","","","","","","","","","","","","",0xFF01FE,0,0,0,0,0,0,10,
33,0,2,0,0,3,0,0,3,0,0,0,0,0,"","","Lunette (+3 points de dégâts)","","","","","","","","","","","","","",0xFF01FE,0,1,0,0,0,0,20,
34,0,5,0,0,20,0,0,20,0,0,36,0,0,"","","Contrepoids (+20 au score de hâte)","","","","","","","","","","","","","",0xFF01FE,0,0,0,0,0,0,0,
35,0,1,0,0,50,0,0,50,0,0,5760,0,0,"","","Poison de Distraction mentale","","","","","","","","","","","","","",0xFF01FE,26,9,0,0,0,0,0,
36,0,1,0,0,15,0,0,15,0,0,6297,0,0,"","","Enchanter : Eclat flamboyant","","","","","","","","","","","","","",0xFF01FE,0,0,0,0,0,0,0,
37,0,3,0,0,0,0,0,0,0,0,43588,0,0,"","","Dragonne en acier","","","","","","","","","","","","","",0xFF01FE,0,0,0,0,0,0,0,
38,0,5,0,0,5,0,0,5,0,0,12,0,0,"","","+5 au score de défense","","","","","","","","","","","","","",0xFF01FE,0,0,0,0,0,0,0,
39,0,3,0,0,0,0,0,0,0,0,26596,0,0,"","","Aiguisé (+1 points de dégâts)","","","","","","","","","","","","","",0xFF01FE,0,0,0,0,0,0,0,
40,0,2,0,0,2,0,0,2,0,0,0,0,0,"","","Aiguisé (+2 points de dégâts)","","","","","","","","","","","","","",0xFF01FE,28,0,0,0,0,0,0,
41,0,5,0,0,5,0,0,5,0,0,1,0,0,"","","+5 points de vie","","","","","","","","","","","","","",0xFF01FE,0,0,0,0,0,0,0,
42,0,1,0,0,10,0,0,30,0,0,6647,0,0,"","","Poison (Instantané 20)","","","","","","","","","","","","","",0xFF01FE,26,9,0,0,0,0,0,
43,0,3,0,0,0,0,0,0,0,0,9784,0,0,"","","Pointe en fer (8-12)","","","","","","","","","","","","","",0xFF01FE,0,0,0,0,0,0,0,
44,0,3,0,0,0,0,0,0,0,0,7445,0,0,"","","Absorption (10)","","","","","","","","","","","","","",0xFF01FE,0,0,0,0,0,0,0,
63,0,3,0,0,0,0,0,0,0,0,7446,0,0,"","","Absorption (25)","","","","","","","","","","","","","",0xFF01FE,0,0,0,0,0,0,0,
64,0,5,0,0,3,0,0,3,0,0,6,0,0,"","","+3 Esprit","","","","","","","","","","","","","",0xFF01FE,0,0,0,0,0,0,0,
65,0,3,0,0,0,0,0,0,0,0,7452,0,0,"","","+1 à toutes les résistances","","","","","","","","","","","","","",0xFF01FE,0,0,0,0,0,0,0,
66,0,5,0,0,1,0,0,1,0,0,7,0,0,"","","+1 Endurance","","","","","","","","","","","","","",0xFF01FE,0,0,0,0,0,0,0,
67,0,2,0,0,1,0,0,1,0,0,0,0,0,"","","+1 point de dégâts","","","","","","","","","","","","","",0xFF01FE,0,0,0,0,0,0,0,
68,0,5,0,0,1,0,0,1,0,0,4,0,0,"","","+1 Force","","","","","","","","","","","","","",0xFF01FE,0,0,0,0,0,0,0,
69,0,5,0,0,2,0,0,2,0,0,4,0,0,"","","+2 Force","","","","","","","","","","","","","",0xFF01FE,0,0,0,0,0,0,0,
70,0,5,0,0,3,0,0,3,0,0,4,0,0,"","","+3 Force","","","","","","","","","","","","","",0xFF01FE,0,0,0,0,0,0,0,
71,0,5,0,0,1,0,0,1,0,0,7,0,0,"","","+1 Endurance","","","","","","","","","","","","","",0xFF01FE,0,0,0,0,0,0,0,
72,0,5,0,0,2,0,0,2,0,0,7,0,0,"","","+2 Endurance","","","","","","","","","","","","","",0xFF01FE,0,0,0,0,0,0,0,
73,0,5,0,0,3,0,0,3,0,0,7,0,0,"","","+3 Endurance","","","","","","","","","","","","","",0xFF01FE,0,0,0,0,0,0,0,
74,0,5,0,0,1,0,0,1,0,0,3,0,0,"","","+1 Agilité","","","","","","","","","","","","","",0xFF01FE,0,0,0,0,0,0,0,
75,0,5,0,0,2,0,0,2,0,0,3,0,0,"","","+2 Agilité","","","","","","","","","","","","","",0xFF01FE,0,0,0,0,0,0,0,
76,0,5,0,0,3,0,0,3,0,0,3,0,0,"","","+3 Agilité","","","","","","","","","","","","","",0xFF01FE,0,0,0,0,0,0,0,
77,0,2,0,0,2,0,0,2,0,0,0,0,0,"","","+2 points de dégâts","","","","","","","","","","","","","",0xFF01FE,0,0,0,0,0,0,0,
78,0,2,0,0,3,0,0,3,0,0,0,0,0,"","","+3 points de dégâts","","","","","","","","","","","","","",0xFF01FE,0,0,0,0,0,0,0,
79,0,5,0,0,1,0,0,1,0,0,5,0,0,"","","+1 Intelligence","","","","","","","","","","","","","",0xFF01FE,0,0,0,0,0,0,0,
80,0,5,0,0,2,0,0,2,0,0,5,0,0,"","","+2 Intelligence","","","","","","","","","","","","","",0xFF01FE,0,0,0,0,0,0,0,
81,0,5,0,0,3,0,0,3,0,0,5,0,0,"","","+3 Intelligence","","","","","","","","","","","","","",0xFF01FE,0,0,0,0,0,0,0,
82,0,5,0,0,1,0,0,1,0,0,6,0,0,"","","+1 Esprit","","","","","","","","","","","","","",0xFF01FE,0,0,0,0,0,0,0,
83,0,5,0,0,2,0,0,2,0,0,6,0,0,"","","+2 Esprit","","","","","","","","","","","","","",0xFF01FE,0,0,0,0,0,0,0,
84,0,5,0,0,3,0,0,3,0,0,6,0,0,"","","+3 Esprit","","","","","","","","","","","","","",0xFF01FE,0,0,0,0,0,0,0,
85,0,4,0,0,3,0,0,3,0,0,0,0,0,"","","+3 Armure","","","","","","","","","","","","","",0xFF01FE,0,0,0,0,0,0,0,
86,0,4,0,0,8,0,0,8,0,0,0,0,0,"","","+8 Armure","","","","","","","","","","","","","",0xFF01FE,0,0,0,0,0,0,0,
87,0,4,0,0,12,0,0,12,0,0,0,0,0,"","","+12 Armure","","","","","","","","","","","","","",0xFF01FE,0,0,0,0,0,0,0,
88,0,0,0,0,0,0,0,0,0,0,0,0,0,"","","","","","","","","","","","","","","","",0xFF01FC,0,0,0,0,0,0,0,
89,0,4,0,0,16,0,0,16,0,0,0,0,0,"","","+16 Armure","","","","","","","","","","","","","",0xFF01FE,0,0,0,0,0,0,0,
90,0,5,0,0,4,0,0,4,0,0,3,0,0,"","","+4 Agilité","","","","","","","","","","","","","",0xFF01FE,0,0,0,0,0,0,0,
91,0,5,0,0,5,0,0,5,0,0,3,0,0,"","","+5 Agilité","","","","","","","","","","","","","",0xFF01FE,0,0,0,0,0,0,0,
92,0,5,0,0,6,0,0,6,0,0,3,0,0,"","","+6 Agilité","","","","","","","","","","","","","",0xFF01FE,0,0,0,0,0,0,0,
93,0,5,0,0,7,0,0,7,0,0,3,0,0,"","","+7 Agilité","","","","","","","","","","","","","",0xFF01FE,0,0,0,0,0,0,0,
94,0,5,0,0,4,0,0,4,0,0,5,0,0,"","","+4 Intelligence","","","","","","","","","","","","","",0xFF01FE,0,0,0,0,0,0,0,
95,0,5,0,0,5,0,0,5,0,0,5,0,0,"","","+5 Intelligence","","","","","","","","","","","","","",0xFF01FE,0,0,0,0,0,0,0,
96,0,5,0,0,6,0,0,6,0,0,5,0,0,"","","+6 Intelligence","","","","","","","","","","","","","",0xFF01FE,0,0,0,0,0,0,0,
97,0,5,0,0,7,0,0,7,0,0,5,0,0,"","","+7 Intelligence","","","","","","","","","","","","","",0xFF01FE,0,0,0,0,0,0,0,
98,0,5,0,0,4,0,0,4,0,0,6,0,0,"","","+4 Esprit","","","","","","","","","","","","","",0xFF01FE,0,0,0,0,0,0,0,
99,0,5,0,0,5,0,0,5,0,0,6,0,0,"","","+5 Esprit","","","","","","","","","","","","","",0xFF01FE,0,0,0,0,0,0,0,
100,0,5,0,0,6,0,0,6,0,0,6,0,0,"","","+6 Esprit","","","","","","","","","","","","","",0xFF01FE,0,0,0,0,0,0,0,
101,0,5,0,0,7,0,0,7,0,0,6,0,0,"","","+7 Esprit","","","","","","","","","","","","","",0xFF01FE,0,0,0,0,0,0,0,
102,0,5,0,0,4,0,0,4,0,0,7,0,0,"","","+4 Endurance","","","","","","","","","","","","","",0xFF01FE,0,0,0,0,0,0,0,
103,0,5,0,0,5,0,0,5,0,0,7,0,0,"","","+5 Endurance","","","","","","","","","","","","","",0xFF01FE,0,0,0,0,0,0,0,
104,0,5,0,0,6,0,0,6,0,0,7,0,0,"","","+6 Endurance","","","","","","","","","","","","","",0xFF01FE,0,0,0,0,0,0,0,
105,0,5,0,0,7,0,0,7,0,0,7,0,0,"","","+7 Endurance","","","","","","","","","","","","","",0xFF01FE,0,0,0,0,0,0,0,
106,0,5,0,0,4,0,0,4,0,0,4,0,0,"","","+4 Force","","","","","","","","","","","","","",0xFF01FE,0,0,0,0,0,0,0,
107,0,5,0,0,5,0,0,5,0,0,4,0,0,"","","+5 Force","","","","","","","","","","","","","",0xFF01FE,0,0,0,0,0,0,0,
108,0,5,0,0,6,0,0,6,0,0,4,0,0,"","","+6 Force","","","","","","","","","","","","","",0xFF01FE,0,0,0,0,0,0,0,
109,0,5,0,0,7,0,0,7,0,0,4,0,0,"","","+7 Force","","","","","","","","","","","","","",0xFF01FE,0,0,0,0,0,0,0,
110,0,5,0,0,1,0,0,1,0,0,12,0,0,"","","+1 au score de défense","","","","","","","","","","","","","",0xFF01FE,0,0,0,0,0,0,0,
111,0,5,0,0,2,0,0,2,0,0,12,0,0,"","","+2 au score de défense","","","","","","","","","","","","","",0xFF01FE,0,0,0,0,0,0,0,
112,0,5,0,0,3,0,0,3,0,0,12,0,0,"","","+3 au score de défense","","","","","","","","","","","","","",0xFF01FE,0,0,0,0,0,0,0,
113,0,5,0,0,4,0,0,4,0,0,12,0,0,"","","+4 au score de défense","","","","","","","","","","","","","",0xFF01FE,0,0,0,0,0,0,0,
114,0,5,0,0,5,0,0,5,0,0,12,0,0,"","","+5 au score de défense","","","","","","","","","","","","","",0xFF01FE,0,0,0,0,0,0,0,
115,0,5,0,0,6,0,0,6,0,0,12,0,0,"","","+6 au score de défense","","","","","","","","","","","","","",0xFF01FE,0,0,0,0,0,0,0,
116,0,5,0,0,7,0,0,7,0,0,12,0,0,"","","+7 au score de défense","","","","","","","","","","","","","",0xFF01FE,0,0,0,0,0,0,0,
117,0,2,0,0,4,0,0,4,0,0,0,0,0,"","","+4 points de dégâts","","","","","","","","","","","","","",0xFF01FE,0,0,0,0,0,0,0,
118,0,2,0,0,5,0,0,5,0,0,0,0,0,"","","+5 points de dégâts","","","","","","","","","","","","","",0xFF01FE,0,0,0,0,0,0,0,
119,0,2,0,0,6,0,0,6,0,0,0,0,0,"","","+6 points de dégâts","","","","","","","","","","","","","",0xFF01FE,0,0,0,0,0,0,0,
120,0,2,0,0,7,0,0,7,0,0,0,0,0,"","","+7 points de dégâts","","","","","","","","","","","","","",0xFF01FE,0,0,0,0,0,0,0,
121,0,4,0,0,20,0,0,20,0,0,0,0,0,"","","+20 Armure","","","","","","","","","","","","","",0xFF01FE,0,0,0,0,0,0,0,
122,0,4,0,0,24,0,0,24,0,0,0,0,0,"","","+24 Armure","","","","","","","","","","","","","",0xFF01FE,0,0,0,0,0,0,0,
123,0,4,0,0,28,0,0,28,0,0,0,0,0,"","","+28 Armure","","","","","","","","","","","","","",0xFF01FE,0,0,0,0,0,0,0,
124,0,1,0,0,100,0,0,100,0,0,8253,0,0,"","","Totem Langue de feu 1","","","","","","","","","","","","","",0xFF01FE,32,7,0,0,0,0,0,
125,0,3,0,0,0,0,0,0,0,0,7520,0,0,"","","+1 à la compétence Epée","","","","","","","","","","","","","",0xFF01FE,0,0,0,0,0,0,0,
126,0,3,0,0,0,0,0,0,0,0,7522,0,0,"","","+2 à la compétence Epée","","","","","","","","","","","","","",0xFF01FE,0,0,0,0,0,0,0,
127,0,3,0,0,0,0,0,0,0,0,7523,0,0,"","","+3 à la compétence Epée","","","","","","","","","","","","","",0xFF01FE,0,0,0,0,0,0,0,
128,0,3,0,0,0,0,0,0,0,0,7524,0,0,"","","+4 à la compétence Epée","","","","","","","","","","","","","",0xFF01FE,0,0,0,0,0,0,0,
129,0,3,0,0,0,0,0,0,0,0,7525,0,0,"","","+5 à la compétence Epée","","","","","","","","","","","","","",0xFF01FE,0,0,0,0,0,0,0,
130,0,3,0,0,0,0,0,0,0,0,7526,0,0,"","","+6 à la compétence Epée","","","","","","","","","","","","","",0xFF01FE,0,0,0,0,0,0,0,
131,0,3,0,0,0,0,0,0,0,0,7527,0,0,"","","+7 à la compétence Epée","","","","","","","","","","","","","",0xFF01FE,0,0,0,0,0,0,0,
132,0,3,0,0,0,0,0,0,0,0,7529,0,0,"","","+1 à la compétence Epée à deux mains","","","","","","","","","","","","","",0xFF01FE,0,0,0,0,0,0,0,
133,0,3,0,0,0,0,0,0,0,0,7561,0,0,"","","+2 à la compétence Epée à deux mains","","","","","","","","","","","","","",0xFF01FE,0,0,0,0,0,0,0,
134,0,3,0,0,0,0,0,0,0,0,7562,0,0,"","","+3 à la compétence Epée à deux mains","","","","","","","","","","","","","",0xFF01FE,0,0,0,0,0,0,0,
135,0,3,0,0,0,0,0,0,0,0,7563,0,0,"","","+4 à la compétence Epée à deux mains","","","","","","","","","","","","","",0xFF01FE,0,0,0,0,0,0,0,
136,0,3,0,0,0,0,0,0,0,0,7564,0,0,"","","+5 à la compétence Epée à deux mains","","","","","","","","","","","","","",0xFF01FE,0,0,0,0,0,0,0,
137,0,3,0,0,0,0,0,0,0,0,7565,0,0,"","","+6 à la compétence Epée à deux mains","","","","","","","","","","","","","",0xFF01FE,0,0,0,0,0,0,0,
138,0,3,0,0,0,0,0,0,0,0,7566,0,0,"","","+7 à la compétence Epée à deux mains","","","","","","","","","","","","","",0xFF01FE,0,0,0,0,0,0,0,
139,0,3,0,0,0,0,0,0,0,0,7532,0,0,"","","+1 à la compétence Masse","","","","","","","","","","","","","",0xFF01FE,0,0,0,0,0,0,0,
140,0,3,0,0,0,0,0,0,0,0,7543,0,0,"","","+2 à la compétence Masse","","","","","","","","","","","","","",0xFF01FE,0,0,0,0,0,0,0,
141,0,3,0,0,0,0,0,0,0,0,7544,0,0,"","","+3 à la compétence Masse","","","","","","","","","","","","","",0xFF01FE,0,0,0,0,0,0,0,
142,0,3,0,0,0,0,0,0,0,0,7545,0,0,"","","+4 à la compétence Masse","","","","","","","","","","","","","",0xFF01FE,0,0,0,0,0,0,0,
143,0,3,0,0,0,0,0,0,0,0,7546,0,0,"","","+5 à la compétence Masse","","","","","","","","","","","","","",0xFF01FE,0,0,0,0,0,0,0,
144,0,3,0,0,0,0,0,0,0,0,7547,0,0,"","","+6 à la compétence Masse","","","","","","","","","","","","","",0xFF01FE,0,0,0,0,0,0,0,
145,0,3,0,0,0,0,0,0,0,0,7548,0,0,"","","+7 à la compétence Masse","","","","","","","","","","","","","",0xFF01FE,0,0,0,0,0,0,0,
146,0,3,0,0,0,0,0,0,0,0,7533,0,0,"","","+1 à la compétence Masse à deux mains","","","","","","","","","","","","","",0xFF01FE,0,0,0,0,0,0,0,
147,0,3,0,0,0,0,0,0,0,0,7555,0,0,"","","+2 à la compétence Masse à deux mains","","","","","","","","","","","","","",0xFF01FE,0,0,0,0,0,0,0,
148,0,3,0,0,0,0,0,0,0,0,7556,0,0,"","","+3 à la compétence Masse à deux mains","","","","","","","","","","","","","",0xFF01FE,0,0,0,0,0,0,0,
149,0,3,0,0,0,0,0,0,0,0,7557,0,0,"","","+4 à la compétence Masse à deux mains","","","","","","","","","","","","","",0xFF01FE,0,0,0,0,0,0,0,
150,0,3,0,0,0,0,0,0,0,0,7558,0,0,"","","+5 à la compétence Masse à deux mains","","","","","","","","","","","","","",0xFF01FE,0,0,0,0,0,0,0,
151,0,3,0,0,0,0,0,0,0,0,7559,0,0,"","","+6 à la compétence Masse à deux mains","","","","","","","","","","","","","",0xFF01FE,0,0,0,0,0,0,0,
152,0,3,0,0,0,0,0,0,0,0,7560,0,0,"","","+7 à la compétence Masse à deux mains","","","","","","","","","","","","","",0xFF01FE,0,0,0,0,0,0,0,
153,0,3,0,0,0,0,0,0,0,0,7530,0,0,"","","+1 à la compétence Hache","","","","","","","","","","","","","",0xFF01FE,0,0,0,0,0,0,0,
154,0,3,0,0,0,0,0,0,0,0,7537,0,0,"","","+2 à la compétence Hache","","","","","","","","","","","","","",0xFF01FE,0,0,0,0,0,0,0,
155,0,3,0,0,0,0,0,0,0,0,7538,0,0,"","","+3 à la compétence Hache","","","","","","","","","","","","","",0xFF01FE,0,0,0,0,0,0,0,
156,0,3,0,0,0,0,0,0,0,0,7539,0,0,"","","+4 à la compétence Hache","","","","","","","","","","","","","",0xFF01FE,0,0,0,0,0,0,0,
157,0,3,0,0,0,0,0,0,0,0,7540,0,0,"","","+5 à la compétence Hache","","","","","","","","","","","","","",0xFF01FE,0,0,0,0,0,0,0,
158,0,3,0,0,0,0,0,0,0,0,7541,0,0,"","","+6 à la compétence Hache","","","","","","","","","","","","","",0xFF01FE,0,0,0,0,0,0,0,
159,0,3,0,0,0,0,0,0,0,0,7542,0,0,"","","+7 à la compétence Hache","","","","","","","","","","","","","",0xFF01FE,0,0,0,0,0,0,0,
160,0,3,0,0,0,0,0,0,0,0,7549,0,0,"","","+1 à la compétence Hache à deux mains","","","","","","","","","","","","","",0xFF01FE,0,0,0,0,0,0,0,
161,0,3,0,0,0,0,0,0,0,0,7531,0,0,"","","+2 à la compétence Hache à deux mains","","","","","","","","","","","","","",0xFF01FE,0,0,0,0,0,0,0,
162,0,3,0,0,0,0,0,0,0,0,7550,0,0,"","","+3 à la compétence Hache à deux mains","","","","","","","","","","","","","",0xFF01FE,0,0,0,0,0,0,0,
163,0,3,0,0,0,0,0,0,0,0,7551,0,0,"","","+4 à la compétence Hache à deux mains","","","","","","","","","","","","","",0xFF01FE,0,0,0,0,0,0,0,
164,0,3,0,0,0,0,0,0,0,0,7552,0,0,"","","+5 à la compétence Hache à deux mains","","","","","","","","","","","","","",0xFF01FE,0,0,0,0,0,0,0,
165,0,3,0,0,0,0,0,0,0,0,7553,0,0,"","","+6 à la compétence Hache à deux mains","","","","","","","","","","","","","",0xFF01FE,0,0,0,0,0,0,0,
166,0,3,0,0,0,0,0,0,0,0,7554,0,0,"","","+7 à la compétence Hache à deux mains","","","","","","","","","","","","","",0xFF01FE,0,0,0,0,0,0,0,
167,0,3,0,0,0,0,0,0,0,0,7534,0,0,"","","+1 à la compétence Dague","","","","","","","","","","","","","",0xFF01FE,0,0,0,0,0,0,0,
168,0,3,0,0,0,0,0,0,0,0,7573,0,0,"","","+2 à la compétence Dague","","","","","","","","","","","","","",0xFF01FE,0,0,0,0,0,0,0,
169,0,3,0,0,0,0,0,0,0,0,7574,0,0,"","","+3 à la compétence Dague","","","","","","","","","","","","","",0xFF01FE,0,0,0,0,0,0,0,
170,0,3,0,0,0,0,0,0,0,0,7575,0,0,"","","+4 à la compétence Dague","","","","","","","","","","","","","",0xFF01FE,0,0,0,0,0,0,0,
171,0,3,0,0,0,0,0,0,0,0,7576,0,0,"","","+5 à la compétence Dague","","","","","","","","","","","","","",0xFF01FE,0,0,0,0,0,0,0,
172,0,3,0,0,0,0,0,0,0,0,7577,0,0,"","","+6 à la compétence Dague","","","","","","","","","","","","","",0xFF01FE,0,0,0,0,0,0,0,
173,0,3,0,0,0,0,0,0,0,0,7578,0,0,"","","+7 à la compétence Dague","","","","","","","","","","","","","",0xFF01FE,0,0,0,0,0,0,0,
174,0,3,0,0,0,0,0,0,0,0,7536,0,0,"","","+1 à la compétence Arme à feu","","","","","","","","","","","","","",0xFF01FE,0,0,0,0,0,0,0,
175,0,3,0,0,0,0,0,0,0,0,7579,0,0,"","","+2 à la compétence Arme à feu","","","","","","","","","","","","","",0xFF01FE,0,0,0,0,0,0,0,
176,0,3,0,0,0,0,0,0,0,0,7580,0,0,"","","+3 à la compétence Arme à feu","","","","","","","","","","","","","",0xFF01FE,0,0,0,0,0,0,0,
177,0,3,0,0,0,0,0,0,0,0,7581,0,0,"","","+4 à la compétence Arme à feu","","","","","","","","","","","","","",0xFF01FE,0,0,0,0,0,0,0,
178,0,3,0,0,0,0,0,0,0,0,7582,0,0,"","","+5 à la compétence Arme à feu","","","","","","","","","","","","","",0xFF01FE,0,0,0,0,0,0,0,
179,0,3,0,0,0,0,0,0,0,0,7583,0,0,"","","+6 à la compétence Arme à feu","","","","","","","","","","","","","",0xFF01FE,0,0,0,0,0,0,0,
180,0,3,0,0,0,0,0,0,0,0,7584,0,0,"","","+7 à la compétence Arme à feu","","","","","","","","","","","","","",0xFF01FE,0,0,0,0,0,0,0,
181,0,3,0,0,0,0,0,0,0,0,7535,0,0,"","","+1 à la compétence Arc","","","","","","","","","","","","","",0xFF01FE,0,0,0,0,0,0,0,
182,0,3,0,0,0,0,0,0,0,0,7567,0,0,"","","+2 à la compétence Arc","","","","","","","","","","","","","",0xFF01FE,0,0,0,0,0,0,0,
183,0,3,0,0,0,0,0,0,0,0,7568,0,0,"","","+3 à la compétence Arc","","","","","","","","","","","","","",0xFF01FE,0,0,0,0,0,0,0,
184,0,3,0,0,0,0,0,0,0,0,7569,0,0,"","","+4 à la compétence Arc","","","","","","","","","","","","","",0xFF01FE,0,0,0,0,0,0,0,
185,0,3,0,0,0,0,0,0,0,0,7570,0,0,"","","+5 à la compétence Arc","","","","","","","","","","","","","",0xFF01FE,0,0,0,0,0,0,0,
186,0,3,0,0,0,0,0,0,0,0,7571,0,0,"","","+6 à la compétence Arc","","","","","","","","","","","","","",0xFF01FE,0,0,0,0,0,0,0,
187,0,3,0,0,0,0,0,0,0,0,7572,0,0,"","","+7 à la compétence Arc","","","","","","","","","","","","","",0xFF01FE,0,0,0,0,0,0,0,
188,0,3,0,0,0,0,0,0,0,0,7590,0,0,"","","+2 (Bêtes)","","","","","","","","","","","","","",0xFF01FE,0,0,0,0,0,0,0,
189,0,3,0,0,0,0,0,0,0,0,7591,0,0,"","","+4 (Bêtes)","","","","","","","","","","","","","",0xFF01FE,0,0,0,0,0,0,0,
190,0,3,0,0,0,0,0,0,0,0,7592,0,0,"","","+6 (Bêtes)","","","","","","","","","","","","","",0xFF01FE,0,0,0,0,0,0,0,
191,0,3,0,0,0,0,0,0,0,0,7593,0,0,"","","+8 (Bêtes)","","","","","","","","","","","","","",0xFF01FE,0,0,0,0,0,0,0,
192,0,3,0,0,0,0,0,0,0,0,7594,0,0,"","","+10 (Bêtes)","","","","","","","","","","","","","",0xFF01FE,0,0,0,0,0,0,0,
193,0,3,0,0,0,0,0,0,0,0,7595,0,0,"","","+12 (Bêtes)","","","","","","","","","","","","","",0xFF01FE,0,0,0,0,0,0,0,
194,0,3,0,0,0,0,0,0,0,0,7596,0,0,"","","+14 (Bêtes)","","","","","","","","","","","","","",0xFF01FE,0,0,0,0,0,0,0,
195,0,5,0,0,14,0,0,14,0,0,32,0,0,"","","+14 au score de coup critique","","","","","","","","","","","","","",0xFF01FE,0,0,0,0,0,0,0,
196,0,5,0,0,28,0,0,28,0,0,32,0,0,"","","+28 au score de coup critique","","","","","","","","","","","","","",0xFF01FE,0,0,0,0,0,0,0,
197,0,5,0,0,42,0,0,42,0,0,32,0,0,"","","+42 au score de coup critique","","","","","","","","","","","","","",0xFF01FE,0,0,0,0,0,0,0,
198,0,5,0,0,56,0,0,56,0,0,32,0,0,"","","+56 au score de coup critique","","","","","","","","","","","","","",0xFF01FE,0,0,0,0,0,0,0,
199,0,3,0,0,0,0,0,0,0,0,7601,0,0,"","","10% quand touché : Trait de l'ombre (10 points de dégâts)","","","","","","","","","","","","","",0xFF01FE,0,0,0,0,0,0,0,
200,0,3,0,0,0,0,0,0,0,0,7614,0,0,"","","10% quand touché : Trait de l'ombre (20 points de dégâts)","","","","","","","","","","","","","",0xFF01FE,0,0,0,0,0,0,0,
201,0,3,0,0,0,0,0,0,0,0,7615,0,0,"","","10% quand touché : Trait de l'ombre (30 points de dégâts)","","","","","","","","","","","","","",0xFF01FE,0,0,0,0,0,0,0,
202,0,3,0,0,0,0,0,0,0,0,7616,0,0,"","","10% quand touché : Trait de l'ombre (40 points de dégâts)","","","","","","","","","","","","","",0xFF01FE,0,0,0,0,0,0,0,
203,0,3,0,0,0,0,0,0,0,0,7617,0,0,"","","10% quand touché : Trait de l'ombre (50 points de dégâts)","","","","","","","","","","","","","",0xFF01FE,0,0,0,0,0,0,0,
204,0,3,0,0,0,0,0,0,0,0,7618,0,0,"","","10% quand touché : Trait de l'ombre (60 points de dégâts)","","","","","","","","","","","","","",0xFF01FE,0,0,0,0,0,0,0,
205,0,3,0,0,0,0,0,0,0,0,7619,0,0,"","","10% quand touché : Trait de l'ombre (70 points de dégâts)","","","","","","","","","","","","","",0xFF01FE,0,0,0,0,0,0,0,
206,0,5,0,0,1,0,0,1,0,0,45,0,0,"","","+1 à la puissance des sorts","","","","","","","","","","","","","",0xFF01FE,0,0,0,0,0,0,0,
207,0,5,0,0,2,0,0,2,0,0,45,0,0,"","","+2 à la puissance des sorts","","","","","","","","","","","","","",0xFF01FE,0,0,0,0,0,0,0,
208,0,5,0,0,4,0,0,4,0,0,45,0,0,"","","+4 à la puissance des sorts","","","","","","","","","","","","","",0xFF01FE,0,0,0,0,0,0,0,
209,0,5,0,0,5,0,0,5,0,0,45,0,0,"","","+5 à la puissance des sorts","","","","","","","","","","","","","",0xFF01FE,0,0,0,0,0,0,0,
210,0,3,0,0,0,0,0,0,0,0,9396,0,0,"","","+6 à la puissance des sorts","","","","","","","","","","","","","",0xFF01FE,0,0,0,0,0,0,0,
211,0,5,0,0,7,0,0,7,0,0,45,0,0,"","","+7 à la puissance des sorts","","","","","","","","","","","","","",0xFF01FE,0,0,0,0,0,0,0,
212,0,5,0,0,8,0,0,8,0,0,45,0,0,"","","+8 à la puissance des sorts","","","","","","","","","","","","","",0xFF01FE,0,0,0,0,0,0,0,
213,0,3,0,0,0,0,0,0,0,0,7683,0,0,"","","+1 aux dégâts des sorts de Feu","","","","","","","","","","","","","",0xFF01FE,0,0,0,0,0,0,0,
214,0,3,0,0,0,0,0,0,0,0,7684,0,0,"","","+3 aux dégâts des sorts de Feu","","","","","","","","","","","","","",0xFF01FE,0,0,0,0,0,0,0,
215,0,3,0,0,0,0,0,0,0,0,7685,0,0,"","","+4 aux dégâts des sorts de Feu","","","","","","","","","","","","","",0xFF01FE,0,0,0,0,0,0,0,
216,0,3,0,0,0,0,0,0,0,0,7686,0,0,"","","+6 aux dégâts des sorts de Feu","","","","","","","","","","","","","",0xFF01FE,0,0,0,0,0,0,0,
217,0,3,0,0,0,0,0,0,0,0,7687,0,0,"","","+7 aux dégâts des sorts de Feu","","","","","","","","","","","","","",0xFF01FE,0,0,0,0,0,0,0,
218,0,3,0,0,0,0,0,0,0,0,7688,0,0,"","","+9 aux dégâts des sorts de Feu","","","","","","","","","","","","","",0xFF01FE,0,0,0,0,0,0,0,
219,0,3,0,0,0,0,0,0,0,0,7689,0,0,"","","+10 aux dégâts des sorts de Feu","","","","","","","","","","","","","",0xFF01FE,0,0,0,0,0,0,0,
220,0,3,0,0,0,0,0,0,0,0,7690,0,0,"","","+1 aux dégâts des sorts de Nature","","","","","","","","","","","","","",0xFF01FE,0,0,0,0,0,0,0,
221,0,3,0,0,0,0,0,0,0,0,7691,0,0,"","","+3 aux dégâts des sorts de Nature","","","","","","","","","","","","","",0xFF01FE,0,0,0,0,0,0,0,
222,0,3,0,0,0,0,0,0,0,0,7692,0,0,"","","+4 aux dégâts des sorts de Nature","","","","","","","","","","","","","",0xFF01FE,0,0,0,0,0,0,0,
223,0,3,0,0,0,0,0,0,0,0,7693,0,0,"","","+6 aux dégâts des sorts de Nature","","","","","","","","","","","","","",0xFF01FE,0,0,0,0,0,0,0,
224,0,3,0,0,0,0,0,0,0,0,7694,0,0,"","","+7 aux dégâts des sorts de Nature","","","","","","","","","","","","","",0xFF01FE,0,0,0,0,0,0,0,
225,0,3,0,0,0,0,0,0,0,0,7695,0,0,"","","+9 aux dégâts des sorts de Nature","","","","","","","","","","","","","",0xFF01FE,0,0,0,0,0,0,0,
226,0,3,0,0,0,0,0,0,0,0,7696,0,0,"","","+10 aux dégâts des sorts de Nature","","","","","","","","","","","","","",0xFF01FE,0,0,0,0,0,0,0,
227,0,3,0,0,0,0,0,0,0,0,7697,0,0,"","","+1 aux dégâts des sorts de Givre","","","","","","","","","","","","","",0xFF01FE,0,0,0,0,0,0,0,
228,0,3,0,0,0,0,0,0,0,0,7698,0,0,"","","+3 aux dégâts des sorts de Givre","","","","","","","","","","","","","",0xFF01FE,0,0,0,0,0,0,0,
229,0,3,0,0,0,0,0,0,0,0,7699,0,0,"","","+4 aux dégâts des sorts de Givre","","","","","","","","","","","","","",0xFF01FE,0,0,0,0,0,0,0,
230,0,3,0,0,0,0,0,0,0,0,7700,0,0,"","","+6 aux dégâts des sorts de Givre","","","","","","","","","","","","","",0xFF01FE,0,0,0,0,0,0,0,
231,0,3,0,0,0,0,0,0,0,0,7701,0,0,"","","+7 aux dégâts des sorts de Givre","","","","","","","","","","","","","",0xFF01FE,0,0,0,0,0,0,0,
232,0,3,0,0,0,0,0,0,0,0,7702,0,0,"","","+9 aux dégâts des sorts de Givre","","","","","","","","","","","","","",0xFF01FE,0,0,0,0,0,0,0,
233,0,3,0,0,0,0,0,0,0,0,7703,0,0,"","","+10 aux dégâts des sorts de Givre","","","","","","","","","","","","","",0xFF01FE,0,0,0,0,0,0,0,
234,0,3,0,0,0,0,0,0,0,0,7704,0,0,"","","+1 aux dégâts des sorts d'Ombre","","","","","","","","","","","","","",0xFF01FE,0,0,0,0,0,0,0,
235,0,3,0,0,0,0,0,0,0,0,7705,0,0,"","","+3 aux dégâts des sorts d'Ombre","","","","","","","","","","","","","",0xFF01FE,0,0,0,0,0,0,0,
236,0,3,0,0,0,0,0,0,0,0,7706,0,0,"","","+4 aux dégâts des sorts d'Ombre","","","","","","","","","","","","","",0xFF01FE,0,0,0,0,0,0,0,
237,0,3,0,0,0,0,0,0,0,0,7707,0,0,"","","+6 aux dégâts des sorts d'Ombre","","","","","","","","","","","","","",0xFF01FE,0,0,0,0,0,0,0,
238,0,3,0,0,0,0,0,0,0,0,7708,0,0,"","","+7 aux dégâts des sorts d'Ombre","","","","","","","","","","","","","",0xFF01FE,0,0,0,0,0,0,0,
239,0,3,0,0,0,0,0,0,0,0,7710,0,0,"","","+9 aux dégâts des sorts d'Ombre","","","","","","","","","","","","","",0xFF01FE,0,0,0,0,0,0,0,
240,0,3,0,0,0,0,0,0,0,0,7709,0,0,"","","+10 aux dégâts des sorts d'Ombre","","","","","","","","","","","","","",0xFF01FE,0,0,0,0,0,0,0,
241,0,2,0,0,2,0,0,2,0,0,0,0,0,"","","+2 aux dégâts de l'arme","","","","","","","","","","","","","",0xFF01FE,0,0,0,0,0,0,0,
242,0,5,0,0,15,0,0,15,0,0,1,0,0,"","","+15 aux points de vie","","","","","","","","","","","","","",0xFF01FE,0,0,0,0,0,0,0,
243,0,5,0,0,1,0,0,1,0,0,6,0,0,"","","+1 Esprit","","","","","","","","","","","","","",0xFF01FE,0,0,0,0,0,0,0,
244,0,5,0,0,4,0,0,4,0,0,5,0,0,"","","+4 Intelligence","","","","","","","","","","","","","",0xFF01FE,0,0,0,0,0,0,0,
245,0,4,0,0,5,0,0,5,0,0,0,0,0,"","","+5 Armure","","","","","","","","","","","","","",0xFF01FE,0,0,0,0,0,0,0,
246,0,5,0,0,20,0,0,20,0,0,0,0,0,"","","+20 points de mana","","","","","","","","","","","","","",0xFF01FE,0,0,0,0,0,0,0,
247,0,5,0,0,1,0,0,1,0,0,3,0,0,"","","+1 Agilité","","","","","","","","","","","","","",0xFF01FE,0,0,0,0,0,0,0,
248,0,5,0,0,1,0,0,1,0,0,4,0,0,"","","+1 Force","","","","","","","","","","","","","",0xFF01FE,0,0,0,0,0,0,0,
249,0,3,0,0,0,0,0,0,0,0,7784,0,0,"","","+2 Tueur de bêtes","","","","","","","","","","","","","",0xFF01FE,31,0,0,0,0,0,0,
250,0,2,0,0,1,0,0,1,0,0,0,0,0,"","","+1 Dégâts de l'arme","","","","","","","","","","","","","",0xFF01FE,0,0,0,0,0,0,0,
251,0,5,0,0,1,0,0,1,0,0,5,0,0,"","","+1 Intelligence","","","","","","","","","","","","","",0xFF01FE,0,0,0,0,0,0,0,
252,0,5,0,0,6,0,0,6,0,0,6,0,0,"","","+6 Esprit","","","","","","","","","","","","","",0xFF01FE,0,0,0,0,0,0,0,
253,0,3,0,0,0,0,0,0,0,0,7849,0,0,"","","Absorption (50)","","","","","","","","","","","","","",0xFF01FE,0,0,0,0,0,0,0,
254,0,5,0,0,25,0,0,25,0,0,1,0,0,"","","+25 aux points de vie","","","","","","","","","","","","","",0xFF01FE,0,0,0,0,0,0,0,
255,0,5,0,0,3,0,0,3,0,0,6,0,0,"","","+3 Esprit","","","","","","","","","","","","","",0xFF01FE,0,0,0,0,0,0,0,
256,0,4,0,0,5,0,0,5,0,0,2,0,0,"","","+5 à la résistance au Feu","","","","","","","","","","","","","",0xFF01FE,0,0,0,0,0,0,0,
257,0,4,0,0,10,0,0,10,0,0,0,0,0,"","","+10 Armure","","","","","","","","","","","","","",0xFF01FE,0,0,0,0,0,0,0,
263,0,3,0,0,0,0,0,0,0,0,8082,0,0,"","","Appât de pêche (+25 compétence de pêche)","","","","","","","","","","","","","",0xFF01FE,0,0,0,0,0,0,0,
264,0,3,0,0,0,0,0,0,0,0,8083,0,0,"","","Appât de pêche (+50 compétence de pêche)","","","","","","","","","","","","","",0xFF01FE,0,0,0,0,0,0,0,
265,0,3,0,0,0,0,0,0,0,0,8084,0,0,"","","Appât de pêche (+75 compétence de pêche)","","","","","","","","","","","","","",0xFF01FE,0,0,0,0,0,0,0,
266,0,3,0,0,0,0,0,0,0,0,8085,0,0,"","","Appât de pêche (+100 compétence de pêche)","","","","","","","","","","","","","",0xFF01FE,0,0,0,0,0,0,0,
283,0,3,0,0,20,0,0,20,0,0,33757,0,0,"","","Furie-des-vents 1","","","","","","","","","","","","","",0xFF01FE,81,9,0,0,0,0,0,
284,0,3,0,0,20,0,0,20,0,0,33757,0,0,"","","Furie-des-vents 2","","","","","","","","","","","","","",0xFF01FE,81,9,0,0,0,0,0,
285,0,1,0,0,100,0,0,100,0,0,8248,0,0,"","","Totem Langue de feu 2","","","","","","","","","","","","","",0xFF01FE,32,7,0,0,0,0,0,
286,0,3,0,0,0,0,0,0,0,0,7711,0,0,"","","+2 aux dégâts des armes (Feu)","","","","","","","","","","","","","",0xFF01FE,0,0,0,0,0,0,0,
287,0,3,0,0,0,0,0,0,0,0,7721,0,0,"","","+4 aux dégâts des armes (Feu)","","","","","","","","","","","","","",0xFF01FE,0,0,0,0,0,0,0,
288,0,3,0,0,0,0,0,0,0,0,7722,0,0,"","","+6 aux dégâts des armes (Feu)","","","","","","","","","","","","","",0xFF01FE,0,0,0,0,0,0,0,
289,0,3,0,0,0,0,0,0,0,0,7723,0,0,"","","+8 aux dégâts des armes (Feu)","","","","","","","","","","","","","",0xFF01FE,0,0,0,0,0,0,0,
290,0,3,0,0,0,0,0,0,0,0,7724,0,0,"","","+10 aux dégâts des armes (Feu)","","","","","","","","","","","","","",0xFF01FE,0,0,0,0,0,0,0,
291,0,3,0,0,0,0,0,0,0,0,7725,0,0,"","","+12 aux dégâts des armes (Feu)","","","","","","","","","","","","","",0xFF01FE,0,0,0,0,0,0,0,
292,0,3,0,0,0,0,0,0,0,0,7726,0,0,"","","+14 aux dégâts des armes (Feu)","","","","","","","","","","","","","",0xFF01FE,0,0,0,0,0,0,0,
303,0,0,0,0,0,0,0,0,0,0,0,0,0,"","","Orbe de feu","","","","","","","","","","","","","",0xFF01FE,32,3,0,0,0,0,0,
323,0,1,0,0,100,0,0,100,0,0,8680,0,0,"","","Poison instantané","","","","","","","","","","","","","",0xFF01FE,26,9,0,0,0,0,0,
324,0,1,0,0,100,0,0,100,0,0,8685,0,0,"","","Poison instantané II","","","","","","","","","","","","","",0xFF01FE,26,9,0,0,0,0,0,
325,0,1,0,0,100,0,0,100,0,0,8689,0,0,"","","Poison instantané III","","","","","","","","","","","","","",0xFF01FE,26,9,0,0,0,0,0,
343,0,5,0,0,8,0,0,8,0,0,3,0,0,"","","+8 Agilité","","","","","","","","","","","","","",0xFF01FE,0,0,0,0,0,0,0,
344,0,4,0,0,32,0,0,32,0,0,0,0,0,"","","+32 Armure","","","","","","","","","","","","","",0xFF01FE,0,0,0,0,0,0,0,
345,0,4,0,0,40,0,0,40,0,0,0,0,0,"","","+40 Armure","","","","","","","","","","","","","",0xFF01FE,0,0,0,0,0,0,0,
346,0,4,0,0,36,0,0,36,0,0,0,0,0,"","","+36 Armure","","","","","","","","","","","","","",0xFF01FE,0,0,0,0,0,0,0,
347,0,4,0,0,44,0,0,44,0,0,0,0,0,"","","+44 Armure","","","","","","","","","","","","","",0xFF01FE,0,0,0,0,0,0,0,
348,0,4,0,0,48,0,0,48,0,0,0,0,0,"","","+48 Armure","","","","","","","","","","","","","",0xFF01FE,0,0,0,0,0,0,0,
349,0,5,0,0,9,0,0,9,0,0,3,0,0,"","","+9 Agilité","","","","","","","","","","","","","",0xFF01FE,0,0,0,0,0,0,0,
350,0,5,0,0,8,0,0,8,0,0,5,0,0,"","","+8 Intelligence","","","","","","","","","","","","","",0xFF01FE,0,0,0,0,0,0,0,
351,0,5,0,0,8,0,0,8,0,0,6,0,0,"","","+8 Esprit","","","","","","","","","","","","","",0xFF01FE,0,0,0,0,0,0,0,
352,0,5,0,0,8,0,0,8,0,0,4,0,0,"","","+8 Force","","","","","","","","","","","","","",0xFF01FE,0,0,0,0,0,0,0,
353,0,5,0,0,8,0,0,8,0,0,7,0,0,"","","+8 Endurance","","","","","","","","","","","","","",0xFF01FE,0,0,0,0,0,0,0,
354,0,5,0,0,9,0,0,9,0,0,5,0,0,"","","+9 Intelligence","","","","","","","","","","","","","",0xFF01FE,0,0,0,0,0,0,0,
355,0,5,0,0,9,0,0,9,0,0,6,0,0,"","","+9 Esprit","","","","","","","","","","","","","",0xFF01FE,0,0,0,0,0,0,0,
356,0,5,0,0,9,0,0,9,0,0,7,0,0,"","","+9 Endurance","","","","","","","","","","","","","",0xFF01FE,0,0,0,0,0,0,0,
357,0,5,0,0,9,0,0,9,0,0,4,0,0,"","","+9 Force","","","","","","","","","","","","","",0xFF01FE,0,0,0,0,0,0,0,
358,0,5,0,0,10,0,0,10,0,0,3,0,0,"","","+10 Agilité","","","","","","","","","","","","","",0xFF01FE,0,0,0,0,0,0,0,
359,0,5,0,0,10,0,0,10,0,0,5,0,0,"","","+10 Intelligence","","","","","","","","","","","","","",0xFF01FE,0,0,0,0,0,0,0,
360,0,5,0,0,10,0,0,10,0,0,6,0,0,"","","+10 Esprit","","","","","","","","","","","","","",0xFF01FE,0,0,0,0,0,0,0,
361,0,5,0,0,10,0,0,10,0,0,7,0,0,"","","+10 Endurance","","","","","","","","","","","","","",0xFF01FE,0,0,0,0,0,0,0,
362,0,5,0,0,10,0,0,10,0,0,4,0,0,"","","+10 Force","","","","","","","","","","","","","",0xFF01FE,0,0,0,0,0,0,0,
363,0,5,0,0,11,0,0,11,0,0,3,0,0,"","","+11 Agilité","","","","","","","","","","","","","",0xFF01FE,0,0,0,0,0,0,0,
364,0,5,0,0,11,0,0,11,0,0,5,0,0,"","","+11 Intelligence","","","","","","","","","","","","","",0xFF01FE,0,0,0,0,0,0,0,
365,0,5,0,0,11,0,0,11,0,0,6,0,0,"","","+11 Esprit","","","","","","","","","","","","","",0xFF01FE,0,0,0,0,0,0,0,
366,0,5,0,0,11,0,0,11,0,0,7,0,0,"","","+11 Endurance","","","","","","","","","","","","","",0xFF01FE,0,0,0,0,0,0,0,
367,0,5,0,0,11,0,0,11,0,0,4,0,0,"","","+11 Force","","","","","","","","","","","","","",0xFF01FE,0,0,0,0,0,0,0,
368,0,5,0,0,12,0,0,12,0,0,3,0,0,"","","+12 Agilité","","","","","","","","","","","","","",0xFF01FE,0,0,0,0,0,0,0,
369,0,5,0,0,12,0,0,12,0,0,5,0,0,"","","+12 Intelligence","","","","","","","","","","","","","",0xFF01FE,0,0,0,0,0,0,0,
370,0,5,0,0,12,0,0,12,0,0,6,0,0,"","","+12 Esprit","","","","","","","","","","","","","",0xFF01FE,0,0,0,0,0,0,0,
371,0,5,0,0,12,0,0,12,0,0,7,0,0,"","","+12 Endurance","","","","","","","","","","","","","",0xFF01FE,0,0,0,0,0,0,0,
372,0,5,0,0,12,0,0,12,0,0,4,0,0,"","","+12 Force","","","","","","","","","","","","","",0xFF01FE,0,0,0,0,0,0,0,
383,0,4,0,0,52,0,0,52,0,0,0,0,0,"","","+52 Armure","","","","","","","","","","","","","",0xFF01FE,0,0,0,0,0,0,0,
384,0,4,0,0,56,0,0,56,0,0,0,0,0,"","","+56 Armure","","","","","","","","","","","","","",0xFF01FE,0,0,0,0,0,0,0,
385,0,4,0,0,60,0,0,60,0,0,0,0,0,"","","+60 Armure","","","","","","","","","","","","","",0xFF01FE,0,0,0,0,0,0,0,
386,0,4,0,0,16,0,0,16,0,0,0,0,0,"","","+16 Armure","","","","","","","","","","","","","",0xFF01FE,0,0,0,0,0,0,0,
387,0,4,0,0,17,0,0,17,0,0,0,0,0,"","","+17 Armure","","","","","","","","","","","","","",0xFF01FE,0,0,0,0,0,0,0,
388,0,4,0,0,18,0,0,18,0,0,0,0,0,"","","+18 Armure","","","","","","","","","","","","","",0xFF01FE,0,0,0,0,0,0,0,
389,0,4,0,0,19,0,0,19,0,0,0,0,0,"","","+19 Armure","","","","","","","","","","","","","",0xFF01FE,0,0,0,0,0,0,0,
403,0,5,0,0,13,0,0,13,0,0,3,0,0,"","","+13 Agilité","","","","","","","","","","","","","",0xFF01FE,0,0,0,0,0,0,0,
404,0,5,0,0,14,0,0,14,0,0,3,0,0,"","","+14 Agilité","","","","","","","","","","","","","",0xFF01FE,0,0,0,0,0,0,0,
405,0,5,0,0,13,0,0,13,0,0,5,0,0,"","","+13 Intelligence","","","","","","","","","","","","","",0xFF01FE,0,0,0,0,0,0,0,
406,0,5,0,0,14,0,0,14,0,0,5,0,0,"","","+14 Intelligence","","","","","","","","","","","","","",0xFF01FE,0,0,0,0,0,0,0,
407,0,5,0,0,13,0,0,13,0,0,6,0,0,"","","+13 Esprit","","","","","","","","","","","","","",0xFF01FE,0,0,0,0,0,0,0,
408,0,5,0,0,14,0,0,14,0,0,6,0,0,"","","+14 Esprit","","","","","","","","","","","","","",0xFF01FE,0,0,0,0,0,0,0,
409,0,5,0,0,13,0,0,13,0,0,7,0,0,"","","+13 Endurance","","","","","","","","","","","","","",0xFF01FE,0,0,0,0,0,0,0,
410,0,5,0,0,13,0,0,13,0,0,4,0,0,"","","+13 Force","","","","","","","","","","","","","",0xFF01FE,0,0,0,0,0,0,0,
411,0,5,0,0,14,0,0,14,0,0,7,0,0,"","","+14 Endurance","","","","","","","","","","","","","",0xFF01FE,0,0,0,0,0,0,0,
412,0,5,0,0,14,0,0,14,0,0,4,0,0,"","","+14 Force","","","","","","","","","","","","","",0xFF01FE,0,0,0,0,0,0,0,
423,0,5,0,0,1,0,0,1,0,0,45,0,0,"","","+1 à la puissance des sorts","","","","","","","","","","","","","",0xFF01FE,0,0,0,0,0,0,0,
424,0,5,0,0,2,0,0,2,0,0,45,0,0,"","","+2 à la puissance des sorts","","","","","","","","","","","","","",0xFF01FE,0,0,0,0,0,0,0,
425,0,0,0,0,0,0,0,0,0,0,9394,0,0,"","","Leurre du Temple noir","","","","","","","","","","","","","",0xFF01FE,139,0,0,0,0,0,0,
426,0,5,0,0,5,0,0,5,0,0,45,0,0,"","","+5 à la puissance des sorts","","","","","","","","","","","","","",0xFF01FE,0,0,0,0,0,0,0,
427,0,3,0,0,0,0,0,0,0,0,9396,0,0,"","","+6 à la puissance des sorts","","","","","","","","","","","","","",0xFF01FE,0,0,0,0,0,0,0,
428,0,5,0,0,7,0,0,7,0,0,45,0,0,"","","+7 à la puissance des sorts","","","","","","","","","","","","","",0xFF01FE,0,0,0,0,0,0,0,
429,0,5,0,0,8,0,0,8,0,0,45,0,0,"","","+8 à la puissance des sorts","","","","","","","","","","","","","",0xFF01FE,0,0,0,0,0,0,0,
430,0,5,0,0,9,0,0,9,0,0,45,0,0,"","","+9 à la puissance des sorts","","","","","","","","","","","","","",0xFF01FE,0,0,0,0,0,0,0,
431,0,5,0,0,11,0,0,11,0,0,45,0,0,"","","+11 à la puissance des sorts","","","","","","","","","","","","","",0xFF01FE,0,0,0,0,0,0,0,
432,0,5,0,0,12,0,0,12,0,0,45,0,0,"","","+12 à la puissance des sorts","","","","","","","","","","","","","",0xFF01FE,0,0,0,0,0,0,0,
433,0,3,0,0,0,0,0,0,0,0,9399,0,0,"","","+11 aux dégâts des sorts de Feu","","","","","","","","","","","","","",0xFF01FE,0,0,0,0,0,0,0,
434,0,3,0,0,0,0,0,0,0,0,9400,0,0,"","","+13 aux dégâts des sorts de Feu","","","","","","","","","","","","","",0xFF01FE,0,0,0,0,0,0,0,
435,0,3,0,0,0,0,0,0,0,0,9401,0,0,"","","+14 aux dégâts des sorts de Feu","","","","","","","","","","","","","",0xFF01FE,0,0,0,0,0,0,0,
436,0,5,0,0,70,0,0,70,0,0,32,0,0,"","","+70 au score de coup critique","","","","","","","","","","","","","",0xFF01FE,0,0,0,0,0,0,0,
437,0,3,0,0,0,0,0,0,0,0,9402,0,0,"","","+11 aux dégâts des sorts de Givre","","","","","","","","","","","","","",0xFF01FE,0,0,0,0,0,0,0,
438,0,3,0,0,0,0,0,0,0,0,9403,0,0,"","","+13 aux dégâts des sorts de Givre","","","","","","","","","","","","","",0xFF01FE,0,0,0,0,0,0,0,
439,0,3,0,0,0,0,0,0,0,0,9404,0,0,"","","+14 aux dégâts des sorts de Givre","","","","","","","","","","","","","",0xFF01FE,0,0,0,0,0,0,0,
440,0,5,0,0,9,0,0,9,0,0,45,0,0,"","","+9 à la puissance des sorts","","","","","","","","","","","","","",0xFF01FE,0,0,0,0,0,0,0,
441,0,5,0,0,11,0,0,11,0,0,45,0,0,"","","+11 à la puissance des sorts","","","","","","","","","","","","","",0xFF01FE,0,0,0,0,0,0,0,
442,0,5,0,0,12,0,0,12,0,0,45,0,0,"","","+12 à la puissance des sorts","","","","","","","","","","","","","",0xFF01FE,0,0,0,0,0,0,0,
443,0,3,0,0,0,0,0,0,0,0,9409,0,0,"","","+11 aux dégâts des sorts de Nature","","","","","","","","","","","","","",0xFF01FE,0,0,0,0,0,0,0,
444,0,3,0,0,0,0,0,0,0,0,9410,0,0,"","","+13 aux dégâts des sorts de Nature","","","","","","","","","","","","","",0xFF01FE,0,0,0,0,0,0,0,
445,0,3,0,0,0,0,0,0,0,0,9411,0,0,"","","+14 aux dégâts des sorts de Nature","","","","","","","","","","","","","",0xFF01FE,0,0,0,0,0,0,0,
446,0,3,0,0,0,0,0,0,0,0,9412,0,0,"","","+11 aux dégâts des sorts d'Ombre","","","","","","","","","","","","","",0xFF01FE,0,0,0,0,0,0,0,
447,0,3,0,0,0,0,0,0,0,0,9413,0,0,"","","+13 aux dégâts des sorts d'Ombre","","","","","","","","","","","","","",0xFF01FE,0,0,0,0,0,0,0,
448,0,3,0,0,0,0,0,0,0,0,9414,0,0,"","","+14 aux dégâts des sorts d'Ombre","","","","","","","","","","","","","",0xFF01FE,0,0,0,0,0,0,0,
463,0,3,0,0,0,0,0,0,0,0,9782,0,0,"","","Pointe en mithril (16-20)","","","","","","","","","","","","","",0xFF01FE,0,0,0,0,0,0,0,
464,0,3,0,0,0,0,0,0,0,0,7215,0,0,"","","+4% à la vitesse de la monture","","","","","","","","","","","","","",0xFF01FE,0,0,0,0,0,0,0,
483,0,2,0,0,6,0,0,6,0,0,0,0,0,"","","Aiguisé (+6 points de dégâts)","","","","","","","","","","","","","",0xFF01FE,0,0,0,0,0,0,0,
484,0,2,0,0,6,0,0,6,0,0,0,0,0,"","","Équilibré (+6 points de dégâts)","","","","","","","","","","","","","",0xFF01FE,0,0,0,0,0,0,0,
503,0,6,0,0,10,0,0,10,0,0,0,0,0,"","","Croque-roc 4","","","","","","","","","","","","","",0xFF01FE,61,9,0,0,0,0,0,
504,0,2,0,0,80,0,0,80,0,0,0,0,0,"","","+80 Croque-roc","","","","","","","","","","","","","",0xFF01FE,61,9,0,0,0,0,0,
523,0,3,0,0,100,0,0,100,0,0,15569,0,0,"","","Langue de feu 4","","","","","","","","","","","","","",0xFF01FE,32,9,0,0,0,0,0,
524,0,1,0,0,0,0,0,0,0,0,10458,0,0,"","","Arme de givre 3","","","","","","","","","","","","","",0xFF01FE,33,9,0,0,0,0,0,
525,0,3,0,0,20,0,0,20,0,0,33757,0,0,"","","Furie-des-vents 3","","","","","","","","","","","","","",0xFF01FE,81,9,0,0,0,0,0,
543,0,1,0,0,100,0,0,100,0,0,10523,0,0,"","","Totem Langue de feu 3","","","","","","","","","","","","","",0xFF01FE,32,7,0,0,0,0,0,
563,0,1,0,0,20,0,0,20,0,0,10608,0,0,"","","Totem Furie-des-vents 2","","","","","","","","","","","","","",0xFF01FE,81,7,0,0,0,0,0,
564,0,1,0,0,20,0,0,20,0,0,10610,0,0,"","","Totem Furie-des-vents 3","","","","","","","","","","","","","",0xFF01FE,81,7,0,0,0,0,0,
583,0,5,5,0,1,1,0,1,1,0,3,6,0,"","","+1 Agilité / +1 Esprit","","","","","","","","","","","","","",0xFF01FE,0,0,0,0,0,0,0,
584,0,5,5,0,1,1,0,1,1,0,3,5,0,"","","+1 Agilité / +1 Intelligence","","","","","","","","","","","","","",0xFF01FE,0,0,0,0,0,0,0,
585,0,5,5,0,1,1,0,1,1,0,3,7,0,"","","+1 Agilité / +1 Endurance","","","","","","","","","","","","","",0xFF01FE,0,0,0,0,0,0,0,
586,0,5,5,0,1,1,0,1,1,0,3,4,0,"","","+1 Agilité / +1 Force","","","","","","","","","","","","","",0xFF01FE,0,0,0,0,0,0,0,
587,0,5,5,0,1,1,0,1,1,0,5,6,0,"","","+1 Intelligence / +1 Esprit","","","","","","","","","","","","","",0xFF01FE,0,0,0,0,0,0,0,
588,0,5,5,0,1,1,0,1,1,0,5,7,0,"","","+1 Intelligence / +1 Endurance","","","","","","","","","","","","","",0xFF01FE,0,0,0,0,0,0,0,
589,0,5,5,0,1,1,0,1,1,0,5,4,0,"","","+1 Intelligence / +1 Force","","","","","","","","","","","","","",0xFF01FE,0,0,0,0,0,0,0,
590,0,5,5,0,1,1,0,1,1,0,6,7,0,"","","+1 Esprit / +1 Endurance","","","","","","","","","","","","","",0xFF01FE,0,0,0,0,0,0,0,
591,0,5,5,0,1,1,0,1,1,0,6,4,0,"","","+1 Esprit / +1 Force","","","","","","","","","","","","","",0xFF01FE,0,0,0,0,0,0,0,
592,0,5,5,0,1,1,0,1,1,0,7,4,0,"","","+1 Endurance / +1 Force","","","","","","","","","","","","","",0xFF01FE,0,0,0,0,0,0,0,
603,0,1,0,0,30,0,0,30,0,0,11201,0,0,"","","Poison affaiblissant II","","","","","","","","","","","","","",0xFF01FE,26,9,0,0,0,0,0,
623,0,1,0,0,100,0,0,100,0,0,11335,0,0,"","","Poison instantané IV","","","","","","","","","","","","","",0xFF01FE,26,9,0,0,0,0,0,
624,0,1,0,0,100,0,0,100,0,0,11336,0,0,"","","Poison instantané V","","","","","","","","","","","","","",0xFF01FE,26,9,0,0,0,0,0,
625,0,1,0,0,100,0,0,100,0,0,11337,0,0,"","","Poison instantané VI","","","","","","","","","","","","","",0xFF01FE,26,9,0,0,0,0,0,
626,0,1,0,0,30,0,0,30,0,0,11353,0,0,"","","Poison mortel III","","","","","","","","","","","","","",0xFF01FE,26,9,0,0,0,0,0,
627,0,1,0,0,30,0,0,30,0,0,11354,0,0,"","","Poison mortel IV","","","","","","","","","","","","","",0xFF01FE,26,9,0,0,0,0,0,
643,0,1,0,0,20,0,0,20,0,0,11398,0,0,"","","Poison de distraction mentale III","","","","","","","","","","","","","",0xFF01FE,26,9,0,0,0,0,0,
663,0,2,0,0,5,0,0,5,0,0,0,0,0,"","","Lunette (+5 points de dégâts)","","","","","","","","","","","","","",0xFF01FE,0,1,0,0,0,0,30,
664,0,2,0,0,7,0,0,7,0,0,0,0,0,"","","Lunette (+7 points de dégâts)","","","","","","","","","","","","","",0xFF01FE,0,1,0,0,0,0,40,
683,0,6,0,0,30,0,0,30,0,0,0,0,0,"","","Croque-roc 6","","","","","","","","","","","","","",0xFF01FE,61,9,0,0,0,0,0,
684,0,5,0,0,15,0,0,15,0,0,4,0,0,"","","+15 Force","","","","","","","","","","","","","",0xFF01FE,0,0,0,0,0,0,0,
703,0,1,0,0,100,0,0,100,0,0,13218,0,0,"","","Poison douloureux","","","","","","","","","","","","","",0xFF01FE,26,9,0,0,0,0,0,
704,0,1,0,0,100,0,0,100,0,0,13222,0,0,"","","Poison douloureux II","","","","","","","","","","","","","",0xFF01FE,26,9,0,0,0,0,0,
705,0,1,0,0,100,0,0,100,0,0,13223,0,0,"","","Poison douloureux III","","","","","","","","","","","","","",0xFF01FE,26,9,0,0,0,0,0,
706,0,1,0,0,100,0,0,100,0,0,13224,0,0,"","","Poison douloureux IV","","","","","","","","","","","","","",0xFF01FE,26,9,0,0,0,0,0,
723,0,5,0,0,3,0,0,3,0,0,5,0,0,"","","+3 Intelligence","","","","","","","","","","","","","",0xFF01FE,0,0,0,0,0,0,0,
724,0,5,0,0,3,0,0,3,0,0,7,0,0,"","","+3 Endurance","","","","","","","","","","","","","",0xFF01FE,0,0,0,0,0,0,0,
743,0,3,0,0,0,0,0,0,0,0,13418,0,0,"","","+2 Camouflage","","","","","","","","","","","","","",0xFF01FE,0,0,0,0,0,0,0,
744,0,4,0,0,20,0,0,20,0,0,0,0,0,"","","+20 Armure","","","","","","","","","","","","","",0xFF01FE,0,0,0,0,0,0,0,
763,0,5,0,0,5,0,0,5,0,0,15,0,0,"","","+5 au score de blocage","","","","","","","","","","","","","",0xFF01FE,0,0,0,0,0,0,0,
783,0,4,0,0,10,0,0,10,0,0,0,0,0,"","","+10 Armure","","","","","","","","","","","","","",0xFF01FE,0,0,0,0,0,0,0,
803,0,1,0,0,0,0,0,0,0,0,13897,0,0,"","","Arme flamboyante","","","","","","","","","","","","","",0xFF01FE,25,0,0,0,0,0,0,
804,0,4,0,0,10,0,0,10,0,0,5,0,0,"","","+10 à la résistance à l'Ombre","","","","","","","","","","","","","",0xFF01FE,0,0,0,0,0,0,0,
805,0,2,0,0,4,0,0,4,0,0,0,0,0,"","","+4 aux dégâts de l'arme","","","","","","","","","","","","","",0xFF01FE,2,0,0,0,0,0,0,
823,0,5,0,0,3,0,0,3,0,0,4,0,0,"","","+3 Force","","","","","","","","","","","","","",0xFF01FE,0,0,0,0,0,0,0,
843,0,5,0,0,30,0,0,30,0,0,0,0,0,"","","+30 aux points de mana","","","","","","","","","","","","","",0xFF01FE,0,0,0,0,0,0,0,
844,0,3,0,0,0,0,0,0,0,0,13611,0,0,"","","+2 Minage","","","","","","","","","","","","","",0xFF01FE,0,0,0,0,0,0,0,
845,0,3,0,0,0,0,0,0,0,0,13614,0,0,"","","+2 Herboristerie","","","","","","","","","","","","","",0xFF01FE,0,0,0,0,0,0,0,
846,0,3,0,0,0,0,0,0,0,0,71691,0,0,"","","+5 en Pêche","","","","","","","","","","","","","",0xFF01FE,0,0,0,0,0,0,0,
847,0,3,0,0,0,0,0,0,0,0,13624,0,0,"","","+1 à toutes les caractéristiques","","","","","","","","","","","","","",0xFF01FE,0,0,0,0,0,0,0,
848,0,4,0,0,30,0,0,30,0,0,0,0,0,"","","+30 Armure","","","","","","","","","","","","","",0xFF01FE,0,0,0,0,0,0,0,
849,0,5,0,0,3,0,0,3,0,0,3,0,0,"","","+3 Agilité","","","","","","","","","","","","","",0xFF01FE,0,0,0,0,0,0,0,
850,0,5,0,0,35,0,0,35,0,0,1,0,0,"","","+35 aux points de vie","","","","","","","","","","","","","",0xFF01FE,0,0,0,0,0,0,0,
851,0,5,0,0,5,0,0,5,0,0,6,0,0,"","","+5 Esprit","","","","","","","","","","","","","",0xFF01FE,0,0,0,0,0,0,0,
852,0,5,0,0,5,0,0,5,0,0,7,0,0,"","","+5 Endurance","","","","","","","","","","","","","",0xFF01FE,0,0,0,0,0,0,0,
853,0,3,0,0,0,0,0,0,0,0,13650,0,0,"","","+6 Tueur de bêtes","","","","","","","","","","","","","",0xFF01FE,31,0,0,0,0,0,0,
854,0,3,0,0,0,0,0,0,0,0,13651,0,0,"","","+6 Tueur d'élémentaires","","","","","","","","","","","","","",0xFF01FE,31,0,0,0,0,0,0,
855,0,4,0,0,5,0,0,5,0,0,2,0,0,"","","+5 à la résistance au Feu","","","","","","","","","","","","","",0xFF01FE,0,0,0,0,0,0,0,
856,0,5,0,0,5,0,0,5,0,0,4,0,0,"","","+5 Force","","","","","","","","","","","","","",0xFF01FE,0,0,0,0,0,0,0,
857,0,5,0,0,50,0,0,50,0,0,0,0,0,"","","+50 points de mana","","","","","","","","","","","","","",0xFF01FE,0,0,0,0,0,0,0,
863,0,5,0,0,10,0,0,10,0,0,15,0,0,"","","+10 au score de blocage","","","","","","","","","","","","","",0xFF01FE,0,0,0,0,0,0,0,
864,0,2,0,0,4,0,0,4,0,0,0,0,0,"","","+4 aux dégâts de l'arme","","","","","","","","","","","","","",0xFF01FE,2,0,0,0,0,0,0,
865,0,3,0,0,0,0,0,0,0,0,13697,0,0,"","","+5 Dépeçage","","","","","","","","","","","","","",0xFF01FE,0,0,0,0,0,0,0,
866,0,3,0,0,0,0,0,0,0,0,13625,0,0,"","","+2 à toutes les caractéristiques","","","","","","","","","","","","","",0xFF01FE,0,0,0,0,0,0,0,
883,0,5,0,0,15,0,0,15,0,0,3,0,0,"","","+15 Agilité","","","","","","","","","","","","","",0xFF01FE,0,0,0,0,0,0,0,
884,0,4,0,0,50,0,0,50,0,0,0,0,0,"","","+50 Armure","","","","","","","","","","","","","",0xFF01FE,0,0,0,0,0,0,0,
903,0,3,0,0,0,0,0,0,0,0,13796,0,0,"","","+3 à toutes les résistances","","","","","","","","","","","","","",0xFF01FE,0,0,0,0,0,0,0,
904,0,5,0,0,5,0,0,5,0,0,3,0,0,"","","+5 Agilité","","","","","","","","","","","","","",0xFF01FE,0,0,0,0,0,0,0,
905,0,5,0,0,5,0,0,5,0,0,5,0,0,"","","+5 Intelligence","","","","","","","","","","","","","",0xFF01FE,0,0,0,0,0,0,0,
906,0,3,0,0,0,0,0,0,0,0,13838,0,0,"","","+5 Minage","","","","","","","","","","","","","",0xFF01FE,0,0,0,0,0,0,0,
907,0,5,0,0,7,0,0,7,0,0,6,0,0,"","","+7 Esprit","","","","","","","","","","","","","",0xFF01FE,0,0,0,0,0,0,0,
908,0,5,0,0,50,0,0,50,0,0,1,0,0,"","","+50 points de vie","","","","","","","","","","","","","",0xFF01FE,0,0,0,0,0,0,0,
909,0,3,0,0,0,0,0,0,0,0,13839,0,0,"","","+5 Herboristerie","","","","","","","","","","","","","",0xFF01FE,0,0,0,0,0,0,0,
910,0,3,0,0,0,0,0,0,0,0,13840,0,0,"","","Camouflage augmenté","","","","","","","","","","","","","",0xFF01FE,0,0,0,0,0,0,0,
911,0,3,0,0,0,0,0,0,0,0,13889,0,0,"","","Augmentation mineure de vitesse","","","","","","","","","","","","","",0xFF01FE,0,0,0,0,0,0,0,
912,0,1,0,0,0,0,0,0,0,0,13907,0,0,"","","Tueur de démon","","","","","","","","","","","","","",0xFF01FE,25,0,0,0,0,0,0,
913,0,5,0,0,65,0,0,65,0,0,0,0,0,"","","+65 points de mana","","","","","","","","","","","","","",0xFF01FE,0,0,0,0,0,0,0,
923,0,5,0,0,5,0,0,5,0,0,12,0,0,"","","+5 au score de défense","","","","","","","","","","","","","",0xFF01FE,0,0,0,0,0,0,0,
924,0,5,0,0,2,0,0,2,0,0,12,0,0,"","","+2 au score de défense","","","","","","","","","","","","","",0xFF01FE,0,0,0,0,0,0,0,
925,0,5,0,0,3,0,0,3,0,0,12,0,0,"","","+3 au score de défense","","","","","","","","","","","","","",0xFF01FE,0,0,0,0,0,0,0,
926,0,4,0,0,8,0,0,8,0,0,4,0,0,"","","+8 à la résistance au Givre","","","","","","","","","","","","","",0xFF01FE,0,0,0,0,0,0,0,
927,0,5,0,0,7,0,0,7,0,0,4,0,0,"","","+7 Force","","","","","","","","","","","","","",0xFF01FE,0,0,0,0,0,0,0,
928,0,3,0,0,0,0,0,0,0,0,13824,0,0,"","","+3 à toutes les caractéristiques","","","","","","","","","","","","","",0xFF01FE,0,0,0,0,0,0,0,
929,0,5,0,0,7,0,0,7,0,0,7,0,0,"","","+7 Endurance","","","","","","","","","","","","","",0xFF01FE,0,0,0,0,0,0,0,
930,0,3,0,0,0,0,0,0,0,0,13927,0,0,"","","+2% à la vitesse de la monture","","","","","","","","","","","","","",0xFF01FE,0,0,0,0,0,0,0,
931,0,5,0,0,10,0,0,10,0,0,36,0,0,"","","+10 au score de hâte","","","","","","","","","","","","","",0xFF01FE,0,0,0,0,0,0,0,
943,0,2,0,0,3,0,0,3,0,0,0,0,0,"","","+3 aux dégâts de l'arme","","","","","","","","","","","","","",0xFF01FE,42,0,0,0,0,0,0,
963,0,2,0,0,7,0,0,7,0,0,0,0,0,"","","+7 aux dégâts de l'arme","","","","","","","","","","","","","",0xFF01FE,2,0,0,0,0,0,0,
983,0,5,0,0,16,0,0,16,0,0,3,0,0,"","","+16 Agilité","","","","","","","","","","","","","",0xFF01FE,0,0,0,0,0,0,0,
1003,15,1,0,0,20,0,0,20,0,0,14795,0,0,"","","Poison de Peau-de-venin","","","","","","","","","","","","","",0xFF01FE,26,0,0,0,0,0,0,
1023,0,1,0,0,0,0,0,0,0,0,6347,0,0,"","","Réaction 1","","","","","","","","","","","","","",0xFF01FE,107,1,0,0,0,0,0,
1043,0,5,0,0,16,0,0,16,0,0,4,0,0,"","","+16 Force","","","","","","","","","","","","","",0xFF01FE,0,0,0,0,0,0,0,
1044,0,5,0,0,17,0,0,17,0,0,4,0,0,"","","+17 Force","","","","","","","","","","","","","",0xFF01FE,0,0,0,0,0,0,0,
1045,0,5,0,0,18,0,0,18,0,0,4,0,0,"","","+18 Force","","","","","","","","","","","","","",0xFF01FE,0,0,0,0,0,0,0,
1046,0,5,0,0,19,0,0,19,0,0,4,0,0,"","","+19 Force","","","","","","","","","","","","","",0xFF01FE,0,0,0,0,0,0,0,
1047,0,5,0,0,20,0,0,20,0,0,4,0,0,"","","+20 Force","","","","","","","","","","","","","",0xFF01FE,0,0,0,0,0,0,0,
1048,0,5,0,0,21,0,0,21,0,0,4,0,0,"","","+21 Force","","","","","","","","","","","","","",0xFF01FE,0,0,0,0,0,0,0,
1049,0,5,0,0,22,0,0,22,0,0,4,0,0,"","","+22 Force","","","","","","","","","","","","","",0xFF01FE,0,0,0,0,0,0,0,
1050,0,5,0,0,23,0,0,23,0,0,4,0,0,"","","+23 Force","","","","","","","","","","","","","",0xFF01FE,0,0,0,0,0,0,0,
1051,0,5,0,0,24,0,0,24,0,0,4,0,0,"","","+24 Force","","","","","","","","","","","","","",0xFF01FE,0,0,0,0,0,0,0,
1052,0,5,0,0,25,0,0,25,0,0,4,0,0,"","","+25 Force","","","","","","","","","","","","","",0xFF01FE,0,0,0,0,0,0,0,
1053,0,5,0,0,26,0,0,26,0,0,4,0,0,"","","+26 Force","","","","","","","","","","","","","",0xFF01FE,0,0,0,0,0,0,0,
1054,0,5,0,0,27,0,0,27,0,0,4,0,0,"","","+27 Force","","","","","","","","","","","","","",0xFF01FE,0,0,0,0,0,0,0,
1055,0,5,0,0,28,0,0,28,0,0,4,0,0,"","","+28 Force","","","","","","","","","","","","","",0xFF01FE,0,0,0,0,0,0,0,
1056,0,5,0,0,29,0,0,29,0,0,4,0,0,"","","+29 Force","","","","","","","","","","","","","",0xFF01FE,0,0,0,0,0,0,0,
1057,0,5,0,0,30,0,0,30,0,0,4,0,0,"","","+30 Force","","","","","","","","","","","","","",0xFF01FE,0,0,0,0,0,0,0,
1058,0,5,0,0,31,0,0,31,0,0,4,0,0,"","","+31 Force","","","","","","","","","","","","","",0xFF01FE,0,0,0,0,0,0,0,
1059,0,5,0,0,32,0,0,32,0,0,4,0,0,"","","+32 Force","","","","","","","","","","","","","",0xFF01FE,0,0,0,0,0,0,0,
1060,0,5,0,0,33,0,0,33,0,0,4,0,0,"","","+33 Force","","","","","","","","","","","","","",0xFF01FE,0,0,0,0,0,0,0,
1061,0,5,0,0,34,0,0,34,0,0,4,0,0,"","","+34 Force","","","","","","","","","","","","","",0xFF01FE,0,0,0,0,0,0,0,
1062,0,5,0,0,35,0,0,35,0,0,4,0,0,"","","+35 Force","","","","","","","","","","","","","",0xFF01FE,0,0,0,0,0,0,0,
1063,0,5,0,0,36,0,0,36,0,0,4,0,0,"","","+36 Force","","","","","","","","","","","","","",0xFF01FE,0,0,0,0,0,0,0,
1064,0,5,0,0,37,0,0,37,0,0,4,0,0,"","","+37 Force","","","","","","","","","","","","","",0xFF01FE,0,0,0,0,0,0,0,
1065,0,5,0,0,38,0,0,38,0,0,4,0,0,"","","+38 Force","","","","","","","","","","","","","",0xFF01FE,0,0,0,0,0,0,0,
1066,0,5,0,0,39,0,0,39,0,0,4,0,0,"","","+39 Force","","","","","","","","","","","","","",0xFF01FE,0,0,0,0,0,0,0,
1067,0,5,0,0,40,0,0,40,0,0,4,0,0,"","","+40 Force","","","","","","","","","","","","","",0xFF01FE,0,0,0,0,0,0,0,
1068,0,5,0,0,15,0,0,15,0,0,7,0,0,"","","+15 Endurance","","","","","","","","","","","","","",0xFF01FE,0,0,0,0,0,0,0,
1069,0,5,0,0,16,0,0,16,0,0,7,0,0,"","","+16 Endurance","","","","","","","","","","","","","",0xFF01FE,0,0,0,0,0,0,0,
1070,0,5,0,0,17,0,0,17,0,0,7,0,0,"","","+17 Endurance","","","","","","","","","","","","","",0xFF01FE,0,0,0,0,0,0,0,
1071,0,5,0,0,18,0,0,18,0,0,7,0,0,"","","+18 Endurance","","","","","","","","","","","","","",0xFF01FE,0,0,0,0,0,0,0,
1072,0,5,0,0,19,0,0,19,0,0,7,0,0,"","","+19 Endurance","","","","","","","","","","","","","",0xFF01FE,0,0,0,0,0,0,0,
1073,0,5,0,0,20,0,0,20,0,0,7,0,0,"","","+20 Endurance","","","","","","","","","","","","","",0xFF01FE,0,0,0,0,0,0,0,
1074,0,5,0,0,21,0,0,21,0,0,7,0,0,"","","+21 Endurance","","","","","","","","","","","","","",0xFF01FE,0,0,0,0,0,0,0,
1075,0,5,0,0,22,0,0,22,0,0,7,0,0,"","","+22 Endurance","","","","","","","","","","","","","",0xFF01FE,0,0,0,0,0,0,0,
1076,0,5,0,0,23,0,0,23,0,0,7,0,0,"","","+23 Endurance","","","","","","","","","","","","","",0xFF01FE,0,0,0,0,0,0,0,
1077,0,5,0,0,24,0,0,24,0,0,7,0,0,"","","+24 Endurance","","","","","","","","","","","","","",0xFF01FE,0,0,0,0,0,0,0,
1078,0,5,0,0,25,0,0,25,0,0,7,0,0,"","","+25 Endurance","","","","","","","","","","","","","",0xFF01FE,0,0,0,0,0,0,0,
1079,0,5,0,0,26,0,0,26,0,0,7,0,0,"","","+26 Endurance","","","","","","","","","","","","","",0xFF01FE,0,0,0,0,0,0,0,
1080,0,5,0,0,27,0,0,27,0,0,7,0,0,"","","+27 Endurance","","","","","","","","","","","","","",0xFF01FE,0,0,0,0,0,0,0,
1081,0,5,0,0,28,0,0,28,0,0,7,0,0,"","","+28 Endurance","","","","","","","","","","","","","",0xFF01FE,0,0,0,0,0,0,0,
1082,0,5,0,0,29,0,0,29,0,0,7,0,0,"","","+29 Endurance","","","","","","","","","","","","","",0xFF01FE,0,0,0,0,0,0,0,
1083,0,5,0,0,30,0,0,30,0,0,7,0,0,"","","+30 Endurance","","","","","","","","","","","","","",0xFF01FE,0,0,0,0,0,0,0,
1084,0,5,0,0,31,0,0,31,0,0,7,0,0,"","","+31 Endurance","","","","","","","","","","","","","",0xFF01FE,0,0,0,0,0,0,0,
1085,0,5,0,0,32,0,0,32,0,0,7,0,0,"","","+32 Endurance","","","","","","","","","","","","","",0xFF01FE,0,0,0,0,0,0,0,
1086,0,5,0,0,33,0,0,33,0,0,7,0,0,"","","+33 Endurance","","","","","","","","","","","","","",0xFF01FE,0,0,0,0,0,0,0,
1087,0,5,0,0,34,0,0,34,0,0,7,0,0,"","","+34 Endurance","","","","","","","","","","","","","",0xFF01FE,0,0,0,0,0,0,0,
1088,0,5,0,0,35,0,0,35,0,0,7,0,0,"","","+35 Endurance","","","","","","","","","","","","","",0xFF01FE,0,0,0,0,0,0,0,
1089,0,5,0,0,36,0,0,36,0,0,7,0,0,"","","+36 Endurance","","","","","","","","","","","","","",0xFF01FE,0,0,0,0,0,0,0,
1090,0,5,0,0,37,0,0,37,0,0,7,0,0,"","","+37 Endurance","","","","","","","","","","","","","",0xFF01FE,0,0,0,0,0,0,0,
1091,0,5,0,0,38,0,0,38,0,0,7,0,0,"","","+38 Endurance","","","","","","","","","","","","","",0xFF01FE,0,0,0,0,0,0,0,
1092,0,5,0,0,39,0,0,39,0,0,7,0,0,"","","+39 Endurance","","","","","","","","","","","","","",0xFF01FE,0,0,0,0,0,0,0,
1093,0,5,0,0,40,0,0,40,0,0,7,0,0,"","","+40 Endurance","","","","","","","","","","","","","",0xFF01FE,0,0,0,0,0,0,0,
1094,0,5,0,0,17,0,0,17,0,0,3,0,0,"","","+17 Agilité","","","","","","","","","","","","","",0xFF01FE,0,0,0,0,0,0,0,
1095,0,5,0,0,18,0,0,18,0,0,3,0,0,"","","+18 Agilité","","","","","","","","","","","","","",0xFF01FE,0,0,0,0,0,0,0,
1096,0,5,0,0,19,0,0,19,0,0,3,0,0,"","","+19 Agilité","","","","","","","","","","","","","",0xFF01FE,0,0,0,0,0,0,0,
1097,0,5,0,0,20,0,0,20,0,0,3,0,0,"","","+20 Agilité","","","","","","","","","","","","","",0xFF01FE,0,0,0,0,0,0,0,
1098,0,5,0,0,21,0,0,21,0,0,3,0,0,"","","+21 Agilité","","","","","","","","","","","","","",0xFF01FE,0,0,0,0,0,0,0,
1099,0,5,0,0,22,0,0,22,0,0,3,0,0,"","","+22 Agilité","","","","","","","","","","","","","",0xFF01FE,0,0,0,0,0,0,0,
1100,0,5,0,0,23,0,0,23,0,0,3,0,0,"","","+23 Agilité","","","","","","","","","","","","","",0xFF01FE,0,0,0,0,0,0,0,
1101,0,5,0,0,24,0,0,24,0,0,3,0,0,"","","+24 Agilité","","","","","","","","","","","","","",0xFF01FE,0,0,0,0,0,0,0,
1102,0,5,0,0,25,0,0,25,0,0,3,0,0,"","","+25 Agilité","","","","","","","","","","","","","",0xFF01FE,0,0,0,0,0,0,0,
1103,0,5,0,0,26,0,0,26,0,0,3,0,0,"","","+26 Agilité","","","","","","","","","","","","","",0xFF01FE,125,0,0,0,0,0,0,
1104,0,5,0,0,27,0,0,27,0,0,3,0,0,"","","+27 Agilité","","","","","","","","","","","","","",0xFF01FE,0,0,0,0,0,0,0,
1105,0,5,0,0,28,0,0,28,0,0,3,0,0,"","","+28 Agilité","","","","","","","","","","","","","",0xFF01FE,0,0,0,0,0,0,0,
1106,0,5,0,0,29,0,0,29,0,0,3,0,0,"","","+29 Agilité","","","","","","","","","","","","","",0xFF01FE,0,0,0,0,0,0,0,
1107,0,5,0,0,30,0,0,30,0,0,3,0,0,"","","+30 Agilité","","","","","","","","","","","","","",0xFF01FE,0,0,0,0,0,0,0,
1108,0,5,0,0,31,0,0,31,0,0,3,0,0,"","","+31 Agilité","","","","","","","","","","","","","",0xFF01FE,0,0,0,0,0,0,0,
1109,0,5,0,0,32,0,0,32,0,0,3,0,0,"","","+32 Agilité","","","","","","","","","","","","","",0xFF01FE,0,0,0,0,0,0,0,
1110,0,5,0,0,33,0,0,33,0,0,3,0,0,"","","+33 Agilité","","","","","","","","","","","","","",0xFF01FE,0,0,0,0,0,0,0,
1111,0,5,0,0,34,0,0,34,0,0,3,0,0,"","","+34 Agilité","","","","","","","","","","","","","",0xFF01FE,0,0,0,0,0,0,0,
1112,0,5,0,0,35,0,0,35,0,0,3,0,0,"","","+35 Agilité","","","","","","","","","","","","","",0xFF01FE,0,0,0,0,0,0,0,
1113,0,5,0,0,36,0,0,36,0,0,3,0,0,"","","+36 Agilité","","","","","","","","","","","","","",0xFF01FE,0,0,0,0,0,0,0,
1114,0,5,0,0,37,0,0,37,0,0,3,0,0,"","","+37 Agilité","","","","","","","","","","","","","",0xFF01FE,0,0,0,0,0,0,0,
1115,0,5,0,0,38,0,0,38,0,0,3,0,0,"","","+38 Agilité","","","","","","","","","","","","","",0xFF01FE,0,0,0,0,0,0,0,
1116,0,5,0,0,39,0,0,39,0,0,3,0,0,"","","+39 Agilité","","","","","","","","","","","","","",0xFF01FE,0,0,0,0,0,0,0,
1117,0,5,0,0,40,0,0,40,0,0,3,0,0,"","","+40 Agilité","","","","","","","","","","","","","",0xFF01FE,0,0,0,0,0,0,0,
1118,0,5,0,0,15,0,0,15,0,0,5,0,0,"","","+15 Intelligence","","","","","","","","","","","","","",0xFF01FE,0,0,0,0,0,0,0,
1119,0,5,0,0,16,0,0,16,0,0,5,0,0,"","","+16 Intelligence","","","","","","","","","","","","","",0xFF01FE,0,0,0,0,0,0,0,
1120,0,5,0,0,17,0,0,17,0,0,5,0,0,"","","+17 Intelligence","","","","","","","","","","","","","",0xFF01FE,0,0,0,0,0,0,0,
1121,0,5,0,0,18,0,0,18,0,0,5,0,0,"","","+18 Intelligence","","","","","","","","","","","","","",0xFF01FE,0,0,0,0,0,0,0,
1122,0,5,0,0,19,0,0,19,0,0,5,0,0,"","","+19 Intelligence","","","","","","","","","","","","","",0xFF01FE,0,0,0,0,0,0,0,
1123,0,5,0,0,20,0,0,20,0,0,5,0,0,"","","+20 Intelligence","","","","","","","","","","","","","",0xFF01FE,0,0,0,0,0,0,0,
1124,0,5,0,0,21,0,0,21,0,0,5,0,0,"","","+21 Intelligence","","","","","","","","","","","","","",0xFF01FE,0,0,0,0,0,0,0,
1125,0,5,0,0,22,0,0,22,0,0,5,0,0,"","","+22 Intelligence","","","","","","","","","","","","","",0xFF01FE,0,0,0,0,0,0,0,
1126,0,5,0,0,23,0,0,23,0,0,5,0,0,"","","+23 Intelligence","","","","","","","","","","","","","",0xFF01FE,0,0,0,0,0,0,0,
1127,0,5,0,0,24,0,0,24,0,0,5,0,0,"","","+24 Intelligence","","","","","","","","","","","","","",0xFF01FE,0,0,0,0,0,0,0,
1128,0,5,0,0,25,0,0,25,0,0,5,0,0,"","","+25 Intelligence","","","","","","","","","","","","","",0xFF01FE,0,0,0,0,0,0,0,
1129,0,5,0,0,26,0,0,26,0,0,5,0,0,"","","+26 Intelligence","","","","","","","","","","","","","",0xFF01FE,0,0,0,0,0,0,0,
1130,0,5,0,0,27,0,0,27,0,0,5,0,0,"","","+27 Intelligence","","","","","","","","","","","","","",0xFF01FE,0,0,0,0,0,0,0,
1131,0,5,0,0,28,0,0,28,0,0,5,0,0,"","","+28 Intelligence","","","","","","","","","","","","","",0xFF01FE,0,0,0,0,0,0,0,
1132,0,5,0,0,29,0,0,29,0,0,5,0,0,"","","+29 Intelligence","","","","","","","","","","","","","",0xFF01FE,0,0,0,0,0,0,0,
1133,0,5,0,0,30,0,0,30,0,0,5,0,0,"","","+30 Intelligence","","","","","","","","","","","","","",0xFF01FE,0,0,0,0,0,0,0,
1134,0,5,0,0,31,0,0,31,0,0,5,0,0,"","","+31 Intelligence","","","","","","","","","","","","","",0xFF01FE,0,0,0,0,0,0,0,
1135,0,5,0,0,32,0,0,32,0,0,5,0,0,"","","+32 Intelligence","","","","","","","","","","","","","",0xFF01FE,0,0,0,0,0,0,0,
1136,0,5,0,0,33,0,0,33,0,0,5,0,0,"","","+33 Intelligence","","","","","","","","","","","","","",0xFF01FE,0,0,0,0,0,0,0,
1137,0,5,0,0,34,0,0,34,0,0,5,0,0,"","","+34 Intelligence","","","","","","","","","","","","","",0xFF01FE,0,0,0,0,0,0,0,
1138,0,5,0,0,35,0,0,35,0,0,5,0,0,"","","+35 Intelligence","","","","","","","","","","","","","",0xFF01FE,0,0,0,0,0,0,0,
1139,0,5,0,0,36,0,0,36,0,0,5,0,0,"","","+36 Intelligence","","","","","","","","","","","","","",0xFF01FE,0,0,0,0,0,0,0,
1140,0,5,0,0,37,0,0,37,0,0,5,0,0,"","","+37 Intelligence","","","","","","","","","","","","","",0xFF01FE,0,0,0,0,0,0,0,
1141,0,5,0,0,38,0,0,38,0,0,5,0,0,"","","+38 Intelligence","","","","","","","","","","","","","",0xFF01FE,0,0,0,0,0,0,0,
1142,0,5,0,0,39,0,0,39,0,0,5,0,0,"","","+39 Intelligence","","","","","","","","","","","","","",0xFF01FE,0,0,0,0,0,0,0,
1143,0,5,0,0,40,0,0,40,0,0,5,0,0,"","","+40 Intelligence","","","","","","","","","","","","","",0xFF01FE,0,0,0,0,0,0,0,
1144,0,5,0,0,15,0,0,15,0,0,6,0,0,"","","+15 Esprit","","","","","","","","","","","","","",0xFF01FE,0,0,0,0,0,0,0,
1145,0,5,0,0,16,0,0,16,0,0,6,0,0,"","","+16 Esprit","","","","","","","","","","","","","",0xFF01FE,0,0,0,0,0,0,0,
1146,0,5,0,0,17,0,0,17,0,0,6,0,0,"","","+17 Esprit","","","","","","","","","","","","","",0xFF01FE,0,0,0,0,0,0,0,
1147,0,5,0,0,18,0,0,18,0,0,6,0,0,"","","+18 Esprit","","","","","","","","","","","","","",0xFF01FE,0,0,0,0,0,0,0,
1148,0,5,0,0,19,0,0,19,0,0,6,0,0,"","","+19 Esprit","","","","","","","","","","","","","",0xFF01FE,0,0,0,0,0,0,0,
1149,0,5,0,0,20,0,0,20,0,0,6,0,0,"","","+20 Esprit","","","","","","","","","","","","","",0xFF01FE,0,0,0,0,0,0,0,
1150,0,5,0,0,21,0,0,21,0,0,6,0,0,"","","+21 Esprit","","","","","","","","","","","","","",0xFF01FE,0,0,0,0,0,0,0,
1151,0,5,0,0,22,0,0,22,0,0,6,0,0,"","","+22 Esprit","","","","","","","","","","","","","",0xFF01FE,0,0,0,0,0,0,0,
1152,0,5,0,0,23,0,0,23,0,0,6,0,0,"","","+23 Esprit","","","","","","","","","","","","","",0xFF01FE,0,0,0,0,0,0,0,
1153,0,5,0,0,24,0,0,24,0,0,6,0,0,"","","+24 Esprit","","","","","","","","","","","","","",0xFF01FE,0,0,0,0,0,0,0,
1154,0,5,0,0,25,0,0,25,0,0,6,0,0,"","","+25 Esprit","","","","","","","","","","","","","",0xFF01FE,0,0,0,0,0,0,0,
1155,0,5,0,0,26,0,0,26,0,0,6,0,0,"","","+26 Esprit","","","","","","","","","","","","","",0xFF01FE,0,0,0,0,0,0,0,
1156,0,5,0,0,27,0,0,27,0,0,6,0,0,"","","+27 Esprit","","","","","","","","","","","","","",0xFF01FE,0,0,0,0,0,0,0,
1157,0,5,0,0,28,0,0,28,0,0,6,0,0,"","","+28 Esprit","","","","","","","","","","","","","",0xFF01FE,0,0,0,0,0,0,0,
1158,0,5,0,0,29,0,0,29,0,0,6,0,0,"","","+29 Esprit","","","","","","","","","","","","","",0xFF01FE,0,0,0,0,0,0,0,
1159,0,5,0,0,30,0,0,30,0,0,6,0,0,"","","+30 Esprit","","","","","","","","","","","","","",0xFF01FE,0,0,0,0,0,0,0,
1160,0,5,0,0,31,0,0,31,0,0,6,0,0,"","","+31 Esprit","","","","","","","","","","","","","",0xFF01FE,0,0,0,0,0,0,0,
1161,0,5,0,0,32,0,0,32,0,0,6,0,0,"","","+32 Esprit","","","","","","","","","","","","","",0xFF01FE,0,0,0,0,0,0,0,
1162,0,5,0,0,33,0,0,33,0,0,6,0,0,"","","+33 Esprit","","","","","","","","","","","","","",0xFF01FE,0,0,0,0,0,0,0,
1163,0,5,0,0,34,0,0,34,0,0,6,0,0,"","","+34 Esprit","","","","","","","","","","","","","",0xFF01FE,0,0,0,0,0,0,0,
1164,0,5,0,0,36,0,0,36,0,0,6,0,0,"","","+36 Esprit","","","","","","","","","","","","","",0xFF01FE,0,0,0,0,0,0,0,
1165,0,5,0,0,37,0,0,37,0,0,6,0,0,"","","+37 Esprit","","","","","","","","","","","","","",0xFF01FE,0,0,0,0,0,0,0,
1166,0,5,0,0,38,0,0,38,0,0,6,0,0,"","","+38 Esprit","","","","","","","","","","","","","",0xFF01FE,0,0,0,0,0,0,0,
1167,0,5,0,0,39,0,0,39,0,0,6,0,0,"","","+39 Esprit","","","","","","","","","","","","","",0xFF01FE,0,0,0,0,0,0,0,
1168,0,5,0,0,40,0,0,40,0,0,6,0,0,"","","+40 Esprit","","","","","","","","","","","","","",0xFF01FE,0,0,0,0,0,0,0,
1183,0,5,0,0,35,0,0,35,0,0,6,0,0,"","","+35 Esprit","","","","","","","","","","","","","",0xFF01FE,0,0,0,0,0,0,0,
1203,0,5,0,0,41,0,0,41,0,0,4,0,0,"","","+41 Force","","","","","","","","","","","","","",0xFF01FE,0,0,0,0,0,0,0,
1204,0,5,0,0,42,0,0,42,0,0,4,0,0,"","","+42 Force","","","","","","","","","","","","","",0xFF01FE,0,0,0,0,0,0,0,
1205,0,5,0,0,43,0,0,43,0,0,4,0,0,"","","+43 Force","","","","","","","","","","","","","",0xFF01FE,0,0,0,0,0,0,0,
1206,0,5,0,0,44,0,0,44,0,0,4,0,0,"","","+44 Force","","","","","","","","","","","","","",0xFF01FE,0,0,0,0,0,0,0,
1207,0,5,0,0,45,0,0,45,0,0,4,0,0,"","","+45 Force","","","","","","","","","","","","","",0xFF01FE,0,0,0,0,0,0,0,
1208,0,5,0,0,46,0,0,46,0,0,4,0,0,"","","+46 Force","","","","","","","","","","","","","",0xFF01FE,0,0,0,0,0,0,0,
1209,0,5,0,0,41,0,0,41,0,0,7,0,0,"","","+41 Endurance","","","","","","","","","","","","","",0xFF01FE,0,0,0,0,0,0,0,
1210,0,5,0,0,42,0,0,42,0,0,7,0,0,"","","+42 Endurance","","","","","","","","","","","","","",0xFF01FE,0,0,0,0,0,0,0,
1211,0,5,0,0,43,0,0,43,0,0,7,0,0,"","","+43 Endurance","","","","","","","","","","","","","",0xFF01FE,0,0,0,0,0,0,0,
1212,0,5,0,0,44,0,0,44,0,0,7,0,0,"","","+44 Endurance","","","","","","","","","","","","","",0xFF01FE,0,0,0,0,0,0,0,
1213,0,5,0,0,45,0,0,45,0,0,7,0,0,"","","+45 Endurance","","","","","","","","","","","","","",0xFF01FE,0,0,0,0,0,0,0,
1214,0,5,0,0,46,0,0,46,0,0,7,0,0,"","","+46 Endurance","","","","","","","","","","","","","",0xFF01FE,0,0,0,0,0,0,0,
1215,0,5,0,0,41,0,0,41,0,0,3,0,0,"","","+41 Agilité","","","","","","","","","","","","","",0xFF01FE,0,0,0,0,0,0,0,
1216,0,5,0,0,42,0,0,42,0,0,3,0,0,"","","+42 Agilité","","","","","","","","","","","","","",0xFF01FE,0,0,0,0,0,0,0,
1217,0,5,0,0,43,0,0,43,0,0,3,0,0,"","","+43 Agilité","","","","","","","","","","","","","",0xFF01FE,0,0,0,0,0,0,0,
1218,0,5,0,0,44,0,0,44,0,0,3,0,0,"","","+44 Agilité","","","","","","","","","","","","","",0xFF01FE,0,0,0,0,0,0,0,
1219,0,5,0,0,45,0,0,45,0,0,3,0,0,"","","+45 Agilité","","","","","","","","","","","","","",0xFF01FE,0,0,0,0,0,0,0,
1220,0,5,0,0,46,0,0,46,0,0,3,0,0,"","","+46 Agilité","","","","","","","","","","","","","",0xFF01FE,0,0,0,0,0,0,0,
1221,0,5,0,0,41,0,0,41,0,0,5,0,0,"","","+41 Intelligence","","","","","","","","","","","","","",0xFF01FE,0,0,0,0,0,0,0,
1222,0,5,0,0,42,0,0,42,0,0,5,0,0,"","","+42 Intelligence","","","","","","","","","","","","","",0xFF01FE,0,0,0,0,0,0,0,
1223,0,5,0,0,43,0,0,43,0,0,5,0,0,"","","+43 Intelligence","","","","","","","","","","","","","",0xFF01FE,0,0,0,0,0,0,0,
1224,0,5,0,0,44,0,0,44,0,0,5,0,0,"","","+44 Intelligence","","","","","","","","","","","","","",0xFF01FE,0,0,0,0,0,0,0,
1225,0,5,0,0,45,0,0,45,0,0,5,0,0,"","","+45 Intelligence","","","","","","","","","","","","","",0xFF01FE,0,0,0,0,0,0,0,
1226,0,5,0,0,46,0,0,46,0,0,5,0,0,"","","+46 Intelligence","","","","","","","","","","","","","",0xFF01FE,0,0,0,0,0,0,0,
1227,0,5,0,0,41,0,0,41,0,0,6,0,0,"","","+41 Esprit","","","","","","","","","","","","","",0xFF01FE,0,0,0,0,0,0,0,
1228,0,5,0,0,42,0,0,42,0,0,6,0,0,"","","+42 Esprit","","","","","","","","","","","","","",0xFF01FE,0,0,0,0,0,0,0,
1229,0,5,0,0,43,0,0,43,0,0,6,0,0,"","","+43 Esprit","","","","","","","","","","","","","",0xFF01FE,0,0,0,0,0,0,0,
1230,0,5,0,0,44,0,0,44,0,0,6,0,0,"","","+44 Esprit","","","","","","","","","","","","","",0xFF01FE,0,0,0,0,0,0,0,
1231,0,5,0,0,45,0,0,45,0,0,6,0,0,"","","+45 Esprit","","","","","","","","","","","","","",0xFF01FE,0,0,0,0,0,0,0,
1232,0,5,0,0,46,0,0,46,0,0,6,0,0,"","","+46 Esprit","","","","","","","","","","","","","",0xFF01FE,0,0,0,0,0,0,0,
1243,0,4,0,0,1,0,0,1,0,0,6,0,0,"","","+1 à la résistance aux Arcanes","","","","","","","","","","","","","",0xFF01FE,0,0,0,0,0,0,0,
1244,0,4,0,0,2,0,0,2,0,0,6,0,0,"","","+2 à la résistance aux Arcanes","","","","","","","","","","","","","",0xFF01FE,0,0,0,0,0,0,0,
1245,0,4,0,0,3,0,0,3,0,0,6,0,0,"","","+3 à la résistance aux Arcanes","","","","","","","","","","","","","",0xFF01FE,0,0,0,0,0,0,0,
1246,0,4,0,0,4,0,0,4,0,0,6,0,0,"","","+4 à la résistance aux Arcanes","","","","","","","","","","","","","",0xFF01FE,0,0,0,0,0,0,0,
1247,0,4,0,0,5,0,0,5,0,0,6,0,0,"","","+5 à la résistance aux Arcanes","","","","","","","","","","","","","",0xFF01FE,0,0,0,0,0,0,0,
1248,0,4,0,0,6,0,0,6,0,0,6,0,0,"","","+6 à la résistance aux Arcanes","","","","","","","","","","","","","",0xFF01FE,0,0,0,0,0,0,0,
1249,0,4,0,0,7,0,0,7,0,0,6,0,0,"","","+7 à la résistance aux Arcanes","","","","","","","","","","","","","",0xFF01FE,0,0,0,0,0,0,0,
1250,0,4,0,0,8,0,0,8,0,0,6,0,0,"","","+8 à la résistance aux Arcanes","","","","","","","","","","","","","",0xFF01FE,0,0,0,0,0,0,0,
1251,0,4,0,0,9,0,0,9,0,0,6,0,0,"","","+9 à la résistance aux Arcanes","","","","","","","","","","","","","",0xFF01FE,0,0,0,0,0,0,0,
1252,0,4,0,0,10,0,0,10,0,0,6,0,0,"","","+10 à la résistance aux Arcanes","","","","","","","","","","","","","",0xFF01FE,0,0,0,0,0,0,0,
1253,0,4,0,0,11,0,0,11,0,0,6,0,0,"","","+11 à la résistance aux Arcanes","","","","","","","","","","","","","",0xFF01FE,0,0,0,0,0,0,0,
1254,0,4,0,0,12,0,0,12,0,0,6,0,0,"","","+12 à la résistance aux Arcanes","","","","","","","","","","","","","",0xFF01FE,0,0,0,0,0,0,0,
1255,0,4,0,0,13,0,0,13,0,0,6,0,0,"","","+13 à la résistance aux Arcanes","","","","","","","","","","","","","",0xFF01FE,0,0,0,0,0,0,0,
1256,0,4,0,0,14,0,0,14,0,0,6,0,0,"","","+14 à la résistance aux Arcanes","","","","","","","","","","","","","",0xFF01FE,0,0,0,0,0,0,0,
1257,0,4,0,0,15,0,0,15,0,0,6,0,0,"","","+15 à la résistance aux Arcanes","","","","","","","","","","","","","",0xFF01FE,0,0,0,0,0,0,0,
1258,0,4,0,0,16,0,0,16,0,0,6,0,0,"","","+16 à la résistance aux Arcanes","","","","","","","","","","","","","",0xFF01FE,0,0,0,0,0,0,0,
1259,0,4,0,0,17,0,0,17,0,0,6,0,0,"","","+17 à la résistance aux Arcanes","","","","","","","","","","","","","",0xFF01FE,0,0,0,0,0,0,0,
1260,0,4,0,0,18,0,0,18,0,0,6,0,0,"","","+18 à la résistance aux Arcanes","","","","","","","","","","","","","",0xFF01FE,0,0,0,0,0,0,0,
1261,0,4,0,0,19,0,0,19,0,0,6,0,0,"","","+19 à la résistance aux Arcanes","","","","","","","","","","","","","",0xFF01FE,0,0,0,0,0,0,0,
1262,0,4,0,0,20,0,0,20,0,0,6,0,0,"","","+20 à la résistance aux Arcanes","","","","","","","","","","","","","",0xFF01FE,0,0,0,0,0,0,0,
1263,0,4,0,0,21,0,0,21,0,0,6,0,0,"","","+21 à la résistance aux Arcanes","","","","","","","","","","","","","",0xFF01FE,0,0,0,0,0,0,0,
1264,0,4,0,0,22,0,0,22,0,0,6,0,0,"","","+22 à la résistance aux Arcanes","","","","","","","","","","","","","",0xFF01FE,0,0,0,0,0,0,0,
1265,0,4,0,0,23,0,0,23,0,0,6,0,0,"","","+23 à la résistance aux Arcanes","","","","","","","","","","","","","",0xFF01FE,0,0,0,0,0,0,0,
1266,0,4,0,0,24,0,0,24,0,0,6,0,0,"","","+24 à la résistance aux Arcanes","","","","","","","","","","","","","",0xFF01FE,0,0,0,0,0,0,0,
1267,0,4,0,0,25,0,0,25,0,0,6,0,0,"","","+25 à la résistance aux Arcanes","","","","","","","","","","","","","",0xFF01FE,0,0,0,0,0,0,0,
1268,0,4,0,0,26,0,0,26,0,0,6,0,0,"","","+26 à la résistance aux Arcanes","","","","","","","","","","","","","",0xFF01FE,0,0,0,0,0,0,0,
1269,0,4,0,0,27,0,0,27,0,0,6,0,0,"","","+27 à la résistance aux Arcanes","","","","","","","","","","","","","",0xFF01FE,0,0,0,0,0,0,0,
1270,0,4,0,0,28,0,0,28,0,0,6,0,0,"","","+28 à la résistance aux Arcanes","","","","","","","","","","","","","",0xFF01FE,0,0,0,0,0,0,0,
1271,0,4,0,0,29,0,0,29,0,0,6,0,0,"","","+29 à la résistance aux Arcanes","","","","","","","","","","","","","",0xFF01FE,0,0,0,0,0,0,0,
1272,0,4,0,0,30,0,0,30,0,0,6,0,0,"","","+30 à la résistance aux Arcanes","","","","","","","","","","","","","",0xFF01FE,0,0,0,0,0,0,0,
1273,0,4,0,0,31,0,0,31,0,0,6,0,0,"","","+31 à la résistance aux arcanes","","","","","","","","","","","","","",0xFF01FE,0,0,0,0,0,0,0,
1274,0,4,0,0,32,0,0,32,0,0,6,0,0,"","","+32 à la résistance aux Arcanes","","","","","","","","","","","","","",0xFF01FE,0,0,0,0,0,0,0,
1275,0,4,0,0,33,0,0,33,0,0,6,0,0,"","","+33 à la résistance aux arcanes","","","","","","","","","","","","","",0xFF01FE,0,0,0,0,0,0,0,
1276,0,4,0,0,34,0,0,34,0,0,6,0,0,"","","+34 à la résistance aux Arcanes","","","","","","","","","","","","","",0xFF01FE,0,0,0,0,0,0,0,
1277,0,4,0,0,35,0,0,35,0,0,6,0,0,"","","+35 à la résistance aux Arcanes","","","","","","","","","","","","","",0xFF01FE,0,0,0,0,0,0,0,
1278,0,4,0,0,36,0,0,36,0,0,6,0,0,"","","+36 à la résistance aux Arcanes","","","","","","","","","","","","","",0xFF01FE,0,0,0,0,0,0,0,
1279,0,4,0,0,37,0,0,37,0,0,6,0,0,"","","+37 à la résistance aux Arcanes","","","","","","","","","","","","","",0xFF01FE,0,0,0,0,0,0,0,
1280,0,4,0,0,38,0,0,38,0,0,6,0,0,"","","+38 à la résistance aux Arcanes","","","","","","","","","","","","","",0xFF01FE,0,0,0,0,0,0,0,
1281,0,4,0,0,39,0,0,39,0,0,6,0,0,"","","+39 à la résistance aux Arcanes","","","","","","","","","","","","","",0xFF01FE,0,0,0,0,0,0,0,
1282,0,4,0,0,40,0,0,40,0,0,6,0,0,"","","+40 à la résistance aux Arcanes","","","","","","","","","","","","","",0xFF01FE,0,0,0,0,0,0,0,
1283,0,4,0,0,41,0,0,41,0,0,6,0,0,"","","+41 à la résistance aux Arcanes","","","","","","","","","","","","","",0xFF01FE,0,0,0,0,0,0,0,
1284,0,4,0,0,42,0,0,42,0,0,6,0,0,"","","+42 à la résistance aux Arcanes","","","","","","","","","","","","","",0xFF01FE,0,0,0,0,0,0,0,
1285,0,4,0,0,43,0,0,43,0,0,6,0,0,"","","+43 à la résistance aux Arcanes","","","","","","","","","","","","","",0xFF01FE,0,0,0,0,0,0,0,
1286,0,4,0,0,44,0,0,44,0,0,6,0,0,"","","+44 à la résistance aux Arcanes","","","","","","","","","","","","","",0xFF01FE,0,0,0,0,0,0,0,
1287,0,4,0,0,45,0,0,45,0,0,6,0,0,"","","+45 à la résistance aux Arcanes","","","","","","","","","","","","","",0xFF01FE,0,0,0,0,0,0,0,
1288,0,4,0,0,46,0,0,46,0,0,6,0,0,"","","+46 à la résistance aux Arcanes","","","","","","","","","","","","","",0xFF01FE,0,0,0,0,0,0,0,
1289,0,4,0,0,1,0,0,1,0,0,4,0,0,"","","+1 à la résistance au Givre","","","","","","","","","","","","","",0xFF01FE,0,0,0,0,0,0,0,
1290,0,4,0,0,2,0,0,2,0,0,4,0,0,"","","+2 à la résistance au Givre","","","","","","","","","","","","","",0xFF01FE,0,0,0,0,0,0,0,
1291,0,4,0,0,3,0,0,3,0,0,4,0,0,"","","+3 à la résistance au Givre","","","","","","","","","","","","","",0xFF01FE,0,0,0,0,0,0,0,
1292,0,4,0,0,4,0,0,4,0,0,4,0,0,"","","+4 à la résistance au Givre","","","","","","","","","","","","","",0xFF01FE,0,0,0,0,0,0,0,
1293,0,4,0,0,5,0,0,5,0,0,4,0,0,"","","+5 à la résistance au Givre","","","","","","","","","","","","","",0xFF01FE,0,0,0,0,0,0,0,
1294,0,4,0,0,6,0,0,6,0,0,4,0,0,"","","+6 à la résistance au Givre","","","","","","","","","","","","","",0xFF01FE,0,0,0,0,0,0,0,
1295,0,4,0,0,7,0,0,7,0,0,4,0,0,"","","+7 à la résistance au Givre","","","","","","","","","","","","","",0xFF01FE,0,0,0,0,0,0,0,
1296,0,4,0,0,8,0,0,8,0,0,4,0,0,"","","+8 à la résistance au Givre","","","","","","","","","","","","","",0xFF01FE,0,0,0,0,0,0,0,
1297,0,4,0,0,9,0,0,9,0,0,4,0,0,"","","+9 à la résistance au Givre","","","","","","","","","","","","","",0xFF01FE,0,0,0,0,0,0,0,
1298,0,4,0,0,10,0,0,10,0,0,4,0,0,"","","+10 à la résistance au Givre","","","","","","","","","","","","","",0xFF01FE,0,0,0,0,0,0,0,
1299,0,4,0,0,11,0,0,11,0,0,4,0,0,"","","+11 à la résistance au Givre","","","","","","","","","","","","","",0xFF01FE,0,0,0,0,0,0,0,
1300,0,4,0,0,12,0,0,12,0,0,4,0,0,"","","+12 à la résistance au Givre","","","","","","","","","","","","","",0xFF01FE,0,0,0,0,0,0,0,
1301,0,4,0,0,13,0,0,13,0,0,4,0,0,"","","+13 à la résistance au Givre","","","","","","","","","","","","","",0xFF01FE,0,0,0,0,0,0,0,
1302,0,4,0,0,14,0,0,14,0,0,4,0,0,"","","+14 à la résistance au Givre","","","","","","","","","","","","","",0xFF01FE,0,0,0,0,0,0,0,
1303,0,4,0,0,15,0,0,15,0,0,4,0,0,"","","+15 à la résistance au Givre","","","","","","","","","","","","","",0xFF01FE,0,0,0,0,0,0,0,
1304,0,4,0,0,16,0,0,16,0,0,4,0,0,"","","+16 à la résistance au Givre","","","","","","","","","","","","","",0xFF01FE,0,0,0,0,0,0,0,
1305,0,4,0,0,17,0,0,17,0,0,4,0,0,"","","+17 à la résistance au Givre","","","","","","","","","","","","","",0xFF01FE,0,0,0,0,0,0,0,
1306,0,4,0,0,18,0,0,18,0,0,4,0,0,"","","+18 à la résistance au Givre","","","","","","","","","","","","","",0xFF01FE,0,0,0,0,0,0,0,
1307,0,4,0,0,19,0,0,19,0,0,4,0,0,"","","+19 à la résistance au Givre","","","","","","","","","","","","","",0xFF01FE,0,0,0,0,0,0,0,
1308,0,4,0,0,20,0,0,20,0,0,4,0,0,"","","+20 à la résistance au Givre","","","","","","","","","","","","","",0xFF01FE,0,0,0,0,0,0,0,
1309,0,4,0,0,21,0,0,21,0,0,4,0,0,"","","+21 à la résistance au Givre","","","","","","","","","","","","","",0xFF01FE,0,0,0,0,0,0,0,
1310,0,4,0,0,22,0,0,22,0,0,4,0,0,"","","+22 à la résistance au Givre","","","","","","","","","","","","","",0xFF01FE,0,0,0,0,0,0,0,
1311,0,4,0,0,23,0,0,23,0,0,4,0,0,"","","+23 à la résistance au Givre","","","","","","","","","","","","","",0xFF01FE,0,0,0,0,0,0,0,
1312,0,4,0,0,24,0,0,24,0,0,4,0,0,"","","+24 à la résistance au Givre","","","","","","","","","","","","","",0xFF01FE,0,0,0,0,0,0,0,
1313,0,4,0,0,25,0,0,25,0,0,4,0,0,"","","+25 à la résistance au Givre","","","","","","","","","","","","","",0xFF01FE,0,0,0,0,0,0,0,
1314,0,4,0,0,26,0,0,26,0,0,4,0,0,"","","+26 à la résistance au Givre","","","","","","","","","","","","","",0xFF01FE,0,0,0,0,0,0,0,
1315,0,4,0,0,27,0,0,27,0,0,4,0,0,"","","+27 à la résistance au Givre","","","","","","","","","","","","","",0xFF01FE,0,0,0,0,0,0,0,
1316,0,4,0,0,28,0,0,28,0,0,4,0,0,"","","+28 à la résistance au Givre","","","","","","","","","","","","","",0xFF01FE,0,0,0,0,0,0,0,
1317,0,4,0,0,29,0,0,29,0,0,4,0,0,"","","+29 à la résistance au Givre","","","","","","","","","","","","","",0xFF01FE,0,0,0,0,0,0,0,
1318,0,4,0,0,30,0,0,30,0,0,4,0,0,"","","+30 à la résistance au Givre","","","","","","","","","","","","","",0xFF01FE,0,0,0,0,0,0,0,
1319,0,4,0,0,31,0,0,31,0,0,4,0,0,"","","+31 à la résistance au Givre","","","","","","","","","","","","","",0xFF01FE,0,0,0,0,0,0,0,
1320,0,4,0,0,32,0,0,32,0,0,4,0,0,"","","+32 à la résistance au Givre","","","","","","","","","","","","","",0xFF01FE,0,0,0,0,0,0,0,
1321,0,4,0,0,33,0,0,33,0,0,4,0,0,"","","+33 à la résistance au Givre","","","","","","","","","","","","","",0xFF01FE,0,0,0,0,0,0,0,
1322,0,4,0,0,34,0,0,34,0,0,4,0,0,"","","+34 à la résistance au Givre","","","","","","","","","","","","","",0xFF01FE,0,0,0,0,0,0,0,
1323,0,4,0,0,35,0,0,35,0,0,4,0,0,"","","+35 à la résistance au Givre","","","","","","","","","","","","","",0xFF01FE,0,0,0,0,0,0,0,
1324,0,4,0,0,36,0,0,36,0,0,4,0,0,"","","+36 à la résistance au Givre","","","","","","","","","","","","","",0xFF01FE,0,0,0,0,0,0,0,
1325,0,4,0,0,37,0,0,37,0,0,4,0,0,"","","+37 à la résistance au Givre","","","","","","","","","","","","","",0xFF01FE,0,0,0,0,0,0,0,
1326,0,4,0,0,38,0,0,38,0,0,4,0,0,"","","+38 à la résistance au Givre","","","","","","","","","","","","","",0xFF01FE,0,0,0,0,0,0,0,
1327,0,4,0,0,39,0,0,39,0,0,4,0,0,"","","+39 à la résistance au Givre","","","","","","","","","","","","","",0xFF01FE,0,0,0,0,0,0,0,
1328,0,4,0,0,40,0,0,40,0,0,4,0,0,"","","+40 à la résistance au Givre","","","","","","","","","","","","","",0xFF01FE,0,0,0,0,0,0,0,
1329,0,4,0,0,41,0,0,41,0,0,4,0,0,"","","+41 à la résistance au Givre","","","","","","","","","","","","","",0xFF01FE,0,0,0,0,0,0,0,
1330,0,4,0,0,42,0,0,42,0,0,4,0,0,"","","+42 à la résistance au Givre","","","","","","","","","","","","","",0xFF01FE,0,0,0,0,0,0,0,
1331,0,4,0,0,43,0,0,43,0,0,4,0,0,"","","+43 à la résistance au Givre","","","","","","","","","","","","","",0xFF01FE,0,0,0,0,0,0,0,
1332,0,4,0,0,44,0,0,44,0,0,4,0,0,"","","+44 à la résistance au Givre","","","","","","","","","","","","","",0xFF01FE,0,0,0,0,0,0,0,
1333,0,4,0,0,45,0,0,45,0,0,4,0,0,"","","+45 à la résistance au Givre","","","","","","","","","","","","","",0xFF01FE,0,0,0,0,0,0,0,
1334,0,4,0,0,46,0,0,46,0,0,4,0,0,"","","+46 à la résistance au Givre","","","","","","","","","","","","","",0xFF01FE,0,0,0,0,0,0,0,
1335,0,4,0,0,1,0,0,1,0,0,2,0,0,"","","+1 à la résistance au Feu","","","","","","","","","","","","","",0xFF01FE,0,0,0,0,0,0,0,
1336,0,4,0,0,2,0,0,2,0,0,2,0,0,"","","+2 à la résistance au Feu","","","","","","","","","","","","","",0xFF01FE,0,0,0,0,0,0,0,
1337,0,4,0,0,3,0,0,3,0,0,2,0,0,"","","+3 à la résistance au Feu","","","","","","","","","","","","","",0xFF01FE,0,0,0,0,0,0,0,
1338,0,4,0,0,4,0,0,4,0,0,2,0,0,"","","+4 à la résistance au Feu","","","","","","","","","","","","","",0xFF01FE,0,0,0,0,0,0,0,
1339,0,4,0,0,5,0,0,5,0,0,2,0,0,"","","+5 à la résistance au Feu","","","","","","","","","","","","","",0xFF01FE,0,0,0,0,0,0,0,
1340,0,4,0,0,6,0,0,6,0,0,2,0,0,"","","+6 à la résistance au Feu","","","","","","","","","","","","","",0xFF01FE,0,0,0,0,0,0,0,
1341,0,4,0,0,7,0,0,7,0,0,2,0,0,"","","+7 à la résistance au Feu","","","","","","","","","","","","","",0xFF01FE,0,0,0,0,0,0,0,
1342,0,4,0,0,8,0,0,8,0,0,2,0,0,"","","+8 à la résistance au Feu","","","","","","","","","","","","","",0xFF01FE,0,0,0,0,0,0,0,
1343,0,4,0,0,9,0,0,9,0,0,2,0,0,"","","+9 à la résistance au Feu","","","","","","","","","","","","","",0xFF01FE,0,0,0,0,0,0,0,
1344,0,4,0,0,10,0,0,10,0,0,2,0,0,"","","+10 à la résistance au Feu","","","","","","","","","","","","","",0xFF01FE,0,0,0,0,0,0,0,
1345,0,4,0,0,11,0,0,11,0,0,2,0,0,"","","+11 à la résistance au Feu","","","","","","","","","","","","","",0xFF01FE,0,0,0,0,0,0,0,
1346,0,4,0,0,12,0,0,12,0,0,2,0,0,"","","+12 à la résistance au Feu","","","","","","","","","","","","","",0xFF01FE,0,0,0,0,0,0,0,
1347,0,4,0,0,13,0,0,13,0,0,2,0,0,"","","+13 à la résistance au Feu","","","","","","","","","","","","","",0xFF01FE,0,0,0,0,0,0,0,
1348,0,4,0,0,14,0,0,14,0,0,2,0,0,"","","+14 à la résistance au Feu","","","","","","","","","","","","","",0xFF01FE,0,0,0,0,0,0,0,
1349,0,4,0,0,15,0,0,15,0,0,2,0,0,"","","+15 à la résistance au Feu","","","","","","","","","","","","","",0xFF01FE,0,0,0,0,0,0,0,
1350,0,4,0,0,16,0,0,16,0,0,2,0,0,"","","+16 à la résistance au Feu","","","","","","","","","","","","","",0xFF01FE,0,0,0,0,0,0,0,
1351,0,4,0,0,17,0,0,17,0,0,2,0,0,"","","+17 à la résistance au Feu","","","","","","","","","","","","","",0xFF01FE,0,0,0,0,0,0,0,
1352,0,4,0,0,18,0,0,18,0,0,2,0,0,"","","+18 à la résistance au Feu","","","","","","","","","","","","","",0xFF01FE,0,0,0,0,0,0,0,
1353,0,4,0,0,19,0,0,19,0,0,2,0,0,"","","+19 à la résistance au Feu","","","","","","","","","","","","","",0xFF01FE,0,0,0,0,0,0,0,
1354,0,4,0,0,20,0,0,20,0,0,2,0,0,"","","+20 à la résistance au Feu","","","","","","","","","","","","","",0xFF01FE,0,0,0,0,0,0,0,
1355,0,4,0,0,21,0,0,21,0,0,2,0,0,"","","+21 à la résistance au Feu","","","","","","","","","","","","","",0xFF01FE,0,0,0,0,0,0,0,
1356,0,4,0,0,22,0,0,22,0,0,2,0,0,"","","+22 à la résistance au Feu","","","","","","","","","","","","","",0xFF01FE,0,0,0,0,0,0,0,
1357,0,4,0,0,23,0,0,23,0,0,2,0,0,"","","+23 à la résistance au Feu","","","","","","","","","","","","","",0xFF01FE,0,0,0,0,0,0,0,
1358,0,4,0,0,24,0,0,24,0,0,2,0,0,"","","+24 à la résistance au Feu","","","","","","","","","","","","","",0xFF01FE,0,0,0,0,0,0,0,
1359,0,4,0,0,25,0,0,25,0,0,2,0,0,"","","+25 à la résistance au Feu","","","","","","","","","","","","","",0xFF01FE,0,0,0,0,0,0,0,
1360,0,4,0,0,26,0,0,26,0,0,2,0,0,"","","+26 à la résistance au Feu","","","","","","","","","","","","","",0xFF01FE,0,0,0,0,0,0,0,
1361,0,4,0,0,27,0,0,27,0,0,2,0,0,"","","+27 à la résistance au Feu","","","","","","","","","","","","","",0xFF01FE,0,0,0,0,0,0,0,
1362,0,4,0,0,28,0,0,28,0,0,2,0,0,"","","+28 à la résistance au Feu","","","","","","","","","","","","","",0xFF01FE,0,0,0,0,0,0,0,
1363,0,4,0,0,29,0,0,29,0,0,2,0,0,"","","+29 à la résistance au Feu","","","","","","","","","","","","","",0xFF01FE,0,0,0,0,0,0,0,
1364,0,4,0,0,30,0,0,30,0,0,2,0,0,"","","+30 à la résistance au Feu","","","","","","","","","","","","","",0xFF01FE,0,0,0,0,0,0,0,
1365,0,4,0,0,31,0,0,31,0,0,2,0,0,"","","+31 à la résistance au Feu","","","","","","","","","","","","","",0xFF01FE,0,0,0,0,0,0,0,
1366,0,4,0,0,32,0,0,32,0,0,2,0,0,"","","+32 à la résistance au Feu","","","","","","","","","","","","","",0xFF01FE,0,0,0,0,0,0,0,
1367,0,4,0,0,33,0,0,33,0,0,2,0,0,"","","+33 à la résistance au Feu","","","","","","","","","","","","","",0xFF01FE,0,0,0,0,0,0,0,
1368,0,4,0,0,34,0,0,34,0,0,2,0,0,"","","+34 à la résistance au Feu","","","","","","","","","","","","","",0xFF01FE,0,0,0,0,0,0,0,
1369,0,4,0,0,35,0,0,35,0,0,2,0,0,"","","+35 à la résistance au Feu","","","","","","","","","","","","","",0xFF01FE,0,0,0,0,0,0,0,
1370,0,4,0,0,36,0,0,36,0,0,2,0,0,"","","+36 à la résistance au Feu","","","","","","","","","","","","","",0xFF01FE,0,0,0,0,0,0,0,
1371,0,4,0,0,37,0,0,37,0,0,2,0,0,"","","+37 à la résistance au Feu","","","","","","","","","","","","","",0xFF01FE,0,0,0,0,0,0,0,
1372,0,4,0,0,38,0,0,38,0,0,2,0,0,"","","+38 à la résistance au Feu","","","","","","","","","","","","","",0xFF01FE,0,0,0,0,0,0,0,
1373,0,4,0,0,39,0,0,39,0,0,2,0,0,"","","+39 à la résistance au Feu","","","","","","","","","","","","","",0xFF01FE,0,0,0,0,0,0,0,
1374,0,4,0,0,40,0,0,40,0,0,2,0,0,"","","+40 à la résistance au Feu","","","","","","","","","","","","","",0xFF01FE,0,0,0,0,0,0,0,
1375,0,4,0,0,41,0,0,41,0,0,2,0,0,"","","+41 à la résistance au Feu","","","","","","","","","","","","","",0xFF01FE,0,0,0,0,0,0,0,
1376,0,4,0,0,42,0,0,42,0,0,2,0,0,"","","+42 à la résistance au Feu","","","","","","","","","","","","","",0xFF01FE,0,0,0,0,0,0,0,
1377,0,4,0,0,43,0,0,43,0,0,2,0,0,"","","+43 à la résistance au Feu","","","","","","","","","","","","","",0xFF01FE,0,0,0,0,0,0,0,
1378,0,4,0,0,44,0,0,44,0,0,2,0,0,"","","+44 à la résistance au Feu","","","","","","","","","","","","","",0xFF01FE,0,0,0,0,0,0,0,
1379,0,4,0,0,45,0,0,45,0,0,2,0,0,"","","+45 à la résistance au Feu","","","","","","","","","","","","","",0xFF01FE,0,0,0,0,0,0,0,
1380,0,4,0,0,46,0,0,46,0,0,2,0,0,"","","+46 à la résistance au Feu","","","","","","","","","","","","","",0xFF01FE,0,0,0,0,0,0,0,
1381,0,4,0,0,1,0,0,1,0,0,3,0,0,"","","+1 à la résistance à la Nature","","","","","","","","","","","","","",0xFF01FE,0,0,0,0,0,0,0,
1382,0,4,0,0,2,0,0,2,0,0,3,0,0,"","","+2 à la résistance à la Nature","","","","","","","","","","","","","",0xFF01FE,0,0,0,0,0,0,0,
1383,0,3,0,0,0,0,0,0,0,0,14624,0,0,"","","+3 à la résistance à la Nature","","","","","","","","","","","","","",0xFF01FE,0,0,0,0,0,0,0,
1384,0,4,0,0,4,0,0,4,0,0,3,0,0,"","","+4 à la résistance à la Nature","","","","","","","","","","","","","",0xFF01FE,0,0,0,0,0,0,0,
1385,0,4,0,0,5,0,0,5,0,0,3,0,0,"","","+5 à la résistance à la Nature","","","","","","","","","","","","","",0xFF01FE,0,0,0,0,0,0,0,
1386,0,4,0,0,6,0,0,6,0,0,3,0,0,"","","+6 à la résistance à la Nature","","","","","","","","","","","","","",0xFF01FE,0,0,0,0,0,0,0,
1387,0,4,0,0,7,0,0,7,0,0,3,0,0,"","","+7 à la résistance à la Nature","","","","","","","","","","","","","",0xFF01FE,0,0,0,0,0,0,0,
1388,0,4,0,0,8,0,0,8,0,0,3,0,0,"","","+8 à la résistance à la Nature","","","","","","","","","","","","","",0xFF01FE,0,0,0,0,0,0,0,
1389,0,4,0,0,9,0,0,9,0,0,3,0,0,"","","+9 à la résistance à la Nature","","","","","","","","","","","","","",0xFF01FE,0,0,0,0,0,0,0,
1390,0,4,0,0,10,0,0,10,0,0,3,0,0,"","","+10 à la résistance à la Nature","","","","","","","","","","","","","",0xFF01FE,0,0,0,0,0,0,0,
1391,0,4,0,0,11,0,0,11,0,0,3,0,0,"","","+11 à la résistance à la Nature","","","","","","","","","","","","","",0xFF01FE,0,0,0,0,0,0,0,
1392,0,4,0,0,12,0,0,12,0,0,3,0,0,"","","+12 à la résistance à la Nature","","","","","","","","","","","","","",0xFF01FE,0,0,0,0,0,0,0,
1393,0,4,0,0,13,0,0,13,0,0,3,0,0,"","","+13 à la résistance à la Nature","","","","","","","","","","","","","",0xFF01FE,0,0,0,0,0,0,0,
1394,0,4,0,0,14,0,0,14,0,0,3,0,0,"","","+14 à la résistance à la Nature","","","","","","","","","","","","","",0xFF01FE,0,0,0,0,0,0,0,
1395,0,4,0,0,15,0,0,15,0,0,3,0,0,"","","+15 à la résistance à la Nature","","","","","","","","","","","","","",0xFF01FE,0,0,0,0,0,0,0,
1396,0,4,0,0,16,0,0,16,0,0,3,0,0,"","","+16 à la résistance à la Nature","","","","","","","","","","","","","",0xFF01FE,0,0,0,0,0,0,0,
1397,0,4,0,0,17,0,0,17,0,0,3,0,0,"","","+17 à la résistance à la Nature","","","","","","","","","","","","","",0xFF01FE,0,0,0,0,0,0,0,
1398,0,4,0,0,18,0,0,18,0,0,3,0,0,"","","+18 à la résistance à la Nature","","","","","","","","","","","","","",0xFF01FE,0,0,0,0,0,0,0,
1399,0,4,0,0,19,0,0,19,0,0,3,0,0,"","","+19 à la résistance à la Nature","","","","","","","","","","","","","",0xFF01FE,0,0,0,0,0,0,0,
1400,0,4,0,0,20,0,0,20,0,0,3,0,0,"","","+20 à la résistance à la Nature","","","","","","","","","","","","","",0xFF01FE,0,0,0,0,0,0,0,
1401,0,4,0,0,21,0,0,21,0,0,3,0,0,"","","+21 à la résistance à la Nature","","","","","","","","","","","","","",0xFF01FE,0,0,0,0,0,0,0,
1402,0,4,0,0,22,0,0,22,0,0,3,0,0,"","","+22 à la résistance à la Nature","","","","","","","","","","","","","",0xFF01FE,0,0,0,0,0,0,0,
1403,0,4,0,0,23,0,0,23,0,0,3,0,0,"","","+23 à la résistance à la Nature","","","","","","","","","","","","","",0xFF01FE,0,0,0,0,0,0,0,
1404,0,4,0,0,24,0,0,24,0,0,3,0,0,"","","+24 à la résistance à la Nature","","","","","","","","","","","","","",0xFF01FE,0,0,0,0,0,0,0,
1405,0,4,0,0,25,0,0,25,0,0,3,0,0,"","","+25 à la résistance à la Nature","","","","","","","","","","","","","",0xFF01FE,0,0,0,0,0,0,0,
1406,0,4,0,0,26,0,0,26,0,0,3,0,0,"","","+26 à la résistance à la Nature","","","","","","","","","","","","","",0xFF01FE,0,0,0,0,0,0,0,
1407,0,4,0,0,27,0,0,27,0,0,3,0,0,"","","+27 à la résistance à la Nature","","","","","","","","","","","","","",0xFF01FE,0,0,0,0,0,0,0,
1408,0,4,0,0,28,0,0,28,0,0,3,0,0,"","","+28 à la résistance à la Nature","","","","","","","","","","","","","",0xFF01FE,0,0,0,0,0,0,0,
1409,0,4,0,0,29,0,0,29,0,0,3,0,0,"","","+29 à la résistance à la Nature","","","","","","","","","","","","","",0xFF01FE,0,0,0,0,0,0,0,
1410,0,4,0,0,30,0,0,30,0,0,3,0,0,"","","+30 à la résistance à la Nature","","","","","","","","","","","","","",0xFF01FE,0,0,0,0,0,0,0,
1411,0,4,0,0,31,0,0,31,0,0,3,0,0,"","","+31 à la résistance à la Nature","","","","","","","","","","","","","",0xFF01FE,0,0,0,0,0,0,0,
1412,0,4,0,0,32,0,0,32,0,0,3,0,0,"","","+32 à la résistance à la Nature","","","","","","","","","","","","","",0xFF01FE,0,0,0,0,0,0,0,
1413,0,4,0,0,33,0,0,33,0,0,3,0,0,"","","+33 à la résistance à la Nature","","","","","","","","","","","","","",0xFF01FE,0,0,0,0,0,0,0,
1414,0,4,0,0,34,0,0,34,0,0,3,0,0,"","","+34 à la résistance à la Nature","","","","","","","","","","","","","",0xFF01FE,0,0,0,0,0,0,0,
1415,0,4,0,0,35,0,0,35,0,0,3,0,0,"","","+35 à la résistance à la Nature","","","","","","","","","","","","","",0xFF01FE,0,0,0,0,0,0,0,
1416,0,4,0,0,36,0,0,36,0,0,3,0,0,"","","+36 à la résistance à la Nature","","","","","","","","","","","","","",0xFF01FE,0,0,0,0,0,0,0,
1417,0,4,0,0,37,0,0,37,0,0,3,0,0,"","","+37 à la résistance à la Nature","","","","","","","","","","","","","",0xFF01FE,0,0,0,0,0,0,0,
1418,0,4,0,0,38,0,0,38,0,0,3,0,0,"","","+38 à la résistance à la Nature","","","","","","","","","","","","","",0xFF01FE,0,0,0,0,0,0,0,
1419,0,4,0,0,39,0,0,39,0,0,3,0,0,"","","+39 à la résistance à la Nature","","","","","","","","","","","","","",0xFF01FE,0,0,0,0,0,0,0,
1420,0,4,0,0,40,0,0,40,0,0,3,0,0,"","","+40 à la résistance à la Nature","","","","","","","","","","","","","",0xFF01FE,0,0,0,0,0,0,0,
1421,0,4,0,0,41,0,0,41,0,0,3,0,0,"","","+41 à la résistance à la Nature","","","","","","","","","","","","","",0xFF01FE,0,0,0,0,0,0,0,
1422,0,4,0,0,42,0,0,42,0,0,3,0,0,"","","+42 à la résistance à la Nature","","","","","","","","","","","","","",0xFF01FE,0,0,0,0,0,0,0,
1423,0,4,0,0,43,0,0,43,0,0,3,0,0,"","","+43 à la résistance à la Nature","","","","","","","","","","","","","",0xFF01FE,0,0,0,0,0,0,0,
1424,0,4,0,0,44,0,0,44,0,0,3,0,0,"","","+44 à la résistance à la Nature","","","","","","","","","","","","","",0xFF01FE,0,0,0,0,0,0,0,
1425,0,4,0,0,45,0,0,45,0,0,3,0,0,"","","+45 à la résistance à la Nature","","","","","","","","","","","","","",0xFF01FE,0,0,0,0,0,0,0,
1426,0,4,0,0,46,0,0,46,0,0,3,0,0,"","","+46 à la résistance à la Nature","","","","","","","","","","","","","",0xFF01FE,0,0,0,0,0,0,0,
1427,0,4,0,0,1,0,0,1,0,0,5,0,0,"","","+1 à la résistance à l'Ombre","","","","","","","","","","","","","",0xFF01FE,0,0,0,0,0,0,0,
1428,0,4,0,0,2,0,0,2,0,0,5,0,0,"","","+2 à la résistance à l'Ombre","","","","","","","","","","","","","",0xFF01FE,0,0,0,0,0,0,0,
1429,0,4,0,0,3,0,0,3,0,0,5,0,0,"","","+3 à la résistance à l'Ombre","","","","","","","","","","","","","",0xFF01FE,0,0,0,0,0,0,0,
1430,0,4,0,0,4,0,0,4,0,0,5,0,0,"","","+4 à la résistance à l'Ombre","","","","","","","","","","","","","",0xFF01FE,0,0,0,0,0,0,0,
1431,0,4,0,0,5,0,0,5,0,0,5,0,0,"","","+5 à la résistance à l'Ombre","","","","","","","","","","","","","",0xFF01FE,0,0,0,0,0,0,0,
1432,0,4,0,0,6,0,0,6,0,0,5,0,0,"","","+6 à la résistance à l'Ombre","","","","","","","","","","","","","",0xFF01FE,0,0,0,0,0,0,0,
1433,0,4,0,0,7,0,0,7,0,0,5,0,0,"","","+7 à la résistance à l'Ombre","","","","","","","","","","","","","",0xFF01FE,0,0,0,0,0,0,0,
1434,0,4,0,0,8,0,0,8,0,0,5,0,0,"","","+8 à la résistance à l'Ombre","","","","","","","","","","","","","",0xFF01FE,0,0,0,0,0,0,0,
1435,0,4,0,0,9,0,0,9,0,0,5,0,0,"","","+9 à la résistance à l'Ombre","","","","","","","","","","","","","",0xFF01FE,0,0,0,0,0,0,0,
1436,0,4,0,0,10,0,0,10,0,0,5,0,0,"","","+10 à la résistance à l'Ombre","","","","","","","","","","","","","",0xFF01FE,0,0,0,0,0,0,0,
1437,0,4,0,0,11,0,0,11,0,0,5,0,0,"","","+11 à la résistance à l'Ombre","","","","","","","","","","","","","",0xFF01FE,0,0,0,0,0,0,0,
1438,0,4,0,0,12,0,0,12,0,0,5,0,0,"","","+12 à la résistance à l'Ombre","","","","","","","","","","","","","",0xFF01FE,0,0,0,0,0,0,0,
1439,0,4,0,0,13,0,0,13,0,0,5,0,0,"","","+13 à la résistance à l'Ombre","","","","","","","","","","","","","",0xFF01FE,0,0,0,0,0,0,0,
1440,0,4,0,0,14,0,0,14,0,0,5,0,0,"","","+14 à la résistance à l'Ombre","","","","","","","","","","","","","",0xFF01FE,0,0,0,0,0,0,0,
1441,0,4,0,0,15,0,0,15,0,0,5,0,0,"","","+15 à la résistance à l'Ombre","","","","","","","","","","","","","",0xFF01FE,0,0,0,0,0,0,0,
1442,0,4,0,0,16,0,0,16,0,0,5,0,0,"","","+16 à la résistance à l'Ombre","","","","","","","","","","","","","",0xFF01FE,0,0,0,0,0,0,0,
1443,0,4,0,0,17,0,0,17,0,0,5,0,0,"","","+17 à la résistance à l'Ombre","","","","","","","","","","","","","",0xFF01FE,0,0,0,0,0,0,0,
1444,0,4,0,0,18,0,0,18,0,0,5,0,0,"","","+18 à la résistance à l'Ombre","","","","","","","","","","","","","",0xFF01FE,0,0,0,0,0,0,0,
1445,0,4,0,0,19,0,0,19,0,0,5,0,0,"","","+19 à la résistance à l'Ombre","","","","","","","","","","","","","",0xFF01FE,0,0,0,0,0,0,0,
1446,0,4,0,0,20,0,0,20,0,0,5,0,0,"","","+20 à la résistance à l'Ombre","","","","","","","","","","","","","",0xFF01FE,0,0,0,0,0,0,0,
1447,0,4,0,0,21,0,0,21,0,0,5,0,0,"","","+21 à la résistance à l'Ombre","","","","","","","","","","","","","",0xFF01FE,0,0,0,0,0,0,0,
1448,0,4,0,0,22,0,0,22,0,0,5,0,0,"","","+22 à la résistance à l'Ombre","","","","","","","","","","","","","",0xFF01FE,0,0,0,0,0,0,0,
1449,0,4,0,0,23,0,0,23,0,0,5,0,0,"","","+23 à la résistance à l'Ombre","","","","","","","","","","","","","",0xFF01FE,0,0,0,0,0,0,0,
1450,0,4,0,0,24,0,0,24,0,0,5,0,0,"","","+24 à la résistance à l'Ombre","","","","","","","","","","","","","",0xFF01FE,0,0,0,0,0,0,0,
1451,0,4,0,0,25,0,0,25,0,0,5,0,0,"","","+25 à la résistance à l'Ombre","","","","","","","","","","","","","",0xFF01FE,0,0,0,0,0,0,0,
1452,0,4,0,0,26,0,0,26,0,0,5,0,0,"","","+26 à la résistance à l'Ombre","","","","","","","","","","","","","",0xFF01FE,0,0,0,0,0,0,0,
1453,0,4,0,0,27,0,0,27,0,0,5,0,0,"","","+27 à la résistance à l'Ombre","","","","","","","","","","","","","",0xFF01FE,0,0,0,0,0,0,0,
1454,0,4,0,0,28,0,0,28,0,0,5,0,0,"","","+28 à la résistance à l'Ombre","","","","","","","","","","","","","",0xFF01FE,0,0,0,0,0,0,0,
1455,0,4,0,0,29,0,0,29,0,0,5,0,0,"","","+29 à la résistance à l'Ombre","","","","","","","","","","","","","",0xFF01FE,0,0,0,0,0,0,0,
1456,0,4,0,0,30,0,0,30,0,0,5,0,0,"","","+30 à la résistance à l'Ombre","","","","","","","","","","","","","",0xFF01FE,0,0,0,0,0,0,0,
1457,0,4,0,0,31,0,0,31,0,0,5,0,0,"","","+31 à la résistance à l'Ombre","","","","","","","","","","","","","",0xFF01FE,0,0,0,0,0,0,0,
1458,0,4,0,0,32,0,0,32,0,0,5,0,0,"","","+32 à la résistance à l'Ombre","","","","","","","","","","","","","",0xFF01FE,0,0,0,0,0,0,0,
1459,0,4,0,0,33,0,0,33,0,0,5,0,0,"","","+33 à la résistance à l'Ombre","","","","","","","","","","","","","",0xFF01FE,0,0,0,0,0,0,0,
1460,0,4,0,0,34,0,0,34,0,0,5,0,0,"","","+34 à la résistance à l'Ombre","","","","","","","","","","","","","",0xFF01FE,0,0,0,0,0,0,0,
1461,0,4,0,0,35,0,0,35,0,0,5,0,0,"","","+35 à la résistance à l'Ombre","","","","","","","","","","","","","",0xFF01FE,0,0,0,0,0,0,0,
1462,0,4,0,0,36,0,0,36,0,0,5,0,0,"","","+36 à la résistance à l'Ombre","","","","","","","","","","","","","",0xFF01FE,0,0,0,0,0,0,0,
1463,0,4,0,0,37,0,0,37,0,0,5,0,0,"","","+37 à la résistance à l'Ombre","","","","","","","","","","","","","",0xFF01FE,0,0,0,0,0,0,0,
1464,0,4,0,0,38,0,0,38,0,0,5,0,0,"","","+38 à la résistance à l'Ombre","","","","","","","","","","","","","",0xFF01FE,0,0,0,0,0,0,0,
1465,0,4,0,0,39,0,0,39,0,0,5,0,0,"","","+39 à la résistance à l'Ombre","","","","","","","","","","","","","",0xFF01FE,0,0,0,0,0,0,0,
1466,0,4,0,0,40,0,0,40,0,0,5,0,0,"","","+40 à la résistance à l'Ombre","","","","","","","","","","","","","",0xFF01FE,0,0,0,0,0,0,0,
1467,0,4,0,0,41,0,0,41,0,0,5,0,0,"","","+41 à la résistance à l'Ombre","","","","","","","","","","","","","",0xFF01FE,0,0,0,0,0,0,0,
1468,0,4,0,0,42,0,0,42,0,0,5,0,0,"","","+42 à la résistance à l'Ombre","","","","","","","","","","","","","",0xFF01FE,0,0,0,0,0,0,0,
1469,0,4,0,0,43,0,0,43,0,0,5,0,0,"","","+43 à la résistance à l'Ombre","","","","","","","","","","","","","",0xFF01FE,0,0,0,0,0,0,0,
1470,0,4,0,0,44,0,0,44,0,0,5,0,0,"","","+44 à la résistance à l'Ombre","","","","","","","","","","","","","",0xFF01FE,0,0,0,0,0,0,0,
1471,0,4,0,0,45,0,0,45,0,0,5,0,0,"","","+45 à la résistance à l'Ombre","","","","","","","","","","","","","",0xFF01FE,0,0,0,0,0,0,0,
1472,0,4,0,0,46,0,0,46,0,0,5,0,0,"","","+46 à la résistance à l'Ombre","","","","","","","","","","","","","",0xFF01FE,0,0,0,0,0,0,0,
1483,0,5,0,0,150,0,0,150,0,0,0,0,0,"","","+150 points de mana","","","","","","","","","","","","","",0xFF01FE,0,1,0,0,0,0,50,
1503,0,5,0,0,100,0,0,100,0,0,1,0,0,"","","+100 points de vie","","","","","","","","","","","","","",0xFF01FE,0,1,0,0,0,0,50,
1504,0,4,0,0,125,0,0,125,0,0,0,0,0,"","","+125 Armure","","","","","","","","","","","","","",0xFF01FE,0,1,0,0,0,0,50,
1505,0,4,0,0,20,0,0,20,0,0,2,0,0,"","","+20 à la résistance au Feu","","","","","","","","","","","","","",0xFF01FE,0,1,0,0,0,0,50,
1506,0,5,0,0,8,0,0,8,0,0,4,0,0,"","","+8 Force","","","","","","","","","","","","","",0xFF01FE,0,1,0,0,0,0,50,
1507,0,5,0,0,8,0,0,8,0,0,7,0,0,"","","+8 Endurance","","","","","","","","","","","","","",0xFF01FE,0,1,0,0,0,0,50,
1508,0,5,0,0,8,0,0,8,0,0,3,0,0,"","","+8 Agilité","","","","","","","","","","","","","",0xFF01FE,0,1,0,0,0,0,50,
1509,0,5,0,0,8,0,0,8,0,0,5,0,0,"","","+8 Intelligence","","","","","","","","","","","","","",0xFF01FE,0,1,0,0,0,0,50,
1510,0,5,0,0,8,0,0,8,0,0,6,0,0,"","","+8 Esprit","","","","","","","","","","","","","",0xFF01FE,0,1,0,0,0,0,50,
1523,0,5,4,0,85,14,0,85,14,0,0,2,0,"","","+85/14 MANA/RF","","","","","","","","","","","","","",0xFF01FE,0,0,0,0,0,0,0,
1524,0,5,4,0,75,14,0,75,14,0,1,2,0,"","","+75/14 PV/RF","","","","","","","","","","","","","",0xFF01FE,0,0,0,0,0,0,0,
1525,0,4,4,0,110,14,0,110,14,0,0,2,0,"","","+110/14 CA/RF","","","","","","","","","","","","","",0xFF01FE,0,0,0,0,0,0,0,
1526,0,3,0,0,0,0,0,0,0,0,15440,0,0,"","","+10/14 FOR/RF","","","","","","","","","","","","","",0xFF01FE,0,0,0,0,0,0,0,
1527,0,3,0,0,0,0,0,0,0,0,15442,0,0,"","","+10/14 END/RF","","","","","","","","","","","","","",0xFF01FE,0,0,0,0,0,0,0,
1528,0,3,0,0,0,0,0,0,0,0,15445,0,0,"","","+10/14 AGI/RF","","","","","","","","","","","","","",0xFF01FE,0,0,0,0,0,0,0,
1529,0,3,0,0,0,0,0,0,0,0,15447,0,0,"","","+10/14 INT/RF","","","","","","","","","","","","","",0xFF01FE,0,0,0,0,0,0,0,
1530,0,3,0,0,0,0,0,0,0,0,15456,0,0,"","","+10/14 ESP/RF","","","","","","","","","","","","","",0xFF01FE,0,0,0,0,0,0,0,
1531,0,5,5,0,10,10,0,10,10,0,4,7,0,"","","+10/10 FOR/END","","","","","","","","","","","","","",0xFF01FE,0,0,0,0,0,0,0,
1532,0,3,3,0,0,0,0,0,0,0,15462,15461,0,"","","+10/10/110/15 FOR/END/CA/RF","","","","","","","","","","","","","",0xFF01FE,0,0,0,0,0,0,0,
1543,0,3,3,0,0,0,0,0,0,0,15489,15488,0,"","","+10/10/100/15 INT/ESP/MANA/RF","","","","","","","","","","","","","",0xFF01FE,0,0,0,0,0,0,0,
1563,0,5,0,0,2,0,0,2,0,0,38,0,0,"","","+2 à la puissance d'attaque","","","","","","","","","","","","","",0xFF01FE,0,0,0,0,0,0,0,
1583,0,5,0,0,4,0,0,4,0,0,38,0,0,"","","+4 à la puissance d'attaque","","","","","","","","","","","","","",0xFF01FE,0,0,0,0,0,0,0,
1584,0,5,0,0,6,0,0,6,0,0,38,0,0,"","","+6 à la puissance d'attaque","","","","","","","","","","","","","",0xFF01FE,0,0,0,0,0,0,0,
1585,0,5,0,0,8,0,0,8,0,0,38,0,0,"","","+8 à la puissance d'attaque","","","","","","","","","","","","","",0xFF01FE,0,0,0,0,0,0,0,
1586,0,5,0,0,10,0,0,10,0,0,38,0,0,"","","+10 à la puissance d'attaque","","","","","","","","","","","","","",0xFF01FE,0,0,0,0,0,0,0,
1587,0,5,0,0,12,0,0,12,0,0,38,0,0,"","","+12 à la puissance d'attaque","","","","","","","","","","","","","",0xFF01FE,0,0,0,0,0,0,0,
1588,0,5,0,0,14,0,0,14,0,0,38,0,0,"","","+14 à la puissance d'attaque","","","","","","","","","","","","","",0xFF01FE,0,0,0,0,0,0,0,
1589,0,5,0,0,16,0,0,16,0,0,38,0,0,"","","+16 à la puissance d'attaque","","","","","","","","","","","","","",0xFF01FE,0,0,0,0,0,0,0,
1590,0,5,0,0,18,0,0,18,0,0,38,0,0,"","","+18 à la puissance d'attaque","","","","","","","","","","","","","",0xFF01FE,0,0,0,0,0,0,0,
1591,0,5,0,0,20,0,0,20,0,0,38,0,0,"","","+20 à la puissance d'attaque","","","","","","","","","","","","","",0xFF01FE,0,0,0,0,0,0,0,
1592,0,5,0,0,22,0,0,22,0,0,38,0,0,"","","+22 à la puissance d'attaque","","","","","","","","","","","","","",0xFF01FE,0,0,0,0,0,0,0,
1593,0,5,0,0,24,0,0,24,0,0,38,0,0,"","","+24 à la puissance d'attaque","","","","","","","","","","","","","",0xFF01FE,0,0,0,0,0,0,0,
1594,0,5,0,0,26,0,0,26,0,0,38,0,0,"","","+26 à la puissance d'attaque","","","","","","","","","","","","","",0xFF01FE,0,0,0,0,0,0,0,
1595,0,5,0,0,28,0,0,28,0,0,38,0,0,"","","+28 à la puissance d'attaque","","","","","","","","","","","","","",0xFF01FE,0,0,0,0,0,0,0,
1596,0,5,0,0,30,0,0,30,0,0,38,0,0,"","","+30 à la puissance d'attaque","","","","","","","","","","","","","",0xFF01FE,0,0,0,0,0,0,0,
1597,0,5,0,0,32,0,0,32,0,0,38,0,0,"","","+32 à la puissance d'attaque","","","","","","","","","","","","","",0xFF01FE,0,0,0,0,0,0,0,
1598,0,5,0,0,34,0,0,34,0,0,38,0,0,"","","+34 à la puissance d'attaque","","","","","","","","","","","","","",0xFF01FE,0,0,0,0,0,0,0,
1599,0,5,0,0,36,0,0,36,0,0,38,0,0,"","","+36 à la puissance d'attaque","","","","","","","","","","","","","",0xFF01FE,0,0,0,0,0,0,0,
1600,0,5,0,0,38,0,0,38,0,0,38,0,0,"","","+38 à la puissance d'attaque","","","","","","","","","","","","","",0xFF01FE,0,0,0,0,0,0,0,
1601,0,5,0,0,32,0,0,32,0,0,38,0,0,"","","+32 à la puissance d'attaque","","","","","","","","","","","","","",0xFF01FE,0,0,0,0,0,0,0,
1602,0,5,0,0,42,0,0,42,0,0,38,0,0,"","","+42 à la puissance d'attaque","","","","","","","","","","","","","",0xFF01FE,0,0,0,0,0,0,0,
1603,0,5,0,0,44,0,0,44,0,0,38,0,0,"","","+44 à la puissance d'attaque","","","","","","","","","","","","","",0xFF01FE,0,0,0,0,0,0,0,
1604,0,5,0,0,46,0,0,46,0,0,38,0,0,"","","+46 à la puissance d'attaque","","","","","","","","","","","","","",0xFF01FE,0,0,0,0,0,0,0,
1605,0,5,0,0,48,0,0,48,0,0,38,0,0,"","","+48 à la puissance d'attaque","","","","","","","","","","","","","",0xFF01FE,0,0,0,0,0,0,0,
1606,0,5,0,0,50,0,0,50,0,0,38,0,0,"","","+50 à la puissance d'attaque","","","","","","","","","","","","","",0xFF01FE,101,0,0,0,0,0,0,
1607,0,5,0,0,52,0,0,52,0,0,38,0,0,"","","+52 à la puissance d'attaque","","","","","","","","","","","","","",0xFF01FE,0,0,0,0,0,0,0,
1608,0,5,0,0,54,0,0,54,0,0,38,0,0,"","","+54 à la puissance d'attaque","","","","","","","","","","","","","",0xFF01FE,0,0,0,0,0,0,0,
1609,0,5,0,0,56,0,0,56,0,0,38,0,0,"","","+56 à la puissance d'attaque","","","","","","","","","","","","","",0xFF01FE,0,0,0,0,0,0,0,
1610,0,5,0,0,58,0,0,58,0,0,38,0,0,"","","+58 à la puissance d'attaque","","","","","","","","","","","","","",0xFF01FE,0,0,0,0,0,0,0,
1611,0,5,0,0,60,0,0,60,0,0,38,0,0,"","","+60 à la puissance d'attaque","","","","","","","","","","","","","",0xFF01FE,0,0,0,0,0,0,0,
1612,0,5,0,0,62,0,0,62,0,0,38,0,0,"","","+62 à la puissance d'attaque","","","","","","","","","","","","","",0xFF01FE,0,0,0,0,0,0,0,
1613,0,5,0,0,64,0,0,64,0,0,38,0,0,"","","+64 à la puissance d'attaque","","","","","","","","","","","","","",0xFF01FE,0,0,0,0,0,0,0,
1614,0,5,0,0,66,0,0,66,0,0,38,0,0,"","","+66 à la puissance d'attaque","","","","","","","","","","","","","",0xFF01FE,0,0,0,0,0,0,0,
1615,0,5,0,0,68,0,0,68,0,0,38,0,0,"","","+68 à la puissance d'attaque","","","","","","","","","","","","","",0xFF01FE,0,0,0,0,0,0,0,
1616,0,5,0,0,70,0,0,70,0,0,38,0,0,"","","+70 à la puissance d'attaque","","","","","","","","","","","","","",0xFF01FE,0,0,0,0,0,0,0,
1617,0,5,0,0,72,0,0,72,0,0,38,0,0,"","","+72 à la puissance d'attaque","","","","","","","","","","","","","",0xFF01FE,0,0,0,0,0,0,0,
1618,0,5,0,0,74,0,0,74,0,0,38,0,0,"","","+74 à la puissance d'attaque","","","","","","","","","","","","","",0xFF01FE,0,0,0,0,0,0,0,
1619,0,5,0,0,76,0,0,76,0,0,38,0,0,"","","+76 à la puissance d'attaque","","","","","","","","","","","","","",0xFF01FE,0,0,0,0,0,0,0,
1620,0,5,0,0,78,0,0,78,0,0,38,0,0,"","","+78 à la puissance d'attaque","","","","","","","","","","","","","",0xFF01FE,0,0,0,0,0,0,0,
1621,0,5,0,0,80,0,0,80,0,0,38,0,0,"","","+80 à la puissance d'attaque","","","","","","","","","","","","","",0xFF01FE,0,0,0,0,0,0,0,
1622,0,5,0,0,82,0,0,82,0,0,38,0,0,"","","+82 à la puissance d'attaque","","","","","","","","","","","","","",0xFF01FE,0,0,0,0,0,0,0,
1623,0,5,0,0,84,0,0,84,0,0,38,0,0,"","","+84 à la puissance d'attaque","","","","","","","","","","","","","",0xFF01FE,0,0,0,0,0,0,0,
1624,0,5,0,0,86,0,0,86,0,0,38,0,0,"","","+86 à la puissance d'attaque","","","","","","","","","","","","","",0xFF01FE,0,0,0,0,0,0,0,
1625,0,5,0,0,88,0,0,88,0,0,38,0,0,"","","+88 à la puissance d'attaque","","","","","","","","","","","","","",0xFF01FE,0,0,0,0,0,0,0,
1626,0,5,0,0,90,0,0,90,0,0,38,0,0,"","","+90 à la puissance d'attaque","","","","","","","","","","","","","",0xFF01FE,0,0,0,0,0,0,0,
1627,0,5,0,0,92,0,0,92,0,0,38,0,0,"","","+92 à la puissance d'attaque","","","","","","","","","","","","","",0xFF01FE,0,0,0,0,0,0,0,
1643,0,2,0,0,8,0,0,8,0,0,0,0,0,"","","Aiguisé (+8 points de dégâts)","","","","","","","","","","","","","",0xFF01FE,0,0,0,0,0,0,0,
1663,0,6,0,0,16,0,0,16,0,0,0,0,0,"","","Croque-roc 5","","","","","","","","","","","","","",0xFF01FE,61,9,0,0,0,0,0,
1664,0,6,0,0,43,0,0,43,0,0,0,0,0,"","","Croque-roc 7","","","","","","","","","","","","","",0xFF01FE,61,9,0,0,0,0,0,
1665,0,3,0,0,100,0,0,100,0,0,16311,0,0,"","","Langue de feu 5","","","","","","","","","","","","","",0xFF01FE,32,9,0,0,0,0,0,
1666,0,3,0,0,100,0,0,100,0,0,16312,0,0,"","","Langue de feu 6","","","","","","","","","","","","","",0xFF01FE,32,9,0,0,0,0,0,
1667,0,1,0,0,0,0,0,0,0,0,16352,0,0,"","","Arme de givre 4","","","","","","","","","","","","","",0xFF01FE,33,9,0,0,0,0,0,
1668,0,1,0,0,0,0,0,0,0,0,16353,0,0,"","","Arme de givre 5","","","","","","","","","","","","","",0xFF01FE,33,9,0,0,0,0,0,
1669,0,3,0,0,20,0,0,20,0,0,33757,0,0,"","","Furie-des-vents 4","","","","","","","","","","","","","",0xFF01FE,81,9,0,0,0,0,0,
1683,0,1,0,0,100,0,0,100,0,0,16389,0,0,"","","Totem Langue de feu 4","","","","","","","","","","","","","",0xFF01FE,32,7,0,0,0,0,0,
1703,0,2,0,0,8,0,0,8,0,0,0,0,0,"","","Équilibré (+8 points de dégâts)","","","","","","","","","","","","","",0xFF01FE,0,0,0,0,0,0,0,
1704,0,3,0,0,0,0,0,0,0,0,16624,0,0,"","","Pointe en thorium (20-30)","","","","","","","","","","","","","",0xFF01FE,0,0,0,0,0,0,0,
1723,0,1,0,0,0,0,0,0,0,0,16870,0,0,"","","Augure de clarté","","","","","","","","","","","","","",0xFF01FE,26,1,0,0,0,0,0,
1743,0,1,0,0,100,0,0,100,0,0,19109,0,0,"","","MHTest02","","","","","","","","","","","","","",0xFF01FE,105,0,0,0,0,0,0,
1763,0,0,0,0,0,0,0,0,0,0,0,0,0,"","","Sang froid","","","","","","","","","","","","","",0xFF01FE,33,0,0,0,0,0,0,
1783,0,1,0,0,20,0,0,20,0,0,8516,0,0,"","","Totem Furie-des-vents 1","","","","","","","","","","","","","",0xFF01FE,81,7,0,0,0,0,0,
1803,0,1,0,0,0,0,0,0,0,0,17809,0,0,"","","Pierre de feu 1","","","","","","","","","","","","","",0xFF01FE,32,3,0,0,0,0,0,
1823,0,1,0,0,0,0,0,0,0,0,17933,0,0,"","","Pierre de feu 2","","","","","","","","","","","","","",0xFF01FE,32,3,0,0,0,0,0,
1824,0,1,0,0,0,0,0,0,0,0,17934,0,0,"","","Pierre de feu 3","","","","","","","","","","","","","",0xFF01FE,32,3,0,0,0,0,0,
1825,0,1,0,0,0,0,0,0,0,0,17935,0,0,"","","Pierre de feu 4","","","","","","","","","","","","","",0xFF01FE,32,3,0,0,0,0,0,
1843,0,4,0,0,40,0,0,40,0,0,0,0,0,"","","Renforcé (+40 Armure)","","","","","","","","","","","","","",0xFF01FE,0,0,0,0,0,0,0,
1863,0,1,0,0,0,0,0,0,0,0,19267,0,0,"","","Réaction 2","","","","","","","","","","","","","",0xFF01FE,107,1,0,0,0,0,0,
1864,0,1,0,0,0,0,0,0,0,0,19268,0,0,"","","Réaction 3","","","","","","","","","","","","","",0xFF01FE,107,1,0,0,0,0,0,
1865,0,1,0,0,0,0,0,0,0,0,19269,0,0,"","","Réaction 4","","","","","","","","","","","","","",0xFF01FE,107,1,0,0,0,0,0,
1866,0,1,0,0,0,0,0,0,0,0,19270,0,0,"","","Réaction 5","","","","","","","","","","","","","",0xFF01FE,107,1,0,0,0,0,0,
1883,0,5,0,0,7,0,0,7,0,0,5,0,0,"","","+7 Intelligence","","","","","","","","","","","","","",0xFF01FE,0,0,0,0,0,0,0,
1884,0,5,0,0,9,0,0,9,0,0,6,0,0,"","","+9 Esprit","","","","","","","","","","","","","",0xFF01FE,0,0,0,0,0,0,0,
1885,0,5,0,0,9,0,0,9,0,0,4,0,0,"","","+9 Force","","","","","","","","","","","","","",0xFF01FE,0,0,0,0,0,0,0,
1886,0,5,0,0,9,0,0,9,0,0,7,0,0,"","","+9 Endurance","","","","","","","","","","","","","",0xFF01FE,0,0,0,0,0,0,0,
1887,0,5,0,0,7,0,0,7,0,0,3,0,0,"","","+7 Agilité","","","","","","","","","","","","","",0xFF01FE,0,0,0,0,0,0,0,
1888,0,3,0,0,0,0,0,0,0,0,19992,0,0,"","","+5 à toutes les résistances","","","","","","","","","","","","","",0xFF01FE,0,0,0,0,0,0,0,
1889,0,4,0,0,70,0,0,70,0,0,0,0,0,"","","+70 Armure","","","","","","","","","","","","","",0xFF01FE,0,0,0,0,0,0,0,
1890,0,5,3,0,4,0,0,4,0,0,43,21594,0,"","","+4 points de mana et de vie toutes les 5 sec.","","","","","","","","","","","","","",0xFF01FE,29,0,0,0,0,0,0,
1891,0,3,0,0,0,0,0,0,0,0,19988,0,0,"","","+4 à toutes les caractéristiques","","","","","","","","","","","","","",0xFF01FE,0,0,0,0,0,0,0,
1892,0,3,0,0,0,0,0,0,0,0,19990,0,0,"","","+100 points de vie","","","","","","","","","","","","","",0xFF01FE,0,0,0,0,0,0,0,
1893,0,5,0,0,100,0,0,100,0,0,0,0,0,"","","+100 points de mana","","","","","","","","","","","","","",0xFF01FE,0,0,0,0,0,0,0,
1894,0,1,0,0,0,0,0,0,0,0,20005,0,0,"","","Arme glacée","","","","","","","","","","","","","",0xFF01FE,126,0,0,0,0,0,0,
1895,0,2,0,0,9,0,0,9,0,0,0,0,0,"","","+9 aux dégâts","","","","","","","","","","","","","",0xFF01FE,2,0,0,0,0,0,0,
1896,0,2,0,0,9,0,0,9,0,0,0,0,0,"","","+9 aux dégâts de l'arme","","","","","","","","","","","","","",0xFF01FE,24,0,0,0,0,0,0,
1897,0,2,0,0,5,0,0,5,0,0,0,0,0,"","","+5 aux dégâts de l'arme","","","","","","","","","","","","","",0xFF01FE,2,0,0,0,0,0,0,
1898,0,1,0,0,0,0,0,0,0,0,20004,0,0,"","","Vampirique","","","","","","","","","","","","","",0xFF01FE,107,0,0,0,0,0,0,
1899,0,1,0,0,0,0,0,0,0,0,20006,0,0,"","","Arme impie","","","","","","","","","","","","","",0xFF01FE,161,0,0,0,0,0,0,
1900,0,1,0,0,0,0,0,0,0,0,20007,0,0,"","","Croisé","","","","","","","","","","","","","",0xFF01FE,103,0,0,0,0,0,0,
1901,0,5,0,0,9,0,0,9,0,0,5,0,0,"","","+9 Intelligence","","","","","","","","","","","","","",0xFF01FE,29,0,0,0,0,0,0,
1903,0,5,0,0,9,0,0,9,0,0,6,0,0,"","","+9 Esprit","","","","","","","","","","","","","",0xFF01FE,29,0,0,0,0,0,0,
1904,0,5,0,0,9,0,0,9,0,0,5,0,0,"","","+9 Intelligence","","","","","","","","","","","","","",0xFF01FE,29,0,0,0,0,0,0,
1923,0,4,0,0,3,0,0,3,0,0,2,0,0,"","","+3 à la résistance au Feu","","","","","","","","","","","","","",0xFF01FE,0,0,0,0,0,0,0,
1943,0,5,0,0,12,0,0,12,0,0,12,0,0,"","","+12 au score de défense","","","","","","","","","","","","","",0xFF01FE,0,0,0,0,0,0,0,
1944,0,5,0,0,8,0,0,8,0,0,12,0,0,"","","+8 au score de défense","","","","","","","","","","","","","",0xFF01FE,0,0,0,0,0,0,0,
1945,0,5,0,0,9,0,0,9,0,0,12,0,0,"","","+9 au score de défense","","","","","","","","","","","","","",0xFF01FE,0,0,0,0,0,0,0,
1946,0,5,0,0,10,0,0,10,0,0,12,0,0,"","","+10 au score de défense","","","","","","","","","","","","","",0xFF01FE,0,0,0,0,0,0,0,
1947,0,5,0,0,11,0,0,11,0,0,12,0,0,"","","+11 au score de défense","","","","","","","","","","","","","",0xFF01FE,0,0,0,0,0,0,0,
1948,0,5,0,0,13,0,0,13,0,0,12,0,0,"","","+13 au score de défense","","","","","","","","","","","","","",0xFF01FE,0,0,0,0,0,0,0,
1949,0,5,0,0,14,0,0,14,0,0,12,0,0,"","","+14 au score de défense","","","","","","","","","","","","","",0xFF01FE,0,0,0,0,0,0,0,
1950,0,5,0,0,15,0,0,15,0,0,12,0,0,"","","+15 au score de défense","","","","","","","","","","","","","",0xFF01FE,0,0,0,0,0,0,0,
1951,0,5,0,0,16,0,0,16,0,0,12,0,0,"","","+16 au score de défense","","","","","","","","","","","","","",0xFF01FE,0,0,0,0,0,0,0,
1952,0,5,0,0,20,0,0,20,0,0,12,0,0,"","","+20 au score de défense","","","","","","","","","","","","","",0xFF01FE,0,0,0,0,0,0,0,
1953,0,5,0,0,22,0,0,22,0,0,12,0,0,"","","+22 au score de défense","","","","","","","","","","","","","",0xFF01FE,0,0,0,0,0,0,0,
1954,0,5,0,0,25,0,0,25,0,0,12,0,0,"","","+25 au score de défense","","","","","","","","","","","","","",0xFF01FE,0,0,0,0,0,0,0,
1955,0,5,0,0,32,0,0,32,0,0,12,0,0,"","","+32 au score de défense","","","","","","","","","","","","","",0xFF01FE,0,0,0,0,0,0,0,
1956,0,5,0,0,17,0,0,17,0,0,12,0,0,"","","+17 au score de défense","","","","","","","","","","","","","",0xFF01FE,0,0,0,0,0,0,0,
1957,0,5,0,0,18,0,0,18,0,0,12,0,0,"","","+18 au score de défense","","","","","","","","","","","","","",0xFF01FE,0,0,0,0,0,0,0,
1958,0,5,0,0,19,0,0,19,0,0,12,0,0,"","","+19 au score de défense","","","","","","","","","","","","","",0xFF01FE,0,0,0,0,0,0,0,
1959,0,5,0,0,21,0,0,21,0,0,12,0,0,"","","+21 au score de défense","","","","","","","","","","","","","",0xFF01FE,0,0,0,0,0,0,0,
1960,0,5,0,0,23,0,0,23,0,0,12,0,0,"","","+23 au score de défense","","","","","","","","","","","","","",0xFF01FE,0,0,0,0,0,0,0,
1961,0,5,0,0,24,0,0,24,0,0,12,0,0,"","","+24 au score de défense","","","","","","","","","","","","","",0xFF01FE,0,0,0,0,0,0,0,
1962,0,5,0,0,26,0,0,26,0,0,12,0,0,"","","+26 au score de défense","","","","","","","","","","","","","",0xFF01FE,0,0,0,0,0,0,0,
1963,0,5,0,0,27,0,0,27,0,0,12,0,0,"","","+27 au score de défense","","","","","","","","","","","","","",0xFF01FE,0,0,0,0,0,0,0,
1964,0,5,0,0,28,0,0,28,0,0,12,0,0,"","","+28 au score de défense","","","","","","","","","","","","","",0xFF01FE,0,0,0,0,0,0,0,
1965,0,5,0,0,29,0,0,29,0,0,12,0,0,"","","+29 au score de défense","","","","","","","","","","","","","",0xFF01FE,0,0,0,0,0,0,0,
1966,0,5,0,0,30,0,0,30,0,0,12,0,0,"","","+30 au score de défense","","","","","","","","","","","","","",0xFF01FE,0,0,0,0,0,0,0,
1967,0,5,0,0,31,0,0,31,0,0,12,0,0,"","","+31 au score de défense","","","","","","","","","","","","","",0xFF01FE,0,0,0,0,0,0,0,
1968,0,5,0,0,33,0,0,33,0,0,12,0,0,"","","+33 au score de défense","","","","","","","","","","","","","",0xFF01FE,0,0,0,0,0,0,0,
1969,0,5,0,0,34,0,0,34,0,0,12,0,0,"","","+34 au score de défense","","","","","","","","","","","","","",0xFF01FE,0,0,0,0,0,0,0,
1970,0,5,0,0,35,0,0,35,0,0,12,0,0,"","","+35 au score de défense","","","","","","","","","","","","","",0xFF01FE,0,0,0,0,0,0,0,
1971,0,5,0,0,36,0,0,36,0,0,12,0,0,"","","+36 au score de défense","","","","","","","","","","","","","",0xFF01FE,0,0,0,0,0,0,0,
1972,0,5,0,0,37,0,0,37,0,0,12,0,0,"","","+37 au score de défense","","","","","","","","","","","","","",0xFF01FE,0,0,0,0,0,0,0,
1973,0,5,0,0,38,0,0,38,0,0,12,0,0,"","","+38 au score de défense","","","","","","","","","","","","","",0xFF01FE,0,0,0,0,0,0,0,
1983,0,5,0,0,5,0,0,5,0,0,15,0,0,"","","+5 au score de blocage","","","","","","","","","","","","","",0xFF01FE,0,0,0,0,0,0,0,
1984,0,5,0,0,10,0,0,10,0,0,15,0,0,"","","+10 au score de blocage","","","","","","","","","","","","","",0xFF01FE,0,0,0,0,0,0,0,
1985,0,5,0,0,15,0,0,15,0,0,15,0,0,"","","+15 au score de blocage","","","","","","","","","","","","","",0xFF01FE,0,0,0,0,0,0,0,
1986,0,5,0,0,20,0,0,20,0,0,15,0,0,"","","+20 au score de blocage","","","","","","","","","","","","","",0xFF01FE,0,0,0,0,0,0,0,
1987,0,5,5,0,2,2,0,2,2,0,15,4,0,"","","Bloquer niveau 14","","","","","","","","","","","","","",0xFF01FE,0,0,0,0,0,0,0,
1988,0,5,5,0,3,3,0,3,3,0,15,4,0,"","","Bloquer niveau 15","","","","","","","","","","","","","",0xFF01FE,0,0,0,0,0,0,0,
1989,0,5,5,0,3,3,0,3,3,0,15,4,0,"","","Bloquer niveau 16","","","","","","","","","","","","","",0xFF01FE,0,0,0,0,0,0,0,
1990,0,5,5,0,4,4,0,4,4,0,15,4,0,"","","Bloquer niveau 17","","","","","","","","","","","","","",0xFF01FE,0,0,0,0,0,0,0,
1991,0,5,5,0,4,4,0,4,4,0,15,4,0,"","","Bloquer niveau 18","","","","","","","","","","","","","",0xFF01FE,0,0,0,0,0,0,0,
1992,0,5,5,0,5,5,0,5,5,0,15,4,0,"","","Bloquer niveau 19","","","","","","","","","","","","","",0xFF01FE,0,0,0,0,0,0,0,
1993,0,5,5,0,5,5,0,5,5,0,15,4,0,"","","Bloquer niveau 20","","","","","","","","","","","","","",0xFF01FE,0,0,0,0,0,0,0,
1994,0,5,5,0,6,6,0,6,6,0,15,4,0,"","","Bloquer niveau 21","","","","","","","","","","","","","",0xFF01FE,0,0,0,0,0,0,0,
1995,0,5,5,0,6,6,0,6,6,0,15,4,0,"","","Bloquer niveau 22","","","","","","","","","","","","","",0xFF01FE,0,0,0,0,0,0,0,
1996,0,5,5,0,7,7,0,7,7,0,15,4,0,"","","Bloquer niveau 23","","","","","","","","","","","","","",0xFF01FE,0,0,0,0,0,0,0,
1997,0,5,5,0,7,7,0,7,7,0,15,4,0,"","","Bloquer niveau 24","","","","","","","","","","","","","",0xFF01FE,0,0,0,0,0,0,0,
1998,0,5,5,0,8,8,0,8,8,0,15,4,0,"","","Bloquer niveau 25","","","","","","","","","","","","","",0xFF01FE,0,0,0,0,0,0,0,
1999,0,5,5,0,8,8,0,8,8,0,15,4,0,"","","Bloquer niveau 26","","","","","","","","","","","","","",0xFF01FE,0,0,0,0,0,0,0,
2000,0,5,5,0,9,9,0,9,9,0,15,4,0,"","","Bloquer niveau 27","","","","","","","","","","","","","",0xFF01FE,0,0,0,0,0,0,0,
2001,0,5,5,0,9,9,0,9,9,0,15,4,0,"","","Bloquer niveau 28","","","","","","","","","","","","","",0xFF01FE,0,0,0,0,0,0,0,
2002,0,5,5,0,9,9,0,9,9,0,15,4,0,"","","Bloquer niveau 29","","","","","","","","","","","","","",0xFF01FE,0,0,0,0,0,0,0,
2003,0,5,5,0,9,9,0,9,9,0,15,4,0,"","","Bloquer niveau 30","","","","","","","","","","","","","",0xFF01FE,0,0,0,0,0,0,0,
2004,0,5,5,0,10,10,0,10,10,0,15,4,0,"","","Bloquer niveau 31","","","","","","","","","","","","","",0xFF01FE,0,0,0,0,0,0,0,
2005,0,5,5,0,10,10,0,10,10,0,15,4,0,"","","Bloquer niveau 32","","","","","","","","","","","","","",0xFF01FE,0,0,0,0,0,0,0,
2006,0,5,5,0,10,10,0,10,10,0,15,4,0,"","","Bloquer niveau 33","","","","","","","","","","","","","",0xFF01FE,0,0,0,0,0,0,0,
2007,0,5,5,0,10,10,0,10,10,0,15,4,0,"","","Bloquer niveau 34","","","","","","","","","","","","","",0xFF01FE,0,0,0,0,0,0,0,
2008,0,5,5,0,11,11,0,11,11,0,15,4,0,"","","Bloquer niveau 35","","","","","","","","","","","","","",0xFF01FE,0,0,0,0,0,0,0,
2009,0,5,5,0,11,11,0,11,11,0,15,4,0,"","","Bloquer niveau 36","","","","","","","","","","","","","",0xFF01FE,0,0,0,0,0,0,0,
2010,0,5,5,0,12,12,0,12,12,0,15,4,0,"","","Bloquer niveau 37","","","","","","","","","","","","","",0xFF01FE,0,0,0,0,0,0,0,
2011,0,5,5,0,12,12,0,12,12,0,15,4,0,"","","Bloquer niveau 38","","","","","","","","","","","","","",0xFF01FE,0,0,0,0,0,0,0,
2012,0,5,5,0,12,12,0,12,12,0,15,4,0,"","","Bloquer niveau 39","","","","","","","","","","","","","",0xFF01FE,0,0,0,0,0,0,0,
2013,0,5,5,0,12,12,0,12,12,0,15,4,0,"","","Bloquer niveau 40","","","","","","","","","","","","","",0xFF01FE,0,0,0,0,0,0,0,
2014,0,5,5,0,12,12,0,12,12,0,15,4,0,"","","Bloquer niveau 41","","","","","","","","","","","","","",0xFF01FE,0,0,0,0,0,0,0,
2015,0,5,5,0,12,12,0,12,12,0,15,4,0,"","","Bloquer niveau 42","","","","","","","","","","","","","",0xFF01FE,0,0,0,0,0,0,0,
2016,0,5,5,0,12,12,0,12,12,0,15,4,0,"","","Bloquer niveau 43","","","","","","","","","","","","","",0xFF01FE,0,0,0,0,0,0,0,
2017,0,5,5,0,12,12,0,12,12,0,15,4,0,"","","Bloquer niveau 44","","","","","","","","","","","","","",0xFF01FE,0,0,0,0,0,0,0,
2018,0,5,5,0,13,13,0,13,13,0,15,4,0,"","","Bloquer niveau 45","","","","","","","","","","","","","",0xFF01FE,0,0,0,0,0,0,0,
2019,0,5,5,0,13,13,0,13,13,0,15,4,0,"","","Bloquer niveau 46","","","","","","","","","","","","","",0xFF01FE,0,0,0,0,0,0,0,
2020,0,5,5,0,14,14,0,14,14,0,15,4,0,"","","Bloquer niveau 47","","","","","","","","","","","","","",0xFF01FE,0,0,0,0,0,0,0,
2021,0,5,5,0,14,14,0,14,14,0,15,4,0,"","","Bloquer niveau 48","","","","","","","","","","","","","",0xFF01FE,0,0,0,0,0,0,0,
2022,0,5,5,0,14,14,0,14,14,0,15,4,0,"","","Bloquer niveau 49","","","","","","","","","","","","","",0xFF01FE,0,0,0,0,0,0,0,
2023,0,5,5,0,14,14,0,14,14,0,15,4,0,"","","Bloquer niveau 50","","","","","","","","","","","","","",0xFF01FE,0,0,0,0,0,0,0,
2024,0,5,5,0,15,15,0,15,15,0,15,4,0,"","","Bloquer niveau 51","","","","","","","","","","","","","",0xFF01FE,0,0,0,0,0,0,0,
2025,0,5,5,0,15,15,0,15,15,0,15,4,0,"","","Bloquer niveau 52","","","","","","","","","","","","","",0xFF01FE,0,0,0,0,0,0,0,
2026,0,5,5,0,16,16,0,16,16,0,15,4,0,"","","Bloquer niveau 53","","","","","","","","","","","","","",0xFF01FE,0,0,0,0,0,0,0,
2027,0,5,5,0,16,16,0,16,16,0,15,4,0,"","","Bloquer niveau 54","","","","","","","","","","","","","",0xFF01FE,0,0,0,0,0,0,0,
2028,0,5,5,0,16,16,0,16,16,0,15,4,0,"","","Bloquer niveau 55","","","","","","","","","","","","","",0xFF01FE,0,0,0,0,0,0,0,
2029,0,5,5,0,16,16,0,16,16,0,15,4,0,"","","Bloquer niveau 56","","","","","","","","","","","","","",0xFF01FE,0,0,0,0,0,0,0,
2030,0,5,5,0,17,17,0,17,17,0,15,4,0,"","","Bloquer niveau 57","","","","","","","","","","","","","",0xFF01FE,0,0,0,0,0,0,0,
2031,0,5,5,0,17,17,0,17,17,0,15,4,0,"","","Bloquer niveau 58","","","","","","","","","","","","","",0xFF01FE,0,0,0,0,0,0,0,
2032,0,5,5,0,18,18,0,18,18,0,15,4,0,"","","Bloquer niveau 59","","","","","","","","","","","","","",0xFF01FE,0,0,0,0,0,0,0,
2033,0,5,5,0,18,18,0,18,18,0,15,4,0,"","","Bloquer niveau 60","","","","","","","","","","","","","",0xFF01FE,0,0,0,0,0,0,0,
2034,0,5,5,0,18,18,0,18,18,0,15,4,0,"","","Bloquer niveau 61","","","","","","","","","","","","","",0xFF01FE,0,0,0,0,0,0,0,
2035,0,5,5,0,18,18,0,18,18,0,15,4,0,"","","Bloquer niveau 62","","","","","","","","","","","","","",0xFF01FE,0,0,0,0,0,0,0,
2036,0,5,5,0,19,19,0,19,19,0,15,4,0,"","","Bloquer niveau 63","","","","","","","","","","","","","",0xFF01FE,0,0,0,0,0,0,0,
2037,0,5,5,0,19,19,0,19,19,0,15,4,0,"","","Bloquer niveau 64","","","","","","","","","","","","","",0xFF01FE,0,0,0,0,0,0,0,
2038,0,5,5,0,20,20,0,20,20,0,15,4,0,"","","Bloquer niveau 65","","","","","","","","","","","","","",0xFF01FE,0,0,0,0,0,0,0,
2039,0,5,5,0,20,20,0,20,20,0,15,4,0,"","","Bloquer niveau 66","","","","","","","","","","","","","",0xFF01FE,0,0,0,0,0,0,0,
2040,0,5,0,0,2,0,0,2,0,0,39,0,0,"","","+2 à la puissance des attaques à distance","","","","","","","","","","","","","",0xFF01FE,0,0,0,0,0,0,0,
2041,0,5,0,0,5,0,0,5,0,0,39,0,0,"","","+5 à la puissance des attaques à distance","","","","","","","","","","","","","",0xFF01FE,0,0,0,0,0,0,0,
2042,0,5,0,0,7,0,0,7,0,0,39,0,0,"","","+7 à la puissance des attaques à distance","","","","","","","","","","","","","",0xFF01FE,0,0,0,0,0,0,0,
2043,0,5,0,0,10,0,0,10,0,0,39,0,0,"","","+10 à la puissance des attaques à distance","","","","","","","","","","","","","",0xFF01FE,0,0,0,0,0,0,0,
2044,0,5,0,0,12,0,0,12,0,0,39,0,0,"","","+12 à la puissance des attaques à distance","","","","","","","","","","","","","",0xFF01FE,0,0,0,0,0,0,0,
2045,0,5,0,0,14,0,0,14,0,0,39,0,0,"","","+14 à la puissance des attaques à distance","","","","","","","","","","","","","",0xFF01FE,0,0,0,0,0,0,0,
2046,0,5,0,0,17,0,0,17,0,0,39,0,0,"","","+17 à la puissance des attaques à distance","","","","","","","","","","","","","",0xFF01FE,0,0,0,0,0,0,0,
2047,0,5,0,0,19,0,0,19,0,0,39,0,0,"","","+19 à la puissance des attaques à distance","","","","","","","","","","","","","",0xFF01FE,0,0,0,0,0,0,0,
2048,0,5,0,0,22,0,0,22,0,0,39,0,0,"","","+22 à la puissance des attaques à distance","","","","","","","","","","","","","",0xFF01FE,0,0,0,0,0,0,0,
2049,0,5,0,0,24,0,0,24,0,0,39,0,0,"","","+24 à la puissance des attaques à distance","","","","","","","","","","","","","",0xFF01FE,0,0,0,0,0,0,0,
2050,0,5,0,0,26,0,0,26,0,0,39,0,0,"","","+26 à la puissance des attaques à distance","","","","","","","","","","","","","",0xFF01FE,0,0,0,0,0,0,0,
2051,0,5,0,0,29,0,0,29,0,0,39,0,0,"","","+29 à la puissance des attaques à distance","","","","","","","","","","","","","",0xFF01FE,0,0,0,0,0,0,0,
2052,0,5,0,0,31,0,0,31,0,0,39,0,0,"","","+31 à la puissance des attaques à distance","","","","","","","","","","","","","",0xFF01FE,0,0,0,0,0,0,0,
2053,0,5,0,0,34,0,0,34,0,0,39,0,0,"","","+34 à la puissance des attaques à distance","","","","","","","","","","","","","",0xFF01FE,0,0,0,0,0,0,0,
2054,0,5,0,0,36,0,0,36,0,0,39,0,0,"","","+36 à la puissance des attaques à distance","","","","","","","","","","","","","",0xFF01FE,0,0,0,0,0,0,0,
2055,0,5,0,0,38,0,0,38,0,0,39,0,0,"","","+38 à la puissance des attaques à distance","","","","","","","","","","","","","",0xFF01FE,0,0,0,0,0,0,0,
2056,0,5,0,0,41,0,0,41,0,0,39,0,0,"","","+41 à la puissance des attaques à distance","","","","","","","","","","","","","",0xFF01FE,0,0,0,0,0,0,0,
2057,0,5,0,0,43,0,0,43,0,0,39,0,0,"","","+43 à la puissance des attaques à distance","","","","","","","","","","","","","",0xFF01FE,0,0,0,0,0,0,0,
2058,0,5,0,0,46,0,0,46,0,0,39,0,0,"","","+46 à la puissance des attaques à distance","","","","","","","","","","","","","",0xFF01FE,0,0,0,0,0,0,0,
2059,0,5,0,0,48,0,0,48,0,0,39,0,0,"","","+48 à la puissance des attaques à distance","","","","","","","","","","","","","",0xFF01FE,0,0,0,0,0,0,0,
2060,0,5,0,0,50,0,0,50,0,0,39,0,0,"","","+50 à la puissance des attaques à distance","","","","","","","","","","","","","",0xFF01FE,0,0,0,0,0,0,0,
2061,0,5,0,0,53,0,0,53,0,0,39,0,0,"","","+53 à la puissance des attaques à distance","","","","","","","","","","","","","",0xFF01FE,0,0,0,0,0,0,0,
2062,0,5,0,0,55,0,0,55,0,0,39,0,0,"","","+55 à la puissance des attaques à distance","","","","","","","","","","","","","",0xFF01FE,0,0,0,0,0,0,0,
2063,0,5,0,0,58,0,0,58,0,0,39,0,0,"","","+58 à la puissance des attaques à distance","","","","","","","","","","","","","",0xFF01FE,0,0,0,0,0,0,0,
2064,0,5,0,0,60,0,0,60,0,0,39,0,0,"","","+60 à la puissance des attaques à distance","","","","","","","","","","","","","",0xFF01FE,0,0,0,0,0,0,0,
2065,0,5,0,0,62,0,0,62,0,0,39,0,0,"","","+62 à la puissance des attaques à distance","","","","","","","","","","","","","",0xFF01FE,0,0,0,0,0,0,0,
2066,0,5,0,0,65,0,0,65,0,0,39,0,0,"","","+65 à la puissance des attaques à distance","","","","","","","","","","","","","",0xFF01FE,0,0,0,0,0,0,0,
2067,0,5,0,0,67,0,0,67,0,0,39,0,0,"","","+67 à la puissance des attaques à distance","","","","","","","","","","","","","",0xFF01FE,0,0,0,0,0,0,0,
2068,0,5,0,0,70,0,0,70,0,0,39,0,0,"","","+70 à la puissance des attaques à distance","","","","","","","","","","","","","",0xFF01FE,0,0,0,0,0,0,0,
2069,0,5,0,0,72,0,0,72,0,0,39,0,0,"","","+72 à la puissance des attaques à distance","","","","","","","","","","","","","",0xFF01FE,0,0,0,0,0,0,0,
2070,0,5,0,0,74,0,0,74,0,0,39,0,0,"","","+74 à la puissance des attaques à distance","","","","","","","","","","","","","",0xFF01FE,0,0,0,0,0,0,0,
2071,0,5,0,0,77,0,0,77,0,0,39,0,0,"","","+77 à la puissance des attaques à distance","","","","","","","","","","","","","",0xFF01FE,0,0,0,0,0,0,0,
2072,0,5,0,0,79,0,0,79,0,0,39,0,0,"","","+79 à la puissance des attaques à distance","","","","","","","","","","","","","",0xFF01FE,0,0,0,0,0,0,0,
2073,0,5,0,0,82,0,0,82,0,0,39,0,0,"","","+82 à la puissance des attaques à distance","","","","","","","","","","","","","",0xFF01FE,0,0,0,0,0,0,0,
2074,0,5,0,0,84,0,0,84,0,0,39,0,0,"","","+84 à la puissance des attaques à distance","","","","","","","","","","","","","",0xFF01FE,0,0,0,0,0,0,0,
2075,0,5,0,0,86,0,0,86,0,0,39,0,0,"","","+86 à la puissance des attaques à distance","","","","","","","","","","","","","",0xFF01FE,0,0,0,0,0,0,0,
2076,0,5,0,0,89,0,0,89,0,0,39,0,0,"","","+89 à la puissance des attaques à distance","","","","","","","","","","","","","",0xFF01FE,0,0,0,0,0,0,0,
2077,0,5,0,0,91,0,0,91,0,0,39,0,0,"","","+91 à la puissance des attaques à distance","","","","","","","","","","","","","",0xFF01FE,0,0,0,0,0,0,0,
2078,0,5,0,0,12,0,0,12,0,0,13,0,0,"","","+12 au score d'esquive","","","","","","","","","","","","","",0xFF01FE,0,0,0,0,0,0,0,
2079,0,3,0,0,0,0,0,0,0,0,13590,0,0,"","","+1 aux dégâts des sorts des Arcanes","","","","","","","","","","","","","",0xFF01FE,0,0,0,0,0,0,0,
2080,0,3,0,0,0,0,0,0,0,0,13591,0,0,"","","+3 aux dégâts des sorts des Arcanes","","","","","","","","","","","","","",0xFF01FE,0,0,0,0,0,0,0,
2081,0,3,0,0,4,0,0,4,0,0,13592,0,0,"","","+4 aux dégâts des sorts des Arcanes","","","","","","","","","","","","","",0xFF01FE,0,0,0,0,0,0,0,
2082,0,3,0,0,0,0,0,0,0,0,13593,0,0,"","","+6 aux dégâts des sorts des Arcanes","","","","","","","","","","","","","",0xFF01FE,0,0,0,0,0,0,0,
2083,0,3,0,0,0,0,0,0,0,0,13594,0,0,"","","+7 aux dégâts des sorts des Arcanes","","","","","","","","","","","","","",0xFF01FE,0,0,0,0,0,0,0,
2084,0,3,0,0,0,0,0,0,0,0,13595,0,0,"","","+9 aux dégâts des sorts des Arcanes","","","","","","","","","","","","","",0xFF01FE,0,0,0,0,0,0,0,
2085,0,3,0,0,0,0,0,0,0,0,13596,0,0,"","","+10 aux dégâts des sorts des Arcanes","","","","","","","","","","","","","",0xFF01FE,0,0,0,0,0,0,0,
2086,0,3,0,0,0,0,0,0,0,0,13597,0,0,"","","+11 aux dégâts des sorts des Arcanes","","","","","","","","","","","","","",0xFF01FE,0,0,0,0,0,0,0,
2087,0,3,0,0,0,0,0,0,0,0,13598,0,0,"","","+13 aux dégâts des sorts des Arcanes","","","","","","","","","","","","","",0xFF01FE,0,0,0,0,0,0,0,
2088,0,3,0,0,0,0,0,0,0,0,13599,0,0,"","","+14 aux dégâts des sorts des Arcanes","","","","","","","","","","","","","",0xFF01FE,0,0,0,0,0,0,0,
2089,0,3,0,0,0,0,0,0,0,0,13601,0,0,"","","+16 aux dégâts des sorts des Arcanes","","","","","","","","","","","","","",0xFF01FE,0,0,0,0,0,0,0,
2090,0,3,0,0,0,0,0,0,0,0,13602,0,0,"","","+17 aux dégâts des sorts des Arcanes","","","","","","","","","","","","","",0xFF01FE,0,0,0,0,0,0,0,
2091,0,3,0,0,0,0,0,0,0,0,13603,0,0,"","","+19 aux dégâts des sorts des Arcanes","","","","","","","","","","","","","",0xFF01FE,0,0,0,0,0,0,0,
2092,0,3,0,0,0,0,0,0,0,0,13604,0,0,"","","+20 aux dégâts des sorts des Arcanes","","","","","","","","","","","","","",0xFF01FE,0,0,0,0,0,0,0,
2093,0,3,0,0,0,0,0,0,0,0,13605,0,0,"","","+21 aux dégâts des sorts des Arcanes","","","","","","","","","","","","","",0xFF01FE,0,0,0,0,0,0,0,
2094,0,3,0,0,0,0,0,0,0,0,17821,0,0,"","","+23 aux dégâts des sorts des Arcanes","","","","","","","","","","","","","",0xFF01FE,0,0,0,0,0,0,0,
2095,0,3,0,0,0,0,0,0,0,0,17822,0,0,"","","+24 aux dégâts des sorts des Arcanes","","","","","","","","","","","","","",0xFF01FE,0,0,0,0,0,0,0,
2096,0,3,0,0,0,0,0,0,0,0,17823,0,0,"","","+26 aux dégâts des sorts des Arcanes","","","","","","","","","","","","","",0xFF01FE,0,0,0,0,0,0,0,
2097,0,3,0,0,0,0,0,0,0,0,17824,0,0,"","","+27 aux dégâts des sorts des Arcanes","","","","","","","","","","","","","",0xFF01FE,0,0,0,0,0,0,0,
2098,0,3,0,0,0,0,0,0,0,0,17825,0,0,"","","+29 aux dégâts des sorts des Arcanes","","","","","","","","","","","","","",0xFF01FE,0,0,0,0,0,0,0,
2099,0,3,0,0,0,0,0,0,0,0,17826,0,0,"","","+30 aux dégâts des sorts des Arcanes","","","","","","","","","","","","","",0xFF01FE,0,0,0,0,0,0,0,
2100,0,3,0,0,0,0,0,0,0,0,17827,0,0,"","","+31 aux dégâts des sorts des Arcanes","","","","","","","","","","","","","",0xFF01FE,0,0,0,0,0,0,0,
2101,0,3,0,0,0,0,0,0,0,0,17828,0,0,"","","+33 aux dégâts des sorts des Arcanes","","","","","","","","","","","","","",0xFF01FE,0,0,0,0,0,0,0,
2102,0,3,0,0,0,0,0,0,0,0,17829,0,0,"","","+34 aux dégâts des sorts des Arcanes","","","","","","","","","","","","","",0xFF01FE,0,0,0,0,0,0,0,
2103,0,3,0,0,0,0,0,0,0,0,17830,0,0,"","","+36 aux dégâts des sorts des Arcanes","","","","","","","","","","","","","",0xFF01FE,0,0,0,0,0,0,0,
2104,0,3,0,0,0,0,0,0,0,0,17832,0,0,"","","+37 aux dégâts des sorts des Arcanes","","","","","","","","","","","","","",0xFF01FE,0,0,0,0,0,0,0,
2105,0,3,0,0,0,0,0,0,0,0,17837,0,0,"","","+39 aux dégâts des sorts des Arcanes","","","","","","","","","","","","","",0xFF01FE,0,0,0,0,0,0,0,
2106,0,3,0,0,0,0,0,0,0,0,17838,0,0,"","","+40 aux dégâts des sorts des Arcanes","","","","","","","","","","","","","",0xFF01FE,0,0,0,0,0,0,0,
2107,0,3,0,0,0,0,0,0,0,0,17839,0,0,"","","+41 aux dégâts des sorts des Arcanes","","","","","","","","","","","","","",0xFF01FE,0,0,0,0,0,0,0,
2108,0,3,0,0,0,0,0,0,0,0,17840,0,0,"","","+43 aux dégâts des sorts des Arcanes","","","","","","","","","","","","","",0xFF01FE,0,0,0,0,0,0,0,
2109,0,3,0,0,0,0,0,0,0,0,17841,0,0,"","","+44 aux dégâts des sorts des Arcanes","","","","","","","","","","","","","",0xFF01FE,0,0,0,0,0,0,0,
2110,0,3,0,0,0,0,0,0,0,0,17842,0,0,"","","+46 aux dégâts des sorts des Arcanes","","","","","","","","","","","","","",0xFF01FE,0,0,0,0,0,0,0,
2111,0,3,0,0,0,0,0,0,0,0,17844,0,0,"","","+47 aux dégâts des sorts des Arcanes","","","","","","","","","","","","","",0xFF01FE,0,0,0,0,0,0,0,
2112,0,3,0,0,0,0,0,0,0,0,17845,0,0,"","","+49 aux dégâts des sorts des Arcanes","","","","","","","","","","","","","",0xFF01FE,0,0,0,0,0,0,0,
2113,0,3,0,0,0,0,0,0,0,0,17846,0,0,"","","+50 aux dégâts des sorts des Arcanes","","","","","","","","","","","","","",0xFF01FE,0,0,0,0,0,0,0,
2114,0,3,0,0,0,0,0,0,0,0,17847,0,0,"","","+51 aux dégâts des sorts des Arcanes","","","","","","","","","","","","","",0xFF01FE,0,0,0,0,0,0,0,
2115,0,3,0,0,0,0,0,0,0,0,17848,0,0,"","","+53 aux dégâts des sorts des Arcanes","","","","","","","","","","","","","",0xFF01FE,0,0,0,0,0,0,0,
2116,0,3,0,0,0,0,0,0,0,0,17849,0,0,"","","+54 aux dégâts des sorts des Arcanes","","","","","","","","","","","","","",0xFF01FE,0,0,0,0,0,0,0,
2117,0,3,0,0,0,0,0,0,0,0,7704,0,0,"","","+1 aux dégâts des sorts d'Ombre","","","","","","","","","","","","","",0xFF01FE,0,0,0,0,0,0,0,
2118,0,3,0,0,0,0,0,0,0,0,7705,0,0,"","","+3 aux dégâts des sorts d'Ombre","","","","","","","","","","","","","",0xFF01FE,0,0,0,0,0,0,0,
2119,0,3,0,0,0,0,0,0,0,0,7706,0,0,"","","+4 aux dégâts des sorts d'Ombre","","","","","","","","","","","","","",0xFF01FE,0,0,0,0,0,0,0,
2120,0,3,0,0,0,0,0,0,0,0,7707,0,0,"","","+6 aux dégâts des sorts d'Ombre","","","","","","","","","","","","","",0xFF01FE,0,0,0,0,0,0,0,
2121,0,3,0,0,0,0,0,0,0,0,7708,0,0,"","","+7 aux dégâts des sorts d'Ombre","","","","","","","","","","","","","",0xFF01FE,0,0,0,0,0,0,0,
2122,0,3,0,0,0,0,0,0,0,0,7710,0,0,"","","+9 aux dégâts des sorts d'Ombre","","","","","","","","","","","","","",0xFF01FE,0,0,0,0,0,0,0,
2123,0,3,0,0,0,0,0,0,0,0,7709,0,0,"","","+10 aux dégâts des sorts d'Ombre","","","","","","","","","","","","","",0xFF01FE,0,0,0,0,0,0,0,
2124,0,3,0,0,0,0,0,0,0,0,9412,0,0,"","","+11 aux dégâts des sorts d'Ombre","","","","","","","","","","","","","",0xFF01FE,0,0,0,0,0,0,0,
2125,0,3,0,0,0,0,0,0,0,0,9413,0,0,"","","+13 aux dégâts des sorts d'Ombre","","","","","","","","","","","","","",0xFF01FE,0,0,0,0,0,0,0,
2126,0,3,0,0,0,0,0,0,0,0,9414,0,0,"","","+14 aux dégâts des sorts d'Ombre","","","","","","","","","","","","","",0xFF01FE,0,0,0,0,0,0,0,
2127,0,3,0,0,0,0,0,0,0,0,9324,0,0,"","","+16 aux dégâts des sorts d'Ombre","","","","","","","","","","","","","",0xFF01FE,0,0,0,0,0,0,0,
2128,0,3,0,0,0,0,0,0,0,0,9325,0,0,"","","+17 aux dégâts des sorts d'Ombre","","","","","","","","","","","","","",0xFF01FE,0,0,0,0,0,0,0,
2129,0,3,0,0,0,0,0,0,0,0,9326,0,0,"","","+19 aux dégâts des sorts d'Ombre","","","","","","","","","","","","","",0xFF01FE,0,0,0,0,0,0,0,
2130,0,3,0,0,0,0,0,0,0,0,9327,0,0,"","","+20 aux dégâts des sorts d'Ombre","","","","","","","","","","","","","",0xFF01FE,0,0,0,0,0,0,0,
2131,0,3,0,0,0,0,0,0,0,0,9328,0,0,"","","+21 aux dégâts des sorts d'Ombre","","","","","","","","","","","","","",0xFF01FE,0,0,0,0,0,0,0,
2132,0,3,0,0,0,0,0,0,0,0,14793,0,0,"","","+23 aux dégâts des sorts d'Ombre","","","","","","","","","","","","","",0xFF01FE,0,0,0,0,0,0,0,
2133,0,3,0,0,0,0,0,0,0,0,14794,0,0,"","","+24 aux dégâts des sorts d'Ombre","","","","","","","","","","","","","",0xFF01FE,0,0,0,0,0,0,0,
2134,0,3,0,0,0,0,0,0,0,0,18008,0,0,"","","+26 aux dégâts des sorts d'Ombre","","","","","","","","","","","","","",0xFF01FE,0,0,0,0,0,0,0,
2135,0,3,0,0,0,0,0,0,0,0,18009,0,0,"","","+27 aux dégâts des sorts d'Ombre","","","","","","","","","","","","","",0xFF01FE,0,0,0,0,0,0,0,
2136,0,3,0,0,0,0,0,0,0,0,18010,0,0,"","","+29 aux dégâts des sorts d'Ombre","","","","","","","","","","","","","",0xFF01FE,0,0,0,0,0,0,0,
2137,0,3,0,0,0,0,0,0,0,0,18011,0,0,"","","+30 aux dégâts des sorts d'Ombre","","","","","","","","","","","","","",0xFF01FE,0,0,0,0,0,0,0,
2138,0,3,0,0,0,0,0,0,0,0,18012,0,0,"","","+31 aux dégâts des sorts d'Ombre","","","","","","","","","","","","","",0xFF01FE,0,0,0,0,0,0,0,
2139,0,3,0,0,0,0,0,0,0,0,18013,0,0,"","","+33 aux dégâts des sorts d'Ombre","","","","","","","","","","","","","",0xFF01FE,0,0,0,0,0,0,0,
2140,0,3,0,0,0,0,0,0,0,0,18014,0,0,"","","+34 aux dégâts des sorts d'Ombre","","","","","","","","","","","","","",0xFF01FE,0,0,0,0,0,0,0,
2141,0,3,0,0,0,0,0,0,0,0,18015,0,0,"","","+36 aux dégâts des sorts d'Ombre","","","","","","","","","","","","","",0xFF01FE,0,0,0,0,0,0,0,
2142,0,3,0,0,0,0,0,0,0,0,18016,0,0,"","","+37 aux dégâts des sorts d'Ombre","","","","","","","","","","","","","",0xFF01FE,0,0,0,0,0,0,0,
2143,0,3,0,0,0,0,0,0,0,0,18017,0,0,"","","+39 aux dégâts des sorts d'Ombre","","","","","","","","","","","","","",0xFF01FE,0,0,0,0,0,0,0,
2144,0,3,0,0,0,0,0,0,0,0,18018,0,0,"","","+40 aux dégâts des sorts d'Ombre","","","","","","","","","","","","","",0xFF01FE,0,0,0,0,0,0,0,
2145,0,3,0,0,0,0,0,0,0,0,18019,0,0,"","","+41 aux dégâts des sorts d'Ombre","","","","","","","","","","","","","",0xFF01FE,0,0,0,0,0,0,0,
2146,0,3,0,0,0,0,0,0,0,0,18020,0,0,"","","+43 aux dégâts des sorts d'Ombre","","","","","","","","","","","","","",0xFF01FE,0,0,0,0,0,0,0,
2147,0,3,0,0,0,0,0,0,0,0,18021,0,0,"","","+44 aux dégâts des sorts d'Ombre","","","","","","","","","","","","","",0xFF01FE,0,0,0,0,0,0,0,
2148,0,3,0,0,0,0,0,0,0,0,18022,0,0,"","","+46 aux dégâts des sorts d'Ombre","","","","","","","","","","","","","",0xFF01FE,0,0,0,0,0,0,0,
2149,0,3,0,0,0,0,0,0,0,0,18023,0,0,"","","+47 aux dégâts des sorts d'Ombre","","","","","","","","","","","","","",0xFF01FE,0,0,0,0,0,0,0,
2150,0,3,0,0,0,0,0,0,0,0,18024,0,0,"","","+49 aux dégâts des sorts d'Ombre","","","","","","","","","","","","","",0xFF01FE,0,0,0,0,0,0,0,
2151,0,3,0,0,0,0,0,0,0,0,18025,0,0,"","","+50 aux dégâts des sorts d'Ombre","","","","","","","","","","","","","",0xFF01FE,0,0,0,0,0,0,0,
2152,0,3,0,0,0,0,0,0,0,0,18026,0,0,"","","+51 aux dégâts des sorts d'Ombre","","","","","","","","","","","","","",0xFF01FE,0,0,0,0,0,0,0,
2153,0,3,0,0,0,0,0,0,0,0,18027,0,0,"","","+53 aux dégâts des sorts d'Ombre","","","","","","","","","","","","","",0xFF01FE,0,0,0,0,0,0,0,
2154,0,3,0,0,0,0,0,0,0,0,18028,0,0,"","","+54 aux dégâts des sorts d'Ombre","","","","","","","","","","","","","",0xFF01FE,0,0,0,0,0,0,0,
2155,0,3,0,0,0,0,0,0,0,0,7683,0,0,"","","+1 aux dégâts des sorts de Feu","","","","","","","","","","","","","",0xFF01FE,0,0,0,0,0,0,0,
2156,0,3,0,0,0,0,0,0,0,0,7684,0,0,"","","+3 aux dégâts des sorts de Feu","","","","","","","","","","","","","",0xFF01FE,0,0,0,0,0,0,0,
2157,0,3,0,0,0,0,0,0,0,0,7685,0,0,"","","+4 aux dégâts des sorts de Feu","","","","","","","","","","","","","",0xFF01FE,0,0,0,0,0,0,0,
2158,0,3,0,0,0,0,0,0,0,0,7686,0,0,"","","+6 aux dégâts des sorts de Feu","","","","","","","","","","","","","",0xFF01FE,0,0,0,0,0,0,0,
2159,0,3,0,0,0,0,0,0,0,0,7687,0,0,"","","+7 aux dégâts des sorts de Feu","","","","","","","","","","","","","",0xFF01FE,0,0,0,0,0,0,0,
2160,0,3,0,0,0,0,0,0,0,0,7688,0,0,"","","+9 aux dégâts des sorts de Feu","","","","","","","","","","","","","",0xFF01FE,0,0,0,0,0,0,0,
2161,0,3,0,0,0,0,0,0,0,0,7689,0,0,"","","+10 aux dégâts des sorts de Feu","","","","","","","","","","","","","",0xFF01FE,0,0,0,0,0,0,0,
2162,0,3,0,0,0,0,0,0,0,0,9399,0,0,"","","+11 aux dégâts des sorts de Feu","","","","","","","","","","","","","",0xFF01FE,0,0,0,0,0,0,0,
2163,0,3,0,0,0,0,0,0,0,0,9400,0,0,"","","+13 aux dégâts des sorts de Feu","","","","","","","","","","","","","",0xFF01FE,0,0,0,0,0,0,0,
2164,0,3,0,0,0,0,0,0,0,0,9401,0,0,"","","+14 aux dégâts des sorts de Feu","","","","","","","","","","","","","",0xFF01FE,0,0,0,0,0,0,0,
2165,0,3,0,0,0,0,0,0,0,0,9294,0,0,"","","+16 aux dégâts des sorts de Feu","","","","","","","","","","","","","",0xFF01FE,0,0,0,0,0,0,0,
2166,0,3,0,0,0,0,0,0,0,0,9295,0,0,"","","+17 aux dégâts des sorts de Feu","","","","","","","","","","","","","",0xFF01FE,0,0,0,0,0,0,0,
2167,0,3,0,0,0,0,0,0,0,0,9296,0,0,"","","+19 aux dégâts des sorts de Feu","","","","","","","","","","","","","",0xFF01FE,0,0,0,0,0,0,0,
2168,0,3,0,0,0,0,0,0,0,0,9297,0,0,"","","+20 aux dégâts des sorts de Feu","","","","","","","","","","","","","",0xFF01FE,0,0,0,0,0,0,0,
2169,0,3,0,0,0,0,0,0,0,0,9298,0,0,"","","+21 aux dégâts des sorts de Feu","","","","","","","","","","","","","",0xFF01FE,0,0,0,0,0,0,0,
2170,0,3,0,0,0,0,0,0,0,0,17747,0,0,"","","+23 aux dégâts des sorts de Feu","","","","","","","","","","","","","",0xFF01FE,0,0,0,0,0,0,0,
2171,0,3,0,0,0,0,0,0,0,0,17866,0,0,"","","+24 aux dégâts des sorts de Feu","","","","","","","","","","","","","",0xFF01FE,0,0,0,0,0,0,0,
2172,0,3,0,0,0,0,0,0,0,0,17867,0,0,"","","+26 aux dégâts des sorts de Feu","","","","","","","","","","","","","",0xFF01FE,0,0,0,0,0,0,0,
2173,0,3,0,0,0,0,0,0,0,0,17868,0,0,"","","+27 aux dégâts des sorts de Feu","","","","","","","","","","","","","",0xFF01FE,0,0,0,0,0,0,0,
2174,0,3,0,0,0,0,0,0,0,0,13830,0,0,"","","+29 aux dégâts des sorts de Feu","","","","","","","","","","","","","",0xFF01FE,0,0,0,0,0,0,0,
2175,0,3,0,0,0,0,0,0,0,0,17869,0,0,"","","+30 aux dégâts des sorts de Feu","","","","","","","","","","","","","",0xFF01FE,0,0,0,0,0,0,0,
2176,0,3,0,0,0,0,0,0,0,0,17870,0,0,"","","+31 aux dégâts des sorts de Feu","","","","","","","","","","","","","",0xFF01FE,0,0,0,0,0,0,0,
2177,0,3,0,0,0,0,0,0,0,0,17871,0,0,"","","+33 aux dégâts des sorts de Feu","","","","","","","","","","","","","",0xFF01FE,0,0,0,0,0,0,0,
2178,0,3,0,0,0,0,0,0,0,0,17872,0,0,"","","+34 aux dégâts des sorts de Feu","","","","","","","","","","","","","",0xFF01FE,0,0,0,0,0,0,0,
2179,0,3,0,0,0,0,0,0,0,0,17873,0,0,"","","+36 aux dégâts des sorts de Feu","","","","","","","","","","","","","",0xFF01FE,0,0,0,0,0,0,0,
2180,0,3,0,0,0,0,0,0,0,0,17874,0,0,"","","+37 aux dégâts des sorts de Feu","","","","","","","","","","","","","",0xFF01FE,0,0,0,0,0,0,0,
2181,0,3,0,0,0,0,0,0,0,0,17684,0,0,"","","+39 aux dégâts des sorts de Feu","","","","","","","","","","","","","",0xFF01FE,0,0,0,0,0,0,0,
2182,0,3,0,0,0,0,0,0,0,0,17875,0,0,"","","+40 aux dégâts des sorts de Feu","","","","","","","","","","","","","",0xFF01FE,0,0,0,0,0,0,0,
2183,0,3,0,0,0,0,0,0,0,0,17876,0,0,"","","+41 aux dégâts des sorts de Feu","","","","","","","","","","","","","",0xFF01FE,0,0,0,0,0,0,0,
2184,0,3,0,0,0,0,0,0,0,0,17878,0,0,"","","+43 aux dégâts des sorts de Feu","","","","","","","","","","","","","",0xFF01FE,0,0,0,0,0,0,0,
2185,0,3,0,0,0,0,0,0,0,0,17879,0,0,"","","+44 aux dégâts des sorts de Feu","","","","","","","","","","","","","",0xFF01FE,0,0,0,0,0,0,0,
2186,0,3,0,0,0,0,0,0,0,0,17880,0,0,"","","+46 aux dégâts des sorts de Feu","","","","","","","","","","","","","",0xFF01FE,0,0,0,0,0,0,0,
2187,0,3,0,0,0,0,0,0,0,0,17881,0,0,"","","+47 aux dégâts des sorts de Feu","","","","","","","","","","","","","",0xFF01FE,0,0,0,0,0,0,0,
2188,0,3,0,0,0,0,0,0,0,0,17882,0,0,"","","+49 aux dégâts des sorts de Feu","","","","","","","","","","","","","",0xFF01FE,0,0,0,0,0,0,0,
2189,0,3,0,0,0,0,0,0,0,0,17884,0,0,"","","+50 aux dégâts des sorts de Feu","","","","","","","","","","","","","",0xFF01FE,0,0,0,0,0,0,0,
2190,0,3,0,0,0,0,0,0,0,0,17885,0,0,"","","+51 aux dégâts des sorts de Feu","","","","","","","","","","","","","",0xFF01FE,0,0,0,0,0,0,0,
2191,0,3,0,0,0,0,0,0,0,0,17886,0,0,"","","+53 aux dégâts des sorts de Feu","","","","","","","","","","","","","",0xFF01FE,0,0,0,0,0,0,0,
2192,0,3,0,0,0,0,0,0,0,0,17887,0,0,"","","+54 aux dégâts des sorts de Feu","","","","","","","","","","","","","",0xFF01FE,0,0,0,0,0,0,0,
2193,0,3,0,0,0,0,0,0,0,0,21499,0,0,"","","+1 aux dégâts des sorts du Sacré","","","","","","","","","","","","","",0xFF01FE,0,0,0,0,0,0,0,
2194,0,3,0,0,0,0,0,0,0,0,21500,0,0,"","","+3 aux dégâts des sorts du Sacré","","","","","","","","","","","","","",0xFF01FE,0,0,0,0,0,0,0,
2195,0,3,0,0,0,0,0,0,0,0,21501,0,0,"","","+4 aux dégâts des sorts du Sacré","","","","","","","","","","","","","",0xFF01FE,0,0,0,0,0,0,0,
2196,0,3,0,0,0,0,0,0,0,0,21502,0,0,"","","+6 aux dégâts des sorts du Sacré","","","","","","","","","","","","","",0xFF01FE,0,0,0,0,0,0,0,
2197,0,3,0,0,0,0,0,0,0,0,21503,0,0,"","","+7 aux dégâts des sorts du Sacré","","","","","","","","","","","","","",0xFF01FE,0,0,0,0,0,0,0,
2198,0,3,0,0,0,0,0,0,0,0,21504,0,0,"","","+9 aux dégâts des sorts du Sacré","","","","","","","","","","","","","",0xFF01FE,0,0,0,0,0,0,0,
2199,0,3,0,0,0,0,0,0,0,0,21505,0,0,"","","+10 aux dégâts des sorts du Sacré","","","","","","","","","","","","","",0xFF01FE,0,0,0,0,0,0,0,
2200,0,3,0,0,0,0,0,0,0,0,21506,0,0,"","","+11 aux dégâts des sorts du Sacré","","","","","","","","","","","","","",0xFF01FE,0,0,0,0,0,0,0,
2201,0,3,0,0,0,0,0,0,0,0,21507,0,0,"","","+13 aux dégâts des sorts du Sacré","","","","","","","","","","","","","",0xFF01FE,0,0,0,0,0,0,0,
2202,0,3,0,0,0,0,0,0,0,0,21508,0,0,"","","+14 aux dégâts des sorts du Sacré","","","","","","","","","","","","","",0xFF01FE,0,0,0,0,0,0,0,
2203,0,3,0,0,0,0,0,0,0,0,21509,0,0,"","","+16 aux dégâts des sorts du Sacré","","","","","","","","","","","","","",0xFF01FE,0,0,0,0,0,0,0,
2204,0,3,0,0,0,0,0,0,0,0,21510,0,0,"","","+17 aux dégâts des sorts du Sacré","","","","","","","","","","","","","",0xFF01FE,0,0,0,0,0,0,0,
2205,0,3,0,0,0,0,0,0,0,0,21511,0,0,"","","+19 aux dégâts des sorts du Sacré","","","","","","","","","","","","","",0xFF01FE,0,0,0,0,0,0,0,
2206,0,3,0,0,0,0,0,0,0,0,21512,0,0,"","","+20 aux dégâts des sorts du Sacré","","","","","","","","","","","","","",0xFF01FE,0,0,0,0,0,0,0,
2207,0,3,0,0,0,0,0,0,0,0,21513,0,0,"","","+21 aux dégâts des sorts du Sacré","","","","","","","","","","","","","",0xFF01FE,0,0,0,0,0,0,0,
2208,0,3,0,0,0,0,0,0,0,0,21514,0,0,"","","+23 aux dégâts des sorts du Sacré","","","","","","","","","","","","","",0xFF01FE,0,0,0,0,0,0,0,
2209,0,3,0,0,0,0,0,0,0,0,21515,0,0,"","","+24 aux dégâts des sorts du Sacré","","","","","","","","","","","","","",0xFF01FE,0,0,0,0,0,0,0,
2210,0,3,0,0,0,0,0,0,0,0,21516,0,0,"","","+26 aux dégâts des sorts du Sacré","","","","","","","","","","","","","",0xFF01FE,0,0,0,0,0,0,0,
2211,0,3,0,0,0,0,0,0,0,0,21517,0,0,"","","+27 aux dégâts des sorts du Sacré","","","","","","","","","","","","","",0xFF01FE,0,0,0,0,0,0,0,
2212,0,3,0,0,0,0,0,0,0,0,21518,0,0,"","","+29 aux dégâts des sorts du Sacré","","","","","","","","","","","","","",0xFF01FE,0,0,0,0,0,0,0,
2213,0,3,0,0,0,0,0,0,0,0,21519,0,0,"","","+30 aux dégâts des sorts du Sacré","","","","","","","","","","","","","",0xFF01FE,0,0,0,0,0,0,0,
2214,0,3,0,0,0,0,0,0,0,0,21520,0,0,"","","+31 aux dégâts des sorts du Sacré","","","","","","","","","","","","","",0xFF01FE,0,0,0,0,0,0,0,
2215,0,3,0,0,0,0,0,0,0,0,21521,0,0,"","","+33 aux dégâts des sorts du Sacré","","","","","","","","","","","","","",0xFF01FE,0,0,0,0,0,0,0,
2216,0,3,0,0,0,0,0,0,0,0,21522,0,0,"","","+34 aux dégâts des sorts du Sacré","","","","","","","","","","","","","",0xFF01FE,0,0,0,0,0,0,0,
2217,0,3,0,0,0,0,0,0,0,0,21523,0,0,"","","+36 aux dégâts des sorts du Sacré","","","","","","","","","","","","","",0xFF01FE,0,0,0,0,0,0,0,
2218,0,3,0,0,0,0,0,0,0,0,21524,0,0,"","","+37 aux dégâts des sorts du Sacré","","","","","","","","","","","","","",0xFF01FE,0,0,0,0,0,0,0,
2219,0,3,0,0,0,0,0,0,0,0,21525,0,0,"","","+39 aux dégâts des sorts du Sacré","","","","","","","","","","","","","",0xFF01FE,0,0,0,0,0,0,0,
2220,0,3,0,0,0,0,0,0,0,0,21526,0,0,"","","+40 aux dégâts des sorts du Sacré","","","","","","","","","","","","","",0xFF01FE,0,0,0,0,0,0,0,
2221,0,3,0,0,0,0,0,0,0,0,21527,0,0,"","","+41 aux dégâts des sorts du Sacré","","","","","","","","","","","","","",0xFF01FE,0,0,0,0,0,0,0,
2222,0,3,0,0,0,0,0,0,0,0,21528,0,0,"","","+43 aux dégâts des sorts du Sacré","","","","","","","","","","","","","",0xFF01FE,0,0,0,0,0,0,0,
2223,0,3,0,0,0,0,0,0,0,0,21529,0,0,"","","+44 aux dégâts des sorts du Sacré","","","","","","","","","","","","","",0xFF01FE,0,0,0,0,0,0,0,
2224,0,3,0,0,0,0,0,0,0,0,21530,0,0,"","","+46 aux dégâts des sorts du Sacré","","","","","","","","","","","","","",0xFF01FE,0,0,0,0,0,0,0,
2225,0,3,0,0,0,0,0,0,0,0,21531,0,0,"","","+47 aux dégâts des sorts du Sacré","","","","","","","","","","","","","",0xFF01FE,0,0,0,0,0,0,0,
2226,0,3,0,0,0,0,0,0,0,0,21532,0,0,"","","+49 aux dégâts des sorts du Sacré","","","","","","","","","","","","","",0xFF01FE,0,0,0,0,0,0,0,
2227,0,3,0,0,0,0,0,0,0,0,21533,0,0,"","","+50 aux dégâts des sorts du Sacré","","","","","","","","","","","","","",0xFF01FE,0,0,0,0,0,0,0,
2228,0,3,0,0,0,0,0,0,0,0,21534,0,0,"","","+51 aux dégâts des sorts du Sacré","","","","","","","","","","","","","",0xFF01FE,0,0,0,0,0,0,0,
2229,0,3,0,0,0,0,0,0,0,0,21535,0,0,"","","+53 aux dégâts des sorts du Sacré","","","","","","","","","","","","","",0xFF01FE,0,0,0,0,0,0,0,
2230,0,3,0,0,0,0,0,0,0,0,21536,0,0,"","","+54 aux dégâts des sorts du Sacré","","","","","","","","","","","","","",0xFF01FE,0,0,0,0,0,0,0,
2231,0,3,0,0,0,0,0,0,0,0,7697,0,0,"","","+1 aux dégâts des sorts de Givre","","","","","","","","","","","","","",0xFF01FE,0,0,0,0,0,0,0,
2232,0,3,0,0,0,0,0,0,0,0,7698,0,0,"","","+3 aux dégâts des sorts de Givre","","","","","","","","","","","","","",0xFF01FE,0,0,0,0,0,0,0,
2233,0,3,0,0,0,0,0,0,0,0,7699,0,0,"","","+4 aux dégâts des sorts de Givre","","","","","","","","","","","","","",0xFF01FE,0,0,0,0,0,0,0,
2234,0,3,0,0,0,0,0,0,0,0,7700,0,0,"","","+6 aux dégâts des sorts de Givre","","","","","","","","","","","","","",0xFF01FE,0,0,0,0,0,0,0,
2235,0,3,0,0,0,0,0,0,0,0,7701,0,0,"","","+7 aux dégâts des sorts de Givre","","","","","","","","","","","","","",0xFF01FE,0,0,0,0,0,0,0,
2236,0,3,0,0,0,0,0,0,0,0,7702,0,0,"","","+9 aux dégâts des sorts de Givre","","","","","","","","","","","","","",0xFF01FE,0,0,0,0,0,0,0,
2237,0,3,0,0,0,0,0,0,0,0,7703,0,0,"","","+10 aux dégâts des sorts de Givre","","","","","","","","","","","","","",0xFF01FE,0,0,0,0,0,0,0,
2238,0,3,0,0,0,0,0,0,0,0,9402,0,0,"","","+11 aux dégâts des sorts de Givre","","","","","","","","","","","","","",0xFF01FE,0,0,0,0,0,0,0,
2239,0,3,0,0,0,0,0,0,0,0,9403,0,0,"","","+13 aux dégâts des sorts de Givre","","","","","","","","","","","","","",0xFF01FE,0,0,0,0,0,0,0,
2240,0,3,0,0,0,0,0,0,0,0,9404,0,0,"","","+14 aux dégâts des sorts de Givre","","","","","","","","","","","","","",0xFF01FE,0,0,0,0,0,0,0,
2241,0,3,0,0,0,0,0,0,0,0,9304,0,0,"","","+16 aux dégâts des sorts de Givre","","","","","","","","","","","","","",0xFF01FE,0,0,0,0,0,0,0,
2242,0,3,0,0,0,0,0,0,0,0,9305,0,0,"","","+17 aux dégâts des sorts de Givre","","","","","","","","","","","","","",0xFF01FE,0,0,0,0,0,0,0,
2243,0,3,0,0,0,0,0,0,0,0,9306,0,0,"","","+19 aux dégâts des sorts de Givre","","","","","","","","","","","","","",0xFF01FE,0,0,0,0,0,0,0,
2244,0,3,0,0,0,0,0,0,0,0,9307,0,0,"","","+20 aux dégâts des sorts de Givre","","","","","","","","","","","","","",0xFF01FE,0,0,0,0,0,0,0,
2245,0,3,0,0,0,0,0,0,0,0,9308,0,0,"","","+21 aux dégâts des sorts de Givre","","","","","","","","","","","","","",0xFF01FE,0,0,0,0,0,0,0,
2246,0,3,0,0,0,0,0,0,0,0,17889,0,0,"","","+23 aux dégâts des sorts de Givre","","","","","","","","","","","","","",0xFF01FE,0,0,0,0,0,0,0,
2247,0,3,0,0,0,0,0,0,0,0,17890,0,0,"","","+24 aux dégâts des sorts de Givre","","","","","","","","","","","","","",0xFF01FE,0,0,0,0,0,0,0,
2248,0,3,0,0,0,0,0,0,0,0,17891,0,0,"","","+26 aux dégâts des sorts de Givre","","","","","","","","","","","","","",0xFF01FE,0,0,0,0,0,0,0,
2249,0,3,0,0,0,0,0,0,0,0,17892,0,0,"","","+27 aux dégâts des sorts de Givre","","","","","","","","","","","","","",0xFF01FE,0,0,0,0,0,0,0,
2250,0,3,0,0,0,0,0,0,0,0,13831,0,0,"","","+29 aux dégâts des sorts de Givre","","","","","","","","","","","","","",0xFF01FE,0,0,0,0,0,0,0,
2251,0,3,0,0,0,0,0,0,0,0,17893,0,0,"","","+30 aux dégâts des sorts de Givre","","","","","","","","","","","","","",0xFF01FE,0,0,0,0,0,0,0,
2252,0,3,0,0,0,0,0,0,0,0,17894,0,0,"","","+31 aux dégâts des sorts de Givre","","","","","","","","","","","","","",0xFF01FE,0,0,0,0,0,0,0,
2253,0,3,0,0,0,0,0,0,0,0,17895,0,0,"","","+33 aux dégâts des sorts de Givre","","","","","","","","","","","","","",0xFF01FE,0,0,0,0,0,0,0,
2254,0,3,0,0,0,0,0,0,0,0,17896,0,0,"","","+34 aux dégâts des sorts de Givre","","","","","","","","","","","","","",0xFF01FE,0,0,0,0,0,0,0,
2255,0,3,0,0,0,0,0,0,0,0,17897,0,0,"","","+36 aux dégâts des sorts de Givre","","","","","","","","","","","","","",0xFF01FE,0,0,0,0,0,0,0,
2256,0,3,0,0,0,0,0,0,0,0,17898,0,0,"","","+37 aux dégâts des sorts de Givre","","","","","","","","","","","","","",0xFF01FE,0,0,0,0,0,0,0,
2257,0,3,0,0,0,0,0,0,0,0,17899,0,0,"","","+39 aux dégâts des sorts de Givre","","","","","","","","","","","","","",0xFF01FE,0,0,0,0,0,0,0,
2258,0,3,0,0,0,0,0,0,0,0,17900,0,0,"","","+40 aux dégâts des sorts de Givre","","","","","","","","","","","","","",0xFF01FE,0,0,0,0,0,0,0,
2259,0,3,0,0,0,0,0,0,0,0,17901,0,0,"","","+41 aux dégâts des sorts de Givre","","","","","","","","","","","","","",0xFF01FE,0,0,0,0,0,0,0,
2260,0,3,0,0,0,0,0,0,0,0,17902,0,0,"","","+43 aux dégâts des sorts de Givre","","","","","","","","","","","","","",0xFF01FE,0,0,0,0,0,0,0,
2261,0,3,0,0,0,0,0,0,0,0,17903,0,0,"","","+44 aux dégâts des sorts de Givre","","","","","","","","","","","","","",0xFF01FE,0,0,0,0,0,0,0,
2262,0,3,0,0,0,0,0,0,0,0,17905,0,0,"","","+46 aux dégâts des sorts de Givre","","","","","","","","","","","","","",0xFF01FE,0,0,0,0,0,0,0,
2263,0,3,0,0,0,0,0,0,0,0,17906,0,0,"","","+47 aux dégâts des sorts de Givre","","","","","","","","","","","","","",0xFF01FE,0,0,0,0,0,0,0,
2264,0,3,0,0,0,0,0,0,0,0,17907,0,0,"","","+49 aux dégâts des sorts de Givre","","","","","","","","","","","","","",0xFF01FE,0,0,0,0,0,0,0,
2265,0,3,0,0,0,0,0,0,0,0,17908,0,0,"","","+50 aux dégâts des sorts de Givre","","","","","","","","","","","","","",0xFF01FE,0,0,0,0,0,0,0,
2266,0,3,0,0,0,0,0,0,0,0,17909,0,0,"","","+51 aux dégâts des sorts de Givre","","","","","","","","","","","","","",0xFF01FE,0,0,0,0,0,0,0,
2267,0,3,0,0,0,0,0,0,0,0,17910,0,0,"","","+53 aux dégâts des sorts de Givre","","","","","","","","","","","","","",0xFF01FE,0,0,0,0,0,0,0,
2268,0,3,0,0,0,0,0,0,0,0,17911,0,0,"","","+54 aux dégâts des sorts de Givre","","","","","","","","","","","","","",0xFF01FE,0,0,0,0,0,0,0,
2269,0,3,0,0,0,0,0,0,0,0,7690,0,0,"","","+1 aux dégâts des sorts de Nature","","","","","","","","","","","","","",0xFF01FE,0,0,0,0,0,0,0,
2270,0,3,0,0,0,0,0,0,0,0,7691,0,0,"","","+3 aux dégâts des sorts de Nature","","","","","","","","","","","","","",0xFF01FE,0,0,0,0,0,0,0,
2271,0,3,0,0,0,0,0,0,0,0,7692,0,0,"","","+4 aux dégâts des sorts de Nature","","","","","","","","","","","","","",0xFF01FE,0,0,0,0,0,0,0,
2272,0,3,0,0,0,0,0,0,0,0,7693,0,0,"","","+6 aux dégâts des sorts de Nature","","","","","","","","","","","","","",0xFF01FE,0,0,0,0,0,0,0,
2273,0,3,0,0,0,0,0,0,0,0,7694,0,0,"","","+7 aux dégâts des sorts de Nature","","","","","","","","","","","","","",0xFF01FE,0,0,0,0,0,0,0,
2274,0,3,0,0,0,0,0,0,0,0,7695,0,0,"","","+9 aux dégâts des sorts de Nature","","","","","","","","","","","","","",0xFF01FE,0,0,0,0,0,0,0,
2275,0,3,0,0,0,0,0,0,0,0,7696,0,0,"","","+10 aux dégâts des sorts de Nature","","","","","","","","","","","","","",0xFF01FE,0,0,0,0,0,0,0,
2276,0,3,0,0,0,0,0,0,0,0,9409,0,0,"","","+11 aux dégâts des sorts de Nature","","","","","","","","","","","","","",0xFF01FE,0,0,0,0,0,0,0,
2277,0,3,0,0,0,0,0,0,0,0,9410,0,0,"","","+13 aux dégâts des sorts de Nature","","","","","","","","","","","","","",0xFF01FE,0,0,0,0,0,0,0,
2278,0,3,0,0,0,0,0,0,0,0,9411,0,0,"","","+14 aux dégâts des sorts de Nature","","","","","","","","","","","","","",0xFF01FE,0,0,0,0,0,0,0,
2279,0,3,0,0,0,0,0,0,0,0,9357,0,0,"","","+16 aux dégâts des sorts de Nature","","","","","","","","","","","","","",0xFF01FE,0,0,0,0,0,0,0,
2280,0,3,0,0,0,0,0,0,0,0,9358,0,0,"","","+17 aux dégâts des sorts de Nature","","","","","","","","","","","","","",0xFF01FE,0,0,0,0,0,0,0,
2281,0,3,0,0,0,0,0,0,0,0,9359,0,0,"","","+19 aux dégâts des sorts de Nature","","","","","","","","","","","","","",0xFF01FE,0,0,0,0,0,0,0,
2282,0,3,0,0,0,0,0,0,0,0,9360,0,0,"","","+20 aux dégâts des sorts de Nature","","","","","","","","","","","","","",0xFF01FE,0,0,0,0,0,0,0,
2283,0,3,0,0,0,0,0,0,0,0,9361,0,0,"","","+21 aux dégâts des sorts de Nature","","","","","","","","","","","","","",0xFF01FE,0,0,0,0,0,0,0,
2284,0,3,0,0,0,0,0,0,0,0,17987,0,0,"","","+23 aux dégâts des sorts de Nature","","","","","","","","","","","","","",0xFF01FE,0,0,0,0,0,0,0,
2285,0,3,0,0,0,0,0,0,0,0,17988,0,0,"","","+24 aux dégâts des sorts de Nature","","","","","","","","","","","","","",0xFF01FE,0,0,0,0,0,0,0,
2286,0,3,0,0,0,0,0,0,0,0,17989,0,0,"","","+26 aux dégâts des sorts de Nature","","","","","","","","","","","","","",0xFF01FE,0,0,0,0,0,0,0,
2287,0,3,0,0,0,0,0,0,0,0,17990,0,0,"","","+27 aux dégâts des sorts de Nature","","","","","","","","","","","","","",0xFF01FE,0,0,0,0,0,0,0,
2288,0,3,0,0,0,0,0,0,0,0,17819,0,0,"","","+29 aux dégâts des sorts de Nature","","","","","","","","","","","","","",0xFF01FE,0,0,0,0,0,0,0,
2289,0,3,0,0,0,0,0,0,0,0,17991,0,0,"","","+30 aux dégâts des sorts de Nature","","","","","","","","","","","","","",0xFF01FE,0,0,0,0,0,0,0,
2290,0,3,0,0,0,0,0,0,0,0,17992,0,0,"","","+31 aux dégâts des sorts de Nature","","","","","","","","","","","","","",0xFF01FE,0,0,0,0,0,0,0,
2291,0,3,0,0,0,0,0,0,0,0,17993,0,0,"","","+33 aux dégâts des sorts de Nature","","","","","","","","","","","","","",0xFF01FE,0,0,0,0,0,0,0,
2292,0,3,0,0,0,0,0,0,0,0,16638,0,0,"","","+34 aux dégâts des sorts de Nature","","","","","","","","","","","","","",0xFF01FE,0,0,0,0,0,0,0,
2293,0,3,0,0,0,0,0,0,0,0,17994,0,0,"","","+36 aux dégâts des sorts de Nature","","","","","","","","","","","","","",0xFF01FE,0,0,0,0,0,0,0,
2294,0,3,0,0,0,0,0,0,0,0,17995,0,0,"","","+37 aux dégâts des sorts de Nature","","","","","","","","","","","","","",0xFF01FE,0,0,0,0,0,0,0,
2295,0,3,0,0,0,0,0,0,0,0,17996,0,0,"","","+39 aux dégâts des sorts de Nature","","","","","","","","","","","","","",0xFF01FE,0,0,0,0,0,0,0,
2296,0,3,0,0,0,0,0,0,0,0,17997,0,0,"","","+40 aux dégâts des sorts de Nature","","","","","","","","","","","","","",0xFF01FE,0,0,0,0,0,0,0,
2297,0,3,0,0,0,0,0,0,0,0,17998,0,0,"","","+41 aux dégâts des sorts de Nature","","","","","","","","","","","","","",0xFF01FE,0,0,0,0,0,0,0,
2298,0,3,0,0,0,0,0,0,0,0,17999,0,0,"","","+43 aux dégâts des sorts de Nature","","","","","","","","","","","","","",0xFF01FE,0,0,0,0,0,0,0,
2299,0,3,0,0,0,0,0,0,0,0,18000,0,0,"","","+44 aux dégâts des sorts de Nature","","","","","","","","","","","","","",0xFF01FE,0,0,0,0,0,0,0,
2300,0,3,0,0,0,0,0,0,0,0,18001,0,0,"","","+46 aux dégâts des sorts de Nature","","","","","","","","","","","","","",0xFF01FE,0,0,0,0,0,0,0,
2301,0,3,0,0,0,0,0,0,0,0,18002,0,0,"","","+47 aux dégâts des sorts de Nature","","","","","","","","","","","","","",0xFF01FE,0,0,0,0,0,0,0,
2302,0,3,0,0,0,0,0,0,0,0,18003,0,0,"","","+49 aux dégâts des sorts de Nature","","","","","","","","","","","","","",0xFF01FE,0,0,0,0,0,0,0,
2303,0,3,0,0,0,0,0,0,0,0,18004,0,0,"","","+50 aux dégâts des sorts de Nature","","","","","","","","","","","","","",0xFF01FE,0,0,0,0,0,0,0,
2304,0,3,0,0,0,0,0,0,0,0,18005,0,0,"","","+51 aux dégâts des sorts de Nature","","","","","","","","","","","","","",0xFF01FE,0,0,0,0,0,0,0,
2305,0,3,0,0,0,0,0,0,0,0,18006,0,0,"","","+53 aux dégâts des sorts de Nature","","","","","","","","","","","","","",0xFF01FE,0,0,0,0,0,0,0,
2306,0,3,0,0,0,0,0,0,0,0,18007,0,0,"","","+54 aux dégâts des sorts de Nature","","","","","","","","","","","","","",0xFF01FE,0,0,0,0,0,0,0,
2307,0,5,0,0,1,0,0,1,0,0,45,0,0,"","","+1 à la puissance des sorts","","","","","","","","","","","","","",0xFF01FE,0,0,0,0,0,0,0,
2308,0,5,0,0,2,0,0,2,0,0,45,0,0,"","","+2 à la puissance des sorts","","","","","","","","","","","","","",0xFF01FE,0,0,0,0,0,0,0,
2309,0,5,0,0,4,0,0,4,0,0,45,0,0,"","","+4 à la puissance des sorts","","","","","","","","","","","","","",0xFF01FE,0,0,0,0,0,0,0,
2310,0,5,0,0,5,0,0,5,0,0,45,0,0,"","","+5 à la puissance des sorts","","","","","","","","","","","","","",0xFF01FE,0,0,0,0,0,0,0,
2311,0,3,0,0,0,0,0,0,0,0,9396,0,0,"","","+6 à la puissance des sorts","","","","","","","","","","","","","",0xFF01FE,0,0,0,0,0,0,0,
2312,0,5,0,0,7,0,0,7,0,0,45,0,0,"","","+7 à la puissance des sorts","","","","","","","","","","","","","",0xFF01FE,0,0,0,0,0,0,0,
2313,0,5,0,0,8,0,0,8,0,0,45,0,0,"","","+8 à la puissance des sorts","","","","","","","","","","","","","",0xFF01FE,0,0,0,0,0,0,0,
2314,0,5,0,0,9,0,0,9,0,0,45,0,0,"","","+9 à la puissance des sorts","","","","","","","","","","","","","",0xFF01FE,0,0,0,0,0,0,0,
2315,0,5,0,0,11,0,0,11,0,0,45,0,0,"","","+11 à la puissance des sorts","","","","","","","","","","","","","",0xFF01FE,0,0,0,0,0,0,0,
2316,0,5,0,0,12,0,0,12,0,0,45,0,0,"","","+12 à la puissance des sorts","","","","","","","","","","","","","",0xFF01FE,0,0,0,0,0,0,0,
2317,0,5,0,0,13,0,0,13,0,0,45,0,0,"","","+13 à la puissance des sorts","","","","","","","","","","","","","",0xFF01FE,0,0,0,0,0,0,0,
2318,0,5,0,0,14,0,0,14,0,0,45,0,0,"","","+14 à la puissance des sorts","","","","","","","","","","","","","",0xFF01FE,0,0,0,0,0,0,0,
2319,0,5,0,0,15,0,0,15,0,0,45,0,0,"","","+15 à la puissance des sorts","","","","","","","","","","","","","",0xFF01FE,0,0,0,0,0,0,0,
2320,0,5,0,0,16,0,0,16,0,0,45,0,0,"","","+16 à la puissance des sorts","","","","","","","","","","","","","",0xFF01FE,0,0,0,0,0,0,0,
2321,0,5,0,0,18,0,0,18,0,0,45,0,0,"","","+18 à la puissance des sorts","","","","","","","","","","","","","",0xFF01FE,0,0,0,0,0,0,0,
2322,0,5,0,0,19,0,0,19,0,0,45,0,0,"","","+19 à la puissance des sorts","","","","","","","","","","","","","",0xFF01FE,0,0,0,0,0,0,0,
2323,0,5,0,0,20,0,0,20,0,0,45,0,0,"","","+20 à la puissance des sorts","","","","","","","","","","","","","",0xFF01FE,0,0,0,0,0,0,0,
2324,0,5,0,0,21,0,0,21,0,0,45,0,0,"","","+21 à la puissance des sorts","","","","","","","","","","","","","",0xFF01FE,0,0,0,0,0,0,0,
2325,0,5,0,0,22,0,0,22,0,0,45,0,0,"","","+22 à la puissance des sorts","","","","","","","","","","","","","",0xFF01FE,0,0,0,0,0,0,0,
2326,0,5,0,0,23,0,0,23,0,0,45,0,0,"","","+23 à la puissance des sorts","","","","","","","","","","","","","",0xFF01FE,0,0,0,0,0,0,0,
2327,0,5,0,0,25,0,0,25,0,0,45,0,0,"","","+25 à la puissance des sorts","","","","","","","","","","","","","",0xFF01FE,0,0,0,0,0,0,0,
2328,0,5,0,0,26,0,0,26,0,0,45,0,0,"","","+26 à la puissance des sorts","","","","","","","","","","","","","",0xFF01FE,0,0,0,0,0,0,0,
2329,0,5,0,0,27,0,0,27,0,0,45,0,0,"","","+27 à la puissance des sorts","","","","","","","","","","","","","",0xFF01FE,0,0,0,0,0,0,0,
2330,0,5,0,0,28,0,0,28,0,0,45,0,0,"","","+28 à la puissance des sorts","","","","","","","","","","","","","",0xFF01FE,0,0,0,0,0,0,0,
2331,0,5,0,0,29,0,0,29,0,0,45,0,0,"","","+29 à la puissance des sorts","","","","","","","","","","","","","",0xFF01FE,0,0,0,0,0,0,0,
2332,0,5,0,0,30,0,0,30,0,0,45,0,0,"","","+30 à la puissance des sorts","","","","","","","","","","","","","",0xFF01FE,0,0,0,0,0,0,0,
2333,0,5,0,0,32,0,0,32,0,0,45,0,0,"","","+32 à la puissance des sorts","","","","","","","","","","","","","",0xFF01FE,0,0,0,0,0,0,0,
2334,0,5,0,0,33,0,0,33,0,0,45,0,0,"","","+33 à la puissance des sorts","","","","","","","","","","","","","",0xFF01FE,0,0,0,0,0,0,0,
2335,0,5,0,0,34,0,0,34,0,0,45,0,0,"","","+34 à la puissance des sorts","","","","","","","","","","","","","",0xFF01FE,0,0,0,0,0,0,0,
2336,0,5,0,0,35,0,0,35,0,0,45,0,0,"","","+35 à la puissance des sorts","","","","","","","","","","","","","",0xFF01FE,0,0,0,0,0,0,0,
2337,0,5,0,0,36,0,0,36,0,0,45,0,0,"","","+36 à la puissance des sorts","","","","","","","","","","","","","",0xFF01FE,0,0,0,0,0,0,0,
2338,0,5,0,0,37,0,0,37,0,0,45,0,0,"","","+37 à la puissance des sorts","","","","","","","","","","","","","",0xFF01FE,0,0,0,0,0,0,0,
2339,0,5,0,0,39,0,0,39,0,0,45,0,0,"","","+39 à la puissance des sorts","","","","","","","","","","","","","",0xFF01FE,0,0,0,0,0,0,0,
2340,0,5,0,0,40,0,0,40,0,0,45,0,0,"","","+40 à la puissance des sorts","","","","","","","","","","","","","",0xFF01FE,0,0,0,0,0,0,0,
2341,0,5,0,0,41,0,0,41,0,0,45,0,0,"","","+41 à la puissance des sorts","","","","","","","","","","","","","",0xFF01FE,0,0,0,0,0,0,0,
2342,0,5,0,0,42,0,0,42,0,0,45,0,0,"","","+42 à la puissance des sorts","","","","","","","","","","","","","",0xFF01FE,0,0,0,0,0,0,0,
2343,0,5,0,0,43,0,0,43,0,0,45,0,0,"","","+43 à la puissance des sorts","","","","","","","","","","","","","",0xFF01FE,151,0,0,0,0,0,0,
2344,0,5,0,0,44,0,0,44,0,0,45,0,0,"","","+44 à la puissance des sorts","","","","","","","","","","","","","",0xFF01FE,0,0,0,0,0,0,0,
2363,0,3,0,0,0,0,0,0,0,0,21359,0,0,"","","+1 point de mana toutes les 5 sec.","","","","","","","","","","","","","",0xFF01FE,0,0,0,0,0,0,0,
2364,0,3,0,0,0,0,0,0,0,0,21621,0,0,"","","+1 point de mana toutes les 5 sec.","","","","","","","","","","","","","",0xFF01FE,0,0,0,0,0,0,0,
2365,0,3,0,0,0,0,0,0,0,0,21622,0,0,"","","+1 point de mana toutes les 5 sec.","","","","","","","","","","","","","",0xFF01FE,0,0,0,0,0,0,0,
2366,0,5,0,0,2,0,0,2,0,0,43,0,0,"","","+2 points de mana toutes les 5 sec.","","","","","","","","","","","","","",0xFF01FE,0,0,0,0,0,0,0,
2367,0,5,0,0,2,0,0,2,0,0,43,0,0,"","","+2 points de mana toutes les 5 sec.","","","","","","","","","","","","","",0xFF01FE,0,0,0,0,0,0,0,
2368,0,5,0,0,2,0,0,2,0,0,43,0,0,"","","+2 points de mana toutes les 5 sec.","","","","","","","","","","","","","",0xFF01FE,0,0,0,0,0,0,0,
2369,0,5,0,0,3,0,0,3,0,0,43,0,0,"","","+3 points de mana toutes les 5 sec.","","","","","","","","","","","","","",0xFF01FE,0,0,0,0,0,0,0,
2370,0,5,0,0,3,0,0,3,0,0,43,0,0,"","","+3 points de mana toutes les 5 sec.","","","","","","","","","","","","","",0xFF01FE,0,0,0,0,0,0,0,
2371,0,5,0,0,4,0,0,4,0,0,43,0,0,"","","+4 points de mana toutes les 5 sec.","","","","","","","","","","","","","",0xFF01FE,0,0,0,0,0,0,0,
2372,0,5,0,0,4,0,0,4,0,0,43,0,0,"","","+4 points de mana toutes les 5 sec.","","","","","","","","","","","","","",0xFF01FE,0,0,0,0,0,0,0,
2373,0,5,0,0,4,0,0,4,0,0,43,0,0,"","","+4 points de mana toutes les 5 sec.","","","","","","","","","","","","","",0xFF01FE,0,0,0,0,0,0,0,
2374,0,5,0,0,5,0,0,5,0,0,43,0,0,"","","+5 points de mana toutes les 5 sec.","","","","","","","","","","","","","",0xFF01FE,0,0,0,0,0,0,0,
2375,0,5,0,0,5,0,0,5,0,0,43,0,0,"","","+5 points de mana toutes les 5 sec.","","","","","","","","","","","","","",0xFF01FE,0,0,0,0,0,0,0,
2376,0,5,0,0,6,0,0,6,0,0,43,0,0,"","","+6 points de mana toutes les 5 sec.","","","","","","","","","","","","","",0xFF01FE,0,0,0,0,0,0,0,
2377,0,5,0,0,6,0,0,6,0,0,43,0,0,"","","+6 points de mana toutes les 5 sec.","","","","","","","","","","","","","",0xFF01FE,0,0,0,0,0,0,0,
2378,0,5,0,0,6,0,0,6,0,0,43,0,0,"","","+6 points de mana toutes les 5 sec.","","","","","","","","","","","","","",0xFF01FE,0,0,0,0,0,0,0,
2379,0,5,0,0,7,0,0,7,0,0,43,0,0,"","","+7 points de mana toutes les 5 sec.","","","","","","","","","","","","","",0xFF01FE,0,0,0,0,0,0,0,
2380,0,5,0,0,7,0,0,7,0,0,43,0,0,"","","+7 points de mana toutes les 5 sec.","","","","","","","","","","","","","",0xFF01FE,0,0,0,0,0,0,0,
2381,0,5,0,0,10,0,0,10,0,0,43,0,0,"","","+10 points de mana toutes les 5 sec.","","","","","","","","","","","","","",0xFF01FE,0,0,0,0,0,0,0,
2382,0,5,0,0,8,0,0,8,0,0,43,0,0,"","","+8 points de mana toutes les 5 sec.","","","","","","","","","","","","","",0xFF01FE,0,0,0,0,0,0,0,
2383,0,5,0,0,8,0,0,8,0,0,43,0,0,"","","+8 points de mana toutes les 5 sec.","","","","","","","","","","","","","",0xFF01FE,0,0,0,0,0,0,0,
2384,0,5,0,0,9,0,0,9,0,0,43,0,0,"","","+9 points de mana toutes les 5 sec.","","","","","","","","","","","","","",0xFF01FE,0,0,0,0,0,0,0,
2385,0,5,0,0,9,0,0,9,0,0,43,0,0,"","","+9 points de mana toutes les 5 sec.","","","","","","","","","","","","","",0xFF01FE,0,0,0,0,0,0,0,
2386,0,5,0,0,10,0,0,10,0,0,43,0,0,"","","+10 points de mana toutes les 5 sec.","","","","","","","","","","","","","",0xFF01FE,0,0,0,0,0,0,0,
2387,0,5,0,0,10,0,0,10,0,0,43,0,0,"","","+10 points de mana toutes les 5 sec.","","","","","","","","","","","","","",0xFF01FE,0,0,0,0,0,0,0,
2388,0,5,0,0,10,0,0,10,0,0,43,0,0,"","","+10 points de mana toutes les 5 sec.","","","","","","","","","","","","","",0xFF01FE,0,0,0,0,0,0,0,
2389,0,5,0,0,11,0,0,11,0,0,43,0,0,"","","+11 points de mana toutes les 5 sec.","","","","","","","","","","","","","",0xFF01FE,0,0,0,0,0,0,0,
2390,0,5,0,0,11,0,0,11,0,0,43,0,0,"","","+11 points de mana toutes les 5 sec.","","","","","","","","","","","","","",0xFF01FE,0,0,0,0,0,0,0,
2391,0,5,0,0,12,0,0,12,0,0,43,0,0,"","","+12 points de mana toutes les 5 sec.","","","","","","","","","","","","","",0xFF01FE,0,0,0,0,0,0,0,
2392,0,5,0,0,12,0,0,12,0,0,43,0,0,"","","+12 points de mana toutes les 5 sec.","","","","","","","","","","","","","",0xFF01FE,0,0,0,0,0,0,0,
2393,0,5,0,0,12,0,0,12,0,0,43,0,0,"","","+12 points de mana toutes les 5 sec.","","","","","","","","","","","","","",0xFF01FE,0,0,0,0,0,0,0,
2394,0,5,0,0,13,0,0,13,0,0,43,0,0,"","","+13 points de mana toutes les 5 sec.","","","","","","","","","","","","","",0xFF01FE,0,0,0,0,0,0,0,
2395,0,5,0,0,13,0,0,13,0,0,43,0,0,"","","+13 points de mana toutes les 5 sec.","","","","","","","","","","","","","",0xFF01FE,0,0,0,0,0,0,0,
2396,0,5,0,0,14,0,0,14,0,0,43,0,0,"","","+14 points de mana toutes les 5 sec.","","","","","","","","","","","","","",0xFF01FE,0,0,0,0,0,0,0,
2397,0,5,0,0,14,0,0,14,0,0,43,0,0,"","","+14 points de mana toutes les 5 sec.","","","","","","","","","","","","","",0xFF01FE,0,0,0,0,0,0,0,
2398,0,5,0,0,14,0,0,14,0,0,43,0,0,"","","+14 points de mana toutes les 5 sec.","","","","","","","","","","","","","",0xFF01FE,0,0,0,0,0,0,0,
2399,0,5,0,0,15,0,0,15,0,0,43,0,0,"","","+15 points de mana toutes les 5 sec.","","","","","","","","","","","","","",0xFF01FE,0,0,0,0,0,0,0,
2400,0,5,0,0,15,0,0,15,0,0,43,0,0,"","","+15 points de mana toutes les 5 sec.","","","","","","","","","","","","","",0xFF01FE,0,0,0,0,0,0,0,
2401,0,3,0,0,0,0,0,0,0,0,21587,0,0,"","","+1 point de vie toutes les 5 sec.","","","","","","","","","","","","","",0xFF01FE,0,0,0,0,0,0,0,
2402,0,3,0,0,0,0,0,0,0,0,21588,0,0,"","","+1 point de vie toutes les 5 sec.","","","","","","","","","","","","","",0xFF01FE,0,0,0,0,0,0,0,
2403,0,3,0,0,0,0,0,0,0,0,21589,0,0,"","","+1 point de vie toutes les 5 sec.","","","","","","","","","","","","","",0xFF01FE,0,0,0,0,0,0,0,
2404,0,3,0,0,0,0,0,0,0,0,21590,0,0,"","","+1 point de vie toutes les 5 sec.","","","","","","","","","","","","","",0xFF01FE,0,0,0,0,0,0,0,
2405,0,3,0,0,0,0,0,0,0,0,21345,0,0,"","","+1 point de vie toutes les 5 sec.","","","","","","","","","","","","","",0xFF01FE,0,0,0,0,0,0,0,
2406,0,3,0,0,0,0,0,0,0,0,21346,0,0,"","","+2 points de vie toutes les 5 sec.","","","","","","","","","","","","","",0xFF01FE,0,0,0,0,0,0,0,
2407,0,3,0,0,0,0,0,0,0,0,21592,0,0,"","","+2 points de vie toutes les 5 sec.","","","","","","","","","","","","","",0xFF01FE,0,0,0,0,0,0,0,
2408,0,3,0,0,0,0,0,0,0,0,21593,0,0,"","","+2 points de vie toutes les 5 sec.","","","","","","","","","","","","","",0xFF01FE,0,0,0,0,0,0,0,
2409,0,3,0,0,0,0,0,0,0,0,21594,0,0,"","","+2 points de vie toutes les 5 sec.","","","","","","","","","","","","","",0xFF01FE,0,0,0,0,0,0,0,
2410,0,3,0,0,0,0,0,0,0,0,21347,0,0,"","","+3 points de vie toutes les 5 sec.","","","","","","","","","","","","","",0xFF01FE,0,0,0,0,0,0,0,
2411,0,3,0,0,0,0,0,0,0,0,21595,0,0,"","","+3 points de vie toutes les 5 sec.","","","","","","","","","","","","","",0xFF01FE,0,0,0,0,0,0,0,
2412,0,3,0,0,0,0,0,0,0,0,21596,0,0,"","","+3 points de vie toutes les 5 sec.","","","","","","","","","","","","","",0xFF01FE,0,0,0,0,0,0,0,
2413,0,3,0,0,0,0,0,0,0,0,21597,0,0,"","","+3 points de vie toutes les 5 sec.","","","","","","","","","","","","","",0xFF01FE,0,0,0,0,0,0,0,
2414,0,3,0,0,0,0,0,0,0,0,21598,0,0,"","","+4 points de vie toutes les 5 sec.","","","","","","","","","","","","","",0xFF01FE,0,0,0,0,0,0,0,
2415,0,3,0,0,0,0,0,0,0,0,21348,0,0,"","","+4 points de vie toutes les 5 sec.","","","","","","","","","","","","","",0xFF01FE,0,0,0,0,0,0,0,
2416,0,3,0,0,0,0,0,0,0,0,21599,0,0,"","","+4 points de vie toutes les 5 sec.","","","","","","","","","","","","","",0xFF01FE,0,0,0,0,0,0,0,
2417,0,3,0,0,0,0,0,0,0,0,21600,0,0,"","","+4 points de vie toutes les 5 sec.","","","","","","","","","","","","","",0xFF01FE,0,0,0,0,0,0,0,
2418,0,3,0,0,0,0,0,0,0,0,21601,0,0,"","","+5 points de vie toutes les 5 sec.","","","","","","","","","","","","","",0xFF01FE,0,0,0,0,0,0,0,
2419,0,3,0,0,0,0,0,0,0,0,21602,0,0,"","","+5 points de vie toutes les 5 sec.","","","","","","","","","","","","","",0xFF01FE,0,0,0,0,0,0,0,
2420,0,3,0,0,0,0,0,0,0,0,20885,0,0,"","","+5 points de vie toutes les 5 sec.","","","","","","","","","","","","","",0xFF01FE,0,0,0,0,0,0,0,
2421,0,3,0,0,0,0,0,0,0,0,21603,0,0,"","","+5 points de vie toutes les 5 sec.","","","","","","","","","","","","","",0xFF01FE,0,0,0,0,0,0,0,
2422,0,3,0,0,0,0,0,0,0,0,21604,0,0,"","","+6 points de vie toutes les 5 sec.","","","","","","","","","","","","","",0xFF01FE,0,0,0,0,0,0,0,
2423,0,3,0,0,0,0,0,0,0,0,21605,0,0,"","","+6 points de vie toutes les 5 sec.","","","","","","","","","","","","","",0xFF01FE,0,0,0,0,0,0,0,
2424,0,3,0,0,0,0,0,0,0,0,21606,0,0,"","","+6 points de vie toutes les 5 sec.","","","","","","","","","","","","","",0xFF01FE,0,0,0,0,0,0,0,
2425,0,3,0,0,0,0,0,0,0,0,21349,0,0,"","","+6 points de vie toutes les 5 sec.","","","","","","","","","","","","","",0xFF01FE,0,0,0,0,0,0,0,
2426,0,3,0,0,0,0,0,0,0,0,21607,0,0,"","","+7 points de vie toutes les 5 sec.","","","","","","","","","","","","","",0xFF01FE,0,0,0,0,0,0,0,
2427,0,3,0,0,0,0,0,0,0,0,21608,0,0,"","","+7 points de vie toutes les 5 sec.","","","","","","","","","","","","","",0xFF01FE,0,0,0,0,0,0,0,
2428,0,3,0,0,0,0,0,0,0,0,21609,0,0,"","","+7 points de vie toutes les 5 sec.","","","","","","","","","","","","","",0xFF01FE,0,0,0,0,0,0,0,
2429,0,3,0,0,0,0,0,0,0,0,21610,0,0,"","","+7 points de vie toutes les 5 sec.","","","","","","","","","","","","","",0xFF01FE,0,0,0,0,0,0,0,
2430,0,3,0,0,0,0,0,0,0,0,21109,0,0,"","","+8 points de vie toutes les 5 sec.","","","","","","","","","","","","","",0xFF01FE,0,0,0,0,0,0,0,
2431,0,3,0,0,0,0,0,0,0,0,21611,0,0,"","","+8 points de vie toutes les 5 sec.","","","","","","","","","","","","","",0xFF01FE,0,0,0,0,0,0,0,
2432,0,3,0,0,0,0,0,0,0,0,21612,0,0,"","","+8 points de vie toutes les 5 sec.","","","","","","","","","","","","","",0xFF01FE,0,0,0,0,0,0,0,
2433,0,3,0,0,0,0,0,0,0,0,21613,0,0,"","","+8 points de vie toutes les 5 sec.","","","","","","","","","","","","","",0xFF01FE,0,0,0,0,0,0,0,
2434,0,3,0,0,0,0,0,0,0,0,21614,0,0,"","","+9 points de vie toutes les 5 sec.","","","","","","","","","","","","","",0xFF01FE,0,0,0,0,0,0,0,
2435,0,3,0,0,0,0,0,0,0,0,21350,0,0,"","","+9 points de vie toutes les 5 sec.","","","","","","","","","","","","","",0xFF01FE,0,0,0,0,0,0,0,
2436,0,3,0,0,0,0,0,0,0,0,21615,0,0,"","","+9 points de vie toutes les 5 sec.","","","","","","","","","","","","","",0xFF01FE,0,0,0,0,0,0,0,
2437,0,3,0,0,0,0,0,0,0,0,21616,0,0,"","","+9 points de vie toutes les 5 sec.","","","","","","","","","","","","","",0xFF01FE,0,0,0,0,0,0,0,
2438,0,3,0,0,0,0,0,0,0,0,21617,0,0,"","","+10 points de vie toutes les 5 sec.","","","","","","","","","","","","","",0xFF01FE,0,0,0,0,0,0,0,
2443,0,3,0,0,0,0,0,0,0,0,21930,0,0,"","","+7 aux dégâts des sorts de Givre","","","","","","","","","","","","","",0xFF01FE,0,0,0,0,0,0,0,
2463,0,4,0,0,7,0,0,7,0,0,2,0,0,"","","+7 à la résistance au Feu","","","","","","","","","","","","","",0xFF01FE,0,0,0,0,0,0,0,
2483,0,4,0,0,5,0,0,5,0,0,2,0,0,"","","+5 à la résistance au Feu","","","","","","","","","","","","","",0xFF01FE,0,1,0,0,0,0,50,
2484,0,4,0,0,5,0,0,5,0,0,4,0,0,"","","+5 à la résistance au Givre","","","","","","","","","","","","","",0xFF01FE,0,1,0,0,0,0,50,
2485,0,4,0,0,5,0,0,5,0,0,6,0,0,"","","+5 à la résistance aux Arcanes","","","","","","","","","","","","","",0xFF01FE,0,1,0,0,0,0,50,
2486,0,4,0,0,5,0,0,5,0,0,3,0,0,"","","+5 à la résistance à la Nature","","","","","","","","","","","","","",0xFF01FE,0,1,0,0,0,0,50,
2487,0,4,0,0,5,0,0,5,0,0,5,0,0,"","","+5 à la résistance à l'Ombre","","","","","","","","","","","","","",0xFF01FE,0,1,0,0,0,0,50,
2488,0,3,0,0,0,0,0,0,0,0,18676,0,0,"","","+5 à toutes les résistances","","","","","","","","","","","","","",0xFF01FE,0,1,0,0,0,0,50,
2503,0,5,0,0,5,0,0,5,0,0,12,0,0,"","","+5 au score de défense","","","","","","","","","","","","","",0xFF01FE,0,1,0,0,0,0,50,
2504,0,5,0,0,30,0,0,30,0,0,45,33027,0,"","","+30 à la puissance des sorts","","","","","","","","","","","","","",0xFF01FE,107,0,0,0,0,0,0,
2505,0,5,0,0,29,0,0,29,0,0,45,0,0,"","","+29 à la puissance des sorts","","","","","","","","","","","","","",0xFF01FE,103,0,0,0,0,0,0,
2506,0,5,0,0,28,0,0,28,0,0,19,0,0,"","","+28 au score de critique en mêlée","","","","","","","","","","","","","",0xFF01FE,28,0,0,0,0,0,0,
2523,0,5,0,0,30,0,0,30,0,0,17,0,0,"","","+30 au score de toucher à distance","","","","","","","","","","","","","",0xFF01FE,0,1,0,0,0,0,50,
2543,0,5,0,0,10,0,0,10,0,0,36,0,0,"","","+10 au score de hâte","","","","","","","","","","","","","",0xFF01FE,0,1,0,0,0,0,50,
2544,0,5,0,0,8,0,0,8,0,0,45,0,0,"","","+8 à la puissance des sorts","","","","","","","","","","","","","",0xFF01FE,0,1,0,0,0,0,50,
2545,0,5,0,0,12,0,0,12,0,0,13,0,0,"","","+12 au score d'esquive","","","","","","","","","","","","","",0xFF01FE,0,1,0,0,0,0,50,
2563,0,5,0,0,15,0,0,15,0,0,4,0,0,"","","+15 Force","","","","","","","","","","","","","",0xFF01FE,125,0,0,0,0,0,0,
2564,0,5,0,0,15,0,0,15,0,0,3,0,0,"","","+15 Agilité","","","","","","","","","","","","","",0xFF01FE,125,0,0,0,0,0,0,
2565,0,5,0,0,5,0,0,5,0,0,43,0,0,"","","5 à la régén. mana toutes les 5 sec.","","","","","","","","","","","","","",0xFF01FE,0,0,0,0,0,0,0,
2566,0,5,0,0,13,0,0,13,0,0,45,0,0,"","","+13 à la puissance des sorts","","","","","","","","","","","","","",0xFF01FE,0,0,0,0,0,0,0,
2567,0,5,0,0,20,0,0,20,0,0,6,0,0,"","","+20 Esprit","","","","","","","","","","","","","",0xFF01FE,29,0,0,0,0,0,0,
2568,0,5,0,0,22,0,0,22,0,0,5,0,0,"","","+22 Intelligence","","","","","","","","","","","","","",0xFF01FE,29,0,0,0,0,0,0,
2583,0,5,5,3,10,10,0,10,10,0,12,7,23203,"","","+10 Score de défense +10 Endurance +30 Valeur de blocage","","","","","","","","","","","","","",0xFF01FE,0,1,0,0,0,0,60,
2584,0,5,5,5,12,10,10,12,10,10,45,12,7,"","","+10 Défense/+10 Endurance/+12 à la puissance des sorts","","","","","","","","","","","","","",0xFF01FE,0,1,0,0,0,0,60,
2585,0,5,5,0,28,12,0,28,12,0,38,13,0,"","","+28 à la puissance d'attaque/+12 au score d'esquive","","","","","","","","","","","","","",0xFF01FE,0,1,0,0,0,0,0,
2586,0,5,5,5,24,10,10,24,10,10,39,7,31,"","","+24 à la puissance d'attaque à distance/+10 Endurance/+10 au score de toucher","","","","","","","","","","","","","",0xFF01FE,0,1,0,0,0,0,0,
2587,0,5,5,0,13,15,0,13,15,0,45,5,0,"","","+13 à la puissance des sorts et +15 Intelligence","","","","","","","","","","","","","",0xFF01FE,0,1,0,0,0,0,60,
2588,0,5,5,0,18,8,0,18,8,0,45,31,0,"","","+18 à la puissance des sorts et +8 au score de toucher","","","","","","","","","","","","","",0xFF01FE,0,1,0,0,0,0,60,
2589,0,5,5,0,18,10,0,18,10,0,45,7,0,"","","+18 à la puissance des sorts et +10 Endurance","","","","","","","","","","","","","",0xFF01FE,0,1,0,0,0,0,60,
2590,0,5,5,5,13,10,5,13,10,5,45,7,43,"","","+13 à la puissance des sorts/+10 Endurance/+5 points de mana toutes les 5 secondes","","","","","","","","","","","","","",0xFF01FE,0,1,0,0,0,0,60,
2591,0,5,5,5,12,10,10,12,10,10,45,7,5,"","","+10 Intelligence/+10 Endurance/+12 à la puissance des sorts","","","","","","","","","","","","","",0xFF01FE,0,1,0,0,0,0,60,
2603,0,3,0,0,0,0,0,0,0,0,24303,0,0,"","","+2 en Pêche","","","","","","","","","","","","","",0xFF01FE,0,0,0,0,0,0,0,
2604,0,5,0,0,18,0,0,18,0,0,45,0,0,"","","+18 à la puissance des sorts","","","","","","","","","","","","","",0xFF01FE,0,1,0,0,0,0,55,
2605,0,5,0,0,18,0,0,18,0,0,45,0,0,"","","+18 à la puissance des sorts","","","","","","","","","","","","","",0xFF01FE,-1,1,0,0,0,0,55,
2606,0,5,0,0,30,0,0,30,0,0,38,0,0,"","","+30 à la puissance d'attaque","","","","","","","","","","","","","",0xFF01FE,0,1,0,0,0,0,55,
2607,0,5,0,0,12,0,0,12,0,0,45,0,0,"","","+12 à la puissance des sorts","","","","","","","","","","","","","",0xFF01FE,0,0,0,0,0,0,0,
2608,0,5,0,0,13,0,0,13,0,0,45,0,0,"","","+13 à la puissance des sorts","","","","","","","","","","","","","",0xFF01FE,0,0,0,0,0,0,0,
2609,0,5,0,0,15,0,0,15,0,0,45,0,0,"","","+15 à la puissance des sorts","","","","","","","","","","","","","",0xFF01FE,0,0,0,0,0,0,0,
2610,0,5,0,0,14,0,0,14,0,0,45,0,0,"","","+14 à la puissance des sorts","","","","","","","","","","","","","",0xFF01FE,0,0,0,0,0,0,0,
2611,0,0,0,0,0,0,0,0,0,0,0,0,0,"","","zzOLDBlank","","","","","","","","","","","","","",0xFF01FE,0,0,0,0,0,0,0,
2612,0,5,0,0,18,0,0,18,0,0,45,0,0,"","","+18 à la puissance des sorts","","","","","","","","","","","","","",0xFF01FE,0,0,0,0,0,0,0,
2613,0,3,0,0,0,0,0,0,0,0,25063,0,0,"","","+2% à la menace","","","","","","","","","","","","","",0xFF01FE,0,0,0,0,0,0,0,
2614,0,3,0,0,0,0,0,0,0,0,25064,0,0,"","","+20 à la puissance des sorts d'Ombre","","","","","","","","","","","","","",0xFF01FE,0,0,0,0,0,0,0,
2615,0,3,0,0,0,0,0,0,0,0,25066,0,0,"","","+20 à la puissance des sorts de Givre","","","","","","","","","","","","","",0xFF01FE,0,0,0,0,0,0,0,
2616,0,3,0,0,0,0,0,0,0,0,25065,0,0,"","","+20 à la puissance des sorts de Feu","","","","","","","","","","","","","",0xFF01FE,0,0,0,0,0,0,0,
2617,0,5,0,0,16,0,0,16,0,0,45,0,0,"","","+16 à la puissance des sorts","","","","","","","","","","","","","",0xFF01FE,0,0,0,0,0,0,0,
2618,0,5,0,0,15,0,0,15,0,0,3,0,0,"","","+15 Agilité","","","","","","","","","","","","","",0xFF01FE,0,0,0,0,0,0,0,
2619,0,4,0,0,15,0,0,15,0,0,2,0,0,"","","+15 à la résistance au Feu","","","","","","","","","","","","","",0xFF01FE,0,0,0,0,0,0,0,
2620,0,4,0,0,15,0,0,15,0,0,3,0,0,"","","+15 à la résistance à la Nature","","","","","","","","","","","","","",0xFF01FE,0,0,0,0,0,0,0,
2621,0,3,0,0,0,0,0,0,0,0,25070,0,0,"","","Menace diminuée de 2%","","","","","","","","","","","","","",0xFF01FE,0,0,0,0,0,0,0,
2622,0,5,0,0,12,0,0,12,0,0,13,0,0,"","","+12 au score d'esquive","","","","","","","","","","","","","",0xFF01FE,0,0,0,0,0,0,0,
2623,0,5,0,0,8,0,0,8,0,0,45,0,0,"","","Huile de sorcier mineure","","","","","","","","","","","","","",0xFF01FE,0,0,0,0,0,0,0,
2624,0,5,0,0,4,0,0,4,0,0,43,0,0,"","","Huile de mana mineure","","","","","","","","","","","","","",0xFF01FE,0,0,0,0,0,0,0,
2625,0,5,0,0,8,0,0,8,0,0,43,0,0,"","","Huile de mana inférieure","","","","","","","","","","","","","",0xFF01FE,0,0,0,0,0,0,0,
2626,0,5,0,0,16,0,0,16,0,0,45,0,0,"","","Huile de sorcier inférieure","","","","","","","","","","","","","",0xFF01FE,0,0,0,0,0,0,0,
2627,0,5,0,0,24,0,0,24,0,0,45,0,0,"","","Huile de sorcier","","","","","","","","","","","","","",0xFF01FE,0,0,0,0,0,0,0,
2628,0,5,5,0,36,14,0,36,14,0,45,32,0,"","","Huile de sorcier brillante","","","","","","","","","","","","","",0xFF01FE,0,0,0,0,0,0,0,
2629,0,5,5,0,13,12,0,13,12,0,45,43,0,"","","Huile de mana brillante","","","","","","","","","","","","","",0xFF01FE,0,0,0,0,0,0,0,
2630,0,1,0,0,30,0,0,30,0,0,25349,0,0,"","","Poison mortel V","","","","","","","","","","","","","",0xFF01FE,26,9,0,0,0,0,0,
2631,0,1,0,0,0,0,0,0,0,0,25440,0,0,"","","Réaction 6","","","","","","","","","","","","","",0xFF01FE,107,1,0,0,0,0,0,
2632,0,6,0,0,52,0,0,52,0,0,0,0,0,"","","Croque-roc 8","","","","","","","","","","","","","",0xFF01FE,61,9,0,0,0,0,0,
2633,0,6,0,0,62,0,0,62,0,0,0,0,0,"","","Croque-roc 9","","","","","","","","","","","","","",0xFF01FE,61,9,0,0,0,0,0,
2634,0,3,0,0,100,0,0,100,0,0,16313,0,0,"","","Langue de feu 7","","","","","","","","","","","","","",0xFF01FE,32,9,0,0,0,0,0,
2635,0,1,0,0,0,0,0,0,0,0,25501,0,0,"","","Arme de givre 6","","","","","","","","","","","","","",0xFF01FE,33,9,0,0,0,0,0,
2636,0,3,0,0,20,0,0,20,0,0,33757,0,0,"","","Furie-des-vents 5","","","","","","","","","","","","","",0xFF01FE,81,9,0,0,0,0,0,
2637,0,1,0,0,100,0,0,100,0,0,25555,0,0,"","","Totem Langue de feu 5","","","","","","","","","","","","","",0xFF01FE,32,7,0,0,0,0,0,
2638,0,1,0,0,20,0,0,20,0,0,25583,0,0,"","","Totem Furie-des vents 4","","","","","","","","","","","","","",0xFF01FE,81,7,0,0,0,0,0,
2639,0,1,0,0,20,0,0,20,0,0,25584,0,0,"","","Totem Furie-des vents 5","","","","","","","","","","","","","",0xFF01FE,81,7,0,0,0,0,0,
2640,0,1,0,0,50,0,0,50,0,0,26688,0,0,"","","Poison anesthésiant","","","","","","","","","","","","","",0xFF01FE,26,9,0,0,0,0,0,
2641,0,1,0,0,100,0,0,100,0,0,26890,0,0,"","","Poison instantané VII","","","","","","","","","","","","","",0xFF01FE,26,9,0,0,0,0,0,
2642,0,1,0,0,30,0,0,30,0,0,26968,0,0,"","","Poison mortel VI","","","","","","","","","","","","","",0xFF01FE,26,9,0,0,0,0,0,
2643,0,1,0,0,30,0,0,30,0,0,27187,0,0,"","","Poison mortel VII","","","","","","","","","","","","","",0xFF01FE,26,9,0,0,0,0,0,
2644,0,1,0,0,100,0,0,100,0,0,27189,0,0,"","","Poison douloureux V","","","","","","","","","","","","","",0xFF01FE,26,9,0,0,0,0,0,
2645,0,1,0,0,0,0,0,0,0,0,27253,0,0,"","","Pierre de feu 5","","","","","","","","","","","","","",0xFF01FE,32,3,0,0,0,0,0,
2646,0,5,0,0,25,0,0,25,0,0,3,0,0,"","","+25 Agilité","","","","","","","","","","","","","",0xFF01FE,125,0,0,0,0,0,0,
2647,0,5,0,0,12,0,0,12,0,0,4,0,0,"","","+12 Force","","","","","","","","","","","","","",0xFF01FE,0,0,0,0,0,0,0,
2648,0,5,0,0,12,0,0,12,0,0,12,0,0,"","","+12 au score de défense","","","","","","","","","","","","","",0xFF01FE,0,0,0,0,0,0,0,
2649,0,5,0,0,12,0,0,12,0,0,7,0,0,"","","+12 Endurance","","","","","","","","","","","","","",0xFF01FE,0,0,0,0,0,0,0,
2650,0,5,0,0,15,0,0,15,0,0,45,0,0,"","","+15 à la puissance des sorts","","","","","","","","","","","","","",0xFF01FE,0,0,0,0,0,0,0,
2651,0,5,0,0,12,0,0,12,0,0,45,0,0,"","","+12 à la puissance des sorts","","","","","","","","","","","","","",0xFF01FE,0,0,0,0,0,0,0,
2652,0,5,0,0,11,0,0,11,0,0,45,0,0,"","","+11 à la puissance des sorts","","","","","","","","","","","","","",0xFF01FE,0,0,0,0,0,0,0,
2653,0,3,0,0,0,0,0,0,0,0,27941,0,0,"","","+36 à la valeur de blocage","","","","","","","","","","","","","",0xFF01FE,0,0,0,0,0,0,0,
2654,0,5,0,0,12,0,0,12,0,0,5,0,0,"","","+12 Intelligence","","","","","","","","","","","","","",0xFF01FE,0,0,0,0,0,0,0,
2655,0,5,0,0,15,0,0,15,0,0,15,0,0,"","","+15 au score de blocage","","","","","","","","","","","","","",0xFF01FE,0,0,0,0,0,0,0,
2656,0,5,5,0,5,5,0,5,5,0,46,43,0,"","","+5 points de vie et de mana toutes les 5 sec.","","","","","","","","","","","","","",0xFF01FE,0,0,0,0,0,0,0,
2657,0,5,0,0,12,0,0,12,0,0,3,0,0,"","","+12 Agilité","","","","","","","","","","","","","",0xFF01FE,0,0,0,0,0,0,0,
2658,0,5,5,0,10,10,0,10,10,0,31,32,0,"","","+10 au score de toucher et +10 au score de coup critique","","","","","","","","","","","","","",0xFF01FE,0,0,0,0,0,0,0,
2659,0,5,0,0,150,0,0,150,0,0,1,0,0,"","","+150 points de vie","","","","","","","","","","","","","",0xFF01FE,0,0,0,0,0,0,0,
2660,0,5,0,0,150,0,0,150,0,0,0,0,0,"","","+150 points de mana","","","","","","","","","","","","","",0xFF01FE,0,0,0,0,0,0,0,
2661,0,3,0,0,0,0,0,0,0,0,27959,0,0,"","","+6 à toutes les caractéristiques","","","","","","","","","","","","","",0xFF01FE,0,0,0,0,0,0,0,
2662,0,4,0,0,120,0,0,120,0,0,0,0,0,"","","+120 Armure","","","","","","","","","","","","","",0xFF01FE,0,0,0,0,0,0,0,
2663,0,3,0,0,0,0,0,0,0,0,19992,0,0,"","","+7 à toutes les résistances","","","","","","","","","","","","","",0xFF01FE,0,0,0,0,0,0,0,
2664,0,3,0,0,0,0,0,0,0,0,27963,0,0,"","","+7 à toutes les résistances","","","","","","","","","","","","","",0xFF01FE,0,0,0,0,0,0,0,
2665,0,5,0,0,35,0,0,35,0,0,6,0,0,"","","+35 Esprit","","","","","","","","","","","","","",0xFF01FE,0,0,0,0,0,0,0,
2666,0,5,0,0,30,0,0,30,0,0,5,0,0,"","","+30 Intelligence","","","","","","","","","","","","","",0xFF01FE,2,0,0,0,0,0,0,
2667,0,5,0,0,70,0,0,70,0,0,38,0,0,"","","+70 à la puissance d'attaque","","","","","","","","","","","","","",0xFF01FE,156,0,0,0,0,0,0,
2668,0,5,0,0,20,0,0,20,0,0,4,0,0,"","","+20 Force","","","","","","","","","","","","","",0xFF01FE,106,0,0,0,0,0,0,
2669,0,5,0,0,40,0,0,40,0,0,45,18031,0,"","","+40 à la puissance des sorts","","","","","","","","","","","","","",0xFF01FE,159,0,0,0,0,0,0,
2670,0,5,0,0,35,0,0,35,0,0,3,0,0,"","","+35 Agilité","","","","","","","","","","","","","",0xFF01FE,125,0,0,0,0,0,0,
2671,0,3,0,0,0,0,0,0,0,0,27979,0,0,"","","+50 à la puissance des sorts de Feu et des Arcanes","","","","","","","","","","","","","",0xFF01FE,158,0,0,0,0,0,0,
2672,0,3,0,0,0,0,0,0,0,0,27980,0,0,"","","+54 à la puissance des sorts d'Ombre et de Givre","","","","","","","","","","","","","",0xFF01FE,157,0,0,0,0,0,0,
2673,0,1,0,0,0,0,0,0,0,0,28093,0,0,"","","Mangouste","","","","","","","","","","","","","",0xFF01FE,155,0,0,0,0,0,0,
2674,0,3,0,0,0,0,0,0,0,0,27997,0,0,"","","Eruption de sort","","","","","","","","","","","","","",0xFF01FE,160,0,0,0,0,0,0,
2675,0,1,0,0,0,0,0,0,0,0,28005,0,0,"","","Maître de guerre","","","","","","","","","","","","","",0xFF01FE,159,0,0,0,0,0,0,
2676,0,5,0,0,16,0,0,16,0,0,43,0,0,"","","Huile de mana excellente","","","","","","","","","","","","","",0xFF01FE,0,0,0,0,0,0,0,
2677,0,5,0,0,14,0,0,14,0,0,43,0,0,"","","Huile de mana excellente","","","","","","","","","","","","","",0xFF01FE,0,0,0,0,0,0,0,
2678,0,5,0,0,42,0,0,42,0,0,45,0,0,"","","Huile de sorcier excellente","","","","","","","","","","","","","",0xFF01FE,0,0,0,0,0,0,0,
2679,0,5,0,0,8,0,0,8,0,0,43,0,0,"","","8 points de mana toutes les 5 sec.","","","","","","","","","","","","","",0xFF01FE,0,0,0,0,0,0,0,
2680,0,3,0,0,0,0,0,0,0,0,27963,0,0,"","","+7 à toutes les résistances","","","","","","","","","","","","","",0xFF01FE,0,0,0,0,0,0,0,
2681,0,4,0,0,10,0,0,10,0,0,3,0,0,"","","+10 à la résistance à la Nature","","","","","","","","","","","","","",0xFF01FE,0,1,0,0,0,0,0,
2682,0,4,0,0,10,0,0,10,0,0,4,0,0,"","","+10 à la résistance au Givre","","","","","","","","","","","","","",0xFF01FE,0,1,0,0,0,0,0,
2683,0,4,0,0,10,0,0,10,0,0,5,0,0,"","","+10 à la résistance à l'Ombre","","","","","","","","","","","","","",0xFF01FE,0,1,0,0,0,0,0,
2684,0,3,0,0,0,0,0,0,0,0,28893,0,0,"","","+100 à la puissance d'attaque contre les morts-vivants","","","","","","","","","","","","","",0xFF01FE,0,0,0,0,0,0,0,
2685,0,3,0,0,0,0,0,0,0,0,28890,0,0,"","","+60 à la puissance des sorts contre les morts-vivants","","","","","","","","","","","","","",0xFF01FE,0,0,0,0,0,0,0,
2686,0,5,0,0,8,0,0,8,0,0,4,0,0,"","","+8 Force","","","","","","","","","","","","","",0xFF01FE,0,0,23233,0,0,0,0,
2687,0,5,0,0,8,0,0,8,0,0,3,0,0,"","","+8 Agilité","","","","","","","","","","","","","",0xFF01FE,0,0,23234,0,0,0,0,
2688,0,5,0,0,8,0,0,8,0,0,7,0,0,"","","+8 Endurance","","","","","","","","","","","","","",0xFF01FE,0,0,23235,0,0,0,0,
2689,0,5,0,0,8,0,0,8,0,0,43,0,0,"","","+8 points de mana toutes les 5 sec.","","","","","","","","","","","","","",0xFF01FE,0,0,23359,28,0,0,0,
2690,0,5,0,0,7,0,0,7,0,0,45,0,0,"","","+7 à la puissance des sorts","","","","","","","","","","","","","",0xFF01FE,0,0,23094,0,0,0,0,
2691,0,5,0,0,6,0,0,6,0,0,4,0,0,"","","+6 Force","","","","","","","","","","","","","",0xFF01FE,0,0,23095,0,0,0,0,
2692,0,5,0,0,7,0,0,7,0,0,45,0,0,"","","+7 à la puissance des sorts","","","","","","","","","","","","","",0xFF01FE,0,0,23096,0,0,0,0,
2693,0,5,0,0,6,0,0,6,0,0,3,0,0,"","","+6 Agilité","","","","","","","","","","","","","",0xFF01FE,0,0,23097,0,0,0,0,
2694,0,5,0,0,6,0,0,6,0,0,5,0,0,"","","+6 Intelligence","","","","","","","","","","","","","",0xFF01FE,0,0,23113,0,0,0,0,
2695,0,5,0,0,6,0,0,6,0,0,32,0,0,"","","+6 au score de coup critique","","","","","","","","","","","","","",0xFF01FE,0,0,23114,0,0,0,0,
2696,0,5,0,0,6,0,0,6,0,0,12,0,0,"","","+6 au score de défense","","","","","","","","","","","","","",0xFF01FE,0,0,23115,0,0,0,0,
2697,0,5,0,0,6,6,0,6,6,0,31,17,0,"","","+6 au score de toucher","","","","","","","","","","","","","",0xFF01FE,0,0,23116,0,0,0,0,
2698,0,5,0,0,9,0,0,9,0,0,7,0,0,"","","+9 Endurance","","","","","","","","","","","","","",0xFF01FE,0,0,23118,0,0,0,0,
2699,0,5,0,0,6,0,0,6,0,0,6,0,0,"","","+6 Esprit","","","","","","","","","","","","","",0xFF01FE,0,0,23119,0,0,0,0,
2700,0,3,0,0,0,0,0,0,0,0,31926,0,0,"","","+8 à la pénétration des sorts","","","","","","","","","","","","","",0xFF01FE,0,0,23120,0,0,0,0,
2701,0,5,0,0,3,0,0,3,0,0,43,0,0,"","","+3 points de mana toutes les 5 sec.","","","","","","","","","","","","","",0xFF01FE,0,0,23121,0,0,0,0,
2702,0,0,0,0,0,0,0,0,0,0,0,0,0,"","","+12 Agilité (2 gemmes rouges)","","","","","","","","","","","","","",0xFF01FE,0,0,0,0,0,0,0,
2703,0,4,0,0,0,0,0,0,0,0,0,0,0,"","","+4 Agilité pour chaque couleur de gemme","","","","","","","","","","","","","",0xFF01FE,0,0,23364,0,0,0,0,
2704,0,5,0,0,12,0,0,12,0,0,4,0,0,"","","+12 Force avec 4 gemmes bleues équipées","","","","","","","","","","","","","",0xFF01FE,0,0,23366,3,0,0,0,
2705,0,5,5,0,3,4,0,3,4,0,5,45,0,"","","+4 à la puissance des sorts et +3 Intelligence","","","","","","","","","","","","","",0xFF01FE,0,0,23099,0,0,0,0,
2706,0,5,5,0,3,4,0,3,4,0,12,7,0,"","","+3 au score de défense et +4 Endurance","","","","","","","","","","","","","",0xFF01FE,0,0,23105,0,0,0,0,
2707,0,5,5,0,2,3,0,2,3,0,43,5,0,"","","+3 Intelligence et +2 point de mana toutes les 5 sec.","","","","","","","","","","","","","",0xFF01FE,0,0,23106,0,0,0,0,
2708,0,5,5,0,4,4,0,4,4,0,45,7,0,"","","+4 à la puissance des sorts et +4 Endurance","","","","","","","","","","","","","",0xFF01FE,0,0,23108,0,0,0,0,
2709,0,5,5,0,4,2,0,4,2,0,45,43,0,"","","+4 à la puissance des sorts et +2 point de mana toutes les 5 secondes","","","","","","","","","","","","","",0xFF01FE,0,0,23109,0,0,0,0,
2710,0,5,5,0,3,4,0,3,4,0,3,7,0,"","","+3 Agilité et +4 Endurance","","","","","","","","","","","","","",0xFF01FE,0,0,23110,0,0,0,0,
2711,0,5,5,0,3,4,0,3,4,0,4,7,0,"","","+3 Force et +4 Endurance","","","","","","","","","","","","","",0xFF01FE,0,0,23111,0,0,0,0,
2712,0,2,0,0,12,0,0,12,0,0,0,0,0,"","","Aiguisé (+12 points de dégâts)","","","","","","","","","","","","","",0xFF01FE,0,0,0,0,0,0,0,
2713,0,5,2,0,14,12,0,14,12,0,32,0,0,"","","Aiguisé (+14 au score de critique et +12 aux points de dégâts)","","","","","","","","","","","","","",0xFF01FE,0,0,0,0,0,0,0,
2714,0,3,0,0,0,0,0,0,0,0,29455,0,0,"","","Pointe en gangracier (26-38)","","","","","","","","","","","","","",0xFF01FE,0,0,0,0,0,0,0,
2715,0,5,5,0,16,6,0,16,6,0,45,43,0,"","","+16 à la puissance des sorts et 6 points de mana toutes les 5 sec.","","","","","","","","","","","","","",0xFF01FE,0,1,0,0,0,0,60,
2716,0,5,4,0,16,100,0,16,100,0,7,0,0,"","","+16 Endurance et +100 Armure","","","","","","","","","","","","","",0xFF01FE,0,1,0,0,0,0,60,
2717,0,5,5,0,26,14,0,26,14,0,38,32,0,"","","+26 à la puissance d'attaque/+14 au score de coup critique","","","","","","","","","","","","","",0xFF01FE,0,1,0,0,0,0,60,
2718,0,3,0,0,0,0,0,0,0,0,42135,0,0,"","","Rune de garde inférieure","","","","","","","","","","","","","",0xFF01FE,0,0,0,0,0,0,0,
2719,0,3,0,0,0,0,0,0,0,0,29674,0,0,"","","Gardien de sauvegarde inférieur","","","","","","","","","","","","","",0xFF01FE,0,0,0,0,0,0,0,
2720,0,3,0,0,0,0,0,0,0,0,29701,0,0,"","","Gardien de sauvegarde supérieur","","","","","","","","","","","","","",0xFF01FE,0,0,0,0,0,0,0,
2721,0,5,5,0,15,14,0,15,14,0,45,32,0,"","","+15 à la puissance des sorts et +14 au score de coup critique","","","","","","","","","","","","","",0xFF01FE,0,1,0,0,0,0,60,
2722,0,2,0,0,10,0,0,10,0,0,0,0,0,"","","Lunette (+10 point de dégâts)","","","","","","","","","","","","","",0xFF01FE,0,1,0,0,0,0,55,
2723,0,2,0,0,12,0,0,12,0,0,0,0,0,"","","Lunette (+12 point de dégâts)","","","","","","","","","","","","","",0xFF01FE,0,1,0,0,0,0,55,
2724,0,5,0,0,28,0,0,28,0,0,20,0,0,"","","Lunette (+28 au score de coup critique)","","","","","","","","","","","","","",0xFF01FE,0,1,0,0,0,0,60,
2725,0,5,0,0,8,0,0,8,0,0,4,0,0,"","","+8 Force","","","","","","","","","","","","","",0xFF01FE,0,0,24027,0,0,0,0,
2726,0,5,0,0,8,0,0,8,0,0,3,0,0,"","","+8 Agilité","","","","","","","","","","","","","",0xFF01FE,0,0,24028,0,0,0,0,
2727,0,5,0,0,9,0,0,9,0,0,45,0,0,"","","+9 à la puissance des sorts","","","","","","","","","","","","","",0xFF01FE,0,0,24029,0,0,0,0,
2728,0,5,0,0,9,0,0,9,0,0,45,0,0,"","","+9 à la puissance des sorts","","","","","","","","","","","","","",0xFF01FE,0,0,24030,0,0,0,0,
2729,0,5,0,0,16,0,0,16,0,0,38,0,0,"","","+16 à la puissance d'attaque","","","","","","","","","","","","","",0xFF01FE,0,0,24031,0,0,0,0,
2730,0,5,0,0,8,0,0,8,0,0,13,0,0,"","","+8 au score d'esquive","","","","","","","","","","","","","",0xFF01FE,0,0,24032,0,0,0,0,
2731,0,5,0,0,12,0,0,12,0,0,7,0,0,"","","+12 Endurance","","","","","","","","","","","","","",0xFF01FE,0,0,24033,0,0,0,0,
2732,0,5,0,0,8,0,0,8,0,0,6,0,0,"","","+8 Esprit","","","","","","","","","","","","","",0xFF01FE,0,0,24035,0,0,0,0,
2733,0,5,0,0,4,0,0,4,0,0,43,0,0,"","","+4 points de mana toutes les 5 sec.","","","","","","","","","","","","","",0xFF01FE,0,0,24037,0,0,0,0,
2734,0,5,0,0,8,0,0,8,0,0,5,0,0,"","","+8 Intelligence","","","","","","","","","","","","","",0xFF01FE,0,0,24047,0,0,0,0,
2735,0,5,0,0,8,8,0,8,8,0,32,20,0,"","","+8 au score de coup critique","","","","","","","","","","","","","",0xFF01FE,0,0,24048,0,0,0,0,
2736,0,5,0,0,8,0,0,8,0,0,32,0,0,"","","+8 au score de coup critique","","","","","","","","","","","","","",0xFF01FE,0,0,24050,0,0,0,0,
2737,0,5,0,0,8,0,0,8,0,0,12,0,0,"","","+8 au score de défense","","","","","","","","","","","","","",0xFF01FE,0,0,24052,0,0,0,0,
2738,0,5,5,0,4,6,0,4,6,0,4,7,0,"","","+4 Force et +6 Endurance","","","","","","","","","","","","","",0xFF01FE,0,0,24054,0,0,0,0,
2739,0,5,5,0,4,6,0,4,6,0,3,7,0,"","","+4 Agilité et +6 Endurance","","","","","","","","","","","","","",0xFF01FE,0,0,24055,0,0,0,0,
2740,0,5,5,0,5,6,0,5,6,0,45,7,0,"","","+5 à la puissance des sorts et +6 Endurance","","","","","","","","","","","","","",0xFF01FE,0,0,24056,0,0,0,0,
2741,0,5,5,0,5,2,0,5,2,0,45,43,0,"","","+5 à la puissance des sorts et +2 points de mana toutes les 5 secondes","","","","","","","","","","","","","",0xFF01FE,0,0,24057,0,0,0,0,
2742,0,5,5,0,5,4,0,5,4,0,45,5,0,"","","+5 à la puissance des sorts et +4 Intelligence","","","","","","","","","","","","","",0xFF01FE,0,0,24060,0,0,0,0,
2743,0,5,5,0,4,6,0,4,6,0,12,7,0,"","","+4 au score de défense et +6 Endurance","","","","","","","","","","","","","",0xFF01FE,0,0,24062,0,0,0,0,
2744,0,5,5,0,4,2,0,4,2,0,5,43,0,"","","+4 Intelligence et +2 points de mana toutes les 5 secondes","","","","","","","","","","","","","",0xFF01FE,0,0,24065,0,0,0,0,
2745,0,5,5,0,25,15,0,25,15,0,45,7,0,"","","+25 à la puissance des sorts et +15 Endurance","","","","","","","","","","","","","",0xFF01FE,0,1,0,0,0,0,50,
2746,0,5,5,0,35,20,0,35,20,0,45,7,0,"","","+35 à la puissance des sorts et +20 Endurance","","","","","","","","","","","","","",0xFF01FE,0,1,0,0,0,0,60,
2747,0,5,5,0,25,15,0,25,15,0,45,7,0,"","","+25 à la puissance des sorts et +15 Endurance","","","","","","","","","","","","","",0xFF01FE,0,1,0,0,0,0,50,
2748,0,5,5,0,35,20,0,35,20,0,45,7,0,"","","+35 à la puissance des sorts et +20 Endurance","","","","","","","","","","","","","",0xFF01FE,0,1,0,0,0,0,60,
2749,0,5,0,0,12,0,0,12,0,0,5,0,0,"","","+12 Intelligence","","","","","","","","","","","","","",0xFF01FE,0,0,0,0,0,0,0,
2750,0,5,0,0,6,0,0,6,0,0,43,0,0,"","","6 points de mana toutes les 5 sec.","","","","","","","","","","","","","",0xFF01FE,0,0,0,0,0,0,0,
2751,0,5,0,0,14,0,0,14,0,0,32,0,0,"","","+14 au score de coup critique","","","","","","","","","","","","","",0xFF01FE,0,0,0,0,0,0,0,
2752,0,5,5,0,3,3,3,3,3,3,4,32,20,"","","+3 au score de coup critique et +3 Force","","","","","","","","","","","","","",0xFF01FE,0,0,23098,0,0,0,0,
2753,0,5,5,0,4,4,4,4,4,4,4,32,20,"","","+4 au score de coup critique et +4 Force","","","","","","","","","","","","","",0xFF01FE,0,0,24058,0,0,0,0,
2754,0,5,0,0,8,0,0,8,0,0,14,0,0,"","","+8 au score de parade","","","","","","","","","","","","","",0xFF01FE,0,0,24036,0,0,0,0,
2755,0,5,5,0,3,3,0,3,3,0,3,31,0,"","","+3 au score de toucher et +3 Agilité","","","","","","","","","","","","","",0xFF01FE,0,0,23100,0,0,0,0,
2756,0,5,5,0,4,4,4,4,4,4,3,31,17,"","","+4 au score de toucher et +4 Agilité","","","","","","","","","","","","","",0xFF01FE,0,0,24061,0,0,0,0,
2757,0,5,5,0,4,3,3,4,3,3,7,32,20,"","","+3 au score de coup critique et +4 Endurance","","","","","","","","","","","","","",0xFF01FE,0,0,23104,0,0,0,0,
2758,0,5,5,0,6,4,4,6,4,4,7,32,20,"","","+4 au score de coup critique et +6 Endurance","","","","","","","","","","","","","",0xFF01FE,0,0,24067,0,0,0,0,
2759,0,5,0,0,8,0,0,8,0,0,35,0,0,"","","+8 au score de résilience","","","","","","","","","","","","","",0xFF01FE,0,0,24053,0,0,0,0,
2760,0,5,5,0,3,4,0,3,4,0,32,45,0,"","","+3 au score de coup critique et +4 à la puissance des sorts","","","","","","","","","","","","","",0xFF01FE,0,0,23101,0,0,0,0,
2761,0,5,5,0,4,5,0,4,5,0,32,45,0,"","","+4 au score de coup critique et +5 à la puissance des sorts","","","","","","","","","","","","","",0xFF01FE,0,0,24059,0,0,0,0,
2762,0,5,3,0,3,0,0,3,0,0,32,31922,0,"","","+3 au score de coup critique et +4 à la pénétration des sorts","","","","","","","","","","","","","",0xFF01FE,0,0,23103,0,0,0,0,
2763,0,5,3,0,4,0,0,4,0,0,32,31921,0,"","","+4 au score de coup critique et +5 à la pénétration des sorts","","","","","","","","","","","","","",0xFF01FE,0,0,24066,0,0,0,0,
2764,0,5,0,0,8,8,0,8,8,0,31,17,0,"","","+8 au score de toucher","","","","","","","","","","","","","",0xFF01FE,0,0,24051,0,0,0,0,
2765,0,3,0,0,0,0,0,0,0,0,25975,0,0,"","","+10 à la pénétration des sorts","","","","","","","","","","","","","",0xFF01FE,0,0,24039,0,0,0,0,
2766,0,5,0,0,8,0,0,8,0,0,5,0,0,"","","+8 Intelligence","","","","","","","","","","","","","",0xFF01FE,0,0,0,0,0,0,0,
2767,0,5,0,0,8,0,0,8,0,0,31,0,0,"","","+8 au score de toucher","","","","","","","","","","","","","",0xFF01FE,0,0,0,0,0,0,0,
2768,0,5,0,0,16,0,0,16,0,0,45,0,0,"","","+16 à la puissance des sorts","","","","","","","","","","","","","",0xFF01FE,0,0,0,0,0,0,0,
2769,0,5,0,0,11,0,0,11,0,0,31,0,0,"","","+11 aux score de toucher","","","","","","","","","","","","","",0xFF01FE,0,0,0,0,0,0,0,
2770,0,5,0,0,7,0,0,7,0,0,45,0,0,"","","+7 à la puissance des sorts","","","","","","","","","","","","","",0xFF01FE,0,0,0,0,0,0,0,
2771,0,5,0,0,8,0,0,8,0,0,32,0,0,"","","+8 au score de coup critique","","","","","","","","","","","","","",0xFF01FE,0,0,0,0,0,0,0,
2772,0,5,0,0,14,0,0,14,0,0,32,0,0,"","","+14 au score de coup critique","","","","","","","","","","","","","",0xFF01FE,0,0,0,0,0,0,0,
2773,0,5,0,0,16,0,0,16,0,0,32,0,0,"","","+16 au score de coup critique","","","","","","","","","","","","","",0xFF01FE,0,0,0,0,0,0,0,
2774,0,5,0,0,11,0,0,11,0,0,5,0,0,"","","+11 Intelligence","","","","","","","","","","","","","",0xFF01FE,0,0,0,0,0,0,0,
2775,0,5,0,0,11,0,0,11,0,0,32,0,0,"","","+11 au score de coup critique","","","","","","","","","","","","","",0xFF01FE,0,0,0,0,0,0,0,
2776,0,5,0,0,3,0,0,3,0,0,43,0,0,"","","+3 points de mana toutes les 5 secondes","","","","","","","","","","","","","",0xFF01FE,0,0,0,0,0,0,0,
2777,0,5,0,0,13,0,0,13,0,0,6,0,0,"","","+13 Esprit","","","","","","","","","","","","","",0xFF01FE,0,0,0,0,0,0,0,
2778,0,3,0,0,0,0,0,0,0,0,31950,0,0,"","","+13 à la pénétration des sorts","","","","","","","","","","","","","",0xFF01FE,0,0,0,0,0,0,0,
2779,0,5,0,0,16,0,0,16,0,0,6,0,0,"","","+16 Esprit","","","","","","","","","","","","","",0xFF01FE,0,0,0,0,0,0,0,
2780,0,3,0,0,0,0,0,0,0,0,26283,0,0,"","","+20 à la pénétration des sorts","","","","","","","","","","","","","",0xFF01FE,0,0,0,0,0,0,0,
2781,0,5,0,0,19,0,0,19,0,0,7,0,0,"","","+19 Endurance","","","","","","","","","","","","","",0xFF01FE,0,0,0,0,0,0,0,
2782,0,5,0,0,10,0,0,10,0,0,3,0,0,"","","+10 Agilité","","","","","","","","","","","","","",0xFF01FE,0,0,0,0,0,0,0,
2783,0,5,0,0,14,0,0,14,0,0,31,0,0,"","","+14 au score de toucher","","","","","","","","","","","","","",0xFF01FE,0,0,0,0,0,0,0,
2784,0,5,0,0,12,0,0,12,0,0,31,0,0,"","","+12 au score de toucher","","","","","","","","","","","","","",0xFF01FE,0,0,0,0,0,0,0,
2785,0,5,0,0,13,0,0,13,0,0,31,0,0,"","","+13 au score de toucher","","","","","","","","","","","","","",0xFF01FE,0,0,0,0,0,0,0,
2786,0,5,0,0,7,0,0,7,0,0,31,0,0,"","","+7 au score de toucher","","","","","","","","","","","","","",0xFF01FE,0,0,0,0,0,0,0,
2787,0,5,0,0,8,0,0,8,0,0,32,0,0,"","","+8 au score de coup critique","","","","","","","","","","","","","",0xFF01FE,0,0,0,0,0,0,0,
2788,0,5,0,0,9,0,0,9,0,0,35,0,0,"","","+9 à la résilience","","","","","","","","","","","","","",0xFF01FE,0,0,0,0,0,0,0,
2789,0,5,0,0,15,0,0,15,0,0,35,0,0,"","","+15 à la résilience","","","","","","","","","","","","","",0xFF01FE,0,0,0,0,0,0,0,
2790,0,3,0,0,0,0,0,0,0,0,29504,0,0,"","","ZZOLD Rune de garde inférieure","","","","","","","","","","","","","",0xFF01FE,0,0,0,0,0,0,0,
2791,0,3,0,0,0,0,0,0,0,0,42136,0,0,"","","Rune de garde supérieure","","","","","","","","","","","","","",0xFF01FE,0,0,0,0,0,0,0,
2792,0,5,0,0,8,0,0,8,0,0,7,0,0,"","","+8 Endurance","","","","","","","","","","","","","",0xFF01FE,0,0,0,0,0,0,0,
2793,0,5,0,0,8,0,0,8,0,0,12,0,0,"","","+8 au score de défense","","","","","","","","","","","","","",0xFF01FE,0,1,0,0,0,0,55,
2794,0,5,0,0,4,0,0,4,0,0,43,0,0,"","","+4 points de mana rendus toutes les 5 secondes","","","","","","","","","","","","","",0xFF01FE,0,1,0,0,0,0,55,
2795,0,3,0,0,0,0,0,0,0,0,32427,0,0,"","","Semelles confortables","","","","","","","","","","","","","",0xFF01FE,0,0,0,0,0,0,0,
2796,0,5,0,0,15,0,0,15,0,0,13,0,0,"","","+15 au score d'esquive","","","","","","","","","","","","","",0xFF01FE,0,0,0,0,0,0,0,
2797,0,5,0,0,9,0,0,9,0,0,13,0,0,"","","+9 au score d'esquive","","","","","","","","","","","","","",0xFF01FE,0,0,0,0,0,0,0,
2798,0,3,0,0,0,0,0,0,0,0,32557,0,0,"","","+$i Intelligence (+$n/+$f)","","","","","","","","","","","","","",0xFF01FE,0,0,0,0,0,0,0,
2799,0,5,0,0,0,0,0,0,0,0,7,0,0,"","","+$i Endurance (+$n/+$f)","","","","","","","","","","","","","",0xFF01FE,0,0,0,0,0,0,0,
2800,0,4,0,0,0,0,0,0,0,0,0,0,0,"","","+$i Armure (+$n/+$f)","","","","","","","","","","","","","",0xFF01FE,0,0,0,0,0,0,0,
2801,0,5,0,0,8,0,0,8,0,0,35,0,0,"","","+8 à la résilience","","","","","","","","","","","","","",0xFF01FE,0,0,0,0,0,0,0,
2802,0,5,0,0,0,0,0,0,0,0,3,0,0,"","","+$i Agilité","","","","","","","","","","","","","",0xFF01FE,0,0,0,0,0,0,0,
2803,0,5,0,0,0,0,0,0,0,0,7,0,0,"","","+$i Endurance","","","","","","","","","","","","","",0xFF01FE,0,0,0,0,0,0,0,
2804,0,5,0,0,0,0,0,0,0,0,5,0,0,"","","+$i Intelligence","","","","","","","","","","","","","",0xFF01FE,0,0,0,0,0,0,0,
2805,0,5,0,0,0,0,0,0,0,0,4,0,0,"","","+$i Force","","","","","","","","","","","","","",0xFF01FE,0,0,0,0,0,0,0,
2806,0,5,0,0,0,0,0,0,0,0,6,0,0,"","","+$i Esprit","","","","","","","","","","","","","",0xFF01FE,0,0,0,0,0,0,0,
2807,0,3,0,0,0,0,0,0,0,0,32694,0,0,"","","+$i aux dégâts des Arcanes","","","","","","","","","","","","","",0xFF01FE,0,0,0,0,0,0,0,
2808,0,3,0,0,0,0,0,0,0,0,32695,0,0,"","","+$i aux dégâts de Feu","","","","","","","","","","","","","",0xFF01FE,0,0,0,0,0,0,0,
2809,0,3,0,0,0,0,0,0,0,0,32696,0,0,"","","+$i aux dégâts de Nature","","","","","","","","","","","","","",0xFF01FE,0,0,0,0,0,0,0,
2810,0,3,0,0,0,0,0,0,0,0,32698,0,0,"","","+$i aux dégâts de Givre","","","","","","","","","","","","","",0xFF01FE,0,0,0,0,0,0,0,
2811,0,3,0,0,0,0,0,0,0,0,32697,0,0,"","","+$i aux dégâts d'Ombre","","","","","","","","","","","","","",0xFF01FE,0,0,0,0,0,0,0,
2812,0,3,0,0,0,0,0,0,0,0,32701,0,0,"","","+$i aux soins","","","","","","","","","","","","","",0xFF01FE,0,0,0,0,0,0,0,
2813,0,5,0,0,0,0,0,0,0,0,12,0,0,"","","+$i au score de défense","","","","","","","","","","","","","",0xFF01FE,0,0,0,0,0,0,0,
2814,0,3,0,0,0,0,0,0,0,0,32703,0,0,"","","+$i points de vie toutes les 5 sec.","","","","","","","","","","","","","",0xFF01FE,0,0,0,0,0,0,0,
2815,0,5,0,0,0,0,0,0,0,0,13,0,0,"","","+$i au score d'esquive","","","","","","","","","","","","","",0xFF01FE,0,0,0,0,0,0,0,
2816,0,5,0,0,0,0,0,0,0,0,43,0,0,"","","+$i points de mana toutes les 5 sec.","","","","","","","","","","","","","",0xFF01FE,0,0,0,0,0,0,0,
2817,0,4,0,0,0,0,0,0,0,0,6,0,0,"","","+$i à la résistance aux Arcanes","","","","","","","","","","","","","",0xFF01FE,0,0,0,0,0,0,0,
2818,0,4,0,0,0,0,0,0,0,0,2,0,0,"","","+$i à la résistance au Feu","","","","","","","","","","","","","",0xFF01FE,0,0,0,0,0,0,0,
2819,0,4,0,0,0,0,0,0,0,0,4,0,0,"","","+$i à la résistance au Givre","","","","","","","","","","","","","",0xFF01FE,0,0,0,0,0,0,0,
2820,0,4,0,0,0,0,0,0,0,0,3,0,0,"","","+$i à la résistance à la Nature","","","","","","","","","","","","","",0xFF01FE,0,0,0,0,0,0,0,
2821,0,4,0,0,0,0,0,0,0,0,5,0,0,"","","+$i à la résistance à l'Ombre","","","","","","","","","","","","","",0xFF01FE,0,0,0,0,0,0,0,
2822,0,5,0,0,0,0,0,0,0,0,32,0,0,"","","+$i au score de coup critique","","","","","","","","","","","","","",0xFF01FE,0,0,0,0,0,0,0,
2823,0,5,0,0,0,0,0,0,0,0,32,0,0,"","","+$i au score de coup critique","","","","","","","","","","","","","",0xFF01FE,0,0,0,0,0,0,0,
2824,0,5,0,0,0,0,0,0,0,0,45,0,0,"","","+$i à la puissance des sorts","","","","","","","","","","","","","",0xFF01FE,0,0,0,0,0,0,0,
2825,0,5,0,0,0,0,0,0,0,0,38,0,0,"","","+$i à la puissance d'attaque","","","","","","","","","","","","","",0xFF01FE,0,0,0,0,0,0,0,
2826,0,5,0,0,0,0,0,0,0,0,15,0,0,"","","+$i au score de blocage","","","","","","","","","","","","","",0xFF01FE,0,0,0,0,0,0,0,
2827,0,5,3,0,14,0,0,14,0,0,32,11818,0,"","","+14 au score de critique et 1% de renvoi de sort","","","","","","","","","","","","","",0xFF01FE,0,0,25890,64,0,0,0,
2828,0,3,0,0,0,0,0,0,0,0,32837,0,0,"","","Chance d'augmenter la vitesse d'incantation des sorts","","","","","","","","","","","","","",0xFF01FE,0,0,25893,30,0,0,0,
2829,0,5,3,0,24,0,0,24,0,0,38,23990,0,"","","+24 à la puissance d'attaque et légère augmentation de la vitesse de course","","","","","","","","","","","","","",0xFF01FE,0,0,25894,63,0,0,0,
2830,0,5,3,0,12,0,0,12,0,0,32,55378,0,"","","+12 au score de coup critique et durées des ralentissements/immobilisations réduites de 10%","","","","","","","","","","","","","",0xFF01FE,0,0,25895,32,0,0,0,
2831,0,5,3,0,18,0,0,18,0,0,7,55358,0,"","","+18 à l'Endurance et durée d'Étourdissement réduite de 15%.","","","","","","","","","","","","","",0xFF01FE,0,0,25896,33,0,0,0,
2832,0,5,3,0,14,0,0,14,0,0,45,32842,0,"","","+14 à la puissance des sorts et 2% de réduction de la menace","","","","","","","","","","","","","",0xFF01FE,0,0,25897,34,0,0,0,
2833,0,5,3,0,12,0,0,12,0,0,12,32844,0,"","","+12 au score de défense et une chance de rendre des points de vie au toucher","","","","","","","","","","","","","",0xFF01FE,0,0,25898,35,0,0,0,
2834,0,3,3,0,0,0,0,0,0,0,26598,37982,0,"","","+3 aux dégâts en mêlée et une chance d'étourdir la cible","","","","","","","","","","","","","",0xFF01FE,0,0,25899,36,0,0,0,
2835,0,5,3,0,12,0,0,12,0,0,5,27521,0,"","","+12 Intelligence et une chance de restaurer des points de mana au lancement d'un sort","","","","","","","","","","","","","",0xFF01FE,0,0,25901,66,0,0,0,
2836,0,5,0,0,3,0,0,3,0,0,43,0,0,"","","3 point de mana toutes les 5 sec.","","","","","","","","","","","","","",0xFF01FE,0,0,0,0,0,0,0,
2837,0,5,0,0,7,0,0,7,0,0,6,0,0,"","","+7 Esprit","","","","","","","","","","","","","",0xFF01FE,0,0,0,0,0,0,0,
2838,0,5,0,0,7,0,0,7,0,0,32,0,0,"","","+7 au score de coup critique","","","","","","","","","","","","","",0xFF01FE,0,0,0,0,0,0,0,
2839,0,5,0,0,14,0,0,14,0,0,32,0,0,"","","+14 au score de coup critique","","","","","","","","","","","","","",0xFF01FE,0,0,0,0,0,0,0,
2840,0,5,0,0,21,0,0,21,0,0,7,0,0,"","","+21 Endurance","","","","","","","","","","","","","",0xFF01FE,0,0,0,0,0,0,0,
2841,0,5,0,0,10,0,0,10,0,0,7,0,0,"","","+10 Endurance","","","","","","","","","","","","","",0xFF01FE,0,0,0,0,0,0,0,
2842,0,5,0,0,8,0,0,8,0,0,6,0,0,"","","+8 Esprit","","","","","","","","","","","","","",0xFF01FE,0,0,0,0,0,0,0,
2843,0,5,0,0,8,0,0,8,0,0,32,0,0,"","","+8 au score de coup critique","","","","","","","","","","","","","",0xFF01FE,0,0,0,0,0,0,0,
2844,0,5,0,0,8,0,0,8,0,0,31,0,0,"","","+8 au score de toucher","","","","","","","","","","","","","",0xFF01FE,0,0,0,0,0,0,0,
2845,0,5,0,0,11,0,0,11,0,0,31,0,0,"","","+11 aux score de toucher","","","","","","","","","","","","","",0xFF01FE,0,0,0,0,0,0,0,
2846,0,5,0,0,4,0,0,4,0,0,43,0,0,"","","4 points de mana toutes les 5 sec.","","","","","","","","","","","","","",0xFF01FE,0,0,0,0,0,0,0,
2847,0,5,0,0,4,0,0,4,0,0,43,0,0,"","","4 points de mana toutes les 5 sec.","","","","","","","","","","","","","",0xFF01FE,0,0,0,0,0,0,0,
2848,0,5,0,0,5,0,0,5,0,0,43,0,0,"","","5 points de mana toutes les 5 sec.","","","","","","","","","","","","","",0xFF01FE,0,0,0,0,0,0,0,
2849,0,5,0,0,0,0,0,0,0,0,13,0,0,"","","+7 au score d'esquive","","","","","","","","","","","","","",0xFF01FE,0,0,0,0,0,0,0,
2850,0,5,0,0,13,0,0,13,0,0,32,0,0,"","","+13 au score de coup critique","","","","","","","","","","","","","",0xFF01FE,0,0,0,0,0,0,0,
2851,0,5,0,0,19,0,0,19,0,0,7,0,0,"","","+19 Endurance","","","","","","","","","","","","","",0xFF01FE,0,0,0,0,0,0,0,
2852,0,5,0,0,7,0,0,7,0,0,43,0,0,"","","7 points de mana toutes les 5 sec.","","","","","","","","","","","","","",0xFF01FE,0,0,0,0,0,0,0,
2853,0,5,0,0,8,0,0,8,0,0,43,0,0,"","","8 points de mana toutes les 5 sec.","","","","","","","","","","","","","",0xFF01FE,0,0,0,0,0,0,0,
2854,0,5,0,0,3,0,0,3,0,0,43,0,0,"","","3 point de mana toutes les 5 sec.","","","","","","","","","","","","","",0xFF01FE,0,0,0,0,0,0,0,
2855,0,5,0,0,5,0,0,5,0,0,43,0,0,"","","5 points de mana toutes les 5 sec.","","","","","","","","","","","","","",0xFF01FE,0,0,0,0,0,0,0,
2856,0,5,0,0,4,0,0,4,0,0,35,0,0,"","","+4 au score de résilience","","","","","","","","","","","","","",0xFF01FE,0,0,0,0,0,0,0,
2857,0,5,0,0,2,0,0,2,0,0,19,0,0,"","","+2 au score de coup critique","","","","","","","","","","","","","",0xFF01FE,0,0,0,0,0,0,0,
2858,0,5,0,0,2,0,0,2,0,0,19,0,0,"","","+2 au score de coup critique","","","","","","","","","","","","","",0xFF01FE,0,0,0,0,0,0,0,
2859,0,5,0,0,3,0,0,3,0,0,35,0,0,"","","+3 au score de résilience","","","","","","","","","","","","","",0xFF01FE,0,0,0,0,0,0,0,
2860,0,5,0,0,3,0,0,3,0,0,31,0,0,"","","+3 au score de toucher","","","","","","","","","","","","","",0xFF01FE,0,0,0,0,0,0,0,
2861,0,5,0,0,3,0,0,3,0,0,12,0,0,"","","+3 au score de défense","","","","","","","","","","","","","",0xFF01FE,0,0,0,0,0,0,0,
2862,0,5,0,0,3,0,0,3,0,0,35,0,0,"","","+3 au score de résilience","","","","","","","","","","","","","",0xFF01FE,0,0,0,0,0,0,0,
2863,0,5,0,0,3,0,0,3,0,0,5,0,0,"","","+3 Intelligence","","","","","","","","","","","","","",0xFF01FE,0,0,0,0,0,0,0,
2864,0,5,0,0,4,0,0,4,0,0,32,0,0,"","","+4 au score de coup critique","","","","","","","","","","","","","",0xFF01FE,0,0,0,0,0,0,0,
2865,0,5,0,0,2,0,0,2,0,0,43,0,0,"","","+2 points de mana toutes les 5 sec.","","","","","","","","","","","","","",0xFF01FE,0,0,0,0,0,0,0,
2866,0,5,0,0,3,0,0,3,0,0,6,0,0,"","","+3 Esprit","","","","","","","","","","","","","",0xFF01FE,0,0,0,0,0,0,0,
2867,0,5,0,0,2,0,0,2,0,0,35,0,0,"","","+2 au score de résilience","","","","","","","","","","","","","",0xFF01FE,0,0,0,0,0,0,0,
2868,0,5,0,0,6,0,0,6,0,0,7,0,0,"","","+6 Endurance","","","","","","","","","","","","","",0xFF01FE,0,0,0,0,0,0,0,
2869,0,5,0,0,4,0,0,4,0,0,5,0,0,"","","+4 Intelligence","","","","","","","","","","","","","",0xFF01FE,0,0,0,0,0,0,0,
2870,0,5,0,0,3,0,0,3,0,0,14,0,0,"","","+3 au score de parade","","","","","","","","","","","","","",0xFF01FE,0,0,0,0,0,0,0,
2871,0,5,0,0,4,0,0,4,0,0,13,0,0,"","","+4 au score d'esquive","","","","","","","","","","","","","",0xFF01FE,0,0,0,0,0,0,0,
2872,0,5,0,0,5,0,0,5,0,0,45,0,0,"","","+5 à la puissance des sorts","","","","","","","","","","","","","",0xFF01FE,0,0,0,0,0,0,0,
2873,0,5,0,0,4,0,0,4,0,0,31,0,0,"","","+4 au score de toucher","","","","","","","","","","","","","",0xFF01FE,0,0,0,0,0,0,0,
2874,0,5,0,0,4,0,0,4,0,0,32,0,0,"","","+4 au score de coup critique","","","","","","","","","","","","","",0xFF01FE,0,0,0,0,0,0,0,
2875,0,5,0,0,3,0,0,3,0,0,32,0,0,"","","+3 au score de coup critique","","","","","","","","","","","","","",0xFF01FE,0,0,0,0,0,0,0,
2876,0,5,0,0,3,0,0,3,0,0,13,0,0,"","","+3 au score d'esquive","","","","","","","","","","","","","",0xFF01FE,0,0,0,0,0,0,0,
2877,0,5,0,0,4,0,0,4,0,0,3,0,0,"","","+4 Agilité","","","","","","","","","","","","","",0xFF01FE,0,0,0,0,0,0,0,
2878,0,5,0,0,4,0,0,4,0,0,35,0,0,"","","+4 au score de résilience","","","","","","","","","","","","","",0xFF01FE,0,0,0,0,0,0,0,
2879,0,5,0,0,3,0,0,3,0,0,4,0,0,"","","+3 Force","","","","","","","","","","","","","",0xFF01FE,0,0,0,0,0,0,0,
2880,0,5,0,0,3,0,0,3,0,0,31,0,0,"","","+3 au score de toucher","","","","","","","","","","","","","",0xFF01FE,0,0,0,0,0,0,0,
2881,0,5,0,0,1,0,0,1,0,0,43,0,0,"","","+1 point de mana toutes les 5 sec.","","","","","","","","","","","","","",0xFF01FE,0,0,0,0,0,0,0,
2882,0,5,0,0,6,0,0,6,0,0,7,0,0,"","","+6 Endurance","","","","","","","","","","","","","",0xFF01FE,0,0,0,0,0,0,0,
2883,0,5,0,0,4,0,0,4,0,0,7,0,0,"","","+4 Endurance","","","","","","","","","","","","","",0xFF01FE,0,0,0,0,0,0,0,
2884,0,5,0,0,2,0,0,2,0,0,32,0,0,"","","+2 au score de coup critique","","","","","","","","","","","","","",0xFF01FE,0,0,0,0,0,0,0,
2885,0,5,0,0,2,0,0,2,0,0,32,0,0,"","","+2 au score de coup critique","","","","","","","","","","","","","",0xFF01FE,0,0,0,0,0,0,0,
2886,0,5,0,0,2,0,0,2,0,0,31,0,0,"","","+2 au score de toucher","","","","","","","","","","","","","",0xFF01FE,0,0,0,0,0,0,0,
2887,0,5,0,0,3,0,0,3,0,0,32,0,0,"","","+3 au score de coup critique","","","","","","","","","","","","","",0xFF01FE,0,0,0,0,0,0,0,
2888,0,3,0,0,0,0,0,0,0,0,33088,0,0,"","","+6 à la valeur de blocage","","","","","","","","","","","","","",0xFF01FE,0,0,0,0,0,0,0,
2889,0,5,0,0,5,0,0,5,0,0,45,0,0,"","","+5 à la puissance des sorts","","","","","","","","","","","","","",0xFF01FE,0,0,0,0,0,0,0,
2890,0,5,0,0,4,0,0,4,0,0,6,0,0,"","","+4 Esprit","","","","","","","","","","","","","",0xFF01FE,0,0,0,0,0,0,0,
2891,0,5,0,0,10,0,0,10,0,0,35,0,0,"","","+10 au score de résilience","","","","","","","","","","","","","",0xFF01FE,0,0,27679,0,0,0,0,
2892,0,5,0,0,4,0,0,4,0,0,4,0,0,"","","+4 Force","","","","","","","","","","","","","",0xFF01FE,0,0,0,0,0,0,0,
2893,0,5,0,0,3,0,0,3,0,0,3,0,0,"","","+3 Agilité","","","","","","","","","","","","","",0xFF01FE,0,0,0,0,0,0,0,
2894,0,5,0,0,7,0,0,7,0,0,4,0,0,"","","+ 7 Force","","","","","","","","","","","","","",0xFF01FE,0,0,27774,0,0,0,0,
2895,0,5,0,0,4,0,0,4,0,0,7,0,0,"","","+4 Endurance","","","","","","","","","","","","","",0xFF01FE,0,0,0,0,0,0,0,
2896,0,5,0,0,8,0,0,8,0,0,45,0,0,"","","+8 à la puissance des sorts","","","","","","","","","","","","","",0xFF01FE,0,0,27777,0,0,0,0,
2897,0,5,5,0,3,4,0,3,4,0,7,32,0,"","","+3 Endurance, +4 au score de critique","","","","","","","","","","","","","",0xFF01FE,0,0,27782,0,0,0,0,
2898,0,5,5,0,3,4,0,3,4,0,7,32,0,"","","+3 Endurance, +4 au score de coup critique","","","","","","","","","","","","","",0xFF01FE,0,0,27785,0,0,0,0,
2899,0,5,5,0,3,4,0,3,4,0,7,32,0,"","","+3 Endurance, +4 au score de coup critique","","","","","","","","","","","","","",0xFF01FE,0,0,27786,0,0,0,0,
2900,0,5,0,0,4,0,0,4,0,0,45,0,0,"","","+4 à la puissance des sorts","","","","","","","","","","","","","",0xFF01FE,0,0,0,0,0,0,0,
2901,0,5,0,0,2,0,0,2,0,0,45,0,0,"","","+2 à la puissance des sorts","","","","","","","","","","","","","",0xFF01FE,0,0,0,0,0,0,0,
2902,0,5,0,0,2,0,0,2,0,0,32,0,0,"","","+2 au score de coup critique","","","","","","","","","","","","","",0xFF01FE,0,0,0,0,0,0,0,
2906,0,5,5,0,0,0,0,0,0,0,7,5,0,"","","+$i Endurance et +$i Intelligence","","","","","","","","","","","","","",0xFF01FE,0,0,0,0,0,0,0,
2907,0,5,0,0,2,0,0,2,0,0,14,0,0,"","","+2 au score de parade","","","","","","","","","","","","","",0xFF01FE,0,0,0,0,0,0,0,
2908,0,5,0,0,4,0,0,4,0,0,31,0,0,"","","+4 au score de toucher","","","","","","","","","","","","","",0xFF01FE,0,0,0,0,0,0,0,
2909,0,5,0,0,2,0,0,2,0,0,31,0,0,"","","+2 au score de toucher","","","","","","","","","","","","","",0xFF01FE,0,0,0,0,0,0,0,
2910,0,5,0,0,3,0,0,3,0,0,45,0,0,"","","+3 à la puissance des sorts","","","","","","","","","","","","","",0xFF01FE,0,0,0,0,0,0,0,
2911,0,5,0,0,10,0,0,10,0,0,4,0,0,"","","+10 Force","","","","","","","","","","","","","",0xFF01FE,0,0,28117,0,0,0,0,
2912,0,5,0,0,12,0,0,12,0,0,45,0,0,"","","+12 à la puissance des sorts","","","","","","","","","","","","","",0xFF01FE,0,0,28118,0,0,0,0,
2913,0,5,0,0,10,0,0,10,0,0,32,0,0,"","","+10 au score de coup critique","","","","","","","","","","","","","",0xFF01FE,0,0,28119,0,0,0,0,
2914,0,5,0,0,10,0,0,10,0,0,32,0,0,"","","+10 au score de coup critique","","","","","","","","","","","","","",0xFF01FE,0,0,28120,0,0,0,0,
2915,0,5,5,0,5,5,0,5,5,0,4,32,0,"","","+5 Force, +5 au score de critique","","","","","","","","","","","","","",0xFF01FE,0,0,28122,0,0,0,0,
2916,0,5,5,0,6,5,0,6,5,0,45,32,0,"","","+5 au score de coup critique et +6 à la puissance des sorts","","","","","","","","","","","","","",0xFF01FE,0,0,28123,0,0,0,0,
2917,0,4,0,0,100,0,0,100,0,0,0,0,0,"","","test enchantement de gemme","","","","","","","","","","","","","",0xFF01FE,0,0,27864,0,0,0,0,
2918,0,5,5,0,3,4,0,3,4,0,7,32,0,"","","+3 Endurance, +4 au score de critique","","","","","","","","","","","","","",0xFF01FE,0,0,27786,0,0,0,0,
2919,0,5,0,0,7,0,0,7,0,0,4,0,0,"","","+ 7 Force","","","","","","","","","","","","","",0xFF01FE,0,0,0,0,0,0,0,
2921,0,5,5,0,3,4,0,3,4,0,7,32,0,"","","+3 Endurance, +4 au score de coup critique","","","","","","","","","","","","","",0xFF01FE,0,0,27809,0,0,0,0,
2922,0,5,0,0,7,0,0,7,0,0,4,0,0,"","","+ 7 Force","","","","","","","","","","","","","",0xFF01FE,0,0,27811,0,0,0,0,
2923,0,5,5,0,3,4,0,3,4,0,7,32,0,"","","+3 Endurance, +4 au score de coup critique","","","","","","","","","","","","","",0xFF01FE,0,0,27820,0,0,0,0,
2924,0,5,0,0,8,0,0,8,0,0,45,0,0,"","","+8 à la puissance des sorts","","","","","","","","","","","","","",0xFF01FE,0,0,27812,0,0,0,0,
2925,0,5,0,0,3,0,0,3,0,0,7,0,0,"","","+3 Endurance","","","","","","","","","","","","","",0xFF01FE,0,0,0,0,0,0,0,
2926,0,5,0,0,2,0,0,2,0,0,13,0,0,"","","+2 au score d'esquive","","","","","","","","","","","","","",0xFF01FE,0,0,0,0,0,0,0,
2927,0,5,0,0,4,0,0,4,0,0,4,0,0,"","","+4 Force","","","","","","","","","","","","","",0xFF01FE,0,0,0,0,0,0,0,
2928,0,5,0,0,12,0,0,12,0,0,45,39508,0,"","","+12 à la puissance des sorts","","","","","","","","","","","","","",0xFF01FE,0,1,0,0,333,350,0,
2929,0,3,0,0,2,0,0,2,0,0,26597,0,0,"","","+2 aux dégâts de l'arme","","","","","","","","","","","","","",0xFF01FE,0,1,0,0,333,350,0,
2930,0,5,0,0,12,0,0,12,0,0,45,0,0,"","","+12 à la puissance des sorts","","","","","","","","","","","","","",0xFF01FE,0,1,0,0,333,350,0,
2931,0,3,0,0,0,0,0,0,0,0,19988,0,0,"","","+4 à toutes les caractéristiques","","","","","","","","","","","","","",0xFF01FE,0,1,0,0,333,350,0,
2932,0,5,0,0,4,0,0,4,0,0,12,0,0,"","","+4 au score de défense","","","","","","","","","","","","","",0xFF01FE,0,0,0,0,0,0,0,
2933,0,5,0,0,15,0,0,15,0,0,35,0,0,"","","+15 au score de résilience","","","","","","","","","","","","","",0xFF01FE,0,0,0,0,0,0,0,
2934,0,5,0,0,10,0,0,10,0,0,32,0,0,"","","+10 au score de coup critique","","","","","","","","","","","","","",0xFF01FE,0,0,0,0,0,0,0,
2935,0,5,0,0,15,0,0,15,0,0,31,0,0,"","","+15 au score de toucher","","","","","","","","","","","","","",0xFF01FE,0,0,0,0,0,0,0,
2936,0,5,0,0,8,0,0,8,0,0,38,0,0,"","","+8 à la puissance d'attaque","","","","","","","","","","","","","",0xFF01FE,0,0,0,0,0,0,0,
2937,0,5,0,0,20,0,0,20,0,0,45,0,0,"","","+20 à la puissance des sorts","","","","","","","","","","","","","",0xFF01FE,0,0,0,0,0,0,0,
2938,0,3,0,0,0,0,0,0,0,0,26283,0,0,"","","+20 à la pénétration des sorts","","","","","","","","","","","","","",0xFF01FE,0,0,0,0,0,0,0,
2939,0,3,5,0,0,6,0,0,6,0,13889,3,0,"","","Vitesse mineure et +6 à l'Agilité","","","","","","","","","","","","","",0xFF01FE,0,0,0,0,0,0,0,
2940,0,3,5,0,0,9,0,0,9,0,13889,7,0,"","","Vitesse mineure et +9 à l'Endurance","","","","","","","","","","","","","",0xFF01FE,0,0,0,0,0,0,0,
2941,0,5,0,0,2,0,0,2,0,0,31,0,0,"","","+2 au score de toucher","","","","","","","","","","","","","",0xFF01FE,0,0,0,0,0,0,0,
2942,0,5,0,0,6,0,0,6,0,0,32,0,0,"","","+6 au score de coup critique","","","","","","","","","","","","","",0xFF01FE,0,0,28290,0,0,0,0,
2943,0,5,0,0,14,0,0,14,0,0,38,0,0,"","","+14 à la puissance d'attaque","","","","","","","","","","","","","",0xFF01FE,0,0,28360,0,0,0,0,
2944,0,5,0,0,14,0,0,14,0,0,38,0,0,"","","+14 à la puissance d'attaque","","","","","","","","","","","","","",0xFF01FE,0,0,28361,0,0,0,0,
2945,0,5,0,0,20,0,0,20,0,0,38,0,0,"","","+20 à la puissance d'attaque","","","","","","","","","","","","","",0xFF01FE,0,0,28362,0,0,0,0,
2946,0,5,5,0,10,5,0,10,5,0,38,32,0,"","","+10 à la puissance d'attaque, +5 au score de critique","","","","","","","","","","","","","",0xFF01FE,0,0,28363,0,0,0,0,
2947,0,3,0,0,0,0,0,0,0,0,18674,0,0,"","","+3 à toutes les résistances","","","","","","","","","","","","","",0xFF01FE,0,0,22460,0,0,0,0,
2948,0,3,0,0,0,0,0,0,0,0,18675,0,0,"","","+4 à toutes les résistances","","","","","","","","","","","","","",0xFF01FE,0,0,22459,0,0,0,0,
2949,0,5,0,0,20,0,0,20,0,0,38,0,0,"","","+20 à la puissance d'attaque","","","","","","","","","","","","","",0xFF01FE,0,0,28388,0,0,0,0,
2950,0,5,0,0,10,0,0,10,0,0,32,0,0,"","","+10 au score de coup critique","","","","","","","","","","","","","",0xFF01FE,0,0,28389,0,0,0,0,
2951,0,5,0,0,4,0,0,4,0,0,32,0,0,"","","+4 au score de coup critique","","","","","","","","","","","","","",0xFF01FE,0,0,0,0,0,0,0,
2952,0,5,0,0,4,0,0,4,0,0,32,0,0,"","","+4 au score de coup critique","","","","","","","","","","","","","",0xFF01FE,0,0,0,0,0,0,0,
2953,0,5,0,0,2,0,0,2,0,0,45,0,0,"","","+2 à la puissance des sorts","","","","","","","","","","","","","",0xFF01FE,0,0,0,0,0,0,0,
2954,0,2,0,0,12,0,0,12,0,0,0,0,0,"","","Équilibré (+12 points de dégâts)","","","","","","","","","","","","","",0xFF01FE,0,0,0,0,0,0,0,
2955,0,5,2,0,14,12,0,14,12,0,32,0,0,"","","Équilibré (+14 au score de crit. et +12 aux points de dégâts)","","","","","","","","","","","","","",0xFF01FE,0,0,0,0,0,0,0,
2956,0,5,0,0,4,0,0,4,0,0,4,0,0,"","","+4 Force","","","","","","","","","","","","","",0xFF01FE,0,0,28458,0,0,0,0,
2957,0,5,0,0,4,0,0,4,0,0,3,0,0,"","","+4 Agilité","","","","","","","","","","","","","",0xFF01FE,0,0,28459,0,0,0,0,
2958,0,5,0,0,5,0,0,5,0,0,45,0,0,"","","+5 à la puissance des sorts","","","","","","","","","","","","","",0xFF01FE,0,0,28460,0,0,0,0,
2959,0,5,0,0,5,0,0,5,0,0,45,0,0,"","","+5 à la puissance des sorts","","","","","","","","","","","","","",0xFF01FE,0,0,28461,0,0,0,0,
2960,0,5,0,0,8,0,0,8,0,0,38,0,0,"","","+8 à la puissance d'attaque","","","","","","","","","","","","","",0xFF01FE,0,0,28462,0,0,0,0,
2961,0,5,0,0,6,0,0,6,0,0,7,0,0,"","","+6 Endurance","","","","","","","","","","","","","",0xFF01FE,0,0,28463,0,0,0,0,
2962,0,5,0,0,4,0,0,4,0,0,6,0,0,"","","+4 Esprit","","","","","","","","","","","","","",0xFF01FE,0,0,28464,0,0,0,0,
2963,0,5,0,0,2,0,0,2,0,0,43,0,0,"","","+2 point de mana toutes les 5 secondes","","","","","","","","","","","","","",0xFF01FE,0,0,28465,0,0,0,0,
2964,0,5,0,0,4,0,0,4,0,0,5,0,0,"","","+4 Intelligence","","","","","","","","","","","","","",0xFF01FE,0,0,28466,0,0,0,0,
2965,0,5,0,0,4,0,0,4,0,0,32,0,0,"","","+4 au score de coup critique","","","","","","","","","","","","","",0xFF01FE,0,0,28467,0,0,0,0,
2966,0,5,0,0,4,0,0,4,0,0,31,0,0,"","","+4 au score de toucher","","","","","","","","","","","","","",0xFF01FE,0,0,28468,0,0,0,0,
2967,0,5,0,0,4,0,0,4,0,0,32,0,0,"","","+4 au score de coup critique","","","","","","","","","","","","","",0xFF01FE,0,0,28469,0,0,0,0,
2968,0,5,0,0,4,0,0,4,0,0,12,0,0,"","","+4 au score de défense","","","","","","","","","","","","","",0xFF01FE,0,0,28470,0,0,0,0,
2969,0,5,3,0,20,0,0,20,0,0,38,23990,0,"","","+20 à la puissance d'attaque et légère augmentation de la vitesse de course","","","","","","","","","","","","","",0xFF01FE,0,0,28556,61,0,0,0,
2970,0,5,3,0,12,0,0,12,0,0,45,23990,0,"","","+12 à la puissance des sorts et légère augmentation de la vitesse de course","","","","","","","","","","","","","",0xFF01FE,0,0,28557,62,0,0,0,
2971,0,5,0,0,12,0,0,12,0,0,38,0,0,"","","+12 à la puissance d'attaque","","","","","","","","","","","","","",0xFF01FE,0,0,28595,0,0,0,0,
2972,0,5,0,0,4,0,0,4,0,0,15,0,0,"","","+4 au score de blocage","","","","","","","","","","","","","",0xFF01FE,0,0,0,0,0,0,0,
2973,0,5,0,0,6,0,0,6,0,0,38,0,0,"","","+6 à la puissance d'attaque","","","","","","","","","","","","","",0xFF01FE,0,0,0,0,0,0,0,
2974,0,5,0,0,4,0,0,4,0,0,45,0,0,"","","+4 à la puissance des sorts","","","","","","","","","","","","","",0xFF01FE,0,0,0,0,0,0,0,
2975,0,3,0,0,0,0,0,0,0,0,34773,0,0,"","","+5 à la valeur de blocage","","","","","","","","","","","","","",0xFF01FE,0,0,0,0,0,0,0,
2976,0,5,0,0,2,0,0,2,0,0,12,0,0,"","","+2 au score de défense","","","","","","","","","","","","","",0xFF01FE,0,0,0,0,0,0,0,
2977,0,5,0,0,13,0,0,13,0,0,13,0,0,"","","+13 au score d'esquive","","","","","","","","","","","","","",0xFF01FE,0,1,0,0,0,0,64,
2978,0,5,5,0,15,10,0,15,10,0,13,12,0,"","","+15 au score d'esquive et +10 au score de défense","","","","","","","","","","","","","",0xFF01FE,0,1,0,0,0,0,70,
2979,0,5,0,0,15,0,0,15,0,0,45,0,0,"","","+15 à la puissance des sorts","","","","","","","","","","","","","",0xFF01FE,0,1,0,0,0,0,64,
2980,0,5,5,0,18,5,0,18,5,0,45,43,0,"","","+18 à la puissance des sorts et +5 points de mana toutes les 5 secondes","","","","","","","","","","","","","",0xFF01FE,0,1,0,0,0,0,70,
2981,0,5,0,0,15,0,0,15,0,0,45,0,0,"","","+15 à la puissance des sorts","","","","","","","","","","","","","",0xFF01FE,0,1,0,0,0,0,64,
2982,0,5,5,0,18,10,0,18,10,0,45,32,0,"","","+18 à la puissance des sorts et +10 au score de coup critique","","","","","","","","","","","","","",0xFF01FE,0,1,0,0,0,0,70,
2983,0,5,0,0,26,0,0,26,0,0,38,0,0,"","","+26 à la puissance d'attaque","","","","","","","","","","","","","",0xFF01FE,0,1,0,0,0,0,64,
2984,0,4,0,0,8,0,0,8,0,0,5,0,0,"","","+8 à la résistance à l'Ombre","","","","","","","","","","","","","",0xFF01FE,0,1,0,0,0,0,65,
2985,0,4,0,0,8,0,0,8,0,0,2,0,0,"","","+8 à la résistance au Feu","","","","","","","","","","","","","",0xFF01FE,0,1,0,0,0,0,65,
2986,0,5,5,0,30,10,0,30,10,0,38,32,0,"","","+30 à la puissance d'attaque et +10 au score de coup critique","","","","","","","","","","","","","",0xFF01FE,0,1,0,0,0,0,70,
2987,0,4,0,0,8,0,0,8,0,0,4,0,0,"","","+8 à la résistance au Givre","","","","","","","","","","","","","",0xFF01FE,0,1,0,0,0,0,65,
2988,0,4,0,0,8,0,0,8,0,0,3,0,0,"","","+8 à la résistance à la Nature","","","","","","","","","","","","","",0xFF01FE,0,1,0,0,0,0,65,
2989,0,4,0,0,8,0,0,8,0,0,6,0,0,"","","+8 à la résistance aux Arcanes","","","","","","","","","","","","","",0xFF01FE,0,1,0,0,0,0,65,
2990,0,5,0,0,13,0,0,13,0,0,12,0,0,"","","+13 au score de défense","","","","","","","","","","","","","",0xFF01FE,0,1,0,0,0,0,64,
2991,0,5,5,0,10,15,0,15,10,0,13,12,0,"","","+15 au score de défense et +10 au score d'esquive","","","","","","","","","","","","","",0xFF01FE,0,1,0,0,0,0,70,
2992,0,5,0,0,6,0,0,6,0,0,43,0,0,"","","+6 Régén. de mana","","","","","","","","","","","","","",0xFF01FE,0,1,0,0,0,0,64,
2993,0,5,5,0,12,8,0,12,8,0,45,43,0,"","","+12 à la puissance des sorts et 8 points de mana toutes les 5 secondes","","","","","","","","","","","","","",0xFF01FE,0,1,0,0,0,0,70,
2994,0,5,0,0,13,0,0,13,0,0,32,0,0,"","","+13 au score de coup critique","","","","","","","","","","","","","",0xFF01FE,0,1,0,0,0,0,64,
2995,0,5,5,0,12,15,0,12,15,0,45,32,0,"","","+15 au score de coup critique et +12 à la puissance des sorts","","","","","","","","","","","","","",0xFF01FE,0,1,0,0,0,0,70,
2996,0,5,0,0,13,0,0,13,0,0,32,0,0,"","","+13 au score de coup critique","","","","","","","","","","","","","",0xFF01FE,0,1,0,0,0,0,64,
2997,0,5,5,0,20,15,0,20,15,0,38,32,0,"","","+15 au score de coup critique et +20 à la puissance d'attaque","","","","","","","","","","","","","",0xFF01FE,0,1,0,0,0,0,70,
2998,0,3,0,0,0,0,0,0,0,0,35442,0,0,"","","+7 à toutes les résistances","","","","","","","","","","","","","",0xFF01FE,0,1,0,0,0,0,70,
2999,0,5,5,0,17,16,0,17,16,0,13,12,7,"","","+16 au score de défense et +17 au score d'esquive","","","","","","","","","","","","","",0xFF01FE,0,1,0,0,0,0,70,
3000,0,5,5,5,12,12,18,12,12,18,35,12,7,"","","+18 Endurance, +12 au score d'esquive et +12 au score de résilience","","","","","","","","","","","","","",0xFF01FE,0,1,0,0,0,0,0,
3001,0,5,5,0,19,9,0,19,9,0,45,43,0,"","","+19 à la puissance des sorts et 9 points de mana toutes les 5 sec.","","","","","","","","","","","","","",0xFF01FE,0,1,0,0,0,0,70,
3002,0,5,5,0,22,14,0,22,14,0,45,31,7,"","","+22 à la puissance des sorts et +14 au score de toucher","","","","","","","","","","","","","",0xFF01FE,0,1,0,0,0,0,70,
3003,0,5,5,0,34,16,0,34,16,0,38,31,7,"","","+34 à la puissance d'attaque et +16 au score de toucher","","","","","","","","","","","","","",0xFF01FE,0,1,0,0,0,0,70,
3004,0,5,5,0,20,18,0,20,18,0,35,7,0,"","","+18 Endurance et +20 au score de résilience","","","","","","","","","","","","","",0xFF01FE,0,1,0,0,0,0,70,
3005,0,4,0,0,20,0,0,20,0,0,3,0,0,"","","+20 à la résistance à la Nature","","","","","","","","","","","","","",0xFF01FE,0,1,0,0,0,0,70,
3006,0,4,0,0,20,0,0,20,0,0,6,0,0,"","","+20 à la résistance aux Arcanes","","","","","","","","","","","","","",0xFF01FE,0,1,0,0,0,0,70,
3007,0,4,0,0,20,0,0,20,0,0,2,0,0,"","","+20 à la résistance au Feu","","","","","","","","","","","","","",0xFF01FE,0,1,0,0,0,0,70,
3008,0,4,0,0,20,0,0,20,0,0,4,0,0,"","","+20 à la résistance au Givre","","","","","","","","","","","","","",0xFF01FE,0,1,0,0,0,0,70,
3009,0,4,0,0,20,0,0,20,0,0,5,0,0,"","","+20 à la résistance à l'Ombre","","","","","","","","","","","","","",0xFF01FE,0,1,0,0,0,0,70,
3010,0,5,5,0,10,40,0,10,40,0,32,38,0,"","","+40 à la puissance d'attaque et +10 au score de coup critique","","","","","","","","","","","","","",0xFF01FE,0,1,0,0,0,0,50,
3011,0,5,5,0,30,10,0,30,10,0,7,3,0,"","","+30 Endurance et +10 Agilité","","","","","","","","","","","","","",0xFF01FE,0,1,0,0,0,0,50,
3012,0,5,5,0,12,50,0,12,50,0,32,38,0,"","","+50 à la puissance d'attaque et +12 au score de coup critique","","","","","","","","","","","","","",0xFF01FE,0,1,0,0,0,0,60,
3013,0,5,5,0,40,12,0,40,12,0,7,3,0,"","","+40 Endurance et +12 Agilité","","","","","","","","","","","","","",0xFF01FE,0,1,0,0,0,0,60,
3014,0,1,0,0,20,0,0,20,0,0,25584,0,0,"","","Totem Furie-des-vents 5 (Test Niv. 70)","","","","","","","","","","","","","",0xFF01FE,81,6,0,0,0,0,0,
3015,0,5,0,0,2,0,0,2,0,0,4,0,0,"","","+2 Force","","","","","","","","","","","","","",0xFF01FE,0,0,0,0,0,0,0,
3016,0,5,0,0,2,0,0,2,0,0,5,0,0,"","","+2 Intelligence","","","","","","","","","","","","","",0xFF01FE,0,0,0,0,0,0,0,
3017,0,5,0,0,3,0,0,3,0,0,15,0,0,"","","+3 au score de blocage","","","","","","","","","","","","","",0xFF01FE,0,0,0,0,0,0,0,
3018,0,6,0,0,66,0,0,66,0,0,0,0,0,"","","Croque-roc 9","","","","","","","","","","","","","",0xFF01FE,61,9,0,0,0,0,0,
3019,0,6,0,0,71,0,0,71,0,0,0,0,0,"","","Croque-roc 9","","","","","","","","","","","","","",0xFF01FE,61,9,0,0,0,0,0,
3020,0,6,0,0,74,0,0,74,0,0,0,0,0,"","","Croque-roc 9","","","","","","","","","","","","","",0xFF01FE,61,9,0,0,0,0,0,
3021,0,6,0,0,2,0,0,2,0,0,0,0,0,"","","Croque-roc 1","","","","","","","","","","","","","",0xFF01FE,61,9,0,0,0,0,0,
3022,0,6,0,0,2,0,0,2,0,0,0,0,0,"","","Croque-roc 1","","","","","","","","","","","","","",0xFF01FE,61,9,0,0,0,0,0,
3023,0,6,0,0,2,0,0,2,0,0,0,0,0,"","","Croque-roc 1","","","","","","","","","","","","","",0xFF01FE,61,9,0,0,0,0,0,
3024,0,6,0,0,4,0,0,4,0,0,0,0,0,"","","Croque-roc 2","","","","","","","","","","","","","",0xFF01FE,61,9,0,0,0,0,0,
3025,0,6,0,0,5,0,0,5,0,0,0,0,0,"","","Croque-roc 2","","","","","","","","","","","","","",0xFF01FE,61,9,0,0,0,0,0,
3026,0,6,0,0,5,0,0,5,0,0,0,0,0,"","","Croque-roc 2","","","","","","","","","","","","","",0xFF01FE,61,9,0,0,0,0,0,
3027,0,6,0,0,7,0,0,7,0,0,0,0,0,"","","Croque-roc 3","","","","","","","","","","","","","",0xFF01FE,61,9,0,0,0,0,0,
3028,0,6,0,0,7,0,0,7,0,0,0,0,0,"","","Croque-roc 3","","","","","","","","","","","","","",0xFF01FE,61,9,0,0,0,0,0,
3029,0,6,0,0,6,0,0,6,0,0,0,0,0,"","","Croque-roc 3","","","","","","","","","","","","","",0xFF01FE,61,9,0,0,0,0,0,
3030,0,6,0,0,10,0,0,10,0,0,0,0,0,"","","Croque-roc 4","","","","","","","","","","","","","",0xFF01FE,61,9,0,0,0,0,0,
3031,0,6,0,0,11,0,0,11,0,0,0,0,0,"","","Croque-roc 4","","","","","","","","","","","","","",0xFF01FE,61,9,0,0,0,0,0,
3032,0,6,0,0,9,0,0,9,0,0,0,0,0,"","","Croque-roc 4","","","","","","","","","","","","","",0xFF01FE,61,9,0,0,0,0,0,
3033,0,6,0,0,17,0,0,17,0,0,0,0,0,"","","Croque-roc 5","","","","","","","","","","","","","",0xFF01FE,61,9,0,0,0,0,0,
3034,0,6,0,0,18,0,0,18,0,0,0,0,0,"","","Croque-roc 5","","","","","","","","","","","","","",0xFF01FE,61,9,0,0,0,0,0,
3035,0,6,0,0,15,0,0,15,0,0,0,0,0,"","","Croque-roc 5","","","","","","","","","","","","","",0xFF01FE,61,9,0,0,0,0,0,
3036,0,6,0,0,32,0,0,32,0,0,0,0,0,"","","Croque-roc 6","","","","","","","","","","","","","",0xFF01FE,61,9,0,0,0,0,0,
3037,0,6,0,0,34,0,0,34,0,0,0,0,0,"","","Croque-roc 6","","","","","","","","","","","","","",0xFF01FE,61,9,0,0,0,0,0,
3038,0,6,0,0,28,0,0,28,0,0,0,0,0,"","","Croque-roc 6","","","","","","","","","","","","","",0xFF01FE,61,9,0,0,0,0,0,
3039,0,6,0,0,46,0,0,46,0,0,0,0,0,"","","Croque-roc 7","","","","","","","","","","","","","",0xFF01FE,61,9,0,0,0,0,0,
3040,0,6,0,0,48,0,0,48,0,0,0,0,0,"","","Croque-roc 7","","","","","","","","","","","","","",0xFF01FE,61,9,0,0,0,0,0,
3041,0,6,0,0,40,0,0,40,0,0,0,0,0,"","","Croque-roc 7","","","","","","","","","","","","","",0xFF01FE,61,9,0,0,0,0,0,
3042,0,6,0,0,56,0,0,56,0,0,0,0,0,"","","Croque-roc 8","","","","","","","","","","","","","",0xFF01FE,61,9,0,0,0,0,0,
3043,0,6,0,0,60,0,0,60,0,0,0,0,0,"","","Croque-roc 8","","","","","","","","","","","","","",0xFF01FE,61,9,0,0,0,0,0,
3044,0,6,0,0,49,0,0,49,0,0,0,0,0,"","","Croque-roc 8","","","","","","","","","","","","","",0xFF01FE,61,9,0,0,0,0,0,
3045,0,5,5,0,5,6,0,5,6,0,4,7,0,"","","+5 Force et +6 Endurance","","","","","","","","","","","","","",0xFF01FE,0,0,30546,0,0,0,0,
3046,0,5,5,0,4,6,0,4,6,0,5,45,0,"","","+6 à la puissance des sorts et +4 Intelligence","","","","","","","","","","","","","",0xFF01FE,0,0,30547,0,0,0,0,
3047,0,5,5,0,6,5,0,6,5,0,7,32,0,"","","+6 Endurance et +5 au score de coup critique","","","","","","","","","","","","","",0xFF01FE,0,0,30548,0,0,0,0,
3048,0,5,5,0,6,5,0,6,5,0,7,3,0,"","","+5 Agilité et +6 Endurance","","","","","","","","","","","","","",0xFF01FE,0,0,30549,0,0,0,0,
3049,0,5,5,0,5,2,0,5,2,0,32,43,0,"","","+5 au score de coup critique et +2 points de mana toutes les 5 sec.","","","","","","","","","","","","","",0xFF01FE,0,0,30550,0,0,0,0,
3050,0,5,5,0,4,6,0,4,6,0,5,45,0,"","","+6 à la puissance des sorts et +4 Intelligence","","","","","","","","","","","","","",0xFF01FE,0,0,30551,0,0,0,0,
3051,0,5,5,0,6,6,0,6,6,0,7,45,0,"","","+6 à la puissance des sorts et +6 Endurance","","","","","","","","","","","","","",0xFF01FE,0,0,30552,0,0,0,0,
3052,0,5,5,0,10,4,0,10,4,0,38,31,0,"","","+10 à la puissance d'attaque et +4 au score de toucher","","","","","","","","","","","","","",0xFF01FE,0,0,30553,0,0,0,0,
3053,0,5,5,0,5,4,0,5,4,0,12,13,0,"","","+5 au score de défense et +4 au score d'esquive","","","","","","","","","","","","","",0xFF01FE,0,0,30554,0,0,0,0,
3054,0,5,5,0,6,6,0,6,6,0,7,45,0,"","","+6 à la puissance des sorts et +6 Endurance","","","","","","","","","","","","","",0xFF01FE,0,0,30555,0,0,0,0,
3055,0,5,5,0,5,4,0,5,4,0,3,31,0,"","","+5 Agilité et +4 au score de toucher","","","","","","","","","","","","","",0xFF01FE,0,0,30556,0,0,0,0,
3056,0,5,5,0,4,5,0,4,5,0,12,14,0,"","","+5 au score de parade et +4 au score de défense","","","","","","","","","","","","","",0xFF01FE,0,0,30558,0,0,0,0,
3057,0,5,5,0,5,4,0,5,4,0,4,31,0,"","","+5 Force et +4 au score de toucher","","","","","","","","","","","","","",0xFF01FE,0,0,30559,0,0,0,0,
3058,0,5,5,0,5,2,0,5,2,0,32,43,0,"","","+5 au score de coup critique et 2 points de mana toutes les 5 sec.","","","","","","","","","","","","","",0xFF01FE,0,0,30560,0,0,0,0,
3059,0,5,5,0,5,2,0,5,2,0,32,43,0,"","","+5 au score de coup critique et 2 points de mana toutes les 5 sec.","","","","","","","","","","","","","",0xFF01FE,0,0,30562,0,0,0,0,
3060,0,5,5,0,5,6,0,5,6,0,13,7,0,"","","+5 au score d'esquive et +6 Endurance","","","","","","","","","","","","","",0xFF01FE,0,0,30563,0,0,0,0,
3061,0,5,5,0,5,6,0,5,6,0,31,45,0,"","","+5 au score de toucher et +6 à la puissance des sorts","","","","","","","","","","","","","",0xFF01FE,0,0,30564,0,0,0,0,
3062,0,5,5,0,6,5,0,6,5,0,32,13,0,"","","+6 au score de coup critique et +5 au score d'esquive","","","","","","","","","","","","","",0xFF01FE,0,0,30565,0,0,0,0,
3063,0,5,5,0,6,5,0,6,5,0,7,14,0,"","","+5 au score de parade et +6 Endurance","","","","","","","","","","","","","",0xFF01FE,0,0,30566,0,0,0,0,
3064,0,5,5,0,5,5,0,5,5,0,6,45,0,"","","+5 Esprit et +5 à la puissance des sorts","","","","","","","","","","","","","",0xFF01FE,0,0,30572,0,0,0,0,
3065,0,5,0,0,8,0,0,8,0,0,4,0,0,"","","+8 Force","","","","","","","","","","","","","",0xFF01FE,0,0,30571,0,0,0,0,
3066,0,5,3,0,6,0,0,6,0,0,45,31921,0,"","","+6 à la puissance des sorts et +5 à la pénétration des sorts","","","","","","","","","","","","","",0xFF01FE,0,0,30573,0,0,0,0,
3067,0,5,5,0,10,6,0,10,6,0,38,7,0,"","","+10 à la puissance d'attaque et +6 Endurance","","","","","","","","","","","","","",0xFF01FE,0,0,30574,0,0,0,0,
3068,0,5,5,0,5,4,0,5,4,0,13,31,0,"","","+5 au score d'esquive et +4 au score de toucher","","","","","","","","","","","","","",0xFF01FE,0,0,30575,0,0,0,0,
3069,0,5,5,0,6,4,0,6,4,0,45,35,9394,"","","+6 à la puissance des sorts et +4 au score de résilience","","","","","","","","","","","","","",0xFF01FE,0,0,30581,0,0,0,0,
3070,0,5,5,0,5,8,0,5,8,0,32,38,0,"","","+8 à la puissance d'attaque et +5 au score de coup critique","","","","","","","","","","","","","",0xFF01FE,0,0,30582,0,0,0,0,
3071,0,5,5,0,5,6,0,5,6,0,5,7,0,"","","+5 Intelligence et +6 Endurance","","","","","","","","","","","","","",0xFF01FE,0,0,30583,0,0,0,0,
3072,0,5,5,0,5,4,0,5,4,0,4,32,0,"","","+5 Force et +4 score de coup critique","","","","","","","","","","","","","",0xFF01FE,0,0,30584,0,0,0,0,
3073,0,5,5,0,4,5,0,4,5,0,3,12,0,"","","+4 Agilité et +5 au score de défense","","","","","","","","","","","","","",0xFF01FE,0,0,30585,0,0,0,0,
3074,0,5,5,0,5,4,0,5,4,0,6,5,0,"","","+4 Intelligence et +5 Esprit","","","","","","","","","","","","","",0xFF01FE,0,0,30586,0,0,0,0,
3075,0,5,5,0,5,4,0,5,4,0,4,12,0,"","","+5 à la Force et +4 au score de défense","","","","","","","","","","","","","",0xFF01FE,0,0,30587,0,0,0,0,
3076,0,5,5,0,4,6,0,4,6,0,32,45,0,"","","+4 au score de coup critique et +6 à la puissance des sorts","","","","","","","","","","","","","",0xFF01FE,0,0,30588,0,0,0,0,
3077,0,5,5,0,5,2,0,5,2,0,5,43,0,"","","+5 Intelligence et 2 points de mana toutes les 5 sec.","","","","","","","","","","","","","",0xFF01FE,0,0,30589,0,0,0,0,
3078,0,5,5,0,6,5,0,6,5,0,7,12,0,"","","+6 Endurance et +5 au score de défense","","","","","","","","","","","","","",0xFF01FE,0,0,30590,0,0,0,0,
3079,0,5,5,0,5,8,0,5,8,0,35,38,0,"","","+8 à la puissance d'attaque et +5 au score de résilience","","","","","","","","","","","","","",0xFF01FE,0,0,30591,0,0,0,0,
3080,0,5,5,0,6,5,0,6,5,0,7,35,0,"","","+6 Endurance et +5 score de résilience","","","","","","","","","","","","","",0xFF01FE,0,0,30592,0,0,0,0,
3081,0,5,5,0,4,6,0,4,6,0,32,45,0,"","","+6 à la puissance des sorts et +4 au score de coup critique","","","","","","","","","","","","","",0xFF01FE,0,0,30593,0,0,0,0,
3082,0,5,5,0,5,2,0,5,2,0,12,43,0,"","","+5 au score de défense et 2 points de mana toutes les 5 sec.","","","","","","","","","","","","","",0xFF01FE,0,0,30594,0,0,0,0,
3083,0,5,5,0,4,6,0,4,6,0,6,45,0,"","","+6 à la puissance des sorts et +4 Esprit","","","","","","","","","","","","","",0xFF01FE,0,0,30600,0,0,0,0,
3084,0,5,5,0,5,4,0,5,4,0,13,35,0,"","","+5 au score d'esquive et +4 au score de résilience","","","","","","","","","","","","","",0xFF01FE,0,0,30601,0,0,0,0,
3085,0,5,5,0,6,5,0,6,5,0,7,32,0,"","","+6 Endurance et +5 au score de critique","","","","","","","","","","","","","",0xFF01FE,0,0,30602,0,0,0,0,
3086,0,5,5,0,6,2,0,6,2,0,45,43,0,"","","+6 à la puissance des sorts et 2 points de mana toutes les 5 sec.","","","","","","","","","","","","","",0xFF01FE,0,0,30603,0,0,0,0,
3087,0,5,5,0,5,4,0,5,4,0,4,35,0,"","","+5 Force et +4 au score de résilience","","","","","","","","","","","","","",0xFF01FE,0,0,30604,0,0,0,0,
3088,0,5,5,0,5,6,0,5,6,0,31,7,0,"","","+5 au score de toucher et +6 Endurance","","","","","","","","","","","","","",0xFF01FE,0,0,30605,0,0,0,0,
3089,0,5,5,0,5,2,0,5,2,0,31,43,0,"","","+5 au score de toucher et 2 points de mana toutes les 5 sec.","","","","","","","","","","","","","",0xFF01FE,0,0,30606,0,0,0,0,
3090,0,5,5,0,5,4,0,5,4,0,14,35,0,"","","+5 au score de parade et +4 au score de résilience","","","","","","","","","","","","","",0xFF01FE,0,0,30607,0,0,0,0,
3091,0,3,5,0,0,5,0,0,5,0,31921,32,0,"","","+5 au score de coup critique et +5 à la pénétration des sorts","","","","","","","","","","","","","",0xFF01FE,0,0,30608,0,0,0,0,
3092,0,5,0,0,3,0,0,3,0,0,32,0,0,"","","+3 au score de coup critique","","","","","","","","","","","","","",0xFF01FE,0,0,0,0,0,0,0,
3093,0,3,0,0,0,0,0,0,0,0,37362,0,0,"","","+150 à la puissance d'attaque contre les morts-vivants et les démons","","","","","","","","","","","","","",0xFF01FE,104,0,0,0,0,0,0,
3094,0,5,0,0,4,0,0,4,0,0,37,0,0,"","","+4 au score d'expertise","","","","","","","","","","","","","",0xFF01FE,0,0,0,0,0,0,0,
3095,0,3,0,0,0,0,0,0,0,0,37890,0,0,"","","+8 à toutes les résistances","","","","","","","","","","","","","",0xFF01FE,0,1,0,0,0,0,70,
3096,0,5,5,0,17,16,0,17,16,0,4,5,7,"","","+17 Force et +16 Intelligence","","","","","","","","","","","","","",0xFF01FE,0,1,0,0,0,0,70,
3097,0,5,0,0,2,0,0,2,0,0,6,0,0,"","","+2 Esprit","","","","","","","","","","","","","",0xFF01FE,0,0,0,0,0,0,0,
3098,0,5,0,0,2,0,0,2,0,0,45,0,0,"","","+2 à la puissance des sorts","","","","","","","","","","","","","",0xFF01FE,0,0,0,0,0,0,0,
3099,0,5,5,0,6,6,0,6,6,0,45,7,0,"","","+6 à la puissance des sorts et +6 Endurance","","","","","","","","","","","","","",0xFF01FE,0,0,31116,0,0,0,0,
3100,0,5,5,0,6,6,0,6,6,0,45,7,0,"","","+6 à la puissance des sorts et +6 Endurance","","","","","","","","","","","","","",0xFF01FE,0,0,31117,0,0,0,0,
3101,0,5,5,0,10,6,0,10,6,0,38,7,0,"","","+10 à la puissance d'attaque et +6 Endurance","","","","","","","","","","","","","",0xFF01FE,0,0,31118,0,0,0,0,
3102,0,1,0,0,20,0,0,20,0,0,38616,0,0,"","","Poison","","","","","","","","","","","","","",0xFF01FE,26,9,0,0,0,0,0,
3103,0,5,0,0,8,0,0,8,0,0,4,0,0,"","","+8 Force","","","","","","","","","","","","","",0xFF01FE,0,0,30598,0,0,0,0,
3104,0,5,0,0,6,0,0,6,0,0,31,0,0,"","","+6 au score de toucher","","","","","","","","","","","","","",0xFF01FE,0,0,31860,0,0,0,0,
3105,0,5,0,0,8,0,0,8,0,0,31,0,0,"","","+8 au score de toucher","","","","","","","","","","","","","",0xFF01FE,0,0,31861,0,0,0,0,
3106,0,5,5,0,6,4,0,6,4,0,38,7,0,"","","+6 à la puissance d'attaque et +4 Endurance","","","","","","","","","","","","","",0xFF01FE,0,0,31862,0,0,0,0,
3107,0,5,5,0,8,6,0,8,6,0,38,7,0,"","","+8 à la puissance d'attaque et +6 Endurance","","","","","","","","","","","","","",0xFF01FE,0,0,31863,0,0,0,0,
3108,0,5,5,0,6,1,0,6,1,0,38,43,0,"","","+6 à la puissance d'attaque & +1 point de mana toutes les 5 secondes","","","","","","","","","","","","","",0xFF01FE,0,0,31864,0,0,0,0,
3109,0,5,5,0,8,2,0,8,2,0,38,43,0,"","","+8 à la puissance d'attaque et +2 points de mana toutes les 5 secondes","","","","","","","","","","","","","",0xFF01FE,0,0,31865,0,0,0,0,
3110,0,5,5,0,3,4,0,3,4,0,31,45,0,"","","+3 au score de toucher et +4 à la puissance des sorts","","","","","","","","","","","","","",0xFF01FE,0,0,31866,0,0,0,0,
3111,0,5,5,0,5,4,0,5,4,0,45,31,0,"","","+4 au score de toucher et +5 à la puissance des sorts","","","","","","","","","","","","","",0xFF01FE,0,0,31867,0,0,0,0,
3112,0,5,5,0,8,4,4,8,4,4,38,32,20,"","","+4 au score de coup critique et +8 à la puissance d'attaque","","","","","","","","","","","","","",0xFF01FE,0,0,31868,0,0,0,0,
3113,0,5,5,0,6,3,3,6,3,3,38,32,20,"","","+3 au score de coup critique et +6 à la puissance d'attaque","","","","","","","","","","","","","",0xFF01FE,0,0,31869,0,0,0,0,
3114,0,5,0,0,4,0,0,4,0,0,38,0,0,"","","+4 à la puissance d'attaque","","","","","","","","","","","","","",0xFF01FE,0,0,0,0,0,0,0,
3115,0,5,0,0,10,0,0,10,0,0,4,0,0,"","","+10 Force","","","","","","","","","","","","","",0xFF01FE,0,0,32193,0,0,0,0,
3116,0,5,0,0,10,0,0,10,0,0,3,0,0,"","","+10 Agilité","","","","","","","","","","","","","",0xFF01FE,0,0,32194,0,0,0,0,
3117,0,5,0,0,12,0,0,12,0,0,45,0,0,"","","+12 à la puissance des sorts","","","","","","","","","","","","","",0xFF01FE,0,0,32195,0,0,0,0,
3118,0,5,0,0,12,0,0,12,0,0,45,0,0,"","","+12 à la puissance des sorts","","","","","","","","","","","","","",0xFF01FE,0,0,32196,0,0,0,0,
3119,0,5,0,0,20,0,0,20,0,0,38,0,0,"","","+20 à la puissance d'attaque","","","","","","","","","","","","","",0xFF01FE,0,0,32197,0,0,0,0,
3120,0,5,0,0,10,0,0,10,0,0,13,0,0,"","","+10 au score d'esquive","","","","","","","","","","","","","",0xFF01FE,0,0,32198,0,0,0,0,
3121,0,5,0,0,10,0,0,10,0,0,14,0,0,"","","+10 au score de parade","","","","","","","","","","","","","",0xFF01FE,0,0,32199,0,0,0,0,
3122,0,5,0,0,15,0,0,15,0,0,7,0,0,"","","+15 Endurance","","","","","","","","","","","","","",0xFF01FE,0,0,32200,0,0,0,0,
3123,0,5,0,0,10,0,0,10,0,0,6,0,0,"","","+10 Esprit","","","","","","","","","","","","","",0xFF01FE,0,0,32201,0,0,0,0,
3124,0,5,0,0,5,0,0,5,0,0,43,0,0,"","","+5 points de mana toutes les 5 secondes","","","","","","","","","","","","","",0xFF01FE,0,0,32202,0,0,0,0,
3125,0,3,0,0,0,0,0,0,0,0,28680,0,0,"","","+13 à la pénétration des sorts","","","","","","","","","","","","","",0xFF01FE,0,0,32203,0,0,0,0,
3126,0,5,0,0,10,0,0,10,0,0,5,0,0,"","","+10 Intelligence","","","","","","","","","","","","","",0xFF01FE,0,0,32204,0,0,0,0,
3127,0,5,0,0,10,10,0,10,10,0,32,20,0,"","","+10 au score de coup critique","","","","","","","","","","","","","",0xFF01FE,0,0,32205,0,0,0,0,
3128,0,5,0,0,10,10,0,10,10,0,31,17,0,"","","+10 au score de toucher","","","","","","","","","","","","","",0xFF01FE,0,0,32206,0,0,0,0,
3129,0,5,0,0,10,0,0,10,0,0,32,0,0,"","","+10 au score de coup critique","","","","","","","","","","","","","",0xFF01FE,0,0,32207,0,0,0,0,
3130,0,5,0,0,10,0,0,10,0,0,12,0,0,"","","+10 au score de défense","","","","","","","","","","","","","",0xFF01FE,0,0,32208,0,0,0,0,
3131,0,5,0,0,10,0,0,10,0,0,35,0,0,"","","+10 au score de résilience","","","","","","","","","","","","","",0xFF01FE,0,0,32209,0,0,0,0,
3132,0,5,0,0,10,8,0,10,8,0,31,20,0,"","","+10 au score de toucher","","","","","","","","","","","","","",0xFF01FE,0,0,32210,0,0,0,0,
3133,0,5,5,0,5,7,0,5,7,0,4,7,0,"","","+5 Force et +7 Endurance","","","","","","","","","","","","","",0xFF01FE,0,0,32211,0,0,0,0,
3134,0,5,5,0,5,7,0,5,7,0,3,7,0,"","","+5 Agilité et +7 Endurance","","","","","","","","","","","","","",0xFF01FE,0,0,32212,0,0,0,0,
3135,0,5,5,0,10,7,0,10,7,0,38,7,0,"","","+10 à la puissance d'attaque et +7 Endurance","","","","","","","","","","","","","",0xFF01FE,0,0,32213,0,0,0,0,
3136,0,5,5,0,10,3,0,10,3,0,38,43,0,"","","+10 à la puissance d'attaque et +3 points de mana toutes les 5 secondes","","","","","","","","","","","","","",0xFF01FE,0,0,32214,0,0,0,0,
3137,0,5,5,0,6,7,0,6,7,0,45,7,0,"","","+6 à la puissance des sorts et +7 Endurance","","","","","","","","","","","","","",0xFF01FE,0,0,32215,0,0,0,0,
3138,0,5,5,0,6,3,0,6,3,0,45,43,0,"","","+6 à la puissance des sorts et +3 points de mana toutes les 5 secondes","","","","","","","","","","","","","",0xFF01FE,0,0,32216,0,0,0,0,
3139,0,5,5,0,5,5,5,5,5,5,4,32,20,"","","+5 au score de coup critique et +5 Force","","","","","","","","","","","","","",0xFF01FE,0,0,32217,0,0,0,0,
3140,0,5,5,0,5,6,0,5,6,0,32,45,0,"","","+5 au score de coup critique et +6 à la puissance des sorts","","","","","","","","","","","","","",0xFF01FE,0,0,32218,0,0,0,0,
3141,0,5,5,0,6,5,0,6,5,0,45,5,0,"","","+6 à la puissance des sorts et +5 Intelligence","","","","","","","","","","","","","",0xFF01FE,0,0,32219,0,0,0,0,
3142,0,5,5,0,5,5,5,5,5,5,3,31,17,"","","+5 au score de toucher et +5 Agilité","","","","","","","","","","","","","",0xFF01FE,0,0,32220,0,0,0,0,
3143,0,5,5,0,6,5,0,6,5,0,45,31,0,"","","+5 au score de toucher et +6 à la puissance des sorts","","","","","","","","","","","","","",0xFF01FE,0,0,32221,0,0,0,0,
3144,0,5,5,0,10,5,5,10,5,5,38,32,20,"","","+5 au score de coup critique et +10 à la puissance d'attaque","","","","","","","","","","","","","",0xFF01FE,0,0,32222,0,0,0,0,
3145,0,5,5,0,5,7,0,5,7,0,12,7,0,"","","+5 au score de défense et +7 Endurance","","","","","","","","","","","","","",0xFF01FE,0,0,32223,0,0,0,0,
3146,0,5,3,0,5,0,0,5,0,0,32,27516,0,"","","+5 au score de coup critique et +6 à la pénétration des sorts","","","","","","","","","","","","","",0xFF01FE,0,0,32224,0,0,0,0,
3147,0,5,5,0,5,3,0,5,3,0,5,43,0,"","","+5 Intelligence et +3 points de mana toutes les 5 secondes","","","","","","","","","","","","","",0xFF01FE,0,0,32225,0,0,0,0,
3148,0,5,5,0,7,5,5,7,5,5,7,32,20,"","","+5 au score de coup critique et +7 Endurance","","","","","","","","","","","","","",0xFF01FE,0,0,32226,0,0,0,0,
3149,0,5,0,0,2,0,0,2,0,0,3,0,0,"","","+2 Agilité","","","","","","","","","","","","","",0xFF01FE,0,0,0,0,0,0,0,
3150,0,5,0,0,7,0,0,7,0,0,43,0,0,"","","+7 points de mana toutes les 5 sec.","","","","","","","","","","","","","",0xFF01FE,0,0,0,0,0,0,0,
3151,0,5,0,0,2,0,0,2,0,0,45,0,0,"","","+2 à la puissance des sorts","","","","","","","","","","","","","",0xFF01FE,0,0,0,0,0,0,0,
3152,0,5,0,0,2,0,0,2,0,0,32,0,0,"","","+2 au score de coup critique","","","","","","","","","","","","","",0xFF01FE,0,0,0,0,0,0,0,
3153,0,5,0,0,2,0,0,2,0,0,45,0,0,"","","+2 à la puissance des sorts","","","","","","","","","","","","","",0xFF01FE,0,0,0,0,0,0,0,
3154,0,5,3,0,12,0,0,12,0,0,3,39957,0,"","","+12 à l'Agilité et dégâts critiques augmentés de 3%","","","","","","","","","","","","","",0xFF01FE,0,0,32409,67,0,0,0,
3155,0,3,0,0,12,0,0,12,0,0,39958,39958,0,"","","Chance d'augmenter la vitesse d'attaque en mêlée/à distance","","","","","","","","","","","","","",0xFF01FE,0,0,32410,65,0,0,0,
3156,0,5,5,0,8,6,0,8,6,0,38,7,0,"","","+8 à la puissance d'attaque et +6 Endurance","","","","","","","","","","","","","",0xFF01FE,0,0,32634,0,0,0,0,
3157,0,5,5,0,4,6,0,4,6,0,5,7,0,"","","+4 Intelligence et +6 Endurance","","","","","","","","","","","","","",0xFF01FE,0,0,32635,0,0,0,0,
3158,0,5,5,0,4,5,0,4,5,0,6,45,0,"","","+5 à la puissance des sorts et +4 Esprit","","","","","","","","","","","","","",0xFF01FE,0,0,32636,0,0,0,0,
3159,0,5,5,0,4,8,0,4,8,0,32,38,0,"","","+8 à la puissance d'attaque et +4 au score de coup critique","","","","","","","","","","","","","",0xFF01FE,0,0,32637,0,0,0,0,
3160,0,5,5,0,4,5,0,4,5,0,5,45,0,"","","+5 à la puissance des sorts et +4 Intelligence","","","","","","","","","","","","","",0xFF01FE,0,0,32638,0,0,0,0,
3161,0,5,5,0,4,4,0,4,4,0,32,7,0,"","","+4 Endurance et +4 au score de coup critique","","","","","","","","","","","","","",0xFF01FE,0,0,32639,0,0,0,0,
3162,0,5,3,0,24,0,0,24,0,0,38,40691,0,"","","+24 à la puissance d'attaque et 5% à la résistance aux étourdissements","","","","","","","","","","","","","",0xFF01FE,0,0,32640,43,0,0,0,
3163,0,5,3,0,14,0,0,14,0,0,45,40706,0,"","","+14 à la puissance des sorts et 5% à la résistance aux étourdissements","","","","","","","","","","","","","",0xFF01FE,0,0,32641,42,0,0,0,
3164,0,5,0,0,3,0,0,3,0,0,7,0,0,"","","+3 Endurance","","","","","","","","","","","","","",0xFF01FE,0,0,0,0,0,0,0,
3197,0,5,0,0,20,0,0,20,0,0,38,0,0,"","","+20 à la puissance d'attaque","","","","","","","","","","","","","",0xFF01FE,0,0,32735,0,0,0,0,
3198,0,5,0,0,5,0,0,5,0,0,45,0,0,"","","+5 à la puissance des sorts","","","","","","","","","","","","","",0xFF01FE,0,0,0,0,0,0,0,
3199,0,4,0,0,170,0,0,170,0,0,0,0,0,"","","+170 Armure","","","","","","","","","","","","","",0xFF01FE,0,0,0,0,0,0,0,
3200,0,5,5,0,4,5,0,4,5,0,6,45,0,"","","+4 Esprit et +5 à la puissance des sorts","","","","","","","","","","","","","",0xFF01FE,0,0,0,0,0,0,0,
3201,0,5,5,0,3,4,0,3,4,0,6,45,0,"","","+4 à la puissance des sorts et +3 Esprit","","","","","","","","","","","","","",0xFF01FE,0,0,32833,0,0,0,0,
3202,0,5,5,0,4,5,0,4,5,0,6,45,0,"","","+5 à la puissance des sorts et +4 Esprit","","","","","","","","","","","","","",0xFF01FE,0,0,32836,0,0,0,0,
3204,0,5,0,0,3,0,0,3,0,0,32,0,0,"","","+3 au score de coup critique","","","","","","","","","","","","","",0xFF01FE,0,0,0,0,0,0,0,
3205,0,5,0,0,3,0,0,3,0,0,32,0,0,"","","+3 au score de coup critique","","","","","","","","","","","","","",0xFF01FE,0,0,0,0,0,0,0,
3206,0,5,0,0,8,0,0,8,0,0,3,0,0,"","","+8 Agilité","","","","","","","","","","","","","",0xFF01FE,0,1,33060,0,0,0,0,
3207,0,5,0,0,12,0,0,12,0,0,4,0,0,"","","+12 Force","","","","","","","","","","","","","",0xFF01FE,0,0,33130,0,0,0,0,
3208,0,5,0,0,24,0,0,24,0,0,38,0,0,"","","+24 à la puissance d'attaque","","","","","","","","","","","","","",0xFF01FE,0,1,33131,0,0,0,0,
3209,0,5,0,0,12,0,0,12,0,0,3,0,0,"","","+12 Agilité","","","","","","","","","","","","","",0xFF01FE,0,0,33132,0,0,0,0,
3210,0,5,0,0,14,0,0,14,0,0,45,0,0,"","","+14 à la puissance des sorts","","","","","","","","","","","","","",0xFF01FE,0,1,33133,0,0,0,0,
3211,0,5,0,0,14,0,0,14,0,0,45,0,0,"","","+14 à la puissance des sorts","","","","","","","","","","","","","",0xFF01FE,0,1,33134,0,0,0,0,
3212,0,5,0,0,18,0,0,18,0,0,7,0,0,"","","+18 Endurance","","","","","","","","","","","","","",0xFF01FE,0,1,33135,0,0,0,0,
3213,0,5,0,0,6,0,0,6,0,0,43,0,0,"","","+6 points de mana toutes les 5 secondes","","","","","","","","","","","","","",0xFF01FE,0,0,33136,0,0,0,0,
3214,0,5,0,0,12,0,0,12,0,0,6,0,0,"","","+12 Esprit","","","","","","","","","","","","","",0xFF01FE,0,0,33137,0,0,0,0,
3215,0,5,0,0,12,0,0,12,0,0,35,0,0,"","","+12 au score de résilience","","","","","","","","","","","","","",0xFF01FE,0,0,33138,0,0,0,0,
3216,0,5,0,0,12,0,0,12,0,0,5,0,0,"","","+12 Intelligence","","","","","","","","","","","","","",0xFF01FE,0,0,33139,0,0,0,0,
3217,0,5,0,0,12,0,0,12,0,0,32,0,0,"","","+12 au score de coup critique","","","","","","","","","","","","","",0xFF01FE,0,1,33140,0,0,0,0,
3218,0,5,0,0,12,0,0,12,0,0,31,0,0,"","","+12 au score de toucher","","","","","","","","","","","","","",0xFF01FE,0,0,33141,0,0,0,0,
3219,0,5,0,0,12,8,0,12,8,0,31,17,0,"","","+12 au score de toucher","","","","","","","","","","","","","",0xFF01FE,0,0,33142,0,0,0,0,
3220,0,5,0,0,12,12,0,12,12,0,32,20,0,"","","+12 au score de coup critique","","","","","","","","","","","","","",0xFF01FE,0,1,33143,0,0,0,0,
3221,0,5,0,0,12,0,0,12,0,0,12,0,0,"","","+12 au score de défense","","","","","","","","","","","","","",0xFF01FE,0,1,33144,0,0,0,0,
3222,0,5,0,0,20,0,0,20,0,0,3,0,0,"","","+20 Agilité","","","","","","","","","","","","","",0xFF01FE,125,0,0,0,0,0,0,
3223,0,3,5,0,0,15,0,0,15,0,43588,14,0,"","","Dragonne en adamantite","","","","","","","","","","","","","",0xFF01FE,0,1,0,0,0,0,50,
3224,0,5,0,0,6,0,0,6,0,0,3,0,0,"","","+6 Agilité","","","","","","","","","","","","","",0xFF01FE,0,0,0,0,0,0,0,
3225,0,1,0,0,0,0,0,0,0,0,42976,0,0,"","","Bourreau","","","","","","","","","","","","","",0xFF01FE,165,0,0,0,0,0,0,
3226,0,5,5,0,4,6,0,4,6,0,35,7,0,"","","+4 au score de résilience et +6 Endurance","","","","","","","","","","","","","",0xFF01FE,0,0,33782,0,0,0,0,
3227,0,5,0,0,10,0,0,10,0,0,32,0,0,"","","+10 au score de coup critique","","","","","","","","","","","","","",0xFF01FE,0,0,0,0,0,0,0,
3228,0,5,0,0,34,0,0,34,0,0,38,0,0,"","","+34 à la puissance d'attaque","","","","","","","","","","","","","",0xFF01FE,0,0,0,0,0,0,0,
3229,0,5,0,0,12,0,0,12,0,0,35,0,0,"","","+12 au score de résilience","","","","","","","","","","","","","",0xFF01FE,0,0,0,0,0,0,0,
3230,0,4,0,0,20,0,0,20,0,0,4,0,0,"","","+20 à la résistance au Givre","","","","","","","","","","","","","",0xFF01FE,0,0,0,0,0,0,0,
3231,0,5,0,0,15,0,0,15,0,0,37,0,0,"","","+15 au score d'expertise","","","","","","","","","","","","","",0xFF01FE,0,0,0,0,0,0,0,
3232,0,3,5,0,0,15,0,0,15,0,13889,7,0,"","","+15 Endurance et augmentation mineure de la vitesse","","","","","","","","","","","","","",0xFF01FE,0,0,0,0,0,0,0,
3233,0,5,0,0,250,0,0,250,0,0,0,0,0,"","","+250 aux points de mana","","","","","","","","","","","","","",0xFF01FE,0,0,0,0,0,0,0,
3234,0,5,0,0,20,0,0,20,0,0,31,0,0,"","","+20 au score de toucher","","","","","","","","","","","","","",0xFF01FE,0,0,0,0,0,0,0,
3235,0,3,0,0,0,0,0,0,0,0,44491,0,0,"","","+12 à toutes les résistances","","","","","","","","","","","","","",0xFF01FE,0,0,0,0,0,0,0,
3236,0,5,0,0,200,0,0,200,0,0,1,0,0,"","","+200 aux points de vie","","","","","","","","","","","","","",0xFF01FE,0,0,0,0,0,0,0,
3237,0,2,0,0,10,0,0,10,0,0,0,0,0,"","","+10 aux dégâts de l'arme","","","","","","","","","","","","","",0xFF01FE,2,0,0,0,0,0,0,
3238,0,3,0,0,0,0,0,0,0,0,44507,0,0,"","","Récolteur","","","","","","","","","","","","","",0xFF01FE,0,0,0,0,0,0,0,
3239,0,1,0,0,0,0,0,0,0,0,44525,0,0,"","","Arme brise-glace","","","","","","","","","","","","","",0xFF01FE,25,0,0,0,0,0,0,
3240,0,5,0,0,23,0,0,23,0,0,45,0,0,"","","+23 à la puissance des sorts","","","","","","","","","","","","","",0xFF01FE,0,0,0,0,0,0,0,
3241,0,1,0,0,0,0,0,0,0,0,44578,0,0,"","","Gardevie","","","","","","","","","","","","","",0xFF01FE,103,0,0,0,0,0,0,
3242,0,3,0,0,0,0,0,0,0,0,18676,0,0,"","","+5 à toutes les résistances","","","","","","","","","","","","","",0xFF01FE,0,0,34142,0,0,0,0,
3243,0,3,0,0,0,0,0,0,0,0,44001,0,0,"","","+35 à la pénétration des sorts","","","","","","","","","","","","","",0xFF01FE,0,0,0,0,0,0,0,
3244,0,5,5,0,7,7,0,7,7,0,46,43,0,"","","+7 points de vie et de mana toutes les 5 sec.","","","","","","","","","","","","","",0xFF01FE,0,0,0,0,0,0,0,
3245,0,5,0,0,20,0,0,20,0,0,35,0,0,"","","+20 au score de résilience","","","","","","","","","","","","","",0xFF01FE,0,0,0,0,0,0,0,
3246,0,5,0,0,28,0,0,28,0,0,45,0,0,"","","+28 à la puissance des sorts","","","","","","","","","","","","","",0xFF01FE,0,0,0,0,0,0,0,
3247,0,3,0,0,0,0,0,0,0,0,44594,0,0,"","","+140 à la puissance d'attaque contre les morts-vivants","","","","","","","","","","","","","",0xFF01FE,31,0,0,0,0,0,0,
3248,0,5,0,0,18,0,0,18,0,0,37,0,0,"","","+18 au score d'expertise","","","","","","","","","","","","","",0xFF01FE,0,0,0,0,0,0,0,
3249,0,5,0,0,16,0,0,16,0,0,32,0,0,"","","+16 au score de coup critique","","","","","","","","","","","","","",0xFF01FE,0,0,0,0,0,0,0,
3250,0,3,5,0,0,15,0,0,15,0,44615,7,0,"","","Marcheglace","","","","","","","","","","","","","",0xFF01FE,0,0,0,0,0,0,0,
3251,0,1,0,0,0,0,0,0,0,0,44622,0,0,"","","Tueur de géants","","","","","","","","","","","","","",0xFF01FE,25,0,0,0,0,0,0,
3252,0,3,0,0,0,0,0,0,0,0,44624,0,0,"","","+8 à toutes les caractéristiques","","","","","","","","","","","","","",0xFF01FE,0,0,0,0,0,0,0,
3253,0,3,5,0,0,10,0,0,10,0,25063,14,0,"","","+2% à la menace et 10 au score de parade","","","","","","","","","","","","","",0xFF01FE,0,0,0,0,0,0,0,
3254,0,3,0,0,0,0,0,0,0,0,44627,0,0,"","","+4 à toutes les caractéristiques","","","","","","","","","","","","","",0xFF01FE,0,0,34143,0,0,0,0,
3255,0,5,0,0,55,0,0,55,0,0,45,0,0,"","","+55 à la puissance des sorts","","","","","","","","","","","","","",0xFF01FE,0,0,0,0,0,0,0,
3256,0,3,5,0,0,10,0,0,10,0,13840,3,0,"","","Camouflage augmenté et Agilité +10","","","","","","","","","","","","","",0xFF01FE,0,0,0,0,0,0,0,
3257,0,5,0,0,54,0,0,54,0,0,45,0,0,"","","+54 à la puissance des sorts","","","","","","","","","","","","","",0xFF01FE,0,0,0,0,0,0,0,
3258,0,5,0,0,18,0,0,18,0,0,45,39508,0,"","","+18 à la puissance des sorts","","","","","","","","","","","","","",0xFF01FE,0,1,0,0,0,0,0,
3259,0,5,0,0,22,0,0,22,0,0,7,0,0,"","","+22 Endurance","","","","","","","","","","","","","",0xFF01FE,0,1,0,0,0,0,0,
3260,0,4,0,0,240,0,0,240,0,0,0,0,0,"","","+240 Armure","","","","","","","","","","","","","",0xFF01FE,0,0,0,0,0,0,0,
3261,0,5,3,0,12,0,0,12,0,0,32,44797,0,"","","+12 au score de coups critiques et dégâts des critiques augmentés de 3%","","","","","","","","","","","","","",0xFF01FE,0,0,34220,81,0,0,0,
3262,0,5,0,0,15,0,0,15,0,0,7,0,0,"","","+15 Endurance","","","","","","","","","","","","","",0xFF01FE,0,0,34256,0,0,0,0,
3263,0,5,0,0,4,0,0,4,0,0,32,0,0,"","","+4 au score de coup critique","","","","","","","","","","","","","",0xFF01FE,0,0,0,0,0,0,0,
3264,0,3,0,0,0,0,0,0,0,0,45335,0,0,"","","+150 Armure, -10% vitesse","","","","","","","","","","","","","",0xFF01FE,0,0,34627,0,0,0,0,
3265,0,3,0,0,100,0,0,100,0,0,45396,0,0,"","","Enduit d'arme béni","","","","","","","","","","","","","",0xFF01FE,42,9,0,0,0,0,0,
3266,0,3,0,0,100,0,0,100,0,0,45398,0,0,"","","Enduit d'arme vertueux","","","","","","","","","","","","","",0xFF01FE,31,9,0,0,0,0,0,
3267,0,5,0,0,4,0,0,4,0,0,36,0,0,"","","+4 au score de hâte","","","","","","","","","","","","","",0xFF01FE,0,0,0,0,0,0,0,
3268,0,5,0,0,15,0,0,15,0,0,7,0,0,"","","+15 Endurance","","","","","","","","","","","","","",0xFF01FE,0,0,34831,0,0,0,0,
3269,0,3,0,0,0,0,0,0,0,0,45698,0,0,"","","+3 en Pêche","","","","","","","","","","","","","",0xFF01FE,0,0,0,0,0,0,0,
3270,0,5,0,0,8,0,0,8,0,0,36,0,0,"","","+8 au score de hâte","","","","","","","","","","","","","",0xFF01FE,0,0,35315,0,0,0,0,
3271,0,5,5,0,4,5,0,4,5,0,36,45,0,"","","+4 au score de hâte et +5 à la puissance des sorts","","","","","","","","","","","","","",0xFF01FE,0,0,35316,0,0,0,0,
3272,0,5,5,0,6,4,0,6,4,0,7,36,0,"","","+4 au score de hâte et +6 à l'Endurance","","","","","","","","","","","","","",0xFF01FE,0,0,35318,0,0,0,0,
3273,0,1,3,0,0,0,0,0,0,0,46579,46662,0,"","","Givre mortel","","","","","","","","","","","","","",0xFF01FE,166,0,0,0,0,0,0,
3274,0,5,3,0,12,0,0,12,0,0,12,55283,0,"","","+12 au score de défense et +5% à la valeur de blocage du bouclier","","","","","","","","","","","","","",0xFF01FE,0,0,35501,121,0,0,0,
3275,0,5,3,0,14,0,0,14,0,0,45,46600,0,"","","+14 à la puissance des sorts & +2% à l'Intelligence","","","","","","","","","","","","","",0xFF01FE,0,0,35503,122,0,0,0,
3276,0,5,0,0,20,0,0,20,0,0,38,0,0,"","","+20 à la puissance d'attaque","","","","","","","","","","","","","",0xFF01FE,0,0,35487,0,0,0,0,
3277,0,5,0,0,12,0,0,12,0,0,45,0,0,"","","+12 à la puissance des sorts","","","","","","","","","","","","","",0xFF01FE,0,0,35488,0,0,0,0,
3278,0,5,0,0,12,0,0,12,0,0,45,0,0,"","","+12 à la puissance des sorts","","","","","","","","","","","","","",0xFF01FE,0,0,35489,0,0,0,0,
3279,0,5,0,0,3,0,0,3,0,0,45,0,0,"","","+3 à la puissance des sorts","","","","","","","","","","","","","",0xFF01FE,0,1,0,0,0,0,0,
3280,0,5,5,0,4,6,0,4,6,0,13,7,0,"","","+4 au score d'esquive et +6 Endurance","","","","","","","","","","","","","",0xFF01FE,0,0,35707,0,0,0,0,
3281,0,5,0,0,20,0,0,20,0,0,38,0,0,"","","+20 à la puissance d'attaque","","","","","","","","","","","","","",0xFF01FE,0,0,35487,0,0,0,0,
3282,0,5,0,0,12,0,0,12,0,0,45,0,0,"","","+12 à la puissance des sorts","","","","","","","","","","","","","",0xFF01FE,0,0,35488,0,0,0,0,
3283,0,5,0,0,12,0,0,12,0,0,45,0,0,"","","+12 à la puissance des sorts","","","","","","","","","","","","","",0xFF01FE,0,0,35489,0,0,0,0,
3284,0,5,5,0,7,5,0,7,5,0,7,35,0,"","","+5 au score de résilience et +7 Endurance","","","","","","","","","","","","","",0xFF01FE,0,0,35758,0,0,0,0,
3285,0,5,5,0,7,5,0,7,5,0,7,36,0,"","","+5 au score de hâte et +7 Endurance","","","","","","","","","","","","","",0xFF01FE,0,0,35759,0,0,0,0,
3286,0,5,5,0,5,6,0,5,6,0,36,45,0,"","","+5 au score de hâte et +6 à la puissance des sorts","","","","","","","","","","","","","",0xFF01FE,0,0,35760,0,0,0,0,
3287,0,5,0,0,10,0,0,10,0,0,36,0,0,"","","+10 au score de hâte","","","","","","","","","","","","","",0xFF01FE,0,0,35761,0,0,0,0,
3288,0,0,0,0,0,0,0,0,0,0,0,0,0,"","","Enchant. cravache d'équitation de test","","","","","","","","","","","","","",0xFF01FE,0,0,0,0,0,0,0,
3289,0,0,0,0,0,0,0,0,0,0,0,0,0,"","","+10% à la vitesse de la monture","","","","","","","","","","","","","",0xFF01FE,0,1,0,0,0,0,0,
3290,0,7,0,0,0,0,0,0,0,0,52641,0,0,"","","Déployeur de cape à ressort","","","","","","","","","","","","","",0xFF01FE,0,0,0,0,0,0,0,
3291,2,7,0,0,0,0,0,0,0,0,47181,0,0,"","","Test utilisation charges","","","","","","","","","","","","","",0xFF01FE,0,0,0,0,0,0,0,
3292,0,5,0,0,68,0,0,68,0,0,38,0,0,"","","+68 à la puissance d'attaque","","","","","","","","","","","","","",0xFF01FE,0,0,36766,0,755,350,0,
3293,0,5,0,0,51,0,0,51,0,0,7,0,0,"","","+51 Endurance","","","","","","","","","","","","","",0xFF01FE,0,0,36767,0,755,350,0,
3294,0,4,0,0,225,0,0,225,0,0,0,0,0,"","","+225 Armure","","","","","","","","","","","","","",0xFF01FE,0,0,0,0,0,0,0,
3295,0,5,0,0,16,20,20,16,20,20,36,29,30,"","","+16 au score de hâte","","","","","","","","","","","","","",0xFF01FE,0,1,0,0,333,400,0,
3296,0,3,5,0,0,10,0,0,10,0,25070,6,0,"","","+10 Esprit et menace réduite de 2%","","","","","","","","","","","","","",0xFF01FE,0,0,0,0,0,0,0,
3297,0,5,0,0,275,0,0,275,0,0,1,0,0,"","","+275 aux points de vie","","","","","","","","","","","","","",0xFF01FE,0,0,0,0,0,0,0,
3298,0,5,0,0,19,0,0,19,0,0,43,0,0,"","","Huile de mana exceptionnelle","","","","","","","","","","","","","",0xFF01FE,0,0,0,0,0,0,0,
3299,0,5,0,0,56,0,0,56,0,0,45,0,0,"","","Huile de sorcier exceptionnelle","","","","","","","","","","","","","",0xFF01FE,0,0,0,0,0,0,0,
3300,0,5,0,0,19,0,0,19,0,0,45,0,0,"","","+19 à la puissance des sorts","","","","","","","","","","","","","",0xFF01FE,0,0,0,0,0,0,0,
3301,0,5,0,0,6,0,0,6,0,0,32,0,0,"","","+6 au score de coup critique","","","","","","","","","","","","","",0xFF01FE,0,0,0,0,0,0,0,
3302,0,5,0,0,8,0,0,8,0,0,12,0,0,"","","+8 au score de défense","","","","","","","","","","","","","",0xFF01FE,0,0,0,0,0,0,0,
3303,0,5,0,0,8,0,0,8,0,0,36,0,0,"","","+8 au score de hâte","","","","","","","","","","","","","",0xFF01FE,0,0,0,0,0,0,0,
3304,0,5,0,0,8,0,0,8,0,0,13,0,0,"","","+8 au score d'esquive","","","","","","","","","","","","","",0xFF01FE,0,0,0,0,0,0,0,
3305,0,5,0,0,12,0,0,12,0,0,7,0,0,"","","+12 Endurance","","","","","","","","","","","","","",0xFF01FE,0,0,0,0,0,0,0,
3306,0,5,0,0,2,0,0,2,0,0,43,0,0,"","","2 point de mana toutes les 5 sec.","","","","","","","","","","","","","",0xFF01FE,0,0,0,0,0,0,0,
3307,0,5,0,0,9,0,0,9,0,0,7,0,0,"","","+9 Endurance","","","","","","","","","","","","","",0xFF01FE,0,0,0,0,0,0,0,
3308,0,5,0,0,4,0,0,4,0,0,36,0,0,"","","+4 au score de hâte","","","","","","","","","","","","","",0xFF01FE,0,0,0,0,0,0,0,
3309,0,5,0,0,6,0,0,6,0,0,36,0,0,"","","+6 au score de hâte","","","","","","","","","","","","","",0xFF01FE,0,0,0,0,0,0,0,
3310,0,5,0,0,6,0,0,6,0,0,5,0,0,"","","+6 Intelligence","","","","","","","","","","","","","",0xFF01FE,0,0,0,0,0,0,0,
3311,0,5,0,0,6,0,0,6,0,0,6,0,0,"","","+6 Esprit","","","","","","","","","","","","","",0xFF01FE,0,0,0,0,0,0,0,
3312,0,5,0,0,8,0,0,8,0,0,4,0,0,"","","+8 Force","","","","","","","","","","","","","",0xFF01FE,0,0,0,0,0,0,0,
3313,0,5,0,0,8,0,0,8,0,0,3,0,0,"","","+8 Agilité","","","","","","","","","","","","","",0xFF01FE,0,0,0,0,0,0,0,
3314,0,5,0,0,8,0,0,8,0,0,32,0,0,"","","+8 au score de coup critique","","","","","","","","","","","","","",0xFF01FE,0,0,0,0,0,0,0,
3315,0,0,0,0,0,0,0,0,0,0,0,0,0,"","","+3% à la vitesse de la monture","","","","","","","","","","","","","",0xFF01FE,0,1,0,0,0,0,0,
3316,0,5,0,0,6,0,0,6,0,0,32,0,0,"","","+6 au score de coup critique","","","","","","","","","","","","","",0xFF01FE,0,0,0,0,0,0,0,
3317,0,5,0,0,21,0,0,21,0,0,7,0,0,"","","+21 Endurance","","","","","","","","","","","","","",0xFF01FE,0,0,37430,0,0,0,0,
3318,0,5,5,0,6,5,0,6,5,0,45,6,0,"","","+6 à la puissance des sorts et +5 à l'Esprit","","","","","","","","","","","","","",0xFF01FE,0,0,37503,0,0,0,0,
3319,0,8,0,0,1,0,0,1,0,0,0,0,0,"","","Test ajout de châsse enchantement","","","","","","","","","","","","","",0xFF01FE,0,0,0,0,164,50,0,
3320,0,4,0,0,10,0,0,10,0,0,0,0,0,"","","Test de compétence requise enchantement","","","","","","","","","","","","","",0xFF01FE,0,0,0,0,164,50,0,
3321,0,4,0,0,150,0,0,150,0,0,0,0,0,"","","+150 Armure","","","","","","","","","","","","","",0xFF01FE,0,0,38292,0,164,50,0,
3322,0,3,0,0,100,0,0,100,0,0,50401,0,0,"","","Arme runique gelée","","","","","","","","","","","","","",0xFF01FE,1,9,0,0,0,0,0,
3324,0,5,0,0,10,0,0,10,0,0,32,0,0,"","","+10 au score de coup critique","","","","","","","","","","","","","",0xFF01FE,0,0,34835,0,0,0,0,
3325,0,5,5,0,45,15,0,45,15,0,7,3,0,"","","+45 Endurance et +15 Agilité","","","","","","","","","","","","","",0xFF01FE,0,0,0,0,0,0,70,
3326,0,5,5,0,15,55,0,5,55,0,32,38,0,"","","+55 à la puissance d'attaque et +15 au score de coup critique","","","","","","","","","","","","","",0xFF01FE,0,1,0,0,0,0,70,
3327,0,5,5,0,55,22,0,55,22,0,7,3,0,"","","+55 Endurance et +22 Agilité","","","","","","","","","","","","","",0xFF01FE,0,1,0,0,0,0,65,
3328,0,5,5,0,22,75,0,22,75,0,32,38,0,"","","+75 à la puissance d'attaque et +22 au score de coup critique","","","","","","","","","","","","","",0xFF01FE,0,1,0,0,0,0,65,
3329,0,5,0,0,12,0,0,12,0,0,7,0,0,"","","+12 Endurance","","","","","","","","","","","","","",0xFF01FE,0,0,0,0,0,0,70,
3330,0,5,0,0,18,0,0,18,0,0,7,0,0,"","","+18 Endurance","","","","","","","","","","","","","",0xFF01FE,0,0,0,0,0,0,70,
3331,0,5,5,0,72,35,0,72,35,0,7,3,0,"","","+72 Endurance et +35 Agilité","","","","","","","","","","","","","",0xFF01FE,0,1,0,0,0,0,70,
3332,0,5,5,0,36,100,0,36,100,0,32,38,0,"","","+100 à la puissance d'attaque et +36 au score de coup critique","","","","","","","","","","","","","",0xFF01FE,0,1,0,0,0,0,70,
3333,0,5,0,0,0,0,0,0,0,0,0,0,0,"","","QA Test Blank Purple Gem Enchant","","","","","","","","","","","","","",0xFF01FE,0,0,38498,0,0,0,0,
3334,0,3,0,0,1,0,0,1,0,0,33153,28735,0,"","","Vol Norfendre","","","","","","","","","","","","","",0xFF01FE,0,0,38538,0,0,0,0,
3335,0,5,0,0,20,0,0,20,0,0,38,0,0,"","","+20 à la puissance d'attaque","","","","","","","","","","","","","",0xFF01FE,0,0,38545,0,0,0,0,
3336,0,5,0,0,10,0,0,10,0,0,32,0,0,"","","+10 au score de coup critique","","","","","","","","","","","","","",0xFF01FE,0,0,38546,0,0,0,0,
3337,0,5,5,0,10,5,0,10,5,0,38,32,0,"","","+10 à la puissance d'attaque, +5 au score de coup critique","","","","","","","","","","","","","",0xFF01FE,0,0,38547,0,0,0,0,
3338,0,5,5,0,6,5,0,6,5,0,45,32,0,"","","+6 à la puissance des sorts et +5 au score de critique","","","","","","","","","","","","","",0xFF01FE,0,0,38548,0,0,0,0,
3339,0,5,0,0,12,0,0,12,0,0,45,0,0,"","","+12 à la puissance des sorts","","","","","","","","","","","","","",0xFF01FE,0,0,38549,0,0,0,0,
3340,0,5,0,0,10,0,0,10,0,0,32,0,0,"","","+10 au score de coup critique","","","","","","","","","","","","","",0xFF01FE,0,0,38550,0,0,0,0,
3341,0,3,0,0,100,0,0,100,0,0,51385,0,0,"","","Arme runique gelée 2","","","","","","","","","","","","","",0xFF01FE,1,9,0,0,0,0,0,
3342,0,3,0,0,100,0,0,100,0,0,51386,0,0,"","","Arme runique gelée 3","","","","","","","","","","","","","",0xFF01FE,1,9,0,0,0,0,0,
3343,0,3,0,0,100,0,0,100,0,0,51387,0,0,"","","Arme runique gelée 4","","","","","","","","","","","","","",0xFF01FE,1,9,0,0,0,0,0,
3344,0,3,0,0,100,0,0,100,0,0,51388,0,0,"","","Arme runique gelée 5","","","","","","","","","","","","","",0xFF01FE,1,9,0,0,0,0,0,
3345,0,3,0,0,20,0,0,20,0,0,51940,0,0,"","","Viveterre 1","","","","","","","","","","","","","",0xFF01FE,106,9,0,0,0,0,0,
3346,0,3,0,0,20,0,0,20,0,0,51989,0,0,"","","Viveterre 2","","","","","","","","","","","","","",0xFF01FE,106,9,0,0,0,0,0,
3347,0,3,0,0,20,0,0,20,0,0,52004,0,0,"","","Viveterre 3","","","","","","","","","","","","","",0xFF01FE,106,9,0,0,0,0,0,
3348,0,3,0,0,20,0,0,20,0,0,52005,0,0,"","","Viveterre 4","","","","","","","","","","","","","",0xFF01FE,106,9,0,0,0,0,0,
3349,0,3,0,0,20,0,0,20,0,0,52007,0,0,"","","Viveterre 5","","","","","","","","","","","","","",0xFF01FE,106,9,0,0,0,0,0,
3350,0,3,0,0,20,0,0,20,0,0,52008,0,0,"","","Viveterre 6","","","","","","","","","","","","","",0xFF01FE,106,9,0,0,0,0,0,
3351,0,5,0,0,6,0,0,6,0,0,31,0,0,"","","+6 au score de toucher","","","","","","","","","","","","","",0xFF01FE,0,0,0,0,0,0,0,
3352,0,5,0,0,8,0,0,8,0,0,6,0,0,"","","+8 Esprit","","","","","","","","","","","","","",0xFF01FE,0,0,0,0,0,0,0,
3353,0,5,0,0,8,0,0,8,0,0,5,0,0,"","","+8 Intelligence","","","","","","","","","","","","","",0xFF01FE,0,0,0,0,0,0,0,
3354,0,5,0,0,12,0,0,12,0,0,7,0,0,"","","+12 Endurance","","","","","","","","","","","","","",0xFF01FE,0,0,0,0,0,0,0,
3355,0,5,0,0,6,0,0,6,0,0,3,0,0,"","","+6 Agilité","","","","","","","","","","","","","",0xFF01FE,0,0,0,0,0,0,0,
3356,0,5,0,0,12,0,0,12,0,0,38,0,0,"","","+12 à la puissance d'attaque","","","","","","","","","","","","","",0xFF01FE,0,0,0,0,0,0,0,
3357,0,5,0,0,6,0,0,6,0,0,4,0,0,"","","+6 Force","","","","","","","","","","","","","",0xFF01FE,0,0,0,0,0,0,0,
3358,0,5,0,0,6,0,0,6,0,0,13,0,0,"","","+6 au score d'esquive","","","","","","","","","","","","","",0xFF01FE,0,0,0,0,0,0,0,
3359,0,5,0,0,4,0,0,4,0,0,14,0,0,"","","+4 au score de parade","","","","","","","","","","","","","",0xFF01FE,0,0,0,0,0,0,0,
3360,0,5,0,0,8,0,0,8,0,0,14,0,0,"","","+8 au score de parade","","","","","","","","","","","","","",0xFF01FE,0,0,0,0,0,0,0,
3361,0,5,0,0,6,0,0,6,0,0,15,0,0,"","","+6 au score de blocage","","","","","","","","","","","","","",0xFF01FE,0,0,0,0,0,0,0,
3362,0,5,0,0,6,0,0,6,0,0,37,0,0,"","","+6 au score d'expertise","","","","","","","","","","","","","",0xFF01FE,0,0,0,0,0,0,0,
3363,0,3,0,0,0,0,0,0,0,0,23515,0,0,"","","+9 à la valeur de blocage","","","","","","","","","","","","","",0xFF01FE,0,0,0,0,0,0,0,
3364,0,0,0,0,0,0,0,0,0,0,0,0,0,"","","Charge de la lame runique","","","","","","","","","","","","","",0xFF01FE,173,0,0,0,0,0,0,
3365,0,3,3,0,0,0,0,0,0,0,53387,43588,0,"","","Rune de Fracasse-épée","","","","","","","","","","","","","",0xFF01FE,156,1,0,0,776,0,0,
3366,0,1,0,0,100,0,0,100,0,0,56903,0,0,"","","Rune de Lichemort","","","","","","","","","","","","","",0xFF01FE,25,1,0,0,776,0,0,
3367,0,3,3,0,0,0,0,0,0,0,53362,60209,0,"","","Rune de Fracasse-sort","","","","","","","","","","","","","",0xFF01FE,161,1,0,0,776,0,0,
3368,0,1,0,0,0,0,0,0,0,0,53365,0,0,"","","Rune du Croisé déchu","","","","","","","","","","","","","",0xFF01FE,160,1,0,0,776,0,0,
3369,0,1,0,0,0,0,0,0,0,0,53386,0,0,"","","Rune de Cendreglace","","","","","","","","","","","","","",0xFF01FE,166,1,0,0,776,0,0,
3370,0,1,1,0,100,100,0,100,100,0,50401,51714,0,"","","Rune de Trancheglace","","","","","","","","","","","","","",0xFF01FE,1,1,0,0,776,0,0,
3371,0,5,0,0,12,0,0,12,0,0,4,0,0,"","","+12 Force","","","","","","","","","","","","","",0xFF01FE,0,0,39900,0,0,0,0,
3374,0,5,0,0,12,0,0,12,0,0,3,0,0,"","","+12 Agilité","","","","","","","","","","","","","",0xFF01FE,0,0,39905,0,0,0,0,
3375,0,5,0,0,24,0,0,24,0,0,38,0,0,"","","+24 à la puissance d'attaque","","","","","","","","","","","","","",0xFF01FE,0,0,39906,0,0,0,0,
3376,0,5,0,0,12,0,0,12,0,0,13,0,0,"","","+12 au score d'esquive","","","","","","","","","","","","","",0xFF01FE,0,0,39907,0,0,0,0,
3377,0,5,0,0,12,0,0,12,0,0,14,0,0,"","","+12 au score de parade","","","","","","","","","","","","","",0xFF01FE,0,0,39908,0,0,0,0,
3378,0,5,0,0,12,0,0,12,0,0,44,0,0,"","","+12 au score de pénétration d'armure","","","","","","","","","","","","","",0xFF01FE,0,0,39909,0,0,0,0,
3379,0,5,0,0,12,0,0,12,0,0,37,0,0,"","","+12 au score d'expertise","","","","","","","","","","","","","",0xFF01FE,0,0,39910,0,0,0,0,
3380,0,5,0,0,14,0,0,14,0,0,45,0,0,"","","+14 à la puissance des sorts","","","","","","","","","","","","","",0xFF01FE,0,0,39911,0,0,0,0,
3381,0,5,0,0,12,0,0,12,0,0,5,0,0,"","","+12 Intelligence","","","","","","","","","","","","","",0xFF01FE,0,0,39912,0,0,0,0,
3382,0,5,0,0,12,0,0,12,0,0,32,0,0,"","","+12 au score de coup critique","","","","","","","","","","","","","",0xFF01FE,0,0,39914,0,0,0,0,
3383,0,5,0,0,12,0,0,12,0,0,31,0,0,"","","+12 au score de toucher","","","","","","","","","","","","","",0xFF01FE,0,0,39915,0,0,0,0,
3384,0,5,0,0,12,0,0,12,0,0,12,0,0,"","","+12 au score de défense","","","","","","","","","","","","","",0xFF01FE,0,0,39916,0,0,0,0,
3385,0,5,0,0,12,0,0,12,0,0,35,0,0,"","","+12 au score de résilience","","","","","","","","","","","","","",0xFF01FE,0,0,39917,0,0,0,0,
3386,0,5,0,0,12,0,0,12,0,0,36,0,0,"","","+12 au score de hâte","","","","","","","","","","","","","",0xFF01FE,0,0,39918,0,0,0,0,
3387,0,5,0,0,18,0,0,18,0,0,7,0,0,"","","+18 Endurance","","","","","","","","","","","","","",0xFF01FE,0,0,39919,0,0,0,0,
3388,0,5,0,0,12,0,0,12,0,0,6,0,0,"","","+12 Esprit","","","","","","","","","","","","","",0xFF01FE,0,0,39920,0,0,0,0,
3389,0,5,0,0,6,0,0,6,0,0,43,0,0,"","","+6 points de mana toutes les 5 secondes","","","","","","","","","","","","","",0xFF01FE,0,0,39927,0,0,0,0,
3390,0,3,0,0,12,0,0,12,0,0,28869,0,0,"","","+15 à la pénétration des sorts","","","","","","","","","","","","","",0xFF01FE,0,0,39932,0,0,0,0,
3391,0,5,5,0,6,9,0,6,9,0,44,7,0,"","","+6 au score de pénétration d'armure et +9 à l'Endurance","","","","","","","","","","","","","",0xFF01FE,0,0,39933,0,0,0,0,
3392,0,5,5,0,6,9,0,6,9,0,4,7,0,"","","+6 à la Force et +9 à l'Endurance","","","","","","","","","","","","","",0xFF01FE,0,0,39934,0,0,0,0,
3393,0,5,5,0,6,9,0,6,9,0,3,7,0,"","","+6 à l'Agilité et +9 à l'Endurance","","","","","","","","","","","","","",0xFF01FE,0,0,39935,0,0,0,0,
3394,0,5,5,0,7,9,0,7,9,0,45,7,0,"","","+7 à la puissance des sorts et +9 à l'Endurance","","","","","","","","","","","","","",0xFF01FE,0,0,39936,0,0,0,0,
3395,0,5,5,0,12,9,0,12,9,0,38,7,0,"","","+12 à la puissance d'attaque et +9 à l'Endurance","","","","","","","","","","","","","",0xFF01FE,0,0,39937,0,0,0,0,
3396,0,5,5,0,6,9,0,6,9,0,13,7,0,"","","+6 au score d'esquive et +9 à l'Endurance","","","","","","","","","","","","","",0xFF01FE,0,0,39938,0,0,0,0,
3397,0,5,5,0,6,9,0,6,9,0,14,7,0,"","","+6 au score de parade et +9 Endurance","","","","","","","","","","","","","",0xFF01FE,0,0,39939,0,0,0,0,
3398,0,5,5,0,6,9,0,6,9,0,37,7,0,"","","+6 au score d'expertise et +9 à l'Endurance","","","","","","","","","","","","","",0xFF01FE,0,0,39940,0,0,0,0,
3399,0,5,5,0,7,6,0,7,6,0,45,6,0,"","","+7 à la puissance des sorts et +6 à l'Esprit","","","","","","","","","","","","","",0xFF01FE,0,0,39941,0,0,0,0,
3400,0,5,5,0,6,3,0,6,3,0,3,43,0,"","","+6 à l'Agilité et +3 points de mana toutes les 5 secondes","","","","","","","","","","","","","",0xFF01FE,0,0,39942,0,0,0,0,
3401,0,5,5,0,7,3,0,7,3,0,45,43,0,"","","+7 à la puissance des sorts et +3 points de mana toutes les 5 secondes","","","","","","","","","","","","","",0xFF01FE,0,0,39943,0,0,0,0,
3402,0,5,5,0,12,3,0,12,3,0,38,43,0,"","","+12 à la puissance d'attaque et +3 points de mana toutes les 5 secondes","","","","","","","","","","","","","",0xFF01FE,0,0,39944,0,0,0,0,
3403,0,5,3,0,7,6,0,7,6,0,45,31926,0,"","","+7 à la puissance des sorts et +8 à la pénétration des sorts","","","","","","","","","","","","","",0xFF01FE,0,0,39945,0,0,0,0,
3404,0,5,5,0,7,6,0,7,6,0,45,5,0,"","","+7 à la puissance des sorts et +6 à l'Intelligence","","","","","","","","","","","","","",0xFF01FE,0,0,39946,0,0,0,0,
3405,0,5,5,0,6,6,0,6,6,0,4,32,0,"","","+6 à la Force et +6 au score de coup critique","","","","","","","","","","","","","",0xFF01FE,0,0,39947,0,0,0,0,
3406,0,5,5,0,6,6,0,6,6,0,3,31,0,"","","+6 à l'Agilité et +6 au score de toucher","","","","","","","","","","","","","",0xFF01FE,0,0,39953,0,0,0,0,
3407,0,5,5,0,6,6,0,6,6,0,4,12,0,"","","+6 à la Force et +6 au score de défense","","","","","","","","","","","","","",0xFF01FE,0,0,39949,0,0,0,0,
3408,0,5,5,0,6,6,0,6,6,0,4,35,0,"","","+6 à la Force et +6 au score de résilience","","","","","","","","","","","","","",0xFF01FE,0,0,39950,0,0,0,0,
3409,0,5,5,0,6,6,0,6,6,0,4,36,0,"","","+6 à la Force et +6 au score de hâte","","","","","","","","","","","","","",0xFF01FE,0,0,39951,0,0,0,0,
3410,0,5,5,0,6,6,0,6,6,0,3,32,0,"","","+6 à l'Agilité et +6 au score de coup critique","","","","","","","","","","","","","",0xFF01FE,0,0,39952,0,0,0,0,
3411,0,5,5,0,6,6,0,6,6,0,4,31,0,"","","+6 à la Force et +6 au score de toucher","","","","","","","","","","","","","",0xFF01FE,0,0,39948,0,0,0,0,
3412,0,5,5,0,6,6,0,6,6,0,3,35,0,"","","+6 à l'Agilité et +6 au score de résilience","","","","","","","","","","","","","",0xFF01FE,0,0,39954,0,0,0,0,
3413,0,5,5,0,6,6,0,6,6,0,3,36,0,"","","+6 à l'Agilité et +6 au score de hâte","","","","","","","","","","","","","",0xFF01FE,0,0,39955,0,0,0,0,
3414,0,5,5,0,7,6,0,7,6,0,45,32,0,"","","+7 à la puissance des sorts et +6 au score de coup critique","","","","","","","","","","","","","",0xFF01FE,0,0,39956,0,0,0,0,
3415,0,5,5,0,7,6,0,7,6,0,45,31,0,"","","+7 à la puissance des sorts et +6 au score de toucher","","","","","","","","","","","","","",0xFF01FE,0,0,39957,0,0,0,0,
3416,0,5,5,0,7,6,0,7,6,0,45,35,0,"","","+7 à la puissance des sorts et +6 au score de résilience","","","","","","","","","","","","","",0xFF01FE,0,0,39958,0,0,0,0,
3417,0,5,5,0,7,6,0,7,6,0,45,36,0,"","","+7 à la puissance des sorts et +6 au score de hâte","","","","","","","","","","","","","",0xFF01FE,0,0,39959,0,0,0,0,
3418,0,5,5,0,6,6,0,6,6,0,13,12,0,"","","+6 au score d'esquive et +6 au score de défense","","","","","","","","","","","","","",0xFF01FE,0,0,39964,0,0,0,0,
3419,0,5,5,0,6,6,0,6,6,0,14,12,0,"","","+6 au score de parade et +6 au score de défense","","","","","","","","","","","","","",0xFF01FE,0,0,39965,0,0,0,0,
3420,0,5,5,0,6,6,0,6,6,0,37,31,0,"","","+6 au score d'expertise et +6 au score de toucher","","","","","","","","","","","","","",0xFF01FE,0,0,39966,0,0,0,0,
3421,0,5,5,0,6,6,0,6,6,0,37,12,0,"","","+6 au score d'expertise et +6 au score de défense","","","","","","","","","","","","","",0xFF01FE,0,0,39967,0,0,0,0,
3422,0,5,5,0,12,6,0,12,6,0,38,32,0,"","","+12 à la puissance d'attaque et +6 au score de coup critique","","","","","","","","","","","","","",0xFF01FE,0,0,39960,0,0,0,0,
3423,0,5,5,0,12,6,0,12,6,0,38,31,0,"","","+12 à la puissance d'attaque et +6 au score de toucher","","","","","","","","","","","","","",0xFF01FE,0,0,39961,0,0,0,0,
3424,0,5,5,0,12,6,0,12,6,0,38,35,0,"","","+12 à la puissance d'attaque et +6 au score de résilience","","","","","","","","","","","","","",0xFF01FE,0,0,39962,0,0,0,0,
3426,0,5,5,0,12,6,0,12,6,0,38,36,0,"","","+12 à la puissance d'attaque et +6 au score de hâte","","","","","","","","","","","","","",0xFF01FE,0,0,39963,0,0,0,0,
3427,0,5,5,0,6,9,0,6,9,0,5,7,0,"","","+6 à l'Intelligence et +9 à l'Endurance","","","","","","","","","","","","","",0xFF01FE,0,0,39968,0,0,0,0,
3428,0,5,5,0,6,9,0,6,9,0,32,7,0,"","","+6 au score de coup critique et +9 à l'Endurance","","","","","","","","","","","","","",0xFF01FE,0,0,39974,0,0,0,0,
3429,0,5,5,0,6,9,0,6,9,0,31,7,0,"","","+6 au score de toucher et +9 à l'Endurance","","","","","","","","","","","","","",0xFF01FE,0,0,39975,0,0,0,0,
3430,0,5,5,0,6,9,0,6,9,0,12,7,0,"","","+6 au score de défense et +9 à l'Endurance","","","","","","","","","","","","","",0xFF01FE,0,0,39976,0,0,0,0,
3431,0,5,5,0,6,9,0,6,9,0,35,7,0,"","","+6 au score de résilience et +9 à l'Endurance","","","","","","","","","","","","","",0xFF01FE,0,0,39977,0,0,0,0,
3432,0,5,5,0,6,9,0,6,9,0,36,7,0,"","","+6 au score de hâte et +9 à l'Endurance","","","","","","","","","","","","","",0xFF01FE,0,0,39978,0,0,0,0,
3433,0,5,5,0,6,6,0,6,6,0,5,6,0,"","","+6 à l'Intelligence et +6 à l'Esprit","","","","","","","","","","","","","",0xFF01FE,0,0,39979,0,0,0,0,
3434,0,5,5,0,6,6,0,6,6,0,32,6,0,"","","+6 au score de coup critique et +6 à l'Esprit","","","","","","","","","","","","","",0xFF01FE,0,0,39980,0,0,0,0,
3435,0,5,5,0,6,6,0,6,6,0,31,6,0,"","","+6 au score de toucher et +6 à l'Esprit","","","","","","","","","","","","","",0xFF01FE,0,0,39981,0,0,0,0,
3436,0,5,5,0,6,6,0,6,6,0,35,6,0,"","","+6 au score de résilience et +6 à l'Esprit","","","","","","","","","","","","","",0xFF01FE,0,0,39982,0,0,0,0,
3437,0,5,5,0,6,6,0,6,6,0,36,6,0,"","","+6 au score de hâte et +6 à l'Esprit","","","","","","","","","","","","","",0xFF01FE,0,0,39983,0,0,0,0,
3438,0,5,5,0,6,3,0,6,3,0,5,43,0,"","","+6 à l'Intelligence et +3 points de mana toutes les 5 secondes","","","","","","","","","","","","","",0xFF01FE,0,0,39984,0,0,0,0,
3439,0,5,5,0,6,3,0,6,3,0,32,43,0,"","","+6 au score de coup critique et +3 points de mana toutes les 5 secondes","","","","","","","","","","","","","",0xFF01FE,0,0,39985,0,0,0,0,
3440,0,5,5,0,6,3,0,6,3,0,31,43,0,"","","+6 au score de toucher et +3 points de mana toutes les 5 secondes","","","","","","","","","","","","","",0xFF01FE,0,0,39986,0,0,0,0,
3441,0,5,5,0,6,3,0,6,3,0,35,43,0,"","","+6 au score de résilience et +3 points de mana toutes les 5 secondes","","","","","","","","","","","","","",0xFF01FE,0,0,39988,0,0,0,0,
3442,0,5,5,0,6,3,0,6,3,0,36,43,0,"","","+6 au score de hâte et +3 points de mana toutes les 5 secondes","","","","","","","","","","","","","",0xFF01FE,0,0,39989,0,0,0,0,
3443,0,5,3,0,6,6,0,6,6,0,32,31926,0,"","","+6 au score de coup critique et +8 à la pénétration des sorts","","","","","","","","","","","","","",0xFF01FE,0,0,39990,0,0,0,0,
3444,0,5,3,0,6,6,0,6,6,0,31,31926,0,"","","+6 au score de toucher et +8 à la pénétration des sorts","","","","","","","","","","","","","",0xFF01FE,0,0,39991,0,0,0,0,
3445,0,5,3,0,6,6,0,6,6,0,36,31926,0,"","","+6 au score de hâte et +8 à la pénétration des sorts","","","","","","","","","","","","","",0xFF01FE,0,0,39992,0,0,0,0,
3446,0,5,0,0,16,0,0,16,0,0,4,0,0,"","","+16 Force","","","","","","","","","","","","","",0xFF01FE,0,0,39996,0,0,0,0,
3447,0,5,0,0,16,0,0,16,0,0,3,0,0,"","","+16 Agilité","","","","","","","","","","","","","",0xFF01FE,0,0,39997,0,0,0,0,
3448,0,5,0,0,19,0,0,19,0,0,45,0,0,"","","+19 à la puissance des sorts","","","","","","","","","","","","","",0xFF01FE,0,0,39998,0,0,0,0,
3449,0,5,0,0,32,0,0,32,0,0,38,0,0,"","","+32 à la puissance d'attaque","","","","","","","","","","","","","",0xFF01FE,0,0,39999,0,0,0,0,
3450,0,5,0,0,16,0,0,16,0,0,13,0,0,"","","+16 au score d'esquive","","","","","","","","","","","","","",0xFF01FE,0,0,40000,0,0,0,0,
3451,0,5,0,0,16,0,0,16,0,0,14,0,0,"","","+16 au score de parade","","","","","","","","","","","","","",0xFF01FE,0,0,40001,0,0,0,0,
3452,0,5,0,0,16,0,0,16,0,0,44,0,0,"","","+16 au score de pénétration d'armure","","","","","","","","","","","","","",0xFF01FE,0,0,40002,0,0,0,0,
3453,0,5,0,0,16,0,0,16,0,0,37,0,0,"","","+16 au score d'expertise","","","","","","","","","","","","","",0xFF01FE,0,0,40003,0,0,0,0,
3454,0,5,0,0,24,0,0,24,0,0,7,0,0,"","","+24 Endurance","","","","","","","","","","","","","",0xFF01FE,0,0,40008,0,0,0,0,
3455,0,5,0,0,16,0,0,16,0,0,6,0,0,"","","+16 Esprit","","","","","","","","","","","","","",0xFF01FE,0,0,40009,0,0,0,0,
3456,0,5,0,0,8,0,0,8,0,0,43,0,0,"","","+8 points de mana toutes les 5 secondes","","","","","","","","","","","","","",0xFF01FE,0,0,40010,0,0,0,0,
3457,0,3,0,0,16,0,0,16,0,0,26283,0,0,"","","+20 à la pénétration des sorts","","","","","","","","","","","","","",0xFF01FE,0,0,40011,0,0,0,0,
3458,0,5,0,0,16,0,0,16,0,0,5,0,0,"","","+16 Intelligence","","","","","","","","","","","","","",0xFF01FE,0,0,40012,0,0,0,0,
3459,0,5,0,0,16,0,0,16,0,0,32,0,0,"","","+16 au score de coup critique","","","","","","","","","","","","","",0xFF01FE,0,0,40013,0,0,0,0,
3460,0,5,0,0,16,0,0,16,0,0,31,0,0,"","","+16 au score de toucher","","","","","","","","","","","","","",0xFF01FE,0,0,40014,0,0,0,0,
3461,0,5,0,0,16,0,0,16,0,0,12,0,0,"","","+16 au score de défense","","","","","","","","","","","","","",0xFF01FE,0,0,40015,0,0,0,0,
3462,0,5,0,0,16,0,0,16,0,0,35,0,0,"","","+16 au score de résilience","","","","","","","","","","","","","",0xFF01FE,0,0,40016,0,0,0,0,
3463,0,5,0,0,16,0,0,16,0,0,36,0,0,"","","+16 au score de hâte","","","","","","","","","","","","","",0xFF01FE,0,0,40017,0,0,0,0,
3464,0,5,5,0,8,12,0,8,12,0,4,7,0,"","","+8 à la Force et +12 à l'Endurance","","","","","","","","","","","","","",0xFF01FE,0,0,40022,0,0,0,0,
3465,0,5,5,0,8,12,0,8,12,0,3,7,0,"","","+8 à l'Agilité et +12 à l'Endurance","","","","","","","","","","","","","",0xFF01FE,0,0,40023,0,0,0,0,
3466,0,5,5,0,9,12,0,9,12,0,45,7,0,"","","+9 à la puissance des sorts et +12 à l'Endurance","","","","","","","","","","","","","",0xFF01FE,0,0,40025,0,0,0,0,
3467,0,5,5,0,16,12,0,16,12,0,38,7,0,"","","+16 à la puissance d'attaque et +12 à l'Endurance","","","","","","","","","","","","","",0xFF01FE,0,0,40029,0,0,0,0,
3468,0,5,5,0,8,12,0,8,12,0,13,7,0,"","","+8 au score d'esquive et +12 à l'Endurance","","","","","","","","","","","","","",0xFF01FE,0,0,40031,0,0,0,0,
3469,0,5,5,0,8,12,0,8,12,0,14,7,0,"","","+8 au score de parade et +12 à l'Endurance","","","","","","","","","","","","","",0xFF01FE,0,0,40032,0,0,0,0,
3470,0,5,5,0,8,12,0,8,12,0,44,7,0,"","","+8 au score de pénétration d'armure et +12 à l'Endurance","","","","","","","","","","","","","",0xFF01FE,0,0,40033,0,0,0,0,
3471,0,5,5,0,8,12,0,8,12,0,37,7,0,"","","+8 au score d'expertise et +12 à l'Endurance","","","","","","","","","","","","","",0xFF01FE,0,0,40034,0,0,0,0,
3472,0,5,5,0,9,8,0,9,8,0,45,6,0,"","","+9 à la puissance des sorts et +8 à l'Esprit","","","","","","","","","","","","","",0xFF01FE,0,0,40026,0,0,0,0,
3473,0,5,5,0,9,4,0,9,4,0,45,43,0,"","","+9 à la puissance des sorts et +4 points de mana toutes les 5 secondes","","","","","","","","","","","","","",0xFF01FE,0,0,40027,0,0,0,0,
3474,0,5,5,0,8,4,0,8,4,0,3,43,0,"","","+8 à l'Agilité et +4 points de mana toutes les 5 secondes","","","","","","","","","","","","","",0xFF01FE,0,0,40024,0,0,0,0,
3475,0,5,5,0,16,4,0,16,4,0,38,43,0,"","","+16 à la puissance d'attaque et +4 points de mana toutes les 5 secondes","","","","","","","","","","","","","",0xFF01FE,0,0,40030,0,0,0,0,
3476,0,5,3,0,9,8,0,9,8,0,45,25975,0,"","","+9 à la puissance des sorts et +10 à la pénétration des sorts","","","","","","","","","","","","","",0xFF01FE,0,0,40028,0,0,0,0,
3477,0,5,5,0,8,8,0,8,8,0,4,32,0,"","","+8 à la Force et +8 au score de coup critique","","","","","","","","","","","","","",0xFF01FE,0,0,40037,0,0,0,0,
3478,0,5,5,0,8,8,0,8,8,0,4,31,0,"","","+8 à la Force et +8 au score de toucher","","","","","","","","","","","","","",0xFF01FE,0,0,40038,0,0,0,0,
3479,0,5,5,0,8,8,0,8,8,0,4,12,0,"","","+8 à la Force et +8 au score de défense","","","","","","","","","","","","","",0xFF01FE,0,0,40039,0,0,0,0,
3480,0,5,5,0,8,8,0,8,8,0,4,35,0,"","","+8 à la Force et +8 au score de résilience","","","","","","","","","","","","","",0xFF01FE,0,0,40040,0,0,0,0,
3481,0,5,5,0,8,8,0,8,8,0,4,36,0,"","","+8 à la Force et +8 au score de hâte","","","","","","","","","","","","","",0xFF01FE,0,0,40041,0,0,0,0,
3482,0,5,5,0,8,8,0,8,8,0,3,32,0,"","","+8 à l'Agilité et +8 au score de coup critique","","","","","","","","","","","","","",0xFF01FE,0,0,40043,0,0,0,0,
3483,0,5,5,0,8,8,0,8,8,0,3,31,0,"","","+8 à l'Agilité et +8 au score de toucher","","","","","","","","","","","","","",0xFF01FE,0,0,40044,0,0,0,0,
3484,0,5,5,0,8,8,0,8,8,0,3,35,0,"","","+8 à l'Agilité et +8 au score de résilience","","","","","","","","","","","","","",0xFF01FE,0,0,40045,0,0,0,0,
3485,0,5,5,0,8,8,0,8,8,0,3,36,0,"","","+8 à l'Agilité et +8 au score de hâte","","","","","","","","","","","","","",0xFF01FE,0,0,40046,0,0,0,0,
3486,0,5,5,0,9,8,0,9,8,0,45,5,0,"","","+9 à la puissance des sorts et +8 à l'Intelligence","","","","","","","","","","","","","",0xFF01FE,0,0,40047,0,0,0,0,
3487,0,5,5,0,9,8,0,9,8,0,45,32,0,"","","+9 à la puissance des sorts et +8 au score de coup critique","","","","","","","","","","","","","",0xFF01FE,0,0,40048,0,0,0,0,
3488,0,5,5,0,9,8,0,9,8,0,45,31,0,"","","+9 à la puissance des sorts et +8 au score de toucher","","","","","","","","","","","","","",0xFF01FE,0,0,40049,0,0,0,0,
3489,0,5,5,0,9,8,0,9,8,0,45,35,0,"","","+9 à la puissance des sorts et +8 au score de résilience","","","","","","","","","","","","","",0xFF01FE,0,0,40050,0,0,0,0,
3490,0,5,5,0,9,8,0,9,8,0,45,36,0,"","","+9 à la puissance des sorts et +8 au score de hâte","","","","","","","","","","","","","",0xFF01FE,0,0,40051,0,0,0,0,
3491,0,5,5,0,16,8,0,16,8,0,38,32,0,"","","+16 à la puissance d'attaque et +8 au score de coup critique","","","","","","","","","","","","","",0xFF01FE,0,0,40052,0,0,0,0,
3492,0,5,5,0,16,8,0,16,8,0,38,31,0,"","","+16 à la puissance d'attaque et +8 au score de toucher","","","","","","","","","","","","","",0xFF01FE,0,0,40053,0,0,0,0,
3493,0,5,5,0,16,8,0,16,8,0,38,35,0,"","","+16 à la puissance d'attaque et +8 au score de résilience","","","","","","","","","","","","","",0xFF01FE,0,0,40054,0,0,0,0,
3494,0,5,5,0,16,8,0,16,8,0,38,36,0,"","","+16 à la puissance d'attaque et +8 au score de hâte","","","","","","","","","","","","","",0xFF01FE,0,0,40055,0,0,0,0,
3495,0,5,5,0,8,8,0,8,8,0,13,12,0,"","","+8 au score d'esquive et +8 au score de défense","","","","","","","","","","","","","",0xFF01FE,0,0,40056,0,0,0,0,
3496,0,5,5,0,8,8,0,8,8,0,14,12,0,"","","+8 au score de parade et +8 au score de défense","","","","","","","","","","","","","",0xFF01FE,0,0,40057,0,0,0,0,
3497,0,5,5,0,8,8,0,8,8,0,37,31,0,"","","+8 au score d'expertise et +8 au score de toucher","","","","","","","","","","","","","",0xFF01FE,0,0,40058,0,0,0,0,
3498,0,5,5,0,8,8,0,8,8,0,37,12,0,"","","+8 au score d'expertise et +8 au score de défense","","","","","","","","","","","","","",0xFF01FE,0,0,40059,0,0,0,0,
3499,0,5,5,0,8,12,0,8,12,0,5,7,0,"","","+8 à l'Intelligence et +12 à l'Endurance","","","","","","","","","","","","","",0xFF01FE,0,0,40085,0,0,0,0,
3500,0,5,5,0,8,12,0,8,12,0,32,7,0,"","","+8 au score de coup critique et +12 à l'Endurance","","","","","","","","","","","","","",0xFF01FE,0,0,40086,0,0,0,0,
3501,0,5,5,0,8,12,0,8,12,0,31,7,0,"","","+8 au score de toucher et +12 à l'Endurance","","","","","","","","","","","","","",0xFF01FE,0,0,40088,0,0,0,0,
3502,0,5,5,0,8,12,0,8,12,0,12,7,0,"","","+8 au score de défense et +12 à l'Endurance","","","","","","","","","","","","","",0xFF01FE,0,0,40089,0,0,0,0,
3503,0,5,5,0,8,12,0,8,12,0,35,7,0,"","","+8 au score de résilience et +12 à l'Endurance","","","","","","","","","","","","","",0xFF01FE,0,0,40090,0,0,0,0,
3504,0,5,5,0,8,12,0,8,12,0,36,7,0,"","","+8 au score de hâte et +12 à l'Endurance","","","","","","","","","","","","","",0xFF01FE,0,0,40091,0,0,0,0,
3505,0,5,5,0,8,8,0,8,8,0,5,6,0,"","","+8 à l'Intelligence et +8 à l'Esprit","","","","","","","","","","","","","",0xFF01FE,0,0,40092,0,0,0,0,
3506,0,5,5,0,8,8,0,8,8,0,32,6,0,"","","+8 au score de coup critique et +8 à l'Esprit","","","","","","","","","","","","","",0xFF01FE,0,0,40095,0,0,0,0,
3507,0,5,5,0,8,8,0,8,8,0,31,6,0,"","","+8 au score de toucher et +8 à l'Esprit","","","","","","","","","","","","","",0xFF01FE,0,0,40099,0,0,0,0,
3508,0,5,5,0,8,8,0,8,8,0,35,6,0,"","","+8 au score de résilience et +8 à l'Esprit","","","","","","","","","","","","","",0xFF01FE,0,0,40102,0,0,0,0,
3509,0,5,5,0,8,8,0,8,8,0,36,6,0,"","","+8 au score de hâte et +8 à l'Esprit","","","","","","","","","","","","","",0xFF01FE,0,0,40104,0,0,0,0,
3510,0,5,5,0,8,4,0,8,4,0,5,43,0,"","","+8 à l'Intelligence et +4 points de mana toutes les 5 secondes","","","","","","","","","","","","","",0xFF01FE,0,0,40094,0,0,0,0,
3511,0,5,5,0,8,4,0,8,4,0,32,43,0,"","","+8 au score de coup critique et +4 points de mana toutes les 5 secondes","","","","","","","","","","","","","",0xFF01FE,0,0,40096,0,0,0,0,
3512,0,5,5,0,8,4,0,8,4,0,31,43,0,"","","+8 au score de toucher et +4 points de mana toutes les 5 secondes","","","","","","","","","","","","","",0xFF01FE,0,0,40100,0,0,0,0,
3513,0,5,5,0,8,4,0,8,4,0,35,43,0,"","","+8 au score de résilience et +4 points de mana toutes les 5 secondes","","","","","","","","","","","","","",0xFF01FE,0,0,40103,0,0,0,0,
3514,0,5,5,0,8,4,0,8,4,0,36,43,0,"","","+8 au score de hâte et +4 points de mana toutes les 5 secondes","","","","","","","","","","","","","",0xFF01FE,0,0,40105,0,0,0,0,
3515,0,5,3,0,8,8,0,8,8,0,32,25975,0,"","","+8 au score de coup critique et +10 à la pénétration des sorts","","","","","","","","","","","","","",0xFF01FE,0,0,40098,0,0,0,0,
3516,0,5,3,0,8,8,0,8,8,0,31,25975,0,"","","+8 au score de toucher et +10 à la pénétration des sorts","","","","","","","","","","","","","",0xFF01FE,0,0,40101,0,0,0,0,
3517,0,5,3,0,8,8,0,8,8,0,36,25975,0,"","","+8 au score de hâte et +10 à la pénétration des sorts","","","","","","","","","","","","","",0xFF01FE,0,0,40106,0,0,0,0,
3518,0,5,0,0,20,0,0,20,0,0,4,0,0,"","","+20 Force","","","","","","","","","","","","","",0xFF01FE,0,0,40111,0,0,0,0,
3519,0,5,0,0,20,0,0,20,0,0,3,0,0,"","","+20 Agilité","","","","","","","","","","","","","",0xFF01FE,0,0,40112,0,0,0,0,
3520,0,5,0,0,23,0,0,23,0,0,45,0,0,"","","+23 à la puissance des sorts","","","","","","","","","","","","","",0xFF01FE,0,0,40113,0,0,0,0,
3521,0,5,0,0,40,0,0,40,0,0,38,0,0,"","","+40 à la puissance d'attaque","","","","","","","","","","","","","",0xFF01FE,0,0,40114,0,0,0,0,
3522,0,5,0,0,20,0,0,20,0,0,13,0,0,"","","+20 au score d'esquive","","","","","","","","","","","","","",0xFF01FE,0,0,40115,0,0,0,0,
3523,0,5,0,0,20,0,0,20,0,0,14,0,0,"","","+20 au score de parade","","","","","","","","","","","","","",0xFF01FE,0,0,40116,0,0,0,0,
3524,0,5,0,0,20,0,0,20,0,0,37,0,0,"","","+20 au score d'expertise","","","","","","","","","","","","","",0xFF01FE,0,0,40118,0,0,0,0,
3525,0,5,0,0,20,0,0,20,0,0,44,0,0,"","","+20 au score de pénétration d'armure","","","","","","","","","","","","","",0xFF01FE,0,0,40117,0,0,0,0,
3526,0,5,0,0,20,0,0,20,0,0,5,0,0,"","","+20 Intelligence","","","","","","","","","","","","","",0xFF01FE,0,0,40123,0,0,0,0,
3527,0,5,0,0,20,0,0,20,0,0,32,0,0,"","","+20 au score de coup critique","","","","","","","","","","","","","",0xFF01FE,0,0,40124,0,0,0,0,
3528,0,5,0,0,20,0,0,20,0,0,31,0,0,"","","+20 au score de toucher","","","","","","","","","","","","","",0xFF01FE,0,0,40125,0,0,0,0,
3529,0,5,0,0,20,0,0,20,0,0,12,0,0,"","","+20 au score de défense","","","","","","","","","","","","","",0xFF01FE,0,0,40126,0,0,0,0,
3530,0,5,0,0,20,0,0,20,0,0,35,0,0,"","","+20 au score de résilience","","","","","","","","","","","","","",0xFF01FE,0,0,40127,0,0,0,0,
3531,0,5,0,0,20,0,0,20,0,0,36,0,0,"","","+20 au score de hâte","","","","","","","","","","","","","",0xFF01FE,0,0,40128,0,0,0,0,
3532,0,5,0,0,30,0,0,30,0,0,7,0,0,"","","+30 Endurance","","","","","","","","","","","","","",0xFF01FE,0,0,40119,0,0,0,0,
3533,0,5,0,0,20,0,0,20,0,0,6,0,0,"","","+20 Esprit","","","","","","","","","","","","","",0xFF01FE,0,0,40120,0,0,0,0,
3534,0,5,0,0,10,0,0,10,0,0,43,0,0,"","","+10 points de mana toutes les 5 secondes","","","","","","","","","","","","","",0xFF01FE,0,0,40121,0,0,0,0,
3535,0,3,0,0,20,0,0,20,0,0,28799,0,0,"","","+25 à la pénétration des sorts","","","","","","","","","","","","","",0xFF01FE,0,0,40122,0,0,0,0,
3536,0,5,5,0,10,15,0,10,15,0,4,7,0,"","","+10 Force et +15 à l'Endurance","","","","","","","","","","","","","",0xFF01FE,0,0,40129,0,0,0,0,
3537,0,5,5,0,10,15,0,10,15,0,3,7,0,"","","+10 à l'Agilité et +15 à l'Endurance","","","","","","","","","","","","","",0xFF01FE,0,0,40130,0,0,0,0,
3538,0,5,5,0,12,15,0,12,15,0,45,7,0,"","","+12 à la puissance des sorts et +15 à l'Endurance","","","","","","","","","","","","","",0xFF01FE,0,0,40132,0,0,0,0,
3539,0,5,5,0,20,15,0,20,15,0,38,7,0,"","","+20 à la puissance d'attaque et +15 à l'Endurance","","","","","","","","","","","","","",0xFF01FE,0,0,40136,0,0,0,0,
3540,0,5,5,0,10,15,0,10,15,0,13,7,0,"","","+10 au score d'esquive et +15 à l'Endurance","","","","","","","","","","","","","",0xFF01FE,0,0,40138,0,0,0,0,
3541,0,5,5,0,10,15,0,10,15,0,14,7,0,"","","+10 au score de parade et +15 à l'Endurance","","","","","","","","","","","","","",0xFF01FE,0,0,40139,0,0,0,0,
3542,0,5,5,0,10,15,0,10,15,0,37,7,0,"","","+10 au score d'expertise et +15 à l'Endurance","","","","","","","","","","","","","",0xFF01FE,0,0,40141,0,0,0,0,
3543,0,5,5,0,10,15,0,10,15,0,44,7,0,"","","+10 au score de pénétration d'armure et +15 à l'Endurance","","","","","","","","","","","","","",0xFF01FE,0,0,40140,0,0,0,0,
3544,0,5,5,0,10,5,0,10,5,0,3,43,0,"","","+10 à l'Agilité et +5 points de mana toutes les 5 secondes","","","","","","","","","","","","","",0xFF01FE,0,0,40131,0,0,0,0,
3545,0,5,5,0,12,10,0,12,10,0,45,6,0,"","","+12 à la puissance des sorts et +10 à l'Esprit","","","","","","","","","","","","","",0xFF01FE,0,0,40133,0,0,0,0,
3546,0,5,5,0,12,5,0,12,5,0,45,43,0,"","","+12 à la puissance des sorts et +5 points de mana toutes les 5 secondes","","","","","","","","","","","","","",0xFF01FE,0,0,40134,0,0,0,0,
3547,0,5,5,0,20,5,0,20,5,0,38,43,0,"","","+20 à la puissance d'attaque et +5 points de mana toutes les 5 secondes","","","","","","","","","","","","","",0xFF01FE,0,0,40137,0,0,0,0,
3548,0,5,3,0,12,10,0,12,10,0,45,28680,0,"","","+12 à la puissance des sorts et +13 à la pénétration des sorts","","","","","","","","","","","","","",0xFF01FE,0,0,40135,0,0,0,0,
3549,0,5,5,0,10,10,0,10,10,0,4,32,0,"","","+10 Force et +10 au score de coup critique","","","","","","","","","","","","","",0xFF01FE,0,0,40142,0,0,0,0,
3550,0,5,5,0,10,10,0,10,10,0,4,31,0,"","","+10 Force et +10 au score de toucher","","","","","","","","","","","","","",0xFF01FE,0,0,40143,0,0,0,0,
3551,0,5,5,0,10,10,0,10,10,0,4,12,0,"","","+10 Force et +10 au score de défense","","","","","","","","","","","","","",0xFF01FE,0,0,40144,0,0,0,0,
3552,0,5,5,0,10,10,0,10,10,0,4,35,0,"","","+10 Force et +10 au score de résilience","","","","","","","","","","","","","",0xFF01FE,0,0,40145,0,0,0,0,
3553,0,5,5,0,10,10,0,10,10,0,4,36,0,"","","+10 Force et +10 au score de hâte","","","","","","","","","","","","","",0xFF01FE,0,0,40146,0,0,0,0,
3554,0,5,5,0,10,10,0,10,10,0,3,32,0,"","","+10 à l'Agilité et +10 au score de coup critique","","","","","","","","","","","","","",0xFF01FE,0,0,40147,0,0,0,0,
3555,0,5,5,0,10,10,0,10,10,0,3,31,0,"","","+10 à l'Agilité et +10 au score de toucher","","","","","","","","","","","","","",0xFF01FE,0,0,40148,0,0,0,0,
3556,0,5,5,0,10,10,0,10,10,0,3,35,0,"","","+10 à l'Agilité et +10 au score de résilience","","","","","","","","","","","","","",0xFF01FE,0,0,40149,0,0,0,0,
3557,0,5,5,0,10,10,0,10,10,0,3,36,0,"","","+10 à l'Agilité et +10 au score de hâte","","","","","","","","","","","","","",0xFF01FE,0,0,40150,0,0,0,0,
3558,0,5,5,0,12,10,0,12,10,0,45,5,0,"","","+12 à la puissance des sorts et +10 à l'Intelligence","","","","","","","","","","","","","",0xFF01FE,0,0,40151,0,0,0,0,
3559,0,5,5,0,12,10,0,12,10,0,45,32,0,"","","+12 à la puissance des sorts et +10 au score de coup critique","","","","","","","","","","","","","",0xFF01FE,0,0,40152,0,0,0,0,
3560,0,5,5,0,12,10,0,12,10,0,45,31,0,"","","+12 à la puissance des sorts et +10 au score de toucher","","","","","","","","","","","","","",0xFF01FE,0,0,40153,0,0,0,0,
3561,0,5,5,0,12,10,0,12,10,0,45,35,0,"","","+12 à la puissance des sorts et +10 au score de résilience","","","","","","","","","","","","","",0xFF01FE,0,0,40154,0,0,0,0,
3563,0,5,5,0,12,10,0,12,10,0,45,36,0,"","","+12 à la puissance des sorts et +10 au score de hâte","","","","","","","","","","","","","",0xFF01FE,0,0,40155,0,0,0,0,
3564,0,5,5,0,20,10,0,20,10,0,38,32,0,"","","+20 à la puissance d'attaque et +10 au score de coup critique","","","","","","","","","","","","","",0xFF01FE,0,0,40156,0,0,0,0,
3565,0,5,5,0,20,10,0,20,10,0,38,31,0,"","","+20 à la puissance d'attaque et +10 au score de toucher","","","","","","","","","","","","","",0xFF01FE,0,0,40157,0,0,0,0,
3566,0,5,5,0,20,10,0,20,10,0,38,35,0,"","","+20 à la puissance d'attaque et +10 au score de résilience","","","","","","","","","","","","","",0xFF01FE,0,0,40158,0,0,0,0,
3567,0,5,5,0,20,10,0,20,10,0,38,36,0,"","","+20 à la puissance d'attaque et +10 au score de hâte","","","","","","","","","","","","","",0xFF01FE,0,0,40159,0,0,0,0,
3568,0,5,5,0,10,10,0,10,10,0,13,12,0,"","","+10 au score d'esquive et +10 au score de défense","","","","","","","","","","","","","",0xFF01FE,0,0,40160,0,0,0,0,
3569,0,5,5,0,10,10,0,10,10,0,14,12,0,"","","+10 au score de parade et +10 au score de défense","","","","","","","","","","","","","",0xFF01FE,0,0,40161,0,0,0,0,
3570,0,5,5,0,10,10,0,10,10,0,37,31,0,"","","+10 au score d'expertise et +10 au score de toucher","","","","","","","","","","","","","",0xFF01FE,0,0,40162,0,0,0,0,
3571,0,5,5,0,10,10,0,10,10,0,37,12,0,"","","+10 au score d'expertise et +10 au score de défense","","","","","","","","","","","","","",0xFF01FE,0,0,40163,0,0,0,0,
3572,0,5,5,0,10,15,0,10,15,0,5,7,0,"","","+10 Intelligence et +15 à l'Endurance","","","","","","","","","","","","","",0xFF01FE,0,0,40164,0,0,0,0,
3573,0,5,5,0,10,15,0,10,15,0,32,7,0,"","","+10 au score de coup critique et +15 à l'Endurance","","","","","","","","","","","","","",0xFF01FE,0,0,40165,0,0,0,0,
3574,0,5,5,0,10,15,0,10,15,0,31,7,0,"","","+10 au score de toucher et +15 à l'Endurance","","","","","","","","","","","","","",0xFF01FE,0,0,40166,0,0,0,0,
3575,0,5,5,0,10,15,0,10,15,0,12,7,0,"","","+10 au score de défense et +15 à l'Endurance","","","","","","","","","","","","","",0xFF01FE,0,0,40167,0,0,0,0,
3576,0,5,5,0,10,15,0,10,15,0,35,7,0,"","","+10 au score de résilience et +15 à l'Endurance","","","","","","","","","","","","","",0xFF01FE,0,0,40168,0,0,0,0,
3577,0,5,5,0,10,15,0,10,15,0,36,7,0,"","","+10 au score de hâte et +15 à l'Endurance","","","","","","","","","","","","","",0xFF01FE,0,0,40169,0,0,0,0,
3578,0,5,5,0,10,10,0,10,10,0,5,6,0,"","","+10 Intelligence et +10 à l'Esprit","","","","","","","","","","","","","",0xFF01FE,0,0,40170,0,0,0,0,
3579,0,5,5,0,10,10,0,10,10,0,32,6,0,"","","+10 au score de coup critique et +10 à l'Esprit","","","","","","","","","","","","","",0xFF01FE,0,0,40171,0,0,0,0,
3580,0,5,5,0,10,10,0,10,10,0,31,6,0,"","","+10 au score de toucher et +10 à l'Esprit","","","","","","","","","","","","","",0xFF01FE,0,0,40172,0,0,0,0,
3581,0,5,5,0,10,10,0,10,10,0,35,6,0,"","","+10 au score de résilience et +10 à l'Esprit","","","","","","","","","","","","","",0xFF01FE,0,0,40173,0,0,0,0,
3582,0,5,5,0,10,10,0,10,10,0,36,6,0,"","","+10 au score de hâte et +10 à l'Esprit","","","","","","","","","","","","","",0xFF01FE,0,0,40174,0,0,0,0,
3583,0,5,5,0,10,5,0,10,5,0,5,43,0,"","","+10 Intelligence et +5 points de mana toutes les 5 secondes","","","","","","","","","","","","","",0xFF01FE,0,0,40175,0,0,0,0,
3584,0,5,5,0,10,5,0,10,5,0,32,43,0,"","","+10 au score de coup critique et +5 points de mana toutes les 5 secondes","","","","","","","","","","","","","",0xFF01FE,0,0,40176,0,0,0,0,
3585,0,5,5,0,10,5,0,10,5,0,31,43,0,"","","+10 au score de toucher et +5 points de mana toutes les 5 secondes","","","","","","","","","","","","","",0xFF01FE,0,0,40177,0,0,0,0,
3586,0,5,5,0,10,5,0,10,5,0,35,43,0,"","","+10 au score de résilience et +5 points de mana toutes les 5 secondes","","","","","","","","","","","","","",0xFF01FE,0,0,40178,0,0,0,0,
3587,0,5,5,0,10,5,0,10,5,0,36,43,0,"","","+10 au score de hâte et +5 points de mana toutes les 5 secondes","","","","","","","","","","","","","",0xFF01FE,0,0,40179,0,0,0,0,
3588,0,5,3,0,10,10,0,10,10,0,32,28680,0,"","","+10 au score de coup critique et +13 à la pénétration des sorts","","","","","","","","","","","","","",0xFF01FE,0,0,40180,0,0,0,0,
3589,0,5,3,0,10,10,0,10,10,0,31,28680,0,"","","+10 au score de toucher et +13 à la pénétration des sorts","","","","","","","","","","","","","",0xFF01FE,0,0,40181,0,0,0,0,
3590,0,5,3,0,10,10,0,10,10,0,36,28680,0,"","","+10 au score de hâte et +13 à la pénétration des sorts","","","","","","","","","","","","","",0xFF01FE,0,0,40182,0,0,0,0,
3591,0,5,5,0,4,2,0,4,2,0,5,43,0,"","","Test +4 Intelligence et +2 points de mana toutes les 5 secondes","","","","","","","","","","","","","",0xFF01FE,0,0,40232,0,165,100,0,
3592,0,3,0,0,0,0,0,0,0,0,54288,0,0,"","","+100 à la puissance des sorts contre les morts-vivants","","","","","","","","","","","","","",0xFF01FE,0,0,0,0,0,0,0,
3593,0,3,0,0,0,0,0,0,0,0,54289,0,0,"","","+170 à la puissance d'attaque contre les morts-vivants","","","","","","","","","","","","","",0xFF01FE,0,0,0,0,0,0,0,
3594,0,3,3,0,0,0,0,0,0,0,54448,43588,0,"","","Rune de Brise-épée","","","","","","","","","","","","","",0xFF01FE,156,1,0,0,776,0,0,
3595,0,3,3,0,0,0,0,0,0,0,54449,60209,0,"","","Rune de Brise-sort","","","","","","","","","","","","","",0xFF01FE,161,1,0,0,776,0,0,
3596,0,5,0,0,5,0,0,5,0,0,45,0,0,"","","+5 à la puissance des sorts","","","","","","","","","","","","","",0xFF01FE,0,0,0,0,0,0,0,
3597,0,3,0,0,0,0,0,0,0,0,54718,0,0,"","","Pierre de feu magistrale","","","","","","","","","","","","","",0xFF01FE,0,1,0,0,0,0,0,
3599,0,7,0,0,0,0,0,0,0,0,54735,0,0,"","","Générateur personnel de pulsation électromagnétique","","","","","","","","","","","","","",0xFF01FE,0,1,0,0,202,350,0,
3600,0,5,0,0,6,0,0,6,0,0,35,0,0,"","","+6 au score de résilience","","","","","","","","","","","","","",0xFF01FE,0,0,0,0,0,0,0,
3601,0,7,0,0,0,0,0,0,0,0,67890,30645,0,"","","Ceinture à fragmentation","","","","","","","","","","","","","",0xFF01FE,0,1,0,0,202,350,0,
3602,0,5,0,0,7,0,0,7,0,0,45,0,0,"","","+7 à la puissance des sorts","","","","","","","","","","","","","",0xFF01FE,0,0,0,0,0,0,0,
3603,0,7,0,0,0,0,0,0,0,0,54757,0,0,"","","Pyrofusée à montage manuel","","","","","","","","","","","","","",0xFF01FE,0,1,0,0,202,400,0,
3604,0,7,0,0,0,1,0,0,1,0,54758,0,0,"","","Accélérateurs hyper-stimulants","","","","","","","","","","","","","",0xFF01FE,0,1,0,0,202,400,0,
3605,0,7,5,0,0,23,0,0,23,0,55001,3,0,"","","Doublure en toile de lin","","","","","","","","","","","","","",0xFF01FE,0,1,0,0,202,350,0,
3606,0,7,5,0,0,24,0,0,24,0,55004,32,31,"","","+24 au score de coup critique","","","","","","","","","","","","","",0xFF01FE,0,1,0,0,202,400,0,
3607,0,5,0,0,40,0,0,40,0,0,29,0,0,"","","+40 au score de hâte à distance","","","","","","","","","","","","","",0xFF01FE,0,1,0,0,0,0,70,
3608,0,5,0,0,40,0,0,40,0,0,20,0,0,"","","+40 au score de coup critique à distance","","","","","","","","","","","","","",0xFF01FE,0,1,0,0,0,0,70,
3609,0,3,0,0,0,0,0,0,0,0,55146,0,0,"","","Pierre de feu inférieure","","","","","","","","","","","","","",0xFF01FE,0,1,0,0,0,0,0,
3610,0,3,0,0,0,0,0,0,0,0,55147,0,0,"","","Pierre de feu","","","","","","","","","","","","","",0xFF01FE,0,1,0,0,0,0,0,
3611,0,3,0,0,0,0,0,0,0,0,55148,0,0,"","","Pierre de feu supérieure","","","","","","","","","","","","","",0xFF01FE,0,1,0,0,0,0,0,
3612,0,3,0,0,0,0,0,0,0,0,55149,0,0,"","","Pierre de feu majeure","","","","","","","","","","","","","",0xFF01FE,0,1,0,0,0,0,0,
3613,0,3,1,0,0,0,0,0,0,0,55150,55157,0,"","","Pierre de feu gangrenée","","","","","","","","","","","","","",0xFF01FE,0,1,0,0,0,0,0,
3614,0,3,0,0,0,0,0,0,0,0,55151,0,0,"","","Pierre de feu grandiose","","","","","","","","","","","","","",0xFF01FE,0,1,0,0,0,0,0,
3615,0,3,0,0,0,0,0,0,0,0,55172,17809,0,"","","Pierre de sort","","","","","","","","","","","","","",0xFF01FE,0,1,0,0,0,0,0,
3616,0,3,0,0,0,0,0,0,0,0,55176,17809,0,"","","Pierre de sort supérieure","","","","","","","","","","","","","",0xFF01FE,0,1,0,0,0,0,0,
3617,0,3,0,0,0,0,0,0,0,0,55180,17809,0,"","","Pierre de sort majeure","","","","","","","","","","","","","",0xFF01FE,0,1,0,0,0,0,0,
3618,0,3,0,0,0,0,0,0,0,0,55189,17809,0,"","","Pierre de sort magistrale","","","","","","","","","","","","","",0xFF01FE,0,1,0,0,0,0,0,
3619,0,3,0,0,0,0,0,0,0,0,55191,17809,0,"","","Pierre de sort démoniaque","","","","","","","","","","","","","",0xFF01FE,0,1,0,0,0,0,0,
3620,0,3,0,0,0,0,0,0,0,0,55195,17809,0,"","","Pierre de sort grandiose","","","","","","","","","","","","","",0xFF01FE,0,1,0,0,0,0,0,
3621,0,5,3,0,21,0,0,21,0,0,32,44797,0,"","","+21 au score de coup critique et dégâts des critiques augmentés de 3%","","","","","","","","","","","","","",0xFF01FE,0,0,41285,142,0,0,0,
3622,0,5,3,0,25,0,0,25,0,0,32,11818,0,"","","+25 au score de coup critique et 1% au renvoi des sorts","","","","","","","","","","","","","",0xFF01FE,0,0,41307,143,0,0,0,
3623,0,5,3,0,25,0,0,25,0,0,45,55275,0,"","","+25 à la puissance des sorts et +2% à l'Intelligence","","","","","","","","","","","","","",0xFF01FE,0,0,41333,144,0,0,0,
3624,0,5,3,0,21,0,0,21,0,0,32,55378,0,"","","+21 au score de coup critique et durée de Ralentir et Immobiliser réduite de 10%","","","","","","","","","","","","","",0xFF01FE,0,0,41335,145,0,0,0,
3625,0,5,3,0,42,0,0,42,0,0,38,23990,0,"","","+42 à la puissance d'attaque et légère augmentation de la vitesse de course","","","","","","","","","","","","","",0xFF01FE,0,0,41339,150,0,0,0,
3626,0,5,3,0,25,0,0,25,0,0,45,32842,0,"","","+25 à la puissance des sorts et menace réduite de 2%","","","","","","","","","","","","","",0xFF01FE,0,0,41395,141,0,0,0,
3627,0,5,3,0,21,0,0,21,0,0,5,55381,0,"","","+21 à l'Intelligence et une chance de rendre du mana lors des incantations","","","","","","","","","","","","","",0xFF01FE,0,0,41401,147,0,0,0,
3628,0,5,3,0,21,0,0,21,0,0,3,39957,0,"","","+21 à l'Agilité & dégâts des critiques augmentés de 3%","","","","","","","","","","","","","",0xFF01FE,0,0,41398,149,0,0,0,
3630,0,5,3,0,21,0,0,21,0,0,12,32844,0,"","","+21 au score de défense et une chance de rendre des points de vie au toucher","","","","","","","","","","","","","",0xFF01FE,0,0,0,0,0,0,0,
3631,0,5,3,0,21,0,0,21,0,0,12,55283,0,"","","+21 au score de défense et +5% à la valeur de blocage du bouclier","","","","","","","","","","","","","",0xFF01FE,0,0,41396,146,0,0,0,
3632,0,5,3,0,25,0,0,25,0,0,45,23990,0,"","","+25 à la puissance des sorts et augmentation de la Vitesse de course mineure","","","","","","","","","","","","","",0xFF01FE,0,0,41375,192,0,0,0,
3633,0,5,3,0,11,0,0,11,0,0,43,55256,0,"","","+11 points de mana toutes les 5 secondes et effets de soin critiques augmentés de 3%","","","","","","","","","","","","","",0xFF01FE,0,0,41376,161,0,0,0,
3634,0,5,3,0,32,0,0,32,0,0,7,55345,0,"","","+32 Endurance et réduit les dégâts des sorts reçus de 2%","","","","","","","","","","","","","",0xFF01FE,0,0,41377,154,0,0,0,
3635,0,5,3,0,25,0,0,25,0,0,45,55366,0,"","","+25 à la puissance des sorts et durée de Silence réduite de 10%","","","","","","","","","","","","","",0xFF01FE,0,0,41378,155,0,0,0,
3636,0,5,3,0,21,0,0,21,0,0,32,55357,0,"","","+21 au score de coup critique et durée de Peur réduite de 10%","","","","","","","","","","","","","",0xFF01FE,0,0,41379,156,0,0,0,
3637,0,5,3,0,32,0,0,32,0,0,7,55344,0,"","","+32 Endurance et augmente de 2% la valeur d'armure des objets","","","","","","","","","","","","","",0xFF01FE,0,0,41380,152,0,0,0,
3638,0,5,3,0,42,0,0,42,0,0,38,55358,0,"","","+42 à la puissance d'attaque et durée de Etourdir réduite de 10%","","","","","","","","","","","","","",0xFF01FE,0,0,41381,158,0,0,0,
3639,0,5,3,0,25,0,0,25,0,0,45,55358,0,"","","+25 à la puissance des sort et durée de Etourdir réduite de 10%","","","","","","","","","","","","","",0xFF01FE,0,0,41382,159,0,0,0,
3640,0,5,3,0,42,0,0,42,0,0,38,61356,0,"","","+42 à la puissance d'attaque et régénère parfois vos points de vie quand critique","","","","","","","","","","","","","",0xFF01FE,0,0,41385,157,0,0,0,
3641,0,5,3,0,21,0,0,21,0,0,32,55337,0,"","","+21 au score de coup critique et +2% aux points de mana","","","","","","","","","","","","","",0xFF01FE,0,0,41389,153,0,0,0,
3642,0,5,3,0,32,0,0,32,0,0,7,55358,0,"","","+32 Endurance et durée de Etourdir réduite de 10%","","","","","","","","","","","","","",0xFF01FE,0,0,41397,148,0,0,0,
3643,0,3,0,0,16,0,0,16,0,0,55380,39958,0,"","","Chance d'augmenter la vitesse d'attaque en mêlée/à distance","","","","","","","","","","","","","",0xFF01FE,0,0,41400,151,0,0,0,
3644,0,5,0,0,14,0,0,14,0,0,3,0,0,"","","+14 Agilité","","","","","","","","","","","","","",0xFF01FE,0,0,41434,0,0,0,0,
3646,0,5,0,0,14,0,0,14,0,0,13,0,0,"","","+14 au score d'esquive","","","","","","","","","","","","","",0xFF01FE,0,0,41439,0,0,0,0,
3647,0,5,0,0,14,0,0,14,0,0,37,0,0,"","","+14 au score d'expertise","","","","","","","","","","","","","",0xFF01FE,0,0,41437,0,0,0,0,
3648,0,5,0,0,14,0,0,14,0,0,14,0,0,"","","+14 au score de parade","","","","","","","","","","","","","",0xFF01FE,0,0,41435,0,0,0,0,
3649,0,5,0,0,14,0,0,14,0,0,4,0,0,"","","+14 Force","","","","","","","","","","","","","",0xFF01FE,0,0,41432,0,0,0,0,
3650,0,5,0,0,16,0,0,16,0,0,45,0,0,"","","+16 à la puissance des sorts","","","","","","","","","","","","","",0xFF01FE,0,0,41438,0,0,0,0,
3651,0,5,0,0,28,0,0,28,0,0,38,0,0,"","","+28 à la puissance d'attaque","","","","","","","","","","","","","",0xFF01FE,0,0,41433,0,0,0,0,
3652,0,5,0,0,14,0,0,14,0,0,44,0,0,"","","+14 au score de pénétration d'armure","","","","","","","","","","","","","",0xFF01FE,0,0,41436,0,0,0,0,
3653,0,5,0,0,14,0,0,14,0,0,6,0,0,"","","+14 Esprit","","","","","","","","","","","","","",0xFF01FE,0,0,41442,0,0,0,0,
3654,0,5,0,0,7,0,0,7,0,0,43,0,0,"","","+7 points de mana toutes les 5 secondes","","","","","","","","","","","","","",0xFF01FE,0,0,41440,0,0,0,0,
3655,0,5,0,0,21,0,0,21,0,0,7,0,0,"","","+21 Endurance","","","","","","","","","","","","","",0xFF01FE,0,0,41441,0,0,0,0,
3656,0,3,0,0,14,0,0,14,0,0,33491,0,0,"","","+18 à la pénétration des sorts","","","","","","","","","","","","","",0xFF01FE,0,0,41443,0,0,0,0,
3657,0,5,0,0,14,0,0,14,0,0,32,0,0,"","","+14 au score de coup critique","","","","","","","","","","","","","",0xFF01FE,0,0,41448,0,0,0,0,
3658,0,5,0,0,14,0,0,14,0,0,12,0,0,"","","+14 au score de défense","","","","","","","","","","","","","",0xFF01FE,0,0,41449,0,0,0,0,
3659,0,5,0,0,14,0,0,14,0,0,36,0,0,"","","+14 au score de hâte","","","","","","","","","","","","","",0xFF01FE,0,0,41446,0,0,0,0,
3660,0,5,0,0,14,0,0,14,0,0,31,0,0,"","","+14 au score de toucher","","","","","","","","","","","","","",0xFF01FE,0,0,41447,0,0,0,0,
3661,0,5,0,0,14,0,0,14,0,0,5,0,0,"","","+14 Intelligence","","","","","","","","","","","","","",0xFF01FE,0,0,41444,0,0,0,0,
3662,0,5,0,0,14,0,0,14,0,0,35,0,0,"","","+14 au score de résilience","","","","","","","","","","","","","",0xFF01FE,0,0,41445,0,0,0,0,
3663,0,5,5,0,14,4,0,14,4,0,38,43,0,"","","+14 à la puissance d'attaque et +4 points de mana toutes les 5 sec.","","","","","","","","","","","","","",0xFF01FE,0,0,41454,0,0,0,0,
3664,0,5,5,0,14,11,0,14,11,0,38,7,0,"","","+14 à la puissance d'attaque et +11 Endurance","","","","","","","","","","","","","",0xFF01FE,0,0,41450,0,0,0,0,
3665,0,3,5,0,7,11,0,7,11,0,43901,7,0,"","","+7 au score de pénétration d'armure et +11 Endurance","","","","","","","","","","","","","",0xFF01FE,0,0,41456,0,0,0,0,
3666,0,5,5,0,7,4,0,7,4,0,3,43,0,"","","+7 Agilité et +4 points de mana toutes les 5 secondes","","","","","","","","","","","","","",0xFF01FE,0,0,41462,0,0,0,0,
3667,0,5,5,0,7,11,0,7,11,0,3,7,0,"","","+7 Agilité et +11 Endurance","","","","","","","","","","","","","",0xFF01FE,0,0,41460,0,0,0,0,
3668,0,5,5,0,7,11,0,7,11,0,13,7,0,"","","+7 au score d'esquive et +11 Endurance","","","","","","","","","","","","","",0xFF01FE,0,0,41458,0,0,0,0,
3669,0,5,5,0,7,11,0,7,11,0,37,7,0,"","","+7 au score d'expertise et +11 Endurance","","","","","","","","","","","","","",0xFF01FE,0,0,41453,0,0,0,0,
3670,0,5,5,0,7,11,0,7,11,0,14,7,0,"","","+7 au score de parade et +11 Endurance","","","","","","","","","","","","","",0xFF01FE,0,0,41451,0,0,0,0,
3671,0,5,5,0,7,11,0,7,11,0,4,7,0,"","","+7 Force et +11 Endurance","","","","","","","","","","","","","",0xFF01FE,0,0,41461,0,0,0,0,
3672,0,5,5,0,8,4,0,8,4,0,45,43,0,"","","+8 à la puissance des sorts et +4 points de mana toutes les 5 secondes","","","","","","","","","","","","","",0xFF01FE,0,0,41459,0,0,0,0,
3673,0,5,5,0,8,7,0,8,7,0,45,6,0,"","","+8 à la puissance des sorts et +7 Esprit","","","","","","","","","","","","","",0xFF01FE,0,0,41457,0,0,0,0,
3674,0,5,3,0,8,7,0,8,7,0,45,55478,0,"","","+8 à la puissance des sorts et +9 à la pénétration des sorts","","","","","","","","","","","","","",0xFF01FE,0,0,41455,0,0,0,0,
3675,0,5,5,0,8,11,0,8,11,0,45,7,0,"","","+8 à la puissance des sorts et +11 Endurance","","","","","","","","","","","","","",0xFF01FE,0,0,41452,0,0,0,0,
3676,0,5,5,0,14,7,0,14,7,0,38,32,0,"","","+14 à la puissance d'attaque et +7 au score de coup critique (VIEUX)","","","","","","","","","","","","","",0xFF01FE,0,0,0,0,0,0,0,
3677,0,5,5,0,7,7,0,7,7,0,3,36,0,"","","+7 Agilité et +7 au score de hâte","","","","","","","","","","","","","",0xFF01FE,0,0,41485,0,0,0,0,
3678,0,5,5,0,14,7,0,14,7,0,38,36,0,"","","+14 à la puissance d'attaque et +7 au score de hâte","","","","","","","","","","","","","",0xFF01FE,0,0,41501,0,0,0,0,
3679,0,5,5,0,14,7,0,14,7,0,38,31,0,"","","+14 à la puissance d'attaque et +7 au score de toucher","","","","","","","","","","","","","",0xFF01FE,0,0,41496,0,0,0,0,
3680,0,5,5,0,14,7,0,14,7,0,38,35,0,"","","+14 à la puissance d'attaque et +7 au score de résilience","","","","","","","","","","","","","",0xFF01FE,0,0,41487,0,0,0,0,
3681,0,5,5,0,7,7,0,7,7,0,4,32,0,"","","+7 Force et +7 au score de coup critique","","","","","","","","","","","","","",0xFF01FE,0,0,41492,0,0,0,0,
3682,0,5,5,0,7,7,0,7,7,0,4,31,0,"","","+7 Force et +7 au score de toucher","","","","","","","","","","","","","",0xFF01FE,0,0,41488,0,0,0,0,
3683,0,5,5,0,7,7,0,7,7,0,4,12,0,"","","+7 Force et +7 au score de défense","","","","","","","","","","","","","",0xFF01FE,0,0,41483,0,0,0,0,
3684,0,5,5,0,7,7,0,7,7,0,4,35,0,"","","+7 Force et +7 au score de résilience","","","","","","","","","","","","","",0xFF01FE,0,0,41499,0,0,0,0,
3685,0,5,5,0,7,7,0,7,7,0,4,36,0,"","","+7 Force et +7 au score de hâte","","","","","","","","","","","","","",0xFF01FE,0,0,41489,0,0,0,0,
3686,0,5,5,0,7,7,0,7,7,0,3,32,0,"","","+7 Agilité et +7 au score de coup critique","","","","","","","","","","","","","",0xFF01FE,0,0,41484,0,0,0,0,
3687,0,5,5,0,7,7,0,7,7,0,3,31,0,"","","+7 Agilité et +7 au score de toucher","","","","","","","","","","","","","",0xFF01FE,0,0,41491,0,0,0,0,
3688,0,5,5,0,7,7,0,7,7,0,3,35,0,"","","+7 Agilité et +7 au score de résilience","","","","","","","","","","","","","",0xFF01FE,0,0,41493,0,0,0,0,
3689,0,5,5,0,8,7,0,8,7,0,45,5,0,"","","+8 à la puissance des sorts et +7 Intelligence","","","","","","","","","","","","","",0xFF01FE,0,0,41494,0,0,0,0,
3690,0,5,5,0,8,7,0,8,7,0,45,32,0,"","","+8 à la puissance des sorts et +7 au score de coup critique","","","","","","","","","","","","","",0xFF01FE,0,0,41495,0,0,0,0,
3691,0,5,5,0,8,7,0,8,7,0,45,31,0,"","","+8 à la puissance des sorts et +7 au score de toucher","","","","","","","","","","","","","",0xFF01FE,0,0,41502,0,0,0,0,
3692,0,5,5,0,8,7,0,8,7,0,45,35,0,"","","+8 à la puissance des sorts et +7 au score de résilience","","","","","","","","","","","","","",0xFF01FE,0,0,41486,0,0,0,0,
3693,0,5,5,0,8,7,0,8,7,0,45,36,0,"","","+8 à la puissance des sorts et +7 au score de hâte","","","","","","","","","","","","","",0xFF01FE,0,0,41497,0,0,0,0,
3694,0,5,5,0,7,7,0,7,7,0,13,12,0,"","","+7 au score d'esquive et +7 au score de défense","","","","","","","","","","","","","",0xFF01FE,0,0,41500,0,0,0,0,
3695,0,5,5,0,7,7,0,7,7,0,14,12,0,"","","+7 au score de parade et +7 au score de défense","","","","","","","","","","","","","",0xFF01FE,0,0,41490,0,0,0,0,
3696,0,5,5,0,7,7,0,7,7,0,37,31,0,"","","+7 au score d'expertise et +7 au score de toucher","","","","","","","","","","","","","",0xFF01FE,0,0,41482,0,0,0,0,
3697,0,5,5,0,7,7,0,7,7,0,37,12,0,"","","+7 au score d'expertise et +7 au score de défense","","","","","","","","","","","","","",0xFF01FE,0,0,41498,0,0,0,0,
3698,0,5,5,0,7,7,0,7,7,0,32,6,0,"","","+7 au score de coup critique et +7 Esprit","","","","","","","","","","","","","",0xFF01FE,0,0,41470,0,0,0,0,
3699,0,5,5,0,7,11,0,7,11,0,32,7,0,"","","+7 au score de coup critique et +11 Endurance","","","","","","","","","","","","","",0xFF01FE,0,0,41468,0,0,0,0,
3700,0,5,5,0,7,11,0,7,11,0,12,7,0,"","","+7 au score de défense et +11 Endurance","","","","","","","","","","","","","",0xFF01FE,0,0,41464,0,0,0,0,
3701,0,5,5,0,7,7,0,7,7,0,36,6,0,"","","+7 au score de hâte et +7 Esprit","","","","","","","","","","","","","",0xFF01FE,0,0,41467,0,0,0,0,
3702,0,5,5,0,7,11,0,7,11,0,36,7,0,"","","+7 au score de hâte et +11 Endurance","","","","","","","","","","","","","",0xFF01FE,0,0,41466,0,0,0,0,
3703,0,5,5,0,7,7,0,7,7,0,31,6,0,"","","+7 au score de toucher et +7 Esprit","","","","","","","","","","","","","",0xFF01FE,0,0,41475,0,0,0,0,
3704,0,5,5,0,7,11,0,7,11,0,31,7,0,"","","+7 au score de toucher et +11 Endurance","","","","","","","","","","","","","",0xFF01FE,0,0,41481,0,0,0,0,
3705,0,5,5,0,7,7,0,7,7,0,5,6,0,"","","+7 Intelligence et +7 Esprit","","","","","","","","","","","","","",0xFF01FE,0,0,41473,0,0,0,0,
3706,0,5,5,0,7,11,0,7,11,0,5,7,0,"","","+7 Intelligence et +11 Endurance","","","","","","","","","","","","","",0xFF01FE,0,0,41479,0,0,0,0,
3707,0,5,5,0,7,7,0,7,7,0,35,6,0,"","","+7 au score de résilience et +7 Esprit","","","","","","","","","","","","","",0xFF01FE,0,0,41480,0,0,0,0,
3708,0,5,5,0,7,11,0,7,11,0,35,7,0,"","","+7 au score de résilience et +11 Endurance","","","","","","","","","","","","","",0xFF01FE,0,0,41476,0,0,0,0,
3709,0,5,3,0,7,7,0,7,7,0,32,55478,0,"","","+7 au score de coup critique et +9 à la pénétration des sorts","","","","","","","","","","","","","",0xFF01FE,0,0,41472,0,0,0,0,
3710,0,5,5,0,7,4,0,7,4,0,32,43,0,"","","+7 au score de coup critique et +4 points de mana toutes les 5 secondes","","","","","","","","","","","","","",0xFF01FE,0,0,41477,0,0,0,0,
3711,0,5,5,0,7,4,0,7,4,0,5,43,0,"","","+7 Intelligence et +4 points de mana toutes les 5 secondes","","","","","","","","","","","","","",0xFF01FE,0,0,41463,0,0,0,0,
3712,0,5,5,0,7,4,0,7,4,0,31,43,0,"","","+7 au score de toucher et +4 points de mana toutes les 5 secondes","","","","","","","","","","","","","",0xFF01FE,0,0,41469,0,0,0,0,
3713,0,5,5,0,7,4,0,7,4,0,35,43,0,"","","+7 au score de résilience et +4 points de mana toutes les 5 secondes","","","","","","","","","","","","","",0xFF01FE,0,0,41471,0,0,0,0,
3714,0,5,5,0,7,4,0,7,4,0,36,43,0,"","","+7 au score de hâte et +4 points de mana toutes les 5 secondes","","","","","","","","","","","","","",0xFF01FE,0,0,41465,0,0,0,0,
3715,0,5,3,0,7,7,0,7,7,0,31,55478,0,"","","+7 au score de toucher et +9 à la pénétration des sorts","","","","","","","","","","","","","",0xFF01FE,0,0,41478,0,0,0,0,
3716,0,5,3,0,7,7,0,7,7,0,36,55478,0,"","","+7 au score de hâte et +9 à la pénétration des sorts","","","","","","","","","","","","","",0xFF01FE,0,0,41474,0,0,0,0,
3717,0,8,0,0,1,0,0,1,0,0,0,0,0,"","","Châsse de brassard","","","","","","","","","","","","","",0xFF01FE,0,1,0,0,164,400,0,
3718,0,5,5,0,35,12,0,35,12,0,45,6,0,"","","+35 à la puissance des sorts et +12 Esprit","","","","","","","","","","","","","",0xFF01FE,0,1,0,0,0,0,70,
3719,0,5,5,0,50,20,0,50,20,0,45,6,0,"","","+50 à la puissance des sorts et +20 Esprit","","","","","","","","","","","","","",0xFF01FE,0,1,0,0,0,0,70,
3720,0,5,5,0,35,20,0,35,20,0,45,7,0,"","","+35 à la puissance des sorts et +20 Endurance","","","","","","","","","","","","","",0xFF01FE,0,1,0,0,0,0,70,
3721,0,5,5,0,50,30,0,50,30,0,45,7,0,"","","+50 à la puissance des sorts et +30 Endurance","","","","","","","","","","","","","",0xFF01FE,0,1,0,0,0,0,70,
3722,0,3,5,0,0,1,0,0,1,0,55640,6,0,"","","Broderie tisse-lumière","","","","","","","","","","","","","",0xFF01FE,0,1,0,0,197,400,0,
3723,0,8,0,0,1,0,0,1,0,0,0,0,0,"","","Châsse de gants","","","","","","","","","","","","","",0xFF01FE,0,1,0,0,164,400,0,
3726,0,5,0,0,0,0,0,0,0,0,36,0,0,"","","+$i au score de hâte","","","","","","","","","","","","","",0xFF01FE,0,0,0,0,0,0,0,
3727,0,5,0,0,0,0,0,0,0,0,31,0,0,"","","+$i au score de toucher","","","","","","","","","","","","","",0xFF01FE,0,0,0,0,0,0,0,
3728,0,3,5,0,0,1,0,0,1,0,55768,6,0,"","","Broderie sombrelueur","","","","","","","","","","","","","",0xFF01FE,0,1,0,0,197,400,0,
3729,0,8,0,0,1,0,0,1,0,0,0,0,0,"","","Ceinture de châsse","","","","","","","","","","","","","",0xFF01FE,0,1,0,0,0,0,70,
3730,0,3,5,0,0,1,0,0,1,0,55776,6,0,"","","Broderie gardépée","","","","","","","","","","","","","",0xFF01FE,0,1,0,0,197,400,0,
3731,0,3,5,0,0,28,0,0,28,0,43588,31,0,"","","Dragonne en titane","","","","","","","","","","","","","",0xFF01FE,159,1,0,0,0,0,0,
3732,0,5,0,0,34,0,0,34,0,0,4,0,0,"","","+34 Force","","","","","","","","","","","","","",0xFF01FE,0,0,42142,0,755,350,0,
3733,0,5,0,0,34,0,0,34,0,0,3,0,0,"","","+34 Agilité","","","","","","","","","","","","","",0xFF01FE,0,0,42143,0,755,350,0,
3734,0,5,0,0,39,0,0,39,0,0,45,0,0,"","","+39 à la puissance des sorts","","","","","","","","","","","","","",0xFF01FE,0,0,42144,0,755,350,0,
3735,0,5,0,0,34,0,0,34,0,0,6,0,0,"","","+34 Esprit","","","","","","","","","","","","","",0xFF01FE,0,0,42145,0,755,350,0,
3736,0,5,0,0,17,0,0,17,0,0,43,0,0,"","","+17 points de mana toutes les 5 secondes","","","","","","","","","","","","","",0xFF01FE,0,0,42146,0,755,350,0,
3737,0,5,0,0,34,0,0,34,0,0,5,0,0,"","","+34 Intelligence","","","","","","","","","","","","","",0xFF01FE,0,0,42148,0,755,350,0,
3738,0,5,0,0,34,0,0,34,0,0,32,0,0,"","","+34 au score de coup critique","","","","","","","","","","","","","",0xFF01FE,0,0,42149,0,755,350,0,
3739,0,5,0,0,34,0,0,34,0,0,36,0,0,"","","+34 au score de hâte","","","","","","","","","","","","","",0xFF01FE,0,0,42150,0,755,350,0,
3740,0,5,0,0,34,0,0,34,0,0,13,0,0,"","","+34 au score d'esquive","","","","","","","","","","","","","",0xFF01FE,0,0,42151,0,755,350,0,
3741,0,5,0,0,34,0,0,34,0,0,14,0,0,"","","+34 au score de parade","","","","","","","","","","","","","",0xFF01FE,0,0,42152,0,755,350,0,
3742,0,5,0,0,34,0,0,34,0,0,31,0,0,"","","+34 au score de toucher","","","","","","","","","","","","","",0xFF01FE,0,0,42156,0,755,350,0,
3743,0,5,0,0,34,0,0,34,0,0,12,0,0,"","","+34 au score de défense","","","","","","","","","","","","","",0xFF01FE,0,0,42157,0,755,350,0,
3744,0,5,0,0,34,0,0,34,0,0,35,0,0,"","","+34 au score de résilience","","","","","","","","","","","","","",0xFF01FE,0,0,42158,0,755,350,0,
3745,0,5,0,0,34,0,0,34,0,0,44,0,0,"","","+34 au score de pénétration d'armure","","","","","","","","","","","","","",0xFF01FE,0,0,42153,0,755,350,0,
3746,0,5,0,0,34,0,0,34,0,0,37,0,0,"","","+34 au score d'expertise","","","","","","","","","","","","","",0xFF01FE,0,0,42154,0,755,350,0,
3747,0,3,0,0,43,0,0,43,0,0,46055,0,0,"","","+43 à la pénétration des sorts","","","","","","","","","","","","","",0xFF01FE,0,0,42155,0,755,350,0,
3748,0,3,0,0,0,0,0,0,0,0,56355,0,0,"","","Pointe en titane (45-67)","","","","","","","","","","","","","",0xFF01FE,0,1,0,0,0,0,70,
3749,0,3,0,0,0,7,0,0,7,0,56527,6,0,"","","+4 à toutes les statistiques","","","","","","","","","","","","","",0xFF01FE,0,0,42701,0,0,0,0,
3750,0,3,0,0,0,0,0,0,0,0,56529,0,0,"","","+6 à toutes les caractéristiques","","","","","","","","","","","","","",0xFF01FE,0,0,42702,0,0,0,0,
3751,0,5,0,0,6,0,0,6,0,0,12,0,0,"","","+6 au score de défense","","","","","","","","","","","","","",0xFF01FE,0,0,0,0,0,0,0,
3752,0,5,0,0,5,0,0,5,0,0,45,0,0,"","","+5 à la puissance des sorts","","","","","","","","","","","","","",0xFF01FE,0,0,0,0,0,0,0,
3753,0,5,0,0,9,0,0,9,0,0,45,0,0,"","","+9 à la puissance des sorts","","","","","","","","","","","","","",0xFF01FE,0,0,0,0,0,0,0,
3754,0,5,5,5,24,10,10,24,10,10,38,31,7,"","","+24 à la puissance d'attaque +10 Endurance +10 au score de toucher","","","","","","","","","","","","","",0xFF01FE,0,1,0,0,0,0,60,
3755,0,5,5,0,28,12,0,28,12,0,38,13,0,"","","+28 à la puissance d'attaque +12 au score d'esquive","","","","","","","","","","","","","",0xFF01FE,0,1,0,0,0,0,60,
3756,0,5,0,0,130,0,0,130,0,0,38,0,0,"","","+130 à la puissance d'attaque","","","","","","","","","","","","","",0xFF01FE,0,1,0,0,165,400,0,
3757,0,5,0,0,102,0,0,102,0,0,7,0,0,"","","+102 Endurance","","","","","","","","","","","","","",0xFF01FE,0,1,0,0,165,400,0,
3758,0,5,0,0,76,0,0,76,0,0,45,0,0,"","","+76 à la puissance des sorts","","","","","","","","","","","","","",0xFF01FE,0,1,0,0,165,400,0,
3759,0,4,0,0,70,0,0,70,0,0,2,0,0,"","","+70 à la résistance au Feu","","","","","","","","","","","","","",0xFF01FE,0,1,0,0,165,400,0,
3760,0,4,0,0,70,0,0,70,0,0,4,0,0,"","","+70 à la résistance au Givre","","","","","","","","","","","","","",0xFF01FE,0,1,0,0,165,400,0,
3761,0,4,0,0,70,0,0,70,0,0,5,0,0,"","","+70 à la résistance à l'Ombre","","","","","","","","","","","","","",0xFF01FE,0,1,0,0,165,400,0,
3762,0,4,0,0,70,0,0,70,0,0,3,0,0,"","","+70 de résistance à la Nature","","","","","","","","","","","","","",0xFF01FE,0,1,0,0,165,400,0,
3763,0,4,0,0,70,0,0,70,0,0,6,0,0,"","","+70 à la résistance aux Arcanes","","","","","","","","","","","","","",0xFF01FE,0,1,0,0,165,400,0,
3764,0,5,0,0,12,0,0,12,0,0,38,0,0,"","","+12 à la puissance d'attaque","","","","","","","","","","","","","",0xFF01FE,0,0,0,0,0,0,0,
3765,0,5,0,0,4,0,0,4,0,0,44,0,0,"","","+4 au score de pénétration d'armure","","","","","","","","","","","","","",0xFF01FE,0,0,0,0,0,0,0,
3766,0,5,0,0,12,0,0,12,0,0,7,0,0,"","","+12 Endurance","","","","","","","","","","","","","",0xFF01FE,0,0,0,0,0,0,0,
3767,0,5,5,0,14,7,0,14,7,0,38,32,0,"","","+14 à la puissance d'attaque et +7 au score de coup critique","","","","","","","","","","","","","",0xFF01FE,0,0,41429,0,0,0,0,
3768,0,1,0,0,100,0,0,100,0,0,57964,0,0,"","","Poison instantané VIII","","","","","","","","","","","","","",0xFF01FE,26,9,0,0,0,0,0,
3769,0,1,0,0,100,0,0,100,0,0,57965,0,0,"","","Poison instantané IX","","","","","","","","","","","","","",0xFF01FE,26,9,0,0,0,0,0,
3770,0,1,0,0,30,0,0,30,0,0,57969,0,0,"","","Poison mortel VIII","","","","","","","","","","","","","",0xFF01FE,26,9,0,0,0,0,0,
3771,0,1,0,0,30,0,0,30,0,0,57970,0,0,"","","Poison mortel IX","","","","","","","","","","","","","",0xFF01FE,26,9,0,0,0,0,0,
3772,0,1,0,0,100,0,0,100,0,0,57974,0,0,"","","Poison douloureux VI","","","","","","","","","","","","","",0xFF01FE,26,9,0,0,0,0,0,
3773,0,1,0,0,100,0,0,100,0,0,57975,0,0,"","","Poison douloureux VII","","","","","","","","","","","","","",0xFF01FE,26,9,0,0,0,0,0,
3774,0,1,0,0,50,0,0,50,0,0,57981,0,0,"","","Poison anesthésiant II","","","","","","","","","","","","","",0xFF01FE,26,9,0,0,0,0,0,
3775,0,5,5,0,30,15,0,30,15,0,45,32,0,"","","+30 à la puissance des sorts et +15 au score de coup critique","","","","","","","","","","","","","",0xFF01FE,0,1,0,0,0,0,80,
3776,0,5,5,0,45,15,0,45,15,0,38,32,0,"","","+45 à la puissance d'attaque et +15 au score de coup critique","","","","","","","","","","","","","",0xFF01FE,0,1,0,0,0,0,80,
3777,0,5,5,0,20,15,0,20,15,0,12,13,0,"","","+20 Défense et +15 au score d'esquive","","","","","","","","","","","","","",0xFF01FE,0,1,0,0,0,0,80,
3778,0,5,0,0,8,0,0,8,0,0,37,0,0,"","","+8 au score d'expertise","","","","","","","","","","","","","",0xFF01FE,0,0,0,0,0,0,0,
3779,0,3,0,0,100,0,0,100,0,0,58784,0,0,"","","Langue de feu 8","","","","","","","","","","","","","",0xFF01FE,32,9,0,0,0,0,0,
3780,0,3,0,0,100,0,0,100,0,0,58791,0,0,"","","Langue de feu 9","","","","","","","","","","","","","",0xFF01FE,32,9,0,0,0,0,0,
3781,0,3,0,0,100,0,0,100,0,0,58792,0,0,"","","Langue de feu 10","","","","","","","","","","","","","",0xFF01FE,32,9,0,0,0,0,0,
3782,0,1,0,0,0,0,0,0,0,0,58797,0,0,"","","Arme de givre 7","","","","","","","","","","","","","",0xFF01FE,33,9,0,0,0,0,0,
3783,0,1,0,0,0,0,0,0,0,0,58798,0,0,"","","Arme de givre 8","","","","","","","","","","","","","",0xFF01FE,33,9,0,0,0,0,0,
3784,0,1,0,0,0,0,0,0,0,0,58799,0,0,"","","Arme de givre 9","","","","","","","","","","","","","",0xFF01FE,33,9,0,0,0,0,0,
3785,0,3,0,0,20,0,0,20,0,0,33757,0,0,"","","Furie-des-vents 6","","","","","","","","","","","","","",0xFF01FE,81,9,0,0,0,0,0,
3786,0,3,0,0,20,0,0,20,0,0,33757,0,0,"","","Furie-des-vents 7","","","","","","","","","","","","","",0xFF01FE,81,9,0,0,0,0,0,
3787,0,3,0,0,20,0,0,20,0,0,33757,0,0,"","","Furie-des-vents 8","","","","","","","","","","","","","",0xFF01FE,81,9,0,0,0,0,0,
3788,0,5,5,0,25,25,0,25,25,0,31,32,0,"","","+25 au score de toucher et +25 au score de coup critique","","","","","","","","","","","","","",0xFF01FE,2,0,0,0,0,0,0,
3789,0,1,0,0,0,0,0,0,0,0,59620,0,0,"","","Berserker","","","","","","","","","","","","","",0xFF01FE,178,0,0,0,0,0,0,
3790,0,3,0,0,0,0,0,0,0,0,59630,0,0,"","","Magie noire","","","","","","","","","","","","","",0xFF01FE,161,0,0,0,0,0,0,
3791,0,5,0,0,30,0,0,30,0,0,7,0,0,"","","+30 Endurance","","","","","","","","","","","","","",0xFF01FE,0,1,0,0,333,400,0,
3792,0,5,0,0,20,0,0,20,0,0,35,0,0,"","","+20 au score de résilience","","","","","","","","","","","","","",0xFF01FE,0,0,44066,0,0,0,0,
3793,0,5,5,0,40,15,0,40,15,0,38,35,0,"","","+40 à la puissance d'attaque et +15 au score de résilience","","","","","","","","","","","","","",0xFF01FE,0,1,0,0,0,0,80,
3794,0,5,5,0,23,15,0,23,15,0,45,35,0,"","","+23 à la puissance des sorts et +15 au score de résilience","","","","","","","","","","","","","",0xFF01FE,0,1,0,0,0,0,80,
3795,0,5,5,0,50,20,0,50,20,0,38,35,7,"","","+50 à la puissance d'attaque et +20 au score de résilience","","","","","","","","","","","","","",0xFF01FE,0,1,0,0,0,0,80,
3796,0,5,5,0,29,20,0,29,20,0,45,35,7,"","","+29 à la puissance des sorts et +20 au score de résilience","","","","","","","","","","","","","",0xFF01FE,0,1,0,0,0,0,0,
3797,0,5,5,0,29,20,0,29,20,0,45,35,7,"","","+29 à la puissance des sorts et +20 au score de résilience","","","","","","","","","","","","","",0xFF01FE,0,1,0,0,0,0,80,
3798,0,5,3,0,34,0,0,34,0,0,38,23990,0,"","","+34 à la puissance d'attaque et légère augmentation de la vitesse de course","","","","","","","","","","","","","",0xFF01FE,0,0,44076,191,0,0,0,
3799,0,5,3,0,20,0,0,20,0,0,45,23990,0,"","","+20 à la puissance des sorts et légère augmentation de la vitesse de course","","","","","","","","","","","","","",0xFF01FE,0,0,44078,193,0,0,0,
3800,0,5,3,0,17,0,0,17,0,0,32,55357,0,"","","+17 au score de coup critique et durée de Peur réduite de 10%","","","","","","","","","","","","","",0xFF01FE,0,0,44082,189,0,0,0,
3801,0,5,3,0,17,0,0,17,0,0,32,55378,0,"","","+17 au score de coup critique et durée de Ralentir et Immobiliser réduite de 10%","","","","","","","","","","","","","",0xFF01FE,0,0,44081,181,0,0,0,
3802,0,5,3,0,20,0,0,20,0,0,45,55366,0,"","","+20 à la puissance des sorts et durée de Silence réduite de 10%","","","","","","","","","","","","","",0xFF01FE,0,0,44084,182,0,0,0,
3803,0,5,3,0,34,0,0,34,0,0,38,55358,0,"","","+34 à la puissance d'attaque et durée d'Etourdissement réduite de 10%","","","","","","","","","","","","","",0xFF01FE,0,0,44087,190,0,0,0,
3804,0,5,3,0,26,0,0,26,0,0,7,55358,0,"","","+26 Endurance et durée d'Etourdissement réduite de 10%","","","","","","","","","","","","","",0xFF01FE,0,0,44088,188,0,0,0,
3805,0,5,3,0,20,0,0,20,0,0,45,55358,0,"","","+20 à la puissance des sorts et durée d'Etourdissement réduite de 10%","","","","","","","","","","","","","",0xFF01FE,0,0,44089,194,0,0,0,
3806,0,5,5,0,18,10,0,18,10,0,45,32,0,"","","+18 à la puissance des sorts et +10 au score de coup critique","","","","","","","","","","","","","",0xFF01FE,0,1,0,0,0,0,80,
3807,0,5,5,0,18,5,0,18,5,0,45,43,0,"","","+18 à la puissance des sorts et +5 points de mana par tranche de 5 secondes","","","","","","","","","","","","","",0xFF01FE,0,1,0,0,0,0,80,
3808,0,5,5,0,40,15,0,40,15,0,38,32,0,"","","+40 à la puissance d'attaque et +15 au score de coup critique","","","","","","","","","","","","","",0xFF01FE,0,1,0,0,0,0,80,
3809,0,5,5,0,24,8,0,24,8,0,45,43,0,"","","+24 à la puissance des sorts et +8 points de mana par tranche de 5 secondes","","","","","","","","","","","","","",0xFF01FE,0,1,0,0,0,0,80,
3810,0,5,5,0,24,15,0,24,10,0,45,32,0,"","","+24 à la puissance des sorts et +15 au score de coup critique","","","","","","","","","","","","","",0xFF01FE,0,1,0,0,0,0,80,
3811,0,5,5,0,20,15,0,20,15,0,13,12,0,"","","+20 au score d'esquive et +15 au score de défense","","","","","","","","","","","","","",0xFF01FE,0,1,0,0,0,0,80,
3812,0,4,5,0,25,30,0,25,30,0,4,7,0,"","","+25 à la résistance au Givre et +30 Endurance","","","","","","","","","","","","","",0xFF01FE,0,1,0,0,0,0,80,
3813,0,4,5,0,25,30,0,25,30,0,3,7,0,"","","+25 à la résistance à la Nature et +30 Endurance","","","","","","","","","","","","","",0xFF01FE,0,1,0,0,0,0,80,
3814,0,4,5,0,25,30,0,25,30,0,5,7,0,"","","+25 à la résistance à l'Ombre et +30 Endurance","","","","","","","","","","","","","",0xFF01FE,0,1,0,0,0,0,80,
3815,0,4,5,0,25,30,0,25,30,0,6,7,0,"","","+25 à la résistance aux Arcanes et +30 Endurance","","","","","","","","","","","","","",0xFF01FE,0,1,0,0,0,0,80,
3816,0,4,5,0,25,30,0,25,30,0,2,7,0,"","","+25 à la résistance au Feu et +30 Endurance","","","","","","","","","","","","","",0xFF01FE,0,1,0,0,0,0,80,
3817,0,5,5,0,50,20,0,50,20,0,38,32,7,"","","+50 à la puissance d'attaque et +20 au score de coup critique","","","","","","","","","","","","","",0xFF01FE,0,1,0,0,0,0,80,
3818,0,5,5,0,37,20,0,37,20,0,7,12,0,"","","+37 Endurance et +20 au score de défense","","","","","","","","","","","","","",0xFF01FE,0,1,0,0,0,0,80,
3819,0,5,5,0,30,10,0,30,10,0,45,43,7,"","","+30 à la puissance des sorts et 10 points de mana toutes les 5 secondes","","","","","","","","","","","","","",0xFF01FE,0,1,0,0,0,0,80,
3820,0,5,5,0,30,20,0,30,20,0,45,32,7,"","","+30 à la puissance des sorts et 20 au score de coup critique","","","","","","","","","","","","","",0xFF01FE,0,1,0,0,0,0,80,
3821,0,5,0,0,8,0,0,8,0,0,35,0,0,"","","+8 au score de résilience","","","","","","","","","","","","","",0xFF01FE,0,0,0,0,0,0,0,
3822,0,5,5,0,55,22,0,55,22,0,7,3,0,"","","+55 Endurance et +22 Agilité","","","","","","","","","","","","","",0xFF01FE,0,1,0,0,0,0,80,
3823,0,5,5,0,22,75,0,22,75,0,32,38,0,"","","+75 à la puissance d'attaque et +22 au score de coup critique","","","","","","","","","","","","","",0xFF01FE,0,1,0,0,0,0,80,
3824,0,5,0,0,24,0,0,24,0,0,38,0,0,"","","+24 à la puissance d'attaque","","","","","","","","","","","","","",0xFF01FE,0,0,0,0,0,0,0,
3825,0,5,0,0,15,0,0,15,0,0,36,0,0,"","","+15 au score de hâte","","","","","","","","","","","","","",0xFF01FE,0,0,0,0,0,0,0,
3826,0,5,5,0,12,12,0,12,12,0,31,32,0,"","","+12 au score de toucher et +12 au score de coup critique","","","","","","","","","","","","","",0xFF01FE,0,0,0,0,0,0,0,
3827,0,5,0,0,110,0,0,110,0,0,38,0,0,"","","+110 à la puissance d'attaque","","","","","","","","","","","","","",0xFF01FE,178,0,0,0,0,0,0,
3828,0,5,0,0,85,0,0,85,0,0,38,0,0,"","","+85 à la puissance d'attaque","","","","","","","","","","","","","",0xFF01FE,101,0,0,0,0,0,0,
3829,0,5,0,0,35,0,0,35,0,0,38,0,0,"","","+35 à la puissance d'attaque","","","","","","","","","","","","","",0xFF01FE,0,0,0,0,0,0,0,
3830,0,5,0,0,50,0,0,50,0,0,45,0,0,"","","+50 à la puissance des sorts","","","","","","","","","","","","","",0xFF01FE,103,0,0,0,0,0,0,
3831,0,5,0,0,23,20,20,23,20,20,36,29,30,"","","+23 au score de hâte","","","","","","","","","","","","","",0xFF01FE,0,0,0,0,0,0,0,
3832,0,3,0,0,0,0,0,0,0,0,60694,0,0,"","","+10 à toutes les caractéristiques","","","","","","","","","","","","","",0xFF01FE,0,0,0,0,0,0,0,
3833,0,5,0,0,65,0,0,65,0,0,38,0,0,"","","+65 à la puissance d'attaque","","","","","","","","","","","","","",0xFF01FE,29,0,0,0,0,0,0,
3834,0,5,0,0,63,0,0,63,0,0,45,0,0,"","","+63 à la puissance des sorts","","","","","","","","","","","","","",0xFF01FE,160,0,0,0,0,0,0,
3835,0,5,5,0,120,15,0,120,15,0,38,32,0,"","","+120 à la puissance d'attaque et +15 au score de critique","","","","","","","","","","","","","",0xFF01FE,0,1,0,0,773,400,0,
3836,0,5,5,0,70,8,0,70,8,0,45,43,0,"","","+70 à la puissance des sorts et +8 points de mana/5 secondes","","","","","","","","","","","","","",0xFF01FE,0,1,0,0,773,400,0,
3837,0,5,5,0,60,15,0,60,15,0,13,12,0,"","","+60 au score d'esquive et +15 au score de défense","","","","","","","","","","","","","",0xFF01FE,0,1,0,0,773,400,0,
3838,0,5,5,0,70,15,0,70,15,0,45,32,0,"","","+70 à la puissance des sorts et +15 au score de critique","","","","","","","","","","","","","",0xFF01FE,0,1,0,0,773,400,0,
3839,0,5,0,0,40,0,0,40,0,0,38,0,0,"","","+40 à la puissance d'attaque","","","","","","","","","","","","","",0xFF01FE,0,1,0,0,333,400,0,
3840,0,5,0,0,23,0,0,23,0,0,45,0,0,"","","+23 à la puissance des sorts","","","","","","","","","","","","","",0xFF01FE,0,1,0,0,333,400,0,
3841,0,5,0,0,23,0,0,23,0,0,45,0,0,"","","+23 à la puissance des sorts","","","","","","","","","","","","","",0xFF01FE,0,0,0,0,0,0,0,
3842,0,5,5,0,30,25,0,30,25,0,7,35,7,"","","+30 Endurance et +25 score de résilience","","","","","","","","","","","","","",0xFF01FE,0,1,0,0,0,0,80,
3843,0,2,0,0,15,0,0,15,0,0,0,0,0,"","","Lunette (+15 point de dégâts)","","","","","","","","","","","","","",0xFF01FE,0,1,0,0,0,0,70,
3844,0,5,0,0,45,0,0,45,0,0,6,0,0,"","","+45 Esprit","","","","","","","","","","","","","",0xFF01FE,159,0,0,0,0,0,0,
3845,0,5,0,0,50,0,0,50,0,0,38,0,0,"","","+50 à la puissance d'attaque","","","","","","","","","","","","","",0xFF01FE,0,0,0,0,0,0,0,
3846,0,5,0,0,40,0,0,40,0,0,45,18031,0,"","","+40 à la puissance des sorts","","","","","","","","","","","","","",0xFF01FE,102,0,0,0,0,0,0,
3847,0,3,0,0,0,0,0,0,0,0,62157,0,0,"","","Rune de la gargouille peau de pierre","","","","","","","","","","","","","",0xFF01FE,159,1,0,0,776,0,0,
3848,0,8,0,0,1,0,0,1,0,0,0,0,0,"","","Châsse de bâton","","","","","","","","","","","","","",0xFF01FE,0,0,0,0,0,0,0,
3849,0,5,3,0,81,0,0,81,0,0,48,43588,0,"","","Plaque en titane","","","","","","","","","","","","","",0xFF01FE,0,1,0,0,0,0,70,
3850,0,5,0,0,40,0,0,40,0,0,7,0,0,"","","+40 Endurance","","","","","","","","","","","","","",0xFF01FE,0,0,0,0,0,0,0,
3851,0,5,0,0,50,0,0,50,0,0,7,0,0,"","","+50 Endurance","","","","","","","","","","","","","",0xFF01FE,29,0,0,0,0,0,0,
3852,0,5,5,0,30,15,0,30,15,0,7,35,0,"","","+30 Endurance et +15 score de résilience","","","","","","","","","","","","","",0xFF01FE,0,1,0,0,0,0,70,
3853,0,5,5,0,40,28,0,40,28,0,35,7,0,"","","+28 Endurance et +40 au score de résilience","","","","","","","","","","","","","",0xFF01FE,0,1,0,0,0,0,80,
3854,0,5,0,0,81,0,0,81,0,0,45,33027,0,"","","+81 à la puissance des sorts","","","","","","","","","","","","","",0xFF01FE,172,0,0,0,0,0,0,
3855,0,5,0,0,69,0,0,69,0,0,45,33027,0,"","","+69 à la puissance des sorts","","","","","","","","","","","","","",0xFF01FE,128,0,0,0,0,0,0,
3856,0,5,0,0,100,0,0,100,0,0,3,0,0,"","","+100 Agilité","","","","","","","","","","","","","",0xFF01FE,0,0,0,0,165,400,0,
3857,0,5,0,0,6,0,0,6,0,0,12,0,0,"","","+6 au score de défense","","","","","","","","","","","","","",0xFF01FE,0,0,0,0,0,0,0,
3858,0,5,0,0,5,0,0,5,0,0,31,0,0,"","","+5 au score de toucher","","","","","","","","","","","","","",0xFF01FE,0,0,0,0,0,0,0,
3859,0,7,5,0,0,27,0,0,27,0,55001,45,0,"","","+27 à la puissance des sorts","","","","","","","","","","","","","",0xFF01FE,0,1,0,0,202,350,0,
3860,0,4,0,0,885,0,0,885,0,0,0,0,0,"","","+885 Armure","","","","","","","","","","","","","",0xFF01FE,0,1,0,0,202,400,0,
3861,0,5,0,0,20,0,0,20,0,0,4,0,0,"","","+20 Force","","","","","","","","","","","","","",0xFF01FE,0,0,45862,0,0,0,0,
3862,0,5,0,0,20,0,0,20,0,0,3,0,0,"","","+20 Agilité","","","","","","","","","","","","","",0xFF01FE,0,0,45879,0,0,0,0,
3863,0,5,0,0,30,0,0,30,0,0,7,0,0,"","","+30 Endurance","","","","","","","","","","","","","",0xFF01FE,0,0,45880,0,0,0,0,
3864,0,5,0,0,20,0,0,20,0,0,6,0,0,"","","+20 Esprit","","","","","","","","","","","","","",0xFF01FE,0,0,45881,0,0,0,0,
3865,0,5,0,0,20,0,0,20,0,0,5,0,0,"","","+20 Intelligence","","","","","","","","","","","","","",0xFF01FE,0,0,45882,0,0,0,0,
3866,0,5,0,0,23,0,0,23,0,0,45,0,0,"","","+23 à la puissance des sorts","","","","","","","","","","","","","",0xFF01FE,0,0,45883,0,0,0,0,
3867,0,5,0,0,20,0,0,20,0,0,31,0,0,"","","+20 au score de toucher","","","","","","","","","","","","","",0xFF01FE,0,0,45987,0,0,0,0,
3868,0,3,0,0,0,0,0,0,0,0,8085,0,0,"","","Appât de pêche (+100 compétence de pêche)","","","","","","","","","","","","","",0xFF01FE,0,0,0,0,0,0,0,
3869,0,1,0,0,0,0,0,0,0,0,64440,0,0,"","","Garde lame","","","","","","","","","","","","","",0xFF01FE,186,0,0,0,0,0,75,
3870,0,3,0,0,0,0,0,0,0,0,64571,0,0,"","","Drain de sang","","","","","","","","","","","","","",0xFF01FE,164,0,0,0,0,0,75,
3871,0,5,0,0,6,0,0,6,0,0,14,0,0,"","","+6 au score de parade","","","","","","","","","","","","","",0xFF01FE,0,0,0,0,0,0,0,
3872,0,5,5,0,50,20,0,50,20,0,45,6,0,"","","+50 à la puissance des sorts et +20 à l'Esprit","","","","","","","","","","","","","",0xFF01FE,0,1,0,0,0,0,65,
3873,0,5,5,0,50,30,0,50,30,0,45,7,0,"","","+50 à la puissance des sorts et +30 à l'Endurance","","","","","","","","","","","","","",0xFF01FE,0,1,0,0,0,0,65,
3874,0,5,0,0,130,0,0,130,0,0,38,0,0,"","","+130 à la puissance d'attaque","","","","","","","","","","","","","",0xFF01FE,0,1,0,0,165,450,0,
3875,0,5,5,0,30,10,0,30,10,0,38,32,0,"","","+30 à la puissance d'attaque et +10 au score de coup critique","","","","","","","","","","","","","",0xFF01FE,0,1,0,0,0,0,80,
3876,0,5,5,0,15,10,0,15,10,0,13,12,0,"","","+15 au score d'esquive et +10 au score de défense","","","","","","","","","","","","","",0xFF01FE,0,1,0,0,0,0,80,
3877,0,5,0,0,16,0,0,16,0,0,38,0,0,"","","+16 à la puissance d'attaque","","","","","","","","","","","","","",0xFF01FE,0,0,0,0,0,0,0,
3878,0,7,0,5,0,0,45,0,0,45,67799,0,7,"","","Parabole d'amplification de l'esprit","","","","","","","","","","","","","",0xFF01FE,0,1,0,0,202,350,0,
3879,0,3,0,0,0,0,0,0,0,0,68251,0,0,"","","+10 à toutes les caractéristiques","","","","","","","","","","","","","",0xFF01FE,0,0,49110,0,0,0,0,
3880,0,5,0,0,6,0,0,6,0,0,44,0,0,"","","+6 au score de pénétration d'armure","","","","","","","","","","","","","",0xFF01FE,0,0,0,0,0,0,0,
3881,0,5,0,0,17,0,0,20,0,0,43,0,0,"","","+17 points de mana toutes les 5 secondes","","","","","","","","","","","","","",0xFF01FE,0,0,0,0,755,350,0,
3882,0,5,0,0,8,0,0,8,0,0,44,0,0,"","","+8 au score de pénétration d'armure","","","","","","","","","","","","","",0xFF01FE,0,0,0,0,0,0,0,
3883,0,3,0,0,0,0,0,0,0,0,70163,0,0,"","","Rune de la carapace nérubienne","","","","","","","","","","","","","",0xFF01FE,159,1,0,0,776,0,0,
60000,0,5,0,0,10,0,0,10,0,0,0,0,0,"+10 Mana","+10 Mana","+10 Mana","+10 Mana","+10 Mana","+10 Mana","+10 Mana","+10 Mana","+10 Mana","+10 Mana","+10 Mana","+10 Mana","+10 Mana","+10 Mana","+10 Mana","+10 Mana",0xFF01FE,0,0,0,0,0,0,0,
60001,0,5,0,0,11,0,0,11,0,0,0,0,0,"+11 Mana","+11 Mana","+11 Mana","+11 Mana","+11 Mana","+11 Mana","+11 Mana","+11 Mana","+11 Mana","+11 Mana","+11 Mana","+11 Mana","+11 Mana","+11 Mana","+11 Mana","+11 Mana",0xFF01FE,0,0,0,0,0,0,0,
60002,0,5,0,0,12,0,0,12,0,0,0,0,0,"+12 Mana","+12 Mana","+12 Mana","+12 Mana","+12 Mana","+12 Mana","+12 Mana","+12 Mana","+12 Mana","+12 Mana","+12 Mana","+12 Mana","+12 Mana","+12 Mana","+12 Mana","+12 Mana",0xFF01FE,0,0,0,0,0,0,0,
60003,0,5,0,0,13,0,0,13,0,0,0,0,0,"+13 Mana","+13 Mana","+13 Mana","+13 Mana","+13 Mana","+13 Mana","+13 Mana","+13 Mana","+13 Mana","+13 Mana","+13 Mana","+13 Mana","+13 Mana","+13 Mana","+13 Mana","+13 Mana",0xFF01FE,0,0,0,0,0,0,0,
60004,0,5,0,0,14,0,0,14,0,0,0,0,0,"+14 Mana","+14 Mana","+14 Mana","+14 Mana","+14 Mana","+14 Mana","+14 Mana","+14 Mana","+14 Mana","+14 Mana","+14 Mana","+14 Mana","+14 Mana","+14 Mana","+14 Mana","+14 Mana",0xFF01FE,0,0,0,0,0,0,0,
60005,0,5,0,0,15,0,0,15,0,0,0,0,0,"+15 Mana","+15 Mana","+15 Mana","+15 Mana","+15 Mana","+15 Mana","+15 Mana","+15 Mana","+15 Mana","+15 Mana","+15 Mana","+15 Mana","+15 Mana","+15 Mana","+15 Mana","+15 Mana",0xFF01FE,0,0,0,0,0,0,0,
60006,0,5,0,0,16,0,0,16,0,0,0,0,0,"+16 Mana","+16 Mana","+16 Mana","+16 Mana","+16 Mana","+16 Mana","+16 Mana","+16 Mana","+16 Mana","+16 Mana","+16 Mana","+16 Mana","+16 Mana","+16 Mana","+16 Mana","+16 Mana",0xFF01FE,0,0,0,0,0,0,0,
60007,0,5,0,0,17,0,0,17,0,0,0,0,0,"+17 Mana","+17 Mana","+17 Mana","+17 Mana","+17 Mana","+17 Mana","+17 Mana","+17 Mana","+17 Mana","+17 Mana","+17 Mana","+17 Mana","+17 Mana","+17 Mana","+17 Mana","+17 Mana",0xFF01FE,0,0,0,0,0,0,0,
60008,0,5,0,0,18,0,0,18,0,0,0,0,0,"+18 Mana","+18 Mana","+18 Mana","+18 Mana","+18 Mana","+18 Mana","+18 Mana","+18 Mana","+18 Mana","+18 Mana","+18 Mana","+18 Mana","+18 Mana","+18 Mana","+18 Mana","+18 Mana",0xFF01FE,0,0,0,0,0,0,0,
60009,0,5,0,0,19,0,0,19,0,0,0,0,0,"+19 Mana","+19 Mana","+19 Mana","+19 Mana","+19 Mana","+19 Mana","+19 Mana","+19 Mana","+19 Mana","+19 Mana","+19 Mana","+19 Mana","+19 Mana","+19 Mana","+19 Mana","+19 Mana",0xFF01FE,0,0,0,0,0,0,0,
60010,0,5,0,0,20,0,0,20,0,0,0,0,0,"+20 Mana","+20 Mana","+20 Mana","+20 Mana","+20 Mana","+20 Mana","+20 Mana","+20 Mana","+20 Mana","+20 Mana","+20 Mana","+20 Mana","+20 Mana","+20 Mana","+20 Mana","+20 Mana",0xFF01FE,0,0,0,0,0,0,0,
60011,0,5,0,0,21,0,0,21,0,0,0,0,0,"+21 Mana","+21 Mana","+21 Mana","+21 Mana","+21 Mana","+21 Mana","+21 Mana","+21 Mana","+21 Mana","+21 Mana","+21 Mana","+21 Mana","+21 Mana","+21 Mana","+21 Mana","+21 Mana",0xFF01FE,0,0,0,0,0,0,0,
60012,0,5,0,0,22,0,0,22,0,0,0,0,0,"+22 Mana","+22 Mana","+22 Mana","+22 Mana","+22 Mana","+22 Mana","+22 Mana","+22 Mana","+22 Mana","+22 Mana","+22 Mana","+22 Mana","+22 Mana","+22 Mana","+22 Mana","+22 Mana",0xFF01FE,0,0,0,0,0,0,0,
60013,0,5,0,0,23,0,0,23,0,0,0,0,0,"+23 Mana","+23 Mana","+23 Mana","+23 Mana","+23 Mana","+23 Mana","+23 Mana","+23 Mana","+23 Mana","+23 Mana","+23 Mana","+23 Mana","+23 Mana","+23 Mana","+23 Mana","+23 Mana",0xFF01FE,0,0,0,0,0,0,0,
60014,0,5,0,0,24,0,0,24,0,0,0,0,0,"+24 Mana","+24 Mana","+24 Mana","+24 Mana","+24 Mana","+24 Mana","+24 Mana","+24 Mana","+24 Mana","+24 Mana","+24 Mana","+24 Mana","+24 Mana","+24 Mana","+24 Mana","+24 Mana",0xFF01FE,0,0,0,0,0,0,0,
60015,0,5,0,0,25,0,0,25,0,0,0,0,0,"+25 Mana","+25 Mana","+25 Mana","+25 Mana","+25 Mana","+25 Mana","+25 Mana","+25 Mana","+25 Mana","+25 Mana","+25 Mana","+25 Mana","+25 Mana","+25 Mana","+25 Mana","+25 Mana",0xFF01FE,0,0,0,0,0,0,0,
60016,0,5,0,0,26,0,0,26,0,0,0,0,0,"+26 Mana","+26 Mana","+26 Mana","+26 Mana","+26 Mana","+26 Mana","+26 Mana","+26 Mana","+26 Mana","+26 Mana","+26 Mana","+26 Mana","+26 Mana","+26 Mana","+26 Mana","+26 Mana",0xFF01FE,0,0,0,0,0,0,0,
60017,0,5,0,0,27,0,0,27,0,0,0,0,0,"+27 Mana","+27 Mana","+27 Mana","+27 Mana","+27 Mana","+27 Mana","+27 Mana","+27 Mana","+27 Mana","+27 Mana","+27 Mana","+27 Mana","+27 Mana","+27 Mana","+27 Mana","+27 Mana",0xFF01FE,0,0,0,0,0,0,0,
60018,0,5,0,0,28,0,0,28,0,0,0,0,0,"+28 Mana","+28 Mana","+28 Mana","+28 Mana","+28 Mana","+28 Mana","+28 Mana","+28 Mana","+28 Mana","+28 Mana","+28 Mana","+28 Mana","+28 Mana","+28 Mana","+28 Mana","+28 Mana",0xFF01FE,0,0,0,0,0,0,0,
60019,0,5,0,0,29,0,0,29,0,0,0,0,0,"+29 Mana","+29 Mana","+29 Mana","+29 Mana","+29 Mana","+29 Mana","+29 Mana","+29 Mana","+29 Mana","+29 Mana","+29 Mana","+29 Mana","+29 Mana","+29 Mana","+29 Mana","+29 Mana",0xFF01FE,0,0,0,0,0,0,0,
60020,0,5,0,0,30,0,0,30,0,0,0,0,0,"+30 Mana","+30 Mana","+30 Mana","+30 Mana","+30 Mana","+30 Mana","+30 Mana","+30 Mana","+30 Mana","+30 Mana","+30 Mana","+30 Mana","+30 Mana","+30 Mana","+30 Mana","+30 Mana",0xFF01FE,0,0,0,0,0,0,0,
60021,0,5,0,0,31,0,0,31,0,0,0,0,0,"+31 Mana","+31 Mana","+31 Mana","+31 Mana","+31 Mana","+31 Mana","+31 Mana","+31 Mana","+31 Mana","+31 Mana","+31 Mana","+31 Mana","+31 Mana","+31 Mana","+31 Mana","+31 Mana",0xFF01FE,0,0,0,0,0,0,0,
60022,0,5,0,0,32,0,0,32,0,0,0,0,0,"+32 Mana","+32 Mana","+32 Mana","+32 Mana","+32 Mana","+32 Mana","+32 Mana","+32 Mana","+32 Mana","+32 Mana","+32 Mana","+32 Mana","+32 Mana","+32 Mana","+32 Mana","+32 Mana",0xFF01FE,0,0,0,0,0,0,0,
60023,0,5,0,0,33,0,0,33,0,0,0,0,0,"+33 Mana","+33 Mana","+33 Mana","+33 Mana","+33 Mana","+33 Mana","+33 Mana","+33 Mana","+33 Mana","+33 Mana","+33 Mana","+33 Mana","+33 Mana","+33 Mana","+33 Mana","+33 Mana",0xFF01FE,0,0,0,0,0,0,0,
60024,0,5,0,0,34,0,0,34,0,0,0,0,0,"+34 Mana","+34 Mana","+34 Mana","+34 Mana","+34 Mana","+34 Mana","+34 Mana","+34 Mana","+34 Mana","+34 Mana","+34 Mana","+34 Mana","+34 Mana","+34 Mana","+34 Mana","+34 Mana",0xFF01FE,0,0,0,0,0,0,0,
60025,0,5,0,0,35,0,0,35,0,0,0,0,0,"+35 Mana","+35 Mana","+35 Mana","+35 Mana","+35 Mana","+35 Mana","+35 Mana","+35 Mana","+35 Mana","+35 Mana","+35 Mana","+35 Mana","+35 Mana","+35 Mana","+35 Mana","+35 Mana",0xFF01FE,0,0,0,0,0,0,0,
60026,0,5,0,0,36,0,0,36,0,0,0,0,0,"+36 Mana","+36 Mana","+36 Mana","+36 Mana","+36 Mana","+36 Mana","+36 Mana","+36 Mana","+36 Mana","+36 Mana","+36 Mana","+36 Mana","+36 Mana","+36 Mana","+36 Mana","+36 Mana",0xFF01FE,0,0,0,0,0,0,0,
60027,0,5,0,0,37,0,0,37,0,0,0,0,0,"+37 Mana","+37 Mana","+37 Mana","+37 Mana","+37 Mana","+37 Mana","+37 Mana","+37 Mana","+37 Mana","+37 Mana","+37 Mana","+37 Mana","+37 Mana","+37 Mana","+37 Mana","+37 Mana",0xFF01FE,0,0,0,0,0,0,0,
60028,0,5,0,0,38,0,0,38,0,0,0,0,0,"+38 Mana","+38 Mana","+38 Mana","+38 Mana","+38 Mana","+38 Mana","+38 Mana","+38 Mana","+38 Mana","+38 Mana","+38 Mana","+38 Mana","+38 Mana","+38 Mana","+38 Mana","+38 Mana",0xFF01FE,0,0,0,0,0,0,0,
60029,0,5,0,0,39,0,0,39,0,0,0,0,0,"+39 Mana","+39 Mana","+39 Mana","+39 Mana","+39 Mana","+39 Mana","+39 Mana","+39 Mana","+39 Mana","+39 Mana","+39 Mana","+39 Mana","+39 Mana","+39 Mana","+39 Mana","+39 Mana",0xFF01FE,0,0,0,0,0,0,0,
60030,0,5,0,0,40,0,0,40,0,0,0,0,0,"+40 Mana","+40 Mana","+40 Mana","+40 Mana","+40 Mana","+40 Mana","+40 Mana","+40 Mana","+40 Mana","+40 Mana","+40 Mana","+40 Mana","+40 Mana","+40 Mana","+40 Mana","+40 Mana",0xFF01FE,0,0,0,0,0,0,0,
60031,0,5,0,0,41,0,0,41,0,0,0,0,0,"+41 Mana","+41 Mana","+41 Mana","+41 Mana","+41 Mana","+41 Mana","+41 Mana","+41 Mana","+41 Mana","+41 Mana","+41 Mana","+41 Mana","+41 Mana","+41 Mana","+41 Mana","+41 Mana",0xFF01FE,0,0,0,0,0,0,0,
60032,0,5,0,0,42,0,0,42,0,0,0,0,0,"+42 Mana","+42 Mana","+42 Mana","+42 Mana","+42 Mana","+42 Mana","+42 Mana","+42 Mana","+42 Mana","+42 Mana","+42 Mana","+42 Mana","+42 Mana","+42 Mana","+42 Mana","+42 Mana",0xFF01FE,0,0,0,0,0,0,0,
60033,0,5,0,0,43,0,0,43,0,0,0,0,0,"+43 Mana","+43 Mana","+43 Mana","+43 Mana","+43 Mana","+43 Mana","+43 Mana","+43 Mana","+43 Mana","+43 Mana","+43 Mana","+43 Mana","+43 Mana","+43 Mana","+43 Mana","+43 Mana",0xFF01FE,0,0,0,0,0,0,0,
60034,0,5,0,0,44,0,0,44,0,0,0,0,0,"+44 Mana","+44 Mana","+44 Mana","+44 Mana","+44 Mana","+44 Mana","+44 Mana","+44 Mana","+44 Mana","+44 Mana","+44 Mana","+44 Mana","+44 Mana","+44 Mana","+44 Mana","+44 Mana",0xFF01FE,0,0,0,0,0,0,0,
60035,0,5,0,0,45,0,0,45,0,0,0,0,0,"+45 Mana","+45 Mana","+45 Mana","+45 Mana","+45 Mana","+45 Mana","+45 Mana","+45 Mana","+45 Mana","+45 Mana","+45 Mana","+45 Mana","+45 Mana","+45 Mana","+45 Mana","+45 Mana",0xFF01FE,0,0,0,0,0,0,0,
60036,0,5,0,0,46,0,0,46,0,0,0,0,0,"+46 Mana","+46 Mana","+46 Mana","+46 Mana","+46 Mana","+46 Mana","+46 Mana","+46 Mana","+46 Mana","+46 Mana","+46 Mana","+46 Mana","+46 Mana","+46 Mana","+46 Mana","+46 Mana",0xFF01FE,0,0,0,0,0,0,0,
60037,0,5,0,0,47,0,0,47,0,0,0,0,0,"+47 Mana","+47 Mana","+47 Mana","+47 Mana","+47 Mana","+47 Mana","+47 Mana","+47 Mana","+47 Mana","+47 Mana","+47 Mana","+47 Mana","+47 Mana","+47 Mana","+47 Mana","+47 Mana",0xFF01FE,0,0,0,0,0,0,0,
60038,0,5,0,0,48,0,0,48,0,0,0,0,0,"+48 Mana","+48 Mana","+48 Mana","+48 Mana","+48 Mana","+48 Mana","+48 Mana","+48 Mana","+48 Mana","+48 Mana","+48 Mana","+48 Mana","+48 Mana","+48 Mana","+48 Mana","+48 Mana",0xFF01FE,0,0,0,0,0,0,0,
60039,0,5,0,0,49,0,0,49,0,0,0,0,0,"+49 Mana","+49 Mana","+49 Mana","+49 Mana","+49 Mana","+49 Mana","+49 Mana","+49 Mana","+49 Mana","+49 Mana","+49 Mana","+49 Mana","+49 Mana","+49 Mana","+49 Mana","+49 Mana",0xFF01FE,0,0,0,0,0,0,0,
60040,0,5,0,0,50,0,0,50,0,0,0,0,0,"+50 Mana","+50 Mana","+50 Mana","+50 Mana","+50 Mana","+50 Mana","+50 Mana","+50 Mana","+50 Mana","+50 Mana","+50 Mana","+50 Mana","+50 Mana","+50 Mana","+50 Mana","+50 Mana",0xFF01FE,0,0,0,0,0,0,0,
60041,0,5,0,0,51,0,0,51,0,0,0,0,0,"+51 Mana","+51 Mana","+51 Mana","+51 Mana","+51 Mana","+51 Mana","+51 Mana","+51 Mana","+51 Mana","+51 Mana","+51 Mana","+51 Mana","+51 Mana","+51 Mana","+51 Mana","+51 Mana",0xFF01FE,0,0,0,0,0,0,0,
60042,0,5,0,0,52,0,0,52,0,0,0,0,0,"+52 Mana","+52 Mana","+52 Mana","+52 Mana","+52 Mana","+52 Mana","+52 Mana","+52 Mana","+52 Mana","+52 Mana","+52 Mana","+52 Mana","+52 Mana","+52 Mana","+52 Mana","+52 Mana",0xFF01FE,0,0,0,0,0,0,0,
60043,0,5,0,0,53,0,0,53,0,0,0,0,0,"+53 Mana","+53 Mana","+53 Mana","+53 Mana","+53 Mana","+53 Mana","+53 Mana","+53 Mana","+53 Mana","+53 Mana","+53 Mana","+53 Mana","+53 Mana","+53 Mana","+53 Mana","+53 Mana",0xFF01FE,0,0,0,0,0,0,0,
60044,0,5,0,0,54,0,0,54,0,0,0,0,0,"+54 Mana","+54 Mana","+54 Mana","+54 Mana","+54 Mana","+54 Mana","+54 Mana","+54 Mana","+54 Mana","+54 Mana","+54 Mana","+54 Mana","+54 Mana","+54 Mana","+54 Mana","+54 Mana",0xFF01FE,0,0,0,0,0,0,0,
60045,0,5,0,0,55,0,0,55,0,0,0,0,0,"+55 Mana","+55 Mana","+55 Mana","+55 Mana","+55 Mana","+55 Mana","+55 Mana","+55 Mana","+55 Mana","+55 Mana","+55 Mana","+55 Mana","+55 Mana","+55 Mana","+55 Mana","+55 Mana",0xFF01FE,0,0,0,0,0,0,0,
60046,0,5,0,0,56,0,0,56,0,0,0,0,0,"+56 Mana","+56 Mana","+56 Mana","+56 Mana","+56 Mana","+56 Mana","+56 Mana","+56 Mana","+56 Mana","+56 Mana","+56 Mana","+56 Mana","+56 Mana","+56 Mana","+56 Mana","+56 Mana",0xFF01FE,0,0,0,0,0,0,0,
60047,0,5,0,0,57,0,0,57,0,0,0,0,0,"+57 Mana","+57 Mana","+57 Mana","+57 Mana","+57 Mana","+57 Mana","+57 Mana","+57 Mana","+57 Mana","+57 Mana","+57 Mana","+57 Mana","+57 Mana","+57 Mana","+57 Mana","+57 Mana",0xFF01FE,0,0,0,0,0,0,0,
60048,0,5,0,0,58,0,0,58,0,0,0,0,0,"+58 Mana","+58 Mana","+58 Mana","+58 Mana","+58 Mana","+58 Mana","+58 Mana","+58 Mana","+58 Mana","+58 Mana","+58 Mana","+58 Mana","+58 Mana","+58 Mana","+58 Mana","+58 Mana",0xFF01FE,0,0,0,0,0,0,0,
60049,0,5,0,0,59,0,0,59,0,0,0,0,0,"+59 Mana","+59 Mana","+59 Mana","+59 Mana","+59 Mana","+59 Mana","+59 Mana","+59 Mana","+59 Mana","+59 Mana","+59 Mana","+59 Mana","+59 Mana","+59 Mana","+59 Mana","+59 Mana",0xFF01FE,0,0,0,0,0,0,0,
60050,0,5,0,0,60,0,0,60,0,0,0,0,0,"+60 Mana","+60 Mana","+60 Mana","+60 Mana","+60 Mana","+60 Mana","+60 Mana","+60 Mana","+60 Mana","+60 Mana","+60 Mana","+60 Mana","+60 Mana","+60 Mana","+60 Mana","+60 Mana",0xFF01FE,0,0,0,0,0,0,0,
60051,0,5,0,0,61,0,0,61,0,0,0,0,0,"+61 Mana","+61 Mana","+61 Mana","+61 Mana","+61 Mana","+61 Mana","+61 Mana","+61 Mana","+61 Mana","+61 Mana","+61 Mana","+61 Mana","+61 Mana","+61 Mana","+61 Mana","+61 Mana",0xFF01FE,0,0,0,0,0,0,0,
60052,0,5,0,0,62,0,0,62,0,0,0,0,0,"+62 Mana","+62 Mana","+62 Mana","+62 Mana","+62 Mana","+62 Mana","+62 Mana","+62 Mana","+62 Mana","+62 Mana","+62 Mana","+62 Mana","+62 Mana","+62 Mana","+62 Mana","+62 Mana",0xFF01FE,0,0,0,0,0,0,0,
60053,0,5,0,0,63,0,0,63,0,0,0,0,0,"+63 Mana","+63 Mana","+63 Mana","+63 Mana","+63 Mana","+63 Mana","+63 Mana","+63 Mana","+63 Mana","+63 Mana","+63 Mana","+63 Mana","+63 Mana","+63 Mana","+63 Mana","+63 Mana",0xFF01FE,0,0,0,0,0,0,0,
60054,0,5,0,0,64,0,0,64,0,0,0,0,0,"+64 Mana","+64 Mana","+64 Mana","+64 Mana","+64 Mana","+64 Mana","+64 Mana","+64 Mana","+64 Mana","+64 Mana","+64 Mana","+64 Mana","+64 Mana","+64 Mana","+64 Mana","+64 Mana",0xFF01FE,0,0,0,0,0,0,0,
60055,0,5,0,0,65,0,0,65,0,0,0,0,0,"+65 Mana","+65 Mana","+65 Mana","+65 Mana","+65 Mana","+65 Mana","+65 Mana","+65 Mana","+65 Mana","+65 Mana","+65 Mana","+65 Mana","+65 Mana","+65 Mana","+65 Mana","+65 Mana",0xFF01FE,0,0,0,0,0,0,0,
60056,0,5,0,0,66,0,0,66,0,0,0,0,0,"+66 Mana","+66 Mana","+66 Mana","+66 Mana","+66 Mana","+66 Mana","+66 Mana","+66 Mana","+66 Mana","+66 Mana","+66 Mana","+66 Mana","+66 Mana","+66 Mana","+66 Mana","+66 Mana",0xFF01FE,0,0,0,0,0,0,0,
60057,0,5,0,0,67,0,0,67,0,0,0,0,0,"+67 Mana","+67 Mana","+67 Mana","+67 Mana","+67 Mana","+67 Mana","+67 Mana","+67 Mana","+67 Mana","+67 Mana","+67 Mana","+67 Mana","+67 Mana","+67 Mana","+67 Mana","+67 Mana",0xFF01FE,0,0,0,0,0,0,0,
60058,0,5,0,0,68,0,0,68,0,0,0,0,0,"+68 Mana","+68 Mana","+68 Mana","+68 Mana","+68 Mana","+68 Mana","+68 Mana","+68 Mana","+68 Mana","+68 Mana","+68 Mana","+68 Mana","+68 Mana","+68 Mana","+68 Mana","+68 Mana",0xFF01FE,0,0,0,0,0,0,0,
60059,0,5,0,0,69,0,0,69,0,0,0,0,0,"+69 Mana","+69 Mana","+69 Mana","+69 Mana","+69 Mana","+69 Mana","+69 Mana","+69 Mana","+69 Mana","+69 Mana","+69 Mana","+69 Mana","+69 Mana","+69 Mana","+69 Mana","+69 Mana",0xFF01FE,0,0,0,0,0,0,0,
60060,0,5,0,0,70,0,0,70,0,0,0,0,0,"+70 Mana","+70 Mana","+70 Mana","+70 Mana","+70 Mana","+70 Mana","+70 Mana","+70 Mana","+70 Mana","+70 Mana","+70 Mana","+70 Mana","+70 Mana","+70 Mana","+70 Mana","+70 Mana",0xFF01FE,0,0,0,0,0,0,0,
60061,0,5,0,0,71,0,0,71,0,0,0,0,0,"+71 Mana","+71 Mana","+71 Mana","+71 Mana","+71 Mana","+71 Mana","+71 Mana","+71 Mana","+71 Mana","+71 Mana","+71 Mana","+71 Mana","+71 Mana","+71 Mana","+71 Mana","+71 Mana",0xFF01FE,0,0,0,0,0,0,0,
60062,0,5,0,0,72,0,0,72,0,0,0,0,0,"+72 Mana","+72 Mana","+72 Mana","+72 Mana","+72 Mana","+72 Mana","+72 Mana","+72 Mana","+72 Mana","+72 Mana","+72 Mana","+72 Mana","+72 Mana","+72 Mana","+72 Mana","+72 Mana",0xFF01FE,0,0,0,0,0,0,0,
60063,0,5,0,0,73,0,0,73,0,0,0,0,0,"+73 Mana","+73 Mana","+73 Mana","+73 Mana","+73 Mana","+73 Mana","+73 Mana","+73 Mana","+73 Mana","+73 Mana","+73 Mana","+73 Mana","+73 Mana","+73 Mana","+73 Mana","+73 Mana",0xFF01FE,0,0,0,0,0,0,0,
60064,0,5,0,0,74,0,0,74,0,0,0,0,0,"+74 Mana","+74 Mana","+74 Mana","+74 Mana","+74 Mana","+74 Mana","+74 Mana","+74 Mana","+74 Mana","+74 Mana","+74 Mana","+74 Mana","+74 Mana","+74 Mana","+74 Mana","+74 Mana",0xFF01FE,0,0,0,0,0,0,0,
60065,0,5,0,0,75,0,0,75,0,0,0,0,0,"+75 Mana","+75 Mana","+75 Mana","+75 Mana","+75 Mana","+75 Mana","+75 Mana","+75 Mana","+75 Mana","+75 Mana","+75 Mana","+75 Mana","+75 Mana","+75 Mana","+75 Mana","+75 Mana",0xFF01FE,0,0,0,0,0,0,0,
60066,0,5,0,0,76,0,0,76,0,0,0,0,0,"+76 Mana","+76 Mana","+76 Mana","+76 Mana","+76 Mana","+76 Mana","+76 Mana","+76 Mana","+76 Mana","+76 Mana","+76 Mana","+76 Mana","+76 Mana","+76 Mana","+76 Mana","+76 Mana",0xFF01FE,0,0,0,0,0,0,0,
60067,0,5,0,0,77,0,0,77,0,0,0,0,0,"+77 Mana","+77 Mana","+77 Mana","+77 Mana","+77 Mana","+77 Mana","+77 Mana","+77 Mana","+77 Mana","+77 Mana","+77 Mana","+77 Mana","+77 Mana","+77 Mana","+77 Mana","+77 Mana",0xFF01FE,0,0,0,0,0,0,0,
60068,0,5,0,0,78,0,0,78,0,0,0,0,0,"+78 Mana","+78 Mana","+78 Mana","+78 Mana","+78 Mana","+78 Mana","+78 Mana","+78 Mana","+78 Mana","+78 Mana","+78 Mana","+78 Mana","+78 Mana","+78 Mana","+78 Mana","+78 Mana",0xFF01FE,0,0,0,0,0,0,0,
60069,0,5,0,0,79,0,0,79,0,0,0,0,0,"+79 Mana","+79 Mana","+79 Mana","+79 Mana","+79 Mana","+79 Mana","+79 Mana","+79 Mana","+79 Mana","+79 Mana","+79 Mana","+79 Mana","+79 Mana","+79 Mana","+79 Mana","+79 Mana",0xFF01FE,0,0,0,0,0,0,0,
60070,0,5,0,0,80,0,0,80,0,0,0,0,0,"+80 Mana","+80 Mana","+80 Mana","+80 Mana","+80 Mana","+80 Mana","+80 Mana","+80 Mana","+80 Mana","+80 Mana","+80 Mana","+80 Mana","+80 Mana","+80 Mana","+80 Mana","+80 Mana",0xFF01FE,0,0,0,0,0,0,0,
60100,0,5,0,0,10,0,0,10,0,0,1,0,0,"+10 Sante","+10 Sante","+10 Sante","+10 Sante","+10 Sante","+10 Sante","+10 Sante","+10 Sante","+10 Sante","+10 Sante","+10 Sante","+10 Sante","+10 Sante","+10 Sante","+10 Sante","+10 Sante",0xFF01FE,0,0,0,0,0,0,0,
60101,0,5,0,0,11,0,0,11,0,0,1,0,0,"+11 Sante","+11 Sante","+11 Sante","+11 Sante","+11 Sante","+11 Sante","+11 Sante","+11 Sante","+11 Sante","+11 Sante","+11 Sante","+11 Sante","+11 Sante","+11 Sante","+11 Sante","+11 Sante",0xFF01FE,0,0,0,0,0,0,0,
60102,0,5,0,0,12,0,0,12,0,0,1,0,0,"+12 Sante","+12 Sante","+12 Sante","+12 Sante","+12 Sante","+12 Sante","+12 Sante","+12 Sante","+12 Sante","+12 Sante","+12 Sante","+12 Sante","+12 Sante","+12 Sante","+12 Sante","+12 Sante",0xFF01FE,0,0,0,0,0,0,0,
60103,0,5,0,0,13,0,0,13,0,0,1,0,0,"+13 Sante","+13 Sante","+13 Sante","+13 Sante","+13 Sante","+13 Sante","+13 Sante","+13 Sante","+13 Sante","+13 Sante","+13 Sante","+13 Sante","+13 Sante","+13 Sante","+13 Sante","+13 Sante",0xFF01FE,0,0,0,0,0,0,0,
60104,0,5,0,0,14,0,0,14,0,0,1,0,0,"+14 Sante","+14 Sante","+14 Sante","+14 Sante","+14 Sante","+14 Sante","+14 Sante","+14 Sante","+14 Sante","+14 Sante","+14 Sante","+14 Sante","+14 Sante","+14 Sante","+14 Sante","+14 Sante",0xFF01FE,0,0,0,0,0,0,0,
60105,0,5,0,0,15,0,0,15,0,0,1,0,0,"+15 Sante","+15 Sante","+15 Sante","+15 Sante","+15 Sante","+15 Sante","+15 Sante","+15 Sante","+15 Sante","+15 Sante","+15 Sante","+15 Sante","+15 Sante","+15 Sante","+15 Sante","+15 Sante",0xFF01FE,0,0,0,0,0,0,0,
60106,0,5,0,0,16,0,0,16,0,0,1,0,0,"+16 Sante","+16 Sante","+16 Sante","+16 Sante","+16 Sante","+16 Sante","+16 Sante","+16 Sante","+16 Sante","+16 Sante","+16 Sante","+16 Sante","+16 Sante","+16 Sante","+16 Sante","+16 Sante",0xFF01FE,0,0,0,0,0,0,0,
60107,0,5,0,0,17,0,0,17,0,0,1,0,0,"+17 Sante","+17 Sante","+17 Sante","+17 Sante","+17 Sante","+17 Sante","+17 Sante","+17 Sante","+17 Sante","+17 Sante","+17 Sante","+17 Sante","+17 Sante","+17 Sante","+17 Sante","+17 Sante",0xFF01FE,0,0,0,0,0,0,0,
60108,0,5,0,0,18,0,0,18,0,0,1,0,0,"+18 Sante","+18 Sante","+18 Sante","+18 Sante","+18 Sante","+18 Sante","+18 Sante","+18 Sante","+18 Sante","+18 Sante","+18 Sante","+18 Sante","+18 Sante","+18 Sante","+18 Sante","+18 Sante",0xFF01FE,0,0,0,0,0,0,0,
60109,0,5,0,0,19,0,0,19,0,0,1,0,0,"+19 Sante","+19 Sante","+19 Sante","+19 Sante","+19 Sante","+19 Sante","+19 Sante","+19 Sante","+19 Sante","+19 Sante","+19 Sante","+19 Sante","+19 Sante","+19 Sante","+19 Sante","+19 Sante",0xFF01FE,0,0,0,0,0,0,0,
60110,0,5,0,0,20,0,0,20,0,0,1,0,0,"+20 Sante","+20 Sante","+20 Sante","+20 Sante","+20 Sante","+20 Sante","+20 Sante","+20 Sante","+20 Sante","+20 Sante","+20 Sante","+20 Sante","+20 Sante","+20 Sante","+20 Sante","+20 Sante",0xFF01FE,0,0,0,0,0,0,0,
60111,0,5,0,0,21,0,0,21,0,0,1,0,0,"+21 Sante","+21 Sante","+21 Sante","+21 Sante","+21 Sante","+21 Sante","+21 Sante","+21 Sante","+21 Sante","+21 Sante","+21 Sante","+21 Sante","+21 Sante","+21 Sante","+21 Sante","+21 Sante",0xFF01FE,0,0,0,0,0,0,0,
60112,0,5,0,0,22,0,0,22,0,0,1,0,0,"+22 Sante","+22 Sante","+22 Sante","+22 Sante","+22 Sante","+22 Sante","+22 Sante","+22 Sante","+22 Sante","+22 Sante","+22 Sante","+22 Sante","+22 Sante","+22 Sante","+22 Sante","+22 Sante",0xFF01FE,0,0,0,0,0,0,0,
60113,0,5,0,0,23,0,0,23,0,0,1,0,0,"+23 Sante","+23 Sante","+23 Sante","+23 Sante","+23 Sante","+23 Sante","+23 Sante","+23 Sante","+23 Sante","+23 Sante","+23 Sante","+23 Sante","+23 Sante","+23 Sante","+23 Sante","+23 Sante",0xFF01FE,0,0,0,0,0,0,0,
60114,0,5,0,0,24,0,0,24,0,0,1,0,0,"+24 Sante","+24 Sante","+24 Sante","+24 Sante","+24 Sante","+24 Sante","+24 Sante","+24 Sante","+24 Sante","+24 Sante","+24 Sante","+24 Sante","+24 Sante","+24 Sante","+24 Sante","+24 Sante",0xFF01FE,0,0,0,0,0,0,0,
60115,0,5,0,0,25,0,0,25,0,0,1,0,0,"+25 Sante","+25 Sante","+25 Sante","+25 Sante","+25 Sante","+25 Sante","+25 Sante","+25 Sante","+25 Sante","+25 Sante","+25 Sante","+25 Sante","+25 Sante","+25 Sante","+25 Sante","+25 Sante",0xFF01FE,0,0,0,0,0,0,0,
60116,0,5,0,0,26,0,0,26,0,0,1,0,0,"+26 Sante","+26 Sante","+26 Sante","+26 Sante","+26 Sante","+26 Sante","+26 Sante","+26 Sante","+26 Sante","+26 Sante","+26 Sante","+26 Sante","+26 Sante","+26 Sante","+26 Sante","+26 Sante",0xFF01FE,0,0,0,0,0,0,0,
60117,0,5,0,0,27,0,0,27,0,0,1,0,0,"+27 Sante","+27 Sante","+27 Sante","+27 Sante","+27 Sante","+27 Sante","+27 Sante","+27 Sante","+27 Sante","+27 Sante","+27 Sante","+27 Sante","+27 Sante","+27 Sante","+27 Sante","+27 Sante",0xFF01FE,0,0,0,0,0,0,0,
60118,0,5,0,0,28,0,0,28,0,0,1,0,0,"+28 Sante","+28 Sante","+28 Sante","+28 Sante","+28 Sante","+28 Sante","+28 Sante","+28 Sante","+28 Sante","+28 Sante","+28 Sante","+28 Sante","+28 Sante","+28 Sante","+28 Sante","+28 Sante",0xFF01FE,0,0,0,0,0,0,0,
60119,0,5,0,0,29,0,0,29,0,0,1,0,0,"+29 Sante","+29 Sante","+29 Sante","+29 Sante","+29 Sante","+29 Sante","+29 Sante","+29 Sante","+29 Sante","+29 Sante","+29 Sante","+29 Sante","+29 Sante","+29 Sante","+29 Sante","+29 Sante",0xFF01FE,0,0,0,0,0,0,0,
60120,0,5,0,0,30,0,0,30,0,0,1,0,0,"+30 Sante","+30 Sante","+30 Sante","+30 Sante","+30 Sante","+30 Sante","+30 Sante","+30 Sante","+30 Sante","+30 Sante","+30 Sante","+30 Sante","+30 Sante","+30 Sante","+30 Sante","+30 Sante",0xFF01FE,0,0,0,0,0,0,0,
60121,0,5,0,0,31,0,0,31,0,0,1,0,0,"+31 Sante","+31 Sante","+31 Sante","+31 Sante","+31 Sante","+31 Sante","+31 Sante","+31 Sante","+31 Sante","+31 Sante","+31 Sante","+31 Sante","+31 Sante","+31 Sante","+31 Sante","+31 Sante",0xFF01FE,0,0,0,0,0,0,0,
60122,0,5,0,0,32,0,0,32,0,0,1,0,0,"+32 Sante","+32 Sante","+32 Sante","+32 Sante","+32 Sante","+32 Sante","+32 Sante","+32 Sante","+32 Sante","+32 Sante","+32 Sante","+32 Sante","+32 Sante","+32 Sante","+32 Sante","+32 Sante",0xFF01FE,0,0,0,0,0,0,0,
60123,0,5,0,0,33,0,0,33,0,0,1,0,0,"+33 Sante","+33 Sante","+33 Sante","+33 Sante","+33 Sante","+33 Sante","+33 Sante","+33 Sante","+33 Sante","+33 Sante","+33 Sante","+33 Sante","+33 Sante","+33 Sante","+33 Sante","+33 Sante",0xFF01FE,0,0,0,0,0,0,0,
60124,0,5,0,0,34,0,0,34,0,0,1,0,0,"+34 Sante","+34 Sante","+34 Sante","+34 Sante","+34 Sante","+34 Sante","+34 Sante","+34 Sante","+34 Sante","+34 Sante","+34 Sante","+34 Sante","+34 Sante","+34 Sante","+34 Sante","+34 Sante",0xFF01FE,0,0,0,0,0,0,0,
60125,0,5,0,0,35,0,0,35,0,0,1,0,0,"+35 Sante","+35 Sante","+35 Sante","+35 Sante","+35 Sante","+35 Sante","+35 Sante","+35 Sante","+35 Sante","+35 Sante","+35 Sante","+35 Sante","+35 Sante","+35 Sante","+35 Sante","+35 Sante",0xFF01FE,0,0,0,0,0,0,0,
60126,0,5,0,0,36,0,0,36,0,0,1,0,0,"+36 Sante","+36 Sante","+36 Sante","+36 Sante","+36 Sante","+36 Sante","+36 Sante","+36 Sante","+36 Sante","+36 Sante","+36 Sante","+36 Sante","+36 Sante","+36 Sante","+36 Sante","+36 Sante",0xFF01FE,0,0,0,0,0,0,0,
60127,0,5,0,0,37,0,0,37,0,0,1,0,0,"+37 Sante","+37 Sante","+37 Sante","+37 Sante","+37 Sante","+37 Sante","+37 Sante","+37 Sante","+37 Sante","+37 Sante","+37 Sante","+37 Sante","+37 Sante","+37 Sante","+37 Sante","+37 Sante",0xFF01FE,0,0,0,0,0,0,0,
60128,0,5,0,0,38,0,0,38,0,0,1,0,0,"+38 Sante","+38 Sante","+38 Sante","+38 Sante","+38 Sante","+38 Sante","+38 Sante","+38 Sante","+38 Sante","+38 Sante","+38 Sante","+38 Sante","+38 Sante","+38 Sante","+38 Sante","+38 Sante",0xFF01FE,0,0,0,0,0,0,0,
60129,0,5,0,0,39,0,0,39,0,0,1,0,0,"+39 Sante","+39 Sante","+39 Sante","+39 Sante","+39 Sante","+39 Sante","+39 Sante","+39 Sante","+39 Sante","+39 Sante","+39 Sante","+39 Sante","+39 Sante","+39 Sante","+39 Sante","+39 Sante",0xFF01FE,0,0,0,0,0,0,0,
60130,0,5,0,0,40,0,0,40,0,0,1,0,0,"+40 Sante","+40 Sante","+40 Sante","+40 Sante","+40 Sante","+40 Sante","+40 Sante","+40 Sante","+40 Sante","+40 Sante","+40 Sante","+40 Sante","+40 Sante","+40 Sante","+40 Sante","+40 Sante",0xFF01FE,0,0,0,0,0,0,0,
60131,0,5,0,0,41,0,0,41,0,0,1,0,0,"+41 Sante","+41 Sante","+41 Sante","+41 Sante","+41 Sante","+41 Sante","+41 Sante","+41 Sante","+41 Sante","+41 Sante","+41 Sante","+41 Sante","+41 Sante","+41 Sante","+41 Sante","+41 Sante",0xFF01FE,0,0,0,0,0,0,0,
60132,0,5,0,0,42,0,0,42,0,0,1,0,0,"+42 Sante","+42 Sante","+42 Sante","+42 Sante","+42 Sante","+42 Sante","+42 Sante","+42 Sante","+42 Sante","+42 Sante","+42 Sante","+42 Sante","+42 Sante","+42 Sante","+42 Sante","+42 Sante",0xFF01FE,0,0,0,0,0,0,0,
60133,0,5,0,0,43,0,0,43,0,0,1,0,0,"+43 Sante","+43 Sante","+43 Sante","+43 Sante","+43 Sante","+43 Sante","+43 Sante","+43 Sante","+43 Sante","+43 Sante","+43 Sante","+43 Sante","+43 Sante","+43 Sante","+43 Sante","+43 Sante",0xFF01FE,0,0,0,0,0,0,0,
60134,0,5,0,0,44,0,0,44,0,0,1,0,0,"+44 Sante","+44 Sante","+44 Sante","+44 Sante","+44 Sante","+44 Sante","+44 Sante","+44 Sante","+44 Sante","+44 Sante","+44 Sante","+44 Sante","+44 Sante","+44 Sante","+44 Sante","+44 Sante",0xFF01FE,0,0,0,0,0,0,0,
60135,0,5,0,0,45,0,0,45,0,0,1,0,0,"+45 Sante","+45 Sante","+45 Sante","+45 Sante","+45 Sante","+45 Sante","+45 Sante","+45 Sante","+45 Sante","+45 Sante","+45 Sante","+45 Sante","+45 Sante","+45 Sante","+45 Sante","+45 Sante",0xFF01FE,0,0,0,0,0,0,0,
60136,0,5,0,0,46,0,0,46,0,0,1,0,0,"+46 Sante","+46 Sante","+46 Sante","+46 Sante","+46 Sante","+46 Sante","+46 Sante","+46 Sante","+46 Sante","+46 Sante","+46 Sante","+46 Sante","+46 Sante","+46 Sante","+46 Sante","+46 Sante",0xFF01FE,0,0,0,0,0,0,0,
60137,0,5,0,0,47,0,0,47,0,0,1,0,0,"+47 Sante","+47 Sante","+47 Sante","+47 Sante","+47 Sante","+47 Sante","+47 Sante","+47 Sante","+47 Sante","+47 Sante","+47 Sante","+47 Sante","+47 Sante","+47 Sante","+47 Sante","+47 Sante",0xFF01FE,0,0,0,0,0,0,0,
60138,0,5,0,0,48,0,0,48,0,0,1,0,0,"+48 Sante","+48 Sante","+48 Sante","+48 Sante","+48 Sante","+48 Sante","+48 Sante","+48 Sante","+48 Sante","+48 Sante","+48 Sante","+48 Sante","+48 Sante","+48 Sante","+48 Sante","+48 Sante",0xFF01FE,0,0,0,0,0,0,0,
60139,0,5,0,0,49,0,0,49,0,0,1,0,0,"+49 Sante","+49 Sante","+49 Sante","+49 Sante","+49 Sante","+49 Sante","+49 Sante","+49 Sante","+49 Sante","+49 Sante","+49 Sante","+49 Sante","+49 Sante","+49 Sante","+49 Sante","+49 Sante",0xFF01FE,0,0,0,0,0,0,0,
60140,0,5,0,0,50,0,0,50,0,0,1,0,0,"+50 Sante","+50 Sante","+50 Sante","+50 Sante","+50 Sante","+50 Sante","+50 Sante","+50 Sante","+50 Sante","+50 Sante","+50 Sante","+50 Sante","+50 Sante","+50 Sante","+50 Sante","+50 Sante",0xFF01FE,0,0,0,0,0,0,0,
60141,0,5,0,0,51,0,0,51,0,0,1,0,0,"+51 Sante","+51 Sante","+51 Sante","+51 Sante","+51 Sante","+51 Sante","+51 Sante","+51 Sante","+51 Sante","+51 Sante","+51 Sante","+51 Sante","+51 Sante","+51 Sante","+51 Sante","+51 Sante",0xFF01FE,0,0,0,0,0,0,0,
60142,0,5,0,0,52,0,0,52,0,0,1,0,0,"+52 Sante","+52 Sante","+52 Sante","+52 Sante","+52 Sante","+52 Sante","+52 Sante","+52 Sante","+52 Sante","+52 Sante","+52 Sante","+52 Sante","+52 Sante","+52 Sante","+52 Sante","+52 Sante",0xFF01FE,0,0,0,0,0,0,0,
60143,0,5,0,0,53,0,0,53,0,0,1,0,0,"+53 Sante","+53 Sante","+53 Sante","+53 Sante","+53 Sante","+53 Sante","+53 Sante","+53 Sante","+53 Sante","+53 Sante","+53 Sante","+53 Sante","+53 Sante","+53 Sante","+53 Sante","+53 Sante",0xFF01FE,0,0,0,0,0,0,0,
60144,0,5,0,0,54,0,0,54,0,0,1,0,0,"+54 Sante","+54 Sante","+54 Sante","+54 Sante","+54 Sante","+54 Sante","+54 Sante","+54 Sante","+54 Sante","+54 Sante","+54 Sante","+54 Sante","+54 Sante","+54 Sante","+54 Sante","+54 Sante",0xFF01FE,0,0,0,0,0,0,0,
60145,0,5,0,0,55,0,0,55,0,0,1,0,0,"+55 Sante","+55 Sante","+55 Sante","+55 Sante","+55 Sante","+55 Sante","+55 Sante","+55 Sante","+55 Sante","+55 Sante","+55 Sante","+55 Sante","+55 Sante","+55 Sante","+55 Sante","+55 Sante",0xFF01FE,0,0,0,0,0,0,0,
60146,0,5,0,0,56,0,0,56,0,0,1,0,0,"+56 Sante","+56 Sante","+56 Sante","+56 Sante","+56 Sante","+56 Sante","+56 Sante","+56 Sante","+56 Sante","+56 Sante","+56 Sante","+56 Sante","+56 Sante","+56 Sante","+56 Sante","+56 Sante",0xFF01FE,0,0,0,0,0,0,0,
60147,0,5,0,0,57,0,0,57,0,0,1,0,0,"+57 Sante","+57 Sante","+57 Sante","+57 Sante","+57 Sante","+57 Sante","+57 Sante","+57 Sante","+57 Sante","+57 Sante","+57 Sante","+57 Sante","+57 Sante","+57 Sante","+57 Sante","+57 Sante",0xFF01FE,0,0,0,0,0,0,0,
60148,0,5,0,0,58,0,0,58,0,0,1,0,0,"+58 Sante","+58 Sante","+58 Sante","+58 Sante","+58 Sante","+58 Sante","+58 Sante","+58 Sante","+58 Sante","+58 Sante","+58 Sante","+58 Sante","+58 Sante","+58 Sante","+58 Sante","+58 Sante",0xFF01FE,0,0,0,0,0,0,0,
60149,0,5,0,0,59,0,0,59,0,0,1,0,0,"+59 Sante","+59 Sante","+59 Sante","+59 Sante","+59 Sante","+59 Sante","+59 Sante","+59 Sante","+59 Sante","+59 Sante","+59 Sante","+59 Sante","+59 Sante","+59 Sante","+59 Sante","+59 Sante",0xFF01FE,0,0,0,0,0,0,0,
60150,0,5,0,0,60,0,0,60,0,0,1,0,0,"+60 Sante","+60 Sante","+60 Sante","+60 Sante","+60 Sante","+60 Sante","+60 Sante","+60 Sante","+60 Sante","+60 Sante","+60 Sante","+60 Sante","+60 Sante","+60 Sante","+60 Sante","+60 Sante",0xFF01FE,0,0,0,0,0,0,0,
60151,0,5,0,0,61,0,0,61,0,0,1,0,0,"+61 Sante","+61 Sante","+61 Sante","+61 Sante","+61 Sante","+61 Sante","+61 Sante","+61 Sante","+61 Sante","+61 Sante","+61 Sante","+61 Sante","+61 Sante","+61 Sante","+61 Sante","+61 Sante",0xFF01FE,0,0,0,0,0,0,0,
60152,0,5,0,0,62,0,0,62,0,0,1,0,0,"+62 Sante","+62 Sante","+62 Sante","+62 Sante","+62 Sante","+62 Sante","+62 Sante","+62 Sante","+62 Sante","+62 Sante","+62 Sante","+62 Sante","+62 Sante","+62 Sante","+62 Sante","+62 Sante",0xFF01FE,0,0,0,0,0,0,0,
60153,0,5,0,0,63,0,0,63,0,0,1,0,0,"+63 Sante","+63 Sante","+63 Sante","+63 Sante","+63 Sante","+63 Sante","+63 Sante","+63 Sante","+63 Sante","+63 Sante","+63 Sante","+63 Sante","+63 Sante","+63 Sante","+63 Sante","+63 Sante",0xFF01FE,0,0,0,0,0,0,0,
60154,0,5,0,0,64,0,0,64,0,0,1,0,0,"+64 Sante","+64 Sante","+64 Sante","+64 Sante","+64 Sante","+64 Sante","+64 Sante","+64 Sante","+64 Sante","+64 Sante","+64 Sante","+64 Sante","+64 Sante","+64 Sante","+64 Sante","+64 Sante",0xFF01FE,0,0,0,0,0,0,0,
60155,0,5,0,0,65,0,0,65,0,0,1,0,0,"+65 Sante","+65 Sante","+65 Sante","+65 Sante","+65 Sante","+65 Sante","+65 Sante","+65 Sante","+65 Sante","+65 Sante","+65 Sante","+65 Sante","+65 Sante","+65 Sante","+65 Sante","+65 Sante",0xFF01FE,0,0,0,0,0,0,0,
60156,0,5,0,0,66,0,0,66,0,0,1,0,0,"+66 Sante","+66 Sante","+66 Sante","+66 Sante","+66 Sante","+66 Sante","+66 Sante","+66 Sante","+66 Sante","+66 Sante","+66 Sante","+66 Sante","+66 Sante","+66 Sante","+66 Sante","+66 Sante",0xFF01FE,0,0,0,0,0,0,0,
60157,0,5,0,0,67,0,0,67,0,0,1,0,0,"+67 Sante","+67 Sante","+67 Sante","+67 Sante","+67 Sante","+67 Sante","+67 Sante","+67 Sante","+67 Sante","+67 Sante","+67 Sante","+67 Sante","+67 Sante","+67 Sante","+67 Sante","+67 Sante",0xFF01FE,0,0,0,0,0,0,0,
60158,0,5,0,0,68,0,0,68,0,0,1,0,0,"+68 Sante","+68 Sante","+68 Sante","+68 Sante","+68 Sante","+68 Sante","+68 Sante","+68 Sante","+68 Sante","+68 Sante","+68 Sante","+68 Sante","+68 Sante","+68 Sante","+68 Sante","+68 Sante",0xFF01FE,0,0,0,0,0,0,0,
60159,0,5,0,0,69,0,0,69,0,0,1,0,0,"+69 Sante","+69 Sante","+69 Sante","+69 Sante","+69 Sante","+69 Sante","+69 Sante","+69 Sante","+69 Sante","+69 Sante","+69 Sante","+69 Sante","+69 Sante","+69 Sante","+69 Sante","+69 Sante",0xFF01FE,0,0,0,0,0,0,0,
60160,0,5,0,0,70,0,0,70,0,0,1,0,0,"+70 Sante","+70 Sante","+70 Sante","+70 Sante","+70 Sante","+70 Sante","+70 Sante","+70 Sante","+70 Sante","+70 Sante","+70 Sante","+70 Sante","+70 Sante","+70 Sante","+70 Sante","+70 Sante",0xFF01FE,0,0,0,0,0,0,0,
60161,0,5,0,0,71,0,0,71,0,0,1,0,0,"+71 Sante","+71 Sante","+71 Sante","+71 Sante","+71 Sante","+71 Sante","+71 Sante","+71 Sante","+71 Sante","+71 Sante","+71 Sante","+71 Sante","+71 Sante","+71 Sante","+71 Sante","+71 Sante",0xFF01FE,0,0,0,0,0,0,0,
60162,0,5,0,0,72,0,0,72,0,0,1,0,0,"+72 Sante","+72 Sante","+72 Sante","+72 Sante","+72 Sante","+72 Sante","+72 Sante","+72 Sante","+72 Sante","+72 Sante","+72 Sante","+72 Sante","+72 Sante","+72 Sante","+72 Sante","+72 Sante",0xFF01FE,0,0,0,0,0,0,0,
60163,0,5,0,0,73,0,0,73,0,0,1,0,0,"+73 Sante","+73 Sante","+73 Sante","+73 Sante","+73 Sante","+73 Sante","+73 Sante","+73 Sante","+73 Sante","+73 Sante","+73 Sante","+73 Sante","+73 Sante","+73 Sante","+73 Sante","+73 Sante",0xFF01FE,0,0,0,0,0,0,0,
60164,0,5,0,0,74,0,0,74,0,0,1,0,0,"+74 Sante","+74 Sante","+74 Sante","+74 Sante","+74 Sante","+74 Sante","+74 Sante","+74 Sante","+74 Sante","+74 Sante","+74 Sante","+74 Sante","+74 Sante","+74 Sante","+74 Sante","+74 Sante",0xFF01FE,0,0,0,0,0,0,0,
60165,0,5,0,0,75,0,0,75,0,0,1,0,0,"+75 Sante","+75 Sante","+75 Sante","+75 Sante","+75 Sante","+75 Sante","+75 Sante","+75 Sante","+75 Sante","+75 Sante","+75 Sante","+75 Sante","+75 Sante","+75 Sante","+75 Sante","+75 Sante",0xFF01FE,0,0,0,0,0,0,0,
60166,0,5,0,0,76,0,0,76,0,0,1,0,0,"+76 Sante","+76 Sante","+76 Sante","+76 Sante","+76 Sante","+76 Sante","+76 Sante","+76 Sante","+76 Sante","+76 Sante","+76 Sante","+76 Sante","+76 Sante","+76 Sante","+76 Sante","+76 Sante",0xFF01FE,0,0,0,0,0,0,0,
60167,0,5,0,0,77,0,0,77,0,0,1,0,0,"+77 Sante","+77 Sante","+77 Sante","+77 Sante","+77 Sante","+77 Sante","+77 Sante","+77 Sante","+77 Sante","+77 Sante","+77 Sante","+77 Sante","+77 Sante","+77 Sante","+77 Sante","+77 Sante",0xFF01FE,0,0,0,0,0,0,0,
60168,0,5,0,0,78,0,0,78,0,0,1,0,0,"+78 Sante","+78 Sante","+78 Sante","+78 Sante","+78 Sante","+78 Sante","+78 Sante","+78 Sante","+78 Sante","+78 Sante","+78 Sante","+78 Sante","+78 Sante","+78 Sante","+78 Sante","+78 Sante",0xFF01FE,0,0,0,0,0,0,0,
60169,0,5,0,0,79,0,0,79,0,0,1,0,0,"+79 Sante","+79 Sante","+79 Sante","+79 Sante","+79 Sante","+79 Sante","+79 Sante","+79 Sante","+79 Sante","+79 Sante","+79 Sante","+79 Sante","+79 Sante","+79 Sante","+79 Sante","+79 Sante",0xFF01FE,0,0,0,0,0,0,0,
60170,0,5,0,0,80,0,0,80,0,0,1,0,0,"+80 Sante","+80 Sante","+80 Sante","+80 Sante","+80 Sante","+80 Sante","+80 Sante","+80 Sante","+80 Sante","+80 Sante","+80 Sante","+80 Sante","+80 Sante","+80 Sante","+80 Sante","+80 Sante",0xFF01FE,0,0,0,0,0,0,0,
60300,0,5,0,0,3,0,0,3,0,0,3,0,0,"+3 Agilite","+3 Agilite","+3 Agilite","+3 Agilite","+3 Agilite","+3 Agilite","+3 Agilite","+3 Agilite","+3 Agilite","+3 Agilite","+3 Agilite","+3 Agilite","+3 Agilite","+3 Agilite","+3 Agilite","+3 Agilite",0xFF01FE,0,0,0,0,0,0,0,
60301,0,5,0,0,4,0,0,4,0,0,3,0,0,"+4 Agilite","+4 Agilite","+4 Agilite","+4 Agilite","+4 Agilite","+4 Agilite","+4 Agilite","+4 Agilite","+4 Agilite","+4 Agilite","+4 Agilite","+4 Agilite","+4 Agilite","+4 Agilite","+4 Agilite","+4 Agilite",0xFF01FE,0,0,0,0,0,0,0,
60302,0,5,0,0,5,0,0,5,0,0,3,0,0,"+5 Agilite","+5 Agilite","+5 Agilite","+5 Agilite","+5 Agilite","+5 Agilite","+5 Agilite","+5 Agilite","+5 Agilite","+5 Agilite","+5 Agilite","+5 Agilite","+5 Agilite","+5 Agilite","+5 Agilite","+5 Agilite",0xFF01FE,0,0,0,0,0,0,0,
60303,0,5,0,0,6,0,0,6,0,0,3,0,0,"+6 Agilite","+6 Agilite","+6 Agilite","+6 Agilite","+6 Agilite","+6 Agilite","+6 Agilite","+6 Agilite","+6 Agilite","+6 Agilite","+6 Agilite","+6 Agilite","+6 Agilite","+6 Agilite","+6 Agilite","+6 Agilite",0xFF01FE,0,0,0,0,0,0,0,
60304,0,5,0,0,7,0,0,7,0,0,3,0,0,"+7 Agilite","+7 Agilite","+7 Agilite","+7 Agilite","+7 Agilite","+7 Agilite","+7 Agilite","+7 Agilite","+7 Agilite","+7 Agilite","+7 Agilite","+7 Agilite","+7 Agilite","+7 Agilite","+7 Agilite","+7 Agilite",0xFF01FE,0,0,0,0,0,0,0,
60305,0,5,0,0,8,0,0,8,0,0,3,0,0,"+8 Agilite","+8 Agilite","+8 Agilite","+8 Agilite","+8 Agilite","+8 Agilite","+8 Agilite","+8 Agilite","+8 Agilite","+8 Agilite","+8 Agilite","+8 Agilite","+8 Agilite","+8 Agilite","+8 Agilite","+8 Agilite",0xFF01FE,0,0,0,0,0,0,0,
60306,0,5,0,0,9,0,0,9,0,0,3,0,0,"+9 Agilite","+9 Agilite","+9 Agilite","+9 Agilite","+9 Agilite","+9 Agilite","+9 Agilite","+9 Agilite","+9 Agilite","+9 Agilite","+9 Agilite","+9 Agilite","+9 Agilite","+9 Agilite","+9 Agilite","+9 Agilite",0xFF01FE,0,0,0,0,0,0,0,
60307,0,5,0,0,10,0,0,10,0,0,3,0,0,"+10 Agilite","+10 Agilite","+10 Agilite","+10 Agilite","+10 Agilite","+10 Agilite","+10 Agilite","+10 Agilite","+10 Agilite","+10 Agilite","+10 Agilite","+10 Agilite","+10 Agilite","+10 Agilite","+10 Agilite","+10 Agilite",0xFF01FE,0,0,0,0,0,0,0,
60308,0,5,0,0,11,0,0,11,0,0,3,0,0,"+11 Agilite","+11 Agilite","+11 Agilite","+11 Agilite","+11 Agilite","+11 Agilite","+11 Agilite","+11 Agilite","+11 Agilite","+11 Agilite","+11 Agilite","+11 Agilite","+11 Agilite","+11 Agilite","+11 Agilite","+11 Agilite",0xFF01FE,0,0,0,0,0,0,0,
60309,0,5,0,0,12,0,0,12,0,0,3,0,0,"+12 Agilite","+12 Agilite","+12 Agilite","+12 Agilite","+12 Agilite","+12 Agilite","+12 Agilite","+12 Agilite","+12 Agilite","+12 Agilite","+12 Agilite","+12 Agilite","+12 Agilite","+12 Agilite","+12 Agilite","+12 Agilite",0xFF01FE,0,0,0,0,0,0,0,
60310,0,5,0,0,13,0,0,13,0,0,3,0,0,"+13 Agilite","+13 Agilite","+13 Agilite","+13 Agilite","+13 Agilite","+13 Agilite","+13 Agilite","+13 Agilite","+13 Agilite","+13 Agilite","+13 Agilite","+13 Agilite","+13 Agilite","+13 Agilite","+13 Agilite","+13 Agilite",0xFF01FE,0,0,0,0,0,0,0,
60311,0,5,0,0,14,0,0,14,0,0,3,0,0,"+14 Agilite","+14 Agilite","+14 Agilite","+14 Agilite","+14 Agilite","+14 Agilite","+14 Agilite","+14 Agilite","+14 Agilite","+14 Agilite","+14 Agilite","+14 Agilite","+14 Agilite","+14 Agilite","+14 Agilite","+14 Agilite",0xFF01FE,0,0,0,0,0,0,0,
60312,0,5,0,0,15,0,0,15,0,0,3,0,0,"+15 Agilite","+15 Agilite","+15 Agilite","+15 Agilite","+15 Agilite","+15 Agilite","+15 Agilite","+15 Agilite","+15 Agilite","+15 Agilite","+15 Agilite","+15 Agilite","+15 Agilite","+15 Agilite","+15 Agilite","+15 Agilite",0xFF01FE,0,0,0,0,0,0,0,
60313,0,5,0,0,16,0,0,16,0,0,3,0,0,"+16 Agilite","+16 Agilite","+16 Agilite","+16 Agilite","+16 Agilite","+16 Agilite","+16 Agilite","+16 Agilite","+16 Agilite","+16 Agilite","+16 Agilite","+16 Agilite","+16 Agilite","+16 Agilite","+16 Agilite","+16 Agilite",0xFF01FE,0,0,0,0,0,0,0,
60314,0,5,0,0,17,0,0,17,0,0,3,0,0,"+17 Agilite","+17 Agilite","+17 Agilite","+17 Agilite","+17 Agilite","+17 Agilite","+17 Agilite","+17 Agilite","+17 Agilite","+17 Agilite","+17 Agilite","+17 Agilite","+17 Agilite","+17 Agilite","+17 Agilite","+17 Agilite",0xFF01FE,0,0,0,0,0,0,0,
60315,0,5,0,0,18,0,0,18,0,0,3,0,0,"+18 Agilite","+18 Agilite","+18 Agilite","+18 Agilite","+18 Agilite","+18 Agilite","+18 Agilite","+18 Agilite","+18 Agilite","+18 Agilite","+18 Agilite","+18 Agilite","+18 Agilite","+18 Agilite","+18 Agilite","+18 Agilite",0xFF01FE,0,0,0,0,0,0,0,
60316,0,5,0,0,19,0,0,19,0,0,3,0,0,"+19 Agilite","+19 Agilite","+19 Agilite","+19 Agilite","+19 Agilite","+19 Agilite","+19 Agilite","+19 Agilite","+19 Agilite","+19 Agilite","+19 Agilite","+19 Agilite","+19 Agilite","+19 Agilite","+19 Agilite","+19 Agilite",0xFF01FE,0,0,0,0,0,0,0,
60317,0,5,0,0,20,0,0,20,0,0,3,0,0,"+20 Agilite","+20 Agilite","+20 Agilite","+20 Agilite","+20 Agilite","+20 Agilite","+20 Agilite","+20 Agilite","+20 Agilite","+20 Agilite","+20 Agilite","+20 Agilite","+20 Agilite","+20 Agilite","+20 Agilite","+20 Agilite",0xFF01FE,0,0,0,0,0,0,0,
60318,0,5,0,0,21,0,0,21,0,0,3,0,0,"+21 Agilite","+21 Agilite","+21 Agilite","+21 Agilite","+21 Agilite","+21 Agilite","+21 Agilite","+21 Agilite","+21 Agilite","+21 Agilite","+21 Agilite","+21 Agilite","+21 Agilite","+21 Agilite","+21 Agilite","+21 Agilite",0xFF01FE,0,0,0,0,0,0,0,
60319,0,5,0,0,22,0,0,22,0,0,3,0,0,"+22 Agilite","+22 Agilite","+22 Agilite","+22 Agilite","+22 Agilite","+22 Agilite","+22 Agilite","+22 Agilite","+22 Agilite","+22 Agilite","+22 Agilite","+22 Agilite","+22 Agilite","+22 Agilite","+22 Agilite","+22 Agilite",0xFF01FE,0,0,0,0,0,0,0,
60320,0,5,0,0,23,0,0,23,0,0,3,0,0,"+23 Agilite","+23 Agilite","+23 Agilite","+23 Agilite","+23 Agilite","+23 Agilite","+23 Agilite","+23 Agilite","+23 Agilite","+23 Agilite","+23 Agilite","+23 Agilite","+23 Agilite","+23 Agilite","+23 Agilite","+23 Agilite",0xFF01FE,0,0,0,0,0,0,0,
60321,0,5,0,0,24,0,0,24,0,0,3,0,0,"+24 Agilite","+24 Agilite","+24 Agilite","+24 Agilite","+24 Agilite","+24 Agilite","+24 Agilite","+24 Agilite","+24 Agilite","+24 Agilite","+24 Agilite","+24 Agilite","+24 Agilite","+24 Agilite","+24 Agilite","+24 Agilite",0xFF01FE,0,0,0,0,0,0,0,
60322,0,5,0,0,25,0,0,25,0,0,3,0,0,"+25 Agilite","+25 Agilite","+25 Agilite","+25 Agilite","+25 Agilite","+25 Agilite","+25 Agilite","+25 Agilite","+25 Agilite","+25 Agilite","+25 Agilite","+25 Agilite","+25 Agilite","+25 Agilite","+25 Agilite","+25 Agilite",0xFF01FE,0,0,0,0,0,0,0,
60400,0,5,0,0,3,0,0,3,0,0,4,0,0,"+3 Force","+3 Force","+3 Force","+3 Force","+3 Force","+3 Force","+3 Force","+3 Force","+3 Force","+3 Force","+3 Force","+3 Force","+3 Force","+3 Force","+3 Force","+3 Force",0xFF01FE,0,0,0,0,0,0,0,
60401,0,5,0,0,4,0,0,4,0,0,4,0,0,"+4 Force","+4 Force","+4 Force","+4 Force","+4 Force","+4 Force","+4 Force","+4 Force","+4 Force","+4 Force","+4 Force","+4 Force","+4 Force","+4 Force","+4 Force","+4 Force",0xFF01FE,0,0,0,0,0,0,0,
60402,0,5,0,0,5,0,0,5,0,0,4,0,0,"+5 Force","+5 Force","+5 Force","+5 Force","+5 Force","+5 Force","+5 Force","+5 Force","+5 Force","+5 Force","+5 Force","+5 Force","+5 Force","+5 Force","+5 Force","+5 Force",0xFF01FE,0,0,0,0,0,0,0,
60403,0,5,0,0,6,0,0,6,0,0,4,0,0,"+6 Force","+6 Force","+6 Force","+6 Force","+6 Force","+6 Force","+6 Force","+6 Force","+6 Force","+6 Force","+6 Force","+6 Force","+6 Force","+6 Force","+6 Force","+6 Force",0xFF01FE,0,0,0,0,0,0,0,
60404,0,5,0,0,7,0,0,7,0,0,4,0,0,"+7 Force","+7 Force","+7 Force","+7 Force","+7 Force","+7 Force","+7 Force","+7 Force","+7 Force","+7 Force","+7 Force","+7 Force","+7 Force","+7 Force","+7 Force","+7 Force",0xFF01FE,0,0,0,0,0,0,0,
60405,0,5,0,0,8,0,0,8,0,0,4,0,0,"+8 Force","+8 Force","+8 Force","+8 Force","+8 Force","+8 Force","+8 Force","+8 Force","+8 Force","+8 Force","+8 Force","+8 Force","+8 Force","+8 Force","+8 Force","+8 Force",0xFF01FE,0,0,0,0,0,0,0,
60406,0,5,0,0,9,0,0,9,0,0,4,0,0,"+9 Force","+9 Force","+9 Force","+9 Force","+9 Force","+9 Force","+9 Force","+9 Force","+9 Force","+9 Force","+9 Force","+9 Force","+9 Force","+9 Force","+9 Force","+9 Force",0xFF01FE,0,0,0,0,0,0,0,
60407,0,5,0,0,10,0,0,10,0,0,4,0,0,"+10 Force","+10 Force","+10 Force","+10 Force","+10 Force","+10 Force","+10 Force","+10 Force","+10 Force","+10 Force","+10 Force","+10 Force","+10 Force","+10 Force","+10 Force","+10 Force",0xFF01FE,0,0,0,0,0,0,0,
60408,0,5,0,0,11,0,0,11,0,0,4,0,0,"+11 Force","+11 Force","+11 Force","+11 Force","+11 Force","+11 Force","+11 Force","+11 Force","+11 Force","+11 Force","+11 Force","+11 Force","+11 Force","+11 Force","+11 Force","+11 Force",0xFF01FE,0,0,0,0,0,0,0,
60409,0,5,0,0,12,0,0,12,0,0,4,0,0,"+12 Force","+12 Force","+12 Force","+12 Force","+12 Force","+12 Force","+12 Force","+12 Force","+12 Force","+12 Force","+12 Force","+12 Force","+12 Force","+12 Force","+12 Force","+12 Force",0xFF01FE,0,0,0,0,0,0,0,
60410,0,5,0,0,13,0,0,13,0,0,4,0,0,"+13 Force","+13 Force","+13 Force","+13 Force","+13 Force","+13 Force","+13 Force","+13 Force","+13 Force","+13 Force","+13 Force","+13 Force","+13 Force","+13 Force","+13 Force","+13 Force",0xFF01FE,0,0,0,0,0,0,0,
60411,0,5,0,0,14,0,0,14,0,0,4,0,0,"+14 Force","+14 Force","+14 Force","+14 Force","+14 Force","+14 Force","+14 Force","+14 Force","+14 Force","+14 Force","+14 Force","+14 Force","+14 Force","+14 Force","+14 Force","+14 Force",0xFF01FE,0,0,0,0,0,0,0,
60412,0,5,0,0,15,0,0,15,0,0,4,0,0,"+15 Force","+15 Force","+15 Force","+15 Force","+15 Force","+15 Force","+15 Force","+15 Force","+15 Force","+15 Force","+15 Force","+15 Force","+15 Force","+15 Force","+15 Force","+15 Force",0xFF01FE,0,0,0,0,0,0,0,
60413,0,5,0,0,16,0,0,16,0,0,4,0,0,"+16 Force","+16 Force","+16 Force","+16 Force","+16 Force","+16 Force","+16 Force","+16 Force","+16 Force","+16 Force","+16 Force","+16 Force","+16 Force","+16 Force","+16 Force","+16 Force",0xFF01FE,0,0,0,0,0,0,0,
60414,0,5,0,0,17,0,0,17,0,0,4,0,0,"+17 Force","+17 Force","+17 Force","+17 Force","+17 Force","+17 Force","+17 Force","+17 Force","+17 Force","+17 Force","+17 Force","+17 Force","+17 Force","+17 Force","+17 Force","+17 Force",0xFF01FE,0,0,0,0,0,0,0,
60415,0,5,0,0,18,0,0,18,0,0,4,0,0,"+18 Force","+18 Force","+18 Force","+18 Force","+18 Force","+18 Force","+18 Force","+18 Force","+18 Force","+18 Force","+18 Force","+18 Force","+18 Force","+18 Force","+18 Force","+18 Force",0xFF01FE,0,0,0,0,0,0,0,
60416,0,5,0,0,19,0,0,19,0,0,4,0,0,"+19 Force","+19 Force","+19 Force","+19 Force","+19 Force","+19 Force","+19 Force","+19 Force","+19 Force","+19 Force","+19 Force","+19 Force","+19 Force","+19 Force","+19 Force","+19 Force",0xFF01FE,0,0,0,0,0,0,0,
60417,0,5,0,0,20,0,0,20,0,0,4,0,0,"+20 Force","+20 Force","+20 Force","+20 Force","+20 Force","+20 Force","+20 Force","+20 Force","+20 Force","+20 Force","+20 Force","+20 Force","+20 Force","+20 Force","+20 Force","+20 Force",0xFF01FE,0,0,0,0,0,0,0,
60418,0,5,0,0,21,0,0,21,0,0,4,0,0,"+21 Force","+21 Force","+21 Force","+21 Force","+21 Force","+21 Force","+21 Force","+21 Force","+21 Force","+21 Force","+21 Force","+21 Force","+21 Force","+21 Force","+21 Force","+21 Force",0xFF01FE,0,0,0,0,0,0,0,
60419,0,5,0,0,22,0,0,22,0,0,4,0,0,"+22 Force","+22 Force","+22 Force","+22 Force","+22 Force","+22 Force","+22 Force","+22 Force","+22 Force","+22 Force","+22 Force","+22 Force","+22 Force","+22 Force","+22 Force","+22 Force",0xFF01FE,0,0,0,0,0,0,0,
60420,0,5,0,0,23,0,0,23,0,0,4,0,0,"+23 Force","+23 Force","+23 Force","+23 Force","+23 Force","+23 Force","+23 Force","+23 Force","+23 Force","+23 Force","+23 Force","+23 Force","+23 Force","+23 Force","+23 Force","+23 Force",0xFF01FE,0,0,0,0,0,0,0,
60421,0,5,0,0,24,0,0,24,0,0,4,0,0,"+24 Force","+24 Force","+24 Force","+24 Force","+24 Force","+24 Force","+24 Force","+24 Force","+24 Force","+24 Force","+24 Force","+24 Force","+24 Force","+24 Force","+24 Force","+24 Force",0xFF01FE,0,0,0,0,0,0,0,
60422,0,5,0,0,25,0,0,25,0,0,4,0,0,"+25 Force","+25 Force","+25 Force","+25 Force","+25 Force","+25 Force","+25 Force","+25 Force","+25 Force","+25 Force","+25 Force","+25 Force","+25 Force","+25 Force","+25 Force","+25 Force",0xFF01FE,0,0,0,0,0,0,0,
60500,0,5,0,0,3,0,0,3,0,0,5,0,0,"+3 Intellect","+3 Intellect","+3 Intellect","+3 Intellect","+3 Intellect","+3 Intellect","+3 Intellect","+3 Intellect","+3 Intellect","+3 Intellect","+3 Intellect","+3 Intellect","+3 Intellect","+3 Intellect","+3 Intellect","+3 Intellect",0xFF01FE,0,0,0,0,0,0,0,
60501,0,5,0,0,4,0,0,4,0,0,5,0,0,"+4 Intellect","+4 Intellect","+4 Intellect","+4 Intellect","+4 Intellect","+4 Intellect","+4 Intellect","+4 Intellect","+4 Intellect","+4 Intellect","+4 Intellect","+4 Intellect","+4 Intellect","+4 Intellect","+4 Intellect","+4 Intellect",0xFF01FE,0,0,0,0,0,0,0,
60502,0,5,0,0,5,0,0,5,0,0,5,0,0,"+5 Intellect","+5 Intellect","+5 Intellect","+5 Intellect","+5 Intellect","+5 Intellect","+5 Intellect","+5 Intellect","+5 Intellect","+5 Intellect","+5 Intellect","+5 Intellect","+5 Intellect","+5 Intellect","+5 Intellect","+5 Intellect",0xFF01FE,0,0,0,0,0,0,0,
60503,0,5,0,0,6,0,0,6,0,0,5,0,0,"+6 Intellect","+6 Intellect","+6 Intellect","+6 Intellect","+6 Intellect","+6 Intellect","+6 Intellect","+6 Intellect","+6 Intellect","+6 Intellect","+6 Intellect","+6 Intellect","+6 Intellect","+6 Intellect","+6 Intellect","+6 Intellect",0xFF01FE,0,0,0,0,0,0,0,
60504,0,5,0,0,7,0,0,7,0,0,5,0,0,"+7 Intellect","+7 Intellect","+7 Intellect","+7 Intellect","+7 Intellect","+7 Intellect","+7 Intellect","+7 Intellect","+7 Intellect","+7 Intellect","+7 Intellect","+7 Intellect","+7 Intellect","+7 Intellect","+7 Intellect","+7 Intellect",0xFF01FE,0,0,0,0,0,0,0,
60505,0,5,0,0,8,0,0,8,0,0,5,0,0,"+8 Intellect","+8 Intellect","+8 Intellect","+8 Intellect","+8 Intellect","+8 Intellect","+8 Intellect","+8 Intellect","+8 Intellect","+8 Intellect","+8 Intellect","+8 Intellect","+8 Intellect","+8 Intellect","+8 Intellect","+8 Intellect",0xFF01FE,0,0,0,0,0,0,0,
60506,0,5,0,0,9,0,0,9,0,0,5,0,0,"+9 Intellect","+9 Intellect","+9 Intellect","+9 Intellect","+9 Intellect","+9 Intellect","+9 Intellect","+9 Intellect","+9 Intellect","+9 Intellect","+9 Intellect","+9 Intellect","+9 Intellect","+9 Intellect","+9 Intellect","+9 Intellect",0xFF01FE,0,0,0,0,0,0,0,
60507,0,5,0,0,10,0,0,10,0,0,5,0,0,"+10 Intellect","+10 Intellect","+10 Intellect","+10 Intellect","+10 Intellect","+10 Intellect","+10 Intellect","+10 Intellect","+10 Intellect","+10 Intellect","+10 Intellect","+10 Intellect","+10 Intellect","+10 Intellect","+10 Intellect","+10 Intellect",0xFF01FE,0,0,0,0,0,0,0,
60508,0,5,0,0,11,0,0,11,0,0,5,0,0,"+11 Intellect","+11 Intellect","+11 Intellect","+11 Intellect","+11 Intellect","+11 Intellect","+11 Intellect","+11 Intellect","+11 Intellect","+11 Intellect","+11 Intellect","+11 Intellect","+11 Intellect","+11 Intellect","+11 Intellect","+11 Intellect",0xFF01FE,0,0,0,0,0,0,0,
60509,0,5,0,0,12,0,0,12,0,0,5,0,0,"+12 Intellect","+12 Intellect","+12 Intellect","+12 Intellect","+12 Intellect","+12 Intellect","+12 Intellect","+12 Intellect","+12 Intellect","+12 Intellect","+12 Intellect","+12 Intellect","+12 Intellect","+12 Intellect","+12 Intellect","+12 Intellect",0xFF01FE,0,0,0,0,0,0,0,
60510,0,5,0,0,13,0,0,13,0,0,5,0,0,"+13 Intellect","+13 Intellect","+13 Intellect","+13 Intellect","+13 Intellect","+13 Intellect","+13 Intellect","+13 Intellect","+13 Intellect","+13 Intellect","+13 Intellect","+13 Intellect","+13 Intellect","+13 Intellect","+13 Intellect","+13 Intellect",0xFF01FE,0,0,0,0,0,0,0,
60511,0,5,0,0,14,0,0,14,0,0,5,0,0,"+14 Intellect","+14 Intellect","+14 Intellect","+14 Intellect","+14 Intellect","+14 Intellect","+14 Intellect","+14 Intellect","+14 Intellect","+14 Intellect","+14 Intellect","+14 Intellect","+14 Intellect","+14 Intellect","+14 Intellect","+14 Intellect",0xFF01FE,0,0,0,0,0,0,0,
60512,0,5,0,0,15,0,0,15,0,0,5,0,0,"+15 Intellect","+15 Intellect","+15 Intellect","+15 Intellect","+15 Intellect","+15 Intellect","+15 Intellect","+15 Intellect","+15 Intellect","+15 Intellect","+15 Intellect","+15 Intellect","+15 Intellect","+15 Intellect","+15 Intellect","+15 Intellect",0xFF01FE,0,0,0,0,0,0,0,
60513,0,5,0,0,16,0,0,16,0,0,5,0,0,"+16 Intellect","+16 Intellect","+16 Intellect","+16 Intellect","+16 Intellect","+16 Intellect","+16 Intellect","+16 Intellect","+16 Intellect","+16 Intellect","+16 Intellect","+16 Intellect","+16 Intellect","+16 Intellect","+16 Intellect","+16 Intellect",0xFF01FE,0,0,0,0,0,0,0,
60514,0,5,0,0,17,0,0,17,0,0,5,0,0,"+17 Intellect","+17 Intellect","+17 Intellect","+17 Intellect","+17 Intellect","+17 Intellect","+17 Intellect","+17 Intellect","+17 Intellect","+17 Intellect","+17 Intellect","+17 Intellect","+17 Intellect","+17 Intellect","+17 Intellect","+17 Intellect",0xFF01FE,0,0,0,0,0,0,0,
60515,0,5,0,0,18,0,0,18,0,0,5,0,0,"+18 Intellect","+18 Intellect","+18 Intellect","+18 Intellect","+18 Intellect","+18 Intellect","+18 Intellect","+18 Intellect","+18 Intellect","+18 Intellect","+18 Intellect","+18 Intellect","+18 Intellect","+18 Intellect","+18 Intellect","+18 Intellect",0xFF01FE,0,0,0,0,0,0,0,
60516,0,5,0,0,19,0,0,19,0,0,5,0,0,"+19 Intellect","+19 Intellect","+19 Intellect","+19 Intellect","+19 Intellect","+19 Intellect","+19 Intellect","+19 Intellect","+19 Intellect","+19 Intellect","+19 Intellect","+19 Intellect","+19 Intellect","+19 Intellect","+19 Intellect","+19 Intellect",0xFF01FE,0,0,0,0,0,0,0,
60517,0,5,0,0,20,0,0,20,0,0,5,0,0,"+20 Intellect","+20 Intellect","+20 Intellect","+20 Intellect","+20 Intellect","+20 Intellect","+20 Intellect","+20 Intellect","+20 Intellect","+20 Intellect","+20 Intellect","+20 Intellect","+20 Intellect","+20 Intellect","+20 Intellect","+20 Intellect",0xFF01FE,0,0,0,0,0,0,0,
60518,0,5,0,0,21,0,0,21,0,0,5,0,0,"+21 Intellect","+21 Intellect","+21 Intellect","+21 Intellect","+21 Intellect","+21 Intellect","+21 Intellect","+21 Intellect","+21 Intellect","+21 Intellect","+21 Intellect","+21 Intellect","+21 Intellect","+21 Intellect","+21 Intellect","+21 Intellect",0xFF01FE,0,0,0,0,0,0,0,
60519,0,5,0,0,22,0,0,22,0,0,5,0,0,"+22 Intellect","+22 Intellect","+22 Intellect","+22 Intellect","+22 Intellect","+22 Intellect","+22 Intellect","+22 Intellect","+22 Intellect","+22 Intellect","+22 Intellect","+22 Intellect","+22 Intellect","+22 Intellect","+22 Intellect","+22 Intellect",0xFF01FE,0,0,0,0,0,0,0,
60520,0,5,0,0,23,0,0,23,0,0,5,0,0,"+23 Intellect","+23 Intellect","+23 Intellect","+23 Intellect","+23 Intellect","+23 Intellect","+23 Intellect","+23 Intellect","+23 Intellect","+23 Intellect","+23 Intellect","+23 Intellect","+23 Intellect","+23 Intellect","+23 Intellect","+23 Intellect",0xFF01FE,0,0,0,0,0,0,0,
60521,0,5,0,0,24,0,0,24,0,0,5,0,0,"+24 Intellect","+24 Intellect","+24 Intellect","+24 Intellect","+24 Intellect","+24 Intellect","+24 Intellect","+24 Intellect","+24 Intellect","+24 Intellect","+24 Intellect","+24 Intellect","+24 Intellect","+24 Intellect","+24 Intellect","+24 Intellect",0xFF01FE,0,0,0,0,0,0,0,
60522,0,5,0,0,25,0,0,25,0,0,5,0,0,"+25 Intellect","+25 Intellect","+25 Intellect","+25 Intellect","+25 Intellect","+25 Intellect","+25 Intellect","+25 Intellect","+25 Intellect","+25 Intellect","+25 Intellect","+25 Intellect","+25 Intellect","+25 Intellect","+25 Intellect","+25 Intellect",0xFF01FE,0,0,0,0,0,0,0,
60600,0,5,0,0,3,0,0,3,0,0,7,0,0,"+3 Endurance","+3 Endurance","+3 Endurance","+3 Endurance","+3 Endurance","+3 Endurance","+3 Endurance","+3 Endurance","+3 Endurance","+3 Endurance","+3 Endurance","+3 Endurance","+3 Endurance","+3 Endurance","+3 Endurance","+3 Endurance",0xFF01FE,0,0,0,0,0,0,0,
60601,0,5,0,0,4,0,0,4,0,0,7,0,0,"+4 Endurance","+4 Endurance","+4 Endurance","+4 Endurance","+4 Endurance","+4 Endurance","+4 Endurance","+4 Endurance","+4 Endurance","+4 Endurance","+4 Endurance","+4 Endurance","+4 Endurance","+4 Endurance","+4 Endurance","+4 Endurance",0xFF01FE,0,0,0,0,0,0,0,
60602,0,5,0,0,5,0,0,5,0,0,7,0,0,"+5 Endurance","+5 Endurance","+5 Endurance","+5 Endurance","+5 Endurance","+5 Endurance","+5 Endurance","+5 Endurance","+5 Endurance","+5 Endurance","+5 Endurance","+5 Endurance","+5 Endurance","+5 Endurance","+5 Endurance","+5 Endurance",0xFF01FE,0,0,0,0,0,0,0,
60603,0,5,0,0,6,0,0,6,0,0,7,0,0,"+6 Endurance","+6 Endurance","+6 Endurance","+6 Endurance","+6 Endurance","+6 Endurance","+6 Endurance","+6 Endurance","+6 Endurance","+6 Endurance","+6 Endurance","+6 Endurance","+6 Endurance","+6 Endurance","+6 Endurance","+6 Endurance",0xFF01FE,0,0,0,0,0,0,0,
60604,0,5,0,0,7,0,0,7,0,0,7,0,0,"+7 Endurance","+7 Endurance","+7 Endurance","+7 Endurance","+7 Endurance","+7 Endurance","+7 Endurance","+7 Endurance","+7 Endurance","+7 Endurance","+7 Endurance","+7 Endurance","+7 Endurance","+7 Endurance","+7 Endurance","+7 Endurance",0xFF01FE,0,0,0,0,0,0,0,
60605,0,5,0,0,8,0,0,8,0,0,7,0,0,"+8 Endurance","+8 Endurance","+8 Endurance","+8 Endurance","+8 Endurance","+8 Endurance","+8 Endurance","+8 Endurance","+8 Endurance","+8 Endurance","+8 Endurance","+8 Endurance","+8 Endurance","+8 Endurance","+8 Endurance","+8 Endurance",0xFF01FE,0,0,0,0,0,0,0,
60606,0,5,0,0,9,0,0,9,0,0,7,0,0,"+9 Endurance","+9 Endurance","+9 Endurance","+9 Endurance","+9 Endurance","+9 Endurance","+9 Endurance","+9 Endurance","+9 Endurance","+9 Endurance","+9 Endurance","+9 Endurance","+9 Endurance","+9 Endurance","+9 Endurance","+9 Endurance",0xFF01FE,0,0,0,0,0,0,0,
60607,0,5,0,0,10,0,0,10,0,0,7,0,0,"+10 Endurance","+10 Endurance","+10 Endurance","+10 Endurance","+10 Endurance","+10 Endurance","+10 Endurance","+10 Endurance","+10 Endurance","+10 Endurance","+10 Endurance","+10 Endurance","+10 Endurance","+10 Endurance","+10 Endurance","+10 Endurance",0xFF01FE,0,0,0,0,0,0,0,
60608,0,5,0,0,11,0,0,11,0,0,7,0,0,"+11 Endurance","+11 Endurance","+11 Endurance","+11 Endurance","+11 Endurance","+11 Endurance","+11 Endurance","+11 Endurance","+11 Endurance","+11 Endurance","+11 Endurance","+11 Endurance","+11 Endurance","+11 Endurance","+11 Endurance","+11 Endurance",0xFF01FE,0,0,0,0,0,0,0,
60609,0,5,0,0,12,0,0,12,0,0,7,0,0,"+12 Endurance","+12 Endurance","+12 Endurance","+12 Endurance","+12 Endurance","+12 Endurance","+12 Endurance","+12 Endurance","+12 Endurance","+12 Endurance","+12 Endurance","+12 Endurance","+12 Endurance","+12 Endurance","+12 Endurance","+12 Endurance",0xFF01FE,0,0,0,0,0,0,0,
60610,0,5,0,0,13,0,0,13,0,0,7,0,0,"+13 Endurance","+13 Endurance","+13 Endurance","+13 Endurance","+13 Endurance","+13 Endurance","+13 Endurance","+13 Endurance","+13 Endurance","+13 Endurance","+13 Endurance","+13 Endurance","+13 Endurance","+13 Endurance","+13 Endurance","+13 Endurance",0xFF01FE,0,0,0,0,0,0,0,
60611,0,5,0,0,14,0,0,14,0,0,7,0,0,"+14 Endurance","+14 Endurance","+14 Endurance","+14 Endurance","+14 Endurance","+14 Endurance","+14 Endurance","+14 Endurance","+14 Endurance","+14 Endurance","+14 Endurance","+14 Endurance","+14 Endurance","+14 Endurance","+14 Endurance","+14 Endurance",0xFF01FE,0,0,0,0,0,0,0,
60612,0,5,0,0,15,0,0,15,0,0,7,0,0,"+15 Endurance","+15 Endurance","+15 Endurance","+15 Endurance","+15 Endurance","+15 Endurance","+15 Endurance","+15 Endurance","+15 Endurance","+15 Endurance","+15 Endurance","+15 Endurance","+15 Endurance","+15 Endurance","+15 Endurance","+15 Endurance",0xFF01FE,0,0,0,0,0,0,0,
60613,0,5,0,0,16,0,0,16,0,0,7,0,0,"+16 Endurance","+16 Endurance","+16 Endurance","+16 Endurance","+16 Endurance","+16 Endurance","+16 Endurance","+16 Endurance","+16 Endurance","+16 Endurance","+16 Endurance","+16 Endurance","+16 Endurance","+16 Endurance","+16 Endurance","+16 Endurance",0xFF01FE,0,0,0,0,0,0,0,
60614,0,5,0,0,17,0,0,17,0,0,7,0,0,"+17 Endurance","+17 Endurance","+17 Endurance","+17 Endurance","+17 Endurance","+17 Endurance","+17 Endurance","+17 Endurance","+17 Endurance","+17 Endurance","+17 Endurance","+17 Endurance","+17 Endurance","+17 Endurance","+17 Endurance","+17 Endurance",0xFF01FE,0,0,0,0,0,0,0,
60615,0,5,0,0,18,0,0,18,0,0,7,0,0,"+18 Endurance","+18 Endurance","+18 Endurance","+18 Endurance","+18 Endurance","+18 Endurance","+18 Endurance","+18 Endurance","+18 Endurance","+18 Endurance","+18 Endurance","+18 Endurance","+18 Endurance","+18 Endurance","+18 Endurance","+18 Endurance",0xFF01FE,0,0,0,0,0,0,0,
60616,0,5,0,0,19,0,0,19,0,0,7,0,0,"+19 Endurance","+19 Endurance","+19 Endurance","+19 Endurance","+19 Endurance","+19 Endurance","+19 Endurance","+19 Endurance","+19 Endurance","+19 Endurance","+19 Endurance","+19 Endurance","+19 Endurance","+19 Endurance","+19 Endurance","+19 Endurance",0xFF01FE,0,0,0,0,0,0,0,
60617,0,5,0,0,20,0,0,20,0,0,7,0,0,"+20 Endurance","+20 Endurance","+20 Endurance","+20 Endurance","+20 Endurance","+20 Endurance","+20 Endurance","+20 Endurance","+20 Endurance","+20 Endurance","+20 Endurance","+20 Endurance","+20 Endurance","+20 Endurance","+20 Endurance","+20 Endurance",0xFF01FE,0,0,0,0,0,0,0,
60618,0,5,0,0,21,0,0,21,0,0,7,0,0,"+21 Endurance","+21 Endurance","+21 Endurance","+21 Endurance","+21 Endurance","+21 Endurance","+21 Endurance","+21 Endurance","+21 Endurance","+21 Endurance","+21 Endurance","+21 Endurance","+21 Endurance","+21 Endurance","+21 Endurance","+21 Endurance",0xFF01FE,0,0,0,0,0,0,0,
60619,0,5,0,0,22,0,0,22,0,0,7,0,0,"+22 Endurance","+22 Endurance","+22 Endurance","+22 Endurance","+22 Endurance","+22 Endurance","+22 Endurance","+22 Endurance","+22 Endurance","+22 Endurance","+22 Endurance","+22 Endurance","+22 Endurance","+22 Endurance","+22 Endurance","+22 Endurance",0xFF01FE,0,0,0,0,0,0,0,
60620,0,5,0,0,23,0,0,23,0,0,7,0,0,"+23 Endurance","+23 Endurance","+23 Endurance","+23 Endurance","+23 Endurance","+23 Endurance","+23 Endurance","+23 Endurance","+23 Endurance","+23 Endurance","+23 Endurance","+23 Endurance","+23 Endurance","+23 Endurance","+23 Endurance","+23 Endurance",0xFF01FE,0,0,0,0,0,0,0,
60621,0,5,0,0,24,0,0,24,0,0,7,0,0,"+24 Endurance","+24 Endurance","+24 Endurance","+24 Endurance","+24 Endurance","+24 Endurance","+24 Endurance","+24 Endurance","+24 Endurance","+24 Endurance","+24 Endurance","+24 Endurance","+24 Endurance","+24 Endurance","+24 Endurance","+24 Endurance",0xFF01FE,0,0,0,0,0,0,0,
60622,0,5,0,0,25,0,0,25,0,0,7,0,0,"+25 Endurance","+25 Endurance","+25 Endurance","+25 Endurance","+25 Endurance","+25 Endurance","+25 Endurance","+25 Endurance","+25 Endurance","+25 Endurance","+25 Endurance","+25 Endurance","+25 Endurance","+25 Endurance","+25 Endurance","+25 Endurance",0xFF01FE,0,0,0,0,0,0,0,
60700,0,5,0,0,3,0,0,3,0,0,6,0,0,"+3 Esprit","+3 Esprit","+3 Esprit","+3 Esprit","+3 Esprit","+3 Esprit","+3 Esprit","+3 Esprit","+3 Esprit","+3 Esprit","+3 Esprit","+3 Esprit","+3 Esprit","+3 Esprit","+3 Esprit","+3 Esprit",0xFF01FE,0,0,0,0,0,0,0,
60701,0,5,0,0,4,0,0,4,0,0,6,0,0,"+4 Esprit","+4 Esprit","+4 Esprit","+4 Esprit","+4 Esprit","+4 Esprit","+4 Esprit","+4 Esprit","+4 Esprit","+4 Esprit","+4 Esprit","+4 Esprit","+4 Esprit","+4 Esprit","+4 Esprit","+4 Esprit",0xFF01FE,0,0,0,0,0,0,0,
60702,0,5,0,0,5,0,0,5,0,0,6,0,0,"+5 Esprit","+5 Esprit","+5 Esprit","+5 Esprit","+5 Esprit","+5 Esprit","+5 Esprit","+5 Esprit","+5 Esprit","+5 Esprit","+5 Esprit","+5 Esprit","+5 Esprit","+5 Esprit","+5 Esprit","+5 Esprit",0xFF01FE,0,0,0,0,0,0,0,
60703,0,5,0,0,6,0,0,6,0,0,6,0,0,"+6 Esprit","+6 Esprit","+6 Esprit","+6 Esprit","+6 Esprit","+6 Esprit","+6 Esprit","+6 Esprit","+6 Esprit","+6 Esprit","+6 Esprit","+6 Esprit","+6 Esprit","+6 Esprit","+6 Esprit","+6 Esprit",0xFF01FE,0,0,0,0,0,0,0,
60704,0,5,0,0,7,0,0,7,0,0,6,0,0,"+7 Esprit","+7 Esprit","+7 Esprit","+7 Esprit","+7 Esprit","+7 Esprit","+7 Esprit","+7 Esprit","+7 Esprit","+7 Esprit","+7 Esprit","+7 Esprit","+7 Esprit","+7 Esprit","+7 Esprit","+7 Esprit",0xFF01FE,0,0,0,0,0,0,0,
60705,0,5,0,0,8,0,0,8,0,0,6,0,0,"+8 Esprit","+8 Esprit","+8 Esprit","+8 Esprit","+8 Esprit","+8 Esprit","+8 Esprit","+8 Esprit","+8 Esprit","+8 Esprit","+8 Esprit","+8 Esprit","+8 Esprit","+8 Esprit","+8 Esprit","+8 Esprit",0xFF01FE,0,0,0,0,0,0,0,
60706,0,5,0,0,9,0,0,9,0,0,6,0,0,"+9 Esprit","+9 Esprit","+9 Esprit","+9 Esprit","+9 Esprit","+9 Esprit","+9 Esprit","+9 Esprit","+9 Esprit","+9 Esprit","+9 Esprit","+9 Esprit","+9 Esprit","+9 Esprit","+9 Esprit","+9 Esprit",0xFF01FE,0,0,0,0,0,0,0,
60707,0,5,0,0,10,0,0,10,0,0,6,0,0,"+10 Esprit","+10 Esprit","+10 Esprit","+10 Esprit","+10 Esprit","+10 Esprit","+10 Esprit","+10 Esprit","+10 Esprit","+10 Esprit","+10 Esprit","+10 Esprit","+10 Esprit","+10 Esprit","+10 Esprit","+10 Esprit",0xFF01FE,0,0,0,0,0,0,0,
60708,0,5,0,0,11,0,0,11,0,0,6,0,0,"+11 Esprit","+11 Esprit","+11 Esprit","+11 Esprit","+11 Esprit","+11 Esprit","+11 Esprit","+11 Esprit","+11 Esprit","+11 Esprit","+11 Esprit","+11 Esprit","+11 Esprit","+11 Esprit","+11 Esprit","+11 Esprit",0xFF01FE,0,0,0,0,0,0,0,
60709,0,5,0,0,12,0,0,12,0,0,6,0,0,"+12 Esprit","+12 Esprit","+12 Esprit","+12 Esprit","+12 Esprit","+12 Esprit","+12 Esprit","+12 Esprit","+12 Esprit","+12 Esprit","+12 Esprit","+12 Esprit","+12 Esprit","+12 Esprit","+12 Esprit","+12 Esprit",0xFF01FE,0,0,0,0,0,0,0,
60710,0,5,0,0,13,0,0,13,0,0,6,0,0,"+13 Esprit","+13 Esprit","+13 Esprit","+13 Esprit","+13 Esprit","+13 Esprit","+13 Esprit","+13 Esprit","+13 Esprit","+13 Esprit","+13 Esprit","+13 Esprit","+13 Esprit","+13 Esprit","+13 Esprit","+13 Esprit",0xFF01FE,0,0,0,0,0,0,0,
60711,0,5,0,0,14,0,0,14,0,0,6,0,0,"+14 Esprit","+14 Esprit","+14 Esprit","+14 Esprit","+14 Esprit","+14 Esprit","+14 Esprit","+14 Esprit","+14 Esprit","+14 Esprit","+14 Esprit","+14 Esprit","+14 Esprit","+14 Esprit","+14 Esprit","+14 Esprit",0xFF01FE,0,0,0,0,0,0,0,
60712,0,5,0,0,15,0,0,15,0,0,6,0,0,"+15 Esprit","+15 Esprit","+15 Esprit","+15 Esprit","+15 Esprit","+15 Esprit","+15 Esprit","+15 Esprit","+15 Esprit","+15 Esprit","+15 Esprit","+15 Esprit","+15 Esprit","+15 Esprit","+15 Esprit","+15 Esprit",0xFF01FE,0,0,0,0,0,0,0,
60713,0,5,0,0,16,0,0,16,0,0,6,0,0,"+16 Esprit","+16 Esprit","+16 Esprit","+16 Esprit","+16 Esprit","+16 Esprit","+16 Esprit","+16 Esprit","+16 Esprit","+16 Esprit","+16 Esprit","+16 Esprit","+16 Esprit","+16 Esprit","+16 Esprit","+16 Esprit",0xFF01FE,0,0,0,0,0,0,0,
60714,0,5,0,0,17,0,0,17,0,0,6,0,0,"+17 Esprit","+17 Esprit","+17 Esprit","+17 Esprit","+17 Esprit","+17 Esprit","+17 Esprit","+17 Esprit","+17 Esprit","+17 Esprit","+17 Esprit","+17 Esprit","+17 Esprit","+17 Esprit","+17 Esprit","+17 Esprit",0xFF01FE,0,0,0,0,0,0,0,
60715,0,5,0,0,18,0,0,18,0,0,6,0,0,"+18 Esprit","+18 Esprit","+18 Esprit","+18 Esprit","+18 Esprit","+18 Esprit","+18 Esprit","+18 Esprit","+18 Esprit","+18 Esprit","+18 Esprit","+18 Esprit","+18 Esprit","+18 Esprit","+18 Esprit","+18 Esprit",0xFF01FE,0,0,0,0,0,0,0,
60716,0,5,0,0,19,0,0,19,0,0,6,0,0,"+19 Esprit","+19 Esprit","+19 Esprit","+19 Esprit","+19 Esprit","+19 Esprit","+19 Esprit","+19 Esprit","+19 Esprit","+19 Esprit","+19 Esprit","+19 Esprit","+19 Esprit","+19 Esprit","+19 Esprit","+19 Esprit",0xFF01FE,0,0,0,0,0,0,0,
60717,0,5,0,0,20,0,0,20,0,0,6,0,0,"+20 Esprit","+20 Esprit","+20 Esprit","+20 Esprit","+20 Esprit","+20 Esprit","+20 Esprit","+20 Esprit","+20 Esprit","+20 Esprit","+20 Esprit","+20 Esprit","+20 Esprit","+20 Esprit","+20 Esprit","+20 Esprit",0xFF01FE,0,0,0,0,0,0,0,
60718,0,5,0,0,21,0,0,21,0,0,6,0,0,"+21 Esprit","+21 Esprit","+21 Esprit","+21 Esprit","+21 Esprit","+21 Esprit","+21 Esprit","+21 Esprit","+21 Esprit","+21 Esprit","+21 Esprit","+21 Esprit","+21 Esprit","+21 Esprit","+21 Esprit","+21 Esprit",0xFF01FE,0,0,0,0,0,0,0,
60719,0,5,0,0,22,0,0,22,0,0,6,0,0,"+22 Esprit","+22 Esprit","+22 Esprit","+22 Esprit","+22 Esprit","+22 Esprit","+22 Esprit","+22 Esprit","+22 Esprit","+22 Esprit","+22 Esprit","+22 Esprit","+22 Esprit","+22 Esprit","+22 Esprit","+22 Esprit",0xFF01FE,0,0,0,0,0,0,0,
60720,0,5,0,0,23,0,0,23,0,0,6,0,0,"+23 Esprit","+23 Esprit","+23 Esprit","+23 Esprit","+23 Esprit","+23 Esprit","+23 Esprit","+23 Esprit","+23 Esprit","+23 Esprit","+23 Esprit","+23 Esprit","+23 Esprit","+23 Esprit","+23 Esprit","+23 Esprit",0xFF01FE,0,0,0,0,0,0,0,
60721,0,5,0,0,24,0,0,24,0,0,6,0,0,"+24 Esprit","+24 Esprit","+24 Esprit","+24 Esprit","+24 Esprit","+24 Esprit","+24 Esprit","+24 Esprit","+24 Esprit","+24 Esprit","+24 Esprit","+24 Esprit","+24 Esprit","+24 Esprit","+24 Esprit","+24 Esprit",0xFF01FE,0,0,0,0,0,0,0,
60722,0,5,0,0,25,0,0,25,0,0,6,0,0,"+25 Esprit","+25 Esprit","+25 Esprit","+25 Esprit","+25 Esprit","+25 Esprit","+25 Esprit","+25 Esprit","+25 Esprit","+25 Esprit","+25 Esprit","+25 Esprit","+25 Esprit","+25 Esprit","+25 Esprit","+25 Esprit",0xFF01FE,0,0,0,0,0,0,0,
61200,0,5,0,0,5,0,0,5,0,0,38,0,0,"+5 Puissance d attaque","+5 Puissance d attaque","+5 Puissance d attaque","+5 Puissance d attaque","+5 Puissance d attaque","+5 Puissance d attaque","+5 Puissance d attaque","+5 Puissance d attaque","+5 Puissance d attaque","+5 Puissance d attaque","+5 Puissance d attaque","+5 Puissance d attaque","+5 Puissance d attaque","+5 Puissance d attaque","+5 Puissance d attaque","+5 Puissance d attaque",0xFF01FE,0,0,0,0,0,0,0,
61201,0,5,0,0,6,0,0,6,0,0,38,0,0,"+6 Puissance d attaque","+6 Puissance d attaque","+6 Puissance d attaque","+6 Puissance d attaque","+6 Puissance d attaque","+6 Puissance d attaque","+6 Puissance d attaque","+6 Puissance d attaque","+6 Puissance d attaque","+6 Puissance d attaque","+6 Puissance d attaque","+6 Puissance d attaque","+6 Puissance d attaque","+6 Puissance d attaque","+6 Puissance d attaque","+6 Puissance d attaque",0xFF01FE,0,0,0,0,0,0,0,
61202,0,5,0,0,7,0,0,7,0,0,38,0,0,"+7 Puissance d attaque","+7 Puissance d attaque","+7 Puissance d attaque","+7 Puissance d attaque","+7 Puissance d attaque","+7 Puissance d attaque","+7 Puissance d attaque","+7 Puissance d attaque","+7 Puissance d attaque","+7 Puissance d attaque","+7 Puissance d attaque","+7 Puissance d attaque","+7 Puissance d attaque","+7 Puissance d attaque","+7 Puissance d attaque","+7 Puissance d attaque",0xFF01FE,0,0,0,0,0,0,0,
61203,0,5,0,0,8,0,0,8,0,0,38,0,0,"+8 Puissance d attaque","+8 Puissance d attaque","+8 Puissance d attaque","+8 Puissance d attaque","+8 Puissance d attaque","+8 Puissance d attaque","+8 Puissance d attaque","+8 Puissance d attaque","+8 Puissance d attaque","+8 Puissance d attaque","+8 Puissance d attaque","+8 Puissance d attaque","+8 Puissance d attaque","+8 Puissance d attaque","+8 Puissance d attaque","+8 Puissance d attaque",0xFF01FE,0,0,0,0,0,0,0,
61204,0,5,0,0,9,0,0,9,0,0,38,0,0,"+9 Puissance d attaque","+9 Puissance d attaque","+9 Puissance d attaque","+9 Puissance d attaque","+9 Puissance d attaque","+9 Puissance d attaque","+9 Puissance d attaque","+9 Puissance d attaque","+9 Puissance d attaque","+9 Puissance d attaque","+9 Puissance d attaque","+9 Puissance d attaque","+9 Puissance d attaque","+9 Puissance d attaque","+9 Puissance d attaque","+9 Puissance d attaque",0xFF01FE,0,0,0,0,0,0,0,
61205,0,5,0,0,10,0,0,10,0,0,38,0,0,"+10 Puissance d attaque","+10 Puissance d attaque","+10 Puissance d attaque","+10 Puissance d attaque","+10 Puissance d attaque","+10 Puissance d attaque","+10 Puissance d attaque","+10 Puissance d attaque","+10 Puissance d attaque","+10 Puissance d attaque","+10 Puissance d attaque","+10 Puissance d attaque","+10 Puissance d attaque","+10 Puissance d attaque","+10 Puissance d attaque","+10 Puissance d attaque",0xFF01FE,0,0,0,0,0,0,0,
61206,0,5,0,0,11,0,0,11,0,0,38,0,0,"+11 Puissance d attaque","+11 Puissance d attaque","+11 Puissance d attaque","+11 Puissance d attaque","+11 Puissance d attaque","+11 Puissance d attaque","+11 Puissance d attaque","+11 Puissance d attaque","+11 Puissance d attaque","+11 Puissance d attaque","+11 Puissance d attaque","+11 Puissance d attaque","+11 Puissance d attaque","+11 Puissance d attaque","+11 Puissance d attaque","+11 Puissance d attaque",0xFF01FE,0,0,0,0,0,0,0,
61207,0,5,0,0,12,0,0,12,0,0,38,0,0,"+12 Puissance d attaque","+12 Puissance d attaque","+12 Puissance d attaque","+12 Puissance d attaque","+12 Puissance d attaque","+12 Puissance d attaque","+12 Puissance d attaque","+12 Puissance d attaque","+12 Puissance d attaque","+12 Puissance d attaque","+12 Puissance d attaque","+12 Puissance d attaque","+12 Puissance d attaque","+12 Puissance d attaque","+12 Puissance d attaque","+12 Puissance d attaque",0xFF01FE,0,0,0,0,0,0,0,
61208,0,5,0,0,13,0,0,13,0,0,38,0,0,"+13 Puissance d attaque","+13 Puissance d attaque","+13 Puissance d attaque","+13 Puissance d attaque","+13 Puissance d attaque","+13 Puissance d attaque","+13 Puissance d attaque","+13 Puissance d attaque","+13 Puissance d attaque","+13 Puissance d attaque","+13 Puissance d attaque","+13 Puissance d attaque","+13 Puissance d attaque","+13 Puissance d attaque","+13 Puissance d attaque","+13 Puissance d attaque",0xFF01FE,0,0,0,0,0,0,0,
61209,0,5,0,0,14,0,0,14,0,0,38,0,0,"+14 Puissance d attaque","+14 Puissance d attaque","+14 Puissance d attaque","+14 Puissance d attaque","+14 Puissance d attaque","+14 Puissance d attaque","+14 Puissance d attaque","+14 Puissance d attaque","+14 Puissance d attaque","+14 Puissance d attaque","+14 Puissance d attaque","+14 Puissance d attaque","+14 Puissance d attaque","+14 Puissance d attaque","+14 Puissance d attaque","+14 Puissance d attaque",0xFF01FE,0,0,0,0,0,0,0,
61210,0,5,0,0,15,0,0,15,0,0,38,0,0,"+15 Puissance d attaque","+15 Puissance d attaque","+15 Puissance d attaque","+15 Puissance d attaque","+15 Puissance d attaque","+15 Puissance d attaque","+15 Puissance d attaque","+15 Puissance d attaque","+15 Puissance d attaque","+15 Puissance d attaque","+15 Puissance d attaque","+15 Puissance d attaque","+15 Puissance d attaque","+15 Puissance d attaque","+15 Puissance d attaque","+15 Puissance d attaque",0xFF01FE,0,0,0,0,0,0,0,
61211,0,5,0,0,16,0,0,16,0,0,38,0,0,"+16 Puissance d attaque","+16 Puissance d attaque","+16 Puissance d attaque","+16 Puissance d attaque","+16 Puissance d attaque","+16 Puissance d attaque","+16 Puissance d attaque","+16 Puissance d attaque","+16 Puissance d attaque","+16 Puissance d attaque","+16 Puissance d attaque","+16 Puissance d attaque","+16 Puissance d attaque","+16 Puissance d attaque","+16 Puissance d attaque","+16 Puissance d attaque",0xFF01FE,0,0,0,0,0,0,0,
61212,0,5,0,0,17,0,0,17,0,0,38,0,0,"+17 Puissance d attaque","+17 Puissance d attaque","+17 Puissance d attaque","+17 Puissance d attaque","+17 Puissance d attaque","+17 Puissance d attaque","+17 Puissance d attaque","+17 Puissance d attaque","+17 Puissance d attaque","+17 Puissance d attaque","+17 Puissance d attaque","+17 Puissance d attaque","+17 Puissance d attaque","+17 Puissance d attaque","+17 Puissance d attaque","+17 Puissance d attaque",0xFF01FE,0,0,0,0,0,0,0,
61213,0,5,0,0,18,0,0,18,0,0,38,0,0,"+18 Puissance d attaque","+18 Puissance d attaque","+18 Puissance d attaque","+18 Puissance d attaque","+18 Puissance d attaque","+18 Puissance d attaque","+18 Puissance d attaque","+18 Puissance d attaque","+18 Puissance d attaque","+18 Puissance d attaque","+18 Puissance d attaque","+18 Puissance d attaque","+18 Puissance d attaque","+18 Puissance d attaque","+18 Puissance d attaque","+18 Puissance d attaque",0xFF01FE,0,0,0,0,0,0,0,
61214,0,5,0,0,19,0,0,19,0,0,38,0,0,"+19 Puissance d attaque","+19 Puissance d attaque","+19 Puissance d attaque","+19 Puissance d attaque","+19 Puissance d attaque","+19 Puissance d attaque","+19 Puissance d attaque","+19 Puissance d attaque","+19 Puissance d attaque","+19 Puissance d attaque","+19 Puissance d attaque","+19 Puissance d attaque","+19 Puissance d attaque","+19 Puissance d attaque","+19 Puissance d attaque","+19 Puissance d attaque",0xFF01FE,0,0,0,0,0,0,0,
61215,0,5,0,0,20,0,0,20,0,0,38,0,0,"+20 Puissance d attaque","+20 Puissance d attaque","+20 Puissance d attaque","+20 Puissance d attaque","+20 Puissance d attaque","+20 Puissance d attaque","+20 Puissance d attaque","+20 Puissance d attaque","+20 Puissance d attaque","+20 Puissance d attaque","+20 Puissance d attaque","+20 Puissance d attaque","+20 Puissance d attaque","+20 Puissance d attaque","+20 Puissance d attaque","+20 Puissance d attaque",0xFF01FE,0,0,0,0,0,0,0,
61216,0,5,0,0,21,0,0,21,0,0,38,0,0,"+21 Puissance d attaque","+21 Puissance d attaque","+21 Puissance d attaque","+21 Puissance d attaque","+21 Puissance d attaque","+21 Puissance d attaque","+21 Puissance d attaque","+21 Puissance d attaque","+21 Puissance d attaque","+21 Puissance d attaque","+21 Puissance d attaque","+21 Puissance d attaque","+21 Puissance d attaque","+21 Puissance d attaque","+21 Puissance d attaque","+21 Puissance d attaque",0xFF01FE,0,0,0,0,0,0,0,
61217,0,5,0,0,22,0,0,22,0,0,38,0,0,"+22 Puissance d attaque","+22 Puissance d attaque","+22 Puissance d attaque","+22 Puissance d attaque","+22 Puissance d attaque","+22 Puissance d attaque","+22 Puissance d attaque","+22 Puissance d attaque","+22 Puissance d attaque","+22 Puissance d attaque","+22 Puissance d attaque","+22 Puissance d attaque","+22 Puissance d attaque","+22 Puissance d attaque","+22 Puissance d attaque","+22 Puissance d attaque",0xFF01FE,0,0,0,0,0,0,0,
61218,0,5,0,0,23,0,0,23,0,0,38,0,0,"+23 Puissance d attaque","+23 Puissance d attaque","+23 Puissance d attaque","+23 Puissance d attaque","+23 Puissance d attaque","+23 Puissance d attaque","+23 Puissance d attaque","+23 Puissance d attaque","+23 Puissance d attaque","+23 Puissance d attaque","+23 Puissance d attaque","+23 Puissance d attaque","+23 Puissance d attaque","+23 Puissance d attaque","+23 Puissance d attaque","+23 Puissance d attaque",0xFF01FE,0,0,0,0,0,0,0,
61219,0,5,0,0,24,0,0,24,0,0,38,0,0,"+24 Puissance d attaque","+24 Puissance d attaque","+24 Puissance d attaque","+24 Puissance d attaque","+24 Puissance d attaque","+24 Puissance d attaque","+24 Puissance d attaque","+24 Puissance d attaque","+24 Puissance d attaque","+24 Puissance d attaque","+24 Puissance d attaque","+24 Puissance d attaque","+24 Puissance d attaque","+24 Puissance d attaque","+24 Puissance d attaque","+24 Puissance d attaque",0xFF01FE,0,0,0,0,0,0,0,
61220,0,5,0,0,25,0,0,25,0,0,38,0,0,"+25 Puissance d attaque","+25 Puissance d attaque","+25 Puissance d attaque","+25 Puissance d attaque","+25 Puissance d attaque","+25 Puissance d attaque","+25 Puissance d attaque","+25 Puissance d attaque","+25 Puissance d attaque","+25 Puissance d attaque","+25 Puissance d attaque","+25 Puissance d attaque","+25 Puissance d attaque","+25 Puissance d attaque","+25 Puissance d attaque","+25 Puissance d attaque",0xFF01FE,0,0,0,0,0,0,0,
61221,0,5,0,0,26,0,0,26,0,0,38,0,0,"+26 Puissance d attaque","+26 Puissance d attaque","+26 Puissance d attaque","+26 Puissance d attaque","+26 Puissance d attaque","+26 Puissance d attaque","+26 Puissance d attaque","+26 Puissance d attaque","+26 Puissance d attaque","+26 Puissance d attaque","+26 Puissance d attaque","+26 Puissance d attaque","+26 Puissance d attaque","+26 Puissance d attaque","+26 Puissance d attaque","+26 Puissance d attaque",0xFF01FE,0,0,0,0,0,0,0,
61222,0,5,0,0,27,0,0,27,0,0,38,0,0,"+27 Puissance d attaque","+27 Puissance d attaque","+27 Puissance d attaque","+27 Puissance d attaque","+27 Puissance d attaque","+27 Puissance d attaque","+27 Puissance d attaque","+27 Puissance d attaque","+27 Puissance d attaque","+27 Puissance d attaque","+27 Puissance d attaque","+27 Puissance d attaque","+27 Puissance d attaque","+27 Puissance d attaque","+27 Puissance d attaque","+27 Puissance d attaque",0xFF01FE,0,0,0,0,0,0,0,
61223,0,5,0,0,28,0,0,28,0,0,38,0,0,"+28 Puissance d attaque","+28 Puissance d attaque","+28 Puissance d attaque","+28 Puissance d attaque","+28 Puissance d attaque","+28 Puissance d attaque","+28 Puissance d attaque","+28 Puissance d attaque","+28 Puissance d attaque","+28 Puissance d attaque","+28 Puissance d attaque","+28 Puissance d attaque","+28 Puissance d attaque","+28 Puissance d attaque","+28 Puissance d attaque","+28 Puissance d attaque",0xFF01FE,0,0,0,0,0,0,0,
61224,0,5,0,0,29,0,0,29,0,0,38,0,0,"+29 Puissance d attaque","+29 Puissance d attaque","+29 Puissance d attaque","+29 Puissance d attaque","+29 Puissance d attaque","+29 Puissance d attaque","+29 Puissance d attaque","+29 Puissance d attaque","+29 Puissance d attaque","+29 Puissance d attaque","+29 Puissance d attaque","+29 Puissance d attaque","+29 Puissance d attaque","+29 Puissance d attaque","+29 Puissance d attaque","+29 Puissance d attaque",0xFF01FE,0,0,0,0,0,0,0,
61225,0,5,0,0,30,0,0,30,0,0,38,0,0,"+30 Puissance d attaque","+30 Puissance d attaque","+30 Puissance d attaque","+30 Puissance d attaque","+30 Puissance d attaque","+30 Puissance d attaque","+30 Puissance d attaque","+30 Puissance d attaque","+30 Puissance d attaque","+30 Puissance d attaque","+30 Puissance d attaque","+30 Puissance d attaque","+30 Puissance d attaque","+30 Puissance d attaque","+30 Puissance d attaque","+30 Puissance d attaque",0xFF01FE,0,0,0,0,0,0,0,
61226,0,5,0,0,31,0,0,31,0,0,38,0,0,"+31 Puissance d attaque","+31 Puissance d attaque","+31 Puissance d attaque","+31 Puissance d attaque","+31 Puissance d attaque","+31 Puissance d attaque","+31 Puissance d attaque","+31 Puissance d attaque","+31 Puissance d attaque","+31 Puissance d attaque","+31 Puissance d attaque","+31 Puissance d attaque","+31 Puissance d attaque","+31 Puissance d attaque","+31 Puissance d attaque","+31 Puissance d attaque",0xFF01FE,0,0,0,0,0,0,0,
61227,0,5,0,0,32,0,0,32,0,0,38,0,0,"+32 Puissance d attaque","+32 Puissance d attaque","+32 Puissance d attaque","+32 Puissance d attaque","+32 Puissance d attaque","+32 Puissance d attaque","+32 Puissance d attaque","+32 Puissance d attaque","+32 Puissance d attaque","+32 Puissance d attaque","+32 Puissance d attaque","+32 Puissance d attaque","+32 Puissance d attaque","+32 Puissance d attaque","+32 Puissance d attaque","+32 Puissance d attaque",0xFF01FE,0,0,0,0,0,0,0,
61228,0,5,0,0,33,0,0,33,0,0,38,0,0,"+33 Puissance d attaque","+33 Puissance d attaque","+33 Puissance d attaque","+33 Puissance d attaque","+33 Puissance d attaque","+33 Puissance d attaque","+33 Puissance d attaque","+33 Puissance d attaque","+33 Puissance d attaque","+33 Puissance d attaque","+33 Puissance d attaque","+33 Puissance d attaque","+33 Puissance d attaque","+33 Puissance d attaque","+33 Puissance d attaque","+33 Puissance d attaque",0xFF01FE,0,0,0,0,0,0,0,
61229,0,5,0,0,34,0,0,34,0,0,38,0,0,"+34 Puissance d attaque","+34 Puissance d attaque","+34 Puissance d attaque","+34 Puissance d attaque","+34 Puissance d attaque","+34 Puissance d attaque","+34 Puissance d attaque","+34 Puissance d attaque","+34 Puissance d attaque","+34 Puissance d attaque","+34 Puissance d attaque","+34 Puissance d attaque","+34 Puissance d attaque","+34 Puissance d attaque","+34 Puissance d attaque","+34 Puissance d attaque",0xFF01FE,0,0,0,0,0,0,0,
61230,0,5,0,0,35,0,0,35,0,0,38,0,0,"+35 Puissance d attaque","+35 Puissance d attaque","+35 Puissance d attaque","+35 Puissance d attaque","+35 Puissance d attaque","+35 Puissance d attaque","+35 Puissance d attaque","+35 Puissance d attaque","+35 Puissance d attaque","+35 Puissance d attaque","+35 Puissance d attaque","+35 Puissance d attaque","+35 Puissance d attaque","+35 Puissance d attaque","+35 Puissance d attaque","+35 Puissance d attaque",0xFF01FE,0,0,0,0,0,0,0,
61231,0,5,0,0,36,0,0,36,0,0,38,0,0,"+36 Puissance d attaque","+36 Puissance d attaque","+36 Puissance d attaque","+36 Puissance d attaque","+36 Puissance d attaque","+36 Puissance d attaque","+36 Puissance d attaque","+36 Puissance d attaque","+36 Puissance d attaque","+36 Puissance d attaque","+36 Puissance d attaque","+36 Puissance d attaque","+36 Puissance d attaque","+36 Puissance d attaque","+36 Puissance d attaque","+36 Puissance d attaque",0xFF01FE,0,0,0,0,0,0,0,
61232,0,5,0,0,37,0,0,37,0,0,38,0,0,"+37 Puissance d attaque","+37 Puissance d attaque","+37 Puissance d attaque","+37 Puissance d attaque","+37 Puissance d attaque","+37 Puissance d attaque","+37 Puissance d attaque","+37 Puissance d attaque","+37 Puissance d attaque","+37 Puissance d attaque","+37 Puissance d attaque","+37 Puissance d attaque","+37 Puissance d attaque","+37 Puissance d attaque","+37 Puissance d attaque","+37 Puissance d attaque",0xFF01FE,0,0,0,0,0,0,0,
61233,0,5,0,0,38,0,0,38,0,0,38,0,0,"+38 Puissance d attaque","+38 Puissance d attaque","+38 Puissance d attaque","+38 Puissance d attaque","+38 Puissance d attaque","+38 Puissance d attaque","+38 Puissance d attaque","+38 Puissance d attaque","+38 Puissance d attaque","+38 Puissance d attaque","+38 Puissance d attaque","+38 Puissance d attaque","+38 Puissance d attaque","+38 Puissance d attaque","+38 Puissance d attaque","+38 Puissance d attaque",0xFF01FE,0,0,0,0,0,0,0,
61234,0,5,0,0,39,0,0,39,0,0,38,0,0,"+39 Puissance d attaque","+39 Puissance d attaque","+39 Puissance d attaque","+39 Puissance d attaque","+39 Puissance d attaque","+39 Puissance d attaque","+39 Puissance d attaque","+39 Puissance d attaque","+39 Puissance d attaque","+39 Puissance d attaque","+39 Puissance d attaque","+39 Puissance d attaque","+39 Puissance d attaque","+39 Puissance d attaque","+39 Puissance d attaque","+39 Puissance d attaque",0xFF01FE,0,0,0,0,0,0,0,
61235,0,5,0,0,40,0,0,40,0,0,38,0,0,"+40 Puissance d attaque","+40 Puissance d attaque","+40 Puissance d attaque","+40 Puissance d attaque","+40 Puissance d attaque","+40 Puissance d attaque","+40 Puissance d attaque","+40 Puissance d attaque","+40 Puissance d attaque","+40 Puissance d attaque","+40 Puissance d attaque","+40 Puissance d attaque","+40 Puissance d attaque","+40 Puissance d attaque","+40 Puissance d attaque","+40 Puissance d attaque",0xFF01FE,0,0,0,0,0,0,0,
61300,0,5,0,0,5,0,0,5,0,0,45,0,0,"+5 Puissance des sorts","+5 Puissance des sorts","+5 Puissance des sorts","+5 Puissance des sorts","+5 Puissance des sorts","+5 Puissance des sorts","+5 Puissance des sorts","+5 Puissance des sorts","+5 Puissance des sorts","+5 Puissance des sorts","+5 Puissance des sorts","+5 Puissance des sorts","+5 Puissance des sorts","+5 Puissance des sorts","+5 Puissance des sorts","+5 Puissance des sorts",0xFF01FE,0,0,0,0,0,0,0,
61301,0,5,0,0,6,0,0,6,0,0,45,0,0,"+6 Puissance des sorts","+6 Puissance des sorts","+6 Puissance des sorts","+6 Puissance des sorts","+6 Puissance des sorts","+6 Puissance des sorts","+6 Puissance des sorts","+6 Puissance des sorts","+6 Puissance des sorts","+6 Puissance des sorts","+6 Puissance des sorts","+6 Puissance des sorts","+6 Puissance des sorts","+6 Puissance des sorts","+6 Puissance des sorts","+6 Puissance des sorts",0xFF01FE,0,0,0,0,0,0,0,
61302,0,5,0,0,7,0,0,7,0,0,45,0,0,"+7 Puissance des sorts","+7 Puissance des sorts","+7 Puissance des sorts","+7 Puissance des sorts","+7 Puissance des sorts","+7 Puissance des sorts","+7 Puissance des sorts","+7 Puissance des sorts","+7 Puissance des sorts","+7 Puissance des sorts","+7 Puissance des sorts","+7 Puissance des sorts","+7 Puissance des sorts","+7 Puissance des sorts","+7 Puissance des sorts","+7 Puissance des sorts",0xFF01FE,0,0,0,0,0,0,0,
61303,0,5,0,0,8,0,0,8,0,0,45,0,0,"+8 Puissance des sorts","+8 Puissance des sorts","+8 Puissance des sorts","+8 Puissance des sorts","+8 Puissance des sorts","+8 Puissance des sorts","+8 Puissance des sorts","+8 Puissance des sorts","+8 Puissance des sorts","+8 Puissance des sorts","+8 Puissance des sorts","+8 Puissance des sorts","+8 Puissance des sorts","+8 Puissance des sorts","+8 Puissance des sorts","+8 Puissance des sorts",0xFF01FE,0,0,0,0,0,0,0,
61304,0,5,0,0,9,0,0,9,0,0,45,0,0,"+9 Puissance des sorts","+9 Puissance des sorts","+9 Puissance des sorts","+9 Puissance des sorts","+9 Puissance des sorts","+9 Puissance des sorts","+9 Puissance des sorts","+9 Puissance des sorts","+9 Puissance des sorts","+9 Puissance des sorts","+9 Puissance des sorts","+9 Puissance des sorts","+9 Puissance des sorts","+9 Puissance des sorts","+9 Puissance des sorts","+9 Puissance des sorts",0xFF01FE,0,0,0,0,0,0,0,
61305,0,5,0,0,10,0,0,10,0,0,45,0,0,"+10 Puissance des sorts","+10 Puissance des sorts","+10 Puissance des sorts","+10 Puissance des sorts","+10 Puissance des sorts","+10 Puissance des sorts","+10 Puissance des sorts","+10 Puissance des sorts","+10 Puissance des sorts","+10 Puissance des sorts","+10 Puissance des sorts","+10 Puissance des sorts","+10 Puissance des sorts","+10 Puissance des sorts","+10 Puissance des sorts","+10 Puissance des sorts",0xFF01FE,0,0,0,0,0,0,0,
61306,0,5,0,0,11,0,0,11,0,0,45,0,0,"+11 Puissance des sorts","+11 Puissance des sorts","+11 Puissance des sorts","+11 Puissance des sorts","+11 Puissance des sorts","+11 Puissance des sorts","+11 Puissance des sorts","+11 Puissance des sorts","+11 Puissance des sorts","+11 Puissance des sorts","+11 Puissance des sorts","+11 Puissance des sorts","+11 Puissance des sorts","+11 Puissance des sorts","+11 Puissance des sorts","+11 Puissance des sorts",0xFF01FE,0,0,0,0,0,0,0,
61307,0,5,0,0,12,0,0,12,0,0,45,0,0,"+12 Puissance des sorts","+12 Puissance des sorts","+12 Puissance des sorts","+12 Puissance des sorts","+12 Puissance des sorts","+12 Puissance des sorts","+12 Puissance des sorts","+12 Puissance des sorts","+12 Puissance des sorts","+12 Puissance des sorts","+12 Puissance des sorts","+12 Puissance des sorts","+12 Puissance des sorts","+12 Puissance des sorts","+12 Puissance des sorts","+12 Puissance des sorts",0xFF01FE,0,0,0,0,0,0,0,
61308,0,5,0,0,13,0,0,13,0,0,45,0,0,"+13 Puissance des sorts","+13 Puissance des sorts","+13 Puissance des sorts","+13 Puissance des sorts","+13 Puissance des sorts","+13 Puissance des sorts","+13 Puissance des sorts","+13 Puissance des sorts","+13 Puissance des sorts","+13 Puissance des sorts","+13 Puissance des sorts","+13 Puissance des sorts","+13 Puissance des sorts","+13 Puissance des sorts","+13 Puissance des sorts","+13 Puissance des sorts",0xFF01FE,0,0,0,0,0,0,0,
61309,0,5,0,0,14,0,0,14,0,0,45,0,0,"+14 Puissance des sorts","+14 Puissance des sorts","+14 Puissance des sorts","+14 Puissance des sorts","+14 Puissance des sorts","+14 Puissance des sorts","+14 Puissance des sorts","+14 Puissance des sorts","+14 Puissance des sorts","+14 Puissance des sorts","+14 Puissance des sorts","+14 Puissance des sorts","+14 Puissance des sorts","+14 Puissance des sorts","+14 Puissance des sorts","+14 Puissance des sorts",0xFF01FE,0,0,0,0,0,0,0,
61310,0,5,0,0,15,0,0,15,0,0,45,0,0,"+15 Puissance des sorts","+15 Puissance des sorts","+15 Puissance des sorts","+15 Puissance des sorts","+15 Puissance des sorts","+15 Puissance des sorts","+15 Puissance des sorts","+15 Puissance des sorts","+15 Puissance des sorts","+15 Puissance des sorts","+15 Puissance des sorts","+15 Puissance des sorts","+15 Puissance des sorts","+15 Puissance des sorts","+15 Puissance des sorts","+15 Puissance des sorts",0xFF01FE,0,0,0,0,0,0,0,
61311,0,5,0,0,16,0,0,16,0,0,45,0,0,"+16 Puissance des sorts","+16 Puissance des sorts","+16 Puissance des sorts","+16 Puissance des sorts","+16 Puissance des sorts","+16 Puissance des sorts","+16 Puissance des sorts","+16 Puissance des sorts","+16 Puissance des sorts","+16 Puissance des sorts","+16 Puissance des sorts","+16 Puissance des sorts","+16 Puissance des sorts","+16 Puissance des sorts","+16 Puissance des sorts","+16 Puissance des sorts",0xFF01FE,0,0,0,0,0,0,0,
61312,0,5,0,0,17,0,0,17,0,0,45,0,0,"+17 Puissance des sorts","+17 Puissance des sorts","+17 Puissance des sorts","+17 Puissance des sorts","+17 Puissance des sorts","+17 Puissance des sorts","+17 Puissance des sorts","+17 Puissance des sorts","+17 Puissance des sorts","+17 Puissance des sorts","+17 Puissance des sorts","+17 Puissance des sorts","+17 Puissance des sorts","+17 Puissance des sorts","+17 Puissance des sorts","+17 Puissance des sorts",0xFF01FE,0,0,0,0,0,0,0,
61313,0,5,0,0,18,0,0,18,0,0,45,0,0,"+18 Puissance des sorts","+18 Puissance des sorts","+18 Puissance des sorts","+18 Puissance des sorts","+18 Puissance des sorts","+18 Puissance des sorts","+18 Puissance des sorts","+18 Puissance des sorts","+18 Puissance des sorts","+18 Puissance des sorts","+18 Puissance des sorts","+18 Puissance des sorts","+18 Puissance des sorts","+18 Puissance des sorts","+18 Puissance des sorts","+18 Puissance des sorts",0xFF01FE,0,0,0,0,0,0,0,
61314,0,5,0,0,19,0,0,19,0,0,45,0,0,"+19 Puissance des sorts","+19 Puissance des sorts","+19 Puissance des sorts","+19 Puissance des sorts","+19 Puissance des sorts","+19 Puissance des sorts","+19 Puissance des sorts","+19 Puissance des sorts","+19 Puissance des sorts","+19 Puissance des sorts","+19 Puissance des sorts","+19 Puissance des sorts","+19 Puissance des sorts","+19 Puissance des sorts","+19 Puissance des sorts","+19 Puissance des sorts",0xFF01FE,0,0,0,0,0,0,0,
61315,0,5,0,0,20,0,0,20,0,0,45,0,0,"+20 Puissance des sorts","+20 Puissance des sorts","+20 Puissance des sorts","+20 Puissance des sorts","+20 Puissance des sorts","+20 Puissance des sorts","+20 Puissance des sorts","+20 Puissance des sorts","+20 Puissance des sorts","+20 Puissance des sorts","+20 Puissance des sorts","+20 Puissance des sorts","+20 Puissance des sorts","+20 Puissance des sorts","+20 Puissance des sorts","+20 Puissance des sorts",0xFF01FE,0,0,0,0,0,0,0,
61316,0,5,0,0,21,0,0,21,0,0,45,0,0,"+21 Puissance des sorts","+21 Puissance des sorts","+21 Puissance des sorts","+21 Puissance des sorts","+21 Puissance des sorts","+21 Puissance des sorts","+21 Puissance des sorts","+21 Puissance des sorts","+21 Puissance des sorts","+21 Puissance des sorts","+21 Puissance des sorts","+21 Puissance des sorts","+21 Puissance des sorts","+21 Puissance des sorts","+21 Puissance des sorts","+21 Puissance des sorts",0xFF01FE,0,0,0,0,0,0,0,
61317,0,5,0,0,22,0,0,22,0,0,45,0,0,"+22 Puissance des sorts","+22 Puissance des sorts","+22 Puissance des sorts","+22 Puissance des sorts","+22 Puissance des sorts","+22 Puissance des sorts","+22 Puissance des sorts","+22 Puissance des sorts","+22 Puissance des sorts","+22 Puissance des sorts","+22 Puissance des sorts","+22 Puissance des sorts","+22 Puissance des sorts","+22 Puissance des sorts","+22 Puissance des sorts","+22 Puissance des sorts",0xFF01FE,0,0,0,0,0,0,0,
61318,0,5,0,0,23,0,0,23,0,0,45,0,0,"+23 Puissance des sorts","+23 Puissance des sorts","+23 Puissance des sorts","+23 Puissance des sorts","+23 Puissance des sorts","+23 Puissance des sorts","+23 Puissance des sorts","+23 Puissance des sorts","+23 Puissance des sorts","+23 Puissance des sorts","+23 Puissance des sorts","+23 Puissance des sorts","+23 Puissance des sorts","+23 Puissance des sorts","+23 Puissance des sorts","+23 Puissance des sorts",0xFF01FE,0,0,0,0,0,0,0,
61319,0,5,0,0,24,0,0,24,0,0,45,0,0,"+24 Puissance des sorts","+24 Puissance des sorts","+24 Puissance des sorts","+24 Puissance des sorts","+24 Puissance des sorts","+24 Puissance des sorts","+24 Puissance des sorts","+24 Puissance des sorts","+24 Puissance des sorts","+24 Puissance des sorts","+24 Puissance des sorts","+24 Puissance des sorts","+24 Puissance des sorts","+24 Puissance des sorts","+24 Puissance des sorts","+24 Puissance des sorts",0xFF01FE,0,0,0,0,0,0,0,
61320,0,5,0,0,25,0,0,25,0,0,45,0,0,"+25 Puissance des sorts","+25 Puissance des sorts","+25 Puissance des sorts","+25 Puissance des sorts","+25 Puissance des sorts","+25 Puissance des sorts","+25 Puissance des sorts","+25 Puissance des sorts","+25 Puissance des sorts","+25 Puissance des sorts","+25 Puissance des sorts","+25 Puissance des sorts","+25 Puissance des sorts","+25 Puissance des sorts","+25 Puissance des sorts","+25 Puissance des sorts",0xFF01FE,0,0,0,0,0,0,0,
61321,0,5,0,0,26,0,0,26,0,0,45,0,0,"+26 Puissance des sorts","+26 Puissance des sorts","+26 Puissance des sorts","+26 Puissance des sorts","+26 Puissance des sorts","+26 Puissance des sorts","+26 Puissance des sorts","+26 Puissance des sorts","+26 Puissance des sorts","+26 Puissance des sorts","+26 Puissance des sorts","+26 Puissance des sorts","+26 Puissance des sorts","+26 Puissance des sorts","+26 Puissance des sorts","+26 Puissance des sorts",0xFF01FE,0,0,0,0,0,0,0,
61322,0,5,0,0,27,0,0,27,0,0,45,0,0,"+27 Puissance des sorts","+27 Puissance des sorts","+27 Puissance des sorts","+27 Puissance des sorts","+27 Puissance des sorts","+27 Puissance des sorts","+27 Puissance des sorts","+27 Puissance des sorts","+27 Puissance des sorts","+27 Puissance des sorts","+27 Puissance des sorts","+27 Puissance des sorts","+27 Puissance des sorts","+27 Puissance des sorts","+27 Puissance des sorts","+27 Puissance des sorts",0xFF01FE,0,0,0,0,0,0,0,
61323,0,5,0,0,28,0,0,28,0,0,45,0,0,"+28 Puissance des sorts","+28 Puissance des sorts","+28 Puissance des sorts","+28 Puissance des sorts","+28 Puissance des sorts","+28 Puissance des sorts","+28 Puissance des sorts","+28 Puissance des sorts","+28 Puissance des sorts","+28 Puissance des sorts","+28 Puissance des sorts","+28 Puissance des sorts","+28 Puissance des sorts","+28 Puissance des sorts","+28 Puissance des sorts","+28 Puissance des sorts",0xFF01FE,0,0,0,0,0,0,0,
61324,0,5,0,0,29,0,0,29,0,0,45,0,0,"+29 Puissance des sorts","+29 Puissance des sorts","+29 Puissance des sorts","+29 Puissance des sorts","+29 Puissance des sorts","+29 Puissance des sorts","+29 Puissance des sorts","+29 Puissance des sorts","+29 Puissance des sorts","+29 Puissance des sorts","+29 Puissance des sorts","+29 Puissance des sorts","+29 Puissance des sorts","+29 Puissance des sorts","+29 Puissance des sorts","+29 Puissance des sorts",0xFF01FE,0,0,0,0,0,0,0,
61325,0,5,0,0,30,0,0,30,0,0,45,0,0,"+30 Puissance des sorts","+30 Puissance des sorts","+30 Puissance des sorts","+30 Puissance des sorts","+30 Puissance des sorts","+30 Puissance des sorts","+30 Puissance des sorts","+30 Puissance des sorts","+30 Puissance des sorts","+30 Puissance des sorts","+30 Puissance des sorts","+30 Puissance des sorts","+30 Puissance des sorts","+30 Puissance des sorts","+30 Puissance des sorts","+30 Puissance des sorts",0xFF01FE,0,0,0,0,0,0,0,
61326,0,5,0,0,31,0,0,31,0,0,45,0,0,"+31 Puissance des sorts","+31 Puissance des sorts","+31 Puissance des sorts","+31 Puissance des sorts","+31 Puissance des sorts","+31 Puissance des sorts","+31 Puissance des sorts","+31 Puissance des sorts","+31 Puissance des sorts","+31 Puissance des sorts","+31 Puissance des sorts","+31 Puissance des sorts","+31 Puissance des sorts","+31 Puissance des sorts","+31 Puissance des sorts","+31 Puissance des sorts",0xFF01FE,0,0,0,0,0,0,0,
61327,0,5,0,0,32,0,0,32,0,0,45,0,0,"+32 Puissance des sorts","+32 Puissance des sorts","+32 Puissance des sorts","+32 Puissance des sorts","+32 Puissance des sorts","+32 Puissance des sorts","+32 Puissance des sorts","+32 Puissance des sorts","+32 Puissance des sorts","+32 Puissance des sorts","+32 Puissance des sorts","+32 Puissance des sorts","+32 Puissance des sorts","+32 Puissance des sorts","+32 Puissance des sorts","+32 Puissance des sorts",0xFF01FE,0,0,0,0,0,0,0,
61328,0,5,0,0,33,0,0,33,0,0,45,0,0,"+33 Puissance des sorts","+33 Puissance des sorts","+33 Puissance des sorts","+33 Puissance des sorts","+33 Puissance des sorts","+33 Puissance des sorts","+33 Puissance des sorts","+33 Puissance des sorts","+33 Puissance des sorts","+33 Puissance des sorts","+33 Puissance des sorts","+33 Puissance des sorts","+33 Puissance des sorts","+33 Puissance des sorts","+33 Puissance des sorts","+33 Puissance des sorts",0xFF01FE,0,0,0,0,0,0,0,
61329,0,5,0,0,34,0,0,34,0,0,45,0,0,"+34 Puissance des sorts","+34 Puissance des sorts","+34 Puissance des sorts","+34 Puissance des sorts","+34 Puissance des sorts","+34 Puissance des sorts","+34 Puissance des sorts","+34 Puissance des sorts","+34 Puissance des sorts","+34 Puissance des sorts","+34 Puissance des sorts","+34 Puissance des sorts","+34 Puissance des sorts","+34 Puissance des sorts","+34 Puissance des sorts","+34 Puissance des sorts",0xFF01FE,0,0,0,0,0,0,0,
61330,0,5,0,0,35,0,0,35,0,0,45,0,0,"+35 Puissance des sorts","+35 Puissance des sorts","+35 Puissance des sorts","+35 Puissance des sorts","+35 Puissance des sorts","+35 Puissance des sorts","+35 Puissance des sorts","+35 Puissance des sorts","+35 Puissance des sorts","+35 Puissance des sorts","+35 Puissance des sorts","+35 Puissance des sorts","+35 Puissance des sorts","+35 Puissance des sorts","+35 Puissance des sorts","+35 Puissance des sorts",0xFF01FE,0,0,0,0,0,0,0,
61331,0,5,0,0,36,0,0,36,0,0,45,0,0,"+36 Puissance des sorts","+36 Puissance des sorts","+36 Puissance des sorts","+36 Puissance des sorts","+36 Puissance des sorts","+36 Puissance des sorts","+36 Puissance des sorts","+36 Puissance des sorts","+36 Puissance des sorts","+36 Puissance des sorts","+36 Puissance des sorts","+36 Puissance des sorts","+36 Puissance des sorts","+36 Puissance des sorts","+36 Puissance des sorts","+36 Puissance des sorts",0xFF01FE,0,0,0,0,0,0,0,
61332,0,5,0,0,37,0,0,37,0,0,45,0,0,"+37 Puissance des sorts","+37 Puissance des sorts","+37 Puissance des sorts","+37 Puissance des sorts","+37 Puissance des sorts","+37 Puissance des sorts","+37 Puissance des sorts","+37 Puissance des sorts","+37 Puissance des sorts","+37 Puissance des sorts","+37 Puissance des sorts","+37 Puissance des sorts","+37 Puissance des sorts","+37 Puissance des sorts","+37 Puissance des sorts","+37 Puissance des sorts",0xFF01FE,0,0,0,0,0,0,0,
61333,0,5,0,0,38,0,0,38,0,0,45,0,0,"+38 Puissance des sorts","+38 Puissance des sorts","+38 Puissance des sorts","+38 Puissance des sorts","+38 Puissance des sorts","+38 Puissance des sorts","+38 Puissance des sorts","+38 Puissance des sorts","+38 Puissance des sorts","+38 Puissance des sorts","+38 Puissance des sorts","+38 Puissance des sorts","+38 Puissance des sorts","+38 Puissance des sorts","+38 Puissance des sorts","+38 Puissance des sorts",0xFF01FE,0,0,0,0,0,0,0,
61334,0,5,0,0,39,0,0,39,0,0,45,0,0,"+39 Puissance des sorts","+39 Puissance des sorts","+39 Puissance des sorts","+39 Puissance des sorts","+39 Puissance des sorts","+39 Puissance des sorts","+39 Puissance des sorts","+39 Puissance des sorts","+39 Puissance des sorts","+39 Puissance des sorts","+39 Puissance des sorts","+39 Puissance des sorts","+39 Puissance des sorts","+39 Puissance des sorts","+39 Puissance des sorts","+39 Puissance des sorts",0xFF01FE,0,0,0,0,0,0,0,
61335,0,5,0,0,40,0,0,40,0,0,45,0,0,"+40 Puissance des sorts","+40 Puissance des sorts","+40 Puissance des sorts","+40 Puissance des sorts","+40 Puissance des sorts","+40 Puissance des sorts","+40 Puissance des sorts","+40 Puissance des sorts","+40 Puissance des sorts","+40 Puissance des sorts","+40 Puissance des sorts","+40 Puissance des sorts","+40 Puissance des sorts","+40 Puissance des sorts","+40 Puissance des sorts","+40 Puissance des sorts",0xFF01FE,0,0,0,0,0,0,0,
61400,0,5,0,0,5,0,0,5,0,0,46,0,0,"+5 Soins","+5 Soins","+5 Soins","+5 Soins","+5 Soins","+5 Soins","+5 Soins","+5 Soins","+5 Soins","+5 Soins","+5 Soins","+5 Soins","+5 Soins","+5 Soins","+5 Soins","+5 Soins",0xFF01FE,0,0,0,0,0,0,0,
61401,0,5,0,0,6,0,0,6,0,0,46,0,0,"+6 Soins","+6 Soins","+6 Soins","+6 Soins","+6 Soins","+6 Soins","+6 Soins","+6 Soins","+6 Soins","+6 Soins","+6 Soins","+6 Soins","+6 Soins","+6 Soins","+6 Soins","+6 Soins",0xFF01FE,0,0,0,0,0,0,0,
61402,0,5,0,0,7,0,0,7,0,0,46,0,0,"+7 Soins","+7 Soins","+7 Soins","+7 Soins","+7 Soins","+7 Soins","+7 Soins","+7 Soins","+7 Soins","+7 Soins","+7 Soins","+7 Soins","+7 Soins","+7 Soins","+7 Soins","+7 Soins",0xFF01FE,0,0,0,0,0,0,0,
61403,0,5,0,0,8,0,0,8,0,0,46,0,0,"+8 Soins","+8 Soins","+8 Soins","+8 Soins","+8 Soins","+8 Soins","+8 Soins","+8 Soins","+8 Soins","+8 Soins","+8 Soins","+8 Soins","+8 Soins","+8 Soins","+8 Soins","+8 Soins",0xFF01FE,0,0,0,0,0,0,0,
61404,0,5,0,0,9,0,0,9,0,0,46,0,0,"+9 Soins","+9 Soins","+9 Soins","+9 Soins","+9 Soins","+9 Soins","+9 Soins","+9 Soins","+9 Soins","+9 Soins","+9 Soins","+9 Soins","+9 Soins","+9 Soins","+9 Soins","+9 Soins",0xFF01FE,0,0,0,0,0,0,0,
61405,0,5,0,0,10,0,0,10,0,0,46,0,0,"+10 Soins","+10 Soins","+10 Soins","+10 Soins","+10 Soins","+10 Soins","+10 Soins","+10 Soins","+10 Soins","+10 Soins","+10 Soins","+10 Soins","+10 Soins","+10 Soins","+10 Soins","+10 Soins",0xFF01FE,0,0,0,0,0,0,0,
61406,0,5,0,0,11,0,0,11,0,0,46,0,0,"+11 Soins","+11 Soins","+11 Soins","+11 Soins","+11 Soins","+11 Soins","+11 Soins","+11 Soins","+11 Soins","+11 Soins","+11 Soins","+11 Soins","+11 Soins","+11 Soins","+11 Soins","+11 Soins",0xFF01FE,0,0,0,0,0,0,0,
61407,0,5,0,0,12,0,0,12,0,0,46,0,0,"+12 Soins","+12 Soins","+12 Soins","+12 Soins","+12 Soins","+12 Soins","+12 Soins","+12 Soins","+12 Soins","+12 Soins","+12 Soins","+12 Soins","+12 Soins","+12 Soins","+12 Soins","+12 Soins",0xFF01FE,0,0,0,0,0,0,0,
61408,0,5,0,0,13,0,0,13,0,0,46,0,0,"+13 Soins","+13 Soins","+13 Soins","+13 Soins","+13 Soins","+13 Soins","+13 Soins","+13 Soins","+13 Soins","+13 Soins","+13 Soins","+13 Soins","+13 Soins","+13 Soins","+13 Soins","+13 Soins",0xFF01FE,0,0,0,0,0,0,0,
61409,0,5,0,0,14,0,0,14,0,0,46,0,0,"+14 Soins","+14 Soins","+14 Soins","+14 Soins","+14 Soins","+14 Soins","+14 Soins","+14 Soins","+14 Soins","+14 Soins","+14 Soins","+14 Soins","+14 Soins","+14 Soins","+14 Soins","+14 Soins",0xFF01FE,0,0,0,0,0,0,0,
61410,0,5,0,0,15,0,0,15,0,0,46,0,0,"+15 Soins","+15 Soins","+15 Soins","+15 Soins","+15 Soins","+15 Soins","+15 Soins","+15 Soins","+15 Soins","+15 Soins","+15 Soins","+15 Soins","+15 Soins","+15 Soins","+15 Soins","+15 Soins",0xFF01FE,0,0,0,0,0,0,0,
61411,0,5,0,0,16,0,0,16,0,0,46,0,0,"+16 Soins","+16 Soins","+16 Soins","+16 Soins","+16 Soins","+16 Soins","+16 Soins","+16 Soins","+16 Soins","+16 Soins","+16 Soins","+16 Soins","+16 Soins","+16 Soins","+16 Soins","+16 Soins",0xFF01FE,0,0,0,0,0,0,0,
61412,0,5,0,0,17,0,0,17,0,0,46,0,0,"+17 Soins","+17 Soins","+17 Soins","+17 Soins","+17 Soins","+17 Soins","+17 Soins","+17 Soins","+17 Soins","+17 Soins","+17 Soins","+17 Soins","+17 Soins","+17 Soins","+17 Soins","+17 Soins",0xFF01FE,0,0,0,0,0,0,0,
61413,0,5,0,0,18,0,0,18,0,0,46,0,0,"+18 Soins","+18 Soins","+18 Soins","+18 Soins","+18 Soins","+18 Soins","+18 Soins","+18 Soins","+18 Soins","+18 Soins","+18 Soins","+18 Soins","+18 Soins","+18 Soins","+18 Soins","+18 Soins",0xFF01FE,0,0,0,0,0,0,0,
61414,0,5,0,0,19,0,0,19,0,0,46,0,0,"+19 Soins","+19 Soins","+19 Soins","+19 Soins","+19 Soins","+19 Soins","+19 Soins","+19 Soins","+19 Soins","+19 Soins","+19 Soins","+19 Soins","+19 Soins","+19 Soins","+19 Soins","+19 Soins",0xFF01FE,0,0,0,0,0,0,0,
61415,0,5,0,0,20,0,0,20,0,0,46,0,0,"+20 Soins","+20 Soins","+20 Soins","+20 Soins","+20 Soins","+20 Soins","+20 Soins","+20 Soins","+20 Soins","+20 Soins","+20 Soins","+20 Soins","+20 Soins","+20 Soins","+20 Soins","+20 Soins",0xFF01FE,0,0,0,0,0,0,0,
61416,0,5,0,0,21,0,0,21,0,0,46,0,0,"+21 Soins","+21 Soins","+21 Soins","+21 Soins","+21 Soins","+21 Soins","+21 Soins","+21 Soins","+21 Soins","+21 Soins","+21 Soins","+21 Soins","+21 Soins","+21 Soins","+21 Soins","+21 Soins",0xFF01FE,0,0,0,0,0,0,0,
61417,0,5,0,0,22,0,0,22,0,0,46,0,0,"+22 Soins","+22 Soins","+22 Soins","+22 Soins","+22 Soins","+22 Soins","+22 Soins","+22 Soins","+22 Soins","+22 Soins","+22 Soins","+22 Soins","+22 Soins","+22 Soins","+22 Soins","+22 Soins",0xFF01FE,0,0,0,0,0,0,0,
61418,0,5,0,0,23,0,0,23,0,0,46,0,0,"+23 Soins","+23 Soins","+23 Soins","+23 Soins","+23 Soins","+23 Soins","+23 Soins","+23 Soins","+23 Soins","+23 Soins","+23 Soins","+23 Soins","+23 Soins","+23 Soins","+23 Soins","+23 Soins",0xFF01FE,0,0,0,0,0,0,0,
61419,0,5,0,0,24,0,0,24,0,0,46,0,0,"+24 Soins","+24 Soins","+24 Soins","+24 Soins","+24 Soins","+24 Soins","+24 Soins","+24 Soins","+24 Soins","+24 Soins","+24 Soins","+24 Soins","+24 Soins","+24 Soins","+24 Soins","+24 Soins",0xFF01FE,0,0,0,0,0,0,0,
61420,0,5,0,0,25,0,0,25,0,0,46,0,0,"+25 Soins","+25 Soins","+25 Soins","+25 Soins","+25 Soins","+25 Soins","+25 Soins","+25 Soins","+25 Soins","+25 Soins","+25 Soins","+25 Soins","+25 Soins","+25 Soins","+25 Soins","+25 Soins",0xFF01FE,0,0,0,0,0,0,0,
61421,0,5,0,0,26,0,0,26,0,0,46,0,0,"+26 Soins","+26 Soins","+26 Soins","+26 Soins","+26 Soins","+26 Soins","+26 Soins","+26 Soins","+26 Soins","+26 Soins","+26 Soins","+26 Soins","+26 Soins","+26 Soins","+26 Soins","+26 Soins",0xFF01FE,0,0,0,0,0,0,0,
61422,0,5,0,0,27,0,0,27,0,0,46,0,0,"+27 Soins","+27 Soins","+27 Soins","+27 Soins","+27 Soins","+27 Soins","+27 Soins","+27 Soins","+27 Soins","+27 Soins","+27 Soins","+27 Soins","+27 Soins","+27 Soins","+27 Soins","+27 Soins",0xFF01FE,0,0,0,0,0,0,0,
61423,0,5,0,0,28,0,0,28,0,0,46,0,0,"+28 Soins","+28 Soins","+28 Soins","+28 Soins","+28 Soins","+28 Soins","+28 Soins","+28 Soins","+28 Soins","+28 Soins","+28 Soins","+28 Soins","+28 Soins","+28 Soins","+28 Soins","+28 Soins",0xFF01FE,0,0,0,0,0,0,0,
61424,0,5,0,0,29,0,0,29,0,0,46,0,0,"+29 Soins","+29 Soins","+29 Soins","+29 Soins","+29 Soins","+29 Soins","+29 Soins","+29 Soins","+29 Soins","+29 Soins","+29 Soins","+29 Soins","+29 Soins","+29 Soins","+29 Soins","+29 Soins",0xFF01FE,0,0,0,0,0,0,0,
61425,0,5,0,0,30,0,0,30,0,0,46,0,0,"+30 Soins","+30 Soins","+30 Soins","+30 Soins","+30 Soins","+30 Soins","+30 Soins","+30 Soins","+30 Soins","+30 Soins","+30 Soins","+30 Soins","+30 Soins","+30 Soins","+30 Soins","+30 Soins",0xFF01FE,0,0,0,0,0,0,0,
61426,0,5,0,0,31,0,0,31,0,0,46,0,0,"+31 Soins","+31 Soins","+31 Soins","+31 Soins","+31 Soins","+31 Soins","+31 Soins","+31 Soins","+31 Soins","+31 Soins","+31 Soins","+31 Soins","+31 Soins","+31 Soins","+31 Soins","+31 Soins",0xFF01FE,0,0,0,0,0,0,0,
61427,0,5,0,0,32,0,0,32,0,0,46,0,0,"+32 Soins","+32 Soins","+32 Soins","+32 Soins","+32 Soins","+32 Soins","+32 Soins","+32 Soins","+32 Soins","+32 Soins","+32 Soins","+32 Soins","+32 Soins","+32 Soins","+32 Soins","+32 Soins",0xFF01FE,0,0,0,0,0,0,0,
61428,0,5,0,0,33,0,0,33,0,0,46,0,0,"+33 Soins","+33 Soins","+33 Soins","+33 Soins","+33 Soins","+33 Soins","+33 Soins","+33 Soins","+33 Soins","+33 Soins","+33 Soins","+33 Soins","+33 Soins","+33 Soins","+33 Soins","+33 Soins",0xFF01FE,0,0,0,0,0,0,0,
61429,0,5,0,0,34,0,0,34,0,0,46,0,0,"+34 Soins","+34 Soins","+34 Soins","+34 Soins","+34 Soins","+34 Soins","+34 Soins","+34 Soins","+34 Soins","+34 Soins","+34 Soins","+34 Soins","+34 Soins","+34 Soins","+34 Soins","+34 Soins",0xFF01FE,0,0,0,0,0,0,0,
61430,0,5,0,0,35,0,0,35,0,0,46,0,0,"+35 Soins","+35 Soins","+35 Soins","+35 Soins","+35 Soins","+35 Soins","+35 Soins","+35 Soins","+35 Soins","+35 Soins","+35 Soins","+35 Soins","+35 Soins","+35 Soins","+35 Soins","+35 Soins",0xFF01FE,0,0,0,0,0,0,0,
61431,0,5,0,0,36,0,0,36,0,0,46,0,0,"+36 Soins","+36 Soins","+36 Soins","+36 Soins","+36 Soins","+36 Soins","+36 Soins","+36 Soins","+36 Soins","+36 Soins","+36 Soins","+36 Soins","+36 Soins","+36 Soins","+36 Soins","+36 Soins",0xFF01FE,0,0,0,0,0,0,0,
61432,0,5,0,0,37,0,0,37,0,0,46,0,0,"+37 Soins","+37 Soins","+37 Soins","+37 Soins","+37 Soins","+37 Soins","+37 Soins","+37 Soins","+37 Soins","+37 Soins","+37 Soins","+37 Soins","+37 Soins","+37 Soins","+37 Soins","+37 Soins",0xFF01FE,0,0,0,0,0,0,0,
61433,0,5,0,0,38,0,0,38,0,0,46,0,0,"+38 Soins","+38 Soins","+38 Soins","+38 Soins","+38 Soins","+38 Soins","+38 Soins","+38 Soins","+38 Soins","+38 Soins","+38 Soins","+38 Soins","+38 Soins","+38 Soins","+38 Soins","+38 Soins",0xFF01FE,0,0,0,0,0,0,0,
61434,0,5,0,0,39,0,0,39,0,0,46,0,0,"+39 Soins","+39 Soins","+39 Soins","+39 Soins","+39 Soins","+39 Soins","+39 Soins","+39 Soins","+39 Soins","+39 Soins","+39 Soins","+39 Soins","+39 Soins","+39 Soins","+39 Soins","+39 Soins",0xFF01FE,0,0,0,0,0,0,0,
61435,0,5,0,0,40,0,0,40,0,0,46,0,0,"+40 Soins","+40 Soins","+40 Soins","+40 Soins","+40 Soins","+40 Soins","+40 Soins","+40 Soins","+40 Soins","+40 Soins","+40 Soins","+40 Soins","+40 Soins","+40 Soins","+40 Soins","+40 Soins",0xFF01FE,0,0,0,0,0,0,0,
61500,0,5,0,0,2,0,0,2,0,0,49,0,0,"+2 Mana 5sec","+2 Mana 5sec","+2 Mana 5sec","+2 Mana 5sec","+2 Mana 5sec","+2 Mana 5sec","+2 Mana 5sec","+2 Mana 5sec","+2 Mana 5sec","+2 Mana 5sec","+2 Mana 5sec","+2 Mana 5sec","+2 Mana 5sec","+2 Mana 5sec","+2 Mana 5sec","+2 Mana 5sec",0xFF01FE,0,0,0,0,0,0,0,
61501,0,5,0,0,3,0,0,3,0,0,49,0,0,"+3 Mana 5sec","+3 Mana 5sec","+3 Mana 5sec","+3 Mana 5sec","+3 Mana 5sec","+3 Mana 5sec","+3 Mana 5sec","+3 Mana 5sec","+3 Mana 5sec","+3 Mana 5sec","+3 Mana 5sec","+3 Mana 5sec","+3 Mana 5sec","+3 Mana 5sec","+3 Mana 5sec","+3 Mana 5sec",0xFF01FE,0,0,0,0,0,0,0,
61502,0,5,0,0,4,0,0,4,0,0,49,0,0,"+4 Mana 5sec","+4 Mana 5sec","+4 Mana 5sec","+4 Mana 5sec","+4 Mana 5sec","+4 Mana 5sec","+4 Mana 5sec","+4 Mana 5sec","+4 Mana 5sec","+4 Mana 5sec","+4 Mana 5sec","+4 Mana 5sec","+4 Mana 5sec","+4 Mana 5sec","+4 Mana 5sec","+4 Mana 5sec",0xFF01FE,0,0,0,0,0,0,0,
61503,0,5,0,0,5,0,0,5,0,0,49,0,0,"+5 Mana 5sec","+5 Mana 5sec","+5 Mana 5sec","+5 Mana 5sec","+5 Mana 5sec","+5 Mana 5sec","+5 Mana 5sec","+5 Mana 5sec","+5 Mana 5sec","+5 Mana 5sec","+5 Mana 5sec","+5 Mana 5sec","+5 Mana 5sec","+5 Mana 5sec","+5 Mana 5sec","+5 Mana 5sec",0xFF01FE,0,0,0,0,0,0,0,
61504,0,5,0,0,6,0,0,6,0,0,49,0,0,"+6 Mana 5sec","+6 Mana 5sec","+6 Mana 5sec","+6 Mana 5sec","+6 Mana 5sec","+6 Mana 5sec","+6 Mana 5sec","+6 Mana 5sec","+6 Mana 5sec","+6 Mana 5sec","+6 Mana 5sec","+6 Mana 5sec","+6 Mana 5sec","+6 Mana 5sec","+6 Mana 5sec","+6 Mana 5sec",0xFF01FE,0,0,0,0,0,0,0,
61505,0,5,0,0,7,0,0,7,0,0,49,0,0,"+7 Mana 5sec","+7 Mana 5sec","+7 Mana 5sec","+7 Mana 5sec","+7 Mana 5sec","+7 Mana 5sec","+7 Mana 5sec","+7 Mana 5sec","+7 Mana 5sec","+7 Mana 5sec","+7 Mana 5sec","+7 Mana 5sec","+7 Mana 5sec","+7 Mana 5sec","+7 Mana 5sec","+7 Mana 5sec",0xFF01FE,0,0,0,0,0,0,0,
61506,0,5,0,0,8,0,0,8,0,0,49,0,0,"+8 Mana 5sec","+8 Mana 5sec","+8 Mana 5sec","+8 Mana 5sec","+8 Mana 5sec","+8 Mana 5sec","+8 Mana 5sec","+8 Mana 5sec","+8 Mana 5sec","+8 Mana 5sec","+8 Mana 5sec","+8 Mana 5sec","+8 Mana 5sec","+8 Mana 5sec","+8 Mana 5sec","+8 Mana 5sec",0xFF01FE,0,0,0,0,0,0,0,
61507,0,5,0,0,9,0,0,9,0,0,49,0,0,"+9 Mana 5sec","+9 Mana 5sec","+9 Mana 5sec","+9 Mana 5sec","+9 Mana 5sec","+9 Mana 5sec","+9 Mana 5sec","+9 Mana 5sec","+9 Mana 5sec","+9 Mana 5sec","+9 Mana 5sec","+9 Mana 5sec","+9 Mana 5sec","+9 Mana 5sec","+9 Mana 5sec","+9 Mana 5sec",0xFF01FE,0,0,0,0,0,0,0,
61508,0,5,0,0,10,0,0,10,0,0,49,0,0,"+10 Mana 5sec","+10 Mana 5sec","+10 Mana 5sec","+10 Mana 5sec","+10 Mana 5sec","+10 Mana 5sec","+10 Mana 5sec","+10 Mana 5sec","+10 Mana 5sec","+10 Mana 5sec","+10 Mana 5sec","+10 Mana 5sec","+10 Mana 5sec","+10 Mana 5sec","+10 Mana 5sec","+10 Mana 5sec",0xFF01FE,0,0,0,0,0,0,0,
61509,0,5,0,0,11,0,0,11,0,0,49,0,0,"+11 Mana 5sec","+11 Mana 5sec","+11 Mana 5sec","+11 Mana 5sec","+11 Mana 5sec","+11 Mana 5sec","+11 Mana 5sec","+11 Mana 5sec","+11 Mana 5sec","+11 Mana 5sec","+11 Mana 5sec","+11 Mana 5sec","+11 Mana 5sec","+11 Mana 5sec","+11 Mana 5sec","+11 Mana 5sec",0xFF01FE,0,0,0,0,0,0,0,
61510,0,5,0,0,12,0,0,12,0,0,49,0,0,"+12 Mana 5sec","+12 Mana 5sec","+12 Mana 5sec","+12 Mana 5sec","+12 Mana 5sec","+12 Mana 5sec","+12 Mana 5sec","+12 Mana 5sec","+12 Mana 5sec","+12 Mana 5sec","+12 Mana 5sec","+12 Mana 5sec","+12 Mana 5sec","+12 Mana 5sec","+12 Mana 5sec","+12 Mana 5sec",0xFF01FE,0,0,0,0,0,0,0,
61511,0,5,0,0,13,0,0,13,0,0,49,0,0,"+13 Mana 5sec","+13 Mana 5sec","+13 Mana 5sec","+13 Mana 5sec","+13 Mana 5sec","+13 Mana 5sec","+13 Mana 5sec","+13 Mana 5sec","+13 Mana 5sec","+13 Mana 5sec","+13 Mana 5sec","+13 Mana 5sec","+13 Mana 5sec","+13 Mana 5sec","+13 Mana 5sec","+13 Mana 5sec",0xFF01FE,0,0,0,0,0,0,0,
61512,0,5,0,0,14,0,0,14,0,0,49,0,0,"+14 Mana 5sec","+14 Mana 5sec","+14 Mana 5sec","+14 Mana 5sec","+14 Mana 5sec","+14 Mana 5sec","+14 Mana 5sec","+14 Mana 5sec","+14 Mana 5sec","+14 Mana 5sec","+14 Mana 5sec","+14 Mana 5sec","+14 Mana 5sec","+14 Mana 5sec","+14 Mana 5sec","+14 Mana 5sec",0xFF01FE,0,0,0,0,0,0,0,
61513,0,5,0,0,15,0,0,15,0,0,49,0,0,"+15 Mana 5sec","+15 Mana 5sec","+15 Mana 5sec","+15 Mana 5sec","+15 Mana 5sec","+15 Mana 5sec","+15 Mana 5sec","+15 Mana 5sec","+15 Mana 5sec","+15 Mana 5sec","+15 Mana 5sec","+15 Mana 5sec","+15 Mana 5sec","+15 Mana 5sec","+15 Mana 5sec","+15 Mana 5sec",0xFF01FE,0,0,0,0,0,0,0,
61600,0,5,0,0,10,0,0,10,0,0,41,0,0,"+10 Armure bonus","+10 Armure bonus","+10 Armure bonus","+10 Armure bonus","+10 Armure bonus","+10 Armure bonus","+10 Armure bonus","+10 Armure bonus","+10 Armure bonus","+10 Armure bonus","+10 Armure bonus","+10 Armure bonus","+10 Armure bonus","+10 Armure bonus","+10 Armure bonus","+10 Armure bonus",0xFF01FE,0,0,0,0,0,0,0,
61601,0,5,0,0,11,0,0,11,0,0,41,0,0,"+11 Armure bonus","+11 Armure bonus","+11 Armure bonus","+11 Armure bonus","+11 Armure bonus","+11 Armure bonus","+11 Armure bonus","+11 Armure bonus","+11 Armure bonus","+11 Armure bonus","+11 Armure bonus","+11 Armure bonus","+11 Armure bonus","+11 Armure bonus","+11 Armure bonus","+11 Armure bonus",0xFF01FE,0,0,0,0,0,0,0,
61602,0,5,0,0,12,0,0,12,0,0,41,0,0,"+12 Armure bonus","+12 Armure bonus","+12 Armure bonus","+12 Armure bonus","+12 Armure bonus","+12 Armure bonus","+12 Armure bonus","+12 Armure bonus","+12 Armure bonus","+12 Armure bonus","+12 Armure bonus","+12 Armure bonus","+12 Armure bonus","+12 Armure bonus","+12 Armure bonus","+12 Armure bonus",0xFF01FE,0,0,0,0,0,0,0,
61603,0,5,0,0,13,0,0,13,0,0,41,0,0,"+13 Armure bonus","+13 Armure bonus","+13 Armure bonus","+13 Armure bonus","+13 Armure bonus","+13 Armure bonus","+13 Armure bonus","+13 Armure bonus","+13 Armure bonus","+13 Armure bonus","+13 Armure bonus","+13 Armure bonus","+13 Armure bonus","+13 Armure bonus","+13 Armure bonus","+13 Armure bonus",0xFF01FE,0,0,0,0,0,0,0,
61604,0,5,0,0,14,0,0,14,0,0,41,0,0,"+14 Armure bonus","+14 Armure bonus","+14 Armure bonus","+14 Armure bonus","+14 Armure bonus","+14 Armure bonus","+14 Armure bonus","+14 Armure bonus","+14 Armure bonus","+14 Armure bonus","+14 Armure bonus","+14 Armure bonus","+14 Armure bonus","+14 Armure bonus","+14 Armure bonus","+14 Armure bonus",0xFF01FE,0,0,0,0,0,0,0,
61605,0,5,0,0,15,0,0,15,0,0,41,0,0,"+15 Armure bonus","+15 Armure bonus","+15 Armure bonus","+15 Armure bonus","+15 Armure bonus","+15 Armure bonus","+15 Armure bonus","+15 Armure bonus","+15 Armure bonus","+15 Armure bonus","+15 Armure bonus","+15 Armure bonus","+15 Armure bonus","+15 Armure bonus","+15 Armure bonus","+15 Armure bonus",0xFF01FE,0,0,0,0,0,0,0,
61606,0,5,0,0,16,0,0,16,0,0,41,0,0,"+16 Armure bonus","+16 Armure bonus","+16 Armure bonus","+16 Armure bonus","+16 Armure bonus","+16 Armure bonus","+16 Armure bonus","+16 Armure bonus","+16 Armure bonus","+16 Armure bonus","+16 Armure bonus","+16 Armure bonus","+16 Armure bonus","+16 Armure bonus","+16 Armure bonus","+16 Armure bonus",0xFF01FE,0,0,0,0,0,0,0,
61607,0,5,0,0,17,0,0,17,0,0,41,0,0,"+17 Armure bonus","+17 Armure bonus","+17 Armure bonus","+17 Armure bonus","+17 Armure bonus","+17 Armure bonus","+17 Armure bonus","+17 Armure bonus","+17 Armure bonus","+17 Armure bonus","+17 Armure bonus","+17 Armure bonus","+17 Armure bonus","+17 Armure bonus","+17 Armure bonus","+17 Armure bonus",0xFF01FE,0,0,0,0,0,0,0,
61608,0,5,0,0,18,0,0,18,0,0,41,0,0,"+18 Armure bonus","+18 Armure bonus","+18 Armure bonus","+18 Armure bonus","+18 Armure bonus","+18 Armure bonus","+18 Armure bonus","+18 Armure bonus","+18 Armure bonus","+18 Armure bonus","+18 Armure bonus","+18 Armure bonus","+18 Armure bonus","+18 Armure bonus","+18 Armure bonus","+18 Armure bonus",0xFF01FE,0,0,0,0,0,0,0,
61609,0,5,0,0,19,0,0,19,0,0,41,0,0,"+19 Armure bonus","+19 Armure bonus","+19 Armure bonus","+19 Armure bonus","+19 Armure bonus","+19 Armure bonus","+19 Armure bonus","+19 Armure bonus","+19 Armure bonus","+19 Armure bonus","+19 Armure bonus","+19 Armure bonus","+19 Armure bonus","+19 Armure bonus","+19 Armure bonus","+19 Armure bonus",0xFF01FE,0,0,0,0,0,0,0,
61610,0,5,0,0,20,0,0,20,0,0,41,0,0,"+20 Armure bonus","+20 Armure bonus","+20 Armure bonus","+20 Armure bonus","+20 Armure bonus","+20 Armure bonus","+20 Armure bonus","+20 Armure bonus","+20 Armure bonus","+20 Armure bonus","+20 Armure bonus","+20 Armure bonus","+20 Armure bonus","+20 Armure bonus","+20 Armure bonus","+20 Armure bonus",0xFF01FE,0,0,0,0,0,0,0,
61611,0,5,0,0,21,0,0,21,0,0,41,0,0,"+21 Armure bonus","+21 Armure bonus","+21 Armure bonus","+21 Armure bonus","+21 Armure bonus","+21 Armure bonus","+21 Armure bonus","+21 Armure bonus","+21 Armure bonus","+21 Armure bonus","+21 Armure bonus","+21 Armure bonus","+21 Armure bonus","+21 Armure bonus","+21 Armure bonus","+21 Armure bonus",0xFF01FE,0,0,0,0,0,0,0,
61612,0,5,0,0,22,0,0,22,0,0,41,0,0,"+22 Armure bonus","+22 Armure bonus","+22 Armure bonus","+22 Armure bonus","+22 Armure bonus","+22 Armure bonus","+22 Armure bonus","+22 Armure bonus","+22 Armure bonus","+22 Armure bonus","+22 Armure bonus","+22 Armure bonus","+22 Armure bonus","+22 Armure bonus","+22 Armure bonus","+22 Armure bonus",0xFF01FE,0,0,0,0,0,0,0,
61613,0,5,0,0,23,0,0,23,0,0,41,0,0,"+23 Armure bonus","+23 Armure bonus","+23 Armure bonus","+23 Armure bonus","+23 Armure bonus","+23 Armure bonus","+23 Armure bonus","+23 Armure bonus","+23 Armure bonus","+23 Armure bonus","+23 Armure bonus","+23 Armure bonus","+23 Armure bonus","+23 Armure bonus","+23 Armure bonus","+23 Armure bonus",0xFF01FE,0,0,0,0,0,0,0,
61614,0,5,0,0,24,0,0,24,0,0,41,0,0,"+24 Armure bonus","+24 Armure bonus","+24 Armure bonus","+24 Armure bonus","+24 Armure bonus","+24 Armure bonus","+24 Armure bonus","+24 Armure bonus","+24 Armure bonus","+24 Armure bonus","+24 Armure bonus","+24 Armure bonus","+24 Armure bonus","+24 Armure bonus","+24 Armure bonus","+24 Armure bonus",0xFF01FE,0,0,0,0,0,0,0,
61615,0,5,0,0,25,0,0,25,0,0,41,0,0,"+25 Armure bonus","+25 Armure bonus","+25 Armure bonus","+25 Armure bonus","+25 Armure bonus","+25 Armure bonus","+25 Armure bonus","+25 Armure bonus","+25 Armure bonus","+25 Armure bonus","+25 Armure bonus","+25 Armure bonus","+25 Armure bonus","+25 Armure bonus","+25 Armure bonus","+25 Armure bonus",0xFF01FE,0,0,0,0,0,0,0,
61616,0,5,0,0,26,0,0,26,0,0,41,0,0,"+26 Armure bonus","+26 Armure bonus","+26 Armure bonus","+26 Armure bonus","+26 Armure bonus","+26 Armure bonus","+26 Armure bonus","+26 Armure bonus","+26 Armure bonus","+26 Armure bonus","+26 Armure bonus","+26 Armure bonus","+26 Armure bonus","+26 Armure bonus","+26 Armure bonus","+26 Armure bonus",0xFF01FE,0,0,0,0,0,0,0,
61617,0,5,0,0,27,0,0,27,0,0,41,0,0,"+27 Armure bonus","+27 Armure bonus","+27 Armure bonus","+27 Armure bonus","+27 Armure bonus","+27 Armure bonus","+27 Armure bonus","+27 Armure bonus","+27 Armure bonus","+27 Armure bonus","+27 Armure bonus","+27 Armure bonus","+27 Armure bonus","+27 Armure bonus","+27 Armure bonus","+27 Armure bonus",0xFF01FE,0,0,0,0,0,0,0,
61618,0,5,0,0,28,0,0,28,0,0,41,0,0,"+28 Armure bonus","+28 Armure bonus","+28 Armure bonus","+28 Armure bonus","+28 Armure bonus","+28 Armure bonus","+28 Armure bonus","+28 Armure bonus","+28 Armure bonus","+28 Armure bonus","+28 Armure bonus","+28 Armure bonus","+28 Armure bonus","+28 Armure bonus","+28 Armure bonus","+28 Armure bonus",0xFF01FE,0,0,0,0,0,0,0,
61619,0,5,0,0,29,0,0,29,0,0,41,0,0,"+29 Armure bonus","+29 Armure bonus","+29 Armure bonus","+29 Armure bonus","+29 Armure bonus","+29 Armure bonus","+29 Armure bonus","+29 Armure bonus","+29 Armure bonus","+29 Armure bonus","+29 Armure bonus","+29 Armure bonus","+29 Armure bonus","+29 Armure bonus","+29 Armure bonus","+29 Armure bonus",0xFF01FE,0,0,0,0,0,0,0,
61620,0,5,0,0,30,0,0,30,0,0,41,0,0,"+30 Armure bonus","+30 Armure bonus","+30 Armure bonus","+30 Armure bonus","+30 Armure bonus","+30 Armure bonus","+30 Armure bonus","+30 Armure bonus","+30 Armure bonus","+30 Armure bonus","+30 Armure bonus","+30 Armure bonus","+30 Armure bonus","+30 Armure bonus","+30 Armure bonus","+30 Armure bonus",0xFF01FE,0,0,0,0,0,0,0,
61621,0,5,0,0,31,0,0,31,0,0,41,0,0,"+31 Armure bonus","+31 Armure bonus","+31 Armure bonus","+31 Armure bonus","+31 Armure bonus","+31 Armure bonus","+31 Armure bonus","+31 Armure bonus","+31 Armure bonus","+31 Armure bonus","+31 Armure bonus","+31 Armure bonus","+31 Armure bonus","+31 Armure bonus","+31 Armure bonus","+31 Armure bonus",0xFF01FE,0,0,0,0,0,0,0,
61622,0,5,0,0,32,0,0,32,0,0,41,0,0,"+32 Armure bonus","+32 Armure bonus","+32 Armure bonus","+32 Armure bonus","+32 Armure bonus","+32 Armure bonus","+32 Armure bonus","+32 Armure bonus","+32 Armure bonus","+32 Armure bonus","+32 Armure bonus","+32 Armure bonus","+32 Armure bonus","+32 Armure bonus","+32 Armure bonus","+32 Armure bonus",0xFF01FE,0,0,0,0,0,0,0,
61623,0,5,0,0,33,0,0,33,0,0,41,0,0,"+33 Armure bonus","+33 Armure bonus","+33 Armure bonus","+33 Armure bonus","+33 Armure bonus","+33 Armure bonus","+33 Armure bonus","+33 Armure bonus","+33 Armure bonus","+33 Armure bonus","+33 Armure bonus","+33 Armure bonus","+33 Armure bonus","+33 Armure bonus","+33 Armure bonus","+33 Armure bonus",0xFF01FE,0,0,0,0,0,0,0,
61624,0,5,0,0,34,0,0,34,0,0,41,0,0,"+34 Armure bonus","+34 Armure bonus","+34 Armure bonus","+34 Armure bonus","+34 Armure bonus","+34 Armure bonus","+34 Armure bonus","+34 Armure bonus","+34 Armure bonus","+34 Armure bonus","+34 Armure bonus","+34 Armure bonus","+34 Armure bonus","+34 Armure bonus","+34 Armure bonus","+34 Armure bonus",0xFF01FE,0,0,0,0,0,0,0,
61625,0,5,0,0,35,0,0,35,0,0,41,0,0,"+35 Armure bonus","+35 Armure bonus","+35 Armure bonus","+35 Armure bonus","+35 Armure bonus","+35 Armure bonus","+35 Armure bonus","+35 Armure bonus","+35 Armure bonus","+35 Armure bonus","+35 Armure bonus","+35 Armure bonus","+35 Armure bonus","+35 Armure bonus","+35 Armure bonus","+35 Armure bonus",0xFF01FE,0,0,0,0,0,0,0,
61626,0,5,0,0,36,0,0,36,0,0,41,0,0,"+36 Armure bonus","+36 Armure bonus","+36 Armure bonus","+36 Armure bonus","+36 Armure bonus","+36 Armure bonus","+36 Armure bonus","+36 Armure bonus","+36 Armure bonus","+36 Armure bonus","+36 Armure bonus","+36 Armure bonus","+36 Armure bonus","+36 Armure bonus","+36 Armure bonus","+36 Armure bonus",0xFF01FE,0,0,0,0,0,0,0,
61627,0,5,0,0,37,0,0,37,0,0,41,0,0,"+37 Armure bonus","+37 Armure bonus","+37 Armure bonus","+37 Armure bonus","+37 Armure bonus","+37 Armure bonus","+37 Armure bonus","+37 Armure bonus","+37 Armure bonus","+37 Armure bonus","+37 Armure bonus","+37 Armure bonus","+37 Armure bonus","+37 Armure bonus","+37 Armure bonus","+37 Armure bonus",0xFF01FE,0,0,0,0,0,0,0,
61628,0,5,0,0,38,0,0,38,0,0,41,0,0,"+38 Armure bonus","+38 Armure bonus","+38 Armure bonus","+38 Armure bonus","+38 Armure bonus","+38 Armure bonus","+38 Armure bonus","+38 Armure bonus","+38 Armure bonus","+38 Armure bonus","+38 Armure bonus","+38 Armure bonus","+38 Armure bonus","+38 Armure bonus","+38 Armure bonus","+38 Armure bonus",0xFF01FE,0,0,0,0,0,0,0,
61629,0,5,0,0,39,0,0,39,0,0,41,0,0,"+39 Armure bonus","+39 Armure bonus","+39 Armure bonus","+39 Armure bonus","+39 Armure bonus","+39 Armure bonus","+39 Armure bonus","+39 Armure bonus","+39 Armure bonus","+39 Armure bonus","+39 Armure bonus","+39 Armure bonus","+39 Armure bonus","+39 Armure bonus","+39 Armure bonus","+39 Armure bonus",0xFF01FE,0,0,0,0,0,0,0,
61630,0,5,0,0,40,0,0,40,0,0,41,0,0,"+40 Armure bonus","+40 Armure bonus","+40 Armure bonus","+40 Armure bonus","+40 Armure bonus","+40 Armure bonus","+40 Armure bonus","+40 Armure bonus","+40 Armure bonus","+40 Armure bonus","+40 Armure bonus","+40 Armure bonus","+40 Armure bonus","+40 Armure bonus","+40 Armure bonus","+40 Armure bonus",0xFF01FE,0,0,0,0,0,0,0,
61631,0,5,0,0,41,0,0,41,0,0,41,0,0,"+41 Armure bonus","+41 Armure bonus","+41 Armure bonus","+41 Armure bonus","+41 Armure bonus","+41 Armure bonus","+41 Armure bonus","+41 Armure bonus","+41 Armure bonus","+41 Armure bonus","+41 Armure bonus","+41 Armure bonus","+41 Armure bonus","+41 Armure bonus","+41 Armure bonus","+41 Armure bonus",0xFF01FE,0,0,0,0,0,0,0,
61632,0,5,0,0,42,0,0,42,0,0,41,0,0,"+42 Armure bonus","+42 Armure bonus","+42 Armure bonus","+42 Armure bonus","+42 Armure bonus","+42 Armure bonus","+42 Armure bonus","+42 Armure bonus","+42 Armure bonus","+42 Armure bonus","+42 Armure bonus","+42 Armure bonus","+42 Armure bonus","+42 Armure bonus","+42 Armure bonus","+42 Armure bonus",0xFF01FE,0,0,0,0,0,0,0,
61633,0,5,0,0,43,0,0,43,0,0,41,0,0,"+43 Armure bonus","+43 Armure bonus","+43 Armure bonus","+43 Armure bonus","+43 Armure bonus","+43 Armure bonus","+43 Armure bonus","+43 Armure bonus","+43 Armure bonus","+43 Armure bonus","+43 Armure bonus","+43 Armure bonus","+43 Armure bonus","+43 Armure bonus","+43 Armure bonus","+43 Armure bonus",0xFF01FE,0,0,0,0,0,0,0,
61634,0,5,0,0,44,0,0,44,0,0,41,0,0,"+44 Armure bonus","+44 Armure bonus","+44 Armure bonus","+44 Armure bonus","+44 Armure bonus","+44 Armure bonus","+44 Armure bonus","+44 Armure bonus","+44 Armure bonus","+44 Armure bonus","+44 Armure bonus","+44 Armure bonus","+44 Armure bonus","+44 Armure bonus","+44 Armure bonus","+44 Armure bonus",0xFF01FE,0,0,0,0,0,0,0,
61635,0,5,0,0,45,0,0,45,0,0,41,0,0,"+45 Armure bonus","+45 Armure bonus","+45 Armure bonus","+45 Armure bonus","+45 Armure bonus","+45 Armure bonus","+45 Armure bonus","+45 Armure bonus","+45 Armure bonus","+45 Armure bonus","+45 Armure bonus","+45 Armure bonus","+45 Armure bonus","+45 Armure bonus","+45 Armure bonus","+45 Armure bonus",0xFF01FE,0,0,0,0,0,0,0,
61636,0,5,0,0,46,0,0,46,0,0,41,0,0,"+46 Armure bonus","+46 Armure bonus","+46 Armure bonus","+46 Armure bonus","+46 Armure bonus","+46 Armure bonus","+46 Armure bonus","+46 Armure bonus","+46 Armure bonus","+46 Armure bonus","+46 Armure bonus","+46 Armure bonus","+46 Armure bonus","+46 Armure bonus","+46 Armure bonus","+46 Armure bonus",0xFF01FE,0,0,0,0,0,0,0,
61637,0,5,0,0,47,0,0,47,0,0,41,0,0,"+47 Armure bonus","+47 Armure bonus","+47 Armure bonus","+47 Armure bonus","+47 Armure bonus","+47 Armure bonus","+47 Armure bonus","+47 Armure bonus","+47 Armure bonus","+47 Armure bonus","+47 Armure bonus","+47 Armure bonus","+47 Armure bonus","+47 Armure bonus","+47 Armure bonus","+47 Armure bonus",0xFF01FE,0,0,0,0,0,0,0,
61638,0,5,0,0,48,0,0,48,0,0,41,0,0,"+48 Armure bonus","+48 Armure bonus","+48 Armure bonus","+48 Armure bonus","+48 Armure bonus","+48 Armure bonus","+48 Armure bonus","+48 Armure bonus","+48 Armure bonus","+48 Armure bonus","+48 Armure bonus","+48 Armure bonus","+48 Armure bonus","+48 Armure bonus","+48 Armure bonus","+48 Armure bonus",0xFF01FE,0,0,0,0,0,0,0,
61639,0,5,0,0,49,0,0,49,0,0,41,0,0,"+49 Armure bonus","+49 Armure bonus","+49 Armure bonus","+49 Armure bonus","+49 Armure bonus","+49 Armure bonus","+49 Armure bonus","+49 Armure bonus","+49 Armure bonus","+49 Armure bonus","+49 Armure bonus","+49 Armure bonus","+49 Armure bonus","+49 Armure bonus","+49 Armure bonus","+49 Armure bonus",0xFF01FE,0,0,0,0,0,0,0,
61640,0,5,0,0,50,0,0,50,0,0,41,0,0,"+50 Armure bonus","+50 Armure bonus","+50 Armure bonus","+50 Armure bonus","+50 Armure bonus","+50 Armure bonus","+50 Armure bonus","+50 Armure bonus","+50 Armure bonus","+50 Armure bonus","+50 Armure bonus","+50 Armure bonus","+50 Armure bonus","+50 Armure bonus","+50 Armure bonus","+50 Armure bonus",0xFF01FE,0,0,0,0,0,0,0,
61641,0,5,0,0,51,0,0,51,0,0,41,0,0,"+51 Armure bonus","+51 Armure bonus","+51 Armure bonus","+51 Armure bonus","+51 Armure bonus","+51 Armure bonus","+51 Armure bonus","+51 Armure bonus","+51 Armure bonus","+51 Armure bonus","+51 Armure bonus","+51 Armure bonus","+51 Armure bonus","+51 Armure bonus","+51 Armure bonus","+51 Armure bonus",0xFF01FE,0,0,0,0,0,0,0,
61642,0,5,0,0,52,0,0,52,0,0,41,0,0,"+52 Armure bonus","+52 Armure bonus","+52 Armure bonus","+52 Armure bonus","+52 Armure bonus","+52 Armure bonus","+52 Armure bonus","+52 Armure bonus","+52 Armure bonus","+52 Armure bonus","+52 Armure bonus","+52 Armure bonus","+52 Armure bonus","+52 Armure bonus","+52 Armure bonus","+52 Armure bonus",0xFF01FE,0,0,0,0,0,0,0,
61643,0,5,0,0,53,0,0,53,0,0,41,0,0,"+53 Armure bonus","+53 Armure bonus","+53 Armure bonus","+53 Armure bonus","+53 Armure bonus","+53 Armure bonus","+53 Armure bonus","+53 Armure bonus","+53 Armure bonus","+53 Armure bonus","+53 Armure bonus","+53 Armure bonus","+53 Armure bonus","+53 Armure bonus","+53 Armure bonus","+53 Armure bonus",0xFF01FE,0,0,0,0,0,0,0,
61644,0,5,0,0,54,0,0,54,0,0,41,0,0,"+54 Armure bonus","+54 Armure bonus","+54 Armure bonus","+54 Armure bonus","+54 Armure bonus","+54 Armure bonus","+54 Armure bonus","+54 Armure bonus","+54 Armure bonus","+54 Armure bonus","+54 Armure bonus","+54 Armure bonus","+54 Armure bonus","+54 Armure bonus","+54 Armure bonus","+54 Armure bonus",0xFF01FE,0,0,0,0,0,0,0,
61645,0,5,0,0,55,0,0,55,0,0,41,0,0,"+55 Armure bonus","+55 Armure bonus","+55 Armure bonus","+55 Armure bonus","+55 Armure bonus","+55 Armure bonus","+55 Armure bonus","+55 Armure bonus","+55 Armure bonus","+55 Armure bonus","+55 Armure bonus","+55 Armure bonus","+55 Armure bonus","+55 Armure bonus","+55 Armure bonus","+55 Armure bonus",0xFF01FE,0,0,0,0,0,0,0,
61646,0,5,0,0,56,0,0,56,0,0,41,0,0,"+56 Armure bonus","+56 Armure bonus","+56 Armure bonus","+56 Armure bonus","+56 Armure bonus","+56 Armure bonus","+56 Armure bonus","+56 Armure bonus","+56 Armure bonus","+56 Armure bonus","+56 Armure bonus","+56 Armure bonus","+56 Armure bonus","+56 Armure bonus","+56 Armure bonus","+56 Armure bonus",0xFF01FE,0,0,0,0,0,0,0,
61647,0,5,0,0,57,0,0,57,0,0,41,0,0,"+57 Armure bonus","+57 Armure bonus","+57 Armure bonus","+57 Armure bonus","+57 Armure bonus","+57 Armure bonus","+57 Armure bonus","+57 Armure bonus","+57 Armure bonus","+57 Armure bonus","+57 Armure bonus","+57 Armure bonus","+57 Armure bonus","+57 Armure bonus","+57 Armure bonus","+57 Armure bonus",0xFF01FE,0,0,0,0,0,0,0,
61648,0,5,0,0,58,0,0,58,0,0,41,0,0,"+58 Armure bonus","+58 Armure bonus","+58 Armure bonus","+58 Armure bonus","+58 Armure bonus","+58 Armure bonus","+58 Armure bonus","+58 Armure bonus","+58 Armure bonus","+58 Armure bonus","+58 Armure bonus","+58 Armure bonus","+58 Armure bonus","+58 Armure bonus","+58 Armure bonus","+58 Armure bonus",0xFF01FE,0,0,0,0,0,0,0,
61649,0,5,0,0,59,0,0,59,0,0,41,0,0,"+59 Armure bonus","+59 Armure bonus","+59 Armure bonus","+59 Armure bonus","+59 Armure bonus","+59 Armure bonus","+59 Armure bonus","+59 Armure bonus","+59 Armure bonus","+59 Armure bonus","+59 Armure bonus","+59 Armure bonus","+59 Armure bonus","+59 Armure bonus","+59 Armure bonus","+59 Armure bonus",0xFF01FE,0,0,0,0,0,0,0,
61650,0,5,0,0,60,0,0,60,0,0,41,0,0,"+60 Armure bonus","+60 Armure bonus","+60 Armure bonus","+60 Armure bonus","+60 Armure bonus","+60 Armure bonus","+60 Armure bonus","+60 Armure bonus","+60 Armure bonus","+60 Armure bonus","+60 Armure bonus","+60 Armure bonus","+60 Armure bonus","+60 Armure bonus","+60 Armure bonus","+60 Armure bonus",0xFF01FE,0,0,0,0,0,0,0,
61651,0,5,0,0,61,0,0,61,0,0,41,0,0,"+61 Armure bonus","+61 Armure bonus","+61 Armure bonus","+61 Armure bonus","+61 Armure bonus","+61 Armure bonus","+61 Armure bonus","+61 Armure bonus","+61 Armure bonus","+61 Armure bonus","+61 Armure bonus","+61 Armure bonus","+61 Armure bonus","+61 Armure bonus","+61 Armure bonus","+61 Armure bonus",0xFF01FE,0,0,0,0,0,0,0,
61652,0,5,0,0,62,0,0,62,0,0,41,0,0,"+62 Armure bonus","+62 Armure bonus","+62 Armure bonus","+62 Armure bonus","+62 Armure bonus","+62 Armure bonus","+62 Armure bonus","+62 Armure bonus","+62 Armure bonus","+62 Armure bonus","+62 Armure bonus","+62 Armure bonus","+62 Armure bonus","+62 Armure bonus","+62 Armure bonus","+62 Armure bonus",0xFF01FE,0,0,0,0,0,0,0,
61653,0,5,0,0,63,0,0,63,0,0,41,0,0,"+63 Armure bonus","+63 Armure bonus","+63 Armure bonus","+63 Armure bonus","+63 Armure bonus","+63 Armure bonus","+63 Armure bonus","+63 Armure bonus","+63 Armure bonus","+63 Armure bonus","+63 Armure bonus","+63 Armure bonus","+63 Armure bonus","+63 Armure bonus","+63 Armure bonus","+63 Armure bonus",0xFF01FE,0,0,0,0,0,0,0,
61654,0,5,0,0,64,0,0,64,0,0,41,0,0,"+64 Armure bonus","+64 Armure bonus","+64 Armure bonus","+64 Armure bonus","+64 Armure bonus","+64 Armure bonus","+64 Armure bonus","+64 Armure bonus","+64 Armure bonus","+64 Armure bonus","+64 Armure bonus","+64 Armure bonus","+64 Armure bonus","+64 Armure bonus","+64 Armure bonus","+64 Armure bonus",0xFF01FE,0,0,0,0,0,0,0,
61655,0,5,0,0,65,0,0,65,0,0,41,0,0,"+65 Armure bonus","+65 Armure bonus","+65 Armure bonus","+65 Armure bonus","+65 Armure bonus","+65 Armure bonus","+65 Armure bonus","+65 Armure bonus","+65 Armure bonus","+65 Armure bonus","+65 Armure bonus","+65 Armure bonus","+65 Armure bonus","+65 Armure bonus","+65 Armure bonus","+65 Armure bonus",0xFF01FE,0,0,0,0,0,0,0,
61656,0,5,0,0,66,0,0,66,0,0,41,0,0,"+66 Armure bonus","+66 Armure bonus","+66 Armure bonus","+66 Armure bonus","+66 Armure bonus","+66 Armure bonus","+66 Armure bonus","+66 Armure bonus","+66 Armure bonus","+66 Armure bonus","+66 Armure bonus","+66 Armure bonus","+66 Armure bonus","+66 Armure bonus","+66 Armure bonus","+66 Armure bonus",0xFF01FE,0,0,0,0,0,0,0,
61657,0,5,0,0,67,0,0,67,0,0,41,0,0,"+67 Armure bonus","+67 Armure bonus","+67 Armure bonus","+67 Armure bonus","+67 Armure bonus","+67 Armure bonus","+67 Armure bonus","+67 Armure bonus","+67 Armure bonus","+67 Armure bonus","+67 Armure bonus","+67 Armure bonus","+67 Armure bonus","+67 Armure bonus","+67 Armure bonus","+67 Armure bonus",0xFF01FE,0,0,0,0,0,0,0,
61658,0,5,0,0,68,0,0,68,0,0,41,0,0,"+68 Armure bonus","+68 Armure bonus","+68 Armure bonus","+68 Armure bonus","+68 Armure bonus","+68 Armure bonus","+68 Armure bonus","+68 Armure bonus","+68 Armure bonus","+68 Armure bonus","+68 Armure bonus","+68 Armure bonus","+68 Armure bonus","+68 Armure bonus","+68 Armure bonus","+68 Armure bonus",0xFF01FE,0,0,0,0,0,0,0,
61659,0,5,0,0,69,0,0,69,0,0,41,0,0,"+69 Armure bonus","+69 Armure bonus","+69 Armure bonus","+69 Armure bonus","+69 Armure bonus","+69 Armure bonus","+69 Armure bonus","+69 Armure bonus","+69 Armure bonus","+69 Armure bonus","+69 Armure bonus","+69 Armure bonus","+69 Armure bonus","+69 Armure bonus","+69 Armure bonus","+69 Armure bonus",0xFF01FE,0,0,0,0,0,0,0,
61660,0,5,0,0,70,0,0,70,0,0,41,0,0,"+70 Armure bonus","+70 Armure bonus","+70 Armure bonus","+70 Armure bonus","+70 Armure bonus","+70 Armure bonus","+70 Armure bonus","+70 Armure bonus","+70 Armure bonus","+70 Armure bonus","+70 Armure bonus","+70 Armure bonus","+70 Armure bonus","+70 Armure bonus","+70 Armure bonus","+70 Armure bonus",0xFF01FE,0,0,0,0,0,0,0,
61661,0,5,0,0,71,0,0,71,0,0,41,0,0,"+71 Armure bonus","+71 Armure bonus","+71 Armure bonus","+71 Armure bonus","+71 Armure bonus","+71 Armure bonus","+71 Armure bonus","+71 Armure bonus","+71 Armure bonus","+71 Armure bonus","+71 Armure bonus","+71 Armure bonus","+71 Armure bonus","+71 Armure bonus","+71 Armure bonus","+71 Armure bonus",0xFF01FE,0,0,0,0,0,0,0,
61662,0,5,0,0,72,0,0,72,0,0,41,0,0,"+72 Armure bonus","+72 Armure bonus","+72 Armure bonus","+72 Armure bonus","+72 Armure bonus","+72 Armure bonus","+72 Armure bonus","+72 Armure bonus","+72 Armure bonus","+72 Armure bonus","+72 Armure bonus","+72 Armure bonus","+72 Armure bonus","+72 Armure bonus","+72 Armure bonus","+72 Armure bonus",0xFF01FE,0,0,0,0,0,0,0,
61663,0,5,0,0,73,0,0,73,0,0,41,0,0,"+73 Armure bonus","+73 Armure bonus","+73 Armure bonus","+73 Armure bonus","+73 Armure bonus","+73 Armure bonus","+73 Armure bonus","+73 Armure bonus","+73 Armure bonus","+73 Armure bonus","+73 Armure bonus","+73 Armure bonus","+73 Armure bonus","+73 Armure bonus","+73 Armure bonus","+73 Armure bonus",0xFF01FE,0,0,0,0,0,0,0,
61664,0,5,0,0,74,0,0,74,0,0,41,0,0,"+74 Armure bonus","+74 Armure bonus","+74 Armure bonus","+74 Armure bonus","+74 Armure bonus","+74 Armure bonus","+74 Armure bonus","+74 Armure bonus","+74 Armure bonus","+74 Armure bonus","+74 Armure bonus","+74 Armure bonus","+74 Armure bonus","+74 Armure bonus","+74 Armure bonus","+74 Armure bonus",0xFF01FE,0,0,0,0,0,0,0,
61665,0,5,0,0,75,0,0,75,0,0,41,0,0,"+75 Armure bonus","+75 Armure bonus","+75 Armure bonus","+75 Armure bonus","+75 Armure bonus","+75 Armure bonus","+75 Armure bonus","+75 Armure bonus","+75 Armure bonus","+75 Armure bonus","+75 Armure bonus","+75 Armure bonus","+75 Armure bonus","+75 Armure bonus","+75 Armure bonus","+75 Armure bonus",0xFF01FE,0,0,0,0,0,0,0,
61666,0,5,0,0,76,0,0,76,0,0,41,0,0,"+76 Armure bonus","+76 Armure bonus","+76 Armure bonus","+76 Armure bonus","+76 Armure bonus","+76 Armure bonus","+76 Armure bonus","+76 Armure bonus","+76 Armure bonus","+76 Armure bonus","+76 Armure bonus","+76 Armure bonus","+76 Armure bonus","+76 Armure bonus","+76 Armure bonus","+76 Armure bonus",0xFF01FE,0,0,0,0,0,0,0,
61667,0,5,0,0,77,0,0,77,0,0,41,0,0,"+77 Armure bonus","+77 Armure bonus","+77 Armure bonus","+77 Armure bonus","+77 Armure bonus","+77 Armure bonus","+77 Armure bonus","+77 Armure bonus","+77 Armure bonus","+77 Armure bonus","+77 Armure bonus","+77 Armure bonus","+77 Armure bonus","+77 Armure bonus","+77 Armure bonus","+77 Armure bonus",0xFF01FE,0,0,0,0,0,0,0,
61668,0,5,0,0,78,0,0,78,0,0,41,0,0,"+78 Armure bonus","+78 Armure bonus","+78 Armure bonus","+78 Armure bonus","+78 Armure bonus","+78 Armure bonus","+78 Armure bonus","+78 Armure bonus","+78 Armure bonus","+78 Armure bonus","+78 Armure bonus","+78 Armure bonus","+78 Armure bonus","+78 Armure bonus","+78 Armure bonus","+78 Armure bonus",0xFF01FE,0,0,0,0,0,0,0,
61669,0,5,0,0,79,0,0,79,0,0,41,0,0,"+79 Armure bonus","+79 Armure bonus","+79 Armure bonus","+79 Armure bonus","+79 Armure bonus","+79 Armure bonus","+79 Armure bonus","+79 Armure bonus","+79 Armure bonus","+79 Armure bonus","+79 Armure bonus","+79 Armure bonus","+79 Armure bonus","+79 Armure bonus","+79 Armure bonus","+79 Armure bonus",0xFF01FE,0,0,0,0,0,0,0,
61670,0,5,0,0,80,0,0,80,0,0,41,0,0,"+80 Armure bonus","+80 Armure bonus","+80 Armure bonus","+80 Armure bonus","+80 Armure bonus","+80 Armure bonus","+80 Armure bonus","+80 Armure bonus","+80 Armure bonus","+80 Armure bonus","+80 Armure bonus","+80 Armure bonus","+80 Armure bonus","+80 Armure bonus","+80 Armure bonus","+80 Armure bonus",0xFF01FE,0,0,0,0,0,0,0,
61671,0,5,0,0,81,0,0,81,0,0,41,0,0,"+81 Armure bonus","+81 Armure bonus","+81 Armure bonus","+81 Armure bonus","+81 Armure bonus","+81 Armure bonus","+81 Armure bonus","+81 Armure bonus","+81 Armure bonus","+81 Armure bonus","+81 Armure bonus","+81 Armure bonus","+81 Armure bonus","+81 Armure bonus","+81 Armure bonus","+81 Armure bonus",0xFF01FE,0,0,0,0,0,0,0,
61672,0,5,0,0,82,0,0,82,0,0,41,0,0,"+82 Armure bonus","+82 Armure bonus","+82 Armure bonus","+82 Armure bonus","+82 Armure bonus","+82 Armure bonus","+82 Armure bonus","+82 Armure bonus","+82 Armure bonus","+82 Armure bonus","+82 Armure bonus","+82 Armure bonus","+82 Armure bonus","+82 Armure bonus","+82 Armure bonus","+82 Armure bonus",0xFF01FE,0,0,0,0,0,0,0,
61673,0,5,0,0,83,0,0,83,0,0,41,0,0,"+83 Armure bonus","+83 Armure bonus","+83 Armure bonus","+83 Armure bonus","+83 Armure bonus","+83 Armure bonus","+83 Armure bonus","+83 Armure bonus","+83 Armure bonus","+83 Armure bonus","+83 Armure bonus","+83 Armure bonus","+83 Armure bonus","+83 Armure bonus","+83 Armure bonus","+83 Armure bonus",0xFF01FE,0,0,0,0,0,0,0,
61674,0,5,0,0,84,0,0,84,0,0,41,0,0,"+84 Armure bonus","+84 Armure bonus","+84 Armure bonus","+84 Armure bonus","+84 Armure bonus","+84 Armure bonus","+84 Armure bonus","+84 Armure bonus","+84 Armure bonus","+84 Armure bonus","+84 Armure bonus","+84 Armure bonus","+84 Armure bonus","+84 Armure bonus","+84 Armure bonus","+84 Armure bonus",0xFF01FE,0,0,0,0,0,0,0,
61675,0,5,0,0,85,0,0,85,0,0,41,0,0,"+85 Armure bonus","+85 Armure bonus","+85 Armure bonus","+85 Armure bonus","+85 Armure bonus","+85 Armure bonus","+85 Armure bonus","+85 Armure bonus","+85 Armure bonus","+85 Armure bonus","+85 Armure bonus","+85 Armure bonus","+85 Armure bonus","+85 Armure bonus","+85 Armure bonus","+85 Armure bonus",0xFF01FE,0,0,0,0,0,0,0,
61676,0,5,0,0,86,0,0,86,0,0,41,0,0,"+86 Armure bonus","+86 Armure bonus","+86 Armure bonus","+86 Armure bonus","+86 Armure bonus","+86 Armure bonus","+86 Armure bonus","+86 Armure bonus","+86 Armure bonus","+86 Armure bonus","+86 Armure bonus","+86 Armure bonus","+86 Armure bonus","+86 Armure bonus","+86 Armure bonus","+86 Armure bonus",0xFF01FE,0,0,0,0,0,0,0,
61677,0,5,0,0,87,0,0,87,0,0,41,0,0,"+87 Armure bonus","+87 Armure bonus","+87 Armure bonus","+87 Armure bonus","+87 Armure bonus","+87 Armure bonus","+87 Armure bonus","+87 Armure bonus","+87 Armure bonus","+87 Armure bonus","+87 Armure bonus","+87 Armure bonus","+87 Armure bonus","+87 Armure bonus","+87 Armure bonus","+87 Armure bonus",0xFF01FE,0,0,0,0,0,0,0,
61678,0,5,0,0,88,0,0,88,0,0,41,0,0,"+88 Armure bonus","+88 Armure bonus","+88 Armure bonus","+88 Armure bonus","+88 Armure bonus","+88 Armure bonus","+88 Armure bonus","+88 Armure bonus","+88 Armure bonus","+88 Armure bonus","+88 Armure bonus","+88 Armure bonus","+88 Armure bonus","+88 Armure bonus","+88 Armure bonus","+88 Armure bonus",0xFF01FE,0,0,0,0,0,0,0,
61679,0,5,0,0,89,0,0,89,0,0,41,0,0,"+89 Armure bonus","+89 Armure bonus","+89 Armure bonus","+89 Armure bonus","+89 Armure bonus","+89 Armure bonus","+89 Armure bonus","+89 Armure bonus","+89 Armure bonus","+89 Armure bonus","+89 Armure bonus","+89 Armure bonus","+89 Armure bonus","+89 Armure bonus","+89 Armure bonus","+89 Armure bonus",0xFF01FE,0,0,0,0,0,0,0,
61680,0,5,0,0,90,0,0,90,0,0,41,0,0,"+90 Armure bonus","+90 Armure bonus","+90 Armure bonus","+90 Armure bonus","+90 Armure bonus","+90 Armure bonus","+90 Armure bonus","+90 Armure bonus","+90 Armure bonus","+90 Armure bonus","+90 Armure bonus","+90 Armure bonus","+90 Armure bonus","+90 Armure bonus","+90 Armure bonus","+90 Armure bonus",0xFF01FE,0,0,0,0,0,0,0,
61681,0,5,0,0,91,0,0,91,0,0,41,0,0,"+91 Armure bonus","+91 Armure bonus","+91 Armure bonus","+91 Armure bonus","+91 Armure bonus","+91 Armure bonus","+91 Armure bonus","+91 Armure bonus","+91 Armure bonus","+91 Armure bonus","+91 Armure bonus","+91 Armure bonus","+91 Armure bonus","+91 Armure bonus","+91 Armure bonus","+91 Armure bonus",0xFF01FE,0,0,0,0,0,0,0,
61682,0,5,0,0,92,0,0,92,0,0,41,0,0,"+92 Armure bonus","+92 Armure bonus","+92 Armure bonus","+92 Armure bonus","+92 Armure bonus","+92 Armure bonus","+92 Armure bonus","+92 Armure bonus","+92 Armure bonus","+92 Armure bonus","+92 Armure bonus","+92 Armure bonus","+92 Armure bonus","+92 Armure bonus","+92 Armure bonus","+92 Armure bonus",0xFF01FE,0,0,0,0,0,0,0,
61683,0,5,0,0,93,0,0,93,0,0,41,0,0,"+93 Armure bonus","+93 Armure bonus","+93 Armure bonus","+93 Armure bonus","+93 Armure bonus","+93 Armure bonus","+93 Armure bonus","+93 Armure bonus","+93 Armure bonus","+93 Armure bonus","+93 Armure bonus","+93 Armure bonus","+93 Armure bonus","+93 Armure bonus","+93 Armure bonus","+93 Armure bonus",0xFF01FE,0,0,0,0,0,0,0,
61684,0,5,0,0,94,0,0,94,0,0,41,0,0,"+94 Armure bonus","+94 Armure bonus","+94 Armure bonus","+94 Armure bonus","+94 Armure bonus","+94 Armure bonus","+94 Armure bonus","+94 Armure bonus","+94 Armure bonus","+94 Armure bonus","+94 Armure bonus","+94 Armure bonus","+94 Armure bonus","+94 Armure bonus","+94 Armure bonus","+94 Armure bonus",0xFF01FE,0,0,0,0,0,0,0,
61685,0,5,0,0,95,0,0,95,0,0,41,0,0,"+95 Armure bonus","+95 Armure bonus","+95 Armure bonus","+95 Armure bonus","+95 Armure bonus","+95 Armure bonus","+95 Armure bonus","+95 Armure bonus","+95 Armure bonus","+95 Armure bonus","+95 Armure bonus","+95 Armure bonus","+95 Armure bonus","+95 Armure bonus","+95 Armure bonus","+95 Armure bonus",0xFF01FE,0,0,0,0,0,0,0,
61686,0,5,0,0,96,0,0,96,0,0,41,0,0,"+96 Armure bonus","+96 Armure bonus","+96 Armure bonus","+96 Armure bonus","+96 Armure bonus","+96 Armure bonus","+96 Armure bonus","+96 Armure bonus","+96 Armure bonus","+96 Armure bonus","+96 Armure bonus","+96 Armure bonus","+96 Armure bonus","+96 Armure bonus","+96 Armure bonus","+96 Armure bonus",0xFF01FE,0,0,0,0,0,0,0,
61687,0,5,0,0,97,0,0,97,0,0,41,0,0,"+97 Armure bonus","+97 Armure bonus","+97 Armure bonus","+97 Armure bonus","+97 Armure bonus","+97 Armure bonus","+97 Armure bonus","+97 Armure bonus","+97 Armure bonus","+97 Armure bonus","+97 Armure bonus","+97 Armure bonus","+97 Armure bonus","+97 Armure bonus","+97 Armure bonus","+97 Armure bonus",0xFF01FE,0,0,0,0,0,0,0,
61688,0,5,0,0,98,0,0,98,0,0,41,0,0,"+98 Armure bonus","+98 Armure bonus","+98 Armure bonus","+98 Armure bonus","+98 Armure bonus","+98 Armure bonus","+98 Armure bonus","+98 Armure bonus","+98 Armure bonus","+98 Armure bonus","+98 Armure bonus","+98 Armure bonus","+98 Armure bonus","+98 Armure bonus","+98 Armure bonus","+98 Armure bonus",0xFF01FE,0,0,0,0,0,0,0,
61689,0,5,0,0,99,0,0,99,0,0,41,0,0,"+99 Armure bonus","+99 Armure bonus","+99 Armure bonus","+99 Armure bonus","+99 Armure bonus","+99 Armure bonus","+99 Armure bonus","+99 Armure bonus","+99 Armure bonus","+99 Armure bonus","+99 Armure bonus","+99 Armure bonus","+99 Armure bonus","+99 Armure bonus","+99 Armure bonus","+99 Armure bonus",0xFF01FE,0,0,0,0,0,0,0,
61690,0,5,0,0,100,0,0,100,0,0,41,0,0,"+100 Armure bonus","+100 Armure bonus","+100 Armure bonus","+100 Armure bonus","+100 Armure bonus","+100 Armure bonus","+100 Armure bonus","+100 Armure bonus","+100 Armure bonus","+100 Armure bonus","+100 Armure bonus","+100 Armure bonus","+100 Armure bonus","+100 Armure bonus","+100 Armure bonus","+100 Armure bonus",0xFF01FE,0,0,0,0,0,0,0,
61700,0,5,0,0,3,0,0,3,0,0,24,0,0,"+3 Resistance Feu","+3 Resistance Feu","+3 Resistance Feu","+3 Resistance Feu","+3 Resistance Feu","+3 Resistance Feu","+3 Resistance Feu","+3 Resistance Feu","+3 Resistance Feu","+3 Resistance Feu","+3 Resistance Feu","+3 Resistance Feu","+3 Resistance Feu","+3 Resistance Feu","+3 Resistance Feu","+3 Resistance Feu",0xFF01FE,0,0,0,0,0,0,0,
61701,0,5,0,0,4,0,0,4,0,0,24,0,0,"+4 Resistance Feu","+4 Resistance Feu","+4 Resistance Feu","+4 Resistance Feu","+4 Resistance Feu","+4 Resistance Feu","+4 Resistance Feu","+4 Resistance Feu","+4 Resistance Feu","+4 Resistance Feu","+4 Resistance Feu","+4 Resistance Feu","+4 Resistance Feu","+4 Resistance Feu","+4 Resistance Feu","+4 Resistance Feu",0xFF01FE,0,0,0,0,0,0,0,
61702,0,5,0,0,5,0,0,5,0,0,24,0,0,"+5 Resistance Feu","+5 Resistance Feu","+5 Resistance Feu","+5 Resistance Feu","+5 Resistance Feu","+5 Resistance Feu","+5 Resistance Feu","+5 Resistance Feu","+5 Resistance Feu","+5 Resistance Feu","+5 Resistance Feu","+5 Resistance Feu","+5 Resistance Feu","+5 Resistance Feu","+5 Resistance Feu","+5 Resistance Feu",0xFF01FE,0,0,0,0,0,0,0,
61703,0,5,0,0,6,0,0,6,0,0,24,0,0,"+6 Resistance Feu","+6 Resistance Feu","+6 Resistance Feu","+6 Resistance Feu","+6 Resistance Feu","+6 Resistance Feu","+6 Resistance Feu","+6 Resistance Feu","+6 Resistance Feu","+6 Resistance Feu","+6 Resistance Feu","+6 Resistance Feu","+6 Resistance Feu","+6 Resistance Feu","+6 Resistance Feu","+6 Resistance Feu",0xFF01FE,0,0,0,0,0,0,0,
61704,0,5,0,0,7,0,0,7,0,0,24,0,0,"+7 Resistance Feu","+7 Resistance Feu","+7 Resistance Feu","+7 Resistance Feu","+7 Resistance Feu","+7 Resistance Feu","+7 Resistance Feu","+7 Resistance Feu","+7 Resistance Feu","+7 Resistance Feu","+7 Resistance Feu","+7 Resistance Feu","+7 Resistance Feu","+7 Resistance Feu","+7 Resistance Feu","+7 Resistance Feu",0xFF01FE,0,0,0,0,0,0,0,
61705,0,5,0,0,8,0,0,8,0,0,24,0,0,"+8 Resistance Feu","+8 Resistance Feu","+8 Resistance Feu","+8 Resistance Feu","+8 Resistance Feu","+8 Resistance Feu","+8 Resistance Feu","+8 Resistance Feu","+8 Resistance Feu","+8 Resistance Feu","+8 Resistance Feu","+8 Resistance Feu","+8 Resistance Feu","+8 Resistance Feu","+8 Resistance Feu","+8 Resistance Feu",0xFF01FE,0,0,0,0,0,0,0,
61706,0,5,0,0,9,0,0,9,0,0,24,0,0,"+9 Resistance Feu","+9 Resistance Feu","+9 Resistance Feu","+9 Resistance Feu","+9 Resistance Feu","+9 Resistance Feu","+9 Resistance Feu","+9 Resistance Feu","+9 Resistance Feu","+9 Resistance Feu","+9 Resistance Feu","+9 Resistance Feu","+9 Resistance Feu","+9 Resistance Feu","+9 Resistance Feu","+9 Resistance Feu",0xFF01FE,0,0,0,0,0,0,0,
61707,0,5,0,0,10,0,0,10,0,0,24,0,0,"+10 Resistance Feu","+10 Resistance Feu","+10 Resistance Feu","+10 Resistance Feu","+10 Resistance Feu","+10 Resistance Feu","+10 Resistance Feu","+10 Resistance Feu","+10 Resistance Feu","+10 Resistance Feu","+10 Resistance Feu","+10 Resistance Feu","+10 Resistance Feu","+10 Resistance Feu","+10 Resistance Feu","+10 Resistance Feu",0xFF01FE,0,0,0,0,0,0,0,
61708,0,5,0,0,11,0,0,11,0,0,24,0,0,"+11 Resistance Feu","+11 Resistance Feu","+11 Resistance Feu","+11 Resistance Feu","+11 Resistance Feu","+11 Resistance Feu","+11 Resistance Feu","+11 Resistance Feu","+11 Resistance Feu","+11 Resistance Feu","+11 Resistance Feu","+11 Resistance Feu","+11 Resistance Feu","+11 Resistance Feu","+11 Resistance Feu","+11 Resistance Feu",0xFF01FE,0,0,0,0,0,0,0,
61709,0,5,0,0,12,0,0,12,0,0,24,0,0,"+12 Resistance Feu","+12 Resistance Feu","+12 Resistance Feu","+12 Resistance Feu","+12 Resistance Feu","+12 Resistance Feu","+12 Resistance Feu","+12 Resistance Feu","+12 Resistance Feu","+12 Resistance Feu","+12 Resistance Feu","+12 Resistance Feu","+12 Resistance Feu","+12 Resistance Feu","+12 Resistance Feu","+12 Resistance Feu",0xFF01FE,0,0,0,0,0,0,0,
61710,0,5,0,0,13,0,0,13,0,0,24,0,0,"+13 Resistance Feu","+13 Resistance Feu","+13 Resistance Feu","+13 Resistance Feu","+13 Resistance Feu","+13 Resistance Feu","+13 Resistance Feu","+13 Resistance Feu","+13 Resistance Feu","+13 Resistance Feu","+13 Resistance Feu","+13 Resistance Feu","+13 Resistance Feu","+13 Resistance Feu","+13 Resistance Feu","+13 Resistance Feu",0xFF01FE,0,0,0,0,0,0,0,
61711,0,5,0,0,14,0,0,14,0,0,24,0,0,"+14 Resistance Feu","+14 Resistance Feu","+14 Resistance Feu","+14 Resistance Feu","+14 Resistance Feu","+14 Resistance Feu","+14 Resistance Feu","+14 Resistance Feu","+14 Resistance Feu","+14 Resistance Feu","+14 Resistance Feu","+14 Resistance Feu","+14 Resistance Feu","+14 Resistance Feu","+14 Resistance Feu","+14 Resistance Feu",0xFF01FE,0,0,0,0,0,0,0,
61712,0,5,0,0,15,0,0,15,0,0,24,0,0,"+15 Resistance Feu","+15 Resistance Feu","+15 Resistance Feu","+15 Resistance Feu","+15 Resistance Feu","+15 Resistance Feu","+15 Resistance Feu","+15 Resistance Feu","+15 Resistance Feu","+15 Resistance Feu","+15 Resistance Feu","+15 Resistance Feu","+15 Resistance Feu","+15 Resistance Feu","+15 Resistance Feu","+15 Resistance Feu",0xFF01FE,0,0,0,0,0,0,0,
61713,0,5,0,0,16,0,0,16,0,0,24,0,0,"+16 Resistance Feu","+16 Resistance Feu","+16 Resistance Feu","+16 Resistance Feu","+16 Resistance Feu","+16 Resistance Feu","+16 Resistance Feu","+16 Resistance Feu","+16 Resistance Feu","+16 Resistance Feu","+16 Resistance Feu","+16 Resistance Feu","+16 Resistance Feu","+16 Resistance Feu","+16 Resistance Feu","+16 Resistance Feu",0xFF01FE,0,0,0,0,0,0,0,
61714,0,5,0,0,17,0,0,17,0,0,24,0,0,"+17 Resistance Feu","+17 Resistance Feu","+17 Resistance Feu","+17 Resistance Feu","+17 Resistance Feu","+17 Resistance Feu","+17 Resistance Feu","+17 Resistance Feu","+17 Resistance Feu","+17 Resistance Feu","+17 Resistance Feu","+17 Resistance Feu","+17 Resistance Feu","+17 Resistance Feu","+17 Resistance Feu","+17 Resistance Feu",0xFF01FE,0,0,0,0,0,0,0,
61715,0,5,0,0,18,0,0,18,0,0,24,0,0,"+18 Resistance Feu","+18 Resistance Feu","+18 Resistance Feu","+18 Resistance Feu","+18 Resistance Feu","+18 Resistance Feu","+18 Resistance Feu","+18 Resistance Feu","+18 Resistance Feu","+18 Resistance Feu","+18 Resistance Feu","+18 Resistance Feu","+18 Resistance Feu","+18 Resistance Feu","+18 Resistance Feu","+18 Resistance Feu",0xFF01FE,0,0,0,0,0,0,0,
61716,0,5,0,0,19,0,0,19,0,0,24,0,0,"+19 Resistance Feu","+19 Resistance Feu","+19 Resistance Feu","+19 Resistance Feu","+19 Resistance Feu","+19 Resistance Feu","+19 Resistance Feu","+19 Resistance Feu","+19 Resistance Feu","+19 Resistance Feu","+19 Resistance Feu","+19 Resistance Feu","+19 Resistance Feu","+19 Resistance Feu","+19 Resistance Feu","+19 Resistance Feu",0xFF01FE,0,0,0,0,0,0,0,
61717,0,5,0,0,20,0,0,20,0,0,24,0,0,"+20 Resistance Feu","+20 Resistance Feu","+20 Resistance Feu","+20 Resistance Feu","+20 Resistance Feu","+20 Resistance Feu","+20 Resistance Feu","+20 Resistance Feu","+20 Resistance Feu","+20 Resistance Feu","+20 Resistance Feu","+20 Resistance Feu","+20 Resistance Feu","+20 Resistance Feu","+20 Resistance Feu","+20 Resistance Feu",0xFF01FE,0,0,0,0,0,0,0,
61800,0,5,0,0,3,0,0,3,0,0,22,0,0,"+3 Resistance Nature","+3 Resistance Nature","+3 Resistance Nature","+3 Resistance Nature","+3 Resistance Nature","+3 Resistance Nature","+3 Resistance Nature","+3 Resistance Nature","+3 Resistance Nature","+3 Resistance Nature","+3 Resistance Nature","+3 Resistance Nature","+3 Resistance Nature","+3 Resistance Nature","+3 Resistance Nature","+3 Resistance Nature",0xFF01FE,0,0,0,0,0,0,0,
61801,0,5,0,0,4,0,0,4,0,0,22,0,0,"+4 Resistance Nature","+4 Resistance Nature","+4 Resistance Nature","+4 Resistance Nature","+4 Resistance Nature","+4 Resistance Nature","+4 Resistance Nature","+4 Resistance Nature","+4 Resistance Nature","+4 Resistance Nature","+4 Resistance Nature","+4 Resistance Nature","+4 Resistance Nature","+4 Resistance Nature","+4 Resistance Nature","+4 Resistance Nature",0xFF01FE,0,0,0,0,0,0,0,
61802,0,5,0,0,5,0,0,5,0,0,22,0,0,"+5 Resistance Nature","+5 Resistance Nature","+5 Resistance Nature","+5 Resistance Nature","+5 Resistance Nature","+5 Resistance Nature","+5 Resistance Nature","+5 Resistance Nature","+5 Resistance Nature","+5 Resistance Nature","+5 Resistance Nature","+5 Resistance Nature","+5 Resistance Nature","+5 Resistance Nature","+5 Resistance Nature","+5 Resistance Nature",0xFF01FE,0,0,0,0,0,0,0,
61803,0,5,0,0,6,0,0,6,0,0,22,0,0,"+6 Resistance Nature","+6 Resistance Nature","+6 Resistance Nature","+6 Resistance Nature","+6 Resistance Nature","+6 Resistance Nature","+6 Resistance Nature","+6 Resistance Nature","+6 Resistance Nature","+6 Resistance Nature","+6 Resistance Nature","+6 Resistance Nature","+6 Resistance Nature","+6 Resistance Nature","+6 Resistance Nature","+6 Resistance Nature",0xFF01FE,0,0,0,0,0,0,0,
61804,0,5,0,0,7,0,0,7,0,0,22,0,0,"+7 Resistance Nature","+7 Resistance Nature","+7 Resistance Nature","+7 Resistance Nature","+7 Resistance Nature","+7 Resistance Nature","+7 Resistance Nature","+7 Resistance Nature","+7 Resistance Nature","+7 Resistance Nature","+7 Resistance Nature","+7 Resistance Nature","+7 Resistance Nature","+7 Resistance Nature","+7 Resistance Nature","+7 Resistance Nature",0xFF01FE,0,0,0,0,0,0,0,
61805,0,5,0,0,8,0,0,8,0,0,22,0,0,"+8 Resistance Nature","+8 Resistance Nature","+8 Resistance Nature","+8 Resistance Nature","+8 Resistance Nature","+8 Resistance Nature","+8 Resistance Nature","+8 Resistance Nature","+8 Resistance Nature","+8 Resistance Nature","+8 Resistance Nature","+8 Resistance Nature","+8 Resistance Nature","+8 Resistance Nature","+8 Resistance Nature","+8 Resistance Nature",0xFF01FE,0,0,0,0,0,0,0,
61806,0,5,0,0,9,0,0,9,0,0,22,0,0,"+9 Resistance Nature","+9 Resistance Nature","+9 Resistance Nature","+9 Resistance Nature","+9 Resistance Nature","+9 Resistance Nature","+9 Resistance Nature","+9 Resistance Nature","+9 Resistance Nature","+9 Resistance Nature","+9 Resistance Nature","+9 Resistance Nature","+9 Resistance Nature","+9 Resistance Nature","+9 Resistance Nature","+9 Resistance Nature",0xFF01FE,0,0,0,0,0,0,0,
61807,0,5,0,0,10,0,0,10,0,0,22,0,0,"+10 Resistance Nature","+10 Resistance Nature","+10 Resistance Nature","+10 Resistance Nature","+10 Resistance Nature","+10 Resistance Nature","+10 Resistance Nature","+10 Resistance Nature","+10 Resistance Nature","+10 Resistance Nature","+10 Resistance Nature","+10 Resistance Nature","+10 Resistance Nature","+10 Resistance Nature","+10 Resistance Nature","+10 Resistance Nature",0xFF01FE,0,0,0,0,0,0,0,
61808,0,5,0,0,11,0,0,11,0,0,22,0,0,"+11 Resistance Nature","+11 Resistance Nature","+11 Resistance Nature","+11 Resistance Nature","+11 Resistance Nature","+11 Resistance Nature","+11 Resistance Nature","+11 Resistance Nature","+11 Resistance Nature","+11 Resistance Nature","+11 Resistance Nature","+11 Resistance Nature","+11 Resistance Nature","+11 Resistance Nature","+11 Resistance Nature","+11 Resistance Nature",0xFF01FE,0,0,0,0,0,0,0,
61809,0,5,0,0,12,0,0,12,0,0,22,0,0,"+12 Resistance Nature","+12 Resistance Nature","+12 Resistance Nature","+12 Resistance Nature","+12 Resistance Nature","+12 Resistance Nature","+12 Resistance Nature","+12 Resistance Nature","+12 Resistance Nature","+12 Resistance Nature","+12 Resistance Nature","+12 Resistance Nature","+12 Resistance Nature","+12 Resistance Nature","+12 Resistance Nature","+12 Resistance Nature",0xFF01FE,0,0,0,0,0,0,0,
61810,0,5,0,0,13,0,0,13,0,0,22,0,0,"+13 Resistance Nature","+13 Resistance Nature","+13 Resistance Nature","+13 Resistance Nature","+13 Resistance Nature","+13 Resistance Nature","+13 Resistance Nature","+13 Resistance Nature","+13 Resistance Nature","+13 Resistance Nature","+13 Resistance Nature","+13 Resistance Nature","+13 Resistance Nature","+13 Resistance Nature","+13 Resistance Nature","+13 Resistance Nature",0xFF01FE,0,0,0,0,0,0,0,
61811,0,5,0,0,14,0,0,14,0,0,22,0,0,"+14 Resistance Nature","+14 Resistance Nature","+14 Resistance Nature","+14 Resistance Nature","+14 Resistance Nature","+14 Resistance Nature","+14 Resistance Nature","+14 Resistance Nature","+14 Resistance Nature","+14 Resistance Nature","+14 Resistance Nature","+14 Resistance Nature","+14 Resistance Nature","+14 Resistance Nature","+14 Resistance Nature","+14 Resistance Nature",0xFF01FE,0,0,0,0,0,0,0,
61812,0,5,0,0,15,0,0,15,0,0,22,0,0,"+15 Resistance Nature","+15 Resistance Nature","+15 Resistance Nature","+15 Resistance Nature","+15 Resistance Nature","+15 Resistance Nature","+15 Resistance Nature","+15 Resistance Nature","+15 Resistance Nature","+15 Resistance Nature","+15 Resistance Nature","+15 Resistance Nature","+15 Resistance Nature","+15 Resistance Nature","+15 Resistance Nature","+15 Resistance Nature",0xFF01FE,0,0,0,0,0,0,0,
61813,0,5,0,0,16,0,0,16,0,0,22,0,0,"+16 Resistance Nature","+16 Resistance Nature","+16 Resistance Nature","+16 Resistance Nature","+16 Resistance Nature","+16 Resistance Nature","+16 Resistance Nature","+16 Resistance Nature","+16 Resistance Nature","+16 Resistance Nature","+16 Resistance Nature","+16 Resistance Nature","+16 Resistance Nature","+16 Resistance Nature","+16 Resistance Nature","+16 Resistance Nature",0xFF01FE,0,0,0,0,0,0,0,
61814,0,5,0,0,17,0,0,17,0,0,22,0,0,"+17 Resistance Nature","+17 Resistance Nature","+17 Resistance Nature","+17 Resistance Nature","+17 Resistance Nature","+17 Resistance Nature","+17 Resistance Nature","+17 Resistance Nature","+17 Resistance Nature","+17 Resistance Nature","+17 Resistance Nature","+17 Resistance Nature","+17 Resistance Nature","+17 Resistance Nature","+17 Resistance Nature","+17 Resistance Nature",0xFF01FE,0,0,0,0,0,0,0,
61815,0,5,0,0,18,0,0,18,0,0,22,0,0,"+18 Resistance Nature","+18 Resistance Nature","+18 Resistance Nature","+18 Resistance Nature","+18 Resistance Nature","+18 Resistance Nature","+18 Resistance Nature","+18 Resistance Nature","+18 Resistance Nature","+18 Resistance Nature","+18 Resistance Nature","+18 Resistance Nature","+18 Resistance Nature","+18 Resistance Nature","+18 Resistance Nature","+18 Resistance Nature",0xFF01FE,0,0,0,0,0,0,0,
61816,0,5,0,0,19,0,0,19,0,0,22,0,0,"+19 Resistance Nature","+19 Resistance Nature","+19 Resistance Nature","+19 Resistance Nature","+19 Resistance Nature","+19 Resistance Nature","+19 Resistance Nature","+19 Resistance Nature","+19 Resistance Nature","+19 Resistance Nature","+19 Resistance Nature","+19 Resistance Nature","+19 Resistance Nature","+19 Resistance Nature","+19 Resistance Nature","+19 Resistance Nature",0xFF01FE,0,0,0,0,0,0,0,
61817,0,5,0,0,20,0,0,20,0,0,22,0,0,"+20 Resistance Nature","+20 Resistance Nature","+20 Resistance Nature","+20 Resistance Nature","+20 Resistance Nature","+20 Resistance Nature","+20 Resistance Nature","+20 Resistance Nature","+20 Resistance Nature","+20 Resistance Nature","+20 Resistance Nature","+20 Resistance Nature","+20 Resistance Nature","+20 Resistance Nature","+20 Resistance Nature","+20 Resistance Nature",0xFF01FE,0,0,0,0,0,0,0,
61900,0,5,0,0,3,0,0,3,0,0,25,0,0,"+3 Resistance Givre","+3 Resistance Givre","+3 Resistance Givre","+3 Resistance Givre","+3 Resistance Givre","+3 Resistance Givre","+3 Resistance Givre","+3 Resistance Givre","+3 Resistance Givre","+3 Resistance Givre","+3 Resistance Givre","+3 Resistance Givre","+3 Resistance Givre","+3 Resistance Givre","+3 Resistance Givre","+3 Resistance Givre",0xFF01FE,0,0,0,0,0,0,0,
61901,0,5,0,0,4,0,0,4,0,0,25,0,0,"+4 Resistance Givre","+4 Resistance Givre","+4 Resistance Givre","+4 Resistance Givre","+4 Resistance Givre","+4 Resistance Givre","+4 Resistance Givre","+4 Resistance Givre","+4 Resistance Givre","+4 Resistance Givre","+4 Resistance Givre","+4 Resistance Givre","+4 Resistance Givre","+4 Resistance Givre","+4 Resistance Givre","+4 Resistance Givre",0xFF01FE,0,0,0,0,0,0,0,
61902,0,5,0,0,5,0,0,5,0,0,25,0,0,"+5 Resistance Givre","+5 Resistance Givre","+5 Resistance Givre","+5 Resistance Givre","+5 Resistance Givre","+5 Resistance Givre","+5 Resistance Givre","+5 Resistance Givre","+5 Resistance Givre","+5 Resistance Givre","+5 Resistance Givre","+5 Resistance Givre","+5 Resistance Givre","+5 Resistance Givre","+5 Resistance Givre","+5 Resistance Givre",0xFF01FE,0,0,0,0,0,0,0,
61903,0,5,0,0,6,0,0,6,0,0,25,0,0,"+6 Resistance Givre","+6 Resistance Givre","+6 Resistance Givre","+6 Resistance Givre","+6 Resistance Givre","+6 Resistance Givre","+6 Resistance Givre","+6 Resistance Givre","+6 Resistance Givre","+6 Resistance Givre","+6 Resistance Givre","+6 Resistance Givre","+6 Resistance Givre","+6 Resistance Givre","+6 Resistance Givre","+6 Resistance Givre",0xFF01FE,0,0,0,0,0,0,0,
61904,0,5,0,0,7,0,0,7,0,0,25,0,0,"+7 Resistance Givre","+7 Resistance Givre","+7 Resistance Givre","+7 Resistance Givre","+7 Resistance Givre","+7 Resistance Givre","+7 Resistance Givre","+7 Resistance Givre","+7 Resistance Givre","+7 Resistance Givre","+7 Resistance Givre","+7 Resistance Givre","+7 Resistance Givre","+7 Resistance Givre","+7 Resistance Givre","+7 Resistance Givre",0xFF01FE,0,0,0,0,0,0,0,
61905,0,5,0,0,8,0,0,8,0,0,25,0,0,"+8 Resistance Givre","+8 Resistance Givre","+8 Resistance Givre","+8 Resistance Givre","+8 Resistance Givre","+8 Resistance Givre","+8 Resistance Givre","+8 Resistance Givre","+8 Resistance Givre","+8 Resistance Givre","+8 Resistance Givre","+8 Resistance Givre","+8 Resistance Givre","+8 Resistance Givre","+8 Resistance Givre","+8 Resistance Givre",0xFF01FE,0,0,0,0,0,0,0,
61906,0,5,0,0,9,0,0,9,0,0,25,0,0,"+9 Resistance Givre","+9 Resistance Givre","+9 Resistance Givre","+9 Resistance Givre","+9 Resistance Givre","+9 Resistance Givre","+9 Resistance Givre","+9 Resistance Givre","+9 Resistance Givre","+9 Resistance Givre","+9 Resistance Givre","+9 Resistance Givre","+9 Resistance Givre","+9 Resistance Givre","+9 Resistance Givre","+9 Resistance Givre",0xFF01FE,0,0,0,0,0,0,0,
61907,0,5,0,0,10,0,0,10,0,0,25,0,0,"+10 Resistance Givre","+10 Resistance Givre","+10 Resistance Givre","+10 Resistance Givre","+10 Resistance Givre","+10 Resistance Givre","+10 Resistance Givre","+10 Resistance Givre","+10 Resistance Givre","+10 Resistance Givre","+10 Resistance Givre","+10 Resistance Givre","+10 Resistance Givre","+10 Resistance Givre","+10 Resistance Givre","+10 Resistance Givre",0xFF01FE,0,0,0,0,0,0,0,
61908,0,5,0,0,11,0,0,11,0,0,25,0,0,"+11 Resistance Givre","+11 Resistance Givre","+11 Resistance Givre","+11 Resistance Givre","+11 Resistance Givre","+11 Resistance Givre","+11 Resistance Givre","+11 Resistance Givre","+11 Resistance Givre","+11 Resistance Givre","+11 Resistance Givre","+11 Resistance Givre","+11 Resistance Givre","+11 Resistance Givre","+11 Resistance Givre","+11 Resistance Givre",0xFF01FE,0,0,0,0,0,0,0,
61909,0,5,0,0,12,0,0,12,0,0,25,0,0,"+12 Resistance Givre","+12 Resistance Givre","+12 Resistance Givre","+12 Resistance Givre","+12 Resistance Givre","+12 Resistance Givre","+12 Resistance Givre","+12 Resistance Givre","+12 Resistance Givre","+12 Resistance Givre","+12 Resistance Givre","+12 Resistance Givre","+12 Resistance Givre","+12 Resistance Givre","+12 Resistance Givre","+12 Resistance Givre",0xFF01FE,0,0,0,0,0,0,0,
61910,0,5,0,0,13,0,0,13,0,0,25,0,0,"+13 Resistance Givre","+13 Resistance Givre","+13 Resistance Givre","+13 Resistance Givre","+13 Resistance Givre","+13 Resistance Givre","+13 Resistance Givre","+13 Resistance Givre","+13 Resistance Givre","+13 Resistance Givre","+13 Resistance Givre","+13 Resistance Givre","+13 Resistance Givre","+13 Resistance Givre","+13 Resistance Givre","+13 Resistance Givre",0xFF01FE,0,0,0,0,0,0,0,
61911,0,5,0,0,14,0,0,14,0,0,25,0,0,"+14 Resistance Givre","+14 Resistance Givre","+14 Resistance Givre","+14 Resistance Givre","+14 Resistance Givre","+14 Resistance Givre","+14 Resistance Givre","+14 Resistance Givre","+14 Resistance Givre","+14 Resistance Givre","+14 Resistance Givre","+14 Resistance Givre","+14 Resistance Givre","+14 Resistance Givre","+14 Resistance Givre","+14 Resistance Givre",0xFF01FE,0,0,0,0,0,0,0,
61912,0,5,0,0,15,0,0,15,0,0,25,0,0,"+15 Resistance Givre","+15 Resistance Givre","+15 Resistance Givre","+15 Resistance Givre","+15 Resistance Givre","+15 Resistance Givre","+15 Resistance Givre","+15 Resistance Givre","+15 Resistance Givre","+15 Resistance Givre","+15 Resistance Givre","+15 Resistance Givre","+15 Resistance Givre","+15 Resistance Givre","+15 Resistance Givre","+15 Resistance Givre",0xFF01FE,0,0,0,0,0,0,0,
61913,0,5,0,0,16,0,0,16,0,0,25,0,0,"+16 Resistance Givre","+16 Resistance Givre","+16 Resistance Givre","+16 Resistance Givre","+16 Resistance Givre","+16 Resistance Givre","+16 Resistance Givre","+16 Resistance Givre","+16 Resistance Givre","+16 Resistance Givre","+16 Resistance Givre","+16 Resistance Givre","+16 Resistance Givre","+16 Resistance Givre","+16 Resistance Givre","+16 Resistance Givre",0xFF01FE,0,0,0,0,0,0,0,
61914,0,5,0,0,17,0,0,17,0,0,25,0,0,"+17 Resistance Givre","+17 Resistance Givre","+17 Resistance Givre","+17 Resistance Givre","+17 Resistance Givre","+17 Resistance Givre","+17 Resistance Givre","+17 Resistance Givre","+17 Resistance Givre","+17 Resistance Givre","+17 Resistance Givre","+17 Resistance Givre","+17 Resistance Givre","+17 Resistance Givre","+17 Resistance Givre","+17 Resistance Givre",0xFF01FE,0,0,0,0,0,0,0,
61915,0,5,0,0,18,0,0,18,0,0,25,0,0,"+18 Resistance Givre","+18 Resistance Givre","+18 Resistance Givre","+18 Resistance Givre","+18 Resistance Givre","+18 Resistance Givre","+18 Resistance Givre","+18 Resistance Givre","+18 Resistance Givre","+18 Resistance Givre","+18 Resistance Givre","+18 Resistance Givre","+18 Resistance Givre","+18 Resistance Givre","+18 Resistance Givre","+18 Resistance Givre",0xFF01FE,0,0,0,0,0,0,0,
61916,0,5,0,0,19,0,0,19,0,0,25,0,0,"+19 Resistance Givre","+19 Resistance Givre","+19 Resistance Givre","+19 Resistance Givre","+19 Resistance Givre","+19 Resistance Givre","+19 Resistance Givre","+19 Resistance Givre","+19 Resistance Givre","+19 Resistance Givre","+19 Resistance Givre","+19 Resistance Givre","+19 Resistance Givre","+19 Resistance Givre","+19 Resistance Givre","+19 Resistance Givre",0xFF01FE,0,0,0,0,0,0,0,
61917,0,5,0,0,20,0,0,20,0,0,25,0,0,"+20 Resistance Givre","+20 Resistance Givre","+20 Resistance Givre","+20 Resistance Givre","+20 Resistance Givre","+20 Resistance Givre","+20 Resistance Givre","+20 Resistance Givre","+20 Resistance Givre","+20 Resistance Givre","+20 Resistance Givre","+20 Resistance Givre","+20 Resistance Givre","+20 Resistance Givre","+20 Resistance Givre","+20 Resistance Givre",0xFF01FE,0,0,0,0,0,0,0,
62000,0,5,0,0,3,0,0,3,0,0,26,0,0,"+3 Resistance Ombre","+3 Resistance Ombre","+3 Resistance Ombre","+3 Resistance Ombre","+3 Resistance Ombre","+3 Resistance Ombre","+3 Resistance Ombre","+3 Resistance Ombre","+3 Resistance Ombre","+3 Resistance Ombre","+3 Resistance Ombre","+3 Resistance Ombre","+3 Resistance Ombre","+3 Resistance Ombre","+3 Resistance Ombre","+3 Resistance Ombre",0xFF01FE,0,0,0,0,0,0,0,
62001,0,5,0,0,4,0,0,4,0,0,26,0,0,"+4 Resistance Ombre","+4 Resistance Ombre","+4 Resistance Ombre","+4 Resistance Ombre","+4 Resistance Ombre","+4 Resistance Ombre","+4 Resistance Ombre","+4 Resistance Ombre","+4 Resistance Ombre","+4 Resistance Ombre","+4 Resistance Ombre","+4 Resistance Ombre","+4 Resistance Ombre","+4 Resistance Ombre","+4 Resistance Ombre","+4 Resistance Ombre",0xFF01FE,0,0,0,0,0,0,0,
62002,0,5,0,0,5,0,0,5,0,0,26,0,0,"+5 Resistance Ombre","+5 Resistance Ombre","+5 Resistance Ombre","+5 Resistance Ombre","+5 Resistance Ombre","+5 Resistance Ombre","+5 Resistance Ombre","+5 Resistance Ombre","+5 Resistance Ombre","+5 Resistance Ombre","+5 Resistance Ombre","+5 Resistance Ombre","+5 Resistance Ombre","+5 Resistance Ombre","+5 Resistance Ombre","+5 Resistance Ombre",0xFF01FE,0,0,0,0,0,0,0,
62003,0,5,0,0,6,0,0,6,0,0,26,0,0,"+6 Resistance Ombre","+6 Resistance Ombre","+6 Resistance Ombre","+6 Resistance Ombre","+6 Resistance Ombre","+6 Resistance Ombre","+6 Resistance Ombre","+6 Resistance Ombre","+6 Resistance Ombre","+6 Resistance Ombre","+6 Resistance Ombre","+6 Resistance Ombre","+6 Resistance Ombre","+6 Resistance Ombre","+6 Resistance Ombre","+6 Resistance Ombre",0xFF01FE,0,0,0,0,0,0,0,
62004,0,5,0,0,7,0,0,7,0,0,26,0,0,"+7 Resistance Ombre","+7 Resistance Ombre","+7 Resistance Ombre","+7 Resistance Ombre","+7 Resistance Ombre","+7 Resistance Ombre","+7 Resistance Ombre","+7 Resistance Ombre","+7 Resistance Ombre","+7 Resistance Ombre","+7 Resistance Ombre","+7 Resistance Ombre","+7 Resistance Ombre","+7 Resistance Ombre","+7 Resistance Ombre","+7 Resistance Ombre",0xFF01FE,0,0,0,0,0,0,0,
62005,0,5,0,0,8,0,0,8,0,0,26,0,0,"+8 Resistance Ombre","+8 Resistance Ombre","+8 Resistance Ombre","+8 Resistance Ombre","+8 Resistance Ombre","+8 Resistance Ombre","+8 Resistance Ombre","+8 Resistance Ombre","+8 Resistance Ombre","+8 Resistance Ombre","+8 Resistance Ombre","+8 Resistance Ombre","+8 Resistance Ombre","+8 Resistance Ombre","+8 Resistance Ombre","+8 Resistance Ombre",0xFF01FE,0,0,0,0,0,0,0,
62006,0,5,0,0,9,0,0,9,0,0,26,0,0,"+9 Resistance Ombre","+9 Resistance Ombre","+9 Resistance Ombre","+9 Resistance Ombre","+9 Resistance Ombre","+9 Resistance Ombre","+9 Resistance Ombre","+9 Resistance Ombre","+9 Resistance Ombre","+9 Resistance Ombre","+9 Resistance Ombre","+9 Resistance Ombre","+9 Resistance Ombre","+9 Resistance Ombre","+9 Resistance Ombre","+9 Resistance Ombre",0xFF01FE,0,0,0,0,0,0,0,
62007,0,5,0,0,10,0,0,10,0,0,26,0,0,"+10 Resistance Ombre","+10 Resistance Ombre","+10 Resistance Ombre","+10 Resistance Ombre","+10 Resistance Ombre","+10 Resistance Ombre","+10 Resistance Ombre","+10 Resistance Ombre","+10 Resistance Ombre","+10 Resistance Ombre","+10 Resistance Ombre","+10 Resistance Ombre","+10 Resistance Ombre","+10 Resistance Ombre","+10 Resistance Ombre","+10 Resistance Ombre",0xFF01FE,0,0,0,0,0,0,0,
62008,0,5,0,0,11,0,0,11,0,0,26,0,0,"+11 Resistance Ombre","+11 Resistance Ombre","+11 Resistance Ombre","+11 Resistance Ombre","+11 Resistance Ombre","+11 Resistance Ombre","+11 Resistance Ombre","+11 Resistance Ombre","+11 Resistance Ombre","+11 Resistance Ombre","+11 Resistance Ombre","+11 Resistance Ombre","+11 Resistance Ombre","+11 Resistance Ombre","+11 Resistance Ombre","+11 Resistance Ombre",0xFF01FE,0,0,0,0,0,0,0,
62009,0,5,0,0,12,0,0,12,0,0,26,0,0,"+12 Resistance Ombre","+12 Resistance Ombre","+12 Resistance Ombre","+12 Resistance Ombre","+12 Resistance Ombre","+12 Resistance Ombre","+12 Resistance Ombre","+12 Resistance Ombre","+12 Resistance Ombre","+12 Resistance Ombre","+12 Resistance Ombre","+12 Resistance Ombre","+12 Resistance Ombre","+12 Resistance Ombre","+12 Resistance Ombre","+12 Resistance Ombre",0xFF01FE,0,0,0,0,0,0,0,
62010,0,5,0,0,13,0,0,13,0,0,26,0,0,"+13 Resistance Ombre","+13 Resistance Ombre","+13 Resistance Ombre","+13 Resistance Ombre","+13 Resistance Ombre","+13 Resistance Ombre","+13 Resistance Ombre","+13 Resistance Ombre","+13 Resistance Ombre","+13 Resistance Ombre","+13 Resistance Ombre","+13 Resistance Ombre","+13 Resistance Ombre","+13 Resistance Ombre","+13 Resistance Ombre","+13 Resistance Ombre",0xFF01FE,0,0,0,0,0,0,0,
62011,0,5,0,0,14,0,0,14,0,0,26,0,0,"+14 Resistance Ombre","+14 Resistance Ombre","+14 Resistance Ombre","+14 Resistance Ombre","+14 Resistance Ombre","+14 Resistance Ombre","+14 Resistance Ombre","+14 Resistance Ombre","+14 Resistance Ombre","+14 Resistance Ombre","+14 Resistance Ombre","+14 Resistance Ombre","+14 Resistance Ombre","+14 Resistance Ombre","+14 Resistance Ombre","+14 Resistance Ombre",0xFF01FE,0,0,0,0,0,0,0,
62012,0,5,0,0,15,0,0,15,0,0,26,0,0,"+15 Resistance Ombre","+15 Resistance Ombre","+15 Resistance Ombre","+15 Resistance Ombre","+15 Resistance Ombre","+15 Resistance Ombre","+15 Resistance Ombre","+15 Resistance Ombre","+15 Resistance Ombre","+15 Resistance Ombre","+15 Resistance Ombre","+15 Resistance Ombre","+15 Resistance Ombre","+15 Resistance Ombre","+15 Resistance Ombre","+15 Resistance Ombre",0xFF01FE,0,0,0,0,0,0,0,
62013,0,5,0,0,16,0,0,16,0,0,26,0,0,"+16 Resistance Ombre","+16 Resistance Ombre","+16 Resistance Ombre","+16 Resistance Ombre","+16 Resistance Ombre","+16 Resistance Ombre","+16 Resistance Ombre","+16 Resistance Ombre","+16 Resistance Ombre","+16 Resistance Ombre","+16 Resistance Ombre","+16 Resistance Ombre","+16 Resistance Ombre","+16 Resistance Ombre","+16 Resistance Ombre","+16 Resistance Ombre",0xFF01FE,0,0,0,0,0,0,0,
62014,0,5,0,0,17,0,0,17,0,0,26,0,0,"+17 Resistance Ombre","+17 Resistance Ombre","+17 Resistance Ombre","+17 Resistance Ombre","+17 Resistance Ombre","+17 Resistance Ombre","+17 Resistance Ombre","+17 Resistance Ombre","+17 Resistance Ombre","+17 Resistance Ombre","+17 Resistance Ombre","+17 Resistance Ombre","+17 Resistance Ombre","+17 Resistance Ombre","+17 Resistance Ombre","+17 Resistance Ombre",0xFF01FE,0,0,0,0,0,0,0,
62015,0,5,0,0,18,0,0,18,0,0,26,0,0,"+18 Resistance Ombre","+18 Resistance Ombre","+18 Resistance Ombre","+18 Resistance Ombre","+18 Resistance Ombre","+18 Resistance Ombre","+18 Resistance Ombre","+18 Resistance Ombre","+18 Resistance Ombre","+18 Resistance Ombre","+18 Resistance Ombre","+18 Resistance Ombre","+18 Resistance Ombre","+18 Resistance Ombre","+18 Resistance Ombre","+18 Resistance Ombre",0xFF01FE,0,0,0,0,0,0,0,
62016,0,5,0,0,19,0,0,19,0,0,26,0,0,"+19 Resistance Ombre","+19 Resistance Ombre","+19 Resistance Ombre","+19 Resistance Ombre","+19 Resistance Ombre","+19 Resistance Ombre","+19 Resistance Ombre","+19 Resistance Ombre","+19 Resistance Ombre","+19 Resistance Ombre","+19 Resistance Ombre","+19 Resistance Ombre","+19 Resistance Ombre","+19 Resistance Ombre","+19 Resistance Ombre","+19 Resistance Ombre",0xFF01FE,0,0,0,0,0,0,0,
62017,0,5,0,0,20,0,0,20,0,0,26,0,0,"+20 Resistance Ombre","+20 Resistance Ombre","+20 Resistance Ombre","+20 Resistance Ombre","+20 Resistance Ombre","+20 Resistance Ombre","+20 Resistance Ombre","+20 Resistance Ombre","+20 Resistance Ombre","+20 Resistance Ombre","+20 Resistance Ombre","+20 Resistance Ombre","+20 Resistance Ombre","+20 Resistance Ombre","+20 Resistance Ombre","+20 Resistance Ombre",0xFF01FE,0,0,0,0,0,0,0,
62100,0,5,0,0,3,0,0,3,0,0,27,0,0,"+3 Resistance Arcane","+3 Resistance Arcane","+3 Resistance Arcane","+3 Resistance Arcane","+3 Resistance Arcane","+3 Resistance Arcane","+3 Resistance Arcane","+3 Resistance Arcane","+3 Resistance Arcane","+3 Resistance Arcane","+3 Resistance Arcane","+3 Resistance Arcane","+3 Resistance Arcane","+3 Resistance Arcane","+3 Resistance Arcane","+3 Resistance Arcane",0xFF01FE,0,0,0,0,0,0,0,
62101,0,5,0,0,4,0,0,4,0,0,27,0,0,"+4 Resistance Arcane","+4 Resistance Arcane","+4 Resistance Arcane","+4 Resistance Arcane","+4 Resistance Arcane","+4 Resistance Arcane","+4 Resistance Arcane","+4 Resistance Arcane","+4 Resistance Arcane","+4 Resistance Arcane","+4 Resistance Arcane","+4 Resistance Arcane","+4 Resistance Arcane","+4 Resistance Arcane","+4 Resistance Arcane","+4 Resistance Arcane",0xFF01FE,0,0,0,0,0,0,0,
62102,0,5,0,0,5,0,0,5,0,0,27,0,0,"+5 Resistance Arcane","+5 Resistance Arcane","+5 Resistance Arcane","+5 Resistance Arcane","+5 Resistance Arcane","+5 Resistance Arcane","+5 Resistance Arcane","+5 Resistance Arcane","+5 Resistance Arcane","+5 Resistance Arcane","+5 Resistance Arcane","+5 Resistance Arcane","+5 Resistance Arcane","+5 Resistance Arcane","+5 Resistance Arcane","+5 Resistance Arcane",0xFF01FE,0,0,0,0,0,0,0,
62103,0,5,0,0,6,0,0,6,0,0,27,0,0,"+6 Resistance Arcane","+6 Resistance Arcane","+6 Resistance Arcane","+6 Resistance Arcane","+6 Resistance Arcane","+6 Resistance Arcane","+6 Resistance Arcane","+6 Resistance Arcane","+6 Resistance Arcane","+6 Resistance Arcane","+6 Resistance Arcane","+6 Resistance Arcane","+6 Resistance Arcane","+6 Resistance Arcane","+6 Resistance Arcane","+6 Resistance Arcane",0xFF01FE,0,0,0,0,0,0,0,
62104,0,5,0,0,7,0,0,7,0,0,27,0,0,"+7 Resistance Arcane","+7 Resistance Arcane","+7 Resistance Arcane","+7 Resistance Arcane","+7 Resistance Arcane","+7 Resistance Arcane","+7 Resistance Arcane","+7 Resistance Arcane","+7 Resistance Arcane","+7 Resistance Arcane","+7 Resistance Arcane","+7 Resistance Arcane","+7 Resistance Arcane","+7 Resistance Arcane","+7 Resistance Arcane","+7 Resistance Arcane",0xFF01FE,0,0,0,0,0,0,0,
62105,0,5,0,0,8,0,0,8,0,0,27,0,0,"+8 Resistance Arcane","+8 Resistance Arcane","+8 Resistance Arcane","+8 Resistance Arcane","+8 Resistance Arcane","+8 Resistance Arcane","+8 Resistance Arcane","+8 Resistance Arcane","+8 Resistance Arcane","+8 Resistance Arcane","+8 Resistance Arcane","+8 Resistance Arcane","+8 Resistance Arcane","+8 Resistance Arcane","+8 Resistance Arcane","+8 Resistance Arcane",0xFF01FE,0,0,0,0,0,0,0,
62106,0,5,0,0,9,0,0,9,0,0,27,0,0,"+9 Resistance Arcane","+9 Resistance Arcane","+9 Resistance Arcane","+9 Resistance Arcane","+9 Resistance Arcane","+9 Resistance Arcane","+9 Resistance Arcane","+9 Resistance Arcane","+9 Resistance Arcane","+9 Resistance Arcane","+9 Resistance Arcane","+9 Resistance Arcane","+9 Resistance Arcane","+9 Resistance Arcane","+9 Resistance Arcane","+9 Resistance Arcane",0xFF01FE,0,0,0,0,0,0,0,
62107,0,5,0,0,10,0,0,10,0,0,27,0,0,"+10 Resistance Arcane","+10 Resistance Arcane","+10 Resistance Arcane","+10 Resistance Arcane","+10 Resistance Arcane","+10 Resistance Arcane","+10 Resistance Arcane","+10 Resistance Arcane","+10 Resistance Arcane","+10 Resistance Arcane","+10 Resistance Arcane","+10 Resistance Arcane","+10 Resistance Arcane","+10 Resistance Arcane","+10 Resistance Arcane","+10 Resistance Arcane",0xFF01FE,0,0,0,0,0,0,0,
62108,0,5,0,0,11,0,0,11,0,0,27,0,0,"+11 Resistance Arcane","+11 Resistance Arcane","+11 Resistance Arcane","+11 Resistance Arcane","+11 Resistance Arcane","+11 Resistance Arcane","+11 Resistance Arcane","+11 Resistance Arcane","+11 Resistance Arcane","+11 Resistance Arcane","+11 Resistance Arcane","+11 Resistance Arcane","+11 Resistance Arcane","+11 Resistance Arcane","+11 Resistance Arcane","+11 Resistance Arcane",0xFF01FE,0,0,0,0,0,0,0,
62109,0,5,0,0,12,0,0,12,0,0,27,0,0,"+12 Resistance Arcane","+12 Resistance Arcane","+12 Resistance Arcane","+12 Resistance Arcane","+12 Resistance Arcane","+12 Resistance Arcane","+12 Resistance Arcane","+12 Resistance Arcane","+12 Resistance Arcane","+12 Resistance Arcane","+12 Resistance Arcane","+12 Resistance Arcane","+12 Resistance Arcane","+12 Resistance Arcane","+12 Resistance Arcane","+12 Resistance Arcane",0xFF01FE,0,0,0,0,0,0,0,
62110,0,5,0,0,13,0,0,13,0,0,27,0,0,"+13 Resistance Arcane","+13 Resistance Arcane","+13 Resistance Arcane","+13 Resistance Arcane","+13 Resistance Arcane","+13 Resistance Arcane","+13 Resistance Arcane","+13 Resistance Arcane","+13 Resistance Arcane","+13 Resistance Arcane","+13 Resistance Arcane","+13 Resistance Arcane","+13 Resistance Arcane","+13 Resistance Arcane","+13 Resistance Arcane","+13 Resistance Arcane",0xFF01FE,0,0,0,0,0,0,0,
62111,0,5,0,0,14,0,0,14,0,0,27,0,0,"+14 Resistance Arcane","+14 Resistance Arcane","+14 Resistance Arcane","+14 Resistance Arcane","+14 Resistance Arcane","+14 Resistance Arcane","+14 Resistance Arcane","+14 Resistance Arcane","+14 Resistance Arcane","+14 Resistance Arcane","+14 Resistance Arcane","+14 Resistance Arcane","+14 Resistance Arcane","+14 Resistance Arcane","+14 Resistance Arcane","+14 Resistance Arcane",0xFF01FE,0,0,0,0,0,0,0,
62112,0,5,0,0,15,0,0,15,0,0,27,0,0,"+15 Resistance Arcane","+15 Resistance Arcane","+15 Resistance Arcane","+15 Resistance Arcane","+15 Resistance Arcane","+15 Resistance Arcane","+15 Resistance Arcane","+15 Resistance Arcane","+15 Resistance Arcane","+15 Resistance Arcane","+15 Resistance Arcane","+15 Resistance Arcane","+15 Resistance Arcane","+15 Resistance Arcane","+15 Resistance Arcane","+15 Resistance Arcane",0xFF01FE,0,0,0,0,0,0,0,
62113,0,5,0,0,16,0,0,16,0,0,27,0,0,"+16 Resistance Arcane","+16 Resistance Arcane","+16 Resistance Arcane","+16 Resistance Arcane","+16 Resistance Arcane","+16 Resistance Arcane","+16 Resistance Arcane","+16 Resistance Arcane","+16 Resistance Arcane","+16 Resistance Arcane","+16 Resistance Arcane","+16 Resistance Arcane","+16 Resistance Arcane","+16 Resistance Arcane","+16 Resistance Arcane","+16 Resistance Arcane",0xFF01FE,0,0,0,0,0,0,0,
62114,0,5,0,0,17,0,0,17,0,0,27,0,0,"+17 Resistance Arcane","+17 Resistance Arcane","+17 Resistance Arcane","+17 Resistance Arcane","+17 Resistance Arcane","+17 Resistance Arcane","+17 Resistance Arcane","+17 Resistance Arcane","+17 Resistance Arcane","+17 Resistance Arcane","+17 Resistance Arcane","+17 Resistance Arcane","+17 Resistance Arcane","+17 Resistance Arcane","+17 Resistance Arcane","+17 Resistance Arcane",0xFF01FE,0,0,0,0,0,0,0,
62115,0,5,0,0,18,0,0,18,0,0,27,0,0,"+18 Resistance Arcane","+18 Resistance Arcane","+18 Resistance Arcane","+18 Resistance Arcane","+18 Resistance Arcane","+18 Resistance Arcane","+18 Resistance Arcane","+18 Resistance Arcane","+18 Resistance Arcane","+18 Resistance Arcane","+18 Resistance Arcane","+18 Resistance Arcane","+18 Resistance Arcane","+18 Resistance Arcane","+18 Resistance Arcane","+18 Resistance Arcane",0xFF01FE,0,0,0,0,0,0,0,
62116,0,5,0,0,19,0,0,19,0,0,27,0,0,"+19 Resistance Arcane","+19 Resistance Arcane","+19 Resistance Arcane","+19 Resistance Arcane","+19 Resistance Arcane","+19 Resistance Arcane","+19 Resistance Arcane","+19 Resistance Arcane","+19 Resistance Arcane","+19 Resistance Arcane","+19 Resistance Arcane","+19 Resistance Arcane","+19 Resistance Arcane","+19 Resistance Arcane","+19 Resistance Arcane","+19 Resistance Arcane",0xFF01FE,0,0,0,0,0,0,0,
62117,0,5,0,0,20,0,0,20,0,0,27,0,0,"+20 Resistance Arcane","+20 Resistance Arcane","+20 Resistance Arcane","+20 Resistance Arcane","+20 Resistance Arcane","+20 Resistance Arcane","+20 Resistance Arcane","+20 Resistance Arcane","+20 Resistance Arcane","+20 Resistance Arcane","+20 Resistance Arcane","+20 Resistance Arcane","+20 Resistance Arcane","+20 Resistance Arcane","+20 Resistance Arcane","+20 Resistance Arcane",0xFF01FE,0,0,0,0,0,0,0,
63100,0,5,0,0,2,0,0,2,0,0,32,0,0,"+2 Critique melee","+2 Critique melee","+2 Critique melee","+2 Critique melee","+2 Critique melee","+2 Critique melee","+2 Critique melee","+2 Critique melee","+2 Critique melee","+2 Critique melee","+2 Critique melee","+2 Critique melee","+2 Critique melee","+2 Critique melee","+2 Critique melee","+2 Critique melee",0xFF01FE,0,0,0,0,0,0,0,
63101,0,5,0,0,3,0,0,3,0,0,32,0,0,"+3 Critique melee","+3 Critique melee","+3 Critique melee","+3 Critique melee","+3 Critique melee","+3 Critique melee","+3 Critique melee","+3 Critique melee","+3 Critique melee","+3 Critique melee","+3 Critique melee","+3 Critique melee","+3 Critique melee","+3 Critique melee","+3 Critique melee","+3 Critique melee",0xFF01FE,0,0,0,0,0,0,0,
63102,0,5,0,0,4,0,0,4,0,0,32,0,0,"+4 Critique melee","+4 Critique melee","+4 Critique melee","+4 Critique melee","+4 Critique melee","+4 Critique melee","+4 Critique melee","+4 Critique melee","+4 Critique melee","+4 Critique melee","+4 Critique melee","+4 Critique melee","+4 Critique melee","+4 Critique melee","+4 Critique melee","+4 Critique melee",0xFF01FE,0,0,0,0,0,0,0,
63103,0,5,0,0,5,0,0,5,0,0,32,0,0,"+5 Critique melee","+5 Critique melee","+5 Critique melee","+5 Critique melee","+5 Critique melee","+5 Critique melee","+5 Critique melee","+5 Critique melee","+5 Critique melee","+5 Critique melee","+5 Critique melee","+5 Critique melee","+5 Critique melee","+5 Critique melee","+5 Critique melee","+5 Critique melee",0xFF01FE,0,0,0,0,0,0,0,
63104,0,5,0,0,6,0,0,6,0,0,32,0,0,"+6 Critique melee","+6 Critique melee","+6 Critique melee","+6 Critique melee","+6 Critique melee","+6 Critique melee","+6 Critique melee","+6 Critique melee","+6 Critique melee","+6 Critique melee","+6 Critique melee","+6 Critique melee","+6 Critique melee","+6 Critique melee","+6 Critique melee","+6 Critique melee",0xFF01FE,0,0,0,0,0,0,0,
63105,0,5,0,0,7,0,0,7,0,0,32,0,0,"+7 Critique melee","+7 Critique melee","+7 Critique melee","+7 Critique melee","+7 Critique melee","+7 Critique melee","+7 Critique melee","+7 Critique melee","+7 Critique melee","+7 Critique melee","+7 Critique melee","+7 Critique melee","+7 Critique melee","+7 Critique melee","+7 Critique melee","+7 Critique melee",0xFF01FE,0,0,0,0,0,0,0,
63106,0,5,0,0,8,0,0,8,0,0,32,0,0,"+8 Critique melee","+8 Critique melee","+8 Critique melee","+8 Critique melee","+8 Critique melee","+8 Critique melee","+8 Critique melee","+8 Critique melee","+8 Critique melee","+8 Critique melee","+8 Critique melee","+8 Critique melee","+8 Critique melee","+8 Critique melee","+8 Critique melee","+8 Critique melee",0xFF01FE,0,0,0,0,0,0,0,
63107,0,5,0,0,9,0,0,9,0,0,32,0,0,"+9 Critique melee","+9 Critique melee","+9 Critique melee","+9 Critique melee","+9 Critique melee","+9 Critique melee","+9 Critique melee","+9 Critique melee","+9 Critique melee","+9 Critique melee","+9 Critique melee","+9 Critique melee","+9 Critique melee","+9 Critique melee","+9 Critique melee","+9 Critique melee",0xFF01FE,0,0,0,0,0,0,0,
63108,0,5,0,0,10,0,0,10,0,0,32,0,0,"+10 Critique melee","+10 Critique melee","+10 Critique melee","+10 Critique melee","+10 Critique melee","+10 Critique melee","+10 Critique melee","+10 Critique melee","+10 Critique melee","+10 Critique melee","+10 Critique melee","+10 Critique melee","+10 Critique melee","+10 Critique melee","+10 Critique melee","+10 Critique melee",0xFF01FE,0,0,0,0,0,0,0,
63109,0,5,0,0,11,0,0,11,0,0,32,0,0,"+11 Critique melee","+11 Critique melee","+11 Critique melee","+11 Critique melee","+11 Critique melee","+11 Critique melee","+11 Critique melee","+11 Critique melee","+11 Critique melee","+11 Critique melee","+11 Critique melee","+11 Critique melee","+11 Critique melee","+11 Critique melee","+11 Critique melee","+11 Critique melee",0xFF01FE,0,0,0,0,0,0,0,
63110,0,5,0,0,12,0,0,12,0,0,32,0,0,"+12 Critique melee","+12 Critique melee","+12 Critique melee","+12 Critique melee","+12 Critique melee","+12 Critique melee","+12 Critique melee","+12 Critique melee","+12 Critique melee","+12 Critique melee","+12 Critique melee","+12 Critique melee","+12 Critique melee","+12 Critique melee","+12 Critique melee","+12 Critique melee",0xFF01FE,0,0,0,0,0,0,0,
63111,0,5,0,0,13,0,0,13,0,0,32,0,0,"+13 Critique melee","+13 Critique melee","+13 Critique melee","+13 Critique melee","+13 Critique melee","+13 Critique melee","+13 Critique melee","+13 Critique melee","+13 Critique melee","+13 Critique melee","+13 Critique melee","+13 Critique melee","+13 Critique melee","+13 Critique melee","+13 Critique melee","+13 Critique melee",0xFF01FE,0,0,0,0,0,0,0,
63112,0,5,0,0,14,0,0,14,0,0,32,0,0,"+14 Critique melee","+14 Critique melee","+14 Critique melee","+14 Critique melee","+14 Critique melee","+14 Critique melee","+14 Critique melee","+14 Critique melee","+14 Critique melee","+14 Critique melee","+14 Critique melee","+14 Critique melee","+14 Critique melee","+14 Critique melee","+14 Critique melee","+14 Critique melee",0xFF01FE,0,0,0,0,0,0,0,
63113,0,5,0,0,15,0,0,15,0,0,32,0,0,"+15 Critique melee","+15 Critique melee","+15 Critique melee","+15 Critique melee","+15 Critique melee","+15 Critique melee","+15 Critique melee","+15 Critique melee","+15 Critique melee","+15 Critique melee","+15 Critique melee","+15 Critique melee","+15 Critique melee","+15 Critique melee","+15 Critique melee","+15 Critique melee",0xFF01FE,0,0,0,0,0,0,0,
63114,0,5,0,0,16,0,0,16,0,0,32,0,0,"+16 Critique melee","+16 Critique melee","+16 Critique melee","+16 Critique melee","+16 Critique melee","+16 Critique melee","+16 Critique melee","+16 Critique melee","+16 Critique melee","+16 Critique melee","+16 Critique melee","+16 Critique melee","+16 Critique melee","+16 Critique melee","+16 Critique melee","+16 Critique melee",0xFF01FE,0,0,0,0,0,0,0,
63115,0,5,0,0,17,0,0,17,0,0,32,0,0,"+17 Critique melee","+17 Critique melee","+17 Critique melee","+17 Critique melee","+17 Critique melee","+17 Critique melee","+17 Critique melee","+17 Critique melee","+17 Critique melee","+17 Critique melee","+17 Critique melee","+17 Critique melee","+17 Critique melee","+17 Critique melee","+17 Critique melee","+17 Critique melee",0xFF01FE,0,0,0,0,0,0,0,
63116,0,5,0,0,18,0,0,18,0,0,32,0,0,"+18 Critique melee","+18 Critique melee","+18 Critique melee","+18 Critique melee","+18 Critique melee","+18 Critique melee","+18 Critique melee","+18 Critique melee","+18 Critique melee","+18 Critique melee","+18 Critique melee","+18 Critique melee","+18 Critique melee","+18 Critique melee","+18 Critique melee","+18 Critique melee",0xFF01FE,0,0,0,0,0,0,0,
63117,0,5,0,0,19,0,0,19,0,0,32,0,0,"+19 Critique melee","+19 Critique melee","+19 Critique melee","+19 Critique melee","+19 Critique melee","+19 Critique melee","+19 Critique melee","+19 Critique melee","+19 Critique melee","+19 Critique melee","+19 Critique melee","+19 Critique melee","+19 Critique melee","+19 Critique melee","+19 Critique melee","+19 Critique melee",0xFF01FE,0,0,0,0,0,0,0,
63118,0,5,0,0,20,0,0,20,0,0,32,0,0,"+20 Critique melee","+20 Critique melee","+20 Critique melee","+20 Critique melee","+20 Critique melee","+20 Critique melee","+20 Critique melee","+20 Critique melee","+20 Critique melee","+20 Critique melee","+20 Critique melee","+20 Critique melee","+20 Critique melee","+20 Critique melee","+20 Critique melee","+20 Critique melee",0xFF01FE,0,0,0,0,0,0,0,
63200,0,5,0,0,2,0,0,2,0,0,33,0,0,"+2 Critique distance","+2 Critique distance","+2 Critique distance","+2 Critique distance","+2 Critique distance","+2 Critique distance","+2 Critique distance","+2 Critique distance","+2 Critique distance","+2 Critique distance","+2 Critique distance","+2 Critique distance","+2 Critique distance","+2 Critique distance","+2 Critique distance","+2 Critique distance",0xFF01FE,0,0,0,0,0,0,0,
63201,0,5,0,0,3,0,0,3,0,0,33,0,0,"+3 Critique distance","+3 Critique distance","+3 Critique distance","+3 Critique distance","+3 Critique distance","+3 Critique distance","+3 Critique distance","+3 Critique distance","+3 Critique distance","+3 Critique distance","+3 Critique distance","+3 Critique distance","+3 Critique distance","+3 Critique distance","+3 Critique distance","+3 Critique distance",0xFF01FE,0,0,0,0,0,0,0,
63202,0,5,0,0,4,0,0,4,0,0,33,0,0,"+4 Critique distance","+4 Critique distance","+4 Critique distance","+4 Critique distance","+4 Critique distance","+4 Critique distance","+4 Critique distance","+4 Critique distance","+4 Critique distance","+4 Critique distance","+4 Critique distance","+4 Critique distance","+4 Critique distance","+4 Critique distance","+4 Critique distance","+4 Critique distance",0xFF01FE,0,0,0,0,0,0,0,
63203,0,5,0,0,5,0,0,5,0,0,33,0,0,"+5 Critique distance","+5 Critique distance","+5 Critique distance","+5 Critique distance","+5 Critique distance","+5 Critique distance","+5 Critique distance","+5 Critique distance","+5 Critique distance","+5 Critique distance","+5 Critique distance","+5 Critique distance","+5 Critique distance","+5 Critique distance","+5 Critique distance","+5 Critique distance",0xFF01FE,0,0,0,0,0,0,0,
63204,0,5,0,0,6,0,0,6,0,0,33,0,0,"+6 Critique distance","+6 Critique distance","+6 Critique distance","+6 Critique distance","+6 Critique distance","+6 Critique distance","+6 Critique distance","+6 Critique distance","+6 Critique distance","+6 Critique distance","+6 Critique distance","+6 Critique distance","+6 Critique distance","+6 Critique distance","+6 Critique distance","+6 Critique distance",0xFF01FE,0,0,0,0,0,0,0,
63205,0,5,0,0,7,0,0,7,0,0,33,0,0,"+7 Critique distance","+7 Critique distance","+7 Critique distance","+7 Critique distance","+7 Critique distance","+7 Critique distance","+7 Critique distance","+7 Critique distance","+7 Critique distance","+7 Critique distance","+7 Critique distance","+7 Critique distance","+7 Critique distance","+7 Critique distance","+7 Critique distance","+7 Critique distance",0xFF01FE,0,0,0,0,0,0,0,
63206,0,5,0,0,8,0,0,8,0,0,33,0,0,"+8 Critique distance","+8 Critique distance","+8 Critique distance","+8 Critique distance","+8 Critique distance","+8 Critique distance","+8 Critique distance","+8 Critique distance","+8 Critique distance","+8 Critique distance","+8 Critique distance","+8 Critique distance","+8 Critique distance","+8 Critique distance","+8 Critique distance","+8 Critique distance",0xFF01FE,0,0,0,0,0,0,0,
63207,0,5,0,0,9,0,0,9,0,0,33,0,0,"+9 Critique distance","+9 Critique distance","+9 Critique distance","+9 Critique distance","+9 Critique distance","+9 Critique distance","+9 Critique distance","+9 Critique distance","+9 Critique distance","+9 Critique distance","+9 Critique distance","+9 Critique distance","+9 Critique distance","+9 Critique distance","+9 Critique distance","+9 Critique distance",0xFF01FE,0,0,0,0,0,0,0,
63208,0,5,0,0,10,0,0,10,0,0,33,0,0,"+10 Critique distance","+10 Critique distance","+10 Critique distance","+10 Critique distance","+10 Critique distance","+10 Critique distance","+10 Critique distance","+10 Critique distance","+10 Critique distance","+10 Critique distance","+10 Critique distance","+10 Critique distance","+10 Critique distance","+10 Critique distance","+10 Critique distance","+10 Critique distance",0xFF01FE,0,0,0,0,0,0,0,
63209,0,5,0,0,11,0,0,11,0,0,33,0,0,"+11 Critique distance","+11 Critique distance","+11 Critique distance","+11 Critique distance","+11 Critique distance","+11 Critique distance","+11 Critique distance","+11 Critique distance","+11 Critique distance","+11 Critique distance","+11 Critique distance","+11 Critique distance","+11 Critique distance","+11 Critique distance","+11 Critique distance","+11 Critique distance",0xFF01FE,0,0,0,0,0,0,0,
63210,0,5,0,0,12,0,0,12,0,0,33,0,0,"+12 Critique distance","+12 Critique distance","+12 Critique distance","+12 Critique distance","+12 Critique distance","+12 Critique distance","+12 Critique distance","+12 Critique distance","+12 Critique distance","+12 Critique distance","+12 Critique distance","+12 Critique distance","+12 Critique distance","+12 Critique distance","+12 Critique distance","+12 Critique distance",0xFF01FE,0,0,0,0,0,0,0,
63211,0,5,0,0,13,0,0,13,0,0,33,0,0,"+13 Critique distance","+13 Critique distance","+13 Critique distance","+13 Critique distance","+13 Critique distance","+13 Critique distance","+13 Critique distance","+13 Critique distance","+13 Critique distance","+13 Critique distance","+13 Critique distance","+13 Critique distance","+13 Critique distance","+13 Critique distance","+13 Critique distance","+13 Critique distance",0xFF01FE,0,0,0,0,0,0,0,
63212,0,5,0,0,14,0,0,14,0,0,33,0,0,"+14 Critique distance","+14 Critique distance","+14 Critique distance","+14 Critique distance","+14 Critique distance","+14 Critique distance","+14 Critique distance","+14 Critique distance","+14 Critique distance","+14 Critique distance","+14 Critique distance","+14 Critique distance","+14 Critique distance","+14 Critique distance","+14 Critique distance","+14 Critique distance",0xFF01FE,0,0,0,0,0,0,0,
63213,0,5,0,0,15,0,0,15,0,0,33,0,0,"+15 Critique distance","+15 Critique distance","+15 Critique distance","+15 Critique distance","+15 Critique distance","+15 Critique distance","+15 Critique distance","+15 Critique distance","+15 Critique distance","+15 Critique distance","+15 Critique distance","+15 Critique distance","+15 Critique distance","+15 Critique distance","+15 Critique distance","+15 Critique distance",0xFF01FE,0,0,0,0,0,0,0,
63214,0,5,0,0,16,0,0,16,0,0,33,0,0,"+16 Critique distance","+16 Critique distance","+16 Critique distance","+16 Critique distance","+16 Critique distance","+16 Critique distance","+16 Critique distance","+16 Critique distance","+16 Critique distance","+16 Critique distance","+16 Critique distance","+16 Critique distance","+16 Critique distance","+16 Critique distance","+16 Critique distance","+16 Critique distance",0xFF01FE,0,0,0,0,0,0,0,
63215,0,5,0,0,17,0,0,17,0,0,33,0,0,"+17 Critique distance","+17 Critique distance","+17 Critique distance","+17 Critique distance","+17 Critique distance","+17 Critique distance","+17 Critique distance","+17 Critique distance","+17 Critique distance","+17 Critique distance","+17 Critique distance","+17 Critique distance","+17 Critique distance","+17 Critique distance","+17 Critique distance","+17 Critique distance",0xFF01FE,0,0,0,0,0,0,0,
63216,0,5,0,0,18,0,0,18,0,0,33,0,0,"+18 Critique distance","+18 Critique distance","+18 Critique distance","+18 Critique distance","+18 Critique distance","+18 Critique distance","+18 Critique distance","+18 Critique distance","+18 Critique distance","+18 Critique distance","+18 Critique distance","+18 Critique distance","+18 Critique distance","+18 Critique distance","+18 Critique distance","+18 Critique distance",0xFF01FE,0,0,0,0,0,0,0,
63217,0,5,0,0,19,0,0,19,0,0,33,0,0,"+19 Critique distance","+19 Critique distance","+19 Critique distance","+19 Critique distance","+19 Critique distance","+19 Critique distance","+19 Critique distance","+19 Critique distance","+19 Critique distance","+19 Critique distance","+19 Critique distance","+19 Critique distance","+19 Critique distance","+19 Critique distance","+19 Critique distance","+19 Critique distance",0xFF01FE,0,0,0,0,0,0,0,
63218,0,5,0,0,20,0,0,20,0,0,33,0,0,"+20 Critique distance","+20 Critique distance","+20 Critique distance","+20 Critique distance","+20 Critique distance","+20 Critique distance","+20 Critique distance","+20 Critique distance","+20 Critique distance","+20 Critique distance","+20 Critique distance","+20 Critique distance","+20 Critique distance","+20 Critique distance","+20 Critique distance","+20 Critique distance",0xFF01FE,0,0,0,0,0,0,0,
63300,0,5,0,0,2,0,0,2,0,0,34,0,0,"+2 Critique sorts","+2 Critique sorts","+2 Critique sorts","+2 Critique sorts","+2 Critique sorts","+2 Critique sorts","+2 Critique sorts","+2 Critique sorts","+2 Critique sorts","+2 Critique sorts","+2 Critique sorts","+2 Critique sorts","+2 Critique sorts","+2 Critique sorts","+2 Critique sorts","+2 Critique sorts",0xFF01FE,0,0,0,0,0,0,0,
63301,0,5,0,0,3,0,0,3,0,0,34,0,0,"+3 Critique sorts","+3 Critique sorts","+3 Critique sorts","+3 Critique sorts","+3 Critique sorts","+3 Critique sorts","+3 Critique sorts","+3 Critique sorts","+3 Critique sorts","+3 Critique sorts","+3 Critique sorts","+3 Critique sorts","+3 Critique sorts","+3 Critique sorts","+3 Critique sorts","+3 Critique sorts",0xFF01FE,0,0,0,0,0,0,0,
63302,0,5,0,0,4,0,0,4,0,0,34,0,0,"+4 Critique sorts","+4 Critique sorts","+4 Critique sorts","+4 Critique sorts","+4 Critique sorts","+4 Critique sorts","+4 Critique sorts","+4 Critique sorts","+4 Critique sorts","+4 Critique sorts","+4 Critique sorts","+4 Critique sorts","+4 Critique sorts","+4 Critique sorts","+4 Critique sorts","+4 Critique sorts",0xFF01FE,0,0,0,0,0,0,0,
63303,0,5,0,0,5,0,0,5,0,0,34,0,0,"+5 Critique sorts","+5 Critique sorts","+5 Critique sorts","+5 Critique sorts","+5 Critique sorts","+5 Critique sorts","+5 Critique sorts","+5 Critique sorts","+5 Critique sorts","+5 Critique sorts","+5 Critique sorts","+5 Critique sorts","+5 Critique sorts","+5 Critique sorts","+5 Critique sorts","+5 Critique sorts",0xFF01FE,0,0,0,0,0,0,0,
63304,0,5,0,0,6,0,0,6,0,0,34,0,0,"+6 Critique sorts","+6 Critique sorts","+6 Critique sorts","+6 Critique sorts","+6 Critique sorts","+6 Critique sorts","+6 Critique sorts","+6 Critique sorts","+6 Critique sorts","+6 Critique sorts","+6 Critique sorts","+6 Critique sorts","+6 Critique sorts","+6 Critique sorts","+6 Critique sorts","+6 Critique sorts",0xFF01FE,0,0,0,0,0,0,0,
63305,0,5,0,0,7,0,0,7,0,0,34,0,0,"+7 Critique sorts","+7 Critique sorts","+7 Critique sorts","+7 Critique sorts","+7 Critique sorts","+7 Critique sorts","+7 Critique sorts","+7 Critique sorts","+7 Critique sorts","+7 Critique sorts","+7 Critique sorts","+7 Critique sorts","+7 Critique sorts","+7 Critique sorts","+7 Critique sorts","+7 Critique sorts",0xFF01FE,0,0,0,0,0,0,0,
63306,0,5,0,0,8,0,0,8,0,0,34,0,0,"+8 Critique sorts","+8 Critique sorts","+8 Critique sorts","+8 Critique sorts","+8 Critique sorts","+8 Critique sorts","+8 Critique sorts","+8 Critique sorts","+8 Critique sorts","+8 Critique sorts","+8 Critique sorts","+8 Critique sorts","+8 Critique sorts","+8 Critique sorts","+8 Critique sorts","+8 Critique sorts",0xFF01FE,0,0,0,0,0,0,0,
63307,0,5,0,0,9,0,0,9,0,0,34,0,0,"+9 Critique sorts","+9 Critique sorts","+9 Critique sorts","+9 Critique sorts","+9 Critique sorts","+9 Critique sorts","+9 Critique sorts","+9 Critique sorts","+9 Critique sorts","+9 Critique sorts","+9 Critique sorts","+9 Critique sorts","+9 Critique sorts","+9 Critique sorts","+9 Critique sorts","+9 Critique sorts",0xFF01FE,0,0,0,0,0,0,0,
63308,0,5,0,0,10,0,0,10,0,0,34,0,0,"+10 Critique sorts","+10 Critique sorts","+10 Critique sorts","+10 Critique sorts","+10 Critique sorts","+10 Critique sorts","+10 Critique sorts","+10 Critique sorts","+10 Critique sorts","+10 Critique sorts","+10 Critique sorts","+10 Critique sorts","+10 Critique sorts","+10 Critique sorts","+10 Critique sorts","+10 Critique sorts",0xFF01FE,0,0,0,0,0,0,0,
63309,0,5,0,0,11,0,0,11,0,0,34,0,0,"+11 Critique sorts","+11 Critique sorts","+11 Critique sorts","+11 Critique sorts","+11 Critique sorts","+11 Critique sorts","+11 Critique sorts","+11 Critique sorts","+11 Critique sorts","+11 Critique sorts","+11 Critique sorts","+11 Critique sorts","+11 Critique sorts","+11 Critique sorts","+11 Critique sorts","+11 Critique sorts",0xFF01FE,0,0,0,0,0,0,0,
63310,0,5,0,0,12,0,0,12,0,0,34,0,0,"+12 Critique sorts","+12 Critique sorts","+12 Critique sorts","+12 Critique sorts","+12 Critique sorts","+12 Critique sorts","+12 Critique sorts","+12 Critique sorts","+12 Critique sorts","+12 Critique sorts","+12 Critique sorts","+12 Critique sorts","+12 Critique sorts","+12 Critique sorts","+12 Critique sorts","+12 Critique sorts",0xFF01FE,0,0,0,0,0,0,0,
63311,0,5,0,0,13,0,0,13,0,0,34,0,0,"+13 Critique sorts","+13 Critique sorts","+13 Critique sorts","+13 Critique sorts","+13 Critique sorts","+13 Critique sorts","+13 Critique sorts","+13 Critique sorts","+13 Critique sorts","+13 Critique sorts","+13 Critique sorts","+13 Critique sorts","+13 Critique sorts","+13 Critique sorts","+13 Critique sorts","+13 Critique sorts",0xFF01FE,0,0,0,0,0,0,0,
63312,0,5,0,0,14,0,0,14,0,0,34,0,0,"+14 Critique sorts","+14 Critique sorts","+14 Critique sorts","+14 Critique sorts","+14 Critique sorts","+14 Critique sorts","+14 Critique sorts","+14 Critique sorts","+14 Critique sorts","+14 Critique sorts","+14 Critique sorts","+14 Critique sorts","+14 Critique sorts","+14 Critique sorts","+14 Critique sorts","+14 Critique sorts",0xFF01FE,0,0,0,0,0,0,0,
63313,0,5,0,0,15,0,0,15,0,0,34,0,0,"+15 Critique sorts","+15 Critique sorts","+15 Critique sorts","+15 Critique sorts","+15 Critique sorts","+15 Critique sorts","+15 Critique sorts","+15 Critique sorts","+15 Critique sorts","+15 Critique sorts","+15 Critique sorts","+15 Critique sorts","+15 Critique sorts","+15 Critique sorts","+15 Critique sorts","+15 Critique sorts",0xFF01FE,0,0,0,0,0,0,0,
63314,0,5,0,0,16,0,0,16,0,0,34,0,0,"+16 Critique sorts","+16 Critique sorts","+16 Critique sorts","+16 Critique sorts","+16 Critique sorts","+16 Critique sorts","+16 Critique sorts","+16 Critique sorts","+16 Critique sorts","+16 Critique sorts","+16 Critique sorts","+16 Critique sorts","+16 Critique sorts","+16 Critique sorts","+16 Critique sorts","+16 Critique sorts",0xFF01FE,0,0,0,0,0,0,0,
63315,0,5,0,0,17,0,0,17,0,0,34,0,0,"+17 Critique sorts","+17 Critique sorts","+17 Critique sorts","+17 Critique sorts","+17 Critique sorts","+17 Critique sorts","+17 Critique sorts","+17 Critique sorts","+17 Critique sorts","+17 Critique sorts","+17 Critique sorts","+17 Critique sorts","+17 Critique sorts","+17 Critique sorts","+17 Critique sorts","+17 Critique sorts",0xFF01FE,0,0,0,0,0,0,0,
63316,0,5,0,0,18,0,0,18,0,0,34,0,0,"+18 Critique sorts","+18 Critique sorts","+18 Critique sorts","+18 Critique sorts","+18 Critique sorts","+18 Critique sorts","+18 Critique sorts","+18 Critique sorts","+18 Critique sorts","+18 Critique sorts","+18 Critique sorts","+18 Critique sorts","+18 Critique sorts","+18 Critique sorts","+18 Critique sorts","+18 Critique sorts",0xFF01FE,0,0,0,0,0,0,0,
63317,0,5,0,0,19,0,0,19,0,0,34,0,0,"+19 Critique sorts","+19 Critique sorts","+19 Critique sorts","+19 Critique sorts","+19 Critique sorts","+19 Critique sorts","+19 Critique sorts","+19 Critique sorts","+19 Critique sorts","+19 Critique sorts","+19 Critique sorts","+19 Critique sorts","+19 Critique sorts","+19 Critique sorts","+19 Critique sorts","+19 Critique sorts",0xFF01FE,0,0,0,0,0,0,0,
63318,0,5,0,0,20,0,0,20,0,0,34,0,0,"+20 Critique sorts","+20 Critique sorts","+20 Critique sorts","+20 Critique sorts","+20 Critique sorts","+20 Critique sorts","+20 Critique sorts","+20 Critique sorts","+20 Critique sorts","+20 Critique sorts","+20 Critique sorts","+20 Critique sorts","+20 Critique sorts","+20 Critique sorts","+20 Critique sorts","+20 Critique sorts",0xFF01FE,0,0,0,0,0,0,0,
63500,0,5,0,0,2,0,0,2,0,0,36,0,0,"+2 Toucher melee","+2 Toucher melee","+2 Toucher melee","+2 Toucher melee","+2 Toucher melee","+2 Toucher melee","+2 Toucher melee","+2 Toucher melee","+2 Toucher melee","+2 Toucher melee","+2 Toucher melee","+2 Toucher melee","+2 Toucher melee","+2 Toucher melee","+2 Toucher melee","+2 Toucher melee",0xFF01FE,0,0,0,0,0,0,0,
63501,0,5,0,0,3,0,0,3,0,0,36,0,0,"+3 Toucher melee","+3 Toucher melee","+3 Toucher melee","+3 Toucher melee","+3 Toucher melee","+3 Toucher melee","+3 Toucher melee","+3 Toucher melee","+3 Toucher melee","+3 Toucher melee","+3 Toucher melee","+3 Toucher melee","+3 Toucher melee","+3 Toucher melee","+3 Toucher melee","+3 Toucher melee",0xFF01FE,0,0,0,0,0,0,0,
63502,0,5,0,0,4,0,0,4,0,0,36,0,0,"+4 Toucher melee","+4 Toucher melee","+4 Toucher melee","+4 Toucher melee","+4 Toucher melee","+4 Toucher melee","+4 Toucher melee","+4 Toucher melee","+4 Toucher melee","+4 Toucher melee","+4 Toucher melee","+4 Toucher melee","+4 Toucher melee","+4 Toucher melee","+4 Toucher melee","+4 Toucher melee",0xFF01FE,0,0,0,0,0,0,0,
63503,0,5,0,0,5,0,0,5,0,0,36,0,0,"+5 Toucher melee","+5 Toucher melee","+5 Toucher melee","+5 Toucher melee","+5 Toucher melee","+5 Toucher melee","+5 Toucher melee","+5 Toucher melee","+5 Toucher melee","+5 Toucher melee","+5 Toucher melee","+5 Toucher melee","+5 Toucher melee","+5 Toucher melee","+5 Toucher melee","+5 Toucher melee",0xFF01FE,0,0,0,0,0,0,0,
63504,0,5,0,0,6,0,0,6,0,0,36,0,0,"+6 Toucher melee","+6 Toucher melee","+6 Toucher melee","+6 Toucher melee","+6 Toucher melee","+6 Toucher melee","+6 Toucher melee","+6 Toucher melee","+6 Toucher melee","+6 Toucher melee","+6 Toucher melee","+6 Toucher melee","+6 Toucher melee","+6 Toucher melee","+6 Toucher melee","+6 Toucher melee",0xFF01FE,0,0,0,0,0,0,0,
63505,0,5,0,0,7,0,0,7,0,0,36,0,0,"+7 Toucher melee","+7 Toucher melee","+7 Toucher melee","+7 Toucher melee","+7 Toucher melee","+7 Toucher melee","+7 Toucher melee","+7 Toucher melee","+7 Toucher melee","+7 Toucher melee","+7 Toucher melee","+7 Toucher melee","+7 Toucher melee","+7 Toucher melee","+7 Toucher melee","+7 Toucher melee",0xFF01FE,0,0,0,0,0,0,0,
63506,0,5,0,0,8,0,0,8,0,0,36,0,0,"+8 Toucher melee","+8 Toucher melee","+8 Toucher melee","+8 Toucher melee","+8 Toucher melee","+8 Toucher melee","+8 Toucher melee","+8 Toucher melee","+8 Toucher melee","+8 Toucher melee","+8 Toucher melee","+8 Toucher melee","+8 Toucher melee","+8 Toucher melee","+8 Toucher melee","+8 Toucher melee",0xFF01FE,0,0,0,0,0,0,0,
63507,0,5,0,0,9,0,0,9,0,0,36,0,0,"+9 Toucher melee","+9 Toucher melee","+9 Toucher melee","+9 Toucher melee","+9 Toucher melee","+9 Toucher melee","+9 Toucher melee","+9 Toucher melee","+9 Toucher melee","+9 Toucher melee","+9 Toucher melee","+9 Toucher melee","+9 Toucher melee","+9 Toucher melee","+9 Toucher melee","+9 Toucher melee",0xFF01FE,0,0,0,0,0,0,0,
63508,0,5,0,0,10,0,0,10,0,0,36,0,0,"+10 Toucher melee","+10 Toucher melee","+10 Toucher melee","+10 Toucher melee","+10 Toucher melee","+10 Toucher melee","+10 Toucher melee","+10 Toucher melee","+10 Toucher melee","+10 Toucher melee","+10 Toucher melee","+10 Toucher melee","+10 Toucher melee","+10 Toucher melee","+10 Toucher melee","+10 Toucher melee",0xFF01FE,0,0,0,0,0,0,0,
63509,0,5,0,0,11,0,0,11,0,0,36,0,0,"+11 Toucher melee","+11 Toucher melee","+11 Toucher melee","+11 Toucher melee","+11 Toucher melee","+11 Toucher melee","+11 Toucher melee","+11 Toucher melee","+11 Toucher melee","+11 Toucher melee","+11 Toucher melee","+11 Toucher melee","+11 Toucher melee","+11 Toucher melee","+11 Toucher melee","+11 Toucher melee",0xFF01FE,0,0,0,0,0,0,0,
63510,0,5,0,0,12,0,0,12,0,0,36,0,0,"+12 Toucher melee","+12 Toucher melee","+12 Toucher melee","+12 Toucher melee","+12 Toucher melee","+12 Toucher melee","+12 Toucher melee","+12 Toucher melee","+12 Toucher melee","+12 Toucher melee","+12 Toucher melee","+12 Toucher melee","+12 Toucher melee","+12 Toucher melee","+12 Toucher melee","+12 Toucher melee",0xFF01FE,0,0,0,0,0,0,0,
63511,0,5,0,0,13,0,0,13,0,0,36,0,0,"+13 Toucher melee","+13 Toucher melee","+13 Toucher melee","+13 Toucher melee","+13 Toucher melee","+13 Toucher melee","+13 Toucher melee","+13 Toucher melee","+13 Toucher melee","+13 Toucher melee","+13 Toucher melee","+13 Toucher melee","+13 Toucher melee","+13 Toucher melee","+13 Toucher melee","+13 Toucher melee",0xFF01FE,0,0,0,0,0,0,0,
63512,0,5,0,0,14,0,0,14,0,0,36,0,0,"+14 Toucher melee","+14 Toucher melee","+14 Toucher melee","+14 Toucher melee","+14 Toucher melee","+14 Toucher melee","+14 Toucher melee","+14 Toucher melee","+14 Toucher melee","+14 Toucher melee","+14 Toucher melee","+14 Toucher melee","+14 Toucher melee","+14 Toucher melee","+14 Toucher melee","+14 Toucher melee",0xFF01FE,0,0,0,0,0,0,0,
63513,0,5,0,0,15,0,0,15,0,0,36,0,0,"+15 Toucher melee","+15 Toucher melee","+15 Toucher melee","+15 Toucher melee","+15 Toucher melee","+15 Toucher melee","+15 Toucher melee","+15 Toucher melee","+15 Toucher melee","+15 Toucher melee","+15 Toucher melee","+15 Toucher melee","+15 Toucher melee","+15 Toucher melee","+15 Toucher melee","+15 Toucher melee",0xFF01FE,0,0,0,0,0,0,0,
63514,0,5,0,0,16,0,0,16,0,0,36,0,0,"+16 Toucher melee","+16 Toucher melee","+16 Toucher melee","+16 Toucher melee","+16 Toucher melee","+16 Toucher melee","+16 Toucher melee","+16 Toucher melee","+16 Toucher melee","+16 Toucher melee","+16 Toucher melee","+16 Toucher melee","+16 Toucher melee","+16 Toucher melee","+16 Toucher melee","+16 Toucher melee",0xFF01FE,0,0,0,0,0,0,0,
63515,0,5,0,0,17,0,0,17,0,0,36,0,0,"+17 Toucher melee","+17 Toucher melee","+17 Toucher melee","+17 Toucher melee","+17 Toucher melee","+17 Toucher melee","+17 Toucher melee","+17 Toucher melee","+17 Toucher melee","+17 Toucher melee","+17 Toucher melee","+17 Toucher melee","+17 Toucher melee","+17 Toucher melee","+17 Toucher melee","+17 Toucher melee",0xFF01FE,0,0,0,0,0,0,0,
63516,0,5,0,0,18,0,0,18,0,0,36,0,0,"+18 Toucher melee","+18 Toucher melee","+18 Toucher melee","+18 Toucher melee","+18 Toucher melee","+18 Toucher melee","+18 Toucher melee","+18 Toucher melee","+18 Toucher melee","+18 Toucher melee","+18 Toucher melee","+18 Toucher melee","+18 Toucher melee","+18 Toucher melee","+18 Toucher melee","+18 Toucher melee",0xFF01FE,0,0,0,0,0,0,0,
63517,0,5,0,0,19,0,0,19,0,0,36,0,0,"+19 Toucher melee","+19 Toucher melee","+19 Toucher melee","+19 Toucher melee","+19 Toucher melee","+19 Toucher melee","+19 Toucher melee","+19 Toucher melee","+19 Toucher melee","+19 Toucher melee","+19 Toucher melee","+19 Toucher melee","+19 Toucher melee","+19 Toucher melee","+19 Toucher melee","+19 Toucher melee",0xFF01FE,0,0,0,0,0,0,0,
63518,0,5,0,0,20,0,0,20,0,0,36,0,0,"+20 Toucher melee","+20 Toucher melee","+20 Toucher melee","+20 Toucher melee","+20 Toucher melee","+20 Toucher melee","+20 Toucher melee","+20 Toucher melee","+20 Toucher melee","+20 Toucher melee","+20 Toucher melee","+20 Toucher melee","+20 Toucher melee","+20 Toucher melee","+20 Toucher melee","+20 Toucher melee",0xFF01FE,0,0,0,0,0,0,0,
63600,0,5,0,0,2,0,0,2,0,0,40,0,0,"+2 Toucher distance","+2 Toucher distance","+2 Toucher distance","+2 Toucher distance","+2 Toucher distance","+2 Toucher distance","+2 Toucher distance","+2 Toucher distance","+2 Toucher distance","+2 Toucher distance","+2 Toucher distance","+2 Toucher distance","+2 Toucher distance","+2 Toucher distance","+2 Toucher distance","+2 Toucher distance",0xFF01FE,0,0,0,0,0,0,0,
63601,0,5,0,0,3,0,0,3,0,0,40,0,0,"+3 Toucher distance","+3 Toucher distance","+3 Toucher distance","+3 Toucher distance","+3 Toucher distance","+3 Toucher distance","+3 Toucher distance","+3 Toucher distance","+3 Toucher distance","+3 Toucher distance","+3 Toucher distance","+3 Toucher distance","+3 Toucher distance","+3 Toucher distance","+3 Toucher distance","+3 Toucher distance",0xFF01FE,0,0,0,0,0,0,0,
63602,0,5,0,0,4,0,0,4,0,0,40,0,0,"+4 Toucher distance","+4 Toucher distance","+4 Toucher distance","+4 Toucher distance","+4 Toucher distance","+4 Toucher distance","+4 Toucher distance","+4 Toucher distance","+4 Toucher distance","+4 Toucher distance","+4 Toucher distance","+4 Toucher distance","+4 Toucher distance","+4 Toucher distance","+4 Toucher distance","+4 Toucher distance",0xFF01FE,0,0,0,0,0,0,0,
63603,0,5,0,0,5,0,0,5,0,0,40,0,0,"+5 Toucher distance","+5 Toucher distance","+5 Toucher distance","+5 Toucher distance","+5 Toucher distance","+5 Toucher distance","+5 Toucher distance","+5 Toucher distance","+5 Toucher distance","+5 Toucher distance","+5 Toucher distance","+5 Toucher distance","+5 Toucher distance","+5 Toucher distance","+5 Toucher distance","+5 Toucher distance",0xFF01FE,0,0,0,0,0,0,0,
63604,0,5,0,0,6,0,0,6,0,0,40,0,0,"+6 Toucher distance","+6 Toucher distance","+6 Toucher distance","+6 Toucher distance","+6 Toucher distance","+6 Toucher distance","+6 Toucher distance","+6 Toucher distance","+6 Toucher distance","+6 Toucher distance","+6 Toucher distance","+6 Toucher distance","+6 Toucher distance","+6 Toucher distance","+6 Toucher distance","+6 Toucher distance",0xFF01FE,0,0,0,0,0,0,0,
63605,0,5,0,0,7,0,0,7,0,0,40,0,0,"+7 Toucher distance","+7 Toucher distance","+7 Toucher distance","+7 Toucher distance","+7 Toucher distance","+7 Toucher distance","+7 Toucher distance","+7 Toucher distance","+7 Toucher distance","+7 Toucher distance","+7 Toucher distance","+7 Toucher distance","+7 Toucher distance","+7 Toucher distance","+7 Toucher distance","+7 Toucher distance",0xFF01FE,0,0,0,0,0,0,0,
63606,0,5,0,0,8,0,0,8,0,0,40,0,0,"+8 Toucher distance","+8 Toucher distance","+8 Toucher distance","+8 Toucher distance","+8 Toucher distance","+8 Toucher distance","+8 Toucher distance","+8 Toucher distance","+8 Toucher distance","+8 Toucher distance","+8 Toucher distance","+8 Toucher distance","+8 Toucher distance","+8 Toucher distance","+8 Toucher distance","+8 Toucher distance",0xFF01FE,0,0,0,0,0,0,0,
63607,0,5,0,0,9,0,0,9,0,0,40,0,0,"+9 Toucher distance","+9 Toucher distance","+9 Toucher distance","+9 Toucher distance","+9 Toucher distance","+9 Toucher distance","+9 Toucher distance","+9 Toucher distance","+9 Toucher distance","+9 Toucher distance","+9 Toucher distance","+9 Toucher distance","+9 Toucher distance","+9 Toucher distance","+9 Toucher distance","+9 Toucher distance",0xFF01FE,0,0,0,0,0,0,0,
63608,0,5,0,0,10,0,0,10,0,0,40,0,0,"+10 Toucher distance","+10 Toucher distance","+10 Toucher distance","+10 Toucher distance","+10 Toucher distance","+10 Toucher distance","+10 Toucher distance","+10 Toucher distance","+10 Toucher distance","+10 Toucher distance","+10 Toucher distance","+10 Toucher distance","+10 Toucher distance","+10 Toucher distance","+10 Toucher distance","+10 Toucher distance",0xFF01FE,0,0,0,0,0,0,0,
63609,0,5,0,0,11,0,0,11,0,0,40,0,0,"+11 Toucher distance","+11 Toucher distance","+11 Toucher distance","+11 Toucher distance","+11 Toucher distance","+11 Toucher distance","+11 Toucher distance","+11 Toucher distance","+11 Toucher distance","+11 Toucher distance","+11 Toucher distance","+11 Toucher distance","+11 Toucher distance","+11 Toucher distance","+11 Toucher distance","+11 Toucher distance",0xFF01FE,0,0,0,0,0,0,0,
63610,0,5,0,0,12,0,0,12,0,0,40,0,0,"+12 Toucher distance","+12 Toucher distance","+12 Toucher distance","+12 Toucher distance","+12 Toucher distance","+12 Toucher distance","+12 Toucher distance","+12 Toucher distance","+12 Toucher distance","+12 Toucher distance","+12 Toucher distance","+12 Toucher distance","+12 Toucher distance","+12 Toucher distance","+12 Toucher distance","+12 Toucher distance",0xFF01FE,0,0,0,0,0,0,0,
63611,0,5,0,0,13,0,0,13,0,0,40,0,0,"+13 Toucher distance","+13 Toucher distance","+13 Toucher distance","+13 Toucher distance","+13 Toucher distance","+13 Toucher distance","+13 Toucher distance","+13 Toucher distance","+13 Toucher distance","+13 Toucher distance","+13 Toucher distance","+13 Toucher distance","+13 Toucher distance","+13 Toucher distance","+13 Toucher distance","+13 Toucher distance",0xFF01FE,0,0,0,0,0,0,0,
63612,0,5,0,0,14,0,0,14,0,0,40,0,0,"+14 Toucher distance","+14 Toucher distance","+14 Toucher distance","+14 Toucher distance","+14 Toucher distance","+14 Toucher distance","+14 Toucher distance","+14 Toucher distance","+14 Toucher distance","+14 Toucher distance","+14 Toucher distance","+14 Toucher distance","+14 Toucher distance","+14 Toucher distance","+14 Toucher distance","+14 Toucher distance",0xFF01FE,0,0,0,0,0,0,0,
63613,0,5,0,0,15,0,0,15,0,0,40,0,0,"+15 Toucher distance","+15 Toucher distance","+15 Toucher distance","+15 Toucher distance","+15 Toucher distance","+15 Toucher distance","+15 Toucher distance","+15 Toucher distance","+15 Toucher distance","+15 Toucher distance","+15 Toucher distance","+15 Toucher distance","+15 Toucher distance","+15 Toucher distance","+15 Toucher distance","+15 Toucher distance",0xFF01FE,0,0,0,0,0,0,0,
63614,0,5,0,0,16,0,0,16,0,0,40,0,0,"+16 Toucher distance","+16 Toucher distance","+16 Toucher distance","+16 Toucher distance","+16 Toucher distance","+16 Toucher distance","+16 Toucher distance","+16 Toucher distance","+16 Toucher distance","+16 Toucher distance","+16 Toucher distance","+16 Toucher distance","+16 Toucher distance","+16 Toucher distance","+16 Toucher distance","+16 Toucher distance",0xFF01FE,0,0,0,0,0,0,0,
63615,0,5,0,0,17,0,0,17,0,0,40,0,0,"+17 Toucher distance","+17 Toucher distance","+17 Toucher distance","+17 Toucher distance","+17 Toucher distance","+17 Toucher distance","+17 Toucher distance","+17 Toucher distance","+17 Toucher distance","+17 Toucher distance","+17 Toucher distance","+17 Toucher distance","+17 Toucher distance","+17 Toucher distance","+17 Toucher distance","+17 Toucher distance",0xFF01FE,0,0,0,0,0,0,0,
63616,0,5,0,0,18,0,0,18,0,0,40,0,0,"+18 Toucher distance","+18 Toucher distance","+18 Toucher distance","+18 Toucher distance","+18 Toucher distance","+18 Toucher distance","+18 Toucher distance","+18 Toucher distance","+18 Toucher distance","+18 Toucher distance","+18 Toucher distance","+18 Toucher distance","+18 Toucher distance","+18 Toucher distance","+18 Toucher distance","+18 Toucher distance",0xFF01FE,0,0,0,0,0,0,0,
63617,0,5,0,0,19,0,0,19,0,0,40,0,0,"+19 Toucher distance","+19 Toucher distance","+19 Toucher distance","+19 Toucher distance","+19 Toucher distance","+19 Toucher distance","+19 Toucher distance","+19 Toucher distance","+19 Toucher distance","+19 Toucher distance","+19 Toucher distance","+19 Toucher distance","+19 Toucher distance","+19 Toucher distance","+19 Toucher distance","+19 Toucher distance",0xFF01FE,0,0,0,0,0,0,0,
63618,0,5,0,0,20,0,0,20,0,0,40,0,0,"+20 Toucher distance","+20 Toucher distance","+20 Toucher distance","+20 Toucher distance","+20 Toucher distance","+20 Toucher distance","+20 Toucher distance","+20 Toucher distance","+20 Toucher distance","+20 Toucher distance","+20 Toucher distance","+20 Toucher distance","+20 Toucher distance","+20 Toucher distance","+20 Toucher distance","+20 Toucher distance",0xFF01FE,0,0,0,0,0,0,0,
63700,0,5,0,0,2,0,0,2,0,0,35,0,0,"+2 Toucher sorts","+2 Toucher sorts","+2 Toucher sorts","+2 Toucher sorts","+2 Toucher sorts","+2 Toucher sorts","+2 Toucher sorts","+2 Toucher sorts","+2 Toucher sorts","+2 Toucher sorts","+2 Toucher sorts","+2 Toucher sorts","+2 Toucher sorts","+2 Toucher sorts","+2 Toucher sorts","+2 Toucher sorts",0xFF01FE,0,0,0,0,0,0,0,
63701,0,5,0,0,3,0,0,3,0,0,35,0,0,"+3 Toucher sorts","+3 Toucher sorts","+3 Toucher sorts","+3 Toucher sorts","+3 Toucher sorts","+3 Toucher sorts","+3 Toucher sorts","+3 Toucher sorts","+3 Toucher sorts","+3 Toucher sorts","+3 Toucher sorts","+3 Toucher sorts","+3 Toucher sorts","+3 Toucher sorts","+3 Toucher sorts","+3 Toucher sorts",0xFF01FE,0,0,0,0,0,0,0,
63702,0,5,0,0,4,0,0,4,0,0,35,0,0,"+4 Toucher sorts","+4 Toucher sorts","+4 Toucher sorts","+4 Toucher sorts","+4 Toucher sorts","+4 Toucher sorts","+4 Toucher sorts","+4 Toucher sorts","+4 Toucher sorts","+4 Toucher sorts","+4 Toucher sorts","+4 Toucher sorts","+4 Toucher sorts","+4 Toucher sorts","+4 Toucher sorts","+4 Toucher sorts",0xFF01FE,0,0,0,0,0,0,0,
63703,0,5,0,0,5,0,0,5,0,0,35,0,0,"+5 Toucher sorts","+5 Toucher sorts","+5 Toucher sorts","+5 Toucher sorts","+5 Toucher sorts","+5 Toucher sorts","+5 Toucher sorts","+5 Toucher sorts","+5 Toucher sorts","+5 Toucher sorts","+5 Toucher sorts","+5 Toucher sorts","+5 Toucher sorts","+5 Toucher sorts","+5 Toucher sorts","+5 Toucher sorts",0xFF01FE,0,0,0,0,0,0,0,
63704,0,5,0,0,6,0,0,6,0,0,35,0,0,"+6 Toucher sorts","+6 Toucher sorts","+6 Toucher sorts","+6 Toucher sorts","+6 Toucher sorts","+6 Toucher sorts","+6 Toucher sorts","+6 Toucher sorts","+6 Toucher sorts","+6 Toucher sorts","+6 Toucher sorts","+6 Toucher sorts","+6 Toucher sorts","+6 Toucher sorts","+6 Toucher sorts","+6 Toucher sorts",0xFF01FE,0,0,0,0,0,0,0,
63705,0,5,0,0,7,0,0,7,0,0,35,0,0,"+7 Toucher sorts","+7 Toucher sorts","+7 Toucher sorts","+7 Toucher sorts","+7 Toucher sorts","+7 Toucher sorts","+7 Toucher sorts","+7 Toucher sorts","+7 Toucher sorts","+7 Toucher sorts","+7 Toucher sorts","+7 Toucher sorts","+7 Toucher sorts","+7 Toucher sorts","+7 Toucher sorts","+7 Toucher sorts",0xFF01FE,0,0,0,0,0,0,0,
63706,0,5,0,0,8,0,0,8,0,0,35,0,0,"+8 Toucher sorts","+8 Toucher sorts","+8 Toucher sorts","+8 Toucher sorts","+8 Toucher sorts","+8 Toucher sorts","+8 Toucher sorts","+8 Toucher sorts","+8 Toucher sorts","+8 Toucher sorts","+8 Toucher sorts","+8 Toucher sorts","+8 Toucher sorts","+8 Toucher sorts","+8 Toucher sorts","+8 Toucher sorts",0xFF01FE,0,0,0,0,0,0,0,
63707,0,5,0,0,9,0,0,9,0,0,35,0,0,"+9 Toucher sorts","+9 Toucher sorts","+9 Toucher sorts","+9 Toucher sorts","+9 Toucher sorts","+9 Toucher sorts","+9 Toucher sorts","+9 Toucher sorts","+9 Toucher sorts","+9 Toucher sorts","+9 Toucher sorts","+9 Toucher sorts","+9 Toucher sorts","+9 Toucher sorts","+9 Toucher sorts","+9 Toucher sorts",0xFF01FE,0,0,0,0,0,0,0,
63708,0,5,0,0,10,0,0,10,0,0,35,0,0,"+10 Toucher sorts","+10 Toucher sorts","+10 Toucher sorts","+10 Toucher sorts","+10 Toucher sorts","+10 Toucher sorts","+10 Toucher sorts","+10 Toucher sorts","+10 Toucher sorts","+10 Toucher sorts","+10 Toucher sorts","+10 Toucher sorts","+10 Toucher sorts","+10 Toucher sorts","+10 Toucher sorts","+10 Toucher sorts",0xFF01FE,0,0,0,0,0,0,0,
63709,0,5,0,0,11,0,0,11,0,0,35,0,0,"+11 Toucher sorts","+11 Toucher sorts","+11 Toucher sorts","+11 Toucher sorts","+11 Toucher sorts","+11 Toucher sorts","+11 Toucher sorts","+11 Toucher sorts","+11 Toucher sorts","+11 Toucher sorts","+11 Toucher sorts","+11 Toucher sorts","+11 Toucher sorts","+11 Toucher sorts","+11 Toucher sorts","+11 Toucher sorts",0xFF01FE,0,0,0,0,0,0,0,
63710,0,5,0,0,12,0,0,12,0,0,35,0,0,"+12 Toucher sorts","+12 Toucher sorts","+12 Toucher sorts","+12 Toucher sorts","+12 Toucher sorts","+12 Toucher sorts","+12 Toucher sorts","+12 Toucher sorts","+12 Toucher sorts","+12 Toucher sorts","+12 Toucher sorts","+12 Toucher sorts","+12 Toucher sorts","+12 Toucher sorts","+12 Toucher sorts","+12 Toucher sorts",0xFF01FE,0,0,0,0,0,0,0,
63711,0,5,0,0,13,0,0,13,0,0,35,0,0,"+13 Toucher sorts","+13 Toucher sorts","+13 Toucher sorts","+13 Toucher sorts","+13 Toucher sorts","+13 Toucher sorts","+13 Toucher sorts","+13 Toucher sorts","+13 Toucher sorts","+13 Toucher sorts","+13 Toucher sorts","+13 Toucher sorts","+13 Toucher sorts","+13 Toucher sorts","+13 Toucher sorts","+13 Toucher sorts",0xFF01FE,0,0,0,0,0,0,0,
63712,0,5,0,0,14,0,0,14,0,0,35,0,0,"+14 Toucher sorts","+14 Toucher sorts","+14 Toucher sorts","+14 Toucher sorts","+14 Toucher sorts","+14 Toucher sorts","+14 Toucher sorts","+14 Toucher sorts","+14 Toucher sorts","+14 Toucher sorts","+14 Toucher sorts","+14 Toucher sorts","+14 Toucher sorts","+14 Toucher sorts","+14 Toucher sorts","+14 Toucher sorts",0xFF01FE,0,0,0,0,0,0,0,
63713,0,5,0,0,15,0,0,15,0,0,35,0,0,"+15 Toucher sorts","+15 Toucher sorts","+15 Toucher sorts","+15 Toucher sorts","+15 Toucher sorts","+15 Toucher sorts","+15 Toucher sorts","+15 Toucher sorts","+15 Toucher sorts","+15 Toucher sorts","+15 Toucher sorts","+15 Toucher sorts","+15 Toucher sorts","+15 Toucher sorts","+15 Toucher sorts","+15 Toucher sorts",0xFF01FE,0,0,0,0,0,0,0,
63714,0,5,0,0,16,0,0,16,0,0,35,0,0,"+16 Toucher sorts","+16 Toucher sorts","+16 Toucher sorts","+16 Toucher sorts","+16 Toucher sorts","+16 Toucher sorts","+16 Toucher sorts","+16 Toucher sorts","+16 Toucher sorts","+16 Toucher sorts","+16 Toucher sorts","+16 Toucher sorts","+16 Toucher sorts","+16 Toucher sorts","+16 Toucher sorts","+16 Toucher sorts",0xFF01FE,0,0,0,0,0,0,0,
63715,0,5,0,0,17,0,0,17,0,0,35,0,0,"+17 Toucher sorts","+17 Toucher sorts","+17 Toucher sorts","+17 Toucher sorts","+17 Toucher sorts","+17 Toucher sorts","+17 Toucher sorts","+17 Toucher sorts","+17 Toucher sorts","+17 Toucher sorts","+17 Toucher sorts","+17 Toucher sorts","+17 Toucher sorts","+17 Toucher sorts","+17 Toucher sorts","+17 Toucher sorts",0xFF01FE,0,0,0,0,0,0,0,
63716,0,5,0,0,18,0,0,18,0,0,35,0,0,"+18 Toucher sorts","+18 Toucher sorts","+18 Toucher sorts","+18 Toucher sorts","+18 Toucher sorts","+18 Toucher sorts","+18 Toucher sorts","+18 Toucher sorts","+18 Toucher sorts","+18 Toucher sorts","+18 Toucher sorts","+18 Toucher sorts","+18 Toucher sorts","+18 Toucher sorts","+18 Toucher sorts","+18 Toucher sorts",0xFF01FE,0,0,0,0,0,0,0,
63717,0,5,0,0,19,0,0,19,0,0,35,0,0,"+19 Toucher sorts","+19 Toucher sorts","+19 Toucher sorts","+19 Toucher sorts","+19 Toucher sorts","+19 Toucher sorts","+19 Toucher sorts","+19 Toucher sorts","+19 Toucher sorts","+19 Toucher sorts","+19 Toucher sorts","+19 Toucher sorts","+19 Toucher sorts","+19 Toucher sorts","+19 Toucher sorts","+19 Toucher sorts",0xFF01FE,0,0,0,0,0,0,0,
63718,0,5,0,0,20,0,0,20,0,0,35,0,0,"+20 Toucher sorts","+20 Toucher sorts","+20 Toucher sorts","+20 Toucher sorts","+20 Toucher sorts","+20 Toucher sorts","+20 Toucher sorts","+20 Toucher sorts","+20 Toucher sorts","+20 Toucher sorts","+20 Toucher sorts","+20 Toucher sorts","+20 Toucher sorts","+20 Toucher sorts","+20 Toucher sorts","+20 Toucher sorts",0xFF01FE,0,0,0,0,0,0,0,
63800,0,5,0,0,2,0,0,2,0,0,28,0,0,"+2 Hate melee","+2 Hate melee","+2 Hate melee","+2 Hate melee","+2 Hate melee","+2 Hate melee","+2 Hate melee","+2 Hate melee","+2 Hate melee","+2 Hate melee","+2 Hate melee","+2 Hate melee","+2 Hate melee","+2 Hate melee","+2 Hate melee","+2 Hate melee",0xFF01FE,0,0,0,0,0,0,0,
63801,0,5,0,0,3,0,0,3,0,0,28,0,0,"+3 Hate melee","+3 Hate melee","+3 Hate melee","+3 Hate melee","+3 Hate melee","+3 Hate melee","+3 Hate melee","+3 Hate melee","+3 Hate melee","+3 Hate melee","+3 Hate melee","+3 Hate melee","+3 Hate melee","+3 Hate melee","+3 Hate melee","+3 Hate melee",0xFF01FE,0,0,0,0,0,0,0,
63802,0,5,0,0,4,0,0,4,0,0,28,0,0,"+4 Hate melee","+4 Hate melee","+4 Hate melee","+4 Hate melee","+4 Hate melee","+4 Hate melee","+4 Hate melee","+4 Hate melee","+4 Hate melee","+4 Hate melee","+4 Hate melee","+4 Hate melee","+4 Hate melee","+4 Hate melee","+4 Hate melee","+4 Hate melee",0xFF01FE,0,0,0,0,0,0,0,
63803,0,5,0,0,5,0,0,5,0,0,28,0,0,"+5 Hate melee","+5 Hate melee","+5 Hate melee","+5 Hate melee","+5 Hate melee","+5 Hate melee","+5 Hate melee","+5 Hate melee","+5 Hate melee","+5 Hate melee","+5 Hate melee","+5 Hate melee","+5 Hate melee","+5 Hate melee","+5 Hate melee","+5 Hate melee",0xFF01FE,0,0,0,0,0,0,0,
63804,0,5,0,0,6,0,0,6,0,0,28,0,0,"+6 Hate melee","+6 Hate melee","+6 Hate melee","+6 Hate melee","+6 Hate melee","+6 Hate melee","+6 Hate melee","+6 Hate melee","+6 Hate melee","+6 Hate melee","+6 Hate melee","+6 Hate melee","+6 Hate melee","+6 Hate melee","+6 Hate melee","+6 Hate melee",0xFF01FE,0,0,0,0,0,0,0,
63805,0,5,0,0,7,0,0,7,0,0,28,0,0,"+7 Hate melee","+7 Hate melee","+7 Hate melee","+7 Hate melee","+7 Hate melee","+7 Hate melee","+7 Hate melee","+7 Hate melee","+7 Hate melee","+7 Hate melee","+7 Hate melee","+7 Hate melee","+7 Hate melee","+7 Hate melee","+7 Hate melee","+7 Hate melee",0xFF01FE,0,0,0,0,0,0,0,
63806,0,5,0,0,8,0,0,8,0,0,28,0,0,"+8 Hate melee","+8 Hate melee","+8 Hate melee","+8 Hate melee","+8 Hate melee","+8 Hate melee","+8 Hate melee","+8 Hate melee","+8 Hate melee","+8 Hate melee","+8 Hate melee","+8 Hate melee","+8 Hate melee","+8 Hate melee","+8 Hate melee","+8 Hate melee",0xFF01FE,0,0,0,0,0,0,0,
63807,0,5,0,0,9,0,0,9,0,0,28,0,0,"+9 Hate melee","+9 Hate melee","+9 Hate melee","+9 Hate melee","+9 Hate melee","+9 Hate melee","+9 Hate melee","+9 Hate melee","+9 Hate melee","+9 Hate melee","+9 Hate melee","+9 Hate melee","+9 Hate melee","+9 Hate melee","+9 Hate melee","+9 Hate melee",0xFF01FE,0,0,0,0,0,0,0,
63808,0,5,0,0,10,0,0,10,0,0,28,0,0,"+10 Hate melee","+10 Hate melee","+10 Hate melee","+10 Hate melee","+10 Hate melee","+10 Hate melee","+10 Hate melee","+10 Hate melee","+10 Hate melee","+10 Hate melee","+10 Hate melee","+10 Hate melee","+10 Hate melee","+10 Hate melee","+10 Hate melee","+10 Hate melee",0xFF01FE,0,0,0,0,0,0,0,
63809,0,5,0,0,11,0,0,11,0,0,28,0,0,"+11 Hate melee","+11 Hate melee","+11 Hate melee","+11 Hate melee","+11 Hate melee","+11 Hate melee","+11 Hate melee","+11 Hate melee","+11 Hate melee","+11 Hate melee","+11 Hate melee","+11 Hate melee","+11 Hate melee","+11 Hate melee","+11 Hate melee","+11 Hate melee",0xFF01FE,0,0,0,0,0,0,0,
63810,0,5,0,0,12,0,0,12,0,0,28,0,0,"+12 Hate melee","+12 Hate melee","+12 Hate melee","+12 Hate melee","+12 Hate melee","+12 Hate melee","+12 Hate melee","+12 Hate melee","+12 Hate melee","+12 Hate melee","+12 Hate melee","+12 Hate melee","+12 Hate melee","+12 Hate melee","+12 Hate melee","+12 Hate melee",0xFF01FE,0,0,0,0,0,0,0,
63811,0,5,0,0,13,0,0,13,0,0,28,0,0,"+13 Hate melee","+13 Hate melee","+13 Hate melee","+13 Hate melee","+13 Hate melee","+13 Hate melee","+13 Hate melee","+13 Hate melee","+13 Hate melee","+13 Hate melee","+13 Hate melee","+13 Hate melee","+13 Hate melee","+13 Hate melee","+13 Hate melee","+13 Hate melee",0xFF01FE,0,0,0,0,0,0,0,
63812,0,5,0,0,14,0,0,14,0,0,28,0,0,"+14 Hate melee","+14 Hate melee","+14 Hate melee","+14 Hate melee","+14 Hate melee","+14 Hate melee","+14 Hate melee","+14 Hate melee","+14 Hate melee","+14 Hate melee","+14 Hate melee","+14 Hate melee","+14 Hate melee","+14 Hate melee","+14 Hate melee","+14 Hate melee",0xFF01FE,0,0,0,0,0,0,0,
63813,0,5,0,0,15,0,0,15,0,0,28,0,0,"+15 Hate melee","+15 Hate melee","+15 Hate melee","+15 Hate melee","+15 Hate melee","+15 Hate melee","+15 Hate melee","+15 Hate melee","+15 Hate melee","+15 Hate melee","+15 Hate melee","+15 Hate melee","+15 Hate melee","+15 Hate melee","+15 Hate melee","+15 Hate melee",0xFF01FE,0,0,0,0,0,0,0,
63814,0,5,0,0,16,0,0,16,0,0,28,0,0,"+16 Hate melee","+16 Hate melee","+16 Hate melee","+16 Hate melee","+16 Hate melee","+16 Hate melee","+16 Hate melee","+16 Hate melee","+16 Hate melee","+16 Hate melee","+16 Hate melee","+16 Hate melee","+16 Hate melee","+16 Hate melee","+16 Hate melee","+16 Hate melee",0xFF01FE,0,0,0,0,0,0,0,
63815,0,5,0,0,17,0,0,17,0,0,28,0,0,"+17 Hate melee","+17 Hate melee","+17 Hate melee","+17 Hate melee","+17 Hate melee","+17 Hate melee","+17 Hate melee","+17 Hate melee","+17 Hate melee","+17 Hate melee","+17 Hate melee","+17 Hate melee","+17 Hate melee","+17 Hate melee","+17 Hate melee","+17 Hate melee",0xFF01FE,0,0,0,0,0,0,0,
63816,0,5,0,0,18,0,0,18,0,0,28,0,0,"+18 Hate melee","+18 Hate melee","+18 Hate melee","+18 Hate melee","+18 Hate melee","+18 Hate melee","+18 Hate melee","+18 Hate melee","+18 Hate melee","+18 Hate melee","+18 Hate melee","+18 Hate melee","+18 Hate melee","+18 Hate melee","+18 Hate melee","+18 Hate melee",0xFF01FE,0,0,0,0,0,0,0,
63817,0,5,0,0,19,0,0,19,0,0,28,0,0,"+19 Hate melee","+19 Hate melee","+19 Hate melee","+19 Hate melee","+19 Hate melee","+19 Hate melee","+19 Hate melee","+19 Hate melee","+19 Hate melee","+19 Hate melee","+19 Hate melee","+19 Hate melee","+19 Hate melee","+19 Hate melee","+19 Hate melee","+19 Hate melee",0xFF01FE,0,0,0,0,0,0,0,
63818,0,5,0,0,20,0,0,20,0,0,28,0,0,"+20 Hate melee","+20 Hate melee","+20 Hate melee","+20 Hate melee","+20 Hate melee","+20 Hate melee","+20 Hate melee","+20 Hate melee","+20 Hate melee","+20 Hate melee","+20 Hate melee","+20 Hate melee","+20 Hate melee","+20 Hate melee","+20 Hate melee","+20 Hate melee",0xFF01FE,0,0,0,0,0,0,0,
63900,0,5,0,0,2,0,0,2,0,0,29,0,0,"+2 Hate distance","+2 Hate distance","+2 Hate distance","+2 Hate distance","+2 Hate distance","+2 Hate distance","+2 Hate distance","+2 Hate distance","+2 Hate distance","+2 Hate distance","+2 Hate distance","+2 Hate distance","+2 Hate distance","+2 Hate distance","+2 Hate distance","+2 Hate distance",0xFF01FE,0,0,0,0,0,0,0,
63901,0,5,0,0,3,0,0,3,0,0,29,0,0,"+3 Hate distance","+3 Hate distance","+3 Hate distance","+3 Hate distance","+3 Hate distance","+3 Hate distance","+3 Hate distance","+3 Hate distance","+3 Hate distance","+3 Hate distance","+3 Hate distance","+3 Hate distance","+3 Hate distance","+3 Hate distance","+3 Hate distance","+3 Hate distance",0xFF01FE,0,0,0,0,0,0,0,
63902,0,5,0,0,4,0,0,4,0,0,29,0,0,"+4 Hate distance","+4 Hate distance","+4 Hate distance","+4 Hate distance","+4 Hate distance","+4 Hate distance","+4 Hate distance","+4 Hate distance","+4 Hate distance","+4 Hate distance","+4 Hate distance","+4 Hate distance","+4 Hate distance","+4 Hate distance","+4 Hate distance","+4 Hate distance",0xFF01FE,0,0,0,0,0,0,0,
63903,0,5,0,0,5,0,0,5,0,0,29,0,0,"+5 Hate distance","+5 Hate distance","+5 Hate distance","+5 Hate distance","+5 Hate distance","+5 Hate distance","+5 Hate distance","+5 Hate distance","+5 Hate distance","+5 Hate distance","+5 Hate distance","+5 Hate distance","+5 Hate distance","+5 Hate distance","+5 Hate distance","+5 Hate distance",0xFF01FE,0,0,0,0,0,0,0,
63904,0,5,0,0,6,0,0,6,0,0,29,0,0,"+6 Hate distance","+6 Hate distance","+6 Hate distance","+6 Hate distance","+6 Hate distance","+6 Hate distance","+6 Hate distance","+6 Hate distance","+6 Hate distance","+6 Hate distance","+6 Hate distance","+6 Hate distance","+6 Hate distance","+6 Hate distance","+6 Hate distance","+6 Hate distance",0xFF01FE,0,0,0,0,0,0,0,
63905,0,5,0,0,7,0,0,7,0,0,29,0,0,"+7 Hate distance","+7 Hate distance","+7 Hate distance","+7 Hate distance","+7 Hate distance","+7 Hate distance","+7 Hate distance","+7 Hate distance","+7 Hate distance","+7 Hate distance","+7 Hate distance","+7 Hate distance","+7 Hate distance","+7 Hate distance","+7 Hate distance","+7 Hate distance",0xFF01FE,0,0,0,0,0,0,0,
63906,0,5,0,0,8,0,0,8,0,0,29,0,0,"+8 Hate distance","+8 Hate distance","+8 Hate distance","+8 Hate distance","+8 Hate distance","+8 Hate distance","+8 Hate distance","+8 Hate distance","+8 Hate distance","+8 Hate distance","+8 Hate distance","+8 Hate distance","+8 Hate distance","+8 Hate distance","+8 Hate distance","+8 Hate distance",0xFF01FE,0,0,0,0,0,0,0,
63907,0,5,0,0,9,0,0,9,0,0,29,0,0,"+9 Hate distance","+9 Hate distance","+9 Hate distance","+9 Hate distance","+9 Hate distance","+9 Hate distance","+9 Hate distance","+9 Hate distance","+9 Hate distance","+9 Hate distance","+9 Hate distance","+9 Hate distance","+9 Hate distance","+9 Hate distance","+9 Hate distance","+9 Hate distance",0xFF01FE,0,0,0,0,0,0,0,
63908,0,5,0,0,10,0,0,10,0,0,29,0,0,"+10 Hate distance","+10 Hate distance","+10 Hate distance","+10 Hate distance","+10 Hate distance","+10 Hate distance","+10 Hate distance","+10 Hate distance","+10 Hate distance","+10 Hate distance","+10 Hate distance","+10 Hate distance","+10 Hate distance","+10 Hate distance","+10 Hate distance","+10 Hate distance",0xFF01FE,0,0,0,0,0,0,0,
63909,0,5,0,0,11,0,0,11,0,0,29,0,0,"+11 Hate distance","+11 Hate distance","+11 Hate distance","+11 Hate distance","+11 Hate distance","+11 Hate distance","+11 Hate distance","+11 Hate distance","+11 Hate distance","+11 Hate distance","+11 Hate distance","+11 Hate distance","+11 Hate distance","+11 Hate distance","+11 Hate distance","+11 Hate distance",0xFF01FE,0,0,0,0,0,0,0,
63910,0,5,0,0,12,0,0,12,0,0,29,0,0,"+12 Hate distance","+12 Hate distance","+12 Hate distance","+12 Hate distance","+12 Hate distance","+12 Hate distance","+12 Hate distance","+12 Hate distance","+12 Hate distance","+12 Hate distance","+12 Hate distance","+12 Hate distance","+12 Hate distance","+12 Hate distance","+12 Hate distance","+12 Hate distance",0xFF01FE,0,0,0,0,0,0,0,
63911,0,5,0,0,13,0,0,13,0,0,29,0,0,"+13 Hate distance","+13 Hate distance","+13 Hate distance","+13 Hate distance","+13 Hate distance","+13 Hate distance","+13 Hate distance","+13 Hate distance","+13 Hate distance","+13 Hate distance","+13 Hate distance","+13 Hate distance","+13 Hate distance","+13 Hate distance","+13 Hate distance","+13 Hate distance",0xFF01FE,0,0,0,0,0,0,0,
63912,0,5,0,0,14,0,0,14,0,0,29,0,0,"+14 Hate distance","+14 Hate distance","+14 Hate distance","+14 Hate distance","+14 Hate distance","+14 Hate distance","+14 Hate distance","+14 Hate distance","+14 Hate distance","+14 Hate distance","+14 Hate distance","+14 Hate distance","+14 Hate distance","+14 Hate distance","+14 Hate distance","+14 Hate distance",0xFF01FE,0,0,0,0,0,0,0,
63913,0,5,0,0,15,0,0,15,0,0,29,0,0,"+15 Hate distance","+15 Hate distance","+15 Hate distance","+15 Hate distance","+15 Hate distance","+15 Hate distance","+15 Hate distance","+15 Hate distance","+15 Hate distance","+15 Hate distance","+15 Hate distance","+15 Hate distance","+15 Hate distance","+15 Hate distance","+15 Hate distance","+15 Hate distance",0xFF01FE,0,0,0,0,0,0,0,
63914,0,5,0,0,16,0,0,16,0,0,29,0,0,"+16 Hate distance","+16 Hate distance","+16 Hate distance","+16 Hate distance","+16 Hate distance","+16 Hate distance","+16 Hate distance","+16 Hate distance","+16 Hate distance","+16 Hate distance","+16 Hate distance","+16 Hate distance","+16 Hate distance","+16 Hate distance","+16 Hate distance","+16 Hate distance",0xFF01FE,0,0,0,0,0,0,0,
63915,0,5,0,0,17,0,0,17,0,0,29,0,0,"+17 Hate distance","+17 Hate distance","+17 Hate distance","+17 Hate distance","+17 Hate distance","+17 Hate distance","+17 Hate distance","+17 Hate distance","+17 Hate distance","+17 Hate distance","+17 Hate distance","+17 Hate distance","+17 Hate distance","+17 Hate distance","+17 Hate distance","+17 Hate distance",0xFF01FE,0,0,0,0,0,0,0,
63916,0,5,0,0,18,0,0,18,0,0,29,0,0,"+18 Hate distance","+18 Hate distance","+18 Hate distance","+18 Hate distance","+18 Hate distance","+18 Hate distance","+18 Hate distance","+18 Hate distance","+18 Hate distance","+18 Hate distance","+18 Hate distance","+18 Hate distance","+18 Hate distance","+18 Hate distance","+18 Hate distance","+18 Hate distance",0xFF01FE,0,0,0,0,0,0,0,
63917,0,5,0,0,19,0,0,19,0,0,29,0,0,"+19 Hate distance","+19 Hate distance","+19 Hate distance","+19 Hate distance","+19 Hate distance","+19 Hate distance","+19 Hate distance","+19 Hate distance","+19 Hate distance","+19 Hate distance","+19 Hate distance","+19 Hate distance","+19 Hate distance","+19 Hate distance","+19 Hate distance","+19 Hate distance",0xFF01FE,0,0,0,0,0,0,0,
63918,0,5,0,0,20,0,0,20,0,0,29,0,0,"+20 Hate distance","+20 Hate distance","+20 Hate distance","+20 Hate distance","+20 Hate distance","+20 Hate distance","+20 Hate distance","+20 Hate distance","+20 Hate distance","+20 Hate distance","+20 Hate distance","+20 Hate distance","+20 Hate distance","+20 Hate distance","+20 Hate distance","+20 Hate distance",0xFF01FE,0,0,0,0,0,0,0,
64000,0,5,0,0,2,0,0,2,0,0,30,0,0,"+2 Hate sorts","+2 Hate sorts","+2 Hate sorts","+2 Hate sorts","+2 Hate sorts","+2 Hate sorts","+2 Hate sorts","+2 Hate sorts","+2 Hate sorts","+2 Hate sorts","+2 Hate sorts","+2 Hate sorts","+2 Hate sorts","+2 Hate sorts","+2 Hate sorts","+2 Hate sorts",0xFF01FE,0,0,0,0,0,0,0,
64001,0,5,0,0,3,0,0,3,0,0,30,0,0,"+3 Hate sorts","+3 Hate sorts","+3 Hate sorts","+3 Hate sorts","+3 Hate sorts","+3 Hate sorts","+3 Hate sorts","+3 Hate sorts","+3 Hate sorts","+3 Hate sorts","+3 Hate sorts","+3 Hate sorts","+3 Hate sorts","+3 Hate sorts","+3 Hate sorts","+3 Hate sorts",0xFF01FE,0,0,0,0,0,0,0,
64002,0,5,0,0,4,0,0,4,0,0,30,0,0,"+4 Hate sorts","+4 Hate sorts","+4 Hate sorts","+4 Hate sorts","+4 Hate sorts","+4 Hate sorts","+4 Hate sorts","+4 Hate sorts","+4 Hate sorts","+4 Hate sorts","+4 Hate sorts","+4 Hate sorts","+4 Hate sorts","+4 Hate sorts","+4 Hate sorts","+4 Hate sorts",0xFF01FE,0,0,0,0,0,0,0,
64003,0,5,0,0,5,0,0,5,0,0,30,0,0,"+5 Hate sorts","+5 Hate sorts","+5 Hate sorts","+5 Hate sorts","+5 Hate sorts","+5 Hate sorts","+5 Hate sorts","+5 Hate sorts","+5 Hate sorts","+5 Hate sorts","+5 Hate sorts","+5 Hate sorts","+5 Hate sorts","+5 Hate sorts","+5 Hate sorts","+5 Hate sorts",0xFF01FE,0,0,0,0,0,0,0,
64004,0,5,0,0,6,0,0,6,0,0,30,0,0,"+6 Hate sorts","+6 Hate sorts","+6 Hate sorts","+6 Hate sorts","+6 Hate sorts","+6 Hate sorts","+6 Hate sorts","+6 Hate sorts","+6 Hate sorts","+6 Hate sorts","+6 Hate sorts","+6 Hate sorts","+6 Hate sorts","+6 Hate sorts","+6 Hate sorts","+6 Hate sorts",0xFF01FE,0,0,0,0,0,0,0,
64005,0,5,0,0,7,0,0,7,0,0,30,0,0,"+7 Hate sorts","+7 Hate sorts","+7 Hate sorts","+7 Hate sorts","+7 Hate sorts","+7 Hate sorts","+7 Hate sorts","+7 Hate sorts","+7 Hate sorts","+7 Hate sorts","+7 Hate sorts","+7 Hate sorts","+7 Hate sorts","+7 Hate sorts","+7 Hate sorts","+7 Hate sorts",0xFF01FE,0,0,0,0,0,0,0,
64006,0,5,0,0,8,0,0,8,0,0,30,0,0,"+8 Hate sorts","+8 Hate sorts","+8 Hate sorts","+8 Hate sorts","+8 Hate sorts","+8 Hate sorts","+8 Hate sorts","+8 Hate sorts","+8 Hate sorts","+8 Hate sorts","+8 Hate sorts","+8 Hate sorts","+8 Hate sorts","+8 Hate sorts","+8 Hate sorts","+8 Hate sorts",0xFF01FE,0,0,0,0,0,0,0,
64007,0,5,0,0,9,0,0,9,0,0,30,0,0,"+9 Hate sorts","+9 Hate sorts","+9 Hate sorts","+9 Hate sorts","+9 Hate sorts","+9 Hate sorts","+9 Hate sorts","+9 Hate sorts","+9 Hate sorts","+9 Hate sorts","+9 Hate sorts","+9 Hate sorts","+9 Hate sorts","+9 Hate sorts","+9 Hate sorts","+9 Hate sorts",0xFF01FE,0,0,0,0,0,0,0,
64008,0,5,0,0,10,0,0,10,0,0,30,0,0,"+10 Hate sorts","+10 Hate sorts","+10 Hate sorts","+10 Hate sorts","+10 Hate sorts","+10 Hate sorts","+10 Hate sorts","+10 Hate sorts","+10 Hate sorts","+10 Hate sorts","+10 Hate sorts","+10 Hate sorts","+10 Hate sorts","+10 Hate sorts","+10 Hate sorts","+10 Hate sorts",0xFF01FE,0,0,0,0,0,0,0,
64009,0,5,0,0,11,0,0,11,0,0,30,0,0,"+11 Hate sorts","+11 Hate sorts","+11 Hate sorts","+11 Hate sorts","+11 Hate sorts","+11 Hate sorts","+11 Hate sorts","+11 Hate sorts","+11 Hate sorts","+11 Hate sorts","+11 Hate sorts","+11 Hate sorts","+11 Hate sorts","+11 Hate sorts","+11 Hate sorts","+11 Hate sorts",0xFF01FE,0,0,0,0,0,0,0,
64010,0,5,0,0,12,0,0,12,0,0,30,0,0,"+12 Hate sorts","+12 Hate sorts","+12 Hate sorts","+12 Hate sorts","+12 Hate sorts","+12 Hate sorts","+12 Hate sorts","+12 Hate sorts","+12 Hate sorts","+12 Hate sorts","+12 Hate sorts","+12 Hate sorts","+12 Hate sorts","+12 Hate sorts","+12 Hate sorts","+12 Hate sorts",0xFF01FE,0,0,0,0,0,0,0,
64011,0,5,0,0,13,0,0,13,0,0,30,0,0,"+13 Hate sorts","+13 Hate sorts","+13 Hate sorts","+13 Hate sorts","+13 Hate sorts","+13 Hate sorts","+13 Hate sorts","+13 Hate sorts","+13 Hate sorts","+13 Hate sorts","+13 Hate sorts","+13 Hate sorts","+13 Hate sorts","+13 Hate sorts","+13 Hate sorts","+13 Hate sorts",0xFF01FE,0,0,0,0,0,0,0,
64012,0,5,0,0,14,0,0,14,0,0,30,0,0,"+14 Hate sorts","+14 Hate sorts","+14 Hate sorts","+14 Hate sorts","+14 Hate sorts","+14 Hate sorts","+14 Hate sorts","+14 Hate sorts","+14 Hate sorts","+14 Hate sorts","+14 Hate sorts","+14 Hate sorts","+14 Hate sorts","+14 Hate sorts","+14 Hate sorts","+14 Hate sorts",0xFF01FE,0,0,0,0,0,0,0,
64013,0,5,0,0,15,0,0,15,0,0,30,0,0,"+15 Hate sorts","+15 Hate sorts","+15 Hate sorts","+15 Hate sorts","+15 Hate sorts","+15 Hate sorts","+15 Hate sorts","+15 Hate sorts","+15 Hate sorts","+15 Hate sorts","+15 Hate sorts","+15 Hate sorts","+15 Hate sorts","+15 Hate sorts","+15 Hate sorts","+15 Hate sorts",0xFF01FE,0,0,0,0,0,0,0,
64014,0,5,0,0,16,0,0,16,0,0,30,0,0,"+16 Hate sorts","+16 Hate sorts","+16 Hate sorts","+16 Hate sorts","+16 Hate sorts","+16 Hate sorts","+16 Hate sorts","+16 Hate sorts","+16 Hate sorts","+16 Hate sorts","+16 Hate sorts","+16 Hate sorts","+16 Hate sorts","+16 Hate sorts","+16 Hate sorts","+16 Hate sorts",0xFF01FE,0,0,0,0,0,0,0,
64015,0,5,0,0,17,0,0,17,0,0,30,0,0,"+17 Hate sorts","+17 Hate sorts","+17 Hate sorts","+17 Hate sorts","+17 Hate sorts","+17 Hate sorts","+17 Hate sorts","+17 Hate sorts","+17 Hate sorts","+17 Hate sorts","+17 Hate sorts","+17 Hate sorts","+17 Hate sorts","+17 Hate sorts","+17 Hate sorts","+17 Hate sorts",0xFF01FE,0,0,0,0,0,0,0,
64016,0,5,0,0,18,0,0,18,0,0,30,0,0,"+18 Hate sorts","+18 Hate sorts","+18 Hate sorts","+18 Hate sorts","+18 Hate sorts","+18 Hate sorts","+18 Hate sorts","+18 Hate sorts","+18 Hate sorts","+18 Hate sorts","+18 Hate sorts","+18 Hate sorts","+18 Hate sorts","+18 Hate sorts","+18 Hate sorts","+18 Hate sorts",0xFF01FE,0,0,0,0,0,0,0,
64017,0,5,0,0,19,0,0,19,0,0,30,0,0,"+19 Hate sorts","+19 Hate sorts","+19 Hate sorts","+19 Hate sorts","+19 Hate sorts","+19 Hate sorts","+19 Hate sorts","+19 Hate sorts","+19 Hate sorts","+19 Hate sorts","+19 Hate sorts","+19 Hate sorts","+19 Hate sorts","+19 Hate sorts","+19 Hate sorts","+19 Hate sorts",0xFF01FE,0,0,0,0,0,0,0,
64018,0,5,0,0,20,0,0,20,0,0,30,0,0,"+20 Hate sorts","+20 Hate sorts","+20 Hate sorts","+20 Hate sorts","+20 Hate sorts","+20 Hate sorts","+20 Hate sorts","+20 Hate sorts","+20 Hate sorts","+20 Hate sorts","+20 Hate sorts","+20 Hate sorts","+20 Hate sorts","+20 Hate sorts","+20 Hate sorts","+20 Hate sorts",0xFF01FE,0,0,0,0,0,0,0,
64400,0,5,0,0,2,0,0,2,0,0,13,0,0,"+2 Esquive","+2 Esquive","+2 Esquive","+2 Esquive","+2 Esquive","+2 Esquive","+2 Esquive","+2 Esquive","+2 Esquive","+2 Esquive","+2 Esquive","+2 Esquive","+2 Esquive","+2 Esquive","+2 Esquive","+2 Esquive",0xFF01FE,0,0,0,0,0,0,0,
64401,0,5,0,0,3,0,0,3,0,0,13,0,0,"+3 Esquive","+3 Esquive","+3 Esquive","+3 Esquive","+3 Esquive","+3 Esquive","+3 Esquive","+3 Esquive","+3 Esquive","+3 Esquive","+3 Esquive","+3 Esquive","+3 Esquive","+3 Esquive","+3 Esquive","+3 Esquive",0xFF01FE,0,0,0,0,0,0,0,
64402,0,5,0,0,4,0,0,4,0,0,13,0,0,"+4 Esquive","+4 Esquive","+4 Esquive","+4 Esquive","+4 Esquive","+4 Esquive","+4 Esquive","+4 Esquive","+4 Esquive","+4 Esquive","+4 Esquive","+4 Esquive","+4 Esquive","+4 Esquive","+4 Esquive","+4 Esquive",0xFF01FE,0,0,0,0,0,0,0,
64403,0,5,0,0,5,0,0,5,0,0,13,0,0,"+5 Esquive","+5 Esquive","+5 Esquive","+5 Esquive","+5 Esquive","+5 Esquive","+5 Esquive","+5 Esquive","+5 Esquive","+5 Esquive","+5 Esquive","+5 Esquive","+5 Esquive","+5 Esquive","+5 Esquive","+5 Esquive",0xFF01FE,0,0,0,0,0,0,0,
64404,0,5,0,0,6,0,0,6,0,0,13,0,0,"+6 Esquive","+6 Esquive","+6 Esquive","+6 Esquive","+6 Esquive","+6 Esquive","+6 Esquive","+6 Esquive","+6 Esquive","+6 Esquive","+6 Esquive","+6 Esquive","+6 Esquive","+6 Esquive","+6 Esquive","+6 Esquive",0xFF01FE,0,0,0,0,0,0,0,
64405,0,5,0,0,7,0,0,7,0,0,13,0,0,"+7 Esquive","+7 Esquive","+7 Esquive","+7 Esquive","+7 Esquive","+7 Esquive","+7 Esquive","+7 Esquive","+7 Esquive","+7 Esquive","+7 Esquive","+7 Esquive","+7 Esquive","+7 Esquive","+7 Esquive","+7 Esquive",0xFF01FE,0,0,0,0,0,0,0,
64406,0,5,0,0,8,0,0,8,0,0,13,0,0,"+8 Esquive","+8 Esquive","+8 Esquive","+8 Esquive","+8 Esquive","+8 Esquive","+8 Esquive","+8 Esquive","+8 Esquive","+8 Esquive","+8 Esquive","+8 Esquive","+8 Esquive","+8 Esquive","+8 Esquive","+8 Esquive",0xFF01FE,0,0,0,0,0,0,0,
64407,0,5,0,0,9,0,0,9,0,0,13,0,0,"+9 Esquive","+9 Esquive","+9 Esquive","+9 Esquive","+9 Esquive","+9 Esquive","+9 Esquive","+9 Esquive","+9 Esquive","+9 Esquive","+9 Esquive","+9 Esquive","+9 Esquive","+9 Esquive","+9 Esquive","+9 Esquive",0xFF01FE,0,0,0,0,0,0,0,
64408,0,5,0,0,10,0,0,10,0,0,13,0,0,"+10 Esquive","+10 Esquive","+10 Esquive","+10 Esquive","+10 Esquive","+10 Esquive","+10 Esquive","+10 Esquive","+10 Esquive","+10 Esquive","+10 Esquive","+10 Esquive","+10 Esquive","+10 Esquive","+10 Esquive","+10 Esquive",0xFF01FE,0,0,0,0,0,0,0,
64409,0,5,0,0,11,0,0,11,0,0,13,0,0,"+11 Esquive","+11 Esquive","+11 Esquive","+11 Esquive","+11 Esquive","+11 Esquive","+11 Esquive","+11 Esquive","+11 Esquive","+11 Esquive","+11 Esquive","+11 Esquive","+11 Esquive","+11 Esquive","+11 Esquive","+11 Esquive",0xFF01FE,0,0,0,0,0,0,0,
64410,0,5,0,0,12,0,0,12,0,0,13,0,0,"+12 Esquive","+12 Esquive","+12 Esquive","+12 Esquive","+12 Esquive","+12 Esquive","+12 Esquive","+12 Esquive","+12 Esquive","+12 Esquive","+12 Esquive","+12 Esquive","+12 Esquive","+12 Esquive","+12 Esquive","+12 Esquive",0xFF01FE,0,0,0,0,0,0,0,
64411,0,5,0,0,13,0,0,13,0,0,13,0,0,"+13 Esquive","+13 Esquive","+13 Esquive","+13 Esquive","+13 Esquive","+13 Esquive","+13 Esquive","+13 Esquive","+13 Esquive","+13 Esquive","+13 Esquive","+13 Esquive","+13 Esquive","+13 Esquive","+13 Esquive","+13 Esquive",0xFF01FE,0,0,0,0,0,0,0,
64412,0,5,0,0,14,0,0,14,0,0,13,0,0,"+14 Esquive","+14 Esquive","+14 Esquive","+14 Esquive","+14 Esquive","+14 Esquive","+14 Esquive","+14 Esquive","+14 Esquive","+14 Esquive","+14 Esquive","+14 Esquive","+14 Esquive","+14 Esquive","+14 Esquive","+14 Esquive",0xFF01FE,0,0,0,0,0,0,0,
64413,0,5,0,0,15,0,0,15,0,0,13,0,0,"+15 Esquive","+15 Esquive","+15 Esquive","+15 Esquive","+15 Esquive","+15 Esquive","+15 Esquive","+15 Esquive","+15 Esquive","+15 Esquive","+15 Esquive","+15 Esquive","+15 Esquive","+15 Esquive","+15 Esquive","+15 Esquive",0xFF01FE,0,0,0,0,0,0,0,
64414,0,5,0,0,16,0,0,16,0,0,13,0,0,"+16 Esquive","+16 Esquive","+16 Esquive","+16 Esquive","+16 Esquive","+16 Esquive","+16 Esquive","+16 Esquive","+16 Esquive","+16 Esquive","+16 Esquive","+16 Esquive","+16 Esquive","+16 Esquive","+16 Esquive","+16 Esquive",0xFF01FE,0,0,0,0,0,0,0,
64415,0,5,0,0,17,0,0,17,0,0,13,0,0,"+17 Esquive","+17 Esquive","+17 Esquive","+17 Esquive","+17 Esquive","+17 Esquive","+17 Esquive","+17 Esquive","+17 Esquive","+17 Esquive","+17 Esquive","+17 Esquive","+17 Esquive","+17 Esquive","+17 Esquive","+17 Esquive",0xFF01FE,0,0,0,0,0,0,0,
64416,0,5,0,0,18,0,0,18,0,0,13,0,0,"+18 Esquive","+18 Esquive","+18 Esquive","+18 Esquive","+18 Esquive","+18 Esquive","+18 Esquive","+18 Esquive","+18 Esquive","+18 Esquive","+18 Esquive","+18 Esquive","+18 Esquive","+18 Esquive","+18 Esquive","+18 Esquive",0xFF01FE,0,0,0,0,0,0,0,
64417,0,5,0,0,19,0,0,19,0,0,13,0,0,"+19 Esquive","+19 Esquive","+19 Esquive","+19 Esquive","+19 Esquive","+19 Esquive","+19 Esquive","+19 Esquive","+19 Esquive","+19 Esquive","+19 Esquive","+19 Esquive","+19 Esquive","+19 Esquive","+19 Esquive","+19 Esquive",0xFF01FE,0,0,0,0,0,0,0,
64418,0,5,0,0,20,0,0,20,0,0,13,0,0,"+20 Esquive","+20 Esquive","+20 Esquive","+20 Esquive","+20 Esquive","+20 Esquive","+20 Esquive","+20 Esquive","+20 Esquive","+20 Esquive","+20 Esquive","+20 Esquive","+20 Esquive","+20 Esquive","+20 Esquive","+20 Esquive",0xFF01FE,0,0,0,0,0,0,0,
64500,0,5,0,0,2,0,0,2,0,0,14,0,0,"+2 Parade","+2 Parade","+2 Parade","+2 Parade","+2 Parade","+2 Parade","+2 Parade","+2 Parade","+2 Parade","+2 Parade","+2 Parade","+2 Parade","+2 Parade","+2 Parade","+2 Parade","+2 Parade",0xFF01FE,0,0,0,0,0,0,0,
64501,0,5,0,0,3,0,0,3,0,0,14,0,0,"+3 Parade","+3 Parade","+3 Parade","+3 Parade","+3 Parade","+3 Parade","+3 Parade","+3 Parade","+3 Parade","+3 Parade","+3 Parade","+3 Parade","+3 Parade","+3 Parade","+3 Parade","+3 Parade",0xFF01FE,0,0,0,0,0,0,0,
64502,0,5,0,0,4,0,0,4,0,0,14,0,0,"+4 Parade","+4 Parade","+4 Parade","+4 Parade","+4 Parade","+4 Parade","+4 Parade","+4 Parade","+4 Parade","+4 Parade","+4 Parade","+4 Parade","+4 Parade","+4 Parade","+4 Parade","+4 Parade",0xFF01FE,0,0,0,0,0,0,0,
64503,0,5,0,0,5,0,0,5,0,0,14,0,0,"+5 Parade","+5 Parade","+5 Parade","+5 Parade","+5 Parade","+5 Parade","+5 Parade","+5 Parade","+5 Parade","+5 Parade","+5 Parade","+5 Parade","+5 Parade","+5 Parade","+5 Parade","+5 Parade",0xFF01FE,0,0,0,0,0,0,0,
64504,0,5,0,0,6,0,0,6,0,0,14,0,0,"+6 Parade","+6 Parade","+6 Parade","+6 Parade","+6 Parade","+6 Parade","+6 Parade","+6 Parade","+6 Parade","+6 Parade","+6 Parade","+6 Parade","+6 Parade","+6 Parade","+6 Parade","+6 Parade",0xFF01FE,0,0,0,0,0,0,0,
64505,0,5,0,0,7,0,0,7,0,0,14,0,0,"+7 Parade","+7 Parade","+7 Parade","+7 Parade","+7 Parade","+7 Parade","+7 Parade","+7 Parade","+7 Parade","+7 Parade","+7 Parade","+7 Parade","+7 Parade","+7 Parade","+7 Parade","+7 Parade",0xFF01FE,0,0,0,0,0,0,0,
64506,0,5,0,0,8,0,0,8,0,0,14,0,0,"+8 Parade","+8 Parade","+8 Parade","+8 Parade","+8 Parade","+8 Parade","+8 Parade","+8 Parade","+8 Parade","+8 Parade","+8 Parade","+8 Parade","+8 Parade","+8 Parade","+8 Parade","+8 Parade",0xFF01FE,0,0,0,0,0,0,0,
64507,0,5,0,0,9,0,0,9,0,0,14,0,0,"+9 Parade","+9 Parade","+9 Parade","+9 Parade","+9 Parade","+9 Parade","+9 Parade","+9 Parade","+9 Parade","+9 Parade","+9 Parade","+9 Parade","+9 Parade","+9 Parade","+9 Parade","+9 Parade",0xFF01FE,0,0,0,0,0,0,0,
64508,0,5,0,0,10,0,0,10,0,0,14,0,0,"+10 Parade","+10 Parade","+10 Parade","+10 Parade","+10 Parade","+10 Parade","+10 Parade","+10 Parade","+10 Parade","+10 Parade","+10 Parade","+10 Parade","+10 Parade","+10 Parade","+10 Parade","+10 Parade",0xFF01FE,0,0,0,0,0,0,0,
64509,0,5,0,0,11,0,0,11,0,0,14,0,0,"+11 Parade","+11 Parade","+11 Parade","+11 Parade","+11 Parade","+11 Parade","+11 Parade","+11 Parade","+11 Parade","+11 Parade","+11 Parade","+11 Parade","+11 Parade","+11 Parade","+11 Parade","+11 Parade",0xFF01FE,0,0,0,0,0,0,0,
64510,0,5,0,0,12,0,0,12,0,0,14,0,0,"+12 Parade","+12 Parade","+12 Parade","+12 Parade","+12 Parade","+12 Parade","+12 Parade","+12 Parade","+12 Parade","+12 Parade","+12 Parade","+12 Parade","+12 Parade","+12 Parade","+12 Parade","+12 Parade",0xFF01FE,0,0,0,0,0,0,0,
64511,0,5,0,0,13,0,0,13,0,0,14,0,0,"+13 Parade","+13 Parade","+13 Parade","+13 Parade","+13 Parade","+13 Parade","+13 Parade","+13 Parade","+13 Parade","+13 Parade","+13 Parade","+13 Parade","+13 Parade","+13 Parade","+13 Parade","+13 Parade",0xFF01FE,0,0,0,0,0,0,0,
64512,0,5,0,0,14,0,0,14,0,0,14,0,0,"+14 Parade","+14 Parade","+14 Parade","+14 Parade","+14 Parade","+14 Parade","+14 Parade","+14 Parade","+14 Parade","+14 Parade","+14 Parade","+14 Parade","+14 Parade","+14 Parade","+14 Parade","+14 Parade",0xFF01FE,0,0,0,0,0,0,0,
64513,0,5,0,0,15,0,0,15,0,0,14,0,0,"+15 Parade","+15 Parade","+15 Parade","+15 Parade","+15 Parade","+15 Parade","+15 Parade","+15 Parade","+15 Parade","+15 Parade","+15 Parade","+15 Parade","+15 Parade","+15 Parade","+15 Parade","+15 Parade",0xFF01FE,0,0,0,0,0,0,0,
64514,0,5,0,0,16,0,0,16,0,0,14,0,0,"+16 Parade","+16 Parade","+16 Parade","+16 Parade","+16 Parade","+16 Parade","+16 Parade","+16 Parade","+16 Parade","+16 Parade","+16 Parade","+16 Parade","+16 Parade","+16 Parade","+16 Parade","+16 Parade",0xFF01FE,0,0,0,0,0,0,0,
64515,0,5,0,0,17,0,0,17,0,0,14,0,0,"+17 Parade","+17 Parade","+17 Parade","+17 Parade","+17 Parade","+17 Parade","+17 Parade","+17 Parade","+17 Parade","+17 Parade","+17 Parade","+17 Parade","+17 Parade","+17 Parade","+17 Parade","+17 Parade",0xFF01FE,0,0,0,0,0,0,0,
64516,0,5,0,0,18,0,0,18,0,0,14,0,0,"+18 Parade","+18 Parade","+18 Parade","+18 Parade","+18 Parade","+18 Parade","+18 Parade","+18 Parade","+18 Parade","+18 Parade","+18 Parade","+18 Parade","+18 Parade","+18 Parade","+18 Parade","+18 Parade",0xFF01FE,0,0,0,0,0,0,0,
64517,0,5,0,0,19,0,0,19,0,0,14,0,0,"+19 Parade","+19 Parade","+19 Parade","+19 Parade","+19 Parade","+19 Parade","+19 Parade","+19 Parade","+19 Parade","+19 Parade","+19 Parade","+19 Parade","+19 Parade","+19 Parade","+19 Parade","+19 Parade",0xFF01FE,0,0,0,0,0,0,0,
64518,0,5,0,0,20,0,0,20,0,0,14,0,0,"+20 Parade","+20 Parade","+20 Parade","+20 Parade","+20 Parade","+20 Parade","+20 Parade","+20 Parade","+20 Parade","+20 Parade","+20 Parade","+20 Parade","+20 Parade","+20 Parade","+20 Parade","+20 Parade",0xFF01FE,0,0,0,0,0,0,0,
64600,0,5,0,0,2,0,0,2,0,0,15,0,0,"+2 Blocage","+2 Blocage","+2 Blocage","+2 Blocage","+2 Blocage","+2 Blocage","+2 Blocage","+2 Blocage","+2 Blocage","+2 Blocage","+2 Blocage","+2 Blocage","+2 Blocage","+2 Blocage","+2 Blocage","+2 Blocage",0xFF01FE,0,0,0,0,0,0,0,
64601,0,5,0,0,3,0,0,3,0,0,15,0,0,"+3 Blocage","+3 Blocage","+3 Blocage","+3 Blocage","+3 Blocage","+3 Blocage","+3 Blocage","+3 Blocage","+3 Blocage","+3 Blocage","+3 Blocage","+3 Blocage","+3 Blocage","+3 Blocage","+3 Blocage","+3 Blocage",0xFF01FE,0,0,0,0,0,0,0,
64602,0,5,0,0,4,0,0,4,0,0,15,0,0,"+4 Blocage","+4 Blocage","+4 Blocage","+4 Blocage","+4 Blocage","+4 Blocage","+4 Blocage","+4 Blocage","+4 Blocage","+4 Blocage","+4 Blocage","+4 Blocage","+4 Blocage","+4 Blocage","+4 Blocage","+4 Blocage",0xFF01FE,0,0,0,0,0,0,0,
64603,0,5,0,0,5,0,0,5,0,0,15,0,0,"+5 Blocage","+5 Blocage","+5 Blocage","+5 Blocage","+5 Blocage","+5 Blocage","+5 Blocage","+5 Blocage","+5 Blocage","+5 Blocage","+5 Blocage","+5 Blocage","+5 Blocage","+5 Blocage","+5 Blocage","+5 Blocage",0xFF01FE,0,0,0,0,0,0,0,
64604,0,5,0,0,6,0,0,6,0,0,15,0,0,"+6 Blocage","+6 Blocage","+6 Blocage","+6 Blocage","+6 Blocage","+6 Blocage","+6 Blocage","+6 Blocage","+6 Blocage","+6 Blocage","+6 Blocage","+6 Blocage","+6 Blocage","+6 Blocage","+6 Blocage","+6 Blocage",0xFF01FE,0,0,0,0,0,0,0,
64605,0,5,0,0,7,0,0,7,0,0,15,0,0,"+7 Blocage","+7 Blocage","+7 Blocage","+7 Blocage","+7 Blocage","+7 Blocage","+7 Blocage","+7 Blocage","+7 Blocage","+7 Blocage","+7 Blocage","+7 Blocage","+7 Blocage","+7 Blocage","+7 Blocage","+7 Blocage",0xFF01FE,0,0,0,0,0,0,0,
64606,0,5,0,0,8,0,0,8,0,0,15,0,0,"+8 Blocage","+8 Blocage","+8 Blocage","+8 Blocage","+8 Blocage","+8 Blocage","+8 Blocage","+8 Blocage","+8 Blocage","+8 Blocage","+8 Blocage","+8 Blocage","+8 Blocage","+8 Blocage","+8 Blocage","+8 Blocage",0xFF01FE,0,0,0,0,0,0,0,
64607,0,5,0,0,9,0,0,9,0,0,15,0,0,"+9 Blocage","+9 Blocage","+9 Blocage","+9 Blocage","+9 Blocage","+9 Blocage","+9 Blocage","+9 Blocage","+9 Blocage","+9 Blocage","+9 Blocage","+9 Blocage","+9 Blocage","+9 Blocage","+9 Blocage","+9 Blocage",0xFF01FE,0,0,0,0,0,0,0,
64608,0,5,0,0,10,0,0,10,0,0,15,0,0,"+10 Blocage","+10 Blocage","+10 Blocage","+10 Blocage","+10 Blocage","+10 Blocage","+10 Blocage","+10 Blocage","+10 Blocage","+10 Blocage","+10 Blocage","+10 Blocage","+10 Blocage","+10 Blocage","+10 Blocage","+10 Blocage",0xFF01FE,0,0,0,0,0,0,0,
64609,0,5,0,0,11,0,0,11,0,0,15,0,0,"+11 Blocage","+11 Blocage","+11 Blocage","+11 Blocage","+11 Blocage","+11 Blocage","+11 Blocage","+11 Blocage","+11 Blocage","+11 Blocage","+11 Blocage","+11 Blocage","+11 Blocage","+11 Blocage","+11 Blocage","+11 Blocage",0xFF01FE,0,0,0,0,0,0,0,
64610,0,5,0,0,12,0,0,12,0,0,15,0,0,"+12 Blocage","+12 Blocage","+12 Blocage","+12 Blocage","+12 Blocage","+12 Blocage","+12 Blocage","+12 Blocage","+12 Blocage","+12 Blocage","+12 Blocage","+12 Blocage","+12 Blocage","+12 Blocage","+12 Blocage","+12 Blocage",0xFF01FE,0,0,0,0,0,0,0,
64611,0,5,0,0,13,0,0,13,0,0,15,0,0,"+13 Blocage","+13 Blocage","+13 Blocage","+13 Blocage","+13 Blocage","+13 Blocage","+13 Blocage","+13 Blocage","+13 Blocage","+13 Blocage","+13 Blocage","+13 Blocage","+13 Blocage","+13 Blocage","+13 Blocage","+13 Blocage",0xFF01FE,0,0,0,0,0,0,0,
64612,0,5,0,0,14,0,0,14,0,0,15,0,0,"+14 Blocage","+14 Blocage","+14 Blocage","+14 Blocage","+14 Blocage","+14 Blocage","+14 Blocage","+14 Blocage","+14 Blocage","+14 Blocage","+14 Blocage","+14 Blocage","+14 Blocage","+14 Blocage","+14 Blocage","+14 Blocage",0xFF01FE,0,0,0,0,0,0,0,
64613,0,5,0,0,15,0,0,15,0,0,15,0,0,"+15 Blocage","+15 Blocage","+15 Blocage","+15 Blocage","+15 Blocage","+15 Blocage","+15 Blocage","+15 Blocage","+15 Blocage","+15 Blocage","+15 Blocage","+15 Blocage","+15 Blocage","+15 Blocage","+15 Blocage","+15 Blocage",0xFF01FE,0,0,0,0,0,0,0,
64614,0,5,0,0,16,0,0,16,0,0,15,0,0,"+16 Blocage","+16 Blocage","+16 Blocage","+16 Blocage","+16 Blocage","+16 Blocage","+16 Blocage","+16 Blocage","+16 Blocage","+16 Blocage","+16 Blocage","+16 Blocage","+16 Blocage","+16 Blocage","+16 Blocage","+16 Blocage",0xFF01FE,0,0,0,0,0,0,0,
64615,0,5,0,0,17,0,0,17,0,0,15,0,0,"+17 Blocage","+17 Blocage","+17 Blocage","+17 Blocage","+17 Blocage","+17 Blocage","+17 Blocage","+17 Blocage","+17 Blocage","+17 Blocage","+17 Blocage","+17 Blocage","+17 Blocage","+17 Blocage","+17 Blocage","+17 Blocage",0xFF01FE,0,0,0,0,0,0,0,
64616,0,5,0,0,18,0,0,18,0,0,15,0,0,"+18 Blocage","+18 Blocage","+18 Blocage","+18 Blocage","+18 Blocage","+18 Blocage","+18 Blocage","+18 Blocage","+18 Blocage","+18 Blocage","+18 Blocage","+18 Blocage","+18 Blocage","+18 Blocage","+18 Blocage","+18 Blocage",0xFF01FE,0,0,0,0,0,0,0,
64617,0,5,0,0,19,0,0,19,0,0,15,0,0,"+19 Blocage","+19 Blocage","+19 Blocage","+19 Blocage","+19 Blocage","+19 Blocage","+19 Blocage","+19 Blocage","+19 Blocage","+19 Blocage","+19 Blocage","+19 Blocage","+19 Blocage","+19 Blocage","+19 Blocage","+19 Blocage",0xFF01FE,0,0,0,0,0,0,0,
64618,0,5,0,0,20,0,0,20,0,0,15,0,0,"+20 Blocage","+20 Blocage","+20 Blocage","+20 Blocage","+20 Blocage","+20 Blocage","+20 Blocage","+20 Blocage","+20 Blocage","+20 Blocage","+20 Blocage","+20 Blocage","+20 Blocage","+20 Blocage","+20 Blocage","+20 Blocage",0xFF01FE,0,0,0,0,0,0,0,
64900,0,5,0,0,2,0,0,2,0,0,23,0,0,"+2 Expertise","+2 Expertise","+2 Expertise","+2 Expertise","+2 Expertise","+2 Expertise","+2 Expertise","+2 Expertise","+2 Expertise","+2 Expertise","+2 Expertise","+2 Expertise","+2 Expertise","+2 Expertise","+2 Expertise","+2 Expertise",0xFF01FE,0,0,0,0,0,0,0,
64901,0,5,0,0,3,0,0,3,0,0,23,0,0,"+3 Expertise","+3 Expertise","+3 Expertise","+3 Expertise","+3 Expertise","+3 Expertise","+3 Expertise","+3 Expertise","+3 Expertise","+3 Expertise","+3 Expertise","+3 Expertise","+3 Expertise","+3 Expertise","+3 Expertise","+3 Expertise",0xFF01FE,0,0,0,0,0,0,0,
64902,0,5,0,0,4,0,0,4,0,0,23,0,0,"+4 Expertise","+4 Expertise","+4 Expertise","+4 Expertise","+4 Expertise","+4 Expertise","+4 Expertise","+4 Expertise","+4 Expertise","+4 Expertise","+4 Expertise","+4 Expertise","+4 Expertise","+4 Expertise","+4 Expertise","+4 Expertise",0xFF01FE,0,0,0,0,0,0,0,
64903,0,5,0,0,5,0,0,5,0,0,23,0,0,"+5 Expertise","+5 Expertise","+5 Expertise","+5 Expertise","+5 Expertise","+5 Expertise","+5 Expertise","+5 Expertise","+5 Expertise","+5 Expertise","+5 Expertise","+5 Expertise","+5 Expertise","+5 Expertise","+5 Expertise","+5 Expertise",0xFF01FE,0,0,0,0,0,0,0,
64904,0,5,0,0,6,0,0,6,0,0,23,0,0,"+6 Expertise","+6 Expertise","+6 Expertise","+6 Expertise","+6 Expertise","+6 Expertise","+6 Expertise","+6 Expertise","+6 Expertise","+6 Expertise","+6 Expertise","+6 Expertise","+6 Expertise","+6 Expertise","+6 Expertise","+6 Expertise",0xFF01FE,0,0,0,0,0,0,0,
64905,0,5,0,0,7,0,0,7,0,0,23,0,0,"+7 Expertise","+7 Expertise","+7 Expertise","+7 Expertise","+7 Expertise","+7 Expertise","+7 Expertise","+7 Expertise","+7 Expertise","+7 Expertise","+7 Expertise","+7 Expertise","+7 Expertise","+7 Expertise","+7 Expertise","+7 Expertise",0xFF01FE,0,0,0,0,0,0,0,
64906,0,5,0,0,8,0,0,8,0,0,23,0,0,"+8 Expertise","+8 Expertise","+8 Expertise","+8 Expertise","+8 Expertise","+8 Expertise","+8 Expertise","+8 Expertise","+8 Expertise","+8 Expertise","+8 Expertise","+8 Expertise","+8 Expertise","+8 Expertise","+8 Expertise","+8 Expertise",0xFF01FE,0,0,0,0,0,0,0,
64907,0,5,0,0,9,0,0,9,0,0,23,0,0,"+9 Expertise","+9 Expertise","+9 Expertise","+9 Expertise","+9 Expertise","+9 Expertise","+9 Expertise","+9 Expertise","+9 Expertise","+9 Expertise","+9 Expertise","+9 Expertise","+9 Expertise","+9 Expertise","+9 Expertise","+9 Expertise",0xFF01FE,0,0,0,0,0,0,0,
64908,0,5,0,0,10,0,0,10,0,0,23,0,0,"+10 Expertise","+10 Expertise","+10 Expertise","+10 Expertise","+10 Expertise","+10 Expertise","+10 Expertise","+10 Expertise","+10 Expertise","+10 Expertise","+10 Expertise","+10 Expertise","+10 Expertise","+10 Expertise","+10 Expertise","+10 Expertise",0xFF01FE,0,0,0,0,0,0,0,
64909,0,5,0,0,11,0,0,11,0,0,23,0,0,"+11 Expertise","+11 Expertise","+11 Expertise","+11 Expertise","+11 Expertise","+11 Expertise","+11 Expertise","+11 Expertise","+11 Expertise","+11 Expertise","+11 Expertise","+11 Expertise","+11 Expertise","+11 Expertise","+11 Expertise","+11 Expertise",0xFF01FE,0,0,0,0,0,0,0,
64910,0,5,0,0,12,0,0,12,0,0,23,0,0,"+12 Expertise","+12 Expertise","+12 Expertise","+12 Expertise","+12 Expertise","+12 Expertise","+12 Expertise","+12 Expertise","+12 Expertise","+12 Expertise","+12 Expertise","+12 Expertise","+12 Expertise","+12 Expertise","+12 Expertise","+12 Expertise",0xFF01FE,0,0,0,0,0,0,0,
64911,0,5,0,0,13,0,0,13,0,0,23,0,0,"+13 Expertise","+13 Expertise","+13 Expertise","+13 Expertise","+13 Expertise","+13 Expertise","+13 Expertise","+13 Expertise","+13 Expertise","+13 Expertise","+13 Expertise","+13 Expertise","+13 Expertise","+13 Expertise","+13 Expertise","+13 Expertise",0xFF01FE,0,0,0,0,0,0,0,
64912,0,5,0,0,14,0,0,14,0,0,23,0,0,"+14 Expertise","+14 Expertise","+14 Expertise","+14 Expertise","+14 Expertise","+14 Expertise","+14 Expertise","+14 Expertise","+14 Expertise","+14 Expertise","+14 Expertise","+14 Expertise","+14 Expertise","+14 Expertise","+14 Expertise","+14 Expertise",0xFF01FE,0,0,0,0,0,0,0,
64913,0,5,0,0,15,0,0,15,0,0,23,0,0,"+15 Expertise","+15 Expertise","+15 Expertise","+15 Expertise","+15 Expertise","+15 Expertise","+15 Expertise","+15 Expertise","+15 Expertise","+15 Expertise","+15 Expertise","+15 Expertise","+15 Expertise","+15 Expertise","+15 Expertise","+15 Expertise",0xFF01FE,0,0,0,0,0,0,0,
65100,0,5,0,0,5,0,0,5,0,0,3,0,0,"+5 Degats de Givre","+5 Degats de Givre","+5 Degats de Givre","+5 Degats de Givre","+5 Degats de Givre","+5 Degats de Givre","+5 Degats de Givre","+5 Degats de Givre","+5 Degats de Givre","+5 Degats de Givre","+5 Degats de Givre","+5 Degats de Givre","+5 Degats de Givre","+5 Degats de Givre","+5 Degats de Givre","+5 Degats de Givre",0xFF01FE,0,0,0,0,0,0,0,
65101,0,5,0,0,6,0,0,6,0,0,3,0,0,"+6 Degats de Givre","+6 Degats de Givre","+6 Degats de Givre","+6 Degats de Givre","+6 Degats de Givre","+6 Degats de Givre","+6 Degats de Givre","+6 Degats de Givre","+6 Degats de Givre","+6 Degats de Givre","+6 Degats de Givre","+6 Degats de Givre","+6 Degats de Givre","+6 Degats de Givre","+6 Degats de Givre","+6 Degats de Givre",0xFF01FE,0,0,0,0,0,0,0,
65102,0,5,0,0,7,0,0,7,0,0,3,0,0,"+7 Degats de Givre","+7 Degats de Givre","+7 Degats de Givre","+7 Degats de Givre","+7 Degats de Givre","+7 Degats de Givre","+7 Degats de Givre","+7 Degats de Givre","+7 Degats de Givre","+7 Degats de Givre","+7 Degats de Givre","+7 Degats de Givre","+7 Degats de Givre","+7 Degats de Givre","+7 Degats de Givre","+7 Degats de Givre",0xFF01FE,0,0,0,0,0,0,0,
65103,0,5,0,0,8,0,0,8,0,0,3,0,0,"+8 Degats de Givre","+8 Degats de Givre","+8 Degats de Givre","+8 Degats de Givre","+8 Degats de Givre","+8 Degats de Givre","+8 Degats de Givre","+8 Degats de Givre","+8 Degats de Givre","+8 Degats de Givre","+8 Degats de Givre","+8 Degats de Givre","+8 Degats de Givre","+8 Degats de Givre","+8 Degats de Givre","+8 Degats de Givre",0xFF01FE,0,0,0,0,0,0,0,
65104,0,5,0,0,9,0,0,9,0,0,3,0,0,"+9 Degats de Givre","+9 Degats de Givre","+9 Degats de Givre","+9 Degats de Givre","+9 Degats de Givre","+9 Degats de Givre","+9 Degats de Givre","+9 Degats de Givre","+9 Degats de Givre","+9 Degats de Givre","+9 Degats de Givre","+9 Degats de Givre","+9 Degats de Givre","+9 Degats de Givre","+9 Degats de Givre","+9 Degats de Givre",0xFF01FE,0,0,0,0,0,0,0,
65105,0,5,0,0,10,0,0,10,0,0,3,0,0,"+10 Degats de Givre","+10 Degats de Givre","+10 Degats de Givre","+10 Degats de Givre","+10 Degats de Givre","+10 Degats de Givre","+10 Degats de Givre","+10 Degats de Givre","+10 Degats de Givre","+10 Degats de Givre","+10 Degats de Givre","+10 Degats de Givre","+10 Degats de Givre","+10 Degats de Givre","+10 Degats de Givre","+10 Degats de Givre",0xFF01FE,0,0,0,0,0,0,0,
65106,0,5,0,0,11,0,0,11,0,0,3,0,0,"+11 Degats de Givre","+11 Degats de Givre","+11 Degats de Givre","+11 Degats de Givre","+11 Degats de Givre","+11 Degats de Givre","+11 Degats de Givre","+11 Degats de Givre","+11 Degats de Givre","+11 Degats de Givre","+11 Degats de Givre","+11 Degats de Givre","+11 Degats de Givre","+11 Degats de Givre","+11 Degats de Givre","+11 Degats de Givre",0xFF01FE,0,0,0,0,0,0,0,
65107,0,5,0,0,12,0,0,12,0,0,3,0,0,"+12 Degats de Givre","+12 Degats de Givre","+12 Degats de Givre","+12 Degats de Givre","+12 Degats de Givre","+12 Degats de Givre","+12 Degats de Givre","+12 Degats de Givre","+12 Degats de Givre","+12 Degats de Givre","+12 Degats de Givre","+12 Degats de Givre","+12 Degats de Givre","+12 Degats de Givre","+12 Degats de Givre","+12 Degats de Givre",0xFF01FE,0,0,0,0,0,0,0,
65108,0,5,0,0,13,0,0,13,0,0,3,0,0,"+13 Degats de Givre","+13 Degats de Givre","+13 Degats de Givre","+13 Degats de Givre","+13 Degats de Givre","+13 Degats de Givre","+13 Degats de Givre","+13 Degats de Givre","+13 Degats de Givre","+13 Degats de Givre","+13 Degats de Givre","+13 Degats de Givre","+13 Degats de Givre","+13 Degats de Givre","+13 Degats de Givre","+13 Degats de Givre",0xFF01FE,0,0,0,0,0,0,0,
65109,0,5,0,0,14,0,0,14,0,0,3,0,0,"+14 Degats de Givre","+14 Degats de Givre","+14 Degats de Givre","+14 Degats de Givre","+14 Degats de Givre","+14 Degats de Givre","+14 Degats de Givre","+14 Degats de Givre","+14 Degats de Givre","+14 Degats de Givre","+14 Degats de Givre","+14 Degats de Givre","+14 Degats de Givre","+14 Degats de Givre","+14 Degats de Givre","+14 Degats de Givre",0xFF01FE,0,0,0,0,0,0,0,
65110,0,5,0,0,15,0,0,15,0,0,3,0,0,"+15 Degats de Givre","+15 Degats de Givre","+15 Degats de Givre","+15 Degats de Givre","+15 Degats de Givre","+15 Degats de Givre","+15 Degats de Givre","+15 Degats de Givre","+15 Degats de Givre","+15 Degats de Givre","+15 Degats de Givre","+15 Degats de Givre","+15 Degats de Givre","+15 Degats de Givre","+15 Degats de Givre","+15 Degats de Givre",0xFF01FE,0,0,0,0,0,0,0,
65111,0,5,0,0,16,0,0,16,0,0,3,0,0,"+16 Degats de Givre","+16 Degats de Givre","+16 Degats de Givre","+16 Degats de Givre","+16 Degats de Givre","+16 Degats de Givre","+16 Degats de Givre","+16 Degats de Givre","+16 Degats de Givre","+16 Degats de Givre","+16 Degats de Givre","+16 Degats de Givre","+16 Degats de Givre","+16 Degats de Givre","+16 Degats de Givre","+16 Degats de Givre",0xFF01FE,0,0,0,0,0,0,0,
65112,0,5,0,0,17,0,0,17,0,0,3,0,0,"+17 Degats de Givre","+17 Degats de Givre","+17 Degats de Givre","+17 Degats de Givre","+17 Degats de Givre","+17 Degats de Givre","+17 Degats de Givre","+17 Degats de Givre","+17 Degats de Givre","+17 Degats de Givre","+17 Degats de Givre","+17 Degats de Givre","+17 Degats de Givre","+17 Degats de Givre","+17 Degats de Givre","+17 Degats de Givre",0xFF01FE,0,0,0,0,0,0,0,
65113,0,5,0,0,18,0,0,18,0,0,3,0,0,"+18 Degats de Givre","+18 Degats de Givre","+18 Degats de Givre","+18 Degats de Givre","+18 Degats de Givre","+18 Degats de Givre","+18 Degats de Givre","+18 Degats de Givre","+18 Degats de Givre","+18 Degats de Givre","+18 Degats de Givre","+18 Degats de Givre","+18 Degats de Givre","+18 Degats de Givre","+18 Degats de Givre","+18 Degats de Givre",0xFF01FE,0,0,0,0,0,0,0,
65114,0,5,0,0,19,0,0,19,0,0,3,0,0,"+19 Degats de Givre","+19 Degats de Givre","+19 Degats de Givre","+19 Degats de Givre","+19 Degats de Givre","+19 Degats de Givre","+19 Degats de Givre","+19 Degats de Givre","+19 Degats de Givre","+19 Degats de Givre","+19 Degats de Givre","+19 Degats de Givre","+19 Degats de Givre","+19 Degats de Givre","+19 Degats de Givre","+19 Degats de Givre",0xFF01FE,0,0,0,0,0,0,0,
65115,0,5,0,0,20,0,0,20,0,0,3,0,0,"+20 Degats de Givre","+20 Degats de Givre","+20 Degats de Givre","+20 Degats de Givre","+20 Degats de Givre","+20 Degats de Givre","+20 Degats de Givre","+20 Degats de Givre","+20 Degats de Givre","+20 Degats de Givre","+20 Degats de Givre","+20 Degats de Givre","+20 Degats de Givre","+20 Degats de Givre","+20 Degats de Givre","+20 Degats de Givre",0xFF01FE,0,0,0,0,0,0,0,
65116,0,5,0,0,21,0,0,21,0,0,3,0,0,"+21 Degats de Givre","+21 Degats de Givre","+21 Degats de Givre","+21 Degats de Givre","+21 Degats de Givre","+21 Degats de Givre","+21 Degats de Givre","+21 Degats de Givre","+21 Degats de Givre","+21 Degats de Givre","+21 Degats de Givre","+21 Degats de Givre","+21 Degats de Givre","+21 Degats de Givre","+21 Degats de Givre","+21 Degats de Givre",0xFF01FE,0,0,0,0,0,0,0,
65117,0,5,0,0,22,0,0,22,0,0,3,0,0,"+22 Degats de Givre","+22 Degats de Givre","+22 Degats de Givre","+22 Degats de Givre","+22 Degats de Givre","+22 Degats de Givre","+22 Degats de Givre","+22 Degats de Givre","+22 Degats de Givre","+22 Degats de Givre","+22 Degats de Givre","+22 Degats de Givre","+22 Degats de Givre","+22 Degats de Givre","+22 Degats de Givre","+22 Degats de Givre",0xFF01FE,0,0,0,0,0,0,0,
65118,0,5,0,0,23,0,0,23,0,0,3,0,0,"+23 Degats de Givre","+23 Degats de Givre","+23 Degats de Givre","+23 Degats de Givre","+23 Degats de Givre","+23 Degats de Givre","+23 Degats de Givre","+23 Degats de Givre","+23 Degats de Givre","+23 Degats de Givre","+23 Degats de Givre","+23 Degats de Givre","+23 Degats de Givre","+23 Degats de Givre","+23 Degats de Givre","+23 Degats de Givre",0xFF01FE,0,0,0,0,0,0,0,
65119,0,5,0,0,24,0,0,24,0,0,3,0,0,"+24 Degats de Givre","+24 Degats de Givre","+24 Degats de Givre","+24 Degats de Givre","+24 Degats de Givre","+24 Degats de Givre","+24 Degats de Givre","+24 Degats de Givre","+24 Degats de Givre","+24 Degats de Givre","+24 Degats de Givre","+24 Degats de Givre","+24 Degats de Givre","+24 Degats de Givre","+24 Degats de Givre","+24 Degats de Givre",0xFF01FE,0,0,0,0,0,0,0,
65120,0,5,0,0,25,0,0,25,0,0,3,0,0,"+25 Degats de Givre","+25 Degats de Givre","+25 Degats de Givre","+25 Degats de Givre","+25 Degats de Givre","+25 Degats de Givre","+25 Degats de Givre","+25 Degats de Givre","+25 Degats de Givre","+25 Degats de Givre","+25 Degats de Givre","+25 Degats de Givre","+25 Degats de Givre","+25 Degats de Givre","+25 Degats de Givre","+25 Degats de Givre",0xFF01FE,0,0,0,0,0,0,0,
65121,0,5,0,0,26,0,0,26,0,0,3,0,0,"+26 Degats de Givre","+26 Degats de Givre","+26 Degats de Givre","+26 Degats de Givre","+26 Degats de Givre","+26 Degats de Givre","+26 Degats de Givre","+26 Degats de Givre","+26 Degats de Givre","+26 Degats de Givre","+26 Degats de Givre","+26 Degats de Givre","+26 Degats de Givre","+26 Degats de Givre","+26 Degats de Givre","+26 Degats de Givre",0xFF01FE,0,0,0,0,0,0,0,
65122,0,5,0,0,27,0,0,27,0,0,3,0,0,"+27 Degats de Givre","+27 Degats de Givre","+27 Degats de Givre","+27 Degats de Givre","+27 Degats de Givre","+27 Degats de Givre","+27 Degats de Givre","+27 Degats de Givre","+27 Degats de Givre","+27 Degats de Givre","+27 Degats de Givre","+27 Degats de Givre","+27 Degats de Givre","+27 Degats de Givre","+27 Degats de Givre","+27 Degats de Givre",0xFF01FE,0,0,0,0,0,0,0,
65123,0,5,0,0,28,0,0,28,0,0,3,0,0,"+28 Degats de Givre","+28 Degats de Givre","+28 Degats de Givre","+28 Degats de Givre","+28 Degats de Givre","+28 Degats de Givre","+28 Degats de Givre","+28 Degats de Givre","+28 Degats de Givre","+28 Degats de Givre","+28 Degats de Givre","+28 Degats de Givre","+28 Degats de Givre","+28 Degats de Givre","+28 Degats de Givre","+28 Degats de Givre",0xFF01FE,0,0,0,0,0,0,0,
65124,0,5,0,0,29,0,0,29,0,0,3,0,0,"+29 Degats de Givre","+29 Degats de Givre","+29 Degats de Givre","+29 Degats de Givre","+29 Degats de Givre","+29 Degats de Givre","+29 Degats de Givre","+29 Degats de Givre","+29 Degats de Givre","+29 Degats de Givre","+29 Degats de Givre","+29 Degats de Givre","+29 Degats de Givre","+29 Degats de Givre","+29 Degats de Givre","+29 Degats de Givre",0xFF01FE,0,0,0,0,0,0,0,
65125,0,5,0,0,30,0,0,30,0,0,3,0,0,"+30 Degats de Givre","+30 Degats de Givre","+30 Degats de Givre","+30 Degats de Givre","+30 Degats de Givre","+30 Degats de Givre","+30 Degats de Givre","+30 Degats de Givre","+30 Degats de Givre","+30 Degats de Givre","+30 Degats de Givre","+30 Degats de Givre","+30 Degats de Givre","+30 Degats de Givre","+30 Degats de Givre","+30 Degats de Givre",0xFF01FE,0,0,0,0,0,0,0,
65126,0,5,0,0,31,0,0,31,0,0,3,0,0,"+31 Degats de Givre","+31 Degats de Givre","+31 Degats de Givre","+31 Degats de Givre","+31 Degats de Givre","+31 Degats de Givre","+31 Degats de Givre","+31 Degats de Givre","+31 Degats de Givre","+31 Degats de Givre","+31 Degats de Givre","+31 Degats de Givre","+31 Degats de Givre","+31 Degats de Givre","+31 Degats de Givre","+31 Degats de Givre",0xFF01FE,0,0,0,0,0,0,0,
65127,0,5,0,0,32,0,0,32,0,0,3,0,0,"+32 Degats de Givre","+32 Degats de Givre","+32 Degats de Givre","+32 Degats de Givre","+32 Degats de Givre","+32 Degats de Givre","+32 Degats de Givre","+32 Degats de Givre","+32 Degats de Givre","+32 Degats de Givre","+32 Degats de Givre","+32 Degats de Givre","+32 Degats de Givre","+32 Degats de Givre","+32 Degats de Givre","+32 Degats de Givre",0xFF01FE,0,0,0,0,0,0,0,
65128,0,5,0,0,33,0,0,33,0,0,3,0,0,"+33 Degats de Givre","+33 Degats de Givre","+33 Degats de Givre","+33 Degats de Givre","+33 Degats de Givre","+33 Degats de Givre","+33 Degats de Givre","+33 Degats de Givre","+33 Degats de Givre","+33 Degats de Givre","+33 Degats de Givre","+33 Degats de Givre","+33 Degats de Givre","+33 Degats de Givre","+33 Degats de Givre","+33 Degats de Givre",0xFF01FE,0,0,0,0,0,0,0,
65129,0,5,0,0,34,0,0,34,0,0,3,0,0,"+34 Degats de Givre","+34 Degats de Givre","+34 Degats de Givre","+34 Degats de Givre","+34 Degats de Givre","+34 Degats de Givre","+34 Degats de Givre","+34 Degats de Givre","+34 Degats de Givre","+34 Degats de Givre","+34 Degats de Givre","+34 Degats de Givre","+34 Degats de Givre","+34 Degats de Givre","+34 Degats de Givre","+34 Degats de Givre",0xFF01FE,0,0,0,0,0,0,0,
65130,0,5,0,0,35,0,0,35,0,0,3,0,0,"+35 Degats de Givre","+35 Degats de Givre","+35 Degats de Givre","+35 Degats de Givre","+35 Degats de Givre","+35 Degats de Givre","+35 Degats de Givre","+35 Degats de Givre","+35 Degats de Givre","+35 Degats de Givre","+35 Degats de Givre","+35 Degats de Givre","+35 Degats de Givre","+35 Degats de Givre","+35 Degats de Givre","+35 Degats de Givre",0xFF01FE,0,0,0,0,0,0,0,
65131,0,5,0,0,36,0,0,36,0,0,3,0,0,"+36 Degats de Givre","+36 Degats de Givre","+36 Degats de Givre","+36 Degats de Givre","+36 Degats de Givre","+36 Degats de Givre","+36 Degats de Givre","+36 Degats de Givre","+36 Degats de Givre","+36 Degats de Givre","+36 Degats de Givre","+36 Degats de Givre","+36 Degats de Givre","+36 Degats de Givre","+36 Degats de Givre","+36 Degats de Givre",0xFF01FE,0,0,0,0,0,0,0,
65132,0,5,0,0,37,0,0,37,0,0,3,0,0,"+37 Degats de Givre","+37 Degats de Givre","+37 Degats de Givre","+37 Degats de Givre","+37 Degats de Givre","+37 Degats de Givre","+37 Degats de Givre","+37 Degats de Givre","+37 Degats de Givre","+37 Degats de Givre","+37 Degats de Givre","+37 Degats de Givre","+37 Degats de Givre","+37 Degats de Givre","+37 Degats de Givre","+37 Degats de Givre",0xFF01FE,0,0,0,0,0,0,0,
65133,0,5,0,0,38,0,0,38,0,0,3,0,0,"+38 Degats de Givre","+38 Degats de Givre","+38 Degats de Givre","+38 Degats de Givre","+38 Degats de Givre","+38 Degats de Givre","+38 Degats de Givre","+38 Degats de Givre","+38 Degats de Givre","+38 Degats de Givre","+38 Degats de Givre","+38 Degats de Givre","+38 Degats de Givre","+38 Degats de Givre","+38 Degats de Givre","+38 Degats de Givre",0xFF01FE,0,0,0,0,0,0,0,
65134,0,5,0,0,39,0,0,39,0,0,3,0,0,"+39 Degats de Givre","+39 Degats de Givre","+39 Degats de Givre","+39 Degats de Givre","+39 Degats de Givre","+39 Degats de Givre","+39 Degats de Givre","+39 Degats de Givre","+39 Degats de Givre","+39 Degats de Givre","+39 Degats de Givre","+39 Degats de Givre","+39 Degats de Givre","+39 Degats de Givre","+39 Degats de Givre","+39 Degats de Givre",0xFF01FE,0,0,0,0,0,0,0,
65135,0,5,0,0,40,0,0,40,0,0,3,0,0,"+40 Degats de Givre","+40 Degats de Givre","+40 Degats de Givre","+40 Degats de Givre","+40 Degats de Givre","+40 Degats de Givre","+40 Degats de Givre","+40 Degats de Givre","+40 Degats de Givre","+40 Degats de Givre","+40 Degats de Givre","+40 Degats de Givre","+40 Degats de Givre","+40 Degats de Givre","+40 Degats de Givre","+40 Degats de Givre",0xFF01FE,0,0,0,0,0,0,0,
65136,0,5,0,0,41,0,0,41,0,0,3,0,0,"+41 Degats de Givre","+41 Degats de Givre","+41 Degats de Givre","+41 Degats de Givre","+41 Degats de Givre","+41 Degats de Givre","+41 Degats de Givre","+41 Degats de Givre","+41 Degats de Givre","+41 Degats de Givre","+41 Degats de Givre","+41 Degats de Givre","+41 Degats de Givre","+41 Degats de Givre","+41 Degats de Givre","+41 Degats de Givre",0xFF01FE,0,0,0,0,0,0,0,
65137,0,5,0,0,42,0,0,42,0,0,3,0,0,"+42 Degats de Givre","+42 Degats de Givre","+42 Degats de Givre","+42 Degats de Givre","+42 Degats de Givre","+42 Degats de Givre","+42 Degats de Givre","+42 Degats de Givre","+42 Degats de Givre","+42 Degats de Givre","+42 Degats de Givre","+42 Degats de Givre","+42 Degats de Givre","+42 Degats de Givre","+42 Degats de Givre","+42 Degats de Givre",0xFF01FE,0,0,0,0,0,0,0,
65138,0,5,0,0,43,0,0,43,0,0,3,0,0,"+43 Degats de Givre","+43 Degats de Givre","+43 Degats de Givre","+43 Degats de Givre","+43 Degats de Givre","+43 Degats de Givre","+43 Degats de Givre","+43 Degats de Givre","+43 Degats de Givre","+43 Degats de Givre","+43 Degats de Givre","+43 Degats de Givre","+43 Degats de Givre","+43 Degats de Givre","+43 Degats de Givre","+43 Degats de Givre",0xFF01FE,0,0,0,0,0,0,0,
65139,0,5,0,0,44,0,0,44,0,0,3,0,0,"+44 Degats de Givre","+44 Degats de Givre","+44 Degats de Givre","+44 Degats de Givre","+44 Degats de Givre","+44 Degats de Givre","+44 Degats de Givre","+44 Degats de Givre","+44 Degats de Givre","+44 Degats de Givre","+44 Degats de Givre","+44 Degats de Givre","+44 Degats de Givre","+44 Degats de Givre","+44 Degats de Givre","+44 Degats de Givre",0xFF01FE,0,0,0,0,0,0,0,
65140,0,5,0,0,45,0,0,45,0,0,3,0,0,"+45 Degats de Givre","+45 Degats de Givre","+45 Degats de Givre","+45 Degats de Givre","+45 Degats de Givre","+45 Degats de Givre","+45 Degats de Givre","+45 Degats de Givre","+45 Degats de Givre","+45 Degats de Givre","+45 Degats de Givre","+45 Degats de Givre","+45 Degats de Givre","+45 Degats de Givre","+45 Degats de Givre","+45 Degats de Givre",0xFF01FE,0,0,0,0,0,0,0,
65200,0,5,0,0,5,0,0,5,0,0,2,0,0,"+5 Degats de Feu","+5 Degats de Feu","+5 Degats de Feu","+5 Degats de Feu","+5 Degats de Feu","+5 Degats de Feu","+5 Degats de Feu","+5 Degats de Feu","+5 Degats de Feu","+5 Degats de Feu","+5 Degats de Feu","+5 Degats de Feu","+5 Degats de Feu","+5 Degats de Feu","+5 Degats de Feu","+5 Degats de Feu",0xFF01FE,0,0,0,0,0,0,0,
65201,0,5,0,0,6,0,0,6,0,0,2,0,0,"+6 Degats de Feu","+6 Degats de Feu","+6 Degats de Feu","+6 Degats de Feu","+6 Degats de Feu","+6 Degats de Feu","+6 Degats de Feu","+6 Degats de Feu","+6 Degats de Feu","+6 Degats de Feu","+6 Degats de Feu","+6 Degats de Feu","+6 Degats de Feu","+6 Degats de Feu","+6 Degats de Feu","+6 Degats de Feu",0xFF01FE,0,0,0,0,0,0,0,
65202,0,5,0,0,7,0,0,7,0,0,2,0,0,"+7 Degats de Feu","+7 Degats de Feu","+7 Degats de Feu","+7 Degats de Feu","+7 Degats de Feu","+7 Degats de Feu","+7 Degats de Feu","+7 Degats de Feu","+7 Degats de Feu","+7 Degats de Feu","+7 Degats de Feu","+7 Degats de Feu","+7 Degats de Feu","+7 Degats de Feu","+7 Degats de Feu","+7 Degats de Feu",0xFF01FE,0,0,0,0,0,0,0,
65203,0,5,0,0,8,0,0,8,0,0,2,0,0,"+8 Degats de Feu","+8 Degats de Feu","+8 Degats de Feu","+8 Degats de Feu","+8 Degats de Feu","+8 Degats de Feu","+8 Degats de Feu","+8 Degats de Feu","+8 Degats de Feu","+8 Degats de Feu","+8 Degats de Feu","+8 Degats de Feu","+8 Degats de Feu","+8 Degats de Feu","+8 Degats de Feu","+8 Degats de Feu",0xFF01FE,0,0,0,0,0,0,0,
65204,0,5,0,0,9,0,0,9,0,0,2,0,0,"+9 Degats de Feu","+9 Degats de Feu","+9 Degats de Feu","+9 Degats de Feu","+9 Degats de Feu","+9 Degats de Feu","+9 Degats de Feu","+9 Degats de Feu","+9 Degats de Feu","+9 Degats de Feu","+9 Degats de Feu","+9 Degats de Feu","+9 Degats de Feu","+9 Degats de Feu","+9 Degats de Feu","+9 Degats de Feu",0xFF01FE,0,0,0,0,0,0,0,
65205,0,5,0,0,10,0,0,10,0,0,2,0,0,"+10 Degats de Feu","+10 Degats de Feu","+10 Degats de Feu","+10 Degats de Feu","+10 Degats de Feu","+10 Degats de Feu","+10 Degats de Feu","+10 Degats de Feu","+10 Degats de Feu","+10 Degats de Feu","+10 Degats de Feu","+10 Degats de Feu","+10 Degats de Feu","+10 Degats de Feu","+10 Degats de Feu","+10 Degats de Feu",0xFF01FE,0,0,0,0,0,0,0,
65206,0,5,0,0,11,0,0,11,0,0,2,0,0,"+11 Degats de Feu","+11 Degats de Feu","+11 Degats de Feu","+11 Degats de Feu","+11 Degats de Feu","+11 Degats de Feu","+11 Degats de Feu","+11 Degats de Feu","+11 Degats de Feu","+11 Degats de Feu","+11 Degats de Feu","+11 Degats de Feu","+11 Degats de Feu","+11 Degats de Feu","+11 Degats de Feu","+11 Degats de Feu",0xFF01FE,0,0,0,0,0,0,0,
65207,0,5,0,0,12,0,0,12,0,0,2,0,0,"+12 Degats de Feu","+12 Degats de Feu","+12 Degats de Feu","+12 Degats de Feu","+12 Degats de Feu","+12 Degats de Feu","+12 Degats de Feu","+12 Degats de Feu","+12 Degats de Feu","+12 Degats de Feu","+12 Degats de Feu","+12 Degats de Feu","+12 Degats de Feu","+12 Degats de Feu","+12 Degats de Feu","+12 Degats de Feu",0xFF01FE,0,0,0,0,0,0,0,
65208,0,5,0,0,13,0,0,13,0,0,2,0,0,"+13 Degats de Feu","+13 Degats de Feu","+13 Degats de Feu","+13 Degats de Feu","+13 Degats de Feu","+13 Degats de Feu","+13 Degats de Feu","+13 Degats de Feu","+13 Degats de Feu","+13 Degats de Feu","+13 Degats de Feu","+13 Degats de Feu","+13 Degats de Feu","+13 Degats de Feu","+13 Degats de Feu","+13 Degats de Feu",0xFF01FE,0,0,0,0,0,0,0,
65209,0,5,0,0,14,0,0,14,0,0,2,0,0,"+14 Degats de Feu","+14 Degats de Feu","+14 Degats de Feu","+14 Degats de Feu","+14 Degats de Feu","+14 Degats de Feu","+14 Degats de Feu","+14 Degats de Feu","+14 Degats de Feu","+14 Degats de Feu","+14 Degats de Feu","+14 Degats de Feu","+14 Degats de Feu","+14 Degats de Feu","+14 Degats de Feu","+14 Degats de Feu",0xFF01FE,0,0,0,0,0,0,0,
65210,0,5,0,0,15,0,0,15,0,0,2,0,0,"+15 Degats de Feu","+15 Degats de Feu","+15 Degats de Feu","+15 Degats de Feu","+15 Degats de Feu","+15 Degats de Feu","+15 Degats de Feu","+15 Degats de Feu","+15 Degats de Feu","+15 Degats de Feu","+15 Degats de Feu","+15 Degats de Feu","+15 Degats de Feu","+15 Degats de Feu","+15 Degats de Feu","+15 Degats de Feu",0xFF01FE,0,0,0,0,0,0,0,
65211,0,5,0,0,16,0,0,16,0,0,2,0,0,"+16 Degats de Feu","+16 Degats de Feu","+16 Degats de Feu","+16 Degats de Feu","+16 Degats de Feu","+16 Degats de Feu","+16 Degats de Feu","+16 Degats de Feu","+16 Degats de Feu","+16 Degats de Feu","+16 Degats de Feu","+16 Degats de Feu","+16 Degats de Feu","+16 Degats de Feu","+16 Degats de Feu","+16 Degats de Feu",0xFF01FE,0,0,0,0,0,0,0,
65212,0,5,0,0,17,0,0,17,0,0,2,0,0,"+17 Degats de Feu","+17 Degats de Feu","+17 Degats de Feu","+17 Degats de Feu","+17 Degats de Feu","+17 Degats de Feu","+17 Degats de Feu","+17 Degats de Feu","+17 Degats de Feu","+17 Degats de Feu","+17 Degats de Feu","+17 Degats de Feu","+17 Degats de Feu","+17 Degats de Feu","+17 Degats de Feu","+17 Degats de Feu",0xFF01FE,0,0,0,0,0,0,0,
65213,0,5,0,0,18,0,0,18,0,0,2,0,0,"+18 Degats de Feu","+18 Degats de Feu","+18 Degats de Feu","+18 Degats de Feu","+18 Degats de Feu","+18 Degats de Feu","+18 Degats de Feu","+18 Degats de Feu","+18 Degats de Feu","+18 Degats de Feu","+18 Degats de Feu","+18 Degats de Feu","+18 Degats de Feu","+18 Degats de Feu","+18 Degats de Feu","+18 Degats de Feu",0xFF01FE,0,0,0,0,0,0,0,
65214,0,5,0,0,19,0,0,19,0,0,2,0,0,"+19 Degats de Feu","+19 Degats de Feu","+19 Degats de Feu","+19 Degats de Feu","+19 Degats de Feu","+19 Degats de Feu","+19 Degats de Feu","+19 Degats de Feu","+19 Degats de Feu","+19 Degats de Feu","+19 Degats de Feu","+19 Degats de Feu","+19 Degats de Feu","+19 Degats de Feu","+19 Degats de Feu","+19 Degats de Feu",0xFF01FE,0,0,0,0,0,0,0,
65215,0,5,0,0,20,0,0,20,0,0,2,0,0,"+20 Degats de Feu","+20 Degats de Feu","+20 Degats de Feu","+20 Degats de Feu","+20 Degats de Feu","+20 Degats de Feu","+20 Degats de Feu","+20 Degats de Feu","+20 Degats de Feu","+20 Degats de Feu","+20 Degats de Feu","+20 Degats de Feu","+20 Degats de Feu","+20 Degats de Feu","+20 Degats de Feu","+20 Degats de Feu",0xFF01FE,0,0,0,0,0,0,0,
65216,0,5,0,0,21,0,0,21,0,0,2,0,0,"+21 Degats de Feu","+21 Degats de Feu","+21 Degats de Feu","+21 Degats de Feu","+21 Degats de Feu","+21 Degats de Feu","+21 Degats de Feu","+21 Degats de Feu","+21 Degats de Feu","+21 Degats de Feu","+21 Degats de Feu","+21 Degats de Feu","+21 Degats de Feu","+21 Degats de Feu","+21 Degats de Feu","+21 Degats de Feu",0xFF01FE,0,0,0,0,0,0,0,
65217,0,5,0,0,22,0,0,22,0,0,2,0,0,"+22 Degats de Feu","+22 Degats de Feu","+22 Degats de Feu","+22 Degats de Feu","+22 Degats de Feu","+22 Degats de Feu","+22 Degats de Feu","+22 Degats de Feu","+22 Degats de Feu","+22 Degats de Feu","+22 Degats de Feu","+22 Degats de Feu","+22 Degats de Feu","+22 Degats de Feu","+22 Degats de Feu","+22 Degats de Feu",0xFF01FE,0,0,0,0,0,0,0,
65218,0,5,0,0,23,0,0,23,0,0,2,0,0,"+23 Degats de Feu","+23 Degats de Feu","+23 Degats de Feu","+23 Degats de Feu","+23 Degats de Feu","+23 Degats de Feu","+23 Degats de Feu","+23 Degats de Feu","+23 Degats de Feu","+23 Degats de Feu","+23 Degats de Feu","+23 Degats de Feu","+23 Degats de Feu","+23 Degats de Feu","+23 Degats de Feu","+23 Degats de Feu",0xFF01FE,0,0,0,0,0,0,0,
65219,0,5,0,0,24,0,0,24,0,0,2,0,0,"+24 Degats de Feu","+24 Degats de Feu","+24 Degats de Feu","+24 Degats de Feu","+24 Degats de Feu","+24 Degats de Feu","+24 Degats de Feu","+24 Degats de Feu","+24 Degats de Feu","+24 Degats de Feu","+24 Degats de Feu","+24 Degats de Feu","+24 Degats de Feu","+24 Degats de Feu","+24 Degats de Feu","+24 Degats de Feu",0xFF01FE,0,0,0,0,0,0,0,
65220,0,5,0,0,25,0,0,25,0,0,2,0,0,"+25 Degats de Feu","+25 Degats de Feu","+25 Degats de Feu","+25 Degats de Feu","+25 Degats de Feu","+25 Degats de Feu","+25 Degats de Feu","+25 Degats de Feu","+25 Degats de Feu","+25 Degats de Feu","+25 Degats de Feu","+25 Degats de Feu","+25 Degats de Feu","+25 Degats de Feu","+25 Degats de Feu","+25 Degats de Feu",0xFF01FE,0,0,0,0,0,0,0,
65221,0,5,0,0,26,0,0,26,0,0,2,0,0,"+26 Degats de Feu","+26 Degats de Feu","+26 Degats de Feu","+26 Degats de Feu","+26 Degats de Feu","+26 Degats de Feu","+26 Degats de Feu","+26 Degats de Feu","+26 Degats de Feu","+26 Degats de Feu","+26 Degats de Feu","+26 Degats de Feu","+26 Degats de Feu","+26 Degats de Feu","+26 Degats de Feu","+26 Degats de Feu",0xFF01FE,0,0,0,0,0,0,0,
65222,0,5,0,0,27,0,0,27,0,0,2,0,0,"+27 Degats de Feu","+27 Degats de Feu","+27 Degats de Feu","+27 Degats de Feu","+27 Degats de Feu","+27 Degats de Feu","+27 Degats de Feu","+27 Degats de Feu","+27 Degats de Feu","+27 Degats de Feu","+27 Degats de Feu","+27 Degats de Feu","+27 Degats de Feu","+27 Degats de Feu","+27 Degats de Feu","+27 Degats de Feu",0xFF01FE,0,0,0,0,0,0,0,
65223,0,5,0,0,28,0,0,28,0,0,2,0,0,"+28 Degats de Feu","+28 Degats de Feu","+28 Degats de Feu","+28 Degats de Feu","+28 Degats de Feu","+28 Degats de Feu","+28 Degats de Feu","+28 Degats de Feu","+28 Degats de Feu","+28 Degats de Feu","+28 Degats de Feu","+28 Degats de Feu","+28 Degats de Feu","+28 Degats de Feu","+28 Degats de Feu","+28 Degats de Feu",0xFF01FE,0,0,0,0,0,0,0,
65224,0,5,0,0,29,0,0,29,0,0,2,0,0,"+29 Degats de Feu","+29 Degats de Feu","+29 Degats de Feu","+29 Degats de Feu","+29 Degats de Feu","+29 Degats de Feu","+29 Degats de Feu","+29 Degats de Feu","+29 Degats de Feu","+29 Degats de Feu","+29 Degats de Feu","+29 Degats de Feu","+29 Degats de Feu","+29 Degats de Feu","+29 Degats de Feu","+29 Degats de Feu",0xFF01FE,0,0,0,0,0,0,0,
65225,0,5,0,0,30,0,0,30,0,0,2,0,0,"+30 Degats de Feu","+30 Degats de Feu","+30 Degats de Feu","+30 Degats de Feu","+30 Degats de Feu","+30 Degats de Feu","+30 Degats de Feu","+30 Degats de Feu","+30 Degats de Feu","+30 Degats de Feu","+30 Degats de Feu","+30 Degats de Feu","+30 Degats de Feu","+30 Degats de Feu","+30 Degats de Feu","+30 Degats de Feu",0xFF01FE,0,0,0,0,0,0,0,
65226,0,5,0,0,31,0,0,31,0,0,2,0,0,"+31 Degats de Feu","+31 Degats de Feu","+31 Degats de Feu","+31 Degats de Feu","+31 Degats de Feu","+31 Degats de Feu","+31 Degats de Feu","+31 Degats de Feu","+31 Degats de Feu","+31 Degats de Feu","+31 Degats de Feu","+31 Degats de Feu","+31 Degats de Feu","+31 Degats de Feu","+31 Degats de Feu","+31 Degats de Feu",0xFF01FE,0,0,0,0,0,0,0,
65227,0,5,0,0,32,0,0,32,0,0,2,0,0,"+32 Degats de Feu","+32 Degats de Feu","+32 Degats de Feu","+32 Degats de Feu","+32 Degats de Feu","+32 Degats de Feu","+32 Degats de Feu","+32 Degats de Feu","+32 Degats de Feu","+32 Degats de Feu","+32 Degats de Feu","+32 Degats de Feu","+32 Degats de Feu","+32 Degats de Feu","+32 Degats de Feu","+32 Degats de Feu",0xFF01FE,0,0,0,0,0,0,0,
65228,0,5,0,0,33,0,0,33,0,0,2,0,0,"+33 Degats de Feu","+33 Degats de Feu","+33 Degats de Feu","+33 Degats de Feu","+33 Degats de Feu","+33 Degats de Feu","+33 Degats de Feu","+33 Degats de Feu","+33 Degats de Feu","+33 Degats de Feu","+33 Degats de Feu","+33 Degats de Feu","+33 Degats de Feu","+33 Degats de Feu","+33 Degats de Feu","+33 Degats de Feu",0xFF01FE,0,0,0,0,0,0,0,
65229,0,5,0,0,34,0,0,34,0,0,2,0,0,"+34 Degats de Feu","+34 Degats de Feu","+34 Degats de Feu","+34 Degats de Feu","+34 Degats de Feu","+34 Degats de Feu","+34 Degats de Feu","+34 Degats de Feu","+34 Degats de Feu","+34 Degats de Feu","+34 Degats de Feu","+34 Degats de Feu","+34 Degats de Feu","+34 Degats de Feu","+34 Degats de Feu","+34 Degats de Feu",0xFF01FE,0,0,0,0,0,0,0,
65230,0,5,0,0,35,0,0,35,0,0,2,0,0,"+35 Degats de Feu","+35 Degats de Feu","+35 Degats de Feu","+35 Degats de Feu","+35 Degats de Feu","+35 Degats de Feu","+35 Degats de Feu","+35 Degats de Feu","+35 Degats de Feu","+35 Degats de Feu","+35 Degats de Feu","+35 Degats de Feu","+35 Degats de Feu","+35 Degats de Feu","+35 Degats de Feu","+35 Degats de Feu",0xFF01FE,0,0,0,0,0,0,0,
65231,0,5,0,0,36,0,0,36,0,0,2,0,0,"+36 Degats de Feu","+36 Degats de Feu","+36 Degats de Feu","+36 Degats de Feu","+36 Degats de Feu","+36 Degats de Feu","+36 Degats de Feu","+36 Degats de Feu","+36 Degats de Feu","+36 Degats de Feu","+36 Degats de Feu","+36 Degats de Feu","+36 Degats de Feu","+36 Degats de Feu","+36 Degats de Feu","+36 Degats de Feu",0xFF01FE,0,0,0,0,0,0,0,
65232,0,5,0,0,37,0,0,37,0,0,2,0,0,"+37 Degats de Feu","+37 Degats de Feu","+37 Degats de Feu","+37 Degats de Feu","+37 Degats de Feu","+37 Degats de Feu","+37 Degats de Feu","+37 Degats de Feu","+37 Degats de Feu","+37 Degats de Feu","+37 Degats de Feu","+37 Degats de Feu","+37 Degats de Feu","+37 Degats de Feu","+37 Degats de Feu","+37 Degats de Feu",0xFF01FE,0,0,0,0,0,0,0,
65233,0,5,0,0,38,0,0,38,0,0,2,0,0,"+38 Degats de Feu","+38 Degats de Feu","+38 Degats de Feu","+38 Degats de Feu","+38 Degats de Feu","+38 Degats de Feu","+38 Degats de Feu","+38 Degats de Feu","+38 Degats de Feu","+38 Degats de Feu","+38 Degats de Feu","+38 Degats de Feu","+38 Degats de Feu","+38 Degats de Feu","+38 Degats de Feu","+38 Degats de Feu",0xFF01FE,0,0,0,0,0,0,0,
65234,0,5,0,0,39,0,0,39,0,0,2,0,0,"+39 Degats de Feu","+39 Degats de Feu","+39 Degats de Feu","+39 Degats de Feu","+39 Degats de Feu","+39 Degats de Feu","+39 Degats de Feu","+39 Degats de Feu","+39 Degats de Feu","+39 Degats de Feu","+39 Degats de Feu","+39 Degats de Feu","+39 Degats de Feu","+39 Degats de Feu","+39 Degats de Feu","+39 Degats de Feu",0xFF01FE,0,0,0,0,0,0,0,
65235,0,5,0,0,40,0,0,40,0,0,2,0,0,"+40 Degats de Feu","+40 Degats de Feu","+40 Degats de Feu","+40 Degats de Feu","+40 Degats de Feu","+40 Degats de Feu","+40 Degats de Feu","+40 Degats de Feu","+40 Degats de Feu","+40 Degats de Feu","+40 Degats de Feu","+40 Degats de Feu","+40 Degats de Feu","+40 Degats de Feu","+40 Degats de Feu","+40 Degats de Feu",0xFF01FE,0,0,0,0,0,0,0,
65236,0,5,0,0,41,0,0,41,0,0,2,0,0,"+41 Degats de Feu","+41 Degats de Feu","+41 Degats de Feu","+41 Degats de Feu","+41 Degats de Feu","+41 Degats de Feu","+41 Degats de Feu","+41 Degats de Feu","+41 Degats de Feu","+41 Degats de Feu","+41 Degats de Feu","+41 Degats de Feu","+41 Degats de Feu","+41 Degats de Feu","+41 Degats de Feu","+41 Degats de Feu",0xFF01FE,0,0,0,0,0,0,0,
65237,0,5,0,0,42,0,0,42,0,0,2,0,0,"+42 Degats de Feu","+42 Degats de Feu","+42 Degats de Feu","+42 Degats de Feu","+42 Degats de Feu","+42 Degats de Feu","+42 Degats de Feu","+42 Degats de Feu","+42 Degats de Feu","+42 Degats de Feu","+42 Degats de Feu","+42 Degats de Feu","+42 Degats de Feu","+42 Degats de Feu","+42 Degats de Feu","+42 Degats de Feu",0xFF01FE,0,0,0,0,0,0,0,
65238,0,5,0,0,43,0,0,43,0,0,2,0,0,"+43 Degats de Feu","+43 Degats de Feu","+43 Degats de Feu","+43 Degats de Feu","+43 Degats de Feu","+43 Degats de Feu","+43 Degats de Feu","+43 Degats de Feu","+43 Degats de Feu","+43 Degats de Feu","+43 Degats de Feu","+43 Degats de Feu","+43 Degats de Feu","+43 Degats de Feu","+43 Degats de Feu","+43 Degats de Feu",0xFF01FE,0,0,0,0,0,0,0,
65239,0,5,0,0,44,0,0,44,0,0,2,0,0,"+44 Degats de Feu","+44 Degats de Feu","+44 Degats de Feu","+44 Degats de Feu","+44 Degats de Feu","+44 Degats de Feu","+44 Degats de Feu","+44 Degats de Feu","+44 Degats de Feu","+44 Degats de Feu","+44 Degats de Feu","+44 Degats de Feu","+44 Degats de Feu","+44 Degats de Feu","+44 Degats de Feu","+44 Degats de Feu",0xFF01FE,0,0,0,0,0,0,0,
65240,0,5,0,0,45,0,0,45,0,0,2,0,0,"+45 Degats de Feu","+45 Degats de Feu","+45 Degats de Feu","+45 Degats de Feu","+45 Degats de Feu","+45 Degats de Feu","+45 Degats de Feu","+45 Degats de Feu","+45 Degats de Feu","+45 Degats de Feu","+45 Degats de Feu","+45 Degats de Feu","+45 Degats de Feu","+45 Degats de Feu","+45 Degats de Feu","+45 Degats de Feu",0xFF01FE,0,0,0,0,0,0,0,
65300,0,5,0,0,5,0,0,5,0,0,8,0,0,"+5 Degats de Nature","+5 Degats de Nature","+5 Degats de Nature","+5 Degats de Nature","+5 Degats de Nature","+5 Degats de Nature","+5 Degats de Nature","+5 Degats de Nature","+5 Degats de Nature","+5 Degats de Nature","+5 Degats de Nature","+5 Degats de Nature","+5 Degats de Nature","+5 Degats de Nature","+5 Degats de Nature","+5 Degats de Nature",0xFF01FE,0,0,0,0,0,0,0,
65301,0,5,0,0,6,0,0,6,0,0,8,0,0,"+6 Degats de Nature","+6 Degats de Nature","+6 Degats de Nature","+6 Degats de Nature","+6 Degats de Nature","+6 Degats de Nature","+6 Degats de Nature","+6 Degats de Nature","+6 Degats de Nature","+6 Degats de Nature","+6 Degats de Nature","+6 Degats de Nature","+6 Degats de Nature","+6 Degats de Nature","+6 Degats de Nature","+6 Degats de Nature",0xFF01FE,0,0,0,0,0,0,0,
65302,0,5,0,0,7,0,0,7,0,0,8,0,0,"+7 Degats de Nature","+7 Degats de Nature","+7 Degats de Nature","+7 Degats de Nature","+7 Degats de Nature","+7 Degats de Nature","+7 Degats de Nature","+7 Degats de Nature","+7 Degats de Nature","+7 Degats de Nature","+7 Degats de Nature","+7 Degats de Nature","+7 Degats de Nature","+7 Degats de Nature","+7 Degats de Nature","+7 Degats de Nature",0xFF01FE,0,0,0,0,0,0,0,
65303,0,5,0,0,8,0,0,8,0,0,8,0,0,"+8 Degats de Nature","+8 Degats de Nature","+8 Degats de Nature","+8 Degats de Nature","+8 Degats de Nature","+8 Degats de Nature","+8 Degats de Nature","+8 Degats de Nature","+8 Degats de Nature","+8 Degats de Nature","+8 Degats de Nature","+8 Degats de Nature","+8 Degats de Nature","+8 Degats de Nature","+8 Degats de Nature","+8 Degats de Nature",0xFF01FE,0,0,0,0,0,0,0,
65304,0,5,0,0,9,0,0,9,0,0,8,0,0,"+9 Degats de Nature","+9 Degats de Nature","+9 Degats de Nature","+9 Degats de Nature","+9 Degats de Nature","+9 Degats de Nature","+9 Degats de Nature","+9 Degats de Nature","+9 Degats de Nature","+9 Degats de Nature","+9 Degats de Nature","+9 Degats de Nature","+9 Degats de Nature","+9 Degats de Nature","+9 Degats de Nature","+9 Degats de Nature",0xFF01FE,0,0,0,0,0,0,0,
65305,0,5,0,0,10,0,0,10,0,0,8,0,0,"+10 Degats de Nature","+10 Degats de Nature","+10 Degats de Nature","+10 Degats de Nature","+10 Degats de Nature","+10 Degats de Nature","+10 Degats de Nature","+10 Degats de Nature","+10 Degats de Nature","+10 Degats de Nature","+10 Degats de Nature","+10 Degats de Nature","+10 Degats de Nature","+10 Degats de Nature","+10 Degats de Nature","+10 Degats de Nature",0xFF01FE,0,0,0,0,0,0,0,
65306,0,5,0,0,11,0,0,11,0,0,8,0,0,"+11 Degats de Nature","+11 Degats de Nature","+11 Degats de Nature","+11 Degats de Nature","+11 Degats de Nature","+11 Degats de Nature","+11 Degats de Nature","+11 Degats de Nature","+11 Degats de Nature","+11 Degats de Nature","+11 Degats de Nature","+11 Degats de Nature","+11 Degats de Nature","+11 Degats de Nature","+11 Degats de Nature","+11 Degats de Nature",0xFF01FE,0,0,0,0,0,0,0,
65307,0,5,0,0,12,0,0,12,0,0,8,0,0,"+12 Degats de Nature","+12 Degats de Nature","+12 Degats de Nature","+12 Degats de Nature","+12 Degats de Nature","+12 Degats de Nature","+12 Degats de Nature","+12 Degats de Nature","+12 Degats de Nature","+12 Degats de Nature","+12 Degats de Nature","+12 Degats de Nature","+12 Degats de Nature","+12 Degats de Nature","+12 Degats de Nature","+12 Degats de Nature",0xFF01FE,0,0,0,0,0,0,0,
65308,0,5,0,0,13,0,0,13,0,0,8,0,0,"+13 Degats de Nature","+13 Degats de Nature","+13 Degats de Nature","+13 Degats de Nature","+13 Degats de Nature","+13 Degats de Nature","+13 Degats de Nature","+13 Degats de Nature","+13 Degats de Nature","+13 Degats de Nature","+13 Degats de Nature","+13 Degats de Nature","+13 Degats de Nature","+13 Degats de Nature","+13 Degats de Nature","+13 Degats de Nature",0xFF01FE,0,0,0,0,0,0,0,
65309,0,5,0,0,14,0,0,14,0,0,8,0,0,"+14 Degats de Nature","+14 Degats de Nature","+14 Degats de Nature","+14 Degats de Nature","+14 Degats de Nature","+14 Degats de Nature","+14 Degats de Nature","+14 Degats de Nature","+14 Degats de Nature","+14 Degats de Nature","+14 Degats de Nature","+14 Degats de Nature","+14 Degats de Nature","+14 Degats de Nature","+14 Degats de Nature","+14 Degats de Nature",0xFF01FE,0,0,0,0,0,0,0,
65310,0,5,0,0,15,0,0,15,0,0,8,0,0,"+15 Degats de Nature","+15 Degats de Nature","+15 Degats de Nature","+15 Degats de Nature","+15 Degats de Nature","+15 Degats de Nature","+15 Degats de Nature","+15 Degats de Nature","+15 Degats de Nature","+15 Degats de Nature","+15 Degats de Nature","+15 Degats de Nature","+15 Degats de Nature","+15 Degats de Nature","+15 Degats de Nature","+15 Degats de Nature",0xFF01FE,0,0,0,0,0,0,0,
65311,0,5,0,0,16,0,0,16,0,0,8,0,0,"+16 Degats de Nature","+16 Degats de Nature","+16 Degats de Nature","+16 Degats de Nature","+16 Degats de Nature","+16 Degats de Nature","+16 Degats de Nature","+16 Degats de Nature","+16 Degats de Nature","+16 Degats de Nature","+16 Degats de Nature","+16 Degats de Nature","+16 Degats de Nature","+16 Degats de Nature","+16 Degats de Nature","+16 Degats de Nature",0xFF01FE,0,0,0,0,0,0,0,
65312,0,5,0,0,17,0,0,17,0,0,8,0,0,"+17 Degats de Nature","+17 Degats de Nature","+17 Degats de Nature","+17 Degats de Nature","+17 Degats de Nature","+17 Degats de Nature","+17 Degats de Nature","+17 Degats de Nature","+17 Degats de Nature","+17 Degats de Nature","+17 Degats de Nature","+17 Degats de Nature","+17 Degats de Nature","+17 Degats de Nature","+17 Degats de Nature","+17 Degats de Nature",0xFF01FE,0,0,0,0,0,0,0,
65313,0,5,0,0,18,0,0,18,0,0,8,0,0,"+18 Degats de Nature","+18 Degats de Nature","+18 Degats de Nature","+18 Degats de Nature","+18 Degats de Nature","+18 Degats de Nature","+18 Degats de Nature","+18 Degats de Nature","+18 Degats de Nature","+18 Degats de Nature","+18 Degats de Nature","+18 Degats de Nature","+18 Degats de Nature","+18 Degats de Nature","+18 Degats de Nature","+18 Degats de Nature",0xFF01FE,0,0,0,0,0,0,0,
65314,0,5,0,0,19,0,0,19,0,0,8,0,0,"+19 Degats de Nature","+19 Degats de Nature","+19 Degats de Nature","+19 Degats de Nature","+19 Degats de Nature","+19 Degats de Nature","+19 Degats de Nature","+19 Degats de Nature","+19 Degats de Nature","+19 Degats de Nature","+19 Degats de Nature","+19 Degats de Nature","+19 Degats de Nature","+19 Degats de Nature","+19 Degats de Nature","+19 Degats de Nature",0xFF01FE,0,0,0,0,0,0,0,
65315,0,5,0,0,20,0,0,20,0,0,8,0,0,"+20 Degats de Nature","+20 Degats de Nature","+20 Degats de Nature","+20 Degats de Nature","+20 Degats de Nature","+20 Degats de Nature","+20 Degats de Nature","+20 Degats de Nature","+20 Degats de Nature","+20 Degats de Nature","+20 Degats de Nature","+20 Degats de Nature","+20 Degats de Nature","+20 Degats de Nature","+20 Degats de Nature","+20 Degats de Nature",0xFF01FE,0,0,0,0,0,0,0,
65316,0,5,0,0,21,0,0,21,0,0,8,0,0,"+21 Degats de Nature","+21 Degats de Nature","+21 Degats de Nature","+21 Degats de Nature","+21 Degats de Nature","+21 Degats de Nature","+21 Degats de Nature","+21 Degats de Nature","+21 Degats de Nature","+21 Degats de Nature","+21 Degats de Nature","+21 Degats de Nature","+21 Degats de Nature","+21 Degats de Nature","+21 Degats de Nature","+21 Degats de Nature",0xFF01FE,0,0,0,0,0,0,0,
65317,0,5,0,0,22,0,0,22,0,0,8,0,0,"+22 Degats de Nature","+22 Degats de Nature","+22 Degats de Nature","+22 Degats de Nature","+22 Degats de Nature","+22 Degats de Nature","+22 Degats de Nature","+22 Degats de Nature","+22 Degats de Nature","+22 Degats de Nature","+22 Degats de Nature","+22 Degats de Nature","+22 Degats de Nature","+22 Degats de Nature","+22 Degats de Nature","+22 Degats de Nature",0xFF01FE,0,0,0,0,0,0,0,
65318,0,5,0,0,23,0,0,23,0,0,8,0,0,"+23 Degats de Nature","+23 Degats de Nature","+23 Degats de Nature","+23 Degats de Nature","+23 Degats de Nature","+23 Degats de Nature","+23 Degats de Nature","+23 Degats de Nature","+23 Degats de Nature","+23 Degats de Nature","+23 Degats de Nature","+23 Degats de Nature","+23 Degats de Nature","+23 Degats de Nature","+23 Degats de Nature","+23 Degats de Nature",0xFF01FE,0,0,0,0,0,0,0,
65319,0,5,0,0,24,0,0,24,0,0,8,0,0,"+24 Degats de Nature","+24 Degats de Nature","+24 Degats de Nature","+24 Degats de Nature","+24 Degats de Nature","+24 Degats de Nature","+24 Degats de Nature","+24 Degats de Nature","+24 Degats de Nature","+24 Degats de Nature","+24 Degats de Nature","+24 Degats de Nature","+24 Degats de Nature","+24 Degats de Nature","+24 Degats de Nature","+24 Degats de Nature",0xFF01FE,0,0,0,0,0,0,0,
65320,0,5,0,0,25,0,0,25,0,0,8,0,0,"+25 Degats de Nature","+25 Degats de Nature","+25 Degats de Nature","+25 Degats de Nature","+25 Degats de Nature","+25 Degats de Nature","+25 Degats de Nature","+25 Degats de Nature","+25 Degats de Nature","+25 Degats de Nature","+25 Degats de Nature","+25 Degats de Nature","+25 Degats de Nature","+25 Degats de Nature","+25 Degats de Nature","+25 Degats de Nature",0xFF01FE,0,0,0,0,0,0,0,
65321,0,5,0,0,26,0,0,26,0,0,8,0,0,"+26 Degats de Nature","+26 Degats de Nature","+26 Degats de Nature","+26 Degats de Nature","+26 Degats de Nature","+26 Degats de Nature","+26 Degats de Nature","+26 Degats de Nature","+26 Degats de Nature","+26 Degats de Nature","+26 Degats de Nature","+26 Degats de Nature","+26 Degats de Nature","+26 Degats de Nature","+26 Degats de Nature","+26 Degats de Nature",0xFF01FE,0,0,0,0,0,0,0,
65322,0,5,0,0,27,0,0,27,0,0,8,0,0,"+27 Degats de Nature","+27 Degats de Nature","+27 Degats de Nature","+27 Degats de Nature","+27 Degats de Nature","+27 Degats de Nature","+27 Degats de Nature","+27 Degats de Nature","+27 Degats de Nature","+27 Degats de Nature","+27 Degats de Nature","+27 Degats de Nature","+27 Degats de Nature","+27 Degats de Nature","+27 Degats de Nature","+27 Degats de Nature",0xFF01FE,0,0,0,0,0,0,0,
65323,0,5,0,0,28,0,0,28,0,0,8,0,0,"+28 Degats de Nature","+28 Degats de Nature","+28 Degats de Nature","+28 Degats de Nature","+28 Degats de Nature","+28 Degats de Nature","+28 Degats de Nature","+28 Degats de Nature","+28 Degats de Nature","+28 Degats de Nature","+28 Degats de Nature","+28 Degats de Nature","+28 Degats de Nature","+28 Degats de Nature","+28 Degats de Nature","+28 Degats de Nature",0xFF01FE,0,0,0,0,0,0,0,
65324,0,5,0,0,29,0,0,29,0,0,8,0,0,"+29 Degats de Nature","+29 Degats de Nature","+29 Degats de Nature","+29 Degats de Nature","+29 Degats de Nature","+29 Degats de Nature","+29 Degats de Nature","+29 Degats de Nature","+29 Degats de Nature","+29 Degats de Nature","+29 Degats de Nature","+29 Degats de Nature","+29 Degats de Nature","+29 Degats de Nature","+29 Degats de Nature","+29 Degats de Nature",0xFF01FE,0,0,0,0,0,0,0,
65325,0,5,0,0,30,0,0,30,0,0,8,0,0,"+30 Degats de Nature","+30 Degats de Nature","+30 Degats de Nature","+30 Degats de Nature","+30 Degats de Nature","+30 Degats de Nature","+30 Degats de Nature","+30 Degats de Nature","+30 Degats de Nature","+30 Degats de Nature","+30 Degats de Nature","+30 Degats de Nature","+30 Degats de Nature","+30 Degats de Nature","+30 Degats de Nature","+30 Degats de Nature",0xFF01FE,0,0,0,0,0,0,0,
65326,0,5,0,0,31,0,0,31,0,0,8,0,0,"+31 Degats de Nature","+31 Degats de Nature","+31 Degats de Nature","+31 Degats de Nature","+31 Degats de Nature","+31 Degats de Nature","+31 Degats de Nature","+31 Degats de Nature","+31 Degats de Nature","+31 Degats de Nature","+31 Degats de Nature","+31 Degats de Nature","+31 Degats de Nature","+31 Degats de Nature","+31 Degats de Nature","+31 Degats de Nature",0xFF01FE,0,0,0,0,0,0,0,
65327,0,5,0,0,32,0,0,32,0,0,8,0,0,"+32 Degats de Nature","+32 Degats de Nature","+32 Degats de Nature","+32 Degats de Nature","+32 Degats de Nature","+32 Degats de Nature","+32 Degats de Nature","+32 Degats de Nature","+32 Degats de Nature","+32 Degats de Nature","+32 Degats de Nature","+32 Degats de Nature","+32 Degats de Nature","+32 Degats de Nature","+32 Degats de Nature","+32 Degats de Nature",0xFF01FE,0,0,0,0,0,0,0,
65328,0,5,0,0,33,0,0,33,0,0,8,0,0,"+33 Degats de Nature","+33 Degats de Nature","+33 Degats de Nature","+33 Degats de Nature","+33 Degats de Nature","+33 Degats de Nature","+33 Degats de Nature","+33 Degats de Nature","+33 Degats de Nature","+33 Degats de Nature","+33 Degats de Nature","+33 Degats de Nature","+33 Degats de Nature","+33 Degats de Nature","+33 Degats de Nature","+33 Degats de Nature",0xFF01FE,0,0,0,0,0,0,0,
65329,0,5,0,0,34,0,0,34,0,0,8,0,0,"+34 Degats de Nature","+34 Degats de Nature","+34 Degats de Nature","+34 Degats de Nature","+34 Degats de Nature","+34 Degats de Nature","+34 Degats de Nature","+34 Degats de Nature","+34 Degats de Nature","+34 Degats de Nature","+34 Degats de Nature","+34 Degats de Nature","+34 Degats de Nature","+34 Degats de Nature","+34 Degats de Nature","+34 Degats de Nature",0xFF01FE,0,0,0,0,0,0,0,
65330,0,5,0,0,35,0,0,35,0,0,8,0,0,"+35 Degats de Nature","+35 Degats de Nature","+35 Degats de Nature","+35 Degats de Nature","+35 Degats de Nature","+35 Degats de Nature","+35 Degats de Nature","+35 Degats de Nature","+35 Degats de Nature","+35 Degats de Nature","+35 Degats de Nature","+35 Degats de Nature","+35 Degats de Nature","+35 Degats de Nature","+35 Degats de Nature","+35 Degats de Nature",0xFF01FE,0,0,0,0,0,0,0,
65331,0,5,0,0,36,0,0,36,0,0,8,0,0,"+36 Degats de Nature","+36 Degats de Nature","+36 Degats de Nature","+36 Degats de Nature","+36 Degats de Nature","+36 Degats de Nature","+36 Degats de Nature","+36 Degats de Nature","+36 Degats de Nature","+36 Degats de Nature","+36 Degats de Nature","+36 Degats de Nature","+36 Degats de Nature","+36 Degats de Nature","+36 Degats de Nature","+36 Degats de Nature",0xFF01FE,0,0,0,0,0,0,0,
65332,0,5,0,0,37,0,0,37,0,0,8,0,0,"+37 Degats de Nature","+37 Degats de Nature","+37 Degats de Nature","+37 Degats de Nature","+37 Degats de Nature","+37 Degats de Nature","+37 Degats de Nature","+37 Degats de Nature","+37 Degats de Nature","+37 Degats de Nature","+37 Degats de Nature","+37 Degats de Nature","+37 Degats de Nature","+37 Degats de Nature","+37 Degats de Nature","+37 Degats de Nature",0xFF01FE,0,0,0,0,0,0,0,
65333,0,5,0,0,38,0,0,38,0,0,8,0,0,"+38 Degats de Nature","+38 Degats de Nature","+38 Degats de Nature","+38 Degats de Nature","+38 Degats de Nature","+38 Degats de Nature","+38 Degats de Nature","+38 Degats de Nature","+38 Degats de Nature","+38 Degats de Nature","+38 Degats de Nature","+38 Degats de Nature","+38 Degats de Nature","+38 Degats de Nature","+38 Degats de Nature","+38 Degats de Nature",0xFF01FE,0,0,0,0,0,0,0,
65334,0,5,0,0,39,0,0,39,0,0,8,0,0,"+39 Degats de Nature","+39 Degats de Nature","+39 Degats de Nature","+39 Degats de Nature","+39 Degats de Nature","+39 Degats de Nature","+39 Degats de Nature","+39 Degats de Nature","+39 Degats de Nature","+39 Degats de Nature","+39 Degats de Nature","+39 Degats de Nature","+39 Degats de Nature","+39 Degats de Nature","+39 Degats de Nature","+39 Degats de Nature",0xFF01FE,0,0,0,0,0,0,0,
65335,0,5,0,0,40,0,0,40,0,0,8,0,0,"+40 Degats de Nature","+40 Degats de Nature","+40 Degats de Nature","+40 Degats de Nature","+40 Degats de Nature","+40 Degats de Nature","+40 Degats de Nature","+40 Degats de Nature","+40 Degats de Nature","+40 Degats de Nature","+40 Degats de Nature","+40 Degats de Nature","+40 Degats de Nature","+40 Degats de Nature","+40 Degats de Nature","+40 Degats de Nature",0xFF01FE,0,0,0,0,0,0,0,
65336,0,5,0,0,41,0,0,41,0,0,8,0,0,"+41 Degats de Nature","+41 Degats de Nature","+41 Degats de Nature","+41 Degats de Nature","+41 Degats de Nature","+41 Degats de Nature","+41 Degats de Nature","+41 Degats de Nature","+41 Degats de Nature","+41 Degats de Nature","+41 Degats de Nature","+41 Degats de Nature","+41 Degats de Nature","+41 Degats de Nature","+41 Degats de Nature","+41 Degats de Nature",0xFF01FE,0,0,0,0,0,0,0,
65337,0,5,0,0,42,0,0,42,0,0,8,0,0,"+42 Degats de Nature","+42 Degats de Nature","+42 Degats de Nature","+42 Degats de Nature","+42 Degats de Nature","+42 Degats de Nature","+42 Degats de Nature","+42 Degats de Nature","+42 Degats de Nature","+42 Degats de Nature","+42 Degats de Nature","+42 Degats de Nature","+42 Degats de Nature","+42 Degats de Nature","+42 Degats de Nature","+42 Degats de Nature",0xFF01FE,0,0,0,0,0,0,0,
65338,0,5,0,0,43,0,0,43,0,0,8,0,0,"+43 Degats de Nature","+43 Degats de Nature","+43 Degats de Nature","+43 Degats de Nature","+43 Degats de Nature","+43 Degats de Nature","+43 Degats de Nature","+43 Degats de Nature","+43 Degats de Nature","+43 Degats de Nature","+43 Degats de Nature","+43 Degats de Nature","+43 Degats de Nature","+43 Degats de Nature","+43 Degats de Nature","+43 Degats de Nature",0xFF01FE,0,0,0,0,0,0,0,
65339,0,5,0,0,44,0,0,44,0,0,8,0,0,"+44 Degats de Nature","+44 Degats de Nature","+44 Degats de Nature","+44 Degats de Nature","+44 Degats de Nature","+44 Degats de Nature","+44 Degats de Nature","+44 Degats de Nature","+44 Degats de Nature","+44 Degats de Nature","+44 Degats de Nature","+44 Degats de Nature","+44 Degats de Nature","+44 Degats de Nature","+44 Degats de Nature","+44 Degats de Nature",0xFF01FE,0,0,0,0,0,0,0,
65340,0,5,0,0,45,0,0,45,0,0,8,0,0,"+45 Degats de Nature","+45 Degats de Nature","+45 Degats de Nature","+45 Degats de Nature","+45 Degats de Nature","+45 Degats de Nature","+45 Degats de Nature","+45 Degats de Nature","+45 Degats de Nature","+45 Degats de Nature","+45 Degats de Nature","+45 Degats de Nature","+45 Degats de Nature","+45 Degats de Nature","+45 Degats de Nature","+45 Degats de Nature",0xFF01FE,0,0,0,0,0,0,0,
65400,0,5,0,0,5,0,0,5,0,0,32,0,0,"+5 Degats Ombre","+5 Degats Ombre","+5 Degats Ombre","+5 Degats Ombre","+5 Degats Ombre","+5 Degats Ombre","+5 Degats Ombre","+5 Degats Ombre","+5 Degats Ombre","+5 Degats Ombre","+5 Degats Ombre","+5 Degats Ombre","+5 Degats Ombre","+5 Degats Ombre","+5 Degats Ombre","+5 Degats Ombre",0xFF01FE,0,0,0,0,0,0,0,
65401,0,5,0,0,6,0,0,6,0,0,32,0,0,"+6 Degats Ombre","+6 Degats Ombre","+6 Degats Ombre","+6 Degats Ombre","+6 Degats Ombre","+6 Degats Ombre","+6 Degats Ombre","+6 Degats Ombre","+6 Degats Ombre","+6 Degats Ombre","+6 Degats Ombre","+6 Degats Ombre","+6 Degats Ombre","+6 Degats Ombre","+6 Degats Ombre","+6 Degats Ombre",0xFF01FE,0,0,0,0,0,0,0,
65402,0,5,0,0,7,0,0,7,0,0,32,0,0,"+7 Degats Ombre","+7 Degats Ombre","+7 Degats Ombre","+7 Degats Ombre","+7 Degats Ombre","+7 Degats Ombre","+7 Degats Ombre","+7 Degats Ombre","+7 Degats Ombre","+7 Degats Ombre","+7 Degats Ombre","+7 Degats Ombre","+7 Degats Ombre","+7 Degats Ombre","+7 Degats Ombre","+7 Degats Ombre",0xFF01FE,0,0,0,0,0,0,0,
65403,0,5,0,0,8,0,0,8,0,0,32,0,0,"+8 Degats Ombre","+8 Degats Ombre","+8 Degats Ombre","+8 Degats Ombre","+8 Degats Ombre","+8 Degats Ombre","+8 Degats Ombre","+8 Degats Ombre","+8 Degats Ombre","+8 Degats Ombre","+8 Degats Ombre","+8 Degats Ombre","+8 Degats Ombre","+8 Degats Ombre","+8 Degats Ombre","+8 Degats Ombre",0xFF01FE,0,0,0,0,0,0,0,
65404,0,5,0,0,9,0,0,9,0,0,32,0,0,"+9 Degats Ombre","+9 Degats Ombre","+9 Degats Ombre","+9 Degats Ombre","+9 Degats Ombre","+9 Degats Ombre","+9 Degats Ombre","+9 Degats Ombre","+9 Degats Ombre","+9 Degats Ombre","+9 Degats Ombre","+9 Degats Ombre","+9 Degats Ombre","+9 Degats Ombre","+9 Degats Ombre","+9 Degats Ombre",0xFF01FE,0,0,0,0,0,0,0,
65405,0,5,0,0,10,0,0,10,0,0,32,0,0,"+10 Degats Ombre","+10 Degats Ombre","+10 Degats Ombre","+10 Degats Ombre","+10 Degats Ombre","+10 Degats Ombre","+10 Degats Ombre","+10 Degats Ombre","+10 Degats Ombre","+10 Degats Ombre","+10 Degats Ombre","+10 Degats Ombre","+10 Degats Ombre","+10 Degats Ombre","+10 Degats Ombre","+10 Degats Ombre",0xFF01FE,0,0,0,0,0,0,0,
65406,0,5,0,0,11,0,0,11,0,0,32,0,0,"+11 Degats Ombre","+11 Degats Ombre","+11 Degats Ombre","+11 Degats Ombre","+11 Degats Ombre","+11 Degats Ombre","+11 Degats Ombre","+11 Degats Ombre","+11 Degats Ombre","+11 Degats Ombre","+11 Degats Ombre","+11 Degats Ombre","+11 Degats Ombre","+11 Degats Ombre","+11 Degats Ombre","+11 Degats Ombre",0xFF01FE,0,0,0,0,0,0,0,
65407,0,5,0,0,12,0,0,12,0,0,32,0,0,"+12 Degats Ombre","+12 Degats Ombre","+12 Degats Ombre","+12 Degats Ombre","+12 Degats Ombre","+12 Degats Ombre","+12 Degats Ombre","+12 Degats Ombre","+12 Degats Ombre","+12 Degats Ombre","+12 Degats Ombre","+12 Degats Ombre","+12 Degats Ombre","+12 Degats Ombre","+12 Degats Ombre","+12 Degats Ombre",0xFF01FE,0,0,0,0,0,0,0,
65408,0,5,0,0,13,0,0,13,0,0,32,0,0,"+13 Degats Ombre","+13 Degats Ombre","+13 Degats Ombre","+13 Degats Ombre","+13 Degats Ombre","+13 Degats Ombre","+13 Degats Ombre","+13 Degats Ombre","+13 Degats Ombre","+13 Degats Ombre","+13 Degats Ombre","+13 Degats Ombre","+13 Degats Ombre","+13 Degats Ombre","+13 Degats Ombre","+13 Degats Ombre",0xFF01FE,0,0,0,0,0,0,0,
65409,0,5,0,0,14,0,0,14,0,0,32,0,0,"+14 Degats Ombre","+14 Degats Ombre","+14 Degats Ombre","+14 Degats Ombre","+14 Degats Ombre","+14 Degats Ombre","+14 Degats Ombre","+14 Degats Ombre","+14 Degats Ombre","+14 Degats Ombre","+14 Degats Ombre","+14 Degats Ombre","+14 Degats Ombre","+14 Degats Ombre","+14 Degats Ombre","+14 Degats Ombre",0xFF01FE,0,0,0,0,0,0,0,
65410,0,5,0,0,15,0,0,15,0,0,32,0,0,"+15 Degats Ombre","+15 Degats Ombre","+15 Degats Ombre","+15 Degats Ombre","+15 Degats Ombre","+15 Degats Ombre","+15 Degats Ombre","+15 Degats Ombre","+15 Degats Ombre","+15 Degats Ombre","+15 Degats Ombre","+15 Degats Ombre","+15 Degats Ombre","+15 Degats Ombre","+15 Degats Ombre","+15 Degats Ombre",0xFF01FE,0,0,0,0,0,0,0,
65411,0,5,0,0,16,0,0,16,0,0,32,0,0,"+16 Degats Ombre","+16 Degats Ombre","+16 Degats Ombre","+16 Degats Ombre","+16 Degats Ombre","+16 Degats Ombre","+16 Degats Ombre","+16 Degats Ombre","+16 Degats Ombre","+16 Degats Ombre","+16 Degats Ombre","+16 Degats Ombre","+16 Degats Ombre","+16 Degats Ombre","+16 Degats Ombre","+16 Degats Ombre",0xFF01FE,0,0,0,0,0,0,0,
65412,0,5,0,0,17,0,0,17,0,0,32,0,0,"+17 Degats Ombre","+17 Degats Ombre","+17 Degats Ombre","+17 Degats Ombre","+17 Degats Ombre","+17 Degats Ombre","+17 Degats Ombre","+17 Degats Ombre","+17 Degats Ombre","+17 Degats Ombre","+17 Degats Ombre","+17 Degats Ombre","+17 Degats Ombre","+17 Degats Ombre","+17 Degats Ombre","+17 Degats Ombre",0xFF01FE,0,0,0,0,0,0,0,
65413,0,5,0,0,18,0,0,18,0,0,32,0,0,"+18 Degats Ombre","+18 Degats Ombre","+18 Degats Ombre","+18 Degats Ombre","+18 Degats Ombre","+18 Degats Ombre","+18 Degats Ombre","+18 Degats Ombre","+18 Degats Ombre","+18 Degats Ombre","+18 Degats Ombre","+18 Degats Ombre","+18 Degats Ombre","+18 Degats Ombre","+18 Degats Ombre","+18 Degats Ombre",0xFF01FE,0,0,0,0,0,0,0,
65414,0,5,0,0,19,0,0,19,0,0,32,0,0,"+19 Degats Ombre","+19 Degats Ombre","+19 Degats Ombre","+19 Degats Ombre","+19 Degats Ombre","+19 Degats Ombre","+19 Degats Ombre","+19 Degats Ombre","+19 Degats Ombre","+19 Degats Ombre","+19 Degats Ombre","+19 Degats Ombre","+19 Degats Ombre","+19 Degats Ombre","+19 Degats Ombre","+19 Degats Ombre",0xFF01FE,0,0,0,0,0,0,0,
65415,0,5,0,0,20,0,0,20,0,0,32,0,0,"+20 Degats Ombre","+20 Degats Ombre","+20 Degats Ombre","+20 Degats Ombre","+20 Degats Ombre","+20 Degats Ombre","+20 Degats Ombre","+20 Degats Ombre","+20 Degats Ombre","+20 Degats Ombre","+20 Degats Ombre","+20 Degats Ombre","+20 Degats Ombre","+20 Degats Ombre","+20 Degats Ombre","+20 Degats Ombre",0xFF01FE,0,0,0,0,0,0,0,
65416,0,5,0,0,21,0,0,21,0,0,32,0,0,"+21 Degats Ombre","+21 Degats Ombre","+21 Degats Ombre","+21 Degats Ombre","+21 Degats Ombre","+21 Degats Ombre","+21 Degats Ombre","+21 Degats Ombre","+21 Degats Ombre","+21 Degats Ombre","+21 Degats Ombre","+21 Degats Ombre","+21 Degats Ombre","+21 Degats Ombre","+21 Degats Ombre","+21 Degats Ombre",0xFF01FE,0,0,0,0,0,0,0,
65417,0,5,0,0,22,0,0,22,0,0,32,0,0,"+22 Degats Ombre","+22 Degats Ombre","+22 Degats Ombre","+22 Degats Ombre","+22 Degats Ombre","+22 Degats Ombre","+22 Degats Ombre","+22 Degats Ombre","+22 Degats Ombre","+22 Degats Ombre","+22 Degats Ombre","+22 Degats Ombre","+22 Degats Ombre","+22 Degats Ombre","+22 Degats Ombre","+22 Degats Ombre",0xFF01FE,0,0,0,0,0,0,0,
65418,0,5,0,0,23,0,0,23,0,0,32,0,0,"+23 Degats Ombre","+23 Degats Ombre","+23 Degats Ombre","+23 Degats Ombre","+23 Degats Ombre","+23 Degats Ombre","+23 Degats Ombre","+23 Degats Ombre","+23 Degats Ombre","+23 Degats Ombre","+23 Degats Ombre","+23 Degats Ombre","+23 Degats Ombre","+23 Degats Ombre","+23 Degats Ombre","+23 Degats Ombre",0xFF01FE,0,0,0,0,0,0,0,
65419,0,5,0,0,24,0,0,24,0,0,32,0,0,"+24 Degats Ombre","+24 Degats Ombre","+24 Degats Ombre","+24 Degats Ombre","+24 Degats Ombre","+24 Degats Ombre","+24 Degats Ombre","+24 Degats Ombre","+24 Degats Ombre","+24 Degats Ombre","+24 Degats Ombre","+24 Degats Ombre","+24 Degats Ombre","+24 Degats Ombre","+24 Degats Ombre","+24 Degats Ombre",0xFF01FE,0,0,0,0,0,0,0,
65420,0,5,0,0,25,0,0,25,0,0,32,0,0,"+25 Degats Ombre","+25 Degats Ombre","+25 Degats Ombre","+25 Degats Ombre","+25 Degats Ombre","+25 Degats Ombre","+25 Degats Ombre","+25 Degats Ombre","+25 Degats Ombre","+25 Degats Ombre","+25 Degats Ombre","+25 Degats Ombre","+25 Degats Ombre","+25 Degats Ombre","+25 Degats Ombre","+25 Degats Ombre",0xFF01FE,0,0,0,0,0,0,0,
65421,0,5,0,0,26,0,0,26,0,0,32,0,0,"+26 Degats Ombre","+26 Degats Ombre","+26 Degats Ombre","+26 Degats Ombre","+26 Degats Ombre","+26 Degats Ombre","+26 Degats Ombre","+26 Degats Ombre","+26 Degats Ombre","+26 Degats Ombre","+26 Degats Ombre","+26 Degats Ombre","+26 Degats Ombre","+26 Degats Ombre","+26 Degats Ombre","+26 Degats Ombre",0xFF01FE,0,0,0,0,0,0,0,
65422,0,5,0,0,27,0,0,27,0,0,32,0,0,"+27 Degats Ombre","+27 Degats Ombre","+27 Degats Ombre","+27 Degats Ombre","+27 Degats Ombre","+27 Degats Ombre","+27 Degats Ombre","+27 Degats Ombre","+27 Degats Ombre","+27 Degats Ombre","+27 Degats Ombre","+27 Degats Ombre","+27 Degats Ombre","+27 Degats Ombre","+27 Degats Ombre","+27 Degats Ombre",0xFF01FE,0,0,0,0,0,0,0,
65423,0,5,0,0,28,0,0,28,0,0,32,0,0,"+28 Degats Ombre","+28 Degats Ombre","+28 Degats Ombre","+28 Degats Ombre","+28 Degats Ombre","+28 Degats Ombre","+28 Degats Ombre","+28 Degats Ombre","+28 Degats Ombre","+28 Degats Ombre","+28 Degats Ombre","+28 Degats Ombre","+28 Degats Ombre","+28 Degats Ombre","+28 Degats Ombre","+28 Degats Ombre",0xFF01FE,0,0,0,0,0,0,0,
65424,0,5,0,0,29,0,0,29,0,0,32,0,0,"+29 Degats Ombre","+29 Degats Ombre","+29 Degats Ombre","+29 Degats Ombre","+29 Degats Ombre","+29 Degats Ombre","+29 Degats Ombre","+29 Degats Ombre","+29 Degats Ombre","+29 Degats Ombre","+29 Degats Ombre","+29 Degats Ombre","+29 Degats Ombre","+29 Degats Ombre","+29 Degats Ombre","+29 Degats Ombre",0xFF01FE,0,0,0,0,0,0,0,
65425,0,5,0,0,30,0,0,30,0,0,32,0,0,"+30 Degats Ombre","+30 Degats Ombre","+30 Degats Ombre","+30 Degats Ombre","+30 Degats Ombre","+30 Degats Ombre","+30 Degats Ombre","+30 Degats Ombre","+30 Degats Ombre","+30 Degats Ombre","+30 Degats Ombre","+30 Degats Ombre","+30 Degats Ombre","+30 Degats Ombre","+30 Degats Ombre","+30 Degats Ombre",0xFF01FE,0,0,0,0,0,0,0,
65426,0,5,0,0,31,0,0,31,0,0,32,0,0,"+31 Degats Ombre","+31 Degats Ombre","+31 Degats Ombre","+31 Degats Ombre","+31 Degats Ombre","+31 Degats Ombre","+31 Degats Ombre","+31 Degats Ombre","+31 Degats Ombre","+31 Degats Ombre","+31 Degats Ombre","+31 Degats Ombre","+31 Degats Ombre","+31 Degats Ombre","+31 Degats Ombre","+31 Degats Ombre",0xFF01FE,0,0,0,0,0,0,0,
65427,0,5,0,0,32,0,0,32,0,0,32,0,0,"+32 Degats Ombre","+32 Degats Ombre","+32 Degats Ombre","+32 Degats Ombre","+32 Degats Ombre","+32 Degats Ombre","+32 Degats Ombre","+32 Degats Ombre","+32 Degats Ombre","+32 Degats Ombre","+32 Degats Ombre","+32 Degats Ombre","+32 Degats Ombre","+32 Degats Ombre","+32 Degats Ombre","+32 Degats Ombre",0xFF01FE,0,0,0,0,0,0,0,
65428,0,5,0,0,33,0,0,33,0,0,32,0,0,"+33 Degats Ombre","+33 Degats Ombre","+33 Degats Ombre","+33 Degats Ombre","+33 Degats Ombre","+33 Degats Ombre","+33 Degats Ombre","+33 Degats Ombre","+33 Degats Ombre","+33 Degats Ombre","+33 Degats Ombre","+33 Degats Ombre","+33 Degats Ombre","+33 Degats Ombre","+33 Degats Ombre","+33 Degats Ombre",0xFF01FE,0,0,0,0,0,0,0,
65429,0,5,0,0,34,0,0,34,0,0,32,0,0,"+34 Degats Ombre","+34 Degats Ombre","+34 Degats Ombre","+34 Degats Ombre","+34 Degats Ombre","+34 Degats Ombre","+34 Degats Ombre","+34 Degats Ombre","+34 Degats Ombre","+34 Degats Ombre","+34 Degats Ombre","+34 Degats Ombre","+34 Degats Ombre","+34 Degats Ombre","+34 Degats Ombre","+34 Degats Ombre",0xFF01FE,0,0,0,0,0,0,0,
65430,0,5,0,0,35,0,0,35,0,0,32,0,0,"+35 Degats Ombre","+35 Degats Ombre","+35 Degats Ombre","+35 Degats Ombre","+35 Degats Ombre","+35 Degats Ombre","+35 Degats Ombre","+35 Degats Ombre","+35 Degats Ombre","+35 Degats Ombre","+35 Degats Ombre","+35 Degats Ombre","+35 Degats Ombre","+35 Degats Ombre","+35 Degats Ombre","+35 Degats Ombre",0xFF01FE,0,0,0,0,0,0,0,
65431,0,5,0,0,36,0,0,36,0,0,32,0,0,"+36 Degats Ombre","+36 Degats Ombre","+36 Degats Ombre","+36 Degats Ombre","+36 Degats Ombre","+36 Degats Ombre","+36 Degats Ombre","+36 Degats Ombre","+36 Degats Ombre","+36 Degats Ombre","+36 Degats Ombre","+36 Degats Ombre","+36 Degats Ombre","+36 Degats Ombre","+36 Degats Ombre","+36 Degats Ombre",0xFF01FE,0,0,0,0,0,0,0,
65432,0,5,0,0,37,0,0,37,0,0,32,0,0,"+37 Degats Ombre","+37 Degats Ombre","+37 Degats Ombre","+37 Degats Ombre","+37 Degats Ombre","+37 Degats Ombre","+37 Degats Ombre","+37 Degats Ombre","+37 Degats Ombre","+37 Degats Ombre","+37 Degats Ombre","+37 Degats Ombre","+37 Degats Ombre","+37 Degats Ombre","+37 Degats Ombre","+37 Degats Ombre",0xFF01FE,0,0,0,0,0,0,0,
65433,0,5,0,0,38,0,0,38,0,0,32,0,0,"+38 Degats Ombre","+38 Degats Ombre","+38 Degats Ombre","+38 Degats Ombre","+38 Degats Ombre","+38 Degats Ombre","+38 Degats Ombre","+38 Degats Ombre","+38 Degats Ombre","+38 Degats Ombre","+38 Degats Ombre","+38 Degats Ombre","+38 Degats Ombre","+38 Degats Ombre","+38 Degats Ombre","+38 Degats Ombre",0xFF01FE,0,0,0,0,0,0,0,
65434,0,5,0,0,39,0,0,39,0,0,32,0,0,"+39 Degats Ombre","+39 Degats Ombre","+39 Degats Ombre","+39 Degats Ombre","+39 Degats Ombre","+39 Degats Ombre","+39 Degats Ombre","+39 Degats Ombre","+39 Degats Ombre","+39 Degats Ombre","+39 Degats Ombre","+39 Degats Ombre","+39 Degats Ombre","+39 Degats Ombre","+39 Degats Ombre","+39 Degats Ombre",0xFF01FE,0,0,0,0,0,0,0,
65435,0,5,0,0,40,0,0,40,0,0,32,0,0,"+40 Degats Ombre","+40 Degats Ombre","+40 Degats Ombre","+40 Degats Ombre","+40 Degats Ombre","+40 Degats Ombre","+40 Degats Ombre","+40 Degats Ombre","+40 Degats Ombre","+40 Degats Ombre","+40 Degats Ombre","+40 Degats Ombre","+40 Degats Ombre","+40 Degats Ombre","+40 Degats Ombre","+40 Degats Ombre",0xFF01FE,0,0,0,0,0,0,0,
65436,0,5,0,0,41,0,0,41,0,0,32,0,0,"+41 Degats Ombre","+41 Degats Ombre","+41 Degats Ombre","+41 Degats Ombre","+41 Degats Ombre","+41 Degats Ombre","+41 Degats Ombre","+41 Degats Ombre","+41 Degats Ombre","+41 Degats Ombre","+41 Degats Ombre","+41 Degats Ombre","+41 Degats Ombre","+41 Degats Ombre","+41 Degats Ombre","+41 Degats Ombre",0xFF01FE,0,0,0,0,0,0,0,
65437,0,5,0,0,42,0,0,42,0,0,32,0,0,"+42 Degats Ombre","+42 Degats Ombre","+42 Degats Ombre","+42 Degats Ombre","+42 Degats Ombre","+42 Degats Ombre","+42 Degats Ombre","+42 Degats Ombre","+42 Degats Ombre","+42 Degats Ombre","+42 Degats Ombre","+42 Degats Ombre","+42 Degats Ombre","+42 Degats Ombre","+42 Degats Ombre","+42 Degats Ombre",0xFF01FE,0,0,0,0,0,0,0,
65438,0,5,0,0,43,0,0,43,0,0,32,0,0,"+43 Degats Ombre","+43 Degats Ombre","+43 Degats Ombre","+43 Degats Ombre","+43 Degats Ombre","+43 Degats Ombre","+43 Degats Ombre","+43 Degats Ombre","+43 Degats Ombre","+43 Degats Ombre","+43 Degats Ombre","+43 Degats Ombre","+43 Degats Ombre","+43 Degats Ombre","+43 Degats Ombre","+43 Degats Ombre",0xFF01FE,0,0,0,0,0,0,0,
65439,0,5,0,0,44,0,0,44,0,0,32,0,0,"+44 Degats Ombre","+44 Degats Ombre","+44 Degats Ombre","+44 Degats Ombre","+44 Degats Ombre","+44 Degats Ombre","+44 Degats Ombre","+44 Degats Ombre","+44 Degats Ombre","+44 Degats Ombre","+44 Degats Ombre","+44 Degats Ombre","+44 Degats Ombre","+44 Degats Ombre","+44 Degats Ombre","+44 Degats Ombre",0xFF01FE,0,0,0,0,0,0,0,
65440,0,5,0,0,45,0,0,45,0,0,32,0,0,"+45 Degats Ombre","+45 Degats Ombre","+45 Degats Ombre","+45 Degats Ombre","+45 Degats Ombre","+45 Degats Ombre","+45 Degats Ombre","+45 Degats Ombre","+45 Degats Ombre","+45 Degats Ombre","+45 Degats Ombre","+45 Degats Ombre","+45 Degats Ombre","+45 Degats Ombre","+45 Degats Ombre","+45 Degats Ombre",0xFF01FE,0,0,0,0,0,0,0,
65500,0,5,0,0,5,0,0,5,0,0,64,0,0,"+5 Degats Arcane","+5 Degats Arcane","+5 Degats Arcane","+5 Degats Arcane","+5 Degats Arcane","+5 Degats Arcane","+5 Degats Arcane","+5 Degats Arcane","+5 Degats Arcane","+5 Degats Arcane","+5 Degats Arcane","+5 Degats Arcane","+5 Degats Arcane","+5 Degats Arcane","+5 Degats Arcane","+5 Degats Arcane",0xFF01FE,0,0,0,0,0,0,0,
65501,0,5,0,0,6,0,0,6,0,0,64,0,0,"+6 Degats Arcane","+6 Degats Arcane","+6 Degats Arcane","+6 Degats Arcane","+6 Degats Arcane","+6 Degats Arcane","+6 Degats Arcane","+6 Degats Arcane","+6 Degats Arcane","+6 Degats Arcane","+6 Degats Arcane","+6 Degats Arcane","+6 Degats Arcane","+6 Degats Arcane","+6 Degats Arcane","+6 Degats Arcane",0xFF01FE,0,0,0,0,0,0,0,
65502,0,5,0,0,7,0,0,7,0,0,64,0,0,"+7 Degats Arcane","+7 Degats Arcane","+7 Degats Arcane","+7 Degats Arcane","+7 Degats Arcane","+7 Degats Arcane","+7 Degats Arcane","+7 Degats Arcane","+7 Degats Arcane","+7 Degats Arcane","+7 Degats Arcane","+7 Degats Arcane","+7 Degats Arcane","+7 Degats Arcane","+7 Degats Arcane","+7 Degats Arcane",0xFF01FE,0,0,0,0,0,0,0,
65503,0,5,0,0,8,0,0,8,0,0,64,0,0,"+8 Degats Arcane","+8 Degats Arcane","+8 Degats Arcane","+8 Degats Arcane","+8 Degats Arcane","+8 Degats Arcane","+8 Degats Arcane","+8 Degats Arcane","+8 Degats Arcane","+8 Degats Arcane","+8 Degats Arcane","+8 Degats Arcane","+8 Degats Arcane","+8 Degats Arcane","+8 Degats Arcane","+8 Degats Arcane",0xFF01FE,0,0,0,0,0,0,0,
65504,0,5,0,0,9,0,0,9,0,0,64,0,0,"+9 Degats Arcane","+9 Degats Arcane","+9 Degats Arcane","+9 Degats Arcane","+9 Degats Arcane","+9 Degats Arcane","+9 Degats Arcane","+9 Degats Arcane","+9 Degats Arcane","+9 Degats Arcane","+9 Degats Arcane","+9 Degats Arcane","+9 Degats Arcane","+9 Degats Arcane","+9 Degats Arcane","+9 Degats Arcane",0xFF01FE,0,0,0,0,0,0,0,
65505,0,5,0,0,10,0,0,10,0,0,64,0,0,"+10 Degats Arcane","+10 Degats Arcane","+10 Degats Arcane","+10 Degats Arcane","+10 Degats Arcane","+10 Degats Arcane","+10 Degats Arcane","+10 Degats Arcane","+10 Degats Arcane","+10 Degats Arcane","+10 Degats Arcane","+10 Degats Arcane","+10 Degats Arcane","+10 Degats Arcane","+10 Degats Arcane","+10 Degats Arcane",0xFF01FE,0,0,0,0,0,0,0,
65506,0,5,0,0,11,0,0,11,0,0,64,0,0,"+11 Degats Arcane","+11 Degats Arcane","+11 Degats Arcane","+11 Degats Arcane","+11 Degats Arcane","+11 Degats Arcane","+11 Degats Arcane","+11 Degats Arcane","+11 Degats Arcane","+11 Degats Arcane","+11 Degats Arcane","+11 Degats Arcane","+11 Degats Arcane","+11 Degats Arcane","+11 Degats Arcane","+11 Degats Arcane",0xFF01FE,0,0,0,0,0,0,0,
65507,0,5,0,0,12,0,0,12,0,0,64,0,0,"+12 Degats Arcane","+12 Degats Arcane","+12 Degats Arcane","+12 Degats Arcane","+12 Degats Arcane","+12 Degats Arcane","+12 Degats Arcane","+12 Degats Arcane","+12 Degats Arcane","+12 Degats Arcane","+12 Degats Arcane","+12 Degats Arcane","+12 Degats Arcane","+12 Degats Arcane","+12 Degats Arcane","+12 Degats Arcane",0xFF01FE,0,0,0,0,0,0,0,
65508,0,5,0,0,13,0,0,13,0,0,64,0,0,"+13 Degats Arcane","+13 Degats Arcane","+13 Degats Arcane","+13 Degats Arcane","+13 Degats Arcane","+13 Degats Arcane","+13 Degats Arcane","+13 Degats Arcane","+13 Degats Arcane","+13 Degats Arcane","+13 Degats Arcane","+13 Degats Arcane","+13 Degats Arcane","+13 Degats Arcane","+13 Degats Arcane","+13 Degats Arcane",0xFF01FE,0,0,0,0,0,0,0,
65509,0,5,0,0,14,0,0,14,0,0,64,0,0,"+14 Degats Arcane","+14 Degats Arcane","+14 Degats Arcane","+14 Degats Arcane","+14 Degats Arcane","+14 Degats Arcane","+14 Degats Arcane","+14 Degats Arcane","+14 Degats Arcane","+14 Degats Arcane","+14 Degats Arcane","+14 Degats Arcane","+14 Degats Arcane","+14 Degats Arcane","+14 Degats Arcane","+14 Degats Arcane",0xFF01FE,0,0,0,0,0,0,0,
65510,0,5,0,0,15,0,0,15,0,0,64,0,0,"+15 Degats Arcane","+15 Degats Arcane","+15 Degats Arcane","+15 Degats Arcane","+15 Degats Arcane","+15 Degats Arcane","+15 Degats Arcane","+15 Degats Arcane","+15 Degats Arcane","+15 Degats Arcane","+15 Degats Arcane","+15 Degats Arcane","+15 Degats Arcane","+15 Degats Arcane","+15 Degats Arcane","+15 Degats Arcane",0xFF01FE,0,0,0,0,0,0,0,
65511,0,5,0,0,16,0,0,16,0,0,64,0,0,"+16 Degats Arcane","+16 Degats Arcane","+16 Degats Arcane","+16 Degats Arcane","+16 Degats Arcane","+16 Degats Arcane","+16 Degats Arcane","+16 Degats Arcane","+16 Degats Arcane","+16 Degats Arcane","+16 Degats Arcane","+16 Degats Arcane","+16 Degats Arcane","+16 Degats Arcane","+16 Degats Arcane","+16 Degats Arcane",0xFF01FE,0,0,0,0,0,0,0,
65512,0,5,0,0,17,0,0,17,0,0,64,0,0,"+17 Degats Arcane","+17 Degats Arcane","+17 Degats Arcane","+17 Degats Arcane","+17 Degats Arcane","+17 Degats Arcane","+17 Degats Arcane","+17 Degats Arcane","+17 Degats Arcane","+17 Degats Arcane","+17 Degats Arcane","+17 Degats Arcane","+17 Degats Arcane","+17 Degats Arcane","+17 Degats Arcane","+17 Degats Arcane",0xFF01FE,0,0,0,0,0,0,0,
65513,0,5,0,0,18,0,0,18,0,0,64,0,0,"+18 Degats Arcane","+18 Degats Arcane","+18 Degats Arcane","+18 Degats Arcane","+18 Degats Arcane","+18 Degats Arcane","+18 Degats Arcane","+18 Degats Arcane","+18 Degats Arcane","+18 Degats Arcane","+18 Degats Arcane","+18 Degats Arcane","+18 Degats Arcane","+18 Degats Arcane","+18 Degats Arcane","+18 Degats Arcane",0xFF01FE,0,0,0,0,0,0,0,
65514,0,5,0,0,19,0,0,19,0,0,64,0,0,"+19 Degats Arcane","+19 Degats Arcane","+19 Degats Arcane","+19 Degats Arcane","+19 Degats Arcane","+19 Degats Arcane","+19 Degats Arcane","+19 Degats Arcane","+19 Degats Arcane","+19 Degats Arcane","+19 Degats Arcane","+19 Degats Arcane","+19 Degats Arcane","+19 Degats Arcane","+19 Degats Arcane","+19 Degats Arcane",0xFF01FE,0,0,0,0,0,0,0,
65515,0,5,0,0,20,0,0,20,0,0,64,0,0,"+20 Degats Arcane","+20 Degats Arcane","+20 Degats Arcane","+20 Degats Arcane","+20 Degats Arcane","+20 Degats Arcane","+20 Degats Arcane","+20 Degats Arcane","+20 Degats Arcane","+20 Degats Arcane","+20 Degats Arcane","+20 Degats Arcane","+20 Degats Arcane","+20 Degats Arcane","+20 Degats Arcane","+20 Degats Arcane",0xFF01FE,0,0,0,0,0,0,0,
65516,0,5,0,0,21,0,0,21,0,0,64,0,0,"+21 Degats Arcane","+21 Degats Arcane","+21 Degats Arcane","+21 Degats Arcane","+21 Degats Arcane","+21 Degats Arcane","+21 Degats Arcane","+21 Degats Arcane","+21 Degats Arcane","+21 Degats Arcane","+21 Degats Arcane","+21 Degats Arcane","+21 Degats Arcane","+21 Degats Arcane","+21 Degats Arcane","+21 Degats Arcane",0xFF01FE,0,0,0,0,0,0,0,
65517,0,5,0,0,22,0,0,22,0,0,64,0,0,"+22 Degats Arcane","+22 Degats Arcane","+22 Degats Arcane","+22 Degats Arcane","+22 Degats Arcane","+22 Degats Arcane","+22 Degats Arcane","+22 Degats Arcane","+22 Degats Arcane","+22 Degats Arcane","+22 Degats Arcane","+22 Degats Arcane","+22 Degats Arcane","+22 Degats Arcane","+22 Degats Arcane","+22 Degats Arcane",0xFF01FE,0,0,0,0,0,0,0,
65518,0,5,0,0,23,0,0,23,0,0,64,0,0,"+23 Degats Arcane","+23 Degats Arcane","+23 Degats Arcane","+23 Degats Arcane","+23 Degats Arcane","+23 Degats Arcane","+23 Degats Arcane","+23 Degats Arcane","+23 Degats Arcane","+23 Degats Arcane","+23 Degats Arcane","+23 Degats Arcane","+23 Degats Arcane","+23 Degats Arcane","+23 Degats Arcane","+23 Degats Arcane",0xFF01FE,0,0,0,0,0,0,0,
65519,0,5,0,0,24,0,0,24,0,0,64,0,0,"+24 Degats Arcane","+24 Degats Arcane","+24 Degats Arcane","+24 Degats Arcane","+24 Degats Arcane","+24 Degats Arcane","+24 Degats Arcane","+24 Degats Arcane","+24 Degats Arcane","+24 Degats Arcane","+24 Degats Arcane","+24 Degats Arcane","+24 Degats Arcane","+24 Degats Arcane","+24 Degats Arcane","+24 Degats Arcane",0xFF01FE,0,0,0,0,0,0,0,
65520,0,5,0,0,25,0,0,25,0,0,64,0,0,"+25 Degats Arcane","+25 Degats Arcane","+25 Degats Arcane","+25 Degats Arcane","+25 Degats Arcane","+25 Degats Arcane","+25 Degats Arcane","+25 Degats Arcane","+25 Degats Arcane","+25 Degats Arcane","+25 Degats Arcane","+25 Degats Arcane","+25 Degats Arcane","+25 Degats Arcane","+25 Degats Arcane","+25 Degats Arcane",0xFF01FE,0,0,0,0,0,0,0,
65521,0,5,0,0,26,0,0,26,0,0,64,0,0,"+26 Degats Arcane","+26 Degats Arcane","+26 Degats Arcane","+26 Degats Arcane","+26 Degats Arcane","+26 Degats Arcane","+26 Degats Arcane","+26 Degats Arcane","+26 Degats Arcane","+26 Degats Arcane","+26 Degats Arcane","+26 Degats Arcane","+26 Degats Arcane","+26 Degats Arcane","+26 Degats Arcane","+26 Degats Arcane",0xFF01FE,0,0,0,0,0,0,0,
65522,0,5,0,0,27,0,0,27,0,0,64,0,0,"+27 Degats Arcane","+27 Degats Arcane","+27 Degats Arcane","+27 Degats Arcane","+27 Degats Arcane","+27 Degats Arcane","+27 Degats Arcane","+27 Degats Arcane","+27 Degats Arcane","+27 Degats Arcane","+27 Degats Arcane","+27 Degats Arcane","+27 Degats Arcane","+27 Degats Arcane","+27 Degats Arcane","+27 Degats Arcane",0xFF01FE,0,0,0,0,0,0,0,
65523,0,5,0,0,28,0,0,28,0,0,64,0,0,"+28 Degats Arcane","+28 Degats Arcane","+28 Degats Arcane","+28 Degats Arcane","+28 Degats Arcane","+28 Degats Arcane","+28 Degats Arcane","+28 Degats Arcane","+28 Degats Arcane","+28 Degats Arcane","+28 Degats Arcane","+28 Degats Arcane","+28 Degats Arcane","+28 Degats Arcane","+28 Degats Arcane","+28 Degats Arcane",0xFF01FE,0,0,0,0,0,0,0,
65524,0,5,0,0,29,0,0,29,0,0,64,0,0,"+29 Degats Arcane","+29 Degats Arcane","+29 Degats Arcane","+29 Degats Arcane","+29 Degats Arcane","+29 Degats Arcane","+29 Degats Arcane","+29 Degats Arcane","+29 Degats Arcane","+29 Degats Arcane","+29 Degats Arcane","+29 Degats Arcane","+29 Degats Arcane","+29 Degats Arcane","+29 Degats Arcane","+29 Degats Arcane",0xFF01FE,0,0,0,0,0,0,0,
65525,0,5,0,0,30,0,0,30,0,0,64,0,0,"+30 Degats Arcane","+30 Degats Arcane","+30 Degats Arcane","+30 Degats Arcane","+30 Degats Arcane","+30 Degats Arcane","+30 Degats Arcane","+30 Degats Arcane","+30 Degats Arcane","+30 Degats Arcane","+30 Degats Arcane","+30 Degats Arcane","+30 Degats Arcane","+30 Degats Arcane","+30 Degats Arcane","+30 Degats Arcane",0xFF01FE,0,0,0,0,0,0,0,
65526,0,5,0,0,31,0,0,31,0,0,64,0,0,"+31 Degats Arcane","+31 Degats Arcane","+31 Degats Arcane","+31 Degats Arcane","+31 Degats Arcane","+31 Degats Arcane","+31 Degats Arcane","+31 Degats Arcane","+31 Degats Arcane","+31 Degats Arcane","+31 Degats Arcane","+31 Degats Arcane","+31 Degats Arcane","+31 Degats Arcane","+31 Degats Arcane","+31 Degats Arcane",0xFF01FE,0,0,0,0,0,0,0,
65527,0,5,0,0,32,0,0,32,0,0,64,0,0,"+32 Degats Arcane","+32 Degats Arcane","+32 Degats Arcane","+32 Degats Arcane","+32 Degats Arcane","+32 Degats Arcane","+32 Degats Arcane","+32 Degats Arcane","+32 Degats Arcane","+32 Degats Arcane","+32 Degats Arcane","+32 Degats Arcane","+32 Degats Arcane","+32 Degats Arcane","+32 Degats Arcane","+32 Degats Arcane",0xFF01FE,0,0,0,0,0,0,0,
65528,0,5,0,0,33,0,0,33,0,0,64,0,0,"+33 Degats Arcane","+33 Degats Arcane","+33 Degats Arcane","+33 Degats Arcane","+33 Degats Arcane","+33 Degats Arcane","+33 Degats Arcane","+33 Degats Arcane","+33 Degats Arcane","+33 Degats Arcane","+33 Degats Arcane","+33 Degats Arcane","+33 Degats Arcane","+33 Degats Arcane","+33 Degats Arcane","+33 Degats Arcane",0xFF01FE,0,0,0,0,0,0,0,
65529,0,5,0,0,34,0,0,34,0,0,64,0,0,"+34 Degats Arcane","+34 Degats Arcane","+34 Degats Arcane","+34 Degats Arcane","+34 Degats Arcane","+34 Degats Arcane","+34 Degats Arcane","+34 Degats Arcane","+34 Degats Arcane","+34 Degats Arcane","+34 Degats Arcane","+34 Degats Arcane","+34 Degats Arcane","+34 Degats Arcane","+34 Degats Arcane","+34 Degats Arcane",0xFF01FE,0,0,0,0,0,0,0,
65530,0,5,0,0,35,0,0,35,0,0,64,0,0,"+35 Degats Arcane","+35 Degats Arcane","+35 Degats Arcane","+35 Degats Arcane","+35 Degats Arcane","+35 Degats Arcane","+35 Degats Arcane","+35 Degats Arcane","+35 Degats Arcane","+35 Degats Arcane","+35 Degats Arcane","+35 Degats Arcane","+35 Degats Arcane","+35 Degats Arcane","+35 Degats Arcane","+35 Degats Arcane",0xFF01FE,0,0,0,0,0,0,0,
65531,0,5,0,0,36,0,0,36,0,0,64,0,0,"+36 Degats Arcane","+36 Degats Arcane","+36 Degats Arcane","+36 Degats Arcane","+36 Degats Arcane","+36 Degats Arcane","+36 Degats Arcane","+36 Degats Arcane","+36 Degats Arcane","+36 Degats Arcane","+36 Degats Arcane","+36 Degats Arcane","+36 Degats Arcane","+36 Degats Arcane","+36 Degats Arcane","+36 Degats Arcane",0xFF01FE,0,0,0,0,0,0,0,
65532,0,5,0,0,37,0,0,37,0,0,64,0,0,"+37 Degats Arcane","+37 Degats Arcane","+37 Degats Arcane","+37 Degats Arcane","+37 Degats Arcane","+37 Degats Arcane","+37 Degats Arcane","+37 Degats Arcane","+37 Degats Arcane","+37 Degats Arcane","+37 Degats Arcane","+37 Degats Arcane","+37 Degats Arcane","+37 Degats Arcane","+37 Degats Arcane","+37 Degats Arcane",0xFF01FE,0,0,0,0,0,0,0,
65533,0,5,0,0,38,0,0,38,0,0,64,0,0,"+38 Degats Arcane","+38 Degats Arcane","+38 Degats Arcane","+38 Degats Arcane","+38 Degats Arcane","+38 Degats Arcane","+38 Degats Arcane","+38 Degats Arcane","+38 Degats Arcane","+38 Degats Arcane","+38 Degats Arcane","+38 Degats Arcane","+38 Degats Arcane","+38 Degats Arcane","+38 Degats Arcane","+38 Degats Arcane",0xFF01FE,0,0,0,0,0,0,0,
65534,0,5,0,0,39,0,0,39,0,0,64,0,0,"+39 Degats Arcane","+39 Degats Arcane","+39 Degats Arcane","+39 Degats Arcane","+39 Degats Arcane","+39 Degats Arcane","+39 Degats Arcane","+39 Degats Arcane","+39 Degats Arcane","+39 Degats Arcane","+39 Degats Arcane","+39 Degats Arcane","+39 Degats Arcane","+39 Degats Arcane","+39 Degats Arcane","+39 Degats Arcane",0xFF01FE,0,0,0,0,0,0,0,
65535,0,5,0,0,40,0,0,40,0,0,64,0,0,"+40 Degats Arcane","+40 Degats Arcane","+40 Degats Arcane","+40 Degats Arcane","+40 Degats Arcane","+40 Degats Arcane","+40 Degats Arcane","+40 Degats Arcane","+40 Degats Arcane","+40 Degats Arcane","+40 Degats Arcane","+40 Degats Arcane","+40 Degats Arcane","+40 Degats Arcane","+40 Degats Arcane","+40 Degats Arcane",0xFF01FE,0,0,0,0,0,0,0,
65536,0,5,0,0,41,0,0,41,0,0,64,0,0,"+41 Degats Arcane","+41 Degats Arcane","+41 Degats Arcane","+41 Degats Arcane","+41 Degats Arcane","+41 Degats Arcane","+41 Degats Arcane","+41 Degats Arcane","+41 Degats Arcane","+41 Degats Arcane","+41 Degats Arcane","+41 Degats Arcane","+41 Degats Arcane","+41 Degats Arcane","+41 Degats Arcane","+41 Degats Arcane",0xFF01FE,0,0,0,0,0,0,0,
65537,0,5,0,0,42,0,0,42,0,0,64,0,0,"+42 Degats Arcane","+42 Degats Arcane","+42 Degats Arcane","+42 Degats Arcane","+42 Degats Arcane","+42 Degats Arcane","+42 Degats Arcane","+42 Degats Arcane","+42 Degats Arcane","+42 Degats Arcane","+42 Degats Arcane","+42 Degats Arcane","+42 Degats Arcane","+42 Degats Arcane","+42 Degats Arcane","+42 Degats Arcane",0xFF01FE,0,0,0,0,0,0,0,
65538,0,5,0,0,43,0,0,43,0,0,64,0,0,"+43 Degats Arcane","+43 Degats Arcane","+43 Degats Arcane","+43 Degats Arcane","+43 Degats Arcane","+43 Degats Arcane","+43 Degats Arcane","+43 Degats Arcane","+43 Degats Arcane","+43 Degats Arcane","+43 Degats Arcane","+43 Degats Arcane","+43 Degats Arcane","+43 Degats Arcane","+43 Degats Arcane","+43 Degats Arcane",0xFF01FE,0,0,0,0,0,0,0,
65539,0,5,0,0,44,0,0,44,0,0,64,0,0,"+44 Degats Arcane","+44 Degats Arcane","+44 Degats Arcane","+44 Degats Arcane","+44 Degats Arcane","+44 Degats Arcane","+44 Degats Arcane","+44 Degats Arcane","+44 Degats Arcane","+44 Degats Arcane","+44 Degats Arcane","+44 Degats Arcane","+44 Degats Arcane","+44 Degats Arcane","+44 Degats Arcane","+44 Degats Arcane",0xFF01FE,0,0,0,0,0,0,0,
65540,0,5,0,0,45,0,0,45,0,0,64,0,0,"+45 Degats Arcane","+45 Degats Arcane","+45 Degats Arcane","+45 Degats Arcane","+45 Degats Arcane","+45 Degats Arcane","+45 Degats Arcane","+45 Degats Arcane","+45 Degats Arcane","+45 Degats Arcane","+45 Degats Arcane","+45 Degats Arcane","+45 Degats Arcane","+45 Degats Arcane","+45 Degats Arcane","+45 Degats Arcane",0xFF01FE,0,0,0,0,0,0,0,
65600,0,5,0,0,5,0,0,5,0,0,16,0,0,"+5 Degats Sacre","+5 Degats Sacre","+5 Degats Sacre","+5 Degats Sacre","+5 Degats Sacre","+5 Degats Sacre","+5 Degats Sacre","+5 Degats Sacre","+5 Degats Sacre","+5 Degats Sacre","+5 Degats Sacre","+5 Degats Sacre","+5 Degats Sacre","+5 Degats Sacre","+5 Degats Sacre","+5 Degats Sacre",0xFF01FE,0,0,0,0,0,0,0,
65601,0,5,0,0,6,0,0,6,0,0,16,0,0,"+6 Degats Sacre","+6 Degats Sacre","+6 Degats Sacre","+6 Degats Sacre","+6 Degats Sacre","+6 Degats Sacre","+6 Degats Sacre","+6 Degats Sacre","+6 Degats Sacre","+6 Degats Sacre","+6 Degats Sacre","+6 Degats Sacre","+6 Degats Sacre","+6 Degats Sacre","+6 Degats Sacre","+6 Degats Sacre",0xFF01FE,0,0,0,0,0,0,0,
65602,0,5,0,0,7,0,0,7,0,0,16,0,0,"+7 Degats Sacre","+7 Degats Sacre","+7 Degats Sacre","+7 Degats Sacre","+7 Degats Sacre","+7 Degats Sacre","+7 Degats Sacre","+7 Degats Sacre","+7 Degats Sacre","+7 Degats Sacre","+7 Degats Sacre","+7 Degats Sacre","+7 Degats Sacre","+7 Degats Sacre","+7 Degats Sacre","+7 Degats Sacre",0xFF01FE,0,0,0,0,0,0,0,
65603,0,5,0,0,8,0,0,8,0,0,16,0,0,"+8 Degats Sacre","+8 Degats Sacre","+8 Degats Sacre","+8 Degats Sacre","+8 Degats Sacre","+8 Degats Sacre","+8 Degats Sacre","+8 Degats Sacre","+8 Degats Sacre","+8 Degats Sacre","+8 Degats Sacre","+8 Degats Sacre","+8 Degats Sacre","+8 Degats Sacre","+8 Degats Sacre","+8 Degats Sacre",0xFF01FE,0,0,0,0,0,0,0,
65604,0,5,0,0,9,0,0,9,0,0,16,0,0,"+9 Degats Sacre","+9 Degats Sacre","+9 Degats Sacre","+9 Degats Sacre","+9 Degats Sacre","+9 Degats Sacre","+9 Degats Sacre","+9 Degats Sacre","+9 Degats Sacre","+9 Degats Sacre","+9 Degats Sacre","+9 Degats Sacre","+9 Degats Sacre","+9 Degats Sacre","+9 Degats Sacre","+9 Degats Sacre",0xFF01FE,0,0,0,0,0,0,0,
65605,0,5,0,0,10,0,0,10,0,0,16,0,0,"+10 Degats Sacre","+10 Degats Sacre","+10 Degats Sacre","+10 Degats Sacre","+10 Degats Sacre","+10 Degats Sacre","+10 Degats Sacre","+10 Degats Sacre","+10 Degats Sacre","+10 Degats Sacre","+10 Degats Sacre","+10 Degats Sacre","+10 Degats Sacre","+10 Degats Sacre","+10 Degats Sacre","+10 Degats Sacre",0xFF01FE,0,0,0,0,0,0,0,
65606,0,5,0,0,11,0,0,11,0,0,16,0,0,"+11 Degats Sacre","+11 Degats Sacre","+11 Degats Sacre","+11 Degats Sacre","+11 Degats Sacre","+11 Degats Sacre","+11 Degats Sacre","+11 Degats Sacre","+11 Degats Sacre","+11 Degats Sacre","+11 Degats Sacre","+11 Degats Sacre","+11 Degats Sacre","+11 Degats Sacre","+11 Degats Sacre","+11 Degats Sacre",0xFF01FE,0,0,0,0,0,0,0,
65607,0,5,0,0,12,0,0,12,0,0,16,0,0,"+12 Degats Sacre","+12 Degats Sacre","+12 Degats Sacre","+12 Degats Sacre","+12 Degats Sacre","+12 Degats Sacre","+12 Degats Sacre","+12 Degats Sacre","+12 Degats Sacre","+12 Degats Sacre","+12 Degats Sacre","+12 Degats Sacre","+12 Degats Sacre","+12 Degats Sacre","+12 Degats Sacre","+12 Degats Sacre",0xFF01FE,0,0,0,0,0,0,0,
65608,0,5,0,0,13,0,0,13,0,0,16,0,0,"+13 Degats Sacre","+13 Degats Sacre","+13 Degats Sacre","+13 Degats Sacre","+13 Degats Sacre","+13 Degats Sacre","+13 Degats Sacre","+13 Degats Sacre","+13 Degats Sacre","+13 Degats Sacre","+13 Degats Sacre","+13 Degats Sacre","+13 Degats Sacre","+13 Degats Sacre","+13 Degats Sacre","+13 Degats Sacre",0xFF01FE,0,0,0,0,0,0,0,
65609,0,5,0,0,14,0,0,14,0,0,16,0,0,"+14 Degats Sacre","+14 Degats Sacre","+14 Degats Sacre","+14 Degats Sacre","+14 Degats Sacre","+14 Degats Sacre","+14 Degats Sacre","+14 Degats Sacre","+14 Degats Sacre","+14 Degats Sacre","+14 Degats Sacre","+14 Degats Sacre","+14 Degats Sacre","+14 Degats Sacre","+14 Degats Sacre","+14 Degats Sacre",0xFF01FE,0,0,0,0,0,0,0,
65610,0,5,0,0,15,0,0,15,0,0,16,0,0,"+15 Degats Sacre","+15 Degats Sacre","+15 Degats Sacre","+15 Degats Sacre","+15 Degats Sacre","+15 Degats Sacre","+15 Degats Sacre","+15 Degats Sacre","+15 Degats Sacre","+15 Degats Sacre","+15 Degats Sacre","+15 Degats Sacre","+15 Degats Sacre","+15 Degats Sacre","+15 Degats Sacre","+15 Degats Sacre",0xFF01FE,0,0,0,0,0,0,0,
65611,0,5,0,0,16,0,0,16,0,0,16,0,0,"+16 Degats Sacre","+16 Degats Sacre","+16 Degats Sacre","+16 Degats Sacre","+16 Degats Sacre","+16 Degats Sacre","+16 Degats Sacre","+16 Degats Sacre","+16 Degats Sacre","+16 Degats Sacre","+16 Degats Sacre","+16 Degats Sacre","+16 Degats Sacre","+16 Degats Sacre","+16 Degats Sacre","+16 Degats Sacre",0xFF01FE,0,0,0,0,0,0,0,
65612,0,5,0,0,17,0,0,17,0,0,16,0,0,"+17 Degats Sacre","+17 Degats Sacre","+17 Degats Sacre","+17 Degats Sacre","+17 Degats Sacre","+17 Degats Sacre","+17 Degats Sacre","+17 Degats Sacre","+17 Degats Sacre","+17 Degats Sacre","+17 Degats Sacre","+17 Degats Sacre","+17 Degats Sacre","+17 Degats Sacre","+17 Degats Sacre","+17 Degats Sacre",0xFF01FE,0,0,0,0,0,0,0,
65613,0,5,0,0,18,0,0,18,0,0,16,0,0,"+18 Degats Sacre","+18 Degats Sacre","+18 Degats Sacre","+18 Degats Sacre","+18 Degats Sacre","+18 Degats Sacre","+18 Degats Sacre","+18 Degats Sacre","+18 Degats Sacre","+18 Degats Sacre","+18 Degats Sacre","+18 Degats Sacre","+18 Degats Sacre","+18 Degats Sacre","+18 Degats Sacre","+18 Degats Sacre",0xFF01FE,0,0,0,0,0,0,0,
65614,0,5,0,0,19,0,0,19,0,0,16,0,0,"+19 Degats Sacre","+19 Degats Sacre","+19 Degats Sacre","+19 Degats Sacre","+19 Degats Sacre","+19 Degats Sacre","+19 Degats Sacre","+19 Degats Sacre","+19 Degats Sacre","+19 Degats Sacre","+19 Degats Sacre","+19 Degats Sacre","+19 Degats Sacre","+19 Degats Sacre","+19 Degats Sacre","+19 Degats Sacre",0xFF01FE,0,0,0,0,0,0,0,
65615,0,5,0,0,20,0,0,20,0,0,16,0,0,"+20 Degats Sacre","+20 Degats Sacre","+20 Degats Sacre","+20 Degats Sacre","+20 Degats Sacre","+20 Degats Sacre","+20 Degats Sacre","+20 Degats Sacre","+20 Degats Sacre","+20 Degats Sacre","+20 Degats Sacre","+20 Degats Sacre","+20 Degats Sacre","+20 Degats Sacre","+20 Degats Sacre","+20 Degats Sacre",0xFF01FE,0,0,0,0,0,0,0,
65616,0,5,0,0,21,0,0,21,0,0,16,0,0,"+21 Degats Sacre","+21 Degats Sacre","+21 Degats Sacre","+21 Degats Sacre","+21 Degats Sacre","+21 Degats Sacre","+21 Degats Sacre","+21 Degats Sacre","+21 Degats Sacre","+21 Degats Sacre","+21 Degats Sacre","+21 Degats Sacre","+21 Degats Sacre","+21 Degats Sacre","+21 Degats Sacre","+21 Degats Sacre",0xFF01FE,0,0,0,0,0,0,0,
65617,0,5,0,0,22,0,0,22,0,0,16,0,0,"+22 Degats Sacre","+22 Degats Sacre","+22 Degats Sacre","+22 Degats Sacre","+22 Degats Sacre","+22 Degats Sacre","+22 Degats Sacre","+22 Degats Sacre","+22 Degats Sacre","+22 Degats Sacre","+22 Degats Sacre","+22 Degats Sacre","+22 Degats Sacre","+22 Degats Sacre","+22 Degats Sacre","+22 Degats Sacre",0xFF01FE,0,0,0,0,0,0,0,
65618,0,5,0,0,23,0,0,23,0,0,16,0,0,"+23 Degats Sacre","+23 Degats Sacre","+23 Degats Sacre","+23 Degats Sacre","+23 Degats Sacre","+23 Degats Sacre","+23 Degats Sacre","+23 Degats Sacre","+23 Degats Sacre","+23 Degats Sacre","+23 Degats Sacre","+23 Degats Sacre","+23 Degats Sacre","+23 Degats Sacre","+23 Degats Sacre","+23 Degats Sacre",0xFF01FE,0,0,0,0,0,0,0,
65619,0,5,0,0,24,0,0,24,0,0,16,0,0,"+24 Degats Sacre","+24 Degats Sacre","+24 Degats Sacre","+24 Degats Sacre","+24 Degats Sacre","+24 Degats Sacre","+24 Degats Sacre","+24 Degats Sacre","+24 Degats Sacre","+24 Degats Sacre","+24 Degats Sacre","+24 Degats Sacre","+24 Degats Sacre","+24 Degats Sacre","+24 Degats Sacre","+24 Degats Sacre",0xFF01FE,0,0,0,0,0,0,0,
65620,0,5,0,0,25,0,0,25,0,0,16,0,0,"+25 Degats Sacre","+25 Degats Sacre","+25 Degats Sacre","+25 Degats Sacre","+25 Degats Sacre","+25 Degats Sacre","+25 Degats Sacre","+25 Degats Sacre","+25 Degats Sacre","+25 Degats Sacre","+25 Degats Sacre","+25 Degats Sacre","+25 Degats Sacre","+25 Degats Sacre","+25 Degats Sacre","+25 Degats Sacre",0xFF01FE,0,0,0,0,0,0,0,
65621,0,5,0,0,26,0,0,26,0,0,16,0,0,"+26 Degats Sacre","+26 Degats Sacre","+26 Degats Sacre","+26 Degats Sacre","+26 Degats Sacre","+26 Degats Sacre","+26 Degats Sacre","+26 Degats Sacre","+26 Degats Sacre","+26 Degats Sacre","+26 Degats Sacre","+26 Degats Sacre","+26 Degats Sacre","+26 Degats Sacre","+26 Degats Sacre","+26 Degats Sacre",0xFF01FE,0,0,0,0,0,0,0,
65622,0,5,0,0,27,0,0,27,0,0,16,0,0,"+27 Degats Sacre","+27 Degats Sacre","+27 Degats Sacre","+27 Degats Sacre","+27 Degats Sacre","+27 Degats Sacre","+27 Degats Sacre","+27 Degats Sacre","+27 Degats Sacre","+27 Degats Sacre","+27 Degats Sacre","+27 Degats Sacre","+27 Degats Sacre","+27 Degats Sacre","+27 Degats Sacre","+27 Degats Sacre",0xFF01FE,0,0,0,0,0,0,0,
65623,0,5,0,0,28,0,0,28,0,0,16,0,0,"+28 Degats Sacre","+28 Degats Sacre","+28 Degats Sacre","+28 Degats Sacre","+28 Degats Sacre","+28 Degats Sacre","+28 Degats Sacre","+28 Degats Sacre","+28 Degats Sacre","+28 Degats Sacre","+28 Degats Sacre","+28 Degats Sacre","+28 Degats Sacre","+28 Degats Sacre","+28 Degats Sacre","+28 Degats Sacre",0xFF01FE,0,0,0,0,0,0,0,
65624,0,5,0,0,29,0,0,29,0,0,16,0,0,"+29 Degats Sacre","+29 Degats Sacre","+29 Degats Sacre","+29 Degats Sacre","+29 Degats Sacre","+29 Degats Sacre","+29 Degats Sacre","+29 Degats Sacre","+29 Degats Sacre","+29 Degats Sacre","+29 Degats Sacre","+29 Degats Sacre","+29 Degats Sacre","+29 Degats Sacre","+29 Degats Sacre","+29 Degats Sacre",0xFF01FE,0,0,0,0,0,0,0,
65625,0,5,0,0,30,0,0,30,0,0,16,0,0,"+30 Degats Sacre","+30 Degats Sacre","+30 Degats Sacre","+30 Degats Sacre","+30 Degats Sacre","+30 Degats Sacre","+30 Degats Sacre","+30 Degats Sacre","+30 Degats Sacre","+30 Degats Sacre","+30 Degats Sacre","+30 Degats Sacre","+30 Degats Sacre","+30 Degats Sacre","+30 Degats Sacre","+30 Degats Sacre",0xFF01FE,0,0,0,0,0,0,0,
65626,0,5,0,0,31,0,0,31,0,0,16,0,0,"+31 Degats Sacre","+31 Degats Sacre","+31 Degats Sacre","+31 Degats Sacre","+31 Degats Sacre","+31 Degats Sacre","+31 Degats Sacre","+31 Degats Sacre","+31 Degats Sacre","+31 Degats Sacre","+31 Degats Sacre","+31 Degats Sacre","+31 Degats Sacre","+31 Degats Sacre","+31 Degats Sacre","+31 Degats Sacre",0xFF01FE,0,0,0,0,0,0,0,
65627,0,5,0,0,32,0,0,32,0,0,16,0,0,"+32 Degats Sacre","+32 Degats Sacre","+32 Degats Sacre","+32 Degats Sacre","+32 Degats Sacre","+32 Degats Sacre","+32 Degats Sacre","+32 Degats Sacre","+32 Degats Sacre","+32 Degats Sacre","+32 Degats Sacre","+32 Degats Sacre","+32 Degats Sacre","+32 Degats Sacre","+32 Degats Sacre","+32 Degats Sacre",0xFF01FE,0,0,0,0,0,0,0,
65628,0,5,0,0,33,0,0,33,0,0,16,0,0,"+33 Degats Sacre","+33 Degats Sacre","+33 Degats Sacre","+33 Degats Sacre","+33 Degats Sacre","+33 Degats Sacre","+33 Degats Sacre","+33 Degats Sacre","+33 Degats Sacre","+33 Degats Sacre","+33 Degats Sacre","+33 Degats Sacre","+33 Degats Sacre","+33 Degats Sacre","+33 Degats Sacre","+33 Degats Sacre",0xFF01FE,0,0,0,0,0,0,0,
65629,0,5,0,0,34,0,0,34,0,0,16,0,0,"+34 Degats Sacre","+34 Degats Sacre","+34 Degats Sacre","+34 Degats Sacre","+34 Degats Sacre","+34 Degats Sacre","+34 Degats Sacre","+34 Degats Sacre","+34 Degats Sacre","+34 Degats Sacre","+34 Degats Sacre","+34 Degats Sacre","+34 Degats Sacre","+34 Degats Sacre","+34 Degats Sacre","+34 Degats Sacre",0xFF01FE,0,0,0,0,0,0,0,
65630,0,5,0,0,35,0,0,35,0,0,16,0,0,"+35 Degats Sacre","+35 Degats Sacre","+35 Degats Sacre","+35 Degats Sacre","+35 Degats Sacre","+35 Degats Sacre","+35 Degats Sacre","+35 Degats Sacre","+35 Degats Sacre","+35 Degats Sacre","+35 Degats Sacre","+35 Degats Sacre","+35 Degats Sacre","+35 Degats Sacre","+35 Degats Sacre","+35 Degats Sacre",0xFF01FE,0,0,0,0,0,0,0,
65631,0,5,0,0,36,0,0,36,0,0,16,0,0,"+36 Degats Sacre","+36 Degats Sacre","+36 Degats Sacre","+36 Degats Sacre","+36 Degats Sacre","+36 Degats Sacre","+36 Degats Sacre","+36 Degats Sacre","+36 Degats Sacre","+36 Degats Sacre","+36 Degats Sacre","+36 Degats Sacre","+36 Degats Sacre","+36 Degats Sacre","+36 Degats Sacre","+36 Degats Sacre",0xFF01FE,0,0,0,0,0,0,0,
65632,0,5,0,0,37,0,0,37,0,0,16,0,0,"+37 Degats Sacre","+37 Degats Sacre","+37 Degats Sacre","+37 Degats Sacre","+37 Degats Sacre","+37 Degats Sacre","+37 Degats Sacre","+37 Degats Sacre","+37 Degats Sacre","+37 Degats Sacre","+37 Degats Sacre","+37 Degats Sacre","+37 Degats Sacre","+37 Degats Sacre","+37 Degats Sacre","+37 Degats Sacre",0xFF01FE,0,0,0,0,0,0,0,
65633,0,5,0,0,38,0,0,38,0,0,16,0,0,"+38 Degats Sacre","+38 Degats Sacre","+38 Degats Sacre","+38 Degats Sacre","+38 Degats Sacre","+38 Degats Sacre","+38 Degats Sacre","+38 Degats Sacre","+38 Degats Sacre","+38 Degats Sacre","+38 Degats Sacre","+38 Degats Sacre","+38 Degats Sacre","+38 Degats Sacre","+38 Degats Sacre","+38 Degats Sacre",0xFF01FE,0,0,0,0,0,0,0,
65634,0,5,0,0,39,0,0,39,0,0,16,0,0,"+39 Degats Sacre","+39 Degats Sacre","+39 Degats Sacre","+39 Degats Sacre","+39 Degats Sacre","+39 Degats Sacre","+39 Degats Sacre","+39 Degats Sacre","+39 Degats Sacre","+39 Degats Sacre","+39 Degats Sacre","+39 Degats Sacre","+39 Degats Sacre","+39 Degats Sacre","+39 Degats Sacre","+39 Degats Sacre",0xFF01FE,0,0,0,0,0,0,0,
65635,0,5,0,0,40,0,0,40,0,0,16,0,0,"+40 Degats Sacre","+40 Degats Sacre","+40 Degats Sacre","+40 Degats Sacre","+40 Degats Sacre","+40 Degats Sacre","+40 Degats Sacre","+40 Degats Sacre","+40 Degats Sacre","+40 Degats Sacre","+40 Degats Sacre","+40 Degats Sacre","+40 Degats Sacre","+40 Degats Sacre","+40 Degats Sacre","+40 Degats Sacre",0xFF01FE,0,0,0,0,0,0,0,
65636,0,5,0,0,41,0,0,41,0,0,16,0,0,"+41 Degats Sacre","+41 Degats Sacre","+41 Degats Sacre","+41 Degats Sacre","+41 Degats Sacre","+41 Degats Sacre","+41 Degats Sacre","+41 Degats Sacre","+41 Degats Sacre","+41 Degats Sacre","+41 Degats Sacre","+41 Degats Sacre","+41 Degats Sacre","+41 Degats Sacre","+41 Degats Sacre","+41 Degats Sacre",0xFF01FE,0,0,0,0,0,0,0,
65637,0,5,0,0,42,0,0,42,0,0,16,0,0,"+42 Degats Sacre","+42 Degats Sacre","+42 Degats Sacre","+42 Degats Sacre","+42 Degats Sacre","+42 Degats Sacre","+42 Degats Sacre","+42 Degats Sacre","+42 Degats Sacre","+42 Degats Sacre","+42 Degats Sacre","+42 Degats Sacre","+42 Degats Sacre","+42 Degats Sacre","+42 Degats Sacre","+42 Degats Sacre",0xFF01FE,0,0,0,0,0,0,0,
65638,0,5,0,0,43,0,0,43,0,0,16,0,0,"+43 Degats Sacre","+43 Degats Sacre","+43 Degats Sacre","+43 Degats Sacre","+43 Degats Sacre","+43 Degats Sacre","+43 Degats Sacre","+43 Degats Sacre","+43 Degats Sacre","+43 Degats Sacre","+43 Degats Sacre","+43 Degats Sacre","+43 Degats Sacre","+43 Degats Sacre","+43 Degats Sacre","+43 Degats Sacre",0xFF01FE,0,0,0,0,0,0,0,
65639,0,5,0,0,44,0,0,44,0,0,16,0,0,"+44 Degats Sacre","+44 Degats Sacre","+44 Degats Sacre","+44 Degats Sacre","+44 Degats Sacre","+44 Degats Sacre","+44 Degats Sacre","+44 Degats Sacre","+44 Degats Sacre","+44 Degats Sacre","+44 Degats Sacre","+44 Degats Sacre","+44 Degats Sacre","+44 Degats Sacre","+44 Degats Sacre","+44 Degats Sacre",0xFF01FE,0,0,0,0,0,0,0,
65640,0,5,0,0,45,0,0,45,0,0,16,0,0,"+45 Degats Sacre","+45 Degats Sacre","+45 Degats Sacre","+45 Degats Sacre","+45 Degats Sacre","+45 Degats Sacre","+45 Degats Sacre","+45 Degats Sacre","+45 Degats Sacre","+45 Degats Sacre","+45 Degats Sacre","+45 Degats Sacre","+45 Degats Sacre","+45 Degats Sacre","+45 Degats Sacre","+45 Degats Sacre",0xFF01FE,0,0,0,0,0,0,0,
65700,0,5,0,0,5,0,0,5,0,0,1,0,0,"+5 Degats Physiques","+5 Degats Physiques","+5 Degats Physiques","+5 Degats Physiques","+5 Degats Physiques","+5 Degats Physiques","+5 Degats Physiques","+5 Degats Physiques","+5 Degats Physiques","+5 Degats Physiques","+5 Degats Physiques","+5 Degats Physiques","+5 Degats Physiques","+5 Degats Physiques","+5 Degats Physiques","+5 Degats Physiques",0xFF01FE,0,0,0,0,0,0,0,
65701,0,5,0,0,6,0,0,6,0,0,1,0,0,"+6 Degats Physiques","+6 Degats Physiques","+6 Degats Physiques","+6 Degats Physiques","+6 Degats Physiques","+6 Degats Physiques","+6 Degats Physiques","+6 Degats Physiques","+6 Degats Physiques","+6 Degats Physiques","+6 Degats Physiques","+6 Degats Physiques","+6 Degats Physiques","+6 Degats Physiques","+6 Degats Physiques","+6 Degats Physiques",0xFF01FE,0,0,0,0,0,0,0,
65702,0,5,0,0,7,0,0,7,0,0,1,0,0,"+7 Degats Physiques","+7 Degats Physiques","+7 Degats Physiques","+7 Degats Physiques","+7 Degats Physiques","+7 Degats Physiques","+7 Degats Physiques","+7 Degats Physiques","+7 Degats Physiques","+7 Degats Physiques","+7 Degats Physiques","+7 Degats Physiques","+7 Degats Physiques","+7 Degats Physiques","+7 Degats Physiques","+7 Degats Physiques",0xFF01FE,0,0,0,0,0,0,0,
65703,0,5,0,0,8,0,0,8,0,0,1,0,0,"+8 Degats Physiques","+8 Degats Physiques","+8 Degats Physiques","+8 Degats Physiques","+8 Degats Physiques","+8 Degats Physiques","+8 Degats Physiques","+8 Degats Physiques","+8 Degats Physiques","+8 Degats Physiques","+8 Degats Physiques","+8 Degats Physiques","+8 Degats Physiques","+8 Degats Physiques","+8 Degats Physiques","+8 Degats Physiques",0xFF01FE,0,0,0,0,0,0,0,
65704,0,5,0,0,9,0,0,9,0,0,1,0,0,"+9 Degats Physiques","+9 Degats Physiques","+9 Degats Physiques","+9 Degats Physiques","+9 Degats Physiques","+9 Degats Physiques","+9 Degats Physiques","+9 Degats Physiques","+9 Degats Physiques","+9 Degats Physiques","+9 Degats Physiques","+9 Degats Physiques","+9 Degats Physiques","+9 Degats Physiques","+9 Degats Physiques","+9 Degats Physiques",0xFF01FE,0,0,0,0,0,0,0,
65705,0,5,0,0,10,0,0,10,0,0,1,0,0,"+10 Degats Physiques","+10 Degats Physiques","+10 Degats Physiques","+10 Degats Physiques","+10 Degats Physiques","+10 Degats Physiques","+10 Degats Physiques","+10 Degats Physiques","+10 Degats Physiques","+10 Degats Physiques","+10 Degats Physiques","+10 Degats Physiques","+10 Degats Physiques","+10 Degats Physiques","+10 Degats Physiques","+10 Degats Physiques",0xFF01FE,0,0,0,0,0,0,0,
65706,0,5,0,0,11,0,0,11,0,0,1,0,0,"+11 Degats Physiques","+11 Degats Physiques","+11 Degats Physiques","+11 Degats Physiques","+11 Degats Physiques","+11 Degats Physiques","+11 Degats Physiques","+11 Degats Physiques","+11 Degats Physiques","+11 Degats Physiques","+11 Degats Physiques","+11 Degats Physiques","+11 Degats Physiques","+11 Degats Physiques","+11 Degats Physiques","+11 Degats Physiques",0xFF01FE,0,0,0,0,0,0,0,
65707,0,5,0,0,12,0,0,12,0,0,1,0,0,"+12 Degats Physiques","+12 Degats Physiques","+12 Degats Physiques","+12 Degats Physiques","+12 Degats Physiques","+12 Degats Physiques","+12 Degats Physiques","+12 Degats Physiques","+12 Degats Physiques","+12 Degats Physiques","+12 Degats Physiques","+12 Degats Physiques","+12 Degats Physiques","+12 Degats Physiques","+12 Degats Physiques","+12 Degats Physiques",0xFF01FE,0,0,0,0,0,0,0,
65708,0,5,0,0,13,0,0,13,0,0,1,0,0,"+13 Degats Physiques","+13 Degats Physiques","+13 Degats Physiques","+13 Degats Physiques","+13 Degats Physiques","+13 Degats Physiques","+13 Degats Physiques","+13 Degats Physiques","+13 Degats Physiques","+13 Degats Physiques","+13 Degats Physiques","+13 Degats Physiques","+13 Degats Physiques","+13 Degats Physiques","+13 Degats Physiques","+13 Degats Physiques",0xFF01FE,0,0,0,0,0,0,0,
65709,0,5,0,0,14,0,0,14,0,0,1,0,0,"+14 Degats Physiques","+14 Degats Physiques","+14 Degats Physiques","+14 Degats Physiques","+14 Degats Physiques","+14 Degats Physiques","+14 Degats Physiques","+14 Degats Physiques","+14 Degats Physiques","+14 Degats Physiques","+14 Degats Physiques","+14 Degats Physiques","+14 Degats Physiques","+14 Degats Physiques","+14 Degats Physiques","+14 Degats Physiques",0xFF01FE,0,0,0,0,0,0,0,
65710,0,5,0,0,15,0,0,15,0,0,1,0,0,"+15 Degats Physiques","+15 Degats Physiques","+15 Degats Physiques","+15 Degats Physiques","+15 Degats Physiques","+15 Degats Physiques","+15 Degats Physiques","+15 Degats Physiques","+15 Degats Physiques","+15 Degats Physiques","+15 Degats Physiques","+15 Degats Physiques","+15 Degats Physiques","+15 Degats Physiques","+15 Degats Physiques","+15 Degats Physiques",0xFF01FE,0,0,0,0,0,0,0,
65711,0,5,0,0,16,0,0,16,0,0,1,0,0,"+16 Degats Physiques","+16 Degats Physiques","+16 Degats Physiques","+16 Degats Physiques","+16 Degats Physiques","+16 Degats Physiques","+16 Degats Physiques","+16 Degats Physiques","+16 Degats Physiques","+16 Degats Physiques","+16 Degats Physiques","+16 Degats Physiques","+16 Degats Physiques","+16 Degats Physiques","+16 Degats Physiques","+16 Degats Physiques",0xFF01FE,0,0,0,0,0,0,0,
65712,0,5,0,0,17,0,0,17,0,0,1,0,0,"+17 Degats Physiques","+17 Degats Physiques","+17 Degats Physiques","+17 Degats Physiques","+17 Degats Physiques","+17 Degats Physiques","+17 Degats Physiques","+17 Degats Physiques","+17 Degats Physiques","+17 Degats Physiques","+17 Degats Physiques","+17 Degats Physiques","+17 Degats Physiques","+17 Degats Physiques","+17 Degats Physiques","+17 Degats Physiques",0xFF01FE,0,0,0,0,0,0,0,
65713,0,5,0,0,18,0,0,18,0,0,1,0,0,"+18 Degats Physiques","+18 Degats Physiques","+18 Degats Physiques","+18 Degats Physiques","+18 Degats Physiques","+18 Degats Physiques","+18 Degats Physiques","+18 Degats Physiques","+18 Degats Physiques","+18 Degats Physiques","+18 Degats Physiques","+18 Degats Physiques","+18 Degats Physiques","+18 Degats Physiques","+18 Degats Physiques","+18 Degats Physiques",0xFF01FE,0,0,0,0,0,0,0,
65714,0,5,0,0,19,0,0,19,0,0,1,0,0,"+19 Degats Physiques","+19 Degats Physiques","+19 Degats Physiques","+19 Degats Physiques","+19 Degats Physiques","+19 Degats Physiques","+19 Degats Physiques","+19 Degats Physiques","+19 Degats Physiques","+19 Degats Physiques","+19 Degats Physiques","+19 Degats Physiques","+19 Degats Physiques","+19 Degats Physiques","+19 Degats Physiques","+19 Degats Physiques",0xFF01FE,0,0,0,0,0,0,0,
65715,0,5,0,0,20,0,0,20,0,0,1,0,0,"+20 Degats Physiques","+20 Degats Physiques","+20 Degats Physiques","+20 Degats Physiques","+20 Degats Physiques","+20 Degats Physiques","+20 Degats Physiques","+20 Degats Physiques","+20 Degats Physiques","+20 Degats Physiques","+20 Degats Physiques","+20 Degats Physiques","+20 Degats Physiques","+20 Degats Physiques","+20 Degats Physiques","+20 Degats Physiques",0xFF01FE,0,0,0,0,0,0,0,
65716,0,5,0,0,21,0,0,21,0,0,1,0,0,"+21 Degats Physiques","+21 Degats Physiques","+21 Degats Physiques","+21 Degats Physiques","+21 Degats Physiques","+21 Degats Physiques","+21 Degats Physiques","+21 Degats Physiques","+21 Degats Physiques","+21 Degats Physiques","+21 Degats Physiques","+21 Degats Physiques","+21 Degats Physiques","+21 Degats Physiques","+21 Degats Physiques","+21 Degats Physiques",0xFF01FE,0,0,0,0,0,0,0,
65717,0,5,0,0,22,0,0,22,0,0,1,0,0,"+22 Degats Physiques","+22 Degats Physiques","+22 Degats Physiques","+22 Degats Physiques","+22 Degats Physiques","+22 Degats Physiques","+22 Degats Physiques","+22 Degats Physiques","+22 Degats Physiques","+22 Degats Physiques","+22 Degats Physiques","+22 Degats Physiques","+22 Degats Physiques","+22 Degats Physiques","+22 Degats Physiques","+22 Degats Physiques",0xFF01FE,0,0,0,0,0,0,0,
65718,0,5,0,0,23,0,0,23,0,0,1,0,0,"+23 Degats Physiques","+23 Degats Physiques","+23 Degats Physiques","+23 Degats Physiques","+23 Degats Physiques","+23 Degats Physiques","+23 Degats Physiques","+23 Degats Physiques","+23 Degats Physiques","+23 Degats Physiques","+23 Degats Physiques","+23 Degats Physiques","+23 Degats Physiques","+23 Degats Physiques","+23 Degats Physiques","+23 Degats Physiques",0xFF01FE,0,0,0,0,0,0,0,
65719,0,5,0,0,24,0,0,24,0,0,1,0,0,"+24 Degats Physiques","+24 Degats Physiques","+24 Degats Physiques","+24 Degats Physiques","+24 Degats Physiques","+24 Degats Physiques","+24 Degats Physiques","+24 Degats Physiques","+24 Degats Physiques","+24 Degats Physiques","+24 Degats Physiques","+24 Degats Physiques","+24 Degats Physiques","+24 Degats Physiques","+24 Degats Physiques","+24 Degats Physiques",0xFF01FE,0,0,0,0,0,0,0,
65720,0,5,0,0,25,0,0,25,0,0,1,0,0,"+25 Degats Physiques","+25 Degats Physiques","+25 Degats Physiques","+25 Degats Physiques","+25 Degats Physiques","+25 Degats Physiques","+25 Degats Physiques","+25 Degats Physiques","+25 Degats Physiques","+25 Degats Physiques","+25 Degats Physiques","+25 Degats Physiques","+25 Degats Physiques","+25 Degats Physiques","+25 Degats Physiques","+25 Degats Physiques",0xFF01FE,0,0,0,0,0,0,0,
65721,0,5,0,0,26,0,0,26,0,0,1,0,0,"+26 Degats Physiques","+26 Degats Physiques","+26 Degats Physiques","+26 Degats Physiques","+26 Degats Physiques","+26 Degats Physiques","+26 Degats Physiques","+26 Degats Physiques","+26 Degats Physiques","+26 Degats Physiques","+26 Degats Physiques","+26 Degats Physiques","+26 Degats Physiques","+26 Degats Physiques","+26 Degats Physiques","+26 Degats Physiques",0xFF01FE,0,0,0,0,0,0,0,
65722,0,5,0,0,27,0,0,27,0,0,1,0,0,"+27 Degats Physiques","+27 Degats Physiques","+27 Degats Physiques","+27 Degats Physiques","+27 Degats Physiques","+27 Degats Physiques","+27 Degats Physiques","+27 Degats Physiques","+27 Degats Physiques","+27 Degats Physiques","+27 Degats Physiques","+27 Degats Physiques","+27 Degats Physiques","+27 Degats Physiques","+27 Degats Physiques","+27 Degats Physiques",0xFF01FE,0,0,0,0,0,0,0,
65723,0,5,0,0,28,0,0,28,0,0,1,0,0,"+28 Degats Physiques","+28 Degats Physiques","+28 Degats Physiques","+28 Degats Physiques","+28 Degats Physiques","+28 Degats Physiques","+28 Degats Physiques","+28 Degats Physiques","+28 Degats Physiques","+28 Degats Physiques","+28 Degats Physiques","+28 Degats Physiques","+28 Degats Physiques","+28 Degats Physiques","+28 Degats Physiques","+28 Degats Physiques",0xFF01FE,0,0,0,0,0,0,0,
65724,0,5,0,0,29,0,0,29,0,0,1,0,0,"+29 Degats Physiques","+29 Degats Physiques","+29 Degats Physiques","+29 Degats Physiques","+29 Degats Physiques","+29 Degats Physiques","+29 Degats Physiques","+29 Degats Physiques","+29 Degats Physiques","+29 Degats Physiques","+29 Degats Physiques","+29 Degats Physiques","+29 Degats Physiques","+29 Degats Physiques","+29 Degats Physiques","+29 Degats Physiques",0xFF01FE,0,0,0,0,0,0,0,
65725,0,5,0,0,30,0,0,30,0,0,1,0,0,"+30 Degats Physiques","+30 Degats Physiques","+30 Degats Physiques","+30 Degats Physiques","+30 Degats Physiques","+30 Degats Physiques","+30 Degats Physiques","+30 Degats Physiques","+30 Degats Physiques","+30 Degats Physiques","+30 Degats Physiques","+30 Degats Physiques","+30 Degats Physiques","+30 Degats Physiques","+30 Degats Physiques","+30 Degats Physiques",0xFF01FE,0,0,0,0,0,0,0,
65726,0,5,0,0,31,0,0,31,0,0,1,0,0,"+31 Degats Physiques","+31 Degats Physiques","+31 Degats Physiques","+31 Degats Physiques","+31 Degats Physiques","+31 Degats Physiques","+31 Degats Physiques","+31 Degats Physiques","+31 Degats Physiques","+31 Degats Physiques","+31 Degats Physiques","+31 Degats Physiques","+31 Degats Physiques","+31 Degats Physiques","+31 Degats Physiques","+31 Degats Physiques",0xFF01FE,0,0,0,0,0,0,0,
65727,0,5,0,0,32,0,0,32,0,0,1,0,0,"+32 Degats Physiques","+32 Degats Physiques","+32 Degats Physiques","+32 Degats Physiques","+32 Degats Physiques","+32 Degats Physiques","+32 Degats Physiques","+32 Degats Physiques","+32 Degats Physiques","+32 Degats Physiques","+32 Degats Physiques","+32 Degats Physiques","+32 Degats Physiques","+32 Degats Physiques","+32 Degats Physiques","+32 Degats Physiques",0xFF01FE,0,0,0,0,0,0,0,
65728,0,5,0,0,33,0,0,33,0,0,1,0,0,"+33 Degats Physiques","+33 Degats Physiques","+33 Degats Physiques","+33 Degats Physiques","+33 Degats Physiques","+33 Degats Physiques","+33 Degats Physiques","+33 Degats Physiques","+33 Degats Physiques","+33 Degats Physiques","+33 Degats Physiques","+33 Degats Physiques","+33 Degats Physiques","+33 Degats Physiques","+33 Degats Physiques","+33 Degats Physiques",0xFF01FE,0,0,0,0,0,0,0,
65729,0,5,0,0,34,0,0,34,0,0,1,0,0,"+34 Degats Physiques","+34 Degats Physiques","+34 Degats Physiques","+34 Degats Physiques","+34 Degats Physiques","+34 Degats Physiques","+34 Degats Physiques","+34 Degats Physiques","+34 Degats Physiques","+34 Degats Physiques","+34 Degats Physiques","+34 Degats Physiques","+34 Degats Physiques","+34 Degats Physiques","+34 Degats Physiques","+34 Degats Physiques",0xFF01FE,0,0,0,0,0,0,0,
65730,0,5,0,0,35,0,0,35,0,0,1,0,0,"+35 Degats Physiques","+35 Degats Physiques","+35 Degats Physiques","+35 Degats Physiques","+35 Degats Physiques","+35 Degats Physiques","+35 Degats Physiques","+35 Degats Physiques","+35 Degats Physiques","+35 Degats Physiques","+35 Degats Physiques","+35 Degats Physiques","+35 Degats Physiques","+35 Degats Physiques","+35 Degats Physiques","+35 Degats Physiques",0xFF01FE,0,0,0,0,0,0,0,
65731,0,5,0,0,36,0,0,36,0,0,1,0,0,"+36 Degats Physiques","+36 Degats Physiques","+36 Degats Physiques","+36 Degats Physiques","+36 Degats Physiques","+36 Degats Physiques","+36 Degats Physiques","+36 Degats Physiques","+36 Degats Physiques","+36 Degats Physiques","+36 Degats Physiques","+36 Degats Physiques","+36 Degats Physiques","+36 Degats Physiques","+36 Degats Physiques","+36 Degats Physiques",0xFF01FE,0,0,0,0,0,0,0,
65732,0,5,0,0,37,0,0,37,0,0,1,0,0,"+37 Degats Physiques","+37 Degats Physiques","+37 Degats Physiques","+37 Degats Physiques","+37 Degats Physiques","+37 Degats Physiques","+37 Degats Physiques","+37 Degats Physiques","+37 Degats Physiques","+37 Degats Physiques","+37 Degats Physiques","+37 Degats Physiques","+37 Degats Physiques","+37 Degats Physiques","+37 Degats Physiques","+37 Degats Physiques",0xFF01FE,0,0,0,0,0,0,0,
65733,0,5,0,0,38,0,0,38,0,0,1,0,0,"+38 Degats Physiques","+38 Degats Physiques","+38 Degats Physiques","+38 Degats Physiques","+38 Degats Physiques","+38 Degats Physiques","+38 Degats Physiques","+38 Degats Physiques","+38 Degats Physiques","+38 Degats Physiques","+38 Degats Physiques","+38 Degats Physiques","+38 Degats Physiques","+38 Degats Physiques","+38 Degats Physiques","+38 Degats Physiques",0xFF01FE,0,0,0,0,0,0,0,
65734,0,5,0,0,39,0,0,39,0,0,1,0,0,"+39 Degats Physiques","+39 Degats Physiques","+39 Degats Physiques","+39 Degats Physiques","+39 Degats Physiques","+39 Degats Physiques","+39 Degats Physiques","+39 Degats Physiques","+39 Degats Physiques","+39 Degats Physiques","+39 Degats Physiques","+39 Degats Physiques","+39 Degats Physiques","+39 Degats Physiques","+39 Degats Physiques","+39 Degats Physiques",0xFF01FE,0,0,0,0,0,0,0,
65735,0,5,0,0,40,0,0,40,0,0,1,0,0,"+40 Degats Physiques","+40 Degats Physiques","+40 Degats Physiques","+40 Degats Physiques","+40 Degats Physiques","+40 Degats Physiques","+40 Degats Physiques","+40 Degats Physiques","+40 Degats Physiques","+40 Degats Physiques","+40 Degats Physiques","+40 Degats Physiques","+40 Degats Physiques","+40 Degats Physiques","+40 Degats Physiques","+40 Degats Physiques",0xFF01FE,0,0,0,0,0,0,0,
65736,0,5,0,0,41,0,0,41,0,0,1,0,0,"+41 Degats Physiques","+41 Degats Physiques","+41 Degats Physiques","+41 Degats Physiques","+41 Degats Physiques","+41 Degats Physiques","+41 Degats Physiques","+41 Degats Physiques","+41 Degats Physiques","+41 Degats Physiques","+41 Degats Physiques","+41 Degats Physiques","+41 Degats Physiques","+41 Degats Physiques","+41 Degats Physiques","+41 Degats Physiques",0xFF01FE,0,0,0,0,0,0,0,
65737,0,5,0,0,42,0,0,42,0,0,1,0,0,"+42 Degats Physiques","+42 Degats Physiques","+42 Degats Physiques","+42 Degats Physiques","+42 Degats Physiques","+42 Degats Physiques","+42 Degats Physiques","+42 Degats Physiques","+42 Degats Physiques","+42 Degats Physiques","+42 Degats Physiques","+42 Degats Physiques","+42 Degats Physiques","+42 Degats Physiques","+42 Degats Physiques","+42 Degats Physiques",0xFF01FE,0,0,0,0,0,0,0,
65738,0,5,0,0,43,0,0,43,0,0,1,0,0,"+43 Degats Physiques","+43 Degats Physiques","+43 Degats Physiques","+43 Degats Physiques","+43 Degats Physiques","+43 Degats Physiques","+43 Degats Physiques","+43 Degats Physiques","+43 Degats Physiques","+43 Degats Physiques","+43 Degats Physiques","+43 Degats Physiques","+43 Degats Physiques","+43 Degats Physiques","+43 Degats Physiques","+43 Degats Physiques",0xFF01FE,0,0,0,0,0,0,0,
65739,0,5,0,0,44,0,0,44,0,0,1,0,0,"+44 Degats Physiques","+44 Degats Physiques","+44 Degats Physiques","+44 Degats Physiques","+44 Degats Physiques","+44 Degats Physiques","+44 Degats Physiques","+44 Degats Physiques","+44 Degats Physiques","+44 Degats Physiques","+44 Degats Physiques","+44 Degats Physiques","+44 Degats Physiques","+44 Degats Physiques","+44 Degats Physiques","+44 Degats Physiques",0xFF01FE,0,0,0,0,0,0,0,
65740,0,5,0,0,45,0,0,45,0,0,1,0,0,"+45 Degats Physiques","+45 Degats Physiques","+45 Degats Physiques","+45 Degats Physiques","+45 Degats Physiques","+45 Degats Physiques","+45 Degats Physiques","+45 Degats Physiques","+45 Degats Physiques","+45 Degats Physiques","+45 Degats Physiques","+45 Degats Physiques","+45 Degats Physiques","+45 Degats Physiques","+45 Degats Physiques","+45 Degats Physiques",0xFF01FE,0,0,0,0,0,0,0,
